OBS_VALUE,TIME_FORMAT,UNIT_MULT,COMMENT_OBS,OBS_STATUS,OBS_CONF,AGG_METHOD,DECIMALS,COMMENT_TS,DATA_SOURCE,LATEST_DATA,DATABASE_ID,INDICATOR,REF_AREA,SEX,AGE,URBANISATION,COMP_BREAKDOWN_1,COMP_BREAKDOWN_2,COMP_BREAKDOWN_3,TIME_PERIOD,FREQ,UNIT_MEASURE,UNIT_TYPE
0.356605,P1Y,0,,A,PU,_Z,2,,,False,WB_WDI,WB_WDI_EN_GHG_CO2_PC_CE_AR5,ZMB,_T,_T,_T,_Z,_Z,_Z,2015,A,T,
0.881442,P1Y,0,,A,PU,_Z,2,,,False,WB_WDI,WB_WDI_EN_GHG_CO2_PC_CE_AR5,ZWE,_T,_T,_T,_Z,_Z,_Z,2015,A,T,
1.025492,P1Y,0,,A,PU,_Z,2,,,False,WB_WDI,WB_WDI_EN_GHG_CO2_PC_CE_AR5,AFE,_T,_T,_T,_Z,_Z,_Z,2016,A,T,
0.513942,P1Y,0,,A,PU,_Z,2,,,False,WB_WDI,WB_WDI_EN_GHG_CO2_PC_CE_AR5,AFW,_T,_T,_T,_Z,_Z,_Z,2016,A,T,
4.752467,P1Y,0,,A,PU,_Z,2,,,False,WB_WDI,WB_WDI_EN_GHG_CO2_PC_CE_AR5,ARB,_T,_T,_T,_Z,_Z,_Z,2016,A,T,
9.753709,P1Y,0,,A,PU,_Z,2,,,False,WB_WDI,WB_WDI_EN_GHG_CO2_PC_CE_AR5,CSS,_T,_T,_T,_Z,_Z,_Z,2016,A,T,
6.926306,P1Y,0,,A,PU,_Z,2,,,False,WB_WDI,WB_WDI_EN_GHG_CO2_PC_CE_AR5,CEB,_T,_T,_T,_Z,_Z,_Z,2016,A,T,
2.275728,P1Y,0,,A,PU,_Z,2,,,False,WB_WDI,WB_WDI_EN_GHG_CO2_PC_CE_AR5,EAR,_T,_T,_T,_Z,_Z,_Z,2016,A,T,
6.410155,P1Y,0,,A,PU,_Z,2,,,False,WB_WDI,WB_WDI_EN_GHG_CO2_PC_CE_AR5,EAS,_T,_T,_T,_Z,_Z,_Z,2016,A,T,
5.921205,P1Y,0,,A,PU,_Z,2,,,False,WB_WDI,WB_WDI_EN_GHG_CO2_PC_CE_AR5,EAP,_T,_T,_T,_Z,_Z,_Z,2016,A,T,
5.978449,P1Y,0,,A,PU,_Z,2,,,False,WB_WDI,WB_WDI_EN_GHG_CO2_PC_CE_AR5,TEA,_T,_T,_T,_Z,_Z,_Z,2016,A,T,
7.003019,P1Y,0,,A,PU,_Z,2,,,False,WB_WDI,WB_WDI_EN_GHG_CO2_PC_CE_AR5,EMU,_T,_T,_T,_Z,_Z,_Z,2016,A,T,
7.200809,P1Y,0,,A,PU,_Z,2,,,False,WB_WDI,WB_WDI_EN_GHG_CO2_PC_CE_AR5,ECS,_T,_T,_T,_Z,_Z,_Z,2016,A,T,
0.96635,P1Y,0,,A,PU,_Z,2,,,False,WB_WDI,WB_WDI_EN_GHG_CO2_PC_CE_AR5,YEM,_T,_T,_T,_Z,_Z,_Z,2005,A,T,
0.211071,P1Y,0,,A,PU,_Z,2,,,False,WB_WDI,WB_WDI_EN_GHG_CO2_PC_CE_AR5,ZMB,_T,_T,_T,_Z,_Z,_Z,2005,A,T,
0.922182,P1Y,0,,A,PU,_Z,2,,,False,WB_WDI,WB_WDI_EN_GHG_CO2_PC_CE_AR5,ZWE,_T,_T,_T,_Z,_Z,_Z,2005,A,T,
1.142393,P1Y,0,,A,PU,_Z,2,,,False,WB_WDI,WB_WDI_EN_GHG_CO2_PC_CE_AR5,AFE,_T,_T,_T,_Z,_Z,_Z,2006,A,T,
0.46421,P1Y,0,,A,PU,_Z,2,,,False,WB_WDI,WB_WDI_EN_GHG_CO2_PC_CE_AR5,AFW,_T,_T,_T,_Z,_Z,_Z,2006,A,T,
4.079924,P1Y,0,,A,PU,_Z,2,,,False,WB_WDI,WB_WDI_EN_GHG_CO2_PC_CE_AR5,ARB,_T,_T,_T,_Z,_Z,_Z,2006,A,T,
10.802668,P1Y,0,,A,PU,_Z,2,,,False,WB_WDI,WB_WDI_EN_GHG_CO2_PC_CE_AR5,CSS,_T,_T,_T,_Z,_Z,_Z,2006,A,T,
7.681617,P1Y,0,,A,PU,_Z,2,,,False,WB_WDI,WB_WDI_EN_GHG_CO2_PC_CE_AR5,CEB,_T,_T,_T,_Z,_Z,_Z,2006,A,T,
1.892534,P1Y,0,,A,PU,_Z,2,,,False,WB_WDI,WB_WDI_EN_GHG_CO2_PC_CE_AR5,EAR,_T,_T,_T,_Z,_Z,_Z,2006,A,T,
4.852284,P1Y,0,,A,PU,_Z,2,,,False,WB_WDI,WB_WDI_EN_GHG_CO2_PC_CE_AR5,EAS,_T,_T,_T,_Z,_Z,_Z,2006,A,T,
4.189367,P1Y,0,,A,PU,_Z,2,,,False,WB_WDI,WB_WDI_EN_GHG_CO2_PC_CE_AR5,EAP,_T,_T,_T,_Z,_Z,_Z,2006,A,T,
4.201576,P1Y,0,,A,PU,_Z,2,,,False,WB_WDI,WB_WDI_EN_GHG_CO2_PC_CE_AR5,TEA,_T,_T,_T,_Z,_Z,_Z,2006,A,T,
8.613446,P1Y,0,,A,PU,_Z,2,,,False,WB_WDI,WB_WDI_EN_GHG_CO2_PC_CE_AR5,EMU,_T,_T,_T,_Z,_Z,_Z,2006,A,T,
8.427742,P1Y,0,,A,PU,_Z,2,,,False,WB_WDI,WB_WDI_EN_GHG_CO2_PC_CE_AR5,ECS,_T,_T,_T,_Z,_Z,_Z,2006,A,T,
0.351863,P1Y,0,,A,PU,_Z,2,,,False,WB_WDI,WB_WDI_EN_GHG_CO2_PC_CE_AR5,YEM,_T,_T,_T,_Z,_Z,_Z,2018,A,T,
0.506471,P1Y,0,,A,PU,_Z,2,,,False,WB_WDI,WB_WDI_EN_GHG_CO2_PC_CE_AR5,ZMB,_T,_T,_T,_Z,_Z,_Z,2018,A,T,
0.816285,P1Y,0,,A,PU,_Z,2,,,False,WB_WDI,WB_WDI_EN_GHG_CO2_PC_CE_AR5,ZWE,_T,_T,_T,_Z,_Z,_Z,2018,A,T,
0.984697,P1Y,0,,A,PU,_Z,2,,,False,WB_WDI,WB_WDI_EN_GHG_CO2_PC_CE_AR5,AFE,_T,_T,_T,_Z,_Z,_Z,2019,A,T,
0.517075,P1Y,0,,A,PU,_Z,2,,,False,WB_WDI,WB_WDI_EN_GHG_CO2_PC_CE_AR5,AFW,_T,_T,_T,_Z,_Z,_Z,2019,A,T,
4.57737,P1Y,0,,A,PU,_Z,2,,,False,WB_WDI,WB_WDI_EN_GHG_CO2_PC_CE_AR5,ARB,_T,_T,_T,_Z,_Z,_Z,2019,A,T,
9.575606,P1Y,0,,A,PU,_Z,2,,,False,WB_WDI,WB_WDI_EN_GHG_CO2_PC_CE_AR5,CSS,_T,_T,_T,_Z,_Z,_Z,2019,A,T,
6.856316,P1Y,0,,A,PU,_Z,2,,,False,WB_WDI,WB_WDI_EN_GHG_CO2_PC_CE_AR5,CEB,_T,_T,_T,_Z,_Z,_Z,2019,A,T,
2.345511,P1Y,0,,A,PU,_Z,2,,,False,WB_WDI,WB_WDI_EN_GHG_CO2_PC_CE_AR5,EAR,_T,_T,_T,_Z,_Z,_Z,2019,A,T,
6.846465,P1Y,0,,A,PU,_Z,2,,,False,WB_WDI,WB_WDI_EN_GHG_CO2_PC_CE_AR5,EAS,_T,_T,_T,_Z,_Z,_Z,2019,A,T,
6.463825,P1Y,0,,A,PU,_Z,2,,,False,WB_WDI,WB_WDI_EN_GHG_CO2_PC_CE_AR5,EAP,_T,_T,_T,_Z,_Z,_Z,2019,A,T,
6.509825,P1Y,0,,A,PU,_Z,2,,,False,WB_WDI,WB_WDI_EN_GHG_CO2_PC_CE_AR5,TEA,_T,_T,_T,_Z,_Z,_Z,2019,A,T,
0.593452,P1Y,0,,A,PU,_Z,2,,,False,WB_WDI,WB_WDI_EN_GHG_CO2_PC_CE_AR5,VUT,_T,_T,_T,_Z,_Z,_Z,2012,A,T,
6.557327,P1Y,0,,A,PU,_Z,2,,,False,WB_WDI,WB_WDI_EN_GHG_CO2_PC_CE_AR5,VEN,_T,_T,_T,_Z,_Z,_Z,2012,A,T,
1.745321,P1Y,0,,A,PU,_Z,2,,,False,WB_WDI,WB_WDI_EN_GHG_CO2_PC_CE_AR5,VNM,_T,_T,_T,_Z,_Z,_Z,2012,A,T,
0.001849,P1Y,0,,A,PU,_Z,2,,,False,WB_WDI,WB_WDI_EN_GHG_CO2_PC_CE_AR5,VIR,_T,_T,_T,_Z,_Z,_Z,2012,A,T,
0.77383,P1Y,0,,A,PU,_Z,2,,,False,WB_WDI,WB_WDI_EN_GHG_CO2_PC_CE_AR5,YEM,_T,_T,_T,_Z,_Z,_Z,2012,A,T,
0.289621,P1Y,0,,A,PU,_Z,2,,,False,WB_WDI,WB_WDI_EN_GHG_CO2_PC_CE_AR5,ZMB,_T,_T,_T,_Z,_Z,_Z,2012,A,T,
0.922261,P1Y,0,,A,PU,_Z,2,,,False,WB_WDI,WB_WDI_EN_GHG_CO2_PC_CE_AR5,ZWE,_T,_T,_T,_Z,_Z,_Z,2012,A,T,
1.087644,P1Y,0,,A,PU,_Z,2,,,False,WB_WDI,WB_WDI_EN_GHG_CO2_PC_CE_AR5,AFE,_T,_T,_T,_Z,_Z,_Z,2013,A,T,
0.498999,P1Y,0,,A,PU,_Z,2,,,False,WB_WDI,WB_WDI_EN_GHG_CO2_PC_CE_AR5,AFW,_T,_T,_T,_Z,_Z,_Z,2013,A,T,
4.751353,P1Y,0,,A,PU,_Z,2,,,False,WB_WDI,WB_WDI_EN_GHG_CO2_PC_CE_AR5,ARB,_T,_T,_T,_Z,_Z,_Z,2013,A,T,
10.429783,P1Y,0,,A,PU,_Z,2,,,False,WB_WDI,WB_WDI_EN_GHG_CO2_PC_CE_AR5,CSS,_T,_T,_T,_Z,_Z,_Z,2013,A,T,
1.062242,P1Y,0,,A,PU,_Z,2,,,False,WB_WDI,WB_WDI_EN_GHG_CO2_PC_CE_AR5,AFE,_T,_T,_T,_Z,_Z,_Z,2000,A,T,
0.533538,P1Y,0,,A,PU,_Z,2,,,False,WB_WDI,WB_WDI_EN_GHG_CO2_PC_CE_AR5,AFW,_T,_T,_T,_Z,_Z,_Z,2000,A,T,
3.512152,P1Y,0,,A,PU,_Z,2,,,False,WB_WDI,WB_WDI_EN_GHG_CO2_PC_CE_AR5,ARB,_T,_T,_T,_Z,_Z,_Z,2000,A,T,
6.185663,P1Y,0,,A,PU,_Z,2,,,False,WB_WDI,WB_WDI_EN_GHG_CO2_PC_CE_AR5,CSS,_T,_T,_T,_Z,_Z,_Z,2000,A,T,
7.038905,P1Y,0,,A,PU,_Z,2,,,False,WB_WDI,WB_WDI_EN_GHG_CO2_PC_CE_AR5,CEB,_T,_T,_T,_Z,_Z,_Z,2000,A,T,
5.076796,P1Y,0,,A,PU,_Z,2,,,False,WB_WDI,WB_WDI_EN_GHG_CO2_PC_CE_AR5,UZB,_T,_T,_T,_Z,_Z,_Z,2004,A,T,
0.424868,P1Y,0,,A,PU,_Z,2,,,False,WB_WDI,WB_WDI_EN_GHG_CO2_PC_CE_AR5,VUT,_T,_T,_T,_Z,_Z,_Z,2004,A,T,
5.683342,P1Y,0,,A,PU,_Z,2,,,False,WB_WDI,WB_WDI_EN_GHG_CO2_PC_CE_AR5,VEN,_T,_T,_T,_Z,_Z,_Z,2004,A,T,
1.144244,P1Y,0,,A,PU,_Z,2,,,False,WB_WDI,WB_WDI_EN_GHG_CO2_PC_CE_AR5,VNM,_T,_T,_T,_Z,_Z,_Z,2004,A,T,
0.001844,P1Y,0,,A,PU,_Z,2,,,False,WB_WDI,WB_WDI_EN_GHG_CO2_PC_CE_AR5,VIR,_T,_T,_T,_Z,_Z,_Z,2004,A,T,
0.92513,P1Y,0,,A,PU,_Z,2,,,False,WB_WDI,WB_WDI_EN_GHG_CO2_PC_CE_AR5,YEM,_T,_T,_T,_Z,_Z,_Z,2004,A,T,
0.203154,P1Y,0,,A,PU,_Z,2,,,False,WB_WDI,WB_WDI_EN_GHG_CO2_PC_CE_AR5,ZMB,_T,_T,_T,_Z,_Z,_Z,2004,A,T,
0.838217,P1Y,0,,A,PU,_Z,2,,,False,WB_WDI,WB_WDI_EN_GHG_CO2_PC_CE_AR5,ZWE,_T,_T,_T,_Z,_Z,_Z,2004,A,T,
1.152525,P1Y,0,,A,PU,_Z,2,,,False,WB_WDI,WB_WDI_EN_GHG_CO2_PC_CE_AR5,AFE,_T,_T,_T,_Z,_Z,_Z,2005,A,T,
0.500671,P1Y,0,,A,PU,_Z,2,,,False,WB_WDI,WB_WDI_EN_GHG_CO2_PC_CE_AR5,AFW,_T,_T,_T,_Z,_Z,_Z,2005,A,T,
3.979486,P1Y,0,,A,PU,_Z,2,,,False,WB_WDI,WB_WDI_EN_GHG_CO2_PC_CE_AR5,ARB,_T,_T,_T,_Z,_Z,_Z,2005,A,T,
9.975261,P1Y,0,,A,PU,_Z,2,,,False,WB_WDI,WB_WDI_EN_GHG_CO2_PC_CE_AR5,CSS,_T,_T,_T,_Z,_Z,_Z,2005,A,T,
7.441694,P1Y,0,,A,PU,_Z,2,,,False,WB_WDI,WB_WDI_EN_GHG_CO2_PC_CE_AR5,CEB,_T,_T,_T,_Z,_Z,_Z,2005,A,T,
0.688925,P1Y,0,,A,PU,_Z,2,,,False,WB_WDI,WB_WDI_EN_GHG_CO2_PC_CE_AR5,ZWE,_T,_T,_T,_Z,_Z,_Z,2021,A,T,
0.858132,P1Y,0,,A,PU,_Z,2,,,False,WB_WDI,WB_WDI_EN_GHG_CO2_PC_CE_AR5,AFE,_T,_T,_T,_Z,_Z,_Z,2022,A,T,
0.522597,P1Y,0,,A,PU,_Z,2,,,False,WB_WDI,WB_WDI_EN_GHG_CO2_PC_CE_AR5,AFW,_T,_T,_T,_Z,_Z,_Z,2022,A,T,
4.516559,P1Y,0,,A,PU,_Z,2,,,False,WB_WDI,WB_WDI_EN_GHG_CO2_PC_CE_AR5,ARB,_T,_T,_T,_Z,_Z,_Z,2022,A,T,
8.592136,P1Y,0,,A,PU,_Z,2,,,False,WB_WDI,WB_WDI_EN_GHG_CO2_PC_CE_AR5,CSS,_T,_T,_T,_Z,_Z,_Z,2022,A,T,
6.771835,P1Y,0,,A,PU,_Z,2,,,False,WB_WDI,WB_WDI_EN_GHG_CO2_PC_CE_AR5,CEB,_T,_T,_T,_Z,_Z,_Z,2022,A,T,
2.419441,P1Y,0,,A,PU,_Z,2,,,False,WB_WDI,WB_WDI_EN_GHG_CO2_PC_CE_AR5,EAR,_T,_T,_T,_Z,_Z,_Z,2022,A,T,
7.064184,P1Y,0,,A,PU,_Z,2,,,False,WB_WDI,WB_WDI_EN_GHG_CO2_PC_CE_AR5,EAS,_T,_T,_T,_Z,_Z,_Z,2022,A,T,
6.779929,P1Y,0,,A,PU,_Z,2,,,False,WB_WDI,WB_WDI_EN_GHG_CO2_PC_CE_AR5,EAP,_T,_T,_T,_Z,_Z,_Z,2022,A,T,
6.836828,P1Y,0,,A,PU,_Z,2,,,False,WB_WDI,WB_WDI_EN_GHG_CO2_PC_CE_AR5,TEA,_T,_T,_T,_Z,_Z,_Z,2022,A,T,
6.071957,P1Y,0,,A,PU,_Z,2,,,False,WB_WDI,WB_WDI_EN_GHG_CO2_PC_CE_AR5,EMU,_T,_T,_T,_Z,_Z,_Z,2022,A,T,
6.854822,P1Y,0,,A,PU,_Z,2,,,False,WB_WDI,WB_WDI_EN_GHG_CO2_PC_CE_AR5,ECS,_T,_T,_T,_Z,_Z,_Z,2022,A,T,
5.055706,P1Y,0,,A,PU,_Z,2,,,False,WB_WDI,WB_WDI_EN_GHG_CO2_PC_CE_AR5,ECA,_T,_T,_T,_Z,_Z,_Z,2022,A,T,
7.893425,P1Y,0,,A,PU,_Z,2,,,False,WB_WDI,WB_WDI_EN_GHG_CO2_PC_CE_AR5,TEC,_T,_T,_T,_Z,_Z,_Z,2022,A,T,
0.844245,P1Y,0,,A,PU,_Z,2,,,False,WB_WDI,WB_WDI_EN_GHG_CO2_PC_CE_AR5,SSA,_T,_T,_T,_Z,_Z,_Z,2013,A,T,
0.845002,P1Y,0,,A,PU,_Z,2,,,False,WB_WDI,WB_WDI_EN_GHG_CO2_PC_CE_AR5,TSS,_T,_T,_T,_Z,_Z,_Z,2013,A,T,
5.659229,P1Y,0,,A,PU,_Z,2,,,False,WB_WDI,WB_WDI_EN_GHG_CO2_PC_CE_AR5,UMC,_T,_T,_T,_Z,_Z,_Z,2013,A,T,
4.809362,P1Y,0,,A,PU,_Z,2,,,False,WB_WDI,WB_WDI_EN_GHG_CO2_PC_CE_AR5,WLD,_T,_T,_T,_Z,_Z,_Z,2013,A,T,
0.26654,P1Y,0,,A,PU,_Z,2,,,False,WB_WDI,WB_WDI_EN_GHG_CO2_PC_CE_AR5,AFG,_T,_T,_T,_Z,_Z,_Z,2013,A,T,
1.693456,P1Y,0,,A,PU,_Z,2,,,False,WB_WDI,WB_WDI_EN_GHG_CO2_PC_CE_AR5,ALB,_T,_T,_T,_Z,_Z,_Z,2013,A,T,
3.793616,P1Y,0,,A,PU,_Z,2,,,False,WB_WDI,WB_WDI_EN_GHG_CO2_PC_CE_AR5,DZA,_T,_T,_T,_Z,_Z,_Z,2013,A,T,
0.001852,P1Y,0,,A,PU,_Z,2,,,False,WB_WDI,WB_WDI_EN_GHG_CO2_PC_CE_AR5,ASM,_T,_T,_T,_Z,_Z,_Z,2013,A,T,
1.090526,P1Y,0,,A,PU,_Z,2,,,False,WB_WDI,WB_WDI_EN_GHG_CO2_PC_CE_AR5,AGO,_T,_T,_T,_Z,_Z,_Z,2013,A,T,
2.950127,P1Y,0,,A,PU,_Z,2,,,False,WB_WDI,WB_WDI_EN_GHG_CO2_PC_CE_AR5,ATG,_T,_T,_T,_Z,_Z,_Z,2013,A,T,
4.536587,P1Y,0,,A,PU,_Z,2,,,False,WB_WDI,WB_WDI_EN_GHG_CO2_PC_CE_AR5,ARG,_T,_T,_T,_Z,_Z,_Z,2013,A,T,
1.817637,P1Y,0,,A,PU,_Z,2,,,False,WB_WDI,WB_WDI_EN_GHG_CO2_PC_CE_AR5,ARM,_T,_T,_T,_Z,_Z,_Z,2013,A,T,
3.217087,P1Y,0,,A,PU,_Z,2,,,False,WB_WDI,WB_WDI_EN_GHG_CO2_PC_CE_AR5,GUY,_T,_T,_T,_Z,_Z,_Z,2016,A,T,
0.335287,P1Y,0,,A,PU,_Z,2,,,False,WB_WDI,WB_WDI_EN_GHG_CO2_PC_CE_AR5,HTI,_T,_T,_T,_Z,_Z,_Z,2016,A,T,
1.033968,P1Y,0,,A,PU,_Z,2,,,False,WB_WDI,WB_WDI_EN_GHG_CO2_PC_CE_AR5,HND,_T,_T,_T,_Z,_Z,_Z,2016,A,T,
6.144454,P1Y,0,,A,PU,_Z,2,,,False,WB_WDI,WB_WDI_EN_GHG_CO2_PC_CE_AR5,HKG,_T,_T,_T,_Z,_Z,_Z,2016,A,T,
4.945319,P1Y,0,,A,PU,_Z,2,,,False,WB_WDI,WB_WDI_EN_GHG_CO2_PC_CE_AR5,HUN,_T,_T,_T,_Z,_Z,_Z,2016,A,T,
9.476835,P1Y,0,,A,PU,_Z,2,,,False,WB_WDI,WB_WDI_EN_GHG_CO2_PC_CE_AR5,ISL,_T,_T,_T,_Z,_Z,_Z,2016,A,T,
1.720292,P1Y,0,,A,PU,_Z,2,,,False,WB_WDI,WB_WDI_EN_GHG_CO2_PC_CE_AR5,IND,_T,_T,_T,_Z,_Z,_Z,2016,A,T,
1.916266,P1Y,0,,A,PU,_Z,2,,,False,WB_WDI,WB_WDI_EN_GHG_CO2_PC_CE_AR5,IDN,_T,_T,_T,_Z,_Z,_Z,2016,A,T,
7.663635,P1Y,0,,A,PU,_Z,2,,,False,WB_WDI,WB_WDI_EN_GHG_CO2_PC_CE_AR5,IRN,_T,_T,_T,_Z,_Z,_Z,2016,A,T,
4.030302,P1Y,0,,A,PU,_Z,2,,,False,WB_WDI,WB_WDI_EN_GHG_CO2_PC_CE_AR5,IRQ,_T,_T,_T,_Z,_Z,_Z,2016,A,T,
8.296369,P1Y,0,,A,PU,_Z,2,,,False,WB_WDI,WB_WDI_EN_GHG_CO2_PC_CE_AR5,IRL,_T,_T,_T,_Z,_Z,_Z,2016,A,T,
8.539691,P1Y,0,,A,PU,_Z,2,,,False,WB_WDI,WB_WDI_EN_GHG_CO2_PC_CE_AR5,EUU,_T,_T,_T,_Z,_Z,_Z,2004,A,T,
0.190781,P1Y,0,,A,PU,_Z,2,,,False,WB_WDI,WB_WDI_EN_GHG_CO2_PC_CE_AR5,HPC,_T,_T,_T,_Z,_Z,_Z,2004,A,T,
12.430963,P1Y,0,,A,PU,_Z,2,,,False,WB_WDI,WB_WDI_EN_GHG_CO2_PC_CE_AR5,HIC,_T,_T,_T,_Z,_Z,_Z,2004,A,T,
3.263303,P1Y,0,,A,PU,_Z,2,,,False,WB_WDI,WB_WDI_EN_GHG_CO2_PC_CE_AR5,IBD,_T,_T,_T,_Z,_Z,_Z,2004,A,T,
2.632848,P1Y,0,,A,PU,_Z,2,,,False,WB_WDI,WB_WDI_EN_GHG_CO2_PC_CE_AR5,IBT,_T,_T,_T,_Z,_Z,_Z,2004,A,T,
0.944022,P1Y,0,,A,PU,_Z,2,,,False,WB_WDI,WB_WDI_EN_GHG_CO2_PC_CE_AR5,IDB,_T,_T,_T,_Z,_Z,_Z,2004,A,T,
0.283049,P1Y,0,,A,PU,_Z,2,,,False,WB_WDI,WB_WDI_EN_GHG_CO2_PC_CE_AR5,IDX,_T,_T,_T,_Z,_Z,_Z,2004,A,T,
0.515726,P1Y,0,,A,PU,_Z,2,,,False,WB_WDI,WB_WDI_EN_GHG_CO2_PC_CE_AR5,IDA,_T,_T,_T,_Z,_Z,_Z,2004,A,T,
4.554303,P1Y,0,,A,PU,_Z,2,,,False,WB_WDI,WB_WDI_EN_GHG_CO2_PC_CE_AR5,LTE,_T,_T,_T,_Z,_Z,_Z,2004,A,T,
2.643849,P1Y,0,,A,PU,_Z,2,,,False,WB_WDI,WB_WDI_EN_GHG_CO2_PC_CE_AR5,LCN,_T,_T,_T,_Z,_Z,_Z,2004,A,T,
2.55557,P1Y,0,,A,PU,_Z,2,,,False,WB_WDI,WB_WDI_EN_GHG_CO2_PC_CE_AR5,LAC,_T,_T,_T,_Z,_Z,_Z,2004,A,T,
2.622409,P1Y,0,,A,PU,_Z,2,,,False,WB_WDI,WB_WDI_EN_GHG_CO2_PC_CE_AR5,TLA,_T,_T,_T,_Z,_Z,_Z,2004,A,T,
0.207569,P1Y,0,,A,PU,_Z,2,,,False,WB_WDI,WB_WDI_EN_GHG_CO2_PC_CE_AR5,LDC,_T,_T,_T,_Z,_Z,_Z,2004,A,T,
2.306829,P1Y,0,,A,PU,_Z,2,,,False,WB_WDI,WB_WDI_EN_GHG_CO2_PC_CE_AR5,LMY,_T,_T,_T,_Z,_Z,_Z,2004,A,T,
0.424411,P1Y,0,,A,PU,_Z,2,,,False,WB_WDI,WB_WDI_EN_GHG_CO2_PC_CE_AR5,LIC,_T,_T,_T,_Z,_Z,_Z,2004,A,T,
1.70438,P1Y,0,,A,PU,_Z,2,,,False,WB_WDI,WB_WDI_EN_GHG_CO2_PC_CE_AR5,CPV,_T,_T,_T,_Z,_Z,_Z,2011,A,T,
0.364413,P1Y,0,,A,PU,_Z,2,,,False,WB_WDI,WB_WDI_EN_GHG_CO2_PC_CE_AR5,KHM,_T,_T,_T,_Z,_Z,_Z,2011,A,T,
0.36721,P1Y,0,,A,PU,_Z,2,,,False,WB_WDI,WB_WDI_EN_GHG_CO2_PC_CE_AR5,CMR,_T,_T,_T,_Z,_Z,_Z,2011,A,T,
16.767495,P1Y,0,,A,PU,_Z,2,,,False,WB_WDI,WB_WDI_EN_GHG_CO2_PC_CE_AR5,CAN,_T,_T,_T,_Z,_Z,_Z,2011,A,T,
3.589541,P1Y,0,,A,PU,_Z,2,,,False,WB_WDI,WB_WDI_EN_GHG_CO2_PC_CE_AR5,CYM,_T,_T,_T,_Z,_Z,_Z,2011,A,T,
0.047645,P1Y,0,,A,PU,_Z,2,,,False,WB_WDI,WB_WDI_EN_GHG_CO2_PC_CE_AR5,CAF,_T,_T,_T,_Z,_Z,_Z,2011,A,T,
0.053595,P1Y,0,,A,PU,_Z,2,,,False,WB_WDI,WB_WDI_EN_GHG_CO2_PC_CE_AR5,TCD,_T,_T,_T,_Z,_Z,_Z,2011,A,T,
4.557177,P1Y,0,,A,PU,_Z,2,,,False,WB_WDI,WB_WDI_EN_GHG_CO2_PC_CE_AR5,CHL,_T,_T,_T,_Z,_Z,_Z,2011,A,T,
7.401851,P1Y,0,,A,PU,_Z,2,,,False,WB_WDI,WB_WDI_EN_GHG_CO2_PC_CE_AR5,CHN,_T,_T,_T,_Z,_Z,_Z,2011,A,T,
1.616636,P1Y,0,,A,PU,_Z,2,,,False,WB_WDI,WB_WDI_EN_GHG_CO2_PC_CE_AR5,COL,_T,_T,_T,_Z,_Z,_Z,2011,A,T,
0.210761,P1Y,0,,A,PU,_Z,2,,,False,WB_WDI,WB_WDI_EN_GHG_CO2_PC_CE_AR5,COM,_T,_T,_T,_Z,_Z,_Z,2011,A,T,
1.823645,P1Y,0,,A,PU,_Z,2,,,False,WB_WDI,WB_WDI_EN_GHG_CO2_PC_CE_AR5,COL,_T,_T,_T,_Z,_Z,_Z,2014,A,T,
0.217146,P1Y,0,,A,PU,_Z,2,,,False,WB_WDI,WB_WDI_EN_GHG_CO2_PC_CE_AR5,COM,_T,_T,_T,_Z,_Z,_Z,2014,A,T,
0.047399,P1Y,0,,A,PU,_Z,2,,,False,WB_WDI,WB_WDI_EN_GHG_CO2_PC_CE_AR5,COD,_T,_T,_T,_Z,_Z,_Z,2014,A,T,
1.060536,P1Y,0,,A,PU,_Z,2,,,False,WB_WDI,WB_WDI_EN_GHG_CO2_PC_CE_AR5,COG,_T,_T,_T,_Z,_Z,_Z,2014,A,T,
1.687854,P1Y,0,,A,PU,_Z,2,,,False,WB_WDI,WB_WDI_EN_GHG_CO2_PC_CE_AR5,CRI,_T,_T,_T,_Z,_Z,_Z,2014,A,T,
0.426425,P1Y,0,,A,PU,_Z,2,,,False,WB_WDI,WB_WDI_EN_GHG_CO2_PC_CE_AR5,CIV,_T,_T,_T,_Z,_Z,_Z,2014,A,T,
4.207233,P1Y,0,,A,PU,_Z,2,,,False,WB_WDI,WB_WDI_EN_GHG_CO2_PC_CE_AR5,HRV,_T,_T,_T,_Z,_Z,_Z,2014,A,T,
2.384028,P1Y,0,,A,PU,_Z,2,,,False,WB_WDI,WB_WDI_EN_GHG_CO2_PC_CE_AR5,CUB,_T,_T,_T,_Z,_Z,_Z,2014,A,T,
5.67257,P1Y,0,,A,PU,_Z,2,,,False,WB_WDI,WB_WDI_EN_GHG_CO2_PC_CE_AR5,CYP,_T,_T,_T,_Z,_Z,_Z,2014,A,T,
10.188652,P1Y,0,,A,PU,_Z,2,,,False,WB_WDI,WB_WDI_EN_GHG_CO2_PC_CE_AR5,CZE,_T,_T,_T,_Z,_Z,_Z,2014,A,T,
1.795453,P1Y,0,,A,PU,_Z,2,,,False,WB_WDI,WB_WDI_EN_GHG_CO2_PC_CE_AR5,IND,_T,_T,_T,_Z,_Z,_Z,2017,A,T,
2.003943,P1Y,0,,A,PU,_Z,2,,,False,WB_WDI,WB_WDI_EN_GHG_CO2_PC_CE_AR5,IDN,_T,_T,_T,_Z,_Z,_Z,2017,A,T,
7.837307,P1Y,0,,A,PU,_Z,2,,,False,WB_WDI,WB_WDI_EN_GHG_CO2_PC_CE_AR5,IRN,_T,_T,_T,_Z,_Z,_Z,2017,A,T,
4.254107,P1Y,0,,A,PU,_Z,2,,,False,WB_WDI,WB_WDI_EN_GHG_CO2_PC_CE_AR5,IRQ,_T,_T,_T,_Z,_Z,_Z,2017,A,T,
7.92618,P1Y,0,,A,PU,_Z,2,,,False,WB_WDI,WB_WDI_EN_GHG_CO2_PC_CE_AR5,IRL,_T,_T,_T,_Z,_Z,_Z,2017,A,T,
7.783836,P1Y,0,,A,PU,_Z,2,,,False,WB_WDI,WB_WDI_EN_GHG_CO2_PC_CE_AR5,ISR,_T,_T,_T,_Z,_Z,_Z,2017,A,T,
5.761145,P1Y,0,,A,PU,_Z,2,,,False,WB_WDI,WB_WDI_EN_GHG_CO2_PC_CE_AR5,ITA,_T,_T,_T,_Z,_Z,_Z,2017,A,T,
2.595246,P1Y,0,,A,PU,_Z,2,,,False,WB_WDI,WB_WDI_EN_GHG_CO2_PC_CE_AR5,JAM,_T,_T,_T,_Z,_Z,_Z,2017,A,T,
9.552833,P1Y,0,,A,PU,_Z,2,,,False,WB_WDI,WB_WDI_EN_GHG_CO2_PC_CE_AR5,JPN,_T,_T,_T,_Z,_Z,_Z,2017,A,T,
2.594256,P1Y,0,,A,PU,_Z,2,,,False,WB_WDI,WB_WDI_EN_GHG_CO2_PC_CE_AR5,JOR,_T,_T,_T,_Z,_Z,_Z,2017,A,T,
6.48603,P1Y,0,,A,PU,_Z,2,,,False,WB_WDI,WB_WDI_EN_GHG_CO2_PC_CE_AR5,EMU,_T,_T,_T,_Z,_Z,_Z,2019,A,T,
7.041391,P1Y,0,,A,PU,_Z,2,,,False,WB_WDI,WB_WDI_EN_GHG_CO2_PC_CE_AR5,ECS,_T,_T,_T,_Z,_Z,_Z,2019,A,T,
5.061468,P1Y,0,,A,PU,_Z,2,,,False,WB_WDI,WB_WDI_EN_GHG_CO2_PC_CE_AR5,ECA,_T,_T,_T,_Z,_Z,_Z,2019,A,T,
7.787962,P1Y,0,,A,PU,_Z,2,,,False,WB_WDI,WB_WDI_EN_GHG_CO2_PC_CE_AR5,TEC,_T,_T,_T,_Z,_Z,_Z,2019,A,T,
6.507753,P1Y,0,,A,PU,_Z,2,,,False,WB_WDI,WB_WDI_EN_GHG_CO2_PC_CE_AR5,EUU,_T,_T,_T,_Z,_Z,_Z,2019,A,T,
0.314811,P1Y,0,,A,PU,_Z,2,,,False,WB_WDI,WB_WDI_EN_GHG_CO2_PC_CE_AR5,HPC,_T,_T,_T,_Z,_Z,_Z,2019,A,T,
10.610662,P1Y,0,,A,PU,_Z,2,,,False,WB_WDI,WB_WDI_EN_GHG_CO2_PC_CE_AR5,HIC,_T,_T,_T,_Z,_Z,_Z,2019,A,T,
4.799387,P1Y,0,,A,PU,_Z,2,,,False,WB_WDI,WB_WDI_EN_GHG_CO2_PC_CE_AR5,IBD,_T,_T,_T,_Z,_Z,_Z,2019,A,T,
3.68527,P1Y,0,,A,PU,_Z,2,,,False,WB_WDI,WB_WDI_EN_GHG_CO2_PC_CE_AR5,IBT,_T,_T,_T,_Z,_Z,_Z,2019,A,T,
0.837924,P1Y,0,,A,PU,_Z,2,,,False,WB_WDI,WB_WDI_EN_GHG_CO2_PC_CE_AR5,IDB,_T,_T,_T,_Z,_Z,_Z,2019,A,T,
0.440167,P1Y,0,,A,PU,_Z,2,,,False,WB_WDI,WB_WDI_EN_GHG_CO2_PC_CE_AR5,IDX,_T,_T,_T,_Z,_Z,_Z,2019,A,T,
0.580845,P1Y,0,,A,PU,_Z,2,,,False,WB_WDI,WB_WDI_EN_GHG_CO2_PC_CE_AR5,IDA,_T,_T,_T,_Z,_Z,_Z,2019,A,T,
7.321807,P1Y,0,,A,PU,_Z,2,,,False,WB_WDI,WB_WDI_EN_GHG_CO2_PC_CE_AR5,LTE,_T,_T,_T,_Z,_Z,_Z,2019,A,T,
0.922264,P1Y,0,,A,PU,_Z,2,,,False,WB_WDI,WB_WDI_EN_GHG_CO2_PC_CE_AR5,HND,_T,_T,_T,_Z,_Z,_Z,2018,A,T,
5.91191,P1Y,0,,A,PU,_Z,2,,,False,WB_WDI,WB_WDI_EN_GHG_CO2_PC_CE_AR5,HKG,_T,_T,_T,_Z,_Z,_Z,2018,A,T,
5.280693,P1Y,0,,A,PU,_Z,2,,,False,WB_WDI,WB_WDI_EN_GHG_CO2_PC_CE_AR5,HUN,_T,_T,_T,_Z,_Z,_Z,2018,A,T,
9.340527,P1Y,0,,A,PU,_Z,2,,,False,WB_WDI,WB_WDI_EN_GHG_CO2_PC_CE_AR5,ISL,_T,_T,_T,_Z,_Z,_Z,2018,A,T,
1.859893,P1Y,0,,A,PU,_Z,2,,,False,WB_WDI,WB_WDI_EN_GHG_CO2_PC_CE_AR5,IND,_T,_T,_T,_Z,_Z,_Z,2018,A,T,
2.209539,P1Y,0,,A,PU,_Z,2,,,False,WB_WDI,WB_WDI_EN_GHG_CO2_PC_CE_AR5,IDN,_T,_T,_T,_Z,_Z,_Z,2018,A,T,
7.680739,P1Y,0,,A,PU,_Z,2,,,False,WB_WDI,WB_WDI_EN_GHG_CO2_PC_CE_AR5,IRN,_T,_T,_T,_Z,_Z,_Z,2018,A,T,
4.493731,P1Y,0,,A,PU,_Z,2,,,False,WB_WDI,WB_WDI_EN_GHG_CO2_PC_CE_AR5,IRQ,_T,_T,_T,_Z,_Z,_Z,2018,A,T,
7.763379,P1Y,0,,A,PU,_Z,2,,,False,WB_WDI,WB_WDI_EN_GHG_CO2_PC_CE_AR5,IRL,_T,_T,_T,_Z,_Z,_Z,2018,A,T,
7.148444,P1Y,0,,A,PU,_Z,2,,,False,WB_WDI,WB_WDI_EN_GHG_CO2_PC_CE_AR5,ISR,_T,_T,_T,_Z,_Z,_Z,2018,A,T,
5.684522,P1Y,0,,A,PU,_Z,2,,,False,WB_WDI,WB_WDI_EN_GHG_CO2_PC_CE_AR5,ITA,_T,_T,_T,_Z,_Z,_Z,2018,A,T,
1.687396,P1Y,0,,A,PU,_Z,2,,,False,WB_WDI,WB_WDI_EN_GHG_CO2_PC_CE_AR5,ALB,_T,_T,_T,_Z,_Z,_Z,2016,A,T,
3.934956,P1Y,0,,A,PU,_Z,2,,,False,WB_WDI,WB_WDI_EN_GHG_CO2_PC_CE_AR5,DZA,_T,_T,_T,_Z,_Z,_Z,2016,A,T,
0.001914,P1Y,0,,A,PU,_Z,2,,,False,WB_WDI,WB_WDI_EN_GHG_CO2_PC_CE_AR5,ASM,_T,_T,_T,_Z,_Z,_Z,2016,A,T,
1.071676,P1Y,0,,A,PU,_Z,2,,,False,WB_WDI,WB_WDI_EN_GHG_CO2_PC_CE_AR5,AGO,_T,_T,_T,_Z,_Z,_Z,2016,A,T,
3.500094,P1Y,0,,A,PU,_Z,2,,,False,WB_WDI,WB_WDI_EN_GHG_CO2_PC_CE_AR5,ATG,_T,_T,_T,_Z,_Z,_Z,2016,A,T,
4.422301,P1Y,0,,A,PU,_Z,2,,,False,WB_WDI,WB_WDI_EN_GHG_CO2_PC_CE_AR5,ARG,_T,_T,_T,_Z,_Z,_Z,2016,A,T,
1.796244,P1Y,0,,A,PU,_Z,2,,,False,WB_WDI,WB_WDI_EN_GHG_CO2_PC_CE_AR5,ARM,_T,_T,_T,_Z,_Z,_Z,2016,A,T,
4.464392,P1Y,0,,A,PU,_Z,2,,,False,WB_WDI,WB_WDI_EN_GHG_CO2_PC_CE_AR5,ABW,_T,_T,_T,_Z,_Z,_Z,2016,A,T,
16.89119,P1Y,0,,A,PU,_Z,2,,,False,WB_WDI,WB_WDI_EN_GHG_CO2_PC_CE_AR5,AUS,_T,_T,_T,_Z,_Z,_Z,2016,A,T,
7.757477,P1Y,0,,A,PU,_Z,2,,,False,WB_WDI,WB_WDI_EN_GHG_CO2_PC_CE_AR5,AUT,_T,_T,_T,_Z,_Z,_Z,2016,A,T,
3.526969,P1Y,0,,A,PU,_Z,2,,,False,WB_WDI,WB_WDI_EN_GHG_CO2_PC_CE_AR5,AZE,_T,_T,_T,_Z,_Z,_Z,2016,A,T,
3.209597,P1Y,0,,A,PU,_Z,2,,,False,WB_WDI,WB_WDI_EN_GHG_CO2_PC_CE_AR5,BHS,_T,_T,_T,_Z,_Z,_Z,2016,A,T,
3.604386,P1Y,0,,A,PU,_Z,2,,,False,WB_WDI,WB_WDI_EN_GHG_CO2_PC_CE_AR5,IBT,_T,_T,_T,_Z,_Z,_Z,2014,A,T,
0.847092,P1Y,0,,A,PU,_Z,2,,,False,WB_WDI,WB_WDI_EN_GHG_CO2_PC_CE_AR5,IDB,_T,_T,_T,_Z,_Z,_Z,2014,A,T,
0.359759,P1Y,0,,A,PU,_Z,2,,,False,WB_WDI,WB_WDI_EN_GHG_CO2_PC_CE_AR5,IDX,_T,_T,_T,_Z,_Z,_Z,2014,A,T,
0.533697,P1Y,0,,A,PU,_Z,2,,,False,WB_WDI,WB_WDI_EN_GHG_CO2_PC_CE_AR5,IDA,_T,_T,_T,_Z,_Z,_Z,2014,A,T,
6.992209,P1Y,0,,A,PU,_Z,2,,,False,WB_WDI,WB_WDI_EN_GHG_CO2_PC_CE_AR5,LTE,_T,_T,_T,_Z,_Z,_Z,2014,A,T,
3.057189,P1Y,0,,A,PU,_Z,2,,,False,WB_WDI,WB_WDI_EN_GHG_CO2_PC_CE_AR5,LCN,_T,_T,_T,_Z,_Z,_Z,2014,A,T,
2.977624,P1Y,0,,A,PU,_Z,2,,,False,WB_WDI,WB_WDI_EN_GHG_CO2_PC_CE_AR5,LAC,_T,_T,_T,_Z,_Z,_Z,2014,A,T,
3.069428,P1Y,0,,A,PU,_Z,2,,,False,WB_WDI,WB_WDI_EN_GHG_CO2_PC_CE_AR5,TLA,_T,_T,_T,_Z,_Z,_Z,2014,A,T,
0.315104,P1Y,0,,A,PU,_Z,2,,,False,WB_WDI,WB_WDI_EN_GHG_CO2_PC_CE_AR5,LDC,_T,_T,_T,_Z,_Z,_Z,2014,A,T,
3.34967,P1Y,0,,A,PU,_Z,2,,,False,WB_WDI,WB_WDI_EN_GHG_CO2_PC_CE_AR5,LMY,_T,_T,_T,_Z,_Z,_Z,2014,A,T,
0.317919,P1Y,0,,A,PU,_Z,2,,,False,WB_WDI,WB_WDI_EN_GHG_CO2_PC_CE_AR5,LIC,_T,_T,_T,_Z,_Z,_Z,2014,A,T,
1.382024,P1Y,0,,A,PU,_Z,2,,,False,WB_WDI,WB_WDI_EN_GHG_CO2_PC_CE_AR5,LMC,_T,_T,_T,_Z,_Z,_Z,2014,A,T,
7.904528,P1Y,0,,A,PU,_Z,2,,,False,WB_WDI,WB_WDI_EN_GHG_CO2_PC_CE_AR5,ISR,_T,_T,_T,_Z,_Z,_Z,2016,A,T,
5.808341,P1Y,0,,A,PU,_Z,2,,,False,WB_WDI,WB_WDI_EN_GHG_CO2_PC_CE_AR5,ITA,_T,_T,_T,_Z,_Z,_Z,2016,A,T,
2.713748,P1Y,0,,A,PU,_Z,2,,,False,WB_WDI,WB_WDI_EN_GHG_CO2_PC_CE_AR5,JAM,_T,_T,_T,_Z,_Z,_Z,2016,A,T,
9.668653,P1Y,0,,A,PU,_Z,2,,,False,WB_WDI,WB_WDI_EN_GHG_CO2_PC_CE_AR5,JPN,_T,_T,_T,_Z,_Z,_Z,2016,A,T,
2.521924,P1Y,0,,A,PU,_Z,2,,,False,WB_WDI,WB_WDI_EN_GHG_CO2_PC_CE_AR5,JOR,_T,_T,_T,_Z,_Z,_Z,2016,A,T,
11.769201,P1Y,0,,A,PU,_Z,2,,,False,WB_WDI,WB_WDI_EN_GHG_CO2_PC_CE_AR5,KAZ,_T,_T,_T,_Z,_Z,_Z,2016,A,T,
0.384367,P1Y,0,,A,PU,_Z,2,,,False,WB_WDI,WB_WDI_EN_GHG_CO2_PC_CE_AR5,KEN,_T,_T,_T,_Z,_Z,_Z,2016,A,T,
0.572258,P1Y,0,,A,PU,_Z,2,,,False,WB_WDI,WB_WDI_EN_GHG_CO2_PC_CE_AR5,KIR,_T,_T,_T,_Z,_Z,_Z,2016,A,T,
1.401924,P1Y,0,,A,PU,_Z,2,,,False,WB_WDI,WB_WDI_EN_GHG_CO2_PC_CE_AR5,PRK,_T,_T,_T,_Z,_Z,_Z,2016,A,T,
12.667779,P1Y,0,,A,PU,_Z,2,,,False,WB_WDI,WB_WDI_EN_GHG_CO2_PC_CE_AR5,KOR,_T,_T,_T,_Z,_Z,_Z,2016,A,T,
4.153092,P1Y,0,,A,PU,_Z,2,,,False,WB_WDI,WB_WDI_EN_GHG_CO2_PC_CE_AR5,WLD,_T,_T,_T,_Z,_Z,_Z,2003,A,T,
0.044745,P1Y,0,,A,PU,_Z,2,,,False,WB_WDI,WB_WDI_EN_GHG_CO2_PC_CE_AR5,AFG,_T,_T,_T,_Z,_Z,_Z,2003,A,T,
1.38557,P1Y,0,,A,PU,_Z,2,,,False,WB_WDI,WB_WDI_EN_GHG_CO2_PC_CE_AR5,ALB,_T,_T,_T,_Z,_Z,_Z,2003,A,T,
2.999343,P1Y,0,,A,PU,_Z,2,,,False,WB_WDI,WB_WDI_EN_GHG_CO2_PC_CE_AR5,DZA,_T,_T,_T,_Z,_Z,_Z,2003,A,T,
0.001755,P1Y,0,,A,PU,_Z,2,,,False,WB_WDI,WB_WDI_EN_GHG_CO2_PC_CE_AR5,ASM,_T,_T,_T,_Z,_Z,_Z,2003,A,T,
0.965781,P1Y,0,,A,PU,_Z,2,,,False,WB_WDI,WB_WDI_EN_GHG_CO2_PC_CE_AR5,AGO,_T,_T,_T,_Z,_Z,_Z,2003,A,T,
2.101844,P1Y,0,,A,PU,_Z,2,,,False,WB_WDI,WB_WDI_EN_GHG_CO2_PC_CE_AR5,ATG,_T,_T,_T,_Z,_Z,_Z,2003,A,T,
3.518489,P1Y,0,,A,PU,_Z,2,,,False,WB_WDI,WB_WDI_EN_GHG_CO2_PC_CE_AR5,ARG,_T,_T,_T,_Z,_Z,_Z,2003,A,T,
1.090589,P1Y,0,,A,PU,_Z,2,,,False,WB_WDI,WB_WDI_EN_GHG_CO2_PC_CE_AR5,ARM,_T,_T,_T,_Z,_Z,_Z,2003,A,T,
3.67666,P1Y,0,,A,PU,_Z,2,,,False,WB_WDI,WB_WDI_EN_GHG_CO2_PC_CE_AR5,ABW,_T,_T,_T,_Z,_Z,_Z,2003,A,T,
18.667669,P1Y,0,,A,PU,_Z,2,,,False,WB_WDI,WB_WDI_EN_GHG_CO2_PC_CE_AR5,AUS,_T,_T,_T,_Z,_Z,_Z,2003,A,T,
9.625074,P1Y,0,,A,PU,_Z,2,,,False,WB_WDI,WB_WDI_EN_GHG_CO2_PC_CE_AR5,AUT,_T,_T,_T,_Z,_Z,_Z,2003,A,T,
3.616121,P1Y,0,,A,PU,_Z,2,,,False,WB_WDI,WB_WDI_EN_GHG_CO2_PC_CE_AR5,AZE,_T,_T,_T,_Z,_Z,_Z,2003,A,T,
4.483323,P1Y,0,,A,PU,_Z,2,,,False,WB_WDI,WB_WDI_EN_GHG_CO2_PC_CE_AR5,TUR,_T,_T,_T,_Z,_Z,_Z,2011,A,T,
11.637365,P1Y,0,,A,PU,_Z,2,,,False,WB_WDI,WB_WDI_EN_GHG_CO2_PC_CE_AR5,TKM,_T,_T,_T,_Z,_Z,_Z,2011,A,T,
1.812228,P1Y,0,,A,PU,_Z,2,,,False,WB_WDI,WB_WDI_EN_GHG_CO2_PC_CE_AR5,TCA,_T,_T,_T,_Z,_Z,_Z,2011,A,T,
0,P1Y,0,,A,PU,_Z,2,,,False,WB_WDI,WB_WDI_EN_GHG_CO2_PC_CE_AR5,TUV,_T,_T,_T,_Z,_Z,_Z,2011,A,T,
0.127803,P1Y,0,,A,PU,_Z,2,,,False,WB_WDI,WB_WDI_EN_GHG_CO2_PC_CE_AR5,UGA,_T,_T,_T,_Z,_Z,_Z,2011,A,T,
7.197596,P1Y,0,,A,PU,_Z,2,,,False,WB_WDI,WB_WDI_EN_GHG_CO2_PC_CE_AR5,UKR,_T,_T,_T,_Z,_Z,_Z,2011,A,T,
24.949856,P1Y,0,,A,PU,_Z,2,,,False,WB_WDI,WB_WDI_EN_GHG_CO2_PC_CE_AR5,ARE,_T,_T,_T,_Z,_Z,_Z,2011,A,T,
7.259172,P1Y,0,,A,PU,_Z,2,,,False,WB_WDI,WB_WDI_EN_GHG_CO2_PC_CE_AR5,GBR,_T,_T,_T,_Z,_Z,_Z,2011,A,T,
17.020389,P1Y,0,,A,PU,_Z,2,,,False,WB_WDI,WB_WDI_EN_GHG_CO2_PC_CE_AR5,USA,_T,_T,_T,_Z,_Z,_Z,2011,A,T,
2.34076,P1Y,0,,A,PU,_Z,2,,,False,WB_WDI,WB_WDI_EN_GHG_CO2_PC_CE_AR5,URY,_T,_T,_T,_Z,_Z,_Z,2011,A,T,
4.81134,P1Y,0,,A,PU,_Z,2,,,False,WB_WDI,WB_WDI_EN_GHG_CO2_PC_CE_AR5,UZB,_T,_T,_T,_Z,_Z,_Z,2011,A,T,
0.738066,P1Y,0,,A,PU,_Z,2,,,False,WB_WDI,WB_WDI_EN_GHG_CO2_PC_CE_AR5,VUT,_T,_T,_T,_Z,_Z,_Z,2011,A,T,
0.403516,P1Y,0,,A,PU,_Z,2,,,False,WB_WDI,WB_WDI_EN_GHG_CO2_PC_CE_AR5,CMR,_T,_T,_T,_Z,_Z,_Z,2015,A,T,
16.087029,P1Y,0,,A,PU,_Z,2,,,False,WB_WDI,WB_WDI_EN_GHG_CO2_PC_CE_AR5,CAN,_T,_T,_T,_Z,_Z,_Z,2015,A,T,
4.070277,P1Y,0,,A,PU,_Z,2,,,False,WB_WDI,WB_WDI_EN_GHG_CO2_PC_CE_AR5,CYM,_T,_T,_T,_Z,_Z,_Z,2015,A,T,
0.050418,P1Y,0,,A,PU,_Z,2,,,False,WB_WDI,WB_WDI_EN_GHG_CO2_PC_CE_AR5,CAF,_T,_T,_T,_Z,_Z,_Z,2015,A,T,
0.110148,P1Y,0,,A,PU,_Z,2,,,False,WB_WDI,WB_WDI_EN_GHG_CO2_PC_CE_AR5,TCD,_T,_T,_T,_Z,_Z,_Z,2015,A,T,
4.675396,P1Y,0,,A,PU,_Z,2,,,False,WB_WDI,WB_WDI_EN_GHG_CO2_PC_CE_AR5,CHL,_T,_T,_T,_Z,_Z,_Z,2015,A,T,
7.79057,P1Y,0,,A,PU,_Z,2,,,False,WB_WDI,WB_WDI_EN_GHG_CO2_PC_CE_AR5,CHN,_T,_T,_T,_Z,_Z,_Z,2015,A,T,
1.835568,P1Y,0,,A,PU,_Z,2,,,False,WB_WDI,WB_WDI_EN_GHG_CO2_PC_CE_AR5,COL,_T,_T,_T,_Z,_Z,_Z,2015,A,T,
0.235591,P1Y,0,,A,PU,_Z,2,,,False,WB_WDI,WB_WDI_EN_GHG_CO2_PC_CE_AR5,COM,_T,_T,_T,_Z,_Z,_Z,2015,A,T,
0.044335,P1Y,0,,A,PU,_Z,2,,,False,WB_WDI,WB_WDI_EN_GHG_CO2_PC_CE_AR5,COD,_T,_T,_T,_Z,_Z,_Z,2015,A,T,
0.62921,P1Y,0,,A,PU,_Z,2,,,False,WB_WDI,WB_WDI_EN_GHG_CO2_PC_CE_AR5,BLZ,_T,_T,_T,_Z,_Z,_Z,2009,A,T,
0.492617,P1Y,0,,A,PU,_Z,2,,,False,WB_WDI,WB_WDI_EN_GHG_CO2_PC_CE_AR5,BEN,_T,_T,_T,_Z,_Z,_Z,2009,A,T,
3.849603,P1Y,0,,A,PU,_Z,2,,,False,WB_WDI,WB_WDI_EN_GHG_CO2_PC_CE_AR5,BMU,_T,_T,_T,_Z,_Z,_Z,2009,A,T,
1.154343,P1Y,0,,A,PU,_Z,2,,,False,WB_WDI,WB_WDI_EN_GHG_CO2_PC_CE_AR5,BTN,_T,_T,_T,_Z,_Z,_Z,2009,A,T,
1.363721,P1Y,0,,A,PU,_Z,2,,,False,WB_WDI,WB_WDI_EN_GHG_CO2_PC_CE_AR5,BOL,_T,_T,_T,_Z,_Z,_Z,2009,A,T,
5.582796,P1Y,0,,A,PU,_Z,2,,,False,WB_WDI,WB_WDI_EN_GHG_CO2_PC_CE_AR5,BIH,_T,_T,_T,_Z,_Z,_Z,2009,A,T,
2.07362,P1Y,0,,A,PU,_Z,2,,,False,WB_WDI,WB_WDI_EN_GHG_CO2_PC_CE_AR5,BWA,_T,_T,_T,_Z,_Z,_Z,2009,A,T,
2.007463,P1Y,0,,A,PU,_Z,2,,,False,WB_WDI,WB_WDI_EN_GHG_CO2_PC_CE_AR5,BRA,_T,_T,_T,_Z,_Z,_Z,2009,A,T,
2.329341,P1Y,0,,A,PU,_Z,2,,,False,WB_WDI,WB_WDI_EN_GHG_CO2_PC_CE_AR5,VGB,_T,_T,_T,_Z,_Z,_Z,2009,A,T,
20.836104,P1Y,0,,A,PU,_Z,2,,,False,WB_WDI,WB_WDI_EN_GHG_CO2_PC_CE_AR5,BRN,_T,_T,_T,_Z,_Z,_Z,2009,A,T,
6.251119,P1Y,0,,A,PU,_Z,2,,,False,WB_WDI,WB_WDI_EN_GHG_CO2_PC_CE_AR5,BGR,_T,_T,_T,_Z,_Z,_Z,2009,A,T,
0.140107,P1Y,0,,A,PU,_Z,2,,,False,WB_WDI,WB_WDI_EN_GHG_CO2_PC_CE_AR5,TCD,_T,_T,_T,_Z,_Z,_Z,2020,A,T,
4.517707,P1Y,0,,A,PU,_Z,2,,,False,WB_WDI,WB_WDI_EN_GHG_CO2_PC_CE_AR5,CHL,_T,_T,_T,_Z,_Z,_Z,2020,A,T,
8.478583,P1Y,0,,A,PU,_Z,2,,,False,WB_WDI,WB_WDI_EN_GHG_CO2_PC_CE_AR5,CHN,_T,_T,_T,_Z,_Z,_Z,2020,A,T,
1.665072,P1Y,0,,A,PU,_Z,2,,,False,WB_WDI,WB_WDI_EN_GHG_CO2_PC_CE_AR5,COL,_T,_T,_T,_Z,_Z,_Z,2020,A,T,
0.334969,P1Y,0,,A,PU,_Z,2,,,False,WB_WDI,WB_WDI_EN_GHG_CO2_PC_CE_AR5,COM,_T,_T,_T,_Z,_Z,_Z,2020,A,T,
0.048249,P1Y,0,,A,PU,_Z,2,,,False,WB_WDI,WB_WDI_EN_GHG_CO2_PC_CE_AR5,COD,_T,_T,_T,_Z,_Z,_Z,2020,A,T,
1.286854,P1Y,0,,A,PU,_Z,2,,,False,WB_WDI,WB_WDI_EN_GHG_CO2_PC_CE_AR5,COG,_T,_T,_T,_Z,_Z,_Z,2020,A,T,
1.425297,P1Y,0,,A,PU,_Z,2,,,False,WB_WDI,WB_WDI_EN_GHG_CO2_PC_CE_AR5,CRI,_T,_T,_T,_Z,_Z,_Z,2020,A,T,
0.45955,P1Y,0,,A,PU,_Z,2,,,False,WB_WDI,WB_WDI_EN_GHG_CO2_PC_CE_AR5,CIV,_T,_T,_T,_Z,_Z,_Z,2020,A,T,
4.392078,P1Y,0,,A,PU,_Z,2,,,False,WB_WDI,WB_WDI_EN_GHG_CO2_PC_CE_AR5,HRV,_T,_T,_T,_Z,_Z,_Z,2020,A,T,
4.024368,P1Y,0,,A,PU,_Z,2,,,False,WB_WDI,WB_WDI_EN_GHG_CO2_PC_CE_AR5,MAC,_T,_T,_T,_Z,_Z,_Z,2016,A,T,
0.124571,P1Y,0,,A,PU,_Z,2,,,False,WB_WDI,WB_WDI_EN_GHG_CO2_PC_CE_AR5,MDG,_T,_T,_T,_Z,_Z,_Z,2016,A,T,
0.279415,P1Y,0,,A,PU,_Z,2,,,False,WB_WDI,WB_WDI_EN_GHG_CO2_PC_CE_AR5,MWI,_T,_T,_T,_Z,_Z,_Z,2016,A,T,
7.785044,P1Y,0,,A,PU,_Z,2,,,False,WB_WDI,WB_WDI_EN_GHG_CO2_PC_CE_AR5,MYS,_T,_T,_T,_Z,_Z,_Z,2016,A,T,
3.911727,P1Y,0,,A,PU,_Z,2,,,False,WB_WDI,WB_WDI_EN_GHG_CO2_PC_CE_AR5,MDV,_T,_T,_T,_Z,_Z,_Z,2016,A,T,
0.238624,P1Y,0,,A,PU,_Z,2,,,False,WB_WDI,WB_WDI_EN_GHG_CO2_PC_CE_AR5,MLI,_T,_T,_T,_Z,_Z,_Z,2016,A,T,
3.004367,P1Y,0,,A,PU,_Z,2,,,False,WB_WDI,WB_WDI_EN_GHG_CO2_PC_CE_AR5,MLT,_T,_T,_T,_Z,_Z,_Z,2016,A,T,
0.002096,P1Y,0,,A,PU,_Z,2,,,False,WB_WDI,WB_WDI_EN_GHG_CO2_PC_CE_AR5,MHL,_T,_T,_T,_Z,_Z,_Z,2016,A,T,
0.642261,P1Y,0,,A,PU,_Z,2,,,False,WB_WDI,WB_WDI_EN_GHG_CO2_PC_CE_AR5,MRT,_T,_T,_T,_Z,_Z,_Z,2016,A,T,
3.216546,P1Y,0,,A,PU,_Z,2,,,False,WB_WDI,WB_WDI_EN_GHG_CO2_PC_CE_AR5,MUS,_T,_T,_T,_Z,_Z,_Z,2016,A,T,
4.061045,P1Y,0,,A,PU,_Z,2,,,False,WB_WDI,WB_WDI_EN_GHG_CO2_PC_CE_AR5,MEX,_T,_T,_T,_Z,_Z,_Z,2016,A,T,
0.527943,P1Y,0,,A,PU,_Z,2,,,False,WB_WDI,WB_WDI_EN_GHG_CO2_PC_CE_AR5,KIR,_T,_T,_T,_Z,_Z,_Z,2013,A,T,
1.496614,P1Y,0,,A,PU,_Z,2,,,False,WB_WDI,WB_WDI_EN_GHG_CO2_PC_CE_AR5,PRK,_T,_T,_T,_Z,_Z,_Z,2013,A,T,
12.731733,P1Y,0,,A,PU,_Z,2,,,False,WB_WDI,WB_WDI_EN_GHG_CO2_PC_CE_AR5,KOR,_T,_T,_T,_Z,_Z,_Z,2013,A,T,
26.761281,P1Y,0,,A,PU,_Z,2,,,False,WB_WDI,WB_WDI_EN_GHG_CO2_PC_CE_AR5,KWT,_T,_T,_T,_Z,_Z,_Z,2013,A,T,
1.676709,P1Y,0,,A,PU,_Z,2,,,False,WB_WDI,WB_WDI_EN_GHG_CO2_PC_CE_AR5,KGZ,_T,_T,_T,_Z,_Z,_Z,2013,A,T,
0.596607,P1Y,0,,A,PU,_Z,2,,,False,WB_WDI,WB_WDI_EN_GHG_CO2_PC_CE_AR5,LAO,_T,_T,_T,_Z,_Z,_Z,2013,A,T,
3.865258,P1Y,0,,A,PU,_Z,2,,,False,WB_WDI,WB_WDI_EN_GHG_CO2_PC_CE_AR5,LVA,_T,_T,_T,_Z,_Z,_Z,2013,A,T,
4.022784,P1Y,0,,A,PU,_Z,2,,,False,WB_WDI,WB_WDI_EN_GHG_CO2_PC_CE_AR5,LBN,_T,_T,_T,_Z,_Z,_Z,2013,A,T,
0.282567,P1Y,0,,A,PU,_Z,2,,,False,WB_WDI,WB_WDI_EN_GHG_CO2_PC_CE_AR5,LSO,_T,_T,_T,_Z,_Z,_Z,2013,A,T,
0.202987,P1Y,0,,A,PU,_Z,2,,,False,WB_WDI,WB_WDI_EN_GHG_CO2_PC_CE_AR5,LBR,_T,_T,_T,_Z,_Z,_Z,2013,A,T,
9.930673,P1Y,0,,A,PU,_Z,2,,,False,WB_WDI,WB_WDI_EN_GHG_CO2_PC_CE_AR5,LBY,_T,_T,_T,_Z,_Z,_Z,2013,A,T,
5.829139,P1Y,0,,A,PU,_Z,2,,,False,WB_WDI,WB_WDI_EN_GHG_CO2_PC_CE_AR5,BIH,_T,_T,_T,_Z,_Z,_Z,2010,A,T,
1.663559,P1Y,0,,A,PU,_Z,2,,,False,WB_WDI,WB_WDI_EN_GHG_CO2_PC_CE_AR5,BWA,_T,_T,_T,_Z,_Z,_Z,2010,A,T,
2.271128,P1Y,0,,A,PU,_Z,2,,,False,WB_WDI,WB_WDI_EN_GHG_CO2_PC_CE_AR5,BRA,_T,_T,_T,_Z,_Z,_Z,2010,A,T,
2.547425,P1Y,0,,A,PU,_Z,2,,,False,WB_WDI,WB_WDI_EN_GHG_CO2_PC_CE_AR5,VGB,_T,_T,_T,_Z,_Z,_Z,2010,A,T,
18.809325,P1Y,0,,A,PU,_Z,2,,,False,WB_WDI,WB_WDI_EN_GHG_CO2_PC_CE_AR5,BRN,_T,_T,_T,_Z,_Z,_Z,2010,A,T,
6.694441,P1Y,0,,A,PU,_Z,2,,,False,WB_WDI,WB_WDI_EN_GHG_CO2_PC_CE_AR5,BGR,_T,_T,_T,_Z,_Z,_Z,2010,A,T,
0.121306,P1Y,0,,A,PU,_Z,2,,,False,WB_WDI,WB_WDI_EN_GHG_CO2_PC_CE_AR5,BFA,_T,_T,_T,_Z,_Z,_Z,2010,A,T,
0.034117,P1Y,0,,A,PU,_Z,2,,,False,WB_WDI,WB_WDI_EN_GHG_CO2_PC_CE_AR5,BDI,_T,_T,_T,_Z,_Z,_Z,2010,A,T,
1.470819,P1Y,0,,A,PU,_Z,2,,,False,WB_WDI,WB_WDI_EN_GHG_CO2_PC_CE_AR5,CPV,_T,_T,_T,_Z,_Z,_Z,2010,A,T,
0.355796,P1Y,0,,A,PU,_Z,2,,,False,WB_WDI,WB_WDI_EN_GHG_CO2_PC_CE_AR5,KHM,_T,_T,_T,_Z,_Z,_Z,2010,A,T,
5.844609,P1Y,0,,A,PU,_Z,2,,,False,WB_WDI,WB_WDI_EN_GHG_CO2_PC_CE_AR5,CYM,_T,_T,_T,_Z,_Z,_Z,2019,A,T,
0.061156,P1Y,0,,A,PU,_Z,2,,,False,WB_WDI,WB_WDI_EN_GHG_CO2_PC_CE_AR5,CAF,_T,_T,_T,_Z,_Z,_Z,2019,A,T,
0.141712,P1Y,0,,A,PU,_Z,2,,,False,WB_WDI,WB_WDI_EN_GHG_CO2_PC_CE_AR5,TCD,_T,_T,_T,_Z,_Z,_Z,2019,A,T,
4.961395,P1Y,0,,A,PU,_Z,2,,,False,WB_WDI,WB_WDI_EN_GHG_CO2_PC_CE_AR5,CHL,_T,_T,_T,_Z,_Z,_Z,2019,A,T,
8.391476,P1Y,0,,A,PU,_Z,2,,,False,WB_WDI,WB_WDI_EN_GHG_CO2_PC_CE_AR5,CHN,_T,_T,_T,_Z,_Z,_Z,2019,A,T,
1.724387,P1Y,0,,A,PU,_Z,2,,,False,WB_WDI,WB_WDI_EN_GHG_CO2_PC_CE_AR5,COL,_T,_T,_T,_Z,_Z,_Z,2019,A,T,
0.287321,P1Y,0,,A,PU,_Z,2,,,False,WB_WDI,WB_WDI_EN_GHG_CO2_PC_CE_AR5,COM,_T,_T,_T,_Z,_Z,_Z,2019,A,T,
0.047832,P1Y,0,,A,PU,_Z,2,,,False,WB_WDI,WB_WDI_EN_GHG_CO2_PC_CE_AR5,COD,_T,_T,_T,_Z,_Z,_Z,2019,A,T,
1.288915,P1Y,0,,A,PU,_Z,2,,,False,WB_WDI,WB_WDI_EN_GHG_CO2_PC_CE_AR5,COG,_T,_T,_T,_Z,_Z,_Z,2019,A,T,
1.638747,P1Y,0,,A,PU,_Z,2,,,False,WB_WDI,WB_WDI_EN_GHG_CO2_PC_CE_AR5,CRI,_T,_T,_T,_Z,_Z,_Z,2019,A,T,
0.467605,P1Y,0,,A,PU,_Z,2,,,False,WB_WDI,WB_WDI_EN_GHG_CO2_PC_CE_AR5,CIV,_T,_T,_T,_Z,_Z,_Z,2019,A,T,
6.768264,P1Y,0,,A,PU,_Z,2,,,False,WB_WDI,WB_WDI_EN_GHG_CO2_PC_CE_AR5,BIH,_T,_T,_T,_Z,_Z,_Z,2016,A,T,
3.021511,P1Y,0,,A,PU,_Z,2,,,False,WB_WDI,WB_WDI_EN_GHG_CO2_PC_CE_AR5,BWA,_T,_T,_T,_Z,_Z,_Z,2016,A,T,
2.375335,P1Y,0,,A,PU,_Z,2,,,False,WB_WDI,WB_WDI_EN_GHG_CO2_PC_CE_AR5,BRA,_T,_T,_T,_Z,_Z,_Z,2016,A,T,
2.278765,P1Y,0,,A,PU,_Z,2,,,False,WB_WDI,WB_WDI_EN_GHG_CO2_PC_CE_AR5,VGB,_T,_T,_T,_Z,_Z,_Z,2016,A,T,
18.475363,P1Y,0,,A,PU,_Z,2,,,False,WB_WDI,WB_WDI_EN_GHG_CO2_PC_CE_AR5,BRN,_T,_T,_T,_Z,_Z,_Z,2016,A,T,
6.836256,P1Y,0,,A,PU,_Z,2,,,False,WB_WDI,WB_WDI_EN_GHG_CO2_PC_CE_AR5,BGR,_T,_T,_T,_Z,_Z,_Z,2016,A,T,
0.203332,P1Y,0,,A,PU,_Z,2,,,False,WB_WDI,WB_WDI_EN_GHG_CO2_PC_CE_AR5,BFA,_T,_T,_T,_Z,_Z,_Z,2016,A,T,
0.043232,P1Y,0,,A,PU,_Z,2,,,False,WB_WDI,WB_WDI_EN_GHG_CO2_PC_CE_AR5,BDI,_T,_T,_T,_Z,_Z,_Z,2016,A,T,
1.620122,P1Y,0,,A,PU,_Z,2,,,False,WB_WDI,WB_WDI_EN_GHG_CO2_PC_CE_AR5,CPV,_T,_T,_T,_Z,_Z,_Z,2016,A,T,
0.668405,P1Y,0,,A,PU,_Z,2,,,False,WB_WDI,WB_WDI_EN_GHG_CO2_PC_CE_AR5,KHM,_T,_T,_T,_Z,_Z,_Z,2016,A,T,
0.413632,P1Y,0,,A,PU,_Z,2,,,False,WB_WDI,WB_WDI_EN_GHG_CO2_PC_CE_AR5,CMR,_T,_T,_T,_Z,_Z,_Z,2016,A,T,
103.371487,P1Y,0,,A,PU,_Z,2,,,False,WB_WDI,WB_WDI_EN_GHG_CO2_PC_CE_AR5,PLW,_T,_T,_T,_Z,_Z,_Z,2013,A,T,
2.682723,P1Y,0,,A,PU,_Z,2,,,False,WB_WDI,WB_WDI_EN_GHG_CO2_PC_CE_AR5,PAN,_T,_T,_T,_Z,_Z,_Z,2013,A,T,
0.55123,P1Y,0,,A,PU,_Z,2,,,False,WB_WDI,WB_WDI_EN_GHG_CO2_PC_CE_AR5,PNG,_T,_T,_T,_Z,_Z,_Z,2013,A,T,
0.942926,P1Y,0,,A,PU,_Z,2,,,False,WB_WDI,WB_WDI_EN_GHG_CO2_PC_CE_AR5,PRY,_T,_T,_T,_Z,_Z,_Z,2013,A,T,
1.687693,P1Y,0,,A,PU,_Z,2,,,False,WB_WDI,WB_WDI_EN_GHG_CO2_PC_CE_AR5,PER,_T,_T,_T,_Z,_Z,_Z,2013,A,T,
0.955039,P1Y,0,,A,PU,_Z,2,,,False,WB_WDI,WB_WDI_EN_GHG_CO2_PC_CE_AR5,PHL,_T,_T,_T,_Z,_Z,_Z,2013,A,T,
8.283078,P1Y,0,,A,PU,_Z,2,,,False,WB_WDI,WB_WDI_EN_GHG_CO2_PC_CE_AR5,POL,_T,_T,_T,_Z,_Z,_Z,2013,A,T,
4.60337,P1Y,0,,A,PU,_Z,2,,,False,WB_WDI,WB_WDI_EN_GHG_CO2_PC_CE_AR5,PRT,_T,_T,_T,_Z,_Z,_Z,2013,A,T,
3.012094,P1Y,0,,A,PU,_Z,2,,,False,WB_WDI,WB_WDI_EN_GHG_CO2_PC_CE_AR5,PRI,_T,_T,_T,_Z,_Z,_Z,2013,A,T,
53.293683,P1Y,0,,A,PU,_Z,2,,,False,WB_WDI,WB_WDI_EN_GHG_CO2_PC_CE_AR5,QAT,_T,_T,_T,_Z,_Z,_Z,2013,A,T,
3.979805,P1Y,0,,A,PU,_Z,2,,,False,WB_WDI,WB_WDI_EN_GHG_CO2_PC_CE_AR5,ROU,_T,_T,_T,_Z,_Z,_Z,2013,A,T,
4.021476,P1Y,0,,A,PU,_Z,2,,,False,WB_WDI,WB_WDI_EN_GHG_CO2_PC_CE_AR5,SUR,_T,_T,_T,_Z,_Z,_Z,2013,A,T,
4.579871,P1Y,0,,A,PU,_Z,2,,,False,WB_WDI,WB_WDI_EN_GHG_CO2_PC_CE_AR5,SWE,_T,_T,_T,_Z,_Z,_Z,2013,A,T,
5.514253,P1Y,0,,A,PU,_Z,2,,,False,WB_WDI,WB_WDI_EN_GHG_CO2_PC_CE_AR5,CHE,_T,_T,_T,_Z,_Z,_Z,2013,A,T,
1.439753,P1Y,0,,A,PU,_Z,2,,,False,WB_WDI,WB_WDI_EN_GHG_CO2_PC_CE_AR5,SYR,_T,_T,_T,_Z,_Z,_Z,2013,A,T,
0.437388,P1Y,0,,A,PU,_Z,2,,,False,WB_WDI,WB_WDI_EN_GHG_CO2_PC_CE_AR5,TJK,_T,_T,_T,_Z,_Z,_Z,2013,A,T,
0.237456,P1Y,0,,A,PU,_Z,2,,,False,WB_WDI,WB_WDI_EN_GHG_CO2_PC_CE_AR5,TZA,_T,_T,_T,_Z,_Z,_Z,2013,A,T,
3.950994,P1Y,0,,A,PU,_Z,2,,,False,WB_WDI,WB_WDI_EN_GHG_CO2_PC_CE_AR5,THA,_T,_T,_T,_Z,_Z,_Z,2013,A,T,
0.654616,P1Y,0,,A,PU,_Z,2,,,False,WB_WDI,WB_WDI_EN_GHG_CO2_PC_CE_AR5,TLS,_T,_T,_T,_Z,_Z,_Z,2013,A,T,
0.284078,P1Y,0,,A,PU,_Z,2,,,False,WB_WDI,WB_WDI_EN_GHG_CO2_PC_CE_AR5,TGO,_T,_T,_T,_Z,_Z,_Z,2013,A,T,
1.115075,P1Y,0,,A,PU,_Z,2,,,False,WB_WDI,WB_WDI_EN_GHG_CO2_PC_CE_AR5,TON,_T,_T,_T,_Z,_Z,_Z,2013,A,T,
1.911441,P1Y,0,,A,PU,_Z,2,,,False,WB_WDI,WB_WDI_EN_GHG_CO2_PC_CE_AR5,ARM,_T,_T,_T,_Z,_Z,_Z,2014,A,T,
4.129879,P1Y,0,,A,PU,_Z,2,,,False,WB_WDI,WB_WDI_EN_GHG_CO2_PC_CE_AR5,ABW,_T,_T,_T,_Z,_Z,_Z,2014,A,T,
16.887357,P1Y,0,,A,PU,_Z,2,,,False,WB_WDI,WB_WDI_EN_GHG_CO2_PC_CE_AR5,AUS,_T,_T,_T,_Z,_Z,_Z,2014,A,T,
7.713954,P1Y,0,,A,PU,_Z,2,,,False,WB_WDI,WB_WDI_EN_GHG_CO2_PC_CE_AR5,AUT,_T,_T,_T,_Z,_Z,_Z,2014,A,T,
3.641784,P1Y,0,,A,PU,_Z,2,,,False,WB_WDI,WB_WDI_EN_GHG_CO2_PC_CE_AR5,AZE,_T,_T,_T,_Z,_Z,_Z,2014,A,T,
2.972289,P1Y,0,,A,PU,_Z,2,,,False,WB_WDI,WB_WDI_EN_GHG_CO2_PC_CE_AR5,BHS,_T,_T,_T,_Z,_Z,_Z,2014,A,T,
25.323948,P1Y,0,,A,PU,_Z,2,,,False,WB_WDI,WB_WDI_EN_GHG_CO2_PC_CE_AR5,BHR,_T,_T,_T,_Z,_Z,_Z,2014,A,T,
0.485261,P1Y,0,,A,PU,_Z,2,,,False,WB_WDI,WB_WDI_EN_GHG_CO2_PC_CE_AR5,BGD,_T,_T,_T,_Z,_Z,_Z,2014,A,T,
2.396281,P1Y,0,,A,PU,_Z,2,,,False,WB_WDI,WB_WDI_EN_GHG_CO2_PC_CE_AR5,BRB,_T,_T,_T,_Z,_Z,_Z,2014,A,T,
6.770471,P1Y,0,,A,PU,_Z,2,,,False,WB_WDI,WB_WDI_EN_GHG_CO2_PC_CE_AR5,BLR,_T,_T,_T,_Z,_Z,_Z,2014,A,T,
8.723312,P1Y,0,,A,PU,_Z,2,,,False,WB_WDI,WB_WDI_EN_GHG_CO2_PC_CE_AR5,BEL,_T,_T,_T,_Z,_Z,_Z,2014,A,T,
5.037286,P1Y,0,,A,PU,_Z,2,,,False,WB_WDI,WB_WDI_EN_GHG_CO2_PC_CE_AR5,SUR,_T,_T,_T,_Z,_Z,_Z,2016,A,T,
4.281934,P1Y,0,,A,PU,_Z,2,,,False,WB_WDI,WB_WDI_EN_GHG_CO2_PC_CE_AR5,SWE,_T,_T,_T,_Z,_Z,_Z,2016,A,T,
4.871235,P1Y,0,,A,PU,_Z,2,,,False,WB_WDI,WB_WDI_EN_GHG_CO2_PC_CE_AR5,CHE,_T,_T,_T,_Z,_Z,_Z,2016,A,T,
1.348204,P1Y,0,,A,PU,_Z,2,,,False,WB_WDI,WB_WDI_EN_GHG_CO2_PC_CE_AR5,SYR,_T,_T,_T,_Z,_Z,_Z,2016,A,T,
0.644681,P1Y,0,,A,PU,_Z,2,,,False,WB_WDI,WB_WDI_EN_GHG_CO2_PC_CE_AR5,TJK,_T,_T,_T,_Z,_Z,_Z,2016,A,T,
0.262647,P1Y,0,,A,PU,_Z,2,,,False,WB_WDI,WB_WDI_EN_GHG_CO2_PC_CE_AR5,TZA,_T,_T,_T,_Z,_Z,_Z,2016,A,T,
3.919904,P1Y,0,,A,PU,_Z,2,,,False,WB_WDI,WB_WDI_EN_GHG_CO2_PC_CE_AR5,THA,_T,_T,_T,_Z,_Z,_Z,2016,A,T,
0.538055,P1Y,0,,A,PU,_Z,2,,,False,WB_WDI,WB_WDI_EN_GHG_CO2_PC_CE_AR5,TLS,_T,_T,_T,_Z,_Z,_Z,2016,A,T,
0.295505,P1Y,0,,A,PU,_Z,2,,,False,WB_WDI,WB_WDI_EN_GHG_CO2_PC_CE_AR5,TGO,_T,_T,_T,_Z,_Z,_Z,2016,A,T,
1.357037,P1Y,0,,A,PU,_Z,2,,,False,WB_WDI,WB_WDI_EN_GHG_CO2_PC_CE_AR5,TON,_T,_T,_T,_Z,_Z,_Z,2016,A,T,
22.163907,P1Y,0,,A,PU,_Z,2,,,False,WB_WDI,WB_WDI_EN_GHG_CO2_PC_CE_AR5,ARE,_T,_T,_T,_Z,_Z,_Z,2017,A,T,
5.771509,P1Y,0,,A,PU,_Z,2,,,False,WB_WDI,WB_WDI_EN_GHG_CO2_PC_CE_AR5,GBR,_T,_T,_T,_Z,_Z,_Z,2017,A,T,
15.184713,P1Y,0,,A,PU,_Z,2,,,False,WB_WDI,WB_WDI_EN_GHG_CO2_PC_CE_AR5,USA,_T,_T,_T,_Z,_Z,_Z,2017,A,T,
1.89093,P1Y,0,,A,PU,_Z,2,,,False,WB_WDI,WB_WDI_EN_GHG_CO2_PC_CE_AR5,URY,_T,_T,_T,_Z,_Z,_Z,2017,A,T,
3.716809,P1Y,0,,A,PU,_Z,2,,,False,WB_WDI,WB_WDI_EN_GHG_CO2_PC_CE_AR5,UZB,_T,_T,_T,_Z,_Z,_Z,2017,A,T,
0.597472,P1Y,0,,A,PU,_Z,2,,,False,WB_WDI,WB_WDI_EN_GHG_CO2_PC_CE_AR5,VUT,_T,_T,_T,_Z,_Z,_Z,2017,A,T,
4.971709,P1Y,0,,A,PU,_Z,2,,,False,WB_WDI,WB_WDI_EN_GHG_CO2_PC_CE_AR5,VEN,_T,_T,_T,_Z,_Z,_Z,2017,A,T,
2.408712,P1Y,0,,A,PU,_Z,2,,,False,WB_WDI,WB_WDI_EN_GHG_CO2_PC_CE_AR5,VNM,_T,_T,_T,_Z,_Z,_Z,2017,A,T,
0.001864,P1Y,0,,A,PU,_Z,2,,,False,WB_WDI,WB_WDI_EN_GHG_CO2_PC_CE_AR5,VIR,_T,_T,_T,_Z,_Z,_Z,2017,A,T,
0.296939,P1Y,0,,A,PU,_Z,2,,,False,WB_WDI,WB_WDI_EN_GHG_CO2_PC_CE_AR5,YEM,_T,_T,_T,_Z,_Z,_Z,2017,A,T,
0.460883,P1Y,0,,A,PU,_Z,2,,,False,WB_WDI,WB_WDI_EN_GHG_CO2_PC_CE_AR5,ZMB,_T,_T,_T,_Z,_Z,_Z,2017,A,T,
24.904886,P1Y,0,,A,PU,_Z,2,,,False,WB_WDI,WB_WDI_EN_GHG_CO2_PC_CE_AR5,TTO,_T,_T,_T,_Z,_Z,_Z,2016,A,T,
2.59022,P1Y,0,,A,PU,_Z,2,,,False,WB_WDI,WB_WDI_EN_GHG_CO2_PC_CE_AR5,TUN,_T,_T,_T,_Z,_Z,_Z,2016,A,T,
4.935332,P1Y,0,,A,PU,_Z,2,,,False,WB_WDI,WB_WDI_EN_GHG_CO2_PC_CE_AR5,TUR,_T,_T,_T,_Z,_Z,_Z,2016,A,T,
10.580073,P1Y,0,,A,PU,_Z,2,,,False,WB_WDI,WB_WDI_EN_GHG_CO2_PC_CE_AR5,TKM,_T,_T,_T,_Z,_Z,_Z,2016,A,T,
2.299361,P1Y,0,,A,PU,_Z,2,,,False,WB_WDI,WB_WDI_EN_GHG_CO2_PC_CE_AR5,TCA,_T,_T,_T,_Z,_Z,_Z,2016,A,T,
0,P1Y,0,,A,PU,_Z,2,,,False,WB_WDI,WB_WDI_EN_GHG_CO2_PC_CE_AR5,TUV,_T,_T,_T,_Z,_Z,_Z,2016,A,T,
0.154689,P1Y,0,,A,PU,_Z,2,,,False,WB_WDI,WB_WDI_EN_GHG_CO2_PC_CE_AR5,UGA,_T,_T,_T,_Z,_Z,_Z,2016,A,T,
4.981628,P1Y,0,,A,PU,_Z,2,,,False,WB_WDI,WB_WDI_EN_GHG_CO2_PC_CE_AR5,UKR,_T,_T,_T,_Z,_Z,_Z,2016,A,T,
23.774845,P1Y,0,,A,PU,_Z,2,,,False,WB_WDI,WB_WDI_EN_GHG_CO2_PC_CE_AR5,ARE,_T,_T,_T,_Z,_Z,_Z,2016,A,T,
5.972951,P1Y,0,,A,PU,_Z,2,,,False,WB_WDI,WB_WDI_EN_GHG_CO2_PC_CE_AR5,GBR,_T,_T,_T,_Z,_Z,_Z,2016,A,T,
15.504548,P1Y,0,,A,PU,_Z,2,,,False,WB_WDI,WB_WDI_EN_GHG_CO2_PC_CE_AR5,USA,_T,_T,_T,_Z,_Z,_Z,2016,A,T,
2.020902,P1Y,0,,A,PU,_Z,2,,,False,WB_WDI,WB_WDI_EN_GHG_CO2_PC_CE_AR5,URY,_T,_T,_T,_Z,_Z,_Z,2016,A,T,
7.753377,P1Y,0,,A,PU,_Z,2,,,False,WB_WDI,WB_WDI_EN_GHG_CO2_PC_CE_AR5,MNG,_T,_T,_T,_Z,_Z,_Z,2019,A,T,
1.984745,P1Y,0,,A,PU,_Z,2,,,False,WB_WDI,WB_WDI_EN_GHG_CO2_PC_CE_AR5,MAR,_T,_T,_T,_Z,_Z,_Z,2019,A,T,
0.288756,P1Y,0,,A,PU,_Z,2,,,False,WB_WDI,WB_WDI_EN_GHG_CO2_PC_CE_AR5,MOZ,_T,_T,_T,_Z,_Z,_Z,2019,A,T,
0.653318,P1Y,0,,A,PU,_Z,2,,,False,WB_WDI,WB_WDI_EN_GHG_CO2_PC_CE_AR5,MMR,_T,_T,_T,_Z,_Z,_Z,2019,A,T,
1.455427,P1Y,0,,A,PU,_Z,2,,,False,WB_WDI,WB_WDI_EN_GHG_CO2_PC_CE_AR5,NAM,_T,_T,_T,_Z,_Z,_Z,2019,A,T,
0,P1Y,0,,A,PU,_Z,2,,,False,WB_WDI,WB_WDI_EN_GHG_CO2_PC_CE_AR5,NRU,_T,_T,_T,_Z,_Z,_Z,2019,A,T,
0.473751,P1Y,0,,A,PU,_Z,2,,,False,WB_WDI,WB_WDI_EN_GHG_CO2_PC_CE_AR5,NPL,_T,_T,_T,_Z,_Z,_Z,2019,A,T,
9.107844,P1Y,0,,A,PU,_Z,2,,,False,WB_WDI,WB_WDI_EN_GHG_CO2_PC_CE_AR5,NLD,_T,_T,_T,_Z,_Z,_Z,2019,A,T,
20.393433,P1Y,0,,A,PU,_Z,2,,,False,WB_WDI,WB_WDI_EN_GHG_CO2_PC_CE_AR5,NCL,_T,_T,_T,_Z,_Z,_Z,2019,A,T,
7.493572,P1Y,0,,A,PU,_Z,2,,,False,WB_WDI,WB_WDI_EN_GHG_CO2_PC_CE_AR5,NZL,_T,_T,_T,_Z,_Z,_Z,2019,A,T,
0.821126,P1Y,0,,A,PU,_Z,2,,,False,WB_WDI,WB_WDI_EN_GHG_CO2_PC_CE_AR5,NIC,_T,_T,_T,_Z,_Z,_Z,2019,A,T,
0.27203,P1Y,0,,A,PU,_Z,2,,,False,WB_WDI,WB_WDI_EN_GHG_CO2_PC_CE_AR5,BFA,_T,_T,_T,_Z,_Z,_Z,2023,A,T,
0.06936,P1Y,0,,A,PU,_Z,2,,,False,WB_WDI,WB_WDI_EN_GHG_CO2_PC_CE_AR5,BDI,_T,_T,_T,_Z,_Z,_Z,2023,A,T,
1.245953,P1Y,0,,A,PU,_Z,2,,,False,WB_WDI,WB_WDI_EN_GHG_CO2_PC_CE_AR5,CPV,_T,_T,_T,_Z,_Z,_Z,2023,A,T,
1.085648,P1Y,0,,A,PU,_Z,2,,,False,WB_WDI,WB_WDI_EN_GHG_CO2_PC_CE_AR5,KHM,_T,_T,_T,_Z,_Z,_Z,2023,A,T,
0.364185,P1Y,0,,A,PU,_Z,2,,,False,WB_WDI,WB_WDI_EN_GHG_CO2_PC_CE_AR5,CMR,_T,_T,_T,_Z,_Z,_Z,2023,A,T,
14.160045,P1Y,0,,A,PU,_Z,2,,,False,WB_WDI,WB_WDI_EN_GHG_CO2_PC_CE_AR5,CAN,_T,_T,_T,_Z,_Z,_Z,2023,A,T,
4.920726,P1Y,0,,A,PU,_Z,2,,,False,WB_WDI,WB_WDI_EN_GHG_CO2_PC_CE_AR5,CYM,_T,_T,_T,_Z,_Z,_Z,2023,A,T,
0.064533,P1Y,0,,A,PU,_Z,2,,,False,WB_WDI,WB_WDI_EN_GHG_CO2_PC_CE_AR5,CAF,_T,_T,_T,_Z,_Z,_Z,2023,A,T,
0.150566,P1Y,0,,A,PU,_Z,2,,,False,WB_WDI,WB_WDI_EN_GHG_CO2_PC_CE_AR5,TCD,_T,_T,_T,_Z,_Z,_Z,2023,A,T,
3.91719,P1Y,0,,A,PU,_Z,2,,,False,WB_WDI,WB_WDI_EN_GHG_CO2_PC_CE_AR5,CHL,_T,_T,_T,_Z,_Z,_Z,2023,A,T,
9.230276,P1Y,0,,A,PU,_Z,2,,,False,WB_WDI,WB_WDI_EN_GHG_CO2_PC_CE_AR5,CHN,_T,_T,_T,_Z,_Z,_Z,2023,A,T,
1.77361,P1Y,0,,A,PU,_Z,2,,,False,WB_WDI,WB_WDI_EN_GHG_CO2_PC_CE_AR5,COL,_T,_T,_T,_Z,_Z,_Z,2023,A,T,
0.515412,P1Y,0,,A,PU,_Z,2,,,False,WB_WDI,WB_WDI_EN_GHG_CO2_PC_CE_AR5,COM,_T,_T,_T,_Z,_Z,_Z,2023,A,T,
0.762858,P1Y,0,,A,PU,_Z,2,,,False,WB_WDI,WB_WDI_EN_GHG_CO2_PC_CE_AR5,BLZ,_T,_T,_T,_Z,_Z,_Z,2017,A,T,
0.601714,P1Y,0,,A,PU,_Z,2,,,False,WB_WDI,WB_WDI_EN_GHG_CO2_PC_CE_AR5,BEN,_T,_T,_T,_Z,_Z,_Z,2017,A,T,
4.487401,P1Y,0,,A,PU,_Z,2,,,False,WB_WDI,WB_WDI_EN_GHG_CO2_PC_CE_AR5,BMU,_T,_T,_T,_Z,_Z,_Z,2017,A,T,
1.953509,P1Y,0,,A,PU,_Z,2,,,False,WB_WDI,WB_WDI_EN_GHG_CO2_PC_CE_AR5,BTN,_T,_T,_T,_Z,_Z,_Z,2017,A,T,
1.920149,P1Y,0,,A,PU,_Z,2,,,False,WB_WDI,WB_WDI_EN_GHG_CO2_PC_CE_AR5,BOL,_T,_T,_T,_Z,_Z,_Z,2017,A,T,
6.996799,P1Y,0,,A,PU,_Z,2,,,False,WB_WDI,WB_WDI_EN_GHG_CO2_PC_CE_AR5,BIH,_T,_T,_T,_Z,_Z,_Z,2017,A,T,
3.28259,P1Y,0,,A,PU,_Z,2,,,False,WB_WDI,WB_WDI_EN_GHG_CO2_PC_CE_AR5,BWA,_T,_T,_T,_Z,_Z,_Z,2017,A,T,
2.41695,P1Y,0,,A,PU,_Z,2,,,False,WB_WDI,WB_WDI_EN_GHG_CO2_PC_CE_AR5,BRA,_T,_T,_T,_Z,_Z,_Z,2017,A,T,
2.052051,P1Y,0,,A,PU,_Z,2,,,False,WB_WDI,WB_WDI_EN_GHG_CO2_PC_CE_AR5,VGB,_T,_T,_T,_Z,_Z,_Z,2017,A,T,
18.188792,P1Y,0,,A,PU,_Z,2,,,False,WB_WDI,WB_WDI_EN_GHG_CO2_PC_CE_AR5,BRN,_T,_T,_T,_Z,_Z,_Z,2017,A,T,
7.243835,P1Y,0,,A,PU,_Z,2,,,False,WB_WDI,WB_WDI_EN_GHG_CO2_PC_CE_AR5,BGR,_T,_T,_T,_Z,_Z,_Z,2017,A,T,
1.682892,P1Y,0,,A,PU,_Z,2,,,False,WB_WDI,WB_WDI_EN_GHG_CO2_PC_CE_AR5,COL,_T,_T,_T,_Z,_Z,_Z,2017,A,T,
0.344536,P1Y,0,,A,PU,_Z,2,,,False,WB_WDI,WB_WDI_EN_GHG_CO2_PC_CE_AR5,COM,_T,_T,_T,_Z,_Z,_Z,2017,A,T,
0.037375,P1Y,0,,A,PU,_Z,2,,,False,WB_WDI,WB_WDI_EN_GHG_CO2_PC_CE_AR5,COD,_T,_T,_T,_Z,_Z,_Z,2017,A,T,
1.033674,P1Y,0,,A,PU,_Z,2,,,False,WB_WDI,WB_WDI_EN_GHG_CO2_PC_CE_AR5,COG,_T,_T,_T,_Z,_Z,_Z,2017,A,T,
1.708874,P1Y,0,,A,PU,_Z,2,,,False,WB_WDI,WB_WDI_EN_GHG_CO2_PC_CE_AR5,CRI,_T,_T,_T,_Z,_Z,_Z,2017,A,T,
0.461221,P1Y,0,,A,PU,_Z,2,,,False,WB_WDI,WB_WDI_EN_GHG_CO2_PC_CE_AR5,CIV,_T,_T,_T,_Z,_Z,_Z,2017,A,T,
4.651128,P1Y,0,,A,PU,_Z,2,,,False,WB_WDI,WB_WDI_EN_GHG_CO2_PC_CE_AR5,HRV,_T,_T,_T,_Z,_Z,_Z,2017,A,T,
2.356819,P1Y,0,,A,PU,_Z,2,,,False,WB_WDI,WB_WDI_EN_GHG_CO2_PC_CE_AR5,CUB,_T,_T,_T,_Z,_Z,_Z,2017,A,T,
5.870483,P1Y,0,,A,PU,_Z,2,,,False,WB_WDI,WB_WDI_EN_GHG_CO2_PC_CE_AR5,CYP,_T,_T,_T,_Z,_Z,_Z,2017,A,T,
10.41875,P1Y,0,,A,PU,_Z,2,,,False,WB_WDI,WB_WDI_EN_GHG_CO2_PC_CE_AR5,CZE,_T,_T,_T,_Z,_Z,_Z,2017,A,T,
1.736897,P1Y,0,,A,PU,_Z,2,,,False,WB_WDI,WB_WDI_EN_GHG_CO2_PC_CE_AR5,SYR,_T,_T,_T,_Z,_Z,_Z,2018,A,T,
0.881498,P1Y,0,,A,PU,_Z,2,,,False,WB_WDI,WB_WDI_EN_GHG_CO2_PC_CE_AR5,TJK,_T,_T,_T,_Z,_Z,_Z,2018,A,T,
0.259781,P1Y,0,,A,PU,_Z,2,,,False,WB_WDI,WB_WDI_EN_GHG_CO2_PC_CE_AR5,TZA,_T,_T,_T,_Z,_Z,_Z,2018,A,T,
3.876,P1Y,0,,A,PU,_Z,2,,,False,WB_WDI,WB_WDI_EN_GHG_CO2_PC_CE_AR5,THA,_T,_T,_T,_Z,_Z,_Z,2018,A,T,
0.522431,P1Y,0,,A,PU,_Z,2,,,False,WB_WDI,WB_WDI_EN_GHG_CO2_PC_CE_AR5,TLS,_T,_T,_T,_Z,_Z,_Z,2018,A,T,
0.25962,P1Y,0,,A,PU,_Z,2,,,False,WB_WDI,WB_WDI_EN_GHG_CO2_PC_CE_AR5,TGO,_T,_T,_T,_Z,_Z,_Z,2018,A,T,
1.39627,P1Y,0,,A,PU,_Z,2,,,False,WB_WDI,WB_WDI_EN_GHG_CO2_PC_CE_AR5,TON,_T,_T,_T,_Z,_Z,_Z,2018,A,T,
24.001595,P1Y,0,,A,PU,_Z,2,,,False,WB_WDI,WB_WDI_EN_GHG_CO2_PC_CE_AR5,TTO,_T,_T,_T,_Z,_Z,_Z,2018,A,T,
2.565812,P1Y,0,,A,PU,_Z,2,,,False,WB_WDI,WB_WDI_EN_GHG_CO2_PC_CE_AR5,TUN,_T,_T,_T,_Z,_Z,_Z,2018,A,T,
5.27402,P1Y,0,,A,PU,_Z,2,,,False,WB_WDI,WB_WDI_EN_GHG_CO2_PC_CE_AR5,TUR,_T,_T,_T,_Z,_Z,_Z,2018,A,T,
11.153412,P1Y,0,,A,PU,_Z,2,,,False,WB_WDI,WB_WDI_EN_GHG_CO2_PC_CE_AR5,TKM,_T,_T,_T,_Z,_Z,_Z,2018,A,T,
4.564595,P1Y,0,,A,PU,_Z,2,,,False,WB_WDI,WB_WDI_EN_GHG_CO2_PC_CE_AR5,TCA,_T,_T,_T,_Z,_Z,_Z,2018,A,T,
0.001834,P1Y,0,,A,PU,_Z,2,,,False,WB_WDI,WB_WDI_EN_GHG_CO2_PC_CE_AR5,FSM,_T,_T,_T,_Z,_Z,_Z,2016,A,T,
3.004938,P1Y,0,,A,PU,_Z,2,,,False,WB_WDI,WB_WDI_EN_GHG_CO2_PC_CE_AR5,MDA,_T,_T,_T,_Z,_Z,_Z,2016,A,T,
6.188958,P1Y,0,,A,PU,_Z,2,,,False,WB_WDI,WB_WDI_EN_GHG_CO2_PC_CE_AR5,MNG,_T,_T,_T,_Z,_Z,_Z,2016,A,T,
1.742004,P1Y,0,,A,PU,_Z,2,,,False,WB_WDI,WB_WDI_EN_GHG_CO2_PC_CE_AR5,MAR,_T,_T,_T,_Z,_Z,_Z,2016,A,T,
0.304784,P1Y,0,,A,PU,_Z,2,,,False,WB_WDI,WB_WDI_EN_GHG_CO2_PC_CE_AR5,MOZ,_T,_T,_T,_Z,_Z,_Z,2016,A,T,
0.446263,P1Y,0,,A,PU,_Z,2,,,False,WB_WDI,WB_WDI_EN_GHG_CO2_PC_CE_AR5,MMR,_T,_T,_T,_Z,_Z,_Z,2016,A,T,
1.598343,P1Y,0,,A,PU,_Z,2,,,False,WB_WDI,WB_WDI_EN_GHG_CO2_PC_CE_AR5,NAM,_T,_T,_T,_Z,_Z,_Z,2016,A,T,
0,P1Y,0,,A,PU,_Z,2,,,False,WB_WDI,WB_WDI_EN_GHG_CO2_PC_CE_AR5,NRU,_T,_T,_T,_Z,_Z,_Z,2016,A,T,
0.385041,P1Y,0,,A,PU,_Z,2,,,False,WB_WDI,WB_WDI_EN_GHG_CO2_PC_CE_AR5,NPL,_T,_T,_T,_Z,_Z,_Z,2016,A,T,
18.480822,P1Y,0,,A,PU,_Z,2,,,False,WB_WDI,WB_WDI_EN_GHG_CO2_PC_CE_AR5,AUS,_T,_T,_T,_Z,_Z,_Z,2011,A,T,
8.602273,P1Y,0,,A,PU,_Z,2,,,False,WB_WDI,WB_WDI_EN_GHG_CO2_PC_CE_AR5,AUT,_T,_T,_T,_Z,_Z,_Z,2011,A,T,
3.212573,P1Y,0,,A,PU,_Z,2,,,False,WB_WDI,WB_WDI_EN_GHG_CO2_PC_CE_AR5,AZE,_T,_T,_T,_Z,_Z,_Z,2011,A,T,
2.297911,P1Y,0,,A,PU,_Z,2,,,False,WB_WDI,WB_WDI_EN_GHG_CO2_PC_CE_AR5,BHS,_T,_T,_T,_Z,_Z,_Z,2011,A,T,
24.270305,P1Y,0,,A,PU,_Z,2,,,False,WB_WDI,WB_WDI_EN_GHG_CO2_PC_CE_AR5,BHR,_T,_T,_T,_Z,_Z,_Z,2011,A,T,
0.425203,P1Y,0,,A,PU,_Z,2,,,False,WB_WDI,WB_WDI_EN_GHG_CO2_PC_CE_AR5,BGD,_T,_T,_T,_Z,_Z,_Z,2011,A,T,
2.458544,P1Y,0,,A,PU,_Z,2,,,False,WB_WDI,WB_WDI_EN_GHG_CO2_PC_CE_AR5,BRB,_T,_T,_T,_Z,_Z,_Z,2011,A,T,
6.654341,P1Y,0,,A,PU,_Z,2,,,False,WB_WDI,WB_WDI_EN_GHG_CO2_PC_CE_AR5,BLR,_T,_T,_T,_Z,_Z,_Z,2011,A,T,
9.466597,P1Y,0,,A,PU,_Z,2,,,False,WB_WDI,WB_WDI_EN_GHG_CO2_PC_CE_AR5,BEL,_T,_T,_T,_Z,_Z,_Z,2011,A,T,
0.458298,P1Y,0,,A,PU,_Z,2,,,False,WB_WDI,WB_WDI_EN_GHG_CO2_PC_CE_AR5,BLZ,_T,_T,_T,_Z,_Z,_Z,2011,A,T,
0.491508,P1Y,0,,A,PU,_Z,2,,,False,WB_WDI,WB_WDI_EN_GHG_CO2_PC_CE_AR5,BEN,_T,_T,_T,_Z,_Z,_Z,2011,A,T,
3.689508,P1Y,0,,A,PU,_Z,2,,,False,WB_WDI,WB_WDI_EN_GHG_CO2_PC_CE_AR5,ARB,_T,_T,_T,_Z,_Z,_Z,2003,A,T,
7.928161,P1Y,0,,A,PU,_Z,2,,,False,WB_WDI,WB_WDI_EN_GHG_CO2_PC_CE_AR5,CSS,_T,_T,_T,_Z,_Z,_Z,2003,A,T,
7.429763,P1Y,0,,A,PU,_Z,2,,,False,WB_WDI,WB_WDI_EN_GHG_CO2_PC_CE_AR5,CEB,_T,_T,_T,_Z,_Z,_Z,2003,A,T,
1.714506,P1Y,0,,A,PU,_Z,2,,,False,WB_WDI,WB_WDI_EN_GHG_CO2_PC_CE_AR5,EAR,_T,_T,_T,_Z,_Z,_Z,2003,A,T,
3.857383,P1Y,0,,A,PU,_Z,2,,,False,WB_WDI,WB_WDI_EN_GHG_CO2_PC_CE_AR5,EAS,_T,_T,_T,_Z,_Z,_Z,2003,A,T,
3.074616,P1Y,0,,A,PU,_Z,2,,,False,WB_WDI,WB_WDI_EN_GHG_CO2_PC_CE_AR5,EAP,_T,_T,_T,_Z,_Z,_Z,2003,A,T,
3.075003,P1Y,0,,A,PU,_Z,2,,,False,WB_WDI,WB_WDI_EN_GHG_CO2_PC_CE_AR5,TEA,_T,_T,_T,_Z,_Z,_Z,2003,A,T,
8.769893,P1Y,0,,A,PU,_Z,2,,,False,WB_WDI,WB_WDI_EN_GHG_CO2_PC_CE_AR5,EMU,_T,_T,_T,_Z,_Z,_Z,2003,A,T,
8.358278,P1Y,0,,A,PU,_Z,2,,,False,WB_WDI,WB_WDI_EN_GHG_CO2_PC_CE_AR5,ECS,_T,_T,_T,_Z,_Z,_Z,2003,A,T,
5.20227,P1Y,0,,A,PU,_Z,2,,,False,WB_WDI,WB_WDI_EN_GHG_CO2_PC_CE_AR5,ECA,_T,_T,_T,_Z,_Z,_Z,2003,A,T,
7.796486,P1Y,0,,A,PU,_Z,2,,,False,WB_WDI,WB_WDI_EN_GHG_CO2_PC_CE_AR5,TEC,_T,_T,_T,_Z,_Z,_Z,2003,A,T,
8.556073,P1Y,0,,A,PU,_Z,2,,,False,WB_WDI,WB_WDI_EN_GHG_CO2_PC_CE_AR5,EUU,_T,_T,_T,_Z,_Z,_Z,2003,A,T,
0.186195,P1Y,0,,A,PU,_Z,2,,,False,WB_WDI,WB_WDI_EN_GHG_CO2_PC_CE_AR5,HPC,_T,_T,_T,_Z,_Z,_Z,2003,A,T,
12.382403,P1Y,0,,A,PU,_Z,2,,,False,WB_WDI,WB_WDI_EN_GHG_CO2_PC_CE_AR5,HIC,_T,_T,_T,_Z,_Z,_Z,2003,A,T,
0.441273,P1Y,0,,A,PU,_Z,2,,,False,WB_WDI,WB_WDI_EN_GHG_CO2_PC_CE_AR5,LIC,_T,_T,_T,_Z,_Z,_Z,2007,A,T,
1.085082,P1Y,0,,A,PU,_Z,2,,,False,WB_WDI,WB_WDI_EN_GHG_CO2_PC_CE_AR5,LMC,_T,_T,_T,_Z,_Z,_Z,2007,A,T,
3.694884,P1Y,0,,A,PU,_Z,2,,,False,WB_WDI,WB_WDI_EN_GHG_CO2_PC_CE_AR5,MEA,_T,_T,_T,_Z,_Z,_Z,2007,A,T,
2.499324,P1Y,0,,A,PU,_Z,2,,,False,WB_WDI,WB_WDI_EN_GHG_CO2_PC_CE_AR5,MNA,_T,_T,_T,_Z,_Z,_Z,2007,A,T,
2.499324,P1Y,0,,A,PU,_Z,2,,,False,WB_WDI,WB_WDI_EN_GHG_CO2_PC_CE_AR5,TMN,_T,_T,_T,_Z,_Z,_Z,2007,A,T,
2.958217,P1Y,0,,A,PU,_Z,2,,,False,WB_WDI,WB_WDI_EN_GHG_CO2_PC_CE_AR5,MIC,_T,_T,_T,_Z,_Z,_Z,2007,A,T,
19.35354,P1Y,0,,A,PU,_Z,2,,,False,WB_WDI,WB_WDI_EN_GHG_CO2_PC_CE_AR5,NAC,_T,_T,_T,_Z,_Z,_Z,2007,A,T,
10.926559,P1Y,0,,A,PU,_Z,2,,,False,WB_WDI,WB_WDI_EN_GHG_CO2_PC_CE_AR5,OED,_T,_T,_T,_Z,_Z,_Z,2007,A,T,
5.406218,P1Y,0,,A,PU,_Z,2,,,False,WB_WDI,WB_WDI_EN_GHG_CO2_PC_CE_AR5,OSS,_T,_T,_T,_Z,_Z,_Z,2007,A,T,
1.792736,P1Y,0,,A,PU,_Z,2,,,False,WB_WDI,WB_WDI_EN_GHG_CO2_PC_CE_AR5,PSS,_T,_T,_T,_Z,_Z,_Z,2007,A,T,
12.313066,P1Y,0,,A,PU,_Z,2,,,False,WB_WDI,WB_WDI_EN_GHG_CO2_PC_CE_AR5,PST,_T,_T,_T,_Z,_Z,_Z,2007,A,T,
0.409901,P1Y,0,,A,PU,_Z,2,,,False,WB_WDI,WB_WDI_EN_GHG_CO2_PC_CE_AR5,PRE,_T,_T,_T,_Z,_Z,_Z,2007,A,T,
6.326799,P1Y,0,,A,PU,_Z,2,,,False,WB_WDI,WB_WDI_EN_GHG_CO2_PC_CE_AR5,SST,_T,_T,_T,_Z,_Z,_Z,2007,A,T,
1.066986,P1Y,0,,A,PU,_Z,2,,,False,WB_WDI,WB_WDI_EN_GHG_CO2_PC_CE_AR5,SAS,_T,_T,_T,_Z,_Z,_Z,2007,A,T,
3.534014,P1Y,0,,A,PU,_Z,2,,,False,WB_WDI,WB_WDI_EN_GHG_CO2_PC_CE_AR5,THA,_T,_T,_T,_Z,_Z,_Z,2008,A,T,
0.301135,P1Y,0,,A,PU,_Z,2,,,False,WB_WDI,WB_WDI_EN_GHG_CO2_PC_CE_AR5,TLS,_T,_T,_T,_Z,_Z,_Z,2008,A,T,
0.267699,P1Y,0,,A,PU,_Z,2,,,False,WB_WDI,WB_WDI_EN_GHG_CO2_PC_CE_AR5,TGO,_T,_T,_T,_Z,_Z,_Z,2008,A,T,
1.155859,P1Y,0,,A,PU,_Z,2,,,False,WB_WDI,WB_WDI_EN_GHG_CO2_PC_CE_AR5,TON,_T,_T,_T,_Z,_Z,_Z,2008,A,T,
29.537432,P1Y,0,,A,PU,_Z,2,,,False,WB_WDI,WB_WDI_EN_GHG_CO2_PC_CE_AR5,TTO,_T,_T,_T,_Z,_Z,_Z,2008,A,T,
2.411892,P1Y,0,,A,PU,_Z,2,,,False,WB_WDI,WB_WDI_EN_GHG_CO2_PC_CE_AR5,TUN,_T,_T,_T,_Z,_Z,_Z,2008,A,T,
4.21594,P1Y,0,,A,PU,_Z,2,,,False,WB_WDI,WB_WDI_EN_GHG_CO2_PC_CE_AR5,TUR,_T,_T,_T,_Z,_Z,_Z,2008,A,T,
11.588001,P1Y,0,,A,PU,_Z,2,,,False,WB_WDI,WB_WDI_EN_GHG_CO2_PC_CE_AR5,TKM,_T,_T,_T,_Z,_Z,_Z,2008,A,T,
2.143873,P1Y,0,,A,PU,_Z,2,,,False,WB_WDI,WB_WDI_EN_GHG_CO2_PC_CE_AR5,TCA,_T,_T,_T,_Z,_Z,_Z,2008,A,T,
0,P1Y,0,,A,PU,_Z,2,,,False,WB_WDI,WB_WDI_EN_GHG_CO2_PC_CE_AR5,TUV,_T,_T,_T,_Z,_Z,_Z,2008,A,T,
0.113964,P1Y,0,,A,PU,_Z,2,,,False,WB_WDI,WB_WDI_EN_GHG_CO2_PC_CE_AR5,UGA,_T,_T,_T,_Z,_Z,_Z,2008,A,T,
7.52327,P1Y,0,,A,PU,_Z,2,,,False,WB_WDI,WB_WDI_EN_GHG_CO2_PC_CE_AR5,UKR,_T,_T,_T,_Z,_Z,_Z,2008,A,T,
26.06071,P1Y,0,,A,PU,_Z,2,,,False,WB_WDI,WB_WDI_EN_GHG_CO2_PC_CE_AR5,ARE,_T,_T,_T,_Z,_Z,_Z,2008,A,T,
8.974454,P1Y,0,,A,PU,_Z,2,,,False,WB_WDI,WB_WDI_EN_GHG_CO2_PC_CE_AR5,IRL,_T,_T,_T,_Z,_Z,_Z,2010,A,T,
9.437169,P1Y,0,,A,PU,_Z,2,,,False,WB_WDI,WB_WDI_EN_GHG_CO2_PC_CE_AR5,ISR,_T,_T,_T,_Z,_Z,_Z,2010,A,T,
7.081864,P1Y,0,,A,PU,_Z,2,,,False,WB_WDI,WB_WDI_EN_GHG_CO2_PC_CE_AR5,ITA,_T,_T,_T,_Z,_Z,_Z,2010,A,T,
2.798621,P1Y,0,,A,PU,_Z,2,,,False,WB_WDI,WB_WDI_EN_GHG_CO2_PC_CE_AR5,JAM,_T,_T,_T,_Z,_Z,_Z,2010,A,T,
9.503116,P1Y,0,,A,PU,_Z,2,,,False,WB_WDI,WB_WDI_EN_GHG_CO2_PC_CE_AR5,JPN,_T,_T,_T,_Z,_Z,_Z,2010,A,T,
2.821458,P1Y,0,,A,PU,_Z,2,,,False,WB_WDI,WB_WDI_EN_GHG_CO2_PC_CE_AR5,JOR,_T,_T,_T,_Z,_Z,_Z,2010,A,T,
14.385053,P1Y,0,,A,PU,_Z,2,,,False,WB_WDI,WB_WDI_EN_GHG_CO2_PC_CE_AR5,KAZ,_T,_T,_T,_Z,_Z,_Z,2010,A,T,
0.324117,P1Y,0,,A,PU,_Z,2,,,False,WB_WDI,WB_WDI_EN_GHG_CO2_PC_CE_AR5,KEN,_T,_T,_T,_Z,_Z,_Z,2010,A,T,
0.562077,P1Y,0,,A,PU,_Z,2,,,False,WB_WDI,WB_WDI_EN_GHG_CO2_PC_CE_AR5,KIR,_T,_T,_T,_Z,_Z,_Z,2010,A,T,
2.763112,P1Y,0,,A,PU,_Z,2,,,False,WB_WDI,WB_WDI_EN_GHG_CO2_PC_CE_AR5,PRK,_T,_T,_T,_Z,_Z,_Z,2010,A,T,
12.369048,P1Y,0,,A,PU,_Z,2,,,False,WB_WDI,WB_WDI_EN_GHG_CO2_PC_CE_AR5,KOR,_T,_T,_T,_Z,_Z,_Z,2010,A,T,
3.377619,P1Y,0,,A,PU,_Z,2,,,False,WB_WDI,WB_WDI_EN_GHG_CO2_PC_CE_AR5,CHL,_T,_T,_T,_Z,_Z,_Z,2003,A,T,
3.704679,P1Y,0,,A,PU,_Z,2,,,False,WB_WDI,WB_WDI_EN_GHG_CO2_PC_CE_AR5,CHN,_T,_T,_T,_Z,_Z,_Z,2003,A,T,
1.466902,P1Y,0,,A,PU,_Z,2,,,False,WB_WDI,WB_WDI_EN_GHG_CO2_PC_CE_AR5,COL,_T,_T,_T,_Z,_Z,_Z,2003,A,T,
0.228853,P1Y,0,,A,PU,_Z,2,,,False,WB_WDI,WB_WDI_EN_GHG_CO2_PC_CE_AR5,COM,_T,_T,_T,_Z,_Z,_Z,2003,A,T,
0.041909,P1Y,0,,A,PU,_Z,2,,,False,WB_WDI,WB_WDI_EN_GHG_CO2_PC_CE_AR5,COD,_T,_T,_T,_Z,_Z,_Z,2003,A,T,
1.035071,P1Y,0,,A,PU,_Z,2,,,False,WB_WDI,WB_WDI_EN_GHG_CO2_PC_CE_AR5,COG,_T,_T,_T,_Z,_Z,_Z,2003,A,T,
1.466324,P1Y,0,,A,PU,_Z,2,,,False,WB_WDI,WB_WDI_EN_GHG_CO2_PC_CE_AR5,CRI,_T,_T,_T,_Z,_Z,_Z,2003,A,T,
0.304012,P1Y,0,,A,PU,_Z,2,,,False,WB_WDI,WB_WDI_EN_GHG_CO2_PC_CE_AR5,CIV,_T,_T,_T,_Z,_Z,_Z,2003,A,T,
5.286217,P1Y,0,,A,PU,_Z,2,,,False,WB_WDI,WB_WDI_EN_GHG_CO2_PC_CE_AR5,HRV,_T,_T,_T,_Z,_Z,_Z,2003,A,T,
2.301438,P1Y,0,,A,PU,_Z,2,,,False,WB_WDI,WB_WDI_EN_GHG_CO2_PC_CE_AR5,CUB,_T,_T,_T,_Z,_Z,_Z,2003,A,T,
7.847317,P1Y,0,,A,PU,_Z,2,,,False,WB_WDI,WB_WDI_EN_GHG_CO2_PC_CE_AR5,CYP,_T,_T,_T,_Z,_Z,_Z,2003,A,T,
12.818072,P1Y,0,,A,PU,_Z,2,,,False,WB_WDI,WB_WDI_EN_GHG_CO2_PC_CE_AR5,CZE,_T,_T,_T,_Z,_Z,_Z,2003,A,T,
4.615575,P1Y,0,,A,PU,_Z,2,,,False,WB_WDI,WB_WDI_EN_GHG_CO2_PC_CE_AR5,IBD,_T,_T,_T,_Z,_Z,_Z,2017,A,T,
3.571844,P1Y,0,,A,PU,_Z,2,,,False,WB_WDI,WB_WDI_EN_GHG_CO2_PC_CE_AR5,IBT,_T,_T,_T,_Z,_Z,_Z,2017,A,T,
0.878421,P1Y,0,,A,PU,_Z,2,,,False,WB_WDI,WB_WDI_EN_GHG_CO2_PC_CE_AR5,IDB,_T,_T,_T,_Z,_Z,_Z,2017,A,T,
0.419971,P1Y,0,,A,PU,_Z,2,,,False,WB_WDI,WB_WDI_EN_GHG_CO2_PC_CE_AR5,IDX,_T,_T,_T,_Z,_Z,_Z,2017,A,T,
0.582778,P1Y,0,,A,PU,_Z,2,,,False,WB_WDI,WB_WDI_EN_GHG_CO2_PC_CE_AR5,IDA,_T,_T,_T,_Z,_Z,_Z,2017,A,T,
6.954123,P1Y,0,,A,PU,_Z,2,,,False,WB_WDI,WB_WDI_EN_GHG_CO2_PC_CE_AR5,LTE,_T,_T,_T,_Z,_Z,_Z,2017,A,T,
2.878777,P1Y,0,,A,PU,_Z,2,,,False,WB_WDI,WB_WDI_EN_GHG_CO2_PC_CE_AR5,LCN,_T,_T,_T,_Z,_Z,_Z,2017,A,T,
2.783787,P1Y,0,,A,PU,_Z,2,,,False,WB_WDI,WB_WDI_EN_GHG_CO2_PC_CE_AR5,LAC,_T,_T,_T,_Z,_Z,_Z,2017,A,T,
2.885159,P1Y,0,,A,PU,_Z,2,,,False,WB_WDI,WB_WDI_EN_GHG_CO2_PC_CE_AR5,TLA,_T,_T,_T,_Z,_Z,_Z,2017,A,T,
0.369523,P1Y,0,,A,PU,_Z,2,,,False,WB_WDI,WB_WDI_EN_GHG_CO2_PC_CE_AR5,LDC,_T,_T,_T,_Z,_Z,_Z,2017,A,T,
3.322962,P1Y,0,,A,PU,_Z,2,,,False,WB_WDI,WB_WDI_EN_GHG_CO2_PC_CE_AR5,LMY,_T,_T,_T,_Z,_Z,_Z,2017,A,T,
0.349204,P1Y,0,,A,PU,_Z,2,,,False,WB_WDI,WB_WDI_EN_GHG_CO2_PC_CE_AR5,LIC,_T,_T,_T,_Z,_Z,_Z,2017,A,T,
1.446688,P1Y,0,,A,PU,_Z,2,,,False,WB_WDI,WB_WDI_EN_GHG_CO2_PC_CE_AR5,LMC,_T,_T,_T,_Z,_Z,_Z,2017,A,T,
3.203352,P1Y,0,,A,PU,_Z,2,,,False,WB_WDI,WB_WDI_EN_GHG_CO2_PC_CE_AR5,MAC,_T,_T,_T,_Z,_Z,_Z,2010,A,T,
0.088733,P1Y,0,,A,PU,_Z,2,,,False,WB_WDI,WB_WDI_EN_GHG_CO2_PC_CE_AR5,MDG,_T,_T,_T,_Z,_Z,_Z,2010,A,T,
0.302506,P1Y,0,,A,PU,_Z,2,,,False,WB_WDI,WB_WDI_EN_GHG_CO2_PC_CE_AR5,MWI,_T,_T,_T,_Z,_Z,_Z,2010,A,T,
7.520348,P1Y,0,,A,PU,_Z,2,,,False,WB_WDI,WB_WDI_EN_GHG_CO2_PC_CE_AR5,MYS,_T,_T,_T,_Z,_Z,_Z,2010,A,T,
2.920519,P1Y,0,,A,PU,_Z,2,,,False,WB_WDI,WB_WDI_EN_GHG_CO2_PC_CE_AR5,MDV,_T,_T,_T,_Z,_Z,_Z,2010,A,T,
0.124608,P1Y,0,,A,PU,_Z,2,,,False,WB_WDI,WB_WDI_EN_GHG_CO2_PC_CE_AR5,MLI,_T,_T,_T,_Z,_Z,_Z,2010,A,T,
6.25971,P1Y,0,,A,PU,_Z,2,,,False,WB_WDI,WB_WDI_EN_GHG_CO2_PC_CE_AR5,MLT,_T,_T,_T,_Z,_Z,_Z,2010,A,T,
0.001921,P1Y,0,,A,PU,_Z,2,,,False,WB_WDI,WB_WDI_EN_GHG_CO2_PC_CE_AR5,MHL,_T,_T,_T,_Z,_Z,_Z,2010,A,T,
0.621328,P1Y,0,,A,PU,_Z,2,,,False,WB_WDI,WB_WDI_EN_GHG_CO2_PC_CE_AR5,MRT,_T,_T,_T,_Z,_Z,_Z,2010,A,T,
2.939619,P1Y,0,,A,PU,_Z,2,,,False,WB_WDI,WB_WDI_EN_GHG_CO2_PC_CE_AR5,MUS,_T,_T,_T,_Z,_Z,_Z,2010,A,T,
4.197558,P1Y,0,,A,PU,_Z,2,,,False,WB_WDI,WB_WDI_EN_GHG_CO2_PC_CE_AR5,MEX,_T,_T,_T,_Z,_Z,_Z,2010,A,T,
1.825886,P1Y,0,,A,PU,_Z,2,,,False,WB_WDI,WB_WDI_EN_GHG_CO2_PC_CE_AR5,EAR,_T,_T,_T,_Z,_Z,_Z,2005,A,T,
4.553078,P1Y,0,,A,PU,_Z,2,,,False,WB_WDI,WB_WDI_EN_GHG_CO2_PC_CE_AR5,EAS,_T,_T,_T,_Z,_Z,_Z,2005,A,T,
3.84562,P1Y,0,,A,PU,_Z,2,,,False,WB_WDI,WB_WDI_EN_GHG_CO2_PC_CE_AR5,EAP,_T,_T,_T,_Z,_Z,_Z,2005,A,T,
3.853997,P1Y,0,,A,PU,_Z,2,,,False,WB_WDI,WB_WDI_EN_GHG_CO2_PC_CE_AR5,TEA,_T,_T,_T,_Z,_Z,_Z,2005,A,T,
8.691813,P1Y,0,,A,PU,_Z,2,,,False,WB_WDI,WB_WDI_EN_GHG_CO2_PC_CE_AR5,EMU,_T,_T,_T,_Z,_Z,_Z,2005,A,T,
8.314207,P1Y,0,,A,PU,_Z,2,,,False,WB_WDI,WB_WDI_EN_GHG_CO2_PC_CE_AR5,ECS,_T,_T,_T,_Z,_Z,_Z,2005,A,T,
5.235367,P1Y,0,,A,PU,_Z,2,,,False,WB_WDI,WB_WDI_EN_GHG_CO2_PC_CE_AR5,ECA,_T,_T,_T,_Z,_Z,_Z,2005,A,T,
7.827838,P1Y,0,,A,PU,_Z,2,,,False,WB_WDI,WB_WDI_EN_GHG_CO2_PC_CE_AR5,TEC,_T,_T,_T,_Z,_Z,_Z,2005,A,T,
8.457721,P1Y,0,,A,PU,_Z,2,,,False,WB_WDI,WB_WDI_EN_GHG_CO2_PC_CE_AR5,EUU,_T,_T,_T,_Z,_Z,_Z,2005,A,T,
0.194949,P1Y,0,,A,PU,_Z,2,,,False,WB_WDI,WB_WDI_EN_GHG_CO2_PC_CE_AR5,HPC,_T,_T,_T,_Z,_Z,_Z,2005,A,T,
12.415245,P1Y,0,,A,PU,_Z,2,,,False,WB_WDI,WB_WDI_EN_GHG_CO2_PC_CE_AR5,HIC,_T,_T,_T,_Z,_Z,_Z,2005,A,T,
3.456311,P1Y,0,,A,PU,_Z,2,,,False,WB_WDI,WB_WDI_EN_GHG_CO2_PC_CE_AR5,IBD,_T,_T,_T,_Z,_Z,_Z,2005,A,T,
2.77569,P1Y,0,,A,PU,_Z,2,,,False,WB_WDI,WB_WDI_EN_GHG_CO2_PC_CE_AR5,IBT,_T,_T,_T,_Z,_Z,_Z,2005,A,T,
0.917435,P1Y,0,,A,PU,_Z,2,,,False,WB_WDI,WB_WDI_EN_GHG_CO2_PC_CE_AR5,IDB,_T,_T,_T,_Z,_Z,_Z,2005,A,T,
0.164294,P1Y,0,,A,PU,_Z,2,,,False,WB_WDI,WB_WDI_EN_GHG_CO2_PC_CE_AR5,UGA,_T,_T,_T,_Z,_Z,_Z,2019,A,T,
4.624588,P1Y,0,,A,PU,_Z,2,,,False,WB_WDI,WB_WDI_EN_GHG_CO2_PC_CE_AR5,UKR,_T,_T,_T,_Z,_Z,_Z,2019,A,T,
20.945787,P1Y,0,,A,PU,_Z,2,,,False,WB_WDI,WB_WDI_EN_GHG_CO2_PC_CE_AR5,ARE,_T,_T,_T,_Z,_Z,_Z,2019,A,T,
5.388322,P1Y,0,,A,PU,_Z,2,,,False,WB_WDI,WB_WDI_EN_GHG_CO2_PC_CE_AR5,GBR,_T,_T,_T,_Z,_Z,_Z,2019,A,T,
15.043966,P1Y,0,,A,PU,_Z,2,,,False,WB_WDI,WB_WDI_EN_GHG_CO2_PC_CE_AR5,USA,_T,_T,_T,_Z,_Z,_Z,2019,A,T,
2.106466,P1Y,0,,A,PU,_Z,2,,,False,WB_WDI,WB_WDI_EN_GHG_CO2_PC_CE_AR5,URY,_T,_T,_T,_Z,_Z,_Z,2019,A,T,
3.492132,P1Y,0,,A,PU,_Z,2,,,False,WB_WDI,WB_WDI_EN_GHG_CO2_PC_CE_AR5,UZB,_T,_T,_T,_Z,_Z,_Z,2019,A,T,
0.750039,P1Y,0,,A,PU,_Z,2,,,False,WB_WDI,WB_WDI_EN_GHG_CO2_PC_CE_AR5,VUT,_T,_T,_T,_Z,_Z,_Z,2019,A,T,
4.159651,P1Y,0,,A,PU,_Z,2,,,False,WB_WDI,WB_WDI_EN_GHG_CO2_PC_CE_AR5,VEN,_T,_T,_T,_Z,_Z,_Z,2019,A,T,
3.463165,P1Y,0,,A,PU,_Z,2,,,False,WB_WDI,WB_WDI_EN_GHG_CO2_PC_CE_AR5,VNM,_T,_T,_T,_Z,_Z,_Z,2019,A,T,
0.001875,P1Y,0,,A,PU,_Z,2,,,False,WB_WDI,WB_WDI_EN_GHG_CO2_PC_CE_AR5,VIR,_T,_T,_T,_Z,_Z,_Z,2019,A,T,
0.456296,P1Y,0,,A,PU,_Z,2,,,False,WB_WDI,WB_WDI_EN_GHG_CO2_PC_CE_AR5,LIC,_T,_T,_T,_Z,_Z,_Z,2008,A,T,
1.125357,P1Y,0,,A,PU,_Z,2,,,False,WB_WDI,WB_WDI_EN_GHG_CO2_PC_CE_AR5,LMC,_T,_T,_T,_Z,_Z,_Z,2008,A,T,
3.800957,P1Y,0,,A,PU,_Z,2,,,False,WB_WDI,WB_WDI_EN_GHG_CO2_PC_CE_AR5,MEA,_T,_T,_T,_Z,_Z,_Z,2008,A,T,
2.523132,P1Y,0,,A,PU,_Z,2,,,False,WB_WDI,WB_WDI_EN_GHG_CO2_PC_CE_AR5,MNA,_T,_T,_T,_Z,_Z,_Z,2008,A,T,
2.523132,P1Y,0,,A,PU,_Z,2,,,False,WB_WDI,WB_WDI_EN_GHG_CO2_PC_CE_AR5,TMN,_T,_T,_T,_Z,_Z,_Z,2008,A,T,
3.020331,P1Y,0,,A,PU,_Z,2,,,False,WB_WDI,WB_WDI_EN_GHG_CO2_PC_CE_AR5,MIC,_T,_T,_T,_Z,_Z,_Z,2008,A,T,
18.568099,P1Y,0,,A,PU,_Z,2,,,False,WB_WDI,WB_WDI_EN_GHG_CO2_PC_CE_AR5,NAC,_T,_T,_T,_Z,_Z,_Z,2008,A,T,
10.567446,P1Y,0,,A,PU,_Z,2,,,False,WB_WDI,WB_WDI_EN_GHG_CO2_PC_CE_AR5,OED,_T,_T,_T,_Z,_Z,_Z,2008,A,T,
5.26801,P1Y,0,,A,PU,_Z,2,,,False,WB_WDI,WB_WDI_EN_GHG_CO2_PC_CE_AR5,OSS,_T,_T,_T,_Z,_Z,_Z,2008,A,T,
1.599205,P1Y,0,,A,PU,_Z,2,,,False,WB_WDI,WB_WDI_EN_GHG_CO2_PC_CE_AR5,PSS,_T,_T,_T,_Z,_Z,_Z,2008,A,T,
11.899448,P1Y,0,,A,PU,_Z,2,,,False,WB_WDI,WB_WDI_EN_GHG_CO2_PC_CE_AR5,PST,_T,_T,_T,_Z,_Z,_Z,2008,A,T,
0.4377,P1Y,0,,A,PU,_Z,2,,,False,WB_WDI,WB_WDI_EN_GHG_CO2_PC_CE_AR5,PRE,_T,_T,_T,_Z,_Z,_Z,2008,A,T,
6.160565,P1Y,0,,A,PU,_Z,2,,,False,WB_WDI,WB_WDI_EN_GHG_CO2_PC_CE_AR5,SST,_T,_T,_T,_Z,_Z,_Z,2008,A,T,
1.130137,P1Y,0,,A,PU,_Z,2,,,False,WB_WDI,WB_WDI_EN_GHG_CO2_PC_CE_AR5,SAS,_T,_T,_T,_Z,_Z,_Z,2008,A,T,
0.07087,P1Y,0,,A,PU,_Z,2,,,False,WB_WDI,WB_WDI_EN_GHG_CO2_PC_CE_AR5,RWA,_T,_T,_T,_Z,_Z,_Z,2010,A,T,
1.36305,P1Y,0,,A,PU,_Z,2,,,False,WB_WDI,WB_WDI_EN_GHG_CO2_PC_CE_AR5,WSM,_T,_T,_T,_Z,_Z,_Z,2010,A,T,
0.679861,P1Y,0,,A,PU,_Z,2,,,False,WB_WDI,WB_WDI_EN_GHG_CO2_PC_CE_AR5,STP,_T,_T,_T,_Z,_Z,_Z,2010,A,T,
20.304742,P1Y,0,,A,PU,_Z,2,,,False,WB_WDI,WB_WDI_EN_GHG_CO2_PC_CE_AR5,SAU,_T,_T,_T,_Z,_Z,_Z,2010,A,T,
0.552265,P1Y,0,,A,PU,_Z,2,,,False,WB_WDI,WB_WDI_EN_GHG_CO2_PC_CE_AR5,SEN,_T,_T,_T,_Z,_Z,_Z,2010,A,T,
10.214994,P1Y,0,,A,PU,_Z,2,,,False,WB_WDI,WB_WDI_EN_GHG_CO2_PC_CE_AR5,SYC,_T,_T,_T,_Z,_Z,_Z,2010,A,T,
0.114146,P1Y,0,,A,PU,_Z,2,,,False,WB_WDI,WB_WDI_EN_GHG_CO2_PC_CE_AR5,SLE,_T,_T,_T,_Z,_Z,_Z,2010,A,T,
9.629403,P1Y,0,,A,PU,_Z,2,,,False,WB_WDI,WB_WDI_EN_GHG_CO2_PC_CE_AR5,SGP,_T,_T,_T,_Z,_Z,_Z,2010,A,T,
7.402714,P1Y,0,,A,PU,_Z,2,,,False,WB_WDI,WB_WDI_EN_GHG_CO2_PC_CE_AR5,SVK,_T,_T,_T,_Z,_Z,_Z,2010,A,T,
3.49793,P1Y,0,,A,PU,_Z,2,,,False,WB_WDI,WB_WDI_EN_GHG_CO2_PC_CE_AR5,THA,_T,_T,_T,_Z,_Z,_Z,2006,A,T,
0.349069,P1Y,0,,A,PU,_Z,2,,,False,WB_WDI,WB_WDI_EN_GHG_CO2_PC_CE_AR5,TLS,_T,_T,_T,_Z,_Z,_Z,2006,A,T,
0.219349,P1Y,0,,A,PU,_Z,2,,,False,WB_WDI,WB_WDI_EN_GHG_CO2_PC_CE_AR5,TGO,_T,_T,_T,_Z,_Z,_Z,2006,A,T,
1.252671,P1Y,0,,A,PU,_Z,2,,,False,WB_WDI,WB_WDI_EN_GHG_CO2_PC_CE_AR5,TON,_T,_T,_T,_Z,_Z,_Z,2006,A,T,
29.704132,P1Y,0,,A,PU,_Z,2,,,False,WB_WDI,WB_WDI_EN_GHG_CO2_PC_CE_AR5,TTO,_T,_T,_T,_Z,_Z,_Z,2006,A,T,
2.342648,P1Y,0,,A,PU,_Z,2,,,False,WB_WDI,WB_WDI_EN_GHG_CO2_PC_CE_AR5,TUN,_T,_T,_T,_Z,_Z,_Z,2006,A,T,
3.911767,P1Y,0,,A,PU,_Z,2,,,False,WB_WDI,WB_WDI_EN_GHG_CO2_PC_CE_AR5,TUR,_T,_T,_T,_Z,_Z,_Z,2006,A,T,
10.677633,P1Y,0,,A,PU,_Z,2,,,False,WB_WDI,WB_WDI_EN_GHG_CO2_PC_CE_AR5,TKM,_T,_T,_T,_Z,_Z,_Z,2006,A,T,
1.699638,P1Y,0,,A,PU,_Z,2,,,False,WB_WDI,WB_WDI_EN_GHG_CO2_PC_CE_AR5,TCA,_T,_T,_T,_Z,_Z,_Z,2006,A,T,
0,P1Y,0,,A,PU,_Z,2,,,False,WB_WDI,WB_WDI_EN_GHG_CO2_PC_CE_AR5,TUV,_T,_T,_T,_Z,_Z,_Z,2006,A,T,
0.089553,P1Y,0,,A,PU,_Z,2,,,False,WB_WDI,WB_WDI_EN_GHG_CO2_PC_CE_AR5,UGA,_T,_T,_T,_Z,_Z,_Z,2006,A,T,
7.537839,P1Y,0,,A,PU,_Z,2,,,False,WB_WDI,WB_WDI_EN_GHG_CO2_PC_CE_AR5,UKR,_T,_T,_T,_Z,_Z,_Z,2006,A,T,
25.393224,P1Y,0,,A,PU,_Z,2,,,False,WB_WDI,WB_WDI_EN_GHG_CO2_PC_CE_AR5,ARE,_T,_T,_T,_Z,_Z,_Z,2006,A,T,
3.148258,P1Y,0,,A,PU,_Z,2,,,False,WB_WDI,WB_WDI_EN_GHG_CO2_PC_CE_AR5,BWA,_T,_T,_T,_Z,_Z,_Z,2019,A,T,
2.258699,P1Y,0,,A,PU,_Z,2,,,False,WB_WDI,WB_WDI_EN_GHG_CO2_PC_CE_AR5,BRA,_T,_T,_T,_Z,_Z,_Z,2019,A,T,
2.401429,P1Y,0,,A,PU,_Z,2,,,False,WB_WDI,WB_WDI_EN_GHG_CO2_PC_CE_AR5,VGB,_T,_T,_T,_Z,_Z,_Z,2019,A,T,
17.176064,P1Y,0,,A,PU,_Z,2,,,False,WB_WDI,WB_WDI_EN_GHG_CO2_PC_CE_AR5,BRN,_T,_T,_T,_Z,_Z,_Z,2019,A,T,
6.745904,P1Y,0,,A,PU,_Z,2,,,False,WB_WDI,WB_WDI_EN_GHG_CO2_PC_CE_AR5,BGR,_T,_T,_T,_Z,_Z,_Z,2019,A,T,
0.271888,P1Y,0,,A,PU,_Z,2,,,False,WB_WDI,WB_WDI_EN_GHG_CO2_PC_CE_AR5,BFA,_T,_T,_T,_Z,_Z,_Z,2019,A,T,
0.062438,P1Y,0,,A,PU,_Z,2,,,False,WB_WDI,WB_WDI_EN_GHG_CO2_PC_CE_AR5,BDI,_T,_T,_T,_Z,_Z,_Z,2019,A,T,
1.629826,P1Y,0,,A,PU,_Z,2,,,False,WB_WDI,WB_WDI_EN_GHG_CO2_PC_CE_AR5,CPV,_T,_T,_T,_Z,_Z,_Z,2019,A,T,
0.95325,P1Y,0,,A,PU,_Z,2,,,False,WB_WDI,WB_WDI_EN_GHG_CO2_PC_CE_AR5,KHM,_T,_T,_T,_Z,_Z,_Z,2019,A,T,
0.402692,P1Y,0,,A,PU,_Z,2,,,False,WB_WDI,WB_WDI_EN_GHG_CO2_PC_CE_AR5,CMR,_T,_T,_T,_Z,_Z,_Z,2019,A,T,
16.19086,P1Y,0,,A,PU,_Z,2,,,False,WB_WDI,WB_WDI_EN_GHG_CO2_PC_CE_AR5,CAN,_T,_T,_T,_Z,_Z,_Z,2019,A,T,
9.805401,P1Y,0,,A,PU,_Z,2,,,False,WB_WDI,WB_WDI_EN_GHG_CO2_PC_CE_AR5,FIN,_T,_T,_T,_Z,_Z,_Z,2013,A,T,
5.457121,P1Y,0,,A,PU,_Z,2,,,False,WB_WDI,WB_WDI_EN_GHG_CO2_PC_CE_AR5,FRA,_T,_T,_T,_Z,_Z,_Z,2013,A,T,
3.617396,P1Y,0,,A,PU,_Z,2,,,False,WB_WDI,WB_WDI_EN_GHG_CO2_PC_CE_AR5,PYF,_T,_T,_T,_Z,_Z,_Z,2013,A,T,
3.176954,P1Y,0,,A,PU,_Z,2,,,False,WB_WDI,WB_WDI_EN_GHG_CO2_PC_CE_AR5,GAB,_T,_T,_T,_Z,_Z,_Z,2013,A,T,
0.212138,P1Y,0,,A,PU,_Z,2,,,False,WB_WDI,WB_WDI_EN_GHG_CO2_PC_CE_AR5,GMB,_T,_T,_T,_Z,_Z,_Z,2013,A,T,
2.461032,P1Y,0,,A,PU,_Z,2,,,False,WB_WDI,WB_WDI_EN_GHG_CO2_PC_CE_AR5,GEO,_T,_T,_T,_Z,_Z,_Z,2013,A,T,
10.14086,P1Y,0,,A,PU,_Z,2,,,False,WB_WDI,WB_WDI_EN_GHG_CO2_PC_CE_AR5,DEU,_T,_T,_T,_Z,_Z,_Z,2013,A,T,
0.562243,P1Y,0,,A,PU,_Z,2,,,False,WB_WDI,WB_WDI_EN_GHG_CO2_PC_CE_AR5,GHA,_T,_T,_T,_Z,_Z,_Z,2013,A,T,
15.422594,P1Y,0,,A,PU,_Z,2,,,False,WB_WDI,WB_WDI_EN_GHG_CO2_PC_CE_AR5,GIB,_T,_T,_T,_Z,_Z,_Z,2013,A,T,
6.737444,P1Y,0,,A,PU,_Z,2,,,False,WB_WDI,WB_WDI_EN_GHG_CO2_PC_CE_AR5,GRC,_T,_T,_T,_Z,_Z,_Z,2013,A,T,
9.514367,P1Y,0,,A,PU,_Z,2,,,False,WB_WDI,WB_WDI_EN_GHG_CO2_PC_CE_AR5,GRL,_T,_T,_T,_Z,_Z,_Z,2013,A,T,
1.0803,P1Y,0,,A,PU,_Z,2,,,False,WB_WDI,WB_WDI_EN_GHG_CO2_PC_CE_AR5,GRD,_T,_T,_T,_Z,_Z,_Z,2013,A,T,
2.406916,P1Y,0,,A,PU,_Z,2,,,False,WB_WDI,WB_WDI_EN_GHG_CO2_PC_CE_AR5,BMU,_T,_T,_T,_Z,_Z,_Z,2011,A,T,
1.559396,P1Y,0,,A,PU,_Z,2,,,False,WB_WDI,WB_WDI_EN_GHG_CO2_PC_CE_AR5,BTN,_T,_T,_T,_Z,_Z,_Z,2011,A,T,
1.555214,P1Y,0,,A,PU,_Z,2,,,False,WB_WDI,WB_WDI_EN_GHG_CO2_PC_CE_AR5,BOL,_T,_T,_T,_Z,_Z,_Z,2011,A,T,
6.75293,P1Y,0,,A,PU,_Z,2,,,False,WB_WDI,WB_WDI_EN_GHG_CO2_PC_CE_AR5,BIH,_T,_T,_T,_Z,_Z,_Z,2011,A,T,
1.935487,P1Y,0,,A,PU,_Z,2,,,False,WB_WDI,WB_WDI_EN_GHG_CO2_PC_CE_AR5,BWA,_T,_T,_T,_Z,_Z,_Z,2011,A,T,
2.37419,P1Y,0,,A,PU,_Z,2,,,False,WB_WDI,WB_WDI_EN_GHG_CO2_PC_CE_AR5,BRA,_T,_T,_T,_Z,_Z,_Z,2011,A,T,
1.922675,P1Y,0,,A,PU,_Z,2,,,False,WB_WDI,WB_WDI_EN_GHG_CO2_PC_CE_AR5,VGB,_T,_T,_T,_Z,_Z,_Z,2011,A,T,
19.683066,P1Y,0,,A,PU,_Z,2,,,False,WB_WDI,WB_WDI_EN_GHG_CO2_PC_CE_AR5,BRN,_T,_T,_T,_Z,_Z,_Z,2011,A,T,
7.455329,P1Y,0,,A,PU,_Z,2,,,False,WB_WDI,WB_WDI_EN_GHG_CO2_PC_CE_AR5,BGR,_T,_T,_T,_Z,_Z,_Z,2011,A,T,
0.133064,P1Y,0,,A,PU,_Z,2,,,False,WB_WDI,WB_WDI_EN_GHG_CO2_PC_CE_AR5,BFA,_T,_T,_T,_Z,_Z,_Z,2011,A,T,
0.042746,P1Y,0,,A,PU,_Z,2,,,False,WB_WDI,WB_WDI_EN_GHG_CO2_PC_CE_AR5,BDI,_T,_T,_T,_Z,_Z,_Z,2011,A,T,
2.146646,P1Y,0,,A,PU,_Z,2,,,False,WB_WDI,WB_WDI_EN_GHG_CO2_PC_CE_AR5,BRA,_T,_T,_T,_Z,_Z,_Z,2020,A,T,
2.278174,P1Y,0,,A,PU,_Z,2,,,False,WB_WDI,WB_WDI_EN_GHG_CO2_PC_CE_AR5,VGB,_T,_T,_T,_Z,_Z,_Z,2020,A,T,
22.637035,P1Y,0,,A,PU,_Z,2,,,False,WB_WDI,WB_WDI_EN_GHG_CO2_PC_CE_AR5,BRN,_T,_T,_T,_Z,_Z,_Z,2020,A,T,
6.016933,P1Y,0,,A,PU,_Z,2,,,False,WB_WDI,WB_WDI_EN_GHG_CO2_PC_CE_AR5,BGR,_T,_T,_T,_Z,_Z,_Z,2020,A,T,
0.265431,P1Y,0,,A,PU,_Z,2,,,False,WB_WDI,WB_WDI_EN_GHG_CO2_PC_CE_AR5,BFA,_T,_T,_T,_Z,_Z,_Z,2020,A,T,
0.073377,P1Y,0,,A,PU,_Z,2,,,False,WB_WDI,WB_WDI_EN_GHG_CO2_PC_CE_AR5,BDI,_T,_T,_T,_Z,_Z,_Z,2020,A,T,
1.220761,P1Y,0,,A,PU,_Z,2,,,False,WB_WDI,WB_WDI_EN_GHG_CO2_PC_CE_AR5,CPV,_T,_T,_T,_Z,_Z,_Z,2020,A,T,
1.114061,P1Y,0,,A,PU,_Z,2,,,False,WB_WDI,WB_WDI_EN_GHG_CO2_PC_CE_AR5,KHM,_T,_T,_T,_Z,_Z,_Z,2020,A,T,
0.396329,P1Y,0,,A,PU,_Z,2,,,False,WB_WDI,WB_WDI_EN_GHG_CO2_PC_CE_AR5,CMR,_T,_T,_T,_Z,_Z,_Z,2020,A,T,
14.421905,P1Y,0,,A,PU,_Z,2,,,False,WB_WDI,WB_WDI_EN_GHG_CO2_PC_CE_AR5,CAN,_T,_T,_T,_Z,_Z,_Z,2020,A,T,
4.832275,P1Y,0,,A,PU,_Z,2,,,False,WB_WDI,WB_WDI_EN_GHG_CO2_PC_CE_AR5,CYM,_T,_T,_T,_Z,_Z,_Z,2020,A,T,
0.063343,P1Y,0,,A,PU,_Z,2,,,False,WB_WDI,WB_WDI_EN_GHG_CO2_PC_CE_AR5,CAF,_T,_T,_T,_Z,_Z,_Z,2020,A,T,
0.948639,P1Y,0,,A,PU,_Z,2,,,False,WB_WDI,WB_WDI_EN_GHG_CO2_PC_CE_AR5,TJK,_T,_T,_T,_Z,_Z,_Z,2019,A,T,
0.287347,P1Y,0,,A,PU,_Z,2,,,False,WB_WDI,WB_WDI_EN_GHG_CO2_PC_CE_AR5,TZA,_T,_T,_T,_Z,_Z,_Z,2019,A,T,
4.005331,P1Y,0,,A,PU,_Z,2,,,False,WB_WDI,WB_WDI_EN_GHG_CO2_PC_CE_AR5,THA,_T,_T,_T,_Z,_Z,_Z,2019,A,T,
0.559824,P1Y,0,,A,PU,_Z,2,,,False,WB_WDI,WB_WDI_EN_GHG_CO2_PC_CE_AR5,TLS,_T,_T,_T,_Z,_Z,_Z,2019,A,T,
0.276289,P1Y,0,,A,PU,_Z,2,,,False,WB_WDI,WB_WDI_EN_GHG_CO2_PC_CE_AR5,TGO,_T,_T,_T,_Z,_Z,_Z,2019,A,T,
1.566211,P1Y,0,,A,PU,_Z,2,,,False,WB_WDI,WB_WDI_EN_GHG_CO2_PC_CE_AR5,TON,_T,_T,_T,_Z,_Z,_Z,2019,A,T,
24.357379,P1Y,0,,A,PU,_Z,2,,,False,WB_WDI,WB_WDI_EN_GHG_CO2_PC_CE_AR5,TTO,_T,_T,_T,_Z,_Z,_Z,2019,A,T,
2.546938,P1Y,0,,A,PU,_Z,2,,,False,WB_WDI,WB_WDI_EN_GHG_CO2_PC_CE_AR5,TUN,_T,_T,_T,_Z,_Z,_Z,2019,A,T,
5.019137,P1Y,0,,A,PU,_Z,2,,,False,WB_WDI,WB_WDI_EN_GHG_CO2_PC_CE_AR5,TUR,_T,_T,_T,_Z,_Z,_Z,2019,A,T,
10.765903,P1Y,0,,A,PU,_Z,2,,,False,WB_WDI,WB_WDI_EN_GHG_CO2_PC_CE_AR5,TKM,_T,_T,_T,_Z,_Z,_Z,2019,A,T,
5.122087,P1Y,0,,A,PU,_Z,2,,,False,WB_WDI,WB_WDI_EN_GHG_CO2_PC_CE_AR5,TCA,_T,_T,_T,_Z,_Z,_Z,2019,A,T,
0,P1Y,0,,A,PU,_Z,2,,,False,WB_WDI,WB_WDI_EN_GHG_CO2_PC_CE_AR5,TUV,_T,_T,_T,_Z,_Z,_Z,2019,A,T,
0.079986,P1Y,0,,A,PU,_Z,2,,,False,WB_WDI,WB_WDI_EN_GHG_CO2_PC_CE_AR5,BFA,_T,_T,_T,_Z,_Z,_Z,2006,A,T,
0.029292,P1Y,0,,A,PU,_Z,2,,,False,WB_WDI,WB_WDI_EN_GHG_CO2_PC_CE_AR5,BDI,_T,_T,_T,_Z,_Z,_Z,2006,A,T,
1.346163,P1Y,0,,A,PU,_Z,2,,,False,WB_WDI,WB_WDI_EN_GHG_CO2_PC_CE_AR5,CPV,_T,_T,_T,_Z,_Z,_Z,2006,A,T,
0.220536,P1Y,0,,A,PU,_Z,2,,,False,WB_WDI,WB_WDI_EN_GHG_CO2_PC_CE_AR5,KHM,_T,_T,_T,_Z,_Z,_Z,2006,A,T,
0.317753,P1Y,0,,A,PU,_Z,2,,,False,WB_WDI,WB_WDI_EN_GHG_CO2_PC_CE_AR5,CMR,_T,_T,_T,_Z,_Z,_Z,2006,A,T,
17.644346,P1Y,0,,A,PU,_Z,2,,,False,WB_WDI,WB_WDI_EN_GHG_CO2_PC_CE_AR5,CAN,_T,_T,_T,_Z,_Z,_Z,2006,A,T,
3.410599,P1Y,0,,A,PU,_Z,2,,,False,WB_WDI,WB_WDI_EN_GHG_CO2_PC_CE_AR5,CYM,_T,_T,_T,_Z,_Z,_Z,2006,A,T,
0.061175,P1Y,0,,A,PU,_Z,2,,,False,WB_WDI,WB_WDI_EN_GHG_CO2_PC_CE_AR5,CAF,_T,_T,_T,_Z,_Z,_Z,2006,A,T,
0.046467,P1Y,0,,A,PU,_Z,2,,,False,WB_WDI,WB_WDI_EN_GHG_CO2_PC_CE_AR5,TCD,_T,_T,_T,_Z,_Z,_Z,2006,A,T,
3.656163,P1Y,0,,A,PU,_Z,2,,,False,WB_WDI,WB_WDI_EN_GHG_CO2_PC_CE_AR5,CHL,_T,_T,_T,_Z,_Z,_Z,2006,A,T,
5.280525,P1Y,0,,A,PU,_Z,2,,,False,WB_WDI,WB_WDI_EN_GHG_CO2_PC_CE_AR5,CHN,_T,_T,_T,_Z,_Z,_Z,2006,A,T,
3.204888,P1Y,0,,A,PU,_Z,2,,,False,WB_WDI,WB_WDI_EN_GHG_CO2_PC_CE_AR5,GEO,_T,_T,_T,_Z,_Z,_Z,2019,A,T,
8.38218,P1Y,0,,A,PU,_Z,2,,,False,WB_WDI,WB_WDI_EN_GHG_CO2_PC_CE_AR5,DEU,_T,_T,_T,_Z,_Z,_Z,2019,A,T,
0.648666,P1Y,0,,A,PU,_Z,2,,,False,WB_WDI,WB_WDI_EN_GHG_CO2_PC_CE_AR5,GHA,_T,_T,_T,_Z,_Z,_Z,2019,A,T,
20.211867,P1Y,0,,A,PU,_Z,2,,,False,WB_WDI,WB_WDI_EN_GHG_CO2_PC_CE_AR5,GIB,_T,_T,_T,_Z,_Z,_Z,2019,A,T,
5.735413,P1Y,0,,A,PU,_Z,2,,,False,WB_WDI,WB_WDI_EN_GHG_CO2_PC_CE_AR5,GRC,_T,_T,_T,_Z,_Z,_Z,2019,A,T,
9.317919,P1Y,0,,A,PU,_Z,2,,,False,WB_WDI,WB_WDI_EN_GHG_CO2_PC_CE_AR5,GRL,_T,_T,_T,_Z,_Z,_Z,2019,A,T,
1.555427,P1Y,0,,A,PU,_Z,2,,,False,WB_WDI,WB_WDI_EN_GHG_CO2_PC_CE_AR5,GRD,_T,_T,_T,_Z,_Z,_Z,2019,A,T,
0.002472,P1Y,0,,A,PU,_Z,2,,,False,WB_WDI,WB_WDI_EN_GHG_CO2_PC_CE_AR5,GUM,_T,_T,_T,_Z,_Z,_Z,2019,A,T,
1.149627,P1Y,0,,A,PU,_Z,2,,,False,WB_WDI,WB_WDI_EN_GHG_CO2_PC_CE_AR5,GTM,_T,_T,_T,_Z,_Z,_Z,2019,A,T,
0.369332,P1Y,0,,A,PU,_Z,2,,,False,WB_WDI,WB_WDI_EN_GHG_CO2_PC_CE_AR5,GIN,_T,_T,_T,_Z,_Z,_Z,2019,A,T,
0.181227,P1Y,0,,A,PU,_Z,2,,,False,WB_WDI,WB_WDI_EN_GHG_CO2_PC_CE_AR5,GNB,_T,_T,_T,_Z,_Z,_Z,2019,A,T,
3.458612,P1Y,0,,A,PU,_Z,2,,,False,WB_WDI,WB_WDI_EN_GHG_CO2_PC_CE_AR5,GUY,_T,_T,_T,_Z,_Z,_Z,2019,A,T,
0.323714,P1Y,0,,A,PU,_Z,2,,,False,WB_WDI,WB_WDI_EN_GHG_CO2_PC_CE_AR5,HTI,_T,_T,_T,_Z,_Z,_Z,2019,A,T,
6.068693,P1Y,0,,A,PU,_Z,2,,,False,WB_WDI,WB_WDI_EN_GHG_CO2_PC_CE_AR5,HUN,_T,_T,_T,_Z,_Z,_Z,2005,A,T,
10.539406,P1Y,0,,A,PU,_Z,2,,,False,WB_WDI,WB_WDI_EN_GHG_CO2_PC_CE_AR5,ISL,_T,_T,_T,_Z,_Z,_Z,2005,A,T,
1.054605,P1Y,0,,A,PU,_Z,2,,,False,WB_WDI,WB_WDI_EN_GHG_CO2_PC_CE_AR5,IND,_T,_T,_T,_Z,_Z,_Z,2005,A,T,
1.570557,P1Y,0,,A,PU,_Z,2,,,False,WB_WDI,WB_WDI_EN_GHG_CO2_PC_CE_AR5,IDN,_T,_T,_T,_Z,_Z,_Z,2005,A,T,
6.529305,P1Y,0,,A,PU,_Z,2,,,False,WB_WDI,WB_WDI_EN_GHG_CO2_PC_CE_AR5,IRN,_T,_T,_T,_Z,_Z,_Z,2005,A,T,
3.070895,P1Y,0,,A,PU,_Z,2,,,False,WB_WDI,WB_WDI_EN_GHG_CO2_PC_CE_AR5,IRQ,_T,_T,_T,_Z,_Z,_Z,2005,A,T,
11.316051,P1Y,0,,A,PU,_Z,2,,,False,WB_WDI,WB_WDI_EN_GHG_CO2_PC_CE_AR5,IRL,_T,_T,_T,_Z,_Z,_Z,2005,A,T,
8.928125,P1Y,0,,A,PU,_Z,2,,,False,WB_WDI,WB_WDI_EN_GHG_CO2_PC_CE_AR5,ISR,_T,_T,_T,_Z,_Z,_Z,2005,A,T,
8.476865,P1Y,0,,A,PU,_Z,2,,,False,WB_WDI,WB_WDI_EN_GHG_CO2_PC_CE_AR5,ITA,_T,_T,_T,_Z,_Z,_Z,2005,A,T,
3.955578,P1Y,0,,A,PU,_Z,2,,,False,WB_WDI,WB_WDI_EN_GHG_CO2_PC_CE_AR5,JAM,_T,_T,_T,_Z,_Z,_Z,2005,A,T,
10.007473,P1Y,0,,A,PU,_Z,2,,,False,WB_WDI,WB_WDI_EN_GHG_CO2_PC_CE_AR5,JPN,_T,_T,_T,_Z,_Z,_Z,2005,A,T,
3.421932,P1Y,0,,A,PU,_Z,2,,,False,WB_WDI,WB_WDI_EN_GHG_CO2_PC_CE_AR5,PRI,_T,_T,_T,_Z,_Z,_Z,2015,A,T,
48.659128,P1Y,0,,A,PU,_Z,2,,,False,WB_WDI,WB_WDI_EN_GHG_CO2_PC_CE_AR5,QAT,_T,_T,_T,_Z,_Z,_Z,2015,A,T,
4.052561,P1Y,0,,A,PU,_Z,2,,,False,WB_WDI,WB_WDI_EN_GHG_CO2_PC_CE_AR5,ROU,_T,_T,_T,_Z,_Z,_Z,2015,A,T,
12.148128,P1Y,0,,A,PU,_Z,2,,,False,WB_WDI,WB_WDI_EN_GHG_CO2_PC_CE_AR5,RUS,_T,_T,_T,_Z,_Z,_Z,2015,A,T,
0.09512,P1Y,0,,A,PU,_Z,2,,,False,WB_WDI,WB_WDI_EN_GHG_CO2_PC_CE_AR5,RWA,_T,_T,_T,_Z,_Z,_Z,2015,A,T,
1.629481,P1Y,0,,A,PU,_Z,2,,,False,WB_WDI,WB_WDI_EN_GHG_CO2_PC_CE_AR5,WSM,_T,_T,_T,_Z,_Z,_Z,2015,A,T,
0.702478,P1Y,0,,A,PU,_Z,2,,,False,WB_WDI,WB_WDI_EN_GHG_CO2_PC_CE_AR5,STP,_T,_T,_T,_Z,_Z,_Z,2015,A,T,
20.507126,P1Y,0,,A,PU,_Z,2,,,False,WB_WDI,WB_WDI_EN_GHG_CO2_PC_CE_AR5,SAU,_T,_T,_T,_Z,_Z,_Z,2015,A,T,
0.631686,P1Y,0,,A,PU,_Z,2,,,False,WB_WDI,WB_WDI_EN_GHG_CO2_PC_CE_AR5,SEN,_T,_T,_T,_Z,_Z,_Z,2015,A,T,
6.464367,P1Y,0,,A,PU,_Z,2,,,False,WB_WDI,WB_WDI_EN_GHG_CO2_PC_CE_AR5,FRA,_T,_T,_T,_Z,_Z,_Z,2002,A,T,
3.54273,P1Y,0,,A,PU,_Z,2,,,False,WB_WDI,WB_WDI_EN_GHG_CO2_PC_CE_AR5,PYF,_T,_T,_T,_Z,_Z,_Z,2002,A,T,
4.811487,P1Y,0,,A,PU,_Z,2,,,False,WB_WDI,WB_WDI_EN_GHG_CO2_PC_CE_AR5,GAB,_T,_T,_T,_Z,_Z,_Z,2002,A,T,
0.201668,P1Y,0,,A,PU,_Z,2,,,False,WB_WDI,WB_WDI_EN_GHG_CO2_PC_CE_AR5,GMB,_T,_T,_T,_Z,_Z,_Z,2002,A,T,
0.903226,P1Y,0,,A,PU,_Z,2,,,False,WB_WDI,WB_WDI_EN_GHG_CO2_PC_CE_AR5,GEO,_T,_T,_T,_Z,_Z,_Z,2002,A,T,
10.546203,P1Y,0,,A,PU,_Z,2,,,False,WB_WDI,WB_WDI_EN_GHG_CO2_PC_CE_AR5,DEU,_T,_T,_T,_Z,_Z,_Z,2002,A,T,
0.370503,P1Y,0,,A,PU,_Z,2,,,False,WB_WDI,WB_WDI_EN_GHG_CO2_PC_CE_AR5,GHA,_T,_T,_T,_Z,_Z,_Z,2002,A,T,
12.798678,P1Y,0,,A,PU,_Z,2,,,False,WB_WDI,WB_WDI_EN_GHG_CO2_PC_CE_AR5,GIB,_T,_T,_T,_Z,_Z,_Z,2002,A,T,
8.997221,P1Y,0,,A,PU,_Z,2,,,False,WB_WDI,WB_WDI_EN_GHG_CO2_PC_CE_AR5,GRC,_T,_T,_T,_Z,_Z,_Z,2002,A,T,
0.024737,P1Y,0,,A,PU,_Z,2,,,False,WB_WDI,WB_WDI_EN_GHG_CO2_PC_CE_AR5,GRL,_T,_T,_T,_Z,_Z,_Z,2002,A,T,
0.584849,P1Y,0,,A,PU,_Z,2,,,False,WB_WDI,WB_WDI_EN_GHG_CO2_PC_CE_AR5,GRD,_T,_T,_T,_Z,_Z,_Z,2002,A,T,
0.001848,P1Y,0,,A,PU,_Z,2,,,False,WB_WDI,WB_WDI_EN_GHG_CO2_PC_CE_AR5,GUM,_T,_T,_T,_Z,_Z,_Z,2002,A,T,
0.868651,P1Y,0,,A,PU,_Z,2,,,False,WB_WDI,WB_WDI_EN_GHG_CO2_PC_CE_AR5,GTM,_T,_T,_T,_Z,_Z,_Z,2002,A,T,
0.195756,P1Y,0,,A,PU,_Z,2,,,False,WB_WDI,WB_WDI_EN_GHG_CO2_PC_CE_AR5,GIN,_T,_T,_T,_Z,_Z,_Z,2002,A,T,
0.173194,P1Y,0,,A,PU,_Z,2,,,False,WB_WDI,WB_WDI_EN_GHG_CO2_PC_CE_AR5,GNB,_T,_T,_T,_Z,_Z,_Z,2002,A,T,
8.074241,P1Y,0,,A,PU,_Z,2,,,False,WB_WDI,WB_WDI_EN_GHG_CO2_PC_CE_AR5,ITA,_T,_T,_T,_Z,_Z,_Z,2002,A,T,
3.88537,P1Y,0,,A,PU,_Z,2,,,False,WB_WDI,WB_WDI_EN_GHG_CO2_PC_CE_AR5,JAM,_T,_T,_T,_Z,_Z,_Z,2002,A,T,
9.921934,P1Y,0,,A,PU,_Z,2,,,False,WB_WDI,WB_WDI_EN_GHG_CO2_PC_CE_AR5,JPN,_T,_T,_T,_Z,_Z,_Z,2002,A,T,
3.063978,P1Y,0,,A,PU,_Z,2,,,False,WB_WDI,WB_WDI_EN_GHG_CO2_PC_CE_AR5,JOR,_T,_T,_T,_Z,_Z,_Z,2002,A,T,
9.295331,P1Y,0,,A,PU,_Z,2,,,False,WB_WDI,WB_WDI_EN_GHG_CO2_PC_CE_AR5,KAZ,_T,_T,_T,_Z,_Z,_Z,2002,A,T,
0.245466,P1Y,0,,A,PU,_Z,2,,,False,WB_WDI,WB_WDI_EN_GHG_CO2_PC_CE_AR5,KEN,_T,_T,_T,_Z,_Z,_Z,2002,A,T,
0.468222,P1Y,0,,A,PU,_Z,2,,,False,WB_WDI,WB_WDI_EN_GHG_CO2_PC_CE_AR5,KIR,_T,_T,_T,_Z,_Z,_Z,2002,A,T,
3.06729,P1Y,0,,A,PU,_Z,2,,,False,WB_WDI,WB_WDI_EN_GHG_CO2_PC_CE_AR5,PRK,_T,_T,_T,_Z,_Z,_Z,2002,A,T,
10.37828,P1Y,0,,A,PU,_Z,2,,,False,WB_WDI,WB_WDI_EN_GHG_CO2_PC_CE_AR5,KOR,_T,_T,_T,_Z,_Z,_Z,2002,A,T,
29.894552,P1Y,0,,A,PU,_Z,2,,,False,WB_WDI,WB_WDI_EN_GHG_CO2_PC_CE_AR5,KWT,_T,_T,_T,_Z,_Z,_Z,2002,A,T,
1.009557,P1Y,0,,A,PU,_Z,2,,,False,WB_WDI,WB_WDI_EN_GHG_CO2_PC_CE_AR5,KGZ,_T,_T,_T,_Z,_Z,_Z,2002,A,T,
0.205743,P1Y,0,,A,PU,_Z,2,,,False,WB_WDI,WB_WDI_EN_GHG_CO2_PC_CE_AR5,LAO,_T,_T,_T,_Z,_Z,_Z,2002,A,T,
6.616746,P1Y,0,,A,PU,_Z,2,,,False,WB_WDI,WB_WDI_EN_GHG_CO2_PC_CE_AR5,ECS,_T,_T,_T,_Z,_Z,_Z,2020,A,T,
5.071891,P1Y,0,,A,PU,_Z,2,,,False,WB_WDI,WB_WDI_EN_GHG_CO2_PC_CE_AR5,ECA,_T,_T,_T,_Z,_Z,_Z,2020,A,T,
7.575946,P1Y,0,,A,PU,_Z,2,,,False,WB_WDI,WB_WDI_EN_GHG_CO2_PC_CE_AR5,TEC,_T,_T,_T,_Z,_Z,_Z,2020,A,T,
5.904186,P1Y,0,,A,PU,_Z,2,,,False,WB_WDI,WB_WDI_EN_GHG_CO2_PC_CE_AR5,EUU,_T,_T,_T,_Z,_Z,_Z,2020,A,T,
0.302475,P1Y,0,,A,PU,_Z,2,,,False,WB_WDI,WB_WDI_EN_GHG_CO2_PC_CE_AR5,HPC,_T,_T,_T,_Z,_Z,_Z,2020,A,T,
9.769867,P1Y,0,,A,PU,_Z,2,,,False,WB_WDI,WB_WDI_EN_GHG_CO2_PC_CE_AR5,HIC,_T,_T,_T,_Z,_Z,_Z,2020,A,T,
4.679445,P1Y,0,,A,PU,_Z,2,,,False,WB_WDI,WB_WDI_EN_GHG_CO2_PC_CE_AR5,IBD,_T,_T,_T,_Z,_Z,_Z,2020,A,T,
3.584207,P1Y,0,,A,PU,_Z,2,,,False,WB_WDI,WB_WDI_EN_GHG_CO2_PC_CE_AR5,IBT,_T,_T,_T,_Z,_Z,_Z,2020,A,T,
0.857469,P1Y,0,,A,PU,_Z,2,,,False,WB_WDI,WB_WDI_EN_GHG_CO2_PC_CE_AR5,IDB,_T,_T,_T,_Z,_Z,_Z,2020,A,T,
0.426223,P1Y,0,,A,PU,_Z,2,,,False,WB_WDI,WB_WDI_EN_GHG_CO2_PC_CE_AR5,IDX,_T,_T,_T,_Z,_Z,_Z,2020,A,T,
0.578437,P1Y,0,,A,PU,_Z,2,,,False,WB_WDI,WB_WDI_EN_GHG_CO2_PC_CE_AR5,IDA,_T,_T,_T,_Z,_Z,_Z,2020,A,T,
7.290836,P1Y,0,,A,PU,_Z,2,,,False,WB_WDI,WB_WDI_EN_GHG_CO2_PC_CE_AR5,LTE,_T,_T,_T,_Z,_Z,_Z,2020,A,T,
2.453992,P1Y,0,,A,PU,_Z,2,,,False,WB_WDI,WB_WDI_EN_GHG_CO2_PC_CE_AR5,LCN,_T,_T,_T,_Z,_Z,_Z,2020,A,T,
2.346384,P1Y,0,,A,PU,_Z,2,,,False,WB_WDI,WB_WDI_EN_GHG_CO2_PC_CE_AR5,LAC,_T,_T,_T,_Z,_Z,_Z,2020,A,T,
2.446022,P1Y,0,,A,PU,_Z,2,,,False,WB_WDI,WB_WDI_EN_GHG_CO2_PC_CE_AR5,BRB,_T,_T,_T,_Z,_Z,_Z,2023,A,T,
5.863876,P1Y,0,,A,PU,_Z,2,,,False,WB_WDI,WB_WDI_EN_GHG_CO2_PC_CE_AR5,BLR,_T,_T,_T,_Z,_Z,_Z,2023,A,T,
7.277631,P1Y,0,,A,PU,_Z,2,,,False,WB_WDI,WB_WDI_EN_GHG_CO2_PC_CE_AR5,BEL,_T,_T,_T,_Z,_Z,_Z,2023,A,T,
0.913633,P1Y,0,,A,PU,_Z,2,,,False,WB_WDI,WB_WDI_EN_GHG_CO2_PC_CE_AR5,BLZ,_T,_T,_T,_Z,_Z,_Z,2023,A,T,
0.488426,P1Y,0,,A,PU,_Z,2,,,False,WB_WDI,WB_WDI_EN_GHG_CO2_PC_CE_AR5,BEN,_T,_T,_T,_Z,_Z,_Z,2023,A,T,
3.992395,P1Y,0,,A,PU,_Z,2,,,False,WB_WDI,WB_WDI_EN_GHG_CO2_PC_CE_AR5,BMU,_T,_T,_T,_Z,_Z,_Z,2023,A,T,
1.984651,P1Y,0,,A,PU,_Z,2,,,False,WB_WDI,WB_WDI_EN_GHG_CO2_PC_CE_AR5,BTN,_T,_T,_T,_Z,_Z,_Z,2023,A,T,
1.994755,P1Y,0,,A,PU,_Z,2,,,False,WB_WDI,WB_WDI_EN_GHG_CO2_PC_CE_AR5,BOL,_T,_T,_T,_Z,_Z,_Z,2023,A,T,
6.539505,P1Y,0,,A,PU,_Z,2,,,False,WB_WDI,WB_WDI_EN_GHG_CO2_PC_CE_AR5,BIH,_T,_T,_T,_Z,_Z,_Z,2023,A,T,
2.709693,P1Y,0,,A,PU,_Z,2,,,False,WB_WDI,WB_WDI_EN_GHG_CO2_PC_CE_AR5,BWA,_T,_T,_T,_Z,_Z,_Z,2023,A,T,
2.274478,P1Y,0,,A,PU,_Z,2,,,False,WB_WDI,WB_WDI_EN_GHG_CO2_PC_CE_AR5,BRA,_T,_T,_T,_Z,_Z,_Z,2023,A,T,
2.275234,P1Y,0,,A,PU,_Z,2,,,False,WB_WDI,WB_WDI_EN_GHG_CO2_PC_CE_AR5,VGB,_T,_T,_T,_Z,_Z,_Z,2023,A,T,
21.14309,P1Y,0,,A,PU,_Z,2,,,False,WB_WDI,WB_WDI_EN_GHG_CO2_PC_CE_AR5,BRN,_T,_T,_T,_Z,_Z,_Z,2023,A,T,
5.734903,P1Y,0,,A,PU,_Z,2,,,False,WB_WDI,WB_WDI_EN_GHG_CO2_PC_CE_AR5,BGR,_T,_T,_T,_Z,_Z,_Z,2023,A,T,
4.790177,P1Y,0,,A,PU,_Z,2,,,False,WB_WDI,WB_WDI_EN_GHG_CO2_PC_CE_AR5,GBR,_T,_T,_T,_Z,_Z,_Z,2020,A,T,
13.471567,P1Y,0,,A,PU,_Z,2,,,False,WB_WDI,WB_WDI_EN_GHG_CO2_PC_CE_AR5,USA,_T,_T,_T,_Z,_Z,_Z,2020,A,T,
2.034,P1Y,0,,A,PU,_Z,2,,,False,WB_WDI,WB_WDI_EN_GHG_CO2_PC_CE_AR5,URY,_T,_T,_T,_Z,_Z,_Z,2020,A,T,
3.690339,P1Y,0,,A,PU,_Z,2,,,False,WB_WDI,WB_WDI_EN_GHG_CO2_PC_CE_AR5,UZB,_T,_T,_T,_Z,_Z,_Z,2020,A,T,
0.841537,P1Y,0,,A,PU,_Z,2,,,False,WB_WDI,WB_WDI_EN_GHG_CO2_PC_CE_AR5,VUT,_T,_T,_T,_Z,_Z,_Z,2020,A,T,
2.695313,P1Y,0,,A,PU,_Z,2,,,False,WB_WDI,WB_WDI_EN_GHG_CO2_PC_CE_AR5,VEN,_T,_T,_T,_Z,_Z,_Z,2020,A,T,
3.551533,P1Y,0,,A,PU,_Z,2,,,False,WB_WDI,WB_WDI_EN_GHG_CO2_PC_CE_AR5,VNM,_T,_T,_T,_Z,_Z,_Z,2020,A,T,
0.001882,P1Y,0,,A,PU,_Z,2,,,False,WB_WDI,WB_WDI_EN_GHG_CO2_PC_CE_AR5,VIR,_T,_T,_T,_Z,_Z,_Z,2020,A,T,
0.313196,P1Y,0,,A,PU,_Z,2,,,False,WB_WDI,WB_WDI_EN_GHG_CO2_PC_CE_AR5,YEM,_T,_T,_T,_Z,_Z,_Z,2020,A,T,
0.500068,P1Y,0,,A,PU,_Z,2,,,False,WB_WDI,WB_WDI_EN_GHG_CO2_PC_CE_AR5,ZMB,_T,_T,_T,_Z,_Z,_Z,2020,A,T,
0.584444,P1Y,0,,A,PU,_Z,2,,,False,WB_WDI,WB_WDI_EN_GHG_CO2_PC_CE_AR5,ZWE,_T,_T,_T,_Z,_Z,_Z,2020,A,T,
1.061725,P1Y,0,,A,PU,_Z,2,,,False,WB_WDI,WB_WDI_EN_GHG_CO2_PC_CE_AR5,GTM,_T,_T,_T,_Z,_Z,_Z,2015,A,T,
0.243672,P1Y,0,,A,PU,_Z,2,,,False,WB_WDI,WB_WDI_EN_GHG_CO2_PC_CE_AR5,GIN,_T,_T,_T,_Z,_Z,_Z,2015,A,T,
0.202916,P1Y,0,,A,PU,_Z,2,,,False,WB_WDI,WB_WDI_EN_GHG_CO2_PC_CE_AR5,GNB,_T,_T,_T,_Z,_Z,_Z,2015,A,T,
2.734122,P1Y,0,,A,PU,_Z,2,,,False,WB_WDI,WB_WDI_EN_GHG_CO2_PC_CE_AR5,GUY,_T,_T,_T,_Z,_Z,_Z,2015,A,T,
0.332027,P1Y,0,,A,PU,_Z,2,,,False,WB_WDI,WB_WDI_EN_GHG_CO2_PC_CE_AR5,HTI,_T,_T,_T,_Z,_Z,_Z,2015,A,T,
1.171207,P1Y,0,,A,PU,_Z,2,,,False,WB_WDI,WB_WDI_EN_GHG_CO2_PC_CE_AR5,HND,_T,_T,_T,_Z,_Z,_Z,2015,A,T,
6.068259,P1Y,0,,A,PU,_Z,2,,,False,WB_WDI,WB_WDI_EN_GHG_CO2_PC_CE_AR5,HKG,_T,_T,_T,_Z,_Z,_Z,2015,A,T,
4.852234,P1Y,0,,A,PU,_Z,2,,,False,WB_WDI,WB_WDI_EN_GHG_CO2_PC_CE_AR5,HUN,_T,_T,_T,_Z,_Z,_Z,2015,A,T,
10.970482,P1Y,0,,A,PU,_Z,2,,,False,WB_WDI,WB_WDI_EN_GHG_CO2_PC_CE_AR5,ISL,_T,_T,_T,_Z,_Z,_Z,2015,A,T,
1.715503,P1Y,0,,A,PU,_Z,2,,,False,WB_WDI,WB_WDI_EN_GHG_CO2_PC_CE_AR5,IND,_T,_T,_T,_Z,_Z,_Z,2015,A,T,
1.957215,P1Y,0,,A,PU,_Z,2,,,False,WB_WDI,WB_WDI_EN_GHG_CO2_PC_CE_AR5,IDN,_T,_T,_T,_Z,_Z,_Z,2015,A,T,
2.889076,P1Y,0,,A,PU,_Z,2,,,False,WB_WDI,WB_WDI_EN_GHG_CO2_PC_CE_AR5,CHN,_T,_T,_T,_Z,_Z,_Z,2000,A,T,
1.62232,P1Y,0,,A,PU,_Z,2,,,False,WB_WDI,WB_WDI_EN_GHG_CO2_PC_CE_AR5,COL,_T,_T,_T,_Z,_Z,_Z,2000,A,T,
0.168072,P1Y,0,,A,PU,_Z,2,,,False,WB_WDI,WB_WDI_EN_GHG_CO2_PC_CE_AR5,COM,_T,_T,_T,_Z,_Z,_Z,2000,A,T,
0.037173,P1Y,0,,A,PU,_Z,2,,,False,WB_WDI,WB_WDI_EN_GHG_CO2_PC_CE_AR5,COD,_T,_T,_T,_Z,_Z,_Z,2000,A,T,
1.431738,P1Y,0,,A,PU,_Z,2,,,False,WB_WDI,WB_WDI_EN_GHG_CO2_PC_CE_AR5,COG,_T,_T,_T,_Z,_Z,_Z,2000,A,T,
1.303134,P1Y,0,,A,PU,_Z,2,,,False,WB_WDI,WB_WDI_EN_GHG_CO2_PC_CE_AR5,CRI,_T,_T,_T,_Z,_Z,_Z,2000,A,T,
0.393649,P1Y,0,,A,PU,_Z,2,,,False,WB_WDI,WB_WDI_EN_GHG_CO2_PC_CE_AR5,CIV,_T,_T,_T,_Z,_Z,_Z,2000,A,T,
4.33677,P1Y,0,,A,PU,_Z,2,,,False,WB_WDI,WB_WDI_EN_GHG_CO2_PC_CE_AR5,HRV,_T,_T,_T,_Z,_Z,_Z,2000,A,T,
2.610101,P1Y,0,,A,PU,_Z,2,,,False,WB_WDI,WB_WDI_EN_GHG_CO2_PC_CE_AR5,CUB,_T,_T,_T,_Z,_Z,_Z,2000,A,T,
7.5268,P1Y,0,,A,PU,_Z,2,,,False,WB_WDI,WB_WDI_EN_GHG_CO2_PC_CE_AR5,CYP,_T,_T,_T,_Z,_Z,_Z,2000,A,T,
12.902573,P1Y,0,,A,PU,_Z,2,,,False,WB_WDI,WB_WDI_EN_GHG_CO2_PC_CE_AR5,CZE,_T,_T,_T,_Z,_Z,_Z,2000,A,T,
9.953787,P1Y,0,,A,PU,_Z,2,,,False,WB_WDI,WB_WDI_EN_GHG_CO2_PC_CE_AR5,DNK,_T,_T,_T,_Z,_Z,_Z,2000,A,T,
0,P1Y,0,,A,PU,_Z,2,,,False,WB_WDI,WB_WDI_EN_GHG_CO2_PC_CE_AR5,TUV,_T,_T,_T,_Z,_Z,_Z,2018,A,T,
0.16497,P1Y,0,,A,PU,_Z,2,,,False,WB_WDI,WB_WDI_EN_GHG_CO2_PC_CE_AR5,UGA,_T,_T,_T,_Z,_Z,_Z,2018,A,T,
4.828759,P1Y,0,,A,PU,_Z,2,,,False,WB_WDI,WB_WDI_EN_GHG_CO2_PC_CE_AR5,UKR,_T,_T,_T,_Z,_Z,_Z,2018,A,T,
20.037583,P1Y,0,,A,PU,_Z,2,,,False,WB_WDI,WB_WDI_EN_GHG_CO2_PC_CE_AR5,ARE,_T,_T,_T,_Z,_Z,_Z,2018,A,T,
5.640353,P1Y,0,,A,PU,_Z,2,,,False,WB_WDI,WB_WDI_EN_GHG_CO2_PC_CE_AR5,GBR,_T,_T,_T,_Z,_Z,_Z,2018,A,T,
15.579646,P1Y,0,,A,PU,_Z,2,,,False,WB_WDI,WB_WDI_EN_GHG_CO2_PC_CE_AR5,USA,_T,_T,_T,_Z,_Z,_Z,2018,A,T,
2.024136,P1Y,0,,A,PU,_Z,2,,,False,WB_WDI,WB_WDI_EN_GHG_CO2_PC_CE_AR5,URY,_T,_T,_T,_Z,_Z,_Z,2018,A,T,
3.484175,P1Y,0,,A,PU,_Z,2,,,False,WB_WDI,WB_WDI_EN_GHG_CO2_PC_CE_AR5,UZB,_T,_T,_T,_Z,_Z,_Z,2018,A,T,
0.802078,P1Y,0,,A,PU,_Z,2,,,False,WB_WDI,WB_WDI_EN_GHG_CO2_PC_CE_AR5,VUT,_T,_T,_T,_Z,_Z,_Z,2018,A,T,
4.622691,P1Y,0,,A,PU,_Z,2,,,False,WB_WDI,WB_WDI_EN_GHG_CO2_PC_CE_AR5,VEN,_T,_T,_T,_Z,_Z,_Z,2018,A,T,
2.931267,P1Y,0,,A,PU,_Z,2,,,False,WB_WDI,WB_WDI_EN_GHG_CO2_PC_CE_AR5,VNM,_T,_T,_T,_Z,_Z,_Z,2018,A,T,
0.001869,P1Y,0,,A,PU,_Z,2,,,False,WB_WDI,WB_WDI_EN_GHG_CO2_PC_CE_AR5,VIR,_T,_T,_T,_Z,_Z,_Z,2018,A,T,
4.123394,P1Y,0,,A,PU,_Z,2,,,False,WB_WDI,WB_WDI_EN_GHG_CO2_PC_CE_AR5,MEX,_T,_T,_T,_Z,_Z,_Z,2004,A,T,
0.001787,P1Y,0,,A,PU,_Z,2,,,False,WB_WDI,WB_WDI_EN_GHG_CO2_PC_CE_AR5,FSM,_T,_T,_T,_Z,_Z,_Z,2004,A,T,
2.725013,P1Y,0,,A,PU,_Z,2,,,False,WB_WDI,WB_WDI_EN_GHG_CO2_PC_CE_AR5,MDA,_T,_T,_T,_Z,_Z,_Z,2004,A,T,
3.817953,P1Y,0,,A,PU,_Z,2,,,False,WB_WDI,WB_WDI_EN_GHG_CO2_PC_CE_AR5,MNG,_T,_T,_T,_Z,_Z,_Z,2004,A,T,
1.429873,P1Y,0,,A,PU,_Z,2,,,False,WB_WDI,WB_WDI_EN_GHG_CO2_PC_CE_AR5,MAR,_T,_T,_T,_Z,_Z,_Z,2004,A,T,
0.140134,P1Y,0,,A,PU,_Z,2,,,False,WB_WDI,WB_WDI_EN_GHG_CO2_PC_CE_AR5,MOZ,_T,_T,_T,_Z,_Z,_Z,2004,A,T,
0.225863,P1Y,0,,A,PU,_Z,2,,,False,WB_WDI,WB_WDI_EN_GHG_CO2_PC_CE_AR5,MMR,_T,_T,_T,_Z,_Z,_Z,2004,A,T,
1.234551,P1Y,0,,A,PU,_Z,2,,,False,WB_WDI,WB_WDI_EN_GHG_CO2_PC_CE_AR5,NAM,_T,_T,_T,_Z,_Z,_Z,2004,A,T,
0,P1Y,0,,A,PU,_Z,2,,,False,WB_WDI,WB_WDI_EN_GHG_CO2_PC_CE_AR5,NRU,_T,_T,_T,_Z,_Z,_Z,2004,A,T,
0.112501,P1Y,0,,A,PU,_Z,2,,,False,WB_WDI,WB_WDI_EN_GHG_CO2_PC_CE_AR5,NPL,_T,_T,_T,_Z,_Z,_Z,2004,A,T,
11.470043,P1Y,0,,A,PU,_Z,2,,,False,WB_WDI,WB_WDI_EN_GHG_CO2_PC_CE_AR5,NLD,_T,_T,_T,_Z,_Z,_Z,2004,A,T,
10.107037,P1Y,0,,A,PU,_Z,2,,,False,WB_WDI,WB_WDI_EN_GHG_CO2_PC_CE_AR5,NCL,_T,_T,_T,_Z,_Z,_Z,2004,A,T,
0.496763,P1Y,0,,A,PU,_Z,2,,,False,WB_WDI,WB_WDI_EN_GHG_CO2_PC_CE_AR5,TLS,_T,_T,_T,_Z,_Z,_Z,2017,A,T,
0.226012,P1Y,0,,A,PU,_Z,2,,,False,WB_WDI,WB_WDI_EN_GHG_CO2_PC_CE_AR5,TGO,_T,_T,_T,_Z,_Z,_Z,2017,A,T,
1.470253,P1Y,0,,A,PU,_Z,2,,,False,WB_WDI,WB_WDI_EN_GHG_CO2_PC_CE_AR5,TON,_T,_T,_T,_Z,_Z,_Z,2017,A,T,
23.989613,P1Y,0,,A,PU,_Z,2,,,False,WB_WDI,WB_WDI_EN_GHG_CO2_PC_CE_AR5,TTO,_T,_T,_T,_Z,_Z,_Z,2017,A,T,
2.60043,P1Y,0,,A,PU,_Z,2,,,False,WB_WDI,WB_WDI_EN_GHG_CO2_PC_CE_AR5,TUN,_T,_T,_T,_Z,_Z,_Z,2017,A,T,
5.394164,P1Y,0,,A,PU,_Z,2,,,False,WB_WDI,WB_WDI_EN_GHG_CO2_PC_CE_AR5,TUR,_T,_T,_T,_Z,_Z,_Z,2017,A,T,
11.091152,P1Y,0,,A,PU,_Z,2,,,False,WB_WDI,WB_WDI_EN_GHG_CO2_PC_CE_AR5,TKM,_T,_T,_T,_Z,_Z,_Z,2017,A,T,
2.212312,P1Y,0,,A,PU,_Z,2,,,False,WB_WDI,WB_WDI_EN_GHG_CO2_PC_CE_AR5,TCA,_T,_T,_T,_Z,_Z,_Z,2017,A,T,
0,P1Y,0,,A,PU,_Z,2,,,False,WB_WDI,WB_WDI_EN_GHG_CO2_PC_CE_AR5,TUV,_T,_T,_T,_Z,_Z,_Z,2017,A,T,
0.155657,P1Y,0,,A,PU,_Z,2,,,False,WB_WDI,WB_WDI_EN_GHG_CO2_PC_CE_AR5,UGA,_T,_T,_T,_Z,_Z,_Z,2017,A,T,
4.524631,P1Y,0,,A,PU,_Z,2,,,False,WB_WDI,WB_WDI_EN_GHG_CO2_PC_CE_AR5,UKR,_T,_T,_T,_Z,_Z,_Z,2017,A,T,
7.40131,P1Y,0,,A,PU,_Z,2,,,False,WB_WDI,WB_WDI_EN_GHG_CO2_PC_CE_AR5,ESP,_T,_T,_T,_Z,_Z,_Z,2008,A,T,
0.644925,P1Y,0,,A,PU,_Z,2,,,False,WB_WDI,WB_WDI_EN_GHG_CO2_PC_CE_AR5,LKA,_T,_T,_T,_Z,_Z,_Z,2008,A,T,
1.716665,P1Y,0,,A,PU,_Z,2,,,False,WB_WDI,WB_WDI_EN_GHG_CO2_PC_CE_AR5,KNA,_T,_T,_T,_Z,_Z,_Z,2008,A,T,
0.886214,P1Y,0,,A,PU,_Z,2,,,False,WB_WDI,WB_WDI_EN_GHG_CO2_PC_CE_AR5,LCA,_T,_T,_T,_Z,_Z,_Z,2008,A,T,
0.734049,P1Y,0,,A,PU,_Z,2,,,False,WB_WDI,WB_WDI_EN_GHG_CO2_PC_CE_AR5,VCT,_T,_T,_T,_Z,_Z,_Z,2008,A,T,
0.457314,P1Y,0,,A,PU,_Z,2,,,False,WB_WDI,WB_WDI_EN_GHG_CO2_PC_CE_AR5,SDN,_T,_T,_T,_Z,_Z,_Z,2008,A,T,
2.717754,P1Y,0,,A,PU,_Z,2,,,False,WB_WDI,WB_WDI_EN_GHG_CO2_PC_CE_AR5,SUR,_T,_T,_T,_Z,_Z,_Z,2008,A,T,
5.608952,P1Y,0,,A,PU,_Z,2,,,False,WB_WDI,WB_WDI_EN_GHG_CO2_PC_CE_AR5,SWE,_T,_T,_T,_Z,_Z,_Z,2008,A,T,
6.012376,P1Y,0,,A,PU,_Z,2,,,False,WB_WDI,WB_WDI_EN_GHG_CO2_PC_CE_AR5,CHE,_T,_T,_T,_Z,_Z,_Z,2008,A,T,
3.081792,P1Y,0,,A,PU,_Z,2,,,False,WB_WDI,WB_WDI_EN_GHG_CO2_PC_CE_AR5,SYR,_T,_T,_T,_Z,_Z,_Z,2008,A,T,
0.51657,P1Y,0,,A,PU,_Z,2,,,False,WB_WDI,WB_WDI_EN_GHG_CO2_PC_CE_AR5,TJK,_T,_T,_T,_Z,_Z,_Z,2008,A,T,
0.147505,P1Y,0,,A,PU,_Z,2,,,False,WB_WDI,WB_WDI_EN_GHG_CO2_PC_CE_AR5,TZA,_T,_T,_T,_Z,_Z,_Z,2008,A,T,
4.077571,P1Y,0,,A,PU,_Z,2,,,False,WB_WDI,WB_WDI_EN_GHG_CO2_PC_CE_AR5,MAC,_T,_T,_T,_Z,_Z,_Z,2006,A,T,
0.086889,P1Y,0,,A,PU,_Z,2,,,False,WB_WDI,WB_WDI_EN_GHG_CO2_PC_CE_AR5,MDG,_T,_T,_T,_Z,_Z,_Z,2006,A,T,
0.286892,P1Y,0,,A,PU,_Z,2,,,False,WB_WDI,WB_WDI_EN_GHG_CO2_PC_CE_AR5,MWI,_T,_T,_T,_Z,_Z,_Z,2006,A,T,
7.106051,P1Y,0,,A,PU,_Z,2,,,False,WB_WDI,WB_WDI_EN_GHG_CO2_PC_CE_AR5,MYS,_T,_T,_T,_Z,_Z,_Z,2006,A,T,
2.665277,P1Y,0,,A,PU,_Z,2,,,False,WB_WDI,WB_WDI_EN_GHG_CO2_PC_CE_AR5,MDV,_T,_T,_T,_Z,_Z,_Z,2006,A,T,
0.081107,P1Y,0,,A,PU,_Z,2,,,False,WB_WDI,WB_WDI_EN_GHG_CO2_PC_CE_AR5,MLI,_T,_T,_T,_Z,_Z,_Z,2006,A,T,
6.56143,P1Y,0,,A,PU,_Z,2,,,False,WB_WDI,WB_WDI_EN_GHG_CO2_PC_CE_AR5,MLT,_T,_T,_T,_Z,_Z,_Z,2006,A,T,
0.001923,P1Y,0,,A,PU,_Z,2,,,False,WB_WDI,WB_WDI_EN_GHG_CO2_PC_CE_AR5,MHL,_T,_T,_T,_Z,_Z,_Z,2006,A,T,
0.560913,P1Y,0,,A,PU,_Z,2,,,False,WB_WDI,WB_WDI_EN_GHG_CO2_PC_CE_AR5,MRT,_T,_T,_T,_Z,_Z,_Z,2006,A,T,
2.69231,P1Y,0,,A,PU,_Z,2,,,False,WB_WDI,WB_WDI_EN_GHG_CO2_PC_CE_AR5,MUS,_T,_T,_T,_Z,_Z,_Z,2006,A,T,
4.325712,P1Y,0,,A,PU,_Z,2,,,False,WB_WDI,WB_WDI_EN_GHG_CO2_PC_CE_AR5,MEX,_T,_T,_T,_Z,_Z,_Z,2006,A,T,
1.319621,P1Y,0,,A,PU,_Z,2,,,False,WB_WDI,WB_WDI_EN_GHG_CO2_PC_CE_AR5,NAM,_T,_T,_T,_Z,_Z,_Z,2001,A,T,
0,P1Y,0,,A,PU,_Z,2,,,False,WB_WDI,WB_WDI_EN_GHG_CO2_PC_CE_AR5,NRU,_T,_T,_T,_Z,_Z,_Z,2001,A,T,
0.146516,P1Y,0,,A,PU,_Z,2,,,False,WB_WDI,WB_WDI_EN_GHG_CO2_PC_CE_AR5,NPL,_T,_T,_T,_Z,_Z,_Z,2001,A,T,
11.308417,P1Y,0,,A,PU,_Z,2,,,False,WB_WDI,WB_WDI_EN_GHG_CO2_PC_CE_AR5,NLD,_T,_T,_T,_Z,_Z,_Z,2001,A,T,
9.679105,P1Y,0,,A,PU,_Z,2,,,False,WB_WDI,WB_WDI_EN_GHG_CO2_PC_CE_AR5,NCL,_T,_T,_T,_Z,_Z,_Z,2001,A,T,
8.995774,P1Y,0,,A,PU,_Z,2,,,False,WB_WDI,WB_WDI_EN_GHG_CO2_PC_CE_AR5,NZL,_T,_T,_T,_Z,_Z,_Z,2001,A,T,
0.784933,P1Y,0,,A,PU,_Z,2,,,False,WB_WDI,WB_WDI_EN_GHG_CO2_PC_CE_AR5,NIC,_T,_T,_T,_Z,_Z,_Z,2001,A,T,
0.059233,P1Y,0,,A,PU,_Z,2,,,False,WB_WDI,WB_WDI_EN_GHG_CO2_PC_CE_AR5,NER,_T,_T,_T,_Z,_Z,_Z,2001,A,T,
0.818897,P1Y,0,,A,PU,_Z,2,,,False,WB_WDI,WB_WDI_EN_GHG_CO2_PC_CE_AR5,NGA,_T,_T,_T,_Z,_Z,_Z,2001,A,T,
4.531663,P1Y,0,,A,PU,_Z,2,,,False,WB_WDI,WB_WDI_EN_GHG_CO2_PC_CE_AR5,MKD,_T,_T,_T,_Z,_Z,_Z,2001,A,T,
0.001471,P1Y,0,,A,PU,_Z,2,,,False,WB_WDI,WB_WDI_EN_GHG_CO2_PC_CE_AR5,MNP,_T,_T,_T,_Z,_Z,_Z,2001,A,T,
9.367708,P1Y,0,,A,PU,_Z,2,,,False,WB_WDI,WB_WDI_EN_GHG_CO2_PC_CE_AR5,NOR,_T,_T,_T,_Z,_Z,_Z,2001,A,T,
12.328712,P1Y,0,,A,PU,_Z,2,,,False,WB_WDI,WB_WDI_EN_GHG_CO2_PC_CE_AR5,OMN,_T,_T,_T,_Z,_Z,_Z,2001,A,T,
0.715615,P1Y,0,,A,PU,_Z,2,,,False,WB_WDI,WB_WDI_EN_GHG_CO2_PC_CE_AR5,PAK,_T,_T,_T,_Z,_Z,_Z,2001,A,T,
1.302859,P1Y,0,,A,PU,_Z,2,,,False,WB_WDI,WB_WDI_EN_GHG_CO2_PC_CE_AR5,SLV,_T,_T,_T,_Z,_Z,_Z,2019,A,T,
3.06698,P1Y,0,,A,PU,_Z,2,,,False,WB_WDI,WB_WDI_EN_GHG_CO2_PC_CE_AR5,GNQ,_T,_T,_T,_Z,_Z,_Z,2019,A,T,
0.207889,P1Y,0,,A,PU,_Z,2,,,False,WB_WDI,WB_WDI_EN_GHG_CO2_PC_CE_AR5,ERI,_T,_T,_T,_Z,_Z,_Z,2019,A,T,
11.65342,P1Y,0,,A,PU,_Z,2,,,False,WB_WDI,WB_WDI_EN_GHG_CO2_PC_CE_AR5,EST,_T,_T,_T,_Z,_Z,_Z,2019,A,T,
0.962899,P1Y,0,,A,PU,_Z,2,,,False,WB_WDI,WB_WDI_EN_GHG_CO2_PC_CE_AR5,SWZ,_T,_T,_T,_Z,_Z,_Z,2019,A,T,
0.159693,P1Y,0,,A,PU,_Z,2,,,False,WB_WDI,WB_WDI_EN_GHG_CO2_PC_CE_AR5,ETH,_T,_T,_T,_Z,_Z,_Z,2019,A,T,
0.040548,P1Y,0,,A,PU,_Z,2,,,False,WB_WDI,WB_WDI_EN_GHG_CO2_PC_CE_AR5,FRO,_T,_T,_T,_Z,_Z,_Z,2019,A,T,
1.769594,P1Y,0,,A,PU,_Z,2,,,False,WB_WDI,WB_WDI_EN_GHG_CO2_PC_CE_AR5,FJI,_T,_T,_T,_Z,_Z,_Z,2019,A,T,
7.994268,P1Y,0,,A,PU,_Z,2,,,False,WB_WDI,WB_WDI_EN_GHG_CO2_PC_CE_AR5,FIN,_T,_T,_T,_Z,_Z,_Z,2019,A,T,
4.79214,P1Y,0,,A,PU,_Z,2,,,False,WB_WDI,WB_WDI_EN_GHG_CO2_PC_CE_AR5,FRA,_T,_T,_T,_Z,_Z,_Z,2019,A,T,
2.813277,P1Y,0,,A,PU,_Z,2,,,False,WB_WDI,WB_WDI_EN_GHG_CO2_PC_CE_AR5,PYF,_T,_T,_T,_Z,_Z,_Z,2019,A,T,
2.492739,P1Y,0,,A,PU,_Z,2,,,False,WB_WDI,WB_WDI_EN_GHG_CO2_PC_CE_AR5,GAB,_T,_T,_T,_Z,_Z,_Z,2019,A,T,
0.189267,P1Y,0,,A,PU,_Z,2,,,False,WB_WDI,WB_WDI_EN_GHG_CO2_PC_CE_AR5,GMB,_T,_T,_T,_Z,_Z,_Z,2019,A,T,
0.370351,P1Y,0,,A,PU,_Z,2,,,False,WB_WDI,WB_WDI_EN_GHG_CO2_PC_CE_AR5,GIN,_T,_T,_T,_Z,_Z,_Z,2021,A,T,
0.163199,P1Y,0,,A,PU,_Z,2,,,False,WB_WDI,WB_WDI_EN_GHG_CO2_PC_CE_AR5,GNB,_T,_T,_T,_Z,_Z,_Z,2021,A,T,
4.072561,P1Y,0,,A,PU,_Z,2,,,False,WB_WDI,WB_WDI_EN_GHG_CO2_PC_CE_AR5,GUY,_T,_T,_T,_Z,_Z,_Z,2021,A,T,
0.299642,P1Y,0,,A,PU,_Z,2,,,False,WB_WDI,WB_WDI_EN_GHG_CO2_PC_CE_AR5,HTI,_T,_T,_T,_Z,_Z,_Z,2021,A,T,
1.007845,P1Y,0,,A,PU,_Z,2,,,False,WB_WDI,WB_WDI_EN_GHG_CO2_PC_CE_AR5,HND,_T,_T,_T,_Z,_Z,_Z,2021,A,T,
4.658955,P1Y,0,,A,PU,_Z,2,,,False,WB_WDI,WB_WDI_EN_GHG_CO2_PC_CE_AR5,HKG,_T,_T,_T,_Z,_Z,_Z,2021,A,T,
5.293984,P1Y,0,,A,PU,_Z,2,,,False,WB_WDI,WB_WDI_EN_GHG_CO2_PC_CE_AR5,HUN,_T,_T,_T,_Z,_Z,_Z,2021,A,T,
8.492698,P1Y,0,,A,PU,_Z,2,,,False,WB_WDI,WB_WDI_EN_GHG_CO2_PC_CE_AR5,ISL,_T,_T,_T,_Z,_Z,_Z,2021,A,T,
1.83703,P1Y,0,,A,PU,_Z,2,,,False,WB_WDI,WB_WDI_EN_GHG_CO2_PC_CE_AR5,IND,_T,_T,_T,_Z,_Z,_Z,2021,A,T,
2.249932,P1Y,0,,A,PU,_Z,2,,,False,WB_WDI,WB_WDI_EN_GHG_CO2_PC_CE_AR5,IDN,_T,_T,_T,_Z,_Z,_Z,2021,A,T,
8.866206,P1Y,0,,A,PU,_Z,2,,,False,WB_WDI,WB_WDI_EN_GHG_CO2_PC_CE_AR5,IRN,_T,_T,_T,_Z,_Z,_Z,2021,A,T,
3.826583,P1Y,0,,A,PU,_Z,2,,,False,WB_WDI,WB_WDI_EN_GHG_CO2_PC_CE_AR5,LBN,_T,_T,_T,_Z,_Z,_Z,2020,A,T,
0.314529,P1Y,0,,A,PU,_Z,2,,,False,WB_WDI,WB_WDI_EN_GHG_CO2_PC_CE_AR5,LSO,_T,_T,_T,_Z,_Z,_Z,2020,A,T,
0.162114,P1Y,0,,A,PU,_Z,2,,,False,WB_WDI,WB_WDI_EN_GHG_CO2_PC_CE_AR5,LBR,_T,_T,_T,_Z,_Z,_Z,2020,A,T,
6.486858,P1Y,0,,A,PU,_Z,2,,,False,WB_WDI,WB_WDI_EN_GHG_CO2_PC_CE_AR5,LBY,_T,_T,_T,_Z,_Z,_Z,2020,A,T,
5.071967,P1Y,0,,A,PU,_Z,2,,,False,WB_WDI,WB_WDI_EN_GHG_CO2_PC_CE_AR5,LTU,_T,_T,_T,_Z,_Z,_Z,2020,A,T,
12.678711,P1Y,0,,A,PU,_Z,2,,,False,WB_WDI,WB_WDI_EN_GHG_CO2_PC_CE_AR5,LUX,_T,_T,_T,_Z,_Z,_Z,2020,A,T,
3.257806,P1Y,0,,A,PU,_Z,2,,,False,WB_WDI,WB_WDI_EN_GHG_CO2_PC_CE_AR5,MAC,_T,_T,_T,_Z,_Z,_Z,2020,A,T,
0.108039,P1Y,0,,A,PU,_Z,2,,,False,WB_WDI,WB_WDI_EN_GHG_CO2_PC_CE_AR5,MDG,_T,_T,_T,_Z,_Z,_Z,2020,A,T,
0.266527,P1Y,0,,A,PU,_Z,2,,,False,WB_WDI,WB_WDI_EN_GHG_CO2_PC_CE_AR5,MWI,_T,_T,_T,_Z,_Z,_Z,2020,A,T,
7.467787,P1Y,0,,A,PU,_Z,2,,,False,WB_WDI,WB_WDI_EN_GHG_CO2_PC_CE_AR5,MYS,_T,_T,_T,_Z,_Z,_Z,2020,A,T,
2.405809,P1Y,0,,A,PU,_Z,2,,,False,WB_WDI,WB_WDI_EN_GHG_CO2_PC_CE_AR5,MDV,_T,_T,_T,_Z,_Z,_Z,2020,A,T,
5.639026,P1Y,0,,A,PU,_Z,2,,,False,WB_WDI,WB_WDI_EN_GHG_CO2_PC_CE_AR5,SWE,_T,_T,_T,_Z,_Z,_Z,2010,A,T,
5.920146,P1Y,0,,A,PU,_Z,2,,,False,WB_WDI,WB_WDI_EN_GHG_CO2_PC_CE_AR5,CHE,_T,_T,_T,_Z,_Z,_Z,2010,A,T,
2.788481,P1Y,0,,A,PU,_Z,2,,,False,WB_WDI,WB_WDI_EN_GHG_CO2_PC_CE_AR5,SYR,_T,_T,_T,_Z,_Z,_Z,2010,A,T,
0.401326,P1Y,0,,A,PU,_Z,2,,,False,WB_WDI,WB_WDI_EN_GHG_CO2_PC_CE_AR5,TJK,_T,_T,_T,_Z,_Z,_Z,2010,A,T,
0.163842,P1Y,0,,A,PU,_Z,2,,,False,WB_WDI,WB_WDI_EN_GHG_CO2_PC_CE_AR5,TZA,_T,_T,_T,_Z,_Z,_Z,2010,A,T,
3.592324,P1Y,0,,A,PU,_Z,2,,,False,WB_WDI,WB_WDI_EN_GHG_CO2_PC_CE_AR5,THA,_T,_T,_T,_Z,_Z,_Z,2010,A,T,
0.308294,P1Y,0,,A,PU,_Z,2,,,False,WB_WDI,WB_WDI_EN_GHG_CO2_PC_CE_AR5,TLS,_T,_T,_T,_Z,_Z,_Z,2010,A,T,
0.39916,P1Y,0,,A,PU,_Z,2,,,False,WB_WDI,WB_WDI_EN_GHG_CO2_PC_CE_AR5,TGO,_T,_T,_T,_Z,_Z,_Z,2010,A,T,
1.175047,P1Y,0,,A,PU,_Z,2,,,False,WB_WDI,WB_WDI_EN_GHG_CO2_PC_CE_AR5,TON,_T,_T,_T,_Z,_Z,_Z,2010,A,T,
31.131793,P1Y,0,,A,PU,_Z,2,,,False,WB_WDI,WB_WDI_EN_GHG_CO2_PC_CE_AR5,TTO,_T,_T,_T,_Z,_Z,_Z,2010,A,T,
2.575799,P1Y,0,,A,PU,_Z,2,,,False,WB_WDI,WB_WDI_EN_GHG_CO2_PC_CE_AR5,TUN,_T,_T,_T,_Z,_Z,_Z,2010,A,T,
1.798438,P1Y,0,,A,PU,_Z,2,,,False,WB_WDI,WB_WDI_EN_GHG_CO2_PC_CE_AR5,PER,_T,_T,_T,_Z,_Z,_Z,2021,A,T,
1.287446,P1Y,0,,A,PU,_Z,2,,,False,WB_WDI,WB_WDI_EN_GHG_CO2_PC_CE_AR5,PHL,_T,_T,_T,_Z,_Z,_Z,2021,A,T,
8.761456,P1Y,0,,A,PU,_Z,2,,,False,WB_WDI,WB_WDI_EN_GHG_CO2_PC_CE_AR5,POL,_T,_T,_T,_Z,_Z,_Z,2021,A,T,
3.760146,P1Y,0,,A,PU,_Z,2,,,False,WB_WDI,WB_WDI_EN_GHG_CO2_PC_CE_AR5,PRT,_T,_T,_T,_Z,_Z,_Z,2021,A,T,
3.8823,P1Y,0,,A,PU,_Z,2,,,False,WB_WDI,WB_WDI_EN_GHG_CO2_PC_CE_AR5,PRI,_T,_T,_T,_Z,_Z,_Z,2021,A,T,
47.283974,P1Y,0,,A,PU,_Z,2,,,False,WB_WDI,WB_WDI_EN_GHG_CO2_PC_CE_AR5,QAT,_T,_T,_T,_Z,_Z,_Z,2021,A,T,
4.222689,P1Y,0,,A,PU,_Z,2,,,False,WB_WDI,WB_WDI_EN_GHG_CO2_PC_CE_AR5,ROU,_T,_T,_T,_Z,_Z,_Z,2021,A,T,
13.392076,P1Y,0,,A,PU,_Z,2,,,False,WB_WDI,WB_WDI_EN_GHG_CO2_PC_CE_AR5,RUS,_T,_T,_T,_Z,_Z,_Z,2021,A,T,
0.127785,P1Y,0,,A,PU,_Z,2,,,False,WB_WDI,WB_WDI_EN_GHG_CO2_PC_CE_AR5,RWA,_T,_T,_T,_Z,_Z,_Z,2021,A,T,
1.6068,P1Y,0,,A,PU,_Z,2,,,False,WB_WDI,WB_WDI_EN_GHG_CO2_PC_CE_AR5,WSM,_T,_T,_T,_Z,_Z,_Z,2021,A,T,
0.713188,P1Y,0,,A,PU,_Z,2,,,False,WB_WDI,WB_WDI_EN_GHG_CO2_PC_CE_AR5,STP,_T,_T,_T,_Z,_Z,_Z,2021,A,T,
2.570358,P1Y,0,,A,PU,_Z,2,,,False,WB_WDI,WB_WDI_EN_GHG_CO2_PC_CE_AR5,SYR,_T,_T,_T,_Z,_Z,_Z,2003,A,T,
0.422958,P1Y,0,,A,PU,_Z,2,,,False,WB_WDI,WB_WDI_EN_GHG_CO2_PC_CE_AR5,TJK,_T,_T,_T,_Z,_Z,_Z,2003,A,T,
0.106642,P1Y,0,,A,PU,_Z,2,,,False,WB_WDI,WB_WDI_EN_GHG_CO2_PC_CE_AR5,TZA,_T,_T,_T,_Z,_Z,_Z,2003,A,T,
3.128353,P1Y,0,,A,PU,_Z,2,,,False,WB_WDI,WB_WDI_EN_GHG_CO2_PC_CE_AR5,THA,_T,_T,_T,_Z,_Z,_Z,2003,A,T,
0.287825,P1Y,0,,A,PU,_Z,2,,,False,WB_WDI,WB_WDI_EN_GHG_CO2_PC_CE_AR5,TLS,_T,_T,_T,_Z,_Z,_Z,2003,A,T,
0.278884,P1Y,0,,A,PU,_Z,2,,,False,WB_WDI,WB_WDI_EN_GHG_CO2_PC_CE_AR5,TGO,_T,_T,_T,_Z,_Z,_Z,2003,A,T,
1.201371,P1Y,0,,A,PU,_Z,2,,,False,WB_WDI,WB_WDI_EN_GHG_CO2_PC_CE_AR5,TON,_T,_T,_T,_Z,_Z,_Z,2003,A,T,
20.27528,P1Y,0,,A,PU,_Z,2,,,False,WB_WDI,WB_WDI_EN_GHG_CO2_PC_CE_AR5,TTO,_T,_T,_T,_Z,_Z,_Z,2003,A,T,
2.141182,P1Y,0,,A,PU,_Z,2,,,False,WB_WDI,WB_WDI_EN_GHG_CO2_PC_CE_AR5,TUN,_T,_T,_T,_Z,_Z,_Z,2003,A,T,
3.386254,P1Y,0,,A,PU,_Z,2,,,False,WB_WDI,WB_WDI_EN_GHG_CO2_PC_CE_AR5,TUR,_T,_T,_T,_Z,_Z,_Z,2003,A,T,
9.900008,P1Y,0,,A,PU,_Z,2,,,False,WB_WDI,WB_WDI_EN_GHG_CO2_PC_CE_AR5,TKM,_T,_T,_T,_Z,_Z,_Z,2003,A,T,
1.274911,P1Y,0,,A,PU,_Z,2,,,False,WB_WDI,WB_WDI_EN_GHG_CO2_PC_CE_AR5,TCA,_T,_T,_T,_Z,_Z,_Z,2003,A,T,
0,P1Y,0,,A,PU,_Z,2,,,False,WB_WDI,WB_WDI_EN_GHG_CO2_PC_CE_AR5,TUV,_T,_T,_T,_Z,_Z,_Z,2003,A,T,
0.065687,P1Y,0,,A,PU,_Z,2,,,False,WB_WDI,WB_WDI_EN_GHG_CO2_PC_CE_AR5,UGA,_T,_T,_T,_Z,_Z,_Z,2003,A,T,
2.558041,P1Y,0,,A,PU,_Z,2,,,False,WB_WDI,WB_WDI_EN_GHG_CO2_PC_CE_AR5,TUN,_T,_T,_T,_Z,_Z,_Z,2023,A,T,
5.232154,P1Y,0,,A,PU,_Z,2,,,False,WB_WDI,WB_WDI_EN_GHG_CO2_PC_CE_AR5,TUR,_T,_T,_T,_Z,_Z,_Z,2023,A,T,
12.862991,P1Y,0,,A,PU,_Z,2,,,False,WB_WDI,WB_WDI_EN_GHG_CO2_PC_CE_AR5,TKM,_T,_T,_T,_Z,_Z,_Z,2023,A,T,
4.788086,P1Y,0,,A,PU,_Z,2,,,False,WB_WDI,WB_WDI_EN_GHG_CO2_PC_CE_AR5,TCA,_T,_T,_T,_Z,_Z,_Z,2023,A,T,
0,P1Y,0,,A,PU,_Z,2,,,False,WB_WDI,WB_WDI_EN_GHG_CO2_PC_CE_AR5,TUV,_T,_T,_T,_Z,_Z,_Z,2023,A,T,
0.166814,P1Y,0,,A,PU,_Z,2,,,False,WB_WDI,WB_WDI_EN_GHG_CO2_PC_CE_AR5,UGA,_T,_T,_T,_Z,_Z,_Z,2023,A,T,
3.22518,P1Y,0,,A,PU,_Z,2,,,False,WB_WDI,WB_WDI_EN_GHG_CO2_PC_CE_AR5,UKR,_T,_T,_T,_Z,_Z,_Z,2023,A,T,
18.380482,P1Y,0,,A,PU,_Z,2,,,False,WB_WDI,WB_WDI_EN_GHG_CO2_PC_CE_AR5,ARE,_T,_T,_T,_Z,_Z,_Z,2023,A,T,
4.447751,P1Y,0,,A,PU,_Z,2,,,False,WB_WDI,WB_WDI_EN_GHG_CO2_PC_CE_AR5,GBR,_T,_T,_T,_Z,_Z,_Z,2023,A,T,
13.714026,P1Y,0,,A,PU,_Z,2,,,False,WB_WDI,WB_WDI_EN_GHG_CO2_PC_CE_AR5,USA,_T,_T,_T,_Z,_Z,_Z,2023,A,T,
2.417534,P1Y,0,,A,PU,_Z,2,,,False,WB_WDI,WB_WDI_EN_GHG_CO2_PC_CE_AR5,URY,_T,_T,_T,_Z,_Z,_Z,2023,A,T,
3.720113,P1Y,0,,A,PU,_Z,2,,,False,WB_WDI,WB_WDI_EN_GHG_CO2_PC_CE_AR5,UZB,_T,_T,_T,_Z,_Z,_Z,2023,A,T,
0.847979,P1Y,0,,A,PU,_Z,2,,,False,WB_WDI,WB_WDI_EN_GHG_CO2_PC_CE_AR5,VUT,_T,_T,_T,_Z,_Z,_Z,2023,A,T,
3.405915,P1Y,0,,A,PU,_Z,2,,,False,WB_WDI,WB_WDI_EN_GHG_CO2_PC_CE_AR5,VEN,_T,_T,_T,_Z,_Z,_Z,2023,A,T,
3.89354,P1Y,0,,A,PU,_Z,2,,,False,WB_WDI,WB_WDI_EN_GHG_CO2_PC_CE_AR5,VNM,_T,_T,_T,_Z,_Z,_Z,2023,A,T,
7.726446,P1Y,0,,A,PU,_Z,2,,,False,WB_WDI,WB_WDI_EN_GHG_CO2_PC_CE_AR5,MYS,_T,_T,_T,_Z,_Z,_Z,2018,A,T,
2.930253,P1Y,0,,A,PU,_Z,2,,,False,WB_WDI,WB_WDI_EN_GHG_CO2_PC_CE_AR5,MDV,_T,_T,_T,_Z,_Z,_Z,2018,A,T,
0.282849,P1Y,0,,A,PU,_Z,2,,,False,WB_WDI,WB_WDI_EN_GHG_CO2_PC_CE_AR5,MLI,_T,_T,_T,_Z,_Z,_Z,2018,A,T,
3.239079,P1Y,0,,A,PU,_Z,2,,,False,WB_WDI,WB_WDI_EN_GHG_CO2_PC_CE_AR5,MLT,_T,_T,_T,_Z,_Z,_Z,2018,A,T,
0.002208,P1Y,0,,A,PU,_Z,2,,,False,WB_WDI,WB_WDI_EN_GHG_CO2_PC_CE_AR5,MHL,_T,_T,_T,_Z,_Z,_Z,2018,A,T,
1.02255,P1Y,0,,A,PU,_Z,2,,,False,WB_WDI,WB_WDI_EN_GHG_CO2_PC_CE_AR5,MRT,_T,_T,_T,_Z,_Z,_Z,2018,A,T,
3.296362,P1Y,0,,A,PU,_Z,2,,,False,WB_WDI,WB_WDI_EN_GHG_CO2_PC_CE_AR5,MUS,_T,_T,_T,_Z,_Z,_Z,2018,A,T,
3.838317,P1Y,0,,A,PU,_Z,2,,,False,WB_WDI,WB_WDI_EN_GHG_CO2_PC_CE_AR5,MEX,_T,_T,_T,_Z,_Z,_Z,2018,A,T,
0.00182,P1Y,0,,A,PU,_Z,2,,,False,WB_WDI,WB_WDI_EN_GHG_CO2_PC_CE_AR5,FSM,_T,_T,_T,_Z,_Z,_Z,2018,A,T,
3.273637,P1Y,0,,A,PU,_Z,2,,,False,WB_WDI,WB_WDI_EN_GHG_CO2_PC_CE_AR5,MDA,_T,_T,_T,_Z,_Z,_Z,2018,A,T,
7.155657,P1Y,0,,A,PU,_Z,2,,,False,WB_WDI,WB_WDI_EN_GHG_CO2_PC_CE_AR5,MNG,_T,_T,_T,_Z,_Z,_Z,2018,A,T,
3.544777,P1Y,0,,A,PU,_Z,2,,,False,WB_WDI,WB_WDI_EN_GHG_CO2_PC_CE_AR5,THA,_T,_T,_T,_Z,_Z,_Z,2007,A,T,
0.311776,P1Y,0,,A,PU,_Z,2,,,False,WB_WDI,WB_WDI_EN_GHG_CO2_PC_CE_AR5,TLS,_T,_T,_T,_Z,_Z,_Z,2007,A,T,
0.211866,P1Y,0,,A,PU,_Z,2,,,False,WB_WDI,WB_WDI_EN_GHG_CO2_PC_CE_AR5,TGO,_T,_T,_T,_Z,_Z,_Z,2007,A,T,
1.07003,P1Y,0,,A,PU,_Z,2,,,False,WB_WDI,WB_WDI_EN_GHG_CO2_PC_CE_AR5,TON,_T,_T,_T,_Z,_Z,_Z,2007,A,T,
30.25143,P1Y,0,,A,PU,_Z,2,,,False,WB_WDI,WB_WDI_EN_GHG_CO2_PC_CE_AR5,TTO,_T,_T,_T,_Z,_Z,_Z,2007,A,T,
2.392589,P1Y,0,,A,PU,_Z,2,,,False,WB_WDI,WB_WDI_EN_GHG_CO2_PC_CE_AR5,TUN,_T,_T,_T,_Z,_Z,_Z,2007,A,T,
4.280794,P1Y,0,,A,PU,_Z,2,,,False,WB_WDI,WB_WDI_EN_GHG_CO2_PC_CE_AR5,TUR,_T,_T,_T,_Z,_Z,_Z,2007,A,T,
11.59166,P1Y,0,,A,PU,_Z,2,,,False,WB_WDI,WB_WDI_EN_GHG_CO2_PC_CE_AR5,TKM,_T,_T,_T,_Z,_Z,_Z,2007,A,T,
1.998477,P1Y,0,,A,PU,_Z,2,,,False,WB_WDI,WB_WDI_EN_GHG_CO2_PC_CE_AR5,TCA,_T,_T,_T,_Z,_Z,_Z,2007,A,T,
0,P1Y,0,,A,PU,_Z,2,,,False,WB_WDI,WB_WDI_EN_GHG_CO2_PC_CE_AR5,TUV,_T,_T,_T,_Z,_Z,_Z,2007,A,T,
0.104855,P1Y,0,,A,PU,_Z,2,,,False,WB_WDI,WB_WDI_EN_GHG_CO2_PC_CE_AR5,UGA,_T,_T,_T,_Z,_Z,_Z,2007,A,T,
7.813016,P1Y,0,,A,PU,_Z,2,,,False,WB_WDI,WB_WDI_EN_GHG_CO2_PC_CE_AR5,UKR,_T,_T,_T,_Z,_Z,_Z,2007,A,T,
24.382756,P1Y,0,,A,PU,_Z,2,,,False,WB_WDI,WB_WDI_EN_GHG_CO2_PC_CE_AR5,ARE,_T,_T,_T,_Z,_Z,_Z,2007,A,T,
0.041177,P1Y,0,,A,PU,_Z,2,,,False,WB_WDI,WB_WDI_EN_GHG_CO2_PC_CE_AR5,COD,_T,_T,_T,_Z,_Z,_Z,2012,A,T,
0.944931,P1Y,0,,A,PU,_Z,2,,,False,WB_WDI,WB_WDI_EN_GHG_CO2_PC_CE_AR5,COG,_T,_T,_T,_Z,_Z,_Z,2012,A,T,
1.637973,P1Y,0,,A,PU,_Z,2,,,False,WB_WDI,WB_WDI_EN_GHG_CO2_PC_CE_AR5,CRI,_T,_T,_T,_Z,_Z,_Z,2012,A,T,
0.384377,P1Y,0,,A,PU,_Z,2,,,False,WB_WDI,WB_WDI_EN_GHG_CO2_PC_CE_AR5,CIV,_T,_T,_T,_Z,_Z,_Z,2012,A,T,
4.40976,P1Y,0,,A,PU,_Z,2,,,False,WB_WDI,WB_WDI_EN_GHG_CO2_PC_CE_AR5,HRV,_T,_T,_T,_Z,_Z,_Z,2012,A,T,
2.555795,P1Y,0,,A,PU,_Z,2,,,False,WB_WDI,WB_WDI_EN_GHG_CO2_PC_CE_AR5,CUB,_T,_T,_T,_Z,_Z,_Z,2012,A,T,
6.111394,P1Y,0,,A,PU,_Z,2,,,False,WB_WDI,WB_WDI_EN_GHG_CO2_PC_CE_AR5,CYP,_T,_T,_T,_Z,_Z,_Z,2012,A,T,
10.848762,P1Y,0,,A,PU,_Z,2,,,False,WB_WDI,WB_WDI_EN_GHG_CO2_PC_CE_AR5,CZE,_T,_T,_T,_Z,_Z,_Z,2012,A,T,
6.902638,P1Y,0,,A,PU,_Z,2,,,False,WB_WDI,WB_WDI_EN_GHG_CO2_PC_CE_AR5,DNK,_T,_T,_T,_Z,_Z,_Z,2012,A,T,
0.82338,P1Y,0,,A,PU,_Z,2,,,False,WB_WDI,WB_WDI_EN_GHG_CO2_PC_CE_AR5,DJI,_T,_T,_T,_Z,_Z,_Z,2012,A,T,
4.805058,P1Y,0,,A,PU,_Z,2,,,False,WB_WDI,WB_WDI_EN_GHG_CO2_PC_CE_AR5,GBR,_T,_T,_T,_Z,_Z,_Z,2022,A,T,
14.418622,P1Y,0,,A,PU,_Z,2,,,False,WB_WDI,WB_WDI_EN_GHG_CO2_PC_CE_AR5,USA,_T,_T,_T,_Z,_Z,_Z,2022,A,T,
2.386673,P1Y,0,,A,PU,_Z,2,,,False,WB_WDI,WB_WDI_EN_GHG_CO2_PC_CE_AR5,URY,_T,_T,_T,_Z,_Z,_Z,2022,A,T,
3.689526,P1Y,0,,A,PU,_Z,2,,,False,WB_WDI,WB_WDI_EN_GHG_CO2_PC_CE_AR5,UZB,_T,_T,_T,_Z,_Z,_Z,2022,A,T,
0.865368,P1Y,0,,A,PU,_Z,2,,,False,WB_WDI,WB_WDI_EN_GHG_CO2_PC_CE_AR5,VUT,_T,_T,_T,_Z,_Z,_Z,2022,A,T,
3.261048,P1Y,0,,A,PU,_Z,2,,,False,WB_WDI,WB_WDI_EN_GHG_CO2_PC_CE_AR5,VEN,_T,_T,_T,_Z,_Z,_Z,2022,A,T,
3.45102,P1Y,0,,A,PU,_Z,2,,,False,WB_WDI,WB_WDI_EN_GHG_CO2_PC_CE_AR5,VNM,_T,_T,_T,_Z,_Z,_Z,2022,A,T,
0.001897,P1Y,0,,A,PU,_Z,2,,,False,WB_WDI,WB_WDI_EN_GHG_CO2_PC_CE_AR5,VIR,_T,_T,_T,_Z,_Z,_Z,2022,A,T,
0.28737,P1Y,0,,A,PU,_Z,2,,,False,WB_WDI,WB_WDI_EN_GHG_CO2_PC_CE_AR5,YEM,_T,_T,_T,_Z,_Z,_Z,2022,A,T,
0.524549,P1Y,0,,A,PU,_Z,2,,,False,WB_WDI,WB_WDI_EN_GHG_CO2_PC_CE_AR5,ZMB,_T,_T,_T,_Z,_Z,_Z,2022,A,T,
0.719221,P1Y,0,,A,PU,_Z,2,,,False,WB_WDI,WB_WDI_EN_GHG_CO2_PC_CE_AR5,ZWE,_T,_T,_T,_Z,_Z,_Z,2022,A,T,
0.838104,P1Y,0,,A,PU,_Z,2,,,False,WB_WDI,WB_WDI_EN_GHG_CO2_PC_CE_AR5,AFE,_T,_T,_T,_Z,_Z,_Z,2023,A,T,
4.998877,P1Y,0,,A,PU,_Z,2,,,False,WB_WDI,WB_WDI_EN_GHG_CO2_PC_CE_AR5,ROU,_T,_T,_T,_Z,_Z,_Z,2003,A,T,
12.010156,P1Y,0,,A,PU,_Z,2,,,False,WB_WDI,WB_WDI_EN_GHG_CO2_PC_CE_AR5,RUS,_T,_T,_T,_Z,_Z,_Z,2003,A,T,
0.08251,P1Y,0,,A,PU,_Z,2,,,False,WB_WDI,WB_WDI_EN_GHG_CO2_PC_CE_AR5,RWA,_T,_T,_T,_Z,_Z,_Z,2003,A,T,
1.155692,P1Y,0,,A,PU,_Z,2,,,False,WB_WDI,WB_WDI_EN_GHG_CO2_PC_CE_AR5,WSM,_T,_T,_T,_Z,_Z,_Z,2003,A,T,
0.474599,P1Y,0,,A,PU,_Z,2,,,False,WB_WDI,WB_WDI_EN_GHG_CO2_PC_CE_AR5,STP,_T,_T,_T,_Z,_Z,_Z,2003,A,T,
16.41193,P1Y,0,,A,PU,_Z,2,,,False,WB_WDI,WB_WDI_EN_GHG_CO2_PC_CE_AR5,SAU,_T,_T,_T,_Z,_Z,_Z,2003,A,T,
0.423806,P1Y,0,,A,PU,_Z,2,,,False,WB_WDI,WB_WDI_EN_GHG_CO2_PC_CE_AR5,SEN,_T,_T,_T,_Z,_Z,_Z,2003,A,T,
9.243667,P1Y,0,,A,PU,_Z,2,,,False,WB_WDI,WB_WDI_EN_GHG_CO2_PC_CE_AR5,SYC,_T,_T,_T,_Z,_Z,_Z,2003,A,T,
0.119146,P1Y,0,,A,PU,_Z,2,,,False,WB_WDI,WB_WDI_EN_GHG_CO2_PC_CE_AR5,SLE,_T,_T,_T,_Z,_Z,_Z,2003,A,T,
10.314555,P1Y,0,,A,PU,_Z,2,,,False,WB_WDI,WB_WDI_EN_GHG_CO2_PC_CE_AR5,SGP,_T,_T,_T,_Z,_Z,_Z,2003,A,T,
7.890015,P1Y,0,,A,PU,_Z,2,,,False,WB_WDI,WB_WDI_EN_GHG_CO2_PC_CE_AR5,SVK,_T,_T,_T,_Z,_Z,_Z,2003,A,T,
12.564333,P1Y,0,,A,PU,_Z,2,,,False,WB_WDI,WB_WDI_EN_GHG_CO2_PC_CE_AR5,KAZ,_T,_T,_T,_Z,_Z,_Z,2023,A,T,
0.38432,P1Y,0,,A,PU,_Z,2,,,False,WB_WDI,WB_WDI_EN_GHG_CO2_PC_CE_AR5,KEN,_T,_T,_T,_Z,_Z,_Z,2023,A,T,
0.573455,P1Y,0,,A,PU,_Z,2,,,False,WB_WDI,WB_WDI_EN_GHG_CO2_PC_CE_AR5,KIR,_T,_T,_T,_Z,_Z,_Z,2023,A,T,
2.485362,P1Y,0,,A,PU,_Z,2,,,False,WB_WDI,WB_WDI_EN_GHG_CO2_PC_CE_AR5,PRK,_T,_T,_T,_Z,_Z,_Z,2023,A,T,
11.416266,P1Y,0,,A,PU,_Z,2,,,False,WB_WDI,WB_WDI_EN_GHG_CO2_PC_CE_AR5,KOR,_T,_T,_T,_Z,_Z,_Z,2023,A,T,
22.697211,P1Y,0,,A,PU,_Z,2,,,False,WB_WDI,WB_WDI_EN_GHG_CO2_PC_CE_AR5,KWT,_T,_T,_T,_Z,_Z,_Z,2023,A,T,
1.440952,P1Y,0,,A,PU,_Z,2,,,False,WB_WDI,WB_WDI_EN_GHG_CO2_PC_CE_AR5,KGZ,_T,_T,_T,_Z,_Z,_Z,2023,A,T,
3.358607,P1Y,0,,A,PU,_Z,2,,,False,WB_WDI,WB_WDI_EN_GHG_CO2_PC_CE_AR5,LAO,_T,_T,_T,_Z,_Z,_Z,2023,A,T,
3.663197,P1Y,0,,A,PU,_Z,2,,,False,WB_WDI,WB_WDI_EN_GHG_CO2_PC_CE_AR5,LVA,_T,_T,_T,_Z,_Z,_Z,2023,A,T,
1.873874,P1Y,0,,A,PU,_Z,2,,,False,WB_WDI,WB_WDI_EN_GHG_CO2_PC_CE_AR5,LBN,_T,_T,_T,_Z,_Z,_Z,2023,A,T,
0.428947,P1Y,0,,A,PU,_Z,2,,,False,WB_WDI,WB_WDI_EN_GHG_CO2_PC_CE_AR5,LSO,_T,_T,_T,_Z,_Z,_Z,2023,A,T,
0.15283,P1Y,0,,A,PU,_Z,2,,,False,WB_WDI,WB_WDI_EN_GHG_CO2_PC_CE_AR5,LBR,_T,_T,_T,_Z,_Z,_Z,2023,A,T,
0.533322,P1Y,0,,A,PU,_Z,2,,,False,WB_WDI,WB_WDI_EN_GHG_CO2_PC_CE_AR5,KIR,_T,_T,_T,_Z,_Z,_Z,2015,A,T,
1.27678,P1Y,0,,A,PU,_Z,2,,,False,WB_WDI,WB_WDI_EN_GHG_CO2_PC_CE_AR5,PRK,_T,_T,_T,_Z,_Z,_Z,2015,A,T,
12.619819,P1Y,0,,A,PU,_Z,2,,,False,WB_WDI,WB_WDI_EN_GHG_CO2_PC_CE_AR5,KOR,_T,_T,_T,_Z,_Z,_Z,2015,A,T,
24.928219,P1Y,0,,A,PU,_Z,2,,,False,WB_WDI,WB_WDI_EN_GHG_CO2_PC_CE_AR5,KWT,_T,_T,_T,_Z,_Z,_Z,2015,A,T,
1.70797,P1Y,0,,A,PU,_Z,2,,,False,WB_WDI,WB_WDI_EN_GHG_CO2_PC_CE_AR5,KGZ,_T,_T,_T,_Z,_Z,_Z,2015,A,T,
1.31255,P1Y,0,,A,PU,_Z,2,,,False,WB_WDI,WB_WDI_EN_GHG_CO2_PC_CE_AR5,LAO,_T,_T,_T,_Z,_Z,_Z,2015,A,T,
3.867457,P1Y,0,,A,PU,_Z,2,,,False,WB_WDI,WB_WDI_EN_GHG_CO2_PC_CE_AR5,LVA,_T,_T,_T,_Z,_Z,_Z,2015,A,T,
4.156899,P1Y,0,,A,PU,_Z,2,,,False,WB_WDI,WB_WDI_EN_GHG_CO2_PC_CE_AR5,LBN,_T,_T,_T,_Z,_Z,_Z,2015,A,T,
0.283473,P1Y,0,,A,PU,_Z,2,,,False,WB_WDI,WB_WDI_EN_GHG_CO2_PC_CE_AR5,LSO,_T,_T,_T,_Z,_Z,_Z,2015,A,T,
0.264625,P1Y,0,,A,PU,_Z,2,,,False,WB_WDI,WB_WDI_EN_GHG_CO2_PC_CE_AR5,LBR,_T,_T,_T,_Z,_Z,_Z,2015,A,T,
0.502981,P1Y,0,,A,PU,_Z,2,,,False,WB_WDI,WB_WDI_EN_GHG_CO2_PC_CE_AR5,BEN,_T,_T,_T,_Z,_Z,_Z,2021,A,T,
3.785113,P1Y,0,,A,PU,_Z,2,,,False,WB_WDI,WB_WDI_EN_GHG_CO2_PC_CE_AR5,BMU,_T,_T,_T,_Z,_Z,_Z,2021,A,T,
1.991767,P1Y,0,,A,PU,_Z,2,,,False,WB_WDI,WB_WDI_EN_GHG_CO2_PC_CE_AR5,BTN,_T,_T,_T,_Z,_Z,_Z,2021,A,T,
1.83203,P1Y,0,,A,PU,_Z,2,,,False,WB_WDI,WB_WDI_EN_GHG_CO2_PC_CE_AR5,BOL,_T,_T,_T,_Z,_Z,_Z,2021,A,T,
7.09102,P1Y,0,,A,PU,_Z,2,,,False,WB_WDI,WB_WDI_EN_GHG_CO2_PC_CE_AR5,BIH,_T,_T,_T,_Z,_Z,_Z,2021,A,T,
2.72603,P1Y,0,,A,PU,_Z,2,,,False,WB_WDI,WB_WDI_EN_GHG_CO2_PC_CE_AR5,BWA,_T,_T,_T,_Z,_Z,_Z,2021,A,T,
2.415809,P1Y,0,,A,PU,_Z,2,,,False,WB_WDI,WB_WDI_EN_GHG_CO2_PC_CE_AR5,BRA,_T,_T,_T,_Z,_Z,_Z,2021,A,T,
2.234918,P1Y,0,,A,PU,_Z,2,,,False,WB_WDI,WB_WDI_EN_GHG_CO2_PC_CE_AR5,VGB,_T,_T,_T,_Z,_Z,_Z,2021,A,T,
22.107009,P1Y,0,,A,PU,_Z,2,,,False,WB_WDI,WB_WDI_EN_GHG_CO2_PC_CE_AR5,BRN,_T,_T,_T,_Z,_Z,_Z,2021,A,T,
7.049174,P1Y,0,,A,PU,_Z,2,,,False,WB_WDI,WB_WDI_EN_GHG_CO2_PC_CE_AR5,BGR,_T,_T,_T,_Z,_Z,_Z,2021,A,T,
0.292659,P1Y,0,,A,PU,_Z,2,,,False,WB_WDI,WB_WDI_EN_GHG_CO2_PC_CE_AR5,BFA,_T,_T,_T,_Z,_Z,_Z,2021,A,T,
3.976895,P1Y,0,,A,PU,_Z,2,,,False,WB_WDI,WB_WDI_EN_GHG_CO2_PC_CE_AR5,BMU,_T,_T,_T,_Z,_Z,_Z,2022,A,T,
1.942852,P1Y,0,,A,PU,_Z,2,,,False,WB_WDI,WB_WDI_EN_GHG_CO2_PC_CE_AR5,BTN,_T,_T,_T,_Z,_Z,_Z,2022,A,T,
1.936077,P1Y,0,,A,PU,_Z,2,,,False,WB_WDI,WB_WDI_EN_GHG_CO2_PC_CE_AR5,BOL,_T,_T,_T,_Z,_Z,_Z,2022,A,T,
6.989075,P1Y,0,,A,PU,_Z,2,,,False,WB_WDI,WB_WDI_EN_GHG_CO2_PC_CE_AR5,BIH,_T,_T,_T,_Z,_Z,_Z,2022,A,T,
2.80246,P1Y,0,,A,PU,_Z,2,,,False,WB_WDI,WB_WDI_EN_GHG_CO2_PC_CE_AR5,BWA,_T,_T,_T,_Z,_Z,_Z,2022,A,T,
2.278896,P1Y,0,,A,PU,_Z,2,,,False,WB_WDI,WB_WDI_EN_GHG_CO2_PC_CE_AR5,BRA,_T,_T,_T,_Z,_Z,_Z,2022,A,T,
2.30695,P1Y,0,,A,PU,_Z,2,,,False,WB_WDI,WB_WDI_EN_GHG_CO2_PC_CE_AR5,VGB,_T,_T,_T,_Z,_Z,_Z,2022,A,T,
20.943628,P1Y,0,,A,PU,_Z,2,,,False,WB_WDI,WB_WDI_EN_GHG_CO2_PC_CE_AR5,BRN,_T,_T,_T,_Z,_Z,_Z,2022,A,T,
7.647697,P1Y,0,,A,PU,_Z,2,,,False,WB_WDI,WB_WDI_EN_GHG_CO2_PC_CE_AR5,BGR,_T,_T,_T,_Z,_Z,_Z,2022,A,T,
0.288262,P1Y,0,,A,PU,_Z,2,,,False,WB_WDI,WB_WDI_EN_GHG_CO2_PC_CE_AR5,BFA,_T,_T,_T,_Z,_Z,_Z,2022,A,T,
0.069822,P1Y,0,,A,PU,_Z,2,,,False,WB_WDI,WB_WDI_EN_GHG_CO2_PC_CE_AR5,BDI,_T,_T,_T,_Z,_Z,_Z,2022,A,T,
1.308536,P1Y,0,,A,PU,_Z,2,,,False,WB_WDI,WB_WDI_EN_GHG_CO2_PC_CE_AR5,CPV,_T,_T,_T,_Z,_Z,_Z,2022,A,T,
1.068782,P1Y,0,,A,PU,_Z,2,,,False,WB_WDI,WB_WDI_EN_GHG_CO2_PC_CE_AR5,KHM,_T,_T,_T,_Z,_Z,_Z,2022,A,T,
0.89917,P1Y,0,,A,PU,_Z,2,,,False,WB_WDI,WB_WDI_EN_GHG_CO2_PC_CE_AR5,AFE,_T,_T,_T,_Z,_Z,_Z,2021,A,T,
0.527372,P1Y,0,,A,PU,_Z,2,,,False,WB_WDI,WB_WDI_EN_GHG_CO2_PC_CE_AR5,AFW,_T,_T,_T,_Z,_Z,_Z,2021,A,T,
4.498561,P1Y,0,,A,PU,_Z,2,,,False,WB_WDI,WB_WDI_EN_GHG_CO2_PC_CE_AR5,ARB,_T,_T,_T,_Z,_Z,_Z,2021,A,T,
8.538485,P1Y,0,,A,PU,_Z,2,,,False,WB_WDI,WB_WDI_EN_GHG_CO2_PC_CE_AR5,CSS,_T,_T,_T,_Z,_Z,_Z,2021,A,T,
7.024888,P1Y,0,,A,PU,_Z,2,,,False,WB_WDI,WB_WDI_EN_GHG_CO2_PC_CE_AR5,CEB,_T,_T,_T,_Z,_Z,_Z,2021,A,T,
2.337987,P1Y,0,,A,PU,_Z,2,,,False,WB_WDI,WB_WDI_EN_GHG_CO2_PC_CE_AR5,EAR,_T,_T,_T,_Z,_Z,_Z,2021,A,T,
7.056882,P1Y,0,,A,PU,_Z,2,,,False,WB_WDI,WB_WDI_EN_GHG_CO2_PC_CE_AR5,EAS,_T,_T,_T,_Z,_Z,_Z,2021,A,T,
6.74065,P1Y,0,,A,PU,_Z,2,,,False,WB_WDI,WB_WDI_EN_GHG_CO2_PC_CE_AR5,EAP,_T,_T,_T,_Z,_Z,_Z,2021,A,T,
6.798045,P1Y,0,,A,PU,_Z,2,,,False,WB_WDI,WB_WDI_EN_GHG_CO2_PC_CE_AR5,TEA,_T,_T,_T,_Z,_Z,_Z,2021,A,T,
6.199915,P1Y,0,,A,PU,_Z,2,,,False,WB_WDI,WB_WDI_EN_GHG_CO2_PC_CE_AR5,EMU,_T,_T,_T,_Z,_Z,_Z,2021,A,T,
7.092284,P1Y,0,,A,PU,_Z,2,,,False,WB_WDI,WB_WDI_EN_GHG_CO2_PC_CE_AR5,ECS,_T,_T,_T,_Z,_Z,_Z,2021,A,T,
5.390139,P1Y,0,,A,PU,_Z,2,,,False,WB_WDI,WB_WDI_EN_GHG_CO2_PC_CE_AR5,ECA,_T,_T,_T,_Z,_Z,_Z,2021,A,T,
8.183961,P1Y,0,,A,PU,_Z,2,,,False,WB_WDI,WB_WDI_EN_GHG_CO2_PC_CE_AR5,TEC,_T,_T,_T,_Z,_Z,_Z,2021,A,T,
6.315844,P1Y,0,,A,PU,_Z,2,,,False,WB_WDI,WB_WDI_EN_GHG_CO2_PC_CE_AR5,EUU,_T,_T,_T,_Z,_Z,_Z,2021,A,T,
0.320212,P1Y,0,,A,PU,_Z,2,,,False,WB_WDI,WB_WDI_EN_GHG_CO2_PC_CE_AR5,HPC,_T,_T,_T,_Z,_Z,_Z,2021,A,T,
0.089372,P1Y,0,,A,PU,_Z,2,,,False,WB_WDI,WB_WDI_EN_GHG_CO2_PC_CE_AR5,MDG,_T,_T,_T,_Z,_Z,_Z,2008,A,T,
0.306502,P1Y,0,,A,PU,_Z,2,,,False,WB_WDI,WB_WDI_EN_GHG_CO2_PC_CE_AR5,MWI,_T,_T,_T,_Z,_Z,_Z,2008,A,T,
7.839229,P1Y,0,,A,PU,_Z,2,,,False,WB_WDI,WB_WDI_EN_GHG_CO2_PC_CE_AR5,MYS,_T,_T,_T,_Z,_Z,_Z,2008,A,T,
2.843502,P1Y,0,,A,PU,_Z,2,,,False,WB_WDI,WB_WDI_EN_GHG_CO2_PC_CE_AR5,MDV,_T,_T,_T,_Z,_Z,_Z,2008,A,T,
0.104513,P1Y,0,,A,PU,_Z,2,,,False,WB_WDI,WB_WDI_EN_GHG_CO2_PC_CE_AR5,MLI,_T,_T,_T,_Z,_Z,_Z,2008,A,T,
6.675232,P1Y,0,,A,PU,_Z,2,,,False,WB_WDI,WB_WDI_EN_GHG_CO2_PC_CE_AR5,MLT,_T,_T,_T,_Z,_Z,_Z,2008,A,T,
0.001922,P1Y,0,,A,PU,_Z,2,,,False,WB_WDI,WB_WDI_EN_GHG_CO2_PC_CE_AR5,MHL,_T,_T,_T,_Z,_Z,_Z,2008,A,T,
0.660579,P1Y,0,,A,PU,_Z,2,,,False,WB_WDI,WB_WDI_EN_GHG_CO2_PC_CE_AR5,MRT,_T,_T,_T,_Z,_Z,_Z,2008,A,T,
2.803505,P1Y,0,,A,PU,_Z,2,,,False,WB_WDI,WB_WDI_EN_GHG_CO2_PC_CE_AR5,MUS,_T,_T,_T,_Z,_Z,_Z,2008,A,T,
4.279101,P1Y,0,,A,PU,_Z,2,,,False,WB_WDI,WB_WDI_EN_GHG_CO2_PC_CE_AR5,MEX,_T,_T,_T,_Z,_Z,_Z,2008,A,T,
0.001836,P1Y,0,,A,PU,_Z,2,,,False,WB_WDI,WB_WDI_EN_GHG_CO2_PC_CE_AR5,FSM,_T,_T,_T,_Z,_Z,_Z,2008,A,T,
2.763319,P1Y,0,,A,PU,_Z,2,,,False,WB_WDI,WB_WDI_EN_GHG_CO2_PC_CE_AR5,MDA,_T,_T,_T,_Z,_Z,_Z,2008,A,T,
74.045019,P1Y,0,,A,PU,_Z,2,,,False,WB_WDI,WB_WDI_EN_GHG_CO2_PC_CE_AR5,PLW,_T,_T,_T,_Z,_Z,_Z,2002,A,T,
1.728925,P1Y,0,,A,PU,_Z,2,,,False,WB_WDI,WB_WDI_EN_GHG_CO2_PC_CE_AR5,PAN,_T,_T,_T,_Z,_Z,_Z,2002,A,T,
0.686006,P1Y,0,,A,PU,_Z,2,,,False,WB_WDI,WB_WDI_EN_GHG_CO2_PC_CE_AR5,PNG,_T,_T,_T,_Z,_Z,_Z,2002,A,T,
0.753631,P1Y,0,,A,PU,_Z,2,,,False,WB_WDI,WB_WDI_EN_GHG_CO2_PC_CE_AR5,PRY,_T,_T,_T,_Z,_Z,_Z,2002,A,T,
1.029822,P1Y,0,,A,PU,_Z,2,,,False,WB_WDI,WB_WDI_EN_GHG_CO2_PC_CE_AR5,PER,_T,_T,_T,_Z,_Z,_Z,2002,A,T,
0.87808,P1Y,0,,A,PU,_Z,2,,,False,WB_WDI,WB_WDI_EN_GHG_CO2_PC_CE_AR5,PHL,_T,_T,_T,_Z,_Z,_Z,2002,A,T,
7.912938,P1Y,0,,A,PU,_Z,2,,,False,WB_WDI,WB_WDI_EN_GHG_CO2_PC_CE_AR5,POL,_T,_T,_T,_Z,_Z,_Z,2002,A,T,
6.501036,P1Y,0,,A,PU,_Z,2,,,False,WB_WDI,WB_WDI_EN_GHG_CO2_PC_CE_AR5,PRT,_T,_T,_T,_Z,_Z,_Z,2002,A,T,
5.26809,P1Y,0,,A,PU,_Z,2,,,False,WB_WDI,WB_WDI_EN_GHG_CO2_PC_CE_AR5,PRI,_T,_T,_T,_Z,_Z,_Z,2002,A,T,
50.899811,P1Y,0,,A,PU,_Z,2,,,False,WB_WDI,WB_WDI_EN_GHG_CO2_PC_CE_AR5,QAT,_T,_T,_T,_Z,_Z,_Z,2002,A,T,
4.758249,P1Y,0,,A,PU,_Z,2,,,False,WB_WDI,WB_WDI_EN_GHG_CO2_PC_CE_AR5,ROU,_T,_T,_T,_Z,_Z,_Z,2002,A,T,
11.529386,P1Y,0,,A,PU,_Z,2,,,False,WB_WDI,WB_WDI_EN_GHG_CO2_PC_CE_AR5,RUS,_T,_T,_T,_Z,_Z,_Z,2002,A,T,
8.690324,P1Y,0,,A,PU,_Z,2,,,False,WB_WDI,WB_WDI_EN_GHG_CO2_PC_CE_AR5,NZL,_T,_T,_T,_Z,_Z,_Z,2004,A,T,
0.880652,P1Y,0,,A,PU,_Z,2,,,False,WB_WDI,WB_WDI_EN_GHG_CO2_PC_CE_AR5,NIC,_T,_T,_T,_Z,_Z,_Z,2004,A,T,
0.06277,P1Y,0,,A,PU,_Z,2,,,False,WB_WDI,WB_WDI_EN_GHG_CO2_PC_CE_AR5,NER,_T,_T,_T,_Z,_Z,_Z,2004,A,T,
0.736921,P1Y,0,,A,PU,_Z,2,,,False,WB_WDI,WB_WDI_EN_GHG_CO2_PC_CE_AR5,NGA,_T,_T,_T,_Z,_Z,_Z,2004,A,T,
4.563666,P1Y,0,,A,PU,_Z,2,,,False,WB_WDI,WB_WDI_EN_GHG_CO2_PC_CE_AR5,MKD,_T,_T,_T,_Z,_Z,_Z,2004,A,T,
0.001564,P1Y,0,,A,PU,_Z,2,,,False,WB_WDI,WB_WDI_EN_GHG_CO2_PC_CE_AR5,MNP,_T,_T,_T,_Z,_Z,_Z,2004,A,T,
9.776084,P1Y,0,,A,PU,_Z,2,,,False,WB_WDI,WB_WDI_EN_GHG_CO2_PC_CE_AR5,NOR,_T,_T,_T,_Z,_Z,_Z,2004,A,T,
13.214081,P1Y,0,,A,PU,_Z,2,,,False,WB_WDI,WB_WDI_EN_GHG_CO2_PC_CE_AR5,OMN,_T,_T,_T,_Z,_Z,_Z,2004,A,T,
0.76737,P1Y,0,,A,PU,_Z,2,,,False,WB_WDI,WB_WDI_EN_GHG_CO2_PC_CE_AR5,PAK,_T,_T,_T,_Z,_Z,_Z,2004,A,T,
76.781029,P1Y,0,,A,PU,_Z,2,,,False,WB_WDI,WB_WDI_EN_GHG_CO2_PC_CE_AR5,PLW,_T,_T,_T,_Z,_Z,_Z,2004,A,T,
1.694444,P1Y,0,,A,PU,_Z,2,,,False,WB_WDI,WB_WDI_EN_GHG_CO2_PC_CE_AR5,PAN,_T,_T,_T,_Z,_Z,_Z,2004,A,T,
0.761531,P1Y,0,,A,PU,_Z,2,,,False,WB_WDI,WB_WDI_EN_GHG_CO2_PC_CE_AR5,PNG,_T,_T,_T,_Z,_Z,_Z,2004,A,T,
0.768516,P1Y,0,,A,PU,_Z,2,,,False,WB_WDI,WB_WDI_EN_GHG_CO2_PC_CE_AR5,PRY,_T,_T,_T,_Z,_Z,_Z,2004,A,T,
2.821554,P1Y,0,,A,PU,_Z,2,,,False,WB_WDI,WB_WDI_EN_GHG_CO2_PC_CE_AR5,GNQ,_T,_T,_T,_Z,_Z,_Z,2022,A,T,
0.219948,P1Y,0,,A,PU,_Z,2,,,False,WB_WDI,WB_WDI_EN_GHG_CO2_PC_CE_AR5,ERI,_T,_T,_T,_Z,_Z,_Z,2022,A,T,
11.13416,P1Y,0,,A,PU,_Z,2,,,False,WB_WDI,WB_WDI_EN_GHG_CO2_PC_CE_AR5,EST,_T,_T,_T,_Z,_Z,_Z,2022,A,T,
0.883161,P1Y,0,,A,PU,_Z,2,,,False,WB_WDI,WB_WDI_EN_GHG_CO2_PC_CE_AR5,SWZ,_T,_T,_T,_Z,_Z,_Z,2022,A,T,
0.14623,P1Y,0,,A,PU,_Z,2,,,False,WB_WDI,WB_WDI_EN_GHG_CO2_PC_CE_AR5,ETH,_T,_T,_T,_Z,_Z,_Z,2022,A,T,
0.038959,P1Y,0,,A,PU,_Z,2,,,False,WB_WDI,WB_WDI_EN_GHG_CO2_PC_CE_AR5,FRO,_T,_T,_T,_Z,_Z,_Z,2022,A,T,
1.560002,P1Y,0,,A,PU,_Z,2,,,False,WB_WDI,WB_WDI_EN_GHG_CO2_PC_CE_AR5,FJI,_T,_T,_T,_Z,_Z,_Z,2022,A,T,
6.681622,P1Y,0,,A,PU,_Z,2,,,False,WB_WDI,WB_WDI_EN_GHG_CO2_PC_CE_AR5,FIN,_T,_T,_T,_Z,_Z,_Z,2022,A,T,
4.512468,P1Y,0,,A,PU,_Z,2,,,False,WB_WDI,WB_WDI_EN_GHG_CO2_PC_CE_AR5,FRA,_T,_T,_T,_Z,_Z,_Z,2022,A,T,
3.301971,P1Y,0,,A,PU,_Z,2,,,False,WB_WDI,WB_WDI_EN_GHG_CO2_PC_CE_AR5,PYF,_T,_T,_T,_Z,_Z,_Z,2022,A,T,
2.296948,P1Y,0,,A,PU,_Z,2,,,False,WB_WDI,WB_WDI_EN_GHG_CO2_PC_CE_AR5,GAB,_T,_T,_T,_Z,_Z,_Z,2022,A,T,
0.187713,P1Y,0,,A,PU,_Z,2,,,False,WB_WDI,WB_WDI_EN_GHG_CO2_PC_CE_AR5,GMB,_T,_T,_T,_Z,_Z,_Z,2022,A,T,
3.626395,P1Y,0,,A,PU,_Z,2,,,False,WB_WDI,WB_WDI_EN_GHG_CO2_PC_CE_AR5,GEO,_T,_T,_T,_Z,_Z,_Z,2022,A,T,
8.390463,P1Y,0,,A,PU,_Z,2,,,False,WB_WDI,WB_WDI_EN_GHG_CO2_PC_CE_AR5,FIN,_T,_T,_T,_Z,_Z,_Z,2015,A,T,
4.991163,P1Y,0,,A,PU,_Z,2,,,False,WB_WDI,WB_WDI_EN_GHG_CO2_PC_CE_AR5,FRA,_T,_T,_T,_Z,_Z,_Z,2015,A,T,
3.61973,P1Y,0,,A,PU,_Z,2,,,False,WB_WDI,WB_WDI_EN_GHG_CO2_PC_CE_AR5,PYF,_T,_T,_T,_Z,_Z,_Z,2015,A,T,
3.15597,P1Y,0,,A,PU,_Z,2,,,False,WB_WDI,WB_WDI_EN_GHG_CO2_PC_CE_AR5,GAB,_T,_T,_T,_Z,_Z,_Z,2015,A,T,
0.228812,P1Y,0,,A,PU,_Z,2,,,False,WB_WDI,WB_WDI_EN_GHG_CO2_PC_CE_AR5,GMB,_T,_T,_T,_Z,_Z,_Z,2015,A,T,
2.858043,P1Y,0,,A,PU,_Z,2,,,False,WB_WDI,WB_WDI_EN_GHG_CO2_PC_CE_AR5,GEO,_T,_T,_T,_Z,_Z,_Z,2015,A,T,
9.608849,P1Y,0,,A,PU,_Z,2,,,False,WB_WDI,WB_WDI_EN_GHG_CO2_PC_CE_AR5,DEU,_T,_T,_T,_Z,_Z,_Z,2015,A,T,
0.543998,P1Y,0,,A,PU,_Z,2,,,False,WB_WDI,WB_WDI_EN_GHG_CO2_PC_CE_AR5,GHA,_T,_T,_T,_Z,_Z,_Z,2015,A,T,
17.690477,P1Y,0,,A,PU,_Z,2,,,False,WB_WDI,WB_WDI_EN_GHG_CO2_PC_CE_AR5,GIB,_T,_T,_T,_Z,_Z,_Z,2015,A,T,
6.418349,P1Y,0,,A,PU,_Z,2,,,False,WB_WDI,WB_WDI_EN_GHG_CO2_PC_CE_AR5,GRC,_T,_T,_T,_Z,_Z,_Z,2015,A,T,
9.245465,P1Y,0,,A,PU,_Z,2,,,False,WB_WDI,WB_WDI_EN_GHG_CO2_PC_CE_AR5,GRL,_T,_T,_T,_Z,_Z,_Z,2015,A,T,
1.021138,P1Y,0,,A,PU,_Z,2,,,False,WB_WDI,WB_WDI_EN_GHG_CO2_PC_CE_AR5,GRD,_T,_T,_T,_Z,_Z,_Z,2015,A,T,
0.001213,P1Y,0,,A,PU,_Z,2,,,False,WB_WDI,WB_WDI_EN_GHG_CO2_PC_CE_AR5,GUM,_T,_T,_T,_Z,_Z,_Z,2015,A,T,
5.869651,P1Y,0,,A,PU,_Z,2,,,False,WB_WDI,WB_WDI_EN_GHG_CO2_PC_CE_AR5,MLT,_T,_T,_T,_Z,_Z,_Z,2002,A,T,
0.001945,P1Y,0,,A,PU,_Z,2,,,False,WB_WDI,WB_WDI_EN_GHG_CO2_PC_CE_AR5,MHL,_T,_T,_T,_Z,_Z,_Z,2002,A,T,
0.474576,P1Y,0,,A,PU,_Z,2,,,False,WB_WDI,WB_WDI_EN_GHG_CO2_PC_CE_AR5,MRT,_T,_T,_T,_Z,_Z,_Z,2002,A,T,
2.189236,P1Y,0,,A,PU,_Z,2,,,False,WB_WDI,WB_WDI_EN_GHG_CO2_PC_CE_AR5,MUS,_T,_T,_T,_Z,_Z,_Z,2002,A,T,
3.948308,P1Y,0,,A,PU,_Z,2,,,False,WB_WDI,WB_WDI_EN_GHG_CO2_PC_CE_AR5,MEX,_T,_T,_T,_Z,_Z,_Z,2002,A,T,
0.001779,P1Y,0,,A,PU,_Z,2,,,False,WB_WDI,WB_WDI_EN_GHG_CO2_PC_CE_AR5,FSM,_T,_T,_T,_Z,_Z,_Z,2002,A,T,
2.510592,P1Y,0,,A,PU,_Z,2,,,False,WB_WDI,WB_WDI_EN_GHG_CO2_PC_CE_AR5,MDA,_T,_T,_T,_Z,_Z,_Z,2002,A,T,
3.943607,P1Y,0,,A,PU,_Z,2,,,False,WB_WDI,WB_WDI_EN_GHG_CO2_PC_CE_AR5,MNG,_T,_T,_T,_Z,_Z,_Z,2002,A,T,
1.31094,P1Y,0,,A,PU,_Z,2,,,False,WB_WDI,WB_WDI_EN_GHG_CO2_PC_CE_AR5,MAR,_T,_T,_T,_Z,_Z,_Z,2002,A,T,
0.104825,P1Y,0,,A,PU,_Z,2,,,False,WB_WDI,WB_WDI_EN_GHG_CO2_PC_CE_AR5,MOZ,_T,_T,_T,_Z,_Z,_Z,2002,A,T,
0.191306,P1Y,0,,A,PU,_Z,2,,,False,WB_WDI,WB_WDI_EN_GHG_CO2_PC_CE_AR5,MMR,_T,_T,_T,_Z,_Z,_Z,2002,A,T,
1.127796,P1Y,0,,A,PU,_Z,2,,,False,WB_WDI,WB_WDI_EN_GHG_CO2_PC_CE_AR5,NAM,_T,_T,_T,_Z,_Z,_Z,2002,A,T,
1.122259,P1Y,0,,A,PU,_Z,2,,,False,WB_WDI,WB_WDI_EN_GHG_CO2_PC_CE_AR5,KGZ,_T,_T,_T,_Z,_Z,_Z,2003,A,T,
0.210602,P1Y,0,,A,PU,_Z,2,,,False,WB_WDI,WB_WDI_EN_GHG_CO2_PC_CE_AR5,LAO,_T,_T,_T,_Z,_Z,_Z,2003,A,T,
3.459465,P1Y,0,,A,PU,_Z,2,,,False,WB_WDI,WB_WDI_EN_GHG_CO2_PC_CE_AR5,LVA,_T,_T,_T,_Z,_Z,_Z,2003,A,T,
3.639525,P1Y,0,,A,PU,_Z,2,,,False,WB_WDI,WB_WDI_EN_GHG_CO2_PC_CE_AR5,LBN,_T,_T,_T,_Z,_Z,_Z,2003,A,T,
0.197475,P1Y,0,,A,PU,_Z,2,,,False,WB_WDI,WB_WDI_EN_GHG_CO2_PC_CE_AR5,LSO,_T,_T,_T,_Z,_Z,_Z,2003,A,T,
0.161627,P1Y,0,,A,PU,_Z,2,,,False,WB_WDI,WB_WDI_EN_GHG_CO2_PC_CE_AR5,LBR,_T,_T,_T,_Z,_Z,_Z,2003,A,T,
9.572146,P1Y,0,,A,PU,_Z,2,,,False,WB_WDI,WB_WDI_EN_GHG_CO2_PC_CE_AR5,LBY,_T,_T,_T,_Z,_Z,_Z,2003,A,T,
3.657868,P1Y,0,,A,PU,_Z,2,,,False,WB_WDI,WB_WDI_EN_GHG_CO2_PC_CE_AR5,LTU,_T,_T,_T,_Z,_Z,_Z,2003,A,T,
23.147931,P1Y,0,,A,PU,_Z,2,,,False,WB_WDI,WB_WDI_EN_GHG_CO2_PC_CE_AR5,LUX,_T,_T,_T,_Z,_Z,_Z,2003,A,T,
3.958972,P1Y,0,,A,PU,_Z,2,,,False,WB_WDI,WB_WDI_EN_GHG_CO2_PC_CE_AR5,MAC,_T,_T,_T,_Z,_Z,_Z,2003,A,T,
0.085747,P1Y,0,,A,PU,_Z,2,,,False,WB_WDI,WB_WDI_EN_GHG_CO2_PC_CE_AR5,MDG,_T,_T,_T,_Z,_Z,_Z,2003,A,T,
0.259203,P1Y,0,,A,PU,_Z,2,,,False,WB_WDI,WB_WDI_EN_GHG_CO2_PC_CE_AR5,MWI,_T,_T,_T,_Z,_Z,_Z,2003,A,T,
3.369103,P1Y,0,,A,PU,_Z,2,,,False,WB_WDI,WB_WDI_EN_GHG_CO2_PC_CE_AR5,JOR,_T,_T,_T,_Z,_Z,_Z,2005,A,T,
11.748217,P1Y,0,,A,PU,_Z,2,,,False,WB_WDI,WB_WDI_EN_GHG_CO2_PC_CE_AR5,KAZ,_T,_T,_T,_Z,_Z,_Z,2005,A,T,
0.252148,P1Y,0,,A,PU,_Z,2,,,False,WB_WDI,WB_WDI_EN_GHG_CO2_PC_CE_AR5,KEN,_T,_T,_T,_Z,_Z,_Z,2005,A,T,
0.628347,P1Y,0,,A,PU,_Z,2,,,False,WB_WDI,WB_WDI_EN_GHG_CO2_PC_CE_AR5,KIR,_T,_T,_T,_Z,_Z,_Z,2005,A,T,
3.268404,P1Y,0,,A,PU,_Z,2,,,False,WB_WDI,WB_WDI_EN_GHG_CO2_PC_CE_AR5,PRK,_T,_T,_T,_Z,_Z,_Z,2005,A,T,
10.708401,P1Y,0,,A,PU,_Z,2,,,False,WB_WDI,WB_WDI_EN_GHG_CO2_PC_CE_AR5,KOR,_T,_T,_T,_Z,_Z,_Z,2005,A,T,
34.528842,P1Y,0,,A,PU,_Z,2,,,False,WB_WDI,WB_WDI_EN_GHG_CO2_PC_CE_AR5,KWT,_T,_T,_T,_Z,_Z,_Z,2005,A,T,
1.087293,P1Y,0,,A,PU,_Z,2,,,False,WB_WDI,WB_WDI_EN_GHG_CO2_PC_CE_AR5,KGZ,_T,_T,_T,_Z,_Z,_Z,2005,A,T,
0.221926,P1Y,0,,A,PU,_Z,2,,,False,WB_WDI,WB_WDI_EN_GHG_CO2_PC_CE_AR5,LAO,_T,_T,_T,_Z,_Z,_Z,2005,A,T,
3.586745,P1Y,0,,A,PU,_Z,2,,,False,WB_WDI,WB_WDI_EN_GHG_CO2_PC_CE_AR5,LVA,_T,_T,_T,_Z,_Z,_Z,2005,A,T,
3.548584,P1Y,0,,A,PU,_Z,2,,,False,WB_WDI,WB_WDI_EN_GHG_CO2_PC_CE_AR5,LBN,_T,_T,_T,_Z,_Z,_Z,2005,A,T,
0.20885,P1Y,0,,A,PU,_Z,2,,,False,WB_WDI,WB_WDI_EN_GHG_CO2_PC_CE_AR5,LSO,_T,_T,_T,_Z,_Z,_Z,2005,A,T,
10.563162,P1Y,0,,A,PU,_Z,2,,,False,WB_WDI,WB_WDI_EN_GHG_CO2_PC_CE_AR5,SYC,_T,_T,_T,_Z,_Z,_Z,2015,A,T,
0.145276,P1Y,0,,A,PU,_Z,2,,,False,WB_WDI,WB_WDI_EN_GHG_CO2_PC_CE_AR5,SLE,_T,_T,_T,_Z,_Z,_Z,2015,A,T,
9.968307,P1Y,0,,A,PU,_Z,2,,,False,WB_WDI,WB_WDI_EN_GHG_CO2_PC_CE_AR5,SGP,_T,_T,_T,_Z,_Z,_Z,2015,A,T,
6.365647,P1Y,0,,A,PU,_Z,2,,,False,WB_WDI,WB_WDI_EN_GHG_CO2_PC_CE_AR5,SVK,_T,_T,_T,_Z,_Z,_Z,2015,A,T,
6.927398,P1Y,0,,A,PU,_Z,2,,,False,WB_WDI,WB_WDI_EN_GHG_CO2_PC_CE_AR5,SVN,_T,_T,_T,_Z,_Z,_Z,2015,A,T,
0.521727,P1Y,0,,A,PU,_Z,2,,,False,WB_WDI,WB_WDI_EN_GHG_CO2_PC_CE_AR5,SLB,_T,_T,_T,_Z,_Z,_Z,2015,A,T,
0.059571,P1Y,0,,A,PU,_Z,2,,,False,WB_WDI,WB_WDI_EN_GHG_CO2_PC_CE_AR5,SOM,_T,_T,_T,_Z,_Z,_Z,2015,A,T,
8.149487,P1Y,0,,A,PU,_Z,2,,,False,WB_WDI,WB_WDI_EN_GHG_CO2_PC_CE_AR5,ZAF,_T,_T,_T,_Z,_Z,_Z,2015,A,T,
5.849337,P1Y,0,,A,PU,_Z,2,,,False,WB_WDI,WB_WDI_EN_GHG_CO2_PC_CE_AR5,ESP,_T,_T,_T,_Z,_Z,_Z,2015,A,T,
3.947177,P1Y,0,,A,PU,_Z,2,,,False,WB_WDI,WB_WDI_EN_GHG_CO2_PC_CE_AR5,PRT,_T,_T,_T,_Z,_Z,_Z,2020,A,T,
3.798706,P1Y,0,,A,PU,_Z,2,,,False,WB_WDI,WB_WDI_EN_GHG_CO2_PC_CE_AR5,PRI,_T,_T,_T,_Z,_Z,_Z,2020,A,T,
41.278093,P1Y,0,,A,PU,_Z,2,,,False,WB_WDI,WB_WDI_EN_GHG_CO2_PC_CE_AR5,QAT,_T,_T,_T,_Z,_Z,_Z,2020,A,T,
3.929412,P1Y,0,,A,PU,_Z,2,,,False,WB_WDI,WB_WDI_EN_GHG_CO2_PC_CE_AR5,ROU,_T,_T,_T,_Z,_Z,_Z,2020,A,T,
12.284053,P1Y,0,,A,PU,_Z,2,,,False,WB_WDI,WB_WDI_EN_GHG_CO2_PC_CE_AR5,RUS,_T,_T,_T,_Z,_Z,_Z,2020,A,T,
0.11139,P1Y,0,,A,PU,_Z,2,,,False,WB_WDI,WB_WDI_EN_GHG_CO2_PC_CE_AR5,RWA,_T,_T,_T,_Z,_Z,_Z,2020,A,T,
1.477749,P1Y,0,,A,PU,_Z,2,,,False,WB_WDI,WB_WDI_EN_GHG_CO2_PC_CE_AR5,WSM,_T,_T,_T,_Z,_Z,_Z,2020,A,T,
0.708718,P1Y,0,,A,PU,_Z,2,,,False,WB_WDI,WB_WDI_EN_GHG_CO2_PC_CE_AR5,STP,_T,_T,_T,_Z,_Z,_Z,2020,A,T,
18.290288,P1Y,0,,A,PU,_Z,2,,,False,WB_WDI,WB_WDI_EN_GHG_CO2_PC_CE_AR5,SAU,_T,_T,_T,_Z,_Z,_Z,2020,A,T,
0.644157,P1Y,0,,A,PU,_Z,2,,,False,WB_WDI,WB_WDI_EN_GHG_CO2_PC_CE_AR5,SEN,_T,_T,_T,_Z,_Z,_Z,2020,A,T,
3.207783,P1Y,0,,A,PU,_Z,2,,,False,WB_WDI,WB_WDI_EN_GHG_CO2_PC_CE_AR5,MUS,_T,_T,_T,_Z,_Z,_Z,2022,A,T,
3.521838,P1Y,0,,A,PU,_Z,2,,,False,WB_WDI,WB_WDI_EN_GHG_CO2_PC_CE_AR5,MEX,_T,_T,_T,_Z,_Z,_Z,2022,A,T,
0.001784,P1Y,0,,A,PU,_Z,2,,,False,WB_WDI,WB_WDI_EN_GHG_CO2_PC_CE_AR5,FSM,_T,_T,_T,_Z,_Z,_Z,2022,A,T,
3.277712,P1Y,0,,A,PU,_Z,2,,,False,WB_WDI,WB_WDI_EN_GHG_CO2_PC_CE_AR5,MDA,_T,_T,_T,_Z,_Z,_Z,2022,A,T,
7.267656,P1Y,0,,A,PU,_Z,2,,,False,WB_WDI,WB_WDI_EN_GHG_CO2_PC_CE_AR5,MNG,_T,_T,_T,_Z,_Z,_Z,2022,A,T,
1.937514,P1Y,0,,A,PU,_Z,2,,,False,WB_WDI,WB_WDI_EN_GHG_CO2_PC_CE_AR5,MAR,_T,_T,_T,_Z,_Z,_Z,2022,A,T,
0.333694,P1Y,0,,A,PU,_Z,2,,,False,WB_WDI,WB_WDI_EN_GHG_CO2_PC_CE_AR5,MOZ,_T,_T,_T,_Z,_Z,_Z,2022,A,T,
0.577248,P1Y,0,,A,PU,_Z,2,,,False,WB_WDI,WB_WDI_EN_GHG_CO2_PC_CE_AR5,MMR,_T,_T,_T,_Z,_Z,_Z,2022,A,T,
1.238865,P1Y,0,,A,PU,_Z,2,,,False,WB_WDI,WB_WDI_EN_GHG_CO2_PC_CE_AR5,NAM,_T,_T,_T,_Z,_Z,_Z,2022,A,T,
0,P1Y,0,,A,PU,_Z,2,,,False,WB_WDI,WB_WDI_EN_GHG_CO2_PC_CE_AR5,NRU,_T,_T,_T,_Z,_Z,_Z,2022,A,T,
0.506316,P1Y,0,,A,PU,_Z,2,,,False,WB_WDI,WB_WDI_EN_GHG_CO2_PC_CE_AR5,NPL,_T,_T,_T,_Z,_Z,_Z,2022,A,T,
0.172061,P1Y,0,,A,PU,_Z,2,,,False,WB_WDI,WB_WDI_EN_GHG_CO2_PC_CE_AR5,LAO,_T,_T,_T,_Z,_Z,_Z,2000,A,T,
3.05417,P1Y,0,,A,PU,_Z,2,,,False,WB_WDI,WB_WDI_EN_GHG_CO2_PC_CE_AR5,LVA,_T,_T,_T,_Z,_Z,_Z,2000,A,T,
3.535989,P1Y,0,,A,PU,_Z,2,,,False,WB_WDI,WB_WDI_EN_GHG_CO2_PC_CE_AR5,LBN,_T,_T,_T,_Z,_Z,_Z,2000,A,T,
0.175058,P1Y,0,,A,PU,_Z,2,,,False,WB_WDI,WB_WDI_EN_GHG_CO2_PC_CE_AR5,LSO,_T,_T,_T,_Z,_Z,_Z,2000,A,T,
0.136333,P1Y,0,,A,PU,_Z,2,,,False,WB_WDI,WB_WDI_EN_GHG_CO2_PC_CE_AR5,LBR,_T,_T,_T,_Z,_Z,_Z,2000,A,T,
9.29018,P1Y,0,,A,PU,_Z,2,,,False,WB_WDI,WB_WDI_EN_GHG_CO2_PC_CE_AR5,LBY,_T,_T,_T,_Z,_Z,_Z,2000,A,T,
3.330927,P1Y,0,,A,PU,_Z,2,,,False,WB_WDI,WB_WDI_EN_GHG_CO2_PC_CE_AR5,LTU,_T,_T,_T,_Z,_Z,_Z,2000,A,T,
20.171442,P1Y,0,,A,PU,_Z,2,,,False,WB_WDI,WB_WDI_EN_GHG_CO2_PC_CE_AR5,LUX,_T,_T,_T,_Z,_Z,_Z,2000,A,T,
3.38876,P1Y,0,,A,PU,_Z,2,,,False,WB_WDI,WB_WDI_EN_GHG_CO2_PC_CE_AR5,MAC,_T,_T,_T,_Z,_Z,_Z,2000,A,T,
0.102577,P1Y,0,,A,PU,_Z,2,,,False,WB_WDI,WB_WDI_EN_GHG_CO2_PC_CE_AR5,MDG,_T,_T,_T,_Z,_Z,_Z,2000,A,T,
0.273808,P1Y,0,,A,PU,_Z,2,,,False,WB_WDI,WB_WDI_EN_GHG_CO2_PC_CE_AR5,MWI,_T,_T,_T,_Z,_Z,_Z,2000,A,T,
5.693236,P1Y,0,,A,PU,_Z,2,,,False,WB_WDI,WB_WDI_EN_GHG_CO2_PC_CE_AR5,MYS,_T,_T,_T,_Z,_Z,_Z,2000,A,T,
7.832698,P1Y,0,,A,PU,_Z,2,,,False,WB_WDI,WB_WDI_EN_GHG_CO2_PC_CE_AR5,SVN,_T,_T,_T,_Z,_Z,_Z,2011,A,T,
0.674208,P1Y,0,,A,PU,_Z,2,,,False,WB_WDI,WB_WDI_EN_GHG_CO2_PC_CE_AR5,SLB,_T,_T,_T,_Z,_Z,_Z,2011,A,T,
0.063836,P1Y,0,,A,PU,_Z,2,,,False,WB_WDI,WB_WDI_EN_GHG_CO2_PC_CE_AR5,SOM,_T,_T,_T,_Z,_Z,_Z,2011,A,T,
8.377586,P1Y,0,,A,PU,_Z,2,,,False,WB_WDI,WB_WDI_EN_GHG_CO2_PC_CE_AR5,ZAF,_T,_T,_T,_Z,_Z,_Z,2011,A,T,
6.19393,P1Y,0,,A,PU,_Z,2,,,False,WB_WDI,WB_WDI_EN_GHG_CO2_PC_CE_AR5,ESP,_T,_T,_T,_Z,_Z,_Z,2011,A,T,
0.757198,P1Y,0,,A,PU,_Z,2,,,False,WB_WDI,WB_WDI_EN_GHG_CO2_PC_CE_AR5,LKA,_T,_T,_T,_Z,_Z,_Z,2011,A,T,
1.659344,P1Y,0,,A,PU,_Z,2,,,False,WB_WDI,WB_WDI_EN_GHG_CO2_PC_CE_AR5,KNA,_T,_T,_T,_Z,_Z,_Z,2011,A,T,
0.821881,P1Y,0,,A,PU,_Z,2,,,False,WB_WDI,WB_WDI_EN_GHG_CO2_PC_CE_AR5,LCA,_T,_T,_T,_Z,_Z,_Z,2011,A,T,
0.631007,P1Y,0,,A,PU,_Z,2,,,False,WB_WDI,WB_WDI_EN_GHG_CO2_PC_CE_AR5,VCT,_T,_T,_T,_Z,_Z,_Z,2011,A,T,
0.449334,P1Y,0,,A,PU,_Z,2,,,False,WB_WDI,WB_WDI_EN_GHG_CO2_PC_CE_AR5,SDN,_T,_T,_T,_Z,_Z,_Z,2011,A,T,
3.517363,P1Y,0,,A,PU,_Z,2,,,False,WB_WDI,WB_WDI_EN_GHG_CO2_PC_CE_AR5,SUR,_T,_T,_T,_Z,_Z,_Z,2011,A,T,
8.480038,P1Y,0,,A,PU,_Z,2,,,False,WB_WDI,WB_WDI_EN_GHG_CO2_PC_CE_AR5,ISL,_T,_T,_T,_Z,_Z,_Z,2022,A,T,
1.969296,P1Y,0,,A,PU,_Z,2,,,False,WB_WDI,WB_WDI_EN_GHG_CO2_PC_CE_AR5,IND,_T,_T,_T,_Z,_Z,_Z,2022,A,T,
2.591896,P1Y,0,,A,PU,_Z,2,,,False,WB_WDI,WB_WDI_EN_GHG_CO2_PC_CE_AR5,IDN,_T,_T,_T,_Z,_Z,_Z,2022,A,T,
8.847423,P1Y,0,,A,PU,_Z,2,,,False,WB_WDI,WB_WDI_EN_GHG_CO2_PC_CE_AR5,IRN,_T,_T,_T,_Z,_Z,_Z,2022,A,T,
5.043695,P1Y,0,,A,PU,_Z,2,,,False,WB_WDI,WB_WDI_EN_GHG_CO2_PC_CE_AR5,IRQ,_T,_T,_T,_Z,_Z,_Z,2022,A,T,
6.845813,P1Y,0,,A,PU,_Z,2,,,False,WB_WDI,WB_WDI_EN_GHG_CO2_PC_CE_AR5,IRL,_T,_T,_T,_Z,_Z,_Z,2022,A,T,
6.658268,P1Y,0,,A,PU,_Z,2,,,False,WB_WDI,WB_WDI_EN_GHG_CO2_PC_CE_AR5,ISR,_T,_T,_T,_Z,_Z,_Z,2022,A,T,
5.608972,P1Y,0,,A,PU,_Z,2,,,False,WB_WDI,WB_WDI_EN_GHG_CO2_PC_CE_AR5,ITA,_T,_T,_T,_Z,_Z,_Z,2022,A,T,
2.64696,P1Y,0,,A,PU,_Z,2,,,False,WB_WDI,WB_WDI_EN_GHG_CO2_PC_CE_AR5,JAM,_T,_T,_T,_Z,_Z,_Z,2022,A,T,
8.395631,P1Y,0,,A,PU,_Z,2,,,False,WB_WDI,WB_WDI_EN_GHG_CO2_PC_CE_AR5,JPN,_T,_T,_T,_Z,_Z,_Z,2022,A,T,
2.073335,P1Y,0,,A,PU,_Z,2,,,False,WB_WDI,WB_WDI_EN_GHG_CO2_PC_CE_AR5,JOR,_T,_T,_T,_Z,_Z,_Z,2022,A,T,
2.760524,P1Y,0,,A,PU,_Z,2,,,False,WB_WDI,WB_WDI_EN_GHG_CO2_PC_CE_AR5,LCN,_T,_T,_T,_Z,_Z,_Z,2019,A,T,
2.643993,P1Y,0,,A,PU,_Z,2,,,False,WB_WDI,WB_WDI_EN_GHG_CO2_PC_CE_AR5,LAC,_T,_T,_T,_Z,_Z,_Z,2019,A,T,
2.767804,P1Y,0,,A,PU,_Z,2,,,False,WB_WDI,WB_WDI_EN_GHG_CO2_PC_CE_AR5,TLA,_T,_T,_T,_Z,_Z,_Z,2019,A,T,
0.384314,P1Y,0,,A,PU,_Z,2,,,False,WB_WDI,WB_WDI_EN_GHG_CO2_PC_CE_AR5,LDC,_T,_T,_T,_Z,_Z,_Z,2019,A,T,
3.433018,P1Y,0,,A,PU,_Z,2,,,False,WB_WDI,WB_WDI_EN_GHG_CO2_PC_CE_AR5,LMY,_T,_T,_T,_Z,_Z,_Z,2019,A,T,
0.353019,P1Y,0,,A,PU,_Z,2,,,False,WB_WDI,WB_WDI_EN_GHG_CO2_PC_CE_AR5,LIC,_T,_T,_T,_Z,_Z,_Z,2019,A,T,
1.437934,P1Y,0,,A,PU,_Z,2,,,False,WB_WDI,WB_WDI_EN_GHG_CO2_PC_CE_AR5,LMC,_T,_T,_T,_Z,_Z,_Z,2019,A,T,
4.029214,P1Y,0,,A,PU,_Z,2,,,False,WB_WDI,WB_WDI_EN_GHG_CO2_PC_CE_AR5,MEA,_T,_T,_T,_Z,_Z,_Z,2019,A,T,
2.652044,P1Y,0,,A,PU,_Z,2,,,False,WB_WDI,WB_WDI_EN_GHG_CO2_PC_CE_AR5,MNA,_T,_T,_T,_Z,_Z,_Z,2019,A,T,
2.652044,P1Y,0,,A,PU,_Z,2,,,False,WB_WDI,WB_WDI_EN_GHG_CO2_PC_CE_AR5,TMN,_T,_T,_T,_Z,_Z,_Z,2019,A,T,
3.778553,P1Y,0,,A,PU,_Z,2,,,False,WB_WDI,WB_WDI_EN_GHG_CO2_PC_CE_AR5,MIC,_T,_T,_T,_Z,_Z,_Z,2019,A,T,
15.159436,P1Y,0,,A,PU,_Z,2,,,False,WB_WDI,WB_WDI_EN_GHG_CO2_PC_CE_AR5,NAC,_T,_T,_T,_Z,_Z,_Z,2019,A,T,
8.918108,P1Y,0,,A,PU,_Z,2,,,False,WB_WDI,WB_WDI_EN_GHG_CO2_PC_CE_AR5,OED,_T,_T,_T,_Z,_Z,_Z,2019,A,T,
3.990141,P1Y,0,,A,PU,_Z,2,,,False,WB_WDI,WB_WDI_EN_GHG_CO2_PC_CE_AR5,THA,_T,_T,_T,_Z,_Z,_Z,2015,A,T,
0.576867,P1Y,0,,A,PU,_Z,2,,,False,WB_WDI,WB_WDI_EN_GHG_CO2_PC_CE_AR5,TLS,_T,_T,_T,_Z,_Z,_Z,2015,A,T,
0.218624,P1Y,0,,A,PU,_Z,2,,,False,WB_WDI,WB_WDI_EN_GHG_CO2_PC_CE_AR5,TGO,_T,_T,_T,_Z,_Z,_Z,2015,A,T,
1.269617,P1Y,0,,A,PU,_Z,2,,,False,WB_WDI,WB_WDI_EN_GHG_CO2_PC_CE_AR5,TON,_T,_T,_T,_Z,_Z,_Z,2015,A,T,
27.235311,P1Y,0,,A,PU,_Z,2,,,False,WB_WDI,WB_WDI_EN_GHG_CO2_PC_CE_AR5,TTO,_T,_T,_T,_Z,_Z,_Z,2015,A,T,
2.694298,P1Y,0,,A,PU,_Z,2,,,False,WB_WDI,WB_WDI_EN_GHG_CO2_PC_CE_AR5,TUN,_T,_T,_T,_Z,_Z,_Z,2015,A,T,
4.702763,P1Y,0,,A,PU,_Z,2,,,False,WB_WDI,WB_WDI_EN_GHG_CO2_PC_CE_AR5,TUR,_T,_T,_T,_Z,_Z,_Z,2015,A,T,
10.925565,P1Y,0,,A,PU,_Z,2,,,False,WB_WDI,WB_WDI_EN_GHG_CO2_PC_CE_AR5,TKM,_T,_T,_T,_Z,_Z,_Z,2015,A,T,
2.185494,P1Y,0,,A,PU,_Z,2,,,False,WB_WDI,WB_WDI_EN_GHG_CO2_PC_CE_AR5,TCA,_T,_T,_T,_Z,_Z,_Z,2015,A,T,
0,P1Y,0,,A,PU,_Z,2,,,False,WB_WDI,WB_WDI_EN_GHG_CO2_PC_CE_AR5,TUV,_T,_T,_T,_Z,_Z,_Z,2015,A,T,
0.149086,P1Y,0,,A,PU,_Z,2,,,False,WB_WDI,WB_WDI_EN_GHG_CO2_PC_CE_AR5,UGA,_T,_T,_T,_Z,_Z,_Z,2015,A,T,
4.938463,P1Y,0,,A,PU,_Z,2,,,False,WB_WDI,WB_WDI_EN_GHG_CO2_PC_CE_AR5,UKR,_T,_T,_T,_Z,_Z,_Z,2015,A,T,
1.128104,P1Y,0,,A,PU,_Z,2,,,False,WB_WDI,WB_WDI_EN_GHG_CO2_PC_CE_AR5,COG,_T,_T,_T,_Z,_Z,_Z,2015,A,T,
1.610157,P1Y,0,,A,PU,_Z,2,,,False,WB_WDI,WB_WDI_EN_GHG_CO2_PC_CE_AR5,CRI,_T,_T,_T,_Z,_Z,_Z,2015,A,T,
0.446203,P1Y,0,,A,PU,_Z,2,,,False,WB_WDI,WB_WDI_EN_GHG_CO2_PC_CE_AR5,CIV,_T,_T,_T,_Z,_Z,_Z,2015,A,T,
4.341448,P1Y,0,,A,PU,_Z,2,,,False,WB_WDI,WB_WDI_EN_GHG_CO2_PC_CE_AR5,HRV,_T,_T,_T,_Z,_Z,_Z,2015,A,T,
2.611169,P1Y,0,,A,PU,_Z,2,,,False,WB_WDI,WB_WDI_EN_GHG_CO2_PC_CE_AR5,CUB,_T,_T,_T,_Z,_Z,_Z,2015,A,T,
5.622131,P1Y,0,,A,PU,_Z,2,,,False,WB_WDI,WB_WDI_EN_GHG_CO2_PC_CE_AR5,CYP,_T,_T,_T,_Z,_Z,_Z,2015,A,T,
10.268442,P1Y,0,,A,PU,_Z,2,,,False,WB_WDI,WB_WDI_EN_GHG_CO2_PC_CE_AR5,CZE,_T,_T,_T,_Z,_Z,_Z,2015,A,T,
5.994775,P1Y,0,,A,PU,_Z,2,,,False,WB_WDI,WB_WDI_EN_GHG_CO2_PC_CE_AR5,DNK,_T,_T,_T,_Z,_Z,_Z,2015,A,T,
0.800049,P1Y,0,,A,PU,_Z,2,,,False,WB_WDI,WB_WDI_EN_GHG_CO2_PC_CE_AR5,DJI,_T,_T,_T,_Z,_Z,_Z,2015,A,T,
1.028263,P1Y,0,,A,PU,_Z,2,,,False,WB_WDI,WB_WDI_EN_GHG_CO2_PC_CE_AR5,DMA,_T,_T,_T,_Z,_Z,_Z,2015,A,T,
0.081937,P1Y,0,,A,PU,_Z,2,,,False,WB_WDI,WB_WDI_EN_GHG_CO2_PC_CE_AR5,RWA,_T,_T,_T,_Z,_Z,_Z,2005,A,T,
1.164843,P1Y,0,,A,PU,_Z,2,,,False,WB_WDI,WB_WDI_EN_GHG_CO2_PC_CE_AR5,WSM,_T,_T,_T,_Z,_Z,_Z,2005,A,T,
0.552466,P1Y,0,,A,PU,_Z,2,,,False,WB_WDI,WB_WDI_EN_GHG_CO2_PC_CE_AR5,STP,_T,_T,_T,_Z,_Z,_Z,2005,A,T,
16.847546,P1Y,0,,A,PU,_Z,2,,,False,WB_WDI,WB_WDI_EN_GHG_CO2_PC_CE_AR5,SAU,_T,_T,_T,_Z,_Z,_Z,2005,A,T,
0.511647,P1Y,0,,A,PU,_Z,2,,,False,WB_WDI,WB_WDI_EN_GHG_CO2_PC_CE_AR5,SEN,_T,_T,_T,_Z,_Z,_Z,2005,A,T,
11.637983,P1Y,0,,A,PU,_Z,2,,,False,WB_WDI,WB_WDI_EN_GHG_CO2_PC_CE_AR5,SYC,_T,_T,_T,_Z,_Z,_Z,2005,A,T,
0.10315,P1Y,0,,A,PU,_Z,2,,,False,WB_WDI,WB_WDI_EN_GHG_CO2_PC_CE_AR5,SLE,_T,_T,_T,_Z,_Z,_Z,2005,A,T,
9.782895,P1Y,0,,A,PU,_Z,2,,,False,WB_WDI,WB_WDI_EN_GHG_CO2_PC_CE_AR5,SGP,_T,_T,_T,_Z,_Z,_Z,2005,A,T,
7.862631,P1Y,0,,A,PU,_Z,2,,,False,WB_WDI,WB_WDI_EN_GHG_CO2_PC_CE_AR5,SVK,_T,_T,_T,_Z,_Z,_Z,2005,A,T,
8.816061,P1Y,0,,A,PU,_Z,2,,,False,WB_WDI,WB_WDI_EN_GHG_CO2_PC_CE_AR5,SVN,_T,_T,_T,_Z,_Z,_Z,2005,A,T,
3.963375,P1Y,0,,A,PU,_Z,2,,,False,WB_WDI,WB_WDI_EN_GHG_CO2_PC_CE_AR5,THA,_T,_T,_T,_Z,_Z,_Z,2022,A,T,
0.507268,P1Y,0,,A,PU,_Z,2,,,False,WB_WDI,WB_WDI_EN_GHG_CO2_PC_CE_AR5,TLS,_T,_T,_T,_Z,_Z,_Z,2022,A,T,
0.322782,P1Y,0,,A,PU,_Z,2,,,False,WB_WDI,WB_WDI_EN_GHG_CO2_PC_CE_AR5,TGO,_T,_T,_T,_Z,_Z,_Z,2022,A,T,
1.536528,P1Y,0,,A,PU,_Z,2,,,False,WB_WDI,WB_WDI_EN_GHG_CO2_PC_CE_AR5,TON,_T,_T,_T,_Z,_Z,_Z,2022,A,T,
20.866009,P1Y,0,,A,PU,_Z,2,,,False,WB_WDI,WB_WDI_EN_GHG_CO2_PC_CE_AR5,TTO,_T,_T,_T,_Z,_Z,_Z,2022,A,T,
2.504989,P1Y,0,,A,PU,_Z,2,,,False,WB_WDI,WB_WDI_EN_GHG_CO2_PC_CE_AR5,TUN,_T,_T,_T,_Z,_Z,_Z,2022,A,T,
5.229562,P1Y,0,,A,PU,_Z,2,,,False,WB_WDI,WB_WDI_EN_GHG_CO2_PC_CE_AR5,TUR,_T,_T,_T,_Z,_Z,_Z,2022,A,T,
14.005338,P1Y,0,,A,PU,_Z,2,,,False,WB_WDI,WB_WDI_EN_GHG_CO2_PC_CE_AR5,TKM,_T,_T,_T,_Z,_Z,_Z,2022,A,T,
4.809475,P1Y,0,,A,PU,_Z,2,,,False,WB_WDI,WB_WDI_EN_GHG_CO2_PC_CE_AR5,TCA,_T,_T,_T,_Z,_Z,_Z,2022,A,T,
0,P1Y,0,,A,PU,_Z,2,,,False,WB_WDI,WB_WDI_EN_GHG_CO2_PC_CE_AR5,TUV,_T,_T,_T,_Z,_Z,_Z,2022,A,T,
0.168118,P1Y,0,,A,PU,_Z,2,,,False,WB_WDI,WB_WDI_EN_GHG_CO2_PC_CE_AR5,UGA,_T,_T,_T,_Z,_Z,_Z,2022,A,T,
2.907396,P1Y,0,,A,PU,_Z,2,,,False,WB_WDI,WB_WDI_EN_GHG_CO2_PC_CE_AR5,UKR,_T,_T,_T,_Z,_Z,_Z,2022,A,T,
19.373146,P1Y,0,,A,PU,_Z,2,,,False,WB_WDI,WB_WDI_EN_GHG_CO2_PC_CE_AR5,ARE,_T,_T,_T,_Z,_Z,_Z,2022,A,T,
1.096819,P1Y,0,,A,PU,_Z,2,,,False,WB_WDI,WB_WDI_EN_GHG_CO2_PC_CE_AR5,WSM,_T,_T,_T,_Z,_Z,_Z,2001,A,T,
0.381213,P1Y,0,,A,PU,_Z,2,,,False,WB_WDI,WB_WDI_EN_GHG_CO2_PC_CE_AR5,STP,_T,_T,_T,_Z,_Z,_Z,2001,A,T,
16.183573,P1Y,0,,A,PU,_Z,2,,,False,WB_WDI,WB_WDI_EN_GHG_CO2_PC_CE_AR5,SAU,_T,_T,_T,_Z,_Z,_Z,2001,A,T,
0.44192,P1Y,0,,A,PU,_Z,2,,,False,WB_WDI,WB_WDI_EN_GHG_CO2_PC_CE_AR5,SEN,_T,_T,_T,_Z,_Z,_Z,2001,A,T,
10.322406,P1Y,0,,A,PU,_Z,2,,,False,WB_WDI,WB_WDI_EN_GHG_CO2_PC_CE_AR5,SYC,_T,_T,_T,_Z,_Z,_Z,2001,A,T,
0.117075,P1Y,0,,A,PU,_Z,2,,,False,WB_WDI,WB_WDI_EN_GHG_CO2_PC_CE_AR5,SLE,_T,_T,_T,_Z,_Z,_Z,2001,A,T,
11.093878,P1Y,0,,A,PU,_Z,2,,,False,WB_WDI,WB_WDI_EN_GHG_CO2_PC_CE_AR5,SGP,_T,_T,_T,_Z,_Z,_Z,2001,A,T,
7.804339,P1Y,0,,A,PU,_Z,2,,,False,WB_WDI,WB_WDI_EN_GHG_CO2_PC_CE_AR5,SVK,_T,_T,_T,_Z,_Z,_Z,2001,A,T,
8.516912,P1Y,0,,A,PU,_Z,2,,,False,WB_WDI,WB_WDI_EN_GHG_CO2_PC_CE_AR5,SVN,_T,_T,_T,_Z,_Z,_Z,2001,A,T,
0.568884,P1Y,0,,A,PU,_Z,2,,,False,WB_WDI,WB_WDI_EN_GHG_CO2_PC_CE_AR5,SLB,_T,_T,_T,_Z,_Z,_Z,2001,A,T,
0.072044,P1Y,0,,A,PU,_Z,2,,,False,WB_WDI,WB_WDI_EN_GHG_CO2_PC_CE_AR5,SOM,_T,_T,_T,_Z,_Z,_Z,2001,A,T,
7.513198,P1Y,0,,A,PU,_Z,2,,,False,WB_WDI,WB_WDI_EN_GHG_CO2_PC_CE_AR5,ZAF,_T,_T,_T,_Z,_Z,_Z,2001,A,T,
31.191437,P1Y,0,,A,PU,_Z,2,,,False,WB_WDI,WB_WDI_EN_GHG_CO2_PC_CE_AR5,KWT,_T,_T,_T,_Z,_Z,_Z,2007,A,T,
1.279614,P1Y,0,,A,PU,_Z,2,,,False,WB_WDI,WB_WDI_EN_GHG_CO2_PC_CE_AR5,KGZ,_T,_T,_T,_Z,_Z,_Z,2007,A,T,
0.298205,P1Y,0,,A,PU,_Z,2,,,False,WB_WDI,WB_WDI_EN_GHG_CO2_PC_CE_AR5,LAO,_T,_T,_T,_Z,_Z,_Z,2007,A,T,
4.051356,P1Y,0,,A,PU,_Z,2,,,False,WB_WDI,WB_WDI_EN_GHG_CO2_PC_CE_AR5,LVA,_T,_T,_T,_Z,_Z,_Z,2007,A,T,
3.085825,P1Y,0,,A,PU,_Z,2,,,False,WB_WDI,WB_WDI_EN_GHG_CO2_PC_CE_AR5,LBN,_T,_T,_T,_Z,_Z,_Z,2007,A,T,
0.27431,P1Y,0,,A,PU,_Z,2,,,False,WB_WDI,WB_WDI_EN_GHG_CO2_PC_CE_AR5,LSO,_T,_T,_T,_Z,_Z,_Z,2007,A,T,
0.182418,P1Y,0,,A,PU,_Z,2,,,False,WB_WDI,WB_WDI_EN_GHG_CO2_PC_CE_AR5,LBR,_T,_T,_T,_Z,_Z,_Z,2007,A,T,
8.804481,P1Y,0,,A,PU,_Z,2,,,False,WB_WDI,WB_WDI_EN_GHG_CO2_PC_CE_AR5,LBY,_T,_T,_T,_Z,_Z,_Z,2007,A,T,
4.818008,P1Y,0,,A,PU,_Z,2,,,False,WB_WDI,WB_WDI_EN_GHG_CO2_PC_CE_AR5,LTU,_T,_T,_T,_Z,_Z,_Z,2007,A,T,
23.628886,P1Y,0,,A,PU,_Z,2,,,False,WB_WDI,WB_WDI_EN_GHG_CO2_PC_CE_AR5,LUX,_T,_T,_T,_Z,_Z,_Z,2007,A,T,
7.911829,P1Y,0,,A,PU,_Z,2,,,False,WB_WDI,WB_WDI_EN_GHG_CO2_PC_CE_AR5,DEU,_T,_T,_T,_Z,_Z,_Z,2022,A,T,
0.717599,P1Y,0,,A,PU,_Z,2,,,False,WB_WDI,WB_WDI_EN_GHG_CO2_PC_CE_AR5,GHA,_T,_T,_T,_Z,_Z,_Z,2022,A,T,
16.902869,P1Y,0,,A,PU,_Z,2,,,False,WB_WDI,WB_WDI_EN_GHG_CO2_PC_CE_AR5,GIB,_T,_T,_T,_Z,_Z,_Z,2022,A,T,
5.280459,P1Y,0,,A,PU,_Z,2,,,False,WB_WDI,WB_WDI_EN_GHG_CO2_PC_CE_AR5,GRC,_T,_T,_T,_Z,_Z,_Z,2022,A,T,
10.419866,P1Y,0,,A,PU,_Z,2,,,False,WB_WDI,WB_WDI_EN_GHG_CO2_PC_CE_AR5,GRL,_T,_T,_T,_Z,_Z,_Z,2022,A,T,
1.448941,P1Y,0,,A,PU,_Z,2,,,False,WB_WDI,WB_WDI_EN_GHG_CO2_PC_CE_AR5,GRD,_T,_T,_T,_Z,_Z,_Z,2022,A,T,
0.001816,P1Y,0,,A,PU,_Z,2,,,False,WB_WDI,WB_WDI_EN_GHG_CO2_PC_CE_AR5,GUM,_T,_T,_T,_Z,_Z,_Z,2022,A,T,
1.061852,P1Y,0,,A,PU,_Z,2,,,False,WB_WDI,WB_WDI_EN_GHG_CO2_PC_CE_AR5,GTM,_T,_T,_T,_Z,_Z,_Z,2022,A,T,
0.371451,P1Y,0,,A,PU,_Z,2,,,False,WB_WDI,WB_WDI_EN_GHG_CO2_PC_CE_AR5,GIN,_T,_T,_T,_Z,_Z,_Z,2022,A,T,
0.163332,P1Y,0,,A,PU,_Z,2,,,False,WB_WDI,WB_WDI_EN_GHG_CO2_PC_CE_AR5,GNB,_T,_T,_T,_Z,_Z,_Z,2022,A,T,
4.483732,P1Y,0,,A,PU,_Z,2,,,False,WB_WDI,WB_WDI_EN_GHG_CO2_PC_CE_AR5,GUY,_T,_T,_T,_Z,_Z,_Z,2022,A,T,
0.294629,P1Y,0,,A,PU,_Z,2,,,False,WB_WDI,WB_WDI_EN_GHG_CO2_PC_CE_AR5,HTI,_T,_T,_T,_Z,_Z,_Z,2022,A,T,
1.010209,P1Y,0,,A,PU,_Z,2,,,False,WB_WDI,WB_WDI_EN_GHG_CO2_PC_CE_AR5,HND,_T,_T,_T,_Z,_Z,_Z,2022,A,T,
4.374049,P1Y,0,,A,PU,_Z,2,,,False,WB_WDI,WB_WDI_EN_GHG_CO2_PC_CE_AR5,HKG,_T,_T,_T,_Z,_Z,_Z,2022,A,T,
4.952934,P1Y,0,,A,PU,_Z,2,,,False,WB_WDI,WB_WDI_EN_GHG_CO2_PC_CE_AR5,HUN,_T,_T,_T,_Z,_Z,_Z,2022,A,T,
4.994222,P1Y,0,,A,PU,_Z,2,,,False,WB_WDI,WB_WDI_EN_GHG_CO2_PC_CE_AR5,ESP,_T,_T,_T,_Z,_Z,_Z,2022,A,T,
0.937609,P1Y,0,,A,PU,_Z,2,,,False,WB_WDI,WB_WDI_EN_GHG_CO2_PC_CE_AR5,LKA,_T,_T,_T,_Z,_Z,_Z,2022,A,T,
2.78533,P1Y,0,,A,PU,_Z,2,,,False,WB_WDI,WB_WDI_EN_GHG_CO2_PC_CE_AR5,KNA,_T,_T,_T,_Z,_Z,_Z,2022,A,T,
1.656216,P1Y,0,,A,PU,_Z,2,,,False,WB_WDI,WB_WDI_EN_GHG_CO2_PC_CE_AR5,LCA,_T,_T,_T,_Z,_Z,_Z,2022,A,T,
1.245517,P1Y,0,,A,PU,_Z,2,,,False,WB_WDI,WB_WDI_EN_GHG_CO2_PC_CE_AR5,VCT,_T,_T,_T,_Z,_Z,_Z,2022,A,T,
0.434223,P1Y,0,,A,PU,_Z,2,,,False,WB_WDI,WB_WDI_EN_GHG_CO2_PC_CE_AR5,SDN,_T,_T,_T,_Z,_Z,_Z,2022,A,T,
4.593975,P1Y,0,,A,PU,_Z,2,,,False,WB_WDI,WB_WDI_EN_GHG_CO2_PC_CE_AR5,SUR,_T,_T,_T,_Z,_Z,_Z,2022,A,T,
3.599963,P1Y,0,,A,PU,_Z,2,,,False,WB_WDI,WB_WDI_EN_GHG_CO2_PC_CE_AR5,SWE,_T,_T,_T,_Z,_Z,_Z,2022,A,T,
3.928467,P1Y,0,,A,PU,_Z,2,,,False,WB_WDI,WB_WDI_EN_GHG_CO2_PC_CE_AR5,CHE,_T,_T,_T,_Z,_Z,_Z,2022,A,T,
1.38747,P1Y,0,,A,PU,_Z,2,,,False,WB_WDI,WB_WDI_EN_GHG_CO2_PC_CE_AR5,SYR,_T,_T,_T,_Z,_Z,_Z,2022,A,T,
0.93895,P1Y,0,,A,PU,_Z,2,,,False,WB_WDI,WB_WDI_EN_GHG_CO2_PC_CE_AR5,TJK,_T,_T,_T,_Z,_Z,_Z,2022,A,T,
0.323162,P1Y,0,,A,PU,_Z,2,,,False,WB_WDI,WB_WDI_EN_GHG_CO2_PC_CE_AR5,TZA,_T,_T,_T,_Z,_Z,_Z,2022,A,T,
3.93744,P1Y,0,,A,PU,_Z,2,,,True,WB_WDI,WB_WDI_EN_GHG_CO2_PC_CE_AR5,CHL,_T,_T,_T,_Z,_Z,_Z,2024,A,T,
9.315089,P1Y,0,,A,PU,_Z,2,,,True,WB_WDI,WB_WDI_EN_GHG_CO2_PC_CE_AR5,CHN,_T,_T,_T,_Z,_Z,_Z,2024,A,T,
1.797804,P1Y,0,,A,PU,_Z,2,,,True,WB_WDI,WB_WDI_EN_GHG_CO2_PC_CE_AR5,COL,_T,_T,_T,_Z,_Z,_Z,2024,A,T,
0.514985,P1Y,0,,A,PU,_Z,2,,,True,WB_WDI,WB_WDI_EN_GHG_CO2_PC_CE_AR5,COM,_T,_T,_T,_Z,_Z,_Z,2024,A,T,
0.056825,P1Y,0,,A,PU,_Z,2,,,True,WB_WDI,WB_WDI_EN_GHG_CO2_PC_CE_AR5,COD,_T,_T,_T,_Z,_Z,_Z,2024,A,T,
1.335363,P1Y,0,,A,PU,_Z,2,,,True,WB_WDI,WB_WDI_EN_GHG_CO2_PC_CE_AR5,COG,_T,_T,_T,_Z,_Z,_Z,2024,A,T,
1.632836,P1Y,0,,A,PU,_Z,2,,,True,WB_WDI,WB_WDI_EN_GHG_CO2_PC_CE_AR5,CRI,_T,_T,_T,_Z,_Z,_Z,2024,A,T,
0.589054,P1Y,0,,A,PU,_Z,2,,,True,WB_WDI,WB_WDI_EN_GHG_CO2_PC_CE_AR5,CIV,_T,_T,_T,_Z,_Z,_Z,2024,A,T,
4.831514,P1Y,0,,A,PU,_Z,2,,,True,WB_WDI,WB_WDI_EN_GHG_CO2_PC_CE_AR5,HRV,_T,_T,_T,_Z,_Z,_Z,2024,A,T,
1.912989,P1Y,0,,A,PU,_Z,2,,,True,WB_WDI,WB_WDI_EN_GHG_CO2_PC_CE_AR5,CUB,_T,_T,_T,_Z,_Z,_Z,2024,A,T,
5.404695,P1Y,0,,A,PU,_Z,2,,,True,WB_WDI,WB_WDI_EN_GHG_CO2_PC_CE_AR5,CYP,_T,_T,_T,_Z,_Z,_Z,2024,A,T,
7.129665,P1Y,0,,A,PU,_Z,2,,,True,WB_WDI,WB_WDI_EN_GHG_CO2_PC_CE_AR5,CZE,_T,_T,_T,_Z,_Z,_Z,2024,A,T,
4.278205,P1Y,0,,A,PU,_Z,2,,,True,WB_WDI,WB_WDI_EN_GHG_CO2_PC_CE_AR5,DNK,_T,_T,_T,_Z,_Z,_Z,2024,A,T,
0.765537,P1Y,0,,A,PU,_Z,2,,,True,WB_WDI,WB_WDI_EN_GHG_CO2_PC_CE_AR5,DJI,_T,_T,_T,_Z,_Z,_Z,2024,A,T,
1.273318,P1Y,0,,A,PU,_Z,2,,,True,WB_WDI,WB_WDI_EN_GHG_CO2_PC_CE_AR5,DMA,_T,_T,_T,_Z,_Z,_Z,2024,A,T,
2.994735,P1Y,0,,A,PU,_Z,2,,,True,WB_WDI,WB_WDI_EN_GHG_CO2_PC_CE_AR5,DOM,_T,_T,_T,_Z,_Z,_Z,2024,A,T,
0.312565,P1Y,0,,A,PU,_Z,2,,,True,WB_WDI,WB_WDI_EN_GHG_CO2_PC_CE_AR5,TGO,_T,_T,_T,_Z,_Z,_Z,2024,A,T,
1.62995,P1Y,0,,A,PU,_Z,2,,,True,WB_WDI,WB_WDI_EN_GHG_CO2_PC_CE_AR5,TON,_T,_T,_T,_Z,_Z,_Z,2024,A,T,
19.581052,P1Y,0,,A,PU,_Z,2,,,True,WB_WDI,WB_WDI_EN_GHG_CO2_PC_CE_AR5,TTO,_T,_T,_T,_Z,_Z,_Z,2024,A,T,
2.62113,P1Y,0,,A,PU,_Z,2,,,True,WB_WDI,WB_WDI_EN_GHG_CO2_PC_CE_AR5,TUN,_T,_T,_T,_Z,_Z,_Z,2024,A,T,
5.379265,P1Y,0,,A,PU,_Z,2,,,True,WB_WDI,WB_WDI_EN_GHG_CO2_PC_CE_AR5,TUR,_T,_T,_T,_Z,_Z,_Z,2024,A,T,
10.862369,P1Y,0,,A,PU,_Z,2,,,True,WB_WDI,WB_WDI_EN_GHG_CO2_PC_CE_AR5,TKM,_T,_T,_T,_Z,_Z,_Z,2024,A,T,
4.923176,P1Y,0,,A,PU,_Z,2,,,True,WB_WDI,WB_WDI_EN_GHG_CO2_PC_CE_AR5,TCA,_T,_T,_T,_Z,_Z,_Z,2024,A,T,
0,P1Y,0,,A,PU,_Z,2,,,True,WB_WDI,WB_WDI_EN_GHG_CO2_PC_CE_AR5,TUV,_T,_T,_T,_Z,_Z,_Z,2024,A,T,
0.165048,P1Y,0,,A,PU,_Z,2,,,True,WB_WDI,WB_WDI_EN_GHG_CO2_PC_CE_AR5,UGA,_T,_T,_T,_Z,_Z,_Z,2024,A,T,
3.129348,P1Y,0,,A,PU,_Z,2,,,True,WB_WDI,WB_WDI_EN_GHG_CO2_PC_CE_AR5,UKR,_T,_T,_T,_Z,_Z,_Z,2024,A,T,
18.255206,P1Y,0,,A,PU,_Z,2,,,True,WB_WDI,WB_WDI_EN_GHG_CO2_PC_CE_AR5,ARE,_T,_T,_T,_Z,_Z,_Z,2024,A,T,
4.220773,P1Y,0,,A,PU,_Z,2,,,True,WB_WDI,WB_WDI_EN_GHG_CO2_PC_CE_AR5,GBR,_T,_T,_T,_Z,_Z,_Z,2024,A,T,
13.623862,P1Y,0,,A,PU,_Z,2,,,True,WB_WDI,WB_WDI_EN_GHG_CO2_PC_CE_AR5,USA,_T,_T,_T,_Z,_Z,_Z,2024,A,T,
2.567569,P1Y,0,,A,PU,_Z,2,,,True,WB_WDI,WB_WDI_EN_GHG_CO2_PC_CE_AR5,URY,_T,_T,_T,_Z,_Z,_Z,2024,A,T,
4.085017,P1Y,0,,A,PU,_Z,2,,,True,WB_WDI,WB_WDI_EN_GHG_CO2_PC_CE_AR5,UZB,_T,_T,_T,_Z,_Z,_Z,2024,A,T,
0.869799,P1Y,0,,A,PU,_Z,2,,,True,WB_WDI,WB_WDI_EN_GHG_CO2_PC_CE_AR5,VUT,_T,_T,_T,_Z,_Z,_Z,2024,A,T,
3.394105,P1Y,0,,A,PU,_Z,2,,,True,WB_WDI,WB_WDI_EN_GHG_CO2_PC_CE_AR5,VEN,_T,_T,_T,_Z,_Z,_Z,2024,A,T,
4.266057,P1Y,0,,A,PU,_Z,2,,,True,WB_WDI,WB_WDI_EN_GHG_CO2_PC_CE_AR5,VNM,_T,_T,_T,_Z,_Z,_Z,2024,A,T,
1.130137,P1Y,0,,A,PU,_Z,2,,,False,WB_WDI,WB_WDI_EN_GHG_CO2_PC_CE_AR5,TSA,_T,_T,_T,_Z,_Z,_Z,2008,A,T,
0.887759,P1Y,0,,A,PU,_Z,2,,,False,WB_WDI,WB_WDI_EN_GHG_CO2_PC_CE_AR5,SSF,_T,_T,_T,_Z,_Z,_Z,2008,A,T,
0.886751,P1Y,0,,A,PU,_Z,2,,,False,WB_WDI,WB_WDI_EN_GHG_CO2_PC_CE_AR5,SSA,_T,_T,_T,_Z,_Z,_Z,2008,A,T,
0.887759,P1Y,0,,A,PU,_Z,2,,,False,WB_WDI,WB_WDI_EN_GHG_CO2_PC_CE_AR5,TSS,_T,_T,_T,_Z,_Z,_Z,2008,A,T,
4.610137,P1Y,0,,A,PU,_Z,2,,,False,WB_WDI,WB_WDI_EN_GHG_CO2_PC_CE_AR5,UMC,_T,_T,_T,_Z,_Z,_Z,2008,A,T,
4.561601,P1Y,0,,A,PU,_Z,2,,,False,WB_WDI,WB_WDI_EN_GHG_CO2_PC_CE_AR5,WLD,_T,_T,_T,_Z,_Z,_Z,2008,A,T,
0.147376,P1Y,0,,A,PU,_Z,2,,,False,WB_WDI,WB_WDI_EN_GHG_CO2_PC_CE_AR5,AFG,_T,_T,_T,_Z,_Z,_Z,2008,A,T,
1.42333,P1Y,0,,A,PU,_Z,2,,,False,WB_WDI,WB_WDI_EN_GHG_CO2_PC_CE_AR5,ALB,_T,_T,_T,_Z,_Z,_Z,2008,A,T,
3.265903,P1Y,0,,A,PU,_Z,2,,,False,WB_WDI,WB_WDI_EN_GHG_CO2_PC_CE_AR5,DZA,_T,_T,_T,_Z,_Z,_Z,2008,A,T,
0.001791,P1Y,0,,A,PU,_Z,2,,,False,WB_WDI,WB_WDI_EN_GHG_CO2_PC_CE_AR5,ASM,_T,_T,_T,_Z,_Z,_Z,2008,A,T,
0.886038,P1Y,0,,A,PU,_Z,2,,,False,WB_WDI,WB_WDI_EN_GHG_CO2_PC_CE_AR5,AGO,_T,_T,_T,_Z,_Z,_Z,2008,A,T,
2.787293,P1Y,0,,A,PU,_Z,2,,,False,WB_WDI,WB_WDI_EN_GHG_CO2_PC_CE_AR5,ATG,_T,_T,_T,_Z,_Z,_Z,2008,A,T,
4.43359,P1Y,0,,A,PU,_Z,2,,,False,WB_WDI,WB_WDI_EN_GHG_CO2_PC_CE_AR5,ARG,_T,_T,_T,_Z,_Z,_Z,2008,A,T,
3.162088,P1Y,0,,A,PU,_Z,2,,,False,WB_WDI,WB_WDI_EN_GHG_CO2_PC_CE_AR5,MEA,_T,_T,_T,_Z,_Z,_Z,2001,A,T,
2.158713,P1Y,0,,A,PU,_Z,2,,,False,WB_WDI,WB_WDI_EN_GHG_CO2_PC_CE_AR5,MNA,_T,_T,_T,_Z,_Z,_Z,2001,A,T,
2.158713,P1Y,0,,A,PU,_Z,2,,,False,WB_WDI,WB_WDI_EN_GHG_CO2_PC_CE_AR5,TMN,_T,_T,_T,_Z,_Z,_Z,2001,A,T,
2.063413,P1Y,0,,A,PU,_Z,2,,,False,WB_WDI,WB_WDI_EN_GHG_CO2_PC_CE_AR5,MIC,_T,_T,_T,_Z,_Z,_Z,2001,A,T,
20.288308,P1Y,0,,A,PU,_Z,2,,,False,WB_WDI,WB_WDI_EN_GHG_CO2_PC_CE_AR5,NAC,_T,_T,_T,_Z,_Z,_Z,2001,A,T,
11.045126,P1Y,0,,A,PU,_Z,2,,,False,WB_WDI,WB_WDI_EN_GHG_CO2_PC_CE_AR5,OED,_T,_T,_T,_Z,_Z,_Z,2001,A,T,
4.673155,P1Y,0,,A,PU,_Z,2,,,False,WB_WDI,WB_WDI_EN_GHG_CO2_PC_CE_AR5,OSS,_T,_T,_T,_Z,_Z,_Z,2001,A,T,
2.22585,P1Y,0,,A,PU,_Z,2,,,False,WB_WDI,WB_WDI_EN_GHG_CO2_PC_CE_AR5,PSS,_T,_T,_T,_Z,_Z,_Z,2001,A,T,
12.464387,P1Y,0,,A,PU,_Z,2,,,False,WB_WDI,WB_WDI_EN_GHG_CO2_PC_CE_AR5,PST,_T,_T,_T,_Z,_Z,_Z,2001,A,T,
0.510125,P1Y,0,,A,PU,_Z,2,,,False,WB_WDI,WB_WDI_EN_GHG_CO2_PC_CE_AR5,PRE,_T,_T,_T,_Z,_Z,_Z,2001,A,T,
4.890898,P1Y,0,,A,PU,_Z,2,,,False,WB_WDI,WB_WDI_EN_GHG_CO2_PC_CE_AR5,SST,_T,_T,_T,_Z,_Z,_Z,2001,A,T,
0.842483,P1Y,0,,A,PU,_Z,2,,,False,WB_WDI,WB_WDI_EN_GHG_CO2_PC_CE_AR5,SAS,_T,_T,_T,_Z,_Z,_Z,2001,A,T,
0.842483,P1Y,0,,A,PU,_Z,2,,,False,WB_WDI,WB_WDI_EN_GHG_CO2_PC_CE_AR5,TSA,_T,_T,_T,_Z,_Z,_Z,2001,A,T,
0.854766,P1Y,0,,A,PU,_Z,2,,,False,WB_WDI,WB_WDI_EN_GHG_CO2_PC_CE_AR5,SSF,_T,_T,_T,_Z,_Z,_Z,2001,A,T,
0.853656,P1Y,0,,A,PU,_Z,2,,,False,WB_WDI,WB_WDI_EN_GHG_CO2_PC_CE_AR5,SSA,_T,_T,_T,_Z,_Z,_Z,2001,A,T,
3.354351,P1Y,0,,A,PU,_Z,2,,,True,WB_WDI,WB_WDI_EN_GHG_CO2_PC_CE_AR5,LAO,_T,_T,_T,_Z,_Z,_Z,2024,A,T,
3.647775,P1Y,0,,A,PU,_Z,2,,,True,WB_WDI,WB_WDI_EN_GHG_CO2_PC_CE_AR5,LVA,_T,_T,_T,_Z,_Z,_Z,2024,A,T,
1.89531,P1Y,0,,A,PU,_Z,2,,,True,WB_WDI,WB_WDI_EN_GHG_CO2_PC_CE_AR5,LBN,_T,_T,_T,_Z,_Z,_Z,2024,A,T,
0.428078,P1Y,0,,A,PU,_Z,2,,,True,WB_WDI,WB_WDI_EN_GHG_CO2_PC_CE_AR5,LSO,_T,_T,_T,_Z,_Z,_Z,2024,A,T,
0.154486,P1Y,0,,A,PU,_Z,2,,,True,WB_WDI,WB_WDI_EN_GHG_CO2_PC_CE_AR5,LBR,_T,_T,_T,_Z,_Z,_Z,2024,A,T,
8.664571,P1Y,0,,A,PU,_Z,2,,,True,WB_WDI,WB_WDI_EN_GHG_CO2_PC_CE_AR5,LBY,_T,_T,_T,_Z,_Z,_Z,2024,A,T,
4.490565,P1Y,0,,A,PU,_Z,2,,,True,WB_WDI,WB_WDI_EN_GHG_CO2_PC_CE_AR5,LTU,_T,_T,_T,_Z,_Z,_Z,2024,A,T,
10.557272,P1Y,0,,A,PU,_Z,2,,,True,WB_WDI,WB_WDI_EN_GHG_CO2_PC_CE_AR5,LUX,_T,_T,_T,_Z,_Z,_Z,2024,A,T,
2.525328,P1Y,0,,A,PU,_Z,2,,,True,WB_WDI,WB_WDI_EN_GHG_CO2_PC_CE_AR5,MAC,_T,_T,_T,_Z,_Z,_Z,2024,A,T,
0.146495,P1Y,0,,A,PU,_Z,2,,,True,WB_WDI,WB_WDI_EN_GHG_CO2_PC_CE_AR5,MDG,_T,_T,_T,_Z,_Z,_Z,2024,A,T,
0.221419,P1Y,0,,A,PU,_Z,2,,,True,WB_WDI,WB_WDI_EN_GHG_CO2_PC_CE_AR5,MWI,_T,_T,_T,_Z,_Z,_Z,2024,A,T,
8.323216,P1Y,0,,A,PU,_Z,2,,,True,WB_WDI,WB_WDI_EN_GHG_CO2_PC_CE_AR5,MYS,_T,_T,_T,_Z,_Z,_Z,2024,A,T,
3.566509,P1Y,0,,A,PU,_Z,2,,,True,WB_WDI,WB_WDI_EN_GHG_CO2_PC_CE_AR5,MDV,_T,_T,_T,_Z,_Z,_Z,2024,A,T,
0.302799,P1Y,0,,A,PU,_Z,2,,,True,WB_WDI,WB_WDI_EN_GHG_CO2_PC_CE_AR5,MLI,_T,_T,_T,_Z,_Z,_Z,2024,A,T,
3.178886,P1Y,0,,A,PU,_Z,2,,,True,WB_WDI,WB_WDI_EN_GHG_CO2_PC_CE_AR5,MLT,_T,_T,_T,_Z,_Z,_Z,2024,A,T,
0.002663,P1Y,0,,A,PU,_Z,2,,,True,WB_WDI,WB_WDI_EN_GHG_CO2_PC_CE_AR5,MHL,_T,_T,_T,_Z,_Z,_Z,2024,A,T,
2.558199,P1Y,0,,A,PU,_Z,2,,,False,WB_WDI,WB_WDI_EN_GHG_CO2_PC_CE_AR5,MNA,_T,_T,_T,_Z,_Z,_Z,2013,A,T,
2.558199,P1Y,0,,A,PU,_Z,2,,,False,WB_WDI,WB_WDI_EN_GHG_CO2_PC_CE_AR5,TMN,_T,_T,_T,_Z,_Z,_Z,2013,A,T,
3.638221,P1Y,0,,A,PU,_Z,2,,,False,WB_WDI,WB_WDI_EN_GHG_CO2_PC_CE_AR5,MIC,_T,_T,_T,_Z,_Z,_Z,2013,A,T,
16.483667,P1Y,0,,A,PU,_Z,2,,,False,WB_WDI,WB_WDI_EN_GHG_CO2_PC_CE_AR5,NAC,_T,_T,_T,_Z,_Z,_Z,2013,A,T,
9.77335,P1Y,0,,A,PU,_Z,2,,,False,WB_WDI,WB_WDI_EN_GHG_CO2_PC_CE_AR5,OED,_T,_T,_T,_Z,_Z,_Z,2013,A,T,
5.085903,P1Y,0,,A,PU,_Z,2,,,False,WB_WDI,WB_WDI_EN_GHG_CO2_PC_CE_AR5,OSS,_T,_T,_T,_Z,_Z,_Z,2013,A,T,
1.762577,P1Y,0,,A,PU,_Z,2,,,False,WB_WDI,WB_WDI_EN_GHG_CO2_PC_CE_AR5,PSS,_T,_T,_T,_Z,_Z,_Z,2013,A,T,
10.987281,P1Y,0,,A,PU,_Z,2,,,False,WB_WDI,WB_WDI_EN_GHG_CO2_PC_CE_AR5,PST,_T,_T,_T,_Z,_Z,_Z,2013,A,T,
0.52818,P1Y,0,,A,PU,_Z,2,,,False,WB_WDI,WB_WDI_EN_GHG_CO2_PC_CE_AR5,PRE,_T,_T,_T,_Z,_Z,_Z,2013,A,T,
5.935871,P1Y,0,,A,PU,_Z,2,,,False,WB_WDI,WB_WDI_EN_GHG_CO2_PC_CE_AR5,SST,_T,_T,_T,_Z,_Z,_Z,2013,A,T,
1.444111,P1Y,0,,A,PU,_Z,2,,,False,WB_WDI,WB_WDI_EN_GHG_CO2_PC_CE_AR5,SAS,_T,_T,_T,_Z,_Z,_Z,2013,A,T,
1.444111,P1Y,0,,A,PU,_Z,2,,,False,WB_WDI,WB_WDI_EN_GHG_CO2_PC_CE_AR5,TSA,_T,_T,_T,_Z,_Z,_Z,2013,A,T,
0.845002,P1Y,0,,A,PU,_Z,2,,,False,WB_WDI,WB_WDI_EN_GHG_CO2_PC_CE_AR5,SSF,_T,_T,_T,_Z,_Z,_Z,2013,A,T,
2.64475,P1Y,0,,A,PU,_Z,2,,,True,WB_WDI,WB_WDI_EN_GHG_CO2_PC_CE_AR5,ECU,_T,_T,_T,_Z,_Z,_Z,2024,A,T,
2.502514,P1Y,0,,A,PU,_Z,2,,,True,WB_WDI,WB_WDI_EN_GHG_CO2_PC_CE_AR5,EGY,_T,_T,_T,_Z,_Z,_Z,2024,A,T,
1.505697,P1Y,0,,A,PU,_Z,2,,,True,WB_WDI,WB_WDI_EN_GHG_CO2_PC_CE_AR5,SLV,_T,_T,_T,_Z,_Z,_Z,2024,A,T,
2.55052,P1Y,0,,A,PU,_Z,2,,,True,WB_WDI,WB_WDI_EN_GHG_CO2_PC_CE_AR5,GNQ,_T,_T,_T,_Z,_Z,_Z,2024,A,T,
0.220047,P1Y,0,,A,PU,_Z,2,,,True,WB_WDI,WB_WDI_EN_GHG_CO2_PC_CE_AR5,ERI,_T,_T,_T,_Z,_Z,_Z,2024,A,T,
7.759369,P1Y,0,,A,PU,_Z,2,,,True,WB_WDI,WB_WDI_EN_GHG_CO2_PC_CE_AR5,EST,_T,_T,_T,_Z,_Z,_Z,2024,A,T,
0.880335,P1Y,0,,A,PU,_Z,2,,,True,WB_WDI,WB_WDI_EN_GHG_CO2_PC_CE_AR5,SWZ,_T,_T,_T,_Z,_Z,_Z,2024,A,T,
0.146637,P1Y,0,,A,PU,_Z,2,,,True,WB_WDI,WB_WDI_EN_GHG_CO2_PC_CE_AR5,ETH,_T,_T,_T,_Z,_Z,_Z,2024,A,T,
0.038433,P1Y,0,,A,PU,_Z,2,,,True,WB_WDI,WB_WDI_EN_GHG_CO2_PC_CE_AR5,FRO,_T,_T,_T,_Z,_Z,_Z,2024,A,T,
1.622229,P1Y,0,,A,PU,_Z,2,,,True,WB_WDI,WB_WDI_EN_GHG_CO2_PC_CE_AR5,FJI,_T,_T,_T,_Z,_Z,_Z,2024,A,T,
5.535212,P1Y,0,,A,PU,_Z,2,,,True,WB_WDI,WB_WDI_EN_GHG_CO2_PC_CE_AR5,FIN,_T,_T,_T,_Z,_Z,_Z,2024,A,T,
4.003558,P1Y,0,,A,PU,_Z,2,,,True,WB_WDI,WB_WDI_EN_GHG_CO2_PC_CE_AR5,FRA,_T,_T,_T,_Z,_Z,_Z,2024,A,T,
3.455911,P1Y,0,,A,PU,_Z,2,,,True,WB_WDI,WB_WDI_EN_GHG_CO2_PC_CE_AR5,PYF,_T,_T,_T,_Z,_Z,_Z,2024,A,T,
2.047498,P1Y,0,,A,PU,_Z,2,,,True,WB_WDI,WB_WDI_EN_GHG_CO2_PC_CE_AR5,GAB,_T,_T,_T,_Z,_Z,_Z,2024,A,T,
0.17837,P1Y,0,,A,PU,_Z,2,,,True,WB_WDI,WB_WDI_EN_GHG_CO2_PC_CE_AR5,GMB,_T,_T,_T,_Z,_Z,_Z,2024,A,T,
3.532416,P1Y,0,,A,PU,_Z,2,,,True,WB_WDI,WB_WDI_EN_GHG_CO2_PC_CE_AR5,GEO,_T,_T,_T,_Z,_Z,_Z,2024,A,T,
10.899677,P1Y,0,,A,PU,_Z,2,,,False,WB_WDI,WB_WDI_EN_GHG_CO2_PC_CE_AR5,OED,_T,_T,_T,_Z,_Z,_Z,2002,A,T,
4.515511,P1Y,0,,A,PU,_Z,2,,,False,WB_WDI,WB_WDI_EN_GHG_CO2_PC_CE_AR5,OSS,_T,_T,_T,_Z,_Z,_Z,2002,A,T,
1.650143,P1Y,0,,A,PU,_Z,2,,,False,WB_WDI,WB_WDI_EN_GHG_CO2_PC_CE_AR5,PSS,_T,_T,_T,_Z,_Z,_Z,2002,A,T,
12.313326,P1Y,0,,A,PU,_Z,2,,,False,WB_WDI,WB_WDI_EN_GHG_CO2_PC_CE_AR5,PST,_T,_T,_T,_Z,_Z,_Z,2002,A,T,
0.469714,P1Y,0,,A,PU,_Z,2,,,False,WB_WDI,WB_WDI_EN_GHG_CO2_PC_CE_AR5,PRE,_T,_T,_T,_Z,_Z,_Z,2002,A,T,
4.797128,P1Y,0,,A,PU,_Z,2,,,False,WB_WDI,WB_WDI_EN_GHG_CO2_PC_CE_AR5,SST,_T,_T,_T,_Z,_Z,_Z,2002,A,T,
0.858783,P1Y,0,,A,PU,_Z,2,,,False,WB_WDI,WB_WDI_EN_GHG_CO2_PC_CE_AR5,SAS,_T,_T,_T,_Z,_Z,_Z,2002,A,T,
0.858783,P1Y,0,,A,PU,_Z,2,,,False,WB_WDI,WB_WDI_EN_GHG_CO2_PC_CE_AR5,TSA,_T,_T,_T,_Z,_Z,_Z,2002,A,T,
0.837565,P1Y,0,,A,PU,_Z,2,,,False,WB_WDI,WB_WDI_EN_GHG_CO2_PC_CE_AR5,SSF,_T,_T,_T,_Z,_Z,_Z,2002,A,T,
0.836597,P1Y,0,,A,PU,_Z,2,,,False,WB_WDI,WB_WDI_EN_GHG_CO2_PC_CE_AR5,SSA,_T,_T,_T,_Z,_Z,_Z,2002,A,T,
0.837565,P1Y,0,,A,PU,_Z,2,,,False,WB_WDI,WB_WDI_EN_GHG_CO2_PC_CE_AR5,TSS,_T,_T,_T,_Z,_Z,_Z,2002,A,T,
3.074712,P1Y,0,,A,PU,_Z,2,,,False,WB_WDI,WB_WDI_EN_GHG_CO2_PC_CE_AR5,UMC,_T,_T,_T,_Z,_Z,_Z,2002,A,T,
4.014964,P1Y,0,,A,PU,_Z,2,,,False,WB_WDI,WB_WDI_EN_GHG_CO2_PC_CE_AR5,WLD,_T,_T,_T,_Z,_Z,_Z,2002,A,T,
0.043914,P1Y,0,,A,PU,_Z,2,,,False,WB_WDI,WB_WDI_EN_GHG_CO2_PC_CE_AR5,AFG,_T,_T,_T,_Z,_Z,_Z,2002,A,T,
13.663741,P1Y,0,,A,PU,_Z,2,,,True,WB_WDI,WB_WDI_EN_GHG_CO2_PC_CE_AR5,NAC,_T,_T,_T,_Z,_Z,_Z,2024,A,T,
7.917608,P1Y,0,,A,PU,_Z,2,,,True,WB_WDI,WB_WDI_EN_GHG_CO2_PC_CE_AR5,OED,_T,_T,_T,_Z,_Z,_Z,2024,A,T,
3.68035,P1Y,0,,A,PU,_Z,2,,,True,WB_WDI,WB_WDI_EN_GHG_CO2_PC_CE_AR5,OSS,_T,_T,_T,_Z,_Z,_Z,2024,A,T,
1.53236,P1Y,0,,A,PU,_Z,2,,,True,WB_WDI,WB_WDI_EN_GHG_CO2_PC_CE_AR5,PSS,_T,_T,_T,_Z,_Z,_Z,2024,A,T,
8.765725,P1Y,0,,A,PU,_Z,2,,,True,WB_WDI,WB_WDI_EN_GHG_CO2_PC_CE_AR5,PST,_T,_T,_T,_Z,_Z,_Z,2024,A,T,
0.571833,P1Y,0,,A,PU,_Z,2,,,True,WB_WDI,WB_WDI_EN_GHG_CO2_PC_CE_AR5,PRE,_T,_T,_T,_Z,_Z,_Z,2024,A,T,
4.415266,P1Y,0,,A,PU,_Z,2,,,True,WB_WDI,WB_WDI_EN_GHG_CO2_PC_CE_AR5,SST,_T,_T,_T,_Z,_Z,_Z,2024,A,T,
1.979702,P1Y,0,,A,PU,_Z,2,,,True,WB_WDI,WB_WDI_EN_GHG_CO2_PC_CE_AR5,SAS,_T,_T,_T,_Z,_Z,_Z,2024,A,T,
1.979702,P1Y,0,,A,PU,_Z,2,,,True,WB_WDI,WB_WDI_EN_GHG_CO2_PC_CE_AR5,TSA,_T,_T,_T,_Z,_Z,_Z,2024,A,T,
0.701366,P1Y,0,,A,PU,_Z,2,,,True,WB_WDI,WB_WDI_EN_GHG_CO2_PC_CE_AR5,SSF,_T,_T,_T,_Z,_Z,_Z,2024,A,T,
0.700745,P1Y,0,,A,PU,_Z,2,,,True,WB_WDI,WB_WDI_EN_GHG_CO2_PC_CE_AR5,SSA,_T,_T,_T,_Z,_Z,_Z,2024,A,T,
0.701366,P1Y,0,,A,PU,_Z,2,,,True,WB_WDI,WB_WDI_EN_GHG_CO2_PC_CE_AR5,TSS,_T,_T,_T,_Z,_Z,_Z,2024,A,T,
6.380404,P1Y,0,,A,PU,_Z,2,,,True,WB_WDI,WB_WDI_EN_GHG_CO2_PC_CE_AR5,UMC,_T,_T,_T,_Z,_Z,_Z,2024,A,T,
4.693785,P1Y,0,,A,PU,_Z,2,,,True,WB_WDI,WB_WDI_EN_GHG_CO2_PC_CE_AR5,WLD,_T,_T,_T,_Z,_Z,_Z,2024,A,T,
0.28298,P1Y,0,,A,PU,_Z,2,,,True,WB_WDI,WB_WDI_EN_GHG_CO2_PC_CE_AR5,AFG,_T,_T,_T,_Z,_Z,_Z,2024,A,T,
1.785221,P1Y,0,,A,PU,_Z,2,,,True,WB_WDI,WB_WDI_EN_GHG_CO2_PC_CE_AR5,ALB,_T,_T,_T,_Z,_Z,_Z,2024,A,T,
3.9808,P1Y,0,,A,PU,_Z,2,,,True,WB_WDI,WB_WDI_EN_GHG_CO2_PC_CE_AR5,DZA,_T,_T,_T,_Z,_Z,_Z,2024,A,T,
0.002138,P1Y,0,,A,PU,_Z,2,,,True,WB_WDI,WB_WDI_EN_GHG_CO2_PC_CE_AR5,ASM,_T,_T,_T,_Z,_Z,_Z,2024,A,T,
0.741712,P1Y,0,,A,PU,_Z,2,,,True,WB_WDI,WB_WDI_EN_GHG_CO2_PC_CE_AR5,AGO,_T,_T,_T,_Z,_Z,_Z,2024,A,T,
0.893403,P1Y,0,,A,PU,_Z,2,,,False,WB_WDI,WB_WDI_EN_GHG_CO2_PC_CE_AR5,ZWE,_T,_T,_T,_Z,_Z,_Z,2003,A,T,
1.15053,P1Y,0,,A,PU,_Z,2,,,False,WB_WDI,WB_WDI_EN_GHG_CO2_PC_CE_AR5,AFE,_T,_T,_T,_Z,_Z,_Z,2004,A,T,
0.510639,P1Y,0,,A,PU,_Z,2,,,False,WB_WDI,WB_WDI_EN_GHG_CO2_PC_CE_AR5,AFW,_T,_T,_T,_Z,_Z,_Z,2004,A,T,
3.80568,P1Y,0,,A,PU,_Z,2,,,False,WB_WDI,WB_WDI_EN_GHG_CO2_PC_CE_AR5,ARB,_T,_T,_T,_Z,_Z,_Z,2004,A,T,
8.36697,P1Y,0,,A,PU,_Z,2,,,False,WB_WDI,WB_WDI_EN_GHG_CO2_PC_CE_AR5,CSS,_T,_T,_T,_Z,_Z,_Z,2004,A,T,
7.428819,P1Y,0,,A,PU,_Z,2,,,False,WB_WDI,WB_WDI_EN_GHG_CO2_PC_CE_AR5,CEB,_T,_T,_T,_Z,_Z,_Z,2004,A,T,
1.779605,P1Y,0,,A,PU,_Z,2,,,False,WB_WDI,WB_WDI_EN_GHG_CO2_PC_CE_AR5,EAR,_T,_T,_T,_Z,_Z,_Z,2004,A,T,
4.210501,P1Y,0,,A,PU,_Z,2,,,False,WB_WDI,WB_WDI_EN_GHG_CO2_PC_CE_AR5,EAS,_T,_T,_T,_Z,_Z,_Z,2004,A,T,
3.463033,P1Y,0,,A,PU,_Z,2,,,False,WB_WDI,WB_WDI_EN_GHG_CO2_PC_CE_AR5,EAP,_T,_T,_T,_Z,_Z,_Z,2004,A,T,
3.467813,P1Y,0,,A,PU,_Z,2,,,False,WB_WDI,WB_WDI_EN_GHG_CO2_PC_CE_AR5,TEA,_T,_T,_T,_Z,_Z,_Z,2004,A,T,
8.769206,P1Y,0,,A,PU,_Z,2,,,False,WB_WDI,WB_WDI_EN_GHG_CO2_PC_CE_AR5,EMU,_T,_T,_T,_Z,_Z,_Z,2004,A,T,
8.353075,P1Y,0,,A,PU,_Z,2,,,False,WB_WDI,WB_WDI_EN_GHG_CO2_PC_CE_AR5,ECS,_T,_T,_T,_Z,_Z,_Z,2004,A,T,
5.204317,P1Y,0,,A,PU,_Z,2,,,False,WB_WDI,WB_WDI_EN_GHG_CO2_PC_CE_AR5,ECA,_T,_T,_T,_Z,_Z,_Z,2004,A,T,
7.804373,P1Y,0,,A,PU,_Z,2,,,False,WB_WDI,WB_WDI_EN_GHG_CO2_PC_CE_AR5,TEC,_T,_T,_T,_Z,_Z,_Z,2004,A,T,
1.065844,P1Y,0,,A,PU,_Z,2,,,False,WB_WDI,WB_WDI_EN_GHG_CO2_PC_CE_AR5,YEM,_T,_T,_T,_Z,_Z,_Z,2009,A,T,
0.213107,P1Y,0,,A,PU,_Z,2,,,False,WB_WDI,WB_WDI_EN_GHG_CO2_PC_CE_AR5,ZMB,_T,_T,_T,_Z,_Z,_Z,2009,A,T,
0.604392,P1Y,0,,A,PU,_Z,2,,,False,WB_WDI,WB_WDI_EN_GHG_CO2_PC_CE_AR5,ZWE,_T,_T,_T,_Z,_Z,_Z,2009,A,T,
1.107383,P1Y,0,,A,PU,_Z,2,,,False,WB_WDI,WB_WDI_EN_GHG_CO2_PC_CE_AR5,AFE,_T,_T,_T,_Z,_Z,_Z,2010,A,T,
0.456013,P1Y,0,,A,PU,_Z,2,,,False,WB_WDI,WB_WDI_EN_GHG_CO2_PC_CE_AR5,AFW,_T,_T,_T,_Z,_Z,_Z,2010,A,T,
4.543197,P1Y,0,,A,PU,_Z,2,,,False,WB_WDI,WB_WDI_EN_GHG_CO2_PC_CE_AR5,ARB,_T,_T,_T,_Z,_Z,_Z,2010,A,T,
11.435315,P1Y,0,,A,PU,_Z,2,,,False,WB_WDI,WB_WDI_EN_GHG_CO2_PC_CE_AR5,CSS,_T,_T,_T,_Z,_Z,_Z,2010,A,T,
7.26601,P1Y,0,,A,PU,_Z,2,,,False,WB_WDI,WB_WDI_EN_GHG_CO2_PC_CE_AR5,CEB,_T,_T,_T,_Z,_Z,_Z,2010,A,T,
2.090185,P1Y,0,,A,PU,_Z,2,,,False,WB_WDI,WB_WDI_EN_GHG_CO2_PC_CE_AR5,EAR,_T,_T,_T,_Z,_Z,_Z,2010,A,T,
5.81655,P1Y,0,,A,PU,_Z,2,,,False,WB_WDI,WB_WDI_EN_GHG_CO2_PC_CE_AR5,EAS,_T,_T,_T,_Z,_Z,_Z,2010,A,T,
5.249907,P1Y,0,,A,PU,_Z,2,,,False,WB_WDI,WB_WDI_EN_GHG_CO2_PC_CE_AR5,EAP,_T,_T,_T,_Z,_Z,_Z,2010,A,T,
5.282802,P1Y,0,,A,PU,_Z,2,,,False,WB_WDI,WB_WDI_EN_GHG_CO2_PC_CE_AR5,TEA,_T,_T,_T,_Z,_Z,_Z,2010,A,T,
6.135924,P1Y,0,,A,PU,_Z,2,,,False,WB_WDI,WB_WDI_EN_GHG_CO2_PC_CE_AR5,VEN,_T,_T,_T,_Z,_Z,_Z,2010,A,T,
1.792735,P1Y,0,,A,PU,_Z,2,,,False,WB_WDI,WB_WDI_EN_GHG_CO2_PC_CE_AR5,VNM,_T,_T,_T,_Z,_Z,_Z,2010,A,T,
0.001846,P1Y,0,,A,PU,_Z,2,,,False,WB_WDI,WB_WDI_EN_GHG_CO2_PC_CE_AR5,VIR,_T,_T,_T,_Z,_Z,_Z,2010,A,T,
0.984687,P1Y,0,,A,PU,_Z,2,,,False,WB_WDI,WB_WDI_EN_GHG_CO2_PC_CE_AR5,YEM,_T,_T,_T,_Z,_Z,_Z,2010,A,T,
0.230037,P1Y,0,,A,PU,_Z,2,,,False,WB_WDI,WB_WDI_EN_GHG_CO2_PC_CE_AR5,ZMB,_T,_T,_T,_Z,_Z,_Z,2010,A,T,
0.753833,P1Y,0,,A,PU,_Z,2,,,False,WB_WDI,WB_WDI_EN_GHG_CO2_PC_CE_AR5,ZWE,_T,_T,_T,_Z,_Z,_Z,2010,A,T,
1.065235,P1Y,0,,A,PU,_Z,2,,,False,WB_WDI,WB_WDI_EN_GHG_CO2_PC_CE_AR5,AFE,_T,_T,_T,_Z,_Z,_Z,2011,A,T,
0.472776,P1Y,0,,A,PU,_Z,2,,,False,WB_WDI,WB_WDI_EN_GHG_CO2_PC_CE_AR5,AFW,_T,_T,_T,_Z,_Z,_Z,2011,A,T,
4.565209,P1Y,0,,A,PU,_Z,2,,,False,WB_WDI,WB_WDI_EN_GHG_CO2_PC_CE_AR5,ARB,_T,_T,_T,_Z,_Z,_Z,2011,A,T,
11.278361,P1Y,0,,A,PU,_Z,2,,,False,WB_WDI,WB_WDI_EN_GHG_CO2_PC_CE_AR5,CSS,_T,_T,_T,_Z,_Z,_Z,2011,A,T,
7.299457,P1Y,0,,A,PU,_Z,2,,,False,WB_WDI,WB_WDI_EN_GHG_CO2_PC_CE_AR5,CEB,_T,_T,_T,_Z,_Z,_Z,2011,A,T,
0.824113,P1Y,0,,A,PU,_Z,2,,,False,WB_WDI,WB_WDI_EN_GHG_CO2_PC_CE_AR5,TSS,_T,_T,_T,_Z,_Z,_Z,2012,A,T,
5.507173,P1Y,0,,A,PU,_Z,2,,,False,WB_WDI,WB_WDI_EN_GHG_CO2_PC_CE_AR5,UMC,_T,_T,_T,_Z,_Z,_Z,2012,A,T,
4.774158,P1Y,0,,A,PU,_Z,2,,,False,WB_WDI,WB_WDI_EN_GHG_CO2_PC_CE_AR5,WLD,_T,_T,_T,_Z,_Z,_Z,2012,A,T,
0.323442,P1Y,0,,A,PU,_Z,2,,,False,WB_WDI,WB_WDI_EN_GHG_CO2_PC_CE_AR5,AFG,_T,_T,_T,_Z,_Z,_Z,2012,A,T,
1.586495,P1Y,0,,A,PU,_Z,2,,,False,WB_WDI,WB_WDI_EN_GHG_CO2_PC_CE_AR5,ALB,_T,_T,_T,_Z,_Z,_Z,2012,A,T,
3.726008,P1Y,0,,A,PU,_Z,2,,,False,WB_WDI,WB_WDI_EN_GHG_CO2_PC_CE_AR5,DZA,_T,_T,_T,_Z,_Z,_Z,2012,A,T,
0.001835,P1Y,0,,A,PU,_Z,2,,,False,WB_WDI,WB_WDI_EN_GHG_CO2_PC_CE_AR5,ASM,_T,_T,_T,_Z,_Z,_Z,2012,A,T,
0.981682,P1Y,0,,A,PU,_Z,2,,,False,WB_WDI,WB_WDI_EN_GHG_CO2_PC_CE_AR5,AGO,_T,_T,_T,_Z,_Z,_Z,2012,A,T,
2.599129,P1Y,0,,A,PU,_Z,2,,,False,WB_WDI,WB_WDI_EN_GHG_CO2_PC_CE_AR5,ATG,_T,_T,_T,_Z,_Z,_Z,2012,A,T,
4.478861,P1Y,0,,A,PU,_Z,2,,,False,WB_WDI,WB_WDI_EN_GHG_CO2_PC_CE_AR5,ARG,_T,_T,_T,_Z,_Z,_Z,2012,A,T,
1.874806,P1Y,0,,A,PU,_Z,2,,,False,WB_WDI,WB_WDI_EN_GHG_CO2_PC_CE_AR5,ARM,_T,_T,_T,_Z,_Z,_Z,2012,A,T,
3.605802,P1Y,0,,A,PU,_Z,2,,,False,WB_WDI,WB_WDI_EN_GHG_CO2_PC_CE_AR5,ABW,_T,_T,_T,_Z,_Z,_Z,2012,A,T,
3.644218,P1Y,0,,A,PU,_Z,2,,,False,WB_WDI,WB_WDI_EN_GHG_CO2_PC_CE_AR5,UZB,_T,_T,_T,_Z,_Z,_Z,2016,A,T,
0.609731,P1Y,0,,A,PU,_Z,2,,,False,WB_WDI,WB_WDI_EN_GHG_CO2_PC_CE_AR5,VUT,_T,_T,_T,_Z,_Z,_Z,2016,A,T,
5.296083,P1Y,0,,A,PU,_Z,2,,,False,WB_WDI,WB_WDI_EN_GHG_CO2_PC_CE_AR5,VEN,_T,_T,_T,_Z,_Z,_Z,2016,A,T,
2.380902,P1Y,0,,A,PU,_Z,2,,,False,WB_WDI,WB_WDI_EN_GHG_CO2_PC_CE_AR5,VNM,_T,_T,_T,_Z,_Z,_Z,2016,A,T,
0.00186,P1Y,0,,A,PU,_Z,2,,,False,WB_WDI,WB_WDI_EN_GHG_CO2_PC_CE_AR5,VIR,_T,_T,_T,_Z,_Z,_Z,2016,A,T,
0.331047,P1Y,0,,A,PU,_Z,2,,,False,WB_WDI,WB_WDI_EN_GHG_CO2_PC_CE_AR5,YEM,_T,_T,_T,_Z,_Z,_Z,2016,A,T,
0.374036,P1Y,0,,A,PU,_Z,2,,,False,WB_WDI,WB_WDI_EN_GHG_CO2_PC_CE_AR5,ZMB,_T,_T,_T,_Z,_Z,_Z,2016,A,T,
0.771813,P1Y,0,,A,PU,_Z,2,,,False,WB_WDI,WB_WDI_EN_GHG_CO2_PC_CE_AR5,ZWE,_T,_T,_T,_Z,_Z,_Z,2016,A,T,
1.013008,P1Y,0,,A,PU,_Z,2,,,False,WB_WDI,WB_WDI_EN_GHG_CO2_PC_CE_AR5,AFE,_T,_T,_T,_Z,_Z,_Z,2017,A,T,
0.490967,P1Y,0,,A,PU,_Z,2,,,False,WB_WDI,WB_WDI_EN_GHG_CO2_PC_CE_AR5,AFW,_T,_T,_T,_Z,_Z,_Z,2017,A,T,
4.73117,P1Y,0,,A,PU,_Z,2,,,False,WB_WDI,WB_WDI_EN_GHG_CO2_PC_CE_AR5,ARB,_T,_T,_T,_Z,_Z,_Z,2017,A,T,
7.812747,P1Y,0,,A,PU,_Z,2,,,False,WB_WDI,WB_WDI_EN_GHG_CO2_PC_CE_AR5,EMU,_T,_T,_T,_Z,_Z,_Z,2010,A,T,
7.922802,P1Y,0,,A,PU,_Z,2,,,False,WB_WDI,WB_WDI_EN_GHG_CO2_PC_CE_AR5,ECS,_T,_T,_T,_Z,_Z,_Z,2010,A,T,
5.559007,P1Y,0,,A,PU,_Z,2,,,False,WB_WDI,WB_WDI_EN_GHG_CO2_PC_CE_AR5,ECA,_T,_T,_T,_Z,_Z,_Z,2010,A,T,
7.975584,P1Y,0,,A,PU,_Z,2,,,False,WB_WDI,WB_WDI_EN_GHG_CO2_PC_CE_AR5,TEC,_T,_T,_T,_Z,_Z,_Z,2010,A,T,
7.712172,P1Y,0,,A,PU,_Z,2,,,False,WB_WDI,WB_WDI_EN_GHG_CO2_PC_CE_AR5,EUU,_T,_T,_T,_Z,_Z,_Z,2010,A,T,
0.239031,P1Y,0,,A,PU,_Z,2,,,False,WB_WDI,WB_WDI_EN_GHG_CO2_PC_CE_AR5,HPC,_T,_T,_T,_Z,_Z,_Z,2010,A,T,
11.764818,P1Y,0,,A,PU,_Z,2,,,False,WB_WDI,WB_WDI_EN_GHG_CO2_PC_CE_AR5,HIC,_T,_T,_T,_Z,_Z,_Z,2010,A,T,
4.211239,P1Y,0,,A,PU,_Z,2,,,False,WB_WDI,WB_WDI_EN_GHG_CO2_PC_CE_AR5,IBD,_T,_T,_T,_Z,_Z,_Z,2010,A,T,
3.313603,P1Y,0,,A,PU,_Z,2,,,False,WB_WDI,WB_WDI_EN_GHG_CO2_PC_CE_AR5,IBT,_T,_T,_T,_Z,_Z,_Z,2010,A,T,
0.865763,P1Y,0,,A,PU,_Z,2,,,False,WB_WDI,WB_WDI_EN_GHG_CO2_PC_CE_AR5,IDB,_T,_T,_T,_Z,_Z,_Z,2010,A,T,
0.343818,P1Y,0,,A,PU,_Z,2,,,False,WB_WDI,WB_WDI_EN_GHG_CO2_PC_CE_AR5,IDX,_T,_T,_T,_Z,_Z,_Z,2010,A,T,
0.529652,P1Y,0,,A,PU,_Z,2,,,False,WB_WDI,WB_WDI_EN_GHG_CO2_PC_CE_AR5,IDA,_T,_T,_T,_Z,_Z,_Z,2010,A,T,
6.250996,P1Y,0,,A,PU,_Z,2,,,False,WB_WDI,WB_WDI_EN_GHG_CO2_PC_CE_AR5,LTE,_T,_T,_T,_Z,_Z,_Z,2010,A,T,
0.650428,P1Y,0,,A,PU,_Z,2,,,False,WB_WDI,WB_WDI_EN_GHG_CO2_PC_CE_AR5,MMR,_T,_T,_T,_Z,_Z,_Z,2017,A,T,
1.497375,P1Y,0,,A,PU,_Z,2,,,False,WB_WDI,WB_WDI_EN_GHG_CO2_PC_CE_AR5,NAM,_T,_T,_T,_Z,_Z,_Z,2017,A,T,
0,P1Y,0,,A,PU,_Z,2,,,False,WB_WDI,WB_WDI_EN_GHG_CO2_PC_CE_AR5,NRU,_T,_T,_T,_Z,_Z,_Z,2017,A,T,
0.471232,P1Y,0,,A,PU,_Z,2,,,False,WB_WDI,WB_WDI_EN_GHG_CO2_PC_CE_AR5,NPL,_T,_T,_T,_Z,_Z,_Z,2017,A,T,
9.816887,P1Y,0,,A,PU,_Z,2,,,False,WB_WDI,WB_WDI_EN_GHG_CO2_PC_CE_AR5,NLD,_T,_T,_T,_Z,_Z,_Z,2017,A,T,
15.492372,P1Y,0,,A,PU,_Z,2,,,False,WB_WDI,WB_WDI_EN_GHG_CO2_PC_CE_AR5,NCL,_T,_T,_T,_Z,_Z,_Z,2017,A,T,
7.534153,P1Y,0,,A,PU,_Z,2,,,False,WB_WDI,WB_WDI_EN_GHG_CO2_PC_CE_AR5,NZL,_T,_T,_T,_Z,_Z,_Z,2017,A,T,
0.899666,P1Y,0,,A,PU,_Z,2,,,False,WB_WDI,WB_WDI_EN_GHG_CO2_PC_CE_AR5,NIC,_T,_T,_T,_Z,_Z,_Z,2017,A,T,
0.092086,P1Y,0,,A,PU,_Z,2,,,False,WB_WDI,WB_WDI_EN_GHG_CO2_PC_CE_AR5,NER,_T,_T,_T,_Z,_Z,_Z,2017,A,T,
0.579461,P1Y,0,,A,PU,_Z,2,,,False,WB_WDI,WB_WDI_EN_GHG_CO2_PC_CE_AR5,NGA,_T,_T,_T,_Z,_Z,_Z,2017,A,T,
4.203129,P1Y,0,,A,PU,_Z,2,,,False,WB_WDI,WB_WDI_EN_GHG_CO2_PC_CE_AR5,MKD,_T,_T,_T,_Z,_Z,_Z,2017,A,T,
2.939076,P1Y,0,,A,PU,_Z,2,,,False,WB_WDI,WB_WDI_EN_GHG_CO2_PC_CE_AR5,JOR,_T,_T,_T,_Z,_Z,_Z,2014,A,T,
13.078675,P1Y,0,,A,PU,_Z,2,,,False,WB_WDI,WB_WDI_EN_GHG_CO2_PC_CE_AR5,KAZ,_T,_T,_T,_Z,_Z,_Z,2014,A,T,
0.341036,P1Y,0,,A,PU,_Z,2,,,False,WB_WDI,WB_WDI_EN_GHG_CO2_PC_CE_AR5,KEN,_T,_T,_T,_Z,_Z,_Z,2014,A,T,
0.526334,P1Y,0,,A,PU,_Z,2,,,False,WB_WDI,WB_WDI_EN_GHG_CO2_PC_CE_AR5,KIR,_T,_T,_T,_Z,_Z,_Z,2014,A,T,
1.634909,P1Y,0,,A,PU,_Z,2,,,False,WB_WDI,WB_WDI_EN_GHG_CO2_PC_CE_AR5,PRK,_T,_T,_T,_Z,_Z,_Z,2014,A,T,
12.426168,P1Y,0,,A,PU,_Z,2,,,False,WB_WDI,WB_WDI_EN_GHG_CO2_PC_CE_AR5,KOR,_T,_T,_T,_Z,_Z,_Z,2014,A,T,
25.187022,P1Y,0,,A,PU,_Z,2,,,False,WB_WDI,WB_WDI_EN_GHG_CO2_PC_CE_AR5,KWT,_T,_T,_T,_Z,_Z,_Z,2014,A,T,
1.683348,P1Y,0,,A,PU,_Z,2,,,False,WB_WDI,WB_WDI_EN_GHG_CO2_PC_CE_AR5,KGZ,_T,_T,_T,_Z,_Z,_Z,2014,A,T,
0.654511,P1Y,0,,A,PU,_Z,2,,,False,WB_WDI,WB_WDI_EN_GHG_CO2_PC_CE_AR5,LAO,_T,_T,_T,_Z,_Z,_Z,2014,A,T,
3.79876,P1Y,0,,A,PU,_Z,2,,,False,WB_WDI,WB_WDI_EN_GHG_CO2_PC_CE_AR5,LVA,_T,_T,_T,_Z,_Z,_Z,2014,A,T,
3.934054,P1Y,0,,A,PU,_Z,2,,,False,WB_WDI,WB_WDI_EN_GHG_CO2_PC_CE_AR5,LBN,_T,_T,_T,_Z,_Z,_Z,2014,A,T,
12.14092,P1Y,0,,A,PU,_Z,2,,,False,WB_WDI,WB_WDI_EN_GHG_CO2_PC_CE_AR5,KAZ,_T,_T,_T,_Z,_Z,_Z,2017,A,T,
0.391205,P1Y,0,,A,PU,_Z,2,,,False,WB_WDI,WB_WDI_EN_GHG_CO2_PC_CE_AR5,KEN,_T,_T,_T,_Z,_Z,_Z,2017,A,T,
0.574517,P1Y,0,,A,PU,_Z,2,,,False,WB_WDI,WB_WDI_EN_GHG_CO2_PC_CE_AR5,KIR,_T,_T,_T,_Z,_Z,_Z,2017,A,T,
2.848537,P1Y,0,,A,PU,_Z,2,,,False,WB_WDI,WB_WDI_EN_GHG_CO2_PC_CE_AR5,PRK,_T,_T,_T,_Z,_Z,_Z,2017,A,T,
12.952945,P1Y,0,,A,PU,_Z,2,,,False,WB_WDI,WB_WDI_EN_GHG_CO2_PC_CE_AR5,KOR,_T,_T,_T,_Z,_Z,_Z,2017,A,T,
23.458246,P1Y,0,,A,PU,_Z,2,,,False,WB_WDI,WB_WDI_EN_GHG_CO2_PC_CE_AR5,KWT,_T,_T,_T,_Z,_Z,_Z,2017,A,T,
1.52809,P1Y,0,,A,PU,_Z,2,,,False,WB_WDI,WB_WDI_EN_GHG_CO2_PC_CE_AR5,KGZ,_T,_T,_T,_Z,_Z,_Z,2017,A,T,
2.742063,P1Y,0,,A,PU,_Z,2,,,False,WB_WDI,WB_WDI_EN_GHG_CO2_PC_CE_AR5,LAO,_T,_T,_T,_Z,_Z,_Z,2017,A,T,
3.826545,P1Y,0,,A,PU,_Z,2,,,False,WB_WDI,WB_WDI_EN_GHG_CO2_PC_CE_AR5,LVA,_T,_T,_T,_Z,_Z,_Z,2017,A,T,
4.755859,P1Y,0,,A,PU,_Z,2,,,False,WB_WDI,WB_WDI_EN_GHG_CO2_PC_CE_AR5,LBN,_T,_T,_T,_Z,_Z,_Z,2017,A,T,
0.333455,P1Y,0,,A,PU,_Z,2,,,False,WB_WDI,WB_WDI_EN_GHG_CO2_PC_CE_AR5,LSO,_T,_T,_T,_Z,_Z,_Z,2017,A,T,
10.580477,P1Y,0,,A,PU,_Z,2,,,False,WB_WDI,WB_WDI_EN_GHG_CO2_PC_CE_AR5,ISL,_T,_T,_T,_Z,_Z,_Z,2014,A,T,
1.705177,P1Y,0,,A,PU,_Z,2,,,False,WB_WDI,WB_WDI_EN_GHG_CO2_PC_CE_AR5,IND,_T,_T,_T,_Z,_Z,_Z,2014,A,T,
1.951025,P1Y,0,,A,PU,_Z,2,,,False,WB_WDI,WB_WDI_EN_GHG_CO2_PC_CE_AR5,IDN,_T,_T,_T,_Z,_Z,_Z,2014,A,T,
7.81011,P1Y,0,,A,PU,_Z,2,,,False,WB_WDI,WB_WDI_EN_GHG_CO2_PC_CE_AR5,IRN,_T,_T,_T,_Z,_Z,_Z,2014,A,T,
3.783523,P1Y,0,,A,PU,_Z,2,,,False,WB_WDI,WB_WDI_EN_GHG_CO2_PC_CE_AR5,IRQ,_T,_T,_T,_Z,_Z,_Z,2014,A,T,
7.758935,P1Y,0,,A,PU,_Z,2,,,False,WB_WDI,WB_WDI_EN_GHG_CO2_PC_CE_AR5,IRL,_T,_T,_T,_Z,_Z,_Z,2014,A,T,
8.02421,P1Y,0,,A,PU,_Z,2,,,False,WB_WDI,WB_WDI_EN_GHG_CO2_PC_CE_AR5,ISR,_T,_T,_T,_Z,_Z,_Z,2014,A,T,
5.685868,P1Y,0,,A,PU,_Z,2,,,False,WB_WDI,WB_WDI_EN_GHG_CO2_PC_CE_AR5,ITA,_T,_T,_T,_Z,_Z,_Z,2014,A,T,
2.582408,P1Y,0,,A,PU,_Z,2,,,False,WB_WDI,WB_WDI_EN_GHG_CO2_PC_CE_AR5,JAM,_T,_T,_T,_Z,_Z,_Z,2014,A,T,
10.006363,P1Y,0,,A,PU,_Z,2,,,False,WB_WDI,WB_WDI_EN_GHG_CO2_PC_CE_AR5,JPN,_T,_T,_T,_Z,_Z,_Z,2014,A,T,
0.06016,P1Y,0,,A,PU,_Z,2,,,False,WB_WDI,WB_WDI_EN_GHG_CO2_PC_CE_AR5,CAF,_T,_T,_T,_Z,_Z,_Z,2018,A,T,
0.149407,P1Y,0,,A,PU,_Z,2,,,False,WB_WDI,WB_WDI_EN_GHG_CO2_PC_CE_AR5,TCD,_T,_T,_T,_Z,_Z,_Z,2018,A,T,
4.754062,P1Y,0,,A,PU,_Z,2,,,False,WB_WDI,WB_WDI_EN_GHG_CO2_PC_CE_AR5,CHL,_T,_T,_T,_Z,_Z,_Z,2018,A,T,
8.217736,P1Y,0,,A,PU,_Z,2,,,False,WB_WDI,WB_WDI_EN_GHG_CO2_PC_CE_AR5,CHN,_T,_T,_T,_Z,_Z,_Z,2018,A,T,
1.741916,P1Y,0,,A,PU,_Z,2,,,False,WB_WDI,WB_WDI_EN_GHG_CO2_PC_CE_AR5,COL,_T,_T,_T,_Z,_Z,_Z,2018,A,T,
0.268666,P1Y,0,,A,PU,_Z,2,,,False,WB_WDI,WB_WDI_EN_GHG_CO2_PC_CE_AR5,COM,_T,_T,_T,_Z,_Z,_Z,2018,A,T,
0.046219,P1Y,0,,A,PU,_Z,2,,,False,WB_WDI,WB_WDI_EN_GHG_CO2_PC_CE_AR5,COD,_T,_T,_T,_Z,_Z,_Z,2018,A,T,
1.171231,P1Y,0,,A,PU,_Z,2,,,False,WB_WDI,WB_WDI_EN_GHG_CO2_PC_CE_AR5,COG,_T,_T,_T,_Z,_Z,_Z,2018,A,T,
1.702463,P1Y,0,,A,PU,_Z,2,,,False,WB_WDI,WB_WDI_EN_GHG_CO2_PC_CE_AR5,CRI,_T,_T,_T,_Z,_Z,_Z,2018,A,T,
0.449429,P1Y,0,,A,PU,_Z,2,,,False,WB_WDI,WB_WDI_EN_GHG_CO2_PC_CE_AR5,CIV,_T,_T,_T,_Z,_Z,_Z,2018,A,T,
4.454024,P1Y,0,,A,PU,_Z,2,,,False,WB_WDI,WB_WDI_EN_GHG_CO2_PC_CE_AR5,HRV,_T,_T,_T,_Z,_Z,_Z,2018,A,T,
2.792006,P1Y,0,,A,PU,_Z,2,,,False,WB_WDI,WB_WDI_EN_GHG_CO2_PC_CE_AR5,BMU,_T,_T,_T,_Z,_Z,_Z,2012,A,T,
1.470976,P1Y,0,,A,PU,_Z,2,,,False,WB_WDI,WB_WDI_EN_GHG_CO2_PC_CE_AR5,BTN,_T,_T,_T,_Z,_Z,_Z,2012,A,T,
1.620551,P1Y,0,,A,PU,_Z,2,,,False,WB_WDI,WB_WDI_EN_GHG_CO2_PC_CE_AR5,BOL,_T,_T,_T,_Z,_Z,_Z,2012,A,T,
6.351521,P1Y,0,,A,PU,_Z,2,,,False,WB_WDI,WB_WDI_EN_GHG_CO2_PC_CE_AR5,BIH,_T,_T,_T,_Z,_Z,_Z,2012,A,T,
1.67157,P1Y,0,,A,PU,_Z,2,,,False,WB_WDI,WB_WDI_EN_GHG_CO2_PC_CE_AR5,BWA,_T,_T,_T,_Z,_Z,_Z,2012,A,T,
2.52902,P1Y,0,,A,PU,_Z,2,,,False,WB_WDI,WB_WDI_EN_GHG_CO2_PC_CE_AR5,BRA,_T,_T,_T,_Z,_Z,_Z,2012,A,T,
1.881694,P1Y,0,,A,PU,_Z,2,,,False,WB_WDI,WB_WDI_EN_GHG_CO2_PC_CE_AR5,VGB,_T,_T,_T,_Z,_Z,_Z,2012,A,T,
18.794892,P1Y,0,,A,PU,_Z,2,,,False,WB_WDI,WB_WDI_EN_GHG_CO2_PC_CE_AR5,BRN,_T,_T,_T,_Z,_Z,_Z,2012,A,T,
6.832366,P1Y,0,,A,PU,_Z,2,,,False,WB_WDI,WB_WDI_EN_GHG_CO2_PC_CE_AR5,BGR,_T,_T,_T,_Z,_Z,_Z,2012,A,T,
0.150329,P1Y,0,,A,PU,_Z,2,,,False,WB_WDI,WB_WDI_EN_GHG_CO2_PC_CE_AR5,BFA,_T,_T,_T,_Z,_Z,_Z,2012,A,T,
0.039648,P1Y,0,,A,PU,_Z,2,,,False,WB_WDI,WB_WDI_EN_GHG_CO2_PC_CE_AR5,BDI,_T,_T,_T,_Z,_Z,_Z,2012,A,T,
5.518507,P1Y,0,,A,PU,_Z,2,,,False,WB_WDI,WB_WDI_EN_GHG_CO2_PC_CE_AR5,ECA,_T,_T,_T,_Z,_Z,_Z,2006,A,T,
8.111953,P1Y,0,,A,PU,_Z,2,,,False,WB_WDI,WB_WDI_EN_GHG_CO2_PC_CE_AR5,TEC,_T,_T,_T,_Z,_Z,_Z,2006,A,T,
8.466381,P1Y,0,,A,PU,_Z,2,,,False,WB_WDI,WB_WDI_EN_GHG_CO2_PC_CE_AR5,EUU,_T,_T,_T,_Z,_Z,_Z,2006,A,T,
0.20629,P1Y,0,,A,PU,_Z,2,,,False,WB_WDI,WB_WDI_EN_GHG_CO2_PC_CE_AR5,HPC,_T,_T,_T,_Z,_Z,_Z,2006,A,T,
12.330207,P1Y,0,,A,PU,_Z,2,,,False,WB_WDI,WB_WDI_EN_GHG_CO2_PC_CE_AR5,HIC,_T,_T,_T,_Z,_Z,_Z,2006,A,T,
3.657737,P1Y,0,,A,PU,_Z,2,,,False,WB_WDI,WB_WDI_EN_GHG_CO2_PC_CE_AR5,IBD,_T,_T,_T,_Z,_Z,_Z,2006,A,T,
2.924559,P1Y,0,,A,PU,_Z,2,,,False,WB_WDI,WB_WDI_EN_GHG_CO2_PC_CE_AR5,IBT,_T,_T,_T,_Z,_Z,_Z,2006,A,T,
0.918608,P1Y,0,,A,PU,_Z,2,,,False,WB_WDI,WB_WDI_EN_GHG_CO2_PC_CE_AR5,IDB,_T,_T,_T,_Z,_Z,_Z,2006,A,T,
0.311432,P1Y,0,,A,PU,_Z,2,,,False,WB_WDI,WB_WDI_EN_GHG_CO2_PC_CE_AR5,IDX,_T,_T,_T,_Z,_Z,_Z,2006,A,T,
0.525664,P1Y,0,,A,PU,_Z,2,,,False,WB_WDI,WB_WDI_EN_GHG_CO2_PC_CE_AR5,IDA,_T,_T,_T,_Z,_Z,_Z,2006,A,T,
5.269039,P1Y,0,,A,PU,_Z,2,,,False,WB_WDI,WB_WDI_EN_GHG_CO2_PC_CE_AR5,LTE,_T,_T,_T,_Z,_Z,_Z,2006,A,T,
2.728457,P1Y,0,,A,PU,_Z,2,,,False,WB_WDI,WB_WDI_EN_GHG_CO2_PC_CE_AR5,LCN,_T,_T,_T,_Z,_Z,_Z,2006,A,T,
2.639378,P1Y,0,,A,PU,_Z,2,,,False,WB_WDI,WB_WDI_EN_GHG_CO2_PC_CE_AR5,LAC,_T,_T,_T,_Z,_Z,_Z,2006,A,T,
2.72371,P1Y,0,,A,PU,_Z,2,,,False,WB_WDI,WB_WDI_EN_GHG_CO2_PC_CE_AR5,TLA,_T,_T,_T,_Z,_Z,_Z,2006,A,T,
1.73843,P1Y,0,,A,PU,_Z,2,,,False,WB_WDI,WB_WDI_EN_GHG_CO2_PC_CE_AR5,MAR,_T,_T,_T,_Z,_Z,_Z,2014,A,T,
0.22455,P1Y,0,,A,PU,_Z,2,,,False,WB_WDI,WB_WDI_EN_GHG_CO2_PC_CE_AR5,MOZ,_T,_T,_T,_Z,_Z,_Z,2014,A,T,
0.350074,P1Y,0,,A,PU,_Z,2,,,False,WB_WDI,WB_WDI_EN_GHG_CO2_PC_CE_AR5,MMR,_T,_T,_T,_Z,_Z,_Z,2014,A,T,
1.386595,P1Y,0,,A,PU,_Z,2,,,False,WB_WDI,WB_WDI_EN_GHG_CO2_PC_CE_AR5,NAM,_T,_T,_T,_Z,_Z,_Z,2014,A,T,
0,P1Y,0,,A,PU,_Z,2,,,False,WB_WDI,WB_WDI_EN_GHG_CO2_PC_CE_AR5,NRU,_T,_T,_T,_Z,_Z,_Z,2014,A,T,
0.265695,P1Y,0,,A,PU,_Z,2,,,False,WB_WDI,WB_WDI_EN_GHG_CO2_PC_CE_AR5,NPL,_T,_T,_T,_Z,_Z,_Z,2014,A,T,
9.591641,P1Y,0,,A,PU,_Z,2,,,False,WB_WDI,WB_WDI_EN_GHG_CO2_PC_CE_AR5,NLD,_T,_T,_T,_Z,_Z,_Z,2014,A,T,
17.031263,P1Y,0,,A,PU,_Z,2,,,False,WB_WDI,WB_WDI_EN_GHG_CO2_PC_CE_AR5,NCL,_T,_T,_T,_Z,_Z,_Z,2014,A,T,
7.81375,P1Y,0,,A,PU,_Z,2,,,False,WB_WDI,WB_WDI_EN_GHG_CO2_PC_CE_AR5,NZL,_T,_T,_T,_Z,_Z,_Z,2014,A,T,
0.809216,P1Y,0,,A,PU,_Z,2,,,False,WB_WDI,WB_WDI_EN_GHG_CO2_PC_CE_AR5,NIC,_T,_T,_T,_Z,_Z,_Z,2014,A,T,
0.114593,P1Y,0,,A,PU,_Z,2,,,False,WB_WDI,WB_WDI_EN_GHG_CO2_PC_CE_AR5,NER,_T,_T,_T,_Z,_Z,_Z,2014,A,T,
4.388463,P1Y,0,,A,PU,_Z,2,,,False,WB_WDI,WB_WDI_EN_GHG_CO2_PC_CE_AR5,WLD,_T,_T,_T,_Z,_Z,_Z,2005,A,T,
0.052298,P1Y,0,,A,PU,_Z,2,,,False,WB_WDI,WB_WDI_EN_GHG_CO2_PC_CE_AR5,AFG,_T,_T,_T,_Z,_Z,_Z,2005,A,T,
1.377691,P1Y,0,,A,PU,_Z,2,,,False,WB_WDI,WB_WDI_EN_GHG_CO2_PC_CE_AR5,ALB,_T,_T,_T,_Z,_Z,_Z,2005,A,T,
3.062594,P1Y,0,,A,PU,_Z,2,,,False,WB_WDI,WB_WDI_EN_GHG_CO2_PC_CE_AR5,DZA,_T,_T,_T,_Z,_Z,_Z,2005,A,T,
0.001766,P1Y,0,,A,PU,_Z,2,,,False,WB_WDI,WB_WDI_EN_GHG_CO2_PC_CE_AR5,ASM,_T,_T,_T,_Z,_Z,_Z,2005,A,T,
0.810677,P1Y,0,,A,PU,_Z,2,,,False,WB_WDI,WB_WDI_EN_GHG_CO2_PC_CE_AR5,AGO,_T,_T,_T,_Z,_Z,_Z,2005,A,T,
2.166786,P1Y,0,,A,PU,_Z,2,,,False,WB_WDI,WB_WDI_EN_GHG_CO2_PC_CE_AR5,ATG,_T,_T,_T,_Z,_Z,_Z,2005,A,T,
3.917427,P1Y,0,,A,PU,_Z,2,,,False,WB_WDI,WB_WDI_EN_GHG_CO2_PC_CE_AR5,ARG,_T,_T,_T,_Z,_Z,_Z,2005,A,T,
1.418351,P1Y,0,,A,PU,_Z,2,,,False,WB_WDI,WB_WDI_EN_GHG_CO2_PC_CE_AR5,ARM,_T,_T,_T,_Z,_Z,_Z,2005,A,T,
3.946331,P1Y,0,,A,PU,_Z,2,,,False,WB_WDI,WB_WDI_EN_GHG_CO2_PC_CE_AR5,ABW,_T,_T,_T,_Z,_Z,_Z,2005,A,T,
19.037804,P1Y,0,,A,PU,_Z,2,,,False,WB_WDI,WB_WDI_EN_GHG_CO2_PC_CE_AR5,AUS,_T,_T,_T,_Z,_Z,_Z,2005,A,T,
9.77338,P1Y,0,,A,PU,_Z,2,,,False,WB_WDI,WB_WDI_EN_GHG_CO2_PC_CE_AR5,AUT,_T,_T,_T,_Z,_Z,_Z,2005,A,T,
3.720193,P1Y,0,,A,PU,_Z,2,,,False,WB_WDI,WB_WDI_EN_GHG_CO2_PC_CE_AR5,AZE,_T,_T,_T,_Z,_Z,_Z,2005,A,T,
0.255045,P1Y,0,,A,PU,_Z,2,,,False,WB_WDI,WB_WDI_EN_GHG_CO2_PC_CE_AR5,IDX,_T,_T,_T,_Z,_Z,_Z,2000,A,T,
0.514385,P1Y,0,,A,PU,_Z,2,,,False,WB_WDI,WB_WDI_EN_GHG_CO2_PC_CE_AR5,IDA,_T,_T,_T,_Z,_Z,_Z,2000,A,T,
3.601895,P1Y,0,,A,PU,_Z,2,,,False,WB_WDI,WB_WDI_EN_GHG_CO2_PC_CE_AR5,LTE,_T,_T,_T,_Z,_Z,_Z,2000,A,T,
2.597717,P1Y,0,,A,PU,_Z,2,,,False,WB_WDI,WB_WDI_EN_GHG_CO2_PC_CE_AR5,LCN,_T,_T,_T,_Z,_Z,_Z,2000,A,T,
2.529399,P1Y,0,,A,PU,_Z,2,,,False,WB_WDI,WB_WDI_EN_GHG_CO2_PC_CE_AR5,LAC,_T,_T,_T,_Z,_Z,_Z,2000,A,T,
2.567386,P1Y,0,,A,PU,_Z,2,,,False,WB_WDI,WB_WDI_EN_GHG_CO2_PC_CE_AR5,TLA,_T,_T,_T,_Z,_Z,_Z,2000,A,T,
0.180534,P1Y,0,,A,PU,_Z,2,,,False,WB_WDI,WB_WDI_EN_GHG_CO2_PC_CE_AR5,LDC,_T,_T,_T,_Z,_Z,_Z,2000,A,T,
1.907898,P1Y,0,,A,PU,_Z,2,,,False,WB_WDI,WB_WDI_EN_GHG_CO2_PC_CE_AR5,LMY,_T,_T,_T,_Z,_Z,_Z,2000,A,T,
0.428674,P1Y,0,,A,PU,_Z,2,,,False,WB_WDI,WB_WDI_EN_GHG_CO2_PC_CE_AR5,LIC,_T,_T,_T,_Z,_Z,_Z,2000,A,T,
0.929159,P1Y,0,,A,PU,_Z,2,,,False,WB_WDI,WB_WDI_EN_GHG_CO2_PC_CE_AR5,LMC,_T,_T,_T,_Z,_Z,_Z,2000,A,T,
3.083014,P1Y,0,,A,PU,_Z,2,,,False,WB_WDI,WB_WDI_EN_GHG_CO2_PC_CE_AR5,MEA,_T,_T,_T,_Z,_Z,_Z,2000,A,T,
2.107653,P1Y,0,,A,PU,_Z,2,,,False,WB_WDI,WB_WDI_EN_GHG_CO2_PC_CE_AR5,MNA,_T,_T,_T,_Z,_Z,_Z,2000,A,T,
2.107653,P1Y,0,,A,PU,_Z,2,,,False,WB_WDI,WB_WDI_EN_GHG_CO2_PC_CE_AR5,TMN,_T,_T,_T,_Z,_Z,_Z,2000,A,T,
2.032229,P1Y,0,,A,PU,_Z,2,,,False,WB_WDI,WB_WDI_EN_GHG_CO2_PC_CE_AR5,MIC,_T,_T,_T,_Z,_Z,_Z,2000,A,T,
2.56515,P1Y,0,,A,PU,_Z,2,,,False,WB_WDI,WB_WDI_EN_GHG_CO2_PC_CE_AR5,TUN,_T,_T,_T,_Z,_Z,_Z,2012,A,T,
4.578038,P1Y,0,,A,PU,_Z,2,,,False,WB_WDI,WB_WDI_EN_GHG_CO2_PC_CE_AR5,TUR,_T,_T,_T,_Z,_Z,_Z,2012,A,T,
11.758141,P1Y,0,,A,PU,_Z,2,,,False,WB_WDI,WB_WDI_EN_GHG_CO2_PC_CE_AR5,TKM,_T,_T,_T,_Z,_Z,_Z,2012,A,T,
1.805335,P1Y,0,,A,PU,_Z,2,,,False,WB_WDI,WB_WDI_EN_GHG_CO2_PC_CE_AR5,TCA,_T,_T,_T,_Z,_Z,_Z,2012,A,T,
0,P1Y,0,,A,PU,_Z,2,,,False,WB_WDI,WB_WDI_EN_GHG_CO2_PC_CE_AR5,TUV,_T,_T,_T,_Z,_Z,_Z,2012,A,T,
0.126072,P1Y,0,,A,PU,_Z,2,,,False,WB_WDI,WB_WDI_EN_GHG_CO2_PC_CE_AR5,UGA,_T,_T,_T,_Z,_Z,_Z,2012,A,T,
7.031318,P1Y,0,,A,PU,_Z,2,,,False,WB_WDI,WB_WDI_EN_GHG_CO2_PC_CE_AR5,UKR,_T,_T,_T,_Z,_Z,_Z,2012,A,T,
25.030319,P1Y,0,,A,PU,_Z,2,,,False,WB_WDI,WB_WDI_EN_GHG_CO2_PC_CE_AR5,ARE,_T,_T,_T,_Z,_Z,_Z,2012,A,T,
7.555835,P1Y,0,,A,PU,_Z,2,,,False,WB_WDI,WB_WDI_EN_GHG_CO2_PC_CE_AR5,GBR,_T,_T,_T,_Z,_Z,_Z,2012,A,T,
16.185422,P1Y,0,,A,PU,_Z,2,,,False,WB_WDI,WB_WDI_EN_GHG_CO2_PC_CE_AR5,USA,_T,_T,_T,_Z,_Z,_Z,2012,A,T,
2.662798,P1Y,0,,A,PU,_Z,2,,,False,WB_WDI,WB_WDI_EN_GHG_CO2_PC_CE_AR5,URY,_T,_T,_T,_Z,_Z,_Z,2012,A,T,
4.209771,P1Y,0,,A,PU,_Z,2,,,False,WB_WDI,WB_WDI_EN_GHG_CO2_PC_CE_AR5,UZB,_T,_T,_T,_Z,_Z,_Z,2012,A,T,
0.877701,P1Y,0,,A,PU,_Z,2,,,False,WB_WDI,WB_WDI_EN_GHG_CO2_PC_CE_AR5,IDB,_T,_T,_T,_Z,_Z,_Z,2011,A,T,
0.353378,P1Y,0,,A,PU,_Z,2,,,False,WB_WDI,WB_WDI_EN_GHG_CO2_PC_CE_AR5,IDX,_T,_T,_T,_Z,_Z,_Z,2011,A,T,
0.54034,P1Y,0,,A,PU,_Z,2,,,False,WB_WDI,WB_WDI_EN_GHG_CO2_PC_CE_AR5,IDA,_T,_T,_T,_Z,_Z,_Z,2011,A,T,
6.677169,P1Y,0,,A,PU,_Z,2,,,False,WB_WDI,WB_WDI_EN_GHG_CO2_PC_CE_AR5,LTE,_T,_T,_T,_Z,_Z,_Z,2011,A,T,
2.942348,P1Y,0,,A,PU,_Z,2,,,False,WB_WDI,WB_WDI_EN_GHG_CO2_PC_CE_AR5,LCN,_T,_T,_T,_Z,_Z,_Z,2011,A,T,
2.841565,P1Y,0,,A,PU,_Z,2,,,False,WB_WDI,WB_WDI_EN_GHG_CO2_PC_CE_AR5,LAC,_T,_T,_T,_Z,_Z,_Z,2011,A,T,
2.95152,P1Y,0,,A,PU,_Z,2,,,False,WB_WDI,WB_WDI_EN_GHG_CO2_PC_CE_AR5,TLA,_T,_T,_T,_Z,_Z,_Z,2011,A,T,
0.276966,P1Y,0,,A,PU,_Z,2,,,False,WB_WDI,WB_WDI_EN_GHG_CO2_PC_CE_AR5,LDC,_T,_T,_T,_Z,_Z,_Z,2011,A,T,
3.191455,P1Y,0,,A,PU,_Z,2,,,False,WB_WDI,WB_WDI_EN_GHG_CO2_PC_CE_AR5,LMY,_T,_T,_T,_Z,_Z,_Z,2011,A,T,
0.386283,P1Y,0,,A,PU,_Z,2,,,False,WB_WDI,WB_WDI_EN_GHG_CO2_PC_CE_AR5,LIC,_T,_T,_T,_Z,_Z,_Z,2011,A,T,
1.244883,P1Y,0,,A,PU,_Z,2,,,False,WB_WDI,WB_WDI_EN_GHG_CO2_PC_CE_AR5,LMC,_T,_T,_T,_Z,_Z,_Z,2011,A,T,
3.916665,P1Y,0,,A,PU,_Z,2,,,False,WB_WDI,WB_WDI_EN_GHG_CO2_PC_CE_AR5,MEA,_T,_T,_T,_Z,_Z,_Z,2011,A,T,
2.498885,P1Y,0,,A,PU,_Z,2,,,False,WB_WDI,WB_WDI_EN_GHG_CO2_PC_CE_AR5,MNA,_T,_T,_T,_Z,_Z,_Z,2011,A,T,
0.859213,P1Y,0,,A,PU,_Z,2,,,False,WB_WDI,WB_WDI_EN_GHG_CO2_PC_CE_AR5,DMA,_T,_T,_T,_Z,_Z,_Z,2013,A,T,
2.107539,P1Y,0,,A,PU,_Z,2,,,False,WB_WDI,WB_WDI_EN_GHG_CO2_PC_CE_AR5,DOM,_T,_T,_T,_Z,_Z,_Z,2013,A,T,
2.603781,P1Y,0,,A,PU,_Z,2,,,False,WB_WDI,WB_WDI_EN_GHG_CO2_PC_CE_AR5,ECU,_T,_T,_T,_Z,_Z,_Z,2013,A,T,
2.399511,P1Y,0,,A,PU,_Z,2,,,False,WB_WDI,WB_WDI_EN_GHG_CO2_PC_CE_AR5,EGY,_T,_T,_T,_Z,_Z,_Z,2013,A,T,
1.080823,P1Y,0,,A,PU,_Z,2,,,False,WB_WDI,WB_WDI_EN_GHG_CO2_PC_CE_AR5,SLV,_T,_T,_T,_Z,_Z,_Z,2013,A,T,
4.251392,P1Y,0,,A,PU,_Z,2,,,False,WB_WDI,WB_WDI_EN_GHG_CO2_PC_CE_AR5,GNQ,_T,_T,_T,_Z,_Z,_Z,2013,A,T,
0.193081,P1Y,0,,A,PU,_Z,2,,,False,WB_WDI,WB_WDI_EN_GHG_CO2_PC_CE_AR5,ERI,_T,_T,_T,_Z,_Z,_Z,2013,A,T,
17.933728,P1Y,0,,A,PU,_Z,2,,,False,WB_WDI,WB_WDI_EN_GHG_CO2_PC_CE_AR5,EST,_T,_T,_T,_Z,_Z,_Z,2013,A,T,
0.851954,P1Y,0,,A,PU,_Z,2,,,False,WB_WDI,WB_WDI_EN_GHG_CO2_PC_CE_AR5,SWZ,_T,_T,_T,_Z,_Z,_Z,2013,A,T,
0.106072,P1Y,0,,A,PU,_Z,2,,,False,WB_WDI,WB_WDI_EN_GHG_CO2_PC_CE_AR5,ETH,_T,_T,_T,_Z,_Z,_Z,2013,A,T,
0.041455,P1Y,0,,A,PU,_Z,2,,,False,WB_WDI,WB_WDI_EN_GHG_CO2_PC_CE_AR5,FRO,_T,_T,_T,_Z,_Z,_Z,2013,A,T,
1.498442,P1Y,0,,A,PU,_Z,2,,,False,WB_WDI,WB_WDI_EN_GHG_CO2_PC_CE_AR5,FJI,_T,_T,_T,_Z,_Z,_Z,2013,A,T,
0.216202,P1Y,0,,A,PU,_Z,2,,,False,WB_WDI,WB_WDI_EN_GHG_CO2_PC_CE_AR5,HPC,_T,_T,_T,_Z,_Z,_Z,2007,A,T,
12.38459,P1Y,0,,A,PU,_Z,2,,,False,WB_WDI,WB_WDI_EN_GHG_CO2_PC_CE_AR5,HIC,_T,_T,_T,_Z,_Z,_Z,2007,A,T,
3.83958,P1Y,0,,A,PU,_Z,2,,,False,WB_WDI,WB_WDI_EN_GHG_CO2_PC_CE_AR5,IBD,_T,_T,_T,_Z,_Z,_Z,2007,A,T,
3.056963,P1Y,0,,A,PU,_Z,2,,,False,WB_WDI,WB_WDI_EN_GHG_CO2_PC_CE_AR5,IBT,_T,_T,_T,_Z,_Z,_Z,2007,A,T,
0.906778,P1Y,0,,A,PU,_Z,2,,,False,WB_WDI,WB_WDI_EN_GHG_CO2_PC_CE_AR5,IDB,_T,_T,_T,_Z,_Z,_Z,2007,A,T,
0.326606,P1Y,0,,A,PU,_Z,2,,,False,WB_WDI,WB_WDI_EN_GHG_CO2_PC_CE_AR5,IDX,_T,_T,_T,_Z,_Z,_Z,2007,A,T,
0.531713,P1Y,0,,A,PU,_Z,2,,,False,WB_WDI,WB_WDI_EN_GHG_CO2_PC_CE_AR5,IDA,_T,_T,_T,_Z,_Z,_Z,2007,A,T,
5.554798,P1Y,0,,A,PU,_Z,2,,,False,WB_WDI,WB_WDI_EN_GHG_CO2_PC_CE_AR5,LTE,_T,_T,_T,_Z,_Z,_Z,2007,A,T,
2.791723,P1Y,0,,A,PU,_Z,2,,,False,WB_WDI,WB_WDI_EN_GHG_CO2_PC_CE_AR5,LCN,_T,_T,_T,_Z,_Z,_Z,2007,A,T,
2.690035,P1Y,0,,A,PU,_Z,2,,,False,WB_WDI,WB_WDI_EN_GHG_CO2_PC_CE_AR5,LAC,_T,_T,_T,_Z,_Z,_Z,2007,A,T,
2.784981,P1Y,0,,A,PU,_Z,2,,,False,WB_WDI,WB_WDI_EN_GHG_CO2_PC_CE_AR5,TLA,_T,_T,_T,_Z,_Z,_Z,2007,A,T,
0.23095,P1Y,0,,A,PU,_Z,2,,,False,WB_WDI,WB_WDI_EN_GHG_CO2_PC_CE_AR5,LDC,_T,_T,_T,_Z,_Z,_Z,2007,A,T,
2.743093,P1Y,0,,A,PU,_Z,2,,,False,WB_WDI,WB_WDI_EN_GHG_CO2_PC_CE_AR5,LMY,_T,_T,_T,_Z,_Z,_Z,2007,A,T,
0.001808,P1Y,0,,A,PU,_Z,2,,,False,WB_WDI,WB_WDI_EN_GHG_CO2_PC_CE_AR5,GUM,_T,_T,_T,_Z,_Z,_Z,2013,A,T,
0.879639,P1Y,0,,A,PU,_Z,2,,,False,WB_WDI,WB_WDI_EN_GHG_CO2_PC_CE_AR5,GTM,_T,_T,_T,_Z,_Z,_Z,2013,A,T,
0.202817,P1Y,0,,A,PU,_Z,2,,,False,WB_WDI,WB_WDI_EN_GHG_CO2_PC_CE_AR5,GIN,_T,_T,_T,_Z,_Z,_Z,2013,A,T,
0.194284,P1Y,0,,A,PU,_Z,2,,,False,WB_WDI,WB_WDI_EN_GHG_CO2_PC_CE_AR5,GNB,_T,_T,_T,_Z,_Z,_Z,2013,A,T,
2.63646,P1Y,0,,A,PU,_Z,2,,,False,WB_WDI,WB_WDI_EN_GHG_CO2_PC_CE_AR5,GUY,_T,_T,_T,_Z,_Z,_Z,2013,A,T,
0.291263,P1Y,0,,A,PU,_Z,2,,,False,WB_WDI,WB_WDI_EN_GHG_CO2_PC_CE_AR5,HTI,_T,_T,_T,_Z,_Z,_Z,2013,A,T,
1.138473,P1Y,0,,A,PU,_Z,2,,,False,WB_WDI,WB_WDI_EN_GHG_CO2_PC_CE_AR5,HND,_T,_T,_T,_Z,_Z,_Z,2013,A,T,
6.433548,P1Y,0,,A,PU,_Z,2,,,False,WB_WDI,WB_WDI_EN_GHG_CO2_PC_CE_AR5,HKG,_T,_T,_T,_Z,_Z,_Z,2013,A,T,
4.537406,P1Y,0,,A,PU,_Z,2,,,False,WB_WDI,WB_WDI_EN_GHG_CO2_PC_CE_AR5,HUN,_T,_T,_T,_Z,_Z,_Z,2013,A,T,
11.460817,P1Y,0,,A,PU,_Z,2,,,False,WB_WDI,WB_WDI_EN_GHG_CO2_PC_CE_AR5,ISL,_T,_T,_T,_Z,_Z,_Z,2013,A,T,
1.599459,P1Y,0,,A,PU,_Z,2,,,False,WB_WDI,WB_WDI_EN_GHG_CO2_PC_CE_AR5,IND,_T,_T,_T,_Z,_Z,_Z,2013,A,T,
1.856402,P1Y,0,,A,PU,_Z,2,,,False,WB_WDI,WB_WDI_EN_GHG_CO2_PC_CE_AR5,IDN,_T,_T,_T,_Z,_Z,_Z,2013,A,T,
12.81384,P1Y,0,,A,PU,_Z,2,,,False,WB_WDI,WB_WDI_EN_GHG_CO2_PC_CE_AR5,RUS,_T,_T,_T,_Z,_Z,_Z,2011,A,T,
0.072046,P1Y,0,,A,PU,_Z,2,,,False,WB_WDI,WB_WDI_EN_GHG_CO2_PC_CE_AR5,RWA,_T,_T,_T,_Z,_Z,_Z,2011,A,T,
1.374844,P1Y,0,,A,PU,_Z,2,,,False,WB_WDI,WB_WDI_EN_GHG_CO2_PC_CE_AR5,WSM,_T,_T,_T,_Z,_Z,_Z,2011,A,T,
0.685703,P1Y,0,,A,PU,_Z,2,,,False,WB_WDI,WB_WDI_EN_GHG_CO2_PC_CE_AR5,STP,_T,_T,_T,_Z,_Z,_Z,2011,A,T,
20.294026,P1Y,0,,A,PU,_Z,2,,,False,WB_WDI,WB_WDI_EN_GHG_CO2_PC_CE_AR5,SAU,_T,_T,_T,_Z,_Z,_Z,2011,A,T,
0.577132,P1Y,0,,A,PU,_Z,2,,,False,WB_WDI,WB_WDI_EN_GHG_CO2_PC_CE_AR5,SEN,_T,_T,_T,_Z,_Z,_Z,2011,A,T,
8.939742,P1Y,0,,A,PU,_Z,2,,,False,WB_WDI,WB_WDI_EN_GHG_CO2_PC_CE_AR5,SYC,_T,_T,_T,_Z,_Z,_Z,2011,A,T,
0.135958,P1Y,0,,A,PU,_Z,2,,,False,WB_WDI,WB_WDI_EN_GHG_CO2_PC_CE_AR5,SLE,_T,_T,_T,_Z,_Z,_Z,2011,A,T,
9.903509,P1Y,0,,A,PU,_Z,2,,,False,WB_WDI,WB_WDI_EN_GHG_CO2_PC_CE_AR5,SGP,_T,_T,_T,_Z,_Z,_Z,2011,A,T,
7.019564,P1Y,0,,A,PU,_Z,2,,,False,WB_WDI,WB_WDI_EN_GHG_CO2_PC_CE_AR5,SVK,_T,_T,_T,_Z,_Z,_Z,2011,A,T,
1.653225,P1Y,0,,A,PU,_Z,2,,,False,WB_WDI,WB_WDI_EN_GHG_CO2_PC_CE_AR5,EAR,_T,_T,_T,_Z,_Z,_Z,2000,A,T,
3.294582,P1Y,0,,A,PU,_Z,2,,,False,WB_WDI,WB_WDI_EN_GHG_CO2_PC_CE_AR5,EAS,_T,_T,_T,_Z,_Z,_Z,2000,A,T,
2.46536,P1Y,0,,A,PU,_Z,2,,,False,WB_WDI,WB_WDI_EN_GHG_CO2_PC_CE_AR5,EAP,_T,_T,_T,_Z,_Z,_Z,2000,A,T,
2.45789,P1Y,0,,A,PU,_Z,2,,,False,WB_WDI,WB_WDI_EN_GHG_CO2_PC_CE_AR5,TEA,_T,_T,_T,_Z,_Z,_Z,2000,A,T,
8.522365,P1Y,0,,A,PU,_Z,2,,,False,WB_WDI,WB_WDI_EN_GHG_CO2_PC_CE_AR5,EMU,_T,_T,_T,_Z,_Z,_Z,2000,A,T,
8.076735,P1Y,0,,A,PU,_Z,2,,,False,WB_WDI,WB_WDI_EN_GHG_CO2_PC_CE_AR5,ECS,_T,_T,_T,_Z,_Z,_Z,2000,A,T,
4.919556,P1Y,0,,A,PU,_Z,2,,,False,WB_WDI,WB_WDI_EN_GHG_CO2_PC_CE_AR5,ECA,_T,_T,_T,_Z,_Z,_Z,2000,A,T,
7.433554,P1Y,0,,A,PU,_Z,2,,,False,WB_WDI,WB_WDI_EN_GHG_CO2_PC_CE_AR5,TEC,_T,_T,_T,_Z,_Z,_Z,2000,A,T,
8.290815,P1Y,0,,A,PU,_Z,2,,,False,WB_WDI,WB_WDI_EN_GHG_CO2_PC_CE_AR5,EUU,_T,_T,_T,_Z,_Z,_Z,2000,A,T,
0.176575,P1Y,0,,A,PU,_Z,2,,,False,WB_WDI,WB_WDI_EN_GHG_CO2_PC_CE_AR5,HPC,_T,_T,_T,_Z,_Z,_Z,2000,A,T,
12.340204,P1Y,0,,A,PU,_Z,2,,,False,WB_WDI,WB_WDI_EN_GHG_CO2_PC_CE_AR5,HIC,_T,_T,_T,_Z,_Z,_Z,2000,A,T,
2.740911,P1Y,0,,A,PU,_Z,2,,,False,WB_WDI,WB_WDI_EN_GHG_CO2_PC_CE_AR5,IBD,_T,_T,_T,_Z,_Z,_Z,2000,A,T,
2.249716,P1Y,0,,A,PU,_Z,2,,,False,WB_WDI,WB_WDI_EN_GHG_CO2_PC_CE_AR5,IBT,_T,_T,_T,_Z,_Z,_Z,2000,A,T,
0.995436,P1Y,0,,A,PU,_Z,2,,,False,WB_WDI,WB_WDI_EN_GHG_CO2_PC_CE_AR5,IDB,_T,_T,_T,_Z,_Z,_Z,2000,A,T,
3.063879,P1Y,0,,A,PU,_Z,2,,,False,WB_WDI,WB_WDI_EN_GHG_CO2_PC_CE_AR5,MUS,_T,_T,_T,_Z,_Z,_Z,2013,A,T,
4.174431,P1Y,0,,A,PU,_Z,2,,,False,WB_WDI,WB_WDI_EN_GHG_CO2_PC_CE_AR5,MEX,_T,_T,_T,_Z,_Z,_Z,2013,A,T,
0.00185,P1Y,0,,A,PU,_Z,2,,,False,WB_WDI,WB_WDI_EN_GHG_CO2_PC_CE_AR5,FSM,_T,_T,_T,_Z,_Z,_Z,2013,A,T,
2.62072,P1Y,0,,A,PU,_Z,2,,,False,WB_WDI,WB_WDI_EN_GHG_CO2_PC_CE_AR5,MDA,_T,_T,_T,_Z,_Z,_Z,2013,A,T,
6.615739,P1Y,0,,A,PU,_Z,2,,,False,WB_WDI,WB_WDI_EN_GHG_CO2_PC_CE_AR5,MNG,_T,_T,_T,_Z,_Z,_Z,2013,A,T,
1.731181,P1Y,0,,A,PU,_Z,2,,,False,WB_WDI,WB_WDI_EN_GHG_CO2_PC_CE_AR5,MAR,_T,_T,_T,_Z,_Z,_Z,2013,A,T,
0.204274,P1Y,0,,A,PU,_Z,2,,,False,WB_WDI,WB_WDI_EN_GHG_CO2_PC_CE_AR5,MOZ,_T,_T,_T,_Z,_Z,_Z,2013,A,T,
0.282926,P1Y,0,,A,PU,_Z,2,,,False,WB_WDI,WB_WDI_EN_GHG_CO2_PC_CE_AR5,MMR,_T,_T,_T,_Z,_Z,_Z,2013,A,T,
1.378108,P1Y,0,,A,PU,_Z,2,,,False,WB_WDI,WB_WDI_EN_GHG_CO2_PC_CE_AR5,NAM,_T,_T,_T,_Z,_Z,_Z,2013,A,T,
7.618403,P1Y,0,,A,PU,_Z,2,,,False,WB_WDI,WB_WDI_EN_GHG_CO2_PC_CE_AR5,IRN,_T,_T,_T,_Z,_Z,_Z,2013,A,T,
4.093029,P1Y,0,,A,PU,_Z,2,,,False,WB_WDI,WB_WDI_EN_GHG_CO2_PC_CE_AR5,IRQ,_T,_T,_T,_Z,_Z,_Z,2013,A,T,
7.857968,P1Y,0,,A,PU,_Z,2,,,False,WB_WDI,WB_WDI_EN_GHG_CO2_PC_CE_AR5,IRL,_T,_T,_T,_Z,_Z,_Z,2013,A,T,
8.472982,P1Y,0,,A,PU,_Z,2,,,False,WB_WDI,WB_WDI_EN_GHG_CO2_PC_CE_AR5,ISR,_T,_T,_T,_Z,_Z,_Z,2013,A,T,
5.997424,P1Y,0,,A,PU,_Z,2,,,False,WB_WDI,WB_WDI_EN_GHG_CO2_PC_CE_AR5,ITA,_T,_T,_T,_Z,_Z,_Z,2013,A,T,
2.688413,P1Y,0,,A,PU,_Z,2,,,False,WB_WDI,WB_WDI_EN_GHG_CO2_PC_CE_AR5,JAM,_T,_T,_T,_Z,_Z,_Z,2013,A,T,
10.384793,P1Y,0,,A,PU,_Z,2,,,False,WB_WDI,WB_WDI_EN_GHG_CO2_PC_CE_AR5,JPN,_T,_T,_T,_Z,_Z,_Z,2013,A,T,
3.0154,P1Y,0,,A,PU,_Z,2,,,False,WB_WDI,WB_WDI_EN_GHG_CO2_PC_CE_AR5,JOR,_T,_T,_T,_Z,_Z,_Z,2013,A,T,
15.727205,P1Y,0,,A,PU,_Z,2,,,False,WB_WDI,WB_WDI_EN_GHG_CO2_PC_CE_AR5,KAZ,_T,_T,_T,_Z,_Z,_Z,2013,A,T,
0.30884,P1Y,0,,A,PU,_Z,2,,,False,WB_WDI,WB_WDI_EN_GHG_CO2_PC_CE_AR5,KEN,_T,_T,_T,_Z,_Z,_Z,2013,A,T,
1.160497,P1Y,0,,A,PU,_Z,2,,,False,WB_WDI,WB_WDI_EN_GHG_CO2_PC_CE_AR5,AFE,_T,_T,_T,_Z,_Z,_Z,2007,A,T,
0.43697,P1Y,0,,A,PU,_Z,2,,,False,WB_WDI,WB_WDI_EN_GHG_CO2_PC_CE_AR5,AFW,_T,_T,_T,_Z,_Z,_Z,2007,A,T,
4.138974,P1Y,0,,A,PU,_Z,2,,,False,WB_WDI,WB_WDI_EN_GHG_CO2_PC_CE_AR5,ARB,_T,_T,_T,_Z,_Z,_Z,2007,A,T,
11.045207,P1Y,0,,A,PU,_Z,2,,,False,WB_WDI,WB_WDI_EN_GHG_CO2_PC_CE_AR5,CSS,_T,_T,_T,_Z,_Z,_Z,2007,A,T,
7.760605,P1Y,0,,A,PU,_Z,2,,,False,WB_WDI,WB_WDI_EN_GHG_CO2_PC_CE_AR5,CEB,_T,_T,_T,_Z,_Z,_Z,2007,A,T,
1.970424,P1Y,0,,A,PU,_Z,2,,,False,WB_WDI,WB_WDI_EN_GHG_CO2_PC_CE_AR5,EAR,_T,_T,_T,_Z,_Z,_Z,2007,A,T,
5.14666,P1Y,0,,A,PU,_Z,2,,,False,WB_WDI,WB_WDI_EN_GHG_CO2_PC_CE_AR5,EAS,_T,_T,_T,_Z,_Z,_Z,2007,A,T,
4.490823,P1Y,0,,A,PU,_Z,2,,,False,WB_WDI,WB_WDI_EN_GHG_CO2_PC_CE_AR5,EAP,_T,_T,_T,_Z,_Z,_Z,2007,A,T,
4.513898,P1Y,0,,A,PU,_Z,2,,,False,WB_WDI,WB_WDI_EN_GHG_CO2_PC_CE_AR5,TEA,_T,_T,_T,_Z,_Z,_Z,2007,A,T,
8.494587,P1Y,0,,A,PU,_Z,2,,,False,WB_WDI,WB_WDI_EN_GHG_CO2_PC_CE_AR5,EMU,_T,_T,_T,_Z,_Z,_Z,2007,A,T,
8.409859,P1Y,0,,A,PU,_Z,2,,,False,WB_WDI,WB_WDI_EN_GHG_CO2_PC_CE_AR5,ECS,_T,_T,_T,_Z,_Z,_Z,2007,A,T,
5.737156,P1Y,0,,A,PU,_Z,2,,,False,WB_WDI,WB_WDI_EN_GHG_CO2_PC_CE_AR5,ECA,_T,_T,_T,_Z,_Z,_Z,2007,A,T,
8.238476,P1Y,0,,A,PU,_Z,2,,,False,WB_WDI,WB_WDI_EN_GHG_CO2_PC_CE_AR5,TEC,_T,_T,_T,_Z,_Z,_Z,2007,A,T,
8.351849,P1Y,0,,A,PU,_Z,2,,,False,WB_WDI,WB_WDI_EN_GHG_CO2_PC_CE_AR5,EUU,_T,_T,_T,_Z,_Z,_Z,2007,A,T,
7.225734,P1Y,0,,A,PU,_Z,2,,,False,WB_WDI,WB_WDI_EN_GHG_CO2_PC_CE_AR5,ECS,_T,_T,_T,_Z,_Z,_Z,2015,A,T,
4.941847,P1Y,0,,A,PU,_Z,2,,,False,WB_WDI,WB_WDI_EN_GHG_CO2_PC_CE_AR5,ECA,_T,_T,_T,_Z,_Z,_Z,2015,A,T,
7.543695,P1Y,0,,A,PU,_Z,2,,,False,WB_WDI,WB_WDI_EN_GHG_CO2_PC_CE_AR5,TEC,_T,_T,_T,_Z,_Z,_Z,2015,A,T,
6.944795,P1Y,0,,A,PU,_Z,2,,,False,WB_WDI,WB_WDI_EN_GHG_CO2_PC_CE_AR5,EUU,_T,_T,_T,_Z,_Z,_Z,2015,A,T,
0.286094,P1Y,0,,A,PU,_Z,2,,,False,WB_WDI,WB_WDI_EN_GHG_CO2_PC_CE_AR5,HPC,_T,_T,_T,_Z,_Z,_Z,2015,A,T,
11.072205,P1Y,0,,A,PU,_Z,2,,,False,WB_WDI,WB_WDI_EN_GHG_CO2_PC_CE_AR5,HIC,_T,_T,_T,_Z,_Z,_Z,2015,A,T,
4.566885,P1Y,0,,A,PU,_Z,2,,,False,WB_WDI,WB_WDI_EN_GHG_CO2_PC_CE_AR5,IBD,_T,_T,_T,_Z,_Z,_Z,2015,A,T,
3.542245,P1Y,0,,A,PU,_Z,2,,,False,WB_WDI,WB_WDI_EN_GHG_CO2_PC_CE_AR5,IBT,_T,_T,_T,_Z,_Z,_Z,2015,A,T,
0.83507,P1Y,0,,A,PU,_Z,2,,,False,WB_WDI,WB_WDI_EN_GHG_CO2_PC_CE_AR5,IDB,_T,_T,_T,_Z,_Z,_Z,2015,A,T,
0.36823,P1Y,0,,A,PU,_Z,2,,,False,WB_WDI,WB_WDI_EN_GHG_CO2_PC_CE_AR5,IDX,_T,_T,_T,_Z,_Z,_Z,2015,A,T,
0.534702,P1Y,0,,A,PU,_Z,2,,,False,WB_WDI,WB_WDI_EN_GHG_CO2_PC_CE_AR5,IDA,_T,_T,_T,_Z,_Z,_Z,2015,A,T,
6.890292,P1Y,0,,A,PU,_Z,2,,,False,WB_WDI,WB_WDI_EN_GHG_CO2_PC_CE_AR5,LTE,_T,_T,_T,_Z,_Z,_Z,2015,A,T,
7.097422,P1Y,0,,A,PU,_Z,2,,,False,WB_WDI,WB_WDI_EN_GHG_CO2_PC_CE_AR5,CEB,_T,_T,_T,_Z,_Z,_Z,2002,A,T,
1.673726,P1Y,0,,A,PU,_Z,2,,,False,WB_WDI,WB_WDI_EN_GHG_CO2_PC_CE_AR5,EAR,_T,_T,_T,_Z,_Z,_Z,2002,A,T,
3.541313,P1Y,0,,A,PU,_Z,2,,,False,WB_WDI,WB_WDI_EN_GHG_CO2_PC_CE_AR5,EAS,_T,_T,_T,_Z,_Z,_Z,2002,A,T,
2.724371,P1Y,0,,A,PU,_Z,2,,,False,WB_WDI,WB_WDI_EN_GHG_CO2_PC_CE_AR5,EAP,_T,_T,_T,_Z,_Z,_Z,2002,A,T,
2.720627,P1Y,0,,A,PU,_Z,2,,,False,WB_WDI,WB_WDI_EN_GHG_CO2_PC_CE_AR5,TEA,_T,_T,_T,_Z,_Z,_Z,2002,A,T,
8.606775,P1Y,0,,A,PU,_Z,2,,,False,WB_WDI,WB_WDI_EN_GHG_CO2_PC_CE_AR5,EMU,_T,_T,_T,_Z,_Z,_Z,2002,A,T,
8.097387,P1Y,0,,A,PU,_Z,2,,,False,WB_WDI,WB_WDI_EN_GHG_CO2_PC_CE_AR5,ECS,_T,_T,_T,_Z,_Z,_Z,2002,A,T,
4.920474,P1Y,0,,A,PU,_Z,2,,,False,WB_WDI,WB_WDI_EN_GHG_CO2_PC_CE_AR5,ECA,_T,_T,_T,_Z,_Z,_Z,2002,A,T,
7.445603,P1Y,0,,A,PU,_Z,2,,,False,WB_WDI,WB_WDI_EN_GHG_CO2_PC_CE_AR5,TEC,_T,_T,_T,_Z,_Z,_Z,2002,A,T,
8.35754,P1Y,0,,A,PU,_Z,2,,,False,WB_WDI,WB_WDI_EN_GHG_CO2_PC_CE_AR5,EUU,_T,_T,_T,_Z,_Z,_Z,2002,A,T,
0.18446,P1Y,0,,A,PU,_Z,2,,,False,WB_WDI,WB_WDI_EN_GHG_CO2_PC_CE_AR5,HPC,_T,_T,_T,_Z,_Z,_Z,2002,A,T,
12.186714,P1Y,0,,A,PU,_Z,2,,,False,WB_WDI,WB_WDI_EN_GHG_CO2_PC_CE_AR5,HIC,_T,_T,_T,_Z,_Z,_Z,2002,A,T,
2.8514,P1Y,0,,A,PU,_Z,2,,,False,WB_WDI,WB_WDI_EN_GHG_CO2_PC_CE_AR5,IBD,_T,_T,_T,_Z,_Z,_Z,2002,A,T,
2.323608,P1Y,0,,A,PU,_Z,2,,,False,WB_WDI,WB_WDI_EN_GHG_CO2_PC_CE_AR5,IBT,_T,_T,_T,_Z,_Z,_Z,2002,A,T,
0.945245,P1Y,0,,A,PU,_Z,2,,,False,WB_WDI,WB_WDI_EN_GHG_CO2_PC_CE_AR5,IDB,_T,_T,_T,_Z,_Z,_Z,2002,A,T,
0.223568,P1Y,0,,A,PU,_Z,2,,,False,WB_WDI,WB_WDI_EN_GHG_CO2_PC_CE_AR5,TZA,_T,_T,_T,_Z,_Z,_Z,2014,A,T,
3.881186,P1Y,0,,A,PU,_Z,2,,,False,WB_WDI,WB_WDI_EN_GHG_CO2_PC_CE_AR5,THA,_T,_T,_T,_Z,_Z,_Z,2014,A,T,
0.629578,P1Y,0,,A,PU,_Z,2,,,False,WB_WDI,WB_WDI_EN_GHG_CO2_PC_CE_AR5,TLS,_T,_T,_T,_Z,_Z,_Z,2014,A,T,
0.250042,P1Y,0,,A,PU,_Z,2,,,False,WB_WDI,WB_WDI_EN_GHG_CO2_PC_CE_AR5,TGO,_T,_T,_T,_Z,_Z,_Z,2014,A,T,
1.236293,P1Y,0,,A,PU,_Z,2,,,False,WB_WDI,WB_WDI_EN_GHG_CO2_PC_CE_AR5,TON,_T,_T,_T,_Z,_Z,_Z,2014,A,T,
27.651536,P1Y,0,,A,PU,_Z,2,,,False,WB_WDI,WB_WDI_EN_GHG_CO2_PC_CE_AR5,TTO,_T,_T,_T,_Z,_Z,_Z,2014,A,T,
2.679069,P1Y,0,,A,PU,_Z,2,,,False,WB_WDI,WB_WDI_EN_GHG_CO2_PC_CE_AR5,TUN,_T,_T,_T,_Z,_Z,_Z,2014,A,T,
4.60446,P1Y,0,,A,PU,_Z,2,,,False,WB_WDI,WB_WDI_EN_GHG_CO2_PC_CE_AR5,TUR,_T,_T,_T,_Z,_Z,_Z,2014,A,T,
10.405573,P1Y,0,,A,PU,_Z,2,,,False,WB_WDI,WB_WDI_EN_GHG_CO2_PC_CE_AR5,TKM,_T,_T,_T,_Z,_Z,_Z,2014,A,T,
2.168331,P1Y,0,,A,PU,_Z,2,,,False,WB_WDI,WB_WDI_EN_GHG_CO2_PC_CE_AR5,TCA,_T,_T,_T,_Z,_Z,_Z,2014,A,T,
0,P1Y,0,,A,PU,_Z,2,,,False,WB_WDI,WB_WDI_EN_GHG_CO2_PC_CE_AR5,TUV,_T,_T,_T,_Z,_Z,_Z,2014,A,T,
0.133324,P1Y,0,,A,PU,_Z,2,,,False,WB_WDI,WB_WDI_EN_GHG_CO2_PC_CE_AR5,UGA,_T,_T,_T,_Z,_Z,_Z,2014,A,T,
8.95642,P1Y,0,,A,PU,_Z,2,,,False,WB_WDI,WB_WDI_EN_GHG_CO2_PC_CE_AR5,GRL,_T,_T,_T,_Z,_Z,_Z,2017,A,T,
1.10882,P1Y,0,,A,PU,_Z,2,,,False,WB_WDI,WB_WDI_EN_GHG_CO2_PC_CE_AR5,GRD,_T,_T,_T,_Z,_Z,_Z,2017,A,T,
0.001835,P1Y,0,,A,PU,_Z,2,,,False,WB_WDI,WB_WDI_EN_GHG_CO2_PC_CE_AR5,GUM,_T,_T,_T,_Z,_Z,_Z,2017,A,T,
1.029573,P1Y,0,,A,PU,_Z,2,,,False,WB_WDI,WB_WDI_EN_GHG_CO2_PC_CE_AR5,GTM,_T,_T,_T,_Z,_Z,_Z,2017,A,T,
0.264023,P1Y,0,,A,PU,_Z,2,,,False,WB_WDI,WB_WDI_EN_GHG_CO2_PC_CE_AR5,GIN,_T,_T,_T,_Z,_Z,_Z,2017,A,T,
0.163339,P1Y,0,,A,PU,_Z,2,,,False,WB_WDI,WB_WDI_EN_GHG_CO2_PC_CE_AR5,GNB,_T,_T,_T,_Z,_Z,_Z,2017,A,T,
3.21258,P1Y,0,,A,PU,_Z,2,,,False,WB_WDI,WB_WDI_EN_GHG_CO2_PC_CE_AR5,GUY,_T,_T,_T,_Z,_Z,_Z,2017,A,T,
0.331557,P1Y,0,,A,PU,_Z,2,,,False,WB_WDI,WB_WDI_EN_GHG_CO2_PC_CE_AR5,HTI,_T,_T,_T,_Z,_Z,_Z,2017,A,T,
0.974871,P1Y,0,,A,PU,_Z,2,,,False,WB_WDI,WB_WDI_EN_GHG_CO2_PC_CE_AR5,HND,_T,_T,_T,_Z,_Z,_Z,2017,A,T,
5.969648,P1Y,0,,A,PU,_Z,2,,,False,WB_WDI,WB_WDI_EN_GHG_CO2_PC_CE_AR5,HKG,_T,_T,_T,_Z,_Z,_Z,2017,A,T,
5.257107,P1Y,0,,A,PU,_Z,2,,,False,WB_WDI,WB_WDI_EN_GHG_CO2_PC_CE_AR5,HUN,_T,_T,_T,_Z,_Z,_Z,2017,A,T,
9.696855,P1Y,0,,A,PU,_Z,2,,,False,WB_WDI,WB_WDI_EN_GHG_CO2_PC_CE_AR5,ISL,_T,_T,_T,_Z,_Z,_Z,2017,A,T,
27.84738,P1Y,0,,A,PU,_Z,2,,,False,WB_WDI,WB_WDI_EN_GHG_CO2_PC_CE_AR5,TTO,_T,_T,_T,_Z,_Z,_Z,2013,A,T,
2.532814,P1Y,0,,A,PU,_Z,2,,,False,WB_WDI,WB_WDI_EN_GHG_CO2_PC_CE_AR5,TUN,_T,_T,_T,_Z,_Z,_Z,2013,A,T,
4.384562,P1Y,0,,A,PU,_Z,2,,,False,WB_WDI,WB_WDI_EN_GHG_CO2_PC_CE_AR5,TUR,_T,_T,_T,_Z,_Z,_Z,2013,A,T,
10.990209,P1Y,0,,A,PU,_Z,2,,,False,WB_WDI,WB_WDI_EN_GHG_CO2_PC_CE_AR5,TKM,_T,_T,_T,_Z,_Z,_Z,2013,A,T,
1.993879,P1Y,0,,A,PU,_Z,2,,,False,WB_WDI,WB_WDI_EN_GHG_CO2_PC_CE_AR5,TCA,_T,_T,_T,_Z,_Z,_Z,2013,A,T,
0,P1Y,0,,A,PU,_Z,2,,,False,WB_WDI,WB_WDI_EN_GHG_CO2_PC_CE_AR5,TUV,_T,_T,_T,_Z,_Z,_Z,2013,A,T,
0.124838,P1Y,0,,A,PU,_Z,2,,,False,WB_WDI,WB_WDI_EN_GHG_CO2_PC_CE_AR5,UGA,_T,_T,_T,_Z,_Z,_Z,2013,A,T,
6.834964,P1Y,0,,A,PU,_Z,2,,,False,WB_WDI,WB_WDI_EN_GHG_CO2_PC_CE_AR5,UKR,_T,_T,_T,_Z,_Z,_Z,2013,A,T,
25.354558,P1Y,0,,A,PU,_Z,2,,,False,WB_WDI,WB_WDI_EN_GHG_CO2_PC_CE_AR5,ARE,_T,_T,_T,_Z,_Z,_Z,2013,A,T,
7.331375,P1Y,0,,A,PU,_Z,2,,,False,WB_WDI,WB_WDI_EN_GHG_CO2_PC_CE_AR5,GBR,_T,_T,_T,_Z,_Z,_Z,2013,A,T,
16.495975,P1Y,0,,A,PU,_Z,2,,,False,WB_WDI,WB_WDI_EN_GHG_CO2_PC_CE_AR5,USA,_T,_T,_T,_Z,_Z,_Z,2013,A,T,
2.289426,P1Y,0,,A,PU,_Z,2,,,False,WB_WDI,WB_WDI_EN_GHG_CO2_PC_CE_AR5,URY,_T,_T,_T,_Z,_Z,_Z,2013,A,T,
4.084805,P1Y,0,,A,PU,_Z,2,,,False,WB_WDI,WB_WDI_EN_GHG_CO2_PC_CE_AR5,UZB,_T,_T,_T,_Z,_Z,_Z,2013,A,T,
0.249091,P1Y,0,,A,PU,_Z,2,,,False,WB_WDI,WB_WDI_EN_GHG_CO2_PC_CE_AR5,AFG,_T,_T,_T,_Z,_Z,_Z,2015,A,T,
1.785089,P1Y,0,,A,PU,_Z,2,,,False,WB_WDI,WB_WDI_EN_GHG_CO2_PC_CE_AR5,ALB,_T,_T,_T,_Z,_Z,_Z,2015,A,T,
4.112455,P1Y,0,,A,PU,_Z,2,,,False,WB_WDI,WB_WDI_EN_GHG_CO2_PC_CE_AR5,DZA,_T,_T,_T,_Z,_Z,_Z,2015,A,T,
0.001891,P1Y,0,,A,PU,_Z,2,,,False,WB_WDI,WB_WDI_EN_GHG_CO2_PC_CE_AR5,ASM,_T,_T,_T,_Z,_Z,_Z,2015,A,T,
1.175039,P1Y,0,,A,PU,_Z,2,,,False,WB_WDI,WB_WDI_EN_GHG_CO2_PC_CE_AR5,AGO,_T,_T,_T,_Z,_Z,_Z,2015,A,T,
3.254706,P1Y,0,,A,PU,_Z,2,,,False,WB_WDI,WB_WDI_EN_GHG_CO2_PC_CE_AR5,ATG,_T,_T,_T,_Z,_Z,_Z,2015,A,T,
4.512587,P1Y,0,,A,PU,_Z,2,,,False,WB_WDI,WB_WDI_EN_GHG_CO2_PC_CE_AR5,ARG,_T,_T,_T,_Z,_Z,_Z,2015,A,T,
1.869533,P1Y,0,,A,PU,_Z,2,,,False,WB_WDI,WB_WDI_EN_GHG_CO2_PC_CE_AR5,ARM,_T,_T,_T,_Z,_Z,_Z,2015,A,T,
4.286138,P1Y,0,,A,PU,_Z,2,,,False,WB_WDI,WB_WDI_EN_GHG_CO2_PC_CE_AR5,ABW,_T,_T,_T,_Z,_Z,_Z,2015,A,T,
16.821955,P1Y,0,,A,PU,_Z,2,,,False,WB_WDI,WB_WDI_EN_GHG_CO2_PC_CE_AR5,AUS,_T,_T,_T,_Z,_Z,_Z,2015,A,T,
7.794232,P1Y,0,,A,PU,_Z,2,,,False,WB_WDI,WB_WDI_EN_GHG_CO2_PC_CE_AR5,AUT,_T,_T,_T,_Z,_Z,_Z,2015,A,T,
2.124292,P1Y,0,,A,PU,_Z,2,,,False,WB_WDI,WB_WDI_EN_GHG_CO2_PC_CE_AR5,DOM,_T,_T,_T,_Z,_Z,_Z,2011,A,T,
2.500211,P1Y,0,,A,PU,_Z,2,,,False,WB_WDI,WB_WDI_EN_GHG_CO2_PC_CE_AR5,ECU,_T,_T,_T,_Z,_Z,_Z,2011,A,T,
2.407871,P1Y,0,,A,PU,_Z,2,,,False,WB_WDI,WB_WDI_EN_GHG_CO2_PC_CE_AR5,EGY,_T,_T,_T,_Z,_Z,_Z,2011,A,T,
1.153227,P1Y,0,,A,PU,_Z,2,,,False,WB_WDI,WB_WDI_EN_GHG_CO2_PC_CE_AR5,SLV,_T,_T,_T,_Z,_Z,_Z,2011,A,T,
4.800074,P1Y,0,,A,PU,_Z,2,,,False,WB_WDI,WB_WDI_EN_GHG_CO2_PC_CE_AR5,GNQ,_T,_T,_T,_Z,_Z,_Z,2011,A,T,
0.205637,P1Y,0,,A,PU,_Z,2,,,False,WB_WDI,WB_WDI_EN_GHG_CO2_PC_CE_AR5,ERI,_T,_T,_T,_Z,_Z,_Z,2011,A,T,
16.826084,P1Y,0,,A,PU,_Z,2,,,False,WB_WDI,WB_WDI_EN_GHG_CO2_PC_CE_AR5,EST,_T,_T,_T,_Z,_Z,_Z,2011,A,T,
0.733025,P1Y,0,,A,PU,_Z,2,,,False,WB_WDI,WB_WDI_EN_GHG_CO2_PC_CE_AR5,SWZ,_T,_T,_T,_Z,_Z,_Z,2011,A,T,
0.085437,P1Y,0,,A,PU,_Z,2,,,False,WB_WDI,WB_WDI_EN_GHG_CO2_PC_CE_AR5,ETH,_T,_T,_T,_Z,_Z,_Z,2011,A,T,
0.041201,P1Y,0,,A,PU,_Z,2,,,False,WB_WDI,WB_WDI_EN_GHG_CO2_PC_CE_AR5,FRO,_T,_T,_T,_Z,_Z,_Z,2011,A,T,
1.364091,P1Y,0,,A,PU,_Z,2,,,False,WB_WDI,WB_WDI_EN_GHG_CO2_PC_CE_AR5,FJI,_T,_T,_T,_Z,_Z,_Z,2011,A,T,
0.377754,P1Y,0,,A,PU,_Z,2,,,False,WB_WDI,WB_WDI_EN_GHG_CO2_PC_CE_AR5,LDC,_T,_T,_T,_Z,_Z,_Z,2018,A,T,
3.403896,P1Y,0,,A,PU,_Z,2,,,False,WB_WDI,WB_WDI_EN_GHG_CO2_PC_CE_AR5,LMY,_T,_T,_T,_Z,_Z,_Z,2018,A,T,
0.345414,P1Y,0,,A,PU,_Z,2,,,False,WB_WDI,WB_WDI_EN_GHG_CO2_PC_CE_AR5,LIC,_T,_T,_T,_Z,_Z,_Z,2018,A,T,
1.464124,P1Y,0,,A,PU,_Z,2,,,False,WB_WDI,WB_WDI_EN_GHG_CO2_PC_CE_AR5,LMC,_T,_T,_T,_Z,_Z,_Z,2018,A,T,
4.001417,P1Y,0,,A,PU,_Z,2,,,False,WB_WDI,WB_WDI_EN_GHG_CO2_PC_CE_AR5,MEA,_T,_T,_T,_Z,_Z,_Z,2018,A,T,
2.620408,P1Y,0,,A,PU,_Z,2,,,False,WB_WDI,WB_WDI_EN_GHG_CO2_PC_CE_AR5,MNA,_T,_T,_T,_Z,_Z,_Z,2018,A,T,
2.620408,P1Y,0,,A,PU,_Z,2,,,False,WB_WDI,WB_WDI_EN_GHG_CO2_PC_CE_AR5,TMN,_T,_T,_T,_Z,_Z,_Z,2018,A,T,
3.740775,P1Y,0,,A,PU,_Z,2,,,False,WB_WDI,WB_WDI_EN_GHG_CO2_PC_CE_AR5,MIC,_T,_T,_T,_Z,_Z,_Z,2018,A,T,
15.673479,P1Y,0,,A,PU,_Z,2,,,False,WB_WDI,WB_WDI_EN_GHG_CO2_PC_CE_AR5,NAC,_T,_T,_T,_Z,_Z,_Z,2018,A,T,
9.238483,P1Y,0,,A,PU,_Z,2,,,False,WB_WDI,WB_WDI_EN_GHG_CO2_PC_CE_AR5,OED,_T,_T,_T,_Z,_Z,_Z,2018,A,T,
4.853382,P1Y,0,,A,PU,_Z,2,,,False,WB_WDI,WB_WDI_EN_GHG_CO2_PC_CE_AR5,OSS,_T,_T,_T,_Z,_Z,_Z,2018,A,T,
1.576588,P1Y,0,,A,PU,_Z,2,,,False,WB_WDI,WB_WDI_EN_GHG_CO2_PC_CE_AR5,PSS,_T,_T,_T,_Z,_Z,_Z,2018,A,T,
10.290945,P1Y,0,,A,PU,_Z,2,,,False,WB_WDI,WB_WDI_EN_GHG_CO2_PC_CE_AR5,PST,_T,_T,_T,_Z,_Z,_Z,2018,A,T,
7.475031,P1Y,0,,A,PU,_Z,2,,,False,WB_WDI,WB_WDI_EN_GHG_CO2_PC_CE_AR5,IRN,_T,_T,_T,_Z,_Z,_Z,2011,A,T,
3.603898,P1Y,0,,A,PU,_Z,2,,,False,WB_WDI,WB_WDI_EN_GHG_CO2_PC_CE_AR5,IRQ,_T,_T,_T,_Z,_Z,_Z,2011,A,T,
8.109895,P1Y,0,,A,PU,_Z,2,,,False,WB_WDI,WB_WDI_EN_GHG_CO2_PC_CE_AR5,IRL,_T,_T,_T,_Z,_Z,_Z,2011,A,T,
9.160576,P1Y,0,,A,PU,_Z,2,,,False,WB_WDI,WB_WDI_EN_GHG_CO2_PC_CE_AR5,ISR,_T,_T,_T,_Z,_Z,_Z,2011,A,T,
6.905313,P1Y,0,,A,PU,_Z,2,,,False,WB_WDI,WB_WDI_EN_GHG_CO2_PC_CE_AR5,ITA,_T,_T,_T,_Z,_Z,_Z,2011,A,T,
2.754326,P1Y,0,,A,PU,_Z,2,,,False,WB_WDI,WB_WDI_EN_GHG_CO2_PC_CE_AR5,JAM,_T,_T,_T,_Z,_Z,_Z,2011,A,T,
9.933974,P1Y,0,,A,PU,_Z,2,,,False,WB_WDI,WB_WDI_EN_GHG_CO2_PC_CE_AR5,JPN,_T,_T,_T,_Z,_Z,_Z,2011,A,T,
2.809186,P1Y,0,,A,PU,_Z,2,,,False,WB_WDI,WB_WDI_EN_GHG_CO2_PC_CE_AR5,JOR,_T,_T,_T,_Z,_Z,_Z,2011,A,T,
15.389052,P1Y,0,,A,PU,_Z,2,,,False,WB_WDI,WB_WDI_EN_GHG_CO2_PC_CE_AR5,KAZ,_T,_T,_T,_Z,_Z,_Z,2011,A,T,
0.324518,P1Y,0,,A,PU,_Z,2,,,False,WB_WDI,WB_WDI_EN_GHG_CO2_PC_CE_AR5,KEN,_T,_T,_T,_Z,_Z,_Z,2011,A,T,
0.515152,P1Y,0,,A,PU,_Z,2,,,False,WB_WDI,WB_WDI_EN_GHG_CO2_PC_CE_AR5,KIR,_T,_T,_T,_Z,_Z,_Z,2011,A,T,
0.44196,P1Y,0,,A,PU,_Z,2,,,False,WB_WDI,WB_WDI_EN_GHG_CO2_PC_CE_AR5,LIC,_T,_T,_T,_Z,_Z,_Z,2009,A,T,
1.151288,P1Y,0,,A,PU,_Z,2,,,False,WB_WDI,WB_WDI_EN_GHG_CO2_PC_CE_AR5,LMC,_T,_T,_T,_Z,_Z,_Z,2009,A,T,
3.835546,P1Y,0,,A,PU,_Z,2,,,False,WB_WDI,WB_WDI_EN_GHG_CO2_PC_CE_AR5,MEA,_T,_T,_T,_Z,_Z,_Z,2009,A,T,
2.548714,P1Y,0,,A,PU,_Z,2,,,False,WB_WDI,WB_WDI_EN_GHG_CO2_PC_CE_AR5,MNA,_T,_T,_T,_Z,_Z,_Z,2009,A,T,
2.548714,P1Y,0,,A,PU,_Z,2,,,False,WB_WDI,WB_WDI_EN_GHG_CO2_PC_CE_AR5,TMN,_T,_T,_T,_Z,_Z,_Z,2009,A,T,
3.087098,P1Y,0,,A,PU,_Z,2,,,False,WB_WDI,WB_WDI_EN_GHG_CO2_PC_CE_AR5,MIC,_T,_T,_T,_Z,_Z,_Z,2009,A,T,
17.082956,P1Y,0,,A,PU,_Z,2,,,False,WB_WDI,WB_WDI_EN_GHG_CO2_PC_CE_AR5,NAC,_T,_T,_T,_Z,_Z,_Z,2009,A,T,
9.858459,P1Y,0,,A,PU,_Z,2,,,False,WB_WDI,WB_WDI_EN_GHG_CO2_PC_CE_AR5,OED,_T,_T,_T,_Z,_Z,_Z,2009,A,T,
4.779069,P1Y,0,,A,PU,_Z,2,,,False,WB_WDI,WB_WDI_EN_GHG_CO2_PC_CE_AR5,OSS,_T,_T,_T,_Z,_Z,_Z,2009,A,T,
1.83292,P1Y,0,,A,PU,_Z,2,,,False,WB_WDI,WB_WDI_EN_GHG_CO2_PC_CE_AR5,PSS,_T,_T,_T,_Z,_Z,_Z,2009,A,T,
11.047492,P1Y,0,,A,PU,_Z,2,,,False,WB_WDI,WB_WDI_EN_GHG_CO2_PC_CE_AR5,PST,_T,_T,_T,_Z,_Z,_Z,2009,A,T,
0.431139,P1Y,0,,A,PU,_Z,2,,,False,WB_WDI,WB_WDI_EN_GHG_CO2_PC_CE_AR5,PRE,_T,_T,_T,_Z,_Z,_Z,2009,A,T,
5.793154,P1Y,0,,A,PU,_Z,2,,,False,WB_WDI,WB_WDI_EN_GHG_CO2_PC_CE_AR5,SST,_T,_T,_T,_Z,_Z,_Z,2009,A,T,
1.18912,P1Y,0,,A,PU,_Z,2,,,False,WB_WDI,WB_WDI_EN_GHG_CO2_PC_CE_AR5,SAS,_T,_T,_T,_Z,_Z,_Z,2009,A,T,
6.5033,P1Y,0,,A,PU,_Z,2,,,False,WB_WDI,WB_WDI_EN_GHG_CO2_PC_CE_AR5,BLR,_T,_T,_T,_Z,_Z,_Z,2006,A,T,
11.004718,P1Y,0,,A,PU,_Z,2,,,False,WB_WDI,WB_WDI_EN_GHG_CO2_PC_CE_AR5,BEL,_T,_T,_T,_Z,_Z,_Z,2006,A,T,
0.60616,P1Y,0,,A,PU,_Z,2,,,False,WB_WDI,WB_WDI_EN_GHG_CO2_PC_CE_AR5,BLZ,_T,_T,_T,_Z,_Z,_Z,2006,A,T,
0.44392,P1Y,0,,A,PU,_Z,2,,,False,WB_WDI,WB_WDI_EN_GHG_CO2_PC_CE_AR5,BEN,_T,_T,_T,_Z,_Z,_Z,2006,A,T,
3.685903,P1Y,0,,A,PU,_Z,2,,,False,WB_WDI,WB_WDI_EN_GHG_CO2_PC_CE_AR5,BMU,_T,_T,_T,_Z,_Z,_Z,2006,A,T,
0.847646,P1Y,0,,A,PU,_Z,2,,,False,WB_WDI,WB_WDI_EN_GHG_CO2_PC_CE_AR5,BTN,_T,_T,_T,_Z,_Z,_Z,2006,A,T,
1.13232,P1Y,0,,A,PU,_Z,2,,,False,WB_WDI,WB_WDI_EN_GHG_CO2_PC_CE_AR5,BOL,_T,_T,_T,_Z,_Z,_Z,2006,A,T,
4.599864,P1Y,0,,A,PU,_Z,2,,,False,WB_WDI,WB_WDI_EN_GHG_CO2_PC_CE_AR5,BIH,_T,_T,_T,_Z,_Z,_Z,2006,A,T,
2.213158,P1Y,0,,A,PU,_Z,2,,,False,WB_WDI,WB_WDI_EN_GHG_CO2_PC_CE_AR5,BWA,_T,_T,_T,_Z,_Z,_Z,2006,A,T,
2.002042,P1Y,0,,A,PU,_Z,2,,,False,WB_WDI,WB_WDI_EN_GHG_CO2_PC_CE_AR5,BRA,_T,_T,_T,_Z,_Z,_Z,2006,A,T,
1.829094,P1Y,0,,A,PU,_Z,2,,,False,WB_WDI,WB_WDI_EN_GHG_CO2_PC_CE_AR5,VGB,_T,_T,_T,_Z,_Z,_Z,2006,A,T,
23.625923,P1Y,0,,A,PU,_Z,2,,,False,WB_WDI,WB_WDI_EN_GHG_CO2_PC_CE_AR5,BRN,_T,_T,_T,_Z,_Z,_Z,2006,A,T,
7.108991,P1Y,0,,A,PU,_Z,2,,,False,WB_WDI,WB_WDI_EN_GHG_CO2_PC_CE_AR5,BGR,_T,_T,_T,_Z,_Z,_Z,2006,A,T,
0.464168,P1Y,0,,A,PU,_Z,2,,,False,WB_WDI,WB_WDI_EN_GHG_CO2_PC_CE_AR5,BEN,_T,_T,_T,_Z,_Z,_Z,2013,A,T,
3.114481,P1Y,0,,A,PU,_Z,2,,,False,WB_WDI,WB_WDI_EN_GHG_CO2_PC_CE_AR5,BMU,_T,_T,_T,_Z,_Z,_Z,2013,A,T,
1.526046,P1Y,0,,A,PU,_Z,2,,,False,WB_WDI,WB_WDI_EN_GHG_CO2_PC_CE_AR5,BTN,_T,_T,_T,_Z,_Z,_Z,2013,A,T,
1.694502,P1Y,0,,A,PU,_Z,2,,,False,WB_WDI,WB_WDI_EN_GHG_CO2_PC_CE_AR5,BOL,_T,_T,_T,_Z,_Z,_Z,2013,A,T,
6.42872,P1Y,0,,A,PU,_Z,2,,,False,WB_WDI,WB_WDI_EN_GHG_CO2_PC_CE_AR5,BIH,_T,_T,_T,_Z,_Z,_Z,2013,A,T,
2.579458,P1Y,0,,A,PU,_Z,2,,,False,WB_WDI,WB_WDI_EN_GHG_CO2_PC_CE_AR5,BWA,_T,_T,_T,_Z,_Z,_Z,2013,A,T,
2.637445,P1Y,0,,A,PU,_Z,2,,,False,WB_WDI,WB_WDI_EN_GHG_CO2_PC_CE_AR5,BRA,_T,_T,_T,_Z,_Z,_Z,2013,A,T,
2.062896,P1Y,0,,A,PU,_Z,2,,,False,WB_WDI,WB_WDI_EN_GHG_CO2_PC_CE_AR5,VGB,_T,_T,_T,_Z,_Z,_Z,2013,A,T,
18.942515,P1Y,0,,A,PU,_Z,2,,,False,WB_WDI,WB_WDI_EN_GHG_CO2_PC_CE_AR5,BRN,_T,_T,_T,_Z,_Z,_Z,2013,A,T,
6.208376,P1Y,0,,A,PU,_Z,2,,,False,WB_WDI,WB_WDI_EN_GHG_CO2_PC_CE_AR5,BGR,_T,_T,_T,_Z,_Z,_Z,2013,A,T,
0.171824,P1Y,0,,A,PU,_Z,2,,,False,WB_WDI,WB_WDI_EN_GHG_CO2_PC_CE_AR5,BFA,_T,_T,_T,_Z,_Z,_Z,2013,A,T,
0.377592,P1Y,0,,A,PU,_Z,2,,,False,WB_WDI,WB_WDI_EN_GHG_CO2_PC_CE_AR5,CMR,_T,_T,_T,_Z,_Z,_Z,2022,A,T,
14.783909,P1Y,0,,A,PU,_Z,2,,,False,WB_WDI,WB_WDI_EN_GHG_CO2_PC_CE_AR5,CAN,_T,_T,_T,_Z,_Z,_Z,2022,A,T,
5.003422,P1Y,0,,A,PU,_Z,2,,,False,WB_WDI,WB_WDI_EN_GHG_CO2_PC_CE_AR5,CYM,_T,_T,_T,_Z,_Z,_Z,2022,A,T,
0.06326,P1Y,0,,A,PU,_Z,2,,,False,WB_WDI,WB_WDI_EN_GHG_CO2_PC_CE_AR5,CAF,_T,_T,_T,_Z,_Z,_Z,2022,A,T,
0.15524,P1Y,0,,A,PU,_Z,2,,,False,WB_WDI,WB_WDI_EN_GHG_CO2_PC_CE_AR5,TCD,_T,_T,_T,_Z,_Z,_Z,2022,A,T,
4.62475,P1Y,0,,A,PU,_Z,2,,,False,WB_WDI,WB_WDI_EN_GHG_CO2_PC_CE_AR5,CHL,_T,_T,_T,_Z,_Z,_Z,2022,A,T,
8.864825,P1Y,0,,A,PU,_Z,2,,,False,WB_WDI,WB_WDI_EN_GHG_CO2_PC_CE_AR5,CHN,_T,_T,_T,_Z,_Z,_Z,2022,A,T,
1.70754,P1Y,0,,A,PU,_Z,2,,,False,WB_WDI,WB_WDI_EN_GHG_CO2_PC_CE_AR5,COL,_T,_T,_T,_Z,_Z,_Z,2022,A,T,
0.515232,P1Y,0,,A,PU,_Z,2,,,False,WB_WDI,WB_WDI_EN_GHG_CO2_PC_CE_AR5,COM,_T,_T,_T,_Z,_Z,_Z,2022,A,T,
0.061013,P1Y,0,,A,PU,_Z,2,,,False,WB_WDI,WB_WDI_EN_GHG_CO2_PC_CE_AR5,COD,_T,_T,_T,_Z,_Z,_Z,2022,A,T,
1.384931,P1Y,0,,A,PU,_Z,2,,,False,WB_WDI,WB_WDI_EN_GHG_CO2_PC_CE_AR5,COG,_T,_T,_T,_Z,_Z,_Z,2022,A,T,
1.61316,P1Y,0,,A,PU,_Z,2,,,False,WB_WDI,WB_WDI_EN_GHG_CO2_PC_CE_AR5,CRI,_T,_T,_T,_Z,_Z,_Z,2022,A,T,
2.12623,P1Y,0,,A,PU,_Z,2,,,False,WB_WDI,WB_WDI_EN_GHG_CO2_PC_CE_AR5,GUY,_T,_T,_T,_Z,_Z,_Z,2002,A,T,
0.226717,P1Y,0,,A,PU,_Z,2,,,False,WB_WDI,WB_WDI_EN_GHG_CO2_PC_CE_AR5,HTI,_T,_T,_T,_Z,_Z,_Z,2002,A,T,
0.896055,P1Y,0,,A,PU,_Z,2,,,False,WB_WDI,WB_WDI_EN_GHG_CO2_PC_CE_AR5,HND,_T,_T,_T,_Z,_Z,_Z,2002,A,T,
6.072167,P1Y,0,,A,PU,_Z,2,,,False,WB_WDI,WB_WDI_EN_GHG_CO2_PC_CE_AR5,HKG,_T,_T,_T,_Z,_Z,_Z,2002,A,T,
5.904589,P1Y,0,,A,PU,_Z,2,,,False,WB_WDI,WB_WDI_EN_GHG_CO2_PC_CE_AR5,HUN,_T,_T,_T,_Z,_Z,_Z,2002,A,T,
10.88226,P1Y,0,,A,PU,_Z,2,,,False,WB_WDI,WB_WDI_EN_GHG_CO2_PC_CE_AR5,ISL,_T,_T,_T,_Z,_Z,_Z,2002,A,T,
0.95762,P1Y,0,,A,PU,_Z,2,,,False,WB_WDI,WB_WDI_EN_GHG_CO2_PC_CE_AR5,IND,_T,_T,_T,_Z,_Z,_Z,2002,A,T,
1.463106,P1Y,0,,A,PU,_Z,2,,,False,WB_WDI,WB_WDI_EN_GHG_CO2_PC_CE_AR5,IDN,_T,_T,_T,_Z,_Z,_Z,2002,A,T,
5.650898,P1Y,0,,A,PU,_Z,2,,,False,WB_WDI,WB_WDI_EN_GHG_CO2_PC_CE_AR5,IRN,_T,_T,_T,_Z,_Z,_Z,2002,A,T,
3.654916,P1Y,0,,A,PU,_Z,2,,,False,WB_WDI,WB_WDI_EN_GHG_CO2_PC_CE_AR5,IRQ,_T,_T,_T,_Z,_Z,_Z,2002,A,T,
11.440414,P1Y,0,,A,PU,_Z,2,,,False,WB_WDI,WB_WDI_EN_GHG_CO2_PC_CE_AR5,IRL,_T,_T,_T,_Z,_Z,_Z,2002,A,T,
9.510868,P1Y,0,,A,PU,_Z,2,,,False,WB_WDI,WB_WDI_EN_GHG_CO2_PC_CE_AR5,ISR,_T,_T,_T,_Z,_Z,_Z,2002,A,T,
4.2218,P1Y,0,,A,PU,_Z,2,,,False,WB_WDI,WB_WDI_EN_GHG_CO2_PC_CE_AR5,MEX,_T,_T,_T,_Z,_Z,_Z,2011,A,T,
0.001857,P1Y,0,,A,PU,_Z,2,,,False,WB_WDI,WB_WDI_EN_GHG_CO2_PC_CE_AR5,FSM,_T,_T,_T,_Z,_Z,_Z,2011,A,T,
2.983467,P1Y,0,,A,PU,_Z,2,,,False,WB_WDI,WB_WDI_EN_GHG_CO2_PC_CE_AR5,MDA,_T,_T,_T,_Z,_Z,_Z,2011,A,T,
5.827047,P1Y,0,,A,PU,_Z,2,,,False,WB_WDI,WB_WDI_EN_GHG_CO2_PC_CE_AR5,MNG,_T,_T,_T,_Z,_Z,_Z,2011,A,T,
1.709938,P1Y,0,,A,PU,_Z,2,,,False,WB_WDI,WB_WDI_EN_GHG_CO2_PC_CE_AR5,MAR,_T,_T,_T,_Z,_Z,_Z,2011,A,T,
0.179665,P1Y,0,,A,PU,_Z,2,,,False,WB_WDI,WB_WDI_EN_GHG_CO2_PC_CE_AR5,MOZ,_T,_T,_T,_Z,_Z,_Z,2011,A,T,
0.185604,P1Y,0,,A,PU,_Z,2,,,False,WB_WDI,WB_WDI_EN_GHG_CO2_PC_CE_AR5,MMR,_T,_T,_T,_Z,_Z,_Z,2011,A,T,
1.326174,P1Y,0,,A,PU,_Z,2,,,False,WB_WDI,WB_WDI_EN_GHG_CO2_PC_CE_AR5,NAM,_T,_T,_T,_Z,_Z,_Z,2011,A,T,
0,P1Y,0,,A,PU,_Z,2,,,False,WB_WDI,WB_WDI_EN_GHG_CO2_PC_CE_AR5,NRU,_T,_T,_T,_Z,_Z,_Z,2011,A,T,
0.195187,P1Y,0,,A,PU,_Z,2,,,False,WB_WDI,WB_WDI_EN_GHG_CO2_PC_CE_AR5,NPL,_T,_T,_T,_Z,_Z,_Z,2011,A,T,
3.28825,P1Y,0,,A,PU,_Z,2,,,False,WB_WDI,WB_WDI_EN_GHG_CO2_PC_CE_AR5,GNQ,_T,_T,_T,_Z,_Z,_Z,2018,A,T,
0.205183,P1Y,0,,A,PU,_Z,2,,,False,WB_WDI,WB_WDI_EN_GHG_CO2_PC_CE_AR5,ERI,_T,_T,_T,_Z,_Z,_Z,2018,A,T,
17.888965,P1Y,0,,A,PU,_Z,2,,,False,WB_WDI,WB_WDI_EN_GHG_CO2_PC_CE_AR5,EST,_T,_T,_T,_Z,_Z,_Z,2018,A,T,
0.90861,P1Y,0,,A,PU,_Z,2,,,False,WB_WDI,WB_WDI_EN_GHG_CO2_PC_CE_AR5,SWZ,_T,_T,_T,_Z,_Z,_Z,2018,A,T,
0.155059,P1Y,0,,A,PU,_Z,2,,,False,WB_WDI,WB_WDI_EN_GHG_CO2_PC_CE_AR5,ETH,_T,_T,_T,_Z,_Z,_Z,2018,A,T,
0.041179,P1Y,0,,A,PU,_Z,2,,,False,WB_WDI,WB_WDI_EN_GHG_CO2_PC_CE_AR5,FRO,_T,_T,_T,_Z,_Z,_Z,2018,A,T,
1.804335,P1Y,0,,A,PU,_Z,2,,,False,WB_WDI,WB_WDI_EN_GHG_CO2_PC_CE_AR5,FJI,_T,_T,_T,_Z,_Z,_Z,2018,A,T,
8.601031,P1Y,0,,A,PU,_Z,2,,,False,WB_WDI,WB_WDI_EN_GHG_CO2_PC_CE_AR5,FIN,_T,_T,_T,_Z,_Z,_Z,2018,A,T,
4.892171,P1Y,0,,A,PU,_Z,2,,,False,WB_WDI,WB_WDI_EN_GHG_CO2_PC_CE_AR5,FRA,_T,_T,_T,_Z,_Z,_Z,2018,A,T,
2.79792,P1Y,0,,A,PU,_Z,2,,,False,WB_WDI,WB_WDI_EN_GHG_CO2_PC_CE_AR5,PYF,_T,_T,_T,_Z,_Z,_Z,2018,A,T,
2.445806,P1Y,0,,A,PU,_Z,2,,,False,WB_WDI,WB_WDI_EN_GHG_CO2_PC_CE_AR5,GAB,_T,_T,_T,_Z,_Z,_Z,2018,A,T,
0.191821,P1Y,0,,A,PU,_Z,2,,,False,WB_WDI,WB_WDI_EN_GHG_CO2_PC_CE_AR5,GMB,_T,_T,_T,_Z,_Z,_Z,2018,A,T,
2.988556,P1Y,0,,A,PU,_Z,2,,,False,WB_WDI,WB_WDI_EN_GHG_CO2_PC_CE_AR5,GEO,_T,_T,_T,_Z,_Z,_Z,2018,A,T,
7.959918,P1Y,0,,A,PU,_Z,2,,,False,WB_WDI,WB_WDI_EN_GHG_CO2_PC_CE_AR5,POL,_T,_T,_T,_Z,_Z,_Z,2014,A,T,
4.583263,P1Y,0,,A,PU,_Z,2,,,False,WB_WDI,WB_WDI_EN_GHG_CO2_PC_CE_AR5,PRT,_T,_T,_T,_Z,_Z,_Z,2014,A,T,
3.211031,P1Y,0,,A,PU,_Z,2,,,False,WB_WDI,WB_WDI_EN_GHG_CO2_PC_CE_AR5,PRI,_T,_T,_T,_Z,_Z,_Z,2014,A,T,
51.476685,P1Y,0,,A,PU,_Z,2,,,False,WB_WDI,WB_WDI_EN_GHG_CO2_PC_CE_AR5,QAT,_T,_T,_T,_Z,_Z,_Z,2014,A,T,
3.967567,P1Y,0,,A,PU,_Z,2,,,False,WB_WDI,WB_WDI_EN_GHG_CO2_PC_CE_AR5,ROU,_T,_T,_T,_Z,_Z,_Z,2014,A,T,
12.134169,P1Y,0,,A,PU,_Z,2,,,False,WB_WDI,WB_WDI_EN_GHG_CO2_PC_CE_AR5,RUS,_T,_T,_T,_Z,_Z,_Z,2014,A,T,
0.084401,P1Y,0,,A,PU,_Z,2,,,False,WB_WDI,WB_WDI_EN_GHG_CO2_PC_CE_AR5,RWA,_T,_T,_T,_Z,_Z,_Z,2014,A,T,
1.432235,P1Y,0,,A,PU,_Z,2,,,False,WB_WDI,WB_WDI_EN_GHG_CO2_PC_CE_AR5,WSM,_T,_T,_T,_Z,_Z,_Z,2014,A,T,
0.668811,P1Y,0,,A,PU,_Z,2,,,False,WB_WDI,WB_WDI_EN_GHG_CO2_PC_CE_AR5,STP,_T,_T,_T,_Z,_Z,_Z,2014,A,T,
20.697381,P1Y,0,,A,PU,_Z,2,,,False,WB_WDI,WB_WDI_EN_GHG_CO2_PC_CE_AR5,SAU,_T,_T,_T,_Z,_Z,_Z,2014,A,T,
0.568727,P1Y,0,,A,PU,_Z,2,,,False,WB_WDI,WB_WDI_EN_GHG_CO2_PC_CE_AR5,BLZ,_T,_T,_T,_Z,_Z,_Z,2007,A,T,
0.491246,P1Y,0,,A,PU,_Z,2,,,False,WB_WDI,WB_WDI_EN_GHG_CO2_PC_CE_AR5,BEN,_T,_T,_T,_Z,_Z,_Z,2007,A,T,
4.397715,P1Y,0,,A,PU,_Z,2,,,False,WB_WDI,WB_WDI_EN_GHG_CO2_PC_CE_AR5,BMU,_T,_T,_T,_Z,_Z,_Z,2007,A,T,
0.850671,P1Y,0,,A,PU,_Z,2,,,False,WB_WDI,WB_WDI_EN_GHG_CO2_PC_CE_AR5,BTN,_T,_T,_T,_Z,_Z,_Z,2007,A,T,
1.238494,P1Y,0,,A,PU,_Z,2,,,False,WB_WDI,WB_WDI_EN_GHG_CO2_PC_CE_AR5,BOL,_T,_T,_T,_Z,_Z,_Z,2007,A,T,
4.914806,P1Y,0,,A,PU,_Z,2,,,False,WB_WDI,WB_WDI_EN_GHG_CO2_PC_CE_AR5,BIH,_T,_T,_T,_Z,_Z,_Z,2007,A,T,
2.314199,P1Y,0,,A,PU,_Z,2,,,False,WB_WDI,WB_WDI_EN_GHG_CO2_PC_CE_AR5,BWA,_T,_T,_T,_Z,_Z,_Z,2007,A,T,
2.084967,P1Y,0,,A,PU,_Z,2,,,False,WB_WDI,WB_WDI_EN_GHG_CO2_PC_CE_AR5,BRA,_T,_T,_T,_Z,_Z,_Z,2007,A,T,
1.91595,P1Y,0,,A,PU,_Z,2,,,False,WB_WDI,WB_WDI_EN_GHG_CO2_PC_CE_AR5,VGB,_T,_T,_T,_Z,_Z,_Z,2007,A,T,
22.067932,P1Y,0,,A,PU,_Z,2,,,False,WB_WDI,WB_WDI_EN_GHG_CO2_PC_CE_AR5,BRN,_T,_T,_T,_Z,_Z,_Z,2007,A,T,
7.639035,P1Y,0,,A,PU,_Z,2,,,False,WB_WDI,WB_WDI_EN_GHG_CO2_PC_CE_AR5,BGR,_T,_T,_T,_Z,_Z,_Z,2007,A,T,
0.110311,P1Y,0,,A,PU,_Z,2,,,False,WB_WDI,WB_WDI_EN_GHG_CO2_PC_CE_AR5,BFA,_T,_T,_T,_Z,_Z,_Z,2007,A,T,
0.041378,P1Y,0,,A,PU,_Z,2,,,False,WB_WDI,WB_WDI_EN_GHG_CO2_PC_CE_AR5,FRO,_T,_T,_T,_Z,_Z,_Z,2006,A,T,
2.089929,P1Y,0,,A,PU,_Z,2,,,False,WB_WDI,WB_WDI_EN_GHG_CO2_PC_CE_AR5,FJI,_T,_T,_T,_Z,_Z,_Z,2006,A,T,
13.264726,P1Y,0,,A,PU,_Z,2,,,False,WB_WDI,WB_WDI_EN_GHG_CO2_PC_CE_AR5,FIN,_T,_T,_T,_Z,_Z,_Z,2006,A,T,
6.240217,P1Y,0,,A,PU,_Z,2,,,False,WB_WDI,WB_WDI_EN_GHG_CO2_PC_CE_AR5,FRA,_T,_T,_T,_Z,_Z,_Z,2006,A,T,
3.364068,P1Y,0,,A,PU,_Z,2,,,False,WB_WDI,WB_WDI_EN_GHG_CO2_PC_CE_AR5,PYF,_T,_T,_T,_Z,_Z,_Z,2006,A,T,
3.78377,P1Y,0,,A,PU,_Z,2,,,False,WB_WDI,WB_WDI_EN_GHG_CO2_PC_CE_AR5,GAB,_T,_T,_T,_Z,_Z,_Z,2006,A,T,
0.214426,P1Y,0,,A,PU,_Z,2,,,False,WB_WDI,WB_WDI_EN_GHG_CO2_PC_CE_AR5,GMB,_T,_T,_T,_Z,_Z,_Z,2006,A,T,
1.464199,P1Y,0,,A,PU,_Z,2,,,False,WB_WDI,WB_WDI_EN_GHG_CO2_PC_CE_AR5,GEO,_T,_T,_T,_Z,_Z,_Z,2006,A,T,
10.384621,P1Y,0,,A,PU,_Z,2,,,False,WB_WDI,WB_WDI_EN_GHG_CO2_PC_CE_AR5,DEU,_T,_T,_T,_Z,_Z,_Z,2006,A,T,
0.375019,P1Y,0,,A,PU,_Z,2,,,False,WB_WDI,WB_WDI_EN_GHG_CO2_PC_CE_AR5,GHA,_T,_T,_T,_Z,_Z,_Z,2006,A,T,
14.361019,P1Y,0,,A,PU,_Z,2,,,False,WB_WDI,WB_WDI_EN_GHG_CO2_PC_CE_AR5,GIB,_T,_T,_T,_Z,_Z,_Z,2006,A,T,
9.290675,P1Y,0,,A,PU,_Z,2,,,False,WB_WDI,WB_WDI_EN_GHG_CO2_PC_CE_AR5,GRC,_T,_T,_T,_Z,_Z,_Z,2006,A,T,
11.001321,P1Y,0,,A,PU,_Z,2,,,False,WB_WDI,WB_WDI_EN_GHG_CO2_PC_CE_AR5,GRL,_T,_T,_T,_Z,_Z,_Z,2006,A,T,
0.738185,P1Y,0,,A,PU,_Z,2,,,False,WB_WDI,WB_WDI_EN_GHG_CO2_PC_CE_AR5,GRD,_T,_T,_T,_Z,_Z,_Z,2006,A,T,
23.499676,P1Y,0,,A,PU,_Z,2,,,False,WB_WDI,WB_WDI_EN_GHG_CO2_PC_CE_AR5,BHR,_T,_T,_T,_Z,_Z,_Z,2016,A,T,
0.584485,P1Y,0,,A,PU,_Z,2,,,False,WB_WDI,WB_WDI_EN_GHG_CO2_PC_CE_AR5,BGD,_T,_T,_T,_Z,_Z,_Z,2016,A,T,
2.763968,P1Y,0,,A,PU,_Z,2,,,False,WB_WDI,WB_WDI_EN_GHG_CO2_PC_CE_AR5,BRB,_T,_T,_T,_Z,_Z,_Z,2016,A,T,
6.237252,P1Y,0,,A,PU,_Z,2,,,False,WB_WDI,WB_WDI_EN_GHG_CO2_PC_CE_AR5,BLR,_T,_T,_T,_Z,_Z,_Z,2016,A,T,
8.944297,P1Y,0,,A,PU,_Z,2,,,False,WB_WDI,WB_WDI_EN_GHG_CO2_PC_CE_AR5,BEL,_T,_T,_T,_Z,_Z,_Z,2016,A,T,
0.715099,P1Y,0,,A,PU,_Z,2,,,False,WB_WDI,WB_WDI_EN_GHG_CO2_PC_CE_AR5,BLZ,_T,_T,_T,_Z,_Z,_Z,2016,A,T,
0.610993,P1Y,0,,A,PU,_Z,2,,,False,WB_WDI,WB_WDI_EN_GHG_CO2_PC_CE_AR5,BEN,_T,_T,_T,_Z,_Z,_Z,2016,A,T,
4.912607,P1Y,0,,A,PU,_Z,2,,,False,WB_WDI,WB_WDI_EN_GHG_CO2_PC_CE_AR5,BMU,_T,_T,_T,_Z,_Z,_Z,2016,A,T,
1.904619,P1Y,0,,A,PU,_Z,2,,,False,WB_WDI,WB_WDI_EN_GHG_CO2_PC_CE_AR5,BTN,_T,_T,_T,_Z,_Z,_Z,2016,A,T,
1.910614,P1Y,0,,A,PU,_Z,2,,,False,WB_WDI,WB_WDI_EN_GHG_CO2_PC_CE_AR5,BOL,_T,_T,_T,_Z,_Z,_Z,2016,A,T,
1.847428,P1Y,0,,A,PU,_Z,2,,,False,WB_WDI,WB_WDI_EN_GHG_CO2_PC_CE_AR5,MAR,_T,_T,_T,_Z,_Z,_Z,2020,A,T,
0.258364,P1Y,0,,A,PU,_Z,2,,,False,WB_WDI,WB_WDI_EN_GHG_CO2_PC_CE_AR5,MOZ,_T,_T,_T,_Z,_Z,_Z,2020,A,T,
0.654864,P1Y,0,,A,PU,_Z,2,,,False,WB_WDI,WB_WDI_EN_GHG_CO2_PC_CE_AR5,MMR,_T,_T,_T,_Z,_Z,_Z,2020,A,T,
1.298904,P1Y,0,,A,PU,_Z,2,,,False,WB_WDI,WB_WDI_EN_GHG_CO2_PC_CE_AR5,NAM,_T,_T,_T,_Z,_Z,_Z,2020,A,T,
0,P1Y,0,,A,PU,_Z,2,,,False,WB_WDI,WB_WDI_EN_GHG_CO2_PC_CE_AR5,NRU,_T,_T,_T,_Z,_Z,_Z,2020,A,T,
0.56811,P1Y,0,,A,PU,_Z,2,,,False,WB_WDI,WB_WDI_EN_GHG_CO2_PC_CE_AR5,NPL,_T,_T,_T,_Z,_Z,_Z,2020,A,T,
8.150698,P1Y,0,,A,PU,_Z,2,,,False,WB_WDI,WB_WDI_EN_GHG_CO2_PC_CE_AR5,NLD,_T,_T,_T,_Z,_Z,_Z,2020,A,T,
19.874303,P1Y,0,,A,PU,_Z,2,,,False,WB_WDI,WB_WDI_EN_GHG_CO2_PC_CE_AR5,NCL,_T,_T,_T,_Z,_Z,_Z,2020,A,T,
6.835009,P1Y,0,,A,PU,_Z,2,,,False,WB_WDI,WB_WDI_EN_GHG_CO2_PC_CE_AR5,NZL,_T,_T,_T,_Z,_Z,_Z,2020,A,T,
0.722926,P1Y,0,,A,PU,_Z,2,,,False,WB_WDI,WB_WDI_EN_GHG_CO2_PC_CE_AR5,NIC,_T,_T,_T,_Z,_Z,_Z,2020,A,T,
0.101595,P1Y,0,,A,PU,_Z,2,,,False,WB_WDI,WB_WDI_EN_GHG_CO2_PC_CE_AR5,NER,_T,_T,_T,_Z,_Z,_Z,2020,A,T,
0.555701,P1Y,0,,A,PU,_Z,2,,,False,WB_WDI,WB_WDI_EN_GHG_CO2_PC_CE_AR5,NGA,_T,_T,_T,_Z,_Z,_Z,2020,A,T,
11.259817,P1Y,0,,A,PU,_Z,2,,,False,WB_WDI,WB_WDI_EN_GHG_CO2_PC_CE_AR5,FIN,_T,_T,_T,_Z,_Z,_Z,2008,A,T,
5.942902,P1Y,0,,A,PU,_Z,2,,,False,WB_WDI,WB_WDI_EN_GHG_CO2_PC_CE_AR5,FRA,_T,_T,_T,_Z,_Z,_Z,2008,A,T,
3.613919,P1Y,0,,A,PU,_Z,2,,,False,WB_WDI,WB_WDI_EN_GHG_CO2_PC_CE_AR5,PYF,_T,_T,_T,_Z,_Z,_Z,2008,A,T,
3.434038,P1Y,0,,A,PU,_Z,2,,,False,WB_WDI,WB_WDI_EN_GHG_CO2_PC_CE_AR5,GAB,_T,_T,_T,_Z,_Z,_Z,2008,A,T,
0.215089,P1Y,0,,A,PU,_Z,2,,,False,WB_WDI,WB_WDI_EN_GHG_CO2_PC_CE_AR5,GMB,_T,_T,_T,_Z,_Z,_Z,2008,A,T,
1.476179,P1Y,0,,A,PU,_Z,2,,,False,WB_WDI,WB_WDI_EN_GHG_CO2_PC_CE_AR5,GEO,_T,_T,_T,_Z,_Z,_Z,2008,A,T,
10.107297,P1Y,0,,A,PU,_Z,2,,,False,WB_WDI,WB_WDI_EN_GHG_CO2_PC_CE_AR5,DEU,_T,_T,_T,_Z,_Z,_Z,2008,A,T,
0.35676,P1Y,0,,A,PU,_Z,2,,,False,WB_WDI,WB_WDI_EN_GHG_CO2_PC_CE_AR5,GHA,_T,_T,_T,_Z,_Z,_Z,2008,A,T,
14.174859,P1Y,0,,A,PU,_Z,2,,,False,WB_WDI,WB_WDI_EN_GHG_CO2_PC_CE_AR5,GIB,_T,_T,_T,_Z,_Z,_Z,2008,A,T,
9.192766,P1Y,0,,A,PU,_Z,2,,,False,WB_WDI,WB_WDI_EN_GHG_CO2_PC_CE_AR5,GRC,_T,_T,_T,_Z,_Z,_Z,2008,A,T,
11.225323,P1Y,0,,A,PU,_Z,2,,,False,WB_WDI,WB_WDI_EN_GHG_CO2_PC_CE_AR5,GRL,_T,_T,_T,_Z,_Z,_Z,2008,A,T,
0.891827,P1Y,0,,A,PU,_Z,2,,,False,WB_WDI,WB_WDI_EN_GHG_CO2_PC_CE_AR5,GRD,_T,_T,_T,_Z,_Z,_Z,2008,A,T,
0.001811,P1Y,0,,A,PU,_Z,2,,,False,WB_WDI,WB_WDI_EN_GHG_CO2_PC_CE_AR5,GUM,_T,_T,_T,_Z,_Z,_Z,2008,A,T,
0.829649,P1Y,0,,A,PU,_Z,2,,,False,WB_WDI,WB_WDI_EN_GHG_CO2_PC_CE_AR5,GTM,_T,_T,_T,_Z,_Z,_Z,2008,A,T,
0.103413,P1Y,0,,A,PU,_Z,2,,,False,WB_WDI,WB_WDI_EN_GHG_CO2_PC_CE_AR5,NER,_T,_T,_T,_Z,_Z,_Z,2019,A,T,
0.60198,P1Y,0,,A,PU,_Z,2,,,False,WB_WDI,WB_WDI_EN_GHG_CO2_PC_CE_AR5,NGA,_T,_T,_T,_Z,_Z,_Z,2019,A,T,
4.625047,P1Y,0,,A,PU,_Z,2,,,False,WB_WDI,WB_WDI_EN_GHG_CO2_PC_CE_AR5,MKD,_T,_T,_T,_Z,_Z,_Z,2019,A,T,
0.002078,P1Y,0,,A,PU,_Z,2,,,False,WB_WDI,WB_WDI_EN_GHG_CO2_PC_CE_AR5,MNP,_T,_T,_T,_Z,_Z,_Z,2019,A,T,
8.479335,P1Y,0,,A,PU,_Z,2,,,False,WB_WDI,WB_WDI_EN_GHG_CO2_PC_CE_AR5,NOR,_T,_T,_T,_Z,_Z,_Z,2019,A,T,
18.606277,P1Y,0,,A,PU,_Z,2,,,False,WB_WDI,WB_WDI_EN_GHG_CO2_PC_CE_AR5,OMN,_T,_T,_T,_Z,_Z,_Z,2019,A,T,
0.861525,P1Y,0,,A,PU,_Z,2,,,False,WB_WDI,WB_WDI_EN_GHG_CO2_PC_CE_AR5,PAK,_T,_T,_T,_Z,_Z,_Z,2019,A,T,
71.260816,P1Y,0,,A,PU,_Z,2,,,False,WB_WDI,WB_WDI_EN_GHG_CO2_PC_CE_AR5,PLW,_T,_T,_T,_Z,_Z,_Z,2019,A,T,
3.108626,P1Y,0,,A,PU,_Z,2,,,False,WB_WDI,WB_WDI_EN_GHG_CO2_PC_CE_AR5,PAN,_T,_T,_T,_Z,_Z,_Z,2019,A,T,
0.524133,P1Y,0,,A,PU,_Z,2,,,False,WB_WDI,WB_WDI_EN_GHG_CO2_PC_CE_AR5,PNG,_T,_T,_T,_Z,_Z,_Z,2019,A,T,
1.308016,P1Y,0,,A,PU,_Z,2,,,False,WB_WDI,WB_WDI_EN_GHG_CO2_PC_CE_AR5,PRY,_T,_T,_T,_Z,_Z,_Z,2019,A,T,
0.785613,P1Y,0,,A,PU,_Z,2,,,False,WB_WDI,WB_WDI_EN_GHG_CO2_PC_CE_AR5,DMA,_T,_T,_T,_Z,_Z,_Z,2012,A,T,
2.173188,P1Y,0,,A,PU,_Z,2,,,False,WB_WDI,WB_WDI_EN_GHG_CO2_PC_CE_AR5,DOM,_T,_T,_T,_Z,_Z,_Z,2012,A,T,
2.482694,P1Y,0,,A,PU,_Z,2,,,False,WB_WDI,WB_WDI_EN_GHG_CO2_PC_CE_AR5,ECU,_T,_T,_T,_Z,_Z,_Z,2012,A,T,
2.500582,P1Y,0,,A,PU,_Z,2,,,False,WB_WDI,WB_WDI_EN_GHG_CO2_PC_CE_AR5,EGY,_T,_T,_T,_Z,_Z,_Z,2012,A,T,
1.144542,P1Y,0,,A,PU,_Z,2,,,False,WB_WDI,WB_WDI_EN_GHG_CO2_PC_CE_AR5,SLV,_T,_T,_T,_Z,_Z,_Z,2012,A,T,
4.337127,P1Y,0,,A,PU,_Z,2,,,False,WB_WDI,WB_WDI_EN_GHG_CO2_PC_CE_AR5,GNQ,_T,_T,_T,_Z,_Z,_Z,2012,A,T,
0.208858,P1Y,0,,A,PU,_Z,2,,,False,WB_WDI,WB_WDI_EN_GHG_CO2_PC_CE_AR5,ERI,_T,_T,_T,_Z,_Z,_Z,2012,A,T,
16.050627,P1Y,0,,A,PU,_Z,2,,,False,WB_WDI,WB_WDI_EN_GHG_CO2_PC_CE_AR5,EST,_T,_T,_T,_Z,_Z,_Z,2012,A,T,
0.721618,P1Y,0,,A,PU,_Z,2,,,False,WB_WDI,WB_WDI_EN_GHG_CO2_PC_CE_AR5,SWZ,_T,_T,_T,_Z,_Z,_Z,2012,A,T,
0.093802,P1Y,0,,A,PU,_Z,2,,,False,WB_WDI,WB_WDI_EN_GHG_CO2_PC_CE_AR5,ETH,_T,_T,_T,_Z,_Z,_Z,2012,A,T,
0.041416,P1Y,0,,A,PU,_Z,2,,,False,WB_WDI,WB_WDI_EN_GHG_CO2_PC_CE_AR5,FRO,_T,_T,_T,_Z,_Z,_Z,2012,A,T,
1.317277,P1Y,0,,A,PU,_Z,2,,,False,WB_WDI,WB_WDI_EN_GHG_CO2_PC_CE_AR5,FJI,_T,_T,_T,_Z,_Z,_Z,2012,A,T,
2.434122,P1Y,0,,A,PU,_Z,2,,,False,WB_WDI,WB_WDI_EN_GHG_CO2_PC_CE_AR5,ATG,_T,_T,_T,_Z,_Z,_Z,2006,A,T,
4.102792,P1Y,0,,A,PU,_Z,2,,,False,WB_WDI,WB_WDI_EN_GHG_CO2_PC_CE_AR5,ARG,_T,_T,_T,_Z,_Z,_Z,2006,A,T,
1.421669,P1Y,0,,A,PU,_Z,2,,,False,WB_WDI,WB_WDI_EN_GHG_CO2_PC_CE_AR5,ARM,_T,_T,_T,_Z,_Z,_Z,2006,A,T,
4.267391,P1Y,0,,A,PU,_Z,2,,,False,WB_WDI,WB_WDI_EN_GHG_CO2_PC_CE_AR5,ABW,_T,_T,_T,_Z,_Z,_Z,2006,A,T,
19.079329,P1Y,0,,A,PU,_Z,2,,,False,WB_WDI,WB_WDI_EN_GHG_CO2_PC_CE_AR5,AUS,_T,_T,_T,_Z,_Z,_Z,2006,A,T,
9.46609,P1Y,0,,A,PU,_Z,2,,,False,WB_WDI,WB_WDI_EN_GHG_CO2_PC_CE_AR5,AUT,_T,_T,_T,_Z,_Z,_Z,2006,A,T,
3.764431,P1Y,0,,A,PU,_Z,2,,,False,WB_WDI,WB_WDI_EN_GHG_CO2_PC_CE_AR5,AZE,_T,_T,_T,_Z,_Z,_Z,2006,A,T,
3.144313,P1Y,0,,A,PU,_Z,2,,,False,WB_WDI,WB_WDI_EN_GHG_CO2_PC_CE_AR5,BHS,_T,_T,_T,_Z,_Z,_Z,2006,A,T,
26.497672,P1Y,0,,A,PU,_Z,2,,,False,WB_WDI,WB_WDI_EN_GHG_CO2_PC_CE_AR5,BHR,_T,_T,_T,_Z,_Z,_Z,2006,A,T,
0.297067,P1Y,0,,A,PU,_Z,2,,,False,WB_WDI,WB_WDI_EN_GHG_CO2_PC_CE_AR5,BGD,_T,_T,_T,_Z,_Z,_Z,2006,A,T,
2.584796,P1Y,0,,A,PU,_Z,2,,,False,WB_WDI,WB_WDI_EN_GHG_CO2_PC_CE_AR5,BRB,_T,_T,_T,_Z,_Z,_Z,2006,A,T,
1.091255,P1Y,0,,A,PU,_Z,2,,,False,WB_WDI,WB_WDI_EN_GHG_CO2_PC_CE_AR5,LKA,_T,_T,_T,_Z,_Z,_Z,2017,A,T,
2.210414,P1Y,0,,A,PU,_Z,2,,,False,WB_WDI,WB_WDI_EN_GHG_CO2_PC_CE_AR5,KNA,_T,_T,_T,_Z,_Z,_Z,2017,A,T,
1.113178,P1Y,0,,A,PU,_Z,2,,,False,WB_WDI,WB_WDI_EN_GHG_CO2_PC_CE_AR5,LCA,_T,_T,_T,_Z,_Z,_Z,2017,A,T,
1.032528,P1Y,0,,A,PU,_Z,2,,,False,WB_WDI,WB_WDI_EN_GHG_CO2_PC_CE_AR5,VCT,_T,_T,_T,_Z,_Z,_Z,2017,A,T,
0.553976,P1Y,0,,A,PU,_Z,2,,,False,WB_WDI,WB_WDI_EN_GHG_CO2_PC_CE_AR5,SDN,_T,_T,_T,_Z,_Z,_Z,2017,A,T,
4.127247,P1Y,0,,A,PU,_Z,2,,,False,WB_WDI,WB_WDI_EN_GHG_CO2_PC_CE_AR5,SUR,_T,_T,_T,_Z,_Z,_Z,2017,A,T,
4.15962,P1Y,0,,A,PU,_Z,2,,,False,WB_WDI,WB_WDI_EN_GHG_CO2_PC_CE_AR5,SWE,_T,_T,_T,_Z,_Z,_Z,2017,A,T,
4.711199,P1Y,0,,A,PU,_Z,2,,,False,WB_WDI,WB_WDI_EN_GHG_CO2_PC_CE_AR5,CHE,_T,_T,_T,_Z,_Z,_Z,2017,A,T,
1.616709,P1Y,0,,A,PU,_Z,2,,,False,WB_WDI,WB_WDI_EN_GHG_CO2_PC_CE_AR5,SYR,_T,_T,_T,_Z,_Z,_Z,2017,A,T,
0.763157,P1Y,0,,A,PU,_Z,2,,,False,WB_WDI,WB_WDI_EN_GHG_CO2_PC_CE_AR5,TJK,_T,_T,_T,_Z,_Z,_Z,2017,A,T,
0.255108,P1Y,0,,A,PU,_Z,2,,,False,WB_WDI,WB_WDI_EN_GHG_CO2_PC_CE_AR5,TZA,_T,_T,_T,_Z,_Z,_Z,2017,A,T,
3.949976,P1Y,0,,A,PU,_Z,2,,,False,WB_WDI,WB_WDI_EN_GHG_CO2_PC_CE_AR5,THA,_T,_T,_T,_Z,_Z,_Z,2017,A,T,
0.725544,P1Y,0,,A,PU,_Z,2,,,False,WB_WDI,WB_WDI_EN_GHG_CO2_PC_CE_AR5,STP,_T,_T,_T,_Z,_Z,_Z,2018,A,T,
19.209084,P1Y,0,,A,PU,_Z,2,,,False,WB_WDI,WB_WDI_EN_GHG_CO2_PC_CE_AR5,SAU,_T,_T,_T,_Z,_Z,_Z,2018,A,T,
0.674574,P1Y,0,,A,PU,_Z,2,,,False,WB_WDI,WB_WDI_EN_GHG_CO2_PC_CE_AR5,SEN,_T,_T,_T,_Z,_Z,_Z,2018,A,T,
10.389409,P1Y,0,,A,PU,_Z,2,,,False,WB_WDI,WB_WDI_EN_GHG_CO2_PC_CE_AR5,SYC,_T,_T,_T,_Z,_Z,_Z,2018,A,T,
0.160274,P1Y,0,,A,PU,_Z,2,,,False,WB_WDI,WB_WDI_EN_GHG_CO2_PC_CE_AR5,SLE,_T,_T,_T,_Z,_Z,_Z,2018,A,T,
9.614261,P1Y,0,,A,PU,_Z,2,,,False,WB_WDI,WB_WDI_EN_GHG_CO2_PC_CE_AR5,SGP,_T,_T,_T,_Z,_Z,_Z,2018,A,T,
6.837574,P1Y,0,,A,PU,_Z,2,,,False,WB_WDI,WB_WDI_EN_GHG_CO2_PC_CE_AR5,SVK,_T,_T,_T,_Z,_Z,_Z,2018,A,T,
7.449754,P1Y,0,,A,PU,_Z,2,,,False,WB_WDI,WB_WDI_EN_GHG_CO2_PC_CE_AR5,SVN,_T,_T,_T,_Z,_Z,_Z,2018,A,T,
0.458609,P1Y,0,,A,PU,_Z,2,,,False,WB_WDI,WB_WDI_EN_GHG_CO2_PC_CE_AR5,SLB,_T,_T,_T,_Z,_Z,_Z,2018,A,T,
0.055409,P1Y,0,,A,PU,_Z,2,,,False,WB_WDI,WB_WDI_EN_GHG_CO2_PC_CE_AR5,SOM,_T,_T,_T,_Z,_Z,_Z,2018,A,T,
7.464704,P1Y,0,,A,PU,_Z,2,,,False,WB_WDI,WB_WDI_EN_GHG_CO2_PC_CE_AR5,IRN,_T,_T,_T,_Z,_Z,_Z,2012,A,T,
3.953214,P1Y,0,,A,PU,_Z,2,,,False,WB_WDI,WB_WDI_EN_GHG_CO2_PC_CE_AR5,IRQ,_T,_T,_T,_Z,_Z,_Z,2012,A,T,
8.175221,P1Y,0,,A,PU,_Z,2,,,False,WB_WDI,WB_WDI_EN_GHG_CO2_PC_CE_AR5,IRL,_T,_T,_T,_Z,_Z,_Z,2012,A,T,
9.808457,P1Y,0,,A,PU,_Z,2,,,False,WB_WDI,WB_WDI_EN_GHG_CO2_PC_CE_AR5,ISR,_T,_T,_T,_Z,_Z,_Z,2012,A,T,
6.55334,P1Y,0,,A,PU,_Z,2,,,False,WB_WDI,WB_WDI_EN_GHG_CO2_PC_CE_AR5,ITA,_T,_T,_T,_Z,_Z,_Z,2012,A,T,
2.529911,P1Y,0,,A,PU,_Z,2,,,False,WB_WDI,WB_WDI_EN_GHG_CO2_PC_CE_AR5,JAM,_T,_T,_T,_Z,_Z,_Z,2012,A,T,
10.251601,P1Y,0,,A,PU,_Z,2,,,False,WB_WDI,WB_WDI_EN_GHG_CO2_PC_CE_AR5,JPN,_T,_T,_T,_Z,_Z,_Z,2012,A,T,
3.233398,P1Y,0,,A,PU,_Z,2,,,False,WB_WDI,WB_WDI_EN_GHG_CO2_PC_CE_AR5,JOR,_T,_T,_T,_Z,_Z,_Z,2012,A,T,
14.954739,P1Y,0,,A,PU,_Z,2,,,False,WB_WDI,WB_WDI_EN_GHG_CO2_PC_CE_AR5,KAZ,_T,_T,_T,_Z,_Z,_Z,2012,A,T,
0.293759,P1Y,0,,A,PU,_Z,2,,,False,WB_WDI,WB_WDI_EN_GHG_CO2_PC_CE_AR5,KEN,_T,_T,_T,_Z,_Z,_Z,2012,A,T,
0.438775,P1Y,0,,A,PU,_Z,2,,,False,WB_WDI,WB_WDI_EN_GHG_CO2_PC_CE_AR5,CIV,_T,_T,_T,_Z,_Z,_Z,2016,A,T,
4.449767,P1Y,0,,A,PU,_Z,2,,,False,WB_WDI,WB_WDI_EN_GHG_CO2_PC_CE_AR5,HRV,_T,_T,_T,_Z,_Z,_Z,2016,A,T,
2.423685,P1Y,0,,A,PU,_Z,2,,,False,WB_WDI,WB_WDI_EN_GHG_CO2_PC_CE_AR5,CUB,_T,_T,_T,_Z,_Z,_Z,2016,A,T,
5.837709,P1Y,0,,A,PU,_Z,2,,,False,WB_WDI,WB_WDI_EN_GHG_CO2_PC_CE_AR5,CYP,_T,_T,_T,_Z,_Z,_Z,2016,A,T,
10.392897,P1Y,0,,A,PU,_Z,2,,,False,WB_WDI,WB_WDI_EN_GHG_CO2_PC_CE_AR5,CZE,_T,_T,_T,_Z,_Z,_Z,2016,A,T,
6.22876,P1Y,0,,A,PU,_Z,2,,,False,WB_WDI,WB_WDI_EN_GHG_CO2_PC_CE_AR5,DNK,_T,_T,_T,_Z,_Z,_Z,2016,A,T,
0.718448,P1Y,0,,A,PU,_Z,2,,,False,WB_WDI,WB_WDI_EN_GHG_CO2_PC_CE_AR5,DJI,_T,_T,_T,_Z,_Z,_Z,2016,A,T,
1.116283,P1Y,0,,A,PU,_Z,2,,,False,WB_WDI,WB_WDI_EN_GHG_CO2_PC_CE_AR5,DMA,_T,_T,_T,_Z,_Z,_Z,2016,A,T,
2.357159,P1Y,0,,A,PU,_Z,2,,,False,WB_WDI,WB_WDI_EN_GHG_CO2_PC_CE_AR5,DOM,_T,_T,_T,_Z,_Z,_Z,2016,A,T,
2.548788,P1Y,0,,A,PU,_Z,2,,,False,WB_WDI,WB_WDI_EN_GHG_CO2_PC_CE_AR5,ECU,_T,_T,_T,_Z,_Z,_Z,2016,A,T,
19.910379,P1Y,0,,A,PU,_Z,2,,,False,WB_WDI,WB_WDI_EN_GHG_CO2_PC_CE_AR5,USA,_T,_T,_T,_Z,_Z,_Z,2002,A,T,
1.405485,P1Y,0,,A,PU,_Z,2,,,False,WB_WDI,WB_WDI_EN_GHG_CO2_PC_CE_AR5,URY,_T,_T,_T,_Z,_Z,_Z,2002,A,T,
5.388985,P1Y,0,,A,PU,_Z,2,,,False,WB_WDI,WB_WDI_EN_GHG_CO2_PC_CE_AR5,UZB,_T,_T,_T,_Z,_Z,_Z,2002,A,T,
0.490649,P1Y,0,,A,PU,_Z,2,,,False,WB_WDI,WB_WDI_EN_GHG_CO2_PC_CE_AR5,VUT,_T,_T,_T,_Z,_Z,_Z,2002,A,T,
5.822355,P1Y,0,,A,PU,_Z,2,,,False,WB_WDI,WB_WDI_EN_GHG_CO2_PC_CE_AR5,VEN,_T,_T,_T,_Z,_Z,_Z,2002,A,T,
0.927761,P1Y,0,,A,PU,_Z,2,,,False,WB_WDI,WB_WDI_EN_GHG_CO2_PC_CE_AR5,VNM,_T,_T,_T,_Z,_Z,_Z,2002,A,T,
0.001843,P1Y,0,,A,PU,_Z,2,,,False,WB_WDI,WB_WDI_EN_GHG_CO2_PC_CE_AR5,VIR,_T,_T,_T,_Z,_Z,_Z,2002,A,T,
0.807129,P1Y,0,,A,PU,_Z,2,,,False,WB_WDI,WB_WDI_EN_GHG_CO2_PC_CE_AR5,YEM,_T,_T,_T,_Z,_Z,_Z,2002,A,T,
0.194197,P1Y,0,,A,PU,_Z,2,,,False,WB_WDI,WB_WDI_EN_GHG_CO2_PC_CE_AR5,ZMB,_T,_T,_T,_Z,_Z,_Z,2002,A,T,
1.102952,P1Y,0,,A,PU,_Z,2,,,False,WB_WDI,WB_WDI_EN_GHG_CO2_PC_CE_AR5,ZWE,_T,_T,_T,_Z,_Z,_Z,2002,A,T,
1.096309,P1Y,0,,A,PU,_Z,2,,,False,WB_WDI,WB_WDI_EN_GHG_CO2_PC_CE_AR5,AFE,_T,_T,_T,_Z,_Z,_Z,2003,A,T,
0.52902,P1Y,0,,A,PU,_Z,2,,,False,WB_WDI,WB_WDI_EN_GHG_CO2_PC_CE_AR5,AFW,_T,_T,_T,_Z,_Z,_Z,2003,A,T,
2.135728,P1Y,0,,A,PU,_Z,2,,,False,WB_WDI,WB_WDI_EN_GHG_CO2_PC_CE_AR5,EAR,_T,_T,_T,_Z,_Z,_Z,2011,A,T,
6.21927,P1Y,0,,A,PU,_Z,2,,,False,WB_WDI,WB_WDI_EN_GHG_CO2_PC_CE_AR5,EAS,_T,_T,_T,_Z,_Z,_Z,2011,A,T,
5.657742,P1Y,0,,A,PU,_Z,2,,,False,WB_WDI,WB_WDI_EN_GHG_CO2_PC_CE_AR5,EAP,_T,_T,_T,_Z,_Z,_Z,2011,A,T,
5.705295,P1Y,0,,A,PU,_Z,2,,,False,WB_WDI,WB_WDI_EN_GHG_CO2_PC_CE_AR5,TEA,_T,_T,_T,_Z,_Z,_Z,2011,A,T,
7.577827,P1Y,0,,A,PU,_Z,2,,,False,WB_WDI,WB_WDI_EN_GHG_CO2_PC_CE_AR5,EMU,_T,_T,_T,_Z,_Z,_Z,2011,A,T,
7.922289,P1Y,0,,A,PU,_Z,2,,,False,WB_WDI,WB_WDI_EN_GHG_CO2_PC_CE_AR5,ECS,_T,_T,_T,_Z,_Z,_Z,2011,A,T,
5.840049,P1Y,0,,A,PU,_Z,2,,,False,WB_WDI,WB_WDI_EN_GHG_CO2_PC_CE_AR5,ECA,_T,_T,_T,_Z,_Z,_Z,2011,A,T,
8.325144,P1Y,0,,A,PU,_Z,2,,,False,WB_WDI,WB_WDI_EN_GHG_CO2_PC_CE_AR5,TEC,_T,_T,_T,_Z,_Z,_Z,2011,A,T,
7.505853,P1Y,0,,A,PU,_Z,2,,,False,WB_WDI,WB_WDI_EN_GHG_CO2_PC_CE_AR5,EUU,_T,_T,_T,_Z,_Z,_Z,2011,A,T,
0.253509,P1Y,0,,A,PU,_Z,2,,,False,WB_WDI,WB_WDI_EN_GHG_CO2_PC_CE_AR5,HPC,_T,_T,_T,_Z,_Z,_Z,2011,A,T,
11.629075,P1Y,0,,A,PU,_Z,2,,,False,WB_WDI,WB_WDI_EN_GHG_CO2_PC_CE_AR5,HIC,_T,_T,_T,_Z,_Z,_Z,2011,A,T,
4.444407,P1Y,0,,A,PU,_Z,2,,,False,WB_WDI,WB_WDI_EN_GHG_CO2_PC_CE_AR5,IBD,_T,_T,_T,_Z,_Z,_Z,2011,A,T,
3.48353,P1Y,0,,A,PU,_Z,2,,,False,WB_WDI,WB_WDI_EN_GHG_CO2_PC_CE_AR5,IBT,_T,_T,_T,_Z,_Z,_Z,2011,A,T,
0,P1Y,0,,A,PU,_Z,2,,,False,WB_WDI,WB_WDI_EN_GHG_CO2_PC_CE_AR5,NRU,_T,_T,_T,_Z,_Z,_Z,2005,A,T,
0.12451,P1Y,0,,A,PU,_Z,2,,,False,WB_WDI,WB_WDI_EN_GHG_CO2_PC_CE_AR5,NPL,_T,_T,_T,_Z,_Z,_Z,2005,A,T,
11.163283,P1Y,0,,A,PU,_Z,2,,,False,WB_WDI,WB_WDI_EN_GHG_CO2_PC_CE_AR5,NLD,_T,_T,_T,_Z,_Z,_Z,2005,A,T,
11.04955,P1Y,0,,A,PU,_Z,2,,,False,WB_WDI,WB_WDI_EN_GHG_CO2_PC_CE_AR5,NCL,_T,_T,_T,_Z,_Z,_Z,2005,A,T,
8.754953,P1Y,0,,A,PU,_Z,2,,,False,WB_WDI,WB_WDI_EN_GHG_CO2_PC_CE_AR5,NZL,_T,_T,_T,_Z,_Z,_Z,2005,A,T,
0.825573,P1Y,0,,A,PU,_Z,2,,,False,WB_WDI,WB_WDI_EN_GHG_CO2_PC_CE_AR5,NIC,_T,_T,_T,_Z,_Z,_Z,2005,A,T,
0.058068,P1Y,0,,A,PU,_Z,2,,,False,WB_WDI,WB_WDI_EN_GHG_CO2_PC_CE_AR5,NER,_T,_T,_T,_Z,_Z,_Z,2005,A,T,
0.710051,P1Y,0,,A,PU,_Z,2,,,False,WB_WDI,WB_WDI_EN_GHG_CO2_PC_CE_AR5,NGA,_T,_T,_T,_Z,_Z,_Z,2005,A,T,
4.818708,P1Y,0,,A,PU,_Z,2,,,False,WB_WDI,WB_WDI_EN_GHG_CO2_PC_CE_AR5,MKD,_T,_T,_T,_Z,_Z,_Z,2005,A,T,
0.001604,P1Y,0,,A,PU,_Z,2,,,False,WB_WDI,WB_WDI_EN_GHG_CO2_PC_CE_AR5,MNP,_T,_T,_T,_Z,_Z,_Z,2005,A,T,
9.36837,P1Y,0,,A,PU,_Z,2,,,False,WB_WDI,WB_WDI_EN_GHG_CO2_PC_CE_AR5,NOR,_T,_T,_T,_Z,_Z,_Z,2005,A,T,
13.433073,P1Y,0,,A,PU,_Z,2,,,False,WB_WDI,WB_WDI_EN_GHG_CO2_PC_CE_AR5,OMN,_T,_T,_T,_Z,_Z,_Z,2005,A,T,
0.763286,P1Y,0,,A,PU,_Z,2,,,False,WB_WDI,WB_WDI_EN_GHG_CO2_PC_CE_AR5,PAK,_T,_T,_T,_Z,_Z,_Z,2005,A,T,
18.183449,P1Y,0,,A,PU,_Z,2,,,False,WB_WDI,WB_WDI_EN_GHG_CO2_PC_CE_AR5,AUS,_T,_T,_T,_Z,_Z,_Z,2012,A,T,
8.187518,P1Y,0,,A,PU,_Z,2,,,False,WB_WDI,WB_WDI_EN_GHG_CO2_PC_CE_AR5,AUT,_T,_T,_T,_Z,_Z,_Z,2012,A,T,
3.47266,P1Y,0,,A,PU,_Z,2,,,False,WB_WDI,WB_WDI_EN_GHG_CO2_PC_CE_AR5,AZE,_T,_T,_T,_Z,_Z,_Z,2012,A,T,
2.708879,P1Y,0,,A,PU,_Z,2,,,False,WB_WDI,WB_WDI_EN_GHG_CO2_PC_CE_AR5,BHS,_T,_T,_T,_Z,_Z,_Z,2012,A,T,
24.993631,P1Y,0,,A,PU,_Z,2,,,False,WB_WDI,WB_WDI_EN_GHG_CO2_PC_CE_AR5,BHR,_T,_T,_T,_Z,_Z,_Z,2012,A,T,
0.450583,P1Y,0,,A,PU,_Z,2,,,False,WB_WDI,WB_WDI_EN_GHG_CO2_PC_CE_AR5,BGD,_T,_T,_T,_Z,_Z,_Z,2012,A,T,
2.323986,P1Y,0,,A,PU,_Z,2,,,False,WB_WDI,WB_WDI_EN_GHG_CO2_PC_CE_AR5,BRB,_T,_T,_T,_Z,_Z,_Z,2012,A,T,
6.80323,P1Y,0,,A,PU,_Z,2,,,False,WB_WDI,WB_WDI_EN_GHG_CO2_PC_CE_AR5,BLR,_T,_T,_T,_Z,_Z,_Z,2012,A,T,
9.274766,P1Y,0,,A,PU,_Z,2,,,False,WB_WDI,WB_WDI_EN_GHG_CO2_PC_CE_AR5,BEL,_T,_T,_T,_Z,_Z,_Z,2012,A,T,
0.487121,P1Y,0,,A,PU,_Z,2,,,False,WB_WDI,WB_WDI_EN_GHG_CO2_PC_CE_AR5,BLZ,_T,_T,_T,_Z,_Z,_Z,2012,A,T,
0.45442,P1Y,0,,A,PU,_Z,2,,,False,WB_WDI,WB_WDI_EN_GHG_CO2_PC_CE_AR5,BEN,_T,_T,_T,_Z,_Z,_Z,2012,A,T,
6.073296,P1Y,0,,A,PU,_Z,2,,,False,WB_WDI,WB_WDI_EN_GHG_CO2_PC_CE_AR5,BGR,_T,_T,_T,_Z,_Z,_Z,2002,A,T,
0.085388,P1Y,0,,A,PU,_Z,2,,,False,WB_WDI,WB_WDI_EN_GHG_CO2_PC_CE_AR5,BFA,_T,_T,_T,_Z,_Z,_Z,2002,A,T,
0.032634,P1Y,0,,A,PU,_Z,2,,,False,WB_WDI,WB_WDI_EN_GHG_CO2_PC_CE_AR5,BDI,_T,_T,_T,_Z,_Z,_Z,2002,A,T,
0.773585,P1Y,0,,A,PU,_Z,2,,,False,WB_WDI,WB_WDI_EN_GHG_CO2_PC_CE_AR5,CPV,_T,_T,_T,_Z,_Z,_Z,2002,A,T,
0.174863,P1Y,0,,A,PU,_Z,2,,,False,WB_WDI,WB_WDI_EN_GHG_CO2_PC_CE_AR5,KHM,_T,_T,_T,_Z,_Z,_Z,2002,A,T,
0.357349,P1Y,0,,A,PU,_Z,2,,,False,WB_WDI,WB_WDI_EN_GHG_CO2_PC_CE_AR5,CMR,_T,_T,_T,_Z,_Z,_Z,2002,A,T,
17.668372,P1Y,0,,A,PU,_Z,2,,,False,WB_WDI,WB_WDI_EN_GHG_CO2_PC_CE_AR5,CAN,_T,_T,_T,_Z,_Z,_Z,2002,A,T,
3.368302,P1Y,0,,A,PU,_Z,2,,,False,WB_WDI,WB_WDI_EN_GHG_CO2_PC_CE_AR5,CYM,_T,_T,_T,_Z,_Z,_Z,2002,A,T,
0.069694,P1Y,0,,A,PU,_Z,2,,,False,WB_WDI,WB_WDI_EN_GHG_CO2_PC_CE_AR5,CAF,_T,_T,_T,_Z,_Z,_Z,2002,A,T,
0.028905,P1Y,0,,A,PU,_Z,2,,,False,WB_WDI,WB_WDI_EN_GHG_CO2_PC_CE_AR5,TCD,_T,_T,_T,_Z,_Z,_Z,2002,A,T,
3.291629,P1Y,0,,A,PU,_Z,2,,,False,WB_WDI,WB_WDI_EN_GHG_CO2_PC_CE_AR5,CHL,_T,_T,_T,_Z,_Z,_Z,2002,A,T,
3.227955,P1Y,0,,A,PU,_Z,2,,,False,WB_WDI,WB_WDI_EN_GHG_CO2_PC_CE_AR5,CHN,_T,_T,_T,_Z,_Z,_Z,2002,A,T,
1.502462,P1Y,0,,A,PU,_Z,2,,,False,WB_WDI,WB_WDI_EN_GHG_CO2_PC_CE_AR5,COL,_T,_T,_T,_Z,_Z,_Z,2002,A,T,
0.001964,P1Y,0,,A,PU,_Z,2,,,False,WB_WDI,WB_WDI_EN_GHG_CO2_PC_CE_AR5,ASM,_T,_T,_T,_Z,_Z,_Z,2018,A,T,
0.82481,P1Y,0,,A,PU,_Z,2,,,False,WB_WDI,WB_WDI_EN_GHG_CO2_PC_CE_AR5,AGO,_T,_T,_T,_Z,_Z,_Z,2018,A,T,
3.158612,P1Y,0,,A,PU,_Z,2,,,False,WB_WDI,WB_WDI_EN_GHG_CO2_PC_CE_AR5,ATG,_T,_T,_T,_Z,_Z,_Z,2018,A,T,
4.250758,P1Y,0,,A,PU,_Z,2,,,False,WB_WDI,WB_WDI_EN_GHG_CO2_PC_CE_AR5,ARG,_T,_T,_T,_Z,_Z,_Z,2018,A,T,
2.004581,P1Y,0,,A,PU,_Z,2,,,False,WB_WDI,WB_WDI_EN_GHG_CO2_PC_CE_AR5,ARM,_T,_T,_T,_Z,_Z,_Z,2018,A,T,
4.272413,P1Y,0,,A,PU,_Z,2,,,False,WB_WDI,WB_WDI_EN_GHG_CO2_PC_CE_AR5,ABW,_T,_T,_T,_Z,_Z,_Z,2018,A,T,
16.393998,P1Y,0,,A,PU,_Z,2,,,False,WB_WDI,WB_WDI_EN_GHG_CO2_PC_CE_AR5,AUS,_T,_T,_T,_Z,_Z,_Z,2018,A,T,
7.607108,P1Y,0,,A,PU,_Z,2,,,False,WB_WDI,WB_WDI_EN_GHG_CO2_PC_CE_AR5,AUT,_T,_T,_T,_Z,_Z,_Z,2018,A,T,
3.497314,P1Y,0,,A,PU,_Z,2,,,False,WB_WDI,WB_WDI_EN_GHG_CO2_PC_CE_AR5,AZE,_T,_T,_T,_Z,_Z,_Z,2018,A,T,
3.082627,P1Y,0,,A,PU,_Z,2,,,False,WB_WDI,WB_WDI_EN_GHG_CO2_PC_CE_AR5,BHS,_T,_T,_T,_Z,_Z,_Z,2018,A,T,
22.501632,P1Y,0,,A,PU,_Z,2,,,False,WB_WDI,WB_WDI_EN_GHG_CO2_PC_CE_AR5,BHR,_T,_T,_T,_Z,_Z,_Z,2018,A,T,
19.285946,P1Y,0,,A,PU,_Z,2,,,False,WB_WDI,WB_WDI_EN_GHG_CO2_PC_CE_AR5,SAU,_T,_T,_T,_Z,_Z,_Z,2019,A,T,
0.674424,P1Y,0,,A,PU,_Z,2,,,False,WB_WDI,WB_WDI_EN_GHG_CO2_PC_CE_AR5,SEN,_T,_T,_T,_Z,_Z,_Z,2019,A,T,
9.165685,P1Y,0,,A,PU,_Z,2,,,False,WB_WDI,WB_WDI_EN_GHG_CO2_PC_CE_AR5,SYC,_T,_T,_T,_Z,_Z,_Z,2019,A,T,
0.156143,P1Y,0,,A,PU,_Z,2,,,False,WB_WDI,WB_WDI_EN_GHG_CO2_PC_CE_AR5,SLE,_T,_T,_T,_Z,_Z,_Z,2019,A,T,
9.798707,P1Y,0,,A,PU,_Z,2,,,False,WB_WDI,WB_WDI_EN_GHG_CO2_PC_CE_AR5,SGP,_T,_T,_T,_Z,_Z,_Z,2019,A,T,
6.381823,P1Y,0,,A,PU,_Z,2,,,False,WB_WDI,WB_WDI_EN_GHG_CO2_PC_CE_AR5,SVK,_T,_T,_T,_Z,_Z,_Z,2019,A,T,
7.099314,P1Y,0,,A,PU,_Z,2,,,False,WB_WDI,WB_WDI_EN_GHG_CO2_PC_CE_AR5,SVN,_T,_T,_T,_Z,_Z,_Z,2019,A,T,
0.43851,P1Y,0,,A,PU,_Z,2,,,False,WB_WDI,WB_WDI_EN_GHG_CO2_PC_CE_AR5,SLB,_T,_T,_T,_Z,_Z,_Z,2019,A,T,
0.052804,P1Y,0,,A,PU,_Z,2,,,False,WB_WDI,WB_WDI_EN_GHG_CO2_PC_CE_AR5,SOM,_T,_T,_T,_Z,_Z,_Z,2019,A,T,
8.077017,P1Y,0,,A,PU,_Z,2,,,False,WB_WDI,WB_WDI_EN_GHG_CO2_PC_CE_AR5,ZAF,_T,_T,_T,_Z,_Z,_Z,2018,A,T,
5.809693,P1Y,0,,A,PU,_Z,2,,,False,WB_WDI,WB_WDI_EN_GHG_CO2_PC_CE_AR5,ESP,_T,_T,_T,_Z,_Z,_Z,2018,A,T,
1.014439,P1Y,0,,A,PU,_Z,2,,,False,WB_WDI,WB_WDI_EN_GHG_CO2_PC_CE_AR5,LKA,_T,_T,_T,_Z,_Z,_Z,2018,A,T,
2.363428,P1Y,0,,A,PU,_Z,2,,,False,WB_WDI,WB_WDI_EN_GHG_CO2_PC_CE_AR5,KNA,_T,_T,_T,_Z,_Z,_Z,2018,A,T,
1.464266,P1Y,0,,A,PU,_Z,2,,,False,WB_WDI,WB_WDI_EN_GHG_CO2_PC_CE_AR5,LCA,_T,_T,_T,_Z,_Z,_Z,2018,A,T,
1.050264,P1Y,0,,A,PU,_Z,2,,,False,WB_WDI,WB_WDI_EN_GHG_CO2_PC_CE_AR5,VCT,_T,_T,_T,_Z,_Z,_Z,2018,A,T,
0.534632,P1Y,0,,A,PU,_Z,2,,,False,WB_WDI,WB_WDI_EN_GHG_CO2_PC_CE_AR5,SDN,_T,_T,_T,_Z,_Z,_Z,2018,A,T,
3.588246,P1Y,0,,A,PU,_Z,2,,,False,WB_WDI,WB_WDI_EN_GHG_CO2_PC_CE_AR5,SUR,_T,_T,_T,_Z,_Z,_Z,2018,A,T,
3.896557,P1Y,0,,A,PU,_Z,2,,,False,WB_WDI,WB_WDI_EN_GHG_CO2_PC_CE_AR5,SWE,_T,_T,_T,_Z,_Z,_Z,2018,A,T,
4.523891,P1Y,0,,A,PU,_Z,2,,,False,WB_WDI,WB_WDI_EN_GHG_CO2_PC_CE_AR5,CHE,_T,_T,_T,_Z,_Z,_Z,2018,A,T,
18.056317,P1Y,0,,A,PU,_Z,2,,,False,WB_WDI,WB_WDI_EN_GHG_CO2_PC_CE_AR5,SAU,_T,_T,_T,_Z,_Z,_Z,2008,A,T,
0.534843,P1Y,0,,A,PU,_Z,2,,,False,WB_WDI,WB_WDI_EN_GHG_CO2_PC_CE_AR5,SEN,_T,_T,_T,_Z,_Z,_Z,2008,A,T,
10.593864,P1Y,0,,A,PU,_Z,2,,,False,WB_WDI,WB_WDI_EN_GHG_CO2_PC_CE_AR5,SYC,_T,_T,_T,_Z,_Z,_Z,2008,A,T,
0.109725,P1Y,0,,A,PU,_Z,2,,,False,WB_WDI,WB_WDI_EN_GHG_CO2_PC_CE_AR5,SLE,_T,_T,_T,_Z,_Z,_Z,2008,A,T,
8.867946,P1Y,0,,A,PU,_Z,2,,,False,WB_WDI,WB_WDI_EN_GHG_CO2_PC_CE_AR5,SGP,_T,_T,_T,_Z,_Z,_Z,2008,A,T,
7.652057,P1Y,0,,A,PU,_Z,2,,,False,WB_WDI,WB_WDI_EN_GHG_CO2_PC_CE_AR5,SVK,_T,_T,_T,_Z,_Z,_Z,2008,A,T,
9.348217,P1Y,0,,A,PU,_Z,2,,,False,WB_WDI,WB_WDI_EN_GHG_CO2_PC_CE_AR5,SVN,_T,_T,_T,_Z,_Z,_Z,2008,A,T,
0.645453,P1Y,0,,A,PU,_Z,2,,,False,WB_WDI,WB_WDI_EN_GHG_CO2_PC_CE_AR5,SLB,_T,_T,_T,_Z,_Z,_Z,2008,A,T,
0.065429,P1Y,0,,A,PU,_Z,2,,,False,WB_WDI,WB_WDI_EN_GHG_CO2_PC_CE_AR5,SOM,_T,_T,_T,_Z,_Z,_Z,2008,A,T,
9.545699,P1Y,0,,A,PU,_Z,2,,,False,WB_WDI,WB_WDI_EN_GHG_CO2_PC_CE_AR5,ZAF,_T,_T,_T,_Z,_Z,_Z,2008,A,T,
0.512348,P1Y,0,,A,PU,_Z,2,,,False,WB_WDI,WB_WDI_EN_GHG_CO2_PC_CE_AR5,TLS,_T,_T,_T,_Z,_Z,_Z,2020,A,T,
0.310963,P1Y,0,,A,PU,_Z,2,,,False,WB_WDI,WB_WDI_EN_GHG_CO2_PC_CE_AR5,TGO,_T,_T,_T,_Z,_Z,_Z,2020,A,T,
1.764361,P1Y,0,,A,PU,_Z,2,,,False,WB_WDI,WB_WDI_EN_GHG_CO2_PC_CE_AR5,TON,_T,_T,_T,_Z,_Z,_Z,2020,A,T,
21.805191,P1Y,0,,A,PU,_Z,2,,,False,WB_WDI,WB_WDI_EN_GHG_CO2_PC_CE_AR5,TTO,_T,_T,_T,_Z,_Z,_Z,2020,A,T,
2.398393,P1Y,0,,A,PU,_Z,2,,,False,WB_WDI,WB_WDI_EN_GHG_CO2_PC_CE_AR5,TUN,_T,_T,_T,_Z,_Z,_Z,2020,A,T,
5.07396,P1Y,0,,A,PU,_Z,2,,,False,WB_WDI,WB_WDI_EN_GHG_CO2_PC_CE_AR5,TUR,_T,_T,_T,_Z,_Z,_Z,2020,A,T,
11.05414,P1Y,0,,A,PU,_Z,2,,,False,WB_WDI,WB_WDI_EN_GHG_CO2_PC_CE_AR5,TKM,_T,_T,_T,_Z,_Z,_Z,2020,A,T,
4.841617,P1Y,0,,A,PU,_Z,2,,,False,WB_WDI,WB_WDI_EN_GHG_CO2_PC_CE_AR5,TCA,_T,_T,_T,_Z,_Z,_Z,2020,A,T,
0,P1Y,0,,A,PU,_Z,2,,,False,WB_WDI,WB_WDI_EN_GHG_CO2_PC_CE_AR5,TUV,_T,_T,_T,_Z,_Z,_Z,2020,A,T,
0.16015,P1Y,0,,A,PU,_Z,2,,,False,WB_WDI,WB_WDI_EN_GHG_CO2_PC_CE_AR5,UGA,_T,_T,_T,_Z,_Z,_Z,2020,A,T,
4.451592,P1Y,0,,A,PU,_Z,2,,,False,WB_WDI,WB_WDI_EN_GHG_CO2_PC_CE_AR5,UKR,_T,_T,_T,_Z,_Z,_Z,2020,A,T,
20.814106,P1Y,0,,A,PU,_Z,2,,,False,WB_WDI,WB_WDI_EN_GHG_CO2_PC_CE_AR5,ARE,_T,_T,_T,_Z,_Z,_Z,2020,A,T,
0.184474,P1Y,0,,A,PU,_Z,2,,,False,WB_WDI,WB_WDI_EN_GHG_CO2_PC_CE_AR5,GIN,_T,_T,_T,_Z,_Z,_Z,2001,A,T,
0.167688,P1Y,0,,A,PU,_Z,2,,,False,WB_WDI,WB_WDI_EN_GHG_CO2_PC_CE_AR5,GNB,_T,_T,_T,_Z,_Z,_Z,2001,A,T,
2.152583,P1Y,0,,A,PU,_Z,2,,,False,WB_WDI,WB_WDI_EN_GHG_CO2_PC_CE_AR5,GUY,_T,_T,_T,_Z,_Z,_Z,2001,A,T,
0.204354,P1Y,0,,A,PU,_Z,2,,,False,WB_WDI,WB_WDI_EN_GHG_CO2_PC_CE_AR5,HTI,_T,_T,_T,_Z,_Z,_Z,2001,A,T,
0.871087,P1Y,0,,A,PU,_Z,2,,,False,WB_WDI,WB_WDI_EN_GHG_CO2_PC_CE_AR5,HND,_T,_T,_T,_Z,_Z,_Z,2001,A,T,
6.233993,P1Y,0,,A,PU,_Z,2,,,False,WB_WDI,WB_WDI_EN_GHG_CO2_PC_CE_AR5,HKG,_T,_T,_T,_Z,_Z,_Z,2001,A,T,
5.988186,P1Y,0,,A,PU,_Z,2,,,False,WB_WDI,WB_WDI_EN_GHG_CO2_PC_CE_AR5,HUN,_T,_T,_T,_Z,_Z,_Z,2001,A,T,
10.378709,P1Y,0,,A,PU,_Z,2,,,False,WB_WDI,WB_WDI_EN_GHG_CO2_PC_CE_AR5,ISL,_T,_T,_T,_Z,_Z,_Z,2001,A,T,
0.93979,P1Y,0,,A,PU,_Z,2,,,False,WB_WDI,WB_WDI_EN_GHG_CO2_PC_CE_AR5,IND,_T,_T,_T,_Z,_Z,_Z,2001,A,T,
1.458535,P1Y,0,,A,PU,_Z,2,,,False,WB_WDI,WB_WDI_EN_GHG_CO2_PC_CE_AR5,IDN,_T,_T,_T,_Z,_Z,_Z,2001,A,T,
5.458161,P1Y,0,,A,PU,_Z,2,,,False,WB_WDI,WB_WDI_EN_GHG_CO2_PC_CE_AR5,IRN,_T,_T,_T,_Z,_Z,_Z,2001,A,T,
3.994501,P1Y,0,,A,PU,_Z,2,,,False,WB_WDI,WB_WDI_EN_GHG_CO2_PC_CE_AR5,IRQ,_T,_T,_T,_Z,_Z,_Z,2001,A,T,
11.910969,P1Y,0,,A,PU,_Z,2,,,False,WB_WDI,WB_WDI_EN_GHG_CO2_PC_CE_AR5,IRL,_T,_T,_T,_Z,_Z,_Z,2001,A,T,
0.173227,P1Y,0,,A,PU,_Z,2,,,False,WB_WDI,WB_WDI_EN_GHG_CO2_PC_CE_AR5,GIN,_T,_T,_T,_Z,_Z,_Z,2000,A,T,
0.162868,P1Y,0,,A,PU,_Z,2,,,False,WB_WDI,WB_WDI_EN_GHG_CO2_PC_CE_AR5,GNB,_T,_T,_T,_Z,_Z,_Z,2000,A,T,
2.173157,P1Y,0,,A,PU,_Z,2,,,False,WB_WDI,WB_WDI_EN_GHG_CO2_PC_CE_AR5,GUY,_T,_T,_T,_Z,_Z,_Z,2000,A,T,
0.204151,P1Y,0,,A,PU,_Z,2,,,False,WB_WDI,WB_WDI_EN_GHG_CO2_PC_CE_AR5,HTI,_T,_T,_T,_Z,_Z,_Z,2000,A,T,
0.760181,P1Y,0,,A,PU,_Z,2,,,False,WB_WDI,WB_WDI_EN_GHG_CO2_PC_CE_AR5,HND,_T,_T,_T,_Z,_Z,_Z,2000,A,T,
6.286722,P1Y,0,,A,PU,_Z,2,,,False,WB_WDI,WB_WDI_EN_GHG_CO2_PC_CE_AR5,HKG,_T,_T,_T,_Z,_Z,_Z,2000,A,T,
5.823374,P1Y,0,,A,PU,_Z,2,,,False,WB_WDI,WB_WDI_EN_GHG_CO2_PC_CE_AR5,HUN,_T,_T,_T,_Z,_Z,_Z,2000,A,T,
10.14349,P1Y,0,,A,PU,_Z,2,,,False,WB_WDI,WB_WDI_EN_GHG_CO2_PC_CE_AR5,ISL,_T,_T,_T,_Z,_Z,_Z,2000,A,T,
0.94231,P1Y,0,,A,PU,_Z,2,,,False,WB_WDI,WB_WDI_EN_GHG_CO2_PC_CE_AR5,IND,_T,_T,_T,_Z,_Z,_Z,2000,A,T,
1.384086,P1Y,0,,A,PU,_Z,2,,,False,WB_WDI,WB_WDI_EN_GHG_CO2_PC_CE_AR5,IDN,_T,_T,_T,_Z,_Z,_Z,2000,A,T,
5.328918,P1Y,0,,A,PU,_Z,2,,,False,WB_WDI,WB_WDI_EN_GHG_CO2_PC_CE_AR5,IRN,_T,_T,_T,_Z,_Z,_Z,2000,A,T,
3.63621,P1Y,0,,A,PU,_Z,2,,,False,WB_WDI,WB_WDI_EN_GHG_CO2_PC_CE_AR5,IRQ,_T,_T,_T,_Z,_Z,_Z,2000,A,T,
4.527461,P1Y,0,,A,PU,_Z,2,,,False,WB_WDI,WB_WDI_EN_GHG_CO2_PC_CE_AR5,HKG,_T,_T,_T,_Z,_Z,_Z,2023,A,T,
4.48048,P1Y,0,,A,PU,_Z,2,,,False,WB_WDI,WB_WDI_EN_GHG_CO2_PC_CE_AR5,HUN,_T,_T,_T,_Z,_Z,_Z,2023,A,T,
8.349258,P1Y,0,,A,PU,_Z,2,,,False,WB_WDI,WB_WDI_EN_GHG_CO2_PC_CE_AR5,ISL,_T,_T,_T,_Z,_Z,_Z,2023,A,T,
2.096229,P1Y,0,,A,PU,_Z,2,,,False,WB_WDI,WB_WDI_EN_GHG_CO2_PC_CE_AR5,IND,_T,_T,_T,_Z,_Z,_Z,2023,A,T,
2.747472,P1Y,0,,A,PU,_Z,2,,,False,WB_WDI,WB_WDI_EN_GHG_CO2_PC_CE_AR5,IDN,_T,_T,_T,_Z,_Z,_Z,2023,A,T,
9.007225,P1Y,0,,A,PU,_Z,2,,,False,WB_WDI,WB_WDI_EN_GHG_CO2_PC_CE_AR5,IRN,_T,_T,_T,_Z,_Z,_Z,2023,A,T,
5.168739,P1Y,0,,A,PU,_Z,2,,,False,WB_WDI,WB_WDI_EN_GHG_CO2_PC_CE_AR5,IRQ,_T,_T,_T,_Z,_Z,_Z,2023,A,T,
6.187078,P1Y,0,,A,PU,_Z,2,,,False,WB_WDI,WB_WDI_EN_GHG_CO2_PC_CE_AR5,IRL,_T,_T,_T,_Z,_Z,_Z,2023,A,T,
6.140776,P1Y,0,,A,PU,_Z,2,,,False,WB_WDI,WB_WDI_EN_GHG_CO2_PC_CE_AR5,ISR,_T,_T,_T,_Z,_Z,_Z,2023,A,T,
5.159145,P1Y,0,,A,PU,_Z,2,,,False,WB_WDI,WB_WDI_EN_GHG_CO2_PC_CE_AR5,ITA,_T,_T,_T,_Z,_Z,_Z,2023,A,T,
2.712845,P1Y,0,,A,PU,_Z,2,,,False,WB_WDI,WB_WDI_EN_GHG_CO2_PC_CE_AR5,JAM,_T,_T,_T,_Z,_Z,_Z,2023,A,T,
8.050636,P1Y,0,,A,PU,_Z,2,,,False,WB_WDI,WB_WDI_EN_GHG_CO2_PC_CE_AR5,JPN,_T,_T,_T,_Z,_Z,_Z,2023,A,T,
2.101613,P1Y,0,,A,PU,_Z,2,,,False,WB_WDI,WB_WDI_EN_GHG_CO2_PC_CE_AR5,JOR,_T,_T,_T,_Z,_Z,_Z,2023,A,T,
9.006578,P1Y,0,,A,PU,_Z,2,,,False,WB_WDI,WB_WDI_EN_GHG_CO2_PC_CE_AR5,DEU,_T,_T,_T,_Z,_Z,_Z,2018,A,T,
0.621997,P1Y,0,,A,PU,_Z,2,,,False,WB_WDI,WB_WDI_EN_GHG_CO2_PC_CE_AR5,GHA,_T,_T,_T,_Z,_Z,_Z,2018,A,T,
19.78826,P1Y,0,,A,PU,_Z,2,,,False,WB_WDI,WB_WDI_EN_GHG_CO2_PC_CE_AR5,GIB,_T,_T,_T,_Z,_Z,_Z,2018,A,T,
6.199239,P1Y,0,,A,PU,_Z,2,,,False,WB_WDI,WB_WDI_EN_GHG_CO2_PC_CE_AR5,GRC,_T,_T,_T,_Z,_Z,_Z,2018,A,T,
9.073059,P1Y,0,,A,PU,_Z,2,,,False,WB_WDI,WB_WDI_EN_GHG_CO2_PC_CE_AR5,GRL,_T,_T,_T,_Z,_Z,_Z,2018,A,T,
1.240373,P1Y,0,,A,PU,_Z,2,,,False,WB_WDI,WB_WDI_EN_GHG_CO2_PC_CE_AR5,GRD,_T,_T,_T,_Z,_Z,_Z,2018,A,T,
0.001844,P1Y,0,,A,PU,_Z,2,,,False,WB_WDI,WB_WDI_EN_GHG_CO2_PC_CE_AR5,GUM,_T,_T,_T,_Z,_Z,_Z,2018,A,T,
1.112433,P1Y,0,,A,PU,_Z,2,,,False,WB_WDI,WB_WDI_EN_GHG_CO2_PC_CE_AR5,GTM,_T,_T,_T,_Z,_Z,_Z,2018,A,T,
0.294496,P1Y,0,,A,PU,_Z,2,,,False,WB_WDI,WB_WDI_EN_GHG_CO2_PC_CE_AR5,GIN,_T,_T,_T,_Z,_Z,_Z,2018,A,T,
0.183439,P1Y,0,,A,PU,_Z,2,,,False,WB_WDI,WB_WDI_EN_GHG_CO2_PC_CE_AR5,GNB,_T,_T,_T,_Z,_Z,_Z,2018,A,T,
3.260414,P1Y,0,,A,PU,_Z,2,,,False,WB_WDI,WB_WDI_EN_GHG_CO2_PC_CE_AR5,GUY,_T,_T,_T,_Z,_Z,_Z,2018,A,T,
0.324538,P1Y,0,,A,PU,_Z,2,,,False,WB_WDI,WB_WDI_EN_GHG_CO2_PC_CE_AR5,HTI,_T,_T,_T,_Z,_Z,_Z,2018,A,T,
3.33586,P1Y,0,,A,PU,_Z,2,,,False,WB_WDI,WB_WDI_EN_GHG_CO2_PC_CE_AR5,MLT,_T,_T,_T,_Z,_Z,_Z,2017,A,T,
0.002149,P1Y,0,,A,PU,_Z,2,,,False,WB_WDI,WB_WDI_EN_GHG_CO2_PC_CE_AR5,MHL,_T,_T,_T,_Z,_Z,_Z,2017,A,T,
0.904622,P1Y,0,,A,PU,_Z,2,,,False,WB_WDI,WB_WDI_EN_GHG_CO2_PC_CE_AR5,MRT,_T,_T,_T,_Z,_Z,_Z,2017,A,T,
3.326068,P1Y,0,,A,PU,_Z,2,,,False,WB_WDI,WB_WDI_EN_GHG_CO2_PC_CE_AR5,MUS,_T,_T,_T,_Z,_Z,_Z,2017,A,T,
4.057433,P1Y,0,,A,PU,_Z,2,,,False,WB_WDI,WB_WDI_EN_GHG_CO2_PC_CE_AR5,MEX,_T,_T,_T,_Z,_Z,_Z,2017,A,T,
0.001827,P1Y,0,,A,PU,_Z,2,,,False,WB_WDI,WB_WDI_EN_GHG_CO2_PC_CE_AR5,FSM,_T,_T,_T,_Z,_Z,_Z,2017,A,T,
3.014603,P1Y,0,,A,PU,_Z,2,,,False,WB_WDI,WB_WDI_EN_GHG_CO2_PC_CE_AR5,MDA,_T,_T,_T,_Z,_Z,_Z,2017,A,T,
6.692873,P1Y,0,,A,PU,_Z,2,,,False,WB_WDI,WB_WDI_EN_GHG_CO2_PC_CE_AR5,MNG,_T,_T,_T,_Z,_Z,_Z,2017,A,T,
1.801639,P1Y,0,,A,PU,_Z,2,,,False,WB_WDI,WB_WDI_EN_GHG_CO2_PC_CE_AR5,MAR,_T,_T,_T,_Z,_Z,_Z,2017,A,T,
0.295111,P1Y,0,,A,PU,_Z,2,,,False,WB_WDI,WB_WDI_EN_GHG_CO2_PC_CE_AR5,MOZ,_T,_T,_T,_Z,_Z,_Z,2017,A,T,
0.833631,P1Y,0,,A,PU,_Z,2,,,False,WB_WDI,WB_WDI_EN_GHG_CO2_PC_CE_AR5,GTM,_T,_T,_T,_Z,_Z,_Z,2012,A,T,
0.229921,P1Y,0,,A,PU,_Z,2,,,False,WB_WDI,WB_WDI_EN_GHG_CO2_PC_CE_AR5,GIN,_T,_T,_T,_Z,_Z,_Z,2012,A,T,
0.193894,P1Y,0,,A,PU,_Z,2,,,False,WB_WDI,WB_WDI_EN_GHG_CO2_PC_CE_AR5,GNB,_T,_T,_T,_Z,_Z,_Z,2012,A,T,
2.683414,P1Y,0,,A,PU,_Z,2,,,False,WB_WDI,WB_WDI_EN_GHG_CO2_PC_CE_AR5,GUY,_T,_T,_T,_Z,_Z,_Z,2012,A,T,
0.273949,P1Y,0,,A,PU,_Z,2,,,False,WB_WDI,WB_WDI_EN_GHG_CO2_PC_CE_AR5,HTI,_T,_T,_T,_Z,_Z,_Z,2012,A,T,
1.139359,P1Y,0,,A,PU,_Z,2,,,False,WB_WDI,WB_WDI_EN_GHG_CO2_PC_CE_AR5,HND,_T,_T,_T,_Z,_Z,_Z,2012,A,T,
6.244248,P1Y,0,,A,PU,_Z,2,,,False,WB_WDI,WB_WDI_EN_GHG_CO2_PC_CE_AR5,HKG,_T,_T,_T,_Z,_Z,_Z,2012,A,T,
4.803524,P1Y,0,,A,PU,_Z,2,,,False,WB_WDI,WB_WDI_EN_GHG_CO2_PC_CE_AR5,HUN,_T,_T,_T,_Z,_Z,_Z,2012,A,T,
11.365507,P1Y,0,,A,PU,_Z,2,,,False,WB_WDI,WB_WDI_EN_GHG_CO2_PC_CE_AR5,ISL,_T,_T,_T,_Z,_Z,_Z,2012,A,T,
1.576076,P1Y,0,,A,PU,_Z,2,,,False,WB_WDI,WB_WDI_EN_GHG_CO2_PC_CE_AR5,IND,_T,_T,_T,_Z,_Z,_Z,2012,A,T,
1.995489,P1Y,0,,A,PU,_Z,2,,,False,WB_WDI,WB_WDI_EN_GHG_CO2_PC_CE_AR5,IDN,_T,_T,_T,_Z,_Z,_Z,2012,A,T,
8.397105,P1Y,0,,A,PU,_Z,2,,,False,WB_WDI,WB_WDI_EN_GHG_CO2_PC_CE_AR5,JPN,_T,_T,_T,_Z,_Z,_Z,2020,A,T,
1.927985,P1Y,0,,A,PU,_Z,2,,,False,WB_WDI,WB_WDI_EN_GHG_CO2_PC_CE_AR5,JOR,_T,_T,_T,_Z,_Z,_Z,2020,A,T,
11.574497,P1Y,0,,A,PU,_Z,2,,,False,WB_WDI,WB_WDI_EN_GHG_CO2_PC_CE_AR5,KAZ,_T,_T,_T,_Z,_Z,_Z,2020,A,T,
0.367016,P1Y,0,,A,PU,_Z,2,,,False,WB_WDI,WB_WDI_EN_GHG_CO2_PC_CE_AR5,KEN,_T,_T,_T,_Z,_Z,_Z,2020,A,T,
0.584461,P1Y,0,,A,PU,_Z,2,,,False,WB_WDI,WB_WDI_EN_GHG_CO2_PC_CE_AR5,KIR,_T,_T,_T,_Z,_Z,_Z,2020,A,T,
2.641727,P1Y,0,,A,PU,_Z,2,,,False,WB_WDI,WB_WDI_EN_GHG_CO2_PC_CE_AR5,PRK,_T,_T,_T,_Z,_Z,_Z,2020,A,T,
11.909444,P1Y,0,,A,PU,_Z,2,,,False,WB_WDI,WB_WDI_EN_GHG_CO2_PC_CE_AR5,KOR,_T,_T,_T,_Z,_Z,_Z,2020,A,T,
21.123241,P1Y,0,,A,PU,_Z,2,,,False,WB_WDI,WB_WDI_EN_GHG_CO2_PC_CE_AR5,KWT,_T,_T,_T,_Z,_Z,_Z,2020,A,T,
1.383835,P1Y,0,,A,PU,_Z,2,,,False,WB_WDI,WB_WDI_EN_GHG_CO2_PC_CE_AR5,KGZ,_T,_T,_T,_Z,_Z,_Z,2020,A,T,
2.645847,P1Y,0,,A,PU,_Z,2,,,False,WB_WDI,WB_WDI_EN_GHG_CO2_PC_CE_AR5,LAO,_T,_T,_T,_Z,_Z,_Z,2020,A,T,
3.829148,P1Y,0,,A,PU,_Z,2,,,False,WB_WDI,WB_WDI_EN_GHG_CO2_PC_CE_AR5,LVA,_T,_T,_T,_Z,_Z,_Z,2020,A,T,
17.090314,P1Y,0,,A,PU,_Z,2,,,False,WB_WDI,WB_WDI_EN_GHG_CO2_PC_CE_AR5,SAU,_T,_T,_T,_Z,_Z,_Z,2006,A,T,
0.488187,P1Y,0,,A,PU,_Z,2,,,False,WB_WDI,WB_WDI_EN_GHG_CO2_PC_CE_AR5,SEN,_T,_T,_T,_Z,_Z,_Z,2006,A,T,
12.405437,P1Y,0,,A,PU,_Z,2,,,False,WB_WDI,WB_WDI_EN_GHG_CO2_PC_CE_AR5,SYC,_T,_T,_T,_Z,_Z,_Z,2006,A,T,
0.126519,P1Y,0,,A,PU,_Z,2,,,False,WB_WDI,WB_WDI_EN_GHG_CO2_PC_CE_AR5,SLE,_T,_T,_T,_Z,_Z,_Z,2006,A,T,
9.535542,P1Y,0,,A,PU,_Z,2,,,False,WB_WDI,WB_WDI_EN_GHG_CO2_PC_CE_AR5,SGP,_T,_T,_T,_Z,_Z,_Z,2006,A,T,
7.864503,P1Y,0,,A,PU,_Z,2,,,False,WB_WDI,WB_WDI_EN_GHG_CO2_PC_CE_AR5,SVK,_T,_T,_T,_Z,_Z,_Z,2006,A,T,
8.941595,P1Y,0,,A,PU,_Z,2,,,False,WB_WDI,WB_WDI_EN_GHG_CO2_PC_CE_AR5,SVN,_T,_T,_T,_Z,_Z,_Z,2006,A,T,
0.609853,P1Y,0,,A,PU,_Z,2,,,False,WB_WDI,WB_WDI_EN_GHG_CO2_PC_CE_AR5,SLB,_T,_T,_T,_Z,_Z,_Z,2006,A,T,
0.071013,P1Y,0,,A,PU,_Z,2,,,False,WB_WDI,WB_WDI_EN_GHG_CO2_PC_CE_AR5,SOM,_T,_T,_T,_Z,_Z,_Z,2006,A,T,
8.812432,P1Y,0,,A,PU,_Z,2,,,False,WB_WDI,WB_WDI_EN_GHG_CO2_PC_CE_AR5,ZAF,_T,_T,_T,_Z,_Z,_Z,2006,A,T,
8.071068,P1Y,0,,A,PU,_Z,2,,,False,WB_WDI,WB_WDI_EN_GHG_CO2_PC_CE_AR5,ESP,_T,_T,_T,_Z,_Z,_Z,2006,A,T,
12.870581,P1Y,0,,A,PU,_Z,2,,,False,WB_WDI,WB_WDI_EN_GHG_CO2_PC_CE_AR5,FIN,_T,_T,_T,_Z,_Z,_Z,2007,A,T,
6.09003,P1Y,0,,A,PU,_Z,2,,,False,WB_WDI,WB_WDI_EN_GHG_CO2_PC_CE_AR5,FRA,_T,_T,_T,_Z,_Z,_Z,2007,A,T,
3.559177,P1Y,0,,A,PU,_Z,2,,,False,WB_WDI,WB_WDI_EN_GHG_CO2_PC_CE_AR5,PYF,_T,_T,_T,_Z,_Z,_Z,2007,A,T,
3.325715,P1Y,0,,A,PU,_Z,2,,,False,WB_WDI,WB_WDI_EN_GHG_CO2_PC_CE_AR5,GAB,_T,_T,_T,_Z,_Z,_Z,2007,A,T,
0.219337,P1Y,0,,A,PU,_Z,2,,,False,WB_WDI,WB_WDI_EN_GHG_CO2_PC_CE_AR5,GMB,_T,_T,_T,_Z,_Z,_Z,2007,A,T,
1.708712,P1Y,0,,A,PU,_Z,2,,,False,WB_WDI,WB_WDI_EN_GHG_CO2_PC_CE_AR5,GEO,_T,_T,_T,_Z,_Z,_Z,2007,A,T,
10.047813,P1Y,0,,A,PU,_Z,2,,,False,WB_WDI,WB_WDI_EN_GHG_CO2_PC_CE_AR5,DEU,_T,_T,_T,_Z,_Z,_Z,2007,A,T,
0.385855,P1Y,0,,A,PU,_Z,2,,,False,WB_WDI,WB_WDI_EN_GHG_CO2_PC_CE_AR5,GHA,_T,_T,_T,_Z,_Z,_Z,2007,A,T,
14.057189,P1Y,0,,A,PU,_Z,2,,,False,WB_WDI,WB_WDI_EN_GHG_CO2_PC_CE_AR5,GIB,_T,_T,_T,_Z,_Z,_Z,2007,A,T,
9.594656,P1Y,0,,A,PU,_Z,2,,,False,WB_WDI,WB_WDI_EN_GHG_CO2_PC_CE_AR5,GRC,_T,_T,_T,_Z,_Z,_Z,2007,A,T,
10.879675,P1Y,0,,A,PU,_Z,2,,,False,WB_WDI,WB_WDI_EN_GHG_CO2_PC_CE_AR5,GRL,_T,_T,_T,_Z,_Z,_Z,2007,A,T,
0.818841,P1Y,0,,A,PU,_Z,2,,,False,WB_WDI,WB_WDI_EN_GHG_CO2_PC_CE_AR5,GRD,_T,_T,_T,_Z,_Z,_Z,2007,A,T,
0.001815,P1Y,0,,A,PU,_Z,2,,,False,WB_WDI,WB_WDI_EN_GHG_CO2_PC_CE_AR5,GUM,_T,_T,_T,_Z,_Z,_Z,2007,A,T,
0.930213,P1Y,0,,A,PU,_Z,2,,,False,WB_WDI,WB_WDI_EN_GHG_CO2_PC_CE_AR5,GTM,_T,_T,_T,_Z,_Z,_Z,2007,A,T,
2.214171,P1Y,0,,A,PU,_Z,2,,,False,WB_WDI,WB_WDI_EN_GHG_CO2_PC_CE_AR5,EAR,_T,_T,_T,_Z,_Z,_Z,2012,A,T,
6.341315,P1Y,0,,A,PU,_Z,2,,,False,WB_WDI,WB_WDI_EN_GHG_CO2_PC_CE_AR5,EAS,_T,_T,_T,_Z,_Z,_Z,2012,A,T,
5.781314,P1Y,0,,A,PU,_Z,2,,,False,WB_WDI,WB_WDI_EN_GHG_CO2_PC_CE_AR5,EAP,_T,_T,_T,_Z,_Z,_Z,2012,A,T,
5.831873,P1Y,0,,A,PU,_Z,2,,,False,WB_WDI,WB_WDI_EN_GHG_CO2_PC_CE_AR5,TEA,_T,_T,_T,_Z,_Z,_Z,2012,A,T,
7.445816,P1Y,0,,A,PU,_Z,2,,,False,WB_WDI,WB_WDI_EN_GHG_CO2_PC_CE_AR5,EMU,_T,_T,_T,_Z,_Z,_Z,2012,A,T,
7.817945,P1Y,0,,A,PU,_Z,2,,,False,WB_WDI,WB_WDI_EN_GHG_CO2_PC_CE_AR5,ECS,_T,_T,_T,_Z,_Z,_Z,2012,A,T,
5.750967,P1Y,0,,A,PU,_Z,2,,,False,WB_WDI,WB_WDI_EN_GHG_CO2_PC_CE_AR5,ECA,_T,_T,_T,_Z,_Z,_Z,2012,A,T,
8.198953,P1Y,0,,A,PU,_Z,2,,,False,WB_WDI,WB_WDI_EN_GHG_CO2_PC_CE_AR5,TEC,_T,_T,_T,_Z,_Z,_Z,2012,A,T,
7.346212,P1Y,0,,A,PU,_Z,2,,,False,WB_WDI,WB_WDI_EN_GHG_CO2_PC_CE_AR5,EUU,_T,_T,_T,_Z,_Z,_Z,2012,A,T,
0.262727,P1Y,0,,A,PU,_Z,2,,,False,WB_WDI,WB_WDI_EN_GHG_CO2_PC_CE_AR5,HPC,_T,_T,_T,_Z,_Z,_Z,2012,A,T,
11.421656,P1Y,0,,A,PU,_Z,2,,,False,WB_WDI,WB_WDI_EN_GHG_CO2_PC_CE_AR5,HIC,_T,_T,_T,_Z,_Z,_Z,2012,A,T,
4.544741,P1Y,0,,A,PU,_Z,2,,,False,WB_WDI,WB_WDI_EN_GHG_CO2_PC_CE_AR5,IBD,_T,_T,_T,_Z,_Z,_Z,2012,A,T,
3.546508,P1Y,0,,A,PU,_Z,2,,,False,WB_WDI,WB_WDI_EN_GHG_CO2_PC_CE_AR5,IBT,_T,_T,_T,_Z,_Z,_Z,2012,A,T,
4.128275,P1Y,0,,A,PU,_Z,2,,,False,WB_WDI,WB_WDI_EN_GHG_CO2_PC_CE_AR5,DZA,_T,_T,_T,_Z,_Z,_Z,2023,A,T,
0.002104,P1Y,0,,A,PU,_Z,2,,,False,WB_WDI,WB_WDI_EN_GHG_CO2_PC_CE_AR5,ASM,_T,_T,_T,_Z,_Z,_Z,2023,A,T,
0.743839,P1Y,0,,A,PU,_Z,2,,,False,WB_WDI,WB_WDI_EN_GHG_CO2_PC_CE_AR5,AGO,_T,_T,_T,_Z,_Z,_Z,2023,A,T,
3.687471,P1Y,0,,A,PU,_Z,2,,,False,WB_WDI,WB_WDI_EN_GHG_CO2_PC_CE_AR5,ATG,_T,_T,_T,_Z,_Z,_Z,2023,A,T,
4.169905,P1Y,0,,A,PU,_Z,2,,,False,WB_WDI,WB_WDI_EN_GHG_CO2_PC_CE_AR5,ARG,_T,_T,_T,_Z,_Z,_Z,2023,A,T,
2.52967,P1Y,0,,A,PU,_Z,2,,,False,WB_WDI,WB_WDI_EN_GHG_CO2_PC_CE_AR5,ARM,_T,_T,_T,_Z,_Z,_Z,2023,A,T,
5.002841,P1Y,0,,A,PU,_Z,2,,,False,WB_WDI,WB_WDI_EN_GHG_CO2_PC_CE_AR5,ABW,_T,_T,_T,_Z,_Z,_Z,2023,A,T,
14.15967,P1Y,0,,A,PU,_Z,2,,,False,WB_WDI,WB_WDI_EN_GHG_CO2_PC_CE_AR5,AUS,_T,_T,_T,_Z,_Z,_Z,2023,A,T,
6.403595,P1Y,0,,A,PU,_Z,2,,,False,WB_WDI,WB_WDI_EN_GHG_CO2_PC_CE_AR5,AUT,_T,_T,_T,_Z,_Z,_Z,2023,A,T,
4.111284,P1Y,0,,A,PU,_Z,2,,,False,WB_WDI,WB_WDI_EN_GHG_CO2_PC_CE_AR5,AZE,_T,_T,_T,_Z,_Z,_Z,2023,A,T,
3.529441,P1Y,0,,A,PU,_Z,2,,,False,WB_WDI,WB_WDI_EN_GHG_CO2_PC_CE_AR5,BHS,_T,_T,_T,_Z,_Z,_Z,2023,A,T,
24.532373,P1Y,0,,A,PU,_Z,2,,,False,WB_WDI,WB_WDI_EN_GHG_CO2_PC_CE_AR5,BHR,_T,_T,_T,_Z,_Z,_Z,2023,A,T,
0.693948,P1Y,0,,A,PU,_Z,2,,,False,WB_WDI,WB_WDI_EN_GHG_CO2_PC_CE_AR5,BGD,_T,_T,_T,_Z,_Z,_Z,2023,A,T,
19.163409,P1Y,0,,A,PU,_Z,2,,,False,WB_WDI,WB_WDI_EN_GHG_CO2_PC_CE_AR5,AUS,_T,_T,_T,_Z,_Z,_Z,2004,A,T,
9.741683,P1Y,0,,A,PU,_Z,2,,,False,WB_WDI,WB_WDI_EN_GHG_CO2_PC_CE_AR5,AUT,_T,_T,_T,_Z,_Z,_Z,2004,A,T,
3.551568,P1Y,0,,A,PU,_Z,2,,,False,WB_WDI,WB_WDI_EN_GHG_CO2_PC_CE_AR5,AZE,_T,_T,_T,_Z,_Z,_Z,2004,A,T,
2.572237,P1Y,0,,A,PU,_Z,2,,,False,WB_WDI,WB_WDI_EN_GHG_CO2_PC_CE_AR5,BHS,_T,_T,_T,_Z,_Z,_Z,2004,A,T,
24.183087,P1Y,0,,A,PU,_Z,2,,,False,WB_WDI,WB_WDI_EN_GHG_CO2_PC_CE_AR5,BHR,_T,_T,_T,_Z,_Z,_Z,2004,A,T,
0.265287,P1Y,0,,A,PU,_Z,2,,,False,WB_WDI,WB_WDI_EN_GHG_CO2_PC_CE_AR5,BGD,_T,_T,_T,_Z,_Z,_Z,2004,A,T,
2.359539,P1Y,0,,A,PU,_Z,2,,,False,WB_WDI,WB_WDI_EN_GHG_CO2_PC_CE_AR5,BRB,_T,_T,_T,_Z,_Z,_Z,2004,A,T,
6.082899,P1Y,0,,A,PU,_Z,2,,,False,WB_WDI,WB_WDI_EN_GHG_CO2_PC_CE_AR5,BLR,_T,_T,_T,_Z,_Z,_Z,2004,A,T,
11.70497,P1Y,0,,A,PU,_Z,2,,,False,WB_WDI,WB_WDI_EN_GHG_CO2_PC_CE_AR5,BEL,_T,_T,_T,_Z,_Z,_Z,2004,A,T,
0.504991,P1Y,0,,A,PU,_Z,2,,,False,WB_WDI,WB_WDI_EN_GHG_CO2_PC_CE_AR5,BLZ,_T,_T,_T,_Z,_Z,_Z,2004,A,T,
0.313564,P1Y,0,,A,PU,_Z,2,,,False,WB_WDI,WB_WDI_EN_GHG_CO2_PC_CE_AR5,BEN,_T,_T,_T,_Z,_Z,_Z,2004,A,T,
2.765566,P1Y,0,,A,PU,_Z,2,,,False,WB_WDI,WB_WDI_EN_GHG_CO2_PC_CE_AR5,BMU,_T,_T,_T,_Z,_Z,_Z,2004,A,T,
0.770125,P1Y,0,,A,PU,_Z,2,,,False,WB_WDI,WB_WDI_EN_GHG_CO2_PC_CE_AR5,BTN,_T,_T,_T,_Z,_Z,_Z,2004,A,T,
8.638357,P1Y,0,,A,PU,_Z,2,,,False,WB_WDI,WB_WDI_EN_GHG_CO2_PC_CE_AR5,GBR,_T,_T,_T,_Z,_Z,_Z,2008,A,T,
18.708903,P1Y,0,,A,PU,_Z,2,,,False,WB_WDI,WB_WDI_EN_GHG_CO2_PC_CE_AR5,USA,_T,_T,_T,_Z,_Z,_Z,2008,A,T,
2.397328,P1Y,0,,A,PU,_Z,2,,,False,WB_WDI,WB_WDI_EN_GHG_CO2_PC_CE_AR5,URY,_T,_T,_T,_Z,_Z,_Z,2008,A,T,
4.993309,P1Y,0,,A,PU,_Z,2,,,False,WB_WDI,WB_WDI_EN_GHG_CO2_PC_CE_AR5,UZB,_T,_T,_T,_Z,_Z,_Z,2008,A,T,
0.56722,P1Y,0,,A,PU,_Z,2,,,False,WB_WDI,WB_WDI_EN_GHG_CO2_PC_CE_AR5,VUT,_T,_T,_T,_Z,_Z,_Z,2008,A,T,
5.849621,P1Y,0,,A,PU,_Z,2,,,False,WB_WDI,WB_WDI_EN_GHG_CO2_PC_CE_AR5,VEN,_T,_T,_T,_Z,_Z,_Z,2008,A,T,
1.476847,P1Y,0,,A,PU,_Z,2,,,False,WB_WDI,WB_WDI_EN_GHG_CO2_PC_CE_AR5,VNM,_T,_T,_T,_Z,_Z,_Z,2008,A,T,
0.001845,P1Y,0,,A,PU,_Z,2,,,False,WB_WDI,WB_WDI_EN_GHG_CO2_PC_CE_AR5,VIR,_T,_T,_T,_Z,_Z,_Z,2008,A,T,
1.00537,P1Y,0,,A,PU,_Z,2,,,False,WB_WDI,WB_WDI_EN_GHG_CO2_PC_CE_AR5,YEM,_T,_T,_T,_Z,_Z,_Z,2008,A,T,
0.200264,P1Y,0,,A,PU,_Z,2,,,False,WB_WDI,WB_WDI_EN_GHG_CO2_PC_CE_AR5,ZMB,_T,_T,_T,_Z,_Z,_Z,2008,A,T,
0.641176,P1Y,0,,A,PU,_Z,2,,,False,WB_WDI,WB_WDI_EN_GHG_CO2_PC_CE_AR5,ZWE,_T,_T,_T,_Z,_Z,_Z,2008,A,T,
0.719645,P1Y,0,,A,PU,_Z,2,,,False,WB_WDI,WB_WDI_EN_GHG_CO2_PC_CE_AR5,DMA,_T,_T,_T,_Z,_Z,_Z,2002,A,T,
2.374395,P1Y,0,,A,PU,_Z,2,,,False,WB_WDI,WB_WDI_EN_GHG_CO2_PC_CE_AR5,DOM,_T,_T,_T,_Z,_Z,_Z,2002,A,T,
1.849347,P1Y,0,,A,PU,_Z,2,,,False,WB_WDI,WB_WDI_EN_GHG_CO2_PC_CE_AR5,ECU,_T,_T,_T,_Z,_Z,_Z,2002,A,T,
1.901418,P1Y,0,,A,PU,_Z,2,,,False,WB_WDI,WB_WDI_EN_GHG_CO2_PC_CE_AR5,EGY,_T,_T,_T,_Z,_Z,_Z,2002,A,T,
1.011237,P1Y,0,,A,PU,_Z,2,,,False,WB_WDI,WB_WDI_EN_GHG_CO2_PC_CE_AR5,SLV,_T,_T,_T,_Z,_Z,_Z,2002,A,T,
4.02553,P1Y,0,,A,PU,_Z,2,,,False,WB_WDI,WB_WDI_EN_GHG_CO2_PC_CE_AR5,GNQ,_T,_T,_T,_Z,_Z,_Z,2002,A,T,
0.303221,P1Y,0,,A,PU,_Z,2,,,False,WB_WDI,WB_WDI_EN_GHG_CO2_PC_CE_AR5,ERI,_T,_T,_T,_Z,_Z,_Z,2002,A,T,
12.700765,P1Y,0,,A,PU,_Z,2,,,False,WB_WDI,WB_WDI_EN_GHG_CO2_PC_CE_AR5,EST,_T,_T,_T,_Z,_Z,_Z,2002,A,T,
1.021765,P1Y,0,,A,PU,_Z,2,,,False,WB_WDI,WB_WDI_EN_GHG_CO2_PC_CE_AR5,SWZ,_T,_T,_T,_Z,_Z,_Z,2002,A,T,
0.068705,P1Y,0,,A,PU,_Z,2,,,False,WB_WDI,WB_WDI_EN_GHG_CO2_PC_CE_AR5,ETH,_T,_T,_T,_Z,_Z,_Z,2002,A,T,
0.038027,P1Y,0,,A,PU,_Z,2,,,False,WB_WDI,WB_WDI_EN_GHG_CO2_PC_CE_AR5,FRO,_T,_T,_T,_Z,_Z,_Z,2002,A,T,
1.507839,P1Y,0,,A,PU,_Z,2,,,False,WB_WDI,WB_WDI_EN_GHG_CO2_PC_CE_AR5,FJI,_T,_T,_T,_Z,_Z,_Z,2002,A,T,
12.638316,P1Y,0,,A,PU,_Z,2,,,False,WB_WDI,WB_WDI_EN_GHG_CO2_PC_CE_AR5,FIN,_T,_T,_T,_Z,_Z,_Z,2002,A,T,
10.312938,P1Y,0,,A,PU,_Z,2,,,False,WB_WDI,WB_WDI_EN_GHG_CO2_PC_CE_AR5,HIC,_T,_T,_T,_Z,_Z,_Z,2021,A,T,
4.930411,P1Y,0,,A,PU,_Z,2,,,False,WB_WDI,WB_WDI_EN_GHG_CO2_PC_CE_AR5,IBD,_T,_T,_T,_Z,_Z,_Z,2021,A,T,
3.761486,P1Y,0,,A,PU,_Z,2,,,False,WB_WDI,WB_WDI_EN_GHG_CO2_PC_CE_AR5,IBT,_T,_T,_T,_Z,_Z,_Z,2021,A,T,
0.898352,P1Y,0,,A,PU,_Z,2,,,False,WB_WDI,WB_WDI_EN_GHG_CO2_PC_CE_AR5,IDB,_T,_T,_T,_Z,_Z,_Z,2021,A,T,
0.445599,P1Y,0,,A,PU,_Z,2,,,False,WB_WDI,WB_WDI_EN_GHG_CO2_PC_CE_AR5,IDX,_T,_T,_T,_Z,_Z,_Z,2021,A,T,
0.605149,P1Y,0,,A,PU,_Z,2,,,False,WB_WDI,WB_WDI_EN_GHG_CO2_PC_CE_AR5,IDA,_T,_T,_T,_Z,_Z,_Z,2021,A,T,
7.655115,P1Y,0,,A,PU,_Z,2,,,False,WB_WDI,WB_WDI_EN_GHG_CO2_PC_CE_AR5,LTE,_T,_T,_T,_Z,_Z,_Z,2021,A,T,
2.644685,P1Y,0,,A,PU,_Z,2,,,False,WB_WDI,WB_WDI_EN_GHG_CO2_PC_CE_AR5,LCN,_T,_T,_T,_Z,_Z,_Z,2021,A,T,
2.543102,P1Y,0,,A,PU,_Z,2,,,False,WB_WDI,WB_WDI_EN_GHG_CO2_PC_CE_AR5,LAC,_T,_T,_T,_Z,_Z,_Z,2021,A,T,
2.649528,P1Y,0,,A,PU,_Z,2,,,False,WB_WDI,WB_WDI_EN_GHG_CO2_PC_CE_AR5,TLA,_T,_T,_T,_Z,_Z,_Z,2021,A,T,
0.389385,P1Y,0,,A,PU,_Z,2,,,False,WB_WDI,WB_WDI_EN_GHG_CO2_PC_CE_AR5,LDC,_T,_T,_T,_Z,_Z,_Z,2021,A,T,
3.501044,P1Y,0,,A,PU,_Z,2,,,False,WB_WDI,WB_WDI_EN_GHG_CO2_PC_CE_AR5,LMY,_T,_T,_T,_Z,_Z,_Z,2021,A,T,
0.316512,P1Y,0,,A,PU,_Z,2,,,False,WB_WDI,WB_WDI_EN_GHG_CO2_PC_CE_AR5,LIC,_T,_T,_T,_Z,_Z,_Z,2021,A,T,
4.268019,P1Y,0,,A,PU,_Z,2,,,False,WB_WDI,WB_WDI_EN_GHG_CO2_PC_CE_AR5,TUR,_T,_T,_T,_Z,_Z,_Z,2010,A,T,
11.080024,P1Y,0,,A,PU,_Z,2,,,False,WB_WDI,WB_WDI_EN_GHG_CO2_PC_CE_AR5,TKM,_T,_T,_T,_Z,_Z,_Z,2010,A,T,
2.464777,P1Y,0,,A,PU,_Z,2,,,False,WB_WDI,WB_WDI_EN_GHG_CO2_PC_CE_AR5,TCA,_T,_T,_T,_Z,_Z,_Z,2010,A,T,
0,P1Y,0,,A,PU,_Z,2,,,False,WB_WDI,WB_WDI_EN_GHG_CO2_PC_CE_AR5,TUV,_T,_T,_T,_Z,_Z,_Z,2010,A,T,
0.117311,P1Y,0,,A,PU,_Z,2,,,False,WB_WDI,WB_WDI_EN_GHG_CO2_PC_CE_AR5,UGA,_T,_T,_T,_Z,_Z,_Z,2010,A,T,
6.80017,P1Y,0,,A,PU,_Z,2,,,False,WB_WDI,WB_WDI_EN_GHG_CO2_PC_CE_AR5,UKR,_T,_T,_T,_Z,_Z,_Z,2010,A,T,
25.030124,P1Y,0,,A,PU,_Z,2,,,False,WB_WDI,WB_WDI_EN_GHG_CO2_PC_CE_AR5,ARE,_T,_T,_T,_Z,_Z,_Z,2010,A,T,
7.977974,P1Y,0,,A,PU,_Z,2,,,False,WB_WDI,WB_WDI_EN_GHG_CO2_PC_CE_AR5,GBR,_T,_T,_T,_Z,_Z,_Z,2010,A,T,
17.847084,P1Y,0,,A,PU,_Z,2,,,False,WB_WDI,WB_WDI_EN_GHG_CO2_PC_CE_AR5,USA,_T,_T,_T,_Z,_Z,_Z,2010,A,T,
1.945983,P1Y,0,,A,PU,_Z,2,,,False,WB_WDI,WB_WDI_EN_GHG_CO2_PC_CE_AR5,URY,_T,_T,_T,_Z,_Z,_Z,2010,A,T,
4.784181,P1Y,0,,A,PU,_Z,2,,,False,WB_WDI,WB_WDI_EN_GHG_CO2_PC_CE_AR5,UZB,_T,_T,_T,_Z,_Z,_Z,2010,A,T,
0.650163,P1Y,0,,A,PU,_Z,2,,,False,WB_WDI,WB_WDI_EN_GHG_CO2_PC_CE_AR5,VUT,_T,_T,_T,_Z,_Z,_Z,2010,A,T,
0.231965,P1Y,0,,A,PU,_Z,2,,,False,WB_WDI,WB_WDI_EN_GHG_CO2_PC_CE_AR5,KEN,_T,_T,_T,_Z,_Z,_Z,2004,A,T,
0.482906,P1Y,0,,A,PU,_Z,2,,,False,WB_WDI,WB_WDI_EN_GHG_CO2_PC_CE_AR5,KIR,_T,_T,_T,_Z,_Z,_Z,2004,A,T,
3.155011,P1Y,0,,A,PU,_Z,2,,,False,WB_WDI,WB_WDI_EN_GHG_CO2_PC_CE_AR5,PRK,_T,_T,_T,_Z,_Z,_Z,2004,A,T,
10.803731,P1Y,0,,A,PU,_Z,2,,,False,WB_WDI,WB_WDI_EN_GHG_CO2_PC_CE_AR5,KOR,_T,_T,_T,_Z,_Z,_Z,2004,A,T,
31.975599,P1Y,0,,A,PU,_Z,2,,,False,WB_WDI,WB_WDI_EN_GHG_CO2_PC_CE_AR5,KWT,_T,_T,_T,_Z,_Z,_Z,2004,A,T,
1.099122,P1Y,0,,A,PU,_Z,2,,,False,WB_WDI,WB_WDI_EN_GHG_CO2_PC_CE_AR5,KGZ,_T,_T,_T,_Z,_Z,_Z,2004,A,T,
0.217586,P1Y,0,,A,PU,_Z,2,,,False,WB_WDI,WB_WDI_EN_GHG_CO2_PC_CE_AR5,LAO,_T,_T,_T,_Z,_Z,_Z,2004,A,T,
3.516293,P1Y,0,,A,PU,_Z,2,,,False,WB_WDI,WB_WDI_EN_GHG_CO2_PC_CE_AR5,LVA,_T,_T,_T,_Z,_Z,_Z,2004,A,T,
3.628895,P1Y,0,,A,PU,_Z,2,,,False,WB_WDI,WB_WDI_EN_GHG_CO2_PC_CE_AR5,LBN,_T,_T,_T,_Z,_Z,_Z,2004,A,T,
0.206481,P1Y,0,,A,PU,_Z,2,,,False,WB_WDI,WB_WDI_EN_GHG_CO2_PC_CE_AR5,LSO,_T,_T,_T,_Z,_Z,_Z,2004,A,T,
0.172702,P1Y,0,,A,PU,_Z,2,,,False,WB_WDI,WB_WDI_EN_GHG_CO2_PC_CE_AR5,LBR,_T,_T,_T,_Z,_Z,_Z,2004,A,T,
9.2789,P1Y,0,,A,PU,_Z,2,,,False,WB_WDI,WB_WDI_EN_GHG_CO2_PC_CE_AR5,LBY,_T,_T,_T,_Z,_Z,_Z,2004,A,T,
0.091391,P1Y,0,,A,PU,_Z,2,,,False,WB_WDI,WB_WDI_EN_GHG_CO2_PC_CE_AR5,NER,_T,_T,_T,_Z,_Z,_Z,2018,A,T,
0.592412,P1Y,0,,A,PU,_Z,2,,,False,WB_WDI,WB_WDI_EN_GHG_CO2_PC_CE_AR5,NGA,_T,_T,_T,_Z,_Z,_Z,2018,A,T,
3.992851,P1Y,0,,A,PU,_Z,2,,,False,WB_WDI,WB_WDI_EN_GHG_CO2_PC_CE_AR5,MKD,_T,_T,_T,_Z,_Z,_Z,2018,A,T,
0.002038,P1Y,0,,A,PU,_Z,2,,,False,WB_WDI,WB_WDI_EN_GHG_CO2_PC_CE_AR5,MNP,_T,_T,_T,_Z,_Z,_Z,2018,A,T,
8.780335,P1Y,0,,A,PU,_Z,2,,,False,WB_WDI,WB_WDI_EN_GHG_CO2_PC_CE_AR5,NOR,_T,_T,_T,_Z,_Z,_Z,2018,A,T,
18.351317,P1Y,0,,A,PU,_Z,2,,,False,WB_WDI,WB_WDI_EN_GHG_CO2_PC_CE_AR5,OMN,_T,_T,_T,_Z,_Z,_Z,2018,A,T,
0.891523,P1Y,0,,A,PU,_Z,2,,,False,WB_WDI,WB_WDI_EN_GHG_CO2_PC_CE_AR5,PAK,_T,_T,_T,_Z,_Z,_Z,2018,A,T,
69.074885,P1Y,0,,A,PU,_Z,2,,,False,WB_WDI,WB_WDI_EN_GHG_CO2_PC_CE_AR5,PLW,_T,_T,_T,_Z,_Z,_Z,2018,A,T,
2.381582,P1Y,0,,A,PU,_Z,2,,,False,WB_WDI,WB_WDI_EN_GHG_CO2_PC_CE_AR5,PAN,_T,_T,_T,_Z,_Z,_Z,2018,A,T,
0.522007,P1Y,0,,A,PU,_Z,2,,,False,WB_WDI,WB_WDI_EN_GHG_CO2_PC_CE_AR5,PNG,_T,_T,_T,_Z,_Z,_Z,2018,A,T,
1.360258,P1Y,0,,A,PU,_Z,2,,,False,WB_WDI,WB_WDI_EN_GHG_CO2_PC_CE_AR5,PRY,_T,_T,_T,_Z,_Z,_Z,2018,A,T,
0.173602,P1Y,0,,A,PU,_Z,2,,,False,WB_WDI,WB_WDI_EN_GHG_CO2_PC_CE_AR5,COM,_T,_T,_T,_Z,_Z,_Z,2007,A,T,
0.045123,P1Y,0,,A,PU,_Z,2,,,False,WB_WDI,WB_WDI_EN_GHG_CO2_PC_CE_AR5,COD,_T,_T,_T,_Z,_Z,_Z,2007,A,T,
1.071417,P1Y,0,,A,PU,_Z,2,,,False,WB_WDI,WB_WDI_EN_GHG_CO2_PC_CE_AR5,COG,_T,_T,_T,_Z,_Z,_Z,2007,A,T,
1.761019,P1Y,0,,A,PU,_Z,2,,,False,WB_WDI,WB_WDI_EN_GHG_CO2_PC_CE_AR5,CRI,_T,_T,_T,_Z,_Z,_Z,2007,A,T,
0.296469,P1Y,0,,A,PU,_Z,2,,,False,WB_WDI,WB_WDI_EN_GHG_CO2_PC_CE_AR5,CIV,_T,_T,_T,_Z,_Z,_Z,2007,A,T,
5.685491,P1Y,0,,A,PU,_Z,2,,,False,WB_WDI,WB_WDI_EN_GHG_CO2_PC_CE_AR5,HRV,_T,_T,_T,_Z,_Z,_Z,2007,A,T,
2.446233,P1Y,0,,A,PU,_Z,2,,,False,WB_WDI,WB_WDI_EN_GHG_CO2_PC_CE_AR5,CUB,_T,_T,_T,_Z,_Z,_Z,2007,A,T,
7.745681,P1Y,0,,A,PU,_Z,2,,,False,WB_WDI,WB_WDI_EN_GHG_CO2_PC_CE_AR5,CYP,_T,_T,_T,_Z,_Z,_Z,2007,A,T,
12.849666,P1Y,0,,A,PU,_Z,2,,,False,WB_WDI,WB_WDI_EN_GHG_CO2_PC_CE_AR5,CZE,_T,_T,_T,_Z,_Z,_Z,2007,A,T,
9.863574,P1Y,0,,A,PU,_Z,2,,,False,WB_WDI,WB_WDI_EN_GHG_CO2_PC_CE_AR5,DNK,_T,_T,_T,_Z,_Z,_Z,2007,A,T,
0.857834,P1Y,0,,A,PU,_Z,2,,,False,WB_WDI,WB_WDI_EN_GHG_CO2_PC_CE_AR5,DJI,_T,_T,_T,_Z,_Z,_Z,2007,A,T,
0.302157,P1Y,0,,A,PU,_Z,2,,,False,WB_WDI,WB_WDI_EN_GHG_CO2_PC_CE_AR5,IDX,_T,_T,_T,_Z,_Z,_Z,2005,A,T,
0.519026,P1Y,0,,A,PU,_Z,2,,,False,WB_WDI,WB_WDI_EN_GHG_CO2_PC_CE_AR5,IDA,_T,_T,_T,_Z,_Z,_Z,2005,A,T,
4.918215,P1Y,0,,A,PU,_Z,2,,,False,WB_WDI,WB_WDI_EN_GHG_CO2_PC_CE_AR5,LTE,_T,_T,_T,_Z,_Z,_Z,2005,A,T,
2.695427,P1Y,0,,A,PU,_Z,2,,,False,WB_WDI,WB_WDI_EN_GHG_CO2_PC_CE_AR5,LCN,_T,_T,_T,_Z,_Z,_Z,2005,A,T,
2.596833,P1Y,0,,A,PU,_Z,2,,,False,WB_WDI,WB_WDI_EN_GHG_CO2_PC_CE_AR5,LAC,_T,_T,_T,_Z,_Z,_Z,2005,A,T,
2.673936,P1Y,0,,A,PU,_Z,2,,,False,WB_WDI,WB_WDI_EN_GHG_CO2_PC_CE_AR5,TLA,_T,_T,_T,_Z,_Z,_Z,2005,A,T,
0.212965,P1Y,0,,A,PU,_Z,2,,,False,WB_WDI,WB_WDI_EN_GHG_CO2_PC_CE_AR5,LDC,_T,_T,_T,_Z,_Z,_Z,2005,A,T,
2.458876,P1Y,0,,A,PU,_Z,2,,,False,WB_WDI,WB_WDI_EN_GHG_CO2_PC_CE_AR5,LMY,_T,_T,_T,_Z,_Z,_Z,2005,A,T,
0.454915,P1Y,0,,A,PU,_Z,2,,,False,WB_WDI,WB_WDI_EN_GHG_CO2_PC_CE_AR5,LIC,_T,_T,_T,_Z,_Z,_Z,2005,A,T,
1.005808,P1Y,0,,A,PU,_Z,2,,,False,WB_WDI,WB_WDI_EN_GHG_CO2_PC_CE_AR5,LMC,_T,_T,_T,_Z,_Z,_Z,2005,A,T,
3.483659,P1Y,0,,A,PU,_Z,2,,,False,WB_WDI,WB_WDI_EN_GHG_CO2_PC_CE_AR5,MEA,_T,_T,_T,_Z,_Z,_Z,2005,A,T,
2.365192,P1Y,0,,A,PU,_Z,2,,,False,WB_WDI,WB_WDI_EN_GHG_CO2_PC_CE_AR5,MNA,_T,_T,_T,_Z,_Z,_Z,2005,A,T,
2.365192,P1Y,0,,A,PU,_Z,2,,,False,WB_WDI,WB_WDI_EN_GHG_CO2_PC_CE_AR5,TMN,_T,_T,_T,_Z,_Z,_Z,2005,A,T,
0.880041,P1Y,0,,A,PU,_Z,2,,,False,WB_WDI,WB_WDI_EN_GHG_CO2_PC_CE_AR5,NIC,_T,_T,_T,_Z,_Z,_Z,2007,A,T,
0.058803,P1Y,0,,A,PU,_Z,2,,,False,WB_WDI,WB_WDI_EN_GHG_CO2_PC_CE_AR5,NER,_T,_T,_T,_Z,_Z,_Z,2007,A,T,
0.550573,P1Y,0,,A,PU,_Z,2,,,False,WB_WDI,WB_WDI_EN_GHG_CO2_PC_CE_AR5,NGA,_T,_T,_T,_Z,_Z,_Z,2007,A,T,
5.225189,P1Y,0,,A,PU,_Z,2,,,False,WB_WDI,WB_WDI_EN_GHG_CO2_PC_CE_AR5,MKD,_T,_T,_T,_Z,_Z,_Z,2007,A,T,
0.001697,P1Y,0,,A,PU,_Z,2,,,False,WB_WDI,WB_WDI_EN_GHG_CO2_PC_CE_AR5,MNP,_T,_T,_T,_Z,_Z,_Z,2007,A,T,
9.535855,P1Y,0,,A,PU,_Z,2,,,False,WB_WDI,WB_WDI_EN_GHG_CO2_PC_CE_AR5,NOR,_T,_T,_T,_Z,_Z,_Z,2007,A,T,
17.730512,P1Y,0,,A,PU,_Z,2,,,False,WB_WDI,WB_WDI_EN_GHG_CO2_PC_CE_AR5,OMN,_T,_T,_T,_Z,_Z,_Z,2007,A,T,
0.877889,P1Y,0,,A,PU,_Z,2,,,False,WB_WDI,WB_WDI_EN_GHG_CO2_PC_CE_AR5,PAK,_T,_T,_T,_Z,_Z,_Z,2007,A,T,
71.686872,P1Y,0,,A,PU,_Z,2,,,False,WB_WDI,WB_WDI_EN_GHG_CO2_PC_CE_AR5,PLW,_T,_T,_T,_Z,_Z,_Z,2007,A,T,
2.175425,P1Y,0,,A,PU,_Z,2,,,False,WB_WDI,WB_WDI_EN_GHG_CO2_PC_CE_AR5,PAN,_T,_T,_T,_Z,_Z,_Z,2007,A,T,
0.758816,P1Y,0,,A,PU,_Z,2,,,False,WB_WDI,WB_WDI_EN_GHG_CO2_PC_CE_AR5,PNG,_T,_T,_T,_Z,_Z,_Z,2007,A,T,
0.703513,P1Y,0,,A,PU,_Z,2,,,False,WB_WDI,WB_WDI_EN_GHG_CO2_PC_CE_AR5,PRY,_T,_T,_T,_Z,_Z,_Z,2007,A,T,
2.529892,P1Y,0,,A,PU,_Z,2,,,False,WB_WDI,WB_WDI_EN_GHG_CO2_PC_CE_AR5,PAN,_T,_T,_T,_Z,_Z,_Z,2010,A,T,
0.554318,P1Y,0,,A,PU,_Z,2,,,False,WB_WDI,WB_WDI_EN_GHG_CO2_PC_CE_AR5,PNG,_T,_T,_T,_Z,_Z,_Z,2010,A,T,
0.913894,P1Y,0,,A,PU,_Z,2,,,False,WB_WDI,WB_WDI_EN_GHG_CO2_PC_CE_AR5,PRY,_T,_T,_T,_Z,_Z,_Z,2010,A,T,
1.5763,P1Y,0,,A,PU,_Z,2,,,False,WB_WDI,WB_WDI_EN_GHG_CO2_PC_CE_AR5,PER,_T,_T,_T,_Z,_Z,_Z,2010,A,T,
0.881994,P1Y,0,,A,PU,_Z,2,,,False,WB_WDI,WB_WDI_EN_GHG_CO2_PC_CE_AR5,PHL,_T,_T,_T,_Z,_Z,_Z,2010,A,T,
8.658234,P1Y,0,,A,PU,_Z,2,,,False,WB_WDI,WB_WDI_EN_GHG_CO2_PC_CE_AR5,POL,_T,_T,_T,_Z,_Z,_Z,2010,A,T,
5.036224,P1Y,0,,A,PU,_Z,2,,,False,WB_WDI,WB_WDI_EN_GHG_CO2_PC_CE_AR5,PRT,_T,_T,_T,_Z,_Z,_Z,2010,A,T,
3.60688,P1Y,0,,A,PU,_Z,2,,,False,WB_WDI,WB_WDI_EN_GHG_CO2_PC_CE_AR5,PRI,_T,_T,_T,_Z,_Z,_Z,2010,A,T,
44.66302,P1Y,0,,A,PU,_Z,2,,,False,WB_WDI,WB_WDI_EN_GHG_CO2_PC_CE_AR5,QAT,_T,_T,_T,_Z,_Z,_Z,2010,A,T,
4.116419,P1Y,0,,A,PU,_Z,2,,,False,WB_WDI,WB_WDI_EN_GHG_CO2_PC_CE_AR5,ROU,_T,_T,_T,_Z,_Z,_Z,2010,A,T,
12.228935,P1Y,0,,A,PU,_Z,2,,,False,WB_WDI,WB_WDI_EN_GHG_CO2_PC_CE_AR5,RUS,_T,_T,_T,_Z,_Z,_Z,2010,A,T,
19.175989,P1Y,0,,A,PU,_Z,2,,,False,WB_WDI,WB_WDI_EN_GHG_CO2_PC_CE_AR5,SAU,_T,_T,_T,_Z,_Z,_Z,2021,A,T,
0.762104,P1Y,0,,A,PU,_Z,2,,,False,WB_WDI,WB_WDI_EN_GHG_CO2_PC_CE_AR5,SEN,_T,_T,_T,_Z,_Z,_Z,2021,A,T,
7.940922,P1Y,0,,A,PU,_Z,2,,,False,WB_WDI,WB_WDI_EN_GHG_CO2_PC_CE_AR5,SYC,_T,_T,_T,_Z,_Z,_Z,2021,A,T,
0.181899,P1Y,0,,A,PU,_Z,2,,,False,WB_WDI,WB_WDI_EN_GHG_CO2_PC_CE_AR5,SLE,_T,_T,_T,_Z,_Z,_Z,2021,A,T,
10.216783,P1Y,0,,A,PU,_Z,2,,,False,WB_WDI,WB_WDI_EN_GHG_CO2_PC_CE_AR5,SGP,_T,_T,_T,_Z,_Z,_Z,2021,A,T,
6.727857,P1Y,0,,A,PU,_Z,2,,,False,WB_WDI,WB_WDI_EN_GHG_CO2_PC_CE_AR5,SVK,_T,_T,_T,_Z,_Z,_Z,2021,A,T,
6.574754,P1Y,0,,A,PU,_Z,2,,,False,WB_WDI,WB_WDI_EN_GHG_CO2_PC_CE_AR5,SVN,_T,_T,_T,_Z,_Z,_Z,2021,A,T,
0.436145,P1Y,0,,A,PU,_Z,2,,,False,WB_WDI,WB_WDI_EN_GHG_CO2_PC_CE_AR5,SLB,_T,_T,_T,_Z,_Z,_Z,2021,A,T,
0.047315,P1Y,0,,A,PU,_Z,2,,,False,WB_WDI,WB_WDI_EN_GHG_CO2_PC_CE_AR5,SOM,_T,_T,_T,_Z,_Z,_Z,2021,A,T,
7.293407,P1Y,0,,A,PU,_Z,2,,,False,WB_WDI,WB_WDI_EN_GHG_CO2_PC_CE_AR5,ZAF,_T,_T,_T,_Z,_Z,_Z,2021,A,T,
0.307148,P1Y,0,,A,PU,_Z,2,,,False,WB_WDI,WB_WDI_EN_GHG_CO2_PC_CE_AR5,GHA,_T,_T,_T,_Z,_Z,_Z,2004,A,T,
13.714087,P1Y,0,,A,PU,_Z,2,,,False,WB_WDI,WB_WDI_EN_GHG_CO2_PC_CE_AR5,GIB,_T,_T,_T,_Z,_Z,_Z,2004,A,T,
9.273299,P1Y,0,,A,PU,_Z,2,,,False,WB_WDI,WB_WDI_EN_GHG_CO2_PC_CE_AR5,GRC,_T,_T,_T,_Z,_Z,_Z,2004,A,T,
10.61373,P1Y,0,,A,PU,_Z,2,,,False,WB_WDI,WB_WDI_EN_GHG_CO2_PC_CE_AR5,GRL,_T,_T,_T,_Z,_Z,_Z,2004,A,T,
0.607374,P1Y,0,,A,PU,_Z,2,,,False,WB_WDI,WB_WDI_EN_GHG_CO2_PC_CE_AR5,GRD,_T,_T,_T,_Z,_Z,_Z,2004,A,T,
0.001831,P1Y,0,,A,PU,_Z,2,,,False,WB_WDI,WB_WDI_EN_GHG_CO2_PC_CE_AR5,GUM,_T,_T,_T,_Z,_Z,_Z,2004,A,T,
0.84605,P1Y,0,,A,PU,_Z,2,,,False,WB_WDI,WB_WDI_EN_GHG_CO2_PC_CE_AR5,GTM,_T,_T,_T,_Z,_Z,_Z,2004,A,T,
0.20197,P1Y,0,,A,PU,_Z,2,,,False,WB_WDI,WB_WDI_EN_GHG_CO2_PC_CE_AR5,GIN,_T,_T,_T,_Z,_Z,_Z,2004,A,T,
0.199842,P1Y,0,,A,PU,_Z,2,,,False,WB_WDI,WB_WDI_EN_GHG_CO2_PC_CE_AR5,GNB,_T,_T,_T,_Z,_Z,_Z,2004,A,T,
2.19499,P1Y,0,,A,PU,_Z,2,,,False,WB_WDI,WB_WDI_EN_GHG_CO2_PC_CE_AR5,GUY,_T,_T,_T,_Z,_Z,_Z,2004,A,T,
0.200982,P1Y,0,,A,PU,_Z,2,,,False,WB_WDI,WB_WDI_EN_GHG_CO2_PC_CE_AR5,HTI,_T,_T,_T,_Z,_Z,_Z,2004,A,T,
1.072709,P1Y,0,,A,PU,_Z,2,,,False,WB_WDI,WB_WDI_EN_GHG_CO2_PC_CE_AR5,HND,_T,_T,_T,_Z,_Z,_Z,2004,A,T,
6.007459,P1Y,0,,A,PU,_Z,2,,,False,WB_WDI,WB_WDI_EN_GHG_CO2_PC_CE_AR5,HKG,_T,_T,_T,_Z,_Z,_Z,2004,A,T,
6.017475,P1Y,0,,A,PU,_Z,2,,,False,WB_WDI,WB_WDI_EN_GHG_CO2_PC_CE_AR5,HUN,_T,_T,_T,_Z,_Z,_Z,2004,A,T,
2.999707,P1Y,0,,A,PU,_Z,2,,,False,WB_WDI,WB_WDI_EN_GHG_CO2_PC_CE_AR5,MAC,_T,_T,_T,_Z,_Z,_Z,2021,A,T,
0.13819,P1Y,0,,A,PU,_Z,2,,,False,WB_WDI,WB_WDI_EN_GHG_CO2_PC_CE_AR5,MDG,_T,_T,_T,_Z,_Z,_Z,2021,A,T,
0.305224,P1Y,0,,A,PU,_Z,2,,,False,WB_WDI,WB_WDI_EN_GHG_CO2_PC_CE_AR5,MWI,_T,_T,_T,_Z,_Z,_Z,2021,A,T,
7.523263,P1Y,0,,A,PU,_Z,2,,,False,WB_WDI,WB_WDI_EN_GHG_CO2_PC_CE_AR5,MYS,_T,_T,_T,_Z,_Z,_Z,2021,A,T,
3.256392,P1Y,0,,A,PU,_Z,2,,,False,WB_WDI,WB_WDI_EN_GHG_CO2_PC_CE_AR5,MDV,_T,_T,_T,_Z,_Z,_Z,2021,A,T,
0.326094,P1Y,0,,A,PU,_Z,2,,,False,WB_WDI,WB_WDI_EN_GHG_CO2_PC_CE_AR5,MLI,_T,_T,_T,_Z,_Z,_Z,2021,A,T,
3.140789,P1Y,0,,A,PU,_Z,2,,,False,WB_WDI,WB_WDI_EN_GHG_CO2_PC_CE_AR5,MLT,_T,_T,_T,_Z,_Z,_Z,2021,A,T,
0.002417,P1Y,0,,A,PU,_Z,2,,,False,WB_WDI,WB_WDI_EN_GHG_CO2_PC_CE_AR5,MHL,_T,_T,_T,_Z,_Z,_Z,2021,A,T,
0.931619,P1Y,0,,A,PU,_Z,2,,,False,WB_WDI,WB_WDI_EN_GHG_CO2_PC_CE_AR5,MRT,_T,_T,_T,_Z,_Z,_Z,2021,A,T,
3.149169,P1Y,0,,A,PU,_Z,2,,,False,WB_WDI,WB_WDI_EN_GHG_CO2_PC_CE_AR5,MUS,_T,_T,_T,_Z,_Z,_Z,2021,A,T,
3.546625,P1Y,0,,A,PU,_Z,2,,,False,WB_WDI,WB_WDI_EN_GHG_CO2_PC_CE_AR5,MEX,_T,_T,_T,_Z,_Z,_Z,2021,A,T,
0.001792,P1Y,0,,A,PU,_Z,2,,,False,WB_WDI,WB_WDI_EN_GHG_CO2_PC_CE_AR5,FSM,_T,_T,_T,_Z,_Z,_Z,2021,A,T,
1.811424,P1Y,0,,A,PU,_Z,2,,,False,WB_WDI,WB_WDI_EN_GHG_CO2_PC_CE_AR5,BOL,_T,_T,_T,_Z,_Z,_Z,2015,A,T,
5.920323,P1Y,0,,A,PU,_Z,2,,,False,WB_WDI,WB_WDI_EN_GHG_CO2_PC_CE_AR5,BIH,_T,_T,_T,_Z,_Z,_Z,2015,A,T,
3.218394,P1Y,0,,A,PU,_Z,2,,,False,WB_WDI,WB_WDI_EN_GHG_CO2_PC_CE_AR5,BWA,_T,_T,_T,_Z,_Z,_Z,2015,A,T,
2.568189,P1Y,0,,A,PU,_Z,2,,,False,WB_WDI,WB_WDI_EN_GHG_CO2_PC_CE_AR5,BRA,_T,_T,_T,_Z,_Z,_Z,2015,A,T,
2.078381,P1Y,0,,A,PU,_Z,2,,,False,WB_WDI,WB_WDI_EN_GHG_CO2_PC_CE_AR5,VGB,_T,_T,_T,_Z,_Z,_Z,2015,A,T,
17.444554,P1Y,0,,A,PU,_Z,2,,,False,WB_WDI,WB_WDI_EN_GHG_CO2_PC_CE_AR5,BRN,_T,_T,_T,_Z,_Z,_Z,2015,A,T,
7.138544,P1Y,0,,A,PU,_Z,2,,,False,WB_WDI,WB_WDI_EN_GHG_CO2_PC_CE_AR5,BGR,_T,_T,_T,_Z,_Z,_Z,2015,A,T,
0.209618,P1Y,0,,A,PU,_Z,2,,,False,WB_WDI,WB_WDI_EN_GHG_CO2_PC_CE_AR5,BFA,_T,_T,_T,_Z,_Z,_Z,2015,A,T,
0.039375,P1Y,0,,A,PU,_Z,2,,,False,WB_WDI,WB_WDI_EN_GHG_CO2_PC_CE_AR5,BDI,_T,_T,_T,_Z,_Z,_Z,2015,A,T,
1.543344,P1Y,0,,A,PU,_Z,2,,,False,WB_WDI,WB_WDI_EN_GHG_CO2_PC_CE_AR5,CPV,_T,_T,_T,_Z,_Z,_Z,2015,A,T,
0.545315,P1Y,0,,A,PU,_Z,2,,,False,WB_WDI,WB_WDI_EN_GHG_CO2_PC_CE_AR5,KHM,_T,_T,_T,_Z,_Z,_Z,2015,A,T,
2.676302,P1Y,0,,A,PU,_Z,2,,,False,WB_WDI,WB_WDI_EN_GHG_CO2_PC_CE_AR5,LAO,_T,_T,_T,_Z,_Z,_Z,2019,A,T,
4.131941,P1Y,0,,A,PU,_Z,2,,,False,WB_WDI,WB_WDI_EN_GHG_CO2_PC_CE_AR5,LVA,_T,_T,_T,_Z,_Z,_Z,2019,A,T,
4.660257,P1Y,0,,A,PU,_Z,2,,,False,WB_WDI,WB_WDI_EN_GHG_CO2_PC_CE_AR5,LBN,_T,_T,_T,_Z,_Z,_Z,2019,A,T,
0.354575,P1Y,0,,A,PU,_Z,2,,,False,WB_WDI,WB_WDI_EN_GHG_CO2_PC_CE_AR5,LSO,_T,_T,_T,_Z,_Z,_Z,2019,A,T,
0.20015,P1Y,0,,A,PU,_Z,2,,,False,WB_WDI,WB_WDI_EN_GHG_CO2_PC_CE_AR5,LBR,_T,_T,_T,_Z,_Z,_Z,2019,A,T,
8.268498,P1Y,0,,A,PU,_Z,2,,,False,WB_WDI,WB_WDI_EN_GHG_CO2_PC_CE_AR5,LBY,_T,_T,_T,_Z,_Z,_Z,2019,A,T,
5.085751,P1Y,0,,A,PU,_Z,2,,,False,WB_WDI,WB_WDI_EN_GHG_CO2_PC_CE_AR5,LTU,_T,_T,_T,_Z,_Z,_Z,2019,A,T,
15.631749,P1Y,0,,A,PU,_Z,2,,,False,WB_WDI,WB_WDI_EN_GHG_CO2_PC_CE_AR5,LUX,_T,_T,_T,_Z,_Z,_Z,2019,A,T,
3.344196,P1Y,0,,A,PU,_Z,2,,,False,WB_WDI,WB_WDI_EN_GHG_CO2_PC_CE_AR5,MAC,_T,_T,_T,_Z,_Z,_Z,2019,A,T,
0.142139,P1Y,0,,A,PU,_Z,2,,,False,WB_WDI,WB_WDI_EN_GHG_CO2_PC_CE_AR5,MDG,_T,_T,_T,_Z,_Z,_Z,2019,A,T,
0.294727,P1Y,0,,A,PU,_Z,2,,,False,WB_WDI,WB_WDI_EN_GHG_CO2_PC_CE_AR5,MWI,_T,_T,_T,_Z,_Z,_Z,2019,A,T,
9.19913,P1Y,0,,A,PU,_Z,2,,,False,WB_WDI,WB_WDI_EN_GHG_CO2_PC_CE_AR5,ISR,_T,_T,_T,_Z,_Z,_Z,2001,A,T,
7.962521,P1Y,0,,A,PU,_Z,2,,,False,WB_WDI,WB_WDI_EN_GHG_CO2_PC_CE_AR5,ITA,_T,_T,_T,_Z,_Z,_Z,2001,A,T,
3.928017,P1Y,0,,A,PU,_Z,2,,,False,WB_WDI,WB_WDI_EN_GHG_CO2_PC_CE_AR5,JAM,_T,_T,_T,_Z,_Z,_Z,2001,A,T,
9.673607,P1Y,0,,A,PU,_Z,2,,,False,WB_WDI,WB_WDI_EN_GHG_CO2_PC_CE_AR5,JPN,_T,_T,_T,_Z,_Z,_Z,2001,A,T,
3.001985,P1Y,0,,A,PU,_Z,2,,,False,WB_WDI,WB_WDI_EN_GHG_CO2_PC_CE_AR5,JOR,_T,_T,_T,_Z,_Z,_Z,2001,A,T,
8.377008,P1Y,0,,A,PU,_Z,2,,,False,WB_WDI,WB_WDI_EN_GHG_CO2_PC_CE_AR5,KAZ,_T,_T,_T,_Z,_Z,_Z,2001,A,T,
0.261006,P1Y,0,,A,PU,_Z,2,,,False,WB_WDI,WB_WDI_EN_GHG_CO2_PC_CE_AR5,KEN,_T,_T,_T,_Z,_Z,_Z,2001,A,T,
0.323241,P1Y,0,,A,PU,_Z,2,,,False,WB_WDI,WB_WDI_EN_GHG_CO2_PC_CE_AR5,KIR,_T,_T,_T,_Z,_Z,_Z,2001,A,T,
3.219477,P1Y,0,,A,PU,_Z,2,,,False,WB_WDI,WB_WDI_EN_GHG_CO2_PC_CE_AR5,PRK,_T,_T,_T,_Z,_Z,_Z,2001,A,T,
10.071973,P1Y,0,,A,PU,_Z,2,,,False,WB_WDI,WB_WDI_EN_GHG_CO2_PC_CE_AR5,KOR,_T,_T,_T,_Z,_Z,_Z,2001,A,T,
29.318403,P1Y,0,,A,PU,_Z,2,,,False,WB_WDI,WB_WDI_EN_GHG_CO2_PC_CE_AR5,KWT,_T,_T,_T,_Z,_Z,_Z,2001,A,T,
0.815155,P1Y,0,,A,PU,_Z,2,,,False,WB_WDI,WB_WDI_EN_GHG_CO2_PC_CE_AR5,KGZ,_T,_T,_T,_Z,_Z,_Z,2001,A,T,
0.038598,P1Y,0,,A,PU,_Z,2,,,False,WB_WDI,WB_WDI_EN_GHG_CO2_PC_CE_AR5,FRO,_T,_T,_T,_Z,_Z,_Z,2001,A,T,
1.840404,P1Y,0,,A,PU,_Z,2,,,False,WB_WDI,WB_WDI_EN_GHG_CO2_PC_CE_AR5,FJI,_T,_T,_T,_Z,_Z,_Z,2001,A,T,
12.254376,P1Y,0,,A,PU,_Z,2,,,False,WB_WDI,WB_WDI_EN_GHG_CO2_PC_CE_AR5,FIN,_T,_T,_T,_Z,_Z,_Z,2001,A,T,
6.599674,P1Y,0,,A,PU,_Z,2,,,False,WB_WDI,WB_WDI_EN_GHG_CO2_PC_CE_AR5,FRA,_T,_T,_T,_Z,_Z,_Z,2001,A,T,
3.399468,P1Y,0,,A,PU,_Z,2,,,False,WB_WDI,WB_WDI_EN_GHG_CO2_PC_CE_AR5,PYF,_T,_T,_T,_Z,_Z,_Z,2001,A,T,
5.147416,P1Y,0,,A,PU,_Z,2,,,False,WB_WDI,WB_WDI_EN_GHG_CO2_PC_CE_AR5,GAB,_T,_T,_T,_Z,_Z,_Z,2001,A,T,
0.199463,P1Y,0,,A,PU,_Z,2,,,False,WB_WDI,WB_WDI_EN_GHG_CO2_PC_CE_AR5,GMB,_T,_T,_T,_Z,_Z,_Z,2001,A,T,
0.966228,P1Y,0,,A,PU,_Z,2,,,False,WB_WDI,WB_WDI_EN_GHG_CO2_PC_CE_AR5,GEO,_T,_T,_T,_Z,_Z,_Z,2001,A,T,
10.752584,P1Y,0,,A,PU,_Z,2,,,False,WB_WDI,WB_WDI_EN_GHG_CO2_PC_CE_AR5,DEU,_T,_T,_T,_Z,_Z,_Z,2001,A,T,
0.322486,P1Y,0,,A,PU,_Z,2,,,False,WB_WDI,WB_WDI_EN_GHG_CO2_PC_CE_AR5,GHA,_T,_T,_T,_Z,_Z,_Z,2001,A,T,
12.655024,P1Y,0,,A,PU,_Z,2,,,False,WB_WDI,WB_WDI_EN_GHG_CO2_PC_CE_AR5,GIB,_T,_T,_T,_Z,_Z,_Z,2001,A,T,
9.033328,P1Y,0,,A,PU,_Z,2,,,False,WB_WDI,WB_WDI_EN_GHG_CO2_PC_CE_AR5,GRC,_T,_T,_T,_Z,_Z,_Z,2001,A,T,
0.024832,P1Y,0,,A,PU,_Z,2,,,False,WB_WDI,WB_WDI_EN_GHG_CO2_PC_CE_AR5,GRL,_T,_T,_T,_Z,_Z,_Z,2001,A,T,
0.53988,P1Y,0,,A,PU,_Z,2,,,False,WB_WDI,WB_WDI_EN_GHG_CO2_PC_CE_AR5,GRD,_T,_T,_T,_Z,_Z,_Z,2001,A,T,
0.00186,P1Y,0,,A,PU,_Z,2,,,False,WB_WDI,WB_WDI_EN_GHG_CO2_PC_CE_AR5,GUM,_T,_T,_T,_Z,_Z,_Z,2001,A,T,
0.84969,P1Y,0,,A,PU,_Z,2,,,False,WB_WDI,WB_WDI_EN_GHG_CO2_PC_CE_AR5,GTM,_T,_T,_T,_Z,_Z,_Z,2001,A,T,
8.341,P1Y,0,,A,PU,_Z,2,,,False,WB_WDI,WB_WDI_EN_GHG_CO2_PC_CE_AR5,LBY,_T,_T,_T,_Z,_Z,_Z,2015,A,T,
4.692576,P1Y,0,,A,PU,_Z,2,,,False,WB_WDI,WB_WDI_EN_GHG_CO2_PC_CE_AR5,LTU,_T,_T,_T,_Z,_Z,_Z,2015,A,T,
16.343635,P1Y,0,,A,PU,_Z,2,,,False,WB_WDI,WB_WDI_EN_GHG_CO2_PC_CE_AR5,LUX,_T,_T,_T,_Z,_Z,_Z,2015,A,T,
4.291492,P1Y,0,,A,PU,_Z,2,,,False,WB_WDI,WB_WDI_EN_GHG_CO2_PC_CE_AR5,MAC,_T,_T,_T,_Z,_Z,_Z,2015,A,T,
0.134437,P1Y,0,,A,PU,_Z,2,,,False,WB_WDI,WB_WDI_EN_GHG_CO2_PC_CE_AR5,MDG,_T,_T,_T,_Z,_Z,_Z,2015,A,T,
0.287318,P1Y,0,,A,PU,_Z,2,,,False,WB_WDI,WB_WDI_EN_GHG_CO2_PC_CE_AR5,MWI,_T,_T,_T,_Z,_Z,_Z,2015,A,T,
8.095961,P1Y,0,,A,PU,_Z,2,,,False,WB_WDI,WB_WDI_EN_GHG_CO2_PC_CE_AR5,MYS,_T,_T,_T,_Z,_Z,_Z,2015,A,T,
3.70988,P1Y,0,,A,PU,_Z,2,,,False,WB_WDI,WB_WDI_EN_GHG_CO2_PC_CE_AR5,MDV,_T,_T,_T,_Z,_Z,_Z,2015,A,T,
0.189921,P1Y,0,,A,PU,_Z,2,,,False,WB_WDI,WB_WDI_EN_GHG_CO2_PC_CE_AR5,MLI,_T,_T,_T,_Z,_Z,_Z,2015,A,T,
3.764351,P1Y,0,,A,PU,_Z,2,,,False,WB_WDI,WB_WDI_EN_GHG_CO2_PC_CE_AR5,MLT,_T,_T,_T,_Z,_Z,_Z,2015,A,T,
2.667161,P1Y,0,,A,PU,_Z,2,,,False,WB_WDI,WB_WDI_EN_GHG_CO2_PC_CE_AR5,DOM,_T,_T,_T,_Z,_Z,_Z,2021,A,T,
2.327771,P1Y,0,,A,PU,_Z,2,,,False,WB_WDI,WB_WDI_EN_GHG_CO2_PC_CE_AR5,ECU,_T,_T,_T,_Z,_Z,_Z,2021,A,T,
2.357952,P1Y,0,,A,PU,_Z,2,,,False,WB_WDI,WB_WDI_EN_GHG_CO2_PC_CE_AR5,EGY,_T,_T,_T,_Z,_Z,_Z,2021,A,T,
1.204006,P1Y,0,,A,PU,_Z,2,,,False,WB_WDI,WB_WDI_EN_GHG_CO2_PC_CE_AR5,SLV,_T,_T,_T,_Z,_Z,_Z,2021,A,T,
2.860382,P1Y,0,,A,PU,_Z,2,,,False,WB_WDI,WB_WDI_EN_GHG_CO2_PC_CE_AR5,GNQ,_T,_T,_T,_Z,_Z,_Z,2021,A,T,
0.212496,P1Y,0,,A,PU,_Z,2,,,False,WB_WDI,WB_WDI_EN_GHG_CO2_PC_CE_AR5,ERI,_T,_T,_T,_Z,_Z,_Z,2021,A,T,
9.711691,P1Y,0,,A,PU,_Z,2,,,False,WB_WDI,WB_WDI_EN_GHG_CO2_PC_CE_AR5,EST,_T,_T,_T,_Z,_Z,_Z,2021,A,T,
0.819829,P1Y,0,,A,PU,_Z,2,,,False,WB_WDI,WB_WDI_EN_GHG_CO2_PC_CE_AR5,SWZ,_T,_T,_T,_Z,_Z,_Z,2021,A,T,
0.156331,P1Y,0,,A,PU,_Z,2,,,False,WB_WDI,WB_WDI_EN_GHG_CO2_PC_CE_AR5,ETH,_T,_T,_T,_Z,_Z,_Z,2021,A,T,
0.039406,P1Y,0,,A,PU,_Z,2,,,False,WB_WDI,WB_WDI_EN_GHG_CO2_PC_CE_AR5,FRO,_T,_T,_T,_Z,_Z,_Z,2021,A,T,
1.464693,P1Y,0,,A,PU,_Z,2,,,False,WB_WDI,WB_WDI_EN_GHG_CO2_PC_CE_AR5,FJI,_T,_T,_T,_Z,_Z,_Z,2021,A,T,
0.326993,P1Y,0,,A,PU,_Z,2,,,False,WB_WDI,WB_WDI_EN_GHG_CO2_PC_CE_AR5,TLS,_T,_T,_T,_Z,_Z,_Z,2001,A,T,
0.229683,P1Y,0,,A,PU,_Z,2,,,False,WB_WDI,WB_WDI_EN_GHG_CO2_PC_CE_AR5,TGO,_T,_T,_T,_Z,_Z,_Z,2001,A,T,
0.916854,P1Y,0,,A,PU,_Z,2,,,False,WB_WDI,WB_WDI_EN_GHG_CO2_PC_CE_AR5,TON,_T,_T,_T,_Z,_Z,_Z,2001,A,T,
16.393739,P1Y,0,,A,PU,_Z,2,,,False,WB_WDI,WB_WDI_EN_GHG_CO2_PC_CE_AR5,TTO,_T,_T,_T,_Z,_Z,_Z,2001,A,T,
2.230296,P1Y,0,,A,PU,_Z,2,,,False,WB_WDI,WB_WDI_EN_GHG_CO2_PC_CE_AR5,TUN,_T,_T,_T,_Z,_Z,_Z,2001,A,T,
3.120681,P1Y,0,,A,PU,_Z,2,,,False,WB_WDI,WB_WDI_EN_GHG_CO2_PC_CE_AR5,TUR,_T,_T,_T,_Z,_Z,_Z,2001,A,T,
8.616979,P1Y,0,,A,PU,_Z,2,,,False,WB_WDI,WB_WDI_EN_GHG_CO2_PC_CE_AR5,TKM,_T,_T,_T,_Z,_Z,_Z,2001,A,T,
0.939926,P1Y,0,,A,PU,_Z,2,,,False,WB_WDI,WB_WDI_EN_GHG_CO2_PC_CE_AR5,TCA,_T,_T,_T,_Z,_Z,_Z,2001,A,T,
0,P1Y,0,,A,PU,_Z,2,,,False,WB_WDI,WB_WDI_EN_GHG_CO2_PC_CE_AR5,TUV,_T,_T,_T,_Z,_Z,_Z,2001,A,T,
0.058099,P1Y,0,,A,PU,_Z,2,,,False,WB_WDI,WB_WDI_EN_GHG_CO2_PC_CE_AR5,UGA,_T,_T,_T,_Z,_Z,_Z,2001,A,T,
7.334383,P1Y,0,,A,PU,_Z,2,,,False,WB_WDI,WB_WDI_EN_GHG_CO2_PC_CE_AR5,UKR,_T,_T,_T,_Z,_Z,_Z,2001,A,T,
27.193998,P1Y,0,,A,PU,_Z,2,,,False,WB_WDI,WB_WDI_EN_GHG_CO2_PC_CE_AR5,ARE,_T,_T,_T,_Z,_Z,_Z,2001,A,T,
9.525002,P1Y,0,,A,PU,_Z,2,,,False,WB_WDI,WB_WDI_EN_GHG_CO2_PC_CE_AR5,GBR,_T,_T,_T,_Z,_Z,_Z,2001,A,T,
20.625508,P1Y,0,,A,PU,_Z,2,,,False,WB_WDI,WB_WDI_EN_GHG_CO2_PC_CE_AR5,USA,_T,_T,_T,_Z,_Z,_Z,2001,A,T,
2.758866,P1Y,0,,A,PU,_Z,2,,,False,WB_WDI,WB_WDI_EN_GHG_CO2_PC_CE_AR5,SYR,_T,_T,_T,_Z,_Z,_Z,2000,A,T,
0.443074,P1Y,0,,A,PU,_Z,2,,,False,WB_WDI,WB_WDI_EN_GHG_CO2_PC_CE_AR5,TJK,_T,_T,_T,_Z,_Z,_Z,2000,A,T,
0.090834,P1Y,0,,A,PU,_Z,2,,,False,WB_WDI,WB_WDI_EN_GHG_CO2_PC_CE_AR5,TZA,_T,_T,_T,_Z,_Z,_Z,2000,A,T,
2.774938,P1Y,0,,A,PU,_Z,2,,,False,WB_WDI,WB_WDI_EN_GHG_CO2_PC_CE_AR5,THA,_T,_T,_T,_Z,_Z,_Z,2000,A,T,
0.469206,P1Y,0,,A,PU,_Z,2,,,False,WB_WDI,WB_WDI_EN_GHG_CO2_PC_CE_AR5,TLS,_T,_T,_T,_Z,_Z,_Z,2000,A,T,
0.261533,P1Y,0,,A,PU,_Z,2,,,False,WB_WDI,WB_WDI_EN_GHG_CO2_PC_CE_AR5,TGO,_T,_T,_T,_Z,_Z,_Z,2000,A,T,
0.97198,P1Y,0,,A,PU,_Z,2,,,False,WB_WDI,WB_WDI_EN_GHG_CO2_PC_CE_AR5,TON,_T,_T,_T,_Z,_Z,_Z,2000,A,T,
14.524381,P1Y,0,,A,PU,_Z,2,,,False,WB_WDI,WB_WDI_EN_GHG_CO2_PC_CE_AR5,TTO,_T,_T,_T,_Z,_Z,_Z,2000,A,T,
2.163967,P1Y,0,,A,PU,_Z,2,,,False,WB_WDI,WB_WDI_EN_GHG_CO2_PC_CE_AR5,TUN,_T,_T,_T,_Z,_Z,_Z,2000,A,T,
3.470433,P1Y,0,,A,PU,_Z,2,,,False,WB_WDI,WB_WDI_EN_GHG_CO2_PC_CE_AR5,TUR,_T,_T,_T,_Z,_Z,_Z,2000,A,T,
8.584546,P1Y,0,,A,PU,_Z,2,,,False,WB_WDI,WB_WDI_EN_GHG_CO2_PC_CE_AR5,TKM,_T,_T,_T,_Z,_Z,_Z,2000,A,T,
0.945008,P1Y,0,,A,PU,_Z,2,,,False,WB_WDI,WB_WDI_EN_GHG_CO2_PC_CE_AR5,TCA,_T,_T,_T,_Z,_Z,_Z,2000,A,T,
0,P1Y,0,,A,PU,_Z,2,,,False,WB_WDI,WB_WDI_EN_GHG_CO2_PC_CE_AR5,TUV,_T,_T,_T,_Z,_Z,_Z,2000,A,T,
0.058912,P1Y,0,,A,PU,_Z,2,,,False,WB_WDI,WB_WDI_EN_GHG_CO2_PC_CE_AR5,UGA,_T,_T,_T,_Z,_Z,_Z,2000,A,T,
1.184105,P1Y,0,,A,PU,_Z,2,,,False,WB_WDI,WB_WDI_EN_GHG_CO2_PC_CE_AR5,PRY,_T,_T,_T,_Z,_Z,_Z,2022,A,T,
1.904083,P1Y,0,,A,PU,_Z,2,,,False,WB_WDI,WB_WDI_EN_GHG_CO2_PC_CE_AR5,PER,_T,_T,_T,_Z,_Z,_Z,2022,A,T,
1.331122,P1Y,0,,A,PU,_Z,2,,,False,WB_WDI,WB_WDI_EN_GHG_CO2_PC_CE_AR5,PHL,_T,_T,_T,_Z,_Z,_Z,2022,A,T,
8.363579,P1Y,0,,A,PU,_Z,2,,,False,WB_WDI,WB_WDI_EN_GHG_CO2_PC_CE_AR5,POL,_T,_T,_T,_Z,_Z,_Z,2022,A,T,
3.801719,P1Y,0,,A,PU,_Z,2,,,False,WB_WDI,WB_WDI_EN_GHG_CO2_PC_CE_AR5,PRT,_T,_T,_T,_Z,_Z,_Z,2022,A,T,
4.322099,P1Y,0,,A,PU,_Z,2,,,False,WB_WDI,WB_WDI_EN_GHG_CO2_PC_CE_AR5,PRI,_T,_T,_T,_Z,_Z,_Z,2022,A,T,
45.195954,P1Y,0,,A,PU,_Z,2,,,False,WB_WDI,WB_WDI_EN_GHG_CO2_PC_CE_AR5,QAT,_T,_T,_T,_Z,_Z,_Z,2022,A,T,
3.97278,P1Y,0,,A,PU,_Z,2,,,False,WB_WDI,WB_WDI_EN_GHG_CO2_PC_CE_AR5,ROU,_T,_T,_T,_Z,_Z,_Z,2022,A,T,
13.141384,P1Y,0,,A,PU,_Z,2,,,False,WB_WDI,WB_WDI_EN_GHG_CO2_PC_CE_AR5,RUS,_T,_T,_T,_Z,_Z,_Z,2022,A,T,
0.161248,P1Y,0,,A,PU,_Z,2,,,False,WB_WDI,WB_WDI_EN_GHG_CO2_PC_CE_AR5,RWA,_T,_T,_T,_Z,_Z,_Z,2022,A,T,
1.544172,P1Y,0,,A,PU,_Z,2,,,False,WB_WDI,WB_WDI_EN_GHG_CO2_PC_CE_AR5,WSM,_T,_T,_T,_Z,_Z,_Z,2022,A,T,
10.20679,P1Y,0,,A,PU,_Z,2,,,False,WB_WDI,WB_WDI_EN_GHG_CO2_PC_CE_AR5,DEU,_T,_T,_T,_Z,_Z,_Z,2005,A,T,
0.316525,P1Y,0,,A,PU,_Z,2,,,False,WB_WDI,WB_WDI_EN_GHG_CO2_PC_CE_AR5,GHA,_T,_T,_T,_Z,_Z,_Z,2005,A,T,
13.932037,P1Y,0,,A,PU,_Z,2,,,False,WB_WDI,WB_WDI_EN_GHG_CO2_PC_CE_AR5,GIB,_T,_T,_T,_Z,_Z,_Z,2005,A,T,
9.432678,P1Y,0,,A,PU,_Z,2,,,False,WB_WDI,WB_WDI_EN_GHG_CO2_PC_CE_AR5,GRC,_T,_T,_T,_Z,_Z,_Z,2005,A,T,
10.728023,P1Y,0,,A,PU,_Z,2,,,False,WB_WDI,WB_WDI_EN_GHG_CO2_PC_CE_AR5,GRL,_T,_T,_T,_Z,_Z,_Z,2005,A,T,
0.649753,P1Y,0,,A,PU,_Z,2,,,False,WB_WDI,WB_WDI_EN_GHG_CO2_PC_CE_AR5,GRD,_T,_T,_T,_Z,_Z,_Z,2005,A,T,
0.001825,P1Y,0,,A,PU,_Z,2,,,False,WB_WDI,WB_WDI_EN_GHG_CO2_PC_CE_AR5,GUM,_T,_T,_T,_Z,_Z,_Z,2005,A,T,
0.898994,P1Y,0,,A,PU,_Z,2,,,False,WB_WDI,WB_WDI_EN_GHG_CO2_PC_CE_AR5,GTM,_T,_T,_T,_Z,_Z,_Z,2005,A,T,
0.189523,P1Y,0,,A,PU,_Z,2,,,False,WB_WDI,WB_WDI_EN_GHG_CO2_PC_CE_AR5,GIN,_T,_T,_T,_Z,_Z,_Z,2005,A,T,
0.199264,P1Y,0,,A,PU,_Z,2,,,False,WB_WDI,WB_WDI_EN_GHG_CO2_PC_CE_AR5,GNB,_T,_T,_T,_Z,_Z,_Z,2005,A,T,
1.949498,P1Y,0,,A,PU,_Z,2,,,False,WB_WDI,WB_WDI_EN_GHG_CO2_PC_CE_AR5,GUY,_T,_T,_T,_Z,_Z,_Z,2005,A,T,
0.201859,P1Y,0,,A,PU,_Z,2,,,False,WB_WDI,WB_WDI_EN_GHG_CO2_PC_CE_AR5,HTI,_T,_T,_T,_Z,_Z,_Z,2005,A,T,
0.948805,P1Y,0,,A,PU,_Z,2,,,False,WB_WDI,WB_WDI_EN_GHG_CO2_PC_CE_AR5,HND,_T,_T,_T,_Z,_Z,_Z,2005,A,T,
6.312071,P1Y,0,,A,PU,_Z,2,,,False,WB_WDI,WB_WDI_EN_GHG_CO2_PC_CE_AR5,HKG,_T,_T,_T,_Z,_Z,_Z,2005,A,T,
11.531853,P1Y,0,,A,PU,_Z,2,,,False,WB_WDI,WB_WDI_EN_GHG_CO2_PC_CE_AR5,OMN,_T,_T,_T,_Z,_Z,_Z,2000,A,T,
0.722434,P1Y,0,,A,PU,_Z,2,,,False,WB_WDI,WB_WDI_EN_GHG_CO2_PC_CE_AR5,PAK,_T,_T,_T,_Z,_Z,_Z,2000,A,T,
110.647617,P1Y,0,,A,PU,_Z,2,,,False,WB_WDI,WB_WDI_EN_GHG_CO2_PC_CE_AR5,PLW,_T,_T,_T,_Z,_Z,_Z,2000,A,T,
1.724141,P1Y,0,,A,PU,_Z,2,,,False,WB_WDI,WB_WDI_EN_GHG_CO2_PC_CE_AR5,PAN,_T,_T,_T,_Z,_Z,_Z,2000,A,T,
0.526362,P1Y,0,,A,PU,_Z,2,,,False,WB_WDI,WB_WDI_EN_GHG_CO2_PC_CE_AR5,PNG,_T,_T,_T,_Z,_Z,_Z,2000,A,T,
0.714114,P1Y,0,,A,PU,_Z,2,,,False,WB_WDI,WB_WDI_EN_GHG_CO2_PC_CE_AR5,PRY,_T,_T,_T,_Z,_Z,_Z,2000,A,T,
1.089786,P1Y,0,,A,PU,_Z,2,,,False,WB_WDI,WB_WDI_EN_GHG_CO2_PC_CE_AR5,PER,_T,_T,_T,_Z,_Z,_Z,2000,A,T,
0.932672,P1Y,0,,A,PU,_Z,2,,,False,WB_WDI,WB_WDI_EN_GHG_CO2_PC_CE_AR5,PHL,_T,_T,_T,_Z,_Z,_Z,2000,A,T,
8.181877,P1Y,0,,A,PU,_Z,2,,,False,WB_WDI,WB_WDI_EN_GHG_CO2_PC_CE_AR5,POL,_T,_T,_T,_Z,_Z,_Z,2000,A,T,
6.243483,P1Y,0,,A,PU,_Z,2,,,False,WB_WDI,WB_WDI_EN_GHG_CO2_PC_CE_AR5,PRT,_T,_T,_T,_Z,_Z,_Z,2000,A,T,
6.608924,P1Y,0,,A,PU,_Z,2,,,False,WB_WDI,WB_WDI_EN_GHG_CO2_PC_CE_AR5,PRI,_T,_T,_T,_Z,_Z,_Z,2000,A,T,
49.229057,P1Y,0,,A,PU,_Z,2,,,False,WB_WDI,WB_WDI_EN_GHG_CO2_PC_CE_AR5,QAT,_T,_T,_T,_Z,_Z,_Z,2000,A,T,
0.315154,P1Y,0,,A,PU,_Z,2,,,False,WB_WDI,WB_WDI_EN_GHG_CO2_PC_CE_AR5,MLI,_T,_T,_T,_Z,_Z,_Z,2020,A,T,
3.143417,P1Y,0,,A,PU,_Z,2,,,False,WB_WDI,WB_WDI_EN_GHG_CO2_PC_CE_AR5,MLT,_T,_T,_T,_Z,_Z,_Z,2020,A,T,
0.002342,P1Y,0,,A,PU,_Z,2,,,False,WB_WDI,WB_WDI_EN_GHG_CO2_PC_CE_AR5,MHL,_T,_T,_T,_Z,_Z,_Z,2020,A,T,
1.007667,P1Y,0,,A,PU,_Z,2,,,False,WB_WDI,WB_WDI_EN_GHG_CO2_PC_CE_AR5,MRT,_T,_T,_T,_Z,_Z,_Z,2020,A,T,
2.958103,P1Y,0,,A,PU,_Z,2,,,False,WB_WDI,WB_WDI_EN_GHG_CO2_PC_CE_AR5,MUS,_T,_T,_T,_Z,_Z,_Z,2020,A,T,
3.462471,P1Y,0,,A,PU,_Z,2,,,False,WB_WDI,WB_WDI_EN_GHG_CO2_PC_CE_AR5,MEX,_T,_T,_T,_Z,_Z,_Z,2020,A,T,
0.001803,P1Y,0,,A,PU,_Z,2,,,False,WB_WDI,WB_WDI_EN_GHG_CO2_PC_CE_AR5,FSM,_T,_T,_T,_Z,_Z,_Z,2020,A,T,
3.357861,P1Y,0,,A,PU,_Z,2,,,False,WB_WDI,WB_WDI_EN_GHG_CO2_PC_CE_AR5,MDA,_T,_T,_T,_Z,_Z,_Z,2020,A,T,
6.767093,P1Y,0,,A,PU,_Z,2,,,False,WB_WDI,WB_WDI_EN_GHG_CO2_PC_CE_AR5,MNG,_T,_T,_T,_Z,_Z,_Z,2020,A,T,
5.279956,P1Y,0,,A,PU,_Z,2,,,False,WB_WDI,WB_WDI_EN_GHG_CO2_PC_CE_AR5,HRV,_T,_T,_T,_Z,_Z,_Z,2004,A,T,
2.252634,P1Y,0,,A,PU,_Z,2,,,False,WB_WDI,WB_WDI_EN_GHG_CO2_PC_CE_AR5,CUB,_T,_T,_T,_Z,_Z,_Z,2004,A,T,
7.652315,P1Y,0,,A,PU,_Z,2,,,False,WB_WDI,WB_WDI_EN_GHG_CO2_PC_CE_AR5,CYP,_T,_T,_T,_Z,_Z,_Z,2004,A,T,
12.899009,P1Y,0,,A,PU,_Z,2,,,False,WB_WDI,WB_WDI_EN_GHG_CO2_PC_CE_AR5,CZE,_T,_T,_T,_Z,_Z,_Z,2004,A,T,
10.013058,P1Y,0,,A,PU,_Z,2,,,False,WB_WDI,WB_WDI_EN_GHG_CO2_PC_CE_AR5,DNK,_T,_T,_T,_Z,_Z,_Z,2004,A,T,
0.958089,P1Y,0,,A,PU,_Z,2,,,False,WB_WDI,WB_WDI_EN_GHG_CO2_PC_CE_AR5,DJI,_T,_T,_T,_Z,_Z,_Z,2004,A,T,
0.871098,P1Y,0,,A,PU,_Z,2,,,False,WB_WDI,WB_WDI_EN_GHG_CO2_PC_CE_AR5,DMA,_T,_T,_T,_Z,_Z,_Z,2004,A,T,
1.913861,P1Y,0,,A,PU,_Z,2,,,False,WB_WDI,WB_WDI_EN_GHG_CO2_PC_CE_AR5,DOM,_T,_T,_T,_Z,_Z,_Z,2004,A,T,
1.966815,P1Y,0,,A,PU,_Z,2,,,False,WB_WDI,WB_WDI_EN_GHG_CO2_PC_CE_AR5,ECU,_T,_T,_T,_Z,_Z,_Z,2004,A,T,
2.018407,P1Y,0,,A,PU,_Z,2,,,False,WB_WDI,WB_WDI_EN_GHG_CO2_PC_CE_AR5,EGY,_T,_T,_T,_Z,_Z,_Z,2004,A,T,
1.137331,P1Y,0,,A,PU,_Z,2,,,False,WB_WDI,WB_WDI_EN_GHG_CO2_PC_CE_AR5,SLV,_T,_T,_T,_Z,_Z,_Z,2004,A,T,
6.97831,P1Y,0,,A,PU,_Z,2,,,False,WB_WDI,WB_WDI_EN_GHG_CO2_PC_CE_AR5,GNQ,_T,_T,_T,_Z,_Z,_Z,2004,A,T,
7.930918,P1Y,0,,A,PU,_Z,2,,,False,WB_WDI,WB_WDI_EN_GHG_CO2_PC_CE_AR5,ESP,_T,_T,_T,_Z,_Z,_Z,2002,A,T,
0.60077,P1Y,0,,A,PU,_Z,2,,,False,WB_WDI,WB_WDI_EN_GHG_CO2_PC_CE_AR5,LKA,_T,_T,_T,_Z,_Z,_Z,2002,A,T,
1.260322,P1Y,0,,A,PU,_Z,2,,,False,WB_WDI,WB_WDI_EN_GHG_CO2_PC_CE_AR5,KNA,_T,_T,_T,_Z,_Z,_Z,2002,A,T,
0.603189,P1Y,0,,A,PU,_Z,2,,,False,WB_WDI,WB_WDI_EN_GHG_CO2_PC_CE_AR5,LCA,_T,_T,_T,_Z,_Z,_Z,2002,A,T,
0.490529,P1Y,0,,A,PU,_Z,2,,,False,WB_WDI,WB_WDI_EN_GHG_CO2_PC_CE_AR5,VCT,_T,_T,_T,_Z,_Z,_Z,2002,A,T,
0.273652,P1Y,0,,A,PU,_Z,2,,,False,WB_WDI,WB_WDI_EN_GHG_CO2_PC_CE_AR5,SDN,_T,_T,_T,_Z,_Z,_Z,2002,A,T,
2.251934,P1Y,0,,A,PU,_Z,2,,,False,WB_WDI,WB_WDI_EN_GHG_CO2_PC_CE_AR5,SUR,_T,_T,_T,_Z,_Z,_Z,2002,A,T,
6.654227,P1Y,0,,A,PU,_Z,2,,,False,WB_WDI,WB_WDI_EN_GHG_CO2_PC_CE_AR5,SWE,_T,_T,_T,_Z,_Z,_Z,2002,A,T,
6.119343,P1Y,0,,A,PU,_Z,2,,,False,WB_WDI,WB_WDI_EN_GHG_CO2_PC_CE_AR5,CHE,_T,_T,_T,_Z,_Z,_Z,2002,A,T,
2.623485,P1Y,0,,A,PU,_Z,2,,,False,WB_WDI,WB_WDI_EN_GHG_CO2_PC_CE_AR5,SYR,_T,_T,_T,_Z,_Z,_Z,2002,A,T,
0.421852,P1Y,0,,A,PU,_Z,2,,,False,WB_WDI,WB_WDI_EN_GHG_CO2_PC_CE_AR5,TJK,_T,_T,_T,_Z,_Z,_Z,2002,A,T,
0.103523,P1Y,0,,A,PU,_Z,2,,,False,WB_WDI,WB_WDI_EN_GHG_CO2_PC_CE_AR5,TZA,_T,_T,_T,_Z,_Z,_Z,2002,A,T,
3.70071,P1Y,0,,A,PU,_Z,2,,,False,WB_WDI,WB_WDI_EN_GHG_CO2_PC_CE_AR5,MAC,_T,_T,_T,_Z,_Z,_Z,2007,A,T,
0.088756,P1Y,0,,A,PU,_Z,2,,,False,WB_WDI,WB_WDI_EN_GHG_CO2_PC_CE_AR5,MDG,_T,_T,_T,_Z,_Z,_Z,2007,A,T,
0.300479,P1Y,0,,A,PU,_Z,2,,,False,WB_WDI,WB_WDI_EN_GHG_CO2_PC_CE_AR5,MWI,_T,_T,_T,_Z,_Z,_Z,2007,A,T,
7.588619,P1Y,0,,A,PU,_Z,2,,,False,WB_WDI,WB_WDI_EN_GHG_CO2_PC_CE_AR5,MYS,_T,_T,_T,_Z,_Z,_Z,2007,A,T,
2.705876,P1Y,0,,A,PU,_Z,2,,,False,WB_WDI,WB_WDI_EN_GHG_CO2_PC_CE_AR5,MDV,_T,_T,_T,_Z,_Z,_Z,2007,A,T,
0.093521,P1Y,0,,A,PU,_Z,2,,,False,WB_WDI,WB_WDI_EN_GHG_CO2_PC_CE_AR5,MLI,_T,_T,_T,_Z,_Z,_Z,2007,A,T,
6.695941,P1Y,0,,A,PU,_Z,2,,,False,WB_WDI,WB_WDI_EN_GHG_CO2_PC_CE_AR5,MLT,_T,_T,_T,_Z,_Z,_Z,2007,A,T,
0.001922,P1Y,0,,A,PU,_Z,2,,,False,WB_WDI,WB_WDI_EN_GHG_CO2_PC_CE_AR5,MHL,_T,_T,_T,_Z,_Z,_Z,2007,A,T,
0.608071,P1Y,0,,A,PU,_Z,2,,,False,WB_WDI,WB_WDI_EN_GHG_CO2_PC_CE_AR5,MRT,_T,_T,_T,_Z,_Z,_Z,2007,A,T,
2.75429,P1Y,0,,A,PU,_Z,2,,,False,WB_WDI,WB_WDI_EN_GHG_CO2_PC_CE_AR5,MUS,_T,_T,_T,_Z,_Z,_Z,2007,A,T,
4.328992,P1Y,0,,A,PU,_Z,2,,,False,WB_WDI,WB_WDI_EN_GHG_CO2_PC_CE_AR5,MEX,_T,_T,_T,_Z,_Z,_Z,2007,A,T,
0.00182,P1Y,0,,A,PU,_Z,2,,,False,WB_WDI,WB_WDI_EN_GHG_CO2_PC_CE_AR5,FSM,_T,_T,_T,_Z,_Z,_Z,2007,A,T,
12.305087,P1Y,0,,A,PU,_Z,2,,,False,WB_WDI,WB_WDI_EN_GHG_CO2_PC_CE_AR5,KAZ,_T,_T,_T,_Z,_Z,_Z,2022,A,T,
0.405007,P1Y,0,,A,PU,_Z,2,,,False,WB_WDI,WB_WDI_EN_GHG_CO2_PC_CE_AR5,KEN,_T,_T,_T,_Z,_Z,_Z,2022,A,T,
0.580981,P1Y,0,,A,PU,_Z,2,,,False,WB_WDI,WB_WDI_EN_GHG_CO2_PC_CE_AR5,KIR,_T,_T,_T,_Z,_Z,_Z,2022,A,T,
2.27141,P1Y,0,,A,PU,_Z,2,,,False,WB_WDI,WB_WDI_EN_GHG_CO2_PC_CE_AR5,PRK,_T,_T,_T,_Z,_Z,_Z,2022,A,T,
11.873741,P1Y,0,,A,PU,_Z,2,,,False,WB_WDI,WB_WDI_EN_GHG_CO2_PC_CE_AR5,KOR,_T,_T,_T,_Z,_Z,_Z,2022,A,T,
22.358558,P1Y,0,,A,PU,_Z,2,,,False,WB_WDI,WB_WDI_EN_GHG_CO2_PC_CE_AR5,KWT,_T,_T,_T,_Z,_Z,_Z,2022,A,T,
1.505487,P1Y,0,,A,PU,_Z,2,,,False,WB_WDI,WB_WDI_EN_GHG_CO2_PC_CE_AR5,KGZ,_T,_T,_T,_Z,_Z,_Z,2022,A,T,
3.179187,P1Y,0,,A,PU,_Z,2,,,False,WB_WDI,WB_WDI_EN_GHG_CO2_PC_CE_AR5,LAO,_T,_T,_T,_Z,_Z,_Z,2022,A,T,
3.685678,P1Y,0,,A,PU,_Z,2,,,False,WB_WDI,WB_WDI_EN_GHG_CO2_PC_CE_AR5,LVA,_T,_T,_T,_Z,_Z,_Z,2022,A,T,
1.816524,P1Y,0,,A,PU,_Z,2,,,False,WB_WDI,WB_WDI_EN_GHG_CO2_PC_CE_AR5,LBN,_T,_T,_T,_Z,_Z,_Z,2022,A,T,
0.429157,P1Y,0,,A,PU,_Z,2,,,False,WB_WDI,WB_WDI_EN_GHG_CO2_PC_CE_AR5,LSO,_T,_T,_T,_Z,_Z,_Z,2022,A,T,
0.161651,P1Y,0,,A,PU,_Z,2,,,False,WB_WDI,WB_WDI_EN_GHG_CO2_PC_CE_AR5,LBR,_T,_T,_T,_Z,_Z,_Z,2022,A,T,
11.113906,P1Y,0,,A,PU,_Z,2,,,False,WB_WDI,WB_WDI_EN_GHG_CO2_PC_CE_AR5,FIN,_T,_T,_T,_Z,_Z,_Z,2000,A,T,
6.580348,P1Y,0,,A,PU,_Z,2,,,False,WB_WDI,WB_WDI_EN_GHG_CO2_PC_CE_AR5,FRA,_T,_T,_T,_Z,_Z,_Z,2000,A,T,
2.952937,P1Y,0,,A,PU,_Z,2,,,False,WB_WDI,WB_WDI_EN_GHG_CO2_PC_CE_AR5,PYF,_T,_T,_T,_Z,_Z,_Z,2000,A,T,
5.177207,P1Y,0,,A,PU,_Z,2,,,False,WB_WDI,WB_WDI_EN_GHG_CO2_PC_CE_AR5,GAB,_T,_T,_T,_Z,_Z,_Z,2000,A,T,
0.182945,P1Y,0,,A,PU,_Z,2,,,False,WB_WDI,WB_WDI_EN_GHG_CO2_PC_CE_AR5,GMB,_T,_T,_T,_Z,_Z,_Z,2000,A,T,
1.278497,P1Y,0,,A,PU,_Z,2,,,False,WB_WDI,WB_WDI_EN_GHG_CO2_PC_CE_AR5,GEO,_T,_T,_T,_Z,_Z,_Z,2000,A,T,
10.599303,P1Y,0,,A,PU,_Z,2,,,False,WB_WDI,WB_WDI_EN_GHG_CO2_PC_CE_AR5,DEU,_T,_T,_T,_Z,_Z,_Z,2000,A,T,
0.30642,P1Y,0,,A,PU,_Z,2,,,False,WB_WDI,WB_WDI_EN_GHG_CO2_PC_CE_AR5,GHA,_T,_T,_T,_Z,_Z,_Z,2000,A,T,
12.313689,P1Y,0,,A,PU,_Z,2,,,False,WB_WDI,WB_WDI_EN_GHG_CO2_PC_CE_AR5,GIB,_T,_T,_T,_Z,_Z,_Z,2000,A,T,
8.890247,P1Y,0,,A,PU,_Z,2,,,False,WB_WDI,WB_WDI_EN_GHG_CO2_PC_CE_AR5,GRC,_T,_T,_T,_Z,_Z,_Z,2000,A,T,
0.023138,P1Y,0,,A,PU,_Z,2,,,False,WB_WDI,WB_WDI_EN_GHG_CO2_PC_CE_AR5,GRL,_T,_T,_T,_Z,_Z,_Z,2000,A,T,
0.534197,P1Y,0,,A,PU,_Z,2,,,False,WB_WDI,WB_WDI_EN_GHG_CO2_PC_CE_AR5,GRD,_T,_T,_T,_Z,_Z,_Z,2000,A,T,
0.001874,P1Y,0,,A,PU,_Z,2,,,False,WB_WDI,WB_WDI_EN_GHG_CO2_PC_CE_AR5,GUM,_T,_T,_T,_Z,_Z,_Z,2000,A,T,
0.827444,P1Y,0,,A,PU,_Z,2,,,False,WB_WDI,WB_WDI_EN_GHG_CO2_PC_CE_AR5,GTM,_T,_T,_T,_Z,_Z,_Z,2000,A,T,
0.618738,P1Y,0,,A,PU,_Z,2,,,False,WB_WDI,WB_WDI_EN_GHG_CO2_PC_CE_AR5,SLB,_T,_T,_T,_Z,_Z,_Z,2005,A,T,
0.070874,P1Y,0,,A,PU,_Z,2,,,False,WB_WDI,WB_WDI_EN_GHG_CO2_PC_CE_AR5,SOM,_T,_T,_T,_Z,_Z,_Z,2005,A,T,
8.815015,P1Y,0,,A,PU,_Z,2,,,False,WB_WDI,WB_WDI_EN_GHG_CO2_PC_CE_AR5,ZAF,_T,_T,_T,_Z,_Z,_Z,2005,A,T,
8.426284,P1Y,0,,A,PU,_Z,2,,,False,WB_WDI,WB_WDI_EN_GHG_CO2_PC_CE_AR5,ESP,_T,_T,_T,_Z,_Z,_Z,2005,A,T,
0.713778,P1Y,0,,A,PU,_Z,2,,,False,WB_WDI,WB_WDI_EN_GHG_CO2_PC_CE_AR5,LKA,_T,_T,_T,_Z,_Z,_Z,2005,A,T,
1.309301,P1Y,0,,A,PU,_Z,2,,,False,WB_WDI,WB_WDI_EN_GHG_CO2_PC_CE_AR5,KNA,_T,_T,_T,_Z,_Z,_Z,2005,A,T,
0.697492,P1Y,0,,A,PU,_Z,2,,,False,WB_WDI,WB_WDI_EN_GHG_CO2_PC_CE_AR5,LCA,_T,_T,_T,_Z,_Z,_Z,2005,A,T,
0.589595,P1Y,0,,A,PU,_Z,2,,,False,WB_WDI,WB_WDI_EN_GHG_CO2_PC_CE_AR5,VCT,_T,_T,_T,_Z,_Z,_Z,2005,A,T,
0.347657,P1Y,0,,A,PU,_Z,2,,,False,WB_WDI,WB_WDI_EN_GHG_CO2_PC_CE_AR5,SDN,_T,_T,_T,_Z,_Z,_Z,2005,A,T,
3.251989,P1Y,0,,A,PU,_Z,2,,,False,WB_WDI,WB_WDI_EN_GHG_CO2_PC_CE_AR5,SUR,_T,_T,_T,_Z,_Z,_Z,2005,A,T,
6.039445,P1Y,0,,A,PU,_Z,2,,,False,WB_WDI,WB_WDI_EN_GHG_CO2_PC_CE_AR5,SWE,_T,_T,_T,_Z,_Z,_Z,2005,A,T,
6.324173,P1Y,0,,A,PU,_Z,2,,,False,WB_WDI,WB_WDI_EN_GHG_CO2_PC_CE_AR5,CHE,_T,_T,_T,_Z,_Z,_Z,2005,A,T,
1.735141,P1Y,0,,A,PU,_Z,2,,,False,WB_WDI,WB_WDI_EN_GHG_CO2_PC_CE_AR5,PER,_T,_T,_T,_Z,_Z,_Z,2018,A,T,
1.291147,P1Y,0,,A,PU,_Z,2,,,False,WB_WDI,WB_WDI_EN_GHG_CO2_PC_CE_AR5,PHL,_T,_T,_T,_Z,_Z,_Z,2018,A,T,
8.680318,P1Y,0,,A,PU,_Z,2,,,False,WB_WDI,WB_WDI_EN_GHG_CO2_PC_CE_AR5,POL,_T,_T,_T,_Z,_Z,_Z,2018,A,T,
4.969728,P1Y,0,,A,PU,_Z,2,,,False,WB_WDI,WB_WDI_EN_GHG_CO2_PC_CE_AR5,PRT,_T,_T,_T,_Z,_Z,_Z,2018,A,T,
4.168001,P1Y,0,,A,PU,_Z,2,,,False,WB_WDI,WB_WDI_EN_GHG_CO2_PC_CE_AR5,PRI,_T,_T,_T,_Z,_Z,_Z,2018,A,T,
44.5209,P1Y,0,,A,PU,_Z,2,,,False,WB_WDI,WB_WDI_EN_GHG_CO2_PC_CE_AR5,QAT,_T,_T,_T,_Z,_Z,_Z,2018,A,T,
4.262197,P1Y,0,,A,PU,_Z,2,,,False,WB_WDI,WB_WDI_EN_GHG_CO2_PC_CE_AR5,ROU,_T,_T,_T,_Z,_Z,_Z,2018,A,T,
12.593925,P1Y,0,,A,PU,_Z,2,,,False,WB_WDI,WB_WDI_EN_GHG_CO2_PC_CE_AR5,RUS,_T,_T,_T,_Z,_Z,_Z,2018,A,T,
0.11684,P1Y,0,,A,PU,_Z,2,,,False,WB_WDI,WB_WDI_EN_GHG_CO2_PC_CE_AR5,RWA,_T,_T,_T,_Z,_Z,_Z,2018,A,T,
1.660549,P1Y,0,,A,PU,_Z,2,,,False,WB_WDI,WB_WDI_EN_GHG_CO2_PC_CE_AR5,WSM,_T,_T,_T,_Z,_Z,_Z,2018,A,T,
3.675176,P1Y,0,,A,PU,_Z,2,,,False,WB_WDI,WB_WDI_EN_GHG_CO2_PC_CE_AR5,BHS,_T,_T,_T,_Z,_Z,_Z,2019,A,T,
24.833868,P1Y,0,,A,PU,_Z,2,,,False,WB_WDI,WB_WDI_EN_GHG_CO2_PC_CE_AR5,BHR,_T,_T,_T,_Z,_Z,_Z,2019,A,T,
0.662908,P1Y,0,,A,PU,_Z,2,,,False,WB_WDI,WB_WDI_EN_GHG_CO2_PC_CE_AR5,BGD,_T,_T,_T,_Z,_Z,_Z,2019,A,T,
3.088828,P1Y,0,,A,PU,_Z,2,,,False,WB_WDI,WB_WDI_EN_GHG_CO2_PC_CE_AR5,BRB,_T,_T,_T,_Z,_Z,_Z,2019,A,T,
6.502025,P1Y,0,,A,PU,_Z,2,,,False,WB_WDI,WB_WDI_EN_GHG_CO2_PC_CE_AR5,BLR,_T,_T,_T,_Z,_Z,_Z,2019,A,T,
8.73128,P1Y,0,,A,PU,_Z,2,,,False,WB_WDI,WB_WDI_EN_GHG_CO2_PC_CE_AR5,BEL,_T,_T,_T,_Z,_Z,_Z,2019,A,T,
1.032063,P1Y,0,,A,PU,_Z,2,,,False,WB_WDI,WB_WDI_EN_GHG_CO2_PC_CE_AR5,BLZ,_T,_T,_T,_Z,_Z,_Z,2019,A,T,
0.639872,P1Y,0,,A,PU,_Z,2,,,False,WB_WDI,WB_WDI_EN_GHG_CO2_PC_CE_AR5,BEN,_T,_T,_T,_Z,_Z,_Z,2019,A,T,
4.718673,P1Y,0,,A,PU,_Z,2,,,False,WB_WDI,WB_WDI_EN_GHG_CO2_PC_CE_AR5,BMU,_T,_T,_T,_Z,_Z,_Z,2019,A,T,
2.36172,P1Y,0,,A,PU,_Z,2,,,False,WB_WDI,WB_WDI_EN_GHG_CO2_PC_CE_AR5,BTN,_T,_T,_T,_Z,_Z,_Z,2019,A,T,
1.884926,P1Y,0,,A,PU,_Z,2,,,False,WB_WDI,WB_WDI_EN_GHG_CO2_PC_CE_AR5,BOL,_T,_T,_T,_Z,_Z,_Z,2019,A,T,
6.754529,P1Y,0,,A,PU,_Z,2,,,False,WB_WDI,WB_WDI_EN_GHG_CO2_PC_CE_AR5,BIH,_T,_T,_T,_Z,_Z,_Z,2019,A,T,
0.855839,P1Y,0,,A,PU,_Z,2,,,False,WB_WDI,WB_WDI_EN_GHG_CO2_PC_CE_AR5,SSF,_T,_T,_T,_Z,_Z,_Z,2014,A,T,
0.85498,P1Y,0,,A,PU,_Z,2,,,False,WB_WDI,WB_WDI_EN_GHG_CO2_PC_CE_AR5,SSA,_T,_T,_T,_Z,_Z,_Z,2014,A,T,
0.855839,P1Y,0,,A,PU,_Z,2,,,False,WB_WDI,WB_WDI_EN_GHG_CO2_PC_CE_AR5,TSS,_T,_T,_T,_Z,_Z,_Z,2014,A,T,
5.666185,P1Y,0,,A,PU,_Z,2,,,False,WB_WDI,WB_WDI_EN_GHG_CO2_PC_CE_AR5,UMC,_T,_T,_T,_Z,_Z,_Z,2014,A,T,
4.777251,P1Y,0,,A,PU,_Z,2,,,False,WB_WDI,WB_WDI_EN_GHG_CO2_PC_CE_AR5,WLD,_T,_T,_T,_Z,_Z,_Z,2014,A,T,
0.242702,P1Y,0,,A,PU,_Z,2,,,False,WB_WDI,WB_WDI_EN_GHG_CO2_PC_CE_AR5,AFG,_T,_T,_T,_Z,_Z,_Z,2014,A,T,
1.839448,P1Y,0,,A,PU,_Z,2,,,False,WB_WDI,WB_WDI_EN_GHG_CO2_PC_CE_AR5,ALB,_T,_T,_T,_Z,_Z,_Z,2014,A,T,
3.954416,P1Y,0,,A,PU,_Z,2,,,False,WB_WDI,WB_WDI_EN_GHG_CO2_PC_CE_AR5,DZA,_T,_T,_T,_Z,_Z,_Z,2014,A,T,
0.00187,P1Y,0,,A,PU,_Z,2,,,False,WB_WDI,WB_WDI_EN_GHG_CO2_PC_CE_AR5,ASM,_T,_T,_T,_Z,_Z,_Z,2014,A,T,
1.137203,P1Y,0,,A,PU,_Z,2,,,False,WB_WDI,WB_WDI_EN_GHG_CO2_PC_CE_AR5,AGO,_T,_T,_T,_Z,_Z,_Z,2014,A,T,
3.151017,P1Y,0,,A,PU,_Z,2,,,False,WB_WDI,WB_WDI_EN_GHG_CO2_PC_CE_AR5,ATG,_T,_T,_T,_Z,_Z,_Z,2014,A,T,
4.416746,P1Y,0,,A,PU,_Z,2,,,False,WB_WDI,WB_WDI_EN_GHG_CO2_PC_CE_AR5,ARG,_T,_T,_T,_Z,_Z,_Z,2014,A,T,
0.689226,P1Y,0,,A,PU,_Z,2,,,False,WB_WDI,WB_WDI_EN_GHG_CO2_PC_CE_AR5,LKA,_T,_T,_T,_Z,_Z,_Z,2007,A,T,
1.637905,P1Y,0,,A,PU,_Z,2,,,False,WB_WDI,WB_WDI_EN_GHG_CO2_PC_CE_AR5,KNA,_T,_T,_T,_Z,_Z,_Z,2007,A,T,
0.824998,P1Y,0,,A,PU,_Z,2,,,False,WB_WDI,WB_WDI_EN_GHG_CO2_PC_CE_AR5,LCA,_T,_T,_T,_Z,_Z,_Z,2007,A,T,
0.70115,P1Y,0,,A,PU,_Z,2,,,False,WB_WDI,WB_WDI_EN_GHG_CO2_PC_CE_AR5,VCT,_T,_T,_T,_Z,_Z,_Z,2007,A,T,
0.43952,P1Y,0,,A,PU,_Z,2,,,False,WB_WDI,WB_WDI_EN_GHG_CO2_PC_CE_AR5,SDN,_T,_T,_T,_Z,_Z,_Z,2007,A,T,
2.664326,P1Y,0,,A,PU,_Z,2,,,False,WB_WDI,WB_WDI_EN_GHG_CO2_PC_CE_AR5,SUR,_T,_T,_T,_Z,_Z,_Z,2007,A,T,
5.776429,P1Y,0,,A,PU,_Z,2,,,False,WB_WDI,WB_WDI_EN_GHG_CO2_PC_CE_AR5,SWE,_T,_T,_T,_Z,_Z,_Z,2007,A,T,
5.90857,P1Y,0,,A,PU,_Z,2,,,False,WB_WDI,WB_WDI_EN_GHG_CO2_PC_CE_AR5,CHE,_T,_T,_T,_Z,_Z,_Z,2007,A,T,
3.113504,P1Y,0,,A,PU,_Z,2,,,False,WB_WDI,WB_WDI_EN_GHG_CO2_PC_CE_AR5,SYR,_T,_T,_T,_Z,_Z,_Z,2007,A,T,
0.562974,P1Y,0,,A,PU,_Z,2,,,False,WB_WDI,WB_WDI_EN_GHG_CO2_PC_CE_AR5,TJK,_T,_T,_T,_Z,_Z,_Z,2007,A,T,
0.150653,P1Y,0,,A,PU,_Z,2,,,False,WB_WDI,WB_WDI_EN_GHG_CO2_PC_CE_AR5,TZA,_T,_T,_T,_Z,_Z,_Z,2007,A,T,
0.046674,P1Y,0,,A,PU,_Z,2,,,False,WB_WDI,WB_WDI_EN_GHG_CO2_PC_CE_AR5,COD,_T,_T,_T,_Z,_Z,_Z,2021,A,T,
1.206344,P1Y,0,,A,PU,_Z,2,,,False,WB_WDI,WB_WDI_EN_GHG_CO2_PC_CE_AR5,COG,_T,_T,_T,_Z,_Z,_Z,2021,A,T,
1.591526,P1Y,0,,A,PU,_Z,2,,,False,WB_WDI,WB_WDI_EN_GHG_CO2_PC_CE_AR5,CRI,_T,_T,_T,_Z,_Z,_Z,2021,A,T,
0.580322,P1Y,0,,A,PU,_Z,2,,,False,WB_WDI,WB_WDI_EN_GHG_CO2_PC_CE_AR5,CIV,_T,_T,_T,_Z,_Z,_Z,2021,A,T,
4.513221,P1Y,0,,A,PU,_Z,2,,,False,WB_WDI,WB_WDI_EN_GHG_CO2_PC_CE_AR5,HRV,_T,_T,_T,_Z,_Z,_Z,2021,A,T,
1.956022,P1Y,0,,A,PU,_Z,2,,,False,WB_WDI,WB_WDI_EN_GHG_CO2_PC_CE_AR5,CUB,_T,_T,_T,_Z,_Z,_Z,2021,A,T,
5.252526,P1Y,0,,A,PU,_Z,2,,,False,WB_WDI,WB_WDI_EN_GHG_CO2_PC_CE_AR5,CYP,_T,_T,_T,_Z,_Z,_Z,2021,A,T,
9.472431,P1Y,0,,A,PU,_Z,2,,,False,WB_WDI,WB_WDI_EN_GHG_CO2_PC_CE_AR5,CZE,_T,_T,_T,_Z,_Z,_Z,2021,A,T,
5.047882,P1Y,0,,A,PU,_Z,2,,,False,WB_WDI,WB_WDI_EN_GHG_CO2_PC_CE_AR5,DNK,_T,_T,_T,_Z,_Z,_Z,2021,A,T,
0.73106,P1Y,0,,A,PU,_Z,2,,,False,WB_WDI,WB_WDI_EN_GHG_CO2_PC_CE_AR5,DJI,_T,_T,_T,_Z,_Z,_Z,2021,A,T,
1.136871,P1Y,0,,A,PU,_Z,2,,,False,WB_WDI,WB_WDI_EN_GHG_CO2_PC_CE_AR5,DMA,_T,_T,_T,_Z,_Z,_Z,2021,A,T,
122.137247,P1Y,0,,A,PU,_Z,2,,,False,WB_WDI,WB_WDI_EN_GHG_CO2_PC_CE_AR5,PLW,_T,_T,_T,_Z,_Z,_Z,2001,A,T,
2.021673,P1Y,0,,A,PU,_Z,2,,,False,WB_WDI,WB_WDI_EN_GHG_CO2_PC_CE_AR5,PAN,_T,_T,_T,_Z,_Z,_Z,2001,A,T,
0.618441,P1Y,0,,A,PU,_Z,2,,,False,WB_WDI,WB_WDI_EN_GHG_CO2_PC_CE_AR5,PNG,_T,_T,_T,_Z,_Z,_Z,2001,A,T,
0.729978,P1Y,0,,A,PU,_Z,2,,,False,WB_WDI,WB_WDI_EN_GHG_CO2_PC_CE_AR5,PRY,_T,_T,_T,_Z,_Z,_Z,2001,A,T,
0.999073,P1Y,0,,A,PU,_Z,2,,,False,WB_WDI,WB_WDI_EN_GHG_CO2_PC_CE_AR5,PER,_T,_T,_T,_Z,_Z,_Z,2001,A,T,
0.88072,P1Y,0,,A,PU,_Z,2,,,False,WB_WDI,WB_WDI_EN_GHG_CO2_PC_CE_AR5,PHL,_T,_T,_T,_Z,_Z,_Z,2001,A,T,
8.098695,P1Y,0,,A,PU,_Z,2,,,False,WB_WDI,WB_WDI_EN_GHG_CO2_PC_CE_AR5,POL,_T,_T,_T,_Z,_Z,_Z,2001,A,T,
6.127521,P1Y,0,,A,PU,_Z,2,,,False,WB_WDI,WB_WDI_EN_GHG_CO2_PC_CE_AR5,PRT,_T,_T,_T,_Z,_Z,_Z,2001,A,T,
6.510781,P1Y,0,,A,PU,_Z,2,,,False,WB_WDI,WB_WDI_EN_GHG_CO2_PC_CE_AR5,PRI,_T,_T,_T,_Z,_Z,_Z,2001,A,T,
47.83656,P1Y,0,,A,PU,_Z,2,,,False,WB_WDI,WB_WDI_EN_GHG_CO2_PC_CE_AR5,QAT,_T,_T,_T,_Z,_Z,_Z,2001,A,T,
4.717538,P1Y,0,,A,PU,_Z,2,,,False,WB_WDI,WB_WDI_EN_GHG_CO2_PC_CE_AR5,ROU,_T,_T,_T,_Z,_Z,_Z,2001,A,T,
11.538001,P1Y,0,,A,PU,_Z,2,,,False,WB_WDI,WB_WDI_EN_GHG_CO2_PC_CE_AR5,RUS,_T,_T,_T,_Z,_Z,_Z,2001,A,T,
0.083938,P1Y,0,,A,PU,_Z,2,,,False,WB_WDI,WB_WDI_EN_GHG_CO2_PC_CE_AR5,RWA,_T,_T,_T,_Z,_Z,_Z,2001,A,T,
0.721299,P1Y,0,,A,PU,_Z,2,,,False,WB_WDI,WB_WDI_EN_GHG_CO2_PC_CE_AR5,SSF,_T,_T,_T,_Z,_Z,_Z,2022,A,T,
0.720678,P1Y,0,,A,PU,_Z,2,,,False,WB_WDI,WB_WDI_EN_GHG_CO2_PC_CE_AR5,SSA,_T,_T,_T,_Z,_Z,_Z,2022,A,T,
0.721299,P1Y,0,,A,PU,_Z,2,,,False,WB_WDI,WB_WDI_EN_GHG_CO2_PC_CE_AR5,TSS,_T,_T,_T,_Z,_Z,_Z,2022,A,T,
6.108832,P1Y,0,,A,PU,_Z,2,,,False,WB_WDI,WB_WDI_EN_GHG_CO2_PC_CE_AR5,UMC,_T,_T,_T,_Z,_Z,_Z,2022,A,T,
4.667898,P1Y,0,,A,PU,_Z,2,,,False,WB_WDI,WB_WDI_EN_GHG_CO2_PC_CE_AR5,WLD,_T,_T,_T,_Z,_Z,_Z,2022,A,T,
0.278421,P1Y,0,,A,PU,_Z,2,,,False,WB_WDI,WB_WDI_EN_GHG_CO2_PC_CE_AR5,AFG,_T,_T,_T,_Z,_Z,_Z,2022,A,T,
1.845258,P1Y,0,,A,PU,_Z,2,,,False,WB_WDI,WB_WDI_EN_GHG_CO2_PC_CE_AR5,ALB,_T,_T,_T,_Z,_Z,_Z,2022,A,T,
4.160059,P1Y,0,,A,PU,_Z,2,,,False,WB_WDI,WB_WDI_EN_GHG_CO2_PC_CE_AR5,DZA,_T,_T,_T,_Z,_Z,_Z,2022,A,T,
0.002069,P1Y,0,,A,PU,_Z,2,,,False,WB_WDI,WB_WDI_EN_GHG_CO2_PC_CE_AR5,ASM,_T,_T,_T,_Z,_Z,_Z,2022,A,T,
0.748811,P1Y,0,,A,PU,_Z,2,,,False,WB_WDI,WB_WDI_EN_GHG_CO2_PC_CE_AR5,AGO,_T,_T,_T,_Z,_Z,_Z,2022,A,T,
3.694528,P1Y,0,,A,PU,_Z,2,,,False,WB_WDI,WB_WDI_EN_GHG_CO2_PC_CE_AR5,ATG,_T,_T,_T,_Z,_Z,_Z,2022,A,T,
4.295312,P1Y,0,,A,PU,_Z,2,,,False,WB_WDI,WB_WDI_EN_GHG_CO2_PC_CE_AR5,ARG,_T,_T,_T,_Z,_Z,_Z,2022,A,T,
2.618281,P1Y,0,,A,PU,_Z,2,,,False,WB_WDI,WB_WDI_EN_GHG_CO2_PC_CE_AR5,ARM,_T,_T,_T,_Z,_Z,_Z,2022,A,T,
0.002049,P1Y,0,,A,PU,_Z,2,,,False,WB_WDI,WB_WDI_EN_GHG_CO2_PC_CE_AR5,MHL,_T,_T,_T,_Z,_Z,_Z,2015,A,T,
0.695166,P1Y,0,,A,PU,_Z,2,,,False,WB_WDI,WB_WDI_EN_GHG_CO2_PC_CE_AR5,MRT,_T,_T,_T,_Z,_Z,_Z,2015,A,T,
3.160002,P1Y,0,,A,PU,_Z,2,,,False,WB_WDI,WB_WDI_EN_GHG_CO2_PC_CE_AR5,MUS,_T,_T,_T,_Z,_Z,_Z,2015,A,T,
4.050697,P1Y,0,,A,PU,_Z,2,,,False,WB_WDI,WB_WDI_EN_GHG_CO2_PC_CE_AR5,MEX,_T,_T,_T,_Z,_Z,_Z,2015,A,T,
0.00184,P1Y,0,,A,PU,_Z,2,,,False,WB_WDI,WB_WDI_EN_GHG_CO2_PC_CE_AR5,FSM,_T,_T,_T,_Z,_Z,_Z,2015,A,T,
2.926398,P1Y,0,,A,PU,_Z,2,,,False,WB_WDI,WB_WDI_EN_GHG_CO2_PC_CE_AR5,MDA,_T,_T,_T,_Z,_Z,_Z,2015,A,T,
5.955306,P1Y,0,,A,PU,_Z,2,,,False,WB_WDI,WB_WDI_EN_GHG_CO2_PC_CE_AR5,MNG,_T,_T,_T,_Z,_Z,_Z,2015,A,T,
1.766835,P1Y,0,,A,PU,_Z,2,,,False,WB_WDI,WB_WDI_EN_GHG_CO2_PC_CE_AR5,MAR,_T,_T,_T,_Z,_Z,_Z,2015,A,T,
0.243269,P1Y,0,,A,PU,_Z,2,,,False,WB_WDI,WB_WDI_EN_GHG_CO2_PC_CE_AR5,MOZ,_T,_T,_T,_Z,_Z,_Z,2015,A,T,
2.502515,P1Y,0,,A,PU,_Z,2,,,False,WB_WDI,WB_WDI_EN_GHG_CO2_PC_CE_AR5,BHS,_T,_T,_T,_Z,_Z,_Z,2005,A,T,
26.293454,P1Y,0,,A,PU,_Z,2,,,False,WB_WDI,WB_WDI_EN_GHG_CO2_PC_CE_AR5,BHR,_T,_T,_T,_Z,_Z,_Z,2005,A,T,
0.279053,P1Y,0,,A,PU,_Z,2,,,False,WB_WDI,WB_WDI_EN_GHG_CO2_PC_CE_AR5,BGD,_T,_T,_T,_Z,_Z,_Z,2005,A,T,
2.402998,P1Y,0,,A,PU,_Z,2,,,False,WB_WDI,WB_WDI_EN_GHG_CO2_PC_CE_AR5,BRB,_T,_T,_T,_Z,_Z,_Z,2005,A,T,
6.210651,P1Y,0,,A,PU,_Z,2,,,False,WB_WDI,WB_WDI_EN_GHG_CO2_PC_CE_AR5,BLR,_T,_T,_T,_Z,_Z,_Z,2005,A,T,
11.357214,P1Y,0,,A,PU,_Z,2,,,False,WB_WDI,WB_WDI_EN_GHG_CO2_PC_CE_AR5,BEL,_T,_T,_T,_Z,_Z,_Z,2005,A,T,
0.539447,P1Y,0,,A,PU,_Z,2,,,False,WB_WDI,WB_WDI_EN_GHG_CO2_PC_CE_AR5,BLZ,_T,_T,_T,_Z,_Z,_Z,2005,A,T,
0.332477,P1Y,0,,A,PU,_Z,2,,,False,WB_WDI,WB_WDI_EN_GHG_CO2_PC_CE_AR5,BEN,_T,_T,_T,_Z,_Z,_Z,2005,A,T,
2.965987,P1Y,0,,A,PU,_Z,2,,,False,WB_WDI,WB_WDI_EN_GHG_CO2_PC_CE_AR5,BMU,_T,_T,_T,_Z,_Z,_Z,2005,A,T,
0.820258,P1Y,0,,A,PU,_Z,2,,,False,WB_WDI,WB_WDI_EN_GHG_CO2_PC_CE_AR5,BTN,_T,_T,_T,_Z,_Z,_Z,2005,A,T,
1.061581,P1Y,0,,A,PU,_Z,2,,,False,WB_WDI,WB_WDI_EN_GHG_CO2_PC_CE_AR5,BOL,_T,_T,_T,_Z,_Z,_Z,2005,A,T,
5.469203,P1Y,0,,A,PU,_Z,2,,,True,WB_WDI,WB_WDI_EN_GHG_CO2_PC_CE_AR5,EUU,_T,_T,_T,_Z,_Z,_Z,2024,A,T,
0.317849,P1Y,0,,A,PU,_Z,2,,,True,WB_WDI,WB_WDI_EN_GHG_CO2_PC_CE_AR5,HPC,_T,_T,_T,_Z,_Z,_Z,2024,A,T,
9.754787,P1Y,0,,A,PU,_Z,2,,,True,WB_WDI,WB_WDI_EN_GHG_CO2_PC_CE_AR5,HIC,_T,_T,_T,_Z,_Z,_Z,2024,A,T,
5.174697,P1Y,0,,A,PU,_Z,2,,,True,WB_WDI,WB_WDI_EN_GHG_CO2_PC_CE_AR5,IBD,_T,_T,_T,_Z,_Z,_Z,2024,A,T,
3.887668,P1Y,0,,A,PU,_Z,2,,,True,WB_WDI,WB_WDI_EN_GHG_CO2_PC_CE_AR5,IBT,_T,_T,_T,_Z,_Z,_Z,2024,A,T,
0.841413,P1Y,0,,A,PU,_Z,2,,,True,WB_WDI,WB_WDI_EN_GHG_CO2_PC_CE_AR5,IDB,_T,_T,_T,_Z,_Z,_Z,2024,A,T,
0.432024,P1Y,0,,A,PU,_Z,2,,,True,WB_WDI,WB_WDI_EN_GHG_CO2_PC_CE_AR5,IDX,_T,_T,_T,_Z,_Z,_Z,2024,A,T,
0.575459,P1Y,0,,A,PU,_Z,2,,,True,WB_WDI,WB_WDI_EN_GHG_CO2_PC_CE_AR5,IDA,_T,_T,_T,_Z,_Z,_Z,2024,A,T,
7.956331,P1Y,0,,A,PU,_Z,2,,,True,WB_WDI,WB_WDI_EN_GHG_CO2_PC_CE_AR5,LTE,_T,_T,_T,_Z,_Z,_Z,2024,A,T,
2.676176,P1Y,0,,A,PU,_Z,2,,,True,WB_WDI,WB_WDI_EN_GHG_CO2_PC_CE_AR5,LCN,_T,_T,_T,_Z,_Z,_Z,2024,A,T,
2.593047,P1Y,0,,A,PU,_Z,2,,,True,WB_WDI,WB_WDI_EN_GHG_CO2_PC_CE_AR5,LAC,_T,_T,_T,_Z,_Z,_Z,2024,A,T,
2.677541,P1Y,0,,A,PU,_Z,2,,,True,WB_WDI,WB_WDI_EN_GHG_CO2_PC_CE_AR5,TLA,_T,_T,_T,_Z,_Z,_Z,2024,A,T,
0.379115,P1Y,0,,A,PU,_Z,2,,,True,WB_WDI,WB_WDI_EN_GHG_CO2_PC_CE_AR5,LDC,_T,_T,_T,_Z,_Z,_Z,2024,A,T,
3.640432,P1Y,0,,A,PU,_Z,2,,,True,WB_WDI,WB_WDI_EN_GHG_CO2_PC_CE_AR5,LMY,_T,_T,_T,_Z,_Z,_Z,2024,A,T,
0.304735,P1Y,0,,A,PU,_Z,2,,,True,WB_WDI,WB_WDI_EN_GHG_CO2_PC_CE_AR5,LIC,_T,_T,_T,_Z,_Z,_Z,2024,A,T,
1.596776,P1Y,0,,A,PU,_Z,2,,,True,WB_WDI,WB_WDI_EN_GHG_CO2_PC_CE_AR5,LMC,_T,_T,_T,_Z,_Z,_Z,2024,A,T,
4.092394,P1Y,0,,A,PU,_Z,2,,,True,WB_WDI,WB_WDI_EN_GHG_CO2_PC_CE_AR5,MEA,_T,_T,_T,_Z,_Z,_Z,2024,A,T,
2.724003,P1Y,0,,A,PU,_Z,2,,,True,WB_WDI,WB_WDI_EN_GHG_CO2_PC_CE_AR5,MNA,_T,_T,_T,_Z,_Z,_Z,2024,A,T,
2.724003,P1Y,0,,A,PU,_Z,2,,,True,WB_WDI,WB_WDI_EN_GHG_CO2_PC_CE_AR5,TMN,_T,_T,_T,_Z,_Z,_Z,2024,A,T,
4.051796,P1Y,0,,A,PU,_Z,2,,,True,WB_WDI,WB_WDI_EN_GHG_CO2_PC_CE_AR5,MIC,_T,_T,_T,_Z,_Z,_Z,2024,A,T,
0.001916,P1Y,0,,A,PU,_Z,2,,,True,WB_WDI,WB_WDI_EN_GHG_CO2_PC_CE_AR5,VIR,_T,_T,_T,_Z,_Z,_Z,2024,A,T,
0.260707,P1Y,0,,A,PU,_Z,2,,,True,WB_WDI,WB_WDI_EN_GHG_CO2_PC_CE_AR5,YEM,_T,_T,_T,_Z,_Z,_Z,2024,A,T,
0.542961,P1Y,0,,A,PU,_Z,2,,,True,WB_WDI,WB_WDI_EN_GHG_CO2_PC_CE_AR5,ZMB,_T,_T,_T,_Z,_Z,_Z,2024,A,T,
0.772821,P1Y,0,,A,PU,_Z,2,,,True,WB_WDI,WB_WDI_EN_GHG_CO2_PC_CE_AR5,ZWE,_T,_T,_T,_Z,_Z,_Z,2024,A,T,
0.118902,P1Y,0,,A,PU,_Z,2,,,True,WB_WDI,WB_WDI_EN_GHG_CO2_PC_CE_AR5,NER,_T,_T,_T,_Z,_Z,_Z,2024,A,T,
0.566918,P1Y,0,,A,PU,_Z,2,,,True,WB_WDI,WB_WDI_EN_GHG_CO2_PC_CE_AR5,NGA,_T,_T,_T,_Z,_Z,_Z,2024,A,T,
3.999925,P1Y,0,,A,PU,_Z,2,,,True,WB_WDI,WB_WDI_EN_GHG_CO2_PC_CE_AR5,MKD,_T,_T,_T,_Z,_Z,_Z,2024,A,T,
0.002258,P1Y,0,,A,PU,_Z,2,,,True,WB_WDI,WB_WDI_EN_GHG_CO2_PC_CE_AR5,MNP,_T,_T,_T,_Z,_Z,_Z,2024,A,T,
7.178302,P1Y,0,,A,PU,_Z,2,,,True,WB_WDI,WB_WDI_EN_GHG_CO2_PC_CE_AR5,NOR,_T,_T,_T,_Z,_Z,_Z,2024,A,T,
18.651991,P1Y,0,,A,PU,_Z,2,,,True,WB_WDI,WB_WDI_EN_GHG_CO2_PC_CE_AR5,OMN,_T,_T,_T,_Z,_Z,_Z,2024,A,T,
0.811832,P1Y,0,,A,PU,_Z,2,,,True,WB_WDI,WB_WDI_EN_GHG_CO2_PC_CE_AR5,PAK,_T,_T,_T,_Z,_Z,_Z,2024,A,T,
82.842611,P1Y,0,,A,PU,_Z,2,,,True,WB_WDI,WB_WDI_EN_GHG_CO2_PC_CE_AR5,PLW,_T,_T,_T,_Z,_Z,_Z,2024,A,T,
2.738299,P1Y,0,,A,PU,_Z,2,,,True,WB_WDI,WB_WDI_EN_GHG_CO2_PC_CE_AR5,PAN,_T,_T,_T,_Z,_Z,_Z,2024,A,T,
0.516967,P1Y,0,,A,PU,_Z,2,,,True,WB_WDI,WB_WDI_EN_GHG_CO2_PC_CE_AR5,PNG,_T,_T,_T,_Z,_Z,_Z,2024,A,T,
1.158194,P1Y,0,,A,PU,_Z,2,,,True,WB_WDI,WB_WDI_EN_GHG_CO2_PC_CE_AR5,PRY,_T,_T,_T,_Z,_Z,_Z,2024,A,T,
2.024242,P1Y,0,,A,PU,_Z,2,,,True,WB_WDI,WB_WDI_EN_GHG_CO2_PC_CE_AR5,PER,_T,_T,_T,_Z,_Z,_Z,2024,A,T,
1.503011,P1Y,0,,A,PU,_Z,2,,,True,WB_WDI,WB_WDI_EN_GHG_CO2_PC_CE_AR5,PHL,_T,_T,_T,_Z,_Z,_Z,2024,A,T,
7.551086,P1Y,0,,A,PU,_Z,2,,,True,WB_WDI,WB_WDI_EN_GHG_CO2_PC_CE_AR5,POL,_T,_T,_T,_Z,_Z,_Z,2024,A,T,
3.324765,P1Y,0,,A,PU,_Z,2,,,True,WB_WDI,WB_WDI_EN_GHG_CO2_PC_CE_AR5,PRT,_T,_T,_T,_Z,_Z,_Z,2024,A,T,
4.81811,P1Y,0,,A,PU,_Z,2,,,True,WB_WDI,WB_WDI_EN_GHG_CO2_PC_CE_AR5,PRI,_T,_T,_T,_Z,_Z,_Z,2024,A,T,
2.290734,P1Y,0,,A,PU,_Z,2,,,True,WB_WDI,WB_WDI_EN_GHG_CO2_PC_CE_AR5,BOL,_T,_T,_T,_Z,_Z,_Z,2024,A,T,
6.449358,P1Y,0,,A,PU,_Z,2,,,True,WB_WDI,WB_WDI_EN_GHG_CO2_PC_CE_AR5,BIH,_T,_T,_T,_Z,_Z,_Z,2024,A,T,
2.737493,P1Y,0,,A,PU,_Z,2,,,True,WB_WDI,WB_WDI_EN_GHG_CO2_PC_CE_AR5,BWA,_T,_T,_T,_Z,_Z,_Z,2024,A,T,
2.318265,P1Y,0,,A,PU,_Z,2,,,True,WB_WDI,WB_WDI_EN_GHG_CO2_PC_CE_AR5,BRA,_T,_T,_T,_Z,_Z,_Z,2024,A,T,
2.325758,P1Y,0,,A,PU,_Z,2,,,True,WB_WDI,WB_WDI_EN_GHG_CO2_PC_CE_AR5,VGB,_T,_T,_T,_Z,_Z,_Z,2024,A,T,
20.242652,P1Y,0,,A,PU,_Z,2,,,True,WB_WDI,WB_WDI_EN_GHG_CO2_PC_CE_AR5,BRN,_T,_T,_T,_Z,_Z,_Z,2024,A,T,
5.307602,P1Y,0,,A,PU,_Z,2,,,True,WB_WDI,WB_WDI_EN_GHG_CO2_PC_CE_AR5,BGR,_T,_T,_T,_Z,_Z,_Z,2024,A,T,
0.274991,P1Y,0,,A,PU,_Z,2,,,True,WB_WDI,WB_WDI_EN_GHG_CO2_PC_CE_AR5,BFA,_T,_T,_T,_Z,_Z,_Z,2024,A,T,
0.068957,P1Y,0,,A,PU,_Z,2,,,True,WB_WDI,WB_WDI_EN_GHG_CO2_PC_CE_AR5,BDI,_T,_T,_T,_Z,_Z,_Z,2024,A,T,
1.288302,P1Y,0,,A,PU,_Z,2,,,True,WB_WDI,WB_WDI_EN_GHG_CO2_PC_CE_AR5,CPV,_T,_T,_T,_Z,_Z,_Z,2024,A,T,
1.10207,P1Y,0,,A,PU,_Z,2,,,True,WB_WDI,WB_WDI_EN_GHG_CO2_PC_CE_AR5,KHM,_T,_T,_T,_Z,_Z,_Z,2024,A,T,
0.35342,P1Y,0,,A,PU,_Z,2,,,True,WB_WDI,WB_WDI_EN_GHG_CO2_PC_CE_AR5,CMR,_T,_T,_T,_Z,_Z,_Z,2024,A,T,
14.00727,P1Y,0,,A,PU,_Z,2,,,True,WB_WDI,WB_WDI_EN_GHG_CO2_PC_CE_AR5,CAN,_T,_T,_T,_Z,_Z,_Z,2024,A,T,
4.996172,P1Y,0,,A,PU,_Z,2,,,True,WB_WDI,WB_WDI_EN_GHG_CO2_PC_CE_AR5,CYM,_T,_T,_T,_Z,_Z,_Z,2024,A,T,
0.063294,P1Y,0,,A,PU,_Z,2,,,True,WB_WDI,WB_WDI_EN_GHG_CO2_PC_CE_AR5,CAF,_T,_T,_T,_Z,_Z,_Z,2024,A,T,
0.142509,P1Y,0,,A,PU,_Z,2,,,True,WB_WDI,WB_WDI_EN_GHG_CO2_PC_CE_AR5,TCD,_T,_T,_T,_Z,_Z,_Z,2024,A,T,
0.310568,P1Y,0,,A,PU,_Z,2,,,False,WB_WDI,WB_WDI_EN_GHG_CO2_PC_CE_AR5,LIC,_T,_T,_T,_Z,_Z,_Z,2022,A,T,
1.499309,P1Y,0,,A,PU,_Z,2,,,False,WB_WDI,WB_WDI_EN_GHG_CO2_PC_CE_AR5,LMC,_T,_T,_T,_Z,_Z,_Z,2022,A,T,
4.094321,P1Y,0,,A,PU,_Z,2,,,False,WB_WDI,WB_WDI_EN_GHG_CO2_PC_CE_AR5,MEA,_T,_T,_T,_Z,_Z,_Z,2022,A,T,
2.736378,P1Y,0,,A,PU,_Z,2,,,False,WB_WDI,WB_WDI_EN_GHG_CO2_PC_CE_AR5,MNA,_T,_T,_T,_Z,_Z,_Z,2022,A,T,
2.736378,P1Y,0,,A,PU,_Z,2,,,False,WB_WDI,WB_WDI_EN_GHG_CO2_PC_CE_AR5,TMN,_T,_T,_T,_Z,_Z,_Z,2022,A,T,
3.888051,P1Y,0,,A,PU,_Z,2,,,False,WB_WDI,WB_WDI_EN_GHG_CO2_PC_CE_AR5,MIC,_T,_T,_T,_Z,_Z,_Z,2022,A,T,
14.454953,P1Y,0,,A,PU,_Z,2,,,False,WB_WDI,WB_WDI_EN_GHG_CO2_PC_CE_AR5,NAC,_T,_T,_T,_Z,_Z,_Z,2022,A,T,
8.426688,P1Y,0,,A,PU,_Z,2,,,False,WB_WDI,WB_WDI_EN_GHG_CO2_PC_CE_AR5,OED,_T,_T,_T,_Z,_Z,_Z,2022,A,T,
4.061077,P1Y,0,,A,PU,_Z,2,,,False,WB_WDI,WB_WDI_EN_GHG_CO2_PC_CE_AR5,OSS,_T,_T,_T,_Z,_Z,_Z,2022,A,T,
1.49553,P1Y,0,,A,PU,_Z,2,,,False,WB_WDI,WB_WDI_EN_GHG_CO2_PC_CE_AR5,PSS,_T,_T,_T,_Z,_Z,_Z,2022,A,T,
9.346916,P1Y,0,,A,PU,_Z,2,,,False,WB_WDI,WB_WDI_EN_GHG_CO2_PC_CE_AR5,PST,_T,_T,_T,_Z,_Z,_Z,2022,A,T,
0.580499,P1Y,0,,A,PU,_Z,2,,,False,WB_WDI,WB_WDI_EN_GHG_CO2_PC_CE_AR5,PRE,_T,_T,_T,_Z,_Z,_Z,2022,A,T,
4.767685,P1Y,0,,A,PU,_Z,2,,,False,WB_WDI,WB_WDI_EN_GHG_CO2_PC_CE_AR5,SST,_T,_T,_T,_Z,_Z,_Z,2022,A,T,
1.800412,P1Y,0,,A,PU,_Z,2,,,False,WB_WDI,WB_WDI_EN_GHG_CO2_PC_CE_AR5,SAS,_T,_T,_T,_Z,_Z,_Z,2022,A,T,
1.800412,P1Y,0,,A,PU,_Z,2,,,False,WB_WDI,WB_WDI_EN_GHG_CO2_PC_CE_AR5,TSA,_T,_T,_T,_Z,_Z,_Z,2022,A,T,
0.045515,P1Y,0,,A,PU,_Z,2,,,True,WB_WDI,WB_WDI_EN_GHG_CO2_PC_CE_AR5,SOM,_T,_T,_T,_Z,_Z,_Z,2024,A,T,
6.87685,P1Y,0,,A,PU,_Z,2,,,True,WB_WDI,WB_WDI_EN_GHG_CO2_PC_CE_AR5,ZAF,_T,_T,_T,_Z,_Z,_Z,2024,A,T,
4.505407,P1Y,0,,A,PU,_Z,2,,,True,WB_WDI,WB_WDI_EN_GHG_CO2_PC_CE_AR5,ESP,_T,_T,_T,_Z,_Z,_Z,2024,A,T,
1.064734,P1Y,0,,A,PU,_Z,2,,,True,WB_WDI,WB_WDI_EN_GHG_CO2_PC_CE_AR5,LKA,_T,_T,_T,_Z,_Z,_Z,2024,A,T,
2.884102,P1Y,0,,A,PU,_Z,2,,,True,WB_WDI,WB_WDI_EN_GHG_CO2_PC_CE_AR5,KNA,_T,_T,_T,_Z,_Z,_Z,2024,A,T,
1.710766,P1Y,0,,A,PU,_Z,2,,,True,WB_WDI,WB_WDI_EN_GHG_CO2_PC_CE_AR5,LCA,_T,_T,_T,_Z,_Z,_Z,2024,A,T,
1.311919,P1Y,0,,A,PU,_Z,2,,,True,WB_WDI,WB_WDI_EN_GHG_CO2_PC_CE_AR5,VCT,_T,_T,_T,_Z,_Z,_Z,2024,A,T,
0.433464,P1Y,0,,A,PU,_Z,2,,,True,WB_WDI,WB_WDI_EN_GHG_CO2_PC_CE_AR5,SDN,_T,_T,_T,_Z,_Z,_Z,2024,A,T,
4.061119,P1Y,0,,A,PU,_Z,2,,,True,WB_WDI,WB_WDI_EN_GHG_CO2_PC_CE_AR5,SUR,_T,_T,_T,_Z,_Z,_Z,2024,A,T,
3.573816,P1Y,0,,A,PU,_Z,2,,,True,WB_WDI,WB_WDI_EN_GHG_CO2_PC_CE_AR5,SWE,_T,_T,_T,_Z,_Z,_Z,2024,A,T,
3.745688,P1Y,0,,A,PU,_Z,2,,,True,WB_WDI,WB_WDI_EN_GHG_CO2_PC_CE_AR5,CHE,_T,_T,_T,_Z,_Z,_Z,2024,A,T,
1.274677,P1Y,0,,A,PU,_Z,2,,,True,WB_WDI,WB_WDI_EN_GHG_CO2_PC_CE_AR5,SYR,_T,_T,_T,_Z,_Z,_Z,2024,A,T,
0.922478,P1Y,0,,A,PU,_Z,2,,,True,WB_WDI,WB_WDI_EN_GHG_CO2_PC_CE_AR5,TJK,_T,_T,_T,_Z,_Z,_Z,2024,A,T,
0.311206,P1Y,0,,A,PU,_Z,2,,,True,WB_WDI,WB_WDI_EN_GHG_CO2_PC_CE_AR5,TZA,_T,_T,_T,_Z,_Z,_Z,2024,A,T,
3.960053,P1Y,0,,A,PU,_Z,2,,,True,WB_WDI,WB_WDI_EN_GHG_CO2_PC_CE_AR5,THA,_T,_T,_T,_Z,_Z,_Z,2024,A,T,
0.499344,P1Y,0,,A,PU,_Z,2,,,True,WB_WDI,WB_WDI_EN_GHG_CO2_PC_CE_AR5,TLS,_T,_T,_T,_Z,_Z,_Z,2024,A,T,
2.498885,P1Y,0,,A,PU,_Z,2,,,False,WB_WDI,WB_WDI_EN_GHG_CO2_PC_CE_AR5,TMN,_T,_T,_T,_Z,_Z,_Z,2011,A,T,
3.470105,P1Y,0,,A,PU,_Z,2,,,False,WB_WDI,WB_WDI_EN_GHG_CO2_PC_CE_AR5,MIC,_T,_T,_T,_Z,_Z,_Z,2011,A,T,
16.992618,P1Y,0,,A,PU,_Z,2,,,False,WB_WDI,WB_WDI_EN_GHG_CO2_PC_CE_AR5,NAC,_T,_T,_T,_Z,_Z,_Z,2011,A,T,
9.992639,P1Y,0,,A,PU,_Z,2,,,False,WB_WDI,WB_WDI_EN_GHG_CO2_PC_CE_AR5,OED,_T,_T,_T,_Z,_Z,_Z,2011,A,T,
5.077465,P1Y,0,,A,PU,_Z,2,,,False,WB_WDI,WB_WDI_EN_GHG_CO2_PC_CE_AR5,OSS,_T,_T,_T,_Z,_Z,_Z,2011,A,T,
1.98742,P1Y,0,,A,PU,_Z,2,,,False,WB_WDI,WB_WDI_EN_GHG_CO2_PC_CE_AR5,PSS,_T,_T,_T,_Z,_Z,_Z,2011,A,T,
11.233818,P1Y,0,,A,PU,_Z,2,,,False,WB_WDI,WB_WDI_EN_GHG_CO2_PC_CE_AR5,PST,_T,_T,_T,_Z,_Z,_Z,2011,A,T,
0.489742,P1Y,0,,A,PU,_Z,2,,,False,WB_WDI,WB_WDI_EN_GHG_CO2_PC_CE_AR5,PRE,_T,_T,_T,_Z,_Z,_Z,2011,A,T,
6.181803,P1Y,0,,A,PU,_Z,2,,,False,WB_WDI,WB_WDI_EN_GHG_CO2_PC_CE_AR5,SST,_T,_T,_T,_Z,_Z,_Z,2011,A,T,
1.321023,P1Y,0,,A,PU,_Z,2,,,False,WB_WDI,WB_WDI_EN_GHG_CO2_PC_CE_AR5,SAS,_T,_T,_T,_Z,_Z,_Z,2011,A,T,
1.321023,P1Y,0,,A,PU,_Z,2,,,False,WB_WDI,WB_WDI_EN_GHG_CO2_PC_CE_AR5,TSA,_T,_T,_T,_Z,_Z,_Z,2011,A,T,
0.821182,P1Y,0,,A,PU,_Z,2,,,False,WB_WDI,WB_WDI_EN_GHG_CO2_PC_CE_AR5,SSF,_T,_T,_T,_Z,_Z,_Z,2011,A,T,
0.820401,P1Y,0,,A,PU,_Z,2,,,False,WB_WDI,WB_WDI_EN_GHG_CO2_PC_CE_AR5,SSA,_T,_T,_T,_Z,_Z,_Z,2011,A,T,
2.564324,P1Y,0,,A,PU,_Z,2,,,False,WB_WDI,WB_WDI_EN_GHG_CO2_PC_CE_AR5,TMN,_T,_T,_T,_Z,_Z,_Z,2012,A,T,
3.558781,P1Y,0,,A,PU,_Z,2,,,False,WB_WDI,WB_WDI_EN_GHG_CO2_PC_CE_AR5,MIC,_T,_T,_T,_Z,_Z,_Z,2012,A,T,
16.198256,P1Y,0,,A,PU,_Z,2,,,False,WB_WDI,WB_WDI_EN_GHG_CO2_PC_CE_AR5,NAC,_T,_T,_T,_Z,_Z,_Z,2012,A,T,
9.790693,P1Y,0,,A,PU,_Z,2,,,False,WB_WDI,WB_WDI_EN_GHG_CO2_PC_CE_AR5,OED,_T,_T,_T,_Z,_Z,_Z,2012,A,T,
4.932451,P1Y,0,,A,PU,_Z,2,,,False,WB_WDI,WB_WDI_EN_GHG_CO2_PC_CE_AR5,OSS,_T,_T,_T,_Z,_Z,_Z,2012,A,T,
2.453778,P1Y,0,,A,PU,_Z,2,,,False,WB_WDI,WB_WDI_EN_GHG_CO2_PC_CE_AR5,PSS,_T,_T,_T,_Z,_Z,_Z,2012,A,T,
10.973076,P1Y,0,,A,PU,_Z,2,,,False,WB_WDI,WB_WDI_EN_GHG_CO2_PC_CE_AR5,PST,_T,_T,_T,_Z,_Z,_Z,2012,A,T,
0.502612,P1Y,0,,A,PU,_Z,2,,,False,WB_WDI,WB_WDI_EN_GHG_CO2_PC_CE_AR5,PRE,_T,_T,_T,_Z,_Z,_Z,2012,A,T,
5.994906,P1Y,0,,A,PU,_Z,2,,,False,WB_WDI,WB_WDI_EN_GHG_CO2_PC_CE_AR5,SST,_T,_T,_T,_Z,_Z,_Z,2012,A,T,
1.423458,P1Y,0,,A,PU,_Z,2,,,False,WB_WDI,WB_WDI_EN_GHG_CO2_PC_CE_AR5,SAS,_T,_T,_T,_Z,_Z,_Z,2012,A,T,
1.423458,P1Y,0,,A,PU,_Z,2,,,False,WB_WDI,WB_WDI_EN_GHG_CO2_PC_CE_AR5,TSA,_T,_T,_T,_Z,_Z,_Z,2012,A,T,
0.824113,P1Y,0,,A,PU,_Z,2,,,False,WB_WDI,WB_WDI_EN_GHG_CO2_PC_CE_AR5,SSF,_T,_T,_T,_Z,_Z,_Z,2012,A,T,
0.823241,P1Y,0,,A,PU,_Z,2,,,False,WB_WDI,WB_WDI_EN_GHG_CO2_PC_CE_AR5,SSA,_T,_T,_T,_Z,_Z,_Z,2012,A,T,
0.555997,P1Y,0,,A,PU,_Z,2,,,False,WB_WDI,WB_WDI_EN_GHG_CO2_PC_CE_AR5,PRE,_T,_T,_T,_Z,_Z,_Z,2018,A,T,
5.444417,P1Y,0,,A,PU,_Z,2,,,False,WB_WDI,WB_WDI_EN_GHG_CO2_PC_CE_AR5,SST,_T,_T,_T,_Z,_Z,_Z,2018,A,T,
1.700231,P1Y,0,,A,PU,_Z,2,,,False,WB_WDI,WB_WDI_EN_GHG_CO2_PC_CE_AR5,SAS,_T,_T,_T,_Z,_Z,_Z,2018,A,T,
1.700231,P1Y,0,,A,PU,_Z,2,,,False,WB_WDI,WB_WDI_EN_GHG_CO2_PC_CE_AR5,TSA,_T,_T,_T,_Z,_Z,_Z,2018,A,T,
0.796769,P1Y,0,,A,PU,_Z,2,,,False,WB_WDI,WB_WDI_EN_GHG_CO2_PC_CE_AR5,SSF,_T,_T,_T,_Z,_Z,_Z,2018,A,T,
0.795925,P1Y,0,,A,PU,_Z,2,,,False,WB_WDI,WB_WDI_EN_GHG_CO2_PC_CE_AR5,SSA,_T,_T,_T,_Z,_Z,_Z,2018,A,T,
0.796769,P1Y,0,,A,PU,_Z,2,,,False,WB_WDI,WB_WDI_EN_GHG_CO2_PC_CE_AR5,TSS,_T,_T,_T,_Z,_Z,_Z,2018,A,T,
5.790687,P1Y,0,,A,PU,_Z,2,,,False,WB_WDI,WB_WDI_EN_GHG_CO2_PC_CE_AR5,UMC,_T,_T,_T,_Z,_Z,_Z,2018,A,T,
4.734946,P1Y,0,,A,PU,_Z,2,,,False,WB_WDI,WB_WDI_EN_GHG_CO2_PC_CE_AR5,WLD,_T,_T,_T,_Z,_Z,_Z,2018,A,T,
0.321419,P1Y,0,,A,PU,_Z,2,,,False,WB_WDI,WB_WDI_EN_GHG_CO2_PC_CE_AR5,AFG,_T,_T,_T,_Z,_Z,_Z,2018,A,T,
2.045493,P1Y,0,,A,PU,_Z,2,,,False,WB_WDI,WB_WDI_EN_GHG_CO2_PC_CE_AR5,ALB,_T,_T,_T,_Z,_Z,_Z,2018,A,T,
4.112579,P1Y,0,,A,PU,_Z,2,,,False,WB_WDI,WB_WDI_EN_GHG_CO2_PC_CE_AR5,DZA,_T,_T,_T,_Z,_Z,_Z,2018,A,T,
2.169029,P1Y,0,,A,PU,_Z,2,,,False,WB_WDI,WB_WDI_EN_GHG_CO2_PC_CE_AR5,TMN,_T,_T,_T,_Z,_Z,_Z,2003,A,T,
2.289069,P1Y,0,,A,PU,_Z,2,,,False,WB_WDI,WB_WDI_EN_GHG_CO2_PC_CE_AR5,MIC,_T,_T,_T,_Z,_Z,_Z,2003,A,T,
19.784102,P1Y,0,,A,PU,_Z,2,,,False,WB_WDI,WB_WDI_EN_GHG_CO2_PC_CE_AR5,NAC,_T,_T,_T,_Z,_Z,_Z,2003,A,T,
11.017563,P1Y,0,,A,PU,_Z,2,,,False,WB_WDI,WB_WDI_EN_GHG_CO2_PC_CE_AR5,OED,_T,_T,_T,_Z,_Z,_Z,2003,A,T,
4.862917,P1Y,0,,A,PU,_Z,2,,,False,WB_WDI,WB_WDI_EN_GHG_CO2_PC_CE_AR5,OSS,_T,_T,_T,_Z,_Z,_Z,2003,A,T,
1.894943,P1Y,0,,A,PU,_Z,2,,,False,WB_WDI,WB_WDI_EN_GHG_CO2_PC_CE_AR5,PSS,_T,_T,_T,_Z,_Z,_Z,2003,A,T,
12.475872,P1Y,0,,A,PU,_Z,2,,,False,WB_WDI,WB_WDI_EN_GHG_CO2_PC_CE_AR5,PST,_T,_T,_T,_Z,_Z,_Z,2003,A,T,
0.460187,P1Y,0,,A,PU,_Z,2,,,False,WB_WDI,WB_WDI_EN_GHG_CO2_PC_CE_AR5,PRE,_T,_T,_T,_Z,_Z,_Z,2003,A,T,
5.250449,P1Y,0,,A,PU,_Z,2,,,False,WB_WDI,WB_WDI_EN_GHG_CO2_PC_CE_AR5,SST,_T,_T,_T,_Z,_Z,_Z,2003,A,T,
0.871181,P1Y,0,,A,PU,_Z,2,,,False,WB_WDI,WB_WDI_EN_GHG_CO2_PC_CE_AR5,SAS,_T,_T,_T,_Z,_Z,_Z,2003,A,T,
0.871181,P1Y,0,,A,PU,_Z,2,,,False,WB_WDI,WB_WDI_EN_GHG_CO2_PC_CE_AR5,TSA,_T,_T,_T,_Z,_Z,_Z,2003,A,T,
0.864474,P1Y,0,,A,PU,_Z,2,,,False,WB_WDI,WB_WDI_EN_GHG_CO2_PC_CE_AR5,SSF,_T,_T,_T,_Z,_Z,_Z,2003,A,T,
0.863525,P1Y,0,,A,PU,_Z,2,,,False,WB_WDI,WB_WDI_EN_GHG_CO2_PC_CE_AR5,SSA,_T,_T,_T,_Z,_Z,_Z,2003,A,T,
0.864474,P1Y,0,,A,PU,_Z,2,,,False,WB_WDI,WB_WDI_EN_GHG_CO2_PC_CE_AR5,TSS,_T,_T,_T,_Z,_Z,_Z,2003,A,T,
3.366068,P1Y,0,,A,PU,_Z,2,,,False,WB_WDI,WB_WDI_EN_GHG_CO2_PC_CE_AR5,UMC,_T,_T,_T,_Z,_Z,_Z,2003,A,T,
2.640117,P1Y,0,,A,PU,_Z,2,,,False,WB_WDI,WB_WDI_EN_GHG_CO2_PC_CE_AR5,MIC,_T,_T,_T,_Z,_Z,_Z,2005,A,T,
19.738329,P1Y,0,,A,PU,_Z,2,,,False,WB_WDI,WB_WDI_EN_GHG_CO2_PC_CE_AR5,NAC,_T,_T,_T,_Z,_Z,_Z,2005,A,T,
11.002659,P1Y,0,,A,PU,_Z,2,,,False,WB_WDI,WB_WDI_EN_GHG_CO2_PC_CE_AR5,OED,_T,_T,_T,_Z,_Z,_Z,2005,A,T,
4.864359,P1Y,0,,A,PU,_Z,2,,,False,WB_WDI,WB_WDI_EN_GHG_CO2_PC_CE_AR5,OSS,_T,_T,_T,_Z,_Z,_Z,2005,A,T,
1.960803,P1Y,0,,A,PU,_Z,2,,,False,WB_WDI,WB_WDI_EN_GHG_CO2_PC_CE_AR5,PSS,_T,_T,_T,_Z,_Z,_Z,2005,A,T,
12.435738,P1Y,0,,A,PU,_Z,2,,,False,WB_WDI,WB_WDI_EN_GHG_CO2_PC_CE_AR5,PST,_T,_T,_T,_Z,_Z,_Z,2005,A,T,
0.45334,P1Y,0,,A,PU,_Z,2,,,False,WB_WDI,WB_WDI_EN_GHG_CO2_PC_CE_AR5,PRE,_T,_T,_T,_Z,_Z,_Z,2005,A,T,
5.76099,P1Y,0,,A,PU,_Z,2,,,False,WB_WDI,WB_WDI_EN_GHG_CO2_PC_CE_AR5,SST,_T,_T,_T,_Z,_Z,_Z,2005,A,T,
0.948146,P1Y,0,,A,PU,_Z,2,,,False,WB_WDI,WB_WDI_EN_GHG_CO2_PC_CE_AR5,SAS,_T,_T,_T,_Z,_Z,_Z,2005,A,T,
0.948146,P1Y,0,,A,PU,_Z,2,,,False,WB_WDI,WB_WDI_EN_GHG_CO2_PC_CE_AR5,TSA,_T,_T,_T,_Z,_Z,_Z,2005,A,T,
0.885448,P1Y,0,,A,PU,_Z,2,,,False,WB_WDI,WB_WDI_EN_GHG_CO2_PC_CE_AR5,SSF,_T,_T,_T,_Z,_Z,_Z,2005,A,T,
0.884293,P1Y,0,,A,PU,_Z,2,,,False,WB_WDI,WB_WDI_EN_GHG_CO2_PC_CE_AR5,SSA,_T,_T,_T,_Z,_Z,_Z,2005,A,T,
0.885448,P1Y,0,,A,PU,_Z,2,,,False,WB_WDI,WB_WDI_EN_GHG_CO2_PC_CE_AR5,TSS,_T,_T,_T,_Z,_Z,_Z,2005,A,T,
3.974347,P1Y,0,,A,PU,_Z,2,,,False,WB_WDI,WB_WDI_EN_GHG_CO2_PC_CE_AR5,UMC,_T,_T,_T,_Z,_Z,_Z,2005,A,T,
1.232436,P1Y,0,,A,PU,_Z,2,,,False,WB_WDI,WB_WDI_EN_GHG_CO2_PC_CE_AR5,ZWE,_T,_T,_T,_Z,_Z,_Z,2000,A,T,
1.064154,P1Y,0,,A,PU,_Z,2,,,False,WB_WDI,WB_WDI_EN_GHG_CO2_PC_CE_AR5,AFE,_T,_T,_T,_Z,_Z,_Z,2001,A,T,
0.550405,P1Y,0,,A,PU,_Z,2,,,False,WB_WDI,WB_WDI_EN_GHG_CO2_PC_CE_AR5,AFW,_T,_T,_T,_Z,_Z,_Z,2001,A,T,
3.633115,P1Y,0,,A,PU,_Z,2,,,False,WB_WDI,WB_WDI_EN_GHG_CO2_PC_CE_AR5,ARB,_T,_T,_T,_Z,_Z,_Z,2001,A,T,
6.783298,P1Y,0,,A,PU,_Z,2,,,False,WB_WDI,WB_WDI_EN_GHG_CO2_PC_CE_AR5,CSS,_T,_T,_T,_Z,_Z,_Z,2001,A,T,
7.204355,P1Y,0,,A,PU,_Z,2,,,False,WB_WDI,WB_WDI_EN_GHG_CO2_PC_CE_AR5,CEB,_T,_T,_T,_Z,_Z,_Z,2001,A,T,
1.651838,P1Y,0,,A,PU,_Z,2,,,False,WB_WDI,WB_WDI_EN_GHG_CO2_PC_CE_AR5,EAR,_T,_T,_T,_Z,_Z,_Z,2001,A,T,
3.375331,P1Y,0,,A,PU,_Z,2,,,False,WB_WDI,WB_WDI_EN_GHG_CO2_PC_CE_AR5,EAS,_T,_T,_T,_Z,_Z,_Z,2001,A,T,
2.561762,P1Y,0,,A,PU,_Z,2,,,False,WB_WDI,WB_WDI_EN_GHG_CO2_PC_CE_AR5,EAP,_T,_T,_T,_Z,_Z,_Z,2001,A,T,
2.554382,P1Y,0,,A,PU,_Z,2,,,False,WB_WDI,WB_WDI_EN_GHG_CO2_PC_CE_AR5,TEA,_T,_T,_T,_Z,_Z,_Z,2001,A,T,
8.634854,P1Y,0,,A,PU,_Z,2,,,False,WB_WDI,WB_WDI_EN_GHG_CO2_PC_CE_AR5,EMU,_T,_T,_T,_Z,_Z,_Z,2001,A,T,
8.116162,P1Y,0,,A,PU,_Z,2,,,False,WB_WDI,WB_WDI_EN_GHG_CO2_PC_CE_AR5,ECS,_T,_T,_T,_Z,_Z,_Z,2001,A,T,
4.779076,P1Y,0,,A,PU,_Z,2,,,False,WB_WDI,WB_WDI_EN_GHG_CO2_PC_CE_AR5,ECA,_T,_T,_T,_Z,_Z,_Z,2001,A,T,
7.405124,P1Y,0,,A,PU,_Z,2,,,False,WB_WDI,WB_WDI_EN_GHG_CO2_PC_CE_AR5,TEC,_T,_T,_T,_Z,_Z,_Z,2001,A,T,
8.401208,P1Y,0,,A,PU,_Z,2,,,False,WB_WDI,WB_WDI_EN_GHG_CO2_PC_CE_AR5,EUU,_T,_T,_T,_Z,_Z,_Z,2001,A,T,
0.938117,P1Y,0,,A,PU,_Z,2,,,False,WB_WDI,WB_WDI_EN_GHG_CO2_PC_CE_AR5,YEM,_T,_T,_T,_Z,_Z,_Z,2014,A,T,
0.346398,P1Y,0,,A,PU,_Z,2,,,False,WB_WDI,WB_WDI_EN_GHG_CO2_PC_CE_AR5,ZMB,_T,_T,_T,_Z,_Z,_Z,2014,A,T,
0.886871,P1Y,0,,A,PU,_Z,2,,,False,WB_WDI,WB_WDI_EN_GHG_CO2_PC_CE_AR5,ZWE,_T,_T,_T,_Z,_Z,_Z,2014,A,T,
1.046291,P1Y,0,,A,PU,_Z,2,,,False,WB_WDI,WB_WDI_EN_GHG_CO2_PC_CE_AR5,AFE,_T,_T,_T,_Z,_Z,_Z,2015,A,T,
0.502266,P1Y,0,,A,PU,_Z,2,,,False,WB_WDI,WB_WDI_EN_GHG_CO2_PC_CE_AR5,AFW,_T,_T,_T,_Z,_Z,_Z,2015,A,T,
4.804054,P1Y,0,,A,PU,_Z,2,,,False,WB_WDI,WB_WDI_EN_GHG_CO2_PC_CE_AR5,ARB,_T,_T,_T,_Z,_Z,_Z,2015,A,T,
10.316256,P1Y,0,,A,PU,_Z,2,,,False,WB_WDI,WB_WDI_EN_GHG_CO2_PC_CE_AR5,CSS,_T,_T,_T,_Z,_Z,_Z,2015,A,T,
6.807251,P1Y,0,,A,PU,_Z,2,,,False,WB_WDI,WB_WDI_EN_GHG_CO2_PC_CE_AR5,CEB,_T,_T,_T,_Z,_Z,_Z,2015,A,T,
2.270423,P1Y,0,,A,PU,_Z,2,,,False,WB_WDI,WB_WDI_EN_GHG_CO2_PC_CE_AR5,EAR,_T,_T,_T,_Z,_Z,_Z,2015,A,T,
6.426898,P1Y,0,,A,PU,_Z,2,,,False,WB_WDI,WB_WDI_EN_GHG_CO2_PC_CE_AR5,EAS,_T,_T,_T,_Z,_Z,_Z,2015,A,T,
5.937499,P1Y,0,,A,PU,_Z,2,,,False,WB_WDI,WB_WDI_EN_GHG_CO2_PC_CE_AR5,EAP,_T,_T,_T,_Z,_Z,_Z,2015,A,T,
5.996708,P1Y,0,,A,PU,_Z,2,,,False,WB_WDI,WB_WDI_EN_GHG_CO2_PC_CE_AR5,TEA,_T,_T,_T,_Z,_Z,_Z,2015,A,T,
7.034261,P1Y,0,,A,PU,_Z,2,,,False,WB_WDI,WB_WDI_EN_GHG_CO2_PC_CE_AR5,EMU,_T,_T,_T,_Z,_Z,_Z,2015,A,T,
0.821182,P1Y,0,,A,PU,_Z,2,,,False,WB_WDI,WB_WDI_EN_GHG_CO2_PC_CE_AR5,TSS,_T,_T,_T,_Z,_Z,_Z,2011,A,T,
5.38534,P1Y,0,,A,PU,_Z,2,,,False,WB_WDI,WB_WDI_EN_GHG_CO2_PC_CE_AR5,UMC,_T,_T,_T,_Z,_Z,_Z,2011,A,T,
4.762609,P1Y,0,,A,PU,_Z,2,,,False,WB_WDI,WB_WDI_EN_GHG_CO2_PC_CE_AR5,WLD,_T,_T,_T,_Z,_Z,_Z,2011,A,T,
0.392641,P1Y,0,,A,PU,_Z,2,,,False,WB_WDI,WB_WDI_EN_GHG_CO2_PC_CE_AR5,AFG,_T,_T,_T,_Z,_Z,_Z,2011,A,T,
1.721296,P1Y,0,,A,PU,_Z,2,,,False,WB_WDI,WB_WDI_EN_GHG_CO2_PC_CE_AR5,ALB,_T,_T,_T,_Z,_Z,_Z,2011,A,T,
3.381899,P1Y,0,,A,PU,_Z,2,,,False,WB_WDI,WB_WDI_EN_GHG_CO2_PC_CE_AR5,DZA,_T,_T,_T,_Z,_Z,_Z,2011,A,T,
0.001822,P1Y,0,,A,PU,_Z,2,,,False,WB_WDI,WB_WDI_EN_GHG_CO2_PC_CE_AR5,ASM,_T,_T,_T,_Z,_Z,_Z,2011,A,T,
0.976536,P1Y,0,,A,PU,_Z,2,,,False,WB_WDI,WB_WDI_EN_GHG_CO2_PC_CE_AR5,AGO,_T,_T,_T,_Z,_Z,_Z,2011,A,T,
2.464903,P1Y,0,,A,PU,_Z,2,,,False,WB_WDI,WB_WDI_EN_GHG_CO2_PC_CE_AR5,ATG,_T,_T,_T,_Z,_Z,_Z,2011,A,T,
4.429218,P1Y,0,,A,PU,_Z,2,,,False,WB_WDI,WB_WDI_EN_GHG_CO2_PC_CE_AR5,ARG,_T,_T,_T,_Z,_Z,_Z,2011,A,T,
1.619637,P1Y,0,,A,PU,_Z,2,,,False,WB_WDI,WB_WDI_EN_GHG_CO2_PC_CE_AR5,ARM,_T,_T,_T,_Z,_Z,_Z,2011,A,T,
2.833582,P1Y,0,,A,PU,_Z,2,,,False,WB_WDI,WB_WDI_EN_GHG_CO2_PC_CE_AR5,ABW,_T,_T,_T,_Z,_Z,_Z,2011,A,T,
5.92634,P1Y,0,,A,PU,_Z,2,,,False,WB_WDI,WB_WDI_EN_GHG_CO2_PC_CE_AR5,VEN,_T,_T,_T,_Z,_Z,_Z,2011,A,T,
1.772006,P1Y,0,,A,PU,_Z,2,,,False,WB_WDI,WB_WDI_EN_GHG_CO2_PC_CE_AR5,VNM,_T,_T,_T,_Z,_Z,_Z,2011,A,T,
0.001847,P1Y,0,,A,PU,_Z,2,,,False,WB_WDI,WB_WDI_EN_GHG_CO2_PC_CE_AR5,VIR,_T,_T,_T,_Z,_Z,_Z,2011,A,T,
0.833886,P1Y,0,,A,PU,_Z,2,,,False,WB_WDI,WB_WDI_EN_GHG_CO2_PC_CE_AR5,YEM,_T,_T,_T,_Z,_Z,_Z,2011,A,T,
0.239455,P1Y,0,,A,PU,_Z,2,,,False,WB_WDI,WB_WDI_EN_GHG_CO2_PC_CE_AR5,ZMB,_T,_T,_T,_Z,_Z,_Z,2011,A,T,
1.165789,P1Y,0,,A,PU,_Z,2,,,False,WB_WDI,WB_WDI_EN_GHG_CO2_PC_CE_AR5,ZWE,_T,_T,_T,_Z,_Z,_Z,2011,A,T,
1.073351,P1Y,0,,A,PU,_Z,2,,,False,WB_WDI,WB_WDI_EN_GHG_CO2_PC_CE_AR5,AFE,_T,_T,_T,_Z,_Z,_Z,2012,A,T,
0.468721,P1Y,0,,A,PU,_Z,2,,,False,WB_WDI,WB_WDI_EN_GHG_CO2_PC_CE_AR5,AFW,_T,_T,_T,_Z,_Z,_Z,2012,A,T,
4.774431,P1Y,0,,A,PU,_Z,2,,,False,WB_WDI,WB_WDI_EN_GHG_CO2_PC_CE_AR5,ARB,_T,_T,_T,_Z,_Z,_Z,2012,A,T,
10.650842,P1Y,0,,A,PU,_Z,2,,,False,WB_WDI,WB_WDI_EN_GHG_CO2_PC_CE_AR5,CSS,_T,_T,_T,_Z,_Z,_Z,2012,A,T,
7.053995,P1Y,0,,A,PU,_Z,2,,,False,WB_WDI,WB_WDI_EN_GHG_CO2_PC_CE_AR5,CEB,_T,_T,_T,_Z,_Z,_Z,2012,A,T,
0.351518,P1Y,0,,A,PU,_Z,2,,,False,WB_WDI,WB_WDI_EN_GHG_CO2_PC_CE_AR5,YEM,_T,_T,_T,_Z,_Z,_Z,2019,A,T,
0.487959,P1Y,0,,A,PU,_Z,2,,,False,WB_WDI,WB_WDI_EN_GHG_CO2_PC_CE_AR5,ZMB,_T,_T,_T,_Z,_Z,_Z,2019,A,T,
0.731473,P1Y,0,,A,PU,_Z,2,,,False,WB_WDI,WB_WDI_EN_GHG_CO2_PC_CE_AR5,ZWE,_T,_T,_T,_Z,_Z,_Z,2019,A,T,
0.897581,P1Y,0,,A,PU,_Z,2,,,False,WB_WDI,WB_WDI_EN_GHG_CO2_PC_CE_AR5,AFE,_T,_T,_T,_Z,_Z,_Z,2020,A,T,
0.499254,P1Y,0,,A,PU,_Z,2,,,False,WB_WDI,WB_WDI_EN_GHG_CO2_PC_CE_AR5,AFW,_T,_T,_T,_Z,_Z,_Z,2020,A,T,
4.361645,P1Y,0,,A,PU,_Z,2,,,False,WB_WDI,WB_WDI_EN_GHG_CO2_PC_CE_AR5,ARB,_T,_T,_T,_Z,_Z,_Z,2020,A,T,
8.740852,P1Y,0,,A,PU,_Z,2,,,False,WB_WDI,WB_WDI_EN_GHG_CO2_PC_CE_AR5,CSS,_T,_T,_T,_Z,_Z,_Z,2020,A,T,
6.456977,P1Y,0,,A,PU,_Z,2,,,False,WB_WDI,WB_WDI_EN_GHG_CO2_PC_CE_AR5,CEB,_T,_T,_T,_Z,_Z,_Z,2020,A,T,
2.206698,P1Y,0,,A,PU,_Z,2,,,False,WB_WDI,WB_WDI_EN_GHG_CO2_PC_CE_AR5,EAR,_T,_T,_T,_Z,_Z,_Z,2020,A,T,
6.803233,P1Y,0,,A,PU,_Z,2,,,False,WB_WDI,WB_WDI_EN_GHG_CO2_PC_CE_AR5,EAS,_T,_T,_T,_Z,_Z,_Z,2020,A,T,
6.47852,P1Y,0,,A,PU,_Z,2,,,False,WB_WDI,WB_WDI_EN_GHG_CO2_PC_CE_AR5,EAP,_T,_T,_T,_Z,_Z,_Z,2020,A,T,
6.526887,P1Y,0,,A,PU,_Z,2,,,False,WB_WDI,WB_WDI_EN_GHG_CO2_PC_CE_AR5,TEA,_T,_T,_T,_Z,_Z,_Z,2020,A,T,
5.814075,P1Y,0,,A,PU,_Z,2,,,False,WB_WDI,WB_WDI_EN_GHG_CO2_PC_CE_AR5,EMU,_T,_T,_T,_Z,_Z,_Z,2020,A,T,
15.898242,P1Y,0,,A,PU,_Z,2,,,False,WB_WDI,WB_WDI_EN_GHG_CO2_PC_CE_AR5,CAN,_T,_T,_T,_Z,_Z,_Z,2016,A,T,
4.171157,P1Y,0,,A,PU,_Z,2,,,False,WB_WDI,WB_WDI_EN_GHG_CO2_PC_CE_AR5,CYM,_T,_T,_T,_Z,_Z,_Z,2016,A,T,
0.053356,P1Y,0,,A,PU,_Z,2,,,False,WB_WDI,WB_WDI_EN_GHG_CO2_PC_CE_AR5,CAF,_T,_T,_T,_Z,_Z,_Z,2016,A,T,
0.111858,P1Y,0,,A,PU,_Z,2,,,False,WB_WDI,WB_WDI_EN_GHG_CO2_PC_CE_AR5,TCD,_T,_T,_T,_Z,_Z,_Z,2016,A,T,
4.864741,P1Y,0,,A,PU,_Z,2,,,False,WB_WDI,WB_WDI_EN_GHG_CO2_PC_CE_AR5,CHL,_T,_T,_T,_Z,_Z,_Z,2016,A,T,
7.763225,P1Y,0,,A,PU,_Z,2,,,False,WB_WDI,WB_WDI_EN_GHG_CO2_PC_CE_AR5,CHN,_T,_T,_T,_Z,_Z,_Z,2016,A,T,
1.865475,P1Y,0,,A,PU,_Z,2,,,False,WB_WDI,WB_WDI_EN_GHG_CO2_PC_CE_AR5,COL,_T,_T,_T,_Z,_Z,_Z,2016,A,T,
0.270175,P1Y,0,,A,PU,_Z,2,,,False,WB_WDI,WB_WDI_EN_GHG_CO2_PC_CE_AR5,COM,_T,_T,_T,_Z,_Z,_Z,2016,A,T,
0.035621,P1Y,0,,A,PU,_Z,2,,,False,WB_WDI,WB_WDI_EN_GHG_CO2_PC_CE_AR5,COD,_T,_T,_T,_Z,_Z,_Z,2016,A,T,
1.070438,P1Y,0,,A,PU,_Z,2,,,False,WB_WDI,WB_WDI_EN_GHG_CO2_PC_CE_AR5,COG,_T,_T,_T,_Z,_Z,_Z,2016,A,T,
1.691494,P1Y,0,,A,PU,_Z,2,,,False,WB_WDI,WB_WDI_EN_GHG_CO2_PC_CE_AR5,CRI,_T,_T,_T,_Z,_Z,_Z,2016,A,T,
0.181212,P1Y,0,,A,PU,_Z,2,,,False,WB_WDI,WB_WDI_EN_GHG_CO2_PC_CE_AR5,HPC,_T,_T,_T,_Z,_Z,_Z,2001,A,T,
12.314811,P1Y,0,,A,PU,_Z,2,,,False,WB_WDI,WB_WDI_EN_GHG_CO2_PC_CE_AR5,HIC,_T,_T,_T,_Z,_Z,_Z,2001,A,T,
2.776462,P1Y,0,,A,PU,_Z,2,,,False,WB_WDI,WB_WDI_EN_GHG_CO2_PC_CE_AR5,IBD,_T,_T,_T,_Z,_Z,_Z,2001,A,T,
2.273666,P1Y,0,,A,PU,_Z,2,,,False,WB_WDI,WB_WDI_EN_GHG_CO2_PC_CE_AR5,IBT,_T,_T,_T,_Z,_Z,_Z,2001,A,T,
0.992496,P1Y,0,,A,PU,_Z,2,,,False,WB_WDI,WB_WDI_EN_GHG_CO2_PC_CE_AR5,IDB,_T,_T,_T,_Z,_Z,_Z,2001,A,T,
0.262862,P1Y,0,,A,PU,_Z,2,,,False,WB_WDI,WB_WDI_EN_GHG_CO2_PC_CE_AR5,IDX,_T,_T,_T,_Z,_Z,_Z,2001,A,T,
0.51899,P1Y,0,,A,PU,_Z,2,,,False,WB_WDI,WB_WDI_EN_GHG_CO2_PC_CE_AR5,IDA,_T,_T,_T,_Z,_Z,_Z,2001,A,T,
3.689398,P1Y,0,,A,PU,_Z,2,,,False,WB_WDI,WB_WDI_EN_GHG_CO2_PC_CE_AR5,LTE,_T,_T,_T,_Z,_Z,_Z,2001,A,T,
2.564768,P1Y,0,,A,PU,_Z,2,,,False,WB_WDI,WB_WDI_EN_GHG_CO2_PC_CE_AR5,LCN,_T,_T,_T,_Z,_Z,_Z,2001,A,T,
2.495261,P1Y,0,,A,PU,_Z,2,,,False,WB_WDI,WB_WDI_EN_GHG_CO2_PC_CE_AR5,LAC,_T,_T,_T,_Z,_Z,_Z,2001,A,T,
2.537045,P1Y,0,,A,PU,_Z,2,,,False,WB_WDI,WB_WDI_EN_GHG_CO2_PC_CE_AR5,TLA,_T,_T,_T,_Z,_Z,_Z,2001,A,T,
0.189511,P1Y,0,,A,PU,_Z,2,,,False,WB_WDI,WB_WDI_EN_GHG_CO2_PC_CE_AR5,LDC,_T,_T,_T,_Z,_Z,_Z,2001,A,T,
1.935613,P1Y,0,,A,PU,_Z,2,,,False,WB_WDI,WB_WDI_EN_GHG_CO2_PC_CE_AR5,LMY,_T,_T,_T,_Z,_Z,_Z,2001,A,T,
0.43347,P1Y,0,,A,PU,_Z,2,,,False,WB_WDI,WB_WDI_EN_GHG_CO2_PC_CE_AR5,LIC,_T,_T,_T,_Z,_Z,_Z,2001,A,T,
0.938549,P1Y,0,,A,PU,_Z,2,,,False,WB_WDI,WB_WDI_EN_GHG_CO2_PC_CE_AR5,LMC,_T,_T,_T,_Z,_Z,_Z,2001,A,T,
0,P1Y,0,,A,PU,_Z,2,,,False,WB_WDI,WB_WDI_EN_GHG_CO2_PC_CE_AR5,NRU,_T,_T,_T,_Z,_Z,_Z,2013,A,T,
0.22821,P1Y,0,,A,PU,_Z,2,,,False,WB_WDI,WB_WDI_EN_GHG_CO2_PC_CE_AR5,NPL,_T,_T,_T,_Z,_Z,_Z,2013,A,T,
10.078044,P1Y,0,,A,PU,_Z,2,,,False,WB_WDI,WB_WDI_EN_GHG_CO2_PC_CE_AR5,NLD,_T,_T,_T,_Z,_Z,_Z,2013,A,T,
14.180593,P1Y,0,,A,PU,_Z,2,,,False,WB_WDI,WB_WDI_EN_GHG_CO2_PC_CE_AR5,NCL,_T,_T,_T,_Z,_Z,_Z,2013,A,T,
7.784764,P1Y,0,,A,PU,_Z,2,,,False,WB_WDI,WB_WDI_EN_GHG_CO2_PC_CE_AR5,NZL,_T,_T,_T,_Z,_Z,_Z,2013,A,T,
0.775237,P1Y,0,,A,PU,_Z,2,,,False,WB_WDI,WB_WDI_EN_GHG_CO2_PC_CE_AR5,NIC,_T,_T,_T,_Z,_Z,_Z,2013,A,T,
0.109995,P1Y,0,,A,PU,_Z,2,,,False,WB_WDI,WB_WDI_EN_GHG_CO2_PC_CE_AR5,NER,_T,_T,_T,_Z,_Z,_Z,2013,A,T,
0.633029,P1Y,0,,A,PU,_Z,2,,,False,WB_WDI,WB_WDI_EN_GHG_CO2_PC_CE_AR5,NGA,_T,_T,_T,_Z,_Z,_Z,2013,A,T,
4.575143,P1Y,0,,A,PU,_Z,2,,,False,WB_WDI,WB_WDI_EN_GHG_CO2_PC_CE_AR5,MKD,_T,_T,_T,_Z,_Z,_Z,2013,A,T,
0.001895,P1Y,0,,A,PU,_Z,2,,,False,WB_WDI,WB_WDI_EN_GHG_CO2_PC_CE_AR5,MNP,_T,_T,_T,_Z,_Z,_Z,2013,A,T,
9.228579,P1Y,0,,A,PU,_Z,2,,,False,WB_WDI,WB_WDI_EN_GHG_CO2_PC_CE_AR5,NOR,_T,_T,_T,_Z,_Z,_Z,2013,A,T,
18.42311,P1Y,0,,A,PU,_Z,2,,,False,WB_WDI,WB_WDI_EN_GHG_CO2_PC_CE_AR5,OMN,_T,_T,_T,_Z,_Z,_Z,2013,A,T,
0.761813,P1Y,0,,A,PU,_Z,2,,,False,WB_WDI,WB_WDI_EN_GHG_CO2_PC_CE_AR5,PAK,_T,_T,_T,_Z,_Z,_Z,2013,A,T,
0.854766,P1Y,0,,A,PU,_Z,2,,,False,WB_WDI,WB_WDI_EN_GHG_CO2_PC_CE_AR5,TSS,_T,_T,_T,_Z,_Z,_Z,2001,A,T,
2.946541,P1Y,0,,A,PU,_Z,2,,,False,WB_WDI,WB_WDI_EN_GHG_CO2_PC_CE_AR5,UMC,_T,_T,_T,_Z,_Z,_Z,2001,A,T,
4.009213,P1Y,0,,A,PU,_Z,2,,,False,WB_WDI,WB_WDI_EN_GHG_CO2_PC_CE_AR5,WLD,_T,_T,_T,_Z,_Z,_Z,2001,A,T,
0.046351,P1Y,0,,A,PU,_Z,2,,,False,WB_WDI,WB_WDI_EN_GHG_CO2_PC_CE_AR5,AFG,_T,_T,_T,_Z,_Z,_Z,2001,A,T,
1.123989,P1Y,0,,A,PU,_Z,2,,,False,WB_WDI,WB_WDI_EN_GHG_CO2_PC_CE_AR5,ALB,_T,_T,_T,_Z,_Z,_Z,2001,A,T,
2.739233,P1Y,0,,A,PU,_Z,2,,,False,WB_WDI,WB_WDI_EN_GHG_CO2_PC_CE_AR5,DZA,_T,_T,_T,_Z,_Z,_Z,2001,A,T,
0.001753,P1Y,0,,A,PU,_Z,2,,,False,WB_WDI,WB_WDI_EN_GHG_CO2_PC_CE_AR5,ASM,_T,_T,_T,_Z,_Z,_Z,2001,A,T,
0.966866,P1Y,0,,A,PU,_Z,2,,,False,WB_WDI,WB_WDI_EN_GHG_CO2_PC_CE_AR5,AGO,_T,_T,_T,_Z,_Z,_Z,2001,A,T,
1.743154,P1Y,0,,A,PU,_Z,2,,,False,WB_WDI,WB_WDI_EN_GHG_CO2_PC_CE_AR5,ATG,_T,_T,_T,_Z,_Z,_Z,2001,A,T,
3.490424,P1Y,0,,A,PU,_Z,2,,,False,WB_WDI,WB_WDI_EN_GHG_CO2_PC_CE_AR5,ARG,_T,_T,_T,_Z,_Z,_Z,2001,A,T,
1.131266,P1Y,0,,A,PU,_Z,2,,,False,WB_WDI,WB_WDI_EN_GHG_CO2_PC_CE_AR5,ARM,_T,_T,_T,_Z,_Z,_Z,2001,A,T,
2.973567,P1Y,0,,A,PU,_Z,2,,,False,WB_WDI,WB_WDI_EN_GHG_CO2_PC_CE_AR5,ABW,_T,_T,_T,_Z,_Z,_Z,2001,A,T,
18.699533,P1Y,0,,A,PU,_Z,2,,,False,WB_WDI,WB_WDI_EN_GHG_CO2_PC_CE_AR5,AUS,_T,_T,_T,_Z,_Z,_Z,2001,A,T,
8.874608,P1Y,0,,A,PU,_Z,2,,,False,WB_WDI,WB_WDI_EN_GHG_CO2_PC_CE_AR5,AUT,_T,_T,_T,_Z,_Z,_Z,2001,A,T,
1.532412,P1Y,0,,A,PU,_Z,2,,,False,WB_WDI,WB_WDI_EN_GHG_CO2_PC_CE_AR5,URY,_T,_T,_T,_Z,_Z,_Z,2001,A,T,
5.286246,P1Y,0,,A,PU,_Z,2,,,False,WB_WDI,WB_WDI_EN_GHG_CO2_PC_CE_AR5,UZB,_T,_T,_T,_Z,_Z,_Z,2001,A,T,
0.511435,P1Y,0,,A,PU,_Z,2,,,False,WB_WDI,WB_WDI_EN_GHG_CO2_PC_CE_AR5,VUT,_T,_T,_T,_Z,_Z,_Z,2001,A,T,
5.735759,P1Y,0,,A,PU,_Z,2,,,False,WB_WDI,WB_WDI_EN_GHG_CO2_PC_CE_AR5,VEN,_T,_T,_T,_Z,_Z,_Z,2001,A,T,
0.79636,P1Y,0,,A,PU,_Z,2,,,False,WB_WDI,WB_WDI_EN_GHG_CO2_PC_CE_AR5,VNM,_T,_T,_T,_Z,_Z,_Z,2001,A,T,
0.001842,P1Y,0,,A,PU,_Z,2,,,False,WB_WDI,WB_WDI_EN_GHG_CO2_PC_CE_AR5,VIR,_T,_T,_T,_Z,_Z,_Z,2001,A,T,
0.829145,P1Y,0,,A,PU,_Z,2,,,False,WB_WDI,WB_WDI_EN_GHG_CO2_PC_CE_AR5,YEM,_T,_T,_T,_Z,_Z,_Z,2001,A,T,
0.190583,P1Y,0,,A,PU,_Z,2,,,False,WB_WDI,WB_WDI_EN_GHG_CO2_PC_CE_AR5,ZMB,_T,_T,_T,_Z,_Z,_Z,2001,A,T,
1.219171,P1Y,0,,A,PU,_Z,2,,,False,WB_WDI,WB_WDI_EN_GHG_CO2_PC_CE_AR5,ZWE,_T,_T,_T,_Z,_Z,_Z,2001,A,T,
1.069349,P1Y,0,,A,PU,_Z,2,,,False,WB_WDI,WB_WDI_EN_GHG_CO2_PC_CE_AR5,AFE,_T,_T,_T,_Z,_Z,_Z,2002,A,T,
0.501427,P1Y,0,,A,PU,_Z,2,,,False,WB_WDI,WB_WDI_EN_GHG_CO2_PC_CE_AR5,AFW,_T,_T,_T,_Z,_Z,_Z,2002,A,T,
3.667792,P1Y,0,,A,PU,_Z,2,,,False,WB_WDI,WB_WDI_EN_GHG_CO2_PC_CE_AR5,ARB,_T,_T,_T,_Z,_Z,_Z,2002,A,T,
7.103496,P1Y,0,,A,PU,_Z,2,,,False,WB_WDI,WB_WDI_EN_GHG_CO2_PC_CE_AR5,CSS,_T,_T,_T,_Z,_Z,_Z,2002,A,T,
0.228245,P1Y,0,,A,PU,_Z,2,,,False,WB_WDI,WB_WDI_EN_GHG_CO2_PC_CE_AR5,BFA,_T,_T,_T,_Z,_Z,_Z,2017,A,T,
0.047476,P1Y,0,,A,PU,_Z,2,,,False,WB_WDI,WB_WDI_EN_GHG_CO2_PC_CE_AR5,BDI,_T,_T,_T,_Z,_Z,_Z,2017,A,T,
1.73155,P1Y,0,,A,PU,_Z,2,,,False,WB_WDI,WB_WDI_EN_GHG_CO2_PC_CE_AR5,CPV,_T,_T,_T,_Z,_Z,_Z,2017,A,T,
0.735875,P1Y,0,,A,PU,_Z,2,,,False,WB_WDI,WB_WDI_EN_GHG_CO2_PC_CE_AR5,KHM,_T,_T,_T,_Z,_Z,_Z,2017,A,T,
0.40878,P1Y,0,,A,PU,_Z,2,,,False,WB_WDI,WB_WDI_EN_GHG_CO2_PC_CE_AR5,CMR,_T,_T,_T,_Z,_Z,_Z,2017,A,T,
16.196245,P1Y,0,,A,PU,_Z,2,,,False,WB_WDI,WB_WDI_EN_GHG_CO2_PC_CE_AR5,CAN,_T,_T,_T,_Z,_Z,_Z,2017,A,T,
4.354226,P1Y,0,,A,PU,_Z,2,,,False,WB_WDI,WB_WDI_EN_GHG_CO2_PC_CE_AR5,CYM,_T,_T,_T,_Z,_Z,_Z,2017,A,T,
0.05522,P1Y,0,,A,PU,_Z,2,,,False,WB_WDI,WB_WDI_EN_GHG_CO2_PC_CE_AR5,CAF,_T,_T,_T,_Z,_Z,_Z,2017,A,T,
0.141486,P1Y,0,,A,PU,_Z,2,,,False,WB_WDI,WB_WDI_EN_GHG_CO2_PC_CE_AR5,TCD,_T,_T,_T,_Z,_Z,_Z,2017,A,T,
4.836098,P1Y,0,,A,PU,_Z,2,,,False,WB_WDI,WB_WDI_EN_GHG_CO2_PC_CE_AR5,CHL,_T,_T,_T,_Z,_Z,_Z,2017,A,T,
7.878027,P1Y,0,,A,PU,_Z,2,,,False,WB_WDI,WB_WDI_EN_GHG_CO2_PC_CE_AR5,CHN,_T,_T,_T,_Z,_Z,_Z,2017,A,T,
0.151058,P1Y,0,,A,PU,_Z,2,,,False,WB_WDI,WB_WDI_EN_GHG_CO2_PC_CE_AR5,BFA,_T,_T,_T,_Z,_Z,_Z,2014,A,T,
0.037547,P1Y,0,,A,PU,_Z,2,,,False,WB_WDI,WB_WDI_EN_GHG_CO2_PC_CE_AR5,BDI,_T,_T,_T,_Z,_Z,_Z,2014,A,T,
1.510952,P1Y,0,,A,PU,_Z,2,,,False,WB_WDI,WB_WDI_EN_GHG_CO2_PC_CE_AR5,CPV,_T,_T,_T,_Z,_Z,_Z,2014,A,T,
0.45681,P1Y,0,,A,PU,_Z,2,,,False,WB_WDI,WB_WDI_EN_GHG_CO2_PC_CE_AR5,KHM,_T,_T,_T,_Z,_Z,_Z,2014,A,T,
0.40211,P1Y,0,,A,PU,_Z,2,,,False,WB_WDI,WB_WDI_EN_GHG_CO2_PC_CE_AR5,CMR,_T,_T,_T,_Z,_Z,_Z,2014,A,T,
16.377454,P1Y,0,,A,PU,_Z,2,,,False,WB_WDI,WB_WDI_EN_GHG_CO2_PC_CE_AR5,CAN,_T,_T,_T,_Z,_Z,_Z,2014,A,T,
3.858045,P1Y,0,,A,PU,_Z,2,,,False,WB_WDI,WB_WDI_EN_GHG_CO2_PC_CE_AR5,CYM,_T,_T,_T,_Z,_Z,_Z,2014,A,T,
0.034976,P1Y,0,,A,PU,_Z,2,,,False,WB_WDI,WB_WDI_EN_GHG_CO2_PC_CE_AR5,CAF,_T,_T,_T,_Z,_Z,_Z,2014,A,T,
0.098959,P1Y,0,,A,PU,_Z,2,,,False,WB_WDI,WB_WDI_EN_GHG_CO2_PC_CE_AR5,TCD,_T,_T,_T,_Z,_Z,_Z,2014,A,T,
4.405718,P1Y,0,,A,PU,_Z,2,,,False,WB_WDI,WB_WDI_EN_GHG_CO2_PC_CE_AR5,CHL,_T,_T,_T,_Z,_Z,_Z,2014,A,T,
7.931643,P1Y,0,,A,PU,_Z,2,,,False,WB_WDI,WB_WDI_EN_GHG_CO2_PC_CE_AR5,CHN,_T,_T,_T,_Z,_Z,_Z,2014,A,T,
0.660184,P1Y,0,,A,PU,_Z,2,,,False,WB_WDI,WB_WDI_EN_GHG_CO2_PC_CE_AR5,NGA,_T,_T,_T,_Z,_Z,_Z,2014,A,T,
4.355281,P1Y,0,,A,PU,_Z,2,,,False,WB_WDI,WB_WDI_EN_GHG_CO2_PC_CE_AR5,MKD,_T,_T,_T,_Z,_Z,_Z,2014,A,T,
0.001917,P1Y,0,,A,PU,_Z,2,,,False,WB_WDI,WB_WDI_EN_GHG_CO2_PC_CE_AR5,MNP,_T,_T,_T,_Z,_Z,_Z,2014,A,T,
9.147047,P1Y,0,,A,PU,_Z,2,,,False,WB_WDI,WB_WDI_EN_GHG_CO2_PC_CE_AR5,NOR,_T,_T,_T,_Z,_Z,_Z,2014,A,T,
18.745645,P1Y,0,,A,PU,_Z,2,,,False,WB_WDI,WB_WDI_EN_GHG_CO2_PC_CE_AR5,OMN,_T,_T,_T,_Z,_Z,_Z,2014,A,T,
0.78969,P1Y,0,,A,PU,_Z,2,,,False,WB_WDI,WB_WDI_EN_GHG_CO2_PC_CE_AR5,PAK,_T,_T,_T,_Z,_Z,_Z,2014,A,T,
71.560824,P1Y,0,,A,PU,_Z,2,,,False,WB_WDI,WB_WDI_EN_GHG_CO2_PC_CE_AR5,PLW,_T,_T,_T,_Z,_Z,_Z,2014,A,T,
2.767631,P1Y,0,,A,PU,_Z,2,,,False,WB_WDI,WB_WDI_EN_GHG_CO2_PC_CE_AR5,PAN,_T,_T,_T,_Z,_Z,_Z,2014,A,T,
0.649726,P1Y,0,,A,PU,_Z,2,,,False,WB_WDI,WB_WDI_EN_GHG_CO2_PC_CE_AR5,PNG,_T,_T,_T,_Z,_Z,_Z,2014,A,T,
0.980245,P1Y,0,,A,PU,_Z,2,,,False,WB_WDI,WB_WDI_EN_GHG_CO2_PC_CE_AR5,PRY,_T,_T,_T,_Z,_Z,_Z,2014,A,T,
1.768256,P1Y,0,,A,PU,_Z,2,,,False,WB_WDI,WB_WDI_EN_GHG_CO2_PC_CE_AR5,PER,_T,_T,_T,_Z,_Z,_Z,2014,A,T,
1.002373,P1Y,0,,A,PU,_Z,2,,,False,WB_WDI,WB_WDI_EN_GHG_CO2_PC_CE_AR5,PHL,_T,_T,_T,_Z,_Z,_Z,2014,A,T,
0.227586,P1Y,0,,A,PU,_Z,2,,,False,WB_WDI,WB_WDI_EN_GHG_CO2_PC_CE_AR5,HPC,_T,_T,_T,_Z,_Z,_Z,2009,A,T,
11.29244,P1Y,0,,A,PU,_Z,2,,,False,WB_WDI,WB_WDI_EN_GHG_CO2_PC_CE_AR5,HIC,_T,_T,_T,_Z,_Z,_Z,2009,A,T,
3.958291,P1Y,0,,A,PU,_Z,2,,,False,WB_WDI,WB_WDI_EN_GHG_CO2_PC_CE_AR5,IBD,_T,_T,_T,_Z,_Z,_Z,2009,A,T,
3.126385,P1Y,0,,A,PU,_Z,2,,,False,WB_WDI,WB_WDI_EN_GHG_CO2_PC_CE_AR5,IBT,_T,_T,_T,_Z,_Z,_Z,2009,A,T,
0.837729,P1Y,0,,A,PU,_Z,2,,,False,WB_WDI,WB_WDI_EN_GHG_CO2_PC_CE_AR5,IDB,_T,_T,_T,_Z,_Z,_Z,2009,A,T,
0.333462,P1Y,0,,A,PU,_Z,2,,,False,WB_WDI,WB_WDI_EN_GHG_CO2_PC_CE_AR5,IDX,_T,_T,_T,_Z,_Z,_Z,2009,A,T,
0.512597,P1Y,0,,A,PU,_Z,2,,,False,WB_WDI,WB_WDI_EN_GHG_CO2_PC_CE_AR5,IDA,_T,_T,_T,_Z,_Z,_Z,2009,A,T,
5.801227,P1Y,0,,A,PU,_Z,2,,,False,WB_WDI,WB_WDI_EN_GHG_CO2_PC_CE_AR5,LTE,_T,_T,_T,_Z,_Z,_Z,2009,A,T,
2.714189,P1Y,0,,A,PU,_Z,2,,,False,WB_WDI,WB_WDI_EN_GHG_CO2_PC_CE_AR5,LCN,_T,_T,_T,_Z,_Z,_Z,2009,A,T,
2.618037,P1Y,0,,A,PU,_Z,2,,,False,WB_WDI,WB_WDI_EN_GHG_CO2_PC_CE_AR5,LAC,_T,_T,_T,_Z,_Z,_Z,2009,A,T,
2.713764,P1Y,0,,A,PU,_Z,2,,,False,WB_WDI,WB_WDI_EN_GHG_CO2_PC_CE_AR5,TLA,_T,_T,_T,_Z,_Z,_Z,2009,A,T,
0.253531,P1Y,0,,A,PU,_Z,2,,,False,WB_WDI,WB_WDI_EN_GHG_CO2_PC_CE_AR5,LDC,_T,_T,_T,_Z,_Z,_Z,2009,A,T,
2.854533,P1Y,0,,A,PU,_Z,2,,,False,WB_WDI,WB_WDI_EN_GHG_CO2_PC_CE_AR5,LMY,_T,_T,_T,_Z,_Z,_Z,2009,A,T,
0.592329,P1Y,0,,A,PU,_Z,2,,,False,WB_WDI,WB_WDI_EN_GHG_CO2_PC_CE_AR5,SEN,_T,_T,_T,_Z,_Z,_Z,2014,A,T,
10.136932,P1Y,0,,A,PU,_Z,2,,,False,WB_WDI,WB_WDI_EN_GHG_CO2_PC_CE_AR5,SYC,_T,_T,_T,_Z,_Z,_Z,2014,A,T,
0.175528,P1Y,0,,A,PU,_Z,2,,,False,WB_WDI,WB_WDI_EN_GHG_CO2_PC_CE_AR5,SLE,_T,_T,_T,_Z,_Z,_Z,2014,A,T,
9.847499,P1Y,0,,A,PU,_Z,2,,,False,WB_WDI,WB_WDI_EN_GHG_CO2_PC_CE_AR5,SGP,_T,_T,_T,_Z,_Z,_Z,2014,A,T,
6.272818,P1Y,0,,A,PU,_Z,2,,,False,WB_WDI,WB_WDI_EN_GHG_CO2_PC_CE_AR5,SVK,_T,_T,_T,_Z,_Z,_Z,2014,A,T,
6.850697,P1Y,0,,A,PU,_Z,2,,,False,WB_WDI,WB_WDI_EN_GHG_CO2_PC_CE_AR5,SVN,_T,_T,_T,_Z,_Z,_Z,2014,A,T,
0.60706,P1Y,0,,A,PU,_Z,2,,,False,WB_WDI,WB_WDI_EN_GHG_CO2_PC_CE_AR5,SLB,_T,_T,_T,_Z,_Z,_Z,2014,A,T,
0.057963,P1Y,0,,A,PU,_Z,2,,,False,WB_WDI,WB_WDI_EN_GHG_CO2_PC_CE_AR5,SOM,_T,_T,_T,_Z,_Z,_Z,2014,A,T,
8.752624,P1Y,0,,A,PU,_Z,2,,,False,WB_WDI,WB_WDI_EN_GHG_CO2_PC_CE_AR5,ZAF,_T,_T,_T,_Z,_Z,_Z,2014,A,T,
0.002002,P1Y,0,,A,PU,_Z,2,,,False,WB_WDI,WB_WDI_EN_GHG_CO2_PC_CE_AR5,MNP,_T,_T,_T,_Z,_Z,_Z,2017,A,T,
8.984023,P1Y,0,,A,PU,_Z,2,,,False,WB_WDI,WB_WDI_EN_GHG_CO2_PC_CE_AR5,NOR,_T,_T,_T,_Z,_Z,_Z,2017,A,T,
17.930967,P1Y,0,,A,PU,_Z,2,,,False,WB_WDI,WB_WDI_EN_GHG_CO2_PC_CE_AR5,OMN,_T,_T,_T,_Z,_Z,_Z,2017,A,T,
0.95531,P1Y,0,,A,PU,_Z,2,,,False,WB_WDI,WB_WDI_EN_GHG_CO2_PC_CE_AR5,PAK,_T,_T,_T,_Z,_Z,_Z,2017,A,T,
67.168201,P1Y,0,,A,PU,_Z,2,,,False,WB_WDI,WB_WDI_EN_GHG_CO2_PC_CE_AR5,PLW,_T,_T,_T,_Z,_Z,_Z,2017,A,T,
2.475976,P1Y,0,,A,PU,_Z,2,,,False,WB_WDI,WB_WDI_EN_GHG_CO2_PC_CE_AR5,PAN,_T,_T,_T,_Z,_Z,_Z,2017,A,T,
0.629631,P1Y,0,,A,PU,_Z,2,,,False,WB_WDI,WB_WDI_EN_GHG_CO2_PC_CE_AR5,PNG,_T,_T,_T,_Z,_Z,_Z,2017,A,T,
1.336055,P1Y,0,,A,PU,_Z,2,,,False,WB_WDI,WB_WDI_EN_GHG_CO2_PC_CE_AR5,PRY,_T,_T,_T,_Z,_Z,_Z,2017,A,T,
1.76274,P1Y,0,,A,PU,_Z,2,,,False,WB_WDI,WB_WDI_EN_GHG_CO2_PC_CE_AR5,PER,_T,_T,_T,_Z,_Z,_Z,2017,A,T,
1.254591,P1Y,0,,A,PU,_Z,2,,,False,WB_WDI,WB_WDI_EN_GHG_CO2_PC_CE_AR5,PHL,_T,_T,_T,_Z,_Z,_Z,2017,A,T,
8.695816,P1Y,0,,A,PU,_Z,2,,,False,WB_WDI,WB_WDI_EN_GHG_CO2_PC_CE_AR5,POL,_T,_T,_T,_Z,_Z,_Z,2017,A,T,
0.825253,P1Y,0,,A,PU,_Z,2,,,False,WB_WDI,WB_WDI_EN_GHG_CO2_PC_CE_AR5,IDB,_T,_T,_T,_Z,_Z,_Z,2012,A,T,
0.355739,P1Y,0,,A,PU,_Z,2,,,False,WB_WDI,WB_WDI_EN_GHG_CO2_PC_CE_AR5,IDX,_T,_T,_T,_Z,_Z,_Z,2012,A,T,
0.523254,P1Y,0,,A,PU,_Z,2,,,False,WB_WDI,WB_WDI_EN_GHG_CO2_PC_CE_AR5,IDA,_T,_T,_T,_Z,_Z,_Z,2012,A,T,
6.799631,P1Y,0,,A,PU,_Z,2,,,False,WB_WDI,WB_WDI_EN_GHG_CO2_PC_CE_AR5,LTE,_T,_T,_T,_Z,_Z,_Z,2012,A,T,
3.050467,P1Y,0,,A,PU,_Z,2,,,False,WB_WDI,WB_WDI_EN_GHG_CO2_PC_CE_AR5,LCN,_T,_T,_T,_Z,_Z,_Z,2012,A,T,
2.958026,P1Y,0,,A,PU,_Z,2,,,False,WB_WDI,WB_WDI_EN_GHG_CO2_PC_CE_AR5,LAC,_T,_T,_T,_Z,_Z,_Z,2012,A,T,
3.060527,P1Y,0,,A,PU,_Z,2,,,False,WB_WDI,WB_WDI_EN_GHG_CO2_PC_CE_AR5,TLA,_T,_T,_T,_Z,_Z,_Z,2012,A,T,
0.287594,P1Y,0,,A,PU,_Z,2,,,False,WB_WDI,WB_WDI_EN_GHG_CO2_PC_CE_AR5,LDC,_T,_T,_T,_Z,_Z,_Z,2012,A,T,
3.265501,P1Y,0,,A,PU,_Z,2,,,False,WB_WDI,WB_WDI_EN_GHG_CO2_PC_CE_AR5,LMY,_T,_T,_T,_Z,_Z,_Z,2012,A,T,
0.353581,P1Y,0,,A,PU,_Z,2,,,False,WB_WDI,WB_WDI_EN_GHG_CO2_PC_CE_AR5,LIC,_T,_T,_T,_Z,_Z,_Z,2012,A,T,
1.31104,P1Y,0,,A,PU,_Z,2,,,False,WB_WDI,WB_WDI_EN_GHG_CO2_PC_CE_AR5,LMC,_T,_T,_T,_Z,_Z,_Z,2012,A,T,
4.033633,P1Y,0,,A,PU,_Z,2,,,False,WB_WDI,WB_WDI_EN_GHG_CO2_PC_CE_AR5,MEA,_T,_T,_T,_Z,_Z,_Z,2012,A,T,
2.564324,P1Y,0,,A,PU,_Z,2,,,False,WB_WDI,WB_WDI_EN_GHG_CO2_PC_CE_AR5,MNA,_T,_T,_T,_Z,_Z,_Z,2012,A,T,
0.253788,P1Y,0,,A,PU,_Z,2,,,False,WB_WDI,WB_WDI_EN_GHG_CO2_PC_CE_AR5,LBR,_T,_T,_T,_Z,_Z,_Z,2017,A,T,
8.220313,P1Y,0,,A,PU,_Z,2,,,False,WB_WDI,WB_WDI_EN_GHG_CO2_PC_CE_AR5,LBY,_T,_T,_T,_Z,_Z,_Z,2017,A,T,
4.912407,P1Y,0,,A,PU,_Z,2,,,False,WB_WDI,WB_WDI_EN_GHG_CO2_PC_CE_AR5,LTU,_T,_T,_T,_Z,_Z,_Z,2017,A,T,
15.408092,P1Y,0,,A,PU,_Z,2,,,False,WB_WDI,WB_WDI_EN_GHG_CO2_PC_CE_AR5,LUX,_T,_T,_T,_Z,_Z,_Z,2017,A,T,
4.451727,P1Y,0,,A,PU,_Z,2,,,False,WB_WDI,WB_WDI_EN_GHG_CO2_PC_CE_AR5,MAC,_T,_T,_T,_Z,_Z,_Z,2017,A,T,
0.132625,P1Y,0,,A,PU,_Z,2,,,False,WB_WDI,WB_WDI_EN_GHG_CO2_PC_CE_AR5,MDG,_T,_T,_T,_Z,_Z,_Z,2017,A,T,
0.299783,P1Y,0,,A,PU,_Z,2,,,False,WB_WDI,WB_WDI_EN_GHG_CO2_PC_CE_AR5,MWI,_T,_T,_T,_Z,_Z,_Z,2017,A,T,
7.350569,P1Y,0,,A,PU,_Z,2,,,False,WB_WDI,WB_WDI_EN_GHG_CO2_PC_CE_AR5,MYS,_T,_T,_T,_Z,_Z,_Z,2017,A,T,
3.508937,P1Y,0,,A,PU,_Z,2,,,False,WB_WDI,WB_WDI_EN_GHG_CO2_PC_CE_AR5,MDV,_T,_T,_T,_Z,_Z,_Z,2017,A,T,
0.26049,P1Y,0,,A,PU,_Z,2,,,False,WB_WDI,WB_WDI_EN_GHG_CO2_PC_CE_AR5,MLI,_T,_T,_T,_Z,_Z,_Z,2017,A,T,
3.081844,P1Y,0,,A,PU,_Z,2,,,False,WB_WDI,WB_WDI_EN_GHG_CO2_PC_CE_AR5,JAM,_T,_T,_T,_Z,_Z,_Z,2018,A,T,
9.172136,P1Y,0,,A,PU,_Z,2,,,False,WB_WDI,WB_WDI_EN_GHG_CO2_PC_CE_AR5,JPN,_T,_T,_T,_Z,_Z,_Z,2018,A,T,
2.409765,P1Y,0,,A,PU,_Z,2,,,False,WB_WDI,WB_WDI_EN_GHG_CO2_PC_CE_AR5,JOR,_T,_T,_T,_Z,_Z,_Z,2018,A,T,
12.115524,P1Y,0,,A,PU,_Z,2,,,False,WB_WDI,WB_WDI_EN_GHG_CO2_PC_CE_AR5,KAZ,_T,_T,_T,_Z,_Z,_Z,2018,A,T,
0.381159,P1Y,0,,A,PU,_Z,2,,,False,WB_WDI,WB_WDI_EN_GHG_CO2_PC_CE_AR5,KEN,_T,_T,_T,_Z,_Z,_Z,2018,A,T,
0.621703,P1Y,0,,A,PU,_Z,2,,,False,WB_WDI,WB_WDI_EN_GHG_CO2_PC_CE_AR5,KIR,_T,_T,_T,_Z,_Z,_Z,2018,A,T,
2.560492,P1Y,0,,A,PU,_Z,2,,,False,WB_WDI,WB_WDI_EN_GHG_CO2_PC_CE_AR5,PRK,_T,_T,_T,_Z,_Z,_Z,2018,A,T,
13.191727,P1Y,0,,A,PU,_Z,2,,,False,WB_WDI,WB_WDI_EN_GHG_CO2_PC_CE_AR5,KOR,_T,_T,_T,_Z,_Z,_Z,2018,A,T,
22.91647,P1Y,0,,A,PU,_Z,2,,,False,WB_WDI,WB_WDI_EN_GHG_CO2_PC_CE_AR5,KWT,_T,_T,_T,_Z,_Z,_Z,2018,A,T,
1.780208,P1Y,0,,A,PU,_Z,2,,,False,WB_WDI,WB_WDI_EN_GHG_CO2_PC_CE_AR5,KGZ,_T,_T,_T,_Z,_Z,_Z,2018,A,T,
0.043317,P1Y,0,,A,PU,_Z,2,,,False,WB_WDI,WB_WDI_EN_GHG_CO2_PC_CE_AR5,BDI,_T,_T,_T,_Z,_Z,_Z,2013,A,T,
1.428083,P1Y,0,,A,PU,_Z,2,,,False,WB_WDI,WB_WDI_EN_GHG_CO2_PC_CE_AR5,CPV,_T,_T,_T,_Z,_Z,_Z,2013,A,T,
0.375413,P1Y,0,,A,PU,_Z,2,,,False,WB_WDI,WB_WDI_EN_GHG_CO2_PC_CE_AR5,KHM,_T,_T,_T,_Z,_Z,_Z,2013,A,T,
0.382159,P1Y,0,,A,PU,_Z,2,,,False,WB_WDI,WB_WDI_EN_GHG_CO2_PC_CE_AR5,CMR,_T,_T,_T,_Z,_Z,_Z,2013,A,T,
16.396768,P1Y,0,,A,PU,_Z,2,,,False,WB_WDI,WB_WDI_EN_GHG_CO2_PC_CE_AR5,CAN,_T,_T,_T,_Z,_Z,_Z,2013,A,T,
3.694485,P1Y,0,,A,PU,_Z,2,,,False,WB_WDI,WB_WDI_EN_GHG_CO2_PC_CE_AR5,CYM,_T,_T,_T,_Z,_Z,_Z,2013,A,T,
0.032052,P1Y,0,,A,PU,_Z,2,,,False,WB_WDI,WB_WDI_EN_GHG_CO2_PC_CE_AR5,CAF,_T,_T,_T,_Z,_Z,_Z,2013,A,T,
0.09607,P1Y,0,,A,PU,_Z,2,,,False,WB_WDI,WB_WDI_EN_GHG_CO2_PC_CE_AR5,TCD,_T,_T,_T,_Z,_Z,_Z,2013,A,T,
4.82902,P1Y,0,,A,PU,_Z,2,,,False,WB_WDI,WB_WDI_EN_GHG_CO2_PC_CE_AR5,CHL,_T,_T,_T,_Z,_Z,_Z,2013,A,T,
7.893276,P1Y,0,,A,PU,_Z,2,,,False,WB_WDI,WB_WDI_EN_GHG_CO2_PC_CE_AR5,CHN,_T,_T,_T,_Z,_Z,_Z,2013,A,T,
1.812178,P1Y,0,,A,PU,_Z,2,,,False,WB_WDI,WB_WDI_EN_GHG_CO2_PC_CE_AR5,COL,_T,_T,_T,_Z,_Z,_Z,2013,A,T,
0.250793,P1Y,0,,A,PU,_Z,2,,,False,WB_WDI,WB_WDI_EN_GHG_CO2_PC_CE_AR5,COM,_T,_T,_T,_Z,_Z,_Z,2013,A,T,
3.052524,P1Y,0,,A,PU,_Z,2,,,False,WB_WDI,WB_WDI_EN_GHG_CO2_PC_CE_AR5,IBD,_T,_T,_T,_Z,_Z,_Z,2003,A,T,
2.474219,P1Y,0,,A,PU,_Z,2,,,False,WB_WDI,WB_WDI_EN_GHG_CO2_PC_CE_AR5,IBT,_T,_T,_T,_Z,_Z,_Z,2003,A,T,
0.932799,P1Y,0,,A,PU,_Z,2,,,False,WB_WDI,WB_WDI_EN_GHG_CO2_PC_CE_AR5,IDB,_T,_T,_T,_Z,_Z,_Z,2003,A,T,
0.277042,P1Y,0,,A,PU,_Z,2,,,False,WB_WDI,WB_WDI_EN_GHG_CO2_PC_CE_AR5,IDX,_T,_T,_T,_Z,_Z,_Z,2003,A,T,
0.507551,P1Y,0,,A,PU,_Z,2,,,False,WB_WDI,WB_WDI_EN_GHG_CO2_PC_CE_AR5,IDA,_T,_T,_T,_Z,_Z,_Z,2003,A,T,
4.183387,P1Y,0,,A,PU,_Z,2,,,False,WB_WDI,WB_WDI_EN_GHG_CO2_PC_CE_AR5,LTE,_T,_T,_T,_Z,_Z,_Z,2003,A,T,
2.559523,P1Y,0,,A,PU,_Z,2,,,False,WB_WDI,WB_WDI_EN_GHG_CO2_PC_CE_AR5,LCN,_T,_T,_T,_Z,_Z,_Z,2003,A,T,
2.477904,P1Y,0,,A,PU,_Z,2,,,False,WB_WDI,WB_WDI_EN_GHG_CO2_PC_CE_AR5,LAC,_T,_T,_T,_Z,_Z,_Z,2003,A,T,
2.534392,P1Y,0,,A,PU,_Z,2,,,False,WB_WDI,WB_WDI_EN_GHG_CO2_PC_CE_AR5,TLA,_T,_T,_T,_Z,_Z,_Z,2003,A,T,
0.203137,P1Y,0,,A,PU,_Z,2,,,False,WB_WDI,WB_WDI_EN_GHG_CO2_PC_CE_AR5,LDC,_T,_T,_T,_Z,_Z,_Z,2003,A,T,
2.138382,P1Y,0,,A,PU,_Z,2,,,False,WB_WDI,WB_WDI_EN_GHG_CO2_PC_CE_AR5,LMY,_T,_T,_T,_Z,_Z,_Z,2003,A,T,
0.421414,P1Y,0,,A,PU,_Z,2,,,False,WB_WDI,WB_WDI_EN_GHG_CO2_PC_CE_AR5,LIC,_T,_T,_T,_Z,_Z,_Z,2003,A,T,
0.944463,P1Y,0,,A,PU,_Z,2,,,False,WB_WDI,WB_WDI_EN_GHG_CO2_PC_CE_AR5,LMC,_T,_T,_T,_Z,_Z,_Z,2003,A,T,
3.233331,P1Y,0,,A,PU,_Z,2,,,False,WB_WDI,WB_WDI_EN_GHG_CO2_PC_CE_AR5,MEA,_T,_T,_T,_Z,_Z,_Z,2003,A,T,
2.169029,P1Y,0,,A,PU,_Z,2,,,False,WB_WDI,WB_WDI_EN_GHG_CO2_PC_CE_AR5,MNA,_T,_T,_T,_Z,_Z,_Z,2003,A,T,
6.895076,P1Y,0,,A,PU,_Z,2,,,False,WB_WDI,WB_WDI_EN_GHG_CO2_PC_CE_AR5,IRN,_T,_T,_T,_Z,_Z,_Z,2006,A,T,
2.96556,P1Y,0,,A,PU,_Z,2,,,False,WB_WDI,WB_WDI_EN_GHG_CO2_PC_CE_AR5,IRQ,_T,_T,_T,_Z,_Z,_Z,2006,A,T,
11.158812,P1Y,0,,A,PU,_Z,2,,,False,WB_WDI,WB_WDI_EN_GHG_CO2_PC_CE_AR5,IRL,_T,_T,_T,_Z,_Z,_Z,2006,A,T,
9.220395,P1Y,0,,A,PU,_Z,2,,,False,WB_WDI,WB_WDI_EN_GHG_CO2_PC_CE_AR5,ISR,_T,_T,_T,_Z,_Z,_Z,2006,A,T,
8.348044,P1Y,0,,A,PU,_Z,2,,,False,WB_WDI,WB_WDI_EN_GHG_CO2_PC_CE_AR5,ITA,_T,_T,_T,_Z,_Z,_Z,2006,A,T,
4.557996,P1Y,0,,A,PU,_Z,2,,,False,WB_WDI,WB_WDI_EN_GHG_CO2_PC_CE_AR5,JAM,_T,_T,_T,_Z,_Z,_Z,2006,A,T,
9.824005,P1Y,0,,A,PU,_Z,2,,,False,WB_WDI,WB_WDI_EN_GHG_CO2_PC_CE_AR5,JPN,_T,_T,_T,_Z,_Z,_Z,2006,A,T,
3.196299,P1Y,0,,A,PU,_Z,2,,,False,WB_WDI,WB_WDI_EN_GHG_CO2_PC_CE_AR5,JOR,_T,_T,_T,_Z,_Z,_Z,2006,A,T,
13.05241,P1Y,0,,A,PU,_Z,2,,,False,WB_WDI,WB_WDI_EN_GHG_CO2_PC_CE_AR5,KAZ,_T,_T,_T,_Z,_Z,_Z,2006,A,T,
0.270941,P1Y,0,,A,PU,_Z,2,,,False,WB_WDI,WB_WDI_EN_GHG_CO2_PC_CE_AR5,KEN,_T,_T,_T,_Z,_Z,_Z,2006,A,T,
0.661887,P1Y,0,,A,PU,_Z,2,,,False,WB_WDI,WB_WDI_EN_GHG_CO2_PC_CE_AR5,KIR,_T,_T,_T,_Z,_Z,_Z,2006,A,T,
7.885367,P1Y,0,,A,PU,_Z,2,,,False,WB_WDI,WB_WDI_EN_GHG_CO2_PC_CE_AR5,TEC,_T,_T,_T,_Z,_Z,_Z,2018,A,T,
6.834578,P1Y,0,,A,PU,_Z,2,,,False,WB_WDI,WB_WDI_EN_GHG_CO2_PC_CE_AR5,EUU,_T,_T,_T,_Z,_Z,_Z,2018,A,T,
0.308555,P1Y,0,,A,PU,_Z,2,,,False,WB_WDI,WB_WDI_EN_GHG_CO2_PC_CE_AR5,HPC,_T,_T,_T,_Z,_Z,_Z,2018,A,T,
10.885694,P1Y,0,,A,PU,_Z,2,,,False,WB_WDI,WB_WDI_EN_GHG_CO2_PC_CE_AR5,HIC,_T,_T,_T,_Z,_Z,_Z,2018,A,T,
4.74748,P1Y,0,,A,PU,_Z,2,,,False,WB_WDI,WB_WDI_EN_GHG_CO2_PC_CE_AR5,IBD,_T,_T,_T,_Z,_Z,_Z,2018,A,T,
3.658112,P1Y,0,,A,PU,_Z,2,,,False,WB_WDI,WB_WDI_EN_GHG_CO2_PC_CE_AR5,IBT,_T,_T,_T,_Z,_Z,_Z,2018,A,T,
0.846151,P1Y,0,,A,PU,_Z,2,,,False,WB_WDI,WB_WDI_EN_GHG_CO2_PC_CE_AR5,IDB,_T,_T,_T,_Z,_Z,_Z,2018,A,T,
0.433374,P1Y,0,,A,PU,_Z,2,,,False,WB_WDI,WB_WDI_EN_GHG_CO2_PC_CE_AR5,IDX,_T,_T,_T,_Z,_Z,_Z,2018,A,T,
0.579675,P1Y,0,,A,PU,_Z,2,,,False,WB_WDI,WB_WDI_EN_GHG_CO2_PC_CE_AR5,IDA,_T,_T,_T,_Z,_Z,_Z,2018,A,T,
7.193639,P1Y,0,,A,PU,_Z,2,,,False,WB_WDI,WB_WDI_EN_GHG_CO2_PC_CE_AR5,LTE,_T,_T,_T,_Z,_Z,_Z,2018,A,T,
2.778118,P1Y,0,,A,PU,_Z,2,,,False,WB_WDI,WB_WDI_EN_GHG_CO2_PC_CE_AR5,LCN,_T,_T,_T,_Z,_Z,_Z,2018,A,T,
2.67476,P1Y,0,,A,PU,_Z,2,,,False,WB_WDI,WB_WDI_EN_GHG_CO2_PC_CE_AR5,LAC,_T,_T,_T,_Z,_Z,_Z,2018,A,T,
2.777601,P1Y,0,,A,PU,_Z,2,,,False,WB_WDI,WB_WDI_EN_GHG_CO2_PC_CE_AR5,TLA,_T,_T,_T,_Z,_Z,_Z,2018,A,T,
0.865001,P1Y,0,,A,PU,_Z,2,,,False,WB_WDI,WB_WDI_EN_GHG_CO2_PC_CE_AR5,SWZ,_T,_T,_T,_Z,_Z,_Z,2014,A,T,
0.122678,P1Y,0,,A,PU,_Z,2,,,False,WB_WDI,WB_WDI_EN_GHG_CO2_PC_CE_AR5,ETH,_T,_T,_T,_Z,_Z,_Z,2014,A,T,
0.041299,P1Y,0,,A,PU,_Z,2,,,False,WB_WDI,WB_WDI_EN_GHG_CO2_PC_CE_AR5,FRO,_T,_T,_T,_Z,_Z,_Z,2014,A,T,
1.700006,P1Y,0,,A,PU,_Z,2,,,False,WB_WDI,WB_WDI_EN_GHG_CO2_PC_CE_AR5,FJI,_T,_T,_T,_Z,_Z,_Z,2014,A,T,
9.052731,P1Y,0,,A,PU,_Z,2,,,False,WB_WDI,WB_WDI_EN_GHG_CO2_PC_CE_AR5,FIN,_T,_T,_T,_Z,_Z,_Z,2014,A,T,
4.930489,P1Y,0,,A,PU,_Z,2,,,False,WB_WDI,WB_WDI_EN_GHG_CO2_PC_CE_AR5,FRA,_T,_T,_T,_Z,_Z,_Z,2014,A,T,
3.558416,P1Y,0,,A,PU,_Z,2,,,False,WB_WDI,WB_WDI_EN_GHG_CO2_PC_CE_AR5,PYF,_T,_T,_T,_Z,_Z,_Z,2014,A,T,
3.167763,P1Y,0,,A,PU,_Z,2,,,False,WB_WDI,WB_WDI_EN_GHG_CO2_PC_CE_AR5,GAB,_T,_T,_T,_Z,_Z,_Z,2014,A,T,
0.223513,P1Y,0,,A,PU,_Z,2,,,False,WB_WDI,WB_WDI_EN_GHG_CO2_PC_CE_AR5,GMB,_T,_T,_T,_Z,_Z,_Z,2014,A,T,
2.645686,P1Y,0,,A,PU,_Z,2,,,False,WB_WDI,WB_WDI_EN_GHG_CO2_PC_CE_AR5,GEO,_T,_T,_T,_Z,_Z,_Z,2014,A,T,
9.616308,P1Y,0,,A,PU,_Z,2,,,False,WB_WDI,WB_WDI_EN_GHG_CO2_PC_CE_AR5,DEU,_T,_T,_T,_Z,_Z,_Z,2014,A,T,
0.529043,P1Y,0,,A,PU,_Z,2,,,False,WB_WDI,WB_WDI_EN_GHG_CO2_PC_CE_AR5,GHA,_T,_T,_T,_Z,_Z,_Z,2014,A,T,
10.028805,P1Y,0,,A,PU,_Z,2,,,False,WB_WDI,WB_WDI_EN_GHG_CO2_PC_CE_AR5,NLD,_T,_T,_T,_Z,_Z,_Z,2016,A,T,
17.199733,P1Y,0,,A,PU,_Z,2,,,False,WB_WDI,WB_WDI_EN_GHG_CO2_PC_CE_AR5,NCL,_T,_T,_T,_Z,_Z,_Z,2016,A,T,
7.369933,P1Y,0,,A,PU,_Z,2,,,False,WB_WDI,WB_WDI_EN_GHG_CO2_PC_CE_AR5,NZL,_T,_T,_T,_Z,_Z,_Z,2016,A,T,
0.918114,P1Y,0,,A,PU,_Z,2,,,False,WB_WDI,WB_WDI_EN_GHG_CO2_PC_CE_AR5,NIC,_T,_T,_T,_Z,_Z,_Z,2016,A,T,
0.104777,P1Y,0,,A,PU,_Z,2,,,False,WB_WDI,WB_WDI_EN_GHG_CO2_PC_CE_AR5,NER,_T,_T,_T,_Z,_Z,_Z,2016,A,T,
0.631791,P1Y,0,,A,PU,_Z,2,,,False,WB_WDI,WB_WDI_EN_GHG_CO2_PC_CE_AR5,NGA,_T,_T,_T,_Z,_Z,_Z,2016,A,T,
3.997717,P1Y,0,,A,PU,_Z,2,,,False,WB_WDI,WB_WDI_EN_GHG_CO2_PC_CE_AR5,MKD,_T,_T,_T,_Z,_Z,_Z,2016,A,T,
0.00197,P1Y,0,,A,PU,_Z,2,,,False,WB_WDI,WB_WDI_EN_GHG_CO2_PC_CE_AR5,MNP,_T,_T,_T,_Z,_Z,_Z,2016,A,T,
9.049752,P1Y,0,,A,PU,_Z,2,,,False,WB_WDI,WB_WDI_EN_GHG_CO2_PC_CE_AR5,NOR,_T,_T,_T,_Z,_Z,_Z,2016,A,T,
18.362619,P1Y,0,,A,PU,_Z,2,,,False,WB_WDI,WB_WDI_EN_GHG_CO2_PC_CE_AR5,OMN,_T,_T,_T,_Z,_Z,_Z,2016,A,T,
0.89397,P1Y,0,,A,PU,_Z,2,,,False,WB_WDI,WB_WDI_EN_GHG_CO2_PC_CE_AR5,PAK,_T,_T,_T,_Z,_Z,_Z,2016,A,T,
64.302972,P1Y,0,,A,PU,_Z,2,,,False,WB_WDI,WB_WDI_EN_GHG_CO2_PC_CE_AR5,PLW,_T,_T,_T,_Z,_Z,_Z,2016,A,T,
2.460761,P1Y,0,,A,PU,_Z,2,,,False,WB_WDI,WB_WDI_EN_GHG_CO2_PC_CE_AR5,EGY,_T,_T,_T,_Z,_Z,_Z,2016,A,T,
1.181831,P1Y,0,,A,PU,_Z,2,,,False,WB_WDI,WB_WDI_EN_GHG_CO2_PC_CE_AR5,SLV,_T,_T,_T,_Z,_Z,_Z,2016,A,T,
3.573366,P1Y,0,,A,PU,_Z,2,,,False,WB_WDI,WB_WDI_EN_GHG_CO2_PC_CE_AR5,GNQ,_T,_T,_T,_Z,_Z,_Z,2016,A,T,
0.191122,P1Y,0,,A,PU,_Z,2,,,False,WB_WDI,WB_WDI_EN_GHG_CO2_PC_CE_AR5,ERI,_T,_T,_T,_Z,_Z,_Z,2016,A,T,
15.646722,P1Y,0,,A,PU,_Z,2,,,False,WB_WDI,WB_WDI_EN_GHG_CO2_PC_CE_AR5,EST,_T,_T,_T,_Z,_Z,_Z,2016,A,T,
0.910738,P1Y,0,,A,PU,_Z,2,,,False,WB_WDI,WB_WDI_EN_GHG_CO2_PC_CE_AR5,SWZ,_T,_T,_T,_Z,_Z,_Z,2016,A,T,
0.15022,P1Y,0,,A,PU,_Z,2,,,False,WB_WDI,WB_WDI_EN_GHG_CO2_PC_CE_AR5,ETH,_T,_T,_T,_Z,_Z,_Z,2016,A,T,
0.040434,P1Y,0,,A,PU,_Z,2,,,False,WB_WDI,WB_WDI_EN_GHG_CO2_PC_CE_AR5,FRO,_T,_T,_T,_Z,_Z,_Z,2016,A,T,
1.732549,P1Y,0,,A,PU,_Z,2,,,False,WB_WDI,WB_WDI_EN_GHG_CO2_PC_CE_AR5,FJI,_T,_T,_T,_Z,_Z,_Z,2016,A,T,
8.881603,P1Y,0,,A,PU,_Z,2,,,False,WB_WDI,WB_WDI_EN_GHG_CO2_PC_CE_AR5,FIN,_T,_T,_T,_Z,_Z,_Z,2016,A,T,
5.017275,P1Y,0,,A,PU,_Z,2,,,False,WB_WDI,WB_WDI_EN_GHG_CO2_PC_CE_AR5,FRA,_T,_T,_T,_Z,_Z,_Z,2016,A,T,
3.610241,P1Y,0,,A,PU,_Z,2,,,False,WB_WDI,WB_WDI_EN_GHG_CO2_PC_CE_AR5,PYF,_T,_T,_T,_Z,_Z,_Z,2016,A,T,
0.101567,P1Y,0,,A,PU,_Z,2,,,False,WB_WDI,WB_WDI_EN_GHG_CO2_PC_CE_AR5,RWA,_T,_T,_T,_Z,_Z,_Z,2016,A,T,
1.740549,P1Y,0,,A,PU,_Z,2,,,False,WB_WDI,WB_WDI_EN_GHG_CO2_PC_CE_AR5,WSM,_T,_T,_T,_Z,_Z,_Z,2016,A,T,
0.718743,P1Y,0,,A,PU,_Z,2,,,False,WB_WDI,WB_WDI_EN_GHG_CO2_PC_CE_AR5,STP,_T,_T,_T,_Z,_Z,_Z,2016,A,T,
19.690702,P1Y,0,,A,PU,_Z,2,,,False,WB_WDI,WB_WDI_EN_GHG_CO2_PC_CE_AR5,SAU,_T,_T,_T,_Z,_Z,_Z,2016,A,T,
0.684897,P1Y,0,,A,PU,_Z,2,,,False,WB_WDI,WB_WDI_EN_GHG_CO2_PC_CE_AR5,SEN,_T,_T,_T,_Z,_Z,_Z,2016,A,T,
11.621619,P1Y,0,,A,PU,_Z,2,,,False,WB_WDI,WB_WDI_EN_GHG_CO2_PC_CE_AR5,SYC,_T,_T,_T,_Z,_Z,_Z,2016,A,T,
0.146933,P1Y,0,,A,PU,_Z,2,,,False,WB_WDI,WB_WDI_EN_GHG_CO2_PC_CE_AR5,SLE,_T,_T,_T,_Z,_Z,_Z,2016,A,T,
9.447071,P1Y,0,,A,PU,_Z,2,,,False,WB_WDI,WB_WDI_EN_GHG_CO2_PC_CE_AR5,SGP,_T,_T,_T,_Z,_Z,_Z,2016,A,T,
6.526591,P1Y,0,,A,PU,_Z,2,,,False,WB_WDI,WB_WDI_EN_GHG_CO2_PC_CE_AR5,SVK,_T,_T,_T,_Z,_Z,_Z,2016,A,T,
2.762436,P1Y,0,,A,PU,_Z,2,,,False,WB_WDI,WB_WDI_EN_GHG_CO2_PC_CE_AR5,IRQ,_T,_T,_T,_Z,_Z,_Z,2007,A,T,
10.671862,P1Y,0,,A,PU,_Z,2,,,False,WB_WDI,WB_WDI_EN_GHG_CO2_PC_CE_AR5,IRL,_T,_T,_T,_Z,_Z,_Z,2007,A,T,
9.38934,P1Y,0,,A,PU,_Z,2,,,False,WB_WDI,WB_WDI_EN_GHG_CO2_PC_CE_AR5,ISR,_T,_T,_T,_Z,_Z,_Z,2007,A,T,
8.174828,P1Y,0,,A,PU,_Z,2,,,False,WB_WDI,WB_WDI_EN_GHG_CO2_PC_CE_AR5,ITA,_T,_T,_T,_Z,_Z,_Z,2007,A,T,
4.50877,P1Y,0,,A,PU,_Z,2,,,False,WB_WDI,WB_WDI_EN_GHG_CO2_PC_CE_AR5,JAM,_T,_T,_T,_Z,_Z,_Z,2007,A,T,
10.091602,P1Y,0,,A,PU,_Z,2,,,False,WB_WDI,WB_WDI_EN_GHG_CO2_PC_CE_AR5,JPN,_T,_T,_T,_Z,_Z,_Z,2007,A,T,
3.125676,P1Y,0,,A,PU,_Z,2,,,False,WB_WDI,WB_WDI_EN_GHG_CO2_PC_CE_AR5,JOR,_T,_T,_T,_Z,_Z,_Z,2007,A,T,
13.508188,P1Y,0,,A,PU,_Z,2,,,False,WB_WDI,WB_WDI_EN_GHG_CO2_PC_CE_AR5,KAZ,_T,_T,_T,_Z,_Z,_Z,2007,A,T,
0.262922,P1Y,0,,A,PU,_Z,2,,,False,WB_WDI,WB_WDI_EN_GHG_CO2_PC_CE_AR5,KEN,_T,_T,_T,_Z,_Z,_Z,2007,A,T,
0.603519,P1Y,0,,A,PU,_Z,2,,,False,WB_WDI,WB_WDI_EN_GHG_CO2_PC_CE_AR5,KIR,_T,_T,_T,_Z,_Z,_Z,2007,A,T,
2.758441,P1Y,0,,A,PU,_Z,2,,,False,WB_WDI,WB_WDI_EN_GHG_CO2_PC_CE_AR5,PRK,_T,_T,_T,_Z,_Z,_Z,2007,A,T,
11.112621,P1Y,0,,A,PU,_Z,2,,,False,WB_WDI,WB_WDI_EN_GHG_CO2_PC_CE_AR5,KOR,_T,_T,_T,_Z,_Z,_Z,2007,A,T,
0.288017,P1Y,0,,A,PU,_Z,2,,,False,WB_WDI,WB_WDI_EN_GHG_CO2_PC_CE_AR5,LSO,_T,_T,_T,_Z,_Z,_Z,2014,A,T,
0.259011,P1Y,0,,A,PU,_Z,2,,,False,WB_WDI,WB_WDI_EN_GHG_CO2_PC_CE_AR5,LBR,_T,_T,_T,_Z,_Z,_Z,2014,A,T,
9.615338,P1Y,0,,A,PU,_Z,2,,,False,WB_WDI,WB_WDI_EN_GHG_CO2_PC_CE_AR5,LBY,_T,_T,_T,_Z,_Z,_Z,2014,A,T,
4.497978,P1Y,0,,A,PU,_Z,2,,,False,WB_WDI,WB_WDI_EN_GHG_CO2_PC_CE_AR5,LTU,_T,_T,_T,_Z,_Z,_Z,2014,A,T,
17.651563,P1Y,0,,A,PU,_Z,2,,,False,WB_WDI,WB_WDI_EN_GHG_CO2_PC_CE_AR5,LUX,_T,_T,_T,_Z,_Z,_Z,2014,A,T,
3.360302,P1Y,0,,A,PU,_Z,2,,,False,WB_WDI,WB_WDI_EN_GHG_CO2_PC_CE_AR5,MAC,_T,_T,_T,_Z,_Z,_Z,2014,A,T,
0.126541,P1Y,0,,A,PU,_Z,2,,,False,WB_WDI,WB_WDI_EN_GHG_CO2_PC_CE_AR5,MDG,_T,_T,_T,_Z,_Z,_Z,2014,A,T,
0.299118,P1Y,0,,A,PU,_Z,2,,,False,WB_WDI,WB_WDI_EN_GHG_CO2_PC_CE_AR5,MWI,_T,_T,_T,_Z,_Z,_Z,2014,A,T,
8.18962,P1Y,0,,A,PU,_Z,2,,,False,WB_WDI,WB_WDI_EN_GHG_CO2_PC_CE_AR5,MYS,_T,_T,_T,_Z,_Z,_Z,2014,A,T,
5.302248,P1Y,0,,A,PU,_Z,2,,,False,WB_WDI,WB_WDI_EN_GHG_CO2_PC_CE_AR5,MDV,_T,_T,_T,_Z,_Z,_Z,2014,A,T,
4.034294,P1Y,0,,A,PU,_Z,2,,,False,WB_WDI,WB_WDI_EN_GHG_CO2_PC_CE_AR5,ARG,_T,_T,_T,_Z,_Z,_Z,2009,A,T,
1.468363,P1Y,0,,A,PU,_Z,2,,,False,WB_WDI,WB_WDI_EN_GHG_CO2_PC_CE_AR5,ARM,_T,_T,_T,_Z,_Z,_Z,2009,A,T,
4.855124,P1Y,0,,A,PU,_Z,2,,,False,WB_WDI,WB_WDI_EN_GHG_CO2_PC_CE_AR5,ABW,_T,_T,_T,_Z,_Z,_Z,2009,A,T,
18.91517,P1Y,0,,A,PU,_Z,2,,,False,WB_WDI,WB_WDI_EN_GHG_CO2_PC_CE_AR5,AUS,_T,_T,_T,_Z,_Z,_Z,2009,A,T,
8.157445,P1Y,0,,A,PU,_Z,2,,,False,WB_WDI,WB_WDI_EN_GHG_CO2_PC_CE_AR5,AUT,_T,_T,_T,_Z,_Z,_Z,2009,A,T,
3.127511,P1Y,0,,A,PU,_Z,2,,,False,WB_WDI,WB_WDI_EN_GHG_CO2_PC_CE_AR5,AZE,_T,_T,_T,_Z,_Z,_Z,2009,A,T,
3.121193,P1Y,0,,A,PU,_Z,2,,,False,WB_WDI,WB_WDI_EN_GHG_CO2_PC_CE_AR5,BHS,_T,_T,_T,_Z,_Z,_Z,2009,A,T,
23.468472,P1Y,0,,A,PU,_Z,2,,,False,WB_WDI,WB_WDI_EN_GHG_CO2_PC_CE_AR5,BHR,_T,_T,_T,_Z,_Z,_Z,2009,A,T,
0.365404,P1Y,0,,A,PU,_Z,2,,,False,WB_WDI,WB_WDI_EN_GHG_CO2_PC_CE_AR5,BGD,_T,_T,_T,_Z,_Z,_Z,2009,A,T,
2.913656,P1Y,0,,A,PU,_Z,2,,,False,WB_WDI,WB_WDI_EN_GHG_CO2_PC_CE_AR5,BRB,_T,_T,_T,_Z,_Z,_Z,2009,A,T,
6.481778,P1Y,0,,A,PU,_Z,2,,,False,WB_WDI,WB_WDI_EN_GHG_CO2_PC_CE_AR5,BLR,_T,_T,_T,_Z,_Z,_Z,2009,A,T,
9.937653,P1Y,0,,A,PU,_Z,2,,,False,WB_WDI,WB_WDI_EN_GHG_CO2_PC_CE_AR5,BEL,_T,_T,_T,_Z,_Z,_Z,2009,A,T,
3.595019,P1Y,0,,A,PU,_Z,2,,,False,WB_WDI,WB_WDI_EN_GHG_CO2_PC_CE_AR5,IBT,_T,_T,_T,_Z,_Z,_Z,2013,A,T,
0.841568,P1Y,0,,A,PU,_Z,2,,,False,WB_WDI,WB_WDI_EN_GHG_CO2_PC_CE_AR5,IDB,_T,_T,_T,_Z,_Z,_Z,2013,A,T,
0.345597,P1Y,0,,A,PU,_Z,2,,,False,WB_WDI,WB_WDI_EN_GHG_CO2_PC_CE_AR5,IDX,_T,_T,_T,_Z,_Z,_Z,2013,A,T,
0.522661,P1Y,0,,A,PU,_Z,2,,,False,WB_WDI,WB_WDI_EN_GHG_CO2_PC_CE_AR5,IDA,_T,_T,_T,_Z,_Z,_Z,2013,A,T,
6.988198,P1Y,0,,A,PU,_Z,2,,,False,WB_WDI,WB_WDI_EN_GHG_CO2_PC_CE_AR5,LTE,_T,_T,_T,_Z,_Z,_Z,2013,A,T,
3.076512,P1Y,0,,A,PU,_Z,2,,,False,WB_WDI,WB_WDI_EN_GHG_CO2_PC_CE_AR5,LCN,_T,_T,_T,_Z,_Z,_Z,2013,A,T,
2.984611,P1Y,0,,A,PU,_Z,2,,,False,WB_WDI,WB_WDI_EN_GHG_CO2_PC_CE_AR5,LAC,_T,_T,_T,_Z,_Z,_Z,2013,A,T,
3.087212,P1Y,0,,A,PU,_Z,2,,,False,WB_WDI,WB_WDI_EN_GHG_CO2_PC_CE_AR5,TLA,_T,_T,_T,_Z,_Z,_Z,2013,A,T,
0.301475,P1Y,0,,A,PU,_Z,2,,,False,WB_WDI,WB_WDI_EN_GHG_CO2_PC_CE_AR5,LDC,_T,_T,_T,_Z,_Z,_Z,2013,A,T,
3.330445,P1Y,0,,A,PU,_Z,2,,,False,WB_WDI,WB_WDI_EN_GHG_CO2_PC_CE_AR5,LMY,_T,_T,_T,_Z,_Z,_Z,2013,A,T,
0.312209,P1Y,0,,A,PU,_Z,2,,,False,WB_WDI,WB_WDI_EN_GHG_CO2_PC_CE_AR5,LIC,_T,_T,_T,_Z,_Z,_Z,2013,A,T,
1.322637,P1Y,0,,A,PU,_Z,2,,,False,WB_WDI,WB_WDI_EN_GHG_CO2_PC_CE_AR5,LMC,_T,_T,_T,_Z,_Z,_Z,2013,A,T,
4.024535,P1Y,0,,A,PU,_Z,2,,,False,WB_WDI,WB_WDI_EN_GHG_CO2_PC_CE_AR5,MEA,_T,_T,_T,_Z,_Z,_Z,2013,A,T,
10.571657,P1Y,0,,A,PU,_Z,2,,,False,WB_WDI,WB_WDI_EN_GHG_CO2_PC_CE_AR5,NLD,_T,_T,_T,_Z,_Z,_Z,2009,A,T,
10.54344,P1Y,0,,A,PU,_Z,2,,,False,WB_WDI,WB_WDI_EN_GHG_CO2_PC_CE_AR5,NCL,_T,_T,_T,_Z,_Z,_Z,2009,A,T,
7.766583,P1Y,0,,A,PU,_Z,2,,,False,WB_WDI,WB_WDI_EN_GHG_CO2_PC_CE_AR5,NZL,_T,_T,_T,_Z,_Z,_Z,2009,A,T,
0.803557,P1Y,0,,A,PU,_Z,2,,,False,WB_WDI,WB_WDI_EN_GHG_CO2_PC_CE_AR5,NIC,_T,_T,_T,_Z,_Z,_Z,2009,A,T,
0.071125,P1Y,0,,A,PU,_Z,2,,,False,WB_WDI,WB_WDI_EN_GHG_CO2_PC_CE_AR5,NER,_T,_T,_T,_Z,_Z,_Z,2009,A,T,
0.499338,P1Y,0,,A,PU,_Z,2,,,False,WB_WDI,WB_WDI_EN_GHG_CO2_PC_CE_AR5,NGA,_T,_T,_T,_Z,_Z,_Z,2009,A,T,
4.656669,P1Y,0,,A,PU,_Z,2,,,False,WB_WDI,WB_WDI_EN_GHG_CO2_PC_CE_AR5,MKD,_T,_T,_T,_Z,_Z,_Z,2009,A,T,
0.001808,P1Y,0,,A,PU,_Z,2,,,False,WB_WDI,WB_WDI_EN_GHG_CO2_PC_CE_AR5,MNP,_T,_T,_T,_Z,_Z,_Z,2009,A,T,
9.345094,P1Y,0,,A,PU,_Z,2,,,False,WB_WDI,WB_WDI_EN_GHG_CO2_PC_CE_AR5,NOR,_T,_T,_T,_Z,_Z,_Z,2009,A,T,
17.54558,P1Y,0,,A,PU,_Z,2,,,False,WB_WDI,WB_WDI_EN_GHG_CO2_PC_CE_AR5,OMN,_T,_T,_T,_Z,_Z,_Z,2009,A,T,
0.823532,P1Y,0,,A,PU,_Z,2,,,False,WB_WDI,WB_WDI_EN_GHG_CO2_PC_CE_AR5,PAK,_T,_T,_T,_Z,_Z,_Z,2009,A,T,
116.190069,P1Y,0,,A,PU,_Z,2,,,False,WB_WDI,WB_WDI_EN_GHG_CO2_PC_CE_AR5,PLW,_T,_T,_T,_Z,_Z,_Z,2009,A,T,
2.433887,P1Y,0,,A,PU,_Z,2,,,False,WB_WDI,WB_WDI_EN_GHG_CO2_PC_CE_AR5,PAN,_T,_T,_T,_Z,_Z,_Z,2009,A,T,
0.200339,P1Y,0,,A,PU,_Z,2,,,False,WB_WDI,WB_WDI_EN_GHG_CO2_PC_CE_AR5,GNB,_T,_T,_T,_Z,_Z,_Z,2010,A,T,
2.350598,P1Y,0,,A,PU,_Z,2,,,False,WB_WDI,WB_WDI_EN_GHG_CO2_PC_CE_AR5,GUY,_T,_T,_T,_Z,_Z,_Z,2010,A,T,
0.265105,P1Y,0,,A,PU,_Z,2,,,False,WB_WDI,WB_WDI_EN_GHG_CO2_PC_CE_AR5,HTI,_T,_T,_T,_Z,_Z,_Z,2010,A,T,
0.954257,P1Y,0,,A,PU,_Z,2,,,False,WB_WDI,WB_WDI_EN_GHG_CO2_PC_CE_AR5,HND,_T,_T,_T,_Z,_Z,_Z,2010,A,T,
6.011745,P1Y,0,,A,PU,_Z,2,,,False,WB_WDI,WB_WDI_EN_GHG_CO2_PC_CE_AR5,HKG,_T,_T,_T,_Z,_Z,_Z,2010,A,T,
5.234618,P1Y,0,,A,PU,_Z,2,,,False,WB_WDI,WB_WDI_EN_GHG_CO2_PC_CE_AR5,HUN,_T,_T,_T,_Z,_Z,_Z,2010,A,T,
11.748171,P1Y,0,,A,PU,_Z,2,,,False,WB_WDI,WB_WDI_EN_GHG_CO2_PC_CE_AR5,ISL,_T,_T,_T,_Z,_Z,_Z,2010,A,T,
1.391299,P1Y,0,,A,PU,_Z,2,,,False,WB_WDI,WB_WDI_EN_GHG_CO2_PC_CE_AR5,IND,_T,_T,_T,_Z,_Z,_Z,2010,A,T,
1.80135,P1Y,0,,A,PU,_Z,2,,,False,WB_WDI,WB_WDI_EN_GHG_CO2_PC_CE_AR5,IDN,_T,_T,_T,_Z,_Z,_Z,2010,A,T,
7.449542,P1Y,0,,A,PU,_Z,2,,,False,WB_WDI,WB_WDI_EN_GHG_CO2_PC_CE_AR5,IRN,_T,_T,_T,_Z,_Z,_Z,2010,A,T,
3.591309,P1Y,0,,A,PU,_Z,2,,,False,WB_WDI,WB_WDI_EN_GHG_CO2_PC_CE_AR5,IRQ,_T,_T,_T,_Z,_Z,_Z,2010,A,T,
10.872929,P1Y,0,,A,PU,_Z,2,,,False,WB_WDI,WB_WDI_EN_GHG_CO2_PC_CE_AR5,ISL,_T,_T,_T,_Z,_Z,_Z,2004,A,T,
1.028226,P1Y,0,,A,PU,_Z,2,,,False,WB_WDI,WB_WDI_EN_GHG_CO2_PC_CE_AR5,IND,_T,_T,_T,_Z,_Z,_Z,2004,A,T,
1.580119,P1Y,0,,A,PU,_Z,2,,,False,WB_WDI,WB_WDI_EN_GHG_CO2_PC_CE_AR5,IDN,_T,_T,_T,_Z,_Z,_Z,2004,A,T,
6.191247,P1Y,0,,A,PU,_Z,2,,,False,WB_WDI,WB_WDI_EN_GHG_CO2_PC_CE_AR5,IRN,_T,_T,_T,_Z,_Z,_Z,2004,A,T,
3.275158,P1Y,0,,A,PU,_Z,2,,,False,WB_WDI,WB_WDI_EN_GHG_CO2_PC_CE_AR5,IRQ,_T,_T,_T,_Z,_Z,_Z,2004,A,T,
11.053662,P1Y,0,,A,PU,_Z,2,,,False,WB_WDI,WB_WDI_EN_GHG_CO2_PC_CE_AR5,IRL,_T,_T,_T,_Z,_Z,_Z,2004,A,T,
9.400617,P1Y,0,,A,PU,_Z,2,,,False,WB_WDI,WB_WDI_EN_GHG_CO2_PC_CE_AR5,ISR,_T,_T,_T,_Z,_Z,_Z,2004,A,T,
8.510731,P1Y,0,,A,PU,_Z,2,,,False,WB_WDI,WB_WDI_EN_GHG_CO2_PC_CE_AR5,ITA,_T,_T,_T,_Z,_Z,_Z,2004,A,T,
3.967031,P1Y,0,,A,PU,_Z,2,,,False,WB_WDI,WB_WDI_EN_GHG_CO2_PC_CE_AR5,JAM,_T,_T,_T,_Z,_Z,_Z,2004,A,T,
9.917306,P1Y,0,,A,PU,_Z,2,,,False,WB_WDI,WB_WDI_EN_GHG_CO2_PC_CE_AR5,JPN,_T,_T,_T,_Z,_Z,_Z,2004,A,T,
3.232778,P1Y,0,,A,PU,_Z,2,,,False,WB_WDI,WB_WDI_EN_GHG_CO2_PC_CE_AR5,JOR,_T,_T,_T,_Z,_Z,_Z,2004,A,T,
11.012918,P1Y,0,,A,PU,_Z,2,,,False,WB_WDI,WB_WDI_EN_GHG_CO2_PC_CE_AR5,KAZ,_T,_T,_T,_Z,_Z,_Z,2004,A,T,
0.820889,P1Y,0,,A,PU,_Z,2,,,False,WB_WDI,WB_WDI_EN_GHG_CO2_PC_CE_AR5,GTM,_T,_T,_T,_Z,_Z,_Z,2011,A,T,
0.248996,P1Y,0,,A,PU,_Z,2,,,False,WB_WDI,WB_WDI_EN_GHG_CO2_PC_CE_AR5,GIN,_T,_T,_T,_Z,_Z,_Z,2011,A,T,
0.198001,P1Y,0,,A,PU,_Z,2,,,False,WB_WDI,WB_WDI_EN_GHG_CO2_PC_CE_AR5,GNB,_T,_T,_T,_Z,_Z,_Z,2011,A,T,
2.457137,P1Y,0,,A,PU,_Z,2,,,False,WB_WDI,WB_WDI_EN_GHG_CO2_PC_CE_AR5,GUY,_T,_T,_T,_Z,_Z,_Z,2011,A,T,
0.296967,P1Y,0,,A,PU,_Z,2,,,False,WB_WDI,WB_WDI_EN_GHG_CO2_PC_CE_AR5,HTI,_T,_T,_T,_Z,_Z,_Z,2011,A,T,
1.111282,P1Y,0,,A,PU,_Z,2,,,False,WB_WDI,WB_WDI_EN_GHG_CO2_PC_CE_AR5,HND,_T,_T,_T,_Z,_Z,_Z,2011,A,T,
6.389247,P1Y,0,,A,PU,_Z,2,,,False,WB_WDI,WB_WDI_EN_GHG_CO2_PC_CE_AR5,HKG,_T,_T,_T,_Z,_Z,_Z,2011,A,T,
5.158254,P1Y,0,,A,PU,_Z,2,,,False,WB_WDI,WB_WDI_EN_GHG_CO2_PC_CE_AR5,HUN,_T,_T,_T,_Z,_Z,_Z,2011,A,T,
11.296683,P1Y,0,,A,PU,_Z,2,,,False,WB_WDI,WB_WDI_EN_GHG_CO2_PC_CE_AR5,ISL,_T,_T,_T,_Z,_Z,_Z,2011,A,T,
1.463374,P1Y,0,,A,PU,_Z,2,,,False,WB_WDI,WB_WDI_EN_GHG_CO2_PC_CE_AR5,IND,_T,_T,_T,_Z,_Z,_Z,2011,A,T,
2.003993,P1Y,0,,A,PU,_Z,2,,,False,WB_WDI,WB_WDI_EN_GHG_CO2_PC_CE_AR5,IDN,_T,_T,_T,_Z,_Z,_Z,2011,A,T,
1.064042,P1Y,0,,A,PU,_Z,2,,,False,WB_WDI,WB_WDI_EN_GHG_CO2_PC_CE_AR5,TON,_T,_T,_T,_Z,_Z,_Z,2004,A,T,
21.481217,P1Y,0,,A,PU,_Z,2,,,False,WB_WDI,WB_WDI_EN_GHG_CO2_PC_CE_AR5,TTO,_T,_T,_T,_Z,_Z,_Z,2004,A,T,
2.244259,P1Y,0,,A,PU,_Z,2,,,False,WB_WDI,WB_WDI_EN_GHG_CO2_PC_CE_AR5,TUN,_T,_T,_T,_Z,_Z,_Z,2004,A,T,
3.438893,P1Y,0,,A,PU,_Z,2,,,False,WB_WDI,WB_WDI_EN_GHG_CO2_PC_CE_AR5,TUR,_T,_T,_T,_Z,_Z,_Z,2004,A,T,
10.35152,P1Y,0,,A,PU,_Z,2,,,False,WB_WDI,WB_WDI_EN_GHG_CO2_PC_CE_AR5,TKM,_T,_T,_T,_Z,_Z,_Z,2004,A,T,
1.225061,P1Y,0,,A,PU,_Z,2,,,False,WB_WDI,WB_WDI_EN_GHG_CO2_PC_CE_AR5,TCA,_T,_T,_T,_Z,_Z,_Z,2004,A,T,
0,P1Y,0,,A,PU,_Z,2,,,False,WB_WDI,WB_WDI_EN_GHG_CO2_PC_CE_AR5,TUV,_T,_T,_T,_Z,_Z,_Z,2004,A,T,
0.06674,P1Y,0,,A,PU,_Z,2,,,False,WB_WDI,WB_WDI_EN_GHG_CO2_PC_CE_AR5,UGA,_T,_T,_T,_Z,_Z,_Z,2004,A,T,
7.686974,P1Y,0,,A,PU,_Z,2,,,False,WB_WDI,WB_WDI_EN_GHG_CO2_PC_CE_AR5,UKR,_T,_T,_T,_Z,_Z,_Z,2004,A,T,
25.969871,P1Y,0,,A,PU,_Z,2,,,False,WB_WDI,WB_WDI_EN_GHG_CO2_PC_CE_AR5,ARE,_T,_T,_T,_Z,_Z,_Z,2004,A,T,
9.354781,P1Y,0,,A,PU,_Z,2,,,False,WB_WDI,WB_WDI_EN_GHG_CO2_PC_CE_AR5,GBR,_T,_T,_T,_Z,_Z,_Z,2004,A,T,
20.08156,P1Y,0,,A,PU,_Z,2,,,False,WB_WDI,WB_WDI_EN_GHG_CO2_PC_CE_AR5,USA,_T,_T,_T,_Z,_Z,_Z,2004,A,T,
1.752891,P1Y,0,,A,PU,_Z,2,,,False,WB_WDI,WB_WDI_EN_GHG_CO2_PC_CE_AR5,URY,_T,_T,_T,_Z,_Z,_Z,2004,A,T,
17.525651,P1Y,0,,A,PU,_Z,2,,,False,WB_WDI,WB_WDI_EN_GHG_CO2_PC_CE_AR5,CAN,_T,_T,_T,_Z,_Z,_Z,2004,A,T,
3.084759,P1Y,0,,A,PU,_Z,2,,,False,WB_WDI,WB_WDI_EN_GHG_CO2_PC_CE_AR5,CYM,_T,_T,_T,_Z,_Z,_Z,2004,A,T,
0.061128,P1Y,0,,A,PU,_Z,2,,,False,WB_WDI,WB_WDI_EN_GHG_CO2_PC_CE_AR5,CAF,_T,_T,_T,_Z,_Z,_Z,2004,A,T,
0.045917,P1Y,0,,A,PU,_Z,2,,,False,WB_WDI,WB_WDI_EN_GHG_CO2_PC_CE_AR5,TCD,_T,_T,_T,_Z,_Z,_Z,2004,A,T,
3.613958,P1Y,0,,A,PU,_Z,2,,,False,WB_WDI,WB_WDI_EN_GHG_CO2_PC_CE_AR5,CHL,_T,_T,_T,_Z,_Z,_Z,2004,A,T,
4.240697,P1Y,0,,A,PU,_Z,2,,,False,WB_WDI,WB_WDI_EN_GHG_CO2_PC_CE_AR5,CHN,_T,_T,_T,_Z,_Z,_Z,2004,A,T,
1.44656,P1Y,0,,A,PU,_Z,2,,,False,WB_WDI,WB_WDI_EN_GHG_CO2_PC_CE_AR5,COL,_T,_T,_T,_Z,_Z,_Z,2004,A,T,
0.241431,P1Y,0,,A,PU,_Z,2,,,False,WB_WDI,WB_WDI_EN_GHG_CO2_PC_CE_AR5,COM,_T,_T,_T,_Z,_Z,_Z,2004,A,T,
0.038866,P1Y,0,,A,PU,_Z,2,,,False,WB_WDI,WB_WDI_EN_GHG_CO2_PC_CE_AR5,COD,_T,_T,_T,_Z,_Z,_Z,2004,A,T,
1.015242,P1Y,0,,A,PU,_Z,2,,,False,WB_WDI,WB_WDI_EN_GHG_CO2_PC_CE_AR5,COG,_T,_T,_T,_Z,_Z,_Z,2004,A,T,
1.471449,P1Y,0,,A,PU,_Z,2,,,False,WB_WDI,WB_WDI_EN_GHG_CO2_PC_CE_AR5,CRI,_T,_T,_T,_Z,_Z,_Z,2004,A,T,
0.305981,P1Y,0,,A,PU,_Z,2,,,False,WB_WDI,WB_WDI_EN_GHG_CO2_PC_CE_AR5,CIV,_T,_T,_T,_Z,_Z,_Z,2004,A,T,
1.021005,P1Y,0,,A,PU,_Z,2,,,False,WB_WDI,WB_WDI_EN_GHG_CO2_PC_CE_AR5,HND,_T,_T,_T,_Z,_Z,_Z,2019,A,T,
5.794989,P1Y,0,,A,PU,_Z,2,,,False,WB_WDI,WB_WDI_EN_GHG_CO2_PC_CE_AR5,HKG,_T,_T,_T,_Z,_Z,_Z,2019,A,T,
5.312402,P1Y,0,,A,PU,_Z,2,,,False,WB_WDI,WB_WDI_EN_GHG_CO2_PC_CE_AR5,HUN,_T,_T,_T,_Z,_Z,_Z,2019,A,T,
8.810666,P1Y,0,,A,PU,_Z,2,,,False,WB_WDI,WB_WDI_EN_GHG_CO2_PC_CE_AR5,ISL,_T,_T,_T,_Z,_Z,_Z,2019,A,T,
1.836882,P1Y,0,,A,PU,_Z,2,,,False,WB_WDI,WB_WDI_EN_GHG_CO2_PC_CE_AR5,IND,_T,_T,_T,_Z,_Z,_Z,2019,A,T,
2.339795,P1Y,0,,A,PU,_Z,2,,,False,WB_WDI,WB_WDI_EN_GHG_CO2_PC_CE_AR5,IDN,_T,_T,_T,_Z,_Z,_Z,2019,A,T,
8.18572,P1Y,0,,A,PU,_Z,2,,,False,WB_WDI,WB_WDI_EN_GHG_CO2_PC_CE_AR5,IRN,_T,_T,_T,_Z,_Z,_Z,2019,A,T,
4.70109,P1Y,0,,A,PU,_Z,2,,,False,WB_WDI,WB_WDI_EN_GHG_CO2_PC_CE_AR5,IRQ,_T,_T,_T,_Z,_Z,_Z,2019,A,T,
7.308213,P1Y,0,,A,PU,_Z,2,,,False,WB_WDI,WB_WDI_EN_GHG_CO2_PC_CE_AR5,IRL,_T,_T,_T,_Z,_Z,_Z,2019,A,T,
7.213883,P1Y,0,,A,PU,_Z,2,,,False,WB_WDI,WB_WDI_EN_GHG_CO2_PC_CE_AR5,ISR,_T,_T,_T,_Z,_Z,_Z,2019,A,T,
2.285624,P1Y,0,,A,PU,_Z,2,,,False,WB_WDI,WB_WDI_EN_GHG_CO2_PC_CE_AR5,BRA,_T,_T,_T,_Z,_Z,_Z,2018,A,T,
1.918804,P1Y,0,,A,PU,_Z,2,,,False,WB_WDI,WB_WDI_EN_GHG_CO2_PC_CE_AR5,VGB,_T,_T,_T,_Z,_Z,_Z,2018,A,T,
18.341975,P1Y,0,,A,PU,_Z,2,,,False,WB_WDI,WB_WDI_EN_GHG_CO2_PC_CE_AR5,BRN,_T,_T,_T,_Z,_Z,_Z,2018,A,T,
6.90134,P1Y,0,,A,PU,_Z,2,,,False,WB_WDI,WB_WDI_EN_GHG_CO2_PC_CE_AR5,BGR,_T,_T,_T,_Z,_Z,_Z,2018,A,T,
0.264797,P1Y,0,,A,PU,_Z,2,,,False,WB_WDI,WB_WDI_EN_GHG_CO2_PC_CE_AR5,BFA,_T,_T,_T,_Z,_Z,_Z,2018,A,T,
0.065475,P1Y,0,,A,PU,_Z,2,,,False,WB_WDI,WB_WDI_EN_GHG_CO2_PC_CE_AR5,BDI,_T,_T,_T,_Z,_Z,_Z,2018,A,T,
1.550597,P1Y,0,,A,PU,_Z,2,,,False,WB_WDI,WB_WDI_EN_GHG_CO2_PC_CE_AR5,CPV,_T,_T,_T,_Z,_Z,_Z,2018,A,T,
0.756551,P1Y,0,,A,PU,_Z,2,,,False,WB_WDI,WB_WDI_EN_GHG_CO2_PC_CE_AR5,KHM,_T,_T,_T,_Z,_Z,_Z,2018,A,T,
0.425229,P1Y,0,,A,PU,_Z,2,,,False,WB_WDI,WB_WDI_EN_GHG_CO2_PC_CE_AR5,CMR,_T,_T,_T,_Z,_Z,_Z,2018,A,T,
16.523882,P1Y,0,,A,PU,_Z,2,,,False,WB_WDI,WB_WDI_EN_GHG_CO2_PC_CE_AR5,CAN,_T,_T,_T,_Z,_Z,_Z,2018,A,T,
4.68904,P1Y,0,,A,PU,_Z,2,,,False,WB_WDI,WB_WDI_EN_GHG_CO2_PC_CE_AR5,CYM,_T,_T,_T,_Z,_Z,_Z,2018,A,T,
2.880868,P1Y,0,,A,PU,_Z,2,,,False,WB_WDI,WB_WDI_EN_GHG_CO2_PC_CE_AR5,PRK,_T,_T,_T,_Z,_Z,_Z,2009,A,T,
11.283681,P1Y,0,,A,PU,_Z,2,,,False,WB_WDI,WB_WDI_EN_GHG_CO2_PC_CE_AR5,KOR,_T,_T,_T,_Z,_Z,_Z,2009,A,T,
30.521155,P1Y,0,,A,PU,_Z,2,,,False,WB_WDI,WB_WDI_EN_GHG_CO2_PC_CE_AR5,KWT,_T,_T,_T,_Z,_Z,_Z,2009,A,T,
1.306487,P1Y,0,,A,PU,_Z,2,,,False,WB_WDI,WB_WDI_EN_GHG_CO2_PC_CE_AR5,KGZ,_T,_T,_T,_Z,_Z,_Z,2009,A,T,
0.423078,P1Y,0,,A,PU,_Z,2,,,False,WB_WDI,WB_WDI_EN_GHG_CO2_PC_CE_AR5,LAO,_T,_T,_T,_Z,_Z,_Z,2009,A,T,
3.61956,P1Y,0,,A,PU,_Z,2,,,False,WB_WDI,WB_WDI_EN_GHG_CO2_PC_CE_AR5,LVA,_T,_T,_T,_Z,_Z,_Z,2009,A,T,
4.318602,P1Y,0,,A,PU,_Z,2,,,False,WB_WDI,WB_WDI_EN_GHG_CO2_PC_CE_AR5,LBN,_T,_T,_T,_Z,_Z,_Z,2009,A,T,
0.258572,P1Y,0,,A,PU,_Z,2,,,False,WB_WDI,WB_WDI_EN_GHG_CO2_PC_CE_AR5,LSO,_T,_T,_T,_Z,_Z,_Z,2009,A,T,
0.132538,P1Y,0,,A,PU,_Z,2,,,False,WB_WDI,WB_WDI_EN_GHG_CO2_PC_CE_AR5,LBR,_T,_T,_T,_Z,_Z,_Z,2009,A,T,
9.465929,P1Y,0,,A,PU,_Z,2,,,False,WB_WDI,WB_WDI_EN_GHG_CO2_PC_CE_AR5,LBY,_T,_T,_T,_Z,_Z,_Z,2009,A,T,
4.176684,P1Y,0,,A,PU,_Z,2,,,False,WB_WDI,WB_WDI_EN_GHG_CO2_PC_CE_AR5,LTU,_T,_T,_T,_Z,_Z,_Z,2009,A,T,
2.980933,P1Y,0,,A,PU,_Z,2,,,False,WB_WDI,WB_WDI_EN_GHG_CO2_PC_CE_AR5,MUS,_T,_T,_T,_Z,_Z,_Z,2012,A,T,
4.333504,P1Y,0,,A,PU,_Z,2,,,False,WB_WDI,WB_WDI_EN_GHG_CO2_PC_CE_AR5,MEX,_T,_T,_T,_Z,_Z,_Z,2012,A,T,
0.001854,P1Y,0,,A,PU,_Z,2,,,False,WB_WDI,WB_WDI_EN_GHG_CO2_PC_CE_AR5,FSM,_T,_T,_T,_Z,_Z,_Z,2012,A,T,
2.920229,P1Y,0,,A,PU,_Z,2,,,False,WB_WDI,WB_WDI_EN_GHG_CO2_PC_CE_AR5,MDA,_T,_T,_T,_Z,_Z,_Z,2012,A,T,
6.21878,P1Y,0,,A,PU,_Z,2,,,False,WB_WDI,WB_WDI_EN_GHG_CO2_PC_CE_AR5,MNG,_T,_T,_T,_Z,_Z,_Z,2012,A,T,
1.755337,P1Y,0,,A,PU,_Z,2,,,False,WB_WDI,WB_WDI_EN_GHG_CO2_PC_CE_AR5,MAR,_T,_T,_T,_Z,_Z,_Z,2012,A,T,
0.193193,P1Y,0,,A,PU,_Z,2,,,False,WB_WDI,WB_WDI_EN_GHG_CO2_PC_CE_AR5,MOZ,_T,_T,_T,_Z,_Z,_Z,2012,A,T,
0.251973,P1Y,0,,A,PU,_Z,2,,,False,WB_WDI,WB_WDI_EN_GHG_CO2_PC_CE_AR5,MMR,_T,_T,_T,_Z,_Z,_Z,2012,A,T,
1.363131,P1Y,0,,A,PU,_Z,2,,,False,WB_WDI,WB_WDI_EN_GHG_CO2_PC_CE_AR5,NAM,_T,_T,_T,_Z,_Z,_Z,2012,A,T,
5.858515,P1Y,0,,A,PU,_Z,2,,,False,WB_WDI,WB_WDI_EN_GHG_CO2_PC_CE_AR5,UKR,_T,_T,_T,_Z,_Z,_Z,2014,A,T,
24.581584,P1Y,0,,A,PU,_Z,2,,,False,WB_WDI,WB_WDI_EN_GHG_CO2_PC_CE_AR5,ARE,_T,_T,_T,_Z,_Z,_Z,2014,A,T,
6.664562,P1Y,0,,A,PU,_Z,2,,,False,WB_WDI,WB_WDI_EN_GHG_CO2_PC_CE_AR5,GBR,_T,_T,_T,_Z,_Z,_Z,2014,A,T,
16.424895,P1Y,0,,A,PU,_Z,2,,,False,WB_WDI,WB_WDI_EN_GHG_CO2_PC_CE_AR5,USA,_T,_T,_T,_Z,_Z,_Z,2014,A,T,
2.006177,P1Y,0,,A,PU,_Z,2,,,False,WB_WDI,WB_WDI_EN_GHG_CO2_PC_CE_AR5,URY,_T,_T,_T,_Z,_Z,_Z,2014,A,T,
3.744153,P1Y,0,,A,PU,_Z,2,,,False,WB_WDI,WB_WDI_EN_GHG_CO2_PC_CE_AR5,UZB,_T,_T,_T,_Z,_Z,_Z,2014,A,T,
0.673609,P1Y,0,,A,PU,_Z,2,,,False,WB_WDI,WB_WDI_EN_GHG_CO2_PC_CE_AR5,VUT,_T,_T,_T,_Z,_Z,_Z,2014,A,T,
6.343687,P1Y,0,,A,PU,_Z,2,,,False,WB_WDI,WB_WDI_EN_GHG_CO2_PC_CE_AR5,VEN,_T,_T,_T,_Z,_Z,_Z,2014,A,T,
1.951822,P1Y,0,,A,PU,_Z,2,,,False,WB_WDI,WB_WDI_EN_GHG_CO2_PC_CE_AR5,VNM,_T,_T,_T,_Z,_Z,_Z,2014,A,T,
0.001854,P1Y,0,,A,PU,_Z,2,,,False,WB_WDI,WB_WDI_EN_GHG_CO2_PC_CE_AR5,VIR,_T,_T,_T,_Z,_Z,_Z,2014,A,T,
0.208307,P1Y,0,,A,PU,_Z,2,,,False,WB_WDI,WB_WDI_EN_GHG_CO2_PC_CE_AR5,GIN,_T,_T,_T,_Z,_Z,_Z,2008,A,T,
0.195961,P1Y,0,,A,PU,_Z,2,,,False,WB_WDI,WB_WDI_EN_GHG_CO2_PC_CE_AR5,GNB,_T,_T,_T,_Z,_Z,_Z,2008,A,T,
2.1276,P1Y,0,,A,PU,_Z,2,,,False,WB_WDI,WB_WDI_EN_GHG_CO2_PC_CE_AR5,GUY,_T,_T,_T,_Z,_Z,_Z,2008,A,T,
0.226981,P1Y,0,,A,PU,_Z,2,,,False,WB_WDI,WB_WDI_EN_GHG_CO2_PC_CE_AR5,HTI,_T,_T,_T,_Z,_Z,_Z,2008,A,T,
1.081436,P1Y,0,,A,PU,_Z,2,,,False,WB_WDI,WB_WDI_EN_GHG_CO2_PC_CE_AR5,HND,_T,_T,_T,_Z,_Z,_Z,2008,A,T,
6.198856,P1Y,0,,A,PU,_Z,2,,,False,WB_WDI,WB_WDI_EN_GHG_CO2_PC_CE_AR5,HKG,_T,_T,_T,_Z,_Z,_Z,2008,A,T,
5.761837,P1Y,0,,A,PU,_Z,2,,,False,WB_WDI,WB_WDI_EN_GHG_CO2_PC_CE_AR5,HUN,_T,_T,_T,_Z,_Z,_Z,2008,A,T,
11.908107,P1Y,0,,A,PU,_Z,2,,,False,WB_WDI,WB_WDI_EN_GHG_CO2_PC_CE_AR5,ISL,_T,_T,_T,_Z,_Z,_Z,2008,A,T,
1.25816,P1Y,0,,A,PU,_Z,2,,,False,WB_WDI,WB_WDI_EN_GHG_CO2_PC_CE_AR5,IND,_T,_T,_T,_Z,_Z,_Z,2008,A,T,
1.654143,P1Y,0,,A,PU,_Z,2,,,False,WB_WDI,WB_WDI_EN_GHG_CO2_PC_CE_AR5,IDN,_T,_T,_T,_Z,_Z,_Z,2008,A,T,
7.351724,P1Y,0,,A,PU,_Z,2,,,False,WB_WDI,WB_WDI_EN_GHG_CO2_PC_CE_AR5,IRN,_T,_T,_T,_Z,_Z,_Z,2008,A,T,
2.024534,P1Y,0,,A,PU,_Z,2,,,False,WB_WDI,WB_WDI_EN_GHG_CO2_PC_CE_AR5,PRK,_T,_T,_T,_Z,_Z,_Z,2011,A,T,
12.970268,P1Y,0,,A,PU,_Z,2,,,False,WB_WDI,WB_WDI_EN_GHG_CO2_PC_CE_AR5,KOR,_T,_T,_T,_Z,_Z,_Z,2011,A,T,
29.326542,P1Y,0,,A,PU,_Z,2,,,False,WB_WDI,WB_WDI_EN_GHG_CO2_PC_CE_AR5,KWT,_T,_T,_T,_Z,_Z,_Z,2011,A,T,
1.425002,P1Y,0,,A,PU,_Z,2,,,False,WB_WDI,WB_WDI_EN_GHG_CO2_PC_CE_AR5,KGZ,_T,_T,_T,_Z,_Z,_Z,2011,A,T,
0.486448,P1Y,0,,A,PU,_Z,2,,,False,WB_WDI,WB_WDI_EN_GHG_CO2_PC_CE_AR5,LAO,_T,_T,_T,_Z,_Z,_Z,2011,A,T,
3.997361,P1Y,0,,A,PU,_Z,2,,,False,WB_WDI,WB_WDI_EN_GHG_CO2_PC_CE_AR5,LVA,_T,_T,_T,_Z,_Z,_Z,2011,A,T,
4.11737,P1Y,0,,A,PU,_Z,2,,,False,WB_WDI,WB_WDI_EN_GHG_CO2_PC_CE_AR5,LBN,_T,_T,_T,_Z,_Z,_Z,2011,A,T,
0.270207,P1Y,0,,A,PU,_Z,2,,,False,WB_WDI,WB_WDI_EN_GHG_CO2_PC_CE_AR5,LSO,_T,_T,_T,_Z,_Z,_Z,2011,A,T,
0.209776,P1Y,0,,A,PU,_Z,2,,,False,WB_WDI,WB_WDI_EN_GHG_CO2_PC_CE_AR5,LBR,_T,_T,_T,_Z,_Z,_Z,2011,A,T,
6.973969,P1Y,0,,A,PU,_Z,2,,,False,WB_WDI,WB_WDI_EN_GHG_CO2_PC_CE_AR5,LBY,_T,_T,_T,_Z,_Z,_Z,2011,A,T,
4.729114,P1Y,0,,A,PU,_Z,2,,,False,WB_WDI,WB_WDI_EN_GHG_CO2_PC_CE_AR5,LTU,_T,_T,_T,_Z,_Z,_Z,2011,A,T,
0.202722,P1Y,0,,A,PU,_Z,2,,,False,WB_WDI,WB_WDI_EN_GHG_CO2_PC_CE_AR5,GIN,_T,_T,_T,_Z,_Z,_Z,2003,A,T,
0.20056,P1Y,0,,A,PU,_Z,2,,,False,WB_WDI,WB_WDI_EN_GHG_CO2_PC_CE_AR5,GNB,_T,_T,_T,_Z,_Z,_Z,2003,A,T,
2.122524,P1Y,0,,A,PU,_Z,2,,,False,WB_WDI,WB_WDI_EN_GHG_CO2_PC_CE_AR5,GUY,_T,_T,_T,_Z,_Z,_Z,2003,A,T,
0.221167,P1Y,0,,A,PU,_Z,2,,,False,WB_WDI,WB_WDI_EN_GHG_CO2_PC_CE_AR5,HTI,_T,_T,_T,_Z,_Z,_Z,2003,A,T,
0.966806,P1Y,0,,A,PU,_Z,2,,,False,WB_WDI,WB_WDI_EN_GHG_CO2_PC_CE_AR5,HND,_T,_T,_T,_Z,_Z,_Z,2003,A,T,
6.613983,P1Y,0,,A,PU,_Z,2,,,False,WB_WDI,WB_WDI_EN_GHG_CO2_PC_CE_AR5,HKG,_T,_T,_T,_Z,_Z,_Z,2003,A,T,
6.187934,P1Y,0,,A,PU,_Z,2,,,False,WB_WDI,WB_WDI_EN_GHG_CO2_PC_CE_AR5,HUN,_T,_T,_T,_Z,_Z,_Z,2003,A,T,
10.707341,P1Y,0,,A,PU,_Z,2,,,False,WB_WDI,WB_WDI_EN_GHG_CO2_PC_CE_AR5,ISL,_T,_T,_T,_Z,_Z,_Z,2003,A,T,
0.969745,P1Y,0,,A,PU,_Z,2,,,False,WB_WDI,WB_WDI_EN_GHG_CO2_PC_CE_AR5,IND,_T,_T,_T,_Z,_Z,_Z,2003,A,T,
1.571323,P1Y,0,,A,PU,_Z,2,,,False,WB_WDI,WB_WDI_EN_GHG_CO2_PC_CE_AR5,IDN,_T,_T,_T,_Z,_Z,_Z,2003,A,T,
5.897918,P1Y,0,,A,PU,_Z,2,,,False,WB_WDI,WB_WDI_EN_GHG_CO2_PC_CE_AR5,IRN,_T,_T,_T,_Z,_Z,_Z,2003,A,T,
0.811432,P1Y,0,,A,PU,_Z,2,,,False,WB_WDI,WB_WDI_EN_GHG_CO2_PC_CE_AR5,NIC,_T,_T,_T,_Z,_Z,_Z,2023,A,T,
0.120907,P1Y,0,,A,PU,_Z,2,,,False,WB_WDI,WB_WDI_EN_GHG_CO2_PC_CE_AR5,NER,_T,_T,_T,_Z,_Z,_Z,2023,A,T,
0.552339,P1Y,0,,A,PU,_Z,2,,,False,WB_WDI,WB_WDI_EN_GHG_CO2_PC_CE_AR5,NGA,_T,_T,_T,_Z,_Z,_Z,2023,A,T,
4.387914,P1Y,0,,A,PU,_Z,2,,,False,WB_WDI,WB_WDI_EN_GHG_CO2_PC_CE_AR5,MKD,_T,_T,_T,_Z,_Z,_Z,2023,A,T,
0.002215,P1Y,0,,A,PU,_Z,2,,,False,WB_WDI,WB_WDI_EN_GHG_CO2_PC_CE_AR5,MNP,_T,_T,_T,_Z,_Z,_Z,2023,A,T,
7.537538,P1Y,0,,A,PU,_Z,2,,,False,WB_WDI,WB_WDI_EN_GHG_CO2_PC_CE_AR5,NOR,_T,_T,_T,_Z,_Z,_Z,2023,A,T,
18.960091,P1Y,0,,A,PU,_Z,2,,,False,WB_WDI,WB_WDI_EN_GHG_CO2_PC_CE_AR5,OMN,_T,_T,_T,_Z,_Z,_Z,2023,A,T,
0.843983,P1Y,0,,A,PU,_Z,2,,,False,WB_WDI,WB_WDI_EN_GHG_CO2_PC_CE_AR5,PAK,_T,_T,_T,_Z,_Z,_Z,2023,A,T,
78.857111,P1Y,0,,A,PU,_Z,2,,,False,WB_WDI,WB_WDI_EN_GHG_CO2_PC_CE_AR5,PLW,_T,_T,_T,_Z,_Z,_Z,2023,A,T,
2.857051,P1Y,0,,A,PU,_Z,2,,,False,WB_WDI,WB_WDI_EN_GHG_CO2_PC_CE_AR5,PAN,_T,_T,_T,_Z,_Z,_Z,2023,A,T,
0.529181,P1Y,0,,A,PU,_Z,2,,,False,WB_WDI,WB_WDI_EN_GHG_CO2_PC_CE_AR5,PNG,_T,_T,_T,_Z,_Z,_Z,2023,A,T,
1.131244,P1Y,0,,A,PU,_Z,2,,,False,WB_WDI,WB_WDI_EN_GHG_CO2_PC_CE_AR5,PRY,_T,_T,_T,_Z,_Z,_Z,2023,A,T,
1.922816,P1Y,0,,A,PU,_Z,2,,,False,WB_WDI,WB_WDI_EN_GHG_CO2_PC_CE_AR5,PER,_T,_T,_T,_Z,_Z,_Z,2023,A,T,
3.657698,P1Y,0,,A,PU,_Z,2,,,False,WB_WDI,WB_WDI_EN_GHG_CO2_PC_CE_AR5,PYF,_T,_T,_T,_Z,_Z,_Z,2010,A,T,
3.464313,P1Y,0,,A,PU,_Z,2,,,False,WB_WDI,WB_WDI_EN_GHG_CO2_PC_CE_AR5,GAB,_T,_T,_T,_Z,_Z,_Z,2010,A,T,
0.228793,P1Y,0,,A,PU,_Z,2,,,False,WB_WDI,WB_WDI_EN_GHG_CO2_PC_CE_AR5,GMB,_T,_T,_T,_Z,_Z,_Z,2010,A,T,
1.666995,P1Y,0,,A,PU,_Z,2,,,False,WB_WDI,WB_WDI_EN_GHG_CO2_PC_CE_AR5,GEO,_T,_T,_T,_Z,_Z,_Z,2010,A,T,
9.965671,P1Y,0,,A,PU,_Z,2,,,False,WB_WDI,WB_WDI_EN_GHG_CO2_PC_CE_AR5,DEU,_T,_T,_T,_Z,_Z,_Z,2010,A,T,
0.43682,P1Y,0,,A,PU,_Z,2,,,False,WB_WDI,WB_WDI_EN_GHG_CO2_PC_CE_AR5,GHA,_T,_T,_T,_Z,_Z,_Z,2010,A,T,
15.194572,P1Y,0,,A,PU,_Z,2,,,False,WB_WDI,WB_WDI_EN_GHG_CO2_PC_CE_AR5,GIB,_T,_T,_T,_Z,_Z,_Z,2010,A,T,
8.011453,P1Y,0,,A,PU,_Z,2,,,False,WB_WDI,WB_WDI_EN_GHG_CO2_PC_CE_AR5,GRC,_T,_T,_T,_Z,_Z,_Z,2010,A,T,
11.370149,P1Y,0,,A,PU,_Z,2,,,False,WB_WDI,WB_WDI_EN_GHG_CO2_PC_CE_AR5,GRL,_T,_T,_T,_Z,_Z,_Z,2010,A,T,
1.06465,P1Y,0,,A,PU,_Z,2,,,False,WB_WDI,WB_WDI_EN_GHG_CO2_PC_CE_AR5,GRD,_T,_T,_T,_Z,_Z,_Z,2010,A,T,
0.001802,P1Y,0,,A,PU,_Z,2,,,False,WB_WDI,WB_WDI_EN_GHG_CO2_PC_CE_AR5,GUM,_T,_T,_T,_Z,_Z,_Z,2010,A,T,
0.812345,P1Y,0,,A,PU,_Z,2,,,False,WB_WDI,WB_WDI_EN_GHG_CO2_PC_CE_AR5,GTM,_T,_T,_T,_Z,_Z,_Z,2010,A,T,
0.241466,P1Y,0,,A,PU,_Z,2,,,False,WB_WDI,WB_WDI_EN_GHG_CO2_PC_CE_AR5,GIN,_T,_T,_T,_Z,_Z,_Z,2010,A,T,
0.144744,P1Y,0,,A,PU,_Z,2,,,False,WB_WDI,WB_WDI_EN_GHG_CO2_PC_CE_AR5,ETH,_T,_T,_T,_Z,_Z,_Z,2017,A,T,
0.039857,P1Y,0,,A,PU,_Z,2,,,False,WB_WDI,WB_WDI_EN_GHG_CO2_PC_CE_AR5,FRO,_T,_T,_T,_Z,_Z,_Z,2017,A,T,
1.676827,P1Y,0,,A,PU,_Z,2,,,False,WB_WDI,WB_WDI_EN_GHG_CO2_PC_CE_AR5,FJI,_T,_T,_T,_Z,_Z,_Z,2017,A,T,
8.364944,P1Y,0,,A,PU,_Z,2,,,False,WB_WDI,WB_WDI_EN_GHG_CO2_PC_CE_AR5,FIN,_T,_T,_T,_Z,_Z,_Z,2017,A,T,
5.061551,P1Y,0,,A,PU,_Z,2,,,False,WB_WDI,WB_WDI_EN_GHG_CO2_PC_CE_AR5,FRA,_T,_T,_T,_Z,_Z,_Z,2017,A,T,
3.144737,P1Y,0,,A,PU,_Z,2,,,False,WB_WDI,WB_WDI_EN_GHG_CO2_PC_CE_AR5,PYF,_T,_T,_T,_Z,_Z,_Z,2017,A,T,
2.665353,P1Y,0,,A,PU,_Z,2,,,False,WB_WDI,WB_WDI_EN_GHG_CO2_PC_CE_AR5,GAB,_T,_T,_T,_Z,_Z,_Z,2017,A,T,
0.223552,P1Y,0,,A,PU,_Z,2,,,False,WB_WDI,WB_WDI_EN_GHG_CO2_PC_CE_AR5,GMB,_T,_T,_T,_Z,_Z,_Z,2017,A,T,
2.996483,P1Y,0,,A,PU,_Z,2,,,False,WB_WDI,WB_WDI_EN_GHG_CO2_PC_CE_AR5,GEO,_T,_T,_T,_Z,_Z,_Z,2017,A,T,
9.369765,P1Y,0,,A,PU,_Z,2,,,False,WB_WDI,WB_WDI_EN_GHG_CO2_PC_CE_AR5,DEU,_T,_T,_T,_Z,_Z,_Z,2017,A,T,
0.578922,P1Y,0,,A,PU,_Z,2,,,False,WB_WDI,WB_WDI_EN_GHG_CO2_PC_CE_AR5,GHA,_T,_T,_T,_Z,_Z,_Z,2017,A,T,
18.975033,P1Y,0,,A,PU,_Z,2,,,False,WB_WDI,WB_WDI_EN_GHG_CO2_PC_CE_AR5,GIB,_T,_T,_T,_Z,_Z,_Z,2017,A,T,
6.358525,P1Y,0,,A,PU,_Z,2,,,False,WB_WDI,WB_WDI_EN_GHG_CO2_PC_CE_AR5,GRC,_T,_T,_T,_Z,_Z,_Z,2017,A,T,
11.201727,P1Y,0,,A,PU,_Z,2,,,False,WB_WDI,WB_WDI_EN_GHG_CO2_PC_CE_AR5,NLD,_T,_T,_T,_Z,_Z,_Z,2010,A,T,
13.448173,P1Y,0,,A,PU,_Z,2,,,False,WB_WDI,WB_WDI_EN_GHG_CO2_PC_CE_AR5,NCL,_T,_T,_T,_Z,_Z,_Z,2010,A,T,
7.687154,P1Y,0,,A,PU,_Z,2,,,False,WB_WDI,WB_WDI_EN_GHG_CO2_PC_CE_AR5,NZL,_T,_T,_T,_Z,_Z,_Z,2010,A,T,
0.814142,P1Y,0,,A,PU,_Z,2,,,False,WB_WDI,WB_WDI_EN_GHG_CO2_PC_CE_AR5,NIC,_T,_T,_T,_Z,_Z,_Z,2010,A,T,
0.087124,P1Y,0,,A,PU,_Z,2,,,False,WB_WDI,WB_WDI_EN_GHG_CO2_PC_CE_AR5,NER,_T,_T,_T,_Z,_Z,_Z,2010,A,T,
0.566502,P1Y,0,,A,PU,_Z,2,,,False,WB_WDI,WB_WDI_EN_GHG_CO2_PC_CE_AR5,NGA,_T,_T,_T,_Z,_Z,_Z,2010,A,T,
4.714129,P1Y,0,,A,PU,_Z,2,,,False,WB_WDI,WB_WDI_EN_GHG_CO2_PC_CE_AR5,MKD,_T,_T,_T,_Z,_Z,_Z,2010,A,T,
0.001849,P1Y,0,,A,PU,_Z,2,,,False,WB_WDI,WB_WDI_EN_GHG_CO2_PC_CE_AR5,MNP,_T,_T,_T,_Z,_Z,_Z,2010,A,T,
9.814364,P1Y,0,,A,PU,_Z,2,,,False,WB_WDI,WB_WDI_EN_GHG_CO2_PC_CE_AR5,NOR,_T,_T,_T,_Z,_Z,_Z,2010,A,T,
18.674237,P1Y,0,,A,PU,_Z,2,,,False,WB_WDI,WB_WDI_EN_GHG_CO2_PC_CE_AR5,OMN,_T,_T,_T,_Z,_Z,_Z,2010,A,T,
0.781255,P1Y,0,,A,PU,_Z,2,,,False,WB_WDI,WB_WDI_EN_GHG_CO2_PC_CE_AR5,PAK,_T,_T,_T,_Z,_Z,_Z,2010,A,T,
114.736899,P1Y,0,,A,PU,_Z,2,,,False,WB_WDI,WB_WDI_EN_GHG_CO2_PC_CE_AR5,PLW,_T,_T,_T,_Z,_Z,_Z,2010,A,T,
0.040992,P1Y,0,,A,PU,_Z,2,,,False,WB_WDI,WB_WDI_EN_GHG_CO2_PC_CE_AR5,FRO,_T,_T,_T,_Z,_Z,_Z,2009,A,T,
1.172238,P1Y,0,,A,PU,_Z,2,,,False,WB_WDI,WB_WDI_EN_GHG_CO2_PC_CE_AR5,FJI,_T,_T,_T,_Z,_Z,_Z,2009,A,T,
10.691549,P1Y,0,,A,PU,_Z,2,,,False,WB_WDI,WB_WDI_EN_GHG_CO2_PC_CE_AR5,FIN,_T,_T,_T,_Z,_Z,_Z,2009,A,T,
5.717173,P1Y,0,,A,PU,_Z,2,,,False,WB_WDI,WB_WDI_EN_GHG_CO2_PC_CE_AR5,FRA,_T,_T,_T,_Z,_Z,_Z,2009,A,T,
3.466293,P1Y,0,,A,PU,_Z,2,,,False,WB_WDI,WB_WDI_EN_GHG_CO2_PC_CE_AR5,PYF,_T,_T,_T,_Z,_Z,_Z,2009,A,T,
3.279516,P1Y,0,,A,PU,_Z,2,,,False,WB_WDI,WB_WDI_EN_GHG_CO2_PC_CE_AR5,GAB,_T,_T,_T,_Z,_Z,_Z,2009,A,T,
0.232016,P1Y,0,,A,PU,_Z,2,,,False,WB_WDI,WB_WDI_EN_GHG_CO2_PC_CE_AR5,GMB,_T,_T,_T,_Z,_Z,_Z,2009,A,T,
1.696536,P1Y,0,,A,PU,_Z,2,,,False,WB_WDI,WB_WDI_EN_GHG_CO2_PC_CE_AR5,GEO,_T,_T,_T,_Z,_Z,_Z,2009,A,T,
9.378644,P1Y,0,,A,PU,_Z,2,,,False,WB_WDI,WB_WDI_EN_GHG_CO2_PC_CE_AR5,DEU,_T,_T,_T,_Z,_Z,_Z,2009,A,T,
0.398915,P1Y,0,,A,PU,_Z,2,,,False,WB_WDI,WB_WDI_EN_GHG_CO2_PC_CE_AR5,GHA,_T,_T,_T,_Z,_Z,_Z,2009,A,T,
15.303507,P1Y,0,,A,PU,_Z,2,,,False,WB_WDI,WB_WDI_EN_GHG_CO2_PC_CE_AR5,GIB,_T,_T,_T,_Z,_Z,_Z,2009,A,T,
8.662794,P1Y,0,,A,PU,_Z,2,,,False,WB_WDI,WB_WDI_EN_GHG_CO2_PC_CE_AR5,GRC,_T,_T,_T,_Z,_Z,_Z,2009,A,T,
9.772207,P1Y,0,,A,PU,_Z,2,,,False,WB_WDI,WB_WDI_EN_GHG_CO2_PC_CE_AR5,GRL,_T,_T,_T,_Z,_Z,_Z,2009,A,T,
0.955471,P1Y,0,,A,PU,_Z,2,,,False,WB_WDI,WB_WDI_EN_GHG_CO2_PC_CE_AR5,GRD,_T,_T,_T,_Z,_Z,_Z,2009,A,T,
0.043942,P1Y,0,,A,PU,_Z,2,,,False,WB_WDI,WB_WDI_EN_GHG_CO2_PC_CE_AR5,COD,_T,_T,_T,_Z,_Z,_Z,2013,A,T,
1.119845,P1Y,0,,A,PU,_Z,2,,,False,WB_WDI,WB_WDI_EN_GHG_CO2_PC_CE_AR5,COG,_T,_T,_T,_Z,_Z,_Z,2013,A,T,
1.682581,P1Y,0,,A,PU,_Z,2,,,False,WB_WDI,WB_WDI_EN_GHG_CO2_PC_CE_AR5,CRI,_T,_T,_T,_Z,_Z,_Z,2013,A,T,
0.409402,P1Y,0,,A,PU,_Z,2,,,False,WB_WDI,WB_WDI_EN_GHG_CO2_PC_CE_AR5,CIV,_T,_T,_T,_Z,_Z,_Z,2013,A,T,
4.341436,P1Y,0,,A,PU,_Z,2,,,False,WB_WDI,WB_WDI_EN_GHG_CO2_PC_CE_AR5,HRV,_T,_T,_T,_Z,_Z,_Z,2013,A,T,
2.568762,P1Y,0,,A,PU,_Z,2,,,False,WB_WDI,WB_WDI_EN_GHG_CO2_PC_CE_AR5,CUB,_T,_T,_T,_Z,_Z,_Z,2013,A,T,
5.440263,P1Y,0,,A,PU,_Z,2,,,False,WB_WDI,WB_WDI_EN_GHG_CO2_PC_CE_AR5,CYP,_T,_T,_T,_Z,_Z,_Z,2013,A,T,
10.417535,P1Y,0,,A,PU,_Z,2,,,False,WB_WDI,WB_WDI_EN_GHG_CO2_PC_CE_AR5,CZE,_T,_T,_T,_Z,_Z,_Z,2013,A,T,
7.18356,P1Y,0,,A,PU,_Z,2,,,False,WB_WDI,WB_WDI_EN_GHG_CO2_PC_CE_AR5,DNK,_T,_T,_T,_Z,_Z,_Z,2013,A,T,
0.88889,P1Y,0,,A,PU,_Z,2,,,False,WB_WDI,WB_WDI_EN_GHG_CO2_PC_CE_AR5,DJI,_T,_T,_T,_Z,_Z,_Z,2013,A,T,
5.567841,P1Y,0,,A,PU,_Z,2,,,False,WB_WDI,WB_WDI_EN_GHG_CO2_PC_CE_AR5,ITA,_T,_T,_T,_Z,_Z,_Z,2019,A,T,
2.989263,P1Y,0,,A,PU,_Z,2,,,False,WB_WDI,WB_WDI_EN_GHG_CO2_PC_CE_AR5,JAM,_T,_T,_T,_Z,_Z,_Z,2019,A,T,
8.874567,P1Y,0,,A,PU,_Z,2,,,False,WB_WDI,WB_WDI_EN_GHG_CO2_PC_CE_AR5,JPN,_T,_T,_T,_Z,_Z,_Z,2019,A,T,
2.182387,P1Y,0,,A,PU,_Z,2,,,False,WB_WDI,WB_WDI_EN_GHG_CO2_PC_CE_AR5,JOR,_T,_T,_T,_Z,_Z,_Z,2019,A,T,
11.390941,P1Y,0,,A,PU,_Z,2,,,False,WB_WDI,WB_WDI_EN_GHG_CO2_PC_CE_AR5,KAZ,_T,_T,_T,_Z,_Z,_Z,2019,A,T,
0.380387,P1Y,0,,A,PU,_Z,2,,,False,WB_WDI,WB_WDI_EN_GHG_CO2_PC_CE_AR5,KEN,_T,_T,_T,_Z,_Z,_Z,2019,A,T,
0.614101,P1Y,0,,A,PU,_Z,2,,,False,WB_WDI,WB_WDI_EN_GHG_CO2_PC_CE_AR5,KIR,_T,_T,_T,_Z,_Z,_Z,2019,A,T,
2.819423,P1Y,0,,A,PU,_Z,2,,,False,WB_WDI,WB_WDI_EN_GHG_CO2_PC_CE_AR5,PRK,_T,_T,_T,_Z,_Z,_Z,2019,A,T,
12.653189,P1Y,0,,A,PU,_Z,2,,,False,WB_WDI,WB_WDI_EN_GHG_CO2_PC_CE_AR5,KOR,_T,_T,_T,_Z,_Z,_Z,2019,A,T,
21.796806,P1Y,0,,A,PU,_Z,2,,,False,WB_WDI,WB_WDI_EN_GHG_CO2_PC_CE_AR5,KWT,_T,_T,_T,_Z,_Z,_Z,2019,A,T,
1.551802,P1Y,0,,A,PU,_Z,2,,,False,WB_WDI,WB_WDI_EN_GHG_CO2_PC_CE_AR5,KGZ,_T,_T,_T,_Z,_Z,_Z,2019,A,T,
0.117256,P1Y,0,,A,PU,_Z,2,,,False,WB_WDI,WB_WDI_EN_GHG_CO2_PC_CE_AR5,BFA,_T,_T,_T,_Z,_Z,_Z,2009,A,T,
0.024856,P1Y,0,,A,PU,_Z,2,,,False,WB_WDI,WB_WDI_EN_GHG_CO2_PC_CE_AR5,BDI,_T,_T,_T,_Z,_Z,_Z,2009,A,T,
1.399017,P1Y,0,,A,PU,_Z,2,,,False,WB_WDI,WB_WDI_EN_GHG_CO2_PC_CE_AR5,CPV,_T,_T,_T,_Z,_Z,_Z,2009,A,T,
0.341666,P1Y,0,,A,PU,_Z,2,,,False,WB_WDI,WB_WDI_EN_GHG_CO2_PC_CE_AR5,KHM,_T,_T,_T,_Z,_Z,_Z,2009,A,T,
0.403569,P1Y,0,,A,PU,_Z,2,,,False,WB_WDI,WB_WDI_EN_GHG_CO2_PC_CE_AR5,CMR,_T,_T,_T,_Z,_Z,_Z,2009,A,T,
16.140062,P1Y,0,,A,PU,_Z,2,,,False,WB_WDI,WB_WDI_EN_GHG_CO2_PC_CE_AR5,CAN,_T,_T,_T,_Z,_Z,_Z,2009,A,T,
4.325516,P1Y,0,,A,PU,_Z,2,,,False,WB_WDI,WB_WDI_EN_GHG_CO2_PC_CE_AR5,CYM,_T,_T,_T,_Z,_Z,_Z,2009,A,T,
0.043188,P1Y,0,,A,PU,_Z,2,,,False,WB_WDI,WB_WDI_EN_GHG_CO2_PC_CE_AR5,CAF,_T,_T,_T,_Z,_Z,_Z,2009,A,T,
0.041837,P1Y,0,,A,PU,_Z,2,,,False,WB_WDI,WB_WDI_EN_GHG_CO2_PC_CE_AR5,TCD,_T,_T,_T,_Z,_Z,_Z,2009,A,T,
4.010986,P1Y,0,,A,PU,_Z,2,,,False,WB_WDI,WB_WDI_EN_GHG_CO2_PC_CE_AR5,CHL,_T,_T,_T,_Z,_Z,_Z,2009,A,T,
6.24909,P1Y,0,,A,PU,_Z,2,,,False,WB_WDI,WB_WDI_EN_GHG_CO2_PC_CE_AR5,CHN,_T,_T,_T,_Z,_Z,_Z,2009,A,T,
1.475474,P1Y,0,,A,PU,_Z,2,,,False,WB_WDI,WB_WDI_EN_GHG_CO2_PC_CE_AR5,COL,_T,_T,_T,_Z,_Z,_Z,2009,A,T,
0.276105,P1Y,0,,A,PU,_Z,2,,,False,WB_WDI,WB_WDI_EN_GHG_CO2_PC_CE_AR5,ERI,_T,_T,_T,_Z,_Z,_Z,2004,A,T,
14.711827,P1Y,0,,A,PU,_Z,2,,,False,WB_WDI,WB_WDI_EN_GHG_CO2_PC_CE_AR5,EST,_T,_T,_T,_Z,_Z,_Z,2004,A,T,
0.926703,P1Y,0,,A,PU,_Z,2,,,False,WB_WDI,WB_WDI_EN_GHG_CO2_PC_CE_AR5,SWZ,_T,_T,_T,_Z,_Z,_Z,2004,A,T,
0.075337,P1Y,0,,A,PU,_Z,2,,,False,WB_WDI,WB_WDI_EN_GHG_CO2_PC_CE_AR5,ETH,_T,_T,_T,_Z,_Z,_Z,2004,A,T,
0.039269,P1Y,0,,A,PU,_Z,2,,,False,WB_WDI,WB_WDI_EN_GHG_CO2_PC_CE_AR5,FRO,_T,_T,_T,_Z,_Z,_Z,2004,A,T,
2.263354,P1Y,0,,A,PU,_Z,2,,,False,WB_WDI,WB_WDI_EN_GHG_CO2_PC_CE_AR5,FJI,_T,_T,_T,_Z,_Z,_Z,2004,A,T,
13.475972,P1Y,0,,A,PU,_Z,2,,,False,WB_WDI,WB_WDI_EN_GHG_CO2_PC_CE_AR5,FIN,_T,_T,_T,_Z,_Z,_Z,2004,A,T,
6.466683,P1Y,0,,A,PU,_Z,2,,,False,WB_WDI,WB_WDI_EN_GHG_CO2_PC_CE_AR5,FRA,_T,_T,_T,_Z,_Z,_Z,2004,A,T,
3.45506,P1Y,0,,A,PU,_Z,2,,,False,WB_WDI,WB_WDI_EN_GHG_CO2_PC_CE_AR5,PYF,_T,_T,_T,_Z,_Z,_Z,2004,A,T,
4.660353,P1Y,0,,A,PU,_Z,2,,,False,WB_WDI,WB_WDI_EN_GHG_CO2_PC_CE_AR5,GAB,_T,_T,_T,_Z,_Z,_Z,2004,A,T,
0.201565,P1Y,0,,A,PU,_Z,2,,,False,WB_WDI,WB_WDI_EN_GHG_CO2_PC_CE_AR5,GMB,_T,_T,_T,_Z,_Z,_Z,2004,A,T,
1.098046,P1Y,0,,A,PU,_Z,2,,,False,WB_WDI,WB_WDI_EN_GHG_CO2_PC_CE_AR5,GEO,_T,_T,_T,_Z,_Z,_Z,2004,A,T,
10.463265,P1Y,0,,A,PU,_Z,2,,,False,WB_WDI,WB_WDI_EN_GHG_CO2_PC_CE_AR5,DEU,_T,_T,_T,_Z,_Z,_Z,2004,A,T,
5.493693,P1Y,0,,A,PU,_Z,2,,,False,WB_WDI,WB_WDI_EN_GHG_CO2_PC_CE_AR5,ESP,_T,_T,_T,_Z,_Z,_Z,2014,A,T,
0.86055,P1Y,0,,A,PU,_Z,2,,,False,WB_WDI,WB_WDI_EN_GHG_CO2_PC_CE_AR5,LKA,_T,_T,_T,_Z,_Z,_Z,2014,A,T,
2.0663,P1Y,0,,A,PU,_Z,2,,,False,WB_WDI,WB_WDI_EN_GHG_CO2_PC_CE_AR5,KNA,_T,_T,_T,_Z,_Z,_Z,2014,A,T,
1.021029,P1Y,0,,A,PU,_Z,2,,,False,WB_WDI,WB_WDI_EN_GHG_CO2_PC_CE_AR5,LCA,_T,_T,_T,_Z,_Z,_Z,2014,A,T,
0.857395,P1Y,0,,A,PU,_Z,2,,,False,WB_WDI,WB_WDI_EN_GHG_CO2_PC_CE_AR5,VCT,_T,_T,_T,_Z,_Z,_Z,2014,A,T,
0.47693,P1Y,0,,A,PU,_Z,2,,,False,WB_WDI,WB_WDI_EN_GHG_CO2_PC_CE_AR5,SDN,_T,_T,_T,_Z,_Z,_Z,2014,A,T,
4.555653,P1Y,0,,A,PU,_Z,2,,,False,WB_WDI,WB_WDI_EN_GHG_CO2_PC_CE_AR5,SUR,_T,_T,_T,_Z,_Z,_Z,2014,A,T,
4.411996,P1Y,0,,A,PU,_Z,2,,,False,WB_WDI,WB_WDI_EN_GHG_CO2_PC_CE_AR5,SWE,_T,_T,_T,_Z,_Z,_Z,2014,A,T,
4.994169,P1Y,0,,A,PU,_Z,2,,,False,WB_WDI,WB_WDI_EN_GHG_CO2_PC_CE_AR5,CHE,_T,_T,_T,_Z,_Z,_Z,2014,A,T,
1.528451,P1Y,0,,A,PU,_Z,2,,,False,WB_WDI,WB_WDI_EN_GHG_CO2_PC_CE_AR5,SYR,_T,_T,_T,_Z,_Z,_Z,2014,A,T,
0.565921,P1Y,0,,A,PU,_Z,2,,,False,WB_WDI,WB_WDI_EN_GHG_CO2_PC_CE_AR5,TJK,_T,_T,_T,_Z,_Z,_Z,2014,A,T,
1.111759,P1Y,0,,A,PU,_Z,2,,,False,WB_WDI,WB_WDI_EN_GHG_CO2_PC_CE_AR5,PER,_T,_T,_T,_Z,_Z,_Z,2006,A,T,
0.792915,P1Y,0,,A,PU,_Z,2,,,False,WB_WDI,WB_WDI_EN_GHG_CO2_PC_CE_AR5,PHL,_T,_T,_T,_Z,_Z,_Z,2006,A,T,
8.671733,P1Y,0,,A,PU,_Z,2,,,False,WB_WDI,WB_WDI_EN_GHG_CO2_PC_CE_AR5,POL,_T,_T,_T,_Z,_Z,_Z,2006,A,T,
5.981921,P1Y,0,,A,PU,_Z,2,,,False,WB_WDI,WB_WDI_EN_GHG_CO2_PC_CE_AR5,PRT,_T,_T,_T,_Z,_Z,_Z,2006,A,T,
4.45925,P1Y,0,,A,PU,_Z,2,,,False,WB_WDI,WB_WDI_EN_GHG_CO2_PC_CE_AR5,PRI,_T,_T,_T,_Z,_Z,_Z,2006,A,T,
50.355098,P1Y,0,,A,PU,_Z,2,,,False,WB_WDI,WB_WDI_EN_GHG_CO2_PC_CE_AR5,QAT,_T,_T,_T,_Z,_Z,_Z,2006,A,T,
5.229936,P1Y,0,,A,PU,_Z,2,,,False,WB_WDI,WB_WDI_EN_GHG_CO2_PC_CE_AR5,ROU,_T,_T,_T,_Z,_Z,_Z,2006,A,T,
12.416647,P1Y,0,,A,PU,_Z,2,,,False,WB_WDI,WB_WDI_EN_GHG_CO2_PC_CE_AR5,RUS,_T,_T,_T,_Z,_Z,_Z,2006,A,T,
0.080071,P1Y,0,,A,PU,_Z,2,,,False,WB_WDI,WB_WDI_EN_GHG_CO2_PC_CE_AR5,RWA,_T,_T,_T,_Z,_Z,_Z,2006,A,T,
1.165101,P1Y,0,,A,PU,_Z,2,,,False,WB_WDI,WB_WDI_EN_GHG_CO2_PC_CE_AR5,WSM,_T,_T,_T,_Z,_Z,_Z,2006,A,T,
0.574747,P1Y,0,,A,PU,_Z,2,,,False,WB_WDI,WB_WDI_EN_GHG_CO2_PC_CE_AR5,STP,_T,_T,_T,_Z,_Z,_Z,2006,A,T,
12.692298,P1Y,0,,A,PU,_Z,2,,,False,WB_WDI,WB_WDI_EN_GHG_CO2_PC_CE_AR5,RUS,_T,_T,_T,_Z,_Z,_Z,2012,A,T,
0.078228,P1Y,0,,A,PU,_Z,2,,,False,WB_WDI,WB_WDI_EN_GHG_CO2_PC_CE_AR5,RWA,_T,_T,_T,_Z,_Z,_Z,2012,A,T,
1.36439,P1Y,0,,A,PU,_Z,2,,,False,WB_WDI,WB_WDI_EN_GHG_CO2_PC_CE_AR5,WSM,_T,_T,_T,_Z,_Z,_Z,2012,A,T,
0.701017,P1Y,0,,A,PU,_Z,2,,,False,WB_WDI,WB_WDI_EN_GHG_CO2_PC_CE_AR5,STP,_T,_T,_T,_Z,_Z,_Z,2012,A,T,
20.610095,P1Y,0,,A,PU,_Z,2,,,False,WB_WDI,WB_WDI_EN_GHG_CO2_PC_CE_AR5,SAU,_T,_T,_T,_Z,_Z,_Z,2012,A,T,
0.553255,P1Y,0,,A,PU,_Z,2,,,False,WB_WDI,WB_WDI_EN_GHG_CO2_PC_CE_AR5,SEN,_T,_T,_T,_Z,_Z,_Z,2012,A,T,
10.040429,P1Y,0,,A,PU,_Z,2,,,False,WB_WDI,WB_WDI_EN_GHG_CO2_PC_CE_AR5,SYC,_T,_T,_T,_Z,_Z,_Z,2012,A,T,
0.148739,P1Y,0,,A,PU,_Z,2,,,False,WB_WDI,WB_WDI_EN_GHG_CO2_PC_CE_AR5,SLE,_T,_T,_T,_Z,_Z,_Z,2012,A,T,
9.440394,P1Y,0,,A,PU,_Z,2,,,False,WB_WDI,WB_WDI_EN_GHG_CO2_PC_CE_AR5,SGP,_T,_T,_T,_Z,_Z,_Z,2012,A,T,
2.792194,P1Y,0,,A,PU,_Z,2,,,False,WB_WDI,WB_WDI_EN_GHG_CO2_PC_CE_AR5,MDA,_T,_T,_T,_Z,_Z,_Z,2007,A,T,
5.07731,P1Y,0,,A,PU,_Z,2,,,False,WB_WDI,WB_WDI_EN_GHG_CO2_PC_CE_AR5,MNG,_T,_T,_T,_Z,_Z,_Z,2007,A,T,
1.475637,P1Y,0,,A,PU,_Z,2,,,False,WB_WDI,WB_WDI_EN_GHG_CO2_PC_CE_AR5,MAR,_T,_T,_T,_Z,_Z,_Z,2007,A,T,
0.152389,P1Y,0,,A,PU,_Z,2,,,False,WB_WDI,WB_WDI_EN_GHG_CO2_PC_CE_AR5,MOZ,_T,_T,_T,_Z,_Z,_Z,2007,A,T,
0.226988,P1Y,0,,A,PU,_Z,2,,,False,WB_WDI,WB_WDI_EN_GHG_CO2_PC_CE_AR5,MMR,_T,_T,_T,_Z,_Z,_Z,2007,A,T,
1.287328,P1Y,0,,A,PU,_Z,2,,,False,WB_WDI,WB_WDI_EN_GHG_CO2_PC_CE_AR5,NAM,_T,_T,_T,_Z,_Z,_Z,2007,A,T,
0,P1Y,0,,A,PU,_Z,2,,,False,WB_WDI,WB_WDI_EN_GHG_CO2_PC_CE_AR5,NRU,_T,_T,_T,_Z,_Z,_Z,2007,A,T,
0.10422,P1Y,0,,A,PU,_Z,2,,,False,WB_WDI,WB_WDI_EN_GHG_CO2_PC_CE_AR5,NPL,_T,_T,_T,_Z,_Z,_Z,2007,A,T,
10.918454,P1Y,0,,A,PU,_Z,2,,,False,WB_WDI,WB_WDI_EN_GHG_CO2_PC_CE_AR5,NLD,_T,_T,_T,_Z,_Z,_Z,2007,A,T,
11.13451,P1Y,0,,A,PU,_Z,2,,,False,WB_WDI,WB_WDI_EN_GHG_CO2_PC_CE_AR5,NCL,_T,_T,_T,_Z,_Z,_Z,2007,A,T,
8.307661,P1Y,0,,A,PU,_Z,2,,,False,WB_WDI,WB_WDI_EN_GHG_CO2_PC_CE_AR5,NZL,_T,_T,_T,_Z,_Z,_Z,2007,A,T,
24.574835,P1Y,0,,A,PU,_Z,2,,,False,WB_WDI,WB_WDI_EN_GHG_CO2_PC_CE_AR5,KWT,_T,_T,_T,_Z,_Z,_Z,2016,A,T,
1.577468,P1Y,0,,A,PU,_Z,2,,,False,WB_WDI,WB_WDI_EN_GHG_CO2_PC_CE_AR5,KGZ,_T,_T,_T,_Z,_Z,_Z,2016,A,T,
2.297214,P1Y,0,,A,PU,_Z,2,,,False,WB_WDI,WB_WDI_EN_GHG_CO2_PC_CE_AR5,LAO,_T,_T,_T,_Z,_Z,_Z,2016,A,T,
3.817534,P1Y,0,,A,PU,_Z,2,,,False,WB_WDI,WB_WDI_EN_GHG_CO2_PC_CE_AR5,LVA,_T,_T,_T,_Z,_Z,_Z,2016,A,T,
4.406996,P1Y,0,,A,PU,_Z,2,,,False,WB_WDI,WB_WDI_EN_GHG_CO2_PC_CE_AR5,LBN,_T,_T,_T,_Z,_Z,_Z,2016,A,T,
0.308624,P1Y,0,,A,PU,_Z,2,,,False,WB_WDI,WB_WDI_EN_GHG_CO2_PC_CE_AR5,LSO,_T,_T,_T,_Z,_Z,_Z,2016,A,T,
0.291277,P1Y,0,,A,PU,_Z,2,,,False,WB_WDI,WB_WDI_EN_GHG_CO2_PC_CE_AR5,LBR,_T,_T,_T,_Z,_Z,_Z,2016,A,T,
7.712836,P1Y,0,,A,PU,_Z,2,,,False,WB_WDI,WB_WDI_EN_GHG_CO2_PC_CE_AR5,LBY,_T,_T,_T,_Z,_Z,_Z,2016,A,T,
4.698878,P1Y,0,,A,PU,_Z,2,,,False,WB_WDI,WB_WDI_EN_GHG_CO2_PC_CE_AR5,LTU,_T,_T,_T,_Z,_Z,_Z,2016,A,T,
15.53485,P1Y,0,,A,PU,_Z,2,,,False,WB_WDI,WB_WDI_EN_GHG_CO2_PC_CE_AR5,LUX,_T,_T,_T,_Z,_Z,_Z,2016,A,T,
0.586089,P1Y,0,,A,PU,_Z,2,,,False,WB_WDI,WB_WDI_EN_GHG_CO2_PC_CE_AR5,BLZ,_T,_T,_T,_Z,_Z,_Z,2014,A,T,
0.494995,P1Y,0,,A,PU,_Z,2,,,False,WB_WDI,WB_WDI_EN_GHG_CO2_PC_CE_AR5,BEN,_T,_T,_T,_Z,_Z,_Z,2014,A,T,
4.281509,P1Y,0,,A,PU,_Z,2,,,False,WB_WDI,WB_WDI_EN_GHG_CO2_PC_CE_AR5,BMU,_T,_T,_T,_Z,_Z,_Z,2014,A,T,
1.540363,P1Y,0,,A,PU,_Z,2,,,False,WB_WDI,WB_WDI_EN_GHG_CO2_PC_CE_AR5,BTN,_T,_T,_T,_Z,_Z,_Z,2014,A,T,
1.794009,P1Y,0,,A,PU,_Z,2,,,False,WB_WDI,WB_WDI_EN_GHG_CO2_PC_CE_AR5,BOL,_T,_T,_T,_Z,_Z,_Z,2014,A,T,
5.833576,P1Y,0,,A,PU,_Z,2,,,False,WB_WDI,WB_WDI_EN_GHG_CO2_PC_CE_AR5,BIH,_T,_T,_T,_Z,_Z,_Z,2014,A,T,
3.290955,P1Y,0,,A,PU,_Z,2,,,False,WB_WDI,WB_WDI_EN_GHG_CO2_PC_CE_AR5,BWA,_T,_T,_T,_Z,_Z,_Z,2014,A,T,
2.731035,P1Y,0,,A,PU,_Z,2,,,False,WB_WDI,WB_WDI_EN_GHG_CO2_PC_CE_AR5,BRA,_T,_T,_T,_Z,_Z,_Z,2014,A,T,
2.123658,P1Y,0,,A,PU,_Z,2,,,False,WB_WDI,WB_WDI_EN_GHG_CO2_PC_CE_AR5,VGB,_T,_T,_T,_Z,_Z,_Z,2014,A,T,
19.45243,P1Y,0,,A,PU,_Z,2,,,False,WB_WDI,WB_WDI_EN_GHG_CO2_PC_CE_AR5,BRN,_T,_T,_T,_Z,_Z,_Z,2014,A,T,
6.688983,P1Y,0,,A,PU,_Z,2,,,False,WB_WDI,WB_WDI_EN_GHG_CO2_PC_CE_AR5,BGR,_T,_T,_T,_Z,_Z,_Z,2014,A,T,
0,P1Y,0,,A,PU,_Z,2,,,False,WB_WDI,WB_WDI_EN_GHG_CO2_PC_CE_AR5,NRU,_T,_T,_T,_Z,_Z,_Z,2012,A,T,
0.22608,P1Y,0,,A,PU,_Z,2,,,False,WB_WDI,WB_WDI_EN_GHG_CO2_PC_CE_AR5,NPL,_T,_T,_T,_Z,_Z,_Z,2012,A,T,
10.241856,P1Y,0,,A,PU,_Z,2,,,False,WB_WDI,WB_WDI_EN_GHG_CO2_PC_CE_AR5,NLD,_T,_T,_T,_Z,_Z,_Z,2012,A,T,
13.133161,P1Y,0,,A,PU,_Z,2,,,False,WB_WDI,WB_WDI_EN_GHG_CO2_PC_CE_AR5,NCL,_T,_T,_T,_Z,_Z,_Z,2012,A,T,
7.891518,P1Y,0,,A,PU,_Z,2,,,False,WB_WDI,WB_WDI_EN_GHG_CO2_PC_CE_AR5,NZL,_T,_T,_T,_Z,_Z,_Z,2012,A,T,
0.821363,P1Y,0,,A,PU,_Z,2,,,False,WB_WDI,WB_WDI_EN_GHG_CO2_PC_CE_AR5,NIC,_T,_T,_T,_Z,_Z,_Z,2012,A,T,
0.115217,P1Y,0,,A,PU,_Z,2,,,False,WB_WDI,WB_WDI_EN_GHG_CO2_PC_CE_AR5,NER,_T,_T,_T,_Z,_Z,_Z,2012,A,T,
0.580337,P1Y,0,,A,PU,_Z,2,,,False,WB_WDI,WB_WDI_EN_GHG_CO2_PC_CE_AR5,NGA,_T,_T,_T,_Z,_Z,_Z,2012,A,T,
4.985074,P1Y,0,,A,PU,_Z,2,,,False,WB_WDI,WB_WDI_EN_GHG_CO2_PC_CE_AR5,MKD,_T,_T,_T,_Z,_Z,_Z,2012,A,T,
0.001878,P1Y,0,,A,PU,_Z,2,,,False,WB_WDI,WB_WDI_EN_GHG_CO2_PC_CE_AR5,MNP,_T,_T,_T,_Z,_Z,_Z,2012,A,T,
9.243604,P1Y,0,,A,PU,_Z,2,,,False,WB_WDI,WB_WDI_EN_GHG_CO2_PC_CE_AR5,NOR,_T,_T,_T,_Z,_Z,_Z,2012,A,T,
19.01178,P1Y,0,,A,PU,_Z,2,,,False,WB_WDI,WB_WDI_EN_GHG_CO2_PC_CE_AR5,OMN,_T,_T,_T,_Z,_Z,_Z,2012,A,T,
0.756547,P1Y,0,,A,PU,_Z,2,,,False,WB_WDI,WB_WDI_EN_GHG_CO2_PC_CE_AR5,PAK,_T,_T,_T,_Z,_Z,_Z,2012,A,T,
4.996215,P1Y,0,,A,PU,_Z,2,,,False,WB_WDI,WB_WDI_EN_GHG_CO2_PC_CE_AR5,MNG,_T,_T,_T,_Z,_Z,_Z,2008,A,T,
1.565222,P1Y,0,,A,PU,_Z,2,,,False,WB_WDI,WB_WDI_EN_GHG_CO2_PC_CE_AR5,MAR,_T,_T,_T,_Z,_Z,_Z,2008,A,T,
0.144342,P1Y,0,,A,PU,_Z,2,,,False,WB_WDI,WB_WDI_EN_GHG_CO2_PC_CE_AR5,MOZ,_T,_T,_T,_Z,_Z,_Z,2008,A,T,
0.172766,P1Y,0,,A,PU,_Z,2,,,False,WB_WDI,WB_WDI_EN_GHG_CO2_PC_CE_AR5,MMR,_T,_T,_T,_Z,_Z,_Z,2008,A,T,
1.448031,P1Y,0,,A,PU,_Z,2,,,False,WB_WDI,WB_WDI_EN_GHG_CO2_PC_CE_AR5,NAM,_T,_T,_T,_Z,_Z,_Z,2008,A,T,
0,P1Y,0,,A,PU,_Z,2,,,False,WB_WDI,WB_WDI_EN_GHG_CO2_PC_CE_AR5,NRU,_T,_T,_T,_Z,_Z,_Z,2008,A,T,
0.114316,P1Y,0,,A,PU,_Z,2,,,False,WB_WDI,WB_WDI_EN_GHG_CO2_PC_CE_AR5,NPL,_T,_T,_T,_Z,_Z,_Z,2008,A,T,
10.941819,P1Y,0,,A,PU,_Z,2,,,False,WB_WDI,WB_WDI_EN_GHG_CO2_PC_CE_AR5,NLD,_T,_T,_T,_Z,_Z,_Z,2008,A,T,
10.627007,P1Y,0,,A,PU,_Z,2,,,False,WB_WDI,WB_WDI_EN_GHG_CO2_PC_CE_AR5,NCL,_T,_T,_T,_Z,_Z,_Z,2008,A,T,
8.495328,P1Y,0,,A,PU,_Z,2,,,False,WB_WDI,WB_WDI_EN_GHG_CO2_PC_CE_AR5,NZL,_T,_T,_T,_Z,_Z,_Z,2008,A,T,
0.001806,P1Y,0,,A,PU,_Z,2,,,False,WB_WDI,WB_WDI_EN_GHG_CO2_PC_CE_AR5,FSM,_T,_T,_T,_Z,_Z,_Z,2006,A,T,
2.815721,P1Y,0,,A,PU,_Z,2,,,False,WB_WDI,WB_WDI_EN_GHG_CO2_PC_CE_AR5,MDA,_T,_T,_T,_Z,_Z,_Z,2006,A,T,
4.953864,P1Y,0,,A,PU,_Z,2,,,False,WB_WDI,WB_WDI_EN_GHG_CO2_PC_CE_AR5,MNG,_T,_T,_T,_Z,_Z,_Z,2006,A,T,
1.474825,P1Y,0,,A,PU,_Z,2,,,False,WB_WDI,WB_WDI_EN_GHG_CO2_PC_CE_AR5,MAR,_T,_T,_T,_Z,_Z,_Z,2006,A,T,
0.136003,P1Y,0,,A,PU,_Z,2,,,False,WB_WDI,WB_WDI_EN_GHG_CO2_PC_CE_AR5,MOZ,_T,_T,_T,_Z,_Z,_Z,2006,A,T,
0.218804,P1Y,0,,A,PU,_Z,2,,,False,WB_WDI,WB_WDI_EN_GHG_CO2_PC_CE_AR5,MMR,_T,_T,_T,_Z,_Z,_Z,2006,A,T,
1.270202,P1Y,0,,A,PU,_Z,2,,,False,WB_WDI,WB_WDI_EN_GHG_CO2_PC_CE_AR5,NAM,_T,_T,_T,_Z,_Z,_Z,2006,A,T,
0,P1Y,0,,A,PU,_Z,2,,,False,WB_WDI,WB_WDI_EN_GHG_CO2_PC_CE_AR5,NRU,_T,_T,_T,_Z,_Z,_Z,2006,A,T,
0.102106,P1Y,0,,A,PU,_Z,2,,,False,WB_WDI,WB_WDI_EN_GHG_CO2_PC_CE_AR5,NPL,_T,_T,_T,_Z,_Z,_Z,2006,A,T,
10.869877,P1Y,0,,A,PU,_Z,2,,,False,WB_WDI,WB_WDI_EN_GHG_CO2_PC_CE_AR5,NLD,_T,_T,_T,_Z,_Z,_Z,2006,A,T,
10.998719,P1Y,0,,A,PU,_Z,2,,,False,WB_WDI,WB_WDI_EN_GHG_CO2_PC_CE_AR5,NCL,_T,_T,_T,_Z,_Z,_Z,2006,A,T,
8.67562,P1Y,0,,A,PU,_Z,2,,,False,WB_WDI,WB_WDI_EN_GHG_CO2_PC_CE_AR5,NZL,_T,_T,_T,_Z,_Z,_Z,2006,A,T,
2.828825,P1Y,0,,A,PU,_Z,2,,,False,WB_WDI,WB_WDI_EN_GHG_CO2_PC_CE_AR5,LAC,_T,_T,_T,_Z,_Z,_Z,2016,A,T,
2.932207,P1Y,0,,A,PU,_Z,2,,,False,WB_WDI,WB_WDI_EN_GHG_CO2_PC_CE_AR5,TLA,_T,_T,_T,_Z,_Z,_Z,2016,A,T,
0.349493,P1Y,0,,A,PU,_Z,2,,,False,WB_WDI,WB_WDI_EN_GHG_CO2_PC_CE_AR5,LDC,_T,_T,_T,_Z,_Z,_Z,2016,A,T,
3.270852,P1Y,0,,A,PU,_Z,2,,,False,WB_WDI,WB_WDI_EN_GHG_CO2_PC_CE_AR5,LMY,_T,_T,_T,_Z,_Z,_Z,2016,A,T,
0.279513,P1Y,0,,A,PU,_Z,2,,,False,WB_WDI,WB_WDI_EN_GHG_CO2_PC_CE_AR5,LIC,_T,_T,_T,_Z,_Z,_Z,2016,A,T,
1.400907,P1Y,0,,A,PU,_Z,2,,,False,WB_WDI,WB_WDI_EN_GHG_CO2_PC_CE_AR5,LMC,_T,_T,_T,_Z,_Z,_Z,2016,A,T,
4.073691,P1Y,0,,A,PU,_Z,2,,,False,WB_WDI,WB_WDI_EN_GHG_CO2_PC_CE_AR5,MEA,_T,_T,_T,_Z,_Z,_Z,2016,A,T,
2.56443,P1Y,0,,A,PU,_Z,2,,,False,WB_WDI,WB_WDI_EN_GHG_CO2_PC_CE_AR5,MNA,_T,_T,_T,_Z,_Z,_Z,2016,A,T,
2.56443,P1Y,0,,A,PU,_Z,2,,,False,WB_WDI,WB_WDI_EN_GHG_CO2_PC_CE_AR5,TMN,_T,_T,_T,_Z,_Z,_Z,2016,A,T,
3.588975,P1Y,0,,A,PU,_Z,2,,,False,WB_WDI,WB_WDI_EN_GHG_CO2_PC_CE_AR5,MIC,_T,_T,_T,_Z,_Z,_Z,2016,A,T,
15.542117,P1Y,0,,A,PU,_Z,2,,,False,WB_WDI,WB_WDI_EN_GHG_CO2_PC_CE_AR5,NAC,_T,_T,_T,_Z,_Z,_Z,2016,A,T,
9.316321,P1Y,0,,A,PU,_Z,2,,,False,WB_WDI,WB_WDI_EN_GHG_CO2_PC_CE_AR5,OED,_T,_T,_T,_Z,_Z,_Z,2016,A,T,
4.664124,P1Y,0,,A,PU,_Z,2,,,False,WB_WDI,WB_WDI_EN_GHG_CO2_PC_CE_AR5,OSS,_T,_T,_T,_Z,_Z,_Z,2016,A,T,
3.906317,P1Y,0,,A,PU,_Z,2,,,False,WB_WDI,WB_WDI_EN_GHG_CO2_PC_CE_AR5,ABW,_T,_T,_T,_Z,_Z,_Z,2013,A,T,
17.543244,P1Y,0,,A,PU,_Z,2,,,False,WB_WDI,WB_WDI_EN_GHG_CO2_PC_CE_AR5,AUS,_T,_T,_T,_Z,_Z,_Z,2013,A,T,
8.208756,P1Y,0,,A,PU,_Z,2,,,False,WB_WDI,WB_WDI_EN_GHG_CO2_PC_CE_AR5,AUT,_T,_T,_T,_Z,_Z,_Z,2013,A,T,
3.526867,P1Y,0,,A,PU,_Z,2,,,False,WB_WDI,WB_WDI_EN_GHG_CO2_PC_CE_AR5,AZE,_T,_T,_T,_Z,_Z,_Z,2013,A,T,
2.879249,P1Y,0,,A,PU,_Z,2,,,False,WB_WDI,WB_WDI_EN_GHG_CO2_PC_CE_AR5,BHS,_T,_T,_T,_Z,_Z,_Z,2013,A,T,
25.639188,P1Y,0,,A,PU,_Z,2,,,False,WB_WDI,WB_WDI_EN_GHG_CO2_PC_CE_AR5,BHR,_T,_T,_T,_Z,_Z,_Z,2013,A,T,
0.460478,P1Y,0,,A,PU,_Z,2,,,False,WB_WDI,WB_WDI_EN_GHG_CO2_PC_CE_AR5,BGD,_T,_T,_T,_Z,_Z,_Z,2013,A,T,
2.631588,P1Y,0,,A,PU,_Z,2,,,False,WB_WDI,WB_WDI_EN_GHG_CO2_PC_CE_AR5,BRB,_T,_T,_T,_Z,_Z,_Z,2013,A,T,
6.822838,P1Y,0,,A,PU,_Z,2,,,False,WB_WDI,WB_WDI_EN_GHG_CO2_PC_CE_AR5,BLR,_T,_T,_T,_Z,_Z,_Z,2013,A,T,
9.351707,P1Y,0,,A,PU,_Z,2,,,False,WB_WDI,WB_WDI_EN_GHG_CO2_PC_CE_AR5,BEL,_T,_T,_T,_Z,_Z,_Z,2013,A,T,
0.602119,P1Y,0,,A,PU,_Z,2,,,False,WB_WDI,WB_WDI_EN_GHG_CO2_PC_CE_AR5,BLZ,_T,_T,_T,_Z,_Z,_Z,2013,A,T,
3.294019,P1Y,0,,A,PU,_Z,2,,,False,WB_WDI,WB_WDI_EN_GHG_CO2_PC_CE_AR5,CHL,_T,_T,_T,_Z,_Z,_Z,2001,A,T,
3.007476,P1Y,0,,A,PU,_Z,2,,,False,WB_WDI,WB_WDI_EN_GHG_CO2_PC_CE_AR5,CHN,_T,_T,_T,_Z,_Z,_Z,2001,A,T,
1.587375,P1Y,0,,A,PU,_Z,2,,,False,WB_WDI,WB_WDI_EN_GHG_CO2_PC_CE_AR5,COL,_T,_T,_T,_Z,_Z,_Z,2001,A,T,
0.177442,P1Y,0,,A,PU,_Z,2,,,False,WB_WDI,WB_WDI_EN_GHG_CO2_PC_CE_AR5,COM,_T,_T,_T,_Z,_Z,_Z,2001,A,T,
0.035011,P1Y,0,,A,PU,_Z,2,,,False,WB_WDI,WB_WDI_EN_GHG_CO2_PC_CE_AR5,COD,_T,_T,_T,_Z,_Z,_Z,2001,A,T,
1.344186,P1Y,0,,A,PU,_Z,2,,,False,WB_WDI,WB_WDI_EN_GHG_CO2_PC_CE_AR5,COG,_T,_T,_T,_Z,_Z,_Z,2001,A,T,
1.379963,P1Y,0,,A,PU,_Z,2,,,False,WB_WDI,WB_WDI_EN_GHG_CO2_PC_CE_AR5,CRI,_T,_T,_T,_Z,_Z,_Z,2001,A,T,
0.384346,P1Y,0,,A,PU,_Z,2,,,False,WB_WDI,WB_WDI_EN_GHG_CO2_PC_CE_AR5,CIV,_T,_T,_T,_Z,_Z,_Z,2001,A,T,
4.777933,P1Y,0,,A,PU,_Z,2,,,False,WB_WDI,WB_WDI_EN_GHG_CO2_PC_CE_AR5,HRV,_T,_T,_T,_Z,_Z,_Z,2001,A,T,
2.496677,P1Y,0,,A,PU,_Z,2,,,False,WB_WDI,WB_WDI_EN_GHG_CO2_PC_CE_AR5,CUB,_T,_T,_T,_Z,_Z,_Z,2001,A,T,
7.258898,P1Y,0,,A,PU,_Z,2,,,False,WB_WDI,WB_WDI_EN_GHG_CO2_PC_CE_AR5,CYP,_T,_T,_T,_Z,_Z,_Z,2001,A,T,
12.942382,P1Y,0,,A,PU,_Z,2,,,False,WB_WDI,WB_WDI_EN_GHG_CO2_PC_CE_AR5,CZE,_T,_T,_T,_Z,_Z,_Z,2001,A,T,
4.121221,P1Y,0,,A,PU,_Z,2,,,False,WB_WDI,WB_WDI_EN_GHG_CO2_PC_CE_AR5,MEX,_T,_T,_T,_Z,_Z,_Z,2009,A,T,
0.001853,P1Y,0,,A,PU,_Z,2,,,False,WB_WDI,WB_WDI_EN_GHG_CO2_PC_CE_AR5,FSM,_T,_T,_T,_Z,_Z,_Z,2009,A,T,
2.725103,P1Y,0,,A,PU,_Z,2,,,False,WB_WDI,WB_WDI_EN_GHG_CO2_PC_CE_AR5,MDA,_T,_T,_T,_Z,_Z,_Z,2009,A,T,
5.17581,P1Y,0,,A,PU,_Z,2,,,False,WB_WDI,WB_WDI_EN_GHG_CO2_PC_CE_AR5,MNG,_T,_T,_T,_Z,_Z,_Z,2009,A,T,
1.528377,P1Y,0,,A,PU,_Z,2,,,False,WB_WDI,WB_WDI_EN_GHG_CO2_PC_CE_AR5,MAR,_T,_T,_T,_Z,_Z,_Z,2009,A,T,
0.151976,P1Y,0,,A,PU,_Z,2,,,False,WB_WDI,WB_WDI_EN_GHG_CO2_PC_CE_AR5,MOZ,_T,_T,_T,_Z,_Z,_Z,2009,A,T,
0.160062,P1Y,0,,A,PU,_Z,2,,,False,WB_WDI,WB_WDI_EN_GHG_CO2_PC_CE_AR5,MMR,_T,_T,_T,_Z,_Z,_Z,2009,A,T,
1.470833,P1Y,0,,A,PU,_Z,2,,,False,WB_WDI,WB_WDI_EN_GHG_CO2_PC_CE_AR5,NAM,_T,_T,_T,_Z,_Z,_Z,2009,A,T,
0,P1Y,0,,A,PU,_Z,2,,,False,WB_WDI,WB_WDI_EN_GHG_CO2_PC_CE_AR5,NRU,_T,_T,_T,_Z,_Z,_Z,2009,A,T,
0.14956,P1Y,0,,A,PU,_Z,2,,,False,WB_WDI,WB_WDI_EN_GHG_CO2_PC_CE_AR5,NPL,_T,_T,_T,_Z,_Z,_Z,2009,A,T,
4.513094,P1Y,0,,A,PU,_Z,2,,,False,WB_WDI,WB_WDI_EN_GHG_CO2_PC_CE_AR5,LTU,_T,_T,_T,_Z,_Z,_Z,2013,A,T,
18.999558,P1Y,0,,A,PU,_Z,2,,,False,WB_WDI,WB_WDI_EN_GHG_CO2_PC_CE_AR5,LUX,_T,_T,_T,_Z,_Z,_Z,2013,A,T,
3.066734,P1Y,0,,A,PU,_Z,2,,,False,WB_WDI,WB_WDI_EN_GHG_CO2_PC_CE_AR5,MAC,_T,_T,_T,_Z,_Z,_Z,2013,A,T,
0.126491,P1Y,0,,A,PU,_Z,2,,,False,WB_WDI,WB_WDI_EN_GHG_CO2_PC_CE_AR5,MDG,_T,_T,_T,_Z,_Z,_Z,2013,A,T,
0.3108,P1Y,0,,A,PU,_Z,2,,,False,WB_WDI,WB_WDI_EN_GHG_CO2_PC_CE_AR5,MWI,_T,_T,_T,_Z,_Z,_Z,2013,A,T,
7.859525,P1Y,0,,A,PU,_Z,2,,,False,WB_WDI,WB_WDI_EN_GHG_CO2_PC_CE_AR5,MYS,_T,_T,_T,_Z,_Z,_Z,2013,A,T,
4.052541,P1Y,0,,A,PU,_Z,2,,,False,WB_WDI,WB_WDI_EN_GHG_CO2_PC_CE_AR5,MDV,_T,_T,_T,_Z,_Z,_Z,2013,A,T,
0.157002,P1Y,0,,A,PU,_Z,2,,,False,WB_WDI,WB_WDI_EN_GHG_CO2_PC_CE_AR5,MLI,_T,_T,_T,_Z,_Z,_Z,2013,A,T,
5.60886,P1Y,0,,A,PU,_Z,2,,,False,WB_WDI,WB_WDI_EN_GHG_CO2_PC_CE_AR5,MLT,_T,_T,_T,_Z,_Z,_Z,2013,A,T,
0.001973,P1Y,0,,A,PU,_Z,2,,,False,WB_WDI,WB_WDI_EN_GHG_CO2_PC_CE_AR5,MHL,_T,_T,_T,_Z,_Z,_Z,2013,A,T,
0.620006,P1Y,0,,A,PU,_Z,2,,,False,WB_WDI,WB_WDI_EN_GHG_CO2_PC_CE_AR5,MRT,_T,_T,_T,_Z,_Z,_Z,2013,A,T,
0.669756,P1Y,0,,A,PU,_Z,2,,,False,WB_WDI,WB_WDI_EN_GHG_CO2_PC_CE_AR5,LCA,_T,_T,_T,_Z,_Z,_Z,2004,A,T,
0.569859,P1Y,0,,A,PU,_Z,2,,,False,WB_WDI,WB_WDI_EN_GHG_CO2_PC_CE_AR5,VCT,_T,_T,_T,_Z,_Z,_Z,2004,A,T,
0.302186,P1Y,0,,A,PU,_Z,2,,,False,WB_WDI,WB_WDI_EN_GHG_CO2_PC_CE_AR5,SDN,_T,_T,_T,_Z,_Z,_Z,2004,A,T,
2.712274,P1Y,0,,A,PU,_Z,2,,,False,WB_WDI,WB_WDI_EN_GHG_CO2_PC_CE_AR5,SUR,_T,_T,_T,_Z,_Z,_Z,2004,A,T,
6.456363,P1Y,0,,A,PU,_Z,2,,,False,WB_WDI,WB_WDI_EN_GHG_CO2_PC_CE_AR5,SWE,_T,_T,_T,_Z,_Z,_Z,2004,A,T,
6.279466,P1Y,0,,A,PU,_Z,2,,,False,WB_WDI,WB_WDI_EN_GHG_CO2_PC_CE_AR5,CHE,_T,_T,_T,_Z,_Z,_Z,2004,A,T,
2.61941,P1Y,0,,A,PU,_Z,2,,,False,WB_WDI,WB_WDI_EN_GHG_CO2_PC_CE_AR5,SYR,_T,_T,_T,_Z,_Z,_Z,2004,A,T,
0.493642,P1Y,0,,A,PU,_Z,2,,,False,WB_WDI,WB_WDI_EN_GHG_CO2_PC_CE_AR5,TJK,_T,_T,_T,_Z,_Z,_Z,2004,A,T,
0.142838,P1Y,0,,A,PU,_Z,2,,,False,WB_WDI,WB_WDI_EN_GHG_CO2_PC_CE_AR5,TZA,_T,_T,_T,_Z,_Z,_Z,2004,A,T,
3.378698,P1Y,0,,A,PU,_Z,2,,,False,WB_WDI,WB_WDI_EN_GHG_CO2_PC_CE_AR5,THA,_T,_T,_T,_Z,_Z,_Z,2004,A,T,
0.555176,P1Y,0,,A,PU,_Z,2,,,False,WB_WDI,WB_WDI_EN_GHG_CO2_PC_CE_AR5,TLS,_T,_T,_T,_Z,_Z,_Z,2004,A,T,
0.26092,P1Y,0,,A,PU,_Z,2,,,False,WB_WDI,WB_WDI_EN_GHG_CO2_PC_CE_AR5,TGO,_T,_T,_T,_Z,_Z,_Z,2004,A,T,
0.20076,P1Y,0,,A,PU,_Z,2,,,False,WB_WDI,WB_WDI_EN_GHG_CO2_PC_CE_AR5,GIN,_T,_T,_T,_Z,_Z,_Z,2007,A,T,
0.211787,P1Y,0,,A,PU,_Z,2,,,False,WB_WDI,WB_WDI_EN_GHG_CO2_PC_CE_AR5,GNB,_T,_T,_T,_Z,_Z,_Z,2007,A,T,
2.123243,P1Y,0,,A,PU,_Z,2,,,False,WB_WDI,WB_WDI_EN_GHG_CO2_PC_CE_AR5,GUY,_T,_T,_T,_Z,_Z,_Z,2007,A,T,
0.232981,P1Y,0,,A,PU,_Z,2,,,False,WB_WDI,WB_WDI_EN_GHG_CO2_PC_CE_AR5,HTI,_T,_T,_T,_Z,_Z,_Z,2007,A,T,
1.106219,P1Y,0,,A,PU,_Z,2,,,False,WB_WDI,WB_WDI_EN_GHG_CO2_PC_CE_AR5,HND,_T,_T,_T,_Z,_Z,_Z,2007,A,T,
6.424114,P1Y,0,,A,PU,_Z,2,,,False,WB_WDI,WB_WDI_EN_GHG_CO2_PC_CE_AR5,HKG,_T,_T,_T,_Z,_Z,_Z,2007,A,T,
5.881702,P1Y,0,,A,PU,_Z,2,,,False,WB_WDI,WB_WDI_EN_GHG_CO2_PC_CE_AR5,HUN,_T,_T,_T,_Z,_Z,_Z,2007,A,T,
11.153656,P1Y,0,,A,PU,_Z,2,,,False,WB_WDI,WB_WDI_EN_GHG_CO2_PC_CE_AR5,ISL,_T,_T,_T,_Z,_Z,_Z,2007,A,T,
1.188624,P1Y,0,,A,PU,_Z,2,,,False,WB_WDI,WB_WDI_EN_GHG_CO2_PC_CE_AR5,IND,_T,_T,_T,_Z,_Z,_Z,2007,A,T,
1.694885,P1Y,0,,A,PU,_Z,2,,,False,WB_WDI,WB_WDI_EN_GHG_CO2_PC_CE_AR5,IDN,_T,_T,_T,_Z,_Z,_Z,2007,A,T,
7.21865,P1Y,0,,A,PU,_Z,2,,,False,WB_WDI,WB_WDI_EN_GHG_CO2_PC_CE_AR5,IRN,_T,_T,_T,_Z,_Z,_Z,2007,A,T,
6.68352,P1Y,0,,A,PU,_Z,2,,,False,WB_WDI,WB_WDI_EN_GHG_CO2_PC_CE_AR5,CEB,_T,_T,_T,_Z,_Z,_Z,2014,A,T,
2.271801,P1Y,0,,A,PU,_Z,2,,,False,WB_WDI,WB_WDI_EN_GHG_CO2_PC_CE_AR5,EAR,_T,_T,_T,_Z,_Z,_Z,2014,A,T,
6.522251,P1Y,0,,A,PU,_Z,2,,,False,WB_WDI,WB_WDI_EN_GHG_CO2_PC_CE_AR5,EAS,_T,_T,_T,_Z,_Z,_Z,2014,A,T,
6.024466,P1Y,0,,A,PU,_Z,2,,,False,WB_WDI,WB_WDI_EN_GHG_CO2_PC_CE_AR5,EAP,_T,_T,_T,_Z,_Z,_Z,2014,A,T,
6.080455,P1Y,0,,A,PU,_Z,2,,,False,WB_WDI,WB_WDI_EN_GHG_CO2_PC_CE_AR5,TEA,_T,_T,_T,_Z,_Z,_Z,2014,A,T,
6.897471,P1Y,0,,A,PU,_Z,2,,,False,WB_WDI,WB_WDI_EN_GHG_CO2_PC_CE_AR5,EMU,_T,_T,_T,_Z,_Z,_Z,2014,A,T,
7.272175,P1Y,0,,A,PU,_Z,2,,,False,WB_WDI,WB_WDI_EN_GHG_CO2_PC_CE_AR5,ECS,_T,_T,_T,_Z,_Z,_Z,2014,A,T,
5.276855,P1Y,0,,A,PU,_Z,2,,,False,WB_WDI,WB_WDI_EN_GHG_CO2_PC_CE_AR5,ECA,_T,_T,_T,_Z,_Z,_Z,2014,A,T,
7.699536,P1Y,0,,A,PU,_Z,2,,,False,WB_WDI,WB_WDI_EN_GHG_CO2_PC_CE_AR5,TEC,_T,_T,_T,_Z,_Z,_Z,2014,A,T,
6.822686,P1Y,0,,A,PU,_Z,2,,,False,WB_WDI,WB_WDI_EN_GHG_CO2_PC_CE_AR5,EUU,_T,_T,_T,_Z,_Z,_Z,2014,A,T,
0.270848,P1Y,0,,A,PU,_Z,2,,,False,WB_WDI,WB_WDI_EN_GHG_CO2_PC_CE_AR5,HPC,_T,_T,_T,_Z,_Z,_Z,2014,A,T,
11.169838,P1Y,0,,A,PU,_Z,2,,,False,WB_WDI,WB_WDI_EN_GHG_CO2_PC_CE_AR5,HIC,_T,_T,_T,_Z,_Z,_Z,2014,A,T,
4.638887,P1Y,0,,A,PU,_Z,2,,,False,WB_WDI,WB_WDI_EN_GHG_CO2_PC_CE_AR5,IBD,_T,_T,_T,_Z,_Z,_Z,2014,A,T,
1.108703,P1Y,0,,A,PU,_Z,2,,,False,WB_WDI,WB_WDI_EN_GHG_CO2_PC_CE_AR5,AFE,_T,_T,_T,_Z,_Z,_Z,2009,A,T,
0.41642,P1Y,0,,A,PU,_Z,2,,,False,WB_WDI,WB_WDI_EN_GHG_CO2_PC_CE_AR5,AFW,_T,_T,_T,_Z,_Z,_Z,2009,A,T,
4.37658,P1Y,0,,A,PU,_Z,2,,,False,WB_WDI,WB_WDI_EN_GHG_CO2_PC_CE_AR5,ARB,_T,_T,_T,_Z,_Z,_Z,2009,A,T,
10.481881,P1Y,0,,A,PU,_Z,2,,,False,WB_WDI,WB_WDI_EN_GHG_CO2_PC_CE_AR5,CSS,_T,_T,_T,_Z,_Z,_Z,2009,A,T,
6.958094,P1Y,0,,A,PU,_Z,2,,,False,WB_WDI,WB_WDI_EN_GHG_CO2_PC_CE_AR5,CEB,_T,_T,_T,_Z,_Z,_Z,2009,A,T,
2.020766,P1Y,0,,A,PU,_Z,2,,,False,WB_WDI,WB_WDI_EN_GHG_CO2_PC_CE_AR5,EAR,_T,_T,_T,_Z,_Z,_Z,2009,A,T,
5.399669,P1Y,0,,A,PU,_Z,2,,,False,WB_WDI,WB_WDI_EN_GHG_CO2_PC_CE_AR5,EAS,_T,_T,_T,_Z,_Z,_Z,2009,A,T,
4.843285,P1Y,0,,A,PU,_Z,2,,,False,WB_WDI,WB_WDI_EN_GHG_CO2_PC_CE_AR5,EAP,_T,_T,_T,_Z,_Z,_Z,2009,A,T,
4.869579,P1Y,0,,A,PU,_Z,2,,,False,WB_WDI,WB_WDI_EN_GHG_CO2_PC_CE_AR5,TEA,_T,_T,_T,_Z,_Z,_Z,2009,A,T,
7.588126,P1Y,0,,A,PU,_Z,2,,,False,WB_WDI,WB_WDI_EN_GHG_CO2_PC_CE_AR5,EMU,_T,_T,_T,_Z,_Z,_Z,2009,A,T,
7.622895,P1Y,0,,A,PU,_Z,2,,,False,WB_WDI,WB_WDI_EN_GHG_CO2_PC_CE_AR5,ECS,_T,_T,_T,_Z,_Z,_Z,2009,A,T,
5.266231,P1Y,0,,A,PU,_Z,2,,,False,WB_WDI,WB_WDI_EN_GHG_CO2_PC_CE_AR5,ECA,_T,_T,_T,_Z,_Z,_Z,2009,A,T,
7.595834,P1Y,0,,A,PU,_Z,2,,,False,WB_WDI,WB_WDI_EN_GHG_CO2_PC_CE_AR5,TEC,_T,_T,_T,_Z,_Z,_Z,2009,A,T,
7.479362,P1Y,0,,A,PU,_Z,2,,,False,WB_WDI,WB_WDI_EN_GHG_CO2_PC_CE_AR5,EUU,_T,_T,_T,_Z,_Z,_Z,2009,A,T,
5.128692,P1Y,0,,A,PU,_Z,2,,,False,WB_WDI,WB_WDI_EN_GHG_CO2_PC_CE_AR5,SWE,_T,_T,_T,_Z,_Z,_Z,2011,A,T,
5.344461,P1Y,0,,A,PU,_Z,2,,,False,WB_WDI,WB_WDI_EN_GHG_CO2_PC_CE_AR5,CHE,_T,_T,_T,_Z,_Z,_Z,2011,A,T,
2.562193,P1Y,0,,A,PU,_Z,2,,,False,WB_WDI,WB_WDI_EN_GHG_CO2_PC_CE_AR5,SYR,_T,_T,_T,_Z,_Z,_Z,2011,A,T,
0.393928,P1Y,0,,A,PU,_Z,2,,,False,WB_WDI,WB_WDI_EN_GHG_CO2_PC_CE_AR5,TJK,_T,_T,_T,_Z,_Z,_Z,2011,A,T,
0.193059,P1Y,0,,A,PU,_Z,2,,,False,WB_WDI,WB_WDI_EN_GHG_CO2_PC_CE_AR5,TZA,_T,_T,_T,_Z,_Z,_Z,2011,A,T,
3.575658,P1Y,0,,A,PU,_Z,2,,,False,WB_WDI,WB_WDI_EN_GHG_CO2_PC_CE_AR5,THA,_T,_T,_T,_Z,_Z,_Z,2011,A,T,
0.333992,P1Y,0,,A,PU,_Z,2,,,False,WB_WDI,WB_WDI_EN_GHG_CO2_PC_CE_AR5,TLS,_T,_T,_T,_Z,_Z,_Z,2011,A,T,
0.356445,P1Y,0,,A,PU,_Z,2,,,False,WB_WDI,WB_WDI_EN_GHG_CO2_PC_CE_AR5,TGO,_T,_T,_T,_Z,_Z,_Z,2011,A,T,
1.115553,P1Y,0,,A,PU,_Z,2,,,False,WB_WDI,WB_WDI_EN_GHG_CO2_PC_CE_AR5,TON,_T,_T,_T,_Z,_Z,_Z,2011,A,T,
31.066046,P1Y,0,,A,PU,_Z,2,,,False,WB_WDI,WB_WDI_EN_GHG_CO2_PC_CE_AR5,TTO,_T,_T,_T,_Z,_Z,_Z,2011,A,T,
2.412623,P1Y,0,,A,PU,_Z,2,,,False,WB_WDI,WB_WDI_EN_GHG_CO2_PC_CE_AR5,TUN,_T,_T,_T,_Z,_Z,_Z,2011,A,T,
7.094799,P1Y,0,,A,PU,_Z,2,,,False,WB_WDI,WB_WDI_EN_GHG_CO2_PC_CE_AR5,FIN,_T,_T,_T,_Z,_Z,_Z,2021,A,T,
4.668209,P1Y,0,,A,PU,_Z,2,,,False,WB_WDI,WB_WDI_EN_GHG_CO2_PC_CE_AR5,FRA,_T,_T,_T,_Z,_Z,_Z,2021,A,T,
2.287414,P1Y,0,,A,PU,_Z,2,,,False,WB_WDI,WB_WDI_EN_GHG_CO2_PC_CE_AR5,PYF,_T,_T,_T,_Z,_Z,_Z,2021,A,T,
2.257184,P1Y,0,,A,PU,_Z,2,,,False,WB_WDI,WB_WDI_EN_GHG_CO2_PC_CE_AR5,GAB,_T,_T,_T,_Z,_Z,_Z,2021,A,T,
0.185403,P1Y,0,,A,PU,_Z,2,,,False,WB_WDI,WB_WDI_EN_GHG_CO2_PC_CE_AR5,GMB,_T,_T,_T,_Z,_Z,_Z,2021,A,T,
3.328255,P1Y,0,,A,PU,_Z,2,,,False,WB_WDI,WB_WDI_EN_GHG_CO2_PC_CE_AR5,GEO,_T,_T,_T,_Z,_Z,_Z,2021,A,T,
8.061281,P1Y,0,,A,PU,_Z,2,,,False,WB_WDI,WB_WDI_EN_GHG_CO2_PC_CE_AR5,DEU,_T,_T,_T,_Z,_Z,_Z,2021,A,T,
0.753155,P1Y,0,,A,PU,_Z,2,,,False,WB_WDI,WB_WDI_EN_GHG_CO2_PC_CE_AR5,GHA,_T,_T,_T,_Z,_Z,_Z,2021,A,T,
17.407347,P1Y,0,,A,PU,_Z,2,,,False,WB_WDI,WB_WDI_EN_GHG_CO2_PC_CE_AR5,GIB,_T,_T,_T,_Z,_Z,_Z,2021,A,T,
5.081782,P1Y,0,,A,PU,_Z,2,,,False,WB_WDI,WB_WDI_EN_GHG_CO2_PC_CE_AR5,GRC,_T,_T,_T,_Z,_Z,_Z,2021,A,T,
9.679982,P1Y,0,,A,PU,_Z,2,,,False,WB_WDI,WB_WDI_EN_GHG_CO2_PC_CE_AR5,GRL,_T,_T,_T,_Z,_Z,_Z,2021,A,T,
1.378034,P1Y,0,,A,PU,_Z,2,,,False,WB_WDI,WB_WDI_EN_GHG_CO2_PC_CE_AR5,GRD,_T,_T,_T,_Z,_Z,_Z,2021,A,T,
0.001832,P1Y,0,,A,PU,_Z,2,,,False,WB_WDI,WB_WDI_EN_GHG_CO2_PC_CE_AR5,GUM,_T,_T,_T,_Z,_Z,_Z,2021,A,T,
1.148082,P1Y,0,,A,PU,_Z,2,,,False,WB_WDI,WB_WDI_EN_GHG_CO2_PC_CE_AR5,GTM,_T,_T,_T,_Z,_Z,_Z,2021,A,T,
2.37408,P1Y,0,,A,PU,_Z,2,,,False,WB_WDI,WB_WDI_EN_GHG_CO2_PC_CE_AR5,EGY,_T,_T,_T,_Z,_Z,_Z,2010,A,T,
1.108178,P1Y,0,,A,PU,_Z,2,,,False,WB_WDI,WB_WDI_EN_GHG_CO2_PC_CE_AR5,SLV,_T,_T,_T,_Z,_Z,_Z,2010,A,T,
4.806973,P1Y,0,,A,PU,_Z,2,,,False,WB_WDI,WB_WDI_EN_GHG_CO2_PC_CE_AR5,GNQ,_T,_T,_T,_Z,_Z,_Z,2010,A,T,
0.175473,P1Y,0,,A,PU,_Z,2,,,False,WB_WDI,WB_WDI_EN_GHG_CO2_PC_CE_AR5,ERI,_T,_T,_T,_Z,_Z,_Z,2010,A,T,
16.684955,P1Y,0,,A,PU,_Z,2,,,False,WB_WDI,WB_WDI_EN_GHG_CO2_PC_CE_AR5,EST,_T,_T,_T,_Z,_Z,_Z,2010,A,T,
0.769667,P1Y,0,,A,PU,_Z,2,,,False,WB_WDI,WB_WDI_EN_GHG_CO2_PC_CE_AR5,SWZ,_T,_T,_T,_Z,_Z,_Z,2010,A,T,
0.076002,P1Y,0,,A,PU,_Z,2,,,False,WB_WDI,WB_WDI_EN_GHG_CO2_PC_CE_AR5,ETH,_T,_T,_T,_Z,_Z,_Z,2010,A,T,
0.041105,P1Y,0,,A,PU,_Z,2,,,False,WB_WDI,WB_WDI_EN_GHG_CO2_PC_CE_AR5,FRO,_T,_T,_T,_Z,_Z,_Z,2010,A,T,
1.863428,P1Y,0,,A,PU,_Z,2,,,False,WB_WDI,WB_WDI_EN_GHG_CO2_PC_CE_AR5,FJI,_T,_T,_T,_Z,_Z,_Z,2010,A,T,
12.277192,P1Y,0,,A,PU,_Z,2,,,False,WB_WDI,WB_WDI_EN_GHG_CO2_PC_CE_AR5,FIN,_T,_T,_T,_Z,_Z,_Z,2010,A,T,
5.801948,P1Y,0,,A,PU,_Z,2,,,False,WB_WDI,WB_WDI_EN_GHG_CO2_PC_CE_AR5,FRA,_T,_T,_T,_Z,_Z,_Z,2010,A,T,
131.081978,P1Y,0,,A,PU,_Z,2,,,False,WB_WDI,WB_WDI_EN_GHG_CO2_PC_CE_AR5,PLW,_T,_T,_T,_Z,_Z,_Z,2011,A,T,
2.706806,P1Y,0,,A,PU,_Z,2,,,False,WB_WDI,WB_WDI_EN_GHG_CO2_PC_CE_AR5,PAN,_T,_T,_T,_Z,_Z,_Z,2011,A,T,
0.568648,P1Y,0,,A,PU,_Z,2,,,False,WB_WDI,WB_WDI_EN_GHG_CO2_PC_CE_AR5,PNG,_T,_T,_T,_Z,_Z,_Z,2011,A,T,
0.937464,P1Y,0,,A,PU,_Z,2,,,False,WB_WDI,WB_WDI_EN_GHG_CO2_PC_CE_AR5,PRY,_T,_T,_T,_Z,_Z,_Z,2011,A,T,
1.67824,P1Y,0,,A,PU,_Z,2,,,False,WB_WDI,WB_WDI_EN_GHG_CO2_PC_CE_AR5,PER,_T,_T,_T,_Z,_Z,_Z,2011,A,T,
0.860954,P1Y,0,,A,PU,_Z,2,,,False,WB_WDI,WB_WDI_EN_GHG_CO2_PC_CE_AR5,PHL,_T,_T,_T,_Z,_Z,_Z,2011,A,T,
8.589342,P1Y,0,,A,PU,_Z,2,,,False,WB_WDI,WB_WDI_EN_GHG_CO2_PC_CE_AR5,POL,_T,_T,_T,_Z,_Z,_Z,2011,A,T,
4.868331,P1Y,0,,A,PU,_Z,2,,,False,WB_WDI,WB_WDI_EN_GHG_CO2_PC_CE_AR5,PRT,_T,_T,_T,_Z,_Z,_Z,2011,A,T,
3.158904,P1Y,0,,A,PU,_Z,2,,,False,WB_WDI,WB_WDI_EN_GHG_CO2_PC_CE_AR5,PRI,_T,_T,_T,_Z,_Z,_Z,2011,A,T,
51.198115,P1Y,0,,A,PU,_Z,2,,,False,WB_WDI,WB_WDI_EN_GHG_CO2_PC_CE_AR5,QAT,_T,_T,_T,_Z,_Z,_Z,2011,A,T,
4.458061,P1Y,0,,A,PU,_Z,2,,,False,WB_WDI,WB_WDI_EN_GHG_CO2_PC_CE_AR5,ROU,_T,_T,_T,_Z,_Z,_Z,2011,A,T,
17.340592,P1Y,0,,A,PU,_Z,2,,,False,WB_WDI,WB_WDI_EN_GHG_CO2_PC_CE_AR5,SAU,_T,_T,_T,_Z,_Z,_Z,2007,A,T,
0.528404,P1Y,0,,A,PU,_Z,2,,,False,WB_WDI,WB_WDI_EN_GHG_CO2_PC_CE_AR5,SEN,_T,_T,_T,_Z,_Z,_Z,2007,A,T,
10.201922,P1Y,0,,A,PU,_Z,2,,,False,WB_WDI,WB_WDI_EN_GHG_CO2_PC_CE_AR5,SYC,_T,_T,_T,_Z,_Z,_Z,2007,A,T,
0.116048,P1Y,0,,A,PU,_Z,2,,,False,WB_WDI,WB_WDI_EN_GHG_CO2_PC_CE_AR5,SLE,_T,_T,_T,_Z,_Z,_Z,2007,A,T,
9.449137,P1Y,0,,A,PU,_Z,2,,,False,WB_WDI,WB_WDI_EN_GHG_CO2_PC_CE_AR5,SGP,_T,_T,_T,_Z,_Z,_Z,2007,A,T,
7.690773,P1Y,0,,A,PU,_Z,2,,,False,WB_WDI,WB_WDI_EN_GHG_CO2_PC_CE_AR5,SVK,_T,_T,_T,_Z,_Z,_Z,2007,A,T,
8.887223,P1Y,0,,A,PU,_Z,2,,,False,WB_WDI,WB_WDI_EN_GHG_CO2_PC_CE_AR5,SVN,_T,_T,_T,_Z,_Z,_Z,2007,A,T,
0.647198,P1Y,0,,A,PU,_Z,2,,,False,WB_WDI,WB_WDI_EN_GHG_CO2_PC_CE_AR5,SLB,_T,_T,_T,_Z,_Z,_Z,2007,A,T,
0.069737,P1Y,0,,A,PU,_Z,2,,,False,WB_WDI,WB_WDI_EN_GHG_CO2_PC_CE_AR5,SOM,_T,_T,_T,_Z,_Z,_Z,2007,A,T,
9.10281,P1Y,0,,A,PU,_Z,2,,,False,WB_WDI,WB_WDI_EN_GHG_CO2_PC_CE_AR5,ZAF,_T,_T,_T,_Z,_Z,_Z,2007,A,T,
8.214324,P1Y,0,,A,PU,_Z,2,,,False,WB_WDI,WB_WDI_EN_GHG_CO2_PC_CE_AR5,ESP,_T,_T,_T,_Z,_Z,_Z,2007,A,T,
5.818875,P1Y,0,,A,PU,_Z,2,,,False,WB_WDI,WB_WDI_EN_GHG_CO2_PC_CE_AR5,DNK,_T,_T,_T,_Z,_Z,_Z,2017,A,T,
0.641424,P1Y,0,,A,PU,_Z,2,,,False,WB_WDI,WB_WDI_EN_GHG_CO2_PC_CE_AR5,DJI,_T,_T,_T,_Z,_Z,_Z,2017,A,T,
1.010278,P1Y,0,,A,PU,_Z,2,,,False,WB_WDI,WB_WDI_EN_GHG_CO2_PC_CE_AR5,DMA,_T,_T,_T,_Z,_Z,_Z,2017,A,T,
2.230154,P1Y,0,,A,PU,_Z,2,,,False,WB_WDI,WB_WDI_EN_GHG_CO2_PC_CE_AR5,DOM,_T,_T,_T,_Z,_Z,_Z,2017,A,T,
2.449838,P1Y,0,,A,PU,_Z,2,,,False,WB_WDI,WB_WDI_EN_GHG_CO2_PC_CE_AR5,ECU,_T,_T,_T,_Z,_Z,_Z,2017,A,T,
2.523786,P1Y,0,,A,PU,_Z,2,,,False,WB_WDI,WB_WDI_EN_GHG_CO2_PC_CE_AR5,EGY,_T,_T,_T,_Z,_Z,_Z,2017,A,T,
1.067364,P1Y,0,,A,PU,_Z,2,,,False,WB_WDI,WB_WDI_EN_GHG_CO2_PC_CE_AR5,SLV,_T,_T,_T,_Z,_Z,_Z,2017,A,T,
3.127888,P1Y,0,,A,PU,_Z,2,,,False,WB_WDI,WB_WDI_EN_GHG_CO2_PC_CE_AR5,GNQ,_T,_T,_T,_Z,_Z,_Z,2017,A,T,
0.186043,P1Y,0,,A,PU,_Z,2,,,False,WB_WDI,WB_WDI_EN_GHG_CO2_PC_CE_AR5,ERI,_T,_T,_T,_Z,_Z,_Z,2017,A,T,
16.672967,P1Y,0,,A,PU,_Z,2,,,False,WB_WDI,WB_WDI_EN_GHG_CO2_PC_CE_AR5,EST,_T,_T,_T,_Z,_Z,_Z,2017,A,T,
0.916771,P1Y,0,,A,PU,_Z,2,,,False,WB_WDI,WB_WDI_EN_GHG_CO2_PC_CE_AR5,SWZ,_T,_T,_T,_Z,_Z,_Z,2017,A,T,
5.353592,P1Y,0,,A,PU,_Z,2,,,False,WB_WDI,WB_WDI_EN_GHG_CO2_PC_CE_AR5,PRT,_T,_T,_T,_Z,_Z,_Z,2017,A,T,
3.409662,P1Y,0,,A,PU,_Z,2,,,False,WB_WDI,WB_WDI_EN_GHG_CO2_PC_CE_AR5,PRI,_T,_T,_T,_Z,_Z,_Z,2017,A,T,
44.820804,P1Y,0,,A,PU,_Z,2,,,False,WB_WDI,WB_WDI_EN_GHG_CO2_PC_CE_AR5,QAT,_T,_T,_T,_Z,_Z,_Z,2017,A,T,
4.175787,P1Y,0,,A,PU,_Z,2,,,False,WB_WDI,WB_WDI_EN_GHG_CO2_PC_CE_AR5,ROU,_T,_T,_T,_Z,_Z,_Z,2017,A,T,
12.135732,P1Y,0,,A,PU,_Z,2,,,False,WB_WDI,WB_WDI_EN_GHG_CO2_PC_CE_AR5,RUS,_T,_T,_T,_Z,_Z,_Z,2017,A,T,
0.107482,P1Y,0,,A,PU,_Z,2,,,False,WB_WDI,WB_WDI_EN_GHG_CO2_PC_CE_AR5,RWA,_T,_T,_T,_Z,_Z,_Z,2017,A,T,
1.540783,P1Y,0,,A,PU,_Z,2,,,False,WB_WDI,WB_WDI_EN_GHG_CO2_PC_CE_AR5,WSM,_T,_T,_T,_Z,_Z,_Z,2017,A,T,
0.720394,P1Y,0,,A,PU,_Z,2,,,False,WB_WDI,WB_WDI_EN_GHG_CO2_PC_CE_AR5,STP,_T,_T,_T,_Z,_Z,_Z,2017,A,T,
19.476469,P1Y,0,,A,PU,_Z,2,,,False,WB_WDI,WB_WDI_EN_GHG_CO2_PC_CE_AR5,SAU,_T,_T,_T,_Z,_Z,_Z,2017,A,T,
0.659315,P1Y,0,,A,PU,_Z,2,,,False,WB_WDI,WB_WDI_EN_GHG_CO2_PC_CE_AR5,SEN,_T,_T,_T,_Z,_Z,_Z,2017,A,T,
0.044924,P1Y,0,,A,PU,_Z,2,,,False,WB_WDI,WB_WDI_EN_GHG_CO2_PC_CE_AR5,COD,_T,_T,_T,_Z,_Z,_Z,2008,A,T,
1.077472,P1Y,0,,A,PU,_Z,2,,,False,WB_WDI,WB_WDI_EN_GHG_CO2_PC_CE_AR5,COG,_T,_T,_T,_Z,_Z,_Z,2008,A,T,
1.718514,P1Y,0,,A,PU,_Z,2,,,False,WB_WDI,WB_WDI_EN_GHG_CO2_PC_CE_AR5,CRI,_T,_T,_T,_Z,_Z,_Z,2008,A,T,
0.321575,P1Y,0,,A,PU,_Z,2,,,False,WB_WDI,WB_WDI_EN_GHG_CO2_PC_CE_AR5,CIV,_T,_T,_T,_Z,_Z,_Z,2008,A,T,
5.41153,P1Y,0,,A,PU,_Z,2,,,False,WB_WDI,WB_WDI_EN_GHG_CO2_PC_CE_AR5,HRV,_T,_T,_T,_Z,_Z,_Z,2008,A,T,
2.361766,P1Y,0,,A,PU,_Z,2,,,False,WB_WDI,WB_WDI_EN_GHG_CO2_PC_CE_AR5,CUB,_T,_T,_T,_Z,_Z,_Z,2008,A,T,
7.785516,P1Y,0,,A,PU,_Z,2,,,False,WB_WDI,WB_WDI_EN_GHG_CO2_PC_CE_AR5,CYP,_T,_T,_T,_Z,_Z,_Z,2008,A,T,
12.14498,P1Y,0,,A,PU,_Z,2,,,False,WB_WDI,WB_WDI_EN_GHG_CO2_PC_CE_AR5,CZE,_T,_T,_T,_Z,_Z,_Z,2008,A,T,
9.21101,P1Y,0,,A,PU,_Z,2,,,False,WB_WDI,WB_WDI_EN_GHG_CO2_PC_CE_AR5,DNK,_T,_T,_T,_Z,_Z,_Z,2008,A,T,
0.903853,P1Y,0,,A,PU,_Z,2,,,False,WB_WDI,WB_WDI_EN_GHG_CO2_PC_CE_AR5,DJI,_T,_T,_T,_Z,_Z,_Z,2008,A,T,
24.320533,P1Y,0,,A,PU,_Z,2,,,False,WB_WDI,WB_WDI_EN_GHG_CO2_PC_CE_AR5,ARE,_T,_T,_T,_Z,_Z,_Z,2015,A,T,
6.389674,P1Y,0,,A,PU,_Z,2,,,False,WB_WDI,WB_WDI_EN_GHG_CO2_PC_CE_AR5,GBR,_T,_T,_T,_Z,_Z,_Z,2015,A,T,
15.950102,P1Y,0,,A,PU,_Z,2,,,False,WB_WDI,WB_WDI_EN_GHG_CO2_PC_CE_AR5,USA,_T,_T,_T,_Z,_Z,_Z,2015,A,T,
2.047228,P1Y,0,,A,PU,_Z,2,,,False,WB_WDI,WB_WDI_EN_GHG_CO2_PC_CE_AR5,URY,_T,_T,_T,_Z,_Z,_Z,2015,A,T,
3.497645,P1Y,0,,A,PU,_Z,2,,,False,WB_WDI,WB_WDI_EN_GHG_CO2_PC_CE_AR5,UZB,_T,_T,_T,_Z,_Z,_Z,2015,A,T,
0.598269,P1Y,0,,A,PU,_Z,2,,,False,WB_WDI,WB_WDI_EN_GHG_CO2_PC_CE_AR5,VUT,_T,_T,_T,_Z,_Z,_Z,2015,A,T,
5.754368,P1Y,0,,A,PU,_Z,2,,,False,WB_WDI,WB_WDI_EN_GHG_CO2_PC_CE_AR5,VEN,_T,_T,_T,_Z,_Z,_Z,2015,A,T,
2.163448,P1Y,0,,A,PU,_Z,2,,,False,WB_WDI,WB_WDI_EN_GHG_CO2_PC_CE_AR5,VNM,_T,_T,_T,_Z,_Z,_Z,2015,A,T,
0.001857,P1Y,0,,A,PU,_Z,2,,,False,WB_WDI,WB_WDI_EN_GHG_CO2_PC_CE_AR5,VIR,_T,_T,_T,_Z,_Z,_Z,2015,A,T,
0.4574,P1Y,0,,A,PU,_Z,2,,,False,WB_WDI,WB_WDI_EN_GHG_CO2_PC_CE_AR5,YEM,_T,_T,_T,_Z,_Z,_Z,2015,A,T,
0.161535,P1Y,0,,A,PU,_Z,2,,,False,WB_WDI,WB_WDI_EN_GHG_CO2_PC_CE_AR5,MLI,_T,_T,_T,_Z,_Z,_Z,2014,A,T,
5.465984,P1Y,0,,A,PU,_Z,2,,,False,WB_WDI,WB_WDI_EN_GHG_CO2_PC_CE_AR5,MLT,_T,_T,_T,_Z,_Z,_Z,2014,A,T,
0.002008,P1Y,0,,A,PU,_Z,2,,,False,WB_WDI,WB_WDI_EN_GHG_CO2_PC_CE_AR5,MHL,_T,_T,_T,_Z,_Z,_Z,2014,A,T,
0.697074,P1Y,0,,A,PU,_Z,2,,,False,WB_WDI,WB_WDI_EN_GHG_CO2_PC_CE_AR5,MRT,_T,_T,_T,_Z,_Z,_Z,2014,A,T,
3.16403,P1Y,0,,A,PU,_Z,2,,,False,WB_WDI,WB_WDI_EN_GHG_CO2_PC_CE_AR5,MUS,_T,_T,_T,_Z,_Z,_Z,2014,A,T,
4.01482,P1Y,0,,A,PU,_Z,2,,,False,WB_WDI,WB_WDI_EN_GHG_CO2_PC_CE_AR5,MEX,_T,_T,_T,_Z,_Z,_Z,2014,A,T,
0.001845,P1Y,0,,A,PU,_Z,2,,,False,WB_WDI,WB_WDI_EN_GHG_CO2_PC_CE_AR5,FSM,_T,_T,_T,_Z,_Z,_Z,2014,A,T,
2.813653,P1Y,0,,A,PU,_Z,2,,,False,WB_WDI,WB_WDI_EN_GHG_CO2_PC_CE_AR5,MDA,_T,_T,_T,_Z,_Z,_Z,2014,A,T,
6.591142,P1Y,0,,A,PU,_Z,2,,,False,WB_WDI,WB_WDI_EN_GHG_CO2_PC_CE_AR5,MNG,_T,_T,_T,_Z,_Z,_Z,2014,A,T,
4.112371,P1Y,0,,A,PU,_Z,2,,,False,WB_WDI,WB_WDI_EN_GHG_CO2_PC_CE_AR5,BIH,_T,_T,_T,_Z,_Z,_Z,2005,A,T,
2.38641,P1Y,0,,A,PU,_Z,2,,,False,WB_WDI,WB_WDI_EN_GHG_CO2_PC_CE_AR5,BWA,_T,_T,_T,_Z,_Z,_Z,2005,A,T,
1.999357,P1Y,0,,A,PU,_Z,2,,,False,WB_WDI,WB_WDI_EN_GHG_CO2_PC_CE_AR5,BRA,_T,_T,_T,_Z,_Z,_Z,2005,A,T,
1.576167,P1Y,0,,A,PU,_Z,2,,,False,WB_WDI,WB_WDI_EN_GHG_CO2_PC_CE_AR5,VGB,_T,_T,_T,_Z,_Z,_Z,2005,A,T,
16.742636,P1Y,0,,A,PU,_Z,2,,,False,WB_WDI,WB_WDI_EN_GHG_CO2_PC_CE_AR5,BRN,_T,_T,_T,_Z,_Z,_Z,2005,A,T,
6.853465,P1Y,0,,A,PU,_Z,2,,,False,WB_WDI,WB_WDI_EN_GHG_CO2_PC_CE_AR5,BGR,_T,_T,_T,_Z,_Z,_Z,2005,A,T,
0.081703,P1Y,0,,A,PU,_Z,2,,,False,WB_WDI,WB_WDI_EN_GHG_CO2_PC_CE_AR5,BFA,_T,_T,_T,_Z,_Z,_Z,2005,A,T,
0.024251,P1Y,0,,A,PU,_Z,2,,,False,WB_WDI,WB_WDI_EN_GHG_CO2_PC_CE_AR5,BDI,_T,_T,_T,_Z,_Z,_Z,2005,A,T,
1.251868,P1Y,0,,A,PU,_Z,2,,,False,WB_WDI,WB_WDI_EN_GHG_CO2_PC_CE_AR5,CPV,_T,_T,_T,_Z,_Z,_Z,2005,A,T,
0.201002,P1Y,0,,A,PU,_Z,2,,,False,WB_WDI,WB_WDI_EN_GHG_CO2_PC_CE_AR5,KHM,_T,_T,_T,_Z,_Z,_Z,2005,A,T,
0.320435,P1Y,0,,A,PU,_Z,2,,,False,WB_WDI,WB_WDI_EN_GHG_CO2_PC_CE_AR5,CMR,_T,_T,_T,_Z,_Z,_Z,2005,A,T,
18.060117,P1Y,0,,A,PU,_Z,2,,,False,WB_WDI,WB_WDI_EN_GHG_CO2_PC_CE_AR5,CAN,_T,_T,_T,_Z,_Z,_Z,2005,A,T,
0.130236,P1Y,0,,A,PU,_Z,2,,,False,WB_WDI,WB_WDI_EN_GHG_CO2_PC_CE_AR5,MOZ,_T,_T,_T,_Z,_Z,_Z,2003,A,T,
0.23482,P1Y,0,,A,PU,_Z,2,,,False,WB_WDI,WB_WDI_EN_GHG_CO2_PC_CE_AR5,MMR,_T,_T,_T,_Z,_Z,_Z,2003,A,T,
1.186567,P1Y,0,,A,PU,_Z,2,,,False,WB_WDI,WB_WDI_EN_GHG_CO2_PC_CE_AR5,NAM,_T,_T,_T,_Z,_Z,_Z,2003,A,T,
0,P1Y,0,,A,PU,_Z,2,,,False,WB_WDI,WB_WDI_EN_GHG_CO2_PC_CE_AR5,NRU,_T,_T,_T,_Z,_Z,_Z,2003,A,T,
0.13189,P1Y,0,,A,PU,_Z,2,,,False,WB_WDI,WB_WDI_EN_GHG_CO2_PC_CE_AR5,NPL,_T,_T,_T,_Z,_Z,_Z,2003,A,T,
11.357884,P1Y,0,,A,PU,_Z,2,,,False,WB_WDI,WB_WDI_EN_GHG_CO2_PC_CE_AR5,NLD,_T,_T,_T,_Z,_Z,_Z,2003,A,T,
11.482267,P1Y,0,,A,PU,_Z,2,,,False,WB_WDI,WB_WDI_EN_GHG_CO2_PC_CE_AR5,NCL,_T,_T,_T,_Z,_Z,_Z,2003,A,T,
8.919895,P1Y,0,,A,PU,_Z,2,,,False,WB_WDI,WB_WDI_EN_GHG_CO2_PC_CE_AR5,NZL,_T,_T,_T,_Z,_Z,_Z,2003,A,T,
0.868784,P1Y,0,,A,PU,_Z,2,,,False,WB_WDI,WB_WDI_EN_GHG_CO2_PC_CE_AR5,NIC,_T,_T,_T,_Z,_Z,_Z,2003,A,T,
0.062265,P1Y,0,,A,PU,_Z,2,,,False,WB_WDI,WB_WDI_EN_GHG_CO2_PC_CE_AR5,NER,_T,_T,_T,_Z,_Z,_Z,2003,A,T,
0.784354,P1Y,0,,A,PU,_Z,2,,,False,WB_WDI,WB_WDI_EN_GHG_CO2_PC_CE_AR5,NGA,_T,_T,_T,_Z,_Z,_Z,2003,A,T,
4.66801,P1Y,0,,A,PU,_Z,2,,,False,WB_WDI,WB_WDI_EN_GHG_CO2_PC_CE_AR5,MKD,_T,_T,_T,_Z,_Z,_Z,2003,A,T,
0.001529,P1Y,0,,A,PU,_Z,2,,,False,WB_WDI,WB_WDI_EN_GHG_CO2_PC_CE_AR5,MNP,_T,_T,_T,_Z,_Z,_Z,2003,A,T,
9.736498,P1Y,0,,A,PU,_Z,2,,,False,WB_WDI,WB_WDI_EN_GHG_CO2_PC_CE_AR5,NOR,_T,_T,_T,_Z,_Z,_Z,2003,A,T,
0.386396,P1Y,0,,A,PU,_Z,2,,,False,WB_WDI,WB_WDI_EN_GHG_CO2_PC_CE_AR5,MMR,_T,_T,_T,_Z,_Z,_Z,2015,A,T,
1.501958,P1Y,0,,A,PU,_Z,2,,,False,WB_WDI,WB_WDI_EN_GHG_CO2_PC_CE_AR5,NAM,_T,_T,_T,_Z,_Z,_Z,2015,A,T,
0,P1Y,0,,A,PU,_Z,2,,,False,WB_WDI,WB_WDI_EN_GHG_CO2_PC_CE_AR5,NRU,_T,_T,_T,_Z,_Z,_Z,2015,A,T,
0.263161,P1Y,0,,A,PU,_Z,2,,,False,WB_WDI,WB_WDI_EN_GHG_CO2_PC_CE_AR5,NPL,_T,_T,_T,_Z,_Z,_Z,2015,A,T,
9.997342,P1Y,0,,A,PU,_Z,2,,,False,WB_WDI,WB_WDI_EN_GHG_CO2_PC_CE_AR5,NLD,_T,_T,_T,_Z,_Z,_Z,2015,A,T,
16.116581,P1Y,0,,A,PU,_Z,2,,,False,WB_WDI,WB_WDI_EN_GHG_CO2_PC_CE_AR5,NCL,_T,_T,_T,_Z,_Z,_Z,2015,A,T,
7.677507,P1Y,0,,A,PU,_Z,2,,,False,WB_WDI,WB_WDI_EN_GHG_CO2_PC_CE_AR5,NZL,_T,_T,_T,_Z,_Z,_Z,2015,A,T,
0.893922,P1Y,0,,A,PU,_Z,2,,,False,WB_WDI,WB_WDI_EN_GHG_CO2_PC_CE_AR5,NIC,_T,_T,_T,_Z,_Z,_Z,2015,A,T,
0.108819,P1Y,0,,A,PU,_Z,2,,,False,WB_WDI,WB_WDI_EN_GHG_CO2_PC_CE_AR5,NER,_T,_T,_T,_Z,_Z,_Z,2015,A,T,
0.621245,P1Y,0,,A,PU,_Z,2,,,False,WB_WDI,WB_WDI_EN_GHG_CO2_PC_CE_AR5,NGA,_T,_T,_T,_Z,_Z,_Z,2015,A,T,
4.148021,P1Y,0,,A,PU,_Z,2,,,False,WB_WDI,WB_WDI_EN_GHG_CO2_PC_CE_AR5,MKD,_T,_T,_T,_Z,_Z,_Z,2015,A,T,
0.001941,P1Y,0,,A,PU,_Z,2,,,False,WB_WDI,WB_WDI_EN_GHG_CO2_PC_CE_AR5,MNP,_T,_T,_T,_Z,_Z,_Z,2015,A,T,
9.242211,P1Y,0,,A,PU,_Z,2,,,False,WB_WDI,WB_WDI_EN_GHG_CO2_PC_CE_AR5,NOR,_T,_T,_T,_Z,_Z,_Z,2015,A,T,
21.395127,P1Y,0,,A,PU,_Z,2,,,False,WB_WDI,WB_WDI_EN_GHG_CO2_PC_CE_AR5,LUX,_T,_T,_T,_Z,_Z,_Z,2011,A,T,
3.072962,P1Y,0,,A,PU,_Z,2,,,False,WB_WDI,WB_WDI_EN_GHG_CO2_PC_CE_AR5,MAC,_T,_T,_T,_Z,_Z,_Z,2011,A,T,
0.100533,P1Y,0,,A,PU,_Z,2,,,False,WB_WDI,WB_WDI_EN_GHG_CO2_PC_CE_AR5,MDG,_T,_T,_T,_Z,_Z,_Z,2011,A,T,
0.375984,P1Y,0,,A,PU,_Z,2,,,False,WB_WDI,WB_WDI_EN_GHG_CO2_PC_CE_AR5,MWI,_T,_T,_T,_Z,_Z,_Z,2011,A,T,
7.484823,P1Y,0,,A,PU,_Z,2,,,False,WB_WDI,WB_WDI_EN_GHG_CO2_PC_CE_AR5,MYS,_T,_T,_T,_Z,_Z,_Z,2011,A,T,
3.062295,P1Y,0,,A,PU,_Z,2,,,False,WB_WDI,WB_WDI_EN_GHG_CO2_PC_CE_AR5,MDV,_T,_T,_T,_Z,_Z,_Z,2011,A,T,
0.131495,P1Y,0,,A,PU,_Z,2,,,False,WB_WDI,WB_WDI_EN_GHG_CO2_PC_CE_AR5,MLI,_T,_T,_T,_Z,_Z,_Z,2011,A,T,
6.202254,P1Y,0,,A,PU,_Z,2,,,False,WB_WDI,WB_WDI_EN_GHG_CO2_PC_CE_AR5,MLT,_T,_T,_T,_Z,_Z,_Z,2011,A,T,
0.001927,P1Y,0,,A,PU,_Z,2,,,False,WB_WDI,WB_WDI_EN_GHG_CO2_PC_CE_AR5,MHL,_T,_T,_T,_Z,_Z,_Z,2011,A,T,
0.646624,P1Y,0,,A,PU,_Z,2,,,False,WB_WDI,WB_WDI_EN_GHG_CO2_PC_CE_AR5,MRT,_T,_T,_T,_Z,_Z,_Z,2011,A,T,
2.919585,P1Y,0,,A,PU,_Z,2,,,False,WB_WDI,WB_WDI_EN_GHG_CO2_PC_CE_AR5,MUS,_T,_T,_T,_Z,_Z,_Z,2011,A,T,
3.718571,P1Y,0,,A,PU,_Z,2,,,False,WB_WDI,WB_WDI_EN_GHG_CO2_PC_CE_AR5,MDA,_T,_T,_T,_Z,_Z,_Z,2021,A,T,
7.35538,P1Y,0,,A,PU,_Z,2,,,False,WB_WDI,WB_WDI_EN_GHG_CO2_PC_CE_AR5,MNG,_T,_T,_T,_Z,_Z,_Z,2021,A,T,
1.978912,P1Y,0,,A,PU,_Z,2,,,False,WB_WDI,WB_WDI_EN_GHG_CO2_PC_CE_AR5,MAR,_T,_T,_T,_Z,_Z,_Z,2021,A,T,
0.28838,P1Y,0,,A,PU,_Z,2,,,False,WB_WDI,WB_WDI_EN_GHG_CO2_PC_CE_AR5,MOZ,_T,_T,_T,_Z,_Z,_Z,2021,A,T,
0.596356,P1Y,0,,A,PU,_Z,2,,,False,WB_WDI,WB_WDI_EN_GHG_CO2_PC_CE_AR5,MMR,_T,_T,_T,_Z,_Z,_Z,2021,A,T,
1.318355,P1Y,0,,A,PU,_Z,2,,,False,WB_WDI,WB_WDI_EN_GHG_CO2_PC_CE_AR5,NAM,_T,_T,_T,_Z,_Z,_Z,2021,A,T,
0,P1Y,0,,A,PU,_Z,2,,,False,WB_WDI,WB_WDI_EN_GHG_CO2_PC_CE_AR5,NRU,_T,_T,_T,_Z,_Z,_Z,2021,A,T,
0.589754,P1Y,0,,A,PU,_Z,2,,,False,WB_WDI,WB_WDI_EN_GHG_CO2_PC_CE_AR5,NPL,_T,_T,_T,_Z,_Z,_Z,2021,A,T,
8.321134,P1Y,0,,A,PU,_Z,2,,,False,WB_WDI,WB_WDI_EN_GHG_CO2_PC_CE_AR5,NLD,_T,_T,_T,_Z,_Z,_Z,2021,A,T,
16.345972,P1Y,0,,A,PU,_Z,2,,,False,WB_WDI,WB_WDI_EN_GHG_CO2_PC_CE_AR5,NCL,_T,_T,_T,_Z,_Z,_Z,2021,A,T,
6.826358,P1Y,0,,A,PU,_Z,2,,,False,WB_WDI,WB_WDI_EN_GHG_CO2_PC_CE_AR5,NZL,_T,_T,_T,_Z,_Z,_Z,2021,A,T,
8.651403,P1Y,0,,A,PU,_Z,2,,,False,WB_WDI,WB_WDI_EN_GHG_CO2_PC_CE_AR5,LBY,_T,_T,_T,_Z,_Z,_Z,2023,A,T,
4.519943,P1Y,0,,A,PU,_Z,2,,,False,WB_WDI,WB_WDI_EN_GHG_CO2_PC_CE_AR5,LTU,_T,_T,_T,_Z,_Z,_Z,2023,A,T,
10.416098,P1Y,0,,A,PU,_Z,2,,,False,WB_WDI,WB_WDI_EN_GHG_CO2_PC_CE_AR5,LUX,_T,_T,_T,_Z,_Z,_Z,2023,A,T,
2.475692,P1Y,0,,A,PU,_Z,2,,,False,WB_WDI,WB_WDI_EN_GHG_CO2_PC_CE_AR5,MAC,_T,_T,_T,_Z,_Z,_Z,2023,A,T,
0.147269,P1Y,0,,A,PU,_Z,2,,,False,WB_WDI,WB_WDI_EN_GHG_CO2_PC_CE_AR5,MDG,_T,_T,_T,_Z,_Z,_Z,2023,A,T,
0.222924,P1Y,0,,A,PU,_Z,2,,,False,WB_WDI,WB_WDI_EN_GHG_CO2_PC_CE_AR5,MWI,_T,_T,_T,_Z,_Z,_Z,2023,A,T,
8.038951,P1Y,0,,A,PU,_Z,2,,,False,WB_WDI,WB_WDI_EN_GHG_CO2_PC_CE_AR5,MYS,_T,_T,_T,_Z,_Z,_Z,2023,A,T,
3.411066,P1Y,0,,A,PU,_Z,2,,,False,WB_WDI,WB_WDI_EN_GHG_CO2_PC_CE_AR5,MDV,_T,_T,_T,_Z,_Z,_Z,2023,A,T,
0.301946,P1Y,0,,A,PU,_Z,2,,,False,WB_WDI,WB_WDI_EN_GHG_CO2_PC_CE_AR5,MLI,_T,_T,_T,_Z,_Z,_Z,2023,A,T,
3.23421,P1Y,0,,A,PU,_Z,2,,,False,WB_WDI,WB_WDI_EN_GHG_CO2_PC_CE_AR5,MLT,_T,_T,_T,_Z,_Z,_Z,2023,A,T,
0.002576,P1Y,0,,A,PU,_Z,2,,,False,WB_WDI,WB_WDI_EN_GHG_CO2_PC_CE_AR5,MHL,_T,_T,_T,_Z,_Z,_Z,2023,A,T,
0.961166,P1Y,0,,A,PU,_Z,2,,,False,WB_WDI,WB_WDI_EN_GHG_CO2_PC_CE_AR5,MRT,_T,_T,_T,_Z,_Z,_Z,2023,A,T,
3.461747,P1Y,0,,A,PU,_Z,2,,,False,WB_WDI,WB_WDI_EN_GHG_CO2_PC_CE_AR5,MUS,_T,_T,_T,_Z,_Z,_Z,2023,A,T,
3.665765,P1Y,0,,A,PU,_Z,2,,,False,WB_WDI,WB_WDI_EN_GHG_CO2_PC_CE_AR5,MEX,_T,_T,_T,_Z,_Z,_Z,2023,A,T,
1.068928,P1Y,0,,A,PU,_Z,2,,,False,WB_WDI,WB_WDI_EN_GHG_CO2_PC_CE_AR5,DMA,_T,_T,_T,_Z,_Z,_Z,2008,A,T,
2.164433,P1Y,0,,A,PU,_Z,2,,,False,WB_WDI,WB_WDI_EN_GHG_CO2_PC_CE_AR5,DOM,_T,_T,_T,_Z,_Z,_Z,2008,A,T,
2.241423,P1Y,0,,A,PU,_Z,2,,,False,WB_WDI,WB_WDI_EN_GHG_CO2_PC_CE_AR5,ECU,_T,_T,_T,_Z,_Z,_Z,2008,A,T,
2.352835,P1Y,0,,A,PU,_Z,2,,,False,WB_WDI,WB_WDI_EN_GHG_CO2_PC_CE_AR5,EGY,_T,_T,_T,_Z,_Z,_Z,2008,A,T,
1.176008,P1Y,0,,A,PU,_Z,2,,,False,WB_WDI,WB_WDI_EN_GHG_CO2_PC_CE_AR5,SLV,_T,_T,_T,_Z,_Z,_Z,2008,A,T,
6.091763,P1Y,0,,A,PU,_Z,2,,,False,WB_WDI,WB_WDI_EN_GHG_CO2_PC_CE_AR5,GNQ,_T,_T,_T,_Z,_Z,_Z,2008,A,T,
0.164434,P1Y,0,,A,PU,_Z,2,,,False,WB_WDI,WB_WDI_EN_GHG_CO2_PC_CE_AR5,ERI,_T,_T,_T,_Z,_Z,_Z,2008,A,T,
15.6166,P1Y,0,,A,PU,_Z,2,,,False,WB_WDI,WB_WDI_EN_GHG_CO2_PC_CE_AR5,EST,_T,_T,_T,_Z,_Z,_Z,2008,A,T,
0.92251,P1Y,0,,A,PU,_Z,2,,,False,WB_WDI,WB_WDI_EN_GHG_CO2_PC_CE_AR5,SWZ,_T,_T,_T,_Z,_Z,_Z,2008,A,T,
0.080247,P1Y,0,,A,PU,_Z,2,,,False,WB_WDI,WB_WDI_EN_GHG_CO2_PC_CE_AR5,ETH,_T,_T,_T,_Z,_Z,_Z,2008,A,T,
0.041197,P1Y,0,,A,PU,_Z,2,,,False,WB_WDI,WB_WDI_EN_GHG_CO2_PC_CE_AR5,FRO,_T,_T,_T,_Z,_Z,_Z,2008,A,T,
1.429822,P1Y,0,,A,PU,_Z,2,,,False,WB_WDI,WB_WDI_EN_GHG_CO2_PC_CE_AR5,FJI,_T,_T,_T,_Z,_Z,_Z,2008,A,T,
8.519023,P1Y,0,,A,PU,_Z,2,,,False,WB_WDI,WB_WDI_EN_GHG_CO2_PC_CE_AR5,SYC,_T,_T,_T,_Z,_Z,_Z,2020,A,T,
0.155538,P1Y,0,,A,PU,_Z,2,,,False,WB_WDI,WB_WDI_EN_GHG_CO2_PC_CE_AR5,SLE,_T,_T,_T,_Z,_Z,_Z,2020,A,T,
9.475665,P1Y,0,,A,PU,_Z,2,,,False,WB_WDI,WB_WDI_EN_GHG_CO2_PC_CE_AR5,SGP,_T,_T,_T,_Z,_Z,_Z,2020,A,T,
5.980021,P1Y,0,,A,PU,_Z,2,,,False,WB_WDI,WB_WDI_EN_GHG_CO2_PC_CE_AR5,SVK,_T,_T,_T,_Z,_Z,_Z,2020,A,T,
6.440486,P1Y,0,,A,PU,_Z,2,,,False,WB_WDI,WB_WDI_EN_GHG_CO2_PC_CE_AR5,SVN,_T,_T,_T,_Z,_Z,_Z,2020,A,T,
0.413299,P1Y,0,,A,PU,_Z,2,,,False,WB_WDI,WB_WDI_EN_GHG_CO2_PC_CE_AR5,SLB,_T,_T,_T,_Z,_Z,_Z,2020,A,T,
0.04742,P1Y,0,,A,PU,_Z,2,,,False,WB_WDI,WB_WDI_EN_GHG_CO2_PC_CE_AR5,SOM,_T,_T,_T,_Z,_Z,_Z,2020,A,T,
7.444583,P1Y,0,,A,PU,_Z,2,,,False,WB_WDI,WB_WDI_EN_GHG_CO2_PC_CE_AR5,ZAF,_T,_T,_T,_Z,_Z,_Z,2020,A,T,
4.528235,P1Y,0,,A,PU,_Z,2,,,False,WB_WDI,WB_WDI_EN_GHG_CO2_PC_CE_AR5,ESP,_T,_T,_T,_Z,_Z,_Z,2020,A,T,
0.206715,P1Y,0,,A,PU,_Z,2,,,False,WB_WDI,WB_WDI_EN_GHG_CO2_PC_CE_AR5,COM,_T,_T,_T,_Z,_Z,_Z,2009,A,T,
0.042319,P1Y,0,,A,PU,_Z,2,,,False,WB_WDI,WB_WDI_EN_GHG_CO2_PC_CE_AR5,COD,_T,_T,_T,_Z,_Z,_Z,2009,A,T,
1.148365,P1Y,0,,A,PU,_Z,2,,,False,WB_WDI,WB_WDI_EN_GHG_CO2_PC_CE_AR5,COG,_T,_T,_T,_Z,_Z,_Z,2009,A,T,
1.626476,P1Y,0,,A,PU,_Z,2,,,False,WB_WDI,WB_WDI_EN_GHG_CO2_PC_CE_AR5,CRI,_T,_T,_T,_Z,_Z,_Z,2009,A,T,
0.29145,P1Y,0,,A,PU,_Z,2,,,False,WB_WDI,WB_WDI_EN_GHG_CO2_PC_CE_AR5,CIV,_T,_T,_T,_Z,_Z,_Z,2009,A,T,
5.03419,P1Y,0,,A,PU,_Z,2,,,False,WB_WDI,WB_WDI_EN_GHG_CO2_PC_CE_AR5,HRV,_T,_T,_T,_Z,_Z,_Z,2009,A,T,
2.385407,P1Y,0,,A,PU,_Z,2,,,False,WB_WDI,WB_WDI_EN_GHG_CO2_PC_CE_AR5,CUB,_T,_T,_T,_Z,_Z,_Z,2009,A,T,
7.470359,P1Y,0,,A,PU,_Z,2,,,False,WB_WDI,WB_WDI_EN_GHG_CO2_PC_CE_AR5,CYP,_T,_T,_T,_Z,_Z,_Z,2009,A,T,
11.462403,P1Y,0,,A,PU,_Z,2,,,False,WB_WDI,WB_WDI_EN_GHG_CO2_PC_CE_AR5,CZE,_T,_T,_T,_Z,_Z,_Z,2009,A,T,
8.764814,P1Y,0,,A,PU,_Z,2,,,False,WB_WDI,WB_WDI_EN_GHG_CO2_PC_CE_AR5,DNK,_T,_T,_T,_Z,_Z,_Z,2009,A,T,
0.00186,P1Y,0,,A,PU,_Z,2,,,False,WB_WDI,WB_WDI_EN_GHG_CO2_PC_CE_AR5,FSM,_T,_T,_T,_Z,_Z,_Z,2010,A,T,
2.971296,P1Y,0,,A,PU,_Z,2,,,False,WB_WDI,WB_WDI_EN_GHG_CO2_PC_CE_AR5,MDA,_T,_T,_T,_Z,_Z,_Z,2010,A,T,
5.442774,P1Y,0,,A,PU,_Z,2,,,False,WB_WDI,WB_WDI_EN_GHG_CO2_PC_CE_AR5,MNG,_T,_T,_T,_Z,_Z,_Z,2010,A,T,
1.602913,P1Y,0,,A,PU,_Z,2,,,False,WB_WDI,WB_WDI_EN_GHG_CO2_PC_CE_AR5,MAR,_T,_T,_T,_Z,_Z,_Z,2010,A,T,
0.15677,P1Y,0,,A,PU,_Z,2,,,False,WB_WDI,WB_WDI_EN_GHG_CO2_PC_CE_AR5,MOZ,_T,_T,_T,_Z,_Z,_Z,2010,A,T,
0.176084,P1Y,0,,A,PU,_Z,2,,,False,WB_WDI,WB_WDI_EN_GHG_CO2_PC_CE_AR5,MMR,_T,_T,_T,_Z,_Z,_Z,2010,A,T,
1.272389,P1Y,0,,A,PU,_Z,2,,,False,WB_WDI,WB_WDI_EN_GHG_CO2_PC_CE_AR5,NAM,_T,_T,_T,_Z,_Z,_Z,2010,A,T,
0,P1Y,0,,A,PU,_Z,2,,,False,WB_WDI,WB_WDI_EN_GHG_CO2_PC_CE_AR5,NRU,_T,_T,_T,_Z,_Z,_Z,2010,A,T,
0.175006,P1Y,0,,A,PU,_Z,2,,,False,WB_WDI,WB_WDI_EN_GHG_CO2_PC_CE_AR5,NPL,_T,_T,_T,_Z,_Z,_Z,2010,A,T,
18.954932,P1Y,0,,A,PU,_Z,2,,,False,WB_WDI,WB_WDI_EN_GHG_CO2_PC_CE_AR5,OMN,_T,_T,_T,_Z,_Z,_Z,2015,A,T,
0.820486,P1Y,0,,A,PU,_Z,2,,,False,WB_WDI,WB_WDI_EN_GHG_CO2_PC_CE_AR5,PAK,_T,_T,_T,_Z,_Z,_Z,2015,A,T,
67.270681,P1Y,0,,A,PU,_Z,2,,,False,WB_WDI,WB_WDI_EN_GHG_CO2_PC_CE_AR5,PLW,_T,_T,_T,_Z,_Z,_Z,2015,A,T,
2.684648,P1Y,0,,A,PU,_Z,2,,,False,WB_WDI,WB_WDI_EN_GHG_CO2_PC_CE_AR5,PAN,_T,_T,_T,_Z,_Z,_Z,2015,A,T,
0.683259,P1Y,0,,A,PU,_Z,2,,,False,WB_WDI,WB_WDI_EN_GHG_CO2_PC_CE_AR5,PNG,_T,_T,_T,_Z,_Z,_Z,2015,A,T,
1.081489,P1Y,0,,A,PU,_Z,2,,,False,WB_WDI,WB_WDI_EN_GHG_CO2_PC_CE_AR5,PRY,_T,_T,_T,_Z,_Z,_Z,2015,A,T,
1.802552,P1Y,0,,A,PU,_Z,2,,,False,WB_WDI,WB_WDI_EN_GHG_CO2_PC_CE_AR5,PER,_T,_T,_T,_Z,_Z,_Z,2015,A,T,
1.074771,P1Y,0,,A,PU,_Z,2,,,False,WB_WDI,WB_WDI_EN_GHG_CO2_PC_CE_AR5,PHL,_T,_T,_T,_Z,_Z,_Z,2015,A,T,
8.050094,P1Y,0,,A,PU,_Z,2,,,False,WB_WDI,WB_WDI_EN_GHG_CO2_PC_CE_AR5,POL,_T,_T,_T,_Z,_Z,_Z,2015,A,T,
4.99335,P1Y,0,,A,PU,_Z,2,,,False,WB_WDI,WB_WDI_EN_GHG_CO2_PC_CE_AR5,PRT,_T,_T,_T,_Z,_Z,_Z,2015,A,T,
1.658718,P1Y,0,,A,PU,_Z,2,,,False,WB_WDI,WB_WDI_EN_GHG_CO2_PC_CE_AR5,ARM,_T,_T,_T,_Z,_Z,_Z,2007,A,T,
4.574139,P1Y,0,,A,PU,_Z,2,,,False,WB_WDI,WB_WDI_EN_GHG_CO2_PC_CE_AR5,ABW,_T,_T,_T,_Z,_Z,_Z,2007,A,T,
19.238922,P1Y,0,,A,PU,_Z,2,,,False,WB_WDI,WB_WDI_EN_GHG_CO2_PC_CE_AR5,AUS,_T,_T,_T,_Z,_Z,_Z,2007,A,T,
9.094355,P1Y,0,,A,PU,_Z,2,,,False,WB_WDI,WB_WDI_EN_GHG_CO2_PC_CE_AR5,AUT,_T,_T,_T,_Z,_Z,_Z,2007,A,T,
3.370224,P1Y,0,,A,PU,_Z,2,,,False,WB_WDI,WB_WDI_EN_GHG_CO2_PC_CE_AR5,AZE,_T,_T,_T,_Z,_Z,_Z,2007,A,T,
3.718295,P1Y,0,,A,PU,_Z,2,,,False,WB_WDI,WB_WDI_EN_GHG_CO2_PC_CE_AR5,BHS,_T,_T,_T,_Z,_Z,_Z,2007,A,T,
24.874458,P1Y,0,,A,PU,_Z,2,,,False,WB_WDI,WB_WDI_EN_GHG_CO2_PC_CE_AR5,BHR,_T,_T,_T,_Z,_Z,_Z,2007,A,T,
0.312315,P1Y,0,,A,PU,_Z,2,,,False,WB_WDI,WB_WDI_EN_GHG_CO2_PC_CE_AR5,BGD,_T,_T,_T,_Z,_Z,_Z,2007,A,T,
2.475598,P1Y,0,,A,PU,_Z,2,,,False,WB_WDI,WB_WDI_EN_GHG_CO2_PC_CE_AR5,BRB,_T,_T,_T,_Z,_Z,_Z,2007,A,T,
6.386278,P1Y,0,,A,PU,_Z,2,,,False,WB_WDI,WB_WDI_EN_GHG_CO2_PC_CE_AR5,BLR,_T,_T,_T,_Z,_Z,_Z,2007,A,T,
10.626472,P1Y,0,,A,PU,_Z,2,,,False,WB_WDI,WB_WDI_EN_GHG_CO2_PC_CE_AR5,BEL,_T,_T,_T,_Z,_Z,_Z,2007,A,T,
21.314308,P1Y,0,,A,PU,_Z,2,,,False,WB_WDI,WB_WDI_EN_GHG_CO2_PC_CE_AR5,LUX,_T,_T,_T,_Z,_Z,_Z,2009,A,T,
3.165794,P1Y,0,,A,PU,_Z,2,,,False,WB_WDI,WB_WDI_EN_GHG_CO2_PC_CE_AR5,MAC,_T,_T,_T,_Z,_Z,_Z,2009,A,T,
0.082419,P1Y,0,,A,PU,_Z,2,,,False,WB_WDI,WB_WDI_EN_GHG_CO2_PC_CE_AR5,MDG,_T,_T,_T,_Z,_Z,_Z,2009,A,T,
0.288828,P1Y,0,,A,PU,_Z,2,,,False,WB_WDI,WB_WDI_EN_GHG_CO2_PC_CE_AR5,MWI,_T,_T,_T,_Z,_Z,_Z,2009,A,T,
7.036937,P1Y,0,,A,PU,_Z,2,,,False,WB_WDI,WB_WDI_EN_GHG_CO2_PC_CE_AR5,MYS,_T,_T,_T,_Z,_Z,_Z,2009,A,T,
2.825928,P1Y,0,,A,PU,_Z,2,,,False,WB_WDI,WB_WDI_EN_GHG_CO2_PC_CE_AR5,MDV,_T,_T,_T,_Z,_Z,_Z,2009,A,T,
0.130044,P1Y,0,,A,PU,_Z,2,,,False,WB_WDI,WB_WDI_EN_GHG_CO2_PC_CE_AR5,MLI,_T,_T,_T,_Z,_Z,_Z,2009,A,T,
6.105795,P1Y,0,,A,PU,_Z,2,,,False,WB_WDI,WB_WDI_EN_GHG_CO2_PC_CE_AR5,MLT,_T,_T,_T,_Z,_Z,_Z,2009,A,T,
0.001922,P1Y,0,,A,PU,_Z,2,,,False,WB_WDI,WB_WDI_EN_GHG_CO2_PC_CE_AR5,MHL,_T,_T,_T,_Z,_Z,_Z,2009,A,T,
0.638555,P1Y,0,,A,PU,_Z,2,,,False,WB_WDI,WB_WDI_EN_GHG_CO2_PC_CE_AR5,MRT,_T,_T,_T,_Z,_Z,_Z,2009,A,T,
2.756229,P1Y,0,,A,PU,_Z,2,,,False,WB_WDI,WB_WDI_EN_GHG_CO2_PC_CE_AR5,MUS,_T,_T,_T,_Z,_Z,_Z,2009,A,T,
6.84035,P1Y,0,,A,PU,_Z,2,,,False,WB_WDI,WB_WDI_EN_GHG_CO2_PC_CE_AR5,CEB,_T,_T,_T,_Z,_Z,_Z,2013,A,T,
2.200962,P1Y,0,,A,PU,_Z,2,,,False,WB_WDI,WB_WDI_EN_GHG_CO2_PC_CE_AR5,EAR,_T,_T,_T,_Z,_Z,_Z,2013,A,T,
6.515422,P1Y,0,,A,PU,_Z,2,,,False,WB_WDI,WB_WDI_EN_GHG_CO2_PC_CE_AR5,EAS,_T,_T,_T,_Z,_Z,_Z,2013,A,T,
5.977623,P1Y,0,,A,PU,_Z,2,,,False,WB_WDI,WB_WDI_EN_GHG_CO2_PC_CE_AR5,EAP,_T,_T,_T,_Z,_Z,_Z,2013,A,T,
6.035244,P1Y,0,,A,PU,_Z,2,,,False,WB_WDI,WB_WDI_EN_GHG_CO2_PC_CE_AR5,TEA,_T,_T,_T,_Z,_Z,_Z,2013,A,T,
7.252599,P1Y,0,,A,PU,_Z,2,,,False,WB_WDI,WB_WDI_EN_GHG_CO2_PC_CE_AR5,EMU,_T,_T,_T,_Z,_Z,_Z,2013,A,T,
7.611282,P1Y,0,,A,PU,_Z,2,,,False,WB_WDI,WB_WDI_EN_GHG_CO2_PC_CE_AR5,ECS,_T,_T,_T,_Z,_Z,_Z,2013,A,T,
5.664186,P1Y,0,,A,PU,_Z,2,,,False,WB_WDI,WB_WDI_EN_GHG_CO2_PC_CE_AR5,ECA,_T,_T,_T,_Z,_Z,_Z,2013,A,T,
7.97116,P1Y,0,,A,PU,_Z,2,,,False,WB_WDI,WB_WDI_EN_GHG_CO2_PC_CE_AR5,TEC,_T,_T,_T,_Z,_Z,_Z,2013,A,T,
7.149126,P1Y,0,,A,PU,_Z,2,,,False,WB_WDI,WB_WDI_EN_GHG_CO2_PC_CE_AR5,EUU,_T,_T,_T,_Z,_Z,_Z,2013,A,T,
0.266351,P1Y,0,,A,PU,_Z,2,,,False,WB_WDI,WB_WDI_EN_GHG_CO2_PC_CE_AR5,HPC,_T,_T,_T,_Z,_Z,_Z,2013,A,T,
11.378313,P1Y,0,,A,PU,_Z,2,,,False,WB_WDI,WB_WDI_EN_GHG_CO2_PC_CE_AR5,HIC,_T,_T,_T,_Z,_Z,_Z,2013,A,T,
4.619343,P1Y,0,,A,PU,_Z,2,,,False,WB_WDI,WB_WDI_EN_GHG_CO2_PC_CE_AR5,IBD,_T,_T,_T,_Z,_Z,_Z,2013,A,T,
0.227039,P1Y,0,,A,PU,_Z,2,,,False,WB_WDI,WB_WDI_EN_GHG_CO2_PC_CE_AR5,ERI,_T,_T,_T,_Z,_Z,_Z,2005,A,T,
14.813456,P1Y,0,,A,PU,_Z,2,,,False,WB_WDI,WB_WDI_EN_GHG_CO2_PC_CE_AR5,EST,_T,_T,_T,_Z,_Z,_Z,2005,A,T,
0.918332,P1Y,0,,A,PU,_Z,2,,,False,WB_WDI,WB_WDI_EN_GHG_CO2_PC_CE_AR5,SWZ,_T,_T,_T,_Z,_Z,_Z,2005,A,T,
0.069836,P1Y,0,,A,PU,_Z,2,,,False,WB_WDI,WB_WDI_EN_GHG_CO2_PC_CE_AR5,ETH,_T,_T,_T,_Z,_Z,_Z,2005,A,T,
0.039289,P1Y,0,,A,PU,_Z,2,,,False,WB_WDI,WB_WDI_EN_GHG_CO2_PC_CE_AR5,FRO,_T,_T,_T,_Z,_Z,_Z,2005,A,T,
1.961515,P1Y,0,,A,PU,_Z,2,,,False,WB_WDI,WB_WDI_EN_GHG_CO2_PC_CE_AR5,FJI,_T,_T,_T,_Z,_Z,_Z,2005,A,T,
11.102809,P1Y,0,,A,PU,_Z,2,,,False,WB_WDI,WB_WDI_EN_GHG_CO2_PC_CE_AR5,FIN,_T,_T,_T,_Z,_Z,_Z,2005,A,T,
6.453914,P1Y,0,,A,PU,_Z,2,,,False,WB_WDI,WB_WDI_EN_GHG_CO2_PC_CE_AR5,FRA,_T,_T,_T,_Z,_Z,_Z,2005,A,T,
3.627262,P1Y,0,,A,PU,_Z,2,,,False,WB_WDI,WB_WDI_EN_GHG_CO2_PC_CE_AR5,PYF,_T,_T,_T,_Z,_Z,_Z,2005,A,T,
4.367422,P1Y,0,,A,PU,_Z,2,,,False,WB_WDI,WB_WDI_EN_GHG_CO2_PC_CE_AR5,GAB,_T,_T,_T,_Z,_Z,_Z,2005,A,T,
0.199036,P1Y,0,,A,PU,_Z,2,,,False,WB_WDI,WB_WDI_EN_GHG_CO2_PC_CE_AR5,GMB,_T,_T,_T,_Z,_Z,_Z,2005,A,T,
1.275936,P1Y,0,,A,PU,_Z,2,,,False,WB_WDI,WB_WDI_EN_GHG_CO2_PC_CE_AR5,GEO,_T,_T,_T,_Z,_Z,_Z,2005,A,T,
0.301475,P1Y,0,,A,PU,_Z,2,,,False,WB_WDI,WB_WDI_EN_GHG_CO2_PC_CE_AR5,TZA,_T,_T,_T,_Z,_Z,_Z,2021,A,T,
3.744412,P1Y,0,,A,PU,_Z,2,,,False,WB_WDI,WB_WDI_EN_GHG_CO2_PC_CE_AR5,THA,_T,_T,_T,_Z,_Z,_Z,2021,A,T,
0.52639,P1Y,0,,A,PU,_Z,2,,,False,WB_WDI,WB_WDI_EN_GHG_CO2_PC_CE_AR5,TLS,_T,_T,_T,_Z,_Z,_Z,2021,A,T,
0.319297,P1Y,0,,A,PU,_Z,2,,,False,WB_WDI,WB_WDI_EN_GHG_CO2_PC_CE_AR5,TGO,_T,_T,_T,_Z,_Z,_Z,2021,A,T,
1.957532,P1Y,0,,A,PU,_Z,2,,,False,WB_WDI,WB_WDI_EN_GHG_CO2_PC_CE_AR5,TON,_T,_T,_T,_Z,_Z,_Z,2021,A,T,
20.974759,P1Y,0,,A,PU,_Z,2,,,False,WB_WDI,WB_WDI_EN_GHG_CO2_PC_CE_AR5,TTO,_T,_T,_T,_Z,_Z,_Z,2021,A,T,
2.574386,P1Y,0,,A,PU,_Z,2,,,False,WB_WDI,WB_WDI_EN_GHG_CO2_PC_CE_AR5,TUN,_T,_T,_T,_Z,_Z,_Z,2021,A,T,
5.475006,P1Y,0,,A,PU,_Z,2,,,False,WB_WDI,WB_WDI_EN_GHG_CO2_PC_CE_AR5,TUR,_T,_T,_T,_Z,_Z,_Z,2021,A,T,
13.456249,P1Y,0,,A,PU,_Z,2,,,False,WB_WDI,WB_WDI_EN_GHG_CO2_PC_CE_AR5,TKM,_T,_T,_T,_Z,_Z,_Z,2021,A,T,
4.752116,P1Y,0,,A,PU,_Z,2,,,False,WB_WDI,WB_WDI_EN_GHG_CO2_PC_CE_AR5,TCA,_T,_T,_T,_Z,_Z,_Z,2021,A,T,
0,P1Y,0,,A,PU,_Z,2,,,False,WB_WDI,WB_WDI_EN_GHG_CO2_PC_CE_AR5,TUV,_T,_T,_T,_Z,_Z,_Z,2021,A,T,
0.176657,P1Y,0,,A,PU,_Z,2,,,False,WB_WDI,WB_WDI_EN_GHG_CO2_PC_CE_AR5,UGA,_T,_T,_T,_Z,_Z,_Z,2021,A,T,
3.491365,P1Y,0,,A,PU,_Z,2,,,False,WB_WDI,WB_WDI_EN_GHG_CO2_PC_CE_AR5,BHS,_T,_T,_T,_Z,_Z,_Z,2010,A,T,
23.471136,P1Y,0,,A,PU,_Z,2,,,False,WB_WDI,WB_WDI_EN_GHG_CO2_PC_CE_AR5,BHR,_T,_T,_T,_Z,_Z,_Z,2010,A,T,
0.399267,P1Y,0,,A,PU,_Z,2,,,False,WB_WDI,WB_WDI_EN_GHG_CO2_PC_CE_AR5,BGD,_T,_T,_T,_Z,_Z,_Z,2010,A,T,
2.980639,P1Y,0,,A,PU,_Z,2,,,False,WB_WDI,WB_WDI_EN_GHG_CO2_PC_CE_AR5,BRB,_T,_T,_T,_Z,_Z,_Z,2010,A,T,
6.971905,P1Y,0,,A,PU,_Z,2,,,False,WB_WDI,WB_WDI_EN_GHG_CO2_PC_CE_AR5,BLR,_T,_T,_T,_Z,_Z,_Z,2010,A,T,
10.545839,P1Y,0,,A,PU,_Z,2,,,False,WB_WDI,WB_WDI_EN_GHG_CO2_PC_CE_AR5,BEL,_T,_T,_T,_Z,_Z,_Z,2010,A,T,
0.728505,P1Y,0,,A,PU,_Z,2,,,False,WB_WDI,WB_WDI_EN_GHG_CO2_PC_CE_AR5,BLZ,_T,_T,_T,_Z,_Z,_Z,2010,A,T,
0.518654,P1Y,0,,A,PU,_Z,2,,,False,WB_WDI,WB_WDI_EN_GHG_CO2_PC_CE_AR5,BEN,_T,_T,_T,_Z,_Z,_Z,2010,A,T,
4.84896,P1Y,0,,A,PU,_Z,2,,,False,WB_WDI,WB_WDI_EN_GHG_CO2_PC_CE_AR5,BMU,_T,_T,_T,_Z,_Z,_Z,2010,A,T,
1.28985,P1Y,0,,A,PU,_Z,2,,,False,WB_WDI,WB_WDI_EN_GHG_CO2_PC_CE_AR5,BTN,_T,_T,_T,_Z,_Z,_Z,2010,A,T,
1.452779,P1Y,0,,A,PU,_Z,2,,,False,WB_WDI,WB_WDI_EN_GHG_CO2_PC_CE_AR5,BOL,_T,_T,_T,_Z,_Z,_Z,2010,A,T,
7.721033,P1Y,0,,A,PU,_Z,2,,,False,WB_WDI,WB_WDI_EN_GHG_CO2_PC_CE_AR5,DEU,_T,_T,_T,_Z,_Z,_Z,2020,A,T,
0.719579,P1Y,0,,A,PU,_Z,2,,,False,WB_WDI,WB_WDI_EN_GHG_CO2_PC_CE_AR5,GHA,_T,_T,_T,_Z,_Z,_Z,2020,A,T,
17.676167,P1Y,0,,A,PU,_Z,2,,,False,WB_WDI,WB_WDI_EN_GHG_CO2_PC_CE_AR5,GIB,_T,_T,_T,_Z,_Z,_Z,2020,A,T,
4.894155,P1Y,0,,A,PU,_Z,2,,,False,WB_WDI,WB_WDI_EN_GHG_CO2_PC_CE_AR5,GRC,_T,_T,_T,_Z,_Z,_Z,2020,A,T,
9.358312,P1Y,0,,A,PU,_Z,2,,,False,WB_WDI,WB_WDI_EN_GHG_CO2_PC_CE_AR5,GRL,_T,_T,_T,_Z,_Z,_Z,2020,A,T,
1.320257,P1Y,0,,A,PU,_Z,2,,,False,WB_WDI,WB_WDI_EN_GHG_CO2_PC_CE_AR5,GRD,_T,_T,_T,_Z,_Z,_Z,2020,A,T,
0.002467,P1Y,0,,A,PU,_Z,2,,,False,WB_WDI,WB_WDI_EN_GHG_CO2_PC_CE_AR5,GUM,_T,_T,_T,_Z,_Z,_Z,2020,A,T,
1.015058,P1Y,0,,A,PU,_Z,2,,,False,WB_WDI,WB_WDI_EN_GHG_CO2_PC_CE_AR5,GTM,_T,_T,_T,_Z,_Z,_Z,2020,A,T,
0.40336,P1Y,0,,A,PU,_Z,2,,,False,WB_WDI,WB_WDI_EN_GHG_CO2_PC_CE_AR5,GIN,_T,_T,_T,_Z,_Z,_Z,2020,A,T,
0.167043,P1Y,0,,A,PU,_Z,2,,,False,WB_WDI,WB_WDI_EN_GHG_CO2_PC_CE_AR5,GNB,_T,_T,_T,_Z,_Z,_Z,2020,A,T,
4.123688,P1Y,0,,A,PU,_Z,2,,,False,WB_WDI,WB_WDI_EN_GHG_CO2_PC_CE_AR5,GUY,_T,_T,_T,_Z,_Z,_Z,2020,A,T,
0.306345,P1Y,0,,A,PU,_Z,2,,,False,WB_WDI,WB_WDI_EN_GHG_CO2_PC_CE_AR5,HTI,_T,_T,_T,_Z,_Z,_Z,2020,A,T,
0.911297,P1Y,0,,A,PU,_Z,2,,,False,WB_WDI,WB_WDI_EN_GHG_CO2_PC_CE_AR5,HND,_T,_T,_T,_Z,_Z,_Z,2020,A,T,
4.553121,P1Y,0,,A,PU,_Z,2,,,False,WB_WDI,WB_WDI_EN_GHG_CO2_PC_CE_AR5,HKG,_T,_T,_T,_Z,_Z,_Z,2020,A,T,
0.058043,P1Y,0,,A,PU,_Z,2,,,False,WB_WDI,WB_WDI_EN_GHG_CO2_PC_CE_AR5,COD,_T,_T,_T,_Z,_Z,_Z,2023,A,T,
1.272448,P1Y,0,,A,PU,_Z,2,,,False,WB_WDI,WB_WDI_EN_GHG_CO2_PC_CE_AR5,COG,_T,_T,_T,_Z,_Z,_Z,2023,A,T,
1.586086,P1Y,0,,A,PU,_Z,2,,,False,WB_WDI,WB_WDI_EN_GHG_CO2_PC_CE_AR5,CRI,_T,_T,_T,_Z,_Z,_Z,2023,A,T,
0.575152,P1Y,0,,A,PU,_Z,2,,,False,WB_WDI,WB_WDI_EN_GHG_CO2_PC_CE_AR5,CIV,_T,_T,_T,_Z,_Z,_Z,2023,A,T,
4.83573,P1Y,0,,A,PU,_Z,2,,,False,WB_WDI,WB_WDI_EN_GHG_CO2_PC_CE_AR5,HRV,_T,_T,_T,_Z,_Z,_Z,2023,A,T,
1.817407,P1Y,0,,A,PU,_Z,2,,,False,WB_WDI,WB_WDI_EN_GHG_CO2_PC_CE_AR5,CUB,_T,_T,_T,_Z,_Z,_Z,2023,A,T,
5.355635,P1Y,0,,A,PU,_Z,2,,,False,WB_WDI,WB_WDI_EN_GHG_CO2_PC_CE_AR5,CYP,_T,_T,_T,_Z,_Z,_Z,2023,A,T,
7.88006,P1Y,0,,A,PU,_Z,2,,,False,WB_WDI,WB_WDI_EN_GHG_CO2_PC_CE_AR5,CZE,_T,_T,_T,_Z,_Z,_Z,2023,A,T,
4.407367,P1Y,0,,A,PU,_Z,2,,,False,WB_WDI,WB_WDI_EN_GHG_CO2_PC_CE_AR5,DNK,_T,_T,_T,_Z,_Z,_Z,2023,A,T,
0.763263,P1Y,0,,A,PU,_Z,2,,,False,WB_WDI,WB_WDI_EN_GHG_CO2_PC_CE_AR5,DJI,_T,_T,_T,_Z,_Z,_Z,2023,A,T,
1.223876,P1Y,0,,A,PU,_Z,2,,,False,WB_WDI,WB_WDI_EN_GHG_CO2_PC_CE_AR5,DMA,_T,_T,_T,_Z,_Z,_Z,2023,A,T,
2.893666,P1Y,0,,A,PU,_Z,2,,,False,WB_WDI,WB_WDI_EN_GHG_CO2_PC_CE_AR5,DOM,_T,_T,_T,_Z,_Z,_Z,2023,A,T,
0.833502,P1Y,0,,A,PU,_Z,2,,,False,WB_WDI,WB_WDI_EN_GHG_CO2_PC_CE_AR5,NIC,_T,_T,_T,_Z,_Z,_Z,2008,A,T,
0.05925,P1Y,0,,A,PU,_Z,2,,,False,WB_WDI,WB_WDI_EN_GHG_CO2_PC_CE_AR5,NER,_T,_T,_T,_Z,_Z,_Z,2008,A,T,
0.58114,P1Y,0,,A,PU,_Z,2,,,False,WB_WDI,WB_WDI_EN_GHG_CO2_PC_CE_AR5,NGA,_T,_T,_T,_Z,_Z,_Z,2008,A,T,
5.144477,P1Y,0,,A,PU,_Z,2,,,False,WB_WDI,WB_WDI_EN_GHG_CO2_PC_CE_AR5,MKD,_T,_T,_T,_Z,_Z,_Z,2008,A,T,
0.00175,P1Y,0,,A,PU,_Z,2,,,False,WB_WDI,WB_WDI_EN_GHG_CO2_PC_CE_AR5,MNP,_T,_T,_T,_Z,_Z,_Z,2008,A,T,
9.878923,P1Y,0,,A,PU,_Z,2,,,False,WB_WDI,WB_WDI_EN_GHG_CO2_PC_CE_AR5,NOR,_T,_T,_T,_Z,_Z,_Z,2008,A,T,
17.029395,P1Y,0,,A,PU,_Z,2,,,False,WB_WDI,WB_WDI_EN_GHG_CO2_PC_CE_AR5,OMN,_T,_T,_T,_Z,_Z,_Z,2008,A,T,
0.825212,P1Y,0,,A,PU,_Z,2,,,False,WB_WDI,WB_WDI_EN_GHG_CO2_PC_CE_AR5,PAK,_T,_T,_T,_Z,_Z,_Z,2008,A,T,
73.533589,P1Y,0,,A,PU,_Z,2,,,False,WB_WDI,WB_WDI_EN_GHG_CO2_PC_CE_AR5,PLW,_T,_T,_T,_Z,_Z,_Z,2008,A,T,
2.073302,P1Y,0,,A,PU,_Z,2,,,False,WB_WDI,WB_WDI_EN_GHG_CO2_PC_CE_AR5,PAN,_T,_T,_T,_Z,_Z,_Z,2008,A,T,
0.710288,P1Y,0,,A,PU,_Z,2,,,False,WB_WDI,WB_WDI_EN_GHG_CO2_PC_CE_AR5,PNG,_T,_T,_T,_Z,_Z,_Z,2008,A,T,
0.813688,P1Y,0,,A,PU,_Z,2,,,False,WB_WDI,WB_WDI_EN_GHG_CO2_PC_CE_AR5,PRY,_T,_T,_T,_Z,_Z,_Z,2008,A,T,
2.460509,P1Y,0,,A,PU,_Z,2,,,False,WB_WDI,WB_WDI_EN_GHG_CO2_PC_CE_AR5,TLA,_T,_T,_T,_Z,_Z,_Z,2020,A,T,
0.367374,P1Y,0,,A,PU,_Z,2,,,False,WB_WDI,WB_WDI_EN_GHG_CO2_PC_CE_AR5,LDC,_T,_T,_T,_Z,_Z,_Z,2020,A,T,
3.347887,P1Y,0,,A,PU,_Z,2,,,False,WB_WDI,WB_WDI_EN_GHG_CO2_PC_CE_AR5,LMY,_T,_T,_T,_Z,_Z,_Z,2020,A,T,
0.327677,P1Y,0,,A,PU,_Z,2,,,False,WB_WDI,WB_WDI_EN_GHG_CO2_PC_CE_AR5,LIC,_T,_T,_T,_Z,_Z,_Z,2020,A,T,
1.337433,P1Y,0,,A,PU,_Z,2,,,False,WB_WDI,WB_WDI_EN_GHG_CO2_PC_CE_AR5,LMC,_T,_T,_T,_Z,_Z,_Z,2020,A,T,
3.943968,P1Y,0,,A,PU,_Z,2,,,False,WB_WDI,WB_WDI_EN_GHG_CO2_PC_CE_AR5,MEA,_T,_T,_T,_Z,_Z,_Z,2020,A,T,
2.619073,P1Y,0,,A,PU,_Z,2,,,False,WB_WDI,WB_WDI_EN_GHG_CO2_PC_CE_AR5,MNA,_T,_T,_T,_Z,_Z,_Z,2020,A,T,
2.619073,P1Y,0,,A,PU,_Z,2,,,False,WB_WDI,WB_WDI_EN_GHG_CO2_PC_CE_AR5,TMN,_T,_T,_T,_Z,_Z,_Z,2020,A,T,
3.693131,P1Y,0,,A,PU,_Z,2,,,False,WB_WDI,WB_WDI_EN_GHG_CO2_PC_CE_AR5,MIC,_T,_T,_T,_Z,_Z,_Z,2020,A,T,
13.567563,P1Y,0,,A,PU,_Z,2,,,False,WB_WDI,WB_WDI_EN_GHG_CO2_PC_CE_AR5,NAC,_T,_T,_T,_Z,_Z,_Z,2020,A,T,
8.122878,P1Y,0,,A,PU,_Z,2,,,False,WB_WDI,WB_WDI_EN_GHG_CO2_PC_CE_AR5,OED,_T,_T,_T,_Z,_Z,_Z,2020,A,T,
3.776565,P1Y,0,,A,PU,_Z,2,,,False,WB_WDI,WB_WDI_EN_GHG_CO2_PC_CE_AR5,OSS,_T,_T,_T,_Z,_Z,_Z,2020,A,T,
1.342158,P1Y,0,,A,PU,_Z,2,,,False,WB_WDI,WB_WDI_EN_GHG_CO2_PC_CE_AR5,PSS,_T,_T,_T,_Z,_Z,_Z,2020,A,T,
4.847918,P1Y,0,,A,PU,_Z,2,,,False,WB_WDI,WB_WDI_EN_GHG_CO2_PC_CE_AR5,LTU,_T,_T,_T,_Z,_Z,_Z,2012,A,T,
20.468937,P1Y,0,,A,PU,_Z,2,,,False,WB_WDI,WB_WDI_EN_GHG_CO2_PC_CE_AR5,LUX,_T,_T,_T,_Z,_Z,_Z,2012,A,T,
3.069202,P1Y,0,,A,PU,_Z,2,,,False,WB_WDI,WB_WDI_EN_GHG_CO2_PC_CE_AR5,MAC,_T,_T,_T,_Z,_Z,_Z,2012,A,T,
0.121501,P1Y,0,,A,PU,_Z,2,,,False,WB_WDI,WB_WDI_EN_GHG_CO2_PC_CE_AR5,MDG,_T,_T,_T,_Z,_Z,_Z,2012,A,T,
0.361754,P1Y,0,,A,PU,_Z,2,,,False,WB_WDI,WB_WDI_EN_GHG_CO2_PC_CE_AR5,MWI,_T,_T,_T,_Z,_Z,_Z,2012,A,T,
7.409842,P1Y,0,,A,PU,_Z,2,,,False,WB_WDI,WB_WDI_EN_GHG_CO2_PC_CE_AR5,MYS,_T,_T,_T,_Z,_Z,_Z,2012,A,T,
3.728368,P1Y,0,,A,PU,_Z,2,,,False,WB_WDI,WB_WDI_EN_GHG_CO2_PC_CE_AR5,MDV,_T,_T,_T,_Z,_Z,_Z,2012,A,T,
0.133939,P1Y,0,,A,PU,_Z,2,,,False,WB_WDI,WB_WDI_EN_GHG_CO2_PC_CE_AR5,MLI,_T,_T,_T,_Z,_Z,_Z,2012,A,T,
6.486234,P1Y,0,,A,PU,_Z,2,,,False,WB_WDI,WB_WDI_EN_GHG_CO2_PC_CE_AR5,MLT,_T,_T,_T,_Z,_Z,_Z,2012,A,T,
0.001945,P1Y,0,,A,PU,_Z,2,,,False,WB_WDI,WB_WDI_EN_GHG_CO2_PC_CE_AR5,MHL,_T,_T,_T,_Z,_Z,_Z,2012,A,T,
0.698114,P1Y,0,,A,PU,_Z,2,,,False,WB_WDI,WB_WDI_EN_GHG_CO2_PC_CE_AR5,MRT,_T,_T,_T,_Z,_Z,_Z,2012,A,T,
3.143969,P1Y,0,,A,PU,_Z,2,,,False,WB_WDI,WB_WDI_EN_GHG_CO2_PC_CE_AR5,CYM,_T,_T,_T,_Z,_Z,_Z,2005,A,T,
0.058897,P1Y,0,,A,PU,_Z,2,,,False,WB_WDI,WB_WDI_EN_GHG_CO2_PC_CE_AR5,CAF,_T,_T,_T,_Z,_Z,_Z,2005,A,T,
0.046562,P1Y,0,,A,PU,_Z,2,,,False,WB_WDI,WB_WDI_EN_GHG_CO2_PC_CE_AR5,TCD,_T,_T,_T,_Z,_Z,_Z,2005,A,T,
3.617591,P1Y,0,,A,PU,_Z,2,,,False,WB_WDI,WB_WDI_EN_GHG_CO2_PC_CE_AR5,CHL,_T,_T,_T,_Z,_Z,_Z,2005,A,T,
4.782994,P1Y,0,,A,PU,_Z,2,,,False,WB_WDI,WB_WDI_EN_GHG_CO2_PC_CE_AR5,CHN,_T,_T,_T,_Z,_Z,_Z,2005,A,T,
1.46902,P1Y,0,,A,PU,_Z,2,,,False,WB_WDI,WB_WDI_EN_GHG_CO2_PC_CE_AR5,COL,_T,_T,_T,_Z,_Z,_Z,2005,A,T,
0.228961,P1Y,0,,A,PU,_Z,2,,,False,WB_WDI,WB_WDI_EN_GHG_CO2_PC_CE_AR5,COM,_T,_T,_T,_Z,_Z,_Z,2005,A,T,
0.04225,P1Y,0,,A,PU,_Z,2,,,False,WB_WDI,WB_WDI_EN_GHG_CO2_PC_CE_AR5,COD,_T,_T,_T,_Z,_Z,_Z,2005,A,T,
1.171575,P1Y,0,,A,PU,_Z,2,,,False,WB_WDI,WB_WDI_EN_GHG_CO2_PC_CE_AR5,COG,_T,_T,_T,_Z,_Z,_Z,2005,A,T,
1.491608,P1Y,0,,A,PU,_Z,2,,,False,WB_WDI,WB_WDI_EN_GHG_CO2_PC_CE_AR5,CRI,_T,_T,_T,_Z,_Z,_Z,2005,A,T,
0.318684,P1Y,0,,A,PU,_Z,2,,,False,WB_WDI,WB_WDI_EN_GHG_CO2_PC_CE_AR5,CIV,_T,_T,_T,_Z,_Z,_Z,2005,A,T,
5.301608,P1Y,0,,A,PU,_Z,2,,,False,WB_WDI,WB_WDI_EN_GHG_CO2_PC_CE_AR5,HRV,_T,_T,_T,_Z,_Z,_Z,2005,A,T,
2.602329,P1Y,0,,A,PU,_Z,2,,,False,WB_WDI,WB_WDI_EN_GHG_CO2_PC_CE_AR5,ECU,_T,_T,_T,_Z,_Z,_Z,2023,A,T,
2.4083,P1Y,0,,A,PU,_Z,2,,,False,WB_WDI,WB_WDI_EN_GHG_CO2_PC_CE_AR5,EGY,_T,_T,_T,_Z,_Z,_Z,2023,A,T,
1.463875,P1Y,0,,A,PU,_Z,2,,,False,WB_WDI,WB_WDI_EN_GHG_CO2_PC_CE_AR5,SLV,_T,_T,_T,_Z,_Z,_Z,2023,A,T,
2.579147,P1Y,0,,A,PU,_Z,2,,,False,WB_WDI,WB_WDI_EN_GHG_CO2_PC_CE_AR5,GNQ,_T,_T,_T,_Z,_Z,_Z,2023,A,T,
0.220206,P1Y,0,,A,PU,_Z,2,,,False,WB_WDI,WB_WDI_EN_GHG_CO2_PC_CE_AR5,ERI,_T,_T,_T,_Z,_Z,_Z,2023,A,T,
8.373507,P1Y,0,,A,PU,_Z,2,,,False,WB_WDI,WB_WDI_EN_GHG_CO2_PC_CE_AR5,EST,_T,_T,_T,_Z,_Z,_Z,2023,A,T,
0.876387,P1Y,0,,A,PU,_Z,2,,,False,WB_WDI,WB_WDI_EN_GHG_CO2_PC_CE_AR5,SWZ,_T,_T,_T,_Z,_Z,_Z,2023,A,T,
0.147768,P1Y,0,,A,PU,_Z,2,,,False,WB_WDI,WB_WDI_EN_GHG_CO2_PC_CE_AR5,ETH,_T,_T,_T,_Z,_Z,_Z,2023,A,T,
0.038604,P1Y,0,,A,PU,_Z,2,,,False,WB_WDI,WB_WDI_EN_GHG_CO2_PC_CE_AR5,FRO,_T,_T,_T,_Z,_Z,_Z,2023,A,T,
1.555816,P1Y,0,,A,PU,_Z,2,,,False,WB_WDI,WB_WDI_EN_GHG_CO2_PC_CE_AR5,FJI,_T,_T,_T,_Z,_Z,_Z,2023,A,T,
5.889546,P1Y,0,,A,PU,_Z,2,,,False,WB_WDI,WB_WDI_EN_GHG_CO2_PC_CE_AR5,FIN,_T,_T,_T,_Z,_Z,_Z,2023,A,T,
4.155984,P1Y,0,,A,PU,_Z,2,,,False,WB_WDI,WB_WDI_EN_GHG_CO2_PC_CE_AR5,FRA,_T,_T,_T,_Z,_Z,_Z,2023,A,T,
3.301816,P1Y,0,,A,PU,_Z,2,,,False,WB_WDI,WB_WDI_EN_GHG_CO2_PC_CE_AR5,PYF,_T,_T,_T,_Z,_Z,_Z,2023,A,T,
2.060738,P1Y,0,,A,PU,_Z,2,,,False,WB_WDI,WB_WDI_EN_GHG_CO2_PC_CE_AR5,GAB,_T,_T,_T,_Z,_Z,_Z,2023,A,T,
0.175622,P1Y,0,,A,PU,_Z,2,,,False,WB_WDI,WB_WDI_EN_GHG_CO2_PC_CE_AR5,GMB,_T,_T,_T,_Z,_Z,_Z,2023,A,T,
1.357796,P1Y,0,,A,PU,_Z,2,,,False,WB_WDI,WB_WDI_EN_GHG_CO2_PC_CE_AR5,PER,_T,_T,_T,_Z,_Z,_Z,2008,A,T,
0.838867,P1Y,0,,A,PU,_Z,2,,,False,WB_WDI,WB_WDI_EN_GHG_CO2_PC_CE_AR5,PHL,_T,_T,_T,_Z,_Z,_Z,2008,A,T,
8.513349,P1Y,0,,A,PU,_Z,2,,,False,WB_WDI,WB_WDI_EN_GHG_CO2_PC_CE_AR5,POL,_T,_T,_T,_Z,_Z,_Z,2008,A,T,
5.612872,P1Y,0,,A,PU,_Z,2,,,False,WB_WDI,WB_WDI_EN_GHG_CO2_PC_CE_AR5,PRT,_T,_T,_T,_Z,_Z,_Z,2008,A,T,
4.093898,P1Y,0,,A,PU,_Z,2,,,False,WB_WDI,WB_WDI_EN_GHG_CO2_PC_CE_AR5,PRI,_T,_T,_T,_Z,_Z,_Z,2008,A,T,
43.350447,P1Y,0,,A,PU,_Z,2,,,False,WB_WDI,WB_WDI_EN_GHG_CO2_PC_CE_AR5,QAT,_T,_T,_T,_Z,_Z,_Z,2008,A,T,
5.130506,P1Y,0,,A,PU,_Z,2,,,False,WB_WDI,WB_WDI_EN_GHG_CO2_PC_CE_AR5,ROU,_T,_T,_T,_Z,_Z,_Z,2008,A,T,
12.360419,P1Y,0,,A,PU,_Z,2,,,False,WB_WDI,WB_WDI_EN_GHG_CO2_PC_CE_AR5,RUS,_T,_T,_T,_Z,_Z,_Z,2008,A,T,
0.069133,P1Y,0,,A,PU,_Z,2,,,False,WB_WDI,WB_WDI_EN_GHG_CO2_PC_CE_AR5,RWA,_T,_T,_T,_Z,_Z,_Z,2008,A,T,
1.28454,P1Y,0,,A,PU,_Z,2,,,False,WB_WDI,WB_WDI_EN_GHG_CO2_PC_CE_AR5,WSM,_T,_T,_T,_Z,_Z,_Z,2008,A,T,
0.602441,P1Y,0,,A,PU,_Z,2,,,False,WB_WDI,WB_WDI_EN_GHG_CO2_PC_CE_AR5,STP,_T,_T,_T,_Z,_Z,_Z,2008,A,T,
2.412266,P1Y,0,,A,PU,_Z,2,,,False,WB_WDI,WB_WDI_EN_GHG_CO2_PC_CE_AR5,BHS,_T,_T,_T,_Z,_Z,_Z,2003,A,T,
26.024405,P1Y,0,,A,PU,_Z,2,,,False,WB_WDI,WB_WDI_EN_GHG_CO2_PC_CE_AR5,BHR,_T,_T,_T,_Z,_Z,_Z,2003,A,T,
0.255293,P1Y,0,,A,PU,_Z,2,,,False,WB_WDI,WB_WDI_EN_GHG_CO2_PC_CE_AR5,BGD,_T,_T,_T,_Z,_Z,_Z,2003,A,T,
2.397508,P1Y,0,,A,PU,_Z,2,,,False,WB_WDI,WB_WDI_EN_GHG_CO2_PC_CE_AR5,BRB,_T,_T,_T,_Z,_Z,_Z,2003,A,T,
5.698942,P1Y,0,,A,PU,_Z,2,,,False,WB_WDI,WB_WDI_EN_GHG_CO2_PC_CE_AR5,BLR,_T,_T,_T,_Z,_Z,_Z,2003,A,T,
11.889902,P1Y,0,,A,PU,_Z,2,,,False,WB_WDI,WB_WDI_EN_GHG_CO2_PC_CE_AR5,BEL,_T,_T,_T,_Z,_Z,_Z,2003,A,T,
0.567518,P1Y,0,,A,PU,_Z,2,,,False,WB_WDI,WB_WDI_EN_GHG_CO2_PC_CE_AR5,BLZ,_T,_T,_T,_Z,_Z,_Z,2003,A,T,
0.303296,P1Y,0,,A,PU,_Z,2,,,False,WB_WDI,WB_WDI_EN_GHG_CO2_PC_CE_AR5,BEN,_T,_T,_T,_Z,_Z,_Z,2003,A,T,
2.741,P1Y,0,,A,PU,_Z,2,,,False,WB_WDI,WB_WDI_EN_GHG_CO2_PC_CE_AR5,BMU,_T,_T,_T,_Z,_Z,_Z,2003,A,T,
0.77784,P1Y,0,,A,PU,_Z,2,,,False,WB_WDI,WB_WDI_EN_GHG_CO2_PC_CE_AR5,BTN,_T,_T,_T,_Z,_Z,_Z,2003,A,T,
0.996509,P1Y,0,,A,PU,_Z,2,,,False,WB_WDI,WB_WDI_EN_GHG_CO2_PC_CE_AR5,BOL,_T,_T,_T,_Z,_Z,_Z,2003,A,T,
3.634945,P1Y,0,,A,PU,_Z,2,,,False,WB_WDI,WB_WDI_EN_GHG_CO2_PC_CE_AR5,BIH,_T,_T,_T,_Z,_Z,_Z,2003,A,T,
2.328837,P1Y,0,,A,PU,_Z,2,,,False,WB_WDI,WB_WDI_EN_GHG_CO2_PC_CE_AR5,BWA,_T,_T,_T,_Z,_Z,_Z,2003,A,T,
0.200509,P1Y,0,,A,PU,_Z,2,,,False,WB_WDI,WB_WDI_EN_GHG_CO2_PC_CE_AR5,BGD,_T,_T,_T,_Z,_Z,_Z,2000,A,T,
2.243735,P1Y,0,,A,PU,_Z,2,,,False,WB_WDI,WB_WDI_EN_GHG_CO2_PC_CE_AR5,BRB,_T,_T,_T,_Z,_Z,_Z,2000,A,T,
5.637485,P1Y,0,,A,PU,_Z,2,,,False,WB_WDI,WB_WDI_EN_GHG_CO2_PC_CE_AR5,BLR,_T,_T,_T,_Z,_Z,_Z,2000,A,T,
12.183656,P1Y,0,,A,PU,_Z,2,,,False,WB_WDI,WB_WDI_EN_GHG_CO2_PC_CE_AR5,BEL,_T,_T,_T,_Z,_Z,_Z,2000,A,T,
0.580152,P1Y,0,,A,PU,_Z,2,,,False,WB_WDI,WB_WDI_EN_GHG_CO2_PC_CE_AR5,BLZ,_T,_T,_T,_Z,_Z,_Z,2000,A,T,
0.214093,P1Y,0,,A,PU,_Z,2,,,False,WB_WDI,WB_WDI_EN_GHG_CO2_PC_CE_AR5,BEN,_T,_T,_T,_Z,_Z,_Z,2000,A,T,
2.443542,P1Y,0,,A,PU,_Z,2,,,False,WB_WDI,WB_WDI_EN_GHG_CO2_PC_CE_AR5,BMU,_T,_T,_T,_Z,_Z,_Z,2000,A,T,
0.679218,P1Y,0,,A,PU,_Z,2,,,False,WB_WDI,WB_WDI_EN_GHG_CO2_PC_CE_AR5,BTN,_T,_T,_T,_Z,_Z,_Z,2000,A,T,
0.953345,P1Y,0,,A,PU,_Z,2,,,False,WB_WDI,WB_WDI_EN_GHG_CO2_PC_CE_AR5,BOL,_T,_T,_T,_Z,_Z,_Z,2000,A,T,
3.43317,P1Y,0,,A,PU,_Z,2,,,False,WB_WDI,WB_WDI_EN_GHG_CO2_PC_CE_AR5,BIH,_T,_T,_T,_Z,_Z,_Z,2000,A,T,
2.444047,P1Y,0,,A,PU,_Z,2,,,False,WB_WDI,WB_WDI_EN_GHG_CO2_PC_CE_AR5,BWA,_T,_T,_T,_Z,_Z,_Z,2000,A,T,
2.007879,P1Y,0,,A,PU,_Z,2,,,False,WB_WDI,WB_WDI_EN_GHG_CO2_PC_CE_AR5,BRA,_T,_T,_T,_Z,_Z,_Z,2000,A,T,
4.915133,P1Y,0,,A,PU,_Z,2,,,False,WB_WDI,WB_WDI_EN_GHG_CO2_PC_CE_AR5,ESP,_T,_T,_T,_Z,_Z,_Z,2021,A,T,
1.029951,P1Y,0,,A,PU,_Z,2,,,False,WB_WDI,WB_WDI_EN_GHG_CO2_PC_CE_AR5,LKA,_T,_T,_T,_Z,_Z,_Z,2021,A,T,
2.484871,P1Y,0,,A,PU,_Z,2,,,False,WB_WDI,WB_WDI_EN_GHG_CO2_PC_CE_AR5,KNA,_T,_T,_T,_Z,_Z,_Z,2021,A,T,
1.580758,P1Y,0,,A,PU,_Z,2,,,False,WB_WDI,WB_WDI_EN_GHG_CO2_PC_CE_AR5,LCA,_T,_T,_T,_Z,_Z,_Z,2021,A,T,
1.141568,P1Y,0,,A,PU,_Z,2,,,False,WB_WDI,WB_WDI_EN_GHG_CO2_PC_CE_AR5,VCT,_T,_T,_T,_Z,_Z,_Z,2021,A,T,
0.491049,P1Y,0,,A,PU,_Z,2,,,False,WB_WDI,WB_WDI_EN_GHG_CO2_PC_CE_AR5,SDN,_T,_T,_T,_Z,_Z,_Z,2021,A,T,
4.400579,P1Y,0,,A,PU,_Z,2,,,False,WB_WDI,WB_WDI_EN_GHG_CO2_PC_CE_AR5,SUR,_T,_T,_T,_Z,_Z,_Z,2021,A,T,
3.886255,P1Y,0,,A,PU,_Z,2,,,False,WB_WDI,WB_WDI_EN_GHG_CO2_PC_CE_AR5,SWE,_T,_T,_T,_Z,_Z,_Z,2021,A,T,
4.32304,P1Y,0,,A,PU,_Z,2,,,False,WB_WDI,WB_WDI_EN_GHG_CO2_PC_CE_AR5,CHE,_T,_T,_T,_Z,_Z,_Z,2021,A,T,
1.481184,P1Y,0,,A,PU,_Z,2,,,False,WB_WDI,WB_WDI_EN_GHG_CO2_PC_CE_AR5,SYR,_T,_T,_T,_Z,_Z,_Z,2021,A,T,
0.94581,P1Y,0,,A,PU,_Z,2,,,False,WB_WDI,WB_WDI_EN_GHG_CO2_PC_CE_AR5,TJK,_T,_T,_T,_Z,_Z,_Z,2021,A,T,
3.312951,P1Y,0,,A,PU,_Z,2,,,False,WB_WDI,WB_WDI_EN_GHG_CO2_PC_CE_AR5,PRK,_T,_T,_T,_Z,_Z,_Z,2006,A,T,
10.811713,P1Y,0,,A,PU,_Z,2,,,False,WB_WDI,WB_WDI_EN_GHG_CO2_PC_CE_AR5,KOR,_T,_T,_T,_Z,_Z,_Z,2006,A,T,
33.802252,P1Y,0,,A,PU,_Z,2,,,False,WB_WDI,WB_WDI_EN_GHG_CO2_PC_CE_AR5,KWT,_T,_T,_T,_Z,_Z,_Z,2006,A,T,
1.071273,P1Y,0,,A,PU,_Z,2,,,False,WB_WDI,WB_WDI_EN_GHG_CO2_PC_CE_AR5,KGZ,_T,_T,_T,_Z,_Z,_Z,2006,A,T,
0.286524,P1Y,0,,A,PU,_Z,2,,,False,WB_WDI,WB_WDI_EN_GHG_CO2_PC_CE_AR5,LAO,_T,_T,_T,_Z,_Z,_Z,2006,A,T,
3.849696,P1Y,0,,A,PU,_Z,2,,,False,WB_WDI,WB_WDI_EN_GHG_CO2_PC_CE_AR5,LVA,_T,_T,_T,_Z,_Z,_Z,2006,A,T,
3.39584,P1Y,0,,A,PU,_Z,2,,,False,WB_WDI,WB_WDI_EN_GHG_CO2_PC_CE_AR5,LBN,_T,_T,_T,_Z,_Z,_Z,2006,A,T,
0.213052,P1Y,0,,A,PU,_Z,2,,,False,WB_WDI,WB_WDI_EN_GHG_CO2_PC_CE_AR5,LSO,_T,_T,_T,_Z,_Z,_Z,2006,A,T,
0.205398,P1Y,0,,A,PU,_Z,2,,,False,WB_WDI,WB_WDI_EN_GHG_CO2_PC_CE_AR5,LBR,_T,_T,_T,_Z,_Z,_Z,2006,A,T,
9.611216,P1Y,0,,A,PU,_Z,2,,,False,WB_WDI,WB_WDI_EN_GHG_CO2_PC_CE_AR5,LBY,_T,_T,_T,_Z,_Z,_Z,2006,A,T,
4.340824,P1Y,0,,A,PU,_Z,2,,,False,WB_WDI,WB_WDI_EN_GHG_CO2_PC_CE_AR5,LTU,_T,_T,_T,_Z,_Z,_Z,2006,A,T,
25.267171,P1Y,0,,A,PU,_Z,2,,,False,WB_WDI,WB_WDI_EN_GHG_CO2_PC_CE_AR5,LUX,_T,_T,_T,_Z,_Z,_Z,2006,A,T,
1.142474,P1Y,0,,A,PU,_Z,2,,,False,WB_WDI,WB_WDI_EN_GHG_CO2_PC_CE_AR5,PER,_T,_T,_T,_Z,_Z,_Z,2004,A,T,
0.876071,P1Y,0,,A,PU,_Z,2,,,False,WB_WDI,WB_WDI_EN_GHG_CO2_PC_CE_AR5,PHL,_T,_T,_T,_Z,_Z,_Z,2004,A,T,
8.315043,P1Y,0,,A,PU,_Z,2,,,False,WB_WDI,WB_WDI_EN_GHG_CO2_PC_CE_AR5,POL,_T,_T,_T,_Z,_Z,_Z,2004,A,T,
6.15858,P1Y,0,,A,PU,_Z,2,,,False,WB_WDI,WB_WDI_EN_GHG_CO2_PC_CE_AR5,PRT,_T,_T,_T,_Z,_Z,_Z,2004,A,T,
6.841765,P1Y,0,,A,PU,_Z,2,,,False,WB_WDI,WB_WDI_EN_GHG_CO2_PC_CE_AR5,PRI,_T,_T,_T,_Z,_Z,_Z,2004,A,T,
53.236385,P1Y,0,,A,PU,_Z,2,,,False,WB_WDI,WB_WDI_EN_GHG_CO2_PC_CE_AR5,QAT,_T,_T,_T,_Z,_Z,_Z,2004,A,T,
4.921753,P1Y,0,,A,PU,_Z,2,,,False,WB_WDI,WB_WDI_EN_GHG_CO2_PC_CE_AR5,ROU,_T,_T,_T,_Z,_Z,_Z,2004,A,T,
12.069847,P1Y,0,,A,PU,_Z,2,,,False,WB_WDI,WB_WDI_EN_GHG_CO2_PC_CE_AR5,RUS,_T,_T,_T,_Z,_Z,_Z,2004,A,T,
0.077885,P1Y,0,,A,PU,_Z,2,,,False,WB_WDI,WB_WDI_EN_GHG_CO2_PC_CE_AR5,RWA,_T,_T,_T,_Z,_Z,_Z,2004,A,T,
1.130744,P1Y,0,,A,PU,_Z,2,,,False,WB_WDI,WB_WDI_EN_GHG_CO2_PC_CE_AR5,WSM,_T,_T,_T,_Z,_Z,_Z,2004,A,T,
0.523763,P1Y,0,,A,PU,_Z,2,,,False,WB_WDI,WB_WDI_EN_GHG_CO2_PC_CE_AR5,STP,_T,_T,_T,_Z,_Z,_Z,2004,A,T,
16.625717,P1Y,0,,A,PU,_Z,2,,,False,WB_WDI,WB_WDI_EN_GHG_CO2_PC_CE_AR5,SAU,_T,_T,_T,_Z,_Z,_Z,2004,A,T,
1.653643,P1Y,0,,A,PU,_Z,2,,,False,WB_WDI,WB_WDI_EN_GHG_CO2_PC_CE_AR5,CUB,_T,_T,_T,_Z,_Z,_Z,2020,A,T,
5.223587,P1Y,0,,A,PU,_Z,2,,,False,WB_WDI,WB_WDI_EN_GHG_CO2_PC_CE_AR5,CYP,_T,_T,_T,_Z,_Z,_Z,2020,A,T,
8.867158,P1Y,0,,A,PU,_Z,2,,,False,WB_WDI,WB_WDI_EN_GHG_CO2_PC_CE_AR5,CZE,_T,_T,_T,_Z,_Z,_Z,2020,A,T,
4.765216,P1Y,0,,A,PU,_Z,2,,,False,WB_WDI,WB_WDI_EN_GHG_CO2_PC_CE_AR5,DNK,_T,_T,_T,_Z,_Z,_Z,2020,A,T,
0.674908,P1Y,0,,A,PU,_Z,2,,,False,WB_WDI,WB_WDI_EN_GHG_CO2_PC_CE_AR5,DJI,_T,_T,_T,_Z,_Z,_Z,2020,A,T,
1.140988,P1Y,0,,A,PU,_Z,2,,,False,WB_WDI,WB_WDI_EN_GHG_CO2_PC_CE_AR5,DMA,_T,_T,_T,_Z,_Z,_Z,2020,A,T,
2.445973,P1Y,0,,A,PU,_Z,2,,,False,WB_WDI,WB_WDI_EN_GHG_CO2_PC_CE_AR5,DOM,_T,_T,_T,_Z,_Z,_Z,2020,A,T,
2.085858,P1Y,0,,A,PU,_Z,2,,,False,WB_WDI,WB_WDI_EN_GHG_CO2_PC_CE_AR5,ECU,_T,_T,_T,_Z,_Z,_Z,2020,A,T,
2.252058,P1Y,0,,A,PU,_Z,2,,,False,WB_WDI,WB_WDI_EN_GHG_CO2_PC_CE_AR5,EGY,_T,_T,_T,_Z,_Z,_Z,2020,A,T,
1.067177,P1Y,0,,A,PU,_Z,2,,,False,WB_WDI,WB_WDI_EN_GHG_CO2_PC_CE_AR5,SLV,_T,_T,_T,_Z,_Z,_Z,2020,A,T,
2.860583,P1Y,0,,A,PU,_Z,2,,,False,WB_WDI,WB_WDI_EN_GHG_CO2_PC_CE_AR5,GNQ,_T,_T,_T,_Z,_Z,_Z,2020,A,T,
8.975791,P1Y,0,,A,PU,_Z,2,,,False,WB_WDI,WB_WDI_EN_GHG_CO2_PC_CE_AR5,GBR,_T,_T,_T,_Z,_Z,_Z,2007,A,T,
19.495661,P1Y,0,,A,PU,_Z,2,,,False,WB_WDI,WB_WDI_EN_GHG_CO2_PC_CE_AR5,USA,_T,_T,_T,_Z,_Z,_Z,2007,A,T,
1.856545,P1Y,0,,A,PU,_Z,2,,,False,WB_WDI,WB_WDI_EN_GHG_CO2_PC_CE_AR5,URY,_T,_T,_T,_Z,_Z,_Z,2007,A,T,
4.852813,P1Y,0,,A,PU,_Z,2,,,False,WB_WDI,WB_WDI_EN_GHG_CO2_PC_CE_AR5,UZB,_T,_T,_T,_Z,_Z,_Z,2007,A,T,
0.592021,P1Y,0,,A,PU,_Z,2,,,False,WB_WDI,WB_WDI_EN_GHG_CO2_PC_CE_AR5,VUT,_T,_T,_T,_Z,_Z,_Z,2007,A,T,
5.641005,P1Y,0,,A,PU,_Z,2,,,False,WB_WDI,WB_WDI_EN_GHG_CO2_PC_CE_AR5,VEN,_T,_T,_T,_Z,_Z,_Z,2007,A,T,
1.366847,P1Y,0,,A,PU,_Z,2,,,False,WB_WDI,WB_WDI_EN_GHG_CO2_PC_CE_AR5,VNM,_T,_T,_T,_Z,_Z,_Z,2007,A,T,
0.001846,P1Y,0,,A,PU,_Z,2,,,False,WB_WDI,WB_WDI_EN_GHG_CO2_PC_CE_AR5,VIR,_T,_T,_T,_Z,_Z,_Z,2007,A,T,
1.000239,P1Y,0,,A,PU,_Z,2,,,False,WB_WDI,WB_WDI_EN_GHG_CO2_PC_CE_AR5,YEM,_T,_T,_T,_Z,_Z,_Z,2007,A,T,
0.174189,P1Y,0,,A,PU,_Z,2,,,False,WB_WDI,WB_WDI_EN_GHG_CO2_PC_CE_AR5,ZMB,_T,_T,_T,_Z,_Z,_Z,2007,A,T,
0.82534,P1Y,0,,A,PU,_Z,2,,,False,WB_WDI,WB_WDI_EN_GHG_CO2_PC_CE_AR5,ZWE,_T,_T,_T,_Z,_Z,_Z,2007,A,T,
1.918394,P1Y,0,,A,PU,_Z,2,,,False,WB_WDI,WB_WDI_EN_GHG_CO2_PC_CE_AR5,BRA,_T,_T,_T,_Z,_Z,_Z,2003,A,T,
1.55417,P1Y,0,,A,PU,_Z,2,,,False,WB_WDI,WB_WDI_EN_GHG_CO2_PC_CE_AR5,VGB,_T,_T,_T,_Z,_Z,_Z,2003,A,T,
18.615728,P1Y,0,,A,PU,_Z,2,,,False,WB_WDI,WB_WDI_EN_GHG_CO2_PC_CE_AR5,BRN,_T,_T,_T,_Z,_Z,_Z,2003,A,T,
6.875968,P1Y,0,,A,PU,_Z,2,,,False,WB_WDI,WB_WDI_EN_GHG_CO2_PC_CE_AR5,BGR,_T,_T,_T,_Z,_Z,_Z,2003,A,T,
0.092199,P1Y,0,,A,PU,_Z,2,,,False,WB_WDI,WB_WDI_EN_GHG_CO2_PC_CE_AR5,BFA,_T,_T,_T,_Z,_Z,_Z,2003,A,T,
0.026281,P1Y,0,,A,PU,_Z,2,,,False,WB_WDI,WB_WDI_EN_GHG_CO2_PC_CE_AR5,BDI,_T,_T,_T,_Z,_Z,_Z,2003,A,T,
0.767243,P1Y,0,,A,PU,_Z,2,,,False,WB_WDI,WB_WDI_EN_GHG_CO2_PC_CE_AR5,CPV,_T,_T,_T,_Z,_Z,_Z,2003,A,T,
0.185281,P1Y,0,,A,PU,_Z,2,,,False,WB_WDI,WB_WDI_EN_GHG_CO2_PC_CE_AR5,KHM,_T,_T,_T,_Z,_Z,_Z,2003,A,T,
0.354943,P1Y,0,,A,PU,_Z,2,,,False,WB_WDI,WB_WDI_EN_GHG_CO2_PC_CE_AR5,CMR,_T,_T,_T,_Z,_Z,_Z,2003,A,T,
18.130154,P1Y,0,,A,PU,_Z,2,,,False,WB_WDI,WB_WDI_EN_GHG_CO2_PC_CE_AR5,CAN,_T,_T,_T,_Z,_Z,_Z,2003,A,T,
3.432421,P1Y,0,,A,PU,_Z,2,,,False,WB_WDI,WB_WDI_EN_GHG_CO2_PC_CE_AR5,CYM,_T,_T,_T,_Z,_Z,_Z,2003,A,T,
0.064439,P1Y,0,,A,PU,_Z,2,,,False,WB_WDI,WB_WDI_EN_GHG_CO2_PC_CE_AR5,CAF,_T,_T,_T,_Z,_Z,_Z,2003,A,T,
0.041875,P1Y,0,,A,PU,_Z,2,,,False,WB_WDI,WB_WDI_EN_GHG_CO2_PC_CE_AR5,TCD,_T,_T,_T,_Z,_Z,_Z,2003,A,T,
0.047552,P1Y,0,,A,PU,_Z,2,,,False,WB_WDI,WB_WDI_EN_GHG_CO2_PC_CE_AR5,COD,_T,_T,_T,_Z,_Z,_Z,2011,A,T,
1.052427,P1Y,0,,A,PU,_Z,2,,,False,WB_WDI,WB_WDI_EN_GHG_CO2_PC_CE_AR5,COG,_T,_T,_T,_Z,_Z,_Z,2011,A,T,
1.669995,P1Y,0,,A,PU,_Z,2,,,False,WB_WDI,WB_WDI_EN_GHG_CO2_PC_CE_AR5,CRI,_T,_T,_T,_Z,_Z,_Z,2011,A,T,
0.307998,P1Y,0,,A,PU,_Z,2,,,False,WB_WDI,WB_WDI_EN_GHG_CO2_PC_CE_AR5,CIV,_T,_T,_T,_Z,_Z,_Z,2011,A,T,
4.778301,P1Y,0,,A,PU,_Z,2,,,False,WB_WDI,WB_WDI_EN_GHG_CO2_PC_CE_AR5,HRV,_T,_T,_T,_Z,_Z,_Z,2011,A,T,
2.455225,P1Y,0,,A,PU,_Z,2,,,False,WB_WDI,WB_WDI_EN_GHG_CO2_PC_CE_AR5,CUB,_T,_T,_T,_Z,_Z,_Z,2011,A,T,
6.678715,P1Y,0,,A,PU,_Z,2,,,False,WB_WDI,WB_WDI_EN_GHG_CO2_PC_CE_AR5,CYP,_T,_T,_T,_Z,_Z,_Z,2011,A,T,
11.253602,P1Y,0,,A,PU,_Z,2,,,False,WB_WDI,WB_WDI_EN_GHG_CO2_PC_CE_AR5,CZE,_T,_T,_T,_Z,_Z,_Z,2011,A,T,
7.806182,P1Y,0,,A,PU,_Z,2,,,False,WB_WDI,WB_WDI_EN_GHG_CO2_PC_CE_AR5,DNK,_T,_T,_T,_Z,_Z,_Z,2011,A,T,
0.661109,P1Y,0,,A,PU,_Z,2,,,False,WB_WDI,WB_WDI_EN_GHG_CO2_PC_CE_AR5,DJI,_T,_T,_T,_Z,_Z,_Z,2011,A,T,
0.861657,P1Y,0,,A,PU,_Z,2,,,False,WB_WDI,WB_WDI_EN_GHG_CO2_PC_CE_AR5,DMA,_T,_T,_T,_Z,_Z,_Z,2011,A,T,
4.550627,P1Y,0,,A,PU,_Z,2,,,False,WB_WDI,WB_WDI_EN_GHG_CO2_PC_CE_AR5,HRV,_T,_T,_T,_Z,_Z,_Z,2019,A,T,
1.989852,P1Y,0,,A,PU,_Z,2,,,False,WB_WDI,WB_WDI_EN_GHG_CO2_PC_CE_AR5,CUB,_T,_T,_T,_Z,_Z,_Z,2019,A,T,
5.608893,P1Y,0,,A,PU,_Z,2,,,False,WB_WDI,WB_WDI_EN_GHG_CO2_PC_CE_AR5,CYP,_T,_T,_T,_Z,_Z,_Z,2019,A,T,
9.724566,P1Y,0,,A,PU,_Z,2,,,False,WB_WDI,WB_WDI_EN_GHG_CO2_PC_CE_AR5,CZE,_T,_T,_T,_Z,_Z,_Z,2019,A,T,
5.17324,P1Y,0,,A,PU,_Z,2,,,False,WB_WDI,WB_WDI_EN_GHG_CO2_PC_CE_AR5,DNK,_T,_T,_T,_Z,_Z,_Z,2019,A,T,
0.765678,P1Y,0,,A,PU,_Z,2,,,False,WB_WDI,WB_WDI_EN_GHG_CO2_PC_CE_AR5,DJI,_T,_T,_T,_Z,_Z,_Z,2019,A,T,
1.269888,P1Y,0,,A,PU,_Z,2,,,False,WB_WDI,WB_WDI_EN_GHG_CO2_PC_CE_AR5,DMA,_T,_T,_T,_Z,_Z,_Z,2019,A,T,
2.612575,P1Y,0,,A,PU,_Z,2,,,False,WB_WDI,WB_WDI_EN_GHG_CO2_PC_CE_AR5,DOM,_T,_T,_T,_Z,_Z,_Z,2019,A,T,
2.41784,P1Y,0,,A,PU,_Z,2,,,False,WB_WDI,WB_WDI_EN_GHG_CO2_PC_CE_AR5,ECU,_T,_T,_T,_Z,_Z,_Z,2019,A,T,
2.203839,P1Y,0,,A,PU,_Z,2,,,False,WB_WDI,WB_WDI_EN_GHG_CO2_PC_CE_AR5,EGY,_T,_T,_T,_Z,_Z,_Z,2019,A,T,
9.202297,P1Y,0,,A,PU,_Z,2,,,False,WB_WDI,WB_WDI_EN_GHG_CO2_PC_CE_AR5,GBR,_T,_T,_T,_Z,_Z,_Z,2006,A,T,
19.404818,P1Y,0,,A,PU,_Z,2,,,False,WB_WDI,WB_WDI_EN_GHG_CO2_PC_CE_AR5,USA,_T,_T,_T,_Z,_Z,_Z,2006,A,T,
1.972485,P1Y,0,,A,PU,_Z,2,,,False,WB_WDI,WB_WDI_EN_GHG_CO2_PC_CE_AR5,URY,_T,_T,_T,_Z,_Z,_Z,2006,A,T,
5.034727,P1Y,0,,A,PU,_Z,2,,,False,WB_WDI,WB_WDI_EN_GHG_CO2_PC_CE_AR5,UZB,_T,_T,_T,_Z,_Z,_Z,2006,A,T,
0.371892,P1Y,0,,A,PU,_Z,2,,,False,WB_WDI,WB_WDI_EN_GHG_CO2_PC_CE_AR5,VUT,_T,_T,_T,_Z,_Z,_Z,2006,A,T,
5.839704,P1Y,0,,A,PU,_Z,2,,,False,WB_WDI,WB_WDI_EN_GHG_CO2_PC_CE_AR5,VEN,_T,_T,_T,_Z,_Z,_Z,2006,A,T,
1.255478,P1Y,0,,A,PU,_Z,2,,,False,WB_WDI,WB_WDI_EN_GHG_CO2_PC_CE_AR5,VNM,_T,_T,_T,_Z,_Z,_Z,2006,A,T,
0.001846,P1Y,0,,A,PU,_Z,2,,,False,WB_WDI,WB_WDI_EN_GHG_CO2_PC_CE_AR5,VIR,_T,_T,_T,_Z,_Z,_Z,2006,A,T,
0.974639,P1Y,0,,A,PU,_Z,2,,,False,WB_WDI,WB_WDI_EN_GHG_CO2_PC_CE_AR5,YEM,_T,_T,_T,_Z,_Z,_Z,2006,A,T,
0.198598,P1Y,0,,A,PU,_Z,2,,,False,WB_WDI,WB_WDI_EN_GHG_CO2_PC_CE_AR5,ZMB,_T,_T,_T,_Z,_Z,_Z,2006,A,T,
0.848775,P1Y,0,,A,PU,_Z,2,,,False,WB_WDI,WB_WDI_EN_GHG_CO2_PC_CE_AR5,ZWE,_T,_T,_T,_Z,_Z,_Z,2006,A,T,
8.376912,P1Y,0,,A,PU,_Z,2,,,False,WB_WDI,WB_WDI_EN_GHG_CO2_PC_CE_AR5,SVN,_T,_T,_T,_Z,_Z,_Z,2010,A,T,
0.672648,P1Y,0,,A,PU,_Z,2,,,False,WB_WDI,WB_WDI_EN_GHG_CO2_PC_CE_AR5,SLB,_T,_T,_T,_Z,_Z,_Z,2010,A,T,
0.064306,P1Y,0,,A,PU,_Z,2,,,False,WB_WDI,WB_WDI_EN_GHG_CO2_PC_CE_AR5,SOM,_T,_T,_T,_Z,_Z,_Z,2010,A,T,
8.871174,P1Y,0,,A,PU,_Z,2,,,False,WB_WDI,WB_WDI_EN_GHG_CO2_PC_CE_AR5,ZAF,_T,_T,_T,_Z,_Z,_Z,2010,A,T,
6.177996,P1Y,0,,A,PU,_Z,2,,,False,WB_WDI,WB_WDI_EN_GHG_CO2_PC_CE_AR5,ESP,_T,_T,_T,_Z,_Z,_Z,2010,A,T,
0.647461,P1Y,0,,A,PU,_Z,2,,,False,WB_WDI,WB_WDI_EN_GHG_CO2_PC_CE_AR5,LKA,_T,_T,_T,_Z,_Z,_Z,2010,A,T,
2.106903,P1Y,0,,A,PU,_Z,2,,,False,WB_WDI,WB_WDI_EN_GHG_CO2_PC_CE_AR5,KNA,_T,_T,_T,_Z,_Z,_Z,2010,A,T,
1.066668,P1Y,0,,A,PU,_Z,2,,,False,WB_WDI,WB_WDI_EN_GHG_CO2_PC_CE_AR5,LCA,_T,_T,_T,_Z,_Z,_Z,2010,A,T,
0.882147,P1Y,0,,A,PU,_Z,2,,,False,WB_WDI,WB_WDI_EN_GHG_CO2_PC_CE_AR5,VCT,_T,_T,_T,_Z,_Z,_Z,2010,A,T,
0.477571,P1Y,0,,A,PU,_Z,2,,,False,WB_WDI,WB_WDI_EN_GHG_CO2_PC_CE_AR5,SDN,_T,_T,_T,_Z,_Z,_Z,2010,A,T,
3.181718,P1Y,0,,A,PU,_Z,2,,,False,WB_WDI,WB_WDI_EN_GHG_CO2_PC_CE_AR5,SUR,_T,_T,_T,_Z,_Z,_Z,2010,A,T,
2.519461,P1Y,0,,A,PU,_Z,2,,,False,WB_WDI,WB_WDI_EN_GHG_CO2_PC_CE_AR5,ARM,_T,_T,_T,_Z,_Z,_Z,2021,A,T,
4.711235,P1Y,0,,A,PU,_Z,2,,,False,WB_WDI,WB_WDI_EN_GHG_CO2_PC_CE_AR5,ABW,_T,_T,_T,_Z,_Z,_Z,2021,A,T,
14.978724,P1Y,0,,A,PU,_Z,2,,,False,WB_WDI,WB_WDI_EN_GHG_CO2_PC_CE_AR5,AUS,_T,_T,_T,_Z,_Z,_Z,2021,A,T,
7.39224,P1Y,0,,A,PU,_Z,2,,,False,WB_WDI,WB_WDI_EN_GHG_CO2_PC_CE_AR5,AUT,_T,_T,_T,_Z,_Z,_Z,2021,A,T,
3.691569,P1Y,0,,A,PU,_Z,2,,,False,WB_WDI,WB_WDI_EN_GHG_CO2_PC_CE_AR5,AZE,_T,_T,_T,_Z,_Z,_Z,2021,A,T,
3.655143,P1Y,0,,A,PU,_Z,2,,,False,WB_WDI,WB_WDI_EN_GHG_CO2_PC_CE_AR5,BHS,_T,_T,_T,_Z,_Z,_Z,2021,A,T,
24.832936,P1Y,0,,A,PU,_Z,2,,,False,WB_WDI,WB_WDI_EN_GHG_CO2_PC_CE_AR5,BHR,_T,_T,_T,_Z,_Z,_Z,2021,A,T,
0.702428,P1Y,0,,A,PU,_Z,2,,,False,WB_WDI,WB_WDI_EN_GHG_CO2_PC_CE_AR5,BGD,_T,_T,_T,_Z,_Z,_Z,2021,A,T,
2.30908,P1Y,0,,A,PU,_Z,2,,,False,WB_WDI,WB_WDI_EN_GHG_CO2_PC_CE_AR5,BRB,_T,_T,_T,_Z,_Z,_Z,2021,A,T,
6.303871,P1Y,0,,A,PU,_Z,2,,,False,WB_WDI,WB_WDI_EN_GHG_CO2_PC_CE_AR5,BLR,_T,_T,_T,_Z,_Z,_Z,2021,A,T,
8.28757,P1Y,0,,A,PU,_Z,2,,,False,WB_WDI,WB_WDI_EN_GHG_CO2_PC_CE_AR5,BEL,_T,_T,_T,_Z,_Z,_Z,2021,A,T,
0.850141,P1Y,0,,A,PU,_Z,2,,,False,WB_WDI,WB_WDI_EN_GHG_CO2_PC_CE_AR5,BLZ,_T,_T,_T,_Z,_Z,_Z,2021,A,T,
3.577747,P1Y,0,,A,PU,_Z,2,,,False,WB_WDI,WB_WDI_EN_GHG_CO2_PC_CE_AR5,AZE,_T,_T,_T,_Z,_Z,_Z,2015,A,T,
2.907517,P1Y,0,,A,PU,_Z,2,,,False,WB_WDI,WB_WDI_EN_GHG_CO2_PC_CE_AR5,BHS,_T,_T,_T,_Z,_Z,_Z,2015,A,T,
24.424259,P1Y,0,,A,PU,_Z,2,,,False,WB_WDI,WB_WDI_EN_GHG_CO2_PC_CE_AR5,BHR,_T,_T,_T,_Z,_Z,_Z,2015,A,T,
0.536099,P1Y,0,,A,PU,_Z,2,,,False,WB_WDI,WB_WDI_EN_GHG_CO2_PC_CE_AR5,BGD,_T,_T,_T,_Z,_Z,_Z,2015,A,T,
2.578945,P1Y,0,,A,PU,_Z,2,,,False,WB_WDI,WB_WDI_EN_GHG_CO2_PC_CE_AR5,BRB,_T,_T,_T,_Z,_Z,_Z,2015,A,T,
6.253866,P1Y,0,,A,PU,_Z,2,,,False,WB_WDI,WB_WDI_EN_GHG_CO2_PC_CE_AR5,BLR,_T,_T,_T,_Z,_Z,_Z,2015,A,T,
9.084151,P1Y,0,,A,PU,_Z,2,,,False,WB_WDI,WB_WDI_EN_GHG_CO2_PC_CE_AR5,BEL,_T,_T,_T,_Z,_Z,_Z,2015,A,T,
0.693733,P1Y,0,,A,PU,_Z,2,,,False,WB_WDI,WB_WDI_EN_GHG_CO2_PC_CE_AR5,BLZ,_T,_T,_T,_Z,_Z,_Z,2015,A,T,
0.511448,P1Y,0,,A,PU,_Z,2,,,False,WB_WDI,WB_WDI_EN_GHG_CO2_PC_CE_AR5,BEN,_T,_T,_T,_Z,_Z,_Z,2015,A,T,
3.635132,P1Y,0,,A,PU,_Z,2,,,False,WB_WDI,WB_WDI_EN_GHG_CO2_PC_CE_AR5,BMU,_T,_T,_T,_Z,_Z,_Z,2015,A,T,
1.768253,P1Y,0,,A,PU,_Z,2,,,False,WB_WDI,WB_WDI_EN_GHG_CO2_PC_CE_AR5,BTN,_T,_T,_T,_Z,_Z,_Z,2015,A,T,
1.37345,P1Y,0,,A,PU,_Z,2,,,False,WB_WDI,WB_WDI_EN_GHG_CO2_PC_CE_AR5,VGB,_T,_T,_T,_Z,_Z,_Z,2000,A,T,
18.610151,P1Y,0,,A,PU,_Z,2,,,False,WB_WDI,WB_WDI_EN_GHG_CO2_PC_CE_AR5,BRN,_T,_T,_T,_Z,_Z,_Z,2000,A,T,
5.896804,P1Y,0,,A,PU,_Z,2,,,False,WB_WDI,WB_WDI_EN_GHG_CO2_PC_CE_AR5,BGR,_T,_T,_T,_Z,_Z,_Z,2000,A,T,
0.073171,P1Y,0,,A,PU,_Z,2,,,False,WB_WDI,WB_WDI_EN_GHG_CO2_PC_CE_AR5,BFA,_T,_T,_T,_Z,_Z,_Z,2000,A,T,
0.045207,P1Y,0,,A,PU,_Z,2,,,False,WB_WDI,WB_WDI_EN_GHG_CO2_PC_CE_AR5,BDI,_T,_T,_T,_Z,_Z,_Z,2000,A,T,
0.618111,P1Y,0,,A,PU,_Z,2,,,False,WB_WDI,WB_WDI_EN_GHG_CO2_PC_CE_AR5,CPV,_T,_T,_T,_Z,_Z,_Z,2000,A,T,
0.160596,P1Y,0,,A,PU,_Z,2,,,False,WB_WDI,WB_WDI_EN_GHG_CO2_PC_CE_AR5,KHM,_T,_T,_T,_Z,_Z,_Z,2000,A,T,
0.38399,P1Y,0,,A,PU,_Z,2,,,False,WB_WDI,WB_WDI_EN_GHG_CO2_PC_CE_AR5,CMR,_T,_T,_T,_Z,_Z,_Z,2000,A,T,
17.699028,P1Y,0,,A,PU,_Z,2,,,False,WB_WDI,WB_WDI_EN_GHG_CO2_PC_CE_AR5,CAN,_T,_T,_T,_Z,_Z,_Z,2000,A,T,
3.329637,P1Y,0,,A,PU,_Z,2,,,False,WB_WDI,WB_WDI_EN_GHG_CO2_PC_CE_AR5,CYM,_T,_T,_T,_Z,_Z,_Z,2000,A,T,
0.066886,P1Y,0,,A,PU,_Z,2,,,False,WB_WDI,WB_WDI_EN_GHG_CO2_PC_CE_AR5,CAF,_T,_T,_T,_Z,_Z,_Z,2000,A,T,
0.028242,P1Y,0,,A,PU,_Z,2,,,False,WB_WDI,WB_WDI_EN_GHG_CO2_PC_CE_AR5,TCD,_T,_T,_T,_Z,_Z,_Z,2000,A,T,
3.473824,P1Y,0,,A,PU,_Z,2,,,False,WB_WDI,WB_WDI_EN_GHG_CO2_PC_CE_AR5,CHL,_T,_T,_T,_Z,_Z,_Z,2000,A,T,
0.523399,P1Y,0,,A,PU,_Z,2,,,False,WB_WDI,WB_WDI_EN_GHG_CO2_PC_CE_AR5,MRT,_T,_T,_T,_Z,_Z,_Z,2005,A,T,
2.425638,P1Y,0,,A,PU,_Z,2,,,False,WB_WDI,WB_WDI_EN_GHG_CO2_PC_CE_AR5,MUS,_T,_T,_T,_Z,_Z,_Z,2005,A,T,
4.227584,P1Y,0,,A,PU,_Z,2,,,False,WB_WDI,WB_WDI_EN_GHG_CO2_PC_CE_AR5,MEX,_T,_T,_T,_Z,_Z,_Z,2005,A,T,
0.001795,P1Y,0,,A,PU,_Z,2,,,False,WB_WDI,WB_WDI_EN_GHG_CO2_PC_CE_AR5,FSM,_T,_T,_T,_Z,_Z,_Z,2005,A,T,
2.883746,P1Y,0,,A,PU,_Z,2,,,False,WB_WDI,WB_WDI_EN_GHG_CO2_PC_CE_AR5,MDA,_T,_T,_T,_Z,_Z,_Z,2005,A,T,
4.387742,P1Y,0,,A,PU,_Z,2,,,False,WB_WDI,WB_WDI_EN_GHG_CO2_PC_CE_AR5,MNG,_T,_T,_T,_Z,_Z,_Z,2005,A,T,
1.471081,P1Y,0,,A,PU,_Z,2,,,False,WB_WDI,WB_WDI_EN_GHG_CO2_PC_CE_AR5,MAR,_T,_T,_T,_Z,_Z,_Z,2005,A,T,
0.131291,P1Y,0,,A,PU,_Z,2,,,False,WB_WDI,WB_WDI_EN_GHG_CO2_PC_CE_AR5,MOZ,_T,_T,_T,_Z,_Z,_Z,2005,A,T,
0.236985,P1Y,0,,A,PU,_Z,2,,,False,WB_WDI,WB_WDI_EN_GHG_CO2_PC_CE_AR5,MMR,_T,_T,_T,_Z,_Z,_Z,2005,A,T,
1.306633,P1Y,0,,A,PU,_Z,2,,,False,WB_WDI,WB_WDI_EN_GHG_CO2_PC_CE_AR5,NAM,_T,_T,_T,_Z,_Z,_Z,2005,A,T,
3.868999,P1Y,0,,A,PU,_Z,2,,,False,WB_WDI,WB_WDI_EN_GHG_CO2_PC_CE_AR5,LTU,_T,_T,_T,_Z,_Z,_Z,2004,A,T,
25.93414,P1Y,0,,A,PU,_Z,2,,,False,WB_WDI,WB_WDI_EN_GHG_CO2_PC_CE_AR5,LUX,_T,_T,_T,_Z,_Z,_Z,2004,A,T,
4.475038,P1Y,0,,A,PU,_Z,2,,,False,WB_WDI,WB_WDI_EN_GHG_CO2_PC_CE_AR5,MAC,_T,_T,_T,_Z,_Z,_Z,2004,A,T,
0.09007,P1Y,0,,A,PU,_Z,2,,,False,WB_WDI,WB_WDI_EN_GHG_CO2_PC_CE_AR5,MDG,_T,_T,_T,_Z,_Z,_Z,2004,A,T,
0.251729,P1Y,0,,A,PU,_Z,2,,,False,WB_WDI,WB_WDI_EN_GHG_CO2_PC_CE_AR5,MWI,_T,_T,_T,_Z,_Z,_Z,2004,A,T,
6.714666,P1Y,0,,A,PU,_Z,2,,,False,WB_WDI,WB_WDI_EN_GHG_CO2_PC_CE_AR5,MYS,_T,_T,_T,_Z,_Z,_Z,2004,A,T,
2.451454,P1Y,0,,A,PU,_Z,2,,,False,WB_WDI,WB_WDI_EN_GHG_CO2_PC_CE_AR5,MDV,_T,_T,_T,_Z,_Z,_Z,2004,A,T,
0.069766,P1Y,0,,A,PU,_Z,2,,,False,WB_WDI,WB_WDI_EN_GHG_CO2_PC_CE_AR5,MLI,_T,_T,_T,_Z,_Z,_Z,2004,A,T,
6.496656,P1Y,0,,A,PU,_Z,2,,,False,WB_WDI,WB_WDI_EN_GHG_CO2_PC_CE_AR5,MLT,_T,_T,_T,_Z,_Z,_Z,2004,A,T,
0.001931,P1Y,0,,A,PU,_Z,2,,,False,WB_WDI,WB_WDI_EN_GHG_CO2_PC_CE_AR5,MHL,_T,_T,_T,_Z,_Z,_Z,2004,A,T,
0.518255,P1Y,0,,A,PU,_Z,2,,,False,WB_WDI,WB_WDI_EN_GHG_CO2_PC_CE_AR5,MRT,_T,_T,_T,_Z,_Z,_Z,2004,A,T,
2.28083,P1Y,0,,A,PU,_Z,2,,,False,WB_WDI,WB_WDI_EN_GHG_CO2_PC_CE_AR5,MUS,_T,_T,_T,_Z,_Z,_Z,2004,A,T,
4.344523,P1Y,0,,A,PU,_Z,2,,,False,WB_WDI,WB_WDI_EN_GHG_CO2_PC_CE_AR5,ROU,_T,_T,_T,_Z,_Z,_Z,2000,A,T,
11.467858,P1Y,0,,A,PU,_Z,2,,,False,WB_WDI,WB_WDI_EN_GHG_CO2_PC_CE_AR5,RUS,_T,_T,_T,_Z,_Z,_Z,2000,A,T,
0.082847,P1Y,0,,A,PU,_Z,2,,,False,WB_WDI,WB_WDI_EN_GHG_CO2_PC_CE_AR5,RWA,_T,_T,_T,_Z,_Z,_Z,2000,A,T,
1.02375,P1Y,0,,A,PU,_Z,2,,,False,WB_WDI,WB_WDI_EN_GHG_CO2_PC_CE_AR5,WSM,_T,_T,_T,_Z,_Z,_Z,2000,A,T,
0.379814,P1Y,0,,A,PU,_Z,2,,,False,WB_WDI,WB_WDI_EN_GHG_CO2_PC_CE_AR5,STP,_T,_T,_T,_Z,_Z,_Z,2000,A,T,
16.395399,P1Y,0,,A,PU,_Z,2,,,False,WB_WDI,WB_WDI_EN_GHG_CO2_PC_CE_AR5,SAU,_T,_T,_T,_Z,_Z,_Z,2000,A,T,
0.40018,P1Y,0,,A,PU,_Z,2,,,False,WB_WDI,WB_WDI_EN_GHG_CO2_PC_CE_AR5,SEN,_T,_T,_T,_Z,_Z,_Z,2000,A,T,
9.299774,P1Y,0,,A,PU,_Z,2,,,False,WB_WDI,WB_WDI_EN_GHG_CO2_PC_CE_AR5,SYC,_T,_T,_T,_Z,_Z,_Z,2000,A,T,
0.097567,P1Y,0,,A,PU,_Z,2,,,False,WB_WDI,WB_WDI_EN_GHG_CO2_PC_CE_AR5,SLE,_T,_T,_T,_Z,_Z,_Z,2000,A,T,
11.301037,P1Y,0,,A,PU,_Z,2,,,False,WB_WDI,WB_WDI_EN_GHG_CO2_PC_CE_AR5,SGP,_T,_T,_T,_Z,_Z,_Z,2000,A,T,
7.73551,P1Y,0,,A,PU,_Z,2,,,False,WB_WDI,WB_WDI_EN_GHG_CO2_PC_CE_AR5,SVK,_T,_T,_T,_Z,_Z,_Z,2000,A,T,
7.589024,P1Y,0,,A,PU,_Z,2,,,False,WB_WDI,WB_WDI_EN_GHG_CO2_PC_CE_AR5,SVN,_T,_T,_T,_Z,_Z,_Z,2000,A,T,
13.614796,P1Y,0,,A,PU,_Z,2,,,False,WB_WDI,WB_WDI_EN_GHG_CO2_PC_CE_AR5,OMN,_T,_T,_T,_Z,_Z,_Z,2003,A,T,
0.703114,P1Y,0,,A,PU,_Z,2,,,False,WB_WDI,WB_WDI_EN_GHG_CO2_PC_CE_AR5,PAK,_T,_T,_T,_Z,_Z,_Z,2003,A,T,
87.395086,P1Y,0,,A,PU,_Z,2,,,False,WB_WDI,WB_WDI_EN_GHG_CO2_PC_CE_AR5,PLW,_T,_T,_T,_Z,_Z,_Z,2003,A,T,
1.71838,P1Y,0,,A,PU,_Z,2,,,False,WB_WDI,WB_WDI_EN_GHG_CO2_PC_CE_AR5,PAN,_T,_T,_T,_Z,_Z,_Z,2003,A,T,
0.739599,P1Y,0,,A,PU,_Z,2,,,False,WB_WDI,WB_WDI_EN_GHG_CO2_PC_CE_AR5,PNG,_T,_T,_T,_Z,_Z,_Z,2003,A,T,
0.768337,P1Y,0,,A,PU,_Z,2,,,False,WB_WDI,WB_WDI_EN_GHG_CO2_PC_CE_AR5,PRY,_T,_T,_T,_Z,_Z,_Z,2003,A,T,
0.999007,P1Y,0,,A,PU,_Z,2,,,False,WB_WDI,WB_WDI_EN_GHG_CO2_PC_CE_AR5,PER,_T,_T,_T,_Z,_Z,_Z,2003,A,T,
0.882481,P1Y,0,,A,PU,_Z,2,,,False,WB_WDI,WB_WDI_EN_GHG_CO2_PC_CE_AR5,PHL,_T,_T,_T,_Z,_Z,_Z,2003,A,T,
8.253,P1Y,0,,A,PU,_Z,2,,,False,WB_WDI,WB_WDI_EN_GHG_CO2_PC_CE_AR5,POL,_T,_T,_T,_Z,_Z,_Z,2003,A,T,
6.004826,P1Y,0,,A,PU,_Z,2,,,False,WB_WDI,WB_WDI_EN_GHG_CO2_PC_CE_AR5,PRT,_T,_T,_T,_Z,_Z,_Z,2003,A,T,
6.830515,P1Y,0,,A,PU,_Z,2,,,False,WB_WDI,WB_WDI_EN_GHG_CO2_PC_CE_AR5,PRI,_T,_T,_T,_Z,_Z,_Z,2003,A,T,
51.390124,P1Y,0,,A,PU,_Z,2,,,False,WB_WDI,WB_WDI_EN_GHG_CO2_PC_CE_AR5,QAT,_T,_T,_T,_Z,_Z,_Z,2003,A,T,
3.417139,P1Y,0,,A,PU,_Z,2,,,False,WB_WDI,WB_WDI_EN_GHG_CO2_PC_CE_AR5,AZE,_T,_T,_T,_Z,_Z,_Z,2001,A,T,
3.028038,P1Y,0,,A,PU,_Z,2,,,False,WB_WDI,WB_WDI_EN_GHG_CO2_PC_CE_AR5,BHS,_T,_T,_T,_Z,_Z,_Z,2001,A,T,
27.82709,P1Y,0,,A,PU,_Z,2,,,False,WB_WDI,WB_WDI_EN_GHG_CO2_PC_CE_AR5,BHR,_T,_T,_T,_Z,_Z,_Z,2001,A,T,
0.238535,P1Y,0,,A,PU,_Z,2,,,False,WB_WDI,WB_WDI_EN_GHG_CO2_PC_CE_AR5,BGD,_T,_T,_T,_Z,_Z,_Z,2001,A,T,
2.152615,P1Y,0,,A,PU,_Z,2,,,False,WB_WDI,WB_WDI_EN_GHG_CO2_PC_CE_AR5,BRB,_T,_T,_T,_Z,_Z,_Z,2001,A,T,
5.53945,P1Y,0,,A,PU,_Z,2,,,False,WB_WDI,WB_WDI_EN_GHG_CO2_PC_CE_AR5,BLR,_T,_T,_T,_Z,_Z,_Z,2001,A,T,
12.225212,P1Y,0,,A,PU,_Z,2,,,False,WB_WDI,WB_WDI_EN_GHG_CO2_PC_CE_AR5,BEL,_T,_T,_T,_Z,_Z,_Z,2001,A,T,
0.57372,P1Y,0,,A,PU,_Z,2,,,False,WB_WDI,WB_WDI_EN_GHG_CO2_PC_CE_AR5,BLZ,_T,_T,_T,_Z,_Z,_Z,2001,A,T,
0.249449,P1Y,0,,A,PU,_Z,2,,,False,WB_WDI,WB_WDI_EN_GHG_CO2_PC_CE_AR5,BEN,_T,_T,_T,_Z,_Z,_Z,2001,A,T,
2.403543,P1Y,0,,A,PU,_Z,2,,,False,WB_WDI,WB_WDI_EN_GHG_CO2_PC_CE_AR5,BMU,_T,_T,_T,_Z,_Z,_Z,2001,A,T,
0.719064,P1Y,0,,A,PU,_Z,2,,,False,WB_WDI,WB_WDI_EN_GHG_CO2_PC_CE_AR5,BTN,_T,_T,_T,_Z,_Z,_Z,2001,A,T,
0.906722,P1Y,0,,A,PU,_Z,2,,,False,WB_WDI,WB_WDI_EN_GHG_CO2_PC_CE_AR5,BOL,_T,_T,_T,_Z,_Z,_Z,2001,A,T,
3.372894,P1Y,0,,A,PU,_Z,2,,,False,WB_WDI,WB_WDI_EN_GHG_CO2_PC_CE_AR5,BIH,_T,_T,_T,_Z,_Z,_Z,2001,A,T,
4.990215,P1Y,0,,A,PU,_Z,2,,,False,WB_WDI,WB_WDI_EN_GHG_CO2_PC_CE_AR5,ABW,_T,_T,_T,_Z,_Z,_Z,2022,A,T,
14.530503,P1Y,0,,A,PU,_Z,2,,,False,WB_WDI,WB_WDI_EN_GHG_CO2_PC_CE_AR5,AUS,_T,_T,_T,_Z,_Z,_Z,2022,A,T,
6.928581,P1Y,0,,A,PU,_Z,2,,,False,WB_WDI,WB_WDI_EN_GHG_CO2_PC_CE_AR5,AUT,_T,_T,_T,_Z,_Z,_Z,2022,A,T,
3.912892,P1Y,0,,A,PU,_Z,2,,,False,WB_WDI,WB_WDI_EN_GHG_CO2_PC_CE_AR5,AZE,_T,_T,_T,_Z,_Z,_Z,2022,A,T,
3.535511,P1Y,0,,A,PU,_Z,2,,,False,WB_WDI,WB_WDI_EN_GHG_CO2_PC_CE_AR5,BHS,_T,_T,_T,_Z,_Z,_Z,2022,A,T,
25.467881,P1Y,0,,A,PU,_Z,2,,,False,WB_WDI,WB_WDI_EN_GHG_CO2_PC_CE_AR5,BHR,_T,_T,_T,_Z,_Z,_Z,2022,A,T,
0.713557,P1Y,0,,A,PU,_Z,2,,,False,WB_WDI,WB_WDI_EN_GHG_CO2_PC_CE_AR5,BGD,_T,_T,_T,_Z,_Z,_Z,2022,A,T,
2.440156,P1Y,0,,A,PU,_Z,2,,,False,WB_WDI,WB_WDI_EN_GHG_CO2_PC_CE_AR5,BRB,_T,_T,_T,_Z,_Z,_Z,2022,A,T,
6.057008,P1Y,0,,A,PU,_Z,2,,,False,WB_WDI,WB_WDI_EN_GHG_CO2_PC_CE_AR5,BLR,_T,_T,_T,_Z,_Z,_Z,2022,A,T,
7.677662,P1Y,0,,A,PU,_Z,2,,,False,WB_WDI,WB_WDI_EN_GHG_CO2_PC_CE_AR5,BEL,_T,_T,_T,_Z,_Z,_Z,2022,A,T,
0.880236,P1Y,0,,A,PU,_Z,2,,,False,WB_WDI,WB_WDI_EN_GHG_CO2_PC_CE_AR5,BLZ,_T,_T,_T,_Z,_Z,_Z,2022,A,T,
0.513056,P1Y,0,,A,PU,_Z,2,,,False,WB_WDI,WB_WDI_EN_GHG_CO2_PC_CE_AR5,BEN,_T,_T,_T,_Z,_Z,_Z,2022,A,T,
2.32679,P1Y,0,,A,PU,_Z,2,,,False,WB_WDI,WB_WDI_EN_GHG_CO2_PC_CE_AR5,CUB,_T,_T,_T,_Z,_Z,_Z,2005,A,T,
7.630162,P1Y,0,,A,PU,_Z,2,,,False,WB_WDI,WB_WDI_EN_GHG_CO2_PC_CE_AR5,CYP,_T,_T,_T,_Z,_Z,_Z,2005,A,T,
12.637878,P1Y,0,,A,PU,_Z,2,,,False,WB_WDI,WB_WDI_EN_GHG_CO2_PC_CE_AR5,CZE,_T,_T,_T,_Z,_Z,_Z,2005,A,T,
9.34585,P1Y,0,,A,PU,_Z,2,,,False,WB_WDI,WB_WDI_EN_GHG_CO2_PC_CE_AR5,DNK,_T,_T,_T,_Z,_Z,_Z,2005,A,T,
0.898629,P1Y,0,,A,PU,_Z,2,,,False,WB_WDI,WB_WDI_EN_GHG_CO2_PC_CE_AR5,DJI,_T,_T,_T,_Z,_Z,_Z,2005,A,T,
0.856927,P1Y,0,,A,PU,_Z,2,,,False,WB_WDI,WB_WDI_EN_GHG_CO2_PC_CE_AR5,DMA,_T,_T,_T,_Z,_Z,_Z,2005,A,T,
2.036849,P1Y,0,,A,PU,_Z,2,,,False,WB_WDI,WB_WDI_EN_GHG_CO2_PC_CE_AR5,DOM,_T,_T,_T,_Z,_Z,_Z,2005,A,T,
2.084736,P1Y,0,,A,PU,_Z,2,,,False,WB_WDI,WB_WDI_EN_GHG_CO2_PC_CE_AR5,ECU,_T,_T,_T,_Z,_Z,_Z,2005,A,T,
2.199566,P1Y,0,,A,PU,_Z,2,,,False,WB_WDI,WB_WDI_EN_GHG_CO2_PC_CE_AR5,EGY,_T,_T,_T,_Z,_Z,_Z,2005,A,T,
1.171011,P1Y,0,,A,PU,_Z,2,,,False,WB_WDI,WB_WDI_EN_GHG_CO2_PC_CE_AR5,SLV,_T,_T,_T,_Z,_Z,_Z,2005,A,T,
6.751027,P1Y,0,,A,PU,_Z,2,,,False,WB_WDI,WB_WDI_EN_GHG_CO2_PC_CE_AR5,GNQ,_T,_T,_T,_Z,_Z,_Z,2005,A,T,
7.520148,P1Y,0,,A,PU,_Z,2,,,False,WB_WDI,WB_WDI_EN_GHG_CO2_PC_CE_AR5,NLD,_T,_T,_T,_Z,_Z,_Z,2022,A,T,
16.075689,P1Y,0,,A,PU,_Z,2,,,False,WB_WDI,WB_WDI_EN_GHG_CO2_PC_CE_AR5,NCL,_T,_T,_T,_Z,_Z,_Z,2022,A,T,
6.321625,P1Y,0,,A,PU,_Z,2,,,False,WB_WDI,WB_WDI_EN_GHG_CO2_PC_CE_AR5,NZL,_T,_T,_T,_Z,_Z,_Z,2022,A,T,
0.781677,P1Y,0,,A,PU,_Z,2,,,False,WB_WDI,WB_WDI_EN_GHG_CO2_PC_CE_AR5,NIC,_T,_T,_T,_Z,_Z,_Z,2022,A,T,
0.127126,P1Y,0,,A,PU,_Z,2,,,False,WB_WDI,WB_WDI_EN_GHG_CO2_PC_CE_AR5,NER,_T,_T,_T,_Z,_Z,_Z,2022,A,T,
0.578271,P1Y,0,,A,PU,_Z,2,,,False,WB_WDI,WB_WDI_EN_GHG_CO2_PC_CE_AR5,NGA,_T,_T,_T,_Z,_Z,_Z,2022,A,T,
4.478979,P1Y,0,,A,PU,_Z,2,,,False,WB_WDI,WB_WDI_EN_GHG_CO2_PC_CE_AR5,MKD,_T,_T,_T,_Z,_Z,_Z,2022,A,T,
0.00217,P1Y,0,,A,PU,_Z,2,,,False,WB_WDI,WB_WDI_EN_GHG_CO2_PC_CE_AR5,MNP,_T,_T,_T,_Z,_Z,_Z,2022,A,T,
7.979858,P1Y,0,,A,PU,_Z,2,,,False,WB_WDI,WB_WDI_EN_GHG_CO2_PC_CE_AR5,NOR,_T,_T,_T,_Z,_Z,_Z,2022,A,T,
19.683076,P1Y,0,,A,PU,_Z,2,,,False,WB_WDI,WB_WDI_EN_GHG_CO2_PC_CE_AR5,OMN,_T,_T,_T,_Z,_Z,_Z,2022,A,T,
0.965826,P1Y,0,,A,PU,_Z,2,,,False,WB_WDI,WB_WDI_EN_GHG_CO2_PC_CE_AR5,PAK,_T,_T,_T,_Z,_Z,_Z,2022,A,T,
78.72628,P1Y,0,,A,PU,_Z,2,,,False,WB_WDI,WB_WDI_EN_GHG_CO2_PC_CE_AR5,PLW,_T,_T,_T,_Z,_Z,_Z,2022,A,T,
2.600248,P1Y,0,,A,PU,_Z,2,,,False,WB_WDI,WB_WDI_EN_GHG_CO2_PC_CE_AR5,PAN,_T,_T,_T,_Z,_Z,_Z,2022,A,T,
0.541939,P1Y,0,,A,PU,_Z,2,,,False,WB_WDI,WB_WDI_EN_GHG_CO2_PC_CE_AR5,PNG,_T,_T,_T,_Z,_Z,_Z,2022,A,T,
0.747288,P1Y,0,,A,PU,_Z,2,,,False,WB_WDI,WB_WDI_EN_GHG_CO2_PC_CE_AR5,SSF,_T,_T,_T,_Z,_Z,_Z,2021,A,T,
0.746687,P1Y,0,,A,PU,_Z,2,,,False,WB_WDI,WB_WDI_EN_GHG_CO2_PC_CE_AR5,SSA,_T,_T,_T,_Z,_Z,_Z,2021,A,T,
0.747288,P1Y,0,,A,PU,_Z,2,,,False,WB_WDI,WB_WDI_EN_GHG_CO2_PC_CE_AR5,TSS,_T,_T,_T,_Z,_Z,_Z,2021,A,T,
6.113857,P1Y,0,,A,PU,_Z,2,,,False,WB_WDI,WB_WDI_EN_GHG_CO2_PC_CE_AR5,UMC,_T,_T,_T,_Z,_Z,_Z,2021,A,T,
4.684764,P1Y,0,,A,PU,_Z,2,,,False,WB_WDI,WB_WDI_EN_GHG_CO2_PC_CE_AR5,WLD,_T,_T,_T,_Z,_Z,_Z,2021,A,T,
0.312157,P1Y,0,,A,PU,_Z,2,,,False,WB_WDI,WB_WDI_EN_GHG_CO2_PC_CE_AR5,AFG,_T,_T,_T,_Z,_Z,_Z,2021,A,T,
2.053289,P1Y,0,,A,PU,_Z,2,,,False,WB_WDI,WB_WDI_EN_GHG_CO2_PC_CE_AR5,ALB,_T,_T,_T,_Z,_Z,_Z,2021,A,T,
4.050872,P1Y,0,,A,PU,_Z,2,,,False,WB_WDI,WB_WDI_EN_GHG_CO2_PC_CE_AR5,DZA,_T,_T,_T,_Z,_Z,_Z,2021,A,T,
0.002031,P1Y,0,,A,PU,_Z,2,,,False,WB_WDI,WB_WDI_EN_GHG_CO2_PC_CE_AR5,ASM,_T,_T,_T,_Z,_Z,_Z,2021,A,T,
0.740293,P1Y,0,,A,PU,_Z,2,,,False,WB_WDI,WB_WDI_EN_GHG_CO2_PC_CE_AR5,AGO,_T,_T,_T,_Z,_Z,_Z,2021,A,T,
3.589644,P1Y,0,,A,PU,_Z,2,,,False,WB_WDI,WB_WDI_EN_GHG_CO2_PC_CE_AR5,ATG,_T,_T,_T,_Z,_Z,_Z,2021,A,T,
4.097697,P1Y,0,,A,PU,_Z,2,,,False,WB_WDI,WB_WDI_EN_GHG_CO2_PC_CE_AR5,ARG,_T,_T,_T,_Z,_Z,_Z,2021,A,T,
22.908185,P1Y,0,,A,PU,_Z,2,,,False,WB_WDI,WB_WDI_EN_GHG_CO2_PC_CE_AR5,KWT,_T,_T,_T,_Z,_Z,_Z,2021,A,T,
1.534762,P1Y,0,,A,PU,_Z,2,,,False,WB_WDI,WB_WDI_EN_GHG_CO2_PC_CE_AR5,KGZ,_T,_T,_T,_Z,_Z,_Z,2021,A,T,
3.195489,P1Y,0,,A,PU,_Z,2,,,False,WB_WDI,WB_WDI_EN_GHG_CO2_PC_CE_AR5,LAO,_T,_T,_T,_Z,_Z,_Z,2021,A,T,
3.995988,P1Y,0,,A,PU,_Z,2,,,False,WB_WDI,WB_WDI_EN_GHG_CO2_PC_CE_AR5,LVA,_T,_T,_T,_Z,_Z,_Z,2021,A,T,
2.923163,P1Y,0,,A,PU,_Z,2,,,False,WB_WDI,WB_WDI_EN_GHG_CO2_PC_CE_AR5,LBN,_T,_T,_T,_Z,_Z,_Z,2021,A,T,
0.337999,P1Y,0,,A,PU,_Z,2,,,False,WB_WDI,WB_WDI_EN_GHG_CO2_PC_CE_AR5,LSO,_T,_T,_T,_Z,_Z,_Z,2021,A,T,
0.159868,P1Y,0,,A,PU,_Z,2,,,False,WB_WDI,WB_WDI_EN_GHG_CO2_PC_CE_AR5,LBR,_T,_T,_T,_Z,_Z,_Z,2021,A,T,
8.179323,P1Y,0,,A,PU,_Z,2,,,False,WB_WDI,WB_WDI_EN_GHG_CO2_PC_CE_AR5,LBY,_T,_T,_T,_Z,_Z,_Z,2021,A,T,
5.103227,P1Y,0,,A,PU,_Z,2,,,False,WB_WDI,WB_WDI_EN_GHG_CO2_PC_CE_AR5,LTU,_T,_T,_T,_Z,_Z,_Z,2021,A,T,
13.093378,P1Y,0,,A,PU,_Z,2,,,False,WB_WDI,WB_WDI_EN_GHG_CO2_PC_CE_AR5,LUX,_T,_T,_T,_Z,_Z,_Z,2021,A,T,
0.186381,P1Y,0,,A,PU,_Z,2,,,False,WB_WDI,WB_WDI_EN_GHG_CO2_PC_CE_AR5,LAO,_T,_T,_T,_Z,_Z,_Z,2001,A,T,
3.281404,P1Y,0,,A,PU,_Z,2,,,False,WB_WDI,WB_WDI_EN_GHG_CO2_PC_CE_AR5,LVA,_T,_T,_T,_Z,_Z,_Z,2001,A,T,
3.752546,P1Y,0,,A,PU,_Z,2,,,False,WB_WDI,WB_WDI_EN_GHG_CO2_PC_CE_AR5,LBN,_T,_T,_T,_Z,_Z,_Z,2001,A,T,
0.182472,P1Y,0,,A,PU,_Z,2,,,False,WB_WDI,WB_WDI_EN_GHG_CO2_PC_CE_AR5,LSO,_T,_T,_T,_Z,_Z,_Z,2001,A,T,
0.15262,P1Y,0,,A,PU,_Z,2,,,False,WB_WDI,WB_WDI_EN_GHG_CO2_PC_CE_AR5,LBR,_T,_T,_T,_Z,_Z,_Z,2001,A,T,
9.021495,P1Y,0,,A,PU,_Z,2,,,False,WB_WDI,WB_WDI_EN_GHG_CO2_PC_CE_AR5,LBY,_T,_T,_T,_Z,_Z,_Z,2001,A,T,
3.570138,P1Y,0,,A,PU,_Z,2,,,False,WB_WDI,WB_WDI_EN_GHG_CO2_PC_CE_AR5,LTU,_T,_T,_T,_Z,_Z,_Z,2001,A,T,
21.141045,P1Y,0,,A,PU,_Z,2,,,False,WB_WDI,WB_WDI_EN_GHG_CO2_PC_CE_AR5,LUX,_T,_T,_T,_Z,_Z,_Z,2001,A,T,
3.594607,P1Y,0,,A,PU,_Z,2,,,False,WB_WDI,WB_WDI_EN_GHG_CO2_PC_CE_AR5,MAC,_T,_T,_T,_Z,_Z,_Z,2001,A,T,
0.100417,P1Y,0,,A,PU,_Z,2,,,False,WB_WDI,WB_WDI_EN_GHG_CO2_PC_CE_AR5,MDG,_T,_T,_T,_Z,_Z,_Z,2001,A,T,
0.273146,P1Y,0,,A,PU,_Z,2,,,False,WB_WDI,WB_WDI_EN_GHG_CO2_PC_CE_AR5,MWI,_T,_T,_T,_Z,_Z,_Z,2001,A,T,
5.883042,P1Y,0,,A,PU,_Z,2,,,False,WB_WDI,WB_WDI_EN_GHG_CO2_PC_CE_AR5,MYS,_T,_T,_T,_Z,_Z,_Z,2001,A,T,
1.934323,P1Y,0,,A,PU,_Z,2,,,False,WB_WDI,WB_WDI_EN_GHG_CO2_PC_CE_AR5,MDV,_T,_T,_T,_Z,_Z,_Z,2001,A,T,
7.601828,P1Y,0,,A,PU,_Z,2,,,False,WB_WDI,WB_WDI_EN_GHG_CO2_PC_CE_AR5,ESP,_T,_T,_T,_Z,_Z,_Z,2001,A,T,
0.580306,P1Y,0,,A,PU,_Z,2,,,False,WB_WDI,WB_WDI_EN_GHG_CO2_PC_CE_AR5,LKA,_T,_T,_T,_Z,_Z,_Z,2001,A,T,
1.110116,P1Y,0,,A,PU,_Z,2,,,False,WB_WDI,WB_WDI_EN_GHG_CO2_PC_CE_AR5,KNA,_T,_T,_T,_Z,_Z,_Z,2001,A,T,
0.646542,P1Y,0,,A,PU,_Z,2,,,False,WB_WDI,WB_WDI_EN_GHG_CO2_PC_CE_AR5,LCA,_T,_T,_T,_Z,_Z,_Z,2001,A,T,
0.427309,P1Y,0,,A,PU,_Z,2,,,False,WB_WDI,WB_WDI_EN_GHG_CO2_PC_CE_AR5,VCT,_T,_T,_T,_Z,_Z,_Z,2001,A,T,
0.229633,P1Y,0,,A,PU,_Z,2,,,False,WB_WDI,WB_WDI_EN_GHG_CO2_PC_CE_AR5,SDN,_T,_T,_T,_Z,_Z,_Z,2001,A,T,
3.125206,P1Y,0,,A,PU,_Z,2,,,False,WB_WDI,WB_WDI_EN_GHG_CO2_PC_CE_AR5,SUR,_T,_T,_T,_Z,_Z,_Z,2001,A,T,
6.526378,P1Y,0,,A,PU,_Z,2,,,False,WB_WDI,WB_WDI_EN_GHG_CO2_PC_CE_AR5,SWE,_T,_T,_T,_Z,_Z,_Z,2001,A,T,
6.388608,P1Y,0,,A,PU,_Z,2,,,False,WB_WDI,WB_WDI_EN_GHG_CO2_PC_CE_AR5,CHE,_T,_T,_T,_Z,_Z,_Z,2001,A,T,
2.69851,P1Y,0,,A,PU,_Z,2,,,False,WB_WDI,WB_WDI_EN_GHG_CO2_PC_CE_AR5,SYR,_T,_T,_T,_Z,_Z,_Z,2001,A,T,
0.427929,P1Y,0,,A,PU,_Z,2,,,False,WB_WDI,WB_WDI_EN_GHG_CO2_PC_CE_AR5,TJK,_T,_T,_T,_Z,_Z,_Z,2001,A,T,
0.093385,P1Y,0,,A,PU,_Z,2,,,False,WB_WDI,WB_WDI_EN_GHG_CO2_PC_CE_AR5,TZA,_T,_T,_T,_Z,_Z,_Z,2001,A,T,
2.883303,P1Y,0,,A,PU,_Z,2,,,False,WB_WDI,WB_WDI_EN_GHG_CO2_PC_CE_AR5,THA,_T,_T,_T,_Z,_Z,_Z,2001,A,T,
0.798254,P1Y,0,,A,PU,_Z,2,,,False,WB_WDI,WB_WDI_EN_GHG_CO2_PC_CE_AR5,SSF,_T,_T,_T,_Z,_Z,_Z,2017,A,T,
0.797248,P1Y,0,,A,PU,_Z,2,,,False,WB_WDI,WB_WDI_EN_GHG_CO2_PC_CE_AR5,SSA,_T,_T,_T,_Z,_Z,_Z,2017,A,T,
0.798254,P1Y,0,,A,PU,_Z,2,,,False,WB_WDI,WB_WDI_EN_GHG_CO2_PC_CE_AR5,TSS,_T,_T,_T,_Z,_Z,_Z,2017,A,T,
5.6119,P1Y,0,,A,PU,_Z,2,,,False,WB_WDI,WB_WDI_EN_GHG_CO2_PC_CE_AR5,UMC,_T,_T,_T,_Z,_Z,_Z,2017,A,T,
4.672231,P1Y,0,,A,PU,_Z,2,,,False,WB_WDI,WB_WDI_EN_GHG_CO2_PC_CE_AR5,WLD,_T,_T,_T,_Z,_Z,_Z,2017,A,T,
0.291328,P1Y,0,,A,PU,_Z,2,,,False,WB_WDI,WB_WDI_EN_GHG_CO2_PC_CE_AR5,AFG,_T,_T,_T,_Z,_Z,_Z,2017,A,T,
2.024442,P1Y,0,,A,PU,_Z,2,,,False,WB_WDI,WB_WDI_EN_GHG_CO2_PC_CE_AR5,ALB,_T,_T,_T,_Z,_Z,_Z,2017,A,T,
3.98952,P1Y,0,,A,PU,_Z,2,,,False,WB_WDI,WB_WDI_EN_GHG_CO2_PC_CE_AR5,DZA,_T,_T,_T,_Z,_Z,_Z,2017,A,T,
0.001939,P1Y,0,,A,PU,_Z,2,,,False,WB_WDI,WB_WDI_EN_GHG_CO2_PC_CE_AR5,ASM,_T,_T,_T,_Z,_Z,_Z,2017,A,T,
0.925922,P1Y,0,,A,PU,_Z,2,,,False,WB_WDI,WB_WDI_EN_GHG_CO2_PC_CE_AR5,AGO,_T,_T,_T,_Z,_Z,_Z,2017,A,T,
3.064067,P1Y,0,,A,PU,_Z,2,,,False,WB_WDI,WB_WDI_EN_GHG_CO2_PC_CE_AR5,ATG,_T,_T,_T,_Z,_Z,_Z,2017,A,T,
4.321029,P1Y,0,,A,PU,_Z,2,,,False,WB_WDI,WB_WDI_EN_GHG_CO2_PC_CE_AR5,ARG,_T,_T,_T,_Z,_Z,_Z,2017,A,T,
8.580657,P1Y,0,,A,PU,_Z,2,,,False,WB_WDI,WB_WDI_EN_GHG_CO2_PC_CE_AR5,SVN,_T,_T,_T,_Z,_Z,_Z,2003,A,T,
0.596369,P1Y,0,,A,PU,_Z,2,,,False,WB_WDI,WB_WDI_EN_GHG_CO2_PC_CE_AR5,SLB,_T,_T,_T,_Z,_Z,_Z,2003,A,T,
0.07593,P1Y,0,,A,PU,_Z,2,,,False,WB_WDI,WB_WDI_EN_GHG_CO2_PC_CE_AR5,SOM,_T,_T,_T,_Z,_Z,_Z,2003,A,T,
8.114911,P1Y,0,,A,PU,_Z,2,,,False,WB_WDI,WB_WDI_EN_GHG_CO2_PC_CE_AR5,ZAF,_T,_T,_T,_Z,_Z,_Z,2003,A,T,
7.963642,P1Y,0,,A,PU,_Z,2,,,False,WB_WDI,WB_WDI_EN_GHG_CO2_PC_CE_AR5,ESP,_T,_T,_T,_Z,_Z,_Z,2003,A,T,
0.644522,P1Y,0,,A,PU,_Z,2,,,False,WB_WDI,WB_WDI_EN_GHG_CO2_PC_CE_AR5,LKA,_T,_T,_T,_Z,_Z,_Z,2003,A,T,
1.305873,P1Y,0,,A,PU,_Z,2,,,False,WB_WDI,WB_WDI_EN_GHG_CO2_PC_CE_AR5,KNA,_T,_T,_T,_Z,_Z,_Z,2003,A,T,
0.696422,P1Y,0,,A,PU,_Z,2,,,False,WB_WDI,WB_WDI_EN_GHG_CO2_PC_CE_AR5,LCA,_T,_T,_T,_Z,_Z,_Z,2003,A,T,
0.531196,P1Y,0,,A,PU,_Z,2,,,False,WB_WDI,WB_WDI_EN_GHG_CO2_PC_CE_AR5,VCT,_T,_T,_T,_Z,_Z,_Z,2003,A,T,
0.274762,P1Y,0,,A,PU,_Z,2,,,False,WB_WDI,WB_WDI_EN_GHG_CO2_PC_CE_AR5,SDN,_T,_T,_T,_Z,_Z,_Z,2003,A,T,
2.438321,P1Y,0,,A,PU,_Z,2,,,False,WB_WDI,WB_WDI_EN_GHG_CO2_PC_CE_AR5,SUR,_T,_T,_T,_Z,_Z,_Z,2003,A,T,
6.659642,P1Y,0,,A,PU,_Z,2,,,False,WB_WDI,WB_WDI_EN_GHG_CO2_PC_CE_AR5,SWE,_T,_T,_T,_Z,_Z,_Z,2003,A,T,
6.248589,P1Y,0,,A,PU,_Z,2,,,False,WB_WDI,WB_WDI_EN_GHG_CO2_PC_CE_AR5,CHE,_T,_T,_T,_Z,_Z,_Z,2003,A,T,
0.097438,P1Y,0,,A,PU,_Z,2,,,False,WB_WDI,WB_WDI_EN_GHG_CO2_PC_CE_AR5,RWA,_T,_T,_T,_Z,_Z,_Z,2002,A,T,
1.12538,P1Y,0,,A,PU,_Z,2,,,False,WB_WDI,WB_WDI_EN_GHG_CO2_PC_CE_AR5,WSM,_T,_T,_T,_Z,_Z,_Z,2002,A,T,
0.429557,P1Y,0,,A,PU,_Z,2,,,False,WB_WDI,WB_WDI_EN_GHG_CO2_PC_CE_AR5,STP,_T,_T,_T,_Z,_Z,_Z,2002,A,T,
16.399128,P1Y,0,,A,PU,_Z,2,,,False,WB_WDI,WB_WDI_EN_GHG_CO2_PC_CE_AR5,SAU,_T,_T,_T,_Z,_Z,_Z,2002,A,T,
0.447201,P1Y,0,,A,PU,_Z,2,,,False,WB_WDI,WB_WDI_EN_GHG_CO2_PC_CE_AR5,SEN,_T,_T,_T,_Z,_Z,_Z,2002,A,T,
9.060832,P1Y,0,,A,PU,_Z,2,,,False,WB_WDI,WB_WDI_EN_GHG_CO2_PC_CE_AR5,SYC,_T,_T,_T,_Z,_Z,_Z,2002,A,T,
0.116626,P1Y,0,,A,PU,_Z,2,,,False,WB_WDI,WB_WDI_EN_GHG_CO2_PC_CE_AR5,SLE,_T,_T,_T,_Z,_Z,_Z,2002,A,T,
10.828003,P1Y,0,,A,PU,_Z,2,,,False,WB_WDI,WB_WDI_EN_GHG_CO2_PC_CE_AR5,SGP,_T,_T,_T,_Z,_Z,_Z,2002,A,T,
7.802173,P1Y,0,,A,PU,_Z,2,,,False,WB_WDI,WB_WDI_EN_GHG_CO2_PC_CE_AR5,SVK,_T,_T,_T,_Z,_Z,_Z,2002,A,T,
8.662141,P1Y,0,,A,PU,_Z,2,,,False,WB_WDI,WB_WDI_EN_GHG_CO2_PC_CE_AR5,SVN,_T,_T,_T,_Z,_Z,_Z,2002,A,T,
0.585136,P1Y,0,,A,PU,_Z,2,,,False,WB_WDI,WB_WDI_EN_GHG_CO2_PC_CE_AR5,SLB,_T,_T,_T,_Z,_Z,_Z,2002,A,T,
0.077319,P1Y,0,,A,PU,_Z,2,,,False,WB_WDI,WB_WDI_EN_GHG_CO2_PC_CE_AR5,SOM,_T,_T,_T,_Z,_Z,_Z,2002,A,T,
7.72131,P1Y,0,,A,PU,_Z,2,,,False,WB_WDI,WB_WDI_EN_GHG_CO2_PC_CE_AR5,ZAF,_T,_T,_T,_Z,_Z,_Z,2002,A,T,
2.226091,P1Y,0,,A,PU,_Z,2,,,False,WB_WDI,WB_WDI_EN_GHG_CO2_PC_CE_AR5,MDV,_T,_T,_T,_Z,_Z,_Z,2000,A,T,
0.068862,P1Y,0,,A,PU,_Z,2,,,False,WB_WDI,WB_WDI_EN_GHG_CO2_PC_CE_AR5,MLI,_T,_T,_T,_Z,_Z,_Z,2000,A,T,
5.473138,P1Y,0,,A,PU,_Z,2,,,False,WB_WDI,WB_WDI_EN_GHG_CO2_PC_CE_AR5,MLT,_T,_T,_T,_Z,_Z,_Z,2000,A,T,
0.001972,P1Y,0,,A,PU,_Z,2,,,False,WB_WDI,WB_WDI_EN_GHG_CO2_PC_CE_AR5,MHL,_T,_T,_T,_Z,_Z,_Z,2000,A,T,
0.404907,P1Y,0,,A,PU,_Z,2,,,False,WB_WDI,WB_WDI_EN_GHG_CO2_PC_CE_AR5,MRT,_T,_T,_T,_Z,_Z,_Z,2000,A,T,
2.058603,P1Y,0,,A,PU,_Z,2,,,False,WB_WDI,WB_WDI_EN_GHG_CO2_PC_CE_AR5,MUS,_T,_T,_T,_Z,_Z,_Z,2000,A,T,
4.022721,P1Y,0,,A,PU,_Z,2,,,False,WB_WDI,WB_WDI_EN_GHG_CO2_PC_CE_AR5,MEX,_T,_T,_T,_Z,_Z,_Z,2000,A,T,
0.001785,P1Y,0,,A,PU,_Z,2,,,False,WB_WDI,WB_WDI_EN_GHG_CO2_PC_CE_AR5,FSM,_T,_T,_T,_Z,_Z,_Z,2000,A,T,
2.357738,P1Y,0,,A,PU,_Z,2,,,False,WB_WDI,WB_WDI_EN_GHG_CO2_PC_CE_AR5,MDA,_T,_T,_T,_Z,_Z,_Z,2000,A,T,
3.78533,P1Y,0,,A,PU,_Z,2,,,False,WB_WDI,WB_WDI_EN_GHG_CO2_PC_CE_AR5,MNG,_T,_T,_T,_Z,_Z,_Z,2000,A,T,
1.181018,P1Y,0,,A,PU,_Z,2,,,False,WB_WDI,WB_WDI_EN_GHG_CO2_PC_CE_AR5,MAR,_T,_T,_T,_Z,_Z,_Z,2000,A,T,
0.845443,P1Y,0,,A,PU,_Z,2,,,False,WB_WDI,WB_WDI_EN_GHG_CO2_PC_CE_AR5,DJI,_T,_T,_T,_Z,_Z,_Z,2006,A,T,
0.908351,P1Y,0,,A,PU,_Z,2,,,False,WB_WDI,WB_WDI_EN_GHG_CO2_PC_CE_AR5,DMA,_T,_T,_T,_Z,_Z,_Z,2006,A,T,
2.203083,P1Y,0,,A,PU,_Z,2,,,False,WB_WDI,WB_WDI_EN_GHG_CO2_PC_CE_AR5,DOM,_T,_T,_T,_Z,_Z,_Z,2006,A,T,
2.199128,P1Y,0,,A,PU,_Z,2,,,False,WB_WDI,WB_WDI_EN_GHG_CO2_PC_CE_AR5,ECU,_T,_T,_T,_Z,_Z,_Z,2006,A,T,
2.283862,P1Y,0,,A,PU,_Z,2,,,False,WB_WDI,WB_WDI_EN_GHG_CO2_PC_CE_AR5,EGY,_T,_T,_T,_Z,_Z,_Z,2006,A,T,
1.231041,P1Y,0,,A,PU,_Z,2,,,False,WB_WDI,WB_WDI_EN_GHG_CO2_PC_CE_AR5,SLV,_T,_T,_T,_Z,_Z,_Z,2006,A,T,
6.448574,P1Y,0,,A,PU,_Z,2,,,False,WB_WDI,WB_WDI_EN_GHG_CO2_PC_CE_AR5,GNQ,_T,_T,_T,_Z,_Z,_Z,2006,A,T,
0.200999,P1Y,0,,A,PU,_Z,2,,,False,WB_WDI,WB_WDI_EN_GHG_CO2_PC_CE_AR5,ERI,_T,_T,_T,_Z,_Z,_Z,2006,A,T,
14.428539,P1Y,0,,A,PU,_Z,2,,,False,WB_WDI,WB_WDI_EN_GHG_CO2_PC_CE_AR5,EST,_T,_T,_T,_Z,_Z,_Z,2006,A,T,
0.921124,P1Y,0,,A,PU,_Z,2,,,False,WB_WDI,WB_WDI_EN_GHG_CO2_PC_CE_AR5,SWZ,_T,_T,_T,_Z,_Z,_Z,2006,A,T,
0.071815,P1Y,0,,A,PU,_Z,2,,,False,WB_WDI,WB_WDI_EN_GHG_CO2_PC_CE_AR5,ETH,_T,_T,_T,_Z,_Z,_Z,2006,A,T,
0.206361,P1Y,0,,A,PU,_Z,2,,,False,WB_WDI,WB_WDI_EN_GHG_CO2_PC_CE_AR5,LBR,_T,_T,_T,_Z,_Z,_Z,2005,A,T,
9.852891,P1Y,0,,A,PU,_Z,2,,,False,WB_WDI,WB_WDI_EN_GHG_CO2_PC_CE_AR5,LBY,_T,_T,_T,_Z,_Z,_Z,2005,A,T,
4.200988,P1Y,0,,A,PU,_Z,2,,,False,WB_WDI,WB_WDI_EN_GHG_CO2_PC_CE_AR5,LTU,_T,_T,_T,_Z,_Z,_Z,2005,A,T,
26.043409,P1Y,0,,A,PU,_Z,2,,,False,WB_WDI,WB_WDI_EN_GHG_CO2_PC_CE_AR5,LUX,_T,_T,_T,_Z,_Z,_Z,2005,A,T,
4.32397,P1Y,0,,A,PU,_Z,2,,,False,WB_WDI,WB_WDI_EN_GHG_CO2_PC_CE_AR5,MAC,_T,_T,_T,_Z,_Z,_Z,2005,A,T,
0.093326,P1Y,0,,A,PU,_Z,2,,,False,WB_WDI,WB_WDI_EN_GHG_CO2_PC_CE_AR5,MDG,_T,_T,_T,_Z,_Z,_Z,2005,A,T,
0.277904,P1Y,0,,A,PU,_Z,2,,,False,WB_WDI,WB_WDI_EN_GHG_CO2_PC_CE_AR5,MWI,_T,_T,_T,_Z,_Z,_Z,2005,A,T,
7.010242,P1Y,0,,A,PU,_Z,2,,,False,WB_WDI,WB_WDI_EN_GHG_CO2_PC_CE_AR5,MYS,_T,_T,_T,_Z,_Z,_Z,2005,A,T,
2.234775,P1Y,0,,A,PU,_Z,2,,,False,WB_WDI,WB_WDI_EN_GHG_CO2_PC_CE_AR5,MDV,_T,_T,_T,_Z,_Z,_Z,2005,A,T,
0.069785,P1Y,0,,A,PU,_Z,2,,,False,WB_WDI,WB_WDI_EN_GHG_CO2_PC_CE_AR5,MLI,_T,_T,_T,_Z,_Z,_Z,2005,A,T,
6.524711,P1Y,0,,A,PU,_Z,2,,,False,WB_WDI,WB_WDI_EN_GHG_CO2_PC_CE_AR5,MLT,_T,_T,_T,_Z,_Z,_Z,2005,A,T,
0.001927,P1Y,0,,A,PU,_Z,2,,,False,WB_WDI,WB_WDI_EN_GHG_CO2_PC_CE_AR5,MHL,_T,_T,_T,_Z,_Z,_Z,2005,A,T,
0.939967,P1Y,0,,A,PU,_Z,2,,,False,WB_WDI,WB_WDI_EN_GHG_CO2_PC_CE_AR5,LKA,_T,_T,_T,_Z,_Z,_Z,2015,A,T,
2.164079,P1Y,0,,A,PU,_Z,2,,,False,WB_WDI,WB_WDI_EN_GHG_CO2_PC_CE_AR5,KNA,_T,_T,_T,_Z,_Z,_Z,2015,A,T,
1.042852,P1Y,0,,A,PU,_Z,2,,,False,WB_WDI,WB_WDI_EN_GHG_CO2_PC_CE_AR5,LCA,_T,_T,_T,_Z,_Z,_Z,2015,A,T,
0.889117,P1Y,0,,A,PU,_Z,2,,,False,WB_WDI,WB_WDI_EN_GHG_CO2_PC_CE_AR5,VCT,_T,_T,_T,_Z,_Z,_Z,2015,A,T,
0.538629,P1Y,0,,A,PU,_Z,2,,,False,WB_WDI,WB_WDI_EN_GHG_CO2_PC_CE_AR5,SDN,_T,_T,_T,_Z,_Z,_Z,2015,A,T,
4.687025,P1Y,0,,A,PU,_Z,2,,,False,WB_WDI,WB_WDI_EN_GHG_CO2_PC_CE_AR5,SUR,_T,_T,_T,_Z,_Z,_Z,2015,A,T,
4.378006,P1Y,0,,A,PU,_Z,2,,,False,WB_WDI,WB_WDI_EN_GHG_CO2_PC_CE_AR5,SWE,_T,_T,_T,_Z,_Z,_Z,2015,A,T,
4.856288,P1Y,0,,A,PU,_Z,2,,,False,WB_WDI,WB_WDI_EN_GHG_CO2_PC_CE_AR5,CHE,_T,_T,_T,_Z,_Z,_Z,2015,A,T,
1.448456,P1Y,0,,A,PU,_Z,2,,,False,WB_WDI,WB_WDI_EN_GHG_CO2_PC_CE_AR5,SYR,_T,_T,_T,_Z,_Z,_Z,2015,A,T,
0.589055,P1Y,0,,A,PU,_Z,2,,,False,WB_WDI,WB_WDI_EN_GHG_CO2_PC_CE_AR5,TJK,_T,_T,_T,_Z,_Z,_Z,2015,A,T,
0.253809,P1Y,0,,A,PU,_Z,2,,,False,WB_WDI,WB_WDI_EN_GHG_CO2_PC_CE_AR5,TZA,_T,_T,_T,_Z,_Z,_Z,2015,A,T,
0.069954,P1Y,0,,A,PU,_Z,2,,,False,WB_WDI,WB_WDI_EN_GHG_CO2_PC_CE_AR5,MLI,_T,_T,_T,_Z,_Z,_Z,2001,A,T,
6.347894,P1Y,0,,A,PU,_Z,2,,,False,WB_WDI,WB_WDI_EN_GHG_CO2_PC_CE_AR5,MLT,_T,_T,_T,_Z,_Z,_Z,2001,A,T,
0.001956,P1Y,0,,A,PU,_Z,2,,,False,WB_WDI,WB_WDI_EN_GHG_CO2_PC_CE_AR5,MHL,_T,_T,_T,_Z,_Z,_Z,2001,A,T,
0.436956,P1Y,0,,A,PU,_Z,2,,,False,WB_WDI,WB_WDI_EN_GHG_CO2_PC_CE_AR5,MRT,_T,_T,_T,_Z,_Z,_Z,2001,A,T,
2.159682,P1Y,0,,A,PU,_Z,2,,,False,WB_WDI,WB_WDI_EN_GHG_CO2_PC_CE_AR5,MUS,_T,_T,_T,_Z,_Z,_Z,2001,A,T,
3.943951,P1Y,0,,A,PU,_Z,2,,,False,WB_WDI,WB_WDI_EN_GHG_CO2_PC_CE_AR5,MEX,_T,_T,_T,_Z,_Z,_Z,2001,A,T,
0.00178,P1Y,0,,A,PU,_Z,2,,,False,WB_WDI,WB_WDI_EN_GHG_CO2_PC_CE_AR5,FSM,_T,_T,_T,_Z,_Z,_Z,2001,A,T,
2.461058,P1Y,0,,A,PU,_Z,2,,,False,WB_WDI,WB_WDI_EN_GHG_CO2_PC_CE_AR5,MDA,_T,_T,_T,_Z,_Z,_Z,2001,A,T,
3.727555,P1Y,0,,A,PU,_Z,2,,,False,WB_WDI,WB_WDI_EN_GHG_CO2_PC_CE_AR5,MNG,_T,_T,_T,_Z,_Z,_Z,2001,A,T,
1.283951,P1Y,0,,A,PU,_Z,2,,,False,WB_WDI,WB_WDI_EN_GHG_CO2_PC_CE_AR5,MAR,_T,_T,_T,_Z,_Z,_Z,2001,A,T,
0.10231,P1Y,0,,A,PU,_Z,2,,,False,WB_WDI,WB_WDI_EN_GHG_CO2_PC_CE_AR5,MOZ,_T,_T,_T,_Z,_Z,_Z,2001,A,T,
0.19171,P1Y,0,,A,PU,_Z,2,,,False,WB_WDI,WB_WDI_EN_GHG_CO2_PC_CE_AR5,MMR,_T,_T,_T,_Z,_Z,_Z,2001,A,T,
0.605702,P1Y,0,,A,PU,_Z,2,,,False,WB_WDI,WB_WDI_EN_GHG_CO2_PC_CE_AR5,CIV,_T,_T,_T,_Z,_Z,_Z,2022,A,T,
4.573714,P1Y,0,,A,PU,_Z,2,,,False,WB_WDI,WB_WDI_EN_GHG_CO2_PC_CE_AR5,HRV,_T,_T,_T,_Z,_Z,_Z,2022,A,T,
1.786982,P1Y,0,,A,PU,_Z,2,,,False,WB_WDI,WB_WDI_EN_GHG_CO2_PC_CE_AR5,CUB,_T,_T,_T,_Z,_Z,_Z,2022,A,T,
5.425314,P1Y,0,,A,PU,_Z,2,,,False,WB_WDI,WB_WDI_EN_GHG_CO2_PC_CE_AR5,CYP,_T,_T,_T,_Z,_Z,_Z,2022,A,T,
9.153647,P1Y,0,,A,PU,_Z,2,,,False,WB_WDI,WB_WDI_EN_GHG_CO2_PC_CE_AR5,CZE,_T,_T,_T,_Z,_Z,_Z,2022,A,T,
4.827041,P1Y,0,,A,PU,_Z,2,,,False,WB_WDI,WB_WDI_EN_GHG_CO2_PC_CE_AR5,DNK,_T,_T,_T,_Z,_Z,_Z,2022,A,T,
0.762293,P1Y,0,,A,PU,_Z,2,,,False,WB_WDI,WB_WDI_EN_GHG_CO2_PC_CE_AR5,DJI,_T,_T,_T,_Z,_Z,_Z,2022,A,T,
1.215096,P1Y,0,,A,PU,_Z,2,,,False,WB_WDI,WB_WDI_EN_GHG_CO2_PC_CE_AR5,DMA,_T,_T,_T,_Z,_Z,_Z,2022,A,T,
2.859368,P1Y,0,,A,PU,_Z,2,,,False,WB_WDI,WB_WDI_EN_GHG_CO2_PC_CE_AR5,DOM,_T,_T,_T,_Z,_Z,_Z,2022,A,T,
2.478094,P1Y,0,,A,PU,_Z,2,,,False,WB_WDI,WB_WDI_EN_GHG_CO2_PC_CE_AR5,ECU,_T,_T,_T,_Z,_Z,_Z,2022,A,T,
2.299748,P1Y,0,,A,PU,_Z,2,,,False,WB_WDI,WB_WDI_EN_GHG_CO2_PC_CE_AR5,EGY,_T,_T,_T,_Z,_Z,_Z,2022,A,T,
1.347989,P1Y,0,,A,PU,_Z,2,,,False,WB_WDI,WB_WDI_EN_GHG_CO2_PC_CE_AR5,SLV,_T,_T,_T,_Z,_Z,_Z,2022,A,T,
3.01161,P1Y,0,,A,PU,_Z,2,,,False,WB_WDI,WB_WDI_EN_GHG_CO2_PC_CE_AR5,LCN,_T,_T,_T,_Z,_Z,_Z,2015,A,T,
2.921688,P1Y,0,,A,PU,_Z,2,,,False,WB_WDI,WB_WDI_EN_GHG_CO2_PC_CE_AR5,LAC,_T,_T,_T,_Z,_Z,_Z,2015,A,T,
3.017063,P1Y,0,,A,PU,_Z,2,,,False,WB_WDI,WB_WDI_EN_GHG_CO2_PC_CE_AR5,TLA,_T,_T,_T,_Z,_Z,_Z,2015,A,T,
0.32576,P1Y,0,,A,PU,_Z,2,,,False,WB_WDI,WB_WDI_EN_GHG_CO2_PC_CE_AR5,LDC,_T,_T,_T,_Z,_Z,_Z,2015,A,T,
3.284658,P1Y,0,,A,PU,_Z,2,,,False,WB_WDI,WB_WDI_EN_GHG_CO2_PC_CE_AR5,LMY,_T,_T,_T,_Z,_Z,_Z,2015,A,T,
0.279147,P1Y,0,,A,PU,_Z,2,,,False,WB_WDI,WB_WDI_EN_GHG_CO2_PC_CE_AR5,LIC,_T,_T,_T,_Z,_Z,_Z,2015,A,T,
1.386353,P1Y,0,,A,PU,_Z,2,,,False,WB_WDI,WB_WDI_EN_GHG_CO2_PC_CE_AR5,LMC,_T,_T,_T,_Z,_Z,_Z,2015,A,T,
4.073583,P1Y,0,,A,PU,_Z,2,,,False,WB_WDI,WB_WDI_EN_GHG_CO2_PC_CE_AR5,MEA,_T,_T,_T,_Z,_Z,_Z,2015,A,T,
2.535627,P1Y,0,,A,PU,_Z,2,,,False,WB_WDI,WB_WDI_EN_GHG_CO2_PC_CE_AR5,MNA,_T,_T,_T,_Z,_Z,_Z,2015,A,T,
2.535627,P1Y,0,,A,PU,_Z,2,,,False,WB_WDI,WB_WDI_EN_GHG_CO2_PC_CE_AR5,TMN,_T,_T,_T,_Z,_Z,_Z,2015,A,T,
3.599327,P1Y,0,,A,PU,_Z,2,,,False,WB_WDI,WB_WDI_EN_GHG_CO2_PC_CE_AR5,MIC,_T,_T,_T,_Z,_Z,_Z,2015,A,T,
15.961589,P1Y,0,,A,PU,_Z,2,,,False,WB_WDI,WB_WDI_EN_GHG_CO2_PC_CE_AR5,NAC,_T,_T,_T,_Z,_Z,_Z,2015,A,T,
9.429787,P1Y,0,,A,PU,_Z,2,,,False,WB_WDI,WB_WDI_EN_GHG_CO2_PC_CE_AR5,OED,_T,_T,_T,_Z,_Z,_Z,2015,A,T,
0.987962,P1Y,0,,A,PU,_Z,2,,,False,WB_WDI,WB_WDI_EN_GHG_CO2_PC_CE_AR5,LMC,_T,_T,_T,_Z,_Z,_Z,2004,A,T,
3.350988,P1Y,0,,A,PU,_Z,2,,,False,WB_WDI,WB_WDI_EN_GHG_CO2_PC_CE_AR5,MEA,_T,_T,_T,_Z,_Z,_Z,2004,A,T,
2.266257,P1Y,0,,A,PU,_Z,2,,,False,WB_WDI,WB_WDI_EN_GHG_CO2_PC_CE_AR5,MNA,_T,_T,_T,_Z,_Z,_Z,2004,A,T,
2.266257,P1Y,0,,A,PU,_Z,2,,,False,WB_WDI,WB_WDI_EN_GHG_CO2_PC_CE_AR5,TMN,_T,_T,_T,_Z,_Z,_Z,2004,A,T,
2.474497,P1Y,0,,A,PU,_Z,2,,,False,WB_WDI,WB_WDI_EN_GHG_CO2_PC_CE_AR5,MIC,_T,_T,_T,_Z,_Z,_Z,2004,A,T,
19.826898,P1Y,0,,A,PU,_Z,2,,,False,WB_WDI,WB_WDI_EN_GHG_CO2_PC_CE_AR5,NAC,_T,_T,_T,_Z,_Z,_Z,2004,A,T,
11.044726,P1Y,0,,A,PU,_Z,2,,,False,WB_WDI,WB_WDI_EN_GHG_CO2_PC_CE_AR5,OED,_T,_T,_T,_Z,_Z,_Z,2004,A,T,
4.922458,P1Y,0,,A,PU,_Z,2,,,False,WB_WDI,WB_WDI_EN_GHG_CO2_PC_CE_AR5,OSS,_T,_T,_T,_Z,_Z,_Z,2004,A,T,
1.977996,P1Y,0,,A,PU,_Z,2,,,False,WB_WDI,WB_WDI_EN_GHG_CO2_PC_CE_AR5,PSS,_T,_T,_T,_Z,_Z,_Z,2004,A,T,
12.492545,P1Y,0,,A,PU,_Z,2,,,False,WB_WDI,WB_WDI_EN_GHG_CO2_PC_CE_AR5,PST,_T,_T,_T,_Z,_Z,_Z,2004,A,T,
0.46592,P1Y,0,,A,PU,_Z,2,,,False,WB_WDI,WB_WDI_EN_GHG_CO2_PC_CE_AR5,PRE,_T,_T,_T,_Z,_Z,_Z,2004,A,T,
5.407481,P1Y,0,,A,PU,_Z,2,,,False,WB_WDI,WB_WDI_EN_GHG_CO2_PC_CE_AR5,SST,_T,_T,_T,_Z,_Z,_Z,2004,A,T,
0.922668,P1Y,0,,A,PU,_Z,2,,,False,WB_WDI,WB_WDI_EN_GHG_CO2_PC_CE_AR5,SAS,_T,_T,_T,_Z,_Z,_Z,2004,A,T,
0.922668,P1Y,0,,A,PU,_Z,2,,,False,WB_WDI,WB_WDI_EN_GHG_CO2_PC_CE_AR5,TSA,_T,_T,_T,_Z,_Z,_Z,2004,A,T,
3.798575,P1Y,0,,A,PU,_Z,2,,,True,WB_WDI,WB_WDI_EN_GHG_CO2_PC_CE_AR5,ATG,_T,_T,_T,_Z,_Z,_Z,2024,A,T,
4.010665,P1Y,0,,A,PU,_Z,2,,,True,WB_WDI,WB_WDI_EN_GHG_CO2_PC_CE_AR5,ARG,_T,_T,_T,_Z,_Z,_Z,2024,A,T,
2.470282,P1Y,0,,A,PU,_Z,2,,,True,WB_WDI,WB_WDI_EN_GHG_CO2_PC_CE_AR5,ARM,_T,_T,_T,_Z,_Z,_Z,2024,A,T,
5.148386,P1Y,0,,A,PU,_Z,2,,,True,WB_WDI,WB_WDI_EN_GHG_CO2_PC_CE_AR5,ABW,_T,_T,_T,_Z,_Z,_Z,2024,A,T,
14.098664,P1Y,0,,A,PU,_Z,2,,,True,WB_WDI,WB_WDI_EN_GHG_CO2_PC_CE_AR5,AUS,_T,_T,_T,_Z,_Z,_Z,2024,A,T,
6.322784,P1Y,0,,A,PU,_Z,2,,,True,WB_WDI,WB_WDI_EN_GHG_CO2_PC_CE_AR5,AUT,_T,_T,_T,_Z,_Z,_Z,2024,A,T,
3.811443,P1Y,0,,A,PU,_Z,2,,,True,WB_WDI,WB_WDI_EN_GHG_CO2_PC_CE_AR5,AZE,_T,_T,_T,_Z,_Z,_Z,2024,A,T,
3.636336,P1Y,0,,A,PU,_Z,2,,,True,WB_WDI,WB_WDI_EN_GHG_CO2_PC_CE_AR5,BHS,_T,_T,_T,_Z,_Z,_Z,2024,A,T,
23.899992,P1Y,0,,A,PU,_Z,2,,,True,WB_WDI,WB_WDI_EN_GHG_CO2_PC_CE_AR5,BHR,_T,_T,_T,_Z,_Z,_Z,2024,A,T,
0.715539,P1Y,0,,A,PU,_Z,2,,,True,WB_WDI,WB_WDI_EN_GHG_CO2_PC_CE_AR5,BGD,_T,_T,_T,_Z,_Z,_Z,2024,A,T,
2.523481,P1Y,0,,A,PU,_Z,2,,,True,WB_WDI,WB_WDI_EN_GHG_CO2_PC_CE_AR5,BRB,_T,_T,_T,_Z,_Z,_Z,2024,A,T,
5.936494,P1Y,0,,A,PU,_Z,2,,,True,WB_WDI,WB_WDI_EN_GHG_CO2_PC_CE_AR5,BLR,_T,_T,_T,_Z,_Z,_Z,2024,A,T,
7.306615,P1Y,0,,A,PU,_Z,2,,,True,WB_WDI,WB_WDI_EN_GHG_CO2_PC_CE_AR5,BEL,_T,_T,_T,_Z,_Z,_Z,2024,A,T,
0.932453,P1Y,0,,A,PU,_Z,2,,,True,WB_WDI,WB_WDI_EN_GHG_CO2_PC_CE_AR5,BLZ,_T,_T,_T,_Z,_Z,_Z,2024,A,T,
0.487329,P1Y,0,,A,PU,_Z,2,,,True,WB_WDI,WB_WDI_EN_GHG_CO2_PC_CE_AR5,BEN,_T,_T,_T,_Z,_Z,_Z,2024,A,T,
4.135466,P1Y,0,,A,PU,_Z,2,,,True,WB_WDI,WB_WDI_EN_GHG_CO2_PC_CE_AR5,BMU,_T,_T,_T,_Z,_Z,_Z,2024,A,T,
2.011183,P1Y,0,,A,PU,_Z,2,,,True,WB_WDI,WB_WDI_EN_GHG_CO2_PC_CE_AR5,BTN,_T,_T,_T,_Z,_Z,_Z,2024,A,T,
1.18912,P1Y,0,,A,PU,_Z,2,,,False,WB_WDI,WB_WDI_EN_GHG_CO2_PC_CE_AR5,TSA,_T,_T,_T,_Z,_Z,_Z,2009,A,T,
0.824028,P1Y,0,,A,PU,_Z,2,,,False,WB_WDI,WB_WDI_EN_GHG_CO2_PC_CE_AR5,SSF,_T,_T,_T,_Z,_Z,_Z,2009,A,T,
0.822926,P1Y,0,,A,PU,_Z,2,,,False,WB_WDI,WB_WDI_EN_GHG_CO2_PC_CE_AR5,SSA,_T,_T,_T,_Z,_Z,_Z,2009,A,T,
0.824028,P1Y,0,,A,PU,_Z,2,,,False,WB_WDI,WB_WDI_EN_GHG_CO2_PC_CE_AR5,TSS,_T,_T,_T,_Z,_Z,_Z,2009,A,T,
4.72516,P1Y,0,,A,PU,_Z,2,,,False,WB_WDI,WB_WDI_EN_GHG_CO2_PC_CE_AR5,UMC,_T,_T,_T,_Z,_Z,_Z,2009,A,T,
4.450099,P1Y,0,,A,PU,_Z,2,,,False,WB_WDI,WB_WDI_EN_GHG_CO2_PC_CE_AR5,WLD,_T,_T,_T,_Z,_Z,_Z,2009,A,T,
0.224491,P1Y,0,,A,PU,_Z,2,,,False,WB_WDI,WB_WDI_EN_GHG_CO2_PC_CE_AR5,AFG,_T,_T,_T,_Z,_Z,_Z,2009,A,T,
1.463219,P1Y,0,,A,PU,_Z,2,,,False,WB_WDI,WB_WDI_EN_GHG_CO2_PC_CE_AR5,ALB,_T,_T,_T,_Z,_Z,_Z,2009,A,T,
3.270996,P1Y,0,,A,PU,_Z,2,,,False,WB_WDI,WB_WDI_EN_GHG_CO2_PC_CE_AR5,DZA,_T,_T,_T,_Z,_Z,_Z,2009,A,T,
0.001801,P1Y,0,,A,PU,_Z,2,,,False,WB_WDI,WB_WDI_EN_GHG_CO2_PC_CE_AR5,ASM,_T,_T,_T,_Z,_Z,_Z,2009,A,T,
0.940848,P1Y,0,,A,PU,_Z,2,,,False,WB_WDI,WB_WDI_EN_GHG_CO2_PC_CE_AR5,AGO,_T,_T,_T,_Z,_Z,_Z,2009,A,T,
3.168474,P1Y,0,,A,PU,_Z,2,,,False,WB_WDI,WB_WDI_EN_GHG_CO2_PC_CE_AR5,ATG,_T,_T,_T,_Z,_Z,_Z,2009,A,T,
6.943957,P1Y,0,,A,PU,_Z,2,,,True,WB_WDI,WB_WDI_EN_GHG_CO2_PC_CE_AR5,DEU,_T,_T,_T,_Z,_Z,_Z,2024,A,T,
0.702086,P1Y,0,,A,PU,_Z,2,,,True,WB_WDI,WB_WDI_EN_GHG_CO2_PC_CE_AR5,GHA,_T,_T,_T,_Z,_Z,_Z,2024,A,T,
16.148389,P1Y,0,,A,PU,_Z,2,,,True,WB_WDI,WB_WDI_EN_GHG_CO2_PC_CE_AR5,GIB,_T,_T,_T,_Z,_Z,_Z,2024,A,T,
5.046422,P1Y,0,,A,PU,_Z,2,,,True,WB_WDI,WB_WDI_EN_GHG_CO2_PC_CE_AR5,GRC,_T,_T,_T,_Z,_Z,_Z,2024,A,T,
10.452882,P1Y,0,,A,PU,_Z,2,,,True,WB_WDI,WB_WDI_EN_GHG_CO2_PC_CE_AR5,GRL,_T,_T,_T,_Z,_Z,_Z,2024,A,T,
1.500764,P1Y,0,,A,PU,_Z,2,,,True,WB_WDI,WB_WDI_EN_GHG_CO2_PC_CE_AR5,GRD,_T,_T,_T,_Z,_Z,_Z,2024,A,T,
0.001788,P1Y,0,,A,PU,_Z,2,,,True,WB_WDI,WB_WDI_EN_GHG_CO2_PC_CE_AR5,GUM,_T,_T,_T,_Z,_Z,_Z,2024,A,T,
1.10665,P1Y,0,,A,PU,_Z,2,,,True,WB_WDI,WB_WDI_EN_GHG_CO2_PC_CE_AR5,GTM,_T,_T,_T,_Z,_Z,_Z,2024,A,T,
0.352794,P1Y,0,,A,PU,_Z,2,,,True,WB_WDI,WB_WDI_EN_GHG_CO2_PC_CE_AR5,GIN,_T,_T,_T,_Z,_Z,_Z,2024,A,T,
0.15545,P1Y,0,,A,PU,_Z,2,,,True,WB_WDI,WB_WDI_EN_GHG_CO2_PC_CE_AR5,GNB,_T,_T,_T,_Z,_Z,_Z,2024,A,T,
4.558608,P1Y,0,,A,PU,_Z,2,,,True,WB_WDI,WB_WDI_EN_GHG_CO2_PC_CE_AR5,GUY,_T,_T,_T,_Z,_Z,_Z,2024,A,T,
0.298474,P1Y,0,,A,PU,_Z,2,,,True,WB_WDI,WB_WDI_EN_GHG_CO2_PC_CE_AR5,HTI,_T,_T,_T,_Z,_Z,_Z,2024,A,T,
1.13552,P1Y,0,,A,PU,_Z,2,,,True,WB_WDI,WB_WDI_EN_GHG_CO2_PC_CE_AR5,HND,_T,_T,_T,_Z,_Z,_Z,2024,A,T,
4.60071,P1Y,0,,A,PU,_Z,2,,,True,WB_WDI,WB_WDI_EN_GHG_CO2_PC_CE_AR5,HKG,_T,_T,_T,_Z,_Z,_Z,2024,A,T,
4.457918,P1Y,0,,A,PU,_Z,2,,,True,WB_WDI,WB_WDI_EN_GHG_CO2_PC_CE_AR5,HUN,_T,_T,_T,_Z,_Z,_Z,2024,A,T,
8.519919,P1Y,0,,A,PU,_Z,2,,,True,WB_WDI,WB_WDI_EN_GHG_CO2_PC_CE_AR5,ISL,_T,_T,_T,_Z,_Z,_Z,2024,A,T,
2.173652,P1Y,0,,A,PU,_Z,2,,,True,WB_WDI,WB_WDI_EN_GHG_CO2_PC_CE_AR5,IND,_T,_T,_T,_Z,_Z,_Z,2024,A,T,
2.86504,P1Y,0,,A,PU,_Z,2,,,True,WB_WDI,WB_WDI_EN_GHG_CO2_PC_CE_AR5,IDN,_T,_T,_T,_Z,_Z,_Z,2024,A,T,
47.332164,P1Y,0,,A,PU,_Z,2,,,True,WB_WDI,WB_WDI_EN_GHG_CO2_PC_CE_AR5,QAT,_T,_T,_T,_Z,_Z,_Z,2024,A,T,
3.720551,P1Y,0,,A,PU,_Z,2,,,True,WB_WDI,WB_WDI_EN_GHG_CO2_PC_CE_AR5,ROU,_T,_T,_T,_Z,_Z,_Z,2024,A,T,
13.984541,P1Y,0,,A,PU,_Z,2,,,True,WB_WDI,WB_WDI_EN_GHG_CO2_PC_CE_AR5,RUS,_T,_T,_T,_Z,_Z,_Z,2024,A,T,
0.162129,P1Y,0,,A,PU,_Z,2,,,True,WB_WDI,WB_WDI_EN_GHG_CO2_PC_CE_AR5,RWA,_T,_T,_T,_Z,_Z,_Z,2024,A,T,
1.604447,P1Y,0,,A,PU,_Z,2,,,True,WB_WDI,WB_WDI_EN_GHG_CO2_PC_CE_AR5,WSM,_T,_T,_T,_Z,_Z,_Z,2024,A,T,
0.62708,P1Y,0,,A,PU,_Z,2,,,True,WB_WDI,WB_WDI_EN_GHG_CO2_PC_CE_AR5,STP,_T,_T,_T,_Z,_Z,_Z,2024,A,T,
18.484584,P1Y,0,,A,PU,_Z,2,,,True,WB_WDI,WB_WDI_EN_GHG_CO2_PC_CE_AR5,SAU,_T,_T,_T,_Z,_Z,_Z,2024,A,T,
0.76761,P1Y,0,,A,PU,_Z,2,,,True,WB_WDI,WB_WDI_EN_GHG_CO2_PC_CE_AR5,SEN,_T,_T,_T,_Z,_Z,_Z,2024,A,T,
7.236679,P1Y,0,,A,PU,_Z,2,,,True,WB_WDI,WB_WDI_EN_GHG_CO2_PC_CE_AR5,SYC,_T,_T,_T,_Z,_Z,_Z,2024,A,T,
0.16915,P1Y,0,,A,PU,_Z,2,,,True,WB_WDI,WB_WDI_EN_GHG_CO2_PC_CE_AR5,SLE,_T,_T,_T,_Z,_Z,_Z,2024,A,T,
9.751444,P1Y,0,,A,PU,_Z,2,,,True,WB_WDI,WB_WDI_EN_GHG_CO2_PC_CE_AR5,SGP,_T,_T,_T,_Z,_Z,_Z,2024,A,T,
5.513117,P1Y,0,,A,PU,_Z,2,,,True,WB_WDI,WB_WDI_EN_GHG_CO2_PC_CE_AR5,SVK,_T,_T,_T,_Z,_Z,_Z,2024,A,T,
6.266523,P1Y,0,,A,PU,_Z,2,,,True,WB_WDI,WB_WDI_EN_GHG_CO2_PC_CE_AR5,SVN,_T,_T,_T,_Z,_Z,_Z,2024,A,T,
0.383912,P1Y,0,,A,PU,_Z,2,,,True,WB_WDI,WB_WDI_EN_GHG_CO2_PC_CE_AR5,SLB,_T,_T,_T,_Z,_Z,_Z,2024,A,T,
1.530353,P1Y,0,,A,PU,_Z,2,,,False,WB_WDI,WB_WDI_EN_GHG_CO2_PC_CE_AR5,PSS,_T,_T,_T,_Z,_Z,_Z,2016,A,T,
10.360276,P1Y,0,,A,PU,_Z,2,,,False,WB_WDI,WB_WDI_EN_GHG_CO2_PC_CE_AR5,PST,_T,_T,_T,_Z,_Z,_Z,2016,A,T,
0.545453,P1Y,0,,A,PU,_Z,2,,,False,WB_WDI,WB_WDI_EN_GHG_CO2_PC_CE_AR5,PRE,_T,_T,_T,_Z,_Z,_Z,2016,A,T,
5.45972,P1Y,0,,A,PU,_Z,2,,,False,WB_WDI,WB_WDI_EN_GHG_CO2_PC_CE_AR5,SST,_T,_T,_T,_Z,_Z,_Z,2016,A,T,
1.571191,P1Y,0,,A,PU,_Z,2,,,False,WB_WDI,WB_WDI_EN_GHG_CO2_PC_CE_AR5,SAS,_T,_T,_T,_Z,_Z,_Z,2016,A,T,
1.571191,P1Y,0,,A,PU,_Z,2,,,False,WB_WDI,WB_WDI_EN_GHG_CO2_PC_CE_AR5,TSA,_T,_T,_T,_Z,_Z,_Z,2016,A,T,
0.814848,P1Y,0,,A,PU,_Z,2,,,False,WB_WDI,WB_WDI_EN_GHG_CO2_PC_CE_AR5,SSF,_T,_T,_T,_Z,_Z,_Z,2016,A,T,
0.813865,P1Y,0,,A,PU,_Z,2,,,False,WB_WDI,WB_WDI_EN_GHG_CO2_PC_CE_AR5,SSA,_T,_T,_T,_Z,_Z,_Z,2016,A,T,
0.814848,P1Y,0,,A,PU,_Z,2,,,False,WB_WDI,WB_WDI_EN_GHG_CO2_PC_CE_AR5,TSS,_T,_T,_T,_Z,_Z,_Z,2016,A,T,
5.535368,P1Y,0,,A,PU,_Z,2,,,False,WB_WDI,WB_WDI_EN_GHG_CO2_PC_CE_AR5,UMC,_T,_T,_T,_Z,_Z,_Z,2016,A,T,
4.650013,P1Y,0,,A,PU,_Z,2,,,False,WB_WDI,WB_WDI_EN_GHG_CO2_PC_CE_AR5,WLD,_T,_T,_T,_Z,_Z,_Z,2016,A,T,
0.219353,P1Y,0,,A,PU,_Z,2,,,False,WB_WDI,WB_WDI_EN_GHG_CO2_PC_CE_AR5,AFG,_T,_T,_T,_Z,_Z,_Z,2016,A,T,
13.759755,P1Y,0,,A,PU,_Z,2,,,False,WB_WDI,WB_WDI_EN_GHG_CO2_PC_CE_AR5,NAC,_T,_T,_T,_Z,_Z,_Z,2023,A,T,
8.002292,P1Y,0,,A,PU,_Z,2,,,False,WB_WDI,WB_WDI_EN_GHG_CO2_PC_CE_AR5,OED,_T,_T,_T,_Z,_Z,_Z,2023,A,T,
3.761937,P1Y,0,,A,PU,_Z,2,,,False,WB_WDI,WB_WDI_EN_GHG_CO2_PC_CE_AR5,OSS,_T,_T,_T,_Z,_Z,_Z,2023,A,T,
1.47946,P1Y,0,,A,PU,_Z,2,,,False,WB_WDI,WB_WDI_EN_GHG_CO2_PC_CE_AR5,PSS,_T,_T,_T,_Z,_Z,_Z,2023,A,T,
8.870353,P1Y,0,,A,PU,_Z,2,,,False,WB_WDI,WB_WDI_EN_GHG_CO2_PC_CE_AR5,PST,_T,_T,_T,_Z,_Z,_Z,2023,A,T,
0.570967,P1Y,0,,A,PU,_Z,2,,,False,WB_WDI,WB_WDI_EN_GHG_CO2_PC_CE_AR5,PRE,_T,_T,_T,_Z,_Z,_Z,2023,A,T,
4.467563,P1Y,0,,A,PU,_Z,2,,,False,WB_WDI,WB_WDI_EN_GHG_CO2_PC_CE_AR5,SST,_T,_T,_T,_Z,_Z,_Z,2023,A,T,
1.909008,P1Y,0,,A,PU,_Z,2,,,False,WB_WDI,WB_WDI_EN_GHG_CO2_PC_CE_AR5,SAS,_T,_T,_T,_Z,_Z,_Z,2023,A,T,
1.909008,P1Y,0,,A,PU,_Z,2,,,False,WB_WDI,WB_WDI_EN_GHG_CO2_PC_CE_AR5,TSA,_T,_T,_T,_Z,_Z,_Z,2023,A,T,
0.698304,P1Y,0,,A,PU,_Z,2,,,False,WB_WDI,WB_WDI_EN_GHG_CO2_PC_CE_AR5,SSF,_T,_T,_T,_Z,_Z,_Z,2023,A,T,
0.697698,P1Y,0,,A,PU,_Z,2,,,False,WB_WDI,WB_WDI_EN_GHG_CO2_PC_CE_AR5,SSA,_T,_T,_T,_Z,_Z,_Z,2023,A,T,
0.698304,P1Y,0,,A,PU,_Z,2,,,False,WB_WDI,WB_WDI_EN_GHG_CO2_PC_CE_AR5,TSS,_T,_T,_T,_Z,_Z,_Z,2023,A,T,
6.316958,P1Y,0,,A,PU,_Z,2,,,False,WB_WDI,WB_WDI_EN_GHG_CO2_PC_CE_AR5,UMC,_T,_T,_T,_Z,_Z,_Z,2023,A,T,
4.6776,P1Y,0,,A,PU,_Z,2,,,False,WB_WDI,WB_WDI_EN_GHG_CO2_PC_CE_AR5,WLD,_T,_T,_T,_Z,_Z,_Z,2023,A,T,
0.280995,P1Y,0,,A,PU,_Z,2,,,False,WB_WDI,WB_WDI_EN_GHG_CO2_PC_CE_AR5,AFG,_T,_T,_T,_Z,_Z,_Z,2023,A,T,
1.750912,P1Y,0,,A,PU,_Z,2,,,False,WB_WDI,WB_WDI_EN_GHG_CO2_PC_CE_AR5,ALB,_T,_T,_T,_Z,_Z,_Z,2023,A,T,
0.714789,P1Y,0,,A,PU,_Z,2,,,False,WB_WDI,WB_WDI_EN_GHG_CO2_PC_CE_AR5,ZWE,_T,_T,_T,_Z,_Z,_Z,2017,A,T,
0.998509,P1Y,0,,A,PU,_Z,2,,,False,WB_WDI,WB_WDI_EN_GHG_CO2_PC_CE_AR5,AFE,_T,_T,_T,_Z,_Z,_Z,2018,A,T,
0.507305,P1Y,0,,A,PU,_Z,2,,,False,WB_WDI,WB_WDI_EN_GHG_CO2_PC_CE_AR5,AFW,_T,_T,_T,_Z,_Z,_Z,2018,A,T,
4.618859,P1Y,0,,A,PU,_Z,2,,,False,WB_WDI,WB_WDI_EN_GHG_CO2_PC_CE_AR5,ARB,_T,_T,_T,_Z,_Z,_Z,2018,A,T,
9.213714,P1Y,0,,A,PU,_Z,2,,,False,WB_WDI,WB_WDI_EN_GHG_CO2_PC_CE_AR5,CSS,_T,_T,_T,_Z,_Z,_Z,2018,A,T,
7.208349,P1Y,0,,A,PU,_Z,2,,,False,WB_WDI,WB_WDI_EN_GHG_CO2_PC_CE_AR5,CEB,_T,_T,_T,_Z,_Z,_Z,2018,A,T,
2.349142,P1Y,0,,A,PU,_Z,2,,,False,WB_WDI,WB_WDI_EN_GHG_CO2_PC_CE_AR5,EAR,_T,_T,_T,_Z,_Z,_Z,2018,A,T,
6.732661,P1Y,0,,A,PU,_Z,2,,,False,WB_WDI,WB_WDI_EN_GHG_CO2_PC_CE_AR5,EAS,_T,_T,_T,_Z,_Z,_Z,2018,A,T,
6.303496,P1Y,0,,A,PU,_Z,2,,,False,WB_WDI,WB_WDI_EN_GHG_CO2_PC_CE_AR5,EAP,_T,_T,_T,_Z,_Z,_Z,2018,A,T,
6.350781,P1Y,0,,A,PU,_Z,2,,,False,WB_WDI,WB_WDI_EN_GHG_CO2_PC_CE_AR5,TEA,_T,_T,_T,_Z,_Z,_Z,2018,A,T,
6.818531,P1Y,0,,A,PU,_Z,2,,,False,WB_WDI,WB_WDI_EN_GHG_CO2_PC_CE_AR5,EMU,_T,_T,_T,_Z,_Z,_Z,2018,A,T,
7.249324,P1Y,0,,A,PU,_Z,2,,,False,WB_WDI,WB_WDI_EN_GHG_CO2_PC_CE_AR5,ECS,_T,_T,_T,_Z,_Z,_Z,2018,A,T,
5.252581,P1Y,0,,A,PU,_Z,2,,,False,WB_WDI,WB_WDI_EN_GHG_CO2_PC_CE_AR5,ECA,_T,_T,_T,_Z,_Z,_Z,2018,A,T,
0.593362,P1Y,0,,A,PU,_Z,2,,,False,WB_WDI,WB_WDI_EN_GHG_CO2_PC_CE_AR5,VUT,_T,_T,_T,_Z,_Z,_Z,2013,A,T,
6.451127,P1Y,0,,A,PU,_Z,2,,,False,WB_WDI,WB_WDI_EN_GHG_CO2_PC_CE_AR5,VEN,_T,_T,_T,_Z,_Z,_Z,2013,A,T,
1.801417,P1Y,0,,A,PU,_Z,2,,,False,WB_WDI,WB_WDI_EN_GHG_CO2_PC_CE_AR5,VNM,_T,_T,_T,_Z,_Z,_Z,2013,A,T,
0.001851,P1Y,0,,A,PU,_Z,2,,,False,WB_WDI,WB_WDI_EN_GHG_CO2_PC_CE_AR5,VIR,_T,_T,_T,_Z,_Z,_Z,2013,A,T,
0.982095,P1Y,0,,A,PU,_Z,2,,,False,WB_WDI,WB_WDI_EN_GHG_CO2_PC_CE_AR5,YEM,_T,_T,_T,_Z,_Z,_Z,2013,A,T,
0.30754,P1Y,0,,A,PU,_Z,2,,,False,WB_WDI,WB_WDI_EN_GHG_CO2_PC_CE_AR5,ZMB,_T,_T,_T,_Z,_Z,_Z,2013,A,T,
0.907591,P1Y,0,,A,PU,_Z,2,,,False,WB_WDI,WB_WDI_EN_GHG_CO2_PC_CE_AR5,ZWE,_T,_T,_T,_Z,_Z,_Z,2013,A,T,
1.096735,P1Y,0,,A,PU,_Z,2,,,False,WB_WDI,WB_WDI_EN_GHG_CO2_PC_CE_AR5,AFE,_T,_T,_T,_Z,_Z,_Z,2014,A,T,
0.512248,P1Y,0,,A,PU,_Z,2,,,False,WB_WDI,WB_WDI_EN_GHG_CO2_PC_CE_AR5,AFW,_T,_T,_T,_Z,_Z,_Z,2014,A,T,
4.813726,P1Y,0,,A,PU,_Z,2,,,False,WB_WDI,WB_WDI_EN_GHG_CO2_PC_CE_AR5,ARB,_T,_T,_T,_Z,_Z,_Z,2014,A,T,
10.432362,P1Y,0,,A,PU,_Z,2,,,False,WB_WDI,WB_WDI_EN_GHG_CO2_PC_CE_AR5,CSS,_T,_T,_T,_Z,_Z,_Z,2014,A,T,
0.001906,P1Y,0,,A,PU,_Z,2,,,False,WB_WDI,WB_WDI_EN_GHG_CO2_PC_CE_AR5,VIR,_T,_T,_T,_Z,_Z,_Z,2023,A,T,
0.269743,P1Y,0,,A,PU,_Z,2,,,False,WB_WDI,WB_WDI_EN_GHG_CO2_PC_CE_AR5,YEM,_T,_T,_T,_Z,_Z,_Z,2023,A,T,
0.54809,P1Y,0,,A,PU,_Z,2,,,False,WB_WDI,WB_WDI_EN_GHG_CO2_PC_CE_AR5,ZMB,_T,_T,_T,_Z,_Z,_Z,2023,A,T,
0.768994,P1Y,0,,A,PU,_Z,2,,,False,WB_WDI,WB_WDI_EN_GHG_CO2_PC_CE_AR5,ZWE,_T,_T,_T,_Z,_Z,_Z,2023,A,T,
0.83768,P1Y,0,,A,PU,_Z,2,,,True,WB_WDI,WB_WDI_EN_GHG_CO2_PC_CE_AR5,AFE,_T,_T,_T,_Z,_Z,_Z,2024,A,T,
0.503085,P1Y,0,,A,PU,_Z,2,,,True,WB_WDI,WB_WDI_EN_GHG_CO2_PC_CE_AR5,AFW,_T,_T,_T,_Z,_Z,_Z,2024,A,T,
4.575716,P1Y,0,,A,PU,_Z,2,,,True,WB_WDI,WB_WDI_EN_GHG_CO2_PC_CE_AR5,ARB,_T,_T,_T,_Z,_Z,_Z,2024,A,T,
8.131728,P1Y,0,,A,PU,_Z,2,,,True,WB_WDI,WB_WDI_EN_GHG_CO2_PC_CE_AR5,CSS,_T,_T,_T,_Z,_Z,_Z,2024,A,T,
5.934712,P1Y,0,,A,PU,_Z,2,,,True,WB_WDI,WB_WDI_EN_GHG_CO2_PC_CE_AR5,CEB,_T,_T,_T,_Z,_Z,_Z,2024,A,T,
2.533133,P1Y,0,,A,PU,_Z,2,,,True,WB_WDI,WB_WDI_EN_GHG_CO2_PC_CE_AR5,EAR,_T,_T,_T,_Z,_Z,_Z,2024,A,T,
7.352841,P1Y,0,,A,PU,_Z,2,,,True,WB_WDI,WB_WDI_EN_GHG_CO2_PC_CE_AR5,EAS,_T,_T,_T,_Z,_Z,_Z,2024,A,T,
7.146376,P1Y,0,,A,PU,_Z,2,,,True,WB_WDI,WB_WDI_EN_GHG_CO2_PC_CE_AR5,EAP,_T,_T,_T,_Z,_Z,_Z,2024,A,T,
7.205196,P1Y,0,,A,PU,_Z,2,,,True,WB_WDI,WB_WDI_EN_GHG_CO2_PC_CE_AR5,TEA,_T,_T,_T,_Z,_Z,_Z,2024,A,T,
5.40186,P1Y,0,,A,PU,_Z,2,,,True,WB_WDI,WB_WDI_EN_GHG_CO2_PC_CE_AR5,EMU,_T,_T,_T,_Z,_Z,_Z,2024,A,T,
6.616231,P1Y,0,,A,PU,_Z,2,,,True,WB_WDI,WB_WDI_EN_GHG_CO2_PC_CE_AR5,ECS,_T,_T,_T,_Z,_Z,_Z,2024,A,T,
5.140903,P1Y,0,,A,PU,_Z,2,,,True,WB_WDI,WB_WDI_EN_GHG_CO2_PC_CE_AR5,ECA,_T,_T,_T,_Z,_Z,_Z,2024,A,T,
8.092051,P1Y,0,,A,PU,_Z,2,,,True,WB_WDI,WB_WDI_EN_GHG_CO2_PC_CE_AR5,TEC,_T,_T,_T,_Z,_Z,_Z,2024,A,T,
1.461066,P1Y,0,,A,PU,_Z,2,,,False,WB_WDI,WB_WDI_EN_GHG_CO2_PC_CE_AR5,CPV,_T,_T,_T,_Z,_Z,_Z,2012,A,T,
0.376907,P1Y,0,,A,PU,_Z,2,,,False,WB_WDI,WB_WDI_EN_GHG_CO2_PC_CE_AR5,KHM,_T,_T,_T,_Z,_Z,_Z,2012,A,T,
0.360945,P1Y,0,,A,PU,_Z,2,,,False,WB_WDI,WB_WDI_EN_GHG_CO2_PC_CE_AR5,CMR,_T,_T,_T,_Z,_Z,_Z,2012,A,T,
16.339053,P1Y,0,,A,PU,_Z,2,,,False,WB_WDI,WB_WDI_EN_GHG_CO2_PC_CE_AR5,CAN,_T,_T,_T,_Z,_Z,_Z,2012,A,T,
3.342901,P1Y,0,,A,PU,_Z,2,,,False,WB_WDI,WB_WDI_EN_GHG_CO2_PC_CE_AR5,CYM,_T,_T,_T,_Z,_Z,_Z,2012,A,T,
0.047952,P1Y,0,,A,PU,_Z,2,,,False,WB_WDI,WB_WDI_EN_GHG_CO2_PC_CE_AR5,CAF,_T,_T,_T,_Z,_Z,_Z,2012,A,T,
0.091522,P1Y,0,,A,PU,_Z,2,,,False,WB_WDI,WB_WDI_EN_GHG_CO2_PC_CE_AR5,TCD,_T,_T,_T,_Z,_Z,_Z,2012,A,T,
4.643413,P1Y,0,,A,PU,_Z,2,,,False,WB_WDI,WB_WDI_EN_GHG_CO2_PC_CE_AR5,CHL,_T,_T,_T,_Z,_Z,_Z,2012,A,T,
7.584417,P1Y,0,,A,PU,_Z,2,,,False,WB_WDI,WB_WDI_EN_GHG_CO2_PC_CE_AR5,CHN,_T,_T,_T,_Z,_Z,_Z,2012,A,T,
1.610005,P1Y,0,,A,PU,_Z,2,,,False,WB_WDI,WB_WDI_EN_GHG_CO2_PC_CE_AR5,COL,_T,_T,_T,_Z,_Z,_Z,2012,A,T,
0.213312,P1Y,0,,A,PU,_Z,2,,,False,WB_WDI,WB_WDI_EN_GHG_CO2_PC_CE_AR5,COM,_T,_T,_T,_Z,_Z,_Z,2012,A,T,
5.092545,P1Y,0,,A,PU,_Z,2,,,False,WB_WDI,WB_WDI_EN_GHG_CO2_PC_CE_AR5,ECA,_T,_T,_T,_Z,_Z,_Z,2016,A,T,
7.572673,P1Y,0,,A,PU,_Z,2,,,False,WB_WDI,WB_WDI_EN_GHG_CO2_PC_CE_AR5,TEC,_T,_T,_T,_Z,_Z,_Z,2016,A,T,
6.948717,P1Y,0,,A,PU,_Z,2,,,False,WB_WDI,WB_WDI_EN_GHG_CO2_PC_CE_AR5,EUU,_T,_T,_T,_Z,_Z,_Z,2016,A,T,
0.296164,P1Y,0,,A,PU,_Z,2,,,False,WB_WDI,WB_WDI_EN_GHG_CO2_PC_CE_AR5,HPC,_T,_T,_T,_Z,_Z,_Z,2016,A,T,
10.911166,P1Y,0,,A,PU,_Z,2,,,False,WB_WDI,WB_WDI_EN_GHG_CO2_PC_CE_AR5,HIC,_T,_T,_T,_Z,_Z,_Z,2016,A,T,
4.543581,P1Y,0,,A,PU,_Z,2,,,False,WB_WDI,WB_WDI_EN_GHG_CO2_PC_CE_AR5,IBD,_T,_T,_T,_Z,_Z,_Z,2016,A,T,
3.523206,P1Y,0,,A,PU,_Z,2,,,False,WB_WDI,WB_WDI_EN_GHG_CO2_PC_CE_AR5,IBT,_T,_T,_T,_Z,_Z,_Z,2016,A,T,
0.873397,P1Y,0,,A,PU,_Z,2,,,False,WB_WDI,WB_WDI_EN_GHG_CO2_PC_CE_AR5,IDB,_T,_T,_T,_Z,_Z,_Z,2016,A,T,
0.39278,P1Y,0,,A,PU,_Z,2,,,False,WB_WDI,WB_WDI_EN_GHG_CO2_PC_CE_AR5,IDX,_T,_T,_T,_Z,_Z,_Z,2016,A,T,
0.563835,P1Y,0,,A,PU,_Z,2,,,False,WB_WDI,WB_WDI_EN_GHG_CO2_PC_CE_AR5,IDA,_T,_T,_T,_Z,_Z,_Z,2016,A,T,
6.857353,P1Y,0,,A,PU,_Z,2,,,False,WB_WDI,WB_WDI_EN_GHG_CO2_PC_CE_AR5,LTE,_T,_T,_T,_Z,_Z,_Z,2016,A,T,
2.924851,P1Y,0,,A,PU,_Z,2,,,False,WB_WDI,WB_WDI_EN_GHG_CO2_PC_CE_AR5,LCN,_T,_T,_T,_Z,_Z,_Z,2016,A,T,
1.819125,P1Y,0,,A,PU,_Z,2,,,False,WB_WDI,WB_WDI_EN_GHG_CO2_PC_CE_AR5,MAR,_T,_T,_T,_Z,_Z,_Z,2018,A,T,
0.277594,P1Y,0,,A,PU,_Z,2,,,False,WB_WDI,WB_WDI_EN_GHG_CO2_PC_CE_AR5,MOZ,_T,_T,_T,_Z,_Z,_Z,2018,A,T,
0.641233,P1Y,0,,A,PU,_Z,2,,,False,WB_WDI,WB_WDI_EN_GHG_CO2_PC_CE_AR5,MMR,_T,_T,_T,_Z,_Z,_Z,2018,A,T,
1.478198,P1Y,0,,A,PU,_Z,2,,,False,WB_WDI,WB_WDI_EN_GHG_CO2_PC_CE_AR5,NAM,_T,_T,_T,_Z,_Z,_Z,2018,A,T,
0,P1Y,0,,A,PU,_Z,2,,,False,WB_WDI,WB_WDI_EN_GHG_CO2_PC_CE_AR5,NRU,_T,_T,_T,_Z,_Z,_Z,2018,A,T,
0.531555,P1Y,0,,A,PU,_Z,2,,,False,WB_WDI,WB_WDI_EN_GHG_CO2_PC_CE_AR5,NPL,_T,_T,_T,_Z,_Z,_Z,2018,A,T,
9.464865,P1Y,0,,A,PU,_Z,2,,,False,WB_WDI,WB_WDI_EN_GHG_CO2_PC_CE_AR5,NLD,_T,_T,_T,_Z,_Z,_Z,2018,A,T,
21.249837,P1Y,0,,A,PU,_Z,2,,,False,WB_WDI,WB_WDI_EN_GHG_CO2_PC_CE_AR5,NCL,_T,_T,_T,_Z,_Z,_Z,2018,A,T,
7.271252,P1Y,0,,A,PU,_Z,2,,,False,WB_WDI,WB_WDI_EN_GHG_CO2_PC_CE_AR5,NZL,_T,_T,_T,_Z,_Z,_Z,2018,A,T,
0.809412,P1Y,0,,A,PU,_Z,2,,,False,WB_WDI,WB_WDI_EN_GHG_CO2_PC_CE_AR5,NIC,_T,_T,_T,_Z,_Z,_Z,2018,A,T,
10.427828,P1Y,0,,A,PU,_Z,2,,,False,WB_WDI,WB_WDI_EN_GHG_CO2_PC_CE_AR5,NLD,_T,_T,_T,_Z,_Z,_Z,2011,A,T,
13.299918,P1Y,0,,A,PU,_Z,2,,,False,WB_WDI,WB_WDI_EN_GHG_CO2_PC_CE_AR5,NCL,_T,_T,_T,_Z,_Z,_Z,2011,A,T,
7.461382,P1Y,0,,A,PU,_Z,2,,,False,WB_WDI,WB_WDI_EN_GHG_CO2_PC_CE_AR5,NZL,_T,_T,_T,_Z,_Z,_Z,2011,A,T,
0.8389,P1Y,0,,A,PU,_Z,2,,,False,WB_WDI,WB_WDI_EN_GHG_CO2_PC_CE_AR5,NIC,_T,_T,_T,_Z,_Z,_Z,2011,A,T,
0.085804,P1Y,0,,A,PU,_Z,2,,,False,WB_WDI,WB_WDI_EN_GHG_CO2_PC_CE_AR5,NER,_T,_T,_T,_Z,_Z,_Z,2011,A,T,
0.606967,P1Y,0,,A,PU,_Z,2,,,False,WB_WDI,WB_WDI_EN_GHG_CO2_PC_CE_AR5,NGA,_T,_T,_T,_Z,_Z,_Z,2011,A,T,
5.287453,P1Y,0,,A,PU,_Z,2,,,False,WB_WDI,WB_WDI_EN_GHG_CO2_PC_CE_AR5,MKD,_T,_T,_T,_Z,_Z,_Z,2011,A,T,
0.001865,P1Y,0,,A,PU,_Z,2,,,False,WB_WDI,WB_WDI_EN_GHG_CO2_PC_CE_AR5,MNP,_T,_T,_T,_Z,_Z,_Z,2011,A,T,
9.476694,P1Y,0,,A,PU,_Z,2,,,False,WB_WDI,WB_WDI_EN_GHG_CO2_PC_CE_AR5,NOR,_T,_T,_T,_Z,_Z,_Z,2011,A,T,
19.416868,P1Y,0,,A,PU,_Z,2,,,False,WB_WDI,WB_WDI_EN_GHG_CO2_PC_CE_AR5,OMN,_T,_T,_T,_Z,_Z,_Z,2011,A,T,
0.761925,P1Y,0,,A,PU,_Z,2,,,False,WB_WDI,WB_WDI_EN_GHG_CO2_PC_CE_AR5,PAK,_T,_T,_T,_Z,_Z,_Z,2011,A,T,
7.497135,P1Y,0,,A,PU,_Z,2,,,False,WB_WDI,WB_WDI_EN_GHG_CO2_PC_CE_AR5,IRN,_T,_T,_T,_Z,_Z,_Z,2009,A,T,
3.222095,P1Y,0,,A,PU,_Z,2,,,False,WB_WDI,WB_WDI_EN_GHG_CO2_PC_CE_AR5,IRQ,_T,_T,_T,_Z,_Z,_Z,2009,A,T,
9.078301,P1Y,0,,A,PU,_Z,2,,,False,WB_WDI,WB_WDI_EN_GHG_CO2_PC_CE_AR5,IRL,_T,_T,_T,_Z,_Z,_Z,2009,A,T,
8.956877,P1Y,0,,A,PU,_Z,2,,,False,WB_WDI,WB_WDI_EN_GHG_CO2_PC_CE_AR5,ISR,_T,_T,_T,_Z,_Z,_Z,2009,A,T,
6.94826,P1Y,0,,A,PU,_Z,2,,,False,WB_WDI,WB_WDI_EN_GHG_CO2_PC_CE_AR5,ITA,_T,_T,_T,_Z,_Z,_Z,2009,A,T,
2.940926,P1Y,0,,A,PU,_Z,2,,,False,WB_WDI,WB_WDI_EN_GHG_CO2_PC_CE_AR5,JAM,_T,_T,_T,_Z,_Z,_Z,2009,A,T,
9.03961,P1Y,0,,A,PU,_Z,2,,,False,WB_WDI,WB_WDI_EN_GHG_CO2_PC_CE_AR5,JPN,_T,_T,_T,_Z,_Z,_Z,2009,A,T,
2.949094,P1Y,0,,A,PU,_Z,2,,,False,WB_WDI,WB_WDI_EN_GHG_CO2_PC_CE_AR5,JOR,_T,_T,_T,_Z,_Z,_Z,2009,A,T,
13.506894,P1Y,0,,A,PU,_Z,2,,,False,WB_WDI,WB_WDI_EN_GHG_CO2_PC_CE_AR5,KAZ,_T,_T,_T,_Z,_Z,_Z,2009,A,T,
0.308699,P1Y,0,,A,PU,_Z,2,,,False,WB_WDI,WB_WDI_EN_GHG_CO2_PC_CE_AR5,KEN,_T,_T,_T,_Z,_Z,_Z,2009,A,T,
0.545709,P1Y,0,,A,PU,_Z,2,,,False,WB_WDI,WB_WDI_EN_GHG_CO2_PC_CE_AR5,KIR,_T,_T,_T,_Z,_Z,_Z,2009,A,T,
1.94096,P1Y,0,,A,PU,_Z,2,,,False,WB_WDI,WB_WDI_EN_GHG_CO2_PC_CE_AR5,ALB,_T,_T,_T,_Z,_Z,_Z,2019,A,T,
4.196519,P1Y,0,,A,PU,_Z,2,,,False,WB_WDI,WB_WDI_EN_GHG_CO2_PC_CE_AR5,DZA,_T,_T,_T,_Z,_Z,_Z,2019,A,T,
0.001992,P1Y,0,,A,PU,_Z,2,,,False,WB_WDI,WB_WDI_EN_GHG_CO2_PC_CE_AR5,ASM,_T,_T,_T,_Z,_Z,_Z,2019,A,T,
0.833846,P1Y,0,,A,PU,_Z,2,,,False,WB_WDI,WB_WDI_EN_GHG_CO2_PC_CE_AR5,AGO,_T,_T,_T,_Z,_Z,_Z,2019,A,T,
3.749836,P1Y,0,,A,PU,_Z,2,,,False,WB_WDI,WB_WDI_EN_GHG_CO2_PC_CE_AR5,ATG,_T,_T,_T,_Z,_Z,_Z,2019,A,T,
4.075041,P1Y,0,,A,PU,_Z,2,,,False,WB_WDI,WB_WDI_EN_GHG_CO2_PC_CE_AR5,ARG,_T,_T,_T,_Z,_Z,_Z,2019,A,T,
2.168675,P1Y,0,,A,PU,_Z,2,,,False,WB_WDI,WB_WDI_EN_GHG_CO2_PC_CE_AR5,ARM,_T,_T,_T,_Z,_Z,_Z,2019,A,T,
4.665623,P1Y,0,,A,PU,_Z,2,,,False,WB_WDI,WB_WDI_EN_GHG_CO2_PC_CE_AR5,ABW,_T,_T,_T,_Z,_Z,_Z,2019,A,T,
16.100707,P1Y,0,,A,PU,_Z,2,,,False,WB_WDI,WB_WDI_EN_GHG_CO2_PC_CE_AR5,AUS,_T,_T,_T,_Z,_Z,_Z,2019,A,T,
7.745194,P1Y,0,,A,PU,_Z,2,,,False,WB_WDI,WB_WDI_EN_GHG_CO2_PC_CE_AR5,AUT,_T,_T,_T,_Z,_Z,_Z,2019,A,T,
3.689231,P1Y,0,,A,PU,_Z,2,,,False,WB_WDI,WB_WDI_EN_GHG_CO2_PC_CE_AR5,AZE,_T,_T,_T,_Z,_Z,_Z,2019,A,T,
3.122878,P1Y,0,,A,PU,_Z,2,,,False,WB_WDI,WB_WDI_EN_GHG_CO2_PC_CE_AR5,GAB,_T,_T,_T,_Z,_Z,_Z,2016,A,T,
0.224979,P1Y,0,,A,PU,_Z,2,,,False,WB_WDI,WB_WDI_EN_GHG_CO2_PC_CE_AR5,GMB,_T,_T,_T,_Z,_Z,_Z,2016,A,T,
2.957796,P1Y,0,,A,PU,_Z,2,,,False,WB_WDI,WB_WDI_EN_GHG_CO2_PC_CE_AR5,GEO,_T,_T,_T,_Z,_Z,_Z,2016,A,T,
9.584234,P1Y,0,,A,PU,_Z,2,,,False,WB_WDI,WB_WDI_EN_GHG_CO2_PC_CE_AR5,DEU,_T,_T,_T,_Z,_Z,_Z,2016,A,T,
0.546382,P1Y,0,,A,PU,_Z,2,,,False,WB_WDI,WB_WDI_EN_GHG_CO2_PC_CE_AR5,GHA,_T,_T,_T,_Z,_Z,_Z,2016,A,T,
18.191812,P1Y,0,,A,PU,_Z,2,,,False,WB_WDI,WB_WDI_EN_GHG_CO2_PC_CE_AR5,GIB,_T,_T,_T,_Z,_Z,_Z,2016,A,T,
6.325295,P1Y,0,,A,PU,_Z,2,,,False,WB_WDI,WB_WDI_EN_GHG_CO2_PC_CE_AR5,GRC,_T,_T,_T,_Z,_Z,_Z,2016,A,T,
9.182003,P1Y,0,,A,PU,_Z,2,,,False,WB_WDI,WB_WDI_EN_GHG_CO2_PC_CE_AR5,GRL,_T,_T,_T,_Z,_Z,_Z,2016,A,T,
1.108312,P1Y,0,,A,PU,_Z,2,,,False,WB_WDI,WB_WDI_EN_GHG_CO2_PC_CE_AR5,GRD,_T,_T,_T,_Z,_Z,_Z,2016,A,T,
0.001827,P1Y,0,,A,PU,_Z,2,,,False,WB_WDI,WB_WDI_EN_GHG_CO2_PC_CE_AR5,GUM,_T,_T,_T,_Z,_Z,_Z,2016,A,T,
1.107878,P1Y,0,,A,PU,_Z,2,,,False,WB_WDI,WB_WDI_EN_GHG_CO2_PC_CE_AR5,GTM,_T,_T,_T,_Z,_Z,_Z,2016,A,T,
0.267497,P1Y,0,,A,PU,_Z,2,,,False,WB_WDI,WB_WDI_EN_GHG_CO2_PC_CE_AR5,GIN,_T,_T,_T,_Z,_Z,_Z,2016,A,T,
0.206781,P1Y,0,,A,PU,_Z,2,,,False,WB_WDI,WB_WDI_EN_GHG_CO2_PC_CE_AR5,GNB,_T,_T,_T,_Z,_Z,_Z,2016,A,T,
0.398006,P1Y,0,,A,PU,_Z,2,,,False,WB_WDI,WB_WDI_EN_GHG_CO2_PC_CE_AR5,CMR,_T,_T,_T,_Z,_Z,_Z,2010,A,T,
16.529775,P1Y,0,,A,PU,_Z,2,,,False,WB_WDI,WB_WDI_EN_GHG_CO2_PC_CE_AR5,CAN,_T,_T,_T,_Z,_Z,_Z,2010,A,T,
4.569401,P1Y,0,,A,PU,_Z,2,,,False,WB_WDI,WB_WDI_EN_GHG_CO2_PC_CE_AR5,CYM,_T,_T,_T,_Z,_Z,_Z,2010,A,T,
0.044491,P1Y,0,,A,PU,_Z,2,,,False,WB_WDI,WB_WDI_EN_GHG_CO2_PC_CE_AR5,CAF,_T,_T,_T,_Z,_Z,_Z,2010,A,T,
0.042607,P1Y,0,,A,PU,_Z,2,,,False,WB_WDI,WB_WDI_EN_GHG_CO2_PC_CE_AR5,TCD,_T,_T,_T,_Z,_Z,_Z,2010,A,T,
4.209362,P1Y,0,,A,PU,_Z,2,,,False,WB_WDI,WB_WDI_EN_GHG_CO2_PC_CE_AR5,CHL,_T,_T,_T,_Z,_Z,_Z,2010,A,T,
6.807185,P1Y,0,,A,PU,_Z,2,,,False,WB_WDI,WB_WDI_EN_GHG_CO2_PC_CE_AR5,CHN,_T,_T,_T,_Z,_Z,_Z,2010,A,T,
1.522,P1Y,0,,A,PU,_Z,2,,,False,WB_WDI,WB_WDI_EN_GHG_CO2_PC_CE_AR5,COL,_T,_T,_T,_Z,_Z,_Z,2010,A,T,
0.238075,P1Y,0,,A,PU,_Z,2,,,False,WB_WDI,WB_WDI_EN_GHG_CO2_PC_CE_AR5,COM,_T,_T,_T,_Z,_Z,_Z,2010,A,T,
0.042962,P1Y,0,,A,PU,_Z,2,,,False,WB_WDI,WB_WDI_EN_GHG_CO2_PC_CE_AR5,COD,_T,_T,_T,_Z,_Z,_Z,2010,A,T,
1.185849,P1Y,0,,A,PU,_Z,2,,,False,WB_WDI,WB_WDI_EN_GHG_CO2_PC_CE_AR5,COG,_T,_T,_T,_Z,_Z,_Z,2010,A,T,
16.374608,P1Y,0,,A,PU,_Z,2,,,False,WB_WDI,WB_WDI_EN_GHG_CO2_PC_CE_AR5,GIB,_T,_T,_T,_Z,_Z,_Z,2014,A,T,
6.519079,P1Y,0,,A,PU,_Z,2,,,False,WB_WDI,WB_WDI_EN_GHG_CO2_PC_CE_AR5,GRC,_T,_T,_T,_Z,_Z,_Z,2014,A,T,
8.540723,P1Y,0,,A,PU,_Z,2,,,False,WB_WDI,WB_WDI_EN_GHG_CO2_PC_CE_AR5,GRL,_T,_T,_T,_Z,_Z,_Z,2014,A,T,
0.963796,P1Y,0,,A,PU,_Z,2,,,False,WB_WDI,WB_WDI_EN_GHG_CO2_PC_CE_AR5,GRD,_T,_T,_T,_Z,_Z,_Z,2014,A,T,
0.001209,P1Y,0,,A,PU,_Z,2,,,False,WB_WDI,WB_WDI_EN_GHG_CO2_PC_CE_AR5,GUM,_T,_T,_T,_Z,_Z,_Z,2014,A,T,
0.92692,P1Y,0,,A,PU,_Z,2,,,False,WB_WDI,WB_WDI_EN_GHG_CO2_PC_CE_AR5,GTM,_T,_T,_T,_Z,_Z,_Z,2014,A,T,
0.20687,P1Y,0,,A,PU,_Z,2,,,False,WB_WDI,WB_WDI_EN_GHG_CO2_PC_CE_AR5,GIN,_T,_T,_T,_Z,_Z,_Z,2014,A,T,
0.195966,P1Y,0,,A,PU,_Z,2,,,False,WB_WDI,WB_WDI_EN_GHG_CO2_PC_CE_AR5,GNB,_T,_T,_T,_Z,_Z,_Z,2014,A,T,
2.738028,P1Y,0,,A,PU,_Z,2,,,False,WB_WDI,WB_WDI_EN_GHG_CO2_PC_CE_AR5,GUY,_T,_T,_T,_Z,_Z,_Z,2014,A,T,
0.311214,P1Y,0,,A,PU,_Z,2,,,False,WB_WDI,WB_WDI_EN_GHG_CO2_PC_CE_AR5,HTI,_T,_T,_T,_Z,_Z,_Z,2014,A,T,
1.096168,P1Y,0,,A,PU,_Z,2,,,False,WB_WDI,WB_WDI_EN_GHG_CO2_PC_CE_AR5,HND,_T,_T,_T,_Z,_Z,_Z,2014,A,T,
6.577813,P1Y,0,,A,PU,_Z,2,,,False,WB_WDI,WB_WDI_EN_GHG_CO2_PC_CE_AR5,HKG,_T,_T,_T,_Z,_Z,_Z,2014,A,T,
4.559344,P1Y,0,,A,PU,_Z,2,,,False,WB_WDI,WB_WDI_EN_GHG_CO2_PC_CE_AR5,HUN,_T,_T,_T,_Z,_Z,_Z,2014,A,T,
12.268276,P1Y,0,,A,PU,_Z,2,,,False,WB_WDI,WB_WDI_EN_GHG_CO2_PC_CE_AR5,RUS,_T,_T,_T,_Z,_Z,_Z,2013,A,T,
0.085015,P1Y,0,,A,PU,_Z,2,,,False,WB_WDI,WB_WDI_EN_GHG_CO2_PC_CE_AR5,RWA,_T,_T,_T,_Z,_Z,_Z,2013,A,T,
1.406177,P1Y,0,,A,PU,_Z,2,,,False,WB_WDI,WB_WDI_EN_GHG_CO2_PC_CE_AR5,WSM,_T,_T,_T,_Z,_Z,_Z,2013,A,T,
0.690662,P1Y,0,,A,PU,_Z,2,,,False,WB_WDI,WB_WDI_EN_GHG_CO2_PC_CE_AR5,STP,_T,_T,_T,_Z,_Z,_Z,2013,A,T,
19.808729,P1Y,0,,A,PU,_Z,2,,,False,WB_WDI,WB_WDI_EN_GHG_CO2_PC_CE_AR5,SAU,_T,_T,_T,_Z,_Z,_Z,2013,A,T,
0.571876,P1Y,0,,A,PU,_Z,2,,,False,WB_WDI,WB_WDI_EN_GHG_CO2_PC_CE_AR5,SEN,_T,_T,_T,_Z,_Z,_Z,2013,A,T,
8.919499,P1Y,0,,A,PU,_Z,2,,,False,WB_WDI,WB_WDI_EN_GHG_CO2_PC_CE_AR5,SYC,_T,_T,_T,_Z,_Z,_Z,2013,A,T,
0.167216,P1Y,0,,A,PU,_Z,2,,,False,WB_WDI,WB_WDI_EN_GHG_CO2_PC_CE_AR5,SLE,_T,_T,_T,_Z,_Z,_Z,2013,A,T,
9.74705,P1Y,0,,A,PU,_Z,2,,,False,WB_WDI,WB_WDI_EN_GHG_CO2_PC_CE_AR5,SGP,_T,_T,_T,_Z,_Z,_Z,2013,A,T,
0.496954,P1Y,0,,A,PU,_Z,2,,,False,WB_WDI,WB_WDI_EN_GHG_CO2_PC_CE_AR5,KIR,_T,_T,_T,_Z,_Z,_Z,2012,A,T,
1.944401,P1Y,0,,A,PU,_Z,2,,,False,WB_WDI,WB_WDI_EN_GHG_CO2_PC_CE_AR5,PRK,_T,_T,_T,_Z,_Z,_Z,2012,A,T,
12.852856,P1Y,0,,A,PU,_Z,2,,,False,WB_WDI,WB_WDI_EN_GHG_CO2_PC_CE_AR5,KOR,_T,_T,_T,_Z,_Z,_Z,2012,A,T,
27.557805,P1Y,0,,A,PU,_Z,2,,,False,WB_WDI,WB_WDI_EN_GHG_CO2_PC_CE_AR5,KWT,_T,_T,_T,_Z,_Z,_Z,2012,A,T,
1.847304,P1Y,0,,A,PU,_Z,2,,,False,WB_WDI,WB_WDI_EN_GHG_CO2_PC_CE_AR5,KGZ,_T,_T,_T,_Z,_Z,_Z,2012,A,T,
0.511691,P1Y,0,,A,PU,_Z,2,,,False,WB_WDI,WB_WDI_EN_GHG_CO2_PC_CE_AR5,LAO,_T,_T,_T,_Z,_Z,_Z,2012,A,T,
3.945989,P1Y,0,,A,PU,_Z,2,,,False,WB_WDI,WB_WDI_EN_GHG_CO2_PC_CE_AR5,LVA,_T,_T,_T,_Z,_Z,_Z,2012,A,T,
4.476328,P1Y,0,,A,PU,_Z,2,,,False,WB_WDI,WB_WDI_EN_GHG_CO2_PC_CE_AR5,LBN,_T,_T,_T,_Z,_Z,_Z,2012,A,T,
0.283333,P1Y,0,,A,PU,_Z,2,,,False,WB_WDI,WB_WDI_EN_GHG_CO2_PC_CE_AR5,LSO,_T,_T,_T,_Z,_Z,_Z,2012,A,T,
0.223437,P1Y,0,,A,PU,_Z,2,,,False,WB_WDI,WB_WDI_EN_GHG_CO2_PC_CE_AR5,LBR,_T,_T,_T,_Z,_Z,_Z,2012,A,T,
10.171996,P1Y,0,,A,PU,_Z,2,,,False,WB_WDI,WB_WDI_EN_GHG_CO2_PC_CE_AR5,LBY,_T,_T,_T,_Z,_Z,_Z,2012,A,T,
0.266991,P1Y,0,,A,PU,_Z,2,,,False,WB_WDI,WB_WDI_EN_GHG_CO2_PC_CE_AR5,IDX,_T,_T,_T,_Z,_Z,_Z,2002,A,T,
0.505269,P1Y,0,,A,PU,_Z,2,,,False,WB_WDI,WB_WDI_EN_GHG_CO2_PC_CE_AR5,IDA,_T,_T,_T,_Z,_Z,_Z,2002,A,T,
3.828819,P1Y,0,,A,PU,_Z,2,,,False,WB_WDI,WB_WDI_EN_GHG_CO2_PC_CE_AR5,LTE,_T,_T,_T,_Z,_Z,_Z,2002,A,T,
2.532837,P1Y,0,,A,PU,_Z,2,,,False,WB_WDI,WB_WDI_EN_GHG_CO2_PC_CE_AR5,LCN,_T,_T,_T,_Z,_Z,_Z,2002,A,T,
2.47045,P1Y,0,,A,PU,_Z,2,,,False,WB_WDI,WB_WDI_EN_GHG_CO2_PC_CE_AR5,LAC,_T,_T,_T,_Z,_Z,_Z,2002,A,T,
2.516002,P1Y,0,,A,PU,_Z,2,,,False,WB_WDI,WB_WDI_EN_GHG_CO2_PC_CE_AR5,TLA,_T,_T,_T,_Z,_Z,_Z,2002,A,T,
0.191248,P1Y,0,,A,PU,_Z,2,,,False,WB_WDI,WB_WDI_EN_GHG_CO2_PC_CE_AR5,LDC,_T,_T,_T,_Z,_Z,_Z,2002,A,T,
1.995099,P1Y,0,,A,PU,_Z,2,,,False,WB_WDI,WB_WDI_EN_GHG_CO2_PC_CE_AR5,LMY,_T,_T,_T,_Z,_Z,_Z,2002,A,T,
0.41706,P1Y,0,,A,PU,_Z,2,,,False,WB_WDI,WB_WDI_EN_GHG_CO2_PC_CE_AR5,LIC,_T,_T,_T,_Z,_Z,_Z,2002,A,T,
0.942018,P1Y,0,,A,PU,_Z,2,,,False,WB_WDI,WB_WDI_EN_GHG_CO2_PC_CE_AR5,LMC,_T,_T,_T,_Z,_Z,_Z,2002,A,T,
3.193178,P1Y,0,,A,PU,_Z,2,,,False,WB_WDI,WB_WDI_EN_GHG_CO2_PC_CE_AR5,MEA,_T,_T,_T,_Z,_Z,_Z,2002,A,T,
2.154889,P1Y,0,,A,PU,_Z,2,,,False,WB_WDI,WB_WDI_EN_GHG_CO2_PC_CE_AR5,MNA,_T,_T,_T,_Z,_Z,_Z,2002,A,T,
2.154889,P1Y,0,,A,PU,_Z,2,,,False,WB_WDI,WB_WDI_EN_GHG_CO2_PC_CE_AR5,TMN,_T,_T,_T,_Z,_Z,_Z,2002,A,T,
2.13141,P1Y,0,,A,PU,_Z,2,,,False,WB_WDI,WB_WDI_EN_GHG_CO2_PC_CE_AR5,MIC,_T,_T,_T,_Z,_Z,_Z,2002,A,T,
19.686653,P1Y,0,,A,PU,_Z,2,,,False,WB_WDI,WB_WDI_EN_GHG_CO2_PC_CE_AR5,NAC,_T,_T,_T,_Z,_Z,_Z,2002,A,T,
2.646853,P1Y,0,,A,PU,_Z,2,,,False,WB_WDI,WB_WDI_EN_GHG_CO2_PC_CE_AR5,PAN,_T,_T,_T,_Z,_Z,_Z,2016,A,T,
0.738809,P1Y,0,,A,PU,_Z,2,,,False,WB_WDI,WB_WDI_EN_GHG_CO2_PC_CE_AR5,PNG,_T,_T,_T,_Z,_Z,_Z,2016,A,T,
1.20212,P1Y,0,,A,PU,_Z,2,,,False,WB_WDI,WB_WDI_EN_GHG_CO2_PC_CE_AR5,PRY,_T,_T,_T,_Z,_Z,_Z,2016,A,T,
1.862891,P1Y,0,,A,PU,_Z,2,,,False,WB_WDI,WB_WDI_EN_GHG_CO2_PC_CE_AR5,PER,_T,_T,_T,_Z,_Z,_Z,2016,A,T,
1.136426,P1Y,0,,A,PU,_Z,2,,,False,WB_WDI,WB_WDI_EN_GHG_CO2_PC_CE_AR5,PHL,_T,_T,_T,_Z,_Z,_Z,2016,A,T,
8.341514,P1Y,0,,A,PU,_Z,2,,,False,WB_WDI,WB_WDI_EN_GHG_CO2_PC_CE_AR5,POL,_T,_T,_T,_Z,_Z,_Z,2016,A,T,
4.893055,P1Y,0,,A,PU,_Z,2,,,False,WB_WDI,WB_WDI_EN_GHG_CO2_PC_CE_AR5,PRT,_T,_T,_T,_Z,_Z,_Z,2016,A,T,
3.260888,P1Y,0,,A,PU,_Z,2,,,False,WB_WDI,WB_WDI_EN_GHG_CO2_PC_CE_AR5,PRI,_T,_T,_T,_Z,_Z,_Z,2016,A,T,
46.043358,P1Y,0,,A,PU,_Z,2,,,False,WB_WDI,WB_WDI_EN_GHG_CO2_PC_CE_AR5,QAT,_T,_T,_T,_Z,_Z,_Z,2016,A,T,
3.994794,P1Y,0,,A,PU,_Z,2,,,False,WB_WDI,WB_WDI_EN_GHG_CO2_PC_CE_AR5,ROU,_T,_T,_T,_Z,_Z,_Z,2016,A,T,
11.961747,P1Y,0,,A,PU,_Z,2,,,False,WB_WDI,WB_WDI_EN_GHG_CO2_PC_CE_AR5,RUS,_T,_T,_T,_Z,_Z,_Z,2016,A,T,
1.192889,P1Y,0,,A,PU,_Z,2,,,False,WB_WDI,WB_WDI_EN_GHG_CO2_PC_CE_AR5,AFE,_T,_T,_T,_Z,_Z,_Z,2008,A,T,
0.450434,P1Y,0,,A,PU,_Z,2,,,False,WB_WDI,WB_WDI_EN_GHG_CO2_PC_CE_AR5,AFW,_T,_T,_T,_Z,_Z,_Z,2008,A,T,
4.33299,P1Y,0,,A,PU,_Z,2,,,False,WB_WDI,WB_WDI_EN_GHG_CO2_PC_CE_AR5,ARB,_T,_T,_T,_Z,_Z,_Z,2008,A,T,
10.848453,P1Y,0,,A,PU,_Z,2,,,False,WB_WDI,WB_WDI_EN_GHG_CO2_PC_CE_AR5,CSS,_T,_T,_T,_Z,_Z,_Z,2008,A,T,
7.590725,P1Y,0,,A,PU,_Z,2,,,False,WB_WDI,WB_WDI_EN_GHG_CO2_PC_CE_AR5,CEB,_T,_T,_T,_Z,_Z,_Z,2008,A,T,
2.013536,P1Y,0,,A,PU,_Z,2,,,False,WB_WDI,WB_WDI_EN_GHG_CO2_PC_CE_AR5,EAR,_T,_T,_T,_Z,_Z,_Z,2008,A,T,
5.199429,P1Y,0,,A,PU,_Z,2,,,False,WB_WDI,WB_WDI_EN_GHG_CO2_PC_CE_AR5,EAS,_T,_T,_T,_Z,_Z,_Z,2008,A,T,
4.586717,P1Y,0,,A,PU,_Z,2,,,False,WB_WDI,WB_WDI_EN_GHG_CO2_PC_CE_AR5,EAP,_T,_T,_T,_Z,_Z,_Z,2008,A,T,
4.60775,P1Y,0,,A,PU,_Z,2,,,False,WB_WDI,WB_WDI_EN_GHG_CO2_PC_CE_AR5,TEA,_T,_T,_T,_Z,_Z,_Z,2008,A,T,
8.254081,P1Y,0,,A,PU,_Z,2,,,False,WB_WDI,WB_WDI_EN_GHG_CO2_PC_CE_AR5,EMU,_T,_T,_T,_Z,_Z,_Z,2008,A,T,
8.275161,P1Y,0,,A,PU,_Z,2,,,False,WB_WDI,WB_WDI_EN_GHG_CO2_PC_CE_AR5,ECS,_T,_T,_T,_Z,_Z,_Z,2008,A,T,
5.828204,P1Y,0,,A,PU,_Z,2,,,False,WB_WDI,WB_WDI_EN_GHG_CO2_PC_CE_AR5,ECA,_T,_T,_T,_Z,_Z,_Z,2008,A,T,
8.222742,P1Y,0,,A,PU,_Z,2,,,False,WB_WDI,WB_WDI_EN_GHG_CO2_PC_CE_AR5,TEC,_T,_T,_T,_Z,_Z,_Z,2008,A,T,
8.122323,P1Y,0,,A,PU,_Z,2,,,False,WB_WDI,WB_WDI_EN_GHG_CO2_PC_CE_AR5,EUU,_T,_T,_T,_Z,_Z,_Z,2008,A,T,
0.221268,P1Y,0,,A,PU,_Z,2,,,False,WB_WDI,WB_WDI_EN_GHG_CO2_PC_CE_AR5,HPC,_T,_T,_T,_Z,_Z,_Z,2008,A,T,
12.06531,P1Y,0,,A,PU,_Z,2,,,False,WB_WDI,WB_WDI_EN_GHG_CO2_PC_CE_AR5,HIC,_T,_T,_T,_Z,_Z,_Z,2008,A,T,
3.908099,P1Y,0,,A,PU,_Z,2,,,False,WB_WDI,WB_WDI_EN_GHG_CO2_PC_CE_AR5,IBD,_T,_T,_T,_Z,_Z,_Z,2008,A,T,
3.101042,P1Y,0,,A,PU,_Z,2,,,False,WB_WDI,WB_WDI_EN_GHG_CO2_PC_CE_AR5,IBT,_T,_T,_T,_Z,_Z,_Z,2008,A,T,
0.896567,P1Y,0,,A,PU,_Z,2,,,False,WB_WDI,WB_WDI_EN_GHG_CO2_PC_CE_AR5,IDB,_T,_T,_T,_Z,_Z,_Z,2008,A,T,
0.331653,P1Y,0,,A,PU,_Z,2,,,False,WB_WDI,WB_WDI_EN_GHG_CO2_PC_CE_AR5,IDX,_T,_T,_T,_Z,_Z,_Z,2008,A,T,
0.531861,P1Y,0,,A,PU,_Z,2,,,False,WB_WDI,WB_WDI_EN_GHG_CO2_PC_CE_AR5,IDA,_T,_T,_T,_Z,_Z,_Z,2008,A,T,
5.672917,P1Y,0,,A,PU,_Z,2,,,False,WB_WDI,WB_WDI_EN_GHG_CO2_PC_CE_AR5,LTE,_T,_T,_T,_Z,_Z,_Z,2008,A,T,
2.82785,P1Y,0,,A,PU,_Z,2,,,False,WB_WDI,WB_WDI_EN_GHG_CO2_PC_CE_AR5,LCN,_T,_T,_T,_Z,_Z,_Z,2008,A,T,
2.727576,P1Y,0,,A,PU,_Z,2,,,False,WB_WDI,WB_WDI_EN_GHG_CO2_PC_CE_AR5,LAC,_T,_T,_T,_Z,_Z,_Z,2008,A,T,
2.828297,P1Y,0,,A,PU,_Z,2,,,False,WB_WDI,WB_WDI_EN_GHG_CO2_PC_CE_AR5,TLA,_T,_T,_T,_Z,_Z,_Z,2008,A,T,
0.240285,P1Y,0,,A,PU,_Z,2,,,False,WB_WDI,WB_WDI_EN_GHG_CO2_PC_CE_AR5,LDC,_T,_T,_T,_Z,_Z,_Z,2008,A,T,
2.79805,P1Y,0,,A,PU,_Z,2,,,False,WB_WDI,WB_WDI_EN_GHG_CO2_PC_CE_AR5,LMY,_T,_T,_T,_Z,_Z,_Z,2008,A,T,
0.220473,P1Y,0,,A,PU,_Z,2,,,False,WB_WDI,WB_WDI_EN_GHG_CO2_PC_CE_AR5,LDC,_T,_T,_T,_Z,_Z,_Z,2006,A,T,
2.605968,P1Y,0,,A,PU,_Z,2,,,False,WB_WDI,WB_WDI_EN_GHG_CO2_PC_CE_AR5,LMY,_T,_T,_T,_Z,_Z,_Z,2006,A,T,
0.462363,P1Y,0,,A,PU,_Z,2,,,False,WB_WDI,WB_WDI_EN_GHG_CO2_PC_CE_AR5,LIC,_T,_T,_T,_Z,_Z,_Z,2006,A,T,
1.040397,P1Y,0,,A,PU,_Z,2,,,False,WB_WDI,WB_WDI_EN_GHG_CO2_PC_CE_AR5,LMC,_T,_T,_T,_Z,_Z,_Z,2006,A,T,
3.599676,P1Y,0,,A,PU,_Z,2,,,False,WB_WDI,WB_WDI_EN_GHG_CO2_PC_CE_AR5,MEA,_T,_T,_T,_Z,_Z,_Z,2006,A,T,
2.436577,P1Y,0,,A,PU,_Z,2,,,False,WB_WDI,WB_WDI_EN_GHG_CO2_PC_CE_AR5,MNA,_T,_T,_T,_Z,_Z,_Z,2006,A,T,
2.436577,P1Y,0,,A,PU,_Z,2,,,False,WB_WDI,WB_WDI_EN_GHG_CO2_PC_CE_AR5,TMN,_T,_T,_T,_Z,_Z,_Z,2006,A,T,
2.803059,P1Y,0,,A,PU,_Z,2,,,False,WB_WDI,WB_WDI_EN_GHG_CO2_PC_CE_AR5,MIC,_T,_T,_T,_Z,_Z,_Z,2006,A,T,
19.228607,P1Y,0,,A,PU,_Z,2,,,False,WB_WDI,WB_WDI_EN_GHG_CO2_PC_CE_AR5,NAC,_T,_T,_T,_Z,_Z,_Z,2006,A,T,
10.875992,P1Y,0,,A,PU,_Z,2,,,False,WB_WDI,WB_WDI_EN_GHG_CO2_PC_CE_AR5,OED,_T,_T,_T,_Z,_Z,_Z,2006,A,T,
5.094172,P1Y,0,,A,PU,_Z,2,,,False,WB_WDI,WB_WDI_EN_GHG_CO2_PC_CE_AR5,OSS,_T,_T,_T,_Z,_Z,_Z,2006,A,T,
1.985631,P1Y,0,,A,PU,_Z,2,,,False,WB_WDI,WB_WDI_EN_GHG_CO2_PC_CE_AR5,PSS,_T,_T,_T,_Z,_Z,_Z,2006,A,T,
12.259545,P1Y,0,,A,PU,_Z,2,,,False,WB_WDI,WB_WDI_EN_GHG_CO2_PC_CE_AR5,PST,_T,_T,_T,_Z,_Z,_Z,2006,A,T,
1.295996,P1Y,0,,A,PU,_Z,2,,,False,WB_WDI,WB_WDI_EN_GHG_CO2_PC_CE_AR5,WSM,_T,_T,_T,_Z,_Z,_Z,2009,A,T,
0.644352,P1Y,0,,A,PU,_Z,2,,,False,WB_WDI,WB_WDI_EN_GHG_CO2_PC_CE_AR5,STP,_T,_T,_T,_Z,_Z,_Z,2009,A,T,
18.334563,P1Y,0,,A,PU,_Z,2,,,False,WB_WDI,WB_WDI_EN_GHG_CO2_PC_CE_AR5,SAU,_T,_T,_T,_Z,_Z,_Z,2009,A,T,
0.534392,P1Y,0,,A,PU,_Z,2,,,False,WB_WDI,WB_WDI_EN_GHG_CO2_PC_CE_AR5,SEN,_T,_T,_T,_Z,_Z,_Z,2009,A,T,
11.686407,P1Y,0,,A,PU,_Z,2,,,False,WB_WDI,WB_WDI_EN_GHG_CO2_PC_CE_AR5,SYC,_T,_T,_T,_Z,_Z,_Z,2009,A,T,
0.107784,P1Y,0,,A,PU,_Z,2,,,False,WB_WDI,WB_WDI_EN_GHG_CO2_PC_CE_AR5,SLE,_T,_T,_T,_Z,_Z,_Z,2009,A,T,
8.773947,P1Y,0,,A,PU,_Z,2,,,False,WB_WDI,WB_WDI_EN_GHG_CO2_PC_CE_AR5,SGP,_T,_T,_T,_Z,_Z,_Z,2009,A,T,
6.91125,P1Y,0,,A,PU,_Z,2,,,False,WB_WDI,WB_WDI_EN_GHG_CO2_PC_CE_AR5,SVK,_T,_T,_T,_Z,_Z,_Z,2009,A,T,
8.280559,P1Y,0,,A,PU,_Z,2,,,False,WB_WDI,WB_WDI_EN_GHG_CO2_PC_CE_AR5,SVN,_T,_T,_T,_Z,_Z,_Z,2009,A,T,
0.632839,P1Y,0,,A,PU,_Z,2,,,False,WB_WDI,WB_WDI_EN_GHG_CO2_PC_CE_AR5,SLB,_T,_T,_T,_Z,_Z,_Z,2009,A,T,
7.619161,P1Y,0,,A,PU,_Z,2,,,False,WB_WDI,WB_WDI_EN_GHG_CO2_PC_CE_AR5,IRN,_T,_T,_T,_Z,_Z,_Z,2015,A,T,
3.671516,P1Y,0,,A,PU,_Z,2,,,False,WB_WDI,WB_WDI_EN_GHG_CO2_PC_CE_AR5,IRQ,_T,_T,_T,_Z,_Z,_Z,2015,A,T,
8.006879,P1Y,0,,A,PU,_Z,2,,,False,WB_WDI,WB_WDI_EN_GHG_CO2_PC_CE_AR5,IRL,_T,_T,_T,_Z,_Z,_Z,2015,A,T,
8.113471,P1Y,0,,A,PU,_Z,2,,,False,WB_WDI,WB_WDI_EN_GHG_CO2_PC_CE_AR5,ISR,_T,_T,_T,_Z,_Z,_Z,2015,A,T,
5.873193,P1Y,0,,A,PU,_Z,2,,,False,WB_WDI,WB_WDI_EN_GHG_CO2_PC_CE_AR5,ITA,_T,_T,_T,_Z,_Z,_Z,2015,A,T,
2.535812,P1Y,0,,A,PU,_Z,2,,,False,WB_WDI,WB_WDI_EN_GHG_CO2_PC_CE_AR5,JAM,_T,_T,_T,_Z,_Z,_Z,2015,A,T,
9.694561,P1Y,0,,A,PU,_Z,2,,,False,WB_WDI,WB_WDI_EN_GHG_CO2_PC_CE_AR5,JPN,_T,_T,_T,_Z,_Z,_Z,2015,A,T,
2.685608,P1Y,0,,A,PU,_Z,2,,,False,WB_WDI,WB_WDI_EN_GHG_CO2_PC_CE_AR5,JOR,_T,_T,_T,_Z,_Z,_Z,2015,A,T,
11.211679,P1Y,0,,A,PU,_Z,2,,,False,WB_WDI,WB_WDI_EN_GHG_CO2_PC_CE_AR5,KAZ,_T,_T,_T,_Z,_Z,_Z,2015,A,T,
0.361033,P1Y,0,,A,PU,_Z,2,,,False,WB_WDI,WB_WDI_EN_GHG_CO2_PC_CE_AR5,KEN,_T,_T,_T,_Z,_Z,_Z,2015,A,T,
202.865184,P1Y,0,,A,PU,_Z,2,,,False,WB_WDI,WB_WDI_EN_GHG_CO2_PC_CE_AR5,PLW,_T,_T,_T,_Z,_Z,_Z,2012,A,T,
2.77914,P1Y,0,,A,PU,_Z,2,,,False,WB_WDI,WB_WDI_EN_GHG_CO2_PC_CE_AR5,PAN,_T,_T,_T,_Z,_Z,_Z,2012,A,T,
0.527248,P1Y,0,,A,PU,_Z,2,,,False,WB_WDI,WB_WDI_EN_GHG_CO2_PC_CE_AR5,PNG,_T,_T,_T,_Z,_Z,_Z,2012,A,T,
0.917804,P1Y,0,,A,PU,_Z,2,,,False,WB_WDI,WB_WDI_EN_GHG_CO2_PC_CE_AR5,PRY,_T,_T,_T,_Z,_Z,_Z,2012,A,T,
1.662298,P1Y,0,,A,PU,_Z,2,,,False,WB_WDI,WB_WDI_EN_GHG_CO2_PC_CE_AR5,PER,_T,_T,_T,_Z,_Z,_Z,2012,A,T,
0.893453,P1Y,0,,A,PU,_Z,2,,,False,WB_WDI,WB_WDI_EN_GHG_CO2_PC_CE_AR5,PHL,_T,_T,_T,_Z,_Z,_Z,2012,A,T,
8.399903,P1Y,0,,A,PU,_Z,2,,,False,WB_WDI,WB_WDI_EN_GHG_CO2_PC_CE_AR5,POL,_T,_T,_T,_Z,_Z,_Z,2012,A,T,
4.734136,P1Y,0,,A,PU,_Z,2,,,False,WB_WDI,WB_WDI_EN_GHG_CO2_PC_CE_AR5,PRT,_T,_T,_T,_Z,_Z,_Z,2012,A,T,
3.096793,P1Y,0,,A,PU,_Z,2,,,False,WB_WDI,WB_WDI_EN_GHG_CO2_PC_CE_AR5,PRI,_T,_T,_T,_Z,_Z,_Z,2012,A,T,
53.599259,P1Y,0,,A,PU,_Z,2,,,False,WB_WDI,WB_WDI_EN_GHG_CO2_PC_CE_AR5,QAT,_T,_T,_T,_Z,_Z,_Z,2012,A,T,
4.369012,P1Y,0,,A,PU,_Z,2,,,False,WB_WDI,WB_WDI_EN_GHG_CO2_PC_CE_AR5,ROU,_T,_T,_T,_Z,_Z,_Z,2012,A,T,
0.278192,P1Y,0,,A,PU,_Z,2,,,False,WB_WDI,WB_WDI_EN_GHG_CO2_PC_CE_AR5,AFG,_T,_T,_T,_Z,_Z,_Z,2010,A,T,
1.567788,P1Y,0,,A,PU,_Z,2,,,False,WB_WDI,WB_WDI_EN_GHG_CO2_PC_CE_AR5,ALB,_T,_T,_T,_Z,_Z,_Z,2010,A,T,
3.277772,P1Y,0,,A,PU,_Z,2,,,False,WB_WDI,WB_WDI_EN_GHG_CO2_PC_CE_AR5,DZA,_T,_T,_T,_Z,_Z,_Z,2010,A,T,
0.001811,P1Y,0,,A,PU,_Z,2,,,False,WB_WDI,WB_WDI_EN_GHG_CO2_PC_CE_AR5,ASM,_T,_T,_T,_Z,_Z,_Z,2010,A,T,
0.976178,P1Y,0,,A,PU,_Z,2,,,False,WB_WDI,WB_WDI_EN_GHG_CO2_PC_CE_AR5,AGO,_T,_T,_T,_Z,_Z,_Z,2010,A,T,
3.26887,P1Y,0,,A,PU,_Z,2,,,False,WB_WDI,WB_WDI_EN_GHG_CO2_PC_CE_AR5,ATG,_T,_T,_T,_Z,_Z,_Z,2010,A,T,
4.294546,P1Y,0,,A,PU,_Z,2,,,False,WB_WDI,WB_WDI_EN_GHG_CO2_PC_CE_AR5,ARG,_T,_T,_T,_Z,_Z,_Z,2010,A,T,
1.411948,P1Y,0,,A,PU,_Z,2,,,False,WB_WDI,WB_WDI_EN_GHG_CO2_PC_CE_AR5,ARM,_T,_T,_T,_Z,_Z,_Z,2010,A,T,
4.740863,P1Y,0,,A,PU,_Z,2,,,False,WB_WDI,WB_WDI_EN_GHG_CO2_PC_CE_AR5,ABW,_T,_T,_T,_Z,_Z,_Z,2010,A,T,
18.850954,P1Y,0,,A,PU,_Z,2,,,False,WB_WDI,WB_WDI_EN_GHG_CO2_PC_CE_AR5,AUS,_T,_T,_T,_Z,_Z,_Z,2010,A,T,
8.824134,P1Y,0,,A,PU,_Z,2,,,False,WB_WDI,WB_WDI_EN_GHG_CO2_PC_CE_AR5,AUT,_T,_T,_T,_Z,_Z,_Z,2010,A,T,
2.941818,P1Y,0,,A,PU,_Z,2,,,False,WB_WDI,WB_WDI_EN_GHG_CO2_PC_CE_AR5,AZE,_T,_T,_T,_Z,_Z,_Z,2010,A,T,
0.001805,P1Y,0,,A,PU,_Z,2,,,False,WB_WDI,WB_WDI_EN_GHG_CO2_PC_CE_AR5,GUM,_T,_T,_T,_Z,_Z,_Z,2009,A,T,
0.858176,P1Y,0,,A,PU,_Z,2,,,False,WB_WDI,WB_WDI_EN_GHG_CO2_PC_CE_AR5,GTM,_T,_T,_T,_Z,_Z,_Z,2009,A,T,
0.215694,P1Y,0,,A,PU,_Z,2,,,False,WB_WDI,WB_WDI_EN_GHG_CO2_PC_CE_AR5,GIN,_T,_T,_T,_Z,_Z,_Z,2009,A,T,
0.202506,P1Y,0,,A,PU,_Z,2,,,False,WB_WDI,WB_WDI_EN_GHG_CO2_PC_CE_AR5,GNB,_T,_T,_T,_Z,_Z,_Z,2009,A,T,
2.165953,P1Y,0,,A,PU,_Z,2,,,False,WB_WDI,WB_WDI_EN_GHG_CO2_PC_CE_AR5,GUY,_T,_T,_T,_Z,_Z,_Z,2009,A,T,
0.219132,P1Y,0,,A,PU,_Z,2,,,False,WB_WDI,WB_WDI_EN_GHG_CO2_PC_CE_AR5,HTI,_T,_T,_T,_Z,_Z,_Z,2009,A,T,
0.997595,P1Y,0,,A,PU,_Z,2,,,False,WB_WDI,WB_WDI_EN_GHG_CO2_PC_CE_AR5,HND,_T,_T,_T,_Z,_Z,_Z,2009,A,T,
6.474515,P1Y,0,,A,PU,_Z,2,,,False,WB_WDI,WB_WDI_EN_GHG_CO2_PC_CE_AR5,HKG,_T,_T,_T,_Z,_Z,_Z,2009,A,T,
5.158456,P1Y,0,,A,PU,_Z,2,,,False,WB_WDI,WB_WDI_EN_GHG_CO2_PC_CE_AR5,HUN,_T,_T,_T,_Z,_Z,_Z,2009,A,T,
12.016992,P1Y,0,,A,PU,_Z,2,,,False,WB_WDI,WB_WDI_EN_GHG_CO2_PC_CE_AR5,ISL,_T,_T,_T,_Z,_Z,_Z,2009,A,T,
1.322845,P1Y,0,,A,PU,_Z,2,,,False,WB_WDI,WB_WDI_EN_GHG_CO2_PC_CE_AR5,IND,_T,_T,_T,_Z,_Z,_Z,2009,A,T,
1.691263,P1Y,0,,A,PU,_Z,2,,,False,WB_WDI,WB_WDI_EN_GHG_CO2_PC_CE_AR5,IDN,_T,_T,_T,_Z,_Z,_Z,2009,A,T,
0,P1Y,0,,A,PU,_Z,2,,,False,WB_WDI,WB_WDI_EN_GHG_CO2_PC_CE_AR5,NRU,_T,_T,_T,_Z,_Z,_Z,2002,A,T,
0.117822,P1Y,0,,A,PU,_Z,2,,,False,WB_WDI,WB_WDI_EN_GHG_CO2_PC_CE_AR5,NPL,_T,_T,_T,_Z,_Z,_Z,2002,A,T,
11.259744,P1Y,0,,A,PU,_Z,2,,,False,WB_WDI,WB_WDI_EN_GHG_CO2_PC_CE_AR5,NLD,_T,_T,_T,_Z,_Z,_Z,2002,A,T,
10.562962,P1Y,0,,A,PU,_Z,2,,,False,WB_WDI,WB_WDI_EN_GHG_CO2_PC_CE_AR5,NCL,_T,_T,_T,_Z,_Z,_Z,2002,A,T,
8.864911,P1Y,0,,A,PU,_Z,2,,,False,WB_WDI,WB_WDI_EN_GHG_CO2_PC_CE_AR5,NZL,_T,_T,_T,_Z,_Z,_Z,2002,A,T,
0.80248,P1Y,0,,A,PU,_Z,2,,,False,WB_WDI,WB_WDI_EN_GHG_CO2_PC_CE_AR5,NIC,_T,_T,_T,_Z,_Z,_Z,2002,A,T,
0.059397,P1Y,0,,A,PU,_Z,2,,,False,WB_WDI,WB_WDI_EN_GHG_CO2_PC_CE_AR5,NER,_T,_T,_T,_Z,_Z,_Z,2002,A,T,
0.720895,P1Y,0,,A,PU,_Z,2,,,False,WB_WDI,WB_WDI_EN_GHG_CO2_PC_CE_AR5,NGA,_T,_T,_T,_Z,_Z,_Z,2002,A,T,
4.301695,P1Y,0,,A,PU,_Z,2,,,False,WB_WDI,WB_WDI_EN_GHG_CO2_PC_CE_AR5,MKD,_T,_T,_T,_Z,_Z,_Z,2002,A,T,
0.001497,P1Y,0,,A,PU,_Z,2,,,False,WB_WDI,WB_WDI_EN_GHG_CO2_PC_CE_AR5,MNP,_T,_T,_T,_Z,_Z,_Z,2002,A,T,
9.163231,P1Y,0,,A,PU,_Z,2,,,False,WB_WDI,WB_WDI_EN_GHG_CO2_PC_CE_AR5,NOR,_T,_T,_T,_Z,_Z,_Z,2002,A,T,
13.029771,P1Y,0,,A,PU,_Z,2,,,False,WB_WDI,WB_WDI_EN_GHG_CO2_PC_CE_AR5,OMN,_T,_T,_T,_Z,_Z,_Z,2002,A,T,
0.694336,P1Y,0,,A,PU,_Z,2,,,False,WB_WDI,WB_WDI_EN_GHG_CO2_PC_CE_AR5,PAK,_T,_T,_T,_Z,_Z,_Z,2002,A,T,
0.045676,P1Y,0,,A,PU,_Z,2,,,False,WB_WDI,WB_WDI_EN_GHG_CO2_PC_CE_AR5,BDI,_T,_T,_T,_Z,_Z,_Z,2007,A,T,
1.509502,P1Y,0,,A,PU,_Z,2,,,False,WB_WDI,WB_WDI_EN_GHG_CO2_PC_CE_AR5,CPV,_T,_T,_T,_Z,_Z,_Z,2007,A,T,
0.267119,P1Y,0,,A,PU,_Z,2,,,False,WB_WDI,WB_WDI_EN_GHG_CO2_PC_CE_AR5,KHM,_T,_T,_T,_Z,_Z,_Z,2007,A,T,
0.373238,P1Y,0,,A,PU,_Z,2,,,False,WB_WDI,WB_WDI_EN_GHG_CO2_PC_CE_AR5,CMR,_T,_T,_T,_Z,_Z,_Z,2007,A,T,
18.0805,P1Y,0,,A,PU,_Z,2,,,False,WB_WDI,WB_WDI_EN_GHG_CO2_PC_CE_AR5,CAN,_T,_T,_T,_Z,_Z,_Z,2007,A,T,
4.133878,P1Y,0,,A,PU,_Z,2,,,False,WB_WDI,WB_WDI_EN_GHG_CO2_PC_CE_AR5,CYM,_T,_T,_T,_Z,_Z,_Z,2007,A,T,
0.060097,P1Y,0,,A,PU,_Z,2,,,False,WB_WDI,WB_WDI_EN_GHG_CO2_PC_CE_AR5,CAF,_T,_T,_T,_Z,_Z,_Z,2007,A,T,
0.051256,P1Y,0,,A,PU,_Z,2,,,False,WB_WDI,WB_WDI_EN_GHG_CO2_PC_CE_AR5,TCD,_T,_T,_T,_Z,_Z,_Z,2007,A,T,
4.063928,P1Y,0,,A,PU,_Z,2,,,False,WB_WDI,WB_WDI_EN_GHG_CO2_PC_CE_AR5,CHL,_T,_T,_T,_Z,_Z,_Z,2007,A,T,
5.707632,P1Y,0,,A,PU,_Z,2,,,False,WB_WDI,WB_WDI_EN_GHG_CO2_PC_CE_AR5,CHN,_T,_T,_T,_Z,_Z,_Z,2007,A,T,
1.416548,P1Y,0,,A,PU,_Z,2,,,False,WB_WDI,WB_WDI_EN_GHG_CO2_PC_CE_AR5,COL,_T,_T,_T,_Z,_Z,_Z,2007,A,T,
0.643226,P1Y,0,,A,PU,_Z,2,,,False,WB_WDI,WB_WDI_EN_GHG_CO2_PC_CE_AR5,BGD,_T,_T,_T,_Z,_Z,_Z,2018,A,T,
2.772246,P1Y,0,,A,PU,_Z,2,,,False,WB_WDI,WB_WDI_EN_GHG_CO2_PC_CE_AR5,BRB,_T,_T,_T,_Z,_Z,_Z,2018,A,T,
6.722115,P1Y,0,,A,PU,_Z,2,,,False,WB_WDI,WB_WDI_EN_GHG_CO2_PC_CE_AR5,BLR,_T,_T,_T,_Z,_Z,_Z,2018,A,T,
8.791286,P1Y,0,,A,PU,_Z,2,,,False,WB_WDI,WB_WDI_EN_GHG_CO2_PC_CE_AR5,BEL,_T,_T,_T,_Z,_Z,_Z,2018,A,T,
0.748502,P1Y,0,,A,PU,_Z,2,,,False,WB_WDI,WB_WDI_EN_GHG_CO2_PC_CE_AR5,BLZ,_T,_T,_T,_Z,_Z,_Z,2018,A,T,
0.666298,P1Y,0,,A,PU,_Z,2,,,False,WB_WDI,WB_WDI_EN_GHG_CO2_PC_CE_AR5,BEN,_T,_T,_T,_Z,_Z,_Z,2018,A,T,
4.71401,P1Y,0,,A,PU,_Z,2,,,False,WB_WDI,WB_WDI_EN_GHG_CO2_PC_CE_AR5,BMU,_T,_T,_T,_Z,_Z,_Z,2018,A,T,
2.30402,P1Y,0,,A,PU,_Z,2,,,False,WB_WDI,WB_WDI_EN_GHG_CO2_PC_CE_AR5,BTN,_T,_T,_T,_Z,_Z,_Z,2018,A,T,
1.908655,P1Y,0,,A,PU,_Z,2,,,False,WB_WDI,WB_WDI_EN_GHG_CO2_PC_CE_AR5,BOL,_T,_T,_T,_Z,_Z,_Z,2018,A,T,
7.104872,P1Y,0,,A,PU,_Z,2,,,False,WB_WDI,WB_WDI_EN_GHG_CO2_PC_CE_AR5,BIH,_T,_T,_T,_Z,_Z,_Z,2018,A,T,
3.570377,P1Y,0,,A,PU,_Z,2,,,False,WB_WDI,WB_WDI_EN_GHG_CO2_PC_CE_AR5,BWA,_T,_T,_T,_Z,_Z,_Z,2018,A,T,
0.668364,P1Y,0,,A,PU,_Z,2,,,False,WB_WDI,WB_WDI_EN_GHG_CO2_PC_CE_AR5,PNG,_T,_T,_T,_Z,_Z,_Z,2009,A,T,
0.831001,P1Y,0,,A,PU,_Z,2,,,False,WB_WDI,WB_WDI_EN_GHG_CO2_PC_CE_AR5,PRY,_T,_T,_T,_Z,_Z,_Z,2009,A,T,
1.452572,P1Y,0,,A,PU,_Z,2,,,False,WB_WDI,WB_WDI_EN_GHG_CO2_PC_CE_AR5,PER,_T,_T,_T,_Z,_Z,_Z,2009,A,T,
0.833249,P1Y,0,,A,PU,_Z,2,,,False,WB_WDI,WB_WDI_EN_GHG_CO2_PC_CE_AR5,PHL,_T,_T,_T,_Z,_Z,_Z,2009,A,T,
8.161615,P1Y,0,,A,PU,_Z,2,,,False,WB_WDI,WB_WDI_EN_GHG_CO2_PC_CE_AR5,POL,_T,_T,_T,_Z,_Z,_Z,2009,A,T,
5.534532,P1Y,0,,A,PU,_Z,2,,,False,WB_WDI,WB_WDI_EN_GHG_CO2_PC_CE_AR5,PRT,_T,_T,_T,_Z,_Z,_Z,2009,A,T,
3.735633,P1Y,0,,A,PU,_Z,2,,,False,WB_WDI,WB_WDI_EN_GHG_CO2_PC_CE_AR5,PRI,_T,_T,_T,_Z,_Z,_Z,2009,A,T,
39.762994,P1Y,0,,A,PU,_Z,2,,,False,WB_WDI,WB_WDI_EN_GHG_CO2_PC_CE_AR5,QAT,_T,_T,_T,_Z,_Z,_Z,2009,A,T,
4.207294,P1Y,0,,A,PU,_Z,2,,,False,WB_WDI,WB_WDI_EN_GHG_CO2_PC_CE_AR5,ROU,_T,_T,_T,_Z,_Z,_Z,2009,A,T,
11.640562,P1Y,0,,A,PU,_Z,2,,,False,WB_WDI,WB_WDI_EN_GHG_CO2_PC_CE_AR5,RUS,_T,_T,_T,_Z,_Z,_Z,2009,A,T,
0.069232,P1Y,0,,A,PU,_Z,2,,,False,WB_WDI,WB_WDI_EN_GHG_CO2_PC_CE_AR5,RWA,_T,_T,_T,_Z,_Z,_Z,2009,A,T,
0.534891,P1Y,0,,A,PU,_Z,2,,,False,WB_WDI,WB_WDI_EN_GHG_CO2_PC_CE_AR5,BLZ,_T,_T,_T,_Z,_Z,_Z,2008,A,T,
0.473123,P1Y,0,,A,PU,_Z,2,,,False,WB_WDI,WB_WDI_EN_GHG_CO2_PC_CE_AR5,BEN,_T,_T,_T,_Z,_Z,_Z,2008,A,T,
4.406003,P1Y,0,,A,PU,_Z,2,,,False,WB_WDI,WB_WDI_EN_GHG_CO2_PC_CE_AR5,BMU,_T,_T,_T,_Z,_Z,_Z,2008,A,T,
0.844612,P1Y,0,,A,PU,_Z,2,,,False,WB_WDI,WB_WDI_EN_GHG_CO2_PC_CE_AR5,BTN,_T,_T,_T,_Z,_Z,_Z,2008,A,T,
1.303785,P1Y,0,,A,PU,_Z,2,,,False,WB_WDI,WB_WDI_EN_GHG_CO2_PC_CE_AR5,BOL,_T,_T,_T,_Z,_Z,_Z,2008,A,T,
5.485005,P1Y,0,,A,PU,_Z,2,,,False,WB_WDI,WB_WDI_EN_GHG_CO2_PC_CE_AR5,BIH,_T,_T,_T,_Z,_Z,_Z,2008,A,T,
2.312548,P1Y,0,,A,PU,_Z,2,,,False,WB_WDI,WB_WDI_EN_GHG_CO2_PC_CE_AR5,BWA,_T,_T,_T,_Z,_Z,_Z,2008,A,T,
2.168394,P1Y,0,,A,PU,_Z,2,,,False,WB_WDI,WB_WDI_EN_GHG_CO2_PC_CE_AR5,BRA,_T,_T,_T,_Z,_Z,_Z,2008,A,T,
2.088405,P1Y,0,,A,PU,_Z,2,,,False,WB_WDI,WB_WDI_EN_GHG_CO2_PC_CE_AR5,VGB,_T,_T,_T,_Z,_Z,_Z,2008,A,T,
23.578521,P1Y,0,,A,PU,_Z,2,,,False,WB_WDI,WB_WDI_EN_GHG_CO2_PC_CE_AR5,BRN,_T,_T,_T,_Z,_Z,_Z,2008,A,T,
7.282263,P1Y,0,,A,PU,_Z,2,,,False,WB_WDI,WB_WDI_EN_GHG_CO2_PC_CE_AR5,BGR,_T,_T,_T,_Z,_Z,_Z,2008,A,T,
0.124544,P1Y,0,,A,PU,_Z,2,,,False,WB_WDI,WB_WDI_EN_GHG_CO2_PC_CE_AR5,BFA,_T,_T,_T,_Z,_Z,_Z,2008,A,T,
0.069215,P1Y,0,,A,PU,_Z,2,,,False,WB_WDI,WB_WDI_EN_GHG_CO2_PC_CE_AR5,BDI,_T,_T,_T,_Z,_Z,_Z,2021,A,T,
1.254043,P1Y,0,,A,PU,_Z,2,,,False,WB_WDI,WB_WDI_EN_GHG_CO2_PC_CE_AR5,CPV,_T,_T,_T,_Z,_Z,_Z,2021,A,T,
1.088858,P1Y,0,,A,PU,_Z,2,,,False,WB_WDI,WB_WDI_EN_GHG_CO2_PC_CE_AR5,KHM,_T,_T,_T,_Z,_Z,_Z,2021,A,T,
0.3845,P1Y,0,,A,PU,_Z,2,,,False,WB_WDI,WB_WDI_EN_GHG_CO2_PC_CE_AR5,CMR,_T,_T,_T,_Z,_Z,_Z,2021,A,T,
14.689759,P1Y,0,,A,PU,_Z,2,,,False,WB_WDI,WB_WDI_EN_GHG_CO2_PC_CE_AR5,CAN,_T,_T,_T,_Z,_Z,_Z,2021,A,T,
4.480231,P1Y,0,,A,PU,_Z,2,,,False,WB_WDI,WB_WDI_EN_GHG_CO2_PC_CE_AR5,CYM,_T,_T,_T,_Z,_Z,_Z,2021,A,T,
0.063125,P1Y,0,,A,PU,_Z,2,,,False,WB_WDI,WB_WDI_EN_GHG_CO2_PC_CE_AR5,CAF,_T,_T,_T,_Z,_Z,_Z,2021,A,T,
0.153189,P1Y,0,,A,PU,_Z,2,,,False,WB_WDI,WB_WDI_EN_GHG_CO2_PC_CE_AR5,TCD,_T,_T,_T,_Z,_Z,_Z,2021,A,T,
4.579917,P1Y,0,,A,PU,_Z,2,,,False,WB_WDI,WB_WDI_EN_GHG_CO2_PC_CE_AR5,CHL,_T,_T,_T,_Z,_Z,_Z,2021,A,T,
8.887157,P1Y,0,,A,PU,_Z,2,,,False,WB_WDI,WB_WDI_EN_GHG_CO2_PC_CE_AR5,CHN,_T,_T,_T,_Z,_Z,_Z,2021,A,T,
1.800578,P1Y,0,,A,PU,_Z,2,,,False,WB_WDI,WB_WDI_EN_GHG_CO2_PC_CE_AR5,COL,_T,_T,_T,_Z,_Z,_Z,2021,A,T,
0.485471,P1Y,0,,A,PU,_Z,2,,,False,WB_WDI,WB_WDI_EN_GHG_CO2_PC_CE_AR5,COM,_T,_T,_T,_Z,_Z,_Z,2021,A,T,
1.909512,P1Y,0,,A,PU,_Z,2,,,False,WB_WDI,WB_WDI_EN_GHG_CO2_PC_CE_AR5,ARM,_T,_T,_T,_Z,_Z,_Z,2017,A,T,
4.295765,P1Y,0,,A,PU,_Z,2,,,False,WB_WDI,WB_WDI_EN_GHG_CO2_PC_CE_AR5,ABW,_T,_T,_T,_Z,_Z,_Z,2017,A,T,
16.720945,P1Y,0,,A,PU,_Z,2,,,False,WB_WDI,WB_WDI_EN_GHG_CO2_PC_CE_AR5,AUS,_T,_T,_T,_Z,_Z,_Z,2017,A,T,
7.966419,P1Y,0,,A,PU,_Z,2,,,False,WB_WDI,WB_WDI_EN_GHG_CO2_PC_CE_AR5,AUT,_T,_T,_T,_Z,_Z,_Z,2017,A,T,
3.473299,P1Y,0,,A,PU,_Z,2,,,False,WB_WDI,WB_WDI_EN_GHG_CO2_PC_CE_AR5,AZE,_T,_T,_T,_Z,_Z,_Z,2017,A,T,
3.518189,P1Y,0,,A,PU,_Z,2,,,False,WB_WDI,WB_WDI_EN_GHG_CO2_PC_CE_AR5,BHS,_T,_T,_T,_Z,_Z,_Z,2017,A,T,
22.484671,P1Y,0,,A,PU,_Z,2,,,False,WB_WDI,WB_WDI_EN_GHG_CO2_PC_CE_AR5,BHR,_T,_T,_T,_Z,_Z,_Z,2017,A,T,
0.622997,P1Y,0,,A,PU,_Z,2,,,False,WB_WDI,WB_WDI_EN_GHG_CO2_PC_CE_AR5,BGD,_T,_T,_T,_Z,_Z,_Z,2017,A,T,
2.433871,P1Y,0,,A,PU,_Z,2,,,False,WB_WDI,WB_WDI_EN_GHG_CO2_PC_CE_AR5,BRB,_T,_T,_T,_Z,_Z,_Z,2017,A,T,
6.366621,P1Y,0,,A,PU,_Z,2,,,False,WB_WDI,WB_WDI_EN_GHG_CO2_PC_CE_AR5,BLR,_T,_T,_T,_Z,_Z,_Z,2017,A,T,
8.770814,P1Y,0,,A,PU,_Z,2,,,False,WB_WDI,WB_WDI_EN_GHG_CO2_PC_CE_AR5,BEL,_T,_T,_T,_Z,_Z,_Z,2017,A,T,
0.204025,P1Y,0,,A,PU,_Z,2,,,False,WB_WDI,WB_WDI_EN_GHG_CO2_PC_CE_AR5,ERI,_T,_T,_T,_Z,_Z,_Z,2020,A,T,
9.125761,P1Y,0,,A,PU,_Z,2,,,False,WB_WDI,WB_WDI_EN_GHG_CO2_PC_CE_AR5,EST,_T,_T,_T,_Z,_Z,_Z,2020,A,T,
0.80538,P1Y,0,,A,PU,_Z,2,,,False,WB_WDI,WB_WDI_EN_GHG_CO2_PC_CE_AR5,SWZ,_T,_T,_T,_Z,_Z,_Z,2020,A,T,
0.151498,P1Y,0,,A,PU,_Z,2,,,False,WB_WDI,WB_WDI_EN_GHG_CO2_PC_CE_AR5,ETH,_T,_T,_T,_Z,_Z,_Z,2020,A,T,
0.039954,P1Y,0,,A,PU,_Z,2,,,False,WB_WDI,WB_WDI_EN_GHG_CO2_PC_CE_AR5,FRO,_T,_T,_T,_Z,_Z,_Z,2020,A,T,
1.174146,P1Y,0,,A,PU,_Z,2,,,False,WB_WDI,WB_WDI_EN_GHG_CO2_PC_CE_AR5,FJI,_T,_T,_T,_Z,_Z,_Z,2020,A,T,
7.138745,P1Y,0,,A,PU,_Z,2,,,False,WB_WDI,WB_WDI_EN_GHG_CO2_PC_CE_AR5,FIN,_T,_T,_T,_Z,_Z,_Z,2020,A,T,
4.246776,P1Y,0,,A,PU,_Z,2,,,False,WB_WDI,WB_WDI_EN_GHG_CO2_PC_CE_AR5,FRA,_T,_T,_T,_Z,_Z,_Z,2020,A,T,
2.560806,P1Y,0,,A,PU,_Z,2,,,False,WB_WDI,WB_WDI_EN_GHG_CO2_PC_CE_AR5,PYF,_T,_T,_T,_Z,_Z,_Z,2020,A,T,
2.380455,P1Y,0,,A,PU,_Z,2,,,False,WB_WDI,WB_WDI_EN_GHG_CO2_PC_CE_AR5,GAB,_T,_T,_T,_Z,_Z,_Z,2020,A,T,
0.167744,P1Y,0,,A,PU,_Z,2,,,False,WB_WDI,WB_WDI_EN_GHG_CO2_PC_CE_AR5,GMB,_T,_T,_T,_Z,_Z,_Z,2020,A,T,
3.100048,P1Y,0,,A,PU,_Z,2,,,False,WB_WDI,WB_WDI_EN_GHG_CO2_PC_CE_AR5,GEO,_T,_T,_T,_Z,_Z,_Z,2020,A,T,
0.001776,P1Y,0,,A,PU,_Z,2,,,False,WB_WDI,WB_WDI_EN_GHG_CO2_PC_CE_AR5,FSM,_T,_T,_T,_Z,_Z,_Z,2023,A,T,
3.339351,P1Y,0,,A,PU,_Z,2,,,False,WB_WDI,WB_WDI_EN_GHG_CO2_PC_CE_AR5,MDA,_T,_T,_T,_Z,_Z,_Z,2023,A,T,
7.799905,P1Y,0,,A,PU,_Z,2,,,False,WB_WDI,WB_WDI_EN_GHG_CO2_PC_CE_AR5,MNG,_T,_T,_T,_Z,_Z,_Z,2023,A,T,
1.857365,P1Y,0,,A,PU,_Z,2,,,False,WB_WDI,WB_WDI_EN_GHG_CO2_PC_CE_AR5,MAR,_T,_T,_T,_Z,_Z,_Z,2023,A,T,
0.318684,P1Y,0,,A,PU,_Z,2,,,False,WB_WDI,WB_WDI_EN_GHG_CO2_PC_CE_AR5,MOZ,_T,_T,_T,_Z,_Z,_Z,2023,A,T,
0.577107,P1Y,0,,A,PU,_Z,2,,,False,WB_WDI,WB_WDI_EN_GHG_CO2_PC_CE_AR5,MMR,_T,_T,_T,_Z,_Z,_Z,2023,A,T,
1.219603,P1Y,0,,A,PU,_Z,2,,,False,WB_WDI,WB_WDI_EN_GHG_CO2_PC_CE_AR5,NAM,_T,_T,_T,_Z,_Z,_Z,2023,A,T,
0,P1Y,0,,A,PU,_Z,2,,,False,WB_WDI,WB_WDI_EN_GHG_CO2_PC_CE_AR5,NRU,_T,_T,_T,_Z,_Z,_Z,2023,A,T,
0.51969,P1Y,0,,A,PU,_Z,2,,,False,WB_WDI,WB_WDI_EN_GHG_CO2_PC_CE_AR5,NPL,_T,_T,_T,_Z,_Z,_Z,2023,A,T,
6.875706,P1Y,0,,A,PU,_Z,2,,,False,WB_WDI,WB_WDI_EN_GHG_CO2_PC_CE_AR5,NLD,_T,_T,_T,_Z,_Z,_Z,2023,A,T,
16.782006,P1Y,0,,A,PU,_Z,2,,,False,WB_WDI,WB_WDI_EN_GHG_CO2_PC_CE_AR5,NCL,_T,_T,_T,_Z,_Z,_Z,2023,A,T,
6.110769,P1Y,0,,A,PU,_Z,2,,,False,WB_WDI,WB_WDI_EN_GHG_CO2_PC_CE_AR5,NZL,_T,_T,_T,_Z,_Z,_Z,2023,A,T,
1.026935,P1Y,0,,A,PU,_Z,2,,,False,WB_WDI,WB_WDI_EN_GHG_CO2_PC_CE_AR5,BOL,_T,_T,_T,_Z,_Z,_Z,2004,A,T,
3.872048,P1Y,0,,A,PU,_Z,2,,,False,WB_WDI,WB_WDI_EN_GHG_CO2_PC_CE_AR5,BIH,_T,_T,_T,_Z,_Z,_Z,2004,A,T,
2.242984,P1Y,0,,A,PU,_Z,2,,,False,WB_WDI,WB_WDI_EN_GHG_CO2_PC_CE_AR5,BWA,_T,_T,_T,_Z,_Z,_Z,2004,A,T,
1.999783,P1Y,0,,A,PU,_Z,2,,,False,WB_WDI,WB_WDI_EN_GHG_CO2_PC_CE_AR5,BRA,_T,_T,_T,_Z,_Z,_Z,2004,A,T,
1.551506,P1Y,0,,A,PU,_Z,2,,,False,WB_WDI,WB_WDI_EN_GHG_CO2_PC_CE_AR5,VGB,_T,_T,_T,_Z,_Z,_Z,2004,A,T,
17.764252,P1Y,0,,A,PU,_Z,2,,,False,WB_WDI,WB_WDI_EN_GHG_CO2_PC_CE_AR5,BRN,_T,_T,_T,_Z,_Z,_Z,2004,A,T,
6.668969,P1Y,0,,A,PU,_Z,2,,,False,WB_WDI,WB_WDI_EN_GHG_CO2_PC_CE_AR5,BGR,_T,_T,_T,_Z,_Z,_Z,2004,A,T,
0.079189,P1Y,0,,A,PU,_Z,2,,,False,WB_WDI,WB_WDI_EN_GHG_CO2_PC_CE_AR5,BFA,_T,_T,_T,_Z,_Z,_Z,2004,A,T,
0.02997,P1Y,0,,A,PU,_Z,2,,,False,WB_WDI,WB_WDI_EN_GHG_CO2_PC_CE_AR5,BDI,_T,_T,_T,_Z,_Z,_Z,2004,A,T,
0.812525,P1Y,0,,A,PU,_Z,2,,,False,WB_WDI,WB_WDI_EN_GHG_CO2_PC_CE_AR5,CPV,_T,_T,_T,_Z,_Z,_Z,2004,A,T,
0.182676,P1Y,0,,A,PU,_Z,2,,,False,WB_WDI,WB_WDI_EN_GHG_CO2_PC_CE_AR5,KHM,_T,_T,_T,_Z,_Z,_Z,2004,A,T,
0.33937,P1Y,0,,A,PU,_Z,2,,,False,WB_WDI,WB_WDI_EN_GHG_CO2_PC_CE_AR5,CMR,_T,_T,_T,_Z,_Z,_Z,2004,A,T,
1.383188,P1Y,0,,A,PU,_Z,2,,,False,WB_WDI,WB_WDI_EN_GHG_CO2_PC_CE_AR5,COL,_T,_T,_T,_Z,_Z,_Z,2006,A,T,
0.267382,P1Y,0,,A,PU,_Z,2,,,False,WB_WDI,WB_WDI_EN_GHG_CO2_PC_CE_AR5,COM,_T,_T,_T,_Z,_Z,_Z,2006,A,T,
0.042103,P1Y,0,,A,PU,_Z,2,,,False,WB_WDI,WB_WDI_EN_GHG_CO2_PC_CE_AR5,COD,_T,_T,_T,_Z,_Z,_Z,2006,A,T,
1.255456,P1Y,0,,A,PU,_Z,2,,,False,WB_WDI,WB_WDI_EN_GHG_CO2_PC_CE_AR5,COG,_T,_T,_T,_Z,_Z,_Z,2006,A,T,
1.597977,P1Y,0,,A,PU,_Z,2,,,False,WB_WDI,WB_WDI_EN_GHG_CO2_PC_CE_AR5,CRI,_T,_T,_T,_Z,_Z,_Z,2006,A,T,
0.30558,P1Y,0,,A,PU,_Z,2,,,False,WB_WDI,WB_WDI_EN_GHG_CO2_PC_CE_AR5,CIV,_T,_T,_T,_Z,_Z,_Z,2006,A,T,
5.343482,P1Y,0,,A,PU,_Z,2,,,False,WB_WDI,WB_WDI_EN_GHG_CO2_PC_CE_AR5,HRV,_T,_T,_T,_Z,_Z,_Z,2006,A,T,
2.375332,P1Y,0,,A,PU,_Z,2,,,False,WB_WDI,WB_WDI_EN_GHG_CO2_PC_CE_AR5,CUB,_T,_T,_T,_Z,_Z,_Z,2006,A,T,
7.59803,P1Y,0,,A,PU,_Z,2,,,False,WB_WDI,WB_WDI_EN_GHG_CO2_PC_CE_AR5,CYP,_T,_T,_T,_Z,_Z,_Z,2006,A,T,
12.773954,P1Y,0,,A,PU,_Z,2,,,False,WB_WDI,WB_WDI_EN_GHG_CO2_PC_CE_AR5,CZE,_T,_T,_T,_Z,_Z,_Z,2006,A,T,
10.777427,P1Y,0,,A,PU,_Z,2,,,False,WB_WDI,WB_WDI_EN_GHG_CO2_PC_CE_AR5,DNK,_T,_T,_T,_Z,_Z,_Z,2006,A,T,
4.345461,P1Y,0,,A,PU,_Z,2,,,False,WB_WDI,WB_WDI_EN_GHG_CO2_PC_CE_AR5,SUR,_T,_T,_T,_Z,_Z,_Z,2012,A,T,
4.803751,P1Y,0,,A,PU,_Z,2,,,False,WB_WDI,WB_WDI_EN_GHG_CO2_PC_CE_AR5,SWE,_T,_T,_T,_Z,_Z,_Z,2012,A,T,
5.452164,P1Y,0,,A,PU,_Z,2,,,False,WB_WDI,WB_WDI_EN_GHG_CO2_PC_CE_AR5,CHE,_T,_T,_T,_Z,_Z,_Z,2012,A,T,
2.031994,P1Y,0,,A,PU,_Z,2,,,False,WB_WDI,WB_WDI_EN_GHG_CO2_PC_CE_AR5,SYR,_T,_T,_T,_Z,_Z,_Z,2012,A,T,
0.436993,P1Y,0,,A,PU,_Z,2,,,False,WB_WDI,WB_WDI_EN_GHG_CO2_PC_CE_AR5,TJK,_T,_T,_T,_Z,_Z,_Z,2012,A,T,
0.223795,P1Y,0,,A,PU,_Z,2,,,False,WB_WDI,WB_WDI_EN_GHG_CO2_PC_CE_AR5,TZA,_T,_T,_T,_Z,_Z,_Z,2012,A,T,
3.813637,P1Y,0,,A,PU,_Z,2,,,False,WB_WDI,WB_WDI_EN_GHG_CO2_PC_CE_AR5,THA,_T,_T,_T,_Z,_Z,_Z,2012,A,T,
0.554065,P1Y,0,,A,PU,_Z,2,,,False,WB_WDI,WB_WDI_EN_GHG_CO2_PC_CE_AR5,TLS,_T,_T,_T,_Z,_Z,_Z,2012,A,T,
0.337586,P1Y,0,,A,PU,_Z,2,,,False,WB_WDI,WB_WDI_EN_GHG_CO2_PC_CE_AR5,TGO,_T,_T,_T,_Z,_Z,_Z,2012,A,T,
1.099944,P1Y,0,,A,PU,_Z,2,,,False,WB_WDI,WB_WDI_EN_GHG_CO2_PC_CE_AR5,TON,_T,_T,_T,_Z,_Z,_Z,2012,A,T,
28.517129,P1Y,0,,A,PU,_Z,2,,,False,WB_WDI,WB_WDI_EN_GHG_CO2_PC_CE_AR5,TTO,_T,_T,_T,_Z,_Z,_Z,2012,A,T,
3.129726,P1Y,0,,A,PU,_Z,2,,,False,WB_WDI,WB_WDI_EN_GHG_CO2_PC_CE_AR5,IRQ,_T,_T,_T,_Z,_Z,_Z,2008,A,T,
10.308708,P1Y,0,,A,PU,_Z,2,,,False,WB_WDI,WB_WDI_EN_GHG_CO2_PC_CE_AR5,IRL,_T,_T,_T,_Z,_Z,_Z,2008,A,T,
9.274176,P1Y,0,,A,PU,_Z,2,,,False,WB_WDI,WB_WDI_EN_GHG_CO2_PC_CE_AR5,ISR,_T,_T,_T,_Z,_Z,_Z,2008,A,T,
7.852861,P1Y,0,,A,PU,_Z,2,,,False,WB_WDI,WB_WDI_EN_GHG_CO2_PC_CE_AR5,ITA,_T,_T,_T,_Z,_Z,_Z,2008,A,T,
3.621358,P1Y,0,,A,PU,_Z,2,,,False,WB_WDI,WB_WDI_EN_GHG_CO2_PC_CE_AR5,JAM,_T,_T,_T,_Z,_Z,_Z,2008,A,T,
9.532537,P1Y,0,,A,PU,_Z,2,,,False,WB_WDI,WB_WDI_EN_GHG_CO2_PC_CE_AR5,JPN,_T,_T,_T,_Z,_Z,_Z,2008,A,T,
2.931816,P1Y,0,,A,PU,_Z,2,,,False,WB_WDI,WB_WDI_EN_GHG_CO2_PC_CE_AR5,JOR,_T,_T,_T,_Z,_Z,_Z,2008,A,T,
15.123832,P1Y,0,,A,PU,_Z,2,,,False,WB_WDI,WB_WDI_EN_GHG_CO2_PC_CE_AR5,KAZ,_T,_T,_T,_Z,_Z,_Z,2008,A,T,
0.269607,P1Y,0,,A,PU,_Z,2,,,False,WB_WDI,WB_WDI_EN_GHG_CO2_PC_CE_AR5,KEN,_T,_T,_T,_Z,_Z,_Z,2008,A,T,
0.65821,P1Y,0,,A,PU,_Z,2,,,False,WB_WDI,WB_WDI_EN_GHG_CO2_PC_CE_AR5,KIR,_T,_T,_T,_Z,_Z,_Z,2008,A,T,
3.00746,P1Y,0,,A,PU,_Z,2,,,False,WB_WDI,WB_WDI_EN_GHG_CO2_PC_CE_AR5,PRK,_T,_T,_T,_Z,_Z,_Z,2008,A,T,
11.260269,P1Y,0,,A,PU,_Z,2,,,False,WB_WDI,WB_WDI_EN_GHG_CO2_PC_CE_AR5,KOR,_T,_T,_T,_Z,_Z,_Z,2008,A,T,
0.001213,P1Y,0,,A,PU,_Z,2,,,False,WB_WDI,WB_WDI_EN_GHG_CO2_PC_CE_AR5,GUM,_T,_T,_T,_Z,_Z,_Z,2006,A,T,
0.892331,P1Y,0,,A,PU,_Z,2,,,False,WB_WDI,WB_WDI_EN_GHG_CO2_PC_CE_AR5,GTM,_T,_T,_T,_Z,_Z,_Z,2006,A,T,
0.19666,P1Y,0,,A,PU,_Z,2,,,False,WB_WDI,WB_WDI_EN_GHG_CO2_PC_CE_AR5,GIN,_T,_T,_T,_Z,_Z,_Z,2006,A,T,
0.204267,P1Y,0,,A,PU,_Z,2,,,False,WB_WDI,WB_WDI_EN_GHG_CO2_PC_CE_AR5,GNB,_T,_T,_T,_Z,_Z,_Z,2006,A,T,
1.758445,P1Y,0,,A,PU,_Z,2,,,False,WB_WDI,WB_WDI_EN_GHG_CO2_PC_CE_AR5,GUY,_T,_T,_T,_Z,_Z,_Z,2006,A,T,
0.200878,P1Y,0,,A,PU,_Z,2,,,False,WB_WDI,WB_WDI_EN_GHG_CO2_PC_CE_AR5,HTI,_T,_T,_T,_Z,_Z,_Z,2006,A,T,
1.06403,P1Y,0,,A,PU,_Z,2,,,False,WB_WDI,WB_WDI_EN_GHG_CO2_PC_CE_AR5,HND,_T,_T,_T,_Z,_Z,_Z,2006,A,T,
6.188068,P1Y,0,,A,PU,_Z,2,,,False,WB_WDI,WB_WDI_EN_GHG_CO2_PC_CE_AR5,HKG,_T,_T,_T,_Z,_Z,_Z,2006,A,T,
6.02497,P1Y,0,,A,PU,_Z,2,,,False,WB_WDI,WB_WDI_EN_GHG_CO2_PC_CE_AR5,HUN,_T,_T,_T,_Z,_Z,_Z,2006,A,T,
10.671139,P1Y,0,,A,PU,_Z,2,,,False,WB_WDI,WB_WDI_EN_GHG_CO2_PC_CE_AR5,ISL,_T,_T,_T,_Z,_Z,_Z,2006,A,T,
1.10811,P1Y,0,,A,PU,_Z,2,,,False,WB_WDI,WB_WDI_EN_GHG_CO2_PC_CE_AR5,IND,_T,_T,_T,_Z,_Z,_Z,2006,A,T,
1.638883,P1Y,0,,A,PU,_Z,2,,,False,WB_WDI,WB_WDI_EN_GHG_CO2_PC_CE_AR5,IDN,_T,_T,_T,_Z,_Z,_Z,2006,A,T,
3.904231,P1Y,0,,A,PU,_Z,2,,,False,WB_WDI,WB_WDI_EN_GHG_CO2_PC_CE_AR5,DZA,_T,_T,_T,_Z,_Z,_Z,2020,A,T,
0.00201,P1Y,0,,A,PU,_Z,2,,,False,WB_WDI,WB_WDI_EN_GHG_CO2_PC_CE_AR5,ASM,_T,_T,_T,_Z,_Z,_Z,2020,A,T,
0.61397,P1Y,0,,A,PU,_Z,2,,,False,WB_WDI,WB_WDI_EN_GHG_CO2_PC_CE_AR5,AGO,_T,_T,_T,_Z,_Z,_Z,2020,A,T,
3.54942,P1Y,0,,A,PU,_Z,2,,,False,WB_WDI,WB_WDI_EN_GHG_CO2_PC_CE_AR5,ATG,_T,_T,_T,_Z,_Z,_Z,2020,A,T,
3.720029,P1Y,0,,A,PU,_Z,2,,,False,WB_WDI,WB_WDI_EN_GHG_CO2_PC_CE_AR5,ARG,_T,_T,_T,_Z,_Z,_Z,2020,A,T,
2.334797,P1Y,0,,A,PU,_Z,2,,,False,WB_WDI,WB_WDI_EN_GHG_CO2_PC_CE_AR5,ARM,_T,_T,_T,_Z,_Z,_Z,2020,A,T,
4.500539,P1Y,0,,A,PU,_Z,2,,,False,WB_WDI,WB_WDI_EN_GHG_CO2_PC_CE_AR5,ABW,_T,_T,_T,_Z,_Z,_Z,2020,A,T,
15.304379,P1Y,0,,A,PU,_Z,2,,,False,WB_WDI,WB_WDI_EN_GHG_CO2_PC_CE_AR5,AUS,_T,_T,_T,_Z,_Z,_Z,2020,A,T,
7.055866,P1Y,0,,A,PU,_Z,2,,,False,WB_WDI,WB_WDI_EN_GHG_CO2_PC_CE_AR5,AUT,_T,_T,_T,_Z,_Z,_Z,2020,A,T,
3.508003,P1Y,0,,A,PU,_Z,2,,,False,WB_WDI,WB_WDI_EN_GHG_CO2_PC_CE_AR5,AZE,_T,_T,_T,_Z,_Z,_Z,2020,A,T,
2.963904,P1Y,0,,A,PU,_Z,2,,,False,WB_WDI,WB_WDI_EN_GHG_CO2_PC_CE_AR5,BHS,_T,_T,_T,_Z,_Z,_Z,2020,A,T,
25.023842,P1Y,0,,A,PU,_Z,2,,,False,WB_WDI,WB_WDI_EN_GHG_CO2_PC_CE_AR5,BHR,_T,_T,_T,_Z,_Z,_Z,2020,A,T,
12.028004,P1Y,0,,A,PU,_Z,2,,,False,WB_WDI,WB_WDI_EN_GHG_CO2_PC_CE_AR5,SYC,_T,_T,_T,_Z,_Z,_Z,2017,A,T,
0.141558,P1Y,0,,A,PU,_Z,2,,,False,WB_WDI,WB_WDI_EN_GHG_CO2_PC_CE_AR5,SLE,_T,_T,_T,_Z,_Z,_Z,2017,A,T,
10.13641,P1Y,0,,A,PU,_Z,2,,,False,WB_WDI,WB_WDI_EN_GHG_CO2_PC_CE_AR5,SGP,_T,_T,_T,_Z,_Z,_Z,2017,A,T,
6.93642,P1Y,0,,A,PU,_Z,2,,,False,WB_WDI,WB_WDI_EN_GHG_CO2_PC_CE_AR5,SVK,_T,_T,_T,_Z,_Z,_Z,2017,A,T,
7.425663,P1Y,0,,A,PU,_Z,2,,,False,WB_WDI,WB_WDI_EN_GHG_CO2_PC_CE_AR5,SVN,_T,_T,_T,_Z,_Z,_Z,2017,A,T,
0.425714,P1Y,0,,A,PU,_Z,2,,,False,WB_WDI,WB_WDI_EN_GHG_CO2_PC_CE_AR5,SLB,_T,_T,_T,_Z,_Z,_Z,2017,A,T,
0.056092,P1Y,0,,A,PU,_Z,2,,,False,WB_WDI,WB_WDI_EN_GHG_CO2_PC_CE_AR5,SOM,_T,_T,_T,_Z,_Z,_Z,2017,A,T,
8.147514,P1Y,0,,A,PU,_Z,2,,,False,WB_WDI,WB_WDI_EN_GHG_CO2_PC_CE_AR5,ZAF,_T,_T,_T,_Z,_Z,_Z,2017,A,T,
5.977615,P1Y,0,,A,PU,_Z,2,,,False,WB_WDI,WB_WDI_EN_GHG_CO2_PC_CE_AR5,ESP,_T,_T,_T,_Z,_Z,_Z,2017,A,T,
3.092548,P1Y,0,,A,PU,_Z,2,,,False,WB_WDI,WB_WDI_EN_GHG_CO2_PC_CE_AR5,IRQ,_T,_T,_T,_Z,_Z,_Z,2003,A,T,
11.126803,P1Y,0,,A,PU,_Z,2,,,False,WB_WDI,WB_WDI_EN_GHG_CO2_PC_CE_AR5,IRL,_T,_T,_T,_Z,_Z,_Z,2003,A,T,
9.604377,P1Y,0,,A,PU,_Z,2,,,False,WB_WDI,WB_WDI_EN_GHG_CO2_PC_CE_AR5,ISR,_T,_T,_T,_Z,_Z,_Z,2003,A,T,
8.375739,P1Y,0,,A,PU,_Z,2,,,False,WB_WDI,WB_WDI_EN_GHG_CO2_PC_CE_AR5,ITA,_T,_T,_T,_Z,_Z,_Z,2003,A,T,
3.973842,P1Y,0,,A,PU,_Z,2,,,False,WB_WDI,WB_WDI_EN_GHG_CO2_PC_CE_AR5,JAM,_T,_T,_T,_Z,_Z,_Z,2003,A,T,
9.958868,P1Y,0,,A,PU,_Z,2,,,False,WB_WDI,WB_WDI_EN_GHG_CO2_PC_CE_AR5,JPN,_T,_T,_T,_Z,_Z,_Z,2003,A,T,
3.073342,P1Y,0,,A,PU,_Z,2,,,False,WB_WDI,WB_WDI_EN_GHG_CO2_PC_CE_AR5,JOR,_T,_T,_T,_Z,_Z,_Z,2003,A,T,
10.297243,P1Y,0,,A,PU,_Z,2,,,False,WB_WDI,WB_WDI_EN_GHG_CO2_PC_CE_AR5,KAZ,_T,_T,_T,_Z,_Z,_Z,2003,A,T,
0.21488,P1Y,0,,A,PU,_Z,2,,,False,WB_WDI,WB_WDI_EN_GHG_CO2_PC_CE_AR5,KEN,_T,_T,_T,_Z,_Z,_Z,2003,A,T,
0.474648,P1Y,0,,A,PU,_Z,2,,,False,WB_WDI,WB_WDI_EN_GHG_CO2_PC_CE_AR5,KIR,_T,_T,_T,_Z,_Z,_Z,2003,A,T,
3.112533,P1Y,0,,A,PU,_Z,2,,,False,WB_WDI,WB_WDI_EN_GHG_CO2_PC_CE_AR5,PRK,_T,_T,_T,_Z,_Z,_Z,2003,A,T,
10.502433,P1Y,0,,A,PU,_Z,2,,,False,WB_WDI,WB_WDI_EN_GHG_CO2_PC_CE_AR5,KOR,_T,_T,_T,_Z,_Z,_Z,2003,A,T,
30.768939,P1Y,0,,A,PU,_Z,2,,,False,WB_WDI,WB_WDI_EN_GHG_CO2_PC_CE_AR5,KWT,_T,_T,_T,_Z,_Z,_Z,2003,A,T,
0.086654,P1Y,0,,A,PU,_Z,2,,,False,WB_WDI,WB_WDI_EN_GHG_CO2_PC_CE_AR5,MOZ,_T,_T,_T,_Z,_Z,_Z,2000,A,T,
0.221723,P1Y,0,,A,PU,_Z,2,,,False,WB_WDI,WB_WDI_EN_GHG_CO2_PC_CE_AR5,MMR,_T,_T,_T,_Z,_Z,_Z,2000,A,T,
1.053201,P1Y,0,,A,PU,_Z,2,,,False,WB_WDI,WB_WDI_EN_GHG_CO2_PC_CE_AR5,NAM,_T,_T,_T,_Z,_Z,_Z,2000,A,T,
0,P1Y,0,,A,PU,_Z,2,,,False,WB_WDI,WB_WDI_EN_GHG_CO2_PC_CE_AR5,NRU,_T,_T,_T,_Z,_Z,_Z,2000,A,T,
0.139303,P1Y,0,,A,PU,_Z,2,,,False,WB_WDI,WB_WDI_EN_GHG_CO2_PC_CE_AR5,NPL,_T,_T,_T,_Z,_Z,_Z,2000,A,T,
11.105105,P1Y,0,,A,PU,_Z,2,,,False,WB_WDI,WB_WDI_EN_GHG_CO2_PC_CE_AR5,NLD,_T,_T,_T,_Z,_Z,_Z,2000,A,T,
9.6675,P1Y,0,,A,PU,_Z,2,,,False,WB_WDI,WB_WDI_EN_GHG_CO2_PC_CE_AR5,NCL,_T,_T,_T,_Z,_Z,_Z,2000,A,T,
8.553853,P1Y,0,,A,PU,_Z,2,,,False,WB_WDI,WB_WDI_EN_GHG_CO2_PC_CE_AR5,NZL,_T,_T,_T,_Z,_Z,_Z,2000,A,T,
0.750642,P1Y,0,,A,PU,_Z,2,,,False,WB_WDI,WB_WDI_EN_GHG_CO2_PC_CE_AR5,NIC,_T,_T,_T,_Z,_Z,_Z,2000,A,T,
0.060958,P1Y,0,,A,PU,_Z,2,,,False,WB_WDI,WB_WDI_EN_GHG_CO2_PC_CE_AR5,NER,_T,_T,_T,_Z,_Z,_Z,2000,A,T,
0.792791,P1Y,0,,A,PU,_Z,2,,,False,WB_WDI,WB_WDI_EN_GHG_CO2_PC_CE_AR5,NGA,_T,_T,_T,_Z,_Z,_Z,2000,A,T,
4.45999,P1Y,0,,A,PU,_Z,2,,,False,WB_WDI,WB_WDI_EN_GHG_CO2_PC_CE_AR5,MKD,_T,_T,_T,_Z,_Z,_Z,2000,A,T,
0.001463,P1Y,0,,A,PU,_Z,2,,,False,WB_WDI,WB_WDI_EN_GHG_CO2_PC_CE_AR5,MNP,_T,_T,_T,_Z,_Z,_Z,2000,A,T,
9.300781,P1Y,0,,A,PU,_Z,2,,,False,WB_WDI,WB_WDI_EN_GHG_CO2_PC_CE_AR5,NOR,_T,_T,_T,_Z,_Z,_Z,2000,A,T,
0,P1Y,0,,A,PU,_Z,2,,,False,WB_WDI,WB_WDI_EN_GHG_CO2_PC_CE_AR5,TUV,_T,_T,_T,_Z,_Z,_Z,2009,A,T,
0.121798,P1Y,0,,A,PU,_Z,2,,,False,WB_WDI,WB_WDI_EN_GHG_CO2_PC_CE_AR5,UGA,_T,_T,_T,_Z,_Z,_Z,2009,A,T,
6.267907,P1Y,0,,A,PU,_Z,2,,,False,WB_WDI,WB_WDI_EN_GHG_CO2_PC_CE_AR5,UKR,_T,_T,_T,_Z,_Z,_Z,2009,A,T,
24.651181,P1Y,0,,A,PU,_Z,2,,,False,WB_WDI,WB_WDI_EN_GHG_CO2_PC_CE_AR5,ARE,_T,_T,_T,_Z,_Z,_Z,2009,A,T,
7.763307,P1Y,0,,A,PU,_Z,2,,,False,WB_WDI,WB_WDI_EN_GHG_CO2_PC_CE_AR5,GBR,_T,_T,_T,_Z,_Z,_Z,2009,A,T,
17.189063,P1Y,0,,A,PU,_Z,2,,,False,WB_WDI,WB_WDI_EN_GHG_CO2_PC_CE_AR5,USA,_T,_T,_T,_Z,_Z,_Z,2009,A,T,
2.366279,P1Y,0,,A,PU,_Z,2,,,False,WB_WDI,WB_WDI_EN_GHG_CO2_PC_CE_AR5,URY,_T,_T,_T,_Z,_Z,_Z,2009,A,T,
4.456514,P1Y,0,,A,PU,_Z,2,,,False,WB_WDI,WB_WDI_EN_GHG_CO2_PC_CE_AR5,UZB,_T,_T,_T,_Z,_Z,_Z,2009,A,T,
0.620029,P1Y,0,,A,PU,_Z,2,,,False,WB_WDI,WB_WDI_EN_GHG_CO2_PC_CE_AR5,VUT,_T,_T,_T,_Z,_Z,_Z,2009,A,T,
5.810773,P1Y,0,,A,PU,_Z,2,,,False,WB_WDI,WB_WDI_EN_GHG_CO2_PC_CE_AR5,VEN,_T,_T,_T,_Z,_Z,_Z,2009,A,T,
1.628779,P1Y,0,,A,PU,_Z,2,,,False,WB_WDI,WB_WDI_EN_GHG_CO2_PC_CE_AR5,VNM,_T,_T,_T,_Z,_Z,_Z,2009,A,T,
0.001845,P1Y,0,,A,PU,_Z,2,,,False,WB_WDI,WB_WDI_EN_GHG_CO2_PC_CE_AR5,VIR,_T,_T,_T,_Z,_Z,_Z,2009,A,T,
1.588292,P1Y,0,,A,PU,_Z,2,,,False,WB_WDI,WB_WDI_EN_GHG_CO2_PC_CE_AR5,CRI,_T,_T,_T,_Z,_Z,_Z,2010,A,T,
0.325279,P1Y,0,,A,PU,_Z,2,,,False,WB_WDI,WB_WDI_EN_GHG_CO2_PC_CE_AR5,CIV,_T,_T,_T,_Z,_Z,_Z,2010,A,T,
4.875068,P1Y,0,,A,PU,_Z,2,,,False,WB_WDI,WB_WDI_EN_GHG_CO2_PC_CE_AR5,HRV,_T,_T,_T,_Z,_Z,_Z,2010,A,T,
2.49451,P1Y,0,,A,PU,_Z,2,,,False,WB_WDI,WB_WDI_EN_GHG_CO2_PC_CE_AR5,CUB,_T,_T,_T,_Z,_Z,_Z,2010,A,T,
7.017191,P1Y,0,,A,PU,_Z,2,,,False,WB_WDI,WB_WDI_EN_GHG_CO2_PC_CE_AR5,CYP,_T,_T,_T,_Z,_Z,_Z,2010,A,T,
11.551448,P1Y,0,,A,PU,_Z,2,,,False,WB_WDI,WB_WDI_EN_GHG_CO2_PC_CE_AR5,CZE,_T,_T,_T,_Z,_Z,_Z,2010,A,T,
8.753204,P1Y,0,,A,PU,_Z,2,,,False,WB_WDI,WB_WDI_EN_GHG_CO2_PC_CE_AR5,DNK,_T,_T,_T,_Z,_Z,_Z,2010,A,T,
0.872453,P1Y,0,,A,PU,_Z,2,,,False,WB_WDI,WB_WDI_EN_GHG_CO2_PC_CE_AR5,DJI,_T,_T,_T,_Z,_Z,_Z,2010,A,T,
1.122584,P1Y,0,,A,PU,_Z,2,,,False,WB_WDI,WB_WDI_EN_GHG_CO2_PC_CE_AR5,DMA,_T,_T,_T,_Z,_Z,_Z,2010,A,T,
2.131092,P1Y,0,,A,PU,_Z,2,,,False,WB_WDI,WB_WDI_EN_GHG_CO2_PC_CE_AR5,DOM,_T,_T,_T,_Z,_Z,_Z,2010,A,T,
2.537221,P1Y,0,,A,PU,_Z,2,,,False,WB_WDI,WB_WDI_EN_GHG_CO2_PC_CE_AR5,ECU,_T,_T,_T,_Z,_Z,_Z,2010,A,T,
1.098087,P1Y,0,,A,PU,_Z,2,,,False,WB_WDI,WB_WDI_EN_GHG_CO2_PC_CE_AR5,DMA,_T,_T,_T,_Z,_Z,_Z,2007,A,T,
2.194929,P1Y,0,,A,PU,_Z,2,,,False,WB_WDI,WB_WDI_EN_GHG_CO2_PC_CE_AR5,DOM,_T,_T,_T,_Z,_Z,_Z,2007,A,T,
2.209114,P1Y,0,,A,PU,_Z,2,,,False,WB_WDI,WB_WDI_EN_GHG_CO2_PC_CE_AR5,ECU,_T,_T,_T,_Z,_Z,_Z,2007,A,T,
2.396376,P1Y,0,,A,PU,_Z,2,,,False,WB_WDI,WB_WDI_EN_GHG_CO2_PC_CE_AR5,EGY,_T,_T,_T,_Z,_Z,_Z,2007,A,T,
1.294314,P1Y,0,,A,PU,_Z,2,,,False,WB_WDI,WB_WDI_EN_GHG_CO2_PC_CE_AR5,SLV,_T,_T,_T,_Z,_Z,_Z,2007,A,T,
6.888124,P1Y,0,,A,PU,_Z,2,,,False,WB_WDI,WB_WDI_EN_GHG_CO2_PC_CE_AR5,GNQ,_T,_T,_T,_Z,_Z,_Z,2007,A,T,
0.19324,P1Y,0,,A,PU,_Z,2,,,False,WB_WDI,WB_WDI_EN_GHG_CO2_PC_CE_AR5,ERI,_T,_T,_T,_Z,_Z,_Z,2007,A,T,
17.18061,P1Y,0,,A,PU,_Z,2,,,False,WB_WDI,WB_WDI_EN_GHG_CO2_PC_CE_AR5,EST,_T,_T,_T,_Z,_Z,_Z,2007,A,T,
0.946544,P1Y,0,,A,PU,_Z,2,,,False,WB_WDI,WB_WDI_EN_GHG_CO2_PC_CE_AR5,SWZ,_T,_T,_T,_Z,_Z,_Z,2007,A,T,
0.076427,P1Y,0,,A,PU,_Z,2,,,False,WB_WDI,WB_WDI_EN_GHG_CO2_PC_CE_AR5,ETH,_T,_T,_T,_Z,_Z,_Z,2007,A,T,
0.041341,P1Y,0,,A,PU,_Z,2,,,False,WB_WDI,WB_WDI_EN_GHG_CO2_PC_CE_AR5,FRO,_T,_T,_T,_Z,_Z,_Z,2007,A,T,
1.920292,P1Y,0,,A,PU,_Z,2,,,False,WB_WDI,WB_WDI_EN_GHG_CO2_PC_CE_AR5,FJI,_T,_T,_T,_Z,_Z,_Z,2007,A,T,
0.025947,P1Y,0,,A,PU,_Z,2,,,False,WB_WDI,WB_WDI_EN_GHG_CO2_PC_CE_AR5,BDI,_T,_T,_T,_Z,_Z,_Z,2008,A,T,
1.446879,P1Y,0,,A,PU,_Z,2,,,False,WB_WDI,WB_WDI_EN_GHG_CO2_PC_CE_AR5,CPV,_T,_T,_T,_Z,_Z,_Z,2008,A,T,
0.291565,P1Y,0,,A,PU,_Z,2,,,False,WB_WDI,WB_WDI_EN_GHG_CO2_PC_CE_AR5,KHM,_T,_T,_T,_Z,_Z,_Z,2008,A,T,
0.380579,P1Y,0,,A,PU,_Z,2,,,False,WB_WDI,WB_WDI_EN_GHG_CO2_PC_CE_AR5,CMR,_T,_T,_T,_Z,_Z,_Z,2008,A,T,
17.307208,P1Y,0,,A,PU,_Z,2,,,False,WB_WDI,WB_WDI_EN_GHG_CO2_PC_CE_AR5,CAN,_T,_T,_T,_Z,_Z,_Z,2008,A,T,
4.357686,P1Y,0,,A,PU,_Z,2,,,False,WB_WDI,WB_WDI_EN_GHG_CO2_PC_CE_AR5,CYM,_T,_T,_T,_Z,_Z,_Z,2008,A,T,
0.043979,P1Y,0,,A,PU,_Z,2,,,False,WB_WDI,WB_WDI_EN_GHG_CO2_PC_CE_AR5,CAF,_T,_T,_T,_Z,_Z,_Z,2008,A,T,
0.042235,P1Y,0,,A,PU,_Z,2,,,False,WB_WDI,WB_WDI_EN_GHG_CO2_PC_CE_AR5,TCD,_T,_T,_T,_Z,_Z,_Z,2008,A,T,
4.235646,P1Y,0,,A,PU,_Z,2,,,False,WB_WDI,WB_WDI_EN_GHG_CO2_PC_CE_AR5,CHL,_T,_T,_T,_Z,_Z,_Z,2008,A,T,
5.852259,P1Y,0,,A,PU,_Z,2,,,False,WB_WDI,WB_WDI_EN_GHG_CO2_PC_CE_AR5,CHN,_T,_T,_T,_Z,_Z,_Z,2008,A,T,
1.398521,P1Y,0,,A,PU,_Z,2,,,False,WB_WDI,WB_WDI_EN_GHG_CO2_PC_CE_AR5,COL,_T,_T,_T,_Z,_Z,_Z,2008,A,T,
0.169393,P1Y,0,,A,PU,_Z,2,,,False,WB_WDI,WB_WDI_EN_GHG_CO2_PC_CE_AR5,COM,_T,_T,_T,_Z,_Z,_Z,2008,A,T,
1.792701,P1Y,0,,A,PU,_Z,2,,,False,WB_WDI,WB_WDI_EN_GHG_CO2_PC_CE_AR5,PER,_T,_T,_T,_Z,_Z,_Z,2019,A,T,
1.335001,P1Y,0,,A,PU,_Z,2,,,False,WB_WDI,WB_WDI_EN_GHG_CO2_PC_CE_AR5,PHL,_T,_T,_T,_Z,_Z,_Z,2019,A,T,
8.219855,P1Y,0,,A,PU,_Z,2,,,False,WB_WDI,WB_WDI_EN_GHG_CO2_PC_CE_AR5,POL,_T,_T,_T,_Z,_Z,_Z,2019,A,T,
4.513583,P1Y,0,,A,PU,_Z,2,,,False,WB_WDI,WB_WDI_EN_GHG_CO2_PC_CE_AR5,PRT,_T,_T,_T,_Z,_Z,_Z,2019,A,T,
3.822852,P1Y,0,,A,PU,_Z,2,,,False,WB_WDI,WB_WDI_EN_GHG_CO2_PC_CE_AR5,PRI,_T,_T,_T,_Z,_Z,_Z,2019,A,T,
44.592192,P1Y,0,,A,PU,_Z,2,,,False,WB_WDI,WB_WDI_EN_GHG_CO2_PC_CE_AR5,QAT,_T,_T,_T,_Z,_Z,_Z,2019,A,T,
4.189225,P1Y,0,,A,PU,_Z,2,,,False,WB_WDI,WB_WDI_EN_GHG_CO2_PC_CE_AR5,ROU,_T,_T,_T,_Z,_Z,_Z,2019,A,T,
12.773874,P1Y,0,,A,PU,_Z,2,,,False,WB_WDI,WB_WDI_EN_GHG_CO2_PC_CE_AR5,RUS,_T,_T,_T,_Z,_Z,_Z,2019,A,T,
0.118589,P1Y,0,,A,PU,_Z,2,,,False,WB_WDI,WB_WDI_EN_GHG_CO2_PC_CE_AR5,RWA,_T,_T,_T,_Z,_Z,_Z,2019,A,T,
1.780437,P1Y,0,,A,PU,_Z,2,,,False,WB_WDI,WB_WDI_EN_GHG_CO2_PC_CE_AR5,WSM,_T,_T,_T,_Z,_Z,_Z,2019,A,T,
0.745576,P1Y,0,,A,PU,_Z,2,,,False,WB_WDI,WB_WDI_EN_GHG_CO2_PC_CE_AR5,STP,_T,_T,_T,_Z,_Z,_Z,2019,A,T,
0.626122,P1Y,0,,A,PU,_Z,2,,,False,WB_WDI,WB_WDI_EN_GHG_CO2_PC_CE_AR5,BGD,_T,_T,_T,_Z,_Z,_Z,2020,A,T,
2.387663,P1Y,0,,A,PU,_Z,2,,,False,WB_WDI,WB_WDI_EN_GHG_CO2_PC_CE_AR5,BRB,_T,_T,_T,_Z,_Z,_Z,2020,A,T,
6.200469,P1Y,0,,A,PU,_Z,2,,,False,WB_WDI,WB_WDI_EN_GHG_CO2_PC_CE_AR5,BLR,_T,_T,_T,_Z,_Z,_Z,2020,A,T,
7.966943,P1Y,0,,A,PU,_Z,2,,,False,WB_WDI,WB_WDI_EN_GHG_CO2_PC_CE_AR5,BEL,_T,_T,_T,_Z,_Z,_Z,2020,A,T,
0.815226,P1Y,0,,A,PU,_Z,2,,,False,WB_WDI,WB_WDI_EN_GHG_CO2_PC_CE_AR5,BLZ,_T,_T,_T,_Z,_Z,_Z,2020,A,T,
0.666089,P1Y,0,,A,PU,_Z,2,,,False,WB_WDI,WB_WDI_EN_GHG_CO2_PC_CE_AR5,BEN,_T,_T,_T,_Z,_Z,_Z,2020,A,T,
3.327017,P1Y,0,,A,PU,_Z,2,,,False,WB_WDI,WB_WDI_EN_GHG_CO2_PC_CE_AR5,BMU,_T,_T,_T,_Z,_Z,_Z,2020,A,T,
1.835181,P1Y,0,,A,PU,_Z,2,,,False,WB_WDI,WB_WDI_EN_GHG_CO2_PC_CE_AR5,BTN,_T,_T,_T,_Z,_Z,_Z,2020,A,T,
1.571211,P1Y,0,,A,PU,_Z,2,,,False,WB_WDI,WB_WDI_EN_GHG_CO2_PC_CE_AR5,BOL,_T,_T,_T,_Z,_Z,_Z,2020,A,T,
6.83056,P1Y,0,,A,PU,_Z,2,,,False,WB_WDI,WB_WDI_EN_GHG_CO2_PC_CE_AR5,BIH,_T,_T,_T,_Z,_Z,_Z,2020,A,T,
2.574883,P1Y,0,,A,PU,_Z,2,,,False,WB_WDI,WB_WDI_EN_GHG_CO2_PC_CE_AR5,BWA,_T,_T,_T,_Z,_Z,_Z,2020,A,T,
7.009092,P1Y,0,,A,PU,_Z,2,,,False,WB_WDI,WB_WDI_EN_GHG_CO2_PC_CE_AR5,SYC,_T,_T,_T,_Z,_Z,_Z,2023,A,T,
0.166704,P1Y,0,,A,PU,_Z,2,,,False,WB_WDI,WB_WDI_EN_GHG_CO2_PC_CE_AR5,SLE,_T,_T,_T,_Z,_Z,_Z,2023,A,T,
9.480337,P1Y,0,,A,PU,_Z,2,,,False,WB_WDI,WB_WDI_EN_GHG_CO2_PC_CE_AR5,SGP,_T,_T,_T,_Z,_Z,_Z,2023,A,T,
5.739781,P1Y,0,,A,PU,_Z,2,,,False,WB_WDI,WB_WDI_EN_GHG_CO2_PC_CE_AR5,SVK,_T,_T,_T,_Z,_Z,_Z,2023,A,T,
5.950876,P1Y,0,,A,PU,_Z,2,,,False,WB_WDI,WB_WDI_EN_GHG_CO2_PC_CE_AR5,SVN,_T,_T,_T,_Z,_Z,_Z,2023,A,T,
0.374748,P1Y,0,,A,PU,_Z,2,,,False,WB_WDI,WB_WDI_EN_GHG_CO2_PC_CE_AR5,SLB,_T,_T,_T,_Z,_Z,_Z,2023,A,T,
0.046278,P1Y,0,,A,PU,_Z,2,,,False,WB_WDI,WB_WDI_EN_GHG_CO2_PC_CE_AR5,SOM,_T,_T,_T,_Z,_Z,_Z,2023,A,T,
6.759228,P1Y,0,,A,PU,_Z,2,,,False,WB_WDI,WB_WDI_EN_GHG_CO2_PC_CE_AR5,ZAF,_T,_T,_T,_Z,_Z,_Z,2023,A,T,
4.570462,P1Y,0,,A,PU,_Z,2,,,False,WB_WDI,WB_WDI_EN_GHG_CO2_PC_CE_AR5,ESP,_T,_T,_T,_Z,_Z,_Z,2023,A,T,
0.979276,P1Y,0,,A,PU,_Z,2,,,False,WB_WDI,WB_WDI_EN_GHG_CO2_PC_CE_AR5,LKA,_T,_T,_T,_Z,_Z,_Z,2023,A,T,
2.790966,P1Y,0,,A,PU,_Z,2,,,False,WB_WDI,WB_WDI_EN_GHG_CO2_PC_CE_AR5,KNA,_T,_T,_T,_Z,_Z,_Z,2023,A,T,
1.65658,P1Y,0,,A,PU,_Z,2,,,False,WB_WDI,WB_WDI_EN_GHG_CO2_PC_CE_AR5,LCA,_T,_T,_T,_Z,_Z,_Z,2023,A,T,
31.535165,P1Y,0,,A,PU,_Z,2,,,False,WB_WDI,WB_WDI_EN_GHG_CO2_PC_CE_AR5,KWT,_T,_T,_T,_Z,_Z,_Z,2008,A,T,
1.471009,P1Y,0,,A,PU,_Z,2,,,False,WB_WDI,WB_WDI_EN_GHG_CO2_PC_CE_AR5,KGZ,_T,_T,_T,_Z,_Z,_Z,2008,A,T,
0.343066,P1Y,0,,A,PU,_Z,2,,,False,WB_WDI,WB_WDI_EN_GHG_CO2_PC_CE_AR5,LAO,_T,_T,_T,_Z,_Z,_Z,2008,A,T,
3.894096,P1Y,0,,A,PU,_Z,2,,,False,WB_WDI,WB_WDI_EN_GHG_CO2_PC_CE_AR5,LVA,_T,_T,_T,_Z,_Z,_Z,2008,A,T,
3.717946,P1Y,0,,A,PU,_Z,2,,,False,WB_WDI,WB_WDI_EN_GHG_CO2_PC_CE_AR5,LBN,_T,_T,_T,_Z,_Z,_Z,2008,A,T,
0.221963,P1Y,0,,A,PU,_Z,2,,,False,WB_WDI,WB_WDI_EN_GHG_CO2_PC_CE_AR5,LSO,_T,_T,_T,_Z,_Z,_Z,2008,A,T,
0.146715,P1Y,0,,A,PU,_Z,2,,,False,WB_WDI,WB_WDI_EN_GHG_CO2_PC_CE_AR5,LBR,_T,_T,_T,_Z,_Z,_Z,2008,A,T,
9.164308,P1Y,0,,A,PU,_Z,2,,,False,WB_WDI,WB_WDI_EN_GHG_CO2_PC_CE_AR5,LBY,_T,_T,_T,_Z,_Z,_Z,2008,A,T,
4.950018,P1Y,0,,A,PU,_Z,2,,,False,WB_WDI,WB_WDI_EN_GHG_CO2_PC_CE_AR5,LTU,_T,_T,_T,_Z,_Z,_Z,2008,A,T,
22.946076,P1Y,0,,A,PU,_Z,2,,,False,WB_WDI,WB_WDI_EN_GHG_CO2_PC_CE_AR5,LUX,_T,_T,_T,_Z,_Z,_Z,2008,A,T,
2.954318,P1Y,0,,A,PU,_Z,2,,,False,WB_WDI,WB_WDI_EN_GHG_CO2_PC_CE_AR5,MAC,_T,_T,_T,_Z,_Z,_Z,2008,A,T,
8.133743,P1Y,0,,A,PU,_Z,2,,,False,WB_WDI,WB_WDI_EN_GHG_CO2_PC_CE_AR5,UKR,_T,_T,_T,_Z,_Z,_Z,2003,A,T,
25.956044,P1Y,0,,A,PU,_Z,2,,,False,WB_WDI,WB_WDI_EN_GHG_CO2_PC_CE_AR5,ARE,_T,_T,_T,_Z,_Z,_Z,2003,A,T,
9.400836,P1Y,0,,A,PU,_Z,2,,,False,WB_WDI,WB_WDI_EN_GHG_CO2_PC_CE_AR5,GBR,_T,_T,_T,_Z,_Z,_Z,2003,A,T,
19.968166,P1Y,0,,A,PU,_Z,2,,,False,WB_WDI,WB_WDI_EN_GHG_CO2_PC_CE_AR5,USA,_T,_T,_T,_Z,_Z,_Z,2003,A,T,
1.400469,P1Y,0,,A,PU,_Z,2,,,False,WB_WDI,WB_WDI_EN_GHG_CO2_PC_CE_AR5,URY,_T,_T,_T,_Z,_Z,_Z,2003,A,T,
5.016094,P1Y,0,,A,PU,_Z,2,,,False,WB_WDI,WB_WDI_EN_GHG_CO2_PC_CE_AR5,UZB,_T,_T,_T,_Z,_Z,_Z,2003,A,T,
0.558915,P1Y,0,,A,PU,_Z,2,,,False,WB_WDI,WB_WDI_EN_GHG_CO2_PC_CE_AR5,VUT,_T,_T,_T,_Z,_Z,_Z,2003,A,T,
5.522826,P1Y,0,,A,PU,_Z,2,,,False,WB_WDI,WB_WDI_EN_GHG_CO2_PC_CE_AR5,VEN,_T,_T,_T,_Z,_Z,_Z,2003,A,T,
0.9759,P1Y,0,,A,PU,_Z,2,,,False,WB_WDI,WB_WDI_EN_GHG_CO2_PC_CE_AR5,VNM,_T,_T,_T,_Z,_Z,_Z,2003,A,T,
0.001843,P1Y,0,,A,PU,_Z,2,,,False,WB_WDI,WB_WDI_EN_GHG_CO2_PC_CE_AR5,VIR,_T,_T,_T,_Z,_Z,_Z,2003,A,T,
0.910498,P1Y,0,,A,PU,_Z,2,,,False,WB_WDI,WB_WDI_EN_GHG_CO2_PC_CE_AR5,YEM,_T,_T,_T,_Z,_Z,_Z,2003,A,T,
0.203868,P1Y,0,,A,PU,_Z,2,,,False,WB_WDI,WB_WDI_EN_GHG_CO2_PC_CE_AR5,ZMB,_T,_T,_T,_Z,_Z,_Z,2003,A,T,
4.636735,P1Y,0,,A,PU,_Z,2,,,False,WB_WDI,WB_WDI_EN_GHG_CO2_PC_CE_AR5,IRQ,_T,_T,_T,_Z,_Z,_Z,2021,A,T,
7.119068,P1Y,0,,A,PU,_Z,2,,,False,WB_WDI,WB_WDI_EN_GHG_CO2_PC_CE_AR5,IRL,_T,_T,_T,_Z,_Z,_Z,2021,A,T,
6.506178,P1Y,0,,A,PU,_Z,2,,,False,WB_WDI,WB_WDI_EN_GHG_CO2_PC_CE_AR5,ISR,_T,_T,_T,_Z,_Z,_Z,2021,A,T,
5.586516,P1Y,0,,A,PU,_Z,2,,,False,WB_WDI,WB_WDI_EN_GHG_CO2_PC_CE_AR5,ITA,_T,_T,_T,_Z,_Z,_Z,2021,A,T,
2.280876,P1Y,0,,A,PU,_Z,2,,,False,WB_WDI,WB_WDI_EN_GHG_CO2_PC_CE_AR5,JAM,_T,_T,_T,_Z,_Z,_Z,2021,A,T,
8.594783,P1Y,0,,A,PU,_Z,2,,,False,WB_WDI,WB_WDI_EN_GHG_CO2_PC_CE_AR5,JPN,_T,_T,_T,_Z,_Z,_Z,2021,A,T,
1.964802,P1Y,0,,A,PU,_Z,2,,,False,WB_WDI,WB_WDI_EN_GHG_CO2_PC_CE_AR5,JOR,_T,_T,_T,_Z,_Z,_Z,2021,A,T,
12.252465,P1Y,0,,A,PU,_Z,2,,,False,WB_WDI,WB_WDI_EN_GHG_CO2_PC_CE_AR5,KAZ,_T,_T,_T,_Z,_Z,_Z,2021,A,T,
0.404281,P1Y,0,,A,PU,_Z,2,,,False,WB_WDI,WB_WDI_EN_GHG_CO2_PC_CE_AR5,KEN,_T,_T,_T,_Z,_Z,_Z,2021,A,T,
0.627059,P1Y,0,,A,PU,_Z,2,,,False,WB_WDI,WB_WDI_EN_GHG_CO2_PC_CE_AR5,KIR,_T,_T,_T,_Z,_Z,_Z,2021,A,T,
2.183952,P1Y,0,,A,PU,_Z,2,,,False,WB_WDI,WB_WDI_EN_GHG_CO2_PC_CE_AR5,PRK,_T,_T,_T,_Z,_Z,_Z,2021,A,T,
12.338727,P1Y,0,,A,PU,_Z,2,,,False,WB_WDI,WB_WDI_EN_GHG_CO2_PC_CE_AR5,KOR,_T,_T,_T,_Z,_Z,_Z,2021,A,T,
1.829711,P1Y,0,,A,PU,_Z,2,,,False,WB_WDI,WB_WDI_EN_GHG_CO2_PC_CE_AR5,ARM,_T,_T,_T,_Z,_Z,_Z,2008,A,T,
4.503701,P1Y,0,,A,PU,_Z,2,,,False,WB_WDI,WB_WDI_EN_GHG_CO2_PC_CE_AR5,ABW,_T,_T,_T,_Z,_Z,_Z,2008,A,T,
19.02812,P1Y,0,,A,PU,_Z,2,,,False,WB_WDI,WB_WDI_EN_GHG_CO2_PC_CE_AR5,AUS,_T,_T,_T,_Z,_Z,_Z,2008,A,T,
9.041824,P1Y,0,,A,PU,_Z,2,,,False,WB_WDI,WB_WDI_EN_GHG_CO2_PC_CE_AR5,AUT,_T,_T,_T,_Z,_Z,_Z,2008,A,T,
3.677899,P1Y,0,,A,PU,_Z,2,,,False,WB_WDI,WB_WDI_EN_GHG_CO2_PC_CE_AR5,AZE,_T,_T,_T,_Z,_Z,_Z,2008,A,T,
3.802078,P1Y,0,,A,PU,_Z,2,,,False,WB_WDI,WB_WDI_EN_GHG_CO2_PC_CE_AR5,BHS,_T,_T,_T,_Z,_Z,_Z,2008,A,T,
25.073947,P1Y,0,,A,PU,_Z,2,,,False,WB_WDI,WB_WDI_EN_GHG_CO2_PC_CE_AR5,BHR,_T,_T,_T,_Z,_Z,_Z,2008,A,T,
0.343404,P1Y,0,,A,PU,_Z,2,,,False,WB_WDI,WB_WDI_EN_GHG_CO2_PC_CE_AR5,BGD,_T,_T,_T,_Z,_Z,_Z,2008,A,T,
2.904508,P1Y,0,,A,PU,_Z,2,,,False,WB_WDI,WB_WDI_EN_GHG_CO2_PC_CE_AR5,BRB,_T,_T,_T,_Z,_Z,_Z,2008,A,T,
6.797397,P1Y,0,,A,PU,_Z,2,,,False,WB_WDI,WB_WDI_EN_GHG_CO2_PC_CE_AR5,BLR,_T,_T,_T,_Z,_Z,_Z,2008,A,T,
10.667599,P1Y,0,,A,PU,_Z,2,,,False,WB_WDI,WB_WDI_EN_GHG_CO2_PC_CE_AR5,BEL,_T,_T,_T,_Z,_Z,_Z,2008,A,T,
9.319101,P1Y,0,,A,PU,_Z,2,,,False,WB_WDI,WB_WDI_EN_GHG_CO2_PC_CE_AR5,CSS,_T,_T,_T,_Z,_Z,_Z,2017,A,T,
7.211923,P1Y,0,,A,PU,_Z,2,,,False,WB_WDI,WB_WDI_EN_GHG_CO2_PC_CE_AR5,CEB,_T,_T,_T,_Z,_Z,_Z,2017,A,T,
2.340419,P1Y,0,,A,PU,_Z,2,,,False,WB_WDI,WB_WDI_EN_GHG_CO2_PC_CE_AR5,EAR,_T,_T,_T,_Z,_Z,_Z,2017,A,T,
6.507283,P1Y,0,,A,PU,_Z,2,,,False,WB_WDI,WB_WDI_EN_GHG_CO2_PC_CE_AR5,EAS,_T,_T,_T,_Z,_Z,_Z,2017,A,T,
6.030631,P1Y,0,,A,PU,_Z,2,,,False,WB_WDI,WB_WDI_EN_GHG_CO2_PC_CE_AR5,EAP,_T,_T,_T,_Z,_Z,_Z,2017,A,T,
6.070978,P1Y,0,,A,PU,_Z,2,,,False,WB_WDI,WB_WDI_EN_GHG_CO2_PC_CE_AR5,TEA,_T,_T,_T,_Z,_Z,_Z,2017,A,T,
7.012736,P1Y,0,,A,PU,_Z,2,,,False,WB_WDI,WB_WDI_EN_GHG_CO2_PC_CE_AR5,EMU,_T,_T,_T,_Z,_Z,_Z,2017,A,T,
7.266946,P1Y,0,,A,PU,_Z,2,,,False,WB_WDI,WB_WDI_EN_GHG_CO2_PC_CE_AR5,ECS,_T,_T,_T,_Z,_Z,_Z,2017,A,T,
5.23354,P1Y,0,,A,PU,_Z,2,,,False,WB_WDI,WB_WDI_EN_GHG_CO2_PC_CE_AR5,ECA,_T,_T,_T,_Z,_Z,_Z,2017,A,T,
7.741328,P1Y,0,,A,PU,_Z,2,,,False,WB_WDI,WB_WDI_EN_GHG_CO2_PC_CE_AR5,TEC,_T,_T,_T,_Z,_Z,_Z,2017,A,T,
6.99426,P1Y,0,,A,PU,_Z,2,,,False,WB_WDI,WB_WDI_EN_GHG_CO2_PC_CE_AR5,EUU,_T,_T,_T,_Z,_Z,_Z,2017,A,T,
0.300575,P1Y,0,,A,PU,_Z,2,,,False,WB_WDI,WB_WDI_EN_GHG_CO2_PC_CE_AR5,HPC,_T,_T,_T,_Z,_Z,_Z,2017,A,T,
10.850282,P1Y,0,,A,PU,_Z,2,,,False,WB_WDI,WB_WDI_EN_GHG_CO2_PC_CE_AR5,HIC,_T,_T,_T,_Z,_Z,_Z,2017,A,T,
2.878223,P1Y,0,,A,PU,_Z,2,,,False,WB_WDI,WB_WDI_EN_GHG_CO2_PC_CE_AR5,LCN,_T,_T,_T,_Z,_Z,_Z,2010,A,T,
2.783318,P1Y,0,,A,PU,_Z,2,,,False,WB_WDI,WB_WDI_EN_GHG_CO2_PC_CE_AR5,LAC,_T,_T,_T,_Z,_Z,_Z,2010,A,T,
2.880755,P1Y,0,,A,PU,_Z,2,,,False,WB_WDI,WB_WDI_EN_GHG_CO2_PC_CE_AR5,TLA,_T,_T,_T,_Z,_Z,_Z,2010,A,T,
0.266424,P1Y,0,,A,PU,_Z,2,,,False,WB_WDI,WB_WDI_EN_GHG_CO2_PC_CE_AR5,LDC,_T,_T,_T,_Z,_Z,_Z,2010,A,T,
3.032771,P1Y,0,,A,PU,_Z,2,,,False,WB_WDI,WB_WDI_EN_GHG_CO2_PC_CE_AR5,LMY,_T,_T,_T,_Z,_Z,_Z,2010,A,T,
0.431469,P1Y,0,,A,PU,_Z,2,,,False,WB_WDI,WB_WDI_EN_GHG_CO2_PC_CE_AR5,LIC,_T,_T,_T,_Z,_Z,_Z,2010,A,T,
1.200963,P1Y,0,,A,PU,_Z,2,,,False,WB_WDI,WB_WDI_EN_GHG_CO2_PC_CE_AR5,LMC,_T,_T,_T,_Z,_Z,_Z,2010,A,T,
3.91183,P1Y,0,,A,PU,_Z,2,,,False,WB_WDI,WB_WDI_EN_GHG_CO2_PC_CE_AR5,MEA,_T,_T,_T,_Z,_Z,_Z,2010,A,T,
2.5395,P1Y,0,,A,PU,_Z,2,,,False,WB_WDI,WB_WDI_EN_GHG_CO2_PC_CE_AR5,MNA,_T,_T,_T,_Z,_Z,_Z,2010,A,T,
2.5395,P1Y,0,,A,PU,_Z,2,,,False,WB_WDI,WB_WDI_EN_GHG_CO2_PC_CE_AR5,TMN,_T,_T,_T,_Z,_Z,_Z,2010,A,T,
3.287358,P1Y,0,,A,PU,_Z,2,,,False,WB_WDI,WB_WDI_EN_GHG_CO2_PC_CE_AR5,MIC,_T,_T,_T,_Z,_Z,_Z,2010,A,T,
17.714241,P1Y,0,,A,PU,_Z,2,,,False,WB_WDI,WB_WDI_EN_GHG_CO2_PC_CE_AR5,NAC,_T,_T,_T,_Z,_Z,_Z,2010,A,T,
10.222851,P1Y,0,,A,PU,_Z,2,,,False,WB_WDI,WB_WDI_EN_GHG_CO2_PC_CE_AR5,OED,_T,_T,_T,_Z,_Z,_Z,2010,A,T,
2.7865,P1Y,0,,A,PU,_Z,2,,,False,WB_WDI,WB_WDI_EN_GHG_CO2_PC_CE_AR5,LAO,_T,_T,_T,_Z,_Z,_Z,2018,A,T,
4.207145,P1Y,0,,A,PU,_Z,2,,,False,WB_WDI,WB_WDI_EN_GHG_CO2_PC_CE_AR5,LVA,_T,_T,_T,_Z,_Z,_Z,2018,A,T,
4.594444,P1Y,0,,A,PU,_Z,2,,,False,WB_WDI,WB_WDI_EN_GHG_CO2_PC_CE_AR5,LBN,_T,_T,_T,_Z,_Z,_Z,2018,A,T,
0.346995,P1Y,0,,A,PU,_Z,2,,,False,WB_WDI,WB_WDI_EN_GHG_CO2_PC_CE_AR5,LSO,_T,_T,_T,_Z,_Z,_Z,2018,A,T,
0.129815,P1Y,0,,A,PU,_Z,2,,,False,WB_WDI,WB_WDI_EN_GHG_CO2_PC_CE_AR5,LBR,_T,_T,_T,_Z,_Z,_Z,2018,A,T,
8.361518,P1Y,0,,A,PU,_Z,2,,,False,WB_WDI,WB_WDI_EN_GHG_CO2_PC_CE_AR5,LBY,_T,_T,_T,_Z,_Z,_Z,2018,A,T,
4.972474,P1Y,0,,A,PU,_Z,2,,,False,WB_WDI,WB_WDI_EN_GHG_CO2_PC_CE_AR5,LTU,_T,_T,_T,_Z,_Z,_Z,2018,A,T,
15.699975,P1Y,0,,A,PU,_Z,2,,,False,WB_WDI,WB_WDI_EN_GHG_CO2_PC_CE_AR5,LUX,_T,_T,_T,_Z,_Z,_Z,2018,A,T,
3.225983,P1Y,0,,A,PU,_Z,2,,,False,WB_WDI,WB_WDI_EN_GHG_CO2_PC_CE_AR5,MAC,_T,_T,_T,_Z,_Z,_Z,2018,A,T,
0.119124,P1Y,0,,A,PU,_Z,2,,,False,WB_WDI,WB_WDI_EN_GHG_CO2_PC_CE_AR5,MDG,_T,_T,_T,_Z,_Z,_Z,2018,A,T,
0.294591,P1Y,0,,A,PU,_Z,2,,,False,WB_WDI,WB_WDI_EN_GHG_CO2_PC_CE_AR5,MWI,_T,_T,_T,_Z,_Z,_Z,2018,A,T,
11.517739,P1Y,0,,A,PU,_Z,2,,,False,WB_WDI,WB_WDI_EN_GHG_CO2_PC_CE_AR5,IRL,_T,_T,_T,_Z,_Z,_Z,2000,A,T,
9.426602,P1Y,0,,A,PU,_Z,2,,,False,WB_WDI,WB_WDI_EN_GHG_CO2_PC_CE_AR5,ISR,_T,_T,_T,_Z,_Z,_Z,2000,A,T,
7.978614,P1Y,0,,A,PU,_Z,2,,,False,WB_WDI,WB_WDI_EN_GHG_CO2_PC_CE_AR5,ITA,_T,_T,_T,_Z,_Z,_Z,2000,A,T,
3.92833,P1Y,0,,A,PU,_Z,2,,,False,WB_WDI,WB_WDI_EN_GHG_CO2_PC_CE_AR5,JAM,_T,_T,_T,_Z,_Z,_Z,2000,A,T,
9.804063,P1Y,0,,A,PU,_Z,2,,,False,WB_WDI,WB_WDI_EN_GHG_CO2_PC_CE_AR5,JPN,_T,_T,_T,_Z,_Z,_Z,2000,A,T,
3.056593,P1Y,0,,A,PU,_Z,2,,,False,WB_WDI,WB_WDI_EN_GHG_CO2_PC_CE_AR5,JOR,_T,_T,_T,_Z,_Z,_Z,2000,A,T,
8.529974,P1Y,0,,A,PU,_Z,2,,,False,WB_WDI,WB_WDI_EN_GHG_CO2_PC_CE_AR5,KAZ,_T,_T,_T,_Z,_Z,_Z,2000,A,T,
0.290678,P1Y,0,,A,PU,_Z,2,,,False,WB_WDI,WB_WDI_EN_GHG_CO2_PC_CE_AR5,KEN,_T,_T,_T,_Z,_Z,_Z,2000,A,T,
0.365635,P1Y,0,,A,PU,_Z,2,,,False,WB_WDI,WB_WDI_EN_GHG_CO2_PC_CE_AR5,KIR,_T,_T,_T,_Z,_Z,_Z,2000,A,T,
3.118676,P1Y,0,,A,PU,_Z,2,,,False,WB_WDI,WB_WDI_EN_GHG_CO2_PC_CE_AR5,PRK,_T,_T,_T,_Z,_Z,_Z,2000,A,T,
9.921758,P1Y,0,,A,PU,_Z,2,,,False,WB_WDI,WB_WDI_EN_GHG_CO2_PC_CE_AR5,KOR,_T,_T,_T,_Z,_Z,_Z,2000,A,T,
28.659611,P1Y,0,,A,PU,_Z,2,,,False,WB_WDI,WB_WDI_EN_GHG_CO2_PC_CE_AR5,KWT,_T,_T,_T,_Z,_Z,_Z,2000,A,T,
0.979491,P1Y,0,,A,PU,_Z,2,,,False,WB_WDI,WB_WDI_EN_GHG_CO2_PC_CE_AR5,KGZ,_T,_T,_T,_Z,_Z,_Z,2000,A,T,
10.805375,P1Y,0,,A,PU,_Z,2,,,False,WB_WDI,WB_WDI_EN_GHG_CO2_PC_CE_AR5,FIN,_T,_T,_T,_Z,_Z,_Z,2011,A,T,
5.56604,P1Y,0,,A,PU,_Z,2,,,False,WB_WDI,WB_WDI_EN_GHG_CO2_PC_CE_AR5,FRA,_T,_T,_T,_Z,_Z,_Z,2011,A,T,
3.522285,P1Y,0,,A,PU,_Z,2,,,False,WB_WDI,WB_WDI_EN_GHG_CO2_PC_CE_AR5,PYF,_T,_T,_T,_Z,_Z,_Z,2011,A,T,
3.266021,P1Y,0,,A,PU,_Z,2,,,False,WB_WDI,WB_WDI_EN_GHG_CO2_PC_CE_AR5,GAB,_T,_T,_T,_Z,_Z,_Z,2011,A,T,
0.233695,P1Y,0,,A,PU,_Z,2,,,False,WB_WDI,WB_WDI_EN_GHG_CO2_PC_CE_AR5,GMB,_T,_T,_T,_Z,_Z,_Z,2011,A,T,
2.019145,P1Y,0,,A,PU,_Z,2,,,False,WB_WDI,WB_WDI_EN_GHG_CO2_PC_CE_AR5,GEO,_T,_T,_T,_Z,_Z,_Z,2011,A,T,
9.817767,P1Y,0,,A,PU,_Z,2,,,False,WB_WDI,WB_WDI_EN_GHG_CO2_PC_CE_AR5,DEU,_T,_T,_T,_Z,_Z,_Z,2011,A,T,
0.459558,P1Y,0,,A,PU,_Z,2,,,False,WB_WDI,WB_WDI_EN_GHG_CO2_PC_CE_AR5,GHA,_T,_T,_T,_Z,_Z,_Z,2011,A,T,
14.504106,P1Y,0,,A,PU,_Z,2,,,False,WB_WDI,WB_WDI_EN_GHG_CO2_PC_CE_AR5,GIB,_T,_T,_T,_Z,_Z,_Z,2011,A,T,
7.75736,P1Y,0,,A,PU,_Z,2,,,False,WB_WDI,WB_WDI_EN_GHG_CO2_PC_CE_AR5,GRC,_T,_T,_T,_Z,_Z,_Z,2011,A,T,
12.003867,P1Y,0,,A,PU,_Z,2,,,False,WB_WDI,WB_WDI_EN_GHG_CO2_PC_CE_AR5,GRL,_T,_T,_T,_Z,_Z,_Z,2011,A,T,
0.819957,P1Y,0,,A,PU,_Z,2,,,False,WB_WDI,WB_WDI_EN_GHG_CO2_PC_CE_AR5,GRD,_T,_T,_T,_Z,_Z,_Z,2011,A,T,
0.001801,P1Y,0,,A,PU,_Z,2,,,False,WB_WDI,WB_WDI_EN_GHG_CO2_PC_CE_AR5,GUM,_T,_T,_T,_Z,_Z,_Z,2011,A,T,
6.413991,P1Y,0,,A,PU,_Z,2,,,False,WB_WDI,WB_WDI_EN_GHG_CO2_PC_CE_AR5,DNK,_T,_T,_T,_Z,_Z,_Z,2014,A,T,
0.881106,P1Y,0,,A,PU,_Z,2,,,False,WB_WDI,WB_WDI_EN_GHG_CO2_PC_CE_AR5,DJI,_T,_T,_T,_Z,_Z,_Z,2014,A,T,
0.950649,P1Y,0,,A,PU,_Z,2,,,False,WB_WDI,WB_WDI_EN_GHG_CO2_PC_CE_AR5,DMA,_T,_T,_T,_Z,_Z,_Z,2014,A,T,
2.103722,P1Y,0,,A,PU,_Z,2,,,False,WB_WDI,WB_WDI_EN_GHG_CO2_PC_CE_AR5,DOM,_T,_T,_T,_Z,_Z,_Z,2014,A,T,
2.710263,P1Y,0,,A,PU,_Z,2,,,False,WB_WDI,WB_WDI_EN_GHG_CO2_PC_CE_AR5,ECU,_T,_T,_T,_Z,_Z,_Z,2014,A,T,
2.390123,P1Y,0,,A,PU,_Z,2,,,False,WB_WDI,WB_WDI_EN_GHG_CO2_PC_CE_AR5,EGY,_T,_T,_T,_Z,_Z,_Z,2014,A,T,
1.10572,P1Y,0,,A,PU,_Z,2,,,False,WB_WDI,WB_WDI_EN_GHG_CO2_PC_CE_AR5,SLV,_T,_T,_T,_Z,_Z,_Z,2014,A,T,
4.084716,P1Y,0,,A,PU,_Z,2,,,False,WB_WDI,WB_WDI_EN_GHG_CO2_PC_CE_AR5,GNQ,_T,_T,_T,_Z,_Z,_Z,2014,A,T,
0.192429,P1Y,0,,A,PU,_Z,2,,,False,WB_WDI,WB_WDI_EN_GHG_CO2_PC_CE_AR5,ERI,_T,_T,_T,_Z,_Z,_Z,2014,A,T,
17.307433,P1Y,0,,A,PU,_Z,2,,,False,WB_WDI,WB_WDI_EN_GHG_CO2_PC_CE_AR5,EST,_T,_T,_T,_Z,_Z,_Z,2014,A,T,
0.050138,P1Y,0,,A,PU,_Z,2,,,False,WB_WDI,WB_WDI_EN_GHG_CO2_PC_CE_AR5,AFG,_T,_T,_T,_Z,_Z,_Z,2000,A,T,
1.046576,P1Y,0,,A,PU,_Z,2,,,False,WB_WDI,WB_WDI_EN_GHG_CO2_PC_CE_AR5,ALB,_T,_T,_T,_Z,_Z,_Z,2000,A,T,
2.845567,P1Y,0,,A,PU,_Z,2,,,False,WB_WDI,WB_WDI_EN_GHG_CO2_PC_CE_AR5,DZA,_T,_T,_T,_Z,_Z,_Z,2000,A,T,
0.001759,P1Y,0,,A,PU,_Z,2,,,False,WB_WDI,WB_WDI_EN_GHG_CO2_PC_CE_AR5,ASM,_T,_T,_T,_Z,_Z,_Z,2000,A,T,
1.019582,P1Y,0,,A,PU,_Z,2,,,False,WB_WDI,WB_WDI_EN_GHG_CO2_PC_CE_AR5,AGO,_T,_T,_T,_Z,_Z,_Z,2000,A,T,
1.811459,P1Y,0,,A,PU,_Z,2,,,False,WB_WDI,WB_WDI_EN_GHG_CO2_PC_CE_AR5,ATG,_T,_T,_T,_Z,_Z,_Z,2000,A,T,
3.674858,P1Y,0,,A,PU,_Z,2,,,False,WB_WDI,WB_WDI_EN_GHG_CO2_PC_CE_AR5,ARG,_T,_T,_T,_Z,_Z,_Z,2000,A,T,
1.108224,P1Y,0,,A,PU,_Z,2,,,False,WB_WDI,WB_WDI_EN_GHG_CO2_PC_CE_AR5,ARM,_T,_T,_T,_Z,_Z,_Z,2000,A,T,
2.968384,P1Y,0,,A,PU,_Z,2,,,False,WB_WDI,WB_WDI_EN_GHG_CO2_PC_CE_AR5,ABW,_T,_T,_T,_Z,_Z,_Z,2000,A,T,
18.597892,P1Y,0,,A,PU,_Z,2,,,False,WB_WDI,WB_WDI_EN_GHG_CO2_PC_CE_AR5,AUS,_T,_T,_T,_Z,_Z,_Z,2000,A,T,
8.324789,P1Y,0,,A,PU,_Z,2,,,False,WB_WDI,WB_WDI_EN_GHG_CO2_PC_CE_AR5,AUT,_T,_T,_T,_Z,_Z,_Z,2000,A,T,
3.577591,P1Y,0,,A,PU,_Z,2,,,False,WB_WDI,WB_WDI_EN_GHG_CO2_PC_CE_AR5,AZE,_T,_T,_T,_Z,_Z,_Z,2000,A,T,
3.079655,P1Y,0,,A,PU,_Z,2,,,False,WB_WDI,WB_WDI_EN_GHG_CO2_PC_CE_AR5,BHS,_T,_T,_T,_Z,_Z,_Z,2000,A,T,
27.873277,P1Y,0,,A,PU,_Z,2,,,False,WB_WDI,WB_WDI_EN_GHG_CO2_PC_CE_AR5,BHR,_T,_T,_T,_Z,_Z,_Z,2000,A,T,
0.039557,P1Y,0,,A,PU,_Z,2,,,False,WB_WDI,WB_WDI_EN_GHG_CO2_PC_CE_AR5,FRO,_T,_T,_T,_Z,_Z,_Z,2003,A,T,
1.760735,P1Y,0,,A,PU,_Z,2,,,False,WB_WDI,WB_WDI_EN_GHG_CO2_PC_CE_AR5,FJI,_T,_T,_T,_Z,_Z,_Z,2003,A,T,
14.213543,P1Y,0,,A,PU,_Z,2,,,False,WB_WDI,WB_WDI_EN_GHG_CO2_PC_CE_AR5,FIN,_T,_T,_T,_Z,_Z,_Z,2003,A,T,
6.497676,P1Y,0,,A,PU,_Z,2,,,False,WB_WDI,WB_WDI_EN_GHG_CO2_PC_CE_AR5,FRA,_T,_T,_T,_Z,_Z,_Z,2003,A,T,
3.712491,P1Y,0,,A,PU,_Z,2,,,False,WB_WDI,WB_WDI_EN_GHG_CO2_PC_CE_AR5,PYF,_T,_T,_T,_Z,_Z,_Z,2003,A,T,
5.311462,P1Y,0,,A,PU,_Z,2,,,False,WB_WDI,WB_WDI_EN_GHG_CO2_PC_CE_AR5,GAB,_T,_T,_T,_Z,_Z,_Z,2003,A,T,
0.200049,P1Y,0,,A,PU,_Z,2,,,False,WB_WDI,WB_WDI_EN_GHG_CO2_PC_CE_AR5,GMB,_T,_T,_T,_Z,_Z,_Z,2003,A,T,
1.001054,P1Y,0,,A,PU,_Z,2,,,False,WB_WDI,WB_WDI_EN_GHG_CO2_PC_CE_AR5,GEO,_T,_T,_T,_Z,_Z,_Z,2003,A,T,
10.636963,P1Y,0,,A,PU,_Z,2,,,False,WB_WDI,WB_WDI_EN_GHG_CO2_PC_CE_AR5,DEU,_T,_T,_T,_Z,_Z,_Z,2003,A,T,
0.33847,P1Y,0,,A,PU,_Z,2,,,False,WB_WDI,WB_WDI_EN_GHG_CO2_PC_CE_AR5,GHA,_T,_T,_T,_Z,_Z,_Z,2003,A,T,
12.820966,P1Y,0,,A,PU,_Z,2,,,False,WB_WDI,WB_WDI_EN_GHG_CO2_PC_CE_AR5,GIB,_T,_T,_T,_Z,_Z,_Z,2003,A,T,
9.319605,P1Y,0,,A,PU,_Z,2,,,False,WB_WDI,WB_WDI_EN_GHG_CO2_PC_CE_AR5,GRC,_T,_T,_T,_Z,_Z,_Z,2003,A,T,
0.024669,P1Y,0,,A,PU,_Z,2,,,False,WB_WDI,WB_WDI_EN_GHG_CO2_PC_CE_AR5,GRL,_T,_T,_T,_Z,_Z,_Z,2003,A,T,
0.639212,P1Y,0,,A,PU,_Z,2,,,False,WB_WDI,WB_WDI_EN_GHG_CO2_PC_CE_AR5,GRD,_T,_T,_T,_Z,_Z,_Z,2003,A,T,
0.001839,P1Y,0,,A,PU,_Z,2,,,False,WB_WDI,WB_WDI_EN_GHG_CO2_PC_CE_AR5,GUM,_T,_T,_T,_Z,_Z,_Z,2003,A,T,
0.84843,P1Y,0,,A,PU,_Z,2,,,False,WB_WDI,WB_WDI_EN_GHG_CO2_PC_CE_AR5,GTM,_T,_T,_T,_Z,_Z,_Z,2003,A,T,
2.83975,P1Y,0,,A,PU,_Z,2,,,False,WB_WDI,WB_WDI_EN_GHG_CO2_PC_CE_AR5,SYR,_T,_T,_T,_Z,_Z,_Z,2009,A,T,
0.407197,P1Y,0,,A,PU,_Z,2,,,False,WB_WDI,WB_WDI_EN_GHG_CO2_PC_CE_AR5,TJK,_T,_T,_T,_Z,_Z,_Z,2009,A,T,
0.139277,P1Y,0,,A,PU,_Z,2,,,False,WB_WDI,WB_WDI_EN_GHG_CO2_PC_CE_AR5,TZA,_T,_T,_T,_Z,_Z,_Z,2009,A,T,
3.405959,P1Y,0,,A,PU,_Z,2,,,False,WB_WDI,WB_WDI_EN_GHG_CO2_PC_CE_AR5,THA,_T,_T,_T,_Z,_Z,_Z,2009,A,T,
0.318479,P1Y,0,,A,PU,_Z,2,,,False,WB_WDI,WB_WDI_EN_GHG_CO2_PC_CE_AR5,TLS,_T,_T,_T,_Z,_Z,_Z,2009,A,T,
0.442134,P1Y,0,,A,PU,_Z,2,,,False,WB_WDI,WB_WDI_EN_GHG_CO2_PC_CE_AR5,TGO,_T,_T,_T,_Z,_Z,_Z,2009,A,T,
1.220115,P1Y,0,,A,PU,_Z,2,,,False,WB_WDI,WB_WDI_EN_GHG_CO2_PC_CE_AR5,TON,_T,_T,_T,_Z,_Z,_Z,2009,A,T,
28.573718,P1Y,0,,A,PU,_Z,2,,,False,WB_WDI,WB_WDI_EN_GHG_CO2_PC_CE_AR5,TTO,_T,_T,_T,_Z,_Z,_Z,2009,A,T,
2.381557,P1Y,0,,A,PU,_Z,2,,,False,WB_WDI,WB_WDI_EN_GHG_CO2_PC_CE_AR5,TUN,_T,_T,_T,_Z,_Z,_Z,2009,A,T,
4.183514,P1Y,0,,A,PU,_Z,2,,,False,WB_WDI,WB_WDI_EN_GHG_CO2_PC_CE_AR5,TUR,_T,_T,_T,_Z,_Z,_Z,2009,A,T,
10.020908,P1Y,0,,A,PU,_Z,2,,,False,WB_WDI,WB_WDI_EN_GHG_CO2_PC_CE_AR5,TKM,_T,_T,_T,_Z,_Z,_Z,2009,A,T,
2.284175,P1Y,0,,A,PU,_Z,2,,,False,WB_WDI,WB_WDI_EN_GHG_CO2_PC_CE_AR5,TCA,_T,_T,_T,_Z,_Z,_Z,2009,A,T,
0.623937,P1Y,0,,A,PU,_Z,2,,,False,WB_WDI,WB_WDI_EN_GHG_CO2_PC_CE_AR5,STP,_T,_T,_T,_Z,_Z,_Z,2022,A,T,
19.282874,P1Y,0,,A,PU,_Z,2,,,False,WB_WDI,WB_WDI_EN_GHG_CO2_PC_CE_AR5,SAU,_T,_T,_T,_Z,_Z,_Z,2022,A,T,
0.82396,P1Y,0,,A,PU,_Z,2,,,False,WB_WDI,WB_WDI_EN_GHG_CO2_PC_CE_AR5,SEN,_T,_T,_T,_Z,_Z,_Z,2022,A,T,
7.027144,P1Y,0,,A,PU,_Z,2,,,False,WB_WDI,WB_WDI_EN_GHG_CO2_PC_CE_AR5,SYC,_T,_T,_T,_Z,_Z,_Z,2022,A,T,
0.177218,P1Y,0,,A,PU,_Z,2,,,False,WB_WDI,WB_WDI_EN_GHG_CO2_PC_CE_AR5,SLE,_T,_T,_T,_Z,_Z,_Z,2022,A,T,
9.995828,P1Y,0,,A,PU,_Z,2,,,False,WB_WDI,WB_WDI_EN_GHG_CO2_PC_CE_AR5,SGP,_T,_T,_T,_Z,_Z,_Z,2022,A,T,
6.110128,P1Y,0,,A,PU,_Z,2,,,False,WB_WDI,WB_WDI_EN_GHG_CO2_PC_CE_AR5,SVK,_T,_T,_T,_Z,_Z,_Z,2022,A,T,
6.339403,P1Y,0,,A,PU,_Z,2,,,False,WB_WDI,WB_WDI_EN_GHG_CO2_PC_CE_AR5,SVN,_T,_T,_T,_Z,_Z,_Z,2022,A,T,
0.38281,P1Y,0,,A,PU,_Z,2,,,False,WB_WDI,WB_WDI_EN_GHG_CO2_PC_CE_AR5,SLB,_T,_T,_T,_Z,_Z,_Z,2022,A,T,
0.046787,P1Y,0,,A,PU,_Z,2,,,False,WB_WDI,WB_WDI_EN_GHG_CO2_PC_CE_AR5,SOM,_T,_T,_T,_Z,_Z,_Z,2022,A,T,
6.882639,P1Y,0,,A,PU,_Z,2,,,False,WB_WDI,WB_WDI_EN_GHG_CO2_PC_CE_AR5,ZAF,_T,_T,_T,_Z,_Z,_Z,2022,A,T,
9.665124,P1Y,0,,A,PU,_Z,2,,,False,WB_WDI,WB_WDI_EN_GHG_CO2_PC_CE_AR5,FIN,_T,_T,_T,_Z,_Z,_Z,2012,A,T,
5.559498,P1Y,0,,A,PU,_Z,2,,,False,WB_WDI,WB_WDI_EN_GHG_CO2_PC_CE_AR5,FRA,_T,_T,_T,_Z,_Z,_Z,2012,A,T,
3.385771,P1Y,0,,A,PU,_Z,2,,,False,WB_WDI,WB_WDI_EN_GHG_CO2_PC_CE_AR5,PYF,_T,_T,_T,_Z,_Z,_Z,2012,A,T,
3.189147,P1Y,0,,A,PU,_Z,2,,,False,WB_WDI,WB_WDI_EN_GHG_CO2_PC_CE_AR5,GAB,_T,_T,_T,_Z,_Z,_Z,2012,A,T,
0.217513,P1Y,0,,A,PU,_Z,2,,,False,WB_WDI,WB_WDI_EN_GHG_CO2_PC_CE_AR5,GMB,_T,_T,_T,_Z,_Z,_Z,2012,A,T,
2.218847,P1Y,0,,A,PU,_Z,2,,,False,WB_WDI,WB_WDI_EN_GHG_CO2_PC_CE_AR5,GEO,_T,_T,_T,_Z,_Z,_Z,2012,A,T,
9.947453,P1Y,0,,A,PU,_Z,2,,,False,WB_WDI,WB_WDI_EN_GHG_CO2_PC_CE_AR5,DEU,_T,_T,_T,_Z,_Z,_Z,2012,A,T,
0.541462,P1Y,0,,A,PU,_Z,2,,,False,WB_WDI,WB_WDI_EN_GHG_CO2_PC_CE_AR5,GHA,_T,_T,_T,_Z,_Z,_Z,2012,A,T,
14.630491,P1Y,0,,A,PU,_Z,2,,,False,WB_WDI,WB_WDI_EN_GHG_CO2_PC_CE_AR5,GIB,_T,_T,_T,_Z,_Z,_Z,2012,A,T,
7.383877,P1Y,0,,A,PU,_Z,2,,,False,WB_WDI,WB_WDI_EN_GHG_CO2_PC_CE_AR5,GRC,_T,_T,_T,_Z,_Z,_Z,2012,A,T,
9.486006,P1Y,0,,A,PU,_Z,2,,,False,WB_WDI,WB_WDI_EN_GHG_CO2_PC_CE_AR5,GRL,_T,_T,_T,_Z,_Z,_Z,2012,A,T,
0.843272,P1Y,0,,A,PU,_Z,2,,,False,WB_WDI,WB_WDI_EN_GHG_CO2_PC_CE_AR5,GRD,_T,_T,_T,_Z,_Z,_Z,2012,A,T,
0.001804,P1Y,0,,A,PU,_Z,2,,,False,WB_WDI,WB_WDI_EN_GHG_CO2_PC_CE_AR5,GUM,_T,_T,_T,_Z,_Z,_Z,2012,A,T,
4.083994,P1Y,0,,A,PU,_Z,2,,,False,WB_WDI,WB_WDI_EN_GHG_CO2_PC_CE_AR5,MKD,_T,_T,_T,_Z,_Z,_Z,2020,A,T,
0.002104,P1Y,0,,A,PU,_Z,2,,,False,WB_WDI,WB_WDI_EN_GHG_CO2_PC_CE_AR5,MNP,_T,_T,_T,_Z,_Z,_Z,2020,A,T,
8.124938,P1Y,0,,A,PU,_Z,2,,,False,WB_WDI,WB_WDI_EN_GHG_CO2_PC_CE_AR5,NOR,_T,_T,_T,_Z,_Z,_Z,2020,A,T,
18.168282,P1Y,0,,A,PU,_Z,2,,,False,WB_WDI,WB_WDI_EN_GHG_CO2_PC_CE_AR5,OMN,_T,_T,_T,_Z,_Z,_Z,2020,A,T,
0.947226,P1Y,0,,A,PU,_Z,2,,,False,WB_WDI,WB_WDI_EN_GHG_CO2_PC_CE_AR5,PAK,_T,_T,_T,_Z,_Z,_Z,2020,A,T,
71.740108,P1Y,0,,A,PU,_Z,2,,,False,WB_WDI,WB_WDI_EN_GHG_CO2_PC_CE_AR5,PLW,_T,_T,_T,_Z,_Z,_Z,2020,A,T,
2.262313,P1Y,0,,A,PU,_Z,2,,,False,WB_WDI,WB_WDI_EN_GHG_CO2_PC_CE_AR5,PAN,_T,_T,_T,_Z,_Z,_Z,2020,A,T,
0.557716,P1Y,0,,A,PU,_Z,2,,,False,WB_WDI,WB_WDI_EN_GHG_CO2_PC_CE_AR5,PNG,_T,_T,_T,_Z,_Z,_Z,2020,A,T,
1.189463,P1Y,0,,A,PU,_Z,2,,,False,WB_WDI,WB_WDI_EN_GHG_CO2_PC_CE_AR5,PRY,_T,_T,_T,_Z,_Z,_Z,2020,A,T,
1.447468,P1Y,0,,A,PU,_Z,2,,,False,WB_WDI,WB_WDI_EN_GHG_CO2_PC_CE_AR5,PER,_T,_T,_T,_Z,_Z,_Z,2020,A,T,
1.216836,P1Y,0,,A,PU,_Z,2,,,False,WB_WDI,WB_WDI_EN_GHG_CO2_PC_CE_AR5,PHL,_T,_T,_T,_Z,_Z,_Z,2020,A,T,
7.913474,P1Y,0,,A,PU,_Z,2,,,False,WB_WDI,WB_WDI_EN_GHG_CO2_PC_CE_AR5,POL,_T,_T,_T,_Z,_Z,_Z,2020,A,T,
6.720425,P1Y,0,,A,PU,_Z,2,,,False,WB_WDI,WB_WDI_EN_GHG_CO2_PC_CE_AR5,SVK,_T,_T,_T,_Z,_Z,_Z,2013,A,T,
7.529783,P1Y,0,,A,PU,_Z,2,,,False,WB_WDI,WB_WDI_EN_GHG_CO2_PC_CE_AR5,SVN,_T,_T,_T,_Z,_Z,_Z,2013,A,T,
0.660733,P1Y,0,,A,PU,_Z,2,,,False,WB_WDI,WB_WDI_EN_GHG_CO2_PC_CE_AR5,SLB,_T,_T,_T,_Z,_Z,_Z,2013,A,T,
0.060818,P1Y,0,,A,PU,_Z,2,,,False,WB_WDI,WB_WDI_EN_GHG_CO2_PC_CE_AR5,SOM,_T,_T,_T,_Z,_Z,_Z,2013,A,T,
8.688727,P1Y,0,,A,PU,_Z,2,,,False,WB_WDI,WB_WDI_EN_GHG_CO2_PC_CE_AR5,ZAF,_T,_T,_T,_Z,_Z,_Z,2013,A,T,
5.500723,P1Y,0,,A,PU,_Z,2,,,False,WB_WDI,WB_WDI_EN_GHG_CO2_PC_CE_AR5,ESP,_T,_T,_T,_Z,_Z,_Z,2013,A,T,
0.720768,P1Y,0,,A,PU,_Z,2,,,False,WB_WDI,WB_WDI_EN_GHG_CO2_PC_CE_AR5,LKA,_T,_T,_T,_Z,_Z,_Z,2013,A,T,
1.933332,P1Y,0,,A,PU,_Z,2,,,False,WB_WDI,WB_WDI_EN_GHG_CO2_PC_CE_AR5,KNA,_T,_T,_T,_Z,_Z,_Z,2013,A,T,
0.961533,P1Y,0,,A,PU,_Z,2,,,False,WB_WDI,WB_WDI_EN_GHG_CO2_PC_CE_AR5,LCA,_T,_T,_T,_Z,_Z,_Z,2013,A,T,
0.762935,P1Y,0,,A,PU,_Z,2,,,False,WB_WDI,WB_WDI_EN_GHG_CO2_PC_CE_AR5,VCT,_T,_T,_T,_Z,_Z,_Z,2013,A,T,
0.466405,P1Y,0,,A,PU,_Z,2,,,False,WB_WDI,WB_WDI_EN_GHG_CO2_PC_CE_AR5,SDN,_T,_T,_T,_Z,_Z,_Z,2013,A,T,
7.27283,P1Y,0,,A,PU,_Z,2,,,False,WB_WDI,WB_WDI_EN_GHG_CO2_PC_CE_AR5,SVN,_T,_T,_T,_Z,_Z,_Z,2016,A,T,
0.488542,P1Y,0,,A,PU,_Z,2,,,False,WB_WDI,WB_WDI_EN_GHG_CO2_PC_CE_AR5,SLB,_T,_T,_T,_Z,_Z,_Z,2016,A,T,
0.058388,P1Y,0,,A,PU,_Z,2,,,False,WB_WDI,WB_WDI_EN_GHG_CO2_PC_CE_AR5,SOM,_T,_T,_T,_Z,_Z,_Z,2016,A,T,
8.037016,P1Y,0,,A,PU,_Z,2,,,False,WB_WDI,WB_WDI_EN_GHG_CO2_PC_CE_AR5,ZAF,_T,_T,_T,_Z,_Z,_Z,2016,A,T,
5.662041,P1Y,0,,A,PU,_Z,2,,,False,WB_WDI,WB_WDI_EN_GHG_CO2_PC_CE_AR5,ESP,_T,_T,_T,_Z,_Z,_Z,2016,A,T,
1.10736,P1Y,0,,A,PU,_Z,2,,,False,WB_WDI,WB_WDI_EN_GHG_CO2_PC_CE_AR5,LKA,_T,_T,_T,_Z,_Z,_Z,2016,A,T,
2.368561,P1Y,0,,A,PU,_Z,2,,,False,WB_WDI,WB_WDI_EN_GHG_CO2_PC_CE_AR5,KNA,_T,_T,_T,_Z,_Z,_Z,2016,A,T,
1.118158,P1Y,0,,A,PU,_Z,2,,,False,WB_WDI,WB_WDI_EN_GHG_CO2_PC_CE_AR5,LCA,_T,_T,_T,_Z,_Z,_Z,2016,A,T,
0.951584,P1Y,0,,A,PU,_Z,2,,,False,WB_WDI,WB_WDI_EN_GHG_CO2_PC_CE_AR5,VCT,_T,_T,_T,_Z,_Z,_Z,2016,A,T,
0.580135,P1Y,0,,A,PU,_Z,2,,,False,WB_WDI,WB_WDI_EN_GHG_CO2_PC_CE_AR5,SDN,_T,_T,_T,_Z,_Z,_Z,2016,A,T,
2.287896,P1Y,0,,A,PU,_Z,2,,,False,WB_WDI,WB_WDI_EN_GHG_CO2_PC_CE_AR5,DOM,_T,_T,_T,_Z,_Z,_Z,2015,A,T,
2.660476,P1Y,0,,A,PU,_Z,2,,,False,WB_WDI,WB_WDI_EN_GHG_CO2_PC_CE_AR5,ECU,_T,_T,_T,_Z,_Z,_Z,2015,A,T,
2.403818,P1Y,0,,A,PU,_Z,2,,,False,WB_WDI,WB_WDI_EN_GHG_CO2_PC_CE_AR5,EGY,_T,_T,_T,_Z,_Z,_Z,2015,A,T,
1.174851,P1Y,0,,A,PU,_Z,2,,,False,WB_WDI,WB_WDI_EN_GHG_CO2_PC_CE_AR5,SLV,_T,_T,_T,_Z,_Z,_Z,2015,A,T,
3.718835,P1Y,0,,A,PU,_Z,2,,,False,WB_WDI,WB_WDI_EN_GHG_CO2_PC_CE_AR5,GNQ,_T,_T,_T,_Z,_Z,_Z,2015,A,T,
0.18599,P1Y,0,,A,PU,_Z,2,,,False,WB_WDI,WB_WDI_EN_GHG_CO2_PC_CE_AR5,ERI,_T,_T,_T,_Z,_Z,_Z,2015,A,T,
15.981518,P1Y,0,,A,PU,_Z,2,,,False,WB_WDI,WB_WDI_EN_GHG_CO2_PC_CE_AR5,EST,_T,_T,_T,_Z,_Z,_Z,2015,A,T,
0.858321,P1Y,0,,A,PU,_Z,2,,,False,WB_WDI,WB_WDI_EN_GHG_CO2_PC_CE_AR5,SWZ,_T,_T,_T,_Z,_Z,_Z,2015,A,T,
0.130068,P1Y,0,,A,PU,_Z,2,,,False,WB_WDI,WB_WDI_EN_GHG_CO2_PC_CE_AR5,ETH,_T,_T,_T,_Z,_Z,_Z,2015,A,T,
0.040901,P1Y,0,,A,PU,_Z,2,,,False,WB_WDI,WB_WDI_EN_GHG_CO2_PC_CE_AR5,FRO,_T,_T,_T,_Z,_Z,_Z,2015,A,T,
1.760547,P1Y,0,,A,PU,_Z,2,,,False,WB_WDI,WB_WDI_EN_GHG_CO2_PC_CE_AR5,FJI,_T,_T,_T,_Z,_Z,_Z,2015,A,T,
0.798989,P1Y,0,,A,PU,_Z,2,,,False,WB_WDI,WB_WDI_EN_GHG_CO2_PC_CE_AR5,DJI,_T,_T,_T,_Z,_Z,_Z,2009,A,T,
1.089103,P1Y,0,,A,PU,_Z,2,,,False,WB_WDI,WB_WDI_EN_GHG_CO2_PC_CE_AR5,DMA,_T,_T,_T,_Z,_Z,_Z,2009,A,T,
2.046473,P1Y,0,,A,PU,_Z,2,,,False,WB_WDI,WB_WDI_EN_GHG_CO2_PC_CE_AR5,DOM,_T,_T,_T,_Z,_Z,_Z,2009,A,T,
2.38705,P1Y,0,,A,PU,_Z,2,,,False,WB_WDI,WB_WDI_EN_GHG_CO2_PC_CE_AR5,ECU,_T,_T,_T,_Z,_Z,_Z,2009,A,T,
2.403869,P1Y,0,,A,PU,_Z,2,,,False,WB_WDI,WB_WDI_EN_GHG_CO2_PC_CE_AR5,EGY,_T,_T,_T,_Z,_Z,_Z,2009,A,T,
1.140572,P1Y,0,,A,PU,_Z,2,,,False,WB_WDI,WB_WDI_EN_GHG_CO2_PC_CE_AR5,SLV,_T,_T,_T,_Z,_Z,_Z,2009,A,T,
4.823395,P1Y,0,,A,PU,_Z,2,,,False,WB_WDI,WB_WDI_EN_GHG_CO2_PC_CE_AR5,GNQ,_T,_T,_T,_Z,_Z,_Z,2009,A,T,
0.166523,P1Y,0,,A,PU,_Z,2,,,False,WB_WDI,WB_WDI_EN_GHG_CO2_PC_CE_AR5,ERI,_T,_T,_T,_Z,_Z,_Z,2009,A,T,
13.067594,P1Y,0,,A,PU,_Z,2,,,False,WB_WDI,WB_WDI_EN_GHG_CO2_PC_CE_AR5,EST,_T,_T,_T,_Z,_Z,_Z,2009,A,T,
0.949461,P1Y,0,,A,PU,_Z,2,,,False,WB_WDI,WB_WDI_EN_GHG_CO2_PC_CE_AR5,SWZ,_T,_T,_T,_Z,_Z,_Z,2009,A,T,
0.078514,P1Y,0,,A,PU,_Z,2,,,False,WB_WDI,WB_WDI_EN_GHG_CO2_PC_CE_AR5,ETH,_T,_T,_T,_Z,_Z,_Z,2009,A,T,
0.247203,P1Y,0,,A,PU,_Z,2,,,False,WB_WDI,WB_WDI_EN_GHG_CO2_PC_CE_AR5,BGD,_T,_T,_T,_Z,_Z,_Z,2002,A,T,
2.294547,P1Y,0,,A,PU,_Z,2,,,False,WB_WDI,WB_WDI_EN_GHG_CO2_PC_CE_AR5,BRB,_T,_T,_T,_Z,_Z,_Z,2002,A,T,
5.594256,P1Y,0,,A,PU,_Z,2,,,False,WB_WDI,WB_WDI_EN_GHG_CO2_PC_CE_AR5,BLR,_T,_T,_T,_Z,_Z,_Z,2002,A,T,
11.467673,P1Y,0,,A,PU,_Z,2,,,False,WB_WDI,WB_WDI_EN_GHG_CO2_PC_CE_AR5,BEL,_T,_T,_T,_Z,_Z,_Z,2002,A,T,
0.555449,P1Y,0,,A,PU,_Z,2,,,False,WB_WDI,WB_WDI_EN_GHG_CO2_PC_CE_AR5,BLZ,_T,_T,_T,_Z,_Z,_Z,2002,A,T,
0.27919,P1Y,0,,A,PU,_Z,2,,,False,WB_WDI,WB_WDI_EN_GHG_CO2_PC_CE_AR5,BEN,_T,_T,_T,_Z,_Z,_Z,2002,A,T,
2.664864,P1Y,0,,A,PU,_Z,2,,,False,WB_WDI,WB_WDI_EN_GHG_CO2_PC_CE_AR5,BMU,_T,_T,_T,_Z,_Z,_Z,2002,A,T,
0.764563,P1Y,0,,A,PU,_Z,2,,,False,WB_WDI,WB_WDI_EN_GHG_CO2_PC_CE_AR5,BTN,_T,_T,_T,_Z,_Z,_Z,2002,A,T,
0.951411,P1Y,0,,A,PU,_Z,2,,,False,WB_WDI,WB_WDI_EN_GHG_CO2_PC_CE_AR5,BOL,_T,_T,_T,_Z,_Z,_Z,2002,A,T,
3.540638,P1Y,0,,A,PU,_Z,2,,,False,WB_WDI,WB_WDI_EN_GHG_CO2_PC_CE_AR5,BIH,_T,_T,_T,_Z,_Z,_Z,2002,A,T,
2.393104,P1Y,0,,A,PU,_Z,2,,,False,WB_WDI,WB_WDI_EN_GHG_CO2_PC_CE_AR5,BWA,_T,_T,_T,_Z,_Z,_Z,2002,A,T,
1.968796,P1Y,0,,A,PU,_Z,2,,,False,WB_WDI,WB_WDI_EN_GHG_CO2_PC_CE_AR5,BRA,_T,_T,_T,_Z,_Z,_Z,2002,A,T,
1.441904,P1Y,0,,A,PU,_Z,2,,,False,WB_WDI,WB_WDI_EN_GHG_CO2_PC_CE_AR5,VGB,_T,_T,_T,_Z,_Z,_Z,2002,A,T,
16.342594,P1Y,0,,A,PU,_Z,2,,,False,WB_WDI,WB_WDI_EN_GHG_CO2_PC_CE_AR5,BRN,_T,_T,_T,_Z,_Z,_Z,2002,A,T,
3.125833,P1Y,0,,A,PU,_Z,2,,,False,WB_WDI,WB_WDI_EN_GHG_CO2_PC_CE_AR5,SYR,_T,_T,_T,_Z,_Z,_Z,2005,A,T,
0.460827,P1Y,0,,A,PU,_Z,2,,,False,WB_WDI,WB_WDI_EN_GHG_CO2_PC_CE_AR5,TJK,_T,_T,_T,_Z,_Z,_Z,2005,A,T,
0.157544,P1Y,0,,A,PU,_Z,2,,,False,WB_WDI,WB_WDI_EN_GHG_CO2_PC_CE_AR5,TZA,_T,_T,_T,_Z,_Z,_Z,2005,A,T,
3.472187,P1Y,0,,A,PU,_Z,2,,,False,WB_WDI,WB_WDI_EN_GHG_CO2_PC_CE_AR5,THA,_T,_T,_T,_Z,_Z,_Z,2005,A,T,
0.368655,P1Y,0,,A,PU,_Z,2,,,False,WB_WDI,WB_WDI_EN_GHG_CO2_PC_CE_AR5,TLS,_T,_T,_T,_Z,_Z,_Z,2005,A,T,
0.242225,P1Y,0,,A,PU,_Z,2,,,False,WB_WDI,WB_WDI_EN_GHG_CO2_PC_CE_AR5,TGO,_T,_T,_T,_Z,_Z,_Z,2005,A,T,
1.146956,P1Y,0,,A,PU,_Z,2,,,False,WB_WDI,WB_WDI_EN_GHG_CO2_PC_CE_AR5,TON,_T,_T,_T,_Z,_Z,_Z,2005,A,T,
27.052964,P1Y,0,,A,PU,_Z,2,,,False,WB_WDI,WB_WDI_EN_GHG_CO2_PC_CE_AR5,TTO,_T,_T,_T,_Z,_Z,_Z,2005,A,T,
2.286321,P1Y,0,,A,PU,_Z,2,,,False,WB_WDI,WB_WDI_EN_GHG_CO2_PC_CE_AR5,TUN,_T,_T,_T,_Z,_Z,_Z,2005,A,T,
3.549561,P1Y,0,,A,PU,_Z,2,,,False,WB_WDI,WB_WDI_EN_GHG_CO2_PC_CE_AR5,TUR,_T,_T,_T,_Z,_Z,_Z,2005,A,T,
10.470231,P1Y,0,,A,PU,_Z,2,,,False,WB_WDI,WB_WDI_EN_GHG_CO2_PC_CE_AR5,TKM,_T,_T,_T,_Z,_Z,_Z,2005,A,T,
1.4007,P1Y,0,,A,PU,_Z,2,,,False,WB_WDI,WB_WDI_EN_GHG_CO2_PC_CE_AR5,TCA,_T,_T,_T,_Z,_Z,_Z,2005,A,T,
0,P1Y,0,,A,PU,_Z,2,,,False,WB_WDI,WB_WDI_EN_GHG_CO2_PC_CE_AR5,TUV,_T,_T,_T,_Z,_Z,_Z,2005,A,T,
5.134431,P1Y,0,,A,PU,_Z,2,,,False,WB_WDI,WB_WDI_EN_GHG_CO2_PC_CE_AR5,HUN,_T,_T,_T,_Z,_Z,_Z,2020,A,T,
8.382019,P1Y,0,,A,PU,_Z,2,,,False,WB_WDI,WB_WDI_EN_GHG_CO2_PC_CE_AR5,ISL,_T,_T,_T,_Z,_Z,_Z,2020,A,T,
1.6804,P1Y,0,,A,PU,_Z,2,,,False,WB_WDI,WB_WDI_EN_GHG_CO2_PC_CE_AR5,IND,_T,_T,_T,_Z,_Z,_Z,2020,A,T,
2.169766,P1Y,0,,A,PU,_Z,2,,,False,WB_WDI,WB_WDI_EN_GHG_CO2_PC_CE_AR5,IDN,_T,_T,_T,_Z,_Z,_Z,2020,A,T,
8.388532,P1Y,0,,A,PU,_Z,2,,,False,WB_WDI,WB_WDI_EN_GHG_CO2_PC_CE_AR5,IRN,_T,_T,_T,_Z,_Z,_Z,2020,A,T,
4.365839,P1Y,0,,A,PU,_Z,2,,,False,WB_WDI,WB_WDI_EN_GHG_CO2_PC_CE_AR5,IRQ,_T,_T,_T,_Z,_Z,_Z,2020,A,T,
6.804568,P1Y,0,,A,PU,_Z,2,,,False,WB_WDI,WB_WDI_EN_GHG_CO2_PC_CE_AR5,IRL,_T,_T,_T,_Z,_Z,_Z,2020,A,T,
6.662163,P1Y,0,,A,PU,_Z,2,,,False,WB_WDI,WB_WDI_EN_GHG_CO2_PC_CE_AR5,ISR,_T,_T,_T,_Z,_Z,_Z,2020,A,T,
4.966674,P1Y,0,,A,PU,_Z,2,,,False,WB_WDI,WB_WDI_EN_GHG_CO2_PC_CE_AR5,ITA,_T,_T,_T,_Z,_Z,_Z,2020,A,T,
2.092351,P1Y,0,,A,PU,_Z,2,,,False,WB_WDI,WB_WDI_EN_GHG_CO2_PC_CE_AR5,JAM,_T,_T,_T,_Z,_Z,_Z,2020,A,T,
1.258352,P1Y,0,,A,PU,_Z,2,,,False,WB_WDI,WB_WDI_EN_GHG_CO2_PC_CE_AR5,VCT,_T,_T,_T,_Z,_Z,_Z,2023,A,T,
0.433701,P1Y,0,,A,PU,_Z,2,,,False,WB_WDI,WB_WDI_EN_GHG_CO2_PC_CE_AR5,SDN,_T,_T,_T,_Z,_Z,_Z,2023,A,T,
3.968923,P1Y,0,,A,PU,_Z,2,,,False,WB_WDI,WB_WDI_EN_GHG_CO2_PC_CE_AR5,SUR,_T,_T,_T,_Z,_Z,_Z,2023,A,T,
3.480078,P1Y,0,,A,PU,_Z,2,,,False,WB_WDI,WB_WDI_EN_GHG_CO2_PC_CE_AR5,SWE,_T,_T,_T,_Z,_Z,_Z,2023,A,T,
3.787465,P1Y,0,,A,PU,_Z,2,,,False,WB_WDI,WB_WDI_EN_GHG_CO2_PC_CE_AR5,CHE,_T,_T,_T,_Z,_Z,_Z,2023,A,T,
1.328993,P1Y,0,,A,PU,_Z,2,,,False,WB_WDI,WB_WDI_EN_GHG_CO2_PC_CE_AR5,SYR,_T,_T,_T,_Z,_Z,_Z,2023,A,T,
0.897072,P1Y,0,,A,PU,_Z,2,,,False,WB_WDI,WB_WDI_EN_GHG_CO2_PC_CE_AR5,TJK,_T,_T,_T,_Z,_Z,_Z,2023,A,T,
0.323839,P1Y,0,,A,PU,_Z,2,,,False,WB_WDI,WB_WDI_EN_GHG_CO2_PC_CE_AR5,TZA,_T,_T,_T,_Z,_Z,_Z,2023,A,T,
3.835775,P1Y,0,,A,PU,_Z,2,,,False,WB_WDI,WB_WDI_EN_GHG_CO2_PC_CE_AR5,THA,_T,_T,_T,_Z,_Z,_Z,2023,A,T,
0.479959,P1Y,0,,A,PU,_Z,2,,,False,WB_WDI,WB_WDI_EN_GHG_CO2_PC_CE_AR5,TLS,_T,_T,_T,_Z,_Z,_Z,2023,A,T,
0.3078,P1Y,0,,A,PU,_Z,2,,,False,WB_WDI,WB_WDI_EN_GHG_CO2_PC_CE_AR5,TGO,_T,_T,_T,_Z,_Z,_Z,2023,A,T,
1.546889,P1Y,0,,A,PU,_Z,2,,,False,WB_WDI,WB_WDI_EN_GHG_CO2_PC_CE_AR5,TON,_T,_T,_T,_Z,_Z,_Z,2023,A,T,
19.706986,P1Y,0,,A,PU,_Z,2,,,False,WB_WDI,WB_WDI_EN_GHG_CO2_PC_CE_AR5,TTO,_T,_T,_T,_Z,_Z,_Z,2023,A,T,
0.86116,P1Y,0,,A,PU,_Z,2,,,False,WB_WDI,WB_WDI_EN_GHG_CO2_PC_CE_AR5,NIC,_T,_T,_T,_Z,_Z,_Z,2006,A,T,
0.056179,P1Y,0,,A,PU,_Z,2,,,False,WB_WDI,WB_WDI_EN_GHG_CO2_PC_CE_AR5,NER,_T,_T,_T,_Z,_Z,_Z,2006,A,T,
0.62199,P1Y,0,,A,PU,_Z,2,,,False,WB_WDI,WB_WDI_EN_GHG_CO2_PC_CE_AR5,NGA,_T,_T,_T,_Z,_Z,_Z,2006,A,T,
4.837518,P1Y,0,,A,PU,_Z,2,,,False,WB_WDI,WB_WDI_EN_GHG_CO2_PC_CE_AR5,MKD,_T,_T,_T,_Z,_Z,_Z,2006,A,T,
0.001648,P1Y,0,,A,PU,_Z,2,,,False,WB_WDI,WB_WDI_EN_GHG_CO2_PC_CE_AR5,MNP,_T,_T,_T,_Z,_Z,_Z,2006,A,T,
9.443263,P1Y,0,,A,PU,_Z,2,,,False,WB_WDI,WB_WDI_EN_GHG_CO2_PC_CE_AR5,NOR,_T,_T,_T,_Z,_Z,_Z,2006,A,T,
16.758941,P1Y,0,,A,PU,_Z,2,,,False,WB_WDI,WB_WDI_EN_GHG_CO2_PC_CE_AR5,OMN,_T,_T,_T,_Z,_Z,_Z,2006,A,T,
0.808709,P1Y,0,,A,PU,_Z,2,,,False,WB_WDI,WB_WDI_EN_GHG_CO2_PC_CE_AR5,PAK,_T,_T,_T,_Z,_Z,_Z,2006,A,T,
86.653397,P1Y,0,,A,PU,_Z,2,,,False,WB_WDI,WB_WDI_EN_GHG_CO2_PC_CE_AR5,PLW,_T,_T,_T,_Z,_Z,_Z,2006,A,T,
2.219599,P1Y,0,,A,PU,_Z,2,,,False,WB_WDI,WB_WDI_EN_GHG_CO2_PC_CE_AR5,PAN,_T,_T,_T,_Z,_Z,_Z,2006,A,T,
0.788044,P1Y,0,,A,PU,_Z,2,,,False,WB_WDI,WB_WDI_EN_GHG_CO2_PC_CE_AR5,PNG,_T,_T,_T,_Z,_Z,_Z,2006,A,T,
0.747664,P1Y,0,,A,PU,_Z,2,,,False,WB_WDI,WB_WDI_EN_GHG_CO2_PC_CE_AR5,PRY,_T,_T,_T,_Z,_Z,_Z,2006,A,T,
0.079451,P1Y,0,,A,PU,_Z,2,,,False,WB_WDI,WB_WDI_EN_GHG_CO2_PC_CE_AR5,UGA,_T,_T,_T,_Z,_Z,_Z,2005,A,T,
7.504235,P1Y,0,,A,PU,_Z,2,,,False,WB_WDI,WB_WDI_EN_GHG_CO2_PC_CE_AR5,UKR,_T,_T,_T,_Z,_Z,_Z,2005,A,T,
26.252264,P1Y,0,,A,PU,_Z,2,,,False,WB_WDI,WB_WDI_EN_GHG_CO2_PC_CE_AR5,ARE,_T,_T,_T,_Z,_Z,_Z,2005,A,T,
9.263451,P1Y,0,,A,PU,_Z,2,,,False,WB_WDI,WB_WDI_EN_GHG_CO2_PC_CE_AR5,GBR,_T,_T,_T,_Z,_Z,_Z,2005,A,T,
19.924991,P1Y,0,,A,PU,_Z,2,,,False,WB_WDI,WB_WDI_EN_GHG_CO2_PC_CE_AR5,USA,_T,_T,_T,_Z,_Z,_Z,2005,A,T,
1.694519,P1Y,0,,A,PU,_Z,2,,,False,WB_WDI,WB_WDI_EN_GHG_CO2_PC_CE_AR5,URY,_T,_T,_T,_Z,_Z,_Z,2005,A,T,
4.762656,P1Y,0,,A,PU,_Z,2,,,False,WB_WDI,WB_WDI_EN_GHG_CO2_PC_CE_AR5,UZB,_T,_T,_T,_Z,_Z,_Z,2005,A,T,
0.42323,P1Y,0,,A,PU,_Z,2,,,False,WB_WDI,WB_WDI_EN_GHG_CO2_PC_CE_AR5,VUT,_T,_T,_T,_Z,_Z,_Z,2005,A,T,
5.821658,P1Y,0,,A,PU,_Z,2,,,False,WB_WDI,WB_WDI_EN_GHG_CO2_PC_CE_AR5,VEN,_T,_T,_T,_Z,_Z,_Z,2005,A,T,
1.24,P1Y,0,,A,PU,_Z,2,,,False,WB_WDI,WB_WDI_EN_GHG_CO2_PC_CE_AR5,VNM,_T,_T,_T,_Z,_Z,_Z,2005,A,T,
0.001844,P1Y,0,,A,PU,_Z,2,,,False,WB_WDI,WB_WDI_EN_GHG_CO2_PC_CE_AR5,VIR,_T,_T,_T,_Z,_Z,_Z,2005,A,T,
1.313237,P1Y,0,,A,PU,_Z,2,,,False,WB_WDI,WB_WDI_EN_GHG_CO2_PC_CE_AR5,ALB,_T,_T,_T,_Z,_Z,_Z,2002,A,T,
2.824735,P1Y,0,,A,PU,_Z,2,,,False,WB_WDI,WB_WDI_EN_GHG_CO2_PC_CE_AR5,DZA,_T,_T,_T,_Z,_Z,_Z,2002,A,T,
0.001752,P1Y,0,,A,PU,_Z,2,,,False,WB_WDI,WB_WDI_EN_GHG_CO2_PC_CE_AR5,ASM,_T,_T,_T,_Z,_Z,_Z,2002,A,T,
0.9185,P1Y,0,,A,PU,_Z,2,,,False,WB_WDI,WB_WDI_EN_GHG_CO2_PC_CE_AR5,AGO,_T,_T,_T,_Z,_Z,_Z,2002,A,T,
1.948541,P1Y,0,,A,PU,_Z,2,,,False,WB_WDI,WB_WDI_EN_GHG_CO2_PC_CE_AR5,ATG,_T,_T,_T,_Z,_Z,_Z,2002,A,T,
3.261037,P1Y,0,,A,PU,_Z,2,,,False,WB_WDI,WB_WDI_EN_GHG_CO2_PC_CE_AR5,ARG,_T,_T,_T,_Z,_Z,_Z,2002,A,T,
0.969248,P1Y,0,,A,PU,_Z,2,,,False,WB_WDI,WB_WDI_EN_GHG_CO2_PC_CE_AR5,ARM,_T,_T,_T,_Z,_Z,_Z,2002,A,T,
3.225666,P1Y,0,,A,PU,_Z,2,,,False,WB_WDI,WB_WDI_EN_GHG_CO2_PC_CE_AR5,ABW,_T,_T,_T,_Z,_Z,_Z,2002,A,T,
18.909327,P1Y,0,,A,PU,_Z,2,,,False,WB_WDI,WB_WDI_EN_GHG_CO2_PC_CE_AR5,AUS,_T,_T,_T,_Z,_Z,_Z,2002,A,T,
9.059613,P1Y,0,,A,PU,_Z,2,,,False,WB_WDI,WB_WDI_EN_GHG_CO2_PC_CE_AR5,AUT,_T,_T,_T,_Z,_Z,_Z,2002,A,T,
3.363506,P1Y,0,,A,PU,_Z,2,,,False,WB_WDI,WB_WDI_EN_GHG_CO2_PC_CE_AR5,AZE,_T,_T,_T,_Z,_Z,_Z,2002,A,T,
3.277606,P1Y,0,,A,PU,_Z,2,,,False,WB_WDI,WB_WDI_EN_GHG_CO2_PC_CE_AR5,BHS,_T,_T,_T,_Z,_Z,_Z,2002,A,T,
27.059065,P1Y,0,,A,PU,_Z,2,,,False,WB_WDI,WB_WDI_EN_GHG_CO2_PC_CE_AR5,BHR,_T,_T,_T,_Z,_Z,_Z,2002,A,T,
3.035356,P1Y,0,,A,PU,_Z,2,,,False,WB_WDI,WB_WDI_EN_GHG_CO2_PC_CE_AR5,THA,_T,_T,_T,_Z,_Z,_Z,2002,A,T,
0.283453,P1Y,0,,A,PU,_Z,2,,,False,WB_WDI,WB_WDI_EN_GHG_CO2_PC_CE_AR5,TLS,_T,_T,_T,_Z,_Z,_Z,2002,A,T,
0.238506,P1Y,0,,A,PU,_Z,2,,,False,WB_WDI,WB_WDI_EN_GHG_CO2_PC_CE_AR5,TGO,_T,_T,_T,_Z,_Z,_Z,2002,A,T,
1.006989,P1Y,0,,A,PU,_Z,2,,,False,WB_WDI,WB_WDI_EN_GHG_CO2_PC_CE_AR5,TON,_T,_T,_T,_Z,_Z,_Z,2002,A,T,
17.639944,P1Y,0,,A,PU,_Z,2,,,False,WB_WDI,WB_WDI_EN_GHG_CO2_PC_CE_AR5,TTO,_T,_T,_T,_Z,_Z,_Z,2002,A,T,
2.183951,P1Y,0,,A,PU,_Z,2,,,False,WB_WDI,WB_WDI_EN_GHG_CO2_PC_CE_AR5,TUN,_T,_T,_T,_Z,_Z,_Z,2002,A,T,
3.242085,P1Y,0,,A,PU,_Z,2,,,False,WB_WDI,WB_WDI_EN_GHG_CO2_PC_CE_AR5,TUR,_T,_T,_T,_Z,_Z,_Z,2002,A,T,
9.061855,P1Y,0,,A,PU,_Z,2,,,False,WB_WDI,WB_WDI_EN_GHG_CO2_PC_CE_AR5,TKM,_T,_T,_T,_Z,_Z,_Z,2002,A,T,
1.257465,P1Y,0,,A,PU,_Z,2,,,False,WB_WDI,WB_WDI_EN_GHG_CO2_PC_CE_AR5,TCA,_T,_T,_T,_Z,_Z,_Z,2002,A,T,
0,P1Y,0,,A,PU,_Z,2,,,False,WB_WDI,WB_WDI_EN_GHG_CO2_PC_CE_AR5,TUV,_T,_T,_T,_Z,_Z,_Z,2002,A,T,
0.064164,P1Y,0,,A,PU,_Z,2,,,False,WB_WDI,WB_WDI_EN_GHG_CO2_PC_CE_AR5,UGA,_T,_T,_T,_Z,_Z,_Z,2002,A,T,
7.407061,P1Y,0,,A,PU,_Z,2,,,False,WB_WDI,WB_WDI_EN_GHG_CO2_PC_CE_AR5,UKR,_T,_T,_T,_Z,_Z,_Z,2002,A,T,
26.161979,P1Y,0,,A,PU,_Z,2,,,False,WB_WDI,WB_WDI_EN_GHG_CO2_PC_CE_AR5,ARE,_T,_T,_T,_Z,_Z,_Z,2002,A,T,
9.216043,P1Y,0,,A,PU,_Z,2,,,False,WB_WDI,WB_WDI_EN_GHG_CO2_PC_CE_AR5,GBR,_T,_T,_T,_Z,_Z,_Z,2002,A,T,
4.382444,P1Y,0,,A,PU,_Z,2,,,False,WB_WDI,WB_WDI_EN_GHG_CO2_PC_CE_AR5,UKR,_T,_T,_T,_Z,_Z,_Z,2021,A,T,
20.826928,P1Y,0,,A,PU,_Z,2,,,False,WB_WDI,WB_WDI_EN_GHG_CO2_PC_CE_AR5,ARE,_T,_T,_T,_Z,_Z,_Z,2021,A,T,
5.045161,P1Y,0,,A,PU,_Z,2,,,False,WB_WDI,WB_WDI_EN_GHG_CO2_PC_CE_AR5,GBR,_T,_T,_T,_Z,_Z,_Z,2021,A,T,
14.316098,P1Y,0,,A,PU,_Z,2,,,False,WB_WDI,WB_WDI_EN_GHG_CO2_PC_CE_AR5,USA,_T,_T,_T,_Z,_Z,_Z,2021,A,T,
2.517683,P1Y,0,,A,PU,_Z,2,,,False,WB_WDI,WB_WDI_EN_GHG_CO2_PC_CE_AR5,URY,_T,_T,_T,_Z,_Z,_Z,2021,A,T,
3.923662,P1Y,0,,A,PU,_Z,2,,,False,WB_WDI,WB_WDI_EN_GHG_CO2_PC_CE_AR5,UZB,_T,_T,_T,_Z,_Z,_Z,2021,A,T,
0.951064,P1Y,0,,A,PU,_Z,2,,,False,WB_WDI,WB_WDI_EN_GHG_CO2_PC_CE_AR5,VUT,_T,_T,_T,_Z,_Z,_Z,2021,A,T,
2.686928,P1Y,0,,A,PU,_Z,2,,,False,WB_WDI,WB_WDI_EN_GHG_CO2_PC_CE_AR5,VEN,_T,_T,_T,_Z,_Z,_Z,2021,A,T,
3.397887,P1Y,0,,A,PU,_Z,2,,,False,WB_WDI,WB_WDI_EN_GHG_CO2_PC_CE_AR5,VNM,_T,_T,_T,_Z,_Z,_Z,2021,A,T,
0.001889,P1Y,0,,A,PU,_Z,2,,,False,WB_WDI,WB_WDI_EN_GHG_CO2_PC_CE_AR5,VIR,_T,_T,_T,_Z,_Z,_Z,2021,A,T,
0.302074,P1Y,0,,A,PU,_Z,2,,,False,WB_WDI,WB_WDI_EN_GHG_CO2_PC_CE_AR5,YEM,_T,_T,_T,_Z,_Z,_Z,2021,A,T,
0.493797,P1Y,0,,A,PU,_Z,2,,,False,WB_WDI,WB_WDI_EN_GHG_CO2_PC_CE_AR5,ZMB,_T,_T,_T,_Z,_Z,_Z,2021,A,T,
1.41397,P1Y,0,,A,PU,_Z,2,,,False,WB_WDI,WB_WDI_EN_GHG_CO2_PC_CE_AR5,PHL,_T,_T,_T,_Z,_Z,_Z,2023,A,T,
7.649778,P1Y,0,,A,PU,_Z,2,,,False,WB_WDI,WB_WDI_EN_GHG_CO2_PC_CE_AR5,POL,_T,_T,_T,_Z,_Z,_Z,2023,A,T,
3.53666,P1Y,0,,A,PU,_Z,2,,,False,WB_WDI,WB_WDI_EN_GHG_CO2_PC_CE_AR5,PRT,_T,_T,_T,_Z,_Z,_Z,2023,A,T,
4.566461,P1Y,0,,A,PU,_Z,2,,,False,WB_WDI,WB_WDI_EN_GHG_CO2_PC_CE_AR5,PRI,_T,_T,_T,_Z,_Z,_Z,2023,A,T,
48.642637,P1Y,0,,A,PU,_Z,2,,,False,WB_WDI,WB_WDI_EN_GHG_CO2_PC_CE_AR5,QAT,_T,_T,_T,_Z,_Z,_Z,2023,A,T,
3.685692,P1Y,0,,A,PU,_Z,2,,,False,WB_WDI,WB_WDI_EN_GHG_CO2_PC_CE_AR5,ROU,_T,_T,_T,_Z,_Z,_Z,2023,A,T,
13.546234,P1Y,0,,A,PU,_Z,2,,,False,WB_WDI,WB_WDI_EN_GHG_CO2_PC_CE_AR5,RUS,_T,_T,_T,_Z,_Z,_Z,2023,A,T,
0.163983,P1Y,0,,A,PU,_Z,2,,,False,WB_WDI,WB_WDI_EN_GHG_CO2_PC_CE_AR5,RWA,_T,_T,_T,_Z,_Z,_Z,2023,A,T,
1.538334,P1Y,0,,A,PU,_Z,2,,,False,WB_WDI,WB_WDI_EN_GHG_CO2_PC_CE_AR5,WSM,_T,_T,_T,_Z,_Z,_Z,2023,A,T,
0.630655,P1Y,0,,A,PU,_Z,2,,,False,WB_WDI,WB_WDI_EN_GHG_CO2_PC_CE_AR5,STP,_T,_T,_T,_Z,_Z,_Z,2023,A,T,
18.854074,P1Y,0,,A,PU,_Z,2,,,False,WB_WDI,WB_WDI_EN_GHG_CO2_PC_CE_AR5,SAU,_T,_T,_T,_Z,_Z,_Z,2023,A,T,
0.758785,P1Y,0,,A,PU,_Z,2,,,False,WB_WDI,WB_WDI_EN_GHG_CO2_PC_CE_AR5,SEN,_T,_T,_T,_Z,_Z,_Z,2023,A,T,
3.317933,P1Y,0,,A,PU,_Z,2,,,False,WB_WDI,WB_WDI_EN_GHG_CO2_PC_CE_AR5,LVA,_T,_T,_T,_Z,_Z,_Z,2002,A,T,
3.688985,P1Y,0,,A,PU,_Z,2,,,False,WB_WDI,WB_WDI_EN_GHG_CO2_PC_CE_AR5,LBN,_T,_T,_T,_Z,_Z,_Z,2002,A,T,
0.193214,P1Y,0,,A,PU,_Z,2,,,False,WB_WDI,WB_WDI_EN_GHG_CO2_PC_CE_AR5,LSO,_T,_T,_T,_Z,_Z,_Z,2002,A,T,
0.150447,P1Y,0,,A,PU,_Z,2,,,False,WB_WDI,WB_WDI_EN_GHG_CO2_PC_CE_AR5,LBR,_T,_T,_T,_Z,_Z,_Z,2002,A,T,
9.058294,P1Y,0,,A,PU,_Z,2,,,False,WB_WDI,WB_WDI_EN_GHG_CO2_PC_CE_AR5,LBY,_T,_T,_T,_Z,_Z,_Z,2002,A,T,
3.621974,P1Y,0,,A,PU,_Z,2,,,False,WB_WDI,WB_WDI_EN_GHG_CO2_PC_CE_AR5,LTU,_T,_T,_T,_Z,_Z,_Z,2002,A,T,
22.485124,P1Y,0,,A,PU,_Z,2,,,False,WB_WDI,WB_WDI_EN_GHG_CO2_PC_CE_AR5,LUX,_T,_T,_T,_Z,_Z,_Z,2002,A,T,
3.903513,P1Y,0,,A,PU,_Z,2,,,False,WB_WDI,WB_WDI_EN_GHG_CO2_PC_CE_AR5,MAC,_T,_T,_T,_Z,_Z,_Z,2002,A,T,
0.066456,P1Y,0,,A,PU,_Z,2,,,False,WB_WDI,WB_WDI_EN_GHG_CO2_PC_CE_AR5,MDG,_T,_T,_T,_Z,_Z,_Z,2002,A,T,
0.2635,P1Y,0,,A,PU,_Z,2,,,False,WB_WDI,WB_WDI_EN_GHG_CO2_PC_CE_AR5,MWI,_T,_T,_T,_Z,_Z,_Z,2002,A,T,
6.080309,P1Y,0,,A,PU,_Z,2,,,False,WB_WDI,WB_WDI_EN_GHG_CO2_PC_CE_AR5,MYS,_T,_T,_T,_Z,_Z,_Z,2002,A,T,
2.304743,P1Y,0,,A,PU,_Z,2,,,False,WB_WDI,WB_WDI_EN_GHG_CO2_PC_CE_AR5,MDV,_T,_T,_T,_Z,_Z,_Z,2002,A,T,
0.071053,P1Y,0,,A,PU,_Z,2,,,False,WB_WDI,WB_WDI_EN_GHG_CO2_PC_CE_AR5,MLI,_T,_T,_T,_Z,_Z,_Z,2002,A,T,
1.031726,P1Y,0,,A,PU,_Z,2,,,False,WB_WDI,WB_WDI_EN_GHG_CO2_PC_CE_AR5,LKA,_T,_T,_T,_Z,_Z,_Z,2020,A,T,
2.551739,P1Y,0,,A,PU,_Z,2,,,False,WB_WDI,WB_WDI_EN_GHG_CO2_PC_CE_AR5,KNA,_T,_T,_T,_Z,_Z,_Z,2020,A,T,
1.557363,P1Y,0,,A,PU,_Z,2,,,False,WB_WDI,WB_WDI_EN_GHG_CO2_PC_CE_AR5,LCA,_T,_T,_T,_Z,_Z,_Z,2020,A,T,
1.195835,P1Y,0,,A,PU,_Z,2,,,False,WB_WDI,WB_WDI_EN_GHG_CO2_PC_CE_AR5,VCT,_T,_T,_T,_Z,_Z,_Z,2020,A,T,
0.463109,P1Y,0,,A,PU,_Z,2,,,False,WB_WDI,WB_WDI_EN_GHG_CO2_PC_CE_AR5,SDN,_T,_T,_T,_Z,_Z,_Z,2020,A,T,
4.253352,P1Y,0,,A,PU,_Z,2,,,False,WB_WDI,WB_WDI_EN_GHG_CO2_PC_CE_AR5,SUR,_T,_T,_T,_Z,_Z,_Z,2020,A,T,
3.674025,P1Y,0,,A,PU,_Z,2,,,False,WB_WDI,WB_WDI_EN_GHG_CO2_PC_CE_AR5,SWE,_T,_T,_T,_Z,_Z,_Z,2020,A,T,
4.160616,P1Y,0,,A,PU,_Z,2,,,False,WB_WDI,WB_WDI_EN_GHG_CO2_PC_CE_AR5,CHE,_T,_T,_T,_Z,_Z,_Z,2020,A,T,
1.508316,P1Y,0,,A,PU,_Z,2,,,False,WB_WDI,WB_WDI_EN_GHG_CO2_PC_CE_AR5,SYR,_T,_T,_T,_Z,_Z,_Z,2020,A,T,
0.96295,P1Y,0,,A,PU,_Z,2,,,False,WB_WDI,WB_WDI_EN_GHG_CO2_PC_CE_AR5,TJK,_T,_T,_T,_Z,_Z,_Z,2020,A,T,
0.273515,P1Y,0,,A,PU,_Z,2,,,False,WB_WDI,WB_WDI_EN_GHG_CO2_PC_CE_AR5,TZA,_T,_T,_T,_Z,_Z,_Z,2020,A,T,
3.847399,P1Y,0,,A,PU,_Z,2,,,False,WB_WDI,WB_WDI_EN_GHG_CO2_PC_CE_AR5,THA,_T,_T,_T,_Z,_Z,_Z,2020,A,T,
0.781445,P1Y,0,,A,PU,_Z,2,,,False,WB_WDI,WB_WDI_EN_GHG_CO2_PC_CE_AR5,NIC,_T,_T,_T,_Z,_Z,_Z,2021,A,T,
0.116676,P1Y,0,,A,PU,_Z,2,,,False,WB_WDI,WB_WDI_EN_GHG_CO2_PC_CE_AR5,NER,_T,_T,_T,_Z,_Z,_Z,2021,A,T,
0.599007,P1Y,0,,A,PU,_Z,2,,,False,WB_WDI,WB_WDI_EN_GHG_CO2_PC_CE_AR5,NGA,_T,_T,_T,_Z,_Z,_Z,2021,A,T,
4.155431,P1Y,0,,A,PU,_Z,2,,,False,WB_WDI,WB_WDI_EN_GHG_CO2_PC_CE_AR5,MKD,_T,_T,_T,_Z,_Z,_Z,2021,A,T,
0.002129,P1Y,0,,A,PU,_Z,2,,,False,WB_WDI,WB_WDI_EN_GHG_CO2_PC_CE_AR5,MNP,_T,_T,_T,_Z,_Z,_Z,2021,A,T,
8.214714,P1Y,0,,A,PU,_Z,2,,,False,WB_WDI,WB_WDI_EN_GHG_CO2_PC_CE_AR5,NOR,_T,_T,_T,_Z,_Z,_Z,2021,A,T,
19.493119,P1Y,0,,A,PU,_Z,2,,,False,WB_WDI,WB_WDI_EN_GHG_CO2_PC_CE_AR5,OMN,_T,_T,_T,_Z,_Z,_Z,2021,A,T,
0.956818,P1Y,0,,A,PU,_Z,2,,,False,WB_WDI,WB_WDI_EN_GHG_CO2_PC_CE_AR5,PAK,_T,_T,_T,_Z,_Z,_Z,2021,A,T,
74.734297,P1Y,0,,A,PU,_Z,2,,,False,WB_WDI,WB_WDI_EN_GHG_CO2_PC_CE_AR5,PLW,_T,_T,_T,_Z,_Z,_Z,2021,A,T,
2.478733,P1Y,0,,A,PU,_Z,2,,,False,WB_WDI,WB_WDI_EN_GHG_CO2_PC_CE_AR5,PAN,_T,_T,_T,_Z,_Z,_Z,2021,A,T,
0.537976,P1Y,0,,A,PU,_Z,2,,,False,WB_WDI,WB_WDI_EN_GHG_CO2_PC_CE_AR5,PNG,_T,_T,_T,_Z,_Z,_Z,2021,A,T,
1.19343,P1Y,0,,A,PU,_Z,2,,,False,WB_WDI,WB_WDI_EN_GHG_CO2_PC_CE_AR5,PRY,_T,_T,_T,_Z,_Z,_Z,2021,A,T,
29.496645,P1Y,0,,A,PU,_Z,2,,,False,WB_WDI,WB_WDI_EN_GHG_CO2_PC_CE_AR5,KWT,_T,_T,_T,_Z,_Z,_Z,2010,A,T,
1.208273,P1Y,0,,A,PU,_Z,2,,,False,WB_WDI,WB_WDI_EN_GHG_CO2_PC_CE_AR5,KGZ,_T,_T,_T,_Z,_Z,_Z,2010,A,T,
0.467526,P1Y,0,,A,PU,_Z,2,,,False,WB_WDI,WB_WDI_EN_GHG_CO2_PC_CE_AR5,LAO,_T,_T,_T,_Z,_Z,_Z,2010,A,T,
4.233453,P1Y,0,,A,PU,_Z,2,,,False,WB_WDI,WB_WDI_EN_GHG_CO2_PC_CE_AR5,LVA,_T,_T,_T,_Z,_Z,_Z,2010,A,T,
4.098,P1Y,0,,A,PU,_Z,2,,,False,WB_WDI,WB_WDI_EN_GHG_CO2_PC_CE_AR5,LBN,_T,_T,_T,_Z,_Z,_Z,2010,A,T,
0.26164,P1Y,0,,A,PU,_Z,2,,,False,WB_WDI,WB_WDI_EN_GHG_CO2_PC_CE_AR5,LSO,_T,_T,_T,_Z,_Z,_Z,2010,A,T,
0.195694,P1Y,0,,A,PU,_Z,2,,,False,WB_WDI,WB_WDI_EN_GHG_CO2_PC_CE_AR5,LBR,_T,_T,_T,_Z,_Z,_Z,2010,A,T,
9.798673,P1Y,0,,A,PU,_Z,2,,,False,WB_WDI,WB_WDI_EN_GHG_CO2_PC_CE_AR5,LBY,_T,_T,_T,_Z,_Z,_Z,2010,A,T,
4.53333,P1Y,0,,A,PU,_Z,2,,,False,WB_WDI,WB_WDI_EN_GHG_CO2_PC_CE_AR5,LTU,_T,_T,_T,_Z,_Z,_Z,2010,A,T,
22.11921,P1Y,0,,A,PU,_Z,2,,,False,WB_WDI,WB_WDI_EN_GHG_CO2_PC_CE_AR5,LUX,_T,_T,_T,_Z,_Z,_Z,2010,A,T,
0.179631,P1Y,0,,A,PU,_Z,2,,,False,WB_WDI,WB_WDI_EN_GHG_CO2_PC_CE_AR5,COM,_T,_T,_T,_Z,_Z,_Z,2002,A,T,
0.035624,P1Y,0,,A,PU,_Z,2,,,False,WB_WDI,WB_WDI_EN_GHG_CO2_PC_CE_AR5,COD,_T,_T,_T,_Z,_Z,_Z,2002,A,T,
0.853386,P1Y,0,,A,PU,_Z,2,,,False,WB_WDI,WB_WDI_EN_GHG_CO2_PC_CE_AR5,COG,_T,_T,_T,_Z,_Z,_Z,2002,A,T,
1.385355,P1Y,0,,A,PU,_Z,2,,,False,WB_WDI,WB_WDI_EN_GHG_CO2_PC_CE_AR5,CRI,_T,_T,_T,_Z,_Z,_Z,2002,A,T,
0.396006,P1Y,0,,A,PU,_Z,2,,,False,WB_WDI,WB_WDI_EN_GHG_CO2_PC_CE_AR5,CIV,_T,_T,_T,_Z,_Z,_Z,2002,A,T,
4.964699,P1Y,0,,A,PU,_Z,2,,,False,WB_WDI,WB_WDI_EN_GHG_CO2_PC_CE_AR5,HRV,_T,_T,_T,_Z,_Z,_Z,2002,A,T,
2.376694,P1Y,0,,A,PU,_Z,2,,,False,WB_WDI,WB_WDI_EN_GHG_CO2_PC_CE_AR5,CUB,_T,_T,_T,_Z,_Z,_Z,2002,A,T,
7.311705,P1Y,0,,A,PU,_Z,2,,,False,WB_WDI,WB_WDI_EN_GHG_CO2_PC_CE_AR5,CYP,_T,_T,_T,_Z,_Z,_Z,2002,A,T,
12.494278,P1Y,0,,A,PU,_Z,2,,,False,WB_WDI,WB_WDI_EN_GHG_CO2_PC_CE_AR5,CZE,_T,_T,_T,_Z,_Z,_Z,2002,A,T,
10.09321,P1Y,0,,A,PU,_Z,2,,,False,WB_WDI,WB_WDI_EN_GHG_CO2_PC_CE_AR5,DNK,_T,_T,_T,_Z,_Z,_Z,2002,A,T,
0.984069,P1Y,0,,A,PU,_Z,2,,,False,WB_WDI,WB_WDI_EN_GHG_CO2_PC_CE_AR5,DJI,_T,_T,_T,_Z,_Z,_Z,2002,A,T,
6.676999,P1Y,0,,A,PU,_Z,2,,,False,WB_WDI,WB_WDI_EN_GHG_CO2_PC_CE_AR5,SVK,_T,_T,_T,_Z,_Z,_Z,2012,A,T,
7.542927,P1Y,0,,A,PU,_Z,2,,,False,WB_WDI,WB_WDI_EN_GHG_CO2_PC_CE_AR5,SVN,_T,_T,_T,_Z,_Z,_Z,2012,A,T,
0.648354,P1Y,0,,A,PU,_Z,2,,,False,WB_WDI,WB_WDI_EN_GHG_CO2_PC_CE_AR5,SLB,_T,_T,_T,_Z,_Z,_Z,2012,A,T,
0.062458,P1Y,0,,A,PU,_Z,2,,,False,WB_WDI,WB_WDI_EN_GHG_CO2_PC_CE_AR5,SOM,_T,_T,_T,_Z,_Z,_Z,2012,A,T,
8.576675,P1Y,0,,A,PU,_Z,2,,,False,WB_WDI,WB_WDI_EN_GHG_CO2_PC_CE_AR5,ZAF,_T,_T,_T,_Z,_Z,_Z,2012,A,T,
6.092657,P1Y,0,,A,PU,_Z,2,,,False,WB_WDI,WB_WDI_EN_GHG_CO2_PC_CE_AR5,ESP,_T,_T,_T,_Z,_Z,_Z,2012,A,T,
0.845279,P1Y,0,,A,PU,_Z,2,,,False,WB_WDI,WB_WDI_EN_GHG_CO2_PC_CE_AR5,LKA,_T,_T,_T,_Z,_Z,_Z,2012,A,T,
1.696681,P1Y,0,,A,PU,_Z,2,,,False,WB_WDI,WB_WDI_EN_GHG_CO2_PC_CE_AR5,KNA,_T,_T,_T,_Z,_Z,_Z,2012,A,T,
0.845371,P1Y,0,,A,PU,_Z,2,,,False,WB_WDI,WB_WDI_EN_GHG_CO2_PC_CE_AR5,LCA,_T,_T,_T,_Z,_Z,_Z,2012,A,T,
0.805621,P1Y,0,,A,PU,_Z,2,,,False,WB_WDI,WB_WDI_EN_GHG_CO2_PC_CE_AR5,VCT,_T,_T,_T,_Z,_Z,_Z,2012,A,T,
0.474626,P1Y,0,,A,PU,_Z,2,,,False,WB_WDI,WB_WDI_EN_GHG_CO2_PC_CE_AR5,SDN,_T,_T,_T,_Z,_Z,_Z,2012,A,T,
6.146337,P1Y,0,,A,PU,_Z,2,,,False,WB_WDI,WB_WDI_EN_GHG_CO2_PC_CE_AR5,EUU,_T,_T,_T,_Z,_Z,_Z,2022,A,T,
0.3228,P1Y,0,,A,PU,_Z,2,,,False,WB_WDI,WB_WDI_EN_GHG_CO2_PC_CE_AR5,HPC,_T,_T,_T,_Z,_Z,_Z,2022,A,T,
10.207689,P1Y,0,,A,PU,_Z,2,,,False,WB_WDI,WB_WDI_EN_GHG_CO2_PC_CE_AR5,HIC,_T,_T,_T,_Z,_Z,_Z,2022,A,T,
4.948415,P1Y,0,,A,PU,_Z,2,,,False,WB_WDI,WB_WDI_EN_GHG_CO2_PC_CE_AR5,IBD,_T,_T,_T,_Z,_Z,_Z,2022,A,T,
3.757863,P1Y,0,,A,PU,_Z,2,,,False,WB_WDI,WB_WDI_EN_GHG_CO2_PC_CE_AR5,IBT,_T,_T,_T,_Z,_Z,_Z,2022,A,T,
0.885664,P1Y,0,,A,PU,_Z,2,,,False,WB_WDI,WB_WDI_EN_GHG_CO2_PC_CE_AR5,IDB,_T,_T,_T,_Z,_Z,_Z,2022,A,T,
0.438283,P1Y,0,,A,PU,_Z,2,,,False,WB_WDI,WB_WDI_EN_GHG_CO2_PC_CE_AR5,IDX,_T,_T,_T,_Z,_Z,_Z,2022,A,T,
0.595698,P1Y,0,,A,PU,_Z,2,,,False,WB_WDI,WB_WDI_EN_GHG_CO2_PC_CE_AR5,IDA,_T,_T,_T,_Z,_Z,_Z,2022,A,T,
7.608311,P1Y,0,,A,PU,_Z,2,,,False,WB_WDI,WB_WDI_EN_GHG_CO2_PC_CE_AR5,LTE,_T,_T,_T,_Z,_Z,_Z,2022,A,T,
2.641912,P1Y,0,,A,PU,_Z,2,,,False,WB_WDI,WB_WDI_EN_GHG_CO2_PC_CE_AR5,LCN,_T,_T,_T,_Z,_Z,_Z,2022,A,T,
2.536123,P1Y,0,,A,PU,_Z,2,,,False,WB_WDI,WB_WDI_EN_GHG_CO2_PC_CE_AR5,LAC,_T,_T,_T,_Z,_Z,_Z,2022,A,T,
2.647337,P1Y,0,,A,PU,_Z,2,,,False,WB_WDI,WB_WDI_EN_GHG_CO2_PC_CE_AR5,TLA,_T,_T,_T,_Z,_Z,_Z,2022,A,T,
0.386745,P1Y,0,,A,PU,_Z,2,,,False,WB_WDI,WB_WDI_EN_GHG_CO2_PC_CE_AR5,LDC,_T,_T,_T,_Z,_Z,_Z,2022,A,T,
3.50839,P1Y,0,,A,PU,_Z,2,,,False,WB_WDI,WB_WDI_EN_GHG_CO2_PC_CE_AR5,LMY,_T,_T,_T,_Z,_Z,_Z,2022,A,T,
3.648597,P1Y,0,,A,PU,_Z,2,,,False,WB_WDI,WB_WDI_EN_GHG_CO2_PC_CE_AR5,GEO,_T,_T,_T,_Z,_Z,_Z,2023,A,T,
7.079828,P1Y,0,,A,PU,_Z,2,,,False,WB_WDI,WB_WDI_EN_GHG_CO2_PC_CE_AR5,DEU,_T,_T,_T,_Z,_Z,_Z,2023,A,T,
0.687364,P1Y,0,,A,PU,_Z,2,,,False,WB_WDI,WB_WDI_EN_GHG_CO2_PC_CE_AR5,GHA,_T,_T,_T,_Z,_Z,_Z,2023,A,T,
16.355177,P1Y,0,,A,PU,_Z,2,,,False,WB_WDI,WB_WDI_EN_GHG_CO2_PC_CE_AR5,GIB,_T,_T,_T,_Z,_Z,_Z,2023,A,T,
4.923241,P1Y,0,,A,PU,_Z,2,,,False,WB_WDI,WB_WDI_EN_GHG_CO2_PC_CE_AR5,GRC,_T,_T,_T,_Z,_Z,_Z,2023,A,T,
10.285765,P1Y,0,,A,PU,_Z,2,,,False,WB_WDI,WB_WDI_EN_GHG_CO2_PC_CE_AR5,GRL,_T,_T,_T,_Z,_Z,_Z,2023,A,T,
1.451132,P1Y,0,,A,PU,_Z,2,,,False,WB_WDI,WB_WDI_EN_GHG_CO2_PC_CE_AR5,GRD,_T,_T,_T,_Z,_Z,_Z,2023,A,T,
0.001802,P1Y,0,,A,PU,_Z,2,,,False,WB_WDI,WB_WDI_EN_GHG_CO2_PC_CE_AR5,GUM,_T,_T,_T,_Z,_Z,_Z,2023,A,T,
1.110515,P1Y,0,,A,PU,_Z,2,,,False,WB_WDI,WB_WDI_EN_GHG_CO2_PC_CE_AR5,GTM,_T,_T,_T,_Z,_Z,_Z,2023,A,T,
0.348923,P1Y,0,,A,PU,_Z,2,,,False,WB_WDI,WB_WDI_EN_GHG_CO2_PC_CE_AR5,GIN,_T,_T,_T,_Z,_Z,_Z,2023,A,T,
0.152925,P1Y,0,,A,PU,_Z,2,,,False,WB_WDI,WB_WDI_EN_GHG_CO2_PC_CE_AR5,GNB,_T,_T,_T,_Z,_Z,_Z,2023,A,T,
4.526516,P1Y,0,,A,PU,_Z,2,,,False,WB_WDI,WB_WDI_EN_GHG_CO2_PC_CE_AR5,GUY,_T,_T,_T,_Z,_Z,_Z,2023,A,T,
0.290486,P1Y,0,,A,PU,_Z,2,,,False,WB_WDI,WB_WDI_EN_GHG_CO2_PC_CE_AR5,HTI,_T,_T,_T,_Z,_Z,_Z,2023,A,T,
1.11313,P1Y,0,,A,PU,_Z,2,,,False,WB_WDI,WB_WDI_EN_GHG_CO2_PC_CE_AR5,HND,_T,_T,_T,_Z,_Z,_Z,2023,A,T,
0.648297,P1Y,0,,A,PU,_Z,2,,,False,WB_WDI,WB_WDI_EN_GHG_CO2_PC_CE_AR5,LKA,_T,_T,_T,_Z,_Z,_Z,2006,A,T,
1.488114,P1Y,0,,A,PU,_Z,2,,,False,WB_WDI,WB_WDI_EN_GHG_CO2_PC_CE_AR5,KNA,_T,_T,_T,_Z,_Z,_Z,2006,A,T,
0.768128,P1Y,0,,A,PU,_Z,2,,,False,WB_WDI,WB_WDI_EN_GHG_CO2_PC_CE_AR5,LCA,_T,_T,_T,_Z,_Z,_Z,2006,A,T,
0.652597,P1Y,0,,A,PU,_Z,2,,,False,WB_WDI,WB_WDI_EN_GHG_CO2_PC_CE_AR5,VCT,_T,_T,_T,_Z,_Z,_Z,2006,A,T,
0.415111,P1Y,0,,A,PU,_Z,2,,,False,WB_WDI,WB_WDI_EN_GHG_CO2_PC_CE_AR5,SDN,_T,_T,_T,_Z,_Z,_Z,2006,A,T,
2.916969,P1Y,0,,A,PU,_Z,2,,,False,WB_WDI,WB_WDI_EN_GHG_CO2_PC_CE_AR5,SUR,_T,_T,_T,_Z,_Z,_Z,2006,A,T,
6.067779,P1Y,0,,A,PU,_Z,2,,,False,WB_WDI,WB_WDI_EN_GHG_CO2_PC_CE_AR5,SWE,_T,_T,_T,_Z,_Z,_Z,2006,A,T,
6.227607,P1Y,0,,A,PU,_Z,2,,,False,WB_WDI,WB_WDI_EN_GHG_CO2_PC_CE_AR5,CHE,_T,_T,_T,_Z,_Z,_Z,2006,A,T,
3.135343,P1Y,0,,A,PU,_Z,2,,,False,WB_WDI,WB_WDI_EN_GHG_CO2_PC_CE_AR5,SYR,_T,_T,_T,_Z,_Z,_Z,2006,A,T,
0.494462,P1Y,0,,A,PU,_Z,2,,,False,WB_WDI,WB_WDI_EN_GHG_CO2_PC_CE_AR5,TJK,_T,_T,_T,_Z,_Z,_Z,2006,A,T,
0.163877,P1Y,0,,A,PU,_Z,2,,,False,WB_WDI,WB_WDI_EN_GHG_CO2_PC_CE_AR5,TZA,_T,_T,_T,_Z,_Z,_Z,2006,A,T,
7.285142,P1Y,0,,A,PU,_Z,2,,,False,WB_WDI,WB_WDI_EN_GHG_CO2_PC_CE_AR5,UKR,_T,_T,_T,_Z,_Z,_Z,2000,A,T,
25.31988,P1Y,0,,A,PU,_Z,2,,,False,WB_WDI,WB_WDI_EN_GHG_CO2_PC_CE_AR5,ARE,_T,_T,_T,_Z,_Z,_Z,2000,A,T,
9.372302,P1Y,0,,A,PU,_Z,2,,,False,WB_WDI,WB_WDI_EN_GHG_CO2_PC_CE_AR5,GBR,_T,_T,_T,_Z,_Z,_Z,2000,A,T,
21.011875,P1Y,0,,A,PU,_Z,2,,,False,WB_WDI,WB_WDI_EN_GHG_CO2_PC_CE_AR5,USA,_T,_T,_T,_Z,_Z,_Z,2000,A,T,
1.705526,P1Y,0,,A,PU,_Z,2,,,False,WB_WDI,WB_WDI_EN_GHG_CO2_PC_CE_AR5,URY,_T,_T,_T,_Z,_Z,_Z,2000,A,T,
5.30608,P1Y,0,,A,PU,_Z,2,,,False,WB_WDI,WB_WDI_EN_GHG_CO2_PC_CE_AR5,UZB,_T,_T,_T,_Z,_Z,_Z,2000,A,T,
0.450932,P1Y,0,,A,PU,_Z,2,,,False,WB_WDI,WB_WDI_EN_GHG_CO2_PC_CE_AR5,VUT,_T,_T,_T,_Z,_Z,_Z,2000,A,T,
5.616135,P1Y,0,,A,PU,_Z,2,,,False,WB_WDI,WB_WDI_EN_GHG_CO2_PC_CE_AR5,VEN,_T,_T,_T,_Z,_Z,_Z,2000,A,T,
0.732763,P1Y,0,,A,PU,_Z,2,,,False,WB_WDI,WB_WDI_EN_GHG_CO2_PC_CE_AR5,VNM,_T,_T,_T,_Z,_Z,_Z,2000,A,T,
0.001841,P1Y,0,,A,PU,_Z,2,,,False,WB_WDI,WB_WDI_EN_GHG_CO2_PC_CE_AR5,VIR,_T,_T,_T,_Z,_Z,_Z,2000,A,T,
0.802338,P1Y,0,,A,PU,_Z,2,,,False,WB_WDI,WB_WDI_EN_GHG_CO2_PC_CE_AR5,YEM,_T,_T,_T,_Z,_Z,_Z,2000,A,T,
0.194876,P1Y,0,,A,PU,_Z,2,,,False,WB_WDI,WB_WDI_EN_GHG_CO2_PC_CE_AR5,ZMB,_T,_T,_T,_Z,_Z,_Z,2000,A,T,
8.053014,P1Y,0,,A,PU,_Z,2,,,False,WB_WDI,WB_WDI_EN_GHG_CO2_PC_CE_AR5,LBY,_T,_T,_T,_Z,_Z,_Z,2022,A,T,
4.651123,P1Y,0,,A,PU,_Z,2,,,False,WB_WDI,WB_WDI_EN_GHG_CO2_PC_CE_AR5,LTU,_T,_T,_T,_Z,_Z,_Z,2022,A,T,
11.124891,P1Y,0,,A,PU,_Z,2,,,False,WB_WDI,WB_WDI_EN_GHG_CO2_PC_CE_AR5,LUX,_T,_T,_T,_Z,_Z,_Z,2022,A,T,
2.478222,P1Y,0,,A,PU,_Z,2,,,False,WB_WDI,WB_WDI_EN_GHG_CO2_PC_CE_AR5,MAC,_T,_T,_T,_Z,_Z,_Z,2022,A,T,
0.144034,P1Y,0,,A,PU,_Z,2,,,False,WB_WDI,WB_WDI_EN_GHG_CO2_PC_CE_AR5,MDG,_T,_T,_T,_Z,_Z,_Z,2022,A,T,
0.27237,P1Y,0,,A,PU,_Z,2,,,False,WB_WDI,WB_WDI_EN_GHG_CO2_PC_CE_AR5,MWI,_T,_T,_T,_Z,_Z,_Z,2022,A,T,
7.983299,P1Y,0,,A,PU,_Z,2,,,False,WB_WDI,WB_WDI_EN_GHG_CO2_PC_CE_AR5,MYS,_T,_T,_T,_Z,_Z,_Z,2022,A,T,
3.414386,P1Y,0,,A,PU,_Z,2,,,False,WB_WDI,WB_WDI_EN_GHG_CO2_PC_CE_AR5,MDV,_T,_T,_T,_Z,_Z,_Z,2022,A,T,
0.324748,P1Y,0,,A,PU,_Z,2,,,False,WB_WDI,WB_WDI_EN_GHG_CO2_PC_CE_AR5,MLI,_T,_T,_T,_Z,_Z,_Z,2022,A,T,
3.382143,P1Y,0,,A,PU,_Z,2,,,False,WB_WDI,WB_WDI_EN_GHG_CO2_PC_CE_AR5,MLT,_T,_T,_T,_Z,_Z,_Z,2022,A,T,
0.002495,P1Y,0,,A,PU,_Z,2,,,False,WB_WDI,WB_WDI_EN_GHG_CO2_PC_CE_AR5,MHL,_T,_T,_T,_Z,_Z,_Z,2022,A,T,
1.030901,P1Y,0,,A,PU,_Z,2,,,False,WB_WDI,WB_WDI_EN_GHG_CO2_PC_CE_AR5,MRT,_T,_T,_T,_Z,_Z,_Z,2022,A,T,
0.471678,P1Y,0,,A,PU,_Z,2,,,False,WB_WDI,WB_WDI_EN_GHG_CO2_PC_CE_AR5,SEN,_T,_T,_T,_Z,_Z,_Z,2004,A,T,
12.870567,P1Y,0,,A,PU,_Z,2,,,False,WB_WDI,WB_WDI_EN_GHG_CO2_PC_CE_AR5,SYC,_T,_T,_T,_Z,_Z,_Z,2004,A,T,
0.114364,P1Y,0,,A,PU,_Z,2,,,False,WB_WDI,WB_WDI_EN_GHG_CO2_PC_CE_AR5,SLE,_T,_T,_T,_Z,_Z,_Z,2004,A,T,
10.685527,P1Y,0,,A,PU,_Z,2,,,False,WB_WDI,WB_WDI_EN_GHG_CO2_PC_CE_AR5,SGP,_T,_T,_T,_Z,_Z,_Z,2004,A,T,
7.788109,P1Y,0,,A,PU,_Z,2,,,False,WB_WDI,WB_WDI_EN_GHG_CO2_PC_CE_AR5,SVK,_T,_T,_T,_Z,_Z,_Z,2004,A,T,
8.712667,P1Y,0,,A,PU,_Z,2,,,False,WB_WDI,WB_WDI_EN_GHG_CO2_PC_CE_AR5,SVN,_T,_T,_T,_Z,_Z,_Z,2004,A,T,
0.603652,P1Y,0,,A,PU,_Z,2,,,False,WB_WDI,WB_WDI_EN_GHG_CO2_PC_CE_AR5,SLB,_T,_T,_T,_Z,_Z,_Z,2004,A,T,
0.072182,P1Y,0,,A,PU,_Z,2,,,False,WB_WDI,WB_WDI_EN_GHG_CO2_PC_CE_AR5,SOM,_T,_T,_T,_Z,_Z,_Z,2004,A,T,
8.690234,P1Y,0,,A,PU,_Z,2,,,False,WB_WDI,WB_WDI_EN_GHG_CO2_PC_CE_AR5,ZAF,_T,_T,_T,_Z,_Z,_Z,2004,A,T,
8.212531,P1Y,0,,A,PU,_Z,2,,,False,WB_WDI,WB_WDI_EN_GHG_CO2_PC_CE_AR5,ESP,_T,_T,_T,_Z,_Z,_Z,2004,A,T,
0.661039,P1Y,0,,A,PU,_Z,2,,,False,WB_WDI,WB_WDI_EN_GHG_CO2_PC_CE_AR5,LKA,_T,_T,_T,_Z,_Z,_Z,2004,A,T,
1.41207,P1Y,0,,A,PU,_Z,2,,,False,WB_WDI,WB_WDI_EN_GHG_CO2_PC_CE_AR5,KNA,_T,_T,_T,_Z,_Z,_Z,2004,A,T,
1.204811,P1Y,0,,A,PU,_Z,2,,,False,WB_WDI,WB_WDI_EN_GHG_CO2_PC_CE_AR5,PER,_T,_T,_T,_Z,_Z,_Z,2007,A,T,
0.845028,P1Y,0,,A,PU,_Z,2,,,False,WB_WDI,WB_WDI_EN_GHG_CO2_PC_CE_AR5,PHL,_T,_T,_T,_Z,_Z,_Z,2007,A,T,
8.664644,P1Y,0,,A,PU,_Z,2,,,False,WB_WDI,WB_WDI_EN_GHG_CO2_PC_CE_AR5,POL,_T,_T,_T,_Z,_Z,_Z,2007,A,T,
5.817918,P1Y,0,,A,PU,_Z,2,,,False,WB_WDI,WB_WDI_EN_GHG_CO2_PC_CE_AR5,PRT,_T,_T,_T,_Z,_Z,_Z,2007,A,T,
4.746927,P1Y,0,,A,PU,_Z,2,,,False,WB_WDI,WB_WDI_EN_GHG_CO2_PC_CE_AR5,PRI,_T,_T,_T,_Z,_Z,_Z,2007,A,T,
46.456836,P1Y,0,,A,PU,_Z,2,,,False,WB_WDI,WB_WDI_EN_GHG_CO2_PC_CE_AR5,QAT,_T,_T,_T,_Z,_Z,_Z,2007,A,T,
5.128022,P1Y,0,,A,PU,_Z,2,,,False,WB_WDI,WB_WDI_EN_GHG_CO2_PC_CE_AR5,ROU,_T,_T,_T,_Z,_Z,_Z,2007,A,T,
12.457859,P1Y,0,,A,PU,_Z,2,,,False,WB_WDI,WB_WDI_EN_GHG_CO2_PC_CE_AR5,RUS,_T,_T,_T,_Z,_Z,_Z,2007,A,T,
0.070974,P1Y,0,,A,PU,_Z,2,,,False,WB_WDI,WB_WDI_EN_GHG_CO2_PC_CE_AR5,RWA,_T,_T,_T,_Z,_Z,_Z,2007,A,T,
1.261437,P1Y,0,,A,PU,_Z,2,,,False,WB_WDI,WB_WDI_EN_GHG_CO2_PC_CE_AR5,WSM,_T,_T,_T,_Z,_Z,_Z,2007,A,T,
0.576311,P1Y,0,,A,PU,_Z,2,,,False,WB_WDI,WB_WDI_EN_GHG_CO2_PC_CE_AR5,STP,_T,_T,_T,_Z,_Z,_Z,2007,A,T,
2.385465,P1Y,0,,A,PU,_Z,2,,,False,WB_WDI,WB_WDI_EN_GHG_CO2_PC_CE_AR5,CUB,_T,_T,_T,_Z,_Z,_Z,2018,A,T,
5.677021,P1Y,0,,A,PU,_Z,2,,,False,WB_WDI,WB_WDI_EN_GHG_CO2_PC_CE_AR5,CYP,_T,_T,_T,_Z,_Z,_Z,2018,A,T,
10.286504,P1Y,0,,A,PU,_Z,2,,,False,WB_WDI,WB_WDI_EN_GHG_CO2_PC_CE_AR5,CZE,_T,_T,_T,_Z,_Z,_Z,2018,A,T,
5.788748,P1Y,0,,A,PU,_Z,2,,,False,WB_WDI,WB_WDI_EN_GHG_CO2_PC_CE_AR5,DNK,_T,_T,_T,_Z,_Z,_Z,2018,A,T,
0.68627,P1Y,0,,A,PU,_Z,2,,,False,WB_WDI,WB_WDI_EN_GHG_CO2_PC_CE_AR5,DJI,_T,_T,_T,_Z,_Z,_Z,2018,A,T,
1.048787,P1Y,0,,A,PU,_Z,2,,,False,WB_WDI,WB_WDI_EN_GHG_CO2_PC_CE_AR5,DMA,_T,_T,_T,_Z,_Z,_Z,2018,A,T,
2.376968,P1Y,0,,A,PU,_Z,2,,,False,WB_WDI,WB_WDI_EN_GHG_CO2_PC_CE_AR5,DOM,_T,_T,_T,_Z,_Z,_Z,2018,A,T,
2.47599,P1Y,0,,A,PU,_Z,2,,,False,WB_WDI,WB_WDI_EN_GHG_CO2_PC_CE_AR5,ECU,_T,_T,_T,_Z,_Z,_Z,2018,A,T,
2.424432,P1Y,0,,A,PU,_Z,2,,,False,WB_WDI,WB_WDI_EN_GHG_CO2_PC_CE_AR5,EGY,_T,_T,_T,_Z,_Z,_Z,2018,A,T,
1.141868,P1Y,0,,A,PU,_Z,2,,,False,WB_WDI,WB_WDI_EN_GHG_CO2_PC_CE_AR5,SLV,_T,_T,_T,_Z,_Z,_Z,2018,A,T,
87.552349,P1Y,0,,A,PU,_Z,2,,,False,WB_WDI,WB_WDI_EN_GHG_CO2_PC_CE_AR5,PLW,_T,_T,_T,_Z,_Z,_Z,2005,A,T,
2.14366,P1Y,0,,A,PU,_Z,2,,,False,WB_WDI,WB_WDI_EN_GHG_CO2_PC_CE_AR5,PAN,_T,_T,_T,_Z,_Z,_Z,2005,A,T,
0.800165,P1Y,0,,A,PU,_Z,2,,,False,WB_WDI,WB_WDI_EN_GHG_CO2_PC_CE_AR5,PNG,_T,_T,_T,_Z,_Z,_Z,2005,A,T,
0.70107,P1Y,0,,A,PU,_Z,2,,,False,WB_WDI,WB_WDI_EN_GHG_CO2_PC_CE_AR5,PRY,_T,_T,_T,_Z,_Z,_Z,2005,A,T,
1.133038,P1Y,0,,A,PU,_Z,2,,,False,WB_WDI,WB_WDI_EN_GHG_CO2_PC_CE_AR5,PER,_T,_T,_T,_Z,_Z,_Z,2005,A,T,
0.89625,P1Y,0,,A,PU,_Z,2,,,False,WB_WDI,WB_WDI_EN_GHG_CO2_PC_CE_AR5,PHL,_T,_T,_T,_Z,_Z,_Z,2005,A,T,
8.30851,P1Y,0,,A,PU,_Z,2,,,False,WB_WDI,WB_WDI_EN_GHG_CO2_PC_CE_AR5,POL,_T,_T,_T,_Z,_Z,_Z,2005,A,T,
6.458104,P1Y,0,,A,PU,_Z,2,,,False,WB_WDI,WB_WDI_EN_GHG_CO2_PC_CE_AR5,PRT,_T,_T,_T,_Z,_Z,_Z,2005,A,T,
6.885582,P1Y,0,,A,PU,_Z,2,,,False,WB_WDI,WB_WDI_EN_GHG_CO2_PC_CE_AR5,PRI,_T,_T,_T,_Z,_Z,_Z,2005,A,T,
52.773901,P1Y,0,,A,PU,_Z,2,,,False,WB_WDI,WB_WDI_EN_GHG_CO2_PC_CE_AR5,QAT,_T,_T,_T,_Z,_Z,_Z,2005,A,T,
4.901165,P1Y,0,,A,PU,_Z,2,,,False,WB_WDI,WB_WDI_EN_GHG_CO2_PC_CE_AR5,ROU,_T,_T,_T,_Z,_Z,_Z,2005,A,T,
12.118983,P1Y,0,,A,PU,_Z,2,,,False,WB_WDI,WB_WDI_EN_GHG_CO2_PC_CE_AR5,RUS,_T,_T,_T,_Z,_Z,_Z,2005,A,T,
0.981644,P1Y,0,,A,PU,_Z,2,,,False,WB_WDI,WB_WDI_EN_GHG_CO2_PC_CE_AR5,DJI,_T,_T,_T,_Z,_Z,_Z,2000,A,T,
0.791114,P1Y,0,,A,PU,_Z,2,,,False,WB_WDI,WB_WDI_EN_GHG_CO2_PC_CE_AR5,DMA,_T,_T,_T,_Z,_Z,_Z,2000,A,T,
2.214979,P1Y,0,,A,PU,_Z,2,,,False,WB_WDI,WB_WDI_EN_GHG_CO2_PC_CE_AR5,DOM,_T,_T,_T,_Z,_Z,_Z,2000,A,T,
1.738675,P1Y,0,,A,PU,_Z,2,,,False,WB_WDI,WB_WDI_EN_GHG_CO2_PC_CE_AR5,ECU,_T,_T,_T,_Z,_Z,_Z,2000,A,T,
1.750273,P1Y,0,,A,PU,_Z,2,,,False,WB_WDI,WB_WDI_EN_GHG_CO2_PC_CE_AR5,EGY,_T,_T,_T,_Z,_Z,_Z,2000,A,T,
0.975676,P1Y,0,,A,PU,_Z,2,,,False,WB_WDI,WB_WDI_EN_GHG_CO2_PC_CE_AR5,SLV,_T,_T,_T,_Z,_Z,_Z,2000,A,T,
3.902576,P1Y,0,,A,PU,_Z,2,,,False,WB_WDI,WB_WDI_EN_GHG_CO2_PC_CE_AR5,GNQ,_T,_T,_T,_Z,_Z,_Z,2000,A,T,
0.298305,P1Y,0,,A,PU,_Z,2,,,False,WB_WDI,WB_WDI_EN_GHG_CO2_PC_CE_AR5,ERI,_T,_T,_T,_Z,_Z,_Z,2000,A,T,
12.757116,P1Y,0,,A,PU,_Z,2,,,False,WB_WDI,WB_WDI_EN_GHG_CO2_PC_CE_AR5,EST,_T,_T,_T,_Z,_Z,_Z,2000,A,T,
1.053952,P1Y,0,,A,PU,_Z,2,,,False,WB_WDI,WB_WDI_EN_GHG_CO2_PC_CE_AR5,SWZ,_T,_T,_T,_Z,_Z,_Z,2000,A,T,
0.057507,P1Y,0,,A,PU,_Z,2,,,False,WB_WDI,WB_WDI_EN_GHG_CO2_PC_CE_AR5,ETH,_T,_T,_T,_Z,_Z,_Z,2000,A,T,
0.039341,P1Y,0,,A,PU,_Z,2,,,False,WB_WDI,WB_WDI_EN_GHG_CO2_PC_CE_AR5,FRO,_T,_T,_T,_Z,_Z,_Z,2000,A,T,
1.716357,P1Y,0,,A,PU,_Z,2,,,False,WB_WDI,WB_WDI_EN_GHG_CO2_PC_CE_AR5,FJI,_T,_T,_T,_Z,_Z,_Z,2000,A,T,
7.630399,P1Y,0,,A,PU,_Z,2,,,False,WB_WDI,WB_WDI_EN_GHG_CO2_PC_CE_AR5,MYS,_T,_T,_T,_Z,_Z,_Z,2019,A,T,
3.106836,P1Y,0,,A,PU,_Z,2,,,False,WB_WDI,WB_WDI_EN_GHG_CO2_PC_CE_AR5,MDV,_T,_T,_T,_Z,_Z,_Z,2019,A,T,
0.290188,P1Y,0,,A,PU,_Z,2,,,False,WB_WDI,WB_WDI_EN_GHG_CO2_PC_CE_AR5,MLI,_T,_T,_T,_Z,_Z,_Z,2019,A,T,
3.320024,P1Y,0,,A,PU,_Z,2,,,False,WB_WDI,WB_WDI_EN_GHG_CO2_PC_CE_AR5,MLT,_T,_T,_T,_Z,_Z,_Z,2019,A,T,
0.002272,P1Y,0,,A,PU,_Z,2,,,False,WB_WDI,WB_WDI_EN_GHG_CO2_PC_CE_AR5,MHL,_T,_T,_T,_Z,_Z,_Z,2019,A,T,
1.004139,P1Y,0,,A,PU,_Z,2,,,False,WB_WDI,WB_WDI_EN_GHG_CO2_PC_CE_AR5,MRT,_T,_T,_T,_Z,_Z,_Z,2019,A,T,
3.321682,P1Y,0,,A,PU,_Z,2,,,False,WB_WDI,WB_WDI_EN_GHG_CO2_PC_CE_AR5,MUS,_T,_T,_T,_Z,_Z,_Z,2019,A,T,
3.925424,P1Y,0,,A,PU,_Z,2,,,False,WB_WDI,WB_WDI_EN_GHG_CO2_PC_CE_AR5,MEX,_T,_T,_T,_Z,_Z,_Z,2019,A,T,
0.001814,P1Y,0,,A,PU,_Z,2,,,False,WB_WDI,WB_WDI_EN_GHG_CO2_PC_CE_AR5,FSM,_T,_T,_T,_Z,_Z,_Z,2019,A,T,
3.41942,P1Y,0,,A,PU,_Z,2,,,False,WB_WDI,WB_WDI_EN_GHG_CO2_PC_CE_AR5,MDA,_T,_T,_T,_Z,_Z,_Z,2019,A,T,
6.34317,P1Y,0,,A,PU,_Z,2,,,False,WB_WDI,WB_WDI_EN_GHG_CO2_PC_CE_AR5,MYS,_T,_T,_T,_Z,_Z,_Z,2003,A,T,
1.947783,P1Y,0,,A,PU,_Z,2,,,False,WB_WDI,WB_WDI_EN_GHG_CO2_PC_CE_AR5,MDV,_T,_T,_T,_Z,_Z,_Z,2003,A,T,
0.070706,P1Y,0,,A,PU,_Z,2,,,False,WB_WDI,WB_WDI_EN_GHG_CO2_PC_CE_AR5,MLI,_T,_T,_T,_Z,_Z,_Z,2003,A,T,
6.556995,P1Y,0,,A,PU,_Z,2,,,False,WB_WDI,WB_WDI_EN_GHG_CO2_PC_CE_AR5,MLT,_T,_T,_T,_Z,_Z,_Z,2003,A,T,
0.001937,P1Y,0,,A,PU,_Z,2,,,False,WB_WDI,WB_WDI_EN_GHG_CO2_PC_CE_AR5,MHL,_T,_T,_T,_Z,_Z,_Z,2003,A,T,
0.48643,P1Y,0,,A,PU,_Z,2,,,False,WB_WDI,WB_WDI_EN_GHG_CO2_PC_CE_AR5,MRT,_T,_T,_T,_Z,_Z,_Z,2003,A,T,
2.275893,P1Y,0,,A,PU,_Z,2,,,False,WB_WDI,WB_WDI_EN_GHG_CO2_PC_CE_AR5,MUS,_T,_T,_T,_Z,_Z,_Z,2003,A,T,
4.085414,P1Y,0,,A,PU,_Z,2,,,False,WB_WDI,WB_WDI_EN_GHG_CO2_PC_CE_AR5,MEX,_T,_T,_T,_Z,_Z,_Z,2003,A,T,
0.001781,P1Y,0,,A,PU,_Z,2,,,False,WB_WDI,WB_WDI_EN_GHG_CO2_PC_CE_AR5,FSM,_T,_T,_T,_Z,_Z,_Z,2003,A,T,
2.711079,P1Y,0,,A,PU,_Z,2,,,False,WB_WDI,WB_WDI_EN_GHG_CO2_PC_CE_AR5,MDA,_T,_T,_T,_Z,_Z,_Z,2003,A,T,
3.774632,P1Y,0,,A,PU,_Z,2,,,False,WB_WDI,WB_WDI_EN_GHG_CO2_PC_CE_AR5,MNG,_T,_T,_T,_Z,_Z,_Z,2003,A,T,
1.288586,P1Y,0,,A,PU,_Z,2,,,False,WB_WDI,WB_WDI_EN_GHG_CO2_PC_CE_AR5,MAR,_T,_T,_T,_Z,_Z,_Z,2003,A,T,
0.888688,P1Y,0,,A,PU,_Z,2,,,False,WB_WDI,WB_WDI_EN_GHG_CO2_PC_CE_AR5,SSF,_T,_T,_T,_Z,_Z,_Z,2004,A,T,
0.887372,P1Y,0,,A,PU,_Z,2,,,False,WB_WDI,WB_WDI_EN_GHG_CO2_PC_CE_AR5,SSA,_T,_T,_T,_Z,_Z,_Z,2004,A,T,
0.888688,P1Y,0,,A,PU,_Z,2,,,False,WB_WDI,WB_WDI_EN_GHG_CO2_PC_CE_AR5,TSS,_T,_T,_T,_Z,_Z,_Z,2004,A,T,
3.676834,P1Y,0,,A,PU,_Z,2,,,False,WB_WDI,WB_WDI_EN_GHG_CO2_PC_CE_AR5,UMC,_T,_T,_T,_Z,_Z,_Z,2004,A,T,
4.283268,P1Y,0,,A,PU,_Z,2,,,False,WB_WDI,WB_WDI_EN_GHG_CO2_PC_CE_AR5,WLD,_T,_T,_T,_Z,_Z,_Z,2004,A,T,
0.038301,P1Y,0,,A,PU,_Z,2,,,False,WB_WDI,WB_WDI_EN_GHG_CO2_PC_CE_AR5,AFG,_T,_T,_T,_Z,_Z,_Z,2004,A,T,
1.458371,P1Y,0,,A,PU,_Z,2,,,False,WB_WDI,WB_WDI_EN_GHG_CO2_PC_CE_AR5,ALB,_T,_T,_T,_Z,_Z,_Z,2004,A,T,
2.961418,P1Y,0,,A,PU,_Z,2,,,False,WB_WDI,WB_WDI_EN_GHG_CO2_PC_CE_AR5,DZA,_T,_T,_T,_Z,_Z,_Z,2004,A,T,
0.00176,P1Y,0,,A,PU,_Z,2,,,False,WB_WDI,WB_WDI_EN_GHG_CO2_PC_CE_AR5,ASM,_T,_T,_T,_Z,_Z,_Z,2004,A,T,
0.95107,P1Y,0,,A,PU,_Z,2,,,False,WB_WDI,WB_WDI_EN_GHG_CO2_PC_CE_AR5,AGO,_T,_T,_T,_Z,_Z,_Z,2004,A,T,
2.113848,P1Y,0,,A,PU,_Z,2,,,False,WB_WDI,WB_WDI_EN_GHG_CO2_PC_CE_AR5,ATG,_T,_T,_T,_Z,_Z,_Z,2004,A,T,
3.855797,P1Y,0,,A,PU,_Z,2,,,False,WB_WDI,WB_WDI_EN_GHG_CO2_PC_CE_AR5,ARG,_T,_T,_T,_Z,_Z,_Z,2004,A,T,
1.187778,P1Y,0,,A,PU,_Z,2,,,False,WB_WDI,WB_WDI_EN_GHG_CO2_PC_CE_AR5,ARM,_T,_T,_T,_Z,_Z,_Z,2004,A,T,
3.67256,P1Y,0,,A,PU,_Z,2,,,False,WB_WDI,WB_WDI_EN_GHG_CO2_PC_CE_AR5,ABW,_T,_T,_T,_Z,_Z,_Z,2004,A,T,
11.073162,P1Y,0,,A,PU,_Z,2,,,False,WB_WDI,WB_WDI_EN_GHG_CO2_PC_CE_AR5,DNK,_T,_T,_T,_Z,_Z,_Z,2003,A,T,
1.016448,P1Y,0,,A,PU,_Z,2,,,False,WB_WDI,WB_WDI_EN_GHG_CO2_PC_CE_AR5,DJI,_T,_T,_T,_Z,_Z,_Z,2003,A,T,
0.817148,P1Y,0,,A,PU,_Z,2,,,False,WB_WDI,WB_WDI_EN_GHG_CO2_PC_CE_AR5,DMA,_T,_T,_T,_Z,_Z,_Z,2003,A,T,
2.092595,P1Y,0,,A,PU,_Z,2,,,False,WB_WDI,WB_WDI_EN_GHG_CO2_PC_CE_AR5,DOM,_T,_T,_T,_Z,_Z,_Z,2003,A,T,
1.865123,P1Y,0,,A,PU,_Z,2,,,False,WB_WDI,WB_WDI_EN_GHG_CO2_PC_CE_AR5,ECU,_T,_T,_T,_Z,_Z,_Z,2003,A,T,
1.899147,P1Y,0,,A,PU,_Z,2,,,False,WB_WDI,WB_WDI_EN_GHG_CO2_PC_CE_AR5,EGY,_T,_T,_T,_Z,_Z,_Z,2003,A,T,
1.096839,P1Y,0,,A,PU,_Z,2,,,False,WB_WDI,WB_WDI_EN_GHG_CO2_PC_CE_AR5,SLV,_T,_T,_T,_Z,_Z,_Z,2003,A,T,
4.234887,P1Y,0,,A,PU,_Z,2,,,False,WB_WDI,WB_WDI_EN_GHG_CO2_PC_CE_AR5,GNQ,_T,_T,_T,_Z,_Z,_Z,2003,A,T,
0.280845,P1Y,0,,A,PU,_Z,2,,,False,WB_WDI,WB_WDI_EN_GHG_CO2_PC_CE_AR5,ERI,_T,_T,_T,_Z,_Z,_Z,2003,A,T,
14.265787,P1Y,0,,A,PU,_Z,2,,,False,WB_WDI,WB_WDI_EN_GHG_CO2_PC_CE_AR5,EST,_T,_T,_T,_Z,_Z,_Z,2003,A,T,
0.941877,P1Y,0,,A,PU,_Z,2,,,False,WB_WDI,WB_WDI_EN_GHG_CO2_PC_CE_AR5,SWZ,_T,_T,_T,_Z,_Z,_Z,2003,A,T,
0.071252,P1Y,0,,A,PU,_Z,2,,,False,WB_WDI,WB_WDI_EN_GHG_CO2_PC_CE_AR5,ETH,_T,_T,_T,_Z,_Z,_Z,2003,A,T,
0.528528,P1Y,0,,A,PU,_Z,2,,,False,WB_WDI,WB_WDI_EN_GHG_CO2_PC_CE_AR5,SLB,_T,_T,_T,_Z,_Z,_Z,2000,A,T,
0.070746,P1Y,0,,A,PU,_Z,2,,,False,WB_WDI,WB_WDI_EN_GHG_CO2_PC_CE_AR5,SOM,_T,_T,_T,_Z,_Z,_Z,2000,A,T,
7.363979,P1Y,0,,A,PU,_Z,2,,,False,WB_WDI,WB_WDI_EN_GHG_CO2_PC_CE_AR5,ZAF,_T,_T,_T,_Z,_Z,_Z,2000,A,T,
7.649718,P1Y,0,,A,PU,_Z,2,,,False,WB_WDI,WB_WDI_EN_GHG_CO2_PC_CE_AR5,ESP,_T,_T,_T,_Z,_Z,_Z,2000,A,T,
0.594343,P1Y,0,,A,PU,_Z,2,,,False,WB_WDI,WB_WDI_EN_GHG_CO2_PC_CE_AR5,LKA,_T,_T,_T,_Z,_Z,_Z,2000,A,T,
1.098391,P1Y,0,,A,PU,_Z,2,,,False,WB_WDI,WB_WDI_EN_GHG_CO2_PC_CE_AR5,KNA,_T,_T,_T,_Z,_Z,_Z,2000,A,T,
0.610279,P1Y,0,,A,PU,_Z,2,,,False,WB_WDI,WB_WDI_EN_GHG_CO2_PC_CE_AR5,LCA,_T,_T,_T,_Z,_Z,_Z,2000,A,T,
0.369017,P1Y,0,,A,PU,_Z,2,,,False,WB_WDI,WB_WDI_EN_GHG_CO2_PC_CE_AR5,VCT,_T,_T,_T,_Z,_Z,_Z,2000,A,T,
0.215697,P1Y,0,,A,PU,_Z,2,,,False,WB_WDI,WB_WDI_EN_GHG_CO2_PC_CE_AR5,SDN,_T,_T,_T,_Z,_Z,_Z,2000,A,T,
3.105469,P1Y,0,,A,PU,_Z,2,,,False,WB_WDI,WB_WDI_EN_GHG_CO2_PC_CE_AR5,SUR,_T,_T,_T,_Z,_Z,_Z,2000,A,T,
6.535549,P1Y,0,,A,PU,_Z,2,,,False,WB_WDI,WB_WDI_EN_GHG_CO2_PC_CE_AR5,SWE,_T,_T,_T,_Z,_Z,_Z,2000,A,T,
6.230894,P1Y,0,,A,PU,_Z,2,,,False,WB_WDI,WB_WDI_EN_GHG_CO2_PC_CE_AR5,CHE,_T,_T,_T,_Z,_Z,_Z,2000,A,T,
10.21551,P1Y,0,,A,PU,_Z,2,,,False,WB_WDI,WB_WDI_EN_GHG_CO2_PC_CE_AR5,DNK,_T,_T,_T,_Z,_Z,_Z,2001,A,T,
0.97885,P1Y,0,,A,PU,_Z,2,,,False,WB_WDI,WB_WDI_EN_GHG_CO2_PC_CE_AR5,DJI,_T,_T,_T,_Z,_Z,_Z,2001,A,T,
0.79809,P1Y,0,,A,PU,_Z,2,,,False,WB_WDI,WB_WDI_EN_GHG_CO2_PC_CE_AR5,DMA,_T,_T,_T,_Z,_Z,_Z,2001,A,T,
2.195835,P1Y,0,,A,PU,_Z,2,,,False,WB_WDI,WB_WDI_EN_GHG_CO2_PC_CE_AR5,DOM,_T,_T,_T,_Z,_Z,_Z,2001,A,T,
1.883478,P1Y,0,,A,PU,_Z,2,,,False,WB_WDI,WB_WDI_EN_GHG_CO2_PC_CE_AR5,ECU,_T,_T,_T,_Z,_Z,_Z,2001,A,T,
1.891485,P1Y,0,,A,PU,_Z,2,,,False,WB_WDI,WB_WDI_EN_GHG_CO2_PC_CE_AR5,EGY,_T,_T,_T,_Z,_Z,_Z,2001,A,T,
1.011434,P1Y,0,,A,PU,_Z,2,,,False,WB_WDI,WB_WDI_EN_GHG_CO2_PC_CE_AR5,SLV,_T,_T,_T,_Z,_Z,_Z,2001,A,T,
4.80185,P1Y,0,,A,PU,_Z,2,,,False,WB_WDI,WB_WDI_EN_GHG_CO2_PC_CE_AR5,GNQ,_T,_T,_T,_Z,_Z,_Z,2001,A,T,
0.318025,P1Y,0,,A,PU,_Z,2,,,False,WB_WDI,WB_WDI_EN_GHG_CO2_PC_CE_AR5,ERI,_T,_T,_T,_Z,_Z,_Z,2001,A,T,
13.146173,P1Y,0,,A,PU,_Z,2,,,False,WB_WDI,WB_WDI_EN_GHG_CO2_PC_CE_AR5,EST,_T,_T,_T,_Z,_Z,_Z,2001,A,T,
1.057976,P1Y,0,,A,PU,_Z,2,,,False,WB_WDI,WB_WDI_EN_GHG_CO2_PC_CE_AR5,SWZ,_T,_T,_T,_Z,_Z,_Z,2001,A,T,
0.0689,P1Y,0,,A,PU,_Z,2,,,False,WB_WDI,WB_WDI_EN_GHG_CO2_PC_CE_AR5,ETH,_T,_T,_T,_Z,_Z,_Z,2001,A,T,
1.437464,P1Y,0,,A,PU,_Z,2,,,False,WB_WDI,WB_WDI_EN_GHG_CO2_PC_CE_AR5,LMC,_T,_T,_T,_Z,_Z,_Z,2021,A,T,
4.077017,P1Y,0,,A,PU,_Z,2,,,False,WB_WDI,WB_WDI_EN_GHG_CO2_PC_CE_AR5,MEA,_T,_T,_T,_Z,_Z,_Z,2021,A,T,
2.735516,P1Y,0,,A,PU,_Z,2,,,False,WB_WDI,WB_WDI_EN_GHG_CO2_PC_CE_AR5,MNA,_T,_T,_T,_Z,_Z,_Z,2021,A,T,
2.735516,P1Y,0,,A,PU,_Z,2,,,False,WB_WDI,WB_WDI_EN_GHG_CO2_PC_CE_AR5,TMN,_T,_T,_T,_Z,_Z,_Z,2021,A,T,
3.872012,P1Y,0,,A,PU,_Z,2,,,False,WB_WDI,WB_WDI_EN_GHG_CO2_PC_CE_AR5,MIC,_T,_T,_T,_Z,_Z,_Z,2021,A,T,
14.352836,P1Y,0,,A,PU,_Z,2,,,False,WB_WDI,WB_WDI_EN_GHG_CO2_PC_CE_AR5,NAC,_T,_T,_T,_Z,_Z,_Z,2021,A,T,
8.534191,P1Y,0,,A,PU,_Z,2,,,False,WB_WDI,WB_WDI_EN_GHG_CO2_PC_CE_AR5,OED,_T,_T,_T,_Z,_Z,_Z,2021,A,T,
3.900372,P1Y,0,,A,PU,_Z,2,,,False,WB_WDI,WB_WDI_EN_GHG_CO2_PC_CE_AR5,OSS,_T,_T,_T,_Z,_Z,_Z,2021,A,T,
1.495338,P1Y,0,,A,PU,_Z,2,,,False,WB_WDI,WB_WDI_EN_GHG_CO2_PC_CE_AR5,PSS,_T,_T,_T,_Z,_Z,_Z,2021,A,T,
9.474015,P1Y,0,,A,PU,_Z,2,,,False,WB_WDI,WB_WDI_EN_GHG_CO2_PC_CE_AR5,PST,_T,_T,_T,_Z,_Z,_Z,2021,A,T,
0.564969,P1Y,0,,A,PU,_Z,2,,,False,WB_WDI,WB_WDI_EN_GHG_CO2_PC_CE_AR5,PRE,_T,_T,_T,_Z,_Z,_Z,2021,A,T,
4.661961,P1Y,0,,A,PU,_Z,2,,,False,WB_WDI,WB_WDI_EN_GHG_CO2_PC_CE_AR5,SST,_T,_T,_T,_Z,_Z,_Z,2021,A,T,
1.687763,P1Y,0,,A,PU,_Z,2,,,False,WB_WDI,WB_WDI_EN_GHG_CO2_PC_CE_AR5,SAS,_T,_T,_T,_Z,_Z,_Z,2021,A,T,
1.687763,P1Y,0,,A,PU,_Z,2,,,False,WB_WDI,WB_WDI_EN_GHG_CO2_PC_CE_AR5,TSA,_T,_T,_T,_Z,_Z,_Z,2021,A,T,
0.495059,P1Y,0,,A,PU,_Z,2,,,False,WB_WDI,WB_WDI_EN_GHG_CO2_PC_CE_AR5,AFW,_T,_T,_T,_Z,_Z,_Z,2023,A,T,
4.552564,P1Y,0,,A,PU,_Z,2,,,False,WB_WDI,WB_WDI_EN_GHG_CO2_PC_CE_AR5,ARB,_T,_T,_T,_Z,_Z,_Z,2023,A,T,
8.144509,P1Y,0,,A,PU,_Z,2,,,False,WB_WDI,WB_WDI_EN_GHG_CO2_PC_CE_AR5,CSS,_T,_T,_T,_Z,_Z,_Z,2023,A,T,
6.09127,P1Y,0,,A,PU,_Z,2,,,False,WB_WDI,WB_WDI_EN_GHG_CO2_PC_CE_AR5,CEB,_T,_T,_T,_Z,_Z,_Z,2023,A,T,
2.485788,P1Y,0,,A,PU,_Z,2,,,False,WB_WDI,WB_WDI_EN_GHG_CO2_PC_CE_AR5,EAR,_T,_T,_T,_Z,_Z,_Z,2023,A,T,
7.281755,P1Y,0,,A,PU,_Z,2,,,False,WB_WDI,WB_WDI_EN_GHG_CO2_PC_CE_AR5,EAS,_T,_T,_T,_Z,_Z,_Z,2023,A,T,
7.055745,P1Y,0,,A,PU,_Z,2,,,False,WB_WDI,WB_WDI_EN_GHG_CO2_PC_CE_AR5,EAP,_T,_T,_T,_Z,_Z,_Z,2023,A,T,
7.1135,P1Y,0,,A,PU,_Z,2,,,False,WB_WDI,WB_WDI_EN_GHG_CO2_PC_CE_AR5,TEA,_T,_T,_T,_Z,_Z,_Z,2023,A,T,
5.52295,P1Y,0,,A,PU,_Z,2,,,False,WB_WDI,WB_WDI_EN_GHG_CO2_PC_CE_AR5,EMU,_T,_T,_T,_Z,_Z,_Z,2023,A,T,
6.629758,P1Y,0,,A,PU,_Z,2,,,False,WB_WDI,WB_WDI_EN_GHG_CO2_PC_CE_AR5,ECS,_T,_T,_T,_Z,_Z,_Z,2023,A,T,
5.122735,P1Y,0,,A,PU,_Z,2,,,False,WB_WDI,WB_WDI_EN_GHG_CO2_PC_CE_AR5,ECA,_T,_T,_T,_Z,_Z,_Z,2023,A,T,
7.968546,P1Y,0,,A,PU,_Z,2,,,False,WB_WDI,WB_WDI_EN_GHG_CO2_PC_CE_AR5,TEC,_T,_T,_T,_Z,_Z,_Z,2023,A,T,
5.590798,P1Y,0,,A,PU,_Z,2,,,False,WB_WDI,WB_WDI_EN_GHG_CO2_PC_CE_AR5,EUU,_T,_T,_T,_Z,_Z,_Z,2023,A,T,
0.315626,P1Y,0,,A,PU,_Z,2,,,False,WB_WDI,WB_WDI_EN_GHG_CO2_PC_CE_AR5,HPC,_T,_T,_T,_Z,_Z,_Z,2023,A,T,
9.795101,P1Y,0,,A,PU,_Z,2,,,False,WB_WDI,WB_WDI_EN_GHG_CO2_PC_CE_AR5,HIC,_T,_T,_T,_Z,_Z,_Z,2023,A,T,
5.107477,P1Y,0,,A,PU,_Z,2,,,False,WB_WDI,WB_WDI_EN_GHG_CO2_PC_CE_AR5,IBD,_T,_T,_T,_Z,_Z,_Z,2023,A,T,
3.851814,P1Y,0,,A,PU,_Z,2,,,False,WB_WDI,WB_WDI_EN_GHG_CO2_PC_CE_AR5,IBT,_T,_T,_T,_Z,_Z,_Z,2023,A,T,
8.014122,P1Y,0,,A,PU,_Z,2,,,False,WB_WDI,WB_WDI_EN_GHG_CO2_PC_CE_AR5,ZAF,_T,_T,_T,_Z,_Z,_Z,2019,A,T,
5.398122,P1Y,0,,A,PU,_Z,2,,,False,WB_WDI,WB_WDI_EN_GHG_CO2_PC_CE_AR5,ESP,_T,_T,_T,_Z,_Z,_Z,2019,A,T,
1.099528,P1Y,0,,A,PU,_Z,2,,,False,WB_WDI,WB_WDI_EN_GHG_CO2_PC_CE_AR5,LKA,_T,_T,_T,_Z,_Z,_Z,2019,A,T,
2.773045,P1Y,0,,A,PU,_Z,2,,,False,WB_WDI,WB_WDI_EN_GHG_CO2_PC_CE_AR5,KNA,_T,_T,_T,_Z,_Z,_Z,2019,A,T,
1.658777,P1Y,0,,A,PU,_Z,2,,,False,WB_WDI,WB_WDI_EN_GHG_CO2_PC_CE_AR5,LCA,_T,_T,_T,_Z,_Z,_Z,2019,A,T,
1.118396,P1Y,0,,A,PU,_Z,2,,,False,WB_WDI,WB_WDI_EN_GHG_CO2_PC_CE_AR5,VCT,_T,_T,_T,_Z,_Z,_Z,2019,A,T,
0.515296,P1Y,0,,A,PU,_Z,2,,,False,WB_WDI,WB_WDI_EN_GHG_CO2_PC_CE_AR5,SDN,_T,_T,_T,_Z,_Z,_Z,2019,A,T,
4.393266,P1Y,0,,A,PU,_Z,2,,,False,WB_WDI,WB_WDI_EN_GHG_CO2_PC_CE_AR5,SUR,_T,_T,_T,_Z,_Z,_Z,2019,A,T,
3.842352,P1Y,0,,A,PU,_Z,2,,,False,WB_WDI,WB_WDI_EN_GHG_CO2_PC_CE_AR5,SWE,_T,_T,_T,_Z,_Z,_Z,2019,A,T,
4.477451,P1Y,0,,A,PU,_Z,2,,,False,WB_WDI,WB_WDI_EN_GHG_CO2_PC_CE_AR5,CHE,_T,_T,_T,_Z,_Z,_Z,2019,A,T,
1.63692,P1Y,0,,A,PU,_Z,2,,,False,WB_WDI,WB_WDI_EN_GHG_CO2_PC_CE_AR5,SYR,_T,_T,_T,_Z,_Z,_Z,2019,A,T,
0.064843,P1Y,0,,A,PU,_Z,2,,,False,WB_WDI,WB_WDI_EN_GHG_CO2_PC_CE_AR5,SOM,_T,_T,_T,_Z,_Z,_Z,2009,A,T,
8.83354,P1Y,0,,A,PU,_Z,2,,,False,WB_WDI,WB_WDI_EN_GHG_CO2_PC_CE_AR5,ZAF,_T,_T,_T,_Z,_Z,_Z,2009,A,T,
6.479366,P1Y,0,,A,PU,_Z,2,,,False,WB_WDI,WB_WDI_EN_GHG_CO2_PC_CE_AR5,ESP,_T,_T,_T,_Z,_Z,_Z,2009,A,T,
0.615578,P1Y,0,,A,PU,_Z,2,,,False,WB_WDI,WB_WDI_EN_GHG_CO2_PC_CE_AR5,LKA,_T,_T,_T,_Z,_Z,_Z,2009,A,T,
1.928979,P1Y,0,,A,PU,_Z,2,,,False,WB_WDI,WB_WDI_EN_GHG_CO2_PC_CE_AR5,KNA,_T,_T,_T,_Z,_Z,_Z,2009,A,T,
0.949555,P1Y,0,,A,PU,_Z,2,,,False,WB_WDI,WB_WDI_EN_GHG_CO2_PC_CE_AR5,LCA,_T,_T,_T,_Z,_Z,_Z,2009,A,T,
1.122996,P1Y,0,,A,PU,_Z,2,,,False,WB_WDI,WB_WDI_EN_GHG_CO2_PC_CE_AR5,VCT,_T,_T,_T,_Z,_Z,_Z,2009,A,T,
0.460761,P1Y,0,,A,PU,_Z,2,,,False,WB_WDI,WB_WDI_EN_GHG_CO2_PC_CE_AR5,SDN,_T,_T,_T,_Z,_Z,_Z,2009,A,T,
2.671239,P1Y,0,,A,PU,_Z,2,,,False,WB_WDI,WB_WDI_EN_GHG_CO2_PC_CE_AR5,SUR,_T,_T,_T,_Z,_Z,_Z,2009,A,T,
5.046042,P1Y,0,,A,PU,_Z,2,,,False,WB_WDI,WB_WDI_EN_GHG_CO2_PC_CE_AR5,SWE,_T,_T,_T,_Z,_Z,_Z,2009,A,T,
5.761748,P1Y,0,,A,PU,_Z,2,,,False,WB_WDI,WB_WDI_EN_GHG_CO2_PC_CE_AR5,CHE,_T,_T,_T,_Z,_Z,_Z,2009,A,T,
2.310288,P1Y,0,,A,PU,_Z,2,,,False,WB_WDI,WB_WDI_EN_GHG_CO2_PC_CE_AR5,BWA,_T,_T,_T,_Z,_Z,_Z,2001,A,T,
1.992821,P1Y,0,,A,PU,_Z,2,,,False,WB_WDI,WB_WDI_EN_GHG_CO2_PC_CE_AR5,BRA,_T,_T,_T,_Z,_Z,_Z,2001,A,T,
1.331987,P1Y,0,,A,PU,_Z,2,,,False,WB_WDI,WB_WDI_EN_GHG_CO2_PC_CE_AR5,VGB,_T,_T,_T,_Z,_Z,_Z,2001,A,T,
17.584785,P1Y,0,,A,PU,_Z,2,,,False,WB_WDI,WB_WDI_EN_GHG_CO2_PC_CE_AR5,BRN,_T,_T,_T,_Z,_Z,_Z,2001,A,T,
6.295805,P1Y,0,,A,PU,_Z,2,,,False,WB_WDI,WB_WDI_EN_GHG_CO2_PC_CE_AR5,BGR,_T,_T,_T,_Z,_Z,_Z,2001,A,T,
0.082985,P1Y,0,,A,PU,_Z,2,,,False,WB_WDI,WB_WDI_EN_GHG_CO2_PC_CE_AR5,BFA,_T,_T,_T,_Z,_Z,_Z,2001,A,T,
0.035542,P1Y,0,,A,PU,_Z,2,,,False,WB_WDI,WB_WDI_EN_GHG_CO2_PC_CE_AR5,BDI,_T,_T,_T,_Z,_Z,_Z,2001,A,T,
0.705637,P1Y,0,,A,PU,_Z,2,,,False,WB_WDI,WB_WDI_EN_GHG_CO2_PC_CE_AR5,CPV,_T,_T,_T,_Z,_Z,_Z,2001,A,T,
0.172817,P1Y,0,,A,PU,_Z,2,,,False,WB_WDI,WB_WDI_EN_GHG_CO2_PC_CE_AR5,KHM,_T,_T,_T,_Z,_Z,_Z,2001,A,T,
0.372338,P1Y,0,,A,PU,_Z,2,,,False,WB_WDI,WB_WDI_EN_GHG_CO2_PC_CE_AR5,CMR,_T,_T,_T,_Z,_Z,_Z,2001,A,T,
17.226334,P1Y,0,,A,PU,_Z,2,,,False,WB_WDI,WB_WDI_EN_GHG_CO2_PC_CE_AR5,CAN,_T,_T,_T,_Z,_Z,_Z,2001,A,T,
3.183334,P1Y,0,,A,PU,_Z,2,,,False,WB_WDI,WB_WDI_EN_GHG_CO2_PC_CE_AR5,CYM,_T,_T,_T,_Z,_Z,_Z,2001,A,T,
0.069703,P1Y,0,,A,PU,_Z,2,,,False,WB_WDI,WB_WDI_EN_GHG_CO2_PC_CE_AR5,CAF,_T,_T,_T,_Z,_Z,_Z,2001,A,T,
0.027623,P1Y,0,,A,PU,_Z,2,,,False,WB_WDI,WB_WDI_EN_GHG_CO2_PC_CE_AR5,TCD,_T,_T,_T,_Z,_Z,_Z,2001,A,T,
0.828158,P1Y,0,,A,PU,_Z,2,,,False,WB_WDI,WB_WDI_EN_GHG_CO2_PC_CE_AR5,IDB,_T,_T,_T,_Z,_Z,_Z,2023,A,T,
0.430442,P1Y,0,,A,PU,_Z,2,,,False,WB_WDI,WB_WDI_EN_GHG_CO2_PC_CE_AR5,IDX,_T,_T,_T,_Z,_Z,_Z,2023,A,T,
0.5701,P1Y,0,,A,PU,_Z,2,,,False,WB_WDI,WB_WDI_EN_GHG_CO2_PC_CE_AR5,IDA,_T,_T,_T,_Z,_Z,_Z,2023,A,T,
7.851664,P1Y,0,,A,PU,_Z,2,,,False,WB_WDI,WB_WDI_EN_GHG_CO2_PC_CE_AR5,LTE,_T,_T,_T,_Z,_Z,_Z,2023,A,T,
2.659419,P1Y,0,,A,PU,_Z,2,,,False,WB_WDI,WB_WDI_EN_GHG_CO2_PC_CE_AR5,LCN,_T,_T,_T,_Z,_Z,_Z,2023,A,T,
2.577108,P1Y,0,,A,PU,_Z,2,,,False,WB_WDI,WB_WDI_EN_GHG_CO2_PC_CE_AR5,LAC,_T,_T,_T,_Z,_Z,_Z,2023,A,T,
2.663467,P1Y,0,,A,PU,_Z,2,,,False,WB_WDI,WB_WDI_EN_GHG_CO2_PC_CE_AR5,TLA,_T,_T,_T,_Z,_Z,_Z,2023,A,T,
0.379124,P1Y,0,,A,PU,_Z,2,,,False,WB_WDI,WB_WDI_EN_GHG_CO2_PC_CE_AR5,LDC,_T,_T,_T,_Z,_Z,_Z,2023,A,T,
3.60913,P1Y,0,,A,PU,_Z,2,,,False,WB_WDI,WB_WDI_EN_GHG_CO2_PC_CE_AR5,LMY,_T,_T,_T,_Z,_Z,_Z,2023,A,T,
0.310243,P1Y,0,,A,PU,_Z,2,,,False,WB_WDI,WB_WDI_EN_GHG_CO2_PC_CE_AR5,LIC,_T,_T,_T,_Z,_Z,_Z,2023,A,T,
1.551124,P1Y,0,,A,PU,_Z,2,,,False,WB_WDI,WB_WDI_EN_GHG_CO2_PC_CE_AR5,LMC,_T,_T,_T,_Z,_Z,_Z,2023,A,T,
4.090683,P1Y,0,,A,PU,_Z,2,,,False,WB_WDI,WB_WDI_EN_GHG_CO2_PC_CE_AR5,MEA,_T,_T,_T,_Z,_Z,_Z,2023,A,T,
2.732714,P1Y,0,,A,PU,_Z,2,,,False,WB_WDI,WB_WDI_EN_GHG_CO2_PC_CE_AR5,MNA,_T,_T,_T,_Z,_Z,_Z,2023,A,T,
2.732714,P1Y,0,,A,PU,_Z,2,,,False,WB_WDI,WB_WDI_EN_GHG_CO2_PC_CE_AR5,TMN,_T,_T,_T,_Z,_Z,_Z,2023,A,T,
4.008375,P1Y,0,,A,PU,_Z,2,,,False,WB_WDI,WB_WDI_EN_GHG_CO2_PC_CE_AR5,MIC,_T,_T,_T,_Z,_Z,_Z,2023,A,T,
9.053293,P1Y,0,,A,PU,_Z,2,,,True,WB_WDI,WB_WDI_EN_GHG_CO2_PC_CE_AR5,IRN,_T,_T,_T,_Z,_Z,_Z,2024,A,T,
5.183752,P1Y,0,,A,PU,_Z,2,,,True,WB_WDI,WB_WDI_EN_GHG_CO2_PC_CE_AR5,IRQ,_T,_T,_T,_Z,_Z,_Z,2024,A,T,
6.036058,P1Y,0,,A,PU,_Z,2,,,True,WB_WDI,WB_WDI_EN_GHG_CO2_PC_CE_AR5,IRL,_T,_T,_T,_Z,_Z,_Z,2024,A,T,
5.765272,P1Y,0,,A,PU,_Z,2,,,True,WB_WDI,WB_WDI_EN_GHG_CO2_PC_CE_AR5,ISR,_T,_T,_T,_Z,_Z,_Z,2024,A,T,
5.075738,P1Y,0,,A,PU,_Z,2,,,True,WB_WDI,WB_WDI_EN_GHG_CO2_PC_CE_AR5,ITA,_T,_T,_T,_Z,_Z,_Z,2024,A,T,
2.843784,P1Y,0,,A,PU,_Z,2,,,True,WB_WDI,WB_WDI_EN_GHG_CO2_PC_CE_AR5,JAM,_T,_T,_T,_Z,_Z,_Z,2024,A,T,
7.842421,P1Y,0,,A,PU,_Z,2,,,True,WB_WDI,WB_WDI_EN_GHG_CO2_PC_CE_AR5,JPN,_T,_T,_T,_Z,_Z,_Z,2024,A,T,
2.089869,P1Y,0,,A,PU,_Z,2,,,True,WB_WDI,WB_WDI_EN_GHG_CO2_PC_CE_AR5,JOR,_T,_T,_T,_Z,_Z,_Z,2024,A,T,
12.567819,P1Y,0,,A,PU,_Z,2,,,True,WB_WDI,WB_WDI_EN_GHG_CO2_PC_CE_AR5,KAZ,_T,_T,_T,_Z,_Z,_Z,2024,A,T,
0.383441,P1Y,0,,A,PU,_Z,2,,,True,WB_WDI,WB_WDI_EN_GHG_CO2_PC_CE_AR5,KEN,_T,_T,_T,_Z,_Z,_Z,2024,A,T,
0.592486,P1Y,0,,A,PU,_Z,2,,,True,WB_WDI,WB_WDI_EN_GHG_CO2_PC_CE_AR5,KIR,_T,_T,_T,_Z,_Z,_Z,2024,A,T,
2.499711,P1Y,0,,A,PU,_Z,2,,,True,WB_WDI,WB_WDI_EN_GHG_CO2_PC_CE_AR5,PRK,_T,_T,_T,_Z,_Z,_Z,2024,A,T,
11.362257,P1Y,0,,A,PU,_Z,2,,,True,WB_WDI,WB_WDI_EN_GHG_CO2_PC_CE_AR5,KOR,_T,_T,_T,_Z,_Z,_Z,2024,A,T,
23.672672,P1Y,0,,A,PU,_Z,2,,,True,WB_WDI,WB_WDI_EN_GHG_CO2_PC_CE_AR5,KWT,_T,_T,_T,_Z,_Z,_Z,2024,A,T,
1.487842,P1Y,0,,A,PU,_Z,2,,,True,WB_WDI,WB_WDI_EN_GHG_CO2_PC_CE_AR5,KGZ,_T,_T,_T,_Z,_Z,_Z,2024,A,T,
1.066986,P1Y,0,,A,PU,_Z,2,,,False,WB_WDI,WB_WDI_EN_GHG_CO2_PC_CE_AR5,TSA,_T,_T,_T,_Z,_Z,_Z,2007,A,T,
0.863405,P1Y,0,,A,PU,_Z,2,,,False,WB_WDI,WB_WDI_EN_GHG_CO2_PC_CE_AR5,SSF,_T,_T,_T,_Z,_Z,_Z,2007,A,T,
0.86243,P1Y,0,,A,PU,_Z,2,,,False,WB_WDI,WB_WDI_EN_GHG_CO2_PC_CE_AR5,SSA,_T,_T,_T,_Z,_Z,_Z,2007,A,T,
0.863405,P1Y,0,,A,PU,_Z,2,,,False,WB_WDI,WB_WDI_EN_GHG_CO2_PC_CE_AR5,TSS,_T,_T,_T,_Z,_Z,_Z,2007,A,T,
4.516089,P1Y,0,,A,PU,_Z,2,,,False,WB_WDI,WB_WDI_EN_GHG_CO2_PC_CE_AR5,UMC,_T,_T,_T,_Z,_Z,_Z,2007,A,T,
4.588319,P1Y,0,,A,PU,_Z,2,,,False,WB_WDI,WB_WDI_EN_GHG_CO2_PC_CE_AR5,WLD,_T,_T,_T,_Z,_Z,_Z,2007,A,T,
0.079669,P1Y,0,,A,PU,_Z,2,,,False,WB_WDI,WB_WDI_EN_GHG_CO2_PC_CE_AR5,AFG,_T,_T,_T,_Z,_Z,_Z,2007,A,T,
1.429621,P1Y,0,,A,PU,_Z,2,,,False,WB_WDI,WB_WDI_EN_GHG_CO2_PC_CE_AR5,ALB,_T,_T,_T,_Z,_Z,_Z,2007,A,T,
3.185667,P1Y,0,,A,PU,_Z,2,,,False,WB_WDI,WB_WDI_EN_GHG_CO2_PC_CE_AR5,DZA,_T,_T,_T,_Z,_Z,_Z,2007,A,T,
0.001782,P1Y,0,,A,PU,_Z,2,,,False,WB_WDI,WB_WDI_EN_GHG_CO2_PC_CE_AR5,ASM,_T,_T,_T,_Z,_Z,_Z,2007,A,T,
0.820841,P1Y,0,,A,PU,_Z,2,,,False,WB_WDI,WB_WDI_EN_GHG_CO2_PC_CE_AR5,AGO,_T,_T,_T,_Z,_Z,_Z,2007,A,T,
2.626554,P1Y,0,,A,PU,_Z,2,,,False,WB_WDI,WB_WDI_EN_GHG_CO2_PC_CE_AR5,ATG,_T,_T,_T,_Z,_Z,_Z,2007,A,T,
4.325342,P1Y,0,,A,PU,_Z,2,,,False,WB_WDI,WB_WDI_EN_GHG_CO2_PC_CE_AR5,ARG,_T,_T,_T,_Z,_Z,_Z,2007,A,T,
0.969475,P1Y,0,,A,PU,_Z,2,,,True,WB_WDI,WB_WDI_EN_GHG_CO2_PC_CE_AR5,MRT,_T,_T,_T,_Z,_Z,_Z,2024,A,T,
3.536342,P1Y,0,,A,PU,_Z,2,,,True,WB_WDI,WB_WDI_EN_GHG_CO2_PC_CE_AR5,MUS,_T,_T,_T,_Z,_Z,_Z,2024,A,T,
3.637387,P1Y,0,,A,PU,_Z,2,,,True,WB_WDI,WB_WDI_EN_GHG_CO2_PC_CE_AR5,MEX,_T,_T,_T,_Z,_Z,_Z,2024,A,T,
0.001767,P1Y,0,,A,PU,_Z,2,,,True,WB_WDI,WB_WDI_EN_GHG_CO2_PC_CE_AR5,FSM,_T,_T,_T,_Z,_Z,_Z,2024,A,T,
3.416759,P1Y,0,,A,PU,_Z,2,,,True,WB_WDI,WB_WDI_EN_GHG_CO2_PC_CE_AR5,MDA,_T,_T,_T,_Z,_Z,_Z,2024,A,T,
7.846656,P1Y,0,,A,PU,_Z,2,,,True,WB_WDI,WB_WDI_EN_GHG_CO2_PC_CE_AR5,MNG,_T,_T,_T,_Z,_Z,_Z,2024,A,T,
1.839253,P1Y,0,,A,PU,_Z,2,,,True,WB_WDI,WB_WDI_EN_GHG_CO2_PC_CE_AR5,MAR,_T,_T,_T,_Z,_Z,_Z,2024,A,T,
0.292006,P1Y,0,,A,PU,_Z,2,,,True,WB_WDI,WB_WDI_EN_GHG_CO2_PC_CE_AR5,MOZ,_T,_T,_T,_Z,_Z,_Z,2024,A,T,
0.575463,P1Y,0,,A,PU,_Z,2,,,True,WB_WDI,WB_WDI_EN_GHG_CO2_PC_CE_AR5,MMR,_T,_T,_T,_Z,_Z,_Z,2024,A,T,
1.204502,P1Y,0,,A,PU,_Z,2,,,True,WB_WDI,WB_WDI_EN_GHG_CO2_PC_CE_AR5,NAM,_T,_T,_T,_Z,_Z,_Z,2024,A,T,
0,P1Y,0,,A,PU,_Z,2,,,True,WB_WDI,WB_WDI_EN_GHG_CO2_PC_CE_AR5,NRU,_T,_T,_T,_Z,_Z,_Z,2024,A,T,
0.535964,P1Y,0,,A,PU,_Z,2,,,True,WB_WDI,WB_WDI_EN_GHG_CO2_PC_CE_AR5,NPL,_T,_T,_T,_Z,_Z,_Z,2024,A,T,
6.601884,P1Y,0,,A,PU,_Z,2,,,True,WB_WDI,WB_WDI_EN_GHG_CO2_PC_CE_AR5,NLD,_T,_T,_T,_Z,_Z,_Z,2024,A,T,
17.080088,P1Y,0,,A,PU,_Z,2,,,True,WB_WDI,WB_WDI_EN_GHG_CO2_PC_CE_AR5,NCL,_T,_T,_T,_Z,_Z,_Z,2024,A,T,
6.014102,P1Y,0,,A,PU,_Z,2,,,True,WB_WDI,WB_WDI_EN_GHG_CO2_PC_CE_AR5,NZL,_T,_T,_T,_Z,_Z,_Z,2024,A,T,
0.829842,P1Y,0,,A,PU,_Z,2,,,True,WB_WDI,WB_WDI_EN_GHG_CO2_PC_CE_AR5,NIC,_T,_T,_T,_Z,_Z,_Z,2024,A,T,
4.088995,P1Y,0,,A,PU,_Z,2,,,False,WB_WDI,WB_WDI_EN_GHG_CO2_PC_CE_AR5,MEA,_T,_T,_T,_Z,_Z,_Z,2014,A,T,
2.583261,P1Y,0,,A,PU,_Z,2,,,False,WB_WDI,WB_WDI_EN_GHG_CO2_PC_CE_AR5,MNA,_T,_T,_T,_Z,_Z,_Z,2014,A,T,
2.583261,P1Y,0,,A,PU,_Z,2,,,False,WB_WDI,WB_WDI_EN_GHG_CO2_PC_CE_AR5,TMN,_T,_T,_T,_Z,_Z,_Z,2014,A,T,
3.662738,P1Y,0,,A,PU,_Z,2,,,False,WB_WDI,WB_WDI_EN_GHG_CO2_PC_CE_AR5,MIC,_T,_T,_T,_Z,_Z,_Z,2014,A,T,
16.417982,P1Y,0,,A,PU,_Z,2,,,False,WB_WDI,WB_WDI_EN_GHG_CO2_PC_CE_AR5,NAC,_T,_T,_T,_Z,_Z,_Z,2014,A,T,
9.539109,P1Y,0,,A,PU,_Z,2,,,False,WB_WDI,WB_WDI_EN_GHG_CO2_PC_CE_AR5,OED,_T,_T,_T,_Z,_Z,_Z,2014,A,T,
5.068085,P1Y,0,,A,PU,_Z,2,,,False,WB_WDI,WB_WDI_EN_GHG_CO2_PC_CE_AR5,OSS,_T,_T,_T,_Z,_Z,_Z,2014,A,T,
1.597415,P1Y,0,,A,PU,_Z,2,,,False,WB_WDI,WB_WDI_EN_GHG_CO2_PC_CE_AR5,PSS,_T,_T,_T,_Z,_Z,_Z,2014,A,T,
10.701551,P1Y,0,,A,PU,_Z,2,,,False,WB_WDI,WB_WDI_EN_GHG_CO2_PC_CE_AR5,PST,_T,_T,_T,_Z,_Z,_Z,2014,A,T,
0.526671,P1Y,0,,A,PU,_Z,2,,,False,WB_WDI,WB_WDI_EN_GHG_CO2_PC_CE_AR5,PRE,_T,_T,_T,_Z,_Z,_Z,2014,A,T,
5.896794,P1Y,0,,A,PU,_Z,2,,,False,WB_WDI,WB_WDI_EN_GHG_CO2_PC_CE_AR5,SST,_T,_T,_T,_Z,_Z,_Z,2014,A,T,
1.541528,P1Y,0,,A,PU,_Z,2,,,False,WB_WDI,WB_WDI_EN_GHG_CO2_PC_CE_AR5,SAS,_T,_T,_T,_Z,_Z,_Z,2014,A,T,
1.541528,P1Y,0,,A,PU,_Z,2,,,False,WB_WDI,WB_WDI_EN_GHG_CO2_PC_CE_AR5,TSA,_T,_T,_T,_Z,_Z,_Z,2014,A,T,
4.109895,P1Y,0,,A,PU,_Z,2,,,False,WB_WDI,WB_WDI_EN_GHG_CO2_PC_CE_AR5,MEA,_T,_T,_T,_Z,_Z,_Z,2017,A,T,
2.655826,P1Y,0,,A,PU,_Z,2,,,False,WB_WDI,WB_WDI_EN_GHG_CO2_PC_CE_AR5,MNA,_T,_T,_T,_Z,_Z,_Z,2017,A,T,
2.655826,P1Y,0,,A,PU,_Z,2,,,False,WB_WDI,WB_WDI_EN_GHG_CO2_PC_CE_AR5,TMN,_T,_T,_T,_Z,_Z,_Z,2017,A,T,
3.644716,P1Y,0,,A,PU,_Z,2,,,False,WB_WDI,WB_WDI_EN_GHG_CO2_PC_CE_AR5,MIC,_T,_T,_T,_Z,_Z,_Z,2017,A,T,
15.284616,P1Y,0,,A,PU,_Z,2,,,False,WB_WDI,WB_WDI_EN_GHG_CO2_PC_CE_AR5,NAC,_T,_T,_T,_Z,_Z,_Z,2017,A,T,
9.261081,P1Y,0,,A,PU,_Z,2,,,False,WB_WDI,WB_WDI_EN_GHG_CO2_PC_CE_AR5,OED,_T,_T,_T,_Z,_Z,_Z,2017,A,T,
4.782825,P1Y,0,,A,PU,_Z,2,,,False,WB_WDI,WB_WDI_EN_GHG_CO2_PC_CE_AR5,OSS,_T,_T,_T,_Z,_Z,_Z,2017,A,T,
1.488487,P1Y,0,,A,PU,_Z,2,,,False,WB_WDI,WB_WDI_EN_GHG_CO2_PC_CE_AR5,PSS,_T,_T,_T,_Z,_Z,_Z,2017,A,T,
10.256956,P1Y,0,,A,PU,_Z,2,,,False,WB_WDI,WB_WDI_EN_GHG_CO2_PC_CE_AR5,PST,_T,_T,_T,_Z,_Z,_Z,2017,A,T,
0.541576,P1Y,0,,A,PU,_Z,2,,,False,WB_WDI,WB_WDI_EN_GHG_CO2_PC_CE_AR5,PRE,_T,_T,_T,_Z,_Z,_Z,2017,A,T,
5.41654,P1Y,0,,A,PU,_Z,2,,,False,WB_WDI,WB_WDI_EN_GHG_CO2_PC_CE_AR5,SST,_T,_T,_T,_Z,_Z,_Z,2017,A,T,
1.641909,P1Y,0,,A,PU,_Z,2,,,False,WB_WDI,WB_WDI_EN_GHG_CO2_PC_CE_AR5,SAS,_T,_T,_T,_Z,_Z,_Z,2017,A,T,
1.641909,P1Y,0,,A,PU,_Z,2,,,False,WB_WDI,WB_WDI_EN_GHG_CO2_PC_CE_AR5,TSA,_T,_T,_T,_Z,_Z,_Z,2017,A,T,
9.025371,P1Y,0,,A,PU,_Z,2,,,False,WB_WDI,WB_WDI_EN_GHG_CO2_PC_CE_AR5,PST,_T,_T,_T,_Z,_Z,_Z,2020,A,T,
0.529215,P1Y,0,,A,PU,_Z,2,,,False,WB_WDI,WB_WDI_EN_GHG_CO2_PC_CE_AR5,PRE,_T,_T,_T,_Z,_Z,_Z,2020,A,T,
4.617502,P1Y,0,,A,PU,_Z,2,,,False,WB_WDI,WB_WDI_EN_GHG_CO2_PC_CE_AR5,SST,_T,_T,_T,_Z,_Z,_Z,2020,A,T,
1.543899,P1Y,0,,A,PU,_Z,2,,,False,WB_WDI,WB_WDI_EN_GHG_CO2_PC_CE_AR5,SAS,_T,_T,_T,_Z,_Z,_Z,2020,A,T,
1.543899,P1Y,0,,A,PU,_Z,2,,,False,WB_WDI,WB_WDI_EN_GHG_CO2_PC_CE_AR5,TSA,_T,_T,_T,_Z,_Z,_Z,2020,A,T,
0.734564,P1Y,0,,A,PU,_Z,2,,,False,WB_WDI,WB_WDI_EN_GHG_CO2_PC_CE_AR5,SSF,_T,_T,_T,_Z,_Z,_Z,2020,A,T,
0.733901,P1Y,0,,A,PU,_Z,2,,,False,WB_WDI,WB_WDI_EN_GHG_CO2_PC_CE_AR5,SSA,_T,_T,_T,_Z,_Z,_Z,2020,A,T,
0.734564,P1Y,0,,A,PU,_Z,2,,,False,WB_WDI,WB_WDI_EN_GHG_CO2_PC_CE_AR5,TSS,_T,_T,_T,_Z,_Z,_Z,2020,A,T,
5.844492,P1Y,0,,A,PU,_Z,2,,,False,WB_WDI,WB_WDI_EN_GHG_CO2_PC_CE_AR5,UMC,_T,_T,_T,_Z,_Z,_Z,2020,A,T,
4.474513,P1Y,0,,A,PU,_Z,2,,,False,WB_WDI,WB_WDI_EN_GHG_CO2_PC_CE_AR5,WLD,_T,_T,_T,_Z,_Z,_Z,2020,A,T,
0.310825,P1Y,0,,A,PU,_Z,2,,,False,WB_WDI,WB_WDI_EN_GHG_CO2_PC_CE_AR5,AFG,_T,_T,_T,_Z,_Z,_Z,2020,A,T,
1.806461,P1Y,0,,A,PU,_Z,2,,,False,WB_WDI,WB_WDI_EN_GHG_CO2_PC_CE_AR5,ALB,_T,_T,_T,_Z,_Z,_Z,2020,A,T,
0.432709,P1Y,0,,A,PU,_Z,2,,,False,WB_WDI,WB_WDI_EN_GHG_CO2_PC_CE_AR5,PRE,_T,_T,_T,_Z,_Z,_Z,2006,A,T,
6.106869,P1Y,0,,A,PU,_Z,2,,,False,WB_WDI,WB_WDI_EN_GHG_CO2_PC_CE_AR5,SST,_T,_T,_T,_Z,_Z,_Z,2006,A,T,
0.995096,P1Y,0,,A,PU,_Z,2,,,False,WB_WDI,WB_WDI_EN_GHG_CO2_PC_CE_AR5,SAS,_T,_T,_T,_Z,_Z,_Z,2006,A,T,
0.995096,P1Y,0,,A,PU,_Z,2,,,False,WB_WDI,WB_WDI_EN_GHG_CO2_PC_CE_AR5,TSA,_T,_T,_T,_Z,_Z,_Z,2006,A,T,
0.864207,P1Y,0,,A,PU,_Z,2,,,False,WB_WDI,WB_WDI_EN_GHG_CO2_PC_CE_AR5,SSF,_T,_T,_T,_Z,_Z,_Z,2006,A,T,
0.862975,P1Y,0,,A,PU,_Z,2,,,False,WB_WDI,WB_WDI_EN_GHG_CO2_PC_CE_AR5,SSA,_T,_T,_T,_Z,_Z,_Z,2006,A,T,
0.864207,P1Y,0,,A,PU,_Z,2,,,False,WB_WDI,WB_WDI_EN_GHG_CO2_PC_CE_AR5,TSS,_T,_T,_T,_Z,_Z,_Z,2006,A,T,
4.25522,P1Y,0,,A,PU,_Z,2,,,False,WB_WDI,WB_WDI_EN_GHG_CO2_PC_CE_AR5,UMC,_T,_T,_T,_Z,_Z,_Z,2006,A,T,
4.478021,P1Y,0,,A,PU,_Z,2,,,False,WB_WDI,WB_WDI_EN_GHG_CO2_PC_CE_AR5,WLD,_T,_T,_T,_Z,_Z,_Z,2006,A,T,
0.055794,P1Y,0,,A,PU,_Z,2,,,False,WB_WDI,WB_WDI_EN_GHG_CO2_PC_CE_AR5,AFG,_T,_T,_T,_Z,_Z,_Z,2006,A,T,
1.3818,P1Y,0,,A,PU,_Z,2,,,False,WB_WDI,WB_WDI_EN_GHG_CO2_PC_CE_AR5,ALB,_T,_T,_T,_Z,_Z,_Z,2006,A,T,
3.137802,P1Y,0,,A,PU,_Z,2,,,False,WB_WDI,WB_WDI_EN_GHG_CO2_PC_CE_AR5,DZA,_T,_T,_T,_Z,_Z,_Z,2006,A,T,
0.001774,P1Y,0,,A,PU,_Z,2,,,False,WB_WDI,WB_WDI_EN_GHG_CO2_PC_CE_AR5,ASM,_T,_T,_T,_Z,_Z,_Z,2006,A,T,
0.815392,P1Y,0,,A,PU,_Z,2,,,False,WB_WDI,WB_WDI_EN_GHG_CO2_PC_CE_AR5,AGO,_T,_T,_T,_Z,_Z,_Z,2006,A,T,
20.683346,P1Y,0,,A,PU,_Z,2,,,False,WB_WDI,WB_WDI_EN_GHG_CO2_PC_CE_AR5,NAC,_T,_T,_T,_Z,_Z,_Z,2000,A,T,
11.146668,P1Y,0,,A,PU,_Z,2,,,False,WB_WDI,WB_WDI_EN_GHG_CO2_PC_CE_AR5,OED,_T,_T,_T,_Z,_Z,_Z,2000,A,T,
4.680113,P1Y,0,,A,PU,_Z,2,,,False,WB_WDI,WB_WDI_EN_GHG_CO2_PC_CE_AR5,OSS,_T,_T,_T,_Z,_Z,_Z,2000,A,T,
2.056825,P1Y,0,,A,PU,_Z,2,,,False,WB_WDI,WB_WDI_EN_GHG_CO2_PC_CE_AR5,PSS,_T,_T,_T,_Z,_Z,_Z,2000,A,T,
12.523859,P1Y,0,,A,PU,_Z,2,,,False,WB_WDI,WB_WDI_EN_GHG_CO2_PC_CE_AR5,PST,_T,_T,_T,_Z,_Z,_Z,2000,A,T,
0.488457,P1Y,0,,A,PU,_Z,2,,,False,WB_WDI,WB_WDI_EN_GHG_CO2_PC_CE_AR5,PRE,_T,_T,_T,_Z,_Z,_Z,2000,A,T,
4.719626,P1Y,0,,A,PU,_Z,2,,,False,WB_WDI,WB_WDI_EN_GHG_CO2_PC_CE_AR5,SST,_T,_T,_T,_Z,_Z,_Z,2000,A,T,
0.840446,P1Y,0,,A,PU,_Z,2,,,False,WB_WDI,WB_WDI_EN_GHG_CO2_PC_CE_AR5,SAS,_T,_T,_T,_Z,_Z,_Z,2000,A,T,
0.840446,P1Y,0,,A,PU,_Z,2,,,False,WB_WDI,WB_WDI_EN_GHG_CO2_PC_CE_AR5,TSA,_T,_T,_T,_Z,_Z,_Z,2000,A,T,
0.847064,P1Y,0,,A,PU,_Z,2,,,False,WB_WDI,WB_WDI_EN_GHG_CO2_PC_CE_AR5,SSF,_T,_T,_T,_Z,_Z,_Z,2000,A,T,
0.846047,P1Y,0,,A,PU,_Z,2,,,False,WB_WDI,WB_WDI_EN_GHG_CO2_PC_CE_AR5,SSA,_T,_T,_T,_Z,_Z,_Z,2000,A,T,
0.847064,P1Y,0,,A,PU,_Z,2,,,False,WB_WDI,WB_WDI_EN_GHG_CO2_PC_CE_AR5,TSS,_T,_T,_T,_Z,_Z,_Z,2000,A,T,
2.889481,P1Y,0,,A,PU,_Z,2,,,False,WB_WDI,WB_WDI_EN_GHG_CO2_PC_CE_AR5,UMC,_T,_T,_T,_Z,_Z,_Z,2000,A,T,
4.009646,P1Y,0,,A,PU,_Z,2,,,False,WB_WDI,WB_WDI_EN_GHG_CO2_PC_CE_AR5,WLD,_T,_T,_T,_Z,_Z,_Z,2000,A,T,
4.085507,P1Y,0,,A,PU,_Z,2,,,False,WB_WDI,WB_WDI_EN_GHG_CO2_PC_CE_AR5,OSS,_T,_T,_T,_Z,_Z,_Z,2019,A,T,
1.573196,P1Y,0,,A,PU,_Z,2,,,False,WB_WDI,WB_WDI_EN_GHG_CO2_PC_CE_AR5,PSS,_T,_T,_T,_Z,_Z,_Z,2019,A,T,
9.932764,P1Y,0,,A,PU,_Z,2,,,False,WB_WDI,WB_WDI_EN_GHG_CO2_PC_CE_AR5,PST,_T,_T,_T,_Z,_Z,_Z,2019,A,T,
0.569306,P1Y,0,,A,PU,_Z,2,,,False,WB_WDI,WB_WDI_EN_GHG_CO2_PC_CE_AR5,PRE,_T,_T,_T,_Z,_Z,_Z,2019,A,T,
5.048351,P1Y,0,,A,PU,_Z,2,,,False,WB_WDI,WB_WDI_EN_GHG_CO2_PC_CE_AR5,SST,_T,_T,_T,_Z,_Z,_Z,2019,A,T,
1.682784,P1Y,0,,A,PU,_Z,2,,,False,WB_WDI,WB_WDI_EN_GHG_CO2_PC_CE_AR5,SAS,_T,_T,_T,_Z,_Z,_Z,2019,A,T,
1.682784,P1Y,0,,A,PU,_Z,2,,,False,WB_WDI,WB_WDI_EN_GHG_CO2_PC_CE_AR5,TSA,_T,_T,_T,_Z,_Z,_Z,2019,A,T,
0.792963,P1Y,0,,A,PU,_Z,2,,,False,WB_WDI,WB_WDI_EN_GHG_CO2_PC_CE_AR5,SSF,_T,_T,_T,_Z,_Z,_Z,2019,A,T,
0.792238,P1Y,0,,A,PU,_Z,2,,,False,WB_WDI,WB_WDI_EN_GHG_CO2_PC_CE_AR5,SSA,_T,_T,_T,_Z,_Z,_Z,2019,A,T,
0.792963,P1Y,0,,A,PU,_Z,2,,,False,WB_WDI,WB_WDI_EN_GHG_CO2_PC_CE_AR5,TSS,_T,_T,_T,_Z,_Z,_Z,2019,A,T,
5.899832,P1Y,0,,A,PU,_Z,2,,,False,WB_WDI,WB_WDI_EN_GHG_CO2_PC_CE_AR5,UMC,_T,_T,_T,_Z,_Z,_Z,2019,A,T,
4.701208,P1Y,0,,A,PU,_Z,2,,,False,WB_WDI,WB_WDI_EN_GHG_CO2_PC_CE_AR5,WLD,_T,_T,_T,_Z,_Z,_Z,2019,A,T,
0.319753,P1Y,0,,A,PU,_Z,2,,,False,WB_WDI,WB_WDI_EN_GHG_CO2_PC_CE_AR5,AFG,_T,_T,_T,_Z,_Z,_Z,2019,A,T,
5.107436,P1Y,0,,A,PU,_Z,2,,,False,WB_WDI,WB_WDI_EN_GHG_CO2_PC_CE_AR5,OSS,_T,_T,_T,_Z,_Z,_Z,2010,A,T,
2.084084,P1Y,0,,A,PU,_Z,2,,,False,WB_WDI,WB_WDI_EN_GHG_CO2_PC_CE_AR5,PSS,_T,_T,_T,_Z,_Z,_Z,2010,A,T,
11.485395,P1Y,0,,A,PU,_Z,2,,,False,WB_WDI,WB_WDI_EN_GHG_CO2_PC_CE_AR5,PST,_T,_T,_T,_Z,_Z,_Z,2010,A,T,
0.471892,P1Y,0,,A,PU,_Z,2,,,False,WB_WDI,WB_WDI_EN_GHG_CO2_PC_CE_AR5,PRE,_T,_T,_T,_Z,_Z,_Z,2010,A,T,
6.258962,P1Y,0,,A,PU,_Z,2,,,False,WB_WDI,WB_WDI_EN_GHG_CO2_PC_CE_AR5,SST,_T,_T,_T,_Z,_Z,_Z,2010,A,T,
1.253375,P1Y,0,,A,PU,_Z,2,,,False,WB_WDI,WB_WDI_EN_GHG_CO2_PC_CE_AR5,SAS,_T,_T,_T,_Z,_Z,_Z,2010,A,T,
1.253375,P1Y,0,,A,PU,_Z,2,,,False,WB_WDI,WB_WDI_EN_GHG_CO2_PC_CE_AR5,TSA,_T,_T,_T,_Z,_Z,_Z,2010,A,T,
0.839363,P1Y,0,,A,PU,_Z,2,,,False,WB_WDI,WB_WDI_EN_GHG_CO2_PC_CE_AR5,SSF,_T,_T,_T,_Z,_Z,_Z,2010,A,T,
0.838412,P1Y,0,,A,PU,_Z,2,,,False,WB_WDI,WB_WDI_EN_GHG_CO2_PC_CE_AR5,SSA,_T,_T,_T,_Z,_Z,_Z,2010,A,T,
0.839363,P1Y,0,,A,PU,_Z,2,,,False,WB_WDI,WB_WDI_EN_GHG_CO2_PC_CE_AR5,TSS,_T,_T,_T,_Z,_Z,_Z,2010,A,T,
5.06836,P1Y,0,,A,PU,_Z,2,,,False,WB_WDI,WB_WDI_EN_GHG_CO2_PC_CE_AR5,UMC,_T,_T,_T,_Z,_Z,_Z,2010,A,T,
4.671321,P1Y,0,,A,PU,_Z,2,,,False,WB_WDI,WB_WDI_EN_GHG_CO2_PC_CE_AR5,WLD,_T,_T,_T,_Z,_Z,_Z,2010,A,T,
4.700986,P1Y,0,,A,PU,_Z,2,,,False,WB_WDI,WB_WDI_EN_GHG_CO2_PC_CE_AR5,OSS,_T,_T,_T,_Z,_Z,_Z,2015,A,T,
1.566442,P1Y,0,,A,PU,_Z,2,,,False,WB_WDI,WB_WDI_EN_GHG_CO2_PC_CE_AR5,PSS,_T,_T,_T,_Z,_Z,_Z,2015,A,T,
10.520927,P1Y,0,,A,PU,_Z,2,,,False,WB_WDI,WB_WDI_EN_GHG_CO2_PC_CE_AR5,PST,_T,_T,_T,_Z,_Z,_Z,2015,A,T,
0.524602,P1Y,0,,A,PU,_Z,2,,,False,WB_WDI,WB_WDI_EN_GHG_CO2_PC_CE_AR5,PRE,_T,_T,_T,_Z,_Z,_Z,2015,A,T,
5.62992,P1Y,0,,A,PU,_Z,2,,,False,WB_WDI,WB_WDI_EN_GHG_CO2_PC_CE_AR5,SST,_T,_T,_T,_Z,_Z,_Z,2015,A,T,
1.556948,P1Y,0,,A,PU,_Z,2,,,False,WB_WDI,WB_WDI_EN_GHG_CO2_PC_CE_AR5,SAS,_T,_T,_T,_Z,_Z,_Z,2015,A,T,
1.556948,P1Y,0,,A,PU,_Z,2,,,False,WB_WDI,WB_WDI_EN_GHG_CO2_PC_CE_AR5,TSA,_T,_T,_T,_Z,_Z,_Z,2015,A,T,
0.822178,P1Y,0,,A,PU,_Z,2,,,False,WB_WDI,WB_WDI_EN_GHG_CO2_PC_CE_AR5,SSF,_T,_T,_T,_Z,_Z,_Z,2015,A,T,
0.82128,P1Y,0,,A,PU,_Z,2,,,False,WB_WDI,WB_WDI_EN_GHG_CO2_PC_CE_AR5,SSA,_T,_T,_T,_Z,_Z,_Z,2015,A,T,
0.822178,P1Y,0,,A,PU,_Z,2,,,False,WB_WDI,WB_WDI_EN_GHG_CO2_PC_CE_AR5,TSS,_T,_T,_T,_Z,_Z,_Z,2015,A,T,
5.55537,P1Y,0,,A,PU,_Z,2,,,False,WB_WDI,WB_WDI_EN_GHG_CO2_PC_CE_AR5,UMC,_T,_T,_T,_Z,_Z,_Z,2015,A,T,
4.69834,P1Y,0,,A,PU,_Z,2,,,False,WB_WDI,WB_WDI_EN_GHG_CO2_PC_CE_AR5,WLD,_T,_T,_T,_Z,_Z,_Z,2015,A,T,
