OBS_VALUE,TIME_FORMAT,UNIT_MULT,COMMENT_OBS,OBS_STATUS,OBS_CONF,AGG_METHOD,DECIMALS,COMMENT_TS,DATA_SOURCE,LATEST_DATA,DATABASE_ID,INDICATOR,REF_AREA,SEX,AGE,URBANISATION,COMP_BREAKDOWN_1,COMP_BREAKDOWN_2,COMP_BREAKDOWN_3,TIME_PERIOD,FREQ,UNIT_MEASURE,UNIT_TYPE
3337.473069,P1Y,0,,A,PU,_Z,2,,,False,WB_WDI,WB_WDI_NY_GDP_PCAP_PP_CD,ZMB,_T,_T,_T,_Z,_Z,_Z,2015,A,PPP,
4045.898647,P1Y,0,,A,PU,_Z,2,,,False,WB_WDI,WB_WDI_NY_GDP_PCAP_PP_CD,ZWE,_T,_T,_T,_Z,_Z,_Z,2015,A,PPP,
3634.441673,P1Y,0,,A,PU,_Z,2,,,False,WB_WDI,WB_WDI_NY_GDP_PCAP_PP_CD,AFE,_T,_T,_T,_Z,_Z,_Z,2016,A,PPP,
4965.330229,P1Y,0,,A,PU,_Z,2,,,False,WB_WDI,WB_WDI_NY_GDP_PCAP_PP_CD,AFW,_T,_T,_T,_Z,_Z,_Z,2016,A,PPP,
13860.663315,P1Y,0,,A,PU,_Z,2,,,False,WB_WDI,WB_WDI_NY_GDP_PCAP_PP_CD,ARB,_T,_T,_T,_Z,_Z,_Z,2016,A,PPP,
19975.902132,P1Y,0,,A,PU,_Z,2,,,False,WB_WDI,WB_WDI_NY_GDP_PCAP_PP_CD,CSS,_T,_T,_T,_Z,_Z,_Z,2016,A,PPP,
27864.333213,P1Y,0,,A,PU,_Z,2,,,False,WB_WDI,WB_WDI_NY_GDP_PCAP_PP_CD,CEB,_T,_T,_T,_Z,_Z,_Z,2016,A,PPP,
8635.174949,P1Y,0,,A,PU,_Z,2,,,False,WB_WDI,WB_WDI_NY_GDP_PCAP_PP_CD,EAR,_T,_T,_T,_Z,_Z,_Z,2016,A,PPP,
16050.882988,P1Y,0,,A,PU,_Z,2,,,False,WB_WDI,WB_WDI_NY_GDP_PCAP_PP_CD,EAS,_T,_T,_T,_Z,_Z,_Z,2016,A,PPP,
12741.993383,P1Y,0,,A,PU,_Z,2,,,False,WB_WDI,WB_WDI_NY_GDP_PCAP_PP_CD,EAP,_T,_T,_T,_Z,_Z,_Z,2016,A,PPP,
12885.893119,P1Y,0,,A,PU,_Z,2,,,False,WB_WDI,WB_WDI_NY_GDP_PCAP_PP_CD,TEA,_T,_T,_T,_Z,_Z,_Z,2016,A,PPP,
43704.85067,P1Y,0,,A,PU,_Z,2,,,False,WB_WDI,WB_WDI_NY_GDP_PCAP_PP_CD,EMU,_T,_T,_T,_Z,_Z,_Z,2016,A,PPP,
32453.913993,P1Y,0,,A,PU,_Z,2,,,False,WB_WDI,WB_WDI_NY_GDP_PCAP_PP_CD,ECS,_T,_T,_T,_Z,_Z,_Z,2016,A,PPP,
3113.446911,P1Y,0,,A,PU,_Z,2,,,False,WB_WDI,WB_WDI_NY_GDP_PCAP_PP_CD,YEM,_T,_T,_T,_Z,_Z,_Z,2005,A,PPP,
2212.812026,P1Y,0,,A,PU,_Z,2,,,False,WB_WDI,WB_WDI_NY_GDP_PCAP_PP_CD,ZMB,_T,_T,_T,_Z,_Z,_Z,2005,A,PPP,
2495.920817,P1Y,0,,A,PU,_Z,2,,,False,WB_WDI,WB_WDI_NY_GDP_PCAP_PP_CD,ZWE,_T,_T,_T,_Z,_Z,_Z,2005,A,PPP,
2835.845015,P1Y,0,,A,PU,_Z,2,,,False,WB_WDI,WB_WDI_NY_GDP_PCAP_PP_CD,AFE,_T,_T,_T,_Z,_Z,_Z,2006,A,PPP,
3569.23524,P1Y,0,,A,PU,_Z,2,,,False,WB_WDI,WB_WDI_NY_GDP_PCAP_PP_CD,AFW,_T,_T,_T,_Z,_Z,_Z,2006,A,PPP,
13018.85712,P1Y,0,,A,PU,_Z,2,,,False,WB_WDI,WB_WDI_NY_GDP_PCAP_PP_CD,ARB,_T,_T,_T,_Z,_Z,_Z,2006,A,PPP,
18069.551186,P1Y,0,,A,PU,_Z,2,,,False,WB_WDI,WB_WDI_NY_GDP_PCAP_PP_CD,CSS,_T,_T,_T,_Z,_Z,_Z,2006,A,PPP,
15868.521321,P1Y,0,,A,PU,_Z,2,,,False,WB_WDI,WB_WDI_NY_GDP_PCAP_PP_CD,CEB,_T,_T,_T,_Z,_Z,_Z,2006,A,PPP,
5764.164057,P1Y,0,,A,PU,_Z,2,,,False,WB_WDI,WB_WDI_NY_GDP_PCAP_PP_CD,EAR,_T,_T,_T,_Z,_Z,_Z,2006,A,PPP,
8991.93709,P1Y,0,,A,PU,_Z,2,,,False,WB_WDI,WB_WDI_NY_GDP_PCAP_PP_CD,EAS,_T,_T,_T,_Z,_Z,_Z,2006,A,PPP,
6002.405863,P1Y,0,,A,PU,_Z,2,,,False,WB_WDI,WB_WDI_NY_GDP_PCAP_PP_CD,EAP,_T,_T,_T,_Z,_Z,_Z,2006,A,PPP,
6072.76032,P1Y,0,,A,PU,_Z,2,,,False,WB_WDI,WB_WDI_NY_GDP_PCAP_PP_CD,TEA,_T,_T,_T,_Z,_Z,_Z,2006,A,PPP,
32445.827814,P1Y,0,,A,PU,_Z,2,,,False,WB_WDI,WB_WDI_NY_GDP_PCAP_PP_CD,EMU,_T,_T,_T,_Z,_Z,_Z,2006,A,PPP,
22536.860707,P1Y,0,,A,PU,_Z,2,,,False,WB_WDI,WB_WDI_NY_GDP_PCAP_PP_CD,ECS,_T,_T,_T,_Z,_Z,_Z,2006,A,PPP,
6215.816473,P1Y,0,,A,PU,_Z,2,,,False,WB_WDI,WB_WDI_NY_GDP_PCAP_PP_CD,PSE,_T,_T,_T,_Z,_Z,_Z,2018,A,PPP,
3442.273072,P1Y,0,,A,PU,_Z,2,,,False,WB_WDI,WB_WDI_NY_GDP_PCAP_PP_CD,ZMB,_T,_T,_T,_Z,_Z,_Z,2018,A,PPP,
3992.890719,P1Y,0,,A,PU,_Z,2,,,False,WB_WDI,WB_WDI_NY_GDP_PCAP_PP_CD,ZWE,_T,_T,_T,_Z,_Z,_Z,2018,A,PPP,
3801.413183,P1Y,0,,A,PU,_Z,2,,,False,WB_WDI,WB_WDI_NY_GDP_PCAP_PP_CD,AFE,_T,_T,_T,_Z,_Z,_Z,2019,A,PPP,
5484.249418,P1Y,0,,A,PU,_Z,2,,,False,WB_WDI,WB_WDI_NY_GDP_PCAP_PP_CD,AFW,_T,_T,_T,_Z,_Z,_Z,2019,A,PPP,
15746.004884,P1Y,0,,A,PU,_Z,2,,,False,WB_WDI,WB_WDI_NY_GDP_PCAP_PP_CD,ARB,_T,_T,_T,_Z,_Z,_Z,2019,A,PPP,
22157.001884,P1Y,0,,A,PU,_Z,2,,,False,WB_WDI,WB_WDI_NY_GDP_PCAP_PP_CD,CSS,_T,_T,_T,_Z,_Z,_Z,2019,A,PPP,
35861.693802,P1Y,0,,A,PU,_Z,2,,,False,WB_WDI,WB_WDI_NY_GDP_PCAP_PP_CD,CEB,_T,_T,_T,_Z,_Z,_Z,2019,A,PPP,
9940.087155,P1Y,0,,A,PU,_Z,2,,,False,WB_WDI,WB_WDI_NY_GDP_PCAP_PP_CD,EAR,_T,_T,_T,_Z,_Z,_Z,2019,A,PPP,
19051.27402,P1Y,0,,A,PU,_Z,2,,,False,WB_WDI,WB_WDI_NY_GDP_PCAP_PP_CD,EAS,_T,_T,_T,_Z,_Z,_Z,2019,A,PPP,
15683.062893,P1Y,0,,A,PU,_Z,2,,,False,WB_WDI,WB_WDI_NY_GDP_PCAP_PP_CD,EAP,_T,_T,_T,_Z,_Z,_Z,2019,A,PPP,
15858.860981,P1Y,0,,A,PU,_Z,2,,,False,WB_WDI,WB_WDI_NY_GDP_PCAP_PP_CD,TEA,_T,_T,_T,_Z,_Z,_Z,2019,A,PPP,
6168.137648,P1Y,0,,A,PU,_Z,2,,,False,WB_WDI,WB_WDI_NY_GDP_PCAP_PP_CD,UZB,_T,_T,_T,_Z,_Z,_Z,2012,A,PPP,
2834.126309,P1Y,0,,A,PU,_Z,2,,,False,WB_WDI,WB_WDI_NY_GDP_PCAP_PP_CD,VUT,_T,_T,_T,_Z,_Z,_Z,2012,A,PPP,
6376.797657,P1Y,0,,A,PU,_Z,2,,,False,WB_WDI,WB_WDI_NY_GDP_PCAP_PP_CD,VNM,_T,_T,_T,_Z,_Z,_Z,2012,A,PPP,
33878.983108,P1Y,0,,A,PU,_Z,2,,,False,WB_WDI,WB_WDI_NY_GDP_PCAP_PP_CD,VIR,_T,_T,_T,_Z,_Z,_Z,2012,A,PPP,
5214.648654,P1Y,0,,A,PU,_Z,2,,,False,WB_WDI,WB_WDI_NY_GDP_PCAP_PP_CD,PSE,_T,_T,_T,_Z,_Z,_Z,2012,A,PPP,
3004.920914,P1Y,0,,A,PU,_Z,2,,,False,WB_WDI,WB_WDI_NY_GDP_PCAP_PP_CD,YEM,_T,_T,_T,_Z,_Z,_Z,2012,A,PPP,
3323.633122,P1Y,0,,A,PU,_Z,2,,,False,WB_WDI,WB_WDI_NY_GDP_PCAP_PP_CD,ZMB,_T,_T,_T,_Z,_Z,_Z,2012,A,PPP,
3472.48572,P1Y,0,,A,PU,_Z,2,,,False,WB_WDI,WB_WDI_NY_GDP_PCAP_PP_CD,ZWE,_T,_T,_T,_Z,_Z,_Z,2012,A,PPP,
3373.823793,P1Y,0,,A,PU,_Z,2,,,False,WB_WDI,WB_WDI_NY_GDP_PCAP_PP_CD,AFE,_T,_T,_T,_Z,_Z,_Z,2013,A,PPP,
4861.150622,P1Y,0,,A,PU,_Z,2,,,False,WB_WDI,WB_WDI_NY_GDP_PCAP_PP_CD,AFW,_T,_T,_T,_Z,_Z,_Z,2013,A,PPP,
16033.859876,P1Y,0,,A,PU,_Z,2,,,False,WB_WDI,WB_WDI_NY_GDP_PCAP_PP_CD,ARB,_T,_T,_T,_Z,_Z,_Z,2013,A,PPP,
20903.058599,P1Y,0,,A,PU,_Z,2,,,False,WB_WDI,WB_WDI_NY_GDP_PCAP_PP_CD,CSS,_T,_T,_T,_Z,_Z,_Z,2013,A,PPP,
2167.022577,P1Y,0,,A,PU,_Z,2,,,False,WB_WDI,WB_WDI_NY_GDP_PCAP_PP_CD,AFE,_T,_T,_T,_Z,_Z,_Z,2000,A,PPP,
2457.445111,P1Y,0,,A,PU,_Z,2,,,False,WB_WDI,WB_WDI_NY_GDP_PCAP_PP_CD,AFW,_T,_T,_T,_Z,_Z,_Z,2000,A,PPP,
9944.486687,P1Y,0,,A,PU,_Z,2,,,False,WB_WDI,WB_WDI_NY_GDP_PCAP_PP_CD,ARB,_T,_T,_T,_Z,_Z,_Z,2000,A,PPP,
11711.51219,P1Y,0,,A,PU,_Z,2,,,False,WB_WDI,WB_WDI_NY_GDP_PCAP_PP_CD,CSS,_T,_T,_T,_Z,_Z,_Z,2000,A,PPP,
10038.243054,P1Y,0,,A,PU,_Z,2,,,False,WB_WDI,WB_WDI_NY_GDP_PCAP_PP_CD,CEB,_T,_T,_T,_Z,_Z,_Z,2000,A,PPP,
3321.196544,P1Y,0,,A,PU,_Z,2,,,False,WB_WDI,WB_WDI_NY_GDP_PCAP_PP_CD,UZB,_T,_T,_T,_Z,_Z,_Z,2004,A,PPP,
2157.445171,P1Y,0,,A,PU,_Z,2,,,False,WB_WDI,WB_WDI_NY_GDP_PCAP_PP_CD,VUT,_T,_T,_T,_Z,_Z,_Z,2004,A,PPP,
14757.108467,P1Y,0,,A,PU,_Z,2,,,False,WB_WDI,WB_WDI_NY_GDP_PCAP_PP_CD,VEN,_T,_T,_T,_Z,_Z,_Z,2004,A,PPP,
3543.099155,P1Y,0,,A,PU,_Z,2,,,False,WB_WDI,WB_WDI_NY_GDP_PCAP_PP_CD,VNM,_T,_T,_T,_Z,_Z,_Z,2004,A,PPP,
34609.194798,P1Y,0,,A,PU,_Z,2,,,False,WB_WDI,WB_WDI_NY_GDP_PCAP_PP_CD,VIR,_T,_T,_T,_Z,_Z,_Z,2004,A,PPP,
3013.739419,P1Y,0,,A,PU,_Z,2,,,False,WB_WDI,WB_WDI_NY_GDP_PCAP_PP_CD,PSE,_T,_T,_T,_Z,_Z,_Z,2004,A,PPP,
2948.84642,P1Y,0,,A,PU,_Z,2,,,False,WB_WDI,WB_WDI_NY_GDP_PCAP_PP_CD,YEM,_T,_T,_T,_Z,_Z,_Z,2004,A,PPP,
2067.937285,P1Y,0,,A,PU,_Z,2,,,False,WB_WDI,WB_WDI_NY_GDP_PCAP_PP_CD,ZMB,_T,_T,_T,_Z,_Z,_Z,2004,A,PPP,
2591.020054,P1Y,0,,A,PU,_Z,2,,,False,WB_WDI,WB_WDI_NY_GDP_PCAP_PP_CD,ZWE,_T,_T,_T,_Z,_Z,_Z,2004,A,PPP,
2649.498234,P1Y,0,,A,PU,_Z,2,,,False,WB_WDI,WB_WDI_NY_GDP_PCAP_PP_CD,AFE,_T,_T,_T,_Z,_Z,_Z,2005,A,PPP,
3380.219194,P1Y,0,,A,PU,_Z,2,,,False,WB_WDI,WB_WDI_NY_GDP_PCAP_PP_CD,AFW,_T,_T,_T,_Z,_Z,_Z,2005,A,PPP,
12202.834732,P1Y,0,,A,PU,_Z,2,,,False,WB_WDI,WB_WDI_NY_GDP_PCAP_PP_CD,ARB,_T,_T,_T,_Z,_Z,_Z,2005,A,PPP,
16225.016694,P1Y,0,,A,PU,_Z,2,,,False,WB_WDI,WB_WDI_NY_GDP_PCAP_PP_CD,CSS,_T,_T,_T,_Z,_Z,_Z,2005,A,PPP,
14279.467656,P1Y,0,,A,PU,_Z,2,,,False,WB_WDI,WB_WDI_NY_GDP_PCAP_PP_CD,CEB,_T,_T,_T,_Z,_Z,_Z,2005,A,PPP,
3503.034914,P1Y,0,,A,PU,_Z,2,,,False,WB_WDI,WB_WDI_NY_GDP_PCAP_PP_CD,ZMB,_T,_T,_T,_Z,_Z,_Z,2021,A,PPP,
4827.088694,P1Y,0,,A,PU,_Z,2,,,False,WB_WDI,WB_WDI_NY_GDP_PCAP_PP_CD,ZWE,_T,_T,_T,_Z,_Z,_Z,2021,A,PPP,
4369.191056,P1Y,0,,A,PU,_Z,2,,,False,WB_WDI,WB_WDI_NY_GDP_PCAP_PP_CD,AFE,_T,_T,_T,_Z,_Z,_Z,2022,A,PPP,
6220.122875,P1Y,0,,A,PU,_Z,2,,,False,WB_WDI,WB_WDI_NY_GDP_PCAP_PP_CD,AFW,_T,_T,_T,_Z,_Z,_Z,2022,A,PPP,
17956.131562,P1Y,0,,A,PU,_Z,2,,,False,WB_WDI,WB_WDI_NY_GDP_PCAP_PP_CD,ARB,_T,_T,_T,_Z,_Z,_Z,2022,A,PPP,
28974.99655,P1Y,0,,A,PU,_Z,2,,,False,WB_WDI,WB_WDI_NY_GDP_PCAP_PP_CD,CSS,_T,_T,_T,_Z,_Z,_Z,2022,A,PPP,
45290.566661,P1Y,0,,A,PU,_Z,2,,,False,WB_WDI,WB_WDI_NY_GDP_PCAP_PP_CD,CEB,_T,_T,_T,_Z,_Z,_Z,2022,A,PPP,
12274.967865,P1Y,0,,A,PU,_Z,2,,,False,WB_WDI,WB_WDI_NY_GDP_PCAP_PP_CD,EAR,_T,_T,_T,_Z,_Z,_Z,2022,A,PPP,
23692.010974,P1Y,0,,A,PU,_Z,2,,,False,WB_WDI,WB_WDI_NY_GDP_PCAP_PP_CD,EAS,_T,_T,_T,_Z,_Z,_Z,2022,A,PPP,
19926.104734,P1Y,0,,A,PU,_Z,2,,,False,WB_WDI,WB_WDI_NY_GDP_PCAP_PP_CD,EAP,_T,_T,_T,_Z,_Z,_Z,2022,A,PPP,
20149.688329,P1Y,0,,A,PU,_Z,2,,,False,WB_WDI,WB_WDI_NY_GDP_PCAP_PP_CD,TEA,_T,_T,_T,_Z,_Z,_Z,2022,A,PPP,
60990.036461,P1Y,0,,A,PU,_Z,2,,,False,WB_WDI,WB_WDI_NY_GDP_PCAP_PP_CD,EMU,_T,_T,_T,_Z,_Z,_Z,2022,A,PPP,
47640.048746,P1Y,0,,A,PU,_Z,2,,,False,WB_WDI,WB_WDI_NY_GDP_PCAP_PP_CD,ECS,_T,_T,_T,_Z,_Z,_Z,2022,A,PPP,
25117.992761,P1Y,0,,A,PU,_Z,2,,,False,WB_WDI,WB_WDI_NY_GDP_PCAP_PP_CD,ECA,_T,_T,_T,_Z,_Z,_Z,2022,A,PPP,
33015.057673,P1Y,0,,A,PU,_Z,2,,,False,WB_WDI,WB_WDI_NY_GDP_PCAP_PP_CD,TEC,_T,_T,_T,_Z,_Z,_Z,2022,A,PPP,
4286.372459,P1Y,0,,A,PU,_Z,2,,,False,WB_WDI,WB_WDI_NY_GDP_PCAP_PP_CD,SSA,_T,_T,_T,_Z,_Z,_Z,2013,A,PPP,
3980.582476,P1Y,0,,A,PU,_Z,2,,,False,WB_WDI,WB_WDI_NY_GDP_PCAP_PP_CD,TSS,_T,_T,_T,_Z,_Z,_Z,2013,A,PPP,
13434.152327,P1Y,0,,A,PU,_Z,2,,,False,WB_WDI,WB_WDI_NY_GDP_PCAP_PP_CD,UMC,_T,_T,_T,_Z,_Z,_Z,2013,A,PPP,
14720.776373,P1Y,0,,A,PU,_Z,2,,,False,WB_WDI,WB_WDI_NY_GDP_PCAP_PP_CD,WLD,_T,_T,_T,_Z,_Z,_Z,2013,A,PPP,
2133.241271,P1Y,0,,A,PU,_Z,2,,,False,WB_WDI,WB_WDI_NY_GDP_PCAP_PP_CD,AFG,_T,_T,_T,_Z,_Z,_Z,2013,A,PPP,
10882.026129,P1Y,0,,A,PU,_Z,2,,,False,WB_WDI,WB_WDI_NY_GDP_PCAP_PP_CD,ALB,_T,_T,_T,_Z,_Z,_Z,2013,A,PPP,
14370.820662,P1Y,0,,A,PU,_Z,2,,,False,WB_WDI,WB_WDI_NY_GDP_PCAP_PP_CD,DZA,_T,_T,_T,_Z,_Z,_Z,2013,A,PPP,
45609.230722,P1Y,0,,A,PU,_Z,2,,,False,WB_WDI,WB_WDI_NY_GDP_PCAP_PP_CD,AND,_T,_T,_T,_Z,_Z,_Z,2013,A,PPP,
8504.095321,P1Y,0,,A,PU,_Z,2,,,False,WB_WDI,WB_WDI_NY_GDP_PCAP_PP_CD,AGO,_T,_T,_T,_Z,_Z,_Z,2013,A,PPP,
21760.523286,P1Y,0,,A,PU,_Z,2,,,False,WB_WDI,WB_WDI_NY_GDP_PCAP_PP_CD,ATG,_T,_T,_T,_Z,_Z,_Z,2013,A,PPP,
19928.98949,P1Y,0,,A,PU,_Z,2,,,False,WB_WDI,WB_WDI_NY_GDP_PCAP_PP_CD,ARG,_T,_T,_T,_Z,_Z,_Z,2013,A,PPP,
9454.878528,P1Y,0,,A,PU,_Z,2,,,False,WB_WDI,WB_WDI_NY_GDP_PCAP_PP_CD,ARM,_T,_T,_T,_Z,_Z,_Z,2013,A,PPP,
11516.379829,P1Y,0,,A,PU,_Z,2,,,False,WB_WDI,WB_WDI_NY_GDP_PCAP_PP_CD,GUY,_T,_T,_T,_Z,_Z,_Z,2016,A,PPP,
3253.471786,P1Y,0,,A,PU,_Z,2,,,False,WB_WDI,WB_WDI_NY_GDP_PCAP_PP_CD,HTI,_T,_T,_T,_Z,_Z,_Z,2016,A,PPP,
5186.158974,P1Y,0,,A,PU,_Z,2,,,False,WB_WDI,WB_WDI_NY_GDP_PCAP_PP_CD,HND,_T,_T,_T,_Z,_Z,_Z,2016,A,PPP,
56761.482413,P1Y,0,,A,PU,_Z,2,,,False,WB_WDI,WB_WDI_NY_GDP_PCAP_PP_CD,HKG,_T,_T,_T,_Z,_Z,_Z,2016,A,PPP,
28178.945037,P1Y,0,,A,PU,_Z,2,,,False,WB_WDI,WB_WDI_NY_GDP_PCAP_PP_CD,HUN,_T,_T,_T,_Z,_Z,_Z,2016,A,PPP,
53480.397195,P1Y,0,,A,PU,_Z,2,,,False,WB_WDI,WB_WDI_NY_GDP_PCAP_PP_CD,ISL,_T,_T,_T,_Z,_Z,_Z,2016,A,PPP,
5800.481494,P1Y,0,,A,PU,_Z,2,,,False,WB_WDI,WB_WDI_NY_GDP_PCAP_PP_CD,IND,_T,_T,_T,_Z,_Z,_Z,2016,A,PPP,
10262.595165,P1Y,0,,A,PU,_Z,2,,,False,WB_WDI,WB_WDI_NY_GDP_PCAP_PP_CD,IDN,_T,_T,_T,_Z,_Z,_Z,2016,A,PPP,
15194.78558,P1Y,0,,A,PU,_Z,2,,,False,WB_WDI,WB_WDI_NY_GDP_PCAP_PP_CD,IRN,_T,_T,_T,_Z,_Z,_Z,2016,A,PPP,
9079.135318,P1Y,0,,A,PU,_Z,2,,,False,WB_WDI,WB_WDI_NY_GDP_PCAP_PP_CD,IRQ,_T,_T,_T,_Z,_Z,_Z,2016,A,PPP,
73012.819872,P1Y,0,,A,PU,_Z,2,,,False,WB_WDI,WB_WDI_NY_GDP_PCAP_PP_CD,IRL,_T,_T,_T,_Z,_Z,_Z,2016,A,PPP,
25910.573819,P1Y,0,,A,PU,_Z,2,,,False,WB_WDI,WB_WDI_NY_GDP_PCAP_PP_CD,EUU,_T,_T,_T,_Z,_Z,_Z,2004,A,PPP,
1542.639173,P1Y,0,,A,PU,_Z,2,,,False,WB_WDI,WB_WDI_NY_GDP_PCAP_PP_CD,HPC,_T,_T,_T,_Z,_Z,_Z,2004,A,PPP,
29611.75405,P1Y,0,,A,PU,_Z,2,,,False,WB_WDI,WB_WDI_NY_GDP_PCAP_PP_CD,HIC,_T,_T,_T,_Z,_Z,_Z,2004,A,PPP,
5797.01041,P1Y,0,,A,PU,_Z,2,,,False,WB_WDI,WB_WDI_NY_GDP_PCAP_PP_CD,IBD,_T,_T,_T,_Z,_Z,_Z,2004,A,PPP,
4978.662225,P1Y,0,,A,PU,_Z,2,,,False,WB_WDI,WB_WDI_NY_GDP_PCAP_PP_CD,IBT,_T,_T,_T,_Z,_Z,_Z,2004,A,PPP,
3396.356064,P1Y,0,,A,PU,_Z,2,,,False,WB_WDI,WB_WDI_NY_GDP_PCAP_PP_CD,IDB,_T,_T,_T,_Z,_Z,_Z,2004,A,PPP,
1636.855035,P1Y,0,,A,PU,_Z,2,,,False,WB_WDI,WB_WDI_NY_GDP_PCAP_PP_CD,IDX,_T,_T,_T,_Z,_Z,_Z,2004,A,PPP,
2252.491255,P1Y,0,,A,PU,_Z,2,,,False,WB_WDI,WB_WDI_NY_GDP_PCAP_PP_CD,IDA,_T,_T,_T,_Z,_Z,_Z,2004,A,PPP,
6656.595242,P1Y,0,,A,PU,_Z,2,,,False,WB_WDI,WB_WDI_NY_GDP_PCAP_PP_CD,LTE,_T,_T,_T,_Z,_Z,_Z,2004,A,PPP,
9937.218677,P1Y,0,,A,PU,_Z,2,,,False,WB_WDI,WB_WDI_NY_GDP_PCAP_PP_CD,LCN,_T,_T,_T,_Z,_Z,_Z,2004,A,PPP,
9685.810272,P1Y,0,,A,PU,_Z,2,,,False,WB_WDI,WB_WDI_NY_GDP_PCAP_PP_CD,LAC,_T,_T,_T,_Z,_Z,_Z,2004,A,PPP,
9830.482138,P1Y,0,,A,PU,_Z,2,,,False,WB_WDI,WB_WDI_NY_GDP_PCAP_PP_CD,TLA,_T,_T,_T,_Z,_Z,_Z,2004,A,PPP,
1567.338807,P1Y,0,,A,PU,_Z,2,,,False,WB_WDI,WB_WDI_NY_GDP_PCAP_PP_CD,LDC,_T,_T,_T,_Z,_Z,_Z,2004,A,PPP,
4712.743318,P1Y,0,,A,PU,_Z,2,,,False,WB_WDI,WB_WDI_NY_GDP_PCAP_PP_CD,LMY,_T,_T,_T,_Z,_Z,_Z,2004,A,PPP,
6384.228441,P1Y,0,,A,PU,_Z,2,,,False,WB_WDI,WB_WDI_NY_GDP_PCAP_PP_CD,CPV,_T,_T,_T,_Z,_Z,_Z,2011,A,PPP,
3223.102094,P1Y,0,,A,PU,_Z,2,,,False,WB_WDI,WB_WDI_NY_GDP_PCAP_PP_CD,KHM,_T,_T,_T,_Z,_Z,_Z,2011,A,PPP,
2988.817287,P1Y,0,,A,PU,_Z,2,,,False,WB_WDI,WB_WDI_NY_GDP_PCAP_PP_CD,CMR,_T,_T,_T,_Z,_Z,_Z,2011,A,PPP,
41666.837459,P1Y,0,,A,PU,_Z,2,,,False,WB_WDI,WB_WDI_NY_GDP_PCAP_PP_CD,CAN,_T,_T,_T,_Z,_Z,_Z,2011,A,PPP,
66629.163586,P1Y,0,,A,PU,_Z,2,,,False,WB_WDI,WB_WDI_NY_GDP_PCAP_PP_CD,CYM,_T,_T,_T,_Z,_Z,_Z,2011,A,PPP,
980.185521,P1Y,0,,A,PU,_Z,2,,,False,WB_WDI,WB_WDI_NY_GDP_PCAP_PP_CD,CAF,_T,_T,_T,_Z,_Z,_Z,2011,A,PPP,
2388.165121,P1Y,0,,A,PU,_Z,2,,,False,WB_WDI,WB_WDI_NY_GDP_PCAP_PP_CD,TCD,_T,_T,_T,_Z,_Z,_Z,2011,A,PPP,
20121.683421,P1Y,0,,A,PU,_Z,2,,,False,WB_WDI,WB_WDI_NY_GDP_PCAP_PP_CD,CHL,_T,_T,_T,_Z,_Z,_Z,2011,A,PPP,
10456.791683,P1Y,0,,A,PU,_Z,2,,,False,WB_WDI,WB_WDI_NY_GDP_PCAP_PP_CD,CHN,_T,_T,_T,_Z,_Z,_Z,2011,A,PPP,
11707.461462,P1Y,0,,A,PU,_Z,2,,,False,WB_WDI,WB_WDI_NY_GDP_PCAP_PP_CD,COL,_T,_T,_T,_Z,_Z,_Z,2011,A,PPP,
2471.787247,P1Y,0,,A,PU,_Z,2,,,False,WB_WDI,WB_WDI_NY_GDP_PCAP_PP_CD,COM,_T,_T,_T,_Z,_Z,_Z,2011,A,PPP,
13355.362416,P1Y,0,,A,PU,_Z,2,,,False,WB_WDI,WB_WDI_NY_GDP_PCAP_PP_CD,COL,_T,_T,_T,_Z,_Z,_Z,2014,A,PPP,
2937.611929,P1Y,0,,A,PU,_Z,2,,,False,WB_WDI,WB_WDI_NY_GDP_PCAP_PP_CD,COM,_T,_T,_T,_Z,_Z,_Z,2014,A,PPP,
859.356816,P1Y,0,,A,PU,_Z,2,,,False,WB_WDI,WB_WDI_NY_GDP_PCAP_PP_CD,COD,_T,_T,_T,_Z,_Z,_Z,2014,A,PPP,
5733.183936,P1Y,0,,A,PU,_Z,2,,,False,WB_WDI,WB_WDI_NY_GDP_PCAP_PP_CD,COG,_T,_T,_T,_Z,_Z,_Z,2014,A,PPP,
16393.809543,P1Y,0,,A,PU,_Z,2,,,False,WB_WDI,WB_WDI_NY_GDP_PCAP_PP_CD,CRI,_T,_T,_T,_Z,_Z,_Z,2014,A,PPP,
4074.214455,P1Y,0,,A,PU,_Z,2,,,False,WB_WDI,WB_WDI_NY_GDP_PCAP_PP_CD,CIV,_T,_T,_T,_Z,_Z,_Z,2014,A,PPP,
22706.179947,P1Y,0,,A,PU,_Z,2,,,False,WB_WDI,WB_WDI_NY_GDP_PCAP_PP_CD,HRV,_T,_T,_T,_Z,_Z,_Z,2014,A,PPP,
24347.760583,P1Y,0,,A,PU,_Z,2,,,False,WB_WDI,WB_WDI_NY_GDP_PCAP_PP_CD,CUW,_T,_T,_T,_Z,_Z,_Z,2014,A,PPP,
29892.710938,P1Y,0,,A,PU,_Z,2,,,False,WB_WDI,WB_WDI_NY_GDP_PCAP_PP_CD,CYP,_T,_T,_T,_Z,_Z,_Z,2014,A,PPP,
6144.717144,P1Y,0,,A,PU,_Z,2,,,False,WB_WDI,WB_WDI_NY_GDP_PCAP_PP_CD,IND,_T,_T,_T,_Z,_Z,_Z,2017,A,PPP,
10687.640922,P1Y,0,,A,PU,_Z,2,,,False,WB_WDI,WB_WDI_NY_GDP_PCAP_PP_CD,IDN,_T,_T,_T,_Z,_Z,_Z,2017,A,PPP,
15719.416702,P1Y,0,,A,PU,_Z,2,,,False,WB_WDI,WB_WDI_NY_GDP_PCAP_PP_CD,IRN,_T,_T,_T,_Z,_Z,_Z,2017,A,PPP,
10191.661699,P1Y,0,,A,PU,_Z,2,,,False,WB_WDI,WB_WDI_NY_GDP_PCAP_PP_CD,IRQ,_T,_T,_T,_Z,_Z,_Z,2017,A,PPP,
80450.352934,P1Y,0,,A,PU,_Z,2,,,False,WB_WDI,WB_WDI_NY_GDP_PCAP_PP_CD,IRL,_T,_T,_T,_Z,_Z,_Z,2017,A,PPP,
39470.868126,P1Y,0,,A,PU,_Z,2,,,False,WB_WDI,WB_WDI_NY_GDP_PCAP_PP_CD,ISR,_T,_T,_T,_Z,_Z,_Z,2017,A,PPP,
42142.343541,P1Y,0,,A,PU,_Z,2,,,False,WB_WDI,WB_WDI_NY_GDP_PCAP_PP_CD,ITA,_T,_T,_T,_Z,_Z,_Z,2017,A,PPP,
10466.487678,P1Y,0,,A,PU,_Z,2,,,False,WB_WDI,WB_WDI_NY_GDP_PCAP_PP_CD,JAM,_T,_T,_T,_Z,_Z,_Z,2017,A,PPP,
41444.215744,P1Y,0,,A,PU,_Z,2,,,False,WB_WDI,WB_WDI_NY_GDP_PCAP_PP_CD,JPN,_T,_T,_T,_Z,_Z,_Z,2017,A,PPP,
9265.515367,P1Y,0,,A,PU,_Z,2,,,False,WB_WDI,WB_WDI_NY_GDP_PCAP_PP_CD,JOR,_T,_T,_T,_Z,_Z,_Z,2017,A,PPP,
51240.698418,P1Y,0,,A,PU,_Z,2,,,False,WB_WDI,WB_WDI_NY_GDP_PCAP_PP_CD,EMU,_T,_T,_T,_Z,_Z,_Z,2019,A,PPP,
38545.980635,P1Y,0,,A,PU,_Z,2,,,False,WB_WDI,WB_WDI_NY_GDP_PCAP_PP_CD,ECS,_T,_T,_T,_Z,_Z,_Z,2019,A,PPP,
19465.538303,P1Y,0,,A,PU,_Z,2,,,False,WB_WDI,WB_WDI_NY_GDP_PCAP_PP_CD,ECA,_T,_T,_T,_Z,_Z,_Z,2019,A,PPP,
25405.645073,P1Y,0,,A,PU,_Z,2,,,False,WB_WDI,WB_WDI_NY_GDP_PCAP_PP_CD,TEC,_T,_T,_T,_Z,_Z,_Z,2019,A,PPP,
48583.578889,P1Y,0,,A,PU,_Z,2,,,False,WB_WDI,WB_WDI_NY_GDP_PCAP_PP_CD,EUU,_T,_T,_T,_Z,_Z,_Z,2019,A,PPP,
2819.512036,P1Y,0,,A,PU,_Z,2,,,False,WB_WDI,WB_WDI_NY_GDP_PCAP_PP_CD,HPC,_T,_T,_T,_Z,_Z,_Z,2019,A,PPP,
50890.456473,P1Y,0,,A,PU,_Z,2,,,False,WB_WDI,WB_WDI_NY_GDP_PCAP_PP_CD,HIC,_T,_T,_T,_Z,_Z,_Z,2019,A,PPP,
14534.926243,P1Y,0,,A,PU,_Z,2,,,False,WB_WDI,WB_WDI_NY_GDP_PCAP_PP_CD,IBD,_T,_T,_T,_Z,_Z,_Z,2019,A,PPP,
11860.402541,P1Y,0,,A,PU,_Z,2,,,False,WB_WDI,WB_WDI_NY_GDP_PCAP_PP_CD,IBT,_T,_T,_T,_Z,_Z,_Z,2019,A,PPP,
6061.370991,P1Y,0,,A,PU,_Z,2,,,False,WB_WDI,WB_WDI_NY_GDP_PCAP_PP_CD,IDB,_T,_T,_T,_Z,_Z,_Z,2019,A,PPP,
3604.334161,P1Y,0,,A,PU,_Z,2,,,False,WB_WDI,WB_WDI_NY_GDP_PCAP_PP_CD,IDX,_T,_T,_T,_Z,_Z,_Z,2019,A,PPP,
4462.592386,P1Y,0,,A,PU,_Z,2,,,False,WB_WDI,WB_WDI_NY_GDP_PCAP_PP_CD,IDA,_T,_T,_T,_Z,_Z,_Z,2019,A,PPP,
19217.816347,P1Y,0,,A,PU,_Z,2,,,False,WB_WDI,WB_WDI_NY_GDP_PCAP_PP_CD,LTE,_T,_T,_T,_Z,_Z,_Z,2019,A,PPP,
5633.383238,P1Y,0,,A,PU,_Z,2,,,False,WB_WDI,WB_WDI_NY_GDP_PCAP_PP_CD,HND,_T,_T,_T,_Z,_Z,_Z,2018,A,PPP,
60900.275292,P1Y,0,,A,PU,_Z,2,,,False,WB_WDI,WB_WDI_NY_GDP_PCAP_PP_CD,HKG,_T,_T,_T,_Z,_Z,_Z,2018,A,PPP,
32258.257789,P1Y,0,,A,PU,_Z,2,,,False,WB_WDI,WB_WDI_NY_GDP_PCAP_PP_CD,HUN,_T,_T,_T,_Z,_Z,_Z,2018,A,PPP,
57197.767625,P1Y,0,,A,PU,_Z,2,,,False,WB_WDI,WB_WDI_NY_GDP_PCAP_PP_CD,ISL,_T,_T,_T,_Z,_Z,_Z,2018,A,PPP,
6714.966399,P1Y,0,,A,PU,_Z,2,,,False,WB_WDI,WB_WDI_NY_GDP_PCAP_PP_CD,IND,_T,_T,_T,_Z,_Z,_Z,2018,A,PPP,
11372.097199,P1Y,0,,A,PU,_Z,2,,,False,WB_WDI,WB_WDI_NY_GDP_PCAP_PP_CD,IDN,_T,_T,_T,_Z,_Z,_Z,2018,A,PPP,
15324.067463,P1Y,0,,A,PU,_Z,2,,,False,WB_WDI,WB_WDI_NY_GDP_PCAP_PP_CD,IRN,_T,_T,_T,_Z,_Z,_Z,2018,A,PPP,
12034.401121,P1Y,0,,A,PU,_Z,2,,,False,WB_WDI,WB_WDI_NY_GDP_PCAP_PP_CD,IRQ,_T,_T,_T,_Z,_Z,_Z,2018,A,PPP,
86299.342022,P1Y,0,,A,PU,_Z,2,,,False,WB_WDI,WB_WDI_NY_GDP_PCAP_PP_CD,IRL,_T,_T,_T,_Z,_Z,_Z,2018,A,PPP,
40189.990996,P1Y,0,,A,PU,_Z,2,,,False,WB_WDI,WB_WDI_NY_GDP_PCAP_PP_CD,ISR,_T,_T,_T,_Z,_Z,_Z,2018,A,PPP,
13055.841747,P1Y,0,,A,PU,_Z,2,,,False,WB_WDI,WB_WDI_NY_GDP_PCAP_PP_CD,ALB,_T,_T,_T,_Z,_Z,_Z,2016,A,PPP,
13437.846023,P1Y,0,,A,PU,_Z,2,,,False,WB_WDI,WB_WDI_NY_GDP_PCAP_PP_CD,DZA,_T,_T,_T,_Z,_Z,_Z,2016,A,PPP,
53110.142626,P1Y,0,,A,PU,_Z,2,,,False,WB_WDI,WB_WDI_NY_GDP_PCAP_PP_CD,AND,_T,_T,_T,_Z,_Z,_Z,2016,A,PPP,
7766.837875,P1Y,0,,A,PU,_Z,2,,,False,WB_WDI,WB_WDI_NY_GDP_PCAP_PP_CD,AGO,_T,_T,_T,_Z,_Z,_Z,2016,A,PPP,
21320.437507,P1Y,0,,A,PU,_Z,2,,,False,WB_WDI,WB_WDI_NY_GDP_PCAP_PP_CD,ATG,_T,_T,_T,_Z,_Z,_Z,2016,A,PPP,
20105.76136,P1Y,0,,A,PU,_Z,2,,,False,WB_WDI,WB_WDI_NY_GDP_PCAP_PP_CD,ARG,_T,_T,_T,_Z,_Z,_Z,2016,A,PPP,
10570.272041,P1Y,0,,A,PU,_Z,2,,,False,WB_WDI,WB_WDI_NY_GDP_PCAP_PP_CD,ARM,_T,_T,_T,_Z,_Z,_Z,2016,A,PPP,
36117.535262,P1Y,0,,A,PU,_Z,2,,,False,WB_WDI,WB_WDI_NY_GDP_PCAP_PP_CD,ABW,_T,_T,_T,_Z,_Z,_Z,2016,A,PPP,
47446.210303,P1Y,0,,A,PU,_Z,2,,,False,WB_WDI,WB_WDI_NY_GDP_PCAP_PP_CD,AUS,_T,_T,_T,_Z,_Z,_Z,2016,A,PPP,
52397.863518,P1Y,0,,A,PU,_Z,2,,,False,WB_WDI,WB_WDI_NY_GDP_PCAP_PP_CD,AUT,_T,_T,_T,_Z,_Z,_Z,2016,A,PPP,
14535.802021,P1Y,0,,A,PU,_Z,2,,,False,WB_WDI,WB_WDI_NY_GDP_PCAP_PP_CD,AZE,_T,_T,_T,_Z,_Z,_Z,2016,A,PPP,
32285.276037,P1Y,0,,A,PU,_Z,2,,,False,WB_WDI,WB_WDI_NY_GDP_PCAP_PP_CD,BHS,_T,_T,_T,_Z,_Z,_Z,2016,A,PPP,
9585.134654,P1Y,0,,A,PU,_Z,2,,,False,WB_WDI,WB_WDI_NY_GDP_PCAP_PP_CD,IBT,_T,_T,_T,_Z,_Z,_Z,2014,A,PPP,
5374.465417,P1Y,0,,A,PU,_Z,2,,,False,WB_WDI,WB_WDI_NY_GDP_PCAP_PP_CD,IDB,_T,_T,_T,_Z,_Z,_Z,2014,A,PPP,
2826.55856,P1Y,0,,A,PU,_Z,2,,,False,WB_WDI,WB_WDI_NY_GDP_PCAP_PP_CD,IDX,_T,_T,_T,_Z,_Z,_Z,2014,A,PPP,
3728.387296,P1Y,0,,A,PU,_Z,2,,,False,WB_WDI,WB_WDI_NY_GDP_PCAP_PP_CD,IDA,_T,_T,_T,_Z,_Z,_Z,2014,A,PPP,
15041.799839,P1Y,0,,A,PU,_Z,2,,,False,WB_WDI,WB_WDI_NY_GDP_PCAP_PP_CD,LTE,_T,_T,_T,_Z,_Z,_Z,2014,A,PPP,
15495.802973,P1Y,0,,A,PU,_Z,2,,,False,WB_WDI,WB_WDI_NY_GDP_PCAP_PP_CD,LCN,_T,_T,_T,_Z,_Z,_Z,2014,A,PPP,
15005.779965,P1Y,0,,A,PU,_Z,2,,,False,WB_WDI,WB_WDI_NY_GDP_PCAP_PP_CD,LAC,_T,_T,_T,_Z,_Z,_Z,2014,A,PPP,
15428.639279,P1Y,0,,A,PU,_Z,2,,,False,WB_WDI,WB_WDI_NY_GDP_PCAP_PP_CD,TLA,_T,_T,_T,_Z,_Z,_Z,2014,A,PPP,
2701.037435,P1Y,0,,A,PU,_Z,2,,,False,WB_WDI,WB_WDI_NY_GDP_PCAP_PP_CD,LDC,_T,_T,_T,_Z,_Z,_Z,2014,A,PPP,
9016.542172,P1Y,0,,A,PU,_Z,2,,,False,WB_WDI,WB_WDI_NY_GDP_PCAP_PP_CD,LMY,_T,_T,_T,_Z,_Z,_Z,2014,A,PPP,
1771.240303,P1Y,0,,A,PU,_Z,2,,,False,WB_WDI,WB_WDI_NY_GDP_PCAP_PP_CD,LIC,_T,_T,_T,_Z,_Z,_Z,2014,A,PPP,
5490.243245,P1Y,0,,A,PU,_Z,2,,,False,WB_WDI,WB_WDI_NY_GDP_PCAP_PP_CD,LMC,_T,_T,_T,_Z,_Z,_Z,2014,A,PPP,
38189.161028,P1Y,0,,A,PU,_Z,2,,,False,WB_WDI,WB_WDI_NY_GDP_PCAP_PP_CD,ISR,_T,_T,_T,_Z,_Z,_Z,2016,A,PPP,
40482.563,P1Y,0,,A,PU,_Z,2,,,False,WB_WDI,WB_WDI_NY_GDP_PCAP_PP_CD,ITA,_T,_T,_T,_Z,_Z,_Z,2016,A,PPP,
9948.041468,P1Y,0,,A,PU,_Z,2,,,False,WB_WDI,WB_WDI_NY_GDP_PCAP_PP_CD,JAM,_T,_T,_T,_Z,_Z,_Z,2016,A,PPP,
40596.968663,P1Y,0,,A,PU,_Z,2,,,False,WB_WDI,WB_WDI_NY_GDP_PCAP_PP_CD,JPN,_T,_T,_T,_Z,_Z,_Z,2016,A,PPP,
8747.878609,P1Y,0,,A,PU,_Z,2,,,False,WB_WDI,WB_WDI_NY_GDP_PCAP_PP_CD,JOR,_T,_T,_T,_Z,_Z,_Z,2016,A,PPP,
23023.087229,P1Y,0,,A,PU,_Z,2,,,False,WB_WDI,WB_WDI_NY_GDP_PCAP_PP_CD,KAZ,_T,_T,_T,_Z,_Z,_Z,2016,A,PPP,
3916.653157,P1Y,0,,A,PU,_Z,2,,,False,WB_WDI,WB_WDI_NY_GDP_PCAP_PP_CD,KEN,_T,_T,_T,_Z,_Z,_Z,2016,A,PPP,
2462.832604,P1Y,0,,A,PU,_Z,2,,,False,WB_WDI,WB_WDI_NY_GDP_PCAP_PP_CD,KIR,_T,_T,_T,_Z,_Z,_Z,2016,A,PPP,
41672.627832,P1Y,0,,A,PU,_Z,2,,,False,WB_WDI,WB_WDI_NY_GDP_PCAP_PP_CD,KOR,_T,_T,_T,_Z,_Z,_Z,2016,A,PPP,
9157.046307,P1Y,0,,A,PU,_Z,2,,,False,WB_WDI,WB_WDI_NY_GDP_PCAP_PP_CD,XKX,_T,_T,_T,_Z,_Z,_Z,2016,A,PPP,
8982.005795,P1Y,0,,A,PU,_Z,2,,,False,WB_WDI,WB_WDI_NY_GDP_PCAP_PP_CD,WLD,_T,_T,_T,_Z,_Z,_Z,2003,A,PPP,
966.962032,P1Y,0,,A,PU,_Z,2,,,False,WB_WDI,WB_WDI_NY_GDP_PCAP_PP_CD,AFG,_T,_T,_T,_Z,_Z,_Z,2003,A,PPP,
5169.188758,P1Y,0,,A,PU,_Z,2,,,False,WB_WDI,WB_WDI_NY_GDP_PCAP_PP_CD,ALB,_T,_T,_T,_Z,_Z,_Z,2003,A,PPP,
10802.75067,P1Y,0,,A,PU,_Z,2,,,False,WB_WDI,WB_WDI_NY_GDP_PCAP_PP_CD,DZA,_T,_T,_T,_Z,_Z,_Z,2003,A,PPP,
41147.880696,P1Y,0,,A,PU,_Z,2,,,False,WB_WDI,WB_WDI_NY_GDP_PCAP_PP_CD,AND,_T,_T,_T,_Z,_Z,_Z,2003,A,PPP,
4322.197732,P1Y,0,,A,PU,_Z,2,,,False,WB_WDI,WB_WDI_NY_GDP_PCAP_PP_CD,AGO,_T,_T,_T,_Z,_Z,_Z,2003,A,PPP,
20127.345572,P1Y,0,,A,PU,_Z,2,,,False,WB_WDI,WB_WDI_NY_GDP_PCAP_PP_CD,ATG,_T,_T,_T,_Z,_Z,_Z,2003,A,PPP,
10933.392549,P1Y,0,,A,PU,_Z,2,,,False,WB_WDI,WB_WDI_NY_GDP_PCAP_PP_CD,ARG,_T,_T,_T,_Z,_Z,_Z,2003,A,PPP,
3836.225568,P1Y,0,,A,PU,_Z,2,,,False,WB_WDI,WB_WDI_NY_GDP_PCAP_PP_CD,ARM,_T,_T,_T,_Z,_Z,_Z,2003,A,PPP,
32507.084315,P1Y,0,,A,PU,_Z,2,,,False,WB_WDI,WB_WDI_NY_GDP_PCAP_PP_CD,ABW,_T,_T,_T,_Z,_Z,_Z,2003,A,PPP,
30167.241366,P1Y,0,,A,PU,_Z,2,,,False,WB_WDI,WB_WDI_NY_GDP_PCAP_PP_CD,AUS,_T,_T,_T,_Z,_Z,_Z,2003,A,PPP,
31958.859241,P1Y,0,,A,PU,_Z,2,,,False,WB_WDI,WB_WDI_NY_GDP_PCAP_PP_CD,AUT,_T,_T,_T,_Z,_Z,_Z,2003,A,PPP,
4718.421123,P1Y,0,,A,PU,_Z,2,,,False,WB_WDI,WB_WDI_NY_GDP_PCAP_PP_CD,AZE,_T,_T,_T,_Z,_Z,_Z,2003,A,PPP,
10435.995668,P1Y,0,,A,PU,_Z,2,,,False,WB_WDI,WB_WDI_NY_GDP_PCAP_PP_CD,TUN,_T,_T,_T,_Z,_Z,_Z,2011,A,PPP,
19717.243832,P1Y,0,,A,PU,_Z,2,,,False,WB_WDI,WB_WDI_NY_GDP_PCAP_PP_CD,TUR,_T,_T,_T,_Z,_Z,_Z,2011,A,PPP,
10282.726619,P1Y,0,,A,PU,_Z,2,,,False,WB_WDI,WB_WDI_NY_GDP_PCAP_PP_CD,TKM,_T,_T,_T,_Z,_Z,_Z,2011,A,PPP,
26572.526947,P1Y,0,,A,PU,_Z,2,,,False,WB_WDI,WB_WDI_NY_GDP_PCAP_PP_CD,TCA,_T,_T,_T,_Z,_Z,_Z,2011,A,PPP,
3175.928412,P1Y,0,,A,PU,_Z,2,,,False,WB_WDI,WB_WDI_NY_GDP_PCAP_PP_CD,TUV,_T,_T,_T,_Z,_Z,_Z,2011,A,PPP,
2267.722704,P1Y,0,,A,PU,_Z,2,,,False,WB_WDI,WB_WDI_NY_GDP_PCAP_PP_CD,UGA,_T,_T,_T,_Z,_Z,_Z,2011,A,PPP,
9126.608398,P1Y,0,,A,PU,_Z,2,,,False,WB_WDI,WB_WDI_NY_GDP_PCAP_PP_CD,UKR,_T,_T,_T,_Z,_Z,_Z,2011,A,PPP,
89665.401892,P1Y,0,,A,PU,_Z,2,,,False,WB_WDI,WB_WDI_NY_GDP_PCAP_PP_CD,ARE,_T,_T,_T,_Z,_Z,_Z,2011,A,PPP,
37224.378765,P1Y,0,,A,PU,_Z,2,,,False,WB_WDI,WB_WDI_NY_GDP_PCAP_PP_CD,GBR,_T,_T,_T,_Z,_Z,_Z,2011,A,PPP,
50024.881232,P1Y,0,,A,PU,_Z,2,,,False,WB_WDI,WB_WDI_NY_GDP_PCAP_PP_CD,USA,_T,_T,_T,_Z,_Z,_Z,2011,A,PPP,
19135.363696,P1Y,0,,A,PU,_Z,2,,,False,WB_WDI,WB_WDI_NY_GDP_PCAP_PP_CD,URY,_T,_T,_T,_Z,_Z,_Z,2011,A,PPP,
5949.484124,P1Y,0,,A,PU,_Z,2,,,False,WB_WDI,WB_WDI_NY_GDP_PCAP_PP_CD,UZB,_T,_T,_T,_Z,_Z,_Z,2011,A,PPP,
4433.643935,P1Y,0,,A,PU,_Z,2,,,False,WB_WDI,WB_WDI_NY_GDP_PCAP_PP_CD,KHM,_T,_T,_T,_Z,_Z,_Z,2015,A,PPP,
3497.660676,P1Y,0,,A,PU,_Z,2,,,False,WB_WDI,WB_WDI_NY_GDP_PCAP_PP_CD,CMR,_T,_T,_T,_Z,_Z,_Z,2015,A,PPP,
44668.091281,P1Y,0,,A,PU,_Z,2,,,False,WB_WDI,WB_WDI_NY_GDP_PCAP_PP_CD,CAN,_T,_T,_T,_Z,_Z,_Z,2015,A,PPP,
64009.317105,P1Y,0,,A,PU,_Z,2,,,False,WB_WDI,WB_WDI_NY_GDP_PCAP_PP_CD,CYM,_T,_T,_T,_Z,_Z,_Z,2015,A,PPP,
768.870888,P1Y,0,,A,PU,_Z,2,,,False,WB_WDI,WB_WDI_NY_GDP_PCAP_PP_CD,CAF,_T,_T,_T,_Z,_Z,_Z,2015,A,PPP,
2377.511372,P1Y,0,,A,PU,_Z,2,,,False,WB_WDI,WB_WDI_NY_GDP_PCAP_PP_CD,TCD,_T,_T,_T,_Z,_Z,_Z,2015,A,PPP,
22468.312575,P1Y,0,,A,PU,_Z,2,,,False,WB_WDI,WB_WDI_NY_GDP_PCAP_PP_CD,CHL,_T,_T,_T,_Z,_Z,_Z,2015,A,PPP,
13463.333151,P1Y,0,,A,PU,_Z,2,,,False,WB_WDI,WB_WDI_NY_GDP_PCAP_PP_CD,CHN,_T,_T,_T,_Z,_Z,_Z,2015,A,PPP,
13332.055505,P1Y,0,,A,PU,_Z,2,,,False,WB_WDI,WB_WDI_NY_GDP_PCAP_PP_CD,COL,_T,_T,_T,_Z,_Z,_Z,2015,A,PPP,
2949.473422,P1Y,0,,A,PU,_Z,2,,,False,WB_WDI,WB_WDI_NY_GDP_PCAP_PP_CD,COM,_T,_T,_T,_Z,_Z,_Z,2015,A,PPP,
910.393132,P1Y,0,,A,PU,_Z,2,,,False,WB_WDI,WB_WDI_NY_GDP_PCAP_PP_CD,COD,_T,_T,_T,_Z,_Z,_Z,2015,A,PPP,
37905.658313,P1Y,0,,A,PU,_Z,2,,,False,WB_WDI,WB_WDI_NY_GDP_PCAP_PP_CD,BEL,_T,_T,_T,_Z,_Z,_Z,2009,A,PPP,
9727.988685,P1Y,0,,A,PU,_Z,2,,,False,WB_WDI,WB_WDI_NY_GDP_PCAP_PP_CD,BLZ,_T,_T,_T,_Z,_Z,_Z,2009,A,PPP,
2213.328956,P1Y,0,,A,PU,_Z,2,,,False,WB_WDI,WB_WDI_NY_GDP_PCAP_PP_CD,BEN,_T,_T,_T,_Z,_Z,_Z,2009,A,PPP,
73336.987515,P1Y,0,,A,PU,_Z,2,,,False,WB_WDI,WB_WDI_NY_GDP_PCAP_PP_CD,BMU,_T,_T,_T,_Z,_Z,_Z,2009,A,PPP,
6466.097449,P1Y,0,,A,PU,_Z,2,,,False,WB_WDI,WB_WDI_NY_GDP_PCAP_PP_CD,BTN,_T,_T,_T,_Z,_Z,_Z,2009,A,PPP,
6024.059474,P1Y,0,,A,PU,_Z,2,,,False,WB_WDI,WB_WDI_NY_GDP_PCAP_PP_CD,BOL,_T,_T,_T,_Z,_Z,_Z,2009,A,PPP,
8698.135068,P1Y,0,,A,PU,_Z,2,,,False,WB_WDI,WB_WDI_NY_GDP_PCAP_PP_CD,BIH,_T,_T,_T,_Z,_Z,_Z,2009,A,PPP,
11686.184664,P1Y,0,,A,PU,_Z,2,,,False,WB_WDI,WB_WDI_NY_GDP_PCAP_PP_CD,BWA,_T,_T,_T,_Z,_Z,_Z,2009,A,PPP,
13390.683131,P1Y,0,,A,PU,_Z,2,,,False,WB_WDI,WB_WDI_NY_GDP_PCAP_PP_CD,BRA,_T,_T,_T,_Z,_Z,_Z,2009,A,PPP,
77957.144276,P1Y,0,,A,PU,_Z,2,,,False,WB_WDI,WB_WDI_NY_GDP_PCAP_PP_CD,BRN,_T,_T,_T,_Z,_Z,_Z,2009,A,PPP,
14188.104882,P1Y,0,,A,PU,_Z,2,,,False,WB_WDI,WB_WDI_NY_GDP_PCAP_PP_CD,BGR,_T,_T,_T,_Z,_Z,_Z,2009,A,PPP,
2185.990342,P1Y,0,,A,PU,_Z,2,,,False,WB_WDI,WB_WDI_NY_GDP_PCAP_PP_CD,TCD,_T,_T,_T,_Z,_Z,_Z,2020,A,PPP,
25350.863508,P1Y,0,,A,PU,_Z,2,,,False,WB_WDI,WB_WDI_NY_GDP_PCAP_PP_CD,CHL,_T,_T,_T,_Z,_Z,_Z,2020,A,PPP,
18267.478346,P1Y,0,,A,PU,_Z,2,,,False,WB_WDI,WB_WDI_NY_GDP_PCAP_PP_CD,CHN,_T,_T,_T,_Z,_Z,_Z,2020,A,PPP,
15519.210169,P1Y,0,,A,PU,_Z,2,,,False,WB_WDI,WB_WDI_NY_GDP_PCAP_PP_CD,COL,_T,_T,_T,_Z,_Z,_Z,2020,A,PPP,
3244.88675,P1Y,0,,A,PU,_Z,2,,,False,WB_WDI,WB_WDI_NY_GDP_PCAP_PP_CD,COM,_T,_T,_T,_Z,_Z,_Z,2020,A,PPP,
1088.789004,P1Y,0,,A,PU,_Z,2,,,False,WB_WDI,WB_WDI_NY_GDP_PCAP_PP_CD,COD,_T,_T,_T,_Z,_Z,_Z,2020,A,PPP,
4770.964498,P1Y,0,,A,PU,_Z,2,,,False,WB_WDI,WB_WDI_NY_GDP_PCAP_PP_CD,COG,_T,_T,_T,_Z,_Z,_Z,2020,A,PPP,
22099.867813,P1Y,0,,A,PU,_Z,2,,,False,WB_WDI,WB_WDI_NY_GDP_PCAP_PP_CD,CRI,_T,_T,_T,_Z,_Z,_Z,2020,A,PPP,
5543.850963,P1Y,0,,A,PU,_Z,2,,,False,WB_WDI,WB_WDI_NY_GDP_PCAP_PP_CD,CIV,_T,_T,_T,_Z,_Z,_Z,2020,A,PPP,
31594.011192,P1Y,0,,A,PU,_Z,2,,,False,WB_WDI,WB_WDI_NY_GDP_PCAP_PP_CD,HRV,_T,_T,_T,_Z,_Z,_Z,2020,A,PPP,
107653.177282,P1Y,0,,A,PU,_Z,2,,,False,WB_WDI,WB_WDI_NY_GDP_PCAP_PP_CD,MAC,_T,_T,_T,_Z,_Z,_Z,2016,A,PPP,
1561.519624,P1Y,0,,A,PU,_Z,2,,,False,WB_WDI,WB_WDI_NY_GDP_PCAP_PP_CD,MDG,_T,_T,_T,_Z,_Z,_Z,2016,A,PPP,
1409.958027,P1Y,0,,A,PU,_Z,2,,,False,WB_WDI,WB_WDI_NY_GDP_PCAP_PP_CD,MWI,_T,_T,_T,_Z,_Z,_Z,2016,A,PPP,
25285.821354,P1Y,0,,A,PU,_Z,2,,,False,WB_WDI,WB_WDI_NY_GDP_PCAP_PP_CD,MYS,_T,_T,_T,_Z,_Z,_Z,2016,A,PPP,
18769.506061,P1Y,0,,A,PU,_Z,2,,,False,WB_WDI,WB_WDI_NY_GDP_PCAP_PP_CD,MDV,_T,_T,_T,_Z,_Z,_Z,2016,A,PPP,
2531.80497,P1Y,0,,A,PU,_Z,2,,,False,WB_WDI,WB_WDI_NY_GDP_PCAP_PP_CD,MLI,_T,_T,_T,_Z,_Z,_Z,2016,A,PPP,
40999.962026,P1Y,0,,A,PU,_Z,2,,,False,WB_WDI,WB_WDI_NY_GDP_PCAP_PP_CD,MLT,_T,_T,_T,_Z,_Z,_Z,2016,A,PPP,
4366.257642,P1Y,0,,A,PU,_Z,2,,,False,WB_WDI,WB_WDI_NY_GDP_PCAP_PP_CD,MHL,_T,_T,_T,_Z,_Z,_Z,2016,A,PPP,
4682.702597,P1Y,0,,A,PU,_Z,2,,,False,WB_WDI,WB_WDI_NY_GDP_PCAP_PP_CD,MRT,_T,_T,_T,_Z,_Z,_Z,2016,A,PPP,
21951.830743,P1Y,0,,A,PU,_Z,2,,,False,WB_WDI,WB_WDI_NY_GDP_PCAP_PP_CD,MUS,_T,_T,_T,_Z,_Z,_Z,2016,A,PPP,
20104.583979,P1Y,0,,A,PU,_Z,2,,,False,WB_WDI,WB_WDI_NY_GDP_PCAP_PP_CD,MEX,_T,_T,_T,_Z,_Z,_Z,2016,A,PPP,
2049.333903,P1Y,0,,A,PU,_Z,2,,,False,WB_WDI,WB_WDI_NY_GDP_PCAP_PP_CD,KIR,_T,_T,_T,_Z,_Z,_Z,2013,A,PPP,
35844.225378,P1Y,0,,A,PU,_Z,2,,,False,WB_WDI,WB_WDI_NY_GDP_PCAP_PP_CD,KOR,_T,_T,_T,_Z,_Z,_Z,2013,A,PPP,
8090.759393,P1Y,0,,A,PU,_Z,2,,,False,WB_WDI,WB_WDI_NY_GDP_PCAP_PP_CD,XKX,_T,_T,_T,_Z,_Z,_Z,2013,A,PPP,
76812.538733,P1Y,0,,A,PU,_Z,2,,,False,WB_WDI,WB_WDI_NY_GDP_PCAP_PP_CD,KWT,_T,_T,_T,_Z,_Z,_Z,2013,A,PPP,
4000.962958,P1Y,0,,A,PU,_Z,2,,,False,WB_WDI,WB_WDI_NY_GDP_PCAP_PP_CD,KGZ,_T,_T,_T,_Z,_Z,_Z,2013,A,PPP,
5221.598558,P1Y,0,,A,PU,_Z,2,,,False,WB_WDI,WB_WDI_NY_GDP_PCAP_PP_CD,LAO,_T,_T,_T,_Z,_Z,_Z,2013,A,PPP,
20473.524371,P1Y,0,,A,PU,_Z,2,,,False,WB_WDI,WB_WDI_NY_GDP_PCAP_PP_CD,LVA,_T,_T,_T,_Z,_Z,_Z,2013,A,PPP,
16315.613775,P1Y,0,,A,PU,_Z,2,,,False,WB_WDI,WB_WDI_NY_GDP_PCAP_PP_CD,LBN,_T,_T,_T,_Z,_Z,_Z,2013,A,PPP,
2538.263103,P1Y,0,,A,PU,_Z,2,,,False,WB_WDI,WB_WDI_NY_GDP_PCAP_PP_CD,LSO,_T,_T,_T,_Z,_Z,_Z,2013,A,PPP,
1360.129104,P1Y,0,,A,PU,_Z,2,,,False,WB_WDI,WB_WDI_NY_GDP_PCAP_PP_CD,LBR,_T,_T,_T,_Z,_Z,_Z,2013,A,PPP,
21151.005191,P1Y,0,,A,PU,_Z,2,,,False,WB_WDI,WB_WDI_NY_GDP_PCAP_PP_CD,LBY,_T,_T,_T,_Z,_Z,_Z,2013,A,PPP,
6245.338632,P1Y,0,,A,PU,_Z,2,,,False,WB_WDI,WB_WDI_NY_GDP_PCAP_PP_CD,BOL,_T,_T,_T,_Z,_Z,_Z,2010,A,PPP,
9085.742942,P1Y,0,,A,PU,_Z,2,,,False,WB_WDI,WB_WDI_NY_GDP_PCAP_PP_CD,BIH,_T,_T,_T,_Z,_Z,_Z,2010,A,PPP,
12753.306634,P1Y,0,,A,PU,_Z,2,,,False,WB_WDI,WB_WDI_NY_GDP_PCAP_PP_CD,BWA,_T,_T,_T,_Z,_Z,_Z,2010,A,PPP,
14451.715839,P1Y,0,,A,PU,_Z,2,,,False,WB_WDI,WB_WDI_NY_GDP_PCAP_PP_CD,BRA,_T,_T,_T,_Z,_Z,_Z,2010,A,PPP,
79542.677943,P1Y,0,,A,PU,_Z,2,,,False,WB_WDI,WB_WDI_NY_GDP_PCAP_PP_CD,BRN,_T,_T,_T,_Z,_Z,_Z,2010,A,PPP,
14954.254321,P1Y,0,,A,PU,_Z,2,,,False,WB_WDI,WB_WDI_NY_GDP_PCAP_PP_CD,BGR,_T,_T,_T,_Z,_Z,_Z,2010,A,PPP,
1449.422164,P1Y,0,,A,PU,_Z,2,,,False,WB_WDI,WB_WDI_NY_GDP_PCAP_PP_CD,BFA,_T,_T,_T,_Z,_Z,_Z,2010,A,PPP,
613.69588,P1Y,0,,A,PU,_Z,2,,,False,WB_WDI,WB_WDI_NY_GDP_PCAP_PP_CD,BDI,_T,_T,_T,_Z,_Z,_Z,2010,A,PPP,
6038.585257,P1Y,0,,A,PU,_Z,2,,,False,WB_WDI,WB_WDI_NY_GDP_PCAP_PP_CD,CPV,_T,_T,_T,_Z,_Z,_Z,2010,A,PPP,
2988.504014,P1Y,0,,A,PU,_Z,2,,,False,WB_WDI,WB_WDI_NY_GDP_PCAP_PP_CD,KHM,_T,_T,_T,_Z,_Z,_Z,2010,A,PPP,
50498.973106,P1Y,0,,A,PU,_Z,2,,,False,WB_WDI,WB_WDI_NY_GDP_PCAP_PP_CD,CAN,_T,_T,_T,_Z,_Z,_Z,2019,A,PPP,
72697.367188,P1Y,0,,A,PU,_Z,2,,,False,WB_WDI,WB_WDI_NY_GDP_PCAP_PP_CD,CYM,_T,_T,_T,_Z,_Z,_Z,2019,A,PPP,
984.843184,P1Y,0,,A,PU,_Z,2,,,False,WB_WDI,WB_WDI_NY_GDP_PCAP_PP_CD,CAF,_T,_T,_T,_Z,_Z,_Z,2019,A,PPP,
2351.653398,P1Y,0,,A,PU,_Z,2,,,False,WB_WDI,WB_WDI_NY_GDP_PCAP_PP_CD,TCD,_T,_T,_T,_Z,_Z,_Z,2019,A,PPP,
25611.757827,P1Y,0,,A,PU,_Z,2,,,False,WB_WDI,WB_WDI_NY_GDP_PCAP_PP_CD,CHL,_T,_T,_T,_Z,_Z,_Z,2019,A,PPP,
17600.890757,P1Y,0,,A,PU,_Z,2,,,False,WB_WDI,WB_WDI_NY_GDP_PCAP_PP_CD,CHN,_T,_T,_T,_Z,_Z,_Z,2019,A,PPP,
16181.590899,P1Y,0,,A,PU,_Z,2,,,False,WB_WDI,WB_WDI_NY_GDP_PCAP_PP_CD,COL,_T,_T,_T,_Z,_Z,_Z,2019,A,PPP,
3293.056017,P1Y,0,,A,PU,_Z,2,,,False,WB_WDI,WB_WDI_NY_GDP_PCAP_PP_CD,COM,_T,_T,_T,_Z,_Z,_Z,2019,A,PPP,
1056.172067,P1Y,0,,A,PU,_Z,2,,,False,WB_WDI,WB_WDI_NY_GDP_PCAP_PP_CD,COD,_T,_T,_T,_Z,_Z,_Z,2019,A,PPP,
5719.599773,P1Y,0,,A,PU,_Z,2,,,False,WB_WDI,WB_WDI_NY_GDP_PCAP_PP_CD,COG,_T,_T,_T,_Z,_Z,_Z,2019,A,PPP,
23339.609132,P1Y,0,,A,PU,_Z,2,,,False,WB_WDI,WB_WDI_NY_GDP_PCAP_PP_CD,CRI,_T,_T,_T,_Z,_Z,_Z,2019,A,PPP,
12899.396226,P1Y,0,,A,PU,_Z,2,,,False,WB_WDI,WB_WDI_NY_GDP_PCAP_PP_CD,BIH,_T,_T,_T,_Z,_Z,_Z,2016,A,PPP,
16228.123124,P1Y,0,,A,PU,_Z,2,,,False,WB_WDI,WB_WDI_NY_GDP_PCAP_PP_CD,BWA,_T,_T,_T,_Z,_Z,_Z,2016,A,PPP,
14309.206149,P1Y,0,,A,PU,_Z,2,,,False,WB_WDI,WB_WDI_NY_GDP_PCAP_PP_CD,BRA,_T,_T,_T,_Z,_Z,_Z,2016,A,PPP,
56679.518522,P1Y,0,,A,PU,_Z,2,,,False,WB_WDI,WB_WDI_NY_GDP_PCAP_PP_CD,BRN,_T,_T,_T,_Z,_Z,_Z,2016,A,PPP,
20745.847209,P1Y,0,,A,PU,_Z,2,,,False,WB_WDI,WB_WDI_NY_GDP_PCAP_PP_CD,BGR,_T,_T,_T,_Z,_Z,_Z,2016,A,PPP,
1881.758931,P1Y,0,,A,PU,_Z,2,,,False,WB_WDI,WB_WDI_NY_GDP_PCAP_PP_CD,BFA,_T,_T,_T,_Z,_Z,_Z,2016,A,PPP,
764.282222,P1Y,0,,A,PU,_Z,2,,,False,WB_WDI,WB_WDI_NY_GDP_PCAP_PP_CD,BDI,_T,_T,_T,_Z,_Z,_Z,2016,A,PPP,
7350.753587,P1Y,0,,A,PU,_Z,2,,,False,WB_WDI,WB_WDI_NY_GDP_PCAP_PP_CD,CPV,_T,_T,_T,_Z,_Z,_Z,2016,A,PPP,
4748.124285,P1Y,0,,A,PU,_Z,2,,,False,WB_WDI,WB_WDI_NY_GDP_PCAP_PP_CD,KHM,_T,_T,_T,_Z,_Z,_Z,2016,A,PPP,
3626.99932,P1Y,0,,A,PU,_Z,2,,,False,WB_WDI,WB_WDI_NY_GDP_PCAP_PP_CD,CMR,_T,_T,_T,_Z,_Z,_Z,2016,A,PPP,
4173.938586,P1Y,0,,A,PU,_Z,2,,,False,WB_WDI,WB_WDI_NY_GDP_PCAP_PP_CD,PAK,_T,_T,_T,_Z,_Z,_Z,2013,A,PPP,
15424.75965,P1Y,0,,A,PU,_Z,2,,,False,WB_WDI,WB_WDI_NY_GDP_PCAP_PP_CD,PLW,_T,_T,_T,_Z,_Z,_Z,2013,A,PPP,
21923.675084,P1Y,0,,A,PU,_Z,2,,,False,WB_WDI,WB_WDI_NY_GDP_PCAP_PP_CD,PAN,_T,_T,_T,_Z,_Z,_Z,2013,A,PPP,
3109.895372,P1Y,0,,A,PU,_Z,2,,,False,WB_WDI,WB_WDI_NY_GDP_PCAP_PP_CD,PNG,_T,_T,_T,_Z,_Z,_Z,2013,A,PPP,
12137.008195,P1Y,0,,A,PU,_Z,2,,,False,WB_WDI,WB_WDI_NY_GDP_PCAP_PP_CD,PRY,_T,_T,_T,_Z,_Z,_Z,2013,A,PPP,
11290.55474,P1Y,0,,A,PU,_Z,2,,,False,WB_WDI,WB_WDI_NY_GDP_PCAP_PP_CD,PER,_T,_T,_T,_Z,_Z,_Z,2013,A,PPP,
6372.833821,P1Y,0,,A,PU,_Z,2,,,False,WB_WDI,WB_WDI_NY_GDP_PCAP_PP_CD,PHL,_T,_T,_T,_Z,_Z,_Z,2013,A,PPP,
24433.891434,P1Y,0,,A,PU,_Z,2,,,False,WB_WDI,WB_WDI_NY_GDP_PCAP_PP_CD,POL,_T,_T,_T,_Z,_Z,_Z,2013,A,PPP,
27966.087425,P1Y,0,,A,PU,_Z,2,,,False,WB_WDI,WB_WDI_NY_GDP_PCAP_PP_CD,PRT,_T,_T,_T,_Z,_Z,_Z,2013,A,PPP,
32279.400029,P1Y,0,,A,PU,_Z,2,,,False,WB_WDI,WB_WDI_NY_GDP_PCAP_PP_CD,PRI,_T,_T,_T,_Z,_Z,_Z,2013,A,PPP,
169203.34985,P1Y,0,,A,PU,_Z,2,,,False,WB_WDI,WB_WDI_NY_GDP_PCAP_PP_CD,QAT,_T,_T,_T,_Z,_Z,_Z,2013,A,PPP,
3724.959961,P1Y,0,,A,PU,_Z,2,,,False,WB_WDI,WB_WDI_NY_GDP_PCAP_PP_CD,SDN,_T,_T,_T,_Z,_Z,_Z,2013,A,PPP,
16172.696196,P1Y,0,,A,PU,_Z,2,,,False,WB_WDI,WB_WDI_NY_GDP_PCAP_PP_CD,SUR,_T,_T,_T,_Z,_Z,_Z,2013,A,PPP,
46098.232137,P1Y,0,,A,PU,_Z,2,,,False,WB_WDI,WB_WDI_NY_GDP_PCAP_PP_CD,SWE,_T,_T,_T,_Z,_Z,_Z,2013,A,PPP,
61656.466171,P1Y,0,,A,PU,_Z,2,,,False,WB_WDI,WB_WDI_NY_GDP_PCAP_PP_CD,CHE,_T,_T,_T,_Z,_Z,_Z,2013,A,PPP,
2918.56048,P1Y,0,,A,PU,_Z,2,,,False,WB_WDI,WB_WDI_NY_GDP_PCAP_PP_CD,TJK,_T,_T,_T,_Z,_Z,_Z,2013,A,PPP,
2176.216553,P1Y,0,,A,PU,_Z,2,,,False,WB_WDI,WB_WDI_NY_GDP_PCAP_PP_CD,TZA,_T,_T,_T,_Z,_Z,_Z,2013,A,PPP,
15215.949251,P1Y,0,,A,PU,_Z,2,,,False,WB_WDI,WB_WDI_NY_GDP_PCAP_PP_CD,THA,_T,_T,_T,_Z,_Z,_Z,2013,A,PPP,
2566.030745,P1Y,0,,A,PU,_Z,2,,,False,WB_WDI,WB_WDI_NY_GDP_PCAP_PP_CD,TLS,_T,_T,_T,_Z,_Z,_Z,2013,A,PPP,
1715.360738,P1Y,0,,A,PU,_Z,2,,,False,WB_WDI,WB_WDI_NY_GDP_PCAP_PP_CD,TGO,_T,_T,_T,_Z,_Z,_Z,2013,A,PPP,
5119.694753,P1Y,0,,A,PU,_Z,2,,,False,WB_WDI,WB_WDI_NY_GDP_PCAP_PP_CD,TON,_T,_T,_T,_Z,_Z,_Z,2013,A,PPP,
9736.234975,P1Y,0,,A,PU,_Z,2,,,False,WB_WDI,WB_WDI_NY_GDP_PCAP_PP_CD,ARM,_T,_T,_T,_Z,_Z,_Z,2014,A,PPP,
35657.287197,P1Y,0,,A,PU,_Z,2,,,False,WB_WDI,WB_WDI_NY_GDP_PCAP_PP_CD,ABW,_T,_T,_T,_Z,_Z,_Z,2014,A,PPP,
47108.590646,P1Y,0,,A,PU,_Z,2,,,False,WB_WDI,WB_WDI_NY_GDP_PCAP_PP_CD,AUS,_T,_T,_T,_Z,_Z,_Z,2014,A,PPP,
48355.497762,P1Y,0,,A,PU,_Z,2,,,False,WB_WDI,WB_WDI_NY_GDP_PCAP_PP_CD,AUT,_T,_T,_T,_Z,_Z,_Z,2014,A,PPP,
17563.612245,P1Y,0,,A,PU,_Z,2,,,False,WB_WDI,WB_WDI_NY_GDP_PCAP_PP_CD,AZE,_T,_T,_T,_Z,_Z,_Z,2014,A,PPP,
31726.174087,P1Y,0,,A,PU,_Z,2,,,False,WB_WDI,WB_WDI_NY_GDP_PCAP_PP_CD,BHS,_T,_T,_T,_Z,_Z,_Z,2014,A,PPP,
54299.056461,P1Y,0,,A,PU,_Z,2,,,False,WB_WDI,WB_WDI_NY_GDP_PCAP_PP_CD,BHR,_T,_T,_T,_Z,_Z,_Z,2014,A,PPP,
3972.506477,P1Y,0,,A,PU,_Z,2,,,False,WB_WDI,WB_WDI_NY_GDP_PCAP_PP_CD,BGD,_T,_T,_T,_Z,_Z,_Z,2014,A,PPP,
18594.900183,P1Y,0,,A,PU,_Z,2,,,False,WB_WDI,WB_WDI_NY_GDP_PCAP_PP_CD,BRB,_T,_T,_T,_Z,_Z,_Z,2014,A,PPP,
19037.884744,P1Y,0,,A,PU,_Z,2,,,False,WB_WDI,WB_WDI_NY_GDP_PCAP_PP_CD,BLR,_T,_T,_T,_Z,_Z,_Z,2014,A,PPP,
45147.642953,P1Y,0,,A,PU,_Z,2,,,False,WB_WDI,WB_WDI_NY_GDP_PCAP_PP_CD,BEL,_T,_T,_T,_Z,_Z,_Z,2014,A,PPP,
14475.306964,P1Y,0,,A,PU,_Z,2,,,False,WB_WDI,WB_WDI_NY_GDP_PCAP_PP_CD,SUR,_T,_T,_T,_Z,_Z,_Z,2016,A,PPP,
50289.768714,P1Y,0,,A,PU,_Z,2,,,False,WB_WDI,WB_WDI_NY_GDP_PCAP_PP_CD,SWE,_T,_T,_T,_Z,_Z,_Z,2016,A,PPP,
67350.751875,P1Y,0,,A,PU,_Z,2,,,False,WB_WDI,WB_WDI_NY_GDP_PCAP_PP_CD,CHE,_T,_T,_T,_Z,_Z,_Z,2016,A,PPP,
2913.856795,P1Y,0,,A,PU,_Z,2,,,False,WB_WDI,WB_WDI_NY_GDP_PCAP_PP_CD,TJK,_T,_T,_T,_Z,_Z,_Z,2016,A,PPP,
2434.699951,P1Y,0,,A,PU,_Z,2,,,False,WB_WDI,WB_WDI_NY_GDP_PCAP_PP_CD,TZA,_T,_T,_T,_Z,_Z,_Z,2016,A,PPP,
16671.25069,P1Y,0,,A,PU,_Z,2,,,False,WB_WDI,WB_WDI_NY_GDP_PCAP_PP_CD,THA,_T,_T,_T,_Z,_Z,_Z,2016,A,PPP,
3390.762241,P1Y,0,,A,PU,_Z,2,,,False,WB_WDI,WB_WDI_NY_GDP_PCAP_PP_CD,TLS,_T,_T,_T,_Z,_Z,_Z,2016,A,PPP,
1932.926143,P1Y,0,,A,PU,_Z,2,,,False,WB_WDI,WB_WDI_NY_GDP_PCAP_PP_CD,TGO,_T,_T,_T,_Z,_Z,_Z,2016,A,PPP,
5920.157615,P1Y,0,,A,PU,_Z,2,,,False,WB_WDI,WB_WDI_NY_GDP_PCAP_PP_CD,TON,_T,_T,_T,_Z,_Z,_Z,2016,A,PPP,
70281.88895,P1Y,0,,A,PU,_Z,2,,,False,WB_WDI,WB_WDI_NY_GDP_PCAP_PP_CD,ARE,_T,_T,_T,_Z,_Z,_Z,2017,A,PPP,
46113.021168,P1Y,0,,A,PU,_Z,2,,,False,WB_WDI,WB_WDI_NY_GDP_PCAP_PP_CD,GBR,_T,_T,_T,_Z,_Z,_Z,2017,A,PPP,
60047.719073,P1Y,0,,A,PU,_Z,2,,,False,WB_WDI,WB_WDI_NY_GDP_PCAP_PP_CD,USA,_T,_T,_T,_Z,_Z,_Z,2017,A,PPP,
23606.627801,P1Y,0,,A,PU,_Z,2,,,False,WB_WDI,WB_WDI_NY_GDP_PCAP_PP_CD,URY,_T,_T,_T,_Z,_Z,_Z,2017,A,PPP,
7818.01113,P1Y,0,,A,PU,_Z,2,,,False,WB_WDI,WB_WDI_NY_GDP_PCAP_PP_CD,UZB,_T,_T,_T,_Z,_Z,_Z,2017,A,PPP,
3145.92735,P1Y,0,,A,PU,_Z,2,,,False,WB_WDI,WB_WDI_NY_GDP_PCAP_PP_CD,VUT,_T,_T,_T,_Z,_Z,_Z,2017,A,PPP,
9169.731921,P1Y,0,,A,PU,_Z,2,,,False,WB_WDI,WB_WDI_NY_GDP_PCAP_PP_CD,VNM,_T,_T,_T,_Z,_Z,_Z,2017,A,PPP,
33893.550182,P1Y,0,,A,PU,_Z,2,,,False,WB_WDI,WB_WDI_NY_GDP_PCAP_PP_CD,VIR,_T,_T,_T,_Z,_Z,_Z,2017,A,PPP,
6106.64574,P1Y,0,,A,PU,_Z,2,,,False,WB_WDI,WB_WDI_NY_GDP_PCAP_PP_CD,PSE,_T,_T,_T,_Z,_Z,_Z,2017,A,PPP,
3391.627685,P1Y,0,,A,PU,_Z,2,,,False,WB_WDI,WB_WDI_NY_GDP_PCAP_PP_CD,ZMB,_T,_T,_T,_Z,_Z,_Z,2017,A,PPP,
28231.682067,P1Y,0,,A,PU,_Z,2,,,False,WB_WDI,WB_WDI_NY_GDP_PCAP_PP_CD,TTO,_T,_T,_T,_Z,_Z,_Z,2016,A,PPP,
10993.663846,P1Y,0,,A,PU,_Z,2,,,False,WB_WDI,WB_WDI_NY_GDP_PCAP_PP_CD,TUN,_T,_T,_T,_Z,_Z,_Z,2016,A,PPP,
26730.759973,P1Y,0,,A,PU,_Z,2,,,False,WB_WDI,WB_WDI_NY_GDP_PCAP_PP_CD,TUR,_T,_T,_T,_Z,_Z,_Z,2016,A,PPP,
12919.371222,P1Y,0,,A,PU,_Z,2,,,False,WB_WDI,WB_WDI_NY_GDP_PCAP_PP_CD,TKM,_T,_T,_T,_Z,_Z,_Z,2016,A,PPP,
29780.578577,P1Y,0,,A,PU,_Z,2,,,False,WB_WDI,WB_WDI_NY_GDP_PCAP_PP_CD,TCA,_T,_T,_T,_Z,_Z,_Z,2016,A,PPP,
4030.862415,P1Y,0,,A,PU,_Z,2,,,False,WB_WDI,WB_WDI_NY_GDP_PCAP_PP_CD,TUV,_T,_T,_T,_Z,_Z,_Z,2016,A,PPP,
2165.297594,P1Y,0,,A,PU,_Z,2,,,False,WB_WDI,WB_WDI_NY_GDP_PCAP_PP_CD,UGA,_T,_T,_T,_Z,_Z,_Z,2016,A,PPP,
10864.657227,P1Y,0,,A,PU,_Z,2,,,False,WB_WDI,WB_WDI_NY_GDP_PCAP_PP_CD,UKR,_T,_T,_T,_Z,_Z,_Z,2016,A,PPP,
69986.983568,P1Y,0,,A,PU,_Z,2,,,False,WB_WDI,WB_WDI_NY_GDP_PCAP_PP_CD,ARE,_T,_T,_T,_Z,_Z,_Z,2016,A,PPP,
44085.202559,P1Y,0,,A,PU,_Z,2,,,False,WB_WDI,WB_WDI_NY_GDP_PCAP_PP_CD,GBR,_T,_T,_T,_Z,_Z,_Z,2016,A,PPP,
57976.628204,P1Y,0,,A,PU,_Z,2,,,False,WB_WDI,WB_WDI_NY_GDP_PCAP_PP_CD,USA,_T,_T,_T,_Z,_Z,_Z,2016,A,PPP,
22840.550707,P1Y,0,,A,PU,_Z,2,,,False,WB_WDI,WB_WDI_NY_GDP_PCAP_PP_CD,URY,_T,_T,_T,_Z,_Z,_Z,2016,A,PPP,
13604.978943,P1Y,0,,A,PU,_Z,2,,,False,WB_WDI,WB_WDI_NY_GDP_PCAP_PP_CD,MNG,_T,_T,_T,_Z,_Z,_Z,2019,A,PPP,
23705.524867,P1Y,0,,A,PU,_Z,2,,,False,WB_WDI,WB_WDI_NY_GDP_PCAP_PP_CD,MNE,_T,_T,_T,_Z,_Z,_Z,2019,A,PPP,
8046.229004,P1Y,0,,A,PU,_Z,2,,,False,WB_WDI,WB_WDI_NY_GDP_PCAP_PP_CD,MAR,_T,_T,_T,_Z,_Z,_Z,2019,A,PPP,
1388.79707,P1Y,0,,A,PU,_Z,2,,,False,WB_WDI,WB_WDI_NY_GDP_PCAP_PP_CD,MOZ,_T,_T,_T,_Z,_Z,_Z,2019,A,PPP,
6101.372458,P1Y,0,,A,PU,_Z,2,,,False,WB_WDI,WB_WDI_NY_GDP_PCAP_PP_CD,MMR,_T,_T,_T,_Z,_Z,_Z,2019,A,PPP,
9609.485557,P1Y,0,,A,PU,_Z,2,,,False,WB_WDI,WB_WDI_NY_GDP_PCAP_PP_CD,NAM,_T,_T,_T,_Z,_Z,_Z,2019,A,PPP,
10554.521853,P1Y,0,,A,PU,_Z,2,,,False,WB_WDI,WB_WDI_NY_GDP_PCAP_PP_CD,NRU,_T,_T,_T,_Z,_Z,_Z,2019,A,PPP,
4260.673732,P1Y,0,,A,PU,_Z,2,,,False,WB_WDI,WB_WDI_NY_GDP_PCAP_PP_CD,NPL,_T,_T,_T,_Z,_Z,_Z,2019,A,PPP,
62345.253847,P1Y,0,,A,PU,_Z,2,,,False,WB_WDI,WB_WDI_NY_GDP_PCAP_PP_CD,NLD,_T,_T,_T,_Z,_Z,_Z,2019,A,PPP,
45278.458723,P1Y,0,,A,PU,_Z,2,,,False,WB_WDI,WB_WDI_NY_GDP_PCAP_PP_CD,NZL,_T,_T,_T,_Z,_Z,_Z,2019,A,PPP,
5981.108764,P1Y,0,,A,PU,_Z,2,,,False,WB_WDI,WB_WDI_NY_GDP_PCAP_PP_CD,NIC,_T,_T,_T,_Z,_Z,_Z,2019,A,PPP,
2759.302055,P1Y,0,,A,PU,_Z,2,,,False,WB_WDI,WB_WDI_NY_GDP_PCAP_PP_CD,BFA,_T,_T,_T,_Z,_Z,_Z,2023,A,PPP,
1149.984058,P1Y,0,,A,PU,_Z,2,,,False,WB_WDI,WB_WDI_NY_GDP_PCAP_PP_CD,BDI,_T,_T,_T,_Z,_Z,_Z,2023,A,PPP,
10242.153201,P1Y,0,,A,PU,_Z,2,,,False,WB_WDI,WB_WDI_NY_GDP_PCAP_PP_CD,CPV,_T,_T,_T,_Z,_Z,_Z,2023,A,PPP,
7430.730857,P1Y,0,,A,PU,_Z,2,,,False,WB_WDI,WB_WDI_NY_GDP_PCAP_PP_CD,KHM,_T,_T,_T,_Z,_Z,_Z,2023,A,PPP,
5410.769219,P1Y,0,,A,PU,_Z,2,,,False,WB_WDI,WB_WDI_NY_GDP_PCAP_PP_CD,CMR,_T,_T,_T,_Z,_Z,_Z,2023,A,PPP,
64219.317393,P1Y,0,,A,PU,_Z,2,,,False,WB_WDI,WB_WDI_NY_GDP_PCAP_PP_CD,CAN,_T,_T,_T,_Z,_Z,_Z,2023,A,PPP,
88427.786671,P1Y,0,,A,PU,_Z,2,,,True,WB_WDI,WB_WDI_NY_GDP_PCAP_PP_CD,CYM,_T,_T,_T,_Z,_Z,_Z,2023,A,PPP,
1257.094357,P1Y,0,,A,PU,_Z,2,,,False,WB_WDI,WB_WDI_NY_GDP_PCAP_PP_CD,CAF,_T,_T,_T,_Z,_Z,_Z,2023,A,PPP,
2700.360553,P1Y,0,,A,PU,_Z,2,,,False,WB_WDI,WB_WDI_NY_GDP_PCAP_PP_CD,TCD,_T,_T,_T,_Z,_Z,_Z,2023,A,PPP,
33145.403552,P1Y,0,,A,PU,_Z,2,,,False,WB_WDI,WB_WDI_NY_GDP_PCAP_PP_CD,CHL,_T,_T,_T,_Z,_Z,_Z,2023,A,PPP,
25179.119307,P1Y,0,,A,PU,_Z,2,,,False,WB_WDI,WB_WDI_NY_GDP_PCAP_PP_CD,CHN,_T,_T,_T,_Z,_Z,_Z,2023,A,PPP,
21246.37627,P1Y,0,,A,PU,_Z,2,,,False,WB_WDI,WB_WDI_NY_GDP_PCAP_PP_CD,COL,_T,_T,_T,_Z,_Z,_Z,2023,A,PPP,
3811.650849,P1Y,0,,A,PU,_Z,2,,,False,WB_WDI,WB_WDI_NY_GDP_PCAP_PP_CD,COM,_T,_T,_T,_Z,_Z,_Z,2023,A,PPP,
9120.653383,P1Y,0,,A,PU,_Z,2,,,False,WB_WDI,WB_WDI_NY_GDP_PCAP_PP_CD,BLZ,_T,_T,_T,_Z,_Z,_Z,2017,A,PPP,
2885.89384,P1Y,0,,A,PU,_Z,2,,,False,WB_WDI,WB_WDI_NY_GDP_PCAP_PP_CD,BEN,_T,_T,_T,_Z,_Z,_Z,2017,A,PPP,
85680.970192,P1Y,0,,A,PU,_Z,2,,,False,WB_WDI,WB_WDI_NY_GDP_PCAP_PP_CD,BMU,_T,_T,_T,_Z,_Z,_Z,2017,A,PPP,
11677.414266,P1Y,0,,A,PU,_Z,2,,,False,WB_WDI,WB_WDI_NY_GDP_PCAP_PP_CD,BTN,_T,_T,_T,_Z,_Z,_Z,2017,A,PPP,
10420.392325,P1Y,0,,A,PU,_Z,2,,,False,WB_WDI,WB_WDI_NY_GDP_PCAP_PP_CD,BOL,_T,_T,_T,_Z,_Z,_Z,2017,A,PPP,
13627.094483,P1Y,0,,A,PU,_Z,2,,,False,WB_WDI,WB_WDI_NY_GDP_PCAP_PP_CD,BIH,_T,_T,_T,_Z,_Z,_Z,2017,A,PPP,
15700.665048,P1Y,0,,A,PU,_Z,2,,,False,WB_WDI,WB_WDI_NY_GDP_PCAP_PP_CD,BWA,_T,_T,_T,_Z,_Z,_Z,2017,A,PPP,
14559.04889,P1Y,0,,A,PU,_Z,2,,,False,WB_WDI,WB_WDI_NY_GDP_PCAP_PP_CD,BRA,_T,_T,_T,_Z,_Z,_Z,2017,A,PPP,
61657.680273,P1Y,0,,A,PU,_Z,2,,,False,WB_WDI,WB_WDI_NY_GDP_PCAP_PP_CD,BRN,_T,_T,_T,_Z,_Z,_Z,2017,A,PPP,
22317.254895,P1Y,0,,A,PU,_Z,2,,,False,WB_WDI,WB_WDI_NY_GDP_PCAP_PP_CD,BGR,_T,_T,_T,_Z,_Z,_Z,2017,A,PPP,
14400.613985,P1Y,0,,A,PU,_Z,2,,,False,WB_WDI,WB_WDI_NY_GDP_PCAP_PP_CD,COL,_T,_T,_T,_Z,_Z,_Z,2017,A,PPP,
3347.45653,P1Y,0,,A,PU,_Z,2,,,False,WB_WDI,WB_WDI_NY_GDP_PCAP_PP_CD,COM,_T,_T,_T,_Z,_Z,_Z,2017,A,PPP,
990.545051,P1Y,0,,A,PU,_Z,2,,,False,WB_WDI,WB_WDI_NY_GDP_PCAP_PP_CD,COD,_T,_T,_T,_Z,_Z,_Z,2017,A,PPP,
4444.639002,P1Y,0,,A,PU,_Z,2,,,False,WB_WDI,WB_WDI_NY_GDP_PCAP_PP_CD,COG,_T,_T,_T,_Z,_Z,_Z,2017,A,PPP,
20499.344213,P1Y,0,,A,PU,_Z,2,,,False,WB_WDI,WB_WDI_NY_GDP_PCAP_PP_CD,CRI,_T,_T,_T,_Z,_Z,_Z,2017,A,PPP,
4690.178019,P1Y,0,,A,PU,_Z,2,,,False,WB_WDI,WB_WDI_NY_GDP_PCAP_PP_CD,CIV,_T,_T,_T,_Z,_Z,_Z,2017,A,PPP,
27887.758844,P1Y,0,,A,PU,_Z,2,,,False,WB_WDI,WB_WDI_NY_GDP_PCAP_PP_CD,HRV,_T,_T,_T,_Z,_Z,_Z,2017,A,PPP,
24321.746807,P1Y,0,,A,PU,_Z,2,,,False,WB_WDI,WB_WDI_NY_GDP_PCAP_PP_CD,CUW,_T,_T,_T,_Z,_Z,_Z,2017,A,PPP,
37768.117188,P1Y,0,,A,PU,_Z,2,,,False,WB_WDI,WB_WDI_NY_GDP_PCAP_PP_CD,CYP,_T,_T,_T,_Z,_Z,_Z,2017,A,PPP,
39346.030564,P1Y,0,,A,PU,_Z,2,,,False,WB_WDI,WB_WDI_NY_GDP_PCAP_PP_CD,CZE,_T,_T,_T,_Z,_Z,_Z,2017,A,PPP,
3455.89227,P1Y,0,,A,PU,_Z,2,,,False,WB_WDI,WB_WDI_NY_GDP_PCAP_PP_CD,SYR,_T,_T,_T,_Z,_Z,_Z,2018,A,PPP,
3069.103851,P1Y,0,,A,PU,_Z,2,,,False,WB_WDI,WB_WDI_NY_GDP_PCAP_PP_CD,TJK,_T,_T,_T,_Z,_Z,_Z,2018,A,PPP,
2727.880127,P1Y,0,,A,PU,_Z,2,,,False,WB_WDI,WB_WDI_NY_GDP_PCAP_PP_CD,TZA,_T,_T,_T,_Z,_Z,_Z,2018,A,PPP,
18876.220877,P1Y,0,,A,PU,_Z,2,,,False,WB_WDI,WB_WDI_NY_GDP_PCAP_PP_CD,THA,_T,_T,_T,_Z,_Z,_Z,2018,A,PPP,
3561.287738,P1Y,0,,A,PU,_Z,2,,,False,WB_WDI,WB_WDI_NY_GDP_PCAP_PP_CD,TLS,_T,_T,_T,_Z,_Z,_Z,2018,A,PPP,
2067.06643,P1Y,0,,A,PU,_Z,2,,,False,WB_WDI,WB_WDI_NY_GDP_PCAP_PP_CD,TGO,_T,_T,_T,_Z,_Z,_Z,2018,A,PPP,
6392.600677,P1Y,0,,A,PU,_Z,2,,,False,WB_WDI,WB_WDI_NY_GDP_PCAP_PP_CD,TON,_T,_T,_T,_Z,_Z,_Z,2018,A,PPP,
28673.241395,P1Y,0,,A,PU,_Z,2,,,False,WB_WDI,WB_WDI_NY_GDP_PCAP_PP_CD,TTO,_T,_T,_T,_Z,_Z,_Z,2018,A,PPP,
11841.406198,P1Y,0,,A,PU,_Z,2,,,False,WB_WDI,WB_WDI_NY_GDP_PCAP_PP_CD,TUN,_T,_T,_T,_Z,_Z,_Z,2018,A,PPP,
28640.340184,P1Y,0,,A,PU,_Z,2,,,False,WB_WDI,WB_WDI_NY_GDP_PCAP_PP_CD,TUR,_T,_T,_T,_Z,_Z,_Z,2018,A,PPP,
14368.462143,P1Y,0,,A,PU,_Z,2,,,False,WB_WDI,WB_WDI_NY_GDP_PCAP_PP_CD,TKM,_T,_T,_T,_Z,_Z,_Z,2018,A,PPP,
31151.474857,P1Y,0,,A,PU,_Z,2,,,False,WB_WDI,WB_WDI_NY_GDP_PCAP_PP_CD,TCA,_T,_T,_T,_Z,_Z,_Z,2018,A,PPP,
3340.446393,P1Y,0,,A,PU,_Z,2,,,False,WB_WDI,WB_WDI_NY_GDP_PCAP_PP_CD,FSM,_T,_T,_T,_Z,_Z,_Z,2016,A,PPP,
10325.84049,P1Y,0,,A,PU,_Z,2,,,False,WB_WDI,WB_WDI_NY_GDP_PCAP_PP_CD,MDA,_T,_T,_T,_Z,_Z,_Z,2016,A,PPP,
10511.383106,P1Y,0,,A,PU,_Z,2,,,False,WB_WDI,WB_WDI_NY_GDP_PCAP_PP_CD,MNG,_T,_T,_T,_Z,_Z,_Z,2016,A,PPP,
18030.090794,P1Y,0,,A,PU,_Z,2,,,False,WB_WDI,WB_WDI_NY_GDP_PCAP_PP_CD,MNE,_T,_T,_T,_Z,_Z,_Z,2016,A,PPP,
7853.17627,P1Y,0,,A,PU,_Z,2,,,False,WB_WDI,WB_WDI_NY_GDP_PCAP_PP_CD,MAR,_T,_T,_T,_Z,_Z,_Z,2016,A,PPP,
1379.1074,P1Y,0,,A,PU,_Z,2,,,False,WB_WDI,WB_WDI_NY_GDP_PCAP_PP_CD,MOZ,_T,_T,_T,_Z,_Z,_Z,2016,A,PPP,
4459.539814,P1Y,0,,A,PU,_Z,2,,,False,WB_WDI,WB_WDI_NY_GDP_PCAP_PP_CD,MMR,_T,_T,_T,_Z,_Z,_Z,2016,A,PPP,
10200.139261,P1Y,0,,A,PU,_Z,2,,,False,WB_WDI,WB_WDI_NY_GDP_PCAP_PP_CD,NAM,_T,_T,_T,_Z,_Z,_Z,2016,A,PPP,
10281.267399,P1Y,0,,A,PU,_Z,2,,,False,WB_WDI,WB_WDI_NY_GDP_PCAP_PP_CD,NRU,_T,_T,_T,_Z,_Z,_Z,2016,A,PPP,
2976.125137,P1Y,0,,A,PU,_Z,2,,,False,WB_WDI,WB_WDI_NY_GDP_PCAP_PP_CD,NPL,_T,_T,_T,_Z,_Z,_Z,2016,A,PPP,
42152.81618,P1Y,0,,A,PU,_Z,2,,,False,WB_WDI,WB_WDI_NY_GDP_PCAP_PP_CD,AUS,_T,_T,_T,_Z,_Z,_Z,2011,A,PPP,
44171.561869,P1Y,0,,A,PU,_Z,2,,,False,WB_WDI,WB_WDI_NY_GDP_PCAP_PP_CD,AUT,_T,_T,_T,_Z,_Z,_Z,2011,A,PPP,
14804.574451,P1Y,0,,A,PU,_Z,2,,,False,WB_WDI,WB_WDI_NY_GDP_PCAP_PP_CD,AZE,_T,_T,_T,_Z,_Z,_Z,2011,A,PPP,
30073.676931,P1Y,0,,A,PU,_Z,2,,,False,WB_WDI,WB_WDI_NY_GDP_PCAP_PP_CD,BHS,_T,_T,_T,_Z,_Z,_Z,2011,A,PPP,
52677.451119,P1Y,0,,A,PU,_Z,2,,,False,WB_WDI,WB_WDI_NY_GDP_PCAP_PP_CD,BHR,_T,_T,_T,_Z,_Z,_Z,2011,A,PPP,
3051.269833,P1Y,0,,A,PU,_Z,2,,,False,WB_WDI,WB_WDI_NY_GDP_PCAP_PP_CD,BGD,_T,_T,_T,_Z,_Z,_Z,2011,A,PPP,
20316.292536,P1Y,0,,A,PU,_Z,2,,,False,WB_WDI,WB_WDI_NY_GDP_PCAP_PP_CD,BRB,_T,_T,_T,_Z,_Z,_Z,2011,A,PPP,
16563.201408,P1Y,0,,A,PU,_Z,2,,,False,WB_WDI,WB_WDI_NY_GDP_PCAP_PP_CD,BLR,_T,_T,_T,_Z,_Z,_Z,2011,A,PPP,
41244.849504,P1Y,0,,A,PU,_Z,2,,,False,WB_WDI,WB_WDI_NY_GDP_PCAP_PP_CD,BEL,_T,_T,_T,_Z,_Z,_Z,2011,A,PPP,
9721.880846,P1Y,0,,A,PU,_Z,2,,,False,WB_WDI,WB_WDI_NY_GDP_PCAP_PP_CD,BLZ,_T,_T,_T,_Z,_Z,_Z,2011,A,PPP,
2264.841869,P1Y,0,,A,PU,_Z,2,,,False,WB_WDI,WB_WDI_NY_GDP_PCAP_PP_CD,BEN,_T,_T,_T,_Z,_Z,_Z,2011,A,PPP,
10468.017811,P1Y,0,,A,PU,_Z,2,,,False,WB_WDI,WB_WDI_NY_GDP_PCAP_PP_CD,ARB,_T,_T,_T,_Z,_Z,_Z,2003,A,PPP,
13920.054239,P1Y,0,,A,PU,_Z,2,,,False,WB_WDI,WB_WDI_NY_GDP_PCAP_PP_CD,CSS,_T,_T,_T,_Z,_Z,_Z,2003,A,PPP,
12319.039042,P1Y,0,,A,PU,_Z,2,,,False,WB_WDI,WB_WDI_NY_GDP_PCAP_PP_CD,CEB,_T,_T,_T,_Z,_Z,_Z,2003,A,PPP,
4591.162778,P1Y,0,,A,PU,_Z,2,,,False,WB_WDI,WB_WDI_NY_GDP_PCAP_PP_CD,EAR,_T,_T,_T,_Z,_Z,_Z,2003,A,PPP,
6932.287657,P1Y,0,,A,PU,_Z,2,,,False,WB_WDI,WB_WDI_NY_GDP_PCAP_PP_CD,EAS,_T,_T,_T,_Z,_Z,_Z,2003,A,PPP,
4288.360787,P1Y,0,,A,PU,_Z,2,,,False,WB_WDI,WB_WDI_NY_GDP_PCAP_PP_CD,EAP,_T,_T,_T,_Z,_Z,_Z,2003,A,PPP,
4339.005151,P1Y,0,,A,PU,_Z,2,,,False,WB_WDI,WB_WDI_NY_GDP_PCAP_PP_CD,TEA,_T,_T,_T,_Z,_Z,_Z,2003,A,PPP,
27846.077319,P1Y,0,,A,PU,_Z,2,,,False,WB_WDI,WB_WDI_NY_GDP_PCAP_PP_CD,EMU,_T,_T,_T,_Z,_Z,_Z,2003,A,PPP,
18177.351213,P1Y,0,,A,PU,_Z,2,,,False,WB_WDI,WB_WDI_NY_GDP_PCAP_PP_CD,ECS,_T,_T,_T,_Z,_Z,_Z,2003,A,PPP,
6683.330852,P1Y,0,,A,PU,_Z,2,,,False,WB_WDI,WB_WDI_NY_GDP_PCAP_PP_CD,ECA,_T,_T,_T,_Z,_Z,_Z,2003,A,PPP,
8166.98401,P1Y,0,,A,PU,_Z,2,,,False,WB_WDI,WB_WDI_NY_GDP_PCAP_PP_CD,TEC,_T,_T,_T,_Z,_Z,_Z,2003,A,PPP,
24749.112425,P1Y,0,,A,PU,_Z,2,,,False,WB_WDI,WB_WDI_NY_GDP_PCAP_PP_CD,EUU,_T,_T,_T,_Z,_Z,_Z,2003,A,PPP,
1461.152875,P1Y,0,,A,PU,_Z,2,,,False,WB_WDI,WB_WDI_NY_GDP_PCAP_PP_CD,HPC,_T,_T,_T,_Z,_Z,_Z,2003,A,PPP,
27945.748521,P1Y,0,,A,PU,_Z,2,,,False,WB_WDI,WB_WDI_NY_GDP_PCAP_PP_CD,HIC,_T,_T,_T,_Z,_Z,_Z,2003,A,PPP,
1557.734231,P1Y,0,,A,PU,_Z,2,,,False,WB_WDI,WB_WDI_NY_GDP_PCAP_PP_CD,LIC,_T,_T,_T,_Z,_Z,_Z,2007,A,PPP,
3821.714762,P1Y,0,,A,PU,_Z,2,,,False,WB_WDI,WB_WDI_NY_GDP_PCAP_PP_CD,LMC,_T,_T,_T,_Z,_Z,_Z,2007,A,PPP,
11411.149381,P1Y,0,,A,PU,_Z,2,,,False,WB_WDI,WB_WDI_NY_GDP_PCAP_PP_CD,MEA,_T,_T,_T,_Z,_Z,_Z,2007,A,PPP,
7602.265709,P1Y,0,,A,PU,_Z,2,,,False,WB_WDI,WB_WDI_NY_GDP_PCAP_PP_CD,MNA,_T,_T,_T,_Z,_Z,_Z,2007,A,PPP,
7629.876582,P1Y,0,,A,PU,_Z,2,,,False,WB_WDI,WB_WDI_NY_GDP_PCAP_PP_CD,TMN,_T,_T,_T,_Z,_Z,_Z,2007,A,PPP,
6576.81866,P1Y,0,,A,PU,_Z,2,,,False,WB_WDI,WB_WDI_NY_GDP_PCAP_PP_CD,MIC,_T,_T,_T,_Z,_Z,_Z,2007,A,PPP,
47221.554775,P1Y,0,,A,PU,_Z,2,,,False,WB_WDI,WB_WDI_NY_GDP_PCAP_PP_CD,NAC,_T,_T,_T,_Z,_Z,_Z,2007,A,PPP,
33414.615947,P1Y,0,,A,PU,_Z,2,,,False,WB_WDI,WB_WDI_NY_GDP_PCAP_PP_CD,OED,_T,_T,_T,_Z,_Z,_Z,2007,A,PPP,
15107.683134,P1Y,0,,A,PU,_Z,2,,,False,WB_WDI,WB_WDI_NY_GDP_PCAP_PP_CD,OSS,_T,_T,_T,_Z,_Z,_Z,2007,A,PPP,
4578.324259,P1Y,0,,A,PU,_Z,2,,,False,WB_WDI,WB_WDI_NY_GDP_PCAP_PP_CD,PSS,_T,_T,_T,_Z,_Z,_Z,2007,A,PPP,
36895.78093,P1Y,0,,A,PU,_Z,2,,,False,WB_WDI,WB_WDI_NY_GDP_PCAP_PP_CD,PST,_T,_T,_T,_Z,_Z,_Z,2007,A,PPP,
3181.710092,P1Y,0,,A,PU,_Z,2,,,False,WB_WDI,WB_WDI_NY_GDP_PCAP_PP_CD,PRE,_T,_T,_T,_Z,_Z,_Z,2007,A,PPP,
14730.587645,P1Y,0,,A,PU,_Z,2,,,False,WB_WDI,WB_WDI_NY_GDP_PCAP_PP_CD,SST,_T,_T,_T,_Z,_Z,_Z,2007,A,PPP,
3407.963134,P1Y,0,,A,PU,_Z,2,,,False,WB_WDI,WB_WDI_NY_GDP_PCAP_PP_CD,SAS,_T,_T,_T,_Z,_Z,_Z,2007,A,PPP,
12062.159875,P1Y,0,,A,PU,_Z,2,,,False,WB_WDI,WB_WDI_NY_GDP_PCAP_PP_CD,THA,_T,_T,_T,_Z,_Z,_Z,2008,A,PPP,
1675.045705,P1Y,0,,A,PU,_Z,2,,,False,WB_WDI,WB_WDI_NY_GDP_PCAP_PP_CD,TLS,_T,_T,_T,_Z,_Z,_Z,2008,A,PPP,
1429.306365,P1Y,0,,A,PU,_Z,2,,,False,WB_WDI,WB_WDI_NY_GDP_PCAP_PP_CD,TGO,_T,_T,_T,_Z,_Z,_Z,2008,A,PPP,
4600.348829,P1Y,0,,A,PU,_Z,2,,,False,WB_WDI,WB_WDI_NY_GDP_PCAP_PP_CD,TON,_T,_T,_T,_Z,_Z,_Z,2008,A,PPP,
30807.284852,P1Y,0,,A,PU,_Z,2,,,False,WB_WDI,WB_WDI_NY_GDP_PCAP_PP_CD,TTO,_T,_T,_T,_Z,_Z,_Z,2008,A,PPP,
9975.022321,P1Y,0,,A,PU,_Z,2,,,False,WB_WDI,WB_WDI_NY_GDP_PCAP_PP_CD,TUN,_T,_T,_T,_Z,_Z,_Z,2008,A,PPP,
16141.688807,P1Y,0,,A,PU,_Z,2,,,False,WB_WDI,WB_WDI_NY_GDP_PCAP_PP_CD,TUR,_T,_T,_T,_Z,_Z,_Z,2008,A,PPP,
7915.547924,P1Y,0,,A,PU,_Z,2,,,False,WB_WDI,WB_WDI_NY_GDP_PCAP_PP_CD,TKM,_T,_T,_T,_Z,_Z,_Z,2008,A,PPP,
33827.510014,P1Y,0,,A,PU,_Z,2,,,False,WB_WDI,WB_WDI_NY_GDP_PCAP_PP_CD,TCA,_T,_T,_T,_Z,_Z,_Z,2008,A,PPP,
3291.097724,P1Y,0,,A,PU,_Z,2,,,False,WB_WDI,WB_WDI_NY_GDP_PCAP_PP_CD,TUV,_T,_T,_T,_Z,_Z,_Z,2008,A,PPP,
1930.708695,P1Y,0,,A,PU,_Z,2,,,False,WB_WDI,WB_WDI_NY_GDP_PCAP_PP_CD,UGA,_T,_T,_T,_Z,_Z,_Z,2008,A,PPP,
9323.722656,P1Y,0,,A,PU,_Z,2,,,False,WB_WDI,WB_WDI_NY_GDP_PCAP_PP_CD,UKR,_T,_T,_T,_Z,_Z,_Z,2008,A,PPP,
12186.192962,P1Y,0,,A,PU,_Z,2,,,False,WB_WDI,WB_WDI_NY_GDP_PCAP_PP_CD,IRQ,_T,_T,_T,_Z,_Z,_Z,2010,A,PPP,
43212.204,P1Y,0,,A,PU,_Z,2,,,False,WB_WDI,WB_WDI_NY_GDP_PCAP_PP_CD,IRL,_T,_T,_T,_Z,_Z,_Z,2010,A,PPP,
29455.954673,P1Y,0,,A,PU,_Z,2,,,False,WB_WDI,WB_WDI_NY_GDP_PCAP_PP_CD,ISR,_T,_T,_T,_Z,_Z,_Z,2010,A,PPP,
34974.104514,P1Y,0,,A,PU,_Z,2,,,False,WB_WDI,WB_WDI_NY_GDP_PCAP_PP_CD,ITA,_T,_T,_T,_Z,_Z,_Z,2010,A,PPP,
8521.288764,P1Y,0,,A,PU,_Z,2,,,False,WB_WDI,WB_WDI_NY_GDP_PCAP_PP_CD,JAM,_T,_T,_T,_Z,_Z,_Z,2010,A,PPP,
35336.008049,P1Y,0,,A,PU,_Z,2,,,False,WB_WDI,WB_WDI_NY_GDP_PCAP_PP_CD,JPN,_T,_T,_T,_Z,_Z,_Z,2010,A,PPP,
9416.643868,P1Y,0,,A,PU,_Z,2,,,False,WB_WDI,WB_WDI_NY_GDP_PCAP_PP_CD,JOR,_T,_T,_T,_Z,_Z,_Z,2010,A,PPP,
18641.806148,P1Y,0,,A,PU,_Z,2,,,False,WB_WDI,WB_WDI_NY_GDP_PCAP_PP_CD,KAZ,_T,_T,_T,_Z,_Z,_Z,2010,A,PPP,
2634.892713,P1Y,0,,A,PU,_Z,2,,,False,WB_WDI,WB_WDI_NY_GDP_PCAP_PP_CD,KEN,_T,_T,_T,_Z,_Z,_Z,2010,A,PPP,
1724.467102,P1Y,0,,A,PU,_Z,2,,,False,WB_WDI,WB_WDI_NY_GDP_PCAP_PP_CD,KIR,_T,_T,_T,_Z,_Z,_Z,2010,A,PPP,
33120.351935,P1Y,0,,A,PU,_Z,2,,,False,WB_WDI,WB_WDI_NY_GDP_PCAP_PP_CD,KOR,_T,_T,_T,_Z,_Z,_Z,2010,A,PPP,
10708.364496,P1Y,0,,A,PU,_Z,2,,,False,WB_WDI,WB_WDI_NY_GDP_PCAP_PP_CD,CHL,_T,_T,_T,_Z,_Z,_Z,2003,A,PPP,
4007.116046,P1Y,0,,A,PU,_Z,2,,,False,WB_WDI,WB_WDI_NY_GDP_PCAP_PP_CD,CHN,_T,_T,_T,_Z,_Z,_Z,2003,A,PPP,
7420.460084,P1Y,0,,A,PU,_Z,2,,,False,WB_WDI,WB_WDI_NY_GDP_PCAP_PP_CD,COL,_T,_T,_T,_Z,_Z,_Z,2003,A,PPP,
1949.138161,P1Y,0,,A,PU,_Z,2,,,False,WB_WDI,WB_WDI_NY_GDP_PCAP_PP_CD,COM,_T,_T,_T,_Z,_Z,_Z,2003,A,PPP,
428.332471,P1Y,0,,A,PU,_Z,2,,,False,WB_WDI,WB_WDI_NY_GDP_PCAP_PP_CD,COD,_T,_T,_T,_Z,_Z,_Z,2003,A,PPP,
3886.992068,P1Y,0,,A,PU,_Z,2,,,False,WB_WDI,WB_WDI_NY_GDP_PCAP_PP_CD,COG,_T,_T,_T,_Z,_Z,_Z,2003,A,PPP,
8862.994121,P1Y,0,,A,PU,_Z,2,,,False,WB_WDI,WB_WDI_NY_GDP_PCAP_PP_CD,CRI,_T,_T,_T,_Z,_Z,_Z,2003,A,PPP,
2701.741685,P1Y,0,,A,PU,_Z,2,,,False,WB_WDI,WB_WDI_NY_GDP_PCAP_PP_CD,CIV,_T,_T,_T,_Z,_Z,_Z,2003,A,PPP,
13691.556923,P1Y,0,,A,PU,_Z,2,,,False,WB_WDI,WB_WDI_NY_GDP_PCAP_PP_CD,HRV,_T,_T,_T,_Z,_Z,_Z,2003,A,PPP,
23522.274889,P1Y,0,,A,PU,_Z,2,,,False,WB_WDI,WB_WDI_NY_GDP_PCAP_PP_CD,CUW,_T,_T,_T,_Z,_Z,_Z,2003,A,PPP,
24278.041016,P1Y,0,,A,PU,_Z,2,,,False,WB_WDI,WB_WDI_NY_GDP_PCAP_PP_CD,CYP,_T,_T,_T,_Z,_Z,_Z,2003,A,PPP,
19604.091722,P1Y,0,,A,PU,_Z,2,,,False,WB_WDI,WB_WDI_NY_GDP_PCAP_PP_CD,CZE,_T,_T,_T,_Z,_Z,_Z,2003,A,PPP,
12816.661223,P1Y,0,,A,PU,_Z,2,,,False,WB_WDI,WB_WDI_NY_GDP_PCAP_PP_CD,IBD,_T,_T,_T,_Z,_Z,_Z,2017,A,PPP,
10550.937821,P1Y,0,,A,PU,_Z,2,,,False,WB_WDI,WB_WDI_NY_GDP_PCAP_PP_CD,IBT,_T,_T,_T,_Z,_Z,_Z,2017,A,PPP,
5794.370261,P1Y,0,,A,PU,_Z,2,,,False,WB_WDI,WB_WDI_NY_GDP_PCAP_PP_CD,IDB,_T,_T,_T,_Z,_Z,_Z,2017,A,PPP,
3198.153688,P1Y,0,,A,PU,_Z,2,,,False,WB_WDI,WB_WDI_NY_GDP_PCAP_PP_CD,IDX,_T,_T,_T,_Z,_Z,_Z,2017,A,PPP,
4111.127342,P1Y,0,,A,PU,_Z,2,,,False,WB_WDI,WB_WDI_NY_GDP_PCAP_PP_CD,IDA,_T,_T,_T,_Z,_Z,_Z,2017,A,PPP,
16562.766558,P1Y,0,,A,PU,_Z,2,,,False,WB_WDI,WB_WDI_NY_GDP_PCAP_PP_CD,LTE,_T,_T,_T,_Z,_Z,_Z,2017,A,PPP,
16199.111898,P1Y,0,,A,PU,_Z,2,,,False,WB_WDI,WB_WDI_NY_GDP_PCAP_PP_CD,LCN,_T,_T,_T,_Z,_Z,_Z,2017,A,PPP,
15582.834336,P1Y,0,,A,PU,_Z,2,,,False,WB_WDI,WB_WDI_NY_GDP_PCAP_PP_CD,LAC,_T,_T,_T,_Z,_Z,_Z,2017,A,PPP,
16138.796576,P1Y,0,,A,PU,_Z,2,,,False,WB_WDI,WB_WDI_NY_GDP_PCAP_PP_CD,TLA,_T,_T,_T,_Z,_Z,_Z,2017,A,PPP,
3018.918668,P1Y,0,,A,PU,_Z,2,,,False,WB_WDI,WB_WDI_NY_GDP_PCAP_PP_CD,LDC,_T,_T,_T,_Z,_Z,_Z,2017,A,PPP,
9973.335346,P1Y,0,,A,PU,_Z,2,,,False,WB_WDI,WB_WDI_NY_GDP_PCAP_PP_CD,LMY,_T,_T,_T,_Z,_Z,_Z,2017,A,PPP,
1903.987243,P1Y,0,,A,PU,_Z,2,,,False,WB_WDI,WB_WDI_NY_GDP_PCAP_PP_CD,LIC,_T,_T,_T,_Z,_Z,_Z,2017,A,PPP,
6294.501676,P1Y,0,,A,PU,_Z,2,,,False,WB_WDI,WB_WDI_NY_GDP_PCAP_PP_CD,LMC,_T,_T,_T,_Z,_Z,_Z,2017,A,PPP,
99835.084641,P1Y,0,,A,PU,_Z,2,,,False,WB_WDI,WB_WDI_NY_GDP_PCAP_PP_CD,MAC,_T,_T,_T,_Z,_Z,_Z,2010,A,PPP,
1463.876468,P1Y,0,,A,PU,_Z,2,,,False,WB_WDI,WB_WDI_NY_GDP_PCAP_PP_CD,MDG,_T,_T,_T,_Z,_Z,_Z,2010,A,PPP,
1457.605683,P1Y,0,,A,PU,_Z,2,,,False,WB_WDI,WB_WDI_NY_GDP_PCAP_PP_CD,MWI,_T,_T,_T,_Z,_Z,_Z,2010,A,PPP,
20193.409295,P1Y,0,,A,PU,_Z,2,,,False,WB_WDI,WB_WDI_NY_GDP_PCAP_PP_CD,MYS,_T,_T,_T,_Z,_Z,_Z,2010,A,PPP,
12797.327926,P1Y,0,,A,PU,_Z,2,,,False,WB_WDI,WB_WDI_NY_GDP_PCAP_PP_CD,MDV,_T,_T,_T,_Z,_Z,_Z,2010,A,PPP,
2011.678946,P1Y,0,,A,PU,_Z,2,,,False,WB_WDI,WB_WDI_NY_GDP_PCAP_PP_CD,MLI,_T,_T,_T,_Z,_Z,_Z,2010,A,PPP,
28909.194025,P1Y,0,,A,PU,_Z,2,,,False,WB_WDI,WB_WDI_NY_GDP_PCAP_PP_CD,MLT,_T,_T,_T,_Z,_Z,_Z,2010,A,PPP,
3473.404699,P1Y,0,,A,PU,_Z,2,,,False,WB_WDI,WB_WDI_NY_GDP_PCAP_PP_CD,MHL,_T,_T,_T,_Z,_Z,_Z,2010,A,PPP,
3177.844366,P1Y,0,,A,PU,_Z,2,,,False,WB_WDI,WB_WDI_NY_GDP_PCAP_PP_CD,MRT,_T,_T,_T,_Z,_Z,_Z,2010,A,PPP,
15919.662276,P1Y,0,,A,PU,_Z,2,,,False,WB_WDI,WB_WDI_NY_GDP_PCAP_PP_CD,MUS,_T,_T,_T,_Z,_Z,_Z,2010,A,PPP,
15909.146496,P1Y,0,,A,PU,_Z,2,,,False,WB_WDI,WB_WDI_NY_GDP_PCAP_PP_CD,MEX,_T,_T,_T,_Z,_Z,_Z,2010,A,PPP,
5322.161077,P1Y,0,,A,PU,_Z,2,,,False,WB_WDI,WB_WDI_NY_GDP_PCAP_PP_CD,EAR,_T,_T,_T,_Z,_Z,_Z,2005,A,PPP,
8190.884001,P1Y,0,,A,PU,_Z,2,,,False,WB_WDI,WB_WDI_NY_GDP_PCAP_PP_CD,EAS,_T,_T,_T,_Z,_Z,_Z,2005,A,PPP,
5317.937307,P1Y,0,,A,PU,_Z,2,,,False,WB_WDI,WB_WDI_NY_GDP_PCAP_PP_CD,EAP,_T,_T,_T,_Z,_Z,_Z,2005,A,PPP,
5380.470311,P1Y,0,,A,PU,_Z,2,,,False,WB_WDI,WB_WDI_NY_GDP_PCAP_PP_CD,TEA,_T,_T,_T,_Z,_Z,_Z,2005,A,PPP,
29976.261782,P1Y,0,,A,PU,_Z,2,,,False,WB_WDI,WB_WDI_NY_GDP_PCAP_PP_CD,EMU,_T,_T,_T,_Z,_Z,_Z,2005,A,PPP,
20349.538818,P1Y,0,,A,PU,_Z,2,,,False,WB_WDI,WB_WDI_NY_GDP_PCAP_PP_CD,ECS,_T,_T,_T,_Z,_Z,_Z,2005,A,PPP,
8325.921047,P1Y,0,,A,PU,_Z,2,,,False,WB_WDI,WB_WDI_NY_GDP_PCAP_PP_CD,ECA,_T,_T,_T,_Z,_Z,_Z,2005,A,PPP,
10124.129743,P1Y,0,,A,PU,_Z,2,,,False,WB_WDI,WB_WDI_NY_GDP_PCAP_PP_CD,TEC,_T,_T,_T,_Z,_Z,_Z,2005,A,PPP,
26886.783956,P1Y,0,,A,PU,_Z,2,,,False,WB_WDI,WB_WDI_NY_GDP_PCAP_PP_CD,EUU,_T,_T,_T,_Z,_Z,_Z,2005,A,PPP,
1633.351451,P1Y,0,,A,PU,_Z,2,,,False,WB_WDI,WB_WDI_NY_GDP_PCAP_PP_CD,HPC,_T,_T,_T,_Z,_Z,_Z,2005,A,PPP,
31229.350976,P1Y,0,,A,PU,_Z,2,,,False,WB_WDI,WB_WDI_NY_GDP_PCAP_PP_CD,HIC,_T,_T,_T,_Z,_Z,_Z,2005,A,PPP,
6346.354411,P1Y,0,,A,PU,_Z,2,,,False,WB_WDI,WB_WDI_NY_GDP_PCAP_PP_CD,IBD,_T,_T,_T,_Z,_Z,_Z,2005,A,PPP,
5429.302424,P1Y,0,,A,PU,_Z,2,,,False,WB_WDI,WB_WDI_NY_GDP_PCAP_PP_CD,IBT,_T,_T,_T,_Z,_Z,_Z,2005,A,PPP,
3625.840978,P1Y,0,,A,PU,_Z,2,,,False,WB_WDI,WB_WDI_NY_GDP_PCAP_PP_CD,IDB,_T,_T,_T,_Z,_Z,_Z,2005,A,PPP,
2441.374452,P1Y,0,,A,PU,_Z,2,,,False,WB_WDI,WB_WDI_NY_GDP_PCAP_PP_CD,UGA,_T,_T,_T,_Z,_Z,_Z,2019,A,PPP,
14217.486328,P1Y,0,,A,PU,_Z,2,,,False,WB_WDI,WB_WDI_NY_GDP_PCAP_PP_CD,UKR,_T,_T,_T,_Z,_Z,_Z,2019,A,PPP,
79816.30109,P1Y,0,,A,PU,_Z,2,,,False,WB_WDI,WB_WDI_NY_GDP_PCAP_PP_CD,ARE,_T,_T,_T,_Z,_Z,_Z,2019,A,PPP,
50064.960558,P1Y,0,,A,PU,_Z,2,,,False,WB_WDI,WB_WDI_NY_GDP_PCAP_PP_CD,GBR,_T,_T,_T,_Z,_Z,_Z,2019,A,PPP,
65227.956591,P1Y,0,,A,PU,_Z,2,,,False,WB_WDI,WB_WDI_NY_GDP_PCAP_PP_CD,USA,_T,_T,_T,_Z,_Z,_Z,2019,A,PPP,
25782.68902,P1Y,0,,A,PU,_Z,2,,,False,WB_WDI,WB_WDI_NY_GDP_PCAP_PP_CD,URY,_T,_T,_T,_Z,_Z,_Z,2019,A,PPP,
8544.080267,P1Y,0,,A,PU,_Z,2,,,False,WB_WDI,WB_WDI_NY_GDP_PCAP_PP_CD,UZB,_T,_T,_T,_Z,_Z,_Z,2019,A,PPP,
3314.667214,P1Y,0,,A,PU,_Z,2,,,False,WB_WDI,WB_WDI_NY_GDP_PCAP_PP_CD,VUT,_T,_T,_T,_Z,_Z,_Z,2019,A,PPP,
11029.273208,P1Y,0,,A,PU,_Z,2,,,False,WB_WDI,WB_WDI_NY_GDP_PCAP_PP_CD,VNM,_T,_T,_T,_Z,_Z,_Z,2019,A,PPP,
40021.77758,P1Y,0,,A,PU,_Z,2,,,False,WB_WDI,WB_WDI_NY_GDP_PCAP_PP_CD,VIR,_T,_T,_T,_Z,_Z,_Z,2019,A,PPP,
6508.448351,P1Y,0,,A,PU,_Z,2,,,False,WB_WDI,WB_WDI_NY_GDP_PCAP_PP_CD,PSE,_T,_T,_T,_Z,_Z,_Z,2019,A,PPP,
1621.359033,P1Y,0,,A,PU,_Z,2,,,False,WB_WDI,WB_WDI_NY_GDP_PCAP_PP_CD,LIC,_T,_T,_T,_Z,_Z,_Z,2008,A,PPP,
3998.301705,P1Y,0,,A,PU,_Z,2,,,False,WB_WDI,WB_WDI_NY_GDP_PCAP_PP_CD,LMC,_T,_T,_T,_Z,_Z,_Z,2008,A,PPP,
11816.713005,P1Y,0,,A,PU,_Z,2,,,False,WB_WDI,WB_WDI_NY_GDP_PCAP_PP_CD,MEA,_T,_T,_T,_Z,_Z,_Z,2008,A,PPP,
7822.004563,P1Y,0,,A,PU,_Z,2,,,False,WB_WDI,WB_WDI_NY_GDP_PCAP_PP_CD,MNA,_T,_T,_T,_Z,_Z,_Z,2008,A,PPP,
7849.743362,P1Y,0,,A,PU,_Z,2,,,False,WB_WDI,WB_WDI_NY_GDP_PCAP_PP_CD,TMN,_T,_T,_T,_Z,_Z,_Z,2008,A,PPP,
7009.869609,P1Y,0,,A,PU,_Z,2,,,False,WB_WDI,WB_WDI_NY_GDP_PCAP_PP_CD,MIC,_T,_T,_T,_Z,_Z,_Z,2008,A,PPP,
47768.076906,P1Y,0,,A,PU,_Z,2,,,False,WB_WDI,WB_WDI_NY_GDP_PCAP_PP_CD,NAC,_T,_T,_T,_Z,_Z,_Z,2008,A,PPP,
34288.693106,P1Y,0,,A,PU,_Z,2,,,False,WB_WDI,WB_WDI_NY_GDP_PCAP_PP_CD,OED,_T,_T,_T,_Z,_Z,_Z,2008,A,PPP,
15638.127122,P1Y,0,,A,PU,_Z,2,,,False,WB_WDI,WB_WDI_NY_GDP_PCAP_PP_CD,OSS,_T,_T,_T,_Z,_Z,_Z,2008,A,PPP,
4701.522004,P1Y,0,,A,PU,_Z,2,,,False,WB_WDI,WB_WDI_NY_GDP_PCAP_PP_CD,PSS,_T,_T,_T,_Z,_Z,_Z,2008,A,PPP,
37838.090396,P1Y,0,,A,PU,_Z,2,,,False,WB_WDI,WB_WDI_NY_GDP_PCAP_PP_CD,PST,_T,_T,_T,_Z,_Z,_Z,2008,A,PPP,
3354.611871,P1Y,0,,A,PU,_Z,2,,,False,WB_WDI,WB_WDI_NY_GDP_PCAP_PP_CD,PRE,_T,_T,_T,_Z,_Z,_Z,2008,A,PPP,
15234.817178,P1Y,0,,A,PU,_Z,2,,,False,WB_WDI,WB_WDI_NY_GDP_PCAP_PP_CD,SST,_T,_T,_T,_Z,_Z,_Z,2008,A,PPP,
3543.887322,P1Y,0,,A,PU,_Z,2,,,False,WB_WDI,WB_WDI_NY_GDP_PCAP_PP_CD,SAS,_T,_T,_T,_Z,_Z,_Z,2008,A,PPP,
1314.135595,P1Y,0,,A,PU,_Z,2,,,False,WB_WDI,WB_WDI_NY_GDP_PCAP_PP_CD,RWA,_T,_T,_T,_Z,_Z,_Z,2010,A,PPP,
5229.041912,P1Y,0,,A,PU,_Z,2,,,False,WB_WDI,WB_WDI_NY_GDP_PCAP_PP_CD,WSM,_T,_T,_T,_Z,_Z,_Z,2010,A,PPP,
58926.14037,P1Y,0,,A,PU,_Z,2,,,False,WB_WDI,WB_WDI_NY_GDP_PCAP_PP_CD,SMR,_T,_T,_T,_Z,_Z,_Z,2010,A,PPP,
2858.568991,P1Y,0,,A,PU,_Z,2,,,False,WB_WDI,WB_WDI_NY_GDP_PCAP_PP_CD,STP,_T,_T,_T,_Z,_Z,_Z,2010,A,PPP,
58828.726535,P1Y,0,,A,PU,_Z,2,,,False,WB_WDI,WB_WDI_NY_GDP_PCAP_PP_CD,SAU,_T,_T,_T,_Z,_Z,_Z,2010,A,PPP,
2662.504866,P1Y,0,,A,PU,_Z,2,,,False,WB_WDI,WB_WDI_NY_GDP_PCAP_PP_CD,SEN,_T,_T,_T,_Z,_Z,_Z,2010,A,PPP,
13320.028238,P1Y,0,,A,PU,_Z,2,,,False,WB_WDI,WB_WDI_NY_GDP_PCAP_PP_CD,SRB,_T,_T,_T,_Z,_Z,_Z,2010,A,PPP,
18981.65865,P1Y,0,,A,PU,_Z,2,,,False,WB_WDI,WB_WDI_NY_GDP_PCAP_PP_CD,SYC,_T,_T,_T,_Z,_Z,_Z,2010,A,PPP,
1900.385152,P1Y,0,,A,PU,_Z,2,,,False,WB_WDI,WB_WDI_NY_GDP_PCAP_PP_CD,SLE,_T,_T,_T,_Z,_Z,_Z,2010,A,PPP,
75400.555798,P1Y,0,,A,PU,_Z,2,,,False,WB_WDI,WB_WDI_NY_GDP_PCAP_PP_CD,SGP,_T,_T,_T,_Z,_Z,_Z,2010,A,PPP,
37736.40568,P1Y,0,,A,PU,_Z,2,,,False,WB_WDI,WB_WDI_NY_GDP_PCAP_PP_CD,SXM,_T,_T,_T,_Z,_Z,_Z,2010,A,PPP,
25381.71123,P1Y,0,,A,PU,_Z,2,,,False,WB_WDI,WB_WDI_NY_GDP_PCAP_PP_CD,SVK,_T,_T,_T,_Z,_Z,_Z,2010,A,PPP,
10912.442793,P1Y,0,,A,PU,_Z,2,,,False,WB_WDI,WB_WDI_NY_GDP_PCAP_PP_CD,THA,_T,_T,_T,_Z,_Z,_Z,2006,A,PPP,
1377.113541,P1Y,0,,A,PU,_Z,2,,,False,WB_WDI,WB_WDI_NY_GDP_PCAP_PP_CD,TLS,_T,_T,_T,_Z,_Z,_Z,2006,A,PPP,
1407.068256,P1Y,0,,A,PU,_Z,2,,,False,WB_WDI,WB_WDI_NY_GDP_PCAP_PP_CD,TGO,_T,_T,_T,_Z,_Z,_Z,2006,A,PPP,
4327.446619,P1Y,0,,A,PU,_Z,2,,,False,WB_WDI,WB_WDI_NY_GDP_PCAP_PP_CD,TON,_T,_T,_T,_Z,_Z,_Z,2006,A,PPP,
27393.350546,P1Y,0,,A,PU,_Z,2,,,False,WB_WDI,WB_WDI_NY_GDP_PCAP_PP_CD,TTO,_T,_T,_T,_Z,_Z,_Z,2006,A,PPP,
8728.657125,P1Y,0,,A,PU,_Z,2,,,False,WB_WDI,WB_WDI_NY_GDP_PCAP_PP_CD,TUN,_T,_T,_T,_Z,_Z,_Z,2006,A,PPP,
13555.335975,P1Y,0,,A,PU,_Z,2,,,False,WB_WDI,WB_WDI_NY_GDP_PCAP_PP_CD,TUR,_T,_T,_T,_Z,_Z,_Z,2006,A,PPP,
6163.850182,P1Y,0,,A,PU,_Z,2,,,False,WB_WDI,WB_WDI_NY_GDP_PCAP_PP_CD,TKM,_T,_T,_T,_Z,_Z,_Z,2006,A,PPP,
2787.109566,P1Y,0,,A,PU,_Z,2,,,False,WB_WDI,WB_WDI_NY_GDP_PCAP_PP_CD,TUV,_T,_T,_T,_Z,_Z,_Z,2006,A,PPP,
1659.725291,P1Y,0,,A,PU,_Z,2,,,False,WB_WDI,WB_WDI_NY_GDP_PCAP_PP_CD,UGA,_T,_T,_T,_Z,_Z,_Z,2006,A,PPP,
7971.196289,P1Y,0,,A,PU,_Z,2,,,False,WB_WDI,WB_WDI_NY_GDP_PCAP_PP_CD,UKR,_T,_T,_T,_Z,_Z,_Z,2006,A,PPP,
106814.05364,P1Y,0,,A,PU,_Z,2,,,False,WB_WDI,WB_WDI_NY_GDP_PCAP_PP_CD,ARE,_T,_T,_T,_Z,_Z,_Z,2006,A,PPP,
16428.813658,P1Y,0,,A,PU,_Z,2,,,False,WB_WDI,WB_WDI_NY_GDP_PCAP_PP_CD,BIH,_T,_T,_T,_Z,_Z,_Z,2019,A,PPP,
15960.015614,P1Y,0,,A,PU,_Z,2,,,False,WB_WDI,WB_WDI_NY_GDP_PCAP_PP_CD,BWA,_T,_T,_T,_Z,_Z,_Z,2019,A,PPP,
16069.838015,P1Y,0,,A,PU,_Z,2,,,False,WB_WDI,WB_WDI_NY_GDP_PCAP_PP_CD,BRA,_T,_T,_T,_Z,_Z,_Z,2019,A,PPP,
69353.679951,P1Y,0,,A,PU,_Z,2,,,False,WB_WDI,WB_WDI_NY_GDP_PCAP_PP_CD,BRN,_T,_T,_T,_Z,_Z,_Z,2019,A,PPP,
26765.719205,P1Y,0,,A,PU,_Z,2,,,False,WB_WDI,WB_WDI_NY_GDP_PCAP_PP_CD,BGR,_T,_T,_T,_Z,_Z,_Z,2019,A,PPP,
2232.16282,P1Y,0,,A,PU,_Z,2,,,False,WB_WDI,WB_WDI_NY_GDP_PCAP_PP_CD,BFA,_T,_T,_T,_Z,_Z,_Z,2019,A,PPP,
868.423732,P1Y,0,,A,PU,_Z,2,,,False,WB_WDI,WB_WDI_NY_GDP_PCAP_PP_CD,BDI,_T,_T,_T,_Z,_Z,_Z,2019,A,PPP,
8645.756469,P1Y,0,,A,PU,_Z,2,,,False,WB_WDI,WB_WDI_NY_GDP_PCAP_PP_CD,CPV,_T,_T,_T,_Z,_Z,_Z,2019,A,PPP,
6153.994395,P1Y,0,,A,PU,_Z,2,,,False,WB_WDI,WB_WDI_NY_GDP_PCAP_PP_CD,KHM,_T,_T,_T,_Z,_Z,_Z,2019,A,PPP,
4241.111749,P1Y,0,,A,PU,_Z,2,,,False,WB_WDI,WB_WDI_NY_GDP_PCAP_PP_CD,CMR,_T,_T,_T,_Z,_Z,_Z,2019,A,PPP,
8842.151739,P1Y,0,,A,PU,_Z,2,,,False,WB_WDI,WB_WDI_NY_GDP_PCAP_PP_CD,FJI,_T,_T,_T,_Z,_Z,_Z,2013,A,PPP,
41325.805207,P1Y,0,,A,PU,_Z,2,,,False,WB_WDI,WB_WDI_NY_GDP_PCAP_PP_CD,FIN,_T,_T,_T,_Z,_Z,_Z,2013,A,PPP,
39583.352044,P1Y,0,,A,PU,_Z,2,,,False,WB_WDI,WB_WDI_NY_GDP_PCAP_PP_CD,FRA,_T,_T,_T,_Z,_Z,_Z,2013,A,PPP,
14497.992122,P1Y,0,,A,PU,_Z,2,,,False,WB_WDI,WB_WDI_NY_GDP_PCAP_PP_CD,GAB,_T,_T,_T,_Z,_Z,_Z,2013,A,PPP,
2006.740816,P1Y,0,,A,PU,_Z,2,,,False,WB_WDI,WB_WDI_NY_GDP_PCAP_PP_CD,GMB,_T,_T,_T,_Z,_Z,_Z,2013,A,PPP,
10797.342327,P1Y,0,,A,PU,_Z,2,,,False,WB_WDI,WB_WDI_NY_GDP_PCAP_PP_CD,GEO,_T,_T,_T,_Z,_Z,_Z,2013,A,PPP,
45889.017302,P1Y,0,,A,PU,_Z,2,,,False,WB_WDI,WB_WDI_NY_GDP_PCAP_PP_CD,DEU,_T,_T,_T,_Z,_Z,_Z,2013,A,PPP,
5214.569358,P1Y,0,,A,PU,_Z,2,,,False,WB_WDI,WB_WDI_NY_GDP_PCAP_PP_CD,GHA,_T,_T,_T,_Z,_Z,_Z,2013,A,PPP,
25730.880901,P1Y,0,,A,PU,_Z,2,,,False,WB_WDI,WB_WDI_NY_GDP_PCAP_PP_CD,GRC,_T,_T,_T,_Z,_Z,_Z,2013,A,PPP,
52893.650356,P1Y,0,,A,PU,_Z,2,,,False,WB_WDI,WB_WDI_NY_GDP_PCAP_PP_CD,GRL,_T,_T,_T,_Z,_Z,_Z,2013,A,PPP,
11199.40402,P1Y,0,,A,PU,_Z,2,,,False,WB_WDI,WB_WDI_NY_GDP_PCAP_PP_CD,GRD,_T,_T,_T,_Z,_Z,_Z,2013,A,PPP,
70911.542319,P1Y,0,,A,PU,_Z,2,,,False,WB_WDI,WB_WDI_NY_GDP_PCAP_PP_CD,BMU,_T,_T,_T,_Z,_Z,_Z,2011,A,PPP,
7935.46761,P1Y,0,,A,PU,_Z,2,,,False,WB_WDI,WB_WDI_NY_GDP_PCAP_PP_CD,BTN,_T,_T,_T,_Z,_Z,_Z,2011,A,PPP,
6597.962176,P1Y,0,,A,PU,_Z,2,,,False,WB_WDI,WB_WDI_NY_GDP_PCAP_PP_CD,BOL,_T,_T,_T,_Z,_Z,_Z,2011,A,PPP,
9761.476244,P1Y,0,,A,PU,_Z,2,,,False,WB_WDI,WB_WDI_NY_GDP_PCAP_PP_CD,BIH,_T,_T,_T,_Z,_Z,_Z,2011,A,PPP,
13635.426767,P1Y,0,,A,PU,_Z,2,,,False,WB_WDI,WB_WDI_NY_GDP_PCAP_PP_CD,BWA,_T,_T,_T,_Z,_Z,_Z,2011,A,PPP,
15211.792039,P1Y,0,,A,PU,_Z,2,,,False,WB_WDI,WB_WDI_NY_GDP_PCAP_PP_CD,BRA,_T,_T,_T,_Z,_Z,_Z,2011,A,PPP,
82735.391448,P1Y,0,,A,PU,_Z,2,,,False,WB_WDI,WB_WDI_NY_GDP_PCAP_PP_CD,BRN,_T,_T,_T,_Z,_Z,_Z,2011,A,PPP,
15747.347658,P1Y,0,,A,PU,_Z,2,,,False,WB_WDI,WB_WDI_NY_GDP_PCAP_PP_CD,BGR,_T,_T,_T,_Z,_Z,_Z,2011,A,PPP,
1531.343382,P1Y,0,,A,PU,_Z,2,,,False,WB_WDI,WB_WDI_NY_GDP_PCAP_PP_CD,BFA,_T,_T,_T,_Z,_Z,_Z,2011,A,PPP,
628.665448,P1Y,0,,A,PU,_Z,2,,,False,WB_WDI,WB_WDI_NY_GDP_PCAP_PP_CD,BDI,_T,_T,_T,_Z,_Z,_Z,2011,A,PPP,
16101.618306,P1Y,0,,A,PU,_Z,2,,,False,WB_WDI,WB_WDI_NY_GDP_PCAP_PP_CD,BRA,_T,_T,_T,_Z,_Z,_Z,2020,A,PPP,
69787.96328,P1Y,0,,A,PU,_Z,2,,,False,WB_WDI,WB_WDI_NY_GDP_PCAP_PP_CD,BRN,_T,_T,_T,_Z,_Z,_Z,2020,A,PPP,
27351.860745,P1Y,0,,A,PU,_Z,2,,,False,WB_WDI,WB_WDI_NY_GDP_PCAP_PP_CD,BGR,_T,_T,_T,_Z,_Z,_Z,2020,A,PPP,
2380.722828,P1Y,0,,A,PU,_Z,2,,,False,WB_WDI,WB_WDI_NY_GDP_PCAP_PP_CD,BFA,_T,_T,_T,_Z,_Z,_Z,2020,A,PPP,
958.135599,P1Y,0,,A,PU,_Z,2,,,False,WB_WDI,WB_WDI_NY_GDP_PCAP_PP_CD,BDI,_T,_T,_T,_Z,_Z,_Z,2020,A,PPP,
6852.576699,P1Y,0,,A,PU,_Z,2,,,False,WB_WDI,WB_WDI_NY_GDP_PCAP_PP_CD,CPV,_T,_T,_T,_Z,_Z,_Z,2020,A,PPP,
5942.453804,P1Y,0,,A,PU,_Z,2,,,False,WB_WDI,WB_WDI_NY_GDP_PCAP_PP_CD,KHM,_T,_T,_T,_Z,_Z,_Z,2020,A,PPP,
4365.447041,P1Y,0,,A,PU,_Z,2,,,False,WB_WDI,WB_WDI_NY_GDP_PCAP_PP_CD,CMR,_T,_T,_T,_Z,_Z,_Z,2020,A,PPP,
48590.683212,P1Y,0,,A,PU,_Z,2,,,False,WB_WDI,WB_WDI_NY_GDP_PCAP_PP_CD,CAN,_T,_T,_T,_Z,_Z,_Z,2020,A,PPP,
66118.654086,P1Y,0,,A,PU,_Z,2,,,False,WB_WDI,WB_WDI_NY_GDP_PCAP_PP_CD,CYM,_T,_T,_T,_Z,_Z,_Z,2020,A,PPP,
1066.290054,P1Y,0,,A,PU,_Z,2,,,False,WB_WDI,WB_WDI_NY_GDP_PCAP_PP_CD,CAF,_T,_T,_T,_Z,_Z,_Z,2020,A,PPP,
3459.973651,P1Y,0,,A,PU,_Z,2,,,False,WB_WDI,WB_WDI_NY_GDP_PCAP_PP_CD,TJK,_T,_T,_T,_Z,_Z,_Z,2019,A,PPP,
2981.874512,P1Y,0,,A,PU,_Z,2,,,False,WB_WDI,WB_WDI_NY_GDP_PCAP_PP_CD,TZA,_T,_T,_T,_Z,_Z,_Z,2019,A,PPP,
19963.391841,P1Y,0,,A,PU,_Z,2,,,False,WB_WDI,WB_WDI_NY_GDP_PCAP_PP_CD,THA,_T,_T,_T,_Z,_Z,_Z,2019,A,PPP,
4556.614257,P1Y,0,,A,PU,_Z,2,,,False,WB_WDI,WB_WDI_NY_GDP_PCAP_PP_CD,TLS,_T,_T,_T,_Z,_Z,_Z,2019,A,PPP,
2214.699156,P1Y,0,,A,PU,_Z,2,,,False,WB_WDI,WB_WDI_NY_GDP_PCAP_PP_CD,TGO,_T,_T,_T,_Z,_Z,_Z,2019,A,PPP,
6473.320587,P1Y,0,,A,PU,_Z,2,,,False,WB_WDI,WB_WDI_NY_GDP_PCAP_PP_CD,TON,_T,_T,_T,_Z,_Z,_Z,2019,A,PPP,
29315.805406,P1Y,0,,A,PU,_Z,2,,,False,WB_WDI,WB_WDI_NY_GDP_PCAP_PP_CD,TTO,_T,_T,_T,_Z,_Z,_Z,2019,A,PPP,
12494.790573,P1Y,0,,A,PU,_Z,2,,,False,WB_WDI,WB_WDI_NY_GDP_PCAP_PP_CD,TUN,_T,_T,_T,_Z,_Z,_Z,2019,A,PPP,
29016.455565,P1Y,0,,A,PU,_Z,2,,,False,WB_WDI,WB_WDI_NY_GDP_PCAP_PP_CD,TUR,_T,_T,_T,_Z,_Z,_Z,2019,A,PPP,
15477.723764,P1Y,0,,A,PU,_Z,2,,,False,WB_WDI,WB_WDI_NY_GDP_PCAP_PP_CD,TKM,_T,_T,_T,_Z,_Z,_Z,2019,A,PPP,
31173.379781,P1Y,0,,A,PU,_Z,2,,,False,WB_WDI,WB_WDI_NY_GDP_PCAP_PP_CD,TCA,_T,_T,_T,_Z,_Z,_Z,2019,A,PPP,
5209.700021,P1Y,0,,A,PU,_Z,2,,,False,WB_WDI,WB_WDI_NY_GDP_PCAP_PP_CD,TUV,_T,_T,_T,_Z,_Z,_Z,2019,A,PPP,
11405.588569,P1Y,0,,A,PU,_Z,2,,,False,WB_WDI,WB_WDI_NY_GDP_PCAP_PP_CD,BGR,_T,_T,_T,_Z,_Z,_Z,2006,A,PPP,
1244.002438,P1Y,0,,A,PU,_Z,2,,,False,WB_WDI,WB_WDI_NY_GDP_PCAP_PP_CD,BFA,_T,_T,_T,_Z,_Z,_Z,2006,A,PPP,
579.707804,P1Y,0,,A,PU,_Z,2,,,False,WB_WDI,WB_WDI_NY_GDP_PCAP_PP_CD,BDI,_T,_T,_T,_Z,_Z,_Z,2006,A,PPP,
4758.37705,P1Y,0,,A,PU,_Z,2,,,False,WB_WDI,WB_WDI_NY_GDP_PCAP_PP_CD,CPV,_T,_T,_T,_Z,_Z,_Z,2006,A,PPP,
2296.768579,P1Y,0,,A,PU,_Z,2,,,False,WB_WDI,WB_WDI_NY_GDP_PCAP_PP_CD,KHM,_T,_T,_T,_Z,_Z,_Z,2006,A,PPP,
2704.437398,P1Y,0,,A,PU,_Z,2,,,False,WB_WDI,WB_WDI_NY_GDP_PCAP_PP_CD,CMR,_T,_T,_T,_Z,_Z,_Z,2006,A,PPP,
38122.648589,P1Y,0,,A,PU,_Z,2,,,False,WB_WDI,WB_WDI_NY_GDP_PCAP_PP_CD,CAN,_T,_T,_T,_Z,_Z,_Z,2006,A,PPP,
75190.662244,P1Y,0,,A,PU,_Z,2,,,False,WB_WDI,WB_WDI_NY_GDP_PCAP_PP_CD,CYM,_T,_T,_T,_Z,_Z,_Z,2006,A,PPP,
743.28748,P1Y,0,,A,PU,_Z,2,,,False,WB_WDI,WB_WDI_NY_GDP_PCAP_PP_CD,CAF,_T,_T,_T,_Z,_Z,_Z,2006,A,PPP,
2078.60167,P1Y,0,,A,PU,_Z,2,,,False,WB_WDI,WB_WDI_NY_GDP_PCAP_PP_CD,TCD,_T,_T,_T,_Z,_Z,_Z,2006,A,PPP,
15510.770074,P1Y,0,,A,PU,_Z,2,,,False,WB_WDI,WB_WDI_NY_GDP_PCAP_PP_CD,CHL,_T,_T,_T,_Z,_Z,_Z,2006,A,PPP,
5946.286828,P1Y,0,,A,PU,_Z,2,,,False,WB_WDI,WB_WDI_NY_GDP_PCAP_PP_CD,CHN,_T,_T,_T,_Z,_Z,_Z,2006,A,PPP,
16770.133377,P1Y,0,,A,PU,_Z,2,,,False,WB_WDI,WB_WDI_NY_GDP_PCAP_PP_CD,GEO,_T,_T,_T,_Z,_Z,_Z,2019,A,PPP,
59270.72765,P1Y,0,,A,PU,_Z,2,,,False,WB_WDI,WB_WDI_NY_GDP_PCAP_PP_CD,DEU,_T,_T,_T,_Z,_Z,_Z,2019,A,PPP,
6002.550447,P1Y,0,,A,PU,_Z,2,,,False,WB_WDI,WB_WDI_NY_GDP_PCAP_PP_CD,GHA,_T,_T,_T,_Z,_Z,_Z,2019,A,PPP,
31927.379215,P1Y,0,,A,PU,_Z,2,,,False,WB_WDI,WB_WDI_NY_GDP_PCAP_PP_CD,GRC,_T,_T,_T,_Z,_Z,_Z,2019,A,PPP,
64264.056461,P1Y,0,,A,PU,_Z,2,,,False,WB_WDI,WB_WDI_NY_GDP_PCAP_PP_CD,GRL,_T,_T,_T,_Z,_Z,_Z,2019,A,PPP,
16446.113887,P1Y,0,,A,PU,_Z,2,,,False,WB_WDI,WB_WDI_NY_GDP_PCAP_PP_CD,GRD,_T,_T,_T,_Z,_Z,_Z,2019,A,PPP,
10755.880103,P1Y,0,,A,PU,_Z,2,,,False,WB_WDI,WB_WDI_NY_GDP_PCAP_PP_CD,GTM,_T,_T,_T,_Z,_Z,_Z,2019,A,PPP,
3105.82789,P1Y,0,,A,PU,_Z,2,,,False,WB_WDI,WB_WDI_NY_GDP_PCAP_PP_CD,GIN,_T,_T,_T,_Z,_Z,_Z,2019,A,PPP,
2247.313037,P1Y,0,,A,PU,_Z,2,,,False,WB_WDI,WB_WDI_NY_GDP_PCAP_PP_CD,GNB,_T,_T,_T,_Z,_Z,_Z,2019,A,PPP,
13240.971376,P1Y,0,,A,PU,_Z,2,,,False,WB_WDI,WB_WDI_NY_GDP_PCAP_PP_CD,GUY,_T,_T,_T,_Z,_Z,_Z,2019,A,PPP,
3236.974925,P1Y,0,,A,PU,_Z,2,,,False,WB_WDI,WB_WDI_NY_GDP_PCAP_PP_CD,HTI,_T,_T,_T,_Z,_Z,_Z,2019,A,PPP,
17091.276132,P1Y,0,,A,PU,_Z,2,,,False,WB_WDI,WB_WDI_NY_GDP_PCAP_PP_CD,HUN,_T,_T,_T,_Z,_Z,_Z,2005,A,PPP,
37322.739927,P1Y,0,,A,PU,_Z,2,,,False,WB_WDI,WB_WDI_NY_GDP_PCAP_PP_CD,ISL,_T,_T,_T,_Z,_Z,_Z,2005,A,PPP,
2936.80322,P1Y,0,,A,PU,_Z,2,,,False,WB_WDI,WB_WDI_NY_GDP_PCAP_PP_CD,IND,_T,_T,_T,_Z,_Z,_Z,2005,A,PPP,
6134.16673,P1Y,0,,A,PU,_Z,2,,,False,WB_WDI,WB_WDI_NY_GDP_PCAP_PP_CD,IDN,_T,_T,_T,_Z,_Z,_Z,2005,A,PPP,
15016.267608,P1Y,0,,A,PU,_Z,2,,,False,WB_WDI,WB_WDI_NY_GDP_PCAP_PP_CD,IRN,_T,_T,_T,_Z,_Z,_Z,2005,A,PPP,
9457.044543,P1Y,0,,A,PU,_Z,2,,,False,WB_WDI,WB_WDI_NY_GDP_PCAP_PP_CD,IRQ,_T,_T,_T,_Z,_Z,_Z,2005,A,PPP,
40466.234352,P1Y,0,,A,PU,_Z,2,,,False,WB_WDI,WB_WDI_NY_GDP_PCAP_PP_CD,IRL,_T,_T,_T,_Z,_Z,_Z,2005,A,PPP,
25700.986261,P1Y,0,,A,PU,_Z,2,,,False,WB_WDI,WB_WDI_NY_GDP_PCAP_PP_CD,ISR,_T,_T,_T,_Z,_Z,_Z,2005,A,PPP,
30137.818037,P1Y,0,,A,PU,_Z,2,,,False,WB_WDI,WB_WDI_NY_GDP_PCAP_PP_CD,ITA,_T,_T,_T,_Z,_Z,_Z,2005,A,PPP,
8127.37945,P1Y,0,,A,PU,_Z,2,,,False,WB_WDI,WB_WDI_NY_GDP_PCAP_PP_CD,JAM,_T,_T,_T,_Z,_Z,_Z,2005,A,PPP,
32169.867494,P1Y,0,,A,PU,_Z,2,,,False,WB_WDI,WB_WDI_NY_GDP_PCAP_PP_CD,JPN,_T,_T,_T,_Z,_Z,_Z,2005,A,PPP,
29608.007151,P1Y,0,,A,PU,_Z,2,,,False,WB_WDI,WB_WDI_NY_GDP_PCAP_PP_CD,PRT,_T,_T,_T,_Z,_Z,_Z,2015,A,PPP,
32323.545646,P1Y,0,,A,PU,_Z,2,,,False,WB_WDI,WB_WDI_NY_GDP_PCAP_PP_CD,PRI,_T,_T,_T,_Z,_Z,_Z,2015,A,PPP,
102545.863291,P1Y,0,,A,PU,_Z,2,,,False,WB_WDI,WB_WDI_NY_GDP_PCAP_PP_CD,QAT,_T,_T,_T,_Z,_Z,_Z,2015,A,PPP,
21624.561815,P1Y,0,,A,PU,_Z,2,,,False,WB_WDI,WB_WDI_NY_GDP_PCAP_PP_CD,ROU,_T,_T,_T,_Z,_Z,_Z,2015,A,PPP,
23994.013672,P1Y,0,,A,PU,_Z,2,,,False,WB_WDI,WB_WDI_NY_GDP_PCAP_PP_CD,RUS,_T,_T,_T,_Z,_Z,_Z,2015,A,PPP,
1780.741716,P1Y,0,,A,PU,_Z,2,,,False,WB_WDI,WB_WDI_NY_GDP_PCAP_PP_CD,RWA,_T,_T,_T,_Z,_Z,_Z,2015,A,PPP,
5681.778128,P1Y,0,,A,PU,_Z,2,,,False,WB_WDI,WB_WDI_NY_GDP_PCAP_PP_CD,WSM,_T,_T,_T,_Z,_Z,_Z,2015,A,PPP,
52247.207828,P1Y,0,,A,PU,_Z,2,,,False,WB_WDI,WB_WDI_NY_GDP_PCAP_PP_CD,SMR,_T,_T,_T,_Z,_Z,_Z,2015,A,PPP,
3171.509058,P1Y,0,,A,PU,_Z,2,,,False,WB_WDI,WB_WDI_NY_GDP_PCAP_PP_CD,STP,_T,_T,_T,_Z,_Z,_Z,2015,A,PPP,
53930.827387,P1Y,0,,A,PU,_Z,2,,,False,WB_WDI,WB_WDI_NY_GDP_PCAP_PP_CD,SAU,_T,_T,_T,_Z,_Z,_Z,2015,A,PPP,
2994.280327,P1Y,0,,A,PU,_Z,2,,,False,WB_WDI,WB_WDI_NY_GDP_PCAP_PP_CD,SEN,_T,_T,_T,_Z,_Z,_Z,2015,A,PPP,
15546.298142,P1Y,0,,A,PU,_Z,2,,,False,WB_WDI,WB_WDI_NY_GDP_PCAP_PP_CD,SRB,_T,_T,_T,_Z,_Z,_Z,2015,A,PPP,
28350.098561,P1Y,0,,A,PU,_Z,2,,,False,WB_WDI,WB_WDI_NY_GDP_PCAP_PP_CD,FRA,_T,_T,_T,_Z,_Z,_Z,2002,A,PPP,
13369.123337,P1Y,0,,A,PU,_Z,2,,,False,WB_WDI,WB_WDI_NY_GDP_PCAP_PP_CD,GAB,_T,_T,_T,_Z,_Z,_Z,2002,A,PPP,
1743.694325,P1Y,0,,A,PU,_Z,2,,,False,WB_WDI,WB_WDI_NY_GDP_PCAP_PP_CD,GMB,_T,_T,_T,_Z,_Z,_Z,2002,A,PPP,
3718.686933,P1Y,0,,A,PU,_Z,2,,,False,WB_WDI,WB_WDI_NY_GDP_PCAP_PP_CD,GEO,_T,_T,_T,_Z,_Z,_Z,2002,A,PPP,
29513.682327,P1Y,0,,A,PU,_Z,2,,,False,WB_WDI,WB_WDI_NY_GDP_PCAP_PP_CD,DEU,_T,_T,_T,_Z,_Z,_Z,2002,A,PPP,
2475.096354,P1Y,0,,A,PU,_Z,2,,,False,WB_WDI,WB_WDI_NY_GDP_PCAP_PP_CD,GHA,_T,_T,_T,_Z,_Z,_Z,2002,A,PPP,
21985.234541,P1Y,0,,A,PU,_Z,2,,,False,WB_WDI,WB_WDI_NY_GDP_PCAP_PP_CD,GRC,_T,_T,_T,_Z,_Z,_Z,2002,A,PPP,
30618.002786,P1Y,0,,A,PU,_Z,2,,,False,WB_WDI,WB_WDI_NY_GDP_PCAP_PP_CD,GRL,_T,_T,_T,_Z,_Z,_Z,2002,A,PPP,
7620.673877,P1Y,0,,A,PU,_Z,2,,,False,WB_WDI,WB_WDI_NY_GDP_PCAP_PP_CD,GRD,_T,_T,_T,_Z,_Z,_Z,2002,A,PPP,
4969.257449,P1Y,0,,A,PU,_Z,2,,,False,WB_WDI,WB_WDI_NY_GDP_PCAP_PP_CD,GTM,_T,_T,_T,_Z,_Z,_Z,2002,A,PPP,
1315.366694,P1Y,0,,A,PU,_Z,2,,,False,WB_WDI,WB_WDI_NY_GDP_PCAP_PP_CD,GIN,_T,_T,_T,_Z,_Z,_Z,2002,A,PPP,
1095.223058,P1Y,0,,A,PU,_Z,2,,,False,WB_WDI,WB_WDI_NY_GDP_PCAP_PP_CD,GNB,_T,_T,_T,_Z,_Z,_Z,2002,A,PPP,
28833.02179,P1Y,0,,A,PU,_Z,2,,,False,WB_WDI,WB_WDI_NY_GDP_PCAP_PP_CD,ITA,_T,_T,_T,_Z,_Z,_Z,2002,A,PPP,
7225.942286,P1Y,0,,A,PU,_Z,2,,,False,WB_WDI,WB_WDI_NY_GDP_PCAP_PP_CD,JAM,_T,_T,_T,_Z,_Z,_Z,2002,A,PPP,
28623.588448,P1Y,0,,A,PU,_Z,2,,,False,WB_WDI,WB_WDI_NY_GDP_PCAP_PP_CD,JPN,_T,_T,_T,_Z,_Z,_Z,2002,A,PPP,
6256.496439,P1Y,0,,A,PU,_Z,2,,,False,WB_WDI,WB_WDI_NY_GDP_PCAP_PP_CD,JOR,_T,_T,_T,_Z,_Z,_Z,2002,A,PPP,
9504.450825,P1Y,0,,A,PU,_Z,2,,,False,WB_WDI,WB_WDI_NY_GDP_PCAP_PP_CD,KAZ,_T,_T,_T,_Z,_Z,_Z,2002,A,PPP,
1940.403033,P1Y,0,,A,PU,_Z,2,,,False,WB_WDI,WB_WDI_NY_GDP_PCAP_PP_CD,KEN,_T,_T,_T,_Z,_Z,_Z,2002,A,PPP,
1605.075333,P1Y,0,,A,PU,_Z,2,,,False,WB_WDI,WB_WDI_NY_GDP_PCAP_PP_CD,KIR,_T,_T,_T,_Z,_Z,_Z,2002,A,PPP,
22173.488173,P1Y,0,,A,PU,_Z,2,,,False,WB_WDI,WB_WDI_NY_GDP_PCAP_PP_CD,KOR,_T,_T,_T,_Z,_Z,_Z,2002,A,PPP,
59713.172166,P1Y,0,,A,PU,_Z,2,,,False,WB_WDI,WB_WDI_NY_GDP_PCAP_PP_CD,KWT,_T,_T,_T,_Z,_Z,_Z,2002,A,PPP,
1998.237881,P1Y,0,,A,PU,_Z,2,,,False,WB_WDI,WB_WDI_NY_GDP_PCAP_PP_CD,KGZ,_T,_T,_T,_Z,_Z,_Z,2002,A,PPP,
2019.697748,P1Y,0,,A,PU,_Z,2,,,False,WB_WDI,WB_WDI_NY_GDP_PCAP_PP_CD,LAO,_T,_T,_T,_Z,_Z,_Z,2002,A,PPP,
38031.370393,P1Y,0,,A,PU,_Z,2,,,False,WB_WDI,WB_WDI_NY_GDP_PCAP_PP_CD,ECS,_T,_T,_T,_Z,_Z,_Z,2020,A,PPP,
19787.1075,P1Y,0,,A,PU,_Z,2,,,False,WB_WDI,WB_WDI_NY_GDP_PCAP_PP_CD,ECA,_T,_T,_T,_Z,_Z,_Z,2020,A,PPP,
25836.404261,P1Y,0,,A,PU,_Z,2,,,False,WB_WDI,WB_WDI_NY_GDP_PCAP_PP_CD,TEC,_T,_T,_T,_Z,_Z,_Z,2020,A,PPP,
47566.487798,P1Y,0,,A,PU,_Z,2,,,False,WB_WDI,WB_WDI_NY_GDP_PCAP_PP_CD,EUU,_T,_T,_T,_Z,_Z,_Z,2020,A,PPP,
2816.029474,P1Y,0,,A,PU,_Z,2,,,False,WB_WDI,WB_WDI_NY_GDP_PCAP_PP_CD,HPC,_T,_T,_T,_Z,_Z,_Z,2020,A,PPP,
49883.043737,P1Y,0,,A,PU,_Z,2,,,False,WB_WDI,WB_WDI_NY_GDP_PCAP_PP_CD,HIC,_T,_T,_T,_Z,_Z,_Z,2020,A,PPP,
14582.30735,P1Y,0,,A,PU,_Z,2,,,False,WB_WDI,WB_WDI_NY_GDP_PCAP_PP_CD,IBD,_T,_T,_T,_Z,_Z,_Z,2020,A,PPP,
11867.404704,P1Y,0,,A,PU,_Z,2,,,False,WB_WDI,WB_WDI_NY_GDP_PCAP_PP_CD,IBT,_T,_T,_T,_Z,_Z,_Z,2020,A,PPP,
6011.884819,P1Y,0,,A,PU,_Z,2,,,False,WB_WDI,WB_WDI_NY_GDP_PCAP_PP_CD,IDB,_T,_T,_T,_Z,_Z,_Z,2020,A,PPP,
3648.260686,P1Y,0,,A,PU,_Z,2,,,False,WB_WDI,WB_WDI_NY_GDP_PCAP_PP_CD,IDX,_T,_T,_T,_Z,_Z,_Z,2020,A,PPP,
4471.4103,P1Y,0,,A,PU,_Z,2,,,False,WB_WDI,WB_WDI_NY_GDP_PCAP_PP_CD,IDA,_T,_T,_T,_Z,_Z,_Z,2020,A,PPP,
19505.718873,P1Y,0,,A,PU,_Z,2,,,False,WB_WDI,WB_WDI_NY_GDP_PCAP_PP_CD,LTE,_T,_T,_T,_Z,_Z,_Z,2020,A,PPP,
16660.46222,P1Y,0,,A,PU,_Z,2,,,False,WB_WDI,WB_WDI_NY_GDP_PCAP_PP_CD,LCN,_T,_T,_T,_Z,_Z,_Z,2020,A,PPP,
23660.404751,P1Y,0,,A,PU,_Z,2,,,False,WB_WDI,WB_WDI_NY_GDP_PCAP_PP_CD,BRB,_T,_T,_T,_Z,_Z,_Z,2023,A,PPP,
30834.177367,P1Y,0,,A,PU,_Z,2,,,False,WB_WDI,WB_WDI_NY_GDP_PCAP_PP_CD,BLR,_T,_T,_T,_Z,_Z,_Z,2023,A,PPP,
71946.144719,P1Y,0,,A,PU,_Z,2,,,False,WB_WDI,WB_WDI_NY_GDP_PCAP_PP_CD,BEL,_T,_T,_T,_Z,_Z,_Z,2023,A,PPP,
13729.892059,P1Y,0,,A,PU,_Z,2,,,False,WB_WDI,WB_WDI_NY_GDP_PCAP_PP_CD,BLZ,_T,_T,_T,_Z,_Z,_Z,2023,A,PPP,
4129.96612,P1Y,0,,A,PU,_Z,2,,,False,WB_WDI,WB_WDI_NY_GDP_PCAP_PP_CD,BEN,_T,_T,_T,_Z,_Z,_Z,2023,A,PPP,
114372.049927,P1Y,0,,A,PU,_Z,2,,,False,WB_WDI,WB_WDI_NY_GDP_PCAP_PP_CD,BMU,_T,_T,_T,_Z,_Z,_Z,2023,A,PPP,
16215.152007,P1Y,0,,A,PU,_Z,2,,,True,WB_WDI,WB_WDI_NY_GDP_PCAP_PP_CD,BTN,_T,_T,_T,_Z,_Z,_Z,2023,A,PPP,
12892.124958,P1Y,0,,A,PU,_Z,2,,,False,WB_WDI,WB_WDI_NY_GDP_PCAP_PP_CD,BOL,_T,_T,_T,_Z,_Z,_Z,2023,A,PPP,
23376.222748,P1Y,0,,A,PU,_Z,2,,,False,WB_WDI,WB_WDI_NY_GDP_PCAP_PP_CD,BIH,_T,_T,_T,_Z,_Z,_Z,2023,A,PPP,
21012.103199,P1Y,0,,A,PU,_Z,2,,,False,WB_WDI,WB_WDI_NY_GDP_PCAP_PP_CD,BWA,_T,_T,_T,_Z,_Z,_Z,2023,A,PPP,
21175.618699,P1Y,0,,A,PU,_Z,2,,,False,WB_WDI,WB_WDI_NY_GDP_PCAP_PP_CD,BRA,_T,_T,_T,_Z,_Z,_Z,2023,A,PPP,
85032.600874,P1Y,0,,A,PU,_Z,2,,,False,WB_WDI,WB_WDI_NY_GDP_PCAP_PP_CD,BRN,_T,_T,_T,_Z,_Z,_Z,2023,A,PPP,
38829.191321,P1Y,0,,A,PU,_Z,2,,,False,WB_WDI,WB_WDI_NY_GDP_PCAP_PP_CD,BGR,_T,_T,_T,_Z,_Z,_Z,2023,A,PPP,
48230.047703,P1Y,0,,A,PU,_Z,2,,,False,WB_WDI,WB_WDI_NY_GDP_PCAP_PP_CD,GBR,_T,_T,_T,_Z,_Z,_Z,2020,A,PPP,
64401.507435,P1Y,0,,A,PU,_Z,2,,,False,WB_WDI,WB_WDI_NY_GDP_PCAP_PP_CD,USA,_T,_T,_T,_Z,_Z,_Z,2020,A,PPP,
25725.258217,P1Y,0,,A,PU,_Z,2,,,False,WB_WDI,WB_WDI_NY_GDP_PCAP_PP_CD,URY,_T,_T,_T,_Z,_Z,_Z,2020,A,PPP,
8451.725051,P1Y,0,,A,PU,_Z,2,,,False,WB_WDI,WB_WDI_NY_GDP_PCAP_PP_CD,UZB,_T,_T,_T,_Z,_Z,_Z,2020,A,PPP,
3117.644253,P1Y,0,,A,PU,_Z,2,,,False,WB_WDI,WB_WDI_NY_GDP_PCAP_PP_CD,VUT,_T,_T,_T,_Z,_Z,_Z,2020,A,PPP,
11609.317728,P1Y,0,,A,PU,_Z,2,,,False,WB_WDI,WB_WDI_NY_GDP_PCAP_PP_CD,VNM,_T,_T,_T,_Z,_Z,_Z,2020,A,PPP,
41749.080036,P1Y,0,,A,PU,_Z,2,,,False,WB_WDI,WB_WDI_NY_GDP_PCAP_PP_CD,VIR,_T,_T,_T,_Z,_Z,_Z,2020,A,PPP,
5956.286201,P1Y,0,,A,PU,_Z,2,,,False,WB_WDI,WB_WDI_NY_GDP_PCAP_PP_CD,PSE,_T,_T,_T,_Z,_Z,_Z,2020,A,PPP,
3157.300093,P1Y,0,,A,PU,_Z,2,,,False,WB_WDI,WB_WDI_NY_GDP_PCAP_PP_CD,ZMB,_T,_T,_T,_Z,_Z,_Z,2020,A,PPP,
4178.585579,P1Y,0,,A,PU,_Z,2,,,False,WB_WDI,WB_WDI_NY_GDP_PCAP_PP_CD,ZWE,_T,_T,_T,_Z,_Z,_Z,2020,A,PPP,
8934.002612,P1Y,0,,A,PU,_Z,2,,,False,WB_WDI,WB_WDI_NY_GDP_PCAP_PP_CD,GTM,_T,_T,_T,_Z,_Z,_Z,2015,A,PPP,
1929.680913,P1Y,0,,A,PU,_Z,2,,,False,WB_WDI,WB_WDI_NY_GDP_PCAP_PP_CD,GIN,_T,_T,_T,_Z,_Z,_Z,2015,A,PPP,
1729.942603,P1Y,0,,A,PU,_Z,2,,,False,WB_WDI,WB_WDI_NY_GDP_PCAP_PP_CD,GNB,_T,_T,_T,_Z,_Z,_Z,2015,A,PPP,
11408.473901,P1Y,0,,A,PU,_Z,2,,,False,WB_WDI,WB_WDI_NY_GDP_PCAP_PP_CD,GUY,_T,_T,_T,_Z,_Z,_Z,2015,A,PPP,
3025.834617,P1Y,0,,A,PU,_Z,2,,,False,WB_WDI,WB_WDI_NY_GDP_PCAP_PP_CD,HTI,_T,_T,_T,_Z,_Z,_Z,2015,A,PPP,
4845.595665,P1Y,0,,A,PU,_Z,2,,,False,WB_WDI,WB_WDI_NY_GDP_PCAP_PP_CD,HND,_T,_T,_T,_Z,_Z,_Z,2015,A,PPP,
56043.042696,P1Y,0,,A,PU,_Z,2,,,False,WB_WDI,WB_WDI_NY_GDP_PCAP_PP_CD,HKG,_T,_T,_T,_Z,_Z,_Z,2015,A,PPP,
26937.732082,P1Y,0,,A,PU,_Z,2,,,False,WB_WDI,WB_WDI_NY_GDP_PCAP_PP_CD,HUN,_T,_T,_T,_Z,_Z,_Z,2015,A,PPP,
49201.064096,P1Y,0,,A,PU,_Z,2,,,False,WB_WDI,WB_WDI_NY_GDP_PCAP_PP_CD,ISL,_T,_T,_T,_Z,_Z,_Z,2015,A,PPP,
5425.035991,P1Y,0,,A,PU,_Z,2,,,False,WB_WDI,WB_WDI_NY_GDP_PCAP_PP_CD,IND,_T,_T,_T,_Z,_Z,_Z,2015,A,PPP,
10027.5373,P1Y,0,,A,PU,_Z,2,,,False,WB_WDI,WB_WDI_NY_GDP_PCAP_PP_CD,IDN,_T,_T,_T,_Z,_Z,_Z,2015,A,PPP,
2963.532386,P1Y,0,,A,PU,_Z,2,,,False,WB_WDI,WB_WDI_NY_GDP_PCAP_PP_CD,CHN,_T,_T,_T,_Z,_Z,_Z,2000,A,PPP,
6775.930644,P1Y,0,,A,PU,_Z,2,,,False,WB_WDI,WB_WDI_NY_GDP_PCAP_PP_CD,COL,_T,_T,_T,_Z,_Z,_Z,2000,A,PPP,
1740.649471,P1Y,0,,A,PU,_Z,2,,,False,WB_WDI,WB_WDI_NY_GDP_PCAP_PP_CD,COM,_T,_T,_T,_Z,_Z,_Z,2000,A,PPP,
416.548214,P1Y,0,,A,PU,_Z,2,,,False,WB_WDI,WB_WDI_NY_GDP_PCAP_PP_CD,COD,_T,_T,_T,_Z,_Z,_Z,2000,A,PPP,
3667.424873,P1Y,0,,A,PU,_Z,2,,,False,WB_WDI,WB_WDI_NY_GDP_PCAP_PP_CD,COG,_T,_T,_T,_Z,_Z,_Z,2000,A,PPP,
7879.47795,P1Y,0,,A,PU,_Z,2,,,False,WB_WDI,WB_WDI_NY_GDP_PCAP_PP_CD,CRI,_T,_T,_T,_Z,_Z,_Z,2000,A,PPP,
3040.575932,P1Y,0,,A,PU,_Z,2,,,False,WB_WDI,WB_WDI_NY_GDP_PCAP_PP_CD,CIV,_T,_T,_T,_Z,_Z,_Z,2000,A,PPP,
10674.525703,P1Y,0,,A,PU,_Z,2,,,False,WB_WDI,WB_WDI_NY_GDP_PCAP_PP_CD,HRV,_T,_T,_T,_Z,_Z,_Z,2000,A,PPP,
21891.045356,P1Y,0,,A,PU,_Z,2,,,False,WB_WDI,WB_WDI_NY_GDP_PCAP_PP_CD,CUW,_T,_T,_T,_Z,_Z,_Z,2000,A,PPP,
21295.785156,P1Y,0,,A,PU,_Z,2,,,False,WB_WDI,WB_WDI_NY_GDP_PCAP_PP_CD,CYP,_T,_T,_T,_Z,_Z,_Z,2000,A,PPP,
16332.291041,P1Y,0,,A,PU,_Z,2,,,False,WB_WDI,WB_WDI_NY_GDP_PCAP_PP_CD,CZE,_T,_T,_T,_Z,_Z,_Z,2000,A,PPP,
28647.828283,P1Y,0,,A,PU,_Z,2,,,False,WB_WDI,WB_WDI_NY_GDP_PCAP_PP_CD,DNK,_T,_T,_T,_Z,_Z,_Z,2000,A,PPP,
4431.731866,P1Y,0,,A,PU,_Z,2,,,False,WB_WDI,WB_WDI_NY_GDP_PCAP_PP_CD,TUV,_T,_T,_T,_Z,_Z,_Z,2018,A,PPP,
2312.057528,P1Y,0,,A,PU,_Z,2,,,False,WB_WDI,WB_WDI_NY_GDP_PCAP_PP_CD,UGA,_T,_T,_T,_Z,_Z,_Z,2018,A,PPP,
12554.848633,P1Y,0,,A,PU,_Z,2,,,False,WB_WDI,WB_WDI_NY_GDP_PCAP_PP_CD,UKR,_T,_T,_T,_Z,_Z,_Z,2018,A,PPP,
77446.226993,P1Y,0,,A,PU,_Z,2,,,False,WB_WDI,WB_WDI_NY_GDP_PCAP_PP_CD,ARE,_T,_T,_T,_Z,_Z,_Z,2018,A,PPP,
47212.204519,P1Y,0,,A,PU,_Z,2,,,False,WB_WDI,WB_WDI_NY_GDP_PCAP_PP_CD,GBR,_T,_T,_T,_Z,_Z,_Z,2018,A,PPP,
62875.666138,P1Y,0,,A,PU,_Z,2,,,False,WB_WDI,WB_WDI_NY_GDP_PCAP_PP_CD,USA,_T,_T,_T,_Z,_Z,_Z,2018,A,PPP,
24386.494847,P1Y,0,,A,PU,_Z,2,,,False,WB_WDI,WB_WDI_NY_GDP_PCAP_PP_CD,URY,_T,_T,_T,_Z,_Z,_Z,2018,A,PPP,
8128.755203,P1Y,0,,A,PU,_Z,2,,,False,WB_WDI,WB_WDI_NY_GDP_PCAP_PP_CD,UZB,_T,_T,_T,_Z,_Z,_Z,2018,A,PPP,
3232.948258,P1Y,0,,A,PU,_Z,2,,,False,WB_WDI,WB_WDI_NY_GDP_PCAP_PP_CD,VUT,_T,_T,_T,_Z,_Z,_Z,2018,A,PPP,
10009.971476,P1Y,0,,A,PU,_Z,2,,,False,WB_WDI,WB_WDI_NY_GDP_PCAP_PP_CD,VNM,_T,_T,_T,_Z,_Z,_Z,2018,A,PPP,
36746.48689,P1Y,0,,A,PU,_Z,2,,,False,WB_WDI,WB_WDI_NY_GDP_PCAP_PP_CD,VIR,_T,_T,_T,_Z,_Z,_Z,2018,A,PPP,
12658.164667,P1Y,0,,A,PU,_Z,2,,,False,WB_WDI,WB_WDI_NY_GDP_PCAP_PP_CD,MEX,_T,_T,_T,_Z,_Z,_Z,2004,A,PPP,
2573.973016,P1Y,0,,A,PU,_Z,2,,,False,WB_WDI,WB_WDI_NY_GDP_PCAP_PP_CD,FSM,_T,_T,_T,_Z,_Z,_Z,2004,A,PPP,
4378.174758,P1Y,0,,A,PU,_Z,2,,,False,WB_WDI,WB_WDI_NY_GDP_PCAP_PP_CD,MDA,_T,_T,_T,_Z,_Z,_Z,2004,A,PPP,
4941.826637,P1Y,0,,A,PU,_Z,2,,,False,WB_WDI,WB_WDI_NY_GDP_PCAP_PP_CD,MNG,_T,_T,_T,_Z,_Z,_Z,2004,A,PPP,
7841.443806,P1Y,0,,A,PU,_Z,2,,,False,WB_WDI,WB_WDI_NY_GDP_PCAP_PP_CD,MNE,_T,_T,_T,_Z,_Z,_Z,2004,A,PPP,
5024.694336,P1Y,0,,A,PU,_Z,2,,,False,WB_WDI,WB_WDI_NY_GDP_PCAP_PP_CD,MAR,_T,_T,_T,_Z,_Z,_Z,2004,A,PPP,
673.345717,P1Y,0,,A,PU,_Z,2,,,False,WB_WDI,WB_WDI_NY_GDP_PCAP_PP_CD,MOZ,_T,_T,_T,_Z,_Z,_Z,2004,A,PPP,
1600.841056,P1Y,0,,A,PU,_Z,2,,,False,WB_WDI,WB_WDI_NY_GDP_PCAP_PP_CD,MMR,_T,_T,_T,_Z,_Z,_Z,2004,A,PPP,
6479.76369,P1Y,0,,A,PU,_Z,2,,,False,WB_WDI,WB_WDI_NY_GDP_PCAP_PP_CD,NAM,_T,_T,_T,_Z,_Z,_Z,2004,A,PPP,
5168.562529,P1Y,0,,A,PU,_Z,2,,,False,WB_WDI,WB_WDI_NY_GDP_PCAP_PP_CD,NRU,_T,_T,_T,_Z,_Z,_Z,2004,A,PPP,
1542.449476,P1Y,0,,A,PU,_Z,2,,,False,WB_WDI,WB_WDI_NY_GDP_PCAP_PP_CD,NPL,_T,_T,_T,_Z,_Z,_Z,2004,A,PPP,
35960.713836,P1Y,0,,A,PU,_Z,2,,,False,WB_WDI,WB_WDI_NY_GDP_PCAP_PP_CD,NLD,_T,_T,_T,_Z,_Z,_Z,2004,A,PPP,
17573.339816,P1Y,0,,A,PU,_Z,2,,,False,WB_WDI,WB_WDI_NY_GDP_PCAP_PP_CD,THA,_T,_T,_T,_Z,_Z,_Z,2017,A,PPP,
3463.11739,P1Y,0,,A,PU,_Z,2,,,False,WB_WDI,WB_WDI_NY_GDP_PCAP_PP_CD,TLS,_T,_T,_T,_Z,_Z,_Z,2017,A,PPP,
1985.526221,P1Y,0,,A,PU,_Z,2,,,False,WB_WDI,WB_WDI_NY_GDP_PCAP_PP_CD,TGO,_T,_T,_T,_Z,_Z,_Z,2017,A,PPP,
6229.070242,P1Y,0,,A,PU,_Z,2,,,False,WB_WDI,WB_WDI_NY_GDP_PCAP_PP_CD,TON,_T,_T,_T,_Z,_Z,_Z,2017,A,PPP,
28484.255716,P1Y,0,,A,PU,_Z,2,,,False,WB_WDI,WB_WDI_NY_GDP_PCAP_PP_CD,TTO,_T,_T,_T,_Z,_Z,_Z,2017,A,PPP,
11288.780014,P1Y,0,,A,PU,_Z,2,,,False,WB_WDI,WB_WDI_NY_GDP_PCAP_PP_CD,TUN,_T,_T,_T,_Z,_Z,_Z,2017,A,PPP,
28353.540641,P1Y,0,,A,PU,_Z,2,,,False,WB_WDI,WB_WDI_NY_GDP_PCAP_PP_CD,TUR,_T,_T,_T,_Z,_Z,_Z,2017,A,PPP,
13278.403035,P1Y,0,,A,PU,_Z,2,,,False,WB_WDI,WB_WDI_NY_GDP_PCAP_PP_CD,TKM,_T,_T,_T,_Z,_Z,_Z,2017,A,PPP,
30097.355056,P1Y,0,,A,PU,_Z,2,,,False,WB_WDI,WB_WDI_NY_GDP_PCAP_PP_CD,TCA,_T,_T,_T,_Z,_Z,_Z,2017,A,PPP,
4226.718747,P1Y,0,,A,PU,_Z,2,,,False,WB_WDI,WB_WDI_NY_GDP_PCAP_PP_CD,TUV,_T,_T,_T,_Z,_Z,_Z,2017,A,PPP,
2157.957475,P1Y,0,,A,PU,_Z,2,,,False,WB_WDI,WB_WDI_NY_GDP_PCAP_PP_CD,UGA,_T,_T,_T,_Z,_Z,_Z,2017,A,PPP,
11536.081055,P1Y,0,,A,PU,_Z,2,,,False,WB_WDI,WB_WDI_NY_GDP_PCAP_PP_CD,UKR,_T,_T,_T,_Z,_Z,_Z,2017,A,PPP,
33349.942581,P1Y,0,,A,PU,_Z,2,,,False,WB_WDI,WB_WDI_NY_GDP_PCAP_PP_CD,ESP,_T,_T,_T,_Z,_Z,_Z,2008,A,PPP,
7316.586265,P1Y,0,,A,PU,_Z,2,,,False,WB_WDI,WB_WDI_NY_GDP_PCAP_PP_CD,LKA,_T,_T,_T,_Z,_Z,_Z,2008,A,PPP,
24102.199384,P1Y,0,,A,PU,_Z,2,,,False,WB_WDI,WB_WDI_NY_GDP_PCAP_PP_CD,KNA,_T,_T,_T,_Z,_Z,_Z,2008,A,PPP,
12968.545727,P1Y,0,,A,PU,_Z,2,,,False,WB_WDI,WB_WDI_NY_GDP_PCAP_PP_CD,LCA,_T,_T,_T,_Z,_Z,_Z,2008,A,PPP,
10901.564874,P1Y,0,,A,PU,_Z,2,,,False,WB_WDI,WB_WDI_NY_GDP_PCAP_PP_CD,VCT,_T,_T,_T,_Z,_Z,_Z,2008,A,PPP,
3937.526855,P1Y,0,,A,PU,_Z,2,,,False,WB_WDI,WB_WDI_NY_GDP_PCAP_PP_CD,SDN,_T,_T,_T,_Z,_Z,_Z,2008,A,PPP,
12097.349117,P1Y,0,,A,PU,_Z,2,,,False,WB_WDI,WB_WDI_NY_GDP_PCAP_PP_CD,SUR,_T,_T,_T,_Z,_Z,_Z,2008,A,PPP,
41906.699017,P1Y,0,,A,PU,_Z,2,,,False,WB_WDI,WB_WDI_NY_GDP_PCAP_PP_CD,SWE,_T,_T,_T,_Z,_Z,_Z,2008,A,PPP,
53808.784113,P1Y,0,,A,PU,_Z,2,,,False,WB_WDI,WB_WDI_NY_GDP_PCAP_PP_CD,CHE,_T,_T,_T,_Z,_Z,_Z,2008,A,PPP,
2120.018457,P1Y,0,,A,PU,_Z,2,,,False,WB_WDI,WB_WDI_NY_GDP_PCAP_PP_CD,TJK,_T,_T,_T,_Z,_Z,_Z,2008,A,PPP,
1908.373535,P1Y,0,,A,PU,_Z,2,,,False,WB_WDI,WB_WDI_NY_GDP_PCAP_PP_CD,TZA,_T,_T,_T,_Z,_Z,_Z,2008,A,PPP,
67194.511754,P1Y,0,,A,PU,_Z,2,,,False,WB_WDI,WB_WDI_NY_GDP_PCAP_PP_CD,MAC,_T,_T,_T,_Z,_Z,_Z,2006,A,PPP,
1416.404659,P1Y,0,,A,PU,_Z,2,,,False,WB_WDI,WB_WDI_NY_GDP_PCAP_PP_CD,MDG,_T,_T,_T,_Z,_Z,_Z,2006,A,PPP,
1124.438269,P1Y,0,,A,PU,_Z,2,,,False,WB_WDI,WB_WDI_NY_GDP_PCAP_PP_CD,MWI,_T,_T,_T,_Z,_Z,_Z,2006,A,PPP,
17426.361168,P1Y,0,,A,PU,_Z,2,,,False,WB_WDI,WB_WDI_NY_GDP_PCAP_PP_CD,MYS,_T,_T,_T,_Z,_Z,_Z,2006,A,PPP,
12075.145575,P1Y,0,,A,PU,_Z,2,,,False,WB_WDI,WB_WDI_NY_GDP_PCAP_PP_CD,MDV,_T,_T,_T,_Z,_Z,_Z,2006,A,PPP,
1831.549245,P1Y,0,,A,PU,_Z,2,,,False,WB_WDI,WB_WDI_NY_GDP_PCAP_PP_CD,MLI,_T,_T,_T,_Z,_Z,_Z,2006,A,PPP,
23219.014786,P1Y,0,,A,PU,_Z,2,,,False,WB_WDI,WB_WDI_NY_GDP_PCAP_PP_CD,MLT,_T,_T,_T,_Z,_Z,_Z,2006,A,PPP,
3110.052256,P1Y,0,,A,PU,_Z,2,,,False,WB_WDI,WB_WDI_NY_GDP_PCAP_PP_CD,MHL,_T,_T,_T,_Z,_Z,_Z,2006,A,PPP,
3341.707184,P1Y,0,,A,PU,_Z,2,,,False,WB_WDI,WB_WDI_NY_GDP_PCAP_PP_CD,MRT,_T,_T,_T,_Z,_Z,_Z,2006,A,PPP,
12592.521895,P1Y,0,,A,PU,_Z,2,,,False,WB_WDI,WB_WDI_NY_GDP_PCAP_PP_CD,MUS,_T,_T,_T,_Z,_Z,_Z,2006,A,PPP,
14540.45005,P1Y,0,,A,PU,_Z,2,,,False,WB_WDI,WB_WDI_NY_GDP_PCAP_PP_CD,MEX,_T,_T,_T,_Z,_Z,_Z,2006,A,PPP,
5196.150098,P1Y,0,,A,PU,_Z,2,,,False,WB_WDI,WB_WDI_NY_GDP_PCAP_PP_CD,NAM,_T,_T,_T,_Z,_Z,_Z,2001,A,PPP,
5587.100595,P1Y,0,,A,PU,_Z,2,,,False,WB_WDI,WB_WDI_NY_GDP_PCAP_PP_CD,NRU,_T,_T,_T,_Z,_Z,_Z,2001,A,PPP,
1388.470455,P1Y,0,,A,PU,_Z,2,,,False,WB_WDI,WB_WDI_NY_GDP_PCAP_PP_CD,NPL,_T,_T,_T,_Z,_Z,_Z,2001,A,PPP,
33259.453597,P1Y,0,,A,PU,_Z,2,,,False,WB_WDI,WB_WDI_NY_GDP_PCAP_PP_CD,NLD,_T,_T,_T,_Z,_Z,_Z,2001,A,PPP,
22511.090674,P1Y,0,,A,PU,_Z,2,,,False,WB_WDI,WB_WDI_NY_GDP_PCAP_PP_CD,NZL,_T,_T,_T,_Z,_Z,_Z,2001,A,PPP,
2916.551683,P1Y,0,,A,PU,_Z,2,,,False,WB_WDI,WB_WDI_NY_GDP_PCAP_PP_CD,NIC,_T,_T,_T,_Z,_Z,_Z,2001,A,PPP,
809.387187,P1Y,0,,A,PU,_Z,2,,,False,WB_WDI,WB_WDI_NY_GDP_PCAP_PP_CD,NER,_T,_T,_T,_Z,_Z,_Z,2001,A,PPP,
3308.506115,P1Y,0,,A,PU,_Z,2,,,False,WB_WDI,WB_WDI_NY_GDP_PCAP_PP_CD,NGA,_T,_T,_T,_Z,_Z,_Z,2001,A,PPP,
6051.029777,P1Y,0,,A,PU,_Z,2,,,False,WB_WDI,WB_WDI_NY_GDP_PCAP_PP_CD,MKD,_T,_T,_T,_Z,_Z,_Z,2001,A,PPP,
37829.455968,P1Y,0,,A,PU,_Z,2,,,False,WB_WDI,WB_WDI_NY_GDP_PCAP_PP_CD,NOR,_T,_T,_T,_Z,_Z,_Z,2001,A,PPP,
41679.015091,P1Y,0,,A,PU,_Z,2,,,False,WB_WDI,WB_WDI_NY_GDP_PCAP_PP_CD,OMN,_T,_T,_T,_Z,_Z,_Z,2001,A,PPP,
2643.766275,P1Y,0,,A,PU,_Z,2,,,False,WB_WDI,WB_WDI_NY_GDP_PCAP_PP_CD,PAK,_T,_T,_T,_Z,_Z,_Z,2001,A,PPP,
9756.752186,P1Y,0,,A,PU,_Z,2,,,False,WB_WDI,WB_WDI_NY_GDP_PCAP_PP_CD,SLV,_T,_T,_T,_Z,_Z,_Z,2019,A,PPP,
16451.364148,P1Y,0,,A,PU,_Z,2,,,False,WB_WDI,WB_WDI_NY_GDP_PCAP_PP_CD,GNQ,_T,_T,_T,_Z,_Z,_Z,2019,A,PPP,
40586.378438,P1Y,0,,A,PU,_Z,2,,,False,WB_WDI,WB_WDI_NY_GDP_PCAP_PP_CD,EST,_T,_T,_T,_Z,_Z,_Z,2019,A,PPP,
9248.322067,P1Y,0,,A,PU,_Z,2,,,False,WB_WDI,WB_WDI_NY_GDP_PCAP_PP_CD,SWZ,_T,_T,_T,_Z,_Z,_Z,2019,A,PPP,
2242.444883,P1Y,0,,A,PU,_Z,2,,,False,WB_WDI,WB_WDI_NY_GDP_PCAP_PP_CD,ETH,_T,_T,_T,_Z,_Z,_Z,2019,A,PPP,
62223.443051,P1Y,0,,A,PU,_Z,2,,,False,WB_WDI,WB_WDI_NY_GDP_PCAP_PP_CD,FRO,_T,_T,_T,_Z,_Z,_Z,2019,A,PPP,
12978.099035,P1Y,0,,A,PU,_Z,2,,,False,WB_WDI,WB_WDI_NY_GDP_PCAP_PP_CD,FJI,_T,_T,_T,_Z,_Z,_Z,2019,A,PPP,
52276.111572,P1Y,0,,A,PU,_Z,2,,,False,WB_WDI,WB_WDI_NY_GDP_PCAP_PP_CD,FIN,_T,_T,_T,_Z,_Z,_Z,2019,A,PPP,
51130.472314,P1Y,0,,A,PU,_Z,2,,,False,WB_WDI,WB_WDI_NY_GDP_PCAP_PP_CD,FRA,_T,_T,_T,_Z,_Z,_Z,2019,A,PPP,
15949.637374,P1Y,0,,A,PU,_Z,2,,,False,WB_WDI,WB_WDI_NY_GDP_PCAP_PP_CD,GAB,_T,_T,_T,_Z,_Z,_Z,2019,A,PPP,
2421.723181,P1Y,0,,A,PU,_Z,2,,,False,WB_WDI,WB_WDI_NY_GDP_PCAP_PP_CD,GMB,_T,_T,_T,_Z,_Z,_Z,2019,A,PPP,
3738.805126,P1Y,0,,A,PU,_Z,2,,,False,WB_WDI,WB_WDI_NY_GDP_PCAP_PP_CD,GIN,_T,_T,_T,_Z,_Z,_Z,2021,A,PPP,
2522.767643,P1Y,0,,A,PU,_Z,2,,,False,WB_WDI,WB_WDI_NY_GDP_PCAP_PP_CD,GNB,_T,_T,_T,_Z,_Z,_Z,2021,A,PPP,
22865.927097,P1Y,0,,A,PU,_Z,2,,,False,WB_WDI,WB_WDI_NY_GDP_PCAP_PP_CD,GUY,_T,_T,_T,_Z,_Z,_Z,2021,A,PPP,
3145.006811,P1Y,0,,A,PU,_Z,2,,,False,WB_WDI,WB_WDI_NY_GDP_PCAP_PP_CD,HTI,_T,_T,_T,_Z,_Z,_Z,2021,A,PPP,
6202.980788,P1Y,0,,A,PU,_Z,2,,,False,WB_WDI,WB_WDI_NY_GDP_PCAP_PP_CD,HND,_T,_T,_T,_Z,_Z,_Z,2021,A,PPP,
65884.937626,P1Y,0,,A,PU,_Z,2,,,False,WB_WDI,WB_WDI_NY_GDP_PCAP_PP_CD,HKG,_T,_T,_T,_Z,_Z,_Z,2021,A,PPP,
38887.190953,P1Y,0,,A,PU,_Z,2,,,False,WB_WDI,WB_WDI_NY_GDP_PCAP_PP_CD,HUN,_T,_T,_T,_Z,_Z,_Z,2021,A,PPP,
61610.213274,P1Y,0,,A,PU,_Z,2,,,False,WB_WDI,WB_WDI_NY_GDP_PCAP_PP_CD,ISL,_T,_T,_T,_Z,_Z,_Z,2021,A,PPP,
8050.018575,P1Y,0,,A,PU,_Z,2,,,False,WB_WDI,WB_WDI_NY_GDP_PCAP_PP_CD,IND,_T,_T,_T,_Z,_Z,_Z,2021,A,PPP,
12757.074644,P1Y,0,,A,PU,_Z,2,,,False,WB_WDI,WB_WDI_NY_GDP_PCAP_PP_CD,IDN,_T,_T,_T,_Z,_Z,_Z,2021,A,PPP,
15884.427678,P1Y,0,,A,PU,_Z,2,,,False,WB_WDI,WB_WDI_NY_GDP_PCAP_PP_CD,IRN,_T,_T,_T,_Z,_Z,_Z,2021,A,PPP,
16259.705131,P1Y,0,,A,PU,_Z,2,,,False,WB_WDI,WB_WDI_NY_GDP_PCAP_PP_CD,LBN,_T,_T,_T,_Z,_Z,_Z,2020,A,PPP,
2559.097761,P1Y,0,,A,PU,_Z,2,,,False,WB_WDI,WB_WDI_NY_GDP_PCAP_PP_CD,LSO,_T,_T,_T,_Z,_Z,_Z,2020,A,PPP,
1659.521091,P1Y,0,,A,PU,_Z,2,,,False,WB_WDI,WB_WDI_NY_GDP_PCAP_PP_CD,LBR,_T,_T,_T,_Z,_Z,_Z,2020,A,PPP,
10954.799045,P1Y,0,,A,PU,_Z,2,,,False,WB_WDI,WB_WDI_NY_GDP_PCAP_PP_CD,LBY,_T,_T,_T,_Z,_Z,_Z,2020,A,PPP,
41262.727694,P1Y,0,,A,PU,_Z,2,,,False,WB_WDI,WB_WDI_NY_GDP_PCAP_PP_CD,LTU,_T,_T,_T,_Z,_Z,_Z,2020,A,PPP,
122066.739147,P1Y,0,,A,PU,_Z,2,,,False,WB_WDI,WB_WDI_NY_GDP_PCAP_PP_CD,LUX,_T,_T,_T,_Z,_Z,_Z,2020,A,PPP,
57077.532571,P1Y,0,,A,PU,_Z,2,,,False,WB_WDI,WB_WDI_NY_GDP_PCAP_PP_CD,MAC,_T,_T,_T,_Z,_Z,_Z,2020,A,PPP,
1490.323128,P1Y,0,,A,PU,_Z,2,,,False,WB_WDI,WB_WDI_NY_GDP_PCAP_PP_CD,MDG,_T,_T,_T,_Z,_Z,_Z,2020,A,PPP,
1513.459908,P1Y,0,,A,PU,_Z,2,,,False,WB_WDI,WB_WDI_NY_GDP_PCAP_PP_CD,MWI,_T,_T,_T,_Z,_Z,_Z,2020,A,PPP,
27474.736138,P1Y,0,,A,PU,_Z,2,,,False,WB_WDI,WB_WDI_NY_GDP_PCAP_PP_CD,MYS,_T,_T,_T,_Z,_Z,_Z,2020,A,PPP,
13425.367446,P1Y,0,,A,PU,_Z,2,,,False,WB_WDI,WB_WDI_NY_GDP_PCAP_PP_CD,MDV,_T,_T,_T,_Z,_Z,_Z,2020,A,PPP,
41951.453367,P1Y,0,,A,PU,_Z,2,,,False,WB_WDI,WB_WDI_NY_GDP_PCAP_PP_CD,SWE,_T,_T,_T,_Z,_Z,_Z,2010,A,PPP,
54426.282809,P1Y,0,,A,PU,_Z,2,,,False,WB_WDI,WB_WDI_NY_GDP_PCAP_PP_CD,CHE,_T,_T,_T,_Z,_Z,_Z,2010,A,PPP,
2291.078236,P1Y,0,,A,PU,_Z,2,,,False,WB_WDI,WB_WDI_NY_GDP_PCAP_PP_CD,TJK,_T,_T,_T,_Z,_Z,_Z,2010,A,PPP,
2069.401855,P1Y,0,,A,PU,_Z,2,,,False,WB_WDI,WB_WDI_NY_GDP_PCAP_PP_CD,TZA,_T,_T,_T,_Z,_Z,_Z,2010,A,PPP,
12932.263344,P1Y,0,,A,PU,_Z,2,,,False,WB_WDI,WB_WDI_NY_GDP_PCAP_PP_CD,THA,_T,_T,_T,_Z,_Z,_Z,2010,A,PPP,
1955.329408,P1Y,0,,A,PU,_Z,2,,,False,WB_WDI,WB_WDI_NY_GDP_PCAP_PP_CD,TLS,_T,_T,_T,_Z,_Z,_Z,2010,A,PPP,
1537.053697,P1Y,0,,A,PU,_Z,2,,,False,WB_WDI,WB_WDI_NY_GDP_PCAP_PP_CD,TGO,_T,_T,_T,_Z,_Z,_Z,2010,A,PPP,
4465.4605,P1Y,0,,A,PU,_Z,2,,,False,WB_WDI,WB_WDI_NY_GDP_PCAP_PP_CD,TON,_T,_T,_T,_Z,_Z,_Z,2010,A,PPP,
30778.312737,P1Y,0,,A,PU,_Z,2,,,False,WB_WDI,WB_WDI_NY_GDP_PCAP_PP_CD,TTO,_T,_T,_T,_Z,_Z,_Z,2010,A,PPP,
10555.088703,P1Y,0,,A,PU,_Z,2,,,False,WB_WDI,WB_WDI_NY_GDP_PCAP_PP_CD,TUN,_T,_T,_T,_Z,_Z,_Z,2010,A,PPP,
15280.551211,P1Y,0,,A,PU,_Z,2,,,False,WB_WDI,WB_WDI_NY_GDP_PCAP_PP_CD,PER,_T,_T,_T,_Z,_Z,_Z,2021,A,PPP,
8857.789951,P1Y,0,,A,PU,_Z,2,,,False,WB_WDI,WB_WDI_NY_GDP_PCAP_PP_CD,PHL,_T,_T,_T,_Z,_Z,_Z,2021,A,PPP,
41059.584783,P1Y,0,,A,PU,_Z,2,,,False,WB_WDI,WB_WDI_NY_GDP_PCAP_PP_CD,POL,_T,_T,_T,_Z,_Z,_Z,2021,A,PPP,
38657.667722,P1Y,0,,A,PU,_Z,2,,,False,WB_WDI,WB_WDI_NY_GDP_PCAP_PP_CD,PRT,_T,_T,_T,_Z,_Z,_Z,2021,A,PPP,
40559.474812,P1Y,0,,A,PU,_Z,2,,,False,WB_WDI,WB_WDI_NY_GDP_PCAP_PP_CD,PRI,_T,_T,_T,_Z,_Z,_Z,2021,A,PPP,
116832.656942,P1Y,0,,A,PU,_Z,2,,,False,WB_WDI,WB_WDI_NY_GDP_PCAP_PP_CD,QAT,_T,_T,_T,_Z,_Z,_Z,2021,A,PPP,
37534.155918,P1Y,0,,A,PU,_Z,2,,,False,WB_WDI,WB_WDI_NY_GDP_PCAP_PP_CD,ROU,_T,_T,_T,_Z,_Z,_Z,2021,A,PPP,
38638.429688,P1Y,0,,A,PU,_Z,2,,,False,WB_WDI,WB_WDI_NY_GDP_PCAP_PP_CD,RUS,_T,_T,_T,_Z,_Z,_Z,2021,A,PPP,
2733.435668,P1Y,0,,A,PU,_Z,2,,,False,WB_WDI,WB_WDI_NY_GDP_PCAP_PP_CD,RWA,_T,_T,_T,_Z,_Z,_Z,2021,A,PPP,
6350.114284,P1Y,0,,A,PU,_Z,2,,,False,WB_WDI,WB_WDI_NY_GDP_PCAP_PP_CD,WSM,_T,_T,_T,_Z,_Z,_Z,2021,A,PPP,
64745.131678,P1Y,0,,A,PU,_Z,2,,,False,WB_WDI,WB_WDI_NY_GDP_PCAP_PP_CD,SMR,_T,_T,_T,_Z,_Z,_Z,2021,A,PPP,
1395.646842,P1Y,0,,A,PU,_Z,2,,,False,WB_WDI,WB_WDI_NY_GDP_PCAP_PP_CD,TJK,_T,_T,_T,_Z,_Z,_Z,2003,A,PPP,
1379.457764,P1Y,0,,A,PU,_Z,2,,,False,WB_WDI,WB_WDI_NY_GDP_PCAP_PP_CD,TZA,_T,_T,_T,_Z,_Z,_Z,2003,A,PPP,
8824.06945,P1Y,0,,A,PU,_Z,2,,,False,WB_WDI,WB_WDI_NY_GDP_PCAP_PP_CD,THA,_T,_T,_T,_Z,_Z,_Z,2003,A,PPP,
1355.186427,P1Y,0,,A,PU,_Z,2,,,False,WB_WDI,WB_WDI_NY_GDP_PCAP_PP_CD,TLS,_T,_T,_T,_Z,_Z,_Z,2003,A,PPP,
1439.851783,P1Y,0,,A,PU,_Z,2,,,False,WB_WDI,WB_WDI_NY_GDP_PCAP_PP_CD,TGO,_T,_T,_T,_Z,_Z,_Z,2003,A,PPP,
4231.453629,P1Y,0,,A,PU,_Z,2,,,False,WB_WDI,WB_WDI_NY_GDP_PCAP_PP_CD,TON,_T,_T,_T,_Z,_Z,_Z,2003,A,PPP,
18742.641922,P1Y,0,,A,PU,_Z,2,,,False,WB_WDI,WB_WDI_NY_GDP_PCAP_PP_CD,TTO,_T,_T,_T,_Z,_Z,_Z,2003,A,PPP,
7098.423562,P1Y,0,,A,PU,_Z,2,,,False,WB_WDI,WB_WDI_NY_GDP_PCAP_PP_CD,TUN,_T,_T,_T,_Z,_Z,_Z,2003,A,PPP,
9474.029255,P1Y,0,,A,PU,_Z,2,,,False,WB_WDI,WB_WDI_NY_GDP_PCAP_PP_CD,TUR,_T,_T,_T,_Z,_Z,_Z,2003,A,PPP,
4536.197815,P1Y,0,,A,PU,_Z,2,,,False,WB_WDI,WB_WDI_NY_GDP_PCAP_PP_CD,TKM,_T,_T,_T,_Z,_Z,_Z,2003,A,PPP,
2770.100162,P1Y,0,,A,PU,_Z,2,,,False,WB_WDI,WB_WDI_NY_GDP_PCAP_PP_CD,TUV,_T,_T,_T,_Z,_Z,_Z,2003,A,PPP,
14040.596115,P1Y,0,,A,PU,_Z,2,,,False,WB_WDI,WB_WDI_NY_GDP_PCAP_PP_CD,TUN,_T,_T,_T,_Z,_Z,_Z,2023,A,PPP,
42786.200495,P1Y,0,,A,PU,_Z,2,,,False,WB_WDI,WB_WDI_NY_GDP_PCAP_PP_CD,TUR,_T,_T,_T,_Z,_Z,_Z,2023,A,PPP,
19828.924846,P1Y,0,,A,PU,_Z,2,,,False,WB_WDI,WB_WDI_NY_GDP_PCAP_PP_CD,TKM,_T,_T,_T,_Z,_Z,_Z,2023,A,PPP,
35336.740351,P1Y,0,,A,PU,_Z,2,,,False,WB_WDI,WB_WDI_NY_GDP_PCAP_PP_CD,TCA,_T,_T,_T,_Z,_Z,_Z,2023,A,PPP,
6151.01047,P1Y,0,,A,PU,_Z,2,,,True,WB_WDI,WB_WDI_NY_GDP_PCAP_PP_CD,TUV,_T,_T,_T,_Z,_Z,_Z,2023,A,PPP,
3097.637024,P1Y,0,,A,PU,_Z,2,,,False,WB_WDI,WB_WDI_NY_GDP_PCAP_PP_CD,UGA,_T,_T,_T,_Z,_Z,_Z,2023,A,PPP,
17665.34375,P1Y,0,,A,PU,_Z,2,,,False,WB_WDI,WB_WDI_NY_GDP_PCAP_PP_CD,UKR,_T,_T,_T,_Z,_Z,_Z,2023,A,PPP,
77955.295176,P1Y,0,,A,PU,_Z,2,,,False,WB_WDI,WB_WDI_NY_GDP_PCAP_PP_CD,ARE,_T,_T,_T,_Z,_Z,_Z,2023,A,PPP,
59911.346766,P1Y,0,,A,PU,_Z,2,,,False,WB_WDI,WB_WDI_NY_GDP_PCAP_PP_CD,GBR,_T,_T,_T,_Z,_Z,_Z,2023,A,PPP,
82304.620427,P1Y,0,,A,PU,_Z,2,,,False,WB_WDI,WB_WDI_NY_GDP_PCAP_PP_CD,USA,_T,_T,_T,_Z,_Z,_Z,2023,A,PPP,
34470.93222,P1Y,0,,A,PU,_Z,2,,,False,WB_WDI,WB_WDI_NY_GDP_PCAP_PP_CD,URY,_T,_T,_T,_Z,_Z,_Z,2023,A,PPP,
11106.971593,P1Y,0,,A,PU,_Z,2,,,False,WB_WDI,WB_WDI_NY_GDP_PCAP_PP_CD,UZB,_T,_T,_T,_Z,_Z,_Z,2023,A,PPP,
3567.81882,P1Y,0,,A,PU,_Z,2,,,False,WB_WDI,WB_WDI_NY_GDP_PCAP_PP_CD,VUT,_T,_T,_T,_Z,_Z,_Z,2023,A,PPP,
27793.567422,P1Y,0,,A,PU,_Z,2,,,False,WB_WDI,WB_WDI_NY_GDP_PCAP_PP_CD,MYS,_T,_T,_T,_Z,_Z,_Z,2018,A,PPP,
21899.429299,P1Y,0,,A,PU,_Z,2,,,False,WB_WDI,WB_WDI_NY_GDP_PCAP_PP_CD,MDV,_T,_T,_T,_Z,_Z,_Z,2018,A,PPP,
2684.41122,P1Y,0,,A,PU,_Z,2,,,False,WB_WDI,WB_WDI_NY_GDP_PCAP_PP_CD,MLI,_T,_T,_T,_Z,_Z,_Z,2018,A,PPP,
48178.292056,P1Y,0,,A,PU,_Z,2,,,False,WB_WDI,WB_WDI_NY_GDP_PCAP_PP_CD,MLT,_T,_T,_T,_Z,_Z,_Z,2018,A,PPP,
5232.205249,P1Y,0,,A,PU,_Z,2,,,False,WB_WDI,WB_WDI_NY_GDP_PCAP_PP_CD,MHL,_T,_T,_T,_Z,_Z,_Z,2018,A,PPP,
5429.232231,P1Y,0,,A,PU,_Z,2,,,False,WB_WDI,WB_WDI_NY_GDP_PCAP_PP_CD,MRT,_T,_T,_T,_Z,_Z,_Z,2018,A,PPP,
23415.523759,P1Y,0,,A,PU,_Z,2,,,False,WB_WDI,WB_WDI_NY_GDP_PCAP_PP_CD,MUS,_T,_T,_T,_Z,_Z,_Z,2018,A,PPP,
20921.477528,P1Y,0,,A,PU,_Z,2,,,False,WB_WDI,WB_WDI_NY_GDP_PCAP_PP_CD,MEX,_T,_T,_T,_Z,_Z,_Z,2018,A,PPP,
3526.872878,P1Y,0,,A,PU,_Z,2,,,False,WB_WDI,WB_WDI_NY_GDP_PCAP_PP_CD,FSM,_T,_T,_T,_Z,_Z,_Z,2018,A,PPP,
11868.195546,P1Y,0,,A,PU,_Z,2,,,False,WB_WDI,WB_WDI_NY_GDP_PCAP_PP_CD,MDA,_T,_T,_T,_Z,_Z,_Z,2018,A,PPP,
11723.099559,P1Y,0,,A,PU,_Z,2,,,False,WB_WDI,WB_WDI_NY_GDP_PCAP_PP_CD,THA,_T,_T,_T,_Z,_Z,_Z,2007,A,PPP,
1515.708926,P1Y,0,,A,PU,_Z,2,,,False,WB_WDI,WB_WDI_NY_GDP_PCAP_PP_CD,TLS,_T,_T,_T,_Z,_Z,_Z,2007,A,PPP,
1387.200617,P1Y,0,,A,PU,_Z,2,,,False,WB_WDI,WB_WDI_NY_GDP_PCAP_PP_CD,TGO,_T,_T,_T,_Z,_Z,_Z,2007,A,PPP,
4315.944506,P1Y,0,,A,PU,_Z,2,,,False,WB_WDI,WB_WDI_NY_GDP_PCAP_PP_CD,TON,_T,_T,_T,_Z,_Z,_Z,2007,A,PPP,
29354.529011,P1Y,0,,A,PU,_Z,2,,,False,WB_WDI,WB_WDI_NY_GDP_PCAP_PP_CD,TTO,_T,_T,_T,_Z,_Z,_Z,2007,A,PPP,
9479.350639,P1Y,0,,A,PU,_Z,2,,,False,WB_WDI,WB_WDI_NY_GDP_PCAP_PP_CD,TUN,_T,_T,_T,_Z,_Z,_Z,2007,A,PPP,
14951.141676,P1Y,0,,A,PU,_Z,2,,,False,WB_WDI,WB_WDI_NY_GDP_PCAP_PP_CD,TUR,_T,_T,_T,_Z,_Z,_Z,2007,A,PPP,
6901.017569,P1Y,0,,A,PU,_Z,2,,,False,WB_WDI,WB_WDI_NY_GDP_PCAP_PP_CD,TKM,_T,_T,_T,_Z,_Z,_Z,2007,A,PPP,
32002.545935,P1Y,0,,A,PU,_Z,2,,,False,WB_WDI,WB_WDI_NY_GDP_PCAP_PP_CD,TCA,_T,_T,_T,_Z,_Z,_Z,2007,A,PPP,
3034.349163,P1Y,0,,A,PU,_Z,2,,,False,WB_WDI,WB_WDI_NY_GDP_PCAP_PP_CD,TUV,_T,_T,_T,_Z,_Z,_Z,2007,A,PPP,
1794.535189,P1Y,0,,A,PU,_Z,2,,,False,WB_WDI,WB_WDI_NY_GDP_PCAP_PP_CD,UGA,_T,_T,_T,_Z,_Z,_Z,2007,A,PPP,
8900.444336,P1Y,0,,A,PU,_Z,2,,,False,WB_WDI,WB_WDI_NY_GDP_PCAP_PP_CD,UKR,_T,_T,_T,_Z,_Z,_Z,2007,A,PPP,
100813.188229,P1Y,0,,A,PU,_Z,2,,,False,WB_WDI,WB_WDI_NY_GDP_PCAP_PP_CD,ARE,_T,_T,_T,_Z,_Z,_Z,2007,A,PPP,
647.801733,P1Y,0,,A,PU,_Z,2,,,False,WB_WDI,WB_WDI_NY_GDP_PCAP_PP_CD,COD,_T,_T,_T,_Z,_Z,_Z,2012,A,PPP,
6058.064494,P1Y,0,,A,PU,_Z,2,,,False,WB_WDI,WB_WDI_NY_GDP_PCAP_PP_CD,COG,_T,_T,_T,_Z,_Z,_Z,2012,A,PPP,
14463.740445,P1Y,0,,A,PU,_Z,2,,,False,WB_WDI,WB_WDI_NY_GDP_PCAP_PP_CD,CRI,_T,_T,_T,_Z,_Z,_Z,2012,A,PPP,
3290.723069,P1Y,0,,A,PU,_Z,2,,,False,WB_WDI,WB_WDI_NY_GDP_PCAP_PP_CD,CIV,_T,_T,_T,_Z,_Z,_Z,2012,A,PPP,
21618.825626,P1Y,0,,A,PU,_Z,2,,,False,WB_WDI,WB_WDI_NY_GDP_PCAP_PP_CD,HRV,_T,_T,_T,_Z,_Z,_Z,2012,A,PPP,
25105.992471,P1Y,0,,A,PU,_Z,2,,,False,WB_WDI,WB_WDI_NY_GDP_PCAP_PP_CD,CUW,_T,_T,_T,_Z,_Z,_Z,2012,A,PPP,
31924.099609,P1Y,0,,A,PU,_Z,2,,,False,WB_WDI,WB_WDI_NY_GDP_PCAP_PP_CD,CYP,_T,_T,_T,_Z,_Z,_Z,2012,A,PPP,
29465.607401,P1Y,0,,A,PU,_Z,2,,,False,WB_WDI,WB_WDI_NY_GDP_PCAP_PP_CD,CZE,_T,_T,_T,_Z,_Z,_Z,2012,A,PPP,
44755.162427,P1Y,0,,A,PU,_Z,2,,,False,WB_WDI,WB_WDI_NY_GDP_PCAP_PP_CD,DNK,_T,_T,_T,_Z,_Z,_Z,2012,A,PPP,
59021.572181,P1Y,0,,A,PU,_Z,2,,,False,WB_WDI,WB_WDI_NY_GDP_PCAP_PP_CD,GBR,_T,_T,_T,_Z,_Z,_Z,2022,A,PPP,
77860.911291,P1Y,0,,A,PU,_Z,2,,,False,WB_WDI,WB_WDI_NY_GDP_PCAP_PP_CD,USA,_T,_T,_T,_Z,_Z,_Z,2022,A,PPP,
33000.9187,P1Y,0,,A,PU,_Z,2,,,False,WB_WDI,WB_WDI_NY_GDP_PCAP_PP_CD,URY,_T,_T,_T,_Z,_Z,_Z,2022,A,PPP,
10292.530943,P1Y,0,,A,PU,_Z,2,,,False,WB_WDI,WB_WDI_NY_GDP_PCAP_PP_CD,UZB,_T,_T,_T,_Z,_Z,_Z,2022,A,PPP,
3452.607427,P1Y,0,,A,PU,_Z,2,,,False,WB_WDI,WB_WDI_NY_GDP_PCAP_PP_CD,VUT,_T,_T,_T,_Z,_Z,_Z,2022,A,PPP,
13905.153688,P1Y,0,,A,PU,_Z,2,,,False,WB_WDI,WB_WDI_NY_GDP_PCAP_PP_CD,VNM,_T,_T,_T,_Z,_Z,_Z,2022,A,PPP,
49793.03244,P1Y,0,,A,PU,_Z,2,,,True,WB_WDI,WB_WDI_NY_GDP_PCAP_PP_CD,VIR,_T,_T,_T,_Z,_Z,_Z,2022,A,PPP,
6163.248978,P1Y,0,,A,PU,_Z,2,,,False,WB_WDI,WB_WDI_NY_GDP_PCAP_PP_CD,PSE,_T,_T,_T,_Z,_Z,_Z,2022,A,PPP,
3840.724505,P1Y,0,,A,PU,_Z,2,,,False,WB_WDI,WB_WDI_NY_GDP_PCAP_PP_CD,ZMB,_T,_T,_T,_Z,_Z,_Z,2022,A,PPP,
5395.856298,P1Y,0,,A,PU,_Z,2,,,False,WB_WDI,WB_WDI_NY_GDP_PCAP_PP_CD,ZWE,_T,_T,_T,_Z,_Z,_Z,2022,A,PPP,
4501.601101,P1Y,0,,A,PU,_Z,2,,,False,WB_WDI,WB_WDI_NY_GDP_PCAP_PP_CD,AFE,_T,_T,_T,_Z,_Z,_Z,2023,A,PPP,
7559.416251,P1Y,0,,A,PU,_Z,2,,,False,WB_WDI,WB_WDI_NY_GDP_PCAP_PP_CD,ROU,_T,_T,_T,_Z,_Z,_Z,2003,A,PPP,
9254.537109,P1Y,0,,A,PU,_Z,2,,,False,WB_WDI,WB_WDI_NY_GDP_PCAP_PP_CD,RUS,_T,_T,_T,_Z,_Z,_Z,2003,A,PPP,
774.508237,P1Y,0,,A,PU,_Z,2,,,False,WB_WDI,WB_WDI_NY_GDP_PCAP_PP_CD,RWA,_T,_T,_T,_Z,_Z,_Z,2003,A,PPP,
3792.198477,P1Y,0,,A,PU,_Z,2,,,False,WB_WDI,WB_WDI_NY_GDP_PCAP_PP_CD,WSM,_T,_T,_T,_Z,_Z,_Z,2003,A,PPP,
60223.912847,P1Y,0,,A,PU,_Z,2,,,False,WB_WDI,WB_WDI_NY_GDP_PCAP_PP_CD,SMR,_T,_T,_T,_Z,_Z,_Z,2003,A,PPP,
2093.504934,P1Y,0,,A,PU,_Z,2,,,False,WB_WDI,WB_WDI_NY_GDP_PCAP_PP_CD,STP,_T,_T,_T,_Z,_Z,_Z,2003,A,PPP,
48078.118612,P1Y,0,,A,PU,_Z,2,,,False,WB_WDI,WB_WDI_NY_GDP_PCAP_PP_CD,SAU,_T,_T,_T,_Z,_Z,_Z,2003,A,PPP,
2130.507975,P1Y,0,,A,PU,_Z,2,,,False,WB_WDI,WB_WDI_NY_GDP_PCAP_PP_CD,SEN,_T,_T,_T,_Z,_Z,_Z,2003,A,PPP,
8022.941913,P1Y,0,,A,PU,_Z,2,,,False,WB_WDI,WB_WDI_NY_GDP_PCAP_PP_CD,SRB,_T,_T,_T,_Z,_Z,_Z,2003,A,PPP,
14141.723005,P1Y,0,,A,PU,_Z,2,,,False,WB_WDI,WB_WDI_NY_GDP_PCAP_PP_CD,SYC,_T,_T,_T,_Z,_Z,_Z,2003,A,PPP,
1457.801679,P1Y,0,,A,PU,_Z,2,,,False,WB_WDI,WB_WDI_NY_GDP_PCAP_PP_CD,SLE,_T,_T,_T,_Z,_Z,_Z,2003,A,PPP,
48778.29833,P1Y,0,,A,PU,_Z,2,,,False,WB_WDI,WB_WDI_NY_GDP_PCAP_PP_CD,SGP,_T,_T,_T,_Z,_Z,_Z,2003,A,PPP,
14088.261015,P1Y,0,,A,PU,_Z,2,,,False,WB_WDI,WB_WDI_NY_GDP_PCAP_PP_CD,SVK,_T,_T,_T,_Z,_Z,_Z,2003,A,PPP,
38515.183601,P1Y,0,,A,PU,_Z,2,,,False,WB_WDI,WB_WDI_NY_GDP_PCAP_PP_CD,KAZ,_T,_T,_T,_Z,_Z,_Z,2023,A,PPP,
6317.039047,P1Y,0,,A,PU,_Z,2,,,False,WB_WDI,WB_WDI_NY_GDP_PCAP_PP_CD,KEN,_T,_T,_T,_Z,_Z,_Z,2023,A,PPP,
3485.558083,P1Y,0,,A,PU,_Z,2,,,False,WB_WDI,WB_WDI_NY_GDP_PCAP_PP_CD,KIR,_T,_T,_T,_Z,_Z,_Z,2023,A,PPP,
57429.803108,P1Y,0,,A,PU,_Z,2,,,False,WB_WDI,WB_WDI_NY_GDP_PCAP_PP_CD,KOR,_T,_T,_T,_Z,_Z,_Z,2023,A,PPP,
15804.406575,P1Y,0,,A,PU,_Z,2,,,False,WB_WDI,WB_WDI_NY_GDP_PCAP_PP_CD,XKX,_T,_T,_T,_Z,_Z,_Z,2023,A,PPP,
53025.471086,P1Y,0,,A,PU,_Z,2,,,False,WB_WDI,WB_WDI_NY_GDP_PCAP_PP_CD,KWT,_T,_T,_T,_Z,_Z,_Z,2023,A,PPP,
7298.086126,P1Y,0,,A,PU,_Z,2,,,False,WB_WDI,WB_WDI_NY_GDP_PCAP_PP_CD,KGZ,_T,_T,_T,_Z,_Z,_Z,2023,A,PPP,
9291.78859,P1Y,0,,A,PU,_Z,2,,,False,WB_WDI,WB_WDI_NY_GDP_PCAP_PP_CD,LAO,_T,_T,_T,_Z,_Z,_Z,2023,A,PPP,
42576.40608,P1Y,0,,A,PU,_Z,2,,,False,WB_WDI,WB_WDI_NY_GDP_PCAP_PP_CD,LVA,_T,_T,_T,_Z,_Z,_Z,2023,A,PPP,
12574.832912,P1Y,0,,A,PU,_Z,2,,,True,WB_WDI,WB_WDI_NY_GDP_PCAP_PP_CD,LBN,_T,_T,_T,_Z,_Z,_Z,2023,A,PPP,
2880.966296,P1Y,0,,A,PU,_Z,2,,,False,WB_WDI,WB_WDI_NY_GDP_PCAP_PP_CD,LSO,_T,_T,_T,_Z,_Z,_Z,2023,A,PPP,
1794.533409,P1Y,0,,A,PU,_Z,2,,,False,WB_WDI,WB_WDI_NY_GDP_PCAP_PP_CD,LBR,_T,_T,_T,_Z,_Z,_Z,2023,A,PPP,
2310.603129,P1Y,0,,A,PU,_Z,2,,,False,WB_WDI,WB_WDI_NY_GDP_PCAP_PP_CD,KIR,_T,_T,_T,_Z,_Z,_Z,2015,A,PPP,
39794.196118,P1Y,0,,A,PU,_Z,2,,,False,WB_WDI,WB_WDI_NY_GDP_PCAP_PP_CD,KOR,_T,_T,_T,_Z,_Z,_Z,2015,A,PPP,
8714.919664,P1Y,0,,A,PU,_Z,2,,,False,WB_WDI,WB_WDI_NY_GDP_PCAP_PP_CD,XKX,_T,_T,_T,_Z,_Z,_Z,2015,A,PPP,
45267.308535,P1Y,0,,A,PU,_Z,2,,,False,WB_WDI,WB_WDI_NY_GDP_PCAP_PP_CD,KWT,_T,_T,_T,_Z,_Z,_Z,2015,A,PPP,
4153.376699,P1Y,0,,A,PU,_Z,2,,,False,WB_WDI,WB_WDI_NY_GDP_PCAP_PP_CD,KGZ,_T,_T,_T,_Z,_Z,_Z,2015,A,PPP,
6086.067304,P1Y,0,,A,PU,_Z,2,,,False,WB_WDI,WB_WDI_NY_GDP_PCAP_PP_CD,LAO,_T,_T,_T,_Z,_Z,_Z,2015,A,PPP,
22543.918316,P1Y,0,,A,PU,_Z,2,,,False,WB_WDI,WB_WDI_NY_GDP_PCAP_PP_CD,LVA,_T,_T,_T,_Z,_Z,_Z,2015,A,PPP,
17045.898285,P1Y,0,,A,PU,_Z,2,,,False,WB_WDI,WB_WDI_NY_GDP_PCAP_PP_CD,LBN,_T,_T,_T,_Z,_Z,_Z,2015,A,PPP,
3034.646929,P1Y,0,,A,PU,_Z,2,,,False,WB_WDI,WB_WDI_NY_GDP_PCAP_PP_CD,LSO,_T,_T,_T,_Z,_Z,_Z,2015,A,PPP,
1340.432797,P1Y,0,,A,PU,_Z,2,,,False,WB_WDI,WB_WDI_NY_GDP_PCAP_PP_CD,LBR,_T,_T,_T,_Z,_Z,_Z,2015,A,PPP,
3464.288629,P1Y,0,,A,PU,_Z,2,,,False,WB_WDI,WB_WDI_NY_GDP_PCAP_PP_CD,BEN,_T,_T,_T,_Z,_Z,_Z,2021,A,PPP,
92319.671486,P1Y,0,,A,PU,_Z,2,,,False,WB_WDI,WB_WDI_NY_GDP_PCAP_PP_CD,BMU,_T,_T,_T,_Z,_Z,_Z,2021,A,PPP,
13458.812667,P1Y,0,,A,PU,_Z,2,,,False,WB_WDI,WB_WDI_NY_GDP_PCAP_PP_CD,BTN,_T,_T,_T,_Z,_Z,_Z,2021,A,PPP,
11202.440984,P1Y,0,,A,PU,_Z,2,,,False,WB_WDI,WB_WDI_NY_GDP_PCAP_PP_CD,BOL,_T,_T,_T,_Z,_Z,_Z,2021,A,PPP,
18286.737332,P1Y,0,,A,PU,_Z,2,,,False,WB_WDI,WB_WDI_NY_GDP_PCAP_PP_CD,BIH,_T,_T,_T,_Z,_Z,_Z,2021,A,PPP,
17960.625445,P1Y,0,,A,PU,_Z,2,,,False,WB_WDI,WB_WDI_NY_GDP_PCAP_PP_CD,BWA,_T,_T,_T,_Z,_Z,_Z,2021,A,PPP,
18075.706005,P1Y,0,,A,PU,_Z,2,,,False,WB_WDI,WB_WDI_NY_GDP_PCAP_PP_CD,BRA,_T,_T,_T,_Z,_Z,_Z,2021,A,PPP,
78248.797128,P1Y,0,,A,PU,_Z,2,,,False,WB_WDI,WB_WDI_NY_GDP_PCAP_PP_CD,BRN,_T,_T,_T,_Z,_Z,_Z,2021,A,PPP,
30959.111846,P1Y,0,,A,PU,_Z,2,,,False,WB_WDI,WB_WDI_NY_GDP_PCAP_PP_CD,BGR,_T,_T,_T,_Z,_Z,_Z,2021,A,PPP,
2486.430931,P1Y,0,,A,PU,_Z,2,,,False,WB_WDI,WB_WDI_NY_GDP_PCAP_PP_CD,BFA,_T,_T,_T,_Z,_Z,_Z,2021,A,PPP,
105142.409967,P1Y,0,,A,PU,_Z,2,,,False,WB_WDI,WB_WDI_NY_GDP_PCAP_PP_CD,BMU,_T,_T,_T,_Z,_Z,_Z,2022,A,PPP,
15063.810576,P1Y,0,,A,PU,_Z,2,,,False,WB_WDI,WB_WDI_NY_GDP_PCAP_PP_CD,BTN,_T,_T,_T,_Z,_Z,_Z,2022,A,PPP,
12306.729313,P1Y,0,,A,PU,_Z,2,,,False,WB_WDI,WB_WDI_NY_GDP_PCAP_PP_CD,BOL,_T,_T,_T,_Z,_Z,_Z,2022,A,PPP,
21651.295237,P1Y,0,,A,PU,_Z,2,,,False,WB_WDI,WB_WDI_NY_GDP_PCAP_PP_CD,BIH,_T,_T,_T,_Z,_Z,_Z,2022,A,PPP,
19976.834379,P1Y,0,,A,PU,_Z,2,,,False,WB_WDI,WB_WDI_NY_GDP_PCAP_PP_CD,BWA,_T,_T,_T,_Z,_Z,_Z,2022,A,PPP,
19876.853353,P1Y,0,,A,PU,_Z,2,,,False,WB_WDI,WB_WDI_NY_GDP_PCAP_PP_CD,BRA,_T,_T,_T,_Z,_Z,_Z,2022,A,PPP,
81801.745922,P1Y,0,,A,PU,_Z,2,,,False,WB_WDI,WB_WDI_NY_GDP_PCAP_PP_CD,BRN,_T,_T,_T,_Z,_Z,_Z,2022,A,PPP,
36320.14223,P1Y,0,,A,PU,_Z,2,,,False,WB_WDI,WB_WDI_NY_GDP_PCAP_PP_CD,BGR,_T,_T,_T,_Z,_Z,_Z,2022,A,PPP,
2645.24068,P1Y,0,,A,PU,_Z,2,,,False,WB_WDI,WB_WDI_NY_GDP_PCAP_PP_CD,BFA,_T,_T,_T,_Z,_Z,_Z,2022,A,PPP,
1104.777188,P1Y,0,,A,PU,_Z,2,,,False,WB_WDI,WB_WDI_NY_GDP_PCAP_PP_CD,BDI,_T,_T,_T,_Z,_Z,_Z,2022,A,PPP,
9481.073354,P1Y,0,,A,PU,_Z,2,,,False,WB_WDI,WB_WDI_NY_GDP_PCAP_PP_CD,CPV,_T,_T,_T,_Z,_Z,_Z,2022,A,PPP,
6918.816269,P1Y,0,,A,PU,_Z,2,,,False,WB_WDI,WB_WDI_NY_GDP_PCAP_PP_CD,KHM,_T,_T,_T,_Z,_Z,_Z,2022,A,PPP,
4028.376504,P1Y,0,,A,PU,_Z,2,,,False,WB_WDI,WB_WDI_NY_GDP_PCAP_PP_CD,AFE,_T,_T,_T,_Z,_Z,_Z,2021,A,PPP,
5690.967743,P1Y,0,,A,PU,_Z,2,,,False,WB_WDI,WB_WDI_NY_GDP_PCAP_PP_CD,AFW,_T,_T,_T,_Z,_Z,_Z,2021,A,PPP,
16026.635704,P1Y,0,,A,PU,_Z,2,,,False,WB_WDI,WB_WDI_NY_GDP_PCAP_PP_CD,ARB,_T,_T,_T,_Z,_Z,_Z,2021,A,PPP,
23493.305438,P1Y,0,,A,PU,_Z,2,,,False,WB_WDI,WB_WDI_NY_GDP_PCAP_PP_CD,CSS,_T,_T,_T,_Z,_Z,_Z,2021,A,PPP,
40122.470864,P1Y,0,,A,PU,_Z,2,,,False,WB_WDI,WB_WDI_NY_GDP_PCAP_PP_CD,CEB,_T,_T,_T,_Z,_Z,_Z,2021,A,PPP,
10813.116419,P1Y,0,,A,PU,_Z,2,,,False,WB_WDI,WB_WDI_NY_GDP_PCAP_PP_CD,EAR,_T,_T,_T,_Z,_Z,_Z,2021,A,PPP,
21508.495763,P1Y,0,,A,PU,_Z,2,,,False,WB_WDI,WB_WDI_NY_GDP_PCAP_PP_CD,EAS,_T,_T,_T,_Z,_Z,_Z,2021,A,PPP,
17966.232212,P1Y,0,,A,PU,_Z,2,,,False,WB_WDI,WB_WDI_NY_GDP_PCAP_PP_CD,EAP,_T,_T,_T,_Z,_Z,_Z,2021,A,PPP,
18167.52989,P1Y,0,,A,PU,_Z,2,,,False,WB_WDI,WB_WDI_NY_GDP_PCAP_PP_CD,TEA,_T,_T,_T,_Z,_Z,_Z,2021,A,PPP,
54187.885281,P1Y,0,,A,PU,_Z,2,,,False,WB_WDI,WB_WDI_NY_GDP_PCAP_PP_CD,EMU,_T,_T,_T,_Z,_Z,_Z,2021,A,PPP,
42315.386087,P1Y,0,,A,PU,_Z,2,,,False,WB_WDI,WB_WDI_NY_GDP_PCAP_PP_CD,ECS,_T,_T,_T,_Z,_Z,_Z,2021,A,PPP,
22121.825833,P1Y,0,,A,PU,_Z,2,,,False,WB_WDI,WB_WDI_NY_GDP_PCAP_PP_CD,ECA,_T,_T,_T,_Z,_Z,_Z,2021,A,PPP,
29887.283654,P1Y,0,,A,PU,_Z,2,,,False,WB_WDI,WB_WDI_NY_GDP_PCAP_PP_CD,TEC,_T,_T,_T,_Z,_Z,_Z,2021,A,PPP,
51969.965406,P1Y,0,,A,PU,_Z,2,,,False,WB_WDI,WB_WDI_NY_GDP_PCAP_PP_CD,EUU,_T,_T,_T,_Z,_Z,_Z,2021,A,PPP,
1577.338389,P1Y,0,,A,PU,_Z,2,,,False,WB_WDI,WB_WDI_NY_GDP_PCAP_PP_CD,MDG,_T,_T,_T,_Z,_Z,_Z,2008,A,PPP,
1311.449998,P1Y,0,,A,PU,_Z,2,,,False,WB_WDI,WB_WDI_NY_GDP_PCAP_PP_CD,MWI,_T,_T,_T,_Z,_Z,_Z,2008,A,PPP,
19479.879959,P1Y,0,,A,PU,_Z,2,,,False,WB_WDI,WB_WDI_NY_GDP_PCAP_PP_CD,MYS,_T,_T,_T,_Z,_Z,_Z,2008,A,PPP,
13778.819755,P1Y,0,,A,PU,_Z,2,,,False,WB_WDI,WB_WDI_NY_GDP_PCAP_PP_CD,MDV,_T,_T,_T,_Z,_Z,_Z,2008,A,PPP,
1893.495145,P1Y,0,,A,PU,_Z,2,,,False,WB_WDI,WB_WDI_NY_GDP_PCAP_PP_CD,MLI,_T,_T,_T,_Z,_Z,_Z,2008,A,PPP,
26653.860257,P1Y,0,,A,PU,_Z,2,,,False,WB_WDI,WB_WDI_NY_GDP_PCAP_PP_CD,MLT,_T,_T,_T,_Z,_Z,_Z,2008,A,PPP,
3118.234671,P1Y,0,,A,PU,_Z,2,,,False,WB_WDI,WB_WDI_NY_GDP_PCAP_PP_CD,MHL,_T,_T,_T,_Z,_Z,_Z,2008,A,PPP,
3235.997822,P1Y,0,,A,PU,_Z,2,,,False,WB_WDI,WB_WDI_NY_GDP_PCAP_PP_CD,MRT,_T,_T,_T,_Z,_Z,_Z,2008,A,PPP,
14569.153121,P1Y,0,,A,PU,_Z,2,,,False,WB_WDI,WB_WDI_NY_GDP_PCAP_PP_CD,MUS,_T,_T,_T,_Z,_Z,_Z,2008,A,PPP,
15680.57619,P1Y,0,,A,PU,_Z,2,,,False,WB_WDI,WB_WDI_NY_GDP_PCAP_PP_CD,MEX,_T,_T,_T,_Z,_Z,_Z,2008,A,PPP,
2877.450971,P1Y,0,,A,PU,_Z,2,,,False,WB_WDI,WB_WDI_NY_GDP_PCAP_PP_CD,FSM,_T,_T,_T,_Z,_Z,_Z,2008,A,PPP,
11703.938499,P1Y,0,,A,PU,_Z,2,,,False,WB_WDI,WB_WDI_NY_GDP_PCAP_PP_CD,PLW,_T,_T,_T,_Z,_Z,_Z,2002,A,PPP,
8370.303375,P1Y,0,,A,PU,_Z,2,,,False,WB_WDI,WB_WDI_NY_GDP_PCAP_PP_CD,PAN,_T,_T,_T,_Z,_Z,_Z,2002,A,PPP,
2125.387201,P1Y,0,,A,PU,_Z,2,,,False,WB_WDI,WB_WDI_NY_GDP_PCAP_PP_CD,PNG,_T,_T,_T,_Z,_Z,_Z,2002,A,PPP,
6924.183349,P1Y,0,,A,PU,_Z,2,,,False,WB_WDI,WB_WDI_NY_GDP_PCAP_PP_CD,PRY,_T,_T,_T,_Z,_Z,_Z,2002,A,PPP,
5382.566413,P1Y,0,,A,PU,_Z,2,,,False,WB_WDI,WB_WDI_NY_GDP_PCAP_PP_CD,PER,_T,_T,_T,_Z,_Z,_Z,2002,A,PPP,
3580.382455,P1Y,0,,A,PU,_Z,2,,,False,WB_WDI,WB_WDI_NY_GDP_PCAP_PP_CD,PHL,_T,_T,_T,_Z,_Z,_Z,2002,A,PPP,
11841.268409,P1Y,0,,A,PU,_Z,2,,,False,WB_WDI,WB_WDI_NY_GDP_PCAP_PP_CD,POL,_T,_T,_T,_Z,_Z,_Z,2002,A,PPP,
20356.6473,P1Y,0,,A,PU,_Z,2,,,False,WB_WDI,WB_WDI_NY_GDP_PCAP_PP_CD,PRT,_T,_T,_T,_Z,_Z,_Z,2002,A,PPP,
25467.36072,P1Y,0,,A,PU,_Z,2,,,False,WB_WDI,WB_WDI_NY_GDP_PCAP_PP_CD,PRI,_T,_T,_T,_Z,_Z,_Z,2002,A,PPP,
93176.530674,P1Y,0,,A,PU,_Z,2,,,False,WB_WDI,WB_WDI_NY_GDP_PCAP_PP_CD,QAT,_T,_T,_T,_Z,_Z,_Z,2002,A,PPP,
7162.293826,P1Y,0,,A,PU,_Z,2,,,False,WB_WDI,WB_WDI_NY_GDP_PCAP_PP_CD,ROU,_T,_T,_T,_Z,_Z,_Z,2002,A,PPP,
8037.474609,P1Y,0,,A,PU,_Z,2,,,False,WB_WDI,WB_WDI_NY_GDP_PCAP_PP_CD,RUS,_T,_T,_T,_Z,_Z,_Z,2002,A,PPP,
25123.916237,P1Y,0,,A,PU,_Z,2,,,False,WB_WDI,WB_WDI_NY_GDP_PCAP_PP_CD,NZL,_T,_T,_T,_Z,_Z,_Z,2004,A,PPP,
3255.485159,P1Y,0,,A,PU,_Z,2,,,False,WB_WDI,WB_WDI_NY_GDP_PCAP_PP_CD,NIC,_T,_T,_T,_Z,_Z,_Z,2004,A,PPP,
832.125197,P1Y,0,,A,PU,_Z,2,,,False,WB_WDI,WB_WDI_NY_GDP_PCAP_PP_CD,NER,_T,_T,_T,_Z,_Z,_Z,2004,A,PPP,
4381.136828,P1Y,0,,A,PU,_Z,2,,,False,WB_WDI,WB_WDI_NY_GDP_PCAP_PP_CD,NGA,_T,_T,_T,_Z,_Z,_Z,2004,A,PPP,
7229.41435,P1Y,0,,A,PU,_Z,2,,,False,WB_WDI,WB_WDI_NY_GDP_PCAP_PP_CD,MKD,_T,_T,_T,_Z,_Z,_Z,2004,A,PPP,
42667.219204,P1Y,0,,A,PU,_Z,2,,,False,WB_WDI,WB_WDI_NY_GDP_PCAP_PP_CD,NOR,_T,_T,_T,_Z,_Z,_Z,2004,A,PPP,
42141.636897,P1Y,0,,A,PU,_Z,2,,,False,WB_WDI,WB_WDI_NY_GDP_PCAP_PP_CD,OMN,_T,_T,_T,_Z,_Z,_Z,2004,A,PPP,
3048.357091,P1Y,0,,A,PU,_Z,2,,,False,WB_WDI,WB_WDI_NY_GDP_PCAP_PP_CD,PAK,_T,_T,_T,_Z,_Z,_Z,2004,A,PPP,
12213.197855,P1Y,0,,A,PU,_Z,2,,,False,WB_WDI,WB_WDI_NY_GDP_PCAP_PP_CD,PLW,_T,_T,_T,_Z,_Z,_Z,2004,A,PPP,
9591.602887,P1Y,0,,A,PU,_Z,2,,,False,WB_WDI,WB_WDI_NY_GDP_PCAP_PP_CD,PAN,_T,_T,_T,_Z,_Z,_Z,2004,A,PPP,
2186.540082,P1Y,0,,A,PU,_Z,2,,,False,WB_WDI,WB_WDI_NY_GDP_PCAP_PP_CD,PNG,_T,_T,_T,_Z,_Z,_Z,2004,A,PPP,
7685.658148,P1Y,0,,A,PU,_Z,2,,,False,WB_WDI,WB_WDI_NY_GDP_PCAP_PP_CD,PRY,_T,_T,_T,_Z,_Z,_Z,2004,A,PPP,
11875.964807,P1Y,0,,A,PU,_Z,2,,,False,WB_WDI,WB_WDI_NY_GDP_PCAP_PP_CD,SLV,_T,_T,_T,_Z,_Z,_Z,2022,A,PPP,
18139.989327,P1Y,0,,A,PU,_Z,2,,,False,WB_WDI,WB_WDI_NY_GDP_PCAP_PP_CD,GNQ,_T,_T,_T,_Z,_Z,_Z,2022,A,PPP,
48217.552311,P1Y,0,,A,PU,_Z,2,,,False,WB_WDI,WB_WDI_NY_GDP_PCAP_PP_CD,EST,_T,_T,_T,_Z,_Z,_Z,2022,A,PPP,
10635.392416,P1Y,0,,A,PU,_Z,2,,,False,WB_WDI,WB_WDI_NY_GDP_PCAP_PP_CD,SWZ,_T,_T,_T,_Z,_Z,_Z,2022,A,PPP,
2844.922745,P1Y,0,,A,PU,_Z,2,,,False,WB_WDI,WB_WDI_NY_GDP_PCAP_PP_CD,ETH,_T,_T,_T,_Z,_Z,_Z,2022,A,PPP,
75265.658539,P1Y,0,,A,PU,_Z,2,,,False,WB_WDI,WB_WDI_NY_GDP_PCAP_PP_CD,FRO,_T,_T,_T,_Z,_Z,_Z,2022,A,PPP,
12982.291452,P1Y,0,,A,PU,_Z,2,,,False,WB_WDI,WB_WDI_NY_GDP_PCAP_PP_CD,FJI,_T,_T,_T,_Z,_Z,_Z,2022,A,PPP,
62133.137522,P1Y,0,,A,PU,_Z,2,,,False,WB_WDI,WB_WDI_NY_GDP_PCAP_PP_CD,FIN,_T,_T,_T,_Z,_Z,_Z,2022,A,PPP,
57042.944901,P1Y,0,,A,PU,_Z,2,,,False,WB_WDI,WB_WDI_NY_GDP_PCAP_PP_CD,FRA,_T,_T,_T,_Z,_Z,_Z,2022,A,PPP,
19992.557064,P1Y,0,,A,PU,_Z,2,,,False,WB_WDI,WB_WDI_NY_GDP_PCAP_PP_CD,GAB,_T,_T,_T,_Z,_Z,_Z,2022,A,PPP,
3067.310404,P1Y,0,,A,PU,_Z,2,,,False,WB_WDI,WB_WDI_NY_GDP_PCAP_PP_CD,GMB,_T,_T,_T,_Z,_Z,_Z,2022,A,PPP,
22461.332641,P1Y,0,,A,PU,_Z,2,,,False,WB_WDI,WB_WDI_NY_GDP_PCAP_PP_CD,GEO,_T,_T,_T,_Z,_Z,_Z,2022,A,PPP,
42257.859379,P1Y,0,,A,PU,_Z,2,,,False,WB_WDI,WB_WDI_NY_GDP_PCAP_PP_CD,FIN,_T,_T,_T,_Z,_Z,_Z,2015,A,PPP,
40905.176775,P1Y,0,,A,PU,_Z,2,,,False,WB_WDI,WB_WDI_NY_GDP_PCAP_PP_CD,FRA,_T,_T,_T,_Z,_Z,_Z,2015,A,PPP,
14306.434077,P1Y,0,,A,PU,_Z,2,,,False,WB_WDI,WB_WDI_NY_GDP_PCAP_PP_CD,GAB,_T,_T,_T,_Z,_Z,_Z,2015,A,PPP,
1990.316258,P1Y,0,,A,PU,_Z,2,,,False,WB_WDI,WB_WDI_NY_GDP_PCAP_PP_CD,GMB,_T,_T,_T,_Z,_Z,_Z,2015,A,PPP,
12269.652893,P1Y,0,,A,PU,_Z,2,,,False,WB_WDI,WB_WDI_NY_GDP_PCAP_PP_CD,GEO,_T,_T,_T,_Z,_Z,_Z,2015,A,PPP,
48545.400722,P1Y,0,,A,PU,_Z,2,,,False,WB_WDI,WB_WDI_NY_GDP_PCAP_PP_CD,DEU,_T,_T,_T,_Z,_Z,_Z,2015,A,PPP,
5191.370534,P1Y,0,,A,PU,_Z,2,,,False,WB_WDI,WB_WDI_NY_GDP_PCAP_PP_CD,GHA,_T,_T,_T,_Z,_Z,_Z,2015,A,PPP,
26607.72568,P1Y,0,,A,PU,_Z,2,,,False,WB_WDI,WB_WDI_NY_GDP_PCAP_PP_CD,GRC,_T,_T,_T,_Z,_Z,_Z,2015,A,PPP,
55815.650288,P1Y,0,,A,PU,_Z,2,,,False,WB_WDI,WB_WDI_NY_GDP_PCAP_PP_CD,GRL,_T,_T,_T,_Z,_Z,_Z,2015,A,PPP,
13214.409664,P1Y,0,,A,PU,_Z,2,,,False,WB_WDI,WB_WDI_NY_GDP_PCAP_PP_CD,GRD,_T,_T,_T,_Z,_Z,_Z,2015,A,PPP,
1581.111087,P1Y,0,,A,PU,_Z,2,,,False,WB_WDI,WB_WDI_NY_GDP_PCAP_PP_CD,MLI,_T,_T,_T,_Z,_Z,_Z,2002,A,PPP,
19531.963975,P1Y,0,,A,PU,_Z,2,,,False,WB_WDI,WB_WDI_NY_GDP_PCAP_PP_CD,MLT,_T,_T,_T,_Z,_Z,_Z,2002,A,PPP,
2825.244799,P1Y,0,,A,PU,_Z,2,,,False,WB_WDI,WB_WDI_NY_GDP_PCAP_PP_CD,MHL,_T,_T,_T,_Z,_Z,_Z,2002,A,PPP,
2295.80501,P1Y,0,,A,PU,_Z,2,,,False,WB_WDI,WB_WDI_NY_GDP_PCAP_PP_CD,MRT,_T,_T,_T,_Z,_Z,_Z,2002,A,PPP,
9823.539964,P1Y,0,,A,PU,_Z,2,,,False,WB_WDI,WB_WDI_NY_GDP_PCAP_PP_CD,MUS,_T,_T,_T,_Z,_Z,_Z,2002,A,PPP,
11761.88659,P1Y,0,,A,PU,_Z,2,,,False,WB_WDI,WB_WDI_NY_GDP_PCAP_PP_CD,MEX,_T,_T,_T,_Z,_Z,_Z,2002,A,PPP,
2483.458252,P1Y,0,,A,PU,_Z,2,,,False,WB_WDI,WB_WDI_NY_GDP_PCAP_PP_CD,FSM,_T,_T,_T,_Z,_Z,_Z,2002,A,PPP,
3632.610918,P1Y,0,,A,PU,_Z,2,,,False,WB_WDI,WB_WDI_NY_GDP_PCAP_PP_CD,MDA,_T,_T,_T,_Z,_Z,_Z,2002,A,PPP,
4083.384222,P1Y,0,,A,PU,_Z,2,,,False,WB_WDI,WB_WDI_NY_GDP_PCAP_PP_CD,MNG,_T,_T,_T,_Z,_Z,_Z,2002,A,PPP,
7100.283067,P1Y,0,,A,PU,_Z,2,,,False,WB_WDI,WB_WDI_NY_GDP_PCAP_PP_CD,MNE,_T,_T,_T,_Z,_Z,_Z,2002,A,PPP,
4436.428711,P1Y,0,,A,PU,_Z,2,,,False,WB_WDI,WB_WDI_NY_GDP_PCAP_PP_CD,MAR,_T,_T,_T,_Z,_Z,_Z,2002,A,PPP,
580.040921,P1Y,0,,A,PU,_Z,2,,,False,WB_WDI,WB_WDI_NY_GDP_PCAP_PP_CD,MOZ,_T,_T,_T,_Z,_Z,_Z,2002,A,PPP,
1203.826307,P1Y,0,,A,PU,_Z,2,,,False,WB_WDI,WB_WDI_NY_GDP_PCAP_PP_CD,MMR,_T,_T,_T,_Z,_Z,_Z,2002,A,PPP,
2158.196674,P1Y,0,,A,PU,_Z,2,,,False,WB_WDI,WB_WDI_NY_GDP_PCAP_PP_CD,KGZ,_T,_T,_T,_Z,_Z,_Z,2003,A,PPP,
2151.150996,P1Y,0,,A,PU,_Z,2,,,False,WB_WDI,WB_WDI_NY_GDP_PCAP_PP_CD,LAO,_T,_T,_T,_Z,_Z,_Z,2003,A,PPP,
10193.238102,P1Y,0,,A,PU,_Z,2,,,False,WB_WDI,WB_WDI_NY_GDP_PCAP_PP_CD,LVA,_T,_T,_T,_Z,_Z,_Z,2003,A,PPP,
8914.482779,P1Y,0,,A,PU,_Z,2,,,False,WB_WDI,WB_WDI_NY_GDP_PCAP_PP_CD,LBN,_T,_T,_T,_Z,_Z,_Z,2003,A,PPP,
1484.095844,P1Y,0,,A,PU,_Z,2,,,False,WB_WDI,WB_WDI_NY_GDP_PCAP_PP_CD,LSO,_T,_T,_T,_Z,_Z,_Z,2003,A,PPP,
715.818247,P1Y,0,,A,PU,_Z,2,,,False,WB_WDI,WB_WDI_NY_GDP_PCAP_PP_CD,LBR,_T,_T,_T,_Z,_Z,_Z,2003,A,PPP,
22662.724214,P1Y,0,,A,PU,_Z,2,,,False,WB_WDI,WB_WDI_NY_GDP_PCAP_PP_CD,LBY,_T,_T,_T,_Z,_Z,_Z,2003,A,PPP,
11659.878739,P1Y,0,,A,PU,_Z,2,,,False,WB_WDI,WB_WDI_NY_GDP_PCAP_PP_CD,LTU,_T,_T,_T,_Z,_Z,_Z,2003,A,PPP,
60192.175945,P1Y,0,,A,PU,_Z,2,,,False,WB_WDI,WB_WDI_NY_GDP_PCAP_PP_CD,LUX,_T,_T,_T,_Z,_Z,_Z,2003,A,PPP,
44601.818226,P1Y,0,,A,PU,_Z,2,,,False,WB_WDI,WB_WDI_NY_GDP_PCAP_PP_CD,MAC,_T,_T,_T,_Z,_Z,_Z,2003,A,PPP,
1218.835632,P1Y,0,,A,PU,_Z,2,,,False,WB_WDI,WB_WDI_NY_GDP_PCAP_PP_CD,MDG,_T,_T,_T,_Z,_Z,_Z,2003,A,PPP,
979.038978,P1Y,0,,A,PU,_Z,2,,,False,WB_WDI,WB_WDI_NY_GDP_PCAP_PP_CD,MWI,_T,_T,_T,_Z,_Z,_Z,2003,A,PPP,
7696.945017,P1Y,0,,A,PU,_Z,2,,,False,WB_WDI,WB_WDI_NY_GDP_PCAP_PP_CD,JOR,_T,_T,_T,_Z,_Z,_Z,2005,A,PPP,
13226.146696,P1Y,0,,A,PU,_Z,2,,,False,WB_WDI,WB_WDI_NY_GDP_PCAP_PP_CD,KAZ,_T,_T,_T,_Z,_Z,_Z,2005,A,PPP,
2188.69561,P1Y,0,,A,PU,_Z,2,,,False,WB_WDI,WB_WDI_NY_GDP_PCAP_PP_CD,KEN,_T,_T,_T,_Z,_Z,_Z,2005,A,PPP,
1616.579921,P1Y,0,,A,PU,_Z,2,,,False,WB_WDI,WB_WDI_NY_GDP_PCAP_PP_CD,KIR,_T,_T,_T,_Z,_Z,_Z,2005,A,PPP,
26179.342126,P1Y,0,,A,PU,_Z,2,,,False,WB_WDI,WB_WDI_NY_GDP_PCAP_PP_CD,KOR,_T,_T,_T,_Z,_Z,_Z,2005,A,PPP,
84968.019757,P1Y,0,,A,PU,_Z,2,,,False,WB_WDI,WB_WDI_NY_GDP_PCAP_PP_CD,KWT,_T,_T,_T,_Z,_Z,_Z,2005,A,PPP,
2385.594465,P1Y,0,,A,PU,_Z,2,,,False,WB_WDI,WB_WDI_NY_GDP_PCAP_PP_CD,KGZ,_T,_T,_T,_Z,_Z,_Z,2005,A,PPP,
2519.461351,P1Y,0,,A,PU,_Z,2,,,False,WB_WDI,WB_WDI_NY_GDP_PCAP_PP_CD,LAO,_T,_T,_T,_Z,_Z,_Z,2005,A,PPP,
12825.87378,P1Y,0,,A,PU,_Z,2,,,False,WB_WDI,WB_WDI_NY_GDP_PCAP_PP_CD,LVA,_T,_T,_T,_Z,_Z,_Z,2005,A,PPP,
10019.994154,P1Y,0,,A,PU,_Z,2,,,False,WB_WDI,WB_WDI_NY_GDP_PCAP_PP_CD,LBN,_T,_T,_T,_Z,_Z,_Z,2005,A,PPP,
1680.873641,P1Y,0,,A,PU,_Z,2,,,False,WB_WDI,WB_WDI_NY_GDP_PCAP_PP_CD,LSO,_T,_T,_T,_Z,_Z,_Z,2005,A,PPP,
25435.228989,P1Y,0,,A,PU,_Z,2,,,False,WB_WDI,WB_WDI_NY_GDP_PCAP_PP_CD,SYC,_T,_T,_T,_Z,_Z,_Z,2015,A,PPP,
2560.049858,P1Y,0,,A,PU,_Z,2,,,False,WB_WDI,WB_WDI_NY_GDP_PCAP_PP_CD,SLE,_T,_T,_T,_Z,_Z,_Z,2015,A,PPP,
87156.187383,P1Y,0,,A,PU,_Z,2,,,False,WB_WDI,WB_WDI_NY_GDP_PCAP_PP_CD,SGP,_T,_T,_T,_Z,_Z,_Z,2015,A,PPP,
44587.59115,P1Y,0,,A,PU,_Z,2,,,False,WB_WDI,WB_WDI_NY_GDP_PCAP_PP_CD,SXM,_T,_T,_T,_Z,_Z,_Z,2015,A,PPP,
30147.990367,P1Y,0,,A,PU,_Z,2,,,False,WB_WDI,WB_WDI_NY_GDP_PCAP_PP_CD,SVK,_T,_T,_T,_Z,_Z,_Z,2015,A,PPP,
31336.204386,P1Y,0,,A,PU,_Z,2,,,False,WB_WDI,WB_WDI_NY_GDP_PCAP_PP_CD,SVN,_T,_T,_T,_Z,_Z,_Z,2015,A,PPP,
2353.782353,P1Y,0,,A,PU,_Z,2,,,False,WB_WDI,WB_WDI_NY_GDP_PCAP_PP_CD,SLB,_T,_T,_T,_Z,_Z,_Z,2015,A,PPP,
1341.389997,P1Y,0,,A,PU,_Z,2,,,False,WB_WDI,WB_WDI_NY_GDP_PCAP_PP_CD,SOM,_T,_T,_T,_Z,_Z,_Z,2015,A,PPP,
13397.523481,P1Y,0,,A,PU,_Z,2,,,False,WB_WDI,WB_WDI_NY_GDP_PCAP_PP_CD,ZAF,_T,_T,_T,_Z,_Z,_Z,2015,A,PPP,
1154.886863,P1Y,0,,A,PU,_Z,2,,,True,WB_WDI,WB_WDI_NY_GDP_PCAP_PP_CD,SSD,_T,_T,_T,_Z,_Z,_Z,2015,A,PPP,
35228.633304,P1Y,0,,A,PU,_Z,2,,,False,WB_WDI,WB_WDI_NY_GDP_PCAP_PP_CD,ESP,_T,_T,_T,_Z,_Z,_Z,2015,A,PPP,
35966.712797,P1Y,0,,A,PU,_Z,2,,,False,WB_WDI,WB_WDI_NY_GDP_PCAP_PP_CD,PRT,_T,_T,_T,_Z,_Z,_Z,2020,A,PPP,
36858.608522,P1Y,0,,A,PU,_Z,2,,,False,WB_WDI,WB_WDI_NY_GDP_PCAP_PP_CD,PRI,_T,_T,_T,_Z,_Z,_Z,2020,A,PPP,
82149.456988,P1Y,0,,A,PU,_Z,2,,,False,WB_WDI,WB_WDI_NY_GDP_PCAP_PP_CD,QAT,_T,_T,_T,_Z,_Z,_Z,2020,A,PPP,
34193.837452,P1Y,0,,A,PU,_Z,2,,,False,WB_WDI,WB_WDI_NY_GDP_PCAP_PP_CD,ROU,_T,_T,_T,_Z,_Z,_Z,2020,A,PPP,
31490.804688,P1Y,0,,A,PU,_Z,2,,,False,WB_WDI,WB_WDI_NY_GDP_PCAP_PP_CD,RUS,_T,_T,_T,_Z,_Z,_Z,2020,A,PPP,
2284.898898,P1Y,0,,A,PU,_Z,2,,,False,WB_WDI,WB_WDI_NY_GDP_PCAP_PP_CD,RWA,_T,_T,_T,_Z,_Z,_Z,2020,A,PPP,
6450.752012,P1Y,0,,A,PU,_Z,2,,,False,WB_WDI,WB_WDI_NY_GDP_PCAP_PP_CD,WSM,_T,_T,_T,_Z,_Z,_Z,2020,A,PPP,
55206.581232,P1Y,0,,A,PU,_Z,2,,,False,WB_WDI,WB_WDI_NY_GDP_PCAP_PP_CD,SMR,_T,_T,_T,_Z,_Z,_Z,2020,A,PPP,
5144.535603,P1Y,0,,A,PU,_Z,2,,,False,WB_WDI,WB_WDI_NY_GDP_PCAP_PP_CD,STP,_T,_T,_T,_Z,_Z,_Z,2020,A,PPP,
47518.487749,P1Y,0,,A,PU,_Z,2,,,False,WB_WDI,WB_WDI_NY_GDP_PCAP_PP_CD,SAU,_T,_T,_T,_Z,_Z,_Z,2020,A,PPP,
3752.919475,P1Y,0,,A,PU,_Z,2,,,False,WB_WDI,WB_WDI_NY_GDP_PCAP_PP_CD,SEN,_T,_T,_T,_Z,_Z,_Z,2020,A,PPP,
26874.489993,P1Y,0,,A,PU,_Z,2,,,False,WB_WDI,WB_WDI_NY_GDP_PCAP_PP_CD,MUS,_T,_T,_T,_Z,_Z,_Z,2022,A,PPP,
23135.49316,P1Y,0,,A,PU,_Z,2,,,False,WB_WDI,WB_WDI_NY_GDP_PCAP_PP_CD,MEX,_T,_T,_T,_Z,_Z,_Z,2022,A,PPP,
4086.979801,P1Y,0,,A,PU,_Z,2,,,False,WB_WDI,WB_WDI_NY_GDP_PCAP_PP_CD,FSM,_T,_T,_T,_Z,_Z,_Z,2022,A,PPP,
16452.962119,P1Y,0,,A,PU,_Z,2,,,False,WB_WDI,WB_WDI_NY_GDP_PCAP_PP_CD,MDA,_T,_T,_T,_Z,_Z,_Z,2022,A,PPP,
16401.989475,P1Y,0,,A,PU,_Z,2,,,False,WB_WDI,WB_WDI_NY_GDP_PCAP_PP_CD,MNG,_T,_T,_T,_Z,_Z,_Z,2022,A,PPP,
28049.615611,P1Y,0,,A,PU,_Z,2,,,False,WB_WDI,WB_WDI_NY_GDP_PCAP_PP_CD,MNE,_T,_T,_T,_Z,_Z,_Z,2022,A,PPP,
9310.032227,P1Y,0,,A,PU,_Z,2,,,False,WB_WDI,WB_WDI_NY_GDP_PCAP_PP_CD,MAR,_T,_T,_T,_Z,_Z,_Z,2022,A,PPP,
1581.944194,P1Y,0,,A,PU,_Z,2,,,False,WB_WDI,WB_WDI_NY_GDP_PCAP_PP_CD,MOZ,_T,_T,_T,_Z,_Z,_Z,2022,A,PPP,
5731.937879,P1Y,0,,A,PU,_Z,2,,,False,WB_WDI,WB_WDI_NY_GDP_PCAP_PP_CD,MMR,_T,_T,_T,_Z,_Z,_Z,2022,A,PPP,
10662.701706,P1Y,0,,A,PU,_Z,2,,,False,WB_WDI,WB_WDI_NY_GDP_PCAP_PP_CD,NAM,_T,_T,_T,_Z,_Z,_Z,2022,A,PPP,
13245.109456,P1Y,0,,A,PU,_Z,2,,,False,WB_WDI,WB_WDI_NY_GDP_PCAP_PP_CD,NRU,_T,_T,_T,_Z,_Z,_Z,2022,A,PPP,
5102.992311,P1Y,0,,A,PU,_Z,2,,,False,WB_WDI,WB_WDI_NY_GDP_PCAP_PP_CD,NPL,_T,_T,_T,_Z,_Z,_Z,2022,A,PPP,
1861.865597,P1Y,0,,A,PU,_Z,2,,,False,WB_WDI,WB_WDI_NY_GDP_PCAP_PP_CD,KGZ,_T,_T,_T,_Z,_Z,_Z,2000,A,PPP,
1793.885826,P1Y,0,,A,PU,_Z,2,,,False,WB_WDI,WB_WDI_NY_GDP_PCAP_PP_CD,LAO,_T,_T,_T,_Z,_Z,_Z,2000,A,PPP,
7848.908549,P1Y,0,,A,PU,_Z,2,,,False,WB_WDI,WB_WDI_NY_GDP_PCAP_PP_CD,LVA,_T,_T,_T,_Z,_Z,_Z,2000,A,PPP,
7937.95653,P1Y,0,,A,PU,_Z,2,,,False,WB_WDI,WB_WDI_NY_GDP_PCAP_PP_CD,LBN,_T,_T,_T,_Z,_Z,_Z,2000,A,PPP,
1272.924434,P1Y,0,,A,PU,_Z,2,,,False,WB_WDI,WB_WDI_NY_GDP_PCAP_PP_CD,LSO,_T,_T,_T,_Z,_Z,_Z,2000,A,PPP,
965.395523,P1Y,0,,A,PU,_Z,2,,,False,WB_WDI,WB_WDI_NY_GDP_PCAP_PP_CD,LBR,_T,_T,_T,_Z,_Z,_Z,2000,A,PPP,
20616.984868,P1Y,0,,A,PU,_Z,2,,,False,WB_WDI,WB_WDI_NY_GDP_PCAP_PP_CD,LBY,_T,_T,_T,_Z,_Z,_Z,2000,A,PPP,
8474.593003,P1Y,0,,A,PU,_Z,2,,,False,WB_WDI,WB_WDI_NY_GDP_PCAP_PP_CD,LTU,_T,_T,_T,_Z,_Z,_Z,2000,A,PPP,
55136.060998,P1Y,0,,A,PU,_Z,2,,,False,WB_WDI,WB_WDI_NY_GDP_PCAP_PP_CD,LUX,_T,_T,_T,_Z,_Z,_Z,2000,A,PPP,
34686.948721,P1Y,0,,A,PU,_Z,2,,,False,WB_WDI,WB_WDI_NY_GDP_PCAP_PP_CD,MAC,_T,_T,_T,_Z,_Z,_Z,2000,A,PPP,
1235.787339,P1Y,0,,A,PU,_Z,2,,,False,WB_WDI,WB_WDI_NY_GDP_PCAP_PP_CD,MDG,_T,_T,_T,_Z,_Z,_Z,2000,A,PPP,
974.310137,P1Y,0,,A,PU,_Z,2,,,False,WB_WDI,WB_WDI_NY_GDP_PCAP_PP_CD,MWI,_T,_T,_T,_Z,_Z,_Z,2000,A,PPP,
13027.273339,P1Y,0,,A,PU,_Z,2,,,False,WB_WDI,WB_WDI_NY_GDP_PCAP_PP_CD,MYS,_T,_T,_T,_Z,_Z,_Z,2000,A,PPP,
26201.650282,P1Y,0,,A,PU,_Z,2,,,False,WB_WDI,WB_WDI_NY_GDP_PCAP_PP_CD,SVK,_T,_T,_T,_Z,_Z,_Z,2011,A,PPP,
28715.633995,P1Y,0,,A,PU,_Z,2,,,False,WB_WDI,WB_WDI_NY_GDP_PCAP_PP_CD,SVN,_T,_T,_T,_Z,_Z,_Z,2011,A,PPP,
2306.28128,P1Y,0,,A,PU,_Z,2,,,False,WB_WDI,WB_WDI_NY_GDP_PCAP_PP_CD,SLB,_T,_T,_T,_Z,_Z,_Z,2011,A,PPP,
881.383113,P1Y,0,,A,PU,_Z,2,,,False,WB_WDI,WB_WDI_NY_GDP_PCAP_PP_CD,SOM,_T,_T,_T,_Z,_Z,_Z,2011,A,PPP,
13143.193336,P1Y,0,,A,PU,_Z,2,,,False,WB_WDI,WB_WDI_NY_GDP_PCAP_PP_CD,ZAF,_T,_T,_T,_Z,_Z,_Z,2011,A,PPP,
2718.048479,P1Y,0,,A,PU,_Z,2,,,False,WB_WDI,WB_WDI_NY_GDP_PCAP_PP_CD,SSD,_T,_T,_T,_Z,_Z,_Z,2011,A,PPP,
32015.5752,P1Y,0,,A,PU,_Z,2,,,False,WB_WDI,WB_WDI_NY_GDP_PCAP_PP_CD,ESP,_T,_T,_T,_Z,_Z,_Z,2011,A,PPP,
9075.545496,P1Y,0,,A,PU,_Z,2,,,False,WB_WDI,WB_WDI_NY_GDP_PCAP_PP_CD,LKA,_T,_T,_T,_Z,_Z,_Z,2011,A,PPP,
24550.165191,P1Y,0,,A,PU,_Z,2,,,False,WB_WDI,WB_WDI_NY_GDP_PCAP_PP_CD,KNA,_T,_T,_T,_Z,_Z,_Z,2011,A,PPP,
13471.266636,P1Y,0,,A,PU,_Z,2,,,False,WB_WDI,WB_WDI_NY_GDP_PCAP_PP_CD,LCA,_T,_T,_T,_Z,_Z,_Z,2011,A,PPP,
10773.614474,P1Y,0,,A,PU,_Z,2,,,False,WB_WDI,WB_WDI_NY_GDP_PCAP_PP_CD,VCT,_T,_T,_T,_Z,_Z,_Z,2011,A,PPP,
4112.21875,P1Y,0,,A,PU,_Z,2,,,False,WB_WDI,WB_WDI_NY_GDP_PCAP_PP_CD,SDN,_T,_T,_T,_Z,_Z,_Z,2011,A,PPP,
44365.910813,P1Y,0,,A,PU,_Z,2,,,False,WB_WDI,WB_WDI_NY_GDP_PCAP_PP_CD,HUN,_T,_T,_T,_Z,_Z,_Z,2022,A,PPP,
75332.852835,P1Y,0,,A,PU,_Z,2,,,False,WB_WDI,WB_WDI_NY_GDP_PCAP_PP_CD,ISL,_T,_T,_T,_Z,_Z,_Z,2022,A,PPP,
9207.12743,P1Y,0,,A,PU,_Z,2,,,False,WB_WDI,WB_WDI_NY_GDP_PCAP_PP_CD,IND,_T,_T,_T,_Z,_Z,_Z,2022,A,PPP,
14284.929293,P1Y,0,,A,PU,_Z,2,,,False,WB_WDI,WB_WDI_NY_GDP_PCAP_PP_CD,IDN,_T,_T,_T,_Z,_Z,_Z,2022,A,PPP,
17545.624663,P1Y,0,,A,PU,_Z,2,,,False,WB_WDI,WB_WDI_NY_GDP_PCAP_PP_CD,IRN,_T,_T,_T,_Z,_Z,_Z,2022,A,PPP,
14391.129235,P1Y,0,,A,PU,_Z,2,,,False,WB_WDI,WB_WDI_NY_GDP_PCAP_PP_CD,IRQ,_T,_T,_T,_Z,_Z,_Z,2022,A,PPP,
138522.5178,P1Y,0,,A,PU,_Z,2,,,False,WB_WDI,WB_WDI_NY_GDP_PCAP_PP_CD,IRL,_T,_T,_T,_Z,_Z,_Z,2022,A,PPP,
53619.0681,P1Y,0,,A,PU,_Z,2,,,False,WB_WDI,WB_WDI_NY_GDP_PCAP_PP_CD,ISR,_T,_T,_T,_Z,_Z,_Z,2022,A,PPP,
57260.894537,P1Y,0,,A,PU,_Z,2,,,False,WB_WDI,WB_WDI_NY_GDP_PCAP_PP_CD,ITA,_T,_T,_T,_Z,_Z,_Z,2022,A,PPP,
11887.770369,P1Y,0,,A,PU,_Z,2,,,False,WB_WDI,WB_WDI_NY_GDP_PCAP_PP_CD,JAM,_T,_T,_T,_Z,_Z,_Z,2022,A,PPP,
47192.05006,P1Y,0,,A,PU,_Z,2,,,False,WB_WDI,WB_WDI_NY_GDP_PCAP_PP_CD,JPN,_T,_T,_T,_Z,_Z,_Z,2022,A,PPP,
9927.2341,P1Y,0,,A,PU,_Z,2,,,False,WB_WDI,WB_WDI_NY_GDP_PCAP_PP_CD,JOR,_T,_T,_T,_Z,_Z,_Z,2022,A,PPP,
17323.096684,P1Y,0,,A,PU,_Z,2,,,False,WB_WDI,WB_WDI_NY_GDP_PCAP_PP_CD,LCN,_T,_T,_T,_Z,_Z,_Z,2019,A,PPP,
16606.528573,P1Y,0,,A,PU,_Z,2,,,False,WB_WDI,WB_WDI_NY_GDP_PCAP_PP_CD,LAC,_T,_T,_T,_Z,_Z,_Z,2019,A,PPP,
17245.558316,P1Y,0,,A,PU,_Z,2,,,False,WB_WDI,WB_WDI_NY_GDP_PCAP_PP_CD,TLA,_T,_T,_T,_Z,_Z,_Z,2019,A,PPP,
3440.053791,P1Y,0,,A,PU,_Z,2,,,False,WB_WDI,WB_WDI_NY_GDP_PCAP_PP_CD,LDC,_T,_T,_T,_Z,_Z,_Z,2019,A,PPP,
11166.203714,P1Y,0,,A,PU,_Z,2,,,False,WB_WDI,WB_WDI_NY_GDP_PCAP_PP_CD,LMY,_T,_T,_T,_Z,_Z,_Z,2019,A,PPP,
2019.665389,P1Y,0,,A,PU,_Z,2,,,False,WB_WDI,WB_WDI_NY_GDP_PCAP_PP_CD,LIC,_T,_T,_T,_Z,_Z,_Z,2019,A,PPP,
7158.470923,P1Y,0,,A,PU,_Z,2,,,False,WB_WDI,WB_WDI_NY_GDP_PCAP_PP_CD,LMC,_T,_T,_T,_Z,_Z,_Z,2019,A,PPP,
12982.647366,P1Y,0,,A,PU,_Z,2,,,False,WB_WDI,WB_WDI_NY_GDP_PCAP_PP_CD,MEA,_T,_T,_T,_Z,_Z,_Z,2019,A,PPP,
8763.989759,P1Y,0,,A,PU,_Z,2,,,False,WB_WDI,WB_WDI_NY_GDP_PCAP_PP_CD,MNA,_T,_T,_T,_Z,_Z,_Z,2019,A,PPP,
8780.399406,P1Y,0,,A,PU,_Z,2,,,False,WB_WDI,WB_WDI_NY_GDP_PCAP_PP_CD,TMN,_T,_T,_T,_Z,_Z,_Z,2019,A,PPP,
12046.774735,P1Y,0,,A,PU,_Z,2,,,False,WB_WDI,WB_WDI_NY_GDP_PCAP_PP_CD,MIC,_T,_T,_T,_Z,_Z,_Z,2019,A,PPP,
63726.413339,P1Y,0,,A,PU,_Z,2,,,False,WB_WDI,WB_WDI_NY_GDP_PCAP_PP_CD,NAC,_T,_T,_T,_Z,_Z,_Z,2019,A,PPP,
47429.29203,P1Y,0,,A,PU,_Z,2,,,False,WB_WDI,WB_WDI_NY_GDP_PCAP_PP_CD,OED,_T,_T,_T,_Z,_Z,_Z,2019,A,PPP,
15791.171476,P1Y,0,,A,PU,_Z,2,,,False,WB_WDI,WB_WDI_NY_GDP_PCAP_PP_CD,THA,_T,_T,_T,_Z,_Z,_Z,2015,A,PPP,
3107.571846,P1Y,0,,A,PU,_Z,2,,,False,WB_WDI,WB_WDI_NY_GDP_PCAP_PP_CD,TLS,_T,_T,_T,_Z,_Z,_Z,2015,A,PPP,
1879.668355,P1Y,0,,A,PU,_Z,2,,,False,WB_WDI,WB_WDI_NY_GDP_PCAP_PP_CD,TGO,_T,_T,_T,_Z,_Z,_Z,2015,A,PPP,
5471.796794,P1Y,0,,A,PU,_Z,2,,,False,WB_WDI,WB_WDI_NY_GDP_PCAP_PP_CD,TON,_T,_T,_T,_Z,_Z,_Z,2015,A,PPP,
29825.462875,P1Y,0,,A,PU,_Z,2,,,False,WB_WDI,WB_WDI_NY_GDP_PCAP_PP_CD,TTO,_T,_T,_T,_Z,_Z,_Z,2015,A,PPP,
10782.543838,P1Y,0,,A,PU,_Z,2,,,False,WB_WDI,WB_WDI_NY_GDP_PCAP_PP_CD,TUN,_T,_T,_T,_Z,_Z,_Z,2015,A,PPP,
25890.05489,P1Y,0,,A,PU,_Z,2,,,False,WB_WDI,WB_WDI_NY_GDP_PCAP_PP_CD,TUR,_T,_T,_T,_Z,_Z,_Z,2015,A,PPP,
12714.813724,P1Y,0,,A,PU,_Z,2,,,False,WB_WDI,WB_WDI_NY_GDP_PCAP_PP_CD,TKM,_T,_T,_T,_Z,_Z,_Z,2015,A,PPP,
27484.641443,P1Y,0,,A,PU,_Z,2,,,False,WB_WDI,WB_WDI_NY_GDP_PCAP_PP_CD,TCA,_T,_T,_T,_Z,_Z,_Z,2015,A,PPP,
3775.755659,P1Y,0,,A,PU,_Z,2,,,False,WB_WDI,WB_WDI_NY_GDP_PCAP_PP_CD,TUV,_T,_T,_T,_Z,_Z,_Z,2015,A,PPP,
2189.964859,P1Y,0,,A,PU,_Z,2,,,False,WB_WDI,WB_WDI_NY_GDP_PCAP_PP_CD,UGA,_T,_T,_T,_Z,_Z,_Z,2015,A,PPP,
9921.833984,P1Y,0,,A,PU,_Z,2,,,False,WB_WDI,WB_WDI_NY_GDP_PCAP_PP_CD,UKR,_T,_T,_T,_Z,_Z,_Z,2015,A,PPP,
4715.134316,P1Y,0,,A,PU,_Z,2,,,False,WB_WDI,WB_WDI_NY_GDP_PCAP_PP_CD,COG,_T,_T,_T,_Z,_Z,_Z,2015,A,PPP,
17525.140463,P1Y,0,,A,PU,_Z,2,,,False,WB_WDI,WB_WDI_NY_GDP_PCAP_PP_CD,CRI,_T,_T,_T,_Z,_Z,_Z,2015,A,PPP,
4403.642966,P1Y,0,,A,PU,_Z,2,,,False,WB_WDI,WB_WDI_NY_GDP_PCAP_PP_CD,CIV,_T,_T,_T,_Z,_Z,_Z,2015,A,PPP,
23749.636748,P1Y,0,,A,PU,_Z,2,,,False,WB_WDI,WB_WDI_NY_GDP_PCAP_PP_CD,HRV,_T,_T,_T,_Z,_Z,_Z,2015,A,PPP,
24037.648578,P1Y,0,,A,PU,_Z,2,,,False,WB_WDI,WB_WDI_NY_GDP_PCAP_PP_CD,CUW,_T,_T,_T,_Z,_Z,_Z,2015,A,PPP,
31380.199219,P1Y,0,,A,PU,_Z,2,,,False,WB_WDI,WB_WDI_NY_GDP_PCAP_PP_CD,CYP,_T,_T,_T,_Z,_Z,_Z,2015,A,PPP,
34093.028059,P1Y,0,,A,PU,_Z,2,,,False,WB_WDI,WB_WDI_NY_GDP_PCAP_PP_CD,CZE,_T,_T,_T,_Z,_Z,_Z,2015,A,PPP,
48897.209978,P1Y,0,,A,PU,_Z,2,,,False,WB_WDI,WB_WDI_NY_GDP_PCAP_PP_CD,DNK,_T,_T,_T,_Z,_Z,_Z,2015,A,PPP,
4263.962889,P1Y,0,,A,PU,_Z,2,,,False,WB_WDI,WB_WDI_NY_GDP_PCAP_PP_CD,DJI,_T,_T,_T,_Z,_Z,_Z,2015,A,PPP,
12092.731599,P1Y,0,,A,PU,_Z,2,,,False,WB_WDI,WB_WDI_NY_GDP_PCAP_PP_CD,DMA,_T,_T,_T,_Z,_Z,_Z,2015,A,PPP,
914.227366,P1Y,0,,A,PU,_Z,2,,,False,WB_WDI,WB_WDI_NY_GDP_PCAP_PP_CD,RWA,_T,_T,_T,_Z,_Z,_Z,2005,A,PPP,
4378.594432,P1Y,0,,A,PU,_Z,2,,,False,WB_WDI,WB_WDI_NY_GDP_PCAP_PP_CD,WSM,_T,_T,_T,_Z,_Z,_Z,2005,A,PPP,
63738.573872,P1Y,0,,A,PU,_Z,2,,,False,WB_WDI,WB_WDI_NY_GDP_PCAP_PP_CD,SMR,_T,_T,_T,_Z,_Z,_Z,2005,A,PPP,
2329.01423,P1Y,0,,A,PU,_Z,2,,,False,WB_WDI,WB_WDI_NY_GDP_PCAP_PP_CD,STP,_T,_T,_T,_Z,_Z,_Z,2005,A,PPP,
53548.196493,P1Y,0,,A,PU,_Z,2,,,False,WB_WDI,WB_WDI_NY_GDP_PCAP_PP_CD,SAU,_T,_T,_T,_Z,_Z,_Z,2005,A,PPP,
2350.20037,P1Y,0,,A,PU,_Z,2,,,False,WB_WDI,WB_WDI_NY_GDP_PCAP_PP_CD,SEN,_T,_T,_T,_Z,_Z,_Z,2005,A,PPP,
9397.603132,P1Y,0,,A,PU,_Z,2,,,False,WB_WDI,WB_WDI_NY_GDP_PCAP_PP_CD,SRB,_T,_T,_T,_Z,_Z,_Z,2005,A,PPP,
15846.051403,P1Y,0,,A,PU,_Z,2,,,False,WB_WDI,WB_WDI_NY_GDP_PCAP_PP_CD,SYC,_T,_T,_T,_Z,_Z,_Z,2005,A,PPP,
1614.503619,P1Y,0,,A,PU,_Z,2,,,False,WB_WDI,WB_WDI_NY_GDP_PCAP_PP_CD,SLE,_T,_T,_T,_Z,_Z,_Z,2005,A,PPP,
58821.693465,P1Y,0,,A,PU,_Z,2,,,False,WB_WDI,WB_WDI_NY_GDP_PCAP_PP_CD,SGP,_T,_T,_T,_Z,_Z,_Z,2005,A,PPP,
16570.25742,P1Y,0,,A,PU,_Z,2,,,False,WB_WDI,WB_WDI_NY_GDP_PCAP_PP_CD,SVK,_T,_T,_T,_Z,_Z,_Z,2005,A,PPP,
23682.371085,P1Y,0,,A,PU,_Z,2,,,False,WB_WDI,WB_WDI_NY_GDP_PCAP_PP_CD,SVN,_T,_T,_T,_Z,_Z,_Z,2005,A,PPP,
22243.074773,P1Y,0,,A,PU,_Z,2,,,False,WB_WDI,WB_WDI_NY_GDP_PCAP_PP_CD,THA,_T,_T,_T,_Z,_Z,_Z,2022,A,PPP,
5729.811714,P1Y,0,,A,PU,_Z,2,,,False,WB_WDI,WB_WDI_NY_GDP_PCAP_PP_CD,TLS,_T,_T,_T,_Z,_Z,_Z,2022,A,PPP,
2935.013673,P1Y,0,,A,PU,_Z,2,,,False,WB_WDI,WB_WDI_NY_GDP_PCAP_PP_CD,TGO,_T,_T,_T,_Z,_Z,_Z,2022,A,PPP,
7296.170821,P1Y,0,,A,PU,_Z,2,,,False,WB_WDI,WB_WDI_NY_GDP_PCAP_PP_CD,TON,_T,_T,_T,_Z,_Z,_Z,2022,A,PPP,
32978.858576,P1Y,0,,A,PU,_Z,2,,,False,WB_WDI,WB_WDI_NY_GDP_PCAP_PP_CD,TTO,_T,_T,_T,_Z,_Z,_Z,2022,A,PPP,
13618.538992,P1Y,0,,A,PU,_Z,2,,,False,WB_WDI,WB_WDI_NY_GDP_PCAP_PP_CD,TUN,_T,_T,_T,_Z,_Z,_Z,2022,A,PPP,
39564.110327,P1Y,0,,A,PU,_Z,2,,,False,WB_WDI,WB_WDI_NY_GDP_PCAP_PP_CD,TUR,_T,_T,_T,_Z,_Z,_Z,2022,A,PPP,
18340.111281,P1Y,0,,A,PU,_Z,2,,,False,WB_WDI,WB_WDI_NY_GDP_PCAP_PP_CD,TKM,_T,_T,_T,_Z,_Z,_Z,2022,A,PPP,
30220.824014,P1Y,0,,A,PU,_Z,2,,,False,WB_WDI,WB_WDI_NY_GDP_PCAP_PP_CD,TCA,_T,_T,_T,_Z,_Z,_Z,2022,A,PPP,
5661.143848,P1Y,0,,A,PU,_Z,2,,,False,WB_WDI,WB_WDI_NY_GDP_PCAP_PP_CD,TUV,_T,_T,_T,_Z,_Z,_Z,2022,A,PPP,
2919.177754,P1Y,0,,A,PU,_Z,2,,,False,WB_WDI,WB_WDI_NY_GDP_PCAP_PP_CD,UGA,_T,_T,_T,_Z,_Z,_Z,2022,A,PPP,
14770.071289,P1Y,0,,A,PU,_Z,2,,,False,WB_WDI,WB_WDI_NY_GDP_PCAP_PP_CD,UKR,_T,_T,_T,_Z,_Z,_Z,2022,A,PPP,
75071.65863,P1Y,0,,A,PU,_Z,2,,,False,WB_WDI,WB_WDI_NY_GDP_PCAP_PP_CD,ARE,_T,_T,_T,_Z,_Z,_Z,2022,A,PPP,
3334.977916,P1Y,0,,A,PU,_Z,2,,,False,WB_WDI,WB_WDI_NY_GDP_PCAP_PP_CD,WSM,_T,_T,_T,_Z,_Z,_Z,2001,A,PPP,
57251.795597,P1Y,0,,A,PU,_Z,2,,,False,WB_WDI,WB_WDI_NY_GDP_PCAP_PP_CD,SMR,_T,_T,_T,_Z,_Z,_Z,2001,A,PPP,
1897.874111,P1Y,0,,A,PU,_Z,2,,,False,WB_WDI,WB_WDI_NY_GDP_PCAP_PP_CD,STP,_T,_T,_T,_Z,_Z,_Z,2001,A,PPP,
47380.803156,P1Y,0,,A,PU,_Z,2,,,False,WB_WDI,WB_WDI_NY_GDP_PCAP_PP_CD,SAU,_T,_T,_T,_Z,_Z,_Z,2001,A,PPP,
2043.852895,P1Y,0,,A,PU,_Z,2,,,False,WB_WDI,WB_WDI_NY_GDP_PCAP_PP_CD,SEN,_T,_T,_T,_Z,_Z,_Z,2001,A,PPP,
6802.748466,P1Y,0,,A,PU,_Z,2,,,False,WB_WDI,WB_WDI_NY_GDP_PCAP_PP_CD,SRB,_T,_T,_T,_Z,_Z,_Z,2001,A,PPP,
14614.832993,P1Y,0,,A,PU,_Z,2,,,False,WB_WDI,WB_WDI_NY_GDP_PCAP_PP_CD,SYC,_T,_T,_T,_Z,_Z,_Z,2001,A,PPP,
1121.242601,P1Y,0,,A,PU,_Z,2,,,False,WB_WDI,WB_WDI_NY_GDP_PCAP_PP_CD,SLE,_T,_T,_T,_Z,_Z,_Z,2001,A,PPP,
43109.064194,P1Y,0,,A,PU,_Z,2,,,False,WB_WDI,WB_WDI_NY_GDP_PCAP_PP_CD,SGP,_T,_T,_T,_Z,_Z,_Z,2001,A,PPP,
12367.339152,P1Y,0,,A,PU,_Z,2,,,False,WB_WDI,WB_WDI_NY_GDP_PCAP_PP_CD,SVK,_T,_T,_T,_Z,_Z,_Z,2001,A,PPP,
18763.471591,P1Y,0,,A,PU,_Z,2,,,False,WB_WDI,WB_WDI_NY_GDP_PCAP_PP_CD,SVN,_T,_T,_T,_Z,_Z,_Z,2001,A,PPP,
1387.195869,P1Y,0,,A,PU,_Z,2,,,False,WB_WDI,WB_WDI_NY_GDP_PCAP_PP_CD,SLB,_T,_T,_T,_Z,_Z,_Z,2001,A,PPP,
491.52733,P1Y,0,,A,PU,_Z,2,,,False,WB_WDI,WB_WDI_NY_GDP_PCAP_PP_CD,SOM,_T,_T,_T,_Z,_Z,_Z,2001,A,PPP,
8428.316817,P1Y,0,,A,PU,_Z,2,,,False,WB_WDI,WB_WDI_NY_GDP_PCAP_PP_CD,ZAF,_T,_T,_T,_Z,_Z,_Z,2001,A,PPP,
30255.391009,P1Y,0,,A,PU,_Z,2,,,False,WB_WDI,WB_WDI_NY_GDP_PCAP_PP_CD,KOR,_T,_T,_T,_Z,_Z,_Z,2007,A,PPP,
91434.904385,P1Y,0,,A,PU,_Z,2,,,False,WB_WDI,WB_WDI_NY_GDP_PCAP_PP_CD,KWT,_T,_T,_T,_Z,_Z,_Z,2007,A,PPP,
2769.895085,P1Y,0,,A,PU,_Z,2,,,False,WB_WDI,WB_WDI_NY_GDP_PCAP_PP_CD,KGZ,_T,_T,_T,_Z,_Z,_Z,2007,A,PPP,
3021.441731,P1Y,0,,A,PU,_Z,2,,,False,WB_WDI,WB_WDI_NY_GDP_PCAP_PP_CD,LAO,_T,_T,_T,_Z,_Z,_Z,2007,A,PPP,
16245.534099,P1Y,0,,A,PU,_Z,2,,,False,WB_WDI,WB_WDI_NY_GDP_PCAP_PP_CD,LVA,_T,_T,_T,_Z,_Z,_Z,2007,A,PPP,
11355.662976,P1Y,0,,A,PU,_Z,2,,,False,WB_WDI,WB_WDI_NY_GDP_PCAP_PP_CD,LBN,_T,_T,_T,_Z,_Z,_Z,2007,A,PPP,
1932.426662,P1Y,0,,A,PU,_Z,2,,,False,WB_WDI,WB_WDI_NY_GDP_PCAP_PP_CD,LSO,_T,_T,_T,_Z,_Z,_Z,2007,A,PPP,
872.584646,P1Y,0,,A,PU,_Z,2,,,False,WB_WDI,WB_WDI_NY_GDP_PCAP_PP_CD,LBR,_T,_T,_T,_Z,_Z,_Z,2007,A,PPP,
30928.942281,P1Y,0,,A,PU,_Z,2,,,False,WB_WDI,WB_WDI_NY_GDP_PCAP_PP_CD,LBY,_T,_T,_T,_Z,_Z,_Z,2007,A,PPP,
17968.644584,P1Y,0,,A,PU,_Z,2,,,False,WB_WDI,WB_WDI_NY_GDP_PCAP_PP_CD,LTU,_T,_T,_T,_Z,_Z,_Z,2007,A,PPP,
85126.139387,P1Y,0,,A,PU,_Z,2,,,False,WB_WDI,WB_WDI_NY_GDP_PCAP_PP_CD,LUX,_T,_T,_T,_Z,_Z,_Z,2007,A,PPP,
69048.988404,P1Y,0,,A,PU,_Z,2,,,False,WB_WDI,WB_WDI_NY_GDP_PCAP_PP_CD,DEU,_T,_T,_T,_Z,_Z,_Z,2022,A,PPP,
7208.15799,P1Y,0,,A,PU,_Z,2,,,False,WB_WDI,WB_WDI_NY_GDP_PCAP_PP_CD,GHA,_T,_T,_T,_Z,_Z,_Z,2022,A,PPP,
39612.440638,P1Y,0,,A,PU,_Z,2,,,False,WB_WDI,WB_WDI_NY_GDP_PCAP_PP_CD,GRC,_T,_T,_T,_Z,_Z,_Z,2022,A,PPP,
75720.429822,P1Y,0,,A,PU,_Z,2,,,False,WB_WDI,WB_WDI_NY_GDP_PCAP_PP_CD,GRL,_T,_T,_T,_Z,_Z,_Z,2022,A,PPP,
17543.98156,P1Y,0,,A,PU,_Z,2,,,False,WB_WDI,WB_WDI_NY_GDP_PCAP_PP_CD,GRD,_T,_T,_T,_Z,_Z,_Z,2022,A,PPP,
13014.015381,P1Y,0,,A,PU,_Z,2,,,False,WB_WDI,WB_WDI_NY_GDP_PCAP_PP_CD,GTM,_T,_T,_T,_Z,_Z,_Z,2022,A,PPP,
4062.361364,P1Y,0,,A,PU,_Z,2,,,False,WB_WDI,WB_WDI_NY_GDP_PCAP_PP_CD,GIN,_T,_T,_T,_Z,_Z,_Z,2022,A,PPP,
2788.837739,P1Y,0,,A,PU,_Z,2,,,False,WB_WDI,WB_WDI_NY_GDP_PCAP_PP_CD,GNB,_T,_T,_T,_Z,_Z,_Z,2022,A,PPP,
39710.969561,P1Y,0,,A,PU,_Z,2,,,False,WB_WDI,WB_WDI_NY_GDP_PCAP_PP_CD,GUY,_T,_T,_T,_Z,_Z,_Z,2022,A,PPP,
3275.407181,P1Y,0,,A,PU,_Z,2,,,False,WB_WDI,WB_WDI_NY_GDP_PCAP_PP_CD,HTI,_T,_T,_T,_Z,_Z,_Z,2022,A,PPP,
6805.493583,P1Y,0,,A,PU,_Z,2,,,False,WB_WDI,WB_WDI_NY_GDP_PCAP_PP_CD,HND,_T,_T,_T,_Z,_Z,_Z,2022,A,PPP,
68602.12579,P1Y,0,,A,PU,_Z,2,,,False,WB_WDI,WB_WDI_NY_GDP_PCAP_PP_CD,HKG,_T,_T,_T,_Z,_Z,_Z,2022,A,PPP,
51398.93104,P1Y,0,,A,PU,_Z,2,,,False,WB_WDI,WB_WDI_NY_GDP_PCAP_PP_CD,ESP,_T,_T,_T,_Z,_Z,_Z,2022,A,PPP,
14193.654622,P1Y,0,,A,PU,_Z,2,,,False,WB_WDI,WB_WDI_NY_GDP_PCAP_PP_CD,LKA,_T,_T,_T,_Z,_Z,_Z,2022,A,PPP,
31870.881378,P1Y,0,,A,PU,_Z,2,,,False,WB_WDI,WB_WDI_NY_GDP_PCAP_PP_CD,KNA,_T,_T,_T,_Z,_Z,_Z,2022,A,PPP,
24599.3733,P1Y,0,,A,PU,_Z,2,,,False,WB_WDI,WB_WDI_NY_GDP_PCAP_PP_CD,LCA,_T,_T,_T,_Z,_Z,_Z,2022,A,PPP,
18035.273293,P1Y,0,,A,PU,_Z,2,,,False,WB_WDI,WB_WDI_NY_GDP_PCAP_PP_CD,VCT,_T,_T,_T,_Z,_Z,_Z,2022,A,PPP,
3355.378174,P1Y,0,,A,PU,_Z,2,,,False,WB_WDI,WB_WDI_NY_GDP_PCAP_PP_CD,SDN,_T,_T,_T,_Z,_Z,_Z,2022,A,PPP,
20078.836555,P1Y,0,,A,PU,_Z,2,,,False,WB_WDI,WB_WDI_NY_GDP_PCAP_PP_CD,SUR,_T,_T,_T,_Z,_Z,_Z,2022,A,PPP,
67075.676272,P1Y,0,,A,PU,_Z,2,,,False,WB_WDI,WB_WDI_NY_GDP_PCAP_PP_CD,SWE,_T,_T,_T,_Z,_Z,_Z,2022,A,PPP,
94421.457655,P1Y,0,,A,PU,_Z,2,,,False,WB_WDI,WB_WDI_NY_GDP_PCAP_PP_CD,CHE,_T,_T,_T,_Z,_Z,_Z,2022,A,PPP,
4772.461677,P1Y,0,,A,PU,_Z,2,,,True,WB_WDI,WB_WDI_NY_GDP_PCAP_PP_CD,SYR,_T,_T,_T,_Z,_Z,_Z,2022,A,PPP,
4514.175124,P1Y,0,,A,PU,_Z,2,,,False,WB_WDI,WB_WDI_NY_GDP_PCAP_PP_CD,TJK,_T,_T,_T,_Z,_Z,_Z,2022,A,PPP,
3799.862305,P1Y,0,,A,PU,_Z,2,,,False,WB_WDI,WB_WDI_NY_GDP_PCAP_PP_CD,TZA,_T,_T,_T,_Z,_Z,_Z,2022,A,PPP,
36181.156617,P1Y,0,,A,PU,_Z,2,,,True,WB_WDI,WB_WDI_NY_GDP_PCAP_PP_CD,CHL,_T,_T,_T,_Z,_Z,_Z,2024,A,PPP,
27104.870268,P1Y,0,,A,PU,_Z,2,,,True,WB_WDI,WB_WDI_NY_GDP_PCAP_PP_CD,CHN,_T,_T,_T,_Z,_Z,_Z,2024,A,PPP,
22349.43644,P1Y,0,,A,PU,_Z,2,,,True,WB_WDI,WB_WDI_NY_GDP_PCAP_PP_CD,COL,_T,_T,_T,_Z,_Z,_Z,2024,A,PPP,
3958.532288,P1Y,0,,A,PU,_Z,2,,,True,WB_WDI,WB_WDI_NY_GDP_PCAP_PP_CD,COM,_T,_T,_T,_Z,_Z,_Z,2024,A,PPP,
1821.048687,P1Y,0,,A,PU,_Z,2,,,True,WB_WDI,WB_WDI_NY_GDP_PCAP_PP_CD,COD,_T,_T,_T,_Z,_Z,_Z,2024,A,PPP,
7026.362233,P1Y,0,,A,PU,_Z,2,,,True,WB_WDI,WB_WDI_NY_GDP_PCAP_PP_CD,COG,_T,_T,_T,_Z,_Z,_Z,2024,A,PPP,
31106.764356,P1Y,0,,A,PU,_Z,2,,,True,WB_WDI,WB_WDI_NY_GDP_PCAP_PP_CD,CRI,_T,_T,_T,_Z,_Z,_Z,2024,A,PPP,
7669.231957,P1Y,0,,A,PU,_Z,2,,,True,WB_WDI,WB_WDI_NY_GDP_PCAP_PP_CD,CIV,_T,_T,_T,_Z,_Z,_Z,2024,A,PPP,
49550.792151,P1Y,0,,A,PU,_Z,2,,,True,WB_WDI,WB_WDI_NY_GDP_PCAP_PP_CD,HRV,_T,_T,_T,_Z,_Z,_Z,2024,A,PPP,
32693.293976,P1Y,0,,A,PU,_Z,2,,,True,WB_WDI,WB_WDI_NY_GDP_PCAP_PP_CD,CUW,_T,_T,_T,_Z,_Z,_Z,2024,A,PPP,
63006.613281,P1Y,0,,A,PU,_Z,2,,,True,WB_WDI,WB_WDI_NY_GDP_PCAP_PP_CD,CYP,_T,_T,_T,_Z,_Z,_Z,2024,A,PPP,
57285.4237,P1Y,0,,A,PU,_Z,2,,,True,WB_WDI,WB_WDI_NY_GDP_PCAP_PP_CD,CZE,_T,_T,_T,_Z,_Z,_Z,2024,A,PPP,
81878.234985,P1Y,0,,A,PU,_Z,2,,,True,WB_WDI,WB_WDI_NY_GDP_PCAP_PP_CD,DNK,_T,_T,_T,_Z,_Z,_Z,2024,A,PPP,
7810.278691,P1Y,0,,A,PU,_Z,2,,,True,WB_WDI,WB_WDI_NY_GDP_PCAP_PP_CD,DJI,_T,_T,_T,_Z,_Z,_Z,2024,A,PPP,
21300.68487,P1Y,0,,A,PU,_Z,2,,,True,WB_WDI,WB_WDI_NY_GDP_PCAP_PP_CD,DMA,_T,_T,_T,_Z,_Z,_Z,2024,A,PPP,
3365.45809,P1Y,0,,A,PU,_Z,2,,,True,WB_WDI,WB_WDI_NY_GDP_PCAP_PP_CD,TGO,_T,_T,_T,_Z,_Z,_Z,2024,A,PPP,
36328.513007,P1Y,0,,A,PU,_Z,2,,,True,WB_WDI,WB_WDI_NY_GDP_PCAP_PP_CD,TTO,_T,_T,_T,_Z,_Z,_Z,2024,A,PPP,
14521.008094,P1Y,0,,A,PU,_Z,2,,,True,WB_WDI,WB_WDI_NY_GDP_PCAP_PP_CD,TUN,_T,_T,_T,_Z,_Z,_Z,2024,A,PPP,
45639.019274,P1Y,0,,A,PU,_Z,2,,,True,WB_WDI,WB_WDI_NY_GDP_PCAP_PP_CD,TUR,_T,_T,_T,_Z,_Z,_Z,2024,A,PPP,
21213.08625,P1Y,0,,A,PU,_Z,2,,,True,WB_WDI,WB_WDI_NY_GDP_PCAP_PP_CD,TKM,_T,_T,_T,_Z,_Z,_Z,2024,A,PPP,
37954.387654,P1Y,0,,A,PU,_Z,2,,,True,WB_WDI,WB_WDI_NY_GDP_PCAP_PP_CD,TCA,_T,_T,_T,_Z,_Z,_Z,2024,A,PPP,
3273.267174,P1Y,0,,A,PU,_Z,2,,,True,WB_WDI,WB_WDI_NY_GDP_PCAP_PP_CD,UGA,_T,_T,_T,_Z,_Z,_Z,2024,A,PPP,
18548.859375,P1Y,0,,A,PU,_Z,2,,,True,WB_WDI,WB_WDI_NY_GDP_PCAP_PP_CD,UKR,_T,_T,_T,_Z,_Z,_Z,2024,A,PPP,
79228.738801,P1Y,0,,A,PU,_Z,2,,,True,WB_WDI,WB_WDI_NY_GDP_PCAP_PP_CD,ARE,_T,_T,_T,_Z,_Z,_Z,2024,A,PPP,
62009.490777,P1Y,0,,A,PU,_Z,2,,,True,WB_WDI,WB_WDI_NY_GDP_PCAP_PP_CD,GBR,_T,_T,_T,_Z,_Z,_Z,2024,A,PPP,
85809.900385,P1Y,0,,A,PU,_Z,2,,,True,WB_WDI,WB_WDI_NY_GDP_PCAP_PP_CD,USA,_T,_T,_T,_Z,_Z,_Z,2024,A,PPP,
36417.874162,P1Y,0,,A,PU,_Z,2,,,True,WB_WDI,WB_WDI_NY_GDP_PCAP_PP_CD,URY,_T,_T,_T,_Z,_Z,_Z,2024,A,PPP,
11878.552871,P1Y,0,,A,PU,_Z,2,,,True,WB_WDI,WB_WDI_NY_GDP_PCAP_PP_CD,UZB,_T,_T,_T,_Z,_Z,_Z,2024,A,PPP,
3605.607367,P1Y,0,,A,PU,_Z,2,,,True,WB_WDI,WB_WDI_NY_GDP_PCAP_PP_CD,VUT,_T,_T,_T,_Z,_Z,_Z,2024,A,PPP,
16385.506557,P1Y,0,,A,PU,_Z,2,,,True,WB_WDI,WB_WDI_NY_GDP_PCAP_PP_CD,VNM,_T,_T,_T,_Z,_Z,_Z,2024,A,PPP,
3543.887322,P1Y,0,,A,PU,_Z,2,,,False,WB_WDI,WB_WDI_NY_GDP_PCAP_PP_CD,TSA,_T,_T,_T,_Z,_Z,_Z,2008,A,PPP,
3470.886611,P1Y,0,,A,PU,_Z,2,,,False,WB_WDI,WB_WDI_NY_GDP_PCAP_PP_CD,SSF,_T,_T,_T,_Z,_Z,_Z,2008,A,PPP,
3764.31471,P1Y,0,,A,PU,_Z,2,,,False,WB_WDI,WB_WDI_NY_GDP_PCAP_PP_CD,SSA,_T,_T,_T,_Z,_Z,_Z,2008,A,PPP,
3470.886611,P1Y,0,,A,PU,_Z,2,,,False,WB_WDI,WB_WDI_NY_GDP_PCAP_PP_CD,TSS,_T,_T,_T,_Z,_Z,_Z,2008,A,PPP,
9935.594284,P1Y,0,,A,PU,_Z,2,,,False,WB_WDI,WB_WDI_NY_GDP_PCAP_PP_CD,UMC,_T,_T,_T,_Z,_Z,_Z,2008,A,PPP,
12345.914635,P1Y,0,,A,PU,_Z,2,,,False,WB_WDI,WB_WDI_NY_GDP_PCAP_PP_CD,WLD,_T,_T,_T,_Z,_Z,_Z,2008,A,PPP,
1333.747267,P1Y,0,,A,PU,_Z,2,,,False,WB_WDI,WB_WDI_NY_GDP_PCAP_PP_CD,AFG,_T,_T,_T,_Z,_Z,_Z,2008,A,PPP,
8469.245375,P1Y,0,,A,PU,_Z,2,,,False,WB_WDI,WB_WDI_NY_GDP_PCAP_PP_CD,ALB,_T,_T,_T,_Z,_Z,_Z,2008,A,PPP,
13666.218196,P1Y,0,,A,PU,_Z,2,,,False,WB_WDI,WB_WDI_NY_GDP_PCAP_PP_CD,DZA,_T,_T,_T,_Z,_Z,_Z,2008,A,PPP,
44838.994999,P1Y,0,,A,PU,_Z,2,,,False,WB_WDI,WB_WDI_NY_GDP_PCAP_PP_CD,AND,_T,_T,_T,_Z,_Z,_Z,2008,A,PPP,
7315.602331,P1Y,0,,A,PU,_Z,2,,,False,WB_WDI,WB_WDI_NY_GDP_PCAP_PP_CD,AGO,_T,_T,_T,_Z,_Z,_Z,2008,A,PPP,
29978.209586,P1Y,0,,A,PU,_Z,2,,,False,WB_WDI,WB_WDI_NY_GDP_PCAP_PP_CD,ATG,_T,_T,_T,_Z,_Z,_Z,2008,A,PPP,
8404.297878,P1Y,0,,A,PU,_Z,2,,,False,WB_WDI,WB_WDI_NY_GDP_PCAP_PP_CD,MEA,_T,_T,_T,_Z,_Z,_Z,2001,A,PPP,
5589.505305,P1Y,0,,A,PU,_Z,2,,,False,WB_WDI,WB_WDI_NY_GDP_PCAP_PP_CD,MNA,_T,_T,_T,_Z,_Z,_Z,2001,A,PPP,
5609.724125,P1Y,0,,A,PU,_Z,2,,,False,WB_WDI,WB_WDI_NY_GDP_PCAP_PP_CD,TMN,_T,_T,_T,_Z,_Z,_Z,2001,A,PPP,
4082.085823,P1Y,0,,A,PU,_Z,2,,,False,WB_WDI,WB_WDI_NY_GDP_PCAP_PP_CD,MIC,_T,_T,_T,_Z,_Z,_Z,2001,A,PPP,
36461.403076,P1Y,0,,A,PU,_Z,2,,,False,WB_WDI,WB_WDI_NY_GDP_PCAP_PP_CD,NAC,_T,_T,_T,_Z,_Z,_Z,2001,A,PPP,
25488.89513,P1Y,0,,A,PU,_Z,2,,,False,WB_WDI,WB_WDI_NY_GDP_PCAP_PP_CD,OED,_T,_T,_T,_Z,_Z,_Z,2001,A,PPP,
10537.762781,P1Y,0,,A,PU,_Z,2,,,False,WB_WDI,WB_WDI_NY_GDP_PCAP_PP_CD,OSS,_T,_T,_T,_Z,_Z,_Z,2001,A,PPP,
3741.688284,P1Y,0,,A,PU,_Z,2,,,False,WB_WDI,WB_WDI_NY_GDP_PCAP_PP_CD,PSS,_T,_T,_T,_Z,_Z,_Z,2001,A,PPP,
27946.06405,P1Y,0,,A,PU,_Z,2,,,False,WB_WDI,WB_WDI_NY_GDP_PCAP_PP_CD,PST,_T,_T,_T,_Z,_Z,_Z,2001,A,PPP,
2332.197447,P1Y,0,,A,PU,_Z,2,,,False,WB_WDI,WB_WDI_NY_GDP_PCAP_PP_CD,PRE,_T,_T,_T,_Z,_Z,_Z,2001,A,PPP,
10069.014483,P1Y,0,,A,PU,_Z,2,,,False,WB_WDI,WB_WDI_NY_GDP_PCAP_PP_CD,SST,_T,_T,_T,_Z,_Z,_Z,2001,A,PPP,
2153.167612,P1Y,0,,A,PU,_Z,2,,,False,WB_WDI,WB_WDI_NY_GDP_PCAP_PP_CD,SAS,_T,_T,_T,_Z,_Z,_Z,2001,A,PPP,
2153.167612,P1Y,0,,A,PU,_Z,2,,,False,WB_WDI,WB_WDI_NY_GDP_PCAP_PP_CD,TSA,_T,_T,_T,_Z,_Z,_Z,2001,A,PPP,
2373.650729,P1Y,0,,A,PU,_Z,2,,,False,WB_WDI,WB_WDI_NY_GDP_PCAP_PP_CD,SSF,_T,_T,_T,_Z,_Z,_Z,2001,A,PPP,
2577.807784,P1Y,0,,A,PU,_Z,2,,,False,WB_WDI,WB_WDI_NY_GDP_PCAP_PP_CD,SSA,_T,_T,_T,_Z,_Z,_Z,2001,A,PPP,
9775.828174,P1Y,0,,A,PU,_Z,2,,,True,WB_WDI,WB_WDI_NY_GDP_PCAP_PP_CD,LAO,_T,_T,_T,_Z,_Z,_Z,2024,A,PPP,
43394.273282,P1Y,0,,A,PU,_Z,2,,,True,WB_WDI,WB_WDI_NY_GDP_PCAP_PP_CD,LVA,_T,_T,_T,_Z,_Z,_Z,2024,A,PPP,
3001.16312,P1Y,0,,A,PU,_Z,2,,,True,WB_WDI,WB_WDI_NY_GDP_PCAP_PP_CD,LSO,_T,_T,_T,_Z,_Z,_Z,2024,A,PPP,
1871.044062,P1Y,0,,A,PU,_Z,2,,,True,WB_WDI,WB_WDI_NY_GDP_PCAP_PP_CD,LBR,_T,_T,_T,_Z,_Z,_Z,2024,A,PPP,
14303.808774,P1Y,0,,A,PU,_Z,2,,,True,WB_WDI,WB_WDI_NY_GDP_PCAP_PP_CD,LBY,_T,_T,_T,_Z,_Z,_Z,2024,A,PPP,
55285.899193,P1Y,0,,A,PU,_Z,2,,,True,WB_WDI,WB_WDI_NY_GDP_PCAP_PP_CD,LTU,_T,_T,_T,_Z,_Z,_Z,2024,A,PPP,
155941.288211,P1Y,0,,A,PU,_Z,2,,,True,WB_WDI,WB_WDI_NY_GDP_PCAP_PP_CD,LUX,_T,_T,_T,_Z,_Z,_Z,2024,A,PPP,
126959.917139,P1Y,0,,A,PU,_Z,2,,,True,WB_WDI,WB_WDI_NY_GDP_PCAP_PP_CD,MAC,_T,_T,_T,_Z,_Z,_Z,2024,A,PPP,
1883.537431,P1Y,0,,A,PU,_Z,2,,,True,WB_WDI,WB_WDI_NY_GDP_PCAP_PP_CD,MDG,_T,_T,_T,_Z,_Z,_Z,2024,A,PPP,
1857.61757,P1Y,0,,A,PU,_Z,2,,,True,WB_WDI,WB_WDI_NY_GDP_PCAP_PP_CD,MWI,_T,_T,_T,_Z,_Z,_Z,2024,A,PPP,
38779.283044,P1Y,0,,A,PU,_Z,2,,,True,WB_WDI,WB_WDI_NY_GDP_PCAP_PP_CD,MYS,_T,_T,_T,_Z,_Z,_Z,2024,A,PPP,
26182.783157,P1Y,0,,A,PU,_Z,2,,,True,WB_WDI,WB_WDI_NY_GDP_PCAP_PP_CD,MDV,_T,_T,_T,_Z,_Z,_Z,2024,A,PPP,
3314.773322,P1Y,0,,A,PU,_Z,2,,,True,WB_WDI,WB_WDI_NY_GDP_PCAP_PP_CD,MLI,_T,_T,_T,_Z,_Z,_Z,2024,A,PPP,
69863.746131,P1Y,0,,A,PU,_Z,2,,,True,WB_WDI,WB_WDI_NY_GDP_PCAP_PP_CD,MLT,_T,_T,_T,_Z,_Z,_Z,2024,A,PPP,
8194.638548,P1Y,0,,A,PU,_Z,2,,,True,WB_WDI,WB_WDI_NY_GDP_PCAP_PP_CD,MHL,_T,_T,_T,_Z,_Z,_Z,2024,A,PPP,
8382.045882,P1Y,0,,A,PU,_Z,2,,,False,WB_WDI,WB_WDI_NY_GDP_PCAP_PP_CD,MNA,_T,_T,_T,_Z,_Z,_Z,2013,A,PPP,
8403.64301,P1Y,0,,A,PU,_Z,2,,,False,WB_WDI,WB_WDI_NY_GDP_PCAP_PP_CD,TMN,_T,_T,_T,_Z,_Z,_Z,2013,A,PPP,
9334.896694,P1Y,0,,A,PU,_Z,2,,,False,WB_WDI,WB_WDI_NY_GDP_PCAP_PP_CD,MIC,_T,_T,_T,_Z,_Z,_Z,2013,A,PPP,
52403.758067,P1Y,0,,A,PU,_Z,2,,,False,WB_WDI,WB_WDI_NY_GDP_PCAP_PP_CD,NAC,_T,_T,_T,_Z,_Z,_Z,2013,A,PPP,
38400.616703,P1Y,0,,A,PU,_Z,2,,,False,WB_WDI,WB_WDI_NY_GDP_PCAP_PP_CD,OED,_T,_T,_T,_Z,_Z,_Z,2013,A,PPP,
17079.374363,P1Y,0,,A,PU,_Z,2,,,False,WB_WDI,WB_WDI_NY_GDP_PCAP_PP_CD,OSS,_T,_T,_T,_Z,_Z,_Z,2013,A,PPP,
5468.643375,P1Y,0,,A,PU,_Z,2,,,False,WB_WDI,WB_WDI_NY_GDP_PCAP_PP_CD,PSS,_T,_T,_T,_Z,_Z,_Z,2013,A,PPP,
42150.531607,P1Y,0,,A,PU,_Z,2,,,False,WB_WDI,WB_WDI_NY_GDP_PCAP_PP_CD,PST,_T,_T,_T,_Z,_Z,_Z,2013,A,PPP,
3971.227362,P1Y,0,,A,PU,_Z,2,,,False,WB_WDI,WB_WDI_NY_GDP_PCAP_PP_CD,PRE,_T,_T,_T,_Z,_Z,_Z,2013,A,PPP,
16450.478786,P1Y,0,,A,PU,_Z,2,,,False,WB_WDI,WB_WDI_NY_GDP_PCAP_PP_CD,SST,_T,_T,_T,_Z,_Z,_Z,2013,A,PPP,
4923.133671,P1Y,0,,A,PU,_Z,2,,,False,WB_WDI,WB_WDI_NY_GDP_PCAP_PP_CD,SAS,_T,_T,_T,_Z,_Z,_Z,2013,A,PPP,
4923.133671,P1Y,0,,A,PU,_Z,2,,,False,WB_WDI,WB_WDI_NY_GDP_PCAP_PP_CD,TSA,_T,_T,_T,_Z,_Z,_Z,2013,A,PPP,
3980.582476,P1Y,0,,A,PU,_Z,2,,,False,WB_WDI,WB_WDI_NY_GDP_PCAP_PP_CD,SSF,_T,_T,_T,_Z,_Z,_Z,2013,A,PPP,
27541.662528,P1Y,0,,A,PU,_Z,2,,,True,WB_WDI,WB_WDI_NY_GDP_PCAP_PP_CD,DOM,_T,_T,_T,_Z,_Z,_Z,2024,A,PPP,
15840.266857,P1Y,0,,A,PU,_Z,2,,,True,WB_WDI,WB_WDI_NY_GDP_PCAP_PP_CD,ECU,_T,_T,_T,_Z,_Z,_Z,2024,A,PPP,
19094.144944,P1Y,0,,A,PU,_Z,2,,,True,WB_WDI,WB_WDI_NY_GDP_PCAP_PP_CD,EGY,_T,_T,_T,_Z,_Z,_Z,2024,A,PPP,
13264.027091,P1Y,0,,A,PU,_Z,2,,,True,WB_WDI,WB_WDI_NY_GDP_PCAP_PP_CD,SLV,_T,_T,_T,_Z,_Z,_Z,2024,A,PPP,
17566.760028,P1Y,0,,A,PU,_Z,2,,,True,WB_WDI,WB_WDI_NY_GDP_PCAP_PP_CD,GNQ,_T,_T,_T,_Z,_Z,_Z,2024,A,PPP,
49968.710828,P1Y,0,,A,PU,_Z,2,,,True,WB_WDI,WB_WDI_NY_GDP_PCAP_PP_CD,EST,_T,_T,_T,_Z,_Z,_Z,2024,A,PPP,
11799.202879,P1Y,0,,A,PU,_Z,2,,,True,WB_WDI,WB_WDI_NY_GDP_PCAP_PP_CD,SWZ,_T,_T,_T,_Z,_Z,_Z,2024,A,PPP,
3287.534922,P1Y,0,,A,PU,_Z,2,,,True,WB_WDI,WB_WDI_NY_GDP_PCAP_PP_CD,ETH,_T,_T,_T,_Z,_Z,_Z,2024,A,PPP,
81908.778179,P1Y,0,,A,PU,_Z,2,,,True,WB_WDI,WB_WDI_NY_GDP_PCAP_PP_CD,FRO,_T,_T,_T,_Z,_Z,_Z,2024,A,PPP,
15450.299327,P1Y,0,,A,PU,_Z,2,,,True,WB_WDI,WB_WDI_NY_GDP_PCAP_PP_CD,FJI,_T,_T,_T,_Z,_Z,_Z,2024,A,PPP,
65378.384186,P1Y,0,,A,PU,_Z,2,,,True,WB_WDI,WB_WDI_NY_GDP_PCAP_PP_CD,FIN,_T,_T,_T,_Z,_Z,_Z,2024,A,PPP,
62556.918105,P1Y,0,,A,PU,_Z,2,,,True,WB_WDI,WB_WDI_NY_GDP_PCAP_PP_CD,FRA,_T,_T,_T,_Z,_Z,_Z,2024,A,PPP,
21510.172531,P1Y,0,,A,PU,_Z,2,,,True,WB_WDI,WB_WDI_NY_GDP_PCAP_PP_CD,GAB,_T,_T,_T,_Z,_Z,_Z,2024,A,PPP,
3475.612457,P1Y,0,,A,PU,_Z,2,,,True,WB_WDI,WB_WDI_NY_GDP_PCAP_PP_CD,GMB,_T,_T,_T,_Z,_Z,_Z,2024,A,PPP,
28285.07328,P1Y,0,,A,PU,_Z,2,,,True,WB_WDI,WB_WDI_NY_GDP_PCAP_PP_CD,GEO,_T,_T,_T,_Z,_Z,_Z,2024,A,PPP,
37310.449621,P1Y,0,,A,PU,_Z,2,,,False,WB_WDI,WB_WDI_NY_GDP_PCAP_PP_CD,NAC,_T,_T,_T,_Z,_Z,_Z,2002,A,PPP,
26275.910775,P1Y,0,,A,PU,_Z,2,,,False,WB_WDI,WB_WDI_NY_GDP_PCAP_PP_CD,OED,_T,_T,_T,_Z,_Z,_Z,2002,A,PPP,
10969.893973,P1Y,0,,A,PU,_Z,2,,,False,WB_WDI,WB_WDI_NY_GDP_PCAP_PP_CD,OSS,_T,_T,_T,_Z,_Z,_Z,2002,A,PPP,
3841.808054,P1Y,0,,A,PU,_Z,2,,,False,WB_WDI,WB_WDI_NY_GDP_PCAP_PP_CD,PSS,_T,_T,_T,_Z,_Z,_Z,2002,A,PPP,
28904.770326,P1Y,0,,A,PU,_Z,2,,,False,WB_WDI,WB_WDI_NY_GDP_PCAP_PP_CD,PST,_T,_T,_T,_Z,_Z,_Z,2002,A,PPP,
2430.636889,P1Y,0,,A,PU,_Z,2,,,False,WB_WDI,WB_WDI_NY_GDP_PCAP_PP_CD,PRE,_T,_T,_T,_Z,_Z,_Z,2002,A,PPP,
10508.856989,P1Y,0,,A,PU,_Z,2,,,False,WB_WDI,WB_WDI_NY_GDP_PCAP_PP_CD,SST,_T,_T,_T,_Z,_Z,_Z,2002,A,PPP,
2229.421739,P1Y,0,,A,PU,_Z,2,,,False,WB_WDI,WB_WDI_NY_GDP_PCAP_PP_CD,SAS,_T,_T,_T,_Z,_Z,_Z,2002,A,PPP,
2229.421739,P1Y,0,,A,PU,_Z,2,,,False,WB_WDI,WB_WDI_NY_GDP_PCAP_PP_CD,TSA,_T,_T,_T,_Z,_Z,_Z,2002,A,PPP,
2504.606354,P1Y,0,,A,PU,_Z,2,,,False,WB_WDI,WB_WDI_NY_GDP_PCAP_PP_CD,SSF,_T,_T,_T,_Z,_Z,_Z,2002,A,PPP,
2724.120828,P1Y,0,,A,PU,_Z,2,,,False,WB_WDI,WB_WDI_NY_GDP_PCAP_PP_CD,SSA,_T,_T,_T,_Z,_Z,_Z,2002,A,PPP,
2504.606354,P1Y,0,,A,PU,_Z,2,,,False,WB_WDI,WB_WDI_NY_GDP_PCAP_PP_CD,TSS,_T,_T,_T,_Z,_Z,_Z,2002,A,PPP,
5801.765909,P1Y,0,,A,PU,_Z,2,,,False,WB_WDI,WB_WDI_NY_GDP_PCAP_PP_CD,UMC,_T,_T,_T,_Z,_Z,_Z,2002,A,PPP,
8612.449148,P1Y,0,,A,PU,_Z,2,,,False,WB_WDI,WB_WDI_NY_GDP_PCAP_PP_CD,WLD,_T,_T,_T,_Z,_Z,_Z,2002,A,PPP,
926.507941,P1Y,0,,A,PU,_Z,2,,,False,WB_WDI,WB_WDI_NY_GDP_PCAP_PP_CD,AFG,_T,_T,_T,_Z,_Z,_Z,2002,A,PPP,
83521.83858,P1Y,0,,A,PU,_Z,2,,,True,WB_WDI,WB_WDI_NY_GDP_PCAP_PP_CD,NAC,_T,_T,_T,_Z,_Z,_Z,2024,A,PPP,
61972.888128,P1Y,0,,A,PU,_Z,2,,,True,WB_WDI,WB_WDI_NY_GDP_PCAP_PP_CD,OED,_T,_T,_T,_Z,_Z,_Z,2024,A,PPP,
29352.555751,P1Y,0,,A,PU,_Z,2,,,True,WB_WDI,WB_WDI_NY_GDP_PCAP_PP_CD,OSS,_T,_T,_T,_Z,_Z,_Z,2024,A,PPP,
8214.97073,P1Y,0,,A,PU,_Z,2,,,True,WB_WDI,WB_WDI_NY_GDP_PCAP_PP_CD,PSS,_T,_T,_T,_Z,_Z,_Z,2024,A,PPP,
68080.596537,P1Y,0,,A,PU,_Z,2,,,True,WB_WDI,WB_WDI_NY_GDP_PCAP_PP_CD,PST,_T,_T,_T,_Z,_Z,_Z,2024,A,PPP,
5268.749249,P1Y,0,,A,PU,_Z,2,,,True,WB_WDI,WB_WDI_NY_GDP_PCAP_PP_CD,PRE,_T,_T,_T,_Z,_Z,_Z,2024,A,PPP,
28616.386577,P1Y,0,,A,PU,_Z,2,,,True,WB_WDI,WB_WDI_NY_GDP_PCAP_PP_CD,SST,_T,_T,_T,_Z,_Z,_Z,2024,A,PPP,
10973.710172,P1Y,0,,A,PU,_Z,2,,,True,WB_WDI,WB_WDI_NY_GDP_PCAP_PP_CD,SAS,_T,_T,_T,_Z,_Z,_Z,2024,A,PPP,
10973.710172,P1Y,0,,A,PU,_Z,2,,,True,WB_WDI,WB_WDI_NY_GDP_PCAP_PP_CD,TSA,_T,_T,_T,_Z,_Z,_Z,2024,A,PPP,
5517.421136,P1Y,0,,A,PU,_Z,2,,,True,WB_WDI,WB_WDI_NY_GDP_PCAP_PP_CD,SSF,_T,_T,_T,_Z,_Z,_Z,2024,A,PPP,
5768.027096,P1Y,0,,A,PU,_Z,2,,,True,WB_WDI,WB_WDI_NY_GDP_PCAP_PP_CD,SSA,_T,_T,_T,_Z,_Z,_Z,2024,A,PPP,
5517.421136,P1Y,0,,A,PU,_Z,2,,,True,WB_WDI,WB_WDI_NY_GDP_PCAP_PP_CD,TSS,_T,_T,_T,_Z,_Z,_Z,2024,A,PPP,
24934.555172,P1Y,0,,A,PU,_Z,2,,,True,WB_WDI,WB_WDI_NY_GDP_PCAP_PP_CD,UMC,_T,_T,_T,_Z,_Z,_Z,2024,A,PPP,
24526.011999,P1Y,0,,A,PU,_Z,2,,,True,WB_WDI,WB_WDI_NY_GDP_PCAP_PP_CD,WLD,_T,_T,_T,_Z,_Z,_Z,2024,A,PPP,
26701.674956,P1Y,0,,A,PU,_Z,2,,,True,WB_WDI,WB_WDI_NY_GDP_PCAP_PP_CD,ALB,_T,_T,_T,_Z,_Z,_Z,2024,A,PPP,
17620.742396,P1Y,0,,A,PU,_Z,2,,,True,WB_WDI,WB_WDI_NY_GDP_PCAP_PP_CD,DZA,_T,_T,_T,_Z,_Z,_Z,2024,A,PPP,
74939.474604,P1Y,0,,A,PU,_Z,2,,,True,WB_WDI,WB_WDI_NY_GDP_PCAP_PP_CD,AND,_T,_T,_T,_Z,_Z,_Z,2024,A,PPP,
10118.608995,P1Y,0,,A,PU,_Z,2,,,True,WB_WDI,WB_WDI_NY_GDP_PCAP_PP_CD,AGO,_T,_T,_T,_Z,_Z,_Z,2024,A,PPP,
1942.215209,P1Y,0,,A,PU,_Z,2,,,False,WB_WDI,WB_WDI_NY_GDP_PCAP_PP_CD,ZMB,_T,_T,_T,_Z,_Z,_Z,2003,A,PPP,
2707.989572,P1Y,0,,A,PU,_Z,2,,,False,WB_WDI,WB_WDI_NY_GDP_PCAP_PP_CD,ZWE,_T,_T,_T,_Z,_Z,_Z,2003,A,PPP,
2486.09103,P1Y,0,,A,PU,_Z,2,,,False,WB_WDI,WB_WDI_NY_GDP_PCAP_PP_CD,AFE,_T,_T,_T,_Z,_Z,_Z,2004,A,PPP,
3184.34533,P1Y,0,,A,PU,_Z,2,,,False,WB_WDI,WB_WDI_NY_GDP_PCAP_PP_CD,AFW,_T,_T,_T,_Z,_Z,_Z,2004,A,PPP,
11487.517334,P1Y,0,,A,PU,_Z,2,,,False,WB_WDI,WB_WDI_NY_GDP_PCAP_PP_CD,ARB,_T,_T,_T,_Z,_Z,_Z,2004,A,PPP,
14941.000297,P1Y,0,,A,PU,_Z,2,,,False,WB_WDI,WB_WDI_NY_GDP_PCAP_PP_CD,CSS,_T,_T,_T,_Z,_Z,_Z,2004,A,PPP,
13467.629053,P1Y,0,,A,PU,_Z,2,,,False,WB_WDI,WB_WDI_NY_GDP_PCAP_PP_CD,CEB,_T,_T,_T,_Z,_Z,_Z,2004,A,PPP,
4945.681811,P1Y,0,,A,PU,_Z,2,,,False,WB_WDI,WB_WDI_NY_GDP_PCAP_PP_CD,EAR,_T,_T,_T,_Z,_Z,_Z,2004,A,PPP,
7523.344169,P1Y,0,,A,PU,_Z,2,,,False,WB_WDI,WB_WDI_NY_GDP_PCAP_PP_CD,EAS,_T,_T,_T,_Z,_Z,_Z,2004,A,PPP,
4748.711084,P1Y,0,,A,PU,_Z,2,,,False,WB_WDI,WB_WDI_NY_GDP_PCAP_PP_CD,EAP,_T,_T,_T,_Z,_Z,_Z,2004,A,PPP,
4804.698506,P1Y,0,,A,PU,_Z,2,,,False,WB_WDI,WB_WDI_NY_GDP_PCAP_PP_CD,TEA,_T,_T,_T,_Z,_Z,_Z,2004,A,PPP,
28944.099311,P1Y,0,,A,PU,_Z,2,,,False,WB_WDI,WB_WDI_NY_GDP_PCAP_PP_CD,EMU,_T,_T,_T,_Z,_Z,_Z,2004,A,PPP,
19302.938828,P1Y,0,,A,PU,_Z,2,,,False,WB_WDI,WB_WDI_NY_GDP_PCAP_PP_CD,ECS,_T,_T,_T,_Z,_Z,_Z,2004,A,PPP,
7549.720247,P1Y,0,,A,PU,_Z,2,,,False,WB_WDI,WB_WDI_NY_GDP_PCAP_PP_CD,ECA,_T,_T,_T,_Z,_Z,_Z,2004,A,PPP,
9109.218289,P1Y,0,,A,PU,_Z,2,,,False,WB_WDI,WB_WDI_NY_GDP_PCAP_PP_CD,TEC,_T,_T,_T,_Z,_Z,_Z,2004,A,PPP,
3950.279783,P1Y,0,,A,PU,_Z,2,,,False,WB_WDI,WB_WDI_NY_GDP_PCAP_PP_CD,PSE,_T,_T,_T,_Z,_Z,_Z,2009,A,PPP,
3410.610295,P1Y,0,,A,PU,_Z,2,,,False,WB_WDI,WB_WDI_NY_GDP_PCAP_PP_CD,YEM,_T,_T,_T,_Z,_Z,_Z,2009,A,PPP,
2872.464184,P1Y,0,,A,PU,_Z,2,,,False,WB_WDI,WB_WDI_NY_GDP_PCAP_PP_CD,ZMB,_T,_T,_T,_Z,_Z,_Z,2009,A,PPP,
2232.852573,P1Y,0,,A,PU,_Z,2,,,False,WB_WDI,WB_WDI_NY_GDP_PCAP_PP_CD,ZWE,_T,_T,_T,_Z,_Z,_Z,2009,A,PPP,
3210.348232,P1Y,0,,A,PU,_Z,2,,,False,WB_WDI,WB_WDI_NY_GDP_PCAP_PP_CD,AFE,_T,_T,_T,_Z,_Z,_Z,2010,A,PPP,
4346.833633,P1Y,0,,A,PU,_Z,2,,,False,WB_WDI,WB_WDI_NY_GDP_PCAP_PP_CD,AFW,_T,_T,_T,_Z,_Z,_Z,2010,A,PPP,
14676.78186,P1Y,0,,A,PU,_Z,2,,,False,WB_WDI,WB_WDI_NY_GDP_PCAP_PP_CD,ARB,_T,_T,_T,_Z,_Z,_Z,2010,A,PPP,
19804.356312,P1Y,0,,A,PU,_Z,2,,,False,WB_WDI,WB_WDI_NY_GDP_PCAP_PP_CD,CSS,_T,_T,_T,_Z,_Z,_Z,2010,A,PPP,
20812.600639,P1Y,0,,A,PU,_Z,2,,,False,WB_WDI,WB_WDI_NY_GDP_PCAP_PP_CD,CEB,_T,_T,_T,_Z,_Z,_Z,2010,A,PPP,
6961.194466,P1Y,0,,A,PU,_Z,2,,,False,WB_WDI,WB_WDI_NY_GDP_PCAP_PP_CD,EAR,_T,_T,_T,_Z,_Z,_Z,2010,A,PPP,
11884.737155,P1Y,0,,A,PU,_Z,2,,,False,WB_WDI,WB_WDI_NY_GDP_PCAP_PP_CD,EAS,_T,_T,_T,_Z,_Z,_Z,2010,A,PPP,
8827.223771,P1Y,0,,A,PU,_Z,2,,,False,WB_WDI,WB_WDI_NY_GDP_PCAP_PP_CD,EAP,_T,_T,_T,_Z,_Z,_Z,2010,A,PPP,
8929.22131,P1Y,0,,A,PU,_Z,2,,,False,WB_WDI,WB_WDI_NY_GDP_PCAP_PP_CD,TEA,_T,_T,_T,_Z,_Z,_Z,2010,A,PPP,
2733.459226,P1Y,0,,A,PU,_Z,2,,,False,WB_WDI,WB_WDI_NY_GDP_PCAP_PP_CD,VUT,_T,_T,_T,_Z,_Z,_Z,2010,A,PPP,
20235.710536,P1Y,0,,A,PU,_Z,2,,,False,WB_WDI,WB_WDI_NY_GDP_PCAP_PP_CD,VEN,_T,_T,_T,_Z,_Z,_Z,2010,A,PPP,
5389.21957,P1Y,0,,A,PU,_Z,2,,,False,WB_WDI,WB_WDI_NY_GDP_PCAP_PP_CD,VNM,_T,_T,_T,_Z,_Z,_Z,2010,A,PPP,
41607.566857,P1Y,0,,A,PU,_Z,2,,,False,WB_WDI,WB_WDI_NY_GDP_PCAP_PP_CD,VIR,_T,_T,_T,_Z,_Z,_Z,2010,A,PPP,
4120.860663,P1Y,0,,A,PU,_Z,2,,,False,WB_WDI,WB_WDI_NY_GDP_PCAP_PP_CD,PSE,_T,_T,_T,_Z,_Z,_Z,2010,A,PPP,
3603.035057,P1Y,0,,A,PU,_Z,2,,,False,WB_WDI,WB_WDI_NY_GDP_PCAP_PP_CD,YEM,_T,_T,_T,_Z,_Z,_Z,2010,A,PPP,
3097.664005,P1Y,0,,A,PU,_Z,2,,,False,WB_WDI,WB_WDI_NY_GDP_PCAP_PP_CD,ZMB,_T,_T,_T,_Z,_Z,_Z,2010,A,PPP,
2661.364833,P1Y,0,,A,PU,_Z,2,,,False,WB_WDI,WB_WDI_NY_GDP_PCAP_PP_CD,ZWE,_T,_T,_T,_Z,_Z,_Z,2010,A,PPP,
3320.033247,P1Y,0,,A,PU,_Z,2,,,False,WB_WDI,WB_WDI_NY_GDP_PCAP_PP_CD,AFE,_T,_T,_T,_Z,_Z,_Z,2011,A,PPP,
4531.802947,P1Y,0,,A,PU,_Z,2,,,False,WB_WDI,WB_WDI_NY_GDP_PCAP_PP_CD,AFW,_T,_T,_T,_Z,_Z,_Z,2011,A,PPP,
15244.995795,P1Y,0,,A,PU,_Z,2,,,False,WB_WDI,WB_WDI_NY_GDP_PCAP_PP_CD,ARB,_T,_T,_T,_Z,_Z,_Z,2011,A,PPP,
20269.549892,P1Y,0,,A,PU,_Z,2,,,False,WB_WDI,WB_WDI_NY_GDP_PCAP_PP_CD,CSS,_T,_T,_T,_Z,_Z,_Z,2011,A,PPP,
22312.730537,P1Y,0,,A,PU,_Z,2,,,False,WB_WDI,WB_WDI_NY_GDP_PCAP_PP_CD,CEB,_T,_T,_T,_Z,_Z,_Z,2011,A,PPP,
3822.58839,P1Y,0,,A,PU,_Z,2,,,False,WB_WDI,WB_WDI_NY_GDP_PCAP_PP_CD,TSS,_T,_T,_T,_Z,_Z,_Z,2012,A,PPP,
12786.49458,P1Y,0,,A,PU,_Z,2,,,False,WB_WDI,WB_WDI_NY_GDP_PCAP_PP_CD,UMC,_T,_T,_T,_Z,_Z,_Z,2012,A,PPP,
14187.126533,P1Y,0,,A,PU,_Z,2,,,False,WB_WDI,WB_WDI_NY_GDP_PCAP_PP_CD,WLD,_T,_T,_T,_Z,_Z,_Z,2012,A,PPP,
1988.429304,P1Y,0,,A,PU,_Z,2,,,False,WB_WDI,WB_WDI_NY_GDP_PCAP_PP_CD,AFG,_T,_T,_T,_Z,_Z,_Z,2012,A,PPP,
10608.844817,P1Y,0,,A,PU,_Z,2,,,False,WB_WDI,WB_WDI_NY_GDP_PCAP_PP_CD,ALB,_T,_T,_T,_Z,_Z,_Z,2012,A,PPP,
14441.32934,P1Y,0,,A,PU,_Z,2,,,False,WB_WDI,WB_WDI_NY_GDP_PCAP_PP_CD,DZA,_T,_T,_T,_Z,_Z,_Z,2012,A,PPP,
45503.044483,P1Y,0,,A,PU,_Z,2,,,False,WB_WDI,WB_WDI_NY_GDP_PCAP_PP_CD,AND,_T,_T,_T,_Z,_Z,_Z,2012,A,PPP,
8246.360812,P1Y,0,,A,PU,_Z,2,,,False,WB_WDI,WB_WDI_NY_GDP_PCAP_PP_CD,AGO,_T,_T,_T,_Z,_Z,_Z,2012,A,PPP,
23011.738661,P1Y,0,,A,PU,_Z,2,,,False,WB_WDI,WB_WDI_NY_GDP_PCAP_PP_CD,ATG,_T,_T,_T,_Z,_Z,_Z,2012,A,PPP,
19430.417807,P1Y,0,,A,PU,_Z,2,,,False,WB_WDI,WB_WDI_NY_GDP_PCAP_PP_CD,ARG,_T,_T,_T,_Z,_Z,_Z,2012,A,PPP,
8942.635379,P1Y,0,,A,PU,_Z,2,,,False,WB_WDI,WB_WDI_NY_GDP_PCAP_PP_CD,ARM,_T,_T,_T,_Z,_Z,_Z,2012,A,PPP,
34095.647171,P1Y,0,,A,PU,_Z,2,,,False,WB_WDI,WB_WDI_NY_GDP_PCAP_PP_CD,ABW,_T,_T,_T,_Z,_Z,_Z,2012,A,PPP,
6919.294756,P1Y,0,,A,PU,_Z,2,,,False,WB_WDI,WB_WDI_NY_GDP_PCAP_PP_CD,UZB,_T,_T,_T,_Z,_Z,_Z,2016,A,PPP,
3029.809239,P1Y,0,,A,PU,_Z,2,,,False,WB_WDI,WB_WDI_NY_GDP_PCAP_PP_CD,VUT,_T,_T,_T,_Z,_Z,_Z,2016,A,PPP,
8374.506845,P1Y,0,,A,PU,_Z,2,,,False,WB_WDI,WB_WDI_NY_GDP_PCAP_PP_CD,VNM,_T,_T,_T,_Z,_Z,_Z,2016,A,PPP,
33470.590477,P1Y,0,,A,PU,_Z,2,,,False,WB_WDI,WB_WDI_NY_GDP_PCAP_PP_CD,VIR,_T,_T,_T,_Z,_Z,_Z,2016,A,PPP,
6062.232748,P1Y,0,,A,PU,_Z,2,,,False,WB_WDI,WB_WDI_NY_GDP_PCAP_PP_CD,PSE,_T,_T,_T,_Z,_Z,_Z,2016,A,PPP,
3313.351216,P1Y,0,,A,PU,_Z,2,,,False,WB_WDI,WB_WDI_NY_GDP_PCAP_PP_CD,ZMB,_T,_T,_T,_Z,_Z,_Z,2016,A,PPP,
4275.449351,P1Y,0,,A,PU,_Z,2,,,False,WB_WDI,WB_WDI_NY_GDP_PCAP_PP_CD,ZWE,_T,_T,_T,_Z,_Z,_Z,2016,A,PPP,
3837.726375,P1Y,0,,A,PU,_Z,2,,,False,WB_WDI,WB_WDI_NY_GDP_PCAP_PP_CD,AFE,_T,_T,_T,_Z,_Z,_Z,2017,A,PPP,
5026.648499,P1Y,0,,A,PU,_Z,2,,,False,WB_WDI,WB_WDI_NY_GDP_PCAP_PP_CD,AFW,_T,_T,_T,_Z,_Z,_Z,2017,A,PPP,
14473.336385,P1Y,0,,A,PU,_Z,2,,,False,WB_WDI,WB_WDI_NY_GDP_PCAP_PP_CD,ARB,_T,_T,_T,_Z,_Z,_Z,2017,A,PPP,
35728.599915,P1Y,0,,A,PU,_Z,2,,,False,WB_WDI,WB_WDI_NY_GDP_PCAP_PP_CD,EMU,_T,_T,_T,_Z,_Z,_Z,2010,A,PPP,
26193.134405,P1Y,0,,A,PU,_Z,2,,,False,WB_WDI,WB_WDI_NY_GDP_PCAP_PP_CD,ECS,_T,_T,_T,_Z,_Z,_Z,2010,A,PPP,
12076.872065,P1Y,0,,A,PU,_Z,2,,,False,WB_WDI,WB_WDI_NY_GDP_PCAP_PP_CD,ECA,_T,_T,_T,_Z,_Z,_Z,2010,A,PPP,
15923.279109,P1Y,0,,A,PU,_Z,2,,,False,WB_WDI,WB_WDI_NY_GDP_PCAP_PP_CD,TEC,_T,_T,_T,_Z,_Z,_Z,2010,A,PPP,
32998.089362,P1Y,0,,A,PU,_Z,2,,,False,WB_WDI,WB_WDI_NY_GDP_PCAP_PP_CD,EUU,_T,_T,_T,_Z,_Z,_Z,2010,A,PPP,
2025.116902,P1Y,0,,A,PU,_Z,2,,,False,WB_WDI,WB_WDI_NY_GDP_PCAP_PP_CD,HPC,_T,_T,_T,_Z,_Z,_Z,2010,A,PPP,
37231.278809,P1Y,0,,A,PU,_Z,2,,,False,WB_WDI,WB_WDI_NY_GDP_PCAP_PP_CD,HIC,_T,_T,_T,_Z,_Z,_Z,2010,A,PPP,
9370.823611,P1Y,0,,A,PU,_Z,2,,,False,WB_WDI,WB_WDI_NY_GDP_PCAP_PP_CD,IBD,_T,_T,_T,_Z,_Z,_Z,2010,A,PPP,
7835.822473,P1Y,0,,A,PU,_Z,2,,,False,WB_WDI,WB_WDI_NY_GDP_PCAP_PP_CD,IBT,_T,_T,_T,_Z,_Z,_Z,2010,A,PPP,
4561.674598,P1Y,0,,A,PU,_Z,2,,,False,WB_WDI,WB_WDI_NY_GDP_PCAP_PP_CD,IDB,_T,_T,_T,_Z,_Z,_Z,2010,A,PPP,
2320.496054,P1Y,0,,A,PU,_Z,2,,,False,WB_WDI,WB_WDI_NY_GDP_PCAP_PP_CD,IDX,_T,_T,_T,_Z,_Z,_Z,2010,A,PPP,
3112.434427,P1Y,0,,A,PU,_Z,2,,,False,WB_WDI,WB_WDI_NY_GDP_PCAP_PP_CD,IDA,_T,_T,_T,_Z,_Z,_Z,2010,A,PPP,
11732.069233,P1Y,0,,A,PU,_Z,2,,,False,WB_WDI,WB_WDI_NY_GDP_PCAP_PP_CD,LTE,_T,_T,_T,_Z,_Z,_Z,2010,A,PPP,
1282.74966,P1Y,0,,A,PU,_Z,2,,,False,WB_WDI,WB_WDI_NY_GDP_PCAP_PP_CD,MOZ,_T,_T,_T,_Z,_Z,_Z,2017,A,PPP,
4706.432489,P1Y,0,,A,PU,_Z,2,,,False,WB_WDI,WB_WDI_NY_GDP_PCAP_PP_CD,MMR,_T,_T,_T,_Z,_Z,_Z,2017,A,PPP,
9887.939355,P1Y,0,,A,PU,_Z,2,,,False,WB_WDI,WB_WDI_NY_GDP_PCAP_PP_CD,NAM,_T,_T,_T,_Z,_Z,_Z,2017,A,PPP,
9650.3189,P1Y,0,,A,PU,_Z,2,,,False,WB_WDI,WB_WDI_NY_GDP_PCAP_PP_CD,NRU,_T,_T,_T,_Z,_Z,_Z,2017,A,PPP,
3604.708259,P1Y,0,,A,PU,_Z,2,,,False,WB_WDI,WB_WDI_NY_GDP_PCAP_PP_CD,NPL,_T,_T,_T,_Z,_Z,_Z,2017,A,PPP,
56037.567994,P1Y,0,,A,PU,_Z,2,,,False,WB_WDI,WB_WDI_NY_GDP_PCAP_PP_CD,NLD,_T,_T,_T,_Z,_Z,_Z,2017,A,PPP,
42243.508446,P1Y,0,,A,PU,_Z,2,,,False,WB_WDI,WB_WDI_NY_GDP_PCAP_PP_CD,NZL,_T,_T,_T,_Z,_Z,_Z,2017,A,PPP,
6225.347026,P1Y,0,,A,PU,_Z,2,,,False,WB_WDI,WB_WDI_NY_GDP_PCAP_PP_CD,NIC,_T,_T,_T,_Z,_Z,_Z,2017,A,PPP,
1208.1461,P1Y,0,,A,PU,_Z,2,,,False,WB_WDI,WB_WDI_NY_GDP_PCAP_PP_CD,NER,_T,_T,_T,_Z,_Z,_Z,2017,A,PPP,
7036.674144,P1Y,0,,A,PU,_Z,2,,,False,WB_WDI,WB_WDI_NY_GDP_PCAP_PP_CD,NGA,_T,_T,_T,_Z,_Z,_Z,2017,A,PPP,
17161.049071,P1Y,0,,A,PU,_Z,2,,,False,WB_WDI,WB_WDI_NY_GDP_PCAP_PP_CD,MKD,_T,_T,_T,_Z,_Z,_Z,2017,A,PPP,
9144.677932,P1Y,0,,A,PU,_Z,2,,,False,WB_WDI,WB_WDI_NY_GDP_PCAP_PP_CD,JOR,_T,_T,_T,_Z,_Z,_Z,2014,A,PPP,
23958.112889,P1Y,0,,A,PU,_Z,2,,,False,WB_WDI,WB_WDI_NY_GDP_PCAP_PP_CD,KAZ,_T,_T,_T,_Z,_Z,_Z,2014,A,PPP,
3359.489507,P1Y,0,,A,PU,_Z,2,,,False,WB_WDI,WB_WDI_NY_GDP_PCAP_PP_CD,KEN,_T,_T,_T,_Z,_Z,_Z,2014,A,PPP,
2084.131054,P1Y,0,,A,PU,_Z,2,,,False,WB_WDI,WB_WDI_NY_GDP_PCAP_PP_CD,KIR,_T,_T,_T,_Z,_Z,_Z,2014,A,PPP,
37032.172417,P1Y,0,,A,PU,_Z,2,,,False,WB_WDI,WB_WDI_NY_GDP_PCAP_PP_CD,KOR,_T,_T,_T,_Z,_Z,_Z,2014,A,PPP,
8200.474205,P1Y,0,,A,PU,_Z,2,,,False,WB_WDI,WB_WDI_NY_GDP_PCAP_PP_CD,XKX,_T,_T,_T,_Z,_Z,_Z,2014,A,PPP,
68336.599153,P1Y,0,,A,PU,_Z,2,,,False,WB_WDI,WB_WDI_NY_GDP_PCAP_PP_CD,KWT,_T,_T,_T,_Z,_Z,_Z,2014,A,PPP,
4228.195148,P1Y,0,,A,PU,_Z,2,,,False,WB_WDI,WB_WDI_NY_GDP_PCAP_PP_CD,KGZ,_T,_T,_T,_Z,_Z,_Z,2014,A,PPP,
5798.504367,P1Y,0,,A,PU,_Z,2,,,False,WB_WDI,WB_WDI_NY_GDP_PCAP_PP_CD,LAO,_T,_T,_T,_Z,_Z,_Z,2014,A,PPP,
21553.66232,P1Y,0,,A,PU,_Z,2,,,False,WB_WDI,WB_WDI_NY_GDP_PCAP_PP_CD,LVA,_T,_T,_T,_Z,_Z,_Z,2014,A,PPP,
23973.06023,P1Y,0,,A,PU,_Z,2,,,False,WB_WDI,WB_WDI_NY_GDP_PCAP_PP_CD,KAZ,_T,_T,_T,_Z,_Z,_Z,2017,A,PPP,
4177.249936,P1Y,0,,A,PU,_Z,2,,,False,WB_WDI,WB_WDI_NY_GDP_PCAP_PP_CD,KEN,_T,_T,_T,_Z,_Z,_Z,2017,A,PPP,
2562.065618,P1Y,0,,A,PU,_Z,2,,,False,WB_WDI,WB_WDI_NY_GDP_PCAP_PP_CD,KIR,_T,_T,_T,_Z,_Z,_Z,2017,A,PPP,
43155.910087,P1Y,0,,A,PU,_Z,2,,,False,WB_WDI,WB_WDI_NY_GDP_PCAP_PP_CD,KOR,_T,_T,_T,_Z,_Z,_Z,2017,A,PPP,
9380.940073,P1Y,0,,A,PU,_Z,2,,,False,WB_WDI,WB_WDI_NY_GDP_PCAP_PP_CD,XKX,_T,_T,_T,_Z,_Z,_Z,2017,A,PPP,
46565.54995,P1Y,0,,A,PU,_Z,2,,,False,WB_WDI,WB_WDI_NY_GDP_PCAP_PP_CD,KWT,_T,_T,_T,_Z,_Z,_Z,2017,A,PPP,
4953.717551,P1Y,0,,A,PU,_Z,2,,,False,WB_WDI,WB_WDI_NY_GDP_PCAP_PP_CD,KGZ,_T,_T,_T,_Z,_Z,_Z,2017,A,PPP,
7141.906527,P1Y,0,,A,PU,_Z,2,,,False,WB_WDI,WB_WDI_NY_GDP_PCAP_PP_CD,LAO,_T,_T,_T,_Z,_Z,_Z,2017,A,PPP,
25763.990771,P1Y,0,,A,PU,_Z,2,,,False,WB_WDI,WB_WDI_NY_GDP_PCAP_PP_CD,LVA,_T,_T,_T,_Z,_Z,_Z,2017,A,PPP,
20963.824947,P1Y,0,,A,PU,_Z,2,,,False,WB_WDI,WB_WDI_NY_GDP_PCAP_PP_CD,LBN,_T,_T,_T,_Z,_Z,_Z,2017,A,PPP,
2618.818208,P1Y,0,,A,PU,_Z,2,,,False,WB_WDI,WB_WDI_NY_GDP_PCAP_PP_CD,LSO,_T,_T,_T,_Z,_Z,_Z,2017,A,PPP,
45996.968748,P1Y,0,,A,PU,_Z,2,,,False,WB_WDI,WB_WDI_NY_GDP_PCAP_PP_CD,ISL,_T,_T,_T,_Z,_Z,_Z,2014,A,PPP,
5191.591499,P1Y,0,,A,PU,_Z,2,,,False,WB_WDI,WB_WDI_NY_GDP_PCAP_PP_CD,IND,_T,_T,_T,_Z,_Z,_Z,2014,A,PPP,
10064.677127,P1Y,0,,A,PU,_Z,2,,,False,WB_WDI,WB_WDI_NY_GDP_PCAP_PP_CD,IDN,_T,_T,_T,_Z,_Z,_Z,2014,A,PPP,
16065.158186,P1Y,0,,A,PU,_Z,2,,,False,WB_WDI,WB_WDI_NY_GDP_PCAP_PP_CD,IRN,_T,_T,_T,_Z,_Z,_Z,2014,A,PPP,
13168.245587,P1Y,0,,A,PU,_Z,2,,,False,WB_WDI,WB_WDI_NY_GDP_PCAP_PP_CD,IRQ,_T,_T,_T,_Z,_Z,_Z,2014,A,PPP,
52640.784392,P1Y,0,,A,PU,_Z,2,,,False,WB_WDI,WB_WDI_NY_GDP_PCAP_PP_CD,IRL,_T,_T,_T,_Z,_Z,_Z,2014,A,PPP,
34816.242246,P1Y,0,,A,PU,_Z,2,,,False,WB_WDI,WB_WDI_NY_GDP_PCAP_PP_CD,ISR,_T,_T,_T,_Z,_Z,_Z,2014,A,PPP,
36665.685768,P1Y,0,,A,PU,_Z,2,,,False,WB_WDI,WB_WDI_NY_GDP_PCAP_PP_CD,ITA,_T,_T,_T,_Z,_Z,_Z,2014,A,PPP,
9209.585866,P1Y,0,,A,PU,_Z,2,,,False,WB_WDI,WB_WDI_NY_GDP_PCAP_PP_CD,JAM,_T,_T,_T,_Z,_Z,_Z,2014,A,PPP,
39555.412009,P1Y,0,,A,PU,_Z,2,,,False,WB_WDI,WB_WDI_NY_GDP_PCAP_PP_CD,JPN,_T,_T,_T,_Z,_Z,_Z,2014,A,PPP,
905.817789,P1Y,0,,A,PU,_Z,2,,,False,WB_WDI,WB_WDI_NY_GDP_PCAP_PP_CD,CAF,_T,_T,_T,_Z,_Z,_Z,2018,A,PPP,
2227.813354,P1Y,0,,A,PU,_Z,2,,,False,WB_WDI,WB_WDI_NY_GDP_PCAP_PP_CD,TCD,_T,_T,_T,_Z,_Z,_Z,2018,A,PPP,
25305.090346,P1Y,0,,A,PU,_Z,2,,,False,WB_WDI,WB_WDI_NY_GDP_PCAP_PP_CD,CHL,_T,_T,_T,_Z,_Z,_Z,2018,A,PPP,
16298.205062,P1Y,0,,A,PU,_Z,2,,,False,WB_WDI,WB_WDI_NY_GDP_PCAP_PP_CD,CHN,_T,_T,_T,_Z,_Z,_Z,2018,A,PPP,
15239.404949,P1Y,0,,A,PU,_Z,2,,,False,WB_WDI,WB_WDI_NY_GDP_PCAP_PP_CD,COL,_T,_T,_T,_Z,_Z,_Z,2018,A,PPP,
3276.009367,P1Y,0,,A,PU,_Z,2,,,False,WB_WDI,WB_WDI_NY_GDP_PCAP_PP_CD,COM,_T,_T,_T,_Z,_Z,_Z,2018,A,PPP,
1048.865029,P1Y,0,,A,PU,_Z,2,,,False,WB_WDI,WB_WDI_NY_GDP_PCAP_PP_CD,COD,_T,_T,_T,_Z,_Z,_Z,2018,A,PPP,
5593.193706,P1Y,0,,A,PU,_Z,2,,,False,WB_WDI,WB_WDI_NY_GDP_PCAP_PP_CD,COG,_T,_T,_T,_Z,_Z,_Z,2018,A,PPP,
21498.035075,P1Y,0,,A,PU,_Z,2,,,False,WB_WDI,WB_WDI_NY_GDP_PCAP_PP_CD,CRI,_T,_T,_T,_Z,_Z,_Z,2018,A,PPP,
4945.625206,P1Y,0,,A,PU,_Z,2,,,False,WB_WDI,WB_WDI_NY_GDP_PCAP_PP_CD,CIV,_T,_T,_T,_Z,_Z,_Z,2018,A,PPP,
69149.050034,P1Y,0,,A,PU,_Z,2,,,False,WB_WDI,WB_WDI_NY_GDP_PCAP_PP_CD,BMU,_T,_T,_T,_Z,_Z,_Z,2012,A,PPP,
8577.407319,P1Y,0,,A,PU,_Z,2,,,False,WB_WDI,WB_WDI_NY_GDP_PCAP_PP_CD,BTN,_T,_T,_T,_Z,_Z,_Z,2012,A,PPP,
7183.826025,P1Y,0,,A,PU,_Z,2,,,False,WB_WDI,WB_WDI_NY_GDP_PCAP_PP_CD,BOL,_T,_T,_T,_Z,_Z,_Z,2012,A,PPP,
10121.190529,P1Y,0,,A,PU,_Z,2,,,False,WB_WDI,WB_WDI_NY_GDP_PCAP_PP_CD,BIH,_T,_T,_T,_Z,_Z,_Z,2012,A,PPP,
12736.583389,P1Y,0,,A,PU,_Z,2,,,False,WB_WDI,WB_WDI_NY_GDP_PCAP_PP_CD,BWA,_T,_T,_T,_Z,_Z,_Z,2012,A,PPP,
15198.086331,P1Y,0,,A,PU,_Z,2,,,False,WB_WDI,WB_WDI_NY_GDP_PCAP_PP_CD,BRA,_T,_T,_T,_Z,_Z,_Z,2012,A,PPP,
87256.042237,P1Y,0,,A,PU,_Z,2,,,False,WB_WDI,WB_WDI_NY_GDP_PCAP_PP_CD,BRN,_T,_T,_T,_Z,_Z,_Z,2012,A,PPP,
16327.338276,P1Y,0,,A,PU,_Z,2,,,False,WB_WDI,WB_WDI_NY_GDP_PCAP_PP_CD,BGR,_T,_T,_T,_Z,_Z,_Z,2012,A,PPP,
1571.838845,P1Y,0,,A,PU,_Z,2,,,False,WB_WDI,WB_WDI_NY_GDP_PCAP_PP_CD,BFA,_T,_T,_T,_Z,_Z,_Z,2012,A,PPP,
637.24708,P1Y,0,,A,PU,_Z,2,,,False,WB_WDI,WB_WDI_NY_GDP_PCAP_PP_CD,BDI,_T,_T,_T,_Z,_Z,_Z,2012,A,PPP,
9502.553621,P1Y,0,,A,PU,_Z,2,,,False,WB_WDI,WB_WDI_NY_GDP_PCAP_PP_CD,ECA,_T,_T,_T,_Z,_Z,_Z,2006,A,PPP,
11973.076914,P1Y,0,,A,PU,_Z,2,,,False,WB_WDI,WB_WDI_NY_GDP_PCAP_PP_CD,TEC,_T,_T,_T,_Z,_Z,_Z,2006,A,PPP,
29209.468072,P1Y,0,,A,PU,_Z,2,,,False,WB_WDI,WB_WDI_NY_GDP_PCAP_PP_CD,EUU,_T,_T,_T,_Z,_Z,_Z,2006,A,PPP,
1731.049979,P1Y,0,,A,PU,_Z,2,,,False,WB_WDI,WB_WDI_NY_GDP_PCAP_PP_CD,HPC,_T,_T,_T,_Z,_Z,_Z,2006,A,PPP,
33578.277224,P1Y,0,,A,PU,_Z,2,,,False,WB_WDI,WB_WDI_NY_GDP_PCAP_PP_CD,HIC,_T,_T,_T,_Z,_Z,_Z,2006,A,PPP,
7085.427968,P1Y,0,,A,PU,_Z,2,,,False,WB_WDI,WB_WDI_NY_GDP_PCAP_PP_CD,IBD,_T,_T,_T,_Z,_Z,_Z,2006,A,PPP,
6024.305921,P1Y,0,,A,PU,_Z,2,,,False,WB_WDI,WB_WDI_NY_GDP_PCAP_PP_CD,IBT,_T,_T,_T,_Z,_Z,_Z,2006,A,PPP,
3856.699238,P1Y,0,,A,PU,_Z,2,,,False,WB_WDI,WB_WDI_NY_GDP_PCAP_PP_CD,IDB,_T,_T,_T,_Z,_Z,_Z,2006,A,PPP,
1889.848786,P1Y,0,,A,PU,_Z,2,,,False,WB_WDI,WB_WDI_NY_GDP_PCAP_PP_CD,IDX,_T,_T,_T,_Z,_Z,_Z,2006,A,PPP,
2579.310322,P1Y,0,,A,PU,_Z,2,,,False,WB_WDI,WB_WDI_NY_GDP_PCAP_PP_CD,IDA,_T,_T,_T,_Z,_Z,_Z,2006,A,PPP,
8395.77015,P1Y,0,,A,PU,_Z,2,,,False,WB_WDI,WB_WDI_NY_GDP_PCAP_PP_CD,LTE,_T,_T,_T,_Z,_Z,_Z,2006,A,PPP,
11496.315278,P1Y,0,,A,PU,_Z,2,,,False,WB_WDI,WB_WDI_NY_GDP_PCAP_PP_CD,LCN,_T,_T,_T,_Z,_Z,_Z,2006,A,PPP,
11082.944757,P1Y,0,,A,PU,_Z,2,,,False,WB_WDI,WB_WDI_NY_GDP_PCAP_PP_CD,LAC,_T,_T,_T,_Z,_Z,_Z,2006,A,PPP,
7237.277344,P1Y,0,,A,PU,_Z,2,,,False,WB_WDI,WB_WDI_NY_GDP_PCAP_PP_CD,MAR,_T,_T,_T,_Z,_Z,_Z,2014,A,PPP,
1165.828266,P1Y,0,,A,PU,_Z,2,,,False,WB_WDI,WB_WDI_NY_GDP_PCAP_PP_CD,MOZ,_T,_T,_T,_Z,_Z,_Z,2014,A,PPP,
4376.388333,P1Y,0,,A,PU,_Z,2,,,False,WB_WDI,WB_WDI_NY_GDP_PCAP_PP_CD,MMR,_T,_T,_T,_Z,_Z,_Z,2014,A,PPP,
10365.30906,P1Y,0,,A,PU,_Z,2,,,False,WB_WDI,WB_WDI_NY_GDP_PCAP_PP_CD,NAM,_T,_T,_T,_Z,_Z,_Z,2014,A,PPP,
9725.952148,P1Y,0,,A,PU,_Z,2,,,False,WB_WDI,WB_WDI_NY_GDP_PCAP_PP_CD,NRU,_T,_T,_T,_Z,_Z,_Z,2014,A,PPP,
2901.197521,P1Y,0,,A,PU,_Z,2,,,False,WB_WDI,WB_WDI_NY_GDP_PCAP_PP_CD,NPL,_T,_T,_T,_Z,_Z,_Z,2014,A,PPP,
49751.309286,P1Y,0,,A,PU,_Z,2,,,False,WB_WDI,WB_WDI_NY_GDP_PCAP_PP_CD,NLD,_T,_T,_T,_Z,_Z,_Z,2014,A,PPP,
37331.315573,P1Y,0,,A,PU,_Z,2,,,False,WB_WDI,WB_WDI_NY_GDP_PCAP_PP_CD,NZL,_T,_T,_T,_Z,_Z,_Z,2014,A,PPP,
5067.74639,P1Y,0,,A,PU,_Z,2,,,False,WB_WDI,WB_WDI_NY_GDP_PCAP_PP_CD,NIC,_T,_T,_T,_Z,_Z,_Z,2014,A,PPP,
1161.325157,P1Y,0,,A,PU,_Z,2,,,False,WB_WDI,WB_WDI_NY_GDP_PCAP_PP_CD,NER,_T,_T,_T,_Z,_Z,_Z,2014,A,PPP,
10205.43389,P1Y,0,,A,PU,_Z,2,,,False,WB_WDI,WB_WDI_NY_GDP_PCAP_PP_CD,WLD,_T,_T,_T,_Z,_Z,_Z,2005,A,PPP,
1076.087353,P1Y,0,,A,PU,_Z,2,,,False,WB_WDI,WB_WDI_NY_GDP_PCAP_PP_CD,AFG,_T,_T,_T,_Z,_Z,_Z,2005,A,PPP,
6014.31697,P1Y,0,,A,PU,_Z,2,,,False,WB_WDI,WB_WDI_NY_GDP_PCAP_PP_CD,ALB,_T,_T,_T,_Z,_Z,_Z,2005,A,PPP,
12246.269224,P1Y,0,,A,PU,_Z,2,,,False,WB_WDI,WB_WDI_NY_GDP_PCAP_PP_CD,DZA,_T,_T,_T,_Z,_Z,_Z,2005,A,PPP,
44577.819334,P1Y,0,,A,PU,_Z,2,,,False,WB_WDI,WB_WDI_NY_GDP_PCAP_PP_CD,AND,_T,_T,_T,_Z,_Z,_Z,2005,A,PPP,
5415.61212,P1Y,0,,A,PU,_Z,2,,,False,WB_WDI,WB_WDI_NY_GDP_PCAP_PP_CD,AGO,_T,_T,_T,_Z,_Z,_Z,2005,A,PPP,
23484.800105,P1Y,0,,A,PU,_Z,2,,,False,WB_WDI,WB_WDI_NY_GDP_PCAP_PP_CD,ATG,_T,_T,_T,_Z,_Z,_Z,2005,A,PPP,
13464.812847,P1Y,0,,A,PU,_Z,2,,,False,WB_WDI,WB_WDI_NY_GDP_PCAP_PP_CD,ARG,_T,_T,_T,_Z,_Z,_Z,2005,A,PPP,
5172.218921,P1Y,0,,A,PU,_Z,2,,,False,WB_WDI,WB_WDI_NY_GDP_PCAP_PP_CD,ARM,_T,_T,_T,_Z,_Z,_Z,2005,A,PPP,
35098.797669,P1Y,0,,A,PU,_Z,2,,,False,WB_WDI,WB_WDI_NY_GDP_PCAP_PP_CD,ABW,_T,_T,_T,_Z,_Z,_Z,2005,A,PPP,
33089.70235,P1Y,0,,A,PU,_Z,2,,,False,WB_WDI,WB_WDI_NY_GDP_PCAP_PP_CD,AUS,_T,_T,_T,_Z,_Z,_Z,2005,A,PPP,
34776.669954,P1Y,0,,A,PU,_Z,2,,,False,WB_WDI,WB_WDI_NY_GDP_PCAP_PP_CD,AUT,_T,_T,_T,_Z,_Z,_Z,2005,A,PPP,
2761.482257,P1Y,0,,A,PU,_Z,2,,,False,WB_WDI,WB_WDI_NY_GDP_PCAP_PP_CD,IDB,_T,_T,_T,_Z,_Z,_Z,2000,A,PPP,
1347.315181,P1Y,0,,A,PU,_Z,2,,,False,WB_WDI,WB_WDI_NY_GDP_PCAP_PP_CD,IDX,_T,_T,_T,_Z,_Z,_Z,2000,A,PPP,
1839.675147,P1Y,0,,A,PU,_Z,2,,,False,WB_WDI,WB_WDI_NY_GDP_PCAP_PP_CD,IDA,_T,_T,_T,_Z,_Z,_Z,2000,A,PPP,
4836.941085,P1Y,0,,A,PU,_Z,2,,,False,WB_WDI,WB_WDI_NY_GDP_PCAP_PP_CD,LTE,_T,_T,_T,_Z,_Z,_Z,2000,A,PPP,
8832.314374,P1Y,0,,A,PU,_Z,2,,,False,WB_WDI,WB_WDI_NY_GDP_PCAP_PP_CD,LCN,_T,_T,_T,_Z,_Z,_Z,2000,A,PPP,
8614.048698,P1Y,0,,A,PU,_Z,2,,,False,WB_WDI,WB_WDI_NY_GDP_PCAP_PP_CD,LAC,_T,_T,_T,_Z,_Z,_Z,2000,A,PPP,
8759.055323,P1Y,0,,A,PU,_Z,2,,,False,WB_WDI,WB_WDI_NY_GDP_PCAP_PP_CD,TLA,_T,_T,_T,_Z,_Z,_Z,2000,A,PPP,
1272.901787,P1Y,0,,A,PU,_Z,2,,,False,WB_WDI,WB_WDI_NY_GDP_PCAP_PP_CD,LDC,_T,_T,_T,_Z,_Z,_Z,2000,A,PPP,
3711.462013,P1Y,0,,A,PU,_Z,2,,,False,WB_WDI,WB_WDI_NY_GDP_PCAP_PP_CD,LMY,_T,_T,_T,_Z,_Z,_Z,2000,A,PPP,
1094.644327,P1Y,0,,A,PU,_Z,2,,,False,WB_WDI,WB_WDI_NY_GDP_PCAP_PP_CD,LIC,_T,_T,_T,_Z,_Z,_Z,2000,A,PPP,
2405.78007,P1Y,0,,A,PU,_Z,2,,,False,WB_WDI,WB_WDI_NY_GDP_PCAP_PP_CD,LMC,_T,_T,_T,_Z,_Z,_Z,2000,A,PPP,
8238.215567,P1Y,0,,A,PU,_Z,2,,,False,WB_WDI,WB_WDI_NY_GDP_PCAP_PP_CD,MEA,_T,_T,_T,_Z,_Z,_Z,2000,A,PPP,
5433.119566,P1Y,0,,A,PU,_Z,2,,,False,WB_WDI,WB_WDI_NY_GDP_PCAP_PP_CD,MNA,_T,_T,_T,_Z,_Z,_Z,2000,A,PPP,
5450.54955,P1Y,0,,A,PU,_Z,2,,,False,WB_WDI,WB_WDI_NY_GDP_PCAP_PP_CD,TMN,_T,_T,_T,_Z,_Z,_Z,2000,A,PPP,
3901.886639,P1Y,0,,A,PU,_Z,2,,,False,WB_WDI,WB_WDI_NY_GDP_PCAP_PP_CD,MIC,_T,_T,_T,_Z,_Z,_Z,2000,A,PPP,
31883.229748,P1Y,0,,A,PU,_Z,2,,,False,WB_WDI,WB_WDI_NY_GDP_PCAP_PP_CD,TTO,_T,_T,_T,_Z,_Z,_Z,2012,A,PPP,
10614.531301,P1Y,0,,A,PU,_Z,2,,,False,WB_WDI,WB_WDI_NY_GDP_PCAP_PP_CD,TUN,_T,_T,_T,_Z,_Z,_Z,2012,A,PPP,
20739.272549,P1Y,0,,A,PU,_Z,2,,,False,WB_WDI,WB_WDI_NY_GDP_PCAP_PP_CD,TUR,_T,_T,_T,_Z,_Z,_Z,2012,A,PPP,
11035.451278,P1Y,0,,A,PU,_Z,2,,,False,WB_WDI,WB_WDI_NY_GDP_PCAP_PP_CD,TKM,_T,_T,_T,_Z,_Z,_Z,2012,A,PPP,
23610.474222,P1Y,0,,A,PU,_Z,2,,,False,WB_WDI,WB_WDI_NY_GDP_PCAP_PP_CD,TCA,_T,_T,_T,_Z,_Z,_Z,2012,A,PPP,
3170.401061,P1Y,0,,A,PU,_Z,2,,,False,WB_WDI,WB_WDI_NY_GDP_PCAP_PP_CD,TUV,_T,_T,_T,_Z,_Z,_Z,2012,A,PPP,
2031.946695,P1Y,0,,A,PU,_Z,2,,,False,WB_WDI,WB_WDI_NY_GDP_PCAP_PP_CD,UGA,_T,_T,_T,_Z,_Z,_Z,2012,A,PPP,
9552.314453,P1Y,0,,A,PU,_Z,2,,,False,WB_WDI,WB_WDI_NY_GDP_PCAP_PP_CD,UKR,_T,_T,_T,_Z,_Z,_Z,2012,A,PPP,
89198.011902,P1Y,0,,A,PU,_Z,2,,,False,WB_WDI,WB_WDI_NY_GDP_PCAP_PP_CD,ARE,_T,_T,_T,_Z,_Z,_Z,2012,A,PPP,
38336.596184,P1Y,0,,A,PU,_Z,2,,,False,WB_WDI,WB_WDI_NY_GDP_PCAP_PP_CD,GBR,_T,_T,_T,_Z,_Z,_Z,2012,A,PPP,
51708.394061,P1Y,0,,A,PU,_Z,2,,,False,WB_WDI,WB_WDI_NY_GDP_PCAP_PP_CD,USA,_T,_T,_T,_Z,_Z,_Z,2012,A,PPP,
19495.422366,P1Y,0,,A,PU,_Z,2,,,False,WB_WDI,WB_WDI_NY_GDP_PCAP_PP_CD,URY,_T,_T,_T,_Z,_Z,_Z,2012,A,PPP,
4735.681824,P1Y,0,,A,PU,_Z,2,,,False,WB_WDI,WB_WDI_NY_GDP_PCAP_PP_CD,IDB,_T,_T,_T,_Z,_Z,_Z,2011,A,PPP,
2429.495475,P1Y,0,,A,PU,_Z,2,,,False,WB_WDI,WB_WDI_NY_GDP_PCAP_PP_CD,IDX,_T,_T,_T,_Z,_Z,_Z,2011,A,PPP,
3245.479382,P1Y,0,,A,PU,_Z,2,,,False,WB_WDI,WB_WDI_NY_GDP_PCAP_PP_CD,IDA,_T,_T,_T,_Z,_Z,_Z,2011,A,PPP,
12812.617194,P1Y,0,,A,PU,_Z,2,,,False,WB_WDI,WB_WDI_NY_GDP_PCAP_PP_CD,LTE,_T,_T,_T,_Z,_Z,_Z,2011,A,PPP,
14372.439324,P1Y,0,,A,PU,_Z,2,,,False,WB_WDI,WB_WDI_NY_GDP_PCAP_PP_CD,LCN,_T,_T,_T,_Z,_Z,_Z,2011,A,PPP,
13969.418909,P1Y,0,,A,PU,_Z,2,,,False,WB_WDI,WB_WDI_NY_GDP_PCAP_PP_CD,LAC,_T,_T,_T,_Z,_Z,_Z,2011,A,PPP,
14297.095466,P1Y,0,,A,PU,_Z,2,,,False,WB_WDI,WB_WDI_NY_GDP_PCAP_PP_CD,TLA,_T,_T,_T,_Z,_Z,_Z,2011,A,PPP,
2340.030045,P1Y,0,,A,PU,_Z,2,,,False,WB_WDI,WB_WDI_NY_GDP_PCAP_PP_CD,LDC,_T,_T,_T,_Z,_Z,_Z,2011,A,PPP,
7868.323874,P1Y,0,,A,PU,_Z,2,,,False,WB_WDI,WB_WDI_NY_GDP_PCAP_PP_CD,LMY,_T,_T,_T,_Z,_Z,_Z,2011,A,PPP,
1702.586831,P1Y,0,,A,PU,_Z,2,,,False,WB_WDI,WB_WDI_NY_GDP_PCAP_PP_CD,LIC,_T,_T,_T,_Z,_Z,_Z,2011,A,PPP,
4704.794796,P1Y,0,,A,PU,_Z,2,,,False,WB_WDI,WB_WDI_NY_GDP_PCAP_PP_CD,LMC,_T,_T,_T,_Z,_Z,_Z,2011,A,PPP,
12656.189024,P1Y,0,,A,PU,_Z,2,,,False,WB_WDI,WB_WDI_NY_GDP_PCAP_PP_CD,MEA,_T,_T,_T,_Z,_Z,_Z,2011,A,PPP,
8227.875572,P1Y,0,,A,PU,_Z,2,,,False,WB_WDI,WB_WDI_NY_GDP_PCAP_PP_CD,MNA,_T,_T,_T,_Z,_Z,_Z,2011,A,PPP,
11286.269697,P1Y,0,,A,PU,_Z,2,,,False,WB_WDI,WB_WDI_NY_GDP_PCAP_PP_CD,DMA,_T,_T,_T,_Z,_Z,_Z,2013,A,PPP,
12413.910018,P1Y,0,,A,PU,_Z,2,,,False,WB_WDI,WB_WDI_NY_GDP_PCAP_PP_CD,DOM,_T,_T,_T,_Z,_Z,_Z,2013,A,PPP,
11295.61278,P1Y,0,,A,PU,_Z,2,,,False,WB_WDI,WB_WDI_NY_GDP_PCAP_PP_CD,ECU,_T,_T,_T,_Z,_Z,_Z,2013,A,PPP,
10511.393168,P1Y,0,,A,PU,_Z,2,,,False,WB_WDI,WB_WDI_NY_GDP_PCAP_PP_CD,EGY,_T,_T,_T,_Z,_Z,_Z,2013,A,PPP,
7092.588521,P1Y,0,,A,PU,_Z,2,,,False,WB_WDI,WB_WDI_NY_GDP_PCAP_PP_CD,SLV,_T,_T,_T,_Z,_Z,_Z,2013,A,PPP,
27909.517588,P1Y,0,,A,PU,_Z,2,,,False,WB_WDI,WB_WDI_NY_GDP_PCAP_PP_CD,GNQ,_T,_T,_T,_Z,_Z,_Z,2013,A,PPP,
27831.152623,P1Y,0,,A,PU,_Z,2,,,False,WB_WDI,WB_WDI_NY_GDP_PCAP_PP_CD,EST,_T,_T,_T,_Z,_Z,_Z,2013,A,PPP,
8231.151398,P1Y,0,,A,PU,_Z,2,,,False,WB_WDI,WB_WDI_NY_GDP_PCAP_PP_CD,SWZ,_T,_T,_T,_Z,_Z,_Z,2013,A,PPP,
1252.868964,P1Y,0,,A,PU,_Z,2,,,False,WB_WDI,WB_WDI_NY_GDP_PCAP_PP_CD,ETH,_T,_T,_T,_Z,_Z,_Z,2013,A,PPP,
49780.841603,P1Y,0,,A,PU,_Z,2,,,False,WB_WDI,WB_WDI_NY_GDP_PCAP_PP_CD,FRO,_T,_T,_T,_Z,_Z,_Z,2013,A,PPP,
1825.684517,P1Y,0,,A,PU,_Z,2,,,False,WB_WDI,WB_WDI_NY_GDP_PCAP_PP_CD,HPC,_T,_T,_T,_Z,_Z,_Z,2007,A,PPP,
35402.882014,P1Y,0,,A,PU,_Z,2,,,False,WB_WDI,WB_WDI_NY_GDP_PCAP_PP_CD,HIC,_T,_T,_T,_Z,_Z,_Z,2007,A,PPP,
7836.11551,P1Y,0,,A,PU,_Z,2,,,False,WB_WDI,WB_WDI_NY_GDP_PCAP_PP_CD,IBD,_T,_T,_T,_Z,_Z,_Z,2007,A,PPP,
6623.966946,P1Y,0,,A,PU,_Z,2,,,False,WB_WDI,WB_WDI_NY_GDP_PCAP_PP_CD,IBT,_T,_T,_T,_Z,_Z,_Z,2007,A,PPP,
4068.726588,P1Y,0,,A,PU,_Z,2,,,False,WB_WDI,WB_WDI_NY_GDP_PCAP_PP_CD,IDB,_T,_T,_T,_Z,_Z,_Z,2007,A,PPP,
2024.894008,P1Y,0,,A,PU,_Z,2,,,False,WB_WDI,WB_WDI_NY_GDP_PCAP_PP_CD,IDX,_T,_T,_T,_Z,_Z,_Z,2007,A,PPP,
2742.507301,P1Y,0,,A,PU,_Z,2,,,False,WB_WDI,WB_WDI_NY_GDP_PCAP_PP_CD,IDA,_T,_T,_T,_Z,_Z,_Z,2007,A,PPP,
9439.009728,P1Y,0,,A,PU,_Z,2,,,False,WB_WDI,WB_WDI_NY_GDP_PCAP_PP_CD,LTE,_T,_T,_T,_Z,_Z,_Z,2007,A,PPP,
12311.494036,P1Y,0,,A,PU,_Z,2,,,False,WB_WDI,WB_WDI_NY_GDP_PCAP_PP_CD,LCN,_T,_T,_T,_Z,_Z,_Z,2007,A,PPP,
11840.906622,P1Y,0,,A,PU,_Z,2,,,False,WB_WDI,WB_WDI_NY_GDP_PCAP_PP_CD,LAC,_T,_T,_T,_Z,_Z,_Z,2007,A,PPP,
12218.81892,P1Y,0,,A,PU,_Z,2,,,False,WB_WDI,WB_WDI_NY_GDP_PCAP_PP_CD,TLA,_T,_T,_T,_Z,_Z,_Z,2007,A,PPP,
1970.608609,P1Y,0,,A,PU,_Z,2,,,False,WB_WDI,WB_WDI_NY_GDP_PCAP_PP_CD,LDC,_T,_T,_T,_Z,_Z,_Z,2007,A,PPP,
6201.993088,P1Y,0,,A,PU,_Z,2,,,False,WB_WDI,WB_WDI_NY_GDP_PCAP_PP_CD,LMY,_T,_T,_T,_Z,_Z,_Z,2007,A,PPP,
7699.945412,P1Y,0,,A,PU,_Z,2,,,False,WB_WDI,WB_WDI_NY_GDP_PCAP_PP_CD,GTM,_T,_T,_T,_Z,_Z,_Z,2013,A,PPP,
1842.002277,P1Y,0,,A,PU,_Z,2,,,False,WB_WDI,WB_WDI_NY_GDP_PCAP_PP_CD,GIN,_T,_T,_T,_Z,_Z,_Z,2013,A,PPP,
1415.825119,P1Y,0,,A,PU,_Z,2,,,False,WB_WDI,WB_WDI_NY_GDP_PCAP_PP_CD,GNB,_T,_T,_T,_Z,_Z,_Z,2013,A,PPP,
11199.887474,P1Y,0,,A,PU,_Z,2,,,False,WB_WDI,WB_WDI_NY_GDP_PCAP_PP_CD,GUY,_T,_T,_T,_Z,_Z,_Z,2013,A,PPP,
3042.497069,P1Y,0,,A,PU,_Z,2,,,False,WB_WDI,WB_WDI_NY_GDP_PCAP_PP_CD,HTI,_T,_T,_T,_Z,_Z,_Z,2013,A,PPP,
4137.326824,P1Y,0,,A,PU,_Z,2,,,False,WB_WDI,WB_WDI_NY_GDP_PCAP_PP_CD,HND,_T,_T,_T,_Z,_Z,_Z,2013,A,PPP,
53517.41955,P1Y,0,,A,PU,_Z,2,,,False,WB_WDI,WB_WDI_NY_GDP_PCAP_PP_CD,HKG,_T,_T,_T,_Z,_Z,_Z,2013,A,PPP,
24591.63805,P1Y,0,,A,PU,_Z,2,,,False,WB_WDI,WB_WDI_NY_GDP_PCAP_PP_CD,HUN,_T,_T,_T,_Z,_Z,_Z,2013,A,PPP,
44409.668953,P1Y,0,,A,PU,_Z,2,,,False,WB_WDI,WB_WDI_NY_GDP_PCAP_PP_CD,ISL,_T,_T,_T,_Z,_Z,_Z,2013,A,PPP,
5014.350566,P1Y,0,,A,PU,_Z,2,,,False,WB_WDI,WB_WDI_NY_GDP_PCAP_PP_CD,IND,_T,_T,_T,_Z,_Z,_Z,2013,A,PPP,
22789.542969,P1Y,0,,A,PU,_Z,2,,,False,WB_WDI,WB_WDI_NY_GDP_PCAP_PP_CD,RUS,_T,_T,_T,_Z,_Z,_Z,2011,A,PPP,
1412.907522,P1Y,0,,A,PU,_Z,2,,,False,WB_WDI,WB_WDI_NY_GDP_PCAP_PP_CD,RWA,_T,_T,_T,_Z,_Z,_Z,2011,A,PPP,
5494.240631,P1Y,0,,A,PU,_Z,2,,,False,WB_WDI,WB_WDI_NY_GDP_PCAP_PP_CD,WSM,_T,_T,_T,_Z,_Z,_Z,2011,A,PPP,
56239.959273,P1Y,0,,A,PU,_Z,2,,,False,WB_WDI,WB_WDI_NY_GDP_PCAP_PP_CD,SMR,_T,_T,_T,_Z,_Z,_Z,2011,A,PPP,
2914.212857,P1Y,0,,A,PU,_Z,2,,,False,WB_WDI,WB_WDI_NY_GDP_PCAP_PP_CD,STP,_T,_T,_T,_Z,_Z,_Z,2011,A,PPP,
64125.217723,P1Y,0,,A,PU,_Z,2,,,False,WB_WDI,WB_WDI_NY_GDP_PCAP_PP_CD,SAU,_T,_T,_T,_Z,_Z,_Z,2011,A,PPP,
2684.949897,P1Y,0,,A,PU,_Z,2,,,False,WB_WDI,WB_WDI_NY_GDP_PCAP_PP_CD,SEN,_T,_T,_T,_Z,_Z,_Z,2011,A,PPP,
14298.267744,P1Y,0,,A,PU,_Z,2,,,False,WB_WDI,WB_WDI_NY_GDP_PCAP_PP_CD,SRB,_T,_T,_T,_Z,_Z,_Z,2011,A,PPP,
21780.707558,P1Y,0,,A,PU,_Z,2,,,False,WB_WDI,WB_WDI_NY_GDP_PCAP_PP_CD,SYC,_T,_T,_T,_Z,_Z,_Z,2011,A,PPP,
2042.700091,P1Y,0,,A,PU,_Z,2,,,False,WB_WDI,WB_WDI_NY_GDP_PCAP_PP_CD,SLE,_T,_T,_T,_Z,_Z,_Z,2011,A,PPP,
80052.391498,P1Y,0,,A,PU,_Z,2,,,False,WB_WDI,WB_WDI_NY_GDP_PCAP_PP_CD,SGP,_T,_T,_T,_Z,_Z,_Z,2011,A,PPP,
39730.546735,P1Y,0,,A,PU,_Z,2,,,False,WB_WDI,WB_WDI_NY_GDP_PCAP_PP_CD,SXM,_T,_T,_T,_Z,_Z,_Z,2011,A,PPP,
4171.760266,P1Y,0,,A,PU,_Z,2,,,False,WB_WDI,WB_WDI_NY_GDP_PCAP_PP_CD,EAR,_T,_T,_T,_Z,_Z,_Z,2000,A,PPP,
5817.260197,P1Y,0,,A,PU,_Z,2,,,False,WB_WDI,WB_WDI_NY_GDP_PCAP_PP_CD,EAS,_T,_T,_T,_Z,_Z,_Z,2000,A,PPP,
3341.289308,P1Y,0,,A,PU,_Z,2,,,False,WB_WDI,WB_WDI_NY_GDP_PCAP_PP_CD,EAP,_T,_T,_T,_Z,_Z,_Z,2000,A,PPP,
3381.171667,P1Y,0,,A,PU,_Z,2,,,False,WB_WDI,WB_WDI_NY_GDP_PCAP_PP_CD,TEA,_T,_T,_T,_Z,_Z,_Z,2000,A,PPP,
25153.598259,P1Y,0,,A,PU,_Z,2,,,False,WB_WDI,WB_WDI_NY_GDP_PCAP_PP_CD,EMU,_T,_T,_T,_Z,_Z,_Z,2000,A,PPP,
15905.798403,P1Y,0,,A,PU,_Z,2,,,False,WB_WDI,WB_WDI_NY_GDP_PCAP_PP_CD,ECS,_T,_T,_T,_Z,_Z,_Z,2000,A,PPP,
5721.127289,P1Y,0,,A,PU,_Z,2,,,False,WB_WDI,WB_WDI_NY_GDP_PCAP_PP_CD,ECA,_T,_T,_T,_Z,_Z,_Z,2000,A,PPP,
6595.519019,P1Y,0,,A,PU,_Z,2,,,False,WB_WDI,WB_WDI_NY_GDP_PCAP_PP_CD,TEC,_T,_T,_T,_Z,_Z,_Z,2000,A,PPP,
22111.549183,P1Y,0,,A,PU,_Z,2,,,False,WB_WDI,WB_WDI_NY_GDP_PCAP_PP_CD,EUU,_T,_T,_T,_Z,_Z,_Z,2000,A,PPP,
1332.576056,P1Y,0,,A,PU,_Z,2,,,False,WB_WDI,WB_WDI_NY_GDP_PCAP_PP_CD,HPC,_T,_T,_T,_Z,_Z,_Z,2000,A,PPP,
25057.790194,P1Y,0,,A,PU,_Z,2,,,False,WB_WDI,WB_WDI_NY_GDP_PCAP_PP_CD,HIC,_T,_T,_T,_Z,_Z,_Z,2000,A,PPP,
4503.881009,P1Y,0,,A,PU,_Z,2,,,False,WB_WDI,WB_WDI_NY_GDP_PCAP_PP_CD,IBD,_T,_T,_T,_Z,_Z,_Z,2000,A,PPP,
3912.592895,P1Y,0,,A,PU,_Z,2,,,False,WB_WDI,WB_WDI_NY_GDP_PCAP_PP_CD,IBT,_T,_T,_T,_Z,_Z,_Z,2000,A,PPP,
18435.203186,P1Y,0,,A,PU,_Z,2,,,False,WB_WDI,WB_WDI_NY_GDP_PCAP_PP_CD,MUS,_T,_T,_T,_Z,_Z,_Z,2013,A,PPP,
18170.26479,P1Y,0,,A,PU,_Z,2,,,False,WB_WDI,WB_WDI_NY_GDP_PCAP_PP_CD,MEX,_T,_T,_T,_Z,_Z,_Z,2013,A,PPP,
3165.656857,P1Y,0,,A,PU,_Z,2,,,False,WB_WDI,WB_WDI_NY_GDP_PCAP_PP_CD,FSM,_T,_T,_T,_Z,_Z,_Z,2013,A,PPP,
8232.523805,P1Y,0,,A,PU,_Z,2,,,False,WB_WDI,WB_WDI_NY_GDP_PCAP_PP_CD,MDA,_T,_T,_T,_Z,_Z,_Z,2013,A,PPP,
10442.38505,P1Y,0,,A,PU,_Z,2,,,False,WB_WDI,WB_WDI_NY_GDP_PCAP_PP_CD,MNG,_T,_T,_T,_Z,_Z,_Z,2013,A,PPP,
14692.057437,P1Y,0,,A,PU,_Z,2,,,False,WB_WDI,WB_WDI_NY_GDP_PCAP_PP_CD,MNE,_T,_T,_T,_Z,_Z,_Z,2013,A,PPP,
7542.098633,P1Y,0,,A,PU,_Z,2,,,False,WB_WDI,WB_WDI_NY_GDP_PCAP_PP_CD,MAR,_T,_T,_T,_Z,_Z,_Z,2013,A,PPP,
1113.752528,P1Y,0,,A,PU,_Z,2,,,False,WB_WDI,WB_WDI_NY_GDP_PCAP_PP_CD,MOZ,_T,_T,_T,_Z,_Z,_Z,2013,A,PPP,
4143.630127,P1Y,0,,A,PU,_Z,2,,,False,WB_WDI,WB_WDI_NY_GDP_PCAP_PP_CD,MMR,_T,_T,_T,_Z,_Z,_Z,2013,A,PPP,
9699.208378,P1Y,0,,A,PU,_Z,2,,,False,WB_WDI,WB_WDI_NY_GDP_PCAP_PP_CD,NAM,_T,_T,_T,_Z,_Z,_Z,2013,A,PPP,
9866.016993,P1Y,0,,A,PU,_Z,2,,,False,WB_WDI,WB_WDI_NY_GDP_PCAP_PP_CD,IDN,_T,_T,_T,_Z,_Z,_Z,2013,A,PPP,
16215.211901,P1Y,0,,A,PU,_Z,2,,,False,WB_WDI,WB_WDI_NY_GDP_PCAP_PP_CD,IRN,_T,_T,_T,_Z,_Z,_Z,2013,A,PPP,
14668.543276,P1Y,0,,A,PU,_Z,2,,,False,WB_WDI,WB_WDI_NY_GDP_PCAP_PP_CD,IRQ,_T,_T,_T,_Z,_Z,_Z,2013,A,PPP,
48838.771983,P1Y,0,,A,PU,_Z,2,,,False,WB_WDI,WB_WDI_NY_GDP_PCAP_PP_CD,IRL,_T,_T,_T,_Z,_Z,_Z,2013,A,PPP,
34827.364735,P1Y,0,,A,PU,_Z,2,,,False,WB_WDI,WB_WDI_NY_GDP_PCAP_PP_CD,ISR,_T,_T,_T,_Z,_Z,_Z,2013,A,PPP,
36459.295025,P1Y,0,,A,PU,_Z,2,,,False,WB_WDI,WB_WDI_NY_GDP_PCAP_PP_CD,ITA,_T,_T,_T,_Z,_Z,_Z,2013,A,PPP,
9101.414967,P1Y,0,,A,PU,_Z,2,,,False,WB_WDI,WB_WDI_NY_GDP_PCAP_PP_CD,JAM,_T,_T,_T,_Z,_Z,_Z,2013,A,PPP,
39402.025099,P1Y,0,,A,PU,_Z,2,,,False,WB_WDI,WB_WDI_NY_GDP_PCAP_PP_CD,JPN,_T,_T,_T,_Z,_Z,_Z,2013,A,PPP,
9816.598557,P1Y,0,,A,PU,_Z,2,,,False,WB_WDI,WB_WDI_NY_GDP_PCAP_PP_CD,JOR,_T,_T,_T,_Z,_Z,_Z,2013,A,PPP,
23754.134195,P1Y,0,,A,PU,_Z,2,,,False,WB_WDI,WB_WDI_NY_GDP_PCAP_PP_CD,KAZ,_T,_T,_T,_Z,_Z,_Z,2013,A,PPP,
3106.393945,P1Y,0,,A,PU,_Z,2,,,False,WB_WDI,WB_WDI_NY_GDP_PCAP_PP_CD,KEN,_T,_T,_T,_Z,_Z,_Z,2013,A,PPP,
3023.755132,P1Y,0,,A,PU,_Z,2,,,False,WB_WDI,WB_WDI_NY_GDP_PCAP_PP_CD,AFE,_T,_T,_T,_Z,_Z,_Z,2007,A,PPP,
3762.119849,P1Y,0,,A,PU,_Z,2,,,False,WB_WDI,WB_WDI_NY_GDP_PCAP_PP_CD,AFW,_T,_T,_T,_Z,_Z,_Z,2007,A,PPP,
13618.279291,P1Y,0,,A,PU,_Z,2,,,False,WB_WDI,WB_WDI_NY_GDP_PCAP_PP_CD,ARB,_T,_T,_T,_Z,_Z,_Z,2007,A,PPP,
19223.810664,P1Y,0,,A,PU,_Z,2,,,False,WB_WDI,WB_WDI_NY_GDP_PCAP_PP_CD,CSS,_T,_T,_T,_Z,_Z,_Z,2007,A,PPP,
17693.663193,P1Y,0,,A,PU,_Z,2,,,False,WB_WDI,WB_WDI_NY_GDP_PCAP_PP_CD,CEB,_T,_T,_T,_Z,_Z,_Z,2007,A,PPP,
6186.449564,P1Y,0,,A,PU,_Z,2,,,False,WB_WDI,WB_WDI_NY_GDP_PCAP_PP_CD,EAR,_T,_T,_T,_Z,_Z,_Z,2007,A,PPP,
9932.851016,P1Y,0,,A,PU,_Z,2,,,False,WB_WDI,WB_WDI_NY_GDP_PCAP_PP_CD,EAS,_T,_T,_T,_Z,_Z,_Z,2007,A,PPP,
6831.179762,P1Y,0,,A,PU,_Z,2,,,False,WB_WDI,WB_WDI_NY_GDP_PCAP_PP_CD,EAP,_T,_T,_T,_Z,_Z,_Z,2007,A,PPP,
6910.960838,P1Y,0,,A,PU,_Z,2,,,False,WB_WDI,WB_WDI_NY_GDP_PCAP_PP_CD,TEA,_T,_T,_T,_Z,_Z,_Z,2007,A,PPP,
34344.016603,P1Y,0,,A,PU,_Z,2,,,False,WB_WDI,WB_WDI_NY_GDP_PCAP_PP_CD,EMU,_T,_T,_T,_Z,_Z,_Z,2007,A,PPP,
24174.178158,P1Y,0,,A,PU,_Z,2,,,False,WB_WDI,WB_WDI_NY_GDP_PCAP_PP_CD,ECS,_T,_T,_T,_Z,_Z,_Z,2007,A,PPP,
10593.213631,P1Y,0,,A,PU,_Z,2,,,False,WB_WDI,WB_WDI_NY_GDP_PCAP_PP_CD,ECA,_T,_T,_T,_Z,_Z,_Z,2007,A,PPP,
13379.905595,P1Y,0,,A,PU,_Z,2,,,False,WB_WDI,WB_WDI_NY_GDP_PCAP_PP_CD,TEC,_T,_T,_T,_Z,_Z,_Z,2007,A,PPP,
31125.361501,P1Y,0,,A,PU,_Z,2,,,False,WB_WDI,WB_WDI_NY_GDP_PCAP_PP_CD,EUU,_T,_T,_T,_Z,_Z,_Z,2007,A,PPP,
31036.627097,P1Y,0,,A,PU,_Z,2,,,False,WB_WDI,WB_WDI_NY_GDP_PCAP_PP_CD,ECS,_T,_T,_T,_Z,_Z,_Z,2015,A,PPP,
16078.50467,P1Y,0,,A,PU,_Z,2,,,False,WB_WDI,WB_WDI_NY_GDP_PCAP_PP_CD,ECA,_T,_T,_T,_Z,_Z,_Z,2015,A,PPP,
19994.353009,P1Y,0,,A,PU,_Z,2,,,False,WB_WDI,WB_WDI_NY_GDP_PCAP_PP_CD,TEC,_T,_T,_T,_Z,_Z,_Z,2015,A,PPP,
38548.926008,P1Y,0,,A,PU,_Z,2,,,False,WB_WDI,WB_WDI_NY_GDP_PCAP_PP_CD,EUU,_T,_T,_T,_Z,_Z,_Z,2015,A,PPP,
2407.822531,P1Y,0,,A,PU,_Z,2,,,False,WB_WDI,WB_WDI_NY_GDP_PCAP_PP_CD,HPC,_T,_T,_T,_Z,_Z,_Z,2015,A,PPP,
43112.206985,P1Y,0,,A,PU,_Z,2,,,False,WB_WDI,WB_WDI_NY_GDP_PCAP_PP_CD,HIC,_T,_T,_T,_Z,_Z,_Z,2015,A,PPP,
11696.701405,P1Y,0,,A,PU,_Z,2,,,False,WB_WDI,WB_WDI_NY_GDP_PCAP_PP_CD,IBD,_T,_T,_T,_Z,_Z,_Z,2015,A,PPP,
9682.380251,P1Y,0,,A,PU,_Z,2,,,False,WB_WDI,WB_WDI_NY_GDP_PCAP_PP_CD,IBT,_T,_T,_T,_Z,_Z,_Z,2015,A,PPP,
5466.862338,P1Y,0,,A,PU,_Z,2,,,False,WB_WDI,WB_WDI_NY_GDP_PCAP_PP_CD,IDB,_T,_T,_T,_Z,_Z,_Z,2015,A,PPP,
2917.541074,P1Y,0,,A,PU,_Z,2,,,False,WB_WDI,WB_WDI_NY_GDP_PCAP_PP_CD,IDX,_T,_T,_T,_Z,_Z,_Z,2015,A,PPP,
3818.710983,P1Y,0,,A,PU,_Z,2,,,False,WB_WDI,WB_WDI_NY_GDP_PCAP_PP_CD,IDA,_T,_T,_T,_Z,_Z,_Z,2015,A,PPP,
15136.845187,P1Y,0,,A,PU,_Z,2,,,False,WB_WDI,WB_WDI_NY_GDP_PCAP_PP_CD,LTE,_T,_T,_T,_Z,_Z,_Z,2015,A,PPP,
11630.662812,P1Y,0,,A,PU,_Z,2,,,False,WB_WDI,WB_WDI_NY_GDP_PCAP_PP_CD,CEB,_T,_T,_T,_Z,_Z,_Z,2002,A,PPP,
4357.061443,P1Y,0,,A,PU,_Z,2,,,False,WB_WDI,WB_WDI_NY_GDP_PCAP_PP_CD,EAR,_T,_T,_T,_Z,_Z,_Z,2002,A,PPP,
6501.47159,P1Y,0,,A,PU,_Z,2,,,False,WB_WDI,WB_WDI_NY_GDP_PCAP_PP_CD,EAS,_T,_T,_T,_Z,_Z,_Z,2002,A,PPP,
3906.759646,P1Y,0,,A,PU,_Z,2,,,False,WB_WDI,WB_WDI_NY_GDP_PCAP_PP_CD,EAP,_T,_T,_T,_Z,_Z,_Z,2002,A,PPP,
3953.034102,P1Y,0,,A,PU,_Z,2,,,False,WB_WDI,WB_WDI_NY_GDP_PCAP_PP_CD,TEA,_T,_T,_T,_Z,_Z,_Z,2002,A,PPP,
27381.09917,P1Y,0,,A,PU,_Z,2,,,False,WB_WDI,WB_WDI_NY_GDP_PCAP_PP_CD,EMU,_T,_T,_T,_Z,_Z,_Z,2002,A,PPP,
17502.293888,P1Y,0,,A,PU,_Z,2,,,False,WB_WDI,WB_WDI_NY_GDP_PCAP_PP_CD,ECS,_T,_T,_T,_Z,_Z,_Z,2002,A,PPP,
6241.753097,P1Y,0,,A,PU,_Z,2,,,False,WB_WDI,WB_WDI_NY_GDP_PCAP_PP_CD,ECA,_T,_T,_T,_Z,_Z,_Z,2002,A,PPP,
7463.082626,P1Y,0,,A,PU,_Z,2,,,False,WB_WDI,WB_WDI_NY_GDP_PCAP_PP_CD,TEC,_T,_T,_T,_Z,_Z,_Z,2002,A,PPP,
24225.431318,P1Y,0,,A,PU,_Z,2,,,False,WB_WDI,WB_WDI_NY_GDP_PCAP_PP_CD,EUU,_T,_T,_T,_Z,_Z,_Z,2002,A,PPP,
1413.98011,P1Y,0,,A,PU,_Z,2,,,False,WB_WDI,WB_WDI_NY_GDP_PCAP_PP_CD,HPC,_T,_T,_T,_Z,_Z,_Z,2002,A,PPP,
26895.628214,P1Y,0,,A,PU,_Z,2,,,False,WB_WDI,WB_WDI_NY_GDP_PCAP_PP_CD,HIC,_T,_T,_T,_Z,_Z,_Z,2002,A,PPP,
4955.413729,P1Y,0,,A,PU,_Z,2,,,False,WB_WDI,WB_WDI_NY_GDP_PCAP_PP_CD,IBD,_T,_T,_T,_Z,_Z,_Z,2002,A,PPP,
4287.863058,P1Y,0,,A,PU,_Z,2,,,False,WB_WDI,WB_WDI_NY_GDP_PCAP_PP_CD,IBT,_T,_T,_T,_Z,_Z,_Z,2002,A,PPP,
3024.848975,P1Y,0,,A,PU,_Z,2,,,False,WB_WDI,WB_WDI_NY_GDP_PCAP_PP_CD,IDB,_T,_T,_T,_Z,_Z,_Z,2002,A,PPP,
2221.179688,P1Y,0,,A,PU,_Z,2,,,False,WB_WDI,WB_WDI_NY_GDP_PCAP_PP_CD,TZA,_T,_T,_T,_Z,_Z,_Z,2014,A,PPP,
15365.31754,P1Y,0,,A,PU,_Z,2,,,False,WB_WDI,WB_WDI_NY_GDP_PCAP_PP_CD,THA,_T,_T,_T,_Z,_Z,_Z,2014,A,PPP,
2859.860583,P1Y,0,,A,PU,_Z,2,,,False,WB_WDI,WB_WDI_NY_GDP_PCAP_PP_CD,TLS,_T,_T,_T,_Z,_Z,_Z,2014,A,PPP,
1803.14811,P1Y,0,,A,PU,_Z,2,,,False,WB_WDI,WB_WDI_NY_GDP_PCAP_PP_CD,TGO,_T,_T,_T,_Z,_Z,_Z,2014,A,PPP,
5335.915763,P1Y,0,,A,PU,_Z,2,,,False,WB_WDI,WB_WDI_NY_GDP_PCAP_PP_CD,TON,_T,_T,_T,_Z,_Z,_Z,2014,A,PPP,
32026.530096,P1Y,0,,A,PU,_Z,2,,,False,WB_WDI,WB_WDI_NY_GDP_PCAP_PP_CD,TTO,_T,_T,_T,_Z,_Z,_Z,2014,A,PPP,
10946.893576,P1Y,0,,A,PU,_Z,2,,,False,WB_WDI,WB_WDI_NY_GDP_PCAP_PP_CD,TUN,_T,_T,_T,_Z,_Z,_Z,2014,A,PPP,
24192.537614,P1Y,0,,A,PU,_Z,2,,,False,WB_WDI,WB_WDI_NY_GDP_PCAP_PP_CD,TUR,_T,_T,_T,_Z,_Z,_Z,2014,A,PPP,
12476.534436,P1Y,0,,A,PU,_Z,2,,,False,WB_WDI,WB_WDI_NY_GDP_PCAP_PP_CD,TKM,_T,_T,_T,_Z,_Z,_Z,2014,A,PPP,
25546.292732,P1Y,0,,A,PU,_Z,2,,,False,WB_WDI,WB_WDI_NY_GDP_PCAP_PP_CD,TCA,_T,_T,_T,_Z,_Z,_Z,2014,A,PPP,
3418.852643,P1Y,0,,A,PU,_Z,2,,,False,WB_WDI,WB_WDI_NY_GDP_PCAP_PP_CD,TUV,_T,_T,_T,_Z,_Z,_Z,2014,A,PPP,
2134.009163,P1Y,0,,A,PU,_Z,2,,,False,WB_WDI,WB_WDI_NY_GDP_PCAP_PP_CD,UGA,_T,_T,_T,_Z,_Z,_Z,2014,A,PPP,
60010.098291,P1Y,0,,A,PU,_Z,2,,,False,WB_WDI,WB_WDI_NY_GDP_PCAP_PP_CD,GRL,_T,_T,_T,_Z,_Z,_Z,2017,A,PPP,
15041.452571,P1Y,0,,A,PU,_Z,2,,,False,WB_WDI,WB_WDI_NY_GDP_PCAP_PP_CD,GRD,_T,_T,_T,_Z,_Z,_Z,2017,A,PPP,
9560.177835,P1Y,0,,A,PU,_Z,2,,,False,WB_WDI,WB_WDI_NY_GDP_PCAP_PP_CD,GTM,_T,_T,_T,_Z,_Z,_Z,2017,A,PPP,
2687.095048,P1Y,0,,A,PU,_Z,2,,,False,WB_WDI,WB_WDI_NY_GDP_PCAP_PP_CD,GIN,_T,_T,_T,_Z,_Z,_Z,2017,A,PPP,
2081.812872,P1Y,0,,A,PU,_Z,2,,,False,WB_WDI,WB_WDI_NY_GDP_PCAP_PP_CD,GNB,_T,_T,_T,_Z,_Z,_Z,2017,A,PPP,
12243.222597,P1Y,0,,A,PU,_Z,2,,,False,WB_WDI,WB_WDI_NY_GDP_PCAP_PP_CD,GUY,_T,_T,_T,_Z,_Z,_Z,2017,A,PPP,
3339.388847,P1Y,0,,A,PU,_Z,2,,,False,WB_WDI,WB_WDI_NY_GDP_PCAP_PP_CD,HTI,_T,_T,_T,_Z,_Z,_Z,2017,A,PPP,
5620.654552,P1Y,0,,A,PU,_Z,2,,,False,WB_WDI,WB_WDI_NY_GDP_PCAP_PP_CD,HND,_T,_T,_T,_Z,_Z,_Z,2017,A,PPP,
59260.913176,P1Y,0,,A,PU,_Z,2,,,False,WB_WDI,WB_WDI_NY_GDP_PCAP_PP_CD,HKG,_T,_T,_T,_Z,_Z,_Z,2017,A,PPP,
29728.012157,P1Y,0,,A,PU,_Z,2,,,False,WB_WDI,WB_WDI_NY_GDP_PCAP_PP_CD,HUN,_T,_T,_T,_Z,_Z,_Z,2017,A,PPP,
55638.492059,P1Y,0,,A,PU,_Z,2,,,False,WB_WDI,WB_WDI_NY_GDP_PCAP_PP_CD,ISL,_T,_T,_T,_Z,_Z,_Z,2017,A,PPP,
31746.205244,P1Y,0,,A,PU,_Z,2,,,False,WB_WDI,WB_WDI_NY_GDP_PCAP_PP_CD,TTO,_T,_T,_T,_Z,_Z,_Z,2013,A,PPP,
10671.569727,P1Y,0,,A,PU,_Z,2,,,False,WB_WDI,WB_WDI_NY_GDP_PCAP_PP_CD,TUN,_T,_T,_T,_Z,_Z,_Z,2013,A,PPP,
22475.290978,P1Y,0,,A,PU,_Z,2,,,False,WB_WDI,WB_WDI_NY_GDP_PCAP_PP_CD,TUR,_T,_T,_T,_Z,_Z,_Z,2013,A,PPP,
11722.808627,P1Y,0,,A,PU,_Z,2,,,False,WB_WDI,WB_WDI_NY_GDP_PCAP_PP_CD,TKM,_T,_T,_T,_Z,_Z,_Z,2013,A,PPP,
23931.689298,P1Y,0,,A,PU,_Z,2,,,False,WB_WDI,WB_WDI_NY_GDP_PCAP_PP_CD,TCA,_T,_T,_T,_Z,_Z,_Z,2013,A,PPP,
3277.213343,P1Y,0,,A,PU,_Z,2,,,False,WB_WDI,WB_WDI_NY_GDP_PCAP_PP_CD,TUV,_T,_T,_T,_Z,_Z,_Z,2013,A,PPP,
2044.881825,P1Y,0,,A,PU,_Z,2,,,False,WB_WDI,WB_WDI_NY_GDP_PCAP_PP_CD,UGA,_T,_T,_T,_Z,_Z,_Z,2013,A,PPP,
10903.825195,P1Y,0,,A,PU,_Z,2,,,False,WB_WDI,WB_WDI_NY_GDP_PCAP_PP_CD,UKR,_T,_T,_T,_Z,_Z,_Z,2013,A,PPP,
87526.32548,P1Y,0,,A,PU,_Z,2,,,False,WB_WDI,WB_WDI_NY_GDP_PCAP_PP_CD,ARE,_T,_T,_T,_Z,_Z,_Z,2013,A,PPP,
39947.536956,P1Y,0,,A,PU,_Z,2,,,False,WB_WDI,WB_WDI_NY_GDP_PCAP_PP_CD,GBR,_T,_T,_T,_Z,_Z,_Z,2013,A,PPP,
53297.38629,P1Y,0,,A,PU,_Z,2,,,False,WB_WDI,WB_WDI_NY_GDP_PCAP_PP_CD,USA,_T,_T,_T,_Z,_Z,_Z,2013,A,PPP,
20661.379341,P1Y,0,,A,PU,_Z,2,,,False,WB_WDI,WB_WDI_NY_GDP_PCAP_PP_CD,URY,_T,_T,_T,_Z,_Z,_Z,2013,A,PPP,
2284.075848,P1Y,0,,A,PU,_Z,2,,,False,WB_WDI,WB_WDI_NY_GDP_PCAP_PP_CD,AFG,_T,_T,_T,_Z,_Z,_Z,2015,A,PPP,
12386.592267,P1Y,0,,A,PU,_Z,2,,,False,WB_WDI,WB_WDI_NY_GDP_PCAP_PP_CD,ALB,_T,_T,_T,_Z,_Z,_Z,2015,A,PPP,
13807.351584,P1Y,0,,A,PU,_Z,2,,,False,WB_WDI,WB_WDI_NY_GDP_PCAP_PP_CD,DZA,_T,_T,_T,_Z,_Z,_Z,2015,A,PPP,
50733.239001,P1Y,0,,A,PU,_Z,2,,,False,WB_WDI,WB_WDI_NY_GDP_PCAP_PP_CD,AND,_T,_T,_T,_Z,_Z,_Z,2015,A,PPP,
8067.485847,P1Y,0,,A,PU,_Z,2,,,False,WB_WDI,WB_WDI_NY_GDP_PCAP_PP_CD,AGO,_T,_T,_T,_Z,_Z,_Z,2015,A,PPP,
20985.438829,P1Y,0,,A,PU,_Z,2,,,False,WB_WDI,WB_WDI_NY_GDP_PCAP_PP_CD,ATG,_T,_T,_T,_Z,_Z,_Z,2015,A,PPP,
19899.149928,P1Y,0,,A,PU,_Z,2,,,False,WB_WDI,WB_WDI_NY_GDP_PCAP_PP_CD,ARG,_T,_T,_T,_Z,_Z,_Z,2015,A,PPP,
9756.840848,P1Y,0,,A,PU,_Z,2,,,False,WB_WDI,WB_WDI_NY_GDP_PCAP_PP_CD,ARM,_T,_T,_T,_Z,_Z,_Z,2015,A,PPP,
35972.859662,P1Y,0,,A,PU,_Z,2,,,False,WB_WDI,WB_WDI_NY_GDP_PCAP_PP_CD,ABW,_T,_T,_T,_Z,_Z,_Z,2015,A,PPP,
46464.586763,P1Y,0,,A,PU,_Z,2,,,False,WB_WDI,WB_WDI_NY_GDP_PCAP_PP_CD,AUS,_T,_T,_T,_Z,_Z,_Z,2015,A,PPP,
49549.316231,P1Y,0,,A,PU,_Z,2,,,False,WB_WDI,WB_WDI_NY_GDP_PCAP_PP_CD,AUT,_T,_T,_T,_Z,_Z,_Z,2015,A,PPP,
11122.899414,P1Y,0,,A,PU,_Z,2,,,False,WB_WDI,WB_WDI_NY_GDP_PCAP_PP_CD,DMA,_T,_T,_T,_Z,_Z,_Z,2011,A,PPP,
11694.664185,P1Y,0,,A,PU,_Z,2,,,False,WB_WDI,WB_WDI_NY_GDP_PCAP_PP_CD,DOM,_T,_T,_T,_Z,_Z,_Z,2011,A,PPP,
9768.692011,P1Y,0,,A,PU,_Z,2,,,False,WB_WDI,WB_WDI_NY_GDP_PCAP_PP_CD,ECU,_T,_T,_T,_Z,_Z,_Z,2011,A,PPP,
8988.107819,P1Y,0,,A,PU,_Z,2,,,False,WB_WDI,WB_WDI_NY_GDP_PCAP_PP_CD,EGY,_T,_T,_T,_Z,_Z,_Z,2011,A,PPP,
6593.678068,P1Y,0,,A,PU,_Z,2,,,False,WB_WDI,WB_WDI_NY_GDP_PCAP_PP_CD,SLV,_T,_T,_T,_Z,_Z,_Z,2011,A,PPP,
27241.600037,P1Y,0,,A,PU,_Z,2,,,False,WB_WDI,WB_WDI_NY_GDP_PCAP_PP_CD,GNQ,_T,_T,_T,_Z,_Z,_Z,2011,A,PPP,
1742.32363,P1Y,0,,A,PU,_Z,2,,,True,WB_WDI,WB_WDI_NY_GDP_PCAP_PP_CD,ERI,_T,_T,_T,_Z,_Z,_Z,2011,A,PPP,
24652.36103,P1Y,0,,A,PU,_Z,2,,,False,WB_WDI,WB_WDI_NY_GDP_PCAP_PP_CD,EST,_T,_T,_T,_Z,_Z,_Z,2011,A,PPP,
7570.996614,P1Y,0,,A,PU,_Z,2,,,False,WB_WDI,WB_WDI_NY_GDP_PCAP_PP_CD,SWZ,_T,_T,_T,_Z,_Z,_Z,2011,A,PPP,
1098.115157,P1Y,0,,A,PU,_Z,2,,,False,WB_WDI,WB_WDI_NY_GDP_PCAP_PP_CD,ETH,_T,_T,_T,_Z,_Z,_Z,2011,A,PPP,
42133.215149,P1Y,0,,A,PU,_Z,2,,,False,WB_WDI,WB_WDI_NY_GDP_PCAP_PP_CD,FRO,_T,_T,_T,_Z,_Z,_Z,2011,A,PPP,
7671.881038,P1Y,0,,A,PU,_Z,2,,,False,WB_WDI,WB_WDI_NY_GDP_PCAP_PP_CD,FJI,_T,_T,_T,_Z,_Z,_Z,2011,A,PPP,
3241.558285,P1Y,0,,A,PU,_Z,2,,,False,WB_WDI,WB_WDI_NY_GDP_PCAP_PP_CD,LDC,_T,_T,_T,_Z,_Z,_Z,2018,A,PPP,
10596.609316,P1Y,0,,A,PU,_Z,2,,,False,WB_WDI,WB_WDI_NY_GDP_PCAP_PP_CD,LMY,_T,_T,_T,_Z,_Z,_Z,2018,A,PPP,
1968.112972,P1Y,0,,A,PU,_Z,2,,,False,WB_WDI,WB_WDI_NY_GDP_PCAP_PP_CD,LIC,_T,_T,_T,_Z,_Z,_Z,2018,A,PPP,
6736.046331,P1Y,0,,A,PU,_Z,2,,,False,WB_WDI,WB_WDI_NY_GDP_PCAP_PP_CD,LMC,_T,_T,_T,_Z,_Z,_Z,2018,A,PPP,
12968.387049,P1Y,0,,A,PU,_Z,2,,,False,WB_WDI,WB_WDI_NY_GDP_PCAP_PP_CD,MEA,_T,_T,_T,_Z,_Z,_Z,2018,A,PPP,
8745.327427,P1Y,0,,A,PU,_Z,2,,,False,WB_WDI,WB_WDI_NY_GDP_PCAP_PP_CD,MNA,_T,_T,_T,_Z,_Z,_Z,2018,A,PPP,
8763.528979,P1Y,0,,A,PU,_Z,2,,,False,WB_WDI,WB_WDI_NY_GDP_PCAP_PP_CD,TMN,_T,_T,_T,_Z,_Z,_Z,2018,A,PPP,
11412.432254,P1Y,0,,A,PU,_Z,2,,,False,WB_WDI,WB_WDI_NY_GDP_PCAP_PP_CD,MIC,_T,_T,_T,_Z,_Z,_Z,2018,A,PPP,
61572.550592,P1Y,0,,A,PU,_Z,2,,,False,WB_WDI,WB_WDI_NY_GDP_PCAP_PP_CD,NAC,_T,_T,_T,_Z,_Z,_Z,2018,A,PPP,
45413.544832,P1Y,0,,A,PU,_Z,2,,,False,WB_WDI,WB_WDI_NY_GDP_PCAP_PP_CD,OED,_T,_T,_T,_Z,_Z,_Z,2018,A,PPP,
20713.515947,P1Y,0,,A,PU,_Z,2,,,False,WB_WDI,WB_WDI_NY_GDP_PCAP_PP_CD,OSS,_T,_T,_T,_Z,_Z,_Z,2018,A,PPP,
7088.460075,P1Y,0,,A,PU,_Z,2,,,False,WB_WDI,WB_WDI_NY_GDP_PCAP_PP_CD,PSS,_T,_T,_T,_Z,_Z,_Z,2018,A,PPP,
19275.437688,P1Y,0,,A,PU,_Z,2,,,False,WB_WDI,WB_WDI_NY_GDP_PCAP_PP_CD,IRN,_T,_T,_T,_Z,_Z,_Z,2011,A,PPP,
12912.029979,P1Y,0,,A,PU,_Z,2,,,False,WB_WDI,WB_WDI_NY_GDP_PCAP_PP_CD,IRQ,_T,_T,_T,_Z,_Z,_Z,2011,A,PPP,
45525.718124,P1Y,0,,A,PU,_Z,2,,,False,WB_WDI,WB_WDI_NY_GDP_PCAP_PP_CD,IRL,_T,_T,_T,_Z,_Z,_Z,2011,A,PPP,
31313.9335,P1Y,0,,A,PU,_Z,2,,,False,WB_WDI,WB_WDI_NY_GDP_PCAP_PP_CD,ISR,_T,_T,_T,_Z,_Z,_Z,2011,A,PPP,
36392.282776,P1Y,0,,A,PU,_Z,2,,,False,WB_WDI,WB_WDI_NY_GDP_PCAP_PP_CD,ITA,_T,_T,_T,_Z,_Z,_Z,2011,A,PPP,
8809.361001,P1Y,0,,A,PU,_Z,2,,,False,WB_WDI,WB_WDI_NY_GDP_PCAP_PP_CD,JAM,_T,_T,_T,_Z,_Z,_Z,2011,A,PPP,
36214.439774,P1Y,0,,A,PU,_Z,2,,,False,WB_WDI,WB_WDI_NY_GDP_PCAP_PP_CD,JPN,_T,_T,_T,_Z,_Z,_Z,2011,A,PPP,
9631.928993,P1Y,0,,A,PU,_Z,2,,,False,WB_WDI,WB_WDI_NY_GDP_PCAP_PP_CD,JOR,_T,_T,_T,_Z,_Z,_Z,2011,A,PPP,
20159.932943,P1Y,0,,A,PU,_Z,2,,,False,WB_WDI,WB_WDI_NY_GDP_PCAP_PP_CD,KAZ,_T,_T,_T,_Z,_Z,_Z,2011,A,PPP,
2750.286638,P1Y,0,,A,PU,_Z,2,,,False,WB_WDI,WB_WDI_NY_GDP_PCAP_PP_CD,KEN,_T,_T,_T,_Z,_Z,_Z,2011,A,PPP,
1785.572083,P1Y,0,,A,PU,_Z,2,,,False,WB_WDI,WB_WDI_NY_GDP_PCAP_PP_CD,KIR,_T,_T,_T,_Z,_Z,_Z,2011,A,PPP,
1631.584466,P1Y,0,,A,PU,_Z,2,,,False,WB_WDI,WB_WDI_NY_GDP_PCAP_PP_CD,LIC,_T,_T,_T,_Z,_Z,_Z,2009,A,PPP,
4200.137626,P1Y,0,,A,PU,_Z,2,,,False,WB_WDI,WB_WDI_NY_GDP_PCAP_PP_CD,LMC,_T,_T,_T,_Z,_Z,_Z,2009,A,PPP,
11749.645061,P1Y,0,,A,PU,_Z,2,,,False,WB_WDI,WB_WDI_NY_GDP_PCAP_PP_CD,MEA,_T,_T,_T,_Z,_Z,_Z,2009,A,PPP,
7897.714215,P1Y,0,,A,PU,_Z,2,,,False,WB_WDI,WB_WDI_NY_GDP_PCAP_PP_CD,MNA,_T,_T,_T,_Z,_Z,_Z,2009,A,PPP,
7924.518988,P1Y,0,,A,PU,_Z,2,,,False,WB_WDI,WB_WDI_NY_GDP_PCAP_PP_CD,TMN,_T,_T,_T,_Z,_Z,_Z,2009,A,PPP,
7261.833806,P1Y,0,,A,PU,_Z,2,,,False,WB_WDI,WB_WDI_NY_GDP_PCAP_PP_CD,MIC,_T,_T,_T,_Z,_Z,_Z,2009,A,PPP,
46376.851767,P1Y,0,,A,PU,_Z,2,,,False,WB_WDI,WB_WDI_NY_GDP_PCAP_PP_CD,NAC,_T,_T,_T,_Z,_Z,_Z,2009,A,PPP,
33358.356388,P1Y,0,,A,PU,_Z,2,,,False,WB_WDI,WB_WDI_NY_GDP_PCAP_PP_CD,OED,_T,_T,_T,_Z,_Z,_Z,2009,A,PPP,
15123.311295,P1Y,0,,A,PU,_Z,2,,,False,WB_WDI,WB_WDI_NY_GDP_PCAP_PP_CD,OSS,_T,_T,_T,_Z,_Z,_Z,2009,A,PPP,
4647.500789,P1Y,0,,A,PU,_Z,2,,,False,WB_WDI,WB_WDI_NY_GDP_PCAP_PP_CD,PSS,_T,_T,_T,_Z,_Z,_Z,2009,A,PPP,
36787.570557,P1Y,0,,A,PU,_Z,2,,,False,WB_WDI,WB_WDI_NY_GDP_PCAP_PP_CD,PST,_T,_T,_T,_Z,_Z,_Z,2009,A,PPP,
3438.824352,P1Y,0,,A,PU,_Z,2,,,False,WB_WDI,WB_WDI_NY_GDP_PCAP_PP_CD,PRE,_T,_T,_T,_Z,_Z,_Z,2009,A,PPP,
14751.008907,P1Y,0,,A,PU,_Z,2,,,False,WB_WDI,WB_WDI_NY_GDP_PCAP_PP_CD,SST,_T,_T,_T,_Z,_Z,_Z,2009,A,PPP,
3779.974475,P1Y,0,,A,PU,_Z,2,,,False,WB_WDI,WB_WDI_NY_GDP_PCAP_PP_CD,SAS,_T,_T,_T,_Z,_Z,_Z,2009,A,PPP,
10994.598129,P1Y,0,,A,PU,_Z,2,,,False,WB_WDI,WB_WDI_NY_GDP_PCAP_PP_CD,BLR,_T,_T,_T,_Z,_Z,_Z,2006,A,PPP,
35251.44507,P1Y,0,,A,PU,_Z,2,,,False,WB_WDI,WB_WDI_NY_GDP_PCAP_PP_CD,BEL,_T,_T,_T,_Z,_Z,_Z,2006,A,PPP,
9909.680144,P1Y,0,,A,PU,_Z,2,,,False,WB_WDI,WB_WDI_NY_GDP_PCAP_PP_CD,BLZ,_T,_T,_T,_Z,_Z,_Z,2006,A,PPP,
2020.605677,P1Y,0,,A,PU,_Z,2,,,False,WB_WDI,WB_WDI_NY_GDP_PCAP_PP_CD,BEN,_T,_T,_T,_Z,_Z,_Z,2006,A,PPP,
73590.11607,P1Y,0,,A,PU,_Z,2,,,False,WB_WDI,WB_WDI_NY_GDP_PCAP_PP_CD,BMU,_T,_T,_T,_Z,_Z,_Z,2006,A,PPP,
4860.270172,P1Y,0,,A,PU,_Z,2,,,False,WB_WDI,WB_WDI_NY_GDP_PCAP_PP_CD,BTN,_T,_T,_T,_Z,_Z,_Z,2006,A,PPP,
5244.160212,P1Y,0,,A,PU,_Z,2,,,False,WB_WDI,WB_WDI_NY_GDP_PCAP_PP_CD,BOL,_T,_T,_T,_Z,_Z,_Z,2006,A,PPP,
6869.026193,P1Y,0,,A,PU,_Z,2,,,False,WB_WDI,WB_WDI_NY_GDP_PCAP_PP_CD,BIH,_T,_T,_T,_Z,_Z,_Z,2006,A,PPP,
12562.964993,P1Y,0,,A,PU,_Z,2,,,False,WB_WDI,WB_WDI_NY_GDP_PCAP_PP_CD,BWA,_T,_T,_T,_Z,_Z,_Z,2006,A,PPP,
11750.531244,P1Y,0,,A,PU,_Z,2,,,False,WB_WDI,WB_WDI_NY_GDP_PCAP_PP_CD,BRA,_T,_T,_T,_Z,_Z,_Z,2006,A,PPP,
86114.337063,P1Y,0,,A,PU,_Z,2,,,False,WB_WDI,WB_WDI_NY_GDP_PCAP_PP_CD,BRN,_T,_T,_T,_Z,_Z,_Z,2006,A,PPP,
2511.653096,P1Y,0,,A,PU,_Z,2,,,False,WB_WDI,WB_WDI_NY_GDP_PCAP_PP_CD,BEN,_T,_T,_T,_Z,_Z,_Z,2013,A,PPP,
71519.639853,P1Y,0,,A,PU,_Z,2,,,False,WB_WDI,WB_WDI_NY_GDP_PCAP_PP_CD,BMU,_T,_T,_T,_Z,_Z,_Z,2013,A,PPP,
8666.910636,P1Y,0,,A,PU,_Z,2,,,False,WB_WDI,WB_WDI_NY_GDP_PCAP_PP_CD,BTN,_T,_T,_T,_Z,_Z,_Z,2013,A,PPP,
8068.720172,P1Y,0,,A,PU,_Z,2,,,False,WB_WDI,WB_WDI_NY_GDP_PCAP_PP_CD,BOL,_T,_T,_T,_Z,_Z,_Z,2013,A,PPP,
10808.271568,P1Y,0,,A,PU,_Z,2,,,False,WB_WDI,WB_WDI_NY_GDP_PCAP_PP_CD,BIH,_T,_T,_T,_Z,_Z,_Z,2013,A,PPP,
13621.149473,P1Y,0,,A,PU,_Z,2,,,False,WB_WDI,WB_WDI_NY_GDP_PCAP_PP_CD,BWA,_T,_T,_T,_Z,_Z,_Z,2013,A,PPP,
15722.333524,P1Y,0,,A,PU,_Z,2,,,False,WB_WDI,WB_WDI_NY_GDP_PCAP_PP_CD,BRA,_T,_T,_T,_Z,_Z,_Z,2013,A,PPP,
83237.147088,P1Y,0,,A,PU,_Z,2,,,False,WB_WDI,WB_WDI_NY_GDP_PCAP_PP_CD,BRN,_T,_T,_T,_Z,_Z,_Z,2013,A,PPP,
16893.768956,P1Y,0,,A,PU,_Z,2,,,False,WB_WDI,WB_WDI_NY_GDP_PCAP_PP_CD,BGR,_T,_T,_T,_Z,_Z,_Z,2013,A,PPP,
1642.892131,P1Y,0,,A,PU,_Z,2,,,False,WB_WDI,WB_WDI_NY_GDP_PCAP_PP_CD,BFA,_T,_T,_T,_Z,_Z,_Z,2013,A,PPP,
5188.977509,P1Y,0,,A,PU,_Z,2,,,False,WB_WDI,WB_WDI_NY_GDP_PCAP_PP_CD,CMR,_T,_T,_T,_Z,_Z,_Z,2022,A,PPP,
63944.10501,P1Y,0,,A,PU,_Z,2,,,False,WB_WDI,WB_WDI_NY_GDP_PCAP_PP_CD,CAN,_T,_T,_T,_Z,_Z,_Z,2022,A,PPP,
82295.58207,P1Y,0,,A,PU,_Z,2,,,False,WB_WDI,WB_WDI_NY_GDP_PCAP_PP_CD,CYM,_T,_T,_T,_Z,_Z,_Z,2022,A,PPP,
1217.849771,P1Y,0,,A,PU,_Z,2,,,False,WB_WDI,WB_WDI_NY_GDP_PCAP_PP_CD,CAF,_T,_T,_T,_Z,_Z,_Z,2022,A,PPP,
2624.117897,P1Y,0,,A,PU,_Z,2,,,False,WB_WDI,WB_WDI_NY_GDP_PCAP_PP_CD,TCD,_T,_T,_T,_Z,_Z,_Z,2022,A,PPP,
30932.001087,P1Y,0,,A,PU,_Z,2,,,False,WB_WDI,WB_WDI_NY_GDP_PCAP_PP_CD,CHL,_T,_T,_T,_Z,_Z,_Z,2022,A,PPP,
23032.176627,P1Y,0,,A,PU,_Z,2,,,False,WB_WDI,WB_WDI_NY_GDP_PCAP_PP_CD,CHN,_T,_T,_T,_Z,_Z,_Z,2022,A,PPP,
20854.002999,P1Y,0,,A,PU,_Z,2,,,False,WB_WDI,WB_WDI_NY_GDP_PCAP_PP_CD,COL,_T,_T,_T,_Z,_Z,_Z,2022,A,PPP,
3641.629204,P1Y,0,,A,PU,_Z,2,,,False,WB_WDI,WB_WDI_NY_GDP_PCAP_PP_CD,COM,_T,_T,_T,_Z,_Z,_Z,2022,A,PPP,
1590.164042,P1Y,0,,A,PU,_Z,2,,,False,WB_WDI,WB_WDI_NY_GDP_PCAP_PP_CD,COD,_T,_T,_T,_Z,_Z,_Z,2022,A,PPP,
6647.496817,P1Y,0,,A,PU,_Z,2,,,False,WB_WDI,WB_WDI_NY_GDP_PCAP_PP_CD,COG,_T,_T,_T,_Z,_Z,_Z,2022,A,PPP,
26226.275482,P1Y,0,,A,PU,_Z,2,,,False,WB_WDI,WB_WDI_NY_GDP_PCAP_PP_CD,CRI,_T,_T,_T,_Z,_Z,_Z,2022,A,PPP,
6303.903722,P1Y,0,,A,PU,_Z,2,,,False,WB_WDI,WB_WDI_NY_GDP_PCAP_PP_CD,GUY,_T,_T,_T,_Z,_Z,_Z,2002,A,PPP,
2247.978966,P1Y,0,,A,PU,_Z,2,,,False,WB_WDI,WB_WDI_NY_GDP_PCAP_PP_CD,HTI,_T,_T,_T,_Z,_Z,_Z,2002,A,PPP,
2714.56632,P1Y,0,,A,PU,_Z,2,,,False,WB_WDI,WB_WDI_NY_GDP_PCAP_PP_CD,HND,_T,_T,_T,_Z,_Z,_Z,2002,A,PPP,
29609.766688,P1Y,0,,A,PU,_Z,2,,,False,WB_WDI,WB_WDI_NY_GDP_PCAP_PP_CD,HKG,_T,_T,_T,_Z,_Z,_Z,2002,A,PPP,
14532.307518,P1Y,0,,A,PU,_Z,2,,,False,WB_WDI,WB_WDI_NY_GDP_PCAP_PP_CD,HUN,_T,_T,_T,_Z,_Z,_Z,2002,A,PPP,
32607.10588,P1Y,0,,A,PU,_Z,2,,,False,WB_WDI,WB_WDI_NY_GDP_PCAP_PP_CD,ISL,_T,_T,_T,_Z,_Z,_Z,2002,A,PPP,
2277.069748,P1Y,0,,A,PU,_Z,2,,,False,WB_WDI,WB_WDI_NY_GDP_PCAP_PP_CD,IND,_T,_T,_T,_Z,_Z,_Z,2002,A,PPP,
5076.164382,P1Y,0,,A,PU,_Z,2,,,False,WB_WDI,WB_WDI_NY_GDP_PCAP_PP_CD,IDN,_T,_T,_T,_Z,_Z,_Z,2002,A,PPP,
12554.33077,P1Y,0,,A,PU,_Z,2,,,False,WB_WDI,WB_WDI_NY_GDP_PCAP_PP_CD,IRN,_T,_T,_T,_Z,_Z,_Z,2002,A,PPP,
9682.376195,P1Y,0,,A,PU,_Z,2,,,False,WB_WDI,WB_WDI_NY_GDP_PCAP_PP_CD,IRQ,_T,_T,_T,_Z,_Z,_Z,2002,A,PPP,
35222.028724,P1Y,0,,A,PU,_Z,2,,,False,WB_WDI,WB_WDI_NY_GDP_PCAP_PP_CD,IRL,_T,_T,_T,_Z,_Z,_Z,2002,A,PPP,
26101.328784,P1Y,0,,A,PU,_Z,2,,,False,WB_WDI,WB_WDI_NY_GDP_PCAP_PP_CD,ISR,_T,_T,_T,_Z,_Z,_Z,2002,A,PPP,
16883.565821,P1Y,0,,A,PU,_Z,2,,,False,WB_WDI,WB_WDI_NY_GDP_PCAP_PP_CD,MUS,_T,_T,_T,_Z,_Z,_Z,2011,A,PPP,
17266.812911,P1Y,0,,A,PU,_Z,2,,,False,WB_WDI,WB_WDI_NY_GDP_PCAP_PP_CD,MEX,_T,_T,_T,_Z,_Z,_Z,2011,A,PPP,
3239.759283,P1Y,0,,A,PU,_Z,2,,,False,WB_WDI,WB_WDI_NY_GDP_PCAP_PP_CD,FSM,_T,_T,_T,_Z,_Z,_Z,2011,A,PPP,
6832.941565,P1Y,0,,A,PU,_Z,2,,,False,WB_WDI,WB_WDI_NY_GDP_PCAP_PP_CD,MDA,_T,_T,_T,_Z,_Z,_Z,2011,A,PPP,
8861.820529,P1Y,0,,A,PU,_Z,2,,,False,WB_WDI,WB_WDI_NY_GDP_PCAP_PP_CD,MNG,_T,_T,_T,_Z,_Z,_Z,2011,A,PPP,
14347.445711,P1Y,0,,A,PU,_Z,2,,,False,WB_WDI,WB_WDI_NY_GDP_PCAP_PP_CD,MNE,_T,_T,_T,_Z,_Z,_Z,2011,A,PPP,
7274.147461,P1Y,0,,A,PU,_Z,2,,,False,WB_WDI,WB_WDI_NY_GDP_PCAP_PP_CD,MAR,_T,_T,_T,_Z,_Z,_Z,2011,A,PPP,
1063.655433,P1Y,0,,A,PU,_Z,2,,,False,WB_WDI,WB_WDI_NY_GDP_PCAP_PP_CD,MOZ,_T,_T,_T,_Z,_Z,_Z,2011,A,PPP,
3579.40483,P1Y,0,,A,PU,_Z,2,,,False,WB_WDI,WB_WDI_NY_GDP_PCAP_PP_CD,MMR,_T,_T,_T,_Z,_Z,_Z,2011,A,PPP,
9002.230045,P1Y,0,,A,PU,_Z,2,,,False,WB_WDI,WB_WDI_NY_GDP_PCAP_PP_CD,NAM,_T,_T,_T,_Z,_Z,_Z,2011,A,PPP,
6544.102998,P1Y,0,,A,PU,_Z,2,,,False,WB_WDI,WB_WDI_NY_GDP_PCAP_PP_CD,NRU,_T,_T,_T,_Z,_Z,_Z,2011,A,PPP,
18413.12942,P1Y,0,,A,PU,_Z,2,,,False,WB_WDI,WB_WDI_NY_GDP_PCAP_PP_CD,GNQ,_T,_T,_T,_Z,_Z,_Z,2018,A,PPP,
37120.987976,P1Y,0,,A,PU,_Z,2,,,False,WB_WDI,WB_WDI_NY_GDP_PCAP_PP_CD,EST,_T,_T,_T,_Z,_Z,_Z,2018,A,PPP,
8535.255932,P1Y,0,,A,PU,_Z,2,,,False,WB_WDI,WB_WDI_NY_GDP_PCAP_PP_CD,SWZ,_T,_T,_T,_Z,_Z,_Z,2018,A,PPP,
2095.317578,P1Y,0,,A,PU,_Z,2,,,False,WB_WDI,WB_WDI_NY_GDP_PCAP_PP_CD,ETH,_T,_T,_T,_Z,_Z,_Z,2018,A,PPP,
58933.131475,P1Y,0,,A,PU,_Z,2,,,False,WB_WDI,WB_WDI_NY_GDP_PCAP_PP_CD,FRO,_T,_T,_T,_Z,_Z,_Z,2018,A,PPP,
12984.20727,P1Y,0,,A,PU,_Z,2,,,False,WB_WDI,WB_WDI_NY_GDP_PCAP_PP_CD,FJI,_T,_T,_T,_Z,_Z,_Z,2018,A,PPP,
49248.67754,P1Y,0,,A,PU,_Z,2,,,False,WB_WDI,WB_WDI_NY_GDP_PCAP_PP_CD,FIN,_T,_T,_T,_Z,_Z,_Z,2018,A,PPP,
46381.059063,P1Y,0,,A,PU,_Z,2,,,False,WB_WDI,WB_WDI_NY_GDP_PCAP_PP_CD,FRA,_T,_T,_T,_Z,_Z,_Z,2018,A,PPP,
15432.043054,P1Y,0,,A,PU,_Z,2,,,False,WB_WDI,WB_WDI_NY_GDP_PCAP_PP_CD,GAB,_T,_T,_T,_Z,_Z,_Z,2018,A,PPP,
2277.442362,P1Y,0,,A,PU,_Z,2,,,False,WB_WDI,WB_WDI_NY_GDP_PCAP_PP_CD,GMB,_T,_T,_T,_Z,_Z,_Z,2018,A,PPP,
25459.739227,P1Y,0,,A,PU,_Z,2,,,False,WB_WDI,WB_WDI_NY_GDP_PCAP_PP_CD,POL,_T,_T,_T,_Z,_Z,_Z,2014,A,PPP,
28764.525496,P1Y,0,,A,PU,_Z,2,,,False,WB_WDI,WB_WDI_NY_GDP_PCAP_PP_CD,PRT,_T,_T,_T,_Z,_Z,_Z,2014,A,PPP,
32391.067031,P1Y,0,,A,PU,_Z,2,,,False,WB_WDI,WB_WDI_NY_GDP_PCAP_PP_CD,PRI,_T,_T,_T,_Z,_Z,_Z,2014,A,PPP,
148389.200133,P1Y,0,,A,PU,_Z,2,,,False,WB_WDI,WB_WDI_NY_GDP_PCAP_PP_CD,QAT,_T,_T,_T,_Z,_Z,_Z,2014,A,PPP,
20632.992439,P1Y,0,,A,PU,_Z,2,,,False,WB_WDI,WB_WDI_NY_GDP_PCAP_PP_CD,ROU,_T,_T,_T,_Z,_Z,_Z,2014,A,PPP,
25688.226563,P1Y,0,,A,PU,_Z,2,,,False,WB_WDI,WB_WDI_NY_GDP_PCAP_PP_CD,RUS,_T,_T,_T,_Z,_Z,_Z,2014,A,PPP,
1677.568697,P1Y,0,,A,PU,_Z,2,,,False,WB_WDI,WB_WDI_NY_GDP_PCAP_PP_CD,RWA,_T,_T,_T,_Z,_Z,_Z,2014,A,PPP,
5468.100585,P1Y,0,,A,PU,_Z,2,,,False,WB_WDI,WB_WDI_NY_GDP_PCAP_PP_CD,WSM,_T,_T,_T,_Z,_Z,_Z,2014,A,PPP,
52909.222407,P1Y,0,,A,PU,_Z,2,,,False,WB_WDI,WB_WDI_NY_GDP_PCAP_PP_CD,SMR,_T,_T,_T,_Z,_Z,_Z,2014,A,PPP,
3233.356881,P1Y,0,,A,PU,_Z,2,,,False,WB_WDI,WB_WDI_NY_GDP_PCAP_PP_CD,STP,_T,_T,_T,_Z,_Z,_Z,2014,A,PPP,
62578.070842,P1Y,0,,A,PU,_Z,2,,,False,WB_WDI,WB_WDI_NY_GDP_PCAP_PP_CD,SAU,_T,_T,_T,_Z,_Z,_Z,2014,A,PPP,
10225.986731,P1Y,0,,A,PU,_Z,2,,,False,WB_WDI,WB_WDI_NY_GDP_PCAP_PP_CD,BLZ,_T,_T,_T,_Z,_Z,_Z,2007,A,PPP,
2135.537879,P1Y,0,,A,PU,_Z,2,,,False,WB_WDI,WB_WDI_NY_GDP_PCAP_PP_CD,BEN,_T,_T,_T,_Z,_Z,_Z,2007,A,PPP,
77894.064621,P1Y,0,,A,PU,_Z,2,,,False,WB_WDI,WB_WDI_NY_GDP_PCAP_PP_CD,BMU,_T,_T,_T,_Z,_Z,_Z,2007,A,PPP,
5728.915695,P1Y,0,,A,PU,_Z,2,,,False,WB_WDI,WB_WDI_NY_GDP_PCAP_PP_CD,BTN,_T,_T,_T,_Z,_Z,_Z,2007,A,PPP,
5536.568157,P1Y,0,,A,PU,_Z,2,,,False,WB_WDI,WB_WDI_NY_GDP_PCAP_PP_CD,BOL,_T,_T,_T,_Z,_Z,_Z,2007,A,PPP,
7686.128706,P1Y,0,,A,PU,_Z,2,,,False,WB_WDI,WB_WDI_NY_GDP_PCAP_PP_CD,BIH,_T,_T,_T,_Z,_Z,_Z,2007,A,PPP,
13388.737914,P1Y,0,,A,PU,_Z,2,,,False,WB_WDI,WB_WDI_NY_GDP_PCAP_PP_CD,BWA,_T,_T,_T,_Z,_Z,_Z,2007,A,PPP,
12672.505116,P1Y,0,,A,PU,_Z,2,,,False,WB_WDI,WB_WDI_NY_GDP_PCAP_PP_CD,BRA,_T,_T,_T,_Z,_Z,_Z,2007,A,PPP,
83693.321375,P1Y,0,,A,PU,_Z,2,,,False,WB_WDI,WB_WDI_NY_GDP_PCAP_PP_CD,BRN,_T,_T,_T,_Z,_Z,_Z,2007,A,PPP,
12821.840411,P1Y,0,,A,PU,_Z,2,,,False,WB_WDI,WB_WDI_NY_GDP_PCAP_PP_CD,BGR,_T,_T,_T,_Z,_Z,_Z,2007,A,PPP,
1290.49951,P1Y,0,,A,PU,_Z,2,,,False,WB_WDI,WB_WDI_NY_GDP_PCAP_PP_CD,BFA,_T,_T,_T,_Z,_Z,_Z,2007,A,PPP,
6921.297628,P1Y,0,,A,PU,_Z,2,,,False,WB_WDI,WB_WDI_NY_GDP_PCAP_PP_CD,FJI,_T,_T,_T,_Z,_Z,_Z,2006,A,PPP,
34440.377104,P1Y,0,,A,PU,_Z,2,,,False,WB_WDI,WB_WDI_NY_GDP_PCAP_PP_CD,FIN,_T,_T,_T,_Z,_Z,_Z,2006,A,PPP,
32423.522507,P1Y,0,,A,PU,_Z,2,,,False,WB_WDI,WB_WDI_NY_GDP_PCAP_PP_CD,FRA,_T,_T,_T,_Z,_Z,_Z,2006,A,PPP,
13637.259019,P1Y,0,,A,PU,_Z,2,,,False,WB_WDI,WB_WDI_NY_GDP_PCAP_PP_CD,GAB,_T,_T,_T,_Z,_Z,_Z,2006,A,PPP,
1930.818885,P1Y,0,,A,PU,_Z,2,,,False,WB_WDI,WB_WDI_NY_GDP_PCAP_PP_CD,GMB,_T,_T,_T,_Z,_Z,_Z,2006,A,PPP,
5980.443905,P1Y,0,,A,PU,_Z,2,,,False,WB_WDI,WB_WDI_NY_GDP_PCAP_PP_CD,GEO,_T,_T,_T,_Z,_Z,_Z,2006,A,PPP,
34741.335343,P1Y,0,,A,PU,_Z,2,,,False,WB_WDI,WB_WDI_NY_GDP_PCAP_PP_CD,DEU,_T,_T,_T,_Z,_Z,_Z,2006,A,PPP,
3103.226258,P1Y,0,,A,PU,_Z,2,,,False,WB_WDI,WB_WDI_NY_GDP_PCAP_PP_CD,GHA,_T,_T,_T,_Z,_Z,_Z,2006,A,PPP,
28076.124142,P1Y,0,,A,PU,_Z,2,,,False,WB_WDI,WB_WDI_NY_GDP_PCAP_PP_CD,GRC,_T,_T,_T,_Z,_Z,_Z,2006,A,PPP,
42039.793794,P1Y,0,,A,PU,_Z,2,,,False,WB_WDI,WB_WDI_NY_GDP_PCAP_PP_CD,GRL,_T,_T,_T,_Z,_Z,_Z,2006,A,PPP,
9876.616696,P1Y,0,,A,PU,_Z,2,,,False,WB_WDI,WB_WDI_NY_GDP_PCAP_PP_CD,GRD,_T,_T,_T,_Z,_Z,_Z,2006,A,PPP,
47428.901891,P1Y,0,,A,PU,_Z,2,,,False,WB_WDI,WB_WDI_NY_GDP_PCAP_PP_CD,BHR,_T,_T,_T,_Z,_Z,_Z,2016,A,PPP,
4579.132287,P1Y,0,,A,PU,_Z,2,,,False,WB_WDI,WB_WDI_NY_GDP_PCAP_PP_CD,BGD,_T,_T,_T,_Z,_Z,_Z,2016,A,PPP,
19175.57019,P1Y,0,,A,PU,_Z,2,,,False,WB_WDI,WB_WDI_NY_GDP_PCAP_PP_CD,BRB,_T,_T,_T,_Z,_Z,_Z,2016,A,PPP,
17832.477886,P1Y,0,,A,PU,_Z,2,,,False,WB_WDI,WB_WDI_NY_GDP_PCAP_PP_CD,BLR,_T,_T,_T,_Z,_Z,_Z,2016,A,PPP,
48414.551807,P1Y,0,,A,PU,_Z,2,,,False,WB_WDI,WB_WDI_NY_GDP_PCAP_PP_CD,BEL,_T,_T,_T,_Z,_Z,_Z,2016,A,PPP,
9399.035671,P1Y,0,,A,PU,_Z,2,,,False,WB_WDI,WB_WDI_NY_GDP_PCAP_PP_CD,BLZ,_T,_T,_T,_Z,_Z,_Z,2016,A,PPP,
2842.024626,P1Y,0,,A,PU,_Z,2,,,False,WB_WDI,WB_WDI_NY_GDP_PCAP_PP_CD,BEN,_T,_T,_T,_Z,_Z,_Z,2016,A,PPP,
80412.18349,P1Y,0,,A,PU,_Z,2,,,False,WB_WDI,WB_WDI_NY_GDP_PCAP_PP_CD,BMU,_T,_T,_T,_Z,_Z,_Z,2016,A,PPP,
11273.282381,P1Y,0,,A,PU,_Z,2,,,False,WB_WDI,WB_WDI_NY_GDP_PCAP_PP_CD,BTN,_T,_T,_T,_Z,_Z,_Z,2016,A,PPP,
9242.027283,P1Y,0,,A,PU,_Z,2,,,False,WB_WDI,WB_WDI_NY_GDP_PCAP_PP_CD,BOL,_T,_T,_T,_Z,_Z,_Z,2016,A,PPP,
7704.849121,P1Y,0,,A,PU,_Z,2,,,False,WB_WDI,WB_WDI_NY_GDP_PCAP_PP_CD,MAR,_T,_T,_T,_Z,_Z,_Z,2020,A,PPP,
1411.620402,P1Y,0,,A,PU,_Z,2,,,False,WB_WDI,WB_WDI_NY_GDP_PCAP_PP_CD,MOZ,_T,_T,_T,_Z,_Z,_Z,2020,A,PPP,
5740.990458,P1Y,0,,A,PU,_Z,2,,,False,WB_WDI,WB_WDI_NY_GDP_PCAP_PP_CD,MMR,_T,_T,_T,_Z,_Z,_Z,2020,A,PPP,
9354.131367,P1Y,0,,A,PU,_Z,2,,,False,WB_WDI,WB_WDI_NY_GDP_PCAP_PP_CD,NAM,_T,_T,_T,_Z,_Z,_Z,2020,A,PPP,
10810.9461,P1Y,0,,A,PU,_Z,2,,,False,WB_WDI,WB_WDI_NY_GDP_PCAP_PP_CD,NRU,_T,_T,_T,_Z,_Z,_Z,2020,A,PPP,
4235.574623,P1Y,0,,A,PU,_Z,2,,,False,WB_WDI,WB_WDI_NY_GDP_PCAP_PP_CD,NPL,_T,_T,_T,_Z,_Z,_Z,2020,A,PPP,
62596.630203,P1Y,0,,A,PU,_Z,2,,,False,WB_WDI,WB_WDI_NY_GDP_PCAP_PP_CD,NLD,_T,_T,_T,_Z,_Z,_Z,2020,A,PPP,
45513.312377,P1Y,0,,A,PU,_Z,2,,,False,WB_WDI,WB_WDI_NY_GDP_PCAP_PP_CD,NZL,_T,_T,_T,_Z,_Z,_Z,2020,A,PPP,
6274.094567,P1Y,0,,A,PU,_Z,2,,,False,WB_WDI,WB_WDI_NY_GDP_PCAP_PP_CD,NIC,_T,_T,_T,_Z,_Z,_Z,2020,A,PPP,
1496.8335,P1Y,0,,A,PU,_Z,2,,,False,WB_WDI,WB_WDI_NY_GDP_PCAP_PP_CD,NER,_T,_T,_T,_Z,_Z,_Z,2020,A,PPP,
7414.774955,P1Y,0,,A,PU,_Z,2,,,False,WB_WDI,WB_WDI_NY_GDP_PCAP_PP_CD,NGA,_T,_T,_T,_Z,_Z,_Z,2020,A,PPP,
40081.221248,P1Y,0,,A,PU,_Z,2,,,False,WB_WDI,WB_WDI_NY_GDP_PCAP_PP_CD,FIN,_T,_T,_T,_Z,_Z,_Z,2008,A,PPP,
35053.262707,P1Y,0,,A,PU,_Z,2,,,False,WB_WDI,WB_WDI_NY_GDP_PCAP_PP_CD,FRA,_T,_T,_T,_Z,_Z,_Z,2008,A,PPP,
13733.701286,P1Y,0,,A,PU,_Z,2,,,False,WB_WDI,WB_WDI_NY_GDP_PCAP_PP_CD,GAB,_T,_T,_T,_Z,_Z,_Z,2008,A,PPP,
2088.271661,P1Y,0,,A,PU,_Z,2,,,False,WB_WDI,WB_WDI_NY_GDP_PCAP_PP_CD,GMB,_T,_T,_T,_Z,_Z,_Z,2008,A,PPP,
7278.663122,P1Y,0,,A,PU,_Z,2,,,False,WB_WDI,WB_WDI_NY_GDP_PCAP_PP_CD,GEO,_T,_T,_T,_Z,_Z,_Z,2008,A,PPP,
38443.538628,P1Y,0,,A,PU,_Z,2,,,False,WB_WDI,WB_WDI_NY_GDP_PCAP_PP_CD,DEU,_T,_T,_T,_Z,_Z,_Z,2008,A,PPP,
3515.589235,P1Y,0,,A,PU,_Z,2,,,False,WB_WDI,WB_WDI_NY_GDP_PCAP_PP_CD,GHA,_T,_T,_T,_Z,_Z,_Z,2008,A,PPP,
30440.970906,P1Y,0,,A,PU,_Z,2,,,False,WB_WDI,WB_WDI_NY_GDP_PCAP_PP_CD,GRC,_T,_T,_T,_Z,_Z,_Z,2008,A,PPP,
48203.123064,P1Y,0,,A,PU,_Z,2,,,False,WB_WDI,WB_WDI_NY_GDP_PCAP_PP_CD,GRL,_T,_T,_T,_Z,_Z,_Z,2008,A,PPP,
11000.752358,P1Y,0,,A,PU,_Z,2,,,False,WB_WDI,WB_WDI_NY_GDP_PCAP_PP_CD,GRD,_T,_T,_T,_Z,_Z,_Z,2008,A,PPP,
6434.507037,P1Y,0,,A,PU,_Z,2,,,False,WB_WDI,WB_WDI_NY_GDP_PCAP_PP_CD,GTM,_T,_T,_T,_Z,_Z,_Z,2008,A,PPP,
1419.168051,P1Y,0,,A,PU,_Z,2,,,False,WB_WDI,WB_WDI_NY_GDP_PCAP_PP_CD,NER,_T,_T,_T,_Z,_Z,_Z,2019,A,PPP,
7551.393804,P1Y,0,,A,PU,_Z,2,,,False,WB_WDI,WB_WDI_NY_GDP_PCAP_PP_CD,NGA,_T,_T,_T,_Z,_Z,_Z,2019,A,PPP,
20222.595483,P1Y,0,,A,PU,_Z,2,,,False,WB_WDI,WB_WDI_NY_GDP_PCAP_PP_CD,MKD,_T,_T,_T,_Z,_Z,_Z,2019,A,PPP,
70939.605518,P1Y,0,,A,PU,_Z,2,,,False,WB_WDI,WB_WDI_NY_GDP_PCAP_PP_CD,NOR,_T,_T,_T,_Z,_Z,_Z,2019,A,PPP,
37250.611079,P1Y,0,,A,PU,_Z,2,,,False,WB_WDI,WB_WDI_NY_GDP_PCAP_PP_CD,OMN,_T,_T,_T,_Z,_Z,_Z,2019,A,PPP,
5037.534016,P1Y,0,,A,PU,_Z,2,,,False,WB_WDI,WB_WDI_NY_GDP_PCAP_PP_CD,PAK,_T,_T,_T,_Z,_Z,_Z,2019,A,PPP,
18421.903458,P1Y,0,,A,PU,_Z,2,,,False,WB_WDI,WB_WDI_NY_GDP_PCAP_PP_CD,PLW,_T,_T,_T,_Z,_Z,_Z,2019,A,PPP,
33239.733228,P1Y,0,,A,PU,_Z,2,,,False,WB_WDI,WB_WDI_NY_GDP_PCAP_PP_CD,PAN,_T,_T,_T,_Z,_Z,_Z,2019,A,PPP,
4059.828602,P1Y,0,,A,PU,_Z,2,,,False,WB_WDI,WB_WDI_NY_GDP_PCAP_PP_CD,PNG,_T,_T,_T,_Z,_Z,_Z,2019,A,PPP,
14149.598523,P1Y,0,,A,PU,_Z,2,,,False,WB_WDI,WB_WDI_NY_GDP_PCAP_PP_CD,PRY,_T,_T,_T,_Z,_Z,_Z,2019,A,PPP,
10920.908508,P1Y,0,,A,PU,_Z,2,,,False,WB_WDI,WB_WDI_NY_GDP_PCAP_PP_CD,DMA,_T,_T,_T,_Z,_Z,_Z,2012,A,PPP,
11776.62281,P1Y,0,,A,PU,_Z,2,,,False,WB_WDI,WB_WDI_NY_GDP_PCAP_PP_CD,DOM,_T,_T,_T,_Z,_Z,_Z,2012,A,PPP,
10244.517782,P1Y,0,,A,PU,_Z,2,,,False,WB_WDI,WB_WDI_NY_GDP_PCAP_PP_CD,ECU,_T,_T,_T,_Z,_Z,_Z,2012,A,PPP,
10342.431711,P1Y,0,,A,PU,_Z,2,,,False,WB_WDI,WB_WDI_NY_GDP_PCAP_PP_CD,EGY,_T,_T,_T,_Z,_Z,_Z,2012,A,PPP,
6708.390322,P1Y,0,,A,PU,_Z,2,,,False,WB_WDI,WB_WDI_NY_GDP_PCAP_PP_CD,SLV,_T,_T,_T,_Z,_Z,_Z,2012,A,PPP,
30011.927441,P1Y,0,,A,PU,_Z,2,,,False,WB_WDI,WB_WDI_NY_GDP_PCAP_PP_CD,GNQ,_T,_T,_T,_Z,_Z,_Z,2012,A,PPP,
26242.528266,P1Y,0,,A,PU,_Z,2,,,False,WB_WDI,WB_WDI_NY_GDP_PCAP_PP_CD,EST,_T,_T,_T,_Z,_Z,_Z,2012,A,PPP,
7760.322805,P1Y,0,,A,PU,_Z,2,,,False,WB_WDI,WB_WDI_NY_GDP_PCAP_PP_CD,SWZ,_T,_T,_T,_Z,_Z,_Z,2012,A,PPP,
1178.974746,P1Y,0,,A,PU,_Z,2,,,False,WB_WDI,WB_WDI_NY_GDP_PCAP_PP_CD,ETH,_T,_T,_T,_Z,_Z,_Z,2012,A,PPP,
46196.842824,P1Y,0,,A,PU,_Z,2,,,False,WB_WDI,WB_WDI_NY_GDP_PCAP_PP_CD,FRO,_T,_T,_T,_Z,_Z,_Z,2012,A,PPP,
8204.465655,P1Y,0,,A,PU,_Z,2,,,False,WB_WDI,WB_WDI_NY_GDP_PCAP_PP_CD,FJI,_T,_T,_T,_Z,_Z,_Z,2012,A,PPP,
6017.818163,P1Y,0,,A,PU,_Z,2,,,False,WB_WDI,WB_WDI_NY_GDP_PCAP_PP_CD,AGO,_T,_T,_T,_Z,_Z,_Z,2006,A,PPP,
26949.408582,P1Y,0,,A,PU,_Z,2,,,False,WB_WDI,WB_WDI_NY_GDP_PCAP_PP_CD,ATG,_T,_T,_T,_Z,_Z,_Z,2006,A,PPP,
14843.577866,P1Y,0,,A,PU,_Z,2,,,False,WB_WDI,WB_WDI_NY_GDP_PCAP_PP_CD,ARG,_T,_T,_T,_Z,_Z,_Z,2006,A,PPP,
6072.759245,P1Y,0,,A,PU,_Z,2,,,False,WB_WDI,WB_WDI_NY_GDP_PCAP_PP_CD,ARM,_T,_T,_T,_Z,_Z,_Z,2006,A,PPP,
35937.594656,P1Y,0,,A,PU,_Z,2,,,False,WB_WDI,WB_WDI_NY_GDP_PCAP_PP_CD,ABW,_T,_T,_T,_Z,_Z,_Z,2006,A,PPP,
34890.224814,P1Y,0,,A,PU,_Z,2,,,False,WB_WDI,WB_WDI_NY_GDP_PCAP_PP_CD,AUS,_T,_T,_T,_Z,_Z,_Z,2006,A,PPP,
37388.079538,P1Y,0,,A,PU,_Z,2,,,False,WB_WDI,WB_WDI_NY_GDP_PCAP_PP_CD,AUT,_T,_T,_T,_Z,_Z,_Z,2006,A,PPP,
9398.013248,P1Y,0,,A,PU,_Z,2,,,False,WB_WDI,WB_WDI_NY_GDP_PCAP_PP_CD,AZE,_T,_T,_T,_Z,_Z,_Z,2006,A,PPP,
30401.507689,P1Y,0,,A,PU,_Z,2,,,False,WB_WDI,WB_WDI_NY_GDP_PCAP_PP_CD,BHS,_T,_T,_T,_Z,_Z,_Z,2006,A,PPP,
48009.491742,P1Y,0,,A,PU,_Z,2,,,False,WB_WDI,WB_WDI_NY_GDP_PCAP_PP_CD,BHR,_T,_T,_T,_Z,_Z,_Z,2006,A,PPP,
2195.294855,P1Y,0,,A,PU,_Z,2,,,False,WB_WDI,WB_WDI_NY_GDP_PCAP_PP_CD,BGD,_T,_T,_T,_Z,_Z,_Z,2006,A,PPP,
20076.48513,P1Y,0,,A,PU,_Z,2,,,False,WB_WDI,WB_WDI_NY_GDP_PCAP_PP_CD,BRB,_T,_T,_T,_Z,_Z,_Z,2006,A,PPP,
13610.472314,P1Y,0,,A,PU,_Z,2,,,False,WB_WDI,WB_WDI_NY_GDP_PCAP_PP_CD,LKA,_T,_T,_T,_Z,_Z,_Z,2017,A,PPP,
29578.631163,P1Y,0,,A,PU,_Z,2,,,False,WB_WDI,WB_WDI_NY_GDP_PCAP_PP_CD,KNA,_T,_T,_T,_Z,_Z,_Z,2017,A,PPP,
16130.97211,P1Y,0,,A,PU,_Z,2,,,False,WB_WDI,WB_WDI_NY_GDP_PCAP_PP_CD,LCA,_T,_T,_T,_Z,_Z,_Z,2017,A,PPP,
13575.431977,P1Y,0,,A,PU,_Z,2,,,False,WB_WDI,WB_WDI_NY_GDP_PCAP_PP_CD,VCT,_T,_T,_T,_Z,_Z,_Z,2017,A,PPP,
4252.421387,P1Y,0,,A,PU,_Z,2,,,False,WB_WDI,WB_WDI_NY_GDP_PCAP_PP_CD,SDN,_T,_T,_T,_Z,_Z,_Z,2017,A,PPP,
17567.68024,P1Y,0,,A,PU,_Z,2,,,False,WB_WDI,WB_WDI_NY_GDP_PCAP_PP_CD,SUR,_T,_T,_T,_Z,_Z,_Z,2017,A,PPP,
51474.119912,P1Y,0,,A,PU,_Z,2,,,False,WB_WDI,WB_WDI_NY_GDP_PCAP_PP_CD,SWE,_T,_T,_T,_Z,_Z,_Z,2017,A,PPP,
68193.505594,P1Y,0,,A,PU,_Z,2,,,False,WB_WDI,WB_WDI_NY_GDP_PCAP_PP_CD,CHE,_T,_T,_T,_Z,_Z,_Z,2017,A,PPP,
3265.070294,P1Y,0,,A,PU,_Z,2,,,False,WB_WDI,WB_WDI_NY_GDP_PCAP_PP_CD,SYR,_T,_T,_T,_Z,_Z,_Z,2017,A,PPP,
3017.003149,P1Y,0,,A,PU,_Z,2,,,False,WB_WDI,WB_WDI_NY_GDP_PCAP_PP_CD,TJK,_T,_T,_T,_Z,_Z,_Z,2017,A,PPP,
2472.493164,P1Y,0,,A,PU,_Z,2,,,False,WB_WDI,WB_WDI_NY_GDP_PCAP_PP_CD,TZA,_T,_T,_T,_Z,_Z,_Z,2017,A,PPP,
3941.032809,P1Y,0,,A,PU,_Z,2,,,False,WB_WDI,WB_WDI_NY_GDP_PCAP_PP_CD,STP,_T,_T,_T,_Z,_Z,_Z,2018,A,PPP,
59377.802537,P1Y,0,,A,PU,_Z,2,,,False,WB_WDI,WB_WDI_NY_GDP_PCAP_PP_CD,SAU,_T,_T,_T,_Z,_Z,_Z,2018,A,PPP,
3380.215965,P1Y,0,,A,PU,_Z,2,,,False,WB_WDI,WB_WDI_NY_GDP_PCAP_PP_CD,SEN,_T,_T,_T,_Z,_Z,_Z,2018,A,PPP,
18469.022619,P1Y,0,,A,PU,_Z,2,,,False,WB_WDI,WB_WDI_NY_GDP_PCAP_PP_CD,SRB,_T,_T,_T,_Z,_Z,_Z,2018,A,PPP,
32091.298866,P1Y,0,,A,PU,_Z,2,,,False,WB_WDI,WB_WDI_NY_GDP_PCAP_PP_CD,SYC,_T,_T,_T,_Z,_Z,_Z,2018,A,PPP,
2640.475668,P1Y,0,,A,PU,_Z,2,,,False,WB_WDI,WB_WDI_NY_GDP_PCAP_PP_CD,SLE,_T,_T,_T,_Z,_Z,_Z,2018,A,PPP,
103963.363293,P1Y,0,,A,PU,_Z,2,,,False,WB_WDI,WB_WDI_NY_GDP_PCAP_PP_CD,SGP,_T,_T,_T,_Z,_Z,_Z,2018,A,PPP,
41653.200896,P1Y,0,,A,PU,_Z,2,,,False,WB_WDI,WB_WDI_NY_GDP_PCAP_PP_CD,SXM,_T,_T,_T,_Z,_Z,_Z,2018,A,PPP,
31509.818729,P1Y,0,,A,PU,_Z,2,,,False,WB_WDI,WB_WDI_NY_GDP_PCAP_PP_CD,SVK,_T,_T,_T,_Z,_Z,_Z,2018,A,PPP,
38620.204544,P1Y,0,,A,PU,_Z,2,,,False,WB_WDI,WB_WDI_NY_GDP_PCAP_PP_CD,SVN,_T,_T,_T,_Z,_Z,_Z,2018,A,PPP,
2493.976757,P1Y,0,,A,PU,_Z,2,,,False,WB_WDI,WB_WDI_NY_GDP_PCAP_PP_CD,SLB,_T,_T,_T,_Z,_Z,_Z,2018,A,PPP,
1551.52774,P1Y,0,,A,PU,_Z,2,,,False,WB_WDI,WB_WDI_NY_GDP_PCAP_PP_CD,SOM,_T,_T,_T,_Z,_Z,_Z,2018,A,PPP,
9530.290711,P1Y,0,,A,PU,_Z,2,,,False,WB_WDI,WB_WDI_NY_GDP_PCAP_PP_CD,IDN,_T,_T,_T,_Z,_Z,_Z,2012,A,PPP,
17021.371679,P1Y,0,,A,PU,_Z,2,,,False,WB_WDI,WB_WDI_NY_GDP_PCAP_PP_CD,IRN,_T,_T,_T,_Z,_Z,_Z,2012,A,PPP,
14402.034089,P1Y,0,,A,PU,_Z,2,,,False,WB_WDI,WB_WDI_NY_GDP_PCAP_PP_CD,IRQ,_T,_T,_T,_Z,_Z,_Z,2012,A,PPP,
46726.215767,P1Y,0,,A,PU,_Z,2,,,False,WB_WDI,WB_WDI_NY_GDP_PCAP_PP_CD,IRL,_T,_T,_T,_Z,_Z,_Z,2012,A,PPP,
32483.742187,P1Y,0,,A,PU,_Z,2,,,False,WB_WDI,WB_WDI_NY_GDP_PCAP_PP_CD,ISR,_T,_T,_T,_Z,_Z,_Z,2012,A,PPP,
36281.101424,P1Y,0,,A,PU,_Z,2,,,False,WB_WDI,WB_WDI_NY_GDP_PCAP_PP_CD,ITA,_T,_T,_T,_Z,_Z,_Z,2012,A,PPP,
8830.650795,P1Y,0,,A,PU,_Z,2,,,False,WB_WDI,WB_WDI_NY_GDP_PCAP_PP_CD,JAM,_T,_T,_T,_Z,_Z,_Z,2012,A,PPP,
37605.974261,P1Y,0,,A,PU,_Z,2,,,False,WB_WDI,WB_WDI_NY_GDP_PCAP_PP_CD,JPN,_T,_T,_T,_Z,_Z,_Z,2012,A,PPP,
9738.537469,P1Y,0,,A,PU,_Z,2,,,False,WB_WDI,WB_WDI_NY_GDP_PCAP_PP_CD,JOR,_T,_T,_T,_Z,_Z,_Z,2012,A,PPP,
21367.21806,P1Y,0,,A,PU,_Z,2,,,False,WB_WDI,WB_WDI_NY_GDP_PCAP_PP_CD,KAZ,_T,_T,_T,_Z,_Z,_Z,2012,A,PPP,
2847.270683,P1Y,0,,A,PU,_Z,2,,,False,WB_WDI,WB_WDI_NY_GDP_PCAP_PP_CD,KEN,_T,_T,_T,_Z,_Z,_Z,2012,A,PPP,
4530.648498,P1Y,0,,A,PU,_Z,2,,,False,WB_WDI,WB_WDI_NY_GDP_PCAP_PP_CD,CIV,_T,_T,_T,_Z,_Z,_Z,2016,A,PPP,
25802.682332,P1Y,0,,A,PU,_Z,2,,,False,WB_WDI,WB_WDI_NY_GDP_PCAP_PP_CD,HRV,_T,_T,_T,_Z,_Z,_Z,2016,A,PPP,
23649.591653,P1Y,0,,A,PU,_Z,2,,,False,WB_WDI,WB_WDI_NY_GDP_PCAP_PP_CD,CUW,_T,_T,_T,_Z,_Z,_Z,2016,A,PPP,
35246.902344,P1Y,0,,A,PU,_Z,2,,,False,WB_WDI,WB_WDI_NY_GDP_PCAP_PP_CD,CYP,_T,_T,_T,_Z,_Z,_Z,2016,A,PPP,
36445.048573,P1Y,0,,A,PU,_Z,2,,,False,WB_WDI,WB_WDI_NY_GDP_PCAP_PP_CD,CZE,_T,_T,_T,_Z,_Z,_Z,2016,A,PPP,
51820.952131,P1Y,0,,A,PU,_Z,2,,,False,WB_WDI,WB_WDI_NY_GDP_PCAP_PP_CD,DNK,_T,_T,_T,_Z,_Z,_Z,2016,A,PPP,
4431.565886,P1Y,0,,A,PU,_Z,2,,,False,WB_WDI,WB_WDI_NY_GDP_PCAP_PP_CD,DJI,_T,_T,_T,_Z,_Z,_Z,2016,A,PPP,
12945.002957,P1Y,0,,A,PU,_Z,2,,,False,WB_WDI,WB_WDI_NY_GDP_PCAP_PP_CD,DMA,_T,_T,_T,_Z,_Z,_Z,2016,A,PPP,
16282.189913,P1Y,0,,A,PU,_Z,2,,,False,WB_WDI,WB_WDI_NY_GDP_PCAP_PP_CD,DOM,_T,_T,_T,_Z,_Z,_Z,2016,A,PPP,
10881.489071,P1Y,0,,A,PU,_Z,2,,,False,WB_WDI,WB_WDI_NY_GDP_PCAP_PP_CD,ECU,_T,_T,_T,_Z,_Z,_Z,2016,A,PPP,
29089.053677,P1Y,0,,A,PU,_Z,2,,,False,WB_WDI,WB_WDI_NY_GDP_PCAP_PP_CD,GBR,_T,_T,_T,_Z,_Z,_Z,2002,A,PPP,
37997.74243,P1Y,0,,A,PU,_Z,2,,,False,WB_WDI,WB_WDI_NY_GDP_PCAP_PP_CD,USA,_T,_T,_T,_Z,_Z,_Z,2002,A,PPP,
10030.128784,P1Y,0,,A,PU,_Z,2,,,False,WB_WDI,WB_WDI_NY_GDP_PCAP_PP_CD,URY,_T,_T,_T,_Z,_Z,_Z,2002,A,PPP,
2902.039836,P1Y,0,,A,PU,_Z,2,,,False,WB_WDI,WB_WDI_NY_GDP_PCAP_PP_CD,UZB,_T,_T,_T,_Z,_Z,_Z,2002,A,PPP,
1995.323723,P1Y,0,,A,PU,_Z,2,,,False,WB_WDI,WB_WDI_NY_GDP_PCAP_PP_CD,VUT,_T,_T,_T,_Z,_Z,_Z,2002,A,PPP,
13375.054843,P1Y,0,,A,PU,_Z,2,,,False,WB_WDI,WB_WDI_NY_GDP_PCAP_PP_CD,VEN,_T,_T,_T,_Z,_Z,_Z,2002,A,PPP,
3001.870388,P1Y,0,,A,PU,_Z,2,,,False,WB_WDI,WB_WDI_NY_GDP_PCAP_PP_CD,VNM,_T,_T,_T,_Z,_Z,_Z,2002,A,PPP,
32113.43999,P1Y,0,,A,PU,_Z,2,,,False,WB_WDI,WB_WDI_NY_GDP_PCAP_PP_CD,VIR,_T,_T,_T,_Z,_Z,_Z,2002,A,PPP,
2178.863065,P1Y,0,,A,PU,_Z,2,,,False,WB_WDI,WB_WDI_NY_GDP_PCAP_PP_CD,PSE,_T,_T,_T,_Z,_Z,_Z,2002,A,PPP,
2768.487289,P1Y,0,,A,PU,_Z,2,,,False,WB_WDI,WB_WDI_NY_GDP_PCAP_PP_CD,YEM,_T,_T,_T,_Z,_Z,_Z,2002,A,PPP,
1837.065852,P1Y,0,,A,PU,_Z,2,,,False,WB_WDI,WB_WDI_NY_GDP_PCAP_PP_CD,ZMB,_T,_T,_T,_Z,_Z,_Z,2002,A,PPP,
3237.570827,P1Y,0,,A,PU,_Z,2,,,False,WB_WDI,WB_WDI_NY_GDP_PCAP_PP_CD,ZWE,_T,_T,_T,_Z,_Z,_Z,2002,A,PPP,
2353.972416,P1Y,0,,A,PU,_Z,2,,,False,WB_WDI,WB_WDI_NY_GDP_PCAP_PP_CD,AFE,_T,_T,_T,_Z,_Z,_Z,2003,A,PPP,
2948.095191,P1Y,0,,A,PU,_Z,2,,,False,WB_WDI,WB_WDI_NY_GDP_PCAP_PP_CD,AFW,_T,_T,_T,_Z,_Z,_Z,2003,A,PPP,
7376.21,P1Y,0,,A,PU,_Z,2,,,False,WB_WDI,WB_WDI_NY_GDP_PCAP_PP_CD,EAR,_T,_T,_T,_Z,_Z,_Z,2011,A,PPP,
12774.045045,P1Y,0,,A,PU,_Z,2,,,False,WB_WDI,WB_WDI_NY_GDP_PCAP_PP_CD,EAS,_T,_T,_T,_Z,_Z,_Z,2011,A,PPP,
9671.394502,P1Y,0,,A,PU,_Z,2,,,False,WB_WDI,WB_WDI_NY_GDP_PCAP_PP_CD,EAP,_T,_T,_T,_Z,_Z,_Z,2011,A,PPP,
9782.719889,P1Y,0,,A,PU,_Z,2,,,False,WB_WDI,WB_WDI_NY_GDP_PCAP_PP_CD,TEA,_T,_T,_T,_Z,_Z,_Z,2011,A,PPP,
37425.491192,P1Y,0,,A,PU,_Z,2,,,False,WB_WDI,WB_WDI_NY_GDP_PCAP_PP_CD,EMU,_T,_T,_T,_Z,_Z,_Z,2011,A,PPP,
27781.731127,P1Y,0,,A,PU,_Z,2,,,False,WB_WDI,WB_WDI_NY_GDP_PCAP_PP_CD,ECS,_T,_T,_T,_Z,_Z,_Z,2011,A,PPP,
13283.228377,P1Y,0,,A,PU,_Z,2,,,False,WB_WDI,WB_WDI_NY_GDP_PCAP_PP_CD,ECA,_T,_T,_T,_Z,_Z,_Z,2011,A,PPP,
17521.370794,P1Y,0,,A,PU,_Z,2,,,False,WB_WDI,WB_WDI_NY_GDP_PCAP_PP_CD,TEC,_T,_T,_T,_Z,_Z,_Z,2011,A,PPP,
34669.90141,P1Y,0,,A,PU,_Z,2,,,False,WB_WDI,WB_WDI_NY_GDP_PCAP_PP_CD,EUU,_T,_T,_T,_Z,_Z,_Z,2011,A,PPP,
2099.895288,P1Y,0,,A,PU,_Z,2,,,False,WB_WDI,WB_WDI_NY_GDP_PCAP_PP_CD,HPC,_T,_T,_T,_Z,_Z,_Z,2011,A,PPP,
38979.387838,P1Y,0,,A,PU,_Z,2,,,False,WB_WDI,WB_WDI_NY_GDP_PCAP_PP_CD,HIC,_T,_T,_T,_Z,_Z,_Z,2011,A,PPP,
10087.664747,P1Y,0,,A,PU,_Z,2,,,False,WB_WDI,WB_WDI_NY_GDP_PCAP_PP_CD,IBD,_T,_T,_T,_Z,_Z,_Z,2011,A,PPP,
8393.471347,P1Y,0,,A,PU,_Z,2,,,False,WB_WDI,WB_WDI_NY_GDP_PCAP_PP_CD,IBT,_T,_T,_T,_Z,_Z,_Z,2011,A,PPP,
5336.455549,P1Y,0,,A,PU,_Z,2,,,False,WB_WDI,WB_WDI_NY_GDP_PCAP_PP_CD,NRU,_T,_T,_T,_Z,_Z,_Z,2005,A,PPP,
1627.839156,P1Y,0,,A,PU,_Z,2,,,False,WB_WDI,WB_WDI_NY_GDP_PCAP_PP_CD,NPL,_T,_T,_T,_Z,_Z,_Z,2005,A,PPP,
37778.486436,P1Y,0,,A,PU,_Z,2,,,False,WB_WDI,WB_WDI_NY_GDP_PCAP_PP_CD,NLD,_T,_T,_T,_Z,_Z,_Z,2005,A,PPP,
25677.41908,P1Y,0,,A,PU,_Z,2,,,False,WB_WDI,WB_WDI_NY_GDP_PCAP_PP_CD,NZL,_T,_T,_T,_Z,_Z,_Z,2005,A,PPP,
3455.992737,P1Y,0,,A,PU,_Z,2,,,False,WB_WDI,WB_WDI_NY_GDP_PCAP_PP_CD,NIC,_T,_T,_T,_Z,_Z,_Z,2005,A,PPP,
888.304263,P1Y,0,,A,PU,_Z,2,,,False,WB_WDI,WB_WDI_NY_GDP_PCAP_PP_CD,NER,_T,_T,_T,_Z,_Z,_Z,2005,A,PPP,
4678.091632,P1Y,0,,A,PU,_Z,2,,,False,WB_WDI,WB_WDI_NY_GDP_PCAP_PP_CD,NGA,_T,_T,_T,_Z,_Z,_Z,2005,A,PPP,
7972.29771,P1Y,0,,A,PU,_Z,2,,,False,WB_WDI,WB_WDI_NY_GDP_PCAP_PP_CD,MKD,_T,_T,_T,_Z,_Z,_Z,2005,A,PPP,
47966.864011,P1Y,0,,A,PU,_Z,2,,,False,WB_WDI,WB_WDI_NY_GDP_PCAP_PP_CD,NOR,_T,_T,_T,_Z,_Z,_Z,2005,A,PPP,
43672.520318,P1Y,0,,A,PU,_Z,2,,,False,WB_WDI,WB_WDI_NY_GDP_PCAP_PP_CD,OMN,_T,_T,_T,_Z,_Z,_Z,2005,A,PPP,
3292.602233,P1Y,0,,A,PU,_Z,2,,,False,WB_WDI,WB_WDI_NY_GDP_PCAP_PP_CD,PAK,_T,_T,_T,_Z,_Z,_Z,2005,A,PPP,
43007.269782,P1Y,0,,A,PU,_Z,2,,,False,WB_WDI,WB_WDI_NY_GDP_PCAP_PP_CD,AUS,_T,_T,_T,_Z,_Z,_Z,2012,A,PPP,
46156.483207,P1Y,0,,A,PU,_Z,2,,,False,WB_WDI,WB_WDI_NY_GDP_PCAP_PP_CD,AUT,_T,_T,_T,_Z,_Z,_Z,2012,A,PPP,
15994.14665,P1Y,0,,A,PU,_Z,2,,,False,WB_WDI,WB_WDI_NY_GDP_PCAP_PP_CD,AZE,_T,_T,_T,_Z,_Z,_Z,2012,A,PPP,
31035.550057,P1Y,0,,A,PU,_Z,2,,,False,WB_WDI,WB_WDI_NY_GDP_PCAP_PP_CD,BHS,_T,_T,_T,_Z,_Z,_Z,2012,A,PPP,
56712.569266,P1Y,0,,A,PU,_Z,2,,,False,WB_WDI,WB_WDI_NY_GDP_PCAP_PP_CD,BHR,_T,_T,_T,_Z,_Z,_Z,2012,A,PPP,
3434.278151,P1Y,0,,A,PU,_Z,2,,,False,WB_WDI,WB_WDI_NY_GDP_PCAP_PP_CD,BGD,_T,_T,_T,_Z,_Z,_Z,2012,A,PPP,
19605.016925,P1Y,0,,A,PU,_Z,2,,,False,WB_WDI,WB_WDI_NY_GDP_PCAP_PP_CD,BRB,_T,_T,_T,_Z,_Z,_Z,2012,A,PPP,
18114.750861,P1Y,0,,A,PU,_Z,2,,,False,WB_WDI,WB_WDI_NY_GDP_PCAP_PP_CD,BLR,_T,_T,_T,_Z,_Z,_Z,2012,A,PPP,
42483.525067,P1Y,0,,A,PU,_Z,2,,,False,WB_WDI,WB_WDI_NY_GDP_PCAP_PP_CD,BEL,_T,_T,_T,_Z,_Z,_Z,2012,A,PPP,
9303.378575,P1Y,0,,A,PU,_Z,2,,,False,WB_WDI,WB_WDI_NY_GDP_PCAP_PP_CD,BLZ,_T,_T,_T,_Z,_Z,_Z,2012,A,PPP,
2346.084162,P1Y,0,,A,PU,_Z,2,,,False,WB_WDI,WB_WDI_NY_GDP_PCAP_PP_CD,BEN,_T,_T,_T,_Z,_Z,_Z,2012,A,PPP,
76838.175765,P1Y,0,,A,PU,_Z,2,,,False,WB_WDI,WB_WDI_NY_GDP_PCAP_PP_CD,BRN,_T,_T,_T,_Z,_Z,_Z,2002,A,PPP,
7786.404364,P1Y,0,,A,PU,_Z,2,,,False,WB_WDI,WB_WDI_NY_GDP_PCAP_PP_CD,BGR,_T,_T,_T,_Z,_Z,_Z,2002,A,PPP,
973.983933,P1Y,0,,A,PU,_Z,2,,,False,WB_WDI,WB_WDI_NY_GDP_PCAP_PP_CD,BFA,_T,_T,_T,_Z,_Z,_Z,2002,A,PPP,
544.92279,P1Y,0,,A,PU,_Z,2,,,False,WB_WDI,WB_WDI_NY_GDP_PCAP_PP_CD,BDI,_T,_T,_T,_Z,_Z,_Z,2002,A,PPP,
3388.448145,P1Y,0,,A,PU,_Z,2,,,False,WB_WDI,WB_WDI_NY_GDP_PCAP_PP_CD,CPV,_T,_T,_T,_Z,_Z,_Z,2002,A,PPP,
1442.464814,P1Y,0,,A,PU,_Z,2,,,False,WB_WDI,WB_WDI_NY_GDP_PCAP_PP_CD,KHM,_T,_T,_T,_Z,_Z,_Z,2002,A,PPP,
2263.055197,P1Y,0,,A,PU,_Z,2,,,False,WB_WDI,WB_WDI_NY_GDP_PCAP_PP_CD,CMR,_T,_T,_T,_Z,_Z,_Z,2002,A,PPP,
30963.921886,P1Y,0,,A,PU,_Z,2,,,False,WB_WDI,WB_WDI_NY_GDP_PCAP_PP_CD,CAN,_T,_T,_T,_Z,_Z,_Z,2002,A,PPP,
688.180451,P1Y,0,,A,PU,_Z,2,,,False,WB_WDI,WB_WDI_NY_GDP_PCAP_PP_CD,CAF,_T,_T,_T,_Z,_Z,_Z,2002,A,PPP,
1225.707012,P1Y,0,,A,PU,_Z,2,,,False,WB_WDI,WB_WDI_NY_GDP_PCAP_PP_CD,TCD,_T,_T,_T,_Z,_Z,_Z,2002,A,PPP,
10132.91077,P1Y,0,,A,PU,_Z,2,,,False,WB_WDI,WB_WDI_NY_GDP_PCAP_PP_CD,CHL,_T,_T,_T,_Z,_Z,_Z,2002,A,PPP,
3590.765959,P1Y,0,,A,PU,_Z,2,,,False,WB_WDI,WB_WDI_NY_GDP_PCAP_PP_CD,CHN,_T,_T,_T,_Z,_Z,_Z,2002,A,PPP,
13727.126636,P1Y,0,,A,PU,_Z,2,,,False,WB_WDI,WB_WDI_NY_GDP_PCAP_PP_CD,DZA,_T,_T,_T,_Z,_Z,_Z,2018,A,PPP,
55244.655409,P1Y,0,,A,PU,_Z,2,,,False,WB_WDI,WB_WDI_NY_GDP_PCAP_PP_CD,AND,_T,_T,_T,_Z,_Z,_Z,2018,A,PPP,
8278.368862,P1Y,0,,A,PU,_Z,2,,,False,WB_WDI,WB_WDI_NY_GDP_PCAP_PP_CD,AGO,_T,_T,_T,_Z,_Z,_Z,2018,A,PPP,
24524.213795,P1Y,0,,A,PU,_Z,2,,,False,WB_WDI,WB_WDI_NY_GDP_PCAP_PP_CD,ATG,_T,_T,_T,_Z,_Z,_Z,2018,A,PPP,
24410.391906,P1Y,0,,A,PU,_Z,2,,,False,WB_WDI,WB_WDI_NY_GDP_PCAP_PP_CD,ARG,_T,_T,_T,_Z,_Z,_Z,2018,A,PPP,
12877.493754,P1Y,0,,A,PU,_Z,2,,,False,WB_WDI,WB_WDI_NY_GDP_PCAP_PP_CD,ARM,_T,_T,_T,_Z,_Z,_Z,2018,A,PPP,
39287.059713,P1Y,0,,A,PU,_Z,2,,,False,WB_WDI,WB_WDI_NY_GDP_PCAP_PP_CD,ABW,_T,_T,_T,_Z,_Z,_Z,2018,A,PPP,
50371.233831,P1Y,0,,A,PU,_Z,2,,,False,WB_WDI,WB_WDI_NY_GDP_PCAP_PP_CD,AUS,_T,_T,_T,_Z,_Z,_Z,2018,A,PPP,
56636.495303,P1Y,0,,A,PU,_Z,2,,,False,WB_WDI,WB_WDI_NY_GDP_PCAP_PP_CD,AUT,_T,_T,_T,_Z,_Z,_Z,2018,A,PPP,
15282.999523,P1Y,0,,A,PU,_Z,2,,,False,WB_WDI,WB_WDI_NY_GDP_PCAP_PP_CD,AZE,_T,_T,_T,_Z,_Z,_Z,2018,A,PPP,
35227.761906,P1Y,0,,A,PU,_Z,2,,,False,WB_WDI,WB_WDI_NY_GDP_PCAP_PP_CD,BHS,_T,_T,_T,_Z,_Z,_Z,2018,A,PPP,
51993.130782,P1Y,0,,A,PU,_Z,2,,,False,WB_WDI,WB_WDI_NY_GDP_PCAP_PP_CD,BHR,_T,_T,_T,_Z,_Z,_Z,2018,A,PPP,
4655.484964,P1Y,0,,A,PU,_Z,2,,,False,WB_WDI,WB_WDI_NY_GDP_PCAP_PP_CD,STP,_T,_T,_T,_Z,_Z,_Z,2019,A,PPP,
59560.25379,P1Y,0,,A,PU,_Z,2,,,False,WB_WDI,WB_WDI_NY_GDP_PCAP_PP_CD,SAU,_T,_T,_T,_Z,_Z,_Z,2019,A,PPP,
3647.951374,P1Y,0,,A,PU,_Z,2,,,False,WB_WDI,WB_WDI_NY_GDP_PCAP_PP_CD,SEN,_T,_T,_T,_Z,_Z,_Z,2019,A,PPP,
20587.382536,P1Y,0,,A,PU,_Z,2,,,False,WB_WDI,WB_WDI_NY_GDP_PCAP_PP_CD,SRB,_T,_T,_T,_Z,_Z,_Z,2019,A,PPP,
34219.06137,P1Y,0,,A,PU,_Z,2,,,False,WB_WDI,WB_WDI_NY_GDP_PCAP_PP_CD,SYC,_T,_T,_T,_Z,_Z,_Z,2019,A,PPP,
2704.058359,P1Y,0,,A,PU,_Z,2,,,False,WB_WDI,WB_WDI_NY_GDP_PCAP_PP_CD,SLE,_T,_T,_T,_Z,_Z,_Z,2019,A,PPP,
105335.291974,P1Y,0,,A,PU,_Z,2,,,False,WB_WDI,WB_WDI_NY_GDP_PCAP_PP_CD,SGP,_T,_T,_T,_Z,_Z,_Z,2019,A,PPP,
45715.697052,P1Y,0,,A,PU,_Z,2,,,False,WB_WDI,WB_WDI_NY_GDP_PCAP_PP_CD,SXM,_T,_T,_T,_Z,_Z,_Z,2019,A,PPP,
33985.675842,P1Y,0,,A,PU,_Z,2,,,False,WB_WDI,WB_WDI_NY_GDP_PCAP_PP_CD,SVK,_T,_T,_T,_Z,_Z,_Z,2019,A,PPP,
42373.250637,P1Y,0,,A,PU,_Z,2,,,False,WB_WDI,WB_WDI_NY_GDP_PCAP_PP_CD,SVN,_T,_T,_T,_Z,_Z,_Z,2019,A,PPP,
2512.01388,P1Y,0,,A,PU,_Z,2,,,False,WB_WDI,WB_WDI_NY_GDP_PCAP_PP_CD,SLB,_T,_T,_T,_Z,_Z,_Z,2019,A,PPP,
1548.272509,P1Y,0,,A,PU,_Z,2,,,False,WB_WDI,WB_WDI_NY_GDP_PCAP_PP_CD,SOM,_T,_T,_T,_Z,_Z,_Z,2019,A,PPP,
13347.363483,P1Y,0,,A,PU,_Z,2,,,False,WB_WDI,WB_WDI_NY_GDP_PCAP_PP_CD,ZAF,_T,_T,_T,_Z,_Z,_Z,2018,A,PPP,
41015.156576,P1Y,0,,A,PU,_Z,2,,,False,WB_WDI,WB_WDI_NY_GDP_PCAP_PP_CD,ESP,_T,_T,_T,_Z,_Z,_Z,2018,A,PPP,
14178.022536,P1Y,0,,A,PU,_Z,2,,,False,WB_WDI,WB_WDI_NY_GDP_PCAP_PP_CD,LKA,_T,_T,_T,_Z,_Z,_Z,2018,A,PPP,
30794.898648,P1Y,0,,A,PU,_Z,2,,,False,WB_WDI,WB_WDI_NY_GDP_PCAP_PP_CD,KNA,_T,_T,_T,_Z,_Z,_Z,2018,A,PPP,
17433.301033,P1Y,0,,A,PU,_Z,2,,,False,WB_WDI,WB_WDI_NY_GDP_PCAP_PP_CD,LCA,_T,_T,_T,_Z,_Z,_Z,2018,A,PPP,
14689.850071,P1Y,0,,A,PU,_Z,2,,,False,WB_WDI,WB_WDI_NY_GDP_PCAP_PP_CD,VCT,_T,_T,_T,_Z,_Z,_Z,2018,A,PPP,
4199.250488,P1Y,0,,A,PU,_Z,2,,,False,WB_WDI,WB_WDI_NY_GDP_PCAP_PP_CD,SDN,_T,_T,_T,_Z,_Z,_Z,2018,A,PPP,
17855.478714,P1Y,0,,A,PU,_Z,2,,,False,WB_WDI,WB_WDI_NY_GDP_PCAP_PP_CD,SUR,_T,_T,_T,_Z,_Z,_Z,2018,A,PPP,
53122.438677,P1Y,0,,A,PU,_Z,2,,,False,WB_WDI,WB_WDI_NY_GDP_PCAP_PP_CD,SWE,_T,_T,_T,_Z,_Z,_Z,2018,A,PPP,
70688.818749,P1Y,0,,A,PU,_Z,2,,,False,WB_WDI,WB_WDI_NY_GDP_PCAP_PP_CD,CHE,_T,_T,_T,_Z,_Z,_Z,2018,A,PPP,
57236.051957,P1Y,0,,A,PU,_Z,2,,,False,WB_WDI,WB_WDI_NY_GDP_PCAP_PP_CD,SAU,_T,_T,_T,_Z,_Z,_Z,2008,A,PPP,
2580.719492,P1Y,0,,A,PU,_Z,2,,,False,WB_WDI,WB_WDI_NY_GDP_PCAP_PP_CD,SEN,_T,_T,_T,_Z,_Z,_Z,2008,A,PPP,
13122.503071,P1Y,0,,A,PU,_Z,2,,,False,WB_WDI,WB_WDI_NY_GDP_PCAP_PP_CD,SRB,_T,_T,_T,_Z,_Z,_Z,2008,A,PPP,
18880.574856,P1Y,0,,A,PU,_Z,2,,,False,WB_WDI,WB_WDI_NY_GDP_PCAP_PP_CD,SYC,_T,_T,_T,_Z,_Z,_Z,2008,A,PPP,
1824.244984,P1Y,0,,A,PU,_Z,2,,,False,WB_WDI,WB_WDI_NY_GDP_PCAP_PP_CD,SLE,_T,_T,_T,_Z,_Z,_Z,2008,A,PPP,
67735.348085,P1Y,0,,A,PU,_Z,2,,,False,WB_WDI,WB_WDI_NY_GDP_PCAP_PP_CD,SGP,_T,_T,_T,_Z,_Z,_Z,2008,A,PPP,
23714.135357,P1Y,0,,A,PU,_Z,2,,,False,WB_WDI,WB_WDI_NY_GDP_PCAP_PP_CD,SVK,_T,_T,_T,_Z,_Z,_Z,2008,A,PPP,
29460.941424,P1Y,0,,A,PU,_Z,2,,,False,WB_WDI,WB_WDI_NY_GDP_PCAP_PP_CD,SVN,_T,_T,_T,_Z,_Z,_Z,2008,A,PPP,
1989.013592,P1Y,0,,A,PU,_Z,2,,,False,WB_WDI,WB_WDI_NY_GDP_PCAP_PP_CD,SLB,_T,_T,_T,_Z,_Z,_Z,2008,A,PPP,
739.209469,P1Y,0,,A,PU,_Z,2,,,False,WB_WDI,WB_WDI_NY_GDP_PCAP_PP_CD,SOM,_T,_T,_T,_Z,_Z,_Z,2008,A,PPP,
12525.26303,P1Y,0,,A,PU,_Z,2,,,False,WB_WDI,WB_WDI_NY_GDP_PCAP_PP_CD,ZAF,_T,_T,_T,_Z,_Z,_Z,2008,A,PPP,
2887.374159,P1Y,0,,A,PU,_Z,2,,,False,WB_WDI,WB_WDI_NY_GDP_PCAP_PP_CD,SSD,_T,_T,_T,_Z,_Z,_Z,2008,A,PPP,
6132.082998,P1Y,0,,A,PU,_Z,2,,,False,WB_WDI,WB_WDI_NY_GDP_PCAP_PP_CD,TLS,_T,_T,_T,_Z,_Z,_Z,2020,A,PPP,
2384.066455,P1Y,0,,A,PU,_Z,2,,,False,WB_WDI,WB_WDI_NY_GDP_PCAP_PP_CD,TGO,_T,_T,_T,_Z,_Z,_Z,2020,A,PPP,
6675.60305,P1Y,0,,A,PU,_Z,2,,,False,WB_WDI,WB_WDI_NY_GDP_PCAP_PP_CD,TON,_T,_T,_T,_Z,_Z,_Z,2020,A,PPP,
26731.355641,P1Y,0,,A,PU,_Z,2,,,False,WB_WDI,WB_WDI_NY_GDP_PCAP_PP_CD,TTO,_T,_T,_T,_Z,_Z,_Z,2020,A,PPP,
11918.066205,P1Y,0,,A,PU,_Z,2,,,False,WB_WDI,WB_WDI_NY_GDP_PCAP_PP_CD,TUN,_T,_T,_T,_Z,_Z,_Z,2020,A,PPP,
29209.330887,P1Y,0,,A,PU,_Z,2,,,False,WB_WDI,WB_WDI_NY_GDP_PCAP_PP_CD,TUR,_T,_T,_T,_Z,_Z,_Z,2020,A,PPP,
15090.939497,P1Y,0,,A,PU,_Z,2,,,False,WB_WDI,WB_WDI_NY_GDP_PCAP_PP_CD,TKM,_T,_T,_T,_Z,_Z,_Z,2020,A,PPP,
19530.025408,P1Y,0,,A,PU,_Z,2,,,False,WB_WDI,WB_WDI_NY_GDP_PCAP_PP_CD,TCA,_T,_T,_T,_Z,_Z,_Z,2020,A,PPP,
5122.19828,P1Y,0,,A,PU,_Z,2,,,False,WB_WDI,WB_WDI_NY_GDP_PCAP_PP_CD,TUV,_T,_T,_T,_Z,_Z,_Z,2020,A,PPP,
2532.219501,P1Y,0,,A,PU,_Z,2,,,False,WB_WDI,WB_WDI_NY_GDP_PCAP_PP_CD,UGA,_T,_T,_T,_Z,_Z,_Z,2020,A,PPP,
15541.027344,P1Y,0,,A,PU,_Z,2,,,False,WB_WDI,WB_WDI_NY_GDP_PCAP_PP_CD,UKR,_T,_T,_T,_Z,_Z,_Z,2020,A,PPP,
66790.682266,P1Y,0,,A,PU,_Z,2,,,False,WB_WDI,WB_WDI_NY_GDP_PCAP_PP_CD,ARE,_T,_T,_T,_Z,_Z,_Z,2020,A,PPP,
1250.970597,P1Y,0,,A,PU,_Z,2,,,False,WB_WDI,WB_WDI_NY_GDP_PCAP_PP_CD,GIN,_T,_T,_T,_Z,_Z,_Z,2001,A,PPP,
1063.572283,P1Y,0,,A,PU,_Z,2,,,False,WB_WDI,WB_WDI_NY_GDP_PCAP_PP_CD,GNB,_T,_T,_T,_Z,_Z,_Z,2001,A,PPP,
6131.29683,P1Y,0,,A,PU,_Z,2,,,False,WB_WDI,WB_WDI_NY_GDP_PCAP_PP_CD,GUY,_T,_T,_T,_Z,_Z,_Z,2001,A,PPP,
2229.843967,P1Y,0,,A,PU,_Z,2,,,False,WB_WDI,WB_WDI_NY_GDP_PCAP_PP_CD,HTI,_T,_T,_T,_Z,_Z,_Z,2001,A,PPP,
2645.254776,P1Y,0,,A,PU,_Z,2,,,False,WB_WDI,WB_WDI_NY_GDP_PCAP_PP_CD,HND,_T,_T,_T,_Z,_Z,_Z,2001,A,PPP,
28808.807917,P1Y,0,,A,PU,_Z,2,,,False,WB_WDI,WB_WDI_NY_GDP_PCAP_PP_CD,HKG,_T,_T,_T,_Z,_Z,_Z,2001,A,PPP,
13222.729861,P1Y,0,,A,PU,_Z,2,,,False,WB_WDI,WB_WDI_NY_GDP_PCAP_PP_CD,HUN,_T,_T,_T,_Z,_Z,_Z,2001,A,PPP,
31882.059391,P1Y,0,,A,PU,_Z,2,,,False,WB_WDI,WB_WDI_NY_GDP_PCAP_PP_CD,ISL,_T,_T,_T,_Z,_Z,_Z,2001,A,PPP,
2199.539104,P1Y,0,,A,PU,_Z,2,,,False,WB_WDI,WB_WDI_NY_GDP_PCAP_PP_CD,IND,_T,_T,_T,_Z,_Z,_Z,2001,A,PPP,
4848.555801,P1Y,0,,A,PU,_Z,2,,,False,WB_WDI,WB_WDI_NY_GDP_PCAP_PP_CD,IDN,_T,_T,_T,_Z,_Z,_Z,2001,A,PPP,
11532.998757,P1Y,0,,A,PU,_Z,2,,,False,WB_WDI,WB_WDI_NY_GDP_PCAP_PP_CD,IRN,_T,_T,_T,_Z,_Z,_Z,2001,A,PPP,
10719.619421,P1Y,0,,A,PU,_Z,2,,,False,WB_WDI,WB_WDI_NY_GDP_PCAP_PP_CD,IRQ,_T,_T,_T,_Z,_Z,_Z,2001,A,PPP,
32573.463402,P1Y,0,,A,PU,_Z,2,,,False,WB_WDI,WB_WDI_NY_GDP_PCAP_PP_CD,IRL,_T,_T,_T,_Z,_Z,_Z,2001,A,PPP,
1195.806115,P1Y,0,,A,PU,_Z,2,,,False,WB_WDI,WB_WDI_NY_GDP_PCAP_PP_CD,GIN,_T,_T,_T,_Z,_Z,_Z,2000,A,PPP,
1013.973492,P1Y,0,,A,PU,_Z,2,,,False,WB_WDI,WB_WDI_NY_GDP_PCAP_PP_CD,GNB,_T,_T,_T,_Z,_Z,_Z,2000,A,PPP,
5859.917919,P1Y,0,,A,PU,_Z,2,,,False,WB_WDI,WB_WDI_NY_GDP_PCAP_PP_CD,GUY,_T,_T,_T,_Z,_Z,_Z,2000,A,PPP,
2228.501336,P1Y,0,,A,PU,_Z,2,,,False,WB_WDI,WB_WDI_NY_GDP_PCAP_PP_CD,HTI,_T,_T,_T,_Z,_Z,_Z,2000,A,PPP,
2587.422539,P1Y,0,,A,PU,_Z,2,,,False,WB_WDI,WB_WDI_NY_GDP_PCAP_PP_CD,HND,_T,_T,_T,_Z,_Z,_Z,2000,A,PPP,
28224.509022,P1Y,0,,A,PU,_Z,2,,,False,WB_WDI,WB_WDI_NY_GDP_PCAP_PP_CD,HKG,_T,_T,_T,_Z,_Z,_Z,2000,A,PPP,
11871.671205,P1Y,0,,A,PU,_Z,2,,,False,WB_WDI,WB_WDI_NY_GDP_PCAP_PP_CD,HUN,_T,_T,_T,_Z,_Z,_Z,2000,A,PPP,
29789.246361,P1Y,0,,A,PU,_Z,2,,,False,WB_WDI,WB_WDI_NY_GDP_PCAP_PP_CD,ISL,_T,_T,_T,_Z,_Z,_Z,2000,A,PPP,
2090.858069,P1Y,0,,A,PU,_Z,2,,,False,WB_WDI,WB_WDI_NY_GDP_PCAP_PP_CD,IND,_T,_T,_T,_Z,_Z,_Z,2000,A,PPP,
4639.039426,P1Y,0,,A,PU,_Z,2,,,False,WB_WDI,WB_WDI_NY_GDP_PCAP_PP_CD,IDN,_T,_T,_T,_Z,_Z,_Z,2000,A,PPP,
11186.899922,P1Y,0,,A,PU,_Z,2,,,False,WB_WDI,WB_WDI_NY_GDP_PCAP_PP_CD,IRN,_T,_T,_T,_Z,_Z,_Z,2000,A,PPP,
10627.940073,P1Y,0,,A,PU,_Z,2,,,False,WB_WDI,WB_WDI_NY_GDP_PCAP_PP_CD,IRQ,_T,_T,_T,_Z,_Z,_Z,2000,A,PPP,
71512.319355,P1Y,0,,A,PU,_Z,2,,,False,WB_WDI,WB_WDI_NY_GDP_PCAP_PP_CD,HKG,_T,_T,_T,_Z,_Z,_Z,2023,A,PPP,
46592.385607,P1Y,0,,A,PU,_Z,2,,,False,WB_WDI,WB_WDI_NY_GDP_PCAP_PP_CD,HUN,_T,_T,_T,_Z,_Z,_Z,2023,A,PPP,
81608.447912,P1Y,0,,A,PU,_Z,2,,,False,WB_WDI,WB_WDI_NY_GDP_PCAP_PP_CD,ISL,_T,_T,_T,_Z,_Z,_Z,2023,A,PPP,
10323.499873,P1Y,0,,A,PU,_Z,2,,,False,WB_WDI,WB_WDI_NY_GDP_PCAP_PP_CD,IND,_T,_T,_T,_Z,_Z,_Z,2023,A,PPP,
15415.707926,P1Y,0,,A,PU,_Z,2,,,False,WB_WDI,WB_WDI_NY_GDP_PCAP_PP_CD,IDN,_T,_T,_T,_Z,_Z,_Z,2023,A,PPP,
18917.091472,P1Y,0,,A,PU,_Z,2,,,False,WB_WDI,WB_WDI_NY_GDP_PCAP_PP_CD,IRN,_T,_T,_T,_Z,_Z,_Z,2023,A,PPP,
14652.52124,P1Y,0,,A,PU,_Z,2,,,False,WB_WDI,WB_WDI_NY_GDP_PCAP_PP_CD,IRQ,_T,_T,_T,_Z,_Z,_Z,2023,A,PPP,
129682.607151,P1Y,0,,A,PU,_Z,2,,,False,WB_WDI,WB_WDI_NY_GDP_PCAP_PP_CD,IRL,_T,_T,_T,_Z,_Z,_Z,2023,A,PPP,
55171.231881,P1Y,0,,A,PU,_Z,2,,,False,WB_WDI,WB_WDI_NY_GDP_PCAP_PP_CD,ISR,_T,_T,_T,_Z,_Z,_Z,2023,A,PPP,
60029.871712,P1Y,0,,A,PU,_Z,2,,,False,WB_WDI,WB_WDI_NY_GDP_PCAP_PP_CD,ITA,_T,_T,_T,_Z,_Z,_Z,2023,A,PPP,
12650.905296,P1Y,0,,A,PU,_Z,2,,,False,WB_WDI,WB_WDI_NY_GDP_PCAP_PP_CD,JAM,_T,_T,_T,_Z,_Z,_Z,2023,A,PPP,
50661.766346,P1Y,0,,A,PU,_Z,2,,,False,WB_WDI,WB_WDI_NY_GDP_PCAP_PP_CD,JPN,_T,_T,_T,_Z,_Z,_Z,2023,A,PPP,
10411.841615,P1Y,0,,A,PU,_Z,2,,,False,WB_WDI,WB_WDI_NY_GDP_PCAP_PP_CD,JOR,_T,_T,_T,_Z,_Z,_Z,2023,A,PPP,
15021.905758,P1Y,0,,A,PU,_Z,2,,,False,WB_WDI,WB_WDI_NY_GDP_PCAP_PP_CD,GEO,_T,_T,_T,_Z,_Z,_Z,2018,A,PPP,
56273.040563,P1Y,0,,A,PU,_Z,2,,,False,WB_WDI,WB_WDI_NY_GDP_PCAP_PP_CD,DEU,_T,_T,_T,_Z,_Z,_Z,2018,A,PPP,
5536.497954,P1Y,0,,A,PU,_Z,2,,,False,WB_WDI,WB_WDI_NY_GDP_PCAP_PP_CD,GHA,_T,_T,_T,_Z,_Z,_Z,2018,A,PPP,
29792.059252,P1Y,0,,A,PU,_Z,2,,,False,WB_WDI,WB_WDI_NY_GDP_PCAP_PP_CD,GRC,_T,_T,_T,_Z,_Z,_Z,2018,A,PPP,
61806.827131,P1Y,0,,A,PU,_Z,2,,,False,WB_WDI,WB_WDI_NY_GDP_PCAP_PP_CD,GRL,_T,_T,_T,_Z,_Z,_Z,2018,A,PPP,
15974.859193,P1Y,0,,A,PU,_Z,2,,,False,WB_WDI,WB_WDI_NY_GDP_PCAP_PP_CD,GRD,_T,_T,_T,_Z,_Z,_Z,2018,A,PPP,
9946.802522,P1Y,0,,A,PU,_Z,2,,,False,WB_WDI,WB_WDI_NY_GDP_PCAP_PP_CD,GTM,_T,_T,_T,_Z,_Z,_Z,2018,A,PPP,
2844.464277,P1Y,0,,A,PU,_Z,2,,,False,WB_WDI,WB_WDI_NY_GDP_PCAP_PP_CD,GIN,_T,_T,_T,_Z,_Z,_Z,2018,A,PPP,
2057.969691,P1Y,0,,A,PU,_Z,2,,,False,WB_WDI,WB_WDI_NY_GDP_PCAP_PP_CD,GNB,_T,_T,_T,_Z,_Z,_Z,2018,A,PPP,
12442.508719,P1Y,0,,A,PU,_Z,2,,,False,WB_WDI,WB_WDI_NY_GDP_PCAP_PP_CD,GUY,_T,_T,_T,_Z,_Z,_Z,2018,A,PPP,
3196.973864,P1Y,0,,A,PU,_Z,2,,,False,WB_WDI,WB_WDI_NY_GDP_PCAP_PP_CD,HTI,_T,_T,_T,_Z,_Z,_Z,2018,A,PPP,
45763.733059,P1Y,0,,A,PU,_Z,2,,,False,WB_WDI,WB_WDI_NY_GDP_PCAP_PP_CD,MLT,_T,_T,_T,_Z,_Z,_Z,2017,A,PPP,
4719.313049,P1Y,0,,A,PU,_Z,2,,,False,WB_WDI,WB_WDI_NY_GDP_PCAP_PP_CD,MHL,_T,_T,_T,_Z,_Z,_Z,2017,A,PPP,
5353.066088,P1Y,0,,A,PU,_Z,2,,,False,WB_WDI,WB_WDI_NY_GDP_PCAP_PP_CD,MRT,_T,_T,_T,_Z,_Z,_Z,2017,A,PPP,
22897.970092,P1Y,0,,A,PU,_Z,2,,,False,WB_WDI,WB_WDI_NY_GDP_PCAP_PP_CD,MUS,_T,_T,_T,_Z,_Z,_Z,2017,A,PPP,
20488.71508,P1Y,0,,A,PU,_Z,2,,,False,WB_WDI,WB_WDI_NY_GDP_PCAP_PP_CD,MEX,_T,_T,_T,_Z,_Z,_Z,2017,A,PPP,
3461.364608,P1Y,0,,A,PU,_Z,2,,,False,WB_WDI,WB_WDI_NY_GDP_PCAP_PP_CD,FSM,_T,_T,_T,_Z,_Z,_Z,2017,A,PPP,
11252.113547,P1Y,0,,A,PU,_Z,2,,,False,WB_WDI,WB_WDI_NY_GDP_PCAP_PP_CD,MDA,_T,_T,_T,_Z,_Z,_Z,2017,A,PPP,
11096.03756,P1Y,0,,A,PU,_Z,2,,,False,WB_WDI,WB_WDI_NY_GDP_PCAP_PP_CD,MNG,_T,_T,_T,_Z,_Z,_Z,2017,A,PPP,
19356.682595,P1Y,0,,A,PU,_Z,2,,,False,WB_WDI,WB_WDI_NY_GDP_PCAP_PP_CD,MNE,_T,_T,_T,_Z,_Z,_Z,2017,A,PPP,
8115.120605,P1Y,0,,A,PU,_Z,2,,,False,WB_WDI,WB_WDI_NY_GDP_PCAP_PP_CD,MAR,_T,_T,_T,_Z,_Z,_Z,2017,A,PPP,
7258.316675,P1Y,0,,A,PU,_Z,2,,,False,WB_WDI,WB_WDI_NY_GDP_PCAP_PP_CD,GTM,_T,_T,_T,_Z,_Z,_Z,2012,A,PPP,
1789.97473,P1Y,0,,A,PU,_Z,2,,,False,WB_WDI,WB_WDI_NY_GDP_PCAP_PP_CD,GIN,_T,_T,_T,_Z,_Z,_Z,2012,A,PPP,
1401.84994,P1Y,0,,A,PU,_Z,2,,,False,WB_WDI,WB_WDI_NY_GDP_PCAP_PP_CD,GNB,_T,_T,_T,_Z,_Z,_Z,2012,A,PPP,
10626.825667,P1Y,0,,A,PU,_Z,2,,,False,WB_WDI,WB_WDI_NY_GDP_PCAP_PP_CD,GUY,_T,_T,_T,_Z,_Z,_Z,2012,A,PPP,
2830.190806,P1Y,0,,A,PU,_Z,2,,,False,WB_WDI,WB_WDI_NY_GDP_PCAP_PP_CD,HTI,_T,_T,_T,_Z,_Z,_Z,2012,A,PPP,
4016.346091,P1Y,0,,A,PU,_Z,2,,,False,WB_WDI,WB_WDI_NY_GDP_PCAP_PP_CD,HND,_T,_T,_T,_Z,_Z,_Z,2012,A,PPP,
52149.681269,P1Y,0,,A,PU,_Z,2,,,False,WB_WDI,WB_WDI_NY_GDP_PCAP_PP_CD,HKG,_T,_T,_T,_Z,_Z,_Z,2012,A,PPP,
23205.310668,P1Y,0,,A,PU,_Z,2,,,False,WB_WDI,WB_WDI_NY_GDP_PCAP_PP_CD,HUN,_T,_T,_T,_Z,_Z,_Z,2012,A,PPP,
42004.447611,P1Y,0,,A,PU,_Z,2,,,False,WB_WDI,WB_WDI_NY_GDP_PCAP_PP_CD,ISL,_T,_T,_T,_Z,_Z,_Z,2012,A,PPP,
4819.642882,P1Y,0,,A,PU,_Z,2,,,False,WB_WDI,WB_WDI_NY_GDP_PCAP_PP_CD,IND,_T,_T,_T,_Z,_Z,_Z,2012,A,PPP,
42425.694679,P1Y,0,,A,PU,_Z,2,,,False,WB_WDI,WB_WDI_NY_GDP_PCAP_PP_CD,JPN,_T,_T,_T,_Z,_Z,_Z,2020,A,PPP,
9579.200813,P1Y,0,,A,PU,_Z,2,,,False,WB_WDI,WB_WDI_NY_GDP_PCAP_PP_CD,JOR,_T,_T,_T,_Z,_Z,_Z,2020,A,PPP,
29039.822962,P1Y,0,,A,PU,_Z,2,,,False,WB_WDI,WB_WDI_NY_GDP_PCAP_PP_CD,KAZ,_T,_T,_T,_Z,_Z,_Z,2020,A,PPP,
4792.573158,P1Y,0,,A,PU,_Z,2,,,False,WB_WDI,WB_WDI_NY_GDP_PCAP_PP_CD,KEN,_T,_T,_T,_Z,_Z,_Z,2020,A,PPP,
2710.906228,P1Y,0,,A,PU,_Z,2,,,False,WB_WDI,WB_WDI_NY_GDP_PCAP_PP_CD,KIR,_T,_T,_T,_Z,_Z,_Z,2020,A,PPP,
47881.492134,P1Y,0,,A,PU,_Z,2,,,False,WB_WDI,WB_WDI_NY_GDP_PCAP_PP_CD,KOR,_T,_T,_T,_Z,_Z,_Z,2020,A,PPP,
10532.505469,P1Y,0,,A,PU,_Z,2,,,False,WB_WDI,WB_WDI_NY_GDP_PCAP_PP_CD,XKX,_T,_T,_T,_Z,_Z,_Z,2020,A,PPP,
41461.723564,P1Y,0,,A,PU,_Z,2,,,False,WB_WDI,WB_WDI_NY_GDP_PCAP_PP_CD,KWT,_T,_T,_T,_Z,_Z,_Z,2020,A,PPP,
5178.561967,P1Y,0,,A,PU,_Z,2,,,False,WB_WDI,WB_WDI_NY_GDP_PCAP_PP_CD,KGZ,_T,_T,_T,_Z,_Z,_Z,2020,A,PPP,
7913.386607,P1Y,0,,A,PU,_Z,2,,,False,WB_WDI,WB_WDI_NY_GDP_PCAP_PP_CD,LAO,_T,_T,_T,_Z,_Z,_Z,2020,A,PPP,
32741.420769,P1Y,0,,A,PU,_Z,2,,,False,WB_WDI,WB_WDI_NY_GDP_PCAP_PP_CD,LVA,_T,_T,_T,_Z,_Z,_Z,2020,A,PPP,
54638.758893,P1Y,0,,A,PU,_Z,2,,,False,WB_WDI,WB_WDI_NY_GDP_PCAP_PP_CD,SAU,_T,_T,_T,_Z,_Z,_Z,2006,A,PPP,
2422.097618,P1Y,0,,A,PU,_Z,2,,,False,WB_WDI,WB_WDI_NY_GDP_PCAP_PP_CD,SEN,_T,_T,_T,_Z,_Z,_Z,2006,A,PPP,
10463.337011,P1Y,0,,A,PU,_Z,2,,,False,WB_WDI,WB_WDI_NY_GDP_PCAP_PP_CD,SRB,_T,_T,_T,_Z,_Z,_Z,2006,A,PPP,
17503.196498,P1Y,0,,A,PU,_Z,2,,,False,WB_WDI,WB_WDI_NY_GDP_PCAP_PP_CD,SYC,_T,_T,_T,_Z,_Z,_Z,2006,A,PPP,
1697.696804,P1Y,0,,A,PU,_Z,2,,,False,WB_WDI,WB_WDI_NY_GDP_PCAP_PP_CD,SLE,_T,_T,_T,_Z,_Z,_Z,2006,A,PPP,
64060.568604,P1Y,0,,A,PU,_Z,2,,,False,WB_WDI,WB_WDI_NY_GDP_PCAP_PP_CD,SGP,_T,_T,_T,_Z,_Z,_Z,2006,A,PPP,
18905.719577,P1Y,0,,A,PU,_Z,2,,,False,WB_WDI,WB_WDI_NY_GDP_PCAP_PP_CD,SVK,_T,_T,_T,_Z,_Z,_Z,2006,A,PPP,
25571.066947,P1Y,0,,A,PU,_Z,2,,,False,WB_WDI,WB_WDI_NY_GDP_PCAP_PP_CD,SVN,_T,_T,_T,_Z,_Z,_Z,2006,A,PPP,
1786.139629,P1Y,0,,A,PU,_Z,2,,,False,WB_WDI,WB_WDI_NY_GDP_PCAP_PP_CD,SLB,_T,_T,_T,_Z,_Z,_Z,2006,A,PPP,
659.137581,P1Y,0,,A,PU,_Z,2,,,False,WB_WDI,WB_WDI_NY_GDP_PCAP_PP_CD,SOM,_T,_T,_T,_Z,_Z,_Z,2006,A,PPP,
11250.179556,P1Y,0,,A,PU,_Z,2,,,False,WB_WDI,WB_WDI_NY_GDP_PCAP_PP_CD,ZAF,_T,_T,_T,_Z,_Z,_Z,2006,A,PPP,
30748.739633,P1Y,0,,A,PU,_Z,2,,,False,WB_WDI,WB_WDI_NY_GDP_PCAP_PP_CD,ESP,_T,_T,_T,_Z,_Z,_Z,2006,A,PPP,
37842.91647,P1Y,0,,A,PU,_Z,2,,,False,WB_WDI,WB_WDI_NY_GDP_PCAP_PP_CD,FIN,_T,_T,_T,_Z,_Z,_Z,2007,A,PPP,
34066.239323,P1Y,0,,A,PU,_Z,2,,,False,WB_WDI,WB_WDI_NY_GDP_PCAP_PP_CD,FRA,_T,_T,_T,_Z,_Z,_Z,2007,A,PPP,
14391.246587,P1Y,0,,A,PU,_Z,2,,,False,WB_WDI,WB_WDI_NY_GDP_PCAP_PP_CD,GAB,_T,_T,_T,_Z,_Z,_Z,2007,A,PPP,
1985.040252,P1Y,0,,A,PU,_Z,2,,,False,WB_WDI,WB_WDI_NY_GDP_PCAP_PP_CD,GMB,_T,_T,_T,_Z,_Z,_Z,2007,A,PPP,
6951.085843,P1Y,0,,A,PU,_Z,2,,,False,WB_WDI,WB_WDI_NY_GDP_PCAP_PP_CD,GEO,_T,_T,_T,_Z,_Z,_Z,2007,A,PPP,
36914.002379,P1Y,0,,A,PU,_Z,2,,,False,WB_WDI,WB_WDI_NY_GDP_PCAP_PP_CD,DEU,_T,_T,_T,_Z,_Z,_Z,2007,A,PPP,
3241.220811,P1Y,0,,A,PU,_Z,2,,,False,WB_WDI,WB_WDI_NY_GDP_PCAP_PP_CD,GHA,_T,_T,_T,_Z,_Z,_Z,2007,A,PPP,
28895.874927,P1Y,0,,A,PU,_Z,2,,,False,WB_WDI,WB_WDI_NY_GDP_PCAP_PP_CD,GRC,_T,_T,_T,_Z,_Z,_Z,2007,A,PPP,
44366.431516,P1Y,0,,A,PU,_Z,2,,,False,WB_WDI,WB_WDI_NY_GDP_PCAP_PP_CD,GRL,_T,_T,_T,_Z,_Z,_Z,2007,A,PPP,
10727.679205,P1Y,0,,A,PU,_Z,2,,,False,WB_WDI,WB_WDI_NY_GDP_PCAP_PP_CD,GRD,_T,_T,_T,_Z,_Z,_Z,2007,A,PPP,
6238.339769,P1Y,0,,A,PU,_Z,2,,,False,WB_WDI,WB_WDI_NY_GDP_PCAP_PP_CD,GTM,_T,_T,_T,_Z,_Z,_Z,2007,A,PPP,
7746.792316,P1Y,0,,A,PU,_Z,2,,,False,WB_WDI,WB_WDI_NY_GDP_PCAP_PP_CD,EAR,_T,_T,_T,_Z,_Z,_Z,2012,A,PPP,
13656.824548,P1Y,0,,A,PU,_Z,2,,,False,WB_WDI,WB_WDI_NY_GDP_PCAP_PP_CD,EAS,_T,_T,_T,_Z,_Z,_Z,2012,A,PPP,
10521.438133,P1Y,0,,A,PU,_Z,2,,,False,WB_WDI,WB_WDI_NY_GDP_PCAP_PP_CD,EAP,_T,_T,_T,_Z,_Z,_Z,2012,A,PPP,
10641.975889,P1Y,0,,A,PU,_Z,2,,,False,WB_WDI,WB_WDI_NY_GDP_PCAP_PP_CD,TEA,_T,_T,_T,_Z,_Z,_Z,2012,A,PPP,
37768.427819,P1Y,0,,A,PU,_Z,2,,,False,WB_WDI,WB_WDI_NY_GDP_PCAP_PP_CD,EMU,_T,_T,_T,_Z,_Z,_Z,2012,A,PPP,
28531.51651,P1Y,0,,A,PU,_Z,2,,,False,WB_WDI,WB_WDI_NY_GDP_PCAP_PP_CD,ECS,_T,_T,_T,_Z,_Z,_Z,2012,A,PPP,
14029.312392,P1Y,0,,A,PU,_Z,2,,,False,WB_WDI,WB_WDI_NY_GDP_PCAP_PP_CD,ECA,_T,_T,_T,_Z,_Z,_Z,2012,A,PPP,
18510.866621,P1Y,0,,A,PU,_Z,2,,,False,WB_WDI,WB_WDI_NY_GDP_PCAP_PP_CD,TEC,_T,_T,_T,_Z,_Z,_Z,2012,A,PPP,
35114.580159,P1Y,0,,A,PU,_Z,2,,,False,WB_WDI,WB_WDI_NY_GDP_PCAP_PP_CD,EUU,_T,_T,_T,_Z,_Z,_Z,2012,A,PPP,
2107.541356,P1Y,0,,A,PU,_Z,2,,,False,WB_WDI,WB_WDI_NY_GDP_PCAP_PP_CD,HPC,_T,_T,_T,_Z,_Z,_Z,2012,A,PPP,
40130.313727,P1Y,0,,A,PU,_Z,2,,,False,WB_WDI,WB_WDI_NY_GDP_PCAP_PP_CD,HIC,_T,_T,_T,_Z,_Z,_Z,2012,A,PPP,
10711.627494,P1Y,0,,A,PU,_Z,2,,,False,WB_WDI,WB_WDI_NY_GDP_PCAP_PP_CD,IBD,_T,_T,_T,_Z,_Z,_Z,2012,A,PPP,
8874.521489,P1Y,0,,A,PU,_Z,2,,,False,WB_WDI,WB_WDI_NY_GDP_PCAP_PP_CD,IBT,_T,_T,_T,_Z,_Z,_Z,2012,A,PPP,
16824.487903,P1Y,0,,A,PU,_Z,2,,,False,WB_WDI,WB_WDI_NY_GDP_PCAP_PP_CD,DZA,_T,_T,_T,_Z,_Z,_Z,2023,A,PPP,
71730.668682,P1Y,0,,A,PU,_Z,2,,,False,WB_WDI,WB_WDI_NY_GDP_PCAP_PP_CD,AND,_T,_T,_T,_Z,_Z,_Z,2023,A,PPP,
9753.600468,P1Y,0,,A,PU,_Z,2,,,False,WB_WDI,WB_WDI_NY_GDP_PCAP_PP_CD,AGO,_T,_T,_T,_Z,_Z,_Z,2023,A,PPP,
31601.752715,P1Y,0,,A,PU,_Z,2,,,False,WB_WDI,WB_WDI_NY_GDP_PCAP_PP_CD,ATG,_T,_T,_T,_Z,_Z,_Z,2023,A,PPP,
30221.497689,P1Y,0,,A,PU,_Z,2,,,False,WB_WDI,WB_WDI_NY_GDP_PCAP_PP_CD,ARG,_T,_T,_T,_Z,_Z,_Z,2023,A,PPP,
21534.030536,P1Y,0,,A,PU,_Z,2,,,False,WB_WDI,WB_WDI_NY_GDP_PCAP_PP_CD,ARM,_T,_T,_T,_Z,_Z,_Z,2023,A,PPP,
46574.35742,P1Y,0,,A,PU,_Z,2,,,False,WB_WDI,WB_WDI_NY_GDP_PCAP_PP_CD,ABW,_T,_T,_T,_Z,_Z,_Z,2023,A,PPP,
72272.709214,P1Y,0,,A,PU,_Z,2,,,False,WB_WDI,WB_WDI_NY_GDP_PCAP_PP_CD,AUS,_T,_T,_T,_Z,_Z,_Z,2023,A,PPP,
73544.656723,P1Y,0,,A,PU,_Z,2,,,False,WB_WDI,WB_WDI_NY_GDP_PCAP_PP_CD,AUT,_T,_T,_T,_Z,_Z,_Z,2023,A,PPP,
23651.599485,P1Y,0,,A,PU,_Z,2,,,False,WB_WDI,WB_WDI_NY_GDP_PCAP_PP_CD,AZE,_T,_T,_T,_Z,_Z,_Z,2023,A,PPP,
39090.121474,P1Y,0,,A,PU,_Z,2,,,False,WB_WDI,WB_WDI_NY_GDP_PCAP_PP_CD,BHS,_T,_T,_T,_Z,_Z,_Z,2023,A,PPP,
64171.085736,P1Y,0,,A,PU,_Z,2,,,False,WB_WDI,WB_WDI_NY_GDP_PCAP_PP_CD,BHR,_T,_T,_T,_Z,_Z,_Z,2023,A,PPP,
9147.777507,P1Y,0,,A,PU,_Z,2,,,False,WB_WDI,WB_WDI_NY_GDP_PCAP_PP_CD,BGD,_T,_T,_T,_Z,_Z,_Z,2023,A,PPP,
31814.504983,P1Y,0,,A,PU,_Z,2,,,False,WB_WDI,WB_WDI_NY_GDP_PCAP_PP_CD,AUS,_T,_T,_T,_Z,_Z,_Z,2004,A,PPP,
33518.516002,P1Y,0,,A,PU,_Z,2,,,False,WB_WDI,WB_WDI_NY_GDP_PCAP_PP_CD,AUT,_T,_T,_T,_Z,_Z,_Z,2004,A,PPP,
5247.538344,P1Y,0,,A,PU,_Z,2,,,False,WB_WDI,WB_WDI_NY_GDP_PCAP_PP_CD,AZE,_T,_T,_T,_Z,_Z,_Z,2004,A,PPP,
27659.537954,P1Y,0,,A,PU,_Z,2,,,False,WB_WDI,WB_WDI_NY_GDP_PCAP_PP_CD,BHS,_T,_T,_T,_Z,_Z,_Z,2004,A,PPP,
46317.02848,P1Y,0,,A,PU,_Z,2,,,False,WB_WDI,WB_WDI_NY_GDP_PCAP_PP_CD,BHR,_T,_T,_T,_Z,_Z,_Z,2004,A,PPP,
1861.512563,P1Y,0,,A,PU,_Z,2,,,False,WB_WDI,WB_WDI_NY_GDP_PCAP_PP_CD,BGD,_T,_T,_T,_Z,_Z,_Z,2004,A,PPP,
17298.892258,P1Y,0,,A,PU,_Z,2,,,False,WB_WDI,WB_WDI_NY_GDP_PCAP_PP_CD,BRB,_T,_T,_T,_Z,_Z,_Z,2004,A,PPP,
8482.920207,P1Y,0,,A,PU,_Z,2,,,False,WB_WDI,WB_WDI_NY_GDP_PCAP_PP_CD,BLR,_T,_T,_T,_Z,_Z,_Z,2004,A,PPP,
32059.687864,P1Y,0,,A,PU,_Z,2,,,False,WB_WDI,WB_WDI_NY_GDP_PCAP_PP_CD,BEL,_T,_T,_T,_Z,_Z,_Z,2004,A,PPP,
9244.911662,P1Y,0,,A,PU,_Z,2,,,False,WB_WDI,WB_WDI_NY_GDP_PCAP_PP_CD,BLZ,_T,_T,_T,_Z,_Z,_Z,2004,A,PPP,
1915.346443,P1Y,0,,A,PU,_Z,2,,,False,WB_WDI,WB_WDI_NY_GDP_PCAP_PP_CD,BEN,_T,_T,_T,_Z,_Z,_Z,2004,A,PPP,
64790.27392,P1Y,0,,A,PU,_Z,2,,,False,WB_WDI,WB_WDI_NY_GDP_PCAP_PP_CD,BMU,_T,_T,_T,_Z,_Z,_Z,2004,A,PPP,
94628.266661,P1Y,0,,A,PU,_Z,2,,,False,WB_WDI,WB_WDI_NY_GDP_PCAP_PP_CD,ARE,_T,_T,_T,_Z,_Z,_Z,2008,A,PPP,
36744.791358,P1Y,0,,A,PU,_Z,2,,,False,WB_WDI,WB_WDI_NY_GDP_PCAP_PP_CD,GBR,_T,_T,_T,_Z,_Z,_Z,2008,A,PPP,
48570.059427,P1Y,0,,A,PU,_Z,2,,,False,WB_WDI,WB_WDI_NY_GDP_PCAP_PP_CD,USA,_T,_T,_T,_Z,_Z,_Z,2008,A,PPP,
15694.235412,P1Y,0,,A,PU,_Z,2,,,False,WB_WDI,WB_WDI_NY_GDP_PCAP_PP_CD,URY,_T,_T,_T,_Z,_Z,_Z,2008,A,PPP,
4800.059143,P1Y,0,,A,PU,_Z,2,,,False,WB_WDI,WB_WDI_NY_GDP_PCAP_PP_CD,UZB,_T,_T,_T,_Z,_Z,_Z,2008,A,PPP,
2701.288361,P1Y,0,,A,PU,_Z,2,,,False,WB_WDI,WB_WDI_NY_GDP_PCAP_PP_CD,VUT,_T,_T,_T,_Z,_Z,_Z,2008,A,PPP,
21401.842906,P1Y,0,,A,PU,_Z,2,,,False,WB_WDI,WB_WDI_NY_GDP_PCAP_PP_CD,VEN,_T,_T,_T,_Z,_Z,_Z,2008,A,PPP,
4844.067048,P1Y,0,,A,PU,_Z,2,,,False,WB_WDI,WB_WDI_NY_GDP_PCAP_PP_CD,VNM,_T,_T,_T,_Z,_Z,_Z,2008,A,PPP,
43465.234694,P1Y,0,,A,PU,_Z,2,,,False,WB_WDI,WB_WDI_NY_GDP_PCAP_PP_CD,VIR,_T,_T,_T,_Z,_Z,_Z,2008,A,PPP,
3713.132159,P1Y,0,,A,PU,_Z,2,,,False,WB_WDI,WB_WDI_NY_GDP_PCAP_PP_CD,PSE,_T,_T,_T,_Z,_Z,_Z,2008,A,PPP,
3369.546292,P1Y,0,,A,PU,_Z,2,,,False,WB_WDI,WB_WDI_NY_GDP_PCAP_PP_CD,YEM,_T,_T,_T,_Z,_Z,_Z,2008,A,PPP,
2708.008197,P1Y,0,,A,PU,_Z,2,,,False,WB_WDI,WB_WDI_NY_GDP_PCAP_PP_CD,ZMB,_T,_T,_T,_Z,_Z,_Z,2008,A,PPP,
1986.908825,P1Y,0,,A,PU,_Z,2,,,False,WB_WDI,WB_WDI_NY_GDP_PCAP_PP_CD,ZWE,_T,_T,_T,_Z,_Z,_Z,2008,A,PPP,
7167.042719,P1Y,0,,A,PU,_Z,2,,,False,WB_WDI,WB_WDI_NY_GDP_PCAP_PP_CD,DMA,_T,_T,_T,_Z,_Z,_Z,2002,A,PPP,
7157.668255,P1Y,0,,A,PU,_Z,2,,,False,WB_WDI,WB_WDI_NY_GDP_PCAP_PP_CD,DOM,_T,_T,_T,_Z,_Z,_Z,2002,A,PPP,
6281.522152,P1Y,0,,A,PU,_Z,2,,,False,WB_WDI,WB_WDI_NY_GDP_PCAP_PP_CD,ECU,_T,_T,_T,_Z,_Z,_Z,2002,A,PPP,
5752.697081,P1Y,0,,A,PU,_Z,2,,,False,WB_WDI,WB_WDI_NY_GDP_PCAP_PP_CD,EGY,_T,_T,_T,_Z,_Z,_Z,2002,A,PPP,
4671.553028,P1Y,0,,A,PU,_Z,2,,,False,WB_WDI,WB_WDI_NY_GDP_PCAP_PP_CD,SLV,_T,_T,_T,_Z,_Z,_Z,2002,A,PPP,
13254.823622,P1Y,0,,A,PU,_Z,2,,,False,WB_WDI,WB_WDI_NY_GDP_PCAP_PP_CD,GNQ,_T,_T,_T,_Z,_Z,_Z,2002,A,PPP,
1701.695237,P1Y,0,,A,PU,_Z,2,,,False,WB_WDI,WB_WDI_NY_GDP_PCAP_PP_CD,ERI,_T,_T,_T,_Z,_Z,_Z,2002,A,PPP,
11666.664964,P1Y,0,,A,PU,_Z,2,,,False,WB_WDI,WB_WDI_NY_GDP_PCAP_PP_CD,EST,_T,_T,_T,_Z,_Z,_Z,2002,A,PPP,
4741.611878,P1Y,0,,A,PU,_Z,2,,,False,WB_WDI,WB_WDI_NY_GDP_PCAP_PP_CD,SWZ,_T,_T,_T,_Z,_Z,_Z,2002,A,PPP,
509.126314,P1Y,0,,A,PU,_Z,2,,,False,WB_WDI,WB_WDI_NY_GDP_PCAP_PP_CD,ETH,_T,_T,_T,_Z,_Z,_Z,2002,A,PPP,
5913.968751,P1Y,0,,A,PU,_Z,2,,,False,WB_WDI,WB_WDI_NY_GDP_PCAP_PP_CD,FJI,_T,_T,_T,_Z,_Z,_Z,2002,A,PPP,
28596.260635,P1Y,0,,A,PU,_Z,2,,,False,WB_WDI,WB_WDI_NY_GDP_PCAP_PP_CD,FIN,_T,_T,_T,_Z,_Z,_Z,2002,A,PPP,
3035.06077,P1Y,0,,A,PU,_Z,2,,,False,WB_WDI,WB_WDI_NY_GDP_PCAP_PP_CD,HPC,_T,_T,_T,_Z,_Z,_Z,2021,A,PPP,
55480.527496,P1Y,0,,A,PU,_Z,2,,,False,WB_WDI,WB_WDI_NY_GDP_PCAP_PP_CD,HIC,_T,_T,_T,_Z,_Z,_Z,2021,A,PPP,
16457.402875,P1Y,0,,A,PU,_Z,2,,,False,WB_WDI,WB_WDI_NY_GDP_PCAP_PP_CD,IBD,_T,_T,_T,_Z,_Z,_Z,2021,A,PPP,
13279.410292,P1Y,0,,A,PU,_Z,2,,,False,WB_WDI,WB_WDI_NY_GDP_PCAP_PP_CD,IBT,_T,_T,_T,_Z,_Z,_Z,2021,A,PPP,
6358.441348,P1Y,0,,A,PU,_Z,2,,,False,WB_WDI,WB_WDI_NY_GDP_PCAP_PP_CD,IDB,_T,_T,_T,_Z,_Z,_Z,2021,A,PPP,
3909.490791,P1Y,0,,A,PU,_Z,2,,,False,WB_WDI,WB_WDI_NY_GDP_PCAP_PP_CD,IDX,_T,_T,_T,_Z,_Z,_Z,2021,A,PPP,
4760.442119,P1Y,0,,A,PU,_Z,2,,,False,WB_WDI,WB_WDI_NY_GDP_PCAP_PP_CD,IDA,_T,_T,_T,_Z,_Z,_Z,2021,A,PPP,
22189.594932,P1Y,0,,A,PU,_Z,2,,,False,WB_WDI,WB_WDI_NY_GDP_PCAP_PP_CD,LTE,_T,_T,_T,_Z,_Z,_Z,2021,A,PPP,
18694.140775,P1Y,0,,A,PU,_Z,2,,,False,WB_WDI,WB_WDI_NY_GDP_PCAP_PP_CD,LCN,_T,_T,_T,_Z,_Z,_Z,2021,A,PPP,
17874.274939,P1Y,0,,A,PU,_Z,2,,,False,WB_WDI,WB_WDI_NY_GDP_PCAP_PP_CD,LAC,_T,_T,_T,_Z,_Z,_Z,2021,A,PPP,
18606.934683,P1Y,0,,A,PU,_Z,2,,,False,WB_WDI,WB_WDI_NY_GDP_PCAP_PP_CD,TLA,_T,_T,_T,_Z,_Z,_Z,2021,A,PPP,
3724.952623,P1Y,0,,A,PU,_Z,2,,,False,WB_WDI,WB_WDI_NY_GDP_PCAP_PP_CD,LDC,_T,_T,_T,_Z,_Z,_Z,2021,A,PPP,
12435.86684,P1Y,0,,A,PU,_Z,2,,,False,WB_WDI,WB_WDI_NY_GDP_PCAP_PP_CD,LMY,_T,_T,_T,_Z,_Z,_Z,2021,A,PPP,
2114.520909,P1Y,0,,A,PU,_Z,2,,,False,WB_WDI,WB_WDI_NY_GDP_PCAP_PP_CD,LIC,_T,_T,_T,_Z,_Z,_Z,2021,A,PPP,
17466.264174,P1Y,0,,A,PU,_Z,2,,,False,WB_WDI,WB_WDI_NY_GDP_PCAP_PP_CD,TUR,_T,_T,_T,_Z,_Z,_Z,2010,A,PPP,
8971.616287,P1Y,0,,A,PU,_Z,2,,,False,WB_WDI,WB_WDI_NY_GDP_PCAP_PP_CD,TKM,_T,_T,_T,_Z,_Z,_Z,2010,A,PPP,
25811.887713,P1Y,0,,A,PU,_Z,2,,,False,WB_WDI,WB_WDI_NY_GDP_PCAP_PP_CD,TCA,_T,_T,_T,_Z,_Z,_Z,2010,A,PPP,
2945.128925,P1Y,0,,A,PU,_Z,2,,,False,WB_WDI,WB_WDI_NY_GDP_PCAP_PP_CD,TUV,_T,_T,_T,_Z,_Z,_Z,2010,A,PPP,
2091.559631,P1Y,0,,A,PU,_Z,2,,,False,WB_WDI,WB_WDI_NY_GDP_PCAP_PP_CD,UGA,_T,_T,_T,_Z,_Z,_Z,2010,A,PPP,
8453.299805,P1Y,0,,A,PU,_Z,2,,,False,WB_WDI,WB_WDI_NY_GDP_PCAP_PP_CD,UKR,_T,_T,_T,_Z,_Z,_Z,2010,A,PPP,
85120.197469,P1Y,0,,A,PU,_Z,2,,,False,WB_WDI,WB_WDI_NY_GDP_PCAP_PP_CD,ARE,_T,_T,_T,_Z,_Z,_Z,2010,A,PPP,
36483.56828,P1Y,0,,A,PU,_Z,2,,,False,WB_WDI,WB_WDI_NY_GDP_PCAP_PP_CD,GBR,_T,_T,_T,_Z,_Z,_Z,2010,A,PPP,
48642.631209,P1Y,0,,A,PU,_Z,2,,,False,WB_WDI,WB_WDI_NY_GDP_PCAP_PP_CD,USA,_T,_T,_T,_Z,_Z,_Z,2010,A,PPP,
17872.536968,P1Y,0,,A,PU,_Z,2,,,False,WB_WDI,WB_WDI_NY_GDP_PCAP_PP_CD,URY,_T,_T,_T,_Z,_Z,_Z,2010,A,PPP,
5504.856379,P1Y,0,,A,PU,_Z,2,,,False,WB_WDI,WB_WDI_NY_GDP_PCAP_PP_CD,UZB,_T,_T,_T,_Z,_Z,_Z,2010,A,PPP,
2066.315406,P1Y,0,,A,PU,_Z,2,,,False,WB_WDI,WB_WDI_NY_GDP_PCAP_PP_CD,KEN,_T,_T,_T,_Z,_Z,_Z,2004,A,PPP,
1578.838691,P1Y,0,,A,PU,_Z,2,,,False,WB_WDI,WB_WDI_NY_GDP_PCAP_PP_CD,KIR,_T,_T,_T,_Z,_Z,_Z,2004,A,PPP,
24658.176119,P1Y,0,,A,PU,_Z,2,,,False,WB_WDI,WB_WDI_NY_GDP_PCAP_PP_CD,KOR,_T,_T,_T,_Z,_Z,_Z,2004,A,PPP,
77226.636762,P1Y,0,,A,PU,_Z,2,,,False,WB_WDI,WB_WDI_NY_GDP_PCAP_PP_CD,KWT,_T,_T,_T,_Z,_Z,_Z,2004,A,PPP,
2343.43044,P1Y,0,,A,PU,_Z,2,,,False,WB_WDI,WB_WDI_NY_GDP_PCAP_PP_CD,KGZ,_T,_T,_T,_Z,_Z,_Z,2004,A,PPP,
2315.433795,P1Y,0,,A,PU,_Z,2,,,False,WB_WDI,WB_WDI_NY_GDP_PCAP_PP_CD,LAO,_T,_T,_T,_Z,_Z,_Z,2004,A,PPP,
11319.14627,P1Y,0,,A,PU,_Z,2,,,False,WB_WDI,WB_WDI_NY_GDP_PCAP_PP_CD,LVA,_T,_T,_T,_Z,_Z,_Z,2004,A,PPP,
9609.012826,P1Y,0,,A,PU,_Z,2,,,False,WB_WDI,WB_WDI_NY_GDP_PCAP_PP_CD,LBN,_T,_T,_T,_Z,_Z,_Z,2004,A,PPP,
1560.748775,P1Y,0,,A,PU,_Z,2,,,False,WB_WDI,WB_WDI_NY_GDP_PCAP_PP_CD,LSO,_T,_T,_T,_Z,_Z,_Z,2004,A,PPP,
745.397862,P1Y,0,,A,PU,_Z,2,,,False,WB_WDI,WB_WDI_NY_GDP_PCAP_PP_CD,LBR,_T,_T,_T,_Z,_Z,_Z,2004,A,PPP,
23813.40115,P1Y,0,,A,PU,_Z,2,,,False,WB_WDI,WB_WDI_NY_GDP_PCAP_PP_CD,LBY,_T,_T,_T,_Z,_Z,_Z,2004,A,PPP,
1275.996439,P1Y,0,,A,PU,_Z,2,,,False,WB_WDI,WB_WDI_NY_GDP_PCAP_PP_CD,NER,_T,_T,_T,_Z,_Z,_Z,2018,A,PPP,
7158.171076,P1Y,0,,A,PU,_Z,2,,,False,WB_WDI,WB_WDI_NY_GDP_PCAP_PP_CD,NGA,_T,_T,_T,_Z,_Z,_Z,2018,A,PPP,
18460.462445,P1Y,0,,A,PU,_Z,2,,,False,WB_WDI,WB_WDI_NY_GDP_PCAP_PP_CD,MKD,_T,_T,_T,_Z,_Z,_Z,2018,A,PPP,
70253.846369,P1Y,0,,A,PU,_Z,2,,,False,WB_WDI,WB_WDI_NY_GDP_PCAP_PP_CD,NOR,_T,_T,_T,_Z,_Z,_Z,2018,A,PPP,
37780.330833,P1Y,0,,A,PU,_Z,2,,,False,WB_WDI,WB_WDI_NY_GDP_PCAP_PP_CD,OMN,_T,_T,_T,_Z,_Z,_Z,2018,A,PPP,
4979.373496,P1Y,0,,A,PU,_Z,2,,,False,WB_WDI,WB_WDI_NY_GDP_PCAP_PP_CD,PAK,_T,_T,_T,_Z,_Z,_Z,2018,A,PPP,
18172.304582,P1Y,0,,A,PU,_Z,2,,,False,WB_WDI,WB_WDI_NY_GDP_PCAP_PP_CD,PLW,_T,_T,_T,_Z,_Z,_Z,2018,A,PPP,
32463.54035,P1Y,0,,A,PU,_Z,2,,,False,WB_WDI,WB_WDI_NY_GDP_PCAP_PP_CD,PAN,_T,_T,_T,_Z,_Z,_Z,2018,A,PPP,
3909.91573,P1Y,0,,A,PU,_Z,2,,,False,WB_WDI,WB_WDI_NY_GDP_PCAP_PP_CD,PNG,_T,_T,_T,_Z,_Z,_Z,2018,A,PPP,
14139.093127,P1Y,0,,A,PU,_Z,2,,,False,WB_WDI,WB_WDI_NY_GDP_PCAP_PP_CD,PRY,_T,_T,_T,_Z,_Z,_Z,2018,A,PPP,
2177.928168,P1Y,0,,A,PU,_Z,2,,,False,WB_WDI,WB_WDI_NY_GDP_PCAP_PP_CD,COM,_T,_T,_T,_Z,_Z,_Z,2007,A,PPP,
549.82765,P1Y,0,,A,PU,_Z,2,,,False,WB_WDI,WB_WDI_NY_GDP_PCAP_PP_CD,COD,_T,_T,_T,_Z,_Z,_Z,2007,A,PPP,
4242.611268,P1Y,0,,A,PU,_Z,2,,,False,WB_WDI,WB_WDI_NY_GDP_PCAP_PP_CD,COG,_T,_T,_T,_Z,_Z,_Z,2007,A,PPP,
11841.901171,P1Y,0,,A,PU,_Z,2,,,False,WB_WDI,WB_WDI_NY_GDP_PCAP_PP_CD,CRI,_T,_T,_T,_Z,_Z,_Z,2007,A,PPP,
2984.534722,P1Y,0,,A,PU,_Z,2,,,False,WB_WDI,WB_WDI_NY_GDP_PCAP_PP_CD,CIV,_T,_T,_T,_Z,_Z,_Z,2007,A,PPP,
19567.556615,P1Y,0,,A,PU,_Z,2,,,False,WB_WDI,WB_WDI_NY_GDP_PCAP_PP_CD,HRV,_T,_T,_T,_Z,_Z,_Z,2007,A,PPP,
25374.142987,P1Y,0,,A,PU,_Z,2,,,False,WB_WDI,WB_WDI_NY_GDP_PCAP_PP_CD,CUW,_T,_T,_T,_Z,_Z,_Z,2007,A,PPP,
32887.867188,P1Y,0,,A,PU,_Z,2,,,False,WB_WDI,WB_WDI_NY_GDP_PCAP_PP_CD,CYP,_T,_T,_T,_Z,_Z,_Z,2007,A,PPP,
26267.607153,P1Y,0,,A,PU,_Z,2,,,False,WB_WDI,WB_WDI_NY_GDP_PCAP_PP_CD,CZE,_T,_T,_T,_Z,_Z,_Z,2007,A,PPP,
39110.095637,P1Y,0,,A,PU,_Z,2,,,False,WB_WDI,WB_WDI_NY_GDP_PCAP_PP_CD,DNK,_T,_T,_T,_Z,_Z,_Z,2007,A,PPP,
1759.075879,P1Y,0,,A,PU,_Z,2,,,False,WB_WDI,WB_WDI_NY_GDP_PCAP_PP_CD,IDX,_T,_T,_T,_Z,_Z,_Z,2005,A,PPP,
2412.956518,P1Y,0,,A,PU,_Z,2,,,False,WB_WDI,WB_WDI_NY_GDP_PCAP_PP_CD,IDA,_T,_T,_T,_Z,_Z,_Z,2005,A,PPP,
7375.786981,P1Y,0,,A,PU,_Z,2,,,False,WB_WDI,WB_WDI_NY_GDP_PCAP_PP_CD,LTE,_T,_T,_T,_Z,_Z,_Z,2005,A,PPP,
10581.040919,P1Y,0,,A,PU,_Z,2,,,False,WB_WDI,WB_WDI_NY_GDP_PCAP_PP_CD,LCN,_T,_T,_T,_Z,_Z,_Z,2005,A,PPP,
10270.435643,P1Y,0,,A,PU,_Z,2,,,False,WB_WDI,WB_WDI_NY_GDP_PCAP_PP_CD,LAC,_T,_T,_T,_Z,_Z,_Z,2005,A,PPP,
10478.481142,P1Y,0,,A,PU,_Z,2,,,False,WB_WDI,WB_WDI_NY_GDP_PCAP_PP_CD,TLA,_T,_T,_T,_Z,_Z,_Z,2005,A,PPP,
1696.372296,P1Y,0,,A,PU,_Z,2,,,False,WB_WDI,WB_WDI_NY_GDP_PCAP_PP_CD,LDC,_T,_T,_T,_Z,_Z,_Z,2005,A,PPP,
5130.916349,P1Y,0,,A,PU,_Z,2,,,False,WB_WDI,WB_WDI_NY_GDP_PCAP_PP_CD,LMY,_T,_T,_T,_Z,_Z,_Z,2005,A,PPP,
1397.001838,P1Y,0,,A,PU,_Z,2,,,False,WB_WDI,WB_WDI_NY_GDP_PCAP_PP_CD,LIC,_T,_T,_T,_Z,_Z,_Z,2005,A,PPP,
3263.647774,P1Y,0,,A,PU,_Z,2,,,False,WB_WDI,WB_WDI_NY_GDP_PCAP_PP_CD,LMC,_T,_T,_T,_Z,_Z,_Z,2005,A,PPP,
10174.868089,P1Y,0,,A,PU,_Z,2,,,False,WB_WDI,WB_WDI_NY_GDP_PCAP_PP_CD,MEA,_T,_T,_T,_Z,_Z,_Z,2005,A,PPP,
6725.703887,P1Y,0,,A,PU,_Z,2,,,False,WB_WDI,WB_WDI_NY_GDP_PCAP_PP_CD,MNA,_T,_T,_T,_Z,_Z,_Z,2005,A,PPP,
6748.108425,P1Y,0,,A,PU,_Z,2,,,False,WB_WDI,WB_WDI_NY_GDP_PCAP_PP_CD,TMN,_T,_T,_T,_Z,_Z,_Z,2005,A,PPP,
3891.49985,P1Y,0,,A,PU,_Z,2,,,False,WB_WDI,WB_WDI_NY_GDP_PCAP_PP_CD,NIC,_T,_T,_T,_Z,_Z,_Z,2007,A,PPP,
954.89228,P1Y,0,,A,PU,_Z,2,,,False,WB_WDI,WB_WDI_NY_GDP_PCAP_PP_CD,NER,_T,_T,_T,_Z,_Z,_Z,2007,A,PPP,
5297.970295,P1Y,0,,A,PU,_Z,2,,,False,WB_WDI,WB_WDI_NY_GDP_PCAP_PP_CD,NGA,_T,_T,_T,_Z,_Z,_Z,2007,A,PPP,
9638.647802,P1Y,0,,A,PU,_Z,2,,,False,WB_WDI,WB_WDI_NY_GDP_PCAP_PP_CD,MKD,_T,_T,_T,_Z,_Z,_Z,2007,A,PPP,
56179.257887,P1Y,0,,A,PU,_Z,2,,,False,WB_WDI,WB_WDI_NY_GDP_PCAP_PP_CD,NOR,_T,_T,_T,_Z,_Z,_Z,2007,A,PPP,
48626.922042,P1Y,0,,A,PU,_Z,2,,,False,WB_WDI,WB_WDI_NY_GDP_PCAP_PP_CD,OMN,_T,_T,_T,_Z,_Z,_Z,2007,A,PPP,
3672.185275,P1Y,0,,A,PU,_Z,2,,,False,WB_WDI,WB_WDI_NY_GDP_PCAP_PP_CD,PAK,_T,_T,_T,_Z,_Z,_Z,2007,A,PPP,
14308.232812,P1Y,0,,A,PU,_Z,2,,,False,WB_WDI,WB_WDI_NY_GDP_PCAP_PP_CD,PLW,_T,_T,_T,_Z,_Z,_Z,2007,A,PPP,
13332.866094,P1Y,0,,A,PU,_Z,2,,,False,WB_WDI,WB_WDI_NY_GDP_PCAP_PP_CD,PAN,_T,_T,_T,_Z,_Z,_Z,2007,A,PPP,
2622.374687,P1Y,0,,A,PU,_Z,2,,,False,WB_WDI,WB_WDI_NY_GDP_PCAP_PP_CD,PNG,_T,_T,_T,_Z,_Z,_Z,2007,A,PPP,
9178.944216,P1Y,0,,A,PU,_Z,2,,,False,WB_WDI,WB_WDI_NY_GDP_PCAP_PP_CD,PRY,_T,_T,_T,_Z,_Z,_Z,2007,A,PPP,
15572.578699,P1Y,0,,A,PU,_Z,2,,,False,WB_WDI,WB_WDI_NY_GDP_PCAP_PP_CD,PAN,_T,_T,_T,_Z,_Z,_Z,2010,A,PPP,
2911.892032,P1Y,0,,A,PU,_Z,2,,,False,WB_WDI,WB_WDI_NY_GDP_PCAP_PP_CD,PNG,_T,_T,_T,_Z,_Z,_Z,2010,A,PPP,
10893.31492,P1Y,0,,A,PU,_Z,2,,,False,WB_WDI,WB_WDI_NY_GDP_PCAP_PP_CD,PRY,_T,_T,_T,_Z,_Z,_Z,2010,A,PPP,
9713.358633,P1Y,0,,A,PU,_Z,2,,,False,WB_WDI,WB_WDI_NY_GDP_PCAP_PP_CD,PER,_T,_T,_T,_Z,_Z,_Z,2010,A,PPP,
5489.235435,P1Y,0,,A,PU,_Z,2,,,False,WB_WDI,WB_WDI_NY_GDP_PCAP_PP_CD,PHL,_T,_T,_T,_Z,_Z,_Z,2010,A,PPP,
20990.912233,P1Y,0,,A,PU,_Z,2,,,False,WB_WDI,WB_WDI_NY_GDP_PCAP_PP_CD,POL,_T,_T,_T,_Z,_Z,_Z,2010,A,PPP,
27292.081953,P1Y,0,,A,PU,_Z,2,,,False,WB_WDI,WB_WDI_NY_GDP_PCAP_PP_CD,PRT,_T,_T,_T,_Z,_Z,_Z,2010,A,PPP,
30908.798663,P1Y,0,,A,PU,_Z,2,,,False,WB_WDI,WB_WDI_NY_GDP_PCAP_PP_CD,PRI,_T,_T,_T,_Z,_Z,_Z,2010,A,PPP,
151646.145164,P1Y,0,,A,PU,_Z,2,,,False,WB_WDI,WB_WDI_NY_GDP_PCAP_PP_CD,QAT,_T,_T,_T,_Z,_Z,_Z,2010,A,PPP,
17354.674848,P1Y,0,,A,PU,_Z,2,,,False,WB_WDI,WB_WDI_NY_GDP_PCAP_PP_CD,ROU,_T,_T,_T,_Z,_Z,_Z,2010,A,PPP,
20490.126953,P1Y,0,,A,PU,_Z,2,,,False,WB_WDI,WB_WDI_NY_GDP_PCAP_PP_CD,RUS,_T,_T,_T,_Z,_Z,_Z,2010,A,PPP,
5732.694561,P1Y,0,,A,PU,_Z,2,,,False,WB_WDI,WB_WDI_NY_GDP_PCAP_PP_CD,STP,_T,_T,_T,_Z,_Z,_Z,2021,A,PPP,
62690.496665,P1Y,0,,A,PU,_Z,2,,,False,WB_WDI,WB_WDI_NY_GDP_PCAP_PP_CD,SAU,_T,_T,_T,_Z,_Z,_Z,2021,A,PPP,
4173.677414,P1Y,0,,A,PU,_Z,2,,,False,WB_WDI,WB_WDI_NY_GDP_PCAP_PP_CD,SEN,_T,_T,_T,_Z,_Z,_Z,2021,A,PPP,
23406.403632,P1Y,0,,A,PU,_Z,2,,,False,WB_WDI,WB_WDI_NY_GDP_PCAP_PP_CD,SRB,_T,_T,_T,_Z,_Z,_Z,2021,A,PPP,
29979.827269,P1Y,0,,A,PU,_Z,2,,,False,WB_WDI,WB_WDI_NY_GDP_PCAP_PP_CD,SYC,_T,_T,_T,_Z,_Z,_Z,2021,A,PPP,
2849.388659,P1Y,0,,A,PU,_Z,2,,,False,WB_WDI,WB_WDI_NY_GDP_PCAP_PP_CD,SLE,_T,_T,_T,_Z,_Z,_Z,2021,A,PPP,
132617.354021,P1Y,0,,A,PU,_Z,2,,,False,WB_WDI,WB_WDI_NY_GDP_PCAP_PP_CD,SGP,_T,_T,_T,_Z,_Z,_Z,2021,A,PPP,
40507.067241,P1Y,0,,A,PU,_Z,2,,,False,WB_WDI,WB_WDI_NY_GDP_PCAP_PP_CD,SXM,_T,_T,_T,_Z,_Z,_Z,2021,A,PPP,
38346.093577,P1Y,0,,A,PU,_Z,2,,,False,WB_WDI,WB_WDI_NY_GDP_PCAP_PP_CD,SVK,_T,_T,_T,_Z,_Z,_Z,2021,A,PPP,
45914.057239,P1Y,0,,A,PU,_Z,2,,,False,WB_WDI,WB_WDI_NY_GDP_PCAP_PP_CD,SVN,_T,_T,_T,_Z,_Z,_Z,2021,A,PPP,
2449.870098,P1Y,0,,A,PU,_Z,2,,,False,WB_WDI,WB_WDI_NY_GDP_PCAP_PP_CD,SLB,_T,_T,_T,_Z,_Z,_Z,2021,A,PPP,
1392.317821,P1Y,0,,A,PU,_Z,2,,,False,WB_WDI,WB_WDI_NY_GDP_PCAP_PP_CD,SOM,_T,_T,_T,_Z,_Z,_Z,2021,A,PPP,
13681.954814,P1Y,0,,A,PU,_Z,2,,,False,WB_WDI,WB_WDI_NY_GDP_PCAP_PP_CD,ZAF,_T,_T,_T,_Z,_Z,_Z,2021,A,PPP,
2729.344502,P1Y,0,,A,PU,_Z,2,,,False,WB_WDI,WB_WDI_NY_GDP_PCAP_PP_CD,GHA,_T,_T,_T,_Z,_Z,_Z,2004,A,PPP,
24825.573535,P1Y,0,,A,PU,_Z,2,,,False,WB_WDI,WB_WDI_NY_GDP_PCAP_PP_CD,GRC,_T,_T,_T,_Z,_Z,_Z,2004,A,PPP,
35604.339065,P1Y,0,,A,PU,_Z,2,,,False,WB_WDI,WB_WDI_NY_GDP_PCAP_PP_CD,GRL,_T,_T,_T,_Z,_Z,_Z,2004,A,PPP,
8605.823985,P1Y,0,,A,PU,_Z,2,,,False,WB_WDI,WB_WDI_NY_GDP_PCAP_PP_CD,GRD,_T,_T,_T,_Z,_Z,_Z,2004,A,PPP,
5263.446549,P1Y,0,,A,PU,_Z,2,,,False,WB_WDI,WB_WDI_NY_GDP_PCAP_PP_CD,GTM,_T,_T,_T,_Z,_Z,_Z,2004,A,PPP,
1366.031602,P1Y,0,,A,PU,_Z,2,,,False,WB_WDI,WB_WDI_NY_GDP_PCAP_PP_CD,GIN,_T,_T,_T,_Z,_Z,_Z,2004,A,PPP,
1105.343228,P1Y,0,,A,PU,_Z,2,,,False,WB_WDI,WB_WDI_NY_GDP_PCAP_PP_CD,GNB,_T,_T,_T,_Z,_Z,_Z,2004,A,PPP,
6672.822994,P1Y,0,,A,PU,_Z,2,,,False,WB_WDI,WB_WDI_NY_GDP_PCAP_PP_CD,GUY,_T,_T,_T,_Z,_Z,_Z,2004,A,PPP,
2322.197868,P1Y,0,,A,PU,_Z,2,,,False,WB_WDI,WB_WDI_NY_GDP_PCAP_PP_CD,HTI,_T,_T,_T,_Z,_Z,_Z,2004,A,PPP,
3001.296713,P1Y,0,,A,PU,_Z,2,,,False,WB_WDI,WB_WDI_NY_GDP_PCAP_PP_CD,HND,_T,_T,_T,_Z,_Z,_Z,2004,A,PPP,
34532.249158,P1Y,0,,A,PU,_Z,2,,,False,WB_WDI,WB_WDI_NY_GDP_PCAP_PP_CD,HKG,_T,_T,_T,_Z,_Z,_Z,2004,A,PPP,
16250.652385,P1Y,0,,A,PU,_Z,2,,,False,WB_WDI,WB_WDI_NY_GDP_PCAP_PP_CD,HUN,_T,_T,_T,_Z,_Z,_Z,2004,A,PPP,
73374.448683,P1Y,0,,A,PU,_Z,2,,,False,WB_WDI,WB_WDI_NY_GDP_PCAP_PP_CD,MAC,_T,_T,_T,_Z,_Z,_Z,2021,A,PPP,
1577.432461,P1Y,0,,A,PU,_Z,2,,,False,WB_WDI,WB_WDI_NY_GDP_PCAP_PP_CD,MDG,_T,_T,_T,_Z,_Z,_Z,2021,A,PPP,
1687.593582,P1Y,0,,A,PU,_Z,2,,,False,WB_WDI,WB_WDI_NY_GDP_PCAP_PP_CD,MWI,_T,_T,_T,_Z,_Z,_Z,2021,A,PPP,
29822.849183,P1Y,0,,A,PU,_Z,2,,,False,WB_WDI,WB_WDI_NY_GDP_PCAP_PP_CD,MYS,_T,_T,_T,_Z,_Z,_Z,2021,A,PPP,
19052.62249,P1Y,0,,A,PU,_Z,2,,,False,WB_WDI,WB_WDI_NY_GDP_PCAP_PP_CD,MDV,_T,_T,_T,_Z,_Z,_Z,2021,A,PPP,
2796.227938,P1Y,0,,A,PU,_Z,2,,,False,WB_WDI,WB_WDI_NY_GDP_PCAP_PP_CD,MLI,_T,_T,_T,_Z,_Z,_Z,2021,A,PPP,
56852.321851,P1Y,0,,A,PU,_Z,2,,,False,WB_WDI,WB_WDI_NY_GDP_PCAP_PP_CD,MLT,_T,_T,_T,_Z,_Z,_Z,2021,A,PPP,
6767.957855,P1Y,0,,A,PU,_Z,2,,,False,WB_WDI,WB_WDI_NY_GDP_PCAP_PP_CD,MHL,_T,_T,_T,_Z,_Z,_Z,2021,A,PPP,
5836.565808,P1Y,0,,A,PU,_Z,2,,,False,WB_WDI,WB_WDI_NY_GDP_PCAP_PP_CD,MRT,_T,_T,_T,_Z,_Z,_Z,2021,A,PPP,
23010.201383,P1Y,0,,A,PU,_Z,2,,,False,WB_WDI,WB_WDI_NY_GDP_PCAP_PP_CD,MUS,_T,_T,_T,_Z,_Z,_Z,2021,A,PPP,
20782.587742,P1Y,0,,A,PU,_Z,2,,,False,WB_WDI,WB_WDI_NY_GDP_PCAP_PP_CD,MEX,_T,_T,_T,_Z,_Z,_Z,2021,A,PPP,
3946.416081,P1Y,0,,A,PU,_Z,2,,,False,WB_WDI,WB_WDI_NY_GDP_PCAP_PP_CD,FSM,_T,_T,_T,_Z,_Z,_Z,2021,A,PPP,
8757.317771,P1Y,0,,A,PU,_Z,2,,,False,WB_WDI,WB_WDI_NY_GDP_PCAP_PP_CD,BOL,_T,_T,_T,_Z,_Z,_Z,2015,A,PPP,
11845.452296,P1Y,0,,A,PU,_Z,2,,,False,WB_WDI,WB_WDI_NY_GDP_PCAP_PP_CD,BIH,_T,_T,_T,_Z,_Z,_Z,2015,A,PPP,
14143.694073,P1Y,0,,A,PU,_Z,2,,,False,WB_WDI,WB_WDI_NY_GDP_PCAP_PP_CD,BWA,_T,_T,_T,_Z,_Z,_Z,2015,A,PPP,
14821.438318,P1Y,0,,A,PU,_Z,2,,,False,WB_WDI,WB_WDI_NY_GDP_PCAP_PP_CD,BRA,_T,_T,_T,_Z,_Z,_Z,2015,A,PPP,
62707.826444,P1Y,0,,A,PU,_Z,2,,,False,WB_WDI,WB_WDI_NY_GDP_PCAP_PP_CD,BRN,_T,_T,_T,_Z,_Z,_Z,2015,A,PPP,
18896.102862,P1Y,0,,A,PU,_Z,2,,,False,WB_WDI,WB_WDI_NY_GDP_PCAP_PP_CD,BGR,_T,_T,_T,_Z,_Z,_Z,2015,A,PPP,
1691.579354,P1Y,0,,A,PU,_Z,2,,,False,WB_WDI,WB_WDI_NY_GDP_PCAP_PP_CD,BFA,_T,_T,_T,_Z,_Z,_Z,2015,A,PPP,
722.032898,P1Y,0,,A,PU,_Z,2,,,False,WB_WDI,WB_WDI_NY_GDP_PCAP_PP_CD,BDI,_T,_T,_T,_Z,_Z,_Z,2015,A,PPP,
6773.4868,P1Y,0,,A,PU,_Z,2,,,False,WB_WDI,WB_WDI_NY_GDP_PCAP_PP_CD,CPV,_T,_T,_T,_Z,_Z,_Z,2015,A,PPP,
7743.219065,P1Y,0,,A,PU,_Z,2,,,False,WB_WDI,WB_WDI_NY_GDP_PCAP_PP_CD,LAO,_T,_T,_T,_Z,_Z,_Z,2019,A,PPP,
32199.096038,P1Y,0,,A,PU,_Z,2,,,False,WB_WDI,WB_WDI_NY_GDP_PCAP_PP_CD,LVA,_T,_T,_T,_Z,_Z,_Z,2019,A,PPP,
21710.464875,P1Y,0,,A,PU,_Z,2,,,False,WB_WDI,WB_WDI_NY_GDP_PCAP_PP_CD,LBN,_T,_T,_T,_Z,_Z,_Z,2019,A,PPP,
2568.341144,P1Y,0,,A,PU,_Z,2,,,False,WB_WDI,WB_WDI_NY_GDP_PCAP_PP_CD,LSO,_T,_T,_T,_Z,_Z,_Z,2019,A,PPP,
1899.52201,P1Y,0,,A,PU,_Z,2,,,False,WB_WDI,WB_WDI_NY_GDP_PCAP_PP_CD,LBR,_T,_T,_T,_Z,_Z,_Z,2019,A,PPP,
16194.108206,P1Y,0,,A,PU,_Z,2,,,False,WB_WDI,WB_WDI_NY_GDP_PCAP_PP_CD,LBY,_T,_T,_T,_Z,_Z,_Z,2019,A,PPP,
40563.830488,P1Y,0,,A,PU,_Z,2,,,False,WB_WDI,WB_WDI_NY_GDP_PCAP_PP_CD,LTU,_T,_T,_T,_Z,_Z,_Z,2019,A,PPP,
121371.739903,P1Y,0,,A,PU,_Z,2,,,False,WB_WDI,WB_WDI_NY_GDP_PCAP_PP_CD,LUX,_T,_T,_T,_Z,_Z,_Z,2019,A,PPP,
126029.622371,P1Y,0,,A,PU,_Z,2,,,False,WB_WDI,WB_WDI_NY_GDP_PCAP_PP_CD,MAC,_T,_T,_T,_Z,_Z,_Z,2019,A,PPP,
1612.297727,P1Y,0,,A,PU,_Z,2,,,False,WB_WDI,WB_WDI_NY_GDP_PCAP_PP_CD,MDG,_T,_T,_T,_Z,_Z,_Z,2019,A,PPP,
1450.010081,P1Y,0,,A,PU,_Z,2,,,False,WB_WDI,WB_WDI_NY_GDP_PCAP_PP_CD,MWI,_T,_T,_T,_Z,_Z,_Z,2019,A,PPP,
25806.384507,P1Y,0,,A,PU,_Z,2,,,False,WB_WDI,WB_WDI_NY_GDP_PCAP_PP_CD,ISR,_T,_T,_T,_Z,_Z,_Z,2001,A,PPP,
28134.057286,P1Y,0,,A,PU,_Z,2,,,False,WB_WDI,WB_WDI_NY_GDP_PCAP_PP_CD,ITA,_T,_T,_T,_Z,_Z,_Z,2001,A,PPP,
7019.017555,P1Y,0,,A,PU,_Z,2,,,False,WB_WDI,WB_WDI_NY_GDP_PCAP_PP_CD,JAM,_T,_T,_T,_Z,_Z,_Z,2001,A,PPP,
27942.74196,P1Y,0,,A,PU,_Z,2,,,False,WB_WDI,WB_WDI_NY_GDP_PCAP_PP_CD,JPN,_T,_T,_T,_Z,_Z,_Z,2001,A,PPP,
5948.012179,P1Y,0,,A,PU,_Z,2,,,False,WB_WDI,WB_WDI_NY_GDP_PCAP_PP_CD,JOR,_T,_T,_T,_Z,_Z,_Z,2001,A,PPP,
8568.087195,P1Y,0,,A,PU,_Z,2,,,False,WB_WDI,WB_WDI_NY_GDP_PCAP_PP_CD,KAZ,_T,_T,_T,_Z,_Z,_Z,2001,A,PPP,
1961.058169,P1Y,0,,A,PU,_Z,2,,,False,WB_WDI,WB_WDI_NY_GDP_PCAP_PP_CD,KEN,_T,_T,_T,_Z,_Z,_Z,2001,A,PPP,
1591.23663,P1Y,0,,A,PU,_Z,2,,,False,WB_WDI,WB_WDI_NY_GDP_PCAP_PP_CD,KIR,_T,_T,_T,_Z,_Z,_Z,2001,A,PPP,
20442.214287,P1Y,0,,A,PU,_Z,2,,,False,WB_WDI,WB_WDI_NY_GDP_PCAP_PP_CD,KOR,_T,_T,_T,_Z,_Z,_Z,2001,A,PPP,
58552.783861,P1Y,0,,A,PU,_Z,2,,,False,WB_WDI,WB_WDI_NY_GDP_PCAP_PP_CD,KWT,_T,_T,_T,_Z,_Z,_Z,2001,A,PPP,
1986.161358,P1Y,0,,A,PU,_Z,2,,,False,WB_WDI,WB_WDI_NY_GDP_PCAP_PP_CD,KGZ,_T,_T,_T,_Z,_Z,_Z,2001,A,PPP,
5699.043228,P1Y,0,,A,PU,_Z,2,,,False,WB_WDI,WB_WDI_NY_GDP_PCAP_PP_CD,FJI,_T,_T,_T,_Z,_Z,_Z,2001,A,PPP,
27798.058274,P1Y,0,,A,PU,_Z,2,,,False,WB_WDI,WB_WDI_NY_GDP_PCAP_PP_CD,FIN,_T,_T,_T,_Z,_Z,_Z,2001,A,PPP,
27346.834962,P1Y,0,,A,PU,_Z,2,,,False,WB_WDI,WB_WDI_NY_GDP_PCAP_PP_CD,FRA,_T,_T,_T,_Z,_Z,_Z,2001,A,PPP,
13555.62854,P1Y,0,,A,PU,_Z,2,,,False,WB_WDI,WB_WDI_NY_GDP_PCAP_PP_CD,GAB,_T,_T,_T,_Z,_Z,_Z,2001,A,PPP,
1822.979651,P1Y,0,,A,PU,_Z,2,,,False,WB_WDI,WB_WDI_NY_GDP_PCAP_PP_CD,GMB,_T,_T,_T,_Z,_Z,_Z,2001,A,PPP,
3440.728179,P1Y,0,,A,PU,_Z,2,,,False,WB_WDI,WB_WDI_NY_GDP_PCAP_PP_CD,GEO,_T,_T,_T,_Z,_Z,_Z,2001,A,PPP,
28674.168282,P1Y,0,,A,PU,_Z,2,,,False,WB_WDI,WB_WDI_NY_GDP_PCAP_PP_CD,DEU,_T,_T,_T,_Z,_Z,_Z,2001,A,PPP,
2397.30067,P1Y,0,,A,PU,_Z,2,,,False,WB_WDI,WB_WDI_NY_GDP_PCAP_PP_CD,GHA,_T,_T,_T,_Z,_Z,_Z,2001,A,PPP,
20303.931243,P1Y,0,,A,PU,_Z,2,,,False,WB_WDI,WB_WDI_NY_GDP_PCAP_PP_CD,GRC,_T,_T,_T,_Z,_Z,_Z,2001,A,PPP,
30561.799829,P1Y,0,,A,PU,_Z,2,,,False,WB_WDI,WB_WDI_NY_GDP_PCAP_PP_CD,GRL,_T,_T,_T,_Z,_Z,_Z,2001,A,PPP,
7282.70842,P1Y,0,,A,PU,_Z,2,,,False,WB_WDI,WB_WDI_NY_GDP_PCAP_PP_CD,GRD,_T,_T,_T,_Z,_Z,_Z,2001,A,PPP,
4821.545985,P1Y,0,,A,PU,_Z,2,,,False,WB_WDI,WB_WDI_NY_GDP_PCAP_PP_CD,GTM,_T,_T,_T,_Z,_Z,_Z,2001,A,PPP,
17903.25654,P1Y,0,,A,PU,_Z,2,,,False,WB_WDI,WB_WDI_NY_GDP_PCAP_PP_CD,LBY,_T,_T,_T,_Z,_Z,_Z,2015,A,PPP,
26948.591937,P1Y,0,,A,PU,_Z,2,,,False,WB_WDI,WB_WDI_NY_GDP_PCAP_PP_CD,LTU,_T,_T,_T,_Z,_Z,_Z,2015,A,PPP,
107859.685999,P1Y,0,,A,PU,_Z,2,,,False,WB_WDI,WB_WDI_NY_GDP_PCAP_PP_CD,LUX,_T,_T,_T,_Z,_Z,_Z,2015,A,PPP,
108656.763905,P1Y,0,,A,PU,_Z,2,,,False,WB_WDI,WB_WDI_NY_GDP_PCAP_PP_CD,MAC,_T,_T,_T,_Z,_Z,_Z,2015,A,PPP,
1496.611724,P1Y,0,,A,PU,_Z,2,,,False,WB_WDI,WB_WDI_NY_GDP_PCAP_PP_CD,MDG,_T,_T,_T,_Z,_Z,_Z,2015,A,PPP,
1403.084512,P1Y,0,,A,PU,_Z,2,,,False,WB_WDI,WB_WDI_NY_GDP_PCAP_PP_CD,MWI,_T,_T,_T,_Z,_Z,_Z,2015,A,PPP,
24526.394272,P1Y,0,,A,PU,_Z,2,,,False,WB_WDI,WB_WDI_NY_GDP_PCAP_PP_CD,MYS,_T,_T,_T,_Z,_Z,_Z,2015,A,PPP,
17875.098942,P1Y,0,,A,PU,_Z,2,,,False,WB_WDI,WB_WDI_NY_GDP_PCAP_PP_CD,MDV,_T,_T,_T,_Z,_Z,_Z,2015,A,PPP,
2330.242939,P1Y,0,,A,PU,_Z,2,,,False,WB_WDI,WB_WDI_NY_GDP_PCAP_PP_CD,MLI,_T,_T,_T,_Z,_Z,_Z,2015,A,PPP,
38368.702038,P1Y,0,,A,PU,_Z,2,,,False,WB_WDI,WB_WDI_NY_GDP_PCAP_PP_CD,MLT,_T,_T,_T,_Z,_Z,_Z,2015,A,PPP,
15808.97435,P1Y,0,,A,PU,_Z,2,,,False,WB_WDI,WB_WDI_NY_GDP_PCAP_PP_CD,DMA,_T,_T,_T,_Z,_Z,_Z,2021,A,PPP,
22053.458987,P1Y,0,,A,PU,_Z,2,,,False,WB_WDI,WB_WDI_NY_GDP_PCAP_PP_CD,DOM,_T,_T,_T,_Z,_Z,_Z,2021,A,PPP,
13507.444564,P1Y,0,,A,PU,_Z,2,,,False,WB_WDI,WB_WDI_NY_GDP_PCAP_PP_CD,ECU,_T,_T,_T,_Z,_Z,_Z,2021,A,PPP,
15579.016086,P1Y,0,,A,PU,_Z,2,,,False,WB_WDI,WB_WDI_NY_GDP_PCAP_PP_CD,EGY,_T,_T,_T,_Z,_Z,_Z,2021,A,PPP,
10809.7134,P1Y,0,,A,PU,_Z,2,,,False,WB_WDI,WB_WDI_NY_GDP_PCAP_PP_CD,SLV,_T,_T,_T,_Z,_Z,_Z,2021,A,PPP,
16821.448647,P1Y,0,,A,PU,_Z,2,,,False,WB_WDI,WB_WDI_NY_GDP_PCAP_PP_CD,GNQ,_T,_T,_T,_Z,_Z,_Z,2021,A,PPP,
44251.537498,P1Y,0,,A,PU,_Z,2,,,False,WB_WDI,WB_WDI_NY_GDP_PCAP_PP_CD,EST,_T,_T,_T,_Z,_Z,_Z,2021,A,PPP,
9990.43492,P1Y,0,,A,PU,_Z,2,,,False,WB_WDI,WB_WDI_NY_GDP_PCAP_PP_CD,SWZ,_T,_T,_T,_Z,_Z,_Z,2021,A,PPP,
2588.413102,P1Y,0,,A,PU,_Z,2,,,False,WB_WDI,WB_WDI_NY_GDP_PCAP_PP_CD,ETH,_T,_T,_T,_Z,_Z,_Z,2021,A,PPP,
68426.794322,P1Y,0,,A,PU,_Z,2,,,False,WB_WDI,WB_WDI_NY_GDP_PCAP_PP_CD,FRO,_T,_T,_T,_Z,_Z,_Z,2021,A,PPP,
10322.427964,P1Y,0,,A,PU,_Z,2,,,False,WB_WDI,WB_WDI_NY_GDP_PCAP_PP_CD,FJI,_T,_T,_T,_Z,_Z,_Z,2021,A,PPP,
1618.592789,P1Y,0,,A,PU,_Z,2,,,False,WB_WDI,WB_WDI_NY_GDP_PCAP_PP_CD,TLS,_T,_T,_T,_Z,_Z,_Z,2001,A,PPP,
1320.136169,P1Y,0,,A,PU,_Z,2,,,False,WB_WDI,WB_WDI_NY_GDP_PCAP_PP_CD,TGO,_T,_T,_T,_Z,_Z,_Z,2001,A,PPP,
3955.228545,P1Y,0,,A,PU,_Z,2,,,False,WB_WDI,WB_WDI_NY_GDP_PCAP_PP_CD,TON,_T,_T,_T,_Z,_Z,_Z,2001,A,PPP,
14797.103837,P1Y,0,,A,PU,_Z,2,,,False,WB_WDI,WB_WDI_NY_GDP_PCAP_PP_CD,TTO,_T,_T,_T,_Z,_Z,_Z,2001,A,PPP,
6593.381965,P1Y,0,,A,PU,_Z,2,,,False,WB_WDI,WB_WDI_NY_GDP_PCAP_PP_CD,TUN,_T,_T,_T,_Z,_Z,_Z,2001,A,PPP,
9014.058443,P1Y,0,,A,PU,_Z,2,,,False,WB_WDI,WB_WDI_NY_GDP_PCAP_PP_CD,TUR,_T,_T,_T,_Z,_Z,_Z,2001,A,PPP,
4401.303804,P1Y,0,,A,PU,_Z,2,,,False,WB_WDI,WB_WDI_NY_GDP_PCAP_PP_CD,TKM,_T,_T,_T,_Z,_Z,_Z,2001,A,PPP,
2595.916511,P1Y,0,,A,PU,_Z,2,,,False,WB_WDI,WB_WDI_NY_GDP_PCAP_PP_CD,TUV,_T,_T,_T,_Z,_Z,_Z,2001,A,PPP,
1172.683175,P1Y,0,,A,PU,_Z,2,,,False,WB_WDI,WB_WDI_NY_GDP_PCAP_PP_CD,UGA,_T,_T,_T,_Z,_Z,_Z,2001,A,PPP,
4746.85791,P1Y,0,,A,PU,_Z,2,,,False,WB_WDI,WB_WDI_NY_GDP_PCAP_PP_CD,UKR,_T,_T,_T,_Z,_Z,_Z,2001,A,PPP,
90370.254118,P1Y,0,,A,PU,_Z,2,,,False,WB_WDI,WB_WDI_NY_GDP_PCAP_PP_CD,ARE,_T,_T,_T,_Z,_Z,_Z,2001,A,PPP,
27912.556218,P1Y,0,,A,PU,_Z,2,,,False,WB_WDI,WB_WDI_NY_GDP_PCAP_PP_CD,GBR,_T,_T,_T,_Z,_Z,_Z,2001,A,PPP,
37133.620397,P1Y,0,,A,PU,_Z,2,,,False,WB_WDI,WB_WDI_NY_GDP_PCAP_PP_CD,USA,_T,_T,_T,_Z,_Z,_Z,2001,A,PPP,
1036.129889,P1Y,0,,A,PU,_Z,2,,,False,WB_WDI,WB_WDI_NY_GDP_PCAP_PP_CD,TJK,_T,_T,_T,_Z,_Z,_Z,2000,A,PPP,
1163.643677,P1Y,0,,A,PU,_Z,2,,,False,WB_WDI,WB_WDI_NY_GDP_PCAP_PP_CD,TZA,_T,_T,_T,_Z,_Z,_Z,2000,A,PPP,
7289.104994,P1Y,0,,A,PU,_Z,2,,,False,WB_WDI,WB_WDI_NY_GDP_PCAP_PP_CD,THA,_T,_T,_T,_Z,_Z,_Z,2000,A,PPP,
1483.170067,P1Y,0,,A,PU,_Z,2,,,False,WB_WDI,WB_WDI_NY_GDP_PCAP_PP_CD,TLS,_T,_T,_T,_Z,_Z,_Z,2000,A,PPP,
1314.737396,P1Y,0,,A,PU,_Z,2,,,False,WB_WDI,WB_WDI_NY_GDP_PCAP_PP_CD,TGO,_T,_T,_T,_Z,_Z,_Z,2000,A,PPP,
3833.927676,P1Y,0,,A,PU,_Z,2,,,False,WB_WDI,WB_WDI_NY_GDP_PCAP_PP_CD,TON,_T,_T,_T,_Z,_Z,_Z,2000,A,PPP,
13953.136152,P1Y,0,,A,PU,_Z,2,,,False,WB_WDI,WB_WDI_NY_GDP_PCAP_PP_CD,TTO,_T,_T,_T,_Z,_Z,_Z,2000,A,PPP,
6278.986809,P1Y,0,,A,PU,_Z,2,,,False,WB_WDI,WB_WDI_NY_GDP_PCAP_PP_CD,TUN,_T,_T,_T,_Z,_Z,_Z,2000,A,PPP,
9325.808176,P1Y,0,,A,PU,_Z,2,,,False,WB_WDI,WB_WDI_NY_GDP_PCAP_PP_CD,TUR,_T,_T,_T,_Z,_Z,_Z,2000,A,PPP,
4208.665155,P1Y,0,,A,PU,_Z,2,,,False,WB_WDI,WB_WDI_NY_GDP_PCAP_PP_CD,TKM,_T,_T,_T,_Z,_Z,_Z,2000,A,PPP,
2597.252083,P1Y,0,,A,PU,_Z,2,,,False,WB_WDI,WB_WDI_NY_GDP_PCAP_PP_CD,TUV,_T,_T,_T,_Z,_Z,_Z,2000,A,PPP,
1124.209582,P1Y,0,,A,PU,_Z,2,,,False,WB_WDI,WB_WDI_NY_GDP_PCAP_PP_CD,UGA,_T,_T,_T,_Z,_Z,_Z,2000,A,PPP,
4419.61927,P1Y,0,,A,PU,_Z,2,,,False,WB_WDI,WB_WDI_NY_GDP_PCAP_PP_CD,PNG,_T,_T,_T,_Z,_Z,_Z,2022,A,PPP,
16347.043497,P1Y,0,,A,PU,_Z,2,,,False,WB_WDI,WB_WDI_NY_GDP_PCAP_PP_CD,PRY,_T,_T,_T,_Z,_Z,_Z,2022,A,PPP,
16669.156149,P1Y,0,,A,PU,_Z,2,,,False,WB_WDI,WB_WDI_NY_GDP_PCAP_PP_CD,PER,_T,_T,_T,_Z,_Z,_Z,2022,A,PPP,
10131.34637,P1Y,0,,A,PU,_Z,2,,,False,WB_WDI,WB_WDI_NY_GDP_PCAP_PP_CD,PHL,_T,_T,_T,_Z,_Z,_Z,2022,A,PPP,
46777.552452,P1Y,0,,A,PU,_Z,2,,,False,WB_WDI,WB_WDI_NY_GDP_PCAP_PP_CD,POL,_T,_T,_T,_Z,_Z,_Z,2022,A,PPP,
45250.014876,P1Y,0,,A,PU,_Z,2,,,False,WB_WDI,WB_WDI_NY_GDP_PCAP_PP_CD,PRT,_T,_T,_T,_Z,_Z,_Z,2022,A,PPP,
45327.510192,P1Y,0,,A,PU,_Z,2,,,False,WB_WDI,WB_WDI_NY_GDP_PCAP_PP_CD,PRI,_T,_T,_T,_Z,_Z,_Z,2022,A,PPP,
122920.54329,P1Y,0,,A,PU,_Z,2,,,False,WB_WDI,WB_WDI_NY_GDP_PCAP_PP_CD,QAT,_T,_T,_T,_Z,_Z,_Z,2022,A,PPP,
41979.258677,P1Y,0,,A,PU,_Z,2,,,False,WB_WDI,WB_WDI_NY_GDP_PCAP_PP_CD,ROU,_T,_T,_T,_Z,_Z,_Z,2022,A,PPP,
40938.988281,P1Y,0,,A,PU,_Z,2,,,False,WB_WDI,WB_WDI_NY_GDP_PCAP_PP_CD,RUS,_T,_T,_T,_Z,_Z,_Z,2022,A,PPP,
3098.677006,P1Y,0,,A,PU,_Z,2,,,False,WB_WDI,WB_WDI_NY_GDP_PCAP_PP_CD,RWA,_T,_T,_T,_Z,_Z,_Z,2022,A,PPP,
6909.171299,P1Y,0,,A,PU,_Z,2,,,False,WB_WDI,WB_WDI_NY_GDP_PCAP_PP_CD,WSM,_T,_T,_T,_Z,_Z,_Z,2022,A,PPP,
32313.736788,P1Y,0,,A,PU,_Z,2,,,False,WB_WDI,WB_WDI_NY_GDP_PCAP_PP_CD,DEU,_T,_T,_T,_Z,_Z,_Z,2005,A,PPP,
2903.83429,P1Y,0,,A,PU,_Z,2,,,False,WB_WDI,WB_WDI_NY_GDP_PCAP_PP_CD,GHA,_T,_T,_T,_Z,_Z,_Z,2005,A,PPP,
25003.829747,P1Y,0,,A,PU,_Z,2,,,False,WB_WDI,WB_WDI_NY_GDP_PCAP_PP_CD,GRC,_T,_T,_T,_Z,_Z,_Z,2005,A,PPP,
38527.085033,P1Y,0,,A,PU,_Z,2,,,False,WB_WDI,WB_WDI_NY_GDP_PCAP_PP_CD,GRL,_T,_T,_T,_Z,_Z,_Z,2005,A,PPP,
10016.347974,P1Y,0,,A,PU,_Z,2,,,False,WB_WDI,WB_WDI_NY_GDP_PCAP_PP_CD,GRD,_T,_T,_T,_Z,_Z,_Z,2005,A,PPP,
5486.27777,P1Y,0,,A,PU,_Z,2,,,False,WB_WDI,WB_WDI_NY_GDP_PCAP_PP_CD,GTM,_T,_T,_T,_Z,_Z,_Z,2005,A,PPP,
1422.350882,P1Y,0,,A,PU,_Z,2,,,False,WB_WDI,WB_WDI_NY_GDP_PCAP_PP_CD,GIN,_T,_T,_T,_Z,_Z,_Z,2005,A,PPP,
1186.626314,P1Y,0,,A,PU,_Z,2,,,False,WB_WDI,WB_WDI_NY_GDP_PCAP_PP_CD,GNB,_T,_T,_T,_Z,_Z,_Z,2005,A,PPP,
6761.117984,P1Y,0,,A,PU,_Z,2,,,False,WB_WDI,WB_WDI_NY_GDP_PCAP_PP_CD,GUY,_T,_T,_T,_Z,_Z,_Z,2005,A,PPP,
2427.448086,P1Y,0,,A,PU,_Z,2,,,False,WB_WDI,WB_WDI_NY_GDP_PCAP_PP_CD,HTI,_T,_T,_T,_Z,_Z,_Z,2005,A,PPP,
3203.95919,P1Y,0,,A,PU,_Z,2,,,False,WB_WDI,WB_WDI_NY_GDP_PCAP_PP_CD,HND,_T,_T,_T,_Z,_Z,_Z,2005,A,PPP,
38079.572678,P1Y,0,,A,PU,_Z,2,,,False,WB_WDI,WB_WDI_NY_GDP_PCAP_PP_CD,HKG,_T,_T,_T,_Z,_Z,_Z,2005,A,PPP,
39443.26074,P1Y,0,,A,PU,_Z,2,,,False,WB_WDI,WB_WDI_NY_GDP_PCAP_PP_CD,OMN,_T,_T,_T,_Z,_Z,_Z,2000,A,PPP,
2565.199588,P1Y,0,,A,PU,_Z,2,,,False,WB_WDI,WB_WDI_NY_GDP_PCAP_PP_CD,PAK,_T,_T,_T,_Z,_Z,_Z,2000,A,PPP,
10196.905422,P1Y,0,,A,PU,_Z,2,,,False,WB_WDI,WB_WDI_NY_GDP_PCAP_PP_CD,PLW,_T,_T,_T,_Z,_Z,_Z,2000,A,PPP,
8097.29578,P1Y,0,,A,PU,_Z,2,,,False,WB_WDI,WB_WDI_NY_GDP_PCAP_PP_CD,PAN,_T,_T,_T,_Z,_Z,_Z,2000,A,PPP,
2195.957833,P1Y,0,,A,PU,_Z,2,,,False,WB_WDI,WB_WDI_NY_GDP_PCAP_PP_CD,PNG,_T,_T,_T,_Z,_Z,_Z,2000,A,PPP,
6937.17672,P1Y,0,,A,PU,_Z,2,,,False,WB_WDI,WB_WDI_NY_GDP_PCAP_PP_CD,PRY,_T,_T,_T,_Z,_Z,_Z,2000,A,PPP,
5011.945407,P1Y,0,,A,PU,_Z,2,,,False,WB_WDI,WB_WDI_NY_GDP_PCAP_PP_CD,PER,_T,_T,_T,_Z,_Z,_Z,2000,A,PPP,
3365.558335,P1Y,0,,A,PU,_Z,2,,,False,WB_WDI,WB_WDI_NY_GDP_PCAP_PP_CD,PHL,_T,_T,_T,_Z,_Z,_Z,2000,A,PPP,
10721.203429,P1Y,0,,A,PU,_Z,2,,,False,WB_WDI,WB_WDI_NY_GDP_PCAP_PP_CD,POL,_T,_T,_T,_Z,_Z,_Z,2000,A,PPP,
18883.114597,P1Y,0,,A,PU,_Z,2,,,False,WB_WDI,WB_WDI_NY_GDP_PCAP_PP_CD,PRT,_T,_T,_T,_Z,_Z,_Z,2000,A,PPP,
22938.030227,P1Y,0,,A,PU,_Z,2,,,False,WB_WDI,WB_WDI_NY_GDP_PCAP_PP_CD,PRI,_T,_T,_T,_Z,_Z,_Z,2000,A,PPP,
88848.701376,P1Y,0,,A,PU,_Z,2,,,False,WB_WDI,WB_WDI_NY_GDP_PCAP_PP_CD,QAT,_T,_T,_T,_Z,_Z,_Z,2000,A,PPP,
2723.700948,P1Y,0,,A,PU,_Z,2,,,False,WB_WDI,WB_WDI_NY_GDP_PCAP_PP_CD,MLI,_T,_T,_T,_Z,_Z,_Z,2020,A,PPP,
49971.878401,P1Y,0,,A,PU,_Z,2,,,False,WB_WDI,WB_WDI_NY_GDP_PCAP_PP_CD,MLT,_T,_T,_T,_Z,_Z,_Z,2020,A,PPP,
6136.971197,P1Y,0,,A,PU,_Z,2,,,False,WB_WDI,WB_WDI_NY_GDP_PCAP_PP_CD,MHL,_T,_T,_T,_Z,_Z,_Z,2020,A,PPP,
5740.739597,P1Y,0,,A,PU,_Z,2,,,False,WB_WDI,WB_WDI_NY_GDP_PCAP_PP_CD,MRT,_T,_T,_T,_Z,_Z,_Z,2020,A,PPP,
21621.597123,P1Y,0,,A,PU,_Z,2,,,False,WB_WDI,WB_WDI_NY_GDP_PCAP_PP_CD,MUS,_T,_T,_T,_Z,_Z,_Z,2020,A,PPP,
19354.124871,P1Y,0,,A,PU,_Z,2,,,False,WB_WDI,WB_WDI_NY_GDP_PCAP_PP_CD,MEX,_T,_T,_T,_Z,_Z,_Z,2020,A,PPP,
3683.989815,P1Y,0,,A,PU,_Z,2,,,False,WB_WDI,WB_WDI_NY_GDP_PCAP_PP_CD,FSM,_T,_T,_T,_Z,_Z,_Z,2020,A,PPP,
13527.441313,P1Y,0,,A,PU,_Z,2,,,False,WB_WDI,WB_WDI_NY_GDP_PCAP_PP_CD,MDA,_T,_T,_T,_Z,_Z,_Z,2020,A,PPP,
13693.179807,P1Y,0,,A,PU,_Z,2,,,False,WB_WDI,WB_WDI_NY_GDP_PCAP_PP_CD,MNG,_T,_T,_T,_Z,_Z,_Z,2020,A,PPP,
20624.783808,P1Y,0,,A,PU,_Z,2,,,False,WB_WDI,WB_WDI_NY_GDP_PCAP_PP_CD,MNE,_T,_T,_T,_Z,_Z,_Z,2020,A,PPP,
14686.110677,P1Y,0,,A,PU,_Z,2,,,False,WB_WDI,WB_WDI_NY_GDP_PCAP_PP_CD,HRV,_T,_T,_T,_Z,_Z,_Z,2004,A,PPP,
23791.197414,P1Y,0,,A,PU,_Z,2,,,False,WB_WDI,WB_WDI_NY_GDP_PCAP_PP_CD,CUW,_T,_T,_T,_Z,_Z,_Z,2004,A,PPP,
25941.998047,P1Y,0,,A,PU,_Z,2,,,False,WB_WDI,WB_WDI_NY_GDP_PCAP_PP_CD,CYP,_T,_T,_T,_Z,_Z,_Z,2004,A,PPP,
20988.120482,P1Y,0,,A,PU,_Z,2,,,False,WB_WDI,WB_WDI_NY_GDP_PCAP_PP_CD,CZE,_T,_T,_T,_Z,_Z,_Z,2004,A,PPP,
33015.551589,P1Y,0,,A,PU,_Z,2,,,False,WB_WDI,WB_WDI_NY_GDP_PCAP_PP_CD,DNK,_T,_T,_T,_Z,_Z,_Z,2004,A,PPP,
8232.184609,P1Y,0,,A,PU,_Z,2,,,False,WB_WDI,WB_WDI_NY_GDP_PCAP_PP_CD,DMA,_T,_T,_T,_Z,_Z,_Z,2004,A,PPP,
7374.812318,P1Y,0,,A,PU,_Z,2,,,False,WB_WDI,WB_WDI_NY_GDP_PCAP_PP_CD,DOM,_T,_T,_T,_Z,_Z,_Z,2004,A,PPP,
6980.091264,P1Y,0,,A,PU,_Z,2,,,False,WB_WDI,WB_WDI_NY_GDP_PCAP_PP_CD,ECU,_T,_T,_T,_Z,_Z,_Z,2004,A,PPP,
6207.124922,P1Y,0,,A,PU,_Z,2,,,False,WB_WDI,WB_WDI_NY_GDP_PCAP_PP_CD,EGY,_T,_T,_T,_Z,_Z,_Z,2004,A,PPP,
4997.593853,P1Y,0,,A,PU,_Z,2,,,False,WB_WDI,WB_WDI_NY_GDP_PCAP_PP_CD,SLV,_T,_T,_T,_Z,_Z,_Z,2004,A,PPP,
19354.212082,P1Y,0,,A,PU,_Z,2,,,False,WB_WDI,WB_WDI_NY_GDP_PCAP_PP_CD,GNQ,_T,_T,_T,_Z,_Z,_Z,2004,A,PPP,
8792.355886,P1Y,0,,A,PU,_Z,2,,,False,WB_WDI,WB_WDI_NY_GDP_PCAP_PP_CD,ZAF,_T,_T,_T,_Z,_Z,_Z,2002,A,PPP,
24377.841708,P1Y,0,,A,PU,_Z,2,,,False,WB_WDI,WB_WDI_NY_GDP_PCAP_PP_CD,ESP,_T,_T,_T,_Z,_Z,_Z,2002,A,PPP,
4522.327696,P1Y,0,,A,PU,_Z,2,,,False,WB_WDI,WB_WDI_NY_GDP_PCAP_PP_CD,LKA,_T,_T,_T,_Z,_Z,_Z,2002,A,PPP,
16619.165513,P1Y,0,,A,PU,_Z,2,,,False,WB_WDI,WB_WDI_NY_GDP_PCAP_PP_CD,KNA,_T,_T,_T,_Z,_Z,_Z,2002,A,PPP,
9205.184163,P1Y,0,,A,PU,_Z,2,,,False,WB_WDI,WB_WDI_NY_GDP_PCAP_PP_CD,LCA,_T,_T,_T,_Z,_Z,_Z,2002,A,PPP,
7250.392744,P1Y,0,,A,PU,_Z,2,,,False,WB_WDI,WB_WDI_NY_GDP_PCAP_PP_CD,VCT,_T,_T,_T,_Z,_Z,_Z,2002,A,PPP,
2898.138672,P1Y,0,,A,PU,_Z,2,,,False,WB_WDI,WB_WDI_NY_GDP_PCAP_PP_CD,SDN,_T,_T,_T,_Z,_Z,_Z,2002,A,PPP,
8045.759827,P1Y,0,,A,PU,_Z,2,,,False,WB_WDI,WB_WDI_NY_GDP_PCAP_PP_CD,SUR,_T,_T,_T,_Z,_Z,_Z,2002,A,PPP,
30987.267491,P1Y,0,,A,PU,_Z,2,,,False,WB_WDI,WB_WDI_NY_GDP_PCAP_PP_CD,SWE,_T,_T,_T,_Z,_Z,_Z,2002,A,PPP,
38704.95846,P1Y,0,,A,PU,_Z,2,,,False,WB_WDI,WB_WDI_NY_GDP_PCAP_PP_CD,CHE,_T,_T,_T,_Z,_Z,_Z,2002,A,PPP,
1256.952582,P1Y,0,,A,PU,_Z,2,,,False,WB_WDI,WB_WDI_NY_GDP_PCAP_PP_CD,TJK,_T,_T,_T,_Z,_Z,_Z,2002,A,PPP,
1302.055542,P1Y,0,,A,PU,_Z,2,,,False,WB_WDI,WB_WDI_NY_GDP_PCAP_PP_CD,TZA,_T,_T,_T,_Z,_Z,_Z,2002,A,PPP,
75672.640617,P1Y,0,,A,PU,_Z,2,,,False,WB_WDI,WB_WDI_NY_GDP_PCAP_PP_CD,MAC,_T,_T,_T,_Z,_Z,_Z,2007,A,PPP,
1493.37545,P1Y,0,,A,PU,_Z,2,,,False,WB_WDI,WB_WDI_NY_GDP_PCAP_PP_CD,MDG,_T,_T,_T,_Z,_Z,_Z,2007,A,PPP,
1230.563854,P1Y,0,,A,PU,_Z,2,,,False,WB_WDI,WB_WDI_NY_GDP_PCAP_PP_CD,MWI,_T,_T,_T,_Z,_Z,_Z,2007,A,PPP,
18616.807077,P1Y,0,,A,PU,_Z,2,,,False,WB_WDI,WB_WDI_NY_GDP_PCAP_PP_CD,MYS,_T,_T,_T,_Z,_Z,_Z,2007,A,PPP,
12851.792316,P1Y,0,,A,PU,_Z,2,,,False,WB_WDI,WB_WDI_NY_GDP_PCAP_PP_CD,MDV,_T,_T,_T,_Z,_Z,_Z,2007,A,PPP,
1852.362826,P1Y,0,,A,PU,_Z,2,,,False,WB_WDI,WB_WDI_NY_GDP_PCAP_PP_CD,MLI,_T,_T,_T,_Z,_Z,_Z,2007,A,PPP,
25011.655209,P1Y,0,,A,PU,_Z,2,,,False,WB_WDI,WB_WDI_NY_GDP_PCAP_PP_CD,MLT,_T,_T,_T,_Z,_Z,_Z,2007,A,PPP,
3309.397541,P1Y,0,,A,PU,_Z,2,,,False,WB_WDI,WB_WDI_NY_GDP_PCAP_PP_CD,MHL,_T,_T,_T,_Z,_Z,_Z,2007,A,PPP,
3278.276614,P1Y,0,,A,PU,_Z,2,,,False,WB_WDI,WB_WDI_NY_GDP_PCAP_PP_CD,MRT,_T,_T,_T,_Z,_Z,_Z,2007,A,PPP,
13612.251299,P1Y,0,,A,PU,_Z,2,,,False,WB_WDI,WB_WDI_NY_GDP_PCAP_PP_CD,MUS,_T,_T,_T,_Z,_Z,_Z,2007,A,PPP,
15031.580411,P1Y,0,,A,PU,_Z,2,,,False,WB_WDI,WB_WDI_NY_GDP_PCAP_PP_CD,MEX,_T,_T,_T,_Z,_Z,_Z,2007,A,PPP,
2873.029771,P1Y,0,,A,PU,_Z,2,,,False,WB_WDI,WB_WDI_NY_GDP_PCAP_PP_CD,FSM,_T,_T,_T,_Z,_Z,_Z,2007,A,PPP,
35895.083987,P1Y,0,,A,PU,_Z,2,,,False,WB_WDI,WB_WDI_NY_GDP_PCAP_PP_CD,KAZ,_T,_T,_T,_Z,_Z,_Z,2022,A,PPP,
5883.22304,P1Y,0,,A,PU,_Z,2,,,False,WB_WDI,WB_WDI_NY_GDP_PCAP_PP_CD,KEN,_T,_T,_T,_Z,_Z,_Z,2022,A,PPP,
3329.344345,P1Y,0,,A,PU,_Z,2,,,False,WB_WDI,WB_WDI_NY_GDP_PCAP_PP_CD,KIR,_T,_T,_T,_Z,_Z,_Z,2022,A,PPP,
55509.336876,P1Y,0,,A,PU,_Z,2,,,False,WB_WDI,WB_WDI_NY_GDP_PCAP_PP_CD,KOR,_T,_T,_T,_Z,_Z,_Z,2022,A,PPP,
13950.896732,P1Y,0,,A,PU,_Z,2,,,False,WB_WDI,WB_WDI_NY_GDP_PCAP_PP_CD,XKX,_T,_T,_T,_Z,_Z,_Z,2022,A,PPP,
55043.002264,P1Y,0,,A,PU,_Z,2,,,False,WB_WDI,WB_WDI_NY_GDP_PCAP_PP_CD,KWT,_T,_T,_T,_Z,_Z,_Z,2022,A,PPP,
6577.512177,P1Y,0,,A,PU,_Z,2,,,False,WB_WDI,WB_WDI_NY_GDP_PCAP_PP_CD,KGZ,_T,_T,_T,_Z,_Z,_Z,2022,A,PPP,
8766.440626,P1Y,0,,A,PU,_Z,2,,,False,WB_WDI,WB_WDI_NY_GDP_PCAP_PP_CD,LAO,_T,_T,_T,_Z,_Z,_Z,2022,A,PPP,
40558.749584,P1Y,0,,A,PU,_Z,2,,,False,WB_WDI,WB_WDI_NY_GDP_PCAP_PP_CD,LVA,_T,_T,_T,_Z,_Z,_Z,2022,A,PPP,
12292.840731,P1Y,0,,A,PU,_Z,2,,,False,WB_WDI,WB_WDI_NY_GDP_PCAP_PP_CD,LBN,_T,_T,_T,_Z,_Z,_Z,2022,A,PPP,
2761.31105,P1Y,0,,A,PU,_Z,2,,,False,WB_WDI,WB_WDI_NY_GDP_PCAP_PP_CD,LSO,_T,_T,_T,_Z,_Z,_Z,2022,A,PPP,
1691.572757,P1Y,0,,A,PU,_Z,2,,,False,WB_WDI,WB_WDI_NY_GDP_PCAP_PP_CD,LBR,_T,_T,_T,_Z,_Z,_Z,2022,A,PPP,
5520.707563,P1Y,0,,A,PU,_Z,2,,,False,WB_WDI,WB_WDI_NY_GDP_PCAP_PP_CD,FJI,_T,_T,_T,_Z,_Z,_Z,2000,A,PPP,
26782.857426,P1Y,0,,A,PU,_Z,2,,,False,WB_WDI,WB_WDI_NY_GDP_PCAP_PP_CD,FIN,_T,_T,_T,_Z,_Z,_Z,2000,A,PPP,
26007.44323,P1Y,0,,A,PU,_Z,2,,,False,WB_WDI,WB_WDI_NY_GDP_PCAP_PP_CD,FRA,_T,_T,_T,_Z,_Z,_Z,2000,A,PPP,
13326.116952,P1Y,0,,A,PU,_Z,2,,,False,WB_WDI,WB_WDI_NY_GDP_PCAP_PP_CD,GAB,_T,_T,_T,_Z,_Z,_Z,2000,A,PPP,
1731.338476,P1Y,0,,A,PU,_Z,2,,,False,WB_WDI,WB_WDI_NY_GDP_PCAP_PP_CD,GMB,_T,_T,_T,_Z,_Z,_Z,2000,A,PPP,
3161.195825,P1Y,0,,A,PU,_Z,2,,,False,WB_WDI,WB_WDI_NY_GDP_PCAP_PP_CD,GEO,_T,_T,_T,_Z,_Z,_Z,2000,A,PPP,
27473.666977,P1Y,0,,A,PU,_Z,2,,,False,WB_WDI,WB_WDI_NY_GDP_PCAP_PP_CD,DEU,_T,_T,_T,_Z,_Z,_Z,2000,A,PPP,
2315.17803,P1Y,0,,A,PU,_Z,2,,,False,WB_WDI,WB_WDI_NY_GDP_PCAP_PP_CD,GHA,_T,_T,_T,_Z,_Z,_Z,2000,A,PPP,
18819.854432,P1Y,0,,A,PU,_Z,2,,,False,WB_WDI,WB_WDI_NY_GDP_PCAP_PP_CD,GRC,_T,_T,_T,_Z,_Z,_Z,2000,A,PPP,
29616.159743,P1Y,0,,A,PU,_Z,2,,,False,WB_WDI,WB_WDI_NY_GDP_PCAP_PP_CD,GRL,_T,_T,_T,_Z,_Z,_Z,2000,A,PPP,
7305.724562,P1Y,0,,A,PU,_Z,2,,,False,WB_WDI,WB_WDI_NY_GDP_PCAP_PP_CD,GRD,_T,_T,_T,_Z,_Z,_Z,2000,A,PPP,
4714.966662,P1Y,0,,A,PU,_Z,2,,,False,WB_WDI,WB_WDI_NY_GDP_PCAP_PP_CD,GTM,_T,_T,_T,_Z,_Z,_Z,2000,A,PPP,
1693.191935,P1Y,0,,A,PU,_Z,2,,,False,WB_WDI,WB_WDI_NY_GDP_PCAP_PP_CD,SLB,_T,_T,_T,_Z,_Z,_Z,2005,A,PPP,
619.158298,P1Y,0,,A,PU,_Z,2,,,False,WB_WDI,WB_WDI_NY_GDP_PCAP_PP_CD,SOM,_T,_T,_T,_Z,_Z,_Z,2005,A,PPP,
10440.627515,P1Y,0,,A,PU,_Z,2,,,False,WB_WDI,WB_WDI_NY_GDP_PCAP_PP_CD,ZAF,_T,_T,_T,_Z,_Z,_Z,2005,A,PPP,
27629.707702,P1Y,0,,A,PU,_Z,2,,,False,WB_WDI,WB_WDI_NY_GDP_PCAP_PP_CD,ESP,_T,_T,_T,_Z,_Z,_Z,2005,A,PPP,
5678.746478,P1Y,0,,A,PU,_Z,2,,,False,WB_WDI,WB_WDI_NY_GDP_PCAP_PP_CD,LKA,_T,_T,_T,_Z,_Z,_Z,2005,A,PPP,
19500.323656,P1Y,0,,A,PU,_Z,2,,,False,WB_WDI,WB_WDI_NY_GDP_PCAP_PP_CD,KNA,_T,_T,_T,_Z,_Z,_Z,2005,A,PPP,
10818.310425,P1Y,0,,A,PU,_Z,2,,,False,WB_WDI,WB_WDI_NY_GDP_PCAP_PP_CD,LCA,_T,_T,_T,_Z,_Z,_Z,2005,A,PPP,
8985.696861,P1Y,0,,A,PU,_Z,2,,,False,WB_WDI,WB_WDI_NY_GDP_PCAP_PP_CD,VCT,_T,_T,_T,_Z,_Z,_Z,2005,A,PPP,
3407.351807,P1Y,0,,A,PU,_Z,2,,,False,WB_WDI,WB_WDI_NY_GDP_PCAP_PP_CD,SDN,_T,_T,_T,_Z,_Z,_Z,2005,A,PPP,
10013.919614,P1Y,0,,A,PU,_Z,2,,,False,WB_WDI,WB_WDI_NY_GDP_PCAP_PP_CD,SUR,_T,_T,_T,_Z,_Z,_Z,2005,A,PPP,
34198.386458,P1Y,0,,A,PU,_Z,2,,,False,WB_WDI,WB_WDI_NY_GDP_PCAP_PP_CD,SWE,_T,_T,_T,_Z,_Z,_Z,2005,A,PPP,
41524.848873,P1Y,0,,A,PU,_Z,2,,,False,WB_WDI,WB_WDI_NY_GDP_PCAP_PP_CD,CHE,_T,_T,_T,_Z,_Z,_Z,2005,A,PPP,
13078.23235,P1Y,0,,A,PU,_Z,2,,,False,WB_WDI,WB_WDI_NY_GDP_PCAP_PP_CD,PER,_T,_T,_T,_Z,_Z,_Z,2018,A,PPP,
8357.743579,P1Y,0,,A,PU,_Z,2,,,False,WB_WDI,WB_WDI_NY_GDP_PCAP_PP_CD,PHL,_T,_T,_T,_Z,_Z,_Z,2018,A,PPP,
32345.106608,P1Y,0,,A,PU,_Z,2,,,False,WB_WDI,WB_WDI_NY_GDP_PCAP_PP_CD,POL,_T,_T,_T,_Z,_Z,_Z,2018,A,PPP,
34896.799338,P1Y,0,,A,PU,_Z,2,,,False,WB_WDI,WB_WDI_NY_GDP_PCAP_PP_CD,PRT,_T,_T,_T,_Z,_Z,_Z,2018,A,PPP,
33706.591516,P1Y,0,,A,PU,_Z,2,,,False,WB_WDI,WB_WDI_NY_GDP_PCAP_PP_CD,PRI,_T,_T,_T,_Z,_Z,_Z,2018,A,PPP,
110032.839883,P1Y,0,,A,PU,_Z,2,,,False,WB_WDI,WB_WDI_NY_GDP_PCAP_PP_CD,QAT,_T,_T,_T,_Z,_Z,_Z,2018,A,PPP,
29382.756748,P1Y,0,,A,PU,_Z,2,,,False,WB_WDI,WB_WDI_NY_GDP_PCAP_PP_CD,ROU,_T,_T,_T,_Z,_Z,_Z,2018,A,PPP,
28628.5625,P1Y,0,,A,PU,_Z,2,,,False,WB_WDI,WB_WDI_NY_GDP_PCAP_PP_CD,RUS,_T,_T,_T,_Z,_Z,_Z,2018,A,PPP,
2125.495227,P1Y,0,,A,PU,_Z,2,,,False,WB_WDI,WB_WDI_NY_GDP_PCAP_PP_CD,RWA,_T,_T,_T,_Z,_Z,_Z,2018,A,PPP,
6318.269773,P1Y,0,,A,PU,_Z,2,,,False,WB_WDI,WB_WDI_NY_GDP_PCAP_PP_CD,WSM,_T,_T,_T,_Z,_Z,_Z,2018,A,PPP,
54460.905833,P1Y,0,,A,PU,_Z,2,,,False,WB_WDI,WB_WDI_NY_GDP_PCAP_PP_CD,SMR,_T,_T,_T,_Z,_Z,_Z,2018,A,PPP,
36116.000203,P1Y,0,,A,PU,_Z,2,,,False,WB_WDI,WB_WDI_NY_GDP_PCAP_PP_CD,BHS,_T,_T,_T,_Z,_Z,_Z,2019,A,PPP,
56599.521436,P1Y,0,,A,PU,_Z,2,,,False,WB_WDI,WB_WDI_NY_GDP_PCAP_PP_CD,BHR,_T,_T,_T,_Z,_Z,_Z,2019,A,PPP,
6047.124015,P1Y,0,,A,PU,_Z,2,,,False,WB_WDI,WB_WDI_NY_GDP_PCAP_PP_CD,BGD,_T,_T,_T,_Z,_Z,_Z,2019,A,PPP,
19971.11857,P1Y,0,,A,PU,_Z,2,,,False,WB_WDI,WB_WDI_NY_GDP_PCAP_PP_CD,BRB,_T,_T,_T,_Z,_Z,_Z,2019,A,PPP,
22301.593241,P1Y,0,,A,PU,_Z,2,,,False,WB_WDI,WB_WDI_NY_GDP_PCAP_PP_CD,BLR,_T,_T,_T,_Z,_Z,_Z,2019,A,PPP,
56712.469572,P1Y,0,,A,PU,_Z,2,,,False,WB_WDI,WB_WDI_NY_GDP_PCAP_PP_CD,BEL,_T,_T,_T,_Z,_Z,_Z,2019,A,PPP,
10499.962073,P1Y,0,,A,PU,_Z,2,,,False,WB_WDI,WB_WDI_NY_GDP_PCAP_PP_CD,BLZ,_T,_T,_T,_Z,_Z,_Z,2019,A,PPP,
3148.979696,P1Y,0,,A,PU,_Z,2,,,False,WB_WDI,WB_WDI_NY_GDP_PCAP_PP_CD,BEN,_T,_T,_T,_Z,_Z,_Z,2019,A,PPP,
90984.457671,P1Y,0,,A,PU,_Z,2,,,False,WB_WDI,WB_WDI_NY_GDP_PCAP_PP_CD,BMU,_T,_T,_T,_Z,_Z,_Z,2019,A,PPP,
12909.100984,P1Y,0,,A,PU,_Z,2,,,False,WB_WDI,WB_WDI_NY_GDP_PCAP_PP_CD,BTN,_T,_T,_T,_Z,_Z,_Z,2019,A,PPP,
11005.354117,P1Y,0,,A,PU,_Z,2,,,False,WB_WDI,WB_WDI_NY_GDP_PCAP_PP_CD,BOL,_T,_T,_T,_Z,_Z,_Z,2019,A,PPP,
4167.313419,P1Y,0,,A,PU,_Z,2,,,False,WB_WDI,WB_WDI_NY_GDP_PCAP_PP_CD,SSF,_T,_T,_T,_Z,_Z,_Z,2014,A,PPP,
4467.68047,P1Y,0,,A,PU,_Z,2,,,False,WB_WDI,WB_WDI_NY_GDP_PCAP_PP_CD,SSA,_T,_T,_T,_Z,_Z,_Z,2014,A,PPP,
4167.313419,P1Y,0,,A,PU,_Z,2,,,False,WB_WDI,WB_WDI_NY_GDP_PCAP_PP_CD,TSS,_T,_T,_T,_Z,_Z,_Z,2014,A,PPP,
13916.619031,P1Y,0,,A,PU,_Z,2,,,False,WB_WDI,WB_WDI_NY_GDP_PCAP_PP_CD,UMC,_T,_T,_T,_Z,_Z,_Z,2014,A,PPP,
15118.857605,P1Y,0,,A,PU,_Z,2,,,False,WB_WDI,WB_WDI_NY_GDP_PCAP_PP_CD,WLD,_T,_T,_T,_Z,_Z,_Z,2014,A,PPP,
2224.490748,P1Y,0,,A,PU,_Z,2,,,False,WB_WDI,WB_WDI_NY_GDP_PCAP_PP_CD,AFG,_T,_T,_T,_Z,_Z,_Z,2014,A,PPP,
11787.854964,P1Y,0,,A,PU,_Z,2,,,False,WB_WDI,WB_WDI_NY_GDP_PCAP_PP_CD,ALB,_T,_T,_T,_Z,_Z,_Z,2014,A,PPP,
14694.143827,P1Y,0,,A,PU,_Z,2,,,False,WB_WDI,WB_WDI_NY_GDP_PCAP_PP_CD,DZA,_T,_T,_T,_Z,_Z,_Z,2014,A,PPP,
48505.601736,P1Y,0,,A,PU,_Z,2,,,False,WB_WDI,WB_WDI_NY_GDP_PCAP_PP_CD,AND,_T,_T,_T,_Z,_Z,_Z,2014,A,PPP,
9017.690182,P1Y,0,,A,PU,_Z,2,,,False,WB_WDI,WB_WDI_NY_GDP_PCAP_PP_CD,AGO,_T,_T,_T,_Z,_Z,_Z,2014,A,PPP,
21671.473786,P1Y,0,,A,PU,_Z,2,,,False,WB_WDI,WB_WDI_NY_GDP_PCAP_PP_CD,ATG,_T,_T,_T,_Z,_Z,_Z,2014,A,PPP,
19487.418175,P1Y,0,,A,PU,_Z,2,,,False,WB_WDI,WB_WDI_NY_GDP_PCAP_PP_CD,ARG,_T,_T,_T,_Z,_Z,_Z,2014,A,PPP,
32536.188268,P1Y,0,,A,PU,_Z,2,,,False,WB_WDI,WB_WDI_NY_GDP_PCAP_PP_CD,ESP,_T,_T,_T,_Z,_Z,_Z,2007,A,PPP,
6820.3931,P1Y,0,,A,PU,_Z,2,,,False,WB_WDI,WB_WDI_NY_GDP_PCAP_PP_CD,LKA,_T,_T,_T,_Z,_Z,_Z,2007,A,PPP,
21301.240026,P1Y,0,,A,PU,_Z,2,,,False,WB_WDI,WB_WDI_NY_GDP_PCAP_PP_CD,KNA,_T,_T,_T,_Z,_Z,_Z,2007,A,PPP,
12199.258115,P1Y,0,,A,PU,_Z,2,,,False,WB_WDI,WB_WDI_NY_GDP_PCAP_PP_CD,LCA,_T,_T,_T,_Z,_Z,_Z,2007,A,PPP,
10604.348024,P1Y,0,,A,PU,_Z,2,,,False,WB_WDI,WB_WDI_NY_GDP_PCAP_PP_CD,VCT,_T,_T,_T,_Z,_Z,_Z,2007,A,PPP,
3836.489014,P1Y,0,,A,PU,_Z,2,,,False,WB_WDI,WB_WDI_NY_GDP_PCAP_PP_CD,SDN,_T,_T,_T,_Z,_Z,_Z,2007,A,PPP,
11530.156551,P1Y,0,,A,PU,_Z,2,,,False,WB_WDI,WB_WDI_NY_GDP_PCAP_PP_CD,SUR,_T,_T,_T,_Z,_Z,_Z,2007,A,PPP,
40812.805606,P1Y,0,,A,PU,_Z,2,,,False,WB_WDI,WB_WDI_NY_GDP_PCAP_PP_CD,SWE,_T,_T,_T,_Z,_Z,_Z,2007,A,PPP,
50927.630858,P1Y,0,,A,PU,_Z,2,,,False,WB_WDI,WB_WDI_NY_GDP_PCAP_PP_CD,CHE,_T,_T,_T,_Z,_Z,_Z,2007,A,PPP,
1966.221899,P1Y,0,,A,PU,_Z,2,,,False,WB_WDI,WB_WDI_NY_GDP_PCAP_PP_CD,TJK,_T,_T,_T,_Z,_Z,_Z,2007,A,PPP,
1820.001343,P1Y,0,,A,PU,_Z,2,,,False,WB_WDI,WB_WDI_NY_GDP_PCAP_PP_CD,TZA,_T,_T,_T,_Z,_Z,_Z,2007,A,PPP,
1402.385603,P1Y,0,,A,PU,_Z,2,,,False,WB_WDI,WB_WDI_NY_GDP_PCAP_PP_CD,COD,_T,_T,_T,_Z,_Z,_Z,2021,A,PPP,
6263.211613,P1Y,0,,A,PU,_Z,2,,,False,WB_WDI,WB_WDI_NY_GDP_PCAP_PP_CD,COG,_T,_T,_T,_Z,_Z,_Z,2021,A,PPP,
23852.925302,P1Y,0,,A,PU,_Z,2,,,False,WB_WDI,WB_WDI_NY_GDP_PCAP_PP_CD,CRI,_T,_T,_T,_Z,_Z,_Z,2021,A,PPP,
6045.204805,P1Y,0,,A,PU,_Z,2,,,False,WB_WDI,WB_WDI_NY_GDP_PCAP_PP_CD,CIV,_T,_T,_T,_Z,_Z,_Z,2021,A,PPP,
36930.284194,P1Y,0,,A,PU,_Z,2,,,False,WB_WDI,WB_WDI_NY_GDP_PCAP_PP_CD,HRV,_T,_T,_T,_Z,_Z,_Z,2021,A,PPP,
24905.768445,P1Y,0,,A,PU,_Z,2,,,False,WB_WDI,WB_WDI_NY_GDP_PCAP_PP_CD,CUW,_T,_T,_T,_Z,_Z,_Z,2021,A,PPP,
47632.769531,P1Y,0,,A,PU,_Z,2,,,False,WB_WDI,WB_WDI_NY_GDP_PCAP_PP_CD,CYP,_T,_T,_T,_Z,_Z,_Z,2021,A,PPP,
47796.033741,P1Y,0,,A,PU,_Z,2,,,False,WB_WDI,WB_WDI_NY_GDP_PCAP_PP_CD,CZE,_T,_T,_T,_Z,_Z,_Z,2021,A,PPP,
69715.180968,P1Y,0,,A,PU,_Z,2,,,False,WB_WDI,WB_WDI_NY_GDP_PCAP_PP_CD,DNK,_T,_T,_T,_Z,_Z,_Z,2021,A,PPP,
5960.108074,P1Y,0,,A,PU,_Z,2,,,False,WB_WDI,WB_WDI_NY_GDP_PCAP_PP_CD,DJI,_T,_T,_T,_Z,_Z,_Z,2021,A,PPP,
11091.793632,P1Y,0,,A,PU,_Z,2,,,False,WB_WDI,WB_WDI_NY_GDP_PCAP_PP_CD,PLW,_T,_T,_T,_Z,_Z,_Z,2001,A,PPP,
8197.157605,P1Y,0,,A,PU,_Z,2,,,False,WB_WDI,WB_WDI_NY_GDP_PCAP_PP_CD,PAN,_T,_T,_T,_Z,_Z,_Z,2001,A,PPP,
2167.758886,P1Y,0,,A,PU,_Z,2,,,False,WB_WDI,WB_WDI_NY_GDP_PCAP_PP_CD,PNG,_T,_T,_T,_Z,_Z,_Z,2001,A,PPP,
6916.493308,P1Y,0,,A,PU,_Z,2,,,False,WB_WDI,WB_WDI_NY_GDP_PCAP_PP_CD,PRY,_T,_T,_T,_Z,_Z,_Z,2001,A,PPP,
5086.422478,P1Y,0,,A,PU,_Z,2,,,False,WB_WDI,WB_WDI_NY_GDP_PCAP_PP_CD,PER,_T,_T,_T,_Z,_Z,_Z,2001,A,PPP,
3468.898883,P1Y,0,,A,PU,_Z,2,,,False,WB_WDI,WB_WDI_NY_GDP_PCAP_PP_CD,PHL,_T,_T,_T,_Z,_Z,_Z,2001,A,PPP,
11175.285366,P1Y,0,,A,PU,_Z,2,,,False,WB_WDI,WB_WDI_NY_GDP_PCAP_PP_CD,POL,_T,_T,_T,_Z,_Z,_Z,2001,A,PPP,
19528.582612,P1Y,0,,A,PU,_Z,2,,,False,WB_WDI,WB_WDI_NY_GDP_PCAP_PP_CD,PRT,_T,_T,_T,_Z,_Z,_Z,2001,A,PPP,
24881.977378,P1Y,0,,A,PU,_Z,2,,,False,WB_WDI,WB_WDI_NY_GDP_PCAP_PP_CD,PRI,_T,_T,_T,_Z,_Z,_Z,2001,A,PPP,
89804.935426,P1Y,0,,A,PU,_Z,2,,,False,WB_WDI,WB_WDI_NY_GDP_PCAP_PP_CD,QAT,_T,_T,_T,_Z,_Z,_Z,2001,A,PPP,
6519.88858,P1Y,0,,A,PU,_Z,2,,,False,WB_WDI,WB_WDI_NY_GDP_PCAP_PP_CD,ROU,_T,_T,_T,_Z,_Z,_Z,2001,A,PPP,
7361.36377,P1Y,0,,A,PU,_Z,2,,,False,WB_WDI,WB_WDI_NY_GDP_PCAP_PP_CD,RUS,_T,_T,_T,_Z,_Z,_Z,2001,A,PPP,
669.875436,P1Y,0,,A,PU,_Z,2,,,False,WB_WDI,WB_WDI_NY_GDP_PCAP_PP_CD,RWA,_T,_T,_T,_Z,_Z,_Z,2001,A,PPP,
5118.322758,P1Y,0,,A,PU,_Z,2,,,False,WB_WDI,WB_WDI_NY_GDP_PCAP_PP_CD,SSF,_T,_T,_T,_Z,_Z,_Z,2022,A,PPP,
5373.437133,P1Y,0,,A,PU,_Z,2,,,False,WB_WDI,WB_WDI_NY_GDP_PCAP_PP_CD,SSA,_T,_T,_T,_Z,_Z,_Z,2022,A,PPP,
5118.322758,P1Y,0,,A,PU,_Z,2,,,False,WB_WDI,WB_WDI_NY_GDP_PCAP_PP_CD,TSS,_T,_T,_T,_Z,_Z,_Z,2022,A,PPP,
21670.448874,P1Y,0,,A,PU,_Z,2,,,False,WB_WDI,WB_WDI_NY_GDP_PCAP_PP_CD,UMC,_T,_T,_T,_Z,_Z,_Z,2022,A,PPP,
21985.28881,P1Y,0,,A,PU,_Z,2,,,False,WB_WDI,WB_WDI_NY_GDP_PCAP_PP_CD,WLD,_T,_T,_T,_Z,_Z,_Z,2022,A,PPP,
2122.995815,P1Y,0,,A,PU,_Z,2,,,False,WB_WDI,WB_WDI_NY_GDP_PCAP_PP_CD,AFG,_T,_T,_T,_Z,_Z,_Z,2022,A,PPP,
22138.418286,P1Y,0,,A,PU,_Z,2,,,False,WB_WDI,WB_WDI_NY_GDP_PCAP_PP_CD,ALB,_T,_T,_T,_Z,_Z,_Z,2022,A,PPP,
15836.094437,P1Y,0,,A,PU,_Z,2,,,False,WB_WDI,WB_WDI_NY_GDP_PCAP_PP_CD,DZA,_T,_T,_T,_Z,_Z,_Z,2022,A,PPP,
68470.075948,P1Y,0,,A,PU,_Z,2,,,False,WB_WDI,WB_WDI_NY_GDP_PCAP_PP_CD,AND,_T,_T,_T,_Z,_Z,_Z,2022,A,PPP,
9588.241295,P1Y,0,,A,PU,_Z,2,,,False,WB_WDI,WB_WDI_NY_GDP_PCAP_PP_CD,AGO,_T,_T,_T,_Z,_Z,_Z,2022,A,PPP,
29933.88937,P1Y,0,,A,PU,_Z,2,,,False,WB_WDI,WB_WDI_NY_GDP_PCAP_PP_CD,ATG,_T,_T,_T,_Z,_Z,_Z,2022,A,PPP,
29808.807347,P1Y,0,,A,PU,_Z,2,,,False,WB_WDI,WB_WDI_NY_GDP_PCAP_PP_CD,ARG,_T,_T,_T,_Z,_Z,_Z,2022,A,PPP,
19161.370051,P1Y,0,,A,PU,_Z,2,,,False,WB_WDI,WB_WDI_NY_GDP_PCAP_PP_CD,ARM,_T,_T,_T,_Z,_Z,_Z,2022,A,PPP,
4125.161693,P1Y,0,,A,PU,_Z,2,,,False,WB_WDI,WB_WDI_NY_GDP_PCAP_PP_CD,MHL,_T,_T,_T,_Z,_Z,_Z,2015,A,PPP,
3977.611713,P1Y,0,,A,PU,_Z,2,,,False,WB_WDI,WB_WDI_NY_GDP_PCAP_PP_CD,MRT,_T,_T,_T,_Z,_Z,_Z,2015,A,PPP,
20269.52351,P1Y,0,,A,PU,_Z,2,,,False,WB_WDI,WB_WDI_NY_GDP_PCAP_PP_CD,MUS,_T,_T,_T,_Z,_Z,_Z,2015,A,PPP,
19071.44442,P1Y,0,,A,PU,_Z,2,,,False,WB_WDI,WB_WDI_NY_GDP_PCAP_PP_CD,MEX,_T,_T,_T,_Z,_Z,_Z,2015,A,PPP,
3288.921607,P1Y,0,,A,PU,_Z,2,,,False,WB_WDI,WB_WDI_NY_GDP_PCAP_PP_CD,FSM,_T,_T,_T,_Z,_Z,_Z,2015,A,PPP,
9197.618382,P1Y,0,,A,PU,_Z,2,,,False,WB_WDI,WB_WDI_NY_GDP_PCAP_PP_CD,MDA,_T,_T,_T,_Z,_Z,_Z,2015,A,PPP,
10458.302724,P1Y,0,,A,PU,_Z,2,,,False,WB_WDI,WB_WDI_NY_GDP_PCAP_PP_CD,MNG,_T,_T,_T,_Z,_Z,_Z,2015,A,PPP,
16091.712642,P1Y,0,,A,PU,_Z,2,,,False,WB_WDI,WB_WDI_NY_GDP_PCAP_PP_CD,MNE,_T,_T,_T,_Z,_Z,_Z,2015,A,PPP,
7799.092285,P1Y,0,,A,PU,_Z,2,,,False,WB_WDI,WB_WDI_NY_GDP_PCAP_PP_CD,MAR,_T,_T,_T,_Z,_Z,_Z,2015,A,PPP,
1317.88786,P1Y,0,,A,PU,_Z,2,,,False,WB_WDI,WB_WDI_NY_GDP_PCAP_PP_CD,MOZ,_T,_T,_T,_Z,_Z,_Z,2015,A,PPP,
6854.936188,P1Y,0,,A,PU,_Z,2,,,False,WB_WDI,WB_WDI_NY_GDP_PCAP_PP_CD,AZE,_T,_T,_T,_Z,_Z,_Z,2005,A,PPP,
29142.900218,P1Y,0,,A,PU,_Z,2,,,False,WB_WDI,WB_WDI_NY_GDP_PCAP_PP_CD,BHS,_T,_T,_T,_Z,_Z,_Z,2005,A,PPP,
47268.272161,P1Y,0,,A,PU,_Z,2,,,False,WB_WDI,WB_WDI_NY_GDP_PCAP_PP_CD,BHR,_T,_T,_T,_Z,_Z,_Z,2005,A,PPP,
2019.738396,P1Y,0,,A,PU,_Z,2,,,False,WB_WDI,WB_WDI_NY_GDP_PCAP_PP_CD,BGD,_T,_T,_T,_Z,_Z,_Z,2005,A,PPP,
18449.810885,P1Y,0,,A,PU,_Z,2,,,False,WB_WDI,WB_WDI_NY_GDP_PCAP_PP_CD,BRB,_T,_T,_T,_Z,_Z,_Z,2005,A,PPP,
9636.891124,P1Y,0,,A,PU,_Z,2,,,False,WB_WDI,WB_WDI_NY_GDP_PCAP_PP_CD,BLR,_T,_T,_T,_Z,_Z,_Z,2005,A,PPP,
33177.890946,P1Y,0,,A,PU,_Z,2,,,False,WB_WDI,WB_WDI_NY_GDP_PCAP_PP_CD,BEL,_T,_T,_T,_Z,_Z,_Z,2005,A,PPP,
9466.142745,P1Y,0,,A,PU,_Z,2,,,False,WB_WDI,WB_WDI_NY_GDP_PCAP_PP_CD,BLZ,_T,_T,_T,_Z,_Z,_Z,2005,A,PPP,
1945.564141,P1Y,0,,A,PU,_Z,2,,,False,WB_WDI,WB_WDI_NY_GDP_PCAP_PP_CD,BEN,_T,_T,_T,_Z,_Z,_Z,2005,A,PPP,
67771.468376,P1Y,0,,A,PU,_Z,2,,,False,WB_WDI,WB_WDI_NY_GDP_PCAP_PP_CD,BMU,_T,_T,_T,_Z,_Z,_Z,2005,A,PPP,
4523.359706,P1Y,0,,A,PU,_Z,2,,,False,WB_WDI,WB_WDI_NY_GDP_PCAP_PP_CD,BTN,_T,_T,_T,_Z,_Z,_Z,2005,A,PPP,
4937.869977,P1Y,0,,A,PU,_Z,2,,,False,WB_WDI,WB_WDI_NY_GDP_PCAP_PP_CD,BOL,_T,_T,_T,_Z,_Z,_Z,2005,A,PPP,
63585.405198,P1Y,0,,A,PU,_Z,2,,,True,WB_WDI,WB_WDI_NY_GDP_PCAP_PP_CD,EUU,_T,_T,_T,_Z,_Z,_Z,2024,A,PPP,
3611.762588,P1Y,0,,A,PU,_Z,2,,,True,WB_WDI,WB_WDI_NY_GDP_PCAP_PP_CD,HPC,_T,_T,_T,_Z,_Z,_Z,2024,A,PPP,
67043.786305,P1Y,0,,A,PU,_Z,2,,,True,WB_WDI,WB_WDI_NY_GDP_PCAP_PP_CD,HIC,_T,_T,_T,_Z,_Z,_Z,2024,A,PPP,
21125.529596,P1Y,0,,A,PU,_Z,2,,,True,WB_WDI,WB_WDI_NY_GDP_PCAP_PP_CD,IBD,_T,_T,_T,_Z,_Z,_Z,2024,A,PPP,
16789.136863,P1Y,0,,A,PU,_Z,2,,,True,WB_WDI,WB_WDI_NY_GDP_PCAP_PP_CD,IBT,_T,_T,_T,_Z,_Z,_Z,2024,A,PPP,
7631.622852,P1Y,0,,A,PU,_Z,2,,,True,WB_WDI,WB_WDI_NY_GDP_PCAP_PP_CD,IDB,_T,_T,_T,_Z,_Z,_Z,2024,A,PPP,
4697.561422,P1Y,0,,A,PU,_Z,2,,,True,WB_WDI,WB_WDI_NY_GDP_PCAP_PP_CD,IDX,_T,_T,_T,_Z,_Z,_Z,2024,A,PPP,
5710.144629,P1Y,0,,A,PU,_Z,2,,,True,WB_WDI,WB_WDI_NY_GDP_PCAP_PP_CD,IDA,_T,_T,_T,_Z,_Z,_Z,2024,A,PPP,
28317.791254,P1Y,0,,A,PU,_Z,2,,,True,WB_WDI,WB_WDI_NY_GDP_PCAP_PP_CD,LTE,_T,_T,_T,_Z,_Z,_Z,2024,A,PPP,
23104.551981,P1Y,0,,A,PU,_Z,2,,,True,WB_WDI,WB_WDI_NY_GDP_PCAP_PP_CD,LCN,_T,_T,_T,_Z,_Z,_Z,2024,A,PPP,
21961.190021,P1Y,0,,A,PU,_Z,2,,,True,WB_WDI,WB_WDI_NY_GDP_PCAP_PP_CD,LAC,_T,_T,_T,_Z,_Z,_Z,2024,A,PPP,
22984.687989,P1Y,0,,A,PU,_Z,2,,,True,WB_WDI,WB_WDI_NY_GDP_PCAP_PP_CD,TLA,_T,_T,_T,_Z,_Z,_Z,2024,A,PPP,
4463.995642,P1Y,0,,A,PU,_Z,2,,,True,WB_WDI,WB_WDI_NY_GDP_PCAP_PP_CD,LDC,_T,_T,_T,_Z,_Z,_Z,2024,A,PPP,
15795.130323,P1Y,0,,A,PU,_Z,2,,,True,WB_WDI,WB_WDI_NY_GDP_PCAP_PP_CD,LMY,_T,_T,_T,_Z,_Z,_Z,2024,A,PPP,
2353.048784,P1Y,0,,A,PU,_Z,2,,,True,WB_WDI,WB_WDI_NY_GDP_PCAP_PP_CD,LIC,_T,_T,_T,_Z,_Z,_Z,2024,A,PPP,
10225.442286,P1Y,0,,A,PU,_Z,2,,,True,WB_WDI,WB_WDI_NY_GDP_PCAP_PP_CD,LMC,_T,_T,_T,_Z,_Z,_Z,2024,A,PPP,
16261.945389,P1Y,0,,A,PU,_Z,2,,,True,WB_WDI,WB_WDI_NY_GDP_PCAP_PP_CD,MEA,_T,_T,_T,_Z,_Z,_Z,2024,A,PPP,
11220.606998,P1Y,0,,A,PU,_Z,2,,,True,WB_WDI,WB_WDI_NY_GDP_PCAP_PP_CD,MNA,_T,_T,_T,_Z,_Z,_Z,2024,A,PPP,
11271.564355,P1Y,0,,A,PU,_Z,2,,,True,WB_WDI,WB_WDI_NY_GDP_PCAP_PP_CD,TMN,_T,_T,_T,_Z,_Z,_Z,2024,A,PPP,
17212.468059,P1Y,0,,A,PU,_Z,2,,,True,WB_WDI,WB_WDI_NY_GDP_PCAP_PP_CD,MIC,_T,_T,_T,_Z,_Z,_Z,2024,A,PPP,
4371.111359,P1Y,0,,A,PU,_Z,2,,,True,WB_WDI,WB_WDI_NY_GDP_PCAP_PP_CD,PSE,_T,_T,_T,_Z,_Z,_Z,2024,A,PPP,
4214.892778,P1Y,0,,A,PU,_Z,2,,,True,WB_WDI,WB_WDI_NY_GDP_PCAP_PP_CD,ZMB,_T,_T,_T,_Z,_Z,_Z,2024,A,PPP,
5928.080625,P1Y,0,,A,PU,_Z,2,,,True,WB_WDI,WB_WDI_NY_GDP_PCAP_PP_CD,ZWE,_T,_T,_T,_Z,_Z,_Z,2024,A,PPP,
8708.799831,P1Y,0,,A,PU,_Z,2,,,True,WB_WDI,WB_WDI_NY_GDP_PCAP_PP_CD,NIC,_T,_T,_T,_Z,_Z,_Z,2024,A,PPP,
2049.933053,P1Y,0,,A,PU,_Z,2,,,True,WB_WDI,WB_WDI_NY_GDP_PCAP_PP_CD,NER,_T,_T,_T,_Z,_Z,_Z,2024,A,PPP,
9086.875506,P1Y,0,,A,PU,_Z,2,,,True,WB_WDI,WB_WDI_NY_GDP_PCAP_PP_CD,NGA,_T,_T,_T,_Z,_Z,_Z,2024,A,PPP,
26995.429256,P1Y,0,,A,PU,_Z,2,,,True,WB_WDI,WB_WDI_NY_GDP_PCAP_PP_CD,MKD,_T,_T,_T,_Z,_Z,_Z,2024,A,PPP,
102037.5268,P1Y,0,,A,PU,_Z,2,,,True,WB_WDI,WB_WDI_NY_GDP_PCAP_PP_CD,NOR,_T,_T,_T,_Z,_Z,_Z,2024,A,PPP,
41740.165853,P1Y,0,,A,PU,_Z,2,,,True,WB_WDI,WB_WDI_NY_GDP_PCAP_PP_CD,OMN,_T,_T,_T,_Z,_Z,_Z,2024,A,PPP,
6252.115432,P1Y,0,,A,PU,_Z,2,,,True,WB_WDI,WB_WDI_NY_GDP_PCAP_PP_CD,PAK,_T,_T,_T,_Z,_Z,_Z,2024,A,PPP,
41369.422541,P1Y,0,,A,PU,_Z,2,,,True,WB_WDI,WB_WDI_NY_GDP_PCAP_PP_CD,PAN,_T,_T,_T,_Z,_Z,_Z,2024,A,PPP,
4874.689955,P1Y,0,,A,PU,_Z,2,,,True,WB_WDI,WB_WDI_NY_GDP_PCAP_PP_CD,PNG,_T,_T,_T,_Z,_Z,_Z,2024,A,PPP,
18523.681015,P1Y,0,,A,PU,_Z,2,,,True,WB_WDI,WB_WDI_NY_GDP_PCAP_PP_CD,PRY,_T,_T,_T,_Z,_Z,_Z,2024,A,PPP,
17802.41825,P1Y,0,,A,PU,_Z,2,,,True,WB_WDI,WB_WDI_NY_GDP_PCAP_PP_CD,PER,_T,_T,_T,_Z,_Z,_Z,2024,A,PPP,
11794.137549,P1Y,0,,A,PU,_Z,2,,,True,WB_WDI,WB_WDI_NY_GDP_PCAP_PP_CD,PHL,_T,_T,_T,_Z,_Z,_Z,2024,A,PPP,
51262.510576,P1Y,0,,A,PU,_Z,2,,,True,WB_WDI,WB_WDI_NY_GDP_PCAP_PP_CD,POL,_T,_T,_T,_Z,_Z,_Z,2024,A,PPP,
51679.888381,P1Y,0,,A,PU,_Z,2,,,True,WB_WDI,WB_WDI_NY_GDP_PCAP_PP_CD,PRT,_T,_T,_T,_Z,_Z,_Z,2024,A,PPP,
50247.849246,P1Y,0,,A,PU,_Z,2,,,True,WB_WDI,WB_WDI_NY_GDP_PCAP_PP_CD,PRI,_T,_T,_T,_Z,_Z,_Z,2024,A,PPP,
12877.635118,P1Y,0,,A,PU,_Z,2,,,True,WB_WDI,WB_WDI_NY_GDP_PCAP_PP_CD,BOL,_T,_T,_T,_Z,_Z,_Z,2024,A,PPP,
25043.08864,P1Y,0,,A,PU,_Z,2,,,True,WB_WDI,WB_WDI_NY_GDP_PCAP_PP_CD,BIH,_T,_T,_T,_Z,_Z,_Z,2024,A,PPP,
20538.132018,P1Y,0,,A,PU,_Z,2,,,True,WB_WDI,WB_WDI_NY_GDP_PCAP_PP_CD,BWA,_T,_T,_T,_Z,_Z,_Z,2024,A,PPP,
22338.476564,P1Y,0,,A,PU,_Z,2,,,True,WB_WDI,WB_WDI_NY_GDP_PCAP_PP_CD,BRA,_T,_T,_T,_Z,_Z,_Z,2024,A,PPP,
89879.361498,P1Y,0,,A,PU,_Z,2,,,True,WB_WDI,WB_WDI_NY_GDP_PCAP_PP_CD,BRN,_T,_T,_T,_Z,_Z,_Z,2024,A,PPP,
41969.451572,P1Y,0,,A,PU,_Z,2,,,True,WB_WDI,WB_WDI_NY_GDP_PCAP_PP_CD,BGR,_T,_T,_T,_Z,_Z,_Z,2024,A,PPP,
2895.89152,P1Y,0,,A,PU,_Z,2,,,True,WB_WDI,WB_WDI_NY_GDP_PCAP_PP_CD,BFA,_T,_T,_T,_Z,_Z,_Z,2024,A,PPP,
1194.946814,P1Y,0,,A,PU,_Z,2,,,True,WB_WDI,WB_WDI_NY_GDP_PCAP_PP_CD,BDI,_T,_T,_T,_Z,_Z,_Z,2024,A,PPP,
11195.120531,P1Y,0,,A,PU,_Z,2,,,True,WB_WDI,WB_WDI_NY_GDP_PCAP_PP_CD,CPV,_T,_T,_T,_Z,_Z,_Z,2024,A,PPP,
7966.873524,P1Y,0,,A,PU,_Z,2,,,True,WB_WDI,WB_WDI_NY_GDP_PCAP_PP_CD,KHM,_T,_T,_T,_Z,_Z,_Z,2024,A,PPP,
5588.986459,P1Y,0,,A,PU,_Z,2,,,True,WB_WDI,WB_WDI_NY_GDP_PCAP_PP_CD,CMR,_T,_T,_T,_Z,_Z,_Z,2024,A,PPP,
64610.379517,P1Y,0,,A,PU,_Z,2,,,True,WB_WDI,WB_WDI_NY_GDP_PCAP_PP_CD,CAN,_T,_T,_T,_Z,_Z,_Z,2024,A,PPP,
1263.102342,P1Y,0,,A,PU,_Z,2,,,True,WB_WDI,WB_WDI_NY_GDP_PCAP_PP_CD,CAF,_T,_T,_T,_Z,_Z,_Z,2024,A,PPP,
2742.659522,P1Y,0,,A,PU,_Z,2,,,True,WB_WDI,WB_WDI_NY_GDP_PCAP_PP_CD,TCD,_T,_T,_T,_Z,_Z,_Z,2024,A,PPP,
2276.195183,P1Y,0,,A,PU,_Z,2,,,False,WB_WDI,WB_WDI_NY_GDP_PCAP_PP_CD,LIC,_T,_T,_T,_Z,_Z,_Z,2022,A,PPP,
8826.071592,P1Y,0,,A,PU,_Z,2,,,False,WB_WDI,WB_WDI_NY_GDP_PCAP_PP_CD,LMC,_T,_T,_T,_Z,_Z,_Z,2022,A,PPP,
15194.382068,P1Y,0,,A,PU,_Z,2,,,False,WB_WDI,WB_WDI_NY_GDP_PCAP_PP_CD,MEA,_T,_T,_T,_Z,_Z,_Z,2022,A,PPP,
10374.610105,P1Y,0,,A,PU,_Z,2,,,False,WB_WDI,WB_WDI_NY_GDP_PCAP_PP_CD,MNA,_T,_T,_T,_Z,_Z,_Z,2022,A,PPP,
10405.473943,P1Y,0,,A,PU,_Z,2,,,False,WB_WDI,WB_WDI_NY_GDP_PCAP_PP_CD,TMN,_T,_T,_T,_Z,_Z,_Z,2022,A,PPP,
14990.872624,P1Y,0,,A,PU,_Z,2,,,False,WB_WDI,WB_WDI_NY_GDP_PCAP_PP_CD,MIC,_T,_T,_T,_Z,_Z,_Z,2022,A,PPP,
76412.99887,P1Y,0,,A,PU,_Z,2,,,False,WB_WDI,WB_WDI_NY_GDP_PCAP_PP_CD,NAC,_T,_T,_T,_Z,_Z,_Z,2022,A,PPP,
56824.619317,P1Y,0,,A,PU,_Z,2,,,False,WB_WDI,WB_WDI_NY_GDP_PCAP_PP_CD,OED,_T,_T,_T,_Z,_Z,_Z,2022,A,PPP,
26359.441079,P1Y,0,,A,PU,_Z,2,,,False,WB_WDI,WB_WDI_NY_GDP_PCAP_PP_CD,OSS,_T,_T,_T,_Z,_Z,_Z,2022,A,PPP,
7126.710496,P1Y,0,,A,PU,_Z,2,,,False,WB_WDI,WB_WDI_NY_GDP_PCAP_PP_CD,PSS,_T,_T,_T,_Z,_Z,_Z,2022,A,PPP,
62328.129622,P1Y,0,,A,PU,_Z,2,,,False,WB_WDI,WB_WDI_NY_GDP_PCAP_PP_CD,PST,_T,_T,_T,_Z,_Z,_Z,2022,A,PPP,
4931.925363,P1Y,0,,A,PU,_Z,2,,,False,WB_WDI,WB_WDI_NY_GDP_PCAP_PP_CD,PRE,_T,_T,_T,_Z,_Z,_Z,2022,A,PPP,
24378.81494,P1Y,0,,A,PU,_Z,2,,,False,WB_WDI,WB_WDI_NY_GDP_PCAP_PP_CD,SST,_T,_T,_T,_Z,_Z,_Z,2022,A,PPP,
9129.601733,P1Y,0,,A,PU,_Z,2,,,False,WB_WDI,WB_WDI_NY_GDP_PCAP_PP_CD,SAS,_T,_T,_T,_Z,_Z,_Z,2022,A,PPP,
9129.601733,P1Y,0,,A,PU,_Z,2,,,False,WB_WDI,WB_WDI_NY_GDP_PCAP_PP_CD,TSA,_T,_T,_T,_Z,_Z,_Z,2022,A,PPP,
1601.964666,P1Y,0,,A,PU,_Z,2,,,True,WB_WDI,WB_WDI_NY_GDP_PCAP_PP_CD,SOM,_T,_T,_T,_Z,_Z,_Z,2024,A,PPP,
15456.198993,P1Y,0,,A,PU,_Z,2,,,True,WB_WDI,WB_WDI_NY_GDP_PCAP_PP_CD,ZAF,_T,_T,_T,_Z,_Z,_Z,2024,A,PPP,
57965.294814,P1Y,0,,A,PU,_Z,2,,,True,WB_WDI,WB_WDI_NY_GDP_PCAP_PP_CD,ESP,_T,_T,_T,_Z,_Z,_Z,2024,A,PPP,
15632.592485,P1Y,0,,A,PU,_Z,2,,,True,WB_WDI,WB_WDI_NY_GDP_PCAP_PP_CD,LKA,_T,_T,_T,_Z,_Z,_Z,2024,A,PPP,
34846.603534,P1Y,0,,A,PU,_Z,2,,,True,WB_WDI,WB_WDI_NY_GDP_PCAP_PP_CD,KNA,_T,_T,_T,_Z,_Z,_Z,2024,A,PPP,
27567.328078,P1Y,0,,A,PU,_Z,2,,,True,WB_WDI,WB_WDI_NY_GDP_PCAP_PP_CD,LCA,_T,_T,_T,_Z,_Z,_Z,2024,A,PPP,
21272.080067,P1Y,0,,A,PU,_Z,2,,,True,WB_WDI,WB_WDI_NY_GDP_PCAP_PP_CD,VCT,_T,_T,_T,_Z,_Z,_Z,2024,A,PPP,
2115.816162,P1Y,0,,A,PU,_Z,2,,,True,WB_WDI,WB_WDI_NY_GDP_PCAP_PP_CD,SDN,_T,_T,_T,_Z,_Z,_Z,2024,A,PPP,
21800.526599,P1Y,0,,A,PU,_Z,2,,,True,WB_WDI,WB_WDI_NY_GDP_PCAP_PP_CD,SUR,_T,_T,_T,_Z,_Z,_Z,2024,A,PPP,
71844.912988,P1Y,0,,A,PU,_Z,2,,,True,WB_WDI,WB_WDI_NY_GDP_PCAP_PP_CD,SWE,_T,_T,_T,_Z,_Z,_Z,2024,A,PPP,
96497.694797,P1Y,0,,A,PU,_Z,2,,,True,WB_WDI,WB_WDI_NY_GDP_PCAP_PP_CD,CHE,_T,_T,_T,_Z,_Z,_Z,2024,A,PPP,
5405.980116,P1Y,0,,A,PU,_Z,2,,,True,WB_WDI,WB_WDI_NY_GDP_PCAP_PP_CD,TJK,_T,_T,_T,_Z,_Z,_Z,2024,A,PPP,
4220.796387,P1Y,0,,A,PU,_Z,2,,,True,WB_WDI,WB_WDI_NY_GDP_PCAP_PP_CD,TZA,_T,_T,_T,_Z,_Z,_Z,2024,A,PPP,
24712.065858,P1Y,0,,A,PU,_Z,2,,,True,WB_WDI,WB_WDI_NY_GDP_PCAP_PP_CD,THA,_T,_T,_T,_Z,_Z,_Z,2024,A,PPP,
4422.778822,P1Y,0,,A,PU,_Z,2,,,True,WB_WDI,WB_WDI_NY_GDP_PCAP_PP_CD,TLS,_T,_T,_T,_Z,_Z,_Z,2024,A,PPP,
8253.511121,P1Y,0,,A,PU,_Z,2,,,False,WB_WDI,WB_WDI_NY_GDP_PCAP_PP_CD,TMN,_T,_T,_T,_Z,_Z,_Z,2011,A,PPP,
8397.105213,P1Y,0,,A,PU,_Z,2,,,False,WB_WDI,WB_WDI_NY_GDP_PCAP_PP_CD,MIC,_T,_T,_T,_Z,_Z,_Z,2011,A,PPP,
49199.801663,P1Y,0,,A,PU,_Z,2,,,False,WB_WDI,WB_WDI_NY_GDP_PCAP_PP_CD,NAC,_T,_T,_T,_Z,_Z,_Z,2011,A,PPP,
36077.937917,P1Y,0,,A,PU,_Z,2,,,False,WB_WDI,WB_WDI_NY_GDP_PCAP_PP_CD,OED,_T,_T,_T,_Z,_Z,_Z,2011,A,PPP,
16366.549719,P1Y,0,,A,PU,_Z,2,,,False,WB_WDI,WB_WDI_NY_GDP_PCAP_PP_CD,OSS,_T,_T,_T,_Z,_Z,_Z,2011,A,PPP,
5020.842888,P1Y,0,,A,PU,_Z,2,,,False,WB_WDI,WB_WDI_NY_GDP_PCAP_PP_CD,PSS,_T,_T,_T,_Z,_Z,_Z,2011,A,PPP,
39573.382888,P1Y,0,,A,PU,_Z,2,,,False,WB_WDI,WB_WDI_NY_GDP_PCAP_PP_CD,PST,_T,_T,_T,_Z,_Z,_Z,2011,A,PPP,
3734.465499,P1Y,0,,A,PU,_Z,2,,,False,WB_WDI,WB_WDI_NY_GDP_PCAP_PP_CD,PRE,_T,_T,_T,_Z,_Z,_Z,2011,A,PPP,
15807.527595,P1Y,0,,A,PU,_Z,2,,,False,WB_WDI,WB_WDI_NY_GDP_PCAP_PP_CD,SST,_T,_T,_T,_Z,_Z,_Z,2011,A,PPP,
4336.461597,P1Y,0,,A,PU,_Z,2,,,False,WB_WDI,WB_WDI_NY_GDP_PCAP_PP_CD,SAS,_T,_T,_T,_Z,_Z,_Z,2011,A,PPP,
4336.461597,P1Y,0,,A,PU,_Z,2,,,False,WB_WDI,WB_WDI_NY_GDP_PCAP_PP_CD,TSA,_T,_T,_T,_Z,_Z,_Z,2011,A,PPP,
3814.098434,P1Y,0,,A,PU,_Z,2,,,False,WB_WDI,WB_WDI_NY_GDP_PCAP_PP_CD,SSF,_T,_T,_T,_Z,_Z,_Z,2011,A,PPP,
4118.408862,P1Y,0,,A,PU,_Z,2,,,False,WB_WDI,WB_WDI_NY_GDP_PCAP_PP_CD,SSA,_T,_T,_T,_Z,_Z,_Z,2011,A,PPP,
8427.119024,P1Y,0,,A,PU,_Z,2,,,False,WB_WDI,WB_WDI_NY_GDP_PCAP_PP_CD,TMN,_T,_T,_T,_Z,_Z,_Z,2012,A,PPP,
8912.691033,P1Y,0,,A,PU,_Z,2,,,False,WB_WDI,WB_WDI_NY_GDP_PCAP_PP_CD,MIC,_T,_T,_T,_Z,_Z,_Z,2012,A,PPP,
50775.277884,P1Y,0,,A,PU,_Z,2,,,False,WB_WDI,WB_WDI_NY_GDP_PCAP_PP_CD,NAC,_T,_T,_T,_Z,_Z,_Z,2012,A,PPP,
37052.219974,P1Y,0,,A,PU,_Z,2,,,False,WB_WDI,WB_WDI_NY_GDP_PCAP_PP_CD,OED,_T,_T,_T,_Z,_Z,_Z,2012,A,PPP,
16757.678584,P1Y,0,,A,PU,_Z,2,,,False,WB_WDI,WB_WDI_NY_GDP_PCAP_PP_CD,OSS,_T,_T,_T,_Z,_Z,_Z,2012,A,PPP,
5216.459604,P1Y,0,,A,PU,_Z,2,,,False,WB_WDI,WB_WDI_NY_GDP_PCAP_PP_CD,PSS,_T,_T,_T,_Z,_Z,_Z,2012,A,PPP,
40612.593342,P1Y,0,,A,PU,_Z,2,,,False,WB_WDI,WB_WDI_NY_GDP_PCAP_PP_CD,PST,_T,_T,_T,_Z,_Z,_Z,2012,A,PPP,
3807.401808,P1Y,0,,A,PU,_Z,2,,,False,WB_WDI,WB_WDI_NY_GDP_PCAP_PP_CD,PRE,_T,_T,_T,_Z,_Z,_Z,2012,A,PPP,
16189.892181,P1Y,0,,A,PU,_Z,2,,,False,WB_WDI,WB_WDI_NY_GDP_PCAP_PP_CD,SST,_T,_T,_T,_Z,_Z,_Z,2012,A,PPP,
4712.832823,P1Y,0,,A,PU,_Z,2,,,False,WB_WDI,WB_WDI_NY_GDP_PCAP_PP_CD,SAS,_T,_T,_T,_Z,_Z,_Z,2012,A,PPP,
4712.832823,P1Y,0,,A,PU,_Z,2,,,False,WB_WDI,WB_WDI_NY_GDP_PCAP_PP_CD,TSA,_T,_T,_T,_Z,_Z,_Z,2012,A,PPP,
3822.58839,P1Y,0,,A,PU,_Z,2,,,False,WB_WDI,WB_WDI_NY_GDP_PCAP_PP_CD,SSF,_T,_T,_T,_Z,_Z,_Z,2012,A,PPP,
4118.960121,P1Y,0,,A,PU,_Z,2,,,False,WB_WDI,WB_WDI_NY_GDP_PCAP_PP_CD,SSA,_T,_T,_T,_Z,_Z,_Z,2012,A,PPP,
49790.658488,P1Y,0,,A,PU,_Z,2,,,False,WB_WDI,WB_WDI_NY_GDP_PCAP_PP_CD,PST,_T,_T,_T,_Z,_Z,_Z,2018,A,PPP,
4170.342161,P1Y,0,,A,PU,_Z,2,,,False,WB_WDI,WB_WDI_NY_GDP_PCAP_PP_CD,PRE,_T,_T,_T,_Z,_Z,_Z,2018,A,PPP,
19024.776783,P1Y,0,,A,PU,_Z,2,,,False,WB_WDI,WB_WDI_NY_GDP_PCAP_PP_CD,SST,_T,_T,_T,_Z,_Z,_Z,2018,A,PPP,
6648.987493,P1Y,0,,A,PU,_Z,2,,,False,WB_WDI,WB_WDI_NY_GDP_PCAP_PP_CD,SAS,_T,_T,_T,_Z,_Z,_Z,2018,A,PPP,
6648.987493,P1Y,0,,A,PU,_Z,2,,,False,WB_WDI,WB_WDI_NY_GDP_PCAP_PP_CD,TSA,_T,_T,_T,_Z,_Z,_Z,2018,A,PPP,
4316.46733,P1Y,0,,A,PU,_Z,2,,,False,WB_WDI,WB_WDI_NY_GDP_PCAP_PP_CD,SSF,_T,_T,_T,_Z,_Z,_Z,2018,A,PPP,
4564.483274,P1Y,0,,A,PU,_Z,2,,,False,WB_WDI,WB_WDI_NY_GDP_PCAP_PP_CD,SSA,_T,_T,_T,_Z,_Z,_Z,2018,A,PPP,
4316.46733,P1Y,0,,A,PU,_Z,2,,,False,WB_WDI,WB_WDI_NY_GDP_PCAP_PP_CD,TSS,_T,_T,_T,_Z,_Z,_Z,2018,A,PPP,
16311.853678,P1Y,0,,A,PU,_Z,2,,,False,WB_WDI,WB_WDI_NY_GDP_PCAP_PP_CD,UMC,_T,_T,_T,_Z,_Z,_Z,2018,A,PPP,
17300.002669,P1Y,0,,A,PU,_Z,2,,,False,WB_WDI,WB_WDI_NY_GDP_PCAP_PP_CD,WLD,_T,_T,_T,_Z,_Z,_Z,2018,A,PPP,
2432.276701,P1Y,0,,A,PU,_Z,2,,,False,WB_WDI,WB_WDI_NY_GDP_PCAP_PP_CD,AFG,_T,_T,_T,_Z,_Z,_Z,2018,A,PPP,
15055.2808,P1Y,0,,A,PU,_Z,2,,,False,WB_WDI,WB_WDI_NY_GDP_PCAP_PP_CD,ALB,_T,_T,_T,_Z,_Z,_Z,2018,A,PPP,
5907.022713,P1Y,0,,A,PU,_Z,2,,,False,WB_WDI,WB_WDI_NY_GDP_PCAP_PP_CD,TMN,_T,_T,_T,_Z,_Z,_Z,2003,A,PPP,
4557.785693,P1Y,0,,A,PU,_Z,2,,,False,WB_WDI,WB_WDI_NY_GDP_PCAP_PP_CD,MIC,_T,_T,_T,_Z,_Z,_Z,2003,A,PPP,
38792.546381,P1Y,0,,A,PU,_Z,2,,,False,WB_WDI,WB_WDI_NY_GDP_PCAP_PP_CD,NAC,_T,_T,_T,_Z,_Z,_Z,2003,A,PPP,
27058.479662,P1Y,0,,A,PU,_Z,2,,,False,WB_WDI,WB_WDI_NY_GDP_PCAP_PP_CD,OED,_T,_T,_T,_Z,_Z,_Z,2003,A,PPP,
11527.515478,P1Y,0,,A,PU,_Z,2,,,False,WB_WDI,WB_WDI_NY_GDP_PCAP_PP_CD,OSS,_T,_T,_T,_Z,_Z,_Z,2003,A,PPP,
3936.235483,P1Y,0,,A,PU,_Z,2,,,False,WB_WDI,WB_WDI_NY_GDP_PCAP_PP_CD,PSS,_T,_T,_T,_Z,_Z,_Z,2003,A,PPP,
29855.013696,P1Y,0,,A,PU,_Z,2,,,False,WB_WDI,WB_WDI_NY_GDP_PCAP_PP_CD,PST,_T,_T,_T,_Z,_Z,_Z,2003,A,PPP,
2366.537219,P1Y,0,,A,PU,_Z,2,,,False,WB_WDI,WB_WDI_NY_GDP_PCAP_PP_CD,PRE,_T,_T,_T,_Z,_Z,_Z,2003,A,PPP,
11140.237724,P1Y,0,,A,PU,_Z,2,,,False,WB_WDI,WB_WDI_NY_GDP_PCAP_PP_CD,SST,_T,_T,_T,_Z,_Z,_Z,2003,A,PPP,
2403.296126,P1Y,0,,A,PU,_Z,2,,,False,WB_WDI,WB_WDI_NY_GDP_PCAP_PP_CD,SAS,_T,_T,_T,_Z,_Z,_Z,2003,A,PPP,
2403.296126,P1Y,0,,A,PU,_Z,2,,,False,WB_WDI,WB_WDI_NY_GDP_PCAP_PP_CD,TSA,_T,_T,_T,_Z,_Z,_Z,2003,A,PPP,
2594.659148,P1Y,0,,A,PU,_Z,2,,,False,WB_WDI,WB_WDI_NY_GDP_PCAP_PP_CD,SSF,_T,_T,_T,_Z,_Z,_Z,2003,A,PPP,
2826.943885,P1Y,0,,A,PU,_Z,2,,,False,WB_WDI,WB_WDI_NY_GDP_PCAP_PP_CD,SSA,_T,_T,_T,_Z,_Z,_Z,2003,A,PPP,
2594.659148,P1Y,0,,A,PU,_Z,2,,,False,WB_WDI,WB_WDI_NY_GDP_PCAP_PP_CD,TSS,_T,_T,_T,_Z,_Z,_Z,2003,A,PPP,
6194.170435,P1Y,0,,A,PU,_Z,2,,,False,WB_WDI,WB_WDI_NY_GDP_PCAP_PP_CD,UMC,_T,_T,_T,_Z,_Z,_Z,2003,A,PPP,
5422.832732,P1Y,0,,A,PU,_Z,2,,,False,WB_WDI,WB_WDI_NY_GDP_PCAP_PP_CD,MIC,_T,_T,_T,_Z,_Z,_Z,2005,A,PPP,
43361.249042,P1Y,0,,A,PU,_Z,2,,,False,WB_WDI,WB_WDI_NY_GDP_PCAP_PP_CD,NAC,_T,_T,_T,_Z,_Z,_Z,2005,A,PPP,
29851.083054,P1Y,0,,A,PU,_Z,2,,,False,WB_WDI,WB_WDI_NY_GDP_PCAP_PP_CD,OED,_T,_T,_T,_Z,_Z,_Z,2005,A,PPP,
12874.394662,P1Y,0,,A,PU,_Z,2,,,False,WB_WDI,WB_WDI_NY_GDP_PCAP_PP_CD,OSS,_T,_T,_T,_Z,_Z,_Z,2005,A,PPP,
4332.03415,P1Y,0,,A,PU,_Z,2,,,False,WB_WDI,WB_WDI_NY_GDP_PCAP_PP_CD,PSS,_T,_T,_T,_Z,_Z,_Z,2005,A,PPP,
33022.020844,P1Y,0,,A,PU,_Z,2,,,False,WB_WDI,WB_WDI_NY_GDP_PCAP_PP_CD,PST,_T,_T,_T,_Z,_Z,_Z,2005,A,PPP,
2825.77118,P1Y,0,,A,PU,_Z,2,,,False,WB_WDI,WB_WDI_NY_GDP_PCAP_PP_CD,PRE,_T,_T,_T,_Z,_Z,_Z,2005,A,PPP,
12580.471284,P1Y,0,,A,PU,_Z,2,,,False,WB_WDI,WB_WDI_NY_GDP_PCAP_PP_CD,SST,_T,_T,_T,_Z,_Z,_Z,2005,A,PPP,
2856.176195,P1Y,0,,A,PU,_Z,2,,,False,WB_WDI,WB_WDI_NY_GDP_PCAP_PP_CD,SAS,_T,_T,_T,_Z,_Z,_Z,2005,A,PPP,
2856.176195,P1Y,0,,A,PU,_Z,2,,,False,WB_WDI,WB_WDI_NY_GDP_PCAP_PP_CD,TSA,_T,_T,_T,_Z,_Z,_Z,2005,A,PPP,
2946.428321,P1Y,0,,A,PU,_Z,2,,,False,WB_WDI,WB_WDI_NY_GDP_PCAP_PP_CD,SSF,_T,_T,_T,_Z,_Z,_Z,2005,A,PPP,
3204.512833,P1Y,0,,A,PU,_Z,2,,,False,WB_WDI,WB_WDI_NY_GDP_PCAP_PP_CD,SSA,_T,_T,_T,_Z,_Z,_Z,2005,A,PPP,
2946.428321,P1Y,0,,A,PU,_Z,2,,,False,WB_WDI,WB_WDI_NY_GDP_PCAP_PP_CD,TSS,_T,_T,_T,_Z,_Z,_Z,2005,A,PPP,
7459.294884,P1Y,0,,A,PU,_Z,2,,,False,WB_WDI,WB_WDI_NY_GDP_PCAP_PP_CD,UMC,_T,_T,_T,_Z,_Z,_Z,2005,A,PPP,
3429.120572,P1Y,0,,A,PU,_Z,2,,,False,WB_WDI,WB_WDI_NY_GDP_PCAP_PP_CD,ZWE,_T,_T,_T,_Z,_Z,_Z,2000,A,PPP,
2238.454817,P1Y,0,,A,PU,_Z,2,,,False,WB_WDI,WB_WDI_NY_GDP_PCAP_PP_CD,AFE,_T,_T,_T,_Z,_Z,_Z,2001,A,PPP,
2575.017011,P1Y,0,,A,PU,_Z,2,,,False,WB_WDI,WB_WDI_NY_GDP_PCAP_PP_CD,AFW,_T,_T,_T,_Z,_Z,_Z,2001,A,PPP,
10137.393249,P1Y,0,,A,PU,_Z,2,,,False,WB_WDI,WB_WDI_NY_GDP_PCAP_PP_CD,ARB,_T,_T,_T,_Z,_Z,_Z,2001,A,PPP,
12176.359693,P1Y,0,,A,PU,_Z,2,,,False,WB_WDI,WB_WDI_NY_GDP_PCAP_PP_CD,CSS,_T,_T,_T,_Z,_Z,_Z,2001,A,PPP,
10817.731006,P1Y,0,,A,PU,_Z,2,,,False,WB_WDI,WB_WDI_NY_GDP_PCAP_PP_CD,CEB,_T,_T,_T,_Z,_Z,_Z,2001,A,PPP,
4275.33091,P1Y,0,,A,PU,_Z,2,,,False,WB_WDI,WB_WDI_NY_GDP_PCAP_PP_CD,EAR,_T,_T,_T,_Z,_Z,_Z,2001,A,PPP,
6123.004842,P1Y,0,,A,PU,_Z,2,,,False,WB_WDI,WB_WDI_NY_GDP_PCAP_PP_CD,EAS,_T,_T,_T,_Z,_Z,_Z,2001,A,PPP,
3603.381284,P1Y,0,,A,PU,_Z,2,,,False,WB_WDI,WB_WDI_NY_GDP_PCAP_PP_CD,EAP,_T,_T,_T,_Z,_Z,_Z,2001,A,PPP,
3646.23802,P1Y,0,,A,PU,_Z,2,,,False,WB_WDI,WB_WDI_NY_GDP_PCAP_PP_CD,TEA,_T,_T,_T,_Z,_Z,_Z,2001,A,PPP,
26342.237401,P1Y,0,,A,PU,_Z,2,,,False,WB_WDI,WB_WDI_NY_GDP_PCAP_PP_CD,EMU,_T,_T,_T,_Z,_Z,_Z,2001,A,PPP,
16707.649419,P1Y,0,,A,PU,_Z,2,,,False,WB_WDI,WB_WDI_NY_GDP_PCAP_PP_CD,ECS,_T,_T,_T,_Z,_Z,_Z,2001,A,PPP,
5932.01289,P1Y,0,,A,PU,_Z,2,,,False,WB_WDI,WB_WDI_NY_GDP_PCAP_PP_CD,ECA,_T,_T,_T,_Z,_Z,_Z,2001,A,PPP,
6969.43069,P1Y,0,,A,PU,_Z,2,,,False,WB_WDI,WB_WDI_NY_GDP_PCAP_PP_CD,TEC,_T,_T,_T,_Z,_Z,_Z,2001,A,PPP,
23208.693443,P1Y,0,,A,PU,_Z,2,,,False,WB_WDI,WB_WDI_NY_GDP_PCAP_PP_CD,EUU,_T,_T,_T,_Z,_Z,_Z,2001,A,PPP,
3441.314976,P1Y,0,,A,PU,_Z,2,,,False,WB_WDI,WB_WDI_NY_GDP_PCAP_PP_CD,ZMB,_T,_T,_T,_Z,_Z,_Z,2014,A,PPP,
3903.427977,P1Y,0,,A,PU,_Z,2,,,False,WB_WDI,WB_WDI_NY_GDP_PCAP_PP_CD,ZWE,_T,_T,_T,_Z,_Z,_Z,2014,A,PPP,
3539.815506,P1Y,0,,A,PU,_Z,2,,,False,WB_WDI,WB_WDI_NY_GDP_PCAP_PP_CD,AFE,_T,_T,_T,_Z,_Z,_Z,2015,A,PPP,
5056.739439,P1Y,0,,A,PU,_Z,2,,,False,WB_WDI,WB_WDI_NY_GDP_PCAP_PP_CD,AFW,_T,_T,_T,_Z,_Z,_Z,2015,A,PPP,
14332.866212,P1Y,0,,A,PU,_Z,2,,,False,WB_WDI,WB_WDI_NY_GDP_PCAP_PP_CD,ARB,_T,_T,_T,_Z,_Z,_Z,2015,A,PPP,
20632.337685,P1Y,0,,A,PU,_Z,2,,,False,WB_WDI,WB_WDI_NY_GDP_PCAP_PP_CD,CSS,_T,_T,_T,_Z,_Z,_Z,2015,A,PPP,
26201.33036,P1Y,0,,A,PU,_Z,2,,,False,WB_WDI,WB_WDI_NY_GDP_PCAP_PP_CD,CEB,_T,_T,_T,_Z,_Z,_Z,2015,A,PPP,
8319.913515,P1Y,0,,A,PU,_Z,2,,,False,WB_WDI,WB_WDI_NY_GDP_PCAP_PP_CD,EAR,_T,_T,_T,_Z,_Z,_Z,2015,A,PPP,
15476.316988,P1Y,0,,A,PU,_Z,2,,,False,WB_WDI,WB_WDI_NY_GDP_PCAP_PP_CD,EAS,_T,_T,_T,_Z,_Z,_Z,2015,A,PPP,
12146.381246,P1Y,0,,A,PU,_Z,2,,,False,WB_WDI,WB_WDI_NY_GDP_PCAP_PP_CD,EAP,_T,_T,_T,_Z,_Z,_Z,2015,A,PPP,
12283.974341,P1Y,0,,A,PU,_Z,2,,,False,WB_WDI,WB_WDI_NY_GDP_PCAP_PP_CD,TEA,_T,_T,_T,_Z,_Z,_Z,2015,A,PPP,
41210.917411,P1Y,0,,A,PU,_Z,2,,,False,WB_WDI,WB_WDI_NY_GDP_PCAP_PP_CD,EMU,_T,_T,_T,_Z,_Z,_Z,2015,A,PPP,
3814.098434,P1Y,0,,A,PU,_Z,2,,,False,WB_WDI,WB_WDI_NY_GDP_PCAP_PP_CD,TSS,_T,_T,_T,_Z,_Z,_Z,2011,A,PPP,
12082.563382,P1Y,0,,A,PU,_Z,2,,,False,WB_WDI,WB_WDI_NY_GDP_PCAP_PP_CD,UMC,_T,_T,_T,_Z,_Z,_Z,2011,A,PPP,
13644.38132,P1Y,0,,A,PU,_Z,2,,,False,WB_WDI,WB_WDI_NY_GDP_PCAP_PP_CD,WLD,_T,_T,_T,_Z,_Z,_Z,2011,A,PPP,
1744.060623,P1Y,0,,A,PU,_Z,2,,,False,WB_WDI,WB_WDI_NY_GDP_PCAP_PP_CD,AFG,_T,_T,_T,_Z,_Z,_Z,2011,A,PPP,
10273.419978,P1Y,0,,A,PU,_Z,2,,,False,WB_WDI,WB_WDI_NY_GDP_PCAP_PP_CD,ALB,_T,_T,_T,_Z,_Z,_Z,2011,A,PPP,
14639.877944,P1Y,0,,A,PU,_Z,2,,,False,WB_WDI,WB_WDI_NY_GDP_PCAP_PP_CD,DZA,_T,_T,_T,_Z,_Z,_Z,2011,A,PPP,
46436.11586,P1Y,0,,A,PU,_Z,2,,,False,WB_WDI,WB_WDI_NY_GDP_PCAP_PP_CD,AND,_T,_T,_T,_Z,_Z,_Z,2011,A,PPP,
7537.596564,P1Y,0,,A,PU,_Z,2,,,False,WB_WDI,WB_WDI_NY_GDP_PCAP_PP_CD,AGO,_T,_T,_T,_Z,_Z,_Z,2011,A,PPP,
23804.079011,P1Y,0,,A,PU,_Z,2,,,False,WB_WDI,WB_WDI_NY_GDP_PCAP_PP_CD,ATG,_T,_T,_T,_Z,_Z,_Z,2011,A,PPP,
19104.990941,P1Y,0,,A,PU,_Z,2,,,False,WB_WDI,WB_WDI_NY_GDP_PCAP_PP_CD,ARG,_T,_T,_T,_Z,_Z,_Z,2011,A,PPP,
7624.267726,P1Y,0,,A,PU,_Z,2,,,False,WB_WDI,WB_WDI_NY_GDP_PCAP_PP_CD,ARM,_T,_T,_T,_Z,_Z,_Z,2011,A,PPP,
35324.072064,P1Y,0,,A,PU,_Z,2,,,False,WB_WDI,WB_WDI_NY_GDP_PCAP_PP_CD,ABW,_T,_T,_T,_Z,_Z,_Z,2011,A,PPP,
2815.686934,P1Y,0,,A,PU,_Z,2,,,False,WB_WDI,WB_WDI_NY_GDP_PCAP_PP_CD,VUT,_T,_T,_T,_Z,_Z,_Z,2011,A,PPP,
21241.435073,P1Y,0,,A,PU,_Z,2,,,True,WB_WDI,WB_WDI_NY_GDP_PCAP_PP_CD,VEN,_T,_T,_T,_Z,_Z,_Z,2011,A,PPP,
5786.123489,P1Y,0,,A,PU,_Z,2,,,False,WB_WDI,WB_WDI_NY_GDP_PCAP_PP_CD,VNM,_T,_T,_T,_Z,_Z,_Z,2011,A,PPP,
39006.082013,P1Y,0,,A,PU,_Z,2,,,False,WB_WDI,WB_WDI_NY_GDP_PCAP_PP_CD,VIR,_T,_T,_T,_Z,_Z,_Z,2011,A,PPP,
4494.731323,P1Y,0,,A,PU,_Z,2,,,False,WB_WDI,WB_WDI_NY_GDP_PCAP_PP_CD,PSE,_T,_T,_T,_Z,_Z,_Z,2011,A,PPP,
3113.382927,P1Y,0,,A,PU,_Z,2,,,False,WB_WDI,WB_WDI_NY_GDP_PCAP_PP_CD,YEM,_T,_T,_T,_Z,_Z,_Z,2011,A,PPP,
3228.487143,P1Y,0,,A,PU,_Z,2,,,False,WB_WDI,WB_WDI_NY_GDP_PCAP_PP_CD,ZMB,_T,_T,_T,_Z,_Z,_Z,2011,A,PPP,
3047.317089,P1Y,0,,A,PU,_Z,2,,,False,WB_WDI,WB_WDI_NY_GDP_PCAP_PP_CD,ZWE,_T,_T,_T,_Z,_Z,_Z,2011,A,PPP,
3244.664345,P1Y,0,,A,PU,_Z,2,,,False,WB_WDI,WB_WDI_NY_GDP_PCAP_PP_CD,AFE,_T,_T,_T,_Z,_Z,_Z,2012,A,PPP,
4661.175276,P1Y,0,,A,PU,_Z,2,,,False,WB_WDI,WB_WDI_NY_GDP_PCAP_PP_CD,AFW,_T,_T,_T,_Z,_Z,_Z,2012,A,PPP,
16106.530641,P1Y,0,,A,PU,_Z,2,,,False,WB_WDI,WB_WDI_NY_GDP_PCAP_PP_CD,ARB,_T,_T,_T,_Z,_Z,_Z,2012,A,PPP,
20766.900273,P1Y,0,,A,PU,_Z,2,,,False,WB_WDI,WB_WDI_NY_GDP_PCAP_PP_CD,CSS,_T,_T,_T,_Z,_Z,_Z,2012,A,PPP,
23101.25051,P1Y,0,,A,PU,_Z,2,,,False,WB_WDI,WB_WDI_NY_GDP_PCAP_PP_CD,CEB,_T,_T,_T,_Z,_Z,_Z,2012,A,PPP,
3361.397503,P1Y,0,,A,PU,_Z,2,,,False,WB_WDI,WB_WDI_NY_GDP_PCAP_PP_CD,ZMB,_T,_T,_T,_Z,_Z,_Z,2019,A,PPP,
4165.555678,P1Y,0,,A,PU,_Z,2,,,False,WB_WDI,WB_WDI_NY_GDP_PCAP_PP_CD,ZWE,_T,_T,_T,_Z,_Z,_Z,2019,A,PPP,
3708.094649,P1Y,0,,A,PU,_Z,2,,,False,WB_WDI,WB_WDI_NY_GDP_PCAP_PP_CD,AFE,_T,_T,_T,_Z,_Z,_Z,2020,A,PPP,
5414.04254,P1Y,0,,A,PU,_Z,2,,,False,WB_WDI,WB_WDI_NY_GDP_PCAP_PP_CD,AFW,_T,_T,_T,_Z,_Z,_Z,2020,A,PPP,
14309.392807,P1Y,0,,A,PU,_Z,2,,,False,WB_WDI,WB_WDI_NY_GDP_PCAP_PP_CD,ARB,_T,_T,_T,_Z,_Z,_Z,2020,A,PPP,
20161.685965,P1Y,0,,A,PU,_Z,2,,,False,WB_WDI,WB_WDI_NY_GDP_PCAP_PP_CD,CSS,_T,_T,_T,_Z,_Z,_Z,2020,A,PPP,
36454.225639,P1Y,0,,A,PU,_Z,2,,,False,WB_WDI,WB_WDI_NY_GDP_PCAP_PP_CD,CEB,_T,_T,_T,_Z,_Z,_Z,2020,A,PPP,
9683.176291,P1Y,0,,A,PU,_Z,2,,,False,WB_WDI,WB_WDI_NY_GDP_PCAP_PP_CD,EAR,_T,_T,_T,_Z,_Z,_Z,2020,A,PPP,
19381.218398,P1Y,0,,A,PU,_Z,2,,,False,WB_WDI,WB_WDI_NY_GDP_PCAP_PP_CD,EAS,_T,_T,_T,_Z,_Z,_Z,2020,A,PPP,
16013.657533,P1Y,0,,A,PU,_Z,2,,,False,WB_WDI,WB_WDI_NY_GDP_PCAP_PP_CD,EAP,_T,_T,_T,_Z,_Z,_Z,2020,A,PPP,
16192.999776,P1Y,0,,A,PU,_Z,2,,,False,WB_WDI,WB_WDI_NY_GDP_PCAP_PP_CD,TEA,_T,_T,_T,_Z,_Z,_Z,2020,A,PPP,
49691.294267,P1Y,0,,A,PU,_Z,2,,,False,WB_WDI,WB_WDI_NY_GDP_PCAP_PP_CD,EMU,_T,_T,_T,_Z,_Z,_Z,2020,A,PPP,
46470.646639,P1Y,0,,A,PU,_Z,2,,,False,WB_WDI,WB_WDI_NY_GDP_PCAP_PP_CD,CAN,_T,_T,_T,_Z,_Z,_Z,2016,A,PPP,
65680.074328,P1Y,0,,A,PU,_Z,2,,,False,WB_WDI,WB_WDI_NY_GDP_PCAP_PP_CD,CYM,_T,_T,_T,_Z,_Z,_Z,2016,A,PPP,
826.013301,P1Y,0,,A,PU,_Z,2,,,False,WB_WDI,WB_WDI_NY_GDP_PCAP_PP_CD,CAF,_T,_T,_T,_Z,_Z,_Z,2016,A,PPP,
2120.087516,P1Y,0,,A,PU,_Z,2,,,False,WB_WDI,WB_WDI_NY_GDP_PCAP_PP_CD,TCD,_T,_T,_T,_Z,_Z,_Z,2016,A,PPP,
23256.503604,P1Y,0,,A,PU,_Z,2,,,False,WB_WDI,WB_WDI_NY_GDP_PCAP_PP_CD,CHL,_T,_T,_T,_Z,_Z,_Z,2016,A,PPP,
14157.251499,P1Y,0,,A,PU,_Z,2,,,False,WB_WDI,WB_WDI_NY_GDP_PCAP_PP_CD,CHN,_T,_T,_T,_Z,_Z,_Z,2016,A,PPP,
14026.839993,P1Y,0,,A,PU,_Z,2,,,False,WB_WDI,WB_WDI_NY_GDP_PCAP_PP_CD,COL,_T,_T,_T,_Z,_Z,_Z,2016,A,PPP,
3139.051607,P1Y,0,,A,PU,_Z,2,,,False,WB_WDI,WB_WDI_NY_GDP_PCAP_PP_CD,COM,_T,_T,_T,_Z,_Z,_Z,2016,A,PPP,
950.022298,P1Y,0,,A,PU,_Z,2,,,False,WB_WDI,WB_WDI_NY_GDP_PCAP_PP_CD,COD,_T,_T,_T,_Z,_Z,_Z,2016,A,PPP,
4016.049085,P1Y,0,,A,PU,_Z,2,,,False,WB_WDI,WB_WDI_NY_GDP_PCAP_PP_CD,COG,_T,_T,_T,_Z,_Z,_Z,2016,A,PPP,
19201.745323,P1Y,0,,A,PU,_Z,2,,,False,WB_WDI,WB_WDI_NY_GDP_PCAP_PP_CD,CRI,_T,_T,_T,_Z,_Z,_Z,2016,A,PPP,
1377.296791,P1Y,0,,A,PU,_Z,2,,,False,WB_WDI,WB_WDI_NY_GDP_PCAP_PP_CD,HPC,_T,_T,_T,_Z,_Z,_Z,2001,A,PPP,
25963.039547,P1Y,0,,A,PU,_Z,2,,,False,WB_WDI,WB_WDI_NY_GDP_PCAP_PP_CD,HIC,_T,_T,_T,_Z,_Z,_Z,2001,A,PPP,
4723.542576,P1Y,0,,A,PU,_Z,2,,,False,WB_WDI,WB_WDI_NY_GDP_PCAP_PP_CD,IBD,_T,_T,_T,_Z,_Z,_Z,2001,A,PPP,
4094.129724,P1Y,0,,A,PU,_Z,2,,,False,WB_WDI,WB_WDI_NY_GDP_PCAP_PP_CD,IBT,_T,_T,_T,_Z,_Z,_Z,2001,A,PPP,
2863.095264,P1Y,0,,A,PU,_Z,2,,,False,WB_WDI,WB_WDI_NY_GDP_PCAP_PP_CD,IDB,_T,_T,_T,_Z,_Z,_Z,2001,A,PPP,
1406.622598,P1Y,0,,A,PU,_Z,2,,,False,WB_WDI,WB_WDI_NY_GDP_PCAP_PP_CD,IDX,_T,_T,_T,_Z,_Z,_Z,2001,A,PPP,
1914.734206,P1Y,0,,A,PU,_Z,2,,,False,WB_WDI,WB_WDI_NY_GDP_PCAP_PP_CD,IDA,_T,_T,_T,_Z,_Z,_Z,2001,A,PPP,
5163.150563,P1Y,0,,A,PU,_Z,2,,,False,WB_WDI,WB_WDI_NY_GDP_PCAP_PP_CD,LTE,_T,_T,_T,_Z,_Z,_Z,2001,A,PPP,
8970.795909,P1Y,0,,A,PU,_Z,2,,,False,WB_WDI,WB_WDI_NY_GDP_PCAP_PP_CD,LCN,_T,_T,_T,_Z,_Z,_Z,2001,A,PPP,
8709.613938,P1Y,0,,A,PU,_Z,2,,,False,WB_WDI,WB_WDI_NY_GDP_PCAP_PP_CD,LAC,_T,_T,_T,_Z,_Z,_Z,2001,A,PPP,
8883.446934,P1Y,0,,A,PU,_Z,2,,,False,WB_WDI,WB_WDI_NY_GDP_PCAP_PP_CD,TLA,_T,_T,_T,_Z,_Z,_Z,2001,A,PPP,
1336.563244,P1Y,0,,A,PU,_Z,2,,,False,WB_WDI,WB_WDI_NY_GDP_PCAP_PP_CD,LDC,_T,_T,_T,_Z,_Z,_Z,2001,A,PPP,
3880.318121,P1Y,0,,A,PU,_Z,2,,,False,WB_WDI,WB_WDI_NY_GDP_PCAP_PP_CD,LMY,_T,_T,_T,_Z,_Z,_Z,2001,A,PPP,
1140.287923,P1Y,0,,A,PU,_Z,2,,,False,WB_WDI,WB_WDI_NY_GDP_PCAP_PP_CD,LIC,_T,_T,_T,_Z,_Z,_Z,2001,A,PPP,
2518.992101,P1Y,0,,A,PU,_Z,2,,,False,WB_WDI,WB_WDI_NY_GDP_PCAP_PP_CD,LMC,_T,_T,_T,_Z,_Z,_Z,2001,A,PPP,
8428.732568,P1Y,0,,A,PU,_Z,2,,,False,WB_WDI,WB_WDI_NY_GDP_PCAP_PP_CD,NRU,_T,_T,_T,_Z,_Z,_Z,2013,A,PPP,
2658.021969,P1Y,0,,A,PU,_Z,2,,,False,WB_WDI,WB_WDI_NY_GDP_PCAP_PP_CD,NPL,_T,_T,_T,_Z,_Z,_Z,2013,A,PPP,
49622.051961,P1Y,0,,A,PU,_Z,2,,,False,WB_WDI,WB_WDI_NY_GDP_PCAP_PP_CD,NLD,_T,_T,_T,_Z,_Z,_Z,2013,A,PPP,
36262.704728,P1Y,0,,A,PU,_Z,2,,,False,WB_WDI,WB_WDI_NY_GDP_PCAP_PP_CD,NZL,_T,_T,_T,_Z,_Z,_Z,2013,A,PPP,
4710.572432,P1Y,0,,A,PU,_Z,2,,,False,WB_WDI,WB_WDI_NY_GDP_PCAP_PP_CD,NIC,_T,_T,_T,_Z,_Z,_Z,2013,A,PPP,
1137.769041,P1Y,0,,A,PU,_Z,2,,,False,WB_WDI,WB_WDI_NY_GDP_PCAP_PP_CD,NER,_T,_T,_T,_Z,_Z,_Z,2013,A,PPP,
7004.131196,P1Y,0,,A,PU,_Z,2,,,False,WB_WDI,WB_WDI_NY_GDP_PCAP_PP_CD,NGA,_T,_T,_T,_Z,_Z,_Z,2013,A,PPP,
13662.756655,P1Y,0,,A,PU,_Z,2,,,False,WB_WDI,WB_WDI_NY_GDP_PCAP_PP_CD,MKD,_T,_T,_T,_Z,_Z,_Z,2013,A,PPP,
67377.926226,P1Y,0,,A,PU,_Z,2,,,False,WB_WDI,WB_WDI_NY_GDP_PCAP_PP_CD,NOR,_T,_T,_T,_Z,_Z,_Z,2013,A,PPP,
47013.473093,P1Y,0,,A,PU,_Z,2,,,False,WB_WDI,WB_WDI_NY_GDP_PCAP_PP_CD,OMN,_T,_T,_T,_Z,_Z,_Z,2013,A,PPP,
2373.650729,P1Y,0,,A,PU,_Z,2,,,False,WB_WDI,WB_WDI_NY_GDP_PCAP_PP_CD,TSS,_T,_T,_T,_Z,_Z,_Z,2001,A,PPP,
5499.243577,P1Y,0,,A,PU,_Z,2,,,False,WB_WDI,WB_WDI_NY_GDP_PCAP_PP_CD,UMC,_T,_T,_T,_Z,_Z,_Z,2001,A,PPP,
8321.662543,P1Y,0,,A,PU,_Z,2,,,False,WB_WDI,WB_WDI_NY_GDP_PCAP_PP_CD,WLD,_T,_T,_T,_Z,_Z,_Z,2001,A,PPP,
747.688045,P1Y,0,,A,PU,_Z,2,,,False,WB_WDI,WB_WDI_NY_GDP_PCAP_PP_CD,AFG,_T,_T,_T,_Z,_Z,_Z,2001,A,PPP,
4450.514185,P1Y,0,,A,PU,_Z,2,,,False,WB_WDI,WB_WDI_NY_GDP_PCAP_PP_CD,ALB,_T,_T,_T,_Z,_Z,_Z,2001,A,PPP,
9543.520354,P1Y,0,,A,PU,_Z,2,,,False,WB_WDI,WB_WDI_NY_GDP_PCAP_PP_CD,DZA,_T,_T,_T,_Z,_Z,_Z,2001,A,PPP,
36895.440245,P1Y,0,,A,PU,_Z,2,,,False,WB_WDI,WB_WDI_NY_GDP_PCAP_PP_CD,AND,_T,_T,_T,_Z,_Z,_Z,2001,A,PPP,
3801.633134,P1Y,0,,A,PU,_Z,2,,,False,WB_WDI,WB_WDI_NY_GDP_PCAP_PP_CD,AGO,_T,_T,_T,_Z,_Z,_Z,2001,A,PPP,
18568.679915,P1Y,0,,A,PU,_Z,2,,,False,WB_WDI,WB_WDI_NY_GDP_PCAP_PP_CD,ATG,_T,_T,_T,_Z,_Z,_Z,2001,A,PPP,
11117.754924,P1Y,0,,A,PU,_Z,2,,,False,WB_WDI,WB_WDI_NY_GDP_PCAP_PP_CD,ARG,_T,_T,_T,_Z,_Z,_Z,2001,A,PPP,
2844.362664,P1Y,0,,A,PU,_Z,2,,,False,WB_WDI,WB_WDI_NY_GDP_PCAP_PP_CD,ARM,_T,_T,_T,_Z,_Z,_Z,2001,A,PPP,
31920.239073,P1Y,0,,A,PU,_Z,2,,,False,WB_WDI,WB_WDI_NY_GDP_PCAP_PP_CD,ABW,_T,_T,_T,_Z,_Z,_Z,2001,A,PPP,
27687.758744,P1Y,0,,A,PU,_Z,2,,,False,WB_WDI,WB_WDI_NY_GDP_PCAP_PP_CD,AUS,_T,_T,_T,_Z,_Z,_Z,2001,A,PPP,
29553.233351,P1Y,0,,A,PU,_Z,2,,,False,WB_WDI,WB_WDI_NY_GDP_PCAP_PP_CD,AUT,_T,_T,_T,_Z,_Z,_Z,2001,A,PPP,
10719.394569,P1Y,0,,A,PU,_Z,2,,,False,WB_WDI,WB_WDI_NY_GDP_PCAP_PP_CD,URY,_T,_T,_T,_Z,_Z,_Z,2001,A,PPP,
2782.348711,P1Y,0,,A,PU,_Z,2,,,False,WB_WDI,WB_WDI_NY_GDP_PCAP_PP_CD,UZB,_T,_T,_T,_Z,_Z,_Z,2001,A,PPP,
2124.950749,P1Y,0,,A,PU,_Z,2,,,False,WB_WDI,WB_WDI_NY_GDP_PCAP_PP_CD,VUT,_T,_T,_T,_Z,_Z,_Z,2001,A,PPP,
14713.666787,P1Y,0,,A,PU,_Z,2,,,False,WB_WDI,WB_WDI_NY_GDP_PCAP_PP_CD,VEN,_T,_T,_T,_Z,_Z,_Z,2001,A,PPP,
2808.831819,P1Y,0,,A,PU,_Z,2,,,False,WB_WDI,WB_WDI_NY_GDP_PCAP_PP_CD,VNM,_T,_T,_T,_Z,_Z,_Z,2001,A,PPP,
2515.154529,P1Y,0,,A,PU,_Z,2,,,False,WB_WDI,WB_WDI_NY_GDP_PCAP_PP_CD,PSE,_T,_T,_T,_Z,_Z,_Z,2001,A,PPP,
2701.872637,P1Y,0,,A,PU,_Z,2,,,False,WB_WDI,WB_WDI_NY_GDP_PCAP_PP_CD,YEM,_T,_T,_T,_Z,_Z,_Z,2001,A,PPP,
1785.067114,P1Y,0,,A,PU,_Z,2,,,False,WB_WDI,WB_WDI_NY_GDP_PCAP_PP_CD,ZMB,_T,_T,_T,_Z,_Z,_Z,2001,A,PPP,
3533.086059,P1Y,0,,A,PU,_Z,2,,,False,WB_WDI,WB_WDI_NY_GDP_PCAP_PP_CD,ZWE,_T,_T,_T,_Z,_Z,_Z,2001,A,PPP,
2299.255597,P1Y,0,,A,PU,_Z,2,,,False,WB_WDI,WB_WDI_NY_GDP_PCAP_PP_CD,AFE,_T,_T,_T,_Z,_Z,_Z,2002,A,PPP,
2807.406331,P1Y,0,,A,PU,_Z,2,,,False,WB_WDI,WB_WDI_NY_GDP_PCAP_PP_CD,AFW,_T,_T,_T,_Z,_Z,_Z,2002,A,PPP,
10152.493848,P1Y,0,,A,PU,_Z,2,,,False,WB_WDI,WB_WDI_NY_GDP_PCAP_PP_CD,ARB,_T,_T,_T,_Z,_Z,_Z,2002,A,PPP,
12816.920048,P1Y,0,,A,PU,_Z,2,,,False,WB_WDI,WB_WDI_NY_GDP_PCAP_PP_CD,CSS,_T,_T,_T,_Z,_Z,_Z,2002,A,PPP,
2042.402953,P1Y,0,,A,PU,_Z,2,,,False,WB_WDI,WB_WDI_NY_GDP_PCAP_PP_CD,BFA,_T,_T,_T,_Z,_Z,_Z,2017,A,PPP,
791.393495,P1Y,0,,A,PU,_Z,2,,,False,WB_WDI,WB_WDI_NY_GDP_PCAP_PP_CD,BDI,_T,_T,_T,_Z,_Z,_Z,2017,A,PPP,
7935.761763,P1Y,0,,A,PU,_Z,2,,,False,WB_WDI,WB_WDI_NY_GDP_PCAP_PP_CD,CPV,_T,_T,_T,_Z,_Z,_Z,2017,A,PPP,
5050.063566,P1Y,0,,A,PU,_Z,2,,,False,WB_WDI,WB_WDI_NY_GDP_PCAP_PP_CD,KHM,_T,_T,_T,_Z,_Z,_Z,2017,A,PPP,
3767.430729,P1Y,0,,A,PU,_Z,2,,,False,WB_WDI,WB_WDI_NY_GDP_PCAP_PP_CD,CMR,_T,_T,_T,_Z,_Z,_Z,2017,A,PPP,
48317.387446,P1Y,0,,A,PU,_Z,2,,,False,WB_WDI,WB_WDI_NY_GDP_PCAP_PP_CD,CAN,_T,_T,_T,_Z,_Z,_Z,2017,A,PPP,
68017.675676,P1Y,0,,A,PU,_Z,2,,,False,WB_WDI,WB_WDI_NY_GDP_PCAP_PP_CD,CYM,_T,_T,_T,_Z,_Z,_Z,2017,A,PPP,
883.810735,P1Y,0,,A,PU,_Z,2,,,False,WB_WDI,WB_WDI_NY_GDP_PCAP_PP_CD,CAF,_T,_T,_T,_Z,_Z,_Z,2017,A,PPP,
2097.144255,P1Y,0,,A,PU,_Z,2,,,False,WB_WDI,WB_WDI_NY_GDP_PCAP_PP_CD,TCD,_T,_T,_T,_Z,_Z,_Z,2017,A,PPP,
24295.223767,P1Y,0,,A,PU,_Z,2,,,False,WB_WDI,WB_WDI_NY_GDP_PCAP_PP_CD,CHL,_T,_T,_T,_Z,_Z,_Z,2017,A,PPP,
15022.437188,P1Y,0,,A,PU,_Z,2,,,False,WB_WDI,WB_WDI_NY_GDP_PCAP_PP_CD,CHN,_T,_T,_T,_Z,_Z,_Z,2017,A,PPP,
1661.317738,P1Y,0,,A,PU,_Z,2,,,False,WB_WDI,WB_WDI_NY_GDP_PCAP_PP_CD,BFA,_T,_T,_T,_Z,_Z,_Z,2014,A,PPP,
724.371954,P1Y,0,,A,PU,_Z,2,,,False,WB_WDI,WB_WDI_NY_GDP_PCAP_PP_CD,BDI,_T,_T,_T,_Z,_Z,_Z,2014,A,PPP,
6416.833012,P1Y,0,,A,PU,_Z,2,,,False,WB_WDI,WB_WDI_NY_GDP_PCAP_PP_CD,CPV,_T,_T,_T,_Z,_Z,_Z,2014,A,PPP,
4117.788683,P1Y,0,,A,PU,_Z,2,,,False,WB_WDI,WB_WDI_NY_GDP_PCAP_PP_CD,KHM,_T,_T,_T,_Z,_Z,_Z,2014,A,PPP,
3422.261282,P1Y,0,,A,PU,_Z,2,,,False,WB_WDI,WB_WDI_NY_GDP_PCAP_PP_CD,CMR,_T,_T,_T,_Z,_Z,_Z,2014,A,PPP,
45758.10073,P1Y,0,,A,PU,_Z,2,,,False,WB_WDI,WB_WDI_NY_GDP_PCAP_PP_CD,CAN,_T,_T,_T,_Z,_Z,_Z,2014,A,PPP,
63560.513773,P1Y,0,,A,PU,_Z,2,,,False,WB_WDI,WB_WDI_NY_GDP_PCAP_PP_CD,CYM,_T,_T,_T,_Z,_Z,_Z,2014,A,PPP,
698.963739,P1Y,0,,A,PU,_Z,2,,,False,WB_WDI,WB_WDI_NY_GDP_PCAP_PP_CD,CAF,_T,_T,_T,_Z,_Z,_Z,2014,A,PPP,
2133.184412,P1Y,0,,A,PU,_Z,2,,,False,WB_WDI,WB_WDI_NY_GDP_PCAP_PP_CD,TCD,_T,_T,_T,_Z,_Z,_Z,2014,A,PPP,
22553.616179,P1Y,0,,A,PU,_Z,2,,,False,WB_WDI,WB_WDI_NY_GDP_PCAP_PP_CD,CHL,_T,_T,_T,_Z,_Z,_Z,2014,A,PPP,
12941.596481,P1Y,0,,A,PU,_Z,2,,,False,WB_WDI,WB_WDI_NY_GDP_PCAP_PP_CD,CHN,_T,_T,_T,_Z,_Z,_Z,2014,A,PPP,
7396.128355,P1Y,0,,A,PU,_Z,2,,,False,WB_WDI,WB_WDI_NY_GDP_PCAP_PP_CD,NGA,_T,_T,_T,_Z,_Z,_Z,2014,A,PPP,
14485.121517,P1Y,0,,A,PU,_Z,2,,,False,WB_WDI,WB_WDI_NY_GDP_PCAP_PP_CD,MKD,_T,_T,_T,_Z,_Z,_Z,2014,A,PPP,
66332.461437,P1Y,0,,A,PU,_Z,2,,,False,WB_WDI,WB_WDI_NY_GDP_PCAP_PP_CD,NOR,_T,_T,_T,_Z,_Z,_Z,2014,A,PPP,
44235.833633,P1Y,0,,A,PU,_Z,2,,,False,WB_WDI,WB_WDI_NY_GDP_PCAP_PP_CD,OMN,_T,_T,_T,_Z,_Z,_Z,2014,A,PPP,
4312.9907,P1Y,0,,A,PU,_Z,2,,,False,WB_WDI,WB_WDI_NY_GDP_PCAP_PP_CD,PAK,_T,_T,_T,_Z,_Z,_Z,2014,A,PPP,
16442.038929,P1Y,0,,A,PU,_Z,2,,,False,WB_WDI,WB_WDI_NY_GDP_PCAP_PP_CD,PLW,_T,_T,_T,_Z,_Z,_Z,2014,A,PPP,
24376.08086,P1Y,0,,A,PU,_Z,2,,,False,WB_WDI,WB_WDI_NY_GDP_PCAP_PP_CD,PAN,_T,_T,_T,_Z,_Z,_Z,2014,A,PPP,
3499.548468,P1Y,0,,A,PU,_Z,2,,,False,WB_WDI,WB_WDI_NY_GDP_PCAP_PP_CD,PNG,_T,_T,_T,_Z,_Z,_Z,2014,A,PPP,
12607.072164,P1Y,0,,A,PU,_Z,2,,,False,WB_WDI,WB_WDI_NY_GDP_PCAP_PP_CD,PRY,_T,_T,_T,_Z,_Z,_Z,2014,A,PPP,
11517.737171,P1Y,0,,A,PU,_Z,2,,,False,WB_WDI,WB_WDI_NY_GDP_PCAP_PP_CD,PER,_T,_T,_T,_Z,_Z,_Z,2014,A,PPP,
6688.739612,P1Y,0,,A,PU,_Z,2,,,False,WB_WDI,WB_WDI_NY_GDP_PCAP_PP_CD,PHL,_T,_T,_T,_Z,_Z,_Z,2014,A,PPP,
31953.283387,P1Y,0,,A,PU,_Z,2,,,False,WB_WDI,WB_WDI_NY_GDP_PCAP_PP_CD,EUU,_T,_T,_T,_Z,_Z,_Z,2009,A,PPP,
1936.581949,P1Y,0,,A,PU,_Z,2,,,False,WB_WDI,WB_WDI_NY_GDP_PCAP_PP_CD,HPC,_T,_T,_T,_Z,_Z,_Z,2009,A,PPP,
35762.702886,P1Y,0,,A,PU,_Z,2,,,False,WB_WDI,WB_WDI_NY_GDP_PCAP_PP_CD,HIC,_T,_T,_T,_Z,_Z,_Z,2009,A,PPP,
8686.834046,P1Y,0,,A,PU,_Z,2,,,False,WB_WDI,WB_WDI_NY_GDP_PCAP_PP_CD,IBD,_T,_T,_T,_Z,_Z,_Z,2009,A,PPP,
7297.567378,P1Y,0,,A,PU,_Z,2,,,False,WB_WDI,WB_WDI_NY_GDP_PCAP_PP_CD,IBT,_T,_T,_T,_Z,_Z,_Z,2009,A,PPP,
4372.865577,P1Y,0,,A,PU,_Z,2,,,False,WB_WDI,WB_WDI_NY_GDP_PCAP_PP_CD,IDB,_T,_T,_T,_Z,_Z,_Z,2009,A,PPP,
2200.278367,P1Y,0,,A,PU,_Z,2,,,False,WB_WDI,WB_WDI_NY_GDP_PCAP_PP_CD,IDX,_T,_T,_T,_Z,_Z,_Z,2009,A,PPP,
2966.362822,P1Y,0,,A,PU,_Z,2,,,False,WB_WDI,WB_WDI_NY_GDP_PCAP_PP_CD,IDA,_T,_T,_T,_Z,_Z,_Z,2009,A,PPP,
10782.586196,P1Y,0,,A,PU,_Z,2,,,False,WB_WDI,WB_WDI_NY_GDP_PCAP_PP_CD,LTE,_T,_T,_T,_Z,_Z,_Z,2009,A,PPP,
12693.849165,P1Y,0,,A,PU,_Z,2,,,False,WB_WDI,WB_WDI_NY_GDP_PCAP_PP_CD,LCN,_T,_T,_T,_Z,_Z,_Z,2009,A,PPP,
12268.252382,P1Y,0,,A,PU,_Z,2,,,False,WB_WDI,WB_WDI_NY_GDP_PCAP_PP_CD,LAC,_T,_T,_T,_Z,_Z,_Z,2009,A,PPP,
12607.729001,P1Y,0,,A,PU,_Z,2,,,False,WB_WDI,WB_WDI_NY_GDP_PCAP_PP_CD,TLA,_T,_T,_T,_Z,_Z,_Z,2009,A,PPP,
2146.690629,P1Y,0,,A,PU,_Z,2,,,False,WB_WDI,WB_WDI_NY_GDP_PCAP_PP_CD,LDC,_T,_T,_T,_Z,_Z,_Z,2009,A,PPP,
6829.145358,P1Y,0,,A,PU,_Z,2,,,False,WB_WDI,WB_WDI_NY_GDP_PCAP_PP_CD,LMY,_T,_T,_T,_Z,_Z,_Z,2009,A,PPP,
2853.804563,P1Y,0,,A,PU,_Z,2,,,False,WB_WDI,WB_WDI_NY_GDP_PCAP_PP_CD,SEN,_T,_T,_T,_Z,_Z,_Z,2014,A,PPP,
15296.148459,P1Y,0,,A,PU,_Z,2,,,False,WB_WDI,WB_WDI_NY_GDP_PCAP_PP_CD,SRB,_T,_T,_T,_Z,_Z,_Z,2014,A,PPP,
24984.526915,P1Y,0,,A,PU,_Z,2,,,False,WB_WDI,WB_WDI_NY_GDP_PCAP_PP_CD,SYC,_T,_T,_T,_Z,_Z,_Z,2014,A,PPP,
2762.045537,P1Y,0,,A,PU,_Z,2,,,False,WB_WDI,WB_WDI_NY_GDP_PCAP_PP_CD,SLE,_T,_T,_T,_Z,_Z,_Z,2014,A,PPP,
84555.24461,P1Y,0,,A,PU,_Z,2,,,False,WB_WDI,WB_WDI_NY_GDP_PCAP_PP_CD,SGP,_T,_T,_T,_Z,_Z,_Z,2014,A,PPP,
43514.236539,P1Y,0,,A,PU,_Z,2,,,False,WB_WDI,WB_WDI_NY_GDP_PCAP_PP_CD,SXM,_T,_T,_T,_Z,_Z,_Z,2014,A,PPP,
29108.07218,P1Y,0,,A,PU,_Z,2,,,False,WB_WDI,WB_WDI_NY_GDP_PCAP_PP_CD,SVK,_T,_T,_T,_Z,_Z,_Z,2014,A,PPP,
30571.975302,P1Y,0,,A,PU,_Z,2,,,False,WB_WDI,WB_WDI_NY_GDP_PCAP_PP_CD,SVN,_T,_T,_T,_Z,_Z,_Z,2014,A,PPP,
2377.38397,P1Y,0,,A,PU,_Z,2,,,False,WB_WDI,WB_WDI_NY_GDP_PCAP_PP_CD,SLB,_T,_T,_T,_Z,_Z,_Z,2014,A,PPP,
1127.719222,P1Y,0,,A,PU,_Z,2,,,False,WB_WDI,WB_WDI_NY_GDP_PCAP_PP_CD,SOM,_T,_T,_T,_Z,_Z,_Z,2014,A,PPP,
13358.941719,P1Y,0,,A,PU,_Z,2,,,False,WB_WDI,WB_WDI_NY_GDP_PCAP_PP_CD,ZAF,_T,_T,_T,_Z,_Z,_Z,2014,A,PPP,
64589.55592,P1Y,0,,A,PU,_Z,2,,,False,WB_WDI,WB_WDI_NY_GDP_PCAP_PP_CD,NOR,_T,_T,_T,_Z,_Z,_Z,2017,A,PPP,
33619.498898,P1Y,0,,A,PU,_Z,2,,,False,WB_WDI,WB_WDI_NY_GDP_PCAP_PP_CD,OMN,_T,_T,_T,_Z,_Z,_Z,2017,A,PPP,
4789.536466,P1Y,0,,A,PU,_Z,2,,,False,WB_WDI,WB_WDI_NY_GDP_PCAP_PP_CD,PAK,_T,_T,_T,_Z,_Z,_Z,2017,A,PPP,
17991.108016,P1Y,0,,A,PU,_Z,2,,,False,WB_WDI,WB_WDI_NY_GDP_PCAP_PP_CD,PLW,_T,_T,_T,_Z,_Z,_Z,2017,A,PPP,
33533.326022,P1Y,0,,A,PU,_Z,2,,,False,WB_WDI,WB_WDI_NY_GDP_PCAP_PP_CD,PAN,_T,_T,_T,_Z,_Z,_Z,2017,A,PPP,
3923.171977,P1Y,0,,A,PU,_Z,2,,,False,WB_WDI,WB_WDI_NY_GDP_PCAP_PP_CD,PNG,_T,_T,_T,_Z,_Z,_Z,2017,A,PPP,
13977.342779,P1Y,0,,A,PU,_Z,2,,,False,WB_WDI,WB_WDI_NY_GDP_PCAP_PP_CD,PRY,_T,_T,_T,_Z,_Z,_Z,2017,A,PPP,
12591.856288,P1Y,0,,A,PU,_Z,2,,,False,WB_WDI,WB_WDI_NY_GDP_PCAP_PP_CD,PER,_T,_T,_T,_Z,_Z,_Z,2017,A,PPP,
7773.798536,P1Y,0,,A,PU,_Z,2,,,False,WB_WDI,WB_WDI_NY_GDP_PCAP_PP_CD,PHL,_T,_T,_T,_Z,_Z,_Z,2017,A,PPP,
30170.281897,P1Y,0,,A,PU,_Z,2,,,False,WB_WDI,WB_WDI_NY_GDP_PCAP_PP_CD,POL,_T,_T,_T,_Z,_Z,_Z,2017,A,PPP,
4882.99439,P1Y,0,,A,PU,_Z,2,,,False,WB_WDI,WB_WDI_NY_GDP_PCAP_PP_CD,IDB,_T,_T,_T,_Z,_Z,_Z,2012,A,PPP,
2519.697553,P1Y,0,,A,PU,_Z,2,,,False,WB_WDI,WB_WDI_NY_GDP_PCAP_PP_CD,IDX,_T,_T,_T,_Z,_Z,_Z,2012,A,PPP,
3356.232437,P1Y,0,,A,PU,_Z,2,,,False,WB_WDI,WB_WDI_NY_GDP_PCAP_PP_CD,IDA,_T,_T,_T,_Z,_Z,_Z,2012,A,PPP,
13705.025725,P1Y,0,,A,PU,_Z,2,,,False,WB_WDI,WB_WDI_NY_GDP_PCAP_PP_CD,LTE,_T,_T,_T,_Z,_Z,_Z,2012,A,PPP,
14689.69112,P1Y,0,,A,PU,_Z,2,,,False,WB_WDI,WB_WDI_NY_GDP_PCAP_PP_CD,LCN,_T,_T,_T,_Z,_Z,_Z,2012,A,PPP,
14244.84849,P1Y,0,,A,PU,_Z,2,,,False,WB_WDI,WB_WDI_NY_GDP_PCAP_PP_CD,LAC,_T,_T,_T,_Z,_Z,_Z,2012,A,PPP,
14616.841421,P1Y,0,,A,PU,_Z,2,,,False,WB_WDI,WB_WDI_NY_GDP_PCAP_PP_CD,TLA,_T,_T,_T,_Z,_Z,_Z,2012,A,PPP,
2409.459077,P1Y,0,,A,PU,_Z,2,,,False,WB_WDI,WB_WDI_NY_GDP_PCAP_PP_CD,LDC,_T,_T,_T,_Z,_Z,_Z,2012,A,PPP,
8328.083778,P1Y,0,,A,PU,_Z,2,,,False,WB_WDI,WB_WDI_NY_GDP_PCAP_PP_CD,LMY,_T,_T,_T,_Z,_Z,_Z,2012,A,PPP,
1596.113855,P1Y,0,,A,PU,_Z,2,,,False,WB_WDI,WB_WDI_NY_GDP_PCAP_PP_CD,LIC,_T,_T,_T,_Z,_Z,_Z,2012,A,PPP,
5060.205984,P1Y,0,,A,PU,_Z,2,,,False,WB_WDI,WB_WDI_NY_GDP_PCAP_PP_CD,LMC,_T,_T,_T,_Z,_Z,_Z,2012,A,PPP,
13007.213356,P1Y,0,,A,PU,_Z,2,,,False,WB_WDI,WB_WDI_NY_GDP_PCAP_PP_CD,MEA,_T,_T,_T,_Z,_Z,_Z,2012,A,PPP,
8404.979059,P1Y,0,,A,PU,_Z,2,,,False,WB_WDI,WB_WDI_NY_GDP_PCAP_PP_CD,MNA,_T,_T,_T,_Z,_Z,_Z,2012,A,PPP,
1664.944813,P1Y,0,,A,PU,_Z,2,,,False,WB_WDI,WB_WDI_NY_GDP_PCAP_PP_CD,LBR,_T,_T,_T,_Z,_Z,_Z,2017,A,PPP,
18026.018783,P1Y,0,,A,PU,_Z,2,,,False,WB_WDI,WB_WDI_NY_GDP_PCAP_PP_CD,LBY,_T,_T,_T,_Z,_Z,_Z,2017,A,PPP,
31305.043693,P1Y,0,,A,PU,_Z,2,,,False,WB_WDI,WB_WDI_NY_GDP_PCAP_PP_CD,LTU,_T,_T,_T,_Z,_Z,_Z,2017,A,PPP,
114985.842236,P1Y,0,,A,PU,_Z,2,,,False,WB_WDI,WB_WDI_NY_GDP_PCAP_PP_CD,LUX,_T,_T,_T,_Z,_Z,_Z,2017,A,PPP,
120774.963081,P1Y,0,,A,PU,_Z,2,,,False,WB_WDI,WB_WDI_NY_GDP_PCAP_PP_CD,MAC,_T,_T,_T,_Z,_Z,_Z,2017,A,PPP,
1546.880019,P1Y,0,,A,PU,_Z,2,,,False,WB_WDI,WB_WDI_NY_GDP_PCAP_PP_CD,MDG,_T,_T,_T,_Z,_Z,_Z,2017,A,PPP,
1380.232636,P1Y,0,,A,PU,_Z,2,,,False,WB_WDI,WB_WDI_NY_GDP_PCAP_PP_CD,MWI,_T,_T,_T,_Z,_Z,_Z,2017,A,PPP,
26415.59602,P1Y,0,,A,PU,_Z,2,,,False,WB_WDI,WB_WDI_NY_GDP_PCAP_PP_CD,MYS,_T,_T,_T,_Z,_Z,_Z,2017,A,PPP,
19767.889361,P1Y,0,,A,PU,_Z,2,,,False,WB_WDI,WB_WDI_NY_GDP_PCAP_PP_CD,MDV,_T,_T,_T,_Z,_Z,_Z,2017,A,PPP,
2606.69608,P1Y,0,,A,PU,_Z,2,,,False,WB_WDI,WB_WDI_NY_GDP_PCAP_PP_CD,MLI,_T,_T,_T,_Z,_Z,_Z,2017,A,PPP,
43386.700587,P1Y,0,,A,PU,_Z,2,,,False,WB_WDI,WB_WDI_NY_GDP_PCAP_PP_CD,ITA,_T,_T,_T,_Z,_Z,_Z,2018,A,PPP,
10752.740665,P1Y,0,,A,PU,_Z,2,,,False,WB_WDI,WB_WDI_NY_GDP_PCAP_PP_CD,JAM,_T,_T,_T,_Z,_Z,_Z,2018,A,PPP,
42141.935299,P1Y,0,,A,PU,_Z,2,,,False,WB_WDI,WB_WDI_NY_GDP_PCAP_PP_CD,JPN,_T,_T,_T,_Z,_Z,_Z,2018,A,PPP,
9042.397819,P1Y,0,,A,PU,_Z,2,,,False,WB_WDI,WB_WDI_NY_GDP_PCAP_PP_CD,JOR,_T,_T,_T,_Z,_Z,_Z,2018,A,PPP,
25096.128586,P1Y,0,,A,PU,_Z,2,,,False,WB_WDI,WB_WDI_NY_GDP_PCAP_PP_CD,KAZ,_T,_T,_T,_Z,_Z,_Z,2018,A,PPP,
4411.561041,P1Y,0,,A,PU,_Z,2,,,False,WB_WDI,WB_WDI_NY_GDP_PCAP_PP_CD,KEN,_T,_T,_T,_Z,_Z,_Z,2018,A,PPP,
2671.762728,P1Y,0,,A,PU,_Z,2,,,False,WB_WDI,WB_WDI_NY_GDP_PCAP_PP_CD,KIR,_T,_T,_T,_Z,_Z,_Z,2018,A,PPP,
45511.080351,P1Y,0,,A,PU,_Z,2,,,False,WB_WDI,WB_WDI_NY_GDP_PCAP_PP_CD,KOR,_T,_T,_T,_Z,_Z,_Z,2018,A,PPP,
10018.738708,P1Y,0,,A,PU,_Z,2,,,False,WB_WDI,WB_WDI_NY_GDP_PCAP_PP_CD,XKX,_T,_T,_T,_Z,_Z,_Z,2018,A,PPP,
51370.73206,P1Y,0,,A,PU,_Z,2,,,False,WB_WDI,WB_WDI_NY_GDP_PCAP_PP_CD,KWT,_T,_T,_T,_Z,_Z,_Z,2018,A,PPP,
4777.941754,P1Y,0,,A,PU,_Z,2,,,False,WB_WDI,WB_WDI_NY_GDP_PCAP_PP_CD,KGZ,_T,_T,_T,_Z,_Z,_Z,2018,A,PPP,
687.370968,P1Y,0,,A,PU,_Z,2,,,False,WB_WDI,WB_WDI_NY_GDP_PCAP_PP_CD,BDI,_T,_T,_T,_Z,_Z,_Z,2013,A,PPP,
6367.280013,P1Y,0,,A,PU,_Z,2,,,False,WB_WDI,WB_WDI_NY_GDP_PCAP_PP_CD,CPV,_T,_T,_T,_Z,_Z,_Z,2013,A,PPP,
3890.948412,P1Y,0,,A,PU,_Z,2,,,False,WB_WDI,WB_WDI_NY_GDP_PCAP_PP_CD,KHM,_T,_T,_T,_Z,_Z,_Z,2013,A,PPP,
3238.868298,P1Y,0,,A,PU,_Z,2,,,False,WB_WDI,WB_WDI_NY_GDP_PCAP_PP_CD,CMR,_T,_T,_T,_Z,_Z,_Z,2013,A,PPP,
44301.056253,P1Y,0,,A,PU,_Z,2,,,False,WB_WDI,WB_WDI_NY_GDP_PCAP_PP_CD,CAN,_T,_T,_T,_Z,_Z,_Z,2013,A,PPP,
63648.254751,P1Y,0,,A,PU,_Z,2,,,False,WB_WDI,WB_WDI_NY_GDP_PCAP_PP_CD,CYM,_T,_T,_T,_Z,_Z,_Z,2013,A,PPP,
709.853481,P1Y,0,,A,PU,_Z,2,,,False,WB_WDI,WB_WDI_NY_GDP_PCAP_PP_CD,CAF,_T,_T,_T,_Z,_Z,_Z,2013,A,PPP,
2110.247051,P1Y,0,,A,PU,_Z,2,,,False,WB_WDI,WB_WDI_NY_GDP_PCAP_PP_CD,TCD,_T,_T,_T,_Z,_Z,_Z,2013,A,PPP,
22201.066068,P1Y,0,,A,PU,_Z,2,,,False,WB_WDI,WB_WDI_NY_GDP_PCAP_PP_CD,CHL,_T,_T,_T,_Z,_Z,_Z,2013,A,PPP,
12228.373608,P1Y,0,,A,PU,_Z,2,,,False,WB_WDI,WB_WDI_NY_GDP_PCAP_PP_CD,CHN,_T,_T,_T,_Z,_Z,_Z,2013,A,PPP,
12779.886582,P1Y,0,,A,PU,_Z,2,,,False,WB_WDI,WB_WDI_NY_GDP_PCAP_PP_CD,COL,_T,_T,_T,_Z,_Z,_Z,2013,A,PPP,
5291.006647,P1Y,0,,A,PU,_Z,2,,,False,WB_WDI,WB_WDI_NY_GDP_PCAP_PP_CD,IBD,_T,_T,_T,_Z,_Z,_Z,2003,A,PPP,
4561.634198,P1Y,0,,A,PU,_Z,2,,,False,WB_WDI,WB_WDI_NY_GDP_PCAP_PP_CD,IBT,_T,_T,_T,_Z,_Z,_Z,2003,A,PPP,
3152.684313,P1Y,0,,A,PU,_Z,2,,,False,WB_WDI,WB_WDI_NY_GDP_PCAP_PP_CD,IDB,_T,_T,_T,_Z,_Z,_Z,2003,A,PPP,
1536.44471,P1Y,0,,A,PU,_Z,2,,,False,WB_WDI,WB_WDI_NY_GDP_PCAP_PP_CD,IDX,_T,_T,_T,_Z,_Z,_Z,2003,A,PPP,
2101.06913,P1Y,0,,A,PU,_Z,2,,,False,WB_WDI,WB_WDI_NY_GDP_PCAP_PP_CD,IDA,_T,_T,_T,_Z,_Z,_Z,2003,A,PPP,
6029.172206,P1Y,0,,A,PU,_Z,2,,,False,WB_WDI,WB_WDI_NY_GDP_PCAP_PP_CD,LTE,_T,_T,_T,_Z,_Z,_Z,2003,A,PPP,
9230.088319,P1Y,0,,A,PU,_Z,2,,,False,WB_WDI,WB_WDI_NY_GDP_PCAP_PP_CD,LCN,_T,_T,_T,_Z,_Z,_Z,2003,A,PPP,
9078.055225,P1Y,0,,A,PU,_Z,2,,,False,WB_WDI,WB_WDI_NY_GDP_PCAP_PP_CD,LAC,_T,_T,_T,_Z,_Z,_Z,2003,A,PPP,
9136.843636,P1Y,0,,A,PU,_Z,2,,,False,WB_WDI,WB_WDI_NY_GDP_PCAP_PP_CD,TLA,_T,_T,_T,_Z,_Z,_Z,2003,A,PPP,
1465.900153,P1Y,0,,A,PU,_Z,2,,,False,WB_WDI,WB_WDI_NY_GDP_PCAP_PP_CD,LDC,_T,_T,_T,_Z,_Z,_Z,2003,A,PPP,
4324.010401,P1Y,0,,A,PU,_Z,2,,,False,WB_WDI,WB_WDI_NY_GDP_PCAP_PP_CD,LMY,_T,_T,_T,_Z,_Z,_Z,2003,A,PPP,
1246.321894,P1Y,0,,A,PU,_Z,2,,,False,WB_WDI,WB_WDI_NY_GDP_PCAP_PP_CD,LIC,_T,_T,_T,_Z,_Z,_Z,2003,A,PPP,
2789.045314,P1Y,0,,A,PU,_Z,2,,,False,WB_WDI,WB_WDI_NY_GDP_PCAP_PP_CD,LMC,_T,_T,_T,_Z,_Z,_Z,2003,A,PPP,
8881.619959,P1Y,0,,A,PU,_Z,2,,,False,WB_WDI,WB_WDI_NY_GDP_PCAP_PP_CD,MEA,_T,_T,_T,_Z,_Z,_Z,2003,A,PPP,
5884.429243,P1Y,0,,A,PU,_Z,2,,,False,WB_WDI,WB_WDI_NY_GDP_PCAP_PP_CD,MNA,_T,_T,_T,_Z,_Z,_Z,2003,A,PPP,
15906.858138,P1Y,0,,A,PU,_Z,2,,,False,WB_WDI,WB_WDI_NY_GDP_PCAP_PP_CD,IRN,_T,_T,_T,_Z,_Z,_Z,2006,A,PPP,
10223.106532,P1Y,0,,A,PU,_Z,2,,,False,WB_WDI,WB_WDI_NY_GDP_PCAP_PP_CD,IRQ,_T,_T,_T,_Z,_Z,_Z,2006,A,PPP,
44222.653603,P1Y,0,,A,PU,_Z,2,,,False,WB_WDI,WB_WDI_NY_GDP_PCAP_PP_CD,IRL,_T,_T,_T,_Z,_Z,_Z,2006,A,PPP,
26385.212566,P1Y,0,,A,PU,_Z,2,,,False,WB_WDI,WB_WDI_NY_GDP_PCAP_PP_CD,ISR,_T,_T,_T,_Z,_Z,_Z,2006,A,PPP,
32453.648868,P1Y,0,,A,PU,_Z,2,,,False,WB_WDI,WB_WDI_NY_GDP_PCAP_PP_CD,ITA,_T,_T,_T,_Z,_Z,_Z,2006,A,PPP,
8576.53154,P1Y,0,,A,PU,_Z,2,,,False,WB_WDI,WB_WDI_NY_GDP_PCAP_PP_CD,JAM,_T,_T,_T,_Z,_Z,_Z,2006,A,PPP,
33631.807636,P1Y,0,,A,PU,_Z,2,,,False,WB_WDI,WB_WDI_NY_GDP_PCAP_PP_CD,JPN,_T,_T,_T,_Z,_Z,_Z,2006,A,PPP,
8045.640562,P1Y,0,,A,PU,_Z,2,,,False,WB_WDI,WB_WDI_NY_GDP_PCAP_PP_CD,JOR,_T,_T,_T,_Z,_Z,_Z,2006,A,PPP,
14965.77232,P1Y,0,,A,PU,_Z,2,,,False,WB_WDI,WB_WDI_NY_GDP_PCAP_PP_CD,KAZ,_T,_T,_T,_Z,_Z,_Z,2006,A,PPP,
2330.130289,P1Y,0,,A,PU,_Z,2,,,False,WB_WDI,WB_WDI_NY_GDP_PCAP_PP_CD,KEN,_T,_T,_T,_Z,_Z,_Z,2006,A,PPP,
1727.770525,P1Y,0,,A,PU,_Z,2,,,False,WB_WDI,WB_WDI_NY_GDP_PCAP_PP_CD,KIR,_T,_T,_T,_Z,_Z,_Z,2006,A,PPP,
23537.755764,P1Y,0,,A,PU,_Z,2,,,False,WB_WDI,WB_WDI_NY_GDP_PCAP_PP_CD,TEC,_T,_T,_T,_Z,_Z,_Z,2018,A,PPP,
45021.846969,P1Y,0,,A,PU,_Z,2,,,False,WB_WDI,WB_WDI_NY_GDP_PCAP_PP_CD,EUU,_T,_T,_T,_Z,_Z,_Z,2018,A,PPP,
2694.07641,P1Y,0,,A,PU,_Z,2,,,False,WB_WDI,WB_WDI_NY_GDP_PCAP_PP_CD,HPC,_T,_T,_T,_Z,_Z,_Z,2018,A,PPP,
48504.24353,P1Y,0,,A,PU,_Z,2,,,False,WB_WDI,WB_WDI_NY_GDP_PCAP_PP_CD,HIC,_T,_T,_T,_Z,_Z,_Z,2018,A,PPP,
13717.042714,P1Y,0,,A,PU,_Z,2,,,False,WB_WDI,WB_WDI_NY_GDP_PCAP_PP_CD,IBD,_T,_T,_T,_Z,_Z,_Z,2018,A,PPP,
11229.961104,P1Y,0,,A,PU,_Z,2,,,False,WB_WDI,WB_WDI_NY_GDP_PCAP_PP_CD,IBT,_T,_T,_T,_Z,_Z,_Z,2018,A,PPP,
5808.87283,P1Y,0,,A,PU,_Z,2,,,False,WB_WDI,WB_WDI_NY_GDP_PCAP_PP_CD,IDB,_T,_T,_T,_Z,_Z,_Z,2018,A,PPP,
3414.263451,P1Y,0,,A,PU,_Z,2,,,False,WB_WDI,WB_WDI_NY_GDP_PCAP_PP_CD,IDX,_T,_T,_T,_Z,_Z,_Z,2018,A,PPP,
4252.997298,P1Y,0,,A,PU,_Z,2,,,False,WB_WDI,WB_WDI_NY_GDP_PCAP_PP_CD,IDA,_T,_T,_T,_Z,_Z,_Z,2018,A,PPP,
17904.943196,P1Y,0,,A,PU,_Z,2,,,False,WB_WDI,WB_WDI_NY_GDP_PCAP_PP_CD,LTE,_T,_T,_T,_Z,_Z,_Z,2018,A,PPP,
16898.442581,P1Y,0,,A,PU,_Z,2,,,False,WB_WDI,WB_WDI_NY_GDP_PCAP_PP_CD,LCN,_T,_T,_T,_Z,_Z,_Z,2018,A,PPP,
16248.346422,P1Y,0,,A,PU,_Z,2,,,False,WB_WDI,WB_WDI_NY_GDP_PCAP_PP_CD,LAC,_T,_T,_T,_Z,_Z,_Z,2018,A,PPP,
16834.673457,P1Y,0,,A,PU,_Z,2,,,False,WB_WDI,WB_WDI_NY_GDP_PCAP_PP_CD,TLA,_T,_T,_T,_Z,_Z,_Z,2018,A,PPP,
8365.743287,P1Y,0,,A,PU,_Z,2,,,False,WB_WDI,WB_WDI_NY_GDP_PCAP_PP_CD,SWZ,_T,_T,_T,_Z,_Z,_Z,2014,A,PPP,
1484.631456,P1Y,0,,A,PU,_Z,2,,,False,WB_WDI,WB_WDI_NY_GDP_PCAP_PP_CD,ETH,_T,_T,_T,_Z,_Z,_Z,2014,A,PPP,
53198.413854,P1Y,0,,A,PU,_Z,2,,,False,WB_WDI,WB_WDI_NY_GDP_PCAP_PP_CD,FRO,_T,_T,_T,_Z,_Z,_Z,2014,A,PPP,
10516.259712,P1Y,0,,A,PU,_Z,2,,,False,WB_WDI,WB_WDI_NY_GDP_PCAP_PP_CD,FJI,_T,_T,_T,_Z,_Z,_Z,2014,A,PPP,
41547.098449,P1Y,0,,A,PU,_Z,2,,,False,WB_WDI,WB_WDI_NY_GDP_PCAP_PP_CD,FIN,_T,_T,_T,_Z,_Z,_Z,2014,A,PPP,
40218.125864,P1Y,0,,A,PU,_Z,2,,,False,WB_WDI,WB_WDI_NY_GDP_PCAP_PP_CD,FRA,_T,_T,_T,_Z,_Z,_Z,2014,A,PPP,
14853.671246,P1Y,0,,A,PU,_Z,2,,,False,WB_WDI,WB_WDI_NY_GDP_PCAP_PP_CD,GAB,_T,_T,_T,_Z,_Z,_Z,2014,A,PPP,
1933.703297,P1Y,0,,A,PU,_Z,2,,,False,WB_WDI,WB_WDI_NY_GDP_PCAP_PP_CD,GMB,_T,_T,_T,_Z,_Z,_Z,2014,A,PPP,
11770.698936,P1Y,0,,A,PU,_Z,2,,,False,WB_WDI,WB_WDI_NY_GDP_PCAP_PP_CD,GEO,_T,_T,_T,_Z,_Z,_Z,2014,A,PPP,
47938.796821,P1Y,0,,A,PU,_Z,2,,,False,WB_WDI,WB_WDI_NY_GDP_PCAP_PP_CD,DEU,_T,_T,_T,_Z,_Z,_Z,2014,A,PPP,
5517.131788,P1Y,0,,A,PU,_Z,2,,,False,WB_WDI,WB_WDI_NY_GDP_PCAP_PP_CD,GHA,_T,_T,_T,_Z,_Z,_Z,2014,A,PPP,
53162.27916,P1Y,0,,A,PU,_Z,2,,,False,WB_WDI,WB_WDI_NY_GDP_PCAP_PP_CD,NLD,_T,_T,_T,_Z,_Z,_Z,2016,A,PPP,
39988.925086,P1Y,0,,A,PU,_Z,2,,,False,WB_WDI,WB_WDI_NY_GDP_PCAP_PP_CD,NZL,_T,_T,_T,_Z,_Z,_Z,2016,A,PPP,
5882.366452,P1Y,0,,A,PU,_Z,2,,,False,WB_WDI,WB_WDI_NY_GDP_PCAP_PP_CD,NIC,_T,_T,_T,_Z,_Z,_Z,2016,A,PPP,
1188.557092,P1Y,0,,A,PU,_Z,2,,,False,WB_WDI,WB_WDI_NY_GDP_PCAP_PP_CD,NER,_T,_T,_T,_Z,_Z,_Z,2016,A,PPP,
7072.496934,P1Y,0,,A,PU,_Z,2,,,False,WB_WDI,WB_WDI_NY_GDP_PCAP_PP_CD,NGA,_T,_T,_T,_Z,_Z,_Z,2016,A,PPP,
16457.565225,P1Y,0,,A,PU,_Z,2,,,False,WB_WDI,WB_WDI_NY_GDP_PCAP_PP_CD,MKD,_T,_T,_T,_Z,_Z,_Z,2016,A,PPP,
59280.199203,P1Y,0,,A,PU,_Z,2,,,False,WB_WDI,WB_WDI_NY_GDP_PCAP_PP_CD,NOR,_T,_T,_T,_Z,_Z,_Z,2016,A,PPP,
33333.863589,P1Y,0,,A,PU,_Z,2,,,False,WB_WDI,WB_WDI_NY_GDP_PCAP_PP_CD,OMN,_T,_T,_T,_Z,_Z,_Z,2016,A,PPP,
4630.731507,P1Y,0,,A,PU,_Z,2,,,False,WB_WDI,WB_WDI_NY_GDP_PCAP_PP_CD,PAK,_T,_T,_T,_Z,_Z,_Z,2016,A,PPP,
18234.611877,P1Y,0,,A,PU,_Z,2,,,False,WB_WDI,WB_WDI_NY_GDP_PCAP_PP_CD,PLW,_T,_T,_T,_Z,_Z,_Z,2016,A,PPP,
10665.66765,P1Y,0,,A,PU,_Z,2,,,False,WB_WDI,WB_WDI_NY_GDP_PCAP_PP_CD,EGY,_T,_T,_T,_Z,_Z,_Z,2016,A,PPP,
8455.616148,P1Y,0,,A,PU,_Z,2,,,False,WB_WDI,WB_WDI_NY_GDP_PCAP_PP_CD,SLV,_T,_T,_T,_Z,_Z,_Z,2016,A,PPP,
16649.475767,P1Y,0,,A,PU,_Z,2,,,False,WB_WDI,WB_WDI_NY_GDP_PCAP_PP_CD,GNQ,_T,_T,_T,_Z,_Z,_Z,2016,A,PPP,
31947.776911,P1Y,0,,A,PU,_Z,2,,,False,WB_WDI,WB_WDI_NY_GDP_PCAP_PP_CD,EST,_T,_T,_T,_Z,_Z,_Z,2016,A,PPP,
8484.121173,P1Y,0,,A,PU,_Z,2,,,False,WB_WDI,WB_WDI_NY_GDP_PCAP_PP_CD,SWZ,_T,_T,_T,_Z,_Z,_Z,2016,A,PPP,
1857.549465,P1Y,0,,A,PU,_Z,2,,,False,WB_WDI,WB_WDI_NY_GDP_PCAP_PP_CD,ETH,_T,_T,_T,_Z,_Z,_Z,2016,A,PPP,
54318.303932,P1Y,0,,A,PU,_Z,2,,,False,WB_WDI,WB_WDI_NY_GDP_PCAP_PP_CD,FRO,_T,_T,_T,_Z,_Z,_Z,2016,A,PPP,
11765.537989,P1Y,0,,A,PU,_Z,2,,,False,WB_WDI,WB_WDI_NY_GDP_PCAP_PP_CD,FJI,_T,_T,_T,_Z,_Z,_Z,2016,A,PPP,
44562.401107,P1Y,0,,A,PU,_Z,2,,,False,WB_WDI,WB_WDI_NY_GDP_PCAP_PP_CD,FIN,_T,_T,_T,_Z,_Z,_Z,2016,A,PPP,
42880.235136,P1Y,0,,A,PU,_Z,2,,,False,WB_WDI,WB_WDI_NY_GDP_PCAP_PP_CD,FRA,_T,_T,_T,_Z,_Z,_Z,2016,A,PPP,
1866.389685,P1Y,0,,A,PU,_Z,2,,,False,WB_WDI,WB_WDI_NY_GDP_PCAP_PP_CD,RWA,_T,_T,_T,_Z,_Z,_Z,2016,A,PPP,
6141.45089,P1Y,0,,A,PU,_Z,2,,,False,WB_WDI,WB_WDI_NY_GDP_PCAP_PP_CD,WSM,_T,_T,_T,_Z,_Z,_Z,2016,A,PPP,
53033.056338,P1Y,0,,A,PU,_Z,2,,,False,WB_WDI,WB_WDI_NY_GDP_PCAP_PP_CD,SMR,_T,_T,_T,_Z,_Z,_Z,2016,A,PPP,
3319.542617,P1Y,0,,A,PU,_Z,2,,,False,WB_WDI,WB_WDI_NY_GDP_PCAP_PP_CD,STP,_T,_T,_T,_Z,_Z,_Z,2016,A,PPP,
49937.06681,P1Y,0,,A,PU,_Z,2,,,False,WB_WDI,WB_WDI_NY_GDP_PCAP_PP_CD,SAU,_T,_T,_T,_Z,_Z,_Z,2016,A,PPP,
3101.123485,P1Y,0,,A,PU,_Z,2,,,False,WB_WDI,WB_WDI_NY_GDP_PCAP_PP_CD,SEN,_T,_T,_T,_Z,_Z,_Z,2016,A,PPP,
16455.42612,P1Y,0,,A,PU,_Z,2,,,False,WB_WDI,WB_WDI_NY_GDP_PCAP_PP_CD,SRB,_T,_T,_T,_Z,_Z,_Z,2016,A,PPP,
28811.397033,P1Y,0,,A,PU,_Z,2,,,False,WB_WDI,WB_WDI_NY_GDP_PCAP_PP_CD,SYC,_T,_T,_T,_Z,_Z,_Z,2016,A,PPP,
2634.925243,P1Y,0,,A,PU,_Z,2,,,False,WB_WDI,WB_WDI_NY_GDP_PCAP_PP_CD,SLE,_T,_T,_T,_Z,_Z,_Z,2016,A,PPP,
89901.815917,P1Y,0,,A,PU,_Z,2,,,False,WB_WDI,WB_WDI_NY_GDP_PCAP_PP_CD,SGP,_T,_T,_T,_Z,_Z,_Z,2016,A,PPP,
44845.106869,P1Y,0,,A,PU,_Z,2,,,False,WB_WDI,WB_WDI_NY_GDP_PCAP_PP_CD,SXM,_T,_T,_T,_Z,_Z,_Z,2016,A,PPP,
10783.123641,P1Y,0,,A,PU,_Z,2,,,False,WB_WDI,WB_WDI_NY_GDP_PCAP_PP_CD,IRQ,_T,_T,_T,_Z,_Z,_Z,2007,A,PPP,
46782.376207,P1Y,0,,A,PU,_Z,2,,,False,WB_WDI,WB_WDI_NY_GDP_PCAP_PP_CD,IRL,_T,_T,_T,_Z,_Z,_Z,2007,A,PPP,
28307.448461,P1Y,0,,A,PU,_Z,2,,,False,WB_WDI,WB_WDI_NY_GDP_PCAP_PP_CD,ISR,_T,_T,_T,_Z,_Z,_Z,2007,A,PPP,
34107.507815,P1Y,0,,A,PU,_Z,2,,,False,WB_WDI,WB_WDI_NY_GDP_PCAP_PP_CD,ITA,_T,_T,_T,_Z,_Z,_Z,2007,A,PPP,
8892.782607,P1Y,0,,A,PU,_Z,2,,,False,WB_WDI,WB_WDI_NY_GDP_PCAP_PP_CD,JAM,_T,_T,_T,_Z,_Z,_Z,2007,A,PPP,
35015.328288,P1Y,0,,A,PU,_Z,2,,,False,WB_WDI,WB_WDI_NY_GDP_PCAP_PP_CD,JPN,_T,_T,_T,_Z,_Z,_Z,2007,A,PPP,
8415.71166,P1Y,0,,A,PU,_Z,2,,,False,WB_WDI,WB_WDI_NY_GDP_PCAP_PP_CD,JOR,_T,_T,_T,_Z,_Z,_Z,2007,A,PPP,
16581.224053,P1Y,0,,A,PU,_Z,2,,,False,WB_WDI,WB_WDI_NY_GDP_PCAP_PP_CD,KAZ,_T,_T,_T,_Z,_Z,_Z,2007,A,PPP,
2481.087061,P1Y,0,,A,PU,_Z,2,,,False,WB_WDI,WB_WDI_NY_GDP_PCAP_PP_CD,KEN,_T,_T,_T,_Z,_Z,_Z,2007,A,PPP,
1792.046512,P1Y,0,,A,PU,_Z,2,,,False,WB_WDI,WB_WDI_NY_GDP_PCAP_PP_CD,KIR,_T,_T,_T,_Z,_Z,_Z,2007,A,PPP,
16139.864997,P1Y,0,,A,PU,_Z,2,,,False,WB_WDI,WB_WDI_NY_GDP_PCAP_PP_CD,LBN,_T,_T,_T,_Z,_Z,_Z,2014,A,PPP,
2771.244969,P1Y,0,,A,PU,_Z,2,,,False,WB_WDI,WB_WDI_NY_GDP_PCAP_PP_CD,LSO,_T,_T,_T,_Z,_Z,_Z,2014,A,PPP,
1418.773555,P1Y,0,,A,PU,_Z,2,,,False,WB_WDI,WB_WDI_NY_GDP_PCAP_PP_CD,LBR,_T,_T,_T,_Z,_Z,_Z,2014,A,PPP,
17509.528509,P1Y,0,,A,PU,_Z,2,,,False,WB_WDI,WB_WDI_NY_GDP_PCAP_PP_CD,LBY,_T,_T,_T,_Z,_Z,_Z,2014,A,PPP,
26274.748876,P1Y,0,,A,PU,_Z,2,,,False,WB_WDI,WB_WDI_NY_GDP_PCAP_PP_CD,LTU,_T,_T,_T,_Z,_Z,_Z,2014,A,PPP,
105296.284588,P1Y,0,,A,PU,_Z,2,,,False,WB_WDI,WB_WDI_NY_GDP_PCAP_PP_CD,LUX,_T,_T,_T,_Z,_Z,_Z,2014,A,PPP,
145187.080794,P1Y,0,,A,PU,_Z,2,,,False,WB_WDI,WB_WDI_NY_GDP_PCAP_PP_CD,MAC,_T,_T,_T,_Z,_Z,_Z,2014,A,PPP,
1498.839769,P1Y,0,,A,PU,_Z,2,,,False,WB_WDI,WB_WDI_NY_GDP_PCAP_PP_CD,MDG,_T,_T,_T,_Z,_Z,_Z,2014,A,PPP,
1505.551904,P1Y,0,,A,PU,_Z,2,,,False,WB_WDI,WB_WDI_NY_GDP_PCAP_PP_CD,MWI,_T,_T,_T,_Z,_Z,_Z,2014,A,PPP,
24306.521234,P1Y,0,,A,PU,_Z,2,,,False,WB_WDI,WB_WDI_NY_GDP_PCAP_PP_CD,MYS,_T,_T,_T,_Z,_Z,_Z,2014,A,PPP,
16722.523853,P1Y,0,,A,PU,_Z,2,,,False,WB_WDI,WB_WDI_NY_GDP_PCAP_PP_CD,MDV,_T,_T,_T,_Z,_Z,_Z,2014,A,PPP,
16182.075348,P1Y,0,,A,PU,_Z,2,,,False,WB_WDI,WB_WDI_NY_GDP_PCAP_PP_CD,ARG,_T,_T,_T,_Z,_Z,_Z,2009,A,PPP,
6811.69248,P1Y,0,,A,PU,_Z,2,,,False,WB_WDI,WB_WDI_NY_GDP_PCAP_PP_CD,ARM,_T,_T,_T,_Z,_Z,_Z,2009,A,PPP,
34339.939156,P1Y,0,,A,PU,_Z,2,,,False,WB_WDI,WB_WDI_NY_GDP_PCAP_PP_CD,ABW,_T,_T,_T,_Z,_Z,_Z,2009,A,PPP,
40434.48909,P1Y,0,,A,PU,_Z,2,,,False,WB_WDI,WB_WDI_NY_GDP_PCAP_PP_CD,AUS,_T,_T,_T,_Z,_Z,_Z,2009,A,PPP,
40686.673636,P1Y,0,,A,PU,_Z,2,,,False,WB_WDI,WB_WDI_NY_GDP_PCAP_PP_CD,AUT,_T,_T,_T,_Z,_Z,_Z,2009,A,PPP,
14245.503537,P1Y,0,,A,PU,_Z,2,,,False,WB_WDI,WB_WDI_NY_GDP_PCAP_PP_CD,AZE,_T,_T,_T,_Z,_Z,_Z,2009,A,PPP,
29196.617847,P1Y,0,,A,PU,_Z,2,,,False,WB_WDI,WB_WDI_NY_GDP_PCAP_PP_CD,BHS,_T,_T,_T,_Z,_Z,_Z,2009,A,PPP,
48625.656923,P1Y,0,,A,PU,_Z,2,,,False,WB_WDI,WB_WDI_NY_GDP_PCAP_PP_CD,BHR,_T,_T,_T,_Z,_Z,_Z,2009,A,PPP,
2675.259459,P1Y,0,,A,PU,_Z,2,,,False,WB_WDI,WB_WDI_NY_GDP_PCAP_PP_CD,BGD,_T,_T,_T,_Z,_Z,_Z,2009,A,PPP,
20323.636702,P1Y,0,,A,PU,_Z,2,,,False,WB_WDI,WB_WDI_NY_GDP_PCAP_PP_CD,BRB,_T,_T,_T,_Z,_Z,_Z,2009,A,PPP,
14034.19112,P1Y,0,,A,PU,_Z,2,,,False,WB_WDI,WB_WDI_NY_GDP_PCAP_PP_CD,BLR,_T,_T,_T,_Z,_Z,_Z,2009,A,PPP,
9286.74986,P1Y,0,,A,PU,_Z,2,,,False,WB_WDI,WB_WDI_NY_GDP_PCAP_PP_CD,IBT,_T,_T,_T,_Z,_Z,_Z,2013,A,PPP,
5114.30069,P1Y,0,,A,PU,_Z,2,,,False,WB_WDI,WB_WDI_NY_GDP_PCAP_PP_CD,IDB,_T,_T,_T,_Z,_Z,_Z,2013,A,PPP,
2661.992991,P1Y,0,,A,PU,_Z,2,,,False,WB_WDI,WB_WDI_NY_GDP_PCAP_PP_CD,IDX,_T,_T,_T,_Z,_Z,_Z,2013,A,PPP,
3530.451523,P1Y,0,,A,PU,_Z,2,,,False,WB_WDI,WB_WDI_NY_GDP_PCAP_PP_CD,IDA,_T,_T,_T,_Z,_Z,_Z,2013,A,PPP,
14491.823516,P1Y,0,,A,PU,_Z,2,,,False,WB_WDI,WB_WDI_NY_GDP_PCAP_PP_CD,LTE,_T,_T,_T,_Z,_Z,_Z,2013,A,PPP,
15176.462203,P1Y,0,,A,PU,_Z,2,,,False,WB_WDI,WB_WDI_NY_GDP_PCAP_PP_CD,LCN,_T,_T,_T,_Z,_Z,_Z,2013,A,PPP,
14709.924032,P1Y,0,,A,PU,_Z,2,,,False,WB_WDI,WB_WDI_NY_GDP_PCAP_PP_CD,LAC,_T,_T,_T,_Z,_Z,_Z,2013,A,PPP,
15108.1056,P1Y,0,,A,PU,_Z,2,,,False,WB_WDI,WB_WDI_NY_GDP_PCAP_PP_CD,TLA,_T,_T,_T,_Z,_Z,_Z,2013,A,PPP,
2538.164422,P1Y,0,,A,PU,_Z,2,,,False,WB_WDI,WB_WDI_NY_GDP_PCAP_PP_CD,LDC,_T,_T,_T,_Z,_Z,_Z,2013,A,PPP,
8715.063549,P1Y,0,,A,PU,_Z,2,,,False,WB_WDI,WB_WDI_NY_GDP_PCAP_PP_CD,LMY,_T,_T,_T,_Z,_Z,_Z,2013,A,PPP,
1664.482412,P1Y,0,,A,PU,_Z,2,,,False,WB_WDI,WB_WDI_NY_GDP_PCAP_PP_CD,LIC,_T,_T,_T,_Z,_Z,_Z,2013,A,PPP,
5286.292675,P1Y,0,,A,PU,_Z,2,,,False,WB_WDI,WB_WDI_NY_GDP_PCAP_PP_CD,LMC,_T,_T,_T,_Z,_Z,_Z,2013,A,PPP,
12957.46362,P1Y,0,,A,PU,_Z,2,,,False,WB_WDI,WB_WDI_NY_GDP_PCAP_PP_CD,MEA,_T,_T,_T,_Z,_Z,_Z,2013,A,PPP,
44959.169464,P1Y,0,,A,PU,_Z,2,,,False,WB_WDI,WB_WDI_NY_GDP_PCAP_PP_CD,NLD,_T,_T,_T,_Z,_Z,_Z,2009,A,PPP,
30746.155166,P1Y,0,,A,PU,_Z,2,,,False,WB_WDI,WB_WDI_NY_GDP_PCAP_PP_CD,NZL,_T,_T,_T,_Z,_Z,_Z,2009,A,PPP,
3879.669882,P1Y,0,,A,PU,_Z,2,,,False,WB_WDI,WB_WDI_NY_GDP_PCAP_PP_CD,NIC,_T,_T,_T,_Z,_Z,_Z,2009,A,PPP,
998.792502,P1Y,0,,A,PU,_Z,2,,,False,WB_WDI,WB_WDI_NY_GDP_PCAP_PP_CD,NER,_T,_T,_T,_Z,_Z,_Z,2009,A,PPP,
5927.461118,P1Y,0,,A,PU,_Z,2,,,False,WB_WDI,WB_WDI_NY_GDP_PCAP_PP_CD,NGA,_T,_T,_T,_Z,_Z,_Z,2009,A,PPP,
11532.136403,P1Y,0,,A,PU,_Z,2,,,False,WB_WDI,WB_WDI_NY_GDP_PCAP_PP_CD,MKD,_T,_T,_T,_Z,_Z,_Z,2009,A,PPP,
55647.614794,P1Y,0,,A,PU,_Z,2,,,False,WB_WDI,WB_WDI_NY_GDP_PCAP_PP_CD,NOR,_T,_T,_T,_Z,_Z,_Z,2009,A,PPP,
55127.467772,P1Y,0,,A,PU,_Z,2,,,False,WB_WDI,WB_WDI_NY_GDP_PCAP_PP_CD,OMN,_T,_T,_T,_Z,_Z,_Z,2009,A,PPP,
3777.090986,P1Y,0,,A,PU,_Z,2,,,False,WB_WDI,WB_WDI_NY_GDP_PCAP_PP_CD,PAK,_T,_T,_T,_Z,_Z,_Z,2009,A,PPP,
13414.35449,P1Y,0,,A,PU,_Z,2,,,False,WB_WDI,WB_WDI_NY_GDP_PCAP_PP_CD,PLW,_T,_T,_T,_Z,_Z,_Z,2009,A,PPP,
14765.738019,P1Y,0,,A,PU,_Z,2,,,False,WB_WDI,WB_WDI_NY_GDP_PCAP_PP_CD,PAN,_T,_T,_T,_Z,_Z,_Z,2009,A,PPP,
1369.689171,P1Y,0,,A,PU,_Z,2,,,False,WB_WDI,WB_WDI_NY_GDP_PCAP_PP_CD,GNB,_T,_T,_T,_Z,_Z,_Z,2010,A,PPP,
9336.598302,P1Y,0,,A,PU,_Z,2,,,False,WB_WDI,WB_WDI_NY_GDP_PCAP_PP_CD,GUY,_T,_T,_T,_Z,_Z,_Z,2010,A,PPP,
2694.911041,P1Y,0,,A,PU,_Z,2,,,False,WB_WDI,WB_WDI_NY_GDP_PCAP_PP_CD,HTI,_T,_T,_T,_Z,_Z,_Z,2010,A,PPP,
3757.546421,P1Y,0,,A,PU,_Z,2,,,False,WB_WDI,WB_WDI_NY_GDP_PCAP_PP_CD,HND,_T,_T,_T,_Z,_Z,_Z,2010,A,PPP,
49197.646934,P1Y,0,,A,PU,_Z,2,,,False,WB_WDI,WB_WDI_NY_GDP_PCAP_PP_CD,HKG,_T,_T,_T,_Z,_Z,_Z,2010,A,PPP,
21690.986648,P1Y,0,,A,PU,_Z,2,,,False,WB_WDI,WB_WDI_NY_GDP_PCAP_PP_CD,HUN,_T,_T,_T,_Z,_Z,_Z,2010,A,PPP,
39763.988896,P1Y,0,,A,PU,_Z,2,,,False,WB_WDI,WB_WDI_NY_GDP_PCAP_PP_CD,ISL,_T,_T,_T,_Z,_Z,_Z,2010,A,PPP,
4206.45986,P1Y,0,,A,PU,_Z,2,,,False,WB_WDI,WB_WDI_NY_GDP_PCAP_PP_CD,IND,_T,_T,_T,_Z,_Z,_Z,2010,A,PPP,
8353.456847,P1Y,0,,A,PU,_Z,2,,,False,WB_WDI,WB_WDI_NY_GDP_PCAP_PP_CD,IDN,_T,_T,_T,_Z,_Z,_Z,2010,A,PPP,
18627.815202,P1Y,0,,A,PU,_Z,2,,,False,WB_WDI,WB_WDI_NY_GDP_PCAP_PP_CD,IRN,_T,_T,_T,_Z,_Z,_Z,2010,A,PPP,
35612.44003,P1Y,0,,A,PU,_Z,2,,,False,WB_WDI,WB_WDI_NY_GDP_PCAP_PP_CD,ISL,_T,_T,_T,_Z,_Z,_Z,2004,A,PPP,
2681.861168,P1Y,0,,A,PU,_Z,2,,,False,WB_WDI,WB_WDI_NY_GDP_PCAP_PP_CD,IND,_T,_T,_T,_Z,_Z,_Z,2004,A,PPP,
5700.049495,P1Y,0,,A,PU,_Z,2,,,False,WB_WDI,WB_WDI_NY_GDP_PCAP_PP_CD,IDN,_T,_T,_T,_Z,_Z,_Z,2004,A,PPP,
14425.416999,P1Y,0,,A,PU,_Z,2,,,False,WB_WDI,WB_WDI_NY_GDP_PCAP_PP_CD,IRN,_T,_T,_T,_Z,_Z,_Z,2004,A,PPP,
9289.742246,P1Y,0,,A,PU,_Z,2,,,False,WB_WDI,WB_WDI_NY_GDP_PCAP_PP_CD,IRQ,_T,_T,_T,_Z,_Z,_Z,2004,A,PPP,
38729.24682,P1Y,0,,A,PU,_Z,2,,,False,WB_WDI,WB_WDI_NY_GDP_PCAP_PP_CD,IRL,_T,_T,_T,_Z,_Z,_Z,2004,A,PPP,
26077.503483,P1Y,0,,A,PU,_Z,2,,,False,WB_WDI,WB_WDI_NY_GDP_PCAP_PP_CD,ISR,_T,_T,_T,_Z,_Z,_Z,2004,A,PPP,
29580.843904,P1Y,0,,A,PU,_Z,2,,,False,WB_WDI,WB_WDI_NY_GDP_PCAP_PP_CD,ITA,_T,_T,_T,_Z,_Z,_Z,2004,A,PPP,
7853.864243,P1Y,0,,A,PU,_Z,2,,,False,WB_WDI,WB_WDI_NY_GDP_PCAP_PP_CD,JAM,_T,_T,_T,_Z,_Z,_Z,2004,A,PPP,
30831.50791,P1Y,0,,A,PU,_Z,2,,,False,WB_WDI,WB_WDI_NY_GDP_PCAP_PP_CD,JPN,_T,_T,_T,_Z,_Z,_Z,2004,A,PPP,
7073.845816,P1Y,0,,A,PU,_Z,2,,,False,WB_WDI,WB_WDI_NY_GDP_PCAP_PP_CD,JOR,_T,_T,_T,_Z,_Z,_Z,2004,A,PPP,
11777.111957,P1Y,0,,A,PU,_Z,2,,,False,WB_WDI,WB_WDI_NY_GDP_PCAP_PP_CD,KAZ,_T,_T,_T,_Z,_Z,_Z,2004,A,PPP,
6784.44713,P1Y,0,,A,PU,_Z,2,,,False,WB_WDI,WB_WDI_NY_GDP_PCAP_PP_CD,GTM,_T,_T,_T,_Z,_Z,_Z,2011,A,PPP,
1705.271104,P1Y,0,,A,PU,_Z,2,,,False,WB_WDI,WB_WDI_NY_GDP_PCAP_PP_CD,GIN,_T,_T,_T,_Z,_Z,_Z,2011,A,PPP,
1471.762799,P1Y,0,,A,PU,_Z,2,,,False,WB_WDI,WB_WDI_NY_GDP_PCAP_PP_CD,GNB,_T,_T,_T,_Z,_Z,_Z,2011,A,PPP,
10066.072975,P1Y,0,,A,PU,_Z,2,,,False,WB_WDI,WB_WDI_NY_GDP_PCAP_PP_CD,GUY,_T,_T,_T,_Z,_Z,_Z,2011,A,PPP,
2858.19646,P1Y,0,,A,PU,_Z,2,,,False,WB_WDI,WB_WDI_NY_GDP_PCAP_PP_CD,HTI,_T,_T,_T,_Z,_Z,_Z,2011,A,PPP,
3900.711362,P1Y,0,,A,PU,_Z,2,,,False,WB_WDI,WB_WDI_NY_GDP_PCAP_PP_CD,HND,_T,_T,_T,_Z,_Z,_Z,2011,A,PPP,
52277.466443,P1Y,0,,A,PU,_Z,2,,,False,WB_WDI,WB_WDI_NY_GDP_PCAP_PP_CD,HKG,_T,_T,_T,_Z,_Z,_Z,2011,A,PPP,
22992.218466,P1Y,0,,A,PU,_Z,2,,,False,WB_WDI,WB_WDI_NY_GDP_PCAP_PP_CD,HUN,_T,_T,_T,_Z,_Z,_Z,2011,A,PPP,
40936.867831,P1Y,0,,A,PU,_Z,2,,,False,WB_WDI,WB_WDI_NY_GDP_PCAP_PP_CD,ISL,_T,_T,_T,_Z,_Z,_Z,2011,A,PPP,
4454.701532,P1Y,0,,A,PU,_Z,2,,,False,WB_WDI,WB_WDI_NY_GDP_PCAP_PP_CD,IND,_T,_T,_T,_Z,_Z,_Z,2011,A,PPP,
8936.992155,P1Y,0,,A,PU,_Z,2,,,False,WB_WDI,WB_WDI_NY_GDP_PCAP_PP_CD,IDN,_T,_T,_T,_Z,_Z,_Z,2011,A,PPP,
4235.120413,P1Y,0,,A,PU,_Z,2,,,False,WB_WDI,WB_WDI_NY_GDP_PCAP_PP_CD,TON,_T,_T,_T,_Z,_Z,_Z,2004,A,PPP,
20673.745845,P1Y,0,,A,PU,_Z,2,,,False,WB_WDI,WB_WDI_NY_GDP_PCAP_PP_CD,TTO,_T,_T,_T,_Z,_Z,_Z,2004,A,PPP,
7671.84536,P1Y,0,,A,PU,_Z,2,,,False,WB_WDI,WB_WDI_NY_GDP_PCAP_PP_CD,TUN,_T,_T,_T,_Z,_Z,_Z,2004,A,PPP,
10759.336343,P1Y,0,,A,PU,_Z,2,,,False,WB_WDI,WB_WDI_NY_GDP_PCAP_PP_CD,TUR,_T,_T,_T,_Z,_Z,_Z,2004,A,PPP,
4798.153174,P1Y,0,,A,PU,_Z,2,,,False,WB_WDI,WB_WDI_NY_GDP_PCAP_PP_CD,TKM,_T,_T,_T,_Z,_Z,_Z,2004,A,PPP,
2764.913896,P1Y,0,,A,PU,_Z,2,,,False,WB_WDI,WB_WDI_NY_GDP_PCAP_PP_CD,TUV,_T,_T,_T,_Z,_Z,_Z,2004,A,PPP,
1405.242884,P1Y,0,,A,PU,_Z,2,,,False,WB_WDI,WB_WDI_NY_GDP_PCAP_PP_CD,UGA,_T,_T,_T,_Z,_Z,_Z,2004,A,PPP,
6663.467285,P1Y,0,,A,PU,_Z,2,,,False,WB_WDI,WB_WDI_NY_GDP_PCAP_PP_CD,UKR,_T,_T,_T,_Z,_Z,_Z,2004,A,PPP,
98661.437056,P1Y,0,,A,PU,_Z,2,,,False,WB_WDI,WB_WDI_NY_GDP_PCAP_PP_CD,ARE,_T,_T,_T,_Z,_Z,_Z,2004,A,PPP,
32051.184728,P1Y,0,,A,PU,_Z,2,,,False,WB_WDI,WB_WDI_NY_GDP_PCAP_PP_CD,GBR,_T,_T,_T,_Z,_Z,_Z,2004,A,PPP,
41724.641198,P1Y,0,,A,PU,_Z,2,,,False,WB_WDI,WB_WDI_NY_GDP_PCAP_PP_CD,USA,_T,_T,_T,_Z,_Z,_Z,2004,A,PPP,
11103.11259,P1Y,0,,A,PU,_Z,2,,,False,WB_WDI,WB_WDI_NY_GDP_PCAP_PP_CD,URY,_T,_T,_T,_Z,_Z,_Z,2004,A,PPP,
33929.293683,P1Y,0,,A,PU,_Z,2,,,False,WB_WDI,WB_WDI_NY_GDP_PCAP_PP_CD,CAN,_T,_T,_T,_Z,_Z,_Z,2004,A,PPP,
690.426514,P1Y,0,,A,PU,_Z,2,,,False,WB_WDI,WB_WDI_NY_GDP_PCAP_PP_CD,CAF,_T,_T,_T,_Z,_Z,_Z,2004,A,PPP,
1808.212022,P1Y,0,,A,PU,_Z,2,,,False,WB_WDI,WB_WDI_NY_GDP_PCAP_PP_CD,TCD,_T,_T,_T,_Z,_Z,_Z,2004,A,PPP,
11612.436878,P1Y,0,,A,PU,_Z,2,,,False,WB_WDI,WB_WDI_NY_GDP_PCAP_PP_CD,CHL,_T,_T,_T,_Z,_Z,_Z,2004,A,PPP,
4504.929372,P1Y,0,,A,PU,_Z,2,,,False,WB_WDI,WB_WDI_NY_GDP_PCAP_PP_CD,CHN,_T,_T,_T,_Z,_Z,_Z,2004,A,PPP,
7909.346352,P1Y,0,,A,PU,_Z,2,,,False,WB_WDI,WB_WDI_NY_GDP_PCAP_PP_CD,COL,_T,_T,_T,_Z,_Z,_Z,2004,A,PPP,
2024.852645,P1Y,0,,A,PU,_Z,2,,,False,WB_WDI,WB_WDI_NY_GDP_PCAP_PP_CD,COM,_T,_T,_T,_Z,_Z,_Z,2004,A,PPP,
455.866557,P1Y,0,,A,PU,_Z,2,,,False,WB_WDI,WB_WDI_NY_GDP_PCAP_PP_CD,COD,_T,_T,_T,_Z,_Z,_Z,2004,A,PPP,
3991.511247,P1Y,0,,A,PU,_Z,2,,,False,WB_WDI,WB_WDI_NY_GDP_PCAP_PP_CD,COG,_T,_T,_T,_Z,_Z,_Z,2004,A,PPP,
9365.327754,P1Y,0,,A,PU,_Z,2,,,False,WB_WDI,WB_WDI_NY_GDP_PCAP_PP_CD,CRI,_T,_T,_T,_Z,_Z,_Z,2004,A,PPP,
2794.173257,P1Y,0,,A,PU,_Z,2,,,False,WB_WDI,WB_WDI_NY_GDP_PCAP_PP_CD,CIV,_T,_T,_T,_Z,_Z,_Z,2004,A,PPP,
5784.930811,P1Y,0,,A,PU,_Z,2,,,False,WB_WDI,WB_WDI_NY_GDP_PCAP_PP_CD,HND,_T,_T,_T,_Z,_Z,_Z,2019,A,PPP,
61221.41954,P1Y,0,,A,PU,_Z,2,,,False,WB_WDI,WB_WDI_NY_GDP_PCAP_PP_CD,HKG,_T,_T,_T,_Z,_Z,_Z,2019,A,PPP,
35627.231552,P1Y,0,,A,PU,_Z,2,,,False,WB_WDI,WB_WDI_NY_GDP_PCAP_PP_CD,HUN,_T,_T,_T,_Z,_Z,_Z,2019,A,PPP,
60523.817944,P1Y,0,,A,PU,_Z,2,,,False,WB_WDI,WB_WDI_NY_GDP_PCAP_PP_CD,ISL,_T,_T,_T,_Z,_Z,_Z,2019,A,PPP,
7150.924235,P1Y,0,,A,PU,_Z,2,,,False,WB_WDI,WB_WDI_NY_GDP_PCAP_PP_CD,IND,_T,_T,_T,_Z,_Z,_Z,2019,A,PPP,
11986.470151,P1Y,0,,A,PU,_Z,2,,,False,WB_WDI,WB_WDI_NY_GDP_PCAP_PP_CD,IDN,_T,_T,_T,_Z,_Z,_Z,2019,A,PPP,
13927.512807,P1Y,0,,A,PU,_Z,2,,,False,WB_WDI,WB_WDI_NY_GDP_PCAP_PP_CD,IRN,_T,_T,_T,_Z,_Z,_Z,2019,A,PPP,
12248.591739,P1Y,0,,A,PU,_Z,2,,,False,WB_WDI,WB_WDI_NY_GDP_PCAP_PP_CD,IRQ,_T,_T,_T,_Z,_Z,_Z,2019,A,PPP,
92022.5988,P1Y,0,,A,PU,_Z,2,,,False,WB_WDI,WB_WDI_NY_GDP_PCAP_PP_CD,IRL,_T,_T,_T,_Z,_Z,_Z,2019,A,PPP,
41325.178366,P1Y,0,,A,PU,_Z,2,,,False,WB_WDI,WB_WDI_NY_GDP_PCAP_PP_CD,ISR,_T,_T,_T,_Z,_Z,_Z,2019,A,PPP,
15463.742639,P1Y,0,,A,PU,_Z,2,,,False,WB_WDI,WB_WDI_NY_GDP_PCAP_PP_CD,BRA,_T,_T,_T,_Z,_Z,_Z,2018,A,PPP,
65148.826404,P1Y,0,,A,PU,_Z,2,,,False,WB_WDI,WB_WDI_NY_GDP_PCAP_PP_CD,BRN,_T,_T,_T,_Z,_Z,_Z,2018,A,PPP,
23997.68769,P1Y,0,,A,PU,_Z,2,,,False,WB_WDI,WB_WDI_NY_GDP_PCAP_PP_CD,BGR,_T,_T,_T,_Z,_Z,_Z,2018,A,PPP,
2073.323538,P1Y,0,,A,PU,_Z,2,,,False,WB_WDI,WB_WDI_NY_GDP_PCAP_PP_CD,BFA,_T,_T,_T,_Z,_Z,_Z,2018,A,PPP,
823.013102,P1Y,0,,A,PU,_Z,2,,,False,WB_WDI,WB_WDI_NY_GDP_PCAP_PP_CD,BDI,_T,_T,_T,_Z,_Z,_Z,2018,A,PPP,
7916.421153,P1Y,0,,A,PU,_Z,2,,,False,WB_WDI,WB_WDI_NY_GDP_PCAP_PP_CD,CPV,_T,_T,_T,_Z,_Z,_Z,2018,A,PPP,
5616.98087,P1Y,0,,A,PU,_Z,2,,,False,WB_WDI,WB_WDI_NY_GDP_PCAP_PP_CD,KHM,_T,_T,_T,_Z,_Z,_Z,2018,A,PPP,
4010.763601,P1Y,0,,A,PU,_Z,2,,,False,WB_WDI,WB_WDI_NY_GDP_PCAP_PP_CD,CMR,_T,_T,_T,_Z,_Z,_Z,2018,A,PPP,
49982.599912,P1Y,0,,A,PU,_Z,2,,,False,WB_WDI,WB_WDI_NY_GDP_PCAP_PP_CD,CAN,_T,_T,_T,_Z,_Z,_Z,2018,A,PPP,
71811.892496,P1Y,0,,A,PU,_Z,2,,,False,WB_WDI,WB_WDI_NY_GDP_PCAP_PP_CD,CYM,_T,_T,_T,_Z,_Z,_Z,2018,A,PPP,
30739.957229,P1Y,0,,A,PU,_Z,2,,,False,WB_WDI,WB_WDI_NY_GDP_PCAP_PP_CD,KOR,_T,_T,_T,_Z,_Z,_Z,2009,A,PPP,
6736.761089,P1Y,0,,A,PU,_Z,2,,,False,WB_WDI,WB_WDI_NY_GDP_PCAP_PP_CD,XKX,_T,_T,_T,_Z,_Z,_Z,2009,A,PPP,
80110.069807,P1Y,0,,A,PU,_Z,2,,,False,WB_WDI,WB_WDI_NY_GDP_PCAP_PP_CD,KWT,_T,_T,_T,_Z,_Z,_Z,2009,A,PPP,
3096.938141,P1Y,0,,A,PU,_Z,2,,,False,WB_WDI,WB_WDI_NY_GDP_PCAP_PP_CD,KGZ,_T,_T,_T,_Z,_Z,_Z,2009,A,PPP,
3485.068277,P1Y,0,,A,PU,_Z,2,,,False,WB_WDI,WB_WDI_NY_GDP_PCAP_PP_CD,LAO,_T,_T,_T,_Z,_Z,_Z,2009,A,PPP,
15545.082134,P1Y,0,,A,PU,_Z,2,,,False,WB_WDI,WB_WDI_NY_GDP_PCAP_PP_CD,LVA,_T,_T,_T,_Z,_Z,_Z,2009,A,PPP,
13586.144483,P1Y,0,,A,PU,_Z,2,,,False,WB_WDI,WB_WDI_NY_GDP_PCAP_PP_CD,LBN,_T,_T,_T,_Z,_Z,_Z,2009,A,PPP,
2036.263086,P1Y,0,,A,PU,_Z,2,,,False,WB_WDI,WB_WDI_NY_GDP_PCAP_PP_CD,LSO,_T,_T,_T,_Z,_Z,_Z,2009,A,PPP,
939.49629,P1Y,0,,A,PU,_Z,2,,,False,WB_WDI,WB_WDI_NY_GDP_PCAP_PP_CD,LBR,_T,_T,_T,_Z,_Z,_Z,2009,A,PPP,
29027.146807,P1Y,0,,A,PU,_Z,2,,,False,WB_WDI,WB_WDI_NY_GDP_PCAP_PP_CD,LBY,_T,_T,_T,_Z,_Z,_Z,2009,A,PPP,
17054.636557,P1Y,0,,A,PU,_Z,2,,,False,WB_WDI,WB_WDI_NY_GDP_PCAP_PP_CD,LTU,_T,_T,_T,_Z,_Z,_Z,2009,A,PPP,
17259.401801,P1Y,0,,A,PU,_Z,2,,,False,WB_WDI,WB_WDI_NY_GDP_PCAP_PP_CD,MUS,_T,_T,_T,_Z,_Z,_Z,2012,A,PPP,
18004.793561,P1Y,0,,A,PU,_Z,2,,,False,WB_WDI,WB_WDI_NY_GDP_PCAP_PP_CD,MEX,_T,_T,_T,_Z,_Z,_Z,2012,A,PPP,
3238.404861,P1Y,0,,A,PU,_Z,2,,,False,WB_WDI,WB_WDI_NY_GDP_PCAP_PP_CD,FSM,_T,_T,_T,_Z,_Z,_Z,2012,A,PPP,
7254.66249,P1Y,0,,A,PU,_Z,2,,,False,WB_WDI,WB_WDI_NY_GDP_PCAP_PP_CD,MDA,_T,_T,_T,_Z,_Z,_Z,2012,A,PPP,
10151.7218,P1Y,0,,A,PU,_Z,2,,,False,WB_WDI,WB_WDI_NY_GDP_PCAP_PP_CD,MNG,_T,_T,_T,_Z,_Z,_Z,2012,A,PPP,
13792.573175,P1Y,0,,A,PU,_Z,2,,,False,WB_WDI,WB_WDI_NY_GDP_PCAP_PP_CD,MNE,_T,_T,_T,_Z,_Z,_Z,2012,A,PPP,
7307.612305,P1Y,0,,A,PU,_Z,2,,,False,WB_WDI,WB_WDI_NY_GDP_PCAP_PP_CD,MAR,_T,_T,_T,_Z,_Z,_Z,2012,A,PPP,
1075.877861,P1Y,0,,A,PU,_Z,2,,,False,WB_WDI,WB_WDI_NY_GDP_PCAP_PP_CD,MOZ,_T,_T,_T,_Z,_Z,_Z,2012,A,PPP,
3845.152842,P1Y,0,,A,PU,_Z,2,,,False,WB_WDI,WB_WDI_NY_GDP_PCAP_PP_CD,MMR,_T,_T,_T,_Z,_Z,_Z,2012,A,PPP,
9363.766323,P1Y,0,,A,PU,_Z,2,,,False,WB_WDI,WB_WDI_NY_GDP_PCAP_PP_CD,NAM,_T,_T,_T,_Z,_Z,_Z,2012,A,PPP,
10493.745117,P1Y,0,,A,PU,_Z,2,,,False,WB_WDI,WB_WDI_NY_GDP_PCAP_PP_CD,UKR,_T,_T,_T,_Z,_Z,_Z,2014,A,PPP,
87477.734196,P1Y,0,,A,PU,_Z,2,,,False,WB_WDI,WB_WDI_NY_GDP_PCAP_PP_CD,ARE,_T,_T,_T,_Z,_Z,_Z,2014,A,PPP,
41266.81978,P1Y,0,,A,PU,_Z,2,,,False,WB_WDI,WB_WDI_NY_GDP_PCAP_PP_CD,GBR,_T,_T,_T,_Z,_Z,_Z,2014,A,PPP,
55153.394018,P1Y,0,,A,PU,_Z,2,,,False,WB_WDI,WB_WDI_NY_GDP_PCAP_PP_CD,USA,_T,_T,_T,_Z,_Z,_Z,2014,A,PPP,
21867.811228,P1Y,0,,A,PU,_Z,2,,,False,WB_WDI,WB_WDI_NY_GDP_PCAP_PP_CD,URY,_T,_T,_T,_Z,_Z,_Z,2014,A,PPP,
6609.767173,P1Y,0,,A,PU,_Z,2,,,False,WB_WDI,WB_WDI_NY_GDP_PCAP_PP_CD,UZB,_T,_T,_T,_Z,_Z,_Z,2014,A,PPP,
2890.131038,P1Y,0,,A,PU,_Z,2,,,False,WB_WDI,WB_WDI_NY_GDP_PCAP_PP_CD,VUT,_T,_T,_T,_Z,_Z,_Z,2014,A,PPP,
7296.879481,P1Y,0,,A,PU,_Z,2,,,False,WB_WDI,WB_WDI_NY_GDP_PCAP_PP_CD,VNM,_T,_T,_T,_Z,_Z,_Z,2014,A,PPP,
32360.900383,P1Y,0,,A,PU,_Z,2,,,False,WB_WDI,WB_WDI_NY_GDP_PCAP_PP_CD,VIR,_T,_T,_T,_Z,_Z,_Z,2014,A,PPP,
5381.63691,P1Y,0,,A,PU,_Z,2,,,False,WB_WDI,WB_WDI_NY_GDP_PCAP_PP_CD,PSE,_T,_T,_T,_Z,_Z,_Z,2014,A,PPP,
1613.698845,P1Y,0,,A,PU,_Z,2,,,False,WB_WDI,WB_WDI_NY_GDP_PCAP_PP_CD,GIN,_T,_T,_T,_Z,_Z,_Z,2008,A,PPP,
1308.535567,P1Y,0,,A,PU,_Z,2,,,False,WB_WDI,WB_WDI_NY_GDP_PCAP_PP_CD,GNB,_T,_T,_T,_Z,_Z,_Z,2008,A,PPP,
8436.514384,P1Y,0,,A,PU,_Z,2,,,False,WB_WDI,WB_WDI_NY_GDP_PCAP_PP_CD,GUY,_T,_T,_T,_Z,_Z,_Z,2008,A,PPP,
2724.459228,P1Y,0,,A,PU,_Z,2,,,False,WB_WDI,WB_WDI_NY_GDP_PCAP_PP_CD,HTI,_T,_T,_T,_Z,_Z,_Z,2008,A,PPP,
3806.347064,P1Y,0,,A,PU,_Z,2,,,False,WB_WDI,WB_WDI_NY_GDP_PCAP_PP_CD,HND,_T,_T,_T,_Z,_Z,_Z,2008,A,PPP,
46830.23848,P1Y,0,,A,PU,_Z,2,,,False,WB_WDI,WB_WDI_NY_GDP_PCAP_PP_CD,HKG,_T,_T,_T,_Z,_Z,_Z,2008,A,PPP,
20708.761512,P1Y,0,,A,PU,_Z,2,,,False,WB_WDI,WB_WDI_NY_GDP_PCAP_PP_CD,HUN,_T,_T,_T,_Z,_Z,_Z,2008,A,PPP,
43728.114056,P1Y,0,,A,PU,_Z,2,,,False,WB_WDI,WB_WDI_NY_GDP_PCAP_PP_CD,ISL,_T,_T,_T,_Z,_Z,_Z,2008,A,PPP,
3633.367832,P1Y,0,,A,PU,_Z,2,,,False,WB_WDI,WB_WDI_NY_GDP_PCAP_PP_CD,IND,_T,_T,_T,_Z,_Z,_Z,2008,A,PPP,
7569.253047,P1Y,0,,A,PU,_Z,2,,,False,WB_WDI,WB_WDI_NY_GDP_PCAP_PP_CD,IDN,_T,_T,_T,_Z,_Z,_Z,2008,A,PPP,
17548.673776,P1Y,0,,A,PU,_Z,2,,,False,WB_WDI,WB_WDI_NY_GDP_PCAP_PP_CD,IRN,_T,_T,_T,_Z,_Z,_Z,2008,A,PPP,
33944.251188,P1Y,0,,A,PU,_Z,2,,,False,WB_WDI,WB_WDI_NY_GDP_PCAP_PP_CD,KOR,_T,_T,_T,_Z,_Z,_Z,2011,A,PPP,
7776.473931,P1Y,0,,A,PU,_Z,2,,,False,WB_WDI,WB_WDI_NY_GDP_PCAP_PP_CD,XKX,_T,_T,_T,_Z,_Z,_Z,2011,A,PPP,
79036.785744,P1Y,0,,A,PU,_Z,2,,,False,WB_WDI,WB_WDI_NY_GDP_PCAP_PP_CD,KWT,_T,_T,_T,_Z,_Z,_Z,2011,A,PPP,
3278.351022,P1Y,0,,A,PU,_Z,2,,,False,WB_WDI,WB_WDI_NY_GDP_PCAP_PP_CD,KGZ,_T,_T,_T,_Z,_Z,_Z,2011,A,PPP,
4099.784573,P1Y,0,,A,PU,_Z,2,,,False,WB_WDI,WB_WDI_NY_GDP_PCAP_PP_CD,LAO,_T,_T,_T,_Z,_Z,_Z,2011,A,PPP,
17680.493963,P1Y,0,,A,PU,_Z,2,,,False,WB_WDI,WB_WDI_NY_GDP_PCAP_PP_CD,LVA,_T,_T,_T,_Z,_Z,_Z,2011,A,PPP,
14974.553439,P1Y,0,,A,PU,_Z,2,,,False,WB_WDI,WB_WDI_NY_GDP_PCAP_PP_CD,LBN,_T,_T,_T,_Z,_Z,_Z,2011,A,PPP,
2278.501428,P1Y,0,,A,PU,_Z,2,,,False,WB_WDI,WB_WDI_NY_GDP_PCAP_PP_CD,LSO,_T,_T,_T,_Z,_Z,_Z,2011,A,PPP,
1040.761414,P1Y,0,,A,PU,_Z,2,,,False,WB_WDI,WB_WDI_NY_GDP_PCAP_PP_CD,LBR,_T,_T,_T,_Z,_Z,_Z,2011,A,PPP,
15698.051907,P1Y,0,,A,PU,_Z,2,,,False,WB_WDI,WB_WDI_NY_GDP_PCAP_PP_CD,LBY,_T,_T,_T,_Z,_Z,_Z,2011,A,PPP,
5081.380056,P1Y,0,,A,PU,_Z,2,,,False,WB_WDI,WB_WDI_NY_GDP_PCAP_PP_CD,GTM,_T,_T,_T,_Z,_Z,_Z,2003,A,PPP,
1327.967765,P1Y,0,,A,PU,_Z,2,,,False,WB_WDI,WB_WDI_NY_GDP_PCAP_PP_CD,GIN,_T,_T,_T,_Z,_Z,_Z,2003,A,PPP,
1088.742657,P1Y,0,,A,PU,_Z,2,,,False,WB_WDI,WB_WDI_NY_GDP_PCAP_PP_CD,GNB,_T,_T,_T,_Z,_Z,_Z,2003,A,PPP,
6392.333158,P1Y,0,,A,PU,_Z,2,,,False,WB_WDI,WB_WDI_NY_GDP_PCAP_PP_CD,GUY,_T,_T,_T,_Z,_Z,_Z,2003,A,PPP,
2330.918739,P1Y,0,,A,PU,_Z,2,,,False,WB_WDI,WB_WDI_NY_GDP_PCAP_PP_CD,HTI,_T,_T,_T,_Z,_Z,_Z,2003,A,PPP,
2820.714044,P1Y,0,,A,PU,_Z,2,,,False,WB_WDI,WB_WDI_NY_GDP_PCAP_PP_CD,HND,_T,_T,_T,_Z,_Z,_Z,2003,A,PPP,
31178.68301,P1Y,0,,A,PU,_Z,2,,,False,WB_WDI,WB_WDI_NY_GDP_PCAP_PP_CD,HKG,_T,_T,_T,_Z,_Z,_Z,2003,A,PPP,
15459.963065,P1Y,0,,A,PU,_Z,2,,,False,WB_WDI,WB_WDI_NY_GDP_PCAP_PP_CD,HUN,_T,_T,_T,_Z,_Z,_Z,2003,A,PPP,
32696.883941,P1Y,0,,A,PU,_Z,2,,,False,WB_WDI,WB_WDI_NY_GDP_PCAP_PP_CD,ISL,_T,_T,_T,_Z,_Z,_Z,2003,A,PPP,
2461.482516,P1Y,0,,A,PU,_Z,2,,,False,WB_WDI,WB_WDI_NY_GDP_PCAP_PP_CD,IND,_T,_T,_T,_Z,_Z,_Z,2003,A,PPP,
5352.507504,P1Y,0,,A,PU,_Z,2,,,False,WB_WDI,WB_WDI_NY_GDP_PCAP_PP_CD,IDN,_T,_T,_T,_Z,_Z,_Z,2003,A,PPP,
13754.906513,P1Y,0,,A,PU,_Z,2,,,False,WB_WDI,WB_WDI_NY_GDP_PCAP_PP_CD,IRN,_T,_T,_T,_Z,_Z,_Z,2003,A,PPP,
8319.979441,P1Y,0,,A,PU,_Z,2,,,False,WB_WDI,WB_WDI_NY_GDP_PCAP_PP_CD,NIC,_T,_T,_T,_Z,_Z,_Z,2023,A,PPP,
1875.153068,P1Y,0,,A,PU,_Z,2,,,False,WB_WDI,WB_WDI_NY_GDP_PCAP_PP_CD,NER,_T,_T,_T,_Z,_Z,_Z,2023,A,PPP,
8705.434267,P1Y,0,,A,PU,_Z,2,,,False,WB_WDI,WB_WDI_NY_GDP_PCAP_PP_CD,NGA,_T,_T,_T,_Z,_Z,_Z,2023,A,PPP,
25354.103506,P1Y,0,,A,PU,_Z,2,,,False,WB_WDI,WB_WDI_NY_GDP_PCAP_PP_CD,MKD,_T,_T,_T,_Z,_Z,_Z,2023,A,PPP,
103637.516844,P1Y,0,,A,PU,_Z,2,,,False,WB_WDI,WB_WDI_NY_GDP_PCAP_PP_CD,NOR,_T,_T,_T,_Z,_Z,_Z,2023,A,PPP,
41945.025564,P1Y,0,,A,PU,_Z,2,,,False,WB_WDI,WB_WDI_NY_GDP_PCAP_PP_CD,OMN,_T,_T,_T,_Z,_Z,_Z,2023,A,PPP,
6013.989636,P1Y,0,,A,PU,_Z,2,,,False,WB_WDI,WB_WDI_NY_GDP_PCAP_PP_CD,PAK,_T,_T,_T,_Z,_Z,_Z,2023,A,PPP,
18230.269863,P1Y,0,,A,PU,_Z,2,,,True,WB_WDI,WB_WDI_NY_GDP_PCAP_PP_CD,PLW,_T,_T,_T,_Z,_Z,_Z,2023,A,PPP,
39813.385794,P1Y,0,,A,PU,_Z,2,,,False,WB_WDI,WB_WDI_NY_GDP_PCAP_PP_CD,PAN,_T,_T,_T,_Z,_Z,_Z,2023,A,PPP,
4667.835671,P1Y,0,,A,PU,_Z,2,,,False,WB_WDI,WB_WDI_NY_GDP_PCAP_PP_CD,PNG,_T,_T,_T,_Z,_Z,_Z,2023,A,PPP,
17564.491237,P1Y,0,,A,PU,_Z,2,,,False,WB_WDI,WB_WDI_NY_GDP_PCAP_PP_CD,PRY,_T,_T,_T,_Z,_Z,_Z,2023,A,PPP,
17011.227803,P1Y,0,,A,PU,_Z,2,,,False,WB_WDI,WB_WDI_NY_GDP_PCAP_PP_CD,PER,_T,_T,_T,_Z,_Z,_Z,2023,A,PPP,
14014.690549,P1Y,0,,A,PU,_Z,2,,,False,WB_WDI,WB_WDI_NY_GDP_PCAP_PP_CD,GAB,_T,_T,_T,_Z,_Z,_Z,2010,A,PPP,
2266.828982,P1Y,0,,A,PU,_Z,2,,,False,WB_WDI,WB_WDI_NY_GDP_PCAP_PP_CD,GMB,_T,_T,_T,_Z,_Z,_Z,2010,A,PPP,
7711.806839,P1Y,0,,A,PU,_Z,2,,,False,WB_WDI,WB_WDI_NY_GDP_PCAP_PP_CD,GEO,_T,_T,_T,_Z,_Z,_Z,2010,A,PPP,
39726.098692,P1Y,0,,A,PU,_Z,2,,,False,WB_WDI,WB_WDI_NY_GDP_PCAP_PP_CD,DEU,_T,_T,_T,_Z,_Z,_Z,2010,A,PPP,
3855.468917,P1Y,0,,A,PU,_Z,2,,,False,WB_WDI,WB_WDI_NY_GDP_PCAP_PP_CD,GHA,_T,_T,_T,_Z,_Z,_Z,2010,A,PPP,
27838.736391,P1Y,0,,A,PU,_Z,2,,,False,WB_WDI,WB_WDI_NY_GDP_PCAP_PP_CD,GRC,_T,_T,_T,_Z,_Z,_Z,2010,A,PPP,
50190.881788,P1Y,0,,A,PU,_Z,2,,,False,WB_WDI,WB_WDI_NY_GDP_PCAP_PP_CD,GRL,_T,_T,_T,_Z,_Z,_Z,2010,A,PPP,
10344.383919,P1Y,0,,A,PU,_Z,2,,,False,WB_WDI,WB_WDI_NY_GDP_PCAP_PP_CD,GRD,_T,_T,_T,_Z,_Z,_Z,2010,A,PPP,
6510.099809,P1Y,0,,A,PU,_Z,2,,,False,WB_WDI,WB_WDI_NY_GDP_PCAP_PP_CD,GTM,_T,_T,_T,_Z,_Z,_Z,2010,A,PPP,
1621.691611,P1Y,0,,A,PU,_Z,2,,,False,WB_WDI,WB_WDI_NY_GDP_PCAP_PP_CD,GIN,_T,_T,_T,_Z,_Z,_Z,2010,A,PPP,
2004.747556,P1Y,0,,A,PU,_Z,2,,,False,WB_WDI,WB_WDI_NY_GDP_PCAP_PP_CD,ETH,_T,_T,_T,_Z,_Z,_Z,2017,A,PPP,
56416.23195,P1Y,0,,A,PU,_Z,2,,,False,WB_WDI,WB_WDI_NY_GDP_PCAP_PP_CD,FRO,_T,_T,_T,_Z,_Z,_Z,2017,A,PPP,
12585.277722,P1Y,0,,A,PU,_Z,2,,,False,WB_WDI,WB_WDI_NY_GDP_PCAP_PP_CD,FJI,_T,_T,_T,_Z,_Z,_Z,2017,A,PPP,
47234.85286,P1Y,0,,A,PU,_Z,2,,,False,WB_WDI,WB_WDI_NY_GDP_PCAP_PP_CD,FIN,_T,_T,_T,_Z,_Z,_Z,2017,A,PPP,
44469.145886,P1Y,0,,A,PU,_Z,2,,,False,WB_WDI,WB_WDI_NY_GDP_PCAP_PP_CD,FRA,_T,_T,_T,_Z,_Z,_Z,2017,A,PPP,
14796.628637,P1Y,0,,A,PU,_Z,2,,,False,WB_WDI,WB_WDI_NY_GDP_PCAP_PP_CD,GAB,_T,_T,_T,_Z,_Z,_Z,2017,A,PPP,
2038.954299,P1Y,0,,A,PU,_Z,2,,,False,WB_WDI,WB_WDI_NY_GDP_PCAP_PP_CD,GMB,_T,_T,_T,_Z,_Z,_Z,2017,A,PPP,
13718.937867,P1Y,0,,A,PU,_Z,2,,,False,WB_WDI,WB_WDI_NY_GDP_PCAP_PP_CD,GEO,_T,_T,_T,_Z,_Z,_Z,2017,A,PPP,
54110.253665,P1Y,0,,A,PU,_Z,2,,,False,WB_WDI,WB_WDI_NY_GDP_PCAP_PP_CD,DEU,_T,_T,_T,_Z,_Z,_Z,2017,A,PPP,
5170.960949,P1Y,0,,A,PU,_Z,2,,,False,WB_WDI,WB_WDI_NY_GDP_PCAP_PP_CD,GHA,_T,_T,_T,_Z,_Z,_Z,2017,A,PPP,
28681.681559,P1Y,0,,A,PU,_Z,2,,,False,WB_WDI,WB_WDI_NY_GDP_PCAP_PP_CD,GRC,_T,_T,_T,_Z,_Z,_Z,2017,A,PPP,
45301.269582,P1Y,0,,A,PU,_Z,2,,,False,WB_WDI,WB_WDI_NY_GDP_PCAP_PP_CD,NLD,_T,_T,_T,_Z,_Z,_Z,2010,A,PPP,
31305.32995,P1Y,0,,A,PU,_Z,2,,,False,WB_WDI,WB_WDI_NY_GDP_PCAP_PP_CD,NZL,_T,_T,_T,_Z,_Z,_Z,2010,A,PPP,
4042.220713,P1Y,0,,A,PU,_Z,2,,,False,WB_WDI,WB_WDI_NY_GDP_PCAP_PP_CD,NIC,_T,_T,_T,_Z,_Z,_Z,2010,A,PPP,
1057.511003,P1Y,0,,A,PU,_Z,2,,,False,WB_WDI,WB_WDI_NY_GDP_PCAP_PP_CD,NER,_T,_T,_T,_Z,_Z,_Z,2010,A,PPP,
6301.183725,P1Y,0,,A,PU,_Z,2,,,False,WB_WDI,WB_WDI_NY_GDP_PCAP_PP_CD,NGA,_T,_T,_T,_Z,_Z,_Z,2010,A,PPP,
11992.181694,P1Y,0,,A,PU,_Z,2,,,False,WB_WDI,WB_WDI_NY_GDP_PCAP_PP_CD,MKD,_T,_T,_T,_Z,_Z,_Z,2010,A,PPP,
58213.133367,P1Y,0,,A,PU,_Z,2,,,False,WB_WDI,WB_WDI_NY_GDP_PCAP_PP_CD,NOR,_T,_T,_T,_Z,_Z,_Z,2010,A,PPP,
55667.468778,P1Y,0,,A,PU,_Z,2,,,False,WB_WDI,WB_WDI_NY_GDP_PCAP_PP_CD,OMN,_T,_T,_T,_Z,_Z,_Z,2010,A,PPP,
3785.701135,P1Y,0,,A,PU,_Z,2,,,False,WB_WDI,WB_WDI_NY_GDP_PCAP_PP_CD,PAK,_T,_T,_T,_Z,_Z,_Z,2010,A,PPP,
13443.398684,P1Y,0,,A,PU,_Z,2,,,False,WB_WDI,WB_WDI_NY_GDP_PCAP_PP_CD,PLW,_T,_T,_T,_Z,_Z,_Z,2010,A,PPP,
39330.596445,P1Y,0,,A,PU,_Z,2,,,False,WB_WDI,WB_WDI_NY_GDP_PCAP_PP_CD,FRO,_T,_T,_T,_Z,_Z,_Z,2009,A,PPP,
7067.934821,P1Y,0,,A,PU,_Z,2,,,False,WB_WDI,WB_WDI_NY_GDP_PCAP_PP_CD,FJI,_T,_T,_T,_Z,_Z,_Z,2009,A,PPP,
37988.449866,P1Y,0,,A,PU,_Z,2,,,False,WB_WDI,WB_WDI_NY_GDP_PCAP_PP_CD,FIN,_T,_T,_T,_Z,_Z,_Z,2009,A,PPP,
34685.005925,P1Y,0,,A,PU,_Z,2,,,False,WB_WDI,WB_WDI_NY_GDP_PCAP_PP_CD,FRA,_T,_T,_T,_Z,_Z,_Z,2009,A,PPP,
13383.566227,P1Y,0,,A,PU,_Z,2,,,False,WB_WDI,WB_WDI_NY_GDP_PCAP_PP_CD,GAB,_T,_T,_T,_Z,_Z,_Z,2009,A,PPP,
2177.053447,P1Y,0,,A,PU,_Z,2,,,False,WB_WDI,WB_WDI_NY_GDP_PCAP_PP_CD,GMB,_T,_T,_T,_Z,_Z,_Z,2009,A,PPP,
7119.142791,P1Y,0,,A,PU,_Z,2,,,False,WB_WDI,WB_WDI_NY_GDP_PCAP_PP_CD,GEO,_T,_T,_T,_Z,_Z,_Z,2009,A,PPP,
37573.991014,P1Y,0,,A,PU,_Z,2,,,False,WB_WDI,WB_WDI_NY_GDP_PCAP_PP_CD,DEU,_T,_T,_T,_Z,_Z,_Z,2009,A,PPP,
3617.239444,P1Y,0,,A,PU,_Z,2,,,False,WB_WDI,WB_WDI_NY_GDP_PCAP_PP_CD,GHA,_T,_T,_T,_Z,_Z,_Z,2009,A,PPP,
29963.396888,P1Y,0,,A,PU,_Z,2,,,False,WB_WDI,WB_WDI_NY_GDP_PCAP_PP_CD,GRC,_T,_T,_T,_Z,_Z,_Z,2009,A,PPP,
48924.764085,P1Y,0,,A,PU,_Z,2,,,False,WB_WDI,WB_WDI_NY_GDP_PCAP_PP_CD,GRL,_T,_T,_T,_Z,_Z,_Z,2009,A,PPP,
10303.34326,P1Y,0,,A,PU,_Z,2,,,False,WB_WDI,WB_WDI_NY_GDP_PCAP_PP_CD,GRD,_T,_T,_T,_Z,_Z,_Z,2009,A,PPP,
2832.531215,P1Y,0,,A,PU,_Z,2,,,False,WB_WDI,WB_WDI_NY_GDP_PCAP_PP_CD,COM,_T,_T,_T,_Z,_Z,_Z,2013,A,PPP,
760.64988,P1Y,0,,A,PU,_Z,2,,,False,WB_WDI,WB_WDI_NY_GDP_PCAP_PP_CD,COD,_T,_T,_T,_Z,_Z,_Z,2013,A,PPP,
5833.863367,P1Y,0,,A,PU,_Z,2,,,False,WB_WDI,WB_WDI_NY_GDP_PCAP_PP_CD,COG,_T,_T,_T,_Z,_Z,_Z,2013,A,PPP,
15232.077153,P1Y,0,,A,PU,_Z,2,,,False,WB_WDI,WB_WDI_NY_GDP_PCAP_PP_CD,CRI,_T,_T,_T,_Z,_Z,_Z,2013,A,PPP,
3619.017909,P1Y,0,,A,PU,_Z,2,,,False,WB_WDI,WB_WDI_NY_GDP_PCAP_PP_CD,CIV,_T,_T,_T,_Z,_Z,_Z,2013,A,PPP,
22429.850226,P1Y,0,,A,PU,_Z,2,,,False,WB_WDI,WB_WDI_NY_GDP_PCAP_PP_CD,HRV,_T,_T,_T,_Z,_Z,_Z,2013,A,PPP,
24821.796301,P1Y,0,,A,PU,_Z,2,,,False,WB_WDI,WB_WDI_NY_GDP_PCAP_PP_CD,CUW,_T,_T,_T,_Z,_Z,_Z,2013,A,PPP,
30415.789063,P1Y,0,,A,PU,_Z,2,,,False,WB_WDI,WB_WDI_NY_GDP_PCAP_PP_CD,CYP,_T,_T,_T,_Z,_Z,_Z,2013,A,PPP,
31013.008293,P1Y,0,,A,PU,_Z,2,,,False,WB_WDI,WB_WDI_NY_GDP_PCAP_PP_CD,CZE,_T,_T,_T,_Z,_Z,_Z,2013,A,PPP,
46869.193289,P1Y,0,,A,PU,_Z,2,,,False,WB_WDI,WB_WDI_NY_GDP_PCAP_PP_CD,DNK,_T,_T,_T,_Z,_Z,_Z,2013,A,PPP,
3762.281961,P1Y,0,,A,PU,_Z,2,,,False,WB_WDI,WB_WDI_NY_GDP_PCAP_PP_CD,DJI,_T,_T,_T,_Z,_Z,_Z,2013,A,PPP,
46661.910516,P1Y,0,,A,PU,_Z,2,,,False,WB_WDI,WB_WDI_NY_GDP_PCAP_PP_CD,ITA,_T,_T,_T,_Z,_Z,_Z,2019,A,PPP,
10845.011364,P1Y,0,,A,PU,_Z,2,,,False,WB_WDI,WB_WDI_NY_GDP_PCAP_PP_CD,JAM,_T,_T,_T,_Z,_Z,_Z,2019,A,PPP,
42678.151145,P1Y,0,,A,PU,_Z,2,,,False,WB_WDI,WB_WDI_NY_GDP_PCAP_PP_CD,JPN,_T,_T,_T,_Z,_Z,_Z,2019,A,PPP,
9429.072796,P1Y,0,,A,PU,_Z,2,,,False,WB_WDI,WB_WDI_NY_GDP_PCAP_PP_CD,JOR,_T,_T,_T,_Z,_Z,_Z,2019,A,PPP,
28689.271084,P1Y,0,,A,PU,_Z,2,,,False,WB_WDI,WB_WDI_NY_GDP_PCAP_PP_CD,KAZ,_T,_T,_T,_Z,_Z,_Z,2019,A,PPP,
4687.377823,P1Y,0,,A,PU,_Z,2,,,False,WB_WDI,WB_WDI_NY_GDP_PCAP_PP_CD,KEN,_T,_T,_T,_Z,_Z,_Z,2019,A,PPP,
2762.937969,P1Y,0,,A,PU,_Z,2,,,False,WB_WDI,WB_WDI_NY_GDP_PCAP_PP_CD,KIR,_T,_T,_T,_Z,_Z,_Z,2019,A,PPP,
46511.219696,P1Y,0,,A,PU,_Z,2,,,False,WB_WDI,WB_WDI_NY_GDP_PCAP_PP_CD,KOR,_T,_T,_T,_Z,_Z,_Z,2019,A,PPP,
10861.053175,P1Y,0,,A,PU,_Z,2,,,False,WB_WDI,WB_WDI_NY_GDP_PCAP_PP_CD,XKX,_T,_T,_T,_Z,_Z,_Z,2019,A,PPP,
50703.000134,P1Y,0,,A,PU,_Z,2,,,False,WB_WDI,WB_WDI_NY_GDP_PCAP_PP_CD,KWT,_T,_T,_T,_Z,_Z,_Z,2019,A,PPP,
5304.227583,P1Y,0,,A,PU,_Z,2,,,False,WB_WDI,WB_WDI_NY_GDP_PCAP_PP_CD,KGZ,_T,_T,_T,_Z,_Z,_Z,2019,A,PPP,
1359.692249,P1Y,0,,A,PU,_Z,2,,,False,WB_WDI,WB_WDI_NY_GDP_PCAP_PP_CD,BFA,_T,_T,_T,_Z,_Z,_Z,2009,A,PPP,
604.588154,P1Y,0,,A,PU,_Z,2,,,False,WB_WDI,WB_WDI_NY_GDP_PCAP_PP_CD,BDI,_T,_T,_T,_Z,_Z,_Z,2009,A,PPP,
5900.660865,P1Y,0,,A,PU,_Z,2,,,False,WB_WDI,WB_WDI_NY_GDP_PCAP_PP_CD,CPV,_T,_T,_T,_Z,_Z,_Z,2009,A,PPP,
2854.032884,P1Y,0,,A,PU,_Z,2,,,False,WB_WDI,WB_WDI_NY_GDP_PCAP_PP_CD,KHM,_T,_T,_T,_Z,_Z,_Z,2009,A,PPP,
2878.951439,P1Y,0,,A,PU,_Z,2,,,False,WB_WDI,WB_WDI_NY_GDP_PCAP_PP_CD,CMR,_T,_T,_T,_Z,_Z,_Z,2009,A,PPP,
38863.248556,P1Y,0,,A,PU,_Z,2,,,False,WB_WDI,WB_WDI_NY_GDP_PCAP_PP_CD,CAN,_T,_T,_T,_Z,_Z,_Z,2009,A,PPP,
69254.182719,P1Y,0,,A,PU,_Z,2,,,False,WB_WDI,WB_WDI_NY_GDP_PCAP_PP_CD,CYM,_T,_T,_T,_Z,_Z,_Z,2009,A,PPP,
877.252131,P1Y,0,,A,PU,_Z,2,,,False,WB_WDI,WB_WDI_NY_GDP_PCAP_PP_CD,CAF,_T,_T,_T,_Z,_Z,_Z,2009,A,PPP,
2087.147187,P1Y,0,,A,PU,_Z,2,,,False,WB_WDI,WB_WDI_NY_GDP_PCAP_PP_CD,TCD,_T,_T,_T,_Z,_Z,_Z,2009,A,PPP,
15951.330488,P1Y,0,,A,PU,_Z,2,,,False,WB_WDI,WB_WDI_NY_GDP_PCAP_PP_CD,CHL,_T,_T,_T,_Z,_Z,_Z,2009,A,PPP,
8447.982815,P1Y,0,,A,PU,_Z,2,,,False,WB_WDI,WB_WDI_NY_GDP_PCAP_PP_CD,CHN,_T,_T,_T,_Z,_Z,_Z,2009,A,PPP,
1620.764029,P1Y,0,,A,PU,_Z,2,,,False,WB_WDI,WB_WDI_NY_GDP_PCAP_PP_CD,ERI,_T,_T,_T,_Z,_Z,_Z,2004,A,PPP,
14538.02732,P1Y,0,,A,PU,_Z,2,,,False,WB_WDI,WB_WDI_NY_GDP_PCAP_PP_CD,EST,_T,_T,_T,_Z,_Z,_Z,2004,A,PPP,
5309.605079,P1Y,0,,A,PU,_Z,2,,,False,WB_WDI,WB_WDI_NY_GDP_PCAP_PP_CD,SWZ,_T,_T,_T,_Z,_Z,_Z,2004,A,PPP,
557.825635,P1Y,0,,A,PU,_Z,2,,,False,WB_WDI,WB_WDI_NY_GDP_PCAP_PP_CD,ETH,_T,_T,_T,_Z,_Z,_Z,2004,A,PPP,
6463.42457,P1Y,0,,A,PU,_Z,2,,,False,WB_WDI,WB_WDI_NY_GDP_PCAP_PP_CD,FJI,_T,_T,_T,_Z,_Z,_Z,2004,A,PPP,
31195.124335,P1Y,0,,A,PU,_Z,2,,,False,WB_WDI,WB_WDI_NY_GDP_PCAP_PP_CD,FIN,_T,_T,_T,_Z,_Z,_Z,2004,A,PPP,
28921.260803,P1Y,0,,A,PU,_Z,2,,,False,WB_WDI,WB_WDI_NY_GDP_PCAP_PP_CD,FRA,_T,_T,_T,_Z,_Z,_Z,2004,A,PPP,
13637.666797,P1Y,0,,A,PU,_Z,2,,,False,WB_WDI,WB_WDI_NY_GDP_PCAP_PP_CD,GAB,_T,_T,_T,_Z,_Z,_Z,2004,A,PPP,
1978.632627,P1Y,0,,A,PU,_Z,2,,,False,WB_WDI,WB_WDI_NY_GDP_PCAP_PP_CD,GMB,_T,_T,_T,_Z,_Z,_Z,2004,A,PPP,
4634.777576,P1Y,0,,A,PU,_Z,2,,,False,WB_WDI,WB_WDI_NY_GDP_PCAP_PP_CD,GEO,_T,_T,_T,_Z,_Z,_Z,2004,A,PPP,
31753.172059,P1Y,0,,A,PU,_Z,2,,,False,WB_WDI,WB_WDI_NY_GDP_PCAP_PP_CD,DEU,_T,_T,_T,_Z,_Z,_Z,2004,A,PPP,
1372.756185,P1Y,0,,A,PU,_Z,2,,,False,WB_WDI,WB_WDI_NY_GDP_PCAP_PP_CD,SSD,_T,_T,_T,_Z,_Z,_Z,2014,A,PPP,
33760.955565,P1Y,0,,A,PU,_Z,2,,,False,WB_WDI,WB_WDI_NY_GDP_PCAP_PP_CD,ESP,_T,_T,_T,_Z,_Z,_Z,2014,A,PPP,
11720.597811,P1Y,0,,A,PU,_Z,2,,,False,WB_WDI,WB_WDI_NY_GDP_PCAP_PP_CD,LKA,_T,_T,_T,_Z,_Z,_Z,2014,A,PPP,
26755.596978,P1Y,0,,A,PU,_Z,2,,,False,WB_WDI,WB_WDI_NY_GDP_PCAP_PP_CD,KNA,_T,_T,_T,_Z,_Z,_Z,2014,A,PPP,
14403.083273,P1Y,0,,A,PU,_Z,2,,,False,WB_WDI,WB_WDI_NY_GDP_PCAP_PP_CD,LCA,_T,_T,_T,_Z,_Z,_Z,2014,A,PPP,
12135.583051,P1Y,0,,A,PU,_Z,2,,,False,WB_WDI,WB_WDI_NY_GDP_PCAP_PP_CD,VCT,_T,_T,_T,_Z,_Z,_Z,2014,A,PPP,
4260.571777,P1Y,0,,A,PU,_Z,2,,,False,WB_WDI,WB_WDI_NY_GDP_PCAP_PP_CD,SDN,_T,_T,_T,_Z,_Z,_Z,2014,A,PPP,
16597.585354,P1Y,0,,A,PU,_Z,2,,,False,WB_WDI,WB_WDI_NY_GDP_PCAP_PP_CD,SUR,_T,_T,_T,_Z,_Z,_Z,2014,A,PPP,
46841.401975,P1Y,0,,A,PU,_Z,2,,,False,WB_WDI,WB_WDI_NY_GDP_PCAP_PP_CD,SWE,_T,_T,_T,_Z,_Z,_Z,2014,A,PPP,
63417.043811,P1Y,0,,A,PU,_Z,2,,,False,WB_WDI,WB_WDI_NY_GDP_PCAP_PP_CD,CHE,_T,_T,_T,_Z,_Z,_Z,2014,A,PPP,
3151.724528,P1Y,0,,A,PU,_Z,2,,,False,WB_WDI,WB_WDI_NY_GDP_PCAP_PP_CD,TJK,_T,_T,_T,_Z,_Z,_Z,2014,A,PPP,
7213.59606,P1Y,0,,A,PU,_Z,2,,,False,WB_WDI,WB_WDI_NY_GDP_PCAP_PP_CD,PER,_T,_T,_T,_Z,_Z,_Z,2006,A,PPP,
4578.706309,P1Y,0,,A,PU,_Z,2,,,False,WB_WDI,WB_WDI_NY_GDP_PCAP_PP_CD,PHL,_T,_T,_T,_Z,_Z,_Z,2006,A,PPP,
15204.880989,P1Y,0,,A,PU,_Z,2,,,False,WB_WDI,WB_WDI_NY_GDP_PCAP_PP_CD,POL,_T,_T,_T,_Z,_Z,_Z,2006,A,PPP,
24677.283463,P1Y,0,,A,PU,_Z,2,,,False,WB_WDI,WB_WDI_NY_GDP_PCAP_PP_CD,PRT,_T,_T,_T,_Z,_Z,_Z,2006,A,PPP,
29955.581264,P1Y,0,,A,PU,_Z,2,,,False,WB_WDI,WB_WDI_NY_GDP_PCAP_PP_CD,PRI,_T,_T,_T,_Z,_Z,_Z,2006,A,PPP,
127180.7102,P1Y,0,,A,PU,_Z,2,,,False,WB_WDI,WB_WDI_NY_GDP_PCAP_PP_CD,QAT,_T,_T,_T,_Z,_Z,_Z,2006,A,PPP,
11554.079244,P1Y,0,,A,PU,_Z,2,,,False,WB_WDI,WB_WDI_NY_GDP_PCAP_PP_CD,ROU,_T,_T,_T,_Z,_Z,_Z,2006,A,PPP,
14912.234375,P1Y,0,,A,PU,_Z,2,,,False,WB_WDI,WB_WDI_NY_GDP_PCAP_PP_CD,RUS,_T,_T,_T,_Z,_Z,_Z,2006,A,PPP,
1002.289494,P1Y,0,,A,PU,_Z,2,,,False,WB_WDI,WB_WDI_NY_GDP_PCAP_PP_CD,RWA,_T,_T,_T,_Z,_Z,_Z,2006,A,PPP,
4591.907025,P1Y,0,,A,PU,_Z,2,,,False,WB_WDI,WB_WDI_NY_GDP_PCAP_PP_CD,WSM,_T,_T,_T,_Z,_Z,_Z,2006,A,PPP,
67434.156006,P1Y,0,,A,PU,_Z,2,,,False,WB_WDI,WB_WDI_NY_GDP_PCAP_PP_CD,SMR,_T,_T,_T,_Z,_Z,_Z,2006,A,PPP,
2550.59554,P1Y,0,,A,PU,_Z,2,,,False,WB_WDI,WB_WDI_NY_GDP_PCAP_PP_CD,STP,_T,_T,_T,_Z,_Z,_Z,2006,A,PPP,
19807.598449,P1Y,0,,A,PU,_Z,2,,,False,WB_WDI,WB_WDI_NY_GDP_PCAP_PP_CD,ROU,_T,_T,_T,_Z,_Z,_Z,2012,A,PPP,
24273.517578,P1Y,0,,A,PU,_Z,2,,,False,WB_WDI,WB_WDI_NY_GDP_PCAP_PP_CD,RUS,_T,_T,_T,_Z,_Z,_Z,2012,A,PPP,
1454.525079,P1Y,0,,A,PU,_Z,2,,,False,WB_WDI,WB_WDI_NY_GDP_PCAP_PP_CD,RWA,_T,_T,_T,_Z,_Z,_Z,2012,A,PPP,
5338.739793,P1Y,0,,A,PU,_Z,2,,,False,WB_WDI,WB_WDI_NY_GDP_PCAP_PP_CD,WSM,_T,_T,_T,_Z,_Z,_Z,2012,A,PPP,
51274.215479,P1Y,0,,A,PU,_Z,2,,,False,WB_WDI,WB_WDI_NY_GDP_PCAP_PP_CD,SMR,_T,_T,_T,_Z,_Z,_Z,2012,A,PPP,
2652.878795,P1Y,0,,A,PU,_Z,2,,,False,WB_WDI,WB_WDI_NY_GDP_PCAP_PP_CD,STP,_T,_T,_T,_Z,_Z,_Z,2012,A,PPP,
65033.616182,P1Y,0,,A,PU,_Z,2,,,False,WB_WDI,WB_WDI_NY_GDP_PCAP_PP_CD,SAU,_T,_T,_T,_Z,_Z,_Z,2012,A,PPP,
2764.261307,P1Y,0,,A,PU,_Z,2,,,False,WB_WDI,WB_WDI_NY_GDP_PCAP_PP_CD,SEN,_T,_T,_T,_Z,_Z,_Z,2012,A,PPP,
14506.237858,P1Y,0,,A,PU,_Z,2,,,False,WB_WDI,WB_WDI_NY_GDP_PCAP_PP_CD,SRB,_T,_T,_T,_Z,_Z,_Z,2012,A,PPP,
22263.82216,P1Y,0,,A,PU,_Z,2,,,False,WB_WDI,WB_WDI_NY_GDP_PCAP_PP_CD,SYC,_T,_T,_T,_Z,_Z,_Z,2012,A,PPP,
2317.1914,P1Y,0,,A,PU,_Z,2,,,False,WB_WDI,WB_WDI_NY_GDP_PCAP_PP_CD,SLE,_T,_T,_T,_Z,_Z,_Z,2012,A,PPP,
82107.727089,P1Y,0,,A,PU,_Z,2,,,False,WB_WDI,WB_WDI_NY_GDP_PCAP_PP_CD,SGP,_T,_T,_T,_Z,_Z,_Z,2012,A,PPP,
5589.568508,P1Y,0,,A,PU,_Z,2,,,False,WB_WDI,WB_WDI_NY_GDP_PCAP_PP_CD,MDA,_T,_T,_T,_Z,_Z,_Z,2007,A,PPP,
6678.054744,P1Y,0,,A,PU,_Z,2,,,False,WB_WDI,WB_WDI_NY_GDP_PCAP_PP_CD,MNG,_T,_T,_T,_Z,_Z,_Z,2007,A,PPP,
12452.262885,P1Y,0,,A,PU,_Z,2,,,False,WB_WDI,WB_WDI_NY_GDP_PCAP_PP_CD,MNE,_T,_T,_T,_Z,_Z,_Z,2007,A,PPP,
6057.935547,P1Y,0,,A,PU,_Z,2,,,False,WB_WDI,WB_WDI_NY_GDP_PCAP_PP_CD,MAR,_T,_T,_T,_Z,_Z,_Z,2007,A,PPP,
861.987683,P1Y,0,,A,PU,_Z,2,,,False,WB_WDI,WB_WDI_NY_GDP_PCAP_PP_CD,MOZ,_T,_T,_T,_Z,_Z,_Z,2007,A,PPP,
2458.857464,P1Y,0,,A,PU,_Z,2,,,False,WB_WDI,WB_WDI_NY_GDP_PCAP_PP_CD,MMR,_T,_T,_T,_Z,_Z,_Z,2007,A,PPP,
7874.931445,P1Y,0,,A,PU,_Z,2,,,False,WB_WDI,WB_WDI_NY_GDP_PCAP_PP_CD,NAM,_T,_T,_T,_Z,_Z,_Z,2007,A,PPP,
4788.517632,P1Y,0,,A,PU,_Z,2,,,False,WB_WDI,WB_WDI_NY_GDP_PCAP_PP_CD,NRU,_T,_T,_T,_Z,_Z,_Z,2007,A,PPP,
1809.323712,P1Y,0,,A,PU,_Z,2,,,False,WB_WDI,WB_WDI_NY_GDP_PCAP_PP_CD,NPL,_T,_T,_T,_Z,_Z,_Z,2007,A,PPP,
44203.400214,P1Y,0,,A,PU,_Z,2,,,False,WB_WDI,WB_WDI_NY_GDP_PCAP_PP_CD,NLD,_T,_T,_T,_Z,_Z,_Z,2007,A,PPP,
29331.214337,P1Y,0,,A,PU,_Z,2,,,False,WB_WDI,WB_WDI_NY_GDP_PCAP_PP_CD,NZL,_T,_T,_T,_Z,_Z,_Z,2007,A,PPP,
41862.173926,P1Y,0,,A,PU,_Z,2,,,False,WB_WDI,WB_WDI_NY_GDP_PCAP_PP_CD,KWT,_T,_T,_T,_Z,_Z,_Z,2016,A,PPP,
4603.759642,P1Y,0,,A,PU,_Z,2,,,False,WB_WDI,WB_WDI_NY_GDP_PCAP_PP_CD,KGZ,_T,_T,_T,_Z,_Z,_Z,2016,A,PPP,
6743.01054,P1Y,0,,A,PU,_Z,2,,,False,WB_WDI,WB_WDI_NY_GDP_PCAP_PP_CD,LAO,_T,_T,_T,_Z,_Z,_Z,2016,A,PPP,
24063.451125,P1Y,0,,A,PU,_Z,2,,,False,WB_WDI,WB_WDI_NY_GDP_PCAP_PP_CD,LVA,_T,_T,_T,_Z,_Z,_Z,2016,A,PPP,
18940.5901,P1Y,0,,A,PU,_Z,2,,,False,WB_WDI,WB_WDI_NY_GDP_PCAP_PP_CD,LBN,_T,_T,_T,_Z,_Z,_Z,2016,A,PPP,
2942.181537,P1Y,0,,A,PU,_Z,2,,,False,WB_WDI,WB_WDI_NY_GDP_PCAP_PP_CD,LSO,_T,_T,_T,_Z,_Z,_Z,2016,A,PPP,
1490.335814,P1Y,0,,A,PU,_Z,2,,,False,WB_WDI,WB_WDI_NY_GDP_PCAP_PP_CD,LBR,_T,_T,_T,_Z,_Z,_Z,2016,A,PPP,
16961.017711,P1Y,0,,A,PU,_Z,2,,,False,WB_WDI,WB_WDI_NY_GDP_PCAP_PP_CD,LBY,_T,_T,_T,_Z,_Z,_Z,2016,A,PPP,
28698.988787,P1Y,0,,A,PU,_Z,2,,,False,WB_WDI,WB_WDI_NY_GDP_PCAP_PP_CD,LTU,_T,_T,_T,_Z,_Z,_Z,2016,A,PPP,
113365.176082,P1Y,0,,A,PU,_Z,2,,,False,WB_WDI,WB_WDI_NY_GDP_PCAP_PP_CD,LUX,_T,_T,_T,_Z,_Z,_Z,2016,A,PPP,
9489.912214,P1Y,0,,A,PU,_Z,2,,,False,WB_WDI,WB_WDI_NY_GDP_PCAP_PP_CD,BLZ,_T,_T,_T,_Z,_Z,_Z,2014,A,PPP,
2670.415614,P1Y,0,,A,PU,_Z,2,,,False,WB_WDI,WB_WDI_NY_GDP_PCAP_PP_CD,BEN,_T,_T,_T,_Z,_Z,_Z,2014,A,PPP,
71988.538363,P1Y,0,,A,PU,_Z,2,,,False,WB_WDI,WB_WDI_NY_GDP_PCAP_PP_CD,BMU,_T,_T,_T,_Z,_Z,_Z,2014,A,PPP,
9323.394489,P1Y,0,,A,PU,_Z,2,,,False,WB_WDI,WB_WDI_NY_GDP_PCAP_PP_CD,BTN,_T,_T,_T,_Z,_Z,_Z,2014,A,PPP,
8628.942661,P1Y,0,,A,PU,_Z,2,,,False,WB_WDI,WB_WDI_NY_GDP_PCAP_PP_CD,BOL,_T,_T,_T,_Z,_Z,_Z,2014,A,PPP,
11167.837949,P1Y,0,,A,PU,_Z,2,,,False,WB_WDI,WB_WDI_NY_GDP_PCAP_PP_CD,BIH,_T,_T,_T,_Z,_Z,_Z,2014,A,PPP,
15003.319752,P1Y,0,,A,PU,_Z,2,,,False,WB_WDI,WB_WDI_NY_GDP_PCAP_PP_CD,BWA,_T,_T,_T,_Z,_Z,_Z,2014,A,PPP,
15827.308163,P1Y,0,,A,PU,_Z,2,,,False,WB_WDI,WB_WDI_NY_GDP_PCAP_PP_CD,BRA,_T,_T,_T,_Z,_Z,_Z,2014,A,PPP,
81225.548545,P1Y,0,,A,PU,_Z,2,,,False,WB_WDI,WB_WDI_NY_GDP_PCAP_PP_CD,BRN,_T,_T,_T,_Z,_Z,_Z,2014,A,PPP,
17990.76215,P1Y,0,,A,PU,_Z,2,,,False,WB_WDI,WB_WDI_NY_GDP_PCAP_PP_CD,BGR,_T,_T,_T,_Z,_Z,_Z,2014,A,PPP,
8153.272624,P1Y,0,,A,PU,_Z,2,,,False,WB_WDI,WB_WDI_NY_GDP_PCAP_PP_CD,NRU,_T,_T,_T,_Z,_Z,_Z,2012,A,PPP,
2465.834694,P1Y,0,,A,PU,_Z,2,,,False,WB_WDI,WB_WDI_NY_GDP_PCAP_PP_CD,NPL,_T,_T,_T,_Z,_Z,_Z,2012,A,PPP,
47653.340165,P1Y,0,,A,PU,_Z,2,,,False,WB_WDI,WB_WDI_NY_GDP_PCAP_PP_CD,NLD,_T,_T,_T,_Z,_Z,_Z,2012,A,PPP,
33054.893675,P1Y,0,,A,PU,_Z,2,,,False,WB_WDI,WB_WDI_NY_GDP_PCAP_PP_CD,NZL,_T,_T,_T,_Z,_Z,_Z,2012,A,PPP,
4507.943029,P1Y,0,,A,PU,_Z,2,,,False,WB_WDI,WB_WDI_NY_GDP_PCAP_PP_CD,NIC,_T,_T,_T,_Z,_Z,_Z,2012,A,PPP,
1161.789083,P1Y,0,,A,PU,_Z,2,,,False,WB_WDI,WB_WDI_NY_GDP_PCAP_PP_CD,NER,_T,_T,_T,_Z,_Z,_Z,2012,A,PPP,
6670.838262,P1Y,0,,A,PU,_Z,2,,,False,WB_WDI,WB_WDI_NY_GDP_PCAP_PP_CD,NGA,_T,_T,_T,_Z,_Z,_Z,2012,A,PPP,
12725.977289,P1Y,0,,A,PU,_Z,2,,,False,WB_WDI,WB_WDI_NY_GDP_PCAP_PP_CD,MKD,_T,_T,_T,_Z,_Z,_Z,2012,A,PPP,
65774.352075,P1Y,0,,A,PU,_Z,2,,,False,WB_WDI,WB_WDI_NY_GDP_PCAP_PP_CD,NOR,_T,_T,_T,_Z,_Z,_Z,2012,A,PPP,
49989.442509,P1Y,0,,A,PU,_Z,2,,,False,WB_WDI,WB_WDI_NY_GDP_PCAP_PP_CD,OMN,_T,_T,_T,_Z,_Z,_Z,2012,A,PPP,
6153.351521,P1Y,0,,A,PU,_Z,2,,,False,WB_WDI,WB_WDI_NY_GDP_PCAP_PP_CD,MDA,_T,_T,_T,_Z,_Z,_Z,2008,A,PPP,
7296.580737,P1Y,0,,A,PU,_Z,2,,,False,WB_WDI,WB_WDI_NY_GDP_PCAP_PP_CD,MNG,_T,_T,_T,_Z,_Z,_Z,2008,A,PPP,
13801.914991,P1Y,0,,A,PU,_Z,2,,,False,WB_WDI,WB_WDI_NY_GDP_PCAP_PP_CD,MNE,_T,_T,_T,_Z,_Z,_Z,2008,A,PPP,
6437.063477,P1Y,0,,A,PU,_Z,2,,,False,WB_WDI,WB_WDI_NY_GDP_PCAP_PP_CD,MAR,_T,_T,_T,_Z,_Z,_Z,2008,A,PPP,
916.15585,P1Y,0,,A,PU,_Z,2,,,False,WB_WDI,WB_WDI_NY_GDP_PCAP_PP_CD,MOZ,_T,_T,_T,_Z,_Z,_Z,2008,A,PPP,
2748.079213,P1Y,0,,A,PU,_Z,2,,,False,WB_WDI,WB_WDI_NY_GDP_PCAP_PP_CD,MMR,_T,_T,_T,_Z,_Z,_Z,2008,A,PPP,
8124.815179,P1Y,0,,A,PU,_Z,2,,,False,WB_WDI,WB_WDI_NY_GDP_PCAP_PP_CD,NAM,_T,_T,_T,_Z,_Z,_Z,2008,A,PPP,
5863.370993,P1Y,0,,A,PU,_Z,2,,,False,WB_WDI,WB_WDI_NY_GDP_PCAP_PP_CD,NRU,_T,_T,_T,_Z,_Z,_Z,2008,A,PPP,
1942.152997,P1Y,0,,A,PU,_Z,2,,,False,WB_WDI,WB_WDI_NY_GDP_PCAP_PP_CD,NPL,_T,_T,_T,_Z,_Z,_Z,2008,A,PPP,
46714.34543,P1Y,0,,A,PU,_Z,2,,,False,WB_WDI,WB_WDI_NY_GDP_PCAP_PP_CD,NLD,_T,_T,_T,_Z,_Z,_Z,2008,A,PPP,
29895.645166,P1Y,0,,A,PU,_Z,2,,,False,WB_WDI,WB_WDI_NY_GDP_PCAP_PP_CD,NZL,_T,_T,_T,_Z,_Z,_Z,2008,A,PPP,
2824.48254,P1Y,0,,A,PU,_Z,2,,,False,WB_WDI,WB_WDI_NY_GDP_PCAP_PP_CD,FSM,_T,_T,_T,_Z,_Z,_Z,2006,A,PPP,
5271.389704,P1Y,0,,A,PU,_Z,2,,,False,WB_WDI,WB_WDI_NY_GDP_PCAP_PP_CD,MDA,_T,_T,_T,_Z,_Z,_Z,2006,A,PPP,
5977.196887,P1Y,0,,A,PU,_Z,2,,,False,WB_WDI,WB_WDI_NY_GDP_PCAP_PP_CD,MNG,_T,_T,_T,_Z,_Z,_Z,2006,A,PPP,
10440.273499,P1Y,0,,A,PU,_Z,2,,,False,WB_WDI,WB_WDI_NY_GDP_PCAP_PP_CD,MNE,_T,_T,_T,_Z,_Z,_Z,2006,A,PPP,
5780.618164,P1Y,0,,A,PU,_Z,2,,,False,WB_WDI,WB_WDI_NY_GDP_PCAP_PP_CD,MAR,_T,_T,_T,_Z,_Z,_Z,2006,A,PPP,
798.387668,P1Y,0,,A,PU,_Z,2,,,False,WB_WDI,WB_WDI_NY_GDP_PCAP_PP_CD,MOZ,_T,_T,_T,_Z,_Z,_Z,2006,A,PPP,
2152.867309,P1Y,0,,A,PU,_Z,2,,,False,WB_WDI,WB_WDI_NY_GDP_PCAP_PP_CD,MMR,_T,_T,_T,_Z,_Z,_Z,2006,A,PPP,
7373.758222,P1Y,0,,A,PU,_Z,2,,,False,WB_WDI,WB_WDI_NY_GDP_PCAP_PP_CD,NAM,_T,_T,_T,_Z,_Z,_Z,2006,A,PPP,
5974.816844,P1Y,0,,A,PU,_Z,2,,,False,WB_WDI,WB_WDI_NY_GDP_PCAP_PP_CD,NRU,_T,_T,_T,_Z,_Z,_Z,2006,A,PPP,
1717.786118,P1Y,0,,A,PU,_Z,2,,,False,WB_WDI,WB_WDI_NY_GDP_PCAP_PP_CD,NPL,_T,_T,_T,_Z,_Z,_Z,2006,A,PPP,
41208.04622,P1Y,0,,A,PU,_Z,2,,,False,WB_WDI,WB_WDI_NY_GDP_PCAP_PP_CD,NLD,_T,_T,_T,_Z,_Z,_Z,2006,A,PPP,
27732.343912,P1Y,0,,A,PU,_Z,2,,,False,WB_WDI,WB_WDI_NY_GDP_PCAP_PP_CD,NZL,_T,_T,_T,_Z,_Z,_Z,2006,A,PPP,
14975.916078,P1Y,0,,A,PU,_Z,2,,,False,WB_WDI,WB_WDI_NY_GDP_PCAP_PP_CD,LAC,_T,_T,_T,_Z,_Z,_Z,2016,A,PPP,
15481.510713,P1Y,0,,A,PU,_Z,2,,,False,WB_WDI,WB_WDI_NY_GDP_PCAP_PP_CD,TLA,_T,_T,_T,_Z,_Z,_Z,2016,A,PPP,
2891.584809,P1Y,0,,A,PU,_Z,2,,,False,WB_WDI,WB_WDI_NY_GDP_PCAP_PP_CD,LDC,_T,_T,_T,_Z,_Z,_Z,2016,A,PPP,
9491.347819,P1Y,0,,A,PU,_Z,2,,,False,WB_WDI,WB_WDI_NY_GDP_PCAP_PP_CD,LMY,_T,_T,_T,_Z,_Z,_Z,2016,A,PPP,
1885.798248,P1Y,0,,A,PU,_Z,2,,,False,WB_WDI,WB_WDI_NY_GDP_PCAP_PP_CD,LIC,_T,_T,_T,_Z,_Z,_Z,2016,A,PPP,
5948.510399,P1Y,0,,A,PU,_Z,2,,,False,WB_WDI,WB_WDI_NY_GDP_PCAP_PP_CD,LMC,_T,_T,_T,_Z,_Z,_Z,2016,A,PPP,
11755.395743,P1Y,0,,A,PU,_Z,2,,,False,WB_WDI,WB_WDI_NY_GDP_PCAP_PP_CD,MEA,_T,_T,_T,_Z,_Z,_Z,2016,A,PPP,
8078.928868,P1Y,0,,A,PU,_Z,2,,,False,WB_WDI,WB_WDI_NY_GDP_PCAP_PP_CD,MNA,_T,_T,_T,_Z,_Z,_Z,2016,A,PPP,
8093.359029,P1Y,0,,A,PU,_Z,2,,,False,WB_WDI,WB_WDI_NY_GDP_PCAP_PP_CD,TMN,_T,_T,_T,_Z,_Z,_Z,2016,A,PPP,
10188.46213,P1Y,0,,A,PU,_Z,2,,,False,WB_WDI,WB_WDI_NY_GDP_PCAP_PP_CD,MIC,_T,_T,_T,_Z,_Z,_Z,2016,A,PPP,
56828.126039,P1Y,0,,A,PU,_Z,2,,,False,WB_WDI,WB_WDI_NY_GDP_PCAP_PP_CD,NAC,_T,_T,_T,_Z,_Z,_Z,2016,A,PPP,
42086.578445,P1Y,0,,A,PU,_Z,2,,,False,WB_WDI,WB_WDI_NY_GDP_PCAP_PP_CD,OED,_T,_T,_T,_Z,_Z,_Z,2016,A,PPP,
18472.718823,P1Y,0,,A,PU,_Z,2,,,False,WB_WDI,WB_WDI_NY_GDP_PCAP_PP_CD,OSS,_T,_T,_T,_Z,_Z,_Z,2016,A,PPP,
35901.645961,P1Y,0,,A,PU,_Z,2,,,False,WB_WDI,WB_WDI_NY_GDP_PCAP_PP_CD,ABW,_T,_T,_T,_Z,_Z,_Z,2013,A,PPP,
46123.475096,P1Y,0,,A,PU,_Z,2,,,False,WB_WDI,WB_WDI_NY_GDP_PCAP_PP_CD,AUS,_T,_T,_T,_Z,_Z,_Z,2013,A,PPP,
47519.85228,P1Y,0,,A,PU,_Z,2,,,False,WB_WDI,WB_WDI_NY_GDP_PCAP_PP_CD,AUT,_T,_T,_T,_Z,_Z,_Z,2013,A,PPP,
17267.511892,P1Y,0,,A,PU,_Z,2,,,False,WB_WDI,WB_WDI_NY_GDP_PCAP_PP_CD,AZE,_T,_T,_T,_Z,_Z,_Z,2013,A,PPP,
30294.476831,P1Y,0,,A,PU,_Z,2,,,False,WB_WDI,WB_WDI_NY_GDP_PCAP_PP_CD,BHS,_T,_T,_T,_Z,_Z,_Z,2013,A,PPP,
56310.311746,P1Y,0,,A,PU,_Z,2,,,False,WB_WDI,WB_WDI_NY_GDP_PCAP_PP_CD,BHR,_T,_T,_T,_Z,_Z,_Z,2013,A,PPP,
3691.104311,P1Y,0,,A,PU,_Z,2,,,False,WB_WDI,WB_WDI_NY_GDP_PCAP_PP_CD,BGD,_T,_T,_T,_Z,_Z,_Z,2013,A,PPP,
19032.465407,P1Y,0,,A,PU,_Z,2,,,False,WB_WDI,WB_WDI_NY_GDP_PCAP_PP_CD,BRB,_T,_T,_T,_Z,_Z,_Z,2013,A,PPP,
19014.052974,P1Y,0,,A,PU,_Z,2,,,False,WB_WDI,WB_WDI_NY_GDP_PCAP_PP_CD,BLR,_T,_T,_T,_Z,_Z,_Z,2013,A,PPP,
43864.12042,P1Y,0,,A,PU,_Z,2,,,False,WB_WDI,WB_WDI_NY_GDP_PCAP_PP_CD,BEL,_T,_T,_T,_Z,_Z,_Z,2013,A,PPP,
9525.83089,P1Y,0,,A,PU,_Z,2,,,False,WB_WDI,WB_WDI_NY_GDP_PCAP_PP_CD,BLZ,_T,_T,_T,_Z,_Z,_Z,2013,A,PPP,
1151.920268,P1Y,0,,A,PU,_Z,2,,,False,WB_WDI,WB_WDI_NY_GDP_PCAP_PP_CD,TCD,_T,_T,_T,_Z,_Z,_Z,2001,A,PPP,
9775.510162,P1Y,0,,A,PU,_Z,2,,,False,WB_WDI,WB_WDI_NY_GDP_PCAP_PP_CD,CHL,_T,_T,_T,_Z,_Z,_Z,2001,A,PPP,
3258.402107,P1Y,0,,A,PU,_Z,2,,,False,WB_WDI,WB_WDI_NY_GDP_PCAP_PP_CD,CHN,_T,_T,_T,_Z,_Z,_Z,2001,A,PPP,
6934.882843,P1Y,0,,A,PU,_Z,2,,,False,WB_WDI,WB_WDI_NY_GDP_PCAP_PP_CD,COL,_T,_T,_T,_Z,_Z,_Z,2001,A,PPP,
1838.107144,P1Y,0,,A,PU,_Z,2,,,False,WB_WDI,WB_WDI_NY_GDP_PCAP_PP_CD,COM,_T,_T,_T,_Z,_Z,_Z,2001,A,PPP,
403.983197,P1Y,0,,A,PU,_Z,2,,,False,WB_WDI,WB_WDI_NY_GDP_PCAP_PP_CD,COD,_T,_T,_T,_Z,_Z,_Z,2001,A,PPP,
3748.446749,P1Y,0,,A,PU,_Z,2,,,False,WB_WDI,WB_WDI_NY_GDP_PCAP_PP_CD,COG,_T,_T,_T,_Z,_Z,_Z,2001,A,PPP,
8190.074409,P1Y,0,,A,PU,_Z,2,,,False,WB_WDI,WB_WDI_NY_GDP_PCAP_PP_CD,CRI,_T,_T,_T,_Z,_Z,_Z,2001,A,PPP,
2961.762873,P1Y,0,,A,PU,_Z,2,,,False,WB_WDI,WB_WDI_NY_GDP_PCAP_PP_CD,CIV,_T,_T,_T,_Z,_Z,_Z,2001,A,PPP,
11652.94013,P1Y,0,,A,PU,_Z,2,,,False,WB_WDI,WB_WDI_NY_GDP_PCAP_PP_CD,HRV,_T,_T,_T,_Z,_Z,_Z,2001,A,PPP,
23057.261365,P1Y,0,,A,PU,_Z,2,,,False,WB_WDI,WB_WDI_NY_GDP_PCAP_PP_CD,CUW,_T,_T,_T,_Z,_Z,_Z,2001,A,PPP,
22866.171875,P1Y,0,,A,PU,_Z,2,,,False,WB_WDI,WB_WDI_NY_GDP_PCAP_PP_CD,CYP,_T,_T,_T,_Z,_Z,_Z,2001,A,PPP,
17709.45231,P1Y,0,,A,PU,_Z,2,,,False,WB_WDI,WB_WDI_NY_GDP_PCAP_PP_CD,CZE,_T,_T,_T,_Z,_Z,_Z,2001,A,PPP,
15190.874452,P1Y,0,,A,PU,_Z,2,,,False,WB_WDI,WB_WDI_NY_GDP_PCAP_PP_CD,MEX,_T,_T,_T,_Z,_Z,_Z,2009,A,PPP,
2953.544617,P1Y,0,,A,PU,_Z,2,,,False,WB_WDI,WB_WDI_NY_GDP_PCAP_PP_CD,FSM,_T,_T,_T,_Z,_Z,_Z,2009,A,PPP,
5827.178889,P1Y,0,,A,PU,_Z,2,,,False,WB_WDI,WB_WDI_NY_GDP_PCAP_PP_CD,MDA,_T,_T,_T,_Z,_Z,_Z,2009,A,PPP,
7119.394242,P1Y,0,,A,PU,_Z,2,,,False,WB_WDI,WB_WDI_NY_GDP_PCAP_PP_CD,MNG,_T,_T,_T,_Z,_Z,_Z,2009,A,PPP,
12976.246437,P1Y,0,,A,PU,_Z,2,,,False,WB_WDI,WB_WDI_NY_GDP_PCAP_PP_CD,MNE,_T,_T,_T,_Z,_Z,_Z,2009,A,PPP,
6628.57666,P1Y,0,,A,PU,_Z,2,,,False,WB_WDI,WB_WDI_NY_GDP_PCAP_PP_CD,MAR,_T,_T,_T,_Z,_Z,_Z,2009,A,PPP,
951.485454,P1Y,0,,A,PU,_Z,2,,,False,WB_WDI,WB_WDI_NY_GDP_PCAP_PP_CD,MOZ,_T,_T,_T,_Z,_Z,_Z,2009,A,PPP,
3039.799823,P1Y,0,,A,PU,_Z,2,,,False,WB_WDI,WB_WDI_NY_GDP_PCAP_PP_CD,MMR,_T,_T,_T,_Z,_Z,_Z,2009,A,PPP,
8079.383923,P1Y,0,,A,PU,_Z,2,,,False,WB_WDI,WB_WDI_NY_GDP_PCAP_PP_CD,NAM,_T,_T,_T,_Z,_Z,_Z,2009,A,PPP,
5567.889165,P1Y,0,,A,PU,_Z,2,,,False,WB_WDI,WB_WDI_NY_GDP_PCAP_PP_CD,NRU,_T,_T,_T,_Z,_Z,_Z,2009,A,PPP,
2028.957408,P1Y,0,,A,PU,_Z,2,,,False,WB_WDI,WB_WDI_NY_GDP_PCAP_PP_CD,NPL,_T,_T,_T,_Z,_Z,_Z,2009,A,PPP,
24889.872623,P1Y,0,,A,PU,_Z,2,,,False,WB_WDI,WB_WDI_NY_GDP_PCAP_PP_CD,LTU,_T,_T,_T,_Z,_Z,_Z,2013,A,PPP,
100925.011992,P1Y,0,,A,PU,_Z,2,,,False,WB_WDI,WB_WDI_NY_GDP_PCAP_PP_CD,LUX,_T,_T,_T,_Z,_Z,_Z,2013,A,PPP,
149859.180455,P1Y,0,,A,PU,_Z,2,,,False,WB_WDI,WB_WDI_NY_GDP_PCAP_PP_CD,MAC,_T,_T,_T,_Z,_Z,_Z,2013,A,PPP,
1473.403981,P1Y,0,,A,PU,_Z,2,,,False,WB_WDI,WB_WDI_NY_GDP_PCAP_PP_CD,MDG,_T,_T,_T,_Z,_Z,_Z,2013,A,PPP,
1558.112247,P1Y,0,,A,PU,_Z,2,,,False,WB_WDI,WB_WDI_NY_GDP_PCAP_PP_CD,MWI,_T,_T,_T,_Z,_Z,_Z,2013,A,PPP,
23160.892451,P1Y,0,,A,PU,_Z,2,,,False,WB_WDI,WB_WDI_NY_GDP_PCAP_PP_CD,MYS,_T,_T,_T,_Z,_Z,_Z,2013,A,PPP,
15264.090707,P1Y,0,,A,PU,_Z,2,,,False,WB_WDI,WB_WDI_NY_GDP_PCAP_PP_CD,MDV,_T,_T,_T,_Z,_Z,_Z,2013,A,PPP,
2059.284076,P1Y,0,,A,PU,_Z,2,,,False,WB_WDI,WB_WDI_NY_GDP_PCAP_PP_CD,MLI,_T,_T,_T,_Z,_Z,_Z,2013,A,PPP,
33138.037346,P1Y,0,,A,PU,_Z,2,,,False,WB_WDI,WB_WDI_NY_GDP_PCAP_PP_CD,MLT,_T,_T,_T,_Z,_Z,_Z,2013,A,PPP,
3845.003575,P1Y,0,,A,PU,_Z,2,,,False,WB_WDI,WB_WDI_NY_GDP_PCAP_PP_CD,MHL,_T,_T,_T,_Z,_Z,_Z,2013,A,PPP,
3831.04711,P1Y,0,,A,PU,_Z,2,,,False,WB_WDI,WB_WDI_NY_GDP_PCAP_PP_CD,MRT,_T,_T,_T,_Z,_Z,_Z,2013,A,PPP,
17275.863987,P1Y,0,,A,PU,_Z,2,,,False,WB_WDI,WB_WDI_NY_GDP_PCAP_PP_CD,KNA,_T,_T,_T,_Z,_Z,_Z,2004,A,PPP,
10610.296689,P1Y,0,,A,PU,_Z,2,,,False,WB_WDI,WB_WDI_NY_GDP_PCAP_PP_CD,LCA,_T,_T,_T,_Z,_Z,_Z,2004,A,PPP,
8471.962463,P1Y,0,,A,PU,_Z,2,,,False,WB_WDI,WB_WDI_NY_GDP_PCAP_PP_CD,VCT,_T,_T,_T,_Z,_Z,_Z,2004,A,PPP,
3215.236328,P1Y,0,,A,PU,_Z,2,,,False,WB_WDI,WB_WDI_NY_GDP_PCAP_PP_CD,SDN,_T,_T,_T,_Z,_Z,_Z,2004,A,PPP,
9388.818908,P1Y,0,,A,PU,_Z,2,,,False,WB_WDI,WB_WDI_NY_GDP_PCAP_PP_CD,SUR,_T,_T,_T,_Z,_Z,_Z,2004,A,PPP,
33804.857105,P1Y,0,,A,PU,_Z,2,,,False,WB_WDI,WB_WDI_NY_GDP_PCAP_PP_CD,SWE,_T,_T,_T,_Z,_Z,_Z,2004,A,PPP,
40171.180575,P1Y,0,,A,PU,_Z,2,,,False,WB_WDI,WB_WDI_NY_GDP_PCAP_PP_CD,CHE,_T,_T,_T,_Z,_Z,_Z,2004,A,PPP,
1550.07202,P1Y,0,,A,PU,_Z,2,,,False,WB_WDI,WB_WDI_NY_GDP_PCAP_PP_CD,TJK,_T,_T,_T,_Z,_Z,_Z,2004,A,PPP,
1482.162109,P1Y,0,,A,PU,_Z,2,,,False,WB_WDI,WB_WDI_NY_GDP_PCAP_PP_CD,TZA,_T,_T,_T,_Z,_Z,_Z,2004,A,PPP,
9545.338138,P1Y,0,,A,PU,_Z,2,,,False,WB_WDI,WB_WDI_NY_GDP_PCAP_PP_CD,THA,_T,_T,_T,_Z,_Z,_Z,2004,A,PPP,
1378.854043,P1Y,0,,A,PU,_Z,2,,,False,WB_WDI,WB_WDI_NY_GDP_PCAP_PP_CD,TLS,_T,_T,_T,_Z,_Z,_Z,2004,A,PPP,
1427.002284,P1Y,0,,A,PU,_Z,2,,,False,WB_WDI,WB_WDI_NY_GDP_PCAP_PP_CD,TGO,_T,_T,_T,_Z,_Z,_Z,2004,A,PPP,
1557.585849,P1Y,0,,A,PU,_Z,2,,,False,WB_WDI,WB_WDI_NY_GDP_PCAP_PP_CD,GIN,_T,_T,_T,_Z,_Z,_Z,2007,A,PPP,
1259.605607,P1Y,0,,A,PU,_Z,2,,,False,WB_WDI,WB_WDI_NY_GDP_PCAP_PP_CD,GNB,_T,_T,_T,_Z,_Z,_Z,2007,A,PPP,
8110.029999,P1Y,0,,A,PU,_Z,2,,,False,WB_WDI,WB_WDI_NY_GDP_PCAP_PP_CD,GUY,_T,_T,_T,_Z,_Z,_Z,2007,A,PPP,
2647.495386,P1Y,0,,A,PU,_Z,2,,,False,WB_WDI,WB_WDI_NY_GDP_PCAP_PP_CD,HTI,_T,_T,_T,_Z,_Z,_Z,2007,A,PPP,
3664.088285,P1Y,0,,A,PU,_Z,2,,,False,WB_WDI,WB_WDI_NY_GDP_PCAP_PP_CD,HND,_T,_T,_T,_Z,_Z,_Z,2007,A,PPP,
45257.651611,P1Y,0,,A,PU,_Z,2,,,False,WB_WDI,WB_WDI_NY_GDP_PCAP_PP_CD,HKG,_T,_T,_T,_Z,_Z,_Z,2007,A,PPP,
19089.293699,P1Y,0,,A,PU,_Z,2,,,False,WB_WDI,WB_WDI_NY_GDP_PCAP_PP_CD,HUN,_T,_T,_T,_Z,_Z,_Z,2007,A,PPP,
41471.33192,P1Y,0,,A,PU,_Z,2,,,False,WB_WDI,WB_WDI_NY_GDP_PCAP_PP_CD,ISL,_T,_T,_T,_Z,_Z,_Z,2007,A,PPP,
3508.061832,P1Y,0,,A,PU,_Z,2,,,False,WB_WDI,WB_WDI_NY_GDP_PCAP_PP_CD,IND,_T,_T,_T,_Z,_Z,_Z,2007,A,PPP,
7096.387689,P1Y,0,,A,PU,_Z,2,,,False,WB_WDI,WB_WDI_NY_GDP_PCAP_PP_CD,IDN,_T,_T,_T,_Z,_Z,_Z,2007,A,PPP,
17383.715656,P1Y,0,,A,PU,_Z,2,,,False,WB_WDI,WB_WDI_NY_GDP_PCAP_PP_CD,IRN,_T,_T,_T,_Z,_Z,_Z,2007,A,PPP,
24971.516112,P1Y,0,,A,PU,_Z,2,,,False,WB_WDI,WB_WDI_NY_GDP_PCAP_PP_CD,CEB,_T,_T,_T,_Z,_Z,_Z,2014,A,PPP,
8211.154837,P1Y,0,,A,PU,_Z,2,,,False,WB_WDI,WB_WDI_NY_GDP_PCAP_PP_CD,EAR,_T,_T,_T,_Z,_Z,_Z,2014,A,PPP,
14992.966101,P1Y,0,,A,PU,_Z,2,,,False,WB_WDI,WB_WDI_NY_GDP_PCAP_PP_CD,EAS,_T,_T,_T,_Z,_Z,_Z,2014,A,PPP,
11753.501863,P1Y,0,,A,PU,_Z,2,,,False,WB_WDI,WB_WDI_NY_GDP_PCAP_PP_CD,EAP,_T,_T,_T,_Z,_Z,_Z,2014,A,PPP,
11887.055616,P1Y,0,,A,PU,_Z,2,,,False,WB_WDI,WB_WDI_NY_GDP_PCAP_PP_CD,TEA,_T,_T,_T,_Z,_Z,_Z,2014,A,PPP,
40095.149735,P1Y,0,,A,PU,_Z,2,,,False,WB_WDI,WB_WDI_NY_GDP_PCAP_PP_CD,EMU,_T,_T,_T,_Z,_Z,_Z,2014,A,PPP,
30599.386552,P1Y,0,,A,PU,_Z,2,,,False,WB_WDI,WB_WDI_NY_GDP_PCAP_PP_CD,ECS,_T,_T,_T,_Z,_Z,_Z,2014,A,PPP,
15792.877953,P1Y,0,,A,PU,_Z,2,,,False,WB_WDI,WB_WDI_NY_GDP_PCAP_PP_CD,ECA,_T,_T,_T,_Z,_Z,_Z,2014,A,PPP,
20209.981561,P1Y,0,,A,PU,_Z,2,,,False,WB_WDI,WB_WDI_NY_GDP_PCAP_PP_CD,TEC,_T,_T,_T,_Z,_Z,_Z,2014,A,PPP,
37366.031997,P1Y,0,,A,PU,_Z,2,,,False,WB_WDI,WB_WDI_NY_GDP_PCAP_PP_CD,EUU,_T,_T,_T,_Z,_Z,_Z,2014,A,PPP,
2350.00965,P1Y,0,,A,PU,_Z,2,,,False,WB_WDI,WB_WDI_NY_GDP_PCAP_PP_CD,HPC,_T,_T,_T,_Z,_Z,_Z,2014,A,PPP,
42607.20141,P1Y,0,,A,PU,_Z,2,,,False,WB_WDI,WB_WDI_NY_GDP_PCAP_PP_CD,HIC,_T,_T,_T,_Z,_Z,_Z,2014,A,PPP,
11574.862901,P1Y,0,,A,PU,_Z,2,,,False,WB_WDI,WB_WDI_NY_GDP_PCAP_PP_CD,IBD,_T,_T,_T,_Z,_Z,_Z,2014,A,PPP,
3095.108504,P1Y,0,,A,PU,_Z,2,,,False,WB_WDI,WB_WDI_NY_GDP_PCAP_PP_CD,AFE,_T,_T,_T,_Z,_Z,_Z,2009,A,PPP,
4122.852971,P1Y,0,,A,PU,_Z,2,,,False,WB_WDI,WB_WDI_NY_GDP_PCAP_PP_CD,AFW,_T,_T,_T,_Z,_Z,_Z,2009,A,PPP,
14113.556077,P1Y,0,,A,PU,_Z,2,,,False,WB_WDI,WB_WDI_NY_GDP_PCAP_PP_CD,ARB,_T,_T,_T,_Z,_Z,_Z,2009,A,PPP,
19265.03319,P1Y,0,,A,PU,_Z,2,,,False,WB_WDI,WB_WDI_NY_GDP_PCAP_PP_CD,CSS,_T,_T,_T,_Z,_Z,_Z,2009,A,PPP,
19654.203467,P1Y,0,,A,PU,_Z,2,,,False,WB_WDI,WB_WDI_NY_GDP_PCAP_PP_CD,CEB,_T,_T,_T,_Z,_Z,_Z,2009,A,PPP,
6555.760053,P1Y,0,,A,PU,_Z,2,,,False,WB_WDI,WB_WDI_NY_GDP_PCAP_PP_CD,EAR,_T,_T,_T,_Z,_Z,_Z,2009,A,PPP,
10946.902446,P1Y,0,,A,PU,_Z,2,,,False,WB_WDI,WB_WDI_NY_GDP_PCAP_PP_CD,EAS,_T,_T,_T,_Z,_Z,_Z,2009,A,PPP,
8020.873475,P1Y,0,,A,PU,_Z,2,,,False,WB_WDI,WB_WDI_NY_GDP_PCAP_PP_CD,EAP,_T,_T,_T,_Z,_Z,_Z,2009,A,PPP,
8113.886258,P1Y,0,,A,PU,_Z,2,,,False,WB_WDI,WB_WDI_NY_GDP_PCAP_PP_CD,TEA,_T,_T,_T,_Z,_Z,_Z,2009,A,PPP,
34778.576022,P1Y,0,,A,PU,_Z,2,,,False,WB_WDI,WB_WDI_NY_GDP_PCAP_PP_CD,EMU,_T,_T,_T,_Z,_Z,_Z,2009,A,PPP,
25126.168297,P1Y,0,,A,PU,_Z,2,,,False,WB_WDI,WB_WDI_NY_GDP_PCAP_PP_CD,ECS,_T,_T,_T,_Z,_Z,_Z,2009,A,PPP,
11076.296895,P1Y,0,,A,PU,_Z,2,,,False,WB_WDI,WB_WDI_NY_GDP_PCAP_PP_CD,ECA,_T,_T,_T,_Z,_Z,_Z,2009,A,PPP,
14877.028433,P1Y,0,,A,PU,_Z,2,,,False,WB_WDI,WB_WDI_NY_GDP_PCAP_PP_CD,TEC,_T,_T,_T,_Z,_Z,_Z,2009,A,PPP,
13926.222622,P1Y,0,,A,PU,_Z,2,,,False,WB_WDI,WB_WDI_NY_GDP_PCAP_PP_CD,SUR,_T,_T,_T,_Z,_Z,_Z,2011,A,PPP,
44332.521739,P1Y,0,,A,PU,_Z,2,,,False,WB_WDI,WB_WDI_NY_GDP_PCAP_PP_CD,SWE,_T,_T,_T,_Z,_Z,_Z,2011,A,PPP,
57493.581056,P1Y,0,,A,PU,_Z,2,,,False,WB_WDI,WB_WDI_NY_GDP_PCAP_PP_CD,CHE,_T,_T,_T,_Z,_Z,_Z,2011,A,PPP,
2455.972783,P1Y,0,,A,PU,_Z,2,,,False,WB_WDI,WB_WDI_NY_GDP_PCAP_PP_CD,TJK,_T,_T,_T,_Z,_Z,_Z,2011,A,PPP,
2211.466797,P1Y,0,,A,PU,_Z,2,,,False,WB_WDI,WB_WDI_NY_GDP_PCAP_PP_CD,TZA,_T,_T,_T,_Z,_Z,_Z,2011,A,PPP,
13227.454109,P1Y,0,,A,PU,_Z,2,,,False,WB_WDI,WB_WDI_NY_GDP_PCAP_PP_CD,THA,_T,_T,_T,_Z,_Z,_Z,2011,A,PPP,
2065.960555,P1Y,0,,A,PU,_Z,2,,,False,WB_WDI,WB_WDI_NY_GDP_PCAP_PP_CD,TLS,_T,_T,_T,_Z,_Z,_Z,2011,A,PPP,
1615.981464,P1Y,0,,A,PU,_Z,2,,,False,WB_WDI,WB_WDI_NY_GDP_PCAP_PP_CD,TGO,_T,_T,_T,_Z,_Z,_Z,2011,A,PPP,
4855.429237,P1Y,0,,A,PU,_Z,2,,,False,WB_WDI,WB_WDI_NY_GDP_PCAP_PP_CD,TON,_T,_T,_T,_Z,_Z,_Z,2011,A,PPP,
31077.79697,P1Y,0,,A,PU,_Z,2,,,False,WB_WDI,WB_WDI_NY_GDP_PCAP_PP_CD,TTO,_T,_T,_T,_Z,_Z,_Z,2011,A,PPP,
56790.376618,P1Y,0,,A,PU,_Z,2,,,False,WB_WDI,WB_WDI_NY_GDP_PCAP_PP_CD,FIN,_T,_T,_T,_Z,_Z,_Z,2021,A,PPP,
52517.335491,P1Y,0,,A,PU,_Z,2,,,False,WB_WDI,WB_WDI_NY_GDP_PCAP_PP_CD,FRA,_T,_T,_T,_Z,_Z,_Z,2021,A,PPP,
18523.579803,P1Y,0,,A,PU,_Z,2,,,False,WB_WDI,WB_WDI_NY_GDP_PCAP_PP_CD,GAB,_T,_T,_T,_Z,_Z,_Z,2021,A,PPP,
2777.79621,P1Y,0,,A,PU,_Z,2,,,False,WB_WDI,WB_WDI_NY_GDP_PCAP_PP_CD,GMB,_T,_T,_T,_Z,_Z,_Z,2021,A,PPP,
18915.653401,P1Y,0,,A,PU,_Z,2,,,False,WB_WDI,WB_WDI_NY_GDP_PCAP_PP_CD,GEO,_T,_T,_T,_Z,_Z,_Z,2021,A,PPP,
62530.76532,P1Y,0,,A,PU,_Z,2,,,False,WB_WDI,WB_WDI_NY_GDP_PCAP_PP_CD,DEU,_T,_T,_T,_Z,_Z,_Z,2021,A,PPP,
6607.502974,P1Y,0,,A,PU,_Z,2,,,False,WB_WDI,WB_WDI_NY_GDP_PCAP_PP_CD,GHA,_T,_T,_T,_Z,_Z,_Z,2021,A,PPP,
33531.155112,P1Y,0,,A,PU,_Z,2,,,False,WB_WDI,WB_WDI_NY_GDP_PCAP_PP_CD,GRC,_T,_T,_T,_Z,_Z,_Z,2021,A,PPP,
69302.008879,P1Y,0,,A,PU,_Z,2,,,False,WB_WDI,WB_WDI_NY_GDP_PCAP_PP_CD,GRL,_T,_T,_T,_Z,_Z,_Z,2021,A,PPP,
15290.250903,P1Y,0,,A,PU,_Z,2,,,False,WB_WDI,WB_WDI_NY_GDP_PCAP_PP_CD,GRD,_T,_T,_T,_Z,_Z,_Z,2021,A,PPP,
11825.141274,P1Y,0,,A,PU,_Z,2,,,False,WB_WDI,WB_WDI_NY_GDP_PCAP_PP_CD,GTM,_T,_T,_T,_Z,_Z,_Z,2021,A,PPP,
8968.940408,P1Y,0,,A,PU,_Z,2,,,False,WB_WDI,WB_WDI_NY_GDP_PCAP_PP_CD,ECU,_T,_T,_T,_Z,_Z,_Z,2010,A,PPP,
8837.7645,P1Y,0,,A,PU,_Z,2,,,False,WB_WDI,WB_WDI_NY_GDP_PCAP_PP_CD,EGY,_T,_T,_T,_Z,_Z,_Z,2010,A,PPP,
6247.914527,P1Y,0,,A,PU,_Z,2,,,False,WB_WDI,WB_WDI_NY_GDP_PCAP_PP_CD,SLV,_T,_T,_T,_Z,_Z,_Z,2010,A,PPP,
26167.826853,P1Y,0,,A,PU,_Z,2,,,False,WB_WDI,WB_WDI_NY_GDP_PCAP_PP_CD,GNQ,_T,_T,_T,_Z,_Z,_Z,2010,A,PPP,
1599.191061,P1Y,0,,A,PU,_Z,2,,,False,WB_WDI,WB_WDI_NY_GDP_PCAP_PP_CD,ERI,_T,_T,_T,_Z,_Z,_Z,2010,A,PPP,
21614.306831,P1Y,0,,A,PU,_Z,2,,,False,WB_WDI,WB_WDI_NY_GDP_PCAP_PP_CD,EST,_T,_T,_T,_Z,_Z,_Z,2010,A,PPP,
7324.463931,P1Y,0,,A,PU,_Z,2,,,False,WB_WDI,WB_WDI_NY_GDP_PCAP_PP_CD,SWZ,_T,_T,_T,_Z,_Z,_Z,2010,A,PPP,
995.653979,P1Y,0,,A,PU,_Z,2,,,False,WB_WDI,WB_WDI_NY_GDP_PCAP_PP_CD,ETH,_T,_T,_T,_Z,_Z,_Z,2010,A,PPP,
39766.591103,P1Y,0,,A,PU,_Z,2,,,False,WB_WDI,WB_WDI_NY_GDP_PCAP_PP_CD,FRO,_T,_T,_T,_Z,_Z,_Z,2010,A,PPP,
7339.476852,P1Y,0,,A,PU,_Z,2,,,False,WB_WDI,WB_WDI_NY_GDP_PCAP_PP_CD,FJI,_T,_T,_T,_Z,_Z,_Z,2010,A,PPP,
38946.228265,P1Y,0,,A,PU,_Z,2,,,False,WB_WDI,WB_WDI_NY_GDP_PCAP_PP_CD,FIN,_T,_T,_T,_Z,_Z,_Z,2010,A,PPP,
35907.553103,P1Y,0,,A,PU,_Z,2,,,False,WB_WDI,WB_WDI_NY_GDP_PCAP_PP_CD,FRA,_T,_T,_T,_Z,_Z,_Z,2010,A,PPP,
14673.056025,P1Y,0,,A,PU,_Z,2,,,False,WB_WDI,WB_WDI_NY_GDP_PCAP_PP_CD,PLW,_T,_T,_T,_Z,_Z,_Z,2011,A,PPP,
17473.765117,P1Y,0,,A,PU,_Z,2,,,False,WB_WDI,WB_WDI_NY_GDP_PCAP_PP_CD,PAN,_T,_T,_T,_Z,_Z,_Z,2011,A,PPP,
2918.543918,P1Y,0,,A,PU,_Z,2,,,False,WB_WDI,WB_WDI_NY_GDP_PCAP_PP_CD,PNG,_T,_T,_T,_Z,_Z,_Z,2011,A,PPP,
11441.763677,P1Y,0,,A,PU,_Z,2,,,False,WB_WDI,WB_WDI_NY_GDP_PCAP_PP_CD,PRY,_T,_T,_T,_Z,_Z,_Z,2011,A,PPP,
10462.577043,P1Y,0,,A,PU,_Z,2,,,False,WB_WDI,WB_WDI_NY_GDP_PCAP_PP_CD,PER,_T,_T,_T,_Z,_Z,_Z,2011,A,PPP,
5705.435912,P1Y,0,,A,PU,_Z,2,,,False,WB_WDI,WB_WDI_NY_GDP_PCAP_PP_CD,PHL,_T,_T,_T,_Z,_Z,_Z,2011,A,PPP,
22808.505527,P1Y,0,,A,PU,_Z,2,,,False,WB_WDI,WB_WDI_NY_GDP_PCAP_PP_CD,POL,_T,_T,_T,_Z,_Z,_Z,2011,A,PPP,
26803.23369,P1Y,0,,A,PU,_Z,2,,,False,WB_WDI,WB_WDI_NY_GDP_PCAP_PP_CD,PRT,_T,_T,_T,_Z,_Z,_Z,2011,A,PPP,
31697.218865,P1Y,0,,A,PU,_Z,2,,,False,WB_WDI,WB_WDI_NY_GDP_PCAP_PP_CD,PRI,_T,_T,_T,_Z,_Z,_Z,2011,A,PPP,
174619.917707,P1Y,0,,A,PU,_Z,2,,,False,WB_WDI,WB_WDI_NY_GDP_PCAP_PP_CD,QAT,_T,_T,_T,_Z,_Z,_Z,2011,A,PPP,
18803.867881,P1Y,0,,A,PU,_Z,2,,,False,WB_WDI,WB_WDI_NY_GDP_PCAP_PP_CD,ROU,_T,_T,_T,_Z,_Z,_Z,2011,A,PPP,
55029.871214,P1Y,0,,A,PU,_Z,2,,,False,WB_WDI,WB_WDI_NY_GDP_PCAP_PP_CD,SAU,_T,_T,_T,_Z,_Z,_Z,2007,A,PPP,
2499.315829,P1Y,0,,A,PU,_Z,2,,,False,WB_WDI,WB_WDI_NY_GDP_PCAP_PP_CD,SEN,_T,_T,_T,_Z,_Z,_Z,2007,A,PPP,
11685.388409,P1Y,0,,A,PU,_Z,2,,,False,WB_WDI,WB_WDI_NY_GDP_PCAP_PP_CD,SRB,_T,_T,_T,_Z,_Z,_Z,2007,A,PPP,
19473.420675,P1Y,0,,A,PU,_Z,2,,,False,WB_WDI,WB_WDI_NY_GDP_PCAP_PP_CD,SYC,_T,_T,_T,_Z,_Z,_Z,2007,A,PPP,
1769.779721,P1Y,0,,A,PU,_Z,2,,,False,WB_WDI,WB_WDI_NY_GDP_PCAP_PP_CD,SLE,_T,_T,_T,_Z,_Z,_Z,2007,A,PPP,
68804.983215,P1Y,0,,A,PU,_Z,2,,,False,WB_WDI,WB_WDI_NY_GDP_PCAP_PP_CD,SGP,_T,_T,_T,_Z,_Z,_Z,2007,A,PPP,
21232.270338,P1Y,0,,A,PU,_Z,2,,,False,WB_WDI,WB_WDI_NY_GDP_PCAP_PP_CD,SVK,_T,_T,_T,_Z,_Z,_Z,2007,A,PPP,
27468.038851,P1Y,0,,A,PU,_Z,2,,,False,WB_WDI,WB_WDI_NY_GDP_PCAP_PP_CD,SVN,_T,_T,_T,_Z,_Z,_Z,2007,A,PPP,
1868.755072,P1Y,0,,A,PU,_Z,2,,,False,WB_WDI,WB_WDI_NY_GDP_PCAP_PP_CD,SLB,_T,_T,_T,_Z,_Z,_Z,2007,A,PPP,
700.174058,P1Y,0,,A,PU,_Z,2,,,False,WB_WDI,WB_WDI_NY_GDP_PCAP_PP_CD,SOM,_T,_T,_T,_Z,_Z,_Z,2007,A,PPP,
12046.605107,P1Y,0,,A,PU,_Z,2,,,False,WB_WDI,WB_WDI_NY_GDP_PCAP_PP_CD,ZAF,_T,_T,_T,_Z,_Z,_Z,2007,A,PPP,
55271.5976,P1Y,0,,A,PU,_Z,2,,,False,WB_WDI,WB_WDI_NY_GDP_PCAP_PP_CD,DNK,_T,_T,_T,_Z,_Z,_Z,2017,A,PPP,
4676.713361,P1Y,0,,A,PU,_Z,2,,,False,WB_WDI,WB_WDI_NY_GDP_PCAP_PP_CD,DJI,_T,_T,_T,_Z,_Z,_Z,2017,A,PPP,
12696.195661,P1Y,0,,A,PU,_Z,2,,,False,WB_WDI,WB_WDI_NY_GDP_PCAP_PP_CD,DMA,_T,_T,_T,_Z,_Z,_Z,2017,A,PPP,
16846.207232,P1Y,0,,A,PU,_Z,2,,,False,WB_WDI,WB_WDI_NY_GDP_PCAP_PP_CD,DOM,_T,_T,_T,_Z,_Z,_Z,2017,A,PPP,
11793.479743,P1Y,0,,A,PU,_Z,2,,,False,WB_WDI,WB_WDI_NY_GDP_PCAP_PP_CD,ECU,_T,_T,_T,_Z,_Z,_Z,2017,A,PPP,
11124.73511,P1Y,0,,A,PU,_Z,2,,,False,WB_WDI,WB_WDI_NY_GDP_PCAP_PP_CD,EGY,_T,_T,_T,_Z,_Z,_Z,2017,A,PPP,
8965.218909,P1Y,0,,A,PU,_Z,2,,,False,WB_WDI,WB_WDI_NY_GDP_PCAP_PP_CD,SLV,_T,_T,_T,_Z,_Z,_Z,2017,A,PPP,
18434.770857,P1Y,0,,A,PU,_Z,2,,,False,WB_WDI,WB_WDI_NY_GDP_PCAP_PP_CD,GNQ,_T,_T,_T,_Z,_Z,_Z,2017,A,PPP,
34506.648694,P1Y,0,,A,PU,_Z,2,,,False,WB_WDI,WB_WDI_NY_GDP_PCAP_PP_CD,EST,_T,_T,_T,_Z,_Z,_Z,2017,A,PPP,
8584.311008,P1Y,0,,A,PU,_Z,2,,,False,WB_WDI,WB_WDI_NY_GDP_PCAP_PP_CD,SWZ,_T,_T,_T,_Z,_Z,_Z,2017,A,PPP,
32970.839539,P1Y,0,,A,PU,_Z,2,,,False,WB_WDI,WB_WDI_NY_GDP_PCAP_PP_CD,PRT,_T,_T,_T,_Z,_Z,_Z,2017,A,PPP,
31866.616057,P1Y,0,,A,PU,_Z,2,,,False,WB_WDI,WB_WDI_NY_GDP_PCAP_PP_CD,PRI,_T,_T,_T,_Z,_Z,_Z,2017,A,PPP,
99358.373388,P1Y,0,,A,PU,_Z,2,,,False,WB_WDI,WB_WDI_NY_GDP_PCAP_PP_CD,QAT,_T,_T,_T,_Z,_Z,_Z,2017,A,PPP,
26943.308542,P1Y,0,,A,PU,_Z,2,,,False,WB_WDI,WB_WDI_NY_GDP_PCAP_PP_CD,ROU,_T,_T,_T,_Z,_Z,_Z,2017,A,PPP,
25777.904297,P1Y,0,,A,PU,_Z,2,,,False,WB_WDI,WB_WDI_NY_GDP_PCAP_PP_CD,RUS,_T,_T,_T,_Z,_Z,_Z,2017,A,PPP,
1967.942866,P1Y,0,,A,PU,_Z,2,,,False,WB_WDI,WB_WDI_NY_GDP_PCAP_PP_CD,RWA,_T,_T,_T,_Z,_Z,_Z,2017,A,PPP,
6280.215005,P1Y,0,,A,PU,_Z,2,,,False,WB_WDI,WB_WDI_NY_GDP_PCAP_PP_CD,WSM,_T,_T,_T,_Z,_Z,_Z,2017,A,PPP,
52463.41964,P1Y,0,,A,PU,_Z,2,,,False,WB_WDI,WB_WDI_NY_GDP_PCAP_PP_CD,SMR,_T,_T,_T,_Z,_Z,_Z,2017,A,PPP,
3436.310101,P1Y,0,,A,PU,_Z,2,,,False,WB_WDI,WB_WDI_NY_GDP_PCAP_PP_CD,STP,_T,_T,_T,_Z,_Z,_Z,2017,A,PPP,
53120.457246,P1Y,0,,A,PU,_Z,2,,,False,WB_WDI,WB_WDI_NY_GDP_PCAP_PP_CD,SAU,_T,_T,_T,_Z,_Z,_Z,2017,A,PPP,
3234.361582,P1Y,0,,A,PU,_Z,2,,,False,WB_WDI,WB_WDI_NY_GDP_PCAP_PP_CD,SEN,_T,_T,_T,_Z,_Z,_Z,2017,A,PPP,
2262.49853,P1Y,0,,A,PU,_Z,2,,,False,WB_WDI,WB_WDI_NY_GDP_PCAP_PP_CD,COM,_T,_T,_T,_Z,_Z,_Z,2008,A,PPP,
584.02081,P1Y,0,,A,PU,_Z,2,,,False,WB_WDI,WB_WDI_NY_GDP_PCAP_PP_CD,COD,_T,_T,_T,_Z,_Z,_Z,2008,A,PPP,
4448.332617,P1Y,0,,A,PU,_Z,2,,,False,WB_WDI,WB_WDI_NY_GDP_PCAP_PP_CD,COG,_T,_T,_T,_Z,_Z,_Z,2008,A,PPP,
12471.672311,P1Y,0,,A,PU,_Z,2,,,False,WB_WDI,WB_WDI_NY_GDP_PCAP_PP_CD,CRI,_T,_T,_T,_Z,_Z,_Z,2008,A,PPP,
3115.837892,P1Y,0,,A,PU,_Z,2,,,False,WB_WDI,WB_WDI_NY_GDP_PCAP_PP_CD,CIV,_T,_T,_T,_Z,_Z,_Z,2008,A,PPP,
21017.948595,P1Y,0,,A,PU,_Z,2,,,False,WB_WDI,WB_WDI_NY_GDP_PCAP_PP_CD,HRV,_T,_T,_T,_Z,_Z,_Z,2008,A,PPP,
26098.471153,P1Y,0,,A,PU,_Z,2,,,False,WB_WDI,WB_WDI_NY_GDP_PCAP_PP_CD,CUW,_T,_T,_T,_Z,_Z,_Z,2008,A,PPP,
34830.113281,P1Y,0,,A,PU,_Z,2,,,False,WB_WDI,WB_WDI_NY_GDP_PCAP_PP_CD,CYP,_T,_T,_T,_Z,_Z,_Z,2008,A,PPP,
27937.841568,P1Y,0,,A,PU,_Z,2,,,False,WB_WDI,WB_WDI_NY_GDP_PCAP_PP_CD,CZE,_T,_T,_T,_Z,_Z,_Z,2008,A,PPP,
41467.386188,P1Y,0,,A,PU,_Z,2,,,False,WB_WDI,WB_WDI_NY_GDP_PCAP_PP_CD,DNK,_T,_T,_T,_Z,_Z,_Z,2008,A,PPP,
73986.06364,P1Y,0,,A,PU,_Z,2,,,False,WB_WDI,WB_WDI_NY_GDP_PCAP_PP_CD,ARE,_T,_T,_T,_Z,_Z,_Z,2015,A,PPP,
42515.278866,P1Y,0,,A,PU,_Z,2,,,False,WB_WDI,WB_WDI_NY_GDP_PCAP_PP_CD,GBR,_T,_T,_T,_Z,_Z,_Z,2015,A,PPP,
56849.469792,P1Y,0,,A,PU,_Z,2,,,False,WB_WDI,WB_WDI_NY_GDP_PCAP_PP_CD,USA,_T,_T,_T,_Z,_Z,_Z,2015,A,PPP,
22168.611419,P1Y,0,,A,PU,_Z,2,,,False,WB_WDI,WB_WDI_NY_GDP_PCAP_PP_CD,URY,_T,_T,_T,_Z,_Z,_Z,2015,A,PPP,
6799.573328,P1Y,0,,A,PU,_Z,2,,,False,WB_WDI,WB_WDI_NY_GDP_PCAP_PP_CD,UZB,_T,_T,_T,_Z,_Z,_Z,2015,A,PPP,
2965.841433,P1Y,0,,A,PU,_Z,2,,,False,WB_WDI,WB_WDI_NY_GDP_PCAP_PP_CD,VUT,_T,_T,_T,_Z,_Z,_Z,2015,A,PPP,
7671.581978,P1Y,0,,A,PU,_Z,2,,,False,WB_WDI,WB_WDI_NY_GDP_PCAP_PP_CD,VNM,_T,_T,_T,_Z,_Z,_Z,2015,A,PPP,
32573.716681,P1Y,0,,A,PU,_Z,2,,,False,WB_WDI,WB_WDI_NY_GDP_PCAP_PP_CD,VIR,_T,_T,_T,_Z,_Z,_Z,2015,A,PPP,
5769.982366,P1Y,0,,A,PU,_Z,2,,,False,WB_WDI,WB_WDI_NY_GDP_PCAP_PP_CD,PSE,_T,_T,_T,_Z,_Z,_Z,2015,A,PPP,
2184.876603,P1Y,0,,A,PU,_Z,2,,,False,WB_WDI,WB_WDI_NY_GDP_PCAP_PP_CD,MLI,_T,_T,_T,_Z,_Z,_Z,2014,A,PPP,
35205.701267,P1Y,0,,A,PU,_Z,2,,,False,WB_WDI,WB_WDI_NY_GDP_PCAP_PP_CD,MLT,_T,_T,_T,_Z,_Z,_Z,2014,A,PPP,
3931.344106,P1Y,0,,A,PU,_Z,2,,,False,WB_WDI,WB_WDI_NY_GDP_PCAP_PP_CD,MHL,_T,_T,_T,_Z,_Z,_Z,2014,A,PPP,
3865.142587,P1Y,0,,A,PU,_Z,2,,,False,WB_WDI,WB_WDI_NY_GDP_PCAP_PP_CD,MRT,_T,_T,_T,_Z,_Z,_Z,2014,A,PPP,
19294.468283,P1Y,0,,A,PU,_Z,2,,,False,WB_WDI,WB_WDI_NY_GDP_PCAP_PP_CD,MUS,_T,_T,_T,_Z,_Z,_Z,2014,A,PPP,
18820.79911,P1Y,0,,A,PU,_Z,2,,,False,WB_WDI,WB_WDI_NY_GDP_PCAP_PP_CD,MEX,_T,_T,_T,_Z,_Z,_Z,2014,A,PPP,
3129.546941,P1Y,0,,A,PU,_Z,2,,,False,WB_WDI,WB_WDI_NY_GDP_PCAP_PP_CD,FSM,_T,_T,_T,_Z,_Z,_Z,2014,A,PPP,
8643.064314,P1Y,0,,A,PU,_Z,2,,,False,WB_WDI,WB_WDI_NY_GDP_PCAP_PP_CD,MDA,_T,_T,_T,_Z,_Z,_Z,2014,A,PPP,
10900.23052,P1Y,0,,A,PU,_Z,2,,,False,WB_WDI,WB_WDI_NY_GDP_PCAP_PP_CD,MNG,_T,_T,_T,_Z,_Z,_Z,2014,A,PPP,
15276.033406,P1Y,0,,A,PU,_Z,2,,,False,WB_WDI,WB_WDI_NY_GDP_PCAP_PP_CD,MNE,_T,_T,_T,_Z,_Z,_Z,2014,A,PPP,
5955.82945,P1Y,0,,A,PU,_Z,2,,,False,WB_WDI,WB_WDI_NY_GDP_PCAP_PP_CD,BIH,_T,_T,_T,_Z,_Z,_Z,2005,A,PPP,
11458.227097,P1Y,0,,A,PU,_Z,2,,,False,WB_WDI,WB_WDI_NY_GDP_PCAP_PP_CD,BWA,_T,_T,_T,_Z,_Z,_Z,2005,A,PPP,
11081.247474,P1Y,0,,A,PU,_Z,2,,,False,WB_WDI,WB_WDI_NY_GDP_PCAP_PP_CD,BRA,_T,_T,_T,_Z,_Z,_Z,2005,A,PPP,
81534.17154,P1Y,0,,A,PU,_Z,2,,,False,WB_WDI,WB_WDI_NY_GDP_PCAP_PP_CD,BRN,_T,_T,_T,_Z,_Z,_Z,2005,A,PPP,
10291.428291,P1Y,0,,A,PU,_Z,2,,,False,WB_WDI,WB_WDI_NY_GDP_PCAP_PP_CD,BGR,_T,_T,_T,_Z,_Z,_Z,2005,A,PPP,
1171.764323,P1Y,0,,A,PU,_Z,2,,,False,WB_WDI,WB_WDI_NY_GDP_PCAP_PP_CD,BFA,_T,_T,_T,_Z,_Z,_Z,2005,A,PPP,
553.047974,P1Y,0,,A,PU,_Z,2,,,False,WB_WDI,WB_WDI_NY_GDP_PCAP_PP_CD,BDI,_T,_T,_T,_Z,_Z,_Z,2005,A,PPP,
4324.202325,P1Y,0,,A,PU,_Z,2,,,False,WB_WDI,WB_WDI_NY_GDP_PCAP_PP_CD,CPV,_T,_T,_T,_Z,_Z,_Z,2005,A,PPP,
2038.145986,P1Y,0,,A,PU,_Z,2,,,False,WB_WDI,WB_WDI_NY_GDP_PCAP_PP_CD,KHM,_T,_T,_T,_Z,_Z,_Z,2005,A,PPP,
2597.680399,P1Y,0,,A,PU,_Z,2,,,False,WB_WDI,WB_WDI_NY_GDP_PCAP_PP_CD,CMR,_T,_T,_T,_Z,_Z,_Z,2005,A,PPP,
36328.378994,P1Y,0,,A,PU,_Z,2,,,False,WB_WDI,WB_WDI_NY_GDP_PCAP_PP_CD,CAN,_T,_T,_T,_Z,_Z,_Z,2005,A,PPP,
619.987511,P1Y,0,,A,PU,_Z,2,,,False,WB_WDI,WB_WDI_NY_GDP_PCAP_PP_CD,MOZ,_T,_T,_T,_Z,_Z,_Z,2003,A,PPP,
1384.528518,P1Y,0,,A,PU,_Z,2,,,False,WB_WDI,WB_WDI_NY_GDP_PCAP_PP_CD,MMR,_T,_T,_T,_Z,_Z,_Z,2003,A,PPP,
5692.633738,P1Y,0,,A,PU,_Z,2,,,False,WB_WDI,WB_WDI_NY_GDP_PCAP_PP_CD,NAM,_T,_T,_T,_Z,_Z,_Z,2003,A,PPP,
5260.705661,P1Y,0,,A,PU,_Z,2,,,False,WB_WDI,WB_WDI_NY_GDP_PCAP_PP_CD,NRU,_T,_T,_T,_Z,_Z,_Z,2003,A,PPP,
1453.183658,P1Y,0,,A,PU,_Z,2,,,False,WB_WDI,WB_WDI_NY_GDP_PCAP_PP_CD,NPL,_T,_T,_T,_Z,_Z,_Z,2003,A,PPP,
34286.383352,P1Y,0,,A,PU,_Z,2,,,False,WB_WDI,WB_WDI_NY_GDP_PCAP_PP_CD,NLD,_T,_T,_T,_Z,_Z,_Z,2003,A,PPP,
23996.448675,P1Y,0,,A,PU,_Z,2,,,False,WB_WDI,WB_WDI_NY_GDP_PCAP_PP_CD,NZL,_T,_T,_T,_Z,_Z,_Z,2003,A,PPP,
3046.108683,P1Y,0,,A,PU,_Z,2,,,False,WB_WDI,WB_WDI_NY_GDP_PCAP_PP_CD,NIC,_T,_T,_T,_Z,_Z,_Z,2003,A,PPP,
836.978441,P1Y,0,,A,PU,_Z,2,,,False,WB_WDI,WB_WDI_NY_GDP_PCAP_PP_CD,NER,_T,_T,_T,_Z,_Z,_Z,2003,A,PPP,
4014.866954,P1Y,0,,A,PU,_Z,2,,,False,WB_WDI,WB_WDI_NY_GDP_PCAP_PP_CD,NGA,_T,_T,_T,_Z,_Z,_Z,2003,A,PPP,
6608.207531,P1Y,0,,A,PU,_Z,2,,,False,WB_WDI,WB_WDI_NY_GDP_PCAP_PP_CD,MKD,_T,_T,_T,_Z,_Z,_Z,2003,A,PPP,
4458.690544,P1Y,0,,A,PU,_Z,2,,,False,WB_WDI,WB_WDI_NY_GDP_PCAP_PP_CD,MMR,_T,_T,_T,_Z,_Z,_Z,2015,A,PPP,
10465.892056,P1Y,0,,A,PU,_Z,2,,,False,WB_WDI,WB_WDI_NY_GDP_PCAP_PP_CD,NAM,_T,_T,_T,_Z,_Z,_Z,2015,A,PPP,
9955.335487,P1Y,0,,A,PU,_Z,2,,,False,WB_WDI,WB_WDI_NY_GDP_PCAP_PP_CD,NRU,_T,_T,_T,_Z,_Z,_Z,2015,A,PPP,
2957.305591,P1Y,0,,A,PU,_Z,2,,,False,WB_WDI,WB_WDI_NY_GDP_PCAP_PP_CD,NPL,_T,_T,_T,_Z,_Z,_Z,2015,A,PPP,
50956.693094,P1Y,0,,A,PU,_Z,2,,,False,WB_WDI,WB_WDI_NY_GDP_PCAP_PP_CD,NLD,_T,_T,_T,_Z,_Z,_Z,2015,A,PPP,
37513.296387,P1Y,0,,A,PU,_Z,2,,,False,WB_WDI,WB_WDI_NY_GDP_PCAP_PP_CD,NZL,_T,_T,_T,_Z,_Z,_Z,2015,A,PPP,
5448.89226,P1Y,0,,A,PU,_Z,2,,,False,WB_WDI,WB_WDI_NY_GDP_PCAP_PP_CD,NIC,_T,_T,_T,_Z,_Z,_Z,2015,A,PPP,
1172.191788,P1Y,0,,A,PU,_Z,2,,,False,WB_WDI,WB_WDI_NY_GDP_PCAP_PP_CD,NER,_T,_T,_T,_Z,_Z,_Z,2015,A,PPP,
7307.837882,P1Y,0,,A,PU,_Z,2,,,False,WB_WDI,WB_WDI_NY_GDP_PCAP_PP_CD,NGA,_T,_T,_T,_Z,_Z,_Z,2015,A,PPP,
15034.16776,P1Y,0,,A,PU,_Z,2,,,False,WB_WDI,WB_WDI_NY_GDP_PCAP_PP_CD,MKD,_T,_T,_T,_Z,_Z,_Z,2015,A,PPP,
21557.656746,P1Y,0,,A,PU,_Z,2,,,False,WB_WDI,WB_WDI_NY_GDP_PCAP_PP_CD,LTU,_T,_T,_T,_Z,_Z,_Z,2011,A,PPP,
94475.030227,P1Y,0,,A,PU,_Z,2,,,False,WB_WDI,WB_WDI_NY_GDP_PCAP_PP_CD,LUX,_T,_T,_T,_Z,_Z,_Z,2011,A,PPP,
121085.679345,P1Y,0,,A,PU,_Z,2,,,False,WB_WDI,WB_WDI_NY_GDP_PCAP_PP_CD,MAC,_T,_T,_T,_Z,_Z,_Z,2011,A,PPP,
1475.170552,P1Y,0,,A,PU,_Z,2,,,False,WB_WDI,WB_WDI_NY_GDP_PCAP_PP_CD,MDG,_T,_T,_T,_Z,_Z,_Z,2011,A,PPP,
1516.211183,P1Y,0,,A,PU,_Z,2,,,False,WB_WDI,WB_WDI_NY_GDP_PCAP_PP_CD,MWI,_T,_T,_T,_Z,_Z,_Z,2011,A,PPP,
21324.3595,P1Y,0,,A,PU,_Z,2,,,False,WB_WDI,WB_WDI_NY_GDP_PCAP_PP_CD,MYS,_T,_T,_T,_Z,_Z,_Z,2011,A,PPP,
13726.326209,P1Y,0,,A,PU,_Z,2,,,False,WB_WDI,WB_WDI_NY_GDP_PCAP_PP_CD,MDV,_T,_T,_T,_Z,_Z,_Z,2011,A,PPP,
2046.225671,P1Y,0,,A,PU,_Z,2,,,False,WB_WDI,WB_WDI_NY_GDP_PCAP_PP_CD,MLI,_T,_T,_T,_Z,_Z,_Z,2011,A,PPP,
29425.906242,P1Y,0,,A,PU,_Z,2,,,False,WB_WDI,WB_WDI_NY_GDP_PCAP_PP_CD,MLT,_T,_T,_T,_Z,_Z,_Z,2011,A,PPP,
3536.560042,P1Y,0,,A,PU,_Z,2,,,False,WB_WDI,WB_WDI_NY_GDP_PCAP_PP_CD,MHL,_T,_T,_T,_Z,_Z,_Z,2011,A,PPP,
3270.862513,P1Y,0,,A,PU,_Z,2,,,False,WB_WDI,WB_WDI_NY_GDP_PCAP_PP_CD,MRT,_T,_T,_T,_Z,_Z,_Z,2011,A,PPP,
15682.070328,P1Y,0,,A,PU,_Z,2,,,False,WB_WDI,WB_WDI_NY_GDP_PCAP_PP_CD,MDA,_T,_T,_T,_Z,_Z,_Z,2021,A,PPP,
14792.250909,P1Y,0,,A,PU,_Z,2,,,False,WB_WDI,WB_WDI_NY_GDP_PCAP_PP_CD,MNG,_T,_T,_T,_Z,_Z,_Z,2021,A,PPP,
23690.077351,P1Y,0,,A,PU,_Z,2,,,False,WB_WDI,WB_WDI_NY_GDP_PCAP_PP_CD,MNE,_T,_T,_T,_Z,_Z,_Z,2021,A,PPP,
8623.265625,P1Y,0,,A,PU,_Z,2,,,False,WB_WDI,WB_WDI_NY_GDP_PCAP_PP_CD,MAR,_T,_T,_T,_Z,_Z,_Z,2021,A,PPP,
1457.235409,P1Y,0,,A,PU,_Z,2,,,False,WB_WDI,WB_WDI_NY_GDP_PCAP_PP_CD,MOZ,_T,_T,_T,_Z,_Z,_Z,2021,A,PPP,
5178.447182,P1Y,0,,A,PU,_Z,2,,,False,WB_WDI,WB_WDI_NY_GDP_PCAP_PP_CD,MMR,_T,_T,_T,_Z,_Z,_Z,2021,A,PPP,
9709.099306,P1Y,0,,A,PU,_Z,2,,,False,WB_WDI,WB_WDI_NY_GDP_PCAP_PP_CD,NAM,_T,_T,_T,_Z,_Z,_Z,2021,A,PPP,
12112.235838,P1Y,0,,A,PU,_Z,2,,,False,WB_WDI,WB_WDI_NY_GDP_PCAP_PP_CD,NRU,_T,_T,_T,_Z,_Z,_Z,2021,A,PPP,
4546.2297,P1Y,0,,A,PU,_Z,2,,,False,WB_WDI,WB_WDI_NY_GDP_PCAP_PP_CD,NPL,_T,_T,_T,_Z,_Z,_Z,2021,A,PPP,
68573.564879,P1Y,0,,A,PU,_Z,2,,,False,WB_WDI,WB_WDI_NY_GDP_PCAP_PP_CD,NLD,_T,_T,_T,_Z,_Z,_Z,2021,A,PPP,
48248.717673,P1Y,0,,A,PU,_Z,2,,,False,WB_WDI,WB_WDI_NY_GDP_PCAP_PP_CD,NZL,_T,_T,_T,_Z,_Z,_Z,2021,A,PPP,
13847.079219,P1Y,0,,A,PU,_Z,2,,,False,WB_WDI,WB_WDI_NY_GDP_PCAP_PP_CD,LBY,_T,_T,_T,_Z,_Z,_Z,2023,A,PPP,
52348.246822,P1Y,0,,A,PU,_Z,2,,,False,WB_WDI,WB_WDI_NY_GDP_PCAP_PP_CD,LTU,_T,_T,_T,_Z,_Z,_Z,2023,A,PPP,
150508.218887,P1Y,0,,A,PU,_Z,2,,,False,WB_WDI,WB_WDI_NY_GDP_PCAP_PP_CD,LUX,_T,_T,_T,_Z,_Z,_Z,2023,A,PPP,
116328.5406,P1Y,0,,A,PU,_Z,2,,,False,WB_WDI,WB_WDI_NY_GDP_PCAP_PP_CD,MAC,_T,_T,_T,_Z,_Z,_Z,2023,A,PPP,
1808.44779,P1Y,0,,A,PU,_Z,2,,,False,WB_WDI,WB_WDI_NY_GDP_PCAP_PP_CD,MDG,_T,_T,_T,_Z,_Z,_Z,2023,A,PPP,
1830.464613,P1Y,0,,A,PU,_Z,2,,,False,WB_WDI,WB_WDI_NY_GDP_PCAP_PP_CD,MWI,_T,_T,_T,_Z,_Z,_Z,2023,A,PPP,
36466.891494,P1Y,0,,A,PU,_Z,2,,,False,WB_WDI,WB_WDI_NY_GDP_PCAP_PP_CD,MYS,_T,_T,_T,_Z,_Z,_Z,2023,A,PPP,
24786.203212,P1Y,0,,A,PU,_Z,2,,,False,WB_WDI,WB_WDI_NY_GDP_PCAP_PP_CD,MDV,_T,_T,_T,_Z,_Z,_Z,2023,A,PPP,
3174.629603,P1Y,0,,A,PU,_Z,2,,,False,WB_WDI,WB_WDI_NY_GDP_PCAP_PP_CD,MLI,_T,_T,_T,_Z,_Z,_Z,2023,A,PPP,
67057.218433,P1Y,0,,A,PU,_Z,2,,,False,WB_WDI,WB_WDI_NY_GDP_PCAP_PP_CD,MLT,_T,_T,_T,_Z,_Z,_Z,2023,A,PPP,
7548.732537,P1Y,0,,A,PU,_Z,2,,,False,WB_WDI,WB_WDI_NY_GDP_PCAP_PP_CD,MHL,_T,_T,_T,_Z,_Z,_Z,2023,A,PPP,
6965.909536,P1Y,0,,A,PU,_Z,2,,,False,WB_WDI,WB_WDI_NY_GDP_PCAP_PP_CD,MRT,_T,_T,_T,_Z,_Z,_Z,2023,A,PPP,
29560.713723,P1Y,0,,A,PU,_Z,2,,,False,WB_WDI,WB_WDI_NY_GDP_PCAP_PP_CD,MUS,_T,_T,_T,_Z,_Z,_Z,2023,A,PPP,
10862.258275,P1Y,0,,A,PU,_Z,2,,,False,WB_WDI,WB_WDI_NY_GDP_PCAP_PP_CD,DMA,_T,_T,_T,_Z,_Z,_Z,2008,A,PPP,
10345.808098,P1Y,0,,A,PU,_Z,2,,,False,WB_WDI,WB_WDI_NY_GDP_PCAP_PP_CD,DOM,_T,_T,_T,_Z,_Z,_Z,2008,A,PPP,
8662.607363,P1Y,0,,A,PU,_Z,2,,,False,WB_WDI,WB_WDI_NY_GDP_PCAP_PP_CD,ECU,_T,_T,_T,_Z,_Z,_Z,2008,A,PPP,
8190.709132,P1Y,0,,A,PU,_Z,2,,,False,WB_WDI,WB_WDI_NY_GDP_PCAP_PP_CD,EGY,_T,_T,_T,_Z,_Z,_Z,2008,A,PPP,
6174.691552,P1Y,0,,A,PU,_Z,2,,,False,WB_WDI,WB_WDI_NY_GDP_PCAP_PP_CD,SLV,_T,_T,_T,_Z,_Z,_Z,2008,A,PPP,
30522.778714,P1Y,0,,A,PU,_Z,2,,,False,WB_WDI,WB_WDI_NY_GDP_PCAP_PP_CD,GNQ,_T,_T,_T,_Z,_Z,_Z,2008,A,PPP,
1546.927475,P1Y,0,,A,PU,_Z,2,,,False,WB_WDI,WB_WDI_NY_GDP_PCAP_PP_CD,ERI,_T,_T,_T,_Z,_Z,_Z,2008,A,PPP,
22803.519474,P1Y,0,,A,PU,_Z,2,,,False,WB_WDI,WB_WDI_NY_GDP_PCAP_PP_CD,EST,_T,_T,_T,_Z,_Z,_Z,2008,A,PPP,
6913.687327,P1Y,0,,A,PU,_Z,2,,,False,WB_WDI,WB_WDI_NY_GDP_PCAP_PP_CD,SWZ,_T,_T,_T,_Z,_Z,_Z,2008,A,PPP,
844.98838,P1Y,0,,A,PU,_Z,2,,,False,WB_WDI,WB_WDI_NY_GDP_PCAP_PP_CD,ETH,_T,_T,_T,_Z,_Z,_Z,2008,A,PPP,
41160.108509,P1Y,0,,A,PU,_Z,2,,,False,WB_WDI,WB_WDI_NY_GDP_PCAP_PP_CD,FRO,_T,_T,_T,_Z,_Z,_Z,2008,A,PPP,
7153.619145,P1Y,0,,A,PU,_Z,2,,,False,WB_WDI,WB_WDI_NY_GDP_PCAP_PP_CD,FJI,_T,_T,_T,_Z,_Z,_Z,2008,A,PPP,
21013.051259,P1Y,0,,A,PU,_Z,2,,,False,WB_WDI,WB_WDI_NY_GDP_PCAP_PP_CD,SRB,_T,_T,_T,_Z,_Z,_Z,2020,A,PPP,
31055.944206,P1Y,0,,A,PU,_Z,2,,,False,WB_WDI,WB_WDI_NY_GDP_PCAP_PP_CD,SYC,_T,_T,_T,_Z,_Z,_Z,2020,A,PPP,
2719.072868,P1Y,0,,A,PU,_Z,2,,,False,WB_WDI,WB_WDI_NY_GDP_PCAP_PP_CD,SLE,_T,_T,_T,_Z,_Z,_Z,2020,A,PPP,
101518.317984,P1Y,0,,A,PU,_Z,2,,,False,WB_WDI,WB_WDI_NY_GDP_PCAP_PP_CD,SGP,_T,_T,_T,_Z,_Z,_Z,2020,A,PPP,
38901.48676,P1Y,0,,A,PU,_Z,2,,,False,WB_WDI,WB_WDI_NY_GDP_PCAP_PP_CD,SXM,_T,_T,_T,_Z,_Z,_Z,2020,A,PPP,
35327.943917,P1Y,0,,A,PU,_Z,2,,,False,WB_WDI,WB_WDI_NY_GDP_PCAP_PP_CD,SVK,_T,_T,_T,_Z,_Z,_Z,2020,A,PPP,
41767.25799,P1Y,0,,A,PU,_Z,2,,,False,WB_WDI,WB_WDI_NY_GDP_PCAP_PP_CD,SVN,_T,_T,_T,_Z,_Z,_Z,2020,A,PPP,
2405.315094,P1Y,0,,A,PU,_Z,2,,,False,WB_WDI,WB_WDI_NY_GDP_PCAP_PP_CD,SLB,_T,_T,_T,_Z,_Z,_Z,2020,A,PPP,
1454.267118,P1Y,0,,A,PU,_Z,2,,,False,WB_WDI,WB_WDI_NY_GDP_PCAP_PP_CD,SOM,_T,_T,_T,_Z,_Z,_Z,2020,A,PPP,
12671.086244,P1Y,0,,A,PU,_Z,2,,,False,WB_WDI,WB_WDI_NY_GDP_PCAP_PP_CD,ZAF,_T,_T,_T,_Z,_Z,_Z,2020,A,PPP,
39327.847927,P1Y,0,,A,PU,_Z,2,,,False,WB_WDI,WB_WDI_NY_GDP_PCAP_PP_CD,ESP,_T,_T,_T,_Z,_Z,_Z,2020,A,PPP,
10367.348956,P1Y,0,,A,PU,_Z,2,,,False,WB_WDI,WB_WDI_NY_GDP_PCAP_PP_CD,COL,_T,_T,_T,_Z,_Z,_Z,2009,A,PPP,
2303.947829,P1Y,0,,A,PU,_Z,2,,,False,WB_WDI,WB_WDI_NY_GDP_PCAP_PP_CD,COM,_T,_T,_T,_Z,_Z,_Z,2009,A,PPP,
572.959249,P1Y,0,,A,PU,_Z,2,,,False,WB_WDI,WB_WDI_NY_GDP_PCAP_PP_CD,COD,_T,_T,_T,_Z,_Z,_Z,2009,A,PPP,
4800.901598,P1Y,0,,A,PU,_Z,2,,,False,WB_WDI,WB_WDI_NY_GDP_PCAP_PP_CD,COG,_T,_T,_T,_Z,_Z,_Z,2009,A,PPP,
12273.860395,P1Y,0,,A,PU,_Z,2,,,False,WB_WDI,WB_WDI_NY_GDP_PCAP_PP_CD,CRI,_T,_T,_T,_Z,_Z,_Z,2009,A,PPP,
3176.632424,P1Y,0,,A,PU,_Z,2,,,False,WB_WDI,WB_WDI_NY_GDP_PCAP_PP_CD,CIV,_T,_T,_T,_Z,_Z,_Z,2009,A,PPP,
20358.314717,P1Y,0,,A,PU,_Z,2,,,False,WB_WDI,WB_WDI_NY_GDP_PCAP_PP_CD,HRV,_T,_T,_T,_Z,_Z,_Z,2009,A,PPP,
25950.395037,P1Y,0,,A,PU,_Z,2,,,False,WB_WDI,WB_WDI_NY_GDP_PCAP_PP_CD,CUW,_T,_T,_T,_Z,_Z,_Z,2009,A,PPP,
33901.347656,P1Y,0,,A,PU,_Z,2,,,False,WB_WDI,WB_WDI_NY_GDP_PCAP_PP_CD,CYP,_T,_T,_T,_Z,_Z,_Z,2009,A,PPP,
27713.243456,P1Y,0,,A,PU,_Z,2,,,False,WB_WDI,WB_WDI_NY_GDP_PCAP_PP_CD,CZE,_T,_T,_T,_Z,_Z,_Z,2009,A,PPP,
40524.312351,P1Y,0,,A,PU,_Z,2,,,False,WB_WDI,WB_WDI_NY_GDP_PCAP_PP_CD,DNK,_T,_T,_T,_Z,_Z,_Z,2009,A,PPP,
3063.037519,P1Y,0,,A,PU,_Z,2,,,False,WB_WDI,WB_WDI_NY_GDP_PCAP_PP_CD,FSM,_T,_T,_T,_Z,_Z,_Z,2010,A,PPP,
6323.062879,P1Y,0,,A,PU,_Z,2,,,False,WB_WDI,WB_WDI_NY_GDP_PCAP_PP_CD,MDA,_T,_T,_T,_Z,_Z,_Z,2010,A,PPP,
7531.625574,P1Y,0,,A,PU,_Z,2,,,False,WB_WDI,WB_WDI_NY_GDP_PCAP_PP_CD,MNG,_T,_T,_T,_Z,_Z,_Z,2010,A,PPP,
13612.291555,P1Y,0,,A,PU,_Z,2,,,False,WB_WDI,WB_WDI_NY_GDP_PCAP_PP_CD,MNE,_T,_T,_T,_Z,_Z,_Z,2010,A,PPP,
6848.66748,P1Y,0,,A,PU,_Z,2,,,False,WB_WDI,WB_WDI_NY_GDP_PCAP_PP_CD,MAR,_T,_T,_T,_Z,_Z,_Z,2010,A,PPP,
1000.241149,P1Y,0,,A,PU,_Z,2,,,False,WB_WDI,WB_WDI_NY_GDP_PCAP_PP_CD,MOZ,_T,_T,_T,_Z,_Z,_Z,2010,A,PPP,
3348.128895,P1Y,0,,A,PU,_Z,2,,,False,WB_WDI,WB_WDI_NY_GDP_PCAP_PP_CD,MMR,_T,_T,_T,_Z,_Z,_Z,2010,A,PPP,
8538.199954,P1Y,0,,A,PU,_Z,2,,,False,WB_WDI,WB_WDI_NY_GDP_PCAP_PP_CD,NAM,_T,_T,_T,_Z,_Z,_Z,2010,A,PPP,
5620.40413,P1Y,0,,A,PU,_Z,2,,,False,WB_WDI,WB_WDI_NY_GDP_PCAP_PP_CD,NRU,_T,_T,_T,_Z,_Z,_Z,2010,A,PPP,
2139.227494,P1Y,0,,A,PU,_Z,2,,,False,WB_WDI,WB_WDI_NY_GDP_PCAP_PP_CD,NPL,_T,_T,_T,_Z,_Z,_Z,2010,A,PPP,
60737.886813,P1Y,0,,A,PU,_Z,2,,,False,WB_WDI,WB_WDI_NY_GDP_PCAP_PP_CD,NOR,_T,_T,_T,_Z,_Z,_Z,2015,A,PPP,
36058.166608,P1Y,0,,A,PU,_Z,2,,,False,WB_WDI,WB_WDI_NY_GDP_PCAP_PP_CD,OMN,_T,_T,_T,_Z,_Z,_Z,2015,A,PPP,
4480.263135,P1Y,0,,A,PU,_Z,2,,,False,WB_WDI,WB_WDI_NY_GDP_PCAP_PP_CD,PAK,_T,_T,_T,_Z,_Z,_Z,2015,A,PPP,
17853.510393,P1Y,0,,A,PU,_Z,2,,,False,WB_WDI,WB_WDI_NY_GDP_PCAP_PP_CD,PLW,_T,_T,_T,_Z,_Z,_Z,2015,A,PPP,
27245.27884,P1Y,0,,A,PU,_Z,2,,,False,WB_WDI,WB_WDI_NY_GDP_PCAP_PP_CD,PAN,_T,_T,_T,_Z,_Z,_Z,2015,A,PPP,
3669.738716,P1Y,0,,A,PU,_Z,2,,,False,WB_WDI,WB_WDI_NY_GDP_PCAP_PP_CD,PNG,_T,_T,_T,_Z,_Z,_Z,2015,A,PPP,
12679.057475,P1Y,0,,A,PU,_Z,2,,,False,WB_WDI,WB_WDI_NY_GDP_PCAP_PP_CD,PRY,_T,_T,_T,_Z,_Z,_Z,2015,A,PPP,
11600.387399,P1Y,0,,A,PU,_Z,2,,,False,WB_WDI,WB_WDI_NY_GDP_PCAP_PP_CD,PER,_T,_T,_T,_Z,_Z,_Z,2015,A,PPP,
6894.267022,P1Y,0,,A,PU,_Z,2,,,False,WB_WDI,WB_WDI_NY_GDP_PCAP_PP_CD,PHL,_T,_T,_T,_Z,_Z,_Z,2015,A,PPP,
26988.106901,P1Y,0,,A,PU,_Z,2,,,False,WB_WDI,WB_WDI_NY_GDP_PCAP_PP_CD,POL,_T,_T,_T,_Z,_Z,_Z,2015,A,PPP,
7136.754055,P1Y,0,,A,PU,_Z,2,,,False,WB_WDI,WB_WDI_NY_GDP_PCAP_PP_CD,ARM,_T,_T,_T,_Z,_Z,_Z,2007,A,PPP,
37768.566014,P1Y,0,,A,PU,_Z,2,,,False,WB_WDI,WB_WDI_NY_GDP_PCAP_PP_CD,ABW,_T,_T,_T,_Z,_Z,_Z,2007,A,PPP,
36708.166007,P1Y,0,,A,PU,_Z,2,,,False,WB_WDI,WB_WDI_NY_GDP_PCAP_PP_CD,AUS,_T,_T,_T,_Z,_Z,_Z,2007,A,PPP,
39192.372452,P1Y,0,,A,PU,_Z,2,,,False,WB_WDI,WB_WDI_NY_GDP_PCAP_PP_CD,AUT,_T,_T,_T,_Z,_Z,_Z,2007,A,PPP,
11973.959632,P1Y,0,,A,PU,_Z,2,,,False,WB_WDI,WB_WDI_NY_GDP_PCAP_PP_CD,AZE,_T,_T,_T,_Z,_Z,_Z,2007,A,PPP,
31232.131372,P1Y,0,,A,PU,_Z,2,,,False,WB_WDI,WB_WDI_NY_GDP_PCAP_PP_CD,BHS,_T,_T,_T,_Z,_Z,_Z,2007,A,PPP,
49347.49462,P1Y,0,,A,PU,_Z,2,,,False,WB_WDI,WB_WDI_NY_GDP_PCAP_PP_CD,BHR,_T,_T,_T,_Z,_Z,_Z,2007,A,PPP,
2388.100252,P1Y,0,,A,PU,_Z,2,,,False,WB_WDI,WB_WDI_NY_GDP_PCAP_PP_CD,BGD,_T,_T,_T,_Z,_Z,_Z,2007,A,PPP,
20949.364914,P1Y,0,,A,PU,_Z,2,,,False,WB_WDI,WB_WDI_NY_GDP_PCAP_PP_CD,BRB,_T,_T,_T,_Z,_Z,_Z,2007,A,PPP,
12320.024026,P1Y,0,,A,PU,_Z,2,,,False,WB_WDI,WB_WDI_NY_GDP_PCAP_PP_CD,BLR,_T,_T,_T,_Z,_Z,_Z,2007,A,PPP,
36798.191886,P1Y,0,,A,PU,_Z,2,,,False,WB_WDI,WB_WDI_NY_GDP_PCAP_PP_CD,BEL,_T,_T,_T,_Z,_Z,_Z,2007,A,PPP,
86918.59091,P1Y,0,,A,PU,_Z,2,,,False,WB_WDI,WB_WDI_NY_GDP_PCAP_PP_CD,LUX,_T,_T,_T,_Z,_Z,_Z,2009,A,PPP,
79138.804802,P1Y,0,,A,PU,_Z,2,,,False,WB_WDI,WB_WDI_NY_GDP_PCAP_PP_CD,MAC,_T,_T,_T,_Z,_Z,_Z,2009,A,PPP,
1479.8298,P1Y,0,,A,PU,_Z,2,,,False,WB_WDI,WB_WDI_NY_GDP_PCAP_PP_CD,MDG,_T,_T,_T,_Z,_Z,_Z,2009,A,PPP,
1387.789916,P1Y,0,,A,PU,_Z,2,,,False,WB_WDI,WB_WDI_NY_GDP_PCAP_PP_CD,MWI,_T,_T,_T,_Z,_Z,_Z,2009,A,PPP,
18922.645951,P1Y,0,,A,PU,_Z,2,,,False,WB_WDI,WB_WDI_NY_GDP_PCAP_PP_CD,MYS,_T,_T,_T,_Z,_Z,_Z,2009,A,PPP,
12265.793046,P1Y,0,,A,PU,_Z,2,,,False,WB_WDI,WB_WDI_NY_GDP_PCAP_PP_CD,MDV,_T,_T,_T,_Z,_Z,_Z,2009,A,PPP,
1944.698282,P1Y,0,,A,PU,_Z,2,,,False,WB_WDI,WB_WDI_NY_GDP_PCAP_PP_CD,MLI,_T,_T,_T,_Z,_Z,_Z,2009,A,PPP,
26781.907606,P1Y,0,,A,PU,_Z,2,,,False,WB_WDI,WB_WDI_NY_GDP_PCAP_PP_CD,MLT,_T,_T,_T,_Z,_Z,_Z,2009,A,PPP,
3253.150859,P1Y,0,,A,PU,_Z,2,,,False,WB_WDI,WB_WDI_NY_GDP_PCAP_PP_CD,MHL,_T,_T,_T,_Z,_Z,_Z,2009,A,PPP,
3158.744143,P1Y,0,,A,PU,_Z,2,,,False,WB_WDI,WB_WDI_NY_GDP_PCAP_PP_CD,MRT,_T,_T,_T,_Z,_Z,_Z,2009,A,PPP,
15104.808155,P1Y,0,,A,PU,_Z,2,,,False,WB_WDI,WB_WDI_NY_GDP_PCAP_PP_CD,MUS,_T,_T,_T,_Z,_Z,_Z,2009,A,PPP,
23869.094333,P1Y,0,,A,PU,_Z,2,,,False,WB_WDI,WB_WDI_NY_GDP_PCAP_PP_CD,CEB,_T,_T,_T,_Z,_Z,_Z,2013,A,PPP,
7978.416441,P1Y,0,,A,PU,_Z,2,,,False,WB_WDI,WB_WDI_NY_GDP_PCAP_PP_CD,EAR,_T,_T,_T,_Z,_Z,_Z,2013,A,PPP,
14414.518281,P1Y,0,,A,PU,_Z,2,,,False,WB_WDI,WB_WDI_NY_GDP_PCAP_PP_CD,EAS,_T,_T,_T,_Z,_Z,_Z,2013,A,PPP,
11177.045333,P1Y,0,,A,PU,_Z,2,,,False,WB_WDI,WB_WDI_NY_GDP_PCAP_PP_CD,EAP,_T,_T,_T,_Z,_Z,_Z,2013,A,PPP,
11304.520525,P1Y,0,,A,PU,_Z,2,,,False,WB_WDI,WB_WDI_NY_GDP_PCAP_PP_CD,TEA,_T,_T,_T,_Z,_Z,_Z,2013,A,PPP,
39041.98203,P1Y,0,,A,PU,_Z,2,,,False,WB_WDI,WB_WDI_NY_GDP_PCAP_PP_CD,EMU,_T,_T,_T,_Z,_Z,_Z,2013,A,PPP,
29838.516952,P1Y,0,,A,PU,_Z,2,,,False,WB_WDI,WB_WDI_NY_GDP_PCAP_PP_CD,ECS,_T,_T,_T,_Z,_Z,_Z,2013,A,PPP,
15269.94901,P1Y,0,,A,PU,_Z,2,,,False,WB_WDI,WB_WDI_NY_GDP_PCAP_PP_CD,ECA,_T,_T,_T,_Z,_Z,_Z,2013,A,PPP,
19777.587014,P1Y,0,,A,PU,_Z,2,,,False,WB_WDI,WB_WDI_NY_GDP_PCAP_PP_CD,TEC,_T,_T,_T,_Z,_Z,_Z,2013,A,PPP,
36292.076744,P1Y,0,,A,PU,_Z,2,,,False,WB_WDI,WB_WDI_NY_GDP_PCAP_PP_CD,EUU,_T,_T,_T,_Z,_Z,_Z,2013,A,PPP,
2201.323872,P1Y,0,,A,PU,_Z,2,,,False,WB_WDI,WB_WDI_NY_GDP_PCAP_PP_CD,HPC,_T,_T,_T,_Z,_Z,_Z,2013,A,PPP,
41548.513633,P1Y,0,,A,PU,_Z,2,,,False,WB_WDI,WB_WDI_NY_GDP_PCAP_PP_CD,HIC,_T,_T,_T,_Z,_Z,_Z,2013,A,PPP,
11221.906592,P1Y,0,,A,PU,_Z,2,,,False,WB_WDI,WB_WDI_NY_GDP_PCAP_PP_CD,IBD,_T,_T,_T,_Z,_Z,_Z,2013,A,PPP,
1674.070055,P1Y,0,,A,PU,_Z,2,,,False,WB_WDI,WB_WDI_NY_GDP_PCAP_PP_CD,ERI,_T,_T,_T,_Z,_Z,_Z,2005,A,PPP,
16638.077975,P1Y,0,,A,PU,_Z,2,,,False,WB_WDI,WB_WDI_NY_GDP_PCAP_PP_CD,EST,_T,_T,_T,_Z,_Z,_Z,2005,A,PPP,
5772.689865,P1Y,0,,A,PU,_Z,2,,,False,WB_WDI,WB_WDI_NY_GDP_PCAP_PP_CD,SWZ,_T,_T,_T,_Z,_Z,_Z,2005,A,PPP,
624.510692,P1Y,0,,A,PU,_Z,2,,,False,WB_WDI,WB_WDI_NY_GDP_PCAP_PP_CD,ETH,_T,_T,_T,_Z,_Z,_Z,2005,A,PPP,
6651.785592,P1Y,0,,A,PU,_Z,2,,,False,WB_WDI,WB_WDI_NY_GDP_PCAP_PP_CD,FJI,_T,_T,_T,_Z,_Z,_Z,2005,A,PPP,
32047.706932,P1Y,0,,A,PU,_Z,2,,,False,WB_WDI,WB_WDI_NY_GDP_PCAP_PP_CD,FIN,_T,_T,_T,_Z,_Z,_Z,2005,A,PPP,
30431.236724,P1Y,0,,A,PU,_Z,2,,,False,WB_WDI,WB_WDI_NY_GDP_PCAP_PP_CD,FRA,_T,_T,_T,_Z,_Z,_Z,2005,A,PPP,
14028.356208,P1Y,0,,A,PU,_Z,2,,,False,WB_WDI,WB_WDI_NY_GDP_PCAP_PP_CD,GAB,_T,_T,_T,_Z,_Z,_Z,2005,A,PPP,
1938.023627,P1Y,0,,A,PU,_Z,2,,,False,WB_WDI,WB_WDI_NY_GDP_PCAP_PP_CD,GMB,_T,_T,_T,_Z,_Z,_Z,2005,A,PPP,
5271.950953,P1Y,0,,A,PU,_Z,2,,,False,WB_WDI,WB_WDI_NY_GDP_PCAP_PP_CD,GEO,_T,_T,_T,_Z,_Z,_Z,2005,A,PPP,
3493.083008,P1Y,0,,A,PU,_Z,2,,,False,WB_WDI,WB_WDI_NY_GDP_PCAP_PP_CD,TZA,_T,_T,_T,_Z,_Z,_Z,2021,A,PPP,
20242.770004,P1Y,0,,A,PU,_Z,2,,,False,WB_WDI,WB_WDI_NY_GDP_PCAP_PP_CD,THA,_T,_T,_T,_Z,_Z,_Z,2021,A,PPP,
6825.045886,P1Y,0,,A,PU,_Z,2,,,False,WB_WDI,WB_WDI_NY_GDP_PCAP_PP_CD,TLS,_T,_T,_T,_Z,_Z,_Z,2021,A,PPP,
2638.810953,P1Y,0,,A,PU,_Z,2,,,False,WB_WDI,WB_WDI_NY_GDP_PCAP_PP_CD,TGO,_T,_T,_T,_Z,_Z,_Z,2021,A,PPP,
6929.176693,P1Y,0,,A,PU,_Z,2,,,False,WB_WDI,WB_WDI_NY_GDP_PCAP_PP_CD,TON,_T,_T,_T,_Z,_Z,_Z,2021,A,PPP,
30482.12018,P1Y,0,,A,PU,_Z,2,,,False,WB_WDI,WB_WDI_NY_GDP_PCAP_PP_CD,TTO,_T,_T,_T,_Z,_Z,_Z,2021,A,PPP,
12444.326403,P1Y,0,,A,PU,_Z,2,,,False,WB_WDI,WB_WDI_NY_GDP_PCAP_PP_CD,TUN,_T,_T,_T,_Z,_Z,_Z,2021,A,PPP,
32105.54744,P1Y,0,,A,PU,_Z,2,,,False,WB_WDI,WB_WDI_NY_GDP_PCAP_PP_CD,TUR,_T,_T,_T,_Z,_Z,_Z,2021,A,PPP,
16434.139906,P1Y,0,,A,PU,_Z,2,,,False,WB_WDI,WB_WDI_NY_GDP_PCAP_PP_CD,TKM,_T,_T,_T,_Z,_Z,_Z,2021,A,PPP,
25056.488052,P1Y,0,,A,PU,_Z,2,,,False,WB_WDI,WB_WDI_NY_GDP_PCAP_PP_CD,TCA,_T,_T,_T,_Z,_Z,_Z,2021,A,PPP,
5352.978625,P1Y,0,,A,PU,_Z,2,,,False,WB_WDI,WB_WDI_NY_GDP_PCAP_PP_CD,TUV,_T,_T,_T,_Z,_Z,_Z,2021,A,PPP,
2684.920359,P1Y,0,,A,PU,_Z,2,,,False,WB_WDI,WB_WDI_NY_GDP_PCAP_PP_CD,UGA,_T,_T,_T,_Z,_Z,_Z,2021,A,PPP,
14930.409993,P1Y,0,,A,PU,_Z,2,,,False,WB_WDI,WB_WDI_NY_GDP_PCAP_PP_CD,AZE,_T,_T,_T,_Z,_Z,_Z,2010,A,PPP,
29624.975385,P1Y,0,,A,PU,_Z,2,,,False,WB_WDI,WB_WDI_NY_GDP_PCAP_PP_CD,BHS,_T,_T,_T,_Z,_Z,_Z,2010,A,PPP,
49254.577008,P1Y,0,,A,PU,_Z,2,,,False,WB_WDI,WB_WDI_NY_GDP_PCAP_PP_CD,BHR,_T,_T,_T,_Z,_Z,_Z,2010,A,PPP,
2833.695444,P1Y,0,,A,PU,_Z,2,,,False,WB_WDI,WB_WDI_NY_GDP_PCAP_PP_CD,BGD,_T,_T,_T,_Z,_Z,_Z,2010,A,PPP,
20032.581857,P1Y,0,,A,PU,_Z,2,,,False,WB_WDI,WB_WDI_NY_GDP_PCAP_PP_CD,BRB,_T,_T,_T,_Z,_Z,_Z,2010,A,PPP,
15339.099904,P1Y,0,,A,PU,_Z,2,,,False,WB_WDI,WB_WDI_NY_GDP_PCAP_PP_CD,BLR,_T,_T,_T,_Z,_Z,_Z,2010,A,PPP,
39839.977277,P1Y,0,,A,PU,_Z,2,,,False,WB_WDI,WB_WDI_NY_GDP_PCAP_PP_CD,BEL,_T,_T,_T,_Z,_Z,_Z,2010,A,PPP,
9747.825622,P1Y,0,,A,PU,_Z,2,,,False,WB_WDI,WB_WDI_NY_GDP_PCAP_PP_CD,BLZ,_T,_T,_T,_Z,_Z,_Z,2010,A,PPP,
2220.328546,P1Y,0,,A,PU,_Z,2,,,False,WB_WDI,WB_WDI_NY_GDP_PCAP_PP_CD,BEN,_T,_T,_T,_Z,_Z,_Z,2010,A,PPP,
72188.69283,P1Y,0,,A,PU,_Z,2,,,False,WB_WDI,WB_WDI_NY_GDP_PCAP_PP_CD,BMU,_T,_T,_T,_Z,_Z,_Z,2010,A,PPP,
7245.772635,P1Y,0,,A,PU,_Z,2,,,False,WB_WDI,WB_WDI_NY_GDP_PCAP_PP_CD,BTN,_T,_T,_T,_Z,_Z,_Z,2010,A,PPP,
58685.8727,P1Y,0,,A,PU,_Z,2,,,False,WB_WDI,WB_WDI_NY_GDP_PCAP_PP_CD,DEU,_T,_T,_T,_Z,_Z,_Z,2020,A,PPP,
6047.301117,P1Y,0,,A,PU,_Z,2,,,False,WB_WDI,WB_WDI_NY_GDP_PCAP_PP_CD,GHA,_T,_T,_T,_Z,_Z,_Z,2020,A,PPP,
29533.08774,P1Y,0,,A,PU,_Z,2,,,False,WB_WDI,WB_WDI_NY_GDP_PCAP_PP_CD,GRC,_T,_T,_T,_Z,_Z,_Z,2020,A,PPP,
64999.443568,P1Y,0,,A,PU,_Z,2,,,False,WB_WDI,WB_WDI_NY_GDP_PCAP_PP_CD,GRL,_T,_T,_T,_Z,_Z,_Z,2020,A,PPP,
14361.126715,P1Y,0,,A,PU,_Z,2,,,False,WB_WDI,WB_WDI_NY_GDP_PCAP_PP_CD,GRD,_T,_T,_T,_Z,_Z,_Z,2020,A,PPP,
10947.371129,P1Y,0,,A,PU,_Z,2,,,False,WB_WDI,WB_WDI_NY_GDP_PCAP_PP_CD,GTM,_T,_T,_T,_Z,_Z,_Z,2020,A,PPP,
3331.85663,P1Y,0,,A,PU,_Z,2,,,False,WB_WDI,WB_WDI_NY_GDP_PCAP_PP_CD,GIN,_T,_T,_T,_Z,_Z,_Z,2020,A,PPP,
2339.79327,P1Y,0,,A,PU,_Z,2,,,False,WB_WDI,WB_WDI_NY_GDP_PCAP_PP_CD,GNB,_T,_T,_T,_Z,_Z,_Z,2020,A,PPP,
16819.422871,P1Y,0,,A,PU,_Z,2,,,False,WB_WDI,WB_WDI_NY_GDP_PCAP_PP_CD,GUY,_T,_T,_T,_Z,_Z,_Z,2020,A,PPP,
3103.180663,P1Y,0,,A,PU,_Z,2,,,False,WB_WDI,WB_WDI_NY_GDP_PCAP_PP_CD,HTI,_T,_T,_T,_Z,_Z,_Z,2020,A,PPP,
5384.69832,P1Y,0,,A,PU,_Z,2,,,False,WB_WDI,WB_WDI_NY_GDP_PCAP_PP_CD,HND,_T,_T,_T,_Z,_Z,_Z,2020,A,PPP,
1730.622289,P1Y,0,,A,PU,_Z,2,,,False,WB_WDI,WB_WDI_NY_GDP_PCAP_PP_CD,COD,_T,_T,_T,_Z,_Z,_Z,2023,A,PPP,
6850.277706,P1Y,0,,A,PU,_Z,2,,,False,WB_WDI,WB_WDI_NY_GDP_PCAP_PP_CD,COG,_T,_T,_T,_Z,_Z,_Z,2023,A,PPP,
28908.768874,P1Y,0,,A,PU,_Z,2,,,False,WB_WDI,WB_WDI_NY_GDP_PCAP_PP_CD,CRI,_T,_T,_T,_Z,_Z,_Z,2023,A,PPP,
7237.181707,P1Y,0,,A,PU,_Z,2,,,False,WB_WDI,WB_WDI_NY_GDP_PCAP_PP_CD,CIV,_T,_T,_T,_Z,_Z,_Z,2023,A,PPP,
47759.6983,P1Y,0,,A,PU,_Z,2,,,False,WB_WDI,WB_WDI_NY_GDP_PCAP_PP_CD,HRV,_T,_T,_T,_Z,_Z,_Z,2023,A,PPP,
30651.588551,P1Y,0,,A,PU,_Z,2,,,False,WB_WDI,WB_WDI_NY_GDP_PCAP_PP_CD,CUW,_T,_T,_T,_Z,_Z,_Z,2023,A,PPP,
59874.570313,P1Y,0,,A,PU,_Z,2,,,False,WB_WDI,WB_WDI_NY_GDP_PCAP_PP_CD,CYP,_T,_T,_T,_Z,_Z,_Z,2023,A,PPP,
55761.379829,P1Y,0,,A,PU,_Z,2,,,False,WB_WDI,WB_WDI_NY_GDP_PCAP_PP_CD,CZE,_T,_T,_T,_Z,_Z,_Z,2023,A,PPP,
77892.293261,P1Y,0,,A,PU,_Z,2,,,False,WB_WDI,WB_WDI_NY_GDP_PCAP_PP_CD,DNK,_T,_T,_T,_Z,_Z,_Z,2023,A,PPP,
7225.838796,P1Y,0,,A,PU,_Z,2,,,False,WB_WDI,WB_WDI_NY_GDP_PCAP_PP_CD,DJI,_T,_T,_T,_Z,_Z,_Z,2023,A,PPP,
20285.982166,P1Y,0,,A,PU,_Z,2,,,False,WB_WDI,WB_WDI_NY_GDP_PCAP_PP_CD,DMA,_T,_T,_T,_Z,_Z,_Z,2023,A,PPP,
25839.935669,P1Y,0,,A,PU,_Z,2,,,False,WB_WDI,WB_WDI_NY_GDP_PCAP_PP_CD,DOM,_T,_T,_T,_Z,_Z,_Z,2023,A,PPP,
4044.376122,P1Y,0,,A,PU,_Z,2,,,False,WB_WDI,WB_WDI_NY_GDP_PCAP_PP_CD,NIC,_T,_T,_T,_Z,_Z,_Z,2008,A,PPP,
1010.431846,P1Y,0,,A,PU,_Z,2,,,False,WB_WDI,WB_WDI_NY_GDP_PCAP_PP_CD,NER,_T,_T,_T,_Z,_Z,_Z,2008,A,PPP,
5607.008402,P1Y,0,,A,PU,_Z,2,,,False,WB_WDI,WB_WDI_NY_GDP_PCAP_PP_CD,NGA,_T,_T,_T,_Z,_Z,_Z,2008,A,PPP,
10924.327671,P1Y,0,,A,PU,_Z,2,,,False,WB_WDI,WB_WDI_NY_GDP_PCAP_PP_CD,MKD,_T,_T,_T,_Z,_Z,_Z,2008,A,PPP,
62072.753985,P1Y,0,,A,PU,_Z,2,,,False,WB_WDI,WB_WDI_NY_GDP_PCAP_PP_CD,NOR,_T,_T,_T,_Z,_Z,_Z,2008,A,PPP,
52841.188952,P1Y,0,,A,PU,_Z,2,,,False,WB_WDI,WB_WDI_NY_GDP_PCAP_PP_CD,OMN,_T,_T,_T,_Z,_Z,_Z,2008,A,PPP,
3721.332936,P1Y,0,,A,PU,_Z,2,,,False,WB_WDI,WB_WDI_NY_GDP_PCAP_PP_CD,PAK,_T,_T,_T,_Z,_Z,_Z,2008,A,PPP,
14039.405618,P1Y,0,,A,PU,_Z,2,,,False,WB_WDI,WB_WDI_NY_GDP_PCAP_PP_CD,PLW,_T,_T,_T,_Z,_Z,_Z,2008,A,PPP,
14705.371431,P1Y,0,,A,PU,_Z,2,,,False,WB_WDI,WB_WDI_NY_GDP_PCAP_PP_CD,PAN,_T,_T,_T,_Z,_Z,_Z,2008,A,PPP,
2583.480943,P1Y,0,,A,PU,_Z,2,,,False,WB_WDI,WB_WDI_NY_GDP_PCAP_PP_CD,PNG,_T,_T,_T,_Z,_Z,_Z,2008,A,PPP,
9867.396953,P1Y,0,,A,PU,_Z,2,,,False,WB_WDI,WB_WDI_NY_GDP_PCAP_PP_CD,PRY,_T,_T,_T,_Z,_Z,_Z,2008,A,PPP,
15959.786195,P1Y,0,,A,PU,_Z,2,,,False,WB_WDI,WB_WDI_NY_GDP_PCAP_PP_CD,LAC,_T,_T,_T,_Z,_Z,_Z,2020,A,PPP,
16581.577335,P1Y,0,,A,PU,_Z,2,,,False,WB_WDI,WB_WDI_NY_GDP_PCAP_PP_CD,TLA,_T,_T,_T,_Z,_Z,_Z,2020,A,PPP,
3495.21094,P1Y,0,,A,PU,_Z,2,,,False,WB_WDI,WB_WDI_NY_GDP_PCAP_PP_CD,LDC,_T,_T,_T,_Z,_Z,_Z,2020,A,PPP,
11167.7999,P1Y,0,,A,PU,_Z,2,,,False,WB_WDI,WB_WDI_NY_GDP_PCAP_PP_CD,LMY,_T,_T,_T,_Z,_Z,_Z,2020,A,PPP,
1988.607981,P1Y,0,,A,PU,_Z,2,,,False,WB_WDI,WB_WDI_NY_GDP_PCAP_PP_CD,LIC,_T,_T,_T,_Z,_Z,_Z,2020,A,PPP,
7111.842796,P1Y,0,,A,PU,_Z,2,,,False,WB_WDI,WB_WDI_NY_GDP_PCAP_PP_CD,LMC,_T,_T,_T,_Z,_Z,_Z,2020,A,PPP,
12299.894442,P1Y,0,,A,PU,_Z,2,,,False,WB_WDI,WB_WDI_NY_GDP_PCAP_PP_CD,MEA,_T,_T,_T,_Z,_Z,_Z,2020,A,PPP,
8889.598851,P1Y,0,,A,PU,_Z,2,,,False,WB_WDI,WB_WDI_NY_GDP_PCAP_PP_CD,MNA,_T,_T,_T,_Z,_Z,_Z,2020,A,PPP,
8910.909859,P1Y,0,,A,PU,_Z,2,,,False,WB_WDI,WB_WDI_NY_GDP_PCAP_PP_CD,TMN,_T,_T,_T,_Z,_Z,_Z,2020,A,PPP,
12068.180782,P1Y,0,,A,PU,_Z,2,,,False,WB_WDI,WB_WDI_NY_GDP_PCAP_PP_CD,MIC,_T,_T,_T,_Z,_Z,_Z,2020,A,PPP,
62778.63484,P1Y,0,,A,PU,_Z,2,,,False,WB_WDI,WB_WDI_NY_GDP_PCAP_PP_CD,NAC,_T,_T,_T,_Z,_Z,_Z,2020,A,PPP,
46576.45392,P1Y,0,,A,PU,_Z,2,,,False,WB_WDI,WB_WDI_NY_GDP_PCAP_PP_CD,OED,_T,_T,_T,_Z,_Z,_Z,2020,A,PPP,
21293.928223,P1Y,0,,A,PU,_Z,2,,,False,WB_WDI,WB_WDI_NY_GDP_PCAP_PP_CD,OSS,_T,_T,_T,_Z,_Z,_Z,2020,A,PPP,
23275.251755,P1Y,0,,A,PU,_Z,2,,,False,WB_WDI,WB_WDI_NY_GDP_PCAP_PP_CD,LTU,_T,_T,_T,_Z,_Z,_Z,2012,A,PPP,
96636.426644,P1Y,0,,A,PU,_Z,2,,,False,WB_WDI,WB_WDI_NY_GDP_PCAP_PP_CD,LUX,_T,_T,_T,_Z,_Z,_Z,2012,A,PPP,
133111.616643,P1Y,0,,A,PU,_Z,2,,,False,WB_WDI,WB_WDI_NY_GDP_PCAP_PP_CD,MAC,_T,_T,_T,_Z,_Z,_Z,2012,A,PPP,
1463.617569,P1Y,0,,A,PU,_Z,2,,,False,WB_WDI,WB_WDI_NY_GDP_PCAP_PP_CD,MDG,_T,_T,_T,_Z,_Z,_Z,2012,A,PPP,
1464.04324,P1Y,0,,A,PU,_Z,2,,,False,WB_WDI,WB_WDI_NY_GDP_PCAP_PP_CD,MWI,_T,_T,_T,_Z,_Z,_Z,2012,A,PPP,
22638.540694,P1Y,0,,A,PU,_Z,2,,,False,WB_WDI,WB_WDI_NY_GDP_PCAP_PP_CD,MYS,_T,_T,_T,_Z,_Z,_Z,2012,A,PPP,
13988.597387,P1Y,0,,A,PU,_Z,2,,,False,WB_WDI,WB_WDI_NY_GDP_PCAP_PP_CD,MDV,_T,_T,_T,_Z,_Z,_Z,2012,A,PPP,
1990.148052,P1Y,0,,A,PU,_Z,2,,,False,WB_WDI,WB_WDI_NY_GDP_PCAP_PP_CD,MLI,_T,_T,_T,_Z,_Z,_Z,2012,A,PPP,
30716.282743,P1Y,0,,A,PU,_Z,2,,,False,WB_WDI,WB_WDI_NY_GDP_PCAP_PP_CD,MLT,_T,_T,_T,_Z,_Z,_Z,2012,A,PPP,
3589.668804,P1Y,0,,A,PU,_Z,2,,,False,WB_WDI,WB_WDI_NY_GDP_PCAP_PP_CD,MHL,_T,_T,_T,_Z,_Z,_Z,2012,A,PPP,
3464.976611,P1Y,0,,A,PU,_Z,2,,,False,WB_WDI,WB_WDI_NY_GDP_PCAP_PP_CD,MRT,_T,_T,_T,_Z,_Z,_Z,2012,A,PPP,
702.460625,P1Y,0,,A,PU,_Z,2,,,False,WB_WDI,WB_WDI_NY_GDP_PCAP_PP_CD,CAF,_T,_T,_T,_Z,_Z,_Z,2005,A,PPP,
2101.69136,P1Y,0,,A,PU,_Z,2,,,False,WB_WDI,WB_WDI_NY_GDP_PCAP_PP_CD,TCD,_T,_T,_T,_Z,_Z,_Z,2005,A,PPP,
12550.434801,P1Y,0,,A,PU,_Z,2,,,False,WB_WDI,WB_WDI_NY_GDP_PCAP_PP_CD,CHL,_T,_T,_T,_Z,_Z,_Z,2005,A,PPP,
5148.182739,P1Y,0,,A,PU,_Z,2,,,False,WB_WDI,WB_WDI_NY_GDP_PCAP_PP_CD,CHN,_T,_T,_T,_Z,_Z,_Z,2005,A,PPP,
8432.333291,P1Y,0,,A,PU,_Z,2,,,False,WB_WDI,WB_WDI_NY_GDP_PCAP_PP_CD,COL,_T,_T,_T,_Z,_Z,_Z,2005,A,PPP,
2162.071956,P1Y,0,,A,PU,_Z,2,,,False,WB_WDI,WB_WDI_NY_GDP_PCAP_PP_CD,COM,_T,_T,_T,_Z,_Z,_Z,2005,A,PPP,
483.910025,P1Y,0,,A,PU,_Z,2,,,False,WB_WDI,WB_WDI_NY_GDP_PCAP_PP_CD,COD,_T,_T,_T,_Z,_Z,_Z,2005,A,PPP,
4278.925387,P1Y,0,,A,PU,_Z,2,,,False,WB_WDI,WB_WDI_NY_GDP_PCAP_PP_CD,COG,_T,_T,_T,_Z,_Z,_Z,2005,A,PPP,
9898.929193,P1Y,0,,A,PU,_Z,2,,,False,WB_WDI,WB_WDI_NY_GDP_PCAP_PP_CD,CRI,_T,_T,_T,_Z,_Z,_Z,2005,A,PPP,
2841.823088,P1Y,0,,A,PU,_Z,2,,,False,WB_WDI,WB_WDI_NY_GDP_PCAP_PP_CD,CIV,_T,_T,_T,_Z,_Z,_Z,2005,A,PPP,
15450.811899,P1Y,0,,A,PU,_Z,2,,,False,WB_WDI,WB_WDI_NY_GDP_PCAP_PP_CD,HRV,_T,_T,_T,_Z,_Z,_Z,2005,A,PPP,
15918.516295,P1Y,0,,A,PU,_Z,2,,,False,WB_WDI,WB_WDI_NY_GDP_PCAP_PP_CD,ECU,_T,_T,_T,_Z,_Z,_Z,2023,A,PPP,
18524.8393,P1Y,0,,A,PU,_Z,2,,,False,WB_WDI,WB_WDI_NY_GDP_PCAP_PP_CD,EGY,_T,_T,_T,_Z,_Z,_Z,2023,A,PPP,
12679.576875,P1Y,0,,A,PU,_Z,2,,,False,WB_WDI,WB_WDI_NY_GDP_PCAP_PP_CD,SLV,_T,_T,_T,_Z,_Z,_Z,2023,A,PPP,
17411.500234,P1Y,0,,A,PU,_Z,2,,,False,WB_WDI,WB_WDI_NY_GDP_PCAP_PP_CD,GNQ,_T,_T,_T,_Z,_Z,_Z,2023,A,PPP,
48637.180221,P1Y,0,,A,PU,_Z,2,,,False,WB_WDI,WB_WDI_NY_GDP_PCAP_PP_CD,EST,_T,_T,_T,_Z,_Z,_Z,2023,A,PPP,
11299.883124,P1Y,0,,A,PU,_Z,2,,,False,WB_WDI,WB_WDI_NY_GDP_PCAP_PP_CD,SWZ,_T,_T,_T,_Z,_Z,_Z,2023,A,PPP,
3060.90503,P1Y,0,,A,PU,_Z,2,,,False,WB_WDI,WB_WDI_NY_GDP_PCAP_PP_CD,ETH,_T,_T,_T,_Z,_Z,_Z,2023,A,PPP,
79694.929792,P1Y,0,,A,PU,_Z,2,,,False,WB_WDI,WB_WDI_NY_GDP_PCAP_PP_CD,FRO,_T,_T,_T,_Z,_Z,_Z,2023,A,PPP,
14644.177375,P1Y,0,,A,PU,_Z,2,,,False,WB_WDI,WB_WDI_NY_GDP_PCAP_PP_CD,FJI,_T,_T,_T,_Z,_Z,_Z,2023,A,PPP,
63414.993688,P1Y,0,,A,PU,_Z,2,,,False,WB_WDI,WB_WDI_NY_GDP_PCAP_PP_CD,FIN,_T,_T,_T,_Z,_Z,_Z,2023,A,PPP,
60838.941672,P1Y,0,,A,PU,_Z,2,,,False,WB_WDI,WB_WDI_NY_GDP_PCAP_PP_CD,FRA,_T,_T,_T,_Z,_Z,_Z,2023,A,PPP,
20755.665382,P1Y,0,,A,PU,_Z,2,,,False,WB_WDI,WB_WDI_NY_GDP_PCAP_PP_CD,GAB,_T,_T,_T,_Z,_Z,_Z,2023,A,PPP,
8820.139011,P1Y,0,,A,PU,_Z,2,,,False,WB_WDI,WB_WDI_NY_GDP_PCAP_PP_CD,PER,_T,_T,_T,_Z,_Z,_Z,2008,A,PPP,
5144.335782,P1Y,0,,A,PU,_Z,2,,,False,WB_WDI,WB_WDI_NY_GDP_PCAP_PP_CD,PHL,_T,_T,_T,_Z,_Z,_Z,2008,A,PPP,
18372.376455,P1Y,0,,A,PU,_Z,2,,,False,WB_WDI,WB_WDI_NY_GDP_PCAP_PP_CD,POL,_T,_T,_T,_Z,_Z,_Z,2008,A,PPP,
26665.837295,P1Y,0,,A,PU,_Z,2,,,False,WB_WDI,WB_WDI_NY_GDP_PCAP_PP_CD,PRT,_T,_T,_T,_Z,_Z,_Z,2008,A,PPP,
30782.453957,P1Y,0,,A,PU,_Z,2,,,False,WB_WDI,WB_WDI_NY_GDP_PCAP_PP_CD,PRI,_T,_T,_T,_Z,_Z,_Z,2008,A,PPP,
126015.024328,P1Y,0,,A,PU,_Z,2,,,False,WB_WDI,WB_WDI_NY_GDP_PCAP_PP_CD,QAT,_T,_T,_T,_Z,_Z,_Z,2008,A,PPP,
16782.033488,P1Y,0,,A,PU,_Z,2,,,False,WB_WDI,WB_WDI_NY_GDP_PCAP_PP_CD,ROU,_T,_T,_T,_Z,_Z,_Z,2008,A,PPP,
20163.609375,P1Y,0,,A,PU,_Z,2,,,False,WB_WDI,WB_WDI_NY_GDP_PCAP_PP_CD,RUS,_T,_T,_T,_Z,_Z,_Z,2008,A,PPP,
1190.75758,P1Y,0,,A,PU,_Z,2,,,False,WB_WDI,WB_WDI_NY_GDP_PCAP_PP_CD,RWA,_T,_T,_T,_Z,_Z,_Z,2008,A,PPP,
4939.225584,P1Y,0,,A,PU,_Z,2,,,False,WB_WDI,WB_WDI_NY_GDP_PCAP_PP_CD,WSM,_T,_T,_T,_Z,_Z,_Z,2008,A,PPP,
71723.624219,P1Y,0,,A,PU,_Z,2,,,False,WB_WDI,WB_WDI_NY_GDP_PCAP_PP_CD,SMR,_T,_T,_T,_Z,_Z,_Z,2008,A,PPP,
2801.835793,P1Y,0,,A,PU,_Z,2,,,False,WB_WDI,WB_WDI_NY_GDP_PCAP_PP_CD,STP,_T,_T,_T,_Z,_Z,_Z,2008,A,PPP,
27030.896936,P1Y,0,,A,PU,_Z,2,,,False,WB_WDI,WB_WDI_NY_GDP_PCAP_PP_CD,BHS,_T,_T,_T,_Z,_Z,_Z,2003,A,PPP,
45426.934593,P1Y,0,,A,PU,_Z,2,,,False,WB_WDI,WB_WDI_NY_GDP_PCAP_PP_CD,BHR,_T,_T,_T,_Z,_Z,_Z,2003,A,PPP,
1746.127258,P1Y,0,,A,PU,_Z,2,,,False,WB_WDI,WB_WDI_NY_GDP_PCAP_PP_CD,BGD,_T,_T,_T,_Z,_Z,_Z,2003,A,PPP,
16706.532485,P1Y,0,,A,PU,_Z,2,,,False,WB_WDI,WB_WDI_NY_GDP_PCAP_PP_CD,BRB,_T,_T,_T,_Z,_Z,_Z,2003,A,PPP,
7361.721611,P1Y,0,,A,PU,_Z,2,,,False,WB_WDI,WB_WDI_NY_GDP_PCAP_PP_CD,BLR,_T,_T,_T,_Z,_Z,_Z,2003,A,PPP,
30930.628333,P1Y,0,,A,PU,_Z,2,,,False,WB_WDI,WB_WDI_NY_GDP_PCAP_PP_CD,BEL,_T,_T,_T,_Z,_Z,_Z,2003,A,PPP,
8849.646289,P1Y,0,,A,PU,_Z,2,,,False,WB_WDI,WB_WDI_NY_GDP_PCAP_PP_CD,BLZ,_T,_T,_T,_Z,_Z,_Z,2003,A,PPP,
1841.602973,P1Y,0,,A,PU,_Z,2,,,False,WB_WDI,WB_WDI_NY_GDP_PCAP_PP_CD,BEN,_T,_T,_T,_Z,_Z,_Z,2003,A,PPP,
61829.324012,P1Y,0,,A,PU,_Z,2,,,False,WB_WDI,WB_WDI_NY_GDP_PCAP_PP_CD,BMU,_T,_T,_T,_Z,_Z,_Z,2003,A,PPP,
3942.281446,P1Y,0,,A,PU,_Z,2,,,False,WB_WDI,WB_WDI_NY_GDP_PCAP_PP_CD,BTN,_T,_T,_T,_Z,_Z,_Z,2003,A,PPP,
4432.920853,P1Y,0,,A,PU,_Z,2,,,False,WB_WDI,WB_WDI_NY_GDP_PCAP_PP_CD,BOL,_T,_T,_T,_Z,_Z,_Z,2003,A,PPP,
4917.242135,P1Y,0,,A,PU,_Z,2,,,False,WB_WDI,WB_WDI_NY_GDP_PCAP_PP_CD,BIH,_T,_T,_T,_Z,_Z,_Z,2003,A,PPP,
10438.758033,P1Y,0,,A,PU,_Z,2,,,False,WB_WDI,WB_WDI_NY_GDP_PCAP_PP_CD,BWA,_T,_T,_T,_Z,_Z,_Z,2003,A,PPP,
45687.521741,P1Y,0,,A,PU,_Z,2,,,False,WB_WDI,WB_WDI_NY_GDP_PCAP_PP_CD,BHR,_T,_T,_T,_Z,_Z,_Z,2000,A,PPP,
1511.905006,P1Y,0,,A,PU,_Z,2,,,False,WB_WDI,WB_WDI_NY_GDP_PCAP_PP_CD,BGD,_T,_T,_T,_Z,_Z,_Z,2000,A,PPP,
15914.084757,P1Y,0,,A,PU,_Z,2,,,False,WB_WDI,WB_WDI_NY_GDP_PCAP_PP_CD,BRB,_T,_T,_T,_Z,_Z,_Z,2000,A,PPP,
5795.652236,P1Y,0,,A,PU,_Z,2,,,False,WB_WDI,WB_WDI_NY_GDP_PCAP_PP_CD,BLR,_T,_T,_T,_Z,_Z,_Z,2000,A,PPP,
27794.051163,P1Y,0,,A,PU,_Z,2,,,False,WB_WDI,WB_WDI_NY_GDP_PCAP_PP_CD,BEL,_T,_T,_T,_Z,_Z,_Z,2000,A,PPP,
7543.734472,P1Y,0,,A,PU,_Z,2,,,False,WB_WDI,WB_WDI_NY_GDP_PCAP_PP_CD,BLZ,_T,_T,_T,_Z,_Z,_Z,2000,A,PPP,
1671.357252,P1Y,0,,A,PU,_Z,2,,,False,WB_WDI,WB_WDI_NY_GDP_PCAP_PP_CD,BEN,_T,_T,_T,_Z,_Z,_Z,2000,A,PPP,
54176.377748,P1Y,0,,A,PU,_Z,2,,,False,WB_WDI,WB_WDI_NY_GDP_PCAP_PP_CD,BMU,_T,_T,_T,_Z,_Z,_Z,2000,A,PPP,
3113.045439,P1Y,0,,A,PU,_Z,2,,,False,WB_WDI,WB_WDI_NY_GDP_PCAP_PP_CD,BTN,_T,_T,_T,_Z,_Z,_Z,2000,A,PPP,
4113.042452,P1Y,0,,A,PU,_Z,2,,,False,WB_WDI,WB_WDI_NY_GDP_PCAP_PP_CD,BOL,_T,_T,_T,_Z,_Z,_Z,2000,A,PPP,
4147.9201,P1Y,0,,A,PU,_Z,2,,,False,WB_WDI,WB_WDI_NY_GDP_PCAP_PP_CD,BIH,_T,_T,_T,_Z,_Z,_Z,2000,A,PPP,
9380.376073,P1Y,0,,A,PU,_Z,2,,,False,WB_WDI,WB_WDI_NY_GDP_PCAP_PP_CD,BWA,_T,_T,_T,_Z,_Z,_Z,2000,A,PPP,
9091.768513,P1Y,0,,A,PU,_Z,2,,,False,WB_WDI,WB_WDI_NY_GDP_PCAP_PP_CD,BRA,_T,_T,_T,_Z,_Z,_Z,2000,A,PPP,
44251.665822,P1Y,0,,A,PU,_Z,2,,,False,WB_WDI,WB_WDI_NY_GDP_PCAP_PP_CD,ESP,_T,_T,_T,_Z,_Z,_Z,2021,A,PPP,
14316.135223,P1Y,0,,A,PU,_Z,2,,,False,WB_WDI,WB_WDI_NY_GDP_PCAP_PP_CD,LKA,_T,_T,_T,_Z,_Z,_Z,2021,A,PPP,
26896.617707,P1Y,0,,A,PU,_Z,2,,,False,WB_WDI,WB_WDI_NY_GDP_PCAP_PP_CD,KNA,_T,_T,_T,_Z,_Z,_Z,2021,A,PPP,
19101.165296,P1Y,0,,A,PU,_Z,2,,,False,WB_WDI,WB_WDI_NY_GDP_PCAP_PP_CD,LCA,_T,_T,_T,_Z,_Z,_Z,2021,A,PPP,
16200.89946,P1Y,0,,A,PU,_Z,2,,,False,WB_WDI,WB_WDI_NY_GDP_PCAP_PP_CD,VCT,_T,_T,_T,_Z,_Z,_Z,2021,A,PPP,
3248.975586,P1Y,0,,A,PU,_Z,2,,,False,WB_WDI,WB_WDI_NY_GDP_PCAP_PP_CD,SDN,_T,_T,_T,_Z,_Z,_Z,2021,A,PPP,
18458.235,P1Y,0,,A,PU,_Z,2,,,False,WB_WDI,WB_WDI_NY_GDP_PCAP_PP_CD,SUR,_T,_T,_T,_Z,_Z,_Z,2021,A,PPP,
62731.700616,P1Y,0,,A,PU,_Z,2,,,False,WB_WDI,WB_WDI_NY_GDP_PCAP_PP_CD,SWE,_T,_T,_T,_Z,_Z,_Z,2021,A,PPP,
81001.411121,P1Y,0,,A,PU,_Z,2,,,False,WB_WDI,WB_WDI_NY_GDP_PCAP_PP_CD,CHE,_T,_T,_T,_Z,_Z,_Z,2021,A,PPP,
4592.838601,P1Y,0,,A,PU,_Z,2,,,False,WB_WDI,WB_WDI_NY_GDP_PCAP_PP_CD,SYR,_T,_T,_T,_Z,_Z,_Z,2021,A,PPP,
3985.912476,P1Y,0,,A,PU,_Z,2,,,False,WB_WDI,WB_WDI_NY_GDP_PCAP_PP_CD,TJK,_T,_T,_T,_Z,_Z,_Z,2021,A,PPP,
27972.384763,P1Y,0,,A,PU,_Z,2,,,False,WB_WDI,WB_WDI_NY_GDP_PCAP_PP_CD,KOR,_T,_T,_T,_Z,_Z,_Z,2006,A,PPP,
89075.224519,P1Y,0,,A,PU,_Z,2,,,False,WB_WDI,WB_WDI_NY_GDP_PCAP_PP_CD,KWT,_T,_T,_T,_Z,_Z,_Z,2006,A,PPP,
2508.388448,P1Y,0,,A,PU,_Z,2,,,False,WB_WDI,WB_WDI_NY_GDP_PCAP_PP_CD,KGZ,_T,_T,_T,_Z,_Z,_Z,2006,A,PPP,
2776.697523,P1Y,0,,A,PU,_Z,2,,,False,WB_WDI,WB_WDI_NY_GDP_PCAP_PP_CD,LAO,_T,_T,_T,_Z,_Z,_Z,2006,A,PPP,
14180.001776,P1Y,0,,A,PU,_Z,2,,,False,WB_WDI,WB_WDI_NY_GDP_PCAP_PP_CD,LVA,_T,_T,_T,_Z,_Z,_Z,2006,A,PPP,
10312.353331,P1Y,0,,A,PU,_Z,2,,,False,WB_WDI,WB_WDI_NY_GDP_PCAP_PP_CD,LBN,_T,_T,_T,_Z,_Z,_Z,2006,A,PPP,
1813.444407,P1Y,0,,A,PU,_Z,2,,,False,WB_WDI,WB_WDI_NY_GDP_PCAP_PP_CD,LSO,_T,_T,_T,_Z,_Z,_Z,2006,A,PPP,
815.218917,P1Y,0,,A,PU,_Z,2,,,False,WB_WDI,WB_WDI_NY_GDP_PCAP_PP_CD,LBR,_T,_T,_T,_Z,_Z,_Z,2006,A,PPP,
28935.661582,P1Y,0,,A,PU,_Z,2,,,False,WB_WDI,WB_WDI_NY_GDP_PCAP_PP_CD,LBY,_T,_T,_T,_Z,_Z,_Z,2006,A,PPP,
15522.357926,P1Y,0,,A,PU,_Z,2,,,False,WB_WDI,WB_WDI_NY_GDP_PCAP_PP_CD,LTU,_T,_T,_T,_Z,_Z,_Z,2006,A,PPP,
78861.166105,P1Y,0,,A,PU,_Z,2,,,False,WB_WDI,WB_WDI_NY_GDP_PCAP_PP_CD,LUX,_T,_T,_T,_Z,_Z,_Z,2006,A,PPP,
6037.520251,P1Y,0,,A,PU,_Z,2,,,False,WB_WDI,WB_WDI_NY_GDP_PCAP_PP_CD,PER,_T,_T,_T,_Z,_Z,_Z,2004,A,PPP,
4037.171938,P1Y,0,,A,PU,_Z,2,,,False,WB_WDI,WB_WDI_NY_GDP_PCAP_PP_CD,PHL,_T,_T,_T,_Z,_Z,_Z,2004,A,PPP,
13413.05432,P1Y,0,,A,PU,_Z,2,,,False,WB_WDI,WB_WDI_NY_GDP_PCAP_PP_CD,POL,_T,_T,_T,_Z,_Z,_Z,2004,A,PPP,
21475.571102,P1Y,0,,A,PU,_Z,2,,,False,WB_WDI,WB_WDI_NY_GDP_PCAP_PP_CD,PRT,_T,_T,_T,_Z,_Z,_Z,2004,A,PPP,
28993.073515,P1Y,0,,A,PU,_Z,2,,,False,WB_WDI,WB_WDI_NY_GDP_PCAP_PP_CD,PRI,_T,_T,_T,_Z,_Z,_Z,2004,A,PPP,
110957.828211,P1Y,0,,A,PU,_Z,2,,,False,WB_WDI,WB_WDI_NY_GDP_PCAP_PP_CD,QAT,_T,_T,_T,_Z,_Z,_Z,2004,A,PPP,
8989.317838,P1Y,0,,A,PU,_Z,2,,,False,WB_WDI,WB_WDI_NY_GDP_PCAP_PP_CD,ROU,_T,_T,_T,_Z,_Z,_Z,2004,A,PPP,
10226.766602,P1Y,0,,A,PU,_Z,2,,,False,WB_WDI,WB_WDI_NY_GDP_PCAP_PP_CD,RUS,_T,_T,_T,_Z,_Z,_Z,2004,A,PPP,
832.279719,P1Y,0,,A,PU,_Z,2,,,False,WB_WDI,WB_WDI_NY_GDP_PCAP_PP_CD,RWA,_T,_T,_T,_Z,_Z,_Z,2004,A,PPP,
3996.744636,P1Y,0,,A,PU,_Z,2,,,False,WB_WDI,WB_WDI_NY_GDP_PCAP_PP_CD,WSM,_T,_T,_T,_Z,_Z,_Z,2004,A,PPP,
61113.901866,P1Y,0,,A,PU,_Z,2,,,False,WB_WDI,WB_WDI_NY_GDP_PCAP_PP_CD,SMR,_T,_T,_T,_Z,_Z,_Z,2004,A,PPP,
2170.941219,P1Y,0,,A,PU,_Z,2,,,False,WB_WDI,WB_WDI_NY_GDP_PCAP_PP_CD,STP,_T,_T,_T,_Z,_Z,_Z,2004,A,PPP,
51225.32582,P1Y,0,,A,PU,_Z,2,,,False,WB_WDI,WB_WDI_NY_GDP_PCAP_PP_CD,SAU,_T,_T,_T,_Z,_Z,_Z,2004,A,PPP,
21722.017365,P1Y,0,,A,PU,_Z,2,,,False,WB_WDI,WB_WDI_NY_GDP_PCAP_PP_CD,CUW,_T,_T,_T,_Z,_Z,_Z,2020,A,PPP,
42569.054688,P1Y,0,,A,PU,_Z,2,,,False,WB_WDI,WB_WDI_NY_GDP_PCAP_PP_CD,CYP,_T,_T,_T,_Z,_Z,_Z,2020,A,PPP,
44839.48221,P1Y,0,,A,PU,_Z,2,,,False,WB_WDI,WB_WDI_NY_GDP_PCAP_PP_CD,CZE,_T,_T,_T,_Z,_Z,_Z,2020,A,PPP,
62682.289947,P1Y,0,,A,PU,_Z,2,,,False,WB_WDI,WB_WDI_NY_GDP_PCAP_PP_CD,DNK,_T,_T,_T,_Z,_Z,_Z,2020,A,PPP,
5527.001852,P1Y,0,,A,PU,_Z,2,,,False,WB_WDI,WB_WDI_NY_GDP_PCAP_PP_CD,DJI,_T,_T,_T,_Z,_Z,_Z,2020,A,PPP,
14243.762312,P1Y,0,,A,PU,_Z,2,,,False,WB_WDI,WB_WDI_NY_GDP_PCAP_PP_CD,DMA,_T,_T,_T,_Z,_Z,_Z,2020,A,PPP,
18998.306967,P1Y,0,,A,PU,_Z,2,,,False,WB_WDI,WB_WDI_NY_GDP_PCAP_PP_CD,DOM,_T,_T,_T,_Z,_Z,_Z,2020,A,PPP,
11526.801301,P1Y,0,,A,PU,_Z,2,,,False,WB_WDI,WB_WDI_NY_GDP_PCAP_PP_CD,ECU,_T,_T,_T,_Z,_Z,_Z,2020,A,PPP,
15231.865418,P1Y,0,,A,PU,_Z,2,,,False,WB_WDI,WB_WDI_NY_GDP_PCAP_PP_CD,EGY,_T,_T,_T,_Z,_Z,_Z,2020,A,PPP,
9392.689138,P1Y,0,,A,PU,_Z,2,,,False,WB_WDI,WB_WDI_NY_GDP_PCAP_PP_CD,SLV,_T,_T,_T,_Z,_Z,_Z,2020,A,PPP,
35522.009088,P1Y,0,,A,PU,_Z,2,,,False,WB_WDI,WB_WDI_NY_GDP_PCAP_PP_CD,GBR,_T,_T,_T,_Z,_Z,_Z,2007,A,PPP,
48050.227412,P1Y,0,,A,PU,_Z,2,,,False,WB_WDI,WB_WDI_NY_GDP_PCAP_PP_CD,USA,_T,_T,_T,_Z,_Z,_Z,2007,A,PPP,
14397.224967,P1Y,0,,A,PU,_Z,2,,,False,WB_WDI,WB_WDI_NY_GDP_PCAP_PP_CD,URY,_T,_T,_T,_Z,_Z,_Z,2007,A,PPP,
4386.129337,P1Y,0,,A,PU,_Z,2,,,False,WB_WDI,WB_WDI_NY_GDP_PCAP_PP_CD,UZB,_T,_T,_T,_Z,_Z,_Z,2007,A,PPP,
2573.401044,P1Y,0,,A,PU,_Z,2,,,False,WB_WDI,WB_WDI_NY_GDP_PCAP_PP_CD,VUT,_T,_T,_T,_Z,_Z,_Z,2007,A,PPP,
20236.299531,P1Y,0,,A,PU,_Z,2,,,False,WB_WDI,WB_WDI_NY_GDP_PCAP_PP_CD,VEN,_T,_T,_T,_Z,_Z,_Z,2007,A,PPP,
4580.794311,P1Y,0,,A,PU,_Z,2,,,False,WB_WDI,WB_WDI_NY_GDP_PCAP_PP_CD,VNM,_T,_T,_T,_Z,_Z,_Z,2007,A,PPP,
42153.539659,P1Y,0,,A,PU,_Z,2,,,False,WB_WDI,WB_WDI_NY_GDP_PCAP_PP_CD,VIR,_T,_T,_T,_Z,_Z,_Z,2007,A,PPP,
3485.612718,P1Y,0,,A,PU,_Z,2,,,False,WB_WDI,WB_WDI_NY_GDP_PCAP_PP_CD,PSE,_T,_T,_T,_Z,_Z,_Z,2007,A,PPP,
3293.633442,P1Y,0,,A,PU,_Z,2,,,False,WB_WDI,WB_WDI_NY_GDP_PCAP_PP_CD,YEM,_T,_T,_T,_Z,_Z,_Z,2007,A,PPP,
2554.689376,P1Y,0,,A,PU,_Z,2,,,False,WB_WDI,WB_WDI_NY_GDP_PCAP_PP_CD,ZMB,_T,_T,_T,_Z,_Z,_Z,2007,A,PPP,
2396.378351,P1Y,0,,A,PU,_Z,2,,,False,WB_WDI,WB_WDI_NY_GDP_PCAP_PP_CD,ZWE,_T,_T,_T,_Z,_Z,_Z,2007,A,PPP,
9801.962125,P1Y,0,,A,PU,_Z,2,,,False,WB_WDI,WB_WDI_NY_GDP_PCAP_PP_CD,BRA,_T,_T,_T,_Z,_Z,_Z,2003,A,PPP,
79632.172234,P1Y,0,,A,PU,_Z,2,,,False,WB_WDI,WB_WDI_NY_GDP_PCAP_PP_CD,BRN,_T,_T,_T,_Z,_Z,_Z,2003,A,PPP,
8416.407734,P1Y,0,,A,PU,_Z,2,,,False,WB_WDI,WB_WDI_NY_GDP_PCAP_PP_CD,BGR,_T,_T,_T,_Z,_Z,_Z,2003,A,PPP,
1037.837994,P1Y,0,,A,PU,_Z,2,,,False,WB_WDI,WB_WDI_NY_GDP_PCAP_PP_CD,BFA,_T,_T,_T,_Z,_Z,_Z,2003,A,PPP,
531.812612,P1Y,0,,A,PU,_Z,2,,,False,WB_WDI,WB_WDI_NY_GDP_PCAP_PP_CD,BDI,_T,_T,_T,_Z,_Z,_Z,2003,A,PPP,
3551.463843,P1Y,0,,A,PU,_Z,2,,,False,WB_WDI,WB_WDI_NY_GDP_PCAP_PP_CD,CPV,_T,_T,_T,_Z,_Z,_Z,2003,A,PPP,
1597.882264,P1Y,0,,A,PU,_Z,2,,,False,WB_WDI,WB_WDI_NY_GDP_PCAP_PP_CD,KHM,_T,_T,_T,_Z,_Z,_Z,2003,A,PPP,
2368.101195,P1Y,0,,A,PU,_Z,2,,,False,WB_WDI,WB_WDI_NY_GDP_PCAP_PP_CD,CMR,_T,_T,_T,_Z,_Z,_Z,2003,A,PPP,
32349.882958,P1Y,0,,A,PU,_Z,2,,,False,WB_WDI,WB_WDI_NY_GDP_PCAP_PP_CD,CAN,_T,_T,_T,_Z,_Z,_Z,2003,A,PPP,
648.193215,P1Y,0,,A,PU,_Z,2,,,False,WB_WDI,WB_WDI_NY_GDP_PCAP_PP_CD,CAF,_T,_T,_T,_Z,_Z,_Z,2003,A,PPP,
1377.746596,P1Y,0,,A,PU,_Z,2,,,False,WB_WDI,WB_WDI_NY_GDP_PCAP_PP_CD,TCD,_T,_T,_T,_Z,_Z,_Z,2003,A,PPP,
643.764679,P1Y,0,,A,PU,_Z,2,,,False,WB_WDI,WB_WDI_NY_GDP_PCAP_PP_CD,COD,_T,_T,_T,_Z,_Z,_Z,2011,A,PPP,
5175.204391,P1Y,0,,A,PU,_Z,2,,,False,WB_WDI,WB_WDI_NY_GDP_PCAP_PP_CD,COG,_T,_T,_T,_Z,_Z,_Z,2011,A,PPP,
13614.2604,P1Y,0,,A,PU,_Z,2,,,False,WB_WDI,WB_WDI_NY_GDP_PCAP_PP_CD,CRI,_T,_T,_T,_Z,_Z,_Z,2011,A,PPP,
3175.919224,P1Y,0,,A,PU,_Z,2,,,False,WB_WDI,WB_WDI_NY_GDP_PCAP_PP_CD,CIV,_T,_T,_T,_Z,_Z,_Z,2011,A,PPP,
21190.713055,P1Y,0,,A,PU,_Z,2,,,False,WB_WDI,WB_WDI_NY_GDP_PCAP_PP_CD,HRV,_T,_T,_T,_Z,_Z,_Z,2011,A,PPP,
26251.362823,P1Y,0,,A,PU,_Z,2,,,False,WB_WDI,WB_WDI_NY_GDP_PCAP_PP_CD,CUW,_T,_T,_T,_Z,_Z,_Z,2011,A,PPP,
33405.976563,P1Y,0,,A,PU,_Z,2,,,False,WB_WDI,WB_WDI_NY_GDP_PCAP_PP_CD,CYP,_T,_T,_T,_Z,_Z,_Z,2011,A,PPP,
29237.187096,P1Y,0,,A,PU,_Z,2,,,False,WB_WDI,WB_WDI_NY_GDP_PCAP_PP_CD,CZE,_T,_T,_T,_Z,_Z,_Z,2011,A,PPP,
44443.716384,P1Y,0,,A,PU,_Z,2,,,False,WB_WDI,WB_WDI_NY_GDP_PCAP_PP_CD,DNK,_T,_T,_T,_Z,_Z,_Z,2011,A,PPP,
5516.390551,P1Y,0,,A,PU,_Z,2,,,False,WB_WDI,WB_WDI_NY_GDP_PCAP_PP_CD,CIV,_T,_T,_T,_Z,_Z,_Z,2019,A,PPP,
33063.910173,P1Y,0,,A,PU,_Z,2,,,False,WB_WDI,WB_WDI_NY_GDP_PCAP_PP_CD,HRV,_T,_T,_T,_Z,_Z,_Z,2019,A,PPP,
25396.996619,P1Y,0,,A,PU,_Z,2,,,False,WB_WDI,WB_WDI_NY_GDP_PCAP_PP_CD,CUW,_T,_T,_T,_Z,_Z,_Z,2019,A,PPP,
44393.992188,P1Y,0,,A,PU,_Z,2,,,False,WB_WDI,WB_WDI_NY_GDP_PCAP_PP_CD,CYP,_T,_T,_T,_Z,_Z,_Z,2019,A,PPP,
45614.017113,P1Y,0,,A,PU,_Z,2,,,False,WB_WDI,WB_WDI_NY_GDP_PCAP_PP_CD,CZE,_T,_T,_T,_Z,_Z,_Z,2019,A,PPP,
60594.9664,P1Y,0,,A,PU,_Z,2,,,False,WB_WDI,WB_WDI_NY_GDP_PCAP_PP_CD,DNK,_T,_T,_T,_Z,_Z,_Z,2019,A,PPP,
5398.000368,P1Y,0,,A,PU,_Z,2,,,False,WB_WDI,WB_WDI_NY_GDP_PCAP_PP_CD,DJI,_T,_T,_T,_Z,_Z,_Z,2019,A,PPP,
16020.594472,P1Y,0,,A,PU,_Z,2,,,False,WB_WDI,WB_WDI_NY_GDP_PCAP_PP_CD,DMA,_T,_T,_T,_Z,_Z,_Z,2019,A,PPP,
19766.762859,P1Y,0,,A,PU,_Z,2,,,False,WB_WDI,WB_WDI_NY_GDP_PCAP_PP_CD,DOM,_T,_T,_T,_Z,_Z,_Z,2019,A,PPP,
12543.014824,P1Y,0,,A,PU,_Z,2,,,False,WB_WDI,WB_WDI_NY_GDP_PCAP_PP_CD,ECU,_T,_T,_T,_Z,_Z,_Z,2019,A,PPP,
13363.732696,P1Y,0,,A,PU,_Z,2,,,False,WB_WDI,WB_WDI_NY_GDP_PCAP_PP_CD,EGY,_T,_T,_T,_Z,_Z,_Z,2019,A,PPP,
34727.436671,P1Y,0,,A,PU,_Z,2,,,False,WB_WDI,WB_WDI_NY_GDP_PCAP_PP_CD,GBR,_T,_T,_T,_Z,_Z,_Z,2006,A,PPP,
46301.987649,P1Y,0,,A,PU,_Z,2,,,False,WB_WDI,WB_WDI_NY_GDP_PCAP_PP_CD,USA,_T,_T,_T,_Z,_Z,_Z,2006,A,PPP,
13179.388113,P1Y,0,,A,PU,_Z,2,,,False,WB_WDI,WB_WDI_NY_GDP_PCAP_PP_CD,URY,_T,_T,_T,_Z,_Z,_Z,2006,A,PPP,
3955.976821,P1Y,0,,A,PU,_Z,2,,,False,WB_WDI,WB_WDI_NY_GDP_PCAP_PP_CD,UZB,_T,_T,_T,_Z,_Z,_Z,2006,A,PPP,
2495.856836,P1Y,0,,A,PU,_Z,2,,,False,WB_WDI,WB_WDI_NY_GDP_PCAP_PP_CD,VUT,_T,_T,_T,_Z,_Z,_Z,2006,A,PPP,
18399.253313,P1Y,0,,A,PU,_Z,2,,,False,WB_WDI,WB_WDI_NY_GDP_PCAP_PP_CD,VEN,_T,_T,_T,_Z,_Z,_Z,2006,A,PPP,
4237.400881,P1Y,0,,A,PU,_Z,2,,,False,WB_WDI,WB_WDI_NY_GDP_PCAP_PP_CD,VNM,_T,_T,_T,_Z,_Z,_Z,2006,A,PPP,
39447.421201,P1Y,0,,A,PU,_Z,2,,,False,WB_WDI,WB_WDI_NY_GDP_PCAP_PP_CD,VIR,_T,_T,_T,_Z,_Z,_Z,2006,A,PPP,
3354.428466,P1Y,0,,A,PU,_Z,2,,,False,WB_WDI,WB_WDI_NY_GDP_PCAP_PP_CD,PSE,_T,_T,_T,_Z,_Z,_Z,2006,A,PPP,
3205.308271,P1Y,0,,A,PU,_Z,2,,,False,WB_WDI,WB_WDI_NY_GDP_PCAP_PP_CD,YEM,_T,_T,_T,_Z,_Z,_Z,2006,A,PPP,
2377.992398,P1Y,0,,A,PU,_Z,2,,,False,WB_WDI,WB_WDI_NY_GDP_PCAP_PP_CD,ZMB,_T,_T,_T,_Z,_Z,_Z,2006,A,PPP,
2453.756424,P1Y,0,,A,PU,_Z,2,,,False,WB_WDI,WB_WDI_NY_GDP_PCAP_PP_CD,ZWE,_T,_T,_T,_Z,_Z,_Z,2006,A,PPP,
27579.428606,P1Y,0,,A,PU,_Z,2,,,False,WB_WDI,WB_WDI_NY_GDP_PCAP_PP_CD,SVN,_T,_T,_T,_Z,_Z,_Z,2010,A,PPP,
2182.216039,P1Y,0,,A,PU,_Z,2,,,False,WB_WDI,WB_WDI_NY_GDP_PCAP_PP_CD,SLB,_T,_T,_T,_Z,_Z,_Z,2010,A,PPP,
815.131436,P1Y,0,,A,PU,_Z,2,,,False,WB_WDI,WB_WDI_NY_GDP_PCAP_PP_CD,SOM,_T,_T,_T,_Z,_Z,_Z,2010,A,PPP,
12637.291223,P1Y,0,,A,PU,_Z,2,,,False,WB_WDI,WB_WDI_NY_GDP_PCAP_PP_CD,ZAF,_T,_T,_T,_Z,_Z,_Z,2010,A,PPP,
2948.050015,P1Y,0,,A,PU,_Z,2,,,False,WB_WDI,WB_WDI_NY_GDP_PCAP_PP_CD,SSD,_T,_T,_T,_Z,_Z,_Z,2010,A,PPP,
31804.674657,P1Y,0,,A,PU,_Z,2,,,False,WB_WDI,WB_WDI_NY_GDP_PCAP_PP_CD,ESP,_T,_T,_T,_Z,_Z,_Z,2010,A,PPP,
8233.626638,P1Y,0,,A,PU,_Z,2,,,False,WB_WDI,WB_WDI_NY_GDP_PCAP_PP_CD,LKA,_T,_T,_T,_Z,_Z,_Z,2010,A,PPP,
23691.447794,P1Y,0,,A,PU,_Z,2,,,False,WB_WDI,WB_WDI_NY_GDP_PCAP_PP_CD,KNA,_T,_T,_T,_Z,_Z,_Z,2010,A,PPP,
12717.786597,P1Y,0,,A,PU,_Z,2,,,False,WB_WDI,WB_WDI_NY_GDP_PCAP_PP_CD,LCA,_T,_T,_T,_Z,_Z,_Z,2010,A,PPP,
10561.308031,P1Y,0,,A,PU,_Z,2,,,False,WB_WDI,WB_WDI_NY_GDP_PCAP_PP_CD,VCT,_T,_T,_T,_Z,_Z,_Z,2010,A,PPP,
3805.627441,P1Y,0,,A,PU,_Z,2,,,False,WB_WDI,WB_WDI_NY_GDP_PCAP_PP_CD,SDN,_T,_T,_T,_Z,_Z,_Z,2010,A,PPP,
13039.44912,P1Y,0,,A,PU,_Z,2,,,False,WB_WDI,WB_WDI_NY_GDP_PCAP_PP_CD,SUR,_T,_T,_T,_Z,_Z,_Z,2010,A,PPP,
15921.705282,P1Y,0,,A,PU,_Z,2,,,False,WB_WDI,WB_WDI_NY_GDP_PCAP_PP_CD,ARM,_T,_T,_T,_Z,_Z,_Z,2021,A,PPP,
35104.786804,P1Y,0,,A,PU,_Z,2,,,False,WB_WDI,WB_WDI_NY_GDP_PCAP_PP_CD,ABW,_T,_T,_T,_Z,_Z,_Z,2021,A,PPP,
58327.414684,P1Y,0,,A,PU,_Z,2,,,False,WB_WDI,WB_WDI_NY_GDP_PCAP_PP_CD,AUS,_T,_T,_T,_Z,_Z,_Z,2021,A,PPP,
62968.942231,P1Y,0,,A,PU,_Z,2,,,False,WB_WDI,WB_WDI_NY_GDP_PCAP_PP_CD,AUT,_T,_T,_T,_Z,_Z,_Z,2021,A,PPP,
20111.375695,P1Y,0,,A,PU,_Z,2,,,False,WB_WDI,WB_WDI_NY_GDP_PCAP_PP_CD,AZE,_T,_T,_T,_Z,_Z,_Z,2021,A,PPP,
31064.682217,P1Y,0,,A,PU,_Z,2,,,False,WB_WDI,WB_WDI_NY_GDP_PCAP_PP_CD,BHS,_T,_T,_T,_Z,_Z,_Z,2021,A,PPP,
54954.67579,P1Y,0,,A,PU,_Z,2,,,False,WB_WDI,WB_WDI_NY_GDP_PCAP_PP_CD,BHR,_T,_T,_T,_Z,_Z,_Z,2021,A,PPP,
7441.06914,P1Y,0,,A,PU,_Z,2,,,False,WB_WDI,WB_WDI_NY_GDP_PCAP_PP_CD,BGD,_T,_T,_T,_Z,_Z,_Z,2021,A,PPP,
17682.731454,P1Y,0,,A,PU,_Z,2,,,False,WB_WDI,WB_WDI_NY_GDP_PCAP_PP_CD,BRB,_T,_T,_T,_Z,_Z,_Z,2021,A,PPP,
27611.180114,P1Y,0,,A,PU,_Z,2,,,False,WB_WDI,WB_WDI_NY_GDP_PCAP_PP_CD,BLR,_T,_T,_T,_Z,_Z,_Z,2021,A,PPP,
60669.213775,P1Y,0,,A,PU,_Z,2,,,False,WB_WDI,WB_WDI_NY_GDP_PCAP_PP_CD,BEL,_T,_T,_T,_Z,_Z,_Z,2021,A,PPP,
11716.326782,P1Y,0,,A,PU,_Z,2,,,False,WB_WDI,WB_WDI_NY_GDP_PCAP_PP_CD,BLZ,_T,_T,_T,_Z,_Z,_Z,2021,A,PPP,
15075.272635,P1Y,0,,A,PU,_Z,2,,,False,WB_WDI,WB_WDI_NY_GDP_PCAP_PP_CD,AZE,_T,_T,_T,_Z,_Z,_Z,2015,A,PPP,
32137.578473,P1Y,0,,A,PU,_Z,2,,,False,WB_WDI,WB_WDI_NY_GDP_PCAP_PP_CD,BHS,_T,_T,_T,_Z,_Z,_Z,2015,A,PPP,
48034.246888,P1Y,0,,A,PU,_Z,2,,,False,WB_WDI,WB_WDI_NY_GDP_PCAP_PP_CD,BHR,_T,_T,_T,_Z,_Z,_Z,2015,A,PPP,
4212.235781,P1Y,0,,A,PU,_Z,2,,,False,WB_WDI,WB_WDI_NY_GDP_PCAP_PP_CD,BGD,_T,_T,_T,_Z,_Z,_Z,2015,A,PPP,
19185.518641,P1Y,0,,A,PU,_Z,2,,,False,WB_WDI,WB_WDI_NY_GDP_PCAP_PP_CD,BRB,_T,_T,_T,_Z,_Z,_Z,2015,A,PPP,
18133.531309,P1Y,0,,A,PU,_Z,2,,,False,WB_WDI,WB_WDI_NY_GDP_PCAP_PP_CD,BLR,_T,_T,_T,_Z,_Z,_Z,2015,A,PPP,
46071.914889,P1Y,0,,A,PU,_Z,2,,,False,WB_WDI,WB_WDI_NY_GDP_PCAP_PP_CD,BEL,_T,_T,_T,_Z,_Z,_Z,2015,A,PPP,
9538.386911,P1Y,0,,A,PU,_Z,2,,,False,WB_WDI,WB_WDI_NY_GDP_PCAP_PP_CD,BLZ,_T,_T,_T,_Z,_Z,_Z,2015,A,PPP,
2725.337248,P1Y,0,,A,PU,_Z,2,,,False,WB_WDI,WB_WDI_NY_GDP_PCAP_PP_CD,BEN,_T,_T,_T,_Z,_Z,_Z,2015,A,PPP,
75943.464297,P1Y,0,,A,PU,_Z,2,,,False,WB_WDI,WB_WDI_NY_GDP_PCAP_PP_CD,BMU,_T,_T,_T,_Z,_Z,_Z,2015,A,PPP,
10213.813961,P1Y,0,,A,PU,_Z,2,,,False,WB_WDI,WB_WDI_NY_GDP_PCAP_PP_CD,BTN,_T,_T,_T,_Z,_Z,_Z,2015,A,PPP,
73086.931826,P1Y,0,,A,PU,_Z,2,,,False,WB_WDI,WB_WDI_NY_GDP_PCAP_PP_CD,BRN,_T,_T,_T,_Z,_Z,_Z,2000,A,PPP,
6424.145373,P1Y,0,,A,PU,_Z,2,,,False,WB_WDI,WB_WDI_NY_GDP_PCAP_PP_CD,BGR,_T,_T,_T,_Z,_Z,_Z,2000,A,PPP,
896.477482,P1Y,0,,A,PU,_Z,2,,,False,WB_WDI,WB_WDI_NY_GDP_PCAP_PP_CD,BFA,_T,_T,_T,_Z,_Z,_Z,2000,A,PPP,
519.237307,P1Y,0,,A,PU,_Z,2,,,False,WB_WDI,WB_WDI_NY_GDP_PCAP_PP_CD,BDI,_T,_T,_T,_Z,_Z,_Z,2000,A,PPP,
3124.494884,P1Y,0,,A,PU,_Z,2,,,False,WB_WDI,WB_WDI_NY_GDP_PCAP_PP_CD,CPV,_T,_T,_T,_Z,_Z,_Z,2000,A,PPP,
1255.640378,P1Y,0,,A,PU,_Z,2,,,False,WB_WDI,WB_WDI_NY_GDP_PCAP_PP_CD,KHM,_T,_T,_T,_Z,_Z,_Z,2000,A,PPP,
2108.49455,P1Y,0,,A,PU,_Z,2,,,False,WB_WDI,WB_WDI_NY_GDP_PCAP_PP_CD,CMR,_T,_T,_T,_Z,_Z,_Z,2000,A,PPP,
29347.78798,P1Y,0,,A,PU,_Z,2,,,False,WB_WDI,WB_WDI_NY_GDP_PCAP_PP_CD,CAN,_T,_T,_T,_Z,_Z,_Z,2000,A,PPP,
639.836997,P1Y,0,,A,PU,_Z,2,,,False,WB_WDI,WB_WDI_NY_GDP_PCAP_PP_CD,CAF,_T,_T,_T,_Z,_Z,_Z,2000,A,PPP,
1043.5454,P1Y,0,,A,PU,_Z,2,,,False,WB_WDI,WB_WDI_NY_GDP_PCAP_PP_CD,TCD,_T,_T,_T,_Z,_Z,_Z,2000,A,PPP,
9375.659911,P1Y,0,,A,PU,_Z,2,,,False,WB_WDI,WB_WDI_NY_GDP_PCAP_PP_CD,CHL,_T,_T,_T,_Z,_Z,_Z,2000,A,PPP,
3016.703244,P1Y,0,,A,PU,_Z,2,,,False,WB_WDI,WB_WDI_NY_GDP_PCAP_PP_CD,MHL,_T,_T,_T,_Z,_Z,_Z,2005,A,PPP,
2809.035081,P1Y,0,,A,PU,_Z,2,,,False,WB_WDI,WB_WDI_NY_GDP_PCAP_PP_CD,MRT,_T,_T,_T,_Z,_Z,_Z,2005,A,PPP,
11703.476524,P1Y,0,,A,PU,_Z,2,,,False,WB_WDI,WB_WDI_NY_GDP_PCAP_PP_CD,MUS,_T,_T,_T,_Z,_Z,_Z,2005,A,PPP,
13260.238819,P1Y,0,,A,PU,_Z,2,,,False,WB_WDI,WB_WDI_NY_GDP_PCAP_PP_CD,MEX,_T,_T,_T,_Z,_Z,_Z,2005,A,PPP,
2728.618002,P1Y,0,,A,PU,_Z,2,,,False,WB_WDI,WB_WDI_NY_GDP_PCAP_PP_CD,FSM,_T,_T,_T,_Z,_Z,_Z,2005,A,PPP,
4865.934564,P1Y,0,,A,PU,_Z,2,,,False,WB_WDI,WB_WDI_NY_GDP_PCAP_PP_CD,MDA,_T,_T,_T,_Z,_Z,_Z,2005,A,PPP,
5406.14342,P1Y,0,,A,PU,_Z,2,,,False,WB_WDI,WB_WDI_NY_GDP_PCAP_PP_CD,MNG,_T,_T,_T,_Z,_Z,_Z,2005,A,PPP,
8313.640544,P1Y,0,,A,PU,_Z,2,,,False,WB_WDI,WB_WDI_NY_GDP_PCAP_PP_CD,MNE,_T,_T,_T,_Z,_Z,_Z,2005,A,PPP,
5274.741699,P1Y,0,,A,PU,_Z,2,,,False,WB_WDI,WB_WDI_NY_GDP_PCAP_PP_CD,MAR,_T,_T,_T,_Z,_Z,_Z,2005,A,PPP,
721.411762,P1Y,0,,A,PU,_Z,2,,,False,WB_WDI,WB_WDI_NY_GDP_PCAP_PP_CD,MOZ,_T,_T,_T,_Z,_Z,_Z,2005,A,PPP,
1860.454132,P1Y,0,,A,PU,_Z,2,,,False,WB_WDI,WB_WDI_NY_GDP_PCAP_PP_CD,MMR,_T,_T,_T,_Z,_Z,_Z,2005,A,PPP,
6766.599812,P1Y,0,,A,PU,_Z,2,,,False,WB_WDI,WB_WDI_NY_GDP_PCAP_PP_CD,NAM,_T,_T,_T,_Z,_Z,_Z,2005,A,PPP,
12605.02019,P1Y,0,,A,PU,_Z,2,,,False,WB_WDI,WB_WDI_NY_GDP_PCAP_PP_CD,LTU,_T,_T,_T,_Z,_Z,_Z,2004,A,PPP,
64685.728687,P1Y,0,,A,PU,_Z,2,,,False,WB_WDI,WB_WDI_NY_GDP_PCAP_PP_CD,LUX,_T,_T,_T,_Z,_Z,_Z,2004,A,PPP,
56585.300183,P1Y,0,,A,PU,_Z,2,,,False,WB_WDI,WB_WDI_NY_GDP_PCAP_PP_CD,MAC,_T,_T,_T,_Z,_Z,_Z,2004,A,PPP,
1279.546111,P1Y,0,,A,PU,_Z,2,,,False,WB_WDI,WB_WDI_NY_GDP_PCAP_PP_CD,MDG,_T,_T,_T,_Z,_Z,_Z,2004,A,PPP,
1032.802139,P1Y,0,,A,PU,_Z,2,,,False,WB_WDI,WB_WDI_NY_GDP_PCAP_PP_CD,MWI,_T,_T,_T,_Z,_Z,_Z,2004,A,PPP,
15415.80634,P1Y,0,,A,PU,_Z,2,,,False,WB_WDI,WB_WDI_NY_GDP_PCAP_PP_CD,MYS,_T,_T,_T,_Z,_Z,_Z,2004,A,PPP,
10769.774328,P1Y,0,,A,PU,_Z,2,,,False,WB_WDI,WB_WDI_NY_GDP_PCAP_PP_CD,MDV,_T,_T,_T,_Z,_Z,_Z,2004,A,PPP,
1730.092252,P1Y,0,,A,PU,_Z,2,,,False,WB_WDI,WB_WDI_NY_GDP_PCAP_PP_CD,MLI,_T,_T,_T,_Z,_Z,_Z,2004,A,PPP,
21565.773322,P1Y,0,,A,PU,_Z,2,,,False,WB_WDI,WB_WDI_NY_GDP_PCAP_PP_CD,MLT,_T,_T,_T,_Z,_Z,_Z,2004,A,PPP,
2879.905897,P1Y,0,,A,PU,_Z,2,,,False,WB_WDI,WB_WDI_NY_GDP_PCAP_PP_CD,MHL,_T,_T,_T,_Z,_Z,_Z,2004,A,PPP,
2570.294049,P1Y,0,,A,PU,_Z,2,,,False,WB_WDI,WB_WDI_NY_GDP_PCAP_PP_CD,MRT,_T,_T,_T,_Z,_Z,_Z,2004,A,PPP,
11215.700278,P1Y,0,,A,PU,_Z,2,,,False,WB_WDI,WB_WDI_NY_GDP_PCAP_PP_CD,MUS,_T,_T,_T,_Z,_Z,_Z,2004,A,PPP,
5850.084879,P1Y,0,,A,PU,_Z,2,,,False,WB_WDI,WB_WDI_NY_GDP_PCAP_PP_CD,ROU,_T,_T,_T,_Z,_Z,_Z,2000,A,PPP,
6825.391602,P1Y,0,,A,PU,_Z,2,,,False,WB_WDI,WB_WDI_NY_GDP_PCAP_PP_CD,RUS,_T,_T,_T,_Z,_Z,_Z,2000,A,PPP,
609.265856,P1Y,0,,A,PU,_Z,2,,,False,WB_WDI,WB_WDI_NY_GDP_PCAP_PP_CD,RWA,_T,_T,_T,_Z,_Z,_Z,2000,A,PPP,
3061.849867,P1Y,0,,A,PU,_Z,2,,,False,WB_WDI,WB_WDI_NY_GDP_PCAP_PP_CD,WSM,_T,_T,_T,_Z,_Z,_Z,2000,A,PPP,
53713.448334,P1Y,0,,A,PU,_Z,2,,,False,WB_WDI,WB_WDI_NY_GDP_PCAP_PP_CD,SMR,_T,_T,_T,_Z,_Z,_Z,2000,A,PPP,
1830.366299,P1Y,0,,A,PU,_Z,2,,,False,WB_WDI,WB_WDI_NY_GDP_PCAP_PP_CD,STP,_T,_T,_T,_Z,_Z,_Z,2000,A,PPP,
48643.607218,P1Y,0,,A,PU,_Z,2,,,False,WB_WDI,WB_WDI_NY_GDP_PCAP_PP_CD,SAU,_T,_T,_T,_Z,_Z,_Z,2000,A,PPP,
1963.275099,P1Y,0,,A,PU,_Z,2,,,False,WB_WDI,WB_WDI_NY_GDP_PCAP_PP_CD,SEN,_T,_T,_T,_Z,_Z,_Z,2000,A,PPP,
6415.705119,P1Y,0,,A,PU,_Z,2,,,False,WB_WDI,WB_WDI_NY_GDP_PCAP_PP_CD,SRB,_T,_T,_T,_Z,_Z,_Z,2000,A,PPP,
14637.959071,P1Y,0,,A,PU,_Z,2,,,False,WB_WDI,WB_WDI_NY_GDP_PCAP_PP_CD,SYC,_T,_T,_T,_Z,_Z,_Z,2000,A,PPP,
1242.07432,P1Y,0,,A,PU,_Z,2,,,False,WB_WDI,WB_WDI_NY_GDP_PCAP_PP_CD,SLE,_T,_T,_T,_Z,_Z,_Z,2000,A,PPP,
43781.26915,P1Y,0,,A,PU,_Z,2,,,False,WB_WDI,WB_WDI_NY_GDP_PCAP_PP_CD,SGP,_T,_T,_T,_Z,_Z,_Z,2000,A,PPP,
11369.991617,P1Y,0,,A,PU,_Z,2,,,False,WB_WDI,WB_WDI_NY_GDP_PCAP_PP_CD,SVK,_T,_T,_T,_Z,_Z,_Z,2000,A,PPP,
17891.58566,P1Y,0,,A,PU,_Z,2,,,False,WB_WDI,WB_WDI_NY_GDP_PCAP_PP_CD,SVN,_T,_T,_T,_Z,_Z,_Z,2000,A,PPP,
38679.780595,P1Y,0,,A,PU,_Z,2,,,False,WB_WDI,WB_WDI_NY_GDP_PCAP_PP_CD,NOR,_T,_T,_T,_Z,_Z,_Z,2003,A,PPP,
40934.695716,P1Y,0,,A,PU,_Z,2,,,False,WB_WDI,WB_WDI_NY_GDP_PCAP_PP_CD,OMN,_T,_T,_T,_Z,_Z,_Z,2003,A,PPP,
2821.73137,P1Y,0,,A,PU,_Z,2,,,False,WB_WDI,WB_WDI_NY_GDP_PCAP_PP_CD,PAK,_T,_T,_T,_Z,_Z,_Z,2003,A,PPP,
11588.369621,P1Y,0,,A,PU,_Z,2,,,False,WB_WDI,WB_WDI_NY_GDP_PCAP_PP_CD,PLW,_T,_T,_T,_Z,_Z,_Z,2003,A,PPP,
8800.566631,P1Y,0,,A,PU,_Z,2,,,False,WB_WDI,WB_WDI_NY_GDP_PCAP_PP_CD,PAN,_T,_T,_T,_Z,_Z,_Z,2003,A,PPP,
2141.940887,P1Y,0,,A,PU,_Z,2,,,False,WB_WDI,WB_WDI_NY_GDP_PCAP_PP_CD,PNG,_T,_T,_T,_Z,_Z,_Z,2003,A,PPP,
7275.93316,P1Y,0,,A,PU,_Z,2,,,False,WB_WDI,WB_WDI_NY_GDP_PCAP_PP_CD,PRY,_T,_T,_T,_Z,_Z,_Z,2003,A,PPP,
5656.858161,P1Y,0,,A,PU,_Z,2,,,False,WB_WDI,WB_WDI_NY_GDP_PCAP_PP_CD,PER,_T,_T,_T,_Z,_Z,_Z,2003,A,PPP,
3761.496246,P1Y,0,,A,PU,_Z,2,,,False,WB_WDI,WB_WDI_NY_GDP_PCAP_PP_CD,PHL,_T,_T,_T,_Z,_Z,_Z,2003,A,PPP,
12328.901162,P1Y,0,,A,PU,_Z,2,,,False,WB_WDI,WB_WDI_NY_GDP_PCAP_PP_CD,POL,_T,_T,_T,_Z,_Z,_Z,2003,A,PPP,
20849.594383,P1Y,0,,A,PU,_Z,2,,,False,WB_WDI,WB_WDI_NY_GDP_PCAP_PP_CD,PRT,_T,_T,_T,_Z,_Z,_Z,2003,A,PPP,
25967.781482,P1Y,0,,A,PU,_Z,2,,,False,WB_WDI,WB_WDI_NY_GDP_PCAP_PP_CD,PRI,_T,_T,_T,_Z,_Z,_Z,2003,A,PPP,
94120.366832,P1Y,0,,A,PU,_Z,2,,,False,WB_WDI,WB_WDI_NY_GDP_PCAP_PP_CD,QAT,_T,_T,_T,_Z,_Z,_Z,2003,A,PPP,
3834.898159,P1Y,0,,A,PU,_Z,2,,,False,WB_WDI,WB_WDI_NY_GDP_PCAP_PP_CD,AZE,_T,_T,_T,_Z,_Z,_Z,2001,A,PPP,
26351.076026,P1Y,0,,A,PU,_Z,2,,,False,WB_WDI,WB_WDI_NY_GDP_PCAP_PP_CD,BHS,_T,_T,_T,_Z,_Z,_Z,2001,A,PPP,
46161.575846,P1Y,0,,A,PU,_Z,2,,,False,WB_WDI,WB_WDI_NY_GDP_PCAP_PP_CD,BHR,_T,_T,_T,_Z,_Z,_Z,2001,A,PPP,
1597.587406,P1Y,0,,A,PU,_Z,2,,,False,WB_WDI,WB_WDI_NY_GDP_PCAP_PP_CD,BGD,_T,_T,_T,_Z,_Z,_Z,2001,A,PPP,
15865.586356,P1Y,0,,A,PU,_Z,2,,,False,WB_WDI,WB_WDI_NY_GDP_PCAP_PP_CD,BRB,_T,_T,_T,_Z,_Z,_Z,2001,A,PPP,
6238.098624,P1Y,0,,A,PU,_Z,2,,,False,WB_WDI,WB_WDI_NY_GDP_PCAP_PP_CD,BLR,_T,_T,_T,_Z,_Z,_Z,2001,A,PPP,
28793.514264,P1Y,0,,A,PU,_Z,2,,,False,WB_WDI,WB_WDI_NY_GDP_PCAP_PP_CD,BEL,_T,_T,_T,_Z,_Z,_Z,2001,A,PPP,
7851.621629,P1Y,0,,A,PU,_Z,2,,,False,WB_WDI,WB_WDI_NY_GDP_PCAP_PP_CD,BLZ,_T,_T,_T,_Z,_Z,_Z,2001,A,PPP,
1745.982562,P1Y,0,,A,PU,_Z,2,,,False,WB_WDI,WB_WDI_NY_GDP_PCAP_PP_CD,BEN,_T,_T,_T,_Z,_Z,_Z,2001,A,PPP,
59092.87597,P1Y,0,,A,PU,_Z,2,,,False,WB_WDI,WB_WDI_NY_GDP_PCAP_PP_CD,BMU,_T,_T,_T,_Z,_Z,_Z,2001,A,PPP,
3338.492469,P1Y,0,,A,PU,_Z,2,,,False,WB_WDI,WB_WDI_NY_GDP_PCAP_PP_CD,BTN,_T,_T,_T,_Z,_Z,_Z,2001,A,PPP,
4204.936227,P1Y,0,,A,PU,_Z,2,,,False,WB_WDI,WB_WDI_NY_GDP_PCAP_PP_CD,BOL,_T,_T,_T,_Z,_Z,_Z,2001,A,PPP,
4306.652432,P1Y,0,,A,PU,_Z,2,,,False,WB_WDI,WB_WDI_NY_GDP_PCAP_PP_CD,BIH,_T,_T,_T,_Z,_Z,_Z,2001,A,PPP,
41758.895757,P1Y,0,,A,PU,_Z,2,,,False,WB_WDI,WB_WDI_NY_GDP_PCAP_PP_CD,ABW,_T,_T,_T,_Z,_Z,_Z,2022,A,PPP,
66103.179707,P1Y,0,,A,PU,_Z,2,,,False,WB_WDI,WB_WDI_NY_GDP_PCAP_PP_CD,AUS,_T,_T,_T,_Z,_Z,_Z,2022,A,PPP,
72065.497427,P1Y,0,,A,PU,_Z,2,,,False,WB_WDI,WB_WDI_NY_GDP_PCAP_PP_CD,AUT,_T,_T,_T,_Z,_Z,_Z,2022,A,PPP,
22552.088656,P1Y,0,,A,PU,_Z,2,,,False,WB_WDI,WB_WDI_NY_GDP_PCAP_PP_CD,AZE,_T,_T,_T,_Z,_Z,_Z,2022,A,PPP,
36791.401046,P1Y,0,,A,PU,_Z,2,,,False,WB_WDI,WB_WDI_NY_GDP_PCAP_PP_CD,BHS,_T,_T,_T,_Z,_Z,_Z,2022,A,PPP,
61677.653849,P1Y,0,,A,PU,_Z,2,,,False,WB_WDI,WB_WDI_NY_GDP_PCAP_PP_CD,BHR,_T,_T,_T,_Z,_Z,_Z,2022,A,PPP,
8450.549025,P1Y,0,,A,PU,_Z,2,,,False,WB_WDI,WB_WDI_NY_GDP_PCAP_PP_CD,BGD,_T,_T,_T,_Z,_Z,_Z,2022,A,PPP,
22193.248713,P1Y,0,,A,PU,_Z,2,,,False,WB_WDI,WB_WDI_NY_GDP_PCAP_PP_CD,BRB,_T,_T,_T,_Z,_Z,_Z,2022,A,PPP,
28429.494882,P1Y,0,,A,PU,_Z,2,,,False,WB_WDI,WB_WDI_NY_GDP_PCAP_PP_CD,BLR,_T,_T,_T,_Z,_Z,_Z,2022,A,PPP,
69128.138888,P1Y,0,,A,PU,_Z,2,,,False,WB_WDI,WB_WDI_NY_GDP_PCAP_PP_CD,BEL,_T,_T,_T,_Z,_Z,_Z,2022,A,PPP,
13461.209845,P1Y,0,,A,PU,_Z,2,,,False,WB_WDI,WB_WDI_NY_GDP_PCAP_PP_CD,BLZ,_T,_T,_T,_Z,_Z,_Z,2022,A,PPP,
3844.154157,P1Y,0,,A,PU,_Z,2,,,False,WB_WDI,WB_WDI_NY_GDP_PCAP_PP_CD,BEN,_T,_T,_T,_Z,_Z,_Z,2022,A,PPP,
24081.151215,P1Y,0,,A,PU,_Z,2,,,False,WB_WDI,WB_WDI_NY_GDP_PCAP_PP_CD,CUW,_T,_T,_T,_Z,_Z,_Z,2005,A,PPP,
27763.158203,P1Y,0,,A,PU,_Z,2,,,False,WB_WDI,WB_WDI_NY_GDP_PCAP_PP_CD,CYP,_T,_T,_T,_Z,_Z,_Z,2005,A,PPP,
22114.836309,P1Y,0,,A,PU,_Z,2,,,False,WB_WDI,WB_WDI_NY_GDP_PCAP_PP_CD,CZE,_T,_T,_T,_Z,_Z,_Z,2005,A,PPP,
34238.321815,P1Y,0,,A,PU,_Z,2,,,False,WB_WDI,WB_WDI_NY_GDP_PCAP_PP_CD,DNK,_T,_T,_T,_Z,_Z,_Z,2005,A,PPP,
8557.415949,P1Y,0,,A,PU,_Z,2,,,False,WB_WDI,WB_WDI_NY_GDP_PCAP_PP_CD,DMA,_T,_T,_T,_Z,_Z,_Z,2005,A,PPP,
8215.032446,P1Y,0,,A,PU,_Z,2,,,False,WB_WDI,WB_WDI_NY_GDP_PCAP_PP_CD,DOM,_T,_T,_T,_Z,_Z,_Z,2005,A,PPP,
7457.465536,P1Y,0,,A,PU,_Z,2,,,False,WB_WDI,WB_WDI_NY_GDP_PCAP_PP_CD,ECU,_T,_T,_T,_Z,_Z,_Z,2005,A,PPP,
6554.128851,P1Y,0,,A,PU,_Z,2,,,False,WB_WDI,WB_WDI_NY_GDP_PCAP_PP_CD,EGY,_T,_T,_T,_Z,_Z,_Z,2005,A,PPP,
5291.669623,P1Y,0,,A,PU,_Z,2,,,False,WB_WDI,WB_WDI_NY_GDP_PCAP_PP_CD,SLV,_T,_T,_T,_Z,_Z,_Z,2005,A,PPP,
22137.04978,P1Y,0,,A,PU,_Z,2,,,False,WB_WDI,WB_WDI_NY_GDP_PCAP_PP_CD,GNQ,_T,_T,_T,_Z,_Z,_Z,2005,A,PPP,
78630.359907,P1Y,0,,A,PU,_Z,2,,,False,WB_WDI,WB_WDI_NY_GDP_PCAP_PP_CD,NLD,_T,_T,_T,_Z,_Z,_Z,2022,A,PPP,
54033.913013,P1Y,0,,A,PU,_Z,2,,,False,WB_WDI,WB_WDI_NY_GDP_PCAP_PP_CD,NZL,_T,_T,_T,_Z,_Z,_Z,2022,A,PPP,
7796.69362,P1Y,0,,A,PU,_Z,2,,,False,WB_WDI,WB_WDI_NY_GDP_PCAP_PP_CD,NIC,_T,_T,_T,_Z,_Z,_Z,2022,A,PPP,
1839.969097,P1Y,0,,A,PU,_Z,2,,,False,WB_WDI,WB_WDI_NY_GDP_PCAP_PP_CD,NER,_T,_T,_T,_Z,_Z,_Z,2022,A,PPP,
8304.958105,P1Y,0,,A,PU,_Z,2,,,False,WB_WDI,WB_WDI_NY_GDP_PCAP_PP_CD,NGA,_T,_T,_T,_Z,_Z,_Z,2022,A,PPP,
24212.281889,P1Y,0,,A,PU,_Z,2,,,False,WB_WDI,WB_WDI_NY_GDP_PCAP_PP_CD,MKD,_T,_T,_T,_Z,_Z,_Z,2022,A,PPP,
125489.548936,P1Y,0,,A,PU,_Z,2,,,False,WB_WDI,WB_WDI_NY_GDP_PCAP_PP_CD,NOR,_T,_T,_T,_Z,_Z,_Z,2022,A,PPP,
42616.334896,P1Y,0,,A,PU,_Z,2,,,False,WB_WDI,WB_WDI_NY_GDP_PCAP_PP_CD,OMN,_T,_T,_T,_Z,_Z,_Z,2022,A,PPP,
5920.274307,P1Y,0,,A,PU,_Z,2,,,False,WB_WDI,WB_WDI_NY_GDP_PCAP_PP_CD,PAK,_T,_T,_T,_Z,_Z,_Z,2022,A,PPP,
17184.541525,P1Y,0,,A,PU,_Z,2,,,False,WB_WDI,WB_WDI_NY_GDP_PCAP_PP_CD,PLW,_T,_T,_T,_Z,_Z,_Z,2022,A,PPP,
36333.126918,P1Y,0,,A,PU,_Z,2,,,False,WB_WDI,WB_WDI_NY_GDP_PCAP_PP_CD,PAN,_T,_T,_T,_Z,_Z,_Z,2022,A,PPP,
8015.356745,P1Y,0,,A,PU,_Z,2,,,False,WB_WDI,WB_WDI_NY_GDP_PCAP_PP_CD,TSA,_T,_T,_T,_Z,_Z,_Z,2021,A,PPP,
4702.278874,P1Y,0,,A,PU,_Z,2,,,False,WB_WDI,WB_WDI_NY_GDP_PCAP_PP_CD,SSF,_T,_T,_T,_Z,_Z,_Z,2021,A,PPP,
4939.325313,P1Y,0,,A,PU,_Z,2,,,False,WB_WDI,WB_WDI_NY_GDP_PCAP_PP_CD,SSA,_T,_T,_T,_Z,_Z,_Z,2021,A,PPP,
4702.278874,P1Y,0,,A,PU,_Z,2,,,False,WB_WDI,WB_WDI_NY_GDP_PCAP_PP_CD,TSS,_T,_T,_T,_Z,_Z,_Z,2021,A,PPP,
19507.211677,P1Y,0,,A,PU,_Z,2,,,False,WB_WDI,WB_WDI_NY_GDP_PCAP_PP_CD,UMC,_T,_T,_T,_Z,_Z,_Z,2021,A,PPP,
19857.136004,P1Y,0,,A,PU,_Z,2,,,False,WB_WDI,WB_WDI_NY_GDP_PCAP_PP_CD,WLD,_T,_T,_T,_Z,_Z,_Z,2021,A,PPP,
2144.16657,P1Y,0,,A,PU,_Z,2,,,False,WB_WDI,WB_WDI_NY_GDP_PCAP_PP_CD,AFG,_T,_T,_T,_Z,_Z,_Z,2021,A,PPP,
18212.870247,P1Y,0,,A,PU,_Z,2,,,False,WB_WDI,WB_WDI_NY_GDP_PCAP_PP_CD,ALB,_T,_T,_T,_Z,_Z,_Z,2021,A,PPP,
14496.86547,P1Y,0,,A,PU,_Z,2,,,False,WB_WDI,WB_WDI_NY_GDP_PCAP_PP_CD,DZA,_T,_T,_T,_Z,_Z,_Z,2021,A,PPP,
59332.20291,P1Y,0,,A,PU,_Z,2,,,False,WB_WDI,WB_WDI_NY_GDP_PCAP_PP_CD,AND,_T,_T,_T,_Z,_Z,_Z,2021,A,PPP,
8862.281333,P1Y,0,,A,PU,_Z,2,,,False,WB_WDI,WB_WDI_NY_GDP_PCAP_PP_CD,AGO,_T,_T,_T,_Z,_Z,_Z,2021,A,PPP,
25745.495807,P1Y,0,,A,PU,_Z,2,,,False,WB_WDI,WB_WDI_NY_GDP_PCAP_PP_CD,ATG,_T,_T,_T,_Z,_Z,_Z,2021,A,PPP,
26300.274261,P1Y,0,,A,PU,_Z,2,,,False,WB_WDI,WB_WDI_NY_GDP_PCAP_PP_CD,ARG,_T,_T,_T,_Z,_Z,_Z,2021,A,PPP,
12362.421018,P1Y,0,,A,PU,_Z,2,,,False,WB_WDI,WB_WDI_NY_GDP_PCAP_PP_CD,XKX,_T,_T,_T,_Z,_Z,_Z,2021,A,PPP,
50651.957534,P1Y,0,,A,PU,_Z,2,,,False,WB_WDI,WB_WDI_NY_GDP_PCAP_PP_CD,KWT,_T,_T,_T,_Z,_Z,_Z,2021,A,PPP,
5736.478834,P1Y,0,,A,PU,_Z,2,,,False,WB_WDI,WB_WDI_NY_GDP_PCAP_PP_CD,KGZ,_T,_T,_T,_Z,_Z,_Z,2021,A,PPP,
8080.435532,P1Y,0,,A,PU,_Z,2,,,False,WB_WDI,WB_WDI_NY_GDP_PCAP_PP_CD,LAO,_T,_T,_T,_Z,_Z,_Z,2021,A,PPP,
36912.01306,P1Y,0,,A,PU,_Z,2,,,False,WB_WDI,WB_WDI_NY_GDP_PCAP_PP_CD,LVA,_T,_T,_T,_Z,_Z,_Z,2021,A,PPP,
11599.775508,P1Y,0,,A,PU,_Z,2,,,False,WB_WDI,WB_WDI_NY_GDP_PCAP_PP_CD,LBN,_T,_T,_T,_Z,_Z,_Z,2021,A,PPP,
2544.782496,P1Y,0,,A,PU,_Z,2,,,False,WB_WDI,WB_WDI_NY_GDP_PCAP_PP_CD,LSO,_T,_T,_T,_Z,_Z,_Z,2021,A,PPP,
1539.208923,P1Y,0,,A,PU,_Z,2,,,False,WB_WDI,WB_WDI_NY_GDP_PCAP_PP_CD,LBR,_T,_T,_T,_Z,_Z,_Z,2021,A,PPP,
12641.509771,P1Y,0,,A,PU,_Z,2,,,False,WB_WDI,WB_WDI_NY_GDP_PCAP_PP_CD,LBY,_T,_T,_T,_Z,_Z,_Z,2021,A,PPP,
45873.527324,P1Y,0,,A,PU,_Z,2,,,False,WB_WDI,WB_WDI_NY_GDP_PCAP_PP_CD,LTU,_T,_T,_T,_Z,_Z,_Z,2021,A,PPP,
136772.443753,P1Y,0,,A,PU,_Z,2,,,False,WB_WDI,WB_WDI_NY_GDP_PCAP_PP_CD,LUX,_T,_T,_T,_Z,_Z,_Z,2021,A,PPP,
1908.062366,P1Y,0,,A,PU,_Z,2,,,False,WB_WDI,WB_WDI_NY_GDP_PCAP_PP_CD,LAO,_T,_T,_T,_Z,_Z,_Z,2001,A,PPP,
8807.758371,P1Y,0,,A,PU,_Z,2,,,False,WB_WDI,WB_WDI_NY_GDP_PCAP_PP_CD,LVA,_T,_T,_T,_Z,_Z,_Z,2001,A,PPP,
8289.38389,P1Y,0,,A,PU,_Z,2,,,False,WB_WDI,WB_WDI_NY_GDP_PCAP_PP_CD,LBN,_T,_T,_T,_Z,_Z,_Z,2001,A,PPP,
1350.005297,P1Y,0,,A,PU,_Z,2,,,False,WB_WDI,WB_WDI_NY_GDP_PCAP_PP_CD,LSO,_T,_T,_T,_Z,_Z,_Z,2001,A,PPP,
986.572799,P1Y,0,,A,PU,_Z,2,,,False,WB_WDI,WB_WDI_NY_GDP_PCAP_PP_CD,LBR,_T,_T,_T,_Z,_Z,_Z,2001,A,PPP,
20331.631518,P1Y,0,,A,PU,_Z,2,,,False,WB_WDI,WB_WDI_NY_GDP_PCAP_PP_CD,LBY,_T,_T,_T,_Z,_Z,_Z,2001,A,PPP,
9399.336562,P1Y,0,,A,PU,_Z,2,,,False,WB_WDI,WB_WDI_NY_GDP_PCAP_PP_CD,LTU,_T,_T,_T,_Z,_Z,_Z,2001,A,PPP,
56135.831568,P1Y,0,,A,PU,_Z,2,,,False,WB_WDI,WB_WDI_NY_GDP_PCAP_PP_CD,LUX,_T,_T,_T,_Z,_Z,_Z,2001,A,PPP,
36214.851334,P1Y,0,,A,PU,_Z,2,,,False,WB_WDI,WB_WDI_NY_GDP_PCAP_PP_CD,MAC,_T,_T,_T,_Z,_Z,_Z,2001,A,PPP,
1298.563789,P1Y,0,,A,PU,_Z,2,,,False,WB_WDI,WB_WDI_NY_GDP_PCAP_PP_CD,MDG,_T,_T,_T,_Z,_Z,_Z,2001,A,PPP,
924.056368,P1Y,0,,A,PU,_Z,2,,,False,WB_WDI,WB_WDI_NY_GDP_PCAP_PP_CD,MWI,_T,_T,_T,_Z,_Z,_Z,2001,A,PPP,
13071.581414,P1Y,0,,A,PU,_Z,2,,,False,WB_WDI,WB_WDI_NY_GDP_PCAP_PP_CD,MYS,_T,_T,_T,_Z,_Z,_Z,2001,A,PPP,
8235.802677,P1Y,0,,A,PU,_Z,2,,,False,WB_WDI,WB_WDI_NY_GDP_PCAP_PP_CD,MDV,_T,_T,_T,_Z,_Z,_Z,2001,A,PPP,
22952.36411,P1Y,0,,A,PU,_Z,2,,,False,WB_WDI,WB_WDI_NY_GDP_PCAP_PP_CD,ESP,_T,_T,_T,_Z,_Z,_Z,2001,A,PPP,
4328.191411,P1Y,0,,A,PU,_Z,2,,,False,WB_WDI,WB_WDI_NY_GDP_PCAP_PP_CD,LKA,_T,_T,_T,_Z,_Z,_Z,2001,A,PPP,
16235.424658,P1Y,0,,A,PU,_Z,2,,,False,WB_WDI,WB_WDI_NY_GDP_PCAP_PP_CD,KNA,_T,_T,_T,_Z,_Z,_Z,2001,A,PPP,
9105.82559,P1Y,0,,A,PU,_Z,2,,,False,WB_WDI,WB_WDI_NY_GDP_PCAP_PP_CD,LCA,_T,_T,_T,_Z,_Z,_Z,2001,A,PPP,
6768.193708,P1Y,0,,A,PU,_Z,2,,,False,WB_WDI,WB_WDI_NY_GDP_PCAP_PP_CD,VCT,_T,_T,_T,_Z,_Z,_Z,2001,A,PPP,
2769.422852,P1Y,0,,A,PU,_Z,2,,,False,WB_WDI,WB_WDI_NY_GDP_PCAP_PP_CD,SDN,_T,_T,_T,_Z,_Z,_Z,2001,A,PPP,
7865.102623,P1Y,0,,A,PU,_Z,2,,,False,WB_WDI,WB_WDI_NY_GDP_PCAP_PP_CD,SUR,_T,_T,_T,_Z,_Z,_Z,2001,A,PPP,
29946.030189,P1Y,0,,A,PU,_Z,2,,,False,WB_WDI,WB_WDI_NY_GDP_PCAP_PP_CD,SWE,_T,_T,_T,_Z,_Z,_Z,2001,A,PPP,
37818.907452,P1Y,0,,A,PU,_Z,2,,,False,WB_WDI,WB_WDI_NY_GDP_PCAP_PP_CD,CHE,_T,_T,_T,_Z,_Z,_Z,2001,A,PPP,
1138.743729,P1Y,0,,A,PU,_Z,2,,,False,WB_WDI,WB_WDI_NY_GDP_PCAP_PP_CD,TJK,_T,_T,_T,_Z,_Z,_Z,2001,A,PPP,
1228.522339,P1Y,0,,A,PU,_Z,2,,,False,WB_WDI,WB_WDI_NY_GDP_PCAP_PP_CD,TZA,_T,_T,_T,_Z,_Z,_Z,2001,A,PPP,
7632.016094,P1Y,0,,A,PU,_Z,2,,,False,WB_WDI,WB_WDI_NY_GDP_PCAP_PP_CD,THA,_T,_T,_T,_Z,_Z,_Z,2001,A,PPP,
4322.177893,P1Y,0,,A,PU,_Z,2,,,False,WB_WDI,WB_WDI_NY_GDP_PCAP_PP_CD,SSF,_T,_T,_T,_Z,_Z,_Z,2017,A,PPP,
4581.083576,P1Y,0,,A,PU,_Z,2,,,False,WB_WDI,WB_WDI_NY_GDP_PCAP_PP_CD,SSA,_T,_T,_T,_Z,_Z,_Z,2017,A,PPP,
4322.177893,P1Y,0,,A,PU,_Z,2,,,False,WB_WDI,WB_WDI_NY_GDP_PCAP_PP_CD,TSS,_T,_T,_T,_Z,_Z,_Z,2017,A,PPP,
15333.325591,P1Y,0,,A,PU,_Z,2,,,False,WB_WDI,WB_WDI_NY_GDP_PCAP_PP_CD,UMC,_T,_T,_T,_Z,_Z,_Z,2017,A,PPP,
16435.109951,P1Y,0,,A,PU,_Z,2,,,False,WB_WDI,WB_WDI_NY_GDP_PCAP_PP_CD,WLD,_T,_T,_T,_Z,_Z,_Z,2017,A,PPP,
2335.795862,P1Y,0,,A,PU,_Z,2,,,False,WB_WDI,WB_WDI_NY_GDP_PCAP_PP_CD,AFG,_T,_T,_T,_Z,_Z,_Z,2017,A,PPP,
14110.683242,P1Y,0,,A,PU,_Z,2,,,False,WB_WDI,WB_WDI_NY_GDP_PCAP_PP_CD,ALB,_T,_T,_T,_Z,_Z,_Z,2017,A,PPP,
13493.560749,P1Y,0,,A,PU,_Z,2,,,False,WB_WDI,WB_WDI_NY_GDP_PCAP_PP_CD,DZA,_T,_T,_T,_Z,_Z,_Z,2017,A,PPP,
53084.863964,P1Y,0,,A,PU,_Z,2,,,False,WB_WDI,WB_WDI_NY_GDP_PCAP_PP_CD,AND,_T,_T,_T,_Z,_Z,_Z,2017,A,PPP,
8006.836615,P1Y,0,,A,PU,_Z,2,,,False,WB_WDI,WB_WDI_NY_GDP_PCAP_PP_CD,AGO,_T,_T,_T,_Z,_Z,_Z,2017,A,PPP,
21422.002158,P1Y,0,,A,PU,_Z,2,,,False,WB_WDI,WB_WDI_NY_GDP_PCAP_PP_CD,ATG,_T,_T,_T,_Z,_Z,_Z,2017,A,PPP,
23385.07409,P1Y,0,,A,PU,_Z,2,,,False,WB_WDI,WB_WDI_NY_GDP_PCAP_PP_CD,ARG,_T,_T,_T,_Z,_Z,_Z,2017,A,PPP,
20915.559384,P1Y,0,,A,PU,_Z,2,,,False,WB_WDI,WB_WDI_NY_GDP_PCAP_PP_CD,SVN,_T,_T,_T,_Z,_Z,_Z,2003,A,PPP,
1433.095202,P1Y,0,,A,PU,_Z,2,,,False,WB_WDI,WB_WDI_NY_GDP_PCAP_PP_CD,SLB,_T,_T,_T,_Z,_Z,_Z,2003,A,PPP,
547.374155,P1Y,0,,A,PU,_Z,2,,,False,WB_WDI,WB_WDI_NY_GDP_PCAP_PP_CD,SOM,_T,_T,_T,_Z,_Z,_Z,2003,A,PPP,
9138.828239,P1Y,0,,A,PU,_Z,2,,,False,WB_WDI,WB_WDI_NY_GDP_PCAP_PP_CD,ZAF,_T,_T,_T,_Z,_Z,_Z,2003,A,PPP,
25057.346995,P1Y,0,,A,PU,_Z,2,,,False,WB_WDI,WB_WDI_NY_GDP_PCAP_PP_CD,ESP,_T,_T,_T,_Z,_Z,_Z,2003,A,PPP,
4849.860235,P1Y,0,,A,PU,_Z,2,,,False,WB_WDI,WB_WDI_NY_GDP_PCAP_PP_CD,LKA,_T,_T,_T,_Z,_Z,_Z,2003,A,PPP,
16225.674409,P1Y,0,,A,PU,_Z,2,,,False,WB_WDI,WB_WDI_NY_GDP_PCAP_PP_CD,KNA,_T,_T,_T,_Z,_Z,_Z,2003,A,PPP,
9707.068189,P1Y,0,,A,PU,_Z,2,,,False,WB_WDI,WB_WDI_NY_GDP_PCAP_PP_CD,LCA,_T,_T,_T,_Z,_Z,_Z,2003,A,PPP,
7902.627309,P1Y,0,,A,PU,_Z,2,,,False,WB_WDI,WB_WDI_NY_GDP_PCAP_PP_CD,VCT,_T,_T,_T,_Z,_Z,_Z,2003,A,PPP,
3058.10376,P1Y,0,,A,PU,_Z,2,,,False,WB_WDI,WB_WDI_NY_GDP_PCAP_PP_CD,SDN,_T,_T,_T,_Z,_Z,_Z,2003,A,PPP,
8551.637429,P1Y,0,,A,PU,_Z,2,,,False,WB_WDI,WB_WDI_NY_GDP_PCAP_PP_CD,SUR,_T,_T,_T,_Z,_Z,_Z,2003,A,PPP,
31787.529534,P1Y,0,,A,PU,_Z,2,,,False,WB_WDI,WB_WDI_NY_GDP_PCAP_PP_CD,SWE,_T,_T,_T,_Z,_Z,_Z,2003,A,PPP,
38732.384951,P1Y,0,,A,PU,_Z,2,,,False,WB_WDI,WB_WDI_NY_GDP_PCAP_PP_CD,CHE,_T,_T,_T,_Z,_Z,_Z,2003,A,PPP,
759.662613,P1Y,0,,A,PU,_Z,2,,,False,WB_WDI,WB_WDI_NY_GDP_PCAP_PP_CD,RWA,_T,_T,_T,_Z,_Z,_Z,2002,A,PPP,
3552.910667,P1Y,0,,A,PU,_Z,2,,,False,WB_WDI,WB_WDI_NY_GDP_PCAP_PP_CD,WSM,_T,_T,_T,_Z,_Z,_Z,2002,A,PPP,
57583.906943,P1Y,0,,A,PU,_Z,2,,,False,WB_WDI,WB_WDI_NY_GDP_PCAP_PP_CD,SMR,_T,_T,_T,_Z,_Z,_Z,2002,A,PPP,
1944.998385,P1Y,0,,A,PU,_Z,2,,,False,WB_WDI,WB_WDI_NY_GDP_PCAP_PP_CD,STP,_T,_T,_T,_Z,_Z,_Z,2002,A,PPP,
45466.025767,P1Y,0,,A,PU,_Z,2,,,False,WB_WDI,WB_WDI_NY_GDP_PCAP_PP_CD,SAU,_T,_T,_T,_Z,_Z,_Z,2002,A,PPP,
2026.777824,P1Y,0,,A,PU,_Z,2,,,False,WB_WDI,WB_WDI_NY_GDP_PCAP_PP_CD,SEN,_T,_T,_T,_Z,_Z,_Z,2002,A,PPP,
7562.702449,P1Y,0,,A,PU,_Z,2,,,False,WB_WDI,WB_WDI_NY_GDP_PCAP_PP_CD,SRB,_T,_T,_T,_Z,_Z,_Z,2002,A,PPP,
14569.625646,P1Y,0,,A,PU,_Z,2,,,False,WB_WDI,WB_WDI_NY_GDP_PCAP_PP_CD,SYC,_T,_T,_T,_Z,_Z,_Z,2002,A,PPP,
1359.917257,P1Y,0,,A,PU,_Z,2,,,False,WB_WDI,WB_WDI_NY_GDP_PCAP_PP_CD,SLE,_T,_T,_T,_Z,_Z,_Z,2002,A,PPP,
45083.25299,P1Y,0,,A,PU,_Z,2,,,False,WB_WDI,WB_WDI_NY_GDP_PCAP_PP_CD,SGP,_T,_T,_T,_Z,_Z,_Z,2002,A,PPP,
13291.786471,P1Y,0,,A,PU,_Z,2,,,False,WB_WDI,WB_WDI_NY_GDP_PCAP_PP_CD,SVK,_T,_T,_T,_Z,_Z,_Z,2002,A,PPP,
20004.299096,P1Y,0,,A,PU,_Z,2,,,False,WB_WDI,WB_WDI_NY_GDP_PCAP_PP_CD,SVN,_T,_T,_T,_Z,_Z,_Z,2002,A,PPP,
1343.739164,P1Y,0,,A,PU,_Z,2,,,False,WB_WDI,WB_WDI_NY_GDP_PCAP_PP_CD,SLB,_T,_T,_T,_Z,_Z,_Z,2002,A,PPP,
517.475206,P1Y,0,,A,PU,_Z,2,,,False,WB_WDI,WB_WDI_NY_GDP_PCAP_PP_CD,SOM,_T,_T,_T,_Z,_Z,_Z,2002,A,PPP,
8526.289864,P1Y,0,,A,PU,_Z,2,,,False,WB_WDI,WB_WDI_NY_GDP_PCAP_PP_CD,MDV,_T,_T,_T,_Z,_Z,_Z,2000,A,PPP,
1356.517364,P1Y,0,,A,PU,_Z,2,,,False,WB_WDI,WB_WDI_NY_GDP_PCAP_PP_CD,MLI,_T,_T,_T,_Z,_Z,_Z,2000,A,PPP,
18214.479022,P1Y,0,,A,PU,_Z,2,,,False,WB_WDI,WB_WDI_NY_GDP_PCAP_PP_CD,MLT,_T,_T,_T,_Z,_Z,_Z,2000,A,PPP,
2489.969438,P1Y,0,,A,PU,_Z,2,,,False,WB_WDI,WB_WDI_NY_GDP_PCAP_PP_CD,MHL,_T,_T,_T,_Z,_Z,_Z,2000,A,PPP,
2303.666397,P1Y,0,,A,PU,_Z,2,,,False,WB_WDI,WB_WDI_NY_GDP_PCAP_PP_CD,MRT,_T,_T,_T,_Z,_Z,_Z,2000,A,PPP,
9143.007373,P1Y,0,,A,PU,_Z,2,,,False,WB_WDI,WB_WDI_NY_GDP_PCAP_PP_CD,MUS,_T,_T,_T,_Z,_Z,_Z,2000,A,PPP,
11704.685353,P1Y,0,,A,PU,_Z,2,,,False,WB_WDI,WB_WDI_NY_GDP_PCAP_PP_CD,MEX,_T,_T,_T,_Z,_Z,_Z,2000,A,PPP,
2346.919053,P1Y,0,,A,PU,_Z,2,,,False,WB_WDI,WB_WDI_NY_GDP_PCAP_PP_CD,FSM,_T,_T,_T,_Z,_Z,_Z,2000,A,PPP,
3044.670506,P1Y,0,,A,PU,_Z,2,,,False,WB_WDI,WB_WDI_NY_GDP_PCAP_PP_CD,MDA,_T,_T,_T,_Z,_Z,_Z,2000,A,PPP,
3739.696669,P1Y,0,,A,PU,_Z,2,,,False,WB_WDI,WB_WDI_NY_GDP_PCAP_PP_CD,MNG,_T,_T,_T,_Z,_Z,_Z,2000,A,PPP,
6003.852999,P1Y,0,,A,PU,_Z,2,,,False,WB_WDI,WB_WDI_NY_GDP_PCAP_PP_CD,MNE,_T,_T,_T,_Z,_Z,_Z,2000,A,PPP,
3930.223145,P1Y,0,,A,PU,_Z,2,,,False,WB_WDI,WB_WDI_NY_GDP_PCAP_PP_CD,MAR,_T,_T,_T,_Z,_Z,_Z,2000,A,PPP,
9199.881764,P1Y,0,,A,PU,_Z,2,,,False,WB_WDI,WB_WDI_NY_GDP_PCAP_PP_CD,DMA,_T,_T,_T,_Z,_Z,_Z,2006,A,PPP,
9130.069061,P1Y,0,,A,PU,_Z,2,,,False,WB_WDI,WB_WDI_NY_GDP_PCAP_PP_CD,DOM,_T,_T,_T,_Z,_Z,_Z,2006,A,PPP,
7884.516936,P1Y,0,,A,PU,_Z,2,,,False,WB_WDI,WB_WDI_NY_GDP_PCAP_PP_CD,ECU,_T,_T,_T,_Z,_Z,_Z,2006,A,PPP,
7079.028085,P1Y,0,,A,PU,_Z,2,,,False,WB_WDI,WB_WDI_NY_GDP_PCAP_PP_CD,EGY,_T,_T,_T,_Z,_Z,_Z,2006,A,PPP,
5694.523309,P1Y,0,,A,PU,_Z,2,,,False,WB_WDI,WB_WDI_NY_GDP_PCAP_PP_CD,SLV,_T,_T,_T,_Z,_Z,_Z,2006,A,PPP,
23511.398657,P1Y,0,,A,PU,_Z,2,,,False,WB_WDI,WB_WDI_NY_GDP_PCAP_PP_CD,GNQ,_T,_T,_T,_Z,_Z,_Z,2006,A,PPP,
1682.238942,P1Y,0,,A,PU,_Z,2,,,False,WB_WDI,WB_WDI_NY_GDP_PCAP_PP_CD,ERI,_T,_T,_T,_Z,_Z,_Z,2006,A,PPP,
19344.263898,P1Y,0,,A,PU,_Z,2,,,False,WB_WDI,WB_WDI_NY_GDP_PCAP_PP_CD,EST,_T,_T,_T,_Z,_Z,_Z,2006,A,PPP,
6319.414443,P1Y,0,,A,PU,_Z,2,,,False,WB_WDI,WB_WDI_NY_GDP_PCAP_PP_CD,SWZ,_T,_T,_T,_Z,_Z,_Z,2006,A,PPP,
692.866908,P1Y,0,,A,PU,_Z,2,,,False,WB_WDI,WB_WDI_NY_GDP_PCAP_PP_CD,ETH,_T,_T,_T,_Z,_Z,_Z,2006,A,PPP,
774.032568,P1Y,0,,A,PU,_Z,2,,,False,WB_WDI,WB_WDI_NY_GDP_PCAP_PP_CD,LBR,_T,_T,_T,_Z,_Z,_Z,2005,A,PPP,
26902.898588,P1Y,0,,A,PU,_Z,2,,,False,WB_WDI,WB_WDI_NY_GDP_PCAP_PP_CD,LBY,_T,_T,_T,_Z,_Z,_Z,2005,A,PPP,
13951.326188,P1Y,0,,A,PU,_Z,2,,,False,WB_WDI,WB_WDI_NY_GDP_PCAP_PP_CD,LTU,_T,_T,_T,_Z,_Z,_Z,2005,A,PPP,
68787.854749,P1Y,0,,A,PU,_Z,2,,,False,WB_WDI,WB_WDI_NY_GDP_PCAP_PP_CD,LUX,_T,_T,_T,_Z,_Z,_Z,2005,A,PPP,
60569.456644,P1Y,0,,A,PU,_Z,2,,,False,WB_WDI,WB_WDI_NY_GDP_PCAP_PP_CD,MAC,_T,_T,_T,_Z,_Z,_Z,2005,A,PPP,
1342.519299,P1Y,0,,A,PU,_Z,2,,,False,WB_WDI,WB_WDI_NY_GDP_PCAP_PP_CD,MDG,_T,_T,_T,_Z,_Z,_Z,2005,A,PPP,
1070.93591,P1Y,0,,A,PU,_Z,2,,,False,WB_WDI,WB_WDI_NY_GDP_PCAP_PP_CD,MWI,_T,_T,_T,_Z,_Z,_Z,2005,A,PPP,
16371.426082,P1Y,0,,A,PU,_Z,2,,,False,WB_WDI,WB_WDI_NY_GDP_PCAP_PP_CD,MYS,_T,_T,_T,_Z,_Z,_Z,2005,A,PPP,
9704.443345,P1Y,0,,A,PU,_Z,2,,,False,WB_WDI,WB_WDI_NY_GDP_PCAP_PP_CD,MDV,_T,_T,_T,_Z,_Z,_Z,2005,A,PPP,
1770.677954,P1Y,0,,A,PU,_Z,2,,,False,WB_WDI,WB_WDI_NY_GDP_PCAP_PP_CD,MLI,_T,_T,_T,_Z,_Z,_Z,2005,A,PPP,
22227.378544,P1Y,0,,A,PU,_Z,2,,,False,WB_WDI,WB_WDI_NY_GDP_PCAP_PP_CD,MLT,_T,_T,_T,_Z,_Z,_Z,2005,A,PPP,
12227.171485,P1Y,0,,A,PU,_Z,2,,,False,WB_WDI,WB_WDI_NY_GDP_PCAP_PP_CD,LKA,_T,_T,_T,_Z,_Z,_Z,2015,A,PPP,
26877.466503,P1Y,0,,A,PU,_Z,2,,,False,WB_WDI,WB_WDI_NY_GDP_PCAP_PP_CD,KNA,_T,_T,_T,_Z,_Z,_Z,2015,A,PPP,
14353.222485,P1Y,0,,A,PU,_Z,2,,,False,WB_WDI,WB_WDI_NY_GDP_PCAP_PP_CD,LCA,_T,_T,_T,_Z,_Z,_Z,2015,A,PPP,
12378.842727,P1Y,0,,A,PU,_Z,2,,,False,WB_WDI,WB_WDI_NY_GDP_PCAP_PP_CD,VCT,_T,_T,_T,_Z,_Z,_Z,2015,A,PPP,
4217.010254,P1Y,0,,A,PU,_Z,2,,,False,WB_WDI,WB_WDI_NY_GDP_PCAP_PP_CD,SDN,_T,_T,_T,_Z,_Z,_Z,2015,A,PPP,
16543.574305,P1Y,0,,A,PU,_Z,2,,,False,WB_WDI,WB_WDI_NY_GDP_PCAP_PP_CD,SUR,_T,_T,_T,_Z,_Z,_Z,2015,A,PPP,
48772.069606,P1Y,0,,A,PU,_Z,2,,,False,WB_WDI,WB_WDI_NY_GDP_PCAP_PP_CD,SWE,_T,_T,_T,_Z,_Z,_Z,2015,A,PPP,
65265.045734,P1Y,0,,A,PU,_Z,2,,,False,WB_WDI,WB_WDI_NY_GDP_PCAP_PP_CD,CHE,_T,_T,_T,_Z,_Z,_Z,2015,A,PPP,
2975.470975,P1Y,0,,A,PU,_Z,2,,,False,WB_WDI,WB_WDI_NY_GDP_PCAP_PP_CD,TJK,_T,_T,_T,_Z,_Z,_Z,2015,A,PPP,
2317.279785,P1Y,0,,A,PU,_Z,2,,,False,WB_WDI,WB_WDI_NY_GDP_PCAP_PP_CD,TZA,_T,_T,_T,_Z,_Z,_Z,2015,A,PPP,
1558.718702,P1Y,0,,A,PU,_Z,2,,,False,WB_WDI,WB_WDI_NY_GDP_PCAP_PP_CD,MLI,_T,_T,_T,_Z,_Z,_Z,2001,A,PPP,
18435.062637,P1Y,0,,A,PU,_Z,2,,,False,WB_WDI,WB_WDI_NY_GDP_PCAP_PP_CD,MLT,_T,_T,_T,_Z,_Z,_Z,2001,A,PPP,
2700.270546,P1Y,0,,A,PU,_Z,2,,,False,WB_WDI,WB_WDI_NY_GDP_PCAP_PP_CD,MHL,_T,_T,_T,_Z,_Z,_Z,2001,A,PPP,
2279.727115,P1Y,0,,A,PU,_Z,2,,,False,WB_WDI,WB_WDI_NY_GDP_PCAP_PP_CD,MRT,_T,_T,_T,_Z,_Z,_Z,2001,A,PPP,
9585.80473,P1Y,0,,A,PU,_Z,2,,,False,WB_WDI,WB_WDI_NY_GDP_PCAP_PP_CD,MUS,_T,_T,_T,_Z,_Z,_Z,2001,A,PPP,
11738.892866,P1Y,0,,A,PU,_Z,2,,,False,WB_WDI,WB_WDI_NY_GDP_PCAP_PP_CD,MEX,_T,_T,_T,_Z,_Z,_Z,2001,A,PPP,
2436.463173,P1Y,0,,A,PU,_Z,2,,,False,WB_WDI,WB_WDI_NY_GDP_PCAP_PP_CD,FSM,_T,_T,_T,_Z,_Z,_Z,2001,A,PPP,
3310.528826,P1Y,0,,A,PU,_Z,2,,,False,WB_WDI,WB_WDI_NY_GDP_PCAP_PP_CD,MDA,_T,_T,_T,_Z,_Z,_Z,2001,A,PPP,
3888.855286,P1Y,0,,A,PU,_Z,2,,,False,WB_WDI,WB_WDI_NY_GDP_PCAP_PP_CD,MNG,_T,_T,_T,_Z,_Z,_Z,2001,A,PPP,
6771.54821,P1Y,0,,A,PU,_Z,2,,,False,WB_WDI,WB_WDI_NY_GDP_PCAP_PP_CD,MNE,_T,_T,_T,_Z,_Z,_Z,2001,A,PPP,
4268.869629,P1Y,0,,A,PU,_Z,2,,,False,WB_WDI,WB_WDI_NY_GDP_PCAP_PP_CD,MAR,_T,_T,_T,_Z,_Z,_Z,2001,A,PPP,
532.62731,P1Y,0,,A,PU,_Z,2,,,False,WB_WDI,WB_WDI_NY_GDP_PCAP_PP_CD,MOZ,_T,_T,_T,_Z,_Z,_Z,2001,A,PPP,
1068.825905,P1Y,0,,A,PU,_Z,2,,,False,WB_WDI,WB_WDI_NY_GDP_PCAP_PP_CD,MMR,_T,_T,_T,_Z,_Z,_Z,2001,A,PPP,
6719.443816,P1Y,0,,A,PU,_Z,2,,,False,WB_WDI,WB_WDI_NY_GDP_PCAP_PP_CD,CIV,_T,_T,_T,_Z,_Z,_Z,2022,A,PPP,
42125.072693,P1Y,0,,A,PU,_Z,2,,,False,WB_WDI,WB_WDI_NY_GDP_PCAP_PP_CD,HRV,_T,_T,_T,_Z,_Z,_Z,2022,A,PPP,
28640.687234,P1Y,0,,A,PU,_Z,2,,,False,WB_WDI,WB_WDI_NY_GDP_PCAP_PP_CD,CUW,_T,_T,_T,_Z,_Z,_Z,2022,A,PPP,
55876.175781,P1Y,0,,A,PU,_Z,2,,,False,WB_WDI,WB_WDI_NY_GDP_PCAP_PP_CD,CYP,_T,_T,_T,_Z,_Z,_Z,2022,A,PPP,
52946.966085,P1Y,0,,A,PU,_Z,2,,,False,WB_WDI,WB_WDI_NY_GDP_PCAP_PP_CD,CZE,_T,_T,_T,_Z,_Z,_Z,2022,A,PPP,
78913.653491,P1Y,0,,A,PU,_Z,2,,,False,WB_WDI,WB_WDI_NY_GDP_PCAP_PP_CD,DNK,_T,_T,_T,_Z,_Z,_Z,2022,A,PPP,
6621.330382,P1Y,0,,A,PU,_Z,2,,,False,WB_WDI,WB_WDI_NY_GDP_PCAP_PP_CD,DJI,_T,_T,_T,_Z,_Z,_Z,2022,A,PPP,
18802.081991,P1Y,0,,A,PU,_Z,2,,,False,WB_WDI,WB_WDI_NY_GDP_PCAP_PP_CD,DMA,_T,_T,_T,_Z,_Z,_Z,2022,A,PPP,
24625.808856,P1Y,0,,A,PU,_Z,2,,,False,WB_WDI,WB_WDI_NY_GDP_PCAP_PP_CD,DOM,_T,_T,_T,_Z,_Z,_Z,2022,A,PPP,
15198.072555,P1Y,0,,A,PU,_Z,2,,,False,WB_WDI,WB_WDI_NY_GDP_PCAP_PP_CD,ECU,_T,_T,_T,_Z,_Z,_Z,2022,A,PPP,
17526.801703,P1Y,0,,A,PU,_Z,2,,,False,WB_WDI,WB_WDI_NY_GDP_PCAP_PP_CD,EGY,_T,_T,_T,_Z,_Z,_Z,2022,A,PPP,
15285.771244,P1Y,0,,A,PU,_Z,2,,,False,WB_WDI,WB_WDI_NY_GDP_PCAP_PP_CD,LCN,_T,_T,_T,_Z,_Z,_Z,2015,A,PPP,
14758.794335,P1Y,0,,A,PU,_Z,2,,,False,WB_WDI,WB_WDI_NY_GDP_PCAP_PP_CD,LAC,_T,_T,_T,_Z,_Z,_Z,2015,A,PPP,
15215.461229,P1Y,0,,A,PU,_Z,2,,,False,WB_WDI,WB_WDI_NY_GDP_PCAP_PP_CD,TLA,_T,_T,_T,_Z,_Z,_Z,2015,A,PPP,
2764.441068,P1Y,0,,A,PU,_Z,2,,,False,WB_WDI,WB_WDI_NY_GDP_PCAP_PP_CD,LDC,_T,_T,_T,_Z,_Z,_Z,2015,A,PPP,
9150.403408,P1Y,0,,A,PU,_Z,2,,,False,WB_WDI,WB_WDI_NY_GDP_PCAP_PP_CD,LMY,_T,_T,_T,_Z,_Z,_Z,2015,A,PPP,
1821.64037,P1Y,0,,A,PU,_Z,2,,,False,WB_WDI,WB_WDI_NY_GDP_PCAP_PP_CD,LIC,_T,_T,_T,_Z,_Z,_Z,2015,A,PPP,
5688.700712,P1Y,0,,A,PU,_Z,2,,,False,WB_WDI,WB_WDI_NY_GDP_PCAP_PP_CD,LMC,_T,_T,_T,_Z,_Z,_Z,2015,A,PPP,
11847.357078,P1Y,0,,A,PU,_Z,2,,,False,WB_WDI,WB_WDI_NY_GDP_PCAP_PP_CD,MEA,_T,_T,_T,_Z,_Z,_Z,2015,A,PPP,
7969.62836,P1Y,0,,A,PU,_Z,2,,,False,WB_WDI,WB_WDI_NY_GDP_PCAP_PP_CD,MNA,_T,_T,_T,_Z,_Z,_Z,2015,A,PPP,
7985.238931,P1Y,0,,A,PU,_Z,2,,,False,WB_WDI,WB_WDI_NY_GDP_PCAP_PP_CD,TMN,_T,_T,_T,_Z,_Z,_Z,2015,A,PPP,
9812.255082,P1Y,0,,A,PU,_Z,2,,,False,WB_WDI,WB_WDI_NY_GDP_PCAP_PP_CD,MIC,_T,_T,_T,_Z,_Z,_Z,2015,A,PPP,
55636.553846,P1Y,0,,A,PU,_Z,2,,,False,WB_WDI,WB_WDI_NY_GDP_PCAP_PP_CD,NAC,_T,_T,_T,_Z,_Z,_Z,2015,A,PPP,
1313.877664,P1Y,0,,A,PU,_Z,2,,,False,WB_WDI,WB_WDI_NY_GDP_PCAP_PP_CD,LIC,_T,_T,_T,_Z,_Z,_Z,2004,A,PPP,
3014.670178,P1Y,0,,A,PU,_Z,2,,,False,WB_WDI,WB_WDI_NY_GDP_PCAP_PP_CD,LMC,_T,_T,_T,_Z,_Z,_Z,2004,A,PPP,
9628.505334,P1Y,0,,A,PU,_Z,2,,,False,WB_WDI,WB_WDI_NY_GDP_PCAP_PP_CD,MEA,_T,_T,_T,_Z,_Z,_Z,2004,A,PPP,
6368.436646,P1Y,0,,A,PU,_Z,2,,,False,WB_WDI,WB_WDI_NY_GDP_PCAP_PP_CD,MNA,_T,_T,_T,_Z,_Z,_Z,2004,A,PPP,
6390.75079,P1Y,0,,A,PU,_Z,2,,,False,WB_WDI,WB_WDI_NY_GDP_PCAP_PP_CD,TMN,_T,_T,_T,_Z,_Z,_Z,2004,A,PPP,
4974.533806,P1Y,0,,A,PU,_Z,2,,,False,WB_WDI,WB_WDI_NY_GDP_PCAP_PP_CD,MIC,_T,_T,_T,_Z,_Z,_Z,2004,A,PPP,
40962.553287,P1Y,0,,A,PU,_Z,2,,,False,WB_WDI,WB_WDI_NY_GDP_PCAP_PP_CD,NAC,_T,_T,_T,_Z,_Z,_Z,2004,A,PPP,
28497.336142,P1Y,0,,A,PU,_Z,2,,,False,WB_WDI,WB_WDI_NY_GDP_PCAP_PP_CD,OED,_T,_T,_T,_Z,_Z,_Z,2004,A,PPP,
12182.702443,P1Y,0,,A,PU,_Z,2,,,False,WB_WDI,WB_WDI_NY_GDP_PCAP_PP_CD,OSS,_T,_T,_T,_Z,_Z,_Z,2004,A,PPP,
4163.800201,P1Y,0,,A,PU,_Z,2,,,False,WB_WDI,WB_WDI_NY_GDP_PCAP_PP_CD,PSS,_T,_T,_T,_Z,_Z,_Z,2004,A,PPP,
31476.1665,P1Y,0,,A,PU,_Z,2,,,False,WB_WDI,WB_WDI_NY_GDP_PCAP_PP_CD,PST,_T,_T,_T,_Z,_Z,_Z,2004,A,PPP,
2666.778106,P1Y,0,,A,PU,_Z,2,,,False,WB_WDI,WB_WDI_NY_GDP_PCAP_PP_CD,PRE,_T,_T,_T,_Z,_Z,_Z,2004,A,PPP,
11827.35053,P1Y,0,,A,PU,_Z,2,,,False,WB_WDI,WB_WDI_NY_GDP_PCAP_PP_CD,SST,_T,_T,_T,_Z,_Z,_Z,2004,A,PPP,
2612.051814,P1Y,0,,A,PU,_Z,2,,,False,WB_WDI,WB_WDI_NY_GDP_PCAP_PP_CD,SAS,_T,_T,_T,_Z,_Z,_Z,2004,A,PPP,
2612.051814,P1Y,0,,A,PU,_Z,2,,,False,WB_WDI,WB_WDI_NY_GDP_PCAP_PP_CD,TSA,_T,_T,_T,_Z,_Z,_Z,2004,A,PPP,
33386.191713,P1Y,0,,A,PU,_Z,2,,,True,WB_WDI,WB_WDI_NY_GDP_PCAP_PP_CD,ATG,_T,_T,_T,_Z,_Z,_Z,2024,A,PPP,
30431.193122,P1Y,0,,A,PU,_Z,2,,,True,WB_WDI,WB_WDI_NY_GDP_PCAP_PP_CD,ARG,_T,_T,_T,_Z,_Z,_Z,2024,A,PPP,
22823.179526,P1Y,0,,A,PU,_Z,2,,,True,WB_WDI,WB_WDI_NY_GDP_PCAP_PP_CD,ARM,_T,_T,_T,_Z,_Z,_Z,2024,A,PPP,
50649.301523,P1Y,0,,A,PU,_Z,2,,,True,WB_WDI,WB_WDI_NY_GDP_PCAP_PP_CD,ABW,_T,_T,_T,_Z,_Z,_Z,2024,A,PPP,
72111.184463,P1Y,0,,A,PU,_Z,2,,,True,WB_WDI,WB_WDI_NY_GDP_PCAP_PP_CD,AUS,_T,_T,_T,_Z,_Z,_Z,2024,A,PPP,
73911.439663,P1Y,0,,A,PU,_Z,2,,,True,WB_WDI,WB_WDI_NY_GDP_PCAP_PP_CD,AUT,_T,_T,_T,_Z,_Z,_Z,2024,A,PPP,
25088.999376,P1Y,0,,A,PU,_Z,2,,,True,WB_WDI,WB_WDI_NY_GDP_PCAP_PP_CD,AZE,_T,_T,_T,_Z,_Z,_Z,2024,A,PPP,
41197.934255,P1Y,0,,A,PU,_Z,2,,,True,WB_WDI,WB_WDI_NY_GDP_PCAP_PP_CD,BHS,_T,_T,_T,_Z,_Z,_Z,2024,A,PPP,
66941.243037,P1Y,0,,A,PU,_Z,2,,,True,WB_WDI,WB_WDI_NY_GDP_PCAP_PP_CD,BHR,_T,_T,_T,_Z,_Z,_Z,2024,A,PPP,
9646.769844,P1Y,0,,A,PU,_Z,2,,,True,WB_WDI,WB_WDI_NY_GDP_PCAP_PP_CD,BGD,_T,_T,_T,_Z,_Z,_Z,2024,A,PPP,
24822.534331,P1Y,0,,A,PU,_Z,2,,,True,WB_WDI,WB_WDI_NY_GDP_PCAP_PP_CD,BRB,_T,_T,_T,_Z,_Z,_Z,2024,A,PPP,
33010.330761,P1Y,0,,A,PU,_Z,2,,,True,WB_WDI,WB_WDI_NY_GDP_PCAP_PP_CD,BLR,_T,_T,_T,_Z,_Z,_Z,2024,A,PPP,
73514.483105,P1Y,0,,A,PU,_Z,2,,,True,WB_WDI,WB_WDI_NY_GDP_PCAP_PP_CD,BEL,_T,_T,_T,_Z,_Z,_Z,2024,A,PPP,
14346.518805,P1Y,0,,A,PU,_Z,2,,,True,WB_WDI,WB_WDI_NY_GDP_PCAP_PP_CD,BLZ,_T,_T,_T,_Z,_Z,_Z,2024,A,PPP,
4434.564218,P1Y,0,,A,PU,_Z,2,,,True,WB_WDI,WB_WDI_NY_GDP_PCAP_PP_CD,BEN,_T,_T,_T,_Z,_Z,_Z,2024,A,PPP,
124252.835703,P1Y,0,,A,PU,_Z,2,,,True,WB_WDI,WB_WDI_NY_GDP_PCAP_PP_CD,BMU,_T,_T,_T,_Z,_Z,_Z,2024,A,PPP,
3779.974475,P1Y,0,,A,PU,_Z,2,,,False,WB_WDI,WB_WDI_NY_GDP_PCAP_PP_CD,TSA,_T,_T,_T,_Z,_Z,_Z,2009,A,PPP,
3513.697677,P1Y,0,,A,PU,_Z,2,,,False,WB_WDI,WB_WDI_NY_GDP_PCAP_PP_CD,SSF,_T,_T,_T,_Z,_Z,_Z,2009,A,PPP,
3806.207123,P1Y,0,,A,PU,_Z,2,,,False,WB_WDI,WB_WDI_NY_GDP_PCAP_PP_CD,SSA,_T,_T,_T,_Z,_Z,_Z,2009,A,PPP,
3513.697677,P1Y,0,,A,PU,_Z,2,,,False,WB_WDI,WB_WDI_NY_GDP_PCAP_PP_CD,TSS,_T,_T,_T,_Z,_Z,_Z,2009,A,PPP,
10263.015642,P1Y,0,,A,PU,_Z,2,,,False,WB_WDI,WB_WDI_NY_GDP_PCAP_PP_CD,UMC,_T,_T,_T,_Z,_Z,_Z,2009,A,PPP,
12300.376474,P1Y,0,,A,PU,_Z,2,,,False,WB_WDI,WB_WDI_NY_GDP_PCAP_PP_CD,WLD,_T,_T,_T,_Z,_Z,_Z,2009,A,PPP,
1570.698145,P1Y,0,,A,PU,_Z,2,,,False,WB_WDI,WB_WDI_NY_GDP_PCAP_PP_CD,AFG,_T,_T,_T,_Z,_Z,_Z,2009,A,PPP,
9030.609555,P1Y,0,,A,PU,_Z,2,,,False,WB_WDI,WB_WDI_NY_GDP_PCAP_PP_CD,ALB,_T,_T,_T,_Z,_Z,_Z,2009,A,PPP,
13651.4473,P1Y,0,,A,PU,_Z,2,,,False,WB_WDI,WB_WDI_NY_GDP_PCAP_PP_CD,DZA,_T,_T,_T,_Z,_Z,_Z,2009,A,PPP,
42522.994564,P1Y,0,,A,PU,_Z,2,,,False,WB_WDI,WB_WDI_NY_GDP_PCAP_PP_CD,AND,_T,_T,_T,_Z,_Z,_Z,2009,A,PPP,
7227.563642,P1Y,0,,A,PU,_Z,2,,,False,WB_WDI,WB_WDI_NY_GDP_PCAP_PP_CD,AGO,_T,_T,_T,_Z,_Z,_Z,2009,A,PPP,
26156.915172,P1Y,0,,A,PU,_Z,2,,,False,WB_WDI,WB_WDI_NY_GDP_PCAP_PP_CD,ATG,_T,_T,_T,_Z,_Z,_Z,2009,A,PPP,
73551.93477,P1Y,0,,A,PU,_Z,2,,,True,WB_WDI,WB_WDI_NY_GDP_PCAP_PP_CD,DEU,_T,_T,_T,_Z,_Z,_Z,2024,A,PPP,
8019.997024,P1Y,0,,A,PU,_Z,2,,,True,WB_WDI,WB_WDI_NY_GDP_PCAP_PP_CD,GHA,_T,_T,_T,_Z,_Z,_Z,2024,A,PPP,
44327.209781,P1Y,0,,A,PU,_Z,2,,,True,WB_WDI,WB_WDI_NY_GDP_PCAP_PP_CD,GRC,_T,_T,_T,_Z,_Z,_Z,2024,A,PPP,
20177.809493,P1Y,0,,A,PU,_Z,2,,,True,WB_WDI,WB_WDI_NY_GDP_PCAP_PP_CD,GRD,_T,_T,_T,_Z,_Z,_Z,2024,A,PPP,
14368.660568,P1Y,0,,A,PU,_Z,2,,,True,WB_WDI,WB_WDI_NY_GDP_PCAP_PP_CD,GTM,_T,_T,_T,_Z,_Z,_Z,2024,A,PPP,
4565.300789,P1Y,0,,A,PU,_Z,2,,,True,WB_WDI,WB_WDI_NY_GDP_PCAP_PP_CD,GIN,_T,_T,_T,_Z,_Z,_Z,2024,A,PPP,
3119.37157,P1Y,0,,A,PU,_Z,2,,,True,WB_WDI,WB_WDI_NY_GDP_PCAP_PP_CD,GNB,_T,_T,_T,_Z,_Z,_Z,2024,A,PPP,
80155.039393,P1Y,0,,A,PU,_Z,2,,,True,WB_WDI,WB_WDI_NY_GDP_PCAP_PP_CD,GUY,_T,_T,_T,_Z,_Z,_Z,2024,A,PPP,
3193.671364,P1Y,0,,A,PU,_Z,2,,,True,WB_WDI,WB_WDI_NY_GDP_PCAP_PP_CD,HTI,_T,_T,_T,_Z,_Z,_Z,2024,A,PPP,
7486.018696,P1Y,0,,A,PU,_Z,2,,,True,WB_WDI,WB_WDI_NY_GDP_PCAP_PP_CD,HND,_T,_T,_T,_Z,_Z,_Z,2024,A,PPP,
75195.986597,P1Y,0,,A,PU,_Z,2,,,True,WB_WDI,WB_WDI_NY_GDP_PCAP_PP_CD,HKG,_T,_T,_T,_Z,_Z,_Z,2024,A,PPP,
48552.470809,P1Y,0,,A,PU,_Z,2,,,True,WB_WDI,WB_WDI_NY_GDP_PCAP_PP_CD,HUN,_T,_T,_T,_Z,_Z,_Z,2024,A,PPP,
84256.845457,P1Y,0,,A,PU,_Z,2,,,True,WB_WDI,WB_WDI_NY_GDP_PCAP_PP_CD,ISL,_T,_T,_T,_Z,_Z,_Z,2024,A,PPP,
11159.985648,P1Y,0,,A,PU,_Z,2,,,True,WB_WDI,WB_WDI_NY_GDP_PCAP_PP_CD,IND,_T,_T,_T,_Z,_Z,_Z,2024,A,PPP,
16448.275518,P1Y,0,,A,PU,_Z,2,,,True,WB_WDI,WB_WDI_NY_GDP_PCAP_PP_CD,IDN,_T,_T,_T,_Z,_Z,_Z,2024,A,PPP,
126046.354856,P1Y,0,,A,PU,_Z,2,,,True,WB_WDI,WB_WDI_NY_GDP_PCAP_PP_CD,QAT,_T,_T,_T,_Z,_Z,_Z,2024,A,PPP,
49076.539938,P1Y,0,,A,PU,_Z,2,,,True,WB_WDI,WB_WDI_NY_GDP_PCAP_PP_CD,ROU,_T,_T,_T,_Z,_Z,_Z,2024,A,PPP,
47361.90625,P1Y,0,,A,PU,_Z,2,,,True,WB_WDI,WB_WDI_NY_GDP_PCAP_PP_CD,RUS,_T,_T,_T,_Z,_Z,_Z,2024,A,PPP,
3710.860404,P1Y,0,,A,PU,_Z,2,,,True,WB_WDI,WB_WDI_NY_GDP_PCAP_PP_CD,RWA,_T,_T,_T,_Z,_Z,_Z,2024,A,PPP,
8736.816068,P1Y,0,,A,PU,_Z,2,,,True,WB_WDI,WB_WDI_NY_GDP_PCAP_PP_CD,WSM,_T,_T,_T,_Z,_Z,_Z,2024,A,PPP,
6241.856145,P1Y,0,,A,PU,_Z,2,,,True,WB_WDI,WB_WDI_NY_GDP_PCAP_PP_CD,STP,_T,_T,_T,_Z,_Z,_Z,2024,A,PPP,
71375.372789,P1Y,0,,A,PU,_Z,2,,,True,WB_WDI,WB_WDI_NY_GDP_PCAP_PP_CD,SAU,_T,_T,_T,_Z,_Z,_Z,2024,A,PPP,
5070.648621,P1Y,0,,A,PU,_Z,2,,,True,WB_WDI,WB_WDI_NY_GDP_PCAP_PP_CD,SEN,_T,_T,_T,_Z,_Z,_Z,2024,A,PPP,
32832.176322,P1Y,0,,A,PU,_Z,2,,,True,WB_WDI,WB_WDI_NY_GDP_PCAP_PP_CD,SRB,_T,_T,_T,_Z,_Z,_Z,2024,A,PPP,
33238.580034,P1Y,0,,A,PU,_Z,2,,,True,WB_WDI,WB_WDI_NY_GDP_PCAP_PP_CD,SYC,_T,_T,_T,_Z,_Z,_Z,2024,A,PPP,
3522.30588,P1Y,0,,A,PU,_Z,2,,,True,WB_WDI,WB_WDI_NY_GDP_PCAP_PP_CD,SLE,_T,_T,_T,_Z,_Z,_Z,2024,A,PPP,
150689.301626,P1Y,0,,A,PU,_Z,2,,,True,WB_WDI,WB_WDI_NY_GDP_PCAP_PP_CD,SGP,_T,_T,_T,_Z,_Z,_Z,2024,A,PPP,
53768.657395,P1Y,0,,A,PU,_Z,2,,,True,WB_WDI,WB_WDI_NY_GDP_PCAP_PP_CD,SXM,_T,_T,_T,_Z,_Z,_Z,2024,A,PPP,
48132.356431,P1Y,0,,A,PU,_Z,2,,,True,WB_WDI,WB_WDI_NY_GDP_PCAP_PP_CD,SVK,_T,_T,_T,_Z,_Z,_Z,2024,A,PPP,
57186.371354,P1Y,0,,A,PU,_Z,2,,,True,WB_WDI,WB_WDI_NY_GDP_PCAP_PP_CD,SVN,_T,_T,_T,_Z,_Z,_Z,2024,A,PPP,
2674.893113,P1Y,0,,A,PU,_Z,2,,,True,WB_WDI,WB_WDI_NY_GDP_PCAP_PP_CD,SLB,_T,_T,_T,_Z,_Z,_Z,2024,A,PPP,
6644.932016,P1Y,0,,A,PU,_Z,2,,,False,WB_WDI,WB_WDI_NY_GDP_PCAP_PP_CD,PSS,_T,_T,_T,_Z,_Z,_Z,2016,A,PPP,
45929.94978,P1Y,0,,A,PU,_Z,2,,,False,WB_WDI,WB_WDI_NY_GDP_PCAP_PP_CD,PST,_T,_T,_T,_Z,_Z,_Z,2016,A,PPP,
3889.733155,P1Y,0,,A,PU,_Z,2,,,False,WB_WDI,WB_WDI_NY_GDP_PCAP_PP_CD,PRE,_T,_T,_T,_Z,_Z,_Z,2016,A,PPP,
17252.5943,P1Y,0,,A,PU,_Z,2,,,False,WB_WDI,WB_WDI_NY_GDP_PCAP_PP_CD,SST,_T,_T,_T,_Z,_Z,_Z,2016,A,PPP,
5729.000629,P1Y,0,,A,PU,_Z,2,,,False,WB_WDI,WB_WDI_NY_GDP_PCAP_PP_CD,SAS,_T,_T,_T,_Z,_Z,_Z,2016,A,PPP,
5729.000629,P1Y,0,,A,PU,_Z,2,,,False,WB_WDI,WB_WDI_NY_GDP_PCAP_PP_CD,TSA,_T,_T,_T,_Z,_Z,_Z,2016,A,PPP,
4177.224107,P1Y,0,,A,PU,_Z,2,,,False,WB_WDI,WB_WDI_NY_GDP_PCAP_PP_CD,SSF,_T,_T,_T,_Z,_Z,_Z,2016,A,PPP,
4436.304182,P1Y,0,,A,PU,_Z,2,,,False,WB_WDI,WB_WDI_NY_GDP_PCAP_PP_CD,SSA,_T,_T,_T,_Z,_Z,_Z,2016,A,PPP,
4177.224107,P1Y,0,,A,PU,_Z,2,,,False,WB_WDI,WB_WDI_NY_GDP_PCAP_PP_CD,TSS,_T,_T,_T,_Z,_Z,_Z,2016,A,PPP,
14572.324713,P1Y,0,,A,PU,_Z,2,,,False,WB_WDI,WB_WDI_NY_GDP_PCAP_PP_CD,UMC,_T,_T,_T,_Z,_Z,_Z,2016,A,PPP,
15739.223829,P1Y,0,,A,PU,_Z,2,,,False,WB_WDI,WB_WDI_NY_GDP_PCAP_PP_CD,WLD,_T,_T,_T,_Z,_Z,_Z,2016,A,PPP,
2213.181441,P1Y,0,,A,PU,_Z,2,,,False,WB_WDI,WB_WDI_NY_GDP_PCAP_PP_CD,AFG,_T,_T,_T,_Z,_Z,_Z,2016,A,PPP,
80387.021823,P1Y,0,,A,PU,_Z,2,,,False,WB_WDI,WB_WDI_NY_GDP_PCAP_PP_CD,NAC,_T,_T,_T,_Z,_Z,_Z,2023,A,PPP,
59701.293749,P1Y,0,,A,PU,_Z,2,,,False,WB_WDI,WB_WDI_NY_GDP_PCAP_PP_CD,OED,_T,_T,_T,_Z,_Z,_Z,2023,A,PPP,
28037.087169,P1Y,0,,A,PU,_Z,2,,,False,WB_WDI,WB_WDI_NY_GDP_PCAP_PP_CD,OSS,_T,_T,_T,_Z,_Z,_Z,2023,A,PPP,
7855.019476,P1Y,0,,A,PU,_Z,2,,,False,WB_WDI,WB_WDI_NY_GDP_PCAP_PP_CD,PSS,_T,_T,_T,_Z,_Z,_Z,2023,A,PPP,
65676.373908,P1Y,0,,A,PU,_Z,2,,,False,WB_WDI,WB_WDI_NY_GDP_PCAP_PP_CD,PST,_T,_T,_T,_Z,_Z,_Z,2023,A,PPP,
5102.900927,P1Y,0,,A,PU,_Z,2,,,False,WB_WDI,WB_WDI_NY_GDP_PCAP_PP_CD,PRE,_T,_T,_T,_Z,_Z,_Z,2023,A,PPP,
26417.7237,P1Y,0,,A,PU,_Z,2,,,False,WB_WDI,WB_WDI_NY_GDP_PCAP_PP_CD,SST,_T,_T,_T,_Z,_Z,_Z,2023,A,PPP,
10176.354764,P1Y,0,,A,PU,_Z,2,,,False,WB_WDI,WB_WDI_NY_GDP_PCAP_PP_CD,SAS,_T,_T,_T,_Z,_Z,_Z,2023,A,PPP,
10176.354764,P1Y,0,,A,PU,_Z,2,,,False,WB_WDI,WB_WDI_NY_GDP_PCAP_PP_CD,TSA,_T,_T,_T,_Z,_Z,_Z,2023,A,PPP,
5318.143474,P1Y,0,,A,PU,_Z,2,,,False,WB_WDI,WB_WDI_NY_GDP_PCAP_PP_CD,SSF,_T,_T,_T,_Z,_Z,_Z,2023,A,PPP,
5571.64191,P1Y,0,,A,PU,_Z,2,,,False,WB_WDI,WB_WDI_NY_GDP_PCAP_PP_CD,SSA,_T,_T,_T,_Z,_Z,_Z,2023,A,PPP,
5318.143474,P1Y,0,,A,PU,_Z,2,,,False,WB_WDI,WB_WDI_NY_GDP_PCAP_PP_CD,TSS,_T,_T,_T,_Z,_Z,_Z,2023,A,PPP,
23433.881354,P1Y,0,,A,PU,_Z,2,,,False,WB_WDI,WB_WDI_NY_GDP_PCAP_PP_CD,UMC,_T,_T,_T,_Z,_Z,_Z,2023,A,PPP,
23379.173297,P1Y,0,,A,PU,_Z,2,,,False,WB_WDI,WB_WDI_NY_GDP_PCAP_PP_CD,WLD,_T,_T,_T,_Z,_Z,_Z,2023,A,PPP,
2201.722907,P1Y,0,,A,PU,_Z,2,,,True,WB_WDI,WB_WDI_NY_GDP_PCAP_PP_CD,AFG,_T,_T,_T,_Z,_Z,_Z,2023,A,PPP,
24822.354309,P1Y,0,,A,PU,_Z,2,,,False,WB_WDI,WB_WDI_NY_GDP_PCAP_PP_CD,ALB,_T,_T,_T,_Z,_Z,_Z,2023,A,PPP,
10756.445442,P1Y,0,,A,PU,_Z,2,,,False,WB_WDI,WB_WDI_NY_GDP_PCAP_PP_CD,ZWE,_T,_T,_T,_Z,_Z,_Z,2017,A,PPP,
3723.216423,P1Y,0,,A,PU,_Z,2,,,False,WB_WDI,WB_WDI_NY_GDP_PCAP_PP_CD,AFE,_T,_T,_T,_Z,_Z,_Z,2018,A,PPP,
5179.35999,P1Y,0,,A,PU,_Z,2,,,False,WB_WDI,WB_WDI_NY_GDP_PCAP_PP_CD,AFW,_T,_T,_T,_Z,_Z,_Z,2018,A,PPP,
15558.130797,P1Y,0,,A,PU,_Z,2,,,False,WB_WDI,WB_WDI_NY_GDP_PCAP_PP_CD,ARB,_T,_T,_T,_Z,_Z,_Z,2018,A,PPP,
21259.279516,P1Y,0,,A,PU,_Z,2,,,False,WB_WDI,WB_WDI_NY_GDP_PCAP_PP_CD,CSS,_T,_T,_T,_Z,_Z,_Z,2018,A,PPP,
32302.372963,P1Y,0,,A,PU,_Z,2,,,False,WB_WDI,WB_WDI_NY_GDP_PCAP_PP_CD,CEB,_T,_T,_T,_Z,_Z,_Z,2018,A,PPP,
9604.812218,P1Y,0,,A,PU,_Z,2,,,False,WB_WDI,WB_WDI_NY_GDP_PCAP_PP_CD,EAR,_T,_T,_T,_Z,_Z,_Z,2018,A,PPP,
17964.554801,P1Y,0,,A,PU,_Z,2,,,False,WB_WDI,WB_WDI_NY_GDP_PCAP_PP_CD,EAS,_T,_T,_T,_Z,_Z,_Z,2018,A,PPP,
14588.474952,P1Y,0,,A,PU,_Z,2,,,False,WB_WDI,WB_WDI_NY_GDP_PCAP_PP_CD,EAP,_T,_T,_T,_Z,_Z,_Z,2018,A,PPP,
14752.27036,P1Y,0,,A,PU,_Z,2,,,False,WB_WDI,WB_WDI_NY_GDP_PCAP_PP_CD,TEA,_T,_T,_T,_Z,_Z,_Z,2018,A,PPP,
47721.539243,P1Y,0,,A,PU,_Z,2,,,False,WB_WDI,WB_WDI_NY_GDP_PCAP_PP_CD,EMU,_T,_T,_T,_Z,_Z,_Z,2018,A,PPP,
35921.013598,P1Y,0,,A,PU,_Z,2,,,False,WB_WDI,WB_WDI_NY_GDP_PCAP_PP_CD,ECS,_T,_T,_T,_Z,_Z,_Z,2018,A,PPP,
18319.416265,P1Y,0,,A,PU,_Z,2,,,False,WB_WDI,WB_WDI_NY_GDP_PCAP_PP_CD,ECA,_T,_T,_T,_Z,_Z,_Z,2018,A,PPP,
6412.723869,P1Y,0,,A,PU,_Z,2,,,False,WB_WDI,WB_WDI_NY_GDP_PCAP_PP_CD,UZB,_T,_T,_T,_Z,_Z,_Z,2013,A,PPP,
2832.006061,P1Y,0,,A,PU,_Z,2,,,False,WB_WDI,WB_WDI_NY_GDP_PCAP_PP_CD,VUT,_T,_T,_T,_Z,_Z,_Z,2013,A,PPP,
6758.404336,P1Y,0,,A,PU,_Z,2,,,False,WB_WDI,WB_WDI_NY_GDP_PCAP_PP_CD,VNM,_T,_T,_T,_Z,_Z,_Z,2013,A,PPP,
32333.910803,P1Y,0,,A,PU,_Z,2,,,False,WB_WDI,WB_WDI_NY_GDP_PCAP_PP_CD,VIR,_T,_T,_T,_Z,_Z,_Z,2013,A,PPP,
5287.847461,P1Y,0,,A,PU,_Z,2,,,False,WB_WDI,WB_WDI_NY_GDP_PCAP_PP_CD,PSE,_T,_T,_T,_Z,_Z,_Z,2013,A,PPP,
3164.321542,P1Y,0,,A,PU,_Z,2,,,True,WB_WDI,WB_WDI_NY_GDP_PCAP_PP_CD,YEM,_T,_T,_T,_Z,_Z,_Z,2013,A,PPP,
3477.281788,P1Y,0,,A,PU,_Z,2,,,False,WB_WDI,WB_WDI_NY_GDP_PCAP_PP_CD,ZMB,_T,_T,_T,_Z,_Z,_Z,2013,A,PPP,
3783.946337,P1Y,0,,A,PU,_Z,2,,,False,WB_WDI,WB_WDI_NY_GDP_PCAP_PP_CD,ZWE,_T,_T,_T,_Z,_Z,_Z,2013,A,PPP,
3514.322153,P1Y,0,,A,PU,_Z,2,,,False,WB_WDI,WB_WDI_NY_GDP_PCAP_PP_CD,AFE,_T,_T,_T,_Z,_Z,_Z,2014,A,PPP,
5114.69221,P1Y,0,,A,PU,_Z,2,,,False,WB_WDI,WB_WDI_NY_GDP_PCAP_PP_CD,AFW,_T,_T,_T,_Z,_Z,_Z,2014,A,PPP,
15817.082766,P1Y,0,,A,PU,_Z,2,,,False,WB_WDI,WB_WDI_NY_GDP_PCAP_PP_CD,ARB,_T,_T,_T,_Z,_Z,_Z,2014,A,PPP,
21206.125835,P1Y,0,,A,PU,_Z,2,,,False,WB_WDI,WB_WDI_NY_GDP_PCAP_PP_CD,CSS,_T,_T,_T,_Z,_Z,_Z,2014,A,PPP,
15033.876859,P1Y,0,,A,PU,_Z,2,,,False,WB_WDI,WB_WDI_NY_GDP_PCAP_PP_CD,VNM,_T,_T,_T,_Z,_Z,_Z,2023,A,PPP,
5950.020062,P1Y,0,,A,PU,_Z,2,,,False,WB_WDI,WB_WDI_NY_GDP_PCAP_PP_CD,PSE,_T,_T,_T,_Z,_Z,_Z,2023,A,PPP,
4076.995087,P1Y,0,,A,PU,_Z,2,,,False,WB_WDI,WB_WDI_NY_GDP_PCAP_PP_CD,ZMB,_T,_T,_T,_Z,_Z,_Z,2023,A,PPP,
5791.192129,P1Y,0,,A,PU,_Z,2,,,False,WB_WDI,WB_WDI_NY_GDP_PCAP_PP_CD,ZWE,_T,_T,_T,_Z,_Z,_Z,2023,A,PPP,
4635.788224,P1Y,0,,A,PU,_Z,2,,,True,WB_WDI,WB_WDI_NY_GDP_PCAP_PP_CD,AFE,_T,_T,_T,_Z,_Z,_Z,2024,A,PPP,
6815.990961,P1Y,0,,A,PU,_Z,2,,,True,WB_WDI,WB_WDI_NY_GDP_PCAP_PP_CD,AFW,_T,_T,_T,_Z,_Z,_Z,2024,A,PPP,
18870.314811,P1Y,0,,A,PU,_Z,2,,,True,WB_WDI,WB_WDI_NY_GDP_PCAP_PP_CD,ARB,_T,_T,_T,_Z,_Z,_Z,2024,A,PPP,
38624.060544,P1Y,0,,A,PU,_Z,2,,,True,WB_WDI,WB_WDI_NY_GDP_PCAP_PP_CD,CSS,_T,_T,_T,_Z,_Z,_Z,2024,A,PPP,
50487.330482,P1Y,0,,A,PU,_Z,2,,,True,WB_WDI,WB_WDI_NY_GDP_PCAP_PP_CD,CEB,_T,_T,_T,_Z,_Z,_Z,2024,A,PPP,
13995.405558,P1Y,0,,A,PU,_Z,2,,,True,WB_WDI,WB_WDI_NY_GDP_PCAP_PP_CD,EAR,_T,_T,_T,_Z,_Z,_Z,2024,A,PPP,
27285.211235,P1Y,0,,A,PU,_Z,2,,,True,WB_WDI,WB_WDI_NY_GDP_PCAP_PP_CD,EAS,_T,_T,_T,_Z,_Z,_Z,2024,A,PPP,
23248.025179,P1Y,0,,A,PU,_Z,2,,,True,WB_WDI,WB_WDI_NY_GDP_PCAP_PP_CD,EAP,_T,_T,_T,_Z,_Z,_Z,2024,A,PPP,
23509.724165,P1Y,0,,A,PU,_Z,2,,,True,WB_WDI,WB_WDI_NY_GDP_PCAP_PP_CD,TEA,_T,_T,_T,_Z,_Z,_Z,2024,A,PPP,
66097.020722,P1Y,0,,A,PU,_Z,2,,,True,WB_WDI,WB_WDI_NY_GDP_PCAP_PP_CD,EMU,_T,_T,_T,_Z,_Z,_Z,2024,A,PPP,
52463.14658,P1Y,0,,A,PU,_Z,2,,,True,WB_WDI,WB_WDI_NY_GDP_PCAP_PP_CD,ECS,_T,_T,_T,_Z,_Z,_Z,2024,A,PPP,
29333.255897,P1Y,0,,A,PU,_Z,2,,,True,WB_WDI,WB_WDI_NY_GDP_PCAP_PP_CD,ECA,_T,_T,_T,_Z,_Z,_Z,2024,A,PPP,
38139.121573,P1Y,0,,A,PU,_Z,2,,,True,WB_WDI,WB_WDI_NY_GDP_PCAP_PP_CD,TEC,_T,_T,_T,_Z,_Z,_Z,2024,A,PPP,
6318.061087,P1Y,0,,A,PU,_Z,2,,,False,WB_WDI,WB_WDI_NY_GDP_PCAP_PP_CD,CPV,_T,_T,_T,_Z,_Z,_Z,2012,A,PPP,
3583.482297,P1Y,0,,A,PU,_Z,2,,,False,WB_WDI,WB_WDI_NY_GDP_PCAP_PP_CD,KHM,_T,_T,_T,_Z,_Z,_Z,2012,A,PPP,
3059.642266,P1Y,0,,A,PU,_Z,2,,,False,WB_WDI,WB_WDI_NY_GDP_PCAP_PP_CD,CMR,_T,_T,_T,_Z,_Z,_Z,2012,A,PPP,
42291.972936,P1Y,0,,A,PU,_Z,2,,,False,WB_WDI,WB_WDI_NY_GDP_PCAP_PP_CD,CAN,_T,_T,_T,_Z,_Z,_Z,2012,A,PPP,
64726.530534,P1Y,0,,A,PU,_Z,2,,,False,WB_WDI,WB_WDI_NY_GDP_PCAP_PP_CD,CYM,_T,_T,_T,_Z,_Z,_Z,2012,A,PPP,
1062.068099,P1Y,0,,A,PU,_Z,2,,,False,WB_WDI,WB_WDI_NY_GDP_PCAP_PP_CD,CAF,_T,_T,_T,_Z,_Z,_Z,2012,A,PPP,
2435.124082,P1Y,0,,A,PU,_Z,2,,,False,WB_WDI,WB_WDI_NY_GDP_PCAP_PP_CD,TCD,_T,_T,_T,_Z,_Z,_Z,2012,A,PPP,
21366.177126,P1Y,0,,A,PU,_Z,2,,,False,WB_WDI,WB_WDI_NY_GDP_PCAP_PP_CD,CHL,_T,_T,_T,_Z,_Z,_Z,2012,A,PPP,
11420.252705,P1Y,0,,A,PU,_Z,2,,,False,WB_WDI,WB_WDI_NY_GDP_PCAP_PP_CD,CHN,_T,_T,_T,_Z,_Z,_Z,2012,A,PPP,
12093.075494,P1Y,0,,A,PU,_Z,2,,,False,WB_WDI,WB_WDI_NY_GDP_PCAP_PP_CD,COL,_T,_T,_T,_Z,_Z,_Z,2012,A,PPP,
2678.702628,P1Y,0,,A,PU,_Z,2,,,False,WB_WDI,WB_WDI_NY_GDP_PCAP_PP_CD,COM,_T,_T,_T,_Z,_Z,_Z,2012,A,PPP,
16677.589542,P1Y,0,,A,PU,_Z,2,,,False,WB_WDI,WB_WDI_NY_GDP_PCAP_PP_CD,ECA,_T,_T,_T,_Z,_Z,_Z,2016,A,PPP,
20564.20964,P1Y,0,,A,PU,_Z,2,,,False,WB_WDI,WB_WDI_NY_GDP_PCAP_PP_CD,TEC,_T,_T,_T,_Z,_Z,_Z,2016,A,PPP,
40899.565641,P1Y,0,,A,PU,_Z,2,,,False,WB_WDI,WB_WDI_NY_GDP_PCAP_PP_CD,EUU,_T,_T,_T,_Z,_Z,_Z,2016,A,PPP,
2502.772784,P1Y,0,,A,PU,_Z,2,,,False,WB_WDI,WB_WDI_NY_GDP_PCAP_PP_CD,HPC,_T,_T,_T,_Z,_Z,_Z,2016,A,PPP,
44285.411743,P1Y,0,,A,PU,_Z,2,,,False,WB_WDI,WB_WDI_NY_GDP_PCAP_PP_CD,HIC,_T,_T,_T,_Z,_Z,_Z,2016,A,PPP,
12150.51716,P1Y,0,,A,PU,_Z,2,,,False,WB_WDI,WB_WDI_NY_GDP_PCAP_PP_CD,IBD,_T,_T,_T,_Z,_Z,_Z,2016,A,PPP,
10027.001001,P1Y,0,,A,PU,_Z,2,,,False,WB_WDI,WB_WDI_NY_GDP_PCAP_PP_CD,IBT,_T,_T,_T,_Z,_Z,_Z,2016,A,PPP,
5487.197114,P1Y,0,,A,PU,_Z,2,,,False,WB_WDI,WB_WDI_NY_GDP_PCAP_PP_CD,IDB,_T,_T,_T,_Z,_Z,_Z,2016,A,PPP,
3063.834867,P1Y,0,,A,PU,_Z,2,,,False,WB_WDI,WB_WDI_NY_GDP_PCAP_PP_CD,IDX,_T,_T,_T,_Z,_Z,_Z,2016,A,PPP,
3917.101472,P1Y,0,,A,PU,_Z,2,,,False,WB_WDI,WB_WDI_NY_GDP_PCAP_PP_CD,IDA,_T,_T,_T,_Z,_Z,_Z,2016,A,PPP,
15659.999445,P1Y,0,,A,PU,_Z,2,,,False,WB_WDI,WB_WDI_NY_GDP_PCAP_PP_CD,LTE,_T,_T,_T,_Z,_Z,_Z,2016,A,PPP,
15549.131985,P1Y,0,,A,PU,_Z,2,,,False,WB_WDI,WB_WDI_NY_GDP_PCAP_PP_CD,LCN,_T,_T,_T,_Z,_Z,_Z,2016,A,PPP,
12317.482428,P1Y,0,,A,PU,_Z,2,,,False,WB_WDI,WB_WDI_NY_GDP_PCAP_PP_CD,MNG,_T,_T,_T,_Z,_Z,_Z,2018,A,PPP,
21083.588291,P1Y,0,,A,PU,_Z,2,,,False,WB_WDI,WB_WDI_NY_GDP_PCAP_PP_CD,MNE,_T,_T,_T,_Z,_Z,_Z,2018,A,PPP,
7801.098633,P1Y,0,,A,PU,_Z,2,,,False,WB_WDI,WB_WDI_NY_GDP_PCAP_PP_CD,MAR,_T,_T,_T,_Z,_Z,_Z,2018,A,PPP,
1325.586956,P1Y,0,,A,PU,_Z,2,,,False,WB_WDI,WB_WDI_NY_GDP_PCAP_PP_CD,MOZ,_T,_T,_T,_Z,_Z,_Z,2018,A,PPP,
5581.276955,P1Y,0,,A,PU,_Z,2,,,False,WB_WDI,WB_WDI_NY_GDP_PCAP_PP_CD,MMR,_T,_T,_T,_Z,_Z,_Z,2018,A,PPP,
9853.735336,P1Y,0,,A,PU,_Z,2,,,False,WB_WDI,WB_WDI_NY_GDP_PCAP_PP_CD,NAM,_T,_T,_T,_Z,_Z,_Z,2018,A,PPP,
9657.260736,P1Y,0,,A,PU,_Z,2,,,False,WB_WDI,WB_WDI_NY_GDP_PCAP_PP_CD,NRU,_T,_T,_T,_Z,_Z,_Z,2018,A,PPP,
3956.124611,P1Y,0,,A,PU,_Z,2,,,False,WB_WDI,WB_WDI_NY_GDP_PCAP_PP_CD,NPL,_T,_T,_T,_Z,_Z,_Z,2018,A,PPP,
58819.260914,P1Y,0,,A,PU,_Z,2,,,False,WB_WDI,WB_WDI_NY_GDP_PCAP_PP_CD,NLD,_T,_T,_T,_Z,_Z,_Z,2018,A,PPP,
42527.27841,P1Y,0,,A,PU,_Z,2,,,False,WB_WDI,WB_WDI_NY_GDP_PCAP_PP_CD,NZL,_T,_T,_T,_Z,_Z,_Z,2018,A,PPP,
5935.166936,P1Y,0,,A,PU,_Z,2,,,False,WB_WDI,WB_WDI_NY_GDP_PCAP_PP_CD,NIC,_T,_T,_T,_Z,_Z,_Z,2018,A,PPP,
2247.997429,P1Y,0,,A,PU,_Z,2,,,False,WB_WDI,WB_WDI_NY_GDP_PCAP_PP_CD,NPL,_T,_T,_T,_Z,_Z,_Z,2011,A,PPP,
47004.137074,P1Y,0,,A,PU,_Z,2,,,False,WB_WDI,WB_WDI_NY_GDP_PCAP_PP_CD,NLD,_T,_T,_T,_Z,_Z,_Z,2011,A,PPP,
32738.988445,P1Y,0,,A,PU,_Z,2,,,False,WB_WDI,WB_WDI_NY_GDP_PCAP_PP_CD,NZL,_T,_T,_T,_Z,_Z,_Z,2011,A,PPP,
4324.710072,P1Y,0,,A,PU,_Z,2,,,False,WB_WDI,WB_WDI_NY_GDP_PCAP_PP_CD,NIC,_T,_T,_T,_Z,_Z,_Z,2011,A,PPP,
1064.419174,P1Y,0,,A,PU,_Z,2,,,False,WB_WDI,WB_WDI_NY_GDP_PCAP_PP_CD,NER,_T,_T,_T,_Z,_Z,_Z,2011,A,PPP,
6585.361933,P1Y,0,,A,PU,_Z,2,,,False,WB_WDI,WB_WDI_NY_GDP_PCAP_PP_CD,NGA,_T,_T,_T,_Z,_Z,_Z,2011,A,PPP,
12420.811455,P1Y,0,,A,PU,_Z,2,,,False,WB_WDI,WB_WDI_NY_GDP_PCAP_PP_CD,MKD,_T,_T,_T,_Z,_Z,_Z,2011,A,PPP,
62460.090816,P1Y,0,,A,PU,_Z,2,,,False,WB_WDI,WB_WDI_NY_GDP_PCAP_PP_CD,NOR,_T,_T,_T,_Z,_Z,_Z,2011,A,PPP,
52393.313582,P1Y,0,,A,PU,_Z,2,,,False,WB_WDI,WB_WDI_NY_GDP_PCAP_PP_CD,OMN,_T,_T,_T,_Z,_Z,_Z,2011,A,PPP,
3879.597769,P1Y,0,,A,PU,_Z,2,,,False,WB_WDI,WB_WDI_NY_GDP_PCAP_PP_CD,PAK,_T,_T,_T,_Z,_Z,_Z,2011,A,PPP,
17614.67187,P1Y,0,,A,PU,_Z,2,,,False,WB_WDI,WB_WDI_NY_GDP_PCAP_PP_CD,IRN,_T,_T,_T,_Z,_Z,_Z,2009,A,PPP,
11687.014208,P1Y,0,,A,PU,_Z,2,,,False,WB_WDI,WB_WDI_NY_GDP_PCAP_PP_CD,IRQ,_T,_T,_T,_Z,_Z,_Z,2009,A,PPP,
41491.474153,P1Y,0,,A,PU,_Z,2,,,False,WB_WDI,WB_WDI_NY_GDP_PCAP_PP_CD,IRL,_T,_T,_T,_Z,_Z,_Z,2009,A,PPP,
28086.837764,P1Y,0,,A,PU,_Z,2,,,False,WB_WDI,WB_WDI_NY_GDP_PCAP_PP_CD,ISR,_T,_T,_T,_Z,_Z,_Z,2009,A,PPP,
34501.712274,P1Y,0,,A,PU,_Z,2,,,False,WB_WDI,WB_WDI_NY_GDP_PCAP_PP_CD,ITA,_T,_T,_T,_Z,_Z,_Z,2009,A,PPP,
8579.589799,P1Y,0,,A,PU,_Z,2,,,False,WB_WDI,WB_WDI_NY_GDP_PCAP_PP_CD,JAM,_T,_T,_T,_Z,_Z,_Z,2009,A,PPP,
33543.419874,P1Y,0,,A,PU,_Z,2,,,False,WB_WDI,WB_WDI_NY_GDP_PCAP_PP_CD,JPN,_T,_T,_T,_Z,_Z,_Z,2009,A,PPP,
9290.808554,P1Y,0,,A,PU,_Z,2,,,False,WB_WDI,WB_WDI_NY_GDP_PCAP_PP_CD,JOR,_T,_T,_T,_Z,_Z,_Z,2009,A,PPP,
17389.014584,P1Y,0,,A,PU,_Z,2,,,False,WB_WDI,WB_WDI_NY_GDP_PCAP_PP_CD,KAZ,_T,_T,_T,_Z,_Z,_Z,2009,A,PPP,
2480.044291,P1Y,0,,A,PU,_Z,2,,,False,WB_WDI,WB_WDI_NY_GDP_PCAP_PP_CD,KEN,_T,_T,_T,_Z,_Z,_Z,2009,A,PPP,
1718.491714,P1Y,0,,A,PU,_Z,2,,,False,WB_WDI,WB_WDI_NY_GDP_PCAP_PP_CD,KIR,_T,_T,_T,_Z,_Z,_Z,2009,A,PPP,
16442.125939,P1Y,0,,A,PU,_Z,2,,,False,WB_WDI,WB_WDI_NY_GDP_PCAP_PP_CD,ALB,_T,_T,_T,_Z,_Z,_Z,2019,A,PPP,
13892.533345,P1Y,0,,A,PU,_Z,2,,,False,WB_WDI,WB_WDI_NY_GDP_PCAP_PP_CD,DZA,_T,_T,_T,_Z,_Z,_Z,2019,A,PPP,
57475.069284,P1Y,0,,A,PU,_Z,2,,,False,WB_WDI,WB_WDI_NY_GDP_PCAP_PP_CD,AND,_T,_T,_T,_Z,_Z,_Z,2019,A,PPP,
8572.878956,P1Y,0,,A,PU,_Z,2,,,False,WB_WDI,WB_WDI_NY_GDP_PCAP_PP_CD,AGO,_T,_T,_T,_Z,_Z,_Z,2019,A,PPP,
26550.589845,P1Y,0,,A,PU,_Z,2,,,False,WB_WDI,WB_WDI_NY_GDP_PCAP_PP_CD,ATG,_T,_T,_T,_Z,_Z,_Z,2019,A,PPP,
23516.826198,P1Y,0,,A,PU,_Z,2,,,False,WB_WDI,WB_WDI_NY_GDP_PCAP_PP_CD,ARG,_T,_T,_T,_Z,_Z,_Z,2019,A,PPP,
14975.753954,P1Y,0,,A,PU,_Z,2,,,False,WB_WDI,WB_WDI_NY_GDP_PCAP_PP_CD,ARM,_T,_T,_T,_Z,_Z,_Z,2019,A,PPP,
38543.907294,P1Y,0,,A,PU,_Z,2,,,False,WB_WDI,WB_WDI_NY_GDP_PCAP_PP_CD,ABW,_T,_T,_T,_Z,_Z,_Z,2019,A,PPP,
52885.831382,P1Y,0,,A,PU,_Z,2,,,False,WB_WDI,WB_WDI_NY_GDP_PCAP_PP_CD,AUS,_T,_T,_T,_Z,_Z,_Z,2019,A,PPP,
60354.927942,P1Y,0,,A,PU,_Z,2,,,False,WB_WDI,WB_WDI_NY_GDP_PCAP_PP_CD,AUT,_T,_T,_T,_Z,_Z,_Z,2019,A,PPP,
16675.317936,P1Y,0,,A,PU,_Z,2,,,False,WB_WDI,WB_WDI_NY_GDP_PCAP_PP_CD,AZE,_T,_T,_T,_Z,_Z,_Z,2019,A,PPP,
13997.735284,P1Y,0,,A,PU,_Z,2,,,False,WB_WDI,WB_WDI_NY_GDP_PCAP_PP_CD,GAB,_T,_T,_T,_Z,_Z,_Z,2016,A,PPP,
2012.676482,P1Y,0,,A,PU,_Z,2,,,False,WB_WDI,WB_WDI_NY_GDP_PCAP_PP_CD,GMB,_T,_T,_T,_Z,_Z,_Z,2016,A,PPP,
13065.294157,P1Y,0,,A,PU,_Z,2,,,False,WB_WDI,WB_WDI_NY_GDP_PCAP_PP_CD,GEO,_T,_T,_T,_Z,_Z,_Z,2016,A,PPP,
51569.901684,P1Y,0,,A,PU,_Z,2,,,False,WB_WDI,WB_WDI_NY_GDP_PCAP_PP_CD,DEU,_T,_T,_T,_Z,_Z,_Z,2016,A,PPP,
5011.079316,P1Y,0,,A,PU,_Z,2,,,False,WB_WDI,WB_WDI_NY_GDP_PCAP_PP_CD,GHA,_T,_T,_T,_Z,_Z,_Z,2016,A,PPP,
27504.549798,P1Y,0,,A,PU,_Z,2,,,False,WB_WDI,WB_WDI_NY_GDP_PCAP_PP_CD,GRC,_T,_T,_T,_Z,_Z,_Z,2016,A,PPP,
58908.590773,P1Y,0,,A,PU,_Z,2,,,False,WB_WDI,WB_WDI_NY_GDP_PCAP_PP_CD,GRL,_T,_T,_T,_Z,_Z,_Z,2016,A,PPP,
13977.505588,P1Y,0,,A,PU,_Z,2,,,False,WB_WDI,WB_WDI_NY_GDP_PCAP_PP_CD,GRD,_T,_T,_T,_Z,_Z,_Z,2016,A,PPP,
9201.42836,P1Y,0,,A,PU,_Z,2,,,False,WB_WDI,WB_WDI_NY_GDP_PCAP_PP_CD,GTM,_T,_T,_T,_Z,_Z,_Z,2016,A,PPP,
2255.32618,P1Y,0,,A,PU,_Z,2,,,False,WB_WDI,WB_WDI_NY_GDP_PCAP_PP_CD,GIN,_T,_T,_T,_Z,_Z,_Z,2016,A,PPP,
1824.373098,P1Y,0,,A,PU,_Z,2,,,False,WB_WDI,WB_WDI_NY_GDP_PCAP_PP_CD,GNB,_T,_T,_T,_Z,_Z,_Z,2016,A,PPP,
2913.942928,P1Y,0,,A,PU,_Z,2,,,False,WB_WDI,WB_WDI_NY_GDP_PCAP_PP_CD,CMR,_T,_T,_T,_Z,_Z,_Z,2010,A,PPP,
40103.11144,P1Y,0,,A,PU,_Z,2,,,False,WB_WDI,WB_WDI_NY_GDP_PCAP_PP_CD,CAN,_T,_T,_T,_Z,_Z,_Z,2010,A,PPP,
66325.457991,P1Y,0,,A,PU,_Z,2,,,False,WB_WDI,WB_WDI_NY_GDP_PCAP_PP_CD,CYM,_T,_T,_T,_Z,_Z,_Z,2010,A,PPP,
936.485497,P1Y,0,,A,PU,_Z,2,,,False,WB_WDI,WB_WDI_NY_GDP_PCAP_PP_CD,CAF,_T,_T,_T,_Z,_Z,_Z,2010,A,PPP,
2319.688832,P1Y,0,,A,PU,_Z,2,,,False,WB_WDI,WB_WDI_NY_GDP_PCAP_PP_CD,TCD,_T,_T,_T,_Z,_Z,_Z,2010,A,PPP,
17917.895122,P1Y,0,,A,PU,_Z,2,,,False,WB_WDI,WB_WDI_NY_GDP_PCAP_PP_CD,CHL,_T,_T,_T,_Z,_Z,_Z,2010,A,PPP,
9411.138219,P1Y,0,,A,PU,_Z,2,,,False,WB_WDI,WB_WDI_NY_GDP_PCAP_PP_CD,CHN,_T,_T,_T,_Z,_Z,_Z,2010,A,PPP,
10841.12798,P1Y,0,,A,PU,_Z,2,,,False,WB_WDI,WB_WDI_NY_GDP_PCAP_PP_CD,COL,_T,_T,_T,_Z,_Z,_Z,2010,A,PPP,
2372.41234,P1Y,0,,A,PU,_Z,2,,,False,WB_WDI,WB_WDI_NY_GDP_PCAP_PP_CD,COM,_T,_T,_T,_Z,_Z,_Z,2010,A,PPP,
605.78516,P1Y,0,,A,PU,_Z,2,,,False,WB_WDI,WB_WDI_NY_GDP_PCAP_PP_CD,COD,_T,_T,_T,_Z,_Z,_Z,2010,A,PPP,
5125.069913,P1Y,0,,A,PU,_Z,2,,,False,WB_WDI,WB_WDI_NY_GDP_PCAP_PP_CD,COG,_T,_T,_T,_Z,_Z,_Z,2010,A,PPP,
26450.181327,P1Y,0,,A,PU,_Z,2,,,False,WB_WDI,WB_WDI_NY_GDP_PCAP_PP_CD,GRC,_T,_T,_T,_Z,_Z,_Z,2014,A,PPP,
56555.069067,P1Y,0,,A,PU,_Z,2,,,False,WB_WDI,WB_WDI_NY_GDP_PCAP_PP_CD,GRL,_T,_T,_T,_Z,_Z,_Z,2014,A,PPP,
12228.648106,P1Y,0,,A,PU,_Z,2,,,False,WB_WDI,WB_WDI_NY_GDP_PCAP_PP_CD,GRD,_T,_T,_T,_Z,_Z,_Z,2014,A,PPP,
8236.659299,P1Y,0,,A,PU,_Z,2,,,False,WB_WDI,WB_WDI_NY_GDP_PCAP_PP_CD,GTM,_T,_T,_T,_Z,_Z,_Z,2014,A,PPP,
1873.214131,P1Y,0,,A,PU,_Z,2,,,False,WB_WDI,WB_WDI_NY_GDP_PCAP_PP_CD,GIN,_T,_T,_T,_Z,_Z,_Z,2014,A,PPP,
1455.908137,P1Y,0,,A,PU,_Z,2,,,False,WB_WDI,WB_WDI_NY_GDP_PCAP_PP_CD,GNB,_T,_T,_T,_Z,_Z,_Z,2014,A,PPP,
11145.02912,P1Y,0,,A,PU,_Z,2,,,False,WB_WDI,WB_WDI_NY_GDP_PCAP_PP_CD,GUY,_T,_T,_T,_Z,_Z,_Z,2014,A,PPP,
3075.738438,P1Y,0,,A,PU,_Z,2,,,False,WB_WDI,WB_WDI_NY_GDP_PCAP_PP_CD,HTI,_T,_T,_T,_Z,_Z,_Z,2014,A,PPP,
4460.057428,P1Y,0,,A,PU,_Z,2,,,False,WB_WDI,WB_WDI_NY_GDP_PCAP_PP_CD,HND,_T,_T,_T,_Z,_Z,_Z,2014,A,PPP,
54514.926806,P1Y,0,,A,PU,_Z,2,,,False,WB_WDI,WB_WDI_NY_GDP_PCAP_PP_CD,HKG,_T,_T,_T,_Z,_Z,_Z,2014,A,PPP,
25796.210096,P1Y,0,,A,PU,_Z,2,,,False,WB_WDI,WB_WDI_NY_GDP_PCAP_PP_CD,HUN,_T,_T,_T,_Z,_Z,_Z,2014,A,PPP,
19678.110893,P1Y,0,,A,PU,_Z,2,,,False,WB_WDI,WB_WDI_NY_GDP_PCAP_PP_CD,ROU,_T,_T,_T,_Z,_Z,_Z,2013,A,PPP,
26019.726563,P1Y,0,,A,PU,_Z,2,,,False,WB_WDI,WB_WDI_NY_GDP_PCAP_PP_CD,RUS,_T,_T,_T,_Z,_Z,_Z,2013,A,PPP,
1512.241713,P1Y,0,,A,PU,_Z,2,,,False,WB_WDI,WB_WDI_NY_GDP_PCAP_PP_CD,RWA,_T,_T,_T,_Z,_Z,_Z,2013,A,PPP,
5386.900631,P1Y,0,,A,PU,_Z,2,,,False,WB_WDI,WB_WDI_NY_GDP_PCAP_PP_CD,WSM,_T,_T,_T,_Z,_Z,_Z,2013,A,PPP,
50770.36732,P1Y,0,,A,PU,_Z,2,,,False,WB_WDI,WB_WDI_NY_GDP_PCAP_PP_CD,SMR,_T,_T,_T,_Z,_Z,_Z,2013,A,PPP,
2945.736643,P1Y,0,,A,PU,_Z,2,,,False,WB_WDI,WB_WDI_NY_GDP_PCAP_PP_CD,STP,_T,_T,_T,_Z,_Z,_Z,2013,A,PPP,
62202.88592,P1Y,0,,A,PU,_Z,2,,,False,WB_WDI,WB_WDI_NY_GDP_PCAP_PP_CD,SAU,_T,_T,_T,_Z,_Z,_Z,2013,A,PPP,
2768.768187,P1Y,0,,A,PU,_Z,2,,,False,WB_WDI,WB_WDI_NY_GDP_PCAP_PP_CD,SEN,_T,_T,_T,_Z,_Z,_Z,2013,A,PPP,
15246.932199,P1Y,0,,A,PU,_Z,2,,,False,WB_WDI,WB_WDI_NY_GDP_PCAP_PP_CD,SRB,_T,_T,_T,_Z,_Z,_Z,2013,A,PPP,
22487.249775,P1Y,0,,A,PU,_Z,2,,,False,WB_WDI,WB_WDI_NY_GDP_PCAP_PP_CD,SYC,_T,_T,_T,_Z,_Z,_Z,2013,A,PPP,
2700.738078,P1Y,0,,A,PU,_Z,2,,,False,WB_WDI,WB_WDI_NY_GDP_PCAP_PP_CD,SLE,_T,_T,_T,_Z,_Z,_Z,2013,A,PPP,
83088.318541,P1Y,0,,A,PU,_Z,2,,,False,WB_WDI,WB_WDI_NY_GDP_PCAP_PP_CD,SGP,_T,_T,_T,_Z,_Z,_Z,2013,A,PPP,
1896.324899,P1Y,0,,A,PU,_Z,2,,,False,WB_WDI,WB_WDI_NY_GDP_PCAP_PP_CD,KIR,_T,_T,_T,_Z,_Z,_Z,2012,A,PPP,
35061.553193,P1Y,0,,A,PU,_Z,2,,,False,WB_WDI,WB_WDI_NY_GDP_PCAP_PP_CD,KOR,_T,_T,_T,_Z,_Z,_Z,2012,A,PPP,
7897.566928,P1Y,0,,A,PU,_Z,2,,,False,WB_WDI,WB_WDI_NY_GDP_PCAP_PP_CD,XKX,_T,_T,_T,_Z,_Z,_Z,2012,A,PPP,
82089.726133,P1Y,0,,A,PU,_Z,2,,,False,WB_WDI,WB_WDI_NY_GDP_PCAP_PP_CD,KWT,_T,_T,_T,_Z,_Z,_Z,2012,A,PPP,
3588.679888,P1Y,0,,A,PU,_Z,2,,,False,WB_WDI,WB_WDI_NY_GDP_PCAP_PP_CD,KGZ,_T,_T,_T,_Z,_Z,_Z,2012,A,PPP,
4780.94733,P1Y,0,,A,PU,_Z,2,,,False,WB_WDI,WB_WDI_NY_GDP_PCAP_PP_CD,LAO,_T,_T,_T,_Z,_Z,_Z,2012,A,PPP,
19416.516738,P1Y,0,,A,PU,_Z,2,,,False,WB_WDI,WB_WDI_NY_GDP_PCAP_PP_CD,LVA,_T,_T,_T,_Z,_Z,_Z,2012,A,PPP,
16121.335239,P1Y,0,,A,PU,_Z,2,,,False,WB_WDI,WB_WDI_NY_GDP_PCAP_PP_CD,LBN,_T,_T,_T,_Z,_Z,_Z,2012,A,PPP,
2291.495653,P1Y,0,,A,PU,_Z,2,,,False,WB_WDI,WB_WDI_NY_GDP_PCAP_PP_CD,LSO,_T,_T,_T,_Z,_Z,_Z,2012,A,PPP,
1156.953194,P1Y,0,,A,PU,_Z,2,,,False,WB_WDI,WB_WDI_NY_GDP_PCAP_PP_CD,LBR,_T,_T,_T,_Z,_Z,_Z,2012,A,PPP,
26826.072976,P1Y,0,,A,PU,_Z,2,,,False,WB_WDI,WB_WDI_NY_GDP_PCAP_PP_CD,LBY,_T,_T,_T,_Z,_Z,_Z,2012,A,PPP,
1459.98753,P1Y,0,,A,PU,_Z,2,,,False,WB_WDI,WB_WDI_NY_GDP_PCAP_PP_CD,IDX,_T,_T,_T,_Z,_Z,_Z,2002,A,PPP,
2006.473457,P1Y,0,,A,PU,_Z,2,,,False,WB_WDI,WB_WDI_NY_GDP_PCAP_PP_CD,IDA,_T,_T,_T,_Z,_Z,_Z,2002,A,PPP,
5541.565238,P1Y,0,,A,PU,_Z,2,,,False,WB_WDI,WB_WDI_NY_GDP_PCAP_PP_CD,LTE,_T,_T,_T,_Z,_Z,_Z,2002,A,PPP,
8999.796417,P1Y,0,,A,PU,_Z,2,,,False,WB_WDI,WB_WDI_NY_GDP_PCAP_PP_CD,LCN,_T,_T,_T,_Z,_Z,_Z,2002,A,PPP,
8795.83744,P1Y,0,,A,PU,_Z,2,,,False,WB_WDI,WB_WDI_NY_GDP_PCAP_PP_CD,LAC,_T,_T,_T,_Z,_Z,_Z,2002,A,PPP,
8907.492906,P1Y,0,,A,PU,_Z,2,,,False,WB_WDI,WB_WDI_NY_GDP_PCAP_PP_CD,TLA,_T,_T,_T,_Z,_Z,_Z,2002,A,PPP,
1396.291913,P1Y,0,,A,PU,_Z,2,,,False,WB_WDI,WB_WDI_NY_GDP_PCAP_PP_CD,LDC,_T,_T,_T,_Z,_Z,_Z,2002,A,PPP,
4066.921682,P1Y,0,,A,PU,_Z,2,,,False,WB_WDI,WB_WDI_NY_GDP_PCAP_PP_CD,LMY,_T,_T,_T,_Z,_Z,_Z,2002,A,PPP,
1187.526652,P1Y,0,,A,PU,_Z,2,,,False,WB_WDI,WB_WDI_NY_GDP_PCAP_PP_CD,LIC,_T,_T,_T,_Z,_Z,_Z,2002,A,PPP,
2623.297281,P1Y,0,,A,PU,_Z,2,,,False,WB_WDI,WB_WDI_NY_GDP_PCAP_PP_CD,LMC,_T,_T,_T,_Z,_Z,_Z,2002,A,PPP,
8547.351864,P1Y,0,,A,PU,_Z,2,,,False,WB_WDI,WB_WDI_NY_GDP_PCAP_PP_CD,MEA,_T,_T,_T,_Z,_Z,_Z,2002,A,PPP,
5746.998475,P1Y,0,,A,PU,_Z,2,,,False,WB_WDI,WB_WDI_NY_GDP_PCAP_PP_CD,MNA,_T,_T,_T,_Z,_Z,_Z,2002,A,PPP,
5770.483595,P1Y,0,,A,PU,_Z,2,,,False,WB_WDI,WB_WDI_NY_GDP_PCAP_PP_CD,TMN,_T,_T,_T,_Z,_Z,_Z,2002,A,PPP,
4282.201968,P1Y,0,,A,PU,_Z,2,,,False,WB_WDI,WB_WDI_NY_GDP_PCAP_PP_CD,MIC,_T,_T,_T,_Z,_Z,_Z,2002,A,PPP,
30276.70885,P1Y,0,,A,PU,_Z,2,,,False,WB_WDI,WB_WDI_NY_GDP_PCAP_PP_CD,PAN,_T,_T,_T,_Z,_Z,_Z,2016,A,PPP,
3812.710351,P1Y,0,,A,PU,_Z,2,,,False,WB_WDI,WB_WDI_NY_GDP_PCAP_PP_CD,PNG,_T,_T,_T,_Z,_Z,_Z,2016,A,PPP,
13329.137337,P1Y,0,,A,PU,_Z,2,,,False,WB_WDI,WB_WDI_NY_GDP_PCAP_PP_CD,PRY,_T,_T,_T,_Z,_Z,_Z,2016,A,PPP,
12066.546068,P1Y,0,,A,PU,_Z,2,,,False,WB_WDI,WB_WDI_NY_GDP_PCAP_PP_CD,PER,_T,_T,_T,_Z,_Z,_Z,2016,A,PPP,
7382.667584,P1Y,0,,A,PU,_Z,2,,,False,WB_WDI,WB_WDI_NY_GDP_PCAP_PP_CD,PHL,_T,_T,_T,_Z,_Z,_Z,2016,A,PPP,
28359.692735,P1Y,0,,A,PU,_Z,2,,,False,WB_WDI,WB_WDI_NY_GDP_PCAP_PP_CD,POL,_T,_T,_T,_Z,_Z,_Z,2016,A,PPP,
31589.269561,P1Y,0,,A,PU,_Z,2,,,False,WB_WDI,WB_WDI_NY_GDP_PCAP_PP_CD,PRT,_T,_T,_T,_Z,_Z,_Z,2016,A,PPP,
32245.848428,P1Y,0,,A,PU,_Z,2,,,False,WB_WDI,WB_WDI_NY_GDP_PCAP_PP_CD,PRI,_T,_T,_T,_Z,_Z,_Z,2016,A,PPP,
89934.668882,P1Y,0,,A,PU,_Z,2,,,False,WB_WDI,WB_WDI_NY_GDP_PCAP_PP_CD,QAT,_T,_T,_T,_Z,_Z,_Z,2016,A,PPP,
23905.174367,P1Y,0,,A,PU,_Z,2,,,False,WB_WDI,WB_WDI_NY_GDP_PCAP_PP_CD,ROU,_T,_T,_T,_Z,_Z,_Z,2016,A,PPP,
24012.402344,P1Y,0,,A,PU,_Z,2,,,False,WB_WDI,WB_WDI_NY_GDP_PCAP_PP_CD,RUS,_T,_T,_T,_Z,_Z,_Z,2016,A,PPP,
3132.535959,P1Y,0,,A,PU,_Z,2,,,False,WB_WDI,WB_WDI_NY_GDP_PCAP_PP_CD,AFE,_T,_T,_T,_Z,_Z,_Z,2008,A,PPP,
3963.394037,P1Y,0,,A,PU,_Z,2,,,False,WB_WDI,WB_WDI_NY_GDP_PCAP_PP_CD,AFW,_T,_T,_T,_Z,_Z,_Z,2008,A,PPP,
14288.847744,P1Y,0,,A,PU,_Z,2,,,False,WB_WDI,WB_WDI_NY_GDP_PCAP_PP_CD,ARB,_T,_T,_T,_Z,_Z,_Z,2008,A,PPP,
19882.21537,P1Y,0,,A,PU,_Z,2,,,False,WB_WDI,WB_WDI_NY_GDP_PCAP_PP_CD,CSS,_T,_T,_T,_Z,_Z,_Z,2008,A,PPP,
19607.909229,P1Y,0,,A,PU,_Z,2,,,False,WB_WDI,WB_WDI_NY_GDP_PCAP_PP_CD,CEB,_T,_T,_T,_Z,_Z,_Z,2008,A,PPP,
6469.072997,P1Y,0,,A,PU,_Z,2,,,False,WB_WDI,WB_WDI_NY_GDP_PCAP_PP_CD,EAR,_T,_T,_T,_Z,_Z,_Z,2008,A,PPP,
10562.795196,P1Y,0,,A,PU,_Z,2,,,False,WB_WDI,WB_WDI_NY_GDP_PCAP_PP_CD,EAS,_T,_T,_T,_Z,_Z,_Z,2008,A,PPP,
7476.64285,P1Y,0,,A,PU,_Z,2,,,False,WB_WDI,WB_WDI_NY_GDP_PCAP_PP_CD,EAP,_T,_T,_T,_Z,_Z,_Z,2008,A,PPP,
7563.652391,P1Y,0,,A,PU,_Z,2,,,False,WB_WDI,WB_WDI_NY_GDP_PCAP_PP_CD,TEA,_T,_T,_T,_Z,_Z,_Z,2008,A,PPP,
35635.615178,P1Y,0,,A,PU,_Z,2,,,False,WB_WDI,WB_WDI_NY_GDP_PCAP_PP_CD,EMU,_T,_T,_T,_Z,_Z,_Z,2008,A,PPP,
25824.509003,P1Y,0,,A,PU,_Z,2,,,False,WB_WDI,WB_WDI_NY_GDP_PCAP_PP_CD,ECS,_T,_T,_T,_Z,_Z,_Z,2008,A,PPP,
11424.720048,P1Y,0,,A,PU,_Z,2,,,False,WB_WDI,WB_WDI_NY_GDP_PCAP_PP_CD,ECA,_T,_T,_T,_Z,_Z,_Z,2008,A,PPP,
15257.867517,P1Y,0,,A,PU,_Z,2,,,False,WB_WDI,WB_WDI_NY_GDP_PCAP_PP_CD,TEC,_T,_T,_T,_Z,_Z,_Z,2008,A,PPP,
32581.094088,P1Y,0,,A,PU,_Z,2,,,False,WB_WDI,WB_WDI_NY_GDP_PCAP_PP_CD,EUU,_T,_T,_T,_Z,_Z,_Z,2008,A,PPP,
1912.016841,P1Y,0,,A,PU,_Z,2,,,False,WB_WDI,WB_WDI_NY_GDP_PCAP_PP_CD,HPC,_T,_T,_T,_Z,_Z,_Z,2008,A,PPP,
36727.743601,P1Y,0,,A,PU,_Z,2,,,False,WB_WDI,WB_WDI_NY_GDP_PCAP_PP_CD,HIC,_T,_T,_T,_Z,_Z,_Z,2008,A,PPP,
8453.81071,P1Y,0,,A,PU,_Z,2,,,False,WB_WDI,WB_WDI_NY_GDP_PCAP_PP_CD,IBD,_T,_T,_T,_Z,_Z,_Z,2008,A,PPP,
7111.389494,P1Y,0,,A,PU,_Z,2,,,False,WB_WDI,WB_WDI_NY_GDP_PCAP_PP_CD,IBT,_T,_T,_T,_Z,_Z,_Z,2008,A,PPP,
4211.123268,P1Y,0,,A,PU,_Z,2,,,False,WB_WDI,WB_WDI_NY_GDP_PCAP_PP_CD,IDB,_T,_T,_T,_Z,_Z,_Z,2008,A,PPP,
2142.47918,P1Y,0,,A,PU,_Z,2,,,False,WB_WDI,WB_WDI_NY_GDP_PCAP_PP_CD,IDX,_T,_T,_T,_Z,_Z,_Z,2008,A,PPP,
2870.270249,P1Y,0,,A,PU,_Z,2,,,False,WB_WDI,WB_WDI_NY_GDP_PCAP_PP_CD,IDA,_T,_T,_T,_Z,_Z,_Z,2008,A,PPP,
10389.309848,P1Y,0,,A,PU,_Z,2,,,False,WB_WDI,WB_WDI_NY_GDP_PCAP_PP_CD,LTE,_T,_T,_T,_Z,_Z,_Z,2008,A,PPP,
12934.754721,P1Y,0,,A,PU,_Z,2,,,False,WB_WDI,WB_WDI_NY_GDP_PCAP_PP_CD,LCN,_T,_T,_T,_Z,_Z,_Z,2008,A,PPP,
12477.605553,P1Y,0,,A,PU,_Z,2,,,False,WB_WDI,WB_WDI_NY_GDP_PCAP_PP_CD,LAC,_T,_T,_T,_Z,_Z,_Z,2008,A,PPP,
12847.690806,P1Y,0,,A,PU,_Z,2,,,False,WB_WDI,WB_WDI_NY_GDP_PCAP_PP_CD,TLA,_T,_T,_T,_Z,_Z,_Z,2008,A,PPP,
2090.537546,P1Y,0,,A,PU,_Z,2,,,False,WB_WDI,WB_WDI_NY_GDP_PCAP_PP_CD,LDC,_T,_T,_T,_Z,_Z,_Z,2008,A,PPP,
6601.640406,P1Y,0,,A,PU,_Z,2,,,False,WB_WDI,WB_WDI_NY_GDP_PCAP_PP_CD,LMY,_T,_T,_T,_Z,_Z,_Z,2008,A,PPP,
11399.519016,P1Y,0,,A,PU,_Z,2,,,False,WB_WDI,WB_WDI_NY_GDP_PCAP_PP_CD,TLA,_T,_T,_T,_Z,_Z,_Z,2006,A,PPP,
1828.078557,P1Y,0,,A,PU,_Z,2,,,False,WB_WDI,WB_WDI_NY_GDP_PCAP_PP_CD,LDC,_T,_T,_T,_Z,_Z,_Z,2006,A,PPP,
5643.336146,P1Y,0,,A,PU,_Z,2,,,False,WB_WDI,WB_WDI_NY_GDP_PCAP_PP_CD,LMY,_T,_T,_T,_Z,_Z,_Z,2006,A,PPP,
1475.41913,P1Y,0,,A,PU,_Z,2,,,False,WB_WDI,WB_WDI_NY_GDP_PCAP_PP_CD,LIC,_T,_T,_T,_Z,_Z,_Z,2006,A,PPP,
3541.145511,P1Y,0,,A,PU,_Z,2,,,False,WB_WDI,WB_WDI_NY_GDP_PCAP_PP_CD,LMC,_T,_T,_T,_Z,_Z,_Z,2006,A,PPP,
10815.113958,P1Y,0,,A,PU,_Z,2,,,False,WB_WDI,WB_WDI_NY_GDP_PCAP_PP_CD,MEA,_T,_T,_T,_Z,_Z,_Z,2006,A,PPP,
7143.392464,P1Y,0,,A,PU,_Z,2,,,False,WB_WDI,WB_WDI_NY_GDP_PCAP_PP_CD,MNA,_T,_T,_T,_Z,_Z,_Z,2006,A,PPP,
7168.727907,P1Y,0,,A,PU,_Z,2,,,False,WB_WDI,WB_WDI_NY_GDP_PCAP_PP_CD,TMN,_T,_T,_T,_Z,_Z,_Z,2006,A,PPP,
5974.420436,P1Y,0,,A,PU,_Z,2,,,False,WB_WDI,WB_WDI_NY_GDP_PCAP_PP_CD,MIC,_T,_T,_T,_Z,_Z,_Z,2006,A,PPP,
45502.334892,P1Y,0,,A,PU,_Z,2,,,False,WB_WDI,WB_WDI_NY_GDP_PCAP_PP_CD,NAC,_T,_T,_T,_Z,_Z,_Z,2006,A,PPP,
31843.886322,P1Y,0,,A,PU,_Z,2,,,False,WB_WDI,WB_WDI_NY_GDP_PCAP_PP_CD,OED,_T,_T,_T,_Z,_Z,_Z,2006,A,PPP,
14060.413981,P1Y,0,,A,PU,_Z,2,,,False,WB_WDI,WB_WDI_NY_GDP_PCAP_PP_CD,OSS,_T,_T,_T,_Z,_Z,_Z,2006,A,PPP,
4512.587815,P1Y,0,,A,PU,_Z,2,,,False,WB_WDI,WB_WDI_NY_GDP_PCAP_PP_CD,PSS,_T,_T,_T,_Z,_Z,_Z,2006,A,PPP,
35157.242239,P1Y,0,,A,PU,_Z,2,,,False,WB_WDI,WB_WDI_NY_GDP_PCAP_PP_CD,PST,_T,_T,_T,_Z,_Z,_Z,2006,A,PPP,
4906.482543,P1Y,0,,A,PU,_Z,2,,,False,WB_WDI,WB_WDI_NY_GDP_PCAP_PP_CD,WSM,_T,_T,_T,_Z,_Z,_Z,2009,A,PPP,
61969.828537,P1Y,0,,A,PU,_Z,2,,,False,WB_WDI,WB_WDI_NY_GDP_PCAP_PP_CD,SMR,_T,_T,_T,_Z,_Z,_Z,2009,A,PPP,
2845.735894,P1Y,0,,A,PU,_Z,2,,,False,WB_WDI,WB_WDI_NY_GDP_PCAP_PP_CD,STP,_T,_T,_T,_Z,_Z,_Z,2009,A,PPP,
54787.355211,P1Y,0,,A,PU,_Z,2,,,False,WB_WDI,WB_WDI_NY_GDP_PCAP_PP_CD,SAU,_T,_T,_T,_Z,_Z,_Z,2009,A,PPP,
2605.722803,P1Y,0,,A,PU,_Z,2,,,False,WB_WDI,WB_WDI_NY_GDP_PCAP_PP_CD,SEN,_T,_T,_T,_Z,_Z,_Z,2009,A,PPP,
13037.976294,P1Y,0,,A,PU,_Z,2,,,False,WB_WDI,WB_WDI_NY_GDP_PCAP_PP_CD,SRB,_T,_T,_T,_Z,_Z,_Z,2009,A,PPP,
18453.441073,P1Y,0,,A,PU,_Z,2,,,False,WB_WDI,WB_WDI_NY_GDP_PCAP_PP_CD,SYC,_T,_T,_T,_Z,_Z,_Z,2009,A,PPP,
1814.070869,P1Y,0,,A,PU,_Z,2,,,False,WB_WDI,WB_WDI_NY_GDP_PCAP_PP_CD,SLE,_T,_T,_T,_Z,_Z,_Z,2009,A,PPP,
66212.962556,P1Y,0,,A,PU,_Z,2,,,False,WB_WDI,WB_WDI_NY_GDP_PCAP_PP_CD,SGP,_T,_T,_T,_Z,_Z,_Z,2009,A,PPP,
36454.088242,P1Y,0,,A,PU,_Z,2,,,False,WB_WDI,WB_WDI_NY_GDP_PCAP_PP_CD,SXM,_T,_T,_T,_Z,_Z,_Z,2009,A,PPP,
23077.371208,P1Y,0,,A,PU,_Z,2,,,False,WB_WDI,WB_WDI_NY_GDP_PCAP_PP_CD,SVK,_T,_T,_T,_Z,_Z,_Z,2009,A,PPP,
27228.638703,P1Y,0,,A,PU,_Z,2,,,False,WB_WDI,WB_WDI_NY_GDP_PCAP_PP_CD,SVN,_T,_T,_T,_Z,_Z,_Z,2009,A,PPP,
2021.463151,P1Y,0,,A,PU,_Z,2,,,False,WB_WDI,WB_WDI_NY_GDP_PCAP_PP_CD,SLB,_T,_T,_T,_Z,_Z,_Z,2009,A,PPP,
14273.549906,P1Y,0,,A,PU,_Z,2,,,False,WB_WDI,WB_WDI_NY_GDP_PCAP_PP_CD,IRN,_T,_T,_T,_Z,_Z,_Z,2015,A,PPP,
9334.466049,P1Y,0,,A,PU,_Z,2,,,False,WB_WDI,WB_WDI_NY_GDP_PCAP_PP_CD,IRQ,_T,_T,_T,_Z,_Z,_Z,2015,A,PPP,
71588.265664,P1Y,0,,A,PU,_Z,2,,,False,WB_WDI,WB_WDI_NY_GDP_PCAP_PP_CD,IRL,_T,_T,_T,_Z,_Z,_Z,2015,A,PPP,
35870.792716,P1Y,0,,A,PU,_Z,2,,,False,WB_WDI,WB_WDI_NY_GDP_PCAP_PP_CD,ISR,_T,_T,_T,_Z,_Z,_Z,2015,A,PPP,
37384.379646,P1Y,0,,A,PU,_Z,2,,,False,WB_WDI,WB_WDI_NY_GDP_PCAP_PP_CD,ITA,_T,_T,_T,_Z,_Z,_Z,2015,A,PPP,
9476.149295,P1Y,0,,A,PU,_Z,2,,,False,WB_WDI,WB_WDI_NY_GDP_PCAP_PP_CD,JAM,_T,_T,_T,_Z,_Z,_Z,2015,A,PPP,
40898.806974,P1Y,0,,A,PU,_Z,2,,,False,WB_WDI,WB_WDI_NY_GDP_PCAP_PP_CD,JPN,_T,_T,_T,_Z,_Z,_Z,2015,A,PPP,
8967.079958,P1Y,0,,A,PU,_Z,2,,,False,WB_WDI,WB_WDI_NY_GDP_PCAP_PP_CD,JOR,_T,_T,_T,_Z,_Z,_Z,2015,A,PPP,
22484.365138,P1Y,0,,A,PU,_Z,2,,,False,WB_WDI,WB_WDI_NY_GDP_PCAP_PP_CD,KAZ,_T,_T,_T,_Z,_Z,_Z,2015,A,PPP,
3678.326141,P1Y,0,,A,PU,_Z,2,,,False,WB_WDI,WB_WDI_NY_GDP_PCAP_PP_CD,KEN,_T,_T,_T,_Z,_Z,_Z,2015,A,PPP,
4046.598488,P1Y,0,,A,PU,_Z,2,,,False,WB_WDI,WB_WDI_NY_GDP_PCAP_PP_CD,PAK,_T,_T,_T,_Z,_Z,_Z,2012,A,PPP,
15461.371968,P1Y,0,,A,PU,_Z,2,,,False,WB_WDI,WB_WDI_NY_GDP_PCAP_PP_CD,PLW,_T,_T,_T,_Z,_Z,_Z,2012,A,PPP,
19473.251492,P1Y,0,,A,PU,_Z,2,,,False,WB_WDI,WB_WDI_NY_GDP_PCAP_PP_CD,PAN,_T,_T,_T,_Z,_Z,_Z,2012,A,PPP,
3025.855996,P1Y,0,,A,PU,_Z,2,,,False,WB_WDI,WB_WDI_NY_GDP_PCAP_PP_CD,PNG,_T,_T,_T,_Z,_Z,_Z,2012,A,PPP,
10954.325157,P1Y,0,,A,PU,_Z,2,,,False,WB_WDI,WB_WDI_NY_GDP_PCAP_PP_CD,PRY,_T,_T,_T,_Z,_Z,_Z,2012,A,PPP,
10757.152223,P1Y,0,,A,PU,_Z,2,,,False,WB_WDI,WB_WDI_NY_GDP_PCAP_PP_CD,PER,_T,_T,_T,_Z,_Z,_Z,2012,A,PPP,
6094.268373,P1Y,0,,A,PU,_Z,2,,,False,WB_WDI,WB_WDI_NY_GDP_PCAP_PP_CD,PHL,_T,_T,_T,_Z,_Z,_Z,2012,A,PPP,
23728.145682,P1Y,0,,A,PU,_Z,2,,,False,WB_WDI,WB_WDI_NY_GDP_PCAP_PP_CD,POL,_T,_T,_T,_Z,_Z,_Z,2012,A,PPP,
26476.218278,P1Y,0,,A,PU,_Z,2,,,False,WB_WDI,WB_WDI_NY_GDP_PCAP_PP_CD,PRT,_T,_T,_T,_Z,_Z,_Z,2012,A,PPP,
32077.617854,P1Y,0,,A,PU,_Z,2,,,False,WB_WDI,WB_WDI_NY_GDP_PCAP_PP_CD,PRI,_T,_T,_T,_Z,_Z,_Z,2012,A,PPP,
180939.43945,P1Y,0,,A,PU,_Z,2,,,False,WB_WDI,WB_WDI_NY_GDP_PCAP_PP_CD,QAT,_T,_T,_T,_Z,_Z,_Z,2012,A,PPP,
1765.538028,P1Y,0,,A,PU,_Z,2,,,False,WB_WDI,WB_WDI_NY_GDP_PCAP_PP_CD,AFG,_T,_T,_T,_Z,_Z,_Z,2010,A,PPP,
9754.842787,P1Y,0,,A,PU,_Z,2,,,False,WB_WDI,WB_WDI_NY_GDP_PCAP_PP_CD,ALB,_T,_T,_T,_Z,_Z,_Z,2010,A,PPP,
14201.365991,P1Y,0,,A,PU,_Z,2,,,False,WB_WDI,WB_WDI_NY_GDP_PCAP_PP_CD,DZA,_T,_T,_T,_Z,_Z,_Z,2010,A,PPP,
43853.171239,P1Y,0,,A,PU,_Z,2,,,False,WB_WDI,WB_WDI_NY_GDP_PCAP_PP_CD,AND,_T,_T,_T,_Z,_Z,_Z,2010,A,PPP,
7411.654609,P1Y,0,,A,PU,_Z,2,,,False,WB_WDI,WB_WDI_NY_GDP_PCAP_PP_CD,AGO,_T,_T,_T,_Z,_Z,_Z,2010,A,PPP,
24071.029796,P1Y,0,,A,PU,_Z,2,,,False,WB_WDI,WB_WDI_NY_GDP_PCAP_PP_CD,ATG,_T,_T,_T,_Z,_Z,_Z,2010,A,PPP,
17847.611037,P1Y,0,,A,PU,_Z,2,,,False,WB_WDI,WB_WDI_NY_GDP_PCAP_PP_CD,ARG,_T,_T,_T,_Z,_Z,_Z,2010,A,PPP,
7095.21268,P1Y,0,,A,PU,_Z,2,,,False,WB_WDI,WB_WDI_NY_GDP_PCAP_PP_CD,ARM,_T,_T,_T,_Z,_Z,_Z,2010,A,PPP,
33729.511911,P1Y,0,,A,PU,_Z,2,,,False,WB_WDI,WB_WDI_NY_GDP_PCAP_PP_CD,ABW,_T,_T,_T,_Z,_Z,_Z,2010,A,PPP,
39504.361083,P1Y,0,,A,PU,_Z,2,,,False,WB_WDI,WB_WDI_NY_GDP_PCAP_PP_CD,AUS,_T,_T,_T,_Z,_Z,_Z,2010,A,PPP,
41735.45748,P1Y,0,,A,PU,_Z,2,,,False,WB_WDI,WB_WDI_NY_GDP_PCAP_PP_CD,AUT,_T,_T,_T,_Z,_Z,_Z,2010,A,PPP,
6376.741063,P1Y,0,,A,PU,_Z,2,,,False,WB_WDI,WB_WDI_NY_GDP_PCAP_PP_CD,GTM,_T,_T,_T,_Z,_Z,_Z,2009,A,PPP,
1566.700892,P1Y,0,,A,PU,_Z,2,,,False,WB_WDI,WB_WDI_NY_GDP_PCAP_PP_CD,GIN,_T,_T,_T,_Z,_Z,_Z,2009,A,PPP,
1314.970787,P1Y,0,,A,PU,_Z,2,,,False,WB_WDI,WB_WDI_NY_GDP_PCAP_PP_CD,GNB,_T,_T,_T,_Z,_Z,_Z,2009,A,PPP,
8824.489602,P1Y,0,,A,PU,_Z,2,,,False,WB_WDI,WB_WDI_NY_GDP_PCAP_PP_CD,GUY,_T,_T,_T,_Z,_Z,_Z,2009,A,PPP,
2855.159714,P1Y,0,,A,PU,_Z,2,,,False,WB_WDI,WB_WDI_NY_GDP_PCAP_PP_CD,HTI,_T,_T,_T,_Z,_Z,_Z,2009,A,PPP,
3655.797014,P1Y,0,,A,PU,_Z,2,,,False,WB_WDI,WB_WDI_NY_GDP_PCAP_PP_CD,HND,_T,_T,_T,_Z,_Z,_Z,2009,A,PPP,
45861.477521,P1Y,0,,A,PU,_Z,2,,,False,WB_WDI,WB_WDI_NY_GDP_PCAP_PP_CD,HKG,_T,_T,_T,_Z,_Z,_Z,2009,A,PPP,
20691.448522,P1Y,0,,A,PU,_Z,2,,,False,WB_WDI,WB_WDI_NY_GDP_PCAP_PP_CD,HUN,_T,_T,_T,_Z,_Z,_Z,2009,A,PPP,
41884.773196,P1Y,0,,A,PU,_Z,2,,,False,WB_WDI,WB_WDI_NY_GDP_PCAP_PP_CD,ISL,_T,_T,_T,_Z,_Z,_Z,2009,A,PPP,
3886.581977,P1Y,0,,A,PU,_Z,2,,,False,WB_WDI,WB_WDI_NY_GDP_PCAP_PP_CD,IND,_T,_T,_T,_Z,_Z,_Z,2009,A,PPP,
7868.148183,P1Y,0,,A,PU,_Z,2,,,False,WB_WDI,WB_WDI_NY_GDP_PCAP_PP_CD,IDN,_T,_T,_T,_Z,_Z,_Z,2009,A,PPP,
5433.269027,P1Y,0,,A,PU,_Z,2,,,False,WB_WDI,WB_WDI_NY_GDP_PCAP_PP_CD,NAM,_T,_T,_T,_Z,_Z,_Z,2002,A,PPP,
5132.474854,P1Y,0,,A,PU,_Z,2,,,False,WB_WDI,WB_WDI_NY_GDP_PCAP_PP_CD,NRU,_T,_T,_T,_Z,_Z,_Z,2002,A,PPP,
1390.43707,P1Y,0,,A,PU,_Z,2,,,False,WB_WDI,WB_WDI_NY_GDP_PCAP_PP_CD,NPL,_T,_T,_T,_Z,_Z,_Z,2002,A,PPP,
34568.459327,P1Y,0,,A,PU,_Z,2,,,False,WB_WDI,WB_WDI_NY_GDP_PCAP_PP_CD,NLD,_T,_T,_T,_Z,_Z,_Z,2002,A,PPP,
23306.279538,P1Y,0,,A,PU,_Z,2,,,False,WB_WDI,WB_WDI_NY_GDP_PCAP_PP_CD,NZL,_T,_T,_T,_Z,_Z,_Z,2002,A,PPP,
2948.229798,P1Y,0,,A,PU,_Z,2,,,False,WB_WDI,WB_WDI_NY_GDP_PCAP_PP_CD,NIC,_T,_T,_T,_Z,_Z,_Z,2002,A,PPP,
832.469364,P1Y,0,,A,PU,_Z,2,,,False,WB_WDI,WB_WDI_NY_GDP_PCAP_PP_CD,NER,_T,_T,_T,_Z,_Z,_Z,2002,A,PPP,
3770.179349,P1Y,0,,A,PU,_Z,2,,,False,WB_WDI,WB_WDI_NY_GDP_PCAP_PP_CD,NGA,_T,_T,_T,_Z,_Z,_Z,2002,A,PPP,
6395.172502,P1Y,0,,A,PU,_Z,2,,,False,WB_WDI,WB_WDI_NY_GDP_PCAP_PP_CD,MKD,_T,_T,_T,_Z,_Z,_Z,2002,A,PPP,
38056.240428,P1Y,0,,A,PU,_Z,2,,,False,WB_WDI,WB_WDI_NY_GDP_PCAP_PP_CD,NOR,_T,_T,_T,_Z,_Z,_Z,2002,A,PPP,
41511.028526,P1Y,0,,A,PU,_Z,2,,,False,WB_WDI,WB_WDI_NY_GDP_PCAP_PP_CD,OMN,_T,_T,_T,_Z,_Z,_Z,2002,A,PPP,
2687.829936,P1Y,0,,A,PU,_Z,2,,,False,WB_WDI,WB_WDI_NY_GDP_PCAP_PP_CD,PAK,_T,_T,_T,_Z,_Z,_Z,2002,A,PPP,
593.560735,P1Y,0,,A,PU,_Z,2,,,False,WB_WDI,WB_WDI_NY_GDP_PCAP_PP_CD,BDI,_T,_T,_T,_Z,_Z,_Z,2007,A,PPP,
5566.769491,P1Y,0,,A,PU,_Z,2,,,False,WB_WDI,WB_WDI_NY_GDP_PCAP_PP_CD,CPV,_T,_T,_T,_Z,_Z,_Z,2007,A,PPP,
2566.147597,P1Y,0,,A,PU,_Z,2,,,False,WB_WDI,WB_WDI_NY_GDP_PCAP_PP_CD,KHM,_T,_T,_T,_Z,_Z,_Z,2007,A,PPP,
2817.722281,P1Y,0,,A,PU,_Z,2,,,False,WB_WDI,WB_WDI_NY_GDP_PCAP_PP_CD,CMR,_T,_T,_T,_Z,_Z,_Z,2007,A,PPP,
39572.930443,P1Y,0,,A,PU,_Z,2,,,False,WB_WDI,WB_WDI_NY_GDP_PCAP_PP_CD,CAN,_T,_T,_T,_Z,_Z,_Z,2007,A,PPP,
77337.189365,P1Y,0,,A,PU,_Z,2,,,False,WB_WDI,WB_WDI_NY_GDP_PCAP_PP_CD,CYM,_T,_T,_T,_Z,_Z,_Z,2007,A,PPP,
783.355445,P1Y,0,,A,PU,_Z,2,,,False,WB_WDI,WB_WDI_NY_GDP_PCAP_PP_CD,CAF,_T,_T,_T,_Z,_Z,_Z,2007,A,PPP,
2149.259861,P1Y,0,,A,PU,_Z,2,,,False,WB_WDI,WB_WDI_NY_GDP_PCAP_PP_CD,TCD,_T,_T,_T,_Z,_Z,_Z,2007,A,PPP,
16697.516022,P1Y,0,,A,PU,_Z,2,,,False,WB_WDI,WB_WDI_NY_GDP_PCAP_PP_CD,CHL,_T,_T,_T,_Z,_Z,_Z,2007,A,PPP,
6935.265806,P1Y,0,,A,PU,_Z,2,,,False,WB_WDI,WB_WDI_NY_GDP_PCAP_PP_CD,CHN,_T,_T,_T,_Z,_Z,_Z,2007,A,PPP,
9909.290314,P1Y,0,,A,PU,_Z,2,,,False,WB_WDI,WB_WDI_NY_GDP_PCAP_PP_CD,COL,_T,_T,_T,_Z,_Z,_Z,2007,A,PPP,
5490.158819,P1Y,0,,A,PU,_Z,2,,,False,WB_WDI,WB_WDI_NY_GDP_PCAP_PP_CD,BGD,_T,_T,_T,_Z,_Z,_Z,2018,A,PPP,
19777.059323,P1Y,0,,A,PU,_Z,2,,,False,WB_WDI,WB_WDI_NY_GDP_PCAP_PP_CD,BRB,_T,_T,_T,_Z,_Z,_Z,2018,A,PPP,
20025.981554,P1Y,0,,A,PU,_Z,2,,,False,WB_WDI,WB_WDI_NY_GDP_PCAP_PP_CD,BLR,_T,_T,_T,_Z,_Z,_Z,2018,A,PPP,
52466.733078,P1Y,0,,A,PU,_Z,2,,,False,WB_WDI,WB_WDI_NY_GDP_PCAP_PP_CD,BEL,_T,_T,_T,_Z,_Z,_Z,2018,A,PPP,
9497.234804,P1Y,0,,A,PU,_Z,2,,,False,WB_WDI,WB_WDI_NY_GDP_PCAP_PP_CD,BLZ,_T,_T,_T,_Z,_Z,_Z,2018,A,PPP,
2965.306281,P1Y,0,,A,PU,_Z,2,,,False,WB_WDI,WB_WDI_NY_GDP_PCAP_PP_CD,BEN,_T,_T,_T,_Z,_Z,_Z,2018,A,PPP,
85978.217723,P1Y,0,,A,PU,_Z,2,,,False,WB_WDI,WB_WDI_NY_GDP_PCAP_PP_CD,BMU,_T,_T,_T,_Z,_Z,_Z,2018,A,PPP,
11969.5615,P1Y,0,,A,PU,_Z,2,,,False,WB_WDI,WB_WDI_NY_GDP_PCAP_PP_CD,BTN,_T,_T,_T,_Z,_Z,_Z,2018,A,PPP,
10758.407559,P1Y,0,,A,PU,_Z,2,,,False,WB_WDI,WB_WDI_NY_GDP_PCAP_PP_CD,BOL,_T,_T,_T,_Z,_Z,_Z,2018,A,PPP,
14858.559047,P1Y,0,,A,PU,_Z,2,,,False,WB_WDI,WB_WDI_NY_GDP_PCAP_PP_CD,BIH,_T,_T,_T,_Z,_Z,_Z,2018,A,PPP,
15785.819634,P1Y,0,,A,PU,_Z,2,,,False,WB_WDI,WB_WDI_NY_GDP_PCAP_PP_CD,BWA,_T,_T,_T,_Z,_Z,_Z,2018,A,PPP,
2692.435093,P1Y,0,,A,PU,_Z,2,,,False,WB_WDI,WB_WDI_NY_GDP_PCAP_PP_CD,PNG,_T,_T,_T,_Z,_Z,_Z,2009,A,PPP,
9801.649331,P1Y,0,,A,PU,_Z,2,,,False,WB_WDI,WB_WDI_NY_GDP_PCAP_PP_CD,PRY,_T,_T,_T,_Z,_Z,_Z,2009,A,PPP,
8916.595775,P1Y,0,,A,PU,_Z,2,,,False,WB_WDI,WB_WDI_NY_GDP_PCAP_PP_CD,PER,_T,_T,_T,_Z,_Z,_Z,2009,A,PPP,
5157.278251,P1Y,0,,A,PU,_Z,2,,,False,WB_WDI,WB_WDI_NY_GDP_PCAP_PP_CD,PHL,_T,_T,_T,_Z,_Z,_Z,2009,A,PPP,
19300.16699,P1Y,0,,A,PU,_Z,2,,,False,WB_WDI,WB_WDI_NY_GDP_PCAP_PP_CD,POL,_T,_T,_T,_Z,_Z,_Z,2009,A,PPP,
26471.907961,P1Y,0,,A,PU,_Z,2,,,False,WB_WDI,WB_WDI_NY_GDP_PCAP_PP_CD,PRT,_T,_T,_T,_Z,_Z,_Z,2009,A,PPP,
30533.680899,P1Y,0,,A,PU,_Z,2,,,False,WB_WDI,WB_WDI_NY_GDP_PCAP_PP_CD,PRI,_T,_T,_T,_Z,_Z,_Z,2009,A,PPP,
125897.625047,P1Y,0,,A,PU,_Z,2,,,False,WB_WDI,WB_WDI_NY_GDP_PCAP_PP_CD,QAT,_T,_T,_T,_Z,_Z,_Z,2009,A,PPP,
16640.795185,P1Y,0,,A,PU,_Z,2,,,False,WB_WDI,WB_WDI_NY_GDP_PCAP_PP_CD,ROU,_T,_T,_T,_Z,_Z,_Z,2009,A,PPP,
19389.941406,P1Y,0,,A,PU,_Z,2,,,False,WB_WDI,WB_WDI_NY_GDP_PCAP_PP_CD,RUS,_T,_T,_T,_Z,_Z,_Z,2009,A,PPP,
1240.549726,P1Y,0,,A,PU,_Z,2,,,False,WB_WDI,WB_WDI_NY_GDP_PCAP_PP_CD,RWA,_T,_T,_T,_Z,_Z,_Z,2009,A,PPP,
9975.081244,P1Y,0,,A,PU,_Z,2,,,False,WB_WDI,WB_WDI_NY_GDP_PCAP_PP_CD,BLZ,_T,_T,_T,_Z,_Z,_Z,2008,A,PPP,
2215.351639,P1Y,0,,A,PU,_Z,2,,,False,WB_WDI,WB_WDI_NY_GDP_PCAP_PP_CD,BEN,_T,_T,_T,_Z,_Z,_Z,2008,A,PPP,
77556.435004,P1Y,0,,A,PU,_Z,2,,,False,WB_WDI,WB_WDI_NY_GDP_PCAP_PP_CD,BMU,_T,_T,_T,_Z,_Z,_Z,2008,A,PPP,
6035.217411,P1Y,0,,A,PU,_Z,2,,,False,WB_WDI,WB_WDI_NY_GDP_PCAP_PP_CD,BTN,_T,_T,_T,_Z,_Z,_Z,2008,A,PPP,
5889.943391,P1Y,0,,A,PU,_Z,2,,,False,WB_WDI,WB_WDI_NY_GDP_PCAP_PP_CD,BOL,_T,_T,_T,_Z,_Z,_Z,2008,A,PPP,
8586.760345,P1Y,0,,A,PU,_Z,2,,,False,WB_WDI,WB_WDI_NY_GDP_PCAP_PP_CD,BIH,_T,_T,_T,_Z,_Z,_Z,2008,A,PPP,
13810.355526,P1Y,0,,A,PU,_Z,2,,,False,WB_WDI,WB_WDI_NY_GDP_PCAP_PP_CD,BWA,_T,_T,_T,_Z,_Z,_Z,2008,A,PPP,
13445.24547,P1Y,0,,A,PU,_Z,2,,,False,WB_WDI,WB_WDI_NY_GDP_PCAP_PP_CD,BRA,_T,_T,_T,_Z,_Z,_Z,2008,A,PPP,
80476.724758,P1Y,0,,A,PU,_Z,2,,,False,WB_WDI,WB_WDI_NY_GDP_PCAP_PP_CD,BRN,_T,_T,_T,_Z,_Z,_Z,2008,A,PPP,
14346.848456,P1Y,0,,A,PU,_Z,2,,,False,WB_WDI,WB_WDI_NY_GDP_PCAP_PP_CD,BGR,_T,_T,_T,_Z,_Z,_Z,2008,A,PPP,
1351.360416,P1Y,0,,A,PU,_Z,2,,,False,WB_WDI,WB_WDI_NY_GDP_PCAP_PP_CD,BFA,_T,_T,_T,_Z,_Z,_Z,2008,A,PPP,
1035.538574,P1Y,0,,A,PU,_Z,2,,,False,WB_WDI,WB_WDI_NY_GDP_PCAP_PP_CD,BDI,_T,_T,_T,_Z,_Z,_Z,2021,A,PPP,
7685.419214,P1Y,0,,A,PU,_Z,2,,,False,WB_WDI,WB_WDI_NY_GDP_PCAP_PP_CD,CPV,_T,_T,_T,_Z,_Z,_Z,2021,A,PPP,
6225.532655,P1Y,0,,A,PU,_Z,2,,,False,WB_WDI,WB_WDI_NY_GDP_PCAP_PP_CD,KHM,_T,_T,_T,_Z,_Z,_Z,2021,A,PPP,
4793.556282,P1Y,0,,A,PU,_Z,2,,,False,WB_WDI,WB_WDI_NY_GDP_PCAP_PP_CD,CMR,_T,_T,_T,_Z,_Z,_Z,2021,A,PPP,
56995.117678,P1Y,0,,A,PU,_Z,2,,,False,WB_WDI,WB_WDI_NY_GDP_PCAP_PP_CD,CAN,_T,_T,_T,_Z,_Z,_Z,2021,A,PPP,
74160.4914,P1Y,0,,A,PU,_Z,2,,,False,WB_WDI,WB_WDI_NY_GDP_PCAP_PP_CD,CYM,_T,_T,_T,_Z,_Z,_Z,2021,A,PPP,
1128.55238,P1Y,0,,A,PU,_Z,2,,,False,WB_WDI,WB_WDI_NY_GDP_PCAP_PP_CD,CAF,_T,_T,_T,_Z,_Z,_Z,2021,A,PPP,
2435.072747,P1Y,0,,A,PU,_Z,2,,,False,WB_WDI,WB_WDI_NY_GDP_PCAP_PP_CD,TCD,_T,_T,_T,_Z,_Z,_Z,2021,A,PPP,
29089.85046,P1Y,0,,A,PU,_Z,2,,,False,WB_WDI,WB_WDI_NY_GDP_PCAP_PP_CD,CHL,_T,_T,_T,_Z,_Z,_Z,2021,A,PPP,
20843.297835,P1Y,0,,A,PU,_Z,2,,,False,WB_WDI,WB_WDI_NY_GDP_PCAP_PP_CD,CHN,_T,_T,_T,_Z,_Z,_Z,2021,A,PPP,
17383.090173,P1Y,0,,A,PU,_Z,2,,,False,WB_WDI,WB_WDI_NY_GDP_PCAP_PP_CD,COL,_T,_T,_T,_Z,_Z,_Z,2021,A,PPP,
3377.885185,P1Y,0,,A,PU,_Z,2,,,False,WB_WDI,WB_WDI_NY_GDP_PCAP_PP_CD,COM,_T,_T,_T,_Z,_Z,_Z,2021,A,PPP,
12066.004309,P1Y,0,,A,PU,_Z,2,,,False,WB_WDI,WB_WDI_NY_GDP_PCAP_PP_CD,ARM,_T,_T,_T,_Z,_Z,_Z,2017,A,PPP,
37524.91492,P1Y,0,,A,PU,_Z,2,,,False,WB_WDI,WB_WDI_NY_GDP_PCAP_PP_CD,ABW,_T,_T,_T,_Z,_Z,_Z,2017,A,PPP,
48564.828659,P1Y,0,,A,PU,_Z,2,,,False,WB_WDI,WB_WDI_NY_GDP_PCAP_PP_CD,AUS,_T,_T,_T,_Z,_Z,_Z,2017,A,PPP,
53869.832118,P1Y,0,,A,PU,_Z,2,,,False,WB_WDI,WB_WDI_NY_GDP_PCAP_PP_CD,AUT,_T,_T,_T,_Z,_Z,_Z,2017,A,PPP,
14315.929643,P1Y,0,,A,PU,_Z,2,,,False,WB_WDI,WB_WDI_NY_GDP_PCAP_PP_CD,AZE,_T,_T,_T,_Z,_Z,_Z,2017,A,PPP,
34282.171036,P1Y,0,,A,PU,_Z,2,,,False,WB_WDI,WB_WDI_NY_GDP_PCAP_PP_CD,BHS,_T,_T,_T,_Z,_Z,_Z,2017,A,PPP,
50184.500577,P1Y,0,,A,PU,_Z,2,,,False,WB_WDI,WB_WDI_NY_GDP_PCAP_PP_CD,BHR,_T,_T,_T,_Z,_Z,_Z,2017,A,PPP,
4882.606926,P1Y,0,,A,PU,_Z,2,,,False,WB_WDI,WB_WDI_NY_GDP_PCAP_PP_CD,BGD,_T,_T,_T,_Z,_Z,_Z,2017,A,PPP,
18436.80508,P1Y,0,,A,PU,_Z,2,,,False,WB_WDI,WB_WDI_NY_GDP_PCAP_PP_CD,BRB,_T,_T,_T,_Z,_Z,_Z,2017,A,PPP,
18413.747563,P1Y,0,,A,PU,_Z,2,,,False,WB_WDI,WB_WDI_NY_GDP_PCAP_PP_CD,BLR,_T,_T,_T,_Z,_Z,_Z,2017,A,PPP,
50256.063177,P1Y,0,,A,PU,_Z,2,,,False,WB_WDI,WB_WDI_NY_GDP_PCAP_PP_CD,BEL,_T,_T,_T,_Z,_Z,_Z,2017,A,PPP,
13677.110588,P1Y,0,,A,PU,_Z,2,,,False,WB_WDI,WB_WDI_NY_GDP_PCAP_PP_CD,GNQ,_T,_T,_T,_Z,_Z,_Z,2020,A,PPP,
40672.13404,P1Y,0,,A,PU,_Z,2,,,False,WB_WDI,WB_WDI_NY_GDP_PCAP_PP_CD,EST,_T,_T,_T,_Z,_Z,_Z,2020,A,PPP,
9329.304534,P1Y,0,,A,PU,_Z,2,,,False,WB_WDI,WB_WDI_NY_GDP_PCAP_PP_CD,SWZ,_T,_T,_T,_Z,_Z,_Z,2020,A,PPP,
2406.789385,P1Y,0,,A,PU,_Z,2,,,False,WB_WDI,WB_WDI_NY_GDP_PCAP_PP_CD,ETH,_T,_T,_T,_Z,_Z,_Z,2020,A,PPP,
61650.851226,P1Y,0,,A,PU,_Z,2,,,False,WB_WDI,WB_WDI_NY_GDP_PCAP_PP_CD,FRO,_T,_T,_T,_Z,_Z,_Z,2020,A,PPP,
10716.291437,P1Y,0,,A,PU,_Z,2,,,False,WB_WDI,WB_WDI_NY_GDP_PCAP_PP_CD,FJI,_T,_T,_T,_Z,_Z,_Z,2020,A,PPP,
53296.57928,P1Y,0,,A,PU,_Z,2,,,False,WB_WDI,WB_WDI_NY_GDP_PCAP_PP_CD,FIN,_T,_T,_T,_Z,_Z,_Z,2020,A,PPP,
49481.804431,P1Y,0,,A,PU,_Z,2,,,False,WB_WDI,WB_WDI_NY_GDP_PCAP_PP_CD,FRA,_T,_T,_T,_Z,_Z,_Z,2020,A,PPP,
14477.130829,P1Y,0,,A,PU,_Z,2,,,False,WB_WDI,WB_WDI_NY_GDP_PCAP_PP_CD,GAB,_T,_T,_T,_Z,_Z,_Z,2020,A,PPP,
2530.804149,P1Y,0,,A,PU,_Z,2,,,False,WB_WDI,WB_WDI_NY_GDP_PCAP_PP_CD,GMB,_T,_T,_T,_Z,_Z,_Z,2020,A,PPP,
16791.259865,P1Y,0,,A,PU,_Z,2,,,False,WB_WDI,WB_WDI_NY_GDP_PCAP_PP_CD,GEO,_T,_T,_T,_Z,_Z,_Z,2020,A,PPP,
25243.164489,P1Y,0,,A,PU,_Z,2,,,False,WB_WDI,WB_WDI_NY_GDP_PCAP_PP_CD,MEX,_T,_T,_T,_Z,_Z,_Z,2023,A,PPP,
4233.744926,P1Y,0,,A,PU,_Z,2,,,False,WB_WDI,WB_WDI_NY_GDP_PCAP_PP_CD,FSM,_T,_T,_T,_Z,_Z,_Z,2023,A,PPP,
17746.940554,P1Y,0,,A,PU,_Z,2,,,False,WB_WDI,WB_WDI_NY_GDP_PCAP_PP_CD,MDA,_T,_T,_T,_Z,_Z,_Z,2023,A,PPP,
18004.851206,P1Y,0,,A,PU,_Z,2,,,False,WB_WDI,WB_WDI_NY_GDP_PCAP_PP_CD,MNG,_T,_T,_T,_Z,_Z,_Z,2023,A,PPP,
31862.771578,P1Y,0,,A,PU,_Z,2,,,False,WB_WDI,WB_WDI_NY_GDP_PCAP_PP_CD,MNE,_T,_T,_T,_Z,_Z,_Z,2023,A,PPP,
9894.650391,P1Y,0,,A,PU,_Z,2,,,False,WB_WDI,WB_WDI_NY_GDP_PCAP_PP_CD,MAR,_T,_T,_T,_Z,_Z,_Z,2023,A,PPP,
1678.391182,P1Y,0,,A,PU,_Z,2,,,False,WB_WDI,WB_WDI_NY_GDP_PCAP_PP_CD,MOZ,_T,_T,_T,_Z,_Z,_Z,2023,A,PPP,
5953.357352,P1Y,0,,A,PU,_Z,2,,,False,WB_WDI,WB_WDI_NY_GDP_PCAP_PP_CD,MMR,_T,_T,_T,_Z,_Z,_Z,2023,A,PPP,
11251.237031,P1Y,0,,A,PU,_Z,2,,,False,WB_WDI,WB_WDI_NY_GDP_PCAP_PP_CD,NAM,_T,_T,_T,_Z,_Z,_Z,2023,A,PPP,
13731.570475,P1Y,0,,A,PU,_Z,2,,,False,WB_WDI,WB_WDI_NY_GDP_PCAP_PP_CD,NRU,_T,_T,_T,_Z,_Z,_Z,2023,A,PPP,
5395.208201,P1Y,0,,A,PU,_Z,2,,,False,WB_WDI,WB_WDI_NY_GDP_PCAP_PP_CD,NPL,_T,_T,_T,_Z,_Z,_Z,2023,A,PPP,
81728.690463,P1Y,0,,A,PU,_Z,2,,,False,WB_WDI,WB_WDI_NY_GDP_PCAP_PP_CD,NLD,_T,_T,_T,_Z,_Z,_Z,2023,A,PPP,
54697.382252,P1Y,0,,A,PU,_Z,2,,,False,WB_WDI,WB_WDI_NY_GDP_PCAP_PP_CD,NZL,_T,_T,_T,_Z,_Z,_Z,2023,A,PPP,
4172.782171,P1Y,0,,A,PU,_Z,2,,,False,WB_WDI,WB_WDI_NY_GDP_PCAP_PP_CD,BTN,_T,_T,_T,_Z,_Z,_Z,2004,A,PPP,
4662.970777,P1Y,0,,A,PU,_Z,2,,,False,WB_WDI,WB_WDI_NY_GDP_PCAP_PP_CD,BOL,_T,_T,_T,_Z,_Z,_Z,2004,A,PPP,
5407.427796,P1Y,0,,A,PU,_Z,2,,,False,WB_WDI,WB_WDI_NY_GDP_PCAP_PP_CD,BIH,_T,_T,_T,_Z,_Z,_Z,2004,A,PPP,
10818.15865,P1Y,0,,A,PU,_Z,2,,,False,WB_WDI,WB_WDI_NY_GDP_PCAP_PP_CD,BWA,_T,_T,_T,_Z,_Z,_Z,2004,A,PPP,
10525.711378,P1Y,0,,A,PU,_Z,2,,,False,WB_WDI,WB_WDI_NY_GDP_PCAP_PP_CD,BRA,_T,_T,_T,_Z,_Z,_Z,2004,A,PPP,
80403.757909,P1Y,0,,A,PU,_Z,2,,,False,WB_WDI,WB_WDI_NY_GDP_PCAP_PP_CD,BRN,_T,_T,_T,_Z,_Z,_Z,2004,A,PPP,
9200.482426,P1Y,0,,A,PU,_Z,2,,,False,WB_WDI,WB_WDI_NY_GDP_PCAP_PP_CD,BGR,_T,_T,_T,_Z,_Z,_Z,2004,A,PPP,
1079.000091,P1Y,0,,A,PU,_Z,2,,,False,WB_WDI,WB_WDI_NY_GDP_PCAP_PP_CD,BFA,_T,_T,_T,_Z,_Z,_Z,2004,A,PPP,
551.562209,P1Y,0,,A,PU,_Z,2,,,False,WB_WDI,WB_WDI_NY_GDP_PCAP_PP_CD,BDI,_T,_T,_T,_Z,_Z,_Z,2004,A,PPP,
3968.656917,P1Y,0,,A,PU,_Z,2,,,False,WB_WDI,WB_WDI_NY_GDP_PCAP_PP_CD,CPV,_T,_T,_T,_Z,_Z,_Z,2004,A,PPP,
1769.76235,P1Y,0,,A,PU,_Z,2,,,False,WB_WDI,WB_WDI_NY_GDP_PCAP_PP_CD,KHM,_T,_T,_T,_Z,_Z,_Z,2004,A,PPP,
2532.647444,P1Y,0,,A,PU,_Z,2,,,False,WB_WDI,WB_WDI_NY_GDP_PCAP_PP_CD,CMR,_T,_T,_T,_Z,_Z,_Z,2004,A,PPP,
9154.089262,P1Y,0,,A,PU,_Z,2,,,False,WB_WDI,WB_WDI_NY_GDP_PCAP_PP_CD,COL,_T,_T,_T,_Z,_Z,_Z,2006,A,PPP,
2145.92067,P1Y,0,,A,PU,_Z,2,,,False,WB_WDI,WB_WDI_NY_GDP_PCAP_PP_CD,COM,_T,_T,_T,_Z,_Z,_Z,2006,A,PPP,
508.400818,P1Y,0,,A,PU,_Z,2,,,False,WB_WDI,WB_WDI_NY_GDP_PCAP_PP_CD,COD,_T,_T,_T,_Z,_Z,_Z,2006,A,PPP,
4588.109249,P1Y,0,,A,PU,_Z,2,,,False,WB_WDI,WB_WDI_NY_GDP_PCAP_PP_CD,COG,_T,_T,_T,_Z,_Z,_Z,2006,A,PPP,
10799.511403,P1Y,0,,A,PU,_Z,2,,,False,WB_WDI,WB_WDI_NY_GDP_PCAP_PP_CD,CRI,_T,_T,_T,_Z,_Z,_Z,2006,A,PPP,
2941.821412,P1Y,0,,A,PU,_Z,2,,,False,WB_WDI,WB_WDI_NY_GDP_PCAP_PP_CD,CIV,_T,_T,_T,_Z,_Z,_Z,2006,A,PPP,
17628.700602,P1Y,0,,A,PU,_Z,2,,,False,WB_WDI,WB_WDI_NY_GDP_PCAP_PP_CD,HRV,_T,_T,_T,_Z,_Z,_Z,2006,A,PPP,
24590.192368,P1Y,0,,A,PU,_Z,2,,,False,WB_WDI,WB_WDI_NY_GDP_PCAP_PP_CD,CUW,_T,_T,_T,_Z,_Z,_Z,2006,A,PPP,
30008.724609,P1Y,0,,A,PU,_Z,2,,,False,WB_WDI,WB_WDI_NY_GDP_PCAP_PP_CD,CYP,_T,_T,_T,_Z,_Z,_Z,2006,A,PPP,
23914.186244,P1Y,0,,A,PU,_Z,2,,,False,WB_WDI,WB_WDI_NY_GDP_PCAP_PP_CD,CZE,_T,_T,_T,_Z,_Z,_Z,2006,A,PPP,
37392.321141,P1Y,0,,A,PU,_Z,2,,,False,WB_WDI,WB_WDI_NY_GDP_PCAP_PP_CD,DNK,_T,_T,_T,_Z,_Z,_Z,2006,A,PPP,
3710.376953,P1Y,0,,A,PU,_Z,2,,,False,WB_WDI,WB_WDI_NY_GDP_PCAP_PP_CD,SDN,_T,_T,_T,_Z,_Z,_Z,2012,A,PPP,
15184.925468,P1Y,0,,A,PU,_Z,2,,,False,WB_WDI,WB_WDI_NY_GDP_PCAP_PP_CD,SUR,_T,_T,_T,_Z,_Z,_Z,2012,A,PPP,
45206.986443,P1Y,0,,A,PU,_Z,2,,,False,WB_WDI,WB_WDI_NY_GDP_PCAP_PP_CD,SWE,_T,_T,_T,_Z,_Z,_Z,2012,A,PPP,
59440.915861,P1Y,0,,A,PU,_Z,2,,,False,WB_WDI,WB_WDI_NY_GDP_PCAP_PP_CD,CHE,_T,_T,_T,_Z,_Z,_Z,2012,A,PPP,
2679.069296,P1Y,0,,A,PU,_Z,2,,,False,WB_WDI,WB_WDI_NY_GDP_PCAP_PP_CD,TJK,_T,_T,_T,_Z,_Z,_Z,2012,A,PPP,
2083.484863,P1Y,0,,A,PU,_Z,2,,,False,WB_WDI,WB_WDI_NY_GDP_PCAP_PP_CD,TZA,_T,_T,_T,_Z,_Z,_Z,2012,A,PPP,
14616.649793,P1Y,0,,A,PU,_Z,2,,,False,WB_WDI,WB_WDI_NY_GDP_PCAP_PP_CD,THA,_T,_T,_T,_Z,_Z,_Z,2012,A,PPP,
2386.135981,P1Y,0,,A,PU,_Z,2,,,False,WB_WDI,WB_WDI_NY_GDP_PCAP_PP_CD,TLS,_T,_T,_T,_Z,_Z,_Z,2012,A,PPP,
1645.312904,P1Y,0,,A,PU,_Z,2,,,False,WB_WDI,WB_WDI_NY_GDP_PCAP_PP_CD,TGO,_T,_T,_T,_Z,_Z,_Z,2012,A,PPP,
4996.444609,P1Y,0,,A,PU,_Z,2,,,False,WB_WDI,WB_WDI_NY_GDP_PCAP_PP_CD,TON,_T,_T,_T,_Z,_Z,_Z,2012,A,PPP,
11657.31687,P1Y,0,,A,PU,_Z,2,,,False,WB_WDI,WB_WDI_NY_GDP_PCAP_PP_CD,IRQ,_T,_T,_T,_Z,_Z,_Z,2008,A,PPP,
44169.094341,P1Y,0,,A,PU,_Z,2,,,False,WB_WDI,WB_WDI_NY_GDP_PCAP_PP_CD,IRL,_T,_T,_T,_Z,_Z,_Z,2008,A,PPP,
28083.836614,P1Y,0,,A,PU,_Z,2,,,False,WB_WDI,WB_WDI_NY_GDP_PCAP_PP_CD,ISR,_T,_T,_T,_Z,_Z,_Z,2008,A,PPP,
35422.342439,P1Y,0,,A,PU,_Z,2,,,False,WB_WDI,WB_WDI_NY_GDP_PCAP_PP_CD,ITA,_T,_T,_T,_Z,_Z,_Z,2008,A,PPP,
8951.506009,P1Y,0,,A,PU,_Z,2,,,False,WB_WDI,WB_WDI_NY_GDP_PCAP_PP_CD,JAM,_T,_T,_T,_Z,_Z,_Z,2008,A,PPP,
35273.791152,P1Y,0,,A,PU,_Z,2,,,False,WB_WDI,WB_WDI_NY_GDP_PCAP_PP_CD,JPN,_T,_T,_T,_Z,_Z,_Z,2008,A,PPP,
8983.213324,P1Y,0,,A,PU,_Z,2,,,False,WB_WDI,WB_WDI_NY_GDP_PCAP_PP_CD,JOR,_T,_T,_T,_Z,_Z,_Z,2008,A,PPP,
17278.472168,P1Y,0,,A,PU,_Z,2,,,False,WB_WDI,WB_WDI_NY_GDP_PCAP_PP_CD,KAZ,_T,_T,_T,_Z,_Z,_Z,2008,A,PPP,
2459.121745,P1Y,0,,A,PU,_Z,2,,,False,WB_WDI,WB_WDI_NY_GDP_PCAP_PP_CD,KEN,_T,_T,_T,_Z,_Z,_Z,2008,A,PPP,
1735.431898,P1Y,0,,A,PU,_Z,2,,,False,WB_WDI,WB_WDI_NY_GDP_PCAP_PP_CD,KIR,_T,_T,_T,_Z,_Z,_Z,2008,A,PPP,
31211.059347,P1Y,0,,A,PU,_Z,2,,,False,WB_WDI,WB_WDI_NY_GDP_PCAP_PP_CD,KOR,_T,_T,_T,_Z,_Z,_Z,2008,A,PPP,
5833.386918,P1Y,0,,A,PU,_Z,2,,,False,WB_WDI,WB_WDI_NY_GDP_PCAP_PP_CD,GTM,_T,_T,_T,_Z,_Z,_Z,2006,A,PPP,
1452.960832,P1Y,0,,A,PU,_Z,2,,,False,WB_WDI,WB_WDI_NY_GDP_PCAP_PP_CD,GIN,_T,_T,_T,_Z,_Z,_Z,2006,A,PPP,
1225.918246,P1Y,0,,A,PU,_Z,2,,,False,WB_WDI,WB_WDI_NY_GDP_PCAP_PP_CD,GNB,_T,_T,_T,_Z,_Z,_Z,2006,A,PPP,
7345.940282,P1Y,0,,A,PU,_Z,2,,,False,WB_WDI,WB_WDI_NY_GDP_PCAP_PP_CD,GUY,_T,_T,_T,_Z,_Z,_Z,2006,A,PPP,
2503.659327,P1Y,0,,A,PU,_Z,2,,,False,WB_WDI,WB_WDI_NY_GDP_PCAP_PP_CD,HTI,_T,_T,_T,_Z,_Z,_Z,2006,A,PPP,
3437.622963,P1Y,0,,A,PU,_Z,2,,,False,WB_WDI,WB_WDI_NY_GDP_PCAP_PP_CD,HND,_T,_T,_T,_Z,_Z,_Z,2006,A,PPP,
41745.501625,P1Y,0,,A,PU,_Z,2,,,False,WB_WDI,WB_WDI_NY_GDP_PCAP_PP_CD,HKG,_T,_T,_T,_Z,_Z,_Z,2006,A,PPP,
18361.996387,P1Y,0,,A,PU,_Z,2,,,False,WB_WDI,WB_WDI_NY_GDP_PCAP_PP_CD,HUN,_T,_T,_T,_Z,_Z,_Z,2006,A,PPP,
39691.606275,P1Y,0,,A,PU,_Z,2,,,False,WB_WDI,WB_WDI_NY_GDP_PCAP_PP_CD,ISL,_T,_T,_T,_Z,_Z,_Z,2006,A,PPP,
3220.626929,P1Y,0,,A,PU,_Z,2,,,False,WB_WDI,WB_WDI_NY_GDP_PCAP_PP_CD,IND,_T,_T,_T,_Z,_Z,_Z,2006,A,PPP,
6583.351124,P1Y,0,,A,PU,_Z,2,,,False,WB_WDI,WB_WDI_NY_GDP_PCAP_PP_CD,IDN,_T,_T,_T,_Z,_Z,_Z,2006,A,PPP,
12676.513056,P1Y,0,,A,PU,_Z,2,,,False,WB_WDI,WB_WDI_NY_GDP_PCAP_PP_CD,DZA,_T,_T,_T,_Z,_Z,_Z,2020,A,PPP,
52095.8414,P1Y,0,,A,PU,_Z,2,,,False,WB_WDI,WB_WDI_NY_GDP_PCAP_PP_CD,AND,_T,_T,_T,_Z,_Z,_Z,2020,A,PPP,
7827.428043,P1Y,0,,A,PU,_Z,2,,,False,WB_WDI,WB_WDI_NY_GDP_PCAP_PP_CD,AGO,_T,_T,_T,_Z,_Z,_Z,2020,A,PPP,
22370.091869,P1Y,0,,A,PU,_Z,2,,,False,WB_WDI,WB_WDI_NY_GDP_PCAP_PP_CD,ATG,_T,_T,_T,_Z,_Z,_Z,2020,A,PPP,
22393.347958,P1Y,0,,A,PU,_Z,2,,,False,WB_WDI,WB_WDI_NY_GDP_PCAP_PP_CD,ARG,_T,_T,_T,_Z,_Z,_Z,2020,A,PPP,
14706.317304,P1Y,0,,A,PU,_Z,2,,,False,WB_WDI,WB_WDI_NY_GDP_PCAP_PP_CD,ARM,_T,_T,_T,_Z,_Z,_Z,2020,A,PPP,
28854.5973,P1Y,0,,A,PU,_Z,2,,,False,WB_WDI,WB_WDI_NY_GDP_PCAP_PP_CD,ABW,_T,_T,_T,_Z,_Z,_Z,2020,A,PPP,
54184.161449,P1Y,0,,A,PU,_Z,2,,,False,WB_WDI,WB_WDI_NY_GDP_PCAP_PP_CD,AUS,_T,_T,_T,_Z,_Z,_Z,2020,A,PPP,
58523.033782,P1Y,0,,A,PU,_Z,2,,,False,WB_WDI,WB_WDI_NY_GDP_PCAP_PP_CD,AUT,_T,_T,_T,_Z,_Z,_Z,2020,A,PPP,
15163.570333,P1Y,0,,A,PU,_Z,2,,,False,WB_WDI,WB_WDI_NY_GDP_PCAP_PP_CD,AZE,_T,_T,_T,_Z,_Z,_Z,2020,A,PPP,
27204.62591,P1Y,0,,A,PU,_Z,2,,,False,WB_WDI,WB_WDI_NY_GDP_PCAP_PP_CD,BHS,_T,_T,_T,_Z,_Z,_Z,2020,A,PPP,
53436.0317,P1Y,0,,A,PU,_Z,2,,,False,WB_WDI,WB_WDI_NY_GDP_PCAP_PP_CD,BHR,_T,_T,_T,_Z,_Z,_Z,2020,A,PPP,
17285.427226,P1Y,0,,A,PU,_Z,2,,,False,WB_WDI,WB_WDI_NY_GDP_PCAP_PP_CD,SRB,_T,_T,_T,_Z,_Z,_Z,2017,A,PPP,
30674.648734,P1Y,0,,A,PU,_Z,2,,,False,WB_WDI,WB_WDI_NY_GDP_PCAP_PP_CD,SYC,_T,_T,_T,_Z,_Z,_Z,2017,A,PPP,
2501.453155,P1Y,0,,A,PU,_Z,2,,,False,WB_WDI,WB_WDI_NY_GDP_PCAP_PP_CD,SLE,_T,_T,_T,_Z,_Z,_Z,2017,A,PPP,
95744.18216,P1Y,0,,A,PU,_Z,2,,,False,WB_WDI,WB_WDI_NY_GDP_PCAP_PP_CD,SGP,_T,_T,_T,_Z,_Z,_Z,2017,A,PPP,
44479.296708,P1Y,0,,A,PU,_Z,2,,,False,WB_WDI,WB_WDI_NY_GDP_PCAP_PP_CD,SXM,_T,_T,_T,_Z,_Z,_Z,2017,A,PPP,
30245.782587,P1Y,0,,A,PU,_Z,2,,,False,WB_WDI,WB_WDI_NY_GDP_PCAP_PP_CD,SVK,_T,_T,_T,_Z,_Z,_Z,2017,A,PPP,
36180.038455,P1Y,0,,A,PU,_Z,2,,,False,WB_WDI,WB_WDI_NY_GDP_PCAP_PP_CD,SVN,_T,_T,_T,_Z,_Z,_Z,2017,A,PPP,
2454.046719,P1Y,0,,A,PU,_Z,2,,,False,WB_WDI,WB_WDI_NY_GDP_PCAP_PP_CD,SLB,_T,_T,_T,_Z,_Z,_Z,2017,A,PPP,
1596.814092,P1Y,0,,A,PU,_Z,2,,,False,WB_WDI,WB_WDI_NY_GDP_PCAP_PP_CD,SOM,_T,_T,_T,_Z,_Z,_Z,2017,A,PPP,
13738.438585,P1Y,0,,A,PU,_Z,2,,,False,WB_WDI,WB_WDI_NY_GDP_PCAP_PP_CD,ZAF,_T,_T,_T,_Z,_Z,_Z,2017,A,PPP,
39825.249812,P1Y,0,,A,PU,_Z,2,,,False,WB_WDI,WB_WDI_NY_GDP_PCAP_PP_CD,ESP,_T,_T,_T,_Z,_Z,_Z,2017,A,PPP,
6068.451618,P1Y,0,,A,PU,_Z,2,,,False,WB_WDI,WB_WDI_NY_GDP_PCAP_PP_CD,IRQ,_T,_T,_T,_Z,_Z,_Z,2003,A,PPP,
36280.482747,P1Y,0,,A,PU,_Z,2,,,False,WB_WDI,WB_WDI_NY_GDP_PCAP_PP_CD,IRL,_T,_T,_T,_Z,_Z,_Z,2003,A,PPP,
24702.294586,P1Y,0,,A,PU,_Z,2,,,False,WB_WDI,WB_WDI_NY_GDP_PCAP_PP_CD,ISR,_T,_T,_T,_Z,_Z,_Z,2003,A,PPP,
29249.180136,P1Y,0,,A,PU,_Z,2,,,False,WB_WDI,WB_WDI_NY_GDP_PCAP_PP_CD,ITA,_T,_T,_T,_Z,_Z,_Z,2003,A,PPP,
7592.609105,P1Y,0,,A,PU,_Z,2,,,False,WB_WDI,WB_WDI_NY_GDP_PCAP_PP_CD,JAM,_T,_T,_T,_Z,_Z,_Z,2003,A,PPP,
29391.704237,P1Y,0,,A,PU,_Z,2,,,False,WB_WDI,WB_WDI_NY_GDP_PCAP_PP_CD,JPN,_T,_T,_T,_Z,_Z,_Z,2003,A,PPP,
6499.978878,P1Y,0,,A,PU,_Z,2,,,False,WB_WDI,WB_WDI_NY_GDP_PCAP_PP_CD,JOR,_T,_T,_T,_Z,_Z,_Z,2003,A,PPP,
10532.446697,P1Y,0,,A,PU,_Z,2,,,False,WB_WDI,WB_WDI_NY_GDP_PCAP_PP_CD,KAZ,_T,_T,_T,_Z,_Z,_Z,2003,A,PPP,
1974.858202,P1Y,0,,A,PU,_Z,2,,,False,WB_WDI,WB_WDI_NY_GDP_PCAP_PP_CD,KEN,_T,_T,_T,_Z,_Z,_Z,2003,A,PPP,
1578.287909,P1Y,0,,A,PU,_Z,2,,,False,WB_WDI,WB_WDI_NY_GDP_PCAP_PP_CD,KIR,_T,_T,_T,_Z,_Z,_Z,2003,A,PPP,
22919.74171,P1Y,0,,A,PU,_Z,2,,,False,WB_WDI,WB_WDI_NY_GDP_PCAP_PP_CD,KOR,_T,_T,_T,_Z,_Z,_Z,2003,A,PPP,
69752.38411,P1Y,0,,A,PU,_Z,2,,,False,WB_WDI,WB_WDI_NY_GDP_PCAP_PP_CD,KWT,_T,_T,_T,_Z,_Z,_Z,2003,A,PPP,
471.96733,P1Y,0,,A,PU,_Z,2,,,False,WB_WDI,WB_WDI_NY_GDP_PCAP_PP_CD,MOZ,_T,_T,_T,_Z,_Z,_Z,2000,A,PPP,
948.748285,P1Y,0,,A,PU,_Z,2,,,False,WB_WDI,WB_WDI_NY_GDP_PCAP_PP_CD,MMR,_T,_T,_T,_Z,_Z,_Z,2000,A,PPP,
5128.614336,P1Y,0,,A,PU,_Z,2,,,False,WB_WDI,WB_WDI_NY_GDP_PCAP_PP_CD,NAM,_T,_T,_T,_Z,_Z,_Z,2000,A,PPP,
5838.384745,P1Y,0,,A,PU,_Z,2,,,False,WB_WDI,WB_WDI_NY_GDP_PCAP_PP_CD,NRU,_T,_T,_T,_Z,_Z,_Z,2000,A,PPP,
1316.829409,P1Y,0,,A,PU,_Z,2,,,False,WB_WDI,WB_WDI_NY_GDP_PCAP_PP_CD,NPL,_T,_T,_T,_Z,_Z,_Z,2000,A,PPP,
31894.659092,P1Y,0,,A,PU,_Z,2,,,False,WB_WDI,WB_WDI_NY_GDP_PCAP_PP_CD,NLD,_T,_T,_T,_Z,_Z,_Z,2000,A,PPP,
21500.153108,P1Y,0,,A,PU,_Z,2,,,False,WB_WDI,WB_WDI_NY_GDP_PCAP_PP_CD,NZL,_T,_T,_T,_Z,_Z,_Z,2000,A,PPP,
2806.259379,P1Y,0,,A,PU,_Z,2,,,False,WB_WDI,WB_WDI_NY_GDP_PCAP_PP_CD,NIC,_T,_T,_T,_Z,_Z,_Z,2000,A,PPP,
764.281885,P1Y,0,,A,PU,_Z,2,,,False,WB_WDI,WB_WDI_NY_GDP_PCAP_PP_CD,NER,_T,_T,_T,_Z,_Z,_Z,2000,A,PPP,
3138.991389,P1Y,0,,A,PU,_Z,2,,,False,WB_WDI,WB_WDI_NY_GDP_PCAP_PP_CD,NGA,_T,_T,_T,_Z,_Z,_Z,2000,A,PPP,
6153.896753,P1Y,0,,A,PU,_Z,2,,,False,WB_WDI,WB_WDI_NY_GDP_PCAP_PP_CD,MKD,_T,_T,_T,_Z,_Z,_Z,2000,A,PPP,
36994.405805,P1Y,0,,A,PU,_Z,2,,,False,WB_WDI,WB_WDI_NY_GDP_PCAP_PP_CD,NOR,_T,_T,_T,_Z,_Z,_Z,2000,A,PPP,
26269.977357,P1Y,0,,A,PU,_Z,2,,,False,WB_WDI,WB_WDI_NY_GDP_PCAP_PP_CD,TCA,_T,_T,_T,_Z,_Z,_Z,2009,A,PPP,
3081.938906,P1Y,0,,A,PU,_Z,2,,,False,WB_WDI,WB_WDI_NY_GDP_PCAP_PP_CD,TUV,_T,_T,_T,_Z,_Z,_Z,2009,A,PPP,
2014.608794,P1Y,0,,A,PU,_Z,2,,,False,WB_WDI,WB_WDI_NY_GDP_PCAP_PP_CD,UGA,_T,_T,_T,_Z,_Z,_Z,2009,A,PPP,
7994.615723,P1Y,0,,A,PU,_Z,2,,,False,WB_WDI,WB_WDI_NY_GDP_PCAP_PP_CD,UKR,_T,_T,_T,_Z,_Z,_Z,2009,A,PPP,
84780.320971,P1Y,0,,A,PU,_Z,2,,,False,WB_WDI,WB_WDI_NY_GDP_PCAP_PP_CD,ARE,_T,_T,_T,_Z,_Z,_Z,2009,A,PPP,
35041.541631,P1Y,0,,A,PU,_Z,2,,,False,WB_WDI,WB_WDI_NY_GDP_PCAP_PP_CD,GBR,_T,_T,_T,_Z,_Z,_Z,2009,A,PPP,
47194.950089,P1Y,0,,A,PU,_Z,2,,,False,WB_WDI,WB_WDI_NY_GDP_PCAP_PP_CD,USA,_T,_T,_T,_Z,_Z,_Z,2009,A,PPP,
16421.769632,P1Y,0,,A,PU,_Z,2,,,False,WB_WDI,WB_WDI_NY_GDP_PCAP_PP_CD,URY,_T,_T,_T,_Z,_Z,_Z,2009,A,PPP,
5135.464446,P1Y,0,,A,PU,_Z,2,,,False,WB_WDI,WB_WDI_NY_GDP_PCAP_PP_CD,UZB,_T,_T,_T,_Z,_Z,_Z,2009,A,PPP,
2730.28796,P1Y,0,,A,PU,_Z,2,,,False,WB_WDI,WB_WDI_NY_GDP_PCAP_PP_CD,VUT,_T,_T,_T,_Z,_Z,_Z,2009,A,PPP,
20562.366782,P1Y,0,,A,PU,_Z,2,,,False,WB_WDI,WB_WDI_NY_GDP_PCAP_PP_CD,VEN,_T,_T,_T,_Z,_Z,_Z,2009,A,PPP,
5060.732123,P1Y,0,,A,PU,_Z,2,,,False,WB_WDI,WB_WDI_NY_GDP_PCAP_PP_CD,VNM,_T,_T,_T,_Z,_Z,_Z,2009,A,PPP,
40846.562006,P1Y,0,,A,PU,_Z,2,,,False,WB_WDI,WB_WDI_NY_GDP_PCAP_PP_CD,VIR,_T,_T,_T,_Z,_Z,_Z,2009,A,PPP,
12927.564593,P1Y,0,,A,PU,_Z,2,,,False,WB_WDI,WB_WDI_NY_GDP_PCAP_PP_CD,CRI,_T,_T,_T,_Z,_Z,_Z,2010,A,PPP,
3360.544088,P1Y,0,,A,PU,_Z,2,,,False,WB_WDI,WB_WDI_NY_GDP_PCAP_PP_CD,CIV,_T,_T,_T,_Z,_Z,_Z,2010,A,PPP,
20139.295537,P1Y,0,,A,PU,_Z,2,,,False,WB_WDI,WB_WDI_NY_GDP_PCAP_PP_CD,HRV,_T,_T,_T,_Z,_Z,_Z,2010,A,PPP,
25956.810759,P1Y,0,,A,PU,_Z,2,,,False,WB_WDI,WB_WDI_NY_GDP_PCAP_PP_CD,CUW,_T,_T,_T,_Z,_Z,_Z,2010,A,PPP,
33502.164063,P1Y,0,,A,PU,_Z,2,,,False,WB_WDI,WB_WDI_NY_GDP_PCAP_PP_CD,CYP,_T,_T,_T,_Z,_Z,_Z,2010,A,PPP,
28153.851861,P1Y,0,,A,PU,_Z,2,,,False,WB_WDI,WB_WDI_NY_GDP_PCAP_PP_CD,CZE,_T,_T,_T,_Z,_Z,_Z,2010,A,PPP,
43037.598919,P1Y,0,,A,PU,_Z,2,,,False,WB_WDI,WB_WDI_NY_GDP_PCAP_PP_CD,DNK,_T,_T,_T,_Z,_Z,_Z,2010,A,PPP,
10924.095325,P1Y,0,,A,PU,_Z,2,,,False,WB_WDI,WB_WDI_NY_GDP_PCAP_PP_CD,DMA,_T,_T,_T,_Z,_Z,_Z,2010,A,PPP,
11245.681189,P1Y,0,,A,PU,_Z,2,,,False,WB_WDI,WB_WDI_NY_GDP_PCAP_PP_CD,DOM,_T,_T,_T,_Z,_Z,_Z,2010,A,PPP,
9949.480165,P1Y,0,,A,PU,_Z,2,,,False,WB_WDI,WB_WDI_NY_GDP_PCAP_PP_CD,DMA,_T,_T,_T,_Z,_Z,_Z,2007,A,PPP,
9951.131916,P1Y,0,,A,PU,_Z,2,,,False,WB_WDI,WB_WDI_NY_GDP_PCAP_PP_CD,DOM,_T,_T,_T,_Z,_Z,_Z,2007,A,PPP,
8112.448245,P1Y,0,,A,PU,_Z,2,,,False,WB_WDI,WB_WDI_NY_GDP_PCAP_PP_CD,ECU,_T,_T,_T,_Z,_Z,_Z,2007,A,PPP,
7640.572286,P1Y,0,,A,PU,_Z,2,,,False,WB_WDI,WB_WDI_NY_GDP_PCAP_PP_CD,EGY,_T,_T,_T,_Z,_Z,_Z,2007,A,PPP,
5949.426406,P1Y,0,,A,PU,_Z,2,,,False,WB_WDI,WB_WDI_NY_GDP_PCAP_PP_CD,SLV,_T,_T,_T,_Z,_Z,_Z,2007,A,PPP,
26610.769122,P1Y,0,,A,PU,_Z,2,,,False,WB_WDI,WB_WDI_NY_GDP_PCAP_PP_CD,GNQ,_T,_T,_T,_Z,_Z,_Z,2007,A,PPP,
1727.093442,P1Y,0,,A,PU,_Z,2,,,False,WB_WDI,WB_WDI_NY_GDP_PCAP_PP_CD,ERI,_T,_T,_T,_Z,_Z,_Z,2007,A,PPP,
22200.548641,P1Y,0,,A,PU,_Z,2,,,False,WB_WDI,WB_WDI_NY_GDP_PCAP_PP_CD,EST,_T,_T,_T,_Z,_Z,_Z,2007,A,PPP,
6731.954114,P1Y,0,,A,PU,_Z,2,,,False,WB_WDI,WB_WDI_NY_GDP_PCAP_PP_CD,SWZ,_T,_T,_T,_Z,_Z,_Z,2007,A,PPP,
770.261155,P1Y,0,,A,PU,_Z,2,,,False,WB_WDI,WB_WDI_NY_GDP_PCAP_PP_CD,ETH,_T,_T,_T,_Z,_Z,_Z,2007,A,PPP,
6989.723092,P1Y,0,,A,PU,_Z,2,,,False,WB_WDI,WB_WDI_NY_GDP_PCAP_PP_CD,FJI,_T,_T,_T,_Z,_Z,_Z,2007,A,PPP,
609.042906,P1Y,0,,A,PU,_Z,2,,,False,WB_WDI,WB_WDI_NY_GDP_PCAP_PP_CD,BDI,_T,_T,_T,_Z,_Z,_Z,2008,A,PPP,
6010.851368,P1Y,0,,A,PU,_Z,2,,,False,WB_WDI,WB_WDI_NY_GDP_PCAP_PP_CD,CPV,_T,_T,_T,_Z,_Z,_Z,2008,A,PPP,
2768.792376,P1Y,0,,A,PU,_Z,2,,,False,WB_WDI,WB_WDI_NY_GDP_PCAP_PP_CD,KHM,_T,_T,_T,_Z,_Z,_Z,2008,A,PPP,
2870.441069,P1Y,0,,A,PU,_Z,2,,,False,WB_WDI,WB_WDI_NY_GDP_PCAP_PP_CD,CMR,_T,_T,_T,_Z,_Z,_Z,2008,A,PPP,
40376.088284,P1Y,0,,A,PU,_Z,2,,,False,WB_WDI,WB_WDI_NY_GDP_PCAP_PP_CD,CAN,_T,_T,_T,_Z,_Z,_Z,2008,A,PPP,
76297.460302,P1Y,0,,A,PU,_Z,2,,,False,WB_WDI,WB_WDI_NY_GDP_PCAP_PP_CD,CYM,_T,_T,_T,_Z,_Z,_Z,2008,A,PPP,
797.652806,P1Y,0,,A,PU,_Z,2,,,False,WB_WDI,WB_WDI_NY_GDP_PCAP_PP_CD,CAF,_T,_T,_T,_Z,_Z,_Z,2008,A,PPP,
2180.516804,P1Y,0,,A,PU,_Z,2,,,False,WB_WDI,WB_WDI_NY_GDP_PCAP_PP_CD,TCD,_T,_T,_T,_Z,_Z,_Z,2008,A,PPP,
16375.964854,P1Y,0,,A,PU,_Z,2,,,False,WB_WDI,WB_WDI_NY_GDP_PCAP_PP_CD,CHL,_T,_T,_T,_Z,_Z,_Z,2008,A,PPP,
7712.846084,P1Y,0,,A,PU,_Z,2,,,False,WB_WDI,WB_WDI_NY_GDP_PCAP_PP_CD,CHN,_T,_T,_T,_Z,_Z,_Z,2008,A,PPP,
10307.064988,P1Y,0,,A,PU,_Z,2,,,False,WB_WDI,WB_WDI_NY_GDP_PCAP_PP_CD,COL,_T,_T,_T,_Z,_Z,_Z,2008,A,PPP,
13563.537293,P1Y,0,,A,PU,_Z,2,,,False,WB_WDI,WB_WDI_NY_GDP_PCAP_PP_CD,PER,_T,_T,_T,_Z,_Z,_Z,2019,A,PPP,
8924.101164,P1Y,0,,A,PU,_Z,2,,,False,WB_WDI,WB_WDI_NY_GDP_PCAP_PP_CD,PHL,_T,_T,_T,_Z,_Z,_Z,2019,A,PPP,
35882.365507,P1Y,0,,A,PU,_Z,2,,,False,WB_WDI,WB_WDI_NY_GDP_PCAP_PP_CD,POL,_T,_T,_T,_Z,_Z,_Z,2019,A,PPP,
37865.560356,P1Y,0,,A,PU,_Z,2,,,False,WB_WDI,WB_WDI_NY_GDP_PCAP_PP_CD,PRT,_T,_T,_T,_Z,_Z,_Z,2019,A,PPP,
36217.720439,P1Y,0,,A,PU,_Z,2,,,False,WB_WDI,WB_WDI_NY_GDP_PCAP_PP_CD,PRI,_T,_T,_T,_Z,_Z,_Z,2019,A,PPP,
107502.567854,P1Y,0,,A,PU,_Z,2,,,False,WB_WDI,WB_WDI_NY_GDP_PCAP_PP_CD,QAT,_T,_T,_T,_Z,_Z,_Z,2019,A,PPP,
33425.326173,P1Y,0,,A,PU,_Z,2,,,False,WB_WDI,WB_WDI_NY_GDP_PCAP_PP_CD,ROU,_T,_T,_T,_Z,_Z,_Z,2019,A,PPP,
30963.853516,P1Y,0,,A,PU,_Z,2,,,False,WB_WDI,WB_WDI_NY_GDP_PCAP_PP_CD,RUS,_T,_T,_T,_Z,_Z,_Z,2019,A,PPP,
2336.039673,P1Y,0,,A,PU,_Z,2,,,False,WB_WDI,WB_WDI_NY_GDP_PCAP_PP_CD,RWA,_T,_T,_T,_Z,_Z,_Z,2019,A,PPP,
6638.184548,P1Y,0,,A,PU,_Z,2,,,False,WB_WDI,WB_WDI_NY_GDP_PCAP_PP_CD,WSM,_T,_T,_T,_Z,_Z,_Z,2019,A,PPP,
57444.119358,P1Y,0,,A,PU,_Z,2,,,False,WB_WDI,WB_WDI_NY_GDP_PCAP_PP_CD,SMR,_T,_T,_T,_Z,_Z,_Z,2019,A,PPP,
6640.584373,P1Y,0,,A,PU,_Z,2,,,False,WB_WDI,WB_WDI_NY_GDP_PCAP_PP_CD,BGD,_T,_T,_T,_Z,_Z,_Z,2020,A,PPP,
16555.362215,P1Y,0,,A,PU,_Z,2,,,False,WB_WDI,WB_WDI_NY_GDP_PCAP_PP_CD,BRB,_T,_T,_T,_Z,_Z,_Z,2020,A,PPP,
24872.306674,P1Y,0,,A,PU,_Z,2,,,False,WB_WDI,WB_WDI_NY_GDP_PCAP_PP_CD,BLR,_T,_T,_T,_Z,_Z,_Z,2020,A,PPP,
56120.095842,P1Y,0,,A,PU,_Z,2,,,False,WB_WDI,WB_WDI_NY_GDP_PCAP_PP_CD,BEL,_T,_T,_T,_Z,_Z,_Z,2020,A,PPP,
9638.895137,P1Y,0,,A,PU,_Z,2,,,False,WB_WDI,WB_WDI_NY_GDP_PCAP_PP_CD,BLZ,_T,_T,_T,_Z,_Z,_Z,2020,A,PPP,
3244.587728,P1Y,0,,A,PU,_Z,2,,,False,WB_WDI,WB_WDI_NY_GDP_PCAP_PP_CD,BEN,_T,_T,_T,_Z,_Z,_Z,2020,A,PPP,
85146.400628,P1Y,0,,A,PU,_Z,2,,,False,WB_WDI,WB_WDI_NY_GDP_PCAP_PP_CD,BMU,_T,_T,_T,_Z,_Z,_Z,2020,A,PPP,
12475.048003,P1Y,0,,A,PU,_Z,2,,,False,WB_WDI,WB_WDI_NY_GDP_PCAP_PP_CD,BTN,_T,_T,_T,_Z,_Z,_Z,2020,A,PPP,
9580.989621,P1Y,0,,A,PU,_Z,2,,,False,WB_WDI,WB_WDI_NY_GDP_PCAP_PP_CD,BOL,_T,_T,_T,_Z,_Z,_Z,2020,A,PPP,
16369.93532,P1Y,0,,A,PU,_Z,2,,,False,WB_WDI,WB_WDI_NY_GDP_PCAP_PP_CD,BIH,_T,_T,_T,_Z,_Z,_Z,2020,A,PPP,
15292.262467,P1Y,0,,A,PU,_Z,2,,,False,WB_WDI,WB_WDI_NY_GDP_PCAP_PP_CD,BWA,_T,_T,_T,_Z,_Z,_Z,2020,A,PPP,
29776.895175,P1Y,0,,A,PU,_Z,2,,,False,WB_WDI,WB_WDI_NY_GDP_PCAP_PP_CD,SRB,_T,_T,_T,_Z,_Z,_Z,2023,A,PPP,
31780.783834,P1Y,0,,A,PU,_Z,2,,,False,WB_WDI,WB_WDI_NY_GDP_PCAP_PP_CD,SYC,_T,_T,_T,_Z,_Z,_Z,2023,A,PPP,
3368.317272,P1Y,0,,A,PU,_Z,2,,,False,WB_WDI,WB_WDI_NY_GDP_PCAP_PP_CD,SLE,_T,_T,_T,_Z,_Z,_Z,2023,A,PPP,
143786.136293,P1Y,0,,A,PU,_Z,2,,,False,WB_WDI,WB_WDI_NY_GDP_PCAP_PP_CD,SGP,_T,_T,_T,_Z,_Z,_Z,2023,A,PPP,
51686.652082,P1Y,0,,A,PU,_Z,2,,,False,WB_WDI,WB_WDI_NY_GDP_PCAP_PP_CD,SXM,_T,_T,_T,_Z,_Z,_Z,2023,A,PPP,
45973.94069,P1Y,0,,A,PU,_Z,2,,,False,WB_WDI,WB_WDI_NY_GDP_PCAP_PP_CD,SVK,_T,_T,_T,_Z,_Z,_Z,2023,A,PPP,
56064.09746,P1Y,0,,A,PU,_Z,2,,,False,WB_WDI,WB_WDI_NY_GDP_PCAP_PP_CD,SVN,_T,_T,_T,_Z,_Z,_Z,2023,A,PPP,
2596.563643,P1Y,0,,A,PU,_Z,2,,,False,WB_WDI,WB_WDI_NY_GDP_PCAP_PP_CD,SLB,_T,_T,_T,_Z,_Z,_Z,2023,A,PPP,
1555.610168,P1Y,0,,A,PU,_Z,2,,,False,WB_WDI,WB_WDI_NY_GDP_PCAP_PP_CD,SOM,_T,_T,_T,_Z,_Z,_Z,2023,A,PPP,
15199.732982,P1Y,0,,A,PU,_Z,2,,,False,WB_WDI,WB_WDI_NY_GDP_PCAP_PP_CD,ZAF,_T,_T,_T,_Z,_Z,_Z,2023,A,PPP,
55682.24026,P1Y,0,,A,PU,_Z,2,,,False,WB_WDI,WB_WDI_NY_GDP_PCAP_PP_CD,ESP,_T,_T,_T,_Z,_Z,_Z,2023,A,PPP,
14455.654441,P1Y,0,,A,PU,_Z,2,,,False,WB_WDI,WB_WDI_NY_GDP_PCAP_PP_CD,LKA,_T,_T,_T,_Z,_Z,_Z,2023,A,PPP,
33979.630362,P1Y,0,,A,PU,_Z,2,,,False,WB_WDI,WB_WDI_NY_GDP_PCAP_PP_CD,KNA,_T,_T,_T,_Z,_Z,_Z,2023,A,PPP,
25974.509293,P1Y,0,,A,PU,_Z,2,,,False,WB_WDI,WB_WDI_NY_GDP_PCAP_PP_CD,LCA,_T,_T,_T,_Z,_Z,_Z,2023,A,PPP,
6352.65232,P1Y,0,,A,PU,_Z,2,,,False,WB_WDI,WB_WDI_NY_GDP_PCAP_PP_CD,XKX,_T,_T,_T,_Z,_Z,_Z,2008,A,PPP,
90337.356792,P1Y,0,,A,PU,_Z,2,,,False,WB_WDI,WB_WDI_NY_GDP_PCAP_PP_CD,KWT,_T,_T,_T,_Z,_Z,_Z,2008,A,PPP,
3031.494071,P1Y,0,,A,PU,_Z,2,,,False,WB_WDI,WB_WDI_NY_GDP_PCAP_PP_CD,KGZ,_T,_T,_T,_Z,_Z,_Z,2008,A,PPP,
3270.55751,P1Y,0,,A,PU,_Z,2,,,False,WB_WDI,WB_WDI_NY_GDP_PCAP_PP_CD,LAO,_T,_T,_T,_Z,_Z,_Z,2008,A,PPP,
17443.391291,P1Y,0,,A,PU,_Z,2,,,False,WB_WDI,WB_WDI_NY_GDP_PCAP_PP_CD,LVA,_T,_T,_T,_Z,_Z,_Z,2008,A,PPP,
12415.940006,P1Y,0,,A,PU,_Z,2,,,False,WB_WDI,WB_WDI_NY_GDP_PCAP_PP_CD,LBN,_T,_T,_T,_Z,_Z,_Z,2008,A,PPP,
2064.423112,P1Y,0,,A,PU,_Z,2,,,False,WB_WDI,WB_WDI_NY_GDP_PCAP_PP_CD,LSO,_T,_T,_T,_Z,_Z,_Z,2008,A,PPP,
915.0536,P1Y,0,,A,PU,_Z,2,,,False,WB_WDI,WB_WDI_NY_GDP_PCAP_PP_CD,LBR,_T,_T,_T,_Z,_Z,_Z,2008,A,PPP,
30812.283729,P1Y,0,,A,PU,_Z,2,,,False,WB_WDI,WB_WDI_NY_GDP_PCAP_PP_CD,LBY,_T,_T,_T,_Z,_Z,_Z,2008,A,PPP,
19410.00776,P1Y,0,,A,PU,_Z,2,,,False,WB_WDI,WB_WDI_NY_GDP_PCAP_PP_CD,LTU,_T,_T,_T,_Z,_Z,_Z,2008,A,PPP,
90970.721198,P1Y,0,,A,PU,_Z,2,,,False,WB_WDI,WB_WDI_NY_GDP_PCAP_PP_CD,LUX,_T,_T,_T,_Z,_Z,_Z,2008,A,PPP,
76827.019307,P1Y,0,,A,PU,_Z,2,,,False,WB_WDI,WB_WDI_NY_GDP_PCAP_PP_CD,MAC,_T,_T,_T,_Z,_Z,_Z,2008,A,PPP,
1320.239916,P1Y,0,,A,PU,_Z,2,,,False,WB_WDI,WB_WDI_NY_GDP_PCAP_PP_CD,UGA,_T,_T,_T,_Z,_Z,_Z,2003,A,PPP,
5764.01123,P1Y,0,,A,PU,_Z,2,,,False,WB_WDI,WB_WDI_NY_GDP_PCAP_PP_CD,UKR,_T,_T,_T,_Z,_Z,_Z,2003,A,PPP,
92635.92269,P1Y,0,,A,PU,_Z,2,,,False,WB_WDI,WB_WDI_NY_GDP_PCAP_PP_CD,ARE,_T,_T,_T,_Z,_Z,_Z,2003,A,PPP,
30313.690667,P1Y,0,,A,PU,_Z,2,,,False,WB_WDI,WB_WDI_NY_GDP_PCAP_PP_CD,GBR,_T,_T,_T,_Z,_Z,_Z,2003,A,PPP,
39490.30239,P1Y,0,,A,PU,_Z,2,,,False,WB_WDI,WB_WDI_NY_GDP_PCAP_PP_CD,USA,_T,_T,_T,_Z,_Z,_Z,2003,A,PPP,
10303.23375,P1Y,0,,A,PU,_Z,2,,,False,WB_WDI,WB_WDI_NY_GDP_PCAP_PP_CD,URY,_T,_T,_T,_Z,_Z,_Z,2003,A,PPP,
3047.248568,P1Y,0,,A,PU,_Z,2,,,False,WB_WDI,WB_WDI_NY_GDP_PCAP_PP_CD,UZB,_T,_T,_T,_Z,_Z,_Z,2003,A,PPP,
2070.357756,P1Y,0,,A,PU,_Z,2,,,False,WB_WDI,WB_WDI_NY_GDP_PCAP_PP_CD,VUT,_T,_T,_T,_Z,_Z,_Z,2003,A,PPP,
12359.292158,P1Y,0,,A,PU,_Z,2,,,False,WB_WDI,WB_WDI_NY_GDP_PCAP_PP_CD,VEN,_T,_T,_T,_Z,_Z,_Z,2003,A,PPP,
3239.771259,P1Y,0,,A,PU,_Z,2,,,False,WB_WDI,WB_WDI_NY_GDP_PCAP_PP_CD,VNM,_T,_T,_T,_Z,_Z,_Z,2003,A,PPP,
32618.956371,P1Y,0,,A,PU,_Z,2,,,False,WB_WDI,WB_WDI_NY_GDP_PCAP_PP_CD,VIR,_T,_T,_T,_Z,_Z,_Z,2003,A,PPP,
2469.379804,P1Y,0,,A,PU,_Z,2,,,False,WB_WDI,WB_WDI_NY_GDP_PCAP_PP_CD,PSE,_T,_T,_T,_Z,_Z,_Z,2003,A,PPP,
2844.129775,P1Y,0,,A,PU,_Z,2,,,False,WB_WDI,WB_WDI_NY_GDP_PCAP_PP_CD,YEM,_T,_T,_T,_Z,_Z,_Z,2003,A,PPP,
12731.753576,P1Y,0,,A,PU,_Z,2,,,False,WB_WDI,WB_WDI_NY_GDP_PCAP_PP_CD,IRQ,_T,_T,_T,_Z,_Z,_Z,2021,A,PPP,
116903.612435,P1Y,0,,A,PU,_Z,2,,,False,WB_WDI,WB_WDI_NY_GDP_PCAP_PP_CD,IRL,_T,_T,_T,_Z,_Z,_Z,2021,A,PPP,
46162.082273,P1Y,0,,A,PU,_Z,2,,,False,WB_WDI,WB_WDI_NY_GDP_PCAP_PP_CD,ISR,_T,_T,_T,_Z,_Z,_Z,2021,A,PPP,
49825.393411,P1Y,0,,A,PU,_Z,2,,,False,WB_WDI,WB_WDI_NY_GDP_PCAP_PP_CD,ITA,_T,_T,_T,_Z,_Z,_Z,2021,A,PPP,
10430.690977,P1Y,0,,A,PU,_Z,2,,,False,WB_WDI,WB_WDI_NY_GDP_PCAP_PP_CD,JAM,_T,_T,_T,_Z,_Z,_Z,2021,A,PPP,
44355.348716,P1Y,0,,A,PU,_Z,2,,,False,WB_WDI,WB_WDI_NY_GDP_PCAP_PP_CD,JPN,_T,_T,_T,_Z,_Z,_Z,2021,A,PPP,
9182.496161,P1Y,0,,A,PU,_Z,2,,,False,WB_WDI,WB_WDI_NY_GDP_PCAP_PP_CD,JOR,_T,_T,_T,_Z,_Z,_Z,2021,A,PPP,
32945.851573,P1Y,0,,A,PU,_Z,2,,,False,WB_WDI,WB_WDI_NY_GDP_PCAP_PP_CD,KAZ,_T,_T,_T,_Z,_Z,_Z,2021,A,PPP,
5338.852434,P1Y,0,,A,PU,_Z,2,,,False,WB_WDI,WB_WDI_NY_GDP_PCAP_PP_CD,KEN,_T,_T,_T,_Z,_Z,_Z,2021,A,PPP,
3020.493999,P1Y,0,,A,PU,_Z,2,,,False,WB_WDI,WB_WDI_NY_GDP_PCAP_PP_CD,KIR,_T,_T,_T,_Z,_Z,_Z,2021,A,PPP,
51718.251866,P1Y,0,,A,PU,_Z,2,,,False,WB_WDI,WB_WDI_NY_GDP_PCAP_PP_CD,KOR,_T,_T,_T,_Z,_Z,_Z,2021,A,PPP,
17276.757089,P1Y,0,,A,PU,_Z,2,,,False,WB_WDI,WB_WDI_NY_GDP_PCAP_PP_CD,ARG,_T,_T,_T,_Z,_Z,_Z,2008,A,PPP,
7827.316667,P1Y,0,,A,PU,_Z,2,,,False,WB_WDI,WB_WDI_NY_GDP_PCAP_PP_CD,ARM,_T,_T,_T,_Z,_Z,_Z,2008,A,PPP,
38904.999248,P1Y,0,,A,PU,_Z,2,,,False,WB_WDI,WB_WDI_NY_GDP_PCAP_PP_CD,ABW,_T,_T,_T,_Z,_Z,_Z,2008,A,PPP,
37616.01124,P1Y,0,,A,PU,_Z,2,,,False,WB_WDI,WB_WDI_NY_GDP_PCAP_PP_CD,AUS,_T,_T,_T,_Z,_Z,_Z,2008,A,PPP,
41046.790035,P1Y,0,,A,PU,_Z,2,,,False,WB_WDI,WB_WDI_NY_GDP_PCAP_PP_CD,AUT,_T,_T,_T,_Z,_Z,_Z,2008,A,PPP,
13216.843497,P1Y,0,,A,PU,_Z,2,,,False,WB_WDI,WB_WDI_NY_GDP_PCAP_PP_CD,AZE,_T,_T,_T,_Z,_Z,_Z,2008,A,PPP,
30678.626553,P1Y,0,,A,PU,_Z,2,,,False,WB_WDI,WB_WDI_NY_GDP_PCAP_PP_CD,BHS,_T,_T,_T,_Z,_Z,_Z,2008,A,PPP,
50330.324862,P1Y,0,,A,PU,_Z,2,,,False,WB_WDI,WB_WDI_NY_GDP_PCAP_PP_CD,BHR,_T,_T,_T,_Z,_Z,_Z,2008,A,PPP,
2554.857882,P1Y,0,,A,PU,_Z,2,,,False,WB_WDI,WB_WDI_NY_GDP_PCAP_PP_CD,BGD,_T,_T,_T,_Z,_Z,_Z,2008,A,PPP,
21375.900766,P1Y,0,,A,PU,_Z,2,,,False,WB_WDI,WB_WDI_NY_GDP_PCAP_PP_CD,BRB,_T,_T,_T,_Z,_Z,_Z,2008,A,PPP,
13886.131407,P1Y,0,,A,PU,_Z,2,,,False,WB_WDI,WB_WDI_NY_GDP_PCAP_PP_CD,BLR,_T,_T,_T,_Z,_Z,_Z,2008,A,PPP,
37883.331942,P1Y,0,,A,PU,_Z,2,,,False,WB_WDI,WB_WDI_NY_GDP_PCAP_PP_CD,BEL,_T,_T,_T,_Z,_Z,_Z,2008,A,PPP,
20762.536588,P1Y,0,,A,PU,_Z,2,,,False,WB_WDI,WB_WDI_NY_GDP_PCAP_PP_CD,CSS,_T,_T,_T,_Z,_Z,_Z,2017,A,PPP,
29977.339815,P1Y,0,,A,PU,_Z,2,,,False,WB_WDI,WB_WDI_NY_GDP_PCAP_PP_CD,CEB,_T,_T,_T,_Z,_Z,_Z,2017,A,PPP,
9114.437608,P1Y,0,,A,PU,_Z,2,,,False,WB_WDI,WB_WDI_NY_GDP_PCAP_PP_CD,EAR,_T,_T,_T,_Z,_Z,_Z,2017,A,PPP,
16840.939881,P1Y,0,,A,PU,_Z,2,,,False,WB_WDI,WB_WDI_NY_GDP_PCAP_PP_CD,EAS,_T,_T,_T,_Z,_Z,_Z,2017,A,PPP,
13488.393252,P1Y,0,,A,PU,_Z,2,,,False,WB_WDI,WB_WDI_NY_GDP_PCAP_PP_CD,EAP,_T,_T,_T,_Z,_Z,_Z,2017,A,PPP,
13640.200642,P1Y,0,,A,PU,_Z,2,,,False,WB_WDI,WB_WDI_NY_GDP_PCAP_PP_CD,TEA,_T,_T,_T,_Z,_Z,_Z,2017,A,PPP,
45803.086939,P1Y,0,,A,PU,_Z,2,,,False,WB_WDI,WB_WDI_NY_GDP_PCAP_PP_CD,EMU,_T,_T,_T,_Z,_Z,_Z,2017,A,PPP,
34200.015977,P1Y,0,,A,PU,_Z,2,,,False,WB_WDI,WB_WDI_NY_GDP_PCAP_PP_CD,ECS,_T,_T,_T,_Z,_Z,_Z,2017,A,PPP,
17661.786873,P1Y,0,,A,PU,_Z,2,,,False,WB_WDI,WB_WDI_NY_GDP_PCAP_PP_CD,ECA,_T,_T,_T,_Z,_Z,_Z,2017,A,PPP,
21964.712402,P1Y,0,,A,PU,_Z,2,,,False,WB_WDI,WB_WDI_NY_GDP_PCAP_PP_CD,TEC,_T,_T,_T,_Z,_Z,_Z,2017,A,PPP,
43027.514448,P1Y,0,,A,PU,_Z,2,,,False,WB_WDI,WB_WDI_NY_GDP_PCAP_PP_CD,EUU,_T,_T,_T,_Z,_Z,_Z,2017,A,PPP,
2589.600126,P1Y,0,,A,PU,_Z,2,,,False,WB_WDI,WB_WDI_NY_GDP_PCAP_PP_CD,HPC,_T,_T,_T,_Z,_Z,_Z,2017,A,PPP,
46223.23302,P1Y,0,,A,PU,_Z,2,,,False,WB_WDI,WB_WDI_NY_GDP_PCAP_PP_CD,HIC,_T,_T,_T,_Z,_Z,_Z,2017,A,PPP,
13473.998724,P1Y,0,,A,PU,_Z,2,,,False,WB_WDI,WB_WDI_NY_GDP_PCAP_PP_CD,LCN,_T,_T,_T,_Z,_Z,_Z,2010,A,PPP,
13095.971501,P1Y,0,,A,PU,_Z,2,,,False,WB_WDI,WB_WDI_NY_GDP_PCAP_PP_CD,LAC,_T,_T,_T,_Z,_Z,_Z,2010,A,PPP,
13393.93759,P1Y,0,,A,PU,_Z,2,,,False,WB_WDI,WB_WDI_NY_GDP_PCAP_PP_CD,TLA,_T,_T,_T,_Z,_Z,_Z,2010,A,PPP,
2258.441052,P1Y,0,,A,PU,_Z,2,,,False,WB_WDI,WB_WDI_NY_GDP_PCAP_PP_CD,LDC,_T,_T,_T,_Z,_Z,_Z,2010,A,PPP,
7359.864849,P1Y,0,,A,PU,_Z,2,,,False,WB_WDI,WB_WDI_NY_GDP_PCAP_PP_CD,LMY,_T,_T,_T,_Z,_Z,_Z,2010,A,PPP,
1709.76743,P1Y,0,,A,PU,_Z,2,,,False,WB_WDI,WB_WDI_NY_GDP_PCAP_PP_CD,LIC,_T,_T,_T,_Z,_Z,_Z,2010,A,PPP,
4471.780876,P1Y,0,,A,PU,_Z,2,,,False,WB_WDI,WB_WDI_NY_GDP_PCAP_PP_CD,LMC,_T,_T,_T,_Z,_Z,_Z,2010,A,PPP,
12205.693488,P1Y,0,,A,PU,_Z,2,,,False,WB_WDI,WB_WDI_NY_GDP_PCAP_PP_CD,MEA,_T,_T,_T,_Z,_Z,_Z,2010,A,PPP,
8198.788446,P1Y,0,,A,PU,_Z,2,,,False,WB_WDI,WB_WDI_NY_GDP_PCAP_PP_CD,MNA,_T,_T,_T,_Z,_Z,_Z,2010,A,PPP,
8226.600001,P1Y,0,,A,PU,_Z,2,,,False,WB_WDI,WB_WDI_NY_GDP_PCAP_PP_CD,TMN,_T,_T,_T,_Z,_Z,_Z,2010,A,PPP,
7837.472483,P1Y,0,,A,PU,_Z,2,,,False,WB_WDI,WB_WDI_NY_GDP_PCAP_PP_CD,MIC,_T,_T,_T,_Z,_Z,_Z,2010,A,PPP,
47801.474112,P1Y,0,,A,PU,_Z,2,,,False,WB_WDI,WB_WDI_NY_GDP_PCAP_PP_CD,NAC,_T,_T,_T,_Z,_Z,_Z,2010,A,PPP,
34625.798798,P1Y,0,,A,PU,_Z,2,,,False,WB_WDI,WB_WDI_NY_GDP_PCAP_PP_CD,OED,_T,_T,_T,_Z,_Z,_Z,2010,A,PPP,
7486.864527,P1Y,0,,A,PU,_Z,2,,,False,WB_WDI,WB_WDI_NY_GDP_PCAP_PP_CD,LAO,_T,_T,_T,_Z,_Z,_Z,2018,A,PPP,
29817.804726,P1Y,0,,A,PU,_Z,2,,,False,WB_WDI,WB_WDI_NY_GDP_PCAP_PP_CD,LVA,_T,_T,_T,_Z,_Z,_Z,2018,A,PPP,
21985.48847,P1Y,0,,A,PU,_Z,2,,,False,WB_WDI,WB_WDI_NY_GDP_PCAP_PP_CD,LBN,_T,_T,_T,_Z,_Z,_Z,2018,A,PPP,
2632.287752,P1Y,0,,A,PU,_Z,2,,,False,WB_WDI,WB_WDI_NY_GDP_PCAP_PP_CD,LSO,_T,_T,_T,_Z,_Z,_Z,2018,A,PPP,
1799.727514,P1Y,0,,A,PU,_Z,2,,,False,WB_WDI,WB_WDI_NY_GDP_PCAP_PP_CD,LBR,_T,_T,_T,_Z,_Z,_Z,2018,A,PPP,
18879.31513,P1Y,0,,A,PU,_Z,2,,,False,WB_WDI,WB_WDI_NY_GDP_PCAP_PP_CD,LBY,_T,_T,_T,_Z,_Z,_Z,2018,A,PPP,
36491.938522,P1Y,0,,A,PU,_Z,2,,,False,WB_WDI,WB_WDI_NY_GDP_PCAP_PP_CD,LTU,_T,_T,_T,_Z,_Z,_Z,2018,A,PPP,
116638.414164,P1Y,0,,A,PU,_Z,2,,,False,WB_WDI,WB_WDI_NY_GDP_PCAP_PP_CD,LUX,_T,_T,_T,_Z,_Z,_Z,2018,A,PPP,
129457.9986,P1Y,0,,A,PU,_Z,2,,,False,WB_WDI,WB_WDI_NY_GDP_PCAP_PP_CD,MAC,_T,_T,_T,_Z,_Z,_Z,2018,A,PPP,
1546.595635,P1Y,0,,A,PU,_Z,2,,,False,WB_WDI,WB_WDI_NY_GDP_PCAP_PP_CD,MDG,_T,_T,_T,_Z,_Z,_Z,2018,A,PPP,
1363.794456,P1Y,0,,A,PU,_Z,2,,,False,WB_WDI,WB_WDI_NY_GDP_PCAP_PP_CD,MWI,_T,_T,_T,_Z,_Z,_Z,2018,A,PPP,
30215.93249,P1Y,0,,A,PU,_Z,2,,,False,WB_WDI,WB_WDI_NY_GDP_PCAP_PP_CD,IRL,_T,_T,_T,_Z,_Z,_Z,2000,A,PPP,
25766.156784,P1Y,0,,A,PU,_Z,2,,,False,WB_WDI,WB_WDI_NY_GDP_PCAP_PP_CD,ISR,_T,_T,_T,_Z,_Z,_Z,2000,A,PPP,
27152.154491,P1Y,0,,A,PU,_Z,2,,,False,WB_WDI,WB_WDI_NY_GDP_PCAP_PP_CD,ITA,_T,_T,_T,_Z,_Z,_Z,2000,A,PPP,
6816.410295,P1Y,0,,A,PU,_Z,2,,,False,WB_WDI,WB_WDI_NY_GDP_PCAP_PP_CD,JAM,_T,_T,_T,_Z,_Z,_Z,2000,A,PPP,
27287.97933,P1Y,0,,A,PU,_Z,2,,,False,WB_WDI,WB_WDI_NY_GDP_PCAP_PP_CD,JPN,_T,_T,_T,_Z,_Z,_Z,2000,A,PPP,
5640.657282,P1Y,0,,A,PU,_Z,2,,,False,WB_WDI,WB_WDI_NY_GDP_PCAP_PP_CD,JOR,_T,_T,_T,_Z,_Z,_Z,2000,A,PPP,
7418.196121,P1Y,0,,A,PU,_Z,2,,,False,WB_WDI,WB_WDI_NY_GDP_PCAP_PP_CD,KAZ,_T,_T,_T,_Z,_Z,_Z,2000,A,PPP,
1906.897941,P1Y,0,,A,PU,_Z,2,,,False,WB_WDI,WB_WDI_NY_GDP_PCAP_PP_CD,KEN,_T,_T,_T,_Z,_Z,_Z,2000,A,PPP,
1637.936014,P1Y,0,,A,PU,_Z,2,,,False,WB_WDI,WB_WDI_NY_GDP_PCAP_PP_CD,KIR,_T,_T,_T,_Z,_Z,_Z,2000,A,PPP,
19236.908836,P1Y,0,,A,PU,_Z,2,,,False,WB_WDI,WB_WDI_NY_GDP_PCAP_PP_CD,KOR,_T,_T,_T,_Z,_Z,_Z,2000,A,PPP,
58702.867268,P1Y,0,,A,PU,_Z,2,,,False,WB_WDI,WB_WDI_NY_GDP_PCAP_PP_CD,KWT,_T,_T,_T,_Z,_Z,_Z,2000,A,PPP,
40845.956673,P1Y,0,,A,PU,_Z,2,,,False,WB_WDI,WB_WDI_NY_GDP_PCAP_PP_CD,FIN,_T,_T,_T,_Z,_Z,_Z,2011,A,PPP,
37510.37599,P1Y,0,,A,PU,_Z,2,,,False,WB_WDI,WB_WDI_NY_GDP_PCAP_PP_CD,FRA,_T,_T,_T,_Z,_Z,_Z,2011,A,PPP,
14784.348355,P1Y,0,,A,PU,_Z,2,,,False,WB_WDI,WB_WDI_NY_GDP_PCAP_PP_CD,GAB,_T,_T,_T,_Z,_Z,_Z,2011,A,PPP,
2064.253853,P1Y,0,,A,PU,_Z,2,,,False,WB_WDI,WB_WDI_NY_GDP_PCAP_PP_CD,GMB,_T,_T,_T,_Z,_Z,_Z,2011,A,PPP,
8563.835549,P1Y,0,,A,PU,_Z,2,,,False,WB_WDI,WB_WDI_NY_GDP_PCAP_PP_CD,GEO,_T,_T,_T,_Z,_Z,_Z,2011,A,PPP,
43398.344399,P1Y,0,,A,PU,_Z,2,,,False,WB_WDI,WB_WDI_NY_GDP_PCAP_PP_CD,DEU,_T,_T,_T,_Z,_Z,_Z,2011,A,PPP,
4381.125355,P1Y,0,,A,PU,_Z,2,,,False,WB_WDI,WB_WDI_NY_GDP_PCAP_PP_CD,GHA,_T,_T,_T,_Z,_Z,_Z,2011,A,PPP,
25692.574085,P1Y,0,,A,PU,_Z,2,,,False,WB_WDI,WB_WDI_NY_GDP_PCAP_PP_CD,GRC,_T,_T,_T,_Z,_Z,_Z,2011,A,PPP,
50653.058592,P1Y,0,,A,PU,_Z,2,,,False,WB_WDI,WB_WDI_NY_GDP_PCAP_PP_CD,GRL,_T,_T,_T,_Z,_Z,_Z,2011,A,PPP,
10591.747565,P1Y,0,,A,PU,_Z,2,,,False,WB_WDI,WB_WDI_NY_GDP_PCAP_PP_CD,GRD,_T,_T,_T,_Z,_Z,_Z,2011,A,PPP,
32743.489773,P1Y,0,,A,PU,_Z,2,,,False,WB_WDI,WB_WDI_NY_GDP_PCAP_PP_CD,CZE,_T,_T,_T,_Z,_Z,_Z,2014,A,PPP,
47879.595556,P1Y,0,,A,PU,_Z,2,,,False,WB_WDI,WB_WDI_NY_GDP_PCAP_PP_CD,DNK,_T,_T,_T,_Z,_Z,_Z,2014,A,PPP,
3978.346671,P1Y,0,,A,PU,_Z,2,,,False,WB_WDI,WB_WDI_NY_GDP_PCAP_PP_CD,DJI,_T,_T,_T,_Z,_Z,_Z,2014,A,PPP,
12083.292631,P1Y,0,,A,PU,_Z,2,,,False,WB_WDI,WB_WDI_NY_GDP_PCAP_PP_CD,DMA,_T,_T,_T,_Z,_Z,_Z,2014,A,PPP,
13464.792561,P1Y,0,,A,PU,_Z,2,,,False,WB_WDI,WB_WDI_NY_GDP_PCAP_PP_CD,DOM,_T,_T,_T,_Z,_Z,_Z,2014,A,PPP,
11835.609128,P1Y,0,,A,PU,_Z,2,,,False,WB_WDI,WB_WDI_NY_GDP_PCAP_PP_CD,ECU,_T,_T,_T,_Z,_Z,_Z,2014,A,PPP,
10256.436755,P1Y,0,,A,PU,_Z,2,,,False,WB_WDI,WB_WDI_NY_GDP_PCAP_PP_CD,EGY,_T,_T,_T,_Z,_Z,_Z,2014,A,PPP,
7503.711058,P1Y,0,,A,PU,_Z,2,,,False,WB_WDI,WB_WDI_NY_GDP_PCAP_PP_CD,SLV,_T,_T,_T,_Z,_Z,_Z,2014,A,PPP,
27177.271665,P1Y,0,,A,PU,_Z,2,,,False,WB_WDI,WB_WDI_NY_GDP_PCAP_PP_CD,GNQ,_T,_T,_T,_Z,_Z,_Z,2014,A,PPP,
29403.658449,P1Y,0,,A,PU,_Z,2,,,False,WB_WDI,WB_WDI_NY_GDP_PCAP_PP_CD,EST,_T,_T,_T,_Z,_Z,_Z,2014,A,PPP,
813.550256,P1Y,0,,A,PU,_Z,2,,,False,WB_WDI,WB_WDI_NY_GDP_PCAP_PP_CD,AFG,_T,_T,_T,_Z,_Z,_Z,2000,A,PPP,
3977.771869,P1Y,0,,A,PU,_Z,2,,,False,WB_WDI,WB_WDI_NY_GDP_PCAP_PP_CD,ALB,_T,_T,_T,_Z,_Z,_Z,2000,A,PPP,
9186.815903,P1Y,0,,A,PU,_Z,2,,,False,WB_WDI,WB_WDI_NY_GDP_PCAP_PP_CD,DZA,_T,_T,_T,_Z,_Z,_Z,2000,A,PPP,
33458.118163,P1Y,0,,A,PU,_Z,2,,,False,WB_WDI,WB_WDI_NY_GDP_PCAP_PP_CD,AND,_T,_T,_T,_Z,_Z,_Z,2000,A,PPP,
3689.537808,P1Y,0,,A,PU,_Z,2,,,False,WB_WDI,WB_WDI_NY_GDP_PCAP_PP_CD,AGO,_T,_T,_T,_Z,_Z,_Z,2000,A,PPP,
19318.896578,P1Y,0,,A,PU,_Z,2,,,False,WB_WDI,WB_WDI_NY_GDP_PCAP_PP_CD,ATG,_T,_T,_T,_Z,_Z,_Z,2000,A,PPP,
11499.9828,P1Y,0,,A,PU,_Z,2,,,False,WB_WDI,WB_WDI_NY_GDP_PCAP_PP_CD,ARG,_T,_T,_T,_Z,_Z,_Z,2000,A,PPP,
2530.743947,P1Y,0,,A,PU,_Z,2,,,False,WB_WDI,WB_WDI_NY_GDP_PCAP_PP_CD,ARM,_T,_T,_T,_Z,_Z,_Z,2000,A,PPP,
30245.706974,P1Y,0,,A,PU,_Z,2,,,False,WB_WDI,WB_WDI_NY_GDP_PCAP_PP_CD,ABW,_T,_T,_T,_Z,_Z,_Z,2000,A,PPP,
26584.819197,P1Y,0,,A,PU,_Z,2,,,False,WB_WDI,WB_WDI_NY_GDP_PCAP_PP_CD,AUS,_T,_T,_T,_Z,_Z,_Z,2000,A,PPP,
29220.985304,P1Y,0,,A,PU,_Z,2,,,False,WB_WDI,WB_WDI_NY_GDP_PCAP_PP_CD,AUT,_T,_T,_T,_Z,_Z,_Z,2000,A,PPP,
3439.144429,P1Y,0,,A,PU,_Z,2,,,False,WB_WDI,WB_WDI_NY_GDP_PCAP_PP_CD,AZE,_T,_T,_T,_Z,_Z,_Z,2000,A,PPP,
25421.62294,P1Y,0,,A,PU,_Z,2,,,False,WB_WDI,WB_WDI_NY_GDP_PCAP_PP_CD,BHS,_T,_T,_T,_Z,_Z,_Z,2000,A,PPP,
6033.120303,P1Y,0,,A,PU,_Z,2,,,False,WB_WDI,WB_WDI_NY_GDP_PCAP_PP_CD,FJI,_T,_T,_T,_Z,_Z,_Z,2003,A,PPP,
29042.698985,P1Y,0,,A,PU,_Z,2,,,False,WB_WDI,WB_WDI_NY_GDP_PCAP_PP_CD,FIN,_T,_T,_T,_Z,_Z,_Z,2003,A,PPP,
28024.089724,P1Y,0,,A,PU,_Z,2,,,False,WB_WDI,WB_WDI_NY_GDP_PCAP_PP_CD,FRA,_T,_T,_T,_Z,_Z,_Z,2003,A,PPP,
13564.180414,P1Y,0,,A,PU,_Z,2,,,False,WB_WDI,WB_WDI_NY_GDP_PCAP_PP_CD,GAB,_T,_T,_T,_Z,_Z,_Z,2003,A,PPP,
1849.78337,P1Y,0,,A,PU,_Z,2,,,False,WB_WDI,WB_WDI_NY_GDP_PCAP_PP_CD,GMB,_T,_T,_T,_Z,_Z,_Z,2003,A,PPP,
4239.938414,P1Y,0,,A,PU,_Z,2,,,False,WB_WDI,WB_WDI_NY_GDP_PCAP_PP_CD,GEO,_T,_T,_T,_Z,_Z,_Z,2003,A,PPP,
30301.401769,P1Y,0,,A,PU,_Z,2,,,False,WB_WDI,WB_WDI_NY_GDP_PCAP_PP_CD,DEU,_T,_T,_T,_Z,_Z,_Z,2003,A,PPP,
2584.477237,P1Y,0,,A,PU,_Z,2,,,False,WB_WDI,WB_WDI_NY_GDP_PCAP_PP_CD,GHA,_T,_T,_T,_Z,_Z,_Z,2003,A,PPP,
23252.611136,P1Y,0,,A,PU,_Z,2,,,False,WB_WDI,WB_WDI_NY_GDP_PCAP_PP_CD,GRC,_T,_T,_T,_Z,_Z,_Z,2003,A,PPP,
32516.041374,P1Y,0,,A,PU,_Z,2,,,False,WB_WDI,WB_WDI_NY_GDP_PCAP_PP_CD,GRL,_T,_T,_T,_Z,_Z,_Z,2003,A,PPP,
8469.087527,P1Y,0,,A,PU,_Z,2,,,False,WB_WDI,WB_WDI_NY_GDP_PCAP_PP_CD,GRD,_T,_T,_T,_Z,_Z,_Z,2003,A,PPP,
2171.360916,P1Y,0,,A,PU,_Z,2,,,False,WB_WDI,WB_WDI_NY_GDP_PCAP_PP_CD,TJK,_T,_T,_T,_Z,_Z,_Z,2009,A,PPP,
1972.167847,P1Y,0,,A,PU,_Z,2,,,False,WB_WDI,WB_WDI_NY_GDP_PCAP_PP_CD,TZA,_T,_T,_T,_Z,_Z,_Z,2009,A,PPP,
11964.052947,P1Y,0,,A,PU,_Z,2,,,False,WB_WDI,WB_WDI_NY_GDP_PCAP_PP_CD,THA,_T,_T,_T,_Z,_Z,_Z,2009,A,PPP,
1810.186019,P1Y,0,,A,PU,_Z,2,,,False,WB_WDI,WB_WDI_NY_GDP_PCAP_PP_CD,TLS,_T,_T,_T,_Z,_Z,_Z,2009,A,PPP,
1474.18339,P1Y,0,,A,PU,_Z,2,,,False,WB_WDI,WB_WDI_NY_GDP_PCAP_PP_CD,TGO,_T,_T,_T,_Z,_Z,_Z,2009,A,PPP,
4383.811302,P1Y,0,,A,PU,_Z,2,,,False,WB_WDI,WB_WDI_NY_GDP_PCAP_PP_CD,TON,_T,_T,_T,_Z,_Z,_Z,2009,A,PPP,
29601.619447,P1Y,0,,A,PU,_Z,2,,,False,WB_WDI,WB_WDI_NY_GDP_PCAP_PP_CD,TTO,_T,_T,_T,_Z,_Z,_Z,2009,A,PPP,
10237.088999,P1Y,0,,A,PU,_Z,2,,,False,WB_WDI,WB_WDI_NY_GDP_PCAP_PP_CD,TUN,_T,_T,_T,_Z,_Z,_Z,2009,A,PPP,
15559.742533,P1Y,0,,A,PU,_Z,2,,,False,WB_WDI,WB_WDI_NY_GDP_PCAP_PP_CD,TUR,_T,_T,_T,_Z,_Z,_Z,2009,A,PPP,
8285.01893,P1Y,0,,A,PU,_Z,2,,,False,WB_WDI,WB_WDI_NY_GDP_PCAP_PP_CD,TKM,_T,_T,_T,_Z,_Z,_Z,2009,A,PPP,
75941.489909,P1Y,0,,A,PU,_Z,2,,,False,WB_WDI,WB_WDI_NY_GDP_PCAP_PP_CD,SMR,_T,_T,_T,_Z,_Z,_Z,2022,A,PPP,
6033.681172,P1Y,0,,A,PU,_Z,2,,,False,WB_WDI,WB_WDI_NY_GDP_PCAP_PP_CD,STP,_T,_T,_T,_Z,_Z,_Z,2022,A,PPP,
71968.074956,P1Y,0,,A,PU,_Z,2,,,False,WB_WDI,WB_WDI_NY_GDP_PCAP_PP_CD,SAU,_T,_T,_T,_Z,_Z,_Z,2022,A,PPP,
4530.220595,P1Y,0,,A,PU,_Z,2,,,False,WB_WDI,WB_WDI_NY_GDP_PCAP_PP_CD,SEN,_T,_T,_T,_Z,_Z,_Z,2022,A,PPP,
26142.827924,P1Y,0,,A,PU,_Z,2,,,False,WB_WDI,WB_WDI_NY_GDP_PCAP_PP_CD,SRB,_T,_T,_T,_Z,_Z,_Z,2022,A,PPP,
29972.875832,P1Y,0,,A,PU,_Z,2,,,False,WB_WDI,WB_WDI_NY_GDP_PCAP_PP_CD,SYC,_T,_T,_T,_Z,_Z,_Z,2022,A,PPP,
3143.964511,P1Y,0,,A,PU,_Z,2,,,False,WB_WDI,WB_WDI_NY_GDP_PCAP_PP_CD,SLE,_T,_T,_T,_Z,_Z,_Z,2022,A,PPP,
143094.949897,P1Y,0,,A,PU,_Z,2,,,False,WB_WDI,WB_WDI_NY_GDP_PCAP_PP_CD,SGP,_T,_T,_T,_Z,_Z,_Z,2022,A,PPP,
48760.682058,P1Y,0,,A,PU,_Z,2,,,False,WB_WDI,WB_WDI_NY_GDP_PCAP_PP_CD,SXM,_T,_T,_T,_Z,_Z,_Z,2022,A,PPP,
41562.149779,P1Y,0,,A,PU,_Z,2,,,False,WB_WDI,WB_WDI_NY_GDP_PCAP_PP_CD,SVK,_T,_T,_T,_Z,_Z,_Z,2022,A,PPP,
52347.109727,P1Y,0,,A,PU,_Z,2,,,False,WB_WDI,WB_WDI_NY_GDP_PCAP_PP_CD,SVN,_T,_T,_T,_Z,_Z,_Z,2022,A,PPP,
2496.227346,P1Y,0,,A,PU,_Z,2,,,False,WB_WDI,WB_WDI_NY_GDP_PCAP_PP_CD,SLB,_T,_T,_T,_Z,_Z,_Z,2022,A,PPP,
1486.472473,P1Y,0,,A,PU,_Z,2,,,False,WB_WDI,WB_WDI_NY_GDP_PCAP_PP_CD,SOM,_T,_T,_T,_Z,_Z,_Z,2022,A,PPP,
14749.047805,P1Y,0,,A,PU,_Z,2,,,False,WB_WDI,WB_WDI_NY_GDP_PCAP_PP_CD,ZAF,_T,_T,_T,_Z,_Z,_Z,2022,A,PPP,
40739.113181,P1Y,0,,A,PU,_Z,2,,,False,WB_WDI,WB_WDI_NY_GDP_PCAP_PP_CD,FIN,_T,_T,_T,_Z,_Z,_Z,2012,A,PPP,
37671.023927,P1Y,0,,A,PU,_Z,2,,,False,WB_WDI,WB_WDI_NY_GDP_PCAP_PP_CD,FRA,_T,_T,_T,_Z,_Z,_Z,2012,A,PPP,
14619.718145,P1Y,0,,A,PU,_Z,2,,,False,WB_WDI,WB_WDI_NY_GDP_PCAP_PP_CD,GAB,_T,_T,_T,_Z,_Z,_Z,2012,A,PPP,
2064.814381,P1Y,0,,A,PU,_Z,2,,,False,WB_WDI,WB_WDI_NY_GDP_PCAP_PP_CD,GMB,_T,_T,_T,_Z,_Z,_Z,2012,A,PPP,
10059.98206,P1Y,0,,A,PU,_Z,2,,,False,WB_WDI,WB_WDI_NY_GDP_PCAP_PP_CD,GEO,_T,_T,_T,_Z,_Z,_Z,2012,A,PPP,
44229.394192,P1Y,0,,A,PU,_Z,2,,,False,WB_WDI,WB_WDI_NY_GDP_PCAP_PP_CD,DEU,_T,_T,_T,_Z,_Z,_Z,2012,A,PPP,
4933.652543,P1Y,0,,A,PU,_Z,2,,,False,WB_WDI,WB_WDI_NY_GDP_PCAP_PP_CD,GHA,_T,_T,_T,_Z,_Z,_Z,2012,A,PPP,
24582.974196,P1Y,0,,A,PU,_Z,2,,,False,WB_WDI,WB_WDI_NY_GDP_PCAP_PP_CD,GRC,_T,_T,_T,_Z,_Z,_Z,2012,A,PPP,
52389.325352,P1Y,0,,A,PU,_Z,2,,,False,WB_WDI,WB_WDI_NY_GDP_PCAP_PP_CD,GRL,_T,_T,_T,_Z,_Z,_Z,2012,A,PPP,
10575.105627,P1Y,0,,A,PU,_Z,2,,,False,WB_WDI,WB_WDI_NY_GDP_PCAP_PP_CD,GRD,_T,_T,_T,_Z,_Z,_Z,2012,A,PPP,
19962.148247,P1Y,0,,A,PU,_Z,2,,,False,WB_WDI,WB_WDI_NY_GDP_PCAP_PP_CD,MKD,_T,_T,_T,_Z,_Z,_Z,2020,A,PPP,
67110.604571,P1Y,0,,A,PU,_Z,2,,,False,WB_WDI,WB_WDI_NY_GDP_PCAP_PP_CD,NOR,_T,_T,_T,_Z,_Z,_Z,2020,A,PPP,
35163.328178,P1Y,0,,A,PU,_Z,2,,,False,WB_WDI,WB_WDI_NY_GDP_PCAP_PP_CD,OMN,_T,_T,_T,_Z,_Z,_Z,2020,A,PPP,
5048.021306,P1Y,0,,A,PU,_Z,2,,,False,WB_WDI,WB_WDI_NY_GDP_PCAP_PP_CD,PAK,_T,_T,_T,_Z,_Z,_Z,2020,A,PPP,
17389.724615,P1Y,0,,A,PU,_Z,2,,,False,WB_WDI,WB_WDI_NY_GDP_PCAP_PP_CD,PLW,_T,_T,_T,_Z,_Z,_Z,2020,A,PPP,
27017.003379,P1Y,0,,A,PU,_Z,2,,,False,WB_WDI,WB_WDI_NY_GDP_PCAP_PP_CD,PAN,_T,_T,_T,_Z,_Z,_Z,2020,A,PPP,
3899.577192,P1Y,0,,A,PU,_Z,2,,,False,WB_WDI,WB_WDI_NY_GDP_PCAP_PP_CD,PNG,_T,_T,_T,_Z,_Z,_Z,2020,A,PPP,
14308.878774,P1Y,0,,A,PU,_Z,2,,,False,WB_WDI,WB_WDI_NY_GDP_PCAP_PP_CD,PRY,_T,_T,_T,_Z,_Z,_Z,2020,A,PPP,
12563.303806,P1Y,0,,A,PU,_Z,2,,,False,WB_WDI,WB_WDI_NY_GDP_PCAP_PP_CD,PER,_T,_T,_T,_Z,_Z,_Z,2020,A,PPP,
8238.36802,P1Y,0,,A,PU,_Z,2,,,False,WB_WDI,WB_WDI_NY_GDP_PCAP_PP_CD,PHL,_T,_T,_T,_Z,_Z,_Z,2020,A,PPP,
37089.300426,P1Y,0,,A,PU,_Z,2,,,False,WB_WDI,WB_WDI_NY_GDP_PCAP_PP_CD,POL,_T,_T,_T,_Z,_Z,_Z,2020,A,PPP,
36178.187016,P1Y,0,,A,PU,_Z,2,,,False,WB_WDI,WB_WDI_NY_GDP_PCAP_PP_CD,SXM,_T,_T,_T,_Z,_Z,_Z,2013,A,PPP,
28075.432624,P1Y,0,,A,PU,_Z,2,,,False,WB_WDI,WB_WDI_NY_GDP_PCAP_PP_CD,SVK,_T,_T,_T,_Z,_Z,_Z,2013,A,PPP,
29634.065761,P1Y,0,,A,PU,_Z,2,,,False,WB_WDI,WB_WDI_NY_GDP_PCAP_PP_CD,SVN,_T,_T,_T,_Z,_Z,_Z,2013,A,PPP,
2394.467881,P1Y,0,,A,PU,_Z,2,,,False,WB_WDI,WB_WDI_NY_GDP_PCAP_PP_CD,SLB,_T,_T,_T,_Z,_Z,_Z,2013,A,PPP,
944.404567,P1Y,0,,A,PU,_Z,2,,,False,WB_WDI,WB_WDI_NY_GDP_PCAP_PP_CD,SOM,_T,_T,_T,_Z,_Z,_Z,2013,A,PPP,
13369.438204,P1Y,0,,A,PU,_Z,2,,,False,WB_WDI,WB_WDI_NY_GDP_PCAP_PP_CD,ZAF,_T,_T,_T,_Z,_Z,_Z,2013,A,PPP,
1916.853559,P1Y,0,,A,PU,_Z,2,,,False,WB_WDI,WB_WDI_NY_GDP_PCAP_PP_CD,SSD,_T,_T,_T,_Z,_Z,_Z,2013,A,PPP,
32613.689181,P1Y,0,,A,PU,_Z,2,,,False,WB_WDI,WB_WDI_NY_GDP_PCAP_PP_CD,ESP,_T,_T,_T,_Z,_Z,_Z,2013,A,PPP,
11252.631149,P1Y,0,,A,PU,_Z,2,,,False,WB_WDI,WB_WDI_NY_GDP_PCAP_PP_CD,LKA,_T,_T,_T,_Z,_Z,_Z,2013,A,PPP,
24624.436231,P1Y,0,,A,PU,_Z,2,,,False,WB_WDI,WB_WDI_NY_GDP_PCAP_PP_CD,KNA,_T,_T,_T,_Z,_Z,_Z,2013,A,PPP,
14009.984456,P1Y,0,,A,PU,_Z,2,,,False,WB_WDI,WB_WDI_NY_GDP_PCAP_PP_CD,LCA,_T,_T,_T,_Z,_Z,_Z,2013,A,PPP,
11624.862514,P1Y,0,,A,PU,_Z,2,,,False,WB_WDI,WB_WDI_NY_GDP_PCAP_PP_CD,VCT,_T,_T,_T,_Z,_Z,_Z,2013,A,PPP,
29867.980339,P1Y,0,,A,PU,_Z,2,,,False,WB_WDI,WB_WDI_NY_GDP_PCAP_PP_CD,SVK,_T,_T,_T,_Z,_Z,_Z,2016,A,PPP,
33575.177544,P1Y,0,,A,PU,_Z,2,,,False,WB_WDI,WB_WDI_NY_GDP_PCAP_PP_CD,SVN,_T,_T,_T,_Z,_Z,_Z,2016,A,PPP,
2421.189911,P1Y,0,,A,PU,_Z,2,,,False,WB_WDI,WB_WDI_NY_GDP_PCAP_PP_CD,SLB,_T,_T,_T,_Z,_Z,_Z,2016,A,PPP,
1468.504385,P1Y,0,,A,PU,_Z,2,,,False,WB_WDI,WB_WDI_NY_GDP_PCAP_PP_CD,SOM,_T,_T,_T,_Z,_Z,_Z,2016,A,PPP,
13519.32351,P1Y,0,,A,PU,_Z,2,,,False,WB_WDI,WB_WDI_NY_GDP_PCAP_PP_CD,ZAF,_T,_T,_T,_Z,_Z,_Z,2016,A,PPP,
37612.718868,P1Y,0,,A,PU,_Z,2,,,False,WB_WDI,WB_WDI_NY_GDP_PCAP_PP_CD,ESP,_T,_T,_T,_Z,_Z,_Z,2016,A,PPP,
13078.560509,P1Y,0,,A,PU,_Z,2,,,False,WB_WDI,WB_WDI_NY_GDP_PCAP_PP_CD,LKA,_T,_T,_T,_Z,_Z,_Z,2016,A,PPP,
28214.709934,P1Y,0,,A,PU,_Z,2,,,False,WB_WDI,WB_WDI_NY_GDP_PCAP_PP_CD,KNA,_T,_T,_T,_Z,_Z,_Z,2016,A,PPP,
15306.725806,P1Y,0,,A,PU,_Z,2,,,False,WB_WDI,WB_WDI_NY_GDP_PCAP_PP_CD,LCA,_T,_T,_T,_Z,_Z,_Z,2016,A,PPP,
13493.477312,P1Y,0,,A,PU,_Z,2,,,False,WB_WDI,WB_WDI_NY_GDP_PCAP_PP_CD,VCT,_T,_T,_T,_Z,_Z,_Z,2016,A,PPP,
4470.35498,P1Y,0,,A,PU,_Z,2,,,False,WB_WDI,WB_WDI_NY_GDP_PCAP_PP_CD,SDN,_T,_T,_T,_Z,_Z,_Z,2016,A,PPP,
14804.097407,P1Y,0,,A,PU,_Z,2,,,False,WB_WDI,WB_WDI_NY_GDP_PCAP_PP_CD,DOM,_T,_T,_T,_Z,_Z,_Z,2015,A,PPP,
10877.750746,P1Y,0,,A,PU,_Z,2,,,False,WB_WDI,WB_WDI_NY_GDP_PCAP_PP_CD,ECU,_T,_T,_T,_Z,_Z,_Z,2015,A,PPP,
10903.336823,P1Y,0,,A,PU,_Z,2,,,False,WB_WDI,WB_WDI_NY_GDP_PCAP_PP_CD,EGY,_T,_T,_T,_Z,_Z,_Z,2015,A,PPP,
7933.736979,P1Y,0,,A,PU,_Z,2,,,False,WB_WDI,WB_WDI_NY_GDP_PCAP_PP_CD,SLV,_T,_T,_T,_Z,_Z,_Z,2015,A,PPP,
19478.701012,P1Y,0,,A,PU,_Z,2,,,False,WB_WDI,WB_WDI_NY_GDP_PCAP_PP_CD,GNQ,_T,_T,_T,_Z,_Z,_Z,2015,A,PPP,
29712.629947,P1Y,0,,A,PU,_Z,2,,,False,WB_WDI,WB_WDI_NY_GDP_PCAP_PP_CD,EST,_T,_T,_T,_Z,_Z,_Z,2015,A,PPP,
8391.070061,P1Y,0,,A,PU,_Z,2,,,False,WB_WDI,WB_WDI_NY_GDP_PCAP_PP_CD,SWZ,_T,_T,_T,_Z,_Z,_Z,2015,A,PPP,
1632.61818,P1Y,0,,A,PU,_Z,2,,,False,WB_WDI,WB_WDI_NY_GDP_PCAP_PP_CD,ETH,_T,_T,_T,_Z,_Z,_Z,2015,A,PPP,
53684.367165,P1Y,0,,A,PU,_Z,2,,,False,WB_WDI,WB_WDI_NY_GDP_PCAP_PP_CD,FRO,_T,_T,_T,_Z,_Z,_Z,2015,A,PPP,
11519.301219,P1Y,0,,A,PU,_Z,2,,,False,WB_WDI,WB_WDI_NY_GDP_PCAP_PP_CD,FJI,_T,_T,_T,_Z,_Z,_Z,2015,A,PPP,
10803.556368,P1Y,0,,A,PU,_Z,2,,,False,WB_WDI,WB_WDI_NY_GDP_PCAP_PP_CD,DMA,_T,_T,_T,_Z,_Z,_Z,2009,A,PPP,
10381.624813,P1Y,0,,A,PU,_Z,2,,,False,WB_WDI,WB_WDI_NY_GDP_PCAP_PP_CD,DOM,_T,_T,_T,_Z,_Z,_Z,2009,A,PPP,
8662.106727,P1Y,0,,A,PU,_Z,2,,,False,WB_WDI,WB_WDI_NY_GDP_PCAP_PP_CD,ECU,_T,_T,_T,_Z,_Z,_Z,2009,A,PPP,
8465.020524,P1Y,0,,A,PU,_Z,2,,,False,WB_WDI,WB_WDI_NY_GDP_PCAP_PP_CD,EGY,_T,_T,_T,_Z,_Z,_Z,2009,A,PPP,
6062.67572,P1Y,0,,A,PU,_Z,2,,,False,WB_WDI,WB_WDI_NY_GDP_PCAP_PP_CD,SLV,_T,_T,_T,_Z,_Z,_Z,2009,A,PPP,
29722.000563,P1Y,0,,A,PU,_Z,2,,,False,WB_WDI,WB_WDI_NY_GDP_PCAP_PP_CD,GNQ,_T,_T,_T,_Z,_Z,_Z,2009,A,PPP,
1576.742846,P1Y,0,,A,PU,_Z,2,,,False,WB_WDI,WB_WDI_NY_GDP_PCAP_PP_CD,ERI,_T,_T,_T,_Z,_Z,_Z,2009,A,PPP,
20488.949907,P1Y,0,,A,PU,_Z,2,,,False,WB_WDI,WB_WDI_NY_GDP_PCAP_PP_CD,EST,_T,_T,_T,_Z,_Z,_Z,2009,A,PPP,
7010.933126,P1Y,0,,A,PU,_Z,2,,,False,WB_WDI,WB_WDI_NY_GDP_PCAP_PP_CD,SWZ,_T,_T,_T,_Z,_Z,_Z,2009,A,PPP,
899.140902,P1Y,0,,A,PU,_Z,2,,,False,WB_WDI,WB_WDI_NY_GDP_PCAP_PP_CD,ETH,_T,_T,_T,_Z,_Z,_Z,2009,A,PPP,
1658.802309,P1Y,0,,A,PU,_Z,2,,,False,WB_WDI,WB_WDI_NY_GDP_PCAP_PP_CD,BGD,_T,_T,_T,_Z,_Z,_Z,2002,A,PPP,
16133.079288,P1Y,0,,A,PU,_Z,2,,,False,WB_WDI,WB_WDI_NY_GDP_PCAP_PP_CD,BRB,_T,_T,_T,_Z,_Z,_Z,2002,A,PPP,
6697.154362,P1Y,0,,A,PU,_Z,2,,,False,WB_WDI,WB_WDI_NY_GDP_PCAP_PP_CD,BLR,_T,_T,_T,_Z,_Z,_Z,2002,A,PPP,
30282.288645,P1Y,0,,A,PU,_Z,2,,,False,WB_WDI,WB_WDI_NY_GDP_PCAP_PP_CD,BEL,_T,_T,_T,_Z,_Z,_Z,2002,A,PPP,
8153.663926,P1Y,0,,A,PU,_Z,2,,,False,WB_WDI,WB_WDI_NY_GDP_PCAP_PP_CD,BLZ,_T,_T,_T,_Z,_Z,_Z,2002,A,PPP,
1799.882696,P1Y,0,,A,PU,_Z,2,,,False,WB_WDI,WB_WDI_NY_GDP_PCAP_PP_CD,BEN,_T,_T,_T,_Z,_Z,_Z,2002,A,PPP,
58862.690799,P1Y,0,,A,PU,_Z,2,,,False,WB_WDI,WB_WDI_NY_GDP_PCAP_PP_CD,BMU,_T,_T,_T,_Z,_Z,_Z,2002,A,PPP,
3662.809072,P1Y,0,,A,PU,_Z,2,,,False,WB_WDI,WB_WDI_NY_GDP_PCAP_PP_CD,BTN,_T,_T,_T,_Z,_Z,_Z,2002,A,PPP,
4303.835147,P1Y,0,,A,PU,_Z,2,,,False,WB_WDI,WB_WDI_NY_GDP_PCAP_PP_CD,BOL,_T,_T,_T,_Z,_Z,_Z,2002,A,PPP,
4664.66989,P1Y,0,,A,PU,_Z,2,,,False,WB_WDI,WB_WDI_NY_GDP_PCAP_PP_CD,BIH,_T,_T,_T,_Z,_Z,_Z,2002,A,PPP,
9957.740559,P1Y,0,,A,PU,_Z,2,,,False,WB_WDI,WB_WDI_NY_GDP_PCAP_PP_CD,BWA,_T,_T,_T,_Z,_Z,_Z,2002,A,PPP,
9616.594855,P1Y,0,,A,PU,_Z,2,,,False,WB_WDI,WB_WDI_NY_GDP_PCAP_PP_CD,BRA,_T,_T,_T,_Z,_Z,_Z,2002,A,PPP,
1672.73375,P1Y,0,,A,PU,_Z,2,,,False,WB_WDI,WB_WDI_NY_GDP_PCAP_PP_CD,TJK,_T,_T,_T,_Z,_Z,_Z,2005,A,PPP,
1598.037476,P1Y,0,,A,PU,_Z,2,,,False,WB_WDI,WB_WDI_NY_GDP_PCAP_PP_CD,TZA,_T,_T,_T,_Z,_Z,_Z,2005,A,PPP,
10169.045361,P1Y,0,,A,PU,_Z,2,,,False,WB_WDI,WB_WDI_NY_GDP_PCAP_PP_CD,THA,_T,_T,_T,_Z,_Z,_Z,2005,A,PPP,
1434.822072,P1Y,0,,A,PU,_Z,2,,,False,WB_WDI,WB_WDI_NY_GDP_PCAP_PP_CD,TLS,_T,_T,_T,_Z,_Z,_Z,2005,A,PPP,
1367.510663,P1Y,0,,A,PU,_Z,2,,,False,WB_WDI,WB_WDI_NY_GDP_PCAP_PP_CD,TGO,_T,_T,_T,_Z,_Z,_Z,2005,A,PPP,
4314.547198,P1Y,0,,A,PU,_Z,2,,,False,WB_WDI,WB_WDI_NY_GDP_PCAP_PP_CD,TON,_T,_T,_T,_Z,_Z,_Z,2005,A,PPP,
23536.026872,P1Y,0,,A,PU,_Z,2,,,False,WB_WDI,WB_WDI_NY_GDP_PCAP_PP_CD,TTO,_T,_T,_T,_Z,_Z,_Z,2005,A,PPP,
8116.954899,P1Y,0,,A,PU,_Z,2,,,False,WB_WDI,WB_WDI_NY_GDP_PCAP_PP_CD,TUN,_T,_T,_T,_Z,_Z,_Z,2005,A,PPP,
11803.360442,P1Y,0,,A,PU,_Z,2,,,False,WB_WDI,WB_WDI_NY_GDP_PCAP_PP_CD,TUR,_T,_T,_T,_Z,_Z,_Z,2005,A,PPP,
5489.345422,P1Y,0,,A,PU,_Z,2,,,False,WB_WDI,WB_WDI_NY_GDP_PCAP_PP_CD,TKM,_T,_T,_T,_Z,_Z,_Z,2005,A,PPP,
2727.664931,P1Y,0,,A,PU,_Z,2,,,False,WB_WDI,WB_WDI_NY_GDP_PCAP_PP_CD,TUV,_T,_T,_T,_Z,_Z,_Z,2005,A,PPP,
58187.476407,P1Y,0,,A,PU,_Z,2,,,False,WB_WDI,WB_WDI_NY_GDP_PCAP_PP_CD,HKG,_T,_T,_T,_Z,_Z,_Z,2020,A,PPP,
35583.585568,P1Y,0,,A,PU,_Z,2,,,False,WB_WDI,WB_WDI_NY_GDP_PCAP_PP_CD,HUN,_T,_T,_T,_Z,_Z,_Z,2020,A,PPP,
55796.745467,P1Y,0,,A,PU,_Z,2,,,False,WB_WDI,WB_WDI_NY_GDP_PCAP_PP_CD,ISL,_T,_T,_T,_Z,_Z,_Z,2020,A,PPP,
6966.275428,P1Y,0,,A,PU,_Z,2,,,False,WB_WDI,WB_WDI_NY_GDP_PCAP_PP_CD,IND,_T,_T,_T,_Z,_Z,_Z,2020,A,PPP,
11729.367446,P1Y,0,,A,PU,_Z,2,,,False,WB_WDI,WB_WDI_NY_GDP_PCAP_PP_CD,IDN,_T,_T,_T,_Z,_Z,_Z,2020,A,PPP,
15119.305886,P1Y,0,,A,PU,_Z,2,,,False,WB_WDI,WB_WDI_NY_GDP_PCAP_PP_CD,IRN,_T,_T,_T,_Z,_Z,_Z,2020,A,PPP,
10573.930475,P1Y,0,,A,PU,_Z,2,,,False,WB_WDI,WB_WDI_NY_GDP_PCAP_PP_CD,IRQ,_T,_T,_T,_Z,_Z,_Z,2020,A,PPP,
97799.922575,P1Y,0,,A,PU,_Z,2,,,False,WB_WDI,WB_WDI_NY_GDP_PCAP_PP_CD,IRL,_T,_T,_T,_Z,_Z,_Z,2020,A,PPP,
40955.285618,P1Y,0,,A,PU,_Z,2,,,False,WB_WDI,WB_WDI_NY_GDP_PCAP_PP_CD,ISR,_T,_T,_T,_Z,_Z,_Z,2020,A,PPP,
44435.643439,P1Y,0,,A,PU,_Z,2,,,False,WB_WDI,WB_WDI_NY_GDP_PCAP_PP_CD,ITA,_T,_T,_T,_Z,_Z,_Z,2020,A,PPP,
9764.352588,P1Y,0,,A,PU,_Z,2,,,False,WB_WDI,WB_WDI_NY_GDP_PCAP_PP_CD,JAM,_T,_T,_T,_Z,_Z,_Z,2020,A,PPP,
19819.869035,P1Y,0,,A,PU,_Z,2,,,False,WB_WDI,WB_WDI_NY_GDP_PCAP_PP_CD,VCT,_T,_T,_T,_Z,_Z,_Z,2023,A,PPP,
2420.657959,P1Y,0,,A,PU,_Z,2,,,False,WB_WDI,WB_WDI_NY_GDP_PCAP_PP_CD,SDN,_T,_T,_T,_Z,_Z,_Z,2023,A,PPP,
21110.19802,P1Y,0,,A,PU,_Z,2,,,False,WB_WDI,WB_WDI_NY_GDP_PCAP_PP_CD,SUR,_T,_T,_T,_Z,_Z,_Z,2023,A,PPP,
69226.327276,P1Y,0,,A,PU,_Z,2,,,False,WB_WDI,WB_WDI_NY_GDP_PCAP_PP_CD,SWE,_T,_T,_T,_Z,_Z,_Z,2023,A,PPP,
95141.596094,P1Y,0,,A,PU,_Z,2,,,False,WB_WDI,WB_WDI_NY_GDP_PCAP_PP_CD,CHE,_T,_T,_T,_Z,_Z,_Z,2023,A,PPP,
4963.582953,P1Y,0,,A,PU,_Z,2,,,False,WB_WDI,WB_WDI_NY_GDP_PCAP_PP_CD,TJK,_T,_T,_T,_Z,_Z,_Z,2023,A,PPP,
4018.516602,P1Y,0,,A,PU,_Z,2,,,False,WB_WDI,WB_WDI_NY_GDP_PCAP_PP_CD,TZA,_T,_T,_T,_Z,_Z,_Z,2023,A,PPP,
23519.212098,P1Y,0,,A,PU,_Z,2,,,False,WB_WDI,WB_WDI_NY_GDP_PCAP_PP_CD,THA,_T,_T,_T,_Z,_Z,_Z,2023,A,PPP,
4806.821816,P1Y,0,,A,PU,_Z,2,,,False,WB_WDI,WB_WDI_NY_GDP_PCAP_PP_CD,TLS,_T,_T,_T,_Z,_Z,_Z,2023,A,PPP,
3154.433293,P1Y,0,,A,PU,_Z,2,,,False,WB_WDI,WB_WDI_NY_GDP_PCAP_PP_CD,TGO,_T,_T,_T,_Z,_Z,_Z,2023,A,PPP,
7802.669862,P1Y,0,,A,PU,_Z,2,,,True,WB_WDI,WB_WDI_NY_GDP_PCAP_PP_CD,TON,_T,_T,_T,_Z,_Z,_Z,2023,A,PPP,
34623.36915,P1Y,0,,A,PU,_Z,2,,,False,WB_WDI,WB_WDI_NY_GDP_PCAP_PP_CD,TTO,_T,_T,_T,_Z,_Z,_Z,2023,A,PPP,
3657.967497,P1Y,0,,A,PU,_Z,2,,,False,WB_WDI,WB_WDI_NY_GDP_PCAP_PP_CD,NIC,_T,_T,_T,_Z,_Z,_Z,2006,A,PPP,
935.175329,P1Y,0,,A,PU,_Z,2,,,False,WB_WDI,WB_WDI_NY_GDP_PCAP_PP_CD,NER,_T,_T,_T,_Z,_Z,_Z,2006,A,PPP,
4975.269793,P1Y,0,,A,PU,_Z,2,,,False,WB_WDI,WB_WDI_NY_GDP_PCAP_PP_CD,NGA,_T,_T,_T,_Z,_Z,_Z,2006,A,PPP,
8888.461682,P1Y,0,,A,PU,_Z,2,,,False,WB_WDI,WB_WDI_NY_GDP_PCAP_PP_CD,MKD,_T,_T,_T,_Z,_Z,_Z,2006,A,PPP,
54357.574814,P1Y,0,,A,PU,_Z,2,,,False,WB_WDI,WB_WDI_NY_GDP_PCAP_PP_CD,NOR,_T,_T,_T,_Z,_Z,_Z,2006,A,PPP,
46091.182235,P1Y,0,,A,PU,_Z,2,,,False,WB_WDI,WB_WDI_NY_GDP_PCAP_PP_CD,OMN,_T,_T,_T,_Z,_Z,_Z,2006,A,PPP,
3514.813652,P1Y,0,,A,PU,_Z,2,,,False,WB_WDI,WB_WDI_NY_GDP_PCAP_PP_CD,PAK,_T,_T,_T,_Z,_Z,_Z,2006,A,PPP,
13544.765128,P1Y,0,,A,PU,_Z,2,,,False,WB_WDI,WB_WDI_NY_GDP_PCAP_PP_CD,PLW,_T,_T,_T,_Z,_Z,_Z,2006,A,PPP,
11684.555023,P1Y,0,,A,PU,_Z,2,,,False,WB_WDI,WB_WDI_NY_GDP_PCAP_PP_CD,PAN,_T,_T,_T,_Z,_Z,_Z,2006,A,PPP,
2443.802252,P1Y,0,,A,PU,_Z,2,,,False,WB_WDI,WB_WDI_NY_GDP_PCAP_PP_CD,PNG,_T,_T,_T,_Z,_Z,_Z,2006,A,PPP,
8560.739251,P1Y,0,,A,PU,_Z,2,,,False,WB_WDI,WB_WDI_NY_GDP_PCAP_PP_CD,PRY,_T,_T,_T,_Z,_Z,_Z,2006,A,PPP,
1496.509478,P1Y,0,,A,PU,_Z,2,,,False,WB_WDI,WB_WDI_NY_GDP_PCAP_PP_CD,UGA,_T,_T,_T,_Z,_Z,_Z,2005,A,PPP,
7142.106934,P1Y,0,,A,PU,_Z,2,,,False,WB_WDI,WB_WDI_NY_GDP_PCAP_PP_CD,UKR,_T,_T,_T,_Z,_Z,_Z,2005,A,PPP,
101301.412339,P1Y,0,,A,PU,_Z,2,,,False,WB_WDI,WB_WDI_NY_GDP_PCAP_PP_CD,ARE,_T,_T,_T,_Z,_Z,_Z,2005,A,PPP,
32726.133188,P1Y,0,,A,PU,_Z,2,,,False,WB_WDI,WB_WDI_NY_GDP_PCAP_PP_CD,GBR,_T,_T,_T,_Z,_Z,_Z,2005,A,PPP,
44123.399647,P1Y,0,,A,PU,_Z,2,,,False,WB_WDI,WB_WDI_NY_GDP_PCAP_PP_CD,USA,_T,_T,_T,_Z,_Z,_Z,2005,A,PPP,
12295.700312,P1Y,0,,A,PU,_Z,2,,,False,WB_WDI,WB_WDI_NY_GDP_PCAP_PP_CD,URY,_T,_T,_T,_Z,_Z,_Z,2005,A,PPP,
3617.854868,P1Y,0,,A,PU,_Z,2,,,False,WB_WDI,WB_WDI_NY_GDP_PCAP_PP_CD,UZB,_T,_T,_T,_Z,_Z,_Z,2005,A,PPP,
2287.006604,P1Y,0,,A,PU,_Z,2,,,False,WB_WDI,WB_WDI_NY_GDP_PCAP_PP_CD,VUT,_T,_T,_T,_Z,_Z,_Z,2005,A,PPP,
16511.259292,P1Y,0,,A,PU,_Z,2,,,False,WB_WDI,WB_WDI_NY_GDP_PCAP_PP_CD,VEN,_T,_T,_T,_Z,_Z,_Z,2005,A,PPP,
3893.665094,P1Y,0,,A,PU,_Z,2,,,False,WB_WDI,WB_WDI_NY_GDP_PCAP_PP_CD,VNM,_T,_T,_T,_Z,_Z,_Z,2005,A,PPP,
36942.836505,P1Y,0,,A,PU,_Z,2,,,False,WB_WDI,WB_WDI_NY_GDP_PCAP_PP_CD,VIR,_T,_T,_T,_Z,_Z,_Z,2005,A,PPP,
3371.90248,P1Y,0,,A,PU,_Z,2,,,False,WB_WDI,WB_WDI_NY_GDP_PCAP_PP_CD,PSE,_T,_T,_T,_Z,_Z,_Z,2005,A,PPP,
4840.332008,P1Y,0,,A,PU,_Z,2,,,False,WB_WDI,WB_WDI_NY_GDP_PCAP_PP_CD,ALB,_T,_T,_T,_Z,_Z,_Z,2002,A,PPP,
10080.1825,P1Y,0,,A,PU,_Z,2,,,False,WB_WDI,WB_WDI_NY_GDP_PCAP_PP_CD,DZA,_T,_T,_T,_Z,_Z,_Z,2002,A,PPP,
38787.052253,P1Y,0,,A,PU,_Z,2,,,False,WB_WDI,WB_WDI_NY_GDP_PCAP_PP_CD,AND,_T,_T,_T,_Z,_Z,_Z,2002,A,PPP,
4241.291502,P1Y,0,,A,PU,_Z,2,,,False,WB_WDI,WB_WDI_NY_GDP_PCAP_PP_CD,AGO,_T,_T,_T,_Z,_Z,_Z,2002,A,PPP,
18812.782777,P1Y,0,,A,PU,_Z,2,,,False,WB_WDI,WB_WDI_NY_GDP_PCAP_PP_CD,ATG,_T,_T,_T,_Z,_Z,_Z,2002,A,PPP,
9953.464929,P1Y,0,,A,PU,_Z,2,,,False,WB_WDI,WB_WDI_NY_GDP_PCAP_PP_CD,ARG,_T,_T,_T,_Z,_Z,_Z,2002,A,PPP,
3282.117063,P1Y,0,,A,PU,_Z,2,,,False,WB_WDI,WB_WDI_NY_GDP_PCAP_PP_CD,ARM,_T,_T,_T,_Z,_Z,_Z,2002,A,PPP,
31888.508737,P1Y,0,,A,PU,_Z,2,,,False,WB_WDI,WB_WDI_NY_GDP_PCAP_PP_CD,ABW,_T,_T,_T,_Z,_Z,_Z,2002,A,PPP,
29080.043929,P1Y,0,,A,PU,_Z,2,,,False,WB_WDI,WB_WDI_NY_GDP_PCAP_PP_CD,AUS,_T,_T,_T,_Z,_Z,_Z,2002,A,PPP,
30952.170823,P1Y,0,,A,PU,_Z,2,,,False,WB_WDI,WB_WDI_NY_GDP_PCAP_PP_CD,AUT,_T,_T,_T,_Z,_Z,_Z,2002,A,PPP,
4230.405902,P1Y,0,,A,PU,_Z,2,,,False,WB_WDI,WB_WDI_NY_GDP_PCAP_PP_CD,AZE,_T,_T,_T,_Z,_Z,_Z,2002,A,PPP,
27171.308413,P1Y,0,,A,PU,_Z,2,,,False,WB_WDI,WB_WDI_NY_GDP_PCAP_PP_CD,BHS,_T,_T,_T,_Z,_Z,_Z,2002,A,PPP,
45091.489422,P1Y,0,,A,PU,_Z,2,,,False,WB_WDI,WB_WDI_NY_GDP_PCAP_PP_CD,BHR,_T,_T,_T,_Z,_Z,_Z,2002,A,PPP,
8148.437029,P1Y,0,,A,PU,_Z,2,,,False,WB_WDI,WB_WDI_NY_GDP_PCAP_PP_CD,THA,_T,_T,_T,_Z,_Z,_Z,2002,A,PPP,
1416.885583,P1Y,0,,A,PU,_Z,2,,,False,WB_WDI,WB_WDI_NY_GDP_PCAP_PP_CD,TLS,_T,_T,_T,_Z,_Z,_Z,2002,A,PPP,
1357.009817,P1Y,0,,A,PU,_Z,2,,,False,WB_WDI,WB_WDI_NY_GDP_PCAP_PP_CD,TGO,_T,_T,_T,_Z,_Z,_Z,2002,A,PPP,
4170.937249,P1Y,0,,A,PU,_Z,2,,,False,WB_WDI,WB_WDI_NY_GDP_PCAP_PP_CD,TON,_T,_T,_T,_Z,_Z,_Z,2002,A,PPP,
16141.235729,P1Y,0,,A,PU,_Z,2,,,False,WB_WDI,WB_WDI_NY_GDP_PCAP_PP_CD,TTO,_T,_T,_T,_Z,_Z,_Z,2002,A,PPP,
6715.110784,P1Y,0,,A,PU,_Z,2,,,False,WB_WDI,WB_WDI_NY_GDP_PCAP_PP_CD,TUN,_T,_T,_T,_Z,_Z,_Z,2002,A,PPP,
9154.451535,P1Y,0,,A,PU,_Z,2,,,False,WB_WDI,WB_WDI_NY_GDP_PCAP_PP_CD,TUR,_T,_T,_T,_Z,_Z,_Z,2002,A,PPP,
4392.823815,P1Y,0,,A,PU,_Z,2,,,False,WB_WDI,WB_WDI_NY_GDP_PCAP_PP_CD,TKM,_T,_T,_T,_Z,_Z,_Z,2002,A,PPP,
2915.300376,P1Y,0,,A,PU,_Z,2,,,False,WB_WDI,WB_WDI_NY_GDP_PCAP_PP_CD,TUV,_T,_T,_T,_Z,_Z,_Z,2002,A,PPP,
1254.982035,P1Y,0,,A,PU,_Z,2,,,False,WB_WDI,WB_WDI_NY_GDP_PCAP_PP_CD,UGA,_T,_T,_T,_Z,_Z,_Z,2002,A,PPP,
5122.841309,P1Y,0,,A,PU,_Z,2,,,False,WB_WDI,WB_WDI_NY_GDP_PCAP_PP_CD,UKR,_T,_T,_T,_Z,_Z,_Z,2002,A,PPP,
88466.581618,P1Y,0,,A,PU,_Z,2,,,False,WB_WDI,WB_WDI_NY_GDP_PCAP_PP_CD,ARE,_T,_T,_T,_Z,_Z,_Z,2002,A,PPP,
17846.408203,P1Y,0,,A,PU,_Z,2,,,False,WB_WDI,WB_WDI_NY_GDP_PCAP_PP_CD,UKR,_T,_T,_T,_Z,_Z,_Z,2021,A,PPP,
68580.148542,P1Y,0,,A,PU,_Z,2,,,False,WB_WDI,WB_WDI_NY_GDP_PCAP_PP_CD,ARE,_T,_T,_T,_Z,_Z,_Z,2021,A,PPP,
51004.427171,P1Y,0,,A,PU,_Z,2,,,False,WB_WDI,WB_WDI_NY_GDP_PCAP_PP_CD,GBR,_T,_T,_T,_Z,_Z,_Z,2021,A,PPP,
71307.401728,P1Y,0,,A,PU,_Z,2,,,False,WB_WDI,WB_WDI_NY_GDP_PCAP_PP_CD,USA,_T,_T,_T,_Z,_Z,_Z,2021,A,PPP,
29431.885009,P1Y,0,,A,PU,_Z,2,,,False,WB_WDI,WB_WDI_NY_GDP_PCAP_PP_CD,URY,_T,_T,_T,_Z,_Z,_Z,2021,A,PPP,
9247.643827,P1Y,0,,A,PU,_Z,2,,,False,WB_WDI,WB_WDI_NY_GDP_PCAP_PP_CD,UZB,_T,_T,_T,_Z,_Z,_Z,2021,A,PPP,
3135.836649,P1Y,0,,A,PU,_Z,2,,,False,WB_WDI,WB_WDI_NY_GDP_PCAP_PP_CD,VUT,_T,_T,_T,_Z,_Z,_Z,2021,A,PPP,
12048.901994,P1Y,0,,A,PU,_Z,2,,,False,WB_WDI,WB_WDI_NY_GDP_PCAP_PP_CD,VNM,_T,_T,_T,_Z,_Z,_Z,2021,A,PPP,
46893.549699,P1Y,0,,A,PU,_Z,2,,,False,WB_WDI,WB_WDI_NY_GDP_PCAP_PP_CD,VIR,_T,_T,_T,_Z,_Z,_Z,2021,A,PPP,
5663.121607,P1Y,0,,A,PU,_Z,2,,,False,WB_WDI,WB_WDI_NY_GDP_PCAP_PP_CD,PSE,_T,_T,_T,_Z,_Z,_Z,2021,A,PPP,
10985.829263,P1Y,0,,A,PU,_Z,2,,,False,WB_WDI,WB_WDI_NY_GDP_PCAP_PP_CD,PHL,_T,_T,_T,_Z,_Z,_Z,2023,A,PPP,
48473.094029,P1Y,0,,A,PU,_Z,2,,,False,WB_WDI,WB_WDI_NY_GDP_PCAP_PP_CD,POL,_T,_T,_T,_Z,_Z,_Z,2023,A,PPP,
49352.838861,P1Y,0,,A,PU,_Z,2,,,False,WB_WDI,WB_WDI_NY_GDP_PCAP_PP_CD,PRT,_T,_T,_T,_Z,_Z,_Z,2023,A,PPP,
47543.393776,P1Y,0,,A,PU,_Z,2,,,False,WB_WDI,WB_WDI_NY_GDP_PCAP_PP_CD,PRI,_T,_T,_T,_Z,_Z,_Z,2023,A,PPP,
129367.869671,P1Y,0,,A,PU,_Z,2,,,False,WB_WDI,WB_WDI_NY_GDP_PCAP_PP_CD,QAT,_T,_T,_T,_Z,_Z,_Z,2023,A,PPP,
45981.602779,P1Y,0,,A,PU,_Z,2,,,False,WB_WDI,WB_WDI_NY_GDP_PCAP_PP_CD,ROU,_T,_T,_T,_Z,_Z,_Z,2023,A,PPP,
44268.730469,P1Y,0,,A,PU,_Z,2,,,False,WB_WDI,WB_WDI_NY_GDP_PCAP_PP_CD,RUS,_T,_T,_T,_Z,_Z,_Z,2023,A,PPP,
3399.451746,P1Y,0,,A,PU,_Z,2,,,False,WB_WDI,WB_WDI_NY_GDP_PCAP_PP_CD,RWA,_T,_T,_T,_Z,_Z,_Z,2023,A,PPP,
8194.807256,P1Y,0,,A,PU,_Z,2,,,False,WB_WDI,WB_WDI_NY_GDP_PCAP_PP_CD,WSM,_T,_T,_T,_Z,_Z,_Z,2023,A,PPP,
78745.43133,P1Y,0,,A,PU,_Z,2,,,True,WB_WDI,WB_WDI_NY_GDP_PCAP_PP_CD,SMR,_T,_T,_T,_Z,_Z,_Z,2023,A,PPP,
6149.981461,P1Y,0,,A,PU,_Z,2,,,False,WB_WDI,WB_WDI_NY_GDP_PCAP_PP_CD,STP,_T,_T,_T,_Z,_Z,_Z,2023,A,PPP,
71564.800029,P1Y,0,,A,PU,_Z,2,,,False,WB_WDI,WB_WDI_NY_GDP_PCAP_PP_CD,SAU,_T,_T,_T,_Z,_Z,_Z,2023,A,PPP,
4777.614519,P1Y,0,,A,PU,_Z,2,,,False,WB_WDI,WB_WDI_NY_GDP_PCAP_PP_CD,SEN,_T,_T,_T,_Z,_Z,_Z,2023,A,PPP,
9568.794657,P1Y,0,,A,PU,_Z,2,,,False,WB_WDI,WB_WDI_NY_GDP_PCAP_PP_CD,LVA,_T,_T,_T,_Z,_Z,_Z,2002,A,PPP,
8586.240407,P1Y,0,,A,PU,_Z,2,,,False,WB_WDI,WB_WDI_NY_GDP_PCAP_PP_CD,LBN,_T,_T,_T,_Z,_Z,_Z,2002,A,PPP,
1385.182221,P1Y,0,,A,PU,_Z,2,,,False,WB_WDI,WB_WDI_NY_GDP_PCAP_PP_CD,LSO,_T,_T,_T,_Z,_Z,_Z,2002,A,PPP,
1012.918913,P1Y,0,,A,PU,_Z,2,,,False,WB_WDI,WB_WDI_NY_GDP_PCAP_PP_CD,LBR,_T,_T,_T,_Z,_Z,_Z,2002,A,PPP,
20060.639691,P1Y,0,,A,PU,_Z,2,,,False,WB_WDI,WB_WDI_NY_GDP_PCAP_PP_CD,LBY,_T,_T,_T,_Z,_Z,_Z,2002,A,PPP,
10295.506696,P1Y,0,,A,PU,_Z,2,,,False,WB_WDI,WB_WDI_NY_GDP_PCAP_PP_CD,LTU,_T,_T,_T,_Z,_Z,_Z,2002,A,PPP,
58575.679272,P1Y,0,,A,PU,_Z,2,,,False,WB_WDI,WB_WDI_NY_GDP_PCAP_PP_CD,LUX,_T,_T,_T,_Z,_Z,_Z,2002,A,PPP,
39641.481833,P1Y,0,,A,PU,_Z,2,,,False,WB_WDI,WB_WDI_NY_GDP_PCAP_PP_CD,MAC,_T,_T,_T,_Z,_Z,_Z,2002,A,PPP,
1121.087496,P1Y,0,,A,PU,_Z,2,,,False,WB_WDI,WB_WDI_NY_GDP_PCAP_PP_CD,MDG,_T,_T,_T,_Z,_Z,_Z,2002,A,PPP,
931.283508,P1Y,0,,A,PU,_Z,2,,,False,WB_WDI,WB_WDI_NY_GDP_PCAP_PP_CD,MWI,_T,_T,_T,_Z,_Z,_Z,2002,A,PPP,
13656.04589,P1Y,0,,A,PU,_Z,2,,,False,WB_WDI,WB_WDI_NY_GDP_PCAP_PP_CD,MYS,_T,_T,_T,_Z,_Z,_Z,2002,A,PPP,
8822.517261,P1Y,0,,A,PU,_Z,2,,,False,WB_WDI,WB_WDI_NY_GDP_PCAP_PP_CD,MDV,_T,_T,_T,_Z,_Z,_Z,2002,A,PPP,
12940.90433,P1Y,0,,A,PU,_Z,2,,,False,WB_WDI,WB_WDI_NY_GDP_PCAP_PP_CD,LKA,_T,_T,_T,_Z,_Z,_Z,2020,A,PPP,
27326.036057,P1Y,0,,A,PU,_Z,2,,,False,WB_WDI,WB_WDI_NY_GDP_PCAP_PP_CD,KNA,_T,_T,_T,_Z,_Z,_Z,2020,A,PPP,
14912.159584,P1Y,0,,A,PU,_Z,2,,,False,WB_WDI,WB_WDI_NY_GDP_PCAP_PP_CD,LCA,_T,_T,_T,_Z,_Z,_Z,2020,A,PPP,
15336.598777,P1Y,0,,A,PU,_Z,2,,,False,WB_WDI,WB_WDI_NY_GDP_PCAP_PP_CD,VCT,_T,_T,_T,_Z,_Z,_Z,2020,A,PPP,
3348.578369,P1Y,0,,A,PU,_Z,2,,,False,WB_WDI,WB_WDI_NY_GDP_PCAP_PP_CD,SDN,_T,_T,_T,_Z,_Z,_Z,2020,A,PPP,
16946.894236,P1Y,0,,A,PU,_Z,2,,,False,WB_WDI,WB_WDI_NY_GDP_PCAP_PP_CD,SUR,_T,_T,_T,_Z,_Z,_Z,2020,A,PPP,
57489.26572,P1Y,0,,A,PU,_Z,2,,,False,WB_WDI,WB_WDI_NY_GDP_PCAP_PP_CD,SWE,_T,_T,_T,_Z,_Z,_Z,2020,A,PPP,
72997.82395,P1Y,0,,A,PU,_Z,2,,,False,WB_WDI,WB_WDI_NY_GDP_PCAP_PP_CD,CHE,_T,_T,_T,_Z,_Z,_Z,2020,A,PPP,
3737.657518,P1Y,0,,A,PU,_Z,2,,,False,WB_WDI,WB_WDI_NY_GDP_PCAP_PP_CD,SYR,_T,_T,_T,_Z,_Z,_Z,2020,A,PPP,
3653.959768,P1Y,0,,A,PU,_Z,2,,,False,WB_WDI,WB_WDI_NY_GDP_PCAP_PP_CD,TJK,_T,_T,_T,_Z,_Z,_Z,2020,A,PPP,
3290.609863,P1Y,0,,A,PU,_Z,2,,,False,WB_WDI,WB_WDI_NY_GDP_PCAP_PP_CD,TZA,_T,_T,_T,_Z,_Z,_Z,2020,A,PPP,
19163.741515,P1Y,0,,A,PU,_Z,2,,,False,WB_WDI,WB_WDI_NY_GDP_PCAP_PP_CD,THA,_T,_T,_T,_Z,_Z,_Z,2020,A,PPP,
7119.169234,P1Y,0,,A,PU,_Z,2,,,False,WB_WDI,WB_WDI_NY_GDP_PCAP_PP_CD,NIC,_T,_T,_T,_Z,_Z,_Z,2021,A,PPP,
1585.59922,P1Y,0,,A,PU,_Z,2,,,False,WB_WDI,WB_WDI_NY_GDP_PCAP_PP_CD,NER,_T,_T,_T,_Z,_Z,_Z,2021,A,PPP,
7588.478856,P1Y,0,,A,PU,_Z,2,,,False,WB_WDI,WB_WDI_NY_GDP_PCAP_PP_CD,NGA,_T,_T,_T,_Z,_Z,_Z,2021,A,PPP,
22144.284257,P1Y,0,,A,PU,_Z,2,,,False,WB_WDI,WB_WDI_NY_GDP_PCAP_PP_CD,MKD,_T,_T,_T,_Z,_Z,_Z,2021,A,PPP,
88984.138674,P1Y,0,,A,PU,_Z,2,,,False,WB_WDI,WB_WDI_NY_GDP_PCAP_PP_CD,NOR,_T,_T,_T,_Z,_Z,_Z,2021,A,PPP,
38719.458768,P1Y,0,,A,PU,_Z,2,,,False,WB_WDI,WB_WDI_NY_GDP_PCAP_PP_CD,OMN,_T,_T,_T,_Z,_Z,_Z,2021,A,PPP,
5367.273647,P1Y,0,,A,PU,_Z,2,,,False,WB_WDI,WB_WDI_NY_GDP_PCAP_PP_CD,PAK,_T,_T,_T,_Z,_Z,_Z,2021,A,PPP,
15780.550116,P1Y,0,,A,PU,_Z,2,,,False,WB_WDI,WB_WDI_NY_GDP_PCAP_PP_CD,PLW,_T,_T,_T,_Z,_Z,_Z,2021,A,PPP,
30932.762781,P1Y,0,,A,PU,_Z,2,,,False,WB_WDI,WB_WDI_NY_GDP_PCAP_PP_CD,PAN,_T,_T,_T,_Z,_Z,_Z,2021,A,PPP,
3976.903801,P1Y,0,,A,PU,_Z,2,,,False,WB_WDI,WB_WDI_NY_GDP_PCAP_PP_CD,PNG,_T,_T,_T,_Z,_Z,_Z,2021,A,PPP,
15406.167065,P1Y,0,,A,PU,_Z,2,,,False,WB_WDI,WB_WDI_NY_GDP_PCAP_PP_CD,PRY,_T,_T,_T,_Z,_Z,_Z,2021,A,PPP,
7179.222779,P1Y,0,,A,PU,_Z,2,,,False,WB_WDI,WB_WDI_NY_GDP_PCAP_PP_CD,XKX,_T,_T,_T,_Z,_Z,_Z,2010,A,PPP,
75184.086592,P1Y,0,,A,PU,_Z,2,,,False,WB_WDI,WB_WDI_NY_GDP_PCAP_PP_CD,KWT,_T,_T,_T,_Z,_Z,_Z,2010,A,PPP,
3075.615543,P1Y,0,,A,PU,_Z,2,,,False,WB_WDI,WB_WDI_NY_GDP_PCAP_PP_CD,KGZ,_T,_T,_T,_Z,_Z,_Z,2010,A,PPP,
3772.266052,P1Y,0,,A,PU,_Z,2,,,False,WB_WDI,WB_WDI_NY_GDP_PCAP_PP_CD,LAO,_T,_T,_T,_Z,_Z,_Z,2010,A,PPP,
16373.403732,P1Y,0,,A,PU,_Z,2,,,False,WB_WDI,WB_WDI_NY_GDP_PCAP_PP_CD,LVA,_T,_T,_T,_Z,_Z,_Z,2010,A,PPP,
14703.615322,P1Y,0,,A,PU,_Z,2,,,False,WB_WDI,WB_WDI_NY_GDP_PCAP_PP_CD,LBN,_T,_T,_T,_Z,_Z,_Z,2010,A,PPP,
2152.915283,P1Y,0,,A,PU,_Z,2,,,False,WB_WDI,WB_WDI_NY_GDP_PCAP_PP_CD,LSO,_T,_T,_T,_Z,_Z,_Z,2010,A,PPP,
980.11814,P1Y,0,,A,PU,_Z,2,,,False,WB_WDI,WB_WDI_NY_GDP_PCAP_PP_CD,LBR,_T,_T,_T,_Z,_Z,_Z,2010,A,PPP,
30234.091873,P1Y,0,,A,PU,_Z,2,,,False,WB_WDI,WB_WDI_NY_GDP_PCAP_PP_CD,LBY,_T,_T,_T,_Z,_Z,_Z,2010,A,PPP,
18718.904371,P1Y,0,,A,PU,_Z,2,,,False,WB_WDI,WB_WDI_NY_GDP_PCAP_PP_CD,LTU,_T,_T,_T,_Z,_Z,_Z,2010,A,PPP,
90336.01847,P1Y,0,,A,PU,_Z,2,,,False,WB_WDI,WB_WDI_NY_GDP_PCAP_PP_CD,LUX,_T,_T,_T,_Z,_Z,_Z,2010,A,PPP,
7108.823903,P1Y,0,,A,PU,_Z,2,,,False,WB_WDI,WB_WDI_NY_GDP_PCAP_PP_CD,COL,_T,_T,_T,_Z,_Z,_Z,2002,A,PPP,
1911.612568,P1Y,0,,A,PU,_Z,2,,,False,WB_WDI,WB_WDI_NY_GDP_PCAP_PP_CD,COM,_T,_T,_T,_Z,_Z,_Z,2002,A,PPP,
409.641834,P1Y,0,,A,PU,_Z,2,,,False,WB_WDI,WB_WDI_NY_GDP_PCAP_PP_CD,COD,_T,_T,_T,_Z,_Z,_Z,2002,A,PPP,
3888.164023,P1Y,0,,A,PU,_Z,2,,,False,WB_WDI,WB_WDI_NY_GDP_PCAP_PP_CD,COG,_T,_T,_T,_Z,_Z,_Z,2002,A,PPP,
8460.652296,P1Y,0,,A,PU,_Z,2,,,False,WB_WDI,WB_WDI_NY_GDP_PCAP_PP_CD,CRI,_T,_T,_T,_Z,_Z,_Z,2002,A,PPP,
2851.030414,P1Y,0,,A,PU,_Z,2,,,False,WB_WDI,WB_WDI_NY_GDP_PCAP_PP_CD,CIV,_T,_T,_T,_Z,_Z,_Z,2002,A,PPP,
12774.627628,P1Y,0,,A,PU,_Z,2,,,False,WB_WDI,WB_WDI_NY_GDP_PCAP_PP_CD,HRV,_T,_T,_T,_Z,_Z,_Z,2002,A,PPP,
23479.79733,P1Y,0,,A,PU,_Z,2,,,False,WB_WDI,WB_WDI_NY_GDP_PCAP_PP_CD,CUW,_T,_T,_T,_Z,_Z,_Z,2002,A,PPP,
23556.277344,P1Y,0,,A,PU,_Z,2,,,False,WB_WDI,WB_WDI_NY_GDP_PCAP_PP_CD,CYP,_T,_T,_T,_Z,_Z,_Z,2002,A,PPP,
18344.032943,P1Y,0,,A,PU,_Z,2,,,False,WB_WDI,WB_WDI_NY_GDP_PCAP_PP_CD,CZE,_T,_T,_T,_Z,_Z,_Z,2002,A,PPP,
30666.596767,P1Y,0,,A,PU,_Z,2,,,False,WB_WDI,WB_WDI_NY_GDP_PCAP_PP_CD,DNK,_T,_T,_T,_Z,_Z,_Z,2002,A,PPP,
35520.513869,P1Y,0,,A,PU,_Z,2,,,False,WB_WDI,WB_WDI_NY_GDP_PCAP_PP_CD,SXM,_T,_T,_T,_Z,_Z,_Z,2012,A,PPP,
27022.774732,P1Y,0,,A,PU,_Z,2,,,False,WB_WDI,WB_WDI_NY_GDP_PCAP_PP_CD,SVK,_T,_T,_T,_Z,_Z,_Z,2012,A,PPP,
28786.710552,P1Y,0,,A,PU,_Z,2,,,False,WB_WDI,WB_WDI_NY_GDP_PCAP_PP_CD,SVN,_T,_T,_T,_Z,_Z,_Z,2012,A,PPP,
2320.453461,P1Y,0,,A,PU,_Z,2,,,False,WB_WDI,WB_WDI_NY_GDP_PCAP_PP_CD,SLB,_T,_T,_T,_Z,_Z,_Z,2012,A,PPP,
1002.932266,P1Y,0,,A,PU,_Z,2,,,False,WB_WDI,WB_WDI_NY_GDP_PCAP_PP_CD,SOM,_T,_T,_T,_Z,_Z,_Z,2012,A,PPP,
12986.797668,P1Y,0,,A,PU,_Z,2,,,False,WB_WDI,WB_WDI_NY_GDP_PCAP_PP_CD,ZAF,_T,_T,_T,_Z,_Z,_Z,2012,A,PPP,
1417.385664,P1Y,0,,A,PU,_Z,2,,,False,WB_WDI,WB_WDI_NY_GDP_PCAP_PP_CD,SSD,_T,_T,_T,_Z,_Z,_Z,2012,A,PPP,
31869.783982,P1Y,0,,A,PU,_Z,2,,,False,WB_WDI,WB_WDI_NY_GDP_PCAP_PP_CD,ESP,_T,_T,_T,_Z,_Z,_Z,2012,A,PPP,
10249.167064,P1Y,0,,A,PU,_Z,2,,,False,WB_WDI,WB_WDI_NY_GDP_PCAP_PP_CD,LKA,_T,_T,_T,_Z,_Z,_Z,2012,A,PPP,
23457.893888,P1Y,0,,A,PU,_Z,2,,,False,WB_WDI,WB_WDI_NY_GDP_PCAP_PP_CD,KNA,_T,_T,_T,_Z,_Z,_Z,2012,A,PPP,
13443.426251,P1Y,0,,A,PU,_Z,2,,,False,WB_WDI,WB_WDI_NY_GDP_PCAP_PP_CD,LCA,_T,_T,_T,_Z,_Z,_Z,2012,A,PPP,
10988.502614,P1Y,0,,A,PU,_Z,2,,,False,WB_WDI,WB_WDI_NY_GDP_PCAP_PP_CD,VCT,_T,_T,_T,_Z,_Z,_Z,2012,A,PPP,
58483.706071,P1Y,0,,A,PU,_Z,2,,,False,WB_WDI,WB_WDI_NY_GDP_PCAP_PP_CD,EUU,_T,_T,_T,_Z,_Z,_Z,2022,A,PPP,
3310.581126,P1Y,0,,A,PU,_Z,2,,,False,WB_WDI,WB_WDI_NY_GDP_PCAP_PP_CD,HPC,_T,_T,_T,_Z,_Z,_Z,2022,A,PPP,
61423.035061,P1Y,0,,A,PU,_Z,2,,,False,WB_WDI,WB_WDI_NY_GDP_PCAP_PP_CD,HIC,_T,_T,_T,_Z,_Z,_Z,2022,A,PPP,
18299.618327,P1Y,0,,A,PU,_Z,2,,,False,WB_WDI,WB_WDI_NY_GDP_PCAP_PP_CD,IBD,_T,_T,_T,_Z,_Z,_Z,2022,A,PPP,
14703.101793,P1Y,0,,A,PU,_Z,2,,,False,WB_WDI,WB_WDI_NY_GDP_PCAP_PP_CD,IBT,_T,_T,_T,_Z,_Z,_Z,2022,A,PPP,
6994.242773,P1Y,0,,A,PU,_Z,2,,,False,WB_WDI,WB_WDI_NY_GDP_PCAP_PP_CD,IDB,_T,_T,_T,_Z,_Z,_Z,2022,A,PPP,
4276.64654,P1Y,0,,A,PU,_Z,2,,,False,WB_WDI,WB_WDI_NY_GDP_PCAP_PP_CD,IDX,_T,_T,_T,_Z,_Z,_Z,2022,A,PPP,
5219.703455,P1Y,0,,A,PU,_Z,2,,,False,WB_WDI,WB_WDI_NY_GDP_PCAP_PP_CD,IDA,_T,_T,_T,_Z,_Z,_Z,2022,A,PPP,
24509.73542,P1Y,0,,A,PU,_Z,2,,,False,WB_WDI,WB_WDI_NY_GDP_PCAP_PP_CD,LTE,_T,_T,_T,_Z,_Z,_Z,2022,A,PPP,
20842.030715,P1Y,0,,A,PU,_Z,2,,,False,WB_WDI,WB_WDI_NY_GDP_PCAP_PP_CD,LCN,_T,_T,_T,_Z,_Z,_Z,2022,A,PPP,
19941.487292,P1Y,0,,A,PU,_Z,2,,,False,WB_WDI,WB_WDI_NY_GDP_PCAP_PP_CD,LAC,_T,_T,_T,_Z,_Z,_Z,2022,A,PPP,
20740.5917,P1Y,0,,A,PU,_Z,2,,,False,WB_WDI,WB_WDI_NY_GDP_PCAP_PP_CD,TLA,_T,_T,_T,_Z,_Z,_Z,2022,A,PPP,
4096.338283,P1Y,0,,A,PU,_Z,2,,,False,WB_WDI,WB_WDI_NY_GDP_PCAP_PP_CD,LDC,_T,_T,_T,_Z,_Z,_Z,2022,A,PPP,
13817.139201,P1Y,0,,A,PU,_Z,2,,,False,WB_WDI,WB_WDI_NY_GDP_PCAP_PP_CD,LMY,_T,_T,_T,_Z,_Z,_Z,2022,A,PPP,
3289.132831,P1Y,0,,A,PU,_Z,2,,,False,WB_WDI,WB_WDI_NY_GDP_PCAP_PP_CD,GMB,_T,_T,_T,_Z,_Z,_Z,2023,A,PPP,
25071.967726,P1Y,0,,A,PU,_Z,2,,,False,WB_WDI,WB_WDI_NY_GDP_PCAP_PP_CD,GEO,_T,_T,_T,_Z,_Z,_Z,2023,A,PPP,
71684.031188,P1Y,0,,A,PU,_Z,2,,,False,WB_WDI,WB_WDI_NY_GDP_PCAP_PP_CD,DEU,_T,_T,_T,_Z,_Z,_Z,2023,A,PPP,
7556.416055,P1Y,0,,A,PU,_Z,2,,,False,WB_WDI,WB_WDI_NY_GDP_PCAP_PP_CD,GHA,_T,_T,_T,_Z,_Z,_Z,2023,A,PPP,
42710.505801,P1Y,0,,A,PU,_Z,2,,,False,WB_WDI,WB_WDI_NY_GDP_PCAP_PP_CD,GRC,_T,_T,_T,_Z,_Z,_Z,2023,A,PPP,
78840.59784,P1Y,0,,A,PU,_Z,2,,,True,WB_WDI,WB_WDI_NY_GDP_PCAP_PP_CD,GRL,_T,_T,_T,_Z,_Z,_Z,2023,A,PPP,
18970.740165,P1Y,0,,A,PU,_Z,2,,,False,WB_WDI,WB_WDI_NY_GDP_PCAP_PP_CD,GRD,_T,_T,_T,_Z,_Z,_Z,2023,A,PPP,
13745.363124,P1Y,0,,A,PU,_Z,2,,,False,WB_WDI,WB_WDI_NY_GDP_PCAP_PP_CD,GTM,_T,_T,_T,_Z,_Z,_Z,2023,A,PPP,
4333.746173,P1Y,0,,A,PU,_Z,2,,,False,WB_WDI,WB_WDI_NY_GDP_PCAP_PP_CD,GIN,_T,_T,_T,_Z,_Z,_Z,2023,A,PPP,
2989.67236,P1Y,0,,A,PU,_Z,2,,,False,WB_WDI,WB_WDI_NY_GDP_PCAP_PP_CD,GNB,_T,_T,_T,_Z,_Z,_Z,2023,A,PPP,
54729.036516,P1Y,0,,A,PU,_Z,2,,,False,WB_WDI,WB_WDI_NY_GDP_PCAP_PP_CD,GUY,_T,_T,_T,_Z,_Z,_Z,2023,A,PPP,
3291.738179,P1Y,0,,A,PU,_Z,2,,,False,WB_WDI,WB_WDI_NY_GDP_PCAP_PP_CD,HTI,_T,_T,_T,_Z,_Z,_Z,2023,A,PPP,
7178.339068,P1Y,0,,A,PU,_Z,2,,,False,WB_WDI,WB_WDI_NY_GDP_PCAP_PP_CD,HND,_T,_T,_T,_Z,_Z,_Z,2023,A,PPP,
6260.679902,P1Y,0,,A,PU,_Z,2,,,False,WB_WDI,WB_WDI_NY_GDP_PCAP_PP_CD,LKA,_T,_T,_T,_Z,_Z,_Z,2006,A,PPP,
20676.188081,P1Y,0,,A,PU,_Z,2,,,False,WB_WDI,WB_WDI_NY_GDP_PCAP_PP_CD,KNA,_T,_T,_T,_Z,_Z,_Z,2006,A,PPP,
11758.319473,P1Y,0,,A,PU,_Z,2,,,False,WB_WDI,WB_WDI_NY_GDP_PCAP_PP_CD,LCA,_T,_T,_T,_Z,_Z,_Z,2006,A,PPP,
9949.489388,P1Y,0,,A,PU,_Z,2,,,False,WB_WDI,WB_WDI_NY_GDP_PCAP_PP_CD,VCT,_T,_T,_T,_Z,_Z,_Z,2006,A,PPP,
3637.32666,P1Y,0,,A,PU,_Z,2,,,False,WB_WDI,WB_WDI_NY_GDP_PCAP_PP_CD,SDN,_T,_T,_T,_Z,_Z,_Z,2006,A,PPP,
10802.548185,P1Y,0,,A,PU,_Z,2,,,False,WB_WDI,WB_WDI_NY_GDP_PCAP_PP_CD,SUR,_T,_T,_T,_Z,_Z,_Z,2006,A,PPP,
37671.674782,P1Y,0,,A,PU,_Z,2,,,False,WB_WDI,WB_WDI_NY_GDP_PCAP_PP_CD,SWE,_T,_T,_T,_Z,_Z,_Z,2006,A,PPP,
46265.682068,P1Y,0,,A,PU,_Z,2,,,False,WB_WDI,WB_WDI_NY_GDP_PCAP_PP_CD,CHE,_T,_T,_T,_Z,_Z,_Z,2006,A,PPP,
1810.291257,P1Y,0,,A,PU,_Z,2,,,False,WB_WDI,WB_WDI_NY_GDP_PCAP_PP_CD,TJK,_T,_T,_T,_Z,_Z,_Z,2006,A,PPP,
1706.548462,P1Y,0,,A,PU,_Z,2,,,False,WB_WDI,WB_WDI_NY_GDP_PCAP_PP_CD,TZA,_T,_T,_T,_Z,_Z,_Z,2006,A,PPP,
4228.116211,P1Y,0,,A,PU,_Z,2,,,False,WB_WDI,WB_WDI_NY_GDP_PCAP_PP_CD,UKR,_T,_T,_T,_Z,_Z,_Z,2000,A,PPP,
92899.367499,P1Y,0,,A,PU,_Z,2,,,False,WB_WDI,WB_WDI_NY_GDP_PCAP_PP_CD,ARE,_T,_T,_T,_Z,_Z,_Z,2000,A,PPP,
26535.501855,P1Y,0,,A,PU,_Z,2,,,False,WB_WDI,WB_WDI_NY_GDP_PCAP_PP_CD,GBR,_T,_T,_T,_Z,_Z,_Z,2000,A,PPP,
36329.97026,P1Y,0,,A,PU,_Z,2,,,False,WB_WDI,WB_WDI_NY_GDP_PCAP_PP_CD,USA,_T,_T,_T,_Z,_Z,_Z,2000,A,PPP,
10929.300261,P1Y,0,,A,PU,_Z,2,,,False,WB_WDI,WB_WDI_NY_GDP_PCAP_PP_CD,URY,_T,_T,_T,_Z,_Z,_Z,2000,A,PPP,
2644.263542,P1Y,0,,A,PU,_Z,2,,,False,WB_WDI,WB_WDI_NY_GDP_PCAP_PP_CD,UZB,_T,_T,_T,_Z,_Z,_Z,2000,A,PPP,
2206.102404,P1Y,0,,A,PU,_Z,2,,,False,WB_WDI,WB_WDI_NY_GDP_PCAP_PP_CD,VUT,_T,_T,_T,_Z,_Z,_Z,2000,A,PPP,
14174.440021,P1Y,0,,A,PU,_Z,2,,,False,WB_WDI,WB_WDI_NY_GDP_PCAP_PP_CD,VEN,_T,_T,_T,_Z,_Z,_Z,2000,A,PPP,
2614.118404,P1Y,0,,A,PU,_Z,2,,,False,WB_WDI,WB_WDI_NY_GDP_PCAP_PP_CD,VNM,_T,_T,_T,_Z,_Z,_Z,2000,A,PPP,
2782.513885,P1Y,0,,A,PU,_Z,2,,,False,WB_WDI,WB_WDI_NY_GDP_PCAP_PP_CD,PSE,_T,_T,_T,_Z,_Z,_Z,2000,A,PPP,
2623.64019,P1Y,0,,A,PU,_Z,2,,,False,WB_WDI,WB_WDI_NY_GDP_PCAP_PP_CD,YEM,_T,_T,_T,_Z,_Z,_Z,2000,A,PPP,
1708.515526,P1Y,0,,A,PU,_Z,2,,,False,WB_WDI,WB_WDI_NY_GDP_PCAP_PP_CD,ZMB,_T,_T,_T,_Z,_Z,_Z,2000,A,PPP,
12266.38968,P1Y,0,,A,PU,_Z,2,,,False,WB_WDI,WB_WDI_NY_GDP_PCAP_PP_CD,LBY,_T,_T,_T,_Z,_Z,_Z,2022,A,PPP,
50936.004955,P1Y,0,,A,PU,_Z,2,,,False,WB_WDI,WB_WDI_NY_GDP_PCAP_PP_CD,LTU,_T,_T,_T,_Z,_Z,_Z,2022,A,PPP,
146919.145398,P1Y,0,,A,PU,_Z,2,,,False,WB_WDI,WB_WDI_NY_GDP_PCAP_PP_CD,LUX,_T,_T,_T,_Z,_Z,_Z,2022,A,PPP,
64193.529405,P1Y,0,,A,PU,_Z,2,,,False,WB_WDI,WB_WDI_NY_GDP_PCAP_PP_CD,MAC,_T,_T,_T,_Z,_Z,_Z,2022,A,PPP,
1716.978849,P1Y,0,,A,PU,_Z,2,,,False,WB_WDI,WB_WDI_NY_GDP_PCAP_PP_CD,MDG,_T,_T,_T,_Z,_Z,_Z,2022,A,PPP,
1778.305821,P1Y,0,,A,PU,_Z,2,,,False,WB_WDI,WB_WDI_NY_GDP_PCAP_PP_CD,MWI,_T,_T,_T,_Z,_Z,_Z,2022,A,PPP,
34419.868498,P1Y,0,,A,PU,_Z,2,,,False,WB_WDI,WB_WDI_NY_GDP_PCAP_PP_CD,MYS,_T,_T,_T,_Z,_Z,_Z,2022,A,PPP,
22880.512315,P1Y,0,,A,PU,_Z,2,,,False,WB_WDI,WB_WDI_NY_GDP_PCAP_PP_CD,MDV,_T,_T,_T,_Z,_Z,_Z,2022,A,PPP,
3014.421073,P1Y,0,,A,PU,_Z,2,,,False,WB_WDI,WB_WDI_NY_GDP_PCAP_PP_CD,MLI,_T,_T,_T,_Z,_Z,_Z,2022,A,PPP,
60588.889059,P1Y,0,,A,PU,_Z,2,,,False,WB_WDI,WB_WDI_NY_GDP_PCAP_PP_CD,MLT,_T,_T,_T,_Z,_Z,_Z,2022,A,PPP,
7431.427579,P1Y,0,,A,PU,_Z,2,,,False,WB_WDI,WB_WDI_NY_GDP_PCAP_PP_CD,MHL,_T,_T,_T,_Z,_Z,_Z,2022,A,PPP,
6484.827921,P1Y,0,,A,PU,_Z,2,,,False,WB_WDI,WB_WDI_NY_GDP_PCAP_PP_CD,MRT,_T,_T,_T,_Z,_Z,_Z,2022,A,PPP,
2236.294009,P1Y,0,,A,PU,_Z,2,,,False,WB_WDI,WB_WDI_NY_GDP_PCAP_PP_CD,SEN,_T,_T,_T,_Z,_Z,_Z,2004,A,PPP,
8715.110169,P1Y,0,,A,PU,_Z,2,,,False,WB_WDI,WB_WDI_NY_GDP_PCAP_PP_CD,SRB,_T,_T,_T,_Z,_Z,_Z,2004,A,PPP,
14160.407169,P1Y,0,,A,PU,_Z,2,,,False,WB_WDI,WB_WDI_NY_GDP_PCAP_PP_CD,SYC,_T,_T,_T,_Z,_Z,_Z,2004,A,PPP,
1541.005713,P1Y,0,,A,PU,_Z,2,,,False,WB_WDI,WB_WDI_NY_GDP_PCAP_PP_CD,SLE,_T,_T,_T,_Z,_Z,_Z,2004,A,PPP,
54383.806233,P1Y,0,,A,PU,_Z,2,,,False,WB_WDI,WB_WDI_NY_GDP_PCAP_PP_CD,SGP,_T,_T,_T,_Z,_Z,_Z,2004,A,PPP,
15165.883613,P1Y,0,,A,PU,_Z,2,,,False,WB_WDI,WB_WDI_NY_GDP_PCAP_PP_CD,SVK,_T,_T,_T,_Z,_Z,_Z,2004,A,PPP,
22587.781972,P1Y,0,,A,PU,_Z,2,,,False,WB_WDI,WB_WDI_NY_GDP_PCAP_PP_CD,SVN,_T,_T,_T,_Z,_Z,_Z,2004,A,PPP,
1556.469749,P1Y,0,,A,PU,_Z,2,,,False,WB_WDI,WB_WDI_NY_GDP_PCAP_PP_CD,SLB,_T,_T,_T,_Z,_Z,_Z,2004,A,PPP,
580.284956,P1Y,0,,A,PU,_Z,2,,,False,WB_WDI,WB_WDI_NY_GDP_PCAP_PP_CD,SOM,_T,_T,_T,_Z,_Z,_Z,2004,A,PPP,
9713.653485,P1Y,0,,A,PU,_Z,2,,,False,WB_WDI,WB_WDI_NY_GDP_PCAP_PP_CD,ZAF,_T,_T,_T,_Z,_Z,_Z,2004,A,PPP,
26159.786472,P1Y,0,,A,PU,_Z,2,,,False,WB_WDI,WB_WDI_NY_GDP_PCAP_PP_CD,ESP,_T,_T,_T,_Z,_Z,_Z,2004,A,PPP,
5215.880244,P1Y,0,,A,PU,_Z,2,,,False,WB_WDI,WB_WDI_NY_GDP_PCAP_PP_CD,LKA,_T,_T,_T,_Z,_Z,_Z,2004,A,PPP,
7982.050084,P1Y,0,,A,PU,_Z,2,,,False,WB_WDI,WB_WDI_NY_GDP_PCAP_PP_CD,PER,_T,_T,_T,_Z,_Z,_Z,2007,A,PPP,
4923.197186,P1Y,0,,A,PU,_Z,2,,,False,WB_WDI,WB_WDI_NY_GDP_PCAP_PP_CD,PHL,_T,_T,_T,_Z,_Z,_Z,2007,A,PPP,
16833.234695,P1Y,0,,A,PU,_Z,2,,,False,WB_WDI,WB_WDI_NY_GDP_PCAP_PP_CD,POL,_T,_T,_T,_Z,_Z,_Z,2007,A,PPP,
25738.02149,P1Y,0,,A,PU,_Z,2,,,False,WB_WDI,WB_WDI_NY_GDP_PCAP_PP_CD,PRT,_T,_T,_T,_Z,_Z,_Z,2007,A,PPP,
30587.999045,P1Y,0,,A,PU,_Z,2,,,False,WB_WDI,WB_WDI_NY_GDP_PCAP_PP_CD,PRI,_T,_T,_T,_Z,_Z,_Z,2007,A,PPP,
124055.682467,P1Y,0,,A,PU,_Z,2,,,False,WB_WDI,WB_WDI_NY_GDP_PCAP_PP_CD,QAT,_T,_T,_T,_Z,_Z,_Z,2007,A,PPP,
13702.753773,P1Y,0,,A,PU,_Z,2,,,False,WB_WDI,WB_WDI_NY_GDP_PCAP_PP_CD,ROU,_T,_T,_T,_Z,_Z,_Z,2007,A,PPP,
16648.242188,P1Y,0,,A,PU,_Z,2,,,False,WB_WDI,WB_WDI_NY_GDP_PCAP_PP_CD,RUS,_T,_T,_T,_Z,_Z,_Z,2007,A,PPP,
1078.938852,P1Y,0,,A,PU,_Z,2,,,False,WB_WDI,WB_WDI_NY_GDP_PCAP_PP_CD,RWA,_T,_T,_T,_Z,_Z,_Z,2007,A,PPP,
4713.021234,P1Y,0,,A,PU,_Z,2,,,False,WB_WDI,WB_WDI_NY_GDP_PCAP_PP_CD,WSM,_T,_T,_T,_Z,_Z,_Z,2007,A,PPP,
71744.051999,P1Y,0,,A,PU,_Z,2,,,False,WB_WDI,WB_WDI_NY_GDP_PCAP_PP_CD,SMR,_T,_T,_T,_Z,_Z,_Z,2007,A,PPP,
2650.103876,P1Y,0,,A,PU,_Z,2,,,False,WB_WDI,WB_WDI_NY_GDP_PCAP_PP_CD,STP,_T,_T,_T,_Z,_Z,_Z,2007,A,PPP,
29789.13054,P1Y,0,,A,PU,_Z,2,,,False,WB_WDI,WB_WDI_NY_GDP_PCAP_PP_CD,HRV,_T,_T,_T,_Z,_Z,_Z,2018,A,PPP,
24623.04143,P1Y,0,,A,PU,_Z,2,,,False,WB_WDI,WB_WDI_NY_GDP_PCAP_PP_CD,CUW,_T,_T,_T,_Z,_Z,_Z,2018,A,PPP,
40262.308594,P1Y,0,,A,PU,_Z,2,,,False,WB_WDI,WB_WDI_NY_GDP_PCAP_PP_CD,CYP,_T,_T,_T,_Z,_Z,_Z,2018,A,PPP,
41638.183108,P1Y,0,,A,PU,_Z,2,,,False,WB_WDI,WB_WDI_NY_GDP_PCAP_PP_CD,CZE,_T,_T,_T,_Z,_Z,_Z,2018,A,PPP,
57233.623169,P1Y,0,,A,PU,_Z,2,,,False,WB_WDI,WB_WDI_NY_GDP_PCAP_PP_CD,DNK,_T,_T,_T,_Z,_Z,_Z,2018,A,PPP,
5083.11077,P1Y,0,,A,PU,_Z,2,,,False,WB_WDI,WB_WDI_NY_GDP_PCAP_PP_CD,DJI,_T,_T,_T,_Z,_Z,_Z,2018,A,PPP,
15069.897242,P1Y,0,,A,PU,_Z,2,,,False,WB_WDI,WB_WDI_NY_GDP_PCAP_PP_CD,DMA,_T,_T,_T,_Z,_Z,_Z,2018,A,PPP,
17994.838274,P1Y,0,,A,PU,_Z,2,,,False,WB_WDI,WB_WDI_NY_GDP_PCAP_PP_CD,DOM,_T,_T,_T,_Z,_Z,_Z,2018,A,PPP,
12186.884608,P1Y,0,,A,PU,_Z,2,,,False,WB_WDI,WB_WDI_NY_GDP_PCAP_PP_CD,ECU,_T,_T,_T,_Z,_Z,_Z,2018,A,PPP,
12329.244678,P1Y,0,,A,PU,_Z,2,,,False,WB_WDI,WB_WDI_NY_GDP_PCAP_PP_CD,EGY,_T,_T,_T,_Z,_Z,_Z,2018,A,PPP,
9203.762163,P1Y,0,,A,PU,_Z,2,,,False,WB_WDI,WB_WDI_NY_GDP_PCAP_PP_CD,SLV,_T,_T,_T,_Z,_Z,_Z,2018,A,PPP,
12960.167815,P1Y,0,,A,PU,_Z,2,,,False,WB_WDI,WB_WDI_NY_GDP_PCAP_PP_CD,PLW,_T,_T,_T,_Z,_Z,_Z,2005,A,PPP,
10511.022024,P1Y,0,,A,PU,_Z,2,,,False,WB_WDI,WB_WDI_NY_GDP_PCAP_PP_CD,PAN,_T,_T,_T,_Z,_Z,_Z,2005,A,PPP,
2321.909162,P1Y,0,,A,PU,_Z,2,,,False,WB_WDI,WB_WDI_NY_GDP_PCAP_PP_CD,PNG,_T,_T,_T,_Z,_Z,_Z,2005,A,PPP,
8006.709782,P1Y,0,,A,PU,_Z,2,,,False,WB_WDI,WB_WDI_NY_GDP_PCAP_PP_CD,PRY,_T,_T,_T,_Z,_Z,_Z,2005,A,PPP,
6559.5433,P1Y,0,,A,PU,_Z,2,,,False,WB_WDI,WB_WDI_NY_GDP_PCAP_PP_CD,PER,_T,_T,_T,_Z,_Z,_Z,2005,A,PPP,
4289.052237,P1Y,0,,A,PU,_Z,2,,,False,WB_WDI,WB_WDI_NY_GDP_PCAP_PP_CD,PHL,_T,_T,_T,_Z,_Z,_Z,2005,A,PPP,
13935.557315,P1Y,0,,A,PU,_Z,2,,,False,WB_WDI,WB_WDI_NY_GDP_PCAP_PP_CD,POL,_T,_T,_T,_Z,_Z,_Z,2005,A,PPP,
22725.277495,P1Y,0,,A,PU,_Z,2,,,False,WB_WDI,WB_WDI_NY_GDP_PCAP_PP_CD,PRT,_T,_T,_T,_Z,_Z,_Z,2005,A,PPP,
29350.306056,P1Y,0,,A,PU,_Z,2,,,False,WB_WDI,WB_WDI_NY_GDP_PCAP_PP_CD,PRI,_T,_T,_T,_Z,_Z,_Z,2005,A,PPP,
115250.402334,P1Y,0,,A,PU,_Z,2,,,False,WB_WDI,WB_WDI_NY_GDP_PCAP_PP_CD,QAT,_T,_T,_T,_Z,_Z,_Z,2005,A,PPP,
9602.124404,P1Y,0,,A,PU,_Z,2,,,False,WB_WDI,WB_WDI_NY_GDP_PCAP_PP_CD,ROU,_T,_T,_T,_Z,_Z,_Z,2005,A,PPP,
11822.34668,P1Y,0,,A,PU,_Z,2,,,False,WB_WDI,WB_WDI_NY_GDP_PCAP_PP_CD,RUS,_T,_T,_T,_Z,_Z,_Z,2005,A,PPP,
7111.41311,P1Y,0,,A,PU,_Z,2,,,False,WB_WDI,WB_WDI_NY_GDP_PCAP_PP_CD,DMA,_T,_T,_T,_Z,_Z,_Z,2000,A,PPP,
6639.011319,P1Y,0,,A,PU,_Z,2,,,False,WB_WDI,WB_WDI_NY_GDP_PCAP_PP_CD,DOM,_T,_T,_T,_Z,_Z,_Z,2000,A,PPP,
5728.252499,P1Y,0,,A,PU,_Z,2,,,False,WB_WDI,WB_WDI_NY_GDP_PCAP_PP_CD,ECU,_T,_T,_T,_Z,_Z,_Z,2000,A,PPP,
5451.51567,P1Y,0,,A,PU,_Z,2,,,False,WB_WDI,WB_WDI_NY_GDP_PCAP_PP_CD,EGY,_T,_T,_T,_Z,_Z,_Z,2000,A,PPP,
4422.445106,P1Y,0,,A,PU,_Z,2,,,False,WB_WDI,WB_WDI_NY_GDP_PCAP_PP_CD,SLV,_T,_T,_T,_Z,_Z,_Z,2000,A,PPP,
7420.393101,P1Y,0,,A,PU,_Z,2,,,False,WB_WDI,WB_WDI_NY_GDP_PCAP_PP_CD,GNQ,_T,_T,_T,_Z,_Z,_Z,2000,A,PPP,
1557.875802,P1Y,0,,A,PU,_Z,2,,,False,WB_WDI,WB_WDI_NY_GDP_PCAP_PP_CD,ERI,_T,_T,_T,_Z,_Z,_Z,2000,A,PPP,
9424.507155,P1Y,0,,A,PU,_Z,2,,,False,WB_WDI,WB_WDI_NY_GDP_PCAP_PP_CD,EST,_T,_T,_T,_Z,_Z,_Z,2000,A,PPP,
4400.664194,P1Y,0,,A,PU,_Z,2,,,False,WB_WDI,WB_WDI_NY_GDP_PCAP_PP_CD,SWZ,_T,_T,_T,_Z,_Z,_Z,2000,A,PPP,
473.903313,P1Y,0,,A,PU,_Z,2,,,False,WB_WDI,WB_WDI_NY_GDP_PCAP_PP_CD,ETH,_T,_T,_T,_Z,_Z,_Z,2000,A,PPP,
28933.928297,P1Y,0,,A,PU,_Z,2,,,False,WB_WDI,WB_WDI_NY_GDP_PCAP_PP_CD,MYS,_T,_T,_T,_Z,_Z,_Z,2019,A,PPP,
23077.211224,P1Y,0,,A,PU,_Z,2,,,False,WB_WDI,WB_WDI_NY_GDP_PCAP_PP_CD,MDV,_T,_T,_T,_Z,_Z,_Z,2019,A,PPP,
2819.865823,P1Y,0,,A,PU,_Z,2,,,False,WB_WDI,WB_WDI_NY_GDP_PCAP_PP_CD,MLI,_T,_T,_T,_Z,_Z,_Z,2019,A,PPP,
51392.815282,P1Y,0,,A,PU,_Z,2,,,False,WB_WDI,WB_WDI_NY_GDP_PCAP_PP_CD,MLT,_T,_T,_T,_Z,_Z,_Z,2019,A,PPP,
6045.062408,P1Y,0,,A,PU,_Z,2,,,False,WB_WDI,WB_WDI_NY_GDP_PCAP_PP_CD,MHL,_T,_T,_T,_Z,_Z,_Z,2019,A,PPP,
5610.132367,P1Y,0,,A,PU,_Z,2,,,False,WB_WDI,WB_WDI_NY_GDP_PCAP_PP_CD,MRT,_T,_T,_T,_Z,_Z,_Z,2019,A,PPP,
24374.781829,P1Y,0,,A,PU,_Z,2,,,False,WB_WDI,WB_WDI_NY_GDP_PCAP_PP_CD,MUS,_T,_T,_T,_Z,_Z,_Z,2019,A,PPP,
20964.277485,P1Y,0,,A,PU,_Z,2,,,False,WB_WDI,WB_WDI_NY_GDP_PCAP_PP_CD,MEX,_T,_T,_T,_Z,_Z,_Z,2019,A,PPP,
3718.792084,P1Y,0,,A,PU,_Z,2,,,False,WB_WDI,WB_WDI_NY_GDP_PCAP_PP_CD,FSM,_T,_T,_T,_Z,_Z,_Z,2019,A,PPP,
13413.223294,P1Y,0,,A,PU,_Z,2,,,False,WB_WDI,WB_WDI_NY_GDP_PCAP_PP_CD,MDA,_T,_T,_T,_Z,_Z,_Z,2019,A,PPP,
14387.248491,P1Y,0,,A,PU,_Z,2,,,False,WB_WDI,WB_WDI_NY_GDP_PCAP_PP_CD,MYS,_T,_T,_T,_Z,_Z,_Z,2003,A,PPP,
10065.485805,P1Y,0,,A,PU,_Z,2,,,False,WB_WDI,WB_WDI_NY_GDP_PCAP_PP_CD,MDV,_T,_T,_T,_Z,_Z,_Z,2003,A,PPP,
1714.897539,P1Y,0,,A,PU,_Z,2,,,False,WB_WDI,WB_WDI_NY_GDP_PCAP_PP_CD,MLI,_T,_T,_T,_Z,_Z,_Z,2003,A,PPP,
20812.778639,P1Y,0,,A,PU,_Z,2,,,False,WB_WDI,WB_WDI_NY_GDP_PCAP_PP_CD,MLT,_T,_T,_T,_Z,_Z,_Z,2003,A,PPP,
2824.278834,P1Y,0,,A,PU,_Z,2,,,False,WB_WDI,WB_WDI_NY_GDP_PCAP_PP_CD,MHL,_T,_T,_T,_Z,_Z,_Z,2003,A,PPP,
2446.698178,P1Y,0,,A,PU,_Z,2,,,False,WB_WDI,WB_WDI_NY_GDP_PCAP_PP_CD,MRT,_T,_T,_T,_Z,_Z,_Z,2003,A,PPP,
10534.557253,P1Y,0,,A,PU,_Z,2,,,False,WB_WDI,WB_WDI_NY_GDP_PCAP_PP_CD,MUS,_T,_T,_T,_Z,_Z,_Z,2003,A,PPP,
12065.936855,P1Y,0,,A,PU,_Z,2,,,False,WB_WDI,WB_WDI_NY_GDP_PCAP_PP_CD,MEX,_T,_T,_T,_Z,_Z,_Z,2003,A,PPP,
2580.872517,P1Y,0,,A,PU,_Z,2,,,False,WB_WDI,WB_WDI_NY_GDP_PCAP_PP_CD,FSM,_T,_T,_T,_Z,_Z,_Z,2003,A,PPP,
3959.95151,P1Y,0,,A,PU,_Z,2,,,False,WB_WDI,WB_WDI_NY_GDP_PCAP_PP_CD,MDA,_T,_T,_T,_Z,_Z,_Z,2003,A,PPP,
4399.365379,P1Y,0,,A,PU,_Z,2,,,False,WB_WDI,WB_WDI_NY_GDP_PCAP_PP_CD,MNG,_T,_T,_T,_Z,_Z,_Z,2003,A,PPP,
7340.350099,P1Y,0,,A,PU,_Z,2,,,False,WB_WDI,WB_WDI_NY_GDP_PCAP_PP_CD,MNE,_T,_T,_T,_Z,_Z,_Z,2003,A,PPP,
4741.061523,P1Y,0,,A,PU,_Z,2,,,False,WB_WDI,WB_WDI_NY_GDP_PCAP_PP_CD,MAR,_T,_T,_T,_Z,_Z,_Z,2003,A,PPP,
2769.543063,P1Y,0,,A,PU,_Z,2,,,False,WB_WDI,WB_WDI_NY_GDP_PCAP_PP_CD,SSF,_T,_T,_T,_Z,_Z,_Z,2004,A,PPP,
3014.840888,P1Y,0,,A,PU,_Z,2,,,False,WB_WDI,WB_WDI_NY_GDP_PCAP_PP_CD,SSA,_T,_T,_T,_Z,_Z,_Z,2004,A,PPP,
2769.543063,P1Y,0,,A,PU,_Z,2,,,False,WB_WDI,WB_WDI_NY_GDP_PCAP_PP_CD,TSS,_T,_T,_T,_Z,_Z,_Z,2004,A,PPP,
6805.733689,P1Y,0,,A,PU,_Z,2,,,False,WB_WDI,WB_WDI_NY_GDP_PCAP_PP_CD,UMC,_T,_T,_T,_Z,_Z,_Z,2004,A,PPP,
9589.688216,P1Y,0,,A,PU,_Z,2,,,False,WB_WDI,WB_WDI_NY_GDP_PCAP_PP_CD,WLD,_T,_T,_T,_Z,_Z,_Z,2004,A,PPP,
971.633503,P1Y,0,,A,PU,_Z,2,,,False,WB_WDI,WB_WDI_NY_GDP_PCAP_PP_CD,AFG,_T,_T,_T,_Z,_Z,_Z,2004,A,PPP,
5594.791623,P1Y,0,,A,PU,_Z,2,,,False,WB_WDI,WB_WDI_NY_GDP_PCAP_PP_CD,ALB,_T,_T,_T,_Z,_Z,_Z,2004,A,PPP,
11431.685672,P1Y,0,,A,PU,_Z,2,,,False,WB_WDI,WB_WDI_NY_GDP_PCAP_PP_CD,DZA,_T,_T,_T,_Z,_Z,_Z,2004,A,PPP,
42717.237774,P1Y,0,,A,PU,_Z,2,,,False,WB_WDI,WB_WDI_NY_GDP_PCAP_PP_CD,AND,_T,_T,_T,_Z,_Z,_Z,2004,A,PPP,
4770.688026,P1Y,0,,A,PU,_Z,2,,,False,WB_WDI,WB_WDI_NY_GDP_PCAP_PP_CD,AGO,_T,_T,_T,_Z,_Z,_Z,2004,A,PPP,
21628.683654,P1Y,0,,A,PU,_Z,2,,,False,WB_WDI,WB_WDI_NY_GDP_PCAP_PP_CD,ATG,_T,_T,_T,_Z,_Z,_Z,2004,A,PPP,
12117.679742,P1Y,0,,A,PU,_Z,2,,,False,WB_WDI,WB_WDI_NY_GDP_PCAP_PP_CD,ARG,_T,_T,_T,_Z,_Z,_Z,2004,A,PPP,
4377.227597,P1Y,0,,A,PU,_Z,2,,,False,WB_WDI,WB_WDI_NY_GDP_PCAP_PP_CD,ARM,_T,_T,_T,_Z,_Z,_Z,2004,A,PPP,
35059.273098,P1Y,0,,A,PU,_Z,2,,,False,WB_WDI,WB_WDI_NY_GDP_PCAP_PP_CD,ABW,_T,_T,_T,_Z,_Z,_Z,2004,A,PPP,
30864.112369,P1Y,0,,A,PU,_Z,2,,,False,WB_WDI,WB_WDI_NY_GDP_PCAP_PP_CD,DNK,_T,_T,_T,_Z,_Z,_Z,2003,A,PPP,
7714.295099,P1Y,0,,A,PU,_Z,2,,,False,WB_WDI,WB_WDI_NY_GDP_PCAP_PP_CD,DMA,_T,_T,_T,_Z,_Z,_Z,2003,A,PPP,
7097.557078,P1Y,0,,A,PU,_Z,2,,,False,WB_WDI,WB_WDI_NY_GDP_PCAP_PP_CD,DOM,_T,_T,_T,_Z,_Z,_Z,2003,A,PPP,
6475.065973,P1Y,0,,A,PU,_Z,2,,,False,WB_WDI,WB_WDI_NY_GDP_PCAP_PP_CD,ECU,_T,_T,_T,_Z,_Z,_Z,2003,A,PPP,
5928.079453,P1Y,0,,A,PU,_Z,2,,,False,WB_WDI,WB_WDI_NY_GDP_PCAP_PP_CD,EGY,_T,_T,_T,_Z,_Z,_Z,2003,A,PPP,
4828.702971,P1Y,0,,A,PU,_Z,2,,,False,WB_WDI,WB_WDI_NY_GDP_PCAP_PP_CD,SLV,_T,_T,_T,_Z,_Z,_Z,2003,A,PPP,
14496.174412,P1Y,0,,A,PU,_Z,2,,,False,WB_WDI,WB_WDI_NY_GDP_PCAP_PP_CD,GNQ,_T,_T,_T,_Z,_Z,_Z,2003,A,PPP,
1620.85093,P1Y,0,,A,PU,_Z,2,,,False,WB_WDI,WB_WDI_NY_GDP_PCAP_PP_CD,ERI,_T,_T,_T,_Z,_Z,_Z,2003,A,PPP,
13135.041968,P1Y,0,,A,PU,_Z,2,,,False,WB_WDI,WB_WDI_NY_GDP_PCAP_PP_CD,EST,_T,_T,_T,_Z,_Z,_Z,2003,A,PPP,
5020.282863,P1Y,0,,A,PU,_Z,2,,,False,WB_WDI,WB_WDI_NY_GDP_PCAP_PP_CD,SWZ,_T,_T,_T,_Z,_Z,_Z,2003,A,PPP,
492.840755,P1Y,0,,A,PU,_Z,2,,,False,WB_WDI,WB_WDI_NY_GDP_PCAP_PP_CD,ETH,_T,_T,_T,_Z,_Z,_Z,2003,A,PPP,
1502.88777,P1Y,0,,A,PU,_Z,2,,,False,WB_WDI,WB_WDI_NY_GDP_PCAP_PP_CD,SLB,_T,_T,_T,_Z,_Z,_Z,2000,A,PPP,
467.060922,P1Y,0,,A,PU,_Z,2,,,False,WB_WDI,WB_WDI_NY_GDP_PCAP_PP_CD,SOM,_T,_T,_T,_Z,_Z,_Z,2000,A,PPP,
8095.294289,P1Y,0,,A,PU,_Z,2,,,False,WB_WDI,WB_WDI_NY_GDP_PCAP_PP_CD,ZAF,_T,_T,_T,_Z,_Z,_Z,2000,A,PPP,
21582.206796,P1Y,0,,A,PU,_Z,2,,,False,WB_WDI,WB_WDI_NY_GDP_PCAP_PP_CD,ESP,_T,_T,_T,_Z,_Z,_Z,2000,A,PPP,
4367.80359,P1Y,0,,A,PU,_Z,2,,,False,WB_WDI,WB_WDI_NY_GDP_PCAP_PP_CD,LKA,_T,_T,_T,_Z,_Z,_Z,2000,A,PPP,
15256.43059,P1Y,0,,A,PU,_Z,2,,,False,WB_WDI,WB_WDI_NY_GDP_PCAP_PP_CD,KNA,_T,_T,_T,_Z,_Z,_Z,2000,A,PPP,
9313.732797,P1Y,0,,A,PU,_Z,2,,,False,WB_WDI,WB_WDI_NY_GDP_PCAP_PP_CD,LCA,_T,_T,_T,_Z,_Z,_Z,2000,A,PPP,
6502.900236,P1Y,0,,A,PU,_Z,2,,,False,WB_WDI,WB_WDI_NY_GDP_PCAP_PP_CD,VCT,_T,_T,_T,_Z,_Z,_Z,2000,A,PPP,
2616.4646,P1Y,0,,A,PU,_Z,2,,,False,WB_WDI,WB_WDI_NY_GDP_PCAP_PP_CD,SDN,_T,_T,_T,_Z,_Z,_Z,2000,A,PPP,
7535.452942,P1Y,0,,A,PU,_Z,2,,,False,WB_WDI,WB_WDI_NY_GDP_PCAP_PP_CD,SUR,_T,_T,_T,_Z,_Z,_Z,2000,A,PPP,
29636.237888,P1Y,0,,A,PU,_Z,2,,,False,WB_WDI,WB_WDI_NY_GDP_PCAP_PP_CD,SWE,_T,_T,_T,_Z,_Z,_Z,2000,A,PPP,
36703.066165,P1Y,0,,A,PU,_Z,2,,,False,WB_WDI,WB_WDI_NY_GDP_PCAP_PP_CD,CHE,_T,_T,_T,_Z,_Z,_Z,2000,A,PPP,
29458.988214,P1Y,0,,A,PU,_Z,2,,,False,WB_WDI,WB_WDI_NY_GDP_PCAP_PP_CD,DNK,_T,_T,_T,_Z,_Z,_Z,2001,A,PPP,
7290.628324,P1Y,0,,A,PU,_Z,2,,,False,WB_WDI,WB_WDI_NY_GDP_PCAP_PP_CD,DMA,_T,_T,_T,_Z,_Z,_Z,2001,A,PPP,
6847.573661,P1Y,0,,A,PU,_Z,2,,,False,WB_WDI,WB_WDI_NY_GDP_PCAP_PP_CD,DOM,_T,_T,_T,_Z,_Z,_Z,2001,A,PPP,
5998.875086,P1Y,0,,A,PU,_Z,2,,,False,WB_WDI,WB_WDI_NY_GDP_PCAP_PP_CD,ECU,_T,_T,_T,_Z,_Z,_Z,2001,A,PPP,
5650.051962,P1Y,0,,A,PU,_Z,2,,,False,WB_WDI,WB_WDI_NY_GDP_PCAP_PP_CD,EGY,_T,_T,_T,_Z,_Z,_Z,2001,A,PPP,
4542.925872,P1Y,0,,A,PU,_Z,2,,,False,WB_WDI,WB_WDI_NY_GDP_PCAP_PP_CD,SLV,_T,_T,_T,_Z,_Z,_Z,2001,A,PPP,
11626.723117,P1Y,0,,A,PU,_Z,2,,,False,WB_WDI,WB_WDI_NY_GDP_PCAP_PP_CD,GNQ,_T,_T,_T,_Z,_Z,_Z,2001,A,PPP,
1683.684419,P1Y,0,,A,PU,_Z,2,,,False,WB_WDI,WB_WDI_NY_GDP_PCAP_PP_CD,ERI,_T,_T,_T,_Z,_Z,_Z,2001,A,PPP,
10308.899097,P1Y,0,,A,PU,_Z,2,,,False,WB_WDI,WB_WDI_NY_GDP_PCAP_PP_CD,EST,_T,_T,_T,_Z,_Z,_Z,2001,A,PPP,
4521.403211,P1Y,0,,A,PU,_Z,2,,,False,WB_WDI,WB_WDI_NY_GDP_PCAP_PP_CD,SWZ,_T,_T,_T,_Z,_Z,_Z,2001,A,PPP,
509.119302,P1Y,0,,A,PU,_Z,2,,,False,WB_WDI,WB_WDI_NY_GDP_PCAP_PP_CD,ETH,_T,_T,_T,_Z,_Z,_Z,2001,A,PPP,
7837.433348,P1Y,0,,A,PU,_Z,2,,,False,WB_WDI,WB_WDI_NY_GDP_PCAP_PP_CD,LMC,_T,_T,_T,_Z,_Z,_Z,2021,A,PPP,
13569.59611,P1Y,0,,A,PU,_Z,2,,,False,WB_WDI,WB_WDI_NY_GDP_PCAP_PP_CD,MEA,_T,_T,_T,_Z,_Z,_Z,2021,A,PPP,
9412.559144,P1Y,0,,A,PU,_Z,2,,,False,WB_WDI,WB_WDI_NY_GDP_PCAP_PP_CD,MNA,_T,_T,_T,_Z,_Z,_Z,2021,A,PPP,
9439.858096,P1Y,0,,A,PU,_Z,2,,,False,WB_WDI,WB_WDI_NY_GDP_PCAP_PP_CD,TMN,_T,_T,_T,_Z,_Z,_Z,2021,A,PPP,
13466.488875,P1Y,0,,A,PU,_Z,2,,,False,WB_WDI,WB_WDI_NY_GDP_PCAP_PP_CD,MIC,_T,_T,_T,_Z,_Z,_Z,2021,A,PPP,
69833.494876,P1Y,0,,A,PU,_Z,2,,,False,WB_WDI,WB_WDI_NY_GDP_PCAP_PP_CD,NAC,_T,_T,_T,_Z,_Z,_Z,2021,A,PPP,
50955.601838,P1Y,0,,A,PU,_Z,2,,,False,WB_WDI,WB_WDI_NY_GDP_PCAP_PP_CD,OED,_T,_T,_T,_Z,_Z,_Z,2021,A,PPP,
23596.403375,P1Y,0,,A,PU,_Z,2,,,False,WB_WDI,WB_WDI_NY_GDP_PCAP_PP_CD,OSS,_T,_T,_T,_Z,_Z,_Z,2021,A,PPP,
6080.315941,P1Y,0,,A,PU,_Z,2,,,False,WB_WDI,WB_WDI_NY_GDP_PCAP_PP_CD,PSS,_T,_T,_T,_Z,_Z,_Z,2021,A,PPP,
56311.677591,P1Y,0,,A,PU,_Z,2,,,False,WB_WDI,WB_WDI_NY_GDP_PCAP_PP_CD,PST,_T,_T,_T,_Z,_Z,_Z,2021,A,PPP,
4514.399936,P1Y,0,,A,PU,_Z,2,,,False,WB_WDI,WB_WDI_NY_GDP_PCAP_PP_CD,PRE,_T,_T,_T,_Z,_Z,_Z,2021,A,PPP,
21232.112434,P1Y,0,,A,PU,_Z,2,,,False,WB_WDI,WB_WDI_NY_GDP_PCAP_PP_CD,SST,_T,_T,_T,_Z,_Z,_Z,2021,A,PPP,
8015.356745,P1Y,0,,A,PU,_Z,2,,,False,WB_WDI,WB_WDI_NY_GDP_PCAP_PP_CD,SAS,_T,_T,_T,_Z,_Z,_Z,2021,A,PPP,
6520.280313,P1Y,0,,A,PU,_Z,2,,,False,WB_WDI,WB_WDI_NY_GDP_PCAP_PP_CD,AFW,_T,_T,_T,_Z,_Z,_Z,2023,A,PPP,
18488.741561,P1Y,0,,A,PU,_Z,2,,,False,WB_WDI,WB_WDI_NY_GDP_PCAP_PP_CD,ARB,_T,_T,_T,_Z,_Z,_Z,2023,A,PPP,
32868.208997,P1Y,0,,A,PU,_Z,2,,,False,WB_WDI,WB_WDI_NY_GDP_PCAP_PP_CD,CSS,_T,_T,_T,_Z,_Z,_Z,2023,A,PPP,
47989.033658,P1Y,0,,A,PU,_Z,2,,,False,WB_WDI,WB_WDI_NY_GDP_PCAP_PP_CD,CEB,_T,_T,_T,_Z,_Z,_Z,2023,A,PPP,
13251.640588,P1Y,0,,A,PU,_Z,2,,,False,WB_WDI,WB_WDI_NY_GDP_PCAP_PP_CD,EAR,_T,_T,_T,_Z,_Z,_Z,2023,A,PPP,
25623.487693,P1Y,0,,A,PU,_Z,2,,,False,WB_WDI,WB_WDI_NY_GDP_PCAP_PP_CD,EAS,_T,_T,_T,_Z,_Z,_Z,2023,A,PPP,
21666.586246,P1Y,0,,A,PU,_Z,2,,,False,WB_WDI,WB_WDI_NY_GDP_PCAP_PP_CD,EAP,_T,_T,_T,_Z,_Z,_Z,2023,A,PPP,
21910.110755,P1Y,0,,A,PU,_Z,2,,,False,WB_WDI,WB_WDI_NY_GDP_PCAP_PP_CD,TEA,_T,_T,_T,_Z,_Z,_Z,2023,A,PPP,
64036.324396,P1Y,0,,A,PU,_Z,2,,,False,WB_WDI,WB_WDI_NY_GDP_PCAP_PP_CD,EMU,_T,_T,_T,_Z,_Z,_Z,2023,A,PPP,
50252.449013,P1Y,0,,A,PU,_Z,2,,,False,WB_WDI,WB_WDI_NY_GDP_PCAP_PP_CD,ECS,_T,_T,_T,_Z,_Z,_Z,2023,A,PPP,
27541.824683,P1Y,0,,A,PU,_Z,2,,,False,WB_WDI,WB_WDI_NY_GDP_PCAP_PP_CD,ECA,_T,_T,_T,_Z,_Z,_Z,2023,A,PPP,
35796.11556,P1Y,0,,A,PU,_Z,2,,,False,WB_WDI,WB_WDI_NY_GDP_PCAP_PP_CD,TEC,_T,_T,_T,_Z,_Z,_Z,2023,A,PPP,
61368.109723,P1Y,0,,A,PU,_Z,2,,,False,WB_WDI,WB_WDI_NY_GDP_PCAP_PP_CD,EUU,_T,_T,_T,_Z,_Z,_Z,2023,A,PPP,
3449.708579,P1Y,0,,A,PU,_Z,2,,,False,WB_WDI,WB_WDI_NY_GDP_PCAP_PP_CD,HPC,_T,_T,_T,_Z,_Z,_Z,2023,A,PPP,
64488.496062,P1Y,0,,A,PU,_Z,2,,,False,WB_WDI,WB_WDI_NY_GDP_PCAP_PP_CD,HIC,_T,_T,_T,_Z,_Z,_Z,2023,A,PPP,
19833.30492,P1Y,0,,A,PU,_Z,2,,,False,WB_WDI,WB_WDI_NY_GDP_PCAP_PP_CD,IBD,_T,_T,_T,_Z,_Z,_Z,2023,A,PPP,
13361.485129,P1Y,0,,A,PU,_Z,2,,,False,WB_WDI,WB_WDI_NY_GDP_PCAP_PP_CD,ZAF,_T,_T,_T,_Z,_Z,_Z,2019,A,PPP,
44042.757577,P1Y,0,,A,PU,_Z,2,,,False,WB_WDI,WB_WDI_NY_GDP_PCAP_PP_CD,ESP,_T,_T,_T,_Z,_Z,_Z,2019,A,PPP,
14112.952504,P1Y,0,,A,PU,_Z,2,,,False,WB_WDI,WB_WDI_NY_GDP_PCAP_PP_CD,LKA,_T,_T,_T,_Z,_Z,_Z,2019,A,PPP,
32482.094417,P1Y,0,,A,PU,_Z,2,,,False,WB_WDI,WB_WDI_NY_GDP_PCAP_PP_CD,KNA,_T,_T,_T,_Z,_Z,_Z,2019,A,PPP,
18709.911067,P1Y,0,,A,PU,_Z,2,,,False,WB_WDI,WB_WDI_NY_GDP_PCAP_PP_CD,LCA,_T,_T,_T,_Z,_Z,_Z,2019,A,PPP,
15339.556028,P1Y,0,,A,PU,_Z,2,,,False,WB_WDI,WB_WDI_NY_GDP_PCAP_PP_CD,VCT,_T,_T,_T,_Z,_Z,_Z,2019,A,PPP,
3914.225586,P1Y,0,,A,PU,_Z,2,,,False,WB_WDI,WB_WDI_NY_GDP_PCAP_PP_CD,SDN,_T,_T,_T,_Z,_Z,_Z,2019,A,PPP,
19771.547389,P1Y,0,,A,PU,_Z,2,,,False,WB_WDI,WB_WDI_NY_GDP_PCAP_PP_CD,SUR,_T,_T,_T,_Z,_Z,_Z,2019,A,PPP,
57046.446308,P1Y,0,,A,PU,_Z,2,,,False,WB_WDI,WB_WDI_NY_GDP_PCAP_PP_CD,SWE,_T,_T,_T,_Z,_Z,_Z,2019,A,PPP,
73732.235332,P1Y,0,,A,PU,_Z,2,,,False,WB_WDI,WB_WDI_NY_GDP_PCAP_PP_CD,CHE,_T,_T,_T,_Z,_Z,_Z,2019,A,PPP,
3502.175115,P1Y,0,,A,PU,_Z,2,,,False,WB_WDI,WB_WDI_NY_GDP_PCAP_PP_CD,SYR,_T,_T,_T,_Z,_Z,_Z,2019,A,PPP,
773.780862,P1Y,0,,A,PU,_Z,2,,,False,WB_WDI,WB_WDI_NY_GDP_PCAP_PP_CD,SOM,_T,_T,_T,_Z,_Z,_Z,2009,A,PPP,
12261.411591,P1Y,0,,A,PU,_Z,2,,,False,WB_WDI,WB_WDI_NY_GDP_PCAP_PP_CD,ZAF,_T,_T,_T,_Z,_Z,_Z,2009,A,PPP,
2911.042973,P1Y,0,,A,PU,_Z,2,,,False,WB_WDI,WB_WDI_NY_GDP_PCAP_PP_CD,SSD,_T,_T,_T,_Z,_Z,_Z,2009,A,PPP,
32218.288017,P1Y,0,,A,PU,_Z,2,,,False,WB_WDI,WB_WDI_NY_GDP_PCAP_PP_CD,ESP,_T,_T,_T,_Z,_Z,_Z,2009,A,PPP,
7575.579887,P1Y,0,,A,PU,_Z,2,,,False,WB_WDI,WB_WDI_NY_GDP_PCAP_PP_CD,LKA,_T,_T,_T,_Z,_Z,_Z,2009,A,PPP,
23384.735098,P1Y,0,,A,PU,_Z,2,,,False,WB_WDI,WB_WDI_NY_GDP_PCAP_PP_CD,KNA,_T,_T,_T,_Z,_Z,_Z,2009,A,PPP,
12600.207898,P1Y,0,,A,PU,_Z,2,,,False,WB_WDI,WB_WDI_NY_GDP_PCAP_PP_CD,LCA,_T,_T,_T,_Z,_Z,_Z,2009,A,PPP,
10868.535093,P1Y,0,,A,PU,_Z,2,,,False,WB_WDI,WB_WDI_NY_GDP_PCAP_PP_CD,VCT,_T,_T,_T,_Z,_Z,_Z,2009,A,PPP,
3731.614746,P1Y,0,,A,PU,_Z,2,,,False,WB_WDI,WB_WDI_NY_GDP_PCAP_PP_CD,SDN,_T,_T,_T,_Z,_Z,_Z,2009,A,PPP,
12392.933358,P1Y,0,,A,PU,_Z,2,,,False,WB_WDI,WB_WDI_NY_GDP_PCAP_PP_CD,SUR,_T,_T,_T,_Z,_Z,_Z,2009,A,PPP,
40094.028862,P1Y,0,,A,PU,_Z,2,,,False,WB_WDI,WB_WDI_NY_GDP_PCAP_PP_CD,SWE,_T,_T,_T,_Z,_Z,_Z,2009,A,PPP,
52998.988464,P1Y,0,,A,PU,_Z,2,,,False,WB_WDI,WB_WDI_NY_GDP_PCAP_PP_CD,CHE,_T,_T,_T,_Z,_Z,_Z,2009,A,PPP,
9419.793907,P1Y,0,,A,PU,_Z,2,,,False,WB_WDI,WB_WDI_NY_GDP_PCAP_PP_CD,BWA,_T,_T,_T,_Z,_Z,_Z,2001,A,PPP,
9303.645292,P1Y,0,,A,PU,_Z,2,,,False,WB_WDI,WB_WDI_NY_GDP_PCAP_PP_CD,BRA,_T,_T,_T,_Z,_Z,_Z,2001,A,PPP,
74253.881784,P1Y,0,,A,PU,_Z,2,,,False,WB_WDI,WB_WDI_NY_GDP_PCAP_PP_CD,BRN,_T,_T,_T,_Z,_Z,_Z,2001,A,PPP,
6960.286101,P1Y,0,,A,PU,_Z,2,,,False,WB_WDI,WB_WDI_NY_GDP_PCAP_PP_CD,BGR,_T,_T,_T,_Z,_Z,_Z,2001,A,PPP,
947.919375,P1Y,0,,A,PU,_Z,2,,,False,WB_WDI,WB_WDI_NY_GDP_PCAP_PP_CD,BFA,_T,_T,_T,_Z,_Z,_Z,2001,A,PPP,
528.435573,P1Y,0,,A,PU,_Z,2,,,False,WB_WDI,WB_WDI_NY_GDP_PCAP_PP_CD,BDI,_T,_T,_T,_Z,_Z,_Z,2001,A,PPP,
3216.646512,P1Y,0,,A,PU,_Z,2,,,False,WB_WDI,WB_WDI_NY_GDP_PCAP_PP_CD,CPV,_T,_T,_T,_Z,_Z,_Z,2001,A,PPP,
1357.426111,P1Y,0,,A,PU,_Z,2,,,False,WB_WDI,WB_WDI_NY_GDP_PCAP_PP_CD,KHM,_T,_T,_T,_Z,_Z,_Z,2001,A,PPP,
2190.896407,P1Y,0,,A,PU,_Z,2,,,False,WB_WDI,WB_WDI_NY_GDP_PCAP_PP_CD,CMR,_T,_T,_T,_Z,_Z,_Z,2001,A,PPP,
30241.032653,P1Y,0,,A,PU,_Z,2,,,False,WB_WDI,WB_WDI_NY_GDP_PCAP_PP_CD,CAN,_T,_T,_T,_Z,_Z,_Z,2001,A,PPP,
668.445939,P1Y,0,,A,PU,_Z,2,,,False,WB_WDI,WB_WDI_NY_GDP_PCAP_PP_CD,CAF,_T,_T,_T,_Z,_Z,_Z,2001,A,PPP,
15834.678573,P1Y,0,,A,PU,_Z,2,,,False,WB_WDI,WB_WDI_NY_GDP_PCAP_PP_CD,IBT,_T,_T,_T,_Z,_Z,_Z,2023,A,PPP,
7301.412874,P1Y,0,,A,PU,_Z,2,,,False,WB_WDI,WB_WDI_NY_GDP_PCAP_PP_CD,IDB,_T,_T,_T,_Z,_Z,_Z,2023,A,PPP,
4484.057305,P1Y,0,,A,PU,_Z,2,,,False,WB_WDI,WB_WDI_NY_GDP_PCAP_PP_CD,IDX,_T,_T,_T,_Z,_Z,_Z,2023,A,PPP,
5459.151497,P1Y,0,,A,PU,_Z,2,,,False,WB_WDI,WB_WDI_NY_GDP_PCAP_PP_CD,IDA,_T,_T,_T,_Z,_Z,_Z,2023,A,PPP,
26461.845975,P1Y,0,,A,PU,_Z,2,,,False,WB_WDI,WB_WDI_NY_GDP_PCAP_PP_CD,LTE,_T,_T,_T,_Z,_Z,_Z,2023,A,PPP,
22091.990974,P1Y,0,,A,PU,_Z,2,,,False,WB_WDI,WB_WDI_NY_GDP_PCAP_PP_CD,LCN,_T,_T,_T,_Z,_Z,_Z,2023,A,PPP,
21091.609745,P1Y,0,,A,PU,_Z,2,,,False,WB_WDI,WB_WDI_NY_GDP_PCAP_PP_CD,LAC,_T,_T,_T,_Z,_Z,_Z,2023,A,PPP,
21983.75169,P1Y,0,,A,PU,_Z,2,,,False,WB_WDI,WB_WDI_NY_GDP_PCAP_PP_CD,TLA,_T,_T,_T,_Z,_Z,_Z,2023,A,PPP,
4286.720708,P1Y,0,,A,PU,_Z,2,,,False,WB_WDI,WB_WDI_NY_GDP_PCAP_PP_CD,LDC,_T,_T,_T,_Z,_Z,_Z,2023,A,PPP,
14898.648567,P1Y,0,,A,PU,_Z,2,,,False,WB_WDI,WB_WDI_NY_GDP_PCAP_PP_CD,LMY,_T,_T,_T,_Z,_Z,_Z,2023,A,PPP,
2289.516206,P1Y,0,,A,PU,_Z,2,,,False,WB_WDI,WB_WDI_NY_GDP_PCAP_PP_CD,LIC,_T,_T,_T,_Z,_Z,_Z,2023,A,PPP,
9599.872948,P1Y,0,,A,PU,_Z,2,,,False,WB_WDI,WB_WDI_NY_GDP_PCAP_PP_CD,LMC,_T,_T,_T,_Z,_Z,_Z,2023,A,PPP,
15802.663198,P1Y,0,,A,PU,_Z,2,,,False,WB_WDI,WB_WDI_NY_GDP_PCAP_PP_CD,MEA,_T,_T,_T,_Z,_Z,_Z,2023,A,PPP,
10869.502634,P1Y,0,,A,PU,_Z,2,,,False,WB_WDI,WB_WDI_NY_GDP_PCAP_PP_CD,MNA,_T,_T,_T,_Z,_Z,_Z,2023,A,PPP,
10905.747298,P1Y,0,,A,PU,_Z,2,,,False,WB_WDI,WB_WDI_NY_GDP_PCAP_PP_CD,TMN,_T,_T,_T,_Z,_Z,_Z,2023,A,PPP,
16203.727389,P1Y,0,,A,PU,_Z,2,,,False,WB_WDI,WB_WDI_NY_GDP_PCAP_PP_CD,MIC,_T,_T,_T,_Z,_Z,_Z,2023,A,PPP,
19873.886085,P1Y,0,,A,PU,_Z,2,,,True,WB_WDI,WB_WDI_NY_GDP_PCAP_PP_CD,IRN,_T,_T,_T,_Z,_Z,_Z,2024,A,PPP,
14464.318693,P1Y,0,,A,PU,_Z,2,,,True,WB_WDI,WB_WDI_NY_GDP_PCAP_PP_CD,IRQ,_T,_T,_T,_Z,_Z,_Z,2024,A,PPP,
133437.470117,P1Y,0,,A,PU,_Z,2,,,True,WB_WDI,WB_WDI_NY_GDP_PCAP_PP_CD,IRL,_T,_T,_T,_Z,_Z,_Z,2024,A,PPP,
57235.776324,P1Y,0,,A,PU,_Z,2,,,True,WB_WDI,WB_WDI_NY_GDP_PCAP_PP_CD,ISR,_T,_T,_T,_Z,_Z,_Z,2024,A,PPP,
62014.267515,P1Y,0,,A,PU,_Z,2,,,True,WB_WDI,WB_WDI_NY_GDP_PCAP_PP_CD,ITA,_T,_T,_T,_Z,_Z,_Z,2024,A,PPP,
12890.266005,P1Y,0,,A,PU,_Z,2,,,True,WB_WDI,WB_WDI_NY_GDP_PCAP_PP_CD,JAM,_T,_T,_T,_Z,_Z,_Z,2024,A,PPP,
52039.171655,P1Y,0,,A,PU,_Z,2,,,True,WB_WDI,WB_WDI_NY_GDP_PCAP_PP_CD,JPN,_T,_T,_T,_Z,_Z,_Z,2024,A,PPP,
10821.490977,P1Y,0,,A,PU,_Z,2,,,True,WB_WDI,WB_WDI_NY_GDP_PCAP_PP_CD,JOR,_T,_T,_T,_Z,_Z,_Z,2024,A,PPP,
40890.931769,P1Y,0,,A,PU,_Z,2,,,True,WB_WDI,WB_WDI_NY_GDP_PCAP_PP_CD,KAZ,_T,_T,_T,_Z,_Z,_Z,2024,A,PPP,
6644.130932,P1Y,0,,A,PU,_Z,2,,,True,WB_WDI,WB_WDI_NY_GDP_PCAP_PP_CD,KEN,_T,_T,_T,_Z,_Z,_Z,2024,A,PPP,
3702.325947,P1Y,0,,A,PU,_Z,2,,,True,WB_WDI,WB_WDI_NY_GDP_PCAP_PP_CD,KIR,_T,_T,_T,_Z,_Z,_Z,2024,A,PPP,
61051.34925,P1Y,0,,A,PU,_Z,2,,,True,WB_WDI,WB_WDI_NY_GDP_PCAP_PP_CD,KOR,_T,_T,_T,_Z,_Z,_Z,2024,A,PPP,
17864.416015,P1Y,0,,A,PU,_Z,2,,,True,WB_WDI,WB_WDI_NY_GDP_PCAP_PP_CD,XKX,_T,_T,_T,_Z,_Z,_Z,2024,A,PPP,
52443.596922,P1Y,0,,A,PU,_Z,2,,,True,WB_WDI,WB_WDI_NY_GDP_PCAP_PP_CD,KWT,_T,_T,_T,_Z,_Z,_Z,2024,A,PPP,
8012.454644,P1Y,0,,A,PU,_Z,2,,,True,WB_WDI,WB_WDI_NY_GDP_PCAP_PP_CD,KGZ,_T,_T,_T,_Z,_Z,_Z,2024,A,PPP,
3407.963134,P1Y,0,,A,PU,_Z,2,,,False,WB_WDI,WB_WDI_NY_GDP_PCAP_PP_CD,TSA,_T,_T,_T,_Z,_Z,_Z,2007,A,PPP,
3324.04114,P1Y,0,,A,PU,_Z,2,,,False,WB_WDI,WB_WDI_NY_GDP_PCAP_PP_CD,SSF,_T,_T,_T,_Z,_Z,_Z,2007,A,PPP,
3608.893464,P1Y,0,,A,PU,_Z,2,,,False,WB_WDI,WB_WDI_NY_GDP_PCAP_PP_CD,SSA,_T,_T,_T,_Z,_Z,_Z,2007,A,PPP,
3324.04114,P1Y,0,,A,PU,_Z,2,,,False,WB_WDI,WB_WDI_NY_GDP_PCAP_PP_CD,TSS,_T,_T,_T,_Z,_Z,_Z,2007,A,PPP,
9228.019297,P1Y,0,,A,PU,_Z,2,,,False,WB_WDI,WB_WDI_NY_GDP_PCAP_PP_CD,UMC,_T,_T,_T,_Z,_Z,_Z,2007,A,PPP,
11804.614204,P1Y,0,,A,PU,_Z,2,,,False,WB_WDI,WB_WDI_NY_GDP_PCAP_PP_CD,WLD,_T,_T,_T,_Z,_Z,_Z,2007,A,PPP,
1286.949843,P1Y,0,,A,PU,_Z,2,,,False,WB_WDI,WB_WDI_NY_GDP_PCAP_PP_CD,AFG,_T,_T,_T,_Z,_Z,_Z,2007,A,PPP,
7584.689222,P1Y,0,,A,PU,_Z,2,,,False,WB_WDI,WB_WDI_NY_GDP_PCAP_PP_CD,ALB,_T,_T,_T,_Z,_Z,_Z,2007,A,PPP,
13320.964121,P1Y,0,,A,PU,_Z,2,,,False,WB_WDI,WB_WDI_NY_GDP_PCAP_PP_CD,DZA,_T,_T,_T,_Z,_Z,_Z,2007,A,PPP,
47501.430929,P1Y,0,,A,PU,_Z,2,,,False,WB_WDI,WB_WDI_NY_GDP_PCAP_PP_CD,AND,_T,_T,_T,_Z,_Z,_Z,2007,A,PPP,
6727.963289,P1Y,0,,A,PU,_Z,2,,,False,WB_WDI,WB_WDI_NY_GDP_PCAP_PP_CD,AGO,_T,_T,_T,_Z,_Z,_Z,2007,A,PPP,
29850.567573,P1Y,0,,A,PU,_Z,2,,,False,WB_WDI,WB_WDI_NY_GDP_PCAP_PP_CD,ATG,_T,_T,_T,_Z,_Z,_Z,2007,A,PPP,
16455.11298,P1Y,0,,A,PU,_Z,2,,,False,WB_WDI,WB_WDI_NY_GDP_PCAP_PP_CD,ARG,_T,_T,_T,_Z,_Z,_Z,2007,A,PPP,
7368.752753,P1Y,0,,A,PU,_Z,2,,,True,WB_WDI,WB_WDI_NY_GDP_PCAP_PP_CD,MRT,_T,_T,_T,_Z,_Z,_Z,2024,A,PPP,
31839.759754,P1Y,0,,A,PU,_Z,2,,,True,WB_WDI,WB_WDI_NY_GDP_PCAP_PP_CD,MUS,_T,_T,_T,_Z,_Z,_Z,2024,A,PPP,
26185.356471,P1Y,0,,A,PU,_Z,2,,,True,WB_WDI,WB_WDI_NY_GDP_PCAP_PP_CD,MEX,_T,_T,_T,_Z,_Z,_Z,2024,A,PPP,
4346.842497,P1Y,0,,A,PU,_Z,2,,,True,WB_WDI,WB_WDI_NY_GDP_PCAP_PP_CD,FSM,_T,_T,_T,_Z,_Z,_Z,2024,A,PPP,
18614.988069,P1Y,0,,A,PU,_Z,2,,,True,WB_WDI,WB_WDI_NY_GDP_PCAP_PP_CD,MDA,_T,_T,_T,_Z,_Z,_Z,2024,A,PPP,
19144.726137,P1Y,0,,A,PU,_Z,2,,,True,WB_WDI,WB_WDI_NY_GDP_PCAP_PP_CD,MNG,_T,_T,_T,_Z,_Z,_Z,2024,A,PPP,
34062.757767,P1Y,0,,A,PU,_Z,2,,,True,WB_WDI,WB_WDI_NY_GDP_PCAP_PP_CD,MNE,_T,_T,_T,_Z,_Z,_Z,2024,A,PPP,
10415.124023,P1Y,0,,A,PU,_Z,2,,,True,WB_WDI,WB_WDI_NY_GDP_PCAP_PP_CD,MAR,_T,_T,_T,_Z,_Z,_Z,2024,A,PPP,
1705.379195,P1Y,0,,A,PU,_Z,2,,,True,WB_WDI,WB_WDI_NY_GDP_PCAP_PP_CD,MOZ,_T,_T,_T,_Z,_Z,_Z,2024,A,PPP,
5997.465163,P1Y,0,,A,PU,_Z,2,,,True,WB_WDI,WB_WDI_NY_GDP_PCAP_PP_CD,MMR,_T,_T,_T,_Z,_Z,_Z,2024,A,PPP,
11686.602066,P1Y,0,,A,PU,_Z,2,,,True,WB_WDI,WB_WDI_NY_GDP_PCAP_PP_CD,NAM,_T,_T,_T,_Z,_Z,_Z,2024,A,PPP,
14173.008104,P1Y,0,,A,PU,_Z,2,,,True,WB_WDI,WB_WDI_NY_GDP_PCAP_PP_CD,NRU,_T,_T,_T,_Z,_Z,_Z,2024,A,PPP,
5736.621343,P1Y,0,,A,PU,_Z,2,,,True,WB_WDI,WB_WDI_NY_GDP_PCAP_PP_CD,NPL,_T,_T,_T,_Z,_Z,_Z,2024,A,PPP,
86173.629084,P1Y,0,,A,PU,_Z,2,,,True,WB_WDI,WB_WDI_NY_GDP_PCAP_PP_CD,NLD,_T,_T,_T,_Z,_Z,_Z,2024,A,PPP,
55551.143659,P1Y,0,,A,PU,_Z,2,,,True,WB_WDI,WB_WDI_NY_GDP_PCAP_PP_CD,NZL,_T,_T,_T,_Z,_Z,_Z,2024,A,PPP,
12843.861647,P1Y,0,,A,PU,_Z,2,,,False,WB_WDI,WB_WDI_NY_GDP_PCAP_PP_CD,MEA,_T,_T,_T,_Z,_Z,_Z,2014,A,PPP,
8275.127342,P1Y,0,,A,PU,_Z,2,,,False,WB_WDI,WB_WDI_NY_GDP_PCAP_PP_CD,MNA,_T,_T,_T,_Z,_Z,_Z,2014,A,PPP,
8295.440346,P1Y,0,,A,PU,_Z,2,,,False,WB_WDI,WB_WDI_NY_GDP_PCAP_PP_CD,TMN,_T,_T,_T,_Z,_Z,_Z,2014,A,PPP,
9661.999106,P1Y,0,,A,PU,_Z,2,,,False,WB_WDI,WB_WDI_NY_GDP_PCAP_PP_CD,MIC,_T,_T,_T,_Z,_Z,_Z,2014,A,PPP,
54217.977244,P1Y,0,,A,PU,_Z,2,,,False,WB_WDI,WB_WDI_NY_GDP_PCAP_PP_CD,NAC,_T,_T,_T,_Z,_Z,_Z,2014,A,PPP,
39552.36947,P1Y,0,,A,PU,_Z,2,,,False,WB_WDI,WB_WDI_NY_GDP_PCAP_PP_CD,OED,_T,_T,_T,_Z,_Z,_Z,2014,A,PPP,
17518.28242,P1Y,0,,A,PU,_Z,2,,,False,WB_WDI,WB_WDI_NY_GDP_PCAP_PP_CD,OSS,_T,_T,_T,_Z,_Z,_Z,2014,A,PPP,
6105.046515,P1Y,0,,A,PU,_Z,2,,,False,WB_WDI,WB_WDI_NY_GDP_PCAP_PP_CD,PSS,_T,_T,_T,_Z,_Z,_Z,2014,A,PPP,
43293.726214,P1Y,0,,A,PU,_Z,2,,,False,WB_WDI,WB_WDI_NY_GDP_PCAP_PP_CD,PST,_T,_T,_T,_Z,_Z,_Z,2014,A,PPP,
4091.041702,P1Y,0,,A,PU,_Z,2,,,False,WB_WDI,WB_WDI_NY_GDP_PCAP_PP_CD,PRE,_T,_T,_T,_Z,_Z,_Z,2014,A,PPP,
16876.075731,P1Y,0,,A,PU,_Z,2,,,False,WB_WDI,WB_WDI_NY_GDP_PCAP_PP_CD,SST,_T,_T,_T,_Z,_Z,_Z,2014,A,PPP,
5117.573776,P1Y,0,,A,PU,_Z,2,,,False,WB_WDI,WB_WDI_NY_GDP_PCAP_PP_CD,SAS,_T,_T,_T,_Z,_Z,_Z,2014,A,PPP,
5117.573776,P1Y,0,,A,PU,_Z,2,,,False,WB_WDI,WB_WDI_NY_GDP_PCAP_PP_CD,TSA,_T,_T,_T,_Z,_Z,_Z,2014,A,PPP,
12280.193054,P1Y,0,,A,PU,_Z,2,,,False,WB_WDI,WB_WDI_NY_GDP_PCAP_PP_CD,MEA,_T,_T,_T,_Z,_Z,_Z,2017,A,PPP,
8408.929789,P1Y,0,,A,PU,_Z,2,,,False,WB_WDI,WB_WDI_NY_GDP_PCAP_PP_CD,MNA,_T,_T,_T,_Z,_Z,_Z,2017,A,PPP,
8425.408953,P1Y,0,,A,PU,_Z,2,,,False,WB_WDI,WB_WDI_NY_GDP_PCAP_PP_CD,TMN,_T,_T,_T,_Z,_Z,_Z,2017,A,PPP,
10723.679422,P1Y,0,,A,PU,_Z,2,,,False,WB_WDI,WB_WDI_NY_GDP_PCAP_PP_CD,MIC,_T,_T,_T,_Z,_Z,_Z,2017,A,PPP,
58871.959595,P1Y,0,,A,PU,_Z,2,,,False,WB_WDI,WB_WDI_NY_GDP_PCAP_PP_CD,NAC,_T,_T,_T,_Z,_Z,_Z,2017,A,PPP,
43720.65486,P1Y,0,,A,PU,_Z,2,,,False,WB_WDI,WB_WDI_NY_GDP_PCAP_PP_CD,OED,_T,_T,_T,_Z,_Z,_Z,2017,A,PPP,
19670.001535,P1Y,0,,A,PU,_Z,2,,,False,WB_WDI,WB_WDI_NY_GDP_PCAP_PP_CD,OSS,_T,_T,_T,_Z,_Z,_Z,2017,A,PPP,
6952.337601,P1Y,0,,A,PU,_Z,2,,,False,WB_WDI,WB_WDI_NY_GDP_PCAP_PP_CD,PSS,_T,_T,_T,_Z,_Z,_Z,2017,A,PPP,
47771.450018,P1Y,0,,A,PU,_Z,2,,,False,WB_WDI,WB_WDI_NY_GDP_PCAP_PP_CD,PST,_T,_T,_T,_Z,_Z,_Z,2017,A,PPP,
3981.685633,P1Y,0,,A,PU,_Z,2,,,False,WB_WDI,WB_WDI_NY_GDP_PCAP_PP_CD,PRE,_T,_T,_T,_Z,_Z,_Z,2017,A,PPP,
18230.805429,P1Y,0,,A,PU,_Z,2,,,False,WB_WDI,WB_WDI_NY_GDP_PCAP_PP_CD,SST,_T,_T,_T,_Z,_Z,_Z,2017,A,PPP,
6077.776226,P1Y,0,,A,PU,_Z,2,,,False,WB_WDI,WB_WDI_NY_GDP_PCAP_PP_CD,SAS,_T,_T,_T,_Z,_Z,_Z,2017,A,PPP,
6077.776226,P1Y,0,,A,PU,_Z,2,,,False,WB_WDI,WB_WDI_NY_GDP_PCAP_PP_CD,TSA,_T,_T,_T,_Z,_Z,_Z,2017,A,PPP,
6203.533829,P1Y,0,,A,PU,_Z,2,,,False,WB_WDI,WB_WDI_NY_GDP_PCAP_PP_CD,PSS,_T,_T,_T,_Z,_Z,_Z,2020,A,PPP,
51333.143653,P1Y,0,,A,PU,_Z,2,,,False,WB_WDI,WB_WDI_NY_GDP_PCAP_PP_CD,PST,_T,_T,_T,_Z,_Z,_Z,2020,A,PPP,
4216.236629,P1Y,0,,A,PU,_Z,2,,,False,WB_WDI,WB_WDI_NY_GDP_PCAP_PP_CD,PRE,_T,_T,_T,_Z,_Z,_Z,2020,A,PPP,
19023.175127,P1Y,0,,A,PU,_Z,2,,,False,WB_WDI,WB_WDI_NY_GDP_PCAP_PP_CD,SST,_T,_T,_T,_Z,_Z,_Z,2020,A,PPP,
6969.472124,P1Y,0,,A,PU,_Z,2,,,False,WB_WDI,WB_WDI_NY_GDP_PCAP_PP_CD,SAS,_T,_T,_T,_Z,_Z,_Z,2020,A,PPP,
6969.472124,P1Y,0,,A,PU,_Z,2,,,False,WB_WDI,WB_WDI_NY_GDP_PCAP_PP_CD,TSA,_T,_T,_T,_Z,_Z,_Z,2020,A,PPP,
4401.057923,P1Y,0,,A,PU,_Z,2,,,False,WB_WDI,WB_WDI_NY_GDP_PCAP_PP_CD,SSF,_T,_T,_T,_Z,_Z,_Z,2020,A,PPP,
4624.053526,P1Y,0,,A,PU,_Z,2,,,False,WB_WDI,WB_WDI_NY_GDP_PCAP_PP_CD,SSA,_T,_T,_T,_Z,_Z,_Z,2020,A,PPP,
4401.057923,P1Y,0,,A,PU,_Z,2,,,False,WB_WDI,WB_WDI_NY_GDP_PCAP_PP_CD,TSS,_T,_T,_T,_Z,_Z,_Z,2020,A,PPP,
17340.547289,P1Y,0,,A,PU,_Z,2,,,False,WB_WDI,WB_WDI_NY_GDP_PCAP_PP_CD,UMC,_T,_T,_T,_Z,_Z,_Z,2020,A,PPP,
17911.490598,P1Y,0,,A,PU,_Z,2,,,False,WB_WDI,WB_WDI_NY_GDP_PCAP_PP_CD,WLD,_T,_T,_T,_Z,_Z,_Z,2020,A,PPP,
2561.981761,P1Y,0,,A,PU,_Z,2,,,False,WB_WDI,WB_WDI_NY_GDP_PCAP_PP_CD,AFG,_T,_T,_T,_Z,_Z,_Z,2020,A,PPP,
16287.609766,P1Y,0,,A,PU,_Z,2,,,False,WB_WDI,WB_WDI_NY_GDP_PCAP_PP_CD,ALB,_T,_T,_T,_Z,_Z,_Z,2020,A,PPP,
3005.32731,P1Y,0,,A,PU,_Z,2,,,False,WB_WDI,WB_WDI_NY_GDP_PCAP_PP_CD,PRE,_T,_T,_T,_Z,_Z,_Z,2006,A,PPP,
13790.801989,P1Y,0,,A,PU,_Z,2,,,False,WB_WDI,WB_WDI_NY_GDP_PCAP_PP_CD,SST,_T,_T,_T,_Z,_Z,_Z,2006,A,PPP,
3129.719808,P1Y,0,,A,PU,_Z,2,,,False,WB_WDI,WB_WDI_NY_GDP_PCAP_PP_CD,SAS,_T,_T,_T,_Z,_Z,_Z,2006,A,PPP,
3129.719808,P1Y,0,,A,PU,_Z,2,,,False,WB_WDI,WB_WDI_NY_GDP_PCAP_PP_CD,TSA,_T,_T,_T,_Z,_Z,_Z,2006,A,PPP,
3134.003373,P1Y,0,,A,PU,_Z,2,,,False,WB_WDI,WB_WDI_NY_GDP_PCAP_PP_CD,SSF,_T,_T,_T,_Z,_Z,_Z,2006,A,PPP,
3405.845794,P1Y,0,,A,PU,_Z,2,,,False,WB_WDI,WB_WDI_NY_GDP_PCAP_PP_CD,SSA,_T,_T,_T,_Z,_Z,_Z,2006,A,PPP,
3134.003373,P1Y,0,,A,PU,_Z,2,,,False,WB_WDI,WB_WDI_NY_GDP_PCAP_PP_CD,TSS,_T,_T,_T,_Z,_Z,_Z,2006,A,PPP,
8291.610324,P1Y,0,,A,PU,_Z,2,,,False,WB_WDI,WB_WDI_NY_GDP_PCAP_PP_CD,UMC,_T,_T,_T,_Z,_Z,_Z,2006,A,PPP,
11037.70279,P1Y,0,,A,PU,_Z,2,,,False,WB_WDI,WB_WDI_NY_GDP_PCAP_PP_CD,WLD,_T,_T,_T,_Z,_Z,_Z,2006,A,PPP,
1121.834471,P1Y,0,,A,PU,_Z,2,,,False,WB_WDI,WB_WDI_NY_GDP_PCAP_PP_CD,AFG,_T,_T,_T,_Z,_Z,_Z,2006,A,PPP,
6752.901486,P1Y,0,,A,PU,_Z,2,,,False,WB_WDI,WB_WDI_NY_GDP_PCAP_PP_CD,ALB,_T,_T,_T,_Z,_Z,_Z,2006,A,PPP,
12791.341261,P1Y,0,,A,PU,_Z,2,,,False,WB_WDI,WB_WDI_NY_GDP_PCAP_PP_CD,DZA,_T,_T,_T,_Z,_Z,_Z,2006,A,PPP,
46852.65839,P1Y,0,,A,PU,_Z,2,,,False,WB_WDI,WB_WDI_NY_GDP_PCAP_PP_CD,AND,_T,_T,_T,_Z,_Z,_Z,2006,A,PPP,
35648.7676,P1Y,0,,A,PU,_Z,2,,,False,WB_WDI,WB_WDI_NY_GDP_PCAP_PP_CD,NAC,_T,_T,_T,_Z,_Z,_Z,2000,A,PPP,
24716.369786,P1Y,0,,A,PU,_Z,2,,,False,WB_WDI,WB_WDI_NY_GDP_PCAP_PP_CD,OED,_T,_T,_T,_Z,_Z,_Z,2000,A,PPP,
10096.742838,P1Y,0,,A,PU,_Z,2,,,False,WB_WDI,WB_WDI_NY_GDP_PCAP_PP_CD,OSS,_T,_T,_T,_Z,_Z,_Z,2000,A,PPP,
3662.269427,P1Y,0,,A,PU,_Z,2,,,False,WB_WDI,WB_WDI_NY_GDP_PCAP_PP_CD,PSS,_T,_T,_T,_Z,_Z,_Z,2000,A,PPP,
26975.012708,P1Y,0,,A,PU,_Z,2,,,False,WB_WDI,WB_WDI_NY_GDP_PCAP_PP_CD,PST,_T,_T,_T,_Z,_Z,_Z,2000,A,PPP,
2248.266567,P1Y,0,,A,PU,_Z,2,,,False,WB_WDI,WB_WDI_NY_GDP_PCAP_PP_CD,PRE,_T,_T,_T,_Z,_Z,_Z,2000,A,PPP,
9670.861358,P1Y,0,,A,PU,_Z,2,,,False,WB_WDI,WB_WDI_NY_GDP_PCAP_PP_CD,SST,_T,_T,_T,_Z,_Z,_Z,2000,A,PPP,
2050.007052,P1Y,0,,A,PU,_Z,2,,,False,WB_WDI,WB_WDI_NY_GDP_PCAP_PP_CD,SAS,_T,_T,_T,_Z,_Z,_Z,2000,A,PPP,
2050.007052,P1Y,0,,A,PU,_Z,2,,,False,WB_WDI,WB_WDI_NY_GDP_PCAP_PP_CD,TSA,_T,_T,_T,_Z,_Z,_Z,2000,A,PPP,
2283.307638,P1Y,0,,A,PU,_Z,2,,,False,WB_WDI,WB_WDI_NY_GDP_PCAP_PP_CD,SSF,_T,_T,_T,_Z,_Z,_Z,2000,A,PPP,
2480.548253,P1Y,0,,A,PU,_Z,2,,,False,WB_WDI,WB_WDI_NY_GDP_PCAP_PP_CD,SSA,_T,_T,_T,_Z,_Z,_Z,2000,A,PPP,
2283.307638,P1Y,0,,A,PU,_Z,2,,,False,WB_WDI,WB_WDI_NY_GDP_PCAP_PP_CD,TSS,_T,_T,_T,_Z,_Z,_Z,2000,A,PPP,
5244.336304,P1Y,0,,A,PU,_Z,2,,,False,WB_WDI,WB_WDI_NY_GDP_PCAP_PP_CD,UMC,_T,_T,_T,_Z,_Z,_Z,2000,A,PPP,
8041.527821,P1Y,0,,A,PU,_Z,2,,,False,WB_WDI,WB_WDI_NY_GDP_PCAP_PP_CD,WLD,_T,_T,_T,_Z,_Z,_Z,2000,A,PPP,
22389.655273,P1Y,0,,A,PU,_Z,2,,,False,WB_WDI,WB_WDI_NY_GDP_PCAP_PP_CD,OSS,_T,_T,_T,_Z,_Z,_Z,2019,A,PPP,
7113.0603,P1Y,0,,A,PU,_Z,2,,,False,WB_WDI,WB_WDI_NY_GDP_PCAP_PP_CD,PSS,_T,_T,_T,_Z,_Z,_Z,2019,A,PPP,
52195.810628,P1Y,0,,A,PU,_Z,2,,,False,WB_WDI,WB_WDI_NY_GDP_PCAP_PP_CD,PST,_T,_T,_T,_Z,_Z,_Z,2019,A,PPP,
4348.629878,P1Y,0,,A,PU,_Z,2,,,False,WB_WDI,WB_WDI_NY_GDP_PCAP_PP_CD,PRE,_T,_T,_T,_Z,_Z,_Z,2019,A,PPP,
20302.236386,P1Y,0,,A,PU,_Z,2,,,False,WB_WDI,WB_WDI_NY_GDP_PCAP_PP_CD,SST,_T,_T,_T,_Z,_Z,_Z,2019,A,PPP,
7088.516622,P1Y,0,,A,PU,_Z,2,,,False,WB_WDI,WB_WDI_NY_GDP_PCAP_PP_CD,SAS,_T,_T,_T,_Z,_Z,_Z,2019,A,PPP,
7088.516622,P1Y,0,,A,PU,_Z,2,,,False,WB_WDI,WB_WDI_NY_GDP_PCAP_PP_CD,TSA,_T,_T,_T,_Z,_Z,_Z,2019,A,PPP,
4486.180838,P1Y,0,,A,PU,_Z,2,,,False,WB_WDI,WB_WDI_NY_GDP_PCAP_PP_CD,SSF,_T,_T,_T,_Z,_Z,_Z,2019,A,PPP,
4736.802785,P1Y,0,,A,PU,_Z,2,,,False,WB_WDI,WB_WDI_NY_GDP_PCAP_PP_CD,SSA,_T,_T,_T,_Z,_Z,_Z,2019,A,PPP,
4486.180838,P1Y,0,,A,PU,_Z,2,,,False,WB_WDI,WB_WDI_NY_GDP_PCAP_PP_CD,TSS,_T,_T,_T,_Z,_Z,_Z,2019,A,PPP,
17204.388389,P1Y,0,,A,PU,_Z,2,,,False,WB_WDI,WB_WDI_NY_GDP_PCAP_PP_CD,UMC,_T,_T,_T,_Z,_Z,_Z,2019,A,PPP,
18139.332765,P1Y,0,,A,PU,_Z,2,,,False,WB_WDI,WB_WDI_NY_GDP_PCAP_PP_CD,WLD,_T,_T,_T,_Z,_Z,_Z,2019,A,PPP,
2583.485332,P1Y,0,,A,PU,_Z,2,,,False,WB_WDI,WB_WDI_NY_GDP_PCAP_PP_CD,AFG,_T,_T,_T,_Z,_Z,_Z,2019,A,PPP,
15549.299313,P1Y,0,,A,PU,_Z,2,,,False,WB_WDI,WB_WDI_NY_GDP_PCAP_PP_CD,OSS,_T,_T,_T,_Z,_Z,_Z,2010,A,PPP,
4812.548176,P1Y,0,,A,PU,_Z,2,,,False,WB_WDI,WB_WDI_NY_GDP_PCAP_PP_CD,PSS,_T,_T,_T,_Z,_Z,_Z,2010,A,PPP,
38128.394591,P1Y,0,,A,PU,_Z,2,,,False,WB_WDI,WB_WDI_NY_GDP_PCAP_PP_CD,PST,_T,_T,_T,_Z,_Z,_Z,2010,A,PPP,
3606.411043,P1Y,0,,A,PU,_Z,2,,,False,WB_WDI,WB_WDI_NY_GDP_PCAP_PP_CD,PRE,_T,_T,_T,_Z,_Z,_Z,2010,A,PPP,
15163.699725,P1Y,0,,A,PU,_Z,2,,,False,WB_WDI,WB_WDI_NY_GDP_PCAP_PP_CD,SST,_T,_T,_T,_Z,_Z,_Z,2010,A,PPP,
4084.558072,P1Y,0,,A,PU,_Z,2,,,False,WB_WDI,WB_WDI_NY_GDP_PCAP_PP_CD,SAS,_T,_T,_T,_Z,_Z,_Z,2010,A,PPP,
4084.558072,P1Y,0,,A,PU,_Z,2,,,False,WB_WDI,WB_WDI_NY_GDP_PCAP_PP_CD,TSA,_T,_T,_T,_Z,_Z,_Z,2010,A,PPP,
3673.349319,P1Y,0,,A,PU,_Z,2,,,False,WB_WDI,WB_WDI_NY_GDP_PCAP_PP_CD,SSF,_T,_T,_T,_Z,_Z,_Z,2010,A,PPP,
3973.189377,P1Y,0,,A,PU,_Z,2,,,False,WB_WDI,WB_WDI_NY_GDP_PCAP_PP_CD,SSA,_T,_T,_T,_Z,_Z,_Z,2010,A,PPP,
3673.349319,P1Y,0,,A,PU,_Z,2,,,False,WB_WDI,WB_WDI_NY_GDP_PCAP_PP_CD,TSS,_T,_T,_T,_Z,_Z,_Z,2010,A,PPP,
11167.445911,P1Y,0,,A,PU,_Z,2,,,False,WB_WDI,WB_WDI_NY_GDP_PCAP_PP_CD,UMC,_T,_T,_T,_Z,_Z,_Z,2010,A,PPP,
12953.583874,P1Y,0,,A,PU,_Z,2,,,False,WB_WDI,WB_WDI_NY_GDP_PCAP_PP_CD,WLD,_T,_T,_T,_Z,_Z,_Z,2010,A,PPP,
40696.125799,P1Y,0,,A,PU,_Z,2,,,False,WB_WDI,WB_WDI_NY_GDP_PCAP_PP_CD,OED,_T,_T,_T,_Z,_Z,_Z,2015,A,PPP,
17473.96525,P1Y,0,,A,PU,_Z,2,,,False,WB_WDI,WB_WDI_NY_GDP_PCAP_PP_CD,OSS,_T,_T,_T,_Z,_Z,_Z,2015,A,PPP,
6500.08044,P1Y,0,,A,PU,_Z,2,,,False,WB_WDI,WB_WDI_NY_GDP_PCAP_PP_CD,PSS,_T,_T,_T,_Z,_Z,_Z,2015,A,PPP,
44415.819569,P1Y,0,,A,PU,_Z,2,,,False,WB_WDI,WB_WDI_NY_GDP_PCAP_PP_CD,PST,_T,_T,_T,_Z,_Z,_Z,2015,A,PPP,
3910.591278,P1Y,0,,A,PU,_Z,2,,,False,WB_WDI,WB_WDI_NY_GDP_PCAP_PP_CD,PRE,_T,_T,_T,_Z,_Z,_Z,2015,A,PPP,
16758.903769,P1Y,0,,A,PU,_Z,2,,,False,WB_WDI,WB_WDI_NY_GDP_PCAP_PP_CD,SST,_T,_T,_T,_Z,_Z,_Z,2015,A,PPP,
5353.196953,P1Y,0,,A,PU,_Z,2,,,False,WB_WDI,WB_WDI_NY_GDP_PCAP_PP_CD,SAS,_T,_T,_T,_Z,_Z,_Z,2015,A,PPP,
5353.196953,P1Y,0,,A,PU,_Z,2,,,False,WB_WDI,WB_WDI_NY_GDP_PCAP_PP_CD,TSA,_T,_T,_T,_Z,_Z,_Z,2015,A,PPP,
4158.742049,P1Y,0,,A,PU,_Z,2,,,False,WB_WDI,WB_WDI_NY_GDP_PCAP_PP_CD,SSF,_T,_T,_T,_Z,_Z,_Z,2015,A,PPP,
4441.35731,P1Y,0,,A,PU,_Z,2,,,False,WB_WDI,WB_WDI_NY_GDP_PCAP_PP_CD,SSA,_T,_T,_T,_Z,_Z,_Z,2015,A,PPP,
4158.742049,P1Y,0,,A,PU,_Z,2,,,False,WB_WDI,WB_WDI_NY_GDP_PCAP_PP_CD,TSS,_T,_T,_T,_Z,_Z,_Z,2015,A,PPP,
14046.458786,P1Y,0,,A,PU,_Z,2,,,False,WB_WDI,WB_WDI_NY_GDP_PCAP_PP_CD,UMC,_T,_T,_T,_Z,_Z,_Z,2015,A,PPP,
15284.740328,P1Y,0,,A,PU,_Z,2,,,False,WB_WDI,WB_WDI_NY_GDP_PCAP_PP_CD,WLD,_T,_T,_T,_Z,_Z,_Z,2015,A,PPP,
