OBS_VALUE,TIME_FORMAT,UNIT_MULT,COMMENT_OBS,OBS_STATUS,OBS_CONF,AGG_METHOD,DECIMALS,COMMENT_TS,DATA_SOURCE,LATEST_DATA,DATABASE_ID,INDICATOR,REF_AREA,SEX,AGE,URBANISATION,COMP_BREAKDOWN_1,COMP_BREAKDOWN_2,COMP_BREAKDOWN_3,TIME_PERIOD,FREQ,UNIT_MEASURE,UNIT_TYPE
1295.877887,P1Y,0,,A,PU,_Z,2,,,False,WB_WDI,WB_WDI_NY_GDP_PCAP_CD,ZMB,_T,_T,_T,_Z,_Z,_Z,2015,A,USD,
1387.126326,P1Y,0,,A,PU,_Z,2,,,False,WB_WDI,WB_WDI_NY_GDP_PCAP_CD,ZWE,_T,_T,_T,_Z,_Z,_Z,2015,A,USD,
1335.743165,P1Y,0,,A,PU,_Z,2,,,False,WB_WDI,WB_WDI_NY_GDP_PCAP_CD,AFE,_T,_T,_T,_Z,_Z,_Z,2016,A,USD,
1632.424978,P1Y,0,,A,PU,_Z,2,,,False,WB_WDI,WB_WDI_NY_GDP_PCAP_CD,AFW,_T,_T,_T,_Z,_Z,_Z,2016,A,USD,
6051.261036,P1Y,0,,A,PU,_Z,2,,,False,WB_WDI,WB_WDI_NY_GDP_PCAP_CD,ARB,_T,_T,_T,_Z,_Z,_Z,2016,A,USD,
13377.826073,P1Y,0,,A,PU,_Z,2,,,False,WB_WDI,WB_WDI_NY_GDP_PCAP_CD,CSS,_T,_T,_T,_Z,_Z,_Z,2016,A,USD,
12874.728062,P1Y,0,,A,PU,_Z,2,,,False,WB_WDI,WB_WDI_NY_GDP_PCAP_CD,CEB,_T,_T,_T,_Z,_Z,_Z,2016,A,USD,
3227.648143,P1Y,0,,A,PU,_Z,2,,,False,WB_WDI,WB_WDI_NY_GDP_PCAP_CD,EAR,_T,_T,_T,_Z,_Z,_Z,2016,A,USD,
10011.552669,P1Y,0,,A,PU,_Z,2,,,False,WB_WDI,WB_WDI_NY_GDP_PCAP_CD,EAS,_T,_T,_T,_Z,_Z,_Z,2016,A,USD,
6683.235297,P1Y,0,,A,PU,_Z,2,,,False,WB_WDI,WB_WDI_NY_GDP_PCAP_CD,EAP,_T,_T,_T,_Z,_Z,_Z,2016,A,USD,
6758.794738,P1Y,0,,A,PU,_Z,2,,,False,WB_WDI,WB_WDI_NY_GDP_PCAP_CD,TEA,_T,_T,_T,_Z,_Z,_Z,2016,A,USD,
34690.242564,P1Y,0,,A,PU,_Z,2,,,False,WB_WDI,WB_WDI_NY_GDP_PCAP_CD,EMU,_T,_T,_T,_Z,_Z,_Z,2016,A,USD,
22554.68212,P1Y,0,,A,PU,_Z,2,,,False,WB_WDI,WB_WDI_NY_GDP_PCAP_CD,ECS,_T,_T,_T,_Z,_Z,_Z,2016,A,USD,
734.159908,P1Y,0,,A,PU,_Z,2,,,False,WB_WDI,WB_WDI_NY_GDP_PCAP_CD,YEM,_T,_T,_T,_Z,_Z,_Z,2005,A,USD,
710.982068,P1Y,0,,A,PU,_Z,2,,,False,WB_WDI,WB_WDI_NY_GDP_PCAP_CD,ZMB,_T,_T,_T,_Z,_Z,_Z,2005,A,USD,
461.271388,P1Y,0,,A,PU,_Z,2,,,False,WB_WDI,WB_WDI_NY_GDP_PCAP_CD,ZWE,_T,_T,_T,_Z,_Z,_Z,2005,A,USD,
1235.170879,P1Y,0,,A,PU,_Z,2,,,False,WB_WDI,WB_WDI_NY_GDP_PCAP_CD,AFE,_T,_T,_T,_Z,_Z,_Z,2006,A,USD,
1236.316041,P1Y,0,,A,PU,_Z,2,,,False,WB_WDI,WB_WDI_NY_GDP_PCAP_CD,AFW,_T,_T,_T,_Z,_Z,_Z,2006,A,USD,
4355.057615,P1Y,0,,A,PU,_Z,2,,,False,WB_WDI,WB_WDI_NY_GDP_PCAP_CD,ARB,_T,_T,_T,_Z,_Z,_Z,2006,A,USD,
10883.047552,P1Y,0,,A,PU,_Z,2,,,False,WB_WDI,WB_WDI_NY_GDP_PCAP_CD,CSS,_T,_T,_T,_Z,_Z,_Z,2006,A,USD,
9337.740497,P1Y,0,,A,PU,_Z,2,,,False,WB_WDI,WB_WDI_NY_GDP_PCAP_CD,CEB,_T,_T,_T,_Z,_Z,_Z,2006,A,USD,
2011.023508,P1Y,0,,A,PU,_Z,2,,,False,WB_WDI,WB_WDI_NY_GDP_PCAP_CD,EAR,_T,_T,_T,_Z,_Z,_Z,2006,A,USD,
5191.9067,P1Y,0,,A,PU,_Z,2,,,False,WB_WDI,WB_WDI_NY_GDP_PCAP_CD,EAS,_T,_T,_T,_Z,_Z,_Z,2006,A,USD,
1976.632047,P1Y,0,,A,PU,_Z,2,,,False,WB_WDI,WB_WDI_NY_GDP_PCAP_CD,EAP,_T,_T,_T,_Z,_Z,_Z,2006,A,USD,
1999.859958,P1Y,0,,A,PU,_Z,2,,,False,WB_WDI,WB_WDI_NY_GDP_PCAP_CD,TEA,_T,_T,_T,_Z,_Z,_Z,2006,A,USD,
32961.288627,P1Y,0,,A,PU,_Z,2,,,False,WB_WDI,WB_WDI_NY_GDP_PCAP_CD,EMU,_T,_T,_T,_Z,_Z,_Z,2006,A,USD,
20762.317586,P1Y,0,,A,PU,_Z,2,,,False,WB_WDI,WB_WDI_NY_GDP_PCAP_CD,ECS,_T,_T,_T,_Z,_Z,_Z,2006,A,USD,
3562.330943,P1Y,0,,A,PU,_Z,2,,,False,WB_WDI,WB_WDI_NY_GDP_PCAP_CD,PSE,_T,_T,_T,_Z,_Z,_Z,2018,A,USD,
633.887202,P1Y,0,,A,PU,_Z,2,,,True,WB_WDI,WB_WDI_NY_GDP_PCAP_CD,YEM,_T,_T,_T,_Z,_Z,_Z,2018,A,USD,
1463.899979,P1Y,0,,A,PU,_Z,2,,,False,WB_WDI,WB_WDI_NY_GDP_PCAP_CD,ZMB,_T,_T,_T,_Z,_Z,_Z,2018,A,USD,
2270.895319,P1Y,0,,A,PU,_Z,2,,,False,WB_WDI,WB_WDI_NY_GDP_PCAP_CD,ZWE,_T,_T,_T,_Z,_Z,_Z,2018,A,USD,
1508.031525,P1Y,0,,A,PU,_Z,2,,,False,WB_WDI,WB_WDI_NY_GDP_PCAP_CD,AFE,_T,_T,_T,_Z,_Z,_Z,2019,A,USD,
2219.412555,P1Y,0,,A,PU,_Z,2,,,False,WB_WDI,WB_WDI_NY_GDP_PCAP_CD,AFW,_T,_T,_T,_Z,_Z,_Z,2019,A,USD,
6683.670169,P1Y,0,,A,PU,_Z,2,,,False,WB_WDI,WB_WDI_NY_GDP_PCAP_CD,ARB,_T,_T,_T,_Z,_Z,_Z,2019,A,USD,
13995.762656,P1Y,0,,A,PU,_Z,2,,,False,WB_WDI,WB_WDI_NY_GDP_PCAP_CD,CSS,_T,_T,_T,_Z,_Z,_Z,2019,A,USD,
16534.96619,P1Y,0,,A,PU,_Z,2,,,False,WB_WDI,WB_WDI_NY_GDP_PCAP_CD,CEB,_T,_T,_T,_Z,_Z,_Z,2019,A,USD,
3481.755309,P1Y,0,,A,PU,_Z,2,,,False,WB_WDI,WB_WDI_NY_GDP_PCAP_CD,EAR,_T,_T,_T,_Z,_Z,_Z,2019,A,USD,
11677.442936,P1Y,0,,A,PU,_Z,2,,,False,WB_WDI,WB_WDI_NY_GDP_PCAP_CD,EAS,_T,_T,_T,_Z,_Z,_Z,2019,A,USD,
8286.457497,P1Y,0,,A,PU,_Z,2,,,False,WB_WDI,WB_WDI_NY_GDP_PCAP_CD,EAP,_T,_T,_T,_Z,_Z,_Z,2019,A,USD,
8379.425035,P1Y,0,,A,PU,_Z,2,,,False,WB_WDI,WB_WDI_NY_GDP_PCAP_CD,TEA,_T,_T,_T,_Z,_Z,_Z,2019,A,USD,
2573.955868,P1Y,0,,A,PU,_Z,2,,,False,WB_WDI,WB_WDI_NY_GDP_PCAP_CD,UZB,_T,_T,_T,_Z,_Z,_Z,2012,A,USD,
3004.784167,P1Y,0,,A,PU,_Z,2,,,False,WB_WDI,WB_WDI_NY_GDP_PCAP_CD,VUT,_T,_T,_T,_Z,_Z,_Z,2012,A,USD,
12582.012569,P1Y,0,,A,PU,_Z,2,,,False,WB_WDI,WB_WDI_NY_GDP_PCAP_CD,VEN,_T,_T,_T,_Z,_Z,_Z,2012,A,USD,
2185.117677,P1Y,0,,A,PU,_Z,2,,,False,WB_WDI,WB_WDI_NY_GDP_PCAP_CD,VNM,_T,_T,_T,_Z,_Z,_Z,2012,A,USD,
37795.319259,P1Y,0,,A,PU,_Z,2,,,False,WB_WDI,WB_WDI_NY_GDP_PCAP_CD,VIR,_T,_T,_T,_Z,_Z,_Z,2012,A,USD,
3067.438727,P1Y,0,,A,PU,_Z,2,,,False,WB_WDI,WB_WDI_NY_GDP_PCAP_CD,PSE,_T,_T,_T,_Z,_Z,_Z,2012,A,USD,
1245.050683,P1Y,0,,A,PU,_Z,2,,,False,WB_WDI,WB_WDI_NY_GDP_PCAP_CD,YEM,_T,_T,_T,_Z,_Z,_Z,2012,A,USD,
1710.050613,P1Y,0,,A,PU,_Z,2,,,False,WB_WDI,WB_WDI_NY_GDP_PCAP_CD,ZMB,_T,_T,_T,_Z,_Z,_Z,2012,A,USD,
1239.227097,P1Y,0,,A,PU,_Z,2,,,False,WB_WDI,WB_WDI_NY_GDP_PCAP_CD,ZWE,_T,_T,_T,_Z,_Z,_Z,2012,A,USD,
1705.839003,P1Y,0,,A,PU,_Z,2,,,False,WB_WDI,WB_WDI_NY_GDP_PCAP_CD,AFE,_T,_T,_T,_Z,_Z,_Z,2013,A,USD,
2134.247524,P1Y,0,,A,PU,_Z,2,,,False,WB_WDI,WB_WDI_NY_GDP_PCAP_CD,AFW,_T,_T,_T,_Z,_Z,_Z,2013,A,USD,
7384.792215,P1Y,0,,A,PU,_Z,2,,,False,WB_WDI,WB_WDI_NY_GDP_PCAP_CD,ARB,_T,_T,_T,_Z,_Z,_Z,2013,A,USD,
14575.491888,P1Y,0,,A,PU,_Z,2,,,False,WB_WDI,WB_WDI_NY_GDP_PCAP_CD,CSS,_T,_T,_T,_Z,_Z,_Z,2013,A,USD,
706.728441,P1Y,0,,A,PU,_Z,2,,,False,WB_WDI,WB_WDI_NY_GDP_PCAP_CD,AFE,_T,_T,_T,_Z,_Z,_Z,2000,A,USD,
519.6426,P1Y,0,,A,PU,_Z,2,,,False,WB_WDI,WB_WDI_NY_GDP_PCAP_CD,AFW,_T,_T,_T,_Z,_Z,_Z,2000,A,USD,
2664.125447,P1Y,0,,A,PU,_Z,2,,,False,WB_WDI,WB_WDI_NY_GDP_PCAP_CD,ARB,_T,_T,_T,_Z,_Z,_Z,2000,A,USD,
6477.264821,P1Y,0,,A,PU,_Z,2,,,False,WB_WDI,WB_WDI_NY_GDP_PCAP_CD,CSS,_T,_T,_T,_Z,_Z,_Z,2000,A,USD,
3880.426959,P1Y,0,,A,PU,_Z,2,,,False,WB_WDI,WB_WDI_NY_GDP_PCAP_CD,CEB,_T,_T,_T,_Z,_Z,_Z,2000,A,USD,
462.171493,P1Y,0,,A,PU,_Z,2,,,False,WB_WDI,WB_WDI_NY_GDP_PCAP_CD,UZB,_T,_T,_T,_Z,_Z,_Z,2004,A,USD,
1774.318676,P1Y,0,,A,PU,_Z,2,,,False,WB_WDI,WB_WDI_NY_GDP_PCAP_CD,VUT,_T,_T,_T,_Z,_Z,_Z,2004,A,USD,
4269.089709,P1Y,0,,A,PU,_Z,2,,,False,WB_WDI,WB_WDI_NY_GDP_PCAP_CD,VEN,_T,_T,_T,_Z,_Z,_Z,2004,A,USD,
565.452285,P1Y,0,,A,PU,_Z,2,,,False,WB_WDI,WB_WDI_NY_GDP_PCAP_CD,VNM,_T,_T,_T,_Z,_Z,_Z,2004,A,USD,
35006.36144,P1Y,0,,A,PU,_Z,2,,,False,WB_WDI,WB_WDI_NY_GDP_PCAP_CD,VIR,_T,_T,_T,_Z,_Z,_Z,2004,A,USD,
1422.190886,P1Y,0,,A,PU,_Z,2,,,False,WB_WDI,WB_WDI_NY_GDP_PCAP_CD,PSE,_T,_T,_T,_Z,_Z,_Z,2004,A,USD,
627.632023,P1Y,0,,A,PU,_Z,2,,,False,WB_WDI,WB_WDI_NY_GDP_PCAP_CD,YEM,_T,_T,_T,_Z,_Z,_Z,2004,A,USD,
548.685975,P1Y,0,,A,PU,_Z,2,,,False,WB_WDI,WB_WDI_NY_GDP_PCAP_CD,ZMB,_T,_T,_T,_Z,_Z,_Z,2004,A,USD,
469.719299,P1Y,0,,A,PU,_Z,2,,,False,WB_WDI,WB_WDI_NY_GDP_PCAP_CD,ZWE,_T,_T,_T,_Z,_Z,_Z,2004,A,USD,
1126.299204,P1Y,0,,A,PU,_Z,2,,,False,WB_WDI,WB_WDI_NY_GDP_PCAP_CD,AFE,_T,_T,_T,_Z,_Z,_Z,2005,A,USD,
1001.134465,P1Y,0,,A,PU,_Z,2,,,False,WB_WDI,WB_WDI_NY_GDP_PCAP_CD,AFW,_T,_T,_T,_Z,_Z,_Z,2005,A,USD,
3750.698172,P1Y,0,,A,PU,_Z,2,,,False,WB_WDI,WB_WDI_NY_GDP_PCAP_CD,ARB,_T,_T,_T,_Z,_Z,_Z,2005,A,USD,
9439.337206,P1Y,0,,A,PU,_Z,2,,,False,WB_WDI,WB_WDI_NY_GDP_PCAP_CD,CSS,_T,_T,_T,_Z,_Z,_Z,2005,A,USD,
8223.09811,P1Y,0,,A,PU,_Z,2,,,False,WB_WDI,WB_WDI_NY_GDP_PCAP_CD,CEB,_T,_T,_T,_Z,_Z,_Z,2005,A,USD,
1127.160779,P1Y,0,,A,PU,_Z,2,,,False,WB_WDI,WB_WDI_NY_GDP_PCAP_CD,ZMB,_T,_T,_T,_Z,_Z,_Z,2021,A,USD,
2613.616741,P1Y,0,,A,PU,_Z,2,,,False,WB_WDI,WB_WDI_NY_GDP_PCAP_CD,ZWE,_T,_T,_T,_Z,_Z,_Z,2021,A,USD,
1675.902524,P1Y,0,,A,PU,_Z,2,,,False,WB_WDI,WB_WDI_NY_GDP_PCAP_CD,AFE,_T,_T,_T,_Z,_Z,_Z,2022,A,USD,
2143.072094,P1Y,0,,A,PU,_Z,2,,,False,WB_WDI,WB_WDI_NY_GDP_PCAP_CD,AFW,_T,_T,_T,_Z,_Z,_Z,2022,A,USD,
7960.811588,P1Y,0,,A,PU,_Z,2,,,False,WB_WDI,WB_WDI_NY_GDP_PCAP_CD,ARB,_T,_T,_T,_Z,_Z,_Z,2022,A,USD,
17449.519342,P1Y,0,,A,PU,_Z,2,,,False,WB_WDI,WB_WDI_NY_GDP_PCAP_CD,CSS,_T,_T,_T,_Z,_Z,_Z,2022,A,USD,
19526.246344,P1Y,0,,A,PU,_Z,2,,,False,WB_WDI,WB_WDI_NY_GDP_PCAP_CD,CEB,_T,_T,_T,_Z,_Z,_Z,2022,A,USD,
4017.489563,P1Y,0,,A,PU,_Z,2,,,False,WB_WDI,WB_WDI_NY_GDP_PCAP_CD,EAR,_T,_T,_T,_Z,_Z,_Z,2022,A,USD,
13219.586356,P1Y,0,,A,PU,_Z,2,,,False,WB_WDI,WB_WDI_NY_GDP_PCAP_CD,EAS,_T,_T,_T,_Z,_Z,_Z,2022,A,USD,
10107.056955,P1Y,0,,A,PU,_Z,2,,,False,WB_WDI,WB_WDI_NY_GDP_PCAP_CD,EAP,_T,_T,_T,_Z,_Z,_Z,2022,A,USD,
10220.556668,P1Y,0,,A,PU,_Z,2,,,False,WB_WDI,WB_WDI_NY_GDP_PCAP_CD,TEA,_T,_T,_T,_Z,_Z,_Z,2022,A,USD,
41105.34621,P1Y,0,,A,PU,_Z,2,,,False,WB_WDI,WB_WDI_NY_GDP_PCAP_CD,EMU,_T,_T,_T,_Z,_Z,_Z,2022,A,USD,
27968.286148,P1Y,0,,A,PU,_Z,2,,,False,WB_WDI,WB_WDI_NY_GDP_PCAP_CD,ECS,_T,_T,_T,_Z,_Z,_Z,2022,A,USD,
7264.373219,P1Y,0,,A,PU,_Z,2,,,False,WB_WDI,WB_WDI_NY_GDP_PCAP_CD,ECA,_T,_T,_T,_Z,_Z,_Z,2022,A,USD,
11422.162261,P1Y,0,,A,PU,_Z,2,,,False,WB_WDI,WB_WDI_NY_GDP_PCAP_CD,TEC,_T,_T,_T,_Z,_Z,_Z,2022,A,USD,
1879.200595,P1Y,0,,A,PU,_Z,2,,,False,WB_WDI,WB_WDI_NY_GDP_PCAP_CD,SSA,_T,_T,_T,_Z,_Z,_Z,2013,A,USD,
1880.399805,P1Y,0,,A,PU,_Z,2,,,False,WB_WDI,WB_WDI_NY_GDP_PCAP_CD,TSS,_T,_T,_T,_Z,_Z,_Z,2013,A,USD,
7183.802643,P1Y,0,,A,PU,_Z,2,,,False,WB_WDI,WB_WDI_NY_GDP_PCAP_CD,UMC,_T,_T,_T,_Z,_Z,_Z,2013,A,USD,
10759.345734,P1Y,0,,A,PU,_Z,2,,,False,WB_WDI,WB_WDI_NY_GDP_PCAP_CD,WLD,_T,_T,_T,_Z,_Z,_Z,2013,A,USD,
637.087099,P1Y,0,,A,PU,_Z,2,,,False,WB_WDI,WB_WDI_NY_GDP_PCAP_CD,AFG,_T,_T,_T,_Z,_Z,_Z,2013,A,USD,
4542.929036,P1Y,0,,A,PU,_Z,2,,,False,WB_WDI,WB_WDI_NY_GDP_PCAP_CD,ALB,_T,_T,_T,_Z,_Z,_Z,2013,A,USD,
5979.60139,P1Y,0,,A,PU,_Z,2,,,False,WB_WDI,WB_WDI_NY_GDP_PCAP_CD,DZA,_T,_T,_T,_Z,_Z,_Z,2013,A,USD,
11813.502203,P1Y,0,,A,PU,_Z,2,,,False,WB_WDI,WB_WDI_NY_GDP_PCAP_CD,ASM,_T,_T,_T,_Z,_Z,_Z,2013,A,USD,
42470.316116,P1Y,0,,A,PU,_Z,2,,,False,WB_WDI,WB_WDI_NY_GDP_PCAP_CD,AND,_T,_T,_T,_Z,_Z,_Z,2013,A,USD,
5688.579162,P1Y,0,,A,PU,_Z,2,,,False,WB_WDI,WB_WDI_NY_GDP_PCAP_CD,AGO,_T,_T,_T,_Z,_Z,_Z,2013,A,USD,
15051.511359,P1Y,0,,A,PU,_Z,2,,,False,WB_WDI,WB_WDI_NY_GDP_PCAP_CD,ATG,_T,_T,_T,_Z,_Z,_Z,2013,A,USD,
12963.675773,P1Y,0,,A,PU,_Z,2,,,False,WB_WDI,WB_WDI_NY_GDP_PCAP_CD,ARG,_T,_T,_T,_Z,_Z,_Z,2013,A,USD,
3680.166922,P1Y,0,,A,PU,_Z,2,,,False,WB_WDI,WB_WDI_NY_GDP_PCAP_CD,ARM,_T,_T,_T,_Z,_Z,_Z,2013,A,USD,
5870.878238,P1Y,0,,A,PU,_Z,2,,,False,WB_WDI,WB_WDI_NY_GDP_PCAP_CD,GUY,_T,_T,_T,_Z,_Z,_Z,2016,A,USD,
1318.402682,P1Y,0,,A,PU,_Z,2,,,False,WB_WDI,WB_WDI_NY_GDP_PCAP_CD,HTI,_T,_T,_T,_Z,_Z,_Z,2016,A,USD,
2307.344684,P1Y,0,,A,PU,_Z,2,,,False,WB_WDI,WB_WDI_NY_GDP_PCAP_CD,HND,_T,_T,_T,_Z,_Z,_Z,2016,A,USD,
43734.19807,P1Y,0,,A,PU,_Z,2,,,False,WB_WDI,WB_WDI_NY_GDP_PCAP_CD,HKG,_T,_T,_T,_Z,_Z,_Z,2016,A,USD,
13215.860528,P1Y,0,,A,PU,_Z,2,,,False,WB_WDI,WB_WDI_NY_GDP_PCAP_CD,HUN,_T,_T,_T,_Z,_Z,_Z,2016,A,USD,
62854.090641,P1Y,0,,A,PU,_Z,2,,,False,WB_WDI,WB_WDI_NY_GDP_PCAP_CD,ISL,_T,_T,_T,_Z,_Z,_Z,2016,A,USD,
1707.508929,P1Y,0,,A,PU,_Z,2,,,False,WB_WDI,WB_WDI_NY_GDP_PCAP_CD,IND,_T,_T,_T,_Z,_Z,_Z,2016,A,USD,
3521.469435,P1Y,0,,A,PU,_Z,2,,,False,WB_WDI,WB_WDI_NY_GDP_PCAP_CD,IDN,_T,_T,_T,_Z,_Z,_Z,2016,A,USD,
5710.599471,P1Y,0,,A,PU,_Z,2,,,False,WB_WDI,WB_WDI_NY_GDP_PCAP_CD,IRN,_T,_T,_T,_Z,_Z,_Z,2016,A,USD,
4334.420964,P1Y,0,,A,PU,_Z,2,,,False,WB_WDI,WB_WDI_NY_GDP_PCAP_CD,IRQ,_T,_T,_T,_Z,_Z,_Z,2016,A,USD,
64129.557154,P1Y,0,,A,PU,_Z,2,,,False,WB_WDI,WB_WDI_NY_GDP_PCAP_CD,IRL,_T,_T,_T,_Z,_Z,_Z,2016,A,USD,
26335.850256,P1Y,0,,A,PU,_Z,2,,,False,WB_WDI,WB_WDI_NY_GDP_PCAP_CD,EUU,_T,_T,_T,_Z,_Z,_Z,2004,A,USD,
462.692849,P1Y,0,,A,PU,_Z,2,,,False,WB_WDI,WB_WDI_NY_GDP_PCAP_CD,HPC,_T,_T,_T,_Z,_Z,_Z,2004,A,USD,
28482.304279,P1Y,0,,A,PU,_Z,2,,,False,WB_WDI,WB_WDI_NY_GDP_PCAP_CD,HIC,_T,_T,_T,_Z,_Z,_Z,2004,A,USD,
1947.235077,P1Y,0,,A,PU,_Z,2,,,False,WB_WDI,WB_WDI_NY_GDP_PCAP_CD,IBD,_T,_T,_T,_Z,_Z,_Z,2004,A,USD,
1633.269819,P1Y,0,,A,PU,_Z,2,,,False,WB_WDI,WB_WDI_NY_GDP_PCAP_CD,IBT,_T,_T,_T,_Z,_Z,_Z,2004,A,USD,
837.139764,P1Y,0,,A,PU,_Z,2,,,False,WB_WDI,WB_WDI_NY_GDP_PCAP_CD,IDB,_T,_T,_T,_Z,_Z,_Z,2004,A,USD,
449.904327,P1Y,0,,A,PU,_Z,2,,,False,WB_WDI,WB_WDI_NY_GDP_PCAP_CD,IDX,_T,_T,_T,_Z,_Z,_Z,2004,A,USD,
585.169296,P1Y,0,,A,PU,_Z,2,,,False,WB_WDI,WB_WDI_NY_GDP_PCAP_CD,IDA,_T,_T,_T,_Z,_Z,_Z,2004,A,USD,
2447.193757,P1Y,0,,A,PU,_Z,2,,,False,WB_WDI,WB_WDI_NY_GDP_PCAP_CD,LTE,_T,_T,_T,_Z,_Z,_Z,2004,A,USD,
4385.898306,P1Y,0,,A,PU,_Z,2,,,False,WB_WDI,WB_WDI_NY_GDP_PCAP_CD,LCN,_T,_T,_T,_Z,_Z,_Z,2004,A,USD,
4155.659495,P1Y,0,,A,PU,_Z,2,,,False,WB_WDI,WB_WDI_NY_GDP_PCAP_CD,LAC,_T,_T,_T,_Z,_Z,_Z,2004,A,USD,
4252.838448,P1Y,0,,A,PU,_Z,2,,,False,WB_WDI,WB_WDI_NY_GDP_PCAP_CD,TLA,_T,_T,_T,_Z,_Z,_Z,2004,A,USD,
420.034056,P1Y,0,,A,PU,_Z,2,,,False,WB_WDI,WB_WDI_NY_GDP_PCAP_CD,LDC,_T,_T,_T,_Z,_Z,_Z,2004,A,USD,
1485.190218,P1Y,0,,A,PU,_Z,2,,,False,WB_WDI,WB_WDI_NY_GDP_PCAP_CD,LMY,_T,_T,_T,_Z,_Z,_Z,2004,A,USD,
4002.013869,P1Y,0,,A,PU,_Z,2,,,False,WB_WDI,WB_WDI_NY_GDP_PCAP_CD,CPV,_T,_T,_T,_Z,_Z,_Z,2011,A,USD,
1088.981528,P1Y,0,,A,PU,_Z,2,,,False,WB_WDI,WB_WDI_NY_GDP_PCAP_CD,KHM,_T,_T,_T,_Z,_Z,_Z,2011,A,USD,
1513.96057,P1Y,0,,A,PU,_Z,2,,,False,WB_WDI,WB_WDI_NY_GDP_PCAP_CD,CMR,_T,_T,_T,_Z,_Z,_Z,2011,A,USD,
52224.123777,P1Y,0,,A,PU,_Z,2,,,False,WB_WDI,WB_WDI_NY_GDP_PCAP_CD,CAN,_T,_T,_T,_Z,_Z,_Z,2011,A,USD,
75280.960765,P1Y,0,,A,PU,_Z,2,,,False,WB_WDI,WB_WDI_NY_GDP_PCAP_CD,CYM,_T,_T,_T,_Z,_Z,_Z,2011,A,USD,
534.057281,P1Y,0,,A,PU,_Z,2,,,False,WB_WDI,WB_WDI_NY_GDP_PCAP_CD,CAF,_T,_T,_T,_Z,_Z,_Z,2011,A,USD,
1308.142187,P1Y,0,,A,PU,_Z,2,,,False,WB_WDI,WB_WDI_NY_GDP_PCAP_CD,TCD,_T,_T,_T,_Z,_Z,_Z,2011,A,USD,
60415.263208,P1Y,0,,A,PU,_Z,2,,,False,WB_WDI,WB_WDI_NY_GDP_PCAP_CD,CHI,_T,_T,_T,_Z,_Z,_Z,2011,A,USD,
14487.392783,P1Y,0,,A,PU,_Z,2,,,False,WB_WDI,WB_WDI_NY_GDP_PCAP_CD,CHL,_T,_T,_T,_Z,_Z,_Z,2011,A,USD,
5703.76028,P1Y,0,,A,PU,_Z,2,,,False,WB_WDI,WB_WDI_NY_GDP_PCAP_CD,CHN,_T,_T,_T,_Z,_Z,_Z,2011,A,USD,
7400.99407,P1Y,0,,A,PU,_Z,2,,,False,WB_WDI,WB_WDI_NY_GDP_PCAP_CD,COL,_T,_T,_T,_Z,_Z,_Z,2011,A,USD,
1531.439693,P1Y,0,,A,PU,_Z,2,,,False,WB_WDI,WB_WDI_NY_GDP_PCAP_CD,COM,_T,_T,_T,_Z,_Z,_Z,2011,A,USD,
8187.208249,P1Y,0,,A,PU,_Z,2,,,False,WB_WDI,WB_WDI_NY_GDP_PCAP_CD,COL,_T,_T,_T,_Z,_Z,_Z,2014,A,USD,
1615.717098,P1Y,0,,A,PU,_Z,2,,,False,WB_WDI,WB_WDI_NY_GDP_PCAP_CD,COM,_T,_T,_T,_Z,_Z,_Z,2014,A,USD,
489.175952,P1Y,0,,A,PU,_Z,2,,,False,WB_WDI,WB_WDI_NY_GDP_PCAP_CD,COD,_T,_T,_T,_Z,_Z,_Z,2014,A,USD,
3601.236581,P1Y,0,,A,PU,_Z,2,,,False,WB_WDI,WB_WDI_NY_GDP_PCAP_CD,COG,_T,_T,_T,_Z,_Z,_Z,2014,A,USD,
10911.49787,P1Y,0,,A,PU,_Z,2,,,False,WB_WDI,WB_WDI_NY_GDP_PCAP_CD,CRI,_T,_T,_T,_Z,_Z,_Z,2014,A,USD,
1991.365394,P1Y,0,,A,PU,_Z,2,,,False,WB_WDI,WB_WDI_NY_GDP_PCAP_CD,CIV,_T,_T,_T,_Z,_Z,_Z,2014,A,USD,
14186.771223,P1Y,0,,A,PU,_Z,2,,,False,WB_WDI,WB_WDI_NY_GDP_PCAP_CD,HRV,_T,_T,_T,_Z,_Z,_Z,2014,A,USD,
7146.704591,P1Y,0,,A,PU,_Z,2,,,False,WB_WDI,WB_WDI_NY_GDP_PCAP_CD,CUB,_T,_T,_T,_Z,_Z,_Z,2014,A,USD,
19623.029993,P1Y,0,,A,PU,_Z,2,,,False,WB_WDI,WB_WDI_NY_GDP_PCAP_CD,CUW,_T,_T,_T,_Z,_Z,_Z,2014,A,USD,
26993.095703,P1Y,0,,A,PU,_Z,2,,,False,WB_WDI,WB_WDI_NY_GDP_PCAP_CD,CYP,_T,_T,_T,_Z,_Z,_Z,2014,A,USD,
1950.104683,P1Y,0,,A,PU,_Z,2,,,False,WB_WDI,WB_WDI_NY_GDP_PCAP_CD,IND,_T,_T,_T,_Z,_Z,_Z,2017,A,USD,
3798.883262,P1Y,0,,A,PU,_Z,2,,,False,WB_WDI,WB_WDI_NY_GDP_PCAP_CD,IDN,_T,_T,_T,_Z,_Z,_Z,2017,A,USD,
6000.933464,P1Y,0,,A,PU,_Z,2,,,False,WB_WDI,WB_WDI_NY_GDP_PCAP_CD,IRN,_T,_T,_T,_Z,_Z,_Z,2017,A,USD,
4759.284644,P1Y,0,,A,PU,_Z,2,,,False,WB_WDI,WB_WDI_NY_GDP_PCAP_CD,IRQ,_T,_T,_T,_Z,_Z,_Z,2017,A,USD,
72161.404753,P1Y,0,,A,PU,_Z,2,,,False,WB_WDI,WB_WDI_NY_GDP_PCAP_CD,IRL,_T,_T,_T,_Z,_Z,_Z,2017,A,USD,
83481.303849,P1Y,0,,A,PU,_Z,2,,,False,WB_WDI,WB_WDI_NY_GDP_PCAP_CD,IMN,_T,_T,_T,_Z,_Z,_Z,2017,A,USD,
41013.257532,P1Y,0,,A,PU,_Z,2,,,False,WB_WDI,WB_WDI_NY_GDP_PCAP_CD,ISR,_T,_T,_T,_Z,_Z,_Z,2017,A,USD,
32844.115661,P1Y,0,,A,PU,_Z,2,,,False,WB_WDI,WB_WDI_NY_GDP_PCAP_CD,ITA,_T,_T,_T,_Z,_Z,_Z,2017,A,USD,
5605.435412,P1Y,0,,A,PU,_Z,2,,,False,WB_WDI,WB_WDI_NY_GDP_PCAP_CD,JAM,_T,_T,_T,_Z,_Z,_Z,2017,A,USD,
39679.863526,P1Y,0,,A,PU,_Z,2,,,False,WB_WDI,WB_WDI_NY_GDP_PCAP_CD,JPN,_T,_T,_T,_Z,_Z,_Z,2017,A,USD,
4449.346181,P1Y,0,,A,PU,_Z,2,,,False,WB_WDI,WB_WDI_NY_GDP_PCAP_CD,JOR,_T,_T,_T,_Z,_Z,_Z,2017,A,USD,
38679.611892,P1Y,0,,A,PU,_Z,2,,,False,WB_WDI,WB_WDI_NY_GDP_PCAP_CD,EMU,_T,_T,_T,_Z,_Z,_Z,2019,A,USD,
25045.121896,P1Y,0,,A,PU,_Z,2,,,False,WB_WDI,WB_WDI_NY_GDP_PCAP_CD,ECS,_T,_T,_T,_Z,_Z,_Z,2019,A,USD,
6036.151753,P1Y,0,,A,PU,_Z,2,,,False,WB_WDI,WB_WDI_NY_GDP_PCAP_CD,ECA,_T,_T,_T,_Z,_Z,_Z,2019,A,USD,
9040.926659,P1Y,0,,A,PU,_Z,2,,,False,WB_WDI,WB_WDI_NY_GDP_PCAP_CD,TEC,_T,_T,_T,_Z,_Z,_Z,2019,A,USD,
35374.149392,P1Y,0,,A,PU,_Z,2,,,False,WB_WDI,WB_WDI_NY_GDP_PCAP_CD,EUU,_T,_T,_T,_Z,_Z,_Z,2019,A,USD,
984.553373,P1Y,0,,A,PU,_Z,2,,,False,WB_WDI,WB_WDI_NY_GDP_PCAP_CD,HPC,_T,_T,_T,_Z,_Z,_Z,2019,A,USD,
41570.376079,P1Y,0,,A,PU,_Z,2,,,False,WB_WDI,WB_WDI_NY_GDP_PCAP_CD,HIC,_T,_T,_T,_Z,_Z,_Z,2019,A,USD,
6474.804278,P1Y,0,,A,PU,_Z,2,,,False,WB_WDI,WB_WDI_NY_GDP_PCAP_CD,IBD,_T,_T,_T,_Z,_Z,_Z,2019,A,USD,
5168.034806,P1Y,0,,A,PU,_Z,2,,,False,WB_WDI,WB_WDI_NY_GDP_PCAP_CD,IBT,_T,_T,_T,_Z,_Z,_Z,2019,A,USD,
2210.555391,P1Y,0,,A,PU,_Z,2,,,False,WB_WDI,WB_WDI_NY_GDP_PCAP_CD,IDB,_T,_T,_T,_Z,_Z,_Z,2019,A,USD,
1187.140579,P1Y,0,,A,PU,_Z,2,,,False,WB_WDI,WB_WDI_NY_GDP_PCAP_CD,IDX,_T,_T,_T,_Z,_Z,_Z,2019,A,USD,
1546.572619,P1Y,0,,A,PU,_Z,2,,,False,WB_WDI,WB_WDI_NY_GDP_PCAP_CD,IDA,_T,_T,_T,_Z,_Z,_Z,2019,A,USD,
10120.466373,P1Y,0,,A,PU,_Z,2,,,False,WB_WDI,WB_WDI_NY_GDP_PCAP_CD,LTE,_T,_T,_T,_Z,_Z,_Z,2019,A,USD,
2464.642415,P1Y,0,,A,PU,_Z,2,,,False,WB_WDI,WB_WDI_NY_GDP_PCAP_CD,HND,_T,_T,_T,_Z,_Z,_Z,2018,A,USD,
48537.566889,P1Y,0,,A,PU,_Z,2,,,False,WB_WDI,WB_WDI_NY_GDP_PCAP_CD,HKG,_T,_T,_T,_Z,_Z,_Z,2018,A,USD,
16605.057051,P1Y,0,,A,PU,_Z,2,,,False,WB_WDI,WB_WDI_NY_GDP_PCAP_CD,HUN,_T,_T,_T,_Z,_Z,_Z,2018,A,USD,
75633.865135,P1Y,0,,A,PU,_Z,2,,,False,WB_WDI,WB_WDI_NY_GDP_PCAP_CD,ISL,_T,_T,_T,_Z,_Z,_Z,2018,A,USD,
1966.254552,P1Y,0,,A,PU,_Z,2,,,False,WB_WDI,WB_WDI_NY_GDP_PCAP_CD,IND,_T,_T,_T,_Z,_Z,_Z,2018,A,USD,
3860.953531,P1Y,0,,A,PU,_Z,2,,,False,WB_WDI,WB_WDI_NY_GDP_PCAP_CD,IDN,_T,_T,_T,_Z,_Z,_Z,2018,A,USD,
4783.010673,P1Y,0,,A,PU,_Z,2,,,False,WB_WDI,WB_WDI_NY_GDP_PCAP_CD,IRN,_T,_T,_T,_Z,_Z,_Z,2018,A,USD,
5646.689321,P1Y,0,,A,PU,_Z,2,,,False,WB_WDI,WB_WDI_NY_GDP_PCAP_CD,IRQ,_T,_T,_T,_Z,_Z,_Z,2018,A,USD,
80804.112316,P1Y,0,,A,PU,_Z,2,,,False,WB_WDI,WB_WDI_NY_GDP_PCAP_CD,IRL,_T,_T,_T,_Z,_Z,_Z,2018,A,USD,
89393.824425,P1Y,0,,A,PU,_Z,2,,,False,WB_WDI,WB_WDI_NY_GDP_PCAP_CD,IMN,_T,_T,_T,_Z,_Z,_Z,2018,A,USD,
42269.377026,P1Y,0,,A,PU,_Z,2,,,False,WB_WDI,WB_WDI_NY_GDP_PCAP_CD,ISR,_T,_T,_T,_Z,_Z,_Z,2018,A,USD,
4457.634122,P1Y,0,,A,PU,_Z,2,,,False,WB_WDI,WB_WDI_NY_GDP_PCAP_CD,ALB,_T,_T,_T,_Z,_Z,_Z,2016,A,USD,
4424.98529,P1Y,0,,A,PU,_Z,2,,,False,WB_WDI,WB_WDI_NY_GDP_PCAP_CD,DZA,_T,_T,_T,_Z,_Z,_Z,2016,A,USD,
12843.33429,P1Y,0,,A,PU,_Z,2,,,False,WB_WDI,WB_WDI_NY_GDP_PCAP_CD,ASM,_T,_T,_T,_Z,_Z,_Z,2016,A,USD,
40129.819203,P1Y,0,,A,PU,_Z,2,,,False,WB_WDI,WB_WDI_NY_GDP_PCAP_CD,AND,_T,_T,_T,_Z,_Z,_Z,2016,A,USD,
2082.373436,P1Y,0,,A,PU,_Z,2,,,False,WB_WDI,WB_WDI_NY_GDP_PCAP_CD,AGO,_T,_T,_T,_Z,_Z,_Z,2016,A,USD,
16556.85518,P1Y,0,,A,PU,_Z,2,,,False,WB_WDI,WB_WDI_NY_GDP_PCAP_CD,ATG,_T,_T,_T,_Z,_Z,_Z,2016,A,USD,
12699.962314,P1Y,0,,A,PU,_Z,2,,,False,WB_WDI,WB_WDI_NY_GDP_PCAP_CD,ARG,_T,_T,_T,_Z,_Z,_Z,2016,A,USD,
3524.424769,P1Y,0,,A,PU,_Z,2,,,False,WB_WDI,WB_WDI_NY_GDP_PCAP_CD,ARM,_T,_T,_T,_Z,_Z,_Z,2016,A,USD,
27441.550214,P1Y,0,,A,PU,_Z,2,,,False,WB_WDI,WB_WDI_NY_GDP_PCAP_CD,ABW,_T,_T,_T,_Z,_Z,_Z,2016,A,USD,
50084.444061,P1Y,0,,A,PU,_Z,2,,,False,WB_WDI,WB_WDI_NY_GDP_PCAP_CD,AUS,_T,_T,_T,_Z,_Z,_Z,2016,A,USD,
45061.499392,P1Y,0,,A,PU,_Z,2,,,False,WB_WDI,WB_WDI_NY_GDP_PCAP_CD,AUT,_T,_T,_T,_Z,_Z,_Z,2016,A,USD,
3880.685228,P1Y,0,,A,PU,_Z,2,,,False,WB_WDI,WB_WDI_NY_GDP_PCAP_CD,AZE,_T,_T,_T,_Z,_Z,_Z,2016,A,USD,
30616.536316,P1Y,0,,A,PU,_Z,2,,,False,WB_WDI,WB_WDI_NY_GDP_PCAP_CD,BHS,_T,_T,_T,_Z,_Z,_Z,2016,A,USD,
4804.513169,P1Y,0,,A,PU,_Z,2,,,False,WB_WDI,WB_WDI_NY_GDP_PCAP_CD,IBT,_T,_T,_T,_Z,_Z,_Z,2014,A,USD,
2113.887023,P1Y,0,,A,PU,_Z,2,,,False,WB_WDI,WB_WDI_NY_GDP_PCAP_CD,IDB,_T,_T,_T,_Z,_Z,_Z,2014,A,USD,
1049.900732,P1Y,0,,A,PU,_Z,2,,,False,WB_WDI,WB_WDI_NY_GDP_PCAP_CD,IDX,_T,_T,_T,_Z,_Z,_Z,2014,A,USD,
1426.500327,P1Y,0,,A,PU,_Z,2,,,False,WB_WDI,WB_WDI_NY_GDP_PCAP_CD,IDA,_T,_T,_T,_Z,_Z,_Z,2014,A,USD,
8923.257193,P1Y,0,,A,PU,_Z,2,,,False,WB_WDI,WB_WDI_NY_GDP_PCAP_CD,LTE,_T,_T,_T,_Z,_Z,_Z,2014,A,USD,
10146.146495,P1Y,0,,A,PU,_Z,2,,,False,WB_WDI,WB_WDI_NY_GDP_PCAP_CD,LCN,_T,_T,_T,_Z,_Z,_Z,2014,A,USD,
9758.391724,P1Y,0,,A,PU,_Z,2,,,False,WB_WDI,WB_WDI_NY_GDP_PCAP_CD,LAC,_T,_T,_T,_Z,_Z,_Z,2014,A,USD,
10059.023926,P1Y,0,,A,PU,_Z,2,,,False,WB_WDI,WB_WDI_NY_GDP_PCAP_CD,TLA,_T,_T,_T,_Z,_Z,_Z,2014,A,USD,
1056.976731,P1Y,0,,A,PU,_Z,2,,,False,WB_WDI,WB_WDI_NY_GDP_PCAP_CD,LDC,_T,_T,_T,_Z,_Z,_Z,2014,A,USD,
4422.777374,P1Y,0,,A,PU,_Z,2,,,False,WB_WDI,WB_WDI_NY_GDP_PCAP_CD,LMY,_T,_T,_T,_Z,_Z,_Z,2014,A,USD,
749.40767,P1Y,0,,A,PU,_Z,2,,,False,WB_WDI,WB_WDI_NY_GDP_PCAP_CD,LIC,_T,_T,_T,_Z,_Z,_Z,2014,A,USD,
1855.452117,P1Y,0,,A,PU,_Z,2,,,False,WB_WDI,WB_WDI_NY_GDP_PCAP_CD,LMC,_T,_T,_T,_Z,_Z,_Z,2014,A,USD,
82025.945451,P1Y,0,,A,PU,_Z,2,,,False,WB_WDI,WB_WDI_NY_GDP_PCAP_CD,IMN,_T,_T,_T,_Z,_Z,_Z,2016,A,USD,
37571.25612,P1Y,0,,A,PU,_Z,2,,,False,WB_WDI,WB_WDI_NY_GDP_PCAP_CD,ISR,_T,_T,_T,_Z,_Z,_Z,2016,A,USD,
31391.56929,P1Y,0,,A,PU,_Z,2,,,False,WB_WDI,WB_WDI_NY_GDP_PCAP_CD,ITA,_T,_T,_T,_Z,_Z,_Z,2016,A,USD,
5302.295534,P1Y,0,,A,PU,_Z,2,,,False,WB_WDI,WB_WDI_NY_GDP_PCAP_CD,JAM,_T,_T,_T,_Z,_Z,_Z,2016,A,USD,
40214.968863,P1Y,0,,A,PU,_Z,2,,,False,WB_WDI,WB_WDI_NY_GDP_PCAP_CD,JPN,_T,_T,_T,_Z,_Z,_Z,2016,A,USD,
4366.069996,P1Y,0,,A,PU,_Z,2,,,False,WB_WDI,WB_WDI_NY_GDP_PCAP_CD,JOR,_T,_T,_T,_Z,_Z,_Z,2016,A,USD,
7475.566887,P1Y,0,,A,PU,_Z,2,,,False,WB_WDI,WB_WDI_NY_GDP_PCAP_CD,KAZ,_T,_T,_T,_Z,_Z,_Z,2016,A,USD,
1554.126103,P1Y,0,,A,PU,_Z,2,,,False,WB_WDI,WB_WDI_NY_GDP_PCAP_CD,KEN,_T,_T,_T,_Z,_Z,_Z,2016,A,USD,
1742.667993,P1Y,0,,A,PU,_Z,2,,,False,WB_WDI,WB_WDI_NY_GDP_PCAP_CD,KIR,_T,_T,_T,_Z,_Z,_Z,2016,A,USD,
30832.062807,P1Y,0,,A,PU,_Z,2,,,False,WB_WDI,WB_WDI_NY_GDP_PCAP_CD,KOR,_T,_T,_T,_Z,_Z,_Z,2016,A,USD,
3759.447775,P1Y,0,,A,PU,_Z,2,,,False,WB_WDI,WB_WDI_NY_GDP_PCAP_CD,XKX,_T,_T,_T,_Z,_Z,_Z,2016,A,USD,
6129.866383,P1Y,0,,A,PU,_Z,2,,,False,WB_WDI,WB_WDI_NY_GDP_PCAP_CD,WLD,_T,_T,_T,_Z,_Z,_Z,2003,A,USD,
198.871116,P1Y,0,,A,PU,_Z,2,,,False,WB_WDI,WB_WDI_NY_GDP_PCAP_CD,AFG,_T,_T,_T,_Z,_Z,_Z,2003,A,USD,
1908.699007,P1Y,0,,A,PU,_Z,2,,,False,WB_WDI,WB_WDI_NY_GDP_PCAP_CD,ALB,_T,_T,_T,_Z,_Z,_Z,2003,A,USD,
2283.772993,P1Y,0,,A,PU,_Z,2,,,False,WB_WDI,WB_WDI_NY_GDP_PCAP_CD,DZA,_T,_T,_T,_Z,_Z,_Z,2003,A,USD,
9197.661968,P1Y,0,,A,PU,_Z,2,,,False,WB_WDI,WB_WDI_NY_GDP_PCAP_CD,ASM,_T,_T,_T,_Z,_Z,_Z,2003,A,USD,
34063.578404,P1Y,0,,A,PU,_Z,2,,,False,WB_WDI,WB_WDI_NY_GDP_PCAP_CD,AND,_T,_T,_T,_Z,_Z,_Z,2003,A,USD,
1133.66332,P1Y,0,,A,PU,_Z,2,,,False,WB_WDI,WB_WDI_NY_GDP_PCAP_CD,AGO,_T,_T,_T,_Z,_Z,_Z,2003,A,USD,
12173.231986,P1Y,0,,A,PU,_Z,2,,,False,WB_WDI,WB_WDI_NY_GDP_PCAP_CD,ATG,_T,_T,_T,_Z,_Z,_Z,2003,A,USD,
3320.477751,P1Y,0,,A,PU,_Z,2,,,False,WB_WDI,WB_WDI_NY_GDP_PCAP_CD,ARG,_T,_T,_T,_Z,_Z,_Z,2003,A,USD,
882.030168,P1Y,0,,A,PU,_Z,2,,,False,WB_WDI,WB_WDI_NY_GDP_PCAP_CD,ARM,_T,_T,_T,_Z,_Z,_Z,2003,A,USD,
21949.485996,P1Y,0,,A,PU,_Z,2,,,False,WB_WDI,WB_WDI_NY_GDP_PCAP_CD,ABW,_T,_T,_T,_Z,_Z,_Z,2003,A,USD,
23757.589847,P1Y,0,,A,PU,_Z,2,,,False,WB_WDI,WB_WDI_NY_GDP_PCAP_CD,AUS,_T,_T,_T,_Z,_Z,_Z,2003,A,USD,
32110.115966,P1Y,0,,A,PU,_Z,2,,,False,WB_WDI,WB_WDI_NY_GDP_PCAP_CD,AUT,_T,_T,_T,_Z,_Z,_Z,2003,A,USD,
883.692581,P1Y,0,,A,PU,_Z,2,,,False,WB_WDI,WB_WDI_NY_GDP_PCAP_CD,AZE,_T,_T,_T,_Z,_Z,_Z,2003,A,USD,
4420.647722,P1Y,0,,A,PU,_Z,2,,,False,WB_WDI,WB_WDI_NY_GDP_PCAP_CD,TUN,_T,_T,_T,_Z,_Z,_Z,2011,A,USD,
11373.635576,P1Y,0,,A,PU,_Z,2,,,False,WB_WDI,WB_WDI_NY_GDP_PCAP_CD,TUR,_T,_T,_T,_Z,_Z,_Z,2011,A,USD,
5143.619293,P1Y,0,,A,PU,_Z,2,,,False,WB_WDI,WB_WDI_NY_GDP_PCAP_CD,TKM,_T,_T,_T,_Z,_Z,_Z,2011,A,USD,
27327.400635,P1Y,0,,A,PU,_Z,2,,,False,WB_WDI,WB_WDI_NY_GDP_PCAP_CD,TCA,_T,_T,_T,_Z,_Z,_Z,2011,A,USD,
3636.0814,P1Y,0,,A,PU,_Z,2,,,False,WB_WDI,WB_WDI_NY_GDP_PCAP_CD,TUV,_T,_T,_T,_Z,_Z,_Z,2011,A,USD,
835.620061,P1Y,0,,A,PU,_Z,2,,,False,WB_WDI,WB_WDI_NY_GDP_PCAP_CD,UGA,_T,_T,_T,_Z,_Z,_Z,2011,A,USD,
3656.697998,P1Y,0,,A,PU,_Z,2,,,False,WB_WDI,WB_WDI_NY_GDP_PCAP_CD,UKR,_T,_T,_T,_Z,_Z,_Z,2011,A,USD,
51921.889075,P1Y,0,,A,PU,_Z,2,,,False,WB_WDI,WB_WDI_NY_GDP_PCAP_CD,ARE,_T,_T,_T,_Z,_Z,_Z,2011,A,USD,
42295.927384,P1Y,0,,A,PU,_Z,2,,,False,WB_WDI,WB_WDI_NY_GDP_PCAP_CD,GBR,_T,_T,_T,_Z,_Z,_Z,2011,A,USD,
50024.881232,P1Y,0,,A,PU,_Z,2,,,False,WB_WDI,WB_WDI_NY_GDP_PCAP_CD,USA,_T,_T,_T,_Z,_Z,_Z,2011,A,USD,
15132.267573,P1Y,0,,A,PU,_Z,2,,,False,WB_WDI,WB_WDI_NY_GDP_PCAP_CD,URY,_T,_T,_T,_Z,_Z,_Z,2011,A,USD,
2338.554628,P1Y,0,,A,PU,_Z,2,,,False,WB_WDI,WB_WDI_NY_GDP_PCAP_CD,UZB,_T,_T,_T,_Z,_Z,_Z,2011,A,USD,
1547.320104,P1Y,0,,A,PU,_Z,2,,,False,WB_WDI,WB_WDI_NY_GDP_PCAP_CD,KHM,_T,_T,_T,_Z,_Z,_Z,2015,A,USD,
1415.000097,P1Y,0,,A,PU,_Z,2,,,False,WB_WDI,WB_WDI_NY_GDP_PCAP_CD,CMR,_T,_T,_T,_Z,_Z,_Z,2015,A,USD,
43594.237908,P1Y,0,,A,PU,_Z,2,,,False,WB_WDI,WB_WDI_NY_GDP_PCAP_CD,CAN,_T,_T,_T,_Z,_Z,_Z,2015,A,USD,
76379.209511,P1Y,0,,A,PU,_Z,2,,,False,WB_WDI,WB_WDI_NY_GDP_PCAP_CD,CYM,_T,_T,_T,_Z,_Z,_Z,2015,A,USD,
366.322854,P1Y,0,,A,PU,_Z,2,,,False,WB_WDI,WB_WDI_NY_GDP_PCAP_CD,CAF,_T,_T,_T,_Z,_Z,_Z,2015,A,USD,
993.990731,P1Y,0,,A,PU,_Z,2,,,False,WB_WDI,WB_WDI_NY_GDP_PCAP_CD,TCD,_T,_T,_T,_Z,_Z,_Z,2015,A,USD,
61847.821224,P1Y,0,,A,PU,_Z,2,,,False,WB_WDI,WB_WDI_NY_GDP_PCAP_CD,CHI,_T,_T,_T,_Z,_Z,_Z,2015,A,USD,
13433.920299,P1Y,0,,A,PU,_Z,2,,,False,WB_WDI,WB_WDI_NY_GDP_PCAP_CD,CHL,_T,_T,_T,_Z,_Z,_Z,2015,A,USD,
8175.332851,P1Y,0,,A,PU,_Z,2,,,False,WB_WDI,WB_WDI_NY_GDP_PCAP_CD,CHN,_T,_T,_T,_Z,_Z,_Z,2015,A,USD,
6248.514905,P1Y,0,,A,PU,_Z,2,,,False,WB_WDI,WB_WDI_NY_GDP_PCAP_CD,COL,_T,_T,_T,_Z,_Z,_Z,2015,A,USD,
1329.370482,P1Y,0,,A,PU,_Z,2,,,False,WB_WDI,WB_WDI_NY_GDP_PCAP_CD,COM,_T,_T,_T,_Z,_Z,_Z,2015,A,USD,
495.826633,P1Y,0,,A,PU,_Z,2,,,False,WB_WDI,WB_WDI_NY_GDP_PCAP_CD,COD,_T,_T,_T,_Z,_Z,_Z,2015,A,USD,
44923.340014,P1Y,0,,A,PU,_Z,2,,,False,WB_WDI,WB_WDI_NY_GDP_PCAP_CD,BEL,_T,_T,_T,_Z,_Z,_Z,2009,A,USD,
5399.671,P1Y,0,,A,PU,_Z,2,,,False,WB_WDI,WB_WDI_NY_GDP_PCAP_CD,BLZ,_T,_T,_T,_Z,_Z,_Z,2009,A,USD,
1024.102779,P1Y,0,,A,PU,_Z,2,,,False,WB_WDI,WB_WDI_NY_GDP_PCAP_CD,BEN,_T,_T,_T,_Z,_Z,_Z,2009,A,USD,
104711.71242,P1Y,0,,A,PU,_Z,2,,,False,WB_WDI,WB_WDI_NY_GDP_PCAP_CD,BMU,_T,_T,_T,_Z,_Z,_Z,2009,A,USD,
1918.395992,P1Y,0,,A,PU,_Z,2,,,False,WB_WDI,WB_WDI_NY_GDP_PCAP_CD,BTN,_T,_T,_T,_Z,_Z,_Z,2009,A,USD,
1731.181721,P1Y,0,,A,PU,_Z,2,,,False,WB_WDI,WB_WDI_NY_GDP_PCAP_CD,BOL,_T,_T,_T,_Z,_Z,_Z,2009,A,USD,
4539.918638,P1Y,0,,A,PU,_Z,2,,,False,WB_WDI,WB_WDI_NY_GDP_PCAP_CD,BIH,_T,_T,_T,_Z,_Z,_Z,2009,A,USD,
5082.933883,P1Y,0,,A,PU,_Z,2,,,False,WB_WDI,WB_WDI_NY_GDP_PCAP_CD,BWA,_T,_T,_T,_Z,_Z,_Z,2009,A,USD,
8678.659224,P1Y,0,,A,PU,_Z,2,,,False,WB_WDI,WB_WDI_NY_GDP_PCAP_CD,BRA,_T,_T,_T,_Z,_Z,_Z,2009,A,USD,
30946.467377,P1Y,0,,A,PU,_Z,2,,,False,WB_WDI,WB_WDI_NY_GDP_PCAP_CD,BRN,_T,_T,_T,_Z,_Z,_Z,2009,A,USD,
6988.630484,P1Y,0,,A,PU,_Z,2,,,False,WB_WDI,WB_WDI_NY_GDP_PCAP_CD,BGR,_T,_T,_T,_Z,_Z,_Z,2009,A,USD,
866.947815,P1Y,0,,A,PU,_Z,2,,,False,WB_WDI,WB_WDI_NY_GDP_PCAP_CD,TCD,_T,_T,_T,_Z,_Z,_Z,2020,A,USD,
56785.940201,P1Y,0,,A,PU,_Z,2,,,False,WB_WDI,WB_WDI_NY_GDP_PCAP_CD,CHI,_T,_T,_T,_Z,_Z,_Z,2020,A,USD,
13117.993023,P1Y,0,,A,PU,_Z,2,,,False,WB_WDI,WB_WDI_NY_GDP_PCAP_CD,CHL,_T,_T,_T,_Z,_Z,_Z,2020,A,USD,
10627.463799,P1Y,0,,A,PU,_Z,2,,,False,WB_WDI,WB_WDI_NY_GDP_PCAP_CD,CHN,_T,_T,_T,_Z,_Z,_Z,2020,A,USD,
5339.687114,P1Y,0,,A,PU,_Z,2,,,False,WB_WDI,WB_WDI_NY_GDP_PCAP_CD,COL,_T,_T,_T,_Z,_Z,_Z,2020,A,USD,
1527.16991,P1Y,0,,A,PU,_Z,2,,,False,WB_WDI,WB_WDI_NY_GDP_PCAP_CD,COM,_T,_T,_T,_Z,_Z,_Z,2020,A,USD,
486.425573,P1Y,0,,A,PU,_Z,2,,,False,WB_WDI,WB_WDI_NY_GDP_PCAP_CD,COD,_T,_T,_T,_Z,_Z,_Z,2020,A,USD,
1993.586672,P1Y,0,,A,PU,_Z,2,,,False,WB_WDI,WB_WDI_NY_GDP_PCAP_CD,COG,_T,_T,_T,_Z,_Z,_Z,2020,A,USD,
12475.685208,P1Y,0,,A,PU,_Z,2,,,False,WB_WDI,WB_WDI_NY_GDP_PCAP_CD,CRI,_T,_T,_T,_Z,_Z,_Z,2020,A,USD,
2179.729348,P1Y,0,,A,PU,_Z,2,,,False,WB_WDI,WB_WDI_NY_GDP_PCAP_CD,CIV,_T,_T,_T,_Z,_Z,_Z,2020,A,USD,
14807.555923,P1Y,0,,A,PU,_Z,2,,,False,WB_WDI,WB_WDI_NY_GDP_PCAP_CD,HRV,_T,_T,_T,_Z,_Z,_Z,2020,A,USD,
68911.675592,P1Y,0,,A,PU,_Z,2,,,False,WB_WDI,WB_WDI_NY_GDP_PCAP_CD,MAC,_T,_T,_T,_Z,_Z,_Z,2016,A,USD,
453.970715,P1Y,0,,A,PU,_Z,2,,,False,WB_WDI,WB_WDI_NY_GDP_PCAP_CD,MDG,_T,_T,_T,_Z,_Z,_Z,2016,A,USD,
450.506106,P1Y,0,,A,PU,_Z,2,,,False,WB_WDI,WB_WDI_NY_GDP_PCAP_CD,MWI,_T,_T,_T,_Z,_Z,_Z,2016,A,USD,
9476.534098,P1Y,0,,A,PU,_Z,2,,,False,WB_WDI,WB_WDI_NY_GDP_PCAP_CD,MYS,_T,_T,_T,_Z,_Z,_Z,2016,A,USD,
9947.807447,P1Y,0,,A,PU,_Z,2,,,False,WB_WDI,WB_WDI_NY_GDP_PCAP_CD,MDV,_T,_T,_T,_Z,_Z,_Z,2016,A,USD,
872.468587,P1Y,0,,A,PU,_Z,2,,,False,WB_WDI,WB_WDI_NY_GDP_PCAP_CD,MLI,_T,_T,_T,_Z,_Z,_Z,2016,A,USD,
26459.064429,P1Y,0,,A,PU,_Z,2,,,False,WB_WDI,WB_WDI_NY_GDP_PCAP_CD,MLT,_T,_T,_T,_Z,_Z,_Z,2016,A,USD,
4229.809889,P1Y,0,,A,PU,_Z,2,,,False,WB_WDI,WB_WDI_NY_GDP_PCAP_CD,MHL,_T,_T,_T,_Z,_Z,_Z,2016,A,USD,
1568.005512,P1Y,0,,A,PU,_Z,2,,,False,WB_WDI,WB_WDI_NY_GDP_PCAP_CD,MRT,_T,_T,_T,_Z,_Z,_Z,2016,A,USD,
10095.122557,P1Y,0,,A,PU,_Z,2,,,False,WB_WDI,WB_WDI_NY_GDP_PCAP_CD,MUS,_T,_T,_T,_Z,_Z,_Z,2016,A,USD,
9097.923977,P1Y,0,,A,PU,_Z,2,,,False,WB_WDI,WB_WDI_NY_GDP_PCAP_CD,MEX,_T,_T,_T,_Z,_Z,_Z,2016,A,USD,
1772.087183,P1Y,0,,A,PU,_Z,2,,,False,WB_WDI,WB_WDI_NY_GDP_PCAP_CD,KIR,_T,_T,_T,_Z,_Z,_Z,2013,A,USD,
28449.35911,P1Y,0,,A,PU,_Z,2,,,False,WB_WDI,WB_WDI_NY_GDP_PCAP_CD,KOR,_T,_T,_T,_Z,_Z,_Z,2013,A,USD,
3704.558124,P1Y,0,,A,PU,_Z,2,,,False,WB_WDI,WB_WDI_NY_GDP_PCAP_CD,XKX,_T,_T,_T,_Z,_Z,_Z,2013,A,USD,
49651.043928,P1Y,0,,A,PU,_Z,2,,,False,WB_WDI,WB_WDI_NY_GDP_PCAP_CD,KWT,_T,_T,_T,_Z,_Z,_Z,2013,A,USD,
1269.663035,P1Y,0,,A,PU,_Z,2,,,False,WB_WDI,WB_WDI_NY_GDP_PCAP_CD,KGZ,_T,_T,_T,_Z,_Z,_Z,2013,A,USD,
1812.517744,P1Y,0,,A,PU,_Z,2,,,False,WB_WDI,WB_WDI_NY_GDP_PCAP_CD,LAO,_T,_T,_T,_Z,_Z,_Z,2013,A,USD,
14484.471528,P1Y,0,,A,PU,_Z,2,,,False,WB_WDI,WB_WDI_NY_GDP_PCAP_CD,LVA,_T,_T,_T,_Z,_Z,_Z,2013,A,USD,
8162.379294,P1Y,0,,A,PU,_Z,2,,,False,WB_WDI,WB_WDI_NY_GDP_PCAP_CD,LBN,_T,_T,_T,_Z,_Z,_Z,2013,A,USD,
1151.037358,P1Y,0,,A,PU,_Z,2,,,False,WB_WDI,WB_WDI_NY_GDP_PCAP_CD,LSO,_T,_T,_T,_Z,_Z,_Z,2013,A,USD,
710.744571,P1Y,0,,A,PU,_Z,2,,,False,WB_WDI,WB_WDI_NY_GDP_PCAP_CD,LBR,_T,_T,_T,_Z,_Z,_Z,2013,A,USD,
11951.713413,P1Y,0,,A,PU,_Z,2,,,False,WB_WDI,WB_WDI_NY_GDP_PCAP_CD,LBY,_T,_T,_T,_Z,_Z,_Z,2013,A,USD,
1929.783731,P1Y,0,,A,PU,_Z,2,,,False,WB_WDI,WB_WDI_NY_GDP_PCAP_CD,BOL,_T,_T,_T,_Z,_Z,_Z,2010,A,USD,
4506.478285,P1Y,0,,A,PU,_Z,2,,,False,WB_WDI,WB_WDI_NY_GDP_PCAP_CD,BIH,_T,_T,_T,_Z,_Z,_Z,2010,A,USD,
6215.732161,P1Y,0,,A,PU,_Z,2,,,False,WB_WDI,WB_WDI_NY_GDP_PCAP_CD,BWA,_T,_T,_T,_Z,_Z,_Z,2010,A,USD,
11403.282128,P1Y,0,,A,PU,_Z,2,,,False,WB_WDI,WB_WDI_NY_GDP_PCAP_CD,BRA,_T,_T,_T,_Z,_Z,_Z,2010,A,USD,
34937.555536,P1Y,0,,A,PU,_Z,2,,,False,WB_WDI,WB_WDI_NY_GDP_PCAP_CD,BRN,_T,_T,_T,_Z,_Z,_Z,2010,A,USD,
6854.298784,P1Y,0,,A,PU,_Z,2,,,False,WB_WDI,WB_WDI_NY_GDP_PCAP_CD,BGR,_T,_T,_T,_Z,_Z,_Z,2010,A,USD,
624.957252,P1Y,0,,A,PU,_Z,2,,,False,WB_WDI,WB_WDI_NY_GDP_PCAP_CD,BFA,_T,_T,_T,_Z,_Z,_Z,2010,A,USD,
216.727705,P1Y,0,,A,PU,_Z,2,,,False,WB_WDI,WB_WDI_NY_GDP_PCAP_CD,BDI,_T,_T,_T,_Z,_Z,_Z,2010,A,USD,
3579.460061,P1Y,0,,A,PU,_Z,2,,,False,WB_WDI,WB_WDI_NY_GDP_PCAP_CD,CPV,_T,_T,_T,_Z,_Z,_Z,2010,A,USD,
952.274616,P1Y,0,,A,PU,_Z,2,,,False,WB_WDI,WB_WDI_NY_GDP_PCAP_CD,KHM,_T,_T,_T,_Z,_Z,_Z,2010,A,USD,
46352.969521,P1Y,0,,A,PU,_Z,2,,,False,WB_WDI,WB_WDI_NY_GDP_PCAP_CD,CAN,_T,_T,_T,_Z,_Z,_Z,2019,A,USD,
88254.290368,P1Y,0,,A,PU,_Z,2,,,False,WB_WDI,WB_WDI_NY_GDP_PCAP_CD,CYM,_T,_T,_T,_Z,_Z,_Z,2019,A,USD,
449.228468,P1Y,0,,A,PU,_Z,2,,,False,WB_WDI,WB_WDI_NY_GDP_PCAP_CD,CAF,_T,_T,_T,_Z,_Z,_Z,2019,A,USD,
893.336442,P1Y,0,,A,PU,_Z,2,,,False,WB_WDI,WB_WDI_NY_GDP_PCAP_CD,TCD,_T,_T,_T,_Z,_Z,_Z,2019,A,USD,
60564.629399,P1Y,0,,A,PU,_Z,2,,,False,WB_WDI,WB_WDI_NY_GDP_PCAP_CD,CHI,_T,_T,_T,_Z,_Z,_Z,2019,A,USD,
14496.934564,P1Y,0,,A,PU,_Z,2,,,False,WB_WDI,WB_WDI_NY_GDP_PCAP_CD,CHL,_T,_T,_T,_Z,_Z,_Z,2019,A,USD,
10342.900952,P1Y,0,,A,PU,_Z,2,,,False,WB_WDI,WB_WDI_NY_GDP_PCAP_CD,CHN,_T,_T,_T,_Z,_Z,_Z,2019,A,USD,
6472.545449,P1Y,0,,A,PU,_Z,2,,,False,WB_WDI,WB_WDI_NY_GDP_PCAP_CD,COL,_T,_T,_T,_Z,_Z,_Z,2019,A,USD,
1519.263864,P1Y,0,,A,PU,_Z,2,,,False,WB_WDI,WB_WDI_NY_GDP_PCAP_CD,COM,_T,_T,_T,_Z,_Z,_Z,2019,A,USD,
504.004191,P1Y,0,,A,PU,_Z,2,,,False,WB_WDI,WB_WDI_NY_GDP_PCAP_CD,COD,_T,_T,_T,_Z,_Z,_Z,2019,A,USD,
2488.424667,P1Y,0,,A,PU,_Z,2,,,False,WB_WDI,WB_WDI_NY_GDP_PCAP_CD,COG,_T,_T,_T,_Z,_Z,_Z,2019,A,USD,
12951.858842,P1Y,0,,A,PU,_Z,2,,,False,WB_WDI,WB_WDI_NY_GDP_PCAP_CD,CRI,_T,_T,_T,_Z,_Z,_Z,2019,A,USD,
4928.56659,P1Y,0,,A,PU,_Z,2,,,False,WB_WDI,WB_WDI_NY_GDP_PCAP_CD,BIH,_T,_T,_T,_Z,_Z,_Z,2016,A,USD,
6749.059943,P1Y,0,,A,PU,_Z,2,,,False,WB_WDI,WB_WDI_NY_GDP_PCAP_CD,BWA,_T,_T,_T,_Z,_Z,_Z,2016,A,USD,
8836.286527,P1Y,0,,A,PU,_Z,2,,,False,WB_WDI,WB_WDI_NY_GDP_PCAP_CD,BRA,_T,_T,_T,_Z,_Z,_Z,2016,A,USD,
26663.297295,P1Y,0,,A,PU,_Z,2,,,False,WB_WDI,WB_WDI_NY_GDP_PCAP_CD,BRN,_T,_T,_T,_Z,_Z,_Z,2016,A,USD,
7822.898864,P1Y,0,,A,PU,_Z,2,,,False,WB_WDI,WB_WDI_NY_GDP_PCAP_CD,BGR,_T,_T,_T,_Z,_Z,_Z,2016,A,USD,
663.742365,P1Y,0,,A,PU,_Z,2,,,False,WB_WDI,WB_WDI_NY_GDP_PCAP_CD,BFA,_T,_T,_T,_Z,_Z,_Z,2016,A,USD,
232.937812,P1Y,0,,A,PU,_Z,2,,,False,WB_WDI,WB_WDI_NY_GDP_PCAP_CD,BDI,_T,_T,_T,_Z,_Z,_Z,2016,A,USD,
3608.966052,P1Y,0,,A,PU,_Z,2,,,False,WB_WDI,WB_WDI_NY_GDP_PCAP_CD,CPV,_T,_T,_T,_Z,_Z,_Z,2016,A,USD,
1675.195557,P1Y,0,,A,PU,_Z,2,,,False,WB_WDI,WB_WDI_NY_GDP_PCAP_CD,KHM,_T,_T,_T,_Z,_Z,_Z,2016,A,USD,
1441.720173,P1Y,0,,A,PU,_Z,2,,,False,WB_WDI,WB_WDI_NY_GDP_PCAP_CD,CMR,_T,_T,_T,_Z,_Z,_Z,2016,A,USD,
1225.434012,P1Y,0,,A,PU,_Z,2,,,False,WB_WDI,WB_WDI_NY_GDP_PCAP_CD,PAK,_T,_T,_T,_Z,_Z,_Z,2013,A,USD,
12820.593162,P1Y,0,,A,PU,_Z,2,,,False,WB_WDI,WB_WDI_NY_GDP_PCAP_CD,PLW,_T,_T,_T,_Z,_Z,_Z,2013,A,USD,
12273.322504,P1Y,0,,A,PU,_Z,2,,,False,WB_WDI,WB_WDI_NY_GDP_PCAP_CD,PAN,_T,_T,_T,_Z,_Z,_Z,2013,A,USD,
2560.77459,P1Y,0,,A,PU,_Z,2,,,False,WB_WDI,WB_WDI_NY_GDP_PCAP_CD,PNG,_T,_T,_T,_Z,_Z,_Z,2013,A,USD,
6435.683427,P1Y,0,,A,PU,_Z,2,,,False,WB_WDI,WB_WDI_NY_GDP_PCAP_CD,PRY,_T,_T,_T,_Z,_Z,_Z,2013,A,USD,
6746.800257,P1Y,0,,A,PU,_Z,2,,,False,WB_WDI,WB_WDI_NY_GDP_PCAP_CD,PER,_T,_T,_T,_Z,_Z,_Z,2013,A,USD,
2781.279577,P1Y,0,,A,PU,_Z,2,,,False,WB_WDI,WB_WDI_NY_GDP_PCAP_CD,PHL,_T,_T,_T,_Z,_Z,_Z,2013,A,USD,
13621.902379,P1Y,0,,A,PU,_Z,2,,,False,WB_WDI,WB_WDI_NY_GDP_PCAP_CD,POL,_T,_T,_T,_Z,_Z,_Z,2013,A,USD,
21676.485964,P1Y,0,,A,PU,_Z,2,,,False,WB_WDI,WB_WDI_NY_GDP_PCAP_CD,PRT,_T,_T,_T,_Z,_Z,_Z,2013,A,USD,
28212.049974,P1Y,0,,A,PU,_Z,2,,,False,WB_WDI,WB_WDI_NY_GDP_PCAP_CD,PRI,_T,_T,_T,_Z,_Z,_Z,2013,A,USD,
103697.008372,P1Y,0,,A,PU,_Z,2,,,False,WB_WDI,WB_WDI_NY_GDP_PCAP_CD,QAT,_T,_T,_T,_Z,_Z,_Z,2013,A,USD,
1138.627808,P1Y,0,,A,PU,_Z,2,,,False,WB_WDI,WB_WDI_NY_GDP_PCAP_CD,SDN,_T,_T,_T,_Z,_Z,_Z,2013,A,USD,
9043.192815,P1Y,0,,A,PU,_Z,2,,,False,WB_WDI,WB_WDI_NY_GDP_PCAP_CD,SUR,_T,_T,_T,_Z,_Z,_Z,2013,A,USD,
60843.98888,P1Y,0,,A,PU,_Z,2,,,False,WB_WDI,WB_WDI_NY_GDP_PCAP_CD,SWE,_T,_T,_T,_Z,_Z,_Z,2013,A,USD,
88851.23745,P1Y,0,,A,PU,_Z,2,,,False,WB_WDI,WB_WDI_NY_GDP_PCAP_CD,CHE,_T,_T,_T,_Z,_Z,_Z,2013,A,USD,
985.892669,P1Y,0,,A,PU,_Z,2,,,False,WB_WDI,WB_WDI_NY_GDP_PCAP_CD,SYR,_T,_T,_T,_Z,_Z,_Z,2013,A,USD,
1028.197043,P1Y,0,,A,PU,_Z,2,,,False,WB_WDI,WB_WDI_NY_GDP_PCAP_CD,TJK,_T,_T,_T,_Z,_Z,_Z,2013,A,USD,
963.057129,P1Y,0,,A,PU,_Z,2,,,False,WB_WDI,WB_WDI_NY_GDP_PCAP_CD,TZA,_T,_T,_T,_Z,_Z,_Z,2013,A,USD,
6018.082447,P1Y,0,,A,PU,_Z,2,,,False,WB_WDI,WB_WDI_NY_GDP_PCAP_CD,THA,_T,_T,_T,_Z,_Z,_Z,2013,A,USD,
1204.568415,P1Y,0,,A,PU,_Z,2,,,False,WB_WDI,WB_WDI_NY_GDP_PCAP_CD,TLS,_T,_T,_T,_Z,_Z,_Z,2013,A,USD,
885.698523,P1Y,0,,A,PU,_Z,2,,,False,WB_WDI,WB_WDI_NY_GDP_PCAP_CD,TGO,_T,_T,_T,_Z,_Z,_Z,2013,A,USD,
4219.246701,P1Y,0,,A,PU,_Z,2,,,False,WB_WDI,WB_WDI_NY_GDP_PCAP_CD,TON,_T,_T,_T,_Z,_Z,_Z,2013,A,USD,
3852.118006,P1Y,0,,A,PU,_Z,2,,,False,WB_WDI,WB_WDI_NY_GDP_PCAP_CD,ARM,_T,_T,_T,_Z,_Z,_Z,2014,A,USD,
26129.839062,P1Y,0,,A,PU,_Z,2,,,False,WB_WDI,WB_WDI_NY_GDP_PCAP_CD,ABW,_T,_T,_T,_Z,_Z,_Z,2014,A,USD,
62817.206175,P1Y,0,,A,PU,_Z,2,,,False,WB_WDI,WB_WDI_NY_GDP_PCAP_CD,AUS,_T,_T,_T,_Z,_Z,_Z,2014,A,USD,
51314.972262,P1Y,0,,A,PU,_Z,2,,,False,WB_WDI,WB_WDI_NY_GDP_PCAP_CD,AUT,_T,_T,_T,_Z,_Z,_Z,2014,A,USD,
7890.840281,P1Y,0,,A,PU,_Z,2,,,False,WB_WDI,WB_WDI_NY_GDP_PCAP_CD,AZE,_T,_T,_T,_Z,_Z,_Z,2014,A,USD,
29137.217563,P1Y,0,,A,PU,_Z,2,,,False,WB_WDI,WB_WDI_NY_GDP_PCAP_CD,BHS,_T,_T,_T,_Z,_Z,_Z,2014,A,USD,
26451.796565,P1Y,0,,A,PU,_Z,2,,,False,WB_WDI,WB_WDI_NY_GDP_PCAP_CD,BHR,_T,_T,_T,_Z,_Z,_Z,2014,A,USD,
1094.461997,P1Y,0,,A,PU,_Z,2,,,False,WB_WDI,WB_WDI_NY_GDP_PCAP_CD,BGD,_T,_T,_T,_Z,_Z,_Z,2014,A,USD,
20423.717792,P1Y,0,,A,PU,_Z,2,,,False,WB_WDI,WB_WDI_NY_GDP_PCAP_CD,BRB,_T,_T,_T,_Z,_Z,_Z,2014,A,USD,
8341.318093,P1Y,0,,A,PU,_Z,2,,,False,WB_WDI,WB_WDI_NY_GDP_PCAP_CD,BLR,_T,_T,_T,_Z,_Z,_Z,2014,A,USD,
47995.778696,P1Y,0,,A,PU,_Z,2,,,False,WB_WDI,WB_WDI_NY_GDP_PCAP_CD,BEL,_T,_T,_T,_Z,_Z,_Z,2014,A,USD,
5644.206106,P1Y,0,,A,PU,_Z,2,,,False,WB_WDI,WB_WDI_NY_GDP_PCAP_CD,SUR,_T,_T,_T,_Z,_Z,_Z,2016,A,USD,
51703.508833,P1Y,0,,A,PU,_Z,2,,,False,WB_WDI,WB_WDI_NY_GDP_PCAP_CD,SWE,_T,_T,_T,_Z,_Z,_Z,2016,A,USD,
83432.41116,P1Y,0,,A,PU,_Z,2,,,False,WB_WDI,WB_WDI_NY_GDP_PCAP_CD,CHE,_T,_T,_T,_Z,_Z,_Z,2016,A,USD,
656.349018,P1Y,0,,A,PU,_Z,2,,,False,WB_WDI,WB_WDI_NY_GDP_PCAP_CD,SYR,_T,_T,_T,_Z,_Z,_Z,2016,A,USD,
788.710482,P1Y,0,,A,PU,_Z,2,,,False,WB_WDI,WB_WDI_NY_GDP_PCAP_CD,TJK,_T,_T,_T,_Z,_Z,_Z,2016,A,USD,
953.010742,P1Y,0,,A,PU,_Z,2,,,False,WB_WDI,WB_WDI_NY_GDP_PCAP_CD,TZA,_T,_T,_T,_Z,_Z,_Z,2016,A,USD,
5833.577156,P1Y,0,,A,PU,_Z,2,,,False,WB_WDI,WB_WDI_NY_GDP_PCAP_CD,THA,_T,_T,_T,_Z,_Z,_Z,2016,A,USD,
1335.543901,P1Y,0,,A,PU,_Z,2,,,False,WB_WDI,WB_WDI_NY_GDP_PCAP_CD,TLS,_T,_T,_T,_Z,_Z,_Z,2016,A,USD,
843.114204,P1Y,0,,A,PU,_Z,2,,,False,WB_WDI,WB_WDI_NY_GDP_PCAP_CD,TGO,_T,_T,_T,_Z,_Z,_Z,2016,A,USD,
3987.986188,P1Y,0,,A,PU,_Z,2,,,False,WB_WDI,WB_WDI_NY_GDP_PCAP_CD,TON,_T,_T,_T,_Z,_Z,_Z,2016,A,USD,
43733.624202,P1Y,0,,A,PU,_Z,2,,,False,WB_WDI,WB_WDI_NY_GDP_PCAP_CD,ARE,_T,_T,_T,_Z,_Z,_Z,2017,A,USD,
40918.052087,P1Y,0,,A,PU,_Z,2,,,False,WB_WDI,WB_WDI_NY_GDP_PCAP_CD,GBR,_T,_T,_T,_Z,_Z,_Z,2017,A,USD,
60047.719073,P1Y,0,,A,PU,_Z,2,,,False,WB_WDI,WB_WDI_NY_GDP_PCAP_CD,USA,_T,_T,_T,_Z,_Z,_Z,2017,A,USD,
19184.662611,P1Y,0,,A,PU,_Z,2,,,False,WB_WDI,WB_WDI_NY_GDP_PCAP_CD,URY,_T,_T,_T,_Z,_Z,_Z,2017,A,USD,
2271.473011,P1Y,0,,A,PU,_Z,2,,,False,WB_WDI,WB_WDI_NY_GDP_PCAP_CD,UZB,_T,_T,_T,_Z,_Z,_Z,2017,A,USD,
3585.317981,P1Y,0,,A,PU,_Z,2,,,False,WB_WDI,WB_WDI_NY_GDP_PCAP_CD,VUT,_T,_T,_T,_Z,_Z,_Z,2017,A,USD,
3791.63262,P1Y,0,,A,PU,_Z,2,,,False,WB_WDI,WB_WDI_NY_GDP_PCAP_CD,VEN,_T,_T,_T,_Z,_Z,_Z,2017,A,USD,
2956.109921,P1Y,0,,A,PU,_Z,2,,,False,WB_WDI,WB_WDI_NY_GDP_PCAP_CD,VNM,_T,_T,_T,_Z,_Z,_Z,2017,A,USD,
35365.069304,P1Y,0,,A,PU,_Z,2,,,False,WB_WDI,WB_WDI_NY_GDP_PCAP_CD,VIR,_T,_T,_T,_Z,_Z,_Z,2017,A,USD,
3620.360487,P1Y,0,,A,PU,_Z,2,,,False,WB_WDI,WB_WDI_NY_GDP_PCAP_CD,PSE,_T,_T,_T,_Z,_Z,_Z,2017,A,USD,
811.16597,P1Y,0,,A,PU,_Z,2,,,False,WB_WDI,WB_WDI_NY_GDP_PCAP_CD,YEM,_T,_T,_T,_Z,_Z,_Z,2017,A,USD,
1483.465773,P1Y,0,,A,PU,_Z,2,,,False,WB_WDI,WB_WDI_NY_GDP_PCAP_CD,ZMB,_T,_T,_T,_Z,_Z,_Z,2017,A,USD,
17449.15388,P1Y,0,,A,PU,_Z,2,,,False,WB_WDI,WB_WDI_NY_GDP_PCAP_CD,TTO,_T,_T,_T,_Z,_Z,_Z,2016,A,USD,
3847.803544,P1Y,0,,A,PU,_Z,2,,,False,WB_WDI,WB_WDI_NY_GDP_PCAP_CD,TUN,_T,_T,_T,_Z,_Z,_Z,2016,A,USD,
10984.364317,P1Y,0,,A,PU,_Z,2,,,False,WB_WDI,WB_WDI_NY_GDP_PCAP_CD,TUR,_T,_T,_T,_Z,_Z,_Z,2016,A,USD,
5238.008272,P1Y,0,,A,PU,_Z,2,,,False,WB_WDI,WB_WDI_NY_GDP_PCAP_CD,TKM,_T,_T,_T,_Z,_Z,_Z,2016,A,USD,
31373.561268,P1Y,0,,A,PU,_Z,2,,,False,WB_WDI,WB_WDI_NY_GDP_PCAP_CD,TCA,_T,_T,_T,_Z,_Z,_Z,2016,A,USD,
3808.69755,P1Y,0,,A,PU,_Z,2,,,False,WB_WDI,WB_WDI_NY_GDP_PCAP_CD,TUV,_T,_T,_T,_Z,_Z,_Z,2016,A,USD,
752.696572,P1Y,0,,A,PU,_Z,2,,,False,WB_WDI,WB_WDI_NY_GDP_PCAP_CD,UGA,_T,_T,_T,_Z,_Z,_Z,2016,A,USD,
2158.461182,P1Y,0,,A,PU,_Z,2,,,False,WB_WDI,WB_WDI_NY_GDP_PCAP_CD,UKR,_T,_T,_T,_Z,_Z,_Z,2016,A,USD,
42721.113611,P1Y,0,,A,PU,_Z,2,,,False,WB_WDI,WB_WDI_NY_GDP_PCAP_CD,ARE,_T,_T,_T,_Z,_Z,_Z,2016,A,USD,
41258.537429,P1Y,0,,A,PU,_Z,2,,,False,WB_WDI,WB_WDI_NY_GDP_PCAP_CD,GBR,_T,_T,_T,_Z,_Z,_Z,2016,A,USD,
57976.628204,P1Y,0,,A,PU,_Z,2,,,False,WB_WDI,WB_WDI_NY_GDP_PCAP_CD,USA,_T,_T,_T,_Z,_Z,_Z,2016,A,USD,
17009.758421,P1Y,0,,A,PU,_Z,2,,,False,WB_WDI,WB_WDI_NY_GDP_PCAP_CD,URY,_T,_T,_T,_Z,_Z,_Z,2016,A,USD,
4347.546103,P1Y,0,,A,PU,_Z,2,,,False,WB_WDI,WB_WDI_NY_GDP_PCAP_CD,MNG,_T,_T,_T,_Z,_Z,_Z,2019,A,USD,
8749.256297,P1Y,0,,A,PU,_Z,2,,,False,WB_WDI,WB_WDI_NY_GDP_PCAP_CD,MNE,_T,_T,_T,_Z,_Z,_Z,2019,A,USD,
3508.097656,P1Y,0,,A,PU,_Z,2,,,False,WB_WDI,WB_WDI_NY_GDP_PCAP_CD,MAR,_T,_T,_T,_Z,_Z,_Z,2019,A,USD,
519.092551,P1Y,0,,A,PU,_Z,2,,,False,WB_WDI,WB_WDI_NY_GDP_PCAP_CD,MOZ,_T,_T,_T,_Z,_Z,_Z,2019,A,USD,
1425.989542,P1Y,0,,A,PU,_Z,2,,,False,WB_WDI,WB_WDI_NY_GDP_PCAP_CD,MMR,_T,_T,_T,_Z,_Z,_Z,2019,A,USD,
4731.921032,P1Y,0,,A,PU,_Z,2,,,False,WB_WDI,WB_WDI_NY_GDP_PCAP_CD,NAM,_T,_T,_T,_Z,_Z,_Z,2019,A,USD,
10801.770566,P1Y,0,,A,PU,_Z,2,,,False,WB_WDI,WB_WDI_NY_GDP_PCAP_CD,NRU,_T,_T,_T,_Z,_Z,_Z,2019,A,USD,
1203.142947,P1Y,0,,A,PU,_Z,2,,,False,WB_WDI,WB_WDI_NY_GDP_PCAP_CD,NPL,_T,_T,_T,_Z,_Z,_Z,2019,A,USD,
53554.900749,P1Y,0,,A,PU,_Z,2,,,False,WB_WDI,WB_WDI_NY_GDP_PCAP_CD,NLD,_T,_T,_T,_Z,_Z,_Z,2019,A,USD,
33411.335884,P1Y,0,,A,PU,_Z,2,,,False,WB_WDI,WB_WDI_NY_GDP_PCAP_CD,NCL,_T,_T,_T,_Z,_Z,_Z,2019,A,USD,
42872.268124,P1Y,0,,A,PU,_Z,2,,,False,WB_WDI,WB_WDI_NY_GDP_PCAP_CD,NZL,_T,_T,_T,_Z,_Z,_Z,2019,A,USD,
1958.620515,P1Y,0,,A,PU,_Z,2,,,False,WB_WDI,WB_WDI_NY_GDP_PCAP_CD,NIC,_T,_T,_T,_Z,_Z,_Z,2019,A,USD,
873.198062,P1Y,0,,A,PU,_Z,2,,,False,WB_WDI,WB_WDI_NY_GDP_PCAP_CD,BFA,_T,_T,_T,_Z,_Z,_Z,2023,A,USD,
249.795164,P1Y,0,,A,PU,_Z,2,,,False,WB_WDI,WB_WDI_NY_GDP_PCAP_CD,BDI,_T,_T,_T,_Z,_Z,_Z,2023,A,USD,
4794.901198,P1Y,0,,A,PU,_Z,2,,,False,WB_WDI,WB_WDI_NY_GDP_PCAP_CD,CPV,_T,_T,_T,_Z,_Z,_Z,2023,A,USD,
2429.748535,P1Y,0,,A,PU,_Z,2,,,False,WB_WDI,WB_WDI_NY_GDP_PCAP_CD,KHM,_T,_T,_T,_Z,_Z,_Z,2023,A,USD,
1720.475102,P1Y,0,,A,PU,_Z,2,,,False,WB_WDI,WB_WDI_NY_GDP_PCAP_CD,CMR,_T,_T,_T,_Z,_Z,_Z,2023,A,USD,
54847.537011,P1Y,0,,A,PU,_Z,2,,,False,WB_WDI,WB_WDI_NY_GDP_PCAP_CD,CAN,_T,_T,_T,_Z,_Z,_Z,2023,A,USD,
100065.233841,P1Y,0,,A,PU,_Z,2,,,False,WB_WDI,WB_WDI_NY_GDP_PCAP_CD,CYM,_T,_T,_T,_Z,_Z,_Z,2023,A,USD,
495.978897,P1Y,0,,A,PU,_Z,2,,,False,WB_WDI,WB_WDI_NY_GDP_PCAP_CD,CAF,_T,_T,_T,_Z,_Z,_Z,2023,A,USD,
949.991054,P1Y,0,,A,PU,_Z,2,,,False,WB_WDI,WB_WDI_NY_GDP_PCAP_CD,TCD,_T,_T,_T,_Z,_Z,_Z,2023,A,USD,
74585.52241,P1Y,0,,A,PU,_Z,2,,,True,WB_WDI,WB_WDI_NY_GDP_PCAP_CD,CHI,_T,_T,_T,_Z,_Z,_Z,2023,A,USD,
17081.518074,P1Y,0,,A,PU,_Z,2,,,False,WB_WDI,WB_WDI_NY_GDP_PCAP_CD,CHL,_T,_T,_T,_Z,_Z,_Z,2023,A,USD,
12951.17824,P1Y,0,,A,PU,_Z,2,,,False,WB_WDI,WB_WDI_NY_GDP_PCAP_CD,CHN,_T,_T,_T,_Z,_Z,_Z,2023,A,USD,
7012.491691,P1Y,0,,A,PU,_Z,2,,,False,WB_WDI,WB_WDI_NY_GDP_PCAP_CD,COL,_T,_T,_T,_Z,_Z,_Z,2023,A,USD,
1723.894749,P1Y,0,,A,PU,_Z,2,,,False,WB_WDI,WB_WDI_NY_GDP_PCAP_CD,COM,_T,_T,_T,_Z,_Z,_Z,2023,A,USD,
6071.854518,P1Y,0,,A,PU,_Z,2,,,False,WB_WDI,WB_WDI_NY_GDP_PCAP_CD,BLZ,_T,_T,_T,_Z,_Z,_Z,2017,A,USD,
1054.974081,P1Y,0,,A,PU,_Z,2,,,False,WB_WDI,WB_WDI_NY_GDP_PCAP_CD,BEN,_T,_T,_T,_Z,_Z,_Z,2017,A,USD,
112339.425587,P1Y,0,,A,PU,_Z,2,,,False,WB_WDI,WB_WDI_NY_GDP_PCAP_CD,BMU,_T,_T,_T,_Z,_Z,_Z,2017,A,USD,
3435.288047,P1Y,0,,A,PU,_Z,2,,,False,WB_WDI,WB_WDI_NY_GDP_PCAP_CD,BTN,_T,_T,_T,_Z,_Z,_Z,2017,A,USD,
4048.401197,P1Y,0,,A,PU,_Z,2,,,False,WB_WDI,WB_WDI_NY_GDP_PCAP_CD,BOL,_T,_T,_T,_Z,_Z,_Z,2017,A,USD,
5345.019788,P1Y,0,,A,PU,_Z,2,,,False,WB_WDI,WB_WDI_NY_GDP_PCAP_CD,BIH,_T,_T,_T,_Z,_Z,_Z,2017,A,USD,
7104.964011,P1Y,0,,A,PU,_Z,2,,,False,WB_WDI,WB_WDI_NY_GDP_PCAP_CD,BWA,_T,_T,_T,_Z,_Z,_Z,2017,A,USD,
10080.509282,P1Y,0,,A,PU,_Z,2,,,False,WB_WDI,WB_WDI_NY_GDP_PCAP_CD,BRA,_T,_T,_T,_Z,_Z,_Z,2017,A,USD,
28024.382458,P1Y,0,,A,PU,_Z,2,,,False,WB_WDI,WB_WDI_NY_GDP_PCAP_CD,BRN,_T,_T,_T,_Z,_Z,_Z,2017,A,USD,
8697.133733,P1Y,0,,A,PU,_Z,2,,,False,WB_WDI,WB_WDI_NY_GDP_PCAP_CD,BGR,_T,_T,_T,_Z,_Z,_Z,2017,A,USD,
6479.532313,P1Y,0,,A,PU,_Z,2,,,False,WB_WDI,WB_WDI_NY_GDP_PCAP_CD,COL,_T,_T,_T,_Z,_Z,_Z,2017,A,USD,
1423.924803,P1Y,0,,A,PU,_Z,2,,,False,WB_WDI,WB_WDI_NY_GDP_PCAP_CD,COM,_T,_T,_T,_Z,_Z,_Z,2017,A,USD,
431.052559,P1Y,0,,A,PU,_Z,2,,,False,WB_WDI,WB_WDI_NY_GDP_PCAP_CD,COD,_T,_T,_T,_Z,_Z,_Z,2017,A,USD,
2211.633099,P1Y,0,,A,PU,_Z,2,,,False,WB_WDI,WB_WDI_NY_GDP_PCAP_CD,COG,_T,_T,_T,_Z,_Z,_Z,2017,A,USD,
12317.090278,P1Y,0,,A,PU,_Z,2,,,False,WB_WDI,WB_WDI_NY_GDP_PCAP_CD,CRI,_T,_T,_T,_Z,_Z,_Z,2017,A,USD,
1964.299303,P1Y,0,,A,PU,_Z,2,,,False,WB_WDI,WB_WDI_NY_GDP_PCAP_CD,CIV,_T,_T,_T,_Z,_Z,_Z,2017,A,USD,
13901.649866,P1Y,0,,A,PU,_Z,2,,,False,WB_WDI,WB_WDI_NY_GDP_PCAP_CD,HRV,_T,_T,_T,_Z,_Z,_Z,2017,A,USD,
8610.608296,P1Y,0,,A,PU,_Z,2,,,False,WB_WDI,WB_WDI_NY_GDP_PCAP_CD,CUB,_T,_T,_T,_Z,_Z,_Z,2017,A,USD,
18938.244047,P1Y,0,,A,PU,_Z,2,,,False,WB_WDI,WB_WDI_NY_GDP_PCAP_CD,CUW,_T,_T,_T,_Z,_Z,_Z,2017,A,USD,
26247.464844,P1Y,0,,A,PU,_Z,2,,,False,WB_WDI,WB_WDI_NY_GDP_PCAP_CD,CYP,_T,_T,_T,_Z,_Z,_Z,2017,A,USD,
20913.197632,P1Y,0,,A,PU,_Z,2,,,False,WB_WDI,WB_WDI_NY_GDP_PCAP_CD,CZE,_T,_T,_T,_Z,_Z,_Z,2017,A,USD,
1098.066679,P1Y,0,,A,PU,_Z,2,,,False,WB_WDI,WB_WDI_NY_GDP_PCAP_CD,SYR,_T,_T,_T,_Z,_Z,_Z,2018,A,USD,
834.288405,P1Y,0,,A,PU,_Z,2,,,False,WB_WDI,WB_WDI_NY_GDP_PCAP_CD,TJK,_T,_T,_T,_Z,_Z,_Z,2018,A,USD,
1023.106262,P1Y,0,,A,PU,_Z,2,,,False,WB_WDI,WB_WDI_NY_GDP_PCAP_CD,TZA,_T,_T,_T,_Z,_Z,_Z,2018,A,USD,
7099.776501,P1Y,0,,A,PU,_Z,2,,,False,WB_WDI,WB_WDI_NY_GDP_PCAP_CD,THA,_T,_T,_T,_Z,_Z,_Z,2018,A,USD,
1219.465986,P1Y,0,,A,PU,_Z,2,,,False,WB_WDI,WB_WDI_NY_GDP_PCAP_CD,TLS,_T,_T,_T,_Z,_Z,_Z,2018,A,USD,
942.480774,P1Y,0,,A,PU,_Z,2,,,False,WB_WDI,WB_WDI_NY_GDP_PCAP_CD,TGO,_T,_T,_T,_Z,_Z,_Z,2018,A,USD,
4675.04776,P1Y,0,,A,PU,_Z,2,,,False,WB_WDI,WB_WDI_NY_GDP_PCAP_CD,TON,_T,_T,_T,_Z,_Z,_Z,2018,A,USD,
17571.498737,P1Y,0,,A,PU,_Z,2,,,False,WB_WDI,WB_WDI_NY_GDP_PCAP_CD,TTO,_T,_T,_T,_Z,_Z,_Z,2018,A,USD,
3628.103665,P1Y,0,,A,PU,_Z,2,,,False,WB_WDI,WB_WDI_NY_GDP_PCAP_CD,TUN,_T,_T,_T,_Z,_Z,_Z,2018,A,USD,
9684.118199,P1Y,0,,A,PU,_Z,2,,,False,WB_WDI,WB_WDI_NY_GDP_PCAP_CD,TUR,_T,_T,_T,_Z,_Z,_Z,2018,A,USD,
3911.985573,P1Y,0,,A,PU,_Z,2,,,False,WB_WDI,WB_WDI_NY_GDP_PCAP_CD,TKM,_T,_T,_T,_Z,_Z,_Z,2018,A,USD,
31625.616593,P1Y,0,,A,PU,_Z,2,,,False,WB_WDI,WB_WDI_NY_GDP_PCAP_CD,TCA,_T,_T,_T,_Z,_Z,_Z,2018,A,USD,
2997.937199,P1Y,0,,A,PU,_Z,2,,,False,WB_WDI,WB_WDI_NY_GDP_PCAP_CD,FSM,_T,_T,_T,_Z,_Z,_Z,2016,A,USD,
2847.087948,P1Y,0,,A,PU,_Z,2,,,False,WB_WDI,WB_WDI_NY_GDP_PCAP_CD,MDA,_T,_T,_T,_Z,_Z,_Z,2016,A,USD,
173604.669723,P1Y,0,,A,PU,_Z,2,,,False,WB_WDI,WB_WDI_NY_GDP_PCAP_CD,MCO,_T,_T,_T,_Z,_Z,_Z,2016,A,USD,
3619.900264,P1Y,0,,A,PU,_Z,2,,,False,WB_WDI,WB_WDI_NY_GDP_PCAP_CD,MNG,_T,_T,_T,_Z,_Z,_Z,2016,A,USD,
6968.012029,P1Y,0,,A,PU,_Z,2,,,False,WB_WDI,WB_WDI_NY_GDP_PCAP_CD,MNE,_T,_T,_T,_Z,_Z,_Z,2016,A,USD,
3140.855469,P1Y,0,,A,PU,_Z,2,,,False,WB_WDI,WB_WDI_NY_GDP_PCAP_CD,MAR,_T,_T,_T,_Z,_Z,_Z,2016,A,USD,
441.489735,P1Y,0,,A,PU,_Z,2,,,False,WB_WDI,WB_WDI_NY_GDP_PCAP_CD,MOZ,_T,_T,_T,_Z,_Z,_Z,2016,A,USD,
1229.197135,P1Y,0,,A,PU,_Z,2,,,False,WB_WDI,WB_WDI_NY_GDP_PCAP_CD,MMR,_T,_T,_T,_Z,_Z,_Z,2016,A,USD,
4395.687762,P1Y,0,,A,PU,_Z,2,,,False,WB_WDI,WB_WDI_NY_GDP_PCAP_CD,NAM,_T,_T,_T,_Z,_Z,_Z,2016,A,USD,
8748.156326,P1Y,0,,A,PU,_Z,2,,,False,WB_WDI,WB_WDI_NY_GDP_PCAP_CD,NRU,_T,_T,_T,_Z,_Z,_Z,2016,A,USD,
877.256455,P1Y,0,,A,PU,_Z,2,,,False,WB_WDI,WB_WDI_NY_GDP_PCAP_CD,NPL,_T,_T,_T,_Z,_Z,_Z,2016,A,USD,
62799.389502,P1Y,0,,A,PU,_Z,2,,,False,WB_WDI,WB_WDI_NY_GDP_PCAP_CD,AUS,_T,_T,_T,_Z,_Z,_Z,2011,A,USD,
51116.895352,P1Y,0,,A,PU,_Z,2,,,False,WB_WDI,WB_WDI_NY_GDP_PCAP_CD,AUT,_T,_T,_T,_Z,_Z,_Z,2011,A,USD,
7189.818692,P1Y,0,,A,PU,_Z,2,,,False,WB_WDI,WB_WDI_NY_GDP_PCAP_CD,AZE,_T,_T,_T,_Z,_Z,_Z,2011,A,USD,
27090.83768,P1Y,0,,A,PU,_Z,2,,,False,WB_WDI,WB_WDI_NY_GDP_PCAP_CD,BHS,_T,_T,_T,_Z,_Z,_Z,2011,A,USD,
25032.786774,P1Y,0,,A,PU,_Z,2,,,False,WB_WDI,WB_WDI_NY_GDP_PCAP_CD,BHR,_T,_T,_T,_Z,_Z,_Z,2011,A,USD,
837.336945,P1Y,0,,A,PU,_Z,2,,,False,WB_WDI,WB_WDI_NY_GDP_PCAP_CD,BGD,_T,_T,_T,_Z,_Z,_Z,2011,A,USD,
20146.238126,P1Y,0,,A,PU,_Z,2,,,False,WB_WDI,WB_WDI_NY_GDP_PCAP_CD,BRB,_T,_T,_T,_Z,_Z,_Z,2011,A,USD,
6527.659343,P1Y,0,,A,PU,_Z,2,,,False,WB_WDI,WB_WDI_NY_GDP_PCAP_CD,BLR,_T,_T,_T,_Z,_Z,_Z,2011,A,USD,
47760.829878,P1Y,0,,A,PU,_Z,2,,,False,WB_WDI,WB_WDI_NY_GDP_PCAP_CD,BEL,_T,_T,_T,_Z,_Z,_Z,2011,A,USD,
5596.052222,P1Y,0,,A,PU,_Z,2,,,False,WB_WDI,WB_WDI_NY_GDP_PCAP_CD,BLZ,_T,_T,_T,_Z,_Z,_Z,2011,A,USD,
1059.413589,P1Y,0,,A,PU,_Z,2,,,False,WB_WDI,WB_WDI_NY_GDP_PCAP_CD,BEN,_T,_T,_T,_Z,_Z,_Z,2011,A,USD,
2696.672509,P1Y,0,,A,PU,_Z,2,,,False,WB_WDI,WB_WDI_NY_GDP_PCAP_CD,ARB,_T,_T,_T,_Z,_Z,_Z,2003,A,USD,
7551.089834,P1Y,0,,A,PU,_Z,2,,,False,WB_WDI,WB_WDI_NY_GDP_PCAP_CD,CSS,_T,_T,_T,_Z,_Z,_Z,2003,A,USD,
5828.296601,P1Y,0,,A,PU,_Z,2,,,False,WB_WDI,WB_WDI_NY_GDP_PCAP_CD,CEB,_T,_T,_T,_Z,_Z,_Z,2003,A,USD,
1368.429992,P1Y,0,,A,PU,_Z,2,,,False,WB_WDI,WB_WDI_NY_GDP_PCAP_CD,EAR,_T,_T,_T,_Z,_Z,_Z,2003,A,USD,
4188.4628,P1Y,0,,A,PU,_Z,2,,,False,WB_WDI,WB_WDI_NY_GDP_PCAP_CD,EAS,_T,_T,_T,_Z,_Z,_Z,2003,A,USD,
1251.277715,P1Y,0,,A,PU,_Z,2,,,False,WB_WDI,WB_WDI_NY_GDP_PCAP_CD,EAP,_T,_T,_T,_Z,_Z,_Z,2003,A,USD,
1266.107789,P1Y,0,,A,PU,_Z,2,,,False,WB_WDI,WB_WDI_NY_GDP_PCAP_CD,TEA,_T,_T,_T,_Z,_Z,_Z,2003,A,USD,
26413.876787,P1Y,0,,A,PU,_Z,2,,,False,WB_WDI,WB_WDI_NY_GDP_PCAP_CD,EMU,_T,_T,_T,_Z,_Z,_Z,2003,A,USD,
15575.04178,P1Y,0,,A,PU,_Z,2,,,False,WB_WDI,WB_WDI_NY_GDP_PCAP_CD,ECS,_T,_T,_T,_Z,_Z,_Z,2003,A,USD,
2249.779066,P1Y,0,,A,PU,_Z,2,,,False,WB_WDI,WB_WDI_NY_GDP_PCAP_CD,ECA,_T,_T,_T,_Z,_Z,_Z,2003,A,USD,
2879.671495,P1Y,0,,A,PU,_Z,2,,,False,WB_WDI,WB_WDI_NY_GDP_PCAP_CD,TEC,_T,_T,_T,_Z,_Z,_Z,2003,A,USD,
22991.236774,P1Y,0,,A,PU,_Z,2,,,False,WB_WDI,WB_WDI_NY_GDP_PCAP_CD,EUU,_T,_T,_T,_Z,_Z,_Z,2003,A,USD,
413.081573,P1Y,0,,A,PU,_Z,2,,,False,WB_WDI,WB_WDI_NY_GDP_PCAP_CD,HPC,_T,_T,_T,_Z,_Z,_Z,2003,A,USD,
25642.099866,P1Y,0,,A,PU,_Z,2,,,False,WB_WDI,WB_WDI_NY_GDP_PCAP_CD,HIC,_T,_T,_T,_Z,_Z,_Z,2003,A,USD,
607.256208,P1Y,0,,A,PU,_Z,2,,,False,WB_WDI,WB_WDI_NY_GDP_PCAP_CD,LIC,_T,_T,_T,_Z,_Z,_Z,2007,A,USD,
1194.21832,P1Y,0,,A,PU,_Z,2,,,False,WB_WDI,WB_WDI_NY_GDP_PCAP_CD,LMC,_T,_T,_T,_Z,_Z,_Z,2007,A,USD,
4009.653854,P1Y,0,,A,PU,_Z,2,,,False,WB_WDI,WB_WDI_NY_GDP_PCAP_CD,MEA,_T,_T,_T,_Z,_Z,_Z,2007,A,USD,
2237.261907,P1Y,0,,A,PU,_Z,2,,,False,WB_WDI,WB_WDI_NY_GDP_PCAP_CD,MNA,_T,_T,_T,_Z,_Z,_Z,2007,A,USD,
2240.988391,P1Y,0,,A,PU,_Z,2,,,False,WB_WDI,WB_WDI_NY_GDP_PCAP_CD,TMN,_T,_T,_T,_Z,_Z,_Z,2007,A,USD,
2613.049072,P1Y,0,,A,PU,_Z,2,,,False,WB_WDI,WB_WDI_NY_GDP_PCAP_CD,MIC,_T,_T,_T,_Z,_Z,_Z,2007,A,USD,
47727.773381,P1Y,0,,A,PU,_Z,2,,,False,WB_WDI,WB_WDI_NY_GDP_PCAP_CD,NAC,_T,_T,_T,_Z,_Z,_Z,2007,A,USD,
34523.815128,P1Y,0,,A,PU,_Z,2,,,False,WB_WDI,WB_WDI_NY_GDP_PCAP_CD,OED,_T,_T,_T,_Z,_Z,_Z,2007,A,USD,
10758.813622,P1Y,0,,A,PU,_Z,2,,,False,WB_WDI,WB_WDI_NY_GDP_PCAP_CD,OSS,_T,_T,_T,_Z,_Z,_Z,2007,A,USD,
2817.989694,P1Y,0,,A,PU,_Z,2,,,False,WB_WDI,WB_WDI_NY_GDP_PCAP_CD,PSS,_T,_T,_T,_Z,_Z,_Z,2007,A,USD,
38925.451499,P1Y,0,,A,PU,_Z,2,,,False,WB_WDI,WB_WDI_NY_GDP_PCAP_CD,PST,_T,_T,_T,_Z,_Z,_Z,2007,A,USD,
1174.150158,P1Y,0,,A,PU,_Z,2,,,False,WB_WDI,WB_WDI_NY_GDP_PCAP_CD,PRE,_T,_T,_T,_Z,_Z,_Z,2007,A,USD,
10056.411335,P1Y,0,,A,PU,_Z,2,,,False,WB_WDI,WB_WDI_NY_GDP_PCAP_CD,SST,_T,_T,_T,_Z,_Z,_Z,2007,A,USD,
967.697912,P1Y,0,,A,PU,_Z,2,,,False,WB_WDI,WB_WDI_NY_GDP_PCAP_CD,SAS,_T,_T,_T,_Z,_Z,_Z,2007,A,USD,
4309.135093,P1Y,0,,A,PU,_Z,2,,,False,WB_WDI,WB_WDI_NY_GDP_PCAP_CD,THA,_T,_T,_T,_Z,_Z,_Z,2008,A,USD,
628.153219,P1Y,0,,A,PU,_Z,2,,,False,WB_WDI,WB_WDI_NY_GDP_PCAP_CD,TLS,_T,_T,_T,_Z,_Z,_Z,2008,A,USD,
771.35119,P1Y,0,,A,PU,_Z,2,,,False,WB_WDI,WB_WDI_NY_GDP_PCAP_CD,TGO,_T,_T,_T,_Z,_Z,_Z,2008,A,USD,
3218.45304,P1Y,0,,A,PU,_Z,2,,,False,WB_WDI,WB_WDI_NY_GDP_PCAP_CD,TON,_T,_T,_T,_Z,_Z,_Z,2008,A,USD,
21298.994526,P1Y,0,,A,PU,_Z,2,,,False,WB_WDI,WB_WDI_NY_GDP_PCAP_CD,TTO,_T,_T,_T,_Z,_Z,_Z,2008,A,USD,
4255.05008,P1Y,0,,A,PU,_Z,2,,,False,WB_WDI,WB_WDI_NY_GDP_PCAP_CD,TUN,_T,_T,_T,_Z,_Z,_Z,2008,A,USD,
10913.407905,P1Y,0,,A,PU,_Z,2,,,False,WB_WDI,WB_WDI_NY_GDP_PCAP_CD,TUR,_T,_T,_T,_Z,_Z,_Z,2008,A,USD,
3605.503951,P1Y,0,,A,PU,_Z,2,,,False,WB_WDI,WB_WDI_NY_GDP_PCAP_CD,TKM,_T,_T,_T,_Z,_Z,_Z,2008,A,USD,
31453.822875,P1Y,0,,A,PU,_Z,2,,,False,WB_WDI,WB_WDI_NY_GDP_PCAP_CD,TCA,_T,_T,_T,_Z,_Z,_Z,2008,A,USD,
3088.308774,P1Y,0,,A,PU,_Z,2,,,False,WB_WDI,WB_WDI_NY_GDP_PCAP_CD,TUV,_T,_T,_T,_Z,_Z,_Z,2008,A,USD,
472.842681,P1Y,0,,A,PU,_Z,2,,,False,WB_WDI,WB_WDI_NY_GDP_PCAP_CD,UGA,_T,_T,_T,_Z,_Z,_Z,2008,A,USD,
4017.806641,P1Y,0,,A,PU,_Z,2,,,False,WB_WDI,WB_WDI_NY_GDP_PCAP_CD,UKR,_T,_T,_T,_Z,_Z,_Z,2008,A,USD,
4461.751962,P1Y,0,,A,PU,_Z,2,,,False,WB_WDI,WB_WDI_NY_GDP_PCAP_CD,IRQ,_T,_T,_T,_Z,_Z,_Z,2010,A,USD,
48623.966642,P1Y,0,,A,PU,_Z,2,,,False,WB_WDI,WB_WDI_NY_GDP_PCAP_CD,IRL,_T,_T,_T,_Z,_Z,_Z,2010,A,USD,
70587.314028,P1Y,0,,A,PU,_Z,2,,,False,WB_WDI,WB_WDI_NY_GDP_PCAP_CD,IMN,_T,_T,_T,_Z,_Z,_Z,2010,A,USD,
31398.926693,P1Y,0,,A,PU,_Z,2,,,False,WB_WDI,WB_WDI_NY_GDP_PCAP_CD,ISR,_T,_T,_T,_Z,_Z,_Z,2010,A,USD,
35856.862549,P1Y,0,,A,PU,_Z,2,,,False,WB_WDI,WB_WDI_NY_GDP_PCAP_CD,ITA,_T,_T,_T,_Z,_Z,_Z,2010,A,USD,
4809.97738,P1Y,0,,A,PU,_Z,2,,,False,WB_WDI,WB_WDI_NY_GDP_PCAP_CD,JAM,_T,_T,_T,_Z,_Z,_Z,2010,A,USD,
45378.137811,P1Y,0,,A,PU,_Z,2,,,False,WB_WDI,WB_WDI_NY_GDP_PCAP_CD,JPN,_T,_T,_T,_Z,_Z,_Z,2010,A,USD,
4139.042832,P1Y,0,,A,PU,_Z,2,,,False,WB_WDI,WB_WDI_NY_GDP_PCAP_CD,JOR,_T,_T,_T,_Z,_Z,_Z,2010,A,USD,
8793.0759,P1Y,0,,A,PU,_Z,2,,,False,WB_WDI,WB_WDI_NY_GDP_PCAP_CD,KAZ,_T,_T,_T,_Z,_Z,_Z,2010,A,USD,
1091.518731,P1Y,0,,A,PU,_Z,2,,,False,WB_WDI,WB_WDI_NY_GDP_PCAP_CD,KEN,_T,_T,_T,_Z,_Z,_Z,2010,A,USD,
1522.100687,P1Y,0,,A,PU,_Z,2,,,False,WB_WDI,WB_WDI_NY_GDP_PCAP_CD,KIR,_T,_T,_T,_Z,_Z,_Z,2010,A,USD,
24071.262053,P1Y,0,,A,PU,_Z,2,,,False,WB_WDI,WB_WDI_NY_GDP_PCAP_CD,KOR,_T,_T,_T,_Z,_Z,_Z,2010,A,USD,
4773.401775,P1Y,0,,A,PU,_Z,2,,,False,WB_WDI,WB_WDI_NY_GDP_PCAP_CD,CHL,_T,_T,_T,_Z,_Z,_Z,2003,A,USD,
1306.972454,P1Y,0,,A,PU,_Z,2,,,False,WB_WDI,WB_WDI_NY_GDP_PCAP_CD,CHN,_T,_T,_T,_Z,_Z,_Z,2003,A,USD,
2311.942188,P1Y,0,,A,PU,_Z,2,,,False,WB_WDI,WB_WDI_NY_GDP_PCAP_CD,COL,_T,_T,_T,_Z,_Z,_Z,2003,A,USD,
959.691049,P1Y,0,,A,PU,_Z,2,,,False,WB_WDI,WB_WDI_NY_GDP_PCAP_CD,COM,_T,_T,_T,_Z,_Z,_Z,2003,A,USD,
161.491554,P1Y,0,,A,PU,_Z,2,,,False,WB_WDI,WB_WDI_NY_GDP_PCAP_CD,COD,_T,_T,_T,_Z,_Z,_Z,2003,A,USD,
1016.823634,P1Y,0,,A,PU,_Z,2,,,False,WB_WDI,WB_WDI_NY_GDP_PCAP_CD,COG,_T,_T,_T,_Z,_Z,_Z,2003,A,USD,
4173.148538,P1Y,0,,A,PU,_Z,2,,,False,WB_WDI,WB_WDI_NY_GDP_PCAP_CD,CRI,_T,_T,_T,_Z,_Z,_Z,2003,A,USD,
1111.171351,P1Y,0,,A,PU,_Z,2,,,False,WB_WDI,WB_WDI_NY_GDP_PCAP_CD,CIV,_T,_T,_T,_Z,_Z,_Z,2003,A,USD,
8189.990593,P1Y,0,,A,PU,_Z,2,,,False,WB_WDI,WB_WDI_NY_GDP_PCAP_CD,HRV,_T,_T,_T,_Z,_Z,_Z,2003,A,USD,
3202.781099,P1Y,0,,A,PU,_Z,2,,,False,WB_WDI,WB_WDI_NY_GDP_PCAP_CD,CUB,_T,_T,_T,_Z,_Z,_Z,2003,A,USD,
16695.735114,P1Y,0,,A,PU,_Z,2,,,False,WB_WDI,WB_WDI_NY_GDP_PCAP_CD,CUW,_T,_T,_T,_Z,_Z,_Z,2003,A,USD,
20252.246094,P1Y,0,,A,PU,_Z,2,,,False,WB_WDI,WB_WDI_NY_GDP_PCAP_CD,CYP,_T,_T,_T,_Z,_Z,_Z,2003,A,USD,
9852.456779,P1Y,0,,A,PU,_Z,2,,,False,WB_WDI,WB_WDI_NY_GDP_PCAP_CD,CZE,_T,_T,_T,_Z,_Z,_Z,2003,A,USD,
6053.47287,P1Y,0,,A,PU,_Z,2,,,False,WB_WDI,WB_WDI_NY_GDP_PCAP_CD,IBD,_T,_T,_T,_Z,_Z,_Z,2017,A,USD,
4833.029701,P1Y,0,,A,PU,_Z,2,,,False,WB_WDI,WB_WDI_NY_GDP_PCAP_CD,IBT,_T,_T,_T,_Z,_Z,_Z,2017,A,USD,
1808.866741,P1Y,0,,A,PU,_Z,2,,,False,WB_WDI,WB_WDI_NY_GDP_PCAP_CD,IDB,_T,_T,_T,_Z,_Z,_Z,2017,A,USD,
1111.668192,P1Y,0,,A,PU,_Z,2,,,False,WB_WDI,WB_WDI_NY_GDP_PCAP_CD,IDX,_T,_T,_T,_Z,_Z,_Z,2017,A,USD,
1357.477895,P1Y,0,,A,PU,_Z,2,,,False,WB_WDI,WB_WDI_NY_GDP_PCAP_CD,IDA,_T,_T,_T,_Z,_Z,_Z,2017,A,USD,
9138.441514,P1Y,0,,A,PU,_Z,2,,,False,WB_WDI,WB_WDI_NY_GDP_PCAP_CD,LTE,_T,_T,_T,_Z,_Z,_Z,2017,A,USD,
9065.823902,P1Y,0,,A,PU,_Z,2,,,False,WB_WDI,WB_WDI_NY_GDP_PCAP_CD,LCN,_T,_T,_T,_Z,_Z,_Z,2017,A,USD,
8568.05689,P1Y,0,,A,PU,_Z,2,,,False,WB_WDI,WB_WDI_NY_GDP_PCAP_CD,LAC,_T,_T,_T,_Z,_Z,_Z,2017,A,USD,
8918.585156,P1Y,0,,A,PU,_Z,2,,,False,WB_WDI,WB_WDI_NY_GDP_PCAP_CD,TLA,_T,_T,_T,_Z,_Z,_Z,2017,A,USD,
1037.255148,P1Y,0,,A,PU,_Z,2,,,False,WB_WDI,WB_WDI_NY_GDP_PCAP_CD,LDC,_T,_T,_T,_Z,_Z,_Z,2017,A,USD,
4543.086893,P1Y,0,,A,PU,_Z,2,,,False,WB_WDI,WB_WDI_NY_GDP_PCAP_CD,LMY,_T,_T,_T,_Z,_Z,_Z,2017,A,USD,
644.852309,P1Y,0,,A,PU,_Z,2,,,False,WB_WDI,WB_WDI_NY_GDP_PCAP_CD,LIC,_T,_T,_T,_Z,_Z,_Z,2017,A,USD,
1943.048622,P1Y,0,,A,PU,_Z,2,,,False,WB_WDI,WB_WDI_NY_GDP_PCAP_CD,LMC,_T,_T,_T,_Z,_Z,_Z,2017,A,USD,
52596.225016,P1Y,0,,A,PU,_Z,2,,,False,WB_WDI,WB_WDI_NY_GDP_PCAP_CD,MAC,_T,_T,_T,_Z,_Z,_Z,2010,A,USD,
450.009392,P1Y,0,,A,PU,_Z,2,,,False,WB_WDI,WB_WDI_NY_GDP_PCAP_CD,MDG,_T,_T,_T,_Z,_Z,_Z,2010,A,USD,
683.124695,P1Y,0,,A,PU,_Z,2,,,False,WB_WDI,WB_WDI_NY_GDP_PCAP_CD,MWI,_T,_T,_T,_Z,_Z,_Z,2010,A,USD,
8899.345055,P1Y,0,,A,PU,_Z,2,,,False,WB_WDI,WB_WDI_NY_GDP_PCAP_CD,MYS,_T,_T,_T,_Z,_Z,_Z,2010,A,USD,
7173.596018,P1Y,0,,A,PU,_Z,2,,,False,WB_WDI,WB_WDI_NY_GDP_PCAP_CD,MDV,_T,_T,_T,_Z,_Z,_Z,2010,A,USD,
797.151541,P1Y,0,,A,PU,_Z,2,,,False,WB_WDI,WB_WDI_NY_GDP_PCAP_CD,MLI,_T,_T,_T,_Z,_Z,_Z,2010,A,USD,
21946.607307,P1Y,0,,A,PU,_Z,2,,,False,WB_WDI,WB_WDI_NY_GDP_PCAP_CD,MLT,_T,_T,_T,_Z,_Z,_Z,2010,A,USD,
3095.45769,P1Y,0,,A,PU,_Z,2,,,False,WB_WDI,WB_WDI_NY_GDP_PCAP_CD,MHL,_T,_T,_T,_Z,_Z,_Z,2010,A,USD,
1659.963697,P1Y,0,,A,PU,_Z,2,,,False,WB_WDI,WB_WDI_NY_GDP_PCAP_CD,MRT,_T,_T,_T,_Z,_Z,_Z,2010,A,USD,
8113.176707,P1Y,0,,A,PU,_Z,2,,,False,WB_WDI,WB_WDI_NY_GDP_PCAP_CD,MUS,_T,_T,_T,_Z,_Z,_Z,2010,A,USD,
9728.800783,P1Y,0,,A,PU,_Z,2,,,False,WB_WDI,WB_WDI_NY_GDP_PCAP_CD,MEX,_T,_T,_T,_Z,_Z,_Z,2010,A,USD,
1788.22041,P1Y,0,,A,PU,_Z,2,,,False,WB_WDI,WB_WDI_NY_GDP_PCAP_CD,EAR,_T,_T,_T,_Z,_Z,_Z,2005,A,USD,
4931.626056,P1Y,0,,A,PU,_Z,2,,,False,WB_WDI,WB_WDI_NY_GDP_PCAP_CD,EAS,_T,_T,_T,_Z,_Z,_Z,2005,A,USD,
1653.679713,P1Y,0,,A,PU,_Z,2,,,False,WB_WDI,WB_WDI_NY_GDP_PCAP_CD,EAP,_T,_T,_T,_Z,_Z,_Z,2005,A,USD,
1673.18872,P1Y,0,,A,PU,_Z,2,,,False,WB_WDI,WB_WDI_NY_GDP_PCAP_CD,TEA,_T,_T,_T,_Z,_Z,_Z,2005,A,USD,
31116.270358,P1Y,0,,A,PU,_Z,2,,,False,WB_WDI,WB_WDI_NY_GDP_PCAP_CD,EMU,_T,_T,_T,_Z,_Z,_Z,2005,A,USD,
19220.713773,P1Y,0,,A,PU,_Z,2,,,False,WB_WDI,WB_WDI_NY_GDP_PCAP_CD,ECS,_T,_T,_T,_Z,_Z,_Z,2005,A,USD,
3576.780422,P1Y,0,,A,PU,_Z,2,,,False,WB_WDI,WB_WDI_NY_GDP_PCAP_CD,ECA,_T,_T,_T,_Z,_Z,_Z,2005,A,USD,
4660.838022,P1Y,0,,A,PU,_Z,2,,,False,WB_WDI,WB_WDI_NY_GDP_PCAP_CD,TEC,_T,_T,_T,_Z,_Z,_Z,2005,A,USD,
27400.009679,P1Y,0,,A,PU,_Z,2,,,False,WB_WDI,WB_WDI_NY_GDP_PCAP_CD,EUU,_T,_T,_T,_Z,_Z,_Z,2005,A,USD,
520.051979,P1Y,0,,A,PU,_Z,2,,,False,WB_WDI,WB_WDI_NY_GDP_PCAP_CD,HPC,_T,_T,_T,_Z,_Z,_Z,2005,A,USD,
30080.783473,P1Y,0,,A,PU,_Z,2,,,False,WB_WDI,WB_WDI_NY_GDP_PCAP_CD,HIC,_T,_T,_T,_Z,_Z,_Z,2005,A,USD,
2300.558433,P1Y,0,,A,PU,_Z,2,,,False,WB_WDI,WB_WDI_NY_GDP_PCAP_CD,IBD,_T,_T,_T,_Z,_Z,_Z,2005,A,USD,
1919.855402,P1Y,0,,A,PU,_Z,2,,,False,WB_WDI,WB_WDI_NY_GDP_PCAP_CD,IBT,_T,_T,_T,_Z,_Z,_Z,2005,A,USD,
957.944484,P1Y,0,,A,PU,_Z,2,,,False,WB_WDI,WB_WDI_NY_GDP_PCAP_CD,IDB,_T,_T,_T,_Z,_Z,_Z,2005,A,USD,
822.17115,P1Y,0,,A,PU,_Z,2,,,False,WB_WDI,WB_WDI_NY_GDP_PCAP_CD,UGA,_T,_T,_T,_Z,_Z,_Z,2019,A,USD,
3619.861572,P1Y,0,,A,PU,_Z,2,,,False,WB_WDI,WB_WDI_NY_GDP_PCAP_CD,UKR,_T,_T,_T,_Z,_Z,_Z,2019,A,USD,
45938.608457,P1Y,0,,A,PU,_Z,2,,,False,WB_WDI,WB_WDI_NY_GDP_PCAP_CD,ARE,_T,_T,_T,_Z,_Z,_Z,2019,A,USD,
43160.684397,P1Y,0,,A,PU,_Z,2,,,False,WB_WDI,WB_WDI_NY_GDP_PCAP_CD,GBR,_T,_T,_T,_Z,_Z,_Z,2019,A,USD,
65227.956591,P1Y,0,,A,PU,_Z,2,,,False,WB_WDI,WB_WDI_NY_GDP_PCAP_CD,USA,_T,_T,_T,_Z,_Z,_Z,2019,A,USD,
18315.735038,P1Y,0,,A,PU,_Z,2,,,False,WB_WDI,WB_WDI_NY_GDP_PCAP_CD,URY,_T,_T,_T,_Z,_Z,_Z,2019,A,USD,
2128.660671,P1Y,0,,A,PU,_Z,2,,,False,WB_WDI,WB_WDI_NY_GDP_PCAP_CD,UZB,_T,_T,_T,_Z,_Z,_Z,2019,A,USD,
3635.623449,P1Y,0,,A,PU,_Z,2,,,False,WB_WDI,WB_WDI_NY_GDP_PCAP_CD,VUT,_T,_T,_T,_Z,_Z,_Z,2019,A,USD,
2523.115275,P1Y,0,,A,PU,_Z,2,,,False,WB_WDI,WB_WDI_NY_GDP_PCAP_CD,VEN,_T,_T,_T,_Z,_Z,_Z,2019,A,USD,
3440.900254,P1Y,0,,A,PU,_Z,2,,,False,WB_WDI,WB_WDI_NY_GDP_PCAP_CD,VNM,_T,_T,_T,_Z,_Z,_Z,2019,A,USD,
38633.529892,P1Y,0,,A,PU,_Z,2,,,False,WB_WDI,WB_WDI_NY_GDP_PCAP_CD,VIR,_T,_T,_T,_Z,_Z,_Z,2019,A,USD,
3656.858271,P1Y,0,,A,PU,_Z,2,,,False,WB_WDI,WB_WDI_NY_GDP_PCAP_CD,PSE,_T,_T,_T,_Z,_Z,_Z,2019,A,USD,
712.253936,P1Y,0,,A,PU,_Z,2,,,False,WB_WDI,WB_WDI_NY_GDP_PCAP_CD,LIC,_T,_T,_T,_Z,_Z,_Z,2008,A,USD,
1311.625326,P1Y,0,,A,PU,_Z,2,,,False,WB_WDI,WB_WDI_NY_GDP_PCAP_CD,LMC,_T,_T,_T,_Z,_Z,_Z,2008,A,USD,
4838.92296,P1Y,0,,A,PU,_Z,2,,,False,WB_WDI,WB_WDI_NY_GDP_PCAP_CD,MEA,_T,_T,_T,_Z,_Z,_Z,2008,A,USD,
2658.20563,P1Y,0,,A,PU,_Z,2,,,False,WB_WDI,WB_WDI_NY_GDP_PCAP_CD,MNA,_T,_T,_T,_Z,_Z,_Z,2008,A,USD,
2662.281124,P1Y,0,,A,PU,_Z,2,,,False,WB_WDI,WB_WDI_NY_GDP_PCAP_CD,TMN,_T,_T,_T,_Z,_Z,_Z,2008,A,USD,
3073.196186,P1Y,0,,A,PU,_Z,2,,,False,WB_WDI,WB_WDI_NY_GDP_PCAP_CD,MIC,_T,_T,_T,_Z,_Z,_Z,2008,A,USD,
48398.383371,P1Y,0,,A,PU,_Z,2,,,False,WB_WDI,WB_WDI_NY_GDP_PCAP_CD,NAC,_T,_T,_T,_Z,_Z,_Z,2008,A,USD,
36379.982644,P1Y,0,,A,PU,_Z,2,,,False,WB_WDI,WB_WDI_NY_GDP_PCAP_CD,OED,_T,_T,_T,_Z,_Z,_Z,2008,A,USD,
11530.721502,P1Y,0,,A,PU,_Z,2,,,False,WB_WDI,WB_WDI_NY_GDP_PCAP_CD,OSS,_T,_T,_T,_Z,_Z,_Z,2008,A,USD,
2989.60481,P1Y,0,,A,PU,_Z,2,,,False,WB_WDI,WB_WDI_NY_GDP_PCAP_CD,PSS,_T,_T,_T,_Z,_Z,_Z,2008,A,USD,
40986.203246,P1Y,0,,A,PU,_Z,2,,,False,WB_WDI,WB_WDI_NY_GDP_PCAP_CD,PST,_T,_T,_T,_Z,_Z,_Z,2008,A,USD,
1424.070369,P1Y,0,,A,PU,_Z,2,,,False,WB_WDI,WB_WDI_NY_GDP_PCAP_CD,PRE,_T,_T,_T,_Z,_Z,_Z,2008,A,USD,
10984.764698,P1Y,0,,A,PU,_Z,2,,,False,WB_WDI,WB_WDI_NY_GDP_PCAP_CD,SST,_T,_T,_T,_Z,_Z,_Z,2008,A,USD,
958.275511,P1Y,0,,A,PU,_Z,2,,,False,WB_WDI,WB_WDI_NY_GDP_PCAP_CD,SAS,_T,_T,_T,_Z,_Z,_Z,2008,A,USD,
586.59995,P1Y,0,,A,PU,_Z,2,,,False,WB_WDI,WB_WDI_NY_GDP_PCAP_CD,RWA,_T,_T,_T,_Z,_Z,_Z,2010,A,USD,
3524.247925,P1Y,0,,A,PU,_Z,2,,,False,WB_WDI,WB_WDI_NY_GDP_PCAP_CD,WSM,_T,_T,_T,_Z,_Z,_Z,2010,A,USD,
56543.190562,P1Y,0,,A,PU,_Z,2,,,False,WB_WDI,WB_WDI_NY_GDP_PCAP_CD,SMR,_T,_T,_T,_Z,_Z,_Z,2010,A,USD,
1045.209582,P1Y,0,,A,PU,_Z,2,,,False,WB_WDI,WB_WDI_NY_GDP_PCAP_CD,STP,_T,_T,_T,_Z,_Z,_Z,2010,A,USD,
22028.390143,P1Y,0,,A,PU,_Z,2,,,False,WB_WDI,WB_WDI_NY_GDP_PCAP_CD,SAU,_T,_T,_T,_Z,_Z,_Z,2010,A,USD,
1275.883575,P1Y,0,,A,PU,_Z,2,,,False,WB_WDI,WB_WDI_NY_GDP_PCAP_CD,SEN,_T,_T,_T,_Z,_Z,_Z,2010,A,USD,
5970.926609,P1Y,0,,A,PU,_Z,2,,,False,WB_WDI,WB_WDI_NY_GDP_PCAP_CD,SRB,_T,_T,_T,_Z,_Z,_Z,2010,A,USD,
10934.794946,P1Y,0,,A,PU,_Z,2,,,False,WB_WDI,WB_WDI_NY_GDP_PCAP_CD,SYC,_T,_T,_T,_Z,_Z,_Z,2010,A,USD,
685.039673,P1Y,0,,A,PU,_Z,2,,,False,WB_WDI,WB_WDI_NY_GDP_PCAP_CD,SLE,_T,_T,_T,_Z,_Z,_Z,2010,A,USD,
47236.683085,P1Y,0,,A,PU,_Z,2,,,False,WB_WDI,WB_WDI_NY_GDP_PCAP_CD,SGP,_T,_T,_T,_Z,_Z,_Z,2010,A,USD,
26403.814369,P1Y,0,,A,PU,_Z,2,,,False,WB_WDI,WB_WDI_NY_GDP_PCAP_CD,SXM,_T,_T,_T,_Z,_Z,_Z,2010,A,USD,
16899.448681,P1Y,0,,A,PU,_Z,2,,,False,WB_WDI,WB_WDI_NY_GDP_PCAP_CD,SVK,_T,_T,_T,_Z,_Z,_Z,2010,A,USD,
3331.320435,P1Y,0,,A,PU,_Z,2,,,False,WB_WDI,WB_WDI_NY_GDP_PCAP_CD,THA,_T,_T,_T,_Z,_Z,_Z,2006,A,USD,
464.667002,P1Y,0,,A,PU,_Z,2,,,False,WB_WDI,WB_WDI_NY_GDP_PCAP_CD,TLS,_T,_T,_T,_Z,_Z,_Z,2006,A,USD,
596.249203,P1Y,0,,A,PU,_Z,2,,,False,WB_WDI,WB_WDI_NY_GDP_PCAP_CD,TGO,_T,_T,_T,_Z,_Z,_Z,2006,A,USD,
2750.347786,P1Y,0,,A,PU,_Z,2,,,False,WB_WDI,WB_WDI_NY_GDP_PCAP_CD,TON,_T,_T,_T,_Z,_Z,_Z,2006,A,USD,
14152.660742,P1Y,0,,A,PU,_Z,2,,,False,WB_WDI,WB_WDI_NY_GDP_PCAP_CD,TTO,_T,_T,_T,_Z,_Z,_Z,2006,A,USD,
3322.569336,P1Y,0,,A,PU,_Z,2,,,False,WB_WDI,WB_WDI_NY_GDP_PCAP_CD,TUN,_T,_T,_T,_Z,_Z,_Z,2006,A,USD,
7990.082514,P1Y,0,,A,PU,_Z,2,,,False,WB_WDI,WB_WDI_NY_GDP_PCAP_CD,TUR,_T,_T,_T,_Z,_Z,_Z,2006,A,USD,
1996.593107,P1Y,0,,A,PU,_Z,2,,,False,WB_WDI,WB_WDI_NY_GDP_PCAP_CD,TKM,_T,_T,_T,_Z,_Z,_Z,2006,A,USD,
28734.287306,P1Y,0,,A,PU,_Z,2,,,False,WB_WDI,WB_WDI_NY_GDP_PCAP_CD,TCA,_T,_T,_T,_Z,_Z,_Z,2006,A,USD,
2396.268443,P1Y,0,,A,PU,_Z,2,,,False,WB_WDI,WB_WDI_NY_GDP_PCAP_CD,TUV,_T,_T,_T,_Z,_Z,_Z,2006,A,USD,
346.518255,P1Y,0,,A,PU,_Z,2,,,False,WB_WDI,WB_WDI_NY_GDP_PCAP_CD,UGA,_T,_T,_T,_Z,_Z,_Z,2006,A,USD,
2366.494141,P1Y,0,,A,PU,_Z,2,,,False,WB_WDI,WB_WDI_NY_GDP_PCAP_CD,UKR,_T,_T,_T,_Z,_Z,_Z,2006,A,USD,
44342.603055,P1Y,0,,A,PU,_Z,2,,,False,WB_WDI,WB_WDI_NY_GDP_PCAP_CD,ARE,_T,_T,_T,_Z,_Z,_Z,2006,A,USD,
6122.375414,P1Y,0,,A,PU,_Z,2,,,False,WB_WDI,WB_WDI_NY_GDP_PCAP_CD,BIH,_T,_T,_T,_Z,_Z,_Z,2019,A,USD,
7172.089565,P1Y,0,,A,PU,_Z,2,,,False,WB_WDI,WB_WDI_NY_GDP_PCAP_CD,BWA,_T,_T,_T,_Z,_Z,_Z,2019,A,USD,
9029.833267,P1Y,0,,A,PU,_Z,2,,,False,WB_WDI,WB_WDI_NY_GDP_PCAP_CD,BRA,_T,_T,_T,_Z,_Z,_Z,2019,A,USD,
30426.573066,P1Y,0,,A,PU,_Z,2,,,False,WB_WDI,WB_WDI_NY_GDP_PCAP_CD,BRN,_T,_T,_T,_Z,_Z,_Z,2019,A,USD,
10354.250041,P1Y,0,,A,PU,_Z,2,,,False,WB_WDI,WB_WDI_NY_GDP_PCAP_CD,BGR,_T,_T,_T,_Z,_Z,_Z,2019,A,USD,
764.853078,P1Y,0,,A,PU,_Z,2,,,False,WB_WDI,WB_WDI_NY_GDP_PCAP_CD,BFA,_T,_T,_T,_Z,_Z,_Z,2019,A,USD,
234.310616,P1Y,0,,A,PU,_Z,2,,,False,WB_WDI,WB_WDI_NY_GDP_PCAP_CD,BDI,_T,_T,_T,_Z,_Z,_Z,2019,A,USD,
4380.781173,P1Y,0,,A,PU,_Z,2,,,False,WB_WDI,WB_WDI_NY_GDP_PCAP_CD,CPV,_T,_T,_T,_Z,_Z,_Z,2019,A,USD,
2225.877055,P1Y,0,,A,PU,_Z,2,,,False,WB_WDI,WB_WDI_NY_GDP_PCAP_CD,KHM,_T,_T,_T,_Z,_Z,_Z,2019,A,USD,
1555.226605,P1Y,0,,A,PU,_Z,2,,,False,WB_WDI,WB_WDI_NY_GDP_PCAP_CD,CMR,_T,_T,_T,_Z,_Z,_Z,2019,A,USD,
4572.443775,P1Y,0,,A,PU,_Z,2,,,False,WB_WDI,WB_WDI_NY_GDP_PCAP_CD,FJI,_T,_T,_T,_Z,_Z,_Z,2013,A,USD,
49691.01452,P1Y,0,,A,PU,_Z,2,,,False,WB_WDI,WB_WDI_NY_GDP_PCAP_CD,FIN,_T,_T,_T,_Z,_Z,_Z,2013,A,USD,
42669.179511,P1Y,0,,A,PU,_Z,2,,,False,WB_WDI,WB_WDI_NY_GDP_PCAP_CD,FRA,_T,_T,_T,_Z,_Z,_Z,2013,A,USD,
21955.632926,P1Y,0,,A,PU,_Z,2,,,False,WB_WDI,WB_WDI_NY_GDP_PCAP_CD,PYF,_T,_T,_T,_Z,_Z,_Z,2013,A,USD,
9197.701063,P1Y,0,,A,PU,_Z,2,,,False,WB_WDI,WB_WDI_NY_GDP_PCAP_CD,GAB,_T,_T,_T,_Z,_Z,_Z,2013,A,USD,
653.862713,P1Y,0,,A,PU,_Z,2,,,False,WB_WDI,WB_WDI_NY_GDP_PCAP_CD,GMB,_T,_T,_T,_Z,_Z,_Z,2013,A,USD,
4712.002294,P1Y,0,,A,PU,_Z,2,,,False,WB_WDI,WB_WDI_NY_GDP_PCAP_CD,GEO,_T,_T,_T,_Z,_Z,_Z,2013,A,USD,
47206.835351,P1Y,0,,A,PU,_Z,2,,,False,WB_WDI,WB_WDI_NY_GDP_PCAP_CD,DEU,_T,_T,_T,_Z,_Z,_Z,2013,A,USD,
2294.795847,P1Y,0,,A,PU,_Z,2,,,False,WB_WDI,WB_WDI_NY_GDP_PCAP_CD,GHA,_T,_T,_T,_Z,_Z,_Z,2013,A,USD,
21573.344976,P1Y,0,,A,PU,_Z,2,,,False,WB_WDI,WB_WDI_NY_GDP_PCAP_CD,GRC,_T,_T,_T,_Z,_Z,_Z,2013,A,USD,
47535.488379,P1Y,0,,A,PU,_Z,2,,,False,WB_WDI,WB_WDI_NY_GDP_PCAP_CD,GRL,_T,_T,_T,_Z,_Z,_Z,2013,A,USD,
7424.802123,P1Y,0,,A,PU,_Z,2,,,False,WB_WDI,WB_WDI_NY_GDP_PCAP_CD,GRD,_T,_T,_T,_Z,_Z,_Z,2013,A,USD,
99049.016993,P1Y,0,,A,PU,_Z,2,,,False,WB_WDI,WB_WDI_NY_GDP_PCAP_CD,BMU,_T,_T,_T,_Z,_Z,_Z,2011,A,USD,
2787.979676,P1Y,0,,A,PU,_Z,2,,,False,WB_WDI,WB_WDI_NY_GDP_PCAP_CD,BTN,_T,_T,_T,_Z,_Z,_Z,2011,A,USD,
2315.521219,P1Y,0,,A,PU,_Z,2,,,False,WB_WDI,WB_WDI_NY_GDP_PCAP_CD,BOL,_T,_T,_T,_Z,_Z,_Z,2011,A,USD,
4982.693758,P1Y,0,,A,PU,_Z,2,,,False,WB_WDI,WB_WDI_NY_GDP_PCAP_CD,BIH,_T,_T,_T,_Z,_Z,_Z,2011,A,USD,
7287.382953,P1Y,0,,A,PU,_Z,2,,,False,WB_WDI,WB_WDI_NY_GDP_PCAP_CD,BWA,_T,_T,_T,_Z,_Z,_Z,2011,A,USD,
13396.624356,P1Y,0,,A,PU,_Z,2,,,False,WB_WDI,WB_WDI_NY_GDP_PCAP_CD,BRA,_T,_T,_T,_Z,_Z,_Z,2011,A,USD,
46382.827426,P1Y,0,,A,PU,_Z,2,,,False,WB_WDI,WB_WDI_NY_GDP_PCAP_CD,BRN,_T,_T,_T,_Z,_Z,_Z,2011,A,USD,
7849.982197,P1Y,0,,A,PU,_Z,2,,,False,WB_WDI,WB_WDI_NY_GDP_PCAP_CD,BGR,_T,_T,_T,_Z,_Z,_Z,2011,A,USD,
725.024768,P1Y,0,,A,PU,_Z,2,,,False,WB_WDI,WB_WDI_NY_GDP_PCAP_CD,BFA,_T,_T,_T,_Z,_Z,_Z,2011,A,USD,
230.069761,P1Y,0,,A,PU,_Z,2,,,False,WB_WDI,WB_WDI_NY_GDP_PCAP_CD,BDI,_T,_T,_T,_Z,_Z,_Z,2011,A,USD,
7074.193783,P1Y,0,,A,PU,_Z,2,,,False,WB_WDI,WB_WDI_NY_GDP_PCAP_CD,BRA,_T,_T,_T,_Z,_Z,_Z,2020,A,USD,
26834.359223,P1Y,0,,A,PU,_Z,2,,,False,WB_WDI,WB_WDI_NY_GDP_PCAP_CD,BRN,_T,_T,_T,_Z,_Z,_Z,2020,A,USD,
10760.761618,P1Y,0,,A,PU,_Z,2,,,False,WB_WDI,WB_WDI_NY_GDP_PCAP_CD,BGR,_T,_T,_T,_Z,_Z,_Z,2020,A,USD,
825.237039,P1Y,0,,A,PU,_Z,2,,,False,WB_WDI,WB_WDI_NY_GDP_PCAP_CD,BFA,_T,_T,_T,_Z,_Z,_Z,2020,A,USD,
252.702453,P1Y,0,,A,PU,_Z,2,,,False,WB_WDI,WB_WDI_NY_GDP_PCAP_CD,BDI,_T,_T,_T,_Z,_Z,_Z,2020,A,USD,
3539.226612,P1Y,0,,A,PU,_Z,2,,,False,WB_WDI,WB_WDI_NY_GDP_PCAP_CD,CPV,_T,_T,_T,_Z,_Z,_Z,2020,A,USD,
2081.739142,P1Y,0,,A,PU,_Z,2,,,False,WB_WDI,WB_WDI_NY_GDP_PCAP_CD,KHM,_T,_T,_T,_Z,_Z,_Z,2020,A,USD,
1555.603707,P1Y,0,,A,PU,_Z,2,,,False,WB_WDI,WB_WDI_NY_GDP_PCAP_CD,CMR,_T,_T,_T,_Z,_Z,_Z,2020,A,USD,
43537.89812,P1Y,0,,A,PU,_Z,2,,,False,WB_WDI,WB_WDI_NY_GDP_PCAP_CD,CAN,_T,_T,_T,_Z,_Z,_Z,2020,A,USD,
82338.797744,P1Y,0,,A,PU,_Z,2,,,False,WB_WDI,WB_WDI_NY_GDP_PCAP_CD,CYM,_T,_T,_T,_Z,_Z,_Z,2020,A,USD,
462.879071,P1Y,0,,A,PU,_Z,2,,,False,WB_WDI,WB_WDI_NY_GDP_PCAP_CD,CAF,_T,_T,_T,_Z,_Z,_Z,2020,A,USD,
871.022373,P1Y,0,,A,PU,_Z,2,,,False,WB_WDI,WB_WDI_NY_GDP_PCAP_CD,TJK,_T,_T,_T,_Z,_Z,_Z,2019,A,USD,
1063.32251,P1Y,0,,A,PU,_Z,2,,,False,WB_WDI,WB_WDI_NY_GDP_PCAP_CD,TZA,_T,_T,_T,_Z,_Z,_Z,2019,A,USD,
7605.696578,P1Y,0,,A,PU,_Z,2,,,False,WB_WDI,WB_WDI_NY_GDP_PCAP_CD,THA,_T,_T,_T,_Z,_Z,_Z,2019,A,USD,
1562.364589,P1Y,0,,A,PU,_Z,2,,,False,WB_WDI,WB_WDI_NY_GDP_PCAP_CD,TLS,_T,_T,_T,_Z,_Z,_Z,2019,A,USD,
917.718017,P1Y,0,,A,PU,_Z,2,,,False,WB_WDI,WB_WDI_NY_GDP_PCAP_CD,TGO,_T,_T,_T,_Z,_Z,_Z,2019,A,USD,
4788.833505,P1Y,0,,A,PU,_Z,2,,,False,WB_WDI,WB_WDI_NY_GDP_PCAP_CD,TON,_T,_T,_T,_Z,_Z,_Z,2019,A,USD,
17212.612889,P1Y,0,,A,PU,_Z,2,,,False,WB_WDI,WB_WDI_NY_GDP_PCAP_CD,TTO,_T,_T,_T,_Z,_Z,_Z,2019,A,USD,
3528.872133,P1Y,0,,A,PU,_Z,2,,,False,WB_WDI,WB_WDI_NY_GDP_PCAP_CD,TUN,_T,_T,_T,_Z,_Z,_Z,2019,A,USD,
9395.23378,P1Y,0,,A,PU,_Z,2,,,False,WB_WDI,WB_WDI_NY_GDP_PCAP_CD,TUR,_T,_T,_T,_Z,_Z,_Z,2019,A,USD,
4365.115292,P1Y,0,,A,PU,_Z,2,,,False,WB_WDI,WB_WDI_NY_GDP_PCAP_CD,TKM,_T,_T,_T,_Z,_Z,_Z,2019,A,USD,
31780.521707,P1Y,0,,A,PU,_Z,2,,,False,WB_WDI,WB_WDI_NY_GDP_PCAP_CD,TCA,_T,_T,_T,_Z,_Z,_Z,2019,A,USD,
5115.13076,P1Y,0,,A,PU,_Z,2,,,False,WB_WDI,WB_WDI_NY_GDP_PCAP_CD,TUV,_T,_T,_T,_Z,_Z,_Z,2019,A,USD,
4523.377973,P1Y,0,,A,PU,_Z,2,,,False,WB_WDI,WB_WDI_NY_GDP_PCAP_CD,BGR,_T,_T,_T,_Z,_Z,_Z,2006,A,USD,
455.513656,P1Y,0,,A,PU,_Z,2,,,False,WB_WDI,WB_WDI_NY_GDP_PCAP_CD,BFA,_T,_T,_T,_Z,_Z,_Z,2006,A,USD,
161.892756,P1Y,0,,A,PU,_Z,2,,,False,WB_WDI,WB_WDI_NY_GDP_PCAP_CD,BDI,_T,_T,_T,_Z,_Z,_Z,2006,A,USD,
2256.996662,P1Y,0,,A,PU,_Z,2,,,False,WB_WDI,WB_WDI_NY_GDP_PCAP_CD,CPV,_T,_T,_T,_Z,_Z,_Z,2006,A,USD,
612.252649,P1Y,0,,A,PU,_Z,2,,,False,WB_WDI,WB_WDI_NY_GDP_PCAP_CD,KHM,_T,_T,_T,_Z,_Z,_Z,2006,A,USD,
1191.45459,P1Y,0,,A,PU,_Z,2,,,False,WB_WDI,WB_WDI_NY_GDP_PCAP_CD,CMR,_T,_T,_T,_Z,_Z,_Z,2006,A,USD,
40504.849033,P1Y,0,,A,PU,_Z,2,,,False,WB_WDI,WB_WDI_NY_GDP_PCAP_CD,CAN,_T,_T,_T,_Z,_Z,_Z,2006,A,USD,
87085.093738,P1Y,0,,A,PU,_Z,2,,,False,WB_WDI,WB_WDI_NY_GDP_PCAP_CD,CYM,_T,_T,_T,_Z,_Z,_Z,2006,A,USD,
333.94252,P1Y,0,,A,PU,_Z,2,,,False,WB_WDI,WB_WDI_NY_GDP_PCAP_CD,CAF,_T,_T,_T,_Z,_Z,_Z,2006,A,USD,
906.897261,P1Y,0,,A,PU,_Z,2,,,False,WB_WDI,WB_WDI_NY_GDP_PCAP_CD,TCD,_T,_T,_T,_Z,_Z,_Z,2006,A,USD,
62745.100659,P1Y,0,,A,PU,_Z,2,,,False,WB_WDI,WB_WDI_NY_GDP_PCAP_CD,CHI,_T,_T,_T,_Z,_Z,_Z,2006,A,USD,
9318.656553,P1Y,0,,A,PU,_Z,2,,,False,WB_WDI,WB_WDI_NY_GDP_PCAP_CD,CHL,_T,_T,_T,_Z,_Z,_Z,2006,A,USD,
2129.25697,P1Y,0,,A,PU,_Z,2,,,False,WB_WDI,WB_WDI_NY_GDP_PCAP_CD,CHN,_T,_T,_T,_Z,_Z,_Z,2006,A,USD,
4741.283272,P1Y,0,,A,PU,_Z,2,,,False,WB_WDI,WB_WDI_NY_GDP_PCAP_CD,GEO,_T,_T,_T,_Z,_Z,_Z,2019,A,USD,
47656.19974,P1Y,0,,A,PU,_Z,2,,,False,WB_WDI,WB_WDI_NY_GDP_PCAP_CD,DEU,_T,_T,_T,_Z,_Z,_Z,2019,A,USD,
2186.658227,P1Y,0,,A,PU,_Z,2,,,False,WB_WDI,WB_WDI_NY_GDP_PCAP_CD,GHA,_T,_T,_T,_Z,_Z,_Z,2019,A,USD,
19335.3602,P1Y,0,,A,PU,_Z,2,,,False,WB_WDI,WB_WDI_NY_GDP_PCAP_CD,GRC,_T,_T,_T,_Z,_Z,_Z,2019,A,USD,
53309.203591,P1Y,0,,A,PU,_Z,2,,,False,WB_WDI,WB_WDI_NY_GDP_PCAP_CD,GRL,_T,_T,_T,_Z,_Z,_Z,2019,A,USD,
10462.792916,P1Y,0,,A,PU,_Z,2,,,False,WB_WDI,WB_WDI_NY_GDP_PCAP_CD,GRD,_T,_T,_T,_Z,_Z,_Z,2019,A,USD,
39274.943142,P1Y,0,,A,PU,_Z,2,,,False,WB_WDI,WB_WDI_NY_GDP_PCAP_CD,GUM,_T,_T,_T,_Z,_Z,_Z,2019,A,USD,
4511.998396,P1Y,0,,A,PU,_Z,2,,,False,WB_WDI,WB_WDI_NY_GDP_PCAP_CD,GTM,_T,_T,_T,_Z,_Z,_Z,2019,A,USD,
1031.341465,P1Y,0,,A,PU,_Z,2,,,False,WB_WDI,WB_WDI_NY_GDP_PCAP_CD,GIN,_T,_T,_T,_Z,_Z,_Z,2019,A,USD,
811.210004,P1Y,0,,A,PU,_Z,2,,,False,WB_WDI,WB_WDI_NY_GDP_PCAP_CD,GNB,_T,_T,_T,_Z,_Z,_Z,2019,A,USD,
6405.824434,P1Y,0,,A,PU,_Z,2,,,False,WB_WDI,WB_WDI_NY_GDP_PCAP_CD,GUY,_T,_T,_T,_Z,_Z,_Z,2019,A,USD,
1352.172042,P1Y,0,,A,PU,_Z,2,,,False,WB_WDI,WB_WDI_NY_GDP_PCAP_CD,HTI,_T,_T,_T,_Z,_Z,_Z,2019,A,USD,
11212.204697,P1Y,0,,A,PU,_Z,2,,,False,WB_WDI,WB_WDI_NY_GDP_PCAP_CD,HUN,_T,_T,_T,_Z,_Z,_Z,2005,A,USD,
57783.774561,P1Y,0,,A,PU,_Z,2,,,False,WB_WDI,WB_WDI_NY_GDP_PCAP_CD,ISL,_T,_T,_T,_Z,_Z,_Z,2005,A,USD,
710.48808,P1Y,0,,A,PU,_Z,2,,,False,WB_WDI,WB_WDI_NY_GDP_PCAP_CD,IND,_T,_T,_T,_Z,_Z,_Z,2005,A,USD,
1238.214476,P1Y,0,,A,PU,_Z,2,,,False,WB_WDI,WB_WDI_NY_GDP_PCAP_CD,IDN,_T,_T,_T,_Z,_Z,_Z,2005,A,USD,
3132.050819,P1Y,0,,A,PU,_Z,2,,,False,WB_WDI,WB_WDI_NY_GDP_PCAP_CD,IRN,_T,_T,_T,_Z,_Z,_Z,2005,A,USD,
1762.393604,P1Y,0,,A,PU,_Z,2,,,False,WB_WDI,WB_WDI_NY_GDP_PCAP_CD,IRQ,_T,_T,_T,_Z,_Z,_Z,2005,A,USD,
50933.02161,P1Y,0,,A,PU,_Z,2,,,False,WB_WDI,WB_WDI_NY_GDP_PCAP_CD,IRL,_T,_T,_T,_Z,_Z,_Z,2005,A,USD,
38135.859789,P1Y,0,,A,PU,_Z,2,,,False,WB_WDI,WB_WDI_NY_GDP_PCAP_CD,IMN,_T,_T,_T,_Z,_Z,_Z,2005,A,USD,
21261.747425,P1Y,0,,A,PU,_Z,2,,,False,WB_WDI,WB_WDI_NY_GDP_PCAP_CD,ISR,_T,_T,_T,_Z,_Z,_Z,2005,A,USD,
32062.723834,P1Y,0,,A,PU,_Z,2,,,False,WB_WDI,WB_WDI_NY_GDP_PCAP_CD,ITA,_T,_T,_T,_Z,_Z,_Z,2005,A,USD,
4184.439749,P1Y,0,,A,PU,_Z,2,,,False,WB_WDI,WB_WDI_NY_GDP_PCAP_CD,JAM,_T,_T,_T,_Z,_Z,_Z,2005,A,USD,
38158.675826,P1Y,0,,A,PU,_Z,2,,,False,WB_WDI,WB_WDI_NY_GDP_PCAP_CD,JPN,_T,_T,_T,_Z,_Z,_Z,2005,A,USD,
19215.781301,P1Y,0,,A,PU,_Z,2,,,False,WB_WDI,WB_WDI_NY_GDP_PCAP_CD,PRT,_T,_T,_T,_Z,_Z,_Z,2015,A,USD,
29242.041465,P1Y,0,,A,PU,_Z,2,,,False,WB_WDI,WB_WDI_NY_GDP_PCAP_CD,PRI,_T,_T,_T,_Z,_Z,_Z,2015,A,USD,
68985.294696,P1Y,0,,A,PU,_Z,2,,,False,WB_WDI,WB_WDI_NY_GDP_PCAP_CD,QAT,_T,_T,_T,_Z,_Z,_Z,2015,A,USD,
8977.017482,P1Y,0,,A,PU,_Z,2,,,False,WB_WDI,WB_WDI_NY_GDP_PCAP_CD,ROU,_T,_T,_T,_Z,_Z,_Z,2015,A,USD,
9277.713867,P1Y,0,,A,PU,_Z,2,,,False,WB_WDI,WB_WDI_NY_GDP_PCAP_CD,RUS,_T,_T,_T,_Z,_Z,_Z,2015,A,USD,
725.691419,P1Y,0,,A,PU,_Z,2,,,False,WB_WDI,WB_WDI_NY_GDP_PCAP_CD,RWA,_T,_T,_T,_Z,_Z,_Z,2015,A,USD,
4084.360838,P1Y,0,,A,PU,_Z,2,,,False,WB_WDI,WB_WDI_NY_GDP_PCAP_CD,WSM,_T,_T,_T,_Z,_Z,_Z,2015,A,USD,
43146.80353,P1Y,0,,A,PU,_Z,2,,,False,WB_WDI,WB_WDI_NY_GDP_PCAP_CD,SMR,_T,_T,_T,_Z,_Z,_Z,2015,A,USD,
1298.109466,P1Y,0,,A,PU,_Z,2,,,False,WB_WDI,WB_WDI_NY_GDP_PCAP_CD,STP,_T,_T,_T,_Z,_Z,_Z,2015,A,USD,
23256.154955,P1Y,0,,A,PU,_Z,2,,,False,WB_WDI,WB_WDI_NY_GDP_PCAP_CD,SAU,_T,_T,_T,_Z,_Z,_Z,2015,A,USD,
1218.006136,P1Y,0,,A,PU,_Z,2,,,False,WB_WDI,WB_WDI_NY_GDP_PCAP_CD,SEN,_T,_T,_T,_Z,_Z,_Z,2015,A,USD,
5820.321558,P1Y,0,,A,PU,_Z,2,,,False,WB_WDI,WB_WDI_NY_GDP_PCAP_CD,SRB,_T,_T,_T,_Z,_Z,_Z,2015,A,USD,
24144.572702,P1Y,0,,A,PU,_Z,2,,,False,WB_WDI,WB_WDI_NY_GDP_PCAP_CD,FRA,_T,_T,_T,_Z,_Z,_Z,2002,A,USD,
16004.058329,P1Y,0,,A,PU,_Z,2,,,False,WB_WDI,WB_WDI_NY_GDP_PCAP_CD,PYF,_T,_T,_T,_Z,_Z,_Z,2002,A,USD,
3966.480019,P1Y,0,,A,PU,_Z,2,,,False,WB_WDI,WB_WDI_NY_GDP_PCAP_CD,GAB,_T,_T,_T,_Z,_Z,_Z,2002,A,USD,
376.531027,P1Y,0,,A,PU,_Z,2,,,False,WB_WDI,WB_WDI_NY_GDP_PCAP_CD,GMB,_T,_T,_T,_Z,_Z,_Z,2002,A,USD,
853.526172,P1Y,0,,A,PU,_Z,2,,,False,WB_WDI,WB_WDI_NY_GDP_PCAP_CD,GEO,_T,_T,_T,_Z,_Z,_Z,2002,A,USD,
25486.594201,P1Y,0,,A,PU,_Z,2,,,False,WB_WDI,WB_WDI_NY_GDP_PCAP_CD,DEU,_T,_T,_T,_Z,_Z,_Z,2002,A,USD,
297.461645,P1Y,0,,A,PU,_Z,2,,,False,WB_WDI,WB_WDI_NY_GDP_PCAP_CD,GHA,_T,_T,_T,_Z,_Z,_Z,2002,A,USD,
13782.195641,P1Y,0,,A,PU,_Z,2,,,False,WB_WDI,WB_WDI_NY_GDP_PCAP_CD,GRC,_T,_T,_T,_Z,_Z,_Z,2002,A,USD,
20657.950632,P1Y,0,,A,PU,_Z,2,,,False,WB_WDI,WB_WDI_NY_GDP_PCAP_CD,GRL,_T,_T,_T,_Z,_Z,_Z,2002,A,USD,
4984.474059,P1Y,0,,A,PU,_Z,2,,,False,WB_WDI,WB_WDI_NY_GDP_PCAP_CD,GRD,_T,_T,_T,_Z,_Z,_Z,2002,A,USD,
20909.95903,P1Y,0,,A,PU,_Z,2,,,False,WB_WDI,WB_WDI_NY_GDP_PCAP_CD,GUM,_T,_T,_T,_Z,_Z,_Z,2002,A,USD,
1669.335175,P1Y,0,,A,PU,_Z,2,,,False,WB_WDI,WB_WDI_NY_GDP_PCAP_CD,GTM,_T,_T,_T,_Z,_Z,_Z,2002,A,USD,
495.916074,P1Y,0,,A,PU,_Z,2,,,False,WB_WDI,WB_WDI_NY_GDP_PCAP_CD,GIN,_T,_T,_T,_Z,_Z,_Z,2002,A,USD,
362.034575,P1Y,0,,A,PU,_Z,2,,,False,WB_WDI,WB_WDI_NY_GDP_PCAP_CD,GNB,_T,_T,_T,_Z,_Z,_Z,2002,A,USD,
22451.396438,P1Y,0,,A,PU,_Z,2,,,False,WB_WDI,WB_WDI_NY_GDP_PCAP_CD,ITA,_T,_T,_T,_Z,_Z,_Z,2002,A,USD,
3680.645517,P1Y,0,,A,PU,_Z,2,,,False,WB_WDI,WB_WDI_NY_GDP_PCAP_CD,JAM,_T,_T,_T,_Z,_Z,_Z,2002,A,USD,
33315.916517,P1Y,0,,A,PU,_Z,2,,,False,WB_WDI,WB_WDI_NY_GDP_PCAP_CD,JPN,_T,_T,_T,_Z,_Z,_Z,2002,A,USD,
1706.267444,P1Y,0,,A,PU,_Z,2,,,False,WB_WDI,WB_WDI_NY_GDP_PCAP_CD,JOR,_T,_T,_T,_Z,_Z,_Z,2002,A,USD,
1573.552199,P1Y,0,,A,PU,_Z,2,,,False,WB_WDI,WB_WDI_NY_GDP_PCAP_CD,KAZ,_T,_T,_T,_Z,_Z,_Z,2002,A,USD,
402.936386,P1Y,0,,A,PU,_Z,2,,,False,WB_WDI,WB_WDI_NY_GDP_PCAP_CD,KEN,_T,_T,_T,_Z,_Z,_Z,2002,A,USD,
810.1087,P1Y,0,,A,PU,_Z,2,,,False,WB_WDI,WB_WDI_NY_GDP_PCAP_CD,KIR,_T,_T,_T,_Z,_Z,_Z,2002,A,USD,
13642.942454,P1Y,0,,A,PU,_Z,2,,,False,WB_WDI,WB_WDI_NY_GDP_PCAP_CD,KOR,_T,_T,_T,_Z,_Z,_Z,2002,A,USD,
18512.752304,P1Y,0,,A,PU,_Z,2,,,False,WB_WDI,WB_WDI_NY_GDP_PCAP_CD,KWT,_T,_T,_T,_Z,_Z,_Z,2002,A,USD,
321.726775,P1Y,0,,A,PU,_Z,2,,,False,WB_WDI,WB_WDI_NY_GDP_PCAP_CD,KGZ,_T,_T,_T,_Z,_Z,_Z,2002,A,USD,
313.350817,P1Y,0,,A,PU,_Z,2,,,False,WB_WDI,WB_WDI_NY_GDP_PCAP_CD,LAO,_T,_T,_T,_Z,_Z,_Z,2002,A,USD,
24187.245176,P1Y,0,,A,PU,_Z,2,,,False,WB_WDI,WB_WDI_NY_GDP_PCAP_CD,ECS,_T,_T,_T,_Z,_Z,_Z,2020,A,USD,
5734.461913,P1Y,0,,A,PU,_Z,2,,,False,WB_WDI,WB_WDI_NY_GDP_PCAP_CD,ECA,_T,_T,_T,_Z,_Z,_Z,2020,A,USD,
8455.784535,P1Y,0,,A,PU,_Z,2,,,False,WB_WDI,WB_WDI_NY_GDP_PCAP_CD,TEC,_T,_T,_T,_Z,_Z,_Z,2020,A,USD,
34694.710501,P1Y,0,,A,PU,_Z,2,,,False,WB_WDI,WB_WDI_NY_GDP_PCAP_CD,EUU,_T,_T,_T,_Z,_Z,_Z,2020,A,USD,
963.808519,P1Y,0,,A,PU,_Z,2,,,False,WB_WDI,WB_WDI_NY_GDP_PCAP_CD,HPC,_T,_T,_T,_Z,_Z,_Z,2020,A,USD,
40453.968653,P1Y,0,,A,PU,_Z,2,,,False,WB_WDI,WB_WDI_NY_GDP_PCAP_CD,HIC,_T,_T,_T,_Z,_Z,_Z,2020,A,USD,
6189.46596,P1Y,0,,A,PU,_Z,2,,,False,WB_WDI,WB_WDI_NY_GDP_PCAP_CD,IBD,_T,_T,_T,_Z,_Z,_Z,2020,A,USD,
4923.397089,P1Y,0,,A,PU,_Z,2,,,False,WB_WDI,WB_WDI_NY_GDP_PCAP_CD,IBT,_T,_T,_T,_Z,_Z,_Z,2020,A,USD,
2014.81189,P1Y,0,,A,PU,_Z,2,,,False,WB_WDI,WB_WDI_NY_GDP_PCAP_CD,IDB,_T,_T,_T,_Z,_Z,_Z,2020,A,USD,
1172.526235,P1Y,0,,A,PU,_Z,2,,,False,WB_WDI,WB_WDI_NY_GDP_PCAP_CD,IDX,_T,_T,_T,_Z,_Z,_Z,2020,A,USD,
1467.744754,P1Y,0,,A,PU,_Z,2,,,False,WB_WDI,WB_WDI_NY_GDP_PCAP_CD,IDA,_T,_T,_T,_Z,_Z,_Z,2020,A,USD,
9874.068055,P1Y,0,,A,PU,_Z,2,,,False,WB_WDI,WB_WDI_NY_GDP_PCAP_CD,LTE,_T,_T,_T,_Z,_Z,_Z,2020,A,USD,
7169.392359,P1Y,0,,A,PU,_Z,2,,,False,WB_WDI,WB_WDI_NY_GDP_PCAP_CD,LCN,_T,_T,_T,_Z,_Z,_Z,2020,A,USD,
25583.87223,P1Y,0,,A,PU,_Z,2,,,False,WB_WDI,WB_WDI_NY_GDP_PCAP_CD,BRB,_T,_T,_T,_Z,_Z,_Z,2023,A,USD,
7896.753883,P1Y,0,,A,PU,_Z,2,,,False,WB_WDI,WB_WDI_NY_GDP_PCAP_CD,BLR,_T,_T,_T,_Z,_Z,_Z,2023,A,USD,
55244.681458,P1Y,0,,A,PU,_Z,2,,,False,WB_WDI,WB_WDI_NY_GDP_PCAP_CD,BEL,_T,_T,_T,_Z,_Z,_Z,2023,A,USD,
7424.758213,P1Y,0,,A,PU,_Z,2,,,False,WB_WDI,WB_WDI_NY_GDP_PCAP_CD,BLZ,_T,_T,_T,_Z,_Z,_Z,2023,A,USD,
1394.177847,P1Y,0,,A,PU,_Z,2,,,False,WB_WDI,WB_WDI_NY_GDP_PCAP_CD,BEN,_T,_T,_T,_Z,_Z,_Z,2023,A,USD,
132961.760796,P1Y,0,,A,PU,_Z,2,,,False,WB_WDI,WB_WDI_NY_GDP_PCAP_CD,BMU,_T,_T,_T,_Z,_Z,_Z,2023,A,USD,
3831.325356,P1Y,0,,A,PU,_Z,2,,,False,WB_WDI,WB_WDI_NY_GDP_PCAP_CD,BTN,_T,_T,_T,_Z,_Z,_Z,2023,A,USD,
4274.708205,P1Y,0,,A,PU,_Z,2,,,False,WB_WDI,WB_WDI_NY_GDP_PCAP_CD,BOL,_T,_T,_T,_Z,_Z,_Z,2023,A,USD,
8663.023265,P1Y,0,,A,PU,_Z,2,,,False,WB_WDI,WB_WDI_NY_GDP_PCAP_CD,BIH,_T,_T,_T,_Z,_Z,_Z,2023,A,USD,
7827.30028,P1Y,0,,A,PU,_Z,2,,,False,WB_WDI,WB_WDI_NY_GDP_PCAP_CD,BWA,_T,_T,_T,_Z,_Z,_Z,2023,A,USD,
10377.589279,P1Y,0,,A,PU,_Z,2,,,False,WB_WDI,WB_WDI_NY_GDP_PCAP_CD,BRA,_T,_T,_T,_Z,_Z,_Z,2023,A,USD,
32890.549181,P1Y,0,,A,PU,_Z,2,,,False,WB_WDI,WB_WDI_NY_GDP_PCAP_CD,BRN,_T,_T,_T,_Z,_Z,_Z,2023,A,USD,
15854.019289,P1Y,0,,A,PU,_Z,2,,,False,WB_WDI,WB_WDI_NY_GDP_PCAP_CD,BGR,_T,_T,_T,_Z,_Z,_Z,2023,A,USD,
40815.125536,P1Y,0,,A,PU,_Z,2,,,False,WB_WDI,WB_WDI_NY_GDP_PCAP_CD,GBR,_T,_T,_T,_Z,_Z,_Z,2020,A,USD,
64465.297142,P1Y,0,,A,PU,_Z,2,,,False,WB_WDI,WB_WDI_NY_GDP_PCAP_CD,USA,_T,_T,_T,_Z,_Z,_Z,2020,A,USD,
15757.534199,P1Y,0,,A,PU,_Z,2,,,False,WB_WDI,WB_WDI_NY_GDP_PCAP_CD,URY,_T,_T,_T,_Z,_Z,_Z,2020,A,USD,
2087.963747,P1Y,0,,A,PU,_Z,2,,,False,WB_WDI,WB_WDI_NY_GDP_PCAP_CD,UZB,_T,_T,_T,_Z,_Z,_Z,2020,A,USD,
3404.303592,P1Y,0,,A,PU,_Z,2,,,False,WB_WDI,WB_WDI_NY_GDP_PCAP_CD,VUT,_T,_T,_T,_Z,_Z,_Z,2020,A,USD,
1506.041694,P1Y,0,,A,PU,_Z,2,,,False,WB_WDI,WB_WDI_NY_GDP_PCAP_CD,VEN,_T,_T,_T,_Z,_Z,_Z,2020,A,USD,
3534.039535,P1Y,0,,A,PU,_Z,2,,,False,WB_WDI,WB_WDI_NY_GDP_PCAP_CD,VNM,_T,_T,_T,_Z,_Z,_Z,2020,A,USD,
39787.374165,P1Y,0,,A,PU,_Z,2,,,False,WB_WDI,WB_WDI_NY_GDP_PCAP_CD,VIR,_T,_T,_T,_Z,_Z,_Z,2020,A,USD,
3233.568638,P1Y,0,,A,PU,_Z,2,,,False,WB_WDI,WB_WDI_NY_GDP_PCAP_CD,PSE,_T,_T,_T,_Z,_Z,_Z,2020,A,USD,
951.644317,P1Y,0,,A,PU,_Z,2,,,False,WB_WDI,WB_WDI_NY_GDP_PCAP_CD,ZMB,_T,_T,_T,_Z,_Z,_Z,2020,A,USD,
2059.63704,P1Y,0,,A,PU,_Z,2,,,False,WB_WDI,WB_WDI_NY_GDP_PCAP_CD,ZWE,_T,_T,_T,_Z,_Z,_Z,2020,A,USD,
3893.505333,P1Y,0,,A,PU,_Z,2,,,False,WB_WDI,WB_WDI_NY_GDP_PCAP_CD,GTM,_T,_T,_T,_Z,_Z,_Z,2015,A,USD,
747.356967,P1Y,0,,A,PU,_Z,2,,,False,WB_WDI,WB_WDI_NY_GDP_PCAP_CD,GIN,_T,_T,_T,_Z,_Z,_Z,2015,A,USD,
645.066837,P1Y,0,,A,PU,_Z,2,,,False,WB_WDI,WB_WDI_NY_GDP_PCAP_CD,GNB,_T,_T,_T,_Z,_Z,_Z,2015,A,USD,
5640.415606,P1Y,0,,A,PU,_Z,2,,,False,WB_WDI,WB_WDI_NY_GDP_PCAP_CD,GUY,_T,_T,_T,_Z,_Z,_Z,2015,A,USD,
1411.126847,P1Y,0,,A,PU,_Z,2,,,False,WB_WDI,WB_WDI_NY_GDP_PCAP_CD,HTI,_T,_T,_T,_Z,_Z,_Z,2015,A,USD,
2271.20266,P1Y,0,,A,PU,_Z,2,,,False,WB_WDI,WB_WDI_NY_GDP_PCAP_CD,HND,_T,_T,_T,_Z,_Z,_Z,2015,A,USD,
42432.161974,P1Y,0,,A,PU,_Z,2,,,False,WB_WDI,WB_WDI_NY_GDP_PCAP_CD,HKG,_T,_T,_T,_Z,_Z,_Z,2015,A,USD,
12782.941258,P1Y,0,,A,PU,_Z,2,,,False,WB_WDI,WB_WDI_NY_GDP_PCAP_CD,HUN,_T,_T,_T,_Z,_Z,_Z,2015,A,USD,
53505.696408,P1Y,0,,A,PU,_Z,2,,,False,WB_WDI,WB_WDI_NY_GDP_PCAP_CD,ISL,_T,_T,_T,_Z,_Z,_Z,2015,A,USD,
1583.998159,P1Y,0,,A,PU,_Z,2,,,False,WB_WDI,WB_WDI_NY_GDP_PCAP_CD,IND,_T,_T,_T,_Z,_Z,_Z,2015,A,USD,
3288.222697,P1Y,0,,A,PU,_Z,2,,,False,WB_WDI,WB_WDI_NY_GDP_PCAP_CD,IDN,_T,_T,_T,_Z,_Z,_Z,2015,A,USD,
969.199514,P1Y,0,,A,PU,_Z,2,,,False,WB_WDI,WB_WDI_NY_GDP_PCAP_CD,CHN,_T,_T,_T,_Z,_Z,_Z,2000,A,USD,
2555.00751,P1Y,0,,A,PU,_Z,2,,,False,WB_WDI,WB_WDI_NY_GDP_PCAP_CD,COL,_T,_T,_T,_Z,_Z,_Z,2000,A,USD,
633.309033,P1Y,0,,A,PU,_Z,2,,,False,WB_WDI,WB_WDI_NY_GDP_PCAP_CD,COM,_T,_T,_T,_Z,_Z,_Z,2000,A,USD,
377.925421,P1Y,0,,A,PU,_Z,2,,,False,WB_WDI,WB_WDI_NY_GDP_PCAP_CD,COD,_T,_T,_T,_Z,_Z,_Z,2000,A,USD,
1024.301591,P1Y,0,,A,PU,_Z,2,,,False,WB_WDI,WB_WDI_NY_GDP_PCAP_CD,COG,_T,_T,_T,_Z,_Z,_Z,2000,A,USD,
3812.753862,P1Y,0,,A,PU,_Z,2,,,False,WB_WDI,WB_WDI_NY_GDP_PCAP_CD,CRI,_T,_T,_T,_Z,_Z,_Z,2000,A,USD,
936.636541,P1Y,0,,A,PU,_Z,2,,,False,WB_WDI,WB_WDI_NY_GDP_PCAP_CD,CIV,_T,_T,_T,_Z,_Z,_Z,2000,A,USD,
4953.57515,P1Y,0,,A,PU,_Z,2,,,False,WB_WDI,WB_WDI_NY_GDP_PCAP_CD,HRV,_T,_T,_T,_Z,_Z,_Z,2000,A,USD,
2751.381771,P1Y,0,,A,PU,_Z,2,,,False,WB_WDI,WB_WDI_NY_GDP_PCAP_CD,CUB,_T,_T,_T,_Z,_Z,_Z,2000,A,USD,
15841.261236,P1Y,0,,A,PU,_Z,2,,,False,WB_WDI,WB_WDI_NY_GDP_PCAP_CD,CUW,_T,_T,_T,_Z,_Z,_Z,2000,A,USD,
14388.352539,P1Y,0,,A,PU,_Z,2,,,False,WB_WDI,WB_WDI_NY_GDP_PCAP_CD,CYP,_T,_T,_T,_Z,_Z,_Z,2000,A,USD,
6062.921528,P1Y,0,,A,PU,_Z,2,,,False,WB_WDI,WB_WDI_NY_GDP_PCAP_CD,CZE,_T,_T,_T,_Z,_Z,_Z,2000,A,USD,
30722.025184,P1Y,0,,A,PU,_Z,2,,,False,WB_WDI,WB_WDI_NY_GDP_PCAP_CD,DNK,_T,_T,_T,_Z,_Z,_Z,2000,A,USD,
4466.120349,P1Y,0,,A,PU,_Z,2,,,False,WB_WDI,WB_WDI_NY_GDP_PCAP_CD,TUV,_T,_T,_T,_Z,_Z,_Z,2018,A,USD,
792.1657,P1Y,0,,A,PU,_Z,2,,,False,WB_WDI,WB_WDI_NY_GDP_PCAP_CD,UGA,_T,_T,_T,_Z,_Z,_Z,2018,A,USD,
3059.051758,P1Y,0,,A,PU,_Z,2,,,False,WB_WDI,WB_WDI_NY_GDP_PCAP_CD,UKR,_T,_T,_T,_Z,_Z,_Z,2018,A,USD,
47135.34788,P1Y,0,,A,PU,_Z,2,,,False,WB_WDI,WB_WDI_NY_GDP_PCAP_CD,ARE,_T,_T,_T,_Z,_Z,_Z,2018,A,USD,
43704.31623,P1Y,0,,A,PU,_Z,2,,,False,WB_WDI,WB_WDI_NY_GDP_PCAP_CD,GBR,_T,_T,_T,_Z,_Z,_Z,2018,A,USD,
62875.666138,P1Y,0,,A,PU,_Z,2,,,False,WB_WDI,WB_WDI_NY_GDP_PCAP_CD,USA,_T,_T,_T,_Z,_Z,_Z,2018,A,USD,
19249.940468,P1Y,0,,A,PU,_Z,2,,,False,WB_WDI,WB_WDI_NY_GDP_PCAP_CD,URY,_T,_T,_T,_Z,_Z,_Z,2018,A,USD,
1894.090887,P1Y,0,,A,PU,_Z,2,,,False,WB_WDI,WB_WDI_NY_GDP_PCAP_CD,UZB,_T,_T,_T,_Z,_Z,_Z,2018,A,USD,
3626.188625,P1Y,0,,A,PU,_Z,2,,,False,WB_WDI,WB_WDI_NY_GDP_PCAP_CD,VUT,_T,_T,_T,_Z,_Z,_Z,2018,A,USD,
3421.513416,P1Y,0,,A,PU,_Z,2,,,False,WB_WDI,WB_WDI_NY_GDP_PCAP_CD,VEN,_T,_T,_T,_Z,_Z,_Z,2018,A,USD,
3222.310031,P1Y,0,,A,PU,_Z,2,,,False,WB_WDI,WB_WDI_NY_GDP_PCAP_CD,VNM,_T,_T,_T,_Z,_Z,_Z,2018,A,USD,
36663.208755,P1Y,0,,A,PU,_Z,2,,,False,WB_WDI,WB_WDI_NY_GDP_PCAP_CD,VIR,_T,_T,_T,_Z,_Z,_Z,2018,A,USD,
7849.667596,P1Y,0,,A,PU,_Z,2,,,False,WB_WDI,WB_WDI_NY_GDP_PCAP_CD,MEX,_T,_T,_T,_Z,_Z,_Z,2004,A,USD,
2104.427965,P1Y,0,,A,PU,_Z,2,,,False,WB_WDI,WB_WDI_NY_GDP_PCAP_CD,FSM,_T,_T,_T,_Z,_Z,_Z,2004,A,USD,
897.178495,P1Y,0,,A,PU,_Z,2,,,False,WB_WDI,WB_WDI_NY_GDP_PCAP_CD,MDA,_T,_T,_T,_Z,_Z,_Z,2004,A,USD,
125160.282929,P1Y,0,,A,PU,_Z,2,,,False,WB_WDI,WB_WDI_NY_GDP_PCAP_CD,MCO,_T,_T,_T,_Z,_Z,_Z,2004,A,USD,
794.154552,P1Y,0,,A,PU,_Z,2,,,False,WB_WDI,WB_WDI_NY_GDP_PCAP_CD,MNG,_T,_T,_T,_Z,_Z,_Z,2004,A,USD,
3386.380994,P1Y,0,,A,PU,_Z,2,,,False,WB_WDI,WB_WDI_NY_GDP_PCAP_CD,MNE,_T,_T,_T,_Z,_Z,_Z,2004,A,USD,
2183.55542,P1Y,0,,A,PU,_Z,2,,,False,WB_WDI,WB_WDI_NY_GDP_PCAP_CD,MAR,_T,_T,_T,_Z,_Z,_Z,2004,A,USD,
400.056973,P1Y,0,,A,PU,_Z,2,,,False,WB_WDI,WB_WDI_NY_GDP_PCAP_CD,MOZ,_T,_T,_T,_Z,_Z,_Z,2004,A,USD,
224.508811,P1Y,0,,A,PU,_Z,2,,,False,WB_WDI,WB_WDI_NY_GDP_PCAP_CD,MMR,_T,_T,_T,_Z,_Z,_Z,2004,A,USD,
3403.154962,P1Y,0,,A,PU,_Z,2,,,False,WB_WDI,WB_WDI_NY_GDP_PCAP_CD,NAM,_T,_T,_T,_Z,_Z,_Z,2004,A,USD,
3040.513499,P1Y,0,,A,PU,_Z,2,,,False,WB_WDI,WB_WDI_NY_GDP_PCAP_CD,NRU,_T,_T,_T,_Z,_Z,_Z,2004,A,USD,
279.58775,P1Y,0,,A,PU,_Z,2,,,False,WB_WDI,WB_WDI_NY_GDP_PCAP_CD,NPL,_T,_T,_T,_Z,_Z,_Z,2004,A,USD,
40611.341435,P1Y,0,,A,PU,_Z,2,,,False,WB_WDI,WB_WDI_NY_GDP_PCAP_CD,NLD,_T,_T,_T,_Z,_Z,_Z,2004,A,USD,
24475.648855,P1Y,0,,A,PU,_Z,2,,,False,WB_WDI,WB_WDI_NY_GDP_PCAP_CD,NCL,_T,_T,_T,_Z,_Z,_Z,2004,A,USD,
6413.091825,P1Y,0,,A,PU,_Z,2,,,False,WB_WDI,WB_WDI_NY_GDP_PCAP_CD,THA,_T,_T,_T,_Z,_Z,_Z,2017,A,USD,
1266.17768,P1Y,0,,A,PU,_Z,2,,,False,WB_WDI,WB_WDI_NY_GDP_PCAP_CD,TLS,_T,_T,_T,_Z,_Z,_Z,2017,A,USD,
872.076409,P1Y,0,,A,PU,_Z,2,,,False,WB_WDI,WB_WDI_NY_GDP_PCAP_CD,TGO,_T,_T,_T,_Z,_Z,_Z,2017,A,USD,
4365.929298,P1Y,0,,A,PU,_Z,2,,,False,WB_WDI,WB_WDI_NY_GDP_PCAP_CD,TON,_T,_T,_T,_Z,_Z,_Z,2017,A,USD,
17566.09997,P1Y,0,,A,PU,_Z,2,,,False,WB_WDI,WB_WDI_NY_GDP_PCAP_CD,TTO,_T,_T,_T,_Z,_Z,_Z,2017,A,USD,
3619.032473,P1Y,0,,A,PU,_Z,2,,,False,WB_WDI,WB_WDI_NY_GDP_PCAP_CD,TUN,_T,_T,_T,_Z,_Z,_Z,2017,A,USD,
10756.387768,P1Y,0,,A,PU,_Z,2,,,False,WB_WDI,WB_WDI_NY_GDP_PCAP_CD,TUR,_T,_T,_T,_Z,_Z,_Z,2017,A,USD,
5125.549201,P1Y,0,,A,PU,_Z,2,,,False,WB_WDI,WB_WDI_NY_GDP_PCAP_CD,TKM,_T,_T,_T,_Z,_Z,_Z,2017,A,USD,
30014.230952,P1Y,0,,A,PU,_Z,2,,,False,WB_WDI,WB_WDI_NY_GDP_PCAP_CD,TCA,_T,_T,_T,_Z,_Z,_Z,2017,A,USD,
4165.663387,P1Y,0,,A,PU,_Z,2,,,False,WB_WDI,WB_WDI_NY_GDP_PCAP_CD,TUV,_T,_T,_T,_Z,_Z,_Z,2017,A,USD,
765.218332,P1Y,0,,A,PU,_Z,2,,,False,WB_WDI,WB_WDI_NY_GDP_PCAP_CD,UGA,_T,_T,_T,_Z,_Z,_Z,2017,A,USD,
2604.287598,P1Y,0,,A,PU,_Z,2,,,False,WB_WDI,WB_WDI_NY_GDP_PCAP_CD,UKR,_T,_T,_T,_Z,_Z,_Z,2017,A,USD,
35603.248328,P1Y,0,,A,PU,_Z,2,,,False,WB_WDI,WB_WDI_NY_GDP_PCAP_CD,ESP,_T,_T,_T,_Z,_Z,_Z,2008,A,USD,
1973.584769,P1Y,0,,A,PU,_Z,2,,,False,WB_WDI,WB_WDI_NY_GDP_PCAP_CD,LKA,_T,_T,_T,_Z,_Z,_Z,2008,A,USD,
16604.944862,P1Y,0,,A,PU,_Z,2,,,False,WB_WDI,WB_WDI_NY_GDP_PCAP_CD,KNA,_T,_T,_T,_Z,_Z,_Z,2008,A,USD,
8516.960755,P1Y,0,,A,PU,_Z,2,,,False,WB_WDI,WB_WDI_NY_GDP_PCAP_CD,LCA,_T,_T,_T,_Z,_Z,_Z,2008,A,USD,
6598.905315,P1Y,0,,A,PU,_Z,2,,,False,WB_WDI,WB_WDI_NY_GDP_PCAP_CD,VCT,_T,_T,_T,_Z,_Z,_Z,2008,A,USD,
1527.582397,P1Y,0,,A,PU,_Z,2,,,False,WB_WDI,WB_WDI_NY_GDP_PCAP_CD,SDN,_T,_T,_T,_Z,_Z,_Z,2008,A,USD,
6576.085463,P1Y,0,,A,PU,_Z,2,,,False,WB_WDI,WB_WDI_NY_GDP_PCAP_CD,SUR,_T,_T,_T,_Z,_Z,_Z,2008,A,USD,
55817.175973,P1Y,0,,A,PU,_Z,2,,,False,WB_WDI,WB_WDI_NY_GDP_PCAP_CD,SWE,_T,_T,_T,_Z,_Z,_Z,2008,A,USD,
75147.537671,P1Y,0,,A,PU,_Z,2,,,False,WB_WDI,WB_WDI_NY_GDP_PCAP_CD,CHE,_T,_T,_T,_Z,_Z,_Z,2008,A,USD,
2429.124763,P1Y,0,,A,PU,_Z,2,,,False,WB_WDI,WB_WDI_NY_GDP_PCAP_CD,SYR,_T,_T,_T,_Z,_Z,_Z,2008,A,USD,
703.327376,P1Y,0,,A,PU,_Z,2,,,False,WB_WDI,WB_WDI_NY_GDP_PCAP_CD,TJK,_T,_T,_T,_Z,_Z,_Z,2008,A,USD,
675.977234,P1Y,0,,A,PU,_Z,2,,,False,WB_WDI,WB_WDI_NY_GDP_PCAP_CD,TZA,_T,_T,_T,_Z,_Z,_Z,2008,A,USD,
29813.787717,P1Y,0,,A,PU,_Z,2,,,False,WB_WDI,WB_WDI_NY_GDP_PCAP_CD,MAC,_T,_T,_T,_Z,_Z,_Z,2006,A,USD,
324.146875,P1Y,0,,A,PU,_Z,2,,,False,WB_WDI,WB_WDI_NY_GDP_PCAP_CD,MDG,_T,_T,_T,_Z,_Z,_Z,2006,A,USD,
440.822149,P1Y,0,,A,PU,_Z,2,,,False,WB_WDI,WB_WDI_NY_GDP_PCAP_CD,MWI,_T,_T,_T,_Z,_Z,_Z,2006,A,USD,
6158.407855,P1Y,0,,A,PU,_Z,2,,,False,WB_WDI,WB_WDI_NY_GDP_PCAP_CD,MYS,_T,_T,_T,_Z,_Z,_Z,2006,A,USD,
5018.943354,P1Y,0,,A,PU,_Z,2,,,False,WB_WDI,WB_WDI_NY_GDP_PCAP_CD,MDV,_T,_T,_T,_Z,_Z,_Z,2006,A,USD,
586.985416,P1Y,0,,A,PU,_Z,2,,,False,WB_WDI,WB_WDI_NY_GDP_PCAP_CD,MLI,_T,_T,_T,_Z,_Z,_Z,2006,A,USD,
16653.603831,P1Y,0,,A,PU,_Z,2,,,False,WB_WDI,WB_WDI_NY_GDP_PCAP_CD,MLT,_T,_T,_T,_Z,_Z,_Z,2006,A,USD,
2754.269888,P1Y,0,,A,PU,_Z,2,,,False,WB_WDI,WB_WDI_NY_GDP_PCAP_CD,MHL,_T,_T,_T,_Z,_Z,_Z,2006,A,USD,
1300.60368,P1Y,0,,A,PU,_Z,2,,,False,WB_WDI,WB_WDI_NY_GDP_PCAP_CD,MRT,_T,_T,_T,_Z,_Z,_Z,2006,A,USD,
5784.224919,P1Y,0,,A,PU,_Z,2,,,False,WB_WDI,WB_WDI_NY_GDP_PCAP_CD,MUS,_T,_T,_T,_Z,_Z,_Z,2006,A,USD,
9512.635753,P1Y,0,,A,PU,_Z,2,,,False,WB_WDI,WB_WDI_NY_GDP_PCAP_CD,MEX,_T,_T,_T,_Z,_Z,_Z,2006,A,USD,
1915.589266,P1Y,0,,A,PU,_Z,2,,,False,WB_WDI,WB_WDI_NY_GDP_PCAP_CD,NAM,_T,_T,_T,_Z,_Z,_Z,2001,A,USD,
2232.30874,P1Y,0,,A,PU,_Z,2,,,False,WB_WDI,WB_WDI_NY_GDP_PCAP_CD,NRU,_T,_T,_T,_Z,_Z,_Z,2001,A,USD,
240.795115,P1Y,0,,A,PU,_Z,2,,,False,WB_WDI,WB_WDI_NY_GDP_PCAP_CD,NPL,_T,_T,_T,_Z,_Z,_Z,2001,A,USD,
26955.712803,P1Y,0,,A,PU,_Z,2,,,False,WB_WDI,WB_WDI_NY_GDP_PCAP_CD,NLD,_T,_T,_T,_Z,_Z,_Z,2001,A,USD,
14482.360626,P1Y,0,,A,PU,_Z,2,,,False,WB_WDI,WB_WDI_NY_GDP_PCAP_CD,NCL,_T,_T,_T,_Z,_Z,_Z,2001,A,USD,
13882.856827,P1Y,0,,A,PU,_Z,2,,,False,WB_WDI,WB_WDI_NY_GDP_PCAP_CD,NZL,_T,_T,_T,_Z,_Z,_Z,2001,A,USD,
1051.874236,P1Y,0,,A,PU,_Z,2,,,False,WB_WDI,WB_WDI_NY_GDP_PCAP_CD,NIC,_T,_T,_T,_Z,_Z,_Z,2001,A,USD,
205.417936,P1Y,0,,A,PU,_Z,2,,,False,WB_WDI,WB_WDI_NY_GDP_PCAP_CD,NER,_T,_T,_T,_Z,_Z,_Z,2001,A,USD,
566.428232,P1Y,0,,A,PU,_Z,2,,,False,WB_WDI,WB_WDI_NY_GDP_PCAP_CD,NGA,_T,_T,_T,_Z,_Z,_Z,2001,A,USD,
1823.022677,P1Y,0,,A,PU,_Z,2,,,False,WB_WDI,WB_WDI_NY_GDP_PCAP_CD,MKD,_T,_T,_T,_Z,_Z,_Z,2001,A,USD,
38458.253091,P1Y,0,,A,PU,_Z,2,,,False,WB_WDI,WB_WDI_NY_GDP_PCAP_CD,NOR,_T,_T,_T,_Z,_Z,_Z,2001,A,USD,
9611.963602,P1Y,0,,A,PU,_Z,2,,,False,WB_WDI,WB_WDI_NY_GDP_PCAP_CD,OMN,_T,_T,_T,_Z,_Z,_Z,2001,A,USD,
609.939507,P1Y,0,,A,PU,_Z,2,,,False,WB_WDI,WB_WDI_NY_GDP_PCAP_CD,PAK,_T,_T,_T,_Z,_Z,_Z,2001,A,USD,
4320.116715,P1Y,0,,A,PU,_Z,2,,,False,WB_WDI,WB_WDI_NY_GDP_PCAP_CD,SLV,_T,_T,_T,_Z,_Z,_Z,2019,A,USD,
6804.149231,P1Y,0,,A,PU,_Z,2,,,False,WB_WDI,WB_WDI_NY_GDP_PCAP_CD,GNQ,_T,_T,_T,_Z,_Z,_Z,2019,A,USD,
24021.250141,P1Y,0,,A,PU,_Z,2,,,False,WB_WDI,WB_WDI_NY_GDP_PCAP_CD,EST,_T,_T,_T,_Z,_Z,_Z,2019,A,USD,
3913.145775,P1Y,0,,A,PU,_Z,2,,,False,WB_WDI,WB_WDI_NY_GDP_PCAP_CD,SWZ,_T,_T,_T,_Z,_Z,_Z,2019,A,USD,
793.473247,P1Y,0,,A,PU,_Z,2,,,False,WB_WDI,WB_WDI_NY_GDP_PCAP_CD,ETH,_T,_T,_T,_Z,_Z,_Z,2019,A,USD,
63070.722808,P1Y,0,,A,PU,_Z,2,,,False,WB_WDI,WB_WDI_NY_GDP_PCAP_CD,FRO,_T,_T,_T,_Z,_Z,_Z,2019,A,USD,
5842.073446,P1Y,0,,A,PU,_Z,2,,,False,WB_WDI,WB_WDI_NY_GDP_PCAP_CD,FJI,_T,_T,_T,_Z,_Z,_Z,2019,A,USD,
48358.180777,P1Y,0,,A,PU,_Z,2,,,False,WB_WDI,WB_WDI_NY_GDP_PCAP_CD,FIN,_T,_T,_T,_Z,_Z,_Z,2019,A,USD,
40408.284857,P1Y,0,,A,PU,_Z,2,,,False,WB_WDI,WB_WDI_NY_GDP_PCAP_CD,FRA,_T,_T,_T,_Z,_Z,_Z,2019,A,USD,
21582.589205,P1Y,0,,A,PU,_Z,2,,,False,WB_WDI,WB_WDI_NY_GDP_PCAP_CD,PYF,_T,_T,_T,_Z,_Z,_Z,2019,A,USD,
7441.178647,P1Y,0,,A,PU,_Z,2,,,False,WB_WDI,WB_WDI_NY_GDP_PCAP_CD,GAB,_T,_T,_T,_Z,_Z,_Z,2019,A,USD,
738.186752,P1Y,0,,A,PU,_Z,2,,,False,WB_WDI,WB_WDI_NY_GDP_PCAP_CD,GMB,_T,_T,_T,_Z,_Z,_Z,2019,A,USD,
1244.965505,P1Y,0,,A,PU,_Z,2,,,False,WB_WDI,WB_WDI_NY_GDP_PCAP_CD,GIN,_T,_T,_T,_Z,_Z,_Z,2021,A,USD,
926.546192,P1Y,0,,A,PU,_Z,2,,,False,WB_WDI,WB_WDI_NY_GDP_PCAP_CD,GNB,_T,_T,_T,_Z,_Z,_Z,2021,A,USD,
9860.870148,P1Y,0,,A,PU,_Z,2,,,False,WB_WDI,WB_WDI_NY_GDP_PCAP_CD,GUY,_T,_T,_T,_Z,_Z,_Z,2021,A,USD,
1824.679874,P1Y,0,,A,PU,_Z,2,,,False,WB_WDI,WB_WDI_NY_GDP_PCAP_CD,HTI,_T,_T,_T,_Z,_Z,_Z,2021,A,USD,
2735.147515,P1Y,0,,A,PU,_Z,2,,,False,WB_WDI,WB_WDI_NY_GDP_PCAP_CD,HND,_T,_T,_T,_Z,_Z,_Z,2021,A,USD,
49770.564237,P1Y,0,,A,PU,_Z,2,,,False,WB_WDI,WB_WDI_NY_GDP_PCAP_CD,HKG,_T,_T,_T,_Z,_Z,_Z,2021,A,USD,
19030.62813,P1Y,0,,A,PU,_Z,2,,,False,WB_WDI,WB_WDI_NY_GDP_PCAP_CD,HUN,_T,_T,_T,_Z,_Z,_Z,2021,A,USD,
70425.406428,P1Y,0,,A,PU,_Z,2,,,False,WB_WDI,WB_WDI_NY_GDP_PCAP_CD,ISL,_T,_T,_T,_Z,_Z,_Z,2021,A,USD,
2239.613844,P1Y,0,,A,PU,_Z,2,,,False,WB_WDI,WB_WDI_NY_GDP_PCAP_CD,IND,_T,_T,_T,_Z,_Z,_Z,2021,A,USD,
4287.17314,P1Y,0,,A,PU,_Z,2,,,False,WB_WDI,WB_WDI_NY_GDP_PCAP_CD,IDN,_T,_T,_T,_Z,_Z,_Z,2021,A,USD,
4605.148813,P1Y,0,,A,PU,_Z,2,,,False,WB_WDI,WB_WDI_NY_GDP_PCAP_CD,IRN,_T,_T,_T,_Z,_Z,_Z,2021,A,USD,
5561.19167,P1Y,0,,A,PU,_Z,2,,,False,WB_WDI,WB_WDI_NY_GDP_PCAP_CD,LBN,_T,_T,_T,_Z,_Z,_Z,2020,A,USD,
918.582575,P1Y,0,,A,PU,_Z,2,,,False,WB_WDI,WB_WDI_NY_GDP_PCAP_CD,LSO,_T,_T,_T,_Z,_Z,_Z,2020,A,USD,
616.787867,P1Y,0,,A,PU,_Z,2,,,False,WB_WDI,WB_WDI_NY_GDP_PCAP_CD,LBR,_T,_T,_T,_Z,_Z,_Z,2020,A,USD,
6650.338106,P1Y,0,,A,PU,_Z,2,,,False,WB_WDI,WB_WDI_NY_GDP_PCAP_CD,LBY,_T,_T,_T,_Z,_Z,_Z,2020,A,USD,
164671.093553,P1Y,0,,A,PU,_Z,2,,,False,WB_WDI,WB_WDI_NY_GDP_PCAP_CD,LIE,_T,_T,_T,_Z,_Z,_Z,2020,A,USD,
20428.647816,P1Y,0,,A,PU,_Z,2,,,False,WB_WDI,WB_WDI_NY_GDP_PCAP_CD,LTU,_T,_T,_T,_Z,_Z,_Z,2020,A,USD,
116860.028172,P1Y,0,,A,PU,_Z,2,,,False,WB_WDI,WB_WDI_NY_GDP_PCAP_CD,LUX,_T,_T,_T,_Z,_Z,_Z,2020,A,USD,
36883.665258,P1Y,0,,A,PU,_Z,2,,,False,WB_WDI,WB_WDI_NY_GDP_PCAP_CD,MAC,_T,_T,_T,_Z,_Z,_Z,2020,A,USD,
450.771615,P1Y,0,,A,PU,_Z,2,,,False,WB_WDI,WB_WDI_NY_GDP_PCAP_CD,MDG,_T,_T,_T,_Z,_Z,_Z,2020,A,USD,
602.507478,P1Y,0,,A,PU,_Z,2,,,False,WB_WDI,WB_WDI_NY_GDP_PCAP_CD,MWI,_T,_T,_T,_Z,_Z,_Z,2020,A,USD,
9957.526267,P1Y,0,,A,PU,_Z,2,,,False,WB_WDI,WB_WDI_NY_GDP_PCAP_CD,MYS,_T,_T,_T,_Z,_Z,_Z,2020,A,USD,
7393.888654,P1Y,0,,A,PU,_Z,2,,,False,WB_WDI,WB_WDI_NY_GDP_PCAP_CD,MDV,_T,_T,_T,_Z,_Z,_Z,2020,A,USD,
52542.575909,P1Y,0,,A,PU,_Z,2,,,False,WB_WDI,WB_WDI_NY_GDP_PCAP_CD,SWE,_T,_T,_T,_Z,_Z,_Z,2010,A,USD,
77956.126204,P1Y,0,,A,PU,_Z,2,,,False,WB_WDI,WB_WDI_NY_GDP_PCAP_CD,CHE,_T,_T,_T,_Z,_Z,_Z,2010,A,USD,
2730.614878,P1Y,0,,A,PU,_Z,2,,,False,WB_WDI,WB_WDI_NY_GDP_PCAP_CD,SYR,_T,_T,_T,_Z,_Z,_Z,2010,A,USD,
737.338883,P1Y,0,,A,PU,_Z,2,,,False,WB_WDI,WB_WDI_NY_GDP_PCAP_CD,TJK,_T,_T,_T,_Z,_Z,_Z,2010,A,USD,
736.530151,P1Y,0,,A,PU,_Z,2,,,False,WB_WDI,WB_WDI_NY_GDP_PCAP_CD,TZA,_T,_T,_T,_Z,_Z,_Z,2010,A,USD,
4973.862888,P1Y,0,,A,PU,_Z,2,,,False,WB_WDI,WB_WDI_NY_GDP_PCAP_CD,THA,_T,_T,_T,_Z,_Z,_Z,2010,A,USD,
813.060177,P1Y,0,,A,PU,_Z,2,,,False,WB_WDI,WB_WDI_NY_GDP_PCAP_CD,TLS,_T,_T,_T,_Z,_Z,_Z,2010,A,USD,
750.323421,P1Y,0,,A,PU,_Z,2,,,False,WB_WDI,WB_WDI_NY_GDP_PCAP_CD,TGO,_T,_T,_T,_Z,_Z,_Z,2010,A,USD,
3416.083566,P1Y,0,,A,PU,_Z,2,,,False,WB_WDI,WB_WDI_NY_GDP_PCAP_CD,TON,_T,_T,_T,_Z,_Z,_Z,2010,A,USD,
16815.424737,P1Y,0,,A,PU,_Z,2,,,False,WB_WDI,WB_WDI_NY_GDP_PCAP_CD,TTO,_T,_T,_T,_Z,_Z,_Z,2010,A,USD,
4291.861209,P1Y,0,,A,PU,_Z,2,,,False,WB_WDI,WB_WDI_NY_GDP_PCAP_CD,TUN,_T,_T,_T,_Z,_Z,_Z,2010,A,USD,
6828.534225,P1Y,0,,A,PU,_Z,2,,,False,WB_WDI,WB_WDI_NY_GDP_PCAP_CD,PER,_T,_T,_T,_Z,_Z,_Z,2021,A,USD,
3484.385939,P1Y,0,,A,PU,_Z,2,,,False,WB_WDI,WB_WDI_NY_GDP_PCAP_CD,PHL,_T,_T,_T,_Z,_Z,_Z,2021,A,USD,
18635.51049,P1Y,0,,A,PU,_Z,2,,,False,WB_WDI,WB_WDI_NY_GDP_PCAP_CD,POL,_T,_T,_T,_Z,_Z,_Z,2021,A,USD,
24711.451006,P1Y,0,,A,PU,_Z,2,,,False,WB_WDI,WB_WDI_NY_GDP_PCAP_CD,PRT,_T,_T,_T,_Z,_Z,_Z,2021,A,USD,
32618.870511,P1Y,0,,A,PU,_Z,2,,,False,WB_WDI,WB_WDI_NY_GDP_PCAP_CD,PRI,_T,_T,_T,_Z,_Z,_Z,2021,A,USD,
71751.883126,P1Y,0,,A,PU,_Z,2,,,False,WB_WDI,WB_WDI_NY_GDP_PCAP_CD,QAT,_T,_T,_T,_Z,_Z,_Z,2021,A,USD,
14908.041281,P1Y,0,,A,PU,_Z,2,,,False,WB_WDI,WB_WDI_NY_GDP_PCAP_CD,ROU,_T,_T,_T,_Z,_Z,_Z,2021,A,USD,
12425.029297,P1Y,0,,A,PU,_Z,2,,,False,WB_WDI,WB_WDI_NY_GDP_PCAP_CD,RUS,_T,_T,_T,_Z,_Z,_Z,2021,A,USD,
842.581493,P1Y,0,,A,PU,_Z,2,,,False,WB_WDI,WB_WDI_NY_GDP_PCAP_CD,RWA,_T,_T,_T,_Z,_Z,_Z,2021,A,USD,
4021.559349,P1Y,0,,A,PU,_Z,2,,,False,WB_WDI,WB_WDI_NY_GDP_PCAP_CD,WSM,_T,_T,_T,_Z,_Z,_Z,2021,A,USD,
54168.974431,P1Y,0,,A,PU,_Z,2,,,False,WB_WDI,WB_WDI_NY_GDP_PCAP_CD,SMR,_T,_T,_T,_Z,_Z,_Z,2021,A,USD,
1220.179077,P1Y,0,,A,PU,_Z,2,,,False,WB_WDI,WB_WDI_NY_GDP_PCAP_CD,SYR,_T,_T,_T,_Z,_Z,_Z,2003,A,USD,
233.581248,P1Y,0,,A,PU,_Z,2,,,False,WB_WDI,WB_WDI_NY_GDP_PCAP_CD,TJK,_T,_T,_T,_Z,_Z,_Z,2003,A,USD,
422.183594,P1Y,0,,A,PU,_Z,2,,,False,WB_WDI,WB_WDI_NY_GDP_PCAP_CD,TZA,_T,_T,_T,_Z,_Z,_Z,2003,A,USD,
2347.540013,P1Y,0,,A,PU,_Z,2,,,False,WB_WDI,WB_WDI_NY_GDP_PCAP_CD,THA,_T,_T,_T,_Z,_Z,_Z,2003,A,USD,
534.901154,P1Y,0,,A,PU,_Z,2,,,False,WB_WDI,WB_WDI_NY_GDP_PCAP_CD,TLS,_T,_T,_T,_Z,_Z,_Z,2003,A,USD,
579.728196,P1Y,0,,A,PU,_Z,2,,,False,WB_WDI,WB_WDI_NY_GDP_PCAP_CD,TGO,_T,_T,_T,_Z,_Z,_Z,2003,A,USD,
1936.04104,P1Y,0,,A,PU,_Z,2,,,False,WB_WDI,WB_WDI_NY_GDP_PCAP_CD,TON,_T,_T,_T,_Z,_Z,_Z,2003,A,USD,
8445.046535,P1Y,0,,A,PU,_Z,2,,,False,WB_WDI,WB_WDI_NY_GDP_PCAP_CD,TTO,_T,_T,_T,_Z,_Z,_Z,2003,A,USD,
2725.864315,P1Y,0,,A,PU,_Z,2,,,False,WB_WDI,WB_WDI_NY_GDP_PCAP_CD,TUN,_T,_T,_T,_Z,_Z,_Z,2003,A,USD,
4649.636681,P1Y,0,,A,PU,_Z,2,,,False,WB_WDI,WB_WDI_NY_GDP_PCAP_CD,TUR,_T,_T,_T,_Z,_Z,_Z,2003,A,USD,
1228.948703,P1Y,0,,A,PU,_Z,2,,,False,WB_WDI,WB_WDI_NY_GDP_PCAP_CD,TKM,_T,_T,_T,_Z,_Z,_Z,2003,A,USD,
18859.189027,P1Y,0,,A,PU,_Z,2,,,False,WB_WDI,WB_WDI_NY_GDP_PCAP_CD,TCA,_T,_T,_T,_Z,_Z,_Z,2003,A,USD,
2006.842499,P1Y,0,,A,PU,_Z,2,,,False,WB_WDI,WB_WDI_NY_GDP_PCAP_CD,TUV,_T,_T,_T,_Z,_Z,_Z,2003,A,USD,
3951.116834,P1Y,0,,A,PU,_Z,2,,,False,WB_WDI,WB_WDI_NY_GDP_PCAP_CD,TUN,_T,_T,_T,_Z,_Z,_Z,2023,A,USD,
13375.094728,P1Y,0,,A,PU,_Z,2,,,False,WB_WDI,WB_WDI_NY_GDP_PCAP_CD,TUR,_T,_T,_T,_Z,_Z,_Z,2023,A,USD,
5298.464219,P1Y,0,,A,PU,_Z,2,,,False,WB_WDI,WB_WDI_NY_GDP_PCAP_CD,TKM,_T,_T,_T,_Z,_Z,_Z,2023,A,USD,
35470.215161,P1Y,0,,A,PU,_Z,2,,,False,WB_WDI,WB_WDI_NY_GDP_PCAP_CD,TCA,_T,_T,_T,_Z,_Z,_Z,2023,A,USD,
6344.775019,P1Y,0,,A,PU,_Z,2,,,True,WB_WDI,WB_WDI_NY_GDP_PCAP_CD,TUV,_T,_T,_T,_Z,_Z,_Z,2023,A,USD,
1002.309139,P1Y,0,,A,PU,_Z,2,,,False,WB_WDI,WB_WDI_NY_GDP_PCAP_CD,UGA,_T,_T,_T,_Z,_Z,_Z,2023,A,USD,
5139.598145,P1Y,0,,A,PU,_Z,2,,,False,WB_WDI,WB_WDI_NY_GDP_PCAP_CD,UKR,_T,_T,_T,_Z,_Z,_Z,2023,A,USD,
49850.694508,P1Y,0,,A,PU,_Z,2,,,False,WB_WDI,WB_WDI_NY_GDP_PCAP_CD,ARE,_T,_T,_T,_Z,_Z,_Z,2023,A,USD,
49919.689662,P1Y,0,,A,PU,_Z,2,,,False,WB_WDI,WB_WDI_NY_GDP_PCAP_CD,GBR,_T,_T,_T,_Z,_Z,_Z,2023,A,USD,
82586.784771,P1Y,0,,A,PU,_Z,2,,,False,WB_WDI,WB_WDI_NY_GDP_PCAP_CD,USA,_T,_T,_T,_Z,_Z,_Z,2023,A,USD,
23378.639973,P1Y,0,,A,PU,_Z,2,,,False,WB_WDI,WB_WDI_NY_GDP_PCAP_CD,URY,_T,_T,_T,_Z,_Z,_Z,2023,A,USD,
3015.977051,P1Y,0,,A,PU,_Z,2,,,False,WB_WDI,WB_WDI_NY_GDP_PCAP_CD,UZB,_T,_T,_T,_Z,_Z,_Z,2023,A,USD,
3708.189424,P1Y,0,,A,PU,_Z,2,,,False,WB_WDI,WB_WDI_NY_GDP_PCAP_CD,VUT,_T,_T,_T,_Z,_Z,_Z,2023,A,USD,
3617.470384,P1Y,0,,A,PU,_Z,2,,,False,WB_WDI,WB_WDI_NY_GDP_PCAP_CD,VEN,_T,_T,_T,_Z,_Z,_Z,2023,A,USD,
10901.801995,P1Y,0,,A,PU,_Z,2,,,False,WB_WDI,WB_WDI_NY_GDP_PCAP_CD,MYS,_T,_T,_T,_Z,_Z,_Z,2018,A,USD,
11423.283843,P1Y,0,,A,PU,_Z,2,,,False,WB_WDI,WB_WDI_NY_GDP_PCAP_CD,MDV,_T,_T,_T,_Z,_Z,_Z,2018,A,USD,
996.379292,P1Y,0,,A,PU,_Z,2,,,False,WB_WDI,WB_WDI_NY_GDP_PCAP_CD,MLI,_T,_T,_T,_Z,_Z,_Z,2018,A,USD,
33382.280781,P1Y,0,,A,PU,_Z,2,,,False,WB_WDI,WB_WDI_NY_GDP_PCAP_CD,MLT,_T,_T,_T,_Z,_Z,_Z,2018,A,USD,
4858.120791,P1Y,0,,A,PU,_Z,2,,,False,WB_WDI,WB_WDI_NY_GDP_PCAP_CD,MHL,_T,_T,_T,_Z,_Z,_Z,2018,A,USD,
1723.378094,P1Y,0,,A,PU,_Z,2,,,False,WB_WDI,WB_WDI_NY_GDP_PCAP_CD,MRT,_T,_T,_T,_Z,_Z,_Z,2018,A,USD,
11818.748062,P1Y,0,,A,PU,_Z,2,,,False,WB_WDI,WB_WDI_NY_GDP_PCAP_CD,MUS,_T,_T,_T,_Z,_Z,_Z,2018,A,USD,
10084.793757,P1Y,0,,A,PU,_Z,2,,,False,WB_WDI,WB_WDI_NY_GDP_PCAP_CD,MEX,_T,_T,_T,_Z,_Z,_Z,2018,A,USD,
3584.783776,P1Y,0,,A,PU,_Z,2,,,False,WB_WDI,WB_WDI_NY_GDP_PCAP_CD,FSM,_T,_T,_T,_Z,_Z,_Z,2018,A,USD,
4156.44982,P1Y,0,,A,PU,_Z,2,,,False,WB_WDI,WB_WDI_NY_GDP_PCAP_CD,MDA,_T,_T,_T,_Z,_Z,_Z,2018,A,USD,
188298.389694,P1Y,0,,A,PU,_Z,2,,,False,WB_WDI,WB_WDI_NY_GDP_PCAP_CD,MCO,_T,_T,_T,_Z,_Z,_Z,2018,A,USD,
3918.528174,P1Y,0,,A,PU,_Z,2,,,False,WB_WDI,WB_WDI_NY_GDP_PCAP_CD,THA,_T,_T,_T,_Z,_Z,_Z,2007,A,USD,
540.154584,P1Y,0,,A,PU,_Z,2,,,False,WB_WDI,WB_WDI_NY_GDP_PCAP_CD,TLS,_T,_T,_T,_Z,_Z,_Z,2007,A,USD,
654.083698,P1Y,0,,A,PU,_Z,2,,,False,WB_WDI,WB_WDI_NY_GDP_PCAP_CD,TGO,_T,_T,_T,_Z,_Z,_Z,2007,A,USD,
2797.065601,P1Y,0,,A,PU,_Z,2,,,False,WB_WDI,WB_WDI_NY_GDP_PCAP_CD,TON,_T,_T,_T,_Z,_Z,_Z,2007,A,USD,
16606.675361,P1Y,0,,A,PU,_Z,2,,,False,WB_WDI,WB_WDI_NY_GDP_PCAP_CD,TTO,_T,_T,_T,_Z,_Z,_Z,2007,A,USD,
3726.916729,P1Y,0,,A,PU,_Z,2,,,False,WB_WDI,WB_WDI_NY_GDP_PCAP_CD,TUN,_T,_T,_T,_Z,_Z,_Z,2007,A,USD,
9766.917345,P1Y,0,,A,PU,_Z,2,,,False,WB_WDI,WB_WDI_NY_GDP_PCAP_CD,TUR,_T,_T,_T,_Z,_Z,_Z,2007,A,USD,
2414.96072,P1Y,0,,A,PU,_Z,2,,,False,WB_WDI,WB_WDI_NY_GDP_PCAP_CD,TKM,_T,_T,_T,_Z,_Z,_Z,2007,A,USD,
29443.852303,P1Y,0,,A,PU,_Z,2,,,False,WB_WDI,WB_WDI_NY_GDP_PCAP_CD,TCA,_T,_T,_T,_Z,_Z,_Z,2007,A,USD,
2794.163101,P1Y,0,,A,PU,_Z,2,,,False,WB_WDI,WB_WDI_NY_GDP_PCAP_CD,TUV,_T,_T,_T,_Z,_Z,_Z,2007,A,USD,
401.389131,P1Y,0,,A,PU,_Z,2,,,False,WB_WDI,WB_WDI_NY_GDP_PCAP_CD,UGA,_T,_T,_T,_Z,_Z,_Z,2007,A,USD,
3160.327637,P1Y,0,,A,PU,_Z,2,,,False,WB_WDI,WB_WDI_NY_GDP_PCAP_CD,UKR,_T,_T,_T,_Z,_Z,_Z,2007,A,USD,
45854.735244,P1Y,0,,A,PU,_Z,2,,,False,WB_WDI,WB_WDI_NY_GDP_PCAP_CD,ARE,_T,_T,_T,_Z,_Z,_Z,2007,A,USD,
409.931425,P1Y,0,,A,PU,_Z,2,,,False,WB_WDI,WB_WDI_NY_GDP_PCAP_CD,COD,_T,_T,_T,_Z,_Z,_Z,2012,A,USD,
3732.327373,P1Y,0,,A,PU,_Z,2,,,False,WB_WDI,WB_WDI_NY_GDP_PCAP_CD,COG,_T,_T,_T,_Z,_Z,_Z,2012,A,USD,
10126.999116,P1Y,0,,A,PU,_Z,2,,,False,WB_WDI,WB_WDI_NY_GDP_PCAP_CD,CRI,_T,_T,_T,_Z,_Z,_Z,2012,A,USD,
1546.946018,P1Y,0,,A,PU,_Z,2,,,False,WB_WDI,WB_WDI_NY_GDP_PCAP_CD,CIV,_T,_T,_T,_Z,_Z,_Z,2012,A,USD,
13507.634988,P1Y,0,,A,PU,_Z,2,,,False,WB_WDI,WB_WDI_NY_GDP_PCAP_CD,HRV,_T,_T,_T,_Z,_Z,_Z,2012,A,USD,
6470.836734,P1Y,0,,A,PU,_Z,2,,,False,WB_WDI,WB_WDI_NY_GDP_PCAP_CD,CUB,_T,_T,_T,_Z,_Z,_Z,2012,A,USD,
19809.82232,P1Y,0,,A,PU,_Z,2,,,False,WB_WDI,WB_WDI_NY_GDP_PCAP_CD,CUW,_T,_T,_T,_Z,_Z,_Z,2012,A,USD,
28991.929688,P1Y,0,,A,PU,_Z,2,,,False,WB_WDI,WB_WDI_NY_GDP_PCAP_CD,CYP,_T,_T,_T,_Z,_Z,_Z,2012,A,USD,
20014.035402,P1Y,0,,A,PU,_Z,2,,,False,WB_WDI,WB_WDI_NY_GDP_PCAP_CD,CZE,_T,_T,_T,_Z,_Z,_Z,2012,A,USD,
58443.77471,P1Y,0,,A,PU,_Z,2,,,False,WB_WDI,WB_WDI_NY_GDP_PCAP_CD,DNK,_T,_T,_T,_Z,_Z,_Z,2012,A,USD,
1400.193579,P1Y,0,,A,PU,_Z,2,,,False,WB_WDI,WB_WDI_NY_GDP_PCAP_CD,DJI,_T,_T,_T,_Z,_Z,_Z,2012,A,USD,
47034.779562,P1Y,0,,A,PU,_Z,2,,,False,WB_WDI,WB_WDI_NY_GDP_PCAP_CD,GBR,_T,_T,_T,_Z,_Z,_Z,2022,A,USD,
78008.689581,P1Y,0,,A,PU,_Z,2,,,False,WB_WDI,WB_WDI_NY_GDP_PCAP_CD,USA,_T,_T,_T,_Z,_Z,_Z,2022,A,USD,
21009.28838,P1Y,0,,A,PU,_Z,2,,,False,WB_WDI,WB_WDI_NY_GDP_PCAP_CD,URY,_T,_T,_T,_Z,_Z,_Z,2022,A,USD,
2698.60263,P1Y,0,,A,PU,_Z,2,,,False,WB_WDI,WB_WDI_NY_GDP_PCAP_CD,UZB,_T,_T,_T,_Z,_Z,_Z,2022,A,USD,
3679.535243,P1Y,0,,A,PU,_Z,2,,,False,WB_WDI,WB_WDI_NY_GDP_PCAP_CD,VUT,_T,_T,_T,_Z,_Z,_Z,2022,A,USD,
3155.041909,P1Y,0,,A,PU,_Z,2,,,False,WB_WDI,WB_WDI_NY_GDP_PCAP_CD,VEN,_T,_T,_T,_Z,_Z,_Z,2022,A,USD,
4147.697772,P1Y,0,,A,PU,_Z,2,,,False,WB_WDI,WB_WDI_NY_GDP_PCAP_CD,VNM,_T,_T,_T,_Z,_Z,_Z,2022,A,USD,
44320.909186,P1Y,0,,A,PU,_Z,2,,,True,WB_WDI,WB_WDI_NY_GDP_PCAP_CD,VIR,_T,_T,_T,_Z,_Z,_Z,2022,A,USD,
3799.95527,P1Y,0,,A,PU,_Z,2,,,False,WB_WDI,WB_WDI_NY_GDP_PCAP_CD,PSE,_T,_T,_T,_Z,_Z,_Z,2022,A,USD,
1447.123101,P1Y,0,,A,PU,_Z,2,,,False,WB_WDI,WB_WDI_NY_GDP_PCAP_CD,ZMB,_T,_T,_T,_Z,_Z,_Z,2022,A,USD,
2536.401971,P1Y,0,,A,PU,_Z,2,,,False,WB_WDI,WB_WDI_NY_GDP_PCAP_CD,ZWE,_T,_T,_T,_Z,_Z,_Z,2022,A,USD,
1571.132704,P1Y,0,,A,PU,_Z,2,,,False,WB_WDI,WB_WDI_NY_GDP_PCAP_CD,AFE,_T,_T,_T,_Z,_Z,_Z,2023,A,USD,
2679.40626,P1Y,0,,A,PU,_Z,2,,,False,WB_WDI,WB_WDI_NY_GDP_PCAP_CD,ROU,_T,_T,_T,_Z,_Z,_Z,2003,A,USD,
2975.123047,P1Y,0,,A,PU,_Z,2,,,False,WB_WDI,WB_WDI_NY_GDP_PCAP_CD,RUS,_T,_T,_T,_Z,_Z,_Z,2003,A,USD,
249.012275,P1Y,0,,A,PU,_Z,2,,,False,WB_WDI,WB_WDI_NY_GDP_PCAP_CD,RWA,_T,_T,_T,_Z,_Z,_Z,2003,A,USD,
1798.124297,P1Y,0,,A,PU,_Z,2,,,False,WB_WDI,WB_WDI_NY_GDP_PCAP_CD,WSM,_T,_T,_T,_Z,_Z,_Z,2003,A,USD,
52529.913697,P1Y,0,,A,PU,_Z,2,,,False,WB_WDI,WB_WDI_NY_GDP_PCAP_CD,SMR,_T,_T,_T,_Z,_Z,_Z,2003,A,USD,
663.696212,P1Y,0,,A,PU,_Z,2,,,False,WB_WDI,WB_WDI_NY_GDP_PCAP_CD,STP,_T,_T,_T,_Z,_Z,_Z,2003,A,USD,
11487.220411,P1Y,0,,A,PU,_Z,2,,,False,WB_WDI,WB_WDI_NY_GDP_PCAP_CD,SAU,_T,_T,_T,_Z,_Z,_Z,2003,A,USD,
817.888034,P1Y,0,,A,PU,_Z,2,,,False,WB_WDI,WB_WDI_NY_GDP_PCAP_CD,SEN,_T,_T,_T,_Z,_Z,_Z,2003,A,USD,
3153.901131,P1Y,0,,A,PU,_Z,2,,,False,WB_WDI,WB_WDI_NY_GDP_PCAP_CD,SRB,_T,_T,_T,_Z,_Z,_Z,2003,A,USD,
9070.284608,P1Y,0,,A,PU,_Z,2,,,False,WB_WDI,WB_WDI_NY_GDP_PCAP_CD,SYC,_T,_T,_T,_Z,_Z,_Z,2003,A,USD,
413.817607,P1Y,0,,A,PU,_Z,2,,,False,WB_WDI,WB_WDI_NY_GDP_PCAP_CD,SLE,_T,_T,_T,_Z,_Z,_Z,2003,A,USD,
23730.384005,P1Y,0,,A,PU,_Z,2,,,False,WB_WDI,WB_WDI_NY_GDP_PCAP_CD,SGP,_T,_T,_T,_Z,_Z,_Z,2003,A,USD,
6283.151693,P1Y,0,,A,PU,_Z,2,,,False,WB_WDI,WB_WDI_NY_GDP_PCAP_CD,SVK,_T,_T,_T,_Z,_Z,_Z,2003,A,USD,
12879.427526,P1Y,0,,A,PU,_Z,2,,,False,WB_WDI,WB_WDI_NY_GDP_PCAP_CD,KAZ,_T,_T,_T,_Z,_Z,_Z,2023,A,USD,
1942.588028,P1Y,0,,A,PU,_Z,2,,,False,WB_WDI,WB_WDI_NY_GDP_PCAP_CD,KEN,_T,_T,_T,_Z,_Z,_Z,2023,A,USD,
2200.689186,P1Y,0,,A,PU,_Z,2,,,False,WB_WDI,WB_WDI_NY_GDP_PCAP_CD,KIR,_T,_T,_T,_Z,_Z,_Z,2023,A,USD,
35674.095996,P1Y,0,,A,PU,_Z,2,,,False,WB_WDI,WB_WDI_NY_GDP_PCAP_CD,KOR,_T,_T,_T,_Z,_Z,_Z,2023,A,USD,
6220.332139,P1Y,0,,A,PU,_Z,2,,,False,WB_WDI,WB_WDI_NY_GDP_PCAP_CD,XKX,_T,_T,_T,_Z,_Z,_Z,2023,A,USD,
34091.971481,P1Y,0,,A,PU,_Z,2,,,False,WB_WDI,WB_WDI_NY_GDP_PCAP_CD,KWT,_T,_T,_T,_Z,_Z,_Z,2023,A,USD,
2138.222102,P1Y,0,,A,PU,_Z,2,,,False,WB_WDI,WB_WDI_NY_GDP_PCAP_CD,KGZ,_T,_T,_T,_Z,_Z,_Z,2023,A,USD,
2066.949798,P1Y,0,,A,PU,_Z,2,,,False,WB_WDI,WB_WDI_NY_GDP_PCAP_CD,LAO,_T,_T,_T,_Z,_Z,_Z,2023,A,USD,
22710.263754,P1Y,0,,A,PU,_Z,2,,,False,WB_WDI,WB_WDI_NY_GDP_PCAP_CD,LVA,_T,_T,_T,_Z,_Z,_Z,2023,A,USD,
3477.724898,P1Y,0,,A,PU,_Z,2,,,False,WB_WDI,WB_WDI_NY_GDP_PCAP_CD,LBN,_T,_T,_T,_Z,_Z,_Z,2023,A,USD,
921.435142,P1Y,0,,A,PU,_Z,2,,,False,WB_WDI,WB_WDI_NY_GDP_PCAP_CD,LSO,_T,_T,_T,_Z,_Z,_Z,2023,A,USD,
799.19447,P1Y,0,,A,PU,_Z,2,,,False,WB_WDI,WB_WDI_NY_GDP_PCAP_CD,LBR,_T,_T,_T,_Z,_Z,_Z,2023,A,USD,
1639.852747,P1Y,0,,A,PU,_Z,2,,,False,WB_WDI,WB_WDI_NY_GDP_PCAP_CD,KIR,_T,_T,_T,_Z,_Z,_Z,2015,A,USD,
30171.790655,P1Y,0,,A,PU,_Z,2,,,False,WB_WDI,WB_WDI_NY_GDP_PCAP_CD,KOR,_T,_T,_T,_Z,_Z,_Z,2015,A,USD,
3520.626853,P1Y,0,,A,PU,_Z,2,,,False,WB_WDI,WB_WDI_NY_GDP_PCAP_CD,XKX,_T,_T,_T,_Z,_Z,_Z,2015,A,USD,
29882.21265,P1Y,0,,A,PU,_Z,2,,,False,WB_WDI,WB_WDI_NY_GDP_PCAP_CD,KWT,_T,_T,_T,_Z,_Z,_Z,2015,A,USD,
1105.651938,P1Y,0,,A,PU,_Z,2,,,False,WB_WDI,WB_WDI_NY_GDP_PCAP_CD,KGZ,_T,_T,_T,_Z,_Z,_Z,2015,A,USD,
2121.013391,P1Y,0,,A,PU,_Z,2,,,False,WB_WDI,WB_WDI_NY_GDP_PCAP_CD,LAO,_T,_T,_T,_Z,_Z,_Z,2015,A,USD,
13321.975314,P1Y,0,,A,PU,_Z,2,,,False,WB_WDI,WB_WDI_NY_GDP_PCAP_CD,LVA,_T,_T,_T,_Z,_Z,_Z,2015,A,USD,
7714.11,P1Y,0,,A,PU,_Z,2,,,False,WB_WDI,WB_WDI_NY_GDP_PCAP_CD,LBN,_T,_T,_T,_Z,_Z,_Z,2015,A,USD,
1121.198513,P1Y,0,,A,PU,_Z,2,,,False,WB_WDI,WB_WDI_NY_GDP_PCAP_CD,LSO,_T,_T,_T,_Z,_Z,_Z,2015,A,USD,
692.590082,P1Y,0,,A,PU,_Z,2,,,False,WB_WDI,WB_WDI_NY_GDP_PCAP_CD,LBR,_T,_T,_T,_Z,_Z,_Z,2015,A,USD,
1318.651581,P1Y,0,,A,PU,_Z,2,,,False,WB_WDI,WB_WDI_NY_GDP_PCAP_CD,BEN,_T,_T,_T,_Z,_Z,_Z,2021,A,USD,
112765.081673,P1Y,0,,A,PU,_Z,2,,,False,WB_WDI,WB_WDI_NY_GDP_PCAP_CD,BMU,_T,_T,_T,_Z,_Z,_Z,2021,A,USD,
3570.61258,P1Y,0,,A,PU,_Z,2,,,False,WB_WDI,WB_WDI_NY_GDP_PCAP_CD,BTN,_T,_T,_T,_Z,_Z,_Z,2021,A,USD,
4010.760537,P1Y,0,,A,PU,_Z,2,,,False,WB_WDI,WB_WDI_NY_GDP_PCAP_CD,BOL,_T,_T,_T,_Z,_Z,_Z,2021,A,USD,
7295.343787,P1Y,0,,A,PU,_Z,2,,,False,WB_WDI,WB_WDI_NY_GDP_PCAP_CD,BIH,_T,_T,_T,_Z,_Z,_Z,2021,A,USD,
7807.887946,P1Y,0,,A,PU,_Z,2,,,False,WB_WDI,WB_WDI_NY_GDP_PCAP_CD,BWA,_T,_T,_T,_Z,_Z,_Z,2021,A,USD,
7972.53665,P1Y,0,,A,PU,_Z,2,,,False,WB_WDI,WB_WDI_NY_GDP_PCAP_CD,BRA,_T,_T,_T,_Z,_Z,_Z,2021,A,USD,
31006.963629,P1Y,0,,A,PU,_Z,2,,,False,WB_WDI,WB_WDI_NY_GDP_PCAP_CD,BRN,_T,_T,_T,_Z,_Z,_Z,2021,A,USD,
12966.80852,P1Y,0,,A,PU,_Z,2,,,False,WB_WDI,WB_WDI_NY_GDP_PCAP_CD,BGR,_T,_T,_T,_Z,_Z,_Z,2021,A,USD,
895.535288,P1Y,0,,A,PU,_Z,2,,,False,WB_WDI,WB_WDI_NY_GDP_PCAP_CD,BFA,_T,_T,_T,_Z,_Z,_Z,2021,A,USD,
119969.173269,P1Y,0,,A,PU,_Z,2,,,False,WB_WDI,WB_WDI_NY_GDP_PCAP_CD,BMU,_T,_T,_T,_Z,_Z,_Z,2022,A,USD,
3711.32768,P1Y,0,,A,PU,_Z,2,,,False,WB_WDI,WB_WDI_NY_GDP_PCAP_CD,BTN,_T,_T,_T,_Z,_Z,_Z,2022,A,USD,
4219.461137,P1Y,0,,A,PU,_Z,2,,,False,WB_WDI,WB_WDI_NY_GDP_PCAP_CD,BOL,_T,_T,_T,_Z,_Z,_Z,2022,A,USD,
7655.59421,P1Y,0,,A,PU,_Z,2,,,False,WB_WDI,WB_WDI_NY_GDP_PCAP_CD,BIH,_T,_T,_T,_Z,_Z,_Z,2022,A,USD,
8328.709057,P1Y,0,,A,PU,_Z,2,,,False,WB_WDI,WB_WDI_NY_GDP_PCAP_CD,BWA,_T,_T,_T,_Z,_Z,_Z,2022,A,USD,
9281.333344,P1Y,0,,A,PU,_Z,2,,,False,WB_WDI,WB_WDI_NY_GDP_PCAP_CD,BRA,_T,_T,_T,_Z,_Z,_Z,2022,A,USD,
36632.928095,P1Y,0,,A,PU,_Z,2,,,False,WB_WDI,WB_WDI_NY_GDP_PCAP_CD,BRN,_T,_T,_T,_Z,_Z,_Z,2022,A,USD,
13999.911336,P1Y,0,,A,PU,_Z,2,,,False,WB_WDI,WB_WDI_NY_GDP_PCAP_CD,BGR,_T,_T,_T,_Z,_Z,_Z,2022,A,USD,
827.330843,P1Y,0,,A,PU,_Z,2,,,False,WB_WDI,WB_WDI_NY_GDP_PCAP_CD,BFA,_T,_T,_T,_Z,_Z,_Z,2022,A,USD,
301.832256,P1Y,0,,A,PU,_Z,2,,,False,WB_WDI,WB_WDI_NY_GDP_PCAP_CD,BDI,_T,_T,_T,_Z,_Z,_Z,2022,A,USD,
4323.31362,P1Y,0,,A,PU,_Z,2,,,False,WB_WDI,WB_WDI_NY_GDP_PCAP_CD,CPV,_T,_T,_T,_Z,_Z,_Z,2022,A,USD,
2325.0305,P1Y,0,,A,PU,_Z,2,,,False,WB_WDI,WB_WDI_NY_GDP_PCAP_CD,KHM,_T,_T,_T,_Z,_Z,_Z,2022,A,USD,
1560.894626,P1Y,0,,A,PU,_Z,2,,,False,WB_WDI,WB_WDI_NY_GDP_PCAP_CD,AFE,_T,_T,_T,_Z,_Z,_Z,2021,A,USD,
2116.938294,P1Y,0,,A,PU,_Z,2,,,False,WB_WDI,WB_WDI_NY_GDP_PCAP_CD,AFW,_T,_T,_T,_Z,_Z,_Z,2021,A,USD,
6708.207619,P1Y,0,,A,PU,_Z,2,,,False,WB_WDI,WB_WDI_NY_GDP_PCAP_CD,ARB,_T,_T,_T,_Z,_Z,_Z,2021,A,USD,
13996.447507,P1Y,0,,A,PU,_Z,2,,,False,WB_WDI,WB_WDI_NY_GDP_PCAP_CD,CSS,_T,_T,_T,_Z,_Z,_Z,2021,A,USD,
19224.328774,P1Y,0,,A,PU,_Z,2,,,False,WB_WDI,WB_WDI_NY_GDP_PCAP_CD,CEB,_T,_T,_T,_Z,_Z,_Z,2021,A,USD,
3697.410383,P1Y,0,,A,PU,_Z,2,,,False,WB_WDI,WB_WDI_NY_GDP_PCAP_CD,EAR,_T,_T,_T,_Z,_Z,_Z,2021,A,USD,
13416.977344,P1Y,0,,A,PU,_Z,2,,,False,WB_WDI,WB_WDI_NY_GDP_PCAP_CD,EAS,_T,_T,_T,_Z,_Z,_Z,2021,A,USD,
9974.579179,P1Y,0,,A,PU,_Z,2,,,False,WB_WDI,WB_WDI_NY_GDP_PCAP_CD,EAP,_T,_T,_T,_Z,_Z,_Z,2021,A,USD,
10086.408258,P1Y,0,,A,PU,_Z,2,,,False,WB_WDI,WB_WDI_NY_GDP_PCAP_CD,TEA,_T,_T,_T,_Z,_Z,_Z,2021,A,USD,
42432.291572,P1Y,0,,A,PU,_Z,2,,,False,WB_WDI,WB_WDI_NY_GDP_PCAP_CD,EMU,_T,_T,_T,_Z,_Z,_Z,2021,A,USD,
27700.999667,P1Y,0,,A,PU,_Z,2,,,False,WB_WDI,WB_WDI_NY_GDP_PCAP_CD,ECS,_T,_T,_T,_Z,_Z,_Z,2021,A,USD,
6632.57221,P1Y,0,,A,PU,_Z,2,,,False,WB_WDI,WB_WDI_NY_GDP_PCAP_CD,ECA,_T,_T,_T,_Z,_Z,_Z,2021,A,USD,
9992.005216,P1Y,0,,A,PU,_Z,2,,,False,WB_WDI,WB_WDI_NY_GDP_PCAP_CD,TEC,_T,_T,_T,_Z,_Z,_Z,2021,A,USD,
39206.966337,P1Y,0,,A,PU,_Z,2,,,False,WB_WDI,WB_WDI_NY_GDP_PCAP_CD,EUU,_T,_T,_T,_Z,_Z,_Z,2021,A,USD,
512.5798,P1Y,0,,A,PU,_Z,2,,,False,WB_WDI,WB_WDI_NY_GDP_PCAP_CD,MDG,_T,_T,_T,_Z,_Z,_Z,2008,A,USD,
554.04882,P1Y,0,,A,PU,_Z,2,,,False,WB_WDI,WB_WDI_NY_GDP_PCAP_CD,MWI,_T,_T,_T,_Z,_Z,_Z,2008,A,USD,
8371.821561,P1Y,0,,A,PU,_Z,2,,,False,WB_WDI,WB_WDI_NY_GDP_PCAP_CD,MYS,_T,_T,_T,_Z,_Z,_Z,2008,A,USD,
6757.432809,P1Y,0,,A,PU,_Z,2,,,False,WB_WDI,WB_WDI_NY_GDP_PCAP_CD,MDV,_T,_T,_T,_Z,_Z,_Z,2008,A,USD,
767.194839,P1Y,0,,A,PU,_Z,2,,,False,WB_WDI,WB_WDI_NY_GDP_PCAP_CD,MLI,_T,_T,_T,_Z,_Z,_Z,2008,A,USD,
22405.642627,P1Y,0,,A,PU,_Z,2,,,False,WB_WDI,WB_WDI_NY_GDP_PCAP_CD,MLT,_T,_T,_T,_Z,_Z,_Z,2008,A,USD,
2817.605228,P1Y,0,,A,PU,_Z,2,,,False,WB_WDI,WB_WDI_NY_GDP_PCAP_CD,MHL,_T,_T,_T,_Z,_Z,_Z,2008,A,USD,
1635.563062,P1Y,0,,A,PU,_Z,2,,,False,WB_WDI,WB_WDI_NY_GDP_PCAP_CD,MRT,_T,_T,_T,_Z,_Z,_Z,2008,A,USD,
8140.479836,P1Y,0,,A,PU,_Z,2,,,False,WB_WDI,WB_WDI_NY_GDP_PCAP_CD,MUS,_T,_T,_T,_Z,_Z,_Z,2008,A,USD,
10523.768543,P1Y,0,,A,PU,_Z,2,,,False,WB_WDI,WB_WDI_NY_GDP_PCAP_CD,MEX,_T,_T,_T,_Z,_Z,_Z,2008,A,USD,
2395.902181,P1Y,0,,A,PU,_Z,2,,,False,WB_WDI,WB_WDI_NY_GDP_PCAP_CD,FSM,_T,_T,_T,_Z,_Z,_Z,2008,A,USD,
8340.18965,P1Y,0,,A,PU,_Z,2,,,False,WB_WDI,WB_WDI_NY_GDP_PCAP_CD,PLW,_T,_T,_T,_Z,_Z,_Z,2002,A,USD,
4090.586174,P1Y,0,,A,PU,_Z,2,,,False,WB_WDI,WB_WDI_NY_GDP_PCAP_CD,PAN,_T,_T,_T,_Z,_Z,_Z,2002,A,USD,
506.33179,P1Y,0,,A,PU,_Z,2,,,False,WB_WDI,WB_WDI_NY_GDP_PCAP_CD,PNG,_T,_T,_T,_Z,_Z,_Z,2002,A,USD,
1367.765069,P1Y,0,,A,PU,_Z,2,,,False,WB_WDI,WB_WDI_NY_GDP_PCAP_CD,PRY,_T,_T,_T,_Z,_Z,_Z,2002,A,USD,
2007.370196,P1Y,0,,A,PU,_Z,2,,,False,WB_WDI,WB_WDI_NY_GDP_PCAP_CD,PER,_T,_T,_T,_Z,_Z,_Z,2002,A,USD,
1014.908793,P1Y,0,,A,PU,_Z,2,,,False,WB_WDI,WB_WDI_NY_GDP_PCAP_CD,PHL,_T,_T,_T,_Z,_Z,_Z,2002,A,USD,
5223.45179,P1Y,0,,A,PU,_Z,2,,,False,WB_WDI,WB_WDI_NY_GDP_PCAP_CD,POL,_T,_T,_T,_Z,_Z,_Z,2002,A,USD,
12936.69282,P1Y,0,,A,PU,_Z,2,,,False,WB_WDI,WB_WDI_NY_GDP_PCAP_CD,PRT,_T,_T,_T,_Z,_Z,_Z,2002,A,USD,
18731.45939,P1Y,0,,A,PU,_Z,2,,,False,WB_WDI,WB_WDI_NY_GDP_PCAP_CD,PRI,_T,_T,_T,_Z,_Z,_Z,2002,A,USD,
27226.659351,P1Y,0,,A,PU,_Z,2,,,False,WB_WDI,WB_WDI_NY_GDP_PCAP_CD,QAT,_T,_T,_T,_Z,_Z,_Z,2002,A,USD,
2119.855097,P1Y,0,,A,PU,_Z,2,,,False,WB_WDI,WB_WDI_NY_GDP_PCAP_CD,ROU,_T,_T,_T,_Z,_Z,_Z,2002,A,USD,
2377.529541,P1Y,0,,A,PU,_Z,2,,,False,WB_WDI,WB_WDI_NY_GDP_PCAP_CD,RUS,_T,_T,_T,_Z,_Z,_Z,2002,A,USD,
25420.234883,P1Y,0,,A,PU,_Z,2,,,False,WB_WDI,WB_WDI_NY_GDP_PCAP_CD,NZL,_T,_T,_T,_Z,_Z,_Z,2004,A,USD,
1098.621187,P1Y,0,,A,PU,_Z,2,,,False,WB_WDI,WB_WDI_NY_GDP_PCAP_CD,NIC,_T,_T,_T,_Z,_Z,_Z,2004,A,USD,
283.468282,P1Y,0,,A,PU,_Z,2,,,False,WB_WDI,WB_WDI_NY_GDP_PCAP_CD,NER,_T,_T,_T,_Z,_Z,_Z,2004,A,USD,
962.481042,P1Y,0,,A,PU,_Z,2,,,False,WB_WDI,WB_WDI_NY_GDP_PCAP_CD,NGA,_T,_T,_T,_Z,_Z,_Z,2004,A,USD,
2818.581456,P1Y,0,,A,PU,_Z,2,,,False,WB_WDI,WB_WDI_NY_GDP_PCAP_CD,MKD,_T,_T,_T,_Z,_Z,_Z,2004,A,USD,
18924.58319,P1Y,0,,A,PU,_Z,2,,,False,WB_WDI,WB_WDI_NY_GDP_PCAP_CD,MNP,_T,_T,_T,_Z,_Z,_Z,2004,A,USD,
57854.569817,P1Y,0,,A,PU,_Z,2,,,False,WB_WDI,WB_WDI_NY_GDP_PCAP_CD,NOR,_T,_T,_T,_Z,_Z,_Z,2004,A,USD,
11800.850741,P1Y,0,,A,PU,_Z,2,,,False,WB_WDI,WB_WDI_NY_GDP_PCAP_CD,OMN,_T,_T,_T,_Z,_Z,_Z,2004,A,USD,
771.902247,P1Y,0,,A,PU,_Z,2,,,False,WB_WDI,WB_WDI_NY_GDP_PCAP_CD,PAK,_T,_T,_T,_Z,_Z,_Z,2004,A,USD,
8393.730291,P1Y,0,,A,PU,_Z,2,,,False,WB_WDI,WB_WDI_NY_GDP_PCAP_CD,PLW,_T,_T,_T,_Z,_Z,_Z,2004,A,USD,
4644.565824,P1Y,0,,A,PU,_Z,2,,,False,WB_WDI,WB_WDI_NY_GDP_PCAP_CD,PAN,_T,_T,_T,_Z,_Z,_Z,2004,A,USD,
620.596148,P1Y,0,,A,PU,_Z,2,,,False,WB_WDI,WB_WDI_NY_GDP_PCAP_CD,PNG,_T,_T,_T,_Z,_Z,_Z,2004,A,USD,
1786.215339,P1Y,0,,A,PU,_Z,2,,,False,WB_WDI,WB_WDI_NY_GDP_PCAP_CD,PRY,_T,_T,_T,_Z,_Z,_Z,2004,A,USD,
5074.60051,P1Y,0,,A,PU,_Z,2,,,False,WB_WDI,WB_WDI_NY_GDP_PCAP_CD,SLV,_T,_T,_T,_Z,_Z,_Z,2022,A,USD,
7589.299649,P1Y,0,,A,PU,_Z,2,,,False,WB_WDI,WB_WDI_NY_GDP_PCAP_CD,GNQ,_T,_T,_T,_Z,_Z,_Z,2022,A,USD,
28340.382655,P1Y,0,,A,PU,_Z,2,,,False,WB_WDI,WB_WDI_NY_GDP_PCAP_CD,EST,_T,_T,_T,_Z,_Z,_Z,2022,A,USD,
3894.162009,P1Y,0,,A,PU,_Z,2,,,False,WB_WDI,WB_WDI_NY_GDP_PCAP_CD,SWZ,_T,_T,_T,_Z,_Z,_Z,2022,A,USD,
982.103162,P1Y,0,,A,PU,_Z,2,,,False,WB_WDI,WB_WDI_NY_GDP_PCAP_CD,ETH,_T,_T,_T,_Z,_Z,_Z,2022,A,USD,
67069.398744,P1Y,0,,A,PU,_Z,2,,,False,WB_WDI,WB_WDI_NY_GDP_PCAP_CD,FRO,_T,_T,_T,_Z,_Z,_Z,2022,A,USD,
5414.120921,P1Y,0,,A,PU,_Z,2,,,False,WB_WDI,WB_WDI_NY_GDP_PCAP_CD,FJI,_T,_T,_T,_Z,_Z,_Z,2022,A,USD,
50440.560225,P1Y,0,,A,PU,_Z,2,,,False,WB_WDI,WB_WDI_NY_GDP_PCAP_CD,FIN,_T,_T,_T,_Z,_Z,_Z,2022,A,USD,
40988.639641,P1Y,0,,A,PU,_Z,2,,,False,WB_WDI,WB_WDI_NY_GDP_PCAP_CD,FRA,_T,_T,_T,_Z,_Z,_Z,2022,A,USD,
20053.956937,P1Y,0,,A,PU,_Z,2,,,False,WB_WDI,WB_WDI_NY_GDP_PCAP_CD,PYF,_T,_T,_T,_Z,_Z,_Z,2022,A,USD,
8409.207415,P1Y,0,,A,PU,_Z,2,,,False,WB_WDI,WB_WDI_NY_GDP_PCAP_CD,GAB,_T,_T,_T,_Z,_Z,_Z,2022,A,USD,
836.244876,P1Y,0,,A,PU,_Z,2,,,False,WB_WDI,WB_WDI_NY_GDP_PCAP_CD,GMB,_T,_T,_T,_Z,_Z,_Z,2022,A,USD,
6729.846599,P1Y,0,,A,PU,_Z,2,,,False,WB_WDI,WB_WDI_NY_GDP_PCAP_CD,GEO,_T,_T,_T,_Z,_Z,_Z,2022,A,USD,
42560.345677,P1Y,0,,A,PU,_Z,2,,,False,WB_WDI,WB_WDI_NY_GDP_PCAP_CD,FIN,_T,_T,_T,_Z,_Z,_Z,2015,A,USD,
36702.432373,P1Y,0,,A,PU,_Z,2,,,False,WB_WDI,WB_WDI_NY_GDP_PCAP_CD,FRA,_T,_T,_T,_Z,_Z,_Z,2015,A,USD,
19166.959476,P1Y,0,,A,PU,_Z,2,,,False,WB_WDI,WB_WDI_NY_GDP_PCAP_CD,PYF,_T,_T,_T,_Z,_Z,_Z,2015,A,USD,
7047.126546,P1Y,0,,A,PU,_Z,2,,,False,WB_WDI,WB_WDI_NY_GDP_PCAP_CD,GAB,_T,_T,_T,_Z,_Z,_Z,2015,A,USD,
619.536364,P1Y,0,,A,PU,_Z,2,,,False,WB_WDI,WB_WDI_NY_GDP_PCAP_CD,GMB,_T,_T,_T,_Z,_Z,_Z,2015,A,USD,
4086.622347,P1Y,0,,A,PU,_Z,2,,,False,WB_WDI,WB_WDI_NY_GDP_PCAP_CD,GEO,_T,_T,_T,_Z,_Z,_Z,2015,A,USD,
41929.754911,P1Y,0,,A,PU,_Z,2,,,False,WB_WDI,WB_WDI_NY_GDP_PCAP_CD,DEU,_T,_T,_T,_Z,_Z,_Z,2015,A,USD,
1722.772828,P1Y,0,,A,PU,_Z,2,,,False,WB_WDI,WB_WDI_NY_GDP_PCAP_CD,GHA,_T,_T,_T,_Z,_Z,_Z,2015,A,USD,
17980.729824,P1Y,0,,A,PU,_Z,2,,,False,WB_WDI,WB_WDI_NY_GDP_PCAP_CD,GRC,_T,_T,_T,_Z,_Z,_Z,2015,A,USD,
44536.354971,P1Y,0,,A,PU,_Z,2,,,False,WB_WDI,WB_WDI_NY_GDP_PCAP_CD,GRL,_T,_T,_T,_Z,_Z,_Z,2015,A,USD,
8694.12438,P1Y,0,,A,PU,_Z,2,,,False,WB_WDI,WB_WDI_NY_GDP_PCAP_CD,GRD,_T,_T,_T,_Z,_Z,_Z,2015,A,USD,
35165.701464,P1Y,0,,A,PU,_Z,2,,,False,WB_WDI,WB_WDI_NY_GDP_PCAP_CD,GUM,_T,_T,_T,_Z,_Z,_Z,2015,A,USD,
378.191679,P1Y,0,,A,PU,_Z,2,,,False,WB_WDI,WB_WDI_NY_GDP_PCAP_CD,MLI,_T,_T,_T,_Z,_Z,_Z,2002,A,USD,
11251.202488,P1Y,0,,A,PU,_Z,2,,,False,WB_WDI,WB_WDI_NY_GDP_PCAP_CD,MLT,_T,_T,_T,_Z,_Z,_Z,2002,A,USD,
2566.067088,P1Y,0,,A,PU,_Z,2,,,False,WB_WDI,WB_WDI_NY_GDP_PCAP_CD,MHL,_T,_T,_T,_Z,_Z,_Z,2002,A,USD,
648.879644,P1Y,0,,A,PU,_Z,2,,,False,WB_WDI,WB_WDI_NY_GDP_PCAP_CD,MRT,_T,_T,_T,_Z,_Z,_Z,2002,A,USD,
4073.060531,P1Y,0,,A,PU,_Z,2,,,False,WB_WDI,WB_WDI_NY_GDP_PCAP_CD,MUS,_T,_T,_T,_Z,_Z,_Z,2002,A,USD,
7983.033984,P1Y,0,,A,PU,_Z,2,,,False,WB_WDI,WB_WDI_NY_GDP_PCAP_CD,MEX,_T,_T,_T,_Z,_Z,_Z,2002,A,USD,
2113.459555,P1Y,0,,A,PU,_Z,2,,,False,WB_WDI,WB_WDI_NY_GDP_PCAP_CD,FSM,_T,_T,_T,_Z,_Z,_Z,2002,A,USD,
570.799866,P1Y,0,,A,PU,_Z,2,,,False,WB_WDI,WB_WDI_NY_GDP_PCAP_CD,MDA,_T,_T,_T,_Z,_Z,_Z,2002,A,USD,
90051.446308,P1Y,0,,A,PU,_Z,2,,,False,WB_WDI,WB_WDI_NY_GDP_PCAP_CD,MCO,_T,_T,_T,_Z,_Z,_Z,2002,A,USD,
570.249213,P1Y,0,,A,PU,_Z,2,,,False,WB_WDI,WB_WDI_NY_GDP_PCAP_CD,MNG,_T,_T,_T,_Z,_Z,_Z,2002,A,USD,
2109.306319,P1Y,0,,A,PU,_Z,2,,,False,WB_WDI,WB_WDI_NY_GDP_PCAP_CD,MNE,_T,_T,_T,_Z,_Z,_Z,2002,A,USD,
1596.02063,P1Y,0,,A,PU,_Z,2,,,False,WB_WDI,WB_WDI_NY_GDP_PCAP_CD,MAR,_T,_T,_T,_Z,_Z,_Z,2002,A,USD,
313.886662,P1Y,0,,A,PU,_Z,2,,,False,WB_WDI,WB_WDI_NY_GDP_PCAP_CD,MOZ,_T,_T,_T,_Z,_Z,_Z,2002,A,USD,
146.59839,P1Y,0,,A,PU,_Z,2,,,False,WB_WDI,WB_WDI_NY_GDP_PCAP_CD,MMR,_T,_T,_T,_Z,_Z,_Z,2002,A,USD,
380.505829,P1Y,0,,A,PU,_Z,2,,,False,WB_WDI,WB_WDI_NY_GDP_PCAP_CD,KGZ,_T,_T,_T,_Z,_Z,_Z,2003,A,USD,
355.097216,P1Y,0,,A,PU,_Z,2,,,False,WB_WDI,WB_WDI_NY_GDP_PCAP_CD,LAO,_T,_T,_T,_Z,_Z,_Z,2003,A,USD,
4914.579928,P1Y,0,,A,PU,_Z,2,,,False,WB_WDI,WB_WDI_NY_GDP_PCAP_CD,LVA,_T,_T,_T,_Z,_Z,_Z,2003,A,USD,
4437.715885,P1Y,0,,A,PU,_Z,2,,,False,WB_WDI,WB_WDI_NY_GDP_PCAP_CD,LBN,_T,_T,_T,_Z,_Z,_Z,2003,A,USD,
583.270036,P1Y,0,,A,PU,_Z,2,,,False,WB_WDI,WB_WDI_NY_GDP_PCAP_CD,LSO,_T,_T,_T,_Z,_Z,_Z,2003,A,USD,
239.779557,P1Y,0,,A,PU,_Z,2,,,False,WB_WDI,WB_WDI_NY_GDP_PCAP_CD,LBR,_T,_T,_T,_Z,_Z,_Z,2003,A,USD,
4674.099432,P1Y,0,,A,PU,_Z,2,,,False,WB_WDI,WB_WDI_NY_GDP_PCAP_CD,LBY,_T,_T,_T,_Z,_Z,_Z,2003,A,USD,
90108.367365,P1Y,0,,A,PU,_Z,2,,,False,WB_WDI,WB_WDI_NY_GDP_PCAP_CD,LIE,_T,_T,_T,_Z,_Z,_Z,2003,A,USD,
5507.474342,P1Y,0,,A,PU,_Z,2,,,False,WB_WDI,WB_WDI_NY_GDP_PCAP_CD,LTU,_T,_T,_T,_Z,_Z,_Z,2003,A,USD,
65689.321454,P1Y,0,,A,PU,_Z,2,,,False,WB_WDI,WB_WDI_NY_GDP_PCAP_CD,LUX,_T,_T,_T,_Z,_Z,_Z,2003,A,USD,
18589.899833,P1Y,0,,A,PU,_Z,2,,,False,WB_WDI,WB_WDI_NY_GDP_PCAP_CD,MAC,_T,_T,_T,_Z,_Z,_Z,2003,A,USD,
352.620096,P1Y,0,,A,PU,_Z,2,,,False,WB_WDI,WB_WDI_NY_GDP_PCAP_CD,MDG,_T,_T,_T,_Z,_Z,_Z,2003,A,USD,
383.348597,P1Y,0,,A,PU,_Z,2,,,False,WB_WDI,WB_WDI_NY_GDP_PCAP_CD,MWI,_T,_T,_T,_Z,_Z,_Z,2003,A,USD,
2087.870793,P1Y,0,,A,PU,_Z,2,,,False,WB_WDI,WB_WDI_NY_GDP_PCAP_CD,JOR,_T,_T,_T,_Z,_Z,_Z,2005,A,USD,
3577.35804,P1Y,0,,A,PU,_Z,2,,,False,WB_WDI,WB_WDI_NY_GDP_PCAP_CD,KAZ,_T,_T,_T,_Z,_Z,_Z,2005,A,USD,
523.456312,P1Y,0,,A,PU,_Z,2,,,False,WB_WDI,WB_WDI_NY_GDP_PCAP_CD,KEN,_T,_T,_T,_Z,_Z,_Z,2005,A,USD,
1161.783417,P1Y,0,,A,PU,_Z,2,,,False,WB_WDI,WB_WDI_NY_GDP_PCAP_CD,KIR,_T,_T,_T,_Z,_Z,_Z,2005,A,USD,
20167.04749,P1Y,0,,A,PU,_Z,2,,,False,WB_WDI,WB_WDI_NY_GDP_PCAP_CD,KOR,_T,_T,_T,_Z,_Z,_Z,2005,A,USD,
36122.614274,P1Y,0,,A,PU,_Z,2,,,False,WB_WDI,WB_WDI_NY_GDP_PCAP_CD,KWT,_T,_T,_T,_Z,_Z,_Z,2005,A,USD,
476.548194,P1Y,0,,A,PU,_Z,2,,,False,WB_WDI,WB_WDI_NY_GDP_PCAP_CD,KGZ,_T,_T,_T,_Z,_Z,_Z,2005,A,USD,
466.061507,P1Y,0,,A,PU,_Z,2,,,False,WB_WDI,WB_WDI_NY_GDP_PCAP_CD,LAO,_T,_T,_T,_Z,_Z,_Z,2005,A,USD,
7283.787381,P1Y,0,,A,PU,_Z,2,,,False,WB_WDI,WB_WDI_NY_GDP_PCAP_CD,LVA,_T,_T,_T,_Z,_Z,_Z,2005,A,USD,
4602.198046,P1Y,0,,A,PU,_Z,2,,,False,WB_WDI,WB_WDI_NY_GDP_PCAP_CD,LBN,_T,_T,_T,_Z,_Z,_Z,2005,A,USD,
861.381496,P1Y,0,,A,PU,_Z,2,,,False,WB_WDI,WB_WDI_NY_GDP_PCAP_CD,LSO,_T,_T,_T,_Z,_Z,_Z,2005,A,USD,
15333.105173,P1Y,0,,A,PU,_Z,2,,,False,WB_WDI,WB_WDI_NY_GDP_PCAP_CD,SYC,_T,_T,_T,_Z,_Z,_Z,2015,A,USD,
964.575981,P1Y,0,,A,PU,_Z,2,,,False,WB_WDI,WB_WDI_NY_GDP_PCAP_CD,SLE,_T,_T,_T,_Z,_Z,_Z,2015,A,USD,
55645.606861,P1Y,0,,A,PU,_Z,2,,,False,WB_WDI,WB_WDI_NY_GDP_PCAP_CD,SGP,_T,_T,_T,_Z,_Z,_Z,2015,A,USD,
37839.628382,P1Y,0,,A,PU,_Z,2,,,False,WB_WDI,WB_WDI_NY_GDP_PCAP_CD,SXM,_T,_T,_T,_Z,_Z,_Z,2015,A,USD,
16442.076086,P1Y,0,,A,PU,_Z,2,,,False,WB_WDI,WB_WDI_NY_GDP_PCAP_CD,SVK,_T,_T,_T,_Z,_Z,_Z,2015,A,USD,
20697.274853,P1Y,0,,A,PU,_Z,2,,,False,WB_WDI,WB_WDI_NY_GDP_PCAP_CD,SVN,_T,_T,_T,_Z,_Z,_Z,2015,A,USD,
2045.477215,P1Y,0,,A,PU,_Z,2,,,False,WB_WDI,WB_WDI_NY_GDP_PCAP_CD,SLB,_T,_T,_T,_Z,_Z,_Z,2015,A,USD,
445.58308,P1Y,0,,A,PU,_Z,2,,,False,WB_WDI,WB_WDI_NY_GDP_PCAP_CD,SOM,_T,_T,_T,_Z,_Z,_Z,2015,A,USD,
6112.273825,P1Y,0,,A,PU,_Z,2,,,False,WB_WDI,WB_WDI_NY_GDP_PCAP_CD,ZAF,_T,_T,_T,_Z,_Z,_Z,2015,A,USD,
1080.147186,P1Y,0,,A,PU,_Z,2,,,True,WB_WDI,WB_WDI_NY_GDP_PCAP_CD,SSD,_T,_T,_T,_Z,_Z,_Z,2015,A,USD,
25982.44162,P1Y,0,,A,PU,_Z,2,,,False,WB_WDI,WB_WDI_NY_GDP_PCAP_CD,ESP,_T,_T,_T,_Z,_Z,_Z,2015,A,USD,
22299.404406,P1Y,0,,A,PU,_Z,2,,,False,WB_WDI,WB_WDI_NY_GDP_PCAP_CD,PRT,_T,_T,_T,_Z,_Z,_Z,2020,A,USD,
31427.103499,P1Y,0,,A,PU,_Z,2,,,False,WB_WDI,WB_WDI_NY_GDP_PCAP_CD,PRI,_T,_T,_T,_Z,_Z,_Z,2020,A,USD,
51683.505438,P1Y,0,,A,PU,_Z,2,,,False,WB_WDI,WB_WDI_NY_GDP_PCAP_CD,QAT,_T,_T,_T,_Z,_Z,_Z,2020,A,USD,
13009.152535,P1Y,0,,A,PU,_Z,2,,,False,WB_WDI,WB_WDI_NY_GDP_PCAP_CD,ROU,_T,_T,_T,_Z,_Z,_Z,2020,A,USD,
10108.327148,P1Y,0,,A,PU,_Z,2,,,False,WB_WDI,WB_WDI_NY_GDP_PCAP_CD,RUS,_T,_T,_T,_Z,_Z,_Z,2020,A,USD,
802.638687,P1Y,0,,A,PU,_Z,2,,,False,WB_WDI,WB_WDI_NY_GDP_PCAP_CD,RWA,_T,_T,_T,_Z,_Z,_Z,2020,A,USD,
4099.596605,P1Y,0,,A,PU,_Z,2,,,False,WB_WDI,WB_WDI_NY_GDP_PCAP_CD,WSM,_T,_T,_T,_Z,_Z,_Z,2020,A,USD,
44426.625961,P1Y,0,,A,PU,_Z,2,,,False,WB_WDI,WB_WDI_NY_GDP_PCAP_CD,SMR,_T,_T,_T,_Z,_Z,_Z,2020,A,USD,
2167.220018,P1Y,0,,A,PU,_Z,2,,,False,WB_WDI,WB_WDI_NY_GDP_PCAP_CD,STP,_T,_T,_T,_Z,_Z,_Z,2020,A,USD,
24338.83073,P1Y,0,,A,PU,_Z,2,,,False,WB_WDI,WB_WDI_NY_GDP_PCAP_CD,SAU,_T,_T,_T,_Z,_Z,_Z,2020,A,USD,
1461.087204,P1Y,0,,A,PU,_Z,2,,,False,WB_WDI,WB_WDI_NY_GDP_PCAP_CD,SEN,_T,_T,_T,_Z,_Z,_Z,2020,A,USD,
10246.501746,P1Y,0,,A,PU,_Z,2,,,False,WB_WDI,WB_WDI_NY_GDP_PCAP_CD,MUS,_T,_T,_T,_Z,_Z,_Z,2022,A,USD,
11405.794047,P1Y,0,,A,PU,_Z,2,,,False,WB_WDI,WB_WDI_NY_GDP_PCAP_CD,MEX,_T,_T,_T,_Z,_Z,_Z,2022,A,USD,
3703.666803,P1Y,0,,A,PU,_Z,2,,,False,WB_WDI,WB_WDI_NY_GDP_PCAP_CD,FSM,_T,_T,_T,_Z,_Z,_Z,2022,A,USD,
5744.296184,P1Y,0,,A,PU,_Z,2,,,False,WB_WDI,WB_WDI_NY_GDP_PCAP_CD,MDA,_T,_T,_T,_Z,_Z,_Z,2022,A,USD,
226052.060665,P1Y,0,,A,PU,_Z,2,,,False,WB_WDI,WB_WDI_NY_GDP_PCAP_CD,MCO,_T,_T,_T,_Z,_Z,_Z,2022,A,USD,
4993.514875,P1Y,0,,A,PU,_Z,2,,,False,WB_WDI,WB_WDI_NY_GDP_PCAP_CD,MNG,_T,_T,_T,_Z,_Z,_Z,2022,A,USD,
10038.184948,P1Y,0,,A,PU,_Z,2,,,False,WB_WDI,WB_WDI_NY_GDP_PCAP_CD,MNE,_T,_T,_T,_Z,_Z,_Z,2022,A,USD,
3463.137695,P1Y,0,,A,PU,_Z,2,,,False,WB_WDI,WB_WDI_NY_GDP_PCAP_CD,MAR,_T,_T,_T,_Z,_Z,_Z,2022,A,USD,
578.273222,P1Y,0,,A,PU,_Z,2,,,False,WB_WDI,WB_WDI_NY_GDP_PCAP_CD,MOZ,_T,_T,_T,_Z,_Z,_Z,2022,A,USD,
1158.05005,P1Y,0,,A,PU,_Z,2,,,False,WB_WDI,WB_WDI_NY_GDP_PCAP_CD,MMR,_T,_T,_T,_Z,_Z,_Z,2022,A,USD,
4349.799085,P1Y,0,,A,PU,_Z,2,,,False,WB_WDI,WB_WDI_NY_GDP_PCAP_CD,NAM,_T,_T,_T,_Z,_Z,_Z,2022,A,USD,
15309.834535,P1Y,0,,A,PU,_Z,2,,,False,WB_WDI,WB_WDI_NY_GDP_PCAP_CD,NRU,_T,_T,_T,_Z,_Z,_Z,2022,A,USD,
1385.91066,P1Y,0,,A,PU,_Z,2,,,False,WB_WDI,WB_WDI_NY_GDP_PCAP_CD,NPL,_T,_T,_T,_Z,_Z,_Z,2022,A,USD,
279.621738,P1Y,0,,A,PU,_Z,2,,,False,WB_WDI,WB_WDI_NY_GDP_PCAP_CD,KGZ,_T,_T,_T,_Z,_Z,_Z,2000,A,USD,
318.749852,P1Y,0,,A,PU,_Z,2,,,False,WB_WDI,WB_WDI_NY_GDP_PCAP_CD,LAO,_T,_T,_T,_Z,_Z,_Z,2000,A,USD,
3278.178964,P1Y,0,,A,PU,_Z,2,,,False,WB_WDI,WB_WDI_NY_GDP_PCAP_CD,LVA,_T,_T,_T,_Z,_Z,_Z,2000,A,USD,
3986.835139,P1Y,0,,A,PU,_Z,2,,,False,WB_WDI,WB_WDI_NY_GDP_PCAP_CD,LBN,_T,_T,_T,_Z,_Z,_Z,2000,A,USD,
442.779546,P1Y,0,,A,PU,_Z,2,,,False,WB_WDI,WB_WDI_NY_GDP_PCAP_CD,LSO,_T,_T,_T,_Z,_Z,_Z,2000,A,USD,
298.485341,P1Y,0,,A,PU,_Z,2,,,False,WB_WDI,WB_WDI_NY_GDP_PCAP_CD,LBR,_T,_T,_T,_Z,_Z,_Z,2000,A,USD,
7214.100404,P1Y,0,,A,PU,_Z,2,,,False,WB_WDI,WB_WDI_NY_GDP_PCAP_CD,LBY,_T,_T,_T,_Z,_Z,_Z,2000,A,USD,
76087.911114,P1Y,0,,A,PU,_Z,2,,,False,WB_WDI,WB_WDI_NY_GDP_PCAP_CD,LIE,_T,_T,_T,_Z,_Z,_Z,2000,A,USD,
3300.636349,P1Y,0,,A,PU,_Z,2,,,False,WB_WDI,WB_WDI_NY_GDP_PCAP_CD,LTU,_T,_T,_T,_Z,_Z,_Z,2000,A,USD,
48659.639097,P1Y,0,,A,PU,_Z,2,,,False,WB_WDI,WB_WDI_NY_GDP_PCAP_CD,LUX,_T,_T,_T,_Z,_Z,_Z,2000,A,USD,
15731.408163,P1Y,0,,A,PU,_Z,2,,,False,WB_WDI,WB_WDI_NY_GDP_PCAP_CD,MAC,_T,_T,_T,_Z,_Z,_Z,2000,A,USD,
280.282906,P1Y,0,,A,PU,_Z,2,,,False,WB_WDI,WB_WDI_NY_GDP_PCAP_CD,MDG,_T,_T,_T,_Z,_Z,_Z,2000,A,USD,
224.224159,P1Y,0,,A,PU,_Z,2,,,False,WB_WDI,WB_WDI_NY_GDP_PCAP_CD,MWI,_T,_T,_T,_Z,_Z,_Z,2000,A,USD,
4083.528745,P1Y,0,,A,PU,_Z,2,,,False,WB_WDI,WB_WDI_NY_GDP_PCAP_CD,MYS,_T,_T,_T,_Z,_Z,_Z,2000,A,USD,
18469.435432,P1Y,0,,A,PU,_Z,2,,,False,WB_WDI,WB_WDI_NY_GDP_PCAP_CD,SVK,_T,_T,_T,_Z,_Z,_Z,2011,A,USD,
24940.628484,P1Y,0,,A,PU,_Z,2,,,False,WB_WDI,WB_WDI_NY_GDP_PCAP_CD,SVN,_T,_T,_T,_Z,_Z,_Z,2011,A,USD,
1924.057956,P1Y,0,,A,PU,_Z,2,,,False,WB_WDI,WB_WDI_NY_GDP_PCAP_CD,SLB,_T,_T,_T,_Z,_Z,_Z,2011,A,USD,
235.325946,P1Y,0,,A,PU,_Z,2,,,False,WB_WDI,WB_WDI_NY_GDP_PCAP_CD,SOM,_T,_T,_T,_Z,_Z,_Z,2011,A,USD,
8646.055711,P1Y,0,,A,PU,_Z,2,,,False,WB_WDI,WB_WDI_NY_GDP_PCAP_CD,ZAF,_T,_T,_T,_Z,_Z,_Z,2011,A,USD,
1448.98435,P1Y,0,,A,PU,_Z,2,,,False,WB_WDI,WB_WDI_NY_GDP_PCAP_CD,SSD,_T,_T,_T,_Z,_Z,_Z,2011,A,USD,
31824.621913,P1Y,0,,A,PU,_Z,2,,,False,WB_WDI,WB_WDI_NY_GDP_PCAP_CD,ESP,_T,_T,_T,_Z,_Z,_Z,2011,A,USD,
3224.957451,P1Y,0,,A,PU,_Z,2,,,False,WB_WDI,WB_WDI_NY_GDP_PCAP_CD,LKA,_T,_T,_T,_Z,_Z,_Z,2011,A,USD,
17832.457292,P1Y,0,,A,PU,_Z,2,,,False,WB_WDI,WB_WDI_NY_GDP_PCAP_CD,KNA,_T,_T,_T,_Z,_Z,_Z,2011,A,USD,
9128.99442,P1Y,0,,A,PU,_Z,2,,,False,WB_WDI,WB_WDI_NY_GDP_PCAP_CD,LCA,_T,_T,_T,_Z,_Z,_Z,2011,A,USD,
20930.582118,P1Y,0,,A,PU,_Z,2,,,False,WB_WDI,WB_WDI_NY_GDP_PCAP_CD,MAF,_T,_T,_T,_Z,_Z,_Z,2011,A,USD,
6527.689969,P1Y,0,,A,PU,_Z,2,,,False,WB_WDI,WB_WDI_NY_GDP_PCAP_CD,VCT,_T,_T,_T,_Z,_Z,_Z,2011,A,USD,
1332.657227,P1Y,0,,A,PU,_Z,2,,,False,WB_WDI,WB_WDI_NY_GDP_PCAP_CD,SDN,_T,_T,_T,_Z,_Z,_Z,2011,A,USD,
18428.028826,P1Y,0,,A,PU,_Z,2,,,False,WB_WDI,WB_WDI_NY_GDP_PCAP_CD,HUN,_T,_T,_T,_Z,_Z,_Z,2022,A,USD,
76376.959933,P1Y,0,,A,PU,_Z,2,,,False,WB_WDI,WB_WDI_NY_GDP_PCAP_CD,ISL,_T,_T,_T,_Z,_Z,_Z,2022,A,USD,
2279.981457,P1Y,0,,A,PU,_Z,2,,,False,WB_WDI,WB_WDI_NY_GDP_PCAP_CD,IND,_T,_T,_T,_Z,_Z,_Z,2022,A,USD,
4730.834848,P1Y,0,,A,PU,_Z,2,,,False,WB_WDI,WB_WDI_NY_GDP_PCAP_CD,IDN,_T,_T,_T,_Z,_Z,_Z,2022,A,USD,
4721.204371,P1Y,0,,A,PU,_Z,2,,,False,WB_WDI,WB_WDI_NY_GDP_PCAP_CD,IRN,_T,_T,_T,_Z,_Z,_Z,2022,A,USD,
6520.731546,P1Y,0,,A,PU,_Z,2,,,False,WB_WDI,WB_WDI_NY_GDP_PCAP_CD,IRQ,_T,_T,_T,_Z,_Z,_Z,2022,A,USD,
105190.685953,P1Y,0,,A,PU,_Z,2,,,False,WB_WDI,WB_WDI_NY_GDP_PCAP_CD,IRL,_T,_T,_T,_Z,_Z,_Z,2022,A,USD,
88328.548126,P1Y,0,,A,PU,_Z,2,,,False,WB_WDI,WB_WDI_NY_GDP_PCAP_CD,IMN,_T,_T,_T,_Z,_Z,_Z,2022,A,USD,
54947.209125,P1Y,0,,A,PU,_Z,2,,,False,WB_WDI,WB_WDI_NY_GDP_PCAP_CD,ISR,_T,_T,_T,_Z,_Z,_Z,2022,A,USD,
35653.90421,P1Y,0,,A,PU,_Z,2,,,False,WB_WDI,WB_WDI_NY_GDP_PCAP_CD,ITA,_T,_T,_T,_Z,_Z,_Z,2022,A,USD,
6626.475024,P1Y,0,,A,PU,_Z,2,,,False,WB_WDI,WB_WDI_NY_GDP_PCAP_CD,JAM,_T,_T,_T,_Z,_Z,_Z,2022,A,USD,
35548.264522,P1Y,0,,A,PU,_Z,2,,,False,WB_WDI,WB_WDI_NY_GDP_PCAP_CD,JPN,_T,_T,_T,_Z,_Z,_Z,2022,A,USD,
4754.413622,P1Y,0,,A,PU,_Z,2,,,False,WB_WDI,WB_WDI_NY_GDP_PCAP_CD,JOR,_T,_T,_T,_Z,_Z,_Z,2022,A,USD,
8539.959407,P1Y,0,,A,PU,_Z,2,,,False,WB_WDI,WB_WDI_NY_GDP_PCAP_CD,LCN,_T,_T,_T,_Z,_Z,_Z,2019,A,USD,
8006.022241,P1Y,0,,A,PU,_Z,2,,,False,WB_WDI,WB_WDI_NY_GDP_PCAP_CD,LAC,_T,_T,_T,_Z,_Z,_Z,2019,A,USD,
8363.208166,P1Y,0,,A,PU,_Z,2,,,False,WB_WDI,WB_WDI_NY_GDP_PCAP_CD,TLA,_T,_T,_T,_Z,_Z,_Z,2019,A,USD,
1106.286641,P1Y,0,,A,PU,_Z,2,,,False,WB_WDI,WB_WDI_NY_GDP_PCAP_CD,LDC,_T,_T,_T,_Z,_Z,_Z,2019,A,USD,
4857.124715,P1Y,0,,A,PU,_Z,2,,,False,WB_WDI,WB_WDI_NY_GDP_PCAP_CD,LMY,_T,_T,_T,_Z,_Z,_Z,2019,A,USD,
671.11714,P1Y,0,,A,PU,_Z,2,,,False,WB_WDI,WB_WDI_NY_GDP_PCAP_CD,LIC,_T,_T,_T,_Z,_Z,_Z,2019,A,USD,
2116.20507,P1Y,0,,A,PU,_Z,2,,,False,WB_WDI,WB_WDI_NY_GDP_PCAP_CD,LMC,_T,_T,_T,_Z,_Z,_Z,2019,A,USD,
5416.063624,P1Y,0,,A,PU,_Z,2,,,False,WB_WDI,WB_WDI_NY_GDP_PCAP_CD,MEA,_T,_T,_T,_Z,_Z,_Z,2019,A,USD,
2701.713253,P1Y,0,,A,PU,_Z,2,,,False,WB_WDI,WB_WDI_NY_GDP_PCAP_CD,MNA,_T,_T,_T,_Z,_Z,_Z,2019,A,USD,
2695.09131,P1Y,0,,A,PU,_Z,2,,,False,WB_WDI,WB_WDI_NY_GDP_PCAP_CD,TMN,_T,_T,_T,_Z,_Z,_Z,2019,A,USD,
5333.00945,P1Y,0,,A,PU,_Z,2,,,False,WB_WDI,WB_WDI_NY_GDP_PCAP_CD,MIC,_T,_T,_T,_Z,_Z,_Z,2019,A,USD,
63306.810224,P1Y,0,,A,PU,_Z,2,,,False,WB_WDI,WB_WDI_NY_GDP_PCAP_CD,NAC,_T,_T,_T,_Z,_Z,_Z,2019,A,USD,
39940.835038,P1Y,0,,A,PU,_Z,2,,,False,WB_WDI,WB_WDI_NY_GDP_PCAP_CD,OED,_T,_T,_T,_Z,_Z,_Z,2019,A,USD,
5688.853354,P1Y,0,,A,PU,_Z,2,,,False,WB_WDI,WB_WDI_NY_GDP_PCAP_CD,THA,_T,_T,_T,_Z,_Z,_Z,2015,A,USD,
1319.592974,P1Y,0,,A,PU,_Z,2,,,False,WB_WDI,WB_WDI_NY_GDP_PCAP_CD,TLS,_T,_T,_T,_Z,_Z,_Z,2015,A,USD,
813.894677,P1Y,0,,A,PU,_Z,2,,,False,WB_WDI,WB_WDI_NY_GDP_PCAP_CD,TGO,_T,_T,_T,_Z,_Z,_Z,2015,A,USD,
4123.903472,P1Y,0,,A,PU,_Z,2,,,False,WB_WDI,WB_WDI_NY_GDP_PCAP_CD,TON,_T,_T,_T,_Z,_Z,_Z,2015,A,USD,
19887.232772,P1Y,0,,A,PU,_Z,2,,,False,WB_WDI,WB_WDI_NY_GDP_PCAP_CD,TTO,_T,_T,_T,_Z,_Z,_Z,2015,A,USD,
4014.947737,P1Y,0,,A,PU,_Z,2,,,False,WB_WDI,WB_WDI_NY_GDP_PCAP_CD,TUN,_T,_T,_T,_Z,_Z,_Z,2015,A,USD,
11064.64945,P1Y,0,,A,PU,_Z,2,,,False,WB_WDI,WB_WDI_NY_GDP_PCAP_CD,TUR,_T,_T,_T,_Z,_Z,_Z,2015,A,USD,
5759.497904,P1Y,0,,A,PU,_Z,2,,,False,WB_WDI,WB_WDI_NY_GDP_PCAP_CD,TKM,_T,_T,_T,_Z,_Z,_Z,2015,A,USD,
29457.014069,P1Y,0,,A,PU,_Z,2,,,False,WB_WDI,WB_WDI_NY_GDP_PCAP_CD,TCA,_T,_T,_T,_Z,_Z,_Z,2015,A,USD,
3357.834177,P1Y,0,,A,PU,_Z,2,,,False,WB_WDI,WB_WDI_NY_GDP_PCAP_CD,TUV,_T,_T,_T,_Z,_Z,_Z,2015,A,USD,
862.93461,P1Y,0,,A,PU,_Z,2,,,False,WB_WDI,WB_WDI_NY_GDP_PCAP_CD,UGA,_T,_T,_T,_Z,_Z,_Z,2015,A,USD,
2094.473877,P1Y,0,,A,PU,_Z,2,,,False,WB_WDI,WB_WDI_NY_GDP_PCAP_CD,UKR,_T,_T,_T,_Z,_Z,_Z,2015,A,USD,
2439.351894,P1Y,0,,A,PU,_Z,2,,,False,WB_WDI,WB_WDI_NY_GDP_PCAP_CD,COG,_T,_T,_T,_Z,_Z,_Z,2015,A,USD,
11714.710612,P1Y,0,,A,PU,_Z,2,,,False,WB_WDI,WB_WDI_NY_GDP_PCAP_CD,CRI,_T,_T,_T,_Z,_Z,_Z,2015,A,USD,
1814.718551,P1Y,0,,A,PU,_Z,2,,,False,WB_WDI,WB_WDI_NY_GDP_PCAP_CD,CIV,_T,_T,_T,_Z,_Z,_Z,2015,A,USD,
12283.87503,P1Y,0,,A,PU,_Z,2,,,False,WB_WDI,WB_WDI_NY_GDP_PCAP_CD,HRV,_T,_T,_T,_Z,_Z,_Z,2015,A,USD,
7727.919972,P1Y,0,,A,PU,_Z,2,,,False,WB_WDI,WB_WDI_NY_GDP_PCAP_CD,CUB,_T,_T,_T,_Z,_Z,_Z,2015,A,USD,
19361.813001,P1Y,0,,A,PU,_Z,2,,,False,WB_WDI,WB_WDI_NY_GDP_PCAP_CD,CUW,_T,_T,_T,_Z,_Z,_Z,2015,A,USD,
23088.429688,P1Y,0,,A,PU,_Z,2,,,False,WB_WDI,WB_WDI_NY_GDP_PCAP_CD,CYP,_T,_T,_T,_Z,_Z,_Z,2015,A,USD,
17931.598767,P1Y,0,,A,PU,_Z,2,,,False,WB_WDI,WB_WDI_NY_GDP_PCAP_CD,CZE,_T,_T,_T,_Z,_Z,_Z,2015,A,USD,
53094.013361,P1Y,0,,A,PU,_Z,2,,,False,WB_WDI,WB_WDI_NY_GDP_PCAP_CD,DNK,_T,_T,_T,_Z,_Z,_Z,2015,A,USD,
2376.125547,P1Y,0,,A,PU,_Z,2,,,False,WB_WDI,WB_WDI_NY_GDP_PCAP_CD,DJI,_T,_T,_T,_Z,_Z,_Z,2015,A,USD,
8282.598747,P1Y,0,,A,PU,_Z,2,,,False,WB_WDI,WB_WDI_NY_GDP_PCAP_CD,DMA,_T,_T,_T,_Z,_Z,_Z,2015,A,USD,
324.016864,P1Y,0,,A,PU,_Z,2,,,False,WB_WDI,WB_WDI_NY_GDP_PCAP_CD,RWA,_T,_T,_T,_Z,_Z,_Z,2005,A,USD,
2550.042214,P1Y,0,,A,PU,_Z,2,,,False,WB_WDI,WB_WDI_NY_GDP_PCAP_CD,WSM,_T,_T,_T,_Z,_Z,_Z,2005,A,USD,
59877.786269,P1Y,0,,A,PU,_Z,2,,,False,WB_WDI,WB_WDI_NY_GDP_PCAP_CD,SMR,_T,_T,_T,_Z,_Z,_Z,2005,A,USD,
844.169182,P1Y,0,,A,PU,_Z,2,,,False,WB_WDI,WB_WDI_NY_GDP_PCAP_CD,STP,_T,_T,_T,_Z,_Z,_Z,2005,A,USD,
15975.747378,P1Y,0,,A,PU,_Z,2,,,False,WB_WDI,WB_WDI_NY_GDP_PCAP_CD,SAU,_T,_T,_T,_Z,_Z,_Z,2005,A,USD,
979.846102,P1Y,0,,A,PU,_Z,2,,,False,WB_WDI,WB_WDI_NY_GDP_PCAP_CD,SEN,_T,_T,_T,_Z,_Z,_Z,2005,A,USD,
3807.974173,P1Y,0,,A,PU,_Z,2,,,False,WB_WDI,WB_WDI_NY_GDP_PCAP_CD,SRB,_T,_T,_T,_Z,_Z,_Z,2005,A,USD,
11802.111828,P1Y,0,,A,PU,_Z,2,,,False,WB_WDI,WB_WDI_NY_GDP_PCAP_CD,SYC,_T,_T,_T,_Z,_Z,_Z,2005,A,USD,
462.633324,P1Y,0,,A,PU,_Z,2,,,False,WB_WDI,WB_WDI_NY_GDP_PCAP_CD,SLE,_T,_T,_T,_Z,_Z,_Z,2005,A,USD,
29961.317281,P1Y,0,,A,PU,_Z,2,,,False,WB_WDI,WB_WDI_NY_GDP_PCAP_CD,SGP,_T,_T,_T,_Z,_Z,_Z,2005,A,USD,
9087.20357,P1Y,0,,A,PU,_Z,2,,,False,WB_WDI,WB_WDI_NY_GDP_PCAP_CD,SVK,_T,_T,_T,_Z,_Z,_Z,2005,A,USD,
17969.709591,P1Y,0,,A,PU,_Z,2,,,False,WB_WDI,WB_WDI_NY_GDP_PCAP_CD,SVN,_T,_T,_T,_Z,_Z,_Z,2005,A,USD,
6910.009952,P1Y,0,,A,PU,_Z,2,,,False,WB_WDI,WB_WDI_NY_GDP_PCAP_CD,THA,_T,_T,_T,_Z,_Z,_Z,2022,A,USD,
2343.249555,P1Y,0,,A,PU,_Z,2,,,False,WB_WDI,WB_WDI_NY_GDP_PCAP_CD,TLS,_T,_T,_T,_Z,_Z,_Z,2022,A,USD,
1071.615392,P1Y,0,,A,PU,_Z,2,,,False,WB_WDI,WB_WDI_NY_GDP_PCAP_CD,TGO,_T,_T,_T,_Z,_Z,_Z,2022,A,USD,
5298.019425,P1Y,0,,A,PU,_Z,2,,,False,WB_WDI,WB_WDI_NY_GDP_PCAP_CD,TON,_T,_T,_T,_Z,_Z,_Z,2022,A,USD,
20750.520243,P1Y,0,,A,PU,_Z,2,,,False,WB_WDI,WB_WDI_NY_GDP_PCAP_CD,TTO,_T,_T,_T,_Z,_Z,_Z,2022,A,USD,
3707.292834,P1Y,0,,A,PU,_Z,2,,,False,WB_WDI,WB_WDI_NY_GDP_PCAP_CD,TUN,_T,_T,_T,_Z,_Z,_Z,2022,A,USD,
10897.839786,P1Y,0,,A,PU,_Z,2,,,False,WB_WDI,WB_WDI_NY_GDP_PCAP_CD,TUR,_T,_T,_T,_Z,_Z,_Z,2022,A,USD,
5198.189474,P1Y,0,,A,PU,_Z,2,,,False,WB_WDI,WB_WDI_NY_GDP_PCAP_CD,TKM,_T,_T,_T,_Z,_Z,_Z,2022,A,USD,
31280.541802,P1Y,0,,A,PU,_Z,2,,,False,WB_WDI,WB_WDI_NY_GDP_PCAP_CD,TCA,_T,_T,_T,_Z,_Z,_Z,2022,A,USD,
5911.327271,P1Y,0,,A,PU,_Z,2,,,False,WB_WDI,WB_WDI_NY_GDP_PCAP_CD,TUV,_T,_T,_T,_Z,_Z,_Z,2022,A,USD,
963.067314,P1Y,0,,A,PU,_Z,2,,,False,WB_WDI,WB_WDI_NY_GDP_PCAP_CD,UGA,_T,_T,_T,_Z,_Z,_Z,2022,A,USD,
4199.670898,P1Y,0,,A,PU,_Z,2,,,False,WB_WDI,WB_WDI_NY_GDP_PCAP_CD,UKR,_T,_T,_T,_Z,_Z,_Z,2022,A,USD,
50759.759019,P1Y,0,,A,PU,_Z,2,,,False,WB_WDI,WB_WDI_NY_GDP_PCAP_CD,ARE,_T,_T,_T,_Z,_Z,_Z,2022,A,USD,
1453.870213,P1Y,0,,A,PU,_Z,2,,,False,WB_WDI,WB_WDI_NY_GDP_PCAP_CD,WSM,_T,_T,_T,_Z,_Z,_Z,2001,A,USD,
39035.100435,P1Y,0,,A,PU,_Z,2,,,False,WB_WDI,WB_WDI_NY_GDP_PCAP_CD,SMR,_T,_T,_T,_Z,_Z,_Z,2001,A,USD,
518.880501,P1Y,0,,A,PU,_Z,2,,,False,WB_WDI,WB_WDI_NY_GDP_PCAP_CD,STP,_T,_T,_T,_Z,_Z,_Z,2001,A,USD,
10805.311325,P1Y,0,,A,PU,_Z,2,,,False,WB_WDI,WB_WDI_NY_GDP_PCAP_CD,SAU,_T,_T,_T,_Z,_Z,_Z,2001,A,USD,
637.213531,P1Y,0,,A,PU,_Z,2,,,False,WB_WDI,WB_WDI_NY_GDP_PCAP_CD,SEN,_T,_T,_T,_Z,_Z,_Z,2001,A,USD,
1812.420883,P1Y,0,,A,PU,_Z,2,,,False,WB_WDI,WB_WDI_NY_GDP_PCAP_CD,SRB,_T,_T,_T,_Z,_Z,_Z,2001,A,USD,
8153.298637,P1Y,0,,A,PU,_Z,2,,,False,WB_WDI,WB_WDI_NY_GDP_PCAP_CD,SYC,_T,_T,_T,_Z,_Z,_Z,2001,A,USD,
358.315716,P1Y,0,,A,PU,_Z,2,,,False,WB_WDI,WB_WDI_NY_GDP_PCAP_CD,SLE,_T,_T,_T,_Z,_Z,_Z,2001,A,USD,
21699.741487,P1Y,0,,A,PU,_Z,2,,,False,WB_WDI,WB_WDI_NY_GDP_PCAP_CD,SGP,_T,_T,_T,_Z,_Z,_Z,2001,A,USD,
3974.368029,P1Y,0,,A,PU,_Z,2,,,False,WB_WDI,WB_WDI_NY_GDP_PCAP_CD,SVK,_T,_T,_T,_Z,_Z,_Z,2001,A,USD,
10375.625587,P1Y,0,,A,PU,_Z,2,,,False,WB_WDI,WB_WDI_NY_GDP_PCAP_CD,SVN,_T,_T,_T,_Z,_Z,_Z,2001,A,USD,
911.791935,P1Y,0,,A,PU,_Z,2,,,False,WB_WDI,WB_WDI_NY_GDP_PCAP_CD,SLB,_T,_T,_T,_Z,_Z,_Z,2001,A,USD,
244.914843,P1Y,0,,A,PU,_Z,2,,,False,WB_WDI,WB_WDI_NY_GDP_PCAP_CD,SOM,_T,_T,_T,_Z,_Z,_Z,2001,A,USD,
2847.151919,P1Y,0,,A,PU,_Z,2,,,False,WB_WDI,WB_WDI_NY_GDP_PCAP_CD,ZAF,_T,_T,_T,_Z,_Z,_Z,2001,A,USD,
25078.485396,P1Y,0,,A,PU,_Z,2,,,False,WB_WDI,WB_WDI_NY_GDP_PCAP_CD,KOR,_T,_T,_T,_Z,_Z,_Z,2007,A,USD,
45709.413288,P1Y,0,,A,PU,_Z,2,,,False,WB_WDI,WB_WDI_NY_GDP_PCAP_CD,KWT,_T,_T,_T,_Z,_Z,_Z,2007,A,USD,
721.771578,P1Y,0,,A,PU,_Z,2,,,False,WB_WDI,WB_WDI_NY_GDP_PCAP_CD,KGZ,_T,_T,_T,_Z,_Z,_Z,2007,A,USD,
697.323014,P1Y,0,,A,PU,_Z,2,,,False,WB_WDI,WB_WDI_NY_GDP_PCAP_CD,LAO,_T,_T,_T,_Z,_Z,_Z,2007,A,USD,
13370.978945,P1Y,0,,A,PU,_Z,2,,,False,WB_WDI,WB_WDI_NY_GDP_PCAP_CD,LVA,_T,_T,_T,_Z,_Z,_Z,2007,A,USD,
5125.2581,P1Y,0,,A,PU,_Z,2,,,False,WB_WDI,WB_WDI_NY_GDP_PCAP_CD,LBN,_T,_T,_T,_Z,_Z,_Z,2007,A,USD,
861.188421,P1Y,0,,A,PU,_Z,2,,,False,WB_WDI,WB_WDI_NY_GDP_PCAP_CD,LSO,_T,_T,_T,_Z,_Z,_Z,2007,A,USD,
374.211308,P1Y,0,,A,PU,_Z,2,,,False,WB_WDI,WB_WDI_NY_GDP_PCAP_CD,LBR,_T,_T,_T,_Z,_Z,_Z,2007,A,USD,
11144.944841,P1Y,0,,A,PU,_Z,2,,,False,WB_WDI,WB_WDI_NY_GDP_PCAP_CD,LBY,_T,_T,_T,_Z,_Z,_Z,2007,A,USD,
130492.59535,P1Y,0,,A,PU,_Z,2,,,False,WB_WDI,WB_WDI_NY_GDP_PCAP_CD,LIE,_T,_T,_T,_Z,_Z,_Z,2007,A,USD,
12295.121278,P1Y,0,,A,PU,_Z,2,,,False,WB_WDI,WB_WDI_NY_GDP_PCAP_CD,LTU,_T,_T,_T,_Z,_Z,_Z,2007,A,USD,
107475.320298,P1Y,0,,A,PU,_Z,2,,,False,WB_WDI,WB_WDI_NY_GDP_PCAP_CD,LUX,_T,_T,_T,_Z,_Z,_Z,2007,A,USD,
50506.517964,P1Y,0,,A,PU,_Z,2,,,False,WB_WDI,WB_WDI_NY_GDP_PCAP_CD,DEU,_T,_T,_T,_Z,_Z,_Z,2022,A,USD,
2229.891227,P1Y,0,,A,PU,_Z,2,,,False,WB_WDI,WB_WDI_NY_GDP_PCAP_CD,GHA,_T,_T,_T,_Z,_Z,_Z,2022,A,USD,
20884.677344,P1Y,0,,A,PU,_Z,2,,,False,WB_WDI,WB_WDI_NY_GDP_PCAP_CD,GRC,_T,_T,_T,_Z,_Z,_Z,2022,A,USD,
55635.000649,P1Y,0,,A,PU,_Z,2,,,False,WB_WDI,WB_WDI_NY_GDP_PCAP_CD,GRL,_T,_T,_T,_Z,_Z,_Z,2022,A,USD,
10469.386701,P1Y,0,,A,PU,_Z,2,,,False,WB_WDI,WB_WDI_NY_GDP_PCAP_CD,GRD,_T,_T,_T,_Z,_Z,_Z,2022,A,USD,
41833.151713,P1Y,0,,A,PU,_Z,2,,,True,WB_WDI,WB_WDI_NY_GDP_PCAP_CD,GUM,_T,_T,_T,_Z,_Z,_Z,2022,A,USD,
5356.924359,P1Y,0,,A,PU,_Z,2,,,False,WB_WDI,WB_WDI_NY_GDP_PCAP_CD,GTM,_T,_T,_T,_Z,_Z,_Z,2022,A,USD,
1416.59612,P1Y,0,,A,PU,_Z,2,,,False,WB_WDI,WB_WDI_NY_GDP_PCAP_CD,GIN,_T,_T,_T,_Z,_Z,_Z,2022,A,USD,
881.602654,P1Y,0,,A,PU,_Z,2,,,False,WB_WDI,WB_WDI_NY_GDP_PCAP_CD,GNB,_T,_T,_T,_Z,_Z,_Z,2022,A,USD,
17913.492807,P1Y,0,,A,PU,_Z,2,,,False,WB_WDI,WB_WDI_NY_GDP_PCAP_CD,GUY,_T,_T,_T,_Z,_Z,_Z,2022,A,USD,
1748.408901,P1Y,0,,A,PU,_Z,2,,,False,WB_WDI,WB_WDI_NY_GDP_PCAP_CD,HTI,_T,_T,_T,_Z,_Z,_Z,2022,A,USD,
3003.289968,P1Y,0,,A,PU,_Z,2,,,False,WB_WDI,WB_WDI_NY_GDP_PCAP_CD,HND,_T,_T,_T,_Z,_Z,_Z,2022,A,USD,
48825.027228,P1Y,0,,A,PU,_Z,2,,,False,WB_WDI,WB_WDI_NY_GDP_PCAP_CD,HKG,_T,_T,_T,_Z,_Z,_Z,2022,A,USD,
30319.49872,P1Y,0,,A,PU,_Z,2,,,False,WB_WDI,WB_WDI_NY_GDP_PCAP_CD,ESP,_T,_T,_T,_Z,_Z,_Z,2022,A,USD,
3342.636504,P1Y,0,,A,PU,_Z,2,,,False,WB_WDI,WB_WDI_NY_GDP_PCAP_CD,LKA,_T,_T,_T,_Z,_Z,_Z,2022,A,USD,
21011.574421,P1Y,0,,A,PU,_Z,2,,,False,WB_WDI,WB_WDI_NY_GDP_PCAP_CD,KNA,_T,_T,_T,_Z,_Z,_Z,2022,A,USD,
12976.148969,P1Y,0,,A,PU,_Z,2,,,False,WB_WDI,WB_WDI_NY_GDP_PCAP_CD,LCA,_T,_T,_T,_Z,_Z,_Z,2022,A,USD,
9693.558678,P1Y,0,,A,PU,_Z,2,,,False,WB_WDI,WB_WDI_NY_GDP_PCAP_CD,VCT,_T,_T,_T,_Z,_Z,_Z,2022,A,USD,
1046.240845,P1Y,0,,A,PU,_Z,2,,,False,WB_WDI,WB_WDI_NY_GDP_PCAP_CD,SDN,_T,_T,_T,_Z,_Z,_Z,2022,A,USD,
6084.438767,P1Y,0,,A,PU,_Z,2,,,False,WB_WDI,WB_WDI_NY_GDP_PCAP_CD,SUR,_T,_T,_T,_Z,_Z,_Z,2022,A,USD,
54836.890724,P1Y,0,,A,PU,_Z,2,,,False,WB_WDI,WB_WDI_NY_GDP_PCAP_CD,SWE,_T,_T,_T,_Z,_Z,_Z,2022,A,USD,
97809.095567,P1Y,0,,A,PU,_Z,2,,,False,WB_WDI,WB_WDI_NY_GDP_PCAP_CD,CHE,_T,_T,_T,_Z,_Z,_Z,2022,A,USD,
1056.782647,P1Y,0,,A,PU,_Z,2,,,True,WB_WDI,WB_WDI_NY_GDP_PCAP_CD,SYR,_T,_T,_T,_Z,_Z,_Z,2022,A,USD,
1052.179495,P1Y,0,,A,PU,_Z,2,,,False,WB_WDI,WB_WDI_NY_GDP_PCAP_CD,TJK,_T,_T,_T,_Z,_Z,_Z,2022,A,USD,
1207.52063,P1Y,0,,A,PU,_Z,2,,,False,WB_WDI,WB_WDI_NY_GDP_PCAP_CD,TZA,_T,_T,_T,_Z,_Z,_Z,2022,A,USD,
16658.965272,P1Y,0,,A,PU,_Z,2,,,False,WB_WDI,WB_WDI_NY_GDP_PCAP_CD,CHL,_T,_T,_T,_Z,_Z,_Z,2024,A,USD,
13293.116227,P1Y,0,,A,PU,_Z,2,,,False,WB_WDI,WB_WDI_NY_GDP_PCAP_CD,CHN,_T,_T,_T,_Z,_Z,_Z,2024,A,USD,
7951.08624,P1Y,0,,A,PU,_Z,2,,,False,WB_WDI,WB_WDI_NY_GDP_PCAP_CD,COL,_T,_T,_T,_Z,_Z,_Z,2024,A,USD,
1857.870607,P1Y,0,,A,PU,_Z,2,,,False,WB_WDI,WB_WDI_NY_GDP_PCAP_CD,COM,_T,_T,_T,_Z,_Z,_Z,2024,A,USD,
692.887665,P1Y,0,,A,PU,_Z,2,,,False,WB_WDI,WB_WDI_NY_GDP_PCAP_CD,COD,_T,_T,_T,_Z,_Z,_Z,2024,A,USD,
2482.248995,P1Y,0,,A,PU,_Z,2,,,False,WB_WDI,WB_WDI_NY_GDP_PCAP_CD,COG,_T,_T,_T,_Z,_Z,_Z,2024,A,USD,
18853.282871,P1Y,0,,A,PU,_Z,2,,,False,WB_WDI,WB_WDI_NY_GDP_PCAP_CD,CRI,_T,_T,_T,_Z,_Z,_Z,2024,A,USD,
2727.893522,P1Y,0,,A,PU,_Z,2,,,False,WB_WDI,WB_WDI_NY_GDP_PCAP_CD,CIV,_T,_T,_T,_Z,_Z,_Z,2024,A,USD,
24049.944175,P1Y,0,,A,PU,_Z,2,,,False,WB_WDI,WB_WDI_NY_GDP_PCAP_CD,HRV,_T,_T,_T,_Z,_Z,_Z,2024,A,USD,
22832.895499,P1Y,0,,A,PU,_Z,2,,,True,WB_WDI,WB_WDI_NY_GDP_PCAP_CD,CUW,_T,_T,_T,_Z,_Z,_Z,2024,A,USD,
38674.3125,P1Y,0,,A,PU,_Z,2,,,False,WB_WDI,WB_WDI_NY_GDP_PCAP_CD,CYP,_T,_T,_T,_Z,_Z,_Z,2024,A,USD,
31827.755254,P1Y,0,,A,PU,_Z,2,,,False,WB_WDI,WB_WDI_NY_GDP_PCAP_CD,CZE,_T,_T,_T,_Z,_Z,_Z,2024,A,USD,
71026.483227,P1Y,0,,A,PU,_Z,2,,,False,WB_WDI,WB_WDI_NY_GDP_PCAP_CD,DNK,_T,_T,_T,_Z,_Z,_Z,2024,A,USD,
3552.723351,P1Y,0,,A,PU,_Z,2,,,False,WB_WDI,WB_WDI_NY_GDP_PCAP_CD,DJI,_T,_T,_T,_Z,_Z,_Z,2024,A,USD,
10405.278778,P1Y,0,,A,PU,_Z,2,,,False,WB_WDI,WB_WDI_NY_GDP_PCAP_CD,DMA,_T,_T,_T,_Z,_Z,_Z,2024,A,USD,
1266.087777,P1Y,0,,A,PU,_Z,2,,,False,WB_WDI,WB_WDI_NY_GDP_PCAP_CD,TGO,_T,_T,_T,_Z,_Z,_Z,2024,A,USD,
6215.38991,P1Y,0,,A,PU,_Z,2,,,False,WB_WDI,WB_WDI_NY_GDP_PCAP_CD,TON,_T,_T,_T,_Z,_Z,_Z,2024,A,USD,
18733.411041,P1Y,0,,A,PU,_Z,2,,,False,WB_WDI,WB_WDI_NY_GDP_PCAP_CD,TTO,_T,_T,_T,_Z,_Z,_Z,2024,A,USD,
4187.640794,P1Y,0,,A,PU,_Z,2,,,False,WB_WDI,WB_WDI_NY_GDP_PCAP_CD,TUN,_T,_T,_T,_Z,_Z,_Z,2024,A,USD,
15892.715729,P1Y,0,,A,PU,_Z,2,,,False,WB_WDI,WB_WDI_NY_GDP_PCAP_CD,TUR,_T,_T,_T,_Z,_Z,_Z,2024,A,USD,
5904.257726,P1Y,0,,A,PU,_Z,2,,,False,WB_WDI,WB_WDI_NY_GDP_PCAP_CD,TKM,_T,_T,_T,_Z,_Z,_Z,2024,A,USD,
37506.779843,P1Y,0,,A,PU,_Z,2,,,True,WB_WDI,WB_WDI_NY_GDP_PCAP_CD,TCA,_T,_T,_T,_Z,_Z,_Z,2024,A,USD,
1077.912784,P1Y,0,,A,PU,_Z,2,,,False,WB_WDI,WB_WDI_NY_GDP_PCAP_CD,UGA,_T,_T,_T,_Z,_Z,_Z,2024,A,USD,
5391.622559,P1Y,0,,A,PU,_Z,2,,,False,WB_WDI,WB_WDI_NY_GDP_PCAP_CD,UKR,_T,_T,_T,_Z,_Z,_Z,2024,A,USD,
50273.512624,P1Y,0,,A,PU,_Z,2,,,True,WB_WDI,WB_WDI_NY_GDP_PCAP_CD,ARE,_T,_T,_T,_Z,_Z,_Z,2024,A,USD,
53341.313109,P1Y,0,,A,PU,_Z,2,,,False,WB_WDI,WB_WDI_NY_GDP_PCAP_CD,GBR,_T,_T,_T,_Z,_Z,_Z,2024,A,USD,
86169.664158,P1Y,0,,A,PU,_Z,2,,,False,WB_WDI,WB_WDI_NY_GDP_PCAP_CD,USA,_T,_T,_T,_Z,_Z,_Z,2024,A,USD,
24308.495496,P1Y,0,,A,PU,_Z,2,,,False,WB_WDI,WB_WDI_NY_GDP_PCAP_CD,URY,_T,_T,_T,_Z,_Z,_Z,2024,A,USD,
3337.454921,P1Y,0,,A,PU,_Z,2,,,False,WB_WDI,WB_WDI_NY_GDP_PCAP_CD,UZB,_T,_T,_T,_Z,_Z,_Z,2024,A,USD,
3959.877035,P1Y,0,,A,PU,_Z,2,,,False,WB_WDI,WB_WDI_NY_GDP_PCAP_CD,VUT,_T,_T,_T,_Z,_Z,_Z,2024,A,USD,
4244.457231,P1Y,0,,A,PU,_Z,2,,,False,WB_WDI,WB_WDI_NY_GDP_PCAP_CD,VEN,_T,_T,_T,_Z,_Z,_Z,2024,A,USD,
4716.659938,P1Y,0,,A,PU,_Z,2,,,False,WB_WDI,WB_WDI_NY_GDP_PCAP_CD,VNM,_T,_T,_T,_Z,_Z,_Z,2024,A,USD,
958.275511,P1Y,0,,A,PU,_Z,2,,,False,WB_WDI,WB_WDI_NY_GDP_PCAP_CD,TSA,_T,_T,_T,_Z,_Z,_Z,2008,A,USD,
1537.383331,P1Y,0,,A,PU,_Z,2,,,False,WB_WDI,WB_WDI_NY_GDP_PCAP_CD,SSF,_T,_T,_T,_Z,_Z,_Z,2008,A,USD,
1536.383596,P1Y,0,,A,PU,_Z,2,,,False,WB_WDI,WB_WDI_NY_GDP_PCAP_CD,SSA,_T,_T,_T,_Z,_Z,_Z,2008,A,USD,
1537.383331,P1Y,0,,A,PU,_Z,2,,,False,WB_WDI,WB_WDI_NY_GDP_PCAP_CD,TSS,_T,_T,_T,_Z,_Z,_Z,2008,A,USD,
4548.120398,P1Y,0,,A,PU,_Z,2,,,False,WB_WDI,WB_WDI_NY_GDP_PCAP_CD,UMC,_T,_T,_T,_Z,_Z,_Z,2008,A,USD,
9425.737816,P1Y,0,,A,PU,_Z,2,,,False,WB_WDI,WB_WDI_NY_GDP_PCAP_CD,WLD,_T,_T,_T,_Z,_Z,_Z,2008,A,USD,
381.733238,P1Y,0,,A,PU,_Z,2,,,False,WB_WDI,WB_WDI_NY_GDP_PCAP_CD,AFG,_T,_T,_T,_Z,_Z,_Z,2008,A,USD,
4498.504868,P1Y,0,,A,PU,_Z,2,,,False,WB_WDI,WB_WDI_NY_GDP_PCAP_CD,ALB,_T,_T,_T,_Z,_Z,_Z,2008,A,USD,
5180.918815,P1Y,0,,A,PU,_Z,2,,,False,WB_WDI,WB_WDI_NY_GDP_PCAP_CD,DZA,_T,_T,_T,_Z,_Z,_Z,2008,A,USD,
10030.808913,P1Y,0,,A,PU,_Z,2,,,False,WB_WDI,WB_WDI_NY_GDP_PCAP_CD,ASM,_T,_T,_T,_Z,_Z,_Z,2008,A,USD,
49132.515705,P1Y,0,,A,PU,_Z,2,,,False,WB_WDI,WB_WDI_NY_GDP_PCAP_CD,AND,_T,_T,_T,_Z,_Z,_Z,2008,A,USD,
4578.155265,P1Y,0,,A,PU,_Z,2,,,False,WB_WDI,WB_WDI_NY_GDP_PCAP_CD,AGO,_T,_T,_T,_Z,_Z,_Z,2008,A,USD,
18786.674314,P1Y,0,,A,PU,_Z,2,,,False,WB_WDI,WB_WDI_NY_GDP_PCAP_CD,ATG,_T,_T,_T,_Z,_Z,_Z,2008,A,USD,
2152.657638,P1Y,0,,A,PU,_Z,2,,,False,WB_WDI,WB_WDI_NY_GDP_PCAP_CD,MEA,_T,_T,_T,_Z,_Z,_Z,2001,A,USD,
1226.175136,P1Y,0,,A,PU,_Z,2,,,False,WB_WDI,WB_WDI_NY_GDP_PCAP_CD,MNA,_T,_T,_T,_Z,_Z,_Z,2001,A,USD,
1225.477829,P1Y,0,,A,PU,_Z,2,,,False,WB_WDI,WB_WDI_NY_GDP_PCAP_CD,TMN,_T,_T,_T,_Z,_Z,_Z,2001,A,USD,
1242.22844,P1Y,0,,A,PU,_Z,2,,,False,WB_WDI,WB_WDI_NY_GDP_PCAP_CD,MIC,_T,_T,_T,_Z,_Z,_Z,2001,A,USD,
35831.454472,P1Y,0,,A,PU,_Z,2,,,False,WB_WDI,WB_WDI_NY_GDP_PCAP_CD,NAC,_T,_T,_T,_Z,_Z,_Z,2001,A,USD,
22718.679522,P1Y,0,,A,PU,_Z,2,,,False,WB_WDI,WB_WDI_NY_GDP_PCAP_CD,OED,_T,_T,_T,_Z,_Z,_Z,2001,A,USD,
4780.954928,P1Y,0,,A,PU,_Z,2,,,False,WB_WDI,WB_WDI_NY_GDP_PCAP_CD,OSS,_T,_T,_T,_Z,_Z,_Z,2001,A,USD,
1637.063491,P1Y,0,,A,PU,_Z,2,,,False,WB_WDI,WB_WDI_NY_GDP_PCAP_CD,PSS,_T,_T,_T,_Z,_Z,_Z,2001,A,USD,
25583.176303,P1Y,0,,A,PU,_Z,2,,,False,WB_WDI,WB_WDI_NY_GDP_PCAP_CD,PST,_T,_T,_T,_Z,_Z,_Z,2001,A,USD,
466.255677,P1Y,0,,A,PU,_Z,2,,,False,WB_WDI,WB_WDI_NY_GDP_PCAP_CD,PRE,_T,_T,_T,_Z,_Z,_Z,2001,A,USD,
4839.487177,P1Y,0,,A,PU,_Z,2,,,False,WB_WDI,WB_WDI_NY_GDP_PCAP_CD,SST,_T,_T,_T,_Z,_Z,_Z,2001,A,USD,
446.418919,P1Y,0,,A,PU,_Z,2,,,False,WB_WDI,WB_WDI_NY_GDP_PCAP_CD,SAS,_T,_T,_T,_Z,_Z,_Z,2001,A,USD,
446.418919,P1Y,0,,A,PU,_Z,2,,,False,WB_WDI,WB_WDI_NY_GDP_PCAP_CD,TSA,_T,_T,_T,_Z,_Z,_Z,2001,A,USD,
587.710902,P1Y,0,,A,PU,_Z,2,,,False,WB_WDI,WB_WDI_NY_GDP_PCAP_CD,SSF,_T,_T,_T,_Z,_Z,_Z,2001,A,USD,
586.826461,P1Y,0,,A,PU,_Z,2,,,False,WB_WDI,WB_WDI_NY_GDP_PCAP_CD,SSA,_T,_T,_T,_Z,_Z,_Z,2001,A,USD,
2123.979094,P1Y,0,,A,PU,_Z,2,,,False,WB_WDI,WB_WDI_NY_GDP_PCAP_CD,LAO,_T,_T,_T,_Z,_Z,_Z,2024,A,USD,
23578.966356,P1Y,0,,A,PU,_Z,2,,,False,WB_WDI,WB_WDI_NY_GDP_PCAP_CD,LVA,_T,_T,_T,_Z,_Z,_Z,2024,A,USD,
4473.271344,P1Y,0,,A,PU,_Z,2,,,True,WB_WDI,WB_WDI_NY_GDP_PCAP_CD,LBN,_T,_T,_T,_Z,_Z,_Z,2024,A,USD,
1023.042277,P1Y,0,,A,PU,_Z,2,,,False,WB_WDI,WB_WDI_NY_GDP_PCAP_CD,LSO,_T,_T,_T,_Z,_Z,_Z,2024,A,USD,
851.497724,P1Y,0,,A,PU,_Z,2,,,False,WB_WDI,WB_WDI_NY_GDP_PCAP_CD,LBR,_T,_T,_T,_Z,_Z,_Z,2024,A,USD,
6569.164087,P1Y,0,,A,PU,_Z,2,,,False,WB_WDI,WB_WDI_NY_GDP_PCAP_CD,LBY,_T,_T,_T,_Z,_Z,_Z,2024,A,USD,
220167.225474,P1Y,0,,A,PU,_Z,2,,,True,WB_WDI,WB_WDI_NY_GDP_PCAP_CD,LIE,_T,_T,_T,_Z,_Z,_Z,2024,A,USD,
29603.777259,P1Y,0,,A,PU,_Z,2,,,False,WB_WDI,WB_WDI_NY_GDP_PCAP_CD,LTU,_T,_T,_T,_Z,_Z,_Z,2024,A,USD,
137781.681659,P1Y,0,,A,PU,_Z,2,,,False,WB_WDI,WB_WDI_NY_GDP_PCAP_CD,LUX,_T,_T,_T,_Z,_Z,_Z,2024,A,USD,
72004.743702,P1Y,0,,A,PU,_Z,2,,,False,WB_WDI,WB_WDI_NY_GDP_PCAP_CD,MAC,_T,_T,_T,_Z,_Z,_Z,2024,A,USD,
550.378755,P1Y,0,,A,PU,_Z,2,,,False,WB_WDI,WB_WDI_NY_GDP_PCAP_CD,MDG,_T,_T,_T,_Z,_Z,_Z,2024,A,USD,
522.365366,P1Y,0,,A,PU,_Z,2,,,False,WB_WDI,WB_WDI_NY_GDP_PCAP_CD,MWI,_T,_T,_T,_Z,_Z,_Z,2024,A,USD,
11874.427368,P1Y,0,,A,PU,_Z,2,,,False,WB_WDI,WB_WDI_NY_GDP_PCAP_CD,MYS,_T,_T,_T,_Z,_Z,_Z,2024,A,USD,
13379.351358,P1Y,0,,A,PU,_Z,2,,,False,WB_WDI,WB_WDI_NY_GDP_PCAP_CD,MDV,_T,_T,_T,_Z,_Z,_Z,2024,A,USD,
1093.252332,P1Y,0,,A,PU,_Z,2,,,False,WB_WDI,WB_WDI_NY_GDP_PCAP_CD,MLI,_T,_T,_T,_Z,_Z,_Z,2024,A,USD,
44023.634108,P1Y,0,,A,PU,_Z,2,,,False,WB_WDI,WB_WDI_NY_GDP_PCAP_CD,MLT,_T,_T,_T,_Z,_Z,_Z,2024,A,USD,
7590.284436,P1Y,0,,A,PU,_Z,2,,,False,WB_WDI,WB_WDI_NY_GDP_PCAP_CD,MHL,_T,_T,_T,_Z,_Z,_Z,2024,A,USD,
3153.94011,P1Y,0,,A,PU,_Z,2,,,False,WB_WDI,WB_WDI_NY_GDP_PCAP_CD,MNA,_T,_T,_T,_Z,_Z,_Z,2013,A,USD,
3152.860099,P1Y,0,,A,PU,_Z,2,,,False,WB_WDI,WB_WDI_NY_GDP_PCAP_CD,TMN,_T,_T,_T,_Z,_Z,_Z,2013,A,USD,
4661.497408,P1Y,0,,A,PU,_Z,2,,,False,WB_WDI,WB_WDI_NY_GDP_PCAP_CD,MIC,_T,_T,_T,_Z,_Z,_Z,2013,A,USD,
53240.365588,P1Y,0,,A,PU,_Z,2,,,False,WB_WDI,WB_WDI_NY_GDP_PCAP_CD,NAC,_T,_T,_T,_Z,_Z,_Z,2013,A,USD,
37734.760838,P1Y,0,,A,PU,_Z,2,,,False,WB_WDI,WB_WDI_NY_GDP_PCAP_CD,OED,_T,_T,_T,_Z,_Z,_Z,2013,A,USD,
11421.795258,P1Y,0,,A,PU,_Z,2,,,False,WB_WDI,WB_WDI_NY_GDP_PCAP_CD,OSS,_T,_T,_T,_Z,_Z,_Z,2013,A,USD,
3630.103943,P1Y,0,,A,PU,_Z,2,,,False,WB_WDI,WB_WDI_NY_GDP_PCAP_CD,PSS,_T,_T,_T,_Z,_Z,_Z,2013,A,USD,
42757.070546,P1Y,0,,A,PU,_Z,2,,,False,WB_WDI,WB_WDI_NY_GDP_PCAP_CD,PST,_T,_T,_T,_Z,_Z,_Z,2013,A,USD,
1797.076208,P1Y,0,,A,PU,_Z,2,,,False,WB_WDI,WB_WDI_NY_GDP_PCAP_CD,PRE,_T,_T,_T,_Z,_Z,_Z,2013,A,USD,
11137.950995,P1Y,0,,A,PU,_Z,2,,,False,WB_WDI,WB_WDI_NY_GDP_PCAP_CD,SST,_T,_T,_T,_Z,_Z,_Z,2013,A,USD,
1405.840724,P1Y,0,,A,PU,_Z,2,,,False,WB_WDI,WB_WDI_NY_GDP_PCAP_CD,SAS,_T,_T,_T,_Z,_Z,_Z,2013,A,USD,
1405.840724,P1Y,0,,A,PU,_Z,2,,,False,WB_WDI,WB_WDI_NY_GDP_PCAP_CD,TSA,_T,_T,_T,_Z,_Z,_Z,2013,A,USD,
1880.399805,P1Y,0,,A,PU,_Z,2,,,False,WB_WDI,WB_WDI_NY_GDP_PCAP_CD,SSF,_T,_T,_T,_Z,_Z,_Z,2013,A,USD,
10875.661844,P1Y,0,,A,PU,_Z,2,,,False,WB_WDI,WB_WDI_NY_GDP_PCAP_CD,DOM,_T,_T,_T,_Z,_Z,_Z,2024,A,USD,
6826.529414,P1Y,0,,A,PU,_Z,2,,,False,WB_WDI,WB_WDI_NY_GDP_PCAP_CD,ECU,_T,_T,_T,_Z,_Z,_Z,2024,A,USD,
3338.47371,P1Y,0,,A,PU,_Z,2,,,False,WB_WDI,WB_WDI_NY_GDP_PCAP_CD,EGY,_T,_T,_T,_Z,_Z,_Z,2024,A,USD,
5503.103172,P1Y,0,,A,PU,_Z,2,,,False,WB_WDI,WB_WDI_NY_GDP_PCAP_CD,SLV,_T,_T,_T,_Z,_Z,_Z,2024,A,USD,
7003.580557,P1Y,0,,A,PU,_Z,2,,,False,WB_WDI,WB_WDI_NY_GDP_PCAP_CD,GNQ,_T,_T,_T,_Z,_Z,_Z,2024,A,USD,
31428.354782,P1Y,0,,A,PU,_Z,2,,,False,WB_WDI,WB_WDI_NY_GDP_PCAP_CD,EST,_T,_T,_T,_Z,_Z,_Z,2024,A,USD,
3909.558924,P1Y,0,,A,PU,_Z,2,,,False,WB_WDI,WB_WDI_NY_GDP_PCAP_CD,SWZ,_T,_T,_T,_Z,_Z,_Z,2024,A,USD,
1133.882797,P1Y,0,,A,PU,_Z,2,,,False,WB_WDI,WB_WDI_NY_GDP_PCAP_CD,ETH,_T,_T,_T,_Z,_Z,_Z,2024,A,USD,
74175.277631,P1Y,0,,A,PU,_Z,2,,,True,WB_WDI,WB_WDI_NY_GDP_PCAP_CD,FRO,_T,_T,_T,_Z,_Z,_Z,2024,A,USD,
6425.741517,P1Y,0,,A,PU,_Z,2,,,False,WB_WDI,WB_WDI_NY_GDP_PCAP_CD,FJI,_T,_T,_T,_Z,_Z,_Z,2024,A,USD,
53155.545117,P1Y,0,,A,PU,_Z,2,,,False,WB_WDI,WB_WDI_NY_GDP_PCAP_CD,FIN,_T,_T,_T,_Z,_Z,_Z,2024,A,USD,
46103.084086,P1Y,0,,A,PU,_Z,2,,,False,WB_WDI,WB_WDI_NY_GDP_PCAP_CD,FRA,_T,_T,_T,_Z,_Z,_Z,2024,A,USD,
22439.883875,P1Y,0,,A,PU,_Z,2,,,True,WB_WDI,WB_WDI_NY_GDP_PCAP_CD,PYF,_T,_T,_T,_Z,_Z,_Z,2024,A,USD,
8230.043115,P1Y,0,,A,PU,_Z,2,,,False,WB_WDI,WB_WDI_NY_GDP_PCAP_CD,GAB,_T,_T,_T,_Z,_Z,_Z,2024,A,USD,
871.340288,P1Y,0,,A,PU,_Z,2,,,False,WB_WDI,WB_WDI_NY_GDP_PCAP_CD,GMB,_T,_T,_T,_Z,_Z,_Z,2024,A,USD,
8967.675256,P1Y,0,,A,PU,_Z,2,,,False,WB_WDI,WB_WDI_NY_GDP_PCAP_CD,GEO,_T,_T,_T,_Z,_Z,_Z,2024,A,USD,
36652.007122,P1Y,0,,A,PU,_Z,2,,,False,WB_WDI,WB_WDI_NY_GDP_PCAP_CD,NAC,_T,_T,_T,_Z,_Z,_Z,2002,A,USD,
23526.185122,P1Y,0,,A,PU,_Z,2,,,False,WB_WDI,WB_WDI_NY_GDP_PCAP_CD,OED,_T,_T,_T,_Z,_Z,_Z,2002,A,USD,
5142.247653,P1Y,0,,A,PU,_Z,2,,,False,WB_WDI,WB_WDI_NY_GDP_PCAP_CD,OSS,_T,_T,_T,_Z,_Z,_Z,2002,A,USD,
1695.011479,P1Y,0,,A,PU,_Z,2,,,False,WB_WDI,WB_WDI_NY_GDP_PCAP_CD,PSS,_T,_T,_T,_Z,_Z,_Z,2002,A,USD,
26549.471647,P1Y,0,,A,PU,_Z,2,,,False,WB_WDI,WB_WDI_NY_GDP_PCAP_CD,PST,_T,_T,_T,_Z,_Z,_Z,2002,A,USD,
523.955262,P1Y,0,,A,PU,_Z,2,,,False,WB_WDI,WB_WDI_NY_GDP_PCAP_CD,PRE,_T,_T,_T,_Z,_Z,_Z,2002,A,USD,
5133.232488,P1Y,0,,A,PU,_Z,2,,,False,WB_WDI,WB_WDI_NY_GDP_PCAP_CD,SST,_T,_T,_T,_Z,_Z,_Z,2002,A,USD,
462.898836,P1Y,0,,A,PU,_Z,2,,,False,WB_WDI,WB_WDI_NY_GDP_PCAP_CD,SAS,_T,_T,_T,_Z,_Z,_Z,2002,A,USD,
462.898836,P1Y,0,,A,PU,_Z,2,,,False,WB_WDI,WB_WDI_NY_GDP_PCAP_CD,TSA,_T,_T,_T,_Z,_Z,_Z,2002,A,USD,
625.805569,P1Y,0,,A,PU,_Z,2,,,False,WB_WDI,WB_WDI_NY_GDP_PCAP_CD,SSF,_T,_T,_T,_Z,_Z,_Z,2002,A,USD,
624.838806,P1Y,0,,A,PU,_Z,2,,,False,WB_WDI,WB_WDI_NY_GDP_PCAP_CD,SSA,_T,_T,_T,_Z,_Z,_Z,2002,A,USD,
625.805569,P1Y,0,,A,PU,_Z,2,,,False,WB_WDI,WB_WDI_NY_GDP_PCAP_CD,TSS,_T,_T,_T,_Z,_Z,_Z,2002,A,USD,
1753.629646,P1Y,0,,A,PU,_Z,2,,,False,WB_WDI,WB_WDI_NY_GDP_PCAP_CD,UMC,_T,_T,_T,_Z,_Z,_Z,2002,A,USD,
5539.32465,P1Y,0,,A,PU,_Z,2,,,False,WB_WDI,WB_WDI_NY_GDP_PCAP_CD,WLD,_T,_T,_T,_Z,_Z,_Z,2002,A,USD,
178.954088,P1Y,0,,A,PU,_Z,2,,,False,WB_WDI,WB_WDI_NY_GDP_PCAP_CD,AFG,_T,_T,_T,_Z,_Z,_Z,2002,A,USD,
82808.120496,P1Y,0,,A,PU,_Z,2,,,False,WB_WDI,WB_WDI_NY_GDP_PCAP_CD,NAC,_T,_T,_T,_Z,_Z,_Z,2024,A,USD,
48881.810905,P1Y,0,,A,PU,_Z,2,,,False,WB_WDI,WB_WDI_NY_GDP_PCAP_CD,OED,_T,_T,_T,_Z,_Z,_Z,2024,A,USD,
16111.832824,P1Y,0,,A,PU,_Z,2,,,False,WB_WDI,WB_WDI_NY_GDP_PCAP_CD,OSS,_T,_T,_T,_Z,_Z,_Z,2024,A,USD,
4528.483646,P1Y,0,,A,PU,_Z,2,,,False,WB_WDI,WB_WDI_NY_GDP_PCAP_CD,PSS,_T,_T,_T,_Z,_Z,_Z,2024,A,USD,
56385.058515,P1Y,0,,A,PU,_Z,2,,,False,WB_WDI,WB_WDI_NY_GDP_PCAP_CD,PST,_T,_T,_T,_Z,_Z,_Z,2024,A,USD,
1372.711535,P1Y,0,,A,PU,_Z,2,,,False,WB_WDI,WB_WDI_NY_GDP_PCAP_CD,PRE,_T,_T,_T,_Z,_Z,_Z,2024,A,USD,
15409.264856,P1Y,0,,A,PU,_Z,2,,,False,WB_WDI,WB_WDI_NY_GDP_PCAP_CD,SST,_T,_T,_T,_Z,_Z,_Z,2024,A,USD,
2601.822095,P1Y,0,,A,PU,_Z,2,,,False,WB_WDI,WB_WDI_NY_GDP_PCAP_CD,SAS,_T,_T,_T,_Z,_Z,_Z,2024,A,USD,
2601.822095,P1Y,0,,A,PU,_Z,2,,,False,WB_WDI,WB_WDI_NY_GDP_PCAP_CD,TSA,_T,_T,_T,_Z,_Z,_Z,2024,A,USD,
1542.658443,P1Y,0,,A,PU,_Z,2,,,False,WB_WDI,WB_WDI_NY_GDP_PCAP_CD,SSF,_T,_T,_T,_Z,_Z,_Z,2024,A,USD,
1541.075734,P1Y,0,,A,PU,_Z,2,,,False,WB_WDI,WB_WDI_NY_GDP_PCAP_CD,SSA,_T,_T,_T,_Z,_Z,_Z,2024,A,USD,
1542.658443,P1Y,0,,A,PU,_Z,2,,,False,WB_WDI,WB_WDI_NY_GDP_PCAP_CD,TSS,_T,_T,_T,_Z,_Z,_Z,2024,A,USD,
10443.348046,P1Y,0,,A,PU,_Z,2,,,False,WB_WDI,WB_WDI_NY_GDP_PCAP_CD,UMC,_T,_T,_T,_Z,_Z,_Z,2024,A,USD,
13717.090996,P1Y,0,,A,PU,_Z,2,,,False,WB_WDI,WB_WDI_NY_GDP_PCAP_CD,WLD,_T,_T,_T,_Z,_Z,_Z,2024,A,USD,
416.871146,P1Y,0,,A,PU,_Z,2,,,True,WB_WDI,WB_WDI_NY_GDP_PCAP_CD,AFG,_T,_T,_T,_Z,_Z,_Z,2024,A,USD,
11374.008578,P1Y,0,,A,PU,_Z,2,,,False,WB_WDI,WB_WDI_NY_GDP_PCAP_CD,ALB,_T,_T,_T,_Z,_Z,_Z,2024,A,USD,
5752.990767,P1Y,0,,A,PU,_Z,2,,,False,WB_WDI,WB_WDI_NY_GDP_PCAP_CD,DZA,_T,_T,_T,_Z,_Z,_Z,2024,A,USD,
49357.43707,P1Y,0,,A,PU,_Z,2,,,False,WB_WDI,WB_WDI_NY_GDP_PCAP_CD,AND,_T,_T,_T,_Z,_Z,_Z,2024,A,USD,
2720.819007,P1Y,0,,A,PU,_Z,2,,,False,WB_WDI,WB_WDI_NY_GDP_PCAP_CD,AGO,_T,_T,_T,_Z,_Z,_Z,2024,A,USD,
446.290105,P1Y,0,,A,PU,_Z,2,,,False,WB_WDI,WB_WDI_NY_GDP_PCAP_CD,ZMB,_T,_T,_T,_Z,_Z,_Z,2003,A,USD,
468.471933,P1Y,0,,A,PU,_Z,2,,,False,WB_WDI,WB_WDI_NY_GDP_PCAP_CD,ZWE,_T,_T,_T,_Z,_Z,_Z,2003,A,USD,
989.017115,P1Y,0,,A,PU,_Z,2,,,False,WB_WDI,WB_WDI_NY_GDP_PCAP_CD,AFE,_T,_T,_T,_Z,_Z,_Z,2004,A,USD,
839.345852,P1Y,0,,A,PU,_Z,2,,,False,WB_WDI,WB_WDI_NY_GDP_PCAP_CD,AFW,_T,_T,_T,_Z,_Z,_Z,2004,A,USD,
3133.70137,P1Y,0,,A,PU,_Z,2,,,False,WB_WDI,WB_WDI_NY_GDP_PCAP_CD,ARB,_T,_T,_T,_Z,_Z,_Z,2004,A,USD,
8233.610825,P1Y,0,,A,PU,_Z,2,,,False,WB_WDI,WB_WDI_NY_GDP_PCAP_CD,CSS,_T,_T,_T,_Z,_Z,_Z,2004,A,USD,
7046.221888,P1Y,0,,A,PU,_Z,2,,,False,WB_WDI,WB_WDI_NY_GDP_PCAP_CD,CEB,_T,_T,_T,_Z,_Z,_Z,2004,A,USD,
1563.060388,P1Y,0,,A,PU,_Z,2,,,False,WB_WDI,WB_WDI_NY_GDP_PCAP_CD,EAR,_T,_T,_T,_Z,_Z,_Z,2004,A,USD,
4657.508348,P1Y,0,,A,PU,_Z,2,,,False,WB_WDI,WB_WDI_NY_GDP_PCAP_CD,EAS,_T,_T,_T,_Z,_Z,_Z,2004,A,USD,
1439.932145,P1Y,0,,A,PU,_Z,2,,,False,WB_WDI,WB_WDI_NY_GDP_PCAP_CD,EAP,_T,_T,_T,_Z,_Z,_Z,2004,A,USD,
1456.966947,P1Y,0,,A,PU,_Z,2,,,False,WB_WDI,WB_WDI_NY_GDP_PCAP_CD,TEA,_T,_T,_T,_Z,_Z,_Z,2004,A,USD,
30138.887475,P1Y,0,,A,PU,_Z,2,,,False,WB_WDI,WB_WDI_NY_GDP_PCAP_CD,EMU,_T,_T,_T,_Z,_Z,_Z,2004,A,USD,
18104.050299,P1Y,0,,A,PU,_Z,2,,,False,WB_WDI,WB_WDI_NY_GDP_PCAP_CD,ECS,_T,_T,_T,_Z,_Z,_Z,2004,A,USD,
2883.617481,P1Y,0,,A,PU,_Z,2,,,False,WB_WDI,WB_WDI_NY_GDP_PCAP_CD,ECA,_T,_T,_T,_Z,_Z,_Z,2004,A,USD,
3723.469345,P1Y,0,,A,PU,_Z,2,,,False,WB_WDI,WB_WDI_NY_GDP_PCAP_CD,TEC,_T,_T,_T,_Z,_Z,_Z,2004,A,USD,
2191.781787,P1Y,0,,A,PU,_Z,2,,,False,WB_WDI,WB_WDI_NY_GDP_PCAP_CD,PSE,_T,_T,_T,_Z,_Z,_Z,2009,A,USD,
969.24351,P1Y,0,,A,PU,_Z,2,,,False,WB_WDI,WB_WDI_NY_GDP_PCAP_CD,YEM,_T,_T,_T,_Z,_Z,_Z,2009,A,USD,
1136.241683,P1Y,0,,A,PU,_Z,2,,,False,WB_WDI,WB_WDI_NY_GDP_PCAP_CD,ZMB,_T,_T,_T,_Z,_Z,_Z,2009,A,USD,
735.821694,P1Y,0,,A,PU,_Z,2,,,False,WB_WDI,WB_WDI_NY_GDP_PCAP_CD,ZWE,_T,_T,_T,_Z,_Z,_Z,2009,A,USD,
1628.768573,P1Y,0,,A,PU,_Z,2,,,False,WB_WDI,WB_WDI_NY_GDP_PCAP_CD,AFE,_T,_T,_T,_Z,_Z,_Z,2010,A,USD,
1664.492045,P1Y,0,,A,PU,_Z,2,,,False,WB_WDI,WB_WDI_NY_GDP_PCAP_CD,AFW,_T,_T,_T,_Z,_Z,_Z,2010,A,USD,
5957.505395,P1Y,0,,A,PU,_Z,2,,,False,WB_WDI,WB_WDI_NY_GDP_PCAP_CD,ARB,_T,_T,_T,_Z,_Z,_Z,2010,A,USD,
12652.569126,P1Y,0,,A,PU,_Z,2,,,False,WB_WDI,WB_WDI_NY_GDP_PCAP_CD,CSS,_T,_T,_T,_Z,_Z,_Z,2010,A,USD,
12635.778212,P1Y,0,,A,PU,_Z,2,,,False,WB_WDI,WB_WDI_NY_GDP_PCAP_CD,CEB,_T,_T,_T,_Z,_Z,_Z,2010,A,USD,
2941.653304,P1Y,0,,A,PU,_Z,2,,,False,WB_WDI,WB_WDI_NY_GDP_PCAP_CD,EAR,_T,_T,_T,_Z,_Z,_Z,2010,A,USD,
7808.070104,P1Y,0,,A,PU,_Z,2,,,False,WB_WDI,WB_WDI_NY_GDP_PCAP_CD,EAS,_T,_T,_T,_Z,_Z,_Z,2010,A,USD,
4057.865905,P1Y,0,,A,PU,_Z,2,,,False,WB_WDI,WB_WDI_NY_GDP_PCAP_CD,EAP,_T,_T,_T,_Z,_Z,_Z,2010,A,USD,
4104.801398,P1Y,0,,A,PU,_Z,2,,,False,WB_WDI,WB_WDI_NY_GDP_PCAP_CD,TEA,_T,_T,_T,_Z,_Z,_Z,2010,A,USD,
2815.18829,P1Y,0,,A,PU,_Z,2,,,False,WB_WDI,WB_WDI_NY_GDP_PCAP_CD,VUT,_T,_T,_T,_Z,_Z,_Z,2010,A,USD,
13646.304662,P1Y,0,,A,PU,_Z,2,,,False,WB_WDI,WB_WDI_NY_GDP_PCAP_CD,VEN,_T,_T,_T,_Z,_Z,_Z,2010,A,USD,
1683.161824,P1Y,0,,A,PU,_Z,2,,,False,WB_WDI,WB_WDI_NY_GDP_PCAP_CD,VNM,_T,_T,_T,_Z,_Z,_Z,2010,A,USD,
39905.128418,P1Y,0,,A,PU,_Z,2,,,False,WB_WDI,WB_WDI_NY_GDP_PCAP_CD,VIR,_T,_T,_T,_Z,_Z,_Z,2010,A,USD,
2557.075624,P1Y,0,,A,PU,_Z,2,,,False,WB_WDI,WB_WDI_NY_GDP_PCAP_CD,PSE,_T,_T,_T,_Z,_Z,_Z,2010,A,USD,
1155.203053,P1Y,0,,A,PU,_Z,2,,,False,WB_WDI,WB_WDI_NY_GDP_PCAP_CD,YEM,_T,_T,_T,_Z,_Z,_Z,2010,A,USD,
1451.10616,P1Y,0,,A,PU,_Z,2,,,False,WB_WDI,WB_WDI_NY_GDP_PCAP_CD,ZMB,_T,_T,_T,_Z,_Z,_Z,2010,A,USD,
902.010759,P1Y,0,,A,PU,_Z,2,,,False,WB_WDI,WB_WDI_NY_GDP_PCAP_CD,ZWE,_T,_T,_T,_Z,_Z,_Z,2010,A,USD,
1761.838296,P1Y,0,,A,PU,_Z,2,,,False,WB_WDI,WB_WDI_NY_GDP_PCAP_CD,AFE,_T,_T,_T,_Z,_Z,_Z,2011,A,USD,
1846.102926,P1Y,0,,A,PU,_Z,2,,,False,WB_WDI,WB_WDI_NY_GDP_PCAP_CD,AFW,_T,_T,_T,_Z,_Z,_Z,2011,A,USD,
6924.202894,P1Y,0,,A,PU,_Z,2,,,False,WB_WDI,WB_WDI_NY_GDP_PCAP_CD,ARB,_T,_T,_T,_Z,_Z,_Z,2011,A,USD,
13503.158276,P1Y,0,,A,PU,_Z,2,,,False,WB_WDI,WB_WDI_NY_GDP_PCAP_CD,CSS,_T,_T,_T,_Z,_Z,_Z,2011,A,USD,
13997.329779,P1Y,0,,A,PU,_Z,2,,,False,WB_WDI,WB_WDI_NY_GDP_PCAP_CD,CEB,_T,_T,_T,_Z,_Z,_Z,2011,A,USD,
1818.061254,P1Y,0,,A,PU,_Z,2,,,False,WB_WDI,WB_WDI_NY_GDP_PCAP_CD,TSS,_T,_T,_T,_Z,_Z,_Z,2012,A,USD,
6813.153824,P1Y,0,,A,PU,_Z,2,,,False,WB_WDI,WB_WDI_NY_GDP_PCAP_CD,UMC,_T,_T,_T,_Z,_Z,_Z,2012,A,USD,
10597.846078,P1Y,0,,A,PU,_Z,2,,,False,WB_WDI,WB_WDI_NY_GDP_PCAP_CD,WLD,_T,_T,_T,_Z,_Z,_Z,2012,A,USD,
651.417134,P1Y,0,,A,PU,_Z,2,,,False,WB_WDI,WB_WDI_NY_GDP_PCAP_CD,AFG,_T,_T,_T,_Z,_Z,_Z,2012,A,USD,
4280.933163,P1Y,0,,A,PU,_Z,2,,,False,WB_WDI,WB_WDI_NY_GDP_PCAP_CD,ALB,_T,_T,_T,_Z,_Z,_Z,2012,A,USD,
6033.648847,P1Y,0,,A,PU,_Z,2,,,False,WB_WDI,WB_WDI_NY_GDP_PCAP_CD,DZA,_T,_T,_T,_Z,_Z,_Z,2012,A,USD,
11745.489915,P1Y,0,,A,PU,_Z,2,,,False,WB_WDI,WB_WDI_NY_GDP_PCAP_CD,ASM,_T,_T,_T,_Z,_Z,_Z,2012,A,USD,
41500.543578,P1Y,0,,A,PU,_Z,2,,,False,WB_WDI,WB_WDI_NY_GDP_PCAP_CD,AND,_T,_T,_T,_Z,_Z,_Z,2012,A,USD,
5702.453063,P1Y,0,,A,PU,_Z,2,,,False,WB_WDI,WB_WDI_NY_GDP_PCAP_CD,AGO,_T,_T,_T,_Z,_Z,_Z,2012,A,USD,
15639.807811,P1Y,0,,A,PU,_Z,2,,,False,WB_WDI,WB_WDI_NY_GDP_PCAP_CD,ATG,_T,_T,_T,_Z,_Z,_Z,2012,A,USD,
12949.717487,P1Y,0,,A,PU,_Z,2,,,False,WB_WDI,WB_WDI_NY_GDP_PCAP_CD,ARG,_T,_T,_T,_Z,_Z,_Z,2012,A,USD,
3511.563997,P1Y,0,,A,PU,_Z,2,,,False,WB_WDI,WB_WDI_NY_GDP_PCAP_CD,ARM,_T,_T,_T,_Z,_Z,_Z,2012,A,USD,
25119.665545,P1Y,0,,A,PU,_Z,2,,,False,WB_WDI,WB_WDI_NY_GDP_PCAP_CD,ABW,_T,_T,_T,_Z,_Z,_Z,2012,A,USD,
3128.423072,P1Y,0,,A,PU,_Z,2,,,False,WB_WDI,WB_WDI_NY_GDP_PCAP_CD,UZB,_T,_T,_T,_Z,_Z,_Z,2016,A,USD,
3339.834365,P1Y,0,,A,PU,_Z,2,,,False,WB_WDI,WB_WDI_NY_GDP_PCAP_CD,VUT,_T,_T,_T,_Z,_Z,_Z,2016,A,USD,
3671.230041,P1Y,0,,A,PU,_Z,2,,,False,WB_WDI,WB_WDI_NY_GDP_PCAP_CD,VEN,_T,_T,_T,_Z,_Z,_Z,2016,A,USD,
2735.060438,P1Y,0,,A,PU,_Z,2,,,False,WB_WDI,WB_WDI_NY_GDP_PCAP_CD,VNM,_T,_T,_T,_Z,_Z,_Z,2016,A,USD,
35324.974887,P1Y,0,,A,PU,_Z,2,,,False,WB_WDI,WB_WDI_NY_GDP_PCAP_CD,VIR,_T,_T,_T,_Z,_Z,_Z,2016,A,USD,
3527.613824,P1Y,0,,A,PU,_Z,2,,,False,WB_WDI,WB_WDI_NY_GDP_PCAP_CD,PSE,_T,_T,_T,_Z,_Z,_Z,2016,A,USD,
975.359417,P1Y,0,,A,PU,_Z,2,,,False,WB_WDI,WB_WDI_NY_GDP_PCAP_CD,YEM,_T,_T,_T,_Z,_Z,_Z,2016,A,USD,
1239.085279,P1Y,0,,A,PU,_Z,2,,,False,WB_WDI,WB_WDI_NY_GDP_PCAP_CD,ZMB,_T,_T,_T,_Z,_Z,_Z,2016,A,USD,
1408.139453,P1Y,0,,A,PU,_Z,2,,,False,WB_WDI,WB_WDI_NY_GDP_PCAP_CD,ZWE,_T,_T,_T,_Z,_Z,_Z,2016,A,USD,
1529.92308,P1Y,0,,A,PU,_Z,2,,,False,WB_WDI,WB_WDI_NY_GDP_PCAP_CD,AFE,_T,_T,_T,_Z,_Z,_Z,2017,A,USD,
1577.203497,P1Y,0,,A,PU,_Z,2,,,False,WB_WDI,WB_WDI_NY_GDP_PCAP_CD,AFW,_T,_T,_T,_Z,_Z,_Z,2017,A,USD,
6105.921618,P1Y,0,,A,PU,_Z,2,,,False,WB_WDI,WB_WDI_NY_GDP_PCAP_CD,ARB,_T,_T,_T,_Z,_Z,_Z,2017,A,USD,
36841.260101,P1Y,0,,A,PU,_Z,2,,,False,WB_WDI,WB_WDI_NY_GDP_PCAP_CD,EMU,_T,_T,_T,_Z,_Z,_Z,2010,A,USD,
23731.666864,P1Y,0,,A,PU,_Z,2,,,False,WB_WDI,WB_WDI_NY_GDP_PCAP_CD,ECS,_T,_T,_T,_Z,_Z,_Z,2010,A,USD,
6044.407421,P1Y,0,,A,PU,_Z,2,,,False,WB_WDI,WB_WDI_NY_GDP_PCAP_CD,ECA,_T,_T,_T,_Z,_Z,_Z,2010,A,USD,
8293.775116,P1Y,0,,A,PU,_Z,2,,,False,WB_WDI,WB_WDI_NY_GDP_PCAP_CD,TEC,_T,_T,_T,_Z,_Z,_Z,2010,A,USD,
33119.573013,P1Y,0,,A,PU,_Z,2,,,False,WB_WDI,WB_WDI_NY_GDP_PCAP_CD,EUU,_T,_T,_T,_Z,_Z,_Z,2010,A,USD,
812.484498,P1Y,0,,A,PU,_Z,2,,,False,WB_WDI,WB_WDI_NY_GDP_PCAP_CD,HPC,_T,_T,_T,_Z,_Z,_Z,2010,A,USD,
35833.711583,P1Y,0,,A,PU,_Z,2,,,False,WB_WDI,WB_WDI_NY_GDP_PCAP_CD,HIC,_T,_T,_T,_Z,_Z,_Z,2010,A,USD,
4561.888234,P1Y,0,,A,PU,_Z,2,,,False,WB_WDI,WB_WDI_NY_GDP_PCAP_CD,IBD,_T,_T,_T,_Z,_Z,_Z,2010,A,USD,
3717.275722,P1Y,0,,A,PU,_Z,2,,,False,WB_WDI,WB_WDI_NY_GDP_PCAP_CD,IBT,_T,_T,_T,_Z,_Z,_Z,2010,A,USD,
1546.664869,P1Y,0,,A,PU,_Z,2,,,False,WB_WDI,WB_WDI_NY_GDP_PCAP_CD,IDB,_T,_T,_T,_Z,_Z,_Z,2010,A,USD,
877.931099,P1Y,0,,A,PU,_Z,2,,,False,WB_WDI,WB_WDI_NY_GDP_PCAP_CD,IDX,_T,_T,_T,_Z,_Z,_Z,2010,A,USD,
1114.119825,P1Y,0,,A,PU,_Z,2,,,False,WB_WDI,WB_WDI_NY_GDP_PCAP_CD,IDA,_T,_T,_T,_Z,_Z,_Z,2010,A,USD,
6277.14834,P1Y,0,,A,PU,_Z,2,,,False,WB_WDI,WB_WDI_NY_GDP_PCAP_CD,LTE,_T,_T,_T,_Z,_Z,_Z,2010,A,USD,
470.938563,P1Y,0,,A,PU,_Z,2,,,False,WB_WDI,WB_WDI_NY_GDP_PCAP_CD,MOZ,_T,_T,_T,_Z,_Z,_Z,2017,A,USD,
1272.822418,P1Y,0,,A,PU,_Z,2,,,False,WB_WDI,WB_WDI_NY_GDP_PCAP_CD,MMR,_T,_T,_T,_Z,_Z,_Z,2017,A,USD,
5143.960723,P1Y,0,,A,PU,_Z,2,,,False,WB_WDI,WB_WDI_NY_GDP_PCAP_CD,NAM,_T,_T,_T,_Z,_Z,_Z,2017,A,USD,
9656.979766,P1Y,0,,A,PU,_Z,2,,,False,WB_WDI,WB_WDI_NY_GDP_PCAP_CD,NRU,_T,_T,_T,_Z,_Z,_Z,2017,A,USD,
1034.283749,P1Y,0,,A,PU,_Z,2,,,False,WB_WDI,WB_WDI_NY_GDP_PCAP_CD,NPL,_T,_T,_T,_Z,_Z,_Z,2017,A,USD,
49513.681735,P1Y,0,,A,PU,_Z,2,,,False,WB_WDI,WB_WDI_NY_GDP_PCAP_CD,NLD,_T,_T,_T,_Z,_Z,_Z,2017,A,USD,
32354.710283,P1Y,0,,A,PU,_Z,2,,,False,WB_WDI,WB_WDI_NY_GDP_PCAP_CD,NCL,_T,_T,_T,_Z,_Z,_Z,2017,A,USD,
42912.1537,P1Y,0,,A,PU,_Z,2,,,False,WB_WDI,WB_WDI_NY_GDP_PCAP_CD,NZL,_T,_T,_T,_Z,_Z,_Z,2017,A,USD,
2182.61381,P1Y,0,,A,PU,_Z,2,,,False,WB_WDI,WB_WDI_NY_GDP_PCAP_CD,NIC,_T,_T,_T,_Z,_Z,_Z,2017,A,USD,
529.929419,P1Y,0,,A,PU,_Z,2,,,False,WB_WDI,WB_WDI_NY_GDP_PCAP_CD,NER,_T,_T,_T,_Z,_Z,_Z,2017,A,USD,
1876.340271,P1Y,0,,A,PU,_Z,2,,,False,WB_WDI,WB_WDI_NY_GDP_PCAP_CD,NGA,_T,_T,_T,_Z,_Z,_Z,2017,A,USD,
5955.297386,P1Y,0,,A,PU,_Z,2,,,False,WB_WDI,WB_WDI_NY_GDP_PCAP_CD,MKD,_T,_T,_T,_Z,_Z,_Z,2017,A,USD,
4610.604603,P1Y,0,,A,PU,_Z,2,,,False,WB_WDI,WB_WDI_NY_GDP_PCAP_CD,JOR,_T,_T,_T,_Z,_Z,_Z,2014,A,USD,
12427.709458,P1Y,0,,A,PU,_Z,2,,,False,WB_WDI,WB_WDI_NY_GDP_PCAP_CD,KAZ,_T,_T,_T,_Z,_Z,_Z,2014,A,USD,
1482.815663,P1Y,0,,A,PU,_Z,2,,,False,WB_WDI,WB_WDI_NY_GDP_PCAP_CD,KEN,_T,_T,_T,_Z,_Z,_Z,2014,A,USD,
1736.705357,P1Y,0,,A,PU,_Z,2,,,False,WB_WDI,WB_WDI_NY_GDP_PCAP_CD,KIR,_T,_T,_T,_Z,_Z,_Z,2014,A,USD,
30667.091247,P1Y,0,,A,PU,_Z,2,,,False,WB_WDI,WB_WDI_NY_GDP_PCAP_CD,KOR,_T,_T,_T,_Z,_Z,_Z,2014,A,USD,
3902.493223,P1Y,0,,A,PU,_Z,2,,,False,WB_WDI,WB_WDI_NY_GDP_PCAP_CD,XKX,_T,_T,_T,_Z,_Z,_Z,2014,A,USD,
44368.781346,P1Y,0,,A,PU,_Z,2,,,False,WB_WDI,WB_WDI_NY_GDP_PCAP_CD,KWT,_T,_T,_T,_Z,_Z,_Z,2014,A,USD,
1264.526688,P1Y,0,,A,PU,_Z,2,,,False,WB_WDI,WB_WDI_NY_GDP_PCAP_CD,KGZ,_T,_T,_T,_Z,_Z,_Z,2014,A,USD,
1981.039109,P1Y,0,,A,PU,_Z,2,,,False,WB_WDI,WB_WDI_NY_GDP_PCAP_CD,LAO,_T,_T,_T,_Z,_Z,_Z,2014,A,USD,
15185.814581,P1Y,0,,A,PU,_Z,2,,,False,WB_WDI,WB_WDI_NY_GDP_PCAP_CD,LVA,_T,_T,_T,_Z,_Z,_Z,2014,A,USD,
8943.084168,P1Y,0,,A,PU,_Z,2,,,False,WB_WDI,WB_WDI_NY_GDP_PCAP_CD,KAZ,_T,_T,_T,_Z,_Z,_Z,2017,A,USD,
1667.484472,P1Y,0,,A,PU,_Z,2,,,False,WB_WDI,WB_WDI_NY_GDP_PCAP_CD,KEN,_T,_T,_T,_Z,_Z,_Z,2017,A,USD,
1854.332692,P1Y,0,,A,PU,_Z,2,,,False,WB_WDI,WB_WDI_NY_GDP_PCAP_CD,KIR,_T,_T,_T,_Z,_Z,_Z,2017,A,USD,
33296.984544,P1Y,0,,A,PU,_Z,2,,,False,WB_WDI,WB_WDI_NY_GDP_PCAP_CD,KOR,_T,_T,_T,_Z,_Z,_Z,2017,A,USD,
4009.320221,P1Y,0,,A,PU,_Z,2,,,False,WB_WDI,WB_WDI_NY_GDP_PCAP_CD,XKX,_T,_T,_T,_Z,_Z,_Z,2017,A,USD,
29047.653614,P1Y,0,,A,PU,_Z,2,,,False,WB_WDI,WB_WDI_NY_GDP_PCAP_CD,KWT,_T,_T,_T,_Z,_Z,_Z,2017,A,USD,
1221.390468,P1Y,0,,A,PU,_Z,2,,,False,WB_WDI,WB_WDI_NY_GDP_PCAP_CD,KGZ,_T,_T,_T,_Z,_Z,_Z,2017,A,USD,
2432.430595,P1Y,0,,A,PU,_Z,2,,,False,WB_WDI,WB_WDI_NY_GDP_PCAP_CD,LAO,_T,_T,_T,_Z,_Z,_Z,2017,A,USD,
15132.495833,P1Y,0,,A,PU,_Z,2,,,False,WB_WDI,WB_WDI_NY_GDP_PCAP_CD,LVA,_T,_T,_T,_Z,_Z,_Z,2017,A,USD,
8608.21085,P1Y,0,,A,PU,_Z,2,,,False,WB_WDI,WB_WDI_NY_GDP_PCAP_CD,LBN,_T,_T,_T,_Z,_Z,_Z,2017,A,USD,
1069.366732,P1Y,0,,A,PU,_Z,2,,,False,WB_WDI,WB_WDI_NY_GDP_PCAP_CD,LSO,_T,_T,_T,_Z,_Z,_Z,2017,A,USD,
55140.364936,P1Y,0,,A,PU,_Z,2,,,False,WB_WDI,WB_WDI_NY_GDP_PCAP_CD,ISL,_T,_T,_T,_Z,_Z,_Z,2014,A,USD,
1553.883961,P1Y,0,,A,PU,_Z,2,,,False,WB_WDI,WB_WDI_NY_GDP_PCAP_CD,IND,_T,_T,_T,_Z,_Z,_Z,2014,A,USD,
3441.068085,P1Y,0,,A,PU,_Z,2,,,False,WB_WDI,WB_WDI_NY_GDP_PCAP_CD,IDN,_T,_T,_T,_Z,_Z,_Z,2014,A,USD,
5672.063729,P1Y,0,,A,PU,_Z,2,,,False,WB_WDI,WB_WDI_NY_GDP_PCAP_CD,IRN,_T,_T,_T,_Z,_Z,_Z,2014,A,USD,
6249.39227,P1Y,0,,A,PU,_Z,2,,,False,WB_WDI,WB_WDI_NY_GDP_PCAP_CD,IRQ,_T,_T,_T,_Z,_Z,_Z,2014,A,USD,
57214.537979,P1Y,0,,A,PU,_Z,2,,,False,WB_WDI,WB_WDI_NY_GDP_PCAP_CD,IRL,_T,_T,_T,_Z,_Z,_Z,2014,A,USD,
91885.452872,P1Y,0,,A,PU,_Z,2,,,False,WB_WDI,WB_WDI_NY_GDP_PCAP_CD,IMN,_T,_T,_T,_Z,_Z,_Z,2014,A,USD,
38265.365195,P1Y,0,,A,PU,_Z,2,,,False,WB_WDI,WB_WDI_NY_GDP_PCAP_CD,ISR,_T,_T,_T,_Z,_Z,_Z,2014,A,USD,
36028.349402,P1Y,0,,A,PU,_Z,2,,,False,WB_WDI,WB_WDI_NY_GDP_PCAP_CD,ITA,_T,_T,_T,_Z,_Z,_Z,2014,A,USD,
4975.113255,P1Y,0,,A,PU,_Z,2,,,False,WB_WDI,WB_WDI_NY_GDP_PCAP_CD,JAM,_T,_T,_T,_Z,_Z,_Z,2014,A,USD,
39172.847116,P1Y,0,,A,PU,_Z,2,,,False,WB_WDI,WB_WDI_NY_GDP_PCAP_CD,JPN,_T,_T,_T,_Z,_Z,_Z,2014,A,USD,
455.243963,P1Y,0,,A,PU,_Z,2,,,False,WB_WDI,WB_WDI_NY_GDP_PCAP_CD,CAF,_T,_T,_T,_Z,_Z,_Z,2018,A,USD,
948.65663,P1Y,0,,A,PU,_Z,2,,,False,WB_WDI,WB_WDI_NY_GDP_PCAP_CD,TCD,_T,_T,_T,_Z,_Z,_Z,2018,A,USD,
60784.81254,P1Y,0,,A,PU,_Z,2,,,False,WB_WDI,WB_WDI_NY_GDP_PCAP_CD,CHI,_T,_T,_T,_Z,_Z,_Z,2018,A,USD,
15659.480868,P1Y,0,,A,PU,_Z,2,,,False,WB_WDI,WB_WDI_NY_GDP_PCAP_CD,CHL,_T,_T,_T,_Z,_Z,_Z,2018,A,USD,
10085.663815,P1Y,0,,A,PU,_Z,2,,,False,WB_WDI,WB_WDI_NY_GDP_PCAP_CD,CHN,_T,_T,_T,_Z,_Z,_Z,2018,A,USD,
6816.968183,P1Y,0,,A,PU,_Z,2,,,False,WB_WDI,WB_WDI_NY_GDP_PCAP_CD,COL,_T,_T,_T,_Z,_Z,_Z,2018,A,USD,
1540.711323,P1Y,0,,A,PU,_Z,2,,,False,WB_WDI,WB_WDI_NY_GDP_PCAP_CD,COM,_T,_T,_T,_Z,_Z,_Z,2018,A,USD,
518.169627,P1Y,0,,A,PU,_Z,2,,,False,WB_WDI,WB_WDI_NY_GDP_PCAP_CD,COD,_T,_T,_T,_Z,_Z,_Z,2018,A,USD,
2694.434132,P1Y,0,,A,PU,_Z,2,,,False,WB_WDI,WB_WDI_NY_GDP_PCAP_CD,COG,_T,_T,_T,_Z,_Z,_Z,2018,A,USD,
12620.020732,P1Y,0,,A,PU,_Z,2,,,False,WB_WDI,WB_WDI_NY_GDP_PCAP_CD,CRI,_T,_T,_T,_Z,_Z,_Z,2018,A,USD,
2130.866194,P1Y,0,,A,PU,_Z,2,,,False,WB_WDI,WB_WDI_NY_GDP_PCAP_CD,CIV,_T,_T,_T,_Z,_Z,_Z,2018,A,USD,
100213.493385,P1Y,0,,A,PU,_Z,2,,,False,WB_WDI,WB_WDI_NY_GDP_PCAP_CD,BMU,_T,_T,_T,_Z,_Z,_Z,2012,A,USD,
2751.212886,P1Y,0,,A,PU,_Z,2,,,False,WB_WDI,WB_WDI_NY_GDP_PCAP_CD,BTN,_T,_T,_T,_Z,_Z,_Z,2012,A,USD,
2575.598571,P1Y,0,,A,PU,_Z,2,,,False,WB_WDI,WB_WDI_NY_GDP_PCAP_CD,BOL,_T,_T,_T,_Z,_Z,_Z,2012,A,USD,
4693.788991,P1Y,0,,A,PU,_Z,2,,,False,WB_WDI,WB_WDI_NY_GDP_PCAP_CD,BIH,_T,_T,_T,_Z,_Z,_Z,2012,A,USD,
6595.53845,P1Y,0,,A,PU,_Z,2,,,False,WB_WDI,WB_WDI_NY_GDP_PCAP_CD,BWA,_T,_T,_T,_Z,_Z,_Z,2012,A,USD,
12521.721352,P1Y,0,,A,PU,_Z,2,,,False,WB_WDI,WB_WDI_NY_GDP_PCAP_CD,BRA,_T,_T,_T,_Z,_Z,_Z,2012,A,USD,
46968.597116,P1Y,0,,A,PU,_Z,2,,,False,WB_WDI,WB_WDI_NY_GDP_PCAP_CD,BRN,_T,_T,_T,_Z,_Z,_Z,2012,A,USD,
7432.337534,P1Y,0,,A,PU,_Z,2,,,False,WB_WDI,WB_WDI_NY_GDP_PCAP_CD,BGR,_T,_T,_T,_Z,_Z,_Z,2012,A,USD,
731.470139,P1Y,0,,A,PU,_Z,2,,,False,WB_WDI,WB_WDI_NY_GDP_PCAP_CD,BFA,_T,_T,_T,_Z,_Z,_Z,2012,A,USD,
231.098788,P1Y,0,,A,PU,_Z,2,,,False,WB_WDI,WB_WDI_NY_GDP_PCAP_CD,BDI,_T,_T,_T,_Z,_Z,_Z,2012,A,USD,
4142.519455,P1Y,0,,A,PU,_Z,2,,,False,WB_WDI,WB_WDI_NY_GDP_PCAP_CD,ECA,_T,_T,_T,_Z,_Z,_Z,2006,A,USD,
5633.029718,P1Y,0,,A,PU,_Z,2,,,False,WB_WDI,WB_WDI_NY_GDP_PCAP_CD,TEC,_T,_T,_T,_Z,_Z,_Z,2006,A,USD,
29169.389707,P1Y,0,,A,PU,_Z,2,,,False,WB_WDI,WB_WDI_NY_GDP_PCAP_CD,EUU,_T,_T,_T,_Z,_Z,_Z,2006,A,USD,
593.589509,P1Y,0,,A,PU,_Z,2,,,False,WB_WDI,WB_WDI_NY_GDP_PCAP_CD,HPC,_T,_T,_T,_Z,_Z,_Z,2006,A,USD,
31743.310845,P1Y,0,,A,PU,_Z,2,,,False,WB_WDI,WB_WDI_NY_GDP_PCAP_CD,HIC,_T,_T,_T,_Z,_Z,_Z,2006,A,USD,
2700.558475,P1Y,0,,A,PU,_Z,2,,,False,WB_WDI,WB_WDI_NY_GDP_PCAP_CD,IBD,_T,_T,_T,_Z,_Z,_Z,2006,A,USD,
2247.88945,P1Y,0,,A,PU,_Z,2,,,False,WB_WDI,WB_WDI_NY_GDP_PCAP_CD,IBT,_T,_T,_T,_Z,_Z,_Z,2006,A,USD,
1148.891819,P1Y,0,,A,PU,_Z,2,,,False,WB_WDI,WB_WDI_NY_GDP_PCAP_CD,IDB,_T,_T,_T,_Z,_Z,_Z,2006,A,USD,
574.088143,P1Y,0,,A,PU,_Z,2,,,False,WB_WDI,WB_WDI_NY_GDP_PCAP_CD,IDX,_T,_T,_T,_Z,_Z,_Z,2006,A,USD,
775.720251,P1Y,0,,A,PU,_Z,2,,,False,WB_WDI,WB_WDI_NY_GDP_PCAP_CD,IDA,_T,_T,_T,_Z,_Z,_Z,2006,A,USD,
3519.25786,P1Y,0,,A,PU,_Z,2,,,False,WB_WDI,WB_WDI_NY_GDP_PCAP_CD,LTE,_T,_T,_T,_Z,_Z,_Z,2006,A,USD,
6047.733929,P1Y,0,,A,PU,_Z,2,,,False,WB_WDI,WB_WDI_NY_GDP_PCAP_CD,LCN,_T,_T,_T,_Z,_Z,_Z,2006,A,USD,
5770.602908,P1Y,0,,A,PU,_Z,2,,,False,WB_WDI,WB_WDI_NY_GDP_PCAP_CD,LAC,_T,_T,_T,_Z,_Z,_Z,2006,A,USD,
3435.406982,P1Y,0,,A,PU,_Z,2,,,False,WB_WDI,WB_WDI_NY_GDP_PCAP_CD,MAR,_T,_T,_T,_Z,_Z,_Z,2014,A,USD,
697.14268,P1Y,0,,A,PU,_Z,2,,,False,WB_WDI,WB_WDI_NY_GDP_PCAP_CD,MOZ,_T,_T,_T,_Z,_Z,_Z,2014,A,USD,
1293.000423,P1Y,0,,A,PU,_Z,2,,,False,WB_WDI,WB_WDI_NY_GDP_PCAP_CD,MMR,_T,_T,_T,_Z,_Z,_Z,2014,A,USD,
5378.323262,P1Y,0,,A,PU,_Z,2,,,False,WB_WDI,WB_WDI_NY_GDP_PCAP_CD,NAM,_T,_T,_T,_Z,_Z,_Z,2014,A,USD,
9230.054403,P1Y,0,,A,PU,_Z,2,,,False,WB_WDI,WB_WDI_NY_GDP_PCAP_CD,NRU,_T,_T,_T,_Z,_Z,_Z,2014,A,USD,
821.455225,P1Y,0,,A,PU,_Z,2,,,False,WB_WDI,WB_WDI_NY_GDP_PCAP_CD,NPL,_T,_T,_T,_Z,_Z,_Z,2014,A,USD,
53457.223486,P1Y,0,,A,PU,_Z,2,,,False,WB_WDI,WB_WDI_NY_GDP_PCAP_CD,NLD,_T,_T,_T,_Z,_Z,_Z,2014,A,USD,
37816.95586,P1Y,0,,A,PU,_Z,2,,,False,WB_WDI,WB_WDI_NY_GDP_PCAP_CD,NCL,_T,_T,_T,_Z,_Z,_Z,2014,A,USD,
44599.899273,P1Y,0,,A,PU,_Z,2,,,False,WB_WDI,WB_WDI_NY_GDP_PCAP_CD,NZL,_T,_T,_T,_Z,_Z,_Z,2014,A,USD,
1958.370476,P1Y,0,,A,PU,_Z,2,,,False,WB_WDI,WB_WDI_NY_GDP_PCAP_CD,NIC,_T,_T,_T,_Z,_Z,_Z,2014,A,USD,
565.309897,P1Y,0,,A,PU,_Z,2,,,False,WB_WDI,WB_WDI_NY_GDP_PCAP_CD,NER,_T,_T,_T,_Z,_Z,_Z,2014,A,USD,
7290.566145,P1Y,0,,A,PU,_Z,2,,,False,WB_WDI,WB_WDI_NY_GDP_PCAP_CD,WLD,_T,_T,_T,_Z,_Z,_Z,2005,A,USD,
254.184249,P1Y,0,,A,PU,_Z,2,,,False,WB_WDI,WB_WDI_NY_GDP_PCAP_CD,AFG,_T,_T,_T,_Z,_Z,_Z,2005,A,USD,
2741.721365,P1Y,0,,A,PU,_Z,2,,,False,WB_WDI,WB_WDI_NY_GDP_PCAP_CD,ALB,_T,_T,_T,_Z,_Z,_Z,2005,A,USD,
3233.133396,P1Y,0,,A,PU,_Z,2,,,False,WB_WDI,WB_WDI_NY_GDP_PCAP_CD,DZA,_T,_T,_T,_Z,_Z,_Z,2005,A,USD,
8831.26976,P1Y,0,,A,PU,_Z,2,,,False,WB_WDI,WB_WDI_NY_GDP_PCAP_CD,ASM,_T,_T,_T,_Z,_Z,_Z,2005,A,USD,
40829.801879,P1Y,0,,A,PU,_Z,2,,,False,WB_WDI,WB_WDI_NY_GDP_PCAP_CD,AND,_T,_T,_T,_Z,_Z,_Z,2005,A,USD,
2145.886211,P1Y,0,,A,PU,_Z,2,,,False,WB_WDI,WB_WDI_NY_GDP_PCAP_CD,AGO,_T,_T,_T,_Z,_Z,_Z,2005,A,USD,
14368.57088,P1Y,0,,A,PU,_Z,2,,,False,WB_WDI,WB_WDI_NY_GDP_PCAP_CD,ATG,_T,_T,_T,_Z,_Z,_Z,2005,A,USD,
5067.653423,P1Y,0,,A,PU,_Z,2,,,False,WB_WDI,WB_WDI_NY_GDP_PCAP_CD,ARG,_T,_T,_T,_Z,_Z,_Z,2005,A,USD,
1557.484589,P1Y,0,,A,PU,_Z,2,,,False,WB_WDI,WB_WDI_NY_GDP_PCAP_CD,ARM,_T,_T,_T,_Z,_Z,_Z,2005,A,USD,
24171.837133,P1Y,0,,A,PU,_Z,2,,,False,WB_WDI,WB_WDI_NY_GDP_PCAP_CD,ABW,_T,_T,_T,_Z,_Z,_Z,2005,A,USD,
34535.207271,P1Y,0,,A,PU,_Z,2,,,False,WB_WDI,WB_WDI_NY_GDP_PCAP_CD,AUS,_T,_T,_T,_Z,_Z,_Z,2005,A,USD,
38157.370229,P1Y,0,,A,PU,_Z,2,,,False,WB_WDI,WB_WDI_NY_GDP_PCAP_CD,AUT,_T,_T,_T,_Z,_Z,_Z,2005,A,USD,
619.821306,P1Y,0,,A,PU,_Z,2,,,False,WB_WDI,WB_WDI_NY_GDP_PCAP_CD,IDB,_T,_T,_T,_Z,_Z,_Z,2000,A,USD,
373.051252,P1Y,0,,A,PU,_Z,2,,,False,WB_WDI,WB_WDI_NY_GDP_PCAP_CD,IDX,_T,_T,_T,_Z,_Z,_Z,2000,A,USD,
458.450138,P1Y,0,,A,PU,_Z,2,,,False,WB_WDI,WB_WDI_NY_GDP_PCAP_CD,IDA,_T,_T,_T,_Z,_Z,_Z,2000,A,USD,
1673.000807,P1Y,0,,A,PU,_Z,2,,,False,WB_WDI,WB_WDI_NY_GDP_PCAP_CD,LTE,_T,_T,_T,_Z,_Z,_Z,2000,A,USD,
4472.584111,P1Y,0,,A,PU,_Z,2,,,False,WB_WDI,WB_WDI_NY_GDP_PCAP_CD,LCN,_T,_T,_T,_Z,_Z,_Z,2000,A,USD,
4315.316864,P1Y,0,,A,PU,_Z,2,,,False,WB_WDI,WB_WDI_NY_GDP_PCAP_CD,LAC,_T,_T,_T,_Z,_Z,_Z,2000,A,USD,
4388.926197,P1Y,0,,A,PU,_Z,2,,,False,WB_WDI,WB_WDI_NY_GDP_PCAP_CD,TLA,_T,_T,_T,_Z,_Z,_Z,2000,A,USD,
333.541041,P1Y,0,,A,PU,_Z,2,,,False,WB_WDI,WB_WDI_NY_GDP_PCAP_CD,LDC,_T,_T,_T,_Z,_Z,_Z,2000,A,USD,
1181.587009,P1Y,0,,A,PU,_Z,2,,,False,WB_WDI,WB_WDI_NY_GDP_PCAP_CD,LMY,_T,_T,_T,_Z,_Z,_Z,2000,A,USD,
317.461778,P1Y,0,,A,PU,_Z,2,,,False,WB_WDI,WB_WDI_NY_GDP_PCAP_CD,LIC,_T,_T,_T,_Z,_Z,_Z,2000,A,USD,
591.615874,P1Y,0,,A,PU,_Z,2,,,False,WB_WDI,WB_WDI_NY_GDP_PCAP_CD,LMC,_T,_T,_T,_Z,_Z,_Z,2000,A,USD,
2220.177608,P1Y,0,,A,PU,_Z,2,,,False,WB_WDI,WB_WDI_NY_GDP_PCAP_CD,MEA,_T,_T,_T,_Z,_Z,_Z,2000,A,USD,
1247.472336,P1Y,0,,A,PU,_Z,2,,,False,WB_WDI,WB_WDI_NY_GDP_PCAP_CD,MNA,_T,_T,_T,_Z,_Z,_Z,2000,A,USD,
1246.019705,P1Y,0,,A,PU,_Z,2,,,False,WB_WDI,WB_WDI_NY_GDP_PCAP_CD,TMN,_T,_T,_T,_Z,_Z,_Z,2000,A,USD,
1255.461747,P1Y,0,,A,PU,_Z,2,,,False,WB_WDI,WB_WDI_NY_GDP_PCAP_CD,MIC,_T,_T,_T,_Z,_Z,_Z,2000,A,USD,
20332.138953,P1Y,0,,A,PU,_Z,2,,,False,WB_WDI,WB_WDI_NY_GDP_PCAP_CD,TTO,_T,_T,_T,_Z,_Z,_Z,2012,A,USD,
4297.267825,P1Y,0,,A,PU,_Z,2,,,False,WB_WDI,WB_WDI_NY_GDP_PCAP_CD,TUN,_T,_T,_T,_Z,_Z,_Z,2012,A,USD,
11776.759336,P1Y,0,,A,PU,_Z,2,,,False,WB_WDI,WB_WDI_NY_GDP_PCAP_CD,TUR,_T,_T,_T,_Z,_Z,_Z,2012,A,USD,
6053.874847,P1Y,0,,A,PU,_Z,2,,,False,WB_WDI,WB_WDI_NY_GDP_PCAP_CD,TKM,_T,_T,_T,_Z,_Z,_Z,2012,A,USD,
25923.61565,P1Y,0,,A,PU,_Z,2,,,False,WB_WDI,WB_WDI_NY_GDP_PCAP_CD,TCA,_T,_T,_T,_Z,_Z,_Z,2012,A,USD,
3598.461631,P1Y,0,,A,PU,_Z,2,,,False,WB_WDI,WB_WDI_NY_GDP_PCAP_CD,TUV,_T,_T,_T,_Z,_Z,_Z,2012,A,USD,
795.222868,P1Y,0,,A,PU,_Z,2,,,False,WB_WDI,WB_WDI_NY_GDP_PCAP_CD,UGA,_T,_T,_T,_Z,_Z,_Z,2012,A,USD,
3951.342285,P1Y,0,,A,PU,_Z,2,,,False,WB_WDI,WB_WDI_NY_GDP_PCAP_CD,UKR,_T,_T,_T,_Z,_Z,_Z,2012,A,USD,
53141.625166,P1Y,0,,A,PU,_Z,2,,,False,WB_WDI,WB_WDI_NY_GDP_PCAP_CD,ARE,_T,_T,_T,_Z,_Z,_Z,2012,A,USD,
42688.326373,P1Y,0,,A,PU,_Z,2,,,False,WB_WDI,WB_WDI_NY_GDP_PCAP_CD,GBR,_T,_T,_T,_Z,_Z,_Z,2012,A,USD,
51708.394061,P1Y,0,,A,PU,_Z,2,,,False,WB_WDI,WB_WDI_NY_GDP_PCAP_CD,USA,_T,_T,_T,_Z,_Z,_Z,2012,A,USD,
16259.594081,P1Y,0,,A,PU,_Z,2,,,False,WB_WDI,WB_WDI_NY_GDP_PCAP_CD,URY,_T,_T,_T,_Z,_Z,_Z,2012,A,USD,
1719.513774,P1Y,0,,A,PU,_Z,2,,,False,WB_WDI,WB_WDI_NY_GDP_PCAP_CD,IDB,_T,_T,_T,_Z,_Z,_Z,2011,A,USD,
961.703391,P1Y,0,,A,PU,_Z,2,,,False,WB_WDI,WB_WDI_NY_GDP_PCAP_CD,IDX,_T,_T,_T,_Z,_Z,_Z,2011,A,USD,
1229.705491,P1Y,0,,A,PU,_Z,2,,,False,WB_WDI,WB_WDI_NY_GDP_PCAP_CD,IDA,_T,_T,_T,_Z,_Z,_Z,2011,A,USD,
7598.757006,P1Y,0,,A,PU,_Z,2,,,False,WB_WDI,WB_WDI_NY_GDP_PCAP_CD,LTE,_T,_T,_T,_Z,_Z,_Z,2011,A,USD,
10334.036524,P1Y,0,,A,PU,_Z,2,,,False,WB_WDI,WB_WDI_NY_GDP_PCAP_CD,LCN,_T,_T,_T,_Z,_Z,_Z,2011,A,USD,
10025.174913,P1Y,0,,A,PU,_Z,2,,,False,WB_WDI,WB_WDI_NY_GDP_PCAP_CD,LAC,_T,_T,_T,_Z,_Z,_Z,2011,A,USD,
10277.434412,P1Y,0,,A,PU,_Z,2,,,False,WB_WDI,WB_WDI_NY_GDP_PCAP_CD,TLA,_T,_T,_T,_Z,_Z,_Z,2011,A,USD,
925.476117,P1Y,0,,A,PU,_Z,2,,,False,WB_WDI,WB_WDI_NY_GDP_PCAP_CD,LDC,_T,_T,_T,_Z,_Z,_Z,2011,A,USD,
3921.45367,P1Y,0,,A,PU,_Z,2,,,False,WB_WDI,WB_WDI_NY_GDP_PCAP_CD,LMY,_T,_T,_T,_Z,_Z,_Z,2011,A,USD,
774.510492,P1Y,0,,A,PU,_Z,2,,,False,WB_WDI,WB_WDI_NY_GDP_PCAP_CD,LIC,_T,_T,_T,_Z,_Z,_Z,2011,A,USD,
1685.540766,P1Y,0,,A,PU,_Z,2,,,False,WB_WDI,WB_WDI_NY_GDP_PCAP_CD,LMC,_T,_T,_T,_Z,_Z,_Z,2011,A,USD,
5735.782839,P1Y,0,,A,PU,_Z,2,,,False,WB_WDI,WB_WDI_NY_GDP_PCAP_CD,MEA,_T,_T,_T,_Z,_Z,_Z,2011,A,USD,
3237.835631,P1Y,0,,A,PU,_Z,2,,,False,WB_WDI,WB_WDI_NY_GDP_PCAP_CD,MNA,_T,_T,_T,_Z,_Z,_Z,2011,A,USD,
7822.217972,P1Y,0,,A,PU,_Z,2,,,False,WB_WDI,WB_WDI_NY_GDP_PCAP_CD,DMA,_T,_T,_T,_Z,_Z,_Z,2013,A,USD,
6136.594293,P1Y,0,,A,PU,_Z,2,,,False,WB_WDI,WB_WDI_NY_GDP_PCAP_CD,DOM,_T,_T,_T,_Z,_Z,_Z,2013,A,USD,
6109.290315,P1Y,0,,A,PU,_Z,2,,,False,WB_WDI,WB_WDI_NY_GDP_PCAP_CD,ECU,_T,_T,_T,_Z,_Z,_Z,2013,A,USD,
3025.525636,P1Y,0,,A,PU,_Z,2,,,False,WB_WDI,WB_WDI_NY_GDP_PCAP_CD,EGY,_T,_T,_T,_Z,_Z,_Z,2013,A,USD,
3582.26694,P1Y,0,,A,PU,_Z,2,,,False,WB_WDI,WB_WDI_NY_GDP_PCAP_CD,SLV,_T,_T,_T,_Z,_Z,_Z,2013,A,USD,
16304.07132,P1Y,0,,A,PU,_Z,2,,,False,WB_WDI,WB_WDI_NY_GDP_PCAP_CD,GNQ,_T,_T,_T,_Z,_Z,_Z,2013,A,USD,
19310.38749,P1Y,0,,A,PU,_Z,2,,,False,WB_WDI,WB_WDI_NY_GDP_PCAP_CD,EST,_T,_T,_T,_Z,_Z,_Z,2013,A,USD,
3949.9431,P1Y,0,,A,PU,_Z,2,,,False,WB_WDI,WB_WDI_NY_GDP_PCAP_CD,SWZ,_T,_T,_T,_Z,_Z,_Z,2013,A,USD,
484.039833,P1Y,0,,A,PU,_Z,2,,,False,WB_WDI,WB_WDI_NY_GDP_PCAP_CD,ETH,_T,_T,_T,_Z,_Z,_Z,2013,A,USD,
55759.364098,P1Y,0,,A,PU,_Z,2,,,False,WB_WDI,WB_WDI_NY_GDP_PCAP_CD,FRO,_T,_T,_T,_Z,_Z,_Z,2013,A,USD,
688.798854,P1Y,0,,A,PU,_Z,2,,,False,WB_WDI,WB_WDI_NY_GDP_PCAP_CD,HPC,_T,_T,_T,_Z,_Z,_Z,2007,A,USD,
34703.221548,P1Y,0,,A,PU,_Z,2,,,False,WB_WDI,WB_WDI_NY_GDP_PCAP_CD,HIC,_T,_T,_T,_Z,_Z,_Z,2007,A,USD,
3321.081723,P1Y,0,,A,PU,_Z,2,,,False,WB_WDI,WB_WDI_NY_GDP_PCAP_CD,IBD,_T,_T,_T,_Z,_Z,_Z,2007,A,USD,
2742.897339,P1Y,0,,A,PU,_Z,2,,,False,WB_WDI,WB_WDI_NY_GDP_PCAP_CD,IBT,_T,_T,_T,_Z,_Z,_Z,2007,A,USD,
1296.217361,P1Y,0,,A,PU,_Z,2,,,False,WB_WDI,WB_WDI_NY_GDP_PCAP_CD,IDB,_T,_T,_T,_Z,_Z,_Z,2007,A,USD,
667.193009,P1Y,0,,A,PU,_Z,2,,,False,WB_WDI,WB_WDI_NY_GDP_PCAP_CD,IDX,_T,_T,_T,_Z,_Z,_Z,2007,A,USD,
888.098621,P1Y,0,,A,PU,_Z,2,,,False,WB_WDI,WB_WDI_NY_GDP_PCAP_CD,IDA,_T,_T,_T,_Z,_Z,_Z,2007,A,USD,
4409.305453,P1Y,0,,A,PU,_Z,2,,,False,WB_WDI,WB_WDI_NY_GDP_PCAP_CD,LTE,_T,_T,_T,_Z,_Z,_Z,2007,A,USD,
7035.799563,P1Y,0,,A,PU,_Z,2,,,False,WB_WDI,WB_WDI_NY_GDP_PCAP_CD,LCN,_T,_T,_T,_Z,_Z,_Z,2007,A,USD,
6758.189675,P1Y,0,,A,PU,_Z,2,,,False,WB_WDI,WB_WDI_NY_GDP_PCAP_CD,LAC,_T,_T,_T,_Z,_Z,_Z,2007,A,USD,
6927.882932,P1Y,0,,A,PU,_Z,2,,,False,WB_WDI,WB_WDI_NY_GDP_PCAP_CD,TLA,_T,_T,_T,_Z,_Z,_Z,2007,A,USD,
648.873363,P1Y,0,,A,PU,_Z,2,,,False,WB_WDI,WB_WDI_NY_GDP_PCAP_CD,LDC,_T,_T,_T,_Z,_Z,_Z,2007,A,USD,
2438.533897,P1Y,0,,A,PU,_Z,2,,,False,WB_WDI,WB_WDI_NY_GDP_PCAP_CD,LMY,_T,_T,_T,_Z,_Z,_Z,2007,A,USD,
32530.759312,P1Y,0,,A,PU,_Z,2,,,False,WB_WDI,WB_WDI_NY_GDP_PCAP_CD,GUM,_T,_T,_T,_Z,_Z,_Z,2013,A,USD,
3444.158023,P1Y,0,,A,PU,_Z,2,,,False,WB_WDI,WB_WDI_NY_GDP_PCAP_CD,GTM,_T,_T,_T,_Z,_Z,_Z,2013,A,USD,
748.455021,P1Y,0,,A,PU,_Z,2,,,False,WB_WDI,WB_WDI_NY_GDP_PCAP_CD,GIN,_T,_T,_T,_Z,_Z,_Z,2013,A,USD,
654.304534,P1Y,0,,A,PU,_Z,2,,,False,WB_WDI,WB_WDI_NY_GDP_PCAP_CD,GNB,_T,_T,_T,_Z,_Z,_Z,2013,A,USD,
5556.912312,P1Y,0,,A,PU,_Z,2,,,False,WB_WDI,WB_WDI_NY_GDP_PCAP_CD,GUY,_T,_T,_T,_Z,_Z,_Z,2013,A,USD,
1457.832212,P1Y,0,,A,PU,_Z,2,,,False,WB_WDI,WB_WDI_NY_GDP_PCAP_CD,HTI,_T,_T,_T,_Z,_Z,_Z,2013,A,USD,
2081.128435,P1Y,0,,A,PU,_Z,2,,,False,WB_WDI,WB_WDI_NY_GDP_PCAP_CD,HND,_T,_T,_T,_Z,_Z,_Z,2013,A,USD,
38403.777715,P1Y,0,,A,PU,_Z,2,,,False,WB_WDI,WB_WDI_NY_GDP_PCAP_CD,HKG,_T,_T,_T,_Z,_Z,_Z,2013,A,USD,
13739.462015,P1Y,0,,A,PU,_Z,2,,,False,WB_WDI,WB_WDI_NY_GDP_PCAP_CD,HUN,_T,_T,_T,_Z,_Z,_Z,2013,A,USD,
50173.336006,P1Y,0,,A,PU,_Z,2,,,False,WB_WDI,WB_WDI_NY_GDP_PCAP_CD,ISL,_T,_T,_T,_Z,_Z,_Z,2013,A,USD,
1432.843975,P1Y,0,,A,PU,_Z,2,,,False,WB_WDI,WB_WDI_NY_GDP_PCAP_CD,IND,_T,_T,_T,_Z,_Z,_Z,2013,A,USD,
14305.332031,P1Y,0,,A,PU,_Z,2,,,False,WB_WDI,WB_WDI_NY_GDP_PCAP_CD,RUS,_T,_T,_T,_Z,_Z,_Z,2011,A,USD,
643.356139,P1Y,0,,A,PU,_Z,2,,,False,WB_WDI,WB_WDI_NY_GDP_PCAP_CD,RWA,_T,_T,_T,_Z,_Z,_Z,2011,A,USD,
3821.506783,P1Y,0,,A,PU,_Z,2,,,False,WB_WDI,WB_WDI_NY_GDP_PCAP_CD,WSM,_T,_T,_T,_Z,_Z,_Z,2011,A,USD,
55601.400814,P1Y,0,,A,PU,_Z,2,,,False,WB_WDI,WB_WDI_NY_GDP_PCAP_CD,SMR,_T,_T,_T,_Z,_Z,_Z,2011,A,USD,
1219.801891,P1Y,0,,A,PU,_Z,2,,,False,WB_WDI,WB_WDI_NY_GDP_PCAP_CD,STP,_T,_T,_T,_Z,_Z,_Z,2011,A,USD,
27126.749875,P1Y,0,,A,PU,_Z,2,,,False,WB_WDI,WB_WDI_NY_GDP_PCAP_CD,SAU,_T,_T,_T,_Z,_Z,_Z,2011,A,USD,
1374.675919,P1Y,0,,A,PU,_Z,2,,,False,WB_WDI,WB_WDI_NY_GDP_PCAP_CD,SEN,_T,_T,_T,_Z,_Z,_Z,2011,A,USD,
7082.286167,P1Y,0,,A,PU,_Z,2,,,False,WB_WDI,WB_WDI_NY_GDP_PCAP_CD,SRB,_T,_T,_T,_Z,_Z,_Z,2011,A,USD,
12110.093746,P1Y,0,,A,PU,_Z,2,,,False,WB_WDI,WB_WDI_NY_GDP_PCAP_CD,SYC,_T,_T,_T,_Z,_Z,_Z,2011,A,USD,
761.146366,P1Y,0,,A,PU,_Z,2,,,False,WB_WDI,WB_WDI_NY_GDP_PCAP_CD,SLE,_T,_T,_T,_Z,_Z,_Z,2011,A,USD,
53891.457026,P1Y,0,,A,PU,_Z,2,,,False,WB_WDI,WB_WDI_NY_GDP_PCAP_CD,SGP,_T,_T,_T,_Z,_Z,_Z,2011,A,USD,
27317.517888,P1Y,0,,A,PU,_Z,2,,,False,WB_WDI,WB_WDI_NY_GDP_PCAP_CD,SXM,_T,_T,_T,_Z,_Z,_Z,2011,A,USD,
1346.198726,P1Y,0,,A,PU,_Z,2,,,False,WB_WDI,WB_WDI_NY_GDP_PCAP_CD,EAR,_T,_T,_T,_Z,_Z,_Z,2000,A,USD,
4139.471267,P1Y,0,,A,PU,_Z,2,,,False,WB_WDI,WB_WDI_NY_GDP_PCAP_CD,EAS,_T,_T,_T,_Z,_Z,_Z,2000,A,USD,
961.301422,P1Y,0,,A,PU,_Z,2,,,False,WB_WDI,WB_WDI_NY_GDP_PCAP_CD,EAP,_T,_T,_T,_Z,_Z,_Z,2000,A,USD,
972.833174,P1Y,0,,A,PU,_Z,2,,,False,WB_WDI,WB_WDI_NY_GDP_PCAP_CD,TEA,_T,_T,_T,_Z,_Z,_Z,2000,A,USD,
19563.090879,P1Y,0,,A,PU,_Z,2,,,False,WB_WDI,WB_WDI_NY_GDP_PCAP_CD,EMU,_T,_T,_T,_Z,_Z,_Z,2000,A,USD,
11645.637807,P1Y,0,,A,PU,_Z,2,,,False,WB_WDI,WB_WDI_NY_GDP_PCAP_CD,ECS,_T,_T,_T,_Z,_Z,_Z,2000,A,USD,
1790.79766,P1Y,0,,A,PU,_Z,2,,,False,WB_WDI,WB_WDI_NY_GDP_PCAP_CD,ECA,_T,_T,_T,_Z,_Z,_Z,2000,A,USD,
2044.362496,P1Y,0,,A,PU,_Z,2,,,False,WB_WDI,WB_WDI_NY_GDP_PCAP_CD,TEC,_T,_T,_T,_Z,_Z,_Z,2000,A,USD,
16956.040495,P1Y,0,,A,PU,_Z,2,,,False,WB_WDI,WB_WDI_NY_GDP_PCAP_CD,EUU,_T,_T,_T,_Z,_Z,_Z,2000,A,USD,
377.738636,P1Y,0,,A,PU,_Z,2,,,False,WB_WDI,WB_WDI_NY_GDP_PCAP_CD,HPC,_T,_T,_T,_Z,_Z,_Z,2000,A,USD,
22428.172607,P1Y,0,,A,PU,_Z,2,,,False,WB_WDI,WB_WDI_NY_GDP_PCAP_CD,HIC,_T,_T,_T,_Z,_Z,_Z,2000,A,USD,
1477.692674,P1Y,0,,A,PU,_Z,2,,,False,WB_WDI,WB_WDI_NY_GDP_PCAP_CD,IBD,_T,_T,_T,_Z,_Z,_Z,2000,A,USD,
1251.896448,P1Y,0,,A,PU,_Z,2,,,False,WB_WDI,WB_WDI_NY_GDP_PCAP_CD,IBT,_T,_T,_T,_Z,_Z,_Z,2000,A,USD,
9877.13866,P1Y,0,,A,PU,_Z,2,,,False,WB_WDI,WB_WDI_NY_GDP_PCAP_CD,MUS,_T,_T,_T,_Z,_Z,_Z,2013,A,USD,
11216.800852,P1Y,0,,A,PU,_Z,2,,,False,WB_WDI,WB_WDI_NY_GDP_PCAP_CD,MEX,_T,_T,_T,_Z,_Z,_Z,2013,A,USD,
2904.15368,P1Y,0,,A,PU,_Z,2,,,False,WB_WDI,WB_WDI_NY_GDP_PCAP_CD,FSM,_T,_T,_T,_Z,_Z,_Z,2013,A,USD,
3321.043978,P1Y,0,,A,PU,_Z,2,,,False,WB_WDI,WB_WDI_NY_GDP_PCAP_CD,MDA,_T,_T,_T,_Z,_Z,_Z,2013,A,USD,
184940.633666,P1Y,0,,A,PU,_Z,2,,,False,WB_WDI,WB_WDI_NY_GDP_PCAP_CD,MCO,_T,_T,_T,_Z,_Z,_Z,2013,A,USD,
4340.143105,P1Y,0,,A,PU,_Z,2,,,False,WB_WDI,WB_WDI_NY_GDP_PCAP_CD,MNG,_T,_T,_T,_Z,_Z,_Z,2013,A,USD,
7102.777671,P1Y,0,,A,PU,_Z,2,,,False,WB_WDI,WB_WDI_NY_GDP_PCAP_CD,MNE,_T,_T,_T,_Z,_Z,_Z,2013,A,USD,
3379.743164,P1Y,0,,A,PU,_Z,2,,,False,WB_WDI,WB_WDI_NY_GDP_PCAP_CD,MAR,_T,_T,_T,_Z,_Z,_Z,2013,A,USD,
686.505673,P1Y,0,,A,PU,_Z,2,,,False,WB_WDI,WB_WDI_NY_GDP_PCAP_CD,MOZ,_T,_T,_T,_Z,_Z,_Z,2013,A,USD,
1199.095616,P1Y,0,,A,PU,_Z,2,,,False,WB_WDI,WB_WDI_NY_GDP_PCAP_CD,MMR,_T,_T,_T,_Z,_Z,_Z,2013,A,USD,
5346.621311,P1Y,0,,A,PU,_Z,2,,,False,WB_WDI,WB_WDI_NY_GDP_PCAP_CD,NAM,_T,_T,_T,_Z,_Z,_Z,2013,A,USD,
3566.602845,P1Y,0,,A,PU,_Z,2,,,False,WB_WDI,WB_WDI_NY_GDP_PCAP_CD,IDN,_T,_T,_T,_Z,_Z,_Z,2013,A,USD,
6222.741948,P1Y,0,,A,PU,_Z,2,,,False,WB_WDI,WB_WDI_NY_GDP_PCAP_CD,IRN,_T,_T,_T,_Z,_Z,_Z,2013,A,USD,
6650.352822,P1Y,0,,A,PU,_Z,2,,,False,WB_WDI,WB_WDI_NY_GDP_PCAP_CD,IRQ,_T,_T,_T,_Z,_Z,_Z,2013,A,USD,
52537.610865,P1Y,0,,A,PU,_Z,2,,,False,WB_WDI,WB_WDI_NY_GDP_PCAP_CD,IRL,_T,_T,_T,_Z,_Z,_Z,2013,A,USD,
83207.658843,P1Y,0,,A,PU,_Z,2,,,False,WB_WDI,WB_WDI_NY_GDP_PCAP_CD,IMN,_T,_T,_T,_Z,_Z,_Z,2013,A,USD,
36980.622214,P1Y,0,,A,PU,_Z,2,,,False,WB_WDI,WB_WDI_NY_GDP_PCAP_CD,ISR,_T,_T,_T,_Z,_Z,_Z,2013,A,USD,
35701.6746,P1Y,0,,A,PU,_Z,2,,,False,WB_WDI,WB_WDI_NY_GDP_PCAP_CD,ITA,_T,_T,_T,_Z,_Z,_Z,2013,A,USD,
5124.213014,P1Y,0,,A,PU,_Z,2,,,False,WB_WDI,WB_WDI_NY_GDP_PCAP_CD,JAM,_T,_T,_T,_Z,_Z,_Z,2013,A,USD,
41369.194848,P1Y,0,,A,PU,_Z,2,,,False,WB_WDI,WB_WDI_NY_GDP_PCAP_CD,JPN,_T,_T,_T,_Z,_Z,_Z,2013,A,USD,
4739.022536,P1Y,0,,A,PU,_Z,2,,,False,WB_WDI,WB_WDI_NY_GDP_PCAP_CD,JOR,_T,_T,_T,_Z,_Z,_Z,2013,A,USD,
13478.459628,P1Y,0,,A,PU,_Z,2,,,False,WB_WDI,WB_WDI_NY_GDP_PCAP_CD,KAZ,_T,_T,_T,_Z,_Z,_Z,2013,A,USD,
1370.878852,P1Y,0,,A,PU,_Z,2,,,False,WB_WDI,WB_WDI_NY_GDP_PCAP_CD,KEN,_T,_T,_T,_Z,_Z,_Z,2013,A,USD,
1381.445251,P1Y,0,,A,PU,_Z,2,,,False,WB_WDI,WB_WDI_NY_GDP_PCAP_CD,AFE,_T,_T,_T,_Z,_Z,_Z,2007,A,USD,
1407.728817,P1Y,0,,A,PU,_Z,2,,,False,WB_WDI,WB_WDI_NY_GDP_PCAP_CD,AFW,_T,_T,_T,_Z,_Z,_Z,2007,A,USD,
4940.701537,P1Y,0,,A,PU,_Z,2,,,False,WB_WDI,WB_WDI_NY_GDP_PCAP_CD,ARB,_T,_T,_T,_Z,_Z,_Z,2007,A,USD,
12134.906698,P1Y,0,,A,PU,_Z,2,,,False,WB_WDI,WB_WDI_NY_GDP_PCAP_CD,CSS,_T,_T,_T,_Z,_Z,_Z,2007,A,USD,
11906.495965,P1Y,0,,A,PU,_Z,2,,,False,WB_WDI,WB_WDI_NY_GDP_PCAP_CD,CEB,_T,_T,_T,_Z,_Z,_Z,2007,A,USD,
2342.587821,P1Y,0,,A,PU,_Z,2,,,False,WB_WDI,WB_WDI_NY_GDP_PCAP_CD,EAR,_T,_T,_T,_Z,_Z,_Z,2007,A,USD,
5760.129388,P1Y,0,,A,PU,_Z,2,,,False,WB_WDI,WB_WDI_NY_GDP_PCAP_CD,EAS,_T,_T,_T,_Z,_Z,_Z,2007,A,USD,
2481.387558,P1Y,0,,A,PU,_Z,2,,,False,WB_WDI,WB_WDI_NY_GDP_PCAP_CD,EAP,_T,_T,_T,_Z,_Z,_Z,2007,A,USD,
2510.420631,P1Y,0,,A,PU,_Z,2,,,False,WB_WDI,WB_WDI_NY_GDP_PCAP_CD,TEA,_T,_T,_T,_Z,_Z,_Z,2007,A,USD,
37801.931607,P1Y,0,,A,PU,_Z,2,,,False,WB_WDI,WB_WDI_NY_GDP_PCAP_CD,EMU,_T,_T,_T,_Z,_Z,_Z,2007,A,USD,
24200.332479,P1Y,0,,A,PU,_Z,2,,,False,WB_WDI,WB_WDI_NY_GDP_PCAP_CD,ECS,_T,_T,_T,_Z,_Z,_Z,2007,A,USD,
5206.581567,P1Y,0,,A,PU,_Z,2,,,False,WB_WDI,WB_WDI_NY_GDP_PCAP_CD,ECA,_T,_T,_T,_Z,_Z,_Z,2007,A,USD,
7247.081889,P1Y,0,,A,PU,_Z,2,,,False,WB_WDI,WB_WDI_NY_GDP_PCAP_CD,TEC,_T,_T,_T,_Z,_Z,_Z,2007,A,USD,
33682.862817,P1Y,0,,A,PU,_Z,2,,,False,WB_WDI,WB_WDI_NY_GDP_PCAP_CD,EUU,_T,_T,_T,_Z,_Z,_Z,2007,A,USD,
22742.473986,P1Y,0,,A,PU,_Z,2,,,False,WB_WDI,WB_WDI_NY_GDP_PCAP_CD,ECS,_T,_T,_T,_Z,_Z,_Z,2015,A,USD,
6338.80741,P1Y,0,,A,PU,_Z,2,,,False,WB_WDI,WB_WDI_NY_GDP_PCAP_CD,ECA,_T,_T,_T,_Z,_Z,_Z,2015,A,USD,
8034.68426,P1Y,0,,A,PU,_Z,2,,,False,WB_WDI,WB_WDI_NY_GDP_PCAP_CD,TEC,_T,_T,_T,_Z,_Z,_Z,2015,A,USD,
30771.663522,P1Y,0,,A,PU,_Z,2,,,False,WB_WDI,WB_WDI_NY_GDP_PCAP_CD,EUU,_T,_T,_T,_Z,_Z,_Z,2015,A,USD,
917.924141,P1Y,0,,A,PU,_Z,2,,,False,WB_WDI,WB_WDI_NY_GDP_PCAP_CD,HPC,_T,_T,_T,_Z,_Z,_Z,2015,A,USD,
36734.631023,P1Y,0,,A,PU,_Z,2,,,False,WB_WDI,WB_WDI_NY_GDP_PCAP_CD,HIC,_T,_T,_T,_Z,_Z,_Z,2015,A,USD,
5546.819341,P1Y,0,,A,PU,_Z,2,,,False,WB_WDI,WB_WDI_NY_GDP_PCAP_CD,IBD,_T,_T,_T,_Z,_Z,_Z,2015,A,USD,
4477.244097,P1Y,0,,A,PU,_Z,2,,,False,WB_WDI,WB_WDI_NY_GDP_PCAP_CD,IBT,_T,_T,_T,_Z,_Z,_Z,2015,A,USD,
1967.894115,P1Y,0,,A,PU,_Z,2,,,False,WB_WDI,WB_WDI_NY_GDP_PCAP_CD,IDB,_T,_T,_T,_Z,_Z,_Z,2015,A,USD,
1024.038925,P1Y,0,,A,PU,_Z,2,,,False,WB_WDI,WB_WDI_NY_GDP_PCAP_CD,IDX,_T,_T,_T,_Z,_Z,_Z,2015,A,USD,
1357.905193,P1Y,0,,A,PU,_Z,2,,,False,WB_WDI,WB_WDI_NY_GDP_PCAP_CD,IDA,_T,_T,_T,_Z,_Z,_Z,2015,A,USD,
8331.63289,P1Y,0,,A,PU,_Z,2,,,False,WB_WDI,WB_WDI_NY_GDP_PCAP_CD,LTE,_T,_T,_T,_Z,_Z,_Z,2015,A,USD,
4843.410648,P1Y,0,,A,PU,_Z,2,,,False,WB_WDI,WB_WDI_NY_GDP_PCAP_CD,CEB,_T,_T,_T,_Z,_Z,_Z,2002,A,USD,
1251.30345,P1Y,0,,A,PU,_Z,2,,,False,WB_WDI,WB_WDI_NY_GDP_PCAP_CD,EAR,_T,_T,_T,_Z,_Z,_Z,2002,A,USD,
3844.086814,P1Y,0,,A,PU,_Z,2,,,False,WB_WDI,WB_WDI_NY_GDP_PCAP_CD,EAS,_T,_T,_T,_Z,_Z,_Z,2002,A,USD,
1113.999152,P1Y,0,,A,PU,_Z,2,,,False,WB_WDI,WB_WDI_NY_GDP_PCAP_CD,EAP,_T,_T,_T,_Z,_Z,_Z,2002,A,USD,
1127.250934,P1Y,0,,A,PU,_Z,2,,,False,WB_WDI,WB_WDI_NY_GDP_PCAP_CD,TEA,_T,_T,_T,_Z,_Z,_Z,2002,A,USD,
21551.126098,P1Y,0,,A,PU,_Z,2,,,False,WB_WDI,WB_WDI_NY_GDP_PCAP_CD,EMU,_T,_T,_T,_Z,_Z,_Z,2002,A,USD,
12842.359708,P1Y,0,,A,PU,_Z,2,,,False,WB_WDI,WB_WDI_NY_GDP_PCAP_CD,ECS,_T,_T,_T,_Z,_Z,_Z,2002,A,USD,
1771.95606,P1Y,0,,A,PU,_Z,2,,,False,WB_WDI,WB_WDI_NY_GDP_PCAP_CD,ECA,_T,_T,_T,_Z,_Z,_Z,2002,A,USD,
2340.843046,P1Y,0,,A,PU,_Z,2,,,False,WB_WDI,WB_WDI_NY_GDP_PCAP_CD,TEC,_T,_T,_T,_Z,_Z,_Z,2002,A,USD,
18773.503943,P1Y,0,,A,PU,_Z,2,,,False,WB_WDI,WB_WDI_NY_GDP_PCAP_CD,EUU,_T,_T,_T,_Z,_Z,_Z,2002,A,USD,
374.81574,P1Y,0,,A,PU,_Z,2,,,False,WB_WDI,WB_WDI_NY_GDP_PCAP_CD,HPC,_T,_T,_T,_Z,_Z,_Z,2002,A,USD,
22974.359265,P1Y,0,,A,PU,_Z,2,,,False,WB_WDI,WB_WDI_NY_GDP_PCAP_CD,HIC,_T,_T,_T,_Z,_Z,_Z,2002,A,USD,
1487.722659,P1Y,0,,A,PU,_Z,2,,,False,WB_WDI,WB_WDI_NY_GDP_PCAP_CD,IBD,_T,_T,_T,_Z,_Z,_Z,2002,A,USD,
1256.741557,P1Y,0,,A,PU,_Z,2,,,False,WB_WDI,WB_WDI_NY_GDP_PCAP_CD,IBT,_T,_T,_T,_Z,_Z,_Z,2002,A,USD,
644.972024,P1Y,0,,A,PU,_Z,2,,,False,WB_WDI,WB_WDI_NY_GDP_PCAP_CD,IDB,_T,_T,_T,_Z,_Z,_Z,2002,A,USD,
1022.748413,P1Y,0,,A,PU,_Z,2,,,False,WB_WDI,WB_WDI_NY_GDP_PCAP_CD,TZA,_T,_T,_T,_Z,_Z,_Z,2014,A,USD,
5801.197892,P1Y,0,,A,PU,_Z,2,,,False,WB_WDI,WB_WDI_NY_GDP_PCAP_CD,THA,_T,_T,_T,_Z,_Z,_Z,2014,A,USD,
1224.749578,P1Y,0,,A,PU,_Z,2,,,False,WB_WDI,WB_WDI_NY_GDP_PCAP_CD,TLS,_T,_T,_T,_Z,_Z,_Z,2014,A,USD,
921.539749,P1Y,0,,A,PU,_Z,2,,,False,WB_WDI,WB_WDI_NY_GDP_PCAP_CD,TGO,_T,_T,_T,_Z,_Z,_Z,2014,A,USD,
4136.590109,P1Y,0,,A,PU,_Z,2,,,False,WB_WDI,WB_WDI_NY_GDP_PCAP_CD,TON,_T,_T,_T,_Z,_Z,_Z,2014,A,USD,
21908.301456,P1Y,0,,A,PU,_Z,2,,,False,WB_WDI,WB_WDI_NY_GDP_PCAP_CD,TTO,_T,_T,_T,_Z,_Z,_Z,2014,A,USD,
4458.978955,P1Y,0,,A,PU,_Z,2,,,False,WB_WDI,WB_WDI_NY_GDP_PCAP_CD,TUN,_T,_T,_T,_Z,_Z,_Z,2014,A,USD,
12209.386233,P1Y,0,,A,PU,_Z,2,,,False,WB_WDI,WB_WDI_NY_GDP_PCAP_CD,TUR,_T,_T,_T,_Z,_Z,_Z,2014,A,USD,
7164.145362,P1Y,0,,A,PU,_Z,2,,,False,WB_WDI,WB_WDI_NY_GDP_PCAP_CD,TKM,_T,_T,_T,_Z,_Z,_Z,2014,A,USD,
27292.582026,P1Y,0,,A,PU,_Z,2,,,False,WB_WDI,WB_WDI_NY_GDP_PCAP_CD,TCA,_T,_T,_T,_Z,_Z,_Z,2014,A,USD,
3528.858581,P1Y,0,,A,PU,_Z,2,,,False,WB_WDI,WB_WDI_NY_GDP_PCAP_CD,TUV,_T,_T,_T,_Z,_Z,_Z,2014,A,USD,
896.054796,P1Y,0,,A,PU,_Z,2,,,False,WB_WDI,WB_WDI_NY_GDP_PCAP_CD,UGA,_T,_T,_T,_Z,_Z,_Z,2014,A,USD,
50765.749467,P1Y,0,,A,PU,_Z,2,,,False,WB_WDI,WB_WDI_NY_GDP_PCAP_CD,GRL,_T,_T,_T,_Z,_Z,_Z,2017,A,USD,
9751.426612,P1Y,0,,A,PU,_Z,2,,,False,WB_WDI,WB_WDI_NY_GDP_PCAP_CD,GRD,_T,_T,_T,_Z,_Z,_Z,2017,A,USD,
36779.00789,P1Y,0,,A,PU,_Z,2,,,False,WB_WDI,WB_WDI_NY_GDP_PCAP_CD,GUM,_T,_T,_T,_Z,_Z,_Z,2017,A,USD,
4324.997689,P1Y,0,,A,PU,_Z,2,,,False,WB_WDI,WB_WDI_NY_GDP_PCAP_CD,GTM,_T,_T,_T,_Z,_Z,_Z,2017,A,USD,
833.598622,P1Y,0,,A,PU,_Z,2,,,False,WB_WDI,WB_WDI_NY_GDP_PCAP_CD,GIN,_T,_T,_T,_Z,_Z,_Z,2017,A,USD,
783.123187,P1Y,0,,A,PU,_Z,2,,,False,WB_WDI,WB_WDI_NY_GDP_PCAP_CD,GNB,_T,_T,_T,_Z,_Z,_Z,2017,A,USD,
6178.665044,P1Y,0,,A,PU,_Z,2,,,False,WB_WDI,WB_WDI_NY_GDP_PCAP_CD,GUY,_T,_T,_T,_Z,_Z,_Z,2017,A,USD,
1395.239452,P1Y,0,,A,PU,_Z,2,,,False,WB_WDI,WB_WDI_NY_GDP_PCAP_CD,HTI,_T,_T,_T,_Z,_Z,_Z,2017,A,USD,
2413.007656,P1Y,0,,A,PU,_Z,2,,,False,WB_WDI,WB_WDI_NY_GDP_PCAP_CD,HND,_T,_T,_T,_Z,_Z,_Z,2017,A,USD,
46160.429791,P1Y,0,,A,PU,_Z,2,,,False,WB_WDI,WB_WDI_NY_GDP_PCAP_CD,HKG,_T,_T,_T,_Z,_Z,_Z,2017,A,USD,
14736.166816,P1Y,0,,A,PU,_Z,2,,,False,WB_WDI,WB_WDI_NY_GDP_PCAP_CD,HUN,_T,_T,_T,_Z,_Z,_Z,2017,A,USD,
72976.372999,P1Y,0,,A,PU,_Z,2,,,False,WB_WDI,WB_WDI_NY_GDP_PCAP_CD,ISL,_T,_T,_T,_Z,_Z,_Z,2017,A,USD,
21304.97775,P1Y,0,,A,PU,_Z,2,,,False,WB_WDI,WB_WDI_NY_GDP_PCAP_CD,TTO,_T,_T,_T,_Z,_Z,_Z,2013,A,USD,
4369.793458,P1Y,0,,A,PU,_Z,2,,,False,WB_WDI,WB_WDI_NY_GDP_PCAP_CD,TUN,_T,_T,_T,_Z,_Z,_Z,2013,A,USD,
12635.557002,P1Y,0,,A,PU,_Z,2,,,False,WB_WDI,WB_WDI_NY_GDP_PCAP_CD,TUR,_T,_T,_T,_Z,_Z,_Z,2013,A,USD,
6599.645291,P1Y,0,,A,PU,_Z,2,,,False,WB_WDI,WB_WDI_NY_GDP_PCAP_CD,TKM,_T,_T,_T,_Z,_Z,_Z,2013,A,USD,
25653.819867,P1Y,0,,A,PU,_Z,2,,,False,WB_WDI,WB_WDI_NY_GDP_PCAP_CD,TCA,_T,_T,_T,_Z,_Z,_Z,2013,A,USD,
3510.216401,P1Y,0,,A,PU,_Z,2,,,False,WB_WDI,WB_WDI_NY_GDP_PCAP_CD,TUV,_T,_T,_T,_Z,_Z,_Z,2013,A,USD,
818.285427,P1Y,0,,A,PU,_Z,2,,,False,WB_WDI,WB_WDI_NY_GDP_PCAP_CD,UGA,_T,_T,_T,_Z,_Z,_Z,2013,A,USD,
4129.896973,P1Y,0,,A,PU,_Z,2,,,False,WB_WDI,WB_WDI_NY_GDP_PCAP_CD,UKR,_T,_T,_T,_Z,_Z,_Z,2013,A,USD,
53247.227875,P1Y,0,,A,PU,_Z,2,,,False,WB_WDI,WB_WDI_NY_GDP_PCAP_CD,ARE,_T,_T,_T,_Z,_Z,_Z,2013,A,USD,
43607.663683,P1Y,0,,A,PU,_Z,2,,,False,WB_WDI,WB_WDI_NY_GDP_PCAP_CD,GBR,_T,_T,_T,_Z,_Z,_Z,2013,A,USD,
53297.38629,P1Y,0,,A,PU,_Z,2,,,False,WB_WDI,WB_WDI_NY_GDP_PCAP_CD,USA,_T,_T,_T,_Z,_Z,_Z,2013,A,USD,
18335.259477,P1Y,0,,A,PU,_Z,2,,,False,WB_WDI,WB_WDI_NY_GDP_PCAP_CD,URY,_T,_T,_T,_Z,_Z,_Z,2013,A,USD,
565.56973,P1Y,0,,A,PU,_Z,2,,,False,WB_WDI,WB_WDI_NY_GDP_PCAP_CD,AFG,_T,_T,_T,_Z,_Z,_Z,2015,A,USD,
4199.539129,P1Y,0,,A,PU,_Z,2,,,False,WB_WDI,WB_WDI_NY_GDP_PCAP_CD,ALB,_T,_T,_T,_Z,_Z,_Z,2015,A,USD,
4685.059027,P1Y,0,,A,PU,_Z,2,,,False,WB_WDI,WB_WDI_NY_GDP_PCAP_CD,DZA,_T,_T,_T,_Z,_Z,_Z,2015,A,USD,
12727.410265,P1Y,0,,A,PU,_Z,2,,,False,WB_WDI,WB_WDI_NY_GDP_PCAP_CD,ASM,_T,_T,_T,_Z,_Z,_Z,2015,A,USD,
38654.934722,P1Y,0,,A,PU,_Z,2,,,False,WB_WDI,WB_WDI_NY_GDP_PCAP_CD,AND,_T,_T,_T,_Z,_Z,_Z,2015,A,USD,
3641.728939,P1Y,0,,A,PU,_Z,2,,,False,WB_WDI,WB_WDI_NY_GDP_PCAP_CD,AGO,_T,_T,_T,_Z,_Z,_Z,2015,A,USD,
16077.634077,P1Y,0,,A,PU,_Z,2,,,False,WB_WDI,WB_WDI_NY_GDP_PCAP_CD,ATG,_T,_T,_T,_Z,_Z,_Z,2015,A,USD,
13679.626498,P1Y,0,,A,PU,_Z,2,,,False,WB_WDI,WB_WDI_NY_GDP_PCAP_CD,ARG,_T,_T,_T,_Z,_Z,_Z,2015,A,USD,
3512.393503,P1Y,0,,A,PU,_Z,2,,,False,WB_WDI,WB_WDI_NY_GDP_PCAP_CD,ARM,_T,_T,_T,_Z,_Z,_Z,2015,A,USD,
27458.220154,P1Y,0,,A,PU,_Z,2,,,False,WB_WDI,WB_WDI_NY_GDP_PCAP_CD,ABW,_T,_T,_T,_Z,_Z,_Z,2015,A,USD,
56970.361303,P1Y,0,,A,PU,_Z,2,,,False,WB_WDI,WB_WDI_NY_GDP_PCAP_CD,AUS,_T,_T,_T,_Z,_Z,_Z,2015,A,USD,
43915.228021,P1Y,0,,A,PU,_Z,2,,,False,WB_WDI,WB_WDI_NY_GDP_PCAP_CD,AUT,_T,_T,_T,_Z,_Z,_Z,2015,A,USD,
7705.407172,P1Y,0,,A,PU,_Z,2,,,False,WB_WDI,WB_WDI_NY_GDP_PCAP_CD,DMA,_T,_T,_T,_Z,_Z,_Z,2011,A,USD,
5826.510141,P1Y,0,,A,PU,_Z,2,,,False,WB_WDI,WB_WDI_NY_GDP_PCAP_CD,DOM,_T,_T,_T,_Z,_Z,_Z,2011,A,USD,
5153.691642,P1Y,0,,A,PU,_Z,2,,,False,WB_WDI,WB_WDI_NY_GDP_PCAP_CD,ECU,_T,_T,_T,_Z,_Z,_Z,2011,A,USD,
2590.643849,P1Y,0,,A,PU,_Z,2,,,False,WB_WDI,WB_WDI_NY_GDP_PCAP_CD,EGY,_T,_T,_T,_Z,_Z,_Z,2011,A,USD,
3330.600495,P1Y,0,,A,PU,_Z,2,,,False,WB_WDI,WB_WDI_NY_GDP_PCAP_CD,SLV,_T,_T,_T,_Z,_Z,_Z,2011,A,USD,
17198.213667,P1Y,0,,A,PU,_Z,2,,,False,WB_WDI,WB_WDI_NY_GDP_PCAP_CD,GNQ,_T,_T,_T,_Z,_Z,_Z,2011,A,USD,
688.68166,P1Y,0,,A,PU,_Z,2,,,True,WB_WDI,WB_WDI_NY_GDP_PCAP_CD,ERI,_T,_T,_T,_Z,_Z,_Z,2011,A,USD,
17555.545524,P1Y,0,,A,PU,_Z,2,,,False,WB_WDI,WB_WDI_NY_GDP_PCAP_CD,EST,_T,_T,_T,_Z,_Z,_Z,2011,A,USD,
4225.060494,P1Y,0,,A,PU,_Z,2,,,False,WB_WDI,WB_WDI_NY_GDP_PCAP_CD,SWZ,_T,_T,_T,_Z,_Z,_Z,2011,A,USD,
343.024942,P1Y,0,,A,PU,_Z,2,,,False,WB_WDI,WB_WDI_NY_GDP_PCAP_CD,ETH,_T,_T,_T,_Z,_Z,_Z,2011,A,USD,
51620.054165,P1Y,0,,A,PU,_Z,2,,,False,WB_WDI,WB_WDI_NY_GDP_PCAP_CD,FRO,_T,_T,_T,_Z,_Z,_Z,2011,A,USD,
4139.602886,P1Y,0,,A,PU,_Z,2,,,False,WB_WDI,WB_WDI_NY_GDP_PCAP_CD,FJI,_T,_T,_T,_Z,_Z,_Z,2011,A,USD,
1082.350705,P1Y,0,,A,PU,_Z,2,,,False,WB_WDI,WB_WDI_NY_GDP_PCAP_CD,LDC,_T,_T,_T,_Z,_Z,_Z,2018,A,USD,
4773.035742,P1Y,0,,A,PU,_Z,2,,,False,WB_WDI,WB_WDI_NY_GDP_PCAP_CD,LMY,_T,_T,_T,_Z,_Z,_Z,2018,A,USD,
661.147291,P1Y,0,,A,PU,_Z,2,,,False,WB_WDI,WB_WDI_NY_GDP_PCAP_CD,LIC,_T,_T,_T,_Z,_Z,_Z,2018,A,USD,
1986.837026,P1Y,0,,A,PU,_Z,2,,,False,WB_WDI,WB_WDI_NY_GDP_PCAP_CD,LMC,_T,_T,_T,_Z,_Z,_Z,2018,A,USD,
5550.319694,P1Y,0,,A,PU,_Z,2,,,False,WB_WDI,WB_WDI_NY_GDP_PCAP_CD,MEA,_T,_T,_T,_Z,_Z,_Z,2018,A,USD,
2815.390177,P1Y,0,,A,PU,_Z,2,,,False,WB_WDI,WB_WDI_NY_GDP_PCAP_CD,MNA,_T,_T,_T,_Z,_Z,_Z,2018,A,USD,
2810.24942,P1Y,0,,A,PU,_Z,2,,,False,WB_WDI,WB_WDI_NY_GDP_PCAP_CD,TMN,_T,_T,_T,_Z,_Z,_Z,2018,A,USD,
5231.931487,P1Y,0,,A,PU,_Z,2,,,False,WB_WDI,WB_WDI_NY_GDP_PCAP_CD,MIC,_T,_T,_T,_Z,_Z,_Z,2018,A,USD,
61228.200048,P1Y,0,,A,PU,_Z,2,,,False,WB_WDI,WB_WDI_NY_GDP_PCAP_CD,NAC,_T,_T,_T,_Z,_Z,_Z,2018,A,USD,
39756.755665,P1Y,0,,A,PU,_Z,2,,,False,WB_WDI,WB_WDI_NY_GDP_PCAP_CD,OED,_T,_T,_T,_Z,_Z,_Z,2018,A,USD,
13026.83845,P1Y,0,,A,PU,_Z,2,,,False,WB_WDI,WB_WDI_NY_GDP_PCAP_CD,OSS,_T,_T,_T,_Z,_Z,_Z,2018,A,USD,
4295.181823,P1Y,0,,A,PU,_Z,2,,,False,WB_WDI,WB_WDI_NY_GDP_PCAP_CD,PSS,_T,_T,_T,_Z,_Z,_Z,2018,A,USD,
8025.687434,P1Y,0,,A,PU,_Z,2,,,False,WB_WDI,WB_WDI_NY_GDP_PCAP_CD,IRN,_T,_T,_T,_Z,_Z,_Z,2011,A,USD,
5775.542291,P1Y,0,,A,PU,_Z,2,,,False,WB_WDI,WB_WDI_NY_GDP_PCAP_CD,IRQ,_T,_T,_T,_Z,_Z,_Z,2011,A,USD,
52613.854036,P1Y,0,,A,PU,_Z,2,,,False,WB_WDI,WB_WDI_NY_GDP_PCAP_CD,IRL,_T,_T,_T,_Z,_Z,_Z,2011,A,USD,
77808.857965,P1Y,0,,A,PU,_Z,2,,,False,WB_WDI,WB_WDI_NY_GDP_PCAP_CD,IMN,_T,_T,_T,_Z,_Z,_Z,2011,A,USD,
34476.725207,P1Y,0,,A,PU,_Z,2,,,False,WB_WDI,WB_WDI_NY_GDP_PCAP_CD,ISR,_T,_T,_T,_Z,_Z,_Z,2011,A,USD,
38432.374282,P1Y,0,,A,PU,_Z,2,,,False,WB_WDI,WB_WDI_NY_GDP_PCAP_CD,ITA,_T,_T,_T,_Z,_Z,_Z,2011,A,USD,
5232.636449,P1Y,0,,A,PU,_Z,2,,,False,WB_WDI,WB_WDI_NY_GDP_PCAP_CD,JAM,_T,_T,_T,_Z,_Z,_Z,2011,A,USD,
49122.077634,P1Y,0,,A,PU,_Z,2,,,False,WB_WDI,WB_WDI_NY_GDP_PCAP_CD,JPN,_T,_T,_T,_Z,_Z,_Z,2011,A,USD,
4363.428002,P1Y,0,,A,PU,_Z,2,,,False,WB_WDI,WB_WDI_NY_GDP_PCAP_CD,JOR,_T,_T,_T,_Z,_Z,_Z,2011,A,USD,
11287.146493,P1Y,0,,A,PU,_Z,2,,,False,WB_WDI,WB_WDI_NY_GDP_PCAP_CD,KAZ,_T,_T,_T,_Z,_Z,_Z,2011,A,USD,
1096.144998,P1Y,0,,A,PU,_Z,2,,,False,WB_WDI,WB_WDI_NY_GDP_PCAP_CD,KEN,_T,_T,_T,_Z,_Z,_Z,2011,A,USD,
1771.129268,P1Y,0,,A,PU,_Z,2,,,False,WB_WDI,WB_WDI_NY_GDP_PCAP_CD,KIR,_T,_T,_T,_Z,_Z,_Z,2011,A,USD,
682.919305,P1Y,0,,A,PU,_Z,2,,,False,WB_WDI,WB_WDI_NY_GDP_PCAP_CD,LIC,_T,_T,_T,_Z,_Z,_Z,2009,A,USD,
1349.050818,P1Y,0,,A,PU,_Z,2,,,False,WB_WDI,WB_WDI_NY_GDP_PCAP_CD,LMC,_T,_T,_T,_Z,_Z,_Z,2009,A,USD,
4261.001047,P1Y,0,,A,PU,_Z,2,,,False,WB_WDI,WB_WDI_NY_GDP_PCAP_CD,MEA,_T,_T,_T,_Z,_Z,_Z,2009,A,USD,
2515.923569,P1Y,0,,A,PU,_Z,2,,,False,WB_WDI,WB_WDI_NY_GDP_PCAP_CD,MNA,_T,_T,_T,_Z,_Z,_Z,2009,A,USD,
2518.053778,P1Y,0,,A,PU,_Z,2,,,False,WB_WDI,WB_WDI_NY_GDP_PCAP_CD,TMN,_T,_T,_T,_Z,_Z,_Z,2009,A,USD,
3047.407892,P1Y,0,,A,PU,_Z,2,,,False,WB_WDI,WB_WDI_NY_GDP_PCAP_CD,MIC,_T,_T,_T,_Z,_Z,_Z,2009,A,USD,
46581.42004,P1Y,0,,A,PU,_Z,2,,,False,WB_WDI,WB_WDI_NY_GDP_PCAP_CD,NAC,_T,_T,_T,_Z,_Z,_Z,2009,A,USD,
33797.327,P1Y,0,,A,PU,_Z,2,,,False,WB_WDI,WB_WDI_NY_GDP_PCAP_CD,OED,_T,_T,_T,_Z,_Z,_Z,2009,A,USD,
9814.080087,P1Y,0,,A,PU,_Z,2,,,False,WB_WDI,WB_WDI_NY_GDP_PCAP_CD,OSS,_T,_T,_T,_Z,_Z,_Z,2009,A,USD,
2666.871952,P1Y,0,,A,PU,_Z,2,,,False,WB_WDI,WB_WDI_NY_GDP_PCAP_CD,PSS,_T,_T,_T,_Z,_Z,_Z,2009,A,USD,
38399.576643,P1Y,0,,A,PU,_Z,2,,,False,WB_WDI,WB_WDI_NY_GDP_PCAP_CD,PST,_T,_T,_T,_Z,_Z,_Z,2009,A,USD,
1253.051475,P1Y,0,,A,PU,_Z,2,,,False,WB_WDI,WB_WDI_NY_GDP_PCAP_CD,PRE,_T,_T,_T,_Z,_Z,_Z,2009,A,USD,
9299.408693,P1Y,0,,A,PU,_Z,2,,,False,WB_WDI,WB_WDI_NY_GDP_PCAP_CD,SST,_T,_T,_T,_Z,_Z,_Z,2009,A,USD,
1054.435559,P1Y,0,,A,PU,_Z,2,,,False,WB_WDI,WB_WDI_NY_GDP_PCAP_CD,SAS,_T,_T,_T,_Z,_Z,_Z,2009,A,USD,
3848.223503,P1Y,0,,A,PU,_Z,2,,,False,WB_WDI,WB_WDI_NY_GDP_PCAP_CD,BLR,_T,_T,_T,_Z,_Z,_Z,2006,A,USD,
38705.106796,P1Y,0,,A,PU,_Z,2,,,False,WB_WDI,WB_WDI_NY_GDP_PCAP_CD,BEL,_T,_T,_T,_Z,_Z,_Z,2006,A,USD,
5524.781678,P1Y,0,,A,PU,_Z,2,,,False,WB_WDI,WB_WDI_NY_GDP_PCAP_CD,BLZ,_T,_T,_T,_Z,_Z,_Z,2006,A,USD,
809.147073,P1Y,0,,A,PU,_Z,2,,,False,WB_WDI,WB_WDI_NY_GDP_PCAP_CD,BEN,_T,_T,_T,_Z,_Z,_Z,2006,A,USD,
97781.4559,P1Y,0,,A,PU,_Z,2,,,False,WB_WDI,WB_WDI_NY_GDP_PCAP_CD,BMU,_T,_T,_T,_Z,_Z,_Z,2006,A,USD,
1405.607162,P1Y,0,,A,PU,_Z,2,,,False,WB_WDI,WB_WDI_NY_GDP_PCAP_CD,BTN,_T,_T,_T,_Z,_Z,_Z,2006,A,USD,
1202.711504,P1Y,0,,A,PU,_Z,2,,,False,WB_WDI,WB_WDI_NY_GDP_PCAP_CD,BOL,_T,_T,_T,_Z,_Z,_Z,2006,A,USD,
3166.128653,P1Y,0,,A,PU,_Z,2,,,False,WB_WDI,WB_WDI_NY_GDP_PCAP_CD,BIH,_T,_T,_T,_Z,_Z,_Z,2006,A,USD,
5291.583791,P1Y,0,,A,PU,_Z,2,,,False,WB_WDI,WB_WDI_NY_GDP_PCAP_CD,BWA,_T,_T,_T,_Z,_Z,_Z,2006,A,USD,
5934.144709,P1Y,0,,A,PU,_Z,2,,,False,WB_WDI,WB_WDI_NY_GDP_PCAP_CD,BRA,_T,_T,_T,_Z,_Z,_Z,2006,A,USD,
34674.799524,P1Y,0,,A,PU,_Z,2,,,False,WB_WDI,WB_WDI_NY_GDP_PCAP_CD,BRN,_T,_T,_T,_Z,_Z,_Z,2006,A,USD,
1168.926993,P1Y,0,,A,PU,_Z,2,,,False,WB_WDI,WB_WDI_NY_GDP_PCAP_CD,BEN,_T,_T,_T,_Z,_Z,_Z,2013,A,USD,
101704.407462,P1Y,0,,A,PU,_Z,2,,,False,WB_WDI,WB_WDI_NY_GDP_PCAP_CD,BMU,_T,_T,_T,_Z,_Z,_Z,2013,A,USD,
2679.952172,P1Y,0,,A,PU,_Z,2,,,False,WB_WDI,WB_WDI_NY_GDP_PCAP_CD,BTN,_T,_T,_T,_Z,_Z,_Z,2013,A,USD,
2870.02377,P1Y,0,,A,PU,_Z,2,,,False,WB_WDI,WB_WDI_NY_GDP_PCAP_CD,BOL,_T,_T,_T,_Z,_Z,_Z,2013,A,USD,
5034.566348,P1Y,0,,A,PU,_Z,2,,,False,WB_WDI,WB_WDI_NY_GDP_PCAP_CD,BIH,_T,_T,_T,_Z,_Z,_Z,2013,A,USD,
6666.912196,P1Y,0,,A,PU,_Z,2,,,False,WB_WDI,WB_WDI_NY_GDP_PCAP_CD,BWA,_T,_T,_T,_Z,_Z,_Z,2013,A,USD,
12458.891214,P1Y,0,,A,PU,_Z,2,,,False,WB_WDI,WB_WDI_NY_GDP_PCAP_CD,BRA,_T,_T,_T,_Z,_Z,_Z,2013,A,USD,
44003.064427,P1Y,0,,A,PU,_Z,2,,,False,WB_WDI,WB_WDI_NY_GDP_PCAP_CD,BRN,_T,_T,_T,_Z,_Z,_Z,2013,A,USD,
7796.379452,P1Y,0,,A,PU,_Z,2,,,False,WB_WDI,WB_WDI_NY_GDP_PCAP_CD,BGR,_T,_T,_T,_Z,_Z,_Z,2013,A,USD,
759.762065,P1Y,0,,A,PU,_Z,2,,,False,WB_WDI,WB_WDI_NY_GDP_PCAP_CD,BFA,_T,_T,_T,_Z,_Z,_Z,2013,A,USD,
1604.87727,P1Y,0,,A,PU,_Z,2,,,False,WB_WDI,WB_WDI_NY_GDP_PCAP_CD,CMR,_T,_T,_T,_Z,_Z,_Z,2022,A,USD,
56496.927534,P1Y,0,,A,PU,_Z,2,,,False,WB_WDI,WB_WDI_NY_GDP_PCAP_CD,CAN,_T,_T,_T,_Z,_Z,_Z,2022,A,USD,
92937.883832,P1Y,0,,A,PU,_Z,2,,,False,WB_WDI,WB_WDI_NY_GDP_PCAP_CD,CYM,_T,_T,_T,_Z,_Z,_Z,2022,A,USD,
467.359825,P1Y,0,,A,PU,_Z,2,,,False,WB_WDI,WB_WDI_NY_GDP_PCAP_CD,CAF,_T,_T,_T,_Z,_Z,_Z,2022,A,USD,
966.036468,P1Y,0,,A,PU,_Z,2,,,False,WB_WDI,WB_WDI_NY_GDP_PCAP_CD,TCD,_T,_T,_T,_Z,_Z,_Z,2022,A,USD,
67627.141735,P1Y,0,,A,PU,_Z,2,,,False,WB_WDI,WB_WDI_NY_GDP_PCAP_CD,CHI,_T,_T,_T,_Z,_Z,_Z,2022,A,USD,
15399.104472,P1Y,0,,A,PU,_Z,2,,,False,WB_WDI,WB_WDI_NY_GDP_PCAP_CD,CHL,_T,_T,_T,_Z,_Z,_Z,2022,A,USD,
12970.605641,P1Y,0,,A,PU,_Z,2,,,False,WB_WDI,WB_WDI_NY_GDP_PCAP_CD,CHN,_T,_T,_T,_Z,_Z,_Z,2022,A,USD,
6680.445069,P1Y,0,,A,PU,_Z,2,,,False,WB_WDI,WB_WDI_NY_GDP_PCAP_CD,COL,_T,_T,_T,_Z,_Z,_Z,2022,A,USD,
1533.877554,P1Y,0,,A,PU,_Z,2,,,False,WB_WDI,WB_WDI_NY_GDP_PCAP_CD,COM,_T,_T,_T,_Z,_Z,_Z,2022,A,USD,
687.738588,P1Y,0,,A,PU,_Z,2,,,False,WB_WDI,WB_WDI_NY_GDP_PCAP_CD,COD,_T,_T,_T,_Z,_Z,_Z,2022,A,USD,
2620.838043,P1Y,0,,A,PU,_Z,2,,,False,WB_WDI,WB_WDI_NY_GDP_PCAP_CD,COG,_T,_T,_T,_Z,_Z,_Z,2022,A,USD,
13971.764999,P1Y,0,,A,PU,_Z,2,,,False,WB_WDI,WB_WDI_NY_GDP_PCAP_CD,CRI,_T,_T,_T,_Z,_Z,_Z,2022,A,USD,
950.866932,P1Y,0,,A,PU,_Z,2,,,False,WB_WDI,WB_WDI_NY_GDP_PCAP_CD,GUY,_T,_T,_T,_Z,_Z,_Z,2002,A,USD,
720.969568,P1Y,0,,A,PU,_Z,2,,,False,WB_WDI,WB_WDI_NY_GDP_PCAP_CD,HTI,_T,_T,_T,_Z,_Z,_Z,2002,A,USD,
1132.499653,P1Y,0,,A,PU,_Z,2,,,False,WB_WDI,WB_WDI_NY_GDP_PCAP_CD,HND,_T,_T,_T,_Z,_Z,_Z,2002,A,USD,
24665.836232,P1Y,0,,A,PU,_Z,2,,,False,WB_WDI,WB_WDI_NY_GDP_PCAP_CD,HKG,_T,_T,_T,_Z,_Z,_Z,2002,A,USD,
6658.044943,P1Y,0,,A,PU,_Z,2,,,False,WB_WDI,WB_WDI_NY_GDP_PCAP_CD,HUN,_T,_T,_T,_Z,_Z,_Z,2002,A,USD,
32749.379005,P1Y,0,,A,PU,_Z,2,,,False,WB_WDI,WB_WDI_NY_GDP_PCAP_CD,ISL,_T,_T,_T,_Z,_Z,_Z,2002,A,USD,
469.149929,P1Y,0,,A,PU,_Z,2,,,False,WB_WDI,WB_WDI_NY_GDP_PCAP_CD,IND,_T,_T,_T,_Z,_Z,_Z,2002,A,USD,
881.002914,P1Y,0,,A,PU,_Z,2,,,False,WB_WDI,WB_WDI_NY_GDP_PCAP_CD,IDN,_T,_T,_T,_Z,_Z,_Z,2002,A,USD,
1891.257561,P1Y,0,,A,PU,_Z,2,,,False,WB_WDI,WB_WDI_NY_GDP_PCAP_CD,IRN,_T,_T,_T,_Z,_Z,_Z,2002,A,USD,
1266.159613,P1Y,0,,A,PU,_Z,2,,,False,WB_WDI,WB_WDI_NY_GDP_PCAP_CD,IRQ,_T,_T,_T,_Z,_Z,_Z,2002,A,USD,
32705.434557,P1Y,0,,A,PU,_Z,2,,,False,WB_WDI,WB_WDI_NY_GDP_PCAP_CD,IRL,_T,_T,_T,_Z,_Z,_Z,2002,A,USD,
24471.079881,P1Y,0,,A,PU,_Z,2,,,False,WB_WDI,WB_WDI_NY_GDP_PCAP_CD,IMN,_T,_T,_T,_Z,_Z,_Z,2002,A,USD,
19058.746287,P1Y,0,,A,PU,_Z,2,,,False,WB_WDI,WB_WDI_NY_GDP_PCAP_CD,ISR,_T,_T,_T,_Z,_Z,_Z,2002,A,USD,
9324.242323,P1Y,0,,A,PU,_Z,2,,,False,WB_WDI,WB_WDI_NY_GDP_PCAP_CD,MUS,_T,_T,_T,_Z,_Z,_Z,2011,A,USD,
10664.494403,P1Y,0,,A,PU,_Z,2,,,False,WB_WDI,WB_WDI_NY_GDP_PCAP_CD,MEX,_T,_T,_T,_Z,_Z,_Z,2011,A,USD,
2859.848837,P1Y,0,,A,PU,_Z,2,,,False,WB_WDI,WB_WDI_NY_GDP_PCAP_CD,FSM,_T,_T,_T,_Z,_Z,_Z,2011,A,USD,
2941.362241,P1Y,0,,A,PU,_Z,2,,,False,WB_WDI,WB_WDI_NY_GDP_PCAP_CD,MDA,_T,_T,_T,_Z,_Z,_Z,2011,A,USD,
179364.009524,P1Y,0,,A,PU,_Z,2,,,False,WB_WDI,WB_WDI_NY_GDP_PCAP_CD,MCO,_T,_T,_T,_Z,_Z,_Z,2011,A,USD,
3736.042015,P1Y,0,,A,PU,_Z,2,,,False,WB_WDI,WB_WDI_NY_GDP_PCAP_CD,MNG,_T,_T,_T,_Z,_Z,_Z,2011,A,USD,
7265.517712,P1Y,0,,A,PU,_Z,2,,,False,WB_WDI,WB_WDI_NY_GDP_PCAP_CD,MNE,_T,_T,_T,_Z,_Z,_Z,2011,A,USD,
3301.98877,P1Y,0,,A,PU,_Z,2,,,False,WB_WDI,WB_WDI_NY_GDP_PCAP_CD,MAR,_T,_T,_T,_Z,_Z,_Z,2011,A,USD,
618.176493,P1Y,0,,A,PU,_Z,2,,,False,WB_WDI,WB_WDI_NY_GDP_PCAP_CD,MOZ,_T,_T,_T,_Z,_Z,_Z,2011,A,USD,
1213.628987,P1Y,0,,A,PU,_Z,2,,,False,WB_WDI,WB_WDI_NY_GDP_PCAP_CD,MMR,_T,_T,_T,_Z,_Z,_Z,2011,A,USD,
5834.791768,P1Y,0,,A,PU,_Z,2,,,False,WB_WDI,WB_WDI_NY_GDP_PCAP_CD,NAM,_T,_T,_T,_Z,_Z,_Z,2011,A,USD,
6444.036421,P1Y,0,,A,PU,_Z,2,,,False,WB_WDI,WB_WDI_NY_GDP_PCAP_CD,NRU,_T,_T,_T,_Z,_Z,_Z,2011,A,USD,
8102.470848,P1Y,0,,A,PU,_Z,2,,,False,WB_WDI,WB_WDI_NY_GDP_PCAP_CD,GNQ,_T,_T,_T,_Z,_Z,_Z,2018,A,USD,
23618.136125,P1Y,0,,A,PU,_Z,2,,,False,WB_WDI,WB_WDI_NY_GDP_PCAP_CD,EST,_T,_T,_T,_Z,_Z,_Z,2018,A,USD,
3972.654506,P1Y,0,,A,PU,_Z,2,,,False,WB_WDI,WB_WDI_NY_GDP_PCAP_CD,SWZ,_T,_T,_T,_Z,_Z,_Z,2018,A,USD,
739.702022,P1Y,0,,A,PU,_Z,2,,,False,WB_WDI,WB_WDI_NY_GDP_PCAP_CD,ETH,_T,_T,_T,_Z,_Z,_Z,2018,A,USD,
62525.26477,P1Y,0,,A,PU,_Z,2,,,False,WB_WDI,WB_WDI_NY_GDP_PCAP_CD,FRO,_T,_T,_T,_Z,_Z,_Z,2018,A,USD,
6085.419795,P1Y,0,,A,PU,_Z,2,,,False,WB_WDI,WB_WDI_NY_GDP_PCAP_CD,FJI,_T,_T,_T,_Z,_Z,_Z,2018,A,USD,
49654.249704,P1Y,0,,A,PU,_Z,2,,,False,WB_WDI,WB_WDI_NY_GDP_PCAP_CD,FIN,_T,_T,_T,_Z,_Z,_Z,2018,A,USD,
41418.176648,P1Y,0,,A,PU,_Z,2,,,False,WB_WDI,WB_WDI_NY_GDP_PCAP_CD,FRA,_T,_T,_T,_Z,_Z,_Z,2018,A,USD,
21925.616044,P1Y,0,,A,PU,_Z,2,,,False,WB_WDI,WB_WDI_NY_GDP_PCAP_CD,PYF,_T,_T,_T,_Z,_Z,_Z,2018,A,USD,
7624.277523,P1Y,0,,A,PU,_Z,2,,,False,WB_WDI,WB_WDI_NY_GDP_PCAP_CD,GAB,_T,_T,_T,_Z,_Z,_Z,2018,A,USD,
696.219807,P1Y,0,,A,PU,_Z,2,,,False,WB_WDI,WB_WDI_NY_GDP_PCAP_CD,GMB,_T,_T,_T,_Z,_Z,_Z,2018,A,USD,
14262.284191,P1Y,0,,A,PU,_Z,2,,,False,WB_WDI,WB_WDI_NY_GDP_PCAP_CD,POL,_T,_T,_T,_Z,_Z,_Z,2014,A,USD,
22120.685013,P1Y,0,,A,PU,_Z,2,,,False,WB_WDI,WB_WDI_NY_GDP_PCAP_CD,PRT,_T,_T,_T,_Z,_Z,_Z,2014,A,USD,
28576.098802,P1Y,0,,A,PU,_Z,2,,,False,WB_WDI,WB_WDI_NY_GDP_PCAP_CD,PRI,_T,_T,_T,_Z,_Z,_Z,2014,A,USD,
95840.631009,P1Y,0,,A,PU,_Z,2,,,False,WB_WDI,WB_WDI_NY_GDP_PCAP_CD,QAT,_T,_T,_T,_Z,_Z,_Z,2014,A,USD,
10031.771076,P1Y,0,,A,PU,_Z,2,,,False,WB_WDI,WB_WDI_NY_GDP_PCAP_CD,ROU,_T,_T,_T,_Z,_Z,_Z,2014,A,USD,
14055.472656,P1Y,0,,A,PU,_Z,2,,,False,WB_WDI,WB_WDI_NY_GDP_PCAP_CD,RUS,_T,_T,_T,_Z,_Z,_Z,2014,A,USD,
715.368088,P1Y,0,,A,PU,_Z,2,,,False,WB_WDI,WB_WDI_NY_GDP_PCAP_CD,RWA,_T,_T,_T,_Z,_Z,_Z,2014,A,USD,
3982.680802,P1Y,0,,A,PU,_Z,2,,,False,WB_WDI,WB_WDI_NY_GDP_PCAP_CD,WSM,_T,_T,_T,_Z,_Z,_Z,2014,A,USD,
51260.480424,P1Y,0,,A,PU,_Z,2,,,False,WB_WDI,WB_WDI_NY_GDP_PCAP_CD,SMR,_T,_T,_T,_Z,_Z,_Z,2014,A,USD,
1489.676334,P1Y,0,,A,PU,_Z,2,,,False,WB_WDI,WB_WDI_NY_GDP_PCAP_CD,STP,_T,_T,_T,_Z,_Z,_Z,2014,A,USD,
27805.485032,P1Y,0,,A,PU,_Z,2,,,False,WB_WDI,WB_WDI_NY_GDP_PCAP_CD,SAU,_T,_T,_T,_Z,_Z,_Z,2014,A,USD,
5762.210233,P1Y,0,,A,PU,_Z,2,,,False,WB_WDI,WB_WDI_NY_GDP_PCAP_CD,BLZ,_T,_T,_T,_Z,_Z,_Z,2007,A,USD,
912.338247,P1Y,0,,A,PU,_Z,2,,,False,WB_WDI,WB_WDI_NY_GDP_PCAP_CD,BEN,_T,_T,_T,_Z,_Z,_Z,2007,A,USD,
107395.651484,P1Y,0,,A,PU,_Z,2,,,False,WB_WDI,WB_WDI_NY_GDP_PCAP_CD,BMU,_T,_T,_T,_Z,_Z,_Z,2007,A,USD,
1850.415704,P1Y,0,,A,PU,_Z,2,,,False,WB_WDI,WB_WDI_NY_GDP_PCAP_CD,BTN,_T,_T,_T,_Z,_Z,_Z,2007,A,USD,
1354.549059,P1Y,0,,A,PU,_Z,2,,,False,WB_WDI,WB_WDI_NY_GDP_PCAP_CD,BOL,_T,_T,_T,_Z,_Z,_Z,2007,A,USD,
3931.489487,P1Y,0,,A,PU,_Z,2,,,False,WB_WDI,WB_WDI_NY_GDP_PCAP_CD,BIH,_T,_T,_T,_Z,_Z,_Z,2007,A,USD,
5529.125746,P1Y,0,,A,PU,_Z,2,,,False,WB_WDI,WB_WDI_NY_GDP_PCAP_CD,BWA,_T,_T,_T,_Z,_Z,_Z,2007,A,USD,
7409.691307,P1Y,0,,A,PU,_Z,2,,,False,WB_WDI,WB_WDI_NY_GDP_PCAP_CD,BRA,_T,_T,_T,_Z,_Z,_Z,2007,A,USD,
36217.329071,P1Y,0,,A,PU,_Z,2,,,False,WB_WDI,WB_WDI_NY_GDP_PCAP_CD,BRN,_T,_T,_T,_Z,_Z,_Z,2007,A,USD,
5888.870946,P1Y,0,,A,PU,_Z,2,,,False,WB_WDI,WB_WDI_NY_GDP_PCAP_CD,BGR,_T,_T,_T,_Z,_Z,_Z,2007,A,USD,
514.684451,P1Y,0,,A,PU,_Z,2,,,False,WB_WDI,WB_WDI_NY_GDP_PCAP_CD,BFA,_T,_T,_T,_Z,_Z,_Z,2007,A,USD,
41743.681285,P1Y,0,,A,PU,_Z,2,,,False,WB_WDI,WB_WDI_NY_GDP_PCAP_CD,FRO,_T,_T,_T,_Z,_Z,_Z,2006,A,USD,
3455.105999,P1Y,0,,A,PU,_Z,2,,,False,WB_WDI,WB_WDI_NY_GDP_PCAP_CD,FJI,_T,_T,_T,_Z,_Z,_Z,2006,A,USD,
41214.018777,P1Y,0,,A,PU,_Z,2,,,False,WB_WDI,WB_WDI_NY_GDP_PCAP_CD,FIN,_T,_T,_T,_Z,_Z,_Z,2006,A,USD,
36431.565891,P1Y,0,,A,PU,_Z,2,,,False,WB_WDI,WB_WDI_NY_GDP_PCAP_CD,FRA,_T,_T,_T,_Z,_Z,_Z,2006,A,USD,
22330.867666,P1Y,0,,A,PU,_Z,2,,,False,WB_WDI,WB_WDI_NY_GDP_PCAP_CD,PYF,_T,_T,_T,_Z,_Z,_Z,2006,A,USD,
6847.009857,P1Y,0,,A,PU,_Z,2,,,False,WB_WDI,WB_WDI_NY_GDP_PCAP_CD,GAB,_T,_T,_T,_Z,_Z,_Z,2006,A,USD,
614.544308,P1Y,0,,A,PU,_Z,2,,,False,WB_WDI,WB_WDI_NY_GDP_PCAP_CD,GMB,_T,_T,_T,_Z,_Z,_Z,2006,A,USD,
1996.020133,P1Y,0,,A,PU,_Z,2,,,False,WB_WDI,WB_WDI_NY_GDP_PCAP_CD,GEO,_T,_T,_T,_Z,_Z,_Z,2006,A,USD,
36980.334995,P1Y,0,,A,PU,_Z,2,,,False,WB_WDI,WB_WDI_NY_GDP_PCAP_CD,DEU,_T,_T,_T,_Z,_Z,_Z,2006,A,USD,
906.441028,P1Y,0,,A,PU,_Z,2,,,False,WB_WDI,WB_WDI_NY_GDP_PCAP_CD,GHA,_T,_T,_T,_Z,_Z,_Z,2006,A,USD,
24416.023297,P1Y,0,,A,PU,_Z,2,,,False,WB_WDI,WB_WDI_NY_GDP_PCAP_CD,GRC,_T,_T,_T,_Z,_Z,_Z,2006,A,USD,
35457.629758,P1Y,0,,A,PU,_Z,2,,,False,WB_WDI,WB_WDI_NY_GDP_PCAP_CD,GRL,_T,_T,_T,_Z,_Z,_Z,2006,A,USD,
6344.038377,P1Y,0,,A,PU,_Z,2,,,False,WB_WDI,WB_WDI_NY_GDP_PCAP_CD,GRD,_T,_T,_T,_Z,_Z,_Z,2006,A,USD,
23800.001441,P1Y,0,,A,PU,_Z,2,,,False,WB_WDI,WB_WDI_NY_GDP_PCAP_CD,BHR,_T,_T,_T,_Z,_Z,_Z,2016,A,USD,
1649.283809,P1Y,0,,A,PU,_Z,2,,,False,WB_WDI,WB_WDI_NY_GDP_PCAP_CD,BGD,_T,_T,_T,_Z,_Z,_Z,2016,A,USD,
20311.409416,P1Y,0,,A,PU,_Z,2,,,False,WB_WDI,WB_WDI_NY_GDP_PCAP_CD,BRB,_T,_T,_T,_Z,_Z,_Z,2016,A,USD,
5039.775609,P1Y,0,,A,PU,_Z,2,,,False,WB_WDI,WB_WDI_NY_GDP_PCAP_CD,BLR,_T,_T,_T,_Z,_Z,_Z,2016,A,USD,
41854.54983,P1Y,0,,A,PU,_Z,2,,,False,WB_WDI,WB_WDI_NY_GDP_PCAP_CD,BEL,_T,_T,_T,_Z,_Z,_Z,2016,A,USD,
6140.867139,P1Y,0,,A,PU,_Z,2,,,False,WB_WDI,WB_WDI_NY_GDP_PCAP_CD,BLZ,_T,_T,_T,_Z,_Z,_Z,2016,A,USD,
1010.533896,P1Y,0,,A,PU,_Z,2,,,False,WB_WDI,WB_WDI_NY_GDP_PCAP_CD,BEN,_T,_T,_T,_Z,_Z,_Z,2016,A,USD,
108747.356144,P1Y,0,,A,PU,_Z,2,,,False,WB_WDI,WB_WDI_NY_GDP_PCAP_CD,BMU,_T,_T,_T,_Z,_Z,_Z,2016,A,USD,
3152.309051,P1Y,0,,A,PU,_Z,2,,,False,WB_WDI,WB_WDI_NY_GDP_PCAP_CD,BTN,_T,_T,_T,_Z,_Z,_Z,2016,A,USD,
3035.873477,P1Y,0,,A,PU,_Z,2,,,False,WB_WDI,WB_WDI_NY_GDP_PCAP_CD,BOL,_T,_T,_T,_Z,_Z,_Z,2016,A,USD,
3268.030273,P1Y,0,,A,PU,_Z,2,,,False,WB_WDI,WB_WDI_NY_GDP_PCAP_CD,MAR,_T,_T,_T,_Z,_Z,_Z,2020,A,USD,
462.433876,P1Y,0,,A,PU,_Z,2,,,False,WB_WDI,WB_WDI_NY_GDP_PCAP_CD,MOZ,_T,_T,_T,_Z,_Z,_Z,2020,A,USD,
1490.216835,P1Y,0,,A,PU,_Z,2,,,False,WB_WDI,WB_WDI_NY_GDP_PCAP_CD,MMR,_T,_T,_T,_Z,_Z,_Z,2020,A,USD,
3878.58983,P1Y,0,,A,PU,_Z,2,,,False,WB_WDI,WB_WDI_NY_GDP_PCAP_CD,NAM,_T,_T,_T,_Z,_Z,_Z,2020,A,USD,
10709.068811,P1Y,0,,A,PU,_Z,2,,,False,WB_WDI,WB_WDI_NY_GDP_PCAP_CD,NRU,_T,_T,_T,_Z,_Z,_Z,2020,A,USD,
1154.215176,P1Y,0,,A,PU,_Z,2,,,False,WB_WDI,WB_WDI_NY_GDP_PCAP_CD,NPL,_T,_T,_T,_Z,_Z,_Z,2020,A,USD,
53467.927741,P1Y,0,,A,PU,_Z,2,,,False,WB_WDI,WB_WDI_NY_GDP_PCAP_CD,NLD,_T,_T,_T,_Z,_Z,_Z,2020,A,USD,
33270.330598,P1Y,0,,A,PU,_Z,2,,,False,WB_WDI,WB_WDI_NY_GDP_PCAP_CD,NCL,_T,_T,_T,_Z,_Z,_Z,2020,A,USD,
42054.674314,P1Y,0,,A,PU,_Z,2,,,False,WB_WDI,WB_WDI_NY_GDP_PCAP_CD,NZL,_T,_T,_T,_Z,_Z,_Z,2020,A,USD,
1938.447048,P1Y,0,,A,PU,_Z,2,,,False,WB_WDI,WB_WDI_NY_GDP_PCAP_CD,NIC,_T,_T,_T,_Z,_Z,_Z,2020,A,USD,
575.45134,P1Y,0,,A,PU,_Z,2,,,False,WB_WDI,WB_WDI_NY_GDP_PCAP_CD,NER,_T,_T,_T,_Z,_Z,_Z,2020,A,USD,
2797.184581,P1Y,0,,A,PU,_Z,2,,,False,WB_WDI,WB_WDI_NY_GDP_PCAP_CD,NGA,_T,_T,_T,_Z,_Z,_Z,2020,A,USD,
53769.472624,P1Y,0,,A,PU,_Z,2,,,False,WB_WDI,WB_WDI_NY_GDP_PCAP_CD,FIN,_T,_T,_T,_Z,_Z,_Z,2008,A,USD,
45464.818139,P1Y,0,,A,PU,_Z,2,,,False,WB_WDI,WB_WDI_NY_GDP_PCAP_CD,FRA,_T,_T,_T,_Z,_Z,_Z,2008,A,USD,
26592.026284,P1Y,0,,A,PU,_Z,2,,,False,WB_WDI,WB_WDI_NY_GDP_PCAP_CD,PYF,_T,_T,_T,_Z,_Z,_Z,2008,A,USD,
9688.645197,P1Y,0,,A,PU,_Z,2,,,False,WB_WDI,WB_WDI_NY_GDP_PCAP_CD,GAB,_T,_T,_T,_Z,_Z,_Z,2008,A,USD,
859.127671,P1Y,0,,A,PU,_Z,2,,,False,WB_WDI,WB_WDI_NY_GDP_PCAP_CD,GMB,_T,_T,_T,_Z,_Z,_Z,2008,A,USD,
3324.753721,P1Y,0,,A,PU,_Z,2,,,False,WB_WDI,WB_WDI_NY_GDP_PCAP_CD,GEO,_T,_T,_T,_Z,_Z,_Z,2008,A,USD,
46379.164795,P1Y,0,,A,PU,_Z,2,,,False,WB_WDI,WB_WDI_NY_GDP_PCAP_CD,DEU,_T,_T,_T,_Z,_Z,_Z,2008,A,USD,
1182.657613,P1Y,0,,A,PU,_Z,2,,,False,WB_WDI,WB_WDI_NY_GDP_PCAP_CD,GHA,_T,_T,_T,_Z,_Z,_Z,2008,A,USD,
31695.833109,P1Y,0,,A,PU,_Z,2,,,False,WB_WDI,WB_WDI_NY_GDP_PCAP_CD,GRC,_T,_T,_T,_Z,_Z,_Z,2008,A,USD,
44366.785869,P1Y,0,,A,PU,_Z,2,,,False,WB_WDI,WB_WDI_NY_GDP_PCAP_CD,GRL,_T,_T,_T,_Z,_Z,_Z,2008,A,USD,
7448.204056,P1Y,0,,A,PU,_Z,2,,,False,WB_WDI,WB_WDI_NY_GDP_PCAP_CD,GRD,_T,_T,_T,_Z,_Z,_Z,2008,A,USD,
28112.231657,P1Y,0,,A,PU,_Z,2,,,False,WB_WDI,WB_WDI_NY_GDP_PCAP_CD,GUM,_T,_T,_T,_Z,_Z,_Z,2008,A,USD,
2763.059882,P1Y,0,,A,PU,_Z,2,,,False,WB_WDI,WB_WDI_NY_GDP_PCAP_CD,GTM,_T,_T,_T,_Z,_Z,_Z,2008,A,USD,
541.26582,P1Y,0,,A,PU,_Z,2,,,False,WB_WDI,WB_WDI_NY_GDP_PCAP_CD,NER,_T,_T,_T,_Z,_Z,_Z,2019,A,USD,
3189.812865,P1Y,0,,A,PU,_Z,2,,,False,WB_WDI,WB_WDI_NY_GDP_PCAP_CD,NGA,_T,_T,_T,_Z,_Z,_Z,2019,A,USD,
6718.858266,P1Y,0,,A,PU,_Z,2,,,False,WB_WDI,WB_WDI_NY_GDP_PCAP_CD,MKD,_T,_T,_T,_Z,_Z,_Z,2019,A,USD,
24496.665212,P1Y,0,,A,PU,_Z,2,,,False,WB_WDI,WB_WDI_NY_GDP_PCAP_CD,MNP,_T,_T,_T,_Z,_Z,_Z,2019,A,USD,
79329.307519,P1Y,0,,A,PU,_Z,2,,,False,WB_WDI,WB_WDI_NY_GDP_PCAP_CD,NOR,_T,_T,_T,_Z,_Z,_Z,2019,A,USD,
19180.186415,P1Y,0,,A,PU,_Z,2,,,False,WB_WDI,WB_WDI_NY_GDP_PCAP_CD,OMN,_T,_T,_T,_Z,_Z,_Z,2019,A,USD,
1390.41691,P1Y,0,,A,PU,_Z,2,,,False,WB_WDI,WB_WDI_NY_GDP_PCAP_CD,PAK,_T,_T,_T,_Z,_Z,_Z,2019,A,USD,
15841.892347,P1Y,0,,A,PU,_Z,2,,,False,WB_WDI,WB_WDI_NY_GDP_PCAP_CD,PLW,_T,_T,_T,_Z,_Z,_Z,2019,A,USD,
16477.906629,P1Y,0,,A,PU,_Z,2,,,False,WB_WDI,WB_WDI_NY_GDP_PCAP_CD,PAN,_T,_T,_T,_Z,_Z,_Z,2019,A,USD,
2575.772741,P1Y,0,,A,PU,_Z,2,,,False,WB_WDI,WB_WDI_NY_GDP_PCAP_CD,PNG,_T,_T,_T,_Z,_Z,_Z,2019,A,USD,
5821.181995,P1Y,0,,A,PU,_Z,2,,,False,WB_WDI,WB_WDI_NY_GDP_PCAP_CD,PRY,_T,_T,_T,_Z,_Z,_Z,2019,A,USD,
7528.51002,P1Y,0,,A,PU,_Z,2,,,False,WB_WDI,WB_WDI_NY_GDP_PCAP_CD,DMA,_T,_T,_T,_Z,_Z,_Z,2012,A,USD,
6013.81965,P1Y,0,,A,PU,_Z,2,,,False,WB_WDI,WB_WDI_NY_GDP_PCAP_CD,DOM,_T,_T,_T,_Z,_Z,_Z,2012,A,USD,
5634.083932,P1Y,0,,A,PU,_Z,2,,,False,WB_WDI,WB_WDI_NY_GDP_PCAP_CD,ECU,_T,_T,_T,_Z,_Z,_Z,2012,A,USD,
2996.067707,P1Y,0,,A,PU,_Z,2,,,False,WB_WDI,WB_WDI_NY_GDP_PCAP_CD,EGY,_T,_T,_T,_Z,_Z,_Z,2012,A,USD,
3497.912569,P1Y,0,,A,PU,_Z,2,,,False,WB_WDI,WB_WDI_NY_GDP_PCAP_CD,SLV,_T,_T,_T,_Z,_Z,_Z,2012,A,USD,
17308.572392,P1Y,0,,A,PU,_Z,2,,,False,WB_WDI,WB_WDI_NY_GDP_PCAP_CD,GNQ,_T,_T,_T,_Z,_Z,_Z,2012,A,USD,
17568.213797,P1Y,0,,A,PU,_Z,2,,,False,WB_WDI,WB_WDI_NY_GDP_PCAP_CD,EST,_T,_T,_T,_Z,_Z,_Z,2012,A,USD,
4224.547892,P1Y,0,,A,PU,_Z,2,,,False,WB_WDI,WB_WDI_NY_GDP_PCAP_CD,SWZ,_T,_T,_T,_Z,_Z,_Z,2012,A,USD,
452.101032,P1Y,0,,A,PU,_Z,2,,,False,WB_WDI,WB_WDI_NY_GDP_PCAP_CD,ETH,_T,_T,_T,_Z,_Z,_Z,2012,A,USD,
50263.002463,P1Y,0,,A,PU,_Z,2,,,False,WB_WDI,WB_WDI_NY_GDP_PCAP_CD,FRO,_T,_T,_T,_Z,_Z,_Z,2012,A,USD,
4341.403387,P1Y,0,,A,PU,_Z,2,,,False,WB_WDI,WB_WDI_NY_GDP_PCAP_CD,FJI,_T,_T,_T,_Z,_Z,_Z,2012,A,USD,
2930.444286,P1Y,0,,A,PU,_Z,2,,,False,WB_WDI,WB_WDI_NY_GDP_PCAP_CD,AGO,_T,_T,_T,_Z,_Z,_Z,2006,A,USD,
16173.813633,P1Y,0,,A,PU,_Z,2,,,False,WB_WDI,WB_WDI_NY_GDP_PCAP_CD,ATG,_T,_T,_T,_Z,_Z,_Z,2006,A,USD,
5869.38029,P1Y,0,,A,PU,_Z,2,,,False,WB_WDI,WB_WDI_NY_GDP_PCAP_CD,ARG,_T,_T,_T,_Z,_Z,_Z,2006,A,USD,
2041.652671,P1Y,0,,A,PU,_Z,2,,,False,WB_WDI,WB_WDI_NY_GDP_PCAP_CD,ARM,_T,_T,_T,_Z,_Z,_Z,2006,A,USD,
24845.658484,P1Y,0,,A,PU,_Z,2,,,False,WB_WDI,WB_WDI_NY_GDP_PCAP_CD,ABW,_T,_T,_T,_Z,_Z,_Z,2006,A,USD,
36658.824348,P1Y,0,,A,PU,_Z,2,,,False,WB_WDI,WB_WDI_NY_GDP_PCAP_CD,AUS,_T,_T,_T,_Z,_Z,_Z,2006,A,USD,
40382.20783,P1Y,0,,A,PU,_Z,2,,,False,WB_WDI,WB_WDI_NY_GDP_PCAP_CD,AUT,_T,_T,_T,_Z,_Z,_Z,2006,A,USD,
2472.957257,P1Y,0,,A,PU,_Z,2,,,False,WB_WDI,WB_WDI_NY_GDP_PCAP_CD,AZE,_T,_T,_T,_Z,_Z,_Z,2006,A,USD,
29184.786509,P1Y,0,,A,PU,_Z,2,,,False,WB_WDI,WB_WDI_NY_GDP_PCAP_CD,BHS,_T,_T,_T,_Z,_Z,_Z,2006,A,USD,
19267.282615,P1Y,0,,A,PU,_Z,2,,,False,WB_WDI,WB_WDI_NY_GDP_PCAP_CD,BHR,_T,_T,_T,_Z,_Z,_Z,2006,A,USD,
490.388027,P1Y,0,,A,PU,_Z,2,,,False,WB_WDI,WB_WDI_NY_GDP_PCAP_CD,BGD,_T,_T,_T,_Z,_Z,_Z,2006,A,USD,
15619.600596,P1Y,0,,A,PU,_Z,2,,,False,WB_WDI,WB_WDI_NY_GDP_PCAP_CD,BRB,_T,_T,_T,_Z,_Z,_Z,2006,A,USD,
4398.888288,P1Y,0,,A,PU,_Z,2,,,False,WB_WDI,WB_WDI_NY_GDP_PCAP_CD,LKA,_T,_T,_T,_Z,_Z,_Z,2017,A,USD,
22464.989963,P1Y,0,,A,PU,_Z,2,,,False,WB_WDI,WB_WDI_NY_GDP_PCAP_CD,KNA,_T,_T,_T,_Z,_Z,_Z,2017,A,USD,
11333.112382,P1Y,0,,A,PU,_Z,2,,,False,WB_WDI,WB_WDI_NY_GDP_PCAP_CD,LCA,_T,_T,_T,_Z,_Z,_Z,2017,A,USD,
7988.04445,P1Y,0,,A,PU,_Z,2,,,False,WB_WDI,WB_WDI_NY_GDP_PCAP_CD,VCT,_T,_T,_T,_Z,_Z,_Z,2017,A,USD,
966.505676,P1Y,0,,A,PU,_Z,2,,,False,WB_WDI,WB_WDI_NY_GDP_PCAP_CD,SDN,_T,_T,_T,_Z,_Z,_Z,2017,A,USD,
6049.521286,P1Y,0,,A,PU,_Z,2,,,False,WB_WDI,WB_WDI_NY_GDP_PCAP_CD,SUR,_T,_T,_T,_Z,_Z,_Z,2017,A,USD,
53210.223332,P1Y,0,,A,PU,_Z,2,,,False,WB_WDI,WB_WDI_NY_GDP_PCAP_CD,SWE,_T,_T,_T,_Z,_Z,_Z,2017,A,USD,
83610.248611,P1Y,0,,A,PU,_Z,2,,,False,WB_WDI,WB_WDI_NY_GDP_PCAP_CD,CHE,_T,_T,_T,_Z,_Z,_Z,2017,A,USD,
851.501973,P1Y,0,,A,PU,_Z,2,,,False,WB_WDI,WB_WDI_NY_GDP_PCAP_CD,SYR,_T,_T,_T,_Z,_Z,_Z,2017,A,USD,
829.457148,P1Y,0,,A,PU,_Z,2,,,False,WB_WDI,WB_WDI_NY_GDP_PCAP_CD,TJK,_T,_T,_T,_Z,_Z,_Z,2017,A,USD,
986.674011,P1Y,0,,A,PU,_Z,2,,,False,WB_WDI,WB_WDI_NY_GDP_PCAP_CD,TZA,_T,_T,_T,_Z,_Z,_Z,2017,A,USD,
1825.599718,P1Y,0,,A,PU,_Z,2,,,False,WB_WDI,WB_WDI_NY_GDP_PCAP_CD,STP,_T,_T,_T,_Z,_Z,_Z,2018,A,USD,
29360.065897,P1Y,0,,A,PU,_Z,2,,,False,WB_WDI,WB_WDI_NY_GDP_PCAP_CD,SAU,_T,_T,_T,_Z,_Z,_Z,2018,A,USD,
1452.556126,P1Y,0,,A,PU,_Z,2,,,False,WB_WDI,WB_WDI_NY_GDP_PCAP_CD,SEN,_T,_T,_T,_Z,_Z,_Z,2018,A,USD,
7559.861657,P1Y,0,,A,PU,_Z,2,,,False,WB_WDI,WB_WDI_NY_GDP_PCAP_CD,SRB,_T,_T,_T,_Z,_Z,_Z,2018,A,USD,
18440.234046,P1Y,0,,A,PU,_Z,2,,,False,WB_WDI,WB_WDI_NY_GDP_PCAP_CD,SYC,_T,_T,_T,_Z,_Z,_Z,2018,A,USD,
845.91454,P1Y,0,,A,PU,_Z,2,,,False,WB_WDI,WB_WDI_NY_GDP_PCAP_CD,SLE,_T,_T,_T,_Z,_Z,_Z,2018,A,USD,
67032.822577,P1Y,0,,A,PU,_Z,2,,,False,WB_WDI,WB_WDI_NY_GDP_PCAP_CD,SGP,_T,_T,_T,_Z,_Z,_Z,2018,A,USD,
31708.311012,P1Y,0,,A,PU,_Z,2,,,False,WB_WDI,WB_WDI_NY_GDP_PCAP_CD,SXM,_T,_T,_T,_Z,_Z,_Z,2018,A,USD,
19573.371703,P1Y,0,,A,PU,_Z,2,,,False,WB_WDI,WB_WDI_NY_GDP_PCAP_CD,SVK,_T,_T,_T,_Z,_Z,_Z,2018,A,USD,
25888.048107,P1Y,0,,A,PU,_Z,2,,,False,WB_WDI,WB_WDI_NY_GDP_PCAP_CD,SVN,_T,_T,_T,_Z,_Z,_Z,2018,A,USD,
2278.199086,P1Y,0,,A,PU,_Z,2,,,False,WB_WDI,WB_WDI_NY_GDP_PCAP_CD,SLB,_T,_T,_T,_Z,_Z,_Z,2018,A,USD,
509.497274,P1Y,0,,A,PU,_Z,2,,,False,WB_WDI,WB_WDI_NY_GDP_PCAP_CD,SOM,_T,_T,_T,_Z,_Z,_Z,2018,A,USD,
3632.27254,P1Y,0,,A,PU,_Z,2,,,False,WB_WDI,WB_WDI_NY_GDP_PCAP_CD,IDN,_T,_T,_T,_Z,_Z,_Z,2012,A,USD,
8114.080998,P1Y,0,,A,PU,_Z,2,,,False,WB_WDI,WB_WDI_NY_GDP_PCAP_CD,IRN,_T,_T,_T,_Z,_Z,_Z,2012,A,USD,
6477.596185,P1Y,0,,A,PU,_Z,2,,,False,WB_WDI,WB_WDI_NY_GDP_PCAP_CD,IRQ,_T,_T,_T,_Z,_Z,_Z,2012,A,USD,
49335.84081,P1Y,0,,A,PU,_Z,2,,,False,WB_WDI,WB_WDI_NY_GDP_PCAP_CD,IRL,_T,_T,_T,_Z,_Z,_Z,2012,A,USD,
79329.203435,P1Y,0,,A,PU,_Z,2,,,False,WB_WDI,WB_WDI_NY_GDP_PCAP_CD,IMN,_T,_T,_T,_Z,_Z,_Z,2012,A,USD,
33268.706667,P1Y,0,,A,PU,_Z,2,,,False,WB_WDI,WB_WDI_NY_GDP_PCAP_CD,ISR,_T,_T,_T,_Z,_Z,_Z,2012,A,USD,
34854.394944,P1Y,0,,A,PU,_Z,2,,,False,WB_WDI,WB_WDI_NY_GDP_PCAP_CD,ITA,_T,_T,_T,_Z,_Z,_Z,2012,A,USD,
5340.833332,P1Y,0,,A,PU,_Z,2,,,False,WB_WDI,WB_WDI_NY_GDP_PCAP_CD,JAM,_T,_T,_T,_Z,_Z,_Z,2012,A,USD,
49626.683033,P1Y,0,,A,PU,_Z,2,,,False,WB_WDI,WB_WDI_NY_GDP_PCAP_CD,JPN,_T,_T,_T,_Z,_Z,_Z,2012,A,USD,
4593.836097,P1Y,0,,A,PU,_Z,2,,,False,WB_WDI,WB_WDI_NY_GDP_PCAP_CD,JOR,_T,_T,_T,_Z,_Z,_Z,2012,A,USD,
12018.796653,P1Y,0,,A,PU,_Z,2,,,False,WB_WDI,WB_WDI_NY_GDP_PCAP_CD,KAZ,_T,_T,_T,_Z,_Z,_Z,2012,A,USD,
1285.005362,P1Y,0,,A,PU,_Z,2,,,False,WB_WDI,WB_WDI_NY_GDP_PCAP_CD,KEN,_T,_T,_T,_Z,_Z,_Z,2012,A,USD,
1862.595971,P1Y,0,,A,PU,_Z,2,,,False,WB_WDI,WB_WDI_NY_GDP_PCAP_CD,CIV,_T,_T,_T,_Z,_Z,_Z,2016,A,USD,
12820.187275,P1Y,0,,A,PU,_Z,2,,,False,WB_WDI,WB_WDI_NY_GDP_PCAP_CD,HRV,_T,_T,_T,_Z,_Z,_Z,2016,A,USD,
8110.558743,P1Y,0,,A,PU,_Z,2,,,False,WB_WDI,WB_WDI_NY_GDP_PCAP_CD,CUB,_T,_T,_T,_Z,_Z,_Z,2016,A,USD,
18944.096149,P1Y,0,,A,PU,_Z,2,,,False,WB_WDI,WB_WDI_NY_GDP_PCAP_CD,CUW,_T,_T,_T,_Z,_Z,_Z,2016,A,USD,
24280.044922,P1Y,0,,A,PU,_Z,2,,,False,WB_WDI,WB_WDI_NY_GDP_PCAP_CD,CYP,_T,_T,_T,_Z,_Z,_Z,2016,A,USD,
18753.968672,P1Y,0,,A,PU,_Z,2,,,False,WB_WDI,WB_WDI_NY_GDP_PCAP_CD,CZE,_T,_T,_T,_Z,_Z,_Z,2016,A,USD,
54500.926041,P1Y,0,,A,PU,_Z,2,,,False,WB_WDI,WB_WDI_NY_GDP_PCAP_CD,DNK,_T,_T,_T,_Z,_Z,_Z,2016,A,USD,
2510.430008,P1Y,0,,A,PU,_Z,2,,,False,WB_WDI,WB_WDI_NY_GDP_PCAP_CD,DJI,_T,_T,_T,_Z,_Z,_Z,2016,A,USD,
8802.56172,P1Y,0,,A,PU,_Z,2,,,False,WB_WDI,WB_WDI_NY_GDP_PCAP_CD,DMA,_T,_T,_T,_Z,_Z,_Z,2016,A,USD,
7160.44201,P1Y,0,,A,PU,_Z,2,,,False,WB_WDI,WB_WDI_NY_GDP_PCAP_CD,DOM,_T,_T,_T,_Z,_Z,_Z,2016,A,USD,
5917.637713,P1Y,0,,A,PU,_Z,2,,,False,WB_WDI,WB_WDI_NY_GDP_PCAP_CD,ECU,_T,_T,_T,_Z,_Z,_Z,2016,A,USD,
30158.701781,P1Y,0,,A,PU,_Z,2,,,False,WB_WDI,WB_WDI_NY_GDP_PCAP_CD,GBR,_T,_T,_T,_Z,_Z,_Z,2002,A,USD,
37997.74243,P1Y,0,,A,PU,_Z,2,,,False,WB_WDI,WB_WDI_NY_GDP_PCAP_CD,USA,_T,_T,_T,_Z,_Z,_Z,2002,A,USD,
4149.761403,P1Y,0,,A,PU,_Z,2,,,False,WB_WDI,WB_WDI_NY_GDP_PCAP_CD,URY,_T,_T,_T,_Z,_Z,_Z,2002,A,USD,
381.409297,P1Y,0,,A,PU,_Z,2,,,False,WB_WDI,WB_WDI_NY_GDP_PCAP_CD,UZB,_T,_T,_T,_Z,_Z,_Z,2002,A,USD,
1340.715375,P1Y,0,,A,PU,_Z,2,,,False,WB_WDI,WB_WDI_NY_GDP_PCAP_CD,VUT,_T,_T,_T,_Z,_Z,_Z,2002,A,USD,
3652.098965,P1Y,0,,A,PU,_Z,2,,,False,WB_WDI,WB_WDI_NY_GDP_PCAP_CD,VEN,_T,_T,_T,_Z,_Z,_Z,2002,A,USD,
445.132862,P1Y,0,,A,PU,_Z,2,,,False,WB_WDI,WB_WDI_NY_GDP_PCAP_CD,VNM,_T,_T,_T,_Z,_Z,_Z,2002,A,USD,
30062.022505,P1Y,0,,A,PU,_Z,2,,,False,WB_WDI,WB_WDI_NY_GDP_PCAP_CD,VIR,_T,_T,_T,_Z,_Z,_Z,2002,A,USD,
1156.217473,P1Y,0,,A,PU,_Z,2,,,False,WB_WDI,WB_WDI_NY_GDP_PCAP_CD,PSE,_T,_T,_T,_Z,_Z,_Z,2002,A,USD,
513.241487,P1Y,0,,A,PU,_Z,2,,,False,WB_WDI,WB_WDI_NY_GDP_PCAP_CD,YEM,_T,_T,_T,_Z,_Z,_Z,2002,A,USD,
393.864626,P1Y,0,,A,PU,_Z,2,,,False,WB_WDI,WB_WDI_NY_GDP_PCAP_CD,ZMB,_T,_T,_T,_Z,_Z,_Z,2002,A,USD,
524.936479,P1Y,0,,A,PU,_Z,2,,,False,WB_WDI,WB_WDI_NY_GDP_PCAP_CD,ZWE,_T,_T,_T,_Z,_Z,_Z,2002,A,USD,
815.433658,P1Y,0,,A,PU,_Z,2,,,False,WB_WDI,WB_WDI_NY_GDP_PCAP_CD,AFE,_T,_T,_T,_Z,_Z,_Z,2003,A,USD,
698.410598,P1Y,0,,A,PU,_Z,2,,,False,WB_WDI,WB_WDI_NY_GDP_PCAP_CD,AFW,_T,_T,_T,_Z,_Z,_Z,2003,A,USD,
3266.19695,P1Y,0,,A,PU,_Z,2,,,False,WB_WDI,WB_WDI_NY_GDP_PCAP_CD,EAR,_T,_T,_T,_Z,_Z,_Z,2011,A,USD,
8976.494847,P1Y,0,,A,PU,_Z,2,,,False,WB_WDI,WB_WDI_NY_GDP_PCAP_CD,EAS,_T,_T,_T,_Z,_Z,_Z,2011,A,USD,
4913.894554,P1Y,0,,A,PU,_Z,2,,,False,WB_WDI,WB_WDI_NY_GDP_PCAP_CD,EAP,_T,_T,_T,_Z,_Z,_Z,2011,A,USD,
4970.504144,P1Y,0,,A,PU,_Z,2,,,False,WB_WDI,WB_WDI_NY_GDP_PCAP_CD,TEA,_T,_T,_T,_Z,_Z,_Z,2011,A,USD,
39878.118404,P1Y,0,,A,PU,_Z,2,,,False,WB_WDI,WB_WDI_NY_GDP_PCAP_CD,EMU,_T,_T,_T,_Z,_Z,_Z,2011,A,USD,
26273.044334,P1Y,0,,A,PU,_Z,2,,,False,WB_WDI,WB_WDI_NY_GDP_PCAP_CD,ECS,_T,_T,_T,_Z,_Z,_Z,2011,A,USD,
6817.023661,P1Y,0,,A,PU,_Z,2,,,False,WB_WDI,WB_WDI_NY_GDP_PCAP_CD,ECA,_T,_T,_T,_Z,_Z,_Z,2011,A,USD,
10044.904672,P1Y,0,,A,PU,_Z,2,,,False,WB_WDI,WB_WDI_NY_GDP_PCAP_CD,TEC,_T,_T,_T,_Z,_Z,_Z,2011,A,USD,
35963.321807,P1Y,0,,A,PU,_Z,2,,,False,WB_WDI,WB_WDI_NY_GDP_PCAP_CD,EUU,_T,_T,_T,_Z,_Z,_Z,2011,A,USD,
873.6501,P1Y,0,,A,PU,_Z,2,,,False,WB_WDI,WB_WDI_NY_GDP_PCAP_CD,HPC,_T,_T,_T,_Z,_Z,_Z,2011,A,USD,
38837.327835,P1Y,0,,A,PU,_Z,2,,,False,WB_WDI,WB_WDI_NY_GDP_PCAP_CD,HIC,_T,_T,_T,_Z,_Z,_Z,2011,A,USD,
5343.533974,P1Y,0,,A,PU,_Z,2,,,False,WB_WDI,WB_WDI_NY_GDP_PCAP_CD,IBD,_T,_T,_T,_Z,_Z,_Z,2011,A,USD,
4326.075951,P1Y,0,,A,PU,_Z,2,,,False,WB_WDI,WB_WDI_NY_GDP_PCAP_CD,IBT,_T,_T,_T,_Z,_Z,_Z,2011,A,USD,
2992.403828,P1Y,0,,A,PU,_Z,2,,,False,WB_WDI,WB_WDI_NY_GDP_PCAP_CD,NRU,_T,_T,_T,_Z,_Z,_Z,2005,A,USD,
309.024168,P1Y,0,,A,PU,_Z,2,,,False,WB_WDI,WB_WDI_NY_GDP_PCAP_CD,NPL,_T,_T,_T,_Z,_Z,_Z,2005,A,USD,
42165.396168,P1Y,0,,A,PU,_Z,2,,,False,WB_WDI,WB_WDI_NY_GDP_PCAP_CD,NLD,_T,_T,_T,_Z,_Z,_Z,2005,A,USD,
25528.291835,P1Y,0,,A,PU,_Z,2,,,False,WB_WDI,WB_WDI_NY_GDP_PCAP_CD,NCL,_T,_T,_T,_Z,_Z,_Z,2005,A,USD,
27751.065471,P1Y,0,,A,PU,_Z,2,,,False,WB_WDI,WB_WDI_NY_GDP_PCAP_CD,NZL,_T,_T,_T,_Z,_Z,_Z,2005,A,USD,
1183.30214,P1Y,0,,A,PU,_Z,2,,,False,WB_WDI,WB_WDI_NY_GDP_PCAP_CD,NIC,_T,_T,_T,_Z,_Z,_Z,2005,A,USD,
318.643122,P1Y,0,,A,PU,_Z,2,,,False,WB_WDI,WB_WDI_NY_GDP_PCAP_CD,NER,_T,_T,_T,_Z,_Z,_Z,2005,A,USD,
1211.377035,P1Y,0,,A,PU,_Z,2,,,False,WB_WDI,WB_WDI_NY_GDP_PCAP_CD,NGA,_T,_T,_T,_Z,_Z,_Z,2005,A,USD,
3120.984014,P1Y,0,,A,PU,_Z,2,,,False,WB_WDI,WB_WDI_NY_GDP_PCAP_CD,MKD,_T,_T,_T,_Z,_Z,_Z,2005,A,USD,
17015.748789,P1Y,0,,A,PU,_Z,2,,,False,WB_WDI,WB_WDI_NY_GDP_PCAP_CD,MNP,_T,_T,_T,_Z,_Z,_Z,2005,A,USD,
67358.361597,P1Y,0,,A,PU,_Z,2,,,False,WB_WDI,WB_WDI_NY_GDP_PCAP_CD,NOR,_T,_T,_T,_Z,_Z,_Z,2005,A,USD,
14434.857792,P1Y,0,,A,PU,_Z,2,,,False,WB_WDI,WB_WDI_NY_GDP_PCAP_CD,OMN,_T,_T,_T,_Z,_Z,_Z,2005,A,USD,
827.619861,P1Y,0,,A,PU,_Z,2,,,False,WB_WDI,WB_WDI_NY_GDP_PCAP_CD,PAK,_T,_T,_T,_Z,_Z,_Z,2005,A,USD,
68301.440251,P1Y,0,,A,PU,_Z,2,,,False,WB_WDI,WB_WDI_NY_GDP_PCAP_CD,AUS,_T,_T,_T,_Z,_Z,_Z,2012,A,USD,
48250.405914,P1Y,0,,A,PU,_Z,2,,,False,WB_WDI,WB_WDI_NY_GDP_PCAP_CD,AUT,_T,_T,_T,_Z,_Z,_Z,2012,A,USD,
7495.865277,P1Y,0,,A,PU,_Z,2,,,False,WB_WDI,WB_WDI_NY_GDP_PCAP_CD,AZE,_T,_T,_T,_Z,_Z,_Z,2012,A,USD,
28552.024268,P1Y,0,,A,PU,_Z,2,,,False,WB_WDI,WB_WDI_NY_GDP_PCAP_CD,BHS,_T,_T,_T,_Z,_Z,_Z,2012,A,USD,
26438.673323,P1Y,0,,A,PU,_Z,2,,,False,WB_WDI,WB_WDI_NY_GDP_PCAP_CD,BHR,_T,_T,_T,_Z,_Z,_Z,2012,A,USD,
859.680536,P1Y,0,,A,PU,_Z,2,,,False,WB_WDI,WB_WDI_NY_GDP_PCAP_CD,BGD,_T,_T,_T,_Z,_Z,_Z,2012,A,USD,
19811.295308,P1Y,0,,A,PU,_Z,2,,,False,WB_WDI,WB_WDI_NY_GDP_PCAP_CD,BRB,_T,_T,_T,_Z,_Z,_Z,2012,A,USD,
6953.215917,P1Y,0,,A,PU,_Z,2,,,False,WB_WDI,WB_WDI_NY_GDP_PCAP_CD,BLR,_T,_T,_T,_Z,_Z,_Z,2012,A,USD,
44874.170918,P1Y,0,,A,PU,_Z,2,,,False,WB_WDI,WB_WDI_NY_GDP_PCAP_CD,BEL,_T,_T,_T,_Z,_Z,_Z,2012,A,USD,
5732.665199,P1Y,0,,A,PU,_Z,2,,,False,WB_WDI,WB_WDI_NY_GDP_PCAP_CD,BLZ,_T,_T,_T,_Z,_Z,_Z,2012,A,USD,
1071.525837,P1Y,0,,A,PU,_Z,2,,,False,WB_WDI,WB_WDI_NY_GDP_PCAP_CD,BEN,_T,_T,_T,_Z,_Z,_Z,2012,A,USD,
18621.292258,P1Y,0,,A,PU,_Z,2,,,False,WB_WDI,WB_WDI_NY_GDP_PCAP_CD,BRN,_T,_T,_T,_Z,_Z,_Z,2002,A,USD,
2093.089677,P1Y,0,,A,PU,_Z,2,,,False,WB_WDI,WB_WDI_NY_GDP_PCAP_CD,BGR,_T,_T,_T,_Z,_Z,_Z,2002,A,USD,
285.654088,P1Y,0,,A,PU,_Z,2,,,False,WB_WDI,WB_WDI_NY_GDP_PCAP_CD,BFA,_T,_T,_T,_Z,_Z,_Z,2002,A,USD,
120.952309,P1Y,0,,A,PU,_Z,2,,,False,WB_WDI,WB_WDI_NY_GDP_PCAP_CD,BDI,_T,_T,_T,_Z,_Z,_Z,2002,A,USD,
1328.578743,P1Y,0,,A,PU,_Z,2,,,False,WB_WDI,WB_WDI_NY_GDP_PCAP_CD,CPV,_T,_T,_T,_Z,_Z,_Z,2002,A,USD,
350.147277,P1Y,0,,A,PU,_Z,2,,,False,WB_WDI,WB_WDI_NY_GDP_PCAP_CD,KHM,_T,_T,_T,_Z,_Z,_Z,2002,A,USD,
789.623811,P1Y,0,,A,PU,_Z,2,,,False,WB_WDI,WB_WDI_NY_GDP_PCAP_CD,CMR,_T,_T,_T,_Z,_Z,_Z,2002,A,USD,
24256.059874,P1Y,0,,A,PU,_Z,2,,,False,WB_WDI,WB_WDI_NY_GDP_PCAP_CD,CAN,_T,_T,_T,_Z,_Z,_Z,2002,A,USD,
248.639291,P1Y,0,,A,PU,_Z,2,,,False,WB_WDI,WB_WDI_NY_GDP_PCAP_CD,CAF,_T,_T,_T,_Z,_Z,_Z,2002,A,USD,
219.061392,P1Y,0,,A,PU,_Z,2,,,False,WB_WDI,WB_WDI_NY_GDP_PCAP_CD,TCD,_T,_T,_T,_Z,_Z,_Z,2002,A,USD,
44459.731819,P1Y,0,,A,PU,_Z,2,,,False,WB_WDI,WB_WDI_NY_GDP_PCAP_CD,CHI,_T,_T,_T,_Z,_Z,_Z,2002,A,USD,
4430.847412,P1Y,0,,A,PU,_Z,2,,,False,WB_WDI,WB_WDI_NY_GDP_PCAP_CD,CHL,_T,_T,_T,_Z,_Z,_Z,2002,A,USD,
1163.559577,P1Y,0,,A,PU,_Z,2,,,False,WB_WDI,WB_WDI_NY_GDP_PCAP_CD,CHN,_T,_T,_T,_Z,_Z,_Z,2002,A,USD,
4577.210292,P1Y,0,,A,PU,_Z,2,,,False,WB_WDI,WB_WDI_NY_GDP_PCAP_CD,DZA,_T,_T,_T,_Z,_Z,_Z,2018,A,USD,
12552.054687,P1Y,0,,A,PU,_Z,2,,,False,WB_WDI,WB_WDI_NY_GDP_PCAP_CD,ASM,_T,_T,_T,_Z,_Z,_Z,2018,A,USD,
42819.774579,P1Y,0,,A,PU,_Z,2,,,False,WB_WDI,WB_WDI_NY_GDP_PCAP_CD,AND,_T,_T,_T,_Z,_Z,_Z,2018,A,USD,
2891.830324,P1Y,0,,A,PU,_Z,2,,,False,WB_WDI,WB_WDI_NY_GDP_PCAP_CD,AGO,_T,_T,_T,_Z,_Z,_Z,2018,A,USD,
18273.427068,P1Y,0,,A,PU,_Z,2,,,False,WB_WDI,WB_WDI_NY_GDP_PCAP_CD,ATG,_T,_T,_T,_Z,_Z,_Z,2018,A,USD,
11752.799892,P1Y,0,,A,PU,_Z,2,,,False,WB_WDI,WB_WDI_NY_GDP_PCAP_CD,ARG,_T,_T,_T,_Z,_Z,_Z,2018,A,USD,
4196.005623,P1Y,0,,A,PU,_Z,2,,,False,WB_WDI,WB_WDI_NY_GDP_PCAP_CD,ARM,_T,_T,_T,_Z,_Z,_Z,2018,A,USD,
30082.158423,P1Y,0,,A,PU,_Z,2,,,False,WB_WDI,WB_WDI_NY_GDP_PCAP_CD,ABW,_T,_T,_T,_Z,_Z,_Z,2018,A,USD,
57410.173735,P1Y,0,,A,PU,_Z,2,,,False,WB_WDI,WB_WDI_NY_GDP_PCAP_CD,AUS,_T,_T,_T,_Z,_Z,_Z,2018,A,USD,
51194.074984,P1Y,0,,A,PU,_Z,2,,,False,WB_WDI,WB_WDI_NY_GDP_PCAP_CD,AUT,_T,_T,_T,_Z,_Z,_Z,2018,A,USD,
4739.794312,P1Y,0,,A,PU,_Z,2,,,False,WB_WDI,WB_WDI_NY_GDP_PCAP_CD,AZE,_T,_T,_T,_Z,_Z,_Z,2018,A,USD,
32642.33532,P1Y,0,,A,PU,_Z,2,,,False,WB_WDI,WB_WDI_NY_GDP_PCAP_CD,BHS,_T,_T,_T,_Z,_Z,_Z,2018,A,USD,
26324.406655,P1Y,0,,A,PU,_Z,2,,,False,WB_WDI,WB_WDI_NY_GDP_PCAP_CD,BHR,_T,_T,_T,_Z,_Z,_Z,2018,A,USD,
1935.293182,P1Y,0,,A,PU,_Z,2,,,False,WB_WDI,WB_WDI_NY_GDP_PCAP_CD,STP,_T,_T,_T,_Z,_Z,_Z,2019,A,USD,
29566.793383,P1Y,0,,A,PU,_Z,2,,,False,WB_WDI,WB_WDI_NY_GDP_PCAP_CD,SAU,_T,_T,_T,_Z,_Z,_Z,2019,A,USD,
1431.181289,P1Y,0,,A,PU,_Z,2,,,False,WB_WDI,WB_WDI_NY_GDP_PCAP_CD,SEN,_T,_T,_T,_Z,_Z,_Z,2019,A,USD,
7755.632986,P1Y,0,,A,PU,_Z,2,,,False,WB_WDI,WB_WDI_NY_GDP_PCAP_CD,SRB,_T,_T,_T,_Z,_Z,_Z,2019,A,USD,
19141.511874,P1Y,0,,A,PU,_Z,2,,,False,WB_WDI,WB_WDI_NY_GDP_PCAP_CD,SYC,_T,_T,_T,_Z,_Z,_Z,2019,A,USD,
843.712517,P1Y,0,,A,PU,_Z,2,,,False,WB_WDI,WB_WDI_NY_GDP_PCAP_CD,SLE,_T,_T,_T,_Z,_Z,_Z,2019,A,USD,
66068.700311,P1Y,0,,A,PU,_Z,2,,,False,WB_WDI,WB_WDI_NY_GDP_PCAP_CD,SGP,_T,_T,_T,_Z,_Z,_Z,2019,A,USD,
34861.469529,P1Y,0,,A,PU,_Z,2,,,False,WB_WDI,WB_WDI_NY_GDP_PCAP_CD,SXM,_T,_T,_T,_Z,_Z,_Z,2019,A,USD,
19406.058968,P1Y,0,,A,PU,_Z,2,,,False,WB_WDI,WB_WDI_NY_GDP_PCAP_CD,SVK,_T,_T,_T,_Z,_Z,_Z,2019,A,USD,
25814.168717,P1Y,0,,A,PU,_Z,2,,,False,WB_WDI,WB_WDI_NY_GDP_PCAP_CD,SVN,_T,_T,_T,_Z,_Z,_Z,2019,A,USD,
2223.658909,P1Y,0,,A,PU,_Z,2,,,False,WB_WDI,WB_WDI_NY_GDP_PCAP_CD,SLB,_T,_T,_T,_Z,_Z,_Z,2019,A,USD,
539.954816,P1Y,0,,A,PU,_Z,2,,,False,WB_WDI,WB_WDI_NY_GDP_PCAP_CD,SOM,_T,_T,_T,_Z,_Z,_Z,2019,A,USD,
6914.178032,P1Y,0,,A,PU,_Z,2,,,False,WB_WDI,WB_WDI_NY_GDP_PCAP_CD,ZAF,_T,_T,_T,_Z,_Z,_Z,2018,A,USD,
30602.421288,P1Y,0,,A,PU,_Z,2,,,False,WB_WDI,WB_WDI_NY_GDP_PCAP_CD,ESP,_T,_T,_T,_Z,_Z,_Z,2018,A,USD,
4358.560959,P1Y,0,,A,PU,_Z,2,,,False,WB_WDI,WB_WDI_NY_GDP_PCAP_CD,LKA,_T,_T,_T,_Z,_Z,_Z,2018,A,USD,
22901.38164,P1Y,0,,A,PU,_Z,2,,,False,WB_WDI,WB_WDI_NY_GDP_PCAP_CD,KNA,_T,_T,_T,_Z,_Z,_Z,2018,A,USD,
11642.698473,P1Y,0,,A,PU,_Z,2,,,False,WB_WDI,WB_WDI_NY_GDP_PCAP_CD,LCA,_T,_T,_T,_Z,_Z,_Z,2018,A,USD,
8428.126772,P1Y,0,,A,PU,_Z,2,,,False,WB_WDI,WB_WDI_NY_GDP_PCAP_CD,VCT,_T,_T,_T,_Z,_Z,_Z,2018,A,USD,
731.027466,P1Y,0,,A,PU,_Z,2,,,False,WB_WDI,WB_WDI_NY_GDP_PCAP_CD,SDN,_T,_T,_T,_Z,_Z,_Z,2018,A,USD,
6665.741805,P1Y,0,,A,PU,_Z,2,,,False,WB_WDI,WB_WDI_NY_GDP_PCAP_CD,SUR,_T,_T,_T,_Z,_Z,_Z,2018,A,USD,
54018.455439,P1Y,0,,A,PU,_Z,2,,,False,WB_WDI,WB_WDI_NY_GDP_PCAP_CD,SWE,_T,_T,_T,_Z,_Z,_Z,2018,A,USD,
87002.338229,P1Y,0,,A,PU,_Z,2,,,False,WB_WDI,WB_WDI_NY_GDP_PCAP_CD,CHE,_T,_T,_T,_Z,_Z,_Z,2018,A,USD,
22320.488896,P1Y,0,,A,PU,_Z,2,,,False,WB_WDI,WB_WDI_NY_GDP_PCAP_CD,SAU,_T,_T,_T,_Z,_Z,_Z,2008,A,USD,
1398.79218,P1Y,0,,A,PU,_Z,2,,,False,WB_WDI,WB_WDI_NY_GDP_PCAP_CD,SEN,_T,_T,_T,_Z,_Z,_Z,2008,A,USD,
7376.735179,P1Y,0,,A,PU,_Z,2,,,False,WB_WDI,WB_WDI_NY_GDP_PCAP_CD,SRB,_T,_T,_T,_Z,_Z,_Z,2008,A,USD,
11265.437627,P1Y,0,,A,PU,_Z,2,,,False,WB_WDI,WB_WDI_NY_GDP_PCAP_CD,SYC,_T,_T,_T,_Z,_Z,_Z,2008,A,USD,
705.359014,P1Y,0,,A,PU,_Z,2,,,False,WB_WDI,WB_WDI_NY_GDP_PCAP_CD,SLE,_T,_T,_T,_Z,_Z,_Z,2008,A,USD,
40008.572049,P1Y,0,,A,PU,_Z,2,,,False,WB_WDI,WB_WDI_NY_GDP_PCAP_CD,SGP,_T,_T,_T,_Z,_Z,_Z,2008,A,USD,
17973.843644,P1Y,0,,A,PU,_Z,2,,,False,WB_WDI,WB_WDI_NY_GDP_PCAP_CD,SVK,_T,_T,_T,_Z,_Z,_Z,2008,A,USD,
27461.976417,P1Y,0,,A,PU,_Z,2,,,False,WB_WDI,WB_WDI_NY_GDP_PCAP_CD,SVN,_T,_T,_T,_Z,_Z,_Z,2008,A,USD,
1525.846663,P1Y,0,,A,PU,_Z,2,,,False,WB_WDI,WB_WDI_NY_GDP_PCAP_CD,SLB,_T,_T,_T,_Z,_Z,_Z,2008,A,USD,
507.037443,P1Y,0,,A,PU,_Z,2,,,False,WB_WDI,WB_WDI_NY_GDP_PCAP_CD,SOM,_T,_T,_T,_Z,_Z,_Z,2008,A,USD,
6184.754743,P1Y,0,,A,PU,_Z,2,,,False,WB_WDI,WB_WDI_NY_GDP_PCAP_CD,ZAF,_T,_T,_T,_Z,_Z,_Z,2008,A,USD,
1654.211535,P1Y,0,,A,PU,_Z,2,,,False,WB_WDI,WB_WDI_NY_GDP_PCAP_CD,SSD,_T,_T,_T,_Z,_Z,_Z,2008,A,USD,
1630.869354,P1Y,0,,A,PU,_Z,2,,,False,WB_WDI,WB_WDI_NY_GDP_PCAP_CD,TLS,_T,_T,_T,_Z,_Z,_Z,2020,A,USD,
961.219781,P1Y,0,,A,PU,_Z,2,,,False,WB_WDI,WB_WDI_NY_GDP_PCAP_CD,TGO,_T,_T,_T,_Z,_Z,_Z,2020,A,USD,
4792.358724,P1Y,0,,A,PU,_Z,2,,,False,WB_WDI,WB_WDI_NY_GDP_PCAP_CD,TON,_T,_T,_T,_Z,_Z,_Z,2020,A,USD,
15283.627053,P1Y,0,,A,PU,_Z,2,,,False,WB_WDI,WB_WDI_NY_GDP_PCAP_CD,TTO,_T,_T,_T,_Z,_Z,_Z,2020,A,USD,
3548.653637,P1Y,0,,A,PU,_Z,2,,,False,WB_WDI,WB_WDI_NY_GDP_PCAP_CD,TUN,_T,_T,_T,_Z,_Z,_Z,2020,A,USD,
8798.117917,P1Y,0,,A,PU,_Z,2,,,False,WB_WDI,WB_WDI_NY_GDP_PCAP_CD,TUR,_T,_T,_T,_Z,_Z,_Z,2020,A,USD,
3935.377494,P1Y,0,,A,PU,_Z,2,,,False,WB_WDI,WB_WDI_NY_GDP_PCAP_CD,TKM,_T,_T,_T,_Z,_Z,_Z,2020,A,USD,
20690.916055,P1Y,0,,A,PU,_Z,2,,,False,WB_WDI,WB_WDI_NY_GDP_PCAP_CD,TCA,_T,_T,_T,_Z,_Z,_Z,2020,A,USD,
4976.112541,P1Y,0,,A,PU,_Z,2,,,False,WB_WDI,WB_WDI_NY_GDP_PCAP_CD,TUV,_T,_T,_T,_Z,_Z,_Z,2020,A,USD,
845.766464,P1Y,0,,A,PU,_Z,2,,,False,WB_WDI,WB_WDI_NY_GDP_PCAP_CD,UGA,_T,_T,_T,_Z,_Z,_Z,2020,A,USD,
3709.769287,P1Y,0,,A,PU,_Z,2,,,False,WB_WDI,WB_WDI_NY_GDP_PCAP_CD,UKR,_T,_T,_T,_Z,_Z,_Z,2020,A,USD,
37991.738388,P1Y,0,,A,PU,_Z,2,,,False,WB_WDI,WB_WDI_NY_GDP_PCAP_CD,ARE,_T,_T,_T,_Z,_Z,_Z,2020,A,USD,
483.08512,P1Y,0,,A,PU,_Z,2,,,False,WB_WDI,WB_WDI_NY_GDP_PCAP_CD,GIN,_T,_T,_T,_Z,_Z,_Z,2001,A,USD,
327.138432,P1Y,0,,A,PU,_Z,2,,,False,WB_WDI,WB_WDI_NY_GDP_PCAP_CD,GNB,_T,_T,_T,_Z,_Z,_Z,2001,A,USD,
931.574724,P1Y,0,,A,PU,_Z,2,,,False,WB_WDI,WB_WDI_NY_GDP_PCAP_CD,GUY,_T,_T,_T,_Z,_Z,_Z,2001,A,USD,
748.82116,P1Y,0,,A,PU,_Z,2,,,False,WB_WDI,WB_WDI_NY_GDP_PCAP_CD,HTI,_T,_T,_T,_Z,_Z,_Z,2001,A,USD,
1132.164875,P1Y,0,,A,PU,_Z,2,,,False,WB_WDI,WB_WDI_NY_GDP_PCAP_CD,HND,_T,_T,_T,_Z,_Z,_Z,2001,A,USD,
25230.378091,P1Y,0,,A,PU,_Z,2,,,False,WB_WDI,WB_WDI_NY_GDP_PCAP_CD,HKG,_T,_T,_T,_Z,_Z,_Z,2001,A,USD,
5280.94888,P1Y,0,,A,PU,_Z,2,,,False,WB_WDI,WB_WDI_NY_GDP_PCAP_CD,HUN,_T,_T,_T,_Z,_Z,_Z,2001,A,USD,
29208.198185,P1Y,0,,A,PU,_Z,2,,,False,WB_WDI,WB_WDI_NY_GDP_PCAP_CD,ISL,_T,_T,_T,_Z,_Z,_Z,2001,A,USD,
450.357901,P1Y,0,,A,PU,_Z,2,,,False,WB_WDI,WB_WDI_NY_GDP_PCAP_CD,IND,_T,_T,_T,_Z,_Z,_Z,2001,A,USD,
732.307093,P1Y,0,,A,PU,_Z,2,,,False,WB_WDI,WB_WDI_NY_GDP_PCAP_CD,IDN,_T,_T,_T,_Z,_Z,_Z,2001,A,USD,
1881.022666,P1Y,0,,A,PU,_Z,2,,,False,WB_WDI,WB_WDI_NY_GDP_PCAP_CD,IRN,_T,_T,_T,_Z,_Z,_Z,2001,A,USD,
1435.695684,P1Y,0,,A,PU,_Z,2,,,False,WB_WDI,WB_WDI_NY_GDP_PCAP_CD,IRQ,_T,_T,_T,_Z,_Z,_Z,2001,A,USD,
28282.409882,P1Y,0,,A,PU,_Z,2,,,False,WB_WDI,WB_WDI_NY_GDP_PCAP_CD,IRL,_T,_T,_T,_Z,_Z,_Z,2001,A,USD,
518.157067,P1Y,0,,A,PU,_Z,2,,,False,WB_WDI,WB_WDI_NY_GDP_PCAP_CD,GIN,_T,_T,_T,_Z,_Z,_Z,2000,A,USD,
316.945495,P1Y,0,,A,PU,_Z,2,,,False,WB_WDI,WB_WDI_NY_GDP_PCAP_CD,GNB,_T,_T,_T,_Z,_Z,_Z,2000,A,USD,
931.796652,P1Y,0,,A,PU,_Z,2,,,False,WB_WDI,WB_WDI_NY_GDP_PCAP_CD,GUY,_T,_T,_T,_Z,_Z,_Z,2000,A,USD,
820.600047,P1Y,0,,A,PU,_Z,2,,,False,WB_WDI,WB_WDI_NY_GDP_PCAP_CD,HTI,_T,_T,_T,_Z,_Z,_Z,2000,A,USD,
1092.564007,P1Y,0,,A,PU,_Z,2,,,False,WB_WDI,WB_WDI_NY_GDP_PCAP_CD,HND,_T,_T,_T,_Z,_Z,_Z,2000,A,USD,
25756.772872,P1Y,0,,A,PU,_Z,2,,,False,WB_WDI,WB_WDI_NY_GDP_PCAP_CD,HKG,_T,_T,_T,_Z,_Z,_Z,2000,A,USD,
4629.917608,P1Y,0,,A,PU,_Z,2,,,False,WB_WDI,WB_WDI_NY_GDP_PCAP_CD,HUN,_T,_T,_T,_Z,_Z,_Z,2000,A,USD,
32503.578963,P1Y,0,,A,PU,_Z,2,,,False,WB_WDI,WB_WDI_NY_GDP_PCAP_CD,ISL,_T,_T,_T,_Z,_Z,_Z,2000,A,USD,
442.750219,P1Y,0,,A,PU,_Z,2,,,False,WB_WDI,WB_WDI_NY_GDP_PCAP_CD,IND,_T,_T,_T,_Z,_Z,_Z,2000,A,USD,
763.711125,P1Y,0,,A,PU,_Z,2,,,False,WB_WDI,WB_WDI_NY_GDP_PCAP_CD,IDN,_T,_T,_T,_Z,_Z,_Z,2000,A,USD,
1650.013858,P1Y,0,,A,PU,_Z,2,,,False,WB_WDI,WB_WDI_NY_GDP_PCAP_CD,IRN,_T,_T,_T,_Z,_Z,_Z,2000,A,USD,
1980.18916,P1Y,0,,A,PU,_Z,2,,,False,WB_WDI,WB_WDI_NY_GDP_PCAP_CD,IRQ,_T,_T,_T,_Z,_Z,_Z,2000,A,USD,
50525.111931,P1Y,0,,A,PU,_Z,2,,,False,WB_WDI,WB_WDI_NY_GDP_PCAP_CD,HKG,_T,_T,_T,_Z,_Z,_Z,2023,A,USD,
22208.650982,P1Y,0,,A,PU,_Z,2,,,False,WB_WDI,WB_WDI_NY_GDP_PCAP_CD,HUN,_T,_T,_T,_Z,_Z,_Z,2023,A,USD,
82201.290852,P1Y,0,,A,PU,_Z,2,,,False,WB_WDI,WB_WDI_NY_GDP_PCAP_CD,ISL,_T,_T,_T,_Z,_Z,_Z,2023,A,USD,
2434.448263,P1Y,0,,A,PU,_Z,2,,,False,WB_WDI,WB_WDI_NY_GDP_PCAP_CD,IND,_T,_T,_T,_Z,_Z,_Z,2023,A,USD,
4876.299296,P1Y,0,,A,PU,_Z,2,,,False,WB_WDI,WB_WDI_NY_GDP_PCAP_CD,IDN,_T,_T,_T,_Z,_Z,_Z,2023,A,USD,
5049.299316,P1Y,0,,A,PU,_Z,2,,,False,WB_WDI,WB_WDI_NY_GDP_PCAP_CD,IRN,_T,_T,_T,_Z,_Z,_Z,2023,A,USD,
5965.318351,P1Y,0,,A,PU,_Z,2,,,False,WB_WDI,WB_WDI_NY_GDP_PCAP_CD,IRQ,_T,_T,_T,_Z,_Z,_Z,2023,A,USD,
106818.917131,P1Y,0,,A,PU,_Z,2,,,False,WB_WDI,WB_WDI_NY_GDP_PCAP_CD,IRL,_T,_T,_T,_Z,_Z,_Z,2023,A,USD,
90015.207423,P1Y,0,,A,PU,_Z,2,,,True,WB_WDI,WB_WDI_NY_GDP_PCAP_CD,IMN,_T,_T,_T,_Z,_Z,_Z,2023,A,USD,
52126.448928,P1Y,0,,A,PU,_Z,2,,,False,WB_WDI,WB_WDI_NY_GDP_PCAP_CD,ISR,_T,_T,_T,_Z,_Z,_Z,2023,A,USD,
39279.699782,P1Y,0,,A,PU,_Z,2,,,False,WB_WDI,WB_WDI_NY_GDP_PCAP_CD,ITA,_T,_T,_T,_Z,_Z,_Z,2023,A,USD,
7542.398558,P1Y,0,,A,PU,_Z,2,,,False,WB_WDI,WB_WDI_NY_GDP_PCAP_CD,JAM,_T,_T,_T,_Z,_Z,_Z,2023,A,USD,
35215.003535,P1Y,0,,A,PU,_Z,2,,,False,WB_WDI,WB_WDI_NY_GDP_PCAP_CD,JPN,_T,_T,_T,_Z,_Z,_Z,2023,A,USD,
4906.23543,P1Y,0,,A,PU,_Z,2,,,False,WB_WDI,WB_WDI_NY_GDP_PCAP_CD,JOR,_T,_T,_T,_Z,_Z,_Z,2023,A,USD,
4804.054604,P1Y,0,,A,PU,_Z,2,,,False,WB_WDI,WB_WDI_NY_GDP_PCAP_CD,GEO,_T,_T,_T,_Z,_Z,_Z,2018,A,USD,
48916.168661,P1Y,0,,A,PU,_Z,2,,,False,WB_WDI,WB_WDI_NY_GDP_PCAP_CD,DEU,_T,_T,_T,_Z,_Z,_Z,2018,A,USD,
2195.32166,P1Y,0,,A,PU,_Z,2,,,False,WB_WDI,WB_WDI_NY_GDP_PCAP_CD,GHA,_T,_T,_T,_Z,_Z,_Z,2018,A,USD,
19873.401524,P1Y,0,,A,PU,_Z,2,,,False,WB_WDI,WB_WDI_NY_GDP_PCAP_CD,GRC,_T,_T,_T,_Z,_Z,_Z,2018,A,USD,
54545.135858,P1Y,0,,A,PU,_Z,2,,,False,WB_WDI,WB_WDI_NY_GDP_PCAP_CD,GRL,_T,_T,_T,_Z,_Z,_Z,2018,A,USD,
10083.021279,P1Y,0,,A,PU,_Z,2,,,False,WB_WDI,WB_WDI_NY_GDP_PCAP_CD,GRD,_T,_T,_T,_Z,_Z,_Z,2018,A,USD,
37195.950307,P1Y,0,,A,PU,_Z,2,,,False,WB_WDI,WB_WDI_NY_GDP_PCAP_CD,GUM,_T,_T,_T,_Z,_Z,_Z,2018,A,USD,
4352.945933,P1Y,0,,A,PU,_Z,2,,,False,WB_WDI,WB_WDI_NY_GDP_PCAP_CD,GTM,_T,_T,_T,_Z,_Z,_Z,2018,A,USD,
933.273616,P1Y,0,,A,PU,_Z,2,,,False,WB_WDI,WB_WDI_NY_GDP_PCAP_CD,GIN,_T,_T,_T,_Z,_Z,_Z,2018,A,USD,
808.531613,P1Y,0,,A,PU,_Z,2,,,False,WB_WDI,WB_WDI_NY_GDP_PCAP_CD,GNB,_T,_T,_T,_Z,_Z,_Z,2018,A,USD,
6048.386972,P1Y,0,,A,PU,_Z,2,,,False,WB_WDI,WB_WDI_NY_GDP_PCAP_CD,GUY,_T,_T,_T,_Z,_Z,_Z,2018,A,USD,
1496.38049,P1Y,0,,A,PU,_Z,2,,,False,WB_WDI,WB_WDI_NY_GDP_PCAP_CD,HTI,_T,_T,_T,_Z,_Z,_Z,2018,A,USD,
30317.261177,P1Y,0,,A,PU,_Z,2,,,False,WB_WDI,WB_WDI_NY_GDP_PCAP_CD,MLT,_T,_T,_T,_Z,_Z,_Z,2017,A,USD,
4592.834576,P1Y,0,,A,PU,_Z,2,,,False,WB_WDI,WB_WDI_NY_GDP_PCAP_CD,MHL,_T,_T,_T,_Z,_Z,_Z,2017,A,USD,
1617.934015,P1Y,0,,A,PU,_Z,2,,,False,WB_WDI,WB_WDI_NY_GDP_PCAP_CD,MRT,_T,_T,_T,_Z,_Z,_Z,2017,A,USD,
10986.703409,P1Y,0,,A,PU,_Z,2,,,False,WB_WDI,WB_WDI_NY_GDP_PCAP_CD,MUS,_T,_T,_T,_Z,_Z,_Z,2017,A,USD,
9649.278167,P1Y,0,,A,PU,_Z,2,,,False,WB_WDI,WB_WDI_NY_GDP_PCAP_CD,MEX,_T,_T,_T,_Z,_Z,_Z,2017,A,USD,
3297.3758,P1Y,0,,A,PU,_Z,2,,,False,WB_WDI,WB_WDI_NY_GDP_PCAP_CD,FSM,_T,_T,_T,_Z,_Z,_Z,2017,A,USD,
3453.267277,P1Y,0,,A,PU,_Z,2,,,False,WB_WDI,WB_WDI_NY_GDP_PCAP_CD,MDA,_T,_T,_T,_Z,_Z,_Z,2017,A,USD,
170663.470051,P1Y,0,,A,PU,_Z,2,,,False,WB_WDI,WB_WDI_NY_GDP_PCAP_CD,MCO,_T,_T,_T,_Z,_Z,_Z,2017,A,USD,
3645.967087,P1Y,0,,A,PU,_Z,2,,,False,WB_WDI,WB_WDI_NY_GDP_PCAP_CD,MNG,_T,_T,_T,_Z,_Z,_Z,2017,A,USD,
7674.285657,P1Y,0,,A,PU,_Z,2,,,False,WB_WDI,WB_WDI_NY_GDP_PCAP_CD,MNE,_T,_T,_T,_Z,_Z,_Z,2017,A,USD,
3296.526611,P1Y,0,,A,PU,_Z,2,,,False,WB_WDI,WB_WDI_NY_GDP_PCAP_CD,MAR,_T,_T,_T,_Z,_Z,_Z,2017,A,USD,
31653.750654,P1Y,0,,A,PU,_Z,2,,,False,WB_WDI,WB_WDI_NY_GDP_PCAP_CD,GUM,_T,_T,_T,_Z,_Z,_Z,2012,A,USD,
3286.619593,P1Y,0,,A,PU,_Z,2,,,False,WB_WDI,WB_WDI_NY_GDP_PCAP_CD,GTM,_T,_T,_T,_Z,_Z,_Z,2012,A,USD,
699.353377,P1Y,0,,A,PU,_Z,2,,,False,WB_WDI,WB_WDI_NY_GDP_PCAP_CD,GIN,_T,_T,_T,_Z,_Z,_Z,2012,A,USD,
635.461653,P1Y,0,,A,PU,_Z,2,,,False,WB_WDI,WB_WDI_NY_GDP_PCAP_CD,GNB,_T,_T,_T,_Z,_Z,_Z,2012,A,USD,
5444.397519,P1Y,0,,A,PU,_Z,2,,,False,WB_WDI,WB_WDI_NY_GDP_PCAP_CD,GUY,_T,_T,_T,_Z,_Z,_Z,2012,A,USD,
1361.393966,P1Y,0,,A,PU,_Z,2,,,False,WB_WDI,WB_WDI_NY_GDP_PCAP_CD,HTI,_T,_T,_T,_Z,_Z,_Z,2012,A,USD,
2126.034747,P1Y,0,,A,PU,_Z,2,,,False,WB_WDI,WB_WDI_NY_GDP_PCAP_CD,HND,_T,_T,_T,_Z,_Z,_Z,2012,A,USD,
36730.796196,P1Y,0,,A,PU,_Z,2,,,False,WB_WDI,WB_WDI_NY_GDP_PCAP_CD,HKG,_T,_T,_T,_Z,_Z,_Z,2012,A,USD,
12950.159449,P1Y,0,,A,PU,_Z,2,,,False,WB_WDI,WB_WDI_NY_GDP_PCAP_CD,HUN,_T,_T,_T,_Z,_Z,_Z,2012,A,USD,
46594.986915,P1Y,0,,A,PU,_Z,2,,,False,WB_WDI,WB_WDI_NY_GDP_PCAP_CD,ISL,_T,_T,_T,_Z,_Z,_Z,2012,A,USD,
1429.321995,P1Y,0,,A,PU,_Z,2,,,False,WB_WDI,WB_WDI_NY_GDP_PCAP_CD,IND,_T,_T,_T,_Z,_Z,_Z,2012,A,USD,
41098.9739,P1Y,0,,A,PU,_Z,2,,,False,WB_WDI,WB_WDI_NY_GDP_PCAP_CD,JPN,_T,_T,_T,_Z,_Z,_Z,2020,A,USD,
4411.483218,P1Y,0,,A,PU,_Z,2,,,False,WB_WDI,WB_WDI_NY_GDP_PCAP_CD,JOR,_T,_T,_T,_Z,_Z,_Z,2020,A,USD,
8781.507978,P1Y,0,,A,PU,_Z,2,,,False,WB_WDI,WB_WDI_NY_GDP_PCAP_CD,KAZ,_T,_T,_T,_Z,_Z,_Z,2020,A,USD,
1927.66459,P1Y,0,,A,PU,_Z,2,,,False,WB_WDI,WB_WDI_NY_GDP_PCAP_CD,KEN,_T,_T,_T,_Z,_Z,_Z,2020,A,USD,
1751.871995,P1Y,0,,A,PU,_Z,2,,,False,WB_WDI,WB_WDI_NY_GDP_PCAP_CD,KIR,_T,_T,_T,_Z,_Z,_Z,2020,A,USD,
33645.771955,P1Y,0,,A,PU,_Z,2,,,False,WB_WDI,WB_WDI_NY_GDP_PCAP_CD,KOR,_T,_T,_T,_Z,_Z,_Z,2020,A,USD,
4320.583825,P1Y,0,,A,PU,_Z,2,,,False,WB_WDI,WB_WDI_NY_GDP_PCAP_CD,XKX,_T,_T,_T,_Z,_Z,_Z,2020,A,USD,
25236.075585,P1Y,0,,A,PU,_Z,2,,,False,WB_WDI,WB_WDI_NY_GDP_PCAP_CD,KWT,_T,_T,_T,_Z,_Z,_Z,2020,A,USD,
1229.517666,P1Y,0,,A,PU,_Z,2,,,False,WB_WDI,WB_WDI_NY_GDP_PCAP_CD,KGZ,_T,_T,_T,_Z,_Z,_Z,2020,A,USD,
2583.777307,P1Y,0,,A,PU,_Z,2,,,False,WB_WDI,WB_WDI_NY_GDP_PCAP_CD,LAO,_T,_T,_T,_Z,_Z,_Z,2020,A,USD,
17564.232155,P1Y,0,,A,PU,_Z,2,,,False,WB_WDI,WB_WDI_NY_GDP_PCAP_CD,LVA,_T,_T,_T,_Z,_Z,_Z,2020,A,USD,
17563.614537,P1Y,0,,A,PU,_Z,2,,,False,WB_WDI,WB_WDI_NY_GDP_PCAP_CD,SAU,_T,_T,_T,_Z,_Z,_Z,2006,A,USD,
1017.201967,P1Y,0,,A,PU,_Z,2,,,False,WB_WDI,WB_WDI_NY_GDP_PCAP_CD,SEN,_T,_T,_T,_Z,_Z,_Z,2006,A,USD,
4492.71367,P1Y,0,,A,PU,_Z,2,,,False,WB_WDI,WB_WDI_NY_GDP_PCAP_CD,SRB,_T,_T,_T,_Z,_Z,_Z,2006,A,USD,
12782.993893,P1Y,0,,A,PU,_Z,2,,,False,WB_WDI,WB_WDI_NY_GDP_PCAP_CD,SYC,_T,_T,_T,_Z,_Z,_Z,2006,A,USD,
580.26797,P1Y,0,,A,PU,_Z,2,,,False,WB_WDI,WB_WDI_NY_GDP_PCAP_CD,SLE,_T,_T,_T,_Z,_Z,_Z,2006,A,USD,
33768.452823,P1Y,0,,A,PU,_Z,2,,,False,WB_WDI,WB_WDI_NY_GDP_PCAP_CD,SGP,_T,_T,_T,_Z,_Z,_Z,2006,A,USD,
10629.178233,P1Y,0,,A,PU,_Z,2,,,False,WB_WDI,WB_WDI_NY_GDP_PCAP_CD,SVK,_T,_T,_T,_Z,_Z,_Z,2006,A,USD,
19563.005059,P1Y,0,,A,PU,_Z,2,,,False,WB_WDI,WB_WDI_NY_GDP_PCAP_CD,SVN,_T,_T,_T,_Z,_Z,_Z,2006,A,USD,
1255.624474,P1Y,0,,A,PU,_Z,2,,,False,WB_WDI,WB_WDI_NY_GDP_PCAP_CD,SLB,_T,_T,_T,_Z,_Z,_Z,2006,A,USD,
457.996662,P1Y,0,,A,PU,_Z,2,,,False,WB_WDI,WB_WDI_NY_GDP_PCAP_CD,SOM,_T,_T,_T,_Z,_Z,_Z,2006,A,USD,
6077.382934,P1Y,0,,A,PU,_Z,2,,,False,WB_WDI,WB_WDI_NY_GDP_PCAP_CD,ZAF,_T,_T,_T,_Z,_Z,_Z,2006,A,USD,
28421.686527,P1Y,0,,A,PU,_Z,2,,,False,WB_WDI,WB_WDI_NY_GDP_PCAP_CD,ESP,_T,_T,_T,_Z,_Z,_Z,2006,A,USD,
48473.024009,P1Y,0,,A,PU,_Z,2,,,False,WB_WDI,WB_WDI_NY_GDP_PCAP_CD,FIN,_T,_T,_T,_Z,_Z,_Z,2007,A,USD,
41486.190783,P1Y,0,,A,PU,_Z,2,,,False,WB_WDI,WB_WDI_NY_GDP_PCAP_CD,FRA,_T,_T,_T,_Z,_Z,_Z,2007,A,USD,
24888.178134,P1Y,0,,A,PU,_Z,2,,,False,WB_WDI,WB_WDI_NY_GDP_PCAP_CD,PYF,_T,_T,_T,_Z,_Z,_Z,2007,A,USD,
8003.542897,P1Y,0,,A,PU,_Z,2,,,False,WB_WDI,WB_WDI_NY_GDP_PCAP_CD,GAB,_T,_T,_T,_Z,_Z,_Z,2007,A,USD,
724.726407,P1Y,0,,A,PU,_Z,2,,,False,WB_WDI,WB_WDI_NY_GDP_PCAP_CD,GMB,_T,_T,_T,_Z,_Z,_Z,2007,A,USD,
2635.366503,P1Y,0,,A,PU,_Z,2,,,False,WB_WDI,WB_WDI_NY_GDP_PCAP_CD,GEO,_T,_T,_T,_Z,_Z,_Z,2007,A,USD,
42350.921721,P1Y,0,,A,PU,_Z,2,,,False,WB_WDI,WB_WDI_NY_GDP_PCAP_CD,DEU,_T,_T,_T,_Z,_Z,_Z,2007,A,USD,
1050.124615,P1Y,0,,A,PU,_Z,2,,,False,WB_WDI,WB_WDI_NY_GDP_PCAP_CD,GHA,_T,_T,_T,_Z,_Z,_Z,2007,A,USD,
28440.762533,P1Y,0,,A,PU,_Z,2,,,False,WB_WDI,WB_WDI_NY_GDP_PCAP_CD,GRC,_T,_T,_T,_Z,_Z,_Z,2007,A,USD,
39780.944137,P1Y,0,,A,PU,_Z,2,,,False,WB_WDI,WB_WDI_NY_GDP_PCAP_CD,GRL,_T,_T,_T,_Z,_Z,_Z,2007,A,USD,
6864.548168,P1Y,0,,A,PU,_Z,2,,,False,WB_WDI,WB_WDI_NY_GDP_PCAP_CD,GRD,_T,_T,_T,_Z,_Z,_Z,2007,A,USD,
26605.432421,P1Y,0,,A,PU,_Z,2,,,False,WB_WDI,WB_WDI_NY_GDP_PCAP_CD,GUM,_T,_T,_T,_Z,_Z,_Z,2007,A,USD,
2458.815739,P1Y,0,,A,PU,_Z,2,,,False,WB_WDI,WB_WDI_NY_GDP_PCAP_CD,GTM,_T,_T,_T,_Z,_Z,_Z,2007,A,USD,
3362.322079,P1Y,0,,A,PU,_Z,2,,,False,WB_WDI,WB_WDI_NY_GDP_PCAP_CD,EAR,_T,_T,_T,_Z,_Z,_Z,2012,A,USD,
9534.444915,P1Y,0,,A,PU,_Z,2,,,False,WB_WDI,WB_WDI_NY_GDP_PCAP_CD,EAS,_T,_T,_T,_Z,_Z,_Z,2012,A,USD,
5434.825851,P1Y,0,,A,PU,_Z,2,,,False,WB_WDI,WB_WDI_NY_GDP_PCAP_CD,EAP,_T,_T,_T,_Z,_Z,_Z,2012,A,USD,
5497.155412,P1Y,0,,A,PU,_Z,2,,,False,WB_WDI,WB_WDI_NY_GDP_PCAP_CD,TEA,_T,_T,_T,_Z,_Z,_Z,2012,A,USD,
36851.335574,P1Y,0,,A,PU,_Z,2,,,False,WB_WDI,WB_WDI_NY_GDP_PCAP_CD,EMU,_T,_T,_T,_Z,_Z,_Z,2012,A,USD,
25199.978566,P1Y,0,,A,PU,_Z,2,,,False,WB_WDI,WB_WDI_NY_GDP_PCAP_CD,ECS,_T,_T,_T,_Z,_Z,_Z,2012,A,USD,
7126.813595,P1Y,0,,A,PU,_Z,2,,,False,WB_WDI,WB_WDI_NY_GDP_PCAP_CD,ECA,_T,_T,_T,_Z,_Z,_Z,2012,A,USD,
10435.808623,P1Y,0,,A,PU,_Z,2,,,False,WB_WDI,WB_WDI_NY_GDP_PCAP_CD,TEC,_T,_T,_T,_Z,_Z,_Z,2012,A,USD,
33324.775849,P1Y,0,,A,PU,_Z,2,,,False,WB_WDI,WB_WDI_NY_GDP_PCAP_CD,EUU,_T,_T,_T,_Z,_Z,_Z,2012,A,USD,
881.636176,P1Y,0,,A,PU,_Z,2,,,False,WB_WDI,WB_WDI_NY_GDP_PCAP_CD,HPC,_T,_T,_T,_Z,_Z,_Z,2012,A,USD,
38756.759286,P1Y,0,,A,PU,_Z,2,,,False,WB_WDI,WB_WDI_NY_GDP_PCAP_CD,HIC,_T,_T,_T,_Z,_Z,_Z,2012,A,USD,
5618.138118,P1Y,0,,A,PU,_Z,2,,,False,WB_WDI,WB_WDI_NY_GDP_PCAP_CD,IBD,_T,_T,_T,_Z,_Z,_Z,2012,A,USD,
4533.146347,P1Y,0,,A,PU,_Z,2,,,False,WB_WDI,WB_WDI_NY_GDP_PCAP_CD,IBT,_T,_T,_T,_Z,_Z,_Z,2012,A,USD,
5370.477235,P1Y,0,,A,PU,_Z,2,,,False,WB_WDI,WB_WDI_NY_GDP_PCAP_CD,DZA,_T,_T,_T,_Z,_Z,_Z,2023,A,USD,
46812.44845,P1Y,0,,A,PU,_Z,2,,,False,WB_WDI,WB_WDI_NY_GDP_PCAP_CD,AND,_T,_T,_T,_Z,_Z,_Z,2023,A,USD,
2885.513491,P1Y,0,,A,PU,_Z,2,,,False,WB_WDI,WB_WDI_NY_GDP_PCAP_CD,AGO,_T,_T,_T,_Z,_Z,_Z,2023,A,USD,
22012.262595,P1Y,0,,A,PU,_Z,2,,,False,WB_WDI,WB_WDI_NY_GDP_PCAP_CD,ATG,_T,_T,_T,_Z,_Z,_Z,2023,A,USD,
14261.846567,P1Y,0,,A,PU,_Z,2,,,False,WB_WDI,WB_WDI_NY_GDP_PCAP_CD,ARG,_T,_T,_T,_Z,_Z,_Z,2023,A,USD,
8159.08721,P1Y,0,,A,PU,_Z,2,,,False,WB_WDI,WB_WDI_NY_GDP_PCAP_CD,ARM,_T,_T,_T,_Z,_Z,_Z,2023,A,USD,
34897.618393,P1Y,0,,A,PU,_Z,2,,,False,WB_WDI,WB_WDI_NY_GDP_PCAP_CD,ABW,_T,_T,_T,_Z,_Z,_Z,2023,A,USD,
65058.377315,P1Y,0,,A,PU,_Z,2,,,False,WB_WDI,WB_WDI_NY_GDP_PCAP_CD,AUS,_T,_T,_T,_Z,_Z,_Z,2023,A,USD,
56579.504175,P1Y,0,,A,PU,_Z,2,,,False,WB_WDI,WB_WDI_NY_GDP_PCAP_CD,AUT,_T,_T,_T,_Z,_Z,_Z,2023,A,USD,
7133.02838,P1Y,0,,A,PU,_Z,2,,,False,WB_WDI,WB_WDI_NY_GDP_PCAP_CD,AZE,_T,_T,_T,_Z,_Z,_Z,2023,A,USD,
38231.774484,P1Y,0,,A,PU,_Z,2,,,False,WB_WDI,WB_WDI_NY_GDP_PCAP_CD,BHS,_T,_T,_T,_Z,_Z,_Z,2023,A,USD,
29290.128422,P1Y,0,,A,PU,_Z,2,,,False,WB_WDI,WB_WDI_NY_GDP_PCAP_CD,BHR,_T,_T,_T,_Z,_Z,_Z,2023,A,USD,
2551.017738,P1Y,0,,A,PU,_Z,2,,,False,WB_WDI,WB_WDI_NY_GDP_PCAP_CD,BGD,_T,_T,_T,_Z,_Z,_Z,2023,A,USD,
30886.050095,P1Y,0,,A,PU,_Z,2,,,False,WB_WDI,WB_WDI_NY_GDP_PCAP_CD,AUS,_T,_T,_T,_Z,_Z,_Z,2004,A,USD,
36614.250653,P1Y,0,,A,PU,_Z,2,,,False,WB_WDI,WB_WDI_NY_GDP_PCAP_CD,AUT,_T,_T,_T,_Z,_Z,_Z,2004,A,USD,
1045.013633,P1Y,0,,A,PU,_Z,2,,,False,WB_WDI,WB_WDI_NY_GDP_PCAP_CD,AZE,_T,_T,_T,_Z,_Z,_Z,2004,A,USD,
26650.293423,P1Y,0,,A,PU,_Z,2,,,False,WB_WDI,WB_WDI_NY_GDP_PCAP_CD,BHS,_T,_T,_T,_Z,_Z,_Z,2004,A,USD,
15963.949317,P1Y,0,,A,PU,_Z,2,,,False,WB_WDI,WB_WDI_NY_GDP_PCAP_CD,BHR,_T,_T,_T,_Z,_Z,_Z,2004,A,USD,
455.614017,P1Y,0,,A,PU,_Z,2,,,False,WB_WDI,WB_WDI_NY_GDP_PCAP_CD,BGD,_T,_T,_T,_Z,_Z,_Z,2004,A,USD,
12886.366527,P1Y,0,,A,PU,_Z,2,,,False,WB_WDI,WB_WDI_NY_GDP_PCAP_CD,BRB,_T,_T,_T,_Z,_Z,_Z,2004,A,USD,
2378.337005,P1Y,0,,A,PU,_Z,2,,,False,WB_WDI,WB_WDI_NY_GDP_PCAP_CD,BLR,_T,_T,_T,_Z,_Z,_Z,2004,A,USD,
35429.407793,P1Y,0,,A,PU,_Z,2,,,False,WB_WDI,WB_WDI_NY_GDP_PCAP_CD,BEL,_T,_T,_T,_Z,_Z,_Z,2004,A,USD,
5153.713083,P1Y,0,,A,PU,_Z,2,,,False,WB_WDI,WB_WDI_NY_GDP_PCAP_CD,BLZ,_T,_T,_T,_Z,_Z,_Z,2004,A,USD,
758.695804,P1Y,0,,A,PU,_Z,2,,,False,WB_WDI,WB_WDI_NY_GDP_PCAP_CD,BEN,_T,_T,_T,_Z,_Z,_Z,2004,A,USD,
71692.1589,P1Y,0,,A,PU,_Z,2,,,False,WB_WDI,WB_WDI_NY_GDP_PCAP_CD,BMU,_T,_T,_T,_Z,_Z,_Z,2004,A,USD,
50054.170069,P1Y,0,,A,PU,_Z,2,,,False,WB_WDI,WB_WDI_NY_GDP_PCAP_CD,ARE,_T,_T,_T,_Z,_Z,_Z,2008,A,USD,
47652.403069,P1Y,0,,A,PU,_Z,2,,,False,WB_WDI,WB_WDI_NY_GDP_PCAP_CD,GBR,_T,_T,_T,_Z,_Z,_Z,2008,A,USD,
48570.059427,P1Y,0,,A,PU,_Z,2,,,False,WB_WDI,WB_WDI_NY_GDP_PCAP_CD,USA,_T,_T,_T,_Z,_Z,_Z,2008,A,USD,
9423.965626,P1Y,0,,A,PU,_Z,2,,,False,WB_WDI,WB_WDI_NY_GDP_PCAP_CD,URY,_T,_T,_T,_Z,_Z,_Z,2008,A,USD,
1074.729288,P1Y,0,,A,PU,_Z,2,,,False,WB_WDI,WB_WDI_NY_GDP_PCAP_CD,UZB,_T,_T,_T,_Z,_Z,_Z,2008,A,USD,
2603.608831,P1Y,0,,A,PU,_Z,2,,,False,WB_WDI,WB_WDI_NY_GDP_PCAP_CD,VUT,_T,_T,_T,_Z,_Z,_Z,2008,A,USD,
11262.451426,P1Y,0,,A,PU,_Z,2,,,False,WB_WDI,WB_WDI_NY_GDP_PCAP_CD,VEN,_T,_T,_T,_Z,_Z,_Z,2008,A,USD,
1163.831958,P1Y,0,,A,PU,_Z,2,,,False,WB_WDI,WB_WDI_NY_GDP_PCAP_CD,VNM,_T,_T,_T,_Z,_Z,_Z,2008,A,USD,
39152.375066,P1Y,0,,A,PU,_Z,2,,,False,WB_WDI,WB_WDI_NY_GDP_PCAP_CD,VIR,_T,_T,_T,_Z,_Z,_Z,2008,A,USD,
2035.202341,P1Y,0,,A,PU,_Z,2,,,False,WB_WDI,WB_WDI_NY_GDP_PCAP_CD,PSE,_T,_T,_T,_Z,_Z,_Z,2008,A,USD,
1071.635833,P1Y,0,,A,PU,_Z,2,,,False,WB_WDI,WB_WDI_NY_GDP_PCAP_CD,YEM,_T,_T,_T,_Z,_Z,_Z,2008,A,USD,
1375.50211,P1Y,0,,A,PU,_Z,2,,,False,WB_WDI,WB_WDI_NY_GDP_PCAP_CD,ZMB,_T,_T,_T,_Z,_Z,_Z,2008,A,USD,
340.917448,P1Y,0,,A,PU,_Z,2,,,False,WB_WDI,WB_WDI_NY_GDP_PCAP_CD,ZWE,_T,_T,_T,_Z,_Z,_Z,2008,A,USD,
5488.02785,P1Y,0,,A,PU,_Z,2,,,False,WB_WDI,WB_WDI_NY_GDP_PCAP_CD,DMA,_T,_T,_T,_Z,_Z,_Z,2002,A,USD,
3065.603295,P1Y,0,,A,PU,_Z,2,,,False,WB_WDI,WB_WDI_NY_GDP_PCAP_CD,DOM,_T,_T,_T,_Z,_Z,_Z,2002,A,USD,
2059.158554,P1Y,0,,A,PU,_Z,2,,,False,WB_WDI,WB_WDI_NY_GDP_PCAP_CD,ECU,_T,_T,_T,_Z,_Z,_Z,2002,A,USD,
1116.828846,P1Y,0,,A,PU,_Z,2,,,False,WB_WDI,WB_WDI_NY_GDP_PCAP_CD,EGY,_T,_T,_T,_Z,_Z,_Z,2002,A,USD,
2115.411874,P1Y,0,,A,PU,_Z,2,,,False,WB_WDI,WB_WDI_NY_GDP_PCAP_CD,SLV,_T,_T,_T,_Z,_Z,_Z,2002,A,USD,
2264.210656,P1Y,0,,A,PU,_Z,2,,,False,WB_WDI,WB_WDI_NY_GDP_PCAP_CD,GNQ,_T,_T,_T,_Z,_Z,_Z,2002,A,USD,
304.775756,P1Y,0,,A,PU,_Z,2,,,False,WB_WDI,WB_WDI_NY_GDP_PCAP_CD,ERI,_T,_T,_T,_Z,_Z,_Z,2002,A,USD,
5343.183108,P1Y,0,,A,PU,_Z,2,,,False,WB_WDI,WB_WDI_NY_GDP_PCAP_CD,EST,_T,_T,_T,_Z,_Z,_Z,2002,A,USD,
1315.736346,P1Y,0,,A,PU,_Z,2,,,False,WB_WDI,WB_WDI_NY_GDP_PCAP_CD,SWZ,_T,_T,_T,_Z,_Z,_Z,2002,A,USD,
109.593814,P1Y,0,,A,PU,_Z,2,,,False,WB_WDI,WB_WDI_NY_GDP_PCAP_CD,ETH,_T,_T,_T,_Z,_Z,_Z,2002,A,USD,
26937.65056,P1Y,0,,A,PU,_Z,2,,,False,WB_WDI,WB_WDI_NY_GDP_PCAP_CD,FRO,_T,_T,_T,_Z,_Z,_Z,2002,A,USD,
2136.567941,P1Y,0,,A,PU,_Z,2,,,False,WB_WDI,WB_WDI_NY_GDP_PCAP_CD,FJI,_T,_T,_T,_Z,_Z,_Z,2002,A,USD,
26989.389261,P1Y,0,,A,PU,_Z,2,,,False,WB_WDI,WB_WDI_NY_GDP_PCAP_CD,FIN,_T,_T,_T,_Z,_Z,_Z,2002,A,USD,
1062.586893,P1Y,0,,A,PU,_Z,2,,,False,WB_WDI,WB_WDI_NY_GDP_PCAP_CD,HPC,_T,_T,_T,_Z,_Z,_Z,2021,A,USD,
45545.947468,P1Y,0,,A,PU,_Z,2,,,False,WB_WDI,WB_WDI_NY_GDP_PCAP_CD,HIC,_T,_T,_T,_Z,_Z,_Z,2021,A,USD,
7312.405905,P1Y,0,,A,PU,_Z,2,,,False,WB_WDI,WB_WDI_NY_GDP_PCAP_CD,IBD,_T,_T,_T,_Z,_Z,_Z,2021,A,USD,
5754.179901,P1Y,0,,A,PU,_Z,2,,,False,WB_WDI,WB_WDI_NY_GDP_PCAP_CD,IBT,_T,_T,_T,_Z,_Z,_Z,2021,A,USD,
2148.316286,P1Y,0,,A,PU,_Z,2,,,False,WB_WDI,WB_WDI_NY_GDP_PCAP_CD,IDB,_T,_T,_T,_Z,_Z,_Z,2021,A,USD,
1257.78054,P1Y,0,,A,PU,_Z,2,,,False,WB_WDI,WB_WDI_NY_GDP_PCAP_CD,IDX,_T,_T,_T,_Z,_Z,_Z,2021,A,USD,
1569.430318,P1Y,0,,A,PU,_Z,2,,,False,WB_WDI,WB_WDI_NY_GDP_PCAP_CD,IDA,_T,_T,_T,_Z,_Z,_Z,2021,A,USD,
11760.089716,P1Y,0,,A,PU,_Z,2,,,False,WB_WDI,WB_WDI_NY_GDP_PCAP_CD,LTE,_T,_T,_T,_Z,_Z,_Z,2021,A,USD,
8292.152102,P1Y,0,,A,PU,_Z,2,,,False,WB_WDI,WB_WDI_NY_GDP_PCAP_CD,LCN,_T,_T,_T,_Z,_Z,_Z,2021,A,USD,
7694.611369,P1Y,0,,A,PU,_Z,2,,,False,WB_WDI,WB_WDI_NY_GDP_PCAP_CD,LAC,_T,_T,_T,_Z,_Z,_Z,2021,A,USD,
8076.87634,P1Y,0,,A,PU,_Z,2,,,False,WB_WDI,WB_WDI_NY_GDP_PCAP_CD,TLA,_T,_T,_T,_Z,_Z,_Z,2021,A,USD,
1175.423214,P1Y,0,,A,PU,_Z,2,,,False,WB_WDI,WB_WDI_NY_GDP_PCAP_CD,LDC,_T,_T,_T,_Z,_Z,_Z,2021,A,USD,
5422.11312,P1Y,0,,A,PU,_Z,2,,,False,WB_WDI,WB_WDI_NY_GDP_PCAP_CD,LMY,_T,_T,_T,_Z,_Z,_Z,2021,A,USD,
694.08788,P1Y,0,,A,PU,_Z,2,,,False,WB_WDI,WB_WDI_NY_GDP_PCAP_CD,LIC,_T,_T,_T,_Z,_Z,_Z,2021,A,USD,
10698.969941,P1Y,0,,A,PU,_Z,2,,,False,WB_WDI,WB_WDI_NY_GDP_PCAP_CD,TUR,_T,_T,_T,_Z,_Z,_Z,2010,A,USD,
4058.53937,P1Y,0,,A,PU,_Z,2,,,False,WB_WDI,WB_WDI_NY_GDP_PCAP_CD,TKM,_T,_T,_T,_Z,_Z,_Z,2010,A,USD,
23093.849827,P1Y,0,,A,PU,_Z,2,,,False,WB_WDI,WB_WDI_NY_GDP_PCAP_CD,TCA,_T,_T,_T,_Z,_Z,_Z,2010,A,USD,
3024.817079,P1Y,0,,A,PU,_Z,2,,,False,WB_WDI,WB_WDI_NY_GDP_PCAP_CD,TUV,_T,_T,_T,_Z,_Z,_Z,2010,A,USD,
823.488144,P1Y,0,,A,PU,_Z,2,,,False,WB_WDI,WB_WDI_NY_GDP_PCAP_CD,UGA,_T,_T,_T,_Z,_Z,_Z,2010,A,USD,
3039.632324,P1Y,0,,A,PU,_Z,2,,,False,WB_WDI,WB_WDI_NY_GDP_PCAP_CD,UKR,_T,_T,_T,_Z,_Z,_Z,2010,A,USD,
44795.284623,P1Y,0,,A,PU,_Z,2,,,False,WB_WDI,WB_WDI_NY_GDP_PCAP_CD,ARE,_T,_T,_T,_Z,_Z,_Z,2010,A,USD,
39778.322053,P1Y,0,,A,PU,_Z,2,,,False,WB_WDI,WB_WDI_NY_GDP_PCAP_CD,GBR,_T,_T,_T,_Z,_Z,_Z,2010,A,USD,
48642.631209,P1Y,0,,A,PU,_Z,2,,,False,WB_WDI,WB_WDI_NY_GDP_PCAP_CD,USA,_T,_T,_T,_Z,_Z,_Z,2010,A,USD,
12641.057685,P1Y,0,,A,PU,_Z,2,,,False,WB_WDI,WB_WDI_NY_GDP_PCAP_CD,URY,_T,_T,_T,_Z,_Z,_Z,2010,A,USD,
1956.781273,P1Y,0,,A,PU,_Z,2,,,False,WB_WDI,WB_WDI_NY_GDP_PCAP_CD,UZB,_T,_T,_T,_Z,_Z,_Z,2010,A,USD,
463.662781,P1Y,0,,A,PU,_Z,2,,,False,WB_WDI,WB_WDI_NY_GDP_PCAP_CD,KEN,_T,_T,_T,_Z,_Z,_Z,2004,A,USD,
1083.268899,P1Y,0,,A,PU,_Z,2,,,False,WB_WDI,WB_WDI_NY_GDP_PCAP_CD,KIR,_T,_T,_T,_Z,_Z,_Z,2004,A,USD,
17121.630163,P1Y,0,,A,PU,_Z,2,,,False,WB_WDI,WB_WDI_NY_GDP_PCAP_CD,KOR,_T,_T,_T,_Z,_Z,_Z,2004,A,USD,
27552.28274,P1Y,0,,A,PU,_Z,2,,,False,WB_WDI,WB_WDI_NY_GDP_PCAP_CD,KWT,_T,_T,_T,_Z,_Z,_Z,2004,A,USD,
433.233873,P1Y,0,,A,PU,_Z,2,,,False,WB_WDI,WB_WDI_NY_GDP_PCAP_CD,KGZ,_T,_T,_T,_Z,_Z,_Z,2004,A,USD,
409.296298,P1Y,0,,A,PU,_Z,2,,,False,WB_WDI,WB_WDI_NY_GDP_PCAP_CD,LAO,_T,_T,_T,_Z,_Z,_Z,2004,A,USD,
6109.732652,P1Y,0,,A,PU,_Z,2,,,False,WB_WDI,WB_WDI_NY_GDP_PCAP_CD,LVA,_T,_T,_T,_Z,_Z,_Z,2004,A,USD,
4600.683714,P1Y,0,,A,PU,_Z,2,,,False,WB_WDI,WB_WDI_NY_GDP_PCAP_CD,LBN,_T,_T,_T,_Z,_Z,_Z,2004,A,USD,
766.685821,P1Y,0,,A,PU,_Z,2,,,False,WB_WDI,WB_WDI_NY_GDP_PCAP_CD,LSO,_T,_T,_T,_Z,_Z,_Z,2004,A,USD,
284.140224,P1Y,0,,A,PU,_Z,2,,,False,WB_WDI,WB_WDI_NY_GDP_PCAP_CD,LBR,_T,_T,_T,_Z,_Z,_Z,2004,A,USD,
5773.763332,P1Y,0,,A,PU,_Z,2,,,False,WB_WDI,WB_WDI_NY_GDP_PCAP_CD,LBY,_T,_T,_T,_Z,_Z,_Z,2004,A,USD,
576.927536,P1Y,0,,A,PU,_Z,2,,,False,WB_WDI,WB_WDI_NY_GDP_PCAP_CD,NER,_T,_T,_T,_Z,_Z,_Z,2018,A,USD,
2057.879446,P1Y,0,,A,PU,_Z,2,,,False,WB_WDI,WB_WDI_NY_GDP_PCAP_CD,NGA,_T,_T,_T,_Z,_Z,_Z,2018,A,USD,
6713.989254,P1Y,0,,A,PU,_Z,2,,,False,WB_WDI,WB_WDI_NY_GDP_PCAP_CD,MKD,_T,_T,_T,_Z,_Z,_Z,2018,A,USD,
26509.362838,P1Y,0,,A,PU,_Z,2,,,False,WB_WDI,WB_WDI_NY_GDP_PCAP_CD,MNP,_T,_T,_T,_Z,_Z,_Z,2018,A,USD,
85579.077646,P1Y,0,,A,PU,_Z,2,,,False,WB_WDI,WB_WDI_NY_GDP_PCAP_CD,NOR,_T,_T,_T,_Z,_Z,_Z,2018,A,USD,
19901.761564,P1Y,0,,A,PU,_Z,2,,,False,WB_WDI,WB_WDI_NY_GDP_PCAP_CD,OMN,_T,_T,_T,_Z,_Z,_Z,2018,A,USD,
1569.338146,P1Y,0,,A,PU,_Z,2,,,False,WB_WDI,WB_WDI_NY_GDP_PCAP_CD,PAK,_T,_T,_T,_Z,_Z,_Z,2018,A,USD,
16179.877835,P1Y,0,,A,PU,_Z,2,,,False,WB_WDI,WB_WDI_NY_GDP_PCAP_CD,PLW,_T,_T,_T,_Z,_Z,_Z,2018,A,USD,
16151.327348,P1Y,0,,A,PU,_Z,2,,,False,WB_WDI,WB_WDI_NY_GDP_PCAP_CD,PAN,_T,_T,_T,_Z,_Z,_Z,2018,A,USD,
2566.368337,P1Y,0,,A,PU,_Z,2,,,False,WB_WDI,WB_WDI_NY_GDP_PCAP_CD,PNG,_T,_T,_T,_Z,_Z,_Z,2018,A,USD,
6258.449916,P1Y,0,,A,PU,_Z,2,,,False,WB_WDI,WB_WDI_NY_GDP_PCAP_CD,PRY,_T,_T,_T,_Z,_Z,_Z,2018,A,USD,
1289.736311,P1Y,0,,A,PU,_Z,2,,,False,WB_WDI,WB_WDI_NY_GDP_PCAP_CD,COM,_T,_T,_T,_Z,_Z,_Z,2007,A,USD,
294.101615,P1Y,0,,A,PU,_Z,2,,,False,WB_WDI,WB_WDI_NY_GDP_PCAP_CD,COD,_T,_T,_T,_Z,_Z,_Z,2007,A,USD,
2206.471019,P1Y,0,,A,PU,_Z,2,,,False,WB_WDI,WB_WDI_NY_GDP_PCAP_CD,COG,_T,_T,_T,_Z,_Z,_Z,2007,A,USD,
6137.711994,P1Y,0,,A,PU,_Z,2,,,False,WB_WDI,WB_WDI_NY_GDP_PCAP_CD,CRI,_T,_T,_T,_Z,_Z,_Z,2007,A,USD,
1367.538177,P1Y,0,,A,PU,_Z,2,,,False,WB_WDI,WB_WDI_NY_GDP_PCAP_CD,CIV,_T,_T,_T,_Z,_Z,_Z,2007,A,USD,
13755.814905,P1Y,0,,A,PU,_Z,2,,,False,WB_WDI,WB_WDI_NY_GDP_PCAP_CD,HRV,_T,_T,_T,_Z,_Z,_Z,2007,A,USD,
4807.43889,P1Y,0,,A,PU,_Z,2,,,False,WB_WDI,WB_WDI_NY_GDP_PCAP_CD,CUB,_T,_T,_T,_Z,_Z,_Z,2007,A,USD,
18005.716585,P1Y,0,,A,PU,_Z,2,,,False,WB_WDI,WB_WDI_NY_GDP_PCAP_CD,CUW,_T,_T,_T,_Z,_Z,_Z,2007,A,USD,
31244.878906,P1Y,0,,A,PU,_Z,2,,,False,WB_WDI,WB_WDI_NY_GDP_PCAP_CD,CYP,_T,_T,_T,_Z,_Z,_Z,2007,A,USD,
18452.653281,P1Y,0,,A,PU,_Z,2,,,False,WB_WDI,WB_WDI_NY_GDP_PCAP_CD,CZE,_T,_T,_T,_Z,_Z,_Z,2007,A,USD,
58631.656643,P1Y,0,,A,PU,_Z,2,,,False,WB_WDI,WB_WDI_NY_GDP_PCAP_CD,DNK,_T,_T,_T,_Z,_Z,_Z,2007,A,USD,
969.57322,P1Y,0,,A,PU,_Z,2,,,False,WB_WDI,WB_WDI_NY_GDP_PCAP_CD,DJI,_T,_T,_T,_Z,_Z,_Z,2007,A,USD,
507.282797,P1Y,0,,A,PU,_Z,2,,,False,WB_WDI,WB_WDI_NY_GDP_PCAP_CD,IDX,_T,_T,_T,_Z,_Z,_Z,2005,A,USD,
664.968625,P1Y,0,,A,PU,_Z,2,,,False,WB_WDI,WB_WDI_NY_GDP_PCAP_CD,IDA,_T,_T,_T,_Z,_Z,_Z,2005,A,USD,
2933.481268,P1Y,0,,A,PU,_Z,2,,,False,WB_WDI,WB_WDI_NY_GDP_PCAP_CD,LTE,_T,_T,_T,_Z,_Z,_Z,2005,A,USD,
5229.898986,P1Y,0,,A,PU,_Z,2,,,False,WB_WDI,WB_WDI_NY_GDP_PCAP_CD,LCN,_T,_T,_T,_Z,_Z,_Z,2005,A,USD,
4984.727837,P1Y,0,,A,PU,_Z,2,,,False,WB_WDI,WB_WDI_NY_GDP_PCAP_CD,LAC,_T,_T,_T,_Z,_Z,_Z,2005,A,USD,
5103.970714,P1Y,0,,A,PU,_Z,2,,,False,WB_WDI,WB_WDI_NY_GDP_PCAP_CD,TLA,_T,_T,_T,_Z,_Z,_Z,2005,A,USD,
487.477532,P1Y,0,,A,PU,_Z,2,,,False,WB_WDI,WB_WDI_NY_GDP_PCAP_CD,LDC,_T,_T,_T,_Z,_Z,_Z,2005,A,USD,
1731.578586,P1Y,0,,A,PU,_Z,2,,,False,WB_WDI,WB_WDI_NY_GDP_PCAP_CD,LMY,_T,_T,_T,_Z,_Z,_Z,2005,A,USD,
453.224272,P1Y,0,,A,PU,_Z,2,,,False,WB_WDI,WB_WDI_NY_GDP_PCAP_CD,LIC,_T,_T,_T,_Z,_Z,_Z,2005,A,USD,
854.63463,P1Y,0,,A,PU,_Z,2,,,False,WB_WDI,WB_WDI_NY_GDP_PCAP_CD,LMC,_T,_T,_T,_Z,_Z,_Z,2005,A,USD,
3050.548186,P1Y,0,,A,PU,_Z,2,,,False,WB_WDI,WB_WDI_NY_GDP_PCAP_CD,MEA,_T,_T,_T,_Z,_Z,_Z,2005,A,USD,
1657.11019,P1Y,0,,A,PU,_Z,2,,,False,WB_WDI,WB_WDI_NY_GDP_PCAP_CD,MNA,_T,_T,_T,_Z,_Z,_Z,2005,A,USD,
1657.842915,P1Y,0,,A,PU,_Z,2,,,False,WB_WDI,WB_WDI_NY_GDP_PCAP_CD,TMN,_T,_T,_T,_Z,_Z,_Z,2005,A,USD,
1350.381458,P1Y,0,,A,PU,_Z,2,,,False,WB_WDI,WB_WDI_NY_GDP_PCAP_CD,NIC,_T,_T,_T,_Z,_Z,_Z,2007,A,USD,
387.168066,P1Y,0,,A,PU,_Z,2,,,False,WB_WDI,WB_WDI_NY_GDP_PCAP_CD,NER,_T,_T,_T,_Z,_Z,_Z,2007,A,USD,
1815.526975,P1Y,0,,A,PU,_Z,2,,,False,WB_WDI,WB_WDI_NY_GDP_PCAP_CD,NGA,_T,_T,_T,_Z,_Z,_Z,2007,A,USD,
4204.113288,P1Y,0,,A,PU,_Z,2,,,False,WB_WDI,WB_WDI_NY_GDP_PCAP_CD,MKD,_T,_T,_T,_Z,_Z,_Z,2007,A,USD,
15914.219304,P1Y,0,,A,PU,_Z,2,,,False,WB_WDI,WB_WDI_NY_GDP_PCAP_CD,MNP,_T,_T,_T,_Z,_Z,_Z,2007,A,USD,
86600.238761,P1Y,0,,A,PU,_Z,2,,,False,WB_WDI,WB_WDI_NY_GDP_PCAP_CD,NOR,_T,_T,_T,_Z,_Z,_Z,2007,A,USD,
18792.653772,P1Y,0,,A,PU,_Z,2,,,False,WB_WDI,WB_WDI_NY_GDP_PCAP_CD,OMN,_T,_T,_T,_Z,_Z,_Z,2007,A,USD,
998.090114,P1Y,0,,A,PU,_Z,2,,,False,WB_WDI,WB_WDI_NY_GDP_PCAP_CD,PAK,_T,_T,_T,_Z,_Z,_Z,2007,A,USD,
10155.047081,P1Y,0,,A,PU,_Z,2,,,False,WB_WDI,WB_WDI_NY_GDP_PCAP_CD,PLW,_T,_T,_T,_Z,_Z,_Z,2007,A,USD,
6317.817303,P1Y,0,,A,PU,_Z,2,,,False,WB_WDI,WB_WDI_NY_GDP_PCAP_CD,PAN,_T,_T,_T,_Z,_Z,_Z,2007,A,USD,
1370.753416,P1Y,0,,A,PU,_Z,2,,,False,WB_WDI,WB_WDI_NY_GDP_PCAP_CD,PNG,_T,_T,_T,_Z,_Z,_Z,2007,A,USD,
3211.936217,P1Y,0,,A,PU,_Z,2,,,False,WB_WDI,WB_WDI_NY_GDP_PCAP_CD,PRY,_T,_T,_T,_Z,_Z,_Z,2007,A,USD,
8331.464214,P1Y,0,,A,PU,_Z,2,,,False,WB_WDI,WB_WDI_NY_GDP_PCAP_CD,PAN,_T,_T,_T,_Z,_Z,_Z,2010,A,USD,
1866.868899,P1Y,0,,A,PU,_Z,2,,,False,WB_WDI,WB_WDI_NY_GDP_PCAP_CD,PNG,_T,_T,_T,_Z,_Z,_Z,2010,A,USD,
4750.962737,P1Y,0,,A,PU,_Z,2,,,False,WB_WDI,WB_WDI_NY_GDP_PCAP_CD,PRY,_T,_T,_T,_Z,_Z,_Z,2010,A,USD,
5072.11494,P1Y,0,,A,PU,_Z,2,,,False,WB_WDI,WB_WDI_NY_GDP_PCAP_CD,PER,_T,_T,_T,_Z,_Z,_Z,2010,A,USD,
2162.913759,P1Y,0,,A,PU,_Z,2,,,False,WB_WDI,WB_WDI_NY_GDP_PCAP_CD,PHL,_T,_T,_T,_Z,_Z,_Z,2010,A,USD,
12567.731768,P1Y,0,,A,PU,_Z,2,,,False,WB_WDI,WB_WDI_NY_GDP_PCAP_CD,POL,_T,_T,_T,_Z,_Z,_Z,2010,A,USD,
22551.935099,P1Y,0,,A,PU,_Z,2,,,False,WB_WDI,WB_WDI_NY_GDP_PCAP_CD,PRT,_T,_T,_T,_Z,_Z,_Z,2010,A,USD,
26414.881063,P1Y,0,,A,PU,_Z,2,,,False,WB_WDI,WB_WDI_NY_GDP_PCAP_CD,PRI,_T,_T,_T,_Z,_Z,_Z,2010,A,USD,
77387.293638,P1Y,0,,A,PU,_Z,2,,,False,WB_WDI,WB_WDI_NY_GDP_PCAP_CD,QAT,_T,_T,_T,_Z,_Z,_Z,2010,A,USD,
8399.537423,P1Y,0,,A,PU,_Z,2,,,False,WB_WDI,WB_WDI_NY_GDP_PCAP_CD,ROU,_T,_T,_T,_Z,_Z,_Z,2010,A,USD,
10674.990234,P1Y,0,,A,PU,_Z,2,,,False,WB_WDI,WB_WDI_NY_GDP_PCAP_CD,RUS,_T,_T,_T,_Z,_Z,_Z,2010,A,USD,
2362.588272,P1Y,0,,A,PU,_Z,2,,,False,WB_WDI,WB_WDI_NY_GDP_PCAP_CD,STP,_T,_T,_T,_Z,_Z,_Z,2021,A,USD,
31920.765366,P1Y,0,,A,PU,_Z,2,,,False,WB_WDI,WB_WDI_NY_GDP_PCAP_CD,SAU,_T,_T,_T,_Z,_Z,_Z,2021,A,USD,
1598.10677,P1Y,0,,A,PU,_Z,2,,,False,WB_WDI,WB_WDI_NY_GDP_PCAP_CD,SEN,_T,_T,_T,_Z,_Z,_Z,2021,A,USD,
9680.527981,P1Y,0,,A,PU,_Z,2,,,False,WB_WDI,WB_WDI_NY_GDP_PCAP_CD,SRB,_T,_T,_T,_Z,_Z,_Z,2021,A,USD,
14982.911149,P1Y,0,,A,PU,_Z,2,,,False,WB_WDI,WB_WDI_NY_GDP_PCAP_CD,SYC,_T,_T,_T,_Z,_Z,_Z,2021,A,USD,
885.396402,P1Y,0,,A,PU,_Z,2,,,False,WB_WDI,WB_WDI_NY_GDP_PCAP_CD,SLE,_T,_T,_T,_Z,_Z,_Z,2021,A,USD,
80884.856537,P1Y,0,,A,PU,_Z,2,,,False,WB_WDI,WB_WDI_NY_GDP_PCAP_CD,SGP,_T,_T,_T,_Z,_Z,_Z,2021,A,USD,
32548.436685,P1Y,0,,A,PU,_Z,2,,,False,WB_WDI,WB_WDI_NY_GDP_PCAP_CD,SXM,_T,_T,_T,_Z,_Z,_Z,2021,A,USD,
22123.334211,P1Y,0,,A,PU,_Z,2,,,False,WB_WDI,WB_WDI_NY_GDP_PCAP_CD,SVK,_T,_T,_T,_Z,_Z,_Z,2021,A,USD,
29192.840193,P1Y,0,,A,PU,_Z,2,,,False,WB_WDI,WB_WDI_NY_GDP_PCAP_CD,SVN,_T,_T,_T,_Z,_Z,_Z,2021,A,USD,
2043.444132,P1Y,0,,A,PU,_Z,2,,,False,WB_WDI,WB_WDI_NY_GDP_PCAP_CD,SLB,_T,_T,_T,_Z,_Z,_Z,2021,A,USD,
549.056995,P1Y,0,,A,PU,_Z,2,,,False,WB_WDI,WB_WDI_NY_GDP_PCAP_CD,SOM,_T,_T,_T,_Z,_Z,_Z,2021,A,USD,
6828.756246,P1Y,0,,A,PU,_Z,2,,,False,WB_WDI,WB_WDI_NY_GDP_PCAP_CD,ZAF,_T,_T,_T,_Z,_Z,_Z,2021,A,USD,
406.132105,P1Y,0,,A,PU,_Z,2,,,False,WB_WDI,WB_WDI_NY_GDP_PCAP_CD,GHA,_T,_T,_T,_Z,_Z,_Z,2004,A,USD,
21449.255276,P1Y,0,,A,PU,_Z,2,,,False,WB_WDI,WB_WDI_NY_GDP_PCAP_CD,GRC,_T,_T,_T,_Z,_Z,_Z,2004,A,USD,
32030.998792,P1Y,0,,A,PU,_Z,2,,,False,WB_WDI,WB_WDI_NY_GDP_PCAP_CD,GRL,_T,_T,_T,_Z,_Z,_Z,2004,A,USD,
5480.261176,P1Y,0,,A,PU,_Z,2,,,False,WB_WDI,WB_WDI_NY_GDP_PCAP_CD,GRD,_T,_T,_T,_Z,_Z,_Z,2004,A,USD,
23618.826689,P1Y,0,,A,PU,_Z,2,,,False,WB_WDI,WB_WDI_NY_GDP_PCAP_CD,GUM,_T,_T,_T,_Z,_Z,_Z,2004,A,USD,
1840.911849,P1Y,0,,A,PU,_Z,2,,,False,WB_WDI,WB_WDI_NY_GDP_PCAP_CD,GTM,_T,_T,_T,_Z,_Z,_Z,2004,A,USD,
584.897741,P1Y,0,,A,PU,_Z,2,,,False,WB_WDI,WB_WDI_NY_GDP_PCAP_CD,GIN,_T,_T,_T,_Z,_Z,_Z,2004,A,USD,
431.376558,P1Y,0,,A,PU,_Z,2,,,False,WB_WDI,WB_WDI_NY_GDP_PCAP_CD,GNB,_T,_T,_T,_Z,_Z,_Z,2004,A,USD,
1033.310309,P1Y,0,,A,PU,_Z,2,,,False,WB_WDI,WB_WDI_NY_GDP_PCAP_CD,GUY,_T,_T,_T,_Z,_Z,_Z,2004,A,USD,
683.185298,P1Y,0,,A,PU,_Z,2,,,False,WB_WDI,WB_WDI_NY_GDP_PCAP_CD,HTI,_T,_T,_T,_Z,_Z,_Z,2004,A,USD,
1215.139954,P1Y,0,,A,PU,_Z,2,,,False,WB_WDI,WB_WDI_NY_GDP_PCAP_CD,HND,_T,_T,_T,_Z,_Z,_Z,2004,A,USD,
24928.100372,P1Y,0,,A,PU,_Z,2,,,False,WB_WDI,WB_WDI_NY_GDP_PCAP_CD,HKG,_T,_T,_T,_Z,_Z,_Z,2004,A,USD,
10291.269472,P1Y,0,,A,PU,_Z,2,,,False,WB_WDI,WB_WDI_NY_GDP_PCAP_CD,HUN,_T,_T,_T,_Z,_Z,_Z,2004,A,USD,
44884.89616,P1Y,0,,A,PU,_Z,2,,,False,WB_WDI,WB_WDI_NY_GDP_PCAP_CD,MAC,_T,_T,_T,_Z,_Z,_Z,2021,A,USD,
483.469463,P1Y,0,,A,PU,_Z,2,,,False,WB_WDI,WB_WDI_NY_GDP_PCAP_CD,MDG,_T,_T,_T,_Z,_Z,_Z,2021,A,USD,
617.446994,P1Y,0,,A,PU,_Z,2,,,False,WB_WDI,WB_WDI_NY_GDP_PCAP_CD,MWI,_T,_T,_T,_Z,_Z,_Z,2021,A,USD,
10903.103748,P1Y,0,,A,PU,_Z,2,,,False,WB_WDI,WB_WDI_NY_GDP_PCAP_CD,MYS,_T,_T,_T,_Z,_Z,_Z,2021,A,USD,
10176.143883,P1Y,0,,A,PU,_Z,2,,,False,WB_WDI,WB_WDI_NY_GDP_PCAP_CD,MDV,_T,_T,_T,_Z,_Z,_Z,2021,A,USD,
1027.273454,P1Y,0,,A,PU,_Z,2,,,False,WB_WDI,WB_WDI_NY_GDP_PCAP_CD,MLI,_T,_T,_T,_Z,_Z,_Z,2021,A,USD,
38078.006428,P1Y,0,,A,PU,_Z,2,,,False,WB_WDI,WB_WDI_NY_GDP_PCAP_CD,MLT,_T,_T,_T,_Z,_Z,_Z,2021,A,USD,
6315.311722,P1Y,0,,A,PU,_Z,2,,,False,WB_WDI,WB_WDI_NY_GDP_PCAP_CD,MHL,_T,_T,_T,_Z,_Z,_Z,2021,A,USD,
1947.474139,P1Y,0,,A,PU,_Z,2,,,False,WB_WDI,WB_WDI_NY_GDP_PCAP_CD,MRT,_T,_T,_T,_Z,_Z,_Z,2021,A,USD,
9177.71196,P1Y,0,,A,PU,_Z,2,,,False,WB_WDI,WB_WDI_NY_GDP_PCAP_CD,MUS,_T,_T,_T,_Z,_Z,_Z,2021,A,USD,
10314.050673,P1Y,0,,A,PU,_Z,2,,,False,WB_WDI,WB_WDI_NY_GDP_PCAP_CD,MEX,_T,_T,_T,_Z,_Z,_Z,2021,A,USD,
3508.223142,P1Y,0,,A,PU,_Z,2,,,False,WB_WDI,WB_WDI_NY_GDP_PCAP_CD,FSM,_T,_T,_T,_Z,_Z,_Z,2021,A,USD,
2996.012898,P1Y,0,,A,PU,_Z,2,,,False,WB_WDI,WB_WDI_NY_GDP_PCAP_CD,BOL,_T,_T,_T,_Z,_Z,_Z,2015,A,USD,
4662.258692,P1Y,0,,A,PU,_Z,2,,,False,WB_WDI,WB_WDI_NY_GDP_PCAP_CD,BIH,_T,_T,_T,_Z,_Z,_Z,2015,A,USD,
6141.203947,P1Y,0,,A,PU,_Z,2,,,False,WB_WDI,WB_WDI_NY_GDP_PCAP_CD,BWA,_T,_T,_T,_Z,_Z,_Z,2015,A,USD,
8936.196617,P1Y,0,,A,PU,_Z,2,,,False,WB_WDI,WB_WDI_NY_GDP_PCAP_CD,BRA,_T,_T,_T,_Z,_Z,_Z,2015,A,USD,
30625.128774,P1Y,0,,A,PU,_Z,2,,,False,WB_WDI,WB_WDI_NY_GDP_PCAP_CD,BRN,_T,_T,_T,_Z,_Z,_Z,2015,A,USD,
7269.025865,P1Y,0,,A,PU,_Z,2,,,False,WB_WDI,WB_WDI_NY_GDP_PCAP_CD,BGR,_T,_T,_T,_Z,_Z,_Z,2015,A,USD,
630.124751,P1Y,0,,A,PU,_Z,2,,,False,WB_WDI,WB_WDI_NY_GDP_PCAP_CD,BFA,_T,_T,_T,_Z,_Z,_Z,2015,A,USD,
254.402585,P1Y,0,,A,PU,_Z,2,,,False,WB_WDI,WB_WDI_NY_GDP_PCAP_CD,BDI,_T,_T,_T,_Z,_Z,_Z,2015,A,USD,
3415.062667,P1Y,0,,A,PU,_Z,2,,,False,WB_WDI,WB_WDI_NY_GDP_PCAP_CD,CPV,_T,_T,_T,_Z,_Z,_Z,2015,A,USD,
2589.32081,P1Y,0,,A,PU,_Z,2,,,False,WB_WDI,WB_WDI_NY_GDP_PCAP_CD,LAO,_T,_T,_T,_Z,_Z,_Z,2019,A,USD,
17294.97516,P1Y,0,,A,PU,_Z,2,,,False,WB_WDI,WB_WDI_NY_GDP_PCAP_CD,LVA,_T,_T,_T,_Z,_Z,_Z,2019,A,USD,
8905.880055,P1Y,0,,A,PU,_Z,2,,,False,WB_WDI,WB_WDI_NY_GDP_PCAP_CD,LBN,_T,_T,_T,_Z,_Z,_Z,2019,A,USD,
1082.057068,P1Y,0,,A,PU,_Z,2,,,False,WB_WDI,WB_WDI_NY_GDP_PCAP_CD,LSO,_T,_T,_T,_Z,_Z,_Z,2019,A,USD,
658.164181,P1Y,0,,A,PU,_Z,2,,,False,WB_WDI,WB_WDI_NY_GDP_PCAP_CD,LBR,_T,_T,_T,_Z,_Z,_Z,2019,A,USD,
9963.194891,P1Y,0,,A,PU,_Z,2,,,False,WB_WDI,WB_WDI_NY_GDP_PCAP_CD,LBY,_T,_T,_T,_Z,_Z,_Z,2019,A,USD,
166907.839305,P1Y,0,,A,PU,_Z,2,,,False,WB_WDI,WB_WDI_NY_GDP_PCAP_CD,LIE,_T,_T,_T,_Z,_Z,_Z,2019,A,USD,
19608.794395,P1Y,0,,A,PU,_Z,2,,,False,WB_WDI,WB_WDI_NY_GDP_PCAP_CD,LTU,_T,_T,_T,_Z,_Z,_Z,2019,A,USD,
112696.64906,P1Y,0,,A,PU,_Z,2,,,False,WB_WDI,WB_WDI_NY_GDP_PCAP_CD,LUX,_T,_T,_T,_Z,_Z,_Z,2019,A,USD,
81882.696452,P1Y,0,,A,PU,_Z,2,,,False,WB_WDI,WB_WDI_NY_GDP_PCAP_CD,MAC,_T,_T,_T,_Z,_Z,_Z,2019,A,USD,
499.818838,P1Y,0,,A,PU,_Z,2,,,False,WB_WDI,WB_WDI_NY_GDP_PCAP_CD,MDG,_T,_T,_T,_Z,_Z,_Z,2019,A,USD,
580.88914,P1Y,0,,A,PU,_Z,2,,,False,WB_WDI,WB_WDI_NY_GDP_PCAP_CD,MWI,_T,_T,_T,_Z,_Z,_Z,2019,A,USD,
21819.712383,P1Y,0,,A,PU,_Z,2,,,False,WB_WDI,WB_WDI_NY_GDP_PCAP_CD,IMN,_T,_T,_T,_Z,_Z,_Z,2001,A,USD,
20948.774573,P1Y,0,,A,PU,_Z,2,,,False,WB_WDI,WB_WDI_NY_GDP_PCAP_CD,ISR,_T,_T,_T,_Z,_Z,_Z,2001,A,USD,
20570.438592,P1Y,0,,A,PU,_Z,2,,,False,WB_WDI,WB_WDI_NY_GDP_PCAP_CD,ITA,_T,_T,_T,_Z,_Z,_Z,2001,A,USD,
3503.550267,P1Y,0,,A,PU,_Z,2,,,False,WB_WDI,WB_WDI_NY_GDP_PCAP_CD,JAM,_T,_T,_T,_Z,_Z,_Z,2001,A,USD,
34910.166404,P1Y,0,,A,PU,_Z,2,,,False,WB_WDI,WB_WDI_NY_GDP_PCAP_CD,JPN,_T,_T,_T,_Z,_Z,_Z,2001,A,USD,
1632.29454,P1Y,0,,A,PU,_Z,2,,,False,WB_WDI,WB_WDI_NY_GDP_PCAP_CD,JOR,_T,_T,_T,_Z,_Z,_Z,2001,A,USD,
1422.273318,P1Y,0,,A,PU,_Z,2,,,False,WB_WDI,WB_WDI_NY_GDP_PCAP_CD,KAZ,_T,_T,_T,_Z,_Z,_Z,2001,A,USD,
410.700452,P1Y,0,,A,PU,_Z,2,,,False,WB_WDI,WB_WDI_NY_GDP_PCAP_CD,KEN,_T,_T,_T,_Z,_Z,_Z,2001,A,USD,
718.833787,P1Y,0,,A,PU,_Z,2,,,False,WB_WDI,WB_WDI_NY_GDP_PCAP_CD,KIR,_T,_T,_T,_Z,_Z,_Z,2001,A,USD,
11981.482822,P1Y,0,,A,PU,_Z,2,,,False,WB_WDI,WB_WDI_NY_GDP_PCAP_CD,KOR,_T,_T,_T,_Z,_Z,_Z,2001,A,USD,
17374.231866,P1Y,0,,A,PU,_Z,2,,,False,WB_WDI,WB_WDI_NY_GDP_PCAP_CD,KWT,_T,_T,_T,_Z,_Z,_Z,2001,A,USD,
308.411296,P1Y,0,,A,PU,_Z,2,,,False,WB_WDI,WB_WDI_NY_GDP_PCAP_CD,KGZ,_T,_T,_T,_Z,_Z,_Z,2001,A,USD,
24879.772962,P1Y,0,,A,PU,_Z,2,,,False,WB_WDI,WB_WDI_NY_GDP_PCAP_CD,FRO,_T,_T,_T,_Z,_Z,_Z,2001,A,USD,
1944.997415,P1Y,0,,A,PU,_Z,2,,,False,WB_WDI,WB_WDI_NY_GDP_PCAP_CD,FJI,_T,_T,_T,_Z,_Z,_Z,2001,A,USD,
24965.202997,P1Y,0,,A,PU,_Z,2,,,False,WB_WDI,WB_WDI_NY_GDP_PCAP_CD,FIN,_T,_T,_T,_Z,_Z,_Z,2001,A,USD,
22331.794834,P1Y,0,,A,PU,_Z,2,,,False,WB_WDI,WB_WDI_NY_GDP_PCAP_CD,FRA,_T,_T,_T,_Z,_Z,_Z,2001,A,USD,
14640.936006,P1Y,0,,A,PU,_Z,2,,,False,WB_WDI,WB_WDI_NY_GDP_PCAP_CD,PYF,_T,_T,_T,_Z,_Z,_Z,2001,A,USD,
3835.757183,P1Y,0,,A,PU,_Z,2,,,False,WB_WDI,WB_WDI_NY_GDP_PCAP_CD,GAB,_T,_T,_T,_Z,_Z,_Z,2001,A,USD,
459.803068,P1Y,0,,A,PU,_Z,2,,,False,WB_WDI,WB_WDI_NY_GDP_PCAP_CD,GMB,_T,_T,_T,_Z,_Z,_Z,2001,A,USD,
801.983837,P1Y,0,,A,PU,_Z,2,,,False,WB_WDI,WB_WDI_NY_GDP_PCAP_CD,GEO,_T,_T,_T,_Z,_Z,_Z,2001,A,USD,
23878.364147,P1Y,0,,A,PU,_Z,2,,,False,WB_WDI,WB_WDI_NY_GDP_PCAP_CD,DEU,_T,_T,_T,_Z,_Z,_Z,2001,A,USD,
263.542156,P1Y,0,,A,PU,_Z,2,,,False,WB_WDI,WB_WDI_NY_GDP_PCAP_CD,GHA,_T,_T,_T,_Z,_Z,_Z,2001,A,USD,
12156.957282,P1Y,0,,A,PU,_Z,2,,,False,WB_WDI,WB_WDI_NY_GDP_PCAP_CD,GRC,_T,_T,_T,_Z,_Z,_Z,2001,A,USD,
19265.519147,P1Y,0,,A,PU,_Z,2,,,False,WB_WDI,WB_WDI_NY_GDP_PCAP_CD,GRL,_T,_T,_T,_Z,_Z,_Z,2001,A,USD,
4819.507767,P1Y,0,,A,PU,_Z,2,,,False,WB_WDI,WB_WDI_NY_GDP_PCAP_CD,GRD,_T,_T,_T,_Z,_Z,_Z,2001,A,USD,
1537.686636,P1Y,0,,A,PU,_Z,2,,,False,WB_WDI,WB_WDI_NY_GDP_PCAP_CD,GTM,_T,_T,_T,_Z,_Z,_Z,2001,A,USD,
7458.489178,P1Y,0,,A,PU,_Z,2,,,False,WB_WDI,WB_WDI_NY_GDP_PCAP_CD,LBY,_T,_T,_T,_Z,_Z,_Z,2015,A,USD,
167187.15731,P1Y,0,,A,PU,_Z,2,,,False,WB_WDI,WB_WDI_NY_GDP_PCAP_CD,LIE,_T,_T,_T,_Z,_Z,_Z,2015,A,USD,
14269.803988,P1Y,0,,A,PU,_Z,2,,,False,WB_WDI,WB_WDI_NY_GDP_PCAP_CD,LTU,_T,_T,_T,_Z,_Z,_Z,2015,A,USD,
105462.012584,P1Y,0,,A,PU,_Z,2,,,False,WB_WDI,WB_WDI_NY_GDP_PCAP_CD,LUX,_T,_T,_T,_Z,_Z,_Z,2015,A,USD,
69902.960574,P1Y,0,,A,PU,_Z,2,,,False,WB_WDI,WB_WDI_NY_GDP_PCAP_CD,MAC,_T,_T,_T,_Z,_Z,_Z,2015,A,USD,
445.320069,P1Y,0,,A,PU,_Z,2,,,False,WB_WDI,WB_WDI_NY_GDP_PCAP_CD,MDG,_T,_T,_T,_Z,_Z,_Z,2015,A,USD,
539.605363,P1Y,0,,A,PU,_Z,2,,,False,WB_WDI,WB_WDI_NY_GDP_PCAP_CD,MWI,_T,_T,_T,_Z,_Z,_Z,2015,A,USD,
9648.679794,P1Y,0,,A,PU,_Z,2,,,False,WB_WDI,WB_WDI_NY_GDP_PCAP_CD,MYS,_T,_T,_T,_Z,_Z,_Z,2015,A,USD,
9644.90655,P1Y,0,,A,PU,_Z,2,,,False,WB_WDI,WB_WDI_NY_GDP_PCAP_CD,MDV,_T,_T,_T,_Z,_Z,_Z,2015,A,USD,
838.119869,P1Y,0,,A,PU,_Z,2,,,False,WB_WDI,WB_WDI_NY_GDP_PCAP_CD,MLI,_T,_T,_T,_Z,_Z,_Z,2015,A,USD,
25529.669321,P1Y,0,,A,PU,_Z,2,,,False,WB_WDI,WB_WDI_NY_GDP_PCAP_CD,MLT,_T,_T,_T,_Z,_Z,_Z,2015,A,USD,
8376.404141,P1Y,0,,A,PU,_Z,2,,,False,WB_WDI,WB_WDI_NY_GDP_PCAP_CD,DMA,_T,_T,_T,_Z,_Z,_Z,2021,A,USD,
8527.075486,P1Y,0,,A,PU,_Z,2,,,False,WB_WDI,WB_WDI_NY_GDP_PCAP_CD,DOM,_T,_T,_T,_Z,_Z,_Z,2021,A,USD,
6061.323502,P1Y,0,,A,PU,_Z,2,,,False,WB_WDI,WB_WDI_NY_GDP_PCAP_CD,ECU,_T,_T,_T,_Z,_Z,_Z,2021,A,USD,
3827.354154,P1Y,0,,A,PU,_Z,2,,,False,WB_WDI,WB_WDI_NY_GDP_PCAP_CD,EGY,_T,_T,_T,_Z,_Z,_Z,2021,A,USD,
4642.607431,P1Y,0,,A,PU,_Z,2,,,False,WB_WDI,WB_WDI_NY_GDP_PCAP_CD,SLV,_T,_T,_T,_Z,_Z,_Z,2021,A,USD,
6945.630698,P1Y,0,,A,PU,_Z,2,,,False,WB_WDI,WB_WDI_NY_GDP_PCAP_CD,GNQ,_T,_T,_T,_Z,_Z,_Z,2021,A,USD,
27951.165928,P1Y,0,,A,PU,_Z,2,,,False,WB_WDI,WB_WDI_NY_GDP_PCAP_CD,EST,_T,_T,_T,_Z,_Z,_Z,2021,A,USD,
3984.002292,P1Y,0,,A,PU,_Z,2,,,False,WB_WDI,WB_WDI_NY_GDP_PCAP_CD,SWZ,_T,_T,_T,_Z,_Z,_Z,2021,A,USD,
893.009835,P1Y,0,,A,PU,_Z,2,,,False,WB_WDI,WB_WDI_NY_GDP_PCAP_CD,ETH,_T,_T,_T,_Z,_Z,_Z,2021,A,USD,
69421.698169,P1Y,0,,A,PU,_Z,2,,,False,WB_WDI,WB_WDI_NY_GDP_PCAP_CD,FRO,_T,_T,_T,_Z,_Z,_Z,2021,A,USD,
4536.733121,P1Y,0,,A,PU,_Z,2,,,False,WB_WDI,WB_WDI_NY_GDP_PCAP_CD,FJI,_T,_T,_T,_Z,_Z,_Z,2021,A,USD,
587.700693,P1Y,0,,A,PU,_Z,2,,,False,WB_WDI,WB_WDI_NY_GDP_PCAP_CD,TLS,_T,_T,_T,_Z,_Z,_Z,2001,A,USD,
426.883606,P1Y,0,,A,PU,_Z,2,,,False,WB_WDI,WB_WDI_NY_GDP_PCAP_CD,TGO,_T,_T,_T,_Z,_Z,_Z,2001,A,USD,
1753.516676,P1Y,0,,A,PU,_Z,2,,,False,WB_WDI,WB_WDI_NY_GDP_PCAP_CD,TON,_T,_T,_T,_Z,_Z,_Z,2001,A,USD,
6657.414669,P1Y,0,,A,PU,_Z,2,,,False,WB_WDI,WB_WDI_NY_GDP_PCAP_CD,TTO,_T,_T,_T,_Z,_Z,_Z,2001,A,USD,
2235.719816,P1Y,0,,A,PU,_Z,2,,,False,WB_WDI,WB_WDI_NY_GDP_PCAP_CD,TUN,_T,_T,_T,_Z,_Z,_Z,2001,A,USD,
3052.225671,P1Y,0,,A,PU,_Z,2,,,False,WB_WDI,WB_WDI_NY_GDP_PCAP_CD,TUR,_T,_T,_T,_Z,_Z,_Z,2001,A,USD,
756.034976,P1Y,0,,A,PU,_Z,2,,,False,WB_WDI,WB_WDI_NY_GDP_PCAP_CD,TKM,_T,_T,_T,_Z,_Z,_Z,2001,A,USD,
18325.745811,P1Y,0,,A,PU,_Z,2,,,False,WB_WDI,WB_WDI_NY_GDP_PCAP_CD,TCA,_T,_T,_T,_Z,_Z,_Z,2001,A,USD,
1456.784094,P1Y,0,,A,PU,_Z,2,,,False,WB_WDI,WB_WDI_NY_GDP_PCAP_CD,TUV,_T,_T,_T,_Z,_Z,_Z,2001,A,USD,
236.021189,P1Y,0,,A,PU,_Z,2,,,False,WB_WDI,WB_WDI_NY_GDP_PCAP_CD,UGA,_T,_T,_T,_Z,_Z,_Z,2001,A,USD,
800.490723,P1Y,0,,A,PU,_Z,2,,,False,WB_WDI,WB_WDI_NY_GDP_PCAP_CD,UKR,_T,_T,_T,_Z,_Z,_Z,2001,A,USD,
27745.168452,P1Y,0,,A,PU,_Z,2,,,False,WB_WDI,WB_WDI_NY_GDP_PCAP_CD,ARE,_T,_T,_T,_Z,_Z,_Z,2001,A,USD,
28013.872964,P1Y,0,,A,PU,_Z,2,,,False,WB_WDI,WB_WDI_NY_GDP_PCAP_CD,GBR,_T,_T,_T,_Z,_Z,_Z,2001,A,USD,
37133.620397,P1Y,0,,A,PU,_Z,2,,,False,WB_WDI,WB_WDI_NY_GDP_PCAP_CD,USA,_T,_T,_T,_Z,_Z,_Z,2001,A,USD,
1138.187227,P1Y,0,,A,PU,_Z,2,,,False,WB_WDI,WB_WDI_NY_GDP_PCAP_CD,SYR,_T,_T,_T,_Z,_Z,_Z,2000,A,USD,
136.925716,P1Y,0,,A,PU,_Z,2,,,False,WB_WDI,WB_WDI_NY_GDP_PCAP_CD,TJK,_T,_T,_T,_Z,_Z,_Z,2000,A,USD,
401.698151,P1Y,0,,A,PU,_Z,2,,,False,WB_WDI,WB_WDI_NY_GDP_PCAP_CD,TZA,_T,_T,_T,_Z,_Z,_Z,2000,A,USD,
2005.976945,P1Y,0,,A,PU,_Z,2,,,False,WB_WDI,WB_WDI_NY_GDP_PCAP_CD,THA,_T,_T,_T,_Z,_Z,_Z,2000,A,USD,
492.457669,P1Y,0,,A,PU,_Z,2,,,False,WB_WDI,WB_WDI_NY_GDP_PCAP_CD,TLS,_T,_T,_T,_Z,_Z,_Z,2000,A,USD,
440.420399,P1Y,0,,A,PU,_Z,2,,,False,WB_WDI,WB_WDI_NY_GDP_PCAP_CD,TGO,_T,_T,_T,_Z,_Z,_Z,2000,A,USD,
1995.076675,P1Y,0,,A,PU,_Z,2,,,False,WB_WDI,WB_WDI_NY_GDP_PCAP_CD,TON,_T,_T,_T,_Z,_Z,_Z,2000,A,USD,
6178.589756,P1Y,0,,A,PU,_Z,2,,,False,WB_WDI,WB_WDI_NY_GDP_PCAP_CD,TTO,_T,_T,_T,_Z,_Z,_Z,2000,A,USD,
2199.044659,P1Y,0,,A,PU,_Z,2,,,False,WB_WDI,WB_WDI_NY_GDP_PCAP_CD,TUN,_T,_T,_T,_Z,_Z,_Z,2000,A,USD,
4199.379864,P1Y,0,,A,PU,_Z,2,,,False,WB_WDI,WB_WDI_NY_GDP_PCAP_CD,TUR,_T,_T,_T,_Z,_Z,_Z,2000,A,USD,
633.835488,P1Y,0,,A,PU,_Z,2,,,False,WB_WDI,WB_WDI_NY_GDP_PCAP_CD,TKM,_T,_T,_T,_Z,_Z,_Z,2000,A,USD,
1579.419063,P1Y,0,,A,PU,_Z,2,,,False,WB_WDI,WB_WDI_NY_GDP_PCAP_CD,TUV,_T,_T,_T,_Z,_Z,_Z,2000,A,USD,
258.050339,P1Y,0,,A,PU,_Z,2,,,False,WB_WDI,WB_WDI_NY_GDP_PCAP_CD,UGA,_T,_T,_T,_Z,_Z,_Z,2000,A,USD,
3102.294097,P1Y,0,,A,PU,_Z,2,,,False,WB_WDI,WB_WDI_NY_GDP_PCAP_CD,PNG,_T,_T,_T,_Z,_Z,_Z,2022,A,USD,
6189.102054,P1Y,0,,A,PU,_Z,2,,,False,WB_WDI,WB_WDI_NY_GDP_PCAP_CD,PRY,_T,_T,_T,_Z,_Z,_Z,2022,A,USD,
7353.745987,P1Y,0,,A,PU,_Z,2,,,False,WB_WDI,WB_WDI_NY_GDP_PCAP_CD,PER,_T,_T,_T,_Z,_Z,_Z,2022,A,USD,
3548.069306,P1Y,0,,A,PU,_Z,2,,,False,WB_WDI,WB_WDI_NY_GDP_PCAP_CD,PHL,_T,_T,_T,_Z,_Z,_Z,2022,A,USD,
18891.212117,P1Y,0,,A,PU,_Z,2,,,False,WB_WDI,WB_WDI_NY_GDP_PCAP_CD,POL,_T,_T,_T,_Z,_Z,_Z,2022,A,USD,
24620.519759,P1Y,0,,A,PU,_Z,2,,,False,WB_WDI,WB_WDI_NY_GDP_PCAP_CD,PRT,_T,_T,_T,_Z,_Z,_Z,2022,A,USD,
35353.561389,P1Y,0,,A,PU,_Z,2,,,False,WB_WDI,WB_WDI_NY_GDP_PCAP_CD,PRI,_T,_T,_T,_Z,_Z,_Z,2022,A,USD,
88701.463352,P1Y,0,,A,PU,_Z,2,,,False,WB_WDI,WB_WDI_NY_GDP_PCAP_CD,QAT,_T,_T,_T,_Z,_Z,_Z,2022,A,USD,
15503.469137,P1Y,0,,A,PU,_Z,2,,,False,WB_WDI,WB_WDI_NY_GDP_PCAP_CD,ROU,_T,_T,_T,_Z,_Z,_Z,2022,A,USD,
15625.632813,P1Y,0,,A,PU,_Z,2,,,False,WB_WDI,WB_WDI_NY_GDP_PCAP_CD,RUS,_T,_T,_T,_Z,_Z,_Z,2022,A,USD,
1007.059893,P1Y,0,,A,PU,_Z,2,,,False,WB_WDI,WB_WDI_NY_GDP_PCAP_CD,RWA,_T,_T,_T,_Z,_Z,_Z,2022,A,USD,
4132.447177,P1Y,0,,A,PU,_Z,2,,,False,WB_WDI,WB_WDI_NY_GDP_PCAP_CD,WSM,_T,_T,_T,_Z,_Z,_Z,2022,A,USD,
35084.436355,P1Y,0,,A,PU,_Z,2,,,False,WB_WDI,WB_WDI_NY_GDP_PCAP_CD,DEU,_T,_T,_T,_Z,_Z,_Z,2005,A,USD,
478.611909,P1Y,0,,A,PU,_Z,2,,,False,WB_WDI,WB_WDI_NY_GDP_PCAP_CD,GHA,_T,_T,_T,_Z,_Z,_Z,2005,A,USD,
22054.131576,P1Y,0,,A,PU,_Z,2,,,False,WB_WDI,WB_WDI_NY_GDP_PCAP_CD,GRC,_T,_T,_T,_Z,_Z,_Z,2005,A,USD,
32489.727731,P1Y,0,,A,PU,_Z,2,,,False,WB_WDI,WB_WDI_NY_GDP_PCAP_CD,GRL,_T,_T,_T,_Z,_Z,_Z,2005,A,USD,
6338.560114,P1Y,0,,A,PU,_Z,2,,,False,WB_WDI,WB_WDI_NY_GDP_PCAP_CD,GRD,_T,_T,_T,_Z,_Z,_Z,2005,A,USD,
25631.977611,P1Y,0,,A,PU,_Z,2,,,False,WB_WDI,WB_WDI_NY_GDP_PCAP_CD,GUM,_T,_T,_T,_Z,_Z,_Z,2005,A,USD,
2046.466117,P1Y,0,,A,PU,_Z,2,,,False,WB_WDI,WB_WDI_NY_GDP_PCAP_CD,GTM,_T,_T,_T,_Z,_Z,_Z,2005,A,USD,
463.177687,P1Y,0,,A,PU,_Z,2,,,False,WB_WDI,WB_WDI_NY_GDP_PCAP_CD,GIN,_T,_T,_T,_Z,_Z,_Z,2005,A,USD,
463.073963,P1Y,0,,A,PU,_Z,2,,,False,WB_WDI,WB_WDI_NY_GDP_PCAP_CD,GNB,_T,_T,_T,_Z,_Z,_Z,2005,A,USD,
1084.065414,P1Y,0,,A,PU,_Z,2,,,False,WB_WDI,WB_WDI_NY_GDP_PCAP_CD,GUY,_T,_T,_T,_Z,_Z,_Z,2005,A,USD,
775.845704,P1Y,0,,A,PU,_Z,2,,,False,WB_WDI,WB_WDI_NY_GDP_PCAP_CD,HTI,_T,_T,_T,_Z,_Z,_Z,2005,A,USD,
1304.700392,P1Y,0,,A,PU,_Z,2,,,False,WB_WDI,WB_WDI_NY_GDP_PCAP_CD,HND,_T,_T,_T,_Z,_Z,_Z,2005,A,USD,
26649.637724,P1Y,0,,A,PU,_Z,2,,,False,WB_WDI,WB_WDI_NY_GDP_PCAP_CD,HKG,_T,_T,_T,_Z,_Z,_Z,2005,A,USD,
9753.847552,P1Y,0,,A,PU,_Z,2,,,False,WB_WDI,WB_WDI_NY_GDP_PCAP_CD,OMN,_T,_T,_T,_Z,_Z,_Z,2000,A,USD,
642.338346,P1Y,0,,A,PU,_Z,2,,,False,WB_WDI,WB_WDI_NY_GDP_PCAP_CD,PAK,_T,_T,_T,_Z,_Z,_Z,2000,A,USD,
7798.075106,P1Y,0,,A,PU,_Z,2,,,False,WB_WDI,WB_WDI_NY_GDP_PCAP_CD,PLW,_T,_T,_T,_Z,_Z,_Z,2000,A,USD,
3975.093087,P1Y,0,,A,PU,_Z,2,,,False,WB_WDI,WB_WDI_NY_GDP_PCAP_CD,PAN,_T,_T,_T,_Z,_Z,_Z,2000,A,USD,
635.957919,P1Y,0,,A,PU,_Z,2,,,False,WB_WDI,WB_WDI_NY_GDP_PCAP_CD,PNG,_T,_T,_T,_Z,_Z,_Z,2000,A,USD,
1736.117292,P1Y,0,,A,PU,_Z,2,,,False,WB_WDI,WB_WDI_NY_GDP_PCAP_CD,PRY,_T,_T,_T,_Z,_Z,_Z,2000,A,USD,
1945.413385,P1Y,0,,A,PU,_Z,2,,,False,WB_WDI,WB_WDI_NY_GDP_PCAP_CD,PER,_T,_T,_T,_Z,_Z,_Z,2000,A,USD,
1050.792731,P1Y,0,,A,PU,_Z,2,,,False,WB_WDI,WB_WDI_NY_GDP_PCAP_CD,PHL,_T,_T,_T,_Z,_Z,_Z,2000,A,USD,
4520.641004,P1Y,0,,A,PU,_Z,2,,,False,WB_WDI,WB_WDI_NY_GDP_PCAP_CD,POL,_T,_T,_T,_Z,_Z,_Z,2000,A,USD,
11526.372067,P1Y,0,,A,PU,_Z,2,,,False,WB_WDI,WB_WDI_NY_GDP_PCAP_CD,PRT,_T,_T,_T,_Z,_Z,_Z,2000,A,USD,
16192.126972,P1Y,0,,A,PU,_Z,2,,,False,WB_WDI,WB_WDI_NY_GDP_PCAP_CD,PRI,_T,_T,_T,_Z,_Z,_Z,2000,A,USD,
27535.182941,P1Y,0,,A,PU,_Z,2,,,False,WB_WDI,WB_WDI_NY_GDP_PCAP_CD,QAT,_T,_T,_T,_Z,_Z,_Z,2000,A,USD,
953.242943,P1Y,0,,A,PU,_Z,2,,,False,WB_WDI,WB_WDI_NY_GDP_PCAP_CD,MLI,_T,_T,_T,_Z,_Z,_Z,2020,A,USD,
31823.422002,P1Y,0,,A,PU,_Z,2,,,False,WB_WDI,WB_WDI_NY_GDP_PCAP_CD,MLT,_T,_T,_T,_Z,_Z,_Z,2020,A,USD,
5661.967873,P1Y,0,,A,PU,_Z,2,,,False,WB_WDI,WB_WDI_NY_GDP_PCAP_CD,MHL,_T,_T,_T,_Z,_Z,_Z,2020,A,USD,
1795.724373,P1Y,0,,A,PU,_Z,2,,,False,WB_WDI,WB_WDI_NY_GDP_PCAP_CD,MRT,_T,_T,_T,_Z,_Z,_Z,2020,A,USD,
9135.847738,P1Y,0,,A,PU,_Z,2,,,False,WB_WDI,WB_WDI_NY_GDP_PCAP_CD,MUS,_T,_T,_T,_Z,_Z,_Z,2020,A,USD,
8841.270749,P1Y,0,,A,PU,_Z,2,,,False,WB_WDI,WB_WDI_NY_GDP_PCAP_CD,MEX,_T,_T,_T,_Z,_Z,_Z,2020,A,USD,
3362.028021,P1Y,0,,A,PU,_Z,2,,,False,WB_WDI,WB_WDI_NY_GDP_PCAP_CD,FSM,_T,_T,_T,_Z,_Z,_Z,2020,A,USD,
4375.778893,P1Y,0,,A,PU,_Z,2,,,False,WB_WDI,WB_WDI_NY_GDP_PCAP_CD,MDA,_T,_T,_T,_Z,_Z,_Z,2020,A,USD,
176891.806329,P1Y,0,,A,PU,_Z,2,,,False,WB_WDI,WB_WDI_NY_GDP_PCAP_CD,MCO,_T,_T,_T,_Z,_Z,_Z,2020,A,USD,
4001.251931,P1Y,0,,A,PU,_Z,2,,,False,WB_WDI,WB_WDI_NY_GDP_PCAP_CD,MNG,_T,_T,_T,_Z,_Z,_Z,2020,A,USD,
7555.48699,P1Y,0,,A,PU,_Z,2,,,False,WB_WDI,WB_WDI_NY_GDP_PCAP_CD,MNE,_T,_T,_T,_Z,_Z,_Z,2020,A,USD,
9718.927715,P1Y,0,,A,PU,_Z,2,,,False,WB_WDI,WB_WDI_NY_GDP_PCAP_CD,HRV,_T,_T,_T,_Z,_Z,_Z,2004,A,USD,
3399.219629,P1Y,0,,A,PU,_Z,2,,,False,WB_WDI,WB_WDI_NY_GDP_PCAP_CD,CUB,_T,_T,_T,_Z,_Z,_Z,2004,A,USD,
16671.340339,P1Y,0,,A,PU,_Z,2,,,False,WB_WDI,WB_WDI_NY_GDP_PCAP_CD,CUW,_T,_T,_T,_Z,_Z,_Z,2004,A,USD,
23792.619141,P1Y,0,,A,PU,_Z,2,,,False,WB_WDI,WB_WDI_NY_GDP_PCAP_CD,CYP,_T,_T,_T,_Z,_Z,_Z,2004,A,USD,
11782.554668,P1Y,0,,A,PU,_Z,2,,,False,WB_WDI,WB_WDI_NY_GDP_PCAP_CD,CZE,_T,_T,_T,_Z,_Z,_Z,2004,A,USD,
46625.050098,P1Y,0,,A,PU,_Z,2,,,False,WB_WDI,WB_WDI_NY_GDP_PCAP_CD,DNK,_T,_T,_T,_Z,_Z,_Z,2004,A,USD,
806.261653,P1Y,0,,A,PU,_Z,2,,,False,WB_WDI,WB_WDI_NY_GDP_PCAP_CD,DJI,_T,_T,_T,_Z,_Z,_Z,2004,A,USD,
5778.833065,P1Y,0,,A,PU,_Z,2,,,False,WB_WDI,WB_WDI_NY_GDP_PCAP_CD,DMA,_T,_T,_T,_Z,_Z,_Z,2004,A,USD,
2451.691616,P1Y,0,,A,PU,_Z,2,,,False,WB_WDI,WB_WDI_NY_GDP_PCAP_CD,DOM,_T,_T,_T,_Z,_Z,_Z,2004,A,USD,
2586.209147,P1Y,0,,A,PU,_Z,2,,,False,WB_WDI,WB_WDI_NY_GDP_PCAP_CD,ECU,_T,_T,_T,_Z,_Z,_Z,2004,A,USD,
991.255689,P1Y,0,,A,PU,_Z,2,,,False,WB_WDI,WB_WDI_NY_GDP_PCAP_CD,EGY,_T,_T,_T,_Z,_Z,_Z,2004,A,USD,
2285.689074,P1Y,0,,A,PU,_Z,2,,,False,WB_WDI,WB_WDI_NY_GDP_PCAP_CD,SLV,_T,_T,_T,_Z,_Z,_Z,2004,A,USD,
4901.301274,P1Y,0,,A,PU,_Z,2,,,False,WB_WDI,WB_WDI_NY_GDP_PCAP_CD,GNQ,_T,_T,_T,_Z,_Z,_Z,2004,A,USD,
2688.23676,P1Y,0,,A,PU,_Z,2,,,False,WB_WDI,WB_WDI_NY_GDP_PCAP_CD,ZAF,_T,_T,_T,_Z,_Z,_Z,2002,A,USD,
17111.068506,P1Y,0,,A,PU,_Z,2,,,False,WB_WDI,WB_WDI_NY_GDP_PCAP_CD,ESP,_T,_T,_T,_Z,_Z,_Z,2002,A,USD,
834.936015,P1Y,0,,A,PU,_Z,2,,,False,WB_WDI,WB_WDI_NY_GDP_PCAP_CD,LKA,_T,_T,_T,_Z,_Z,_Z,2002,A,USD,
10453.658706,P1Y,0,,A,PU,_Z,2,,,False,WB_WDI,WB_WDI_NY_GDP_PCAP_CD,KNA,_T,_T,_T,_Z,_Z,_Z,2002,A,USD,
5567.894284,P1Y,0,,A,PU,_Z,2,,,False,WB_WDI,WB_WDI_NY_GDP_PCAP_CD,LCA,_T,_T,_T,_Z,_Z,_Z,2002,A,USD,
4303.279768,P1Y,0,,A,PU,_Z,2,,,False,WB_WDI,WB_WDI_NY_GDP_PCAP_CD,VCT,_T,_T,_T,_Z,_Z,_Z,2002,A,USD,
506.262634,P1Y,0,,A,PU,_Z,2,,,False,WB_WDI,WB_WDI_NY_GDP_PCAP_CD,SDN,_T,_T,_T,_Z,_Z,_Z,2002,A,USD,
2202.340682,P1Y,0,,A,PU,_Z,2,,,False,WB_WDI,WB_WDI_NY_GDP_PCAP_CD,SUR,_T,_T,_T,_Z,_Z,_Z,2002,A,USD,
29957.777666,P1Y,0,,A,PU,_Z,2,,,False,WB_WDI,WB_WDI_NY_GDP_PCAP_CD,SWE,_T,_T,_T,_Z,_Z,_Z,2002,A,USD,
43094.249285,P1Y,0,,A,PU,_Z,2,,,False,WB_WDI,WB_WDI_NY_GDP_PCAP_CD,CHE,_T,_T,_T,_Z,_Z,_Z,2002,A,USD,
1189.981195,P1Y,0,,A,PU,_Z,2,,,False,WB_WDI,WB_WDI_NY_GDP_PCAP_CD,SYR,_T,_T,_T,_Z,_Z,_Z,2002,A,USD,
186.951638,P1Y,0,,A,PU,_Z,2,,,False,WB_WDI,WB_WDI_NY_GDP_PCAP_CD,TJK,_T,_T,_T,_Z,_Z,_Z,2002,A,USD,
402.649048,P1Y,0,,A,PU,_Z,2,,,False,WB_WDI,WB_WDI_NY_GDP_PCAP_CD,TZA,_T,_T,_T,_Z,_Z,_Z,2002,A,USD,
35400.233466,P1Y,0,,A,PU,_Z,2,,,False,WB_WDI,WB_WDI_NY_GDP_PCAP_CD,MAC,_T,_T,_T,_Z,_Z,_Z,2007,A,USD,
419.548001,P1Y,0,,A,PU,_Z,2,,,False,WB_WDI,WB_WDI_NY_GDP_PCAP_CD,MDG,_T,_T,_T,_Z,_Z,_Z,2007,A,USD,
475.180262,P1Y,0,,A,PU,_Z,2,,,False,WB_WDI,WB_WDI_NY_GDP_PCAP_CD,MWI,_T,_T,_T,_Z,_Z,_Z,2007,A,USD,
7168.930319,P1Y,0,,A,PU,_Z,2,,,False,WB_WDI,WB_WDI_NY_GDP_PCAP_CD,MYS,_T,_T,_T,_Z,_Z,_Z,2007,A,USD,
5758.102869,P1Y,0,,A,PU,_Z,2,,,False,WB_WDI,WB_WDI_NY_GDP_PCAP_CD,MDV,_T,_T,_T,_Z,_Z,_Z,2007,A,USD,
670.853395,P1Y,0,,A,PU,_Z,2,,,False,WB_WDI,WB_WDI_NY_GDP_PCAP_CD,MLI,_T,_T,_T,_Z,_Z,_Z,2007,A,USD,
19444.174364,P1Y,0,,A,PU,_Z,2,,,False,WB_WDI,WB_WDI_NY_GDP_PCAP_CD,MLT,_T,_T,_T,_Z,_Z,_Z,2007,A,USD,
2892.28404,P1Y,0,,A,PU,_Z,2,,,False,WB_WDI,WB_WDI_NY_GDP_PCAP_CD,MHL,_T,_T,_T,_Z,_Z,_Z,2007,A,USD,
1405.150162,P1Y,0,,A,PU,_Z,2,,,False,WB_WDI,WB_WDI_NY_GDP_PCAP_CD,MRT,_T,_T,_T,_Z,_Z,_Z,2007,A,USD,
6677.375386,P1Y,0,,A,PU,_Z,2,,,False,WB_WDI,WB_WDI_NY_GDP_PCAP_CD,MUS,_T,_T,_T,_Z,_Z,_Z,2007,A,USD,
10134.332713,P1Y,0,,A,PU,_Z,2,,,False,WB_WDI,WB_WDI_NY_GDP_PCAP_CD,MEX,_T,_T,_T,_Z,_Z,_Z,2007,A,USD,
2302.511831,P1Y,0,,A,PU,_Z,2,,,False,WB_WDI,WB_WDI_NY_GDP_PCAP_CD,FSM,_T,_T,_T,_Z,_Z,_Z,2007,A,USD,
11255.339644,P1Y,0,,A,PU,_Z,2,,,False,WB_WDI,WB_WDI_NY_GDP_PCAP_CD,KAZ,_T,_T,_T,_Z,_Z,_Z,2022,A,USD,
2109.562885,P1Y,0,,A,PU,_Z,2,,,False,WB_WDI,WB_WDI_NY_GDP_PCAP_CD,KEN,_T,_T,_T,_Z,_Z,_Z,2022,A,USD,
2078.764875,P1Y,0,,A,PU,_Z,2,,,False,WB_WDI,WB_WDI_NY_GDP_PCAP_CD,KIR,_T,_T,_T,_Z,_Z,_Z,2022,A,USD,
34822.40484,P1Y,0,,A,PU,_Z,2,,,False,WB_WDI,WB_WDI_NY_GDP_PCAP_CD,KOR,_T,_T,_T,_Z,_Z,_Z,2022,A,USD,
5298.147387,P1Y,0,,A,PU,_Z,2,,,False,WB_WDI,WB_WDI_NY_GDP_PCAP_CD,XKX,_T,_T,_T,_Z,_Z,_Z,2022,A,USD,
39981.769104,P1Y,0,,A,PU,_Z,2,,,False,WB_WDI,WB_WDI_NY_GDP_PCAP_CD,KWT,_T,_T,_T,_Z,_Z,_Z,2022,A,USD,
1739.720183,P1Y,0,,A,PU,_Z,2,,,False,WB_WDI,WB_WDI_NY_GDP_PCAP_CD,KGZ,_T,_T,_T,_Z,_Z,_Z,2022,A,USD,
2046.404403,P1Y,0,,A,PU,_Z,2,,,False,WB_WDI,WB_WDI_NY_GDP_PCAP_CD,LAO,_T,_T,_T,_Z,_Z,_Z,2022,A,USD,
20221.103686,P1Y,0,,A,PU,_Z,2,,,False,WB_WDI,WB_WDI_NY_GDP_PCAP_CD,LVA,_T,_T,_T,_Z,_Z,_Z,2022,A,USD,
3654.358455,P1Y,0,,A,PU,_Z,2,,,False,WB_WDI,WB_WDI_NY_GDP_PCAP_CD,LBN,_T,_T,_T,_Z,_Z,_Z,2022,A,USD,
1030.125829,P1Y,0,,A,PU,_Z,2,,,False,WB_WDI,WB_WDI_NY_GDP_PCAP_CD,LSO,_T,_T,_T,_Z,_Z,_Z,2022,A,USD,
744.617175,P1Y,0,,A,PU,_Z,2,,,False,WB_WDI,WB_WDI_NY_GDP_PCAP_CD,LBR,_T,_T,_T,_Z,_Z,_Z,2022,A,USD,
1995.720712,P1Y,0,,A,PU,_Z,2,,,False,WB_WDI,WB_WDI_NY_GDP_PCAP_CD,FJI,_T,_T,_T,_Z,_Z,_Z,2000,A,USD,
24335.922508,P1Y,0,,A,PU,_Z,2,,,False,WB_WDI,WB_WDI_NY_GDP_PCAP_CD,FIN,_T,_T,_T,_Z,_Z,_Z,2000,A,USD,
22340.593952,P1Y,0,,A,PU,_Z,2,,,False,WB_WDI,WB_WDI_NY_GDP_PCAP_CD,FRA,_T,_T,_T,_Z,_Z,_Z,2000,A,USD,
14978.324105,P1Y,0,,A,PU,_Z,2,,,False,WB_WDI,WB_WDI_NY_GDP_PCAP_CD,PYF,_T,_T,_T,_Z,_Z,_Z,2000,A,USD,
3982.906201,P1Y,0,,A,PU,_Z,2,,,False,WB_WDI,WB_WDI_NY_GDP_PCAP_CD,GAB,_T,_T,_T,_Z,_Z,_Z,2000,A,USD,
538.054072,P1Y,0,,A,PU,_Z,2,,,False,WB_WDI,WB_WDI_NY_GDP_PCAP_CD,GMB,_T,_T,_T,_Z,_Z,_Z,2000,A,USD,
749.908535,P1Y,0,,A,PU,_Z,2,,,False,WB_WDI,WB_WDI_NY_GDP_PCAP_CD,GEO,_T,_T,_T,_Z,_Z,_Z,2000,A,USD,
23925.85599,P1Y,0,,A,PU,_Z,2,,,False,WB_WDI,WB_WDI_NY_GDP_PCAP_CD,DEU,_T,_T,_T,_Z,_Z,_Z,2000,A,USD,
253.746936,P1Y,0,,A,PU,_Z,2,,,False,WB_WDI,WB_WDI_NY_GDP_PCAP_CD,GHA,_T,_T,_T,_Z,_Z,_Z,2000,A,USD,
11638.20107,P1Y,0,,A,PU,_Z,2,,,False,WB_WDI,WB_WDI_NY_GDP_PCAP_CD,GRC,_T,_T,_T,_Z,_Z,_Z,2000,A,USD,
19009.077441,P1Y,0,,A,PU,_Z,2,,,False,WB_WDI,WB_WDI_NY_GDP_PCAP_CD,GRL,_T,_T,_T,_Z,_Z,_Z,2000,A,USD,
4839.828111,P1Y,0,,A,PU,_Z,2,,,False,WB_WDI,WB_WDI_NY_GDP_PCAP_CD,GRD,_T,_T,_T,_Z,_Z,_Z,2000,A,USD,
1648.96579,P1Y,0,,A,PU,_Z,2,,,False,WB_WDI,WB_WDI_NY_GDP_PCAP_CD,GTM,_T,_T,_T,_Z,_Z,_Z,2000,A,USD,
1144.492334,P1Y,0,,A,PU,_Z,2,,,False,WB_WDI,WB_WDI_NY_GDP_PCAP_CD,SLB,_T,_T,_T,_Z,_Z,_Z,2005,A,USD,
439.979908,P1Y,0,,A,PU,_Z,2,,,False,WB_WDI,WB_WDI_NY_GDP_PCAP_CD,SOM,_T,_T,_T,_Z,_Z,_Z,2005,A,USD,
5836.876633,P1Y,0,,A,PU,_Z,2,,,False,WB_WDI,WB_WDI_NY_GDP_PCAP_CD,ZAF,_T,_T,_T,_Z,_Z,_Z,2005,A,USD,
26450.953013,P1Y,0,,A,PU,_Z,2,,,False,WB_WDI,WB_WDI_NY_GDP_PCAP_CD,ESP,_T,_T,_T,_Z,_Z,_Z,2005,A,USD,
1207.219948,P1Y,0,,A,PU,_Z,2,,,False,WB_WDI,WB_WDI_NY_GDP_PCAP_CD,LKA,_T,_T,_T,_Z,_Z,_Z,2005,A,USD,
11783.786715,P1Y,0,,A,PU,_Z,2,,,False,WB_WDI,WB_WDI_NY_GDP_PCAP_CD,KNA,_T,_T,_T,_Z,_Z,_Z,2005,A,USD,
6863.436419,P1Y,0,,A,PU,_Z,2,,,False,WB_WDI,WB_WDI_NY_GDP_PCAP_CD,LCA,_T,_T,_T,_Z,_Z,_Z,2005,A,USD,
5157.393739,P1Y,0,,A,PU,_Z,2,,,False,WB_WDI,WB_WDI_NY_GDP_PCAP_CD,VCT,_T,_T,_T,_Z,_Z,_Z,2005,A,USD,
905.54364,P1Y,0,,A,PU,_Z,2,,,False,WB_WDI,WB_WDI_NY_GDP_PCAP_CD,SDN,_T,_T,_T,_Z,_Z,_Z,2005,A,USD,
3453.428659,P1Y,0,,A,PU,_Z,2,,,False,WB_WDI,WB_WDI_NY_GDP_PCAP_CD,SUR,_T,_T,_T,_Z,_Z,_Z,2005,A,USD,
43378.407739,P1Y,0,,A,PU,_Z,2,,,False,WB_WDI,WB_WDI_NY_GDP_PCAP_CD,SWE,_T,_T,_T,_Z,_Z,_Z,2005,A,USD,
57080.070434,P1Y,0,,A,PU,_Z,2,,,False,WB_WDI,WB_WDI_NY_GDP_PCAP_CD,CHE,_T,_T,_T,_Z,_Z,_Z,2005,A,USD,
6978.491215,P1Y,0,,A,PU,_Z,2,,,False,WB_WDI,WB_WDI_NY_GDP_PCAP_CD,PER,_T,_T,_T,_Z,_Z,_Z,2018,A,USD,
3168.510366,P1Y,0,,A,PU,_Z,2,,,False,WB_WDI,WB_WDI_NY_GDP_PCAP_CD,PHL,_T,_T,_T,_Z,_Z,_Z,2018,A,USD,
15658.210587,P1Y,0,,A,PU,_Z,2,,,False,WB_WDI,WB_WDI_NY_GDP_PCAP_CD,POL,_T,_T,_T,_Z,_Z,_Z,2018,A,USD,
23541.140108,P1Y,0,,A,PU,_Z,2,,,False,WB_WDI,WB_WDI_NY_GDP_PCAP_CD,PRT,_T,_T,_T,_Z,_Z,_Z,2018,A,USD,
30679.918193,P1Y,0,,A,PU,_Z,2,,,False,WB_WDI,WB_WDI_NY_GDP_PCAP_CD,PRI,_T,_T,_T,_Z,_Z,_Z,2018,A,USD,
71039.849058,P1Y,0,,A,PU,_Z,2,,,False,WB_WDI,WB_WDI_NY_GDP_PCAP_CD,QAT,_T,_T,_T,_Z,_Z,_Z,2018,A,USD,
12416.134318,P1Y,0,,A,PU,_Z,2,,,False,WB_WDI,WB_WDI_NY_GDP_PCAP_CD,ROU,_T,_T,_T,_Z,_Z,_Z,2018,A,USD,
11211.887695,P1Y,0,,A,PU,_Z,2,,,False,WB_WDI,WB_WDI_NY_GDP_PCAP_CD,RUS,_T,_T,_T,_Z,_Z,_Z,2018,A,USD,
772.754983,P1Y,0,,A,PU,_Z,2,,,False,WB_WDI,WB_WDI_NY_GDP_PCAP_CD,RWA,_T,_T,_T,_Z,_Z,_Z,2018,A,USD,
4231.814095,P1Y,0,,A,PU,_Z,2,,,False,WB_WDI,WB_WDI_NY_GDP_PCAP_CD,WSM,_T,_T,_T,_Z,_Z,_Z,2018,A,USD,
47950.70763,P1Y,0,,A,PU,_Z,2,,,False,WB_WDI,WB_WDI_NY_GDP_PCAP_CD,SMR,_T,_T,_T,_Z,_Z,_Z,2018,A,USD,
33640.336986,P1Y,0,,A,PU,_Z,2,,,False,WB_WDI,WB_WDI_NY_GDP_PCAP_CD,BHS,_T,_T,_T,_Z,_Z,_Z,2019,A,USD,
27259.74386,P1Y,0,,A,PU,_Z,2,,,False,WB_WDI,WB_WDI_NY_GDP_PCAP_CD,BHR,_T,_T,_T,_Z,_Z,_Z,2019,A,USD,
2129.79897,P1Y,0,,A,PU,_Z,2,,,False,WB_WDI,WB_WDI_NY_GDP_PCAP_CD,BGD,_T,_T,_T,_Z,_Z,_Z,2019,A,USD,
21929.435611,P1Y,0,,A,PU,_Z,2,,,False,WB_WDI,WB_WDI_NY_GDP_PCAP_CD,BRB,_T,_T,_T,_Z,_Z,_Z,2019,A,USD,
6837.773396,P1Y,0,,A,PU,_Z,2,,,False,WB_WDI,WB_WDI_NY_GDP_PCAP_CD,BLR,_T,_T,_T,_Z,_Z,_Z,2019,A,USD,
46716.622747,P1Y,0,,A,PU,_Z,2,,,False,WB_WDI,WB_WDI_NY_GDP_PCAP_CD,BEL,_T,_T,_T,_Z,_Z,_Z,2019,A,USD,
6171.614498,P1Y,0,,A,PU,_Z,2,,,False,WB_WDI,WB_WDI_NY_GDP_PCAP_CD,BLZ,_T,_T,_T,_Z,_Z,_Z,2019,A,USD,
1130.821353,P1Y,0,,A,PU,_Z,2,,,False,WB_WDI,WB_WDI_NY_GDP_PCAP_CD,BEN,_T,_T,_T,_Z,_Z,_Z,2019,A,USD,
115798.040776,P1Y,0,,A,PU,_Z,2,,,False,WB_WDI,WB_WDI_NY_GDP_PCAP_CD,BMU,_T,_T,_T,_Z,_Z,_Z,2019,A,USD,
3576.879871,P1Y,0,,A,PU,_Z,2,,,False,WB_WDI,WB_WDI_NY_GDP_PCAP_CD,BTN,_T,_T,_T,_Z,_Z,_Z,2019,A,USD,
4203.154929,P1Y,0,,A,PU,_Z,2,,,False,WB_WDI,WB_WDI_NY_GDP_PCAP_CD,BOL,_T,_T,_T,_Z,_Z,_Z,2019,A,USD,
1907.732109,P1Y,0,,A,PU,_Z,2,,,False,WB_WDI,WB_WDI_NY_GDP_PCAP_CD,SSF,_T,_T,_T,_Z,_Z,_Z,2014,A,USD,
1906.515577,P1Y,0,,A,PU,_Z,2,,,False,WB_WDI,WB_WDI_NY_GDP_PCAP_CD,SSA,_T,_T,_T,_Z,_Z,_Z,2014,A,USD,
1907.732109,P1Y,0,,A,PU,_Z,2,,,False,WB_WDI,WB_WDI_NY_GDP_PCAP_CD,TSS,_T,_T,_T,_Z,_Z,_Z,2014,A,USD,
7399.155064,P1Y,0,,A,PU,_Z,2,,,False,WB_WDI,WB_WDI_NY_GDP_PCAP_CD,UMC,_T,_T,_T,_Z,_Z,_Z,2014,A,USD,
10912.244778,P1Y,0,,A,PU,_Z,2,,,False,WB_WDI,WB_WDI_NY_GDP_PCAP_CD,WLD,_T,_T,_T,_Z,_Z,_Z,2014,A,USD,
625.054942,P1Y,0,,A,PU,_Z,2,,,False,WB_WDI,WB_WDI_NY_GDP_PCAP_CD,AFG,_T,_T,_T,_Z,_Z,_Z,2014,A,USD,
4793.597511,P1Y,0,,A,PU,_Z,2,,,False,WB_WDI,WB_WDI_NY_GDP_PCAP_CD,ALB,_T,_T,_T,_Z,_Z,_Z,2014,A,USD,
6094.693923,P1Y,0,,A,PU,_Z,2,,,False,WB_WDI,WB_WDI_NY_GDP_PCAP_CD,DZA,_T,_T,_T,_Z,_Z,_Z,2014,A,USD,
12026.334493,P1Y,0,,A,PU,_Z,2,,,False,WB_WDI,WB_WDI_NY_GDP_PCAP_CD,ASM,_T,_T,_T,_Z,_Z,_Z,2014,A,USD,
44369.659689,P1Y,0,,A,PU,_Z,2,,,False,WB_WDI,WB_WDI_NY_GDP_PCAP_CD,AND,_T,_T,_T,_Z,_Z,_Z,2014,A,USD,
5649.687625,P1Y,0,,A,PU,_Z,2,,,False,WB_WDI,WB_WDI_NY_GDP_PCAP_CD,AGO,_T,_T,_T,_Z,_Z,_Z,2014,A,USD,
15532.106206,P1Y,0,,A,PU,_Z,2,,,False,WB_WDI,WB_WDI_NY_GDP_PCAP_CD,ATG,_T,_T,_T,_Z,_Z,_Z,2014,A,USD,
12233.144412,P1Y,0,,A,PU,_Z,2,,,False,WB_WDI,WB_WDI_NY_GDP_PCAP_CD,ARG,_T,_T,_T,_Z,_Z,_Z,2014,A,USD,
32652.015595,P1Y,0,,A,PU,_Z,2,,,False,WB_WDI,WB_WDI_NY_GDP_PCAP_CD,ESP,_T,_T,_T,_Z,_Z,_Z,2007,A,USD,
1578.634511,P1Y,0,,A,PU,_Z,2,,,False,WB_WDI,WB_WDI_NY_GDP_PCAP_CD,LKA,_T,_T,_T,_Z,_Z,_Z,2007,A,USD,
14757.957975,P1Y,0,,A,PU,_Z,2,,,False,WB_WDI,WB_WDI_NY_GDP_PCAP_CD,KNA,_T,_T,_T,_Z,_Z,_Z,2007,A,USD,
7964.382115,P1Y,0,,A,PU,_Z,2,,,False,WB_WDI,WB_WDI_NY_GDP_PCAP_CD,LCA,_T,_T,_T,_Z,_Z,_Z,2007,A,USD,
6398.191235,P1Y,0,,A,PU,_Z,2,,,False,WB_WDI,WB_WDI_NY_GDP_PCAP_CD,VCT,_T,_T,_T,_Z,_Z,_Z,2007,A,USD,
1444.372192,P1Y,0,,A,PU,_Z,2,,,False,WB_WDI,WB_WDI_NY_GDP_PCAP_CD,SDN,_T,_T,_T,_Z,_Z,_Z,2007,A,USD,
5530.176156,P1Y,0,,A,PU,_Z,2,,,False,WB_WDI,WB_WDI_NY_GDP_PCAP_CD,SUR,_T,_T,_T,_Z,_Z,_Z,2007,A,USD,
53568.305779,P1Y,0,,A,PU,_Z,2,,,False,WB_WDI,WB_WDI_NY_GDP_PCAP_CD,SWE,_T,_T,_T,_Z,_Z,_Z,2007,A,USD,
66082.123398,P1Y,0,,A,PU,_Z,2,,,False,WB_WDI,WB_WDI_NY_GDP_PCAP_CD,CHE,_T,_T,_T,_Z,_Z,_Z,2007,A,USD,
1937.611991,P1Y,0,,A,PU,_Z,2,,,False,WB_WDI,WB_WDI_NY_GDP_PCAP_CD,SYR,_T,_T,_T,_Z,_Z,_Z,2007,A,USD,
516.997211,P1Y,0,,A,PU,_Z,2,,,False,WB_WDI,WB_WDI_NY_GDP_PCAP_CD,TJK,_T,_T,_T,_Z,_Z,_Z,2007,A,USD,
543.198303,P1Y,0,,A,PU,_Z,2,,,False,WB_WDI,WB_WDI_NY_GDP_PCAP_CD,TZA,_T,_T,_T,_Z,_Z,_Z,2007,A,USD,
595.743074,P1Y,0,,A,PU,_Z,2,,,False,WB_WDI,WB_WDI_NY_GDP_PCAP_CD,COD,_T,_T,_T,_Z,_Z,_Z,2021,A,USD,
2516.162551,P1Y,0,,A,PU,_Z,2,,,False,WB_WDI,WB_WDI_NY_GDP_PCAP_CD,COG,_T,_T,_T,_Z,_Z,_Z,2021,A,USD,
12962.271608,P1Y,0,,A,PU,_Z,2,,,False,WB_WDI,WB_WDI_NY_GDP_PCAP_CD,CRI,_T,_T,_T,_Z,_Z,_Z,2021,A,USD,
2455.981276,P1Y,0,,A,PU,_Z,2,,,False,WB_WDI,WB_WDI_NY_GDP_PCAP_CD,CIV,_T,_T,_T,_Z,_Z,_Z,2021,A,USD,
17788.760116,P1Y,0,,A,PU,_Z,2,,,False,WB_WDI,WB_WDI_NY_GDP_PCAP_CD,HRV,_T,_T,_T,_Z,_Z,_Z,2021,A,USD,
17795.582648,P1Y,0,,A,PU,_Z,2,,,False,WB_WDI,WB_WDI_NY_GDP_PCAP_CD,CUW,_T,_T,_T,_Z,_Z,_Z,2021,A,USD,
32937.835938,P1Y,0,,A,PU,_Z,2,,,False,WB_WDI,WB_WDI_NY_GDP_PCAP_CD,CYP,_T,_T,_T,_Z,_Z,_Z,2021,A,USD,
27696.461953,P1Y,0,,A,PU,_Z,2,,,False,WB_WDI,WB_WDI_NY_GDP_PCAP_CD,CZE,_T,_T,_T,_Z,_Z,_Z,2021,A,USD,
69340.733492,P1Y,0,,A,PU,_Z,2,,,False,WB_WDI,WB_WDI_NY_GDP_PCAP_CD,DNK,_T,_T,_T,_Z,_Z,_Z,2021,A,USD,
3025.911264,P1Y,0,,A,PU,_Z,2,,,False,WB_WDI,WB_WDI_NY_GDP_PCAP_CD,DJI,_T,_T,_T,_Z,_Z,_Z,2021,A,USD,
8239.263868,P1Y,0,,A,PU,_Z,2,,,False,WB_WDI,WB_WDI_NY_GDP_PCAP_CD,PLW,_T,_T,_T,_Z,_Z,_Z,2001,A,USD,
3991.776708,P1Y,0,,A,PU,_Z,2,,,False,WB_WDI,WB_WDI_NY_GDP_PCAP_CD,PAN,_T,_T,_T,_Z,_Z,_Z,2001,A,USD,
537.84746,P1Y,0,,A,PU,_Z,2,,,False,WB_WDI,WB_WDI_NY_GDP_PCAP_CD,PNG,_T,_T,_T,_Z,_Z,_Z,2001,A,USD,
1637.686151,P1Y,0,,A,PU,_Z,2,,,False,WB_WDI,WB_WDI_NY_GDP_PCAP_CD,PRY,_T,_T,_T,_Z,_Z,_Z,2001,A,USD,
1929.57273,P1Y,0,,A,PU,_Z,2,,,False,WB_WDI,WB_WDI_NY_GDP_PCAP_CD,PER,_T,_T,_T,_Z,_Z,_Z,2001,A,USD,
969.530612,P1Y,0,,A,PU,_Z,2,,,False,WB_WDI,WB_WDI_NY_GDP_PCAP_CD,PHL,_T,_T,_T,_Z,_Z,_Z,2001,A,USD,
5015.2379,P1Y,0,,A,PU,_Z,2,,,False,WB_WDI,WB_WDI_NY_GDP_PCAP_CD,POL,_T,_T,_T,_Z,_Z,_Z,2001,A,USD,
11734.764974,P1Y,0,,A,PU,_Z,2,,,False,WB_WDI,WB_WDI_NY_GDP_PCAP_CD,PRT,_T,_T,_T,_Z,_Z,_Z,2001,A,USD,
18123.198702,P1Y,0,,A,PU,_Z,2,,,False,WB_WDI,WB_WDI_NY_GDP_PCAP_CD,PRI,_T,_T,_T,_Z,_Z,_Z,2001,A,USD,
25870.799186,P1Y,0,,A,PU,_Z,2,,,False,WB_WDI,WB_WDI_NY_GDP_PCAP_CD,QAT,_T,_T,_T,_Z,_Z,_Z,2001,A,USD,
1825.192994,P1Y,0,,A,PU,_Z,2,,,False,WB_WDI,WB_WDI_NY_GDP_PCAP_CD,ROU,_T,_T,_T,_Z,_Z,_Z,2001,A,USD,
2100.352539,P1Y,0,,A,PU,_Z,2,,,False,WB_WDI,WB_WDI_NY_GDP_PCAP_CD,RUS,_T,_T,_T,_Z,_Z,_Z,2001,A,USD,
237.308846,P1Y,0,,A,PU,_Z,2,,,False,WB_WDI,WB_WDI_NY_GDP_PCAP_CD,RWA,_T,_T,_T,_Z,_Z,_Z,2001,A,USD,
1864.706861,P1Y,0,,A,PU,_Z,2,,,False,WB_WDI,WB_WDI_NY_GDP_PCAP_CD,SSF,_T,_T,_T,_Z,_Z,_Z,2022,A,USD,
1863.260401,P1Y,0,,A,PU,_Z,2,,,False,WB_WDI,WB_WDI_NY_GDP_PCAP_CD,SSA,_T,_T,_T,_Z,_Z,_Z,2022,A,USD,
1864.706861,P1Y,0,,A,PU,_Z,2,,,False,WB_WDI,WB_WDI_NY_GDP_PCAP_CD,TSS,_T,_T,_T,_Z,_Z,_Z,2022,A,USD,
9796.272447,P1Y,0,,A,PU,_Z,2,,,False,WB_WDI,WB_WDI_NY_GDP_PCAP_CD,UMC,_T,_T,_T,_Z,_Z,_Z,2022,A,USD,
12876.237712,P1Y,0,,A,PU,_Z,2,,,False,WB_WDI,WB_WDI_NY_GDP_PCAP_CD,WLD,_T,_T,_T,_Z,_Z,_Z,2022,A,USD,
357.261153,P1Y,0,,A,PU,_Z,2,,,False,WB_WDI,WB_WDI_NY_GDP_PCAP_CD,AFG,_T,_T,_T,_Z,_Z,_Z,2022,A,USD,
7756.961887,P1Y,0,,A,PU,_Z,2,,,False,WB_WDI,WB_WDI_NY_GDP_PCAP_CD,ALB,_T,_T,_T,_Z,_Z,_Z,2022,A,USD,
4960.303343,P1Y,0,,A,PU,_Z,2,,,False,WB_WDI,WB_WDI_NY_GDP_PCAP_CD,DZA,_T,_T,_T,_Z,_Z,_Z,2022,A,USD,
18017.458938,P1Y,0,,A,PU,_Z,2,,,True,WB_WDI,WB_WDI_NY_GDP_PCAP_CD,ASM,_T,_T,_T,_Z,_Z,_Z,2022,A,USD,
42414.059011,P1Y,0,,A,PU,_Z,2,,,False,WB_WDI,WB_WDI_NY_GDP_PCAP_CD,AND,_T,_T,_T,_Z,_Z,_Z,2022,A,USD,
3598.536691,P1Y,0,,A,PU,_Z,2,,,False,WB_WDI,WB_WDI_NY_GDP_PCAP_CD,AGO,_T,_T,_T,_Z,_Z,_Z,2022,A,USD,
20003.390939,P1Y,0,,A,PU,_Z,2,,,False,WB_WDI,WB_WDI_NY_GDP_PCAP_CD,ATG,_T,_T,_T,_Z,_Z,_Z,2022,A,USD,
13962.189409,P1Y,0,,A,PU,_Z,2,,,False,WB_WDI,WB_WDI_NY_GDP_PCAP_CD,ARG,_T,_T,_T,_Z,_Z,_Z,2022,A,USD,
6571.974455,P1Y,0,,A,PU,_Z,2,,,False,WB_WDI,WB_WDI_NY_GDP_PCAP_CD,ARM,_T,_T,_T,_Z,_Z,_Z,2022,A,USD,
3764.344262,P1Y,0,,A,PU,_Z,2,,,False,WB_WDI,WB_WDI_NY_GDP_PCAP_CD,MHL,_T,_T,_T,_Z,_Z,_Z,2015,A,USD,
1558.842055,P1Y,0,,A,PU,_Z,2,,,False,WB_WDI,WB_WDI_NY_GDP_PCAP_CD,MRT,_T,_T,_T,_Z,_Z,_Z,2015,A,USD,
9630.543784,P1Y,0,,A,PU,_Z,2,,,False,WB_WDI,WB_WDI_NY_GDP_PCAP_CD,MUS,_T,_T,_T,_Z,_Z,_Z,2015,A,USD,
10021.238611,P1Y,0,,A,PU,_Z,2,,,False,WB_WDI,WB_WDI_NY_GDP_PCAP_CD,MEX,_T,_T,_T,_Z,_Z,_Z,2015,A,USD,
2869.862762,P1Y,0,,A,PU,_Z,2,,,False,WB_WDI,WB_WDI_NY_GDP_PCAP_CD,FSM,_T,_T,_T,_Z,_Z,_Z,2015,A,USD,
2749.551371,P1Y,0,,A,PU,_Z,2,,,False,WB_WDI,WB_WDI_NY_GDP_PCAP_CD,MDA,_T,_T,_T,_Z,_Z,_Z,2015,A,USD,
170437.021129,P1Y,0,,A,PU,_Z,2,,,False,WB_WDI,WB_WDI_NY_GDP_PCAP_CD,MCO,_T,_T,_T,_Z,_Z,_Z,2015,A,USD,
3838.92127,P1Y,0,,A,PU,_Z,2,,,False,WB_WDI,WB_WDI_NY_GDP_PCAP_CD,MNG,_T,_T,_T,_Z,_Z,_Z,2015,A,USD,
6421.000057,P1Y,0,,A,PU,_Z,2,,,False,WB_WDI,WB_WDI_NY_GDP_PCAP_CD,MNE,_T,_T,_T,_Z,_Z,_Z,2015,A,USD,
3146.247803,P1Y,0,,A,PU,_Z,2,,,False,WB_WDI,WB_WDI_NY_GDP_PCAP_CD,MAR,_T,_T,_T,_Z,_Z,_Z,2015,A,USD,
610.563775,P1Y,0,,A,PU,_Z,2,,,False,WB_WDI,WB_WDI_NY_GDP_PCAP_CD,MOZ,_T,_T,_T,_Z,_Z,_Z,2015,A,USD,
1578.36733,P1Y,0,,A,PU,_Z,2,,,False,WB_WDI,WB_WDI_NY_GDP_PCAP_CD,AZE,_T,_T,_T,_Z,_Z,_Z,2005,A,USD,
28602.418187,P1Y,0,,A,PU,_Z,2,,,False,WB_WDI,WB_WDI_NY_GDP_PCAP_CD,BHS,_T,_T,_T,_Z,_Z,_Z,2005,A,USD,
17966.165784,P1Y,0,,A,PU,_Z,2,,,False,WB_WDI,WB_WDI_NY_GDP_PCAP_CD,BHR,_T,_T,_T,_Z,_Z,_Z,2005,A,USD,
480.085851,P1Y,0,,A,PU,_Z,2,,,False,WB_WDI,WB_WDI_NY_GDP_PCAP_CD,BGD,_T,_T,_T,_Z,_Z,_Z,2005,A,USD,
14214.420221,P1Y,0,,A,PU,_Z,2,,,False,WB_WDI,WB_WDI_NY_GDP_PCAP_CD,BRB,_T,_T,_T,_Z,_Z,_Z,2005,A,USD,
3126.071767,P1Y,0,,A,PU,_Z,2,,,False,WB_WDI,WB_WDI_NY_GDP_PCAP_CD,BLR,_T,_T,_T,_Z,_Z,_Z,2005,A,USD,
36809.70134,P1Y,0,,A,PU,_Z,2,,,False,WB_WDI,WB_WDI_NY_GDP_PCAP_CD,BEL,_T,_T,_T,_Z,_Z,_Z,2005,A,USD,
5270.414791,P1Y,0,,A,PU,_Z,2,,,False,WB_WDI,WB_WDI_NY_GDP_PCAP_CD,BLZ,_T,_T,_T,_Z,_Z,_Z,2005,A,USD,
779.437778,P1Y,0,,A,PU,_Z,2,,,False,WB_WDI,WB_WDI_NY_GDP_PCAP_CD,BEN,_T,_T,_T,_Z,_Z,_Z,2005,A,USD,
77628.103523,P1Y,0,,A,PU,_Z,2,,,False,WB_WDI,WB_WDI_NY_GDP_PCAP_CD,BMU,_T,_T,_T,_Z,_Z,_Z,2005,A,USD,
1299.949386,P1Y,0,,A,PU,_Z,2,,,False,WB_WDI,WB_WDI_NY_GDP_PCAP_CD,BTN,_T,_T,_T,_Z,_Z,_Z,2005,A,USD,
1020.123262,P1Y,0,,A,PU,_Z,2,,,False,WB_WDI,WB_WDI_NY_GDP_PCAP_CD,BOL,_T,_T,_T,_Z,_Z,_Z,2005,A,USD,
43313.76682,P1Y,0,,A,PU,_Z,2,,,False,WB_WDI,WB_WDI_NY_GDP_PCAP_CD,EUU,_T,_T,_T,_Z,_Z,_Z,2024,A,USD,
1220.845771,P1Y,0,,A,PU,_Z,2,,,False,WB_WDI,WB_WDI_NY_GDP_PCAP_CD,HPC,_T,_T,_T,_Z,_Z,_Z,2024,A,USD,
50907.276147,P1Y,0,,A,PU,_Z,2,,,False,WB_WDI,WB_WDI_NY_GDP_PCAP_CD,HIC,_T,_T,_T,_Z,_Z,_Z,2024,A,USD,
8186.574761,P1Y,0,,A,PU,_Z,2,,,False,WB_WDI,WB_WDI_NY_GDP_PCAP_CD,IBD,_T,_T,_T,_Z,_Z,_Z,2024,A,USD,
6304.397,P1Y,0,,A,PU,_Z,2,,,False,WB_WDI,WB_WDI_NY_GDP_PCAP_CD,IBT,_T,_T,_T,_Z,_Z,_Z,2024,A,USD,
1658.962909,P1Y,0,,A,PU,_Z,2,,,False,WB_WDI,WB_WDI_NY_GDP_PCAP_CD,IDB,_T,_T,_T,_Z,_Z,_Z,2024,A,USD,
1395.67576,P1Y,0,,A,PU,_Z,2,,,False,WB_WDI,WB_WDI_NY_GDP_PCAP_CD,IDX,_T,_T,_T,_Z,_Z,_Z,2024,A,USD,
1487.280321,P1Y,0,,A,PU,_Z,2,,,False,WB_WDI,WB_WDI_NY_GDP_PCAP_CD,IDA,_T,_T,_T,_Z,_Z,_Z,2024,A,USD,
12874.643638,P1Y,0,,A,PU,_Z,2,,,False,WB_WDI,WB_WDI_NY_GDP_PCAP_CD,LTE,_T,_T,_T,_Z,_Z,_Z,2024,A,USD,
10705.10678,P1Y,0,,A,PU,_Z,2,,,False,WB_WDI,WB_WDI_NY_GDP_PCAP_CD,LCN,_T,_T,_T,_Z,_Z,_Z,2024,A,USD,
10065.502906,P1Y,0,,A,PU,_Z,2,,,False,WB_WDI,WB_WDI_NY_GDP_PCAP_CD,LAC,_T,_T,_T,_Z,_Z,_Z,2024,A,USD,
10441.468578,P1Y,0,,A,PU,_Z,2,,,False,WB_WDI,WB_WDI_NY_GDP_PCAP_CD,TLA,_T,_T,_T,_Z,_Z,_Z,2024,A,USD,
1299.443689,P1Y,0,,A,PU,_Z,2,,,False,WB_WDI,WB_WDI_NY_GDP_PCAP_CD,LDC,_T,_T,_T,_Z,_Z,_Z,2024,A,USD,
5874.030804,P1Y,0,,A,PU,_Z,2,,,False,WB_WDI,WB_WDI_NY_GDP_PCAP_CD,LMY,_T,_T,_T,_Z,_Z,_Z,2024,A,USD,
808.500565,P1Y,0,,A,PU,_Z,2,,,False,WB_WDI,WB_WDI_NY_GDP_PCAP_CD,LIC,_T,_T,_T,_Z,_Z,_Z,2024,A,USD,
2354.154176,P1Y,0,,A,PU,_Z,2,,,False,WB_WDI,WB_WDI_NY_GDP_PCAP_CD,LMC,_T,_T,_T,_Z,_Z,_Z,2024,A,USD,
6275.434696,P1Y,0,,A,PU,_Z,2,,,False,WB_WDI,WB_WDI_NY_GDP_PCAP_CD,MEA,_T,_T,_T,_Z,_Z,_Z,2024,A,USD,
2963.069137,P1Y,0,,A,PU,_Z,2,,,False,WB_WDI,WB_WDI_NY_GDP_PCAP_CD,MNA,_T,_T,_T,_Z,_Z,_Z,2024,A,USD,
2962.600946,P1Y,0,,A,PU,_Z,2,,,False,WB_WDI,WB_WDI_NY_GDP_PCAP_CD,TMN,_T,_T,_T,_Z,_Z,_Z,2024,A,USD,
6507.457272,P1Y,0,,A,PU,_Z,2,,,False,WB_WDI,WB_WDI_NY_GDP_PCAP_CD,MIC,_T,_T,_T,_Z,_Z,_Z,2024,A,USD,
3028.254813,P1Y,0,,A,PU,_Z,2,,,False,WB_WDI,WB_WDI_NY_GDP_PCAP_CD,PSE,_T,_T,_T,_Z,_Z,_Z,2024,A,USD,
1187.109434,P1Y,0,,A,PU,_Z,2,,,False,WB_WDI,WB_WDI_NY_GDP_PCAP_CD,ZMB,_T,_T,_T,_Z,_Z,_Z,2024,A,USD,
2496.15515,P1Y,0,,A,PU,_Z,2,,,False,WB_WDI,WB_WDI_NY_GDP_PCAP_CD,ZWE,_T,_T,_T,_Z,_Z,_Z,2024,A,USD,
2847.876395,P1Y,0,,A,PU,_Z,2,,,False,WB_WDI,WB_WDI_NY_GDP_PCAP_CD,NIC,_T,_T,_T,_Z,_Z,_Z,2024,A,USD,
729.856664,P1Y,0,,A,PU,_Z,2,,,False,WB_WDI,WB_WDI_NY_GDP_PCAP_CD,NER,_T,_T,_T,_Z,_Z,_Z,2024,A,USD,
1084.160418,P1Y,0,,A,PU,_Z,2,,,False,WB_WDI,WB_WDI_NY_GDP_PCAP_CD,NGA,_T,_T,_T,_Z,_Z,_Z,2024,A,USD,
9291.856604,P1Y,0,,A,PU,_Z,2,,,False,WB_WDI,WB_WDI_NY_GDP_PCAP_CD,MKD,_T,_T,_T,_Z,_Z,_Z,2024,A,USD,
89888.95352,P1Y,0,,A,PU,_Z,2,,,False,WB_WDI,WB_WDI_NY_GDP_PCAP_CD,NOR,_T,_T,_T,_Z,_Z,_Z,2024,A,USD,
20285.227277,P1Y,0,,A,PU,_Z,2,,,False,WB_WDI,WB_WDI_NY_GDP_PCAP_CD,OMN,_T,_T,_T,_Z,_Z,_Z,2024,A,USD,
1479.477552,P1Y,0,,A,PU,_Z,2,,,False,WB_WDI,WB_WDI_NY_GDP_PCAP_CD,PAK,_T,_T,_T,_Z,_Z,_Z,2024,A,USD,
18169.076717,P1Y,0,,A,PU,_Z,2,,,False,WB_WDI,WB_WDI_NY_GDP_PCAP_CD,PLW,_T,_T,_T,_Z,_Z,_Z,2024,A,USD,
19161.218843,P1Y,0,,A,PU,_Z,2,,,False,WB_WDI,WB_WDI_NY_GDP_PCAP_CD,PAN,_T,_T,_T,_Z,_Z,_Z,2024,A,USD,
2912.491407,P1Y,0,,A,PU,_Z,2,,,False,WB_WDI,WB_WDI_NY_GDP_PCAP_CD,PNG,_T,_T,_T,_Z,_Z,_Z,2024,A,USD,
6456.607231,P1Y,0,,A,PU,_Z,2,,,False,WB_WDI,WB_WDI_NY_GDP_PCAP_CD,PRY,_T,_T,_T,_Z,_Z,_Z,2024,A,USD,
8526.296657,P1Y,0,,A,PU,_Z,2,,,False,WB_WDI,WB_WDI_NY_GDP_PCAP_CD,PER,_T,_T,_T,_Z,_Z,_Z,2024,A,USD,
3985.294647,P1Y,0,,A,PU,_Z,2,,,False,WB_WDI,WB_WDI_NY_GDP_PCAP_CD,PHL,_T,_T,_T,_Z,_Z,_Z,2024,A,USD,
25103.565661,P1Y,0,,A,PU,_Z,2,,,False,WB_WDI,WB_WDI_NY_GDP_PCAP_CD,POL,_T,_T,_T,_Z,_Z,_Z,2024,A,USD,
29328.306742,P1Y,0,,A,PU,_Z,2,,,False,WB_WDI,WB_WDI_NY_GDP_PCAP_CD,PRT,_T,_T,_T,_Z,_Z,_Z,2024,A,USD,
39353.224236,P1Y,0,,A,PU,_Z,2,,,False,WB_WDI,WB_WDI_NY_GDP_PCAP_CD,PRI,_T,_T,_T,_Z,_Z,_Z,2024,A,USD,
4421.166099,P1Y,0,,A,PU,_Z,2,,,False,WB_WDI,WB_WDI_NY_GDP_PCAP_CD,BOL,_T,_T,_T,_Z,_Z,_Z,2024,A,USD,
9397.909429,P1Y,0,,A,PU,_Z,2,,,False,WB_WDI,WB_WDI_NY_GDP_PCAP_CD,BIH,_T,_T,_T,_Z,_Z,_Z,2024,A,USD,
7649.816637,P1Y,0,,A,PU,_Z,2,,,False,WB_WDI,WB_WDI_NY_GDP_PCAP_CD,BWA,_T,_T,_T,_Z,_Z,_Z,2024,A,USD,
10310.548697,P1Y,0,,A,PU,_Z,2,,,False,WB_WDI,WB_WDI_NY_GDP_PCAP_CD,BRA,_T,_T,_T,_Z,_Z,_Z,2024,A,USD,
33153.473891,P1Y,0,,A,PU,_Z,2,,,False,WB_WDI,WB_WDI_NY_GDP_PCAP_CD,BRN,_T,_T,_T,_Z,_Z,_Z,2024,A,USD,
17596.916762,P1Y,0,,A,PU,_Z,2,,,False,WB_WDI,WB_WDI_NY_GDP_PCAP_CD,BGR,_T,_T,_T,_Z,_Z,_Z,2024,A,USD,
982.4931,P1Y,0,,A,PU,_Z,2,,,False,WB_WDI,WB_WDI_NY_GDP_PCAP_CD,BFA,_T,_T,_T,_Z,_Z,_Z,2024,A,USD,
216.231929,P1Y,0,,A,PU,_Z,2,,,False,WB_WDI,WB_WDI_NY_GDP_PCAP_CD,BDI,_T,_T,_T,_Z,_Z,_Z,2024,A,USD,
5170.205319,P1Y,0,,A,PU,_Z,2,,,False,WB_WDI,WB_WDI_NY_GDP_PCAP_CD,CPV,_T,_T,_T,_Z,_Z,_Z,2024,A,USD,
2627.879698,P1Y,0,,A,PU,_Z,2,,,False,WB_WDI,WB_WDI_NY_GDP_PCAP_CD,KHM,_T,_T,_T,_Z,_Z,_Z,2024,A,USD,
1830.008337,P1Y,0,,A,PU,_Z,2,,,False,WB_WDI,WB_WDI_NY_GDP_PCAP_CD,CMR,_T,_T,_T,_Z,_Z,_Z,2024,A,USD,
55015.706692,P1Y,0,,A,PU,_Z,2,,,False,WB_WDI,WB_WDI_NY_GDP_PCAP_CD,CAN,_T,_T,_T,_Z,_Z,_Z,2024,A,USD,
104292.900672,P1Y,0,,A,PU,_Z,2,,,True,WB_WDI,WB_WDI_NY_GDP_PCAP_CD,CYM,_T,_T,_T,_Z,_Z,_Z,2024,A,USD,
516.161,P1Y,0,,A,PU,_Z,2,,,False,WB_WDI,WB_WDI_NY_GDP_PCAP_CD,CAF,_T,_T,_T,_Z,_Z,_Z,2024,A,USD,
980.668312,P1Y,0,,A,PU,_Z,2,,,False,WB_WDI,WB_WDI_NY_GDP_PCAP_CD,TCD,_T,_T,_T,_Z,_Z,_Z,2024,A,USD,
778.915066,P1Y,0,,A,PU,_Z,2,,,False,WB_WDI,WB_WDI_NY_GDP_PCAP_CD,LIC,_T,_T,_T,_Z,_Z,_Z,2022,A,USD,
2347.993298,P1Y,0,,A,PU,_Z,2,,,False,WB_WDI,WB_WDI_NY_GDP_PCAP_CD,LMC,_T,_T,_T,_Z,_Z,_Z,2022,A,USD,
6436.740303,P1Y,0,,A,PU,_Z,2,,,False,WB_WDI,WB_WDI_NY_GDP_PCAP_CD,MEA,_T,_T,_T,_Z,_Z,_Z,2022,A,USD,
3022.548143,P1Y,0,,A,PU,_Z,2,,,False,WB_WDI,WB_WDI_NY_GDP_PCAP_CD,MNA,_T,_T,_T,_Z,_Z,_Z,2022,A,USD,
3017.037064,P1Y,0,,A,PU,_Z,2,,,False,WB_WDI,WB_WDI_NY_GDP_PCAP_CD,TMN,_T,_T,_T,_Z,_Z,_Z,2022,A,USD,
6209.927273,P1Y,0,,A,PU,_Z,2,,,False,WB_WDI,WB_WDI_NY_GDP_PCAP_CD,MIC,_T,_T,_T,_Z,_Z,_Z,2022,A,USD,
75769.697547,P1Y,0,,A,PU,_Z,2,,,False,WB_WDI,WB_WDI_NY_GDP_PCAP_CD,NAC,_T,_T,_T,_Z,_Z,_Z,2022,A,USD,
44455.835774,P1Y,0,,A,PU,_Z,2,,,False,WB_WDI,WB_WDI_NY_GDP_PCAP_CD,OED,_T,_T,_T,_Z,_Z,_Z,2022,A,USD,
14326.308166,P1Y,0,,A,PU,_Z,2,,,False,WB_WDI,WB_WDI_NY_GDP_PCAP_CD,OSS,_T,_T,_T,_Z,_Z,_Z,2022,A,USD,
3941.901284,P1Y,0,,A,PU,_Z,2,,,False,WB_WDI,WB_WDI_NY_GDP_PCAP_CD,PSS,_T,_T,_T,_Z,_Z,_Z,2022,A,USD,
51597.018278,P1Y,0,,A,PU,_Z,2,,,False,WB_WDI,WB_WDI_NY_GDP_PCAP_CD,PST,_T,_T,_T,_Z,_Z,_Z,2022,A,USD,
1769.191472,P1Y,0,,A,PU,_Z,2,,,False,WB_WDI,WB_WDI_NY_GDP_PCAP_CD,PRE,_T,_T,_T,_Z,_Z,_Z,2022,A,USD,
13644.502983,P1Y,0,,A,PU,_Z,2,,,False,WB_WDI,WB_WDI_NY_GDP_PCAP_CD,SST,_T,_T,_T,_Z,_Z,_Z,2022,A,USD,
2326.728906,P1Y,0,,A,PU,_Z,2,,,False,WB_WDI,WB_WDI_NY_GDP_PCAP_CD,SAS,_T,_T,_T,_Z,_Z,_Z,2022,A,USD,
2326.728906,P1Y,0,,A,PU,_Z,2,,,False,WB_WDI,WB_WDI_NY_GDP_PCAP_CD,TSA,_T,_T,_T,_Z,_Z,_Z,2022,A,USD,
629.538899,P1Y,0,,A,PU,_Z,2,,,False,WB_WDI,WB_WDI_NY_GDP_PCAP_CD,SOM,_T,_T,_T,_Z,_Z,_Z,2024,A,USD,
6267.186814,P1Y,0,,A,PU,_Z,2,,,False,WB_WDI,WB_WDI_NY_GDP_PCAP_CD,ZAF,_T,_T,_T,_Z,_Z,_Z,2024,A,USD,
35326.768307,P1Y,0,,A,PU,_Z,2,,,False,WB_WDI,WB_WDI_NY_GDP_PCAP_CD,ESP,_T,_T,_T,_Z,_Z,_Z,2024,A,USD,
4545.360069,P1Y,0,,A,PU,_Z,2,,,False,WB_WDI,WB_WDI_NY_GDP_PCAP_CD,LKA,_T,_T,_T,_Z,_Z,_Z,2024,A,USD,
23960.653436,P1Y,0,,A,PU,_Z,2,,,False,WB_WDI,WB_WDI_NY_GDP_PCAP_CD,KNA,_T,_T,_T,_Z,_Z,_Z,2024,A,USD,
14493.658471,P1Y,0,,A,PU,_Z,2,,,False,WB_WDI,WB_WDI_NY_GDP_PCAP_CD,LCA,_T,_T,_T,_Z,_Z,_Z,2024,A,USD,
11501.226519,P1Y,0,,A,PU,_Z,2,,,False,WB_WDI,WB_WDI_NY_GDP_PCAP_CD,VCT,_T,_T,_T,_Z,_Z,_Z,2024,A,USD,
984.607666,P1Y,0,,A,PU,_Z,2,,,False,WB_WDI,WB_WDI_NY_GDP_PCAP_CD,SDN,_T,_T,_T,_Z,_Z,_Z,2024,A,USD,
6961.789561,P1Y,0,,A,PU,_Z,2,,,False,WB_WDI,WB_WDI_NY_GDP_PCAP_CD,SUR,_T,_T,_T,_Z,_Z,_Z,2024,A,USD,
57222.710057,P1Y,0,,A,PU,_Z,2,,,False,WB_WDI,WB_WDI_NY_GDP_PCAP_CD,SWE,_T,_T,_T,_Z,_Z,_Z,2024,A,USD,
107702.06594,P1Y,0,,A,PU,_Z,2,,,False,WB_WDI,WB_WDI_NY_GDP_PCAP_CD,CHE,_T,_T,_T,_Z,_Z,_Z,2024,A,USD,
1362.0256,P1Y,0,,A,PU,_Z,2,,,False,WB_WDI,WB_WDI_NY_GDP_PCAP_CD,TJK,_T,_T,_T,_Z,_Z,_Z,2024,A,USD,
1192.606689,P1Y,0,,A,PU,_Z,2,,,False,WB_WDI,WB_WDI_NY_GDP_PCAP_CD,TZA,_T,_T,_T,_Z,_Z,_Z,2024,A,USD,
7386.636151,P1Y,0,,A,PU,_Z,2,,,False,WB_WDI,WB_WDI_NY_GDP_PCAP_CD,THA,_T,_T,_T,_Z,_Z,_Z,2024,A,USD,
1331.970513,P1Y,0,,A,PU,_Z,2,,,False,WB_WDI,WB_WDI_NY_GDP_PCAP_CD,TLS,_T,_T,_T,_Z,_Z,_Z,2024,A,USD,
3240.202408,P1Y,0,,A,PU,_Z,2,,,False,WB_WDI,WB_WDI_NY_GDP_PCAP_CD,TMN,_T,_T,_T,_Z,_Z,_Z,2011,A,USD,
4240.03549,P1Y,0,,A,PU,_Z,2,,,False,WB_WDI,WB_WDI_NY_GDP_PCAP_CD,MIC,_T,_T,_T,_Z,_Z,_Z,2011,A,USD,
50252.019005,P1Y,0,,A,PU,_Z,2,,,False,WB_WDI,WB_WDI_NY_GDP_PCAP_CD,NAC,_T,_T,_T,_Z,_Z,_Z,2011,A,USD,
37684.316544,P1Y,0,,A,PU,_Z,2,,,False,WB_WDI,WB_WDI_NY_GDP_PCAP_CD,OED,_T,_T,_T,_Z,_Z,_Z,2011,A,USD,
11469.95255,P1Y,0,,A,PU,_Z,2,,,False,WB_WDI,WB_WDI_NY_GDP_PCAP_CD,OSS,_T,_T,_T,_Z,_Z,_Z,2011,A,USD,
3338.307937,P1Y,0,,A,PU,_Z,2,,,False,WB_WDI,WB_WDI_NY_GDP_PCAP_CD,PSS,_T,_T,_T,_Z,_Z,_Z,2011,A,USD,
42699.758191,P1Y,0,,A,PU,_Z,2,,,False,WB_WDI,WB_WDI_NY_GDP_PCAP_CD,PST,_T,_T,_T,_Z,_Z,_Z,2011,A,USD,
1597.767042,P1Y,0,,A,PU,_Z,2,,,False,WB_WDI,WB_WDI_NY_GDP_PCAP_CD,PRE,_T,_T,_T,_Z,_Z,_Z,2011,A,USD,
10887.865386,P1Y,0,,A,PU,_Z,2,,,False,WB_WDI,WB_WDI_NY_GDP_PCAP_CD,SST,_T,_T,_T,_Z,_Z,_Z,2011,A,USD,
1397.006826,P1Y,0,,A,PU,_Z,2,,,False,WB_WDI,WB_WDI_NY_GDP_PCAP_CD,SAS,_T,_T,_T,_Z,_Z,_Z,2011,A,USD,
1397.006826,P1Y,0,,A,PU,_Z,2,,,False,WB_WDI,WB_WDI_NY_GDP_PCAP_CD,TSA,_T,_T,_T,_Z,_Z,_Z,2011,A,USD,
1796.161098,P1Y,0,,A,PU,_Z,2,,,False,WB_WDI,WB_WDI_NY_GDP_PCAP_CD,SSF,_T,_T,_T,_Z,_Z,_Z,2011,A,USD,
1795.179775,P1Y,0,,A,PU,_Z,2,,,False,WB_WDI,WB_WDI_NY_GDP_PCAP_CD,SSA,_T,_T,_T,_Z,_Z,_Z,2011,A,USD,
3420.259086,P1Y,0,,A,PU,_Z,2,,,False,WB_WDI,WB_WDI_NY_GDP_PCAP_CD,TMN,_T,_T,_T,_Z,_Z,_Z,2012,A,USD,
4467.325496,P1Y,0,,A,PU,_Z,2,,,False,WB_WDI,WB_WDI_NY_GDP_PCAP_CD,MIC,_T,_T,_T,_Z,_Z,_Z,2012,A,USD,
51812.86567,P1Y,0,,A,PU,_Z,2,,,False,WB_WDI,WB_WDI_NY_GDP_PCAP_CD,NAC,_T,_T,_T,_Z,_Z,_Z,2012,A,USD,
37418.288933,P1Y,0,,A,PU,_Z,2,,,False,WB_WDI,WB_WDI_NY_GDP_PCAP_CD,OED,_T,_T,_T,_Z,_Z,_Z,2012,A,USD,
11084.414889,P1Y,0,,A,PU,_Z,2,,,False,WB_WDI,WB_WDI_NY_GDP_PCAP_CD,OSS,_T,_T,_T,_Z,_Z,_Z,2012,A,USD,
3493.288312,P1Y,0,,A,PU,_Z,2,,,False,WB_WDI,WB_WDI_NY_GDP_PCAP_CD,PSS,_T,_T,_T,_Z,_Z,_Z,2012,A,USD,
42453.105625,P1Y,0,,A,PU,_Z,2,,,False,WB_WDI,WB_WDI_NY_GDP_PCAP_CD,PST,_T,_T,_T,_Z,_Z,_Z,2012,A,USD,
1687.905594,P1Y,0,,A,PU,_Z,2,,,False,WB_WDI,WB_WDI_NY_GDP_PCAP_CD,PRE,_T,_T,_T,_Z,_Z,_Z,2012,A,USD,
10829.407516,P1Y,0,,A,PU,_Z,2,,,False,WB_WDI,WB_WDI_NY_GDP_PCAP_CD,SST,_T,_T,_T,_Z,_Z,_Z,2012,A,USD,
1387.182059,P1Y,0,,A,PU,_Z,2,,,False,WB_WDI,WB_WDI_NY_GDP_PCAP_CD,SAS,_T,_T,_T,_Z,_Z,_Z,2012,A,USD,
1387.182059,P1Y,0,,A,PU,_Z,2,,,False,WB_WDI,WB_WDI_NY_GDP_PCAP_CD,TSA,_T,_T,_T,_Z,_Z,_Z,2012,A,USD,
1818.061254,P1Y,0,,A,PU,_Z,2,,,False,WB_WDI,WB_WDI_NY_GDP_PCAP_CD,SSF,_T,_T,_T,_Z,_Z,_Z,2012,A,USD,
1817.077738,P1Y,0,,A,PU,_Z,2,,,False,WB_WDI,WB_WDI_NY_GDP_PCAP_CD,SSA,_T,_T,_T,_Z,_Z,_Z,2012,A,USD,
45787.729979,P1Y,0,,A,PU,_Z,2,,,False,WB_WDI,WB_WDI_NY_GDP_PCAP_CD,PST,_T,_T,_T,_Z,_Z,_Z,2018,A,USD,
1452.108114,P1Y,0,,A,PU,_Z,2,,,False,WB_WDI,WB_WDI_NY_GDP_PCAP_CD,PRE,_T,_T,_T,_Z,_Z,_Z,2018,A,USD,
12064.688637,P1Y,0,,A,PU,_Z,2,,,False,WB_WDI,WB_WDI_NY_GDP_PCAP_CD,SST,_T,_T,_T,_Z,_Z,_Z,2018,A,USD,
1988.366333,P1Y,0,,A,PU,_Z,2,,,False,WB_WDI,WB_WDI_NY_GDP_PCAP_CD,SAS,_T,_T,_T,_Z,_Z,_Z,2018,A,USD,
1988.366333,P1Y,0,,A,PU,_Z,2,,,False,WB_WDI,WB_WDI_NY_GDP_PCAP_CD,TSA,_T,_T,_T,_Z,_Z,_Z,2018,A,USD,
1622.595753,P1Y,0,,A,PU,_Z,2,,,False,WB_WDI,WB_WDI_NY_GDP_PCAP_CD,SSF,_T,_T,_T,_Z,_Z,_Z,2018,A,USD,
1621.12852,P1Y,0,,A,PU,_Z,2,,,False,WB_WDI,WB_WDI_NY_GDP_PCAP_CD,SSA,_T,_T,_T,_Z,_Z,_Z,2018,A,USD,
1622.595753,P1Y,0,,A,PU,_Z,2,,,False,WB_WDI,WB_WDI_NY_GDP_PCAP_CD,TSS,_T,_T,_T,_Z,_Z,_Z,2018,A,USD,
8149.602057,P1Y,0,,A,PU,_Z,2,,,False,WB_WDI,WB_WDI_NY_GDP_PCAP_CD,UMC,_T,_T,_T,_Z,_Z,_Z,2018,A,USD,
11344.728169,P1Y,0,,A,PU,_Z,2,,,False,WB_WDI,WB_WDI_NY_GDP_PCAP_CD,WLD,_T,_T,_T,_Z,_Z,_Z,2018,A,USD,
491.337221,P1Y,0,,A,PU,_Z,2,,,False,WB_WDI,WB_WDI_NY_GDP_PCAP_CD,AFG,_T,_T,_T,_Z,_Z,_Z,2018,A,USD,
5897.654526,P1Y,0,,A,PU,_Z,2,,,False,WB_WDI,WB_WDI_NY_GDP_PCAP_CD,ALB,_T,_T,_T,_Z,_Z,_Z,2018,A,USD,
1263.915745,P1Y,0,,A,PU,_Z,2,,,False,WB_WDI,WB_WDI_NY_GDP_PCAP_CD,TMN,_T,_T,_T,_Z,_Z,_Z,2003,A,USD,
1366.507452,P1Y,0,,A,PU,_Z,2,,,False,WB_WDI,WB_WDI_NY_GDP_PCAP_CD,MIC,_T,_T,_T,_Z,_Z,_Z,2003,A,USD,
38395.549733,P1Y,0,,A,PU,_Z,2,,,False,WB_WDI,WB_WDI_NY_GDP_PCAP_CD,NAC,_T,_T,_T,_Z,_Z,_Z,2003,A,USD,
26110.166792,P1Y,0,,A,PU,_Z,2,,,False,WB_WDI,WB_WDI_NY_GDP_PCAP_CD,OED,_T,_T,_T,_Z,_Z,_Z,2003,A,USD,
6311.811775,P1Y,0,,A,PU,_Z,2,,,False,WB_WDI,WB_WDI_NY_GDP_PCAP_CD,OSS,_T,_T,_T,_Z,_Z,_Z,2003,A,USD,
1997.280541,P1Y,0,,A,PU,_Z,2,,,False,WB_WDI,WB_WDI_NY_GDP_PCAP_CD,PSS,_T,_T,_T,_Z,_Z,_Z,2003,A,USD,
29606.295402,P1Y,0,,A,PU,_Z,2,,,False,WB_WDI,WB_WDI_NY_GDP_PCAP_CD,PST,_T,_T,_T,_Z,_Z,_Z,2003,A,USD,
554.62566,P1Y,0,,A,PU,_Z,2,,,False,WB_WDI,WB_WDI_NY_GDP_PCAP_CD,PRE,_T,_T,_T,_Z,_Z,_Z,2003,A,USD,
6060.669966,P1Y,0,,A,PU,_Z,2,,,False,WB_WDI,WB_WDI_NY_GDP_PCAP_CD,SST,_T,_T,_T,_Z,_Z,_Z,2003,A,USD,
532.661547,P1Y,0,,A,PU,_Z,2,,,False,WB_WDI,WB_WDI_NY_GDP_PCAP_CD,SAS,_T,_T,_T,_Z,_Z,_Z,2003,A,USD,
532.661547,P1Y,0,,A,PU,_Z,2,,,False,WB_WDI,WB_WDI_NY_GDP_PCAP_CD,TSA,_T,_T,_T,_Z,_Z,_Z,2003,A,USD,
766.914712,P1Y,0,,A,PU,_Z,2,,,False,WB_WDI,WB_WDI_NY_GDP_PCAP_CD,SSF,_T,_T,_T,_Z,_Z,_Z,2003,A,USD,
765.978126,P1Y,0,,A,PU,_Z,2,,,False,WB_WDI,WB_WDI_NY_GDP_PCAP_CD,SSA,_T,_T,_T,_Z,_Z,_Z,2003,A,USD,
766.914712,P1Y,0,,A,PU,_Z,2,,,False,WB_WDI,WB_WDI_NY_GDP_PCAP_CD,TSS,_T,_T,_T,_Z,_Z,_Z,2003,A,USD,
1935.253252,P1Y,0,,A,PU,_Z,2,,,False,WB_WDI,WB_WDI_NY_GDP_PCAP_CD,UMC,_T,_T,_T,_Z,_Z,_Z,2003,A,USD,
1849.468838,P1Y,0,,A,PU,_Z,2,,,False,WB_WDI,WB_WDI_NY_GDP_PCAP_CD,MIC,_T,_T,_T,_Z,_Z,_Z,2005,A,USD,
43368.601912,P1Y,0,,A,PU,_Z,2,,,False,WB_WDI,WB_WDI_NY_GDP_PCAP_CD,NAC,_T,_T,_T,_Z,_Z,_Z,2005,A,USD,
30304.500783,P1Y,0,,A,PU,_Z,2,,,False,WB_WDI,WB_WDI_NY_GDP_PCAP_CD,OED,_T,_T,_T,_Z,_Z,_Z,2005,A,USD,
8233.420106,P1Y,0,,A,PU,_Z,2,,,False,WB_WDI,WB_WDI_NY_GDP_PCAP_CD,OSS,_T,_T,_T,_Z,_Z,_Z,2005,A,USD,
2490.447836,P1Y,0,,A,PU,_Z,2,,,False,WB_WDI,WB_WDI_NY_GDP_PCAP_CD,PSS,_T,_T,_T,_Z,_Z,_Z,2005,A,USD,
34268.541288,P1Y,0,,A,PU,_Z,2,,,False,WB_WDI,WB_WDI_NY_GDP_PCAP_CD,PST,_T,_T,_T,_Z,_Z,_Z,2005,A,USD,
815.995032,P1Y,0,,A,PU,_Z,2,,,False,WB_WDI,WB_WDI_NY_GDP_PCAP_CD,PRE,_T,_T,_T,_Z,_Z,_Z,2005,A,USD,
7779.564252,P1Y,0,,A,PU,_Z,2,,,False,WB_WDI,WB_WDI_NY_GDP_PCAP_CD,SST,_T,_T,_T,_Z,_Z,_Z,2005,A,USD,
686.338193,P1Y,0,,A,PU,_Z,2,,,False,WB_WDI,WB_WDI_NY_GDP_PCAP_CD,SAS,_T,_T,_T,_Z,_Z,_Z,2005,A,USD,
686.338193,P1Y,0,,A,PU,_Z,2,,,False,WB_WDI,WB_WDI_NY_GDP_PCAP_CD,TSA,_T,_T,_T,_Z,_Z,_Z,2005,A,USD,
1074.124763,P1Y,0,,A,PU,_Z,2,,,False,WB_WDI,WB_WDI_NY_GDP_PCAP_CD,SSF,_T,_T,_T,_Z,_Z,_Z,2005,A,USD,
1072.978843,P1Y,0,,A,PU,_Z,2,,,False,WB_WDI,WB_WDI_NY_GDP_PCAP_CD,SSA,_T,_T,_T,_Z,_Z,_Z,2005,A,USD,
1074.124763,P1Y,0,,A,PU,_Z,2,,,False,WB_WDI,WB_WDI_NY_GDP_PCAP_CD,TSS,_T,_T,_T,_Z,_Z,_Z,2005,A,USD,
2659.854283,P1Y,0,,A,PU,_Z,2,,,False,WB_WDI,WB_WDI_NY_GDP_PCAP_CD,UMC,_T,_T,_T,_Z,_Z,_Z,2005,A,USD,
562.833757,P1Y,0,,A,PU,_Z,2,,,False,WB_WDI,WB_WDI_NY_GDP_PCAP_CD,ZWE,_T,_T,_T,_Z,_Z,_Z,2000,A,USD,
625.82886,P1Y,0,,A,PU,_Z,2,,,False,WB_WDI,WB_WDI_NY_GDP_PCAP_CD,AFE,_T,_T,_T,_Z,_Z,_Z,2001,A,USD,
533.67718,P1Y,0,,A,PU,_Z,2,,,False,WB_WDI,WB_WDI_NY_GDP_PCAP_CD,AFW,_T,_T,_T,_Z,_Z,_Z,2001,A,USD,
2536.152665,P1Y,0,,A,PU,_Z,2,,,False,WB_WDI,WB_WDI_NY_GDP_PCAP_CD,ARB,_T,_T,_T,_Z,_Z,_Z,2001,A,USD,
6647.625478,P1Y,0,,A,PU,_Z,2,,,False,WB_WDI,WB_WDI_NY_GDP_PCAP_CD,CSS,_T,_T,_T,_Z,_Z,_Z,2001,A,USD,
4274.132364,P1Y,0,,A,PU,_Z,2,,,False,WB_WDI,WB_WDI_NY_GDP_PCAP_CD,CEB,_T,_T,_T,_Z,_Z,_Z,2001,A,USD,
1311.076578,P1Y,0,,A,PU,_Z,2,,,False,WB_WDI,WB_WDI_NY_GDP_PCAP_CD,EAR,_T,_T,_T,_Z,_Z,_Z,2001,A,USD,
3814.309464,P1Y,0,,A,PU,_Z,2,,,False,WB_WDI,WB_WDI_NY_GDP_PCAP_CD,EAS,_T,_T,_T,_Z,_Z,_Z,2001,A,USD,
1014.52467,P1Y,0,,A,PU,_Z,2,,,False,WB_WDI,WB_WDI_NY_GDP_PCAP_CD,EAP,_T,_T,_T,_Z,_Z,_Z,2001,A,USD,
1026.64921,P1Y,0,,A,PU,_Z,2,,,False,WB_WDI,WB_WDI_NY_GDP_PCAP_CD,TEA,_T,_T,_T,_Z,_Z,_Z,2001,A,USD,
19818.819396,P1Y,0,,A,PU,_Z,2,,,False,WB_WDI,WB_WDI_NY_GDP_PCAP_CD,EMU,_T,_T,_T,_Z,_Z,_Z,2001,A,USD,
11750.201806,P1Y,0,,A,PU,_Z,2,,,False,WB_WDI,WB_WDI_NY_GDP_PCAP_CD,ECS,_T,_T,_T,_Z,_Z,_Z,2001,A,USD,
1529.629167,P1Y,0,,A,PU,_Z,2,,,False,WB_WDI,WB_WDI_NY_GDP_PCAP_CD,ECA,_T,_T,_T,_Z,_Z,_Z,2001,A,USD,
2080.997451,P1Y,0,,A,PU,_Z,2,,,False,WB_WDI,WB_WDI_NY_GDP_PCAP_CD,TEC,_T,_T,_T,_Z,_Z,_Z,2001,A,USD,
17208.903578,P1Y,0,,A,PU,_Z,2,,,False,WB_WDI,WB_WDI_NY_GDP_PCAP_CD,EUU,_T,_T,_T,_Z,_Z,_Z,2001,A,USD,
1430.16421,P1Y,0,,A,PU,_Z,2,,,False,WB_WDI,WB_WDI_NY_GDP_PCAP_CD,YEM,_T,_T,_T,_Z,_Z,_Z,2014,A,USD,
1707.485731,P1Y,0,,A,PU,_Z,2,,,False,WB_WDI,WB_WDI_NY_GDP_PCAP_CD,ZMB,_T,_T,_T,_Z,_Z,_Z,2014,A,USD,
1372.915262,P1Y,0,,A,PU,_Z,2,,,False,WB_WDI,WB_WDI_NY_GDP_PCAP_CD,ZWE,_T,_T,_T,_Z,_Z,_Z,2014,A,USD,
1498.715971,P1Y,0,,A,PU,_Z,2,,,False,WB_WDI,WB_WDI_NY_GDP_PCAP_CD,AFE,_T,_T,_T,_Z,_Z,_Z,2015,A,USD,
1863.401513,P1Y,0,,A,PU,_Z,2,,,False,WB_WDI,WB_WDI_NY_GDP_PCAP_CD,AFW,_T,_T,_T,_Z,_Z,_Z,2015,A,USD,
6299.878077,P1Y,0,,A,PU,_Z,2,,,False,WB_WDI,WB_WDI_NY_GDP_PCAP_CD,ARB,_T,_T,_T,_Z,_Z,_Z,2015,A,USD,
14497.879863,P1Y,0,,A,PU,_Z,2,,,False,WB_WDI,WB_WDI_NY_GDP_PCAP_CD,CSS,_T,_T,_T,_Z,_Z,_Z,2015,A,USD,
12596.915114,P1Y,0,,A,PU,_Z,2,,,False,WB_WDI,WB_WDI_NY_GDP_PCAP_CD,CEB,_T,_T,_T,_Z,_Z,_Z,2015,A,USD,
3178.867161,P1Y,0,,A,PU,_Z,2,,,False,WB_WDI,WB_WDI_NY_GDP_PCAP_CD,EAR,_T,_T,_T,_Z,_Z,_Z,2015,A,USD,
9730.644055,P1Y,0,,A,PU,_Z,2,,,False,WB_WDI,WB_WDI_NY_GDP_PCAP_CD,EAS,_T,_T,_T,_Z,_Z,_Z,2015,A,USD,
6589.818242,P1Y,0,,A,PU,_Z,2,,,False,WB_WDI,WB_WDI_NY_GDP_PCAP_CD,EAP,_T,_T,_T,_Z,_Z,_Z,2015,A,USD,
6664.534473,P1Y,0,,A,PU,_Z,2,,,False,WB_WDI,WB_WDI_NY_GDP_PCAP_CD,TEA,_T,_T,_T,_Z,_Z,_Z,2015,A,USD,
33928.614138,P1Y,0,,A,PU,_Z,2,,,False,WB_WDI,WB_WDI_NY_GDP_PCAP_CD,EMU,_T,_T,_T,_Z,_Z,_Z,2015,A,USD,
1796.161098,P1Y,0,,A,PU,_Z,2,,,False,WB_WDI,WB_WDI_NY_GDP_PCAP_CD,TSS,_T,_T,_T,_Z,_Z,_Z,2011,A,USD,
6434.654485,P1Y,0,,A,PU,_Z,2,,,False,WB_WDI,WB_WDI_NY_GDP_PCAP_CD,UMC,_T,_T,_T,_Z,_Z,_Z,2011,A,USD,
10496.931003,P1Y,0,,A,PU,_Z,2,,,False,WB_WDI,WB_WDI_NY_GDP_PCAP_CD,WLD,_T,_T,_T,_Z,_Z,_Z,2011,A,USD,
606.694676,P1Y,0,,A,PU,_Z,2,,,False,WB_WDI,WB_WDI_NY_GDP_PCAP_CD,AFG,_T,_T,_T,_Z,_Z,_Z,2011,A,USD,
4465.709143,P1Y,0,,A,PU,_Z,2,,,False,WB_WDI,WB_WDI_NY_GDP_PCAP_CD,ALB,_T,_T,_T,_Z,_Z,_Z,2011,A,USD,
5916.313644,P1Y,0,,A,PU,_Z,2,,,False,WB_WDI,WB_WDI_NY_GDP_PCAP_CD,DZA,_T,_T,_T,_Z,_Z,_Z,2011,A,USD,
10383.459331,P1Y,0,,A,PU,_Z,2,,,False,WB_WDI,WB_WDI_NY_GDP_PCAP_CD,ASM,_T,_T,_T,_Z,_Z,_Z,2011,A,USD,
46657.15612,P1Y,0,,A,PU,_Z,2,,,False,WB_WDI,WB_WDI_NY_GDP_PCAP_CD,AND,_T,_T,_T,_Z,_Z,_Z,2011,A,USD,
5184.152692,P1Y,0,,A,PU,_Z,2,,,False,WB_WDI,WB_WDI_NY_GDP_PCAP_CD,AGO,_T,_T,_T,_Z,_Z,_Z,2011,A,USD,
14911.727508,P1Y,0,,A,PU,_Z,2,,,False,WB_WDI,WB_WDI_NY_GDP_PCAP_CD,ATG,_T,_T,_T,_Z,_Z,_Z,2011,A,USD,
12704.283182,P1Y,0,,A,PU,_Z,2,,,False,WB_WDI,WB_WDI_NY_GDP_PCAP_CD,ARG,_T,_T,_T,_Z,_Z,_Z,2011,A,USD,
3349.553098,P1Y,0,,A,PU,_Z,2,,,False,WB_WDI,WB_WDI_NY_GDP_PCAP_CD,ARM,_T,_T,_T,_Z,_Z,_Z,2011,A,USD,
25712.384302,P1Y,0,,A,PU,_Z,2,,,False,WB_WDI,WB_WDI_NY_GDP_PCAP_CD,ABW,_T,_T,_T,_Z,_Z,_Z,2011,A,USD,
3163.186165,P1Y,0,,A,PU,_Z,2,,,False,WB_WDI,WB_WDI_NY_GDP_PCAP_CD,VUT,_T,_T,_T,_Z,_Z,_Z,2011,A,USD,
10843.92297,P1Y,0,,A,PU,_Z,2,,,False,WB_WDI,WB_WDI_NY_GDP_PCAP_CD,VEN,_T,_T,_T,_Z,_Z,_Z,2011,A,USD,
1950.925042,P1Y,0,,A,PU,_Z,2,,,False,WB_WDI,WB_WDI_NY_GDP_PCAP_CD,VNM,_T,_T,_T,_Z,_Z,_Z,2011,A,USD,
38997.137316,P1Y,0,,A,PU,_Z,2,,,False,WB_WDI,WB_WDI_NY_GDP_PCAP_CD,VIR,_T,_T,_T,_Z,_Z,_Z,2011,A,USD,
2880.798437,P1Y,0,,A,PU,_Z,2,,,False,WB_WDI,WB_WDI_NY_GDP_PCAP_CD,PSE,_T,_T,_T,_Z,_Z,_Z,2011,A,USD,
1186.475006,P1Y,0,,A,PU,_Z,2,,,False,WB_WDI,WB_WDI_NY_GDP_PCAP_CD,YEM,_T,_T,_T,_Z,_Z,_Z,2011,A,USD,
1624.868178,P1Y,0,,A,PU,_Z,2,,,False,WB_WDI,WB_WDI_NY_GDP_PCAP_CD,ZMB,_T,_T,_T,_Z,_Z,_Z,2011,A,USD,
1037.775652,P1Y,0,,A,PU,_Z,2,,,False,WB_WDI,WB_WDI_NY_GDP_PCAP_CD,ZWE,_T,_T,_T,_Z,_Z,_Z,2011,A,USD,
1731.869096,P1Y,0,,A,PU,_Z,2,,,False,WB_WDI,WB_WDI_NY_GDP_PCAP_CD,AFE,_T,_T,_T,_Z,_Z,_Z,2012,A,USD,
1943.372555,P1Y,0,,A,PU,_Z,2,,,False,WB_WDI,WB_WDI_NY_GDP_PCAP_CD,AFW,_T,_T,_T,_Z,_Z,_Z,2012,A,USD,
7392.556384,P1Y,0,,A,PU,_Z,2,,,False,WB_WDI,WB_WDI_NY_GDP_PCAP_CD,ARB,_T,_T,_T,_Z,_Z,_Z,2012,A,USD,
14225.611147,P1Y,0,,A,PU,_Z,2,,,False,WB_WDI,WB_WDI_NY_GDP_PCAP_CD,CSS,_T,_T,_T,_Z,_Z,_Z,2012,A,USD,
13104.08731,P1Y,0,,A,PU,_Z,2,,,False,WB_WDI,WB_WDI_NY_GDP_PCAP_CD,CEB,_T,_T,_T,_Z,_Z,_Z,2012,A,USD,
1258.986198,P1Y,0,,A,PU,_Z,2,,,False,WB_WDI,WB_WDI_NY_GDP_PCAP_CD,ZMB,_T,_T,_T,_Z,_Z,_Z,2019,A,USD,
2184.521554,P1Y,0,,A,PU,_Z,2,,,False,WB_WDI,WB_WDI_NY_GDP_PCAP_CD,ZWE,_T,_T,_T,_Z,_Z,_Z,2019,A,USD,
1351.503167,P1Y,0,,A,PU,_Z,2,,,False,WB_WDI,WB_WDI_NY_GDP_PCAP_CD,AFE,_T,_T,_T,_Z,_Z,_Z,2020,A,USD,
2034.43794,P1Y,0,,A,PU,_Z,2,,,False,WB_WDI,WB_WDI_NY_GDP_PCAP_CD,AFW,_T,_T,_T,_Z,_Z,_Z,2020,A,USD,
5749.751633,P1Y,0,,A,PU,_Z,2,,,False,WB_WDI,WB_WDI_NY_GDP_PCAP_CD,ARB,_T,_T,_T,_Z,_Z,_Z,2020,A,USD,
11961.408545,P1Y,0,,A,PU,_Z,2,,,False,WB_WDI,WB_WDI_NY_GDP_PCAP_CD,CSS,_T,_T,_T,_Z,_Z,_Z,2020,A,USD,
16581.383326,P1Y,0,,A,PU,_Z,2,,,False,WB_WDI,WB_WDI_NY_GDP_PCAP_CD,CEB,_T,_T,_T,_Z,_Z,_Z,2020,A,USD,
3185.497874,P1Y,0,,A,PU,_Z,2,,,False,WB_WDI,WB_WDI_NY_GDP_PCAP_CD,EAR,_T,_T,_T,_Z,_Z,_Z,2020,A,USD,
11697.515678,P1Y,0,,A,PU,_Z,2,,,False,WB_WDI,WB_WDI_NY_GDP_PCAP_CD,EAS,_T,_T,_T,_Z,_Z,_Z,2020,A,USD,
8391.238983,P1Y,0,,A,PU,_Z,2,,,False,WB_WDI,WB_WDI_NY_GDP_PCAP_CD,EAP,_T,_T,_T,_Z,_Z,_Z,2020,A,USD,
8485.289481,P1Y,0,,A,PU,_Z,2,,,False,WB_WDI,WB_WDI_NY_GDP_PCAP_CD,TEA,_T,_T,_T,_Z,_Z,_Z,2020,A,USD,
37727.454307,P1Y,0,,A,PU,_Z,2,,,False,WB_WDI,WB_WDI_NY_GDP_PCAP_CD,EMU,_T,_T,_T,_Z,_Z,_Z,2020,A,USD,
42314.103362,P1Y,0,,A,PU,_Z,2,,,False,WB_WDI,WB_WDI_NY_GDP_PCAP_CD,CAN,_T,_T,_T,_Z,_Z,_Z,2016,A,USD,
77802.254157,P1Y,0,,A,PU,_Z,2,,,False,WB_WDI,WB_WDI_NY_GDP_PCAP_CD,CYM,_T,_T,_T,_Z,_Z,_Z,2016,A,USD,
387.176203,P1Y,0,,A,PU,_Z,2,,,False,WB_WDI,WB_WDI_NY_GDP_PCAP_CD,CAF,_T,_T,_T,_Z,_Z,_Z,2016,A,USD,
861.831768,P1Y,0,,A,PU,_Z,2,,,False,WB_WDI,WB_WDI_NY_GDP_PCAP_CD,TCD,_T,_T,_T,_Z,_Z,_Z,2016,A,USD,
55947.579812,P1Y,0,,A,PU,_Z,2,,,False,WB_WDI,WB_WDI_NY_GDP_PCAP_CD,CHI,_T,_T,_T,_Z,_Z,_Z,2016,A,USD,
13649.852045,P1Y,0,,A,PU,_Z,2,,,False,WB_WDI,WB_WDI_NY_GDP_PCAP_CD,CHL,_T,_T,_T,_Z,_Z,_Z,2016,A,USD,
8254.868593,P1Y,0,,A,PU,_Z,2,,,False,WB_WDI,WB_WDI_NY_GDP_PCAP_CD,CHN,_T,_T,_T,_Z,_Z,_Z,2016,A,USD,
5959.842504,P1Y,0,,A,PU,_Z,2,,,False,WB_WDI,WB_WDI_NY_GDP_PCAP_CD,COL,_T,_T,_T,_Z,_Z,_Z,2016,A,USD,
1365.484034,P1Y,0,,A,PU,_Z,2,,,False,WB_WDI,WB_WDI_NY_GDP_PCAP_CD,COM,_T,_T,_T,_Z,_Z,_Z,2016,A,USD,
459.765037,P1Y,0,,A,PU,_Z,2,,,False,WB_WDI,WB_WDI_NY_GDP_PCAP_CD,COD,_T,_T,_T,_Z,_Z,_Z,2016,A,USD,
2093.107286,P1Y,0,,A,PU,_Z,2,,,False,WB_WDI,WB_WDI_NY_GDP_PCAP_CD,COG,_T,_T,_T,_Z,_Z,_Z,2016,A,USD,
12091.030156,P1Y,0,,A,PU,_Z,2,,,False,WB_WDI,WB_WDI_NY_GDP_PCAP_CD,CRI,_T,_T,_T,_Z,_Z,_Z,2016,A,USD,
355.439131,P1Y,0,,A,PU,_Z,2,,,False,WB_WDI,WB_WDI_NY_GDP_PCAP_CD,HPC,_T,_T,_T,_Z,_Z,_Z,2001,A,USD,
22129.018998,P1Y,0,,A,PU,_Z,2,,,False,WB_WDI,WB_WDI_NY_GDP_PCAP_CD,HIC,_T,_T,_T,_Z,_Z,_Z,2001,A,USD,
1481.392144,P1Y,0,,A,PU,_Z,2,,,False,WB_WDI,WB_WDI_NY_GDP_PCAP_CD,IBD,_T,_T,_T,_Z,_Z,_Z,2001,A,USD,
1248.977966,P1Y,0,,A,PU,_Z,2,,,False,WB_WDI,WB_WDI_NY_GDP_PCAP_CD,IBT,_T,_T,_T,_Z,_Z,_Z,2001,A,USD,
602.892872,P1Y,0,,A,PU,_Z,2,,,False,WB_WDI,WB_WDI_NY_GDP_PCAP_CD,IDB,_T,_T,_T,_Z,_Z,_Z,2001,A,USD,
356.699061,P1Y,0,,A,PU,_Z,2,,,False,WB_WDI,WB_WDI_NY_GDP_PCAP_CD,IDX,_T,_T,_T,_Z,_Z,_Z,2001,A,USD,
442.155783,P1Y,0,,A,PU,_Z,2,,,False,WB_WDI,WB_WDI_NY_GDP_PCAP_CD,IDA,_T,_T,_T,_Z,_Z,_Z,2001,A,USD,
1717.762677,P1Y,0,,A,PU,_Z,2,,,False,WB_WDI,WB_WDI_NY_GDP_PCAP_CD,LTE,_T,_T,_T,_Z,_Z,_Z,2001,A,USD,
4326.639921,P1Y,0,,A,PU,_Z,2,,,False,WB_WDI,WB_WDI_NY_GDP_PCAP_CD,LCN,_T,_T,_T,_Z,_Z,_Z,2001,A,USD,
4163.091411,P1Y,0,,A,PU,_Z,2,,,False,WB_WDI,WB_WDI_NY_GDP_PCAP_CD,LAC,_T,_T,_T,_Z,_Z,_Z,2001,A,USD,
4222.974484,P1Y,0,,A,PU,_Z,2,,,False,WB_WDI,WB_WDI_NY_GDP_PCAP_CD,TLA,_T,_T,_T,_Z,_Z,_Z,2001,A,USD,
314.118495,P1Y,0,,A,PU,_Z,2,,,False,WB_WDI,WB_WDI_NY_GDP_PCAP_CD,LDC,_T,_T,_T,_Z,_Z,_Z,2001,A,USD,
1166.628491,P1Y,0,,A,PU,_Z,2,,,False,WB_WDI,WB_WDI_NY_GDP_PCAP_CD,LMY,_T,_T,_T,_Z,_Z,_Z,2001,A,USD,
291.602896,P1Y,0,,A,PU,_Z,2,,,False,WB_WDI,WB_WDI_NY_GDP_PCAP_CD,LIC,_T,_T,_T,_Z,_Z,_Z,2001,A,USD,
590.256242,P1Y,0,,A,PU,_Z,2,,,False,WB_WDI,WB_WDI_NY_GDP_PCAP_CD,LMC,_T,_T,_T,_Z,_Z,_Z,2001,A,USD,
8974.518869,P1Y,0,,A,PU,_Z,2,,,False,WB_WDI,WB_WDI_NY_GDP_PCAP_CD,NRU,_T,_T,_T,_Z,_Z,_Z,2013,A,USD,
803.269595,P1Y,0,,A,PU,_Z,2,,,False,WB_WDI,WB_WDI_NY_GDP_PCAP_CD,NPL,_T,_T,_T,_Z,_Z,_Z,2013,A,USD,
52602.286052,P1Y,0,,A,PU,_Z,2,,,False,WB_WDI,WB_WDI_NY_GDP_PCAP_CD,NLD,_T,_T,_T,_Z,_Z,_Z,2013,A,USD,
36671.156675,P1Y,0,,A,PU,_Z,2,,,False,WB_WDI,WB_WDI_NY_GDP_PCAP_CD,NCL,_T,_T,_T,_Z,_Z,_Z,2013,A,USD,
42984.95718,P1Y,0,,A,PU,_Z,2,,,False,WB_WDI,WB_WDI_NY_GDP_PCAP_CD,NZL,_T,_T,_T,_Z,_Z,_Z,2013,A,USD,
1835.439964,P1Y,0,,A,PU,_Z,2,,,False,WB_WDI,WB_WDI_NY_GDP_PCAP_CD,NIC,_T,_T,_T,_Z,_Z,_Z,2013,A,USD,
552.103334,P1Y,0,,A,PU,_Z,2,,,False,WB_WDI,WB_WDI_NY_GDP_PCAP_CD,NER,_T,_T,_T,_Z,_Z,_Z,2013,A,USD,
2872.790834,P1Y,0,,A,PU,_Z,2,,,False,WB_WDI,WB_WDI_NY_GDP_PCAP_CD,NGA,_T,_T,_T,_Z,_Z,_Z,2013,A,USD,
5626.261157,P1Y,0,,A,PU,_Z,2,,,False,WB_WDI,WB_WDI_NY_GDP_PCAP_CD,MKD,_T,_T,_T,_Z,_Z,_Z,2013,A,USD,
14632.85189,P1Y,0,,A,PU,_Z,2,,,False,WB_WDI,WB_WDI_NY_GDP_PCAP_CD,MNP,_T,_T,_T,_Z,_Z,_Z,2013,A,USD,
106333.138369,P1Y,0,,A,PU,_Z,2,,,False,WB_WDI,WB_WDI_NY_GDP_PCAP_CD,NOR,_T,_T,_T,_Z,_Z,_Z,2013,A,USD,
23458.023384,P1Y,0,,A,PU,_Z,2,,,False,WB_WDI,WB_WDI_NY_GDP_PCAP_CD,OMN,_T,_T,_T,_Z,_Z,_Z,2013,A,USD,
587.710902,P1Y,0,,A,PU,_Z,2,,,False,WB_WDI,WB_WDI_NY_GDP_PCAP_CD,TSS,_T,_T,_T,_Z,_Z,_Z,2001,A,USD,
1752.860196,P1Y,0,,A,PU,_Z,2,,,False,WB_WDI,WB_WDI_NY_GDP_PCAP_CD,UMC,_T,_T,_T,_Z,_Z,_Z,2001,A,USD,
5404.202698,P1Y,0,,A,PU,_Z,2,,,False,WB_WDI,WB_WDI_NY_GDP_PCAP_CD,WLD,_T,_T,_T,_Z,_Z,_Z,2001,A,USD,
138.706822,P1Y,0,,A,PU,_Z,2,,,False,WB_WDI,WB_WDI_NY_GDP_PCAP_CD,AFG,_T,_T,_T,_Z,_Z,_Z,2001,A,USD,
1326.416524,P1Y,0,,A,PU,_Z,2,,,False,WB_WDI,WB_WDI_NY_GDP_PCAP_CD,ALB,_T,_T,_T,_Z,_Z,_Z,2001,A,USD,
1896.300209,P1Y,0,,A,PU,_Z,2,,,False,WB_WDI,WB_WDI_NY_GDP_PCAP_CD,DZA,_T,_T,_T,_Z,_Z,_Z,2001,A,USD,
23511.295147,P1Y,0,,A,PU,_Z,2,,,False,WB_WDI,WB_WDI_NY_GDP_PCAP_CD,AND,_T,_T,_T,_Z,_Z,_Z,2001,A,USD,
533.586202,P1Y,0,,A,PU,_Z,2,,,False,WB_WDI,WB_WDI_NY_GDP_PCAP_CD,AGO,_T,_T,_T,_Z,_Z,_Z,2001,A,USD,
11539.182506,P1Y,0,,A,PU,_Z,2,,,False,WB_WDI,WB_WDI_NY_GDP_PCAP_CD,ATG,_T,_T,_T,_Z,_Z,_Z,2001,A,USD,
7141.475077,P1Y,0,,A,PU,_Z,2,,,False,WB_WDI,WB_WDI_NY_GDP_PCAP_CD,ARG,_T,_T,_T,_Z,_Z,_Z,2001,A,USD,
659.588989,P1Y,0,,A,PU,_Z,2,,,False,WB_WDI,WB_WDI_NY_GDP_PCAP_CD,ARM,_T,_T,_T,_Z,_Z,_Z,2001,A,USD,
20740.132583,P1Y,0,,A,PU,_Z,2,,,False,WB_WDI,WB_WDI_NY_GDP_PCAP_CD,ABW,_T,_T,_T,_Z,_Z,_Z,2001,A,USD,
19733.65101,P1Y,0,,A,PU,_Z,2,,,False,WB_WDI,WB_WDI_NY_GDP_PCAP_CD,AUS,_T,_T,_T,_Z,_Z,_Z,2001,A,USD,
24430.495983,P1Y,0,,A,PU,_Z,2,,,False,WB_WDI,WB_WDI_NY_GDP_PCAP_CD,AUT,_T,_T,_T,_Z,_Z,_Z,2001,A,USD,
6382.761047,P1Y,0,,A,PU,_Z,2,,,False,WB_WDI,WB_WDI_NY_GDP_PCAP_CD,URY,_T,_T,_T,_Z,_Z,_Z,2001,A,USD,
454.415812,P1Y,0,,A,PU,_Z,2,,,False,WB_WDI,WB_WDI_NY_GDP_PCAP_CD,UZB,_T,_T,_T,_Z,_Z,_Z,2001,A,USD,
1350.183382,P1Y,0,,A,PU,_Z,2,,,False,WB_WDI,WB_WDI_NY_GDP_PCAP_CD,VUT,_T,_T,_T,_Z,_Z,_Z,2001,A,USD,
4920.393136,P1Y,0,,A,PU,_Z,2,,,False,WB_WDI,WB_WDI_NY_GDP_PCAP_CD,VEN,_T,_T,_T,_Z,_Z,_Z,2001,A,USD,
419.205678,P1Y,0,,A,PU,_Z,2,,,False,WB_WDI,WB_WDI_NY_GDP_PCAP_CD,VNM,_T,_T,_T,_Z,_Z,_Z,2001,A,USD,
1335.553195,P1Y,0,,A,PU,_Z,2,,,False,WB_WDI,WB_WDI_NY_GDP_PCAP_CD,PSE,_T,_T,_T,_Z,_Z,_Z,2001,A,USD,
487.141258,P1Y,0,,A,PU,_Z,2,,,False,WB_WDI,WB_WDI_NY_GDP_PCAP_CD,YEM,_T,_T,_T,_Z,_Z,_Z,2001,A,USD,
396.548953,P1Y,0,,A,PU,_Z,2,,,False,WB_WDI,WB_WDI_NY_GDP_PCAP_CD,ZMB,_T,_T,_T,_Z,_Z,_Z,2001,A,USD,
566.388746,P1Y,0,,A,PU,_Z,2,,,False,WB_WDI,WB_WDI_NY_GDP_PCAP_CD,ZWE,_T,_T,_T,_Z,_Z,_Z,2001,A,USD,
630.51338,P1Y,0,,A,PU,_Z,2,,,False,WB_WDI,WB_WDI_NY_GDP_PCAP_CD,AFE,_T,_T,_T,_Z,_Z,_Z,2002,A,USD,
620.160708,P1Y,0,,A,PU,_Z,2,,,False,WB_WDI,WB_WDI_NY_GDP_PCAP_CD,AFW,_T,_T,_T,_Z,_Z,_Z,2002,A,USD,
2483.502703,P1Y,0,,A,PU,_Z,2,,,False,WB_WDI,WB_WDI_NY_GDP_PCAP_CD,ARB,_T,_T,_T,_Z,_Z,_Z,2002,A,USD,
6903.074186,P1Y,0,,A,PU,_Z,2,,,False,WB_WDI,WB_WDI_NY_GDP_PCAP_CD,CSS,_T,_T,_T,_Z,_Z,_Z,2002,A,USD,
709.091536,P1Y,0,,A,PU,_Z,2,,,False,WB_WDI,WB_WDI_NY_GDP_PCAP_CD,BFA,_T,_T,_T,_Z,_Z,_Z,2017,A,USD,
246.060726,P1Y,0,,A,PU,_Z,2,,,False,WB_WDI,WB_WDI_NY_GDP_PCAP_CD,BDI,_T,_T,_T,_Z,_Z,_Z,2017,A,USD,
3893.095714,P1Y,0,,A,PU,_Z,2,,,False,WB_WDI,WB_WDI_NY_GDP_PCAP_CD,CPV,_T,_T,_T,_Z,_Z,_Z,2017,A,USD,
1826.353917,P1Y,0,,A,PU,_Z,2,,,False,WB_WDI,WB_WDI_NY_GDP_PCAP_CD,KHM,_T,_T,_T,_Z,_Z,_Z,2017,A,USD,
1496.089518,P1Y,0,,A,PU,_Z,2,,,False,WB_WDI,WB_WDI_NY_GDP_PCAP_CD,CMR,_T,_T,_T,_Z,_Z,_Z,2017,A,USD,
45129.733528,P1Y,0,,A,PU,_Z,2,,,False,WB_WDI,WB_WDI_NY_GDP_PCAP_CD,CAN,_T,_T,_T,_Z,_Z,_Z,2017,A,USD,
80053.944451,P1Y,0,,A,PU,_Z,2,,,False,WB_WDI,WB_WDI_NY_GDP_PCAP_CD,CYM,_T,_T,_T,_Z,_Z,_Z,2017,A,USD,
432.324026,P1Y,0,,A,PU,_Z,2,,,False,WB_WDI,WB_WDI_NY_GDP_PCAP_CD,CAF,_T,_T,_T,_Z,_Z,_Z,2017,A,USD,
854.4612,P1Y,0,,A,PU,_Z,2,,,False,WB_WDI,WB_WDI_NY_GDP_PCAP_CD,TCD,_T,_T,_T,_Z,_Z,_Z,2017,A,USD,
55806.355426,P1Y,0,,A,PU,_Z,2,,,False,WB_WDI,WB_WDI_NY_GDP_PCAP_CD,CHI,_T,_T,_T,_Z,_Z,_Z,2017,A,USD,
14879.908623,P1Y,0,,A,PU,_Z,2,,,False,WB_WDI,WB_WDI_NY_GDP_PCAP_CD,CHL,_T,_T,_T,_Z,_Z,_Z,2017,A,USD,
8979.676527,P1Y,0,,A,PU,_Z,2,,,False,WB_WDI,WB_WDI_NY_GDP_PCAP_CD,CHN,_T,_T,_T,_Z,_Z,_Z,2017,A,USD,
764.861675,P1Y,0,,A,PU,_Z,2,,,False,WB_WDI,WB_WDI_NY_GDP_PCAP_CD,BFA,_T,_T,_T,_Z,_Z,_Z,2014,A,USD,
250.544492,P1Y,0,,A,PU,_Z,2,,,False,WB_WDI,WB_WDI_NY_GDP_PCAP_CD,BDI,_T,_T,_T,_Z,_Z,_Z,2014,A,USD,
3985.607065,P1Y,0,,A,PU,_Z,2,,,False,WB_WDI,WB_WDI_NY_GDP_PCAP_CD,CPV,_T,_T,_T,_Z,_Z,_Z,2014,A,USD,
1431.563965,P1Y,0,,A,PU,_Z,2,,,False,WB_WDI,WB_WDI_NY_GDP_PCAP_CD,KHM,_T,_T,_T,_Z,_Z,_Z,2014,A,USD,
1649.443391,P1Y,0,,A,PU,_Z,2,,,False,WB_WDI,WB_WDI_NY_GDP_PCAP_CD,CMR,_T,_T,_T,_Z,_Z,_Z,2014,A,USD,
50960.894209,P1Y,0,,A,PU,_Z,2,,,False,WB_WDI,WB_WDI_NY_GDP_PCAP_CD,CAN,_T,_T,_T,_Z,_Z,_Z,2014,A,USD,
75845.306041,P1Y,0,,A,PU,_Z,2,,,False,WB_WDI,WB_WDI_NY_GDP_PCAP_CD,CYM,_T,_T,_T,_Z,_Z,_Z,2014,A,USD,
409.850486,P1Y,0,,A,PU,_Z,2,,,False,WB_WDI,WB_WDI_NY_GDP_PCAP_CD,CAF,_T,_T,_T,_Z,_Z,_Z,2014,A,USD,
1278.789814,P1Y,0,,A,PU,_Z,2,,,False,WB_WDI,WB_WDI_NY_GDP_PCAP_CD,TCD,_T,_T,_T,_Z,_Z,_Z,2014,A,USD,
64697.548502,P1Y,0,,A,PU,_Z,2,,,False,WB_WDI,WB_WDI_NY_GDP_PCAP_CD,CHI,_T,_T,_T,_Z,_Z,_Z,2014,A,USD,
14529.676721,P1Y,0,,A,PU,_Z,2,,,False,WB_WDI,WB_WDI_NY_GDP_PCAP_CD,CHL,_T,_T,_T,_Z,_Z,_Z,2014,A,USD,
7781.065975,P1Y,0,,A,PU,_Z,2,,,False,WB_WDI,WB_WDI_NY_GDP_PCAP_CD,CHN,_T,_T,_T,_Z,_Z,_Z,2014,A,USD,
3088.721313,P1Y,0,,A,PU,_Z,2,,,False,WB_WDI,WB_WDI_NY_GDP_PCAP_CD,NGA,_T,_T,_T,_Z,_Z,_Z,2014,A,USD,
5925.385922,P1Y,0,,A,PU,_Z,2,,,False,WB_WDI,WB_WDI_NY_GDP_PCAP_CD,MKD,_T,_T,_T,_Z,_Z,_Z,2014,A,USD,
15945.417609,P1Y,0,,A,PU,_Z,2,,,False,WB_WDI,WB_WDI_NY_GDP_PCAP_CD,MNP,_T,_T,_T,_Z,_Z,_Z,2014,A,USD,
100410.020201,P1Y,0,,A,PU,_Z,2,,,False,WB_WDI,WB_WDI_NY_GDP_PCAP_CD,NOR,_T,_T,_T,_Z,_Z,_Z,2014,A,USD,
23160.650225,P1Y,0,,A,PU,_Z,2,,,False,WB_WDI,WB_WDI_NY_GDP_PCAP_CD,OMN,_T,_T,_T,_Z,_Z,_Z,2014,A,USD,
1266.613408,P1Y,0,,A,PU,_Z,2,,,False,WB_WDI,WB_WDI_NY_GDP_PCAP_CD,PAK,_T,_T,_T,_Z,_Z,_Z,2014,A,USD,
13854.730278,P1Y,0,,A,PU,_Z,2,,,False,WB_WDI,WB_WDI_NY_GDP_PCAP_CD,PLW,_T,_T,_T,_Z,_Z,_Z,2014,A,USD,
13213.198964,P1Y,0,,A,PU,_Z,2,,,False,WB_WDI,WB_WDI_NY_GDP_PCAP_CD,PAN,_T,_T,_T,_Z,_Z,_Z,2014,A,USD,
2723.175298,P1Y,0,,A,PU,_Z,2,,,False,WB_WDI,WB_WDI_NY_GDP_PCAP_CD,PNG,_T,_T,_T,_Z,_Z,_Z,2014,A,USD,
6652.254789,P1Y,0,,A,PU,_Z,2,,,False,WB_WDI,WB_WDI_NY_GDP_PCAP_CD,PRY,_T,_T,_T,_Z,_Z,_Z,2014,A,USD,
6667.134104,P1Y,0,,A,PU,_Z,2,,,False,WB_WDI,WB_WDI_NY_GDP_PCAP_CD,PER,_T,_T,_T,_Z,_Z,_Z,2014,A,USD,
2866.838038,P1Y,0,,A,PU,_Z,2,,,False,WB_WDI,WB_WDI_NY_GDP_PCAP_CD,PHL,_T,_T,_T,_Z,_Z,_Z,2014,A,USD,
765.227759,P1Y,0,,A,PU,_Z,2,,,False,WB_WDI,WB_WDI_NY_GDP_PCAP_CD,HPC,_T,_T,_T,_Z,_Z,_Z,2009,A,USD,
34160.344337,P1Y,0,,A,PU,_Z,2,,,False,WB_WDI,WB_WDI_NY_GDP_PCAP_CD,HIC,_T,_T,_T,_Z,_Z,_Z,2009,A,USD,
3790.752497,P1Y,0,,A,PU,_Z,2,,,False,WB_WDI,WB_WDI_NY_GDP_PCAP_CD,IBD,_T,_T,_T,_Z,_Z,_Z,2009,A,USD,
3109.975187,P1Y,0,,A,PU,_Z,2,,,False,WB_WDI,WB_WDI_NY_GDP_PCAP_CD,IBT,_T,_T,_T,_Z,_Z,_Z,2009,A,USD,
1350.168109,P1Y,0,,A,PU,_Z,2,,,False,WB_WDI,WB_WDI_NY_GDP_PCAP_CD,IDB,_T,_T,_T,_Z,_Z,_Z,2009,A,USD,
784.649862,P1Y,0,,A,PU,_Z,2,,,False,WB_WDI,WB_WDI_NY_GDP_PCAP_CD,IDX,_T,_T,_T,_Z,_Z,_Z,2009,A,USD,
983.967184,P1Y,0,,A,PU,_Z,2,,,False,WB_WDI,WB_WDI_NY_GDP_PCAP_CD,IDA,_T,_T,_T,_Z,_Z,_Z,2009,A,USD,
5245.342889,P1Y,0,,A,PU,_Z,2,,,False,WB_WDI,WB_WDI_NY_GDP_PCAP_CD,LTE,_T,_T,_T,_Z,_Z,_Z,2009,A,USD,
7495.059656,P1Y,0,,A,PU,_Z,2,,,False,WB_WDI,WB_WDI_NY_GDP_PCAP_CD,LCN,_T,_T,_T,_Z,_Z,_Z,2009,A,USD,
7221.643575,P1Y,0,,A,PU,_Z,2,,,False,WB_WDI,WB_WDI_NY_GDP_PCAP_CD,LAC,_T,_T,_T,_Z,_Z,_Z,2009,A,USD,
7386.600445,P1Y,0,,A,PU,_Z,2,,,False,WB_WDI,WB_WDI_NY_GDP_PCAP_CD,TLA,_T,_T,_T,_Z,_Z,_Z,2009,A,USD,
751.96508,P1Y,0,,A,PU,_Z,2,,,False,WB_WDI,WB_WDI_NY_GDP_PCAP_CD,LDC,_T,_T,_T,_Z,_Z,_Z,2009,A,USD,
2835.653261,P1Y,0,,A,PU,_Z,2,,,False,WB_WDI,WB_WDI_NY_GDP_PCAP_CD,LMY,_T,_T,_T,_Z,_Z,_Z,2009,A,USD,
1398.891376,P1Y,0,,A,PU,_Z,2,,,False,WB_WDI,WB_WDI_NY_GDP_PCAP_CD,SEN,_T,_T,_T,_Z,_Z,_Z,2014,A,USD,
6886.678091,P1Y,0,,A,PU,_Z,2,,,False,WB_WDI,WB_WDI_NY_GDP_PCAP_CD,SRB,_T,_T,_T,_Z,_Z,_Z,2014,A,USD,
15188.190218,P1Y,0,,A,PU,_Z,2,,,False,WB_WDI,WB_WDI_NY_GDP_PCAP_CD,SYC,_T,_T,_T,_Z,_Z,_Z,2014,A,USD,
1117.758647,P1Y,0,,A,PU,_Z,2,,,False,WB_WDI,WB_WDI_NY_GDP_PCAP_CD,SLE,_T,_T,_T,_Z,_Z,_Z,2014,A,USD,
57564.802311,P1Y,0,,A,PU,_Z,2,,,False,WB_WDI,WB_WDI_NY_GDP_PCAP_CD,SGP,_T,_T,_T,_Z,_Z,_Z,2014,A,USD,
37134.912423,P1Y,0,,A,PU,_Z,2,,,False,WB_WDI,WB_WDI_NY_GDP_PCAP_CD,SXM,_T,_T,_T,_Z,_Z,_Z,2014,A,USD,
18770.92899,P1Y,0,,A,PU,_Z,2,,,False,WB_WDI,WB_WDI_NY_GDP_PCAP_CD,SVK,_T,_T,_T,_Z,_Z,_Z,2014,A,USD,
24013.068206,P1Y,0,,A,PU,_Z,2,,,False,WB_WDI,WB_WDI_NY_GDP_PCAP_CD,SVN,_T,_T,_T,_Z,_Z,_Z,2014,A,USD,
2164.952899,P1Y,0,,A,PU,_Z,2,,,False,WB_WDI,WB_WDI_NY_GDP_PCAP_CD,SLB,_T,_T,_T,_Z,_Z,_Z,2014,A,USD,
429.431657,P1Y,0,,A,PU,_Z,2,,,False,WB_WDI,WB_WDI_NY_GDP_PCAP_CD,SOM,_T,_T,_T,_Z,_Z,_Z,2014,A,USD,
6856.731371,P1Y,0,,A,PU,_Z,2,,,False,WB_WDI,WB_WDI_NY_GDP_PCAP_CD,ZAF,_T,_T,_T,_Z,_Z,_Z,2014,A,USD,
31225.604996,P1Y,0,,A,PU,_Z,2,,,False,WB_WDI,WB_WDI_NY_GDP_PCAP_CD,MNP,_T,_T,_T,_Z,_Z,_Z,2017,A,USD,
78771.215126,P1Y,0,,A,PU,_Z,2,,,False,WB_WDI,WB_WDI_NY_GDP_PCAP_CD,NOR,_T,_T,_T,_Z,_Z,_Z,2017,A,USD,
17820.066181,P1Y,0,,A,PU,_Z,2,,,False,WB_WDI,WB_WDI_NY_GDP_PCAP_CD,OMN,_T,_T,_T,_Z,_Z,_Z,2017,A,USD,
1519.234595,P1Y,0,,A,PU,_Z,2,,,False,WB_WDI,WB_WDI_NY_GDP_PCAP_CD,PAK,_T,_T,_T,_Z,_Z,_Z,2017,A,USD,
16280.2412,P1Y,0,,A,PU,_Z,2,,,False,WB_WDI,WB_WDI_NY_GDP_PCAP_CD,PLW,_T,_T,_T,_Z,_Z,_Z,2017,A,USD,
15694.629745,P1Y,0,,A,PU,_Z,2,,,False,WB_WDI,WB_WDI_NY_GDP_PCAP_CD,PAN,_T,_T,_T,_Z,_Z,_Z,2017,A,USD,
2477.76531,P1Y,0,,A,PU,_Z,2,,,False,WB_WDI,WB_WDI_NY_GDP_PCAP_CD,PNG,_T,_T,_T,_Z,_Z,_Z,2017,A,USD,
6152.267115,P1Y,0,,A,PU,_Z,2,,,False,WB_WDI,WB_WDI_NY_GDP_PCAP_CD,PRY,_T,_T,_T,_Z,_Z,_Z,2017,A,USD,
6736.166937,P1Y,0,,A,PU,_Z,2,,,False,WB_WDI,WB_WDI_NY_GDP_PCAP_CD,PER,_T,_T,_T,_Z,_Z,_Z,2017,A,USD,
3038.12125,P1Y,0,,A,PU,_Z,2,,,False,WB_WDI,WB_WDI_NY_GDP_PCAP_CD,PHL,_T,_T,_T,_Z,_Z,_Z,2017,A,USD,
13913.341519,P1Y,0,,A,PU,_Z,2,,,False,WB_WDI,WB_WDI_NY_GDP_PCAP_CD,POL,_T,_T,_T,_Z,_Z,_Z,2017,A,USD,
1858.796194,P1Y,0,,A,PU,_Z,2,,,False,WB_WDI,WB_WDI_NY_GDP_PCAP_CD,IDB,_T,_T,_T,_Z,_Z,_Z,2012,A,USD,
945.920268,P1Y,0,,A,PU,_Z,2,,,False,WB_WDI,WB_WDI_NY_GDP_PCAP_CD,IDX,_T,_T,_T,_Z,_Z,_Z,2012,A,USD,
1268.903032,P1Y,0,,A,PU,_Z,2,,,False,WB_WDI,WB_WDI_NY_GDP_PCAP_CD,IDA,_T,_T,_T,_Z,_Z,_Z,2012,A,USD,
8073.209255,P1Y,0,,A,PU,_Z,2,,,False,WB_WDI,WB_WDI_NY_GDP_PCAP_CD,LTE,_T,_T,_T,_Z,_Z,_Z,2012,A,USD,
10328.649566,P1Y,0,,A,PU,_Z,2,,,False,WB_WDI,WB_WDI_NY_GDP_PCAP_CD,LCN,_T,_T,_T,_Z,_Z,_Z,2012,A,USD,
9967.793763,P1Y,0,,A,PU,_Z,2,,,False,WB_WDI,WB_WDI_NY_GDP_PCAP_CD,LAC,_T,_T,_T,_Z,_Z,_Z,2012,A,USD,
10261.735488,P1Y,0,,A,PU,_Z,2,,,False,WB_WDI,WB_WDI_NY_GDP_PCAP_CD,TLA,_T,_T,_T,_Z,_Z,_Z,2012,A,USD,
947.852167,P1Y,0,,A,PU,_Z,2,,,False,WB_WDI,WB_WDI_NY_GDP_PCAP_CD,LDC,_T,_T,_T,_Z,_Z,_Z,2012,A,USD,
4118.306124,P1Y,0,,A,PU,_Z,2,,,False,WB_WDI,WB_WDI_NY_GDP_PCAP_CD,LMY,_T,_T,_T,_Z,_Z,_Z,2012,A,USD,
715.265721,P1Y,0,,A,PU,_Z,2,,,False,WB_WDI,WB_WDI_NY_GDP_PCAP_CD,LIC,_T,_T,_T,_Z,_Z,_Z,2012,A,USD,
1756.270929,P1Y,0,,A,PU,_Z,2,,,False,WB_WDI,WB_WDI_NY_GDP_PCAP_CD,LMC,_T,_T,_T,_Z,_Z,_Z,2012,A,USD,
6052.382382,P1Y,0,,A,PU,_Z,2,,,False,WB_WDI,WB_WDI_NY_GDP_PCAP_CD,MEA,_T,_T,_T,_Z,_Z,_Z,2012,A,USD,
3417.924808,P1Y,0,,A,PU,_Z,2,,,False,WB_WDI,WB_WDI_NY_GDP_PCAP_CD,MNA,_T,_T,_T,_Z,_Z,_Z,2012,A,USD,
699.269096,P1Y,0,,A,PU,_Z,2,,,False,WB_WDI,WB_WDI_NY_GDP_PCAP_CD,LBR,_T,_T,_T,_Z,_Z,_Z,2017,A,USD,
9965.832367,P1Y,0,,A,PU,_Z,2,,,False,WB_WDI,WB_WDI_NY_GDP_PCAP_CD,LBY,_T,_T,_T,_Z,_Z,_Z,2017,A,USD,
170547.092299,P1Y,0,,A,PU,_Z,2,,,False,WB_WDI,WB_WDI_NY_GDP_PCAP_CD,LIE,_T,_T,_T,_Z,_Z,_Z,2017,A,USD,
16800.151025,P1Y,0,,A,PU,_Z,2,,,False,WB_WDI,WB_WDI_NY_GDP_PCAP_CD,LTU,_T,_T,_T,_Z,_Z,_Z,2017,A,USD,
110193.213797,P1Y,0,,A,PU,_Z,2,,,False,WB_WDI,WB_WDI_NY_GDP_PCAP_CD,LUX,_T,_T,_T,_Z,_Z,_Z,2017,A,USD,
77570.987617,P1Y,0,,A,PU,_Z,2,,,False,WB_WDI,WB_WDI_NY_GDP_PCAP_CD,MAC,_T,_T,_T,_Z,_Z,_Z,2017,A,USD,
491.866849,P1Y,0,,A,PU,_Z,2,,,False,WB_WDI,WB_WDI_NY_GDP_PCAP_CD,MDG,_T,_T,_T,_Z,_Z,_Z,2017,A,USD,
495.769683,P1Y,0,,A,PU,_Z,2,,,False,WB_WDI,WB_WDI_NY_GDP_PCAP_CD,MWI,_T,_T,_T,_Z,_Z,_Z,2017,A,USD,
9862.548066,P1Y,0,,A,PU,_Z,2,,,False,WB_WDI,WB_WDI_NY_GDP_PCAP_CD,MYS,_T,_T,_T,_Z,_Z,_Z,2017,A,USD,
10509.628806,P1Y,0,,A,PU,_Z,2,,,False,WB_WDI,WB_WDI_NY_GDP_PCAP_CD,MDV,_T,_T,_T,_Z,_Z,_Z,2017,A,USD,
924.057532,P1Y,0,,A,PU,_Z,2,,,False,WB_WDI,WB_WDI_NY_GDP_PCAP_CD,MLI,_T,_T,_T,_Z,_Z,_Z,2017,A,USD,
35062.336418,P1Y,0,,A,PU,_Z,2,,,False,WB_WDI,WB_WDI_NY_GDP_PCAP_CD,ITA,_T,_T,_T,_Z,_Z,_Z,2018,A,USD,
5976.903626,P1Y,0,,A,PU,_Z,2,,,False,WB_WDI,WB_WDI_NY_GDP_PCAP_CD,JAM,_T,_T,_T,_Z,_Z,_Z,2018,A,USD,
40645.478087,P1Y,0,,A,PU,_Z,2,,,False,WB_WDI,WB_WDI_NY_GDP_PCAP_CD,JPN,_T,_T,_T,_Z,_Z,_Z,2018,A,USD,
4533.976584,P1Y,0,,A,PU,_Z,2,,,False,WB_WDI,WB_WDI_NY_GDP_PCAP_CD,JOR,_T,_T,_T,_Z,_Z,_Z,2018,A,USD,
9472.485273,P1Y,0,,A,PU,_Z,2,,,False,WB_WDI,WB_WDI_NY_GDP_PCAP_CD,KAZ,_T,_T,_T,_Z,_Z,_Z,2018,A,USD,
1836.452755,P1Y,0,,A,PU,_Z,2,,,False,WB_WDI,WB_WDI_NY_GDP_PCAP_CD,KEN,_T,_T,_T,_Z,_Z,_Z,2018,A,USD,
1915.560026,P1Y,0,,A,PU,_Z,2,,,False,WB_WDI,WB_WDI_NY_GDP_PCAP_CD,KIR,_T,_T,_T,_Z,_Z,_Z,2018,A,USD,
35363.950823,P1Y,0,,A,PU,_Z,2,,,False,WB_WDI,WB_WDI_NY_GDP_PCAP_CD,KOR,_T,_T,_T,_Z,_Z,_Z,2018,A,USD,
4384.187964,P1Y,0,,A,PU,_Z,2,,,False,WB_WDI,WB_WDI_NY_GDP_PCAP_CD,XKX,_T,_T,_T,_Z,_Z,_Z,2018,A,USD,
32067.962376,P1Y,0,,A,PU,_Z,2,,,False,WB_WDI,WB_WDI_NY_GDP_PCAP_CD,KWT,_T,_T,_T,_Z,_Z,_Z,2018,A,USD,
1283.520304,P1Y,0,,A,PU,_Z,2,,,False,WB_WDI,WB_WDI_NY_GDP_PCAP_CD,KGZ,_T,_T,_T,_Z,_Z,_Z,2018,A,USD,
234.84477,P1Y,0,,A,PU,_Z,2,,,False,WB_WDI,WB_WDI_NY_GDP_PCAP_CD,BDI,_T,_T,_T,_Z,_Z,_Z,2013,A,USD,
3960.975968,P1Y,0,,A,PU,_Z,2,,,False,WB_WDI,WB_WDI_NY_GDP_PCAP_CD,CPV,_T,_T,_T,_Z,_Z,_Z,2013,A,USD,
1305.660097,P1Y,0,,A,PU,_Z,2,,,False,WB_WDI,WB_WDI_NY_GDP_PCAP_CD,KHM,_T,_T,_T,_Z,_Z,_Z,2013,A,USD,
1575.928821,P1Y,0,,A,PU,_Z,2,,,False,WB_WDI,WB_WDI_NY_GDP_PCAP_CD,CMR,_T,_T,_T,_Z,_Z,_Z,2013,A,USD,
52637.731322,P1Y,0,,A,PU,_Z,2,,,False,WB_WDI,WB_WDI_NY_GDP_PCAP_CD,CAN,_T,_T,_T,_Z,_Z,_Z,2013,A,USD,
75113.73324,P1Y,0,,A,PU,_Z,2,,,False,WB_WDI,WB_WDI_NY_GDP_PCAP_CD,CYM,_T,_T,_T,_Z,_Z,_Z,2013,A,USD,
364.366963,P1Y,0,,A,PU,_Z,2,,,False,WB_WDI,WB_WDI_NY_GDP_PCAP_CD,CAF,_T,_T,_T,_Z,_Z,_Z,2013,A,USD,
1304.88743,P1Y,0,,A,PU,_Z,2,,,False,WB_WDI,WB_WDI_NY_GDP_PCAP_CD,TCD,_T,_T,_T,_Z,_Z,_Z,2013,A,USD,
59308.466659,P1Y,0,,A,PU,_Z,2,,,False,WB_WDI,WB_WDI_NY_GDP_PCAP_CD,CHI,_T,_T,_T,_Z,_Z,_Z,2013,A,USD,
15683.548637,P1Y,0,,A,PU,_Z,2,,,False,WB_WDI,WB_WDI_NY_GDP_PCAP_CD,CHL,_T,_T,_T,_Z,_Z,_Z,2013,A,USD,
7147.035186,P1Y,0,,A,PU,_Z,2,,,False,WB_WDI,WB_WDI_NY_GDP_PCAP_CD,CHN,_T,_T,_T,_Z,_Z,_Z,2013,A,USD,
8279.102556,P1Y,0,,A,PU,_Z,2,,,False,WB_WDI,WB_WDI_NY_GDP_PCAP_CD,COL,_T,_T,_T,_Z,_Z,_Z,2013,A,USD,
1652.807277,P1Y,0,,A,PU,_Z,2,,,False,WB_WDI,WB_WDI_NY_GDP_PCAP_CD,IBD,_T,_T,_T,_Z,_Z,_Z,2003,A,USD,
1392.517434,P1Y,0,,A,PU,_Z,2,,,False,WB_WDI,WB_WDI_NY_GDP_PCAP_CD,IBT,_T,_T,_T,_Z,_Z,_Z,2003,A,USD,
712.277506,P1Y,0,,A,PU,_Z,2,,,False,WB_WDI,WB_WDI_NY_GDP_PCAP_CD,IDB,_T,_T,_T,_Z,_Z,_Z,2003,A,USD,
405.965046,P1Y,0,,A,PU,_Z,2,,,False,WB_WDI,WB_WDI_NY_GDP_PCAP_CD,IDX,_T,_T,_T,_Z,_Z,_Z,2003,A,USD,
512.591797,P1Y,0,,A,PU,_Z,2,,,False,WB_WDI,WB_WDI_NY_GDP_PCAP_CD,IDA,_T,_T,_T,_Z,_Z,_Z,2003,A,USD,
2048.655413,P1Y,0,,A,PU,_Z,2,,,False,WB_WDI,WB_WDI_NY_GDP_PCAP_CD,LTE,_T,_T,_T,_Z,_Z,_Z,2003,A,USD,
3862.137496,P1Y,0,,A,PU,_Z,2,,,False,WB_WDI,WB_WDI_NY_GDP_PCAP_CD,LCN,_T,_T,_T,_Z,_Z,_Z,2003,A,USD,
3662.999261,P1Y,0,,A,PU,_Z,2,,,False,WB_WDI,WB_WDI_NY_GDP_PCAP_CD,LAC,_T,_T,_T,_Z,_Z,_Z,2003,A,USD,
3728.727432,P1Y,0,,A,PU,_Z,2,,,False,WB_WDI,WB_WDI_NY_GDP_PCAP_CD,TLA,_T,_T,_T,_Z,_Z,_Z,2003,A,USD,
373.857895,P1Y,0,,A,PU,_Z,2,,,False,WB_WDI,WB_WDI_NY_GDP_PCAP_CD,LDC,_T,_T,_T,_Z,_Z,_Z,2003,A,USD,
1282.067511,P1Y,0,,A,PU,_Z,2,,,False,WB_WDI,WB_WDI_NY_GDP_PCAP_CD,LMY,_T,_T,_T,_Z,_Z,_Z,2003,A,USD,
337.323218,P1Y,0,,A,PU,_Z,2,,,False,WB_WDI,WB_WDI_NY_GDP_PCAP_CD,LIC,_T,_T,_T,_Z,_Z,_Z,2003,A,USD,
654.795105,P1Y,0,,A,PU,_Z,2,,,False,WB_WDI,WB_WDI_NY_GDP_PCAP_CD,LMC,_T,_T,_T,_Z,_Z,_Z,2003,A,USD,
2279.273906,P1Y,0,,A,PU,_Z,2,,,False,WB_WDI,WB_WDI_NY_GDP_PCAP_CD,MEA,_T,_T,_T,_Z,_Z,_Z,2003,A,USD,
1263.876062,P1Y,0,,A,PU,_Z,2,,,False,WB_WDI,WB_WDI_NY_GDP_PCAP_CD,MNA,_T,_T,_T,_Z,_Z,_Z,2003,A,USD,
3618.916014,P1Y,0,,A,PU,_Z,2,,,False,WB_WDI,WB_WDI_NY_GDP_PCAP_CD,IRN,_T,_T,_T,_Z,_Z,_Z,2006,A,USD,
2276.554357,P1Y,0,,A,PU,_Z,2,,,False,WB_WDI,WB_WDI_NY_GDP_PCAP_CD,IRQ,_T,_T,_T,_Z,_Z,_Z,2006,A,USD,
54329.16186,P1Y,0,,A,PU,_Z,2,,,False,WB_WDI,WB_WDI_NY_GDP_PCAP_CD,IRL,_T,_T,_T,_Z,_Z,_Z,2006,A,USD,
42627.508935,P1Y,0,,A,PU,_Z,2,,,False,WB_WDI,WB_WDI_NY_GDP_PCAP_CD,IMN,_T,_T,_T,_Z,_Z,_Z,2006,A,USD,
22499.754172,P1Y,0,,A,PU,_Z,2,,,False,WB_WDI,WB_WDI_NY_GDP_PCAP_CD,ISR,_T,_T,_T,_Z,_Z,_Z,2006,A,USD,
33537.128699,P1Y,0,,A,PU,_Z,2,,,False,WB_WDI,WB_WDI_NY_GDP_PCAP_CD,ITA,_T,_T,_T,_Z,_Z,_Z,2006,A,USD,
4417.001271,P1Y,0,,A,PU,_Z,2,,,False,WB_WDI,WB_WDI_NY_GDP_PCAP_CD,JAM,_T,_T,_T,_Z,_Z,_Z,2006,A,USD,
36354.427165,P1Y,0,,A,PU,_Z,2,,,False,WB_WDI,WB_WDI_NY_GDP_PCAP_CD,JPN,_T,_T,_T,_Z,_Z,_Z,2006,A,USD,
2342.634596,P1Y,0,,A,PU,_Z,2,,,False,WB_WDI,WB_WDI_NY_GDP_PCAP_CD,JOR,_T,_T,_T,_Z,_Z,_Z,2006,A,USD,
5030.134947,P1Y,0,,A,PU,_Z,2,,,False,WB_WDI,WB_WDI_NY_GDP_PCAP_CD,KAZ,_T,_T,_T,_Z,_Z,_Z,2006,A,USD,
699.802371,P1Y,0,,A,PU,_Z,2,,,False,WB_WDI,WB_WDI_NY_GDP_PCAP_CD,KEN,_T,_T,_T,_Z,_Z,_Z,2006,A,USD,
1123.19259,P1Y,0,,A,PU,_Z,2,,,False,WB_WDI,WB_WDI_NY_GDP_PCAP_CD,KIR,_T,_T,_T,_Z,_Z,_Z,2006,A,USD,
8885.563526,P1Y,0,,A,PU,_Z,2,,,False,WB_WDI,WB_WDI_NY_GDP_PCAP_CD,TEC,_T,_T,_T,_Z,_Z,_Z,2018,A,USD,
36076.901801,P1Y,0,,A,PU,_Z,2,,,False,WB_WDI,WB_WDI_NY_GDP_PCAP_CD,EUU,_T,_T,_T,_Z,_Z,_Z,2018,A,USD,
986.44797,P1Y,0,,A,PU,_Z,2,,,False,WB_WDI,WB_WDI_NY_GDP_PCAP_CD,HPC,_T,_T,_T,_Z,_Z,_Z,2018,A,USD,
41295.626222,P1Y,0,,A,PU,_Z,2,,,False,WB_WDI,WB_WDI_NY_GDP_PCAP_CD,HIC,_T,_T,_T,_Z,_Z,_Z,2018,A,USD,
6392.207313,P1Y,0,,A,PU,_Z,2,,,False,WB_WDI,WB_WDI_NY_GDP_PCAP_CD,IBD,_T,_T,_T,_Z,_Z,_Z,2018,A,USD,
5085.080185,P1Y,0,,A,PU,_Z,2,,,False,WB_WDI,WB_WDI_NY_GDP_PCAP_CD,IBT,_T,_T,_T,_Z,_Z,_Z,2018,A,USD,
1873.738594,P1Y,0,,A,PU,_Z,2,,,False,WB_WDI,WB_WDI_NY_GDP_PCAP_CD,IDB,_T,_T,_T,_Z,_Z,_Z,2018,A,USD,
1159.997868,P1Y,0,,A,PU,_Z,2,,,False,WB_WDI,WB_WDI_NY_GDP_PCAP_CD,IDX,_T,_T,_T,_Z,_Z,_Z,2018,A,USD,
1411.207383,P1Y,0,,A,PU,_Z,2,,,False,WB_WDI,WB_WDI_NY_GDP_PCAP_CD,IDA,_T,_T,_T,_Z,_Z,_Z,2018,A,USD,
9966.87581,P1Y,0,,A,PU,_Z,2,,,False,WB_WDI,WB_WDI_NY_GDP_PCAP_CD,LTE,_T,_T,_T,_Z,_Z,_Z,2018,A,USD,
8778.556738,P1Y,0,,A,PU,_Z,2,,,False,WB_WDI,WB_WDI_NY_GDP_PCAP_CD,LCN,_T,_T,_T,_Z,_Z,_Z,2018,A,USD,
8231.914287,P1Y,0,,A,PU,_Z,2,,,False,WB_WDI,WB_WDI_NY_GDP_PCAP_CD,LAC,_T,_T,_T,_Z,_Z,_Z,2018,A,USD,
8620.650958,P1Y,0,,A,PU,_Z,2,,,False,WB_WDI,WB_WDI_NY_GDP_PCAP_CD,TLA,_T,_T,_T,_Z,_Z,_Z,2018,A,USD,
3771.072284,P1Y,0,,A,PU,_Z,2,,,False,WB_WDI,WB_WDI_NY_GDP_PCAP_CD,SWZ,_T,_T,_T,_Z,_Z,_Z,2014,A,USD,
549.986577,P1Y,0,,A,PU,_Z,2,,,False,WB_WDI,WB_WDI_NY_GDP_PCAP_CD,ETH,_T,_T,_T,_Z,_Z,_Z,2014,A,USD,
60173.305785,P1Y,0,,A,PU,_Z,2,,,False,WB_WDI,WB_WDI_NY_GDP_PCAP_CD,FRO,_T,_T,_T,_Z,_Z,_Z,2014,A,USD,
5293.356767,P1Y,0,,A,PU,_Z,2,,,False,WB_WDI,WB_WDI_NY_GDP_PCAP_CD,FJI,_T,_T,_T,_Z,_Z,_Z,2014,A,USD,
50073.776082,P1Y,0,,A,PU,_Z,2,,,False,WB_WDI,WB_WDI_NY_GDP_PCAP_CD,FIN,_T,_T,_T,_Z,_Z,_Z,2014,A,USD,
43148.045929,P1Y,0,,A,PU,_Z,2,,,False,WB_WDI,WB_WDI_NY_GDP_PCAP_CD,FRA,_T,_T,_T,_Z,_Z,_Z,2014,A,USD,
22258.632138,P1Y,0,,A,PU,_Z,2,,,False,WB_WDI,WB_WDI_NY_GDP_PCAP_CD,PYF,_T,_T,_T,_Z,_Z,_Z,2014,A,USD,
9201.362766,P1Y,0,,A,PU,_Z,2,,,False,WB_WDI,WB_WDI_NY_GDP_PCAP_CD,GAB,_T,_T,_T,_Z,_Z,_Z,2014,A,USD,
568.004536,P1Y,0,,A,PU,_Z,2,,,False,WB_WDI,WB_WDI_NY_GDP_PCAP_CD,GMB,_T,_T,_T,_Z,_Z,_Z,2014,A,USD,
4830.334862,P1Y,0,,A,PU,_Z,2,,,False,WB_WDI,WB_WDI_NY_GDP_PCAP_CD,GEO,_T,_T,_T,_Z,_Z,_Z,2014,A,USD,
48959.59912,P1Y,0,,A,PU,_Z,2,,,False,WB_WDI,WB_WDI_NY_GDP_PCAP_CD,DEU,_T,_T,_T,_Z,_Z,_Z,2014,A,USD,
1949.908329,P1Y,0,,A,PU,_Z,2,,,False,WB_WDI,WB_WDI_NY_GDP_PCAP_CD,GHA,_T,_T,_T,_Z,_Z,_Z,2014,A,USD,
46808.529149,P1Y,0,,A,PU,_Z,2,,,False,WB_WDI,WB_WDI_NY_GDP_PCAP_CD,NLD,_T,_T,_T,_Z,_Z,_Z,2016,A,USD,
30782.854443,P1Y,0,,A,PU,_Z,2,,,False,WB_WDI,WB_WDI_NY_GDP_PCAP_CD,NCL,_T,_T,_T,_Z,_Z,_Z,2016,A,USD,
40088.320547,P1Y,0,,A,PU,_Z,2,,,False,WB_WDI,WB_WDI_NY_GDP_PCAP_CD,NZL,_T,_T,_T,_Z,_Z,_Z,2016,A,USD,
2131.687048,P1Y,0,,A,PU,_Z,2,,,False,WB_WDI,WB_WDI_NY_GDP_PCAP_CD,NIC,_T,_T,_T,_Z,_Z,_Z,2016,A,USD,
499.91052,P1Y,0,,A,PU,_Z,2,,,False,WB_WDI,WB_WDI_NY_GDP_PCAP_CD,NER,_T,_T,_T,_Z,_Z,_Z,2016,A,USD,
2070.412734,P1Y,0,,A,PU,_Z,2,,,False,WB_WDI,WB_WDI_NY_GDP_PCAP_CD,NGA,_T,_T,_T,_Z,_Z,_Z,2016,A,USD,
5598.486226,P1Y,0,,A,PU,_Z,2,,,False,WB_WDI,WB_WDI_NY_GDP_PCAP_CD,MKD,_T,_T,_T,_Z,_Z,_Z,2016,A,USD,
24225.474169,P1Y,0,,A,PU,_Z,2,,,False,WB_WDI,WB_WDI_NY_GDP_PCAP_CD,MNP,_T,_T,_T,_Z,_Z,_Z,2016,A,USD,
73222.400686,P1Y,0,,A,PU,_Z,2,,,False,WB_WDI,WB_WDI_NY_GDP_PCAP_CD,NOR,_T,_T,_T,_Z,_Z,_Z,2016,A,USD,
17110.189746,P1Y,0,,A,PU,_Z,2,,,False,WB_WDI,WB_WDI_NY_GDP_PCAP_CD,OMN,_T,_T,_T,_Z,_Z,_Z,2016,A,USD,
1424.691612,P1Y,0,,A,PU,_Z,2,,,False,WB_WDI,WB_WDI_NY_GDP_PCAP_CD,PAK,_T,_T,_T,_Z,_Z,_Z,2016,A,USD,
17043.666067,P1Y,0,,A,PU,_Z,2,,,False,WB_WDI,WB_WDI_NY_GDP_PCAP_CD,PLW,_T,_T,_T,_Z,_Z,_Z,2016,A,USD,
3270.628777,P1Y,0,,A,PU,_Z,2,,,False,WB_WDI,WB_WDI_NY_GDP_PCAP_CD,EGY,_T,_T,_T,_Z,_Z,_Z,2016,A,USD,
3901.34015,P1Y,0,,A,PU,_Z,2,,,False,WB_WDI,WB_WDI_NY_GDP_PCAP_CD,SLV,_T,_T,_T,_Z,_Z,_Z,2016,A,USD,
7453.197979,P1Y,0,,A,PU,_Z,2,,,False,WB_WDI,WB_WDI_NY_GDP_PCAP_CD,GNQ,_T,_T,_T,_Z,_Z,_Z,2016,A,USD,
18666.373652,P1Y,0,,A,PU,_Z,2,,,False,WB_WDI,WB_WDI_NY_GDP_PCAP_CD,EST,_T,_T,_T,_Z,_Z,_Z,2016,A,USD,
3238.17612,P1Y,0,,A,PU,_Z,2,,,False,WB_WDI,WB_WDI_NY_GDP_PCAP_CD,SWZ,_T,_T,_T,_Z,_Z,_Z,2016,A,USD,
641.651523,P1Y,0,,A,PU,_Z,2,,,False,WB_WDI,WB_WDI_NY_GDP_PCAP_CD,ETH,_T,_T,_T,_Z,_Z,_Z,2016,A,USD,
56876.430236,P1Y,0,,A,PU,_Z,2,,,False,WB_WDI,WB_WDI_NY_GDP_PCAP_CD,FRO,_T,_T,_T,_Z,_Z,_Z,2016,A,USD,
5363.790267,P1Y,0,,A,PU,_Z,2,,,False,WB_WDI,WB_WDI_NY_GDP_PCAP_CD,FJI,_T,_T,_T,_Z,_Z,_Z,2016,A,USD,
43451.256244,P1Y,0,,A,PU,_Z,2,,,False,WB_WDI,WB_WDI_NY_GDP_PCAP_CD,FIN,_T,_T,_T,_Z,_Z,_Z,2016,A,USD,
37024.215713,P1Y,0,,A,PU,_Z,2,,,False,WB_WDI,WB_WDI_NY_GDP_PCAP_CD,FRA,_T,_T,_T,_Z,_Z,_Z,2016,A,USD,
19690.077573,P1Y,0,,A,PU,_Z,2,,,False,WB_WDI,WB_WDI_NY_GDP_PCAP_CD,PYF,_T,_T,_T,_Z,_Z,_Z,2016,A,USD,
721.258516,P1Y,0,,A,PU,_Z,2,,,False,WB_WDI,WB_WDI_NY_GDP_PCAP_CD,RWA,_T,_T,_T,_Z,_Z,_Z,2016,A,USD,
4147.070977,P1Y,0,,A,PU,_Z,2,,,False,WB_WDI,WB_WDI_NY_GDP_PCAP_CD,WSM,_T,_T,_T,_Z,_Z,_Z,2016,A,USD,
44359.457421,P1Y,0,,A,PU,_Z,2,,,False,WB_WDI,WB_WDI_NY_GDP_PCAP_CD,SMR,_T,_T,_T,_Z,_Z,_Z,2016,A,USD,
1434.870181,P1Y,0,,A,PU,_Z,2,,,False,WB_WDI,WB_WDI_NY_GDP_PCAP_CD,STP,_T,_T,_T,_Z,_Z,_Z,2016,A,USD,
22267.721705,P1Y,0,,A,PU,_Z,2,,,False,WB_WDI,WB_WDI_NY_GDP_PCAP_CD,SAU,_T,_T,_T,_Z,_Z,_Z,2016,A,USD,
1266.439572,P1Y,0,,A,PU,_Z,2,,,False,WB_WDI,WB_WDI_NY_GDP_PCAP_CD,SEN,_T,_T,_T,_Z,_Z,_Z,2016,A,USD,
5982.370301,P1Y,0,,A,PU,_Z,2,,,False,WB_WDI,WB_WDI_NY_GDP_PCAP_CD,SRB,_T,_T,_T,_Z,_Z,_Z,2016,A,USD,
16566.994604,P1Y,0,,A,PU,_Z,2,,,False,WB_WDI,WB_WDI_NY_GDP_PCAP_CD,SYC,_T,_T,_T,_Z,_Z,_Z,2016,A,USD,
844.416411,P1Y,0,,A,PU,_Z,2,,,False,WB_WDI,WB_WDI_NY_GDP_PCAP_CD,SLE,_T,_T,_T,_Z,_Z,_Z,2016,A,USD,
57204.034011,P1Y,0,,A,PU,_Z,2,,,False,WB_WDI,WB_WDI_NY_GDP_PCAP_CD,SGP,_T,_T,_T,_Z,_Z,_Z,2016,A,USD,
37308.61478,P1Y,0,,A,PU,_Z,2,,,False,WB_WDI,WB_WDI_NY_GDP_PCAP_CD,SXM,_T,_T,_T,_Z,_Z,_Z,2016,A,USD,
3128.990103,P1Y,0,,A,PU,_Z,2,,,False,WB_WDI,WB_WDI_NY_GDP_PCAP_CD,IRQ,_T,_T,_T,_Z,_Z,_Z,2007,A,USD,
61396.417461,P1Y,0,,A,PU,_Z,2,,,False,WB_WDI,WB_WDI_NY_GDP_PCAP_CD,IRL,_T,_T,_T,_Z,_Z,_Z,2007,A,USD,
55040.243705,P1Y,0,,A,PU,_Z,2,,,False,WB_WDI,WB_WDI_NY_GDP_PCAP_CD,IMN,_T,_T,_T,_Z,_Z,_Z,2007,A,USD,
25688.90161,P1Y,0,,A,PU,_Z,2,,,False,WB_WDI,WB_WDI_NY_GDP_PCAP_CD,ISR,_T,_T,_T,_Z,_Z,_Z,2007,A,USD,
37826.175455,P1Y,0,,A,PU,_Z,2,,,False,WB_WDI,WB_WDI_NY_GDP_PCAP_CD,ITA,_T,_T,_T,_Z,_Z,_Z,2007,A,USD,
4716.486125,P1Y,0,,A,PU,_Z,2,,,False,WB_WDI,WB_WDI_NY_GDP_PCAP_CD,JAM,_T,_T,_T,_Z,_Z,_Z,2007,A,USD,
36129.953513,P1Y,0,,A,PU,_Z,2,,,False,WB_WDI,WB_WDI_NY_GDP_PCAP_CD,JPN,_T,_T,_T,_Z,_Z,_Z,2007,A,USD,
2506.205995,P1Y,0,,A,PU,_Z,2,,,False,WB_WDI,WB_WDI_NY_GDP_PCAP_CD,JOR,_T,_T,_T,_Z,_Z,_Z,2007,A,USD,
6449.439311,P1Y,0,,A,PU,_Z,2,,,False,WB_WDI,WB_WDI_NY_GDP_PCAP_CD,KAZ,_T,_T,_T,_Z,_Z,_Z,2007,A,USD,
840.201439,P1Y,0,,A,PU,_Z,2,,,False,WB_WDI,WB_WDI_NY_GDP_PCAP_CD,KEN,_T,_T,_T,_Z,_Z,_Z,2007,A,USD,
1352.57814,P1Y,0,,A,PU,_Z,2,,,False,WB_WDI,WB_WDI_NY_GDP_PCAP_CD,KIR,_T,_T,_T,_Z,_Z,_Z,2007,A,USD,
7577.64133,P1Y,0,,A,PU,_Z,2,,,False,WB_WDI,WB_WDI_NY_GDP_PCAP_CD,LBN,_T,_T,_T,_Z,_Z,_Z,2014,A,USD,
1173.537793,P1Y,0,,A,PU,_Z,2,,,False,WB_WDI,WB_WDI_NY_GDP_PCAP_CD,LSO,_T,_T,_T,_Z,_Z,_Z,2014,A,USD,
706.71449,P1Y,0,,A,PU,_Z,2,,,False,WB_WDI,WB_WDI_NY_GDP_PCAP_CD,LBR,_T,_T,_T,_Z,_Z,_Z,2014,A,USD,
8926.420746,P1Y,0,,A,PU,_Z,2,,,False,WB_WDI,WB_WDI_NY_GDP_PCAP_CD,LBY,_T,_T,_T,_Z,_Z,_Z,2014,A,USD,
178735.153021,P1Y,0,,A,PU,_Z,2,,,False,WB_WDI,WB_WDI_NY_GDP_PCAP_CD,LIE,_T,_T,_T,_Z,_Z,_Z,2014,A,USD,
16446.164718,P1Y,0,,A,PU,_Z,2,,,False,WB_WDI,WB_WDI_NY_GDP_PCAP_CD,LTU,_T,_T,_T,_Z,_Z,_Z,2014,A,USD,
123678.706919,P1Y,0,,A,PU,_Z,2,,,False,WB_WDI,WB_WDI_NY_GDP_PCAP_CD,LUX,_T,_T,_T,_Z,_Z,_Z,2014,A,USD,
88355.318176,P1Y,0,,A,PU,_Z,2,,,False,WB_WDI,WB_WDI_NY_GDP_PCAP_CD,MAC,_T,_T,_T,_Z,_Z,_Z,2014,A,USD,
505.684923,P1Y,0,,A,PU,_Z,2,,,False,WB_WDI,WB_WDI_NY_GDP_PCAP_CD,MDG,_T,_T,_T,_Z,_Z,_Z,2014,A,USD,
529.513344,P1Y,0,,A,PU,_Z,2,,,False,WB_WDI,WB_WDI_NY_GDP_PCAP_CD,MWI,_T,_T,_T,_Z,_Z,_Z,2014,A,USD,
11013.310733,P1Y,0,,A,PU,_Z,2,,,False,WB_WDI,WB_WDI_NY_GDP_PCAP_CD,MYS,_T,_T,_T,_Z,_Z,_Z,2014,A,USD,
8939.074166,P1Y,0,,A,PU,_Z,2,,,False,WB_WDI,WB_WDI_NY_GDP_PCAP_CD,MDV,_T,_T,_T,_Z,_Z,_Z,2014,A,USD,
8150.23527,P1Y,0,,A,PU,_Z,2,,,False,WB_WDI,WB_WDI_NY_GDP_PCAP_CD,ARG,_T,_T,_T,_Z,_Z,_Z,2009,A,USD,
2820.592655,P1Y,0,,A,PU,_Z,2,,,False,WB_WDI,WB_WDI_NY_GDP_PCAP_CD,ARM,_T,_T,_T,_Z,_Z,_Z,2009,A,USD,
25134.77123,P1Y,0,,A,PU,_Z,2,,,False,WB_WDI,WB_WDI_NY_GDP_PCAP_CD,ABW,_T,_T,_T,_Z,_Z,_Z,2009,A,USD,
42954.849488,P1Y,0,,A,PU,_Z,2,,,False,WB_WDI,WB_WDI_NY_GDP_PCAP_CD,AUS,_T,_T,_T,_Z,_Z,_Z,2009,A,USD,
47857.444664,P1Y,0,,A,PU,_Z,2,,,False,WB_WDI,WB_WDI_NY_GDP_PCAP_CD,AUT,_T,_T,_T,_Z,_Z,_Z,2009,A,USD,
4950.39949,P1Y,0,,A,PU,_Z,2,,,False,WB_WDI,WB_WDI_NY_GDP_PCAP_CD,AZE,_T,_T,_T,_Z,_Z,_Z,2009,A,USD,
27512.913095,P1Y,0,,A,PU,_Z,2,,,False,WB_WDI,WB_WDI_NY_GDP_PCAP_CD,BHS,_T,_T,_T,_Z,_Z,_Z,2009,A,USD,
19465.314075,P1Y,0,,A,PU,_Z,2,,,False,WB_WDI,WB_WDI_NY_GDP_PCAP_CD,BHR,_T,_T,_T,_Z,_Z,_Z,2009,A,USD,
679.211477,P1Y,0,,A,PU,_Z,2,,,False,WB_WDI,WB_WDI_NY_GDP_PCAP_CD,BGD,_T,_T,_T,_Z,_Z,_Z,2009,A,USD,
16294.909949,P1Y,0,,A,PU,_Z,2,,,False,WB_WDI,WB_WDI_NY_GDP_PCAP_CD,BRB,_T,_T,_T,_Z,_Z,_Z,2009,A,USD,
5352.488092,P1Y,0,,A,PU,_Z,2,,,False,WB_WDI,WB_WDI_NY_GDP_PCAP_CD,BLR,_T,_T,_T,_Z,_Z,_Z,2009,A,USD,
4717.039164,P1Y,0,,A,PU,_Z,2,,,False,WB_WDI,WB_WDI_NY_GDP_PCAP_CD,IBT,_T,_T,_T,_Z,_Z,_Z,2013,A,USD,
1985.519999,P1Y,0,,A,PU,_Z,2,,,False,WB_WDI,WB_WDI_NY_GDP_PCAP_CD,IDB,_T,_T,_T,_Z,_Z,_Z,2013,A,USD,
1006.289675,P1Y,0,,A,PU,_Z,2,,,False,WB_WDI,WB_WDI_NY_GDP_PCAP_CD,IDX,_T,_T,_T,_Z,_Z,_Z,2013,A,USD,
1352.928609,P1Y,0,,A,PU,_Z,2,,,False,WB_WDI,WB_WDI_NY_GDP_PCAP_CD,IDA,_T,_T,_T,_Z,_Z,_Z,2013,A,USD,
8644.257599,P1Y,0,,A,PU,_Z,2,,,False,WB_WDI,WB_WDI_NY_GDP_PCAP_CD,LTE,_T,_T,_T,_Z,_Z,_Z,2013,A,USD,
10305.418402,P1Y,0,,A,PU,_Z,2,,,False,WB_WDI,WB_WDI_NY_GDP_PCAP_CD,LCN,_T,_T,_T,_Z,_Z,_Z,2013,A,USD,
9901.44144,P1Y,0,,A,PU,_Z,2,,,False,WB_WDI,WB_WDI_NY_GDP_PCAP_CD,LAC,_T,_T,_T,_Z,_Z,_Z,2013,A,USD,
10230.362649,P1Y,0,,A,PU,_Z,2,,,False,WB_WDI,WB_WDI_NY_GDP_PCAP_CD,TLA,_T,_T,_T,_Z,_Z,_Z,2013,A,USD,
1007.414297,P1Y,0,,A,PU,_Z,2,,,False,WB_WDI,WB_WDI_NY_GDP_PCAP_CD,LDC,_T,_T,_T,_Z,_Z,_Z,2013,A,USD,
4290.613233,P1Y,0,,A,PU,_Z,2,,,False,WB_WDI,WB_WDI_NY_GDP_PCAP_CD,LMY,_T,_T,_T,_Z,_Z,_Z,2013,A,USD,
719.03357,P1Y,0,,A,PU,_Z,2,,,False,WB_WDI,WB_WDI_NY_GDP_PCAP_CD,LIC,_T,_T,_T,_Z,_Z,_Z,2013,A,USD,
1766.557597,P1Y,0,,A,PU,_Z,2,,,False,WB_WDI,WB_WDI_NY_GDP_PCAP_CD,LMC,_T,_T,_T,_Z,_Z,_Z,2013,A,USD,
5871.070081,P1Y,0,,A,PU,_Z,2,,,False,WB_WDI,WB_WDI_NY_GDP_PCAP_CD,MEA,_T,_T,_T,_Z,_Z,_Z,2013,A,USD,
53172.026158,P1Y,0,,A,PU,_Z,2,,,False,WB_WDI,WB_WDI_NY_GDP_PCAP_CD,NLD,_T,_T,_T,_Z,_Z,_Z,2009,A,USD,
33836.49408,P1Y,0,,A,PU,_Z,2,,,False,WB_WDI,WB_WDI_NY_GDP_PCAP_CD,NCL,_T,_T,_T,_Z,_Z,_Z,2009,A,USD,
28276.725542,P1Y,0,,A,PU,_Z,2,,,False,WB_WDI,WB_WDI_NY_GDP_PCAP_CD,NZL,_T,_T,_T,_Z,_Z,_Z,2009,A,USD,
1467.082881,P1Y,0,,A,PU,_Z,2,,,False,WB_WDI,WB_WDI_NY_GDP_PCAP_CD,NIC,_T,_T,_T,_Z,_Z,_Z,2009,A,USD,
461.131534,P1Y,0,,A,PU,_Z,2,,,False,WB_WDI,WB_WDI_NY_GDP_PCAP_CD,NER,_T,_T,_T,_Z,_Z,_Z,2009,A,USD,
1820.486339,P1Y,0,,A,PU,_Z,2,,,False,WB_WDI,WB_WDI_NY_GDP_PCAP_CD,NGA,_T,_T,_T,_Z,_Z,_Z,2009,A,USD,
4799.787228,P1Y,0,,A,PU,_Z,2,,,False,WB_WDI,WB_WDI_NY_GDP_PCAP_CD,MKD,_T,_T,_T,_Z,_Z,_Z,2009,A,USD,
14369.633981,P1Y,0,,A,PU,_Z,2,,,False,WB_WDI,WB_WDI_NY_GDP_PCAP_CD,MNP,_T,_T,_T,_Z,_Z,_Z,2009,A,USD,
81939.726548,P1Y,0,,A,PU,_Z,2,,,False,WB_WDI,WB_WDI_NY_GDP_PCAP_CD,NOR,_T,_T,_T,_Z,_Z,_Z,2009,A,USD,
20655.918025,P1Y,0,,A,PU,_Z,2,,,False,WB_WDI,WB_WDI_NY_GDP_PCAP_CD,OMN,_T,_T,_T,_Z,_Z,_Z,2009,A,USD,
963.788066,P1Y,0,,A,PU,_Z,2,,,False,WB_WDI,WB_WDI_NY_GDP_PCAP_CD,PAK,_T,_T,_T,_Z,_Z,_Z,2009,A,USD,
9837.498831,P1Y,0,,A,PU,_Z,2,,,False,WB_WDI,WB_WDI_NY_GDP_PCAP_CD,PLW,_T,_T,_T,_Z,_Z,_Z,2009,A,USD,
7796.92617,P1Y,0,,A,PU,_Z,2,,,False,WB_WDI,WB_WDI_NY_GDP_PCAP_CD,PAN,_T,_T,_T,_Z,_Z,_Z,2009,A,USD,
600.194299,P1Y,0,,A,PU,_Z,2,,,False,WB_WDI,WB_WDI_NY_GDP_PCAP_CD,GNB,_T,_T,_T,_Z,_Z,_Z,2010,A,USD,
4581.761797,P1Y,0,,A,PU,_Z,2,,,False,WB_WDI,WB_WDI_NY_GDP_PCAP_CD,GUY,_T,_T,_T,_Z,_Z,_Z,2010,A,USD,
1209.727335,P1Y,0,,A,PU,_Z,2,,,False,WB_WDI,WB_WDI_NY_GDP_PCAP_CD,HTI,_T,_T,_T,_Z,_Z,_Z,2010,A,USD,
1893.327227,P1Y,0,,A,PU,_Z,2,,,False,WB_WDI,WB_WDI_NY_GDP_PCAP_CD,HND,_T,_T,_T,_Z,_Z,_Z,2010,A,USD,
32550.136489,P1Y,0,,A,PU,_Z,2,,,False,WB_WDI,WB_WDI_NY_GDP_PCAP_CD,HKG,_T,_T,_T,_Z,_Z,_Z,2010,A,USD,
13189.843387,P1Y,0,,A,PU,_Z,2,,,False,WB_WDI,WB_WDI_NY_GDP_PCAP_CD,HUN,_T,_T,_T,_Z,_Z,_Z,2010,A,USD,
43776.46774,P1Y,0,,A,PU,_Z,2,,,False,WB_WDI,WB_WDI_NY_GDP_PCAP_CD,ISL,_T,_T,_T,_Z,_Z,_Z,2010,A,USD,
1347.519391,P1Y,0,,A,PU,_Z,2,,,False,WB_WDI,WB_WDI_NY_GDP_PCAP_CD,IND,_T,_T,_T,_Z,_Z,_Z,2010,A,USD,
3065.683484,P1Y,0,,A,PU,_Z,2,,,False,WB_WDI,WB_WDI_NY_GDP_PCAP_CD,IDN,_T,_T,_T,_Z,_Z,_Z,2010,A,USD,
6291.194437,P1Y,0,,A,PU,_Z,2,,,False,WB_WDI,WB_WDI_NY_GDP_PCAP_CD,IRN,_T,_T,_T,_Z,_Z,_Z,2010,A,USD,
47809.607305,P1Y,0,,A,PU,_Z,2,,,False,WB_WDI,WB_WDI_NY_GDP_PCAP_CD,ISL,_T,_T,_T,_Z,_Z,_Z,2004,A,USD,
624.258827,P1Y,0,,A,PU,_Z,2,,,False,WB_WDI,WB_WDI_NY_GDP_PCAP_CD,IND,_T,_T,_T,_Z,_Z,_Z,2004,A,USD,
1126.840044,P1Y,0,,A,PU,_Z,2,,,False,WB_WDI,WB_WDI_NY_GDP_PCAP_CD,IDN,_T,_T,_T,_Z,_Z,_Z,2004,A,USD,
2672.422665,P1Y,0,,A,PU,_Z,2,,,False,WB_WDI,WB_WDI_NY_GDP_PCAP_CD,IRN,_T,_T,_T,_Z,_Z,_Z,2004,A,USD,
1328.371576,P1Y,0,,A,PU,_Z,2,,,False,WB_WDI,WB_WDI_NY_GDP_PCAP_CD,IRQ,_T,_T,_T,_Z,_Z,_Z,2004,A,USD,
47754.202319,P1Y,0,,A,PU,_Z,2,,,False,WB_WDI,WB_WDI_NY_GDP_PCAP_CD,IRL,_T,_T,_T,_Z,_Z,_Z,2004,A,USD,
35564.602391,P1Y,0,,A,PU,_Z,2,,,False,WB_WDI,WB_WDI_NY_GDP_PCAP_CD,IMN,_T,_T,_T,_Z,_Z,_Z,2004,A,USD,
20550.069471,P1Y,0,,A,PU,_Z,2,,,False,WB_WDI,WB_WDI_NY_GDP_PCAP_CD,ISR,_T,_T,_T,_Z,_Z,_Z,2004,A,USD,
31348.190184,P1Y,0,,A,PU,_Z,2,,,False,WB_WDI,WB_WDI_NY_GDP_PCAP_CD,ITA,_T,_T,_T,_Z,_Z,_Z,2004,A,USD,
3807.562931,P1Y,0,,A,PU,_Z,2,,,False,WB_WDI,WB_WDI_NY_GDP_PCAP_CD,JAM,_T,_T,_T,_Z,_Z,_Z,2004,A,USD,
38677.570806,P1Y,0,,A,PU,_Z,2,,,False,WB_WDI,WB_WDI_NY_GDP_PCAP_CD,JPN,_T,_T,_T,_Z,_Z,_Z,2004,A,USD,
1940.086413,P1Y,0,,A,PU,_Z,2,,,False,WB_WDI,WB_WDI_NY_GDP_PCAP_CD,JOR,_T,_T,_T,_Z,_Z,_Z,2004,A,USD,
2722.474078,P1Y,0,,A,PU,_Z,2,,,False,WB_WDI,WB_WDI_NY_GDP_PCAP_CD,KAZ,_T,_T,_T,_Z,_Z,_Z,2004,A,USD,
3168.983706,P1Y,0,,A,PU,_Z,2,,,False,WB_WDI,WB_WDI_NY_GDP_PCAP_CD,GTM,_T,_T,_T,_Z,_Z,_Z,2011,A,USD,
636.694959,P1Y,0,,A,PU,_Z,2,,,False,WB_WDI,WB_WDI_NY_GDP_PCAP_CD,GIN,_T,_T,_T,_Z,_Z,_Z,2011,A,USD,
719.539573,P1Y,0,,A,PU,_Z,2,,,False,WB_WDI,WB_WDI_NY_GDP_PCAP_CD,GNB,_T,_T,_T,_Z,_Z,_Z,2011,A,USD,
4947.221706,P1Y,0,,A,PU,_Z,2,,,False,WB_WDI,WB_WDI_NY_GDP_PCAP_CD,GUY,_T,_T,_T,_Z,_Z,_Z,2011,A,USD,
1312.039536,P1Y,0,,A,PU,_Z,2,,,False,WB_WDI,WB_WDI_NY_GDP_PCAP_CD,HTI,_T,_T,_T,_Z,_Z,_Z,2011,A,USD,
2073.661211,P1Y,0,,A,PU,_Z,2,,,False,WB_WDI,WB_WDI_NY_GDP_PCAP_CD,HND,_T,_T,_T,_Z,_Z,_Z,2011,A,USD,
35142.487934,P1Y,0,,A,PU,_Z,2,,,False,WB_WDI,WB_WDI_NY_GDP_PCAP_CD,HKG,_T,_T,_T,_Z,_Z,_Z,2011,A,USD,
14211.460558,P1Y,0,,A,PU,_Z,2,,,False,WB_WDI,WB_WDI_NY_GDP_PCAP_CD,HUN,_T,_T,_T,_Z,_Z,_Z,2011,A,USD,
48254.953927,P1Y,0,,A,PU,_Z,2,,,False,WB_WDI,WB_WDI_NY_GDP_PCAP_CD,ISL,_T,_T,_T,_Z,_Z,_Z,2011,A,USD,
1445.461275,P1Y,0,,A,PU,_Z,2,,,False,WB_WDI,WB_WDI_NY_GDP_PCAP_CD,IND,_T,_T,_T,_Z,_Z,_Z,2011,A,USD,
3579.464425,P1Y,0,,A,PU,_Z,2,,,False,WB_WDI,WB_WDI_NY_GDP_PCAP_CD,IDN,_T,_T,_T,_Z,_Z,_Z,2011,A,USD,
2195.4489,P1Y,0,,A,PU,_Z,2,,,False,WB_WDI,WB_WDI_NY_GDP_PCAP_CD,TON,_T,_T,_T,_Z,_Z,_Z,2004,A,USD,
9871.034198,P1Y,0,,A,PU,_Z,2,,,False,WB_WDI,WB_WDI_NY_GDP_PCAP_CD,TTO,_T,_T,_T,_Z,_Z,_Z,2004,A,USD,
3067.419364,P1Y,0,,A,PU,_Z,2,,,False,WB_WDI,WB_WDI_NY_GDP_PCAP_CD,TUN,_T,_T,_T,_Z,_Z,_Z,2004,A,USD,
5979.605422,P1Y,0,,A,PU,_Z,2,,,False,WB_WDI,WB_WDI_NY_GDP_PCAP_CD,TUR,_T,_T,_T,_Z,_Z,_Z,2004,A,USD,
1379.230097,P1Y,0,,A,PU,_Z,2,,,False,WB_WDI,WB_WDI_NY_GDP_PCAP_CD,TKM,_T,_T,_T,_Z,_Z,_Z,2004,A,USD,
21246.0098,P1Y,0,,A,PU,_Z,2,,,False,WB_WDI,WB_WDI_NY_GDP_PCAP_CD,TCA,_T,_T,_T,_Z,_Z,_Z,2004,A,USD,
2322.562651,P1Y,0,,A,PU,_Z,2,,,False,WB_WDI,WB_WDI_NY_GDP_PCAP_CD,TUV,_T,_T,_T,_Z,_Z,_Z,2004,A,USD,
292.381858,P1Y,0,,A,PU,_Z,2,,,False,WB_WDI,WB_WDI_NY_GDP_PCAP_CD,UGA,_T,_T,_T,_Z,_Z,_Z,2004,A,USD,
1401.018066,P1Y,0,,A,PU,_Z,2,,,False,WB_WDI,WB_WDI_NY_GDP_PCAP_CD,UKR,_T,_T,_T,_Z,_Z,_Z,2004,A,USD,
33376.688053,P1Y,0,,A,PU,_Z,2,,,False,WB_WDI,WB_WDI_NY_GDP_PCAP_CD,ARE,_T,_T,_T,_Z,_Z,_Z,2004,A,USD,
40504.41181,P1Y,0,,A,PU,_Z,2,,,False,WB_WDI,WB_WDI_NY_GDP_PCAP_CD,GBR,_T,_T,_T,_Z,_Z,_Z,2004,A,USD,
41724.641198,P1Y,0,,A,PU,_Z,2,,,False,WB_WDI,WB_WDI_NY_GDP_PCAP_CD,USA,_T,_T,_T,_Z,_Z,_Z,2004,A,USD,
4168.660654,P1Y,0,,A,PU,_Z,2,,,False,WB_WDI,WB_WDI_NY_GDP_PCAP_CD,URY,_T,_T,_T,_Z,_Z,_Z,2004,A,USD,
32145.565328,P1Y,0,,A,PU,_Z,2,,,False,WB_WDI,WB_WDI_NY_GDP_PCAP_CD,CAN,_T,_T,_T,_Z,_Z,_Z,2004,A,USD,
303.461321,P1Y,0,,A,PU,_Z,2,,,False,WB_WDI,WB_WDI_NY_GDP_PCAP_CD,CAF,_T,_T,_T,_Z,_Z,_Z,2004,A,USD,
445.850767,P1Y,0,,A,PU,_Z,2,,,False,WB_WDI,WB_WDI_NY_GDP_PCAP_CD,TCD,_T,_T,_T,_Z,_Z,_Z,2004,A,USD,
56259.534423,P1Y,0,,A,PU,_Z,2,,,False,WB_WDI,WB_WDI_NY_GDP_PCAP_CD,CHI,_T,_T,_T,_Z,_Z,_Z,2004,A,USD,
6120.591521,P1Y,0,,A,PU,_Z,2,,,False,WB_WDI,WB_WDI_NY_GDP_PCAP_CD,CHL,_T,_T,_T,_Z,_Z,_Z,2004,A,USD,
1530.927262,P1Y,0,,A,PU,_Z,2,,,False,WB_WDI,WB_WDI_NY_GDP_PCAP_CD,CHN,_T,_T,_T,_Z,_Z,_Z,2004,A,USD,
2818.571954,P1Y,0,,A,PU,_Z,2,,,False,WB_WDI,WB_WDI_NY_GDP_PCAP_CD,COL,_T,_T,_T,_Z,_Z,_Z,2004,A,USD,
1072.28409,P1Y,0,,A,PU,_Z,2,,,False,WB_WDI,WB_WDI_NY_GDP_PCAP_CD,COM,_T,_T,_T,_Z,_Z,_Z,2004,A,USD,
180.664765,P1Y,0,,A,PU,_Z,2,,,False,WB_WDI,WB_WDI_NY_GDP_PCAP_CD,COD,_T,_T,_T,_Z,_Z,_Z,2004,A,USD,
1306.101363,P1Y,0,,A,PU,_Z,2,,,False,WB_WDI,WB_WDI_NY_GDP_PCAP_CD,COG,_T,_T,_T,_Z,_Z,_Z,2004,A,USD,
4431.01172,P1Y,0,,A,PU,_Z,2,,,False,WB_WDI,WB_WDI_NY_GDP_PCAP_CD,CRI,_T,_T,_T,_Z,_Z,_Z,2004,A,USD,
1199.825245,P1Y,0,,A,PU,_Z,2,,,False,WB_WDI,WB_WDI_NY_GDP_PCAP_CD,CIV,_T,_T,_T,_Z,_Z,_Z,2004,A,USD,
2502.327443,P1Y,0,,A,PU,_Z,2,,,False,WB_WDI,WB_WDI_NY_GDP_PCAP_CD,HND,_T,_T,_T,_Z,_Z,_Z,2019,A,USD,
48359.001195,P1Y,0,,A,PU,_Z,2,,,False,WB_WDI,WB_WDI_NY_GDP_PCAP_CD,HKG,_T,_T,_T,_Z,_Z,_Z,2019,A,USD,
17012.859855,P1Y,0,,A,PU,_Z,2,,,False,WB_WDI,WB_WDI_NY_GDP_PCAP_CD,HUN,_T,_T,_T,_Z,_Z,_Z,2019,A,USD,
69296.314436,P1Y,0,,A,PU,_Z,2,,,False,WB_WDI,WB_WDI_NY_GDP_PCAP_CD,ISL,_T,_T,_T,_Z,_Z,_Z,2019,A,USD,
2041.428637,P1Y,0,,A,PU,_Z,2,,,False,WB_WDI,WB_WDI_NY_GDP_PCAP_CD,IND,_T,_T,_T,_Z,_Z,_Z,2019,A,USD,
4106.948562,P1Y,0,,A,PU,_Z,2,,,False,WB_WDI,WB_WDI_NY_GDP_PCAP_CD,IDN,_T,_T,_T,_Z,_Z,_Z,2019,A,USD,
3997.493545,P1Y,0,,A,PU,_Z,2,,,False,WB_WDI,WB_WDI_NY_GDP_PCAP_CD,IRN,_T,_T,_T,_Z,_Z,_Z,2019,A,USD,
5671.856863,P1Y,0,,A,PU,_Z,2,,,False,WB_WDI,WB_WDI_NY_GDP_PCAP_CD,IRQ,_T,_T,_T,_Z,_Z,_Z,2019,A,USD,
81827.668887,P1Y,0,,A,PU,_Z,2,,,False,WB_WDI,WB_WDI_NY_GDP_PCAP_CD,IRL,_T,_T,_T,_Z,_Z,_Z,2019,A,USD,
87127.551798,P1Y,0,,A,PU,_Z,2,,,False,WB_WDI,WB_WDI_NY_GDP_PCAP_CD,IMN,_T,_T,_T,_Z,_Z,_Z,2019,A,USD,
44091.867802,P1Y,0,,A,PU,_Z,2,,,False,WB_WDI,WB_WDI_NY_GDP_PCAP_CD,ISR,_T,_T,_T,_Z,_Z,_Z,2019,A,USD,
9300.661649,P1Y,0,,A,PU,_Z,2,,,False,WB_WDI,WB_WDI_NY_GDP_PCAP_CD,BRA,_T,_T,_T,_Z,_Z,_Z,2018,A,USD,
30988.119027,P1Y,0,,A,PU,_Z,2,,,False,WB_WDI,WB_WDI_NY_GDP_PCAP_CD,BRN,_T,_T,_T,_Z,_Z,_Z,2018,A,USD,
9849.8877,P1Y,0,,A,PU,_Z,2,,,False,WB_WDI,WB_WDI_NY_GDP_PCAP_CD,BGR,_T,_T,_T,_Z,_Z,_Z,2018,A,USD,
777.465619,P1Y,0,,A,PU,_Z,2,,,False,WB_WDI,WB_WDI_NY_GDP_PCAP_CD,BFA,_T,_T,_T,_Z,_Z,_Z,2018,A,USD,
245.661678,P1Y,0,,A,PU,_Z,2,,,False,WB_WDI,WB_WDI_NY_GDP_PCAP_CD,BDI,_T,_T,_T,_Z,_Z,_Z,2018,A,USD,
4294.9651,P1Y,0,,A,PU,_Z,2,,,False,WB_WDI,WB_WDI_NY_GDP_PCAP_CD,CPV,_T,_T,_T,_Z,_Z,_Z,2018,A,USD,
2036.673776,P1Y,0,,A,PU,_Z,2,,,False,WB_WDI,WB_WDI_NY_GDP_PCAP_CD,KHM,_T,_T,_T,_Z,_Z,_Z,2018,A,USD,
1610.696416,P1Y,0,,A,PU,_Z,2,,,False,WB_WDI,WB_WDI_NY_GDP_PCAP_CD,CMR,_T,_T,_T,_Z,_Z,_Z,2018,A,USD,
46539.21779,P1Y,0,,A,PU,_Z,2,,,False,WB_WDI,WB_WDI_NY_GDP_PCAP_CD,CAN,_T,_T,_T,_Z,_Z,_Z,2018,A,USD,
83865.553157,P1Y,0,,A,PU,_Z,2,,,False,WB_WDI,WB_WDI_NY_GDP_PCAP_CD,CYM,_T,_T,_T,_Z,_Z,_Z,2018,A,USD,
19937.302914,P1Y,0,,A,PU,_Z,2,,,False,WB_WDI,WB_WDI_NY_GDP_PCAP_CD,KOR,_T,_T,_T,_Z,_Z,_Z,2009,A,USD,
2805.94693,P1Y,0,,A,PU,_Z,2,,,False,WB_WDI,WB_WDI_NY_GDP_PCAP_CD,XKX,_T,_T,_T,_Z,_Z,_Z,2009,A,USD,
37907.100132,P1Y,0,,A,PU,_Z,2,,,False,WB_WDI,WB_WDI_NY_GDP_PCAP_CD,KWT,_T,_T,_T,_Z,_Z,_Z,2009,A,USD,
870.198895,P1Y,0,,A,PU,_Z,2,,,False,WB_WDI,WB_WDI_NY_GDP_PCAP_CD,KGZ,_T,_T,_T,_Z,_Z,_Z,2009,A,USD,
935.032373,P1Y,0,,A,PU,_Z,2,,,False,WB_WDI,WB_WDI_NY_GDP_PCAP_CD,LAO,_T,_T,_T,_Z,_Z,_Z,2009,A,USD,
11996.032273,P1Y,0,,A,PU,_Z,2,,,False,WB_WDI,WB_WDI_NY_GDP_PCAP_CD,LVA,_T,_T,_T,_Z,_Z,_Z,2009,A,USD,
7090.854939,P1Y,0,,A,PU,_Z,2,,,False,WB_WDI,WB_WDI_NY_GDP_PCAP_CD,LBN,_T,_T,_T,_Z,_Z,_Z,2009,A,USD,
878.847951,P1Y,0,,A,PU,_Z,2,,,False,WB_WDI,WB_WDI_NY_GDP_PCAP_CD,LSO,_T,_T,_T,_Z,_Z,_Z,2009,A,USD,
448.386367,P1Y,0,,A,PU,_Z,2,,,False,WB_WDI,WB_WDI_NY_GDP_PCAP_CD,LBR,_T,_T,_T,_Z,_Z,_Z,2009,A,USD,
9551.054039,P1Y,0,,A,PU,_Z,2,,,False,WB_WDI,WB_WDI_NY_GDP_PCAP_CD,LBY,_T,_T,_T,_Z,_Z,_Z,2009,A,USD,
126024.714567,P1Y,0,,A,PU,_Z,2,,,False,WB_WDI,WB_WDI_NY_GDP_PCAP_CD,LIE,_T,_T,_T,_Z,_Z,_Z,2009,A,USD,
11854.371105,P1Y,0,,A,PU,_Z,2,,,False,WB_WDI,WB_WDI_NY_GDP_PCAP_CD,LTU,_T,_T,_T,_Z,_Z,_Z,2009,A,USD,
9421.525141,P1Y,0,,A,PU,_Z,2,,,False,WB_WDI,WB_WDI_NY_GDP_PCAP_CD,MUS,_T,_T,_T,_Z,_Z,_Z,2012,A,USD,
10744.133524,P1Y,0,,A,PU,_Z,2,,,False,WB_WDI,WB_WDI_NY_GDP_PCAP_CD,MEX,_T,_T,_T,_Z,_Z,_Z,2012,A,USD,
3003.058671,P1Y,0,,A,PU,_Z,2,,,False,WB_WDI,WB_WDI_NY_GDP_PCAP_CD,FSM,_T,_T,_T,_Z,_Z,_Z,2012,A,USD,
3044.808432,P1Y,0,,A,PU,_Z,2,,,False,WB_WDI,WB_WDI_NY_GDP_PCAP_CD,MDA,_T,_T,_T,_Z,_Z,_Z,2012,A,USD,
165444.625783,P1Y,0,,A,PU,_Z,2,,,False,WB_WDI,WB_WDI_NY_GDP_PCAP_CD,MCO,_T,_T,_T,_Z,_Z,_Z,2012,A,USD,
4328.890019,P1Y,0,,A,PU,_Z,2,,,False,WB_WDI,WB_WDI_NY_GDP_PCAP_CD,MNG,_T,_T,_T,_Z,_Z,_Z,2012,A,USD,
6552.479703,P1Y,0,,A,PU,_Z,2,,,False,WB_WDI,WB_WDI_NY_GDP_PCAP_CD,MNE,_T,_T,_T,_Z,_Z,_Z,2012,A,USD,
3164.177246,P1Y,0,,A,PU,_Z,2,,,False,WB_WDI,WB_WDI_NY_GDP_PCAP_CD,MAR,_T,_T,_T,_Z,_Z,_Z,2012,A,USD,
685.685748,P1Y,0,,A,PU,_Z,2,,,False,WB_WDI,WB_WDI_NY_GDP_PCAP_CD,MOZ,_T,_T,_T,_Z,_Z,_Z,2012,A,USD,
1202.665896,P1Y,0,,A,PU,_Z,2,,,False,WB_WDI,WB_WDI_NY_GDP_PCAP_CD,MMR,_T,_T,_T,_Z,_Z,_Z,2012,A,USD,
5942.64681,P1Y,0,,A,PU,_Z,2,,,False,WB_WDI,WB_WDI_NY_GDP_PCAP_CD,NAM,_T,_T,_T,_Z,_Z,_Z,2012,A,USD,
3054.908203,P1Y,0,,A,PU,_Z,2,,,False,WB_WDI,WB_WDI_NY_GDP_PCAP_CD,UKR,_T,_T,_T,_Z,_Z,_Z,2014,A,USD,
52725.230798,P1Y,0,,A,PU,_Z,2,,,False,WB_WDI,WB_WDI_NY_GDP_PCAP_CD,ARE,_T,_T,_T,_Z,_Z,_Z,2014,A,USD,
47746.981065,P1Y,0,,A,PU,_Z,2,,,False,WB_WDI,WB_WDI_NY_GDP_PCAP_CD,GBR,_T,_T,_T,_Z,_Z,_Z,2014,A,USD,
55153.394018,P1Y,0,,A,PU,_Z,2,,,False,WB_WDI,WB_WDI_NY_GDP_PCAP_CD,USA,_T,_T,_T,_Z,_Z,_Z,2014,A,USD,
18322.427677,P1Y,0,,A,PU,_Z,2,,,False,WB_WDI,WB_WDI_NY_GDP_PCAP_CD,URY,_T,_T,_T,_Z,_Z,_Z,2014,A,USD,
3021.003317,P1Y,0,,A,PU,_Z,2,,,False,WB_WDI,WB_WDI_NY_GDP_PCAP_CD,UZB,_T,_T,_T,_Z,_Z,_Z,2014,A,USD,
3378.36412,P1Y,0,,A,PU,_Z,2,,,False,WB_WDI,WB_WDI_NY_GDP_PCAP_CD,VUT,_T,_T,_T,_Z,_Z,_Z,2014,A,USD,
7101.150064,P1Y,0,,A,PU,_Z,2,,,False,WB_WDI,WB_WDI_NY_GDP_PCAP_CD,VEN,_T,_T,_T,_Z,_Z,_Z,2014,A,USD,
2546.384645,P1Y,0,,A,PU,_Z,2,,,False,WB_WDI,WB_WDI_NY_GDP_PCAP_CD,VNM,_T,_T,_T,_Z,_Z,_Z,2014,A,USD,
33045.36438,P1Y,0,,A,PU,_Z,2,,,False,WB_WDI,WB_WDI_NY_GDP_PCAP_CD,VIR,_T,_T,_T,_Z,_Z,_Z,2014,A,USD,
3352.112595,P1Y,0,,A,PU,_Z,2,,,False,WB_WDI,WB_WDI_NY_GDP_PCAP_CD,PSE,_T,_T,_T,_Z,_Z,_Z,2014,A,USD,
703.532826,P1Y,0,,A,PU,_Z,2,,,False,WB_WDI,WB_WDI_NY_GDP_PCAP_CD,GIN,_T,_T,_T,_Z,_Z,_Z,2008,A,USD,
640.210331,P1Y,0,,A,PU,_Z,2,,,False,WB_WDI,WB_WDI_NY_GDP_PCAP_CD,GNB,_T,_T,_T,_Z,_Z,_Z,2008,A,USD,
4008.962867,P1Y,0,,A,PU,_Z,2,,,False,WB_WDI,WB_WDI_NY_GDP_PCAP_CD,GUY,_T,_T,_T,_Z,_Z,_Z,2008,A,USD,
1094.660584,P1Y,0,,A,PU,_Z,2,,,False,WB_WDI,WB_WDI_NY_GDP_PCAP_CD,HTI,_T,_T,_T,_Z,_Z,_Z,2008,A,USD,
1732.490627,P1Y,0,,A,PU,_Z,2,,,False,WB_WDI,WB_WDI_NY_GDP_PCAP_CD,HND,_T,_T,_T,_Z,_Z,_Z,2008,A,USD,
31515.52921,P1Y,0,,A,PU,_Z,2,,,False,WB_WDI,WB_WDI_NY_GDP_PCAP_CD,HKG,_T,_T,_T,_Z,_Z,_Z,2008,A,USD,
15762.632252,P1Y,0,,A,PU,_Z,2,,,False,WB_WDI,WB_WDI_NY_GDP_PCAP_CD,HUN,_T,_T,_T,_Z,_Z,_Z,2008,A,USD,
57489.33998,P1Y,0,,A,PU,_Z,2,,,False,WB_WDI,WB_WDI_NY_GDP_PCAP_CD,ISL,_T,_T,_T,_Z,_Z,_Z,2008,A,USD,
992.519585,P1Y,0,,A,PU,_Z,2,,,False,WB_WDI,WB_WDI_NY_GDP_PCAP_CD,IND,_T,_T,_T,_Z,_Z,_Z,2008,A,USD,
2124.554839,P1Y,0,,A,PU,_Z,2,,,False,WB_WDI,WB_WDI_NY_GDP_PCAP_CD,IDN,_T,_T,_T,_Z,_Z,_Z,2008,A,USD,
5377.411507,P1Y,0,,A,PU,_Z,2,,,False,WB_WDI,WB_WDI_NY_GDP_PCAP_CD,IRN,_T,_T,_T,_Z,_Z,_Z,2008,A,USD,
26175.239855,P1Y,0,,A,PU,_Z,2,,,False,WB_WDI,WB_WDI_NY_GDP_PCAP_CD,KOR,_T,_T,_T,_Z,_Z,_Z,2011,A,USD,
3538.948098,P1Y,0,,A,PU,_Z,2,,,False,WB_WDI,WB_WDI_NY_GDP_PCAP_CD,XKX,_T,_T,_T,_Z,_Z,_Z,2011,A,USD,
49169.606381,P1Y,0,,A,PU,_Z,2,,,False,WB_WDI,WB_WDI_NY_GDP_PCAP_CD,KWT,_T,_T,_T,_Z,_Z,_Z,2011,A,USD,
1117.401744,P1Y,0,,A,PU,_Z,2,,,False,WB_WDI,WB_WDI_NY_GDP_PCAP_CD,KGZ,_T,_T,_T,_Z,_Z,_Z,2011,A,USD,
1361.547044,P1Y,0,,A,PU,_Z,2,,,False,WB_WDI,WB_WDI_NY_GDP_PCAP_CD,LAO,_T,_T,_T,_Z,_Z,_Z,2011,A,USD,
12902.574053,P1Y,0,,A,PU,_Z,2,,,False,WB_WDI,WB_WDI_NY_GDP_PCAP_CD,LVA,_T,_T,_T,_Z,_Z,_Z,2011,A,USD,
7834.962571,P1Y,0,,A,PU,_Z,2,,,False,WB_WDI,WB_WDI_NY_GDP_PCAP_CD,LBN,_T,_T,_T,_Z,_Z,_Z,2011,A,USD,
1280.733909,P1Y,0,,A,PU,_Z,2,,,False,WB_WDI,WB_WDI_NY_GDP_PCAP_CD,LSO,_T,_T,_T,_Z,_Z,_Z,2011,A,USD,
568.087866,P1Y,0,,A,PU,_Z,2,,,False,WB_WDI,WB_WDI_NY_GDP_PCAP_CD,LBR,_T,_T,_T,_Z,_Z,_Z,2011,A,USD,
7593.839153,P1Y,0,,A,PU,_Z,2,,,False,WB_WDI,WB_WDI_NY_GDP_PCAP_CD,LBY,_T,_T,_T,_Z,_Z,_Z,2011,A,USD,
158066.369379,P1Y,0,,A,PU,_Z,2,,,False,WB_WDI,WB_WDI_NY_GDP_PCAP_CD,LIE,_T,_T,_T,_Z,_Z,_Z,2011,A,USD,
1722.547019,P1Y,0,,A,PU,_Z,2,,,False,WB_WDI,WB_WDI_NY_GDP_PCAP_CD,GTM,_T,_T,_T,_Z,_Z,_Z,2003,A,USD,
566.485406,P1Y,0,,A,PU,_Z,2,,,False,WB_WDI,WB_WDI_NY_GDP_PCAP_CD,GIN,_T,_T,_T,_Z,_Z,_Z,2003,A,USD,
419.784866,P1Y,0,,A,PU,_Z,2,,,False,WB_WDI,WB_WDI_NY_GDP_PCAP_CD,GNB,_T,_T,_T,_Z,_Z,_Z,2003,A,USD,
973.742598,P1Y,0,,A,PU,_Z,2,,,False,WB_WDI,WB_WDI_NY_GDP_PCAP_CD,GUY,_T,_T,_T,_Z,_Z,_Z,2003,A,USD,
578.995291,P1Y,0,,A,PU,_Z,2,,,False,WB_WDI,WB_WDI_NY_GDP_PCAP_CD,HTI,_T,_T,_T,_Z,_Z,_Z,2003,A,USD,
1156.081627,P1Y,0,,A,PU,_Z,2,,,False,WB_WDI,WB_WDI_NY_GDP_PCAP_CD,HND,_T,_T,_T,_Z,_Z,_Z,2003,A,USD,
23977.173412,P1Y,0,,A,PU,_Z,2,,,False,WB_WDI,WB_WDI_NY_GDP_PCAP_CD,HKG,_T,_T,_T,_Z,_Z,_Z,2003,A,USD,
8410.092482,P1Y,0,,A,PU,_Z,2,,,False,WB_WDI,WB_WDI_NY_GDP_PCAP_CD,HUN,_T,_T,_T,_Z,_Z,_Z,2003,A,USD,
39944.21041,P1Y,0,,A,PU,_Z,2,,,False,WB_WDI,WB_WDI_NY_GDP_PCAP_CD,ISL,_T,_T,_T,_Z,_Z,_Z,2003,A,USD,
544.143134,P1Y,0,,A,PU,_Z,2,,,False,WB_WDI,WB_WDI_NY_GDP_PCAP_CD,IND,_T,_T,_T,_Z,_Z,_Z,2003,A,USD,
1043.210584,P1Y,0,,A,PU,_Z,2,,,False,WB_WDI,WB_WDI_NY_GDP_PCAP_CD,IDN,_T,_T,_T,_Z,_Z,_Z,2003,A,USD,
2208.996366,P1Y,0,,A,PU,_Z,2,,,False,WB_WDI,WB_WDI_NY_GDP_PCAP_CD,IRN,_T,_T,_T,_Z,_Z,_Z,2003,A,USD,
2609.444911,P1Y,0,,A,PU,_Z,2,,,False,WB_WDI,WB_WDI_NY_GDP_PCAP_CD,NIC,_T,_T,_T,_Z,_Z,_Z,2023,A,USD,
647.930109,P1Y,0,,A,PU,_Z,2,,,False,WB_WDI,WB_WDI_NY_GDP_PCAP_CD,NER,_T,_T,_T,_Z,_Z,_Z,2023,A,USD,
2138.763837,P1Y,0,,A,PU,_Z,2,,,False,WB_WDI,WB_WDI_NY_GDP_PCAP_CD,NGA,_T,_T,_T,_Z,_Z,_Z,2023,A,USD,
8674.358463,P1Y,0,,A,PU,_Z,2,,,False,WB_WDI,WB_WDI_NY_GDP_PCAP_CD,MKD,_T,_T,_T,_Z,_Z,_Z,2023,A,USD,
90984.408714,P1Y,0,,A,PU,_Z,2,,,False,WB_WDI,WB_WDI_NY_GDP_PCAP_CD,NOR,_T,_T,_T,_Z,_Z,_Z,2023,A,USD,
21027.738457,P1Y,0,,A,PU,_Z,2,,,False,WB_WDI,WB_WDI_NY_GDP_PCAP_CD,OMN,_T,_T,_T,_Z,_Z,_Z,2023,A,USD,
1360.324178,P1Y,0,,A,PU,_Z,2,,,False,WB_WDI,WB_WDI_NY_GDP_PCAP_CD,PAK,_T,_T,_T,_Z,_Z,_Z,2023,A,USD,
15578.349763,P1Y,0,,A,PU,_Z,2,,,False,WB_WDI,WB_WDI_NY_GDP_PCAP_CD,PLW,_T,_T,_T,_Z,_Z,_Z,2023,A,USD,
18797.193389,P1Y,0,,A,PU,_Z,2,,,False,WB_WDI,WB_WDI_NY_GDP_PCAP_CD,PAN,_T,_T,_T,_Z,_Z,_Z,2023,A,USD,
2966.06455,P1Y,0,,A,PU,_Z,2,,,False,WB_WDI,WB_WDI_NY_GDP_PCAP_CD,PNG,_T,_T,_T,_Z,_Z,_Z,2023,A,USD,
6303.26495,P1Y,0,,A,PU,_Z,2,,,False,WB_WDI,WB_WDI_NY_GDP_PCAP_CD,PRY,_T,_T,_T,_Z,_Z,_Z,2023,A,USD,
7919.046348,P1Y,0,,A,PU,_Z,2,,,False,WB_WDI,WB_WDI_NY_GDP_PCAP_CD,PER,_T,_T,_T,_Z,_Z,_Z,2023,A,USD,
22494.806706,P1Y,0,,A,PU,_Z,2,,,False,WB_WDI,WB_WDI_NY_GDP_PCAP_CD,PYF,_T,_T,_T,_Z,_Z,_Z,2010,A,USD,
8356.74662,P1Y,0,,A,PU,_Z,2,,,False,WB_WDI,WB_WDI_NY_GDP_PCAP_CD,GAB,_T,_T,_T,_Z,_Z,_Z,2010,A,USD,
801.033373,P1Y,0,,A,PU,_Z,2,,,False,WB_WDI,WB_WDI_NY_GDP_PCAP_CD,GMB,_T,_T,_T,_Z,_Z,_Z,2010,A,USD,
3281.729309,P1Y,0,,A,PU,_Z,2,,,False,WB_WDI,WB_WDI_NY_GDP_PCAP_CD,GEO,_T,_T,_T,_Z,_Z,_Z,2010,A,USD,
42396.966598,P1Y,0,,A,PU,_Z,2,,,False,WB_WDI,WB_WDI_NY_GDP_PCAP_CD,DEU,_T,_T,_T,_Z,_Z,_Z,2010,A,USD,
1263.892518,P1Y,0,,A,PU,_Z,2,,,False,WB_WDI,WB_WDI_NY_GDP_PCAP_CD,GHA,_T,_T,_T,_Z,_Z,_Z,2010,A,USD,
26653.048801,P1Y,0,,A,PU,_Z,2,,,False,WB_WDI,WB_WDI_NY_GDP_PCAP_CD,GRC,_T,_T,_T,_Z,_Z,_Z,2010,A,USD,
44277.19934,P1Y,0,,A,PU,_Z,2,,,False,WB_WDI,WB_WDI_NY_GDP_PCAP_CD,GRL,_T,_T,_T,_Z,_Z,_Z,2010,A,USD,
6909.601696,P1Y,0,,A,PU,_Z,2,,,False,WB_WDI,WB_WDI_NY_GDP_PCAP_CD,GRD,_T,_T,_T,_Z,_Z,_Z,2010,A,USD,
29719.796784,P1Y,0,,A,PU,_Z,2,,,False,WB_WDI,WB_WDI_NY_GDP_PCAP_CD,GUM,_T,_T,_T,_Z,_Z,_Z,2010,A,USD,
2805.259602,P1Y,0,,A,PU,_Z,2,,,False,WB_WDI,WB_WDI_NY_GDP_PCAP_CD,GTM,_T,_T,_T,_Z,_Z,_Z,2010,A,USD,
659.235326,P1Y,0,,A,PU,_Z,2,,,False,WB_WDI,WB_WDI_NY_GDP_PCAP_CD,GIN,_T,_T,_T,_Z,_Z,_Z,2010,A,USD,
696.348429,P1Y,0,,A,PU,_Z,2,,,False,WB_WDI,WB_WDI_NY_GDP_PCAP_CD,ETH,_T,_T,_T,_Z,_Z,_Z,2017,A,USD,
59388.536597,P1Y,0,,A,PU,_Z,2,,,False,WB_WDI,WB_WDI_NY_GDP_PCAP_CD,FRO,_T,_T,_T,_Z,_Z,_Z,2017,A,USD,
5826.848145,P1Y,0,,A,PU,_Z,2,,,False,WB_WDI,WB_WDI_NY_GDP_PCAP_CD,FJI,_T,_T,_T,_Z,_Z,_Z,2017,A,USD,
46085.017474,P1Y,0,,A,PU,_Z,2,,,False,WB_WDI,WB_WDI_NY_GDP_PCAP_CD,FIN,_T,_T,_T,_Z,_Z,_Z,2017,A,USD,
38687.162641,P1Y,0,,A,PU,_Z,2,,,False,WB_WDI,WB_WDI_NY_GDP_PCAP_CD,FRA,_T,_T,_T,_Z,_Z,_Z,2017,A,USD,
20826.931249,P1Y,0,,A,PU,_Z,2,,,False,WB_WDI,WB_WDI_NY_GDP_PCAP_CD,PYF,_T,_T,_T,_Z,_Z,_Z,2017,A,USD,
6921.733731,P1Y,0,,A,PU,_Z,2,,,False,WB_WDI,WB_WDI_NY_GDP_PCAP_CD,GAB,_T,_T,_T,_Z,_Z,_Z,2017,A,USD,
642.522641,P1Y,0,,A,PU,_Z,2,,,False,WB_WDI,WB_WDI_NY_GDP_PCAP_CD,GMB,_T,_T,_T,_Z,_Z,_Z,2017,A,USD,
4418.752065,P1Y,0,,A,PU,_Z,2,,,False,WB_WDI,WB_WDI_NY_GDP_PCAP_CD,GEO,_T,_T,_T,_Z,_Z,_Z,2017,A,USD,
45553.93415,P1Y,0,,A,PU,_Z,2,,,False,WB_WDI,WB_WDI_NY_GDP_PCAP_CD,DEU,_T,_T,_T,_Z,_Z,_Z,2017,A,USD,
2012.286626,P1Y,0,,A,PU,_Z,2,,,False,WB_WDI,WB_WDI_NY_GDP_PCAP_CD,GHA,_T,_T,_T,_Z,_Z,_Z,2017,A,USD,
18631.993013,P1Y,0,,A,PU,_Z,2,,,False,WB_WDI,WB_WDI_NY_GDP_PCAP_CD,GRC,_T,_T,_T,_Z,_Z,_Z,2017,A,USD,
51305.733853,P1Y,0,,A,PU,_Z,2,,,False,WB_WDI,WB_WDI_NY_GDP_PCAP_CD,NLD,_T,_T,_T,_Z,_Z,_Z,2010,A,USD,
35798.908476,P1Y,0,,A,PU,_Z,2,,,False,WB_WDI,WB_WDI_NY_GDP_PCAP_CD,NCL,_T,_T,_T,_Z,_Z,_Z,2010,A,USD,
33761.900964,P1Y,0,,A,PU,_Z,2,,,False,WB_WDI,WB_WDI_NY_GDP_PCAP_CD,NZL,_T,_T,_T,_Z,_Z,_Z,2010,A,USD,
1526.56707,P1Y,0,,A,PU,_Z,2,,,False,WB_WDI,WB_WDI_NY_GDP_PCAP_CD,NIC,_T,_T,_T,_Z,_Z,_Z,2010,A,USD,
474.425692,P1Y,0,,A,PU,_Z,2,,,False,WB_WDI,WB_WDI_NY_GDP_PCAP_CD,NER,_T,_T,_T,_Z,_Z,_Z,2010,A,USD,
2202.25673,P1Y,0,,A,PU,_Z,2,,,False,WB_WDI,WB_WDI_NY_GDP_PCAP_CD,NGA,_T,_T,_T,_Z,_Z,_Z,2010,A,USD,
4833.365868,P1Y,0,,A,PU,_Z,2,,,False,WB_WDI,WB_WDI_NY_GDP_PCAP_CD,MKD,_T,_T,_T,_Z,_Z,_Z,2010,A,USD,
14771.403746,P1Y,0,,A,PU,_Z,2,,,False,WB_WDI,WB_WDI_NY_GDP_PCAP_CD,MNP,_T,_T,_T,_Z,_Z,_Z,2010,A,USD,
90020.342258,P1Y,0,,A,PU,_Z,2,,,False,WB_WDI,WB_WDI_NY_GDP_PCAP_CD,NOR,_T,_T,_T,_Z,_Z,_Z,2010,A,USD,
23570.179815,P1Y,0,,A,PU,_Z,2,,,False,WB_WDI,WB_WDI_NY_GDP_PCAP_CD,OMN,_T,_T,_T,_Z,_Z,_Z,2010,A,USD,
987.304571,P1Y,0,,A,PU,_Z,2,,,False,WB_WDI,WB_WDI_NY_GDP_PCAP_CD,PAK,_T,_T,_T,_Z,_Z,_Z,2010,A,USD,
10018.065238,P1Y,0,,A,PU,_Z,2,,,False,WB_WDI,WB_WDI_NY_GDP_PCAP_CD,PLW,_T,_T,_T,_Z,_Z,_Z,2010,A,USD,
47060.159255,P1Y,0,,A,PU,_Z,2,,,False,WB_WDI,WB_WDI_NY_GDP_PCAP_CD,FRO,_T,_T,_T,_Z,_Z,_Z,2009,A,USD,
3164.132754,P1Y,0,,A,PU,_Z,2,,,False,WB_WDI,WB_WDI_NY_GDP_PCAP_CD,FJI,_T,_T,_T,_Z,_Z,_Z,2009,A,USD,
47478.349531,P1Y,0,,A,PU,_Z,2,,,False,WB_WDI,WB_WDI_NY_GDP_PCAP_CD,FIN,_T,_T,_T,_Z,_Z,_Z,2009,A,USD,
41728.088416,P1Y,0,,A,PU,_Z,2,,,False,WB_WDI,WB_WDI_NY_GDP_PCAP_CD,FRA,_T,_T,_T,_Z,_Z,_Z,2009,A,USD,
24434.219756,P1Y,0,,A,PU,_Z,2,,,False,WB_WDI,WB_WDI_NY_GDP_PCAP_CD,PYF,_T,_T,_T,_Z,_Z,_Z,2009,A,USD,
7290.575261,P1Y,0,,A,PU,_Z,2,,,False,WB_WDI,WB_WDI_NY_GDP_PCAP_CD,GAB,_T,_T,_T,_Z,_Z,_Z,2009,A,USD,
774.888031,P1Y,0,,A,PU,_Z,2,,,False,WB_WDI,WB_WDI_NY_GDP_PCAP_CD,GMB,_T,_T,_T,_Z,_Z,_Z,2009,A,USD,
2822.689397,P1Y,0,,A,PU,_Z,2,,,False,WB_WDI,WB_WDI_NY_GDP_PCAP_CD,GEO,_T,_T,_T,_Z,_Z,_Z,2009,A,USD,
42471.886863,P1Y,0,,A,PU,_Z,2,,,False,WB_WDI,WB_WDI_NY_GDP_PCAP_CD,DEU,_T,_T,_T,_Z,_Z,_Z,2009,A,USD,
1047.704301,P1Y,0,,A,PU,_Z,2,,,False,WB_WDI,WB_WDI_NY_GDP_PCAP_CD,GHA,_T,_T,_T,_Z,_Z,_Z,2009,A,USD,
29425.45732,P1Y,0,,A,PU,_Z,2,,,False,WB_WDI,WB_WDI_NY_GDP_PCAP_CD,GRC,_T,_T,_T,_Z,_Z,_Z,2009,A,USD,
44918.841383,P1Y,0,,A,PU,_Z,2,,,False,WB_WDI,WB_WDI_NY_GDP_PCAP_CD,GRL,_T,_T,_T,_Z,_Z,_Z,2009,A,USD,
6932.564722,P1Y,0,,A,PU,_Z,2,,,False,WB_WDI,WB_WDI_NY_GDP_PCAP_CD,GRD,_T,_T,_T,_Z,_Z,_Z,2009,A,USD,
1603.326535,P1Y,0,,A,PU,_Z,2,,,False,WB_WDI,WB_WDI_NY_GDP_PCAP_CD,COM,_T,_T,_T,_Z,_Z,_Z,2013,A,USD,
460.370335,P1Y,0,,A,PU,_Z,2,,,False,WB_WDI,WB_WDI_NY_GDP_PCAP_CD,COD,_T,_T,_T,_Z,_Z,_Z,2013,A,USD,
3697.417059,P1Y,0,,A,PU,_Z,2,,,False,WB_WDI,WB_WDI_NY_GDP_PCAP_CD,COG,_T,_T,_T,_Z,_Z,_Z,2013,A,USD,
10803.24018,P1Y,0,,A,PU,_Z,2,,,False,WB_WDI,WB_WDI_NY_GDP_PCAP_CD,CRI,_T,_T,_T,_Z,_Z,_Z,2013,A,USD,
1786.15862,P1Y,0,,A,PU,_Z,2,,,False,WB_WDI,WB_WDI_NY_GDP_PCAP_CD,CIV,_T,_T,_T,_Z,_Z,_Z,2013,A,USD,
14135.090349,P1Y,0,,A,PU,_Z,2,,,False,WB_WDI,WB_WDI_NY_GDP_PCAP_CD,HRV,_T,_T,_T,_Z,_Z,_Z,2013,A,USD,
6828.364282,P1Y,0,,A,PU,_Z,2,,,False,WB_WDI,WB_WDI_NY_GDP_PCAP_CD,CUB,_T,_T,_T,_Z,_Z,_Z,2013,A,USD,
19721.292165,P1Y,0,,A,PU,_Z,2,,,False,WB_WDI,WB_WDI_NY_GDP_PCAP_CD,CUW,_T,_T,_T,_Z,_Z,_Z,2013,A,USD,
27764.726563,P1Y,0,,A,PU,_Z,2,,,False,WB_WDI,WB_WDI_NY_GDP_PCAP_CD,CYP,_T,_T,_T,_Z,_Z,_Z,2013,A,USD,
20260.4955,P1Y,0,,A,PU,_Z,2,,,False,WB_WDI,WB_WDI_NY_GDP_PCAP_CD,CZE,_T,_T,_T,_Z,_Z,_Z,2013,A,USD,
61377.594059,P1Y,0,,A,PU,_Z,2,,,False,WB_WDI,WB_WDI_NY_GDP_PCAP_CD,DNK,_T,_T,_T,_Z,_Z,_Z,2013,A,USD,
2075.944984,P1Y,0,,A,PU,_Z,2,,,False,WB_WDI,WB_WDI_NY_GDP_PCAP_CD,DJI,_T,_T,_T,_Z,_Z,_Z,2013,A,USD,
33812.788725,P1Y,0,,A,PU,_Z,2,,,False,WB_WDI,WB_WDI_NY_GDP_PCAP_CD,ITA,_T,_T,_T,_Z,_Z,_Z,2019,A,USD,
6030.688964,P1Y,0,,A,PU,_Z,2,,,False,WB_WDI,WB_WDI_NY_GDP_PCAP_CD,JAM,_T,_T,_T,_Z,_Z,_Z,2019,A,USD,
41424.86556,P1Y,0,,A,PU,_Z,2,,,False,WB_WDI,WB_WDI_NY_GDP_PCAP_CD,JPN,_T,_T,_T,_Z,_Z,_Z,2019,A,USD,
4557.793347,P1Y,0,,A,PU,_Z,2,,,False,WB_WDI,WB_WDI_NY_GDP_PCAP_CD,JOR,_T,_T,_T,_Z,_Z,_Z,2019,A,USD,
9457.126147,P1Y,0,,A,PU,_Z,2,,,False,WB_WDI,WB_WDI_NY_GDP_PCAP_CD,KAZ,_T,_T,_T,_Z,_Z,_Z,2019,A,USD,
1960.408089,P1Y,0,,A,PU,_Z,2,,,False,WB_WDI,WB_WDI_NY_GDP_PCAP_CD,KEN,_T,_T,_T,_Z,_Z,_Z,2019,A,USD,
1750.240403,P1Y,0,,A,PU,_Z,2,,,False,WB_WDI,WB_WDI_NY_GDP_PCAP_CD,KIR,_T,_T,_T,_Z,_Z,_Z,2019,A,USD,
33826.94433,P1Y,0,,A,PU,_Z,2,,,False,WB_WDI,WB_WDI_NY_GDP_PCAP_CD,KOR,_T,_T,_T,_Z,_Z,_Z,2019,A,USD,
4415.699274,P1Y,0,,A,PU,_Z,2,,,False,WB_WDI,WB_WDI_NY_GDP_PCAP_CD,XKX,_T,_T,_T,_Z,_Z,_Z,2019,A,USD,
31707.873744,P1Y,0,,A,PU,_Z,2,,,False,WB_WDI,WB_WDI_NY_GDP_PCAP_CD,KWT,_T,_T,_T,_Z,_Z,_Z,2019,A,USD,
1421.999275,P1Y,0,,A,PU,_Z,2,,,False,WB_WDI,WB_WDI_NY_GDP_PCAP_CD,KGZ,_T,_T,_T,_Z,_Z,_Z,2019,A,USD,
601.569521,P1Y,0,,A,PU,_Z,2,,,False,WB_WDI,WB_WDI_NY_GDP_PCAP_CD,BFA,_T,_T,_T,_Z,_Z,_Z,2009,A,USD,
198.431524,P1Y,0,,A,PU,_Z,2,,,False,WB_WDI,WB_WDI_NY_GDP_PCAP_CD,BDI,_T,_T,_T,_Z,_Z,_Z,2009,A,USD,
3659.720464,P1Y,0,,A,PU,_Z,2,,,False,WB_WDI,WB_WDI_NY_GDP_PCAP_CD,CPV,_T,_T,_T,_Z,_Z,_Z,2009,A,USD,
875.748936,P1Y,0,,A,PU,_Z,2,,,False,WB_WDI,WB_WDI_NY_GDP_PCAP_CD,KHM,_T,_T,_T,_Z,_Z,_Z,2009,A,USD,
1461.389992,P1Y,0,,A,PU,_Z,2,,,False,WB_WDI,WB_WDI_NY_GDP_PCAP_CD,CMR,_T,_T,_T,_Z,_Z,_Z,2009,A,USD,
40874.961232,P1Y,0,,A,PU,_Z,2,,,False,WB_WDI,WB_WDI_NY_GDP_PCAP_CD,CAN,_T,_T,_T,_Z,_Z,_Z,2009,A,USD,
81373.571152,P1Y,0,,A,PU,_Z,2,,,False,WB_WDI,WB_WDI_NY_GDP_PCAP_CD,CYM,_T,_T,_T,_Z,_Z,_Z,2009,A,USD,
456.471674,P1Y,0,,A,PU,_Z,2,,,False,WB_WDI,WB_WDI_NY_GDP_PCAP_CD,CAF,_T,_T,_T,_Z,_Z,_Z,2009,A,USD,
1035.637197,P1Y,0,,A,PU,_Z,2,,,False,WB_WDI,WB_WDI_NY_GDP_PCAP_CD,TCD,_T,_T,_T,_Z,_Z,_Z,2009,A,USD,
57778.540706,P1Y,0,,A,PU,_Z,2,,,False,WB_WDI,WB_WDI_NY_GDP_PCAP_CD,CHI,_T,_T,_T,_Z,_Z,_Z,2009,A,USD,
10098.801717,P1Y,0,,A,PU,_Z,2,,,False,WB_WDI,WB_WDI_NY_GDP_PCAP_CD,CHL,_T,_T,_T,_Z,_Z,_Z,2009,A,USD,
3898.244592,P1Y,0,,A,PU,_Z,2,,,False,WB_WDI,WB_WDI_NY_GDP_PCAP_CD,CHN,_T,_T,_T,_Z,_Z,_Z,2009,A,USD,
426.840948,P1Y,0,,A,PU,_Z,2,,,False,WB_WDI,WB_WDI_NY_GDP_PCAP_CD,ERI,_T,_T,_T,_Z,_Z,_Z,2004,A,USD,
8916.072827,P1Y,0,,A,PU,_Z,2,,,False,WB_WDI,WB_WDI_NY_GDP_PCAP_CD,EST,_T,_T,_T,_Z,_Z,_Z,2004,A,USD,
2525.564045,P1Y,0,,A,PU,_Z,2,,,False,WB_WDI,WB_WDI_NY_GDP_PCAP_CD,SWZ,_T,_T,_T,_Z,_Z,_Z,2004,A,USD,
133.169813,P1Y,0,,A,PU,_Z,2,,,False,WB_WDI,WB_WDI_NY_GDP_PCAP_CD,ETH,_T,_T,_T,_Z,_Z,_Z,2004,A,USD,
35647.54404,P1Y,0,,A,PU,_Z,2,,,False,WB_WDI,WB_WDI_NY_GDP_PCAP_CD,FRO,_T,_T,_T,_Z,_Z,_Z,2004,A,USD,
3097.190967,P1Y,0,,A,PU,_Z,2,,,False,WB_WDI,WB_WDI_NY_GDP_PCAP_CD,FJI,_T,_T,_T,_Z,_Z,_Z,2004,A,USD,
37768.13342,P1Y,0,,A,PU,_Z,2,,,False,WB_WDI,WB_WDI_NY_GDP_PCAP_CD,FIN,_T,_T,_T,_Z,_Z,_Z,2004,A,USD,
33644.928222,P1Y,0,,A,PU,_Z,2,,,False,WB_WDI,WB_WDI_NY_GDP_PCAP_CD,FRA,_T,_T,_T,_Z,_Z,_Z,2004,A,USD,
21764.220321,P1Y,0,,A,PU,_Z,2,,,False,WB_WDI,WB_WDI_NY_GDP_PCAP_CD,PYF,_T,_T,_T,_Z,_Z,_Z,2004,A,USD,
5465.791936,P1Y,0,,A,PU,_Z,2,,,False,WB_WDI,WB_WDI_NY_GDP_PCAP_CD,GAB,_T,_T,_T,_Z,_Z,_Z,2004,A,USD,
593.285346,P1Y,0,,A,PU,_Z,2,,,False,WB_WDI,WB_WDI_NY_GDP_PCAP_CD,GMB,_T,_T,_T,_Z,_Z,_Z,2004,A,USD,
1305.047486,P1Y,0,,A,PU,_Z,2,,,False,WB_WDI,WB_WDI_NY_GDP_PCAP_CD,GEO,_T,_T,_T,_Z,_Z,_Z,2004,A,USD,
34566.735914,P1Y,0,,A,PU,_Z,2,,,False,WB_WDI,WB_WDI_NY_GDP_PCAP_CD,DEU,_T,_T,_T,_Z,_Z,_Z,2004,A,USD,
1242.734502,P1Y,0,,A,PU,_Z,2,,,False,WB_WDI,WB_WDI_NY_GDP_PCAP_CD,SSD,_T,_T,_T,_Z,_Z,_Z,2014,A,USD,
29707.765509,P1Y,0,,A,PU,_Z,2,,,False,WB_WDI,WB_WDI_NY_GDP_PCAP_CD,ESP,_T,_T,_T,_Z,_Z,_Z,2014,A,USD,
3972.04377,P1Y,0,,A,PU,_Z,2,,,False,WB_WDI,WB_WDI_NY_GDP_PCAP_CD,LKA,_T,_T,_T,_Z,_Z,_Z,2014,A,USD,
20219.395424,P1Y,0,,A,PU,_Z,2,,,False,WB_WDI,WB_WDI_NY_GDP_PCAP_CD,KNA,_T,_T,_T,_Z,_Z,_Z,2014,A,USD,
10044.821838,P1Y,0,,A,PU,_Z,2,,,False,WB_WDI,WB_WDI_NY_GDP_PCAP_CD,LCA,_T,_T,_T,_Z,_Z,_Z,2014,A,USD,
20638.770588,P1Y,0,,A,PU,_Z,2,,,False,WB_WDI,WB_WDI_NY_GDP_PCAP_CD,MAF,_T,_T,_T,_Z,_Z,_Z,2014,A,USD,
7168.828753,P1Y,0,,A,PU,_Z,2,,,False,WB_WDI,WB_WDI_NY_GDP_PCAP_CD,VCT,_T,_T,_T,_Z,_Z,_Z,2014,A,USD,
1275.438354,P1Y,0,,A,PU,_Z,2,,,False,WB_WDI,WB_WDI_NY_GDP_PCAP_CD,SDN,_T,_T,_T,_Z,_Z,_Z,2014,A,USD,
9108.189054,P1Y,0,,A,PU,_Z,2,,,False,WB_WDI,WB_WDI_NY_GDP_PCAP_CD,SUR,_T,_T,_T,_Z,_Z,_Z,2014,A,USD,
59583.458449,P1Y,0,,A,PU,_Z,2,,,False,WB_WDI,WB_WDI_NY_GDP_PCAP_CD,SWE,_T,_T,_T,_Z,_Z,_Z,2014,A,USD,
90511.648456,P1Y,0,,A,PU,_Z,2,,,False,WB_WDI,WB_WDI_NY_GDP_PCAP_CD,CHE,_T,_T,_T,_Z,_Z,_Z,2014,A,USD,
1060.591059,P1Y,0,,A,PU,_Z,2,,,False,WB_WDI,WB_WDI_NY_GDP_PCAP_CD,SYR,_T,_T,_T,_Z,_Z,_Z,2014,A,USD,
1081.544029,P1Y,0,,A,PU,_Z,2,,,False,WB_WDI,WB_WDI_NY_GDP_PCAP_CD,TJK,_T,_T,_T,_Z,_Z,_Z,2014,A,USD,
3129.559965,P1Y,0,,A,PU,_Z,2,,,False,WB_WDI,WB_WDI_NY_GDP_PCAP_CD,PER,_T,_T,_T,_Z,_Z,_Z,2006,A,USD,
1426.146492,P1Y,0,,A,PU,_Z,2,,,False,WB_WDI,WB_WDI_NY_GDP_PCAP_CD,PHL,_T,_T,_T,_Z,_Z,_Z,2006,A,USD,
9068.855283,P1Y,0,,A,PU,_Z,2,,,False,WB_WDI,WB_WDI_NY_GDP_PCAP_CD,POL,_T,_T,_T,_Z,_Z,_Z,2006,A,USD,
19839.45405,P1Y,0,,A,PU,_Z,2,,,False,WB_WDI,WB_WDI_NY_GDP_PCAP_CD,PRT,_T,_T,_T,_Z,_Z,_Z,2006,A,USD,
22935.941159,P1Y,0,,A,PU,_Z,2,,,False,WB_WDI,WB_WDI_NY_GDP_PCAP_CD,PRI,_T,_T,_T,_Z,_Z,_Z,2006,A,USD,
62582.445314,P1Y,0,,A,PU,_Z,2,,,False,WB_WDI,WB_WDI_NY_GDP_PCAP_CD,QAT,_T,_T,_T,_Z,_Z,_Z,2006,A,USD,
5757.531273,P1Y,0,,A,PU,_Z,2,,,False,WB_WDI,WB_WDI_NY_GDP_PCAP_CD,ROU,_T,_T,_T,_Z,_Z,_Z,2006,A,USD,
6920.199707,P1Y,0,,A,PU,_Z,2,,,False,WB_WDI,WB_WDI_NY_GDP_PCAP_CD,RUS,_T,_T,_T,_Z,_Z,_Z,2006,A,USD,
352.093917,P1Y,0,,A,PU,_Z,2,,,False,WB_WDI,WB_WDI_NY_GDP_PCAP_CD,RWA,_T,_T,_T,_Z,_Z,_Z,2006,A,USD,
2663.291359,P1Y,0,,A,PU,_Z,2,,,False,WB_WDI,WB_WDI_NY_GDP_PCAP_CD,WSM,_T,_T,_T,_Z,_Z,_Z,2006,A,USD,
63270.79945,P1Y,0,,A,PU,_Z,2,,,False,WB_WDI,WB_WDI_NY_GDP_PCAP_CD,SMR,_T,_T,_T,_Z,_Z,_Z,2006,A,USD,
861.970708,P1Y,0,,A,PU,_Z,2,,,False,WB_WDI,WB_WDI_NY_GDP_PCAP_CD,STP,_T,_T,_T,_Z,_Z,_Z,2006,A,USD,
8929.953662,P1Y,0,,A,PU,_Z,2,,,False,WB_WDI,WB_WDI_NY_GDP_PCAP_CD,ROU,_T,_T,_T,_Z,_Z,_Z,2012,A,USD,
15401.851563,P1Y,0,,A,PU,_Z,2,,,False,WB_WDI,WB_WDI_NY_GDP_PCAP_CD,RUS,_T,_T,_T,_Z,_Z,_Z,2012,A,USD,
697.760144,P1Y,0,,A,PU,_Z,2,,,False,WB_WDI,WB_WDI_NY_GDP_PCAP_CD,RWA,_T,_T,_T,_Z,_Z,_Z,2012,A,USD,
3934.603208,P1Y,0,,A,PU,_Z,2,,,False,WB_WDI,WB_WDI_NY_GDP_PCAP_CD,WSM,_T,_T,_T,_Z,_Z,_Z,2012,A,USD,
47945.891756,P1Y,0,,A,PU,_Z,2,,,False,WB_WDI,WB_WDI_NY_GDP_PCAP_CD,SMR,_T,_T,_T,_Z,_Z,_Z,2012,A,USD,
1210.792648,P1Y,0,,A,PU,_Z,2,,,False,WB_WDI,WB_WDI_NY_GDP_PCAP_CD,STP,_T,_T,_T,_Z,_Z,_Z,2012,A,USD,
28733.437551,P1Y,0,,A,PU,_Z,2,,,False,WB_WDI,WB_WDI_NY_GDP_PCAP_CD,SAU,_T,_T,_T,_Z,_Z,_Z,2012,A,USD,
1326.837988,P1Y,0,,A,PU,_Z,2,,,False,WB_WDI,WB_WDI_NY_GDP_PCAP_CD,SEN,_T,_T,_T,_Z,_Z,_Z,2012,A,USD,
6263.040861,P1Y,0,,A,PU,_Z,2,,,False,WB_WDI,WB_WDI_NY_GDP_PCAP_CD,SRB,_T,_T,_T,_Z,_Z,_Z,2012,A,USD,
12337.155467,P1Y,0,,A,PU,_Z,2,,,False,WB_WDI,WB_WDI_NY_GDP_PCAP_CD,SYC,_T,_T,_T,_Z,_Z,_Z,2012,A,USD,
937.504428,P1Y,0,,A,PU,_Z,2,,,False,WB_WDI,WB_WDI_NY_GDP_PCAP_CD,SLE,_T,_T,_T,_Z,_Z,_Z,2012,A,USD,
55547.555308,P1Y,0,,A,PU,_Z,2,,,False,WB_WDI,WB_WDI_NY_GDP_PCAP_CD,SGP,_T,_T,_T,_Z,_Z,_Z,2012,A,USD,
1531.216186,P1Y,0,,A,PU,_Z,2,,,False,WB_WDI,WB_WDI_NY_GDP_PCAP_CD,MDA,_T,_T,_T,_Z,_Z,_Z,2007,A,USD,
184558.455424,P1Y,0,,A,PU,_Z,2,,,False,WB_WDI,WB_WDI_NY_GDP_PCAP_CD,MCO,_T,_T,_T,_Z,_Z,_Z,2007,A,USD,
1627.687877,P1Y,0,,A,PU,_Z,2,,,False,WB_WDI,WB_WDI_NY_GDP_PCAP_CD,MNG,_T,_T,_T,_Z,_Z,_Z,2007,A,USD,
5979.438132,P1Y,0,,A,PU,_Z,2,,,False,WB_WDI,WB_WDI_NY_GDP_PCAP_CD,MNE,_T,_T,_T,_Z,_Z,_Z,2007,A,USD,
2755.585938,P1Y,0,,A,PU,_Z,2,,,False,WB_WDI,WB_WDI_NY_GDP_PCAP_CD,MAR,_T,_T,_T,_Z,_Z,_Z,2007,A,USD,
507.874924,P1Y,0,,A,PU,_Z,2,,,False,WB_WDI,WB_WDI_NY_GDP_PCAP_CD,MOZ,_T,_T,_T,_Z,_Z,_Z,2007,A,USD,
419.375781,P1Y,0,,A,PU,_Z,2,,,False,WB_WDI,WB_WDI_NY_GDP_PCAP_CD,MMR,_T,_T,_T,_Z,_Z,_Z,2007,A,USD,
4379.043137,P1Y,0,,A,PU,_Z,2,,,False,WB_WDI,WB_WDI_NY_GDP_PCAP_CD,NAM,_T,_T,_T,_Z,_Z,_Z,2007,A,USD,
2272.152913,P1Y,0,,A,PU,_Z,2,,,False,WB_WDI,WB_WDI_NY_GDP_PCAP_CD,NRU,_T,_T,_T,_Z,_Z,_Z,2007,A,USD,
385.449768,P1Y,0,,A,PU,_Z,2,,,False,WB_WDI,WB_WDI_NY_GDP_PCAP_CD,NPL,_T,_T,_T,_Z,_Z,_Z,2007,A,USD,
52100.799629,P1Y,0,,A,PU,_Z,2,,,False,WB_WDI,WB_WDI_NY_GDP_PCAP_CD,NLD,_T,_T,_T,_Z,_Z,_Z,2007,A,USD,
35177.653526,P1Y,0,,A,PU,_Z,2,,,False,WB_WDI,WB_WDI_NY_GDP_PCAP_CD,NCL,_T,_T,_T,_Z,_Z,_Z,2007,A,USD,
32479.981738,P1Y,0,,A,PU,_Z,2,,,False,WB_WDI,WB_WDI_NY_GDP_PCAP_CD,NZL,_T,_T,_T,_Z,_Z,_Z,2007,A,USD,
27323.689074,P1Y,0,,A,PU,_Z,2,,,False,WB_WDI,WB_WDI_NY_GDP_PCAP_CD,KWT,_T,_T,_T,_Z,_Z,_Z,2016,A,USD,
1103.274894,P1Y,0,,A,PU,_Z,2,,,False,WB_WDI,WB_WDI_NY_GDP_PCAP_CD,KGZ,_T,_T,_T,_Z,_Z,_Z,2016,A,USD,
2303.22156,P1Y,0,,A,PU,_Z,2,,,False,WB_WDI,WB_WDI_NY_GDP_PCAP_CD,LAO,_T,_T,_T,_Z,_Z,_Z,2016,A,USD,
13838.526682,P1Y,0,,A,PU,_Z,2,,,False,WB_WDI,WB_WDI_NY_GDP_PCAP_CD,LVA,_T,_T,_T,_Z,_Z,_Z,2016,A,USD,
8089.012088,P1Y,0,,A,PU,_Z,2,,,False,WB_WDI,WB_WDI_NY_GDP_PCAP_CD,LBN,_T,_T,_T,_Z,_Z,_Z,2016,A,USD,
992.491841,P1Y,0,,A,PU,_Z,2,,,False,WB_WDI,WB_WDI_NY_GDP_PCAP_CD,LSO,_T,_T,_T,_Z,_Z,_Z,2016,A,USD,
714.613063,P1Y,0,,A,PU,_Z,2,,,False,WB_WDI,WB_WDI_NY_GDP_PCAP_CD,LBR,_T,_T,_T,_Z,_Z,_Z,2016,A,USD,
7525.802993,P1Y,0,,A,PU,_Z,2,,,False,WB_WDI,WB_WDI_NY_GDP_PCAP_CD,LBY,_T,_T,_T,_Z,_Z,_Z,2016,A,USD,
165375.491396,P1Y,0,,A,PU,_Z,2,,,False,WB_WDI,WB_WDI_NY_GDP_PCAP_CD,LIE,_T,_T,_T,_Z,_Z,_Z,2016,A,USD,
14934.270284,P1Y,0,,A,PU,_Z,2,,,False,WB_WDI,WB_WDI_NY_GDP_PCAP_CD,LTU,_T,_T,_T,_Z,_Z,_Z,2016,A,USD,
106899.29355,P1Y,0,,A,PU,_Z,2,,,False,WB_WDI,WB_WDI_NY_GDP_PCAP_CD,LUX,_T,_T,_T,_Z,_Z,_Z,2016,A,USD,
6128.120531,P1Y,0,,A,PU,_Z,2,,,False,WB_WDI,WB_WDI_NY_GDP_PCAP_CD,BLZ,_T,_T,_T,_Z,_Z,_Z,2014,A,USD,
1204.399187,P1Y,0,,A,PU,_Z,2,,,False,WB_WDI,WB_WDI_NY_GDP_PCAP_CD,BEN,_T,_T,_T,_Z,_Z,_Z,2014,A,USD,
100961.576603,P1Y,0,,A,PU,_Z,2,,,False,WB_WDI,WB_WDI_NY_GDP_PCAP_CD,BMU,_T,_T,_T,_Z,_Z,_Z,2014,A,USD,
2849.499986,P1Y,0,,A,PU,_Z,2,,,False,WB_WDI,WB_WDI_NY_GDP_PCAP_CD,BTN,_T,_T,_T,_Z,_Z,_Z,2014,A,USD,
3041.435032,P1Y,0,,A,PU,_Z,2,,,False,WB_WDI,WB_WDI_NY_GDP_PCAP_CD,BOL,_T,_T,_T,_Z,_Z,_Z,2014,A,USD,
5206.065735,P1Y,0,,A,PU,_Z,2,,,False,WB_WDI,WB_WDI_NY_GDP_PCAP_CD,BIH,_T,_T,_T,_Z,_Z,_Z,2014,A,USD,
7122.364234,P1Y,0,,A,PU,_Z,2,,,False,WB_WDI,WB_WDI_NY_GDP_PCAP_CD,BWA,_T,_T,_T,_Z,_Z,_Z,2014,A,USD,
12274.993969,P1Y,0,,A,PU,_Z,2,,,False,WB_WDI,WB_WDI_NY_GDP_PCAP_CD,BRA,_T,_T,_T,_Z,_Z,_Z,2014,A,USD,
41026.508425,P1Y,0,,A,PU,_Z,2,,,False,WB_WDI,WB_WDI_NY_GDP_PCAP_CD,BRN,_T,_T,_T,_Z,_Z,_Z,2014,A,USD,
8070.012893,P1Y,0,,A,PU,_Z,2,,,False,WB_WDI,WB_WDI_NY_GDP_PCAP_CD,BGR,_T,_T,_T,_Z,_Z,_Z,2014,A,USD,
9842.770327,P1Y,0,,A,PU,_Z,2,,,False,WB_WDI,WB_WDI_NY_GDP_PCAP_CD,NRU,_T,_T,_T,_Z,_Z,_Z,2012,A,USD,
788.202937,P1Y,0,,A,PU,_Z,2,,,False,WB_WDI,WB_WDI_NY_GDP_PCAP_CD,NPL,_T,_T,_T,_Z,_Z,_Z,2012,A,USD,
50473.9442,P1Y,0,,A,PU,_Z,2,,,False,WB_WDI,WB_WDI_NY_GDP_PCAP_CD,NLD,_T,_T,_T,_Z,_Z,_Z,2012,A,USD,
35559.567201,P1Y,0,,A,PU,_Z,2,,,False,WB_WDI,WB_WDI_NY_GDP_PCAP_CD,NCL,_T,_T,_T,_Z,_Z,_Z,2012,A,USD,
40041.752482,P1Y,0,,A,PU,_Z,2,,,False,WB_WDI,WB_WDI_NY_GDP_PCAP_CD,NZL,_T,_T,_T,_Z,_Z,_Z,2012,A,USD,
1784.69836,P1Y,0,,A,PU,_Z,2,,,False,WB_WDI,WB_WDI_NY_GDP_PCAP_CD,NIC,_T,_T,_T,_Z,_Z,_Z,2012,A,USD,
528.510104,P1Y,0,,A,PU,_Z,2,,,False,WB_WDI,WB_WDI_NY_GDP_PCAP_CD,NER,_T,_T,_T,_Z,_Z,_Z,2012,A,USD,
2633.197347,P1Y,0,,A,PU,_Z,2,,,False,WB_WDI,WB_WDI_NY_GDP_PCAP_CD,NGA,_T,_T,_T,_Z,_Z,_Z,2012,A,USD,
5049.826539,P1Y,0,,A,PU,_Z,2,,,False,WB_WDI,WB_WDI_NY_GDP_PCAP_CD,MKD,_T,_T,_T,_Z,_Z,_Z,2012,A,USD,
14013.600331,P1Y,0,,A,PU,_Z,2,,,False,WB_WDI,WB_WDI_NY_GDP_PCAP_CD,MNP,_T,_T,_T,_Z,_Z,_Z,2012,A,USD,
104627.936947,P1Y,0,,A,PU,_Z,2,,,False,WB_WDI,WB_WDI_NY_GDP_PCAP_CD,NOR,_T,_T,_T,_Z,_Z,_Z,2012,A,USD,
24642.297877,P1Y,0,,A,PU,_Z,2,,,False,WB_WDI,WB_WDI_NY_GDP_PCAP_CD,OMN,_T,_T,_T,_Z,_Z,_Z,2012,A,USD,
2110.553054,P1Y,0,,A,PU,_Z,2,,,False,WB_WDI,WB_WDI_NY_GDP_PCAP_CD,MDA,_T,_T,_T,_Z,_Z,_Z,2008,A,USD,
204263.893237,P1Y,0,,A,PU,_Z,2,,,False,WB_WDI,WB_WDI_NY_GDP_PCAP_CD,MCO,_T,_T,_T,_Z,_Z,_Z,2008,A,USD,
2127.426786,P1Y,0,,A,PU,_Z,2,,,False,WB_WDI,WB_WDI_NY_GDP_PCAP_CD,MNG,_T,_T,_T,_Z,_Z,_Z,2008,A,USD,
7390.014813,P1Y,0,,A,PU,_Z,2,,,False,WB_WDI,WB_WDI_NY_GDP_PCAP_CD,MNE,_T,_T,_T,_Z,_Z,_Z,2008,A,USD,
3183.200439,P1Y,0,,A,PU,_Z,2,,,False,WB_WDI,WB_WDI_NY_GDP_PCAP_CD,MAR,_T,_T,_T,_Z,_Z,_Z,2008,A,USD,
592.159111,P1Y,0,,A,PU,_Z,2,,,False,WB_WDI,WB_WDI_NY_GDP_PCAP_CD,MOZ,_T,_T,_T,_Z,_Z,_Z,2008,A,USD,
658.442487,P1Y,0,,A,PU,_Z,2,,,False,WB_WDI,WB_WDI_NY_GDP_PCAP_CD,MMR,_T,_T,_T,_Z,_Z,_Z,2008,A,USD,
4204.785554,P1Y,0,,A,PU,_Z,2,,,False,WB_WDI,WB_WDI_NY_GDP_PCAP_CD,NAM,_T,_T,_T,_Z,_Z,_Z,2008,A,USD,
3756.845312,P1Y,0,,A,PU,_Z,2,,,False,WB_WDI,WB_WDI_NY_GDP_PCAP_CD,NRU,_T,_T,_T,_Z,_Z,_Z,2008,A,USD,
464.817392,P1Y,0,,A,PU,_Z,2,,,False,WB_WDI,WB_WDI_NY_GDP_PCAP_CD,NPL,_T,_T,_T,_Z,_Z,_Z,2008,A,USD,
58246.702691,P1Y,0,,A,PU,_Z,2,,,False,WB_WDI,WB_WDI_NY_GDP_PCAP_CD,NLD,_T,_T,_T,_Z,_Z,_Z,2008,A,USD,
35723.903319,P1Y,0,,A,PU,_Z,2,,,False,WB_WDI,WB_WDI_NY_GDP_PCAP_CD,NCL,_T,_T,_T,_Z,_Z,_Z,2008,A,USD,
31324.739798,P1Y,0,,A,PU,_Z,2,,,False,WB_WDI,WB_WDI_NY_GDP_PCAP_CD,NZL,_T,_T,_T,_Z,_Z,_Z,2008,A,USD,
2257.764452,P1Y,0,,A,PU,_Z,2,,,False,WB_WDI,WB_WDI_NY_GDP_PCAP_CD,FSM,_T,_T,_T,_Z,_Z,_Z,2006,A,USD,
1183.024814,P1Y,0,,A,PU,_Z,2,,,False,WB_WDI,WB_WDI_NY_GDP_PCAP_CD,MDA,_T,_T,_T,_Z,_Z,_Z,2006,A,USD,
143083.509444,P1Y,0,,A,PU,_Z,2,,,False,WB_WDI,WB_WDI_NY_GDP_PCAP_CD,MCO,_T,_T,_T,_Z,_Z,_Z,2006,A,USD,
1329.891796,P1Y,0,,A,PU,_Z,2,,,False,WB_WDI,WB_WDI_NY_GDP_PCAP_CD,MNG,_T,_T,_T,_Z,_Z,_Z,2006,A,USD,
4422.551726,P1Y,0,,A,PU,_Z,2,,,False,WB_WDI,WB_WDI_NY_GDP_PCAP_CD,MNE,_T,_T,_T,_Z,_Z,_Z,2006,A,USD,
2438.126465,P1Y,0,,A,PU,_Z,2,,,False,WB_WDI,WB_WDI_NY_GDP_PCAP_CD,MAR,_T,_T,_T,_Z,_Z,_Z,2006,A,USD,
457.487648,P1Y,0,,A,PU,_Z,2,,,False,WB_WDI,WB_WDI_NY_GDP_PCAP_CD,MOZ,_T,_T,_T,_Z,_Z,_Z,2006,A,USD,
303.495087,P1Y,0,,A,PU,_Z,2,,,False,WB_WDI,WB_WDI_NY_GDP_PCAP_CD,MMR,_T,_T,_T,_Z,_Z,_Z,2006,A,USD,
4017.183472,P1Y,0,,A,PU,_Z,2,,,False,WB_WDI,WB_WDI_NY_GDP_PCAP_CD,NAM,_T,_T,_T,_Z,_Z,_Z,2006,A,USD,
2910.141458,P1Y,0,,A,PU,_Z,2,,,False,WB_WDI,WB_WDI_NY_GDP_PCAP_CD,NRU,_T,_T,_T,_Z,_Z,_Z,2006,A,USD,
340.431796,P1Y,0,,A,PU,_Z,2,,,False,WB_WDI,WB_WDI_NY_GDP_PCAP_CD,NPL,_T,_T,_T,_Z,_Z,_Z,2006,A,USD,
45123.543241,P1Y,0,,A,PU,_Z,2,,,False,WB_WDI,WB_WDI_NY_GDP_PCAP_CD,NLD,_T,_T,_T,_Z,_Z,_Z,2006,A,USD,
28193.253757,P1Y,0,,A,PU,_Z,2,,,False,WB_WDI,WB_WDI_NY_GDP_PCAP_CD,NCL,_T,_T,_T,_Z,_Z,_Z,2006,A,USD,
26654.593202,P1Y,0,,A,PU,_Z,2,,,False,WB_WDI,WB_WDI_NY_GDP_PCAP_CD,NZL,_T,_T,_T,_Z,_Z,_Z,2006,A,USD,
7751.593369,P1Y,0,,A,PU,_Z,2,,,False,WB_WDI,WB_WDI_NY_GDP_PCAP_CD,LAC,_T,_T,_T,_Z,_Z,_Z,2016,A,USD,
8082.085123,P1Y,0,,A,PU,_Z,2,,,False,WB_WDI,WB_WDI_NY_GDP_PCAP_CD,TLA,_T,_T,_T,_Z,_Z,_Z,2016,A,USD,
968.123331,P1Y,0,,A,PU,_Z,2,,,False,WB_WDI,WB_WDI_NY_GDP_PCAP_CD,LDC,_T,_T,_T,_Z,_Z,_Z,2016,A,USD,
4211.547023,P1Y,0,,A,PU,_Z,2,,,False,WB_WDI,WB_WDI_NY_GDP_PCAP_CD,LMY,_T,_T,_T,_Z,_Z,_Z,2016,A,USD,
633.777356,P1Y,0,,A,PU,_Z,2,,,False,WB_WDI,WB_WDI_NY_GDP_PCAP_CD,LIC,_T,_T,_T,_Z,_Z,_Z,2016,A,USD,
1817.032116,P1Y,0,,A,PU,_Z,2,,,False,WB_WDI,WB_WDI_NY_GDP_PCAP_CD,LMC,_T,_T,_T,_Z,_Z,_Z,2016,A,USD,
5130.2103,P1Y,0,,A,PU,_Z,2,,,False,WB_WDI,WB_WDI_NY_GDP_PCAP_CD,MEA,_T,_T,_T,_Z,_Z,_Z,2016,A,USD,
2869.018131,P1Y,0,,A,PU,_Z,2,,,False,WB_WDI,WB_WDI_NY_GDP_PCAP_CD,MNA,_T,_T,_T,_Z,_Z,_Z,2016,A,USD,
2864.534458,P1Y,0,,A,PU,_Z,2,,,False,WB_WDI,WB_WDI_NY_GDP_PCAP_CD,TMN,_T,_T,_T,_Z,_Z,_Z,2016,A,USD,
4598.015565,P1Y,0,,A,PU,_Z,2,,,False,WB_WDI,WB_WDI_NY_GDP_PCAP_CD,MIC,_T,_T,_T,_Z,_Z,_Z,2016,A,USD,
56416.789208,P1Y,0,,A,PU,_Z,2,,,False,WB_WDI,WB_WDI_NY_GDP_PCAP_CD,NAC,_T,_T,_T,_Z,_Z,_Z,2016,A,USD,
36407.377173,P1Y,0,,A,PU,_Z,2,,,False,WB_WDI,WB_WDI_NY_GDP_PCAP_CD,OED,_T,_T,_T,_Z,_Z,_Z,2016,A,USD,
10813.381112,P1Y,0,,A,PU,_Z,2,,,False,WB_WDI,WB_WDI_NY_GDP_PCAP_CD,OSS,_T,_T,_T,_Z,_Z,_Z,2016,A,USD,
25813.571441,P1Y,0,,A,PU,_Z,2,,,False,WB_WDI,WB_WDI_NY_GDP_PCAP_CD,ABW,_T,_T,_T,_Z,_Z,_Z,2013,A,USD,
68476.67885,P1Y,0,,A,PU,_Z,2,,,False,WB_WDI,WB_WDI_NY_GDP_PCAP_CD,AUS,_T,_T,_T,_Z,_Z,_Z,2013,A,USD,
50305.354577,P1Y,0,,A,PU,_Z,2,,,False,WB_WDI,WB_WDI_NY_GDP_PCAP_CD,AUT,_T,_T,_T,_Z,_Z,_Z,2013,A,USD,
7875.345367,P1Y,0,,A,PU,_Z,2,,,False,WB_WDI,WB_WDI_NY_GDP_PCAP_CD,AZE,_T,_T,_T,_Z,_Z,_Z,2013,A,USD,
27642.741976,P1Y,0,,A,PU,_Z,2,,,False,WB_WDI,WB_WDI_NY_GDP_PCAP_CD,BHS,_T,_T,_T,_Z,_Z,_Z,2013,A,USD,
26989.760115,P1Y,0,,A,PU,_Z,2,,,False,WB_WDI,WB_WDI_NY_GDP_PCAP_CD,BHR,_T,_T,_T,_Z,_Z,_Z,2013,A,USD,
958.26299,P1Y,0,,A,PU,_Z,2,,,False,WB_WDI,WB_WDI_NY_GDP_PCAP_CD,BGD,_T,_T,_T,_Z,_Z,_Z,2013,A,USD,
20384.491023,P1Y,0,,A,PU,_Z,2,,,False,WB_WDI,WB_WDI_NY_GDP_PCAP_CD,BRB,_T,_T,_T,_Z,_Z,_Z,2013,A,USD,
7998.080205,P1Y,0,,A,PU,_Z,2,,,False,WB_WDI,WB_WDI_NY_GDP_PCAP_CD,BLR,_T,_T,_T,_Z,_Z,_Z,2013,A,USD,
46964.594678,P1Y,0,,A,PU,_Z,2,,,False,WB_WDI,WB_WDI_NY_GDP_PCAP_CD,BEL,_T,_T,_T,_Z,_Z,_Z,2013,A,USD,
5957.349536,P1Y,0,,A,PU,_Z,2,,,False,WB_WDI,WB_WDI_NY_GDP_PCAP_CD,BLZ,_T,_T,_T,_Z,_Z,_Z,2013,A,USD,
194.322953,P1Y,0,,A,PU,_Z,2,,,False,WB_WDI,WB_WDI_NY_GDP_PCAP_CD,TCD,_T,_T,_T,_Z,_Z,_Z,2001,A,USD,
41873.740615,P1Y,0,,A,PU,_Z,2,,,False,WB_WDI,WB_WDI_NY_GDP_PCAP_CD,CHI,_T,_T,_T,_Z,_Z,_Z,2001,A,USD,
4563.595299,P1Y,0,,A,PU,_Z,2,,,False,WB_WDI,WB_WDI_NY_GDP_PCAP_CD,CHL,_T,_T,_T,_Z,_Z,_Z,2001,A,USD,
1065.405976,P1Y,0,,A,PU,_Z,2,,,False,WB_WDI,WB_WDI_NY_GDP_PCAP_CD,CHN,_T,_T,_T,_Z,_Z,_Z,2001,A,USD,
2472.99084,P1Y,0,,A,PU,_Z,2,,,False,WB_WDI,WB_WDI_NY_GDP_PCAP_CD,COL,_T,_T,_T,_Z,_Z,_Z,2001,A,USD,
681.163858,P1Y,0,,A,PU,_Z,2,,,False,WB_WDI,WB_WDI_NY_GDP_PCAP_CD,COM,_T,_T,_T,_Z,_Z,_Z,2001,A,USD,
142.678143,P1Y,0,,A,PU,_Z,2,,,False,WB_WDI,WB_WDI_NY_GDP_PCAP_CD,COD,_T,_T,_T,_Z,_Z,_Z,2001,A,USD,
854.598314,P1Y,0,,A,PU,_Z,2,,,False,WB_WDI,WB_WDI_NY_GDP_PCAP_CD,COG,_T,_T,_T,_Z,_Z,_Z,2001,A,USD,
3985.12988,P1Y,0,,A,PU,_Z,2,,,False,WB_WDI,WB_WDI_NY_GDP_PCAP_CD,CRI,_T,_T,_T,_Z,_Z,_Z,2001,A,USD,
924.727295,P1Y,0,,A,PU,_Z,2,,,False,WB_WDI,WB_WDI_NY_GDP_PCAP_CD,CIV,_T,_T,_T,_Z,_Z,_Z,2001,A,USD,
5364.881885,P1Y,0,,A,PU,_Z,2,,,False,WB_WDI,WB_WDI_NY_GDP_PCAP_CD,HRV,_T,_T,_T,_Z,_Z,_Z,2001,A,USD,
2842.967043,P1Y,0,,A,PU,_Z,2,,,False,WB_WDI,WB_WDI_NY_GDP_PCAP_CD,CUB,_T,_T,_T,_Z,_Z,_Z,2001,A,USD,
16609.845454,P1Y,0,,A,PU,_Z,2,,,False,WB_WDI,WB_WDI_NY_GDP_PCAP_CD,CUW,_T,_T,_T,_Z,_Z,_Z,2001,A,USD,
14821.449219,P1Y,0,,A,PU,_Z,2,,,False,WB_WDI,WB_WDI_NY_GDP_PCAP_CD,CYP,_T,_T,_T,_Z,_Z,_Z,2001,A,USD,
6669.074948,P1Y,0,,A,PU,_Z,2,,,False,WB_WDI,WB_WDI_NY_GDP_PCAP_CD,CZE,_T,_T,_T,_Z,_Z,_Z,2001,A,USD,
8423.569331,P1Y,0,,A,PU,_Z,2,,,False,WB_WDI,WB_WDI_NY_GDP_PCAP_CD,MEX,_T,_T,_T,_Z,_Z,_Z,2009,A,USD,
2565.836398,P1Y,0,,A,PU,_Z,2,,,False,WB_WDI,WB_WDI_NY_GDP_PCAP_CD,FSM,_T,_T,_T,_Z,_Z,_Z,2009,A,USD,
1898.439757,P1Y,0,,A,PU,_Z,2,,,False,WB_WDI,WB_WDI_NY_GDP_PCAP_CD,MDA,_T,_T,_T,_Z,_Z,_Z,2009,A,USD,
169150.337647,P1Y,0,,A,PU,_Z,2,,,False,WB_WDI,WB_WDI_NY_GDP_PCAP_CD,MCO,_T,_T,_T,_Z,_Z,_Z,2009,A,USD,
1703.327568,P1Y,0,,A,PU,_Z,2,,,False,WB_WDI,WB_WDI_NY_GDP_PCAP_CD,MNG,_T,_T,_T,_Z,_Z,_Z,2009,A,USD,
6726.675897,P1Y,0,,A,PU,_Z,2,,,False,WB_WDI,WB_WDI_NY_GDP_PCAP_CD,MNE,_T,_T,_T,_Z,_Z,_Z,2009,A,USD,
3119.588623,P1Y,0,,A,PU,_Z,2,,,False,WB_WDI,WB_WDI_NY_GDP_PCAP_CD,MAR,_T,_T,_T,_Z,_Z,_Z,2009,A,USD,
547.697144,P1Y,0,,A,PU,_Z,2,,,False,WB_WDI,WB_WDI_NY_GDP_PCAP_CD,MOZ,_T,_T,_T,_Z,_Z,_Z,2009,A,USD,
758.442936,P1Y,0,,A,PU,_Z,2,,,False,WB_WDI,WB_WDI_NY_GDP_PCAP_CD,MMR,_T,_T,_T,_Z,_Z,_Z,2009,A,USD,
4302.913741,P1Y,0,,A,PU,_Z,2,,,False,WB_WDI,WB_WDI_NY_GDP_PCAP_CD,NAM,_T,_T,_T,_Z,_Z,_Z,2009,A,USD,
4410.567647,P1Y,0,,A,PU,_Z,2,,,False,WB_WDI,WB_WDI_NY_GDP_PCAP_CD,NRU,_T,_T,_T,_Z,_Z,_Z,2009,A,USD,
473.078751,P1Y,0,,A,PU,_Z,2,,,False,WB_WDI,WB_WDI_NY_GDP_PCAP_CD,NPL,_T,_T,_T,_Z,_Z,_Z,2009,A,USD,
172823.607795,P1Y,0,,A,PU,_Z,2,,,False,WB_WDI,WB_WDI_NY_GDP_PCAP_CD,LIE,_T,_T,_T,_Z,_Z,_Z,2013,A,USD,
15636.525259,P1Y,0,,A,PU,_Z,2,,,False,WB_WDI,WB_WDI_NY_GDP_PCAP_CD,LTU,_T,_T,_T,_Z,_Z,_Z,2013,A,USD,
120000.14073,P1Y,0,,A,PU,_Z,2,,,False,WB_WDI,WB_WDI_NY_GDP_PCAP_CD,LUX,_T,_T,_T,_Z,_Z,_Z,2013,A,USD,
87107.831306,P1Y,0,,A,PU,_Z,2,,,False,WB_WDI,WB_WDI_NY_GDP_PCAP_CD,MAC,_T,_T,_T,_Z,_Z,_Z,2013,A,USD,
515.301589,P1Y,0,,A,PU,_Z,2,,,False,WB_WDI,WB_WDI_NY_GDP_PCAP_CD,MDG,_T,_T,_T,_Z,_Z,_Z,2013,A,USD,
496.947368,P1Y,0,,A,PU,_Z,2,,,False,WB_WDI,WB_WDI_NY_GDP_PCAP_CD,MWI,_T,_T,_T,_Z,_Z,_Z,2013,A,USD,
10713.640764,P1Y,0,,A,PU,_Z,2,,,False,WB_WDI,WB_WDI_NY_GDP_PCAP_CD,MYS,_T,_T,_T,_Z,_Z,_Z,2013,A,USD,
8236.081779,P1Y,0,,A,PU,_Z,2,,,False,WB_WDI,WB_WDI_NY_GDP_PCAP_CD,MDV,_T,_T,_T,_Z,_Z,_Z,2013,A,USD,
901.920958,P1Y,0,,A,PU,_Z,2,,,False,WB_WDI,WB_WDI_NY_GDP_PCAP_CD,MLI,_T,_T,_T,_Z,_Z,_Z,2013,A,USD,
25415.552539,P1Y,0,,A,PU,_Z,2,,,False,WB_WDI,WB_WDI_NY_GDP_PCAP_CD,MLT,_T,_T,_T,_Z,_Z,_Z,2013,A,USD,
3677.906908,P1Y,0,,A,PU,_Z,2,,,False,WB_WDI,WB_WDI_NY_GDP_PCAP_CD,MHL,_T,_T,_T,_Z,_Z,_Z,2013,A,USD,
1936.269504,P1Y,0,,A,PU,_Z,2,,,False,WB_WDI,WB_WDI_NY_GDP_PCAP_CD,MRT,_T,_T,_T,_Z,_Z,_Z,2013,A,USD,
10944.618374,P1Y,0,,A,PU,_Z,2,,,False,WB_WDI,WB_WDI_NY_GDP_PCAP_CD,KNA,_T,_T,_T,_Z,_Z,_Z,2004,A,USD,
6494.600349,P1Y,0,,A,PU,_Z,2,,,False,WB_WDI,WB_WDI_NY_GDP_PCAP_CD,LCA,_T,_T,_T,_Z,_Z,_Z,2004,A,USD,
4873.489477,P1Y,0,,A,PU,_Z,2,,,False,WB_WDI,WB_WDI_NY_GDP_PCAP_CD,VCT,_T,_T,_T,_Z,_Z,_Z,2004,A,USD,
705.113342,P1Y,0,,A,PU,_Z,2,,,False,WB_WDI,WB_WDI_NY_GDP_PCAP_CD,SDN,_T,_T,_T,_Z,_Z,_Z,2004,A,USD,
2887.772173,P1Y,0,,A,PU,_Z,2,,,False,WB_WDI,WB_WDI_NY_GDP_PCAP_CD,SUR,_T,_T,_T,_Z,_Z,_Z,2004,A,USD,
42758.004856,P1Y,0,,A,PU,_Z,2,,,False,WB_WDI,WB_WDI_NY_GDP_PCAP_CD,SWE,_T,_T,_T,_Z,_Z,_Z,2004,A,USD,
55349.61646,P1Y,0,,A,PU,_Z,2,,,False,WB_WDI,WB_WDI_NY_GDP_PCAP_CD,CHE,_T,_T,_T,_Z,_Z,_Z,2004,A,USD,
1368.112639,P1Y,0,,A,PU,_Z,2,,,False,WB_WDI,WB_WDI_NY_GDP_PCAP_CD,SYR,_T,_T,_T,_Z,_Z,_Z,2004,A,USD,
305.745159,P1Y,0,,A,PU,_Z,2,,,False,WB_WDI,WB_WDI_NY_GDP_PCAP_CD,TJK,_T,_T,_T,_Z,_Z,_Z,2004,A,USD,
450.385284,P1Y,0,,A,PU,_Z,2,,,False,WB_WDI,WB_WDI_NY_GDP_PCAP_CD,TZA,_T,_T,_T,_Z,_Z,_Z,2004,A,USD,
2641.562687,P1Y,0,,A,PU,_Z,2,,,False,WB_WDI,WB_WDI_NY_GDP_PCAP_CD,THA,_T,_T,_T,_Z,_Z,_Z,2004,A,USD,
474.420767,P1Y,0,,A,PU,_Z,2,,,False,WB_WDI,WB_WDI_NY_GDP_PCAP_CD,TLS,_T,_T,_T,_Z,_Z,_Z,2004,A,USD,
604.311329,P1Y,0,,A,PU,_Z,2,,,False,WB_WDI,WB_WDI_NY_GDP_PCAP_CD,TGO,_T,_T,_T,_Z,_Z,_Z,2004,A,USD,
650.148575,P1Y,0,,A,PU,_Z,2,,,False,WB_WDI,WB_WDI_NY_GDP_PCAP_CD,GIN,_T,_T,_T,_Z,_Z,_Z,2007,A,USD,
519.06979,P1Y,0,,A,PU,_Z,2,,,False,WB_WDI,WB_WDI_NY_GDP_PCAP_CD,GNB,_T,_T,_T,_Z,_Z,_Z,2007,A,USD,
3608.286852,P1Y,0,,A,PU,_Z,2,,,False,WB_WDI,WB_WDI_NY_GDP_PCAP_CD,GUY,_T,_T,_T,_Z,_Z,_Z,2007,A,USD,
984.566983,P1Y,0,,A,PU,_Z,2,,,False,WB_WDI,WB_WDI_NY_GDP_PCAP_CD,HTI,_T,_T,_T,_Z,_Z,_Z,2007,A,USD,
1577.737892,P1Y,0,,A,PU,_Z,2,,,False,WB_WDI,WB_WDI_NY_GDP_PCAP_CD,HND,_T,_T,_T,_Z,_Z,_Z,2007,A,USD,
30593.951174,P1Y,0,,A,PU,_Z,2,,,False,WB_WDI,WB_WDI_NY_GDP_PCAP_CD,HKG,_T,_T,_T,_Z,_Z,_Z,2007,A,USD,
13934.60546,P1Y,0,,A,PU,_Z,2,,,False,WB_WDI,WB_WDI_NY_GDP_PCAP_CD,HUN,_T,_T,_T,_Z,_Z,_Z,2007,A,USD,
70483.011723,P1Y,0,,A,PU,_Z,2,,,False,WB_WDI,WB_WDI_NY_GDP_PCAP_CD,ISL,_T,_T,_T,_Z,_Z,_Z,2007,A,USD,
1021.887077,P1Y,0,,A,PU,_Z,2,,,False,WB_WDI,WB_WDI_NY_GDP_PCAP_CD,IND,_T,_T,_T,_Z,_Z,_Z,2007,A,USD,
1823.219763,P1Y,0,,A,PU,_Z,2,,,False,WB_WDI,WB_WDI_NY_GDP_PCAP_CD,IDN,_T,_T,_T,_Z,_Z,_Z,2007,A,USD,
4687.991663,P1Y,0,,A,PU,_Z,2,,,False,WB_WDI,WB_WDI_NY_GDP_PCAP_CD,IRN,_T,_T,_T,_Z,_Z,_Z,2007,A,USD,
14208.439049,P1Y,0,,A,PU,_Z,2,,,False,WB_WDI,WB_WDI_NY_GDP_PCAP_CD,CEB,_T,_T,_T,_Z,_Z,_Z,2014,A,USD,
3351.664296,P1Y,0,,A,PU,_Z,2,,,False,WB_WDI,WB_WDI_NY_GDP_PCAP_CD,EAR,_T,_T,_T,_Z,_Z,_Z,2014,A,USD,
9832.431965,P1Y,0,,A,PU,_Z,2,,,False,WB_WDI,WB_WDI_NY_GDP_PCAP_CD,EAS,_T,_T,_T,_Z,_Z,_Z,2014,A,USD,
6373.70121,P1Y,0,,A,PU,_Z,2,,,False,WB_WDI,WB_WDI_NY_GDP_PCAP_CD,EAP,_T,_T,_T,_Z,_Z,_Z,2014,A,USD,
6446.189385,P1Y,0,,A,PU,_Z,2,,,False,WB_WDI,WB_WDI_NY_GDP_PCAP_CD,TEA,_T,_T,_T,_Z,_Z,_Z,2014,A,USD,
39333.119717,P1Y,0,,A,PU,_Z,2,,,False,WB_WDI,WB_WDI_NY_GDP_PCAP_CD,EMU,_T,_T,_T,_Z,_Z,_Z,2014,A,USD,
26517.01787,P1Y,0,,A,PU,_Z,2,,,False,WB_WDI,WB_WDI_NY_GDP_PCAP_CD,ECS,_T,_T,_T,_Z,_Z,_Z,2014,A,USD,
7334.843386,P1Y,0,,A,PU,_Z,2,,,False,WB_WDI,WB_WDI_NY_GDP_PCAP_CD,ECA,_T,_T,_T,_Z,_Z,_Z,2014,A,USD,
10330.398216,P1Y,0,,A,PU,_Z,2,,,False,WB_WDI,WB_WDI_NY_GDP_PCAP_CD,TEC,_T,_T,_T,_Z,_Z,_Z,2014,A,USD,
35590.10743,P1Y,0,,A,PU,_Z,2,,,False,WB_WDI,WB_WDI_NY_GDP_PCAP_CD,EUU,_T,_T,_T,_Z,_Z,_Z,2014,A,USD,
987.60236,P1Y,0,,A,PU,_Z,2,,,False,WB_WDI,WB_WDI_NY_GDP_PCAP_CD,HPC,_T,_T,_T,_Z,_Z,_Z,2014,A,USD,
39576.136351,P1Y,0,,A,PU,_Z,2,,,False,WB_WDI,WB_WDI_NY_GDP_PCAP_CD,HIC,_T,_T,_T,_Z,_Z,_Z,2014,A,USD,
5950.162162,P1Y,0,,A,PU,_Z,2,,,False,WB_WDI,WB_WDI_NY_GDP_PCAP_CD,IBD,_T,_T,_T,_Z,_Z,_Z,2014,A,USD,
1408.615659,P1Y,0,,A,PU,_Z,2,,,False,WB_WDI,WB_WDI_NY_GDP_PCAP_CD,AFE,_T,_T,_T,_Z,_Z,_Z,2009,A,USD,
1455.223919,P1Y,0,,A,PU,_Z,2,,,False,WB_WDI,WB_WDI_NY_GDP_PCAP_CD,AFW,_T,_T,_T,_Z,_Z,_Z,2009,A,USD,
5142.656331,P1Y,0,,A,PU,_Z,2,,,False,WB_WDI,WB_WDI_NY_GDP_PCAP_CD,ARB,_T,_T,_T,_Z,_Z,_Z,2009,A,USD,
11554.058919,P1Y,0,,A,PU,_Z,2,,,False,WB_WDI,WB_WDI_NY_GDP_PCAP_CD,CSS,_T,_T,_T,_Z,_Z,_Z,2009,A,USD,
12302.059329,P1Y,0,,A,PU,_Z,2,,,False,WB_WDI,WB_WDI_NY_GDP_PCAP_CD,CEB,_T,_T,_T,_Z,_Z,_Z,2009,A,USD,
2458.164651,P1Y,0,,A,PU,_Z,2,,,False,WB_WDI,WB_WDI_NY_GDP_PCAP_CD,EAR,_T,_T,_T,_Z,_Z,_Z,2009,A,USD,
6735.160595,P1Y,0,,A,PU,_Z,2,,,False,WB_WDI,WB_WDI_NY_GDP_PCAP_CD,EAS,_T,_T,_T,_Z,_Z,_Z,2009,A,USD,
3359.518415,P1Y,0,,A,PU,_Z,2,,,False,WB_WDI,WB_WDI_NY_GDP_PCAP_CD,EAP,_T,_T,_T,_Z,_Z,_Z,2009,A,USD,
3398.528108,P1Y,0,,A,PU,_Z,2,,,False,WB_WDI,WB_WDI_NY_GDP_PCAP_CD,TEA,_T,_T,_T,_Z,_Z,_Z,2009,A,USD,
37790.120169,P1Y,0,,A,PU,_Z,2,,,False,WB_WDI,WB_WDI_NY_GDP_PCAP_CD,EMU,_T,_T,_T,_Z,_Z,_Z,2009,A,USD,
23278.878279,P1Y,0,,A,PU,_Z,2,,,False,WB_WDI,WB_WDI_NY_GDP_PCAP_CD,ECS,_T,_T,_T,_Z,_Z,_Z,2009,A,USD,
5125.282385,P1Y,0,,A,PU,_Z,2,,,False,WB_WDI,WB_WDI_NY_GDP_PCAP_CD,ECA,_T,_T,_T,_Z,_Z,_Z,2009,A,USD,
7074.110607,P1Y,0,,A,PU,_Z,2,,,False,WB_WDI,WB_WDI_NY_GDP_PCAP_CD,TEC,_T,_T,_T,_Z,_Z,_Z,2009,A,USD,
33632.159299,P1Y,0,,A,PU,_Z,2,,,False,WB_WDI,WB_WDI_NY_GDP_PCAP_CD,EUU,_T,_T,_T,_Z,_Z,_Z,2009,A,USD,
7949.888672,P1Y,0,,A,PU,_Z,2,,,False,WB_WDI,WB_WDI_NY_GDP_PCAP_CD,SUR,_T,_T,_T,_Z,_Z,_Z,2011,A,USD,
60379.48146,P1Y,0,,A,PU,_Z,2,,,False,WB_WDI,WB_WDI_NY_GDP_PCAP_CD,SWE,_T,_T,_T,_Z,_Z,_Z,2011,A,USD,
91910.396457,P1Y,0,,A,PU,_Z,2,,,False,WB_WDI,WB_WDI_NY_GDP_PCAP_CD,CHE,_T,_T,_T,_Z,_Z,_Z,2011,A,USD,
2952.143729,P1Y,0,,A,PU,_Z,2,,,False,WB_WDI,WB_WDI_NY_GDP_PCAP_CD,SYR,_T,_T,_T,_Z,_Z,_Z,2011,A,USD,
833.601978,P1Y,0,,A,PU,_Z,2,,,False,WB_WDI,WB_WDI_NY_GDP_PCAP_CD,TJK,_T,_T,_T,_Z,_Z,_Z,2011,A,USD,
775.392761,P1Y,0,,A,PU,_Z,2,,,False,WB_WDI,WB_WDI_NY_GDP_PCAP_CD,TZA,_T,_T,_T,_Z,_Z,_Z,2011,A,USD,
5373.623283,P1Y,0,,A,PU,_Z,2,,,False,WB_WDI,WB_WDI_NY_GDP_PCAP_CD,THA,_T,_T,_T,_Z,_Z,_Z,2011,A,USD,
939.045241,P1Y,0,,A,PU,_Z,2,,,False,WB_WDI,WB_WDI_NY_GDP_PCAP_CD,TLS,_T,_T,_T,_Z,_Z,_Z,2011,A,USD,
834.14672,P1Y,0,,A,PU,_Z,2,,,False,WB_WDI,WB_WDI_NY_GDP_PCAP_CD,TGO,_T,_T,_T,_Z,_Z,_Z,2011,A,USD,
3849.993758,P1Y,0,,A,PU,_Z,2,,,False,WB_WDI,WB_WDI_NY_GDP_PCAP_CD,TON,_T,_T,_T,_Z,_Z,_Z,2011,A,USD,
19151.087023,P1Y,0,,A,PU,_Z,2,,,False,WB_WDI,WB_WDI_NY_GDP_PCAP_CD,TTO,_T,_T,_T,_Z,_Z,_Z,2011,A,USD,
53099.13514,P1Y,0,,A,PU,_Z,2,,,False,WB_WDI,WB_WDI_NY_GDP_PCAP_CD,FIN,_T,_T,_T,_Z,_Z,_Z,2021,A,USD,
43725.099952,P1Y,0,,A,PU,_Z,2,,,False,WB_WDI,WB_WDI_NY_GDP_PCAP_CD,FRA,_T,_T,_T,_Z,_Z,_Z,2021,A,USD,
21426.385445,P1Y,0,,A,PU,_Z,2,,,False,WB_WDI,WB_WDI_NY_GDP_PCAP_CD,PYF,_T,_T,_T,_Z,_Z,_Z,2021,A,USD,
8181.409141,P1Y,0,,A,PU,_Z,2,,,False,WB_WDI,WB_WDI_NY_GDP_PCAP_CD,GAB,_T,_T,_T,_Z,_Z,_Z,2021,A,USD,
781.890925,P1Y,0,,A,PU,_Z,2,,,False,WB_WDI,WB_WDI_NY_GDP_PCAP_CD,GMB,_T,_T,_T,_Z,_Z,_Z,2021,A,USD,
5083.606955,P1Y,0,,A,PU,_Z,2,,,False,WB_WDI,WB_WDI_NY_GDP_PCAP_CD,GEO,_T,_T,_T,_Z,_Z,_Z,2021,A,USD,
52349.245999,P1Y,0,,A,PU,_Z,2,,,False,WB_WDI,WB_WDI_NY_GDP_PCAP_CD,DEU,_T,_T,_T,_Z,_Z,_Z,2021,A,USD,
2445.186625,P1Y,0,,A,PU,_Z,2,,,False,WB_WDI,WB_WDI_NY_GDP_PCAP_CD,GHA,_T,_T,_T,_Z,_Z,_Z,2021,A,USD,
20652.896596,P1Y,0,,A,PU,_Z,2,,,False,WB_WDI,WB_WDI_NY_GDP_PCAP_CD,GRC,_T,_T,_T,_Z,_Z,_Z,2021,A,USD,
58135.993991,P1Y,0,,A,PU,_Z,2,,,False,WB_WDI,WB_WDI_NY_GDP_PCAP_CD,GRL,_T,_T,_T,_Z,_Z,_Z,2021,A,USD,
9617.289029,P1Y,0,,A,PU,_Z,2,,,False,WB_WDI,WB_WDI_NY_GDP_PCAP_CD,GRD,_T,_T,_T,_Z,_Z,_Z,2021,A,USD,
38074.879375,P1Y,0,,A,PU,_Z,2,,,False,WB_WDI,WB_WDI_NY_GDP_PCAP_CD,GUM,_T,_T,_T,_Z,_Z,_Z,2021,A,USD,
4912.622404,P1Y,0,,A,PU,_Z,2,,,False,WB_WDI,WB_WDI_NY_GDP_PCAP_CD,GTM,_T,_T,_T,_Z,_Z,_Z,2021,A,USD,
4520.30959,P1Y,0,,A,PU,_Z,2,,,False,WB_WDI,WB_WDI_NY_GDP_PCAP_CD,ECU,_T,_T,_T,_Z,_Z,_Z,2010,A,USD,
2455.081946,P1Y,0,,A,PU,_Z,2,,,False,WB_WDI,WB_WDI_NY_GDP_PCAP_CD,EGY,_T,_T,_T,_Z,_Z,_Z,2010,A,USD,
3040.07301,P1Y,0,,A,PU,_Z,2,,,False,WB_WDI,WB_WDI_NY_GDP_PCAP_CD,SLV,_T,_T,_T,_Z,_Z,_Z,2010,A,USD,
13720.165872,P1Y,0,,A,PU,_Z,2,,,False,WB_WDI,WB_WDI_NY_GDP_PCAP_CD,GNQ,_T,_T,_T,_Z,_Z,_Z,2010,A,USD,
539.699512,P1Y,0,,A,PU,_Z,2,,,False,WB_WDI,WB_WDI_NY_GDP_PCAP_CD,ERI,_T,_T,_T,_Z,_Z,_Z,2010,A,USD,
14663.704102,P1Y,0,,A,PU,_Z,2,,,False,WB_WDI,WB_WDI_NY_GDP_PCAP_CD,EST,_T,_T,_T,_Z,_Z,_Z,2010,A,USD,
3922.740394,P1Y,0,,A,PU,_Z,2,,,False,WB_WDI,WB_WDI_NY_GDP_PCAP_CD,SWZ,_T,_T,_T,_Z,_Z,_Z,2010,A,USD,
330.619413,P1Y,0,,A,PU,_Z,2,,,False,WB_WDI,WB_WDI_NY_GDP_PCAP_CD,ETH,_T,_T,_T,_Z,_Z,_Z,2010,A,USD,
47924.136476,P1Y,0,,A,PU,_Z,2,,,False,WB_WDI,WB_WDI_NY_GDP_PCAP_CD,FRO,_T,_T,_T,_Z,_Z,_Z,2010,A,USD,
3449.144529,P1Y,0,,A,PU,_Z,2,,,False,WB_WDI,WB_WDI_NY_GDP_PCAP_CD,FJI,_T,_T,_T,_Z,_Z,_Z,2010,A,USD,
46506.291902,P1Y,0,,A,PU,_Z,2,,,False,WB_WDI,WB_WDI_NY_GDP_PCAP_CD,FIN,_T,_T,_T,_Z,_Z,_Z,2010,A,USD,
40694.82117,P1Y,0,,A,PU,_Z,2,,,False,WB_WDI,WB_WDI_NY_GDP_PCAP_CD,FRA,_T,_T,_T,_Z,_Z,_Z,2010,A,USD,
10795.639901,P1Y,0,,A,PU,_Z,2,,,False,WB_WDI,WB_WDI_NY_GDP_PCAP_CD,PLW,_T,_T,_T,_Z,_Z,_Z,2011,A,USD,
9662.295922,P1Y,0,,A,PU,_Z,2,,,False,WB_WDI,WB_WDI_NY_GDP_PCAP_CD,PAN,_T,_T,_T,_Z,_Z,_Z,2011,A,USD,
2288.375911,P1Y,0,,A,PU,_Z,2,,,False,WB_WDI,WB_WDI_NY_GDP_PCAP_CD,PNG,_T,_T,_T,_Z,_Z,_Z,2011,A,USD,
5805.401545,P1Y,0,,A,PU,_Z,2,,,False,WB_WDI,WB_WDI_NY_GDP_PCAP_CD,PRY,_T,_T,_T,_Z,_Z,_Z,2011,A,USD,
5861.357936,P1Y,0,,A,PU,_Z,2,,,False,WB_WDI,WB_WDI_NY_GDP_PCAP_CD,PER,_T,_T,_T,_Z,_Z,_Z,2011,A,USD,
2383.918925,P1Y,0,,A,PU,_Z,2,,,False,WB_WDI,WB_WDI_NY_GDP_PCAP_CD,PHL,_T,_T,_T,_Z,_Z,_Z,2011,A,USD,
13867.666941,P1Y,0,,A,PU,_Z,2,,,False,WB_WDI,WB_WDI_NY_GDP_PCAP_CD,POL,_T,_T,_T,_Z,_Z,_Z,2011,A,USD,
23246.542542,P1Y,0,,A,PU,_Z,2,,,False,WB_WDI,WB_WDI_NY_GDP_PCAP_CD,PRT,_T,_T,_T,_Z,_Z,_Z,2011,A,USD,
27170.076654,P1Y,0,,A,PU,_Z,2,,,False,WB_WDI,WB_WDI_NY_GDP_PCAP_CD,PRI,_T,_T,_T,_Z,_Z,_Z,2011,A,USD,
103261.510293,P1Y,0,,A,PU,_Z,2,,,False,WB_WDI,WB_WDI_NY_GDP_PCAP_CD,QAT,_T,_T,_T,_Z,_Z,_Z,2011,A,USD,
9560.675528,P1Y,0,,A,PU,_Z,2,,,False,WB_WDI,WB_WDI_NY_GDP_PCAP_CD,ROU,_T,_T,_T,_Z,_Z,_Z,2011,A,USD,
18596.150263,P1Y,0,,A,PU,_Z,2,,,False,WB_WDI,WB_WDI_NY_GDP_PCAP_CD,SAU,_T,_T,_T,_Z,_Z,_Z,2007,A,USD,
1188.938778,P1Y,0,,A,PU,_Z,2,,,False,WB_WDI,WB_WDI_NY_GDP_PCAP_CD,SEN,_T,_T,_T,_Z,_Z,_Z,2007,A,USD,
6081.087657,P1Y,0,,A,PU,_Z,2,,,False,WB_WDI,WB_WDI_NY_GDP_PCAP_CD,SRB,_T,_T,_T,_Z,_Z,_Z,2007,A,USD,
12669.302669,P1Y,0,,A,PU,_Z,2,,,False,WB_WDI,WB_WDI_NY_GDP_PCAP_CD,SYC,_T,_T,_T,_Z,_Z,_Z,2007,A,USD,
631.889926,P1Y,0,,A,PU,_Z,2,,,False,WB_WDI,WB_WDI_NY_GDP_PCAP_CD,SLE,_T,_T,_T,_Z,_Z,_Z,2007,A,USD,
39432.88602,P1Y,0,,A,PU,_Z,2,,,False,WB_WDI,WB_WDI_NY_GDP_PCAP_CD,SGP,_T,_T,_T,_Z,_Z,_Z,2007,A,USD,
14330.206494,P1Y,0,,A,PU,_Z,2,,,False,WB_WDI,WB_WDI_NY_GDP_PCAP_CD,SVK,_T,_T,_T,_Z,_Z,_Z,2007,A,USD,
23725.1596,P1Y,0,,A,PU,_Z,2,,,False,WB_WDI,WB_WDI_NY_GDP_PCAP_CD,SVN,_T,_T,_T,_Z,_Z,_Z,2007,A,USD,
1390.14871,P1Y,0,,A,PU,_Z,2,,,False,WB_WDI,WB_WDI_NY_GDP_PCAP_CD,SLB,_T,_T,_T,_Z,_Z,_Z,2007,A,USD,
479.635628,P1Y,0,,A,PU,_Z,2,,,False,WB_WDI,WB_WDI_NY_GDP_PCAP_CD,SOM,_T,_T,_T,_Z,_Z,_Z,2007,A,USD,
6591.85536,P1Y,0,,A,PU,_Z,2,,,False,WB_WDI,WB_WDI_NY_GDP_PCAP_CD,ZAF,_T,_T,_T,_Z,_Z,_Z,2007,A,USD,
57521.551499,P1Y,0,,A,PU,_Z,2,,,False,WB_WDI,WB_WDI_NY_GDP_PCAP_CD,DNK,_T,_T,_T,_Z,_Z,_Z,2017,A,USD,
2618.955211,P1Y,0,,A,PU,_Z,2,,,False,WB_WDI,WB_WDI_NY_GDP_PCAP_CD,DJI,_T,_T,_T,_Z,_Z,_Z,2017,A,USD,
8224.648966,P1Y,0,,A,PU,_Z,2,,,False,WB_WDI,WB_WDI_NY_GDP_PCAP_CD,DMA,_T,_T,_T,_Z,_Z,_Z,2017,A,USD,
7412.715716,P1Y,0,,A,PU,_Z,2,,,False,WB_WDI,WB_WDI_NY_GDP_PCAP_CD,DOM,_T,_T,_T,_Z,_Z,_Z,2017,A,USD,
6233.322448,P1Y,0,,A,PU,_Z,2,,,False,WB_WDI,WB_WDI_NY_GDP_PCAP_CD,ECU,_T,_T,_T,_Z,_Z,_Z,2017,A,USD,
2395.103333,P1Y,0,,A,PU,_Z,2,,,False,WB_WDI,WB_WDI_NY_GDP_PCAP_CD,EGY,_T,_T,_T,_Z,_Z,_Z,2017,A,USD,
4020.126714,P1Y,0,,A,PU,_Z,2,,,False,WB_WDI,WB_WDI_NY_GDP_PCAP_CD,SLV,_T,_T,_T,_Z,_Z,_Z,2017,A,USD,
7809.104657,P1Y,0,,A,PU,_Z,2,,,False,WB_WDI,WB_WDI_NY_GDP_PCAP_CD,GNQ,_T,_T,_T,_Z,_Z,_Z,2017,A,USD,
20851.52235,P1Y,0,,A,PU,_Z,2,,,False,WB_WDI,WB_WDI_NY_GDP_PCAP_CD,EST,_T,_T,_T,_Z,_Z,_Z,2017,A,USD,
3853.099566,P1Y,0,,A,PU,_Z,2,,,False,WB_WDI,WB_WDI_NY_GDP_PCAP_CD,SWZ,_T,_T,_T,_Z,_Z,_Z,2017,A,USD,
21442.384277,P1Y,0,,A,PU,_Z,2,,,False,WB_WDI,WB_WDI_NY_GDP_PCAP_CD,PRT,_T,_T,_T,_Z,_Z,_Z,2017,A,USD,
30328.479491,P1Y,0,,A,PU,_Z,2,,,False,WB_WDI,WB_WDI_NY_GDP_PCAP_CD,PRI,_T,_T,_T,_Z,_Z,_Z,2017,A,USD,
63279.855695,P1Y,0,,A,PU,_Z,2,,,False,WB_WDI,WB_WDI_NY_GDP_PCAP_CD,QAT,_T,_T,_T,_Z,_Z,_Z,2017,A,USD,
10727.982201,P1Y,0,,A,PU,_Z,2,,,False,WB_WDI,WB_WDI_NY_GDP_PCAP_CD,ROU,_T,_T,_T,_Z,_Z,_Z,2017,A,USD,
10658.913086,P1Y,0,,A,PU,_Z,2,,,False,WB_WDI,WB_WDI_NY_GDP_PCAP_CD,RUS,_T,_T,_T,_Z,_Z,_Z,2017,A,USD,
751.04904,P1Y,0,,A,PU,_Z,2,,,False,WB_WDI,WB_WDI_NY_GDP_PCAP_CD,RWA,_T,_T,_T,_Z,_Z,_Z,2017,A,USD,
4307.59382,P1Y,0,,A,PU,_Z,2,,,False,WB_WDI,WB_WDI_NY_GDP_PCAP_CD,WSM,_T,_T,_T,_Z,_Z,_Z,2017,A,USD,
45192.053005,P1Y,0,,A,PU,_Z,2,,,False,WB_WDI,WB_WDI_NY_GDP_PCAP_CD,SMR,_T,_T,_T,_Z,_Z,_Z,2017,A,USD,
1555.794778,P1Y,0,,A,PU,_Z,2,,,False,WB_WDI,WB_WDI_NY_GDP_PCAP_CD,STP,_T,_T,_T,_Z,_Z,_Z,2017,A,USD,
23929.290714,P1Y,0,,A,PU,_Z,2,,,False,WB_WDI,WB_WDI_NY_GDP_PCAP_CD,SAU,_T,_T,_T,_Z,_Z,_Z,2017,A,USD,
1354.770072,P1Y,0,,A,PU,_Z,2,,,False,WB_WDI,WB_WDI_NY_GDP_PCAP_CD,SEN,_T,_T,_T,_Z,_Z,_Z,2017,A,USD,
1455.027686,P1Y,0,,A,PU,_Z,2,,,False,WB_WDI,WB_WDI_NY_GDP_PCAP_CD,COM,_T,_T,_T,_Z,_Z,_Z,2008,A,USD,
352.900363,P1Y,0,,A,PU,_Z,2,,,False,WB_WDI,WB_WDI_NY_GDP_PCAP_CD,COD,_T,_T,_T,_Z,_Z,_Z,2008,A,USD,
2832.091778,P1Y,0,,A,PU,_Z,2,,,False,WB_WDI,WB_WDI_NY_GDP_PCAP_CD,COG,_T,_T,_T,_Z,_Z,_Z,2008,A,USD,
6937.242617,P1Y,0,,A,PU,_Z,2,,,False,WB_WDI,WB_WDI_NY_GDP_PCAP_CD,CRI,_T,_T,_T,_Z,_Z,_Z,2008,A,USD,
1583.970667,P1Y,0,,A,PU,_Z,2,,,False,WB_WDI,WB_WDI_NY_GDP_PCAP_CD,CIV,_T,_T,_T,_Z,_Z,_Z,2008,A,USD,
15888.118439,P1Y,0,,A,PU,_Z,2,,,False,WB_WDI,WB_WDI_NY_GDP_PCAP_CD,HRV,_T,_T,_T,_Z,_Z,_Z,2008,A,USD,
4986.124365,P1Y,0,,A,PU,_Z,2,,,False,WB_WDI,WB_WDI_NY_GDP_PCAP_CD,CUB,_T,_T,_T,_Z,_Z,_Z,2008,A,USD,
19423.335243,P1Y,0,,A,PU,_Z,2,,,False,WB_WDI,WB_WDI_NY_GDP_PCAP_CD,CUW,_T,_T,_T,_Z,_Z,_Z,2008,A,USD,
35541.886719,P1Y,0,,A,PU,_Z,2,,,False,WB_WDI,WB_WDI_NY_GDP_PCAP_CD,CYP,_T,_T,_T,_Z,_Z,_Z,2008,A,USD,
22774.704508,P1Y,0,,A,PU,_Z,2,,,False,WB_WDI,WB_WDI_NY_GDP_PCAP_CD,CZE,_T,_T,_T,_Z,_Z,_Z,2008,A,USD,
64616.665758,P1Y,0,,A,PU,_Z,2,,,False,WB_WDI,WB_WDI_NY_GDP_PCAP_CD,DNK,_T,_T,_T,_Z,_Z,_Z,2008,A,USD,
1119.152333,P1Y,0,,A,PU,_Z,2,,,False,WB_WDI,WB_WDI_NY_GDP_PCAP_CD,DJI,_T,_T,_T,_Z,_Z,_Z,2008,A,USD,
44910.345886,P1Y,0,,A,PU,_Z,2,,,False,WB_WDI,WB_WDI_NY_GDP_PCAP_CD,ARE,_T,_T,_T,_Z,_Z,_Z,2015,A,USD,
45256.040227,P1Y,0,,A,PU,_Z,2,,,False,WB_WDI,WB_WDI_NY_GDP_PCAP_CD,GBR,_T,_T,_T,_Z,_Z,_Z,2015,A,USD,
56849.469792,P1Y,0,,A,PU,_Z,2,,,False,WB_WDI,WB_WDI_NY_GDP_PCAP_CD,USA,_T,_T,_T,_Z,_Z,_Z,2015,A,USD,
17125.90168,P1Y,0,,A,PU,_Z,2,,,False,WB_WDI,WB_WDI_NY_GDP_PCAP_CD,URY,_T,_T,_T,_Z,_Z,_Z,2015,A,USD,
3172.898994,P1Y,0,,A,PU,_Z,2,,,False,WB_WDI,WB_WDI_NY_GDP_PCAP_CD,UZB,_T,_T,_T,_Z,_Z,_Z,2015,A,USD,
3214.419486,P1Y,0,,A,PU,_Z,2,,,False,WB_WDI,WB_WDI_NY_GDP_PCAP_CD,VUT,_T,_T,_T,_Z,_Z,_Z,2015,A,USD,
4096.619891,P1Y,0,,A,PU,_Z,2,,,False,WB_WDI,WB_WDI_NY_GDP_PCAP_CD,VEN,_T,_T,_T,_Z,_Z,_Z,2015,A,USD,
2577.568853,P1Y,0,,A,PU,_Z,2,,,False,WB_WDI,WB_WDI_NY_GDP_PCAP_CD,VNM,_T,_T,_T,_Z,_Z,_Z,2015,A,USD,
34007.352941,P1Y,0,,A,PU,_Z,2,,,False,WB_WDI,WB_WDI_NY_GDP_PCAP_CD,VIR,_T,_T,_T,_Z,_Z,_Z,2015,A,USD,
3272.154324,P1Y,0,,A,PU,_Z,2,,,False,WB_WDI,WB_WDI_NY_GDP_PCAP_CD,PSE,_T,_T,_T,_Z,_Z,_Z,2015,A,USD,
1362.173812,P1Y,0,,A,PU,_Z,2,,,False,WB_WDI,WB_WDI_NY_GDP_PCAP_CD,YEM,_T,_T,_T,_Z,_Z,_Z,2015,A,USD,
947.915033,P1Y,0,,A,PU,_Z,2,,,False,WB_WDI,WB_WDI_NY_GDP_PCAP_CD,MLI,_T,_T,_T,_Z,_Z,_Z,2014,A,USD,
27424.569362,P1Y,0,,A,PU,_Z,2,,,False,WB_WDI,WB_WDI_NY_GDP_PCAP_CD,MLT,_T,_T,_T,_Z,_Z,_Z,2014,A,USD,
3735.239778,P1Y,0,,A,PU,_Z,2,,,False,WB_WDI,WB_WDI_NY_GDP_PCAP_CD,MHL,_T,_T,_T,_Z,_Z,_Z,2014,A,USD,
1718.970894,P1Y,0,,A,PU,_Z,2,,,False,WB_WDI,WB_WDI_NY_GDP_PCAP_CD,MRT,_T,_T,_T,_Z,_Z,_Z,2014,A,USD,
10490.331556,P1Y,0,,A,PU,_Z,2,,,False,WB_WDI,WB_WDI_NY_GDP_PCAP_CD,MUS,_T,_T,_T,_Z,_Z,_Z,2014,A,USD,
11391.37735,P1Y,0,,A,PU,_Z,2,,,False,WB_WDI,WB_WDI_NY_GDP_PCAP_CD,MEX,_T,_T,_T,_Z,_Z,_Z,2014,A,USD,
2915.236725,P1Y,0,,A,PU,_Z,2,,,False,WB_WDI,WB_WDI_NY_GDP_PCAP_CD,FSM,_T,_T,_T,_Z,_Z,_Z,2014,A,USD,
3289.957586,P1Y,0,,A,PU,_Z,2,,,False,WB_WDI,WB_WDI_NY_GDP_PCAP_CD,MDA,_T,_T,_T,_Z,_Z,_Z,2014,A,USD,
195693.519541,P1Y,0,,A,PU,_Z,2,,,False,WB_WDI,WB_WDI_NY_GDP_PCAP_CD,MCO,_T,_T,_T,_Z,_Z,_Z,2014,A,USD,
4126.239758,P1Y,0,,A,PU,_Z,2,,,False,WB_WDI,WB_WDI_NY_GDP_PCAP_CD,MNG,_T,_T,_T,_Z,_Z,_Z,2014,A,USD,
7342.171474,P1Y,0,,A,PU,_Z,2,,,False,WB_WDI,WB_WDI_NY_GDP_PCAP_CD,MNE,_T,_T,_T,_Z,_Z,_Z,2014,A,USD,
2739.610769,P1Y,0,,A,PU,_Z,2,,,False,WB_WDI,WB_WDI_NY_GDP_PCAP_CD,BIH,_T,_T,_T,_Z,_Z,_Z,2005,A,USD,
5391.070766,P1Y,0,,A,PU,_Z,2,,,False,WB_WDI,WB_WDI_NY_GDP_PCAP_CD,BWA,_T,_T,_T,_Z,_Z,_Z,2005,A,USD,
4827.781731,P1Y,0,,A,PU,_Z,2,,,False,WB_WDI,WB_WDI_NY_GDP_PCAP_CD,BRA,_T,_T,_T,_Z,_Z,_Z,2005,A,USD,
29386.270382,P1Y,0,,A,PU,_Z,2,,,False,WB_WDI,WB_WDI_NY_GDP_PCAP_CD,BRN,_T,_T,_T,_Z,_Z,_Z,2005,A,USD,
3900.02502,P1Y,0,,A,PU,_Z,2,,,False,WB_WDI,WB_WDI_NY_GDP_PCAP_CD,BGR,_T,_T,_T,_Z,_Z,_Z,2005,A,USD,
441.164148,P1Y,0,,A,PU,_Z,2,,,False,WB_WDI,WB_WDI_NY_GDP_PCAP_CD,BFA,_T,_T,_T,_Z,_Z,_Z,2005,A,USD,
147.234619,P1Y,0,,A,PU,_Z,2,,,False,WB_WDI,WB_WDI_NY_GDP_PCAP_CD,BDI,_T,_T,_T,_Z,_Z,_Z,2005,A,USD,
2004.146804,P1Y,0,,A,PU,_Z,2,,,False,WB_WDI,WB_WDI_NY_GDP_PCAP_CD,CPV,_T,_T,_T,_Z,_Z,_Z,2005,A,USD,
525.797325,P1Y,0,,A,PU,_Z,2,,,False,WB_WDI,WB_WDI_NY_GDP_PCAP_CD,KHM,_T,_T,_T,_Z,_Z,_Z,2005,A,USD,
1142.624663,P1Y,0,,A,PU,_Z,2,,,False,WB_WDI,WB_WDI_NY_GDP_PCAP_CD,CMR,_T,_T,_T,_Z,_Z,_Z,2005,A,USD,
36383.967134,P1Y,0,,A,PU,_Z,2,,,False,WB_WDI,WB_WDI_NY_GDP_PCAP_CD,CAN,_T,_T,_T,_Z,_Z,_Z,2005,A,USD,
339.488738,P1Y,0,,A,PU,_Z,2,,,False,WB_WDI,WB_WDI_NY_GDP_PCAP_CD,MOZ,_T,_T,_T,_Z,_Z,_Z,2003,A,USD,
224.292689,P1Y,0,,A,PU,_Z,2,,,False,WB_WDI,WB_WDI_NY_GDP_PCAP_CD,MMR,_T,_T,_T,_Z,_Z,_Z,2003,A,USD,
2569.247393,P1Y,0,,A,PU,_Z,2,,,False,WB_WDI,WB_WDI_NY_GDP_PCAP_CD,NAM,_T,_T,_T,_Z,_Z,_Z,2003,A,USD,
2463.282591,P1Y,0,,A,PU,_Z,2,,,False,WB_WDI,WB_WDI_NY_GDP_PCAP_CD,NRU,_T,_T,_T,_Z,_Z,_Z,2003,A,USD,
246.429707,P1Y,0,,A,PU,_Z,2,,,False,WB_WDI,WB_WDI_NY_GDP_PCAP_CD,NPL,_T,_T,_T,_Z,_Z,_Z,2003,A,USD,
35896.750463,P1Y,0,,A,PU,_Z,2,,,False,WB_WDI,WB_WDI_NY_GDP_PCAP_CD,NLD,_T,_T,_T,_Z,_Z,_Z,2003,A,USD,
20768.106149,P1Y,0,,A,PU,_Z,2,,,False,WB_WDI,WB_WDI_NY_GDP_PCAP_CD,NCL,_T,_T,_T,_Z,_Z,_Z,2003,A,USD,
21913.708172,P1Y,0,,A,PU,_Z,2,,,False,WB_WDI,WB_WDI_NY_GDP_PCAP_CD,NZL,_T,_T,_T,_Z,_Z,_Z,2003,A,USD,
1021.352167,P1Y,0,,A,PU,_Z,2,,,False,WB_WDI,WB_WDI_NY_GDP_PCAP_CD,NIC,_T,_T,_T,_Z,_Z,_Z,2003,A,USD,
265.225363,P1Y,0,,A,PU,_Z,2,,,False,WB_WDI,WB_WDI_NY_GDP_PCAP_CD,NER,_T,_T,_T,_Z,_Z,_Z,2003,A,USD,
763.388745,P1Y,0,,A,PU,_Z,2,,,False,WB_WDI,WB_WDI_NY_GDP_PCAP_CD,NGA,_T,_T,_T,_Z,_Z,_Z,2003,A,USD,
2445.362864,P1Y,0,,A,PU,_Z,2,,,False,WB_WDI,WB_WDI_NY_GDP_PCAP_CD,MKD,_T,_T,_T,_Z,_Z,_Z,2003,A,USD,
18938.872839,P1Y,0,,A,PU,_Z,2,,,False,WB_WDI,WB_WDI_NY_GDP_PCAP_CD,MNP,_T,_T,_T,_Z,_Z,_Z,2003,A,USD,
1166.733055,P1Y,0,,A,PU,_Z,2,,,False,WB_WDI,WB_WDI_NY_GDP_PCAP_CD,MMR,_T,_T,_T,_Z,_Z,_Z,2015,A,USD,
4774.106509,P1Y,0,,A,PU,_Z,2,,,False,WB_WDI,WB_WDI_NY_GDP_PCAP_CD,NAM,_T,_T,_T,_Z,_Z,_Z,2015,A,USD,
7747.25585,P1Y,0,,A,PU,_Z,2,,,False,WB_WDI,WB_WDI_NY_GDP_PCAP_CD,NRU,_T,_T,_T,_Z,_Z,_Z,2015,A,USD,
875.543635,P1Y,0,,A,PU,_Z,2,,,False,WB_WDI,WB_WDI_NY_GDP_PCAP_CD,NPL,_T,_T,_T,_Z,_Z,_Z,2015,A,USD,
45793.813543,P1Y,0,,A,PU,_Z,2,,,False,WB_WDI,WB_WDI_NY_GDP_PCAP_CD,NLD,_T,_T,_T,_Z,_Z,_Z,2015,A,USD,
30858.723706,P1Y,0,,A,PU,_Z,2,,,False,WB_WDI,WB_WDI_NY_GDP_PCAP_CD,NCL,_T,_T,_T,_Z,_Z,_Z,2015,A,USD,
38648.730256,P1Y,0,,A,PU,_Z,2,,,False,WB_WDI,WB_WDI_NY_GDP_PCAP_CD,NZL,_T,_T,_T,_Z,_Z,_Z,2015,A,USD,
2074.456206,P1Y,0,,A,PU,_Z,2,,,False,WB_WDI,WB_WDI_NY_GDP_PCAP_CD,NIC,_T,_T,_T,_Z,_Z,_Z,2015,A,USD,
485.662574,P1Y,0,,A,PU,_Z,2,,,False,WB_WDI,WB_WDI_NY_GDP_PCAP_CD,NER,_T,_T,_T,_Z,_Z,_Z,2015,A,USD,
2585.733607,P1Y,0,,A,PU,_Z,2,,,False,WB_WDI,WB_WDI_NY_GDP_PCAP_CD,NGA,_T,_T,_T,_Z,_Z,_Z,2015,A,USD,
5262.686719,P1Y,0,,A,PU,_Z,2,,,False,WB_WDI,WB_WDI_NY_GDP_PCAP_CD,MKD,_T,_T,_T,_Z,_Z,_Z,2015,A,USD,
17665.100749,P1Y,0,,A,PU,_Z,2,,,False,WB_WDI,WB_WDI_NY_GDP_PCAP_CD,MNP,_T,_T,_T,_Z,_Z,_Z,2015,A,USD,
14261.843379,P1Y,0,,A,PU,_Z,2,,,False,WB_WDI,WB_WDI_NY_GDP_PCAP_CD,LTU,_T,_T,_T,_Z,_Z,_Z,2011,A,USD,
119025.057203,P1Y,0,,A,PU,_Z,2,,,False,WB_WDI,WB_WDI_NY_GDP_PCAP_CD,LUX,_T,_T,_T,_Z,_Z,_Z,2011,A,USD,
67046.728429,P1Y,0,,A,PU,_Z,2,,,False,WB_WDI,WB_WDI_NY_GDP_PCAP_CD,MAC,_T,_T,_T,_Z,_Z,_Z,2011,A,USD,
506.163692,P1Y,0,,A,PU,_Z,2,,,False,WB_WDI,WB_WDI_NY_GDP_PCAP_CD,MDG,_T,_T,_T,_Z,_Z,_Z,2011,A,USD,
763.061,P1Y,0,,A,PU,_Z,2,,,False,WB_WDI,WB_WDI_NY_GDP_PCAP_CD,MWI,_T,_T,_T,_Z,_Z,_Z,2011,A,USD,
10217.106859,P1Y,0,,A,PU,_Z,2,,,False,WB_WDI,WB_WDI_NY_GDP_PCAP_CD,MYS,_T,_T,_T,_Z,_Z,_Z,2011,A,USD,
7424.520411,P1Y,0,,A,PU,_Z,2,,,False,WB_WDI,WB_WDI_NY_GDP_PCAP_CD,MDV,_T,_T,_T,_Z,_Z,_Z,2011,A,USD,
938.292903,P1Y,0,,A,PU,_Z,2,,,False,WB_WDI,WB_WDI_NY_GDP_PCAP_CD,MLI,_T,_T,_T,_Z,_Z,_Z,2011,A,USD,
23516.972446,P1Y,0,,A,PU,_Z,2,,,False,WB_WDI,WB_WDI_NY_GDP_PCAP_CD,MLT,_T,_T,_T,_Z,_Z,_Z,2011,A,USD,
3319.398154,P1Y,0,,A,PU,_Z,2,,,False,WB_WDI,WB_WDI_NY_GDP_PCAP_CD,MHL,_T,_T,_T,_Z,_Z,_Z,2011,A,USD,
1931.199755,P1Y,0,,A,PU,_Z,2,,,False,WB_WDI,WB_WDI_NY_GDP_PCAP_CD,MRT,_T,_T,_T,_Z,_Z,_Z,2011,A,USD,
5274.605822,P1Y,0,,A,PU,_Z,2,,,False,WB_WDI,WB_WDI_NY_GDP_PCAP_CD,MDA,_T,_T,_T,_Z,_Z,_Z,2021,A,USD,
223823.327192,P1Y,0,,A,PU,_Z,2,,,False,WB_WDI,WB_WDI_NY_GDP_PCAP_CD,MCO,_T,_T,_T,_Z,_Z,_Z,2021,A,USD,
4517.61578,P1Y,0,,A,PU,_Z,2,,,False,WB_WDI,WB_WDI_NY_GDP_PCAP_CD,MNG,_T,_T,_T,_Z,_Z,_Z,2021,A,USD,
9315.864356,P1Y,0,,A,PU,_Z,2,,,False,WB_WDI,WB_WDI_NY_GDP_PCAP_CD,MNE,_T,_T,_T,_Z,_Z,_Z,2021,A,USD,
3785.936279,P1Y,0,,A,PU,_Z,2,,,False,WB_WDI,WB_WDI_NY_GDP_PCAP_CD,MAR,_T,_T,_T,_Z,_Z,_Z,2021,A,USD,
509.907829,P1Y,0,,A,PU,_Z,2,,,False,WB_WDI,WB_WDI_NY_GDP_PCAP_CD,MOZ,_T,_T,_T,_Z,_Z,_Z,2021,A,USD,
1242.721344,P1Y,0,,A,PU,_Z,2,,,False,WB_WDI,WB_WDI_NY_GDP_PCAP_CD,MMR,_T,_T,_T,_Z,_Z,_Z,2021,A,USD,
4412.835569,P1Y,0,,A,PU,_Z,2,,,False,WB_WDI,WB_WDI_NY_GDP_PCAP_CD,NAM,_T,_T,_T,_Z,_Z,_Z,2021,A,USD,
12748.170125,P1Y,0,,A,PU,_Z,2,,,False,WB_WDI,WB_WDI_NY_GDP_PCAP_CD,NRU,_T,_T,_T,_Z,_Z,_Z,2021,A,USD,
1252.750767,P1Y,0,,A,PU,_Z,2,,,False,WB_WDI,WB_WDI_NY_GDP_PCAP_CD,NPL,_T,_T,_T,_Z,_Z,_Z,2021,A,USD,
60141.988091,P1Y,0,,A,PU,_Z,2,,,False,WB_WDI,WB_WDI_NY_GDP_PCAP_CD,NLD,_T,_T,_T,_Z,_Z,_Z,2021,A,USD,
35311.554355,P1Y,0,,A,PU,_Z,2,,,False,WB_WDI,WB_WDI_NY_GDP_PCAP_CD,NCL,_T,_T,_T,_Z,_Z,_Z,2021,A,USD,
49902.154346,P1Y,0,,A,PU,_Z,2,,,False,WB_WDI,WB_WDI_NY_GDP_PCAP_CD,NZL,_T,_T,_T,_Z,_Z,_Z,2021,A,USD,
6026.515187,P1Y,0,,A,PU,_Z,2,,,False,WB_WDI,WB_WDI_NY_GDP_PCAP_CD,LBY,_T,_T,_T,_Z,_Z,_Z,2023,A,USD,
206780.590353,P1Y,0,,A,PU,_Z,2,,,False,WB_WDI,WB_WDI_NY_GDP_PCAP_CD,LIE,_T,_T,_T,_Z,_Z,_Z,2023,A,USD,
27983.365826,P1Y,0,,A,PU,_Z,2,,,False,WB_WDI,WB_WDI_NY_GDP_PCAP_CD,LTU,_T,_T,_T,_Z,_Z,_Z,2023,A,USD,
133230.619179,P1Y,0,,A,PU,_Z,2,,,False,WB_WDI,WB_WDI_NY_GDP_PCAP_CD,LUX,_T,_T,_T,_Z,_Z,_Z,2023,A,USD,
67216.363111,P1Y,0,,A,PU,_Z,2,,,False,WB_WDI,WB_WDI_NY_GDP_PCAP_CD,MAC,_T,_T,_T,_Z,_Z,_Z,2023,A,USD,
514.064077,P1Y,0,,A,PU,_Z,2,,,False,WB_WDI,WB_WDI_NY_GDP_PCAP_CD,MDG,_T,_T,_T,_Z,_Z,_Z,2023,A,USD,
633.214768,P1Y,0,,A,PU,_Z,2,,,False,WB_WDI,WB_WDI_NY_GDP_PCAP_CD,MWI,_T,_T,_T,_Z,_Z,_Z,2023,A,USD,
11386.039564,P1Y,0,,A,PU,_Z,2,,,False,WB_WDI,WB_WDI_NY_GDP_PCAP_CD,MYS,_T,_T,_T,_Z,_Z,_Z,2023,A,USD,
12587.612604,P1Y,0,,A,PU,_Z,2,,,False,WB_WDI,WB_WDI_NY_GDP_PCAP_CD,MDV,_T,_T,_T,_Z,_Z,_Z,2023,A,USD,
1042.442234,P1Y,0,,A,PU,_Z,2,,,False,WB_WDI,WB_WDI_NY_GDP_PCAP_CD,MLI,_T,_T,_T,_Z,_Z,_Z,2023,A,USD,
40932.523877,P1Y,0,,A,PU,_Z,2,,,False,WB_WDI,WB_WDI_NY_GDP_PCAP_CD,MLT,_T,_T,_T,_Z,_Z,_Z,2023,A,USD,
6799.392176,P1Y,0,,A,PU,_Z,2,,,False,WB_WDI,WB_WDI_NY_GDP_PCAP_CD,MHL,_T,_T,_T,_Z,_Z,_Z,2023,A,USD,
2127.957629,P1Y,0,,A,PU,_Z,2,,,False,WB_WDI,WB_WDI_NY_GDP_PCAP_CD,MRT,_T,_T,_T,_Z,_Z,_Z,2023,A,USD,
11269.968446,P1Y,0,,A,PU,_Z,2,,,False,WB_WDI,WB_WDI_NY_GDP_PCAP_CD,MUS,_T,_T,_T,_Z,_Z,_Z,2023,A,USD,
6971.326338,P1Y,0,,A,PU,_Z,2,,,False,WB_WDI,WB_WDI_NY_GDP_PCAP_CD,DMA,_T,_T,_T,_Z,_Z,_Z,2008,A,USD,
5023.585134,P1Y,0,,A,PU,_Z,2,,,False,WB_WDI,WB_WDI_NY_GDP_PCAP_CD,DOM,_T,_T,_T,_Z,_Z,_Z,2008,A,USD,
4194.757507,P1Y,0,,A,PU,_Z,2,,,False,WB_WDI,WB_WDI_NY_GDP_PCAP_CD,ECU,_T,_T,_T,_Z,_Z,_Z,2008,A,USD,
1896.215943,P1Y,0,,A,PU,_Z,2,,,False,WB_WDI,WB_WDI_NY_GDP_PCAP_CD,EGY,_T,_T,_T,_Z,_Z,_Z,2008,A,USD,
2983.248296,P1Y,0,,A,PU,_Z,2,,,False,WB_WDI,WB_WDI_NY_GDP_PCAP_CD,SLV,_T,_T,_T,_Z,_Z,_Z,2008,A,USD,
18210.555297,P1Y,0,,A,PU,_Z,2,,,False,WB_WDI,WB_WDI_NY_GDP_PCAP_CD,GNQ,_T,_T,_T,_Z,_Z,_Z,2008,A,USD,
490.066956,P1Y,0,,A,PU,_Z,2,,,False,WB_WDI,WB_WDI_NY_GDP_PCAP_CD,ERI,_T,_T,_T,_Z,_Z,_Z,2008,A,USD,
18205.906411,P1Y,0,,A,PU,_Z,2,,,False,WB_WDI,WB_WDI_NY_GDP_PCAP_CD,EST,_T,_T,_T,_Z,_Z,_Z,2008,A,USD,
2946.860661,P1Y,0,,A,PU,_Z,2,,,False,WB_WDI,WB_WDI_NY_GDP_PCAP_CD,SWZ,_T,_T,_T,_Z,_Z,_Z,2008,A,USD,
316.410475,P1Y,0,,A,PU,_Z,2,,,False,WB_WDI,WB_WDI_NY_GDP_PCAP_CD,ETH,_T,_T,_T,_Z,_Z,_Z,2008,A,USD,
51287.891108,P1Y,0,,A,PU,_Z,2,,,False,WB_WDI,WB_WDI_NY_GDP_PCAP_CD,FRO,_T,_T,_T,_Z,_Z,_Z,2008,A,USD,
3899.922315,P1Y,0,,A,PU,_Z,2,,,False,WB_WDI,WB_WDI_NY_GDP_PCAP_CD,FJI,_T,_T,_T,_Z,_Z,_Z,2008,A,USD,
8098.709557,P1Y,0,,A,PU,_Z,2,,,False,WB_WDI,WB_WDI_NY_GDP_PCAP_CD,SRB,_T,_T,_T,_Z,_Z,_Z,2020,A,USD,
14041.475407,P1Y,0,,A,PU,_Z,2,,,False,WB_WDI,WB_WDI_NY_GDP_PCAP_CD,SYC,_T,_T,_T,_Z,_Z,_Z,2020,A,USD,
845.277558,P1Y,0,,A,PU,_Z,2,,,False,WB_WDI,WB_WDI_NY_GDP_PCAP_CD,SLE,_T,_T,_T,_Z,_Z,_Z,2020,A,USD,
61772.503649,P1Y,0,,A,PU,_Z,2,,,False,WB_WDI,WB_WDI_NY_GDP_PCAP_CD,SGP,_T,_T,_T,_Z,_Z,_Z,2020,A,USD,
30150.899838,P1Y,0,,A,PU,_Z,2,,,False,WB_WDI,WB_WDI_NY_GDP_PCAP_CD,SXM,_T,_T,_T,_Z,_Z,_Z,2020,A,USD,
19735.485828,P1Y,0,,A,PU,_Z,2,,,False,WB_WDI,WB_WDI_NY_GDP_PCAP_CD,SVK,_T,_T,_T,_Z,_Z,_Z,2020,A,USD,
25392.065109,P1Y,0,,A,PU,_Z,2,,,False,WB_WDI,WB_WDI_NY_GDP_PCAP_CD,SVN,_T,_T,_T,_Z,_Z,_Z,2020,A,USD,
2063.32781,P1Y,0,,A,PU,_Z,2,,,False,WB_WDI,WB_WDI_NY_GDP_PCAP_CD,SLB,_T,_T,_T,_Z,_Z,_Z,2020,A,USD,
518.161133,P1Y,0,,A,PU,_Z,2,,,False,WB_WDI,WB_WDI_NY_GDP_PCAP_CD,SOM,_T,_T,_T,_Z,_Z,_Z,2020,A,USD,
5580.603831,P1Y,0,,A,PU,_Z,2,,,False,WB_WDI,WB_WDI_NY_GDP_PCAP_CD,ZAF,_T,_T,_T,_Z,_Z,_Z,2020,A,USD,
27233.942646,P1Y,0,,A,PU,_Z,2,,,False,WB_WDI,WB_WDI_NY_GDP_PCAP_CD,ESP,_T,_T,_T,_Z,_Z,_Z,2020,A,USD,
5250.972924,P1Y,0,,A,PU,_Z,2,,,False,WB_WDI,WB_WDI_NY_GDP_PCAP_CD,COL,_T,_T,_T,_Z,_Z,_Z,2009,A,USD,
1410.30517,P1Y,0,,A,PU,_Z,2,,,False,WB_WDI,WB_WDI_NY_GDP_PCAP_CD,COM,_T,_T,_T,_Z,_Z,_Z,2009,A,USD,
280.178991,P1Y,0,,A,PU,_Z,2,,,False,WB_WDI,WB_WDI_NY_GDP_PCAP_CD,COD,_T,_T,_T,_Z,_Z,_Z,2009,A,USD,
2271.152192,P1Y,0,,A,PU,_Z,2,,,False,WB_WDI,WB_WDI_NY_GDP_PCAP_CD,COG,_T,_T,_T,_Z,_Z,_Z,2009,A,USD,
6832.698282,P1Y,0,,A,PU,_Z,2,,,False,WB_WDI,WB_WDI_NY_GDP_PCAP_CD,CRI,_T,_T,_T,_Z,_Z,_Z,2009,A,USD,
1540.453936,P1Y,0,,A,PU,_Z,2,,,False,WB_WDI,WB_WDI_NY_GDP_PCAP_CD,CIV,_T,_T,_T,_Z,_Z,_Z,2009,A,USD,
14474.525139,P1Y,0,,A,PU,_Z,2,,,False,WB_WDI,WB_WDI_NY_GDP_PCAP_CD,HRV,_T,_T,_T,_Z,_Z,_Z,2009,A,USD,
5089.235198,P1Y,0,,A,PU,_Z,2,,,False,WB_WDI,WB_WDI_NY_GDP_PCAP_CD,CUB,_T,_T,_T,_Z,_Z,_Z,2009,A,USD,
19540.247658,P1Y,0,,A,PU,_Z,2,,,False,WB_WDI,WB_WDI_NY_GDP_PCAP_CD,CUW,_T,_T,_T,_Z,_Z,_Z,2009,A,USD,
32236.462891,P1Y,0,,A,PU,_Z,2,,,False,WB_WDI,WB_WDI_NY_GDP_PCAP_CD,CYP,_T,_T,_T,_Z,_Z,_Z,2009,A,USD,
19817.421584,P1Y,0,,A,PU,_Z,2,,,False,WB_WDI,WB_WDI_NY_GDP_PCAP_CD,CZE,_T,_T,_T,_Z,_Z,_Z,2009,A,USD,
58412.747236,P1Y,0,,A,PU,_Z,2,,,False,WB_WDI,WB_WDI_NY_GDP_PCAP_CD,DNK,_T,_T,_T,_Z,_Z,_Z,2009,A,USD,
2715.268737,P1Y,0,,A,PU,_Z,2,,,False,WB_WDI,WB_WDI_NY_GDP_PCAP_CD,FSM,_T,_T,_T,_Z,_Z,_Z,2010,A,USD,
2436.799351,P1Y,0,,A,PU,_Z,2,,,False,WB_WDI,WB_WDI_NY_GDP_PCAP_CD,MDA,_T,_T,_T,_Z,_Z,_Z,2010,A,USD,
161853.922745,P1Y,0,,A,PU,_Z,2,,,False,WB_WDI,WB_WDI_NY_GDP_PCAP_CD,MCO,_T,_T,_T,_Z,_Z,_Z,2010,A,USD,
2625.218814,P1Y,0,,A,PU,_Z,2,,,False,WB_WDI,WB_WDI_NY_GDP_PCAP_CD,MNG,_T,_T,_T,_Z,_Z,_Z,2010,A,USD,
6678.639396,P1Y,0,,A,PU,_Z,2,,,False,WB_WDI,WB_WDI_NY_GDP_PCAP_CD,MNE,_T,_T,_T,_Z,_Z,_Z,2010,A,USD,
3067.985352,P1Y,0,,A,PU,_Z,2,,,False,WB_WDI,WB_WDI_NY_GDP_PCAP_CD,MAR,_T,_T,_T,_Z,_Z,_Z,2010,A,USD,
496.185839,P1Y,0,,A,PU,_Z,2,,,False,WB_WDI,WB_WDI_NY_GDP_PCAP_CD,MOZ,_T,_T,_T,_Z,_Z,_Z,2010,A,USD,
1010.534173,P1Y,0,,A,PU,_Z,2,,,False,WB_WDI,WB_WDI_NY_GDP_PCAP_CD,MMR,_T,_T,_T,_Z,_Z,_Z,2010,A,USD,
5418.216334,P1Y,0,,A,PU,_Z,2,,,False,WB_WDI,WB_WDI_NY_GDP_PCAP_CD,NAM,_T,_T,_T,_Z,_Z,_Z,2010,A,USD,
4735.920005,P1Y,0,,A,PU,_Z,2,,,False,WB_WDI,WB_WDI_NY_GDP_PCAP_CD,NRU,_T,_T,_T,_Z,_Z,_Z,2010,A,USD,
585.278492,P1Y,0,,A,PU,_Z,2,,,False,WB_WDI,WB_WDI_NY_GDP_PCAP_CD,NPL,_T,_T,_T,_Z,_Z,_Z,2010,A,USD,
77220.952431,P1Y,0,,A,PU,_Z,2,,,False,WB_WDI,WB_WDI_NY_GDP_PCAP_CD,NOR,_T,_T,_T,_Z,_Z,_Z,2015,A,USD,
18808.307792,P1Y,0,,A,PU,_Z,2,,,False,WB_WDI,WB_WDI_NY_GDP_PCAP_CD,OMN,_T,_T,_T,_Z,_Z,_Z,2015,A,USD,
1380.470208,P1Y,0,,A,PU,_Z,2,,,False,WB_WDI,WB_WDI_NY_GDP_PCAP_CD,PAK,_T,_T,_T,_Z,_Z,_Z,2015,A,USD,
15938.365222,P1Y,0,,A,PU,_Z,2,,,False,WB_WDI,WB_WDI_NY_GDP_PCAP_CD,PLW,_T,_T,_T,_Z,_Z,_Z,2015,A,USD,
14082.65485,P1Y,0,,A,PU,_Z,2,,,False,WB_WDI,WB_WDI_NY_GDP_PCAP_CD,PAN,_T,_T,_T,_Z,_Z,_Z,2015,A,USD,
2484.59634,P1Y,0,,A,PU,_Z,2,,,False,WB_WDI,WB_WDI_NY_GDP_PCAP_CD,PNG,_T,_T,_T,_Z,_Z,_Z,2015,A,USD,
5879.337923,P1Y,0,,A,PU,_Z,2,,,False,WB_WDI,WB_WDI_NY_GDP_PCAP_CD,PRY,_T,_T,_T,_Z,_Z,_Z,2015,A,USD,
6231.711503,P1Y,0,,A,PU,_Z,2,,,False,WB_WDI,WB_WDI_NY_GDP_PCAP_CD,PER,_T,_T,_T,_Z,_Z,_Z,2015,A,USD,
2909.85818,P1Y,0,,A,PU,_Z,2,,,False,WB_WDI,WB_WDI_NY_GDP_PCAP_CD,PHL,_T,_T,_T,_Z,_Z,_Z,2015,A,USD,
12637.522032,P1Y,0,,A,PU,_Z,2,,,False,WB_WDI,WB_WDI_NY_GDP_PCAP_CD,POL,_T,_T,_T,_Z,_Z,_Z,2015,A,USD,
2962.702346,P1Y,0,,A,PU,_Z,2,,,False,WB_WDI,WB_WDI_NY_GDP_PCAP_CD,ARM,_T,_T,_T,_Z,_Z,_Z,2007,A,USD,
26736.308944,P1Y,0,,A,PU,_Z,2,,,False,WB_WDI,WB_WDI_NY_GDP_PCAP_CD,ABW,_T,_T,_T,_Z,_Z,_Z,2007,A,USD,
41128.247662,P1Y,0,,A,PU,_Z,2,,,False,WB_WDI,WB_WDI_NY_GDP_PCAP_CD,AUS,_T,_T,_T,_Z,_Z,_Z,2007,A,USD,
46622.962291,P1Y,0,,A,PU,_Z,2,,,False,WB_WDI,WB_WDI_NY_GDP_PCAP_CD,AUT,_T,_T,_T,_Z,_Z,_Z,2007,A,USD,
3851.330152,P1Y,0,,A,PU,_Z,2,,,False,WB_WDI,WB_WDI_NY_GDP_PCAP_CD,AZE,_T,_T,_T,_Z,_Z,_Z,2007,A,USD,
30051.848959,P1Y,0,,A,PU,_Z,2,,,False,WB_WDI,WB_WDI_NY_GDP_PCAP_CD,BHS,_T,_T,_T,_Z,_Z,_Z,2007,A,USD,
20908.404255,P1Y,0,,A,PU,_Z,2,,,False,WB_WDI,WB_WDI_NY_GDP_PCAP_CD,BHR,_T,_T,_T,_Z,_Z,_Z,2007,A,USD,
537.955493,P1Y,0,,A,PU,_Z,2,,,False,WB_WDI,WB_WDI_NY_GDP_PCAP_CD,BGD,_T,_T,_T,_Z,_Z,_Z,2007,A,USD,
17235.439643,P1Y,0,,A,PU,_Z,2,,,False,WB_WDI,WB_WDI_NY_GDP_PCAP_CD,BRB,_T,_T,_T,_Z,_Z,_Z,2007,A,USD,
4735.481076,P1Y,0,,A,PU,_Z,2,,,False,WB_WDI,WB_WDI_NY_GDP_PCAP_CD,BLR,_T,_T,_T,_Z,_Z,_Z,2007,A,USD,
44319.165449,P1Y,0,,A,PU,_Z,2,,,False,WB_WDI,WB_WDI_NY_GDP_PCAP_CD,BEL,_T,_T,_T,_Z,_Z,_Z,2007,A,USD,
109419.746953,P1Y,0,,A,PU,_Z,2,,,False,WB_WDI,WB_WDI_NY_GDP_PCAP_CD,LUX,_T,_T,_T,_Z,_Z,_Z,2009,A,USD,
40354.281029,P1Y,0,,A,PU,_Z,2,,,False,WB_WDI,WB_WDI_NY_GDP_PCAP_CD,MAC,_T,_T,_T,_Z,_Z,_Z,2009,A,USD,
446.315238,P1Y,0,,A,PU,_Z,2,,,False,WB_WDI,WB_WDI_NY_GDP_PCAP_CD,MDG,_T,_T,_T,_Z,_Z,_Z,2009,A,USD,
625.86973,P1Y,0,,A,PU,_Z,2,,,False,WB_WDI,WB_WDI_NY_GDP_PCAP_CD,MWI,_T,_T,_T,_Z,_Z,_Z,2009,A,USD,
7191.432872,P1Y,0,,A,PU,_Z,2,,,False,WB_WDI,WB_WDI_NY_GDP_PCAP_CD,MYS,_T,_T,_T,_Z,_Z,_Z,2009,A,USD,
6734.031656,P1Y,0,,A,PU,_Z,2,,,False,WB_WDI,WB_WDI_NY_GDP_PCAP_CD,MDV,_T,_T,_T,_Z,_Z,_Z,2009,A,USD,
787.482564,P1Y,0,,A,PU,_Z,2,,,False,WB_WDI,WB_WDI_NY_GDP_PCAP_CD,MLI,_T,_T,_T,_Z,_Z,_Z,2009,A,USD,
21261.54287,P1Y,0,,A,PU,_Z,2,,,False,WB_WDI,WB_WDI_NY_GDP_PCAP_CD,MLT,_T,_T,_T,_Z,_Z,_Z,2009,A,USD,
2906.63027,P1Y,0,,A,PU,_Z,2,,,False,WB_WDI,WB_WDI_NY_GDP_PCAP_CD,MHL,_T,_T,_T,_Z,_Z,_Z,2009,A,USD,
1435.430108,P1Y,0,,A,PU,_Z,2,,,False,WB_WDI,WB_WDI_NY_GDP_PCAP_CD,MRT,_T,_T,_T,_Z,_Z,_Z,2009,A,USD,
7426.861373,P1Y,0,,A,PU,_Z,2,,,False,WB_WDI,WB_WDI_NY_GDP_PCAP_CD,MUS,_T,_T,_T,_Z,_Z,_Z,2009,A,USD,
13712.707794,P1Y,0,,A,PU,_Z,2,,,False,WB_WDI,WB_WDI_NY_GDP_PCAP_CD,CEB,_T,_T,_T,_Z,_Z,_Z,2013,A,USD,
3332.304075,P1Y,0,,A,PU,_Z,2,,,False,WB_WDI,WB_WDI_NY_GDP_PCAP_CD,EAR,_T,_T,_T,_Z,_Z,_Z,2013,A,USD,
9580.350948,P1Y,0,,A,PU,_Z,2,,,False,WB_WDI,WB_WDI_NY_GDP_PCAP_CD,EAS,_T,_T,_T,_Z,_Z,_Z,2013,A,USD,
5952.821487,P1Y,0,,A,PU,_Z,2,,,False,WB_WDI,WB_WDI_NY_GDP_PCAP_CD,EAP,_T,_T,_T,_Z,_Z,_Z,2013,A,USD,
6020.778215,P1Y,0,,A,PU,_Z,2,,,False,WB_WDI,WB_WDI_NY_GDP_PCAP_CD,TEA,_T,_T,_T,_Z,_Z,_Z,2013,A,USD,
38455.05659,P1Y,0,,A,PU,_Z,2,,,False,WB_WDI,WB_WDI_NY_GDP_PCAP_CD,EMU,_T,_T,_T,_Z,_Z,_Z,2013,A,USD,
26236.285428,P1Y,0,,A,PU,_Z,2,,,False,WB_WDI,WB_WDI_NY_GDP_PCAP_CD,ECS,_T,_T,_T,_Z,_Z,_Z,2013,A,USD,
7707.279553,P1Y,0,,A,PU,_Z,2,,,False,WB_WDI,WB_WDI_NY_GDP_PCAP_CD,ECA,_T,_T,_T,_Z,_Z,_Z,2013,A,USD,
10986.395432,P1Y,0,,A,PU,_Z,2,,,False,WB_WDI,WB_WDI_NY_GDP_PCAP_CD,TEC,_T,_T,_T,_Z,_Z,_Z,2013,A,USD,
34804.735924,P1Y,0,,A,PU,_Z,2,,,False,WB_WDI,WB_WDI_NY_GDP_PCAP_CD,EUU,_T,_T,_T,_Z,_Z,_Z,2013,A,USD,
961.217622,P1Y,0,,A,PU,_Z,2,,,False,WB_WDI,WB_WDI_NY_GDP_PCAP_CD,HPC,_T,_T,_T,_Z,_Z,_Z,2013,A,USD,
39099.882405,P1Y,0,,A,PU,_Z,2,,,False,WB_WDI,WB_WDI_NY_GDP_PCAP_CD,HIC,_T,_T,_T,_Z,_Z,_Z,2013,A,USD,
5846.259663,P1Y,0,,A,PU,_Z,2,,,False,WB_WDI,WB_WDI_NY_GDP_PCAP_CD,IBD,_T,_T,_T,_Z,_Z,_Z,2013,A,USD,
412.753079,P1Y,0,,A,PU,_Z,2,,,False,WB_WDI,WB_WDI_NY_GDP_PCAP_CD,ERI,_T,_T,_T,_Z,_Z,_Z,2005,A,USD,
10414.638118,P1Y,0,,A,PU,_Z,2,,,False,WB_WDI,WB_WDI_NY_GDP_PCAP_CD,EST,_T,_T,_T,_Z,_Z,_Z,2005,A,USD,
2871.068774,P1Y,0,,A,PU,_Z,2,,,False,WB_WDI,WB_WDI_NY_GDP_PCAP_CD,SWZ,_T,_T,_T,_Z,_Z,_Z,2005,A,USD,
158.243458,P1Y,0,,A,PU,_Z,2,,,False,WB_WDI,WB_WDI_NY_GDP_PCAP_CD,ETH,_T,_T,_T,_Z,_Z,_Z,2005,A,USD,
36389.081644,P1Y,0,,A,PU,_Z,2,,,False,WB_WDI,WB_WDI_NY_GDP_PCAP_CD,FRO,_T,_T,_T,_Z,_Z,_Z,2005,A,USD,
3377.69127,P1Y,0,,A,PU,_Z,2,,,False,WB_WDI,WB_WDI_NY_GDP_PCAP_CD,FJI,_T,_T,_T,_Z,_Z,_Z,2005,A,USD,
39049.870378,P1Y,0,,A,PU,_Z,2,,,False,WB_WDI,WB_WDI_NY_GDP_PCAP_CD,FIN,_T,_T,_T,_Z,_Z,_Z,2005,A,USD,
34696.371832,P1Y,0,,A,PU,_Z,2,,,False,WB_WDI,WB_WDI_NY_GDP_PCAP_CD,FRA,_T,_T,_T,_Z,_Z,_Z,2005,A,USD,
21984.193623,P1Y,0,,A,PU,_Z,2,,,False,WB_WDI,WB_WDI_NY_GDP_PCAP_CD,PYF,_T,_T,_T,_Z,_Z,_Z,2005,A,USD,
6547.87614,P1Y,0,,A,PU,_Z,2,,,False,WB_WDI,WB_WDI_NY_GDP_PCAP_CD,GAB,_T,_T,_T,_Z,_Z,_Z,2005,A,USD,
616.483658,P1Y,0,,A,PU,_Z,2,,,False,WB_WDI,WB_WDI_NY_GDP_PCAP_CD,GMB,_T,_T,_T,_Z,_Z,_Z,2005,A,USD,
1642.783594,P1Y,0,,A,PU,_Z,2,,,False,WB_WDI,WB_WDI_NY_GDP_PCAP_CD,GEO,_T,_T,_T,_Z,_Z,_Z,2005,A,USD,
1159.856567,P1Y,0,,A,PU,_Z,2,,,False,WB_WDI,WB_WDI_NY_GDP_PCAP_CD,TZA,_T,_T,_T,_Z,_Z,_Z,2021,A,USD,
7055.187607,P1Y,0,,A,PU,_Z,2,,,False,WB_WDI,WB_WDI_NY_GDP_PCAP_CD,THA,_T,_T,_T,_Z,_Z,_Z,2021,A,USD,
2684.926737,P1Y,0,,A,PU,_Z,2,,,False,WB_WDI,WB_WDI_NY_GDP_PCAP_CD,TLS,_T,_T,_T,_Z,_Z,_Z,2021,A,USD,
1076.295201,P1Y,0,,A,PU,_Z,2,,,False,WB_WDI,WB_WDI_NY_GDP_PCAP_CD,TGO,_T,_T,_T,_Z,_Z,_Z,2021,A,USD,
4922.801586,P1Y,0,,A,PU,_Z,2,,,False,WB_WDI,WB_WDI_NY_GDP_PCAP_CD,TON,_T,_T,_T,_Z,_Z,_Z,2021,A,USD,
17712.56741,P1Y,0,,A,PU,_Z,2,,,False,WB_WDI,WB_WDI_NY_GDP_PCAP_CD,TTO,_T,_T,_T,_Z,_Z,_Z,2021,A,USD,
3906.939263,P1Y,0,,A,PU,_Z,2,,,False,WB_WDI,WB_WDI_NY_GDP_PCAP_CD,TUN,_T,_T,_T,_Z,_Z,_Z,2021,A,USD,
9981.763984,P1Y,0,,A,PU,_Z,2,,,False,WB_WDI,WB_WDI_NY_GDP_PCAP_CD,TUR,_T,_T,_T,_Z,_Z,_Z,2021,A,USD,
3713.201132,P1Y,0,,A,PU,_Z,2,,,False,WB_WDI,WB_WDI_NY_GDP_PCAP_CD,TKM,_T,_T,_T,_Z,_Z,_Z,2021,A,USD,
27329.288509,P1Y,0,,A,PU,_Z,2,,,False,WB_WDI,WB_WDI_NY_GDP_PCAP_CD,TCA,_T,_T,_T,_Z,_Z,_Z,2021,A,USD,
5905.081981,P1Y,0,,A,PU,_Z,2,,,False,WB_WDI,WB_WDI_NY_GDP_PCAP_CD,TUV,_T,_T,_T,_Z,_Z,_Z,2021,A,USD,
882.791718,P1Y,0,,A,PU,_Z,2,,,False,WB_WDI,WB_WDI_NY_GDP_PCAP_CD,UGA,_T,_T,_T,_Z,_Z,_Z,2021,A,USD,
5843.533768,P1Y,0,,A,PU,_Z,2,,,False,WB_WDI,WB_WDI_NY_GDP_PCAP_CD,AZE,_T,_T,_T,_Z,_Z,_Z,2010,A,USD,
27473.100431,P1Y,0,,A,PU,_Z,2,,,False,WB_WDI,WB_WDI_NY_GDP_PCAP_CD,BHS,_T,_T,_T,_Z,_Z,_Z,2010,A,USD,
21819.32911,P1Y,0,,A,PU,_Z,2,,,False,WB_WDI,WB_WDI_NY_GDP_PCAP_CD,BHR,_T,_T,_T,_Z,_Z,_Z,2010,A,USD,
757.38528,P1Y,0,,A,PU,_Z,2,,,False,WB_WDI,WB_WDI_NY_GDP_PCAP_CD,BGD,_T,_T,_T,_Z,_Z,_Z,2010,A,USD,
19723.238193,P1Y,0,,A,PU,_Z,2,,,False,WB_WDI,WB_WDI_NY_GDP_PCAP_CD,BRB,_T,_T,_T,_Z,_Z,_Z,2010,A,USD,
6034.678852,P1Y,0,,A,PU,_Z,2,,,False,WB_WDI,WB_WDI_NY_GDP_PCAP_CD,BLR,_T,_T,_T,_Z,_Z,_Z,2010,A,USD,
44197.393671,P1Y,0,,A,PU,_Z,2,,,False,WB_WDI,WB_WDI_NY_GDP_PCAP_CD,BEL,_T,_T,_T,_Z,_Z,_Z,2010,A,USD,
5461.40736,P1Y,0,,A,PU,_Z,2,,,False,WB_WDI,WB_WDI_NY_GDP_PCAP_CD,BLZ,_T,_T,_T,_Z,_Z,_Z,2010,A,USD,
973.244255,P1Y,0,,A,PU,_Z,2,,,False,WB_WDI,WB_WDI_NY_GDP_PCAP_CD,BEN,_T,_T,_T,_Z,_Z,_Z,2010,A,USD,
104111.824245,P1Y,0,,A,PU,_Z,2,,,False,WB_WDI,WB_WDI_NY_GDP_PCAP_CD,BMU,_T,_T,_T,_Z,_Z,_Z,2010,A,USD,
2435.579806,P1Y,0,,A,PU,_Z,2,,,False,WB_WDI,WB_WDI_NY_GDP_PCAP_CD,BTN,_T,_T,_T,_Z,_Z,_Z,2010,A,USD,
47394.87345,P1Y,0,,A,PU,_Z,2,,,False,WB_WDI,WB_WDI_NY_GDP_PCAP_CD,DEU,_T,_T,_T,_Z,_Z,_Z,2020,A,USD,
2195.454817,P1Y,0,,A,PU,_Z,2,,,False,WB_WDI,WB_WDI_NY_GDP_PCAP_CD,GHA,_T,_T,_T,_Z,_Z,_Z,2020,A,USD,
17886.733165,P1Y,0,,A,PU,_Z,2,,,False,WB_WDI,WB_WDI_NY_GDP_PCAP_CD,GRC,_T,_T,_T,_Z,_Z,_Z,2020,A,USD,
54812.666177,P1Y,0,,A,PU,_Z,2,,,False,WB_WDI,WB_WDI_NY_GDP_PCAP_CD,GRL,_T,_T,_T,_Z,_Z,_Z,2020,A,USD,
8968.558901,P1Y,0,,A,PU,_Z,2,,,False,WB_WDI,WB_WDI_NY_GDP_PCAP_CD,GRD,_T,_T,_T,_Z,_Z,_Z,2020,A,USD,
36482.936395,P1Y,0,,A,PU,_Z,2,,,False,WB_WDI,WB_WDI_NY_GDP_PCAP_CD,GUM,_T,_T,_T,_Z,_Z,_Z,2020,A,USD,
4477.61785,P1Y,0,,A,PU,_Z,2,,,False,WB_WDI,WB_WDI_NY_GDP_PCAP_CD,GTM,_T,_T,_T,_Z,_Z,_Z,2020,A,USD,
1053.660977,P1Y,0,,A,PU,_Z,2,,,False,WB_WDI,WB_WDI_NY_GDP_PCAP_CD,GIN,_T,_T,_T,_Z,_Z,_Z,2020,A,USD,
846.918135,P1Y,0,,A,PU,_Z,2,,,False,WB_WDI,WB_WDI_NY_GDP_PCAP_CD,GNB,_T,_T,_T,_Z,_Z,_Z,2020,A,USD,
6775.709391,P1Y,0,,A,PU,_Z,2,,,False,WB_WDI,WB_WDI_NY_GDP_PCAP_CD,GUY,_T,_T,_T,_Z,_Z,_Z,2020,A,USD,
1290.325387,P1Y,0,,A,PU,_Z,2,,,False,WB_WDI,WB_WDI_NY_GDP_PCAP_CD,HTI,_T,_T,_T,_Z,_Z,_Z,2020,A,USD,
2307.614943,P1Y,0,,A,PU,_Z,2,,,False,WB_WDI,WB_WDI_NY_GDP_PCAP_CD,HND,_T,_T,_T,_Z,_Z,_Z,2020,A,USD,
660.212052,P1Y,0,,A,PU,_Z,2,,,False,WB_WDI,WB_WDI_NY_GDP_PCAP_CD,COD,_T,_T,_T,_Z,_Z,_Z,2023,A,USD,
2477.978455,P1Y,0,,A,PU,_Z,2,,,False,WB_WDI,WB_WDI_NY_GDP_PCAP_CD,COG,_T,_T,_T,_Z,_Z,_Z,2023,A,USD,
17140.77143,P1Y,0,,A,PU,_Z,2,,,False,WB_WDI,WB_WDI_NY_GDP_PCAP_CD,CRI,_T,_T,_T,_Z,_Z,_Z,2023,A,USD,
2591.965905,P1Y,0,,A,PU,_Z,2,,,False,WB_WDI,WB_WDI_NY_GDP_PCAP_CD,CIV,_T,_T,_T,_Z,_Z,_Z,2023,A,USD,
22183.498226,P1Y,0,,A,PU,_Z,2,,,False,WB_WDI,WB_WDI_NY_GDP_PCAP_CD,HRV,_T,_T,_T,_Z,_Z,_Z,2023,A,USD,
21217.810917,P1Y,0,,A,PU,_Z,2,,,False,WB_WDI,WB_WDI_NY_GDP_PCAP_CD,CUW,_T,_T,_T,_Z,_Z,_Z,2023,A,USD,
36623.707031,P1Y,0,,A,PU,_Z,2,,,False,WB_WDI,WB_WDI_NY_GDP_PCAP_CD,CYP,_T,_T,_T,_Z,_Z,_Z,2023,A,USD,
31761.59441,P1Y,0,,A,PU,_Z,2,,,False,WB_WDI,WB_WDI_NY_GDP_PCAP_CD,CZE,_T,_T,_T,_Z,_Z,_Z,2023,A,USD,
68043.546697,P1Y,0,,A,PU,_Z,2,,,False,WB_WDI,WB_WDI_NY_GDP_PCAP_CD,DNK,_T,_T,_T,_Z,_Z,_Z,2023,A,USD,
3381.297797,P1Y,0,,A,PU,_Z,2,,,False,WB_WDI,WB_WDI_NY_GDP_PCAP_CD,DJI,_T,_T,_T,_Z,_Z,_Z,2023,A,USD,
9912.962128,P1Y,0,,A,PU,_Z,2,,,False,WB_WDI,WB_WDI_NY_GDP_PCAP_CD,DMA,_T,_T,_T,_Z,_Z,_Z,2023,A,USD,
10630.431744,P1Y,0,,A,PU,_Z,2,,,False,WB_WDI,WB_WDI_NY_GDP_PCAP_CD,DOM,_T,_T,_T,_Z,_Z,_Z,2023,A,USD,
1523.684371,P1Y,0,,A,PU,_Z,2,,,False,WB_WDI,WB_WDI_NY_GDP_PCAP_CD,NIC,_T,_T,_T,_Z,_Z,_Z,2008,A,USD,
475.044955,P1Y,0,,A,PU,_Z,2,,,False,WB_WDI,WB_WDI_NY_GDP_PCAP_CD,NER,_T,_T,_T,_Z,_Z,_Z,2008,A,USD,
2154.105435,P1Y,0,,A,PU,_Z,2,,,False,WB_WDI,WB_WDI_NY_GDP_PCAP_CD,NGA,_T,_T,_T,_Z,_Z,_Z,2008,A,USD,
5026.420299,P1Y,0,,A,PU,_Z,2,,,False,WB_WDI,WB_WDI_NY_GDP_PCAP_CD,MKD,_T,_T,_T,_Z,_Z,_Z,2008,A,USD,
16430.446194,P1Y,0,,A,PU,_Z,2,,,False,WB_WDI,WB_WDI_NY_GDP_PCAP_CD,MNP,_T,_T,_T,_Z,_Z,_Z,2008,A,USD,
99001.530068,P1Y,0,,A,PU,_Z,2,,,False,WB_WDI,WB_WDI_NY_GDP_PCAP_CD,NOR,_T,_T,_T,_Z,_Z,_Z,2008,A,USD,
26576.779242,P1Y,0,,A,PU,_Z,2,,,False,WB_WDI,WB_WDI_NY_GDP_PCAP_CD,OMN,_T,_T,_T,_Z,_Z,_Z,2008,A,USD,
1067.043246,P1Y,0,,A,PU,_Z,2,,,False,WB_WDI,WB_WDI_NY_GDP_PCAP_CD,PAK,_T,_T,_T,_Z,_Z,_Z,2008,A,USD,
10471.151001,P1Y,0,,A,PU,_Z,2,,,False,WB_WDI,WB_WDI_NY_GDP_PCAP_CD,PLW,_T,_T,_T,_Z,_Z,_Z,2008,A,USD,
7347.590503,P1Y,0,,A,PU,_Z,2,,,False,WB_WDI,WB_WDI_NY_GDP_PCAP_CD,PAN,_T,_T,_T,_Z,_Z,_Z,2008,A,USD,
1624.793199,P1Y,0,,A,PU,_Z,2,,,False,WB_WDI,WB_WDI_NY_GDP_PCAP_CD,PNG,_T,_T,_T,_Z,_Z,_Z,2008,A,USD,
4384.954694,P1Y,0,,A,PU,_Z,2,,,False,WB_WDI,WB_WDI_NY_GDP_PCAP_CD,PRY,_T,_T,_T,_Z,_Z,_Z,2008,A,USD,
6651.158221,P1Y,0,,A,PU,_Z,2,,,False,WB_WDI,WB_WDI_NY_GDP_PCAP_CD,LAC,_T,_T,_T,_Z,_Z,_Z,2020,A,USD,
6965.150531,P1Y,0,,A,PU,_Z,2,,,False,WB_WDI,WB_WDI_NY_GDP_PCAP_CD,TLA,_T,_T,_T,_Z,_Z,_Z,2020,A,USD,
1089.462609,P1Y,0,,A,PU,_Z,2,,,False,WB_WDI,WB_WDI_NY_GDP_PCAP_CD,LDC,_T,_T,_T,_Z,_Z,_Z,2020,A,USD,
4646.472091,P1Y,0,,A,PU,_Z,2,,,False,WB_WDI,WB_WDI_NY_GDP_PCAP_CD,LMY,_T,_T,_T,_Z,_Z,_Z,2020,A,USD,
645.138571,P1Y,0,,A,PU,_Z,2,,,False,WB_WDI,WB_WDI_NY_GDP_PCAP_CD,LIC,_T,_T,_T,_Z,_Z,_Z,2020,A,USD,
1996.976955,P1Y,0,,A,PU,_Z,2,,,False,WB_WDI,WB_WDI_NY_GDP_PCAP_CD,LMC,_T,_T,_T,_Z,_Z,_Z,2020,A,USD,
4749.143413,P1Y,0,,A,PU,_Z,2,,,False,WB_WDI,WB_WDI_NY_GDP_PCAP_CD,MEA,_T,_T,_T,_Z,_Z,_Z,2020,A,USD,
2415.262545,P1Y,0,,A,PU,_Z,2,,,False,WB_WDI,WB_WDI_NY_GDP_PCAP_CD,MNA,_T,_T,_T,_Z,_Z,_Z,2020,A,USD,
2409.547291,P1Y,0,,A,PU,_Z,2,,,False,WB_WDI,WB_WDI_NY_GDP_PCAP_CD,TMN,_T,_T,_T,_Z,_Z,_Z,2020,A,USD,
5110.0373,P1Y,0,,A,PU,_Z,2,,,False,WB_WDI,WB_WDI_NY_GDP_PCAP_CD,MIC,_T,_T,_T,_Z,_Z,_Z,2020,A,USD,
62319.867134,P1Y,0,,A,PU,_Z,2,,,False,WB_WDI,WB_WDI_NY_GDP_PCAP_CD,NAC,_T,_T,_T,_Z,_Z,_Z,2020,A,USD,
38947.566991,P1Y,0,,A,PU,_Z,2,,,False,WB_WDI,WB_WDI_NY_GDP_PCAP_CD,OED,_T,_T,_T,_Z,_Z,_Z,2020,A,USD,
11772.094696,P1Y,0,,A,PU,_Z,2,,,False,WB_WDI,WB_WDI_NY_GDP_PCAP_CD,OSS,_T,_T,_T,_Z,_Z,_Z,2020,A,USD,
148842.035144,P1Y,0,,A,PU,_Z,2,,,False,WB_WDI,WB_WDI_NY_GDP_PCAP_CD,LIE,_T,_T,_T,_Z,_Z,_Z,2012,A,USD,
14288.185349,P1Y,0,,A,PU,_Z,2,,,False,WB_WDI,WB_WDI_NY_GDP_PCAP_CD,LTU,_T,_T,_T,_Z,_Z,_Z,2012,A,USD,
112584.676271,P1Y,0,,A,PU,_Z,2,,,False,WB_WDI,WB_WDI_NY_GDP_PCAP_CD,LUX,_T,_T,_T,_Z,_Z,_Z,2012,A,USD,
76058.022496,P1Y,0,,A,PU,_Z,2,,,False,WB_WDI,WB_WDI_NY_GDP_PCAP_CD,MAC,_T,_T,_T,_Z,_Z,_Z,2012,A,USD,
493.511163,P1Y,0,,A,PU,_Z,2,,,False,WB_WDI,WB_WDI_NY_GDP_PCAP_CD,MDG,_T,_T,_T,_Z,_Z,_Z,2012,A,USD,
558.462088,P1Y,0,,A,PU,_Z,2,,,False,WB_WDI,WB_WDI_NY_GDP_PCAP_CD,MWI,_T,_T,_T,_Z,_Z,_Z,2012,A,USD,
10600.574424,P1Y,0,,A,PU,_Z,2,,,False,WB_WDI,WB_WDI_NY_GDP_PCAP_CD,MYS,_T,_T,_T,_Z,_Z,_Z,2012,A,USD,
7461.297037,P1Y,0,,A,PU,_Z,2,,,False,WB_WDI,WB_WDI_NY_GDP_PCAP_CD,MDV,_T,_T,_T,_Z,_Z,_Z,2012,A,USD,
872.506092,P1Y,0,,A,PU,_Z,2,,,False,WB_WDI,WB_WDI_NY_GDP_PCAP_CD,MLI,_T,_T,_T,_Z,_Z,_Z,2012,A,USD,
22878.309586,P1Y,0,,A,PU,_Z,2,,,False,WB_WDI,WB_WDI_NY_GDP_PCAP_CD,MLT,_T,_T,_T,_Z,_Z,_Z,2012,A,USD,
3514.265155,P1Y,0,,A,PU,_Z,2,,,False,WB_WDI,WB_WDI_NY_GDP_PCAP_CD,MHL,_T,_T,_T,_Z,_Z,_Z,2012,A,USD,
1859.117332,P1Y,0,,A,PU,_Z,2,,,False,WB_WDI,WB_WDI_NY_GDP_PCAP_CD,MRT,_T,_T,_T,_Z,_Z,_Z,2012,A,USD,
311.950023,P1Y,0,,A,PU,_Z,2,,,False,WB_WDI,WB_WDI_NY_GDP_PCAP_CD,CAF,_T,_T,_T,_Z,_Z,_Z,2005,A,USD,
838.092108,P1Y,0,,A,PU,_Z,2,,,False,WB_WDI,WB_WDI_NY_GDP_PCAP_CD,TCD,_T,_T,_T,_Z,_Z,_Z,2005,A,USD,
57647.118891,P1Y,0,,A,PU,_Z,2,,,False,WB_WDI,WB_WDI_NY_GDP_PCAP_CD,CHI,_T,_T,_T,_Z,_Z,_Z,2005,A,USD,
7480.32331,P1Y,0,,A,PU,_Z,2,,,False,WB_WDI,WB_WDI_NY_GDP_PCAP_CD,CHL,_T,_T,_T,_Z,_Z,_Z,2005,A,USD,
1777.644968,P1Y,0,,A,PU,_Z,2,,,False,WB_WDI,WB_WDI_NY_GDP_PCAP_CD,CHN,_T,_T,_T,_Z,_Z,_Z,2005,A,USD,
3456.066109,P1Y,0,,A,PU,_Z,2,,,False,WB_WDI,WB_WDI_NY_GDP_PCAP_CD,COL,_T,_T,_T,_Z,_Z,_Z,2005,A,USD,
1105.787969,P1Y,0,,A,PU,_Z,2,,,False,WB_WDI,WB_WDI_NY_GDP_PCAP_CD,COM,_T,_T,_T,_Z,_Z,_Z,2005,A,USD,
214.53974,P1Y,0,,A,PU,_Z,2,,,False,WB_WDI,WB_WDI_NY_GDP_PCAP_CD,COD,_T,_T,_T,_Z,_Z,_Z,2005,A,USD,
1799.051584,P1Y,0,,A,PU,_Z,2,,,False,WB_WDI,WB_WDI_NY_GDP_PCAP_CD,COG,_T,_T,_T,_Z,_Z,_Z,2005,A,USD,
4703.007205,P1Y,0,,A,PU,_Z,2,,,False,WB_WDI,WB_WDI_NY_GDP_PCAP_CD,CRI,_T,_T,_T,_Z,_Z,_Z,2005,A,USD,
1197.74617,P1Y,0,,A,PU,_Z,2,,,False,WB_WDI,WB_WDI_NY_GDP_PCAP_CD,CIV,_T,_T,_T,_Z,_Z,_Z,2005,A,USD,
10443.4484,P1Y,0,,A,PU,_Z,2,,,False,WB_WDI,WB_WDI_NY_GDP_PCAP_CD,HRV,_T,_T,_T,_Z,_Z,_Z,2005,A,USD,
6718.144794,P1Y,0,,A,PU,_Z,2,,,False,WB_WDI,WB_WDI_NY_GDP_PCAP_CD,ECU,_T,_T,_T,_Z,_Z,_Z,2023,A,USD,
3456.789652,P1Y,0,,A,PU,_Z,2,,,False,WB_WDI,WB_WDI_NY_GDP_PCAP_CD,EGY,_T,_T,_T,_Z,_Z,_Z,2023,A,USD,
5319.719527,P1Y,0,,A,PU,_Z,2,,,False,WB_WDI,WB_WDI_NY_GDP_PCAP_CD,SLV,_T,_T,_T,_Z,_Z,_Z,2023,A,USD,
6788.352716,P1Y,0,,A,PU,_Z,2,,,False,WB_WDI,WB_WDI_NY_GDP_PCAP_CD,GNQ,_T,_T,_T,_Z,_Z,_Z,2023,A,USD,
30264.006489,P1Y,0,,A,PU,_Z,2,,,False,WB_WDI,WB_WDI_NY_GDP_PCAP_CD,EST,_T,_T,_T,_Z,_Z,_Z,2023,A,USD,
3755.521112,P1Y,0,,A,PU,_Z,2,,,False,WB_WDI,WB_WDI_NY_GDP_PCAP_CD,SWZ,_T,_T,_T,_Z,_Z,_Z,2023,A,USD,
1055.810916,P1Y,0,,A,PU,_Z,2,,,False,WB_WDI,WB_WDI_NY_GDP_PCAP_CD,ETH,_T,_T,_T,_Z,_Z,_Z,2023,A,USD,
72486.691096,P1Y,0,,A,PU,_Z,2,,,False,WB_WDI,WB_WDI_NY_GDP_PCAP_CD,FRO,_T,_T,_T,_Z,_Z,_Z,2023,A,USD,
5926.205864,P1Y,0,,A,PU,_Z,2,,,False,WB_WDI,WB_WDI_NY_GDP_PCAP_CD,FJI,_T,_T,_T,_Z,_Z,_Z,2023,A,USD,
52864.693158,P1Y,0,,A,PU,_Z,2,,,False,WB_WDI,WB_WDI_NY_GDP_PCAP_CD,FIN,_T,_T,_T,_Z,_Z,_Z,2023,A,USD,
44700.138418,P1Y,0,,A,PU,_Z,2,,,False,WB_WDI,WB_WDI_NY_GDP_PCAP_CD,FRA,_T,_T,_T,_Z,_Z,_Z,2023,A,USD,
21832.28318,P1Y,0,,A,PU,_Z,2,,,False,WB_WDI,WB_WDI_NY_GDP_PCAP_CD,PYF,_T,_T,_T,_Z,_Z,_Z,2023,A,USD,
7802.824333,P1Y,0,,A,PU,_Z,2,,,False,WB_WDI,WB_WDI_NY_GDP_PCAP_CD,GAB,_T,_T,_T,_Z,_Z,_Z,2023,A,USD,
4197.584446,P1Y,0,,A,PU,_Z,2,,,False,WB_WDI,WB_WDI_NY_GDP_PCAP_CD,PER,_T,_T,_T,_Z,_Z,_Z,2008,A,USD,
1959.292335,P1Y,0,,A,PU,_Z,2,,,False,WB_WDI,WB_WDI_NY_GDP_PCAP_CD,PHL,_T,_T,_T,_Z,_Z,_Z,2008,A,USD,
14048.560467,P1Y,0,,A,PU,_Z,2,,,False,WB_WDI,WB_WDI_NY_GDP_PCAP_CD,POL,_T,_T,_T,_Z,_Z,_Z,2008,A,USD,
24949.041357,P1Y,0,,A,PU,_Z,2,,,False,WB_WDI,WB_WDI_NY_GDP_PCAP_CD,PRT,_T,_T,_T,_Z,_Z,_Z,2008,A,USD,
24898.334586,P1Y,0,,A,PU,_Z,2,,,False,WB_WDI,WB_WDI_NY_GDP_PCAP_CD,PRI,_T,_T,_T,_Z,_Z,_Z,2008,A,USD,
80781.211391,P1Y,0,,A,PU,_Z,2,,,False,WB_WDI,WB_WDI_NY_GDP_PCAP_CD,QAT,_T,_T,_T,_Z,_Z,_Z,2008,A,USD,
10435.156123,P1Y,0,,A,PU,_Z,2,,,False,WB_WDI,WB_WDI_NY_GDP_PCAP_CD,ROU,_T,_T,_T,_Z,_Z,_Z,2008,A,USD,
11635.28418,P1Y,0,,A,PU,_Z,2,,,False,WB_WDI,WB_WDI_NY_GDP_PCAP_CD,RUS,_T,_T,_T,_Z,_Z,_Z,2008,A,USD,
522.288339,P1Y,0,,A,PU,_Z,2,,,False,WB_WDI,WB_WDI_NY_GDP_PCAP_CD,RWA,_T,_T,_T,_Z,_Z,_Z,2008,A,USD,
3373.606399,P1Y,0,,A,PU,_Z,2,,,False,WB_WDI,WB_WDI_NY_GDP_PCAP_CD,WSM,_T,_T,_T,_Z,_Z,_Z,2008,A,USD,
75902.16777,P1Y,0,,A,PU,_Z,2,,,False,WB_WDI,WB_WDI_NY_GDP_PCAP_CD,SMR,_T,_T,_T,_Z,_Z,_Z,2008,A,USD,
1081.868458,P1Y,0,,A,PU,_Z,2,,,False,WB_WDI,WB_WDI_NY_GDP_PCAP_CD,STP,_T,_T,_T,_Z,_Z,_Z,2008,A,USD,
26429.124779,P1Y,0,,A,PU,_Z,2,,,False,WB_WDI,WB_WDI_NY_GDP_PCAP_CD,BHS,_T,_T,_T,_Z,_Z,_Z,2003,A,USD,
14486.026903,P1Y,0,,A,PU,_Z,2,,,False,WB_WDI,WB_WDI_NY_GDP_PCAP_CD,BHR,_T,_T,_T,_Z,_Z,_Z,2003,A,USD,
426.748808,P1Y,0,,A,PU,_Z,2,,,False,WB_WDI,WB_WDI_NY_GDP_PCAP_CD,BGD,_T,_T,_T,_Z,_Z,_Z,2003,A,USD,
12075.958702,P1Y,0,,A,PU,_Z,2,,,False,WB_WDI,WB_WDI_NY_GDP_PCAP_CD,BRB,_T,_T,_T,_Z,_Z,_Z,2003,A,USD,
1819.526531,P1Y,0,,A,PU,_Z,2,,,False,WB_WDI,WB_WDI_NY_GDP_PCAP_CD,BLR,_T,_T,_T,_Z,_Z,_Z,2003,A,USD,
30655.209268,P1Y,0,,A,PU,_Z,2,,,False,WB_WDI,WB_WDI_NY_GDP_PCAP_CD,BEL,_T,_T,_T,_Z,_Z,_Z,2003,A,USD,
4959.740124,P1Y,0,,A,PU,_Z,2,,,False,WB_WDI,WB_WDI_NY_GDP_PCAP_CD,BLZ,_T,_T,_T,_Z,_Z,_Z,2003,A,USD,
676.002878,P1Y,0,,A,PU,_Z,2,,,False,WB_WDI,WB_WDI_NY_GDP_PCAP_CD,BEN,_T,_T,_T,_Z,_Z,_Z,2003,A,USD,
67106.802808,P1Y,0,,A,PU,_Z,2,,,False,WB_WDI,WB_WDI_NY_GDP_PCAP_CD,BMU,_T,_T,_T,_Z,_Z,_Z,2003,A,USD,
1022.382403,P1Y,0,,A,PU,_Z,2,,,False,WB_WDI,WB_WDI_NY_GDP_PCAP_CD,BTN,_T,_T,_T,_Z,_Z,_Z,2003,A,USD,
893.01376,P1Y,0,,A,PU,_Z,2,,,False,WB_WDI,WB_WDI_NY_GDP_PCAP_CD,BOL,_T,_T,_T,_Z,_Z,_Z,2003,A,USD,
2033.947009,P1Y,0,,A,PU,_Z,2,,,False,WB_WDI,WB_WDI_NY_GDP_PCAP_CD,BIH,_T,_T,_T,_Z,_Z,_Z,2003,A,USD,
4230.123269,P1Y,0,,A,PU,_Z,2,,,False,WB_WDI,WB_WDI_NY_GDP_PCAP_CD,BWA,_T,_T,_T,_Z,_Z,_Z,2003,A,USD,
14214.483684,P1Y,0,,A,PU,_Z,2,,,False,WB_WDI,WB_WDI_NY_GDP_PCAP_CD,BHR,_T,_T,_T,_Z,_Z,_Z,2000,A,USD,
396.67073,P1Y,0,,A,PU,_Z,2,,,False,WB_WDI,WB_WDI_NY_GDP_PCAP_CD,BGD,_T,_T,_T,_Z,_Z,_Z,2000,A,USD,
11674.673647,P1Y,0,,A,PU,_Z,2,,,False,WB_WDI,WB_WDI_NY_GDP_PCAP_CD,BRB,_T,_T,_T,_Z,_Z,_Z,2000,A,USD,
1276.288034,P1Y,0,,A,PU,_Z,2,,,False,WB_WDI,WB_WDI_NY_GDP_PCAP_CD,BLR,_T,_T,_T,_Z,_Z,_Z,2000,A,USD,
23098.886508,P1Y,0,,A,PU,_Z,2,,,False,WB_WDI,WB_WDI_NY_GDP_PCAP_CD,BEL,_T,_T,_T,_Z,_Z,_Z,2000,A,USD,
4726.506755,P1Y,0,,A,PU,_Z,2,,,False,WB_WDI,WB_WDI_NY_GDP_PCAP_CD,BLZ,_T,_T,_T,_Z,_Z,_Z,2000,A,USD,
487.424141,P1Y,0,,A,PU,_Z,2,,,False,WB_WDI,WB_WDI_NY_GDP_PCAP_CD,BEN,_T,_T,_T,_Z,_Z,_Z,2000,A,USD,
56542.956946,P1Y,0,,A,PU,_Z,2,,,False,WB_WDI,WB_WDI_NY_GDP_PCAP_CD,BMU,_T,_T,_T,_Z,_Z,_Z,2000,A,USD,
771.924911,P1Y,0,,A,PU,_Z,2,,,False,WB_WDI,WB_WDI_NY_GDP_PCAP_CD,BTN,_T,_T,_T,_Z,_Z,_Z,2000,A,USD,
975.77706,P1Y,0,,A,PU,_Z,2,,,False,WB_WDI,WB_WDI_NY_GDP_PCAP_CD,BOL,_T,_T,_T,_Z,_Z,_Z,2000,A,USD,
1338.480596,P1Y,0,,A,PU,_Z,2,,,False,WB_WDI,WB_WDI_NY_GDP_PCAP_CD,BIH,_T,_T,_T,_Z,_Z,_Z,2000,A,USD,
3450.811806,P1Y,0,,A,PU,_Z,2,,,False,WB_WDI,WB_WDI_NY_GDP_PCAP_CD,BWA,_T,_T,_T,_Z,_Z,_Z,2000,A,USD,
3766.548115,P1Y,0,,A,PU,_Z,2,,,False,WB_WDI,WB_WDI_NY_GDP_PCAP_CD,BRA,_T,_T,_T,_Z,_Z,_Z,2000,A,USD,
30799.477594,P1Y,0,,A,PU,_Z,2,,,False,WB_WDI,WB_WDI_NY_GDP_PCAP_CD,ESP,_T,_T,_T,_Z,_Z,_Z,2021,A,USD,
3996.962405,P1Y,0,,A,PU,_Z,2,,,False,WB_WDI,WB_WDI_NY_GDP_PCAP_CD,LKA,_T,_T,_T,_Z,_Z,_Z,2021,A,USD,
18361.14497,P1Y,0,,A,PU,_Z,2,,,False,WB_WDI,WB_WDI_NY_GDP_PCAP_CD,KNA,_T,_T,_T,_Z,_Z,_Z,2021,A,USD,
10481.123397,P1Y,0,,A,PU,_Z,2,,,False,WB_WDI,WB_WDI_NY_GDP_PCAP_CD,LCA,_T,_T,_T,_Z,_Z,_Z,2021,A,USD,
21668.377653,P1Y,0,,A,PU,_Z,2,,,True,WB_WDI,WB_WDI_NY_GDP_PCAP_CD,MAF,_T,_T,_T,_Z,_Z,_Z,2021,A,USD,
8641.27904,P1Y,0,,A,PU,_Z,2,,,False,WB_WDI,WB_WDI_NY_GDP_PCAP_CD,VCT,_T,_T,_T,_Z,_Z,_Z,2021,A,USD,
712.122009,P1Y,0,,A,PU,_Z,2,,,False,WB_WDI,WB_WDI_NY_GDP_PCAP_CD,SDN,_T,_T,_T,_Z,_Z,_Z,2021,A,USD,
5029.848385,P1Y,0,,A,PU,_Z,2,,,False,WB_WDI,WB_WDI_NY_GDP_PCAP_CD,SUR,_T,_T,_T,_Z,_Z,_Z,2021,A,USD,
60647.541637,P1Y,0,,A,PU,_Z,2,,,False,WB_WDI,WB_WDI_NY_GDP_PCAP_CD,SWE,_T,_T,_T,_Z,_Z,_Z,2021,A,USD,
96582.868708,P1Y,0,,A,PU,_Z,2,,,False,WB_WDI,WB_WDI_NY_GDP_PCAP_CD,CHE,_T,_T,_T,_Z,_Z,_Z,2021,A,USD,
688.56611,P1Y,0,,A,PU,_Z,2,,,False,WB_WDI,WB_WDI_NY_GDP_PCAP_CD,SYR,_T,_T,_T,_Z,_Z,_Z,2021,A,USD,
896.748053,P1Y,0,,A,PU,_Z,2,,,False,WB_WDI,WB_WDI_NY_GDP_PCAP_CD,TJK,_T,_T,_T,_Z,_Z,_Z,2021,A,USD,
22609.705943,P1Y,0,,A,PU,_Z,2,,,False,WB_WDI,WB_WDI_NY_GDP_PCAP_CD,KOR,_T,_T,_T,_Z,_Z,_Z,2006,A,USD,
42946.63741,P1Y,0,,A,PU,_Z,2,,,False,WB_WDI,WB_WDI_NY_GDP_PCAP_CD,KWT,_T,_T,_T,_Z,_Z,_Z,2006,A,USD,
543.113512,P1Y,0,,A,PU,_Z,2,,,False,WB_WDI,WB_WDI_NY_GDP_PCAP_CD,KGZ,_T,_T,_T,_Z,_Z,_Z,2006,A,USD,
579.391947,P1Y,0,,A,PU,_Z,2,,,False,WB_WDI,WB_WDI_NY_GDP_PCAP_CD,LAO,_T,_T,_T,_Z,_Z,_Z,2006,A,USD,
9211.737447,P1Y,0,,A,PU,_Z,2,,,False,WB_WDI,WB_WDI_NY_GDP_PCAP_CD,LVA,_T,_T,_T,_Z,_Z,_Z,2006,A,USD,
4635.251412,P1Y,0,,A,PU,_Z,2,,,False,WB_WDI,WB_WDI_NY_GDP_PCAP_CD,LBN,_T,_T,_T,_Z,_Z,_Z,2006,A,USD,
925.467486,P1Y,0,,A,PU,_Z,2,,,False,WB_WDI,WB_WDI_NY_GDP_PCAP_CD,LSO,_T,_T,_T,_Z,_Z,_Z,2006,A,USD,
320.558086,P1Y,0,,A,PU,_Z,2,,,False,WB_WDI,WB_WDI_NY_GDP_PCAP_CD,LBR,_T,_T,_T,_Z,_Z,_Z,2006,A,USD,
10048.848043,P1Y,0,,A,PU,_Z,2,,,False,WB_WDI,WB_WDI_NY_GDP_PCAP_CD,LBY,_T,_T,_T,_Z,_Z,_Z,2006,A,USD,
114167.939211,P1Y,0,,A,PU,_Z,2,,,False,WB_WDI,WB_WDI_NY_GDP_PCAP_CD,LIE,_T,_T,_T,_Z,_Z,_Z,2006,A,USD,
9210.101182,P1Y,0,,A,PU,_Z,2,,,False,WB_WDI,WB_WDI_NY_GDP_PCAP_CD,LTU,_T,_T,_T,_Z,_Z,_Z,2006,A,USD,
90788.816427,P1Y,0,,A,PU,_Z,2,,,False,WB_WDI,WB_WDI_NY_GDP_PCAP_CD,LUX,_T,_T,_T,_Z,_Z,_Z,2006,A,USD,
2397.251473,P1Y,0,,A,PU,_Z,2,,,False,WB_WDI,WB_WDI_NY_GDP_PCAP_CD,PER,_T,_T,_T,_Z,_Z,_Z,2004,A,USD,
1099.63013,P1Y,0,,A,PU,_Z,2,,,False,WB_WDI,WB_WDI_NY_GDP_PCAP_CD,PHL,_T,_T,_T,_Z,_Z,_Z,2004,A,USD,
6711.727153,P1Y,0,,A,PU,_Z,2,,,False,WB_WDI,WB_WDI_NY_GDP_PCAP_CD,POL,_T,_T,_T,_Z,_Z,_Z,2004,A,USD,
18064.158093,P1Y,0,,A,PU,_Z,2,,,False,WB_WDI,WB_WDI_NY_GDP_PCAP_CD,PRT,_T,_T,_T,_Z,_Z,_Z,2004,A,USD,
20988.992333,P1Y,0,,A,PU,_Z,2,,,False,WB_WDI,WB_WDI_NY_GDP_PCAP_CD,PRI,_T,_T,_T,_Z,_Z,_Z,2004,A,USD,
41035.500838,P1Y,0,,A,PU,_Z,2,,,False,WB_WDI,WB_WDI_NY_GDP_PCAP_CD,QAT,_T,_T,_T,_Z,_Z,_Z,2004,A,USD,
3494.990564,P1Y,0,,A,PU,_Z,2,,,False,WB_WDI,WB_WDI_NY_GDP_PCAP_CD,ROU,_T,_T,_T,_Z,_Z,_Z,2004,A,USD,
4102.364746,P1Y,0,,A,PU,_Z,2,,,False,WB_WDI,WB_WDI_NY_GDP_PCAP_CD,RUS,_T,_T,_T,_Z,_Z,_Z,2004,A,USD,
269.540446,P1Y,0,,A,PU,_Z,2,,,False,WB_WDI,WB_WDI_NY_GDP_PCAP_CD,RWA,_T,_T,_T,_Z,_Z,_Z,2004,A,USD,
2189.260426,P1Y,0,,A,PU,_Z,2,,,False,WB_WDI,WB_WDI_NY_GDP_PCAP_CD,WSM,_T,_T,_T,_Z,_Z,_Z,2004,A,USD,
58232.043134,P1Y,0,,A,PU,_Z,2,,,False,WB_WDI,WB_WDI_NY_GDP_PCAP_CD,SMR,_T,_T,_T,_Z,_Z,_Z,2004,A,USD,
726.560882,P1Y,0,,A,PU,_Z,2,,,False,WB_WDI,WB_WDI_NY_GDP_PCAP_CD,STP,_T,_T,_T,_Z,_Z,_Z,2004,A,USD,
13154.497899,P1Y,0,,A,PU,_Z,2,,,False,WB_WDI,WB_WDI_NY_GDP_PCAP_CD,SAU,_T,_T,_T,_Z,_Z,_Z,2004,A,USD,
9605.279146,P1Y,0,,A,PU,_Z,2,,,True,WB_WDI,WB_WDI_NY_GDP_PCAP_CD,CUB,_T,_T,_T,_Z,_Z,_Z,2020,A,USD,
16299.813469,P1Y,0,,A,PU,_Z,2,,,False,WB_WDI,WB_WDI_NY_GDP_PCAP_CD,CUW,_T,_T,_T,_Z,_Z,_Z,2020,A,USD,
28130.330078,P1Y,0,,A,PU,_Z,2,,,False,WB_WDI,WB_WDI_NY_GDP_PCAP_CD,CYP,_T,_T,_T,_Z,_Z,_Z,2020,A,USD,
23472.891545,P1Y,0,,A,PU,_Z,2,,,False,WB_WDI,WB_WDI_NY_GDP_PCAP_CD,CZE,_T,_T,_T,_Z,_Z,_Z,2020,A,USD,
60985.48856,P1Y,0,,A,PU,_Z,2,,,False,WB_WDI,WB_WDI_NY_GDP_PCAP_CD,DNK,_T,_T,_T,_Z,_Z,_Z,2020,A,USD,
2844.888106,P1Y,0,,A,PU,_Z,2,,,False,WB_WDI,WB_WDI_NY_GDP_PCAP_CD,DJI,_T,_T,_T,_Z,_Z,_Z,2020,A,USD,
7827.748427,P1Y,0,,A,PU,_Z,2,,,False,WB_WDI,WB_WDI_NY_GDP_PCAP_CD,DMA,_T,_T,_T,_Z,_Z,_Z,2020,A,USD,
7135.222733,P1Y,0,,A,PU,_Z,2,,,False,WB_WDI,WB_WDI_NY_GDP_PCAP_CD,DOM,_T,_T,_T,_Z,_Z,_Z,2020,A,USD,
5463.645153,P1Y,0,,A,PU,_Z,2,,,False,WB_WDI,WB_WDI_NY_GDP_PCAP_CD,ECU,_T,_T,_T,_Z,_Z,_Z,2020,A,USD,
3511.11381,P1Y,0,,A,PU,_Z,2,,,False,WB_WDI,WB_WDI_NY_GDP_PCAP_CD,EGY,_T,_T,_T,_Z,_Z,_Z,2020,A,USD,
3997.192796,P1Y,0,,A,PU,_Z,2,,,False,WB_WDI,WB_WDI_NY_GDP_PCAP_CD,SLV,_T,_T,_T,_Z,_Z,_Z,2020,A,USD,
50629.079917,P1Y,0,,A,PU,_Z,2,,,False,WB_WDI,WB_WDI_NY_GDP_PCAP_CD,GBR,_T,_T,_T,_Z,_Z,_Z,2007,A,USD,
48050.227412,P1Y,0,,A,PU,_Z,2,,,False,WB_WDI,WB_WDI_NY_GDP_PCAP_CD,USA,_T,_T,_T,_Z,_Z,_Z,2007,A,USD,
7222.054036,P1Y,0,,A,PU,_Z,2,,,False,WB_WDI,WB_WDI_NY_GDP_PCAP_CD,URY,_T,_T,_T,_Z,_Z,_Z,2007,A,USD,
824.028192,P1Y,0,,A,PU,_Z,2,,,False,WB_WDI,WB_WDI_NY_GDP_PCAP_CD,UZB,_T,_T,_T,_Z,_Z,_Z,2007,A,USD,
2333.705067,P1Y,0,,A,PU,_Z,2,,,False,WB_WDI,WB_WDI_NY_GDP_PCAP_CD,VUT,_T,_T,_T,_Z,_Z,_Z,2007,A,USD,
8331.62097,P1Y,0,,A,PU,_Z,2,,,False,WB_WDI,WB_WDI_NY_GDP_PCAP_CD,VEN,_T,_T,_T,_Z,_Z,_Z,2007,A,USD,
925.640338,P1Y,0,,A,PU,_Z,2,,,False,WB_WDI,WB_WDI_NY_GDP_PCAP_CD,VNM,_T,_T,_T,_Z,_Z,_Z,2007,A,USD,
44158.505404,P1Y,0,,A,PU,_Z,2,,,False,WB_WDI,WB_WDI_NY_GDP_PCAP_CD,VIR,_T,_T,_T,_Z,_Z,_Z,2007,A,USD,
1664.245717,P1Y,0,,A,PU,_Z,2,,,False,WB_WDI,WB_WDI_NY_GDP_PCAP_CD,PSE,_T,_T,_T,_Z,_Z,_Z,2007,A,USD,
890.305768,P1Y,0,,A,PU,_Z,2,,,False,WB_WDI,WB_WDI_NY_GDP_PCAP_CD,YEM,_T,_T,_T,_Z,_Z,_Z,2007,A,USD,
1118.731626,P1Y,0,,A,PU,_Z,2,,,False,WB_WDI,WB_WDI_NY_GDP_PCAP_CD,ZMB,_T,_T,_T,_Z,_Z,_Z,2007,A,USD,
413.521245,P1Y,0,,A,PU,_Z,2,,,False,WB_WDI,WB_WDI_NY_GDP_PCAP_CD,ZWE,_T,_T,_T,_Z,_Z,_Z,2007,A,USD,
3090.60701,P1Y,0,,A,PU,_Z,2,,,False,WB_WDI,WB_WDI_NY_GDP_PCAP_CD,BRA,_T,_T,_T,_Z,_Z,_Z,2003,A,USD,
20677.900114,P1Y,0,,A,PU,_Z,2,,,False,WB_WDI,WB_WDI_NY_GDP_PCAP_CD,BRN,_T,_T,_T,_Z,_Z,_Z,2003,A,USD,
2719.63335,P1Y,0,,A,PU,_Z,2,,,False,WB_WDI,WB_WDI_NY_GDP_PCAP_CD,BGR,_T,_T,_T,_Z,_Z,_Z,2003,A,USD,
362.3739,P1Y,0,,A,PU,_Z,2,,,False,WB_WDI,WB_WDI_NY_GDP_PCAP_CD,BFA,_T,_T,_T,_Z,_Z,_Z,2003,A,USD,
111.406683,P1Y,0,,A,PU,_Z,2,,,False,WB_WDI,WB_WDI_NY_GDP_PCAP_CD,BDI,_T,_T,_T,_Z,_Z,_Z,2003,A,USD,
1717.975654,P1Y,0,,A,PU,_Z,2,,,False,WB_WDI,WB_WDI_NY_GDP_PCAP_CD,CPV,_T,_T,_T,_Z,_Z,_Z,2003,A,USD,
386.691124,P1Y,0,,A,PU,_Z,2,,,False,WB_WDI,WB_WDI_NY_GDP_PCAP_CD,KHM,_T,_T,_T,_Z,_Z,_Z,2003,A,USD,
988.241277,P1Y,0,,A,PU,_Z,2,,,False,WB_WDI,WB_WDI_NY_GDP_PCAP_CD,CMR,_T,_T,_T,_Z,_Z,_Z,2003,A,USD,
28301.909706,P1Y,0,,A,PU,_Z,2,,,False,WB_WDI,WB_WDI_NY_GDP_PCAP_CD,CAN,_T,_T,_T,_Z,_Z,_Z,2003,A,USD,
278.403992,P1Y,0,,A,PU,_Z,2,,,False,WB_WDI,WB_WDI_NY_GDP_PCAP_CD,CAF,_T,_T,_T,_Z,_Z,_Z,2003,A,USD,
289.087621,P1Y,0,,A,PU,_Z,2,,,False,WB_WDI,WB_WDI_NY_GDP_PCAP_CD,TCD,_T,_T,_T,_Z,_Z,_Z,2003,A,USD,
48570.779663,P1Y,0,,A,PU,_Z,2,,,False,WB_WDI,WB_WDI_NY_GDP_PCAP_CD,CHI,_T,_T,_T,_Z,_Z,_Z,2003,A,USD,
372.514274,P1Y,0,,A,PU,_Z,2,,,False,WB_WDI,WB_WDI_NY_GDP_PCAP_CD,COD,_T,_T,_T,_Z,_Z,_Z,2011,A,USD,
3396.165058,P1Y,0,,A,PU,_Z,2,,,False,WB_WDI,WB_WDI_NY_GDP_PCAP_CD,COG,_T,_T,_T,_Z,_Z,_Z,2011,A,USD,
9276.391094,P1Y,0,,A,PU,_Z,2,,,False,WB_WDI,WB_WDI_NY_GDP_PCAP_CD,CRI,_T,_T,_T,_Z,_Z,_Z,2011,A,USD,
1596.628266,P1Y,0,,A,PU,_Z,2,,,False,WB_WDI,WB_WDI_NY_GDP_PCAP_CD,CIV,_T,_T,_T,_Z,_Z,_Z,2011,A,USD,
14691.591758,P1Y,0,,A,PU,_Z,2,,,False,WB_WDI,WB_WDI_NY_GDP_PCAP_CD,HRV,_T,_T,_T,_Z,_Z,_Z,2011,A,USD,
6104.461052,P1Y,0,,A,PU,_Z,2,,,False,WB_WDI,WB_WDI_NY_GDP_PCAP_CD,CUB,_T,_T,_T,_Z,_Z,_Z,2011,A,USD,
19426.326383,P1Y,0,,A,PU,_Z,2,,,False,WB_WDI,WB_WDI_NY_GDP_PCAP_CD,CUW,_T,_T,_T,_Z,_Z,_Z,2011,A,USD,
32485.804688,P1Y,0,,A,PU,_Z,2,,,False,WB_WDI,WB_WDI_NY_GDP_PCAP_CD,CYP,_T,_T,_T,_Z,_Z,_Z,2011,A,USD,
22049.108079,P1Y,0,,A,PU,_Z,2,,,False,WB_WDI,WB_WDI_NY_GDP_PCAP_CD,CZE,_T,_T,_T,_Z,_Z,_Z,2011,A,USD,
61809.737898,P1Y,0,,A,PU,_Z,2,,,False,WB_WDI,WB_WDI_NY_GDP_PCAP_CD,DNK,_T,_T,_T,_Z,_Z,_Z,2011,A,USD,
1306.345528,P1Y,0,,A,PU,_Z,2,,,False,WB_WDI,WB_WDI_NY_GDP_PCAP_CD,DJI,_T,_T,_T,_Z,_Z,_Z,2011,A,USD,
2141.768362,P1Y,0,,A,PU,_Z,2,,,False,WB_WDI,WB_WDI_NY_GDP_PCAP_CD,CIV,_T,_T,_T,_Z,_Z,_Z,2019,A,USD,
15563.7355,P1Y,0,,A,PU,_Z,2,,,False,WB_WDI,WB_WDI_NY_GDP_PCAP_CD,HRV,_T,_T,_T,_Z,_Z,_Z,2019,A,USD,
9232.261159,P1Y,0,,A,PU,_Z,2,,,False,WB_WDI,WB_WDI_NY_GDP_PCAP_CD,CUB,_T,_T,_T,_Z,_Z,_Z,2019,A,USD,
19220.686696,P1Y,0,,A,PU,_Z,2,,,False,WB_WDI,WB_WDI_NY_GDP_PCAP_CD,CUW,_T,_T,_T,_Z,_Z,_Z,2019,A,USD,
29227.167969,P1Y,0,,A,PU,_Z,2,,,False,WB_WDI,WB_WDI_NY_GDP_PCAP_CD,CYP,_T,_T,_T,_Z,_Z,_Z,2019,A,USD,
24062.719001,P1Y,0,,A,PU,_Z,2,,,False,WB_WDI,WB_WDI_NY_GDP_PCAP_CD,CZE,_T,_T,_T,_Z,_Z,_Z,2019,A,USD,
59404.266325,P1Y,0,,A,PU,_Z,2,,,False,WB_WDI,WB_WDI_NY_GDP_PCAP_CD,DNK,_T,_T,_T,_Z,_Z,_Z,2019,A,USD,
2837.169023,P1Y,0,,A,PU,_Z,2,,,False,WB_WDI,WB_WDI_NY_GDP_PCAP_CD,DJI,_T,_T,_T,_Z,_Z,_Z,2019,A,USD,
9491.14996,P1Y,0,,A,PU,_Z,2,,,False,WB_WDI,WB_WDI_NY_GDP_PCAP_CD,DMA,_T,_T,_T,_Z,_Z,_Z,2019,A,USD,
8183.016236,P1Y,0,,A,PU,_Z,2,,,False,WB_WDI,WB_WDI_NY_GDP_PCAP_CD,DOM,_T,_T,_T,_Z,_Z,_Z,2019,A,USD,
6205.057652,P1Y,0,,A,PU,_Z,2,,,False,WB_WDI,WB_WDI_NY_GDP_PCAP_CD,ECU,_T,_T,_T,_Z,_Z,_Z,2019,A,USD,
2962.98892,P1Y,0,,A,PU,_Z,2,,,False,WB_WDI,WB_WDI_NY_GDP_PCAP_CD,EGY,_T,_T,_T,_Z,_Z,_Z,2019,A,USD,
44695.161023,P1Y,0,,A,PU,_Z,2,,,False,WB_WDI,WB_WDI_NY_GDP_PCAP_CD,GBR,_T,_T,_T,_Z,_Z,_Z,2006,A,USD,
46301.987649,P1Y,0,,A,PU,_Z,2,,,False,WB_WDI,WB_WDI_NY_GDP_PCAP_CD,USA,_T,_T,_T,_Z,_Z,_Z,2006,A,USD,
6001.332948,P1Y,0,,A,PU,_Z,2,,,False,WB_WDI,WB_WDI_NY_GDP_PCAP_CD,URY,_T,_T,_T,_Z,_Z,_Z,2006,A,USD,
649.118167,P1Y,0,,A,PU,_Z,2,,,False,WB_WDI,WB_WDI_NY_GDP_PCAP_CD,UZB,_T,_T,_T,_Z,_Z,_Z,2006,A,USD,
2034.792896,P1Y,0,,A,PU,_Z,2,,,False,WB_WDI,WB_WDI_NY_GDP_PCAP_CD,VUT,_T,_T,_T,_Z,_Z,_Z,2006,A,USD,
6739.380653,P1Y,0,,A,PU,_Z,2,,,False,WB_WDI,WB_WDI_NY_GDP_PCAP_CD,VEN,_T,_T,_T,_Z,_Z,_Z,2006,A,USD,
807.756645,P1Y,0,,A,PU,_Z,2,,,False,WB_WDI,WB_WDI_NY_GDP_PCAP_CD,VNM,_T,_T,_T,_Z,_Z,_Z,2006,A,USD,
41377.146601,P1Y,0,,A,PU,_Z,2,,,False,WB_WDI,WB_WDI_NY_GDP_PCAP_CD,VIR,_T,_T,_T,_Z,_Z,_Z,2006,A,USD,
1570.1044,P1Y,0,,A,PU,_Z,2,,,False,WB_WDI,WB_WDI_NY_GDP_PCAP_CD,PSE,_T,_T,_T,_Z,_Z,_Z,2006,A,USD,
809.713128,P1Y,0,,A,PU,_Z,2,,,False,WB_WDI,WB_WDI_NY_GDP_PCAP_CD,YEM,_T,_T,_T,_Z,_Z,_Z,2006,A,USD,
1051.717149,P1Y,0,,A,PU,_Z,2,,,False,WB_WDI,WB_WDI_NY_GDP_PCAP_CD,ZMB,_T,_T,_T,_Z,_Z,_Z,2006,A,USD,
431.034994,P1Y,0,,A,PU,_Z,2,,,False,WB_WDI,WB_WDI_NY_GDP_PCAP_CD,ZWE,_T,_T,_T,_Z,_Z,_Z,2006,A,USD,
23329.841769,P1Y,0,,A,PU,_Z,2,,,False,WB_WDI,WB_WDI_NY_GDP_PCAP_CD,SVN,_T,_T,_T,_Z,_Z,_Z,2010,A,USD,
1685.145358,P1Y,0,,A,PU,_Z,2,,,False,WB_WDI,WB_WDI_NY_GDP_PCAP_CD,SLB,_T,_T,_T,_Z,_Z,_Z,2010,A,USD,
219.202454,P1Y,0,,A,PU,_Z,2,,,False,WB_WDI,WB_WDI_NY_GDP_PCAP_CD,SOM,_T,_T,_T,_Z,_Z,_Z,2010,A,USD,
7973.471958,P1Y,0,,A,PU,_Z,2,,,False,WB_WDI,WB_WDI_NY_GDP_PCAP_CD,ZAF,_T,_T,_T,_Z,_Z,_Z,2010,A,USD,
1498.27035,P1Y,0,,A,PU,_Z,2,,,False,WB_WDI,WB_WDI_NY_GDP_PCAP_CD,SSD,_T,_T,_T,_Z,_Z,_Z,2010,A,USD,
30658.742228,P1Y,0,,A,PU,_Z,2,,,False,WB_WDI,WB_WDI_NY_GDP_PCAP_CD,ESP,_T,_T,_T,_Z,_Z,_Z,2010,A,USD,
2808.362452,P1Y,0,,A,PU,_Z,2,,,False,WB_WDI,WB_WDI_NY_GDP_PCAP_CD,LKA,_T,_T,_T,_Z,_Z,_Z,2010,A,USD,
16622.945791,P1Y,0,,A,PU,_Z,2,,,False,WB_WDI,WB_WDI_NY_GDP_PCAP_CD,KNA,_T,_T,_T,_Z,_Z,_Z,2010,A,USD,
8673.687203,P1Y,0,,A,PU,_Z,2,,,False,WB_WDI,WB_WDI_NY_GDP_PCAP_CD,LCA,_T,_T,_T,_Z,_Z,_Z,2010,A,USD,
6551.96836,P1Y,0,,A,PU,_Z,2,,,False,WB_WDI,WB_WDI_NY_GDP_PCAP_CD,VCT,_T,_T,_T,_Z,_Z,_Z,2010,A,USD,
1305.635986,P1Y,0,,A,PU,_Z,2,,,False,WB_WDI,WB_WDI_NY_GDP_PCAP_CD,SDN,_T,_T,_T,_Z,_Z,_Z,2010,A,USD,
7943.604828,P1Y,0,,A,PU,_Z,2,,,False,WB_WDI,WB_WDI_NY_GDP_PCAP_CD,SUR,_T,_T,_T,_Z,_Z,_Z,2010,A,USD,
4685.179971,P1Y,0,,A,PU,_Z,2,,,False,WB_WDI,WB_WDI_NY_GDP_PCAP_CD,ARM,_T,_T,_T,_Z,_Z,_Z,2021,A,USD,
26827.344787,P1Y,0,,A,PU,_Z,2,,,False,WB_WDI,WB_WDI_NY_GDP_PCAP_CD,ABW,_T,_T,_T,_Z,_Z,_Z,2021,A,USD,
60758.90444,P1Y,0,,A,PU,_Z,2,,,False,WB_WDI,WB_WDI_NY_GDP_PCAP_CD,AUS,_T,_T,_T,_Z,_Z,_Z,2021,A,USD,
53648.643798,P1Y,0,,A,PU,_Z,2,,,False,WB_WDI,WB_WDI_NY_GDP_PCAP_CD,AUT,_T,_T,_T,_Z,_Z,_Z,2021,A,USD,
5408.045352,P1Y,0,,A,PU,_Z,2,,,False,WB_WDI,WB_WDI_NY_GDP_PCAP_CD,AZE,_T,_T,_T,_Z,_Z,_Z,2021,A,USD,
30367.860576,P1Y,0,,A,PU,_Z,2,,,False,WB_WDI,WB_WDI_NY_GDP_PCAP_CD,BHS,_T,_T,_T,_Z,_Z,_Z,2021,A,USD,
27147.808388,P1Y,0,,A,PU,_Z,2,,,False,WB_WDI,WB_WDI_NY_GDP_PCAP_CD,BHR,_T,_T,_T,_Z,_Z,_Z,2021,A,USD,
2482.849178,P1Y,0,,A,PU,_Z,2,,,False,WB_WDI,WB_WDI_NY_GDP_PCAP_CD,BGD,_T,_T,_T,_Z,_Z,_Z,2021,A,USD,
21084.401394,P1Y,0,,A,PU,_Z,2,,,False,WB_WDI,WB_WDI_NY_GDP_PCAP_CD,BRB,_T,_T,_T,_Z,_Z,_Z,2021,A,USD,
7489.718947,P1Y,0,,A,PU,_Z,2,,,False,WB_WDI,WB_WDI_NY_GDP_PCAP_CD,BLR,_T,_T,_T,_Z,_Z,_Z,2021,A,USD,
51658.238295,P1Y,0,,A,PU,_Z,2,,,False,WB_WDI,WB_WDI_NY_GDP_PCAP_CD,BEL,_T,_T,_T,_Z,_Z,_Z,2021,A,USD,
6142.989306,P1Y,0,,A,PU,_Z,2,,,False,WB_WDI,WB_WDI_NY_GDP_PCAP_CD,BLZ,_T,_T,_T,_Z,_Z,_Z,2021,A,USD,
5500.503646,P1Y,0,,A,PU,_Z,2,,,False,WB_WDI,WB_WDI_NY_GDP_PCAP_CD,AZE,_T,_T,_T,_Z,_Z,_Z,2015,A,USD,
30719.405417,P1Y,0,,A,PU,_Z,2,,,False,WB_WDI,WB_WDI_NY_GDP_PCAP_CD,BHS,_T,_T,_T,_Z,_Z,_Z,2015,A,USD,
23734.055114,P1Y,0,,A,PU,_Z,2,,,False,WB_WDI,WB_WDI_NY_GDP_PCAP_CD,BHR,_T,_T,_T,_Z,_Z,_Z,2015,A,USD,
1224.386477,P1Y,0,,A,PU,_Z,2,,,False,WB_WDI,WB_WDI_NY_GDP_PCAP_CD,BGD,_T,_T,_T,_Z,_Z,_Z,2015,A,USD,
20429.474712,P1Y,0,,A,PU,_Z,2,,,False,WB_WDI,WB_WDI_NY_GDP_PCAP_CD,BRB,_T,_T,_T,_Z,_Z,_Z,2015,A,USD,
5967.055951,P1Y,0,,A,PU,_Z,2,,,False,WB_WDI,WB_WDI_NY_GDP_PCAP_CD,BLR,_T,_T,_T,_Z,_Z,_Z,2015,A,USD,
40893.804538,P1Y,0,,A,PU,_Z,2,,,False,WB_WDI,WB_WDI_NY_GDP_PCAP_CD,BEL,_T,_T,_T,_Z,_Z,_Z,2015,A,USD,
6154.622642,P1Y,0,,A,PU,_Z,2,,,False,WB_WDI,WB_WDI_NY_GDP_PCAP_CD,BLZ,_T,_T,_T,_Z,_Z,_Z,2015,A,USD,
1002.418869,P1Y,0,,A,PU,_Z,2,,,False,WB_WDI,WB_WDI_NY_GDP_PCAP_CD,BEN,_T,_T,_T,_Z,_Z,_Z,2015,A,USD,
104855.366822,P1Y,0,,A,PU,_Z,2,,,False,WB_WDI,WB_WDI_NY_GDP_PCAP_CD,BMU,_T,_T,_T,_Z,_Z,_Z,2015,A,USD,
2954.040819,P1Y,0,,A,PU,_Z,2,,,False,WB_WDI,WB_WDI_NY_GDP_PCAP_CD,BTN,_T,_T,_T,_Z,_Z,_Z,2015,A,USD,
20130.257235,P1Y,0,,A,PU,_Z,2,,,False,WB_WDI,WB_WDI_NY_GDP_PCAP_CD,BRN,_T,_T,_T,_Z,_Z,_Z,2000,A,USD,
1621.345249,P1Y,0,,A,PU,_Z,2,,,False,WB_WDI,WB_WDI_NY_GDP_PCAP_CD,BGR,_T,_T,_T,_Z,_Z,_Z,2000,A,USD,
248.908527,P1Y,0,,A,PU,_Z,2,,,False,WB_WDI,WB_WDI_NY_GDP_PCAP_CD,BFA,_T,_T,_T,_Z,_Z,_Z,2000,A,USD,
134.537862,P1Y,0,,A,PU,_Z,2,,,False,WB_WDI,WB_WDI_NY_GDP_PCAP_CD,BDI,_T,_T,_T,_Z,_Z,_Z,2000,A,USD,
1189.514793,P1Y,0,,A,PU,_Z,2,,,False,WB_WDI,WB_WDI_NY_GDP_PCAP_CD,CPV,_T,_T,_T,_Z,_Z,_Z,2000,A,USD,
296.426688,P1Y,0,,A,PU,_Z,2,,,False,WB_WDI,WB_WDI_NY_GDP_PCAP_CD,KHM,_T,_T,_T,_Z,_Z,_Z,2000,A,USD,
708.565732,P1Y,0,,A,PU,_Z,2,,,False,WB_WDI,WB_WDI_NY_GDP_PCAP_CD,CMR,_T,_T,_T,_Z,_Z,_Z,2000,A,USD,
24271.002056,P1Y,0,,A,PU,_Z,2,,,False,WB_WDI,WB_WDI_NY_GDP_PCAP_CD,CAN,_T,_T,_T,_Z,_Z,_Z,2000,A,USD,
239.154134,P1Y,0,,A,PU,_Z,2,,,False,WB_WDI,WB_WDI_NY_GDP_PCAP_CD,CAF,_T,_T,_T,_Z,_Z,_Z,2000,A,USD,
163.121664,P1Y,0,,A,PU,_Z,2,,,False,WB_WDI,WB_WDI_NY_GDP_PCAP_CD,TCD,_T,_T,_T,_Z,_Z,_Z,2000,A,USD,
43479.194077,P1Y,0,,A,PU,_Z,2,,,False,WB_WDI,WB_WDI_NY_GDP_PCAP_CD,CHI,_T,_T,_T,_Z,_Z,_Z,2000,A,USD,
5052.992458,P1Y,0,,A,PU,_Z,2,,,False,WB_WDI,WB_WDI_NY_GDP_PCAP_CD,CHL,_T,_T,_T,_Z,_Z,_Z,2000,A,USD,
2658.652179,P1Y,0,,A,PU,_Z,2,,,False,WB_WDI,WB_WDI_NY_GDP_PCAP_CD,MHL,_T,_T,_T,_Z,_Z,_Z,2005,A,USD,
998.965834,P1Y,0,,A,PU,_Z,2,,,False,WB_WDI,WB_WDI_NY_GDP_PCAP_CD,MRT,_T,_T,_T,_Z,_Z,_Z,2005,A,USD,
5354.029743,P1Y,0,,A,PU,_Z,2,,,False,WB_WDI,WB_WDI_NY_GDP_PCAP_CD,MUS,_T,_T,_T,_Z,_Z,_Z,2005,A,USD,
8671.758918,P1Y,0,,A,PU,_Z,2,,,False,WB_WDI,WB_WDI_NY_GDP_PCAP_CD,MEX,_T,_T,_T,_Z,_Z,_Z,2005,A,USD,
2216.996374,P1Y,0,,A,PU,_Z,2,,,False,WB_WDI,WB_WDI_NY_GDP_PCAP_CD,FSM,_T,_T,_T,_Z,_Z,_Z,2005,A,USD,
1034.391977,P1Y,0,,A,PU,_Z,2,,,False,WB_WDI,WB_WDI_NY_GDP_PCAP_CD,MDA,_T,_T,_T,_Z,_Z,_Z,2005,A,USD,
130538.71138,P1Y,0,,A,PU,_Z,2,,,False,WB_WDI,WB_WDI_NY_GDP_PCAP_CD,MCO,_T,_T,_T,_Z,_Z,_Z,2005,A,USD,
994.900109,P1Y,0,,A,PU,_Z,2,,,False,WB_WDI,WB_WDI_NY_GDP_PCAP_CD,MNG,_T,_T,_T,_Z,_Z,_Z,2005,A,USD,
3675.988513,P1Y,0,,A,PU,_Z,2,,,False,WB_WDI,WB_WDI_NY_GDP_PCAP_CD,MNE,_T,_T,_T,_Z,_Z,_Z,2005,A,USD,
2242.988281,P1Y,0,,A,PU,_Z,2,,,False,WB_WDI,WB_WDI_NY_GDP_PCAP_CD,MAR,_T,_T,_T,_Z,_Z,_Z,2005,A,USD,
436.773856,P1Y,0,,A,PU,_Z,2,,,False,WB_WDI,WB_WDI_NY_GDP_PCAP_CD,MOZ,_T,_T,_T,_Z,_Z,_Z,2005,A,USD,
252.685193,P1Y,0,,A,PU,_Z,2,,,False,WB_WDI,WB_WDI_NY_GDP_PCAP_CD,MMR,_T,_T,_T,_Z,_Z,_Z,2005,A,USD,
3685.773,P1Y,0,,A,PU,_Z,2,,,False,WB_WDI,WB_WDI_NY_GDP_PCAP_CD,NAM,_T,_T,_T,_Z,_Z,_Z,2005,A,USD,
100280.831357,P1Y,0,,A,PU,_Z,2,,,False,WB_WDI,WB_WDI_NY_GDP_PCAP_CD,LIE,_T,_T,_T,_Z,_Z,_Z,2004,A,USD,
6734.574871,P1Y,0,,A,PU,_Z,2,,,False,WB_WDI,WB_WDI_NY_GDP_PCAP_CD,LTU,_T,_T,_T,_Z,_Z,_Z,2004,A,USD,
76544.917087,P1Y,0,,A,PU,_Z,2,,,False,WB_WDI,WB_WDI_NY_GDP_PCAP_CD,LUX,_T,_T,_T,_Z,_Z,_Z,2004,A,USD,
23407.199369,P1Y,0,,A,PU,_Z,2,,,False,WB_WDI,WB_WDI_NY_GDP_PCAP_CD,MAC,_T,_T,_T,_Z,_Z,_Z,2004,A,USD,
272.200749,P1Y,0,,A,PU,_Z,2,,,False,WB_WDI,WB_WDI_NY_GDP_PCAP_CD,MDG,_T,_T,_T,_Z,_Z,_Z,2004,A,USD,
404.674248,P1Y,0,,A,PU,_Z,2,,,False,WB_WDI,WB_WDI_NY_GDP_PCAP_CD,MWI,_T,_T,_T,_Z,_Z,_Z,2004,A,USD,
4939.248519,P1Y,0,,A,PU,_Z,2,,,False,WB_WDI,WB_WDI_NY_GDP_PCAP_CD,MYS,_T,_T,_T,_Z,_Z,_Z,2004,A,USD,
4070.260946,P1Y,0,,A,PU,_Z,2,,,False,WB_WDI,WB_WDI_NY_GDP_PCAP_CD,MDV,_T,_T,_T,_Z,_Z,_Z,2004,A,USD,
495.006295,P1Y,0,,A,PU,_Z,2,,,False,WB_WDI,WB_WDI_NY_GDP_PCAP_CD,MLI,_T,_T,_T,_Z,_Z,_Z,2004,A,USD,
15212.131296,P1Y,0,,A,PU,_Z,2,,,False,WB_WDI,WB_WDI_NY_GDP_PCAP_CD,MLT,_T,_T,_T,_Z,_Z,_Z,2004,A,USD,
2566.08291,P1Y,0,,A,PU,_Z,2,,,False,WB_WDI,WB_WDI_NY_GDP_PCAP_CD,MHL,_T,_T,_T,_Z,_Z,_Z,2004,A,USD,
823.554457,P1Y,0,,A,PU,_Z,2,,,False,WB_WDI,WB_WDI_NY_GDP_PCAP_CD,MRT,_T,_T,_T,_Z,_Z,_Z,2004,A,USD,
5460.608002,P1Y,0,,A,PU,_Z,2,,,False,WB_WDI,WB_WDI_NY_GDP_PCAP_CD,MUS,_T,_T,_T,_Z,_Z,_Z,2004,A,USD,
1659.929049,P1Y,0,,A,PU,_Z,2,,,False,WB_WDI,WB_WDI_NY_GDP_PCAP_CD,ROU,_T,_T,_T,_Z,_Z,_Z,2000,A,USD,
1771.594116,P1Y,0,,A,PU,_Z,2,,,False,WB_WDI,WB_WDI_NY_GDP_PCAP_CD,RUS,_T,_T,_T,_Z,_Z,_Z,2000,A,USD,
251.869264,P1Y,0,,A,PU,_Z,2,,,False,WB_WDI,WB_WDI_NY_GDP_PCAP_CD,RWA,_T,_T,_T,_Z,_Z,_Z,2000,A,USD,
1424.7524,P1Y,0,,A,PU,_Z,2,,,False,WB_WDI,WB_WDI_NY_GDP_PCAP_CD,WSM,_T,_T,_T,_Z,_Z,_Z,2000,A,USD,
37600.704914,P1Y,0,,A,PU,_Z,2,,,False,WB_WDI,WB_WDI_NY_GDP_PCAP_CD,SMR,_T,_T,_T,_Z,_Z,_Z,2000,A,USD,
529.089383,P1Y,0,,A,PU,_Z,2,,,False,WB_WDI,WB_WDI_NY_GDP_PCAP_CD,STP,_T,_T,_T,_Z,_Z,_Z,2000,A,USD,
11714.562368,P1Y,0,,A,PU,_Z,2,,,False,WB_WDI,WB_WDI_NY_GDP_PCAP_CD,SAU,_T,_T,_T,_Z,_Z,_Z,2000,A,USD,
603.233162,P1Y,0,,A,PU,_Z,2,,,False,WB_WDI,WB_WDI_NY_GDP_PCAP_CD,SEN,_T,_T,_T,_Z,_Z,_Z,2000,A,USD,
974.725469,P1Y,0,,A,PU,_Z,2,,,False,WB_WDI,WB_WDI_NY_GDP_PCAP_CD,SRB,_T,_T,_T,_Z,_Z,_Z,2000,A,USD,
8063.655006,P1Y,0,,A,PU,_Z,2,,,False,WB_WDI,WB_WDI_NY_GDP_PCAP_CD,SYC,_T,_T,_T,_Z,_Z,_Z,2000,A,USD,
143.743743,P1Y,0,,A,PU,_Z,2,,,False,WB_WDI,WB_WDI_NY_GDP_PCAP_CD,SLE,_T,_T,_T,_Z,_Z,_Z,2000,A,USD,
23852.838951,P1Y,0,,A,PU,_Z,2,,,False,WB_WDI,WB_WDI_NY_GDP_PCAP_CD,SGP,_T,_T,_T,_Z,_Z,_Z,2000,A,USD,
3827.725065,P1Y,0,,A,PU,_Z,2,,,False,WB_WDI,WB_WDI_NY_GDP_PCAP_CD,SVK,_T,_T,_T,_Z,_Z,_Z,2000,A,USD,
10135.721911,P1Y,0,,A,PU,_Z,2,,,False,WB_WDI,WB_WDI_NY_GDP_PCAP_CD,SVN,_T,_T,_T,_Z,_Z,_Z,2000,A,USD,
50208.096023,P1Y,0,,A,PU,_Z,2,,,False,WB_WDI,WB_WDI_NY_GDP_PCAP_CD,NOR,_T,_T,_T,_Z,_Z,_Z,2003,A,USD,
10463.542583,P1Y,0,,A,PU,_Z,2,,,False,WB_WDI,WB_WDI_NY_GDP_PCAP_CD,OMN,_T,_T,_T,_Z,_Z,_Z,2003,A,USD,
672.441787,P1Y,0,,A,PU,_Z,2,,,False,WB_WDI,WB_WDI_NY_GDP_PCAP_CD,PAK,_T,_T,_T,_Z,_Z,_Z,2003,A,USD,
7862.392861,P1Y,0,,A,PU,_Z,2,,,False,WB_WDI,WB_WDI_NY_GDP_PCAP_CD,PLW,_T,_T,_T,_Z,_Z,_Z,2003,A,USD,
4264.664288,P1Y,0,,A,PU,_Z,2,,,False,WB_WDI,WB_WDI_NY_GDP_PCAP_CD,PAN,_T,_T,_T,_Z,_Z,_Z,2003,A,USD,
577.467922,P1Y,0,,A,PU,_Z,2,,,False,WB_WDI,WB_WDI_NY_GDP_PCAP_CD,PNG,_T,_T,_T,_Z,_Z,_Z,2003,A,USD,
1443.998852,P1Y,0,,A,PU,_Z,2,,,False,WB_WDI,WB_WDI_NY_GDP_PCAP_CD,PRY,_T,_T,_T,_Z,_Z,_Z,2003,A,USD,
2129.441142,P1Y,0,,A,PU,_Z,2,,,False,WB_WDI,WB_WDI_NY_GDP_PCAP_CD,PER,_T,_T,_T,_Z,_Z,_Z,2003,A,USD,
1027.230119,P1Y,0,,A,PU,_Z,2,,,False,WB_WDI,WB_WDI_NY_GDP_PCAP_CD,PHL,_T,_T,_T,_Z,_Z,_Z,2003,A,USD,
5720.813662,P1Y,0,,A,PU,_Z,2,,,False,WB_WDI,WB_WDI_NY_GDP_PCAP_CD,POL,_T,_T,_T,_Z,_Z,_Z,2003,A,USD,
15797.782134,P1Y,0,,A,PU,_Z,2,,,False,WB_WDI,WB_WDI_NY_GDP_PCAP_CD,PRT,_T,_T,_T,_Z,_Z,_Z,2003,A,USD,
19557.120249,P1Y,0,,A,PU,_Z,2,,,False,WB_WDI,WB_WDI_NY_GDP_PCAP_CD,PRI,_T,_T,_T,_Z,_Z,_Z,2003,A,USD,
31602.470865,P1Y,0,,A,PU,_Z,2,,,False,WB_WDI,WB_WDI_NY_GDP_PCAP_CD,QAT,_T,_T,_T,_Z,_Z,_Z,2003,A,USD,
703.670999,P1Y,0,,A,PU,_Z,2,,,False,WB_WDI,WB_WDI_NY_GDP_PCAP_CD,AZE,_T,_T,_T,_Z,_Z,_Z,2001,A,USD,
25371.923767,P1Y,0,,A,PU,_Z,2,,,False,WB_WDI,WB_WDI_NY_GDP_PCAP_CD,BHS,_T,_T,_T,_Z,_Z,_Z,2001,A,USD,
13573.233989,P1Y,0,,A,PU,_Z,2,,,False,WB_WDI,WB_WDI_NY_GDP_PCAP_CD,BHR,_T,_T,_T,_Z,_Z,_Z,2001,A,USD,
394.65641,P1Y,0,,A,PU,_Z,2,,,False,WB_WDI,WB_WDI_NY_GDP_PCAP_CD,BGD,_T,_T,_T,_Z,_Z,_Z,2001,A,USD,
11639.516052,P1Y,0,,A,PU,_Z,2,,,False,WB_WDI,WB_WDI_NY_GDP_PCAP_CD,BRB,_T,_T,_T,_Z,_Z,_Z,2001,A,USD,
1244.373185,P1Y,0,,A,PU,_Z,2,,,False,WB_WDI,WB_WDI_NY_GDP_PCAP_CD,BLR,_T,_T,_T,_Z,_Z,_Z,2001,A,USD,
23015.071263,P1Y,0,,A,PU,_Z,2,,,False,WB_WDI,WB_WDI_NY_GDP_PCAP_CD,BEL,_T,_T,_T,_Z,_Z,_Z,2001,A,USD,
4718.777151,P1Y,0,,A,PU,_Z,2,,,False,WB_WDI,WB_WDI_NY_GDP_PCAP_CD,BLZ,_T,_T,_T,_Z,_Z,_Z,2001,A,USD,
492.4015,P1Y,0,,A,PU,_Z,2,,,False,WB_WDI,WB_WDI_NY_GDP_PCAP_CD,BEN,_T,_T,_T,_Z,_Z,_Z,2001,A,USD,
59490.245203,P1Y,0,,A,PU,_Z,2,,,False,WB_WDI,WB_WDI_NY_GDP_PCAP_CD,BMU,_T,_T,_T,_Z,_Z,_Z,2001,A,USD,
812.238211,P1Y,0,,A,PU,_Z,2,,,False,WB_WDI,WB_WDI_NY_GDP_PCAP_CD,BTN,_T,_T,_T,_Z,_Z,_Z,2001,A,USD,
930.168227,P1Y,0,,A,PU,_Z,2,,,False,WB_WDI,WB_WDI_NY_GDP_PCAP_CD,BOL,_T,_T,_T,_Z,_Z,_Z,2001,A,USD,
1387.893629,P1Y,0,,A,PU,_Z,2,,,False,WB_WDI,WB_WDI_NY_GDP_PCAP_CD,BIH,_T,_T,_T,_Z,_Z,_Z,2001,A,USD,
31000.57138,P1Y,0,,A,PU,_Z,2,,,False,WB_WDI,WB_WDI_NY_GDP_PCAP_CD,ABW,_T,_T,_T,_Z,_Z,_Z,2022,A,USD,
65169.519112,P1Y,0,,A,PU,_Z,2,,,False,WB_WDI,WB_WDI_NY_GDP_PCAP_CD,AUS,_T,_T,_T,_Z,_Z,_Z,2022,A,USD,
52336.772522,P1Y,0,,A,PU,_Z,2,,,False,WB_WDI,WB_WDI_NY_GDP_PCAP_CD,AUT,_T,_T,_T,_Z,_Z,_Z,2022,A,USD,
7770.594223,P1Y,0,,A,PU,_Z,2,,,False,WB_WDI,WB_WDI_NY_GDP_PCAP_CD,AZE,_T,_T,_T,_Z,_Z,_Z,2022,A,USD,
34957.161328,P1Y,0,,A,PU,_Z,2,,,False,WB_WDI,WB_WDI_NY_GDP_PCAP_CD,BHS,_T,_T,_T,_Z,_Z,_Z,2022,A,USD,
30470.521928,P1Y,0,,A,PU,_Z,2,,,False,WB_WDI,WB_WDI_NY_GDP_PCAP_CD,BHR,_T,_T,_T,_Z,_Z,_Z,2022,A,USD,
2716.485928,P1Y,0,,A,PU,_Z,2,,,False,WB_WDI,WB_WDI_NY_GDP_PCAP_CD,BGD,_T,_T,_T,_Z,_Z,_Z,2022,A,USD,
24393.219348,P1Y,0,,A,PU,_Z,2,,,False,WB_WDI,WB_WDI_NY_GDP_PCAP_CD,BRB,_T,_T,_T,_Z,_Z,_Z,2022,A,USD,
7994.648061,P1Y,0,,A,PU,_Z,2,,,False,WB_WDI,WB_WDI_NY_GDP_PCAP_CD,BLR,_T,_T,_T,_Z,_Z,_Z,2022,A,USD,
50639.026488,P1Y,0,,A,PU,_Z,2,,,False,WB_WDI,WB_WDI_NY_GDP_PCAP_CD,BEL,_T,_T,_T,_Z,_Z,_Z,2022,A,USD,
7068.21728,P1Y,0,,A,PU,_Z,2,,,False,WB_WDI,WB_WDI_NY_GDP_PCAP_CD,BLZ,_T,_T,_T,_Z,_Z,_Z,2022,A,USD,
1266.42711,P1Y,0,,A,PU,_Z,2,,,False,WB_WDI,WB_WDI_NY_GDP_PCAP_CD,BEN,_T,_T,_T,_Z,_Z,_Z,2022,A,USD,
3786.337992,P1Y,0,,A,PU,_Z,2,,,False,WB_WDI,WB_WDI_NY_GDP_PCAP_CD,CUB,_T,_T,_T,_Z,_Z,_Z,2005,A,USD,
17032.335662,P1Y,0,,A,PU,_Z,2,,,False,WB_WDI,WB_WDI_NY_GDP_PCAP_CD,CUW,_T,_T,_T,_Z,_Z,_Z,2005,A,USD,
24959.261719,P1Y,0,,A,PU,_Z,2,,,False,WB_WDI,WB_WDI_NY_GDP_PCAP_CD,CYP,_T,_T,_T,_Z,_Z,_Z,2005,A,USD,
13442.491628,P1Y,0,,A,PU,_Z,2,,,False,WB_WDI,WB_WDI_NY_GDP_PCAP_CD,CZE,_T,_T,_T,_Z,_Z,_Z,2005,A,USD,
48925.80767,P1Y,0,,A,PU,_Z,2,,,False,WB_WDI,WB_WDI_NY_GDP_PCAP_CD,DNK,_T,_T,_T,_Z,_Z,_Z,2005,A,USD,
844.448357,P1Y,0,,A,PU,_Z,2,,,False,WB_WDI,WB_WDI_NY_GDP_PCAP_CD,DJI,_T,_T,_T,_Z,_Z,_Z,2005,A,USD,
5695.224424,P1Y,0,,A,PU,_Z,2,,,False,WB_WDI,WB_WDI_NY_GDP_PCAP_CD,DMA,_T,_T,_T,_Z,_Z,_Z,2005,A,USD,
3878.312067,P1Y,0,,A,PU,_Z,2,,,False,WB_WDI,WB_WDI_NY_GDP_PCAP_CD,DOM,_T,_T,_T,_Z,_Z,_Z,2005,A,USD,
2909.02606,P1Y,0,,A,PU,_Z,2,,,False,WB_WDI,WB_WDI_NY_GDP_PCAP_CD,ECU,_T,_T,_T,_Z,_Z,_Z,2005,A,USD,
1105.539207,P1Y,0,,A,PU,_Z,2,,,False,WB_WDI,WB_WDI_NY_GDP_PCAP_CD,EGY,_T,_T,_T,_Z,_Z,_Z,2005,A,USD,
2447.391408,P1Y,0,,A,PU,_Z,2,,,False,WB_WDI,WB_WDI_NY_GDP_PCAP_CD,SLV,_T,_T,_T,_Z,_Z,_Z,2005,A,USD,
8673.902609,P1Y,0,,A,PU,_Z,2,,,False,WB_WDI,WB_WDI_NY_GDP_PCAP_CD,GNQ,_T,_T,_T,_Z,_Z,_Z,2005,A,USD,
59123.318556,P1Y,0,,A,PU,_Z,2,,,False,WB_WDI,WB_WDI_NY_GDP_PCAP_CD,NLD,_T,_T,_T,_Z,_Z,_Z,2022,A,USD,
33516.363086,P1Y,0,,A,PU,_Z,2,,,False,WB_WDI,WB_WDI_NY_GDP_PCAP_CD,NCL,_T,_T,_T,_Z,_Z,_Z,2022,A,USD,
49141.631629,P1Y,0,,A,PU,_Z,2,,,False,WB_WDI,WB_WDI_NY_GDP_PCAP_CD,NZL,_T,_T,_T,_Z,_Z,_Z,2022,A,USD,
2322.890696,P1Y,0,,A,PU,_Z,2,,,False,WB_WDI,WB_WDI_NY_GDP_PCAP_CD,NIC,_T,_T,_T,_Z,_Z,_Z,2022,A,USD,
613.614736,P1Y,0,,A,PU,_Z,2,,,False,WB_WDI,WB_WDI_NY_GDP_PCAP_CD,NER,_T,_T,_T,_Z,_Z,_Z,2022,A,USD,
2899.160475,P1Y,0,,A,PU,_Z,2,,,False,WB_WDI,WB_WDI_NY_GDP_PCAP_CD,NGA,_T,_T,_T,_Z,_Z,_Z,2022,A,USD,
7606.237525,P1Y,0,,A,PU,_Z,2,,,False,WB_WDI,WB_WDI_NY_GDP_PCAP_CD,MKD,_T,_T,_T,_Z,_Z,_Z,2022,A,USD,
23785.75459,P1Y,0,,A,PU,_Z,2,,,True,WB_WDI,WB_WDI_NY_GDP_PCAP_CD,MNP,_T,_T,_T,_Z,_Z,_Z,2022,A,USD,
113122.130766,P1Y,0,,A,PU,_Z,2,,,False,WB_WDI,WB_WDI_NY_GDP_PCAP_CD,NOR,_T,_T,_T,_Z,_Z,_Z,2022,A,USD,
23223.582941,P1Y,0,,A,PU,_Z,2,,,False,WB_WDI,WB_WDI_NY_GDP_PCAP_CD,OMN,_T,_T,_T,_Z,_Z,_Z,2022,A,USD,
1538.322813,P1Y,0,,A,PU,_Z,2,,,False,WB_WDI,WB_WDI_NY_GDP_PCAP_CD,PAK,_T,_T,_T,_Z,_Z,_Z,2022,A,USD,
13934.951996,P1Y,0,,A,PU,_Z,2,,,False,WB_WDI,WB_WDI_NY_GDP_PCAP_CD,PLW,_T,_T,_T,_Z,_Z,_Z,2022,A,USD,
17378.607008,P1Y,0,,A,PU,_Z,2,,,False,WB_WDI,WB_WDI_NY_GDP_PCAP_CD,PAN,_T,_T,_T,_Z,_Z,_Z,2022,A,USD,
2273.720558,P1Y,0,,A,PU,_Z,2,,,False,WB_WDI,WB_WDI_NY_GDP_PCAP_CD,TSA,_T,_T,_T,_Z,_Z,_Z,2021,A,USD,
1785.981182,P1Y,0,,A,PU,_Z,2,,,False,WB_WDI,WB_WDI_NY_GDP_PCAP_CD,SSF,_T,_T,_T,_Z,_Z,_Z,2021,A,USD,
1784.887749,P1Y,0,,A,PU,_Z,2,,,False,WB_WDI,WB_WDI_NY_GDP_PCAP_CD,SSA,_T,_T,_T,_Z,_Z,_Z,2021,A,USD,
1785.981182,P1Y,0,,A,PU,_Z,2,,,False,WB_WDI,WB_WDI_NY_GDP_PCAP_CD,TSS,_T,_T,_T,_Z,_Z,_Z,2021,A,USD,
9409.612352,P1Y,0,,A,PU,_Z,2,,,False,WB_WDI,WB_WDI_NY_GDP_PCAP_CD,UMC,_T,_T,_T,_Z,_Z,_Z,2021,A,USD,
12472.907416,P1Y,0,,A,PU,_Z,2,,,False,WB_WDI,WB_WDI_NY_GDP_PCAP_CD,WLD,_T,_T,_T,_Z,_Z,_Z,2021,A,USD,
356.496214,P1Y,0,,A,PU,_Z,2,,,False,WB_WDI,WB_WDI_NY_GDP_PCAP_CD,AFG,_T,_T,_T,_Z,_Z,_Z,2021,A,USD,
7242.455131,P1Y,0,,A,PU,_Z,2,,,False,WB_WDI,WB_WDI_NY_GDP_PCAP_CD,ALB,_T,_T,_T,_Z,_Z,_Z,2021,A,USD,
4160.559267,P1Y,0,,A,PU,_Z,2,,,False,WB_WDI,WB_WDI_NY_GDP_PCAP_CD,DZA,_T,_T,_T,_Z,_Z,_Z,2021,A,USD,
15236.160488,P1Y,0,,A,PU,_Z,2,,,False,WB_WDI,WB_WDI_NY_GDP_PCAP_CD,ASM,_T,_T,_T,_Z,_Z,_Z,2021,A,USD,
42425.699676,P1Y,0,,A,PU,_Z,2,,,False,WB_WDI,WB_WDI_NY_GDP_PCAP_CD,AND,_T,_T,_T,_Z,_Z,_Z,2021,A,USD,
2266.968349,P1Y,0,,A,PU,_Z,2,,,False,WB_WDI,WB_WDI_NY_GDP_PCAP_CD,AGO,_T,_T,_T,_Z,_Z,_Z,2021,A,USD,
17348.600699,P1Y,0,,A,PU,_Z,2,,,False,WB_WDI,WB_WDI_NY_GDP_PCAP_CD,ATG,_T,_T,_T,_Z,_Z,_Z,2021,A,USD,
10738.017922,P1Y,0,,A,PU,_Z,2,,,False,WB_WDI,WB_WDI_NY_GDP_PCAP_CD,ARG,_T,_T,_T,_Z,_Z,_Z,2021,A,USD,
5269.699462,P1Y,0,,A,PU,_Z,2,,,False,WB_WDI,WB_WDI_NY_GDP_PCAP_CD,XKX,_T,_T,_T,_Z,_Z,_Z,2021,A,USD,
34018.634259,P1Y,0,,A,PU,_Z,2,,,False,WB_WDI,WB_WDI_NY_GDP_PCAP_CD,KWT,_T,_T,_T,_Z,_Z,_Z,2021,A,USD,
1349.997307,P1Y,0,,A,PU,_Z,2,,,False,WB_WDI,WB_WDI_NY_GDP_PCAP_CD,KGZ,_T,_T,_T,_Z,_Z,_Z,2021,A,USD,
2526.05105,P1Y,0,,A,PU,_Z,2,,,False,WB_WDI,WB_WDI_NY_GDP_PCAP_CD,LAO,_T,_T,_T,_Z,_Z,_Z,2021,A,USD,
20261.888779,P1Y,0,,A,PU,_Z,2,,,False,WB_WDI,WB_WDI_NY_GDP_PCAP_CD,LVA,_T,_T,_T,_Z,_Z,_Z,2021,A,USD,
4045.373911,P1Y,0,,A,PU,_Z,2,,,False,WB_WDI,WB_WDI_NY_GDP_PCAP_CD,LBN,_T,_T,_T,_Z,_Z,_Z,2021,A,USD,
1066.586451,P1Y,0,,A,PU,_Z,2,,,False,WB_WDI,WB_WDI_NY_GDP_PCAP_CD,LSO,_T,_T,_T,_Z,_Z,_Z,2021,A,USD,
667.966105,P1Y,0,,A,PU,_Z,2,,,False,WB_WDI,WB_WDI_NY_GDP_PCAP_CD,LBR,_T,_T,_T,_Z,_Z,_Z,2021,A,USD,
4935.827873,P1Y,0,,A,PU,_Z,2,,,False,WB_WDI,WB_WDI_NY_GDP_PCAP_CD,LBY,_T,_T,_T,_Z,_Z,_Z,2021,A,USD,
201944.830335,P1Y,0,,A,PU,_Z,2,,,False,WB_WDI,WB_WDI_NY_GDP_PCAP_CD,LIE,_T,_T,_T,_Z,_Z,_Z,2021,A,USD,
23882.866892,P1Y,0,,A,PU,_Z,2,,,False,WB_WDI,WB_WDI_NY_GDP_PCAP_CD,LTU,_T,_T,_T,_Z,_Z,_Z,2021,A,USD,
134965.815442,P1Y,0,,A,PU,_Z,2,,,False,WB_WDI,WB_WDI_NY_GDP_PCAP_CD,LUX,_T,_T,_T,_Z,_Z,_Z,2021,A,USD,
320.316005,P1Y,0,,A,PU,_Z,2,,,False,WB_WDI,WB_WDI_NY_GDP_PCAP_CD,LAO,_T,_T,_T,_Z,_Z,_Z,2001,A,USD,
3504.618295,P1Y,0,,A,PU,_Z,2,,,False,WB_WDI,WB_WDI_NY_GDP_PCAP_CD,LVA,_T,_T,_T,_Z,_Z,_Z,2001,A,USD,
4009.559298,P1Y,0,,A,PU,_Z,2,,,False,WB_WDI,WB_WDI_NY_GDP_PCAP_CD,LBN,_T,_T,_T,_Z,_Z,_Z,2001,A,USD,
412.677474,P1Y,0,,A,PU,_Z,2,,,False,WB_WDI,WB_WDI_NY_GDP_PCAP_CD,LSO,_T,_T,_T,_Z,_Z,_Z,2001,A,USD,
300.463829,P1Y,0,,A,PU,_Z,2,,,False,WB_WDI,WB_WDI_NY_GDP_PCAP_CD,LBR,_T,_T,_T,_Z,_Z,_Z,2001,A,USD,
6312.800305,P1Y,0,,A,PU,_Z,2,,,False,WB_WDI,WB_WDI_NY_GDP_PCAP_CD,LBY,_T,_T,_T,_Z,_Z,_Z,2001,A,USD,
75067.800168,P1Y,0,,A,PU,_Z,2,,,False,WB_WDI,WB_WDI_NY_GDP_PCAP_CD,LIE,_T,_T,_T,_Z,_Z,_Z,2001,A,USD,
3532.527874,P1Y,0,,A,PU,_Z,2,,,False,WB_WDI,WB_WDI_NY_GDP_PCAP_CD,LTU,_T,_T,_T,_Z,_Z,_Z,2001,A,USD,
48440.180556,P1Y,0,,A,PU,_Z,2,,,False,WB_WDI,WB_WDI_NY_GDP_PCAP_CD,LUX,_T,_T,_T,_Z,_Z,_Z,2001,A,USD,
15810.722767,P1Y,0,,A,PU,_Z,2,,,False,WB_WDI,WB_WDI_NY_GDP_PCAP_CD,MAC,_T,_T,_T,_Z,_Z,_Z,2001,A,USD,
319.283278,P1Y,0,,A,PU,_Z,2,,,False,WB_WDI,WB_WDI_NY_GDP_PCAP_CD,MDG,_T,_T,_T,_Z,_Z,_Z,2001,A,USD,
215.474525,P1Y,0,,A,PU,_Z,2,,,False,WB_WDI,WB_WDI_NY_GDP_PCAP_CD,MWI,_T,_T,_T,_Z,_Z,_Z,2001,A,USD,
3943.799439,P1Y,0,,A,PU,_Z,2,,,False,WB_WDI,WB_WDI_NY_GDP_PCAP_CD,MYS,_T,_T,_T,_Z,_Z,_Z,2001,A,USD,
3033.932345,P1Y,0,,A,PU,_Z,2,,,False,WB_WDI,WB_WDI_NY_GDP_PCAP_CD,MDV,_T,_T,_T,_Z,_Z,_Z,2001,A,USD,
15368.233798,P1Y,0,,A,PU,_Z,2,,,False,WB_WDI,WB_WDI_NY_GDP_PCAP_CD,ESP,_T,_T,_T,_Z,_Z,_Z,2001,A,USD,
803.544027,P1Y,0,,A,PU,_Z,2,,,False,WB_WDI,WB_WDI_NY_GDP_PCAP_CD,LKA,_T,_T,_T,_Z,_Z,_Z,2001,A,USD,
10022.591924,P1Y,0,,A,PU,_Z,2,,,False,WB_WDI,WB_WDI_NY_GDP_PCAP_CD,KNA,_T,_T,_T,_Z,_Z,_Z,2001,A,USD,
5570.452471,P1Y,0,,A,PU,_Z,2,,,False,WB_WDI,WB_WDI_NY_GDP_PCAP_CD,LCA,_T,_T,_T,_Z,_Z,_Z,2001,A,USD,
4071.086011,P1Y,0,,A,PU,_Z,2,,,False,WB_WDI,WB_WDI_NY_GDP_PCAP_CD,VCT,_T,_T,_T,_Z,_Z,_Z,2001,A,USD,
451.293304,P1Y,0,,A,PU,_Z,2,,,False,WB_WDI,WB_WDI_NY_GDP_PCAP_CD,SDN,_T,_T,_T,_Z,_Z,_Z,2001,A,USD,
1714.648466,P1Y,0,,A,PU,_Z,2,,,False,WB_WDI,WB_WDI_NY_GDP_PCAP_CD,SUR,_T,_T,_T,_Z,_Z,_Z,2001,A,USD,
27259.31743,P1Y,0,,A,PU,_Z,2,,,False,WB_WDI,WB_WDI_NY_GDP_PCAP_CD,SWE,_T,_T,_T,_Z,_Z,_Z,2001,A,USD,
40133.610197,P1Y,0,,A,PU,_Z,2,,,False,WB_WDI,WB_WDI_NY_GDP_PCAP_CD,CHE,_T,_T,_T,_Z,_Z,_Z,2001,A,USD,
1177.538069,P1Y,0,,A,PU,_Z,2,,,False,WB_WDI,WB_WDI_NY_GDP_PCAP_CD,SYR,_T,_T,_T,_Z,_Z,_Z,2001,A,USD,
168.676285,P1Y,0,,A,PU,_Z,2,,,False,WB_WDI,WB_WDI_NY_GDP_PCAP_CD,TJK,_T,_T,_T,_Z,_Z,_Z,2001,A,USD,
396.638733,P1Y,0,,A,PU,_Z,2,,,False,WB_WDI,WB_WDI_NY_GDP_PCAP_CD,TZA,_T,_T,_T,_Z,_Z,_Z,2001,A,USD,
1889.934325,P1Y,0,,A,PU,_Z,2,,,False,WB_WDI,WB_WDI_NY_GDP_PCAP_CD,THA,_T,_T,_T,_Z,_Z,_Z,2001,A,USD,
1549.188319,P1Y,0,,A,PU,_Z,2,,,False,WB_WDI,WB_WDI_NY_GDP_PCAP_CD,SSF,_T,_T,_T,_Z,_Z,_Z,2017,A,USD,
1547.774678,P1Y,0,,A,PU,_Z,2,,,False,WB_WDI,WB_WDI_NY_GDP_PCAP_CD,SSA,_T,_T,_T,_Z,_Z,_Z,2017,A,USD,
1549.188319,P1Y,0,,A,PU,_Z,2,,,False,WB_WDI,WB_WDI_NY_GDP_PCAP_CD,TSS,_T,_T,_T,_Z,_Z,_Z,2017,A,USD,
7676.40395,P1Y,0,,A,PU,_Z,2,,,False,WB_WDI,WB_WDI_NY_GDP_PCAP_CD,UMC,_T,_T,_T,_Z,_Z,_Z,2017,A,USD,
10784.39509,P1Y,0,,A,PU,_Z,2,,,False,WB_WDI,WB_WDI_NY_GDP_PCAP_CD,WLD,_T,_T,_T,_Z,_Z,_Z,2017,A,USD,
525.469771,P1Y,0,,A,PU,_Z,2,,,False,WB_WDI,WB_WDI_NY_GDP_PCAP_CD,AFG,_T,_T,_T,_Z,_Z,_Z,2017,A,USD,
5006.36013,P1Y,0,,A,PU,_Z,2,,,False,WB_WDI,WB_WDI_NY_GDP_PCAP_CD,ALB,_T,_T,_T,_Z,_Z,_Z,2017,A,USD,
4554.66754,P1Y,0,,A,PU,_Z,2,,,False,WB_WDI,WB_WDI_NY_GDP_PCAP_CD,DZA,_T,_T,_T,_Z,_Z,_Z,2017,A,USD,
11863.683945,P1Y,0,,A,PU,_Z,2,,,False,WB_WDI,WB_WDI_NY_GDP_PCAP_CD,ASM,_T,_T,_T,_Z,_Z,_Z,2017,A,USD,
40672.994336,P1Y,0,,A,PU,_Z,2,,,False,WB_WDI,WB_WDI_NY_GDP_PCAP_CD,AND,_T,_T,_T,_Z,_Z,_Z,2017,A,USD,
2832.14998,P1Y,0,,A,PU,_Z,2,,,False,WB_WDI,WB_WDI_NY_GDP_PCAP_CD,AGO,_T,_T,_T,_Z,_Z,_Z,2017,A,USD,
16965.728827,P1Y,0,,A,PU,_Z,2,,,False,WB_WDI,WB_WDI_NY_GDP_PCAP_CD,ATG,_T,_T,_T,_Z,_Z,_Z,2017,A,USD,
14532.500931,P1Y,0,,A,PU,_Z,2,,,False,WB_WDI,WB_WDI_NY_GDP_PCAP_CD,ARG,_T,_T,_T,_Z,_Z,_Z,2017,A,USD,
14711.674874,P1Y,0,,A,PU,_Z,2,,,False,WB_WDI,WB_WDI_NY_GDP_PCAP_CD,SVN,_T,_T,_T,_Z,_Z,_Z,2003,A,USD,
895.984243,P1Y,0,,A,PU,_Z,2,,,False,WB_WDI,WB_WDI_NY_GDP_PCAP_CD,SLB,_T,_T,_T,_Z,_Z,_Z,2003,A,USD,
286.273025,P1Y,0,,A,PU,_Z,2,,,False,WB_WDI,WB_WDI_NY_GDP_PCAP_CD,SOM,_T,_T,_T,_Z,_Z,_Z,2003,A,USD,
4062.21756,P1Y,0,,A,PU,_Z,2,,,False,WB_WDI,WB_WDI_NY_GDP_PCAP_CD,ZAF,_T,_T,_T,_Z,_Z,_Z,2003,A,USD,
21522.017099,P1Y,0,,A,PU,_Z,2,,,False,WB_WDI,WB_WDI_NY_GDP_PCAP_CD,ESP,_T,_T,_T,_Z,_Z,_Z,2003,A,USD,
946.382255,P1Y,0,,A,PU,_Z,2,,,False,WB_WDI,WB_WDI_NY_GDP_PCAP_CD,LKA,_T,_T,_T,_Z,_Z,_Z,2003,A,USD,
10175.629545,P1Y,0,,A,PU,_Z,2,,,False,WB_WDI,WB_WDI_NY_GDP_PCAP_CD,KNA,_T,_T,_T,_Z,_Z,_Z,2003,A,USD,
6058.606221,P1Y,0,,A,PU,_Z,2,,,False,WB_WDI,WB_WDI_NY_GDP_PCAP_CD,LCA,_T,_T,_T,_Z,_Z,_Z,2003,A,USD,
4499.614542,P1Y,0,,A,PU,_Z,2,,,False,WB_WDI,WB_WDI_NY_GDP_PCAP_CD,VCT,_T,_T,_T,_Z,_Z,_Z,2003,A,USD,
580.320251,P1Y,0,,A,PU,_Z,2,,,False,WB_WDI,WB_WDI_NY_GDP_PCAP_CD,SDN,_T,_T,_T,_Z,_Z,_Z,2003,A,USD,
2516.10404,P1Y,0,,A,PU,_Z,2,,,False,WB_WDI,WB_WDI_NY_GDP_PCAP_CD,SUR,_T,_T,_T,_Z,_Z,_Z,2003,A,USD,
37292.241973,P1Y,0,,A,PU,_Z,2,,,False,WB_WDI,WB_WDI_NY_GDP_PCAP_CD,SWE,_T,_T,_T,_Z,_Z,_Z,2003,A,USD,
49947.391018,P1Y,0,,A,PU,_Z,2,,,False,WB_WDI,WB_WDI_NY_GDP_PCAP_CD,CHE,_T,_T,_T,_Z,_Z,_Z,2003,A,USD,
234.043017,P1Y,0,,A,PU,_Z,2,,,False,WB_WDI,WB_WDI_NY_GDP_PCAP_CD,RWA,_T,_T,_T,_Z,_Z,_Z,2002,A,USD,
1527.557905,P1Y,0,,A,PU,_Z,2,,,False,WB_WDI,WB_WDI_NY_GDP_PCAP_CD,WSM,_T,_T,_T,_Z,_Z,_Z,2002,A,USD,
41790.84342,P1Y,0,,A,PU,_Z,2,,,False,WB_WDI,WB_WDI_NY_GDP_PCAP_CD,SMR,_T,_T,_T,_Z,_Z,_Z,2002,A,USD,
568.102573,P1Y,0,,A,PU,_Z,2,,,False,WB_WDI,WB_WDI_NY_GDP_PCAP_CD,STP,_T,_T,_T,_Z,_Z,_Z,2002,A,USD,
10586.054347,P1Y,0,,A,PU,_Z,2,,,False,WB_WDI,WB_WDI_NY_GDP_PCAP_CD,SAU,_T,_T,_T,_Z,_Z,_Z,2002,A,USD,
669.430447,P1Y,0,,A,PU,_Z,2,,,False,WB_WDI,WB_WDI_NY_GDP_PCAP_CD,SEN,_T,_T,_T,_Z,_Z,_Z,2002,A,USD,
2390.734594,P1Y,0,,A,PU,_Z,2,,,False,WB_WDI,WB_WDI_NY_GDP_PCAP_CD,SRB,_T,_T,_T,_Z,_Z,_Z,2002,A,USD,
8864.169195,P1Y,0,,A,PU,_Z,2,,,False,WB_WDI,WB_WDI_NY_GDP_PCAP_CD,SYC,_T,_T,_T,_Z,_Z,_Z,2002,A,USD,
388.995111,P1Y,0,,A,PU,_Z,2,,,False,WB_WDI,WB_WDI_NY_GDP_PCAP_CD,SLE,_T,_T,_T,_Z,_Z,_Z,2002,A,USD,
22159.837371,P1Y,0,,A,PU,_Z,2,,,False,WB_WDI,WB_WDI_NY_GDP_PCAP_CD,SGP,_T,_T,_T,_Z,_Z,_Z,2002,A,USD,
4606.387935,P1Y,0,,A,PU,_Z,2,,,False,WB_WDI,WB_WDI_NY_GDP_PCAP_CD,SVK,_T,_T,_T,_Z,_Z,_Z,2002,A,USD,
11639.129778,P1Y,0,,A,PU,_Z,2,,,False,WB_WDI,WB_WDI_NY_GDP_PCAP_CD,SVN,_T,_T,_T,_Z,_Z,_Z,2002,A,USD,
756.890296,P1Y,0,,A,PU,_Z,2,,,False,WB_WDI,WB_WDI_NY_GDP_PCAP_CD,SLB,_T,_T,_T,_Z,_Z,_Z,2002,A,USD,
229.598918,P1Y,0,,A,PU,_Z,2,,,False,WB_WDI,WB_WDI_NY_GDP_PCAP_CD,SOM,_T,_T,_T,_Z,_Z,_Z,2002,A,USD,
2213.812351,P1Y,0,,A,PU,_Z,2,,,False,WB_WDI,WB_WDI_NY_GDP_PCAP_CD,MDV,_T,_T,_T,_Z,_Z,_Z,2000,A,USD,
304.65287,P1Y,0,,A,PU,_Z,2,,,False,WB_WDI,WB_WDI_NY_GDP_PCAP_CD,MLI,_T,_T,_T,_Z,_Z,_Z,2000,A,USD,
10348.485765,P1Y,0,,A,PU,_Z,2,,,False,WB_WDI,WB_WDI_NY_GDP_PCAP_CD,MLT,_T,_T,_T,_Z,_Z,_Z,2000,A,USD,
2264.791149,P1Y,0,,A,PU,_Z,2,,,False,WB_WDI,WB_WDI_NY_GDP_PCAP_CD,MHL,_T,_T,_T,_Z,_Z,_Z,2000,A,USD,
680.911062,P1Y,0,,A,PU,_Z,2,,,False,WB_WDI,WB_WDI_NY_GDP_PCAP_CD,MRT,_T,_T,_T,_Z,_Z,_Z,2000,A,USD,
3981.983432,P1Y,0,,A,PU,_Z,2,,,False,WB_WDI,WB_WDI_NY_GDP_PCAP_CD,MUS,_T,_T,_T,_Z,_Z,_Z,2000,A,USD,
7524.027138,P1Y,0,,A,PU,_Z,2,,,False,WB_WDI,WB_WDI_NY_GDP_PCAP_CD,MEX,_T,_T,_T,_Z,_Z,_Z,2000,A,USD,
2049.3449,P1Y,0,,A,PU,_Z,2,,,False,WB_WDI,WB_WDI_NY_GDP_PCAP_CD,FSM,_T,_T,_T,_Z,_Z,_Z,2000,A,USD,
440.538684,P1Y,0,,A,PU,_Z,2,,,False,WB_WDI,WB_WDI_NY_GDP_PCAP_CD,MDA,_T,_T,_T,_Z,_Z,_Z,2000,A,USD,
81789.014509,P1Y,0,,A,PU,_Z,2,,,False,WB_WDI,WB_WDI_NY_GDP_PCAP_CD,MCO,_T,_T,_T,_Z,_Z,_Z,2000,A,USD,
476.027551,P1Y,0,,A,PU,_Z,2,,,False,WB_WDI,WB_WDI_NY_GDP_PCAP_CD,MNG,_T,_T,_T,_Z,_Z,_Z,2000,A,USD,
1627.065119,P1Y,0,,A,PU,_Z,2,,,False,WB_WDI,WB_WDI_NY_GDP_PCAP_CD,MNE,_T,_T,_T,_Z,_Z,_Z,2000,A,USD,
1499.107422,P1Y,0,,A,PU,_Z,2,,,False,WB_WDI,WB_WDI_NY_GDP_PCAP_CD,MAR,_T,_T,_T,_Z,_Z,_Z,2000,A,USD,
898.464628,P1Y,0,,A,PU,_Z,2,,,False,WB_WDI,WB_WDI_NY_GDP_PCAP_CD,DJI,_T,_T,_T,_Z,_Z,_Z,2006,A,USD,
6055.781096,P1Y,0,,A,PU,_Z,2,,,False,WB_WDI,WB_WDI_NY_GDP_PCAP_CD,DMA,_T,_T,_T,_Z,_Z,_Z,2006,A,USD,
4055.142703,P1Y,0,,A,PU,_Z,2,,,False,WB_WDI,WB_WDI_NY_GDP_PCAP_CD,DOM,_T,_T,_T,_Z,_Z,_Z,2006,A,USD,
3243.670104,P1Y,0,,A,PU,_Z,2,,,False,WB_WDI,WB_WDI_NY_GDP_PCAP_CD,ECU,_T,_T,_T,_Z,_Z,_Z,2006,A,USD,
1298.979002,P1Y,0,,A,PU,_Z,2,,,False,WB_WDI,WB_WDI_NY_GDP_PCAP_CD,EGY,_T,_T,_T,_Z,_Z,_Z,2006,A,USD,
2665.618072,P1Y,0,,A,PU,_Z,2,,,False,WB_WDI,WB_WDI_NY_GDP_PCAP_CD,SLV,_T,_T,_T,_Z,_Z,_Z,2006,A,USD,
10184.884125,P1Y,0,,A,PU,_Z,2,,,False,WB_WDI,WB_WDI_NY_GDP_PCAP_CD,GNQ,_T,_T,_T,_Z,_Z,_Z,2006,A,USD,
447.997405,P1Y,0,,A,PU,_Z,2,,,False,WB_WDI,WB_WDI_NY_GDP_PCAP_CD,ERI,_T,_T,_T,_Z,_Z,_Z,2006,A,USD,
12641.480098,P1Y,0,,A,PU,_Z,2,,,False,WB_WDI,WB_WDI_NY_GDP_PCAP_CD,EST,_T,_T,_T,_Z,_Z,_Z,2006,A,USD,
2964.958652,P1Y,0,,A,PU,_Z,2,,,False,WB_WDI,WB_WDI_NY_GDP_PCAP_CD,SWZ,_T,_T,_T,_Z,_Z,_Z,2006,A,USD,
189.345738,P1Y,0,,A,PU,_Z,2,,,False,WB_WDI,WB_WDI_NY_GDP_PCAP_CD,ETH,_T,_T,_T,_Z,_Z,_Z,2006,A,USD,
287.487333,P1Y,0,,A,PU,_Z,2,,,False,WB_WDI,WB_WDI_NY_GDP_PCAP_CD,LBR,_T,_T,_T,_Z,_Z,_Z,2005,A,USD,
8079.249573,P1Y,0,,A,PU,_Z,2,,,False,WB_WDI,WB_WDI_NY_GDP_PCAP_CD,LBY,_T,_T,_T,_Z,_Z,_Z,2005,A,USD,
105295.057028,P1Y,0,,A,PU,_Z,2,,,False,WB_WDI,WB_WDI_NY_GDP_PCAP_CD,LIE,_T,_T,_T,_Z,_Z,_Z,2005,A,USD,
7857.031488,P1Y,0,,A,PU,_Z,2,,,False,WB_WDI,WB_WDI_NY_GDP_PCAP_CD,LTU,_T,_T,_T,_Z,_Z,_Z,2005,A,USD,
80988.204487,P1Y,0,,A,PU,_Z,2,,,False,WB_WDI,WB_WDI_NY_GDP_PCAP_CD,LUX,_T,_T,_T,_Z,_Z,_Z,2005,A,USD,
25681.216732,P1Y,0,,A,PU,_Z,2,,,False,WB_WDI,WB_WDI_NY_GDP_PCAP_CD,MAC,_T,_T,_T,_Z,_Z,_Z,2005,A,USD,
305.812075,P1Y,0,,A,PU,_Z,2,,,False,WB_WDI,WB_WDI_NY_GDP_PCAP_CD,MDG,_T,_T,_T,_Z,_Z,_Z,2005,A,USD,
414.361122,P1Y,0,,A,PU,_Z,2,,,False,WB_WDI,WB_WDI_NY_GDP_PCAP_CD,MWI,_T,_T,_T,_Z,_Z,_Z,2005,A,USD,
5555.5818,P1Y,0,,A,PU,_Z,2,,,False,WB_WDI,WB_WDI_NY_GDP_PCAP_CD,MYS,_T,_T,_T,_Z,_Z,_Z,2005,A,USD,
3796.515465,P1Y,0,,A,PU,_Z,2,,,False,WB_WDI,WB_WDI_NY_GDP_PCAP_CD,MDV,_T,_T,_T,_Z,_Z,_Z,2005,A,USD,
548.730383,P1Y,0,,A,PU,_Z,2,,,False,WB_WDI,WB_WDI_NY_GDP_PCAP_CD,MLI,_T,_T,_T,_Z,_Z,_Z,2005,A,USD,
15831.34398,P1Y,0,,A,PU,_Z,2,,,False,WB_WDI,WB_WDI_NY_GDP_PCAP_CD,MLT,_T,_T,_T,_Z,_Z,_Z,2005,A,USD,
4057.715827,P1Y,0,,A,PU,_Z,2,,,False,WB_WDI,WB_WDI_NY_GDP_PCAP_CD,LKA,_T,_T,_T,_Z,_Z,_Z,2015,A,USD,
20328.800353,P1Y,0,,A,PU,_Z,2,,,False,WB_WDI,WB_WDI_NY_GDP_PCAP_CD,KNA,_T,_T,_T,_Z,_Z,_Z,2015,A,USD,
10334.986082,P1Y,0,,A,PU,_Z,2,,,False,WB_WDI,WB_WDI_NY_GDP_PCAP_CD,LCA,_T,_T,_T,_Z,_Z,_Z,2015,A,USD,
7353.735561,P1Y,0,,A,PU,_Z,2,,,False,WB_WDI,WB_WDI_NY_GDP_PCAP_CD,VCT,_T,_T,_T,_Z,_Z,_Z,2015,A,USD,
1292.379639,P1Y,0,,A,PU,_Z,2,,,False,WB_WDI,WB_WDI_NY_GDP_PCAP_CD,SDN,_T,_T,_T,_Z,_Z,_Z,2015,A,USD,
8813.617054,P1Y,0,,A,PU,_Z,2,,,False,WB_WDI,WB_WDI_NY_GDP_PCAP_CD,SUR,_T,_T,_T,_Z,_Z,_Z,2015,A,USD,
51188.165212,P1Y,0,,A,PU,_Z,2,,,False,WB_WDI,WB_WDI_NY_GDP_PCAP_CD,SWE,_T,_T,_T,_Z,_Z,_Z,2015,A,USD,
85265.062052,P1Y,0,,A,PU,_Z,2,,,False,WB_WDI,WB_WDI_NY_GDP_PCAP_CD,CHE,_T,_T,_T,_Z,_Z,_Z,2015,A,USD,
847.731545,P1Y,0,,A,PU,_Z,2,,,False,WB_WDI,WB_WDI_NY_GDP_PCAP_CD,SYR,_T,_T,_T,_Z,_Z,_Z,2015,A,USD,
956.916311,P1Y,0,,A,PU,_Z,2,,,False,WB_WDI,WB_WDI_NY_GDP_PCAP_CD,TJK,_T,_T,_T,_Z,_Z,_Z,2015,A,USD,
939.127319,P1Y,0,,A,PU,_Z,2,,,False,WB_WDI,WB_WDI_NY_GDP_PCAP_CD,TZA,_T,_T,_T,_Z,_Z,_Z,2015,A,USD,
346.224554,P1Y,0,,A,PU,_Z,2,,,False,WB_WDI,WB_WDI_NY_GDP_PCAP_CD,MLI,_T,_T,_T,_Z,_Z,_Z,2001,A,USD,
10357.702641,P1Y,0,,A,PU,_Z,2,,,False,WB_WDI,WB_WDI_NY_GDP_PCAP_CD,MLT,_T,_T,_T,_Z,_Z,_Z,2001,A,USD,
2394.345011,P1Y,0,,A,PU,_Z,2,,,False,WB_WDI,WB_WDI_NY_GDP_PCAP_CD,MHL,_T,_T,_T,_Z,_Z,_Z,2001,A,USD,
651.81784,P1Y,0,,A,PU,_Z,2,,,False,WB_WDI,WB_WDI_NY_GDP_PCAP_CD,MRT,_T,_T,_T,_Z,_Z,_Z,2001,A,USD,
3908.556949,P1Y,0,,A,PU,_Z,2,,,False,WB_WDI,WB_WDI_NY_GDP_PCAP_CD,MUS,_T,_T,_T,_Z,_Z,_Z,2001,A,USD,
7952.764795,P1Y,0,,A,PU,_Z,2,,,False,WB_WDI,WB_WDI_NY_GDP_PCAP_CD,MEX,_T,_T,_T,_Z,_Z,_Z,2001,A,USD,
2103.748498,P1Y,0,,A,PU,_Z,2,,,False,WB_WDI,WB_WDI_NY_GDP_PCAP_CD,FSM,_T,_T,_T,_Z,_Z,_Z,2001,A,USD,
507.404076,P1Y,0,,A,PU,_Z,2,,,False,WB_WDI,WB_WDI_NY_GDP_PCAP_CD,MDA,_T,_T,_T,_Z,_Z,_Z,2001,A,USD,
82402.774636,P1Y,0,,A,PU,_Z,2,,,False,WB_WDI,WB_WDI_NY_GDP_PCAP_CD,MCO,_T,_T,_T,_Z,_Z,_Z,2001,A,USD,
524.453484,P1Y,0,,A,PU,_Z,2,,,False,WB_WDI,WB_WDI_NY_GDP_PCAP_CD,MNG,_T,_T,_T,_Z,_Z,_Z,2001,A,USD,
1909.598702,P1Y,0,,A,PU,_Z,2,,,False,WB_WDI,WB_WDI_NY_GDP_PCAP_CD,MNE,_T,_T,_T,_Z,_Z,_Z,2001,A,USD,
1506.245239,P1Y,0,,A,PU,_Z,2,,,False,WB_WDI,WB_WDI_NY_GDP_PCAP_CD,MAR,_T,_T,_T,_Z,_Z,_Z,2001,A,USD,
304.792139,P1Y,0,,A,PU,_Z,2,,,False,WB_WDI,WB_WDI_NY_GDP_PCAP_CD,MOZ,_T,_T,_T,_Z,_Z,_Z,2001,A,USD,
141.525661,P1Y,0,,A,PU,_Z,2,,,False,WB_WDI,WB_WDI_NY_GDP_PCAP_CD,MMR,_T,_T,_T,_Z,_Z,_Z,2001,A,USD,
2333.371283,P1Y,0,,A,PU,_Z,2,,,False,WB_WDI,WB_WDI_NY_GDP_PCAP_CD,CIV,_T,_T,_T,_Z,_Z,_Z,2022,A,USD,
18465.531474,P1Y,0,,A,PU,_Z,2,,,False,WB_WDI,WB_WDI_NY_GDP_PCAP_CD,HRV,_T,_T,_T,_Z,_Z,_Z,2022,A,USD,
20057.140496,P1Y,0,,A,PU,_Z,2,,,False,WB_WDI,WB_WDI_NY_GDP_PCAP_CD,CUW,_T,_T,_T,_Z,_Z,_Z,2022,A,USD,
33231.050781,P1Y,0,,A,PU,_Z,2,,,False,WB_WDI,WB_WDI_NY_GDP_PCAP_CD,CYP,_T,_T,_T,_Z,_Z,_Z,2022,A,USD,
28282.223672,P1Y,0,,A,PU,_Z,2,,,False,WB_WDI,WB_WDI_NY_GDP_PCAP_CD,CZE,_T,_T,_T,_Z,_Z,_Z,2022,A,USD,
67781.094094,P1Y,0,,A,PU,_Z,2,,,False,WB_WDI,WB_WDI_NY_GDP_PCAP_CD,DNK,_T,_T,_T,_Z,_Z,_Z,2022,A,USD,
3133.257798,P1Y,0,,A,PU,_Z,2,,,False,WB_WDI,WB_WDI_NY_GDP_PCAP_CD,DJI,_T,_T,_T,_Z,_Z,_Z,2022,A,USD,
9323.660895,P1Y,0,,A,PU,_Z,2,,,False,WB_WDI,WB_WDI_NY_GDP_PCAP_CD,DMA,_T,_T,_T,_Z,_Z,_Z,2022,A,USD,
10104.246401,P1Y,0,,A,PU,_Z,2,,,False,WB_WDI,WB_WDI_NY_GDP_PCAP_CD,DOM,_T,_T,_T,_Z,_Z,_Z,2022,A,USD,
6515.585284,P1Y,0,,A,PU,_Z,2,,,False,WB_WDI,WB_WDI_NY_GDP_PCAP_CD,ECU,_T,_T,_T,_Z,_Z,_Z,2022,A,USD,
4233.307837,P1Y,0,,A,PU,_Z,2,,,False,WB_WDI,WB_WDI_NY_GDP_PCAP_CD,EGY,_T,_T,_T,_Z,_Z,_Z,2022,A,USD,
8546.917902,P1Y,0,,A,PU,_Z,2,,,False,WB_WDI,WB_WDI_NY_GDP_PCAP_CD,LCN,_T,_T,_T,_Z,_Z,_Z,2015,A,USD,
8087.332423,P1Y,0,,A,PU,_Z,2,,,False,WB_WDI,WB_WDI_NY_GDP_PCAP_CD,LAC,_T,_T,_T,_Z,_Z,_Z,2015,A,USD,
8404.049788,P1Y,0,,A,PU,_Z,2,,,False,WB_WDI,WB_WDI_NY_GDP_PCAP_CD,TLA,_T,_T,_T,_Z,_Z,_Z,2015,A,USD,
983.414934,P1Y,0,,A,PU,_Z,2,,,False,WB_WDI,WB_WDI_NY_GDP_PCAP_CD,LDC,_T,_T,_T,_Z,_Z,_Z,2015,A,USD,
4223.777429,P1Y,0,,A,PU,_Z,2,,,False,WB_WDI,WB_WDI_NY_GDP_PCAP_CD,LMY,_T,_T,_T,_Z,_Z,_Z,2015,A,USD,
714.83645,P1Y,0,,A,PU,_Z,2,,,False,WB_WDI,WB_WDI_NY_GDP_PCAP_CD,LIC,_T,_T,_T,_Z,_Z,_Z,2015,A,USD,
1780.688537,P1Y,0,,A,PU,_Z,2,,,False,WB_WDI,WB_WDI_NY_GDP_PCAP_CD,LMC,_T,_T,_T,_Z,_Z,_Z,2015,A,USD,
5130.259786,P1Y,0,,A,PU,_Z,2,,,False,WB_WDI,WB_WDI_NY_GDP_PCAP_CD,MEA,_T,_T,_T,_Z,_Z,_Z,2015,A,USD,
2808.623344,P1Y,0,,A,PU,_Z,2,,,False,WB_WDI,WB_WDI_NY_GDP_PCAP_CD,MNA,_T,_T,_T,_Z,_Z,_Z,2015,A,USD,
2805.486956,P1Y,0,,A,PU,_Z,2,,,False,WB_WDI,WB_WDI_NY_GDP_PCAP_CD,TMN,_T,_T,_T,_Z,_Z,_Z,2015,A,USD,
4597.60475,P1Y,0,,A,PU,_Z,2,,,False,WB_WDI,WB_WDI_NY_GDP_PCAP_CD,MIC,_T,_T,_T,_Z,_Z,_Z,2015,A,USD,
55534.461403,P1Y,0,,A,PU,_Z,2,,,False,WB_WDI,WB_WDI_NY_GDP_PCAP_CD,NAC,_T,_T,_T,_Z,_Z,_Z,2015,A,USD,
383.840853,P1Y,0,,A,PU,_Z,2,,,False,WB_WDI,WB_WDI_NY_GDP_PCAP_CD,LIC,_T,_T,_T,_Z,_Z,_Z,2004,A,USD,
750.45635,P1Y,0,,A,PU,_Z,2,,,False,WB_WDI,WB_WDI_NY_GDP_PCAP_CD,LMC,_T,_T,_T,_Z,_Z,_Z,2004,A,USD,
2623.963384,P1Y,0,,A,PU,_Z,2,,,False,WB_WDI,WB_WDI_NY_GDP_PCAP_CD,MEA,_T,_T,_T,_Z,_Z,_Z,2004,A,USD,
1463.041409,P1Y,0,,A,PU,_Z,2,,,False,WB_WDI,WB_WDI_NY_GDP_PCAP_CD,MNA,_T,_T,_T,_Z,_Z,_Z,2004,A,USD,
1463.304591,P1Y,0,,A,PU,_Z,2,,,False,WB_WDI,WB_WDI_NY_GDP_PCAP_CD,TMN,_T,_T,_T,_Z,_Z,_Z,2004,A,USD,
1585.10628,P1Y,0,,A,PU,_Z,2,,,False,WB_WDI,WB_WDI_NY_GDP_PCAP_CD,MIC,_T,_T,_T,_Z,_Z,_Z,2004,A,USD,
40788.485402,P1Y,0,,A,PU,_Z,2,,,False,WB_WDI,WB_WDI_NY_GDP_PCAP_CD,NAC,_T,_T,_T,_Z,_Z,_Z,2004,A,USD,
28854.883436,P1Y,0,,A,PU,_Z,2,,,False,WB_WDI,WB_WDI_NY_GDP_PCAP_CD,OED,_T,_T,_T,_Z,_Z,_Z,2004,A,USD,
7419.76156,P1Y,0,,A,PU,_Z,2,,,False,WB_WDI,WB_WDI_NY_GDP_PCAP_CD,OSS,_T,_T,_T,_Z,_Z,_Z,2004,A,USD,
2270.726572,P1Y,0,,A,PU,_Z,2,,,False,WB_WDI,WB_WDI_NY_GDP_PCAP_CD,PSS,_T,_T,_T,_Z,_Z,_Z,2004,A,USD,
32722.785783,P1Y,0,,A,PU,_Z,2,,,False,WB_WDI,WB_WDI_NY_GDP_PCAP_CD,PST,_T,_T,_T,_Z,_Z,_Z,2004,A,USD,
671.224357,P1Y,0,,A,PU,_Z,2,,,False,WB_WDI,WB_WDI_NY_GDP_PCAP_CD,PRE,_T,_T,_T,_Z,_Z,_Z,2004,A,USD,
6954.240664,P1Y,0,,A,PU,_Z,2,,,False,WB_WDI,WB_WDI_NY_GDP_PCAP_CD,SST,_T,_T,_T,_Z,_Z,_Z,2004,A,USD,
606.478042,P1Y,0,,A,PU,_Z,2,,,False,WB_WDI,WB_WDI_NY_GDP_PCAP_CD,SAS,_T,_T,_T,_Z,_Z,_Z,2004,A,USD,
606.478042,P1Y,0,,A,PU,_Z,2,,,False,WB_WDI,WB_WDI_NY_GDP_PCAP_CD,TSA,_T,_T,_T,_Z,_Z,_Z,2004,A,USD,
23059.83307,P1Y,0,,A,PU,_Z,2,,,False,WB_WDI,WB_WDI_NY_GDP_PCAP_CD,ATG,_T,_T,_T,_Z,_Z,_Z,2024,A,USD,
13969.78366,P1Y,0,,A,PU,_Z,2,,,False,WB_WDI,WB_WDI_NY_GDP_PCAP_CD,ARG,_T,_T,_T,_Z,_Z,_Z,2024,A,USD,
8556.21407,P1Y,0,,A,PU,_Z,2,,,False,WB_WDI,WB_WDI_NY_GDP_PCAP_CD,ARM,_T,_T,_T,_Z,_Z,_Z,2024,A,USD,
38590.565029,P1Y,0,,A,PU,_Z,2,,,True,WB_WDI,WB_WDI_NY_GDP_PCAP_CD,ABW,_T,_T,_T,_Z,_Z,_Z,2024,A,USD,
64609.986512,P1Y,0,,A,PU,_Z,2,,,False,WB_WDI,WB_WDI_NY_GDP_PCAP_CD,AUS,_T,_T,_T,_Z,_Z,_Z,2024,A,USD,
58268.878765,P1Y,0,,A,PU,_Z,2,,,False,WB_WDI,WB_WDI_NY_GDP_PCAP_CD,AUT,_T,_T,_T,_Z,_Z,_Z,2024,A,USD,
7294.642761,P1Y,0,,A,PU,_Z,2,,,False,WB_WDI,WB_WDI_NY_GDP_PCAP_CD,AZE,_T,_T,_T,_Z,_Z,_Z,2024,A,USD,
39455.446655,P1Y,0,,A,PU,_Z,2,,,True,WB_WDI,WB_WDI_NY_GDP_PCAP_CD,BHS,_T,_T,_T,_Z,_Z,_Z,2024,A,USD,
29717.142461,P1Y,0,,A,PU,_Z,2,,,False,WB_WDI,WB_WDI_NY_GDP_PCAP_CD,BHR,_T,_T,_T,_Z,_Z,_Z,2024,A,USD,
2593.416117,P1Y,0,,A,PU,_Z,2,,,False,WB_WDI,WB_WDI_NY_GDP_PCAP_CD,BGD,_T,_T,_T,_Z,_Z,_Z,2024,A,USD,
26897.200204,P1Y,0,,A,PU,_Z,2,,,False,WB_WDI,WB_WDI_NY_GDP_PCAP_CD,BRB,_T,_T,_T,_Z,_Z,_Z,2024,A,USD,
8605.609546,P1Y,0,,A,PU,_Z,2,,,False,WB_WDI,WB_WDI_NY_GDP_PCAP_CD,BLR,_T,_T,_T,_Z,_Z,_Z,2024,A,USD,
56581.937564,P1Y,0,,A,PU,_Z,2,,,False,WB_WDI,WB_WDI_NY_GDP_PCAP_CD,BEL,_T,_T,_T,_Z,_Z,_Z,2024,A,USD,
7681.244006,P1Y,0,,A,PU,_Z,2,,,False,WB_WDI,WB_WDI_NY_GDP_PCAP_CD,BLZ,_T,_T,_T,_Z,_Z,_Z,2024,A,USD,
1485.380189,P1Y,0,,A,PU,_Z,2,,,False,WB_WDI,WB_WDI_NY_GDP_PCAP_CD,BEN,_T,_T,_T,_Z,_Z,_Z,2024,A,USD,
142250.433195,P1Y,0,,A,PU,_Z,2,,,True,WB_WDI,WB_WDI_NY_GDP_PCAP_CD,BMU,_T,_T,_T,_Z,_Z,_Z,2024,A,USD,
4228.051024,P1Y,0,,A,PU,_Z,2,,,False,WB_WDI,WB_WDI_NY_GDP_PCAP_CD,BTN,_T,_T,_T,_Z,_Z,_Z,2024,A,USD,
1054.435559,P1Y,0,,A,PU,_Z,2,,,False,WB_WDI,WB_WDI_NY_GDP_PCAP_CD,TSA,_T,_T,_T,_Z,_Z,_Z,2009,A,USD,
1427.577875,P1Y,0,,A,PU,_Z,2,,,False,WB_WDI,WB_WDI_NY_GDP_PCAP_CD,SSF,_T,_T,_T,_Z,_Z,_Z,2009,A,USD,
1426.742919,P1Y,0,,A,PU,_Z,2,,,False,WB_WDI,WB_WDI_NY_GDP_PCAP_CD,SSA,_T,_T,_T,_Z,_Z,_Z,2009,A,USD,
1427.577875,P1Y,0,,A,PU,_Z,2,,,False,WB_WDI,WB_WDI_NY_GDP_PCAP_CD,TSS,_T,_T,_T,_Z,_Z,_Z,2009,A,USD,
4481.743058,P1Y,0,,A,PU,_Z,2,,,False,WB_WDI,WB_WDI_NY_GDP_PCAP_CD,UMC,_T,_T,_T,_Z,_Z,_Z,2009,A,USD,
8827.04323,P1Y,0,,A,PU,_Z,2,,,False,WB_WDI,WB_WDI_NY_GDP_PCAP_CD,WLD,_T,_T,_T,_Z,_Z,_Z,2009,A,USD,
452.053705,P1Y,0,,A,PU,_Z,2,,,False,WB_WDI,WB_WDI_NY_GDP_PCAP_CD,AFG,_T,_T,_T,_Z,_Z,_Z,2009,A,USD,
4213.650076,P1Y,0,,A,PU,_Z,2,,,False,WB_WDI,WB_WDI_NY_GDP_PCAP_CD,ALB,_T,_T,_T,_Z,_Z,_Z,2009,A,USD,
4235.429905,P1Y,0,,A,PU,_Z,2,,,False,WB_WDI,WB_WDI_NY_GDP_PCAP_CD,DZA,_T,_T,_T,_Z,_Z,_Z,2009,A,USD,
12156.029391,P1Y,0,,A,PU,_Z,2,,,False,WB_WDI,WB_WDI_NY_GDP_PCAP_CD,ASM,_T,_T,_T,_Z,_Z,_Z,2009,A,USD,
43975.018366,P1Y,0,,A,PU,_Z,2,,,False,WB_WDI,WB_WDI_NY_GDP_PCAP_CD,AND,_T,_T,_T,_Z,_Z,_Z,2009,A,USD,
3645.148466,P1Y,0,,A,PU,_Z,2,,,False,WB_WDI,WB_WDI_NY_GDP_PCAP_CD,AGO,_T,_T,_T,_Z,_Z,_Z,2009,A,USD,
16472.247853,P1Y,0,,A,PU,_Z,2,,,False,WB_WDI,WB_WDI_NY_GDP_PCAP_CD,ATG,_T,_T,_T,_Z,_Z,_Z,2009,A,USD,
56103.732318,P1Y,0,,A,PU,_Z,2,,,False,WB_WDI,WB_WDI_NY_GDP_PCAP_CD,DEU,_T,_T,_T,_Z,_Z,_Z,2024,A,USD,
2419.251867,P1Y,0,,A,PU,_Z,2,,,False,WB_WDI,WB_WDI_NY_GDP_PCAP_CD,GHA,_T,_T,_T,_Z,_Z,_Z,2024,A,USD,
24626.148186,P1Y,0,,A,PU,_Z,2,,,False,WB_WDI,WB_WDI_NY_GDP_PCAP_CD,GRC,_T,_T,_T,_Z,_Z,_Z,2024,A,USD,
11528.922081,P1Y,0,,A,PU,_Z,2,,,False,WB_WDI,WB_WDI_NY_GDP_PCAP_CD,GRD,_T,_T,_T,_Z,_Z,_Z,2024,A,USD,
6150.894653,P1Y,0,,A,PU,_Z,2,,,False,WB_WDI,WB_WDI_NY_GDP_PCAP_CD,GTM,_T,_T,_T,_Z,_Z,_Z,2024,A,USD,
1694.953759,P1Y,0,,A,PU,_Z,2,,,False,WB_WDI,WB_WDI_NY_GDP_PCAP_CD,GIN,_T,_T,_T,_Z,_Z,_Z,2024,A,USD,
998.376093,P1Y,0,,A,PU,_Z,2,,,False,WB_WDI,WB_WDI_NY_GDP_PCAP_CD,GNB,_T,_T,_T,_Z,_Z,_Z,2024,A,USD,
29675.250158,P1Y,0,,A,PU,_Z,2,,,False,WB_WDI,WB_WDI_NY_GDP_PCAP_CD,GUY,_T,_T,_T,_Z,_Z,_Z,2024,A,USD,
2060.355918,P1Y,0,,A,PU,_Z,2,,,False,WB_WDI,WB_WDI_NY_GDP_PCAP_CD,HTI,_T,_T,_T,_Z,_Z,_Z,2024,A,USD,
3415.960279,P1Y,0,,A,PU,_Z,2,,,False,WB_WDI,WB_WDI_NY_GDP_PCAP_CD,HND,_T,_T,_T,_Z,_Z,_Z,2024,A,USD,
54274.754777,P1Y,0,,A,PU,_Z,2,,,False,WB_WDI,WB_WDI_NY_GDP_PCAP_CD,HKG,_T,_T,_T,_Z,_Z,_Z,2024,A,USD,
23305.448251,P1Y,0,,A,PU,_Z,2,,,False,WB_WDI,WB_WDI_NY_GDP_PCAP_CD,HUN,_T,_T,_T,_Z,_Z,_Z,2024,A,USD,
85863.147933,P1Y,0,,A,PU,_Z,2,,,False,WB_WDI,WB_WDI_NY_GDP_PCAP_CD,ISL,_T,_T,_T,_Z,_Z,_Z,2024,A,USD,
2591.991661,P1Y,0,,A,PU,_Z,2,,,False,WB_WDI,WB_WDI_NY_GDP_PCAP_CD,IND,_T,_T,_T,_Z,_Z,_Z,2024,A,USD,
4925.43645,P1Y,0,,A,PU,_Z,2,,,False,WB_WDI,WB_WDI_NY_GDP_PCAP_CD,IDN,_T,_T,_T,_Z,_Z,_Z,2024,A,USD,
75685.086578,P1Y,0,,A,PU,_Z,2,,,False,WB_WDI,WB_WDI_NY_GDP_PCAP_CD,QAT,_T,_T,_T,_Z,_Z,_Z,2024,A,USD,
20080.209622,P1Y,0,,A,PU,_Z,2,,,False,WB_WDI,WB_WDI_NY_GDP_PCAP_CD,ROU,_T,_T,_T,_Z,_Z,_Z,2024,A,USD,
14961.897461,P1Y,0,,A,PU,_Z,2,,,False,WB_WDI,WB_WDI_NY_GDP_PCAP_CD,RUS,_T,_T,_T,_Z,_Z,_Z,2024,A,USD,
1059.937093,P1Y,0,,A,PU,_Z,2,,,False,WB_WDI,WB_WDI_NY_GDP_PCAP_CD,RWA,_T,_T,_T,_Z,_Z,_Z,2024,A,USD,
5392.877619,P1Y,0,,A,PU,_Z,2,,,False,WB_WDI,WB_WDI_NY_GDP_PCAP_CD,WSM,_T,_T,_T,_Z,_Z,_Z,2024,A,USD,
3502.617681,P1Y,0,,A,PU,_Z,2,,,False,WB_WDI,WB_WDI_NY_GDP_PCAP_CD,STP,_T,_T,_T,_Z,_Z,_Z,2024,A,USD,
35527.786182,P1Y,0,,A,PU,_Z,2,,,False,WB_WDI,WB_WDI_NY_GDP_PCAP_CD,SAU,_T,_T,_T,_Z,_Z,_Z,2024,A,USD,
1738.732238,P1Y,0,,A,PU,_Z,2,,,False,WB_WDI,WB_WDI_NY_GDP_PCAP_CD,SEN,_T,_T,_T,_Z,_Z,_Z,2024,A,USD,
13677.779486,P1Y,0,,A,PU,_Z,2,,,False,WB_WDI,WB_WDI_NY_GDP_PCAP_CD,SRB,_T,_T,_T,_Z,_Z,_Z,2024,A,USD,
18364.525968,P1Y,0,,A,PU,_Z,2,,,False,WB_WDI,WB_WDI_NY_GDP_PCAP_CD,SYC,_T,_T,_T,_Z,_Z,_Z,2024,A,USD,
806.65465,P1Y,0,,A,PU,_Z,2,,,False,WB_WDI,WB_WDI_NY_GDP_PCAP_CD,SLE,_T,_T,_T,_Z,_Z,_Z,2024,A,USD,
94896.56215,P1Y,0,,A,PU,_Z,2,,,False,WB_WDI,WB_WDI_NY_GDP_PCAP_CD,SGP,_T,_T,_T,_Z,_Z,_Z,2024,A,USD,
41472.587037,P1Y,0,,A,PU,_Z,2,,,False,WB_WDI,WB_WDI_NY_GDP_PCAP_CD,SXM,_T,_T,_T,_Z,_Z,_Z,2024,A,USD,
25992.67485,P1Y,0,,A,PU,_Z,2,,,False,WB_WDI,WB_WDI_NY_GDP_PCAP_CD,SVK,_T,_T,_T,_Z,_Z,_Z,2024,A,USD,
34301.031869,P1Y,0,,A,PU,_Z,2,,,False,WB_WDI,WB_WDI_NY_GDP_PCAP_CD,SVN,_T,_T,_T,_Z,_Z,_Z,2024,A,USD,
1933.555384,P1Y,0,,A,PU,_Z,2,,,False,WB_WDI,WB_WDI_NY_GDP_PCAP_CD,SLB,_T,_T,_T,_Z,_Z,_Z,2024,A,USD,
3898.879619,P1Y,0,,A,PU,_Z,2,,,False,WB_WDI,WB_WDI_NY_GDP_PCAP_CD,PSS,_T,_T,_T,_Z,_Z,_Z,2016,A,USD,
41720.329677,P1Y,0,,A,PU,_Z,2,,,False,WB_WDI,WB_WDI_NY_GDP_PCAP_CD,PST,_T,_T,_T,_Z,_Z,_Z,2016,A,USD,
1318.655783,P1Y,0,,A,PU,_Z,2,,,False,WB_WDI,WB_WDI_NY_GDP_PCAP_CD,PRE,_T,_T,_T,_Z,_Z,_Z,2016,A,USD,
10492.049297,P1Y,0,,A,PU,_Z,2,,,False,WB_WDI,WB_WDI_NY_GDP_PCAP_CD,SST,_T,_T,_T,_Z,_Z,_Z,2016,A,USD,
1722.907034,P1Y,0,,A,PU,_Z,2,,,False,WB_WDI,WB_WDI_NY_GDP_PCAP_CD,SAS,_T,_T,_T,_Z,_Z,_Z,2016,A,USD,
1722.907034,P1Y,0,,A,PU,_Z,2,,,False,WB_WDI,WB_WDI_NY_GDP_PCAP_CD,TSA,_T,_T,_T,_Z,_Z,_Z,2016,A,USD,
1456.652111,P1Y,0,,A,PU,_Z,2,,,False,WB_WDI,WB_WDI_NY_GDP_PCAP_CD,SSF,_T,_T,_T,_Z,_Z,_Z,2016,A,USD,
1455.292317,P1Y,0,,A,PU,_Z,2,,,False,WB_WDI,WB_WDI_NY_GDP_PCAP_CD,SSA,_T,_T,_T,_Z,_Z,_Z,2016,A,USD,
1456.652111,P1Y,0,,A,PU,_Z,2,,,False,WB_WDI,WB_WDI_NY_GDP_PCAP_CD,TSS,_T,_T,_T,_Z,_Z,_Z,2016,A,USD,
7068.005878,P1Y,0,,A,PU,_Z,2,,,False,WB_WDI,WB_WDI_NY_GDP_PCAP_CD,UMC,_T,_T,_T,_Z,_Z,_Z,2016,A,USD,
10239.465665,P1Y,0,,A,PU,_Z,2,,,False,WB_WDI,WB_WDI_NY_GDP_PCAP_CD,WLD,_T,_T,_T,_Z,_Z,_Z,2016,A,USD,
522.082216,P1Y,0,,A,PU,_Z,2,,,False,WB_WDI,WB_WDI_NY_GDP_PCAP_CD,AFG,_T,_T,_T,_Z,_Z,_Z,2016,A,USD,
79647.639098,P1Y,0,,A,PU,_Z,2,,,False,WB_WDI,WB_WDI_NY_GDP_PCAP_CD,NAC,_T,_T,_T,_Z,_Z,_Z,2023,A,USD,
47135.613723,P1Y,0,,A,PU,_Z,2,,,False,WB_WDI,WB_WDI_NY_GDP_PCAP_CD,OED,_T,_T,_T,_Z,_Z,_Z,2023,A,USD,
15346.648892,P1Y,0,,A,PU,_Z,2,,,False,WB_WDI,WB_WDI_NY_GDP_PCAP_CD,OSS,_T,_T,_T,_Z,_Z,_Z,2023,A,USD,
4199.649481,P1Y,0,,A,PU,_Z,2,,,False,WB_WDI,WB_WDI_NY_GDP_PCAP_CD,PSS,_T,_T,_T,_Z,_Z,_Z,2023,A,USD,
54507.215471,P1Y,0,,A,PU,_Z,2,,,False,WB_WDI,WB_WDI_NY_GDP_PCAP_CD,PST,_T,_T,_T,_Z,_Z,_Z,2023,A,USD,
1559.366159,P1Y,0,,A,PU,_Z,2,,,False,WB_WDI,WB_WDI_NY_GDP_PCAP_CD,PRE,_T,_T,_T,_Z,_Z,_Z,2023,A,USD,
14360.785757,P1Y,0,,A,PU,_Z,2,,,False,WB_WDI,WB_WDI_NY_GDP_PCAP_CD,SST,_T,_T,_T,_Z,_Z,_Z,2023,A,USD,
2449.857142,P1Y,0,,A,PU,_Z,2,,,False,WB_WDI,WB_WDI_NY_GDP_PCAP_CD,SAS,_T,_T,_T,_Z,_Z,_Z,2023,A,USD,
2449.857142,P1Y,0,,A,PU,_Z,2,,,False,WB_WDI,WB_WDI_NY_GDP_PCAP_CD,TSA,_T,_T,_T,_Z,_Z,_Z,2023,A,USD,
1682.226149,P1Y,0,,A,PU,_Z,2,,,False,WB_WDI,WB_WDI_NY_GDP_PCAP_CD,SSF,_T,_T,_T,_Z,_Z,_Z,2023,A,USD,
1680.660979,P1Y,0,,A,PU,_Z,2,,,False,WB_WDI,WB_WDI_NY_GDP_PCAP_CD,SSA,_T,_T,_T,_Z,_Z,_Z,2023,A,USD,
1682.226149,P1Y,0,,A,PU,_Z,2,,,False,WB_WDI,WB_WDI_NY_GDP_PCAP_CD,TSS,_T,_T,_T,_Z,_Z,_Z,2023,A,USD,
10118.621773,P1Y,0,,A,PU,_Z,2,,,False,WB_WDI,WB_WDI_NY_GDP_PCAP_CD,UMC,_T,_T,_T,_Z,_Z,_Z,2023,A,USD,
13313.857583,P1Y,0,,A,PU,_Z,2,,,False,WB_WDI,WB_WDI_NY_GDP_PCAP_CD,WLD,_T,_T,_T,_Z,_Z,_Z,2023,A,USD,
413.757895,P1Y,0,,A,PU,_Z,2,,,False,WB_WDI,WB_WDI_NY_GDP_PCAP_CD,AFG,_T,_T,_T,_Z,_Z,_Z,2023,A,USD,
9740.702341,P1Y,0,,A,PU,_Z,2,,,False,WB_WDI,WB_WDI_NY_GDP_PCAP_CD,ALB,_T,_T,_T,_Z,_Z,_Z,2023,A,USD,
3445.44941,P1Y,0,,A,PU,_Z,2,,,False,WB_WDI,WB_WDI_NY_GDP_PCAP_CD,ZWE,_T,_T,_T,_Z,_Z,_Z,2017,A,USD,
1553.617944,P1Y,0,,A,PU,_Z,2,,,False,WB_WDI,WB_WDI_NY_GDP_PCAP_CD,AFE,_T,_T,_T,_Z,_Z,_Z,2018,A,USD,
1723.114463,P1Y,0,,A,PU,_Z,2,,,False,WB_WDI,WB_WDI_NY_GDP_PCAP_CD,AFW,_T,_T,_T,_Z,_Z,_Z,2018,A,USD,
6708.531213,P1Y,0,,A,PU,_Z,2,,,False,WB_WDI,WB_WDI_NY_GDP_PCAP_CD,ARB,_T,_T,_T,_Z,_Z,_Z,2018,A,USD,
13896.54841,P1Y,0,,A,PU,_Z,2,,,False,WB_WDI,WB_WDI_NY_GDP_PCAP_CD,CSS,_T,_T,_T,_Z,_Z,_Z,2018,A,USD,
16227.284534,P1Y,0,,A,PU,_Z,2,,,False,WB_WDI,WB_WDI_NY_GDP_PCAP_CD,CEB,_T,_T,_T,_Z,_Z,_Z,2018,A,USD,
3460.86264,P1Y,0,,A,PU,_Z,2,,,False,WB_WDI,WB_WDI_NY_GDP_PCAP_CD,EAR,_T,_T,_T,_Z,_Z,_Z,2018,A,USD,
11487.509677,P1Y,0,,A,PU,_Z,2,,,False,WB_WDI,WB_WDI_NY_GDP_PCAP_CD,EAS,_T,_T,_T,_Z,_Z,_Z,2018,A,USD,
8046.004463,P1Y,0,,A,PU,_Z,2,,,False,WB_WDI,WB_WDI_NY_GDP_PCAP_CD,EAP,_T,_T,_T,_Z,_Z,_Z,2018,A,USD,
8136.42934,P1Y,0,,A,PU,_Z,2,,,False,WB_WDI,WB_WDI_NY_GDP_PCAP_CD,TEA,_T,_T,_T,_Z,_Z,_Z,2018,A,USD,
39562.081419,P1Y,0,,A,PU,_Z,2,,,False,WB_WDI,WB_WDI_NY_GDP_PCAP_CD,EMU,_T,_T,_T,_Z,_Z,_Z,2018,A,USD,
25435.687504,P1Y,0,,A,PU,_Z,2,,,False,WB_WDI,WB_WDI_NY_GDP_PCAP_CD,ECS,_T,_T,_T,_Z,_Z,_Z,2018,A,USD,
5947.153605,P1Y,0,,A,PU,_Z,2,,,False,WB_WDI,WB_WDI_NY_GDP_PCAP_CD,ECA,_T,_T,_T,_Z,_Z,_Z,2018,A,USD,
2781.388695,P1Y,0,,A,PU,_Z,2,,,False,WB_WDI,WB_WDI_NY_GDP_PCAP_CD,UZB,_T,_T,_T,_Z,_Z,_Z,2013,A,USD,
3392.566751,P1Y,0,,A,PU,_Z,2,,,False,WB_WDI,WB_WDI_NY_GDP_PCAP_CD,VUT,_T,_T,_T,_Z,_Z,_Z,2013,A,USD,
8642.3738,P1Y,0,,A,PU,_Z,2,,,False,WB_WDI,WB_WDI_NY_GDP_PCAP_CD,VEN,_T,_T,_T,_Z,_Z,_Z,2013,A,USD,
2359.517365,P1Y,0,,A,PU,_Z,2,,,False,WB_WDI,WB_WDI_NY_GDP_PCAP_CD,VNM,_T,_T,_T,_Z,_Z,_Z,2013,A,USD,
34597.976694,P1Y,0,,A,PU,_Z,2,,,False,WB_WDI,WB_WDI_NY_GDP_PCAP_CD,VIR,_T,_T,_T,_Z,_Z,_Z,2013,A,USD,
3315.297539,P1Y,0,,A,PU,_Z,2,,,False,WB_WDI,WB_WDI_NY_GDP_PCAP_CD,PSE,_T,_T,_T,_Z,_Z,_Z,2013,A,USD,
1378.75003,P1Y,0,,A,PU,_Z,2,,,False,WB_WDI,WB_WDI_NY_GDP_PCAP_CD,YEM,_T,_T,_T,_Z,_Z,_Z,2013,A,USD,
1820.718548,P1Y,0,,A,PU,_Z,2,,,False,WB_WDI,WB_WDI_NY_GDP_PCAP_CD,ZMB,_T,_T,_T,_Z,_Z,_Z,2013,A,USD,
1362.994983,P1Y,0,,A,PU,_Z,2,,,False,WB_WDI,WB_WDI_NY_GDP_PCAP_CD,ZWE,_T,_T,_T,_Z,_Z,_Z,2013,A,USD,
1689.982381,P1Y,0,,A,PU,_Z,2,,,False,WB_WDI,WB_WDI_NY_GDP_PCAP_CD,AFE,_T,_T,_T,_Z,_Z,_Z,2014,A,USD,
2224.329586,P1Y,0,,A,PU,_Z,2,,,False,WB_WDI,WB_WDI_NY_GDP_PCAP_CD,AFW,_T,_T,_T,_Z,_Z,_Z,2014,A,USD,
7347.621157,P1Y,0,,A,PU,_Z,2,,,False,WB_WDI,WB_WDI_NY_GDP_PCAP_CD,ARB,_T,_T,_T,_Z,_Z,_Z,2014,A,USD,
14962.943352,P1Y,0,,A,PU,_Z,2,,,False,WB_WDI,WB_WDI_NY_GDP_PCAP_CD,CSS,_T,_T,_T,_Z,_Z,_Z,2014,A,USD,
4322.825723,P1Y,0,,A,PU,_Z,2,,,False,WB_WDI,WB_WDI_NY_GDP_PCAP_CD,VNM,_T,_T,_T,_Z,_Z,_Z,2023,A,USD,
3607.416119,P1Y,0,,A,PU,_Z,2,,,False,WB_WDI,WB_WDI_NY_GDP_PCAP_CD,PSE,_T,_T,_T,_Z,_Z,_Z,2023,A,USD,
1330.727806,P1Y,0,,A,PU,_Z,2,,,False,WB_WDI,WB_WDI_NY_GDP_PCAP_CD,ZMB,_T,_T,_T,_Z,_Z,_Z,2023,A,USD,
2195.22502,P1Y,0,,A,PU,_Z,2,,,False,WB_WDI,WB_WDI_NY_GDP_PCAP_CD,ZWE,_T,_T,_T,_Z,_Z,_Z,2023,A,USD,
1628.227289,P1Y,0,,A,PU,_Z,2,,,False,WB_WDI,WB_WDI_NY_GDP_PCAP_CD,AFE,_T,_T,_T,_Z,_Z,_Z,2024,A,USD,
1416.228412,P1Y,0,,A,PU,_Z,2,,,False,WB_WDI,WB_WDI_NY_GDP_PCAP_CD,AFW,_T,_T,_T,_Z,_Z,_Z,2024,A,USD,
7602.411157,P1Y,0,,A,PU,_Z,2,,,False,WB_WDI,WB_WDI_NY_GDP_PCAP_CD,ARB,_T,_T,_T,_Z,_Z,_Z,2024,A,USD,
19923.574591,P1Y,0,,A,PU,_Z,2,,,False,WB_WDI,WB_WDI_NY_GDP_PCAP_CD,CSS,_T,_T,_T,_Z,_Z,_Z,2024,A,USD,
24616.095787,P1Y,0,,A,PU,_Z,2,,,False,WB_WDI,WB_WDI_NY_GDP_PCAP_CD,CEB,_T,_T,_T,_Z,_Z,_Z,2024,A,USD,
4405.284926,P1Y,0,,A,PU,_Z,2,,,False,WB_WDI,WB_WDI_NY_GDP_PCAP_CD,EAR,_T,_T,_T,_Z,_Z,_Z,2024,A,USD,
13482.478879,P1Y,0,,A,PU,_Z,2,,,False,WB_WDI,WB_WDI_NY_GDP_PCAP_CD,EAS,_T,_T,_T,_Z,_Z,_Z,2024,A,USD,
10391.15261,P1Y,0,,A,PU,_Z,2,,,False,WB_WDI,WB_WDI_NY_GDP_PCAP_CD,EAP,_T,_T,_T,_Z,_Z,_Z,2024,A,USD,
10508.246208,P1Y,0,,A,PU,_Z,2,,,False,WB_WDI,WB_WDI_NY_GDP_PCAP_CD,TEA,_T,_T,_T,_Z,_Z,_Z,2024,A,USD,
46424.241308,P1Y,0,,A,PU,_Z,2,,,False,WB_WDI,WB_WDI_NY_GDP_PCAP_CD,EMU,_T,_T,_T,_Z,_Z,_Z,2024,A,USD,
31630.855294,P1Y,0,,A,PU,_Z,2,,,False,WB_WDI,WB_WDI_NY_GDP_PCAP_CD,ECS,_T,_T,_T,_Z,_Z,_Z,2024,A,USD,
9801.700547,P1Y,0,,A,PU,_Z,2,,,False,WB_WDI,WB_WDI_NY_GDP_PCAP_CD,ECA,_T,_T,_T,_Z,_Z,_Z,2024,A,USD,
13364.448688,P1Y,0,,A,PU,_Z,2,,,False,WB_WDI,WB_WDI_NY_GDP_PCAP_CD,TEC,_T,_T,_T,_Z,_Z,_Z,2024,A,USD,
3736.81517,P1Y,0,,A,PU,_Z,2,,,False,WB_WDI,WB_WDI_NY_GDP_PCAP_CD,CPV,_T,_T,_T,_Z,_Z,_Z,2012,A,USD,
1192.80263,P1Y,0,,A,PU,_Z,2,,,False,WB_WDI,WB_WDI_NY_GDP_PCAP_CD,KHM,_T,_T,_T,_Z,_Z,_Z,2012,A,USD,
1449.098744,P1Y,0,,A,PU,_Z,2,,,False,WB_WDI,WB_WDI_NY_GDP_PCAP_CD,CMR,_T,_T,_T,_Z,_Z,_Z,2012,A,USD,
52670.142954,P1Y,0,,A,PU,_Z,2,,,False,WB_WDI,WB_WDI_NY_GDP_PCAP_CD,CAN,_T,_T,_T,_Z,_Z,_Z,2012,A,USD,
75101.591361,P1Y,0,,A,PU,_Z,2,,,False,WB_WDI,WB_WDI_NY_GDP_PCAP_CD,CYM,_T,_T,_T,_Z,_Z,_Z,2012,A,USD,
544.395849,P1Y,0,,A,PU,_Z,2,,,False,WB_WDI,WB_WDI_NY_GDP_PCAP_CD,CAF,_T,_T,_T,_Z,_Z,_Z,2012,A,USD,
1354.343447,P1Y,0,,A,PU,_Z,2,,,False,WB_WDI,WB_WDI_NY_GDP_PCAP_CD,TCD,_T,_T,_T,_Z,_Z,_Z,2012,A,USD,
58809.569895,P1Y,0,,A,PU,_Z,2,,,False,WB_WDI,WB_WDI_NY_GDP_PCAP_CD,CHI,_T,_T,_T,_Z,_Z,_Z,2012,A,USD,
15241.906998,P1Y,0,,A,PU,_Z,2,,,False,WB_WDI,WB_WDI_NY_GDP_PCAP_CD,CHL,_T,_T,_T,_Z,_Z,_Z,2012,A,USD,
6405.057424,P1Y,0,,A,PU,_Z,2,,,False,WB_WDI,WB_WDI_NY_GDP_PCAP_CD,CHN,_T,_T,_T,_Z,_Z,_Z,2012,A,USD,
8108.598382,P1Y,0,,A,PU,_Z,2,,,False,WB_WDI,WB_WDI_NY_GDP_PCAP_CD,COL,_T,_T,_T,_Z,_Z,_Z,2012,A,USD,
1490.314257,P1Y,0,,A,PU,_Z,2,,,False,WB_WDI,WB_WDI_NY_GDP_PCAP_CD,COM,_T,_T,_T,_Z,_Z,_Z,2012,A,USD,
6023.547532,P1Y,0,,A,PU,_Z,2,,,False,WB_WDI,WB_WDI_NY_GDP_PCAP_CD,ECA,_T,_T,_T,_Z,_Z,_Z,2016,A,USD,
7679.027684,P1Y,0,,A,PU,_Z,2,,,False,WB_WDI,WB_WDI_NY_GDP_PCAP_CD,TEC,_T,_T,_T,_Z,_Z,_Z,2016,A,USD,
31456.90358,P1Y,0,,A,PU,_Z,2,,,False,WB_WDI,WB_WDI_NY_GDP_PCAP_CD,EUU,_T,_T,_T,_Z,_Z,_Z,2016,A,USD,
895.291971,P1Y,0,,A,PU,_Z,2,,,False,WB_WDI,WB_WDI_NY_GDP_PCAP_CD,HPC,_T,_T,_T,_Z,_Z,_Z,2016,A,USD,
37232.235523,P1Y,0,,A,PU,_Z,2,,,False,WB_WDI,WB_WDI_NY_GDP_PCAP_CD,HIC,_T,_T,_T,_Z,_Z,_Z,2016,A,USD,
5535.215778,P1Y,0,,A,PU,_Z,2,,,False,WB_WDI,WB_WDI_NY_GDP_PCAP_CD,IBD,_T,_T,_T,_Z,_Z,_Z,2016,A,USD,
4450.009889,P1Y,0,,A,PU,_Z,2,,,False,WB_WDI,WB_WDI_NY_GDP_PCAP_CD,IBT,_T,_T,_T,_Z,_Z,_Z,2016,A,USD,
1810.821046,P1Y,0,,A,PU,_Z,2,,,False,WB_WDI,WB_WDI_NY_GDP_PCAP_CD,IDB,_T,_T,_T,_Z,_Z,_Z,2016,A,USD,
1054.715728,P1Y,0,,A,PU,_Z,2,,,False,WB_WDI,WB_WDI_NY_GDP_PCAP_CD,IDX,_T,_T,_T,_Z,_Z,_Z,2016,A,USD,
1321.747681,P1Y,0,,A,PU,_Z,2,,,False,WB_WDI,WB_WDI_NY_GDP_PCAP_CD,IDA,_T,_T,_T,_Z,_Z,_Z,2016,A,USD,
8297.336287,P1Y,0,,A,PU,_Z,2,,,False,WB_WDI,WB_WDI_NY_GDP_PCAP_CD,LTE,_T,_T,_T,_Z,_Z,_Z,2016,A,USD,
8241.511691,P1Y,0,,A,PU,_Z,2,,,False,WB_WDI,WB_WDI_NY_GDP_PCAP_CD,LCN,_T,_T,_T,_Z,_Z,_Z,2016,A,USD,
4107.642885,P1Y,0,,A,PU,_Z,2,,,False,WB_WDI,WB_WDI_NY_GDP_PCAP_CD,MNG,_T,_T,_T,_Z,_Z,_Z,2018,A,USD,
8673.594691,P1Y,0,,A,PU,_Z,2,,,False,WB_WDI,WB_WDI_NY_GDP_PCAP_CD,MNE,_T,_T,_T,_Z,_Z,_Z,2018,A,USD,
3501.697998,P1Y,0,,A,PU,_Z,2,,,False,WB_WDI,WB_WDI_NY_GDP_PCAP_CD,MAR,_T,_T,_T,_Z,_Z,_Z,2018,A,USD,
517.50726,P1Y,0,,A,PU,_Z,2,,,False,WB_WDI,WB_WDI_NY_GDP_PCAP_CD,MOZ,_T,_T,_T,_Z,_Z,_Z,2018,A,USD,
1298.213103,P1Y,0,,A,PU,_Z,2,,,False,WB_WDI,WB_WDI_NY_GDP_PCAP_CD,MMR,_T,_T,_T,_Z,_Z,_Z,2018,A,USD,
5308.608134,P1Y,0,,A,PU,_Z,2,,,False,WB_WDI,WB_WDI_NY_GDP_PCAP_CD,NAM,_T,_T,_T,_Z,_Z,_Z,2018,A,USD,
11413.746302,P1Y,0,,A,PU,_Z,2,,,False,WB_WDI,WB_WDI_NY_GDP_PCAP_CD,NRU,_T,_T,_T,_Z,_Z,_Z,2018,A,USD,
1179.198432,P1Y,0,,A,PU,_Z,2,,,False,WB_WDI,WB_WDI_NY_GDP_PCAP_CD,NPL,_T,_T,_T,_Z,_Z,_Z,2018,A,USD,
53955.077002,P1Y,0,,A,PU,_Z,2,,,False,WB_WDI,WB_WDI_NY_GDP_PCAP_CD,NLD,_T,_T,_T,_Z,_Z,_Z,2018,A,USD,
34902.896878,P1Y,0,,A,PU,_Z,2,,,False,WB_WDI,WB_WDI_NY_GDP_PCAP_CD,NCL,_T,_T,_T,_Z,_Z,_Z,2018,A,USD,
43204.130512,P1Y,0,,A,PU,_Z,2,,,False,WB_WDI,WB_WDI_NY_GDP_PCAP_CD,NZL,_T,_T,_T,_Z,_Z,_Z,2018,A,USD,
2035.165494,P1Y,0,,A,PU,_Z,2,,,False,WB_WDI,WB_WDI_NY_GDP_PCAP_CD,NIC,_T,_T,_T,_Z,_Z,_Z,2018,A,USD,
785.518656,P1Y,0,,A,PU,_Z,2,,,False,WB_WDI,WB_WDI_NY_GDP_PCAP_CD,NPL,_T,_T,_T,_Z,_Z,_Z,2011,A,USD,
54701.772803,P1Y,0,,A,PU,_Z,2,,,False,WB_WDI,WB_WDI_NY_GDP_PCAP_CD,NLD,_T,_T,_T,_Z,_Z,_Z,2011,A,USD,
38835.940185,P1Y,0,,A,PU,_Z,2,,,False,WB_WDI,WB_WDI_NY_GDP_PCAP_CD,NCL,_T,_T,_T,_Z,_Z,_Z,2011,A,USD,
38425.829998,P1Y,0,,A,PU,_Z,2,,,False,WB_WDI,WB_WDI_NY_GDP_PCAP_CD,NZL,_T,_T,_T,_Z,_Z,_Z,2011,A,USD,
1679.711921,P1Y,0,,A,PU,_Z,2,,,False,WB_WDI,WB_WDI_NY_GDP_PCAP_CD,NIC,_T,_T,_T,_Z,_Z,_Z,2011,A,USD,
510.759562,P1Y,0,,A,PU,_Z,2,,,False,WB_WDI,WB_WDI_NY_GDP_PCAP_CD,NER,_T,_T,_T,_Z,_Z,_Z,2011,A,USD,
2418.41317,P1Y,0,,A,PU,_Z,2,,,False,WB_WDI,WB_WDI_NY_GDP_PCAP_CD,NGA,_T,_T,_T,_Z,_Z,_Z,2011,A,USD,
5416.866729,P1Y,0,,A,PU,_Z,2,,,False,WB_WDI,WB_WDI_NY_GDP_PCAP_CD,MKD,_T,_T,_T,_Z,_Z,_Z,2011,A,USD,
13598.716609,P1Y,0,,A,PU,_Z,2,,,False,WB_WDI,WB_WDI_NY_GDP_PCAP_CD,MNP,_T,_T,_T,_Z,_Z,_Z,2011,A,USD,
103545.218988,P1Y,0,,A,PU,_Z,2,,,False,WB_WDI,WB_WDI_NY_GDP_PCAP_CD,NOR,_T,_T,_T,_Z,_Z,_Z,2011,A,USD,
25188.007415,P1Y,0,,A,PU,_Z,2,,,False,WB_WDI,WB_WDI_NY_GDP_PCAP_CD,OMN,_T,_T,_T,_Z,_Z,_Z,2011,A,USD,
1131.735138,P1Y,0,,A,PU,_Z,2,,,False,WB_WDI,WB_WDI_NY_GDP_PCAP_CD,PAK,_T,_T,_T,_Z,_Z,_Z,2011,A,USD,
5415.522806,P1Y,0,,A,PU,_Z,2,,,False,WB_WDI,WB_WDI_NY_GDP_PCAP_CD,IRN,_T,_T,_T,_Z,_Z,_Z,2009,A,USD,
3714.71206,P1Y,0,,A,PU,_Z,2,,,False,WB_WDI,WB_WDI_NY_GDP_PCAP_CD,IRQ,_T,_T,_T,_Z,_Z,_Z,2009,A,USD,
52133.090616,P1Y,0,,A,PU,_Z,2,,,False,WB_WDI,WB_WDI_NY_GDP_PCAP_CD,IRL,_T,_T,_T,_Z,_Z,_Z,2009,A,USD,
66156.105657,P1Y,0,,A,PU,_Z,2,,,False,WB_WDI,WB_WDI_NY_GDP_PCAP_CD,IMN,_T,_T,_T,_Z,_Z,_Z,2009,A,USD,
28469.681735,P1Y,0,,A,PU,_Z,2,,,False,WB_WDI,WB_WDI_NY_GDP_PCAP_CD,ISR,_T,_T,_T,_Z,_Z,_Z,2009,A,USD,
37099.613396,P1Y,0,,A,PU,_Z,2,,,False,WB_WDI,WB_WDI_NY_GDP_PCAP_CD,ITA,_T,_T,_T,_Z,_Z,_Z,2009,A,USD,
4428.381533,P1Y,0,,A,PU,_Z,2,,,False,WB_WDI,WB_WDI_NY_GDP_PCAP_CD,JAM,_T,_T,_T,_Z,_Z,_Z,2009,A,USD,
41678.178306,P1Y,0,,A,PU,_Z,2,,,False,WB_WDI,WB_WDI_NY_GDP_PCAP_CD,JPN,_T,_T,_T,_Z,_Z,_Z,2009,A,USD,
3845.343881,P1Y,0,,A,PU,_Z,2,,,False,WB_WDI,WB_WDI_NY_GDP_PCAP_CD,JOR,_T,_T,_T,_Z,_Z,_Z,2009,A,USD,
6938.011757,P1Y,0,,A,PU,_Z,2,,,False,WB_WDI,WB_WDI_NY_GDP_PCAP_CD,KAZ,_T,_T,_T,_Z,_Z,_Z,2009,A,USD,
1047.967832,P1Y,0,,A,PU,_Z,2,,,False,WB_WDI,WB_WDI_NY_GDP_PCAP_CD,KEN,_T,_T,_T,_Z,_Z,_Z,2009,A,USD,
1316.627539,P1Y,0,,A,PU,_Z,2,,,False,WB_WDI,WB_WDI_NY_GDP_PCAP_CD,KIR,_T,_T,_T,_Z,_Z,_Z,2009,A,USD,
6069.439031,P1Y,0,,A,PU,_Z,2,,,False,WB_WDI,WB_WDI_NY_GDP_PCAP_CD,ALB,_T,_T,_T,_Z,_Z,_Z,2019,A,USD,
4468.453419,P1Y,0,,A,PU,_Z,2,,,False,WB_WDI,WB_WDI_NY_GDP_PCAP_CD,DZA,_T,_T,_T,_Z,_Z,_Z,2019,A,USD,
12886.135952,P1Y,0,,A,PU,_Z,2,,,False,WB_WDI,WB_WDI_NY_GDP_PCAP_CD,ASM,_T,_T,_T,_Z,_Z,_Z,2019,A,USD,
41257.804586,P1Y,0,,A,PU,_Z,2,,,False,WB_WDI,WB_WDI_NY_GDP_PCAP_CD,AND,_T,_T,_T,_Z,_Z,_Z,2019,A,USD,
2507.868072,P1Y,0,,A,PU,_Z,2,,,False,WB_WDI,WB_WDI_NY_GDP_PCAP_CD,AGO,_T,_T,_T,_Z,_Z,_Z,2019,A,USD,
18896.372183,P1Y,0,,A,PU,_Z,2,,,False,WB_WDI,WB_WDI_NY_GDP_PCAP_CD,ATG,_T,_T,_T,_Z,_Z,_Z,2019,A,USD,
9955.974787,P1Y,0,,A,PU,_Z,2,,,False,WB_WDI,WB_WDI_NY_GDP_PCAP_CD,ARG,_T,_T,_T,_Z,_Z,_Z,2019,A,USD,
4597.228874,P1Y,0,,A,PU,_Z,2,,,False,WB_WDI,WB_WDI_NY_GDP_PCAP_CD,ARM,_T,_T,_T,_Z,_Z,_Z,2019,A,USD,
30654.485124,P1Y,0,,A,PU,_Z,2,,,False,WB_WDI,WB_WDI_NY_GDP_PCAP_CD,ABW,_T,_T,_T,_Z,_Z,_Z,2019,A,USD,
55194.75851,P1Y,0,,A,PU,_Z,2,,,False,WB_WDI,WB_WDI_NY_GDP_PCAP_CD,AUS,_T,_T,_T,_Z,_Z,_Z,2019,A,USD,
49885.994736,P1Y,0,,A,PU,_Z,2,,,False,WB_WDI,WB_WDI_NY_GDP_PCAP_CD,AUT,_T,_T,_T,_Z,_Z,_Z,2019,A,USD,
4805.753718,P1Y,0,,A,PU,_Z,2,,,False,WB_WDI,WB_WDI_NY_GDP_PCAP_CD,AZE,_T,_T,_T,_Z,_Z,_Z,2019,A,USD,
6677.070039,P1Y,0,,A,PU,_Z,2,,,False,WB_WDI,WB_WDI_NY_GDP_PCAP_CD,GAB,_T,_T,_T,_Z,_Z,_Z,2016,A,USD,
650.056501,P1Y,0,,A,PU,_Z,2,,,False,WB_WDI,WB_WDI_NY_GDP_PCAP_CD,GMB,_T,_T,_T,_Z,_Z,_Z,2016,A,USD,
4143.401257,P1Y,0,,A,PU,_Z,2,,,False,WB_WDI,WB_WDI_NY_GDP_PCAP_CD,GEO,_T,_T,_T,_Z,_Z,_Z,2016,A,USD,
42948.938193,P1Y,0,,A,PU,_Z,2,,,False,WB_WDI,WB_WDI_NY_GDP_PCAP_CD,DEU,_T,_T,_T,_Z,_Z,_Z,2016,A,USD,
1912.479913,P1Y,0,,A,PU,_Z,2,,,False,WB_WDI,WB_WDI_NY_GDP_PCAP_CD,GHA,_T,_T,_T,_Z,_Z,_Z,2016,A,USD,
17919.242638,P1Y,0,,A,PU,_Z,2,,,False,WB_WDI,WB_WDI_NY_GDP_PCAP_CD,GRC,_T,_T,_T,_Z,_Z,_Z,2016,A,USD,
48181.745354,P1Y,0,,A,PU,_Z,2,,,False,WB_WDI,WB_WDI_NY_GDP_PCAP_CD,GRL,_T,_T,_T,_Z,_Z,_Z,2016,A,USD,
9221.234611,P1Y,0,,A,PU,_Z,2,,,False,WB_WDI,WB_WDI_NY_GDP_PCAP_CD,GRD,_T,_T,_T,_Z,_Z,_Z,2016,A,USD,
35930.65949,P1Y,0,,A,PU,_Z,2,,,False,WB_WDI,WB_WDI_NY_GDP_PCAP_CD,GUM,_T,_T,_T,_Z,_Z,_Z,2016,A,USD,
4060.137847,P1Y,0,,A,PU,_Z,2,,,False,WB_WDI,WB_WDI_NY_GDP_PCAP_CD,GTM,_T,_T,_T,_Z,_Z,_Z,2016,A,USD,
711.99651,P1Y,0,,A,PU,_Z,2,,,False,WB_WDI,WB_WDI_NY_GDP_PCAP_CD,GIN,_T,_T,_T,_Z,_Z,_Z,2016,A,USD,
679.665387,P1Y,0,,A,PU,_Z,2,,,False,WB_WDI,WB_WDI_NY_GDP_PCAP_CD,GNB,_T,_T,_T,_Z,_Z,_Z,2016,A,USD,
1398.58702,P1Y,0,,A,PU,_Z,2,,,False,WB_WDI,WB_WDI_NY_GDP_PCAP_CD,CMR,_T,_T,_T,_Z,_Z,_Z,2010,A,USD,
47560.837883,P1Y,0,,A,PU,_Z,2,,,False,WB_WDI,WB_WDI_NY_GDP_PCAP_CD,CAN,_T,_T,_T,_Z,_Z,_Z,2010,A,USD,
76837.669964,P1Y,0,,A,PU,_Z,2,,,False,WB_WDI,WB_WDI_NY_GDP_PCAP_CD,CYM,_T,_T,_T,_Z,_Z,_Z,2010,A,USD,
476.873787,P1Y,0,,A,PU,_Z,2,,,False,WB_WDI,WB_WDI_NY_GDP_PCAP_CD,CAF,_T,_T,_T,_Z,_Z,_Z,2010,A,USD,
1141.800693,P1Y,0,,A,PU,_Z,2,,,False,WB_WDI,WB_WDI_NY_GDP_PCAP_CD,TCD,_T,_T,_T,_Z,_Z,_Z,2010,A,USD,
56123.459796,P1Y,0,,A,PU,_Z,2,,,False,WB_WDI,WB_WDI_NY_GDP_PCAP_CD,CHI,_T,_T,_T,_Z,_Z,_Z,2010,A,USD,
12632.870472,P1Y,0,,A,PU,_Z,2,,,False,WB_WDI,WB_WDI_NY_GDP_PCAP_CD,CHL,_T,_T,_T,_Z,_Z,_Z,2010,A,USD,
4629.245517,P1Y,0,,A,PU,_Z,2,,,False,WB_WDI,WB_WDI_NY_GDP_PCAP_CD,CHN,_T,_T,_T,_Z,_Z,_Z,2010,A,USD,
6398.295845,P1Y,0,,A,PU,_Z,2,,,False,WB_WDI,WB_WDI_NY_GDP_PCAP_CD,COL,_T,_T,_T,_Z,_Z,_Z,2010,A,USD,
1386.575336,P1Y,0,,A,PU,_Z,2,,,False,WB_WDI,WB_WDI_NY_GDP_PCAP_CD,COM,_T,_T,_T,_Z,_Z,_Z,2010,A,USD,
352.400399,P1Y,0,,A,PU,_Z,2,,,False,WB_WDI,WB_WDI_NY_GDP_PCAP_CD,COD,_T,_T,_T,_Z,_Z,_Z,2010,A,USD,
2946.557981,P1Y,0,,A,PU,_Z,2,,,False,WB_WDI,WB_WDI_NY_GDP_PCAP_CD,COG,_T,_T,_T,_Z,_Z,_Z,2010,A,USD,
21474.725712,P1Y,0,,A,PU,_Z,2,,,False,WB_WDI,WB_WDI_NY_GDP_PCAP_CD,GRC,_T,_T,_T,_Z,_Z,_Z,2014,A,USD,
50485.224414,P1Y,0,,A,PU,_Z,2,,,False,WB_WDI,WB_WDI_NY_GDP_PCAP_CD,GRL,_T,_T,_T,_Z,_Z,_Z,2014,A,USD,
7986.334212,P1Y,0,,A,PU,_Z,2,,,False,WB_WDI,WB_WDI_NY_GDP_PCAP_CD,GRD,_T,_T,_T,_Z,_Z,_Z,2014,A,USD,
33900.148653,P1Y,0,,A,PU,_Z,2,,,False,WB_WDI,WB_WDI_NY_GDP_PCAP_CD,GUM,_T,_T,_T,_Z,_Z,_Z,2014,A,USD,
3689.145104,P1Y,0,,A,PU,_Z,2,,,False,WB_WDI,WB_WDI_NY_GDP_PCAP_CD,GTM,_T,_T,_T,_Z,_Z,_Z,2014,A,USD,
765.146999,P1Y,0,,A,PU,_Z,2,,,False,WB_WDI,WB_WDI_NY_GDP_PCAP_CD,GIN,_T,_T,_T,_Z,_Z,_Z,2014,A,USD,
652.022501,P1Y,0,,A,PU,_Z,2,,,False,WB_WDI,WB_WDI_NY_GDP_PCAP_CD,GNB,_T,_T,_T,_Z,_Z,_Z,2014,A,USD,
5472.688205,P1Y,0,,A,PU,_Z,2,,,False,WB_WDI,WB_WDI_NY_GDP_PCAP_CD,GUY,_T,_T,_T,_Z,_Z,_Z,2014,A,USD,
1460.188986,P1Y,0,,A,PU,_Z,2,,,False,WB_WDI,WB_WDI_NY_GDP_PCAP_CD,HTI,_T,_T,_T,_Z,_Z,_Z,2014,A,USD,
2179.88172,P1Y,0,,A,PU,_Z,2,,,False,WB_WDI,WB_WDI_NY_GDP_PCAP_CD,HND,_T,_T,_T,_Z,_Z,_Z,2014,A,USD,
40315.373951,P1Y,0,,A,PU,_Z,2,,,False,WB_WDI,WB_WDI_NY_GDP_PCAP_CD,HKG,_T,_T,_T,_Z,_Z,_Z,2014,A,USD,
14352.501883,P1Y,0,,A,PU,_Z,2,,,False,WB_WDI,WB_WDI_NY_GDP_PCAP_CD,HUN,_T,_T,_T,_Z,_Z,_Z,2014,A,USD,
9497.674116,P1Y,0,,A,PU,_Z,2,,,False,WB_WDI,WB_WDI_NY_GDP_PCAP_CD,ROU,_T,_T,_T,_Z,_Z,_Z,2013,A,USD,
15941.448242,P1Y,0,,A,PU,_Z,2,,,False,WB_WDI,WB_WDI_NY_GDP_PCAP_CD,RUS,_T,_T,_T,_Z,_Z,_Z,2013,A,USD,
695.397141,P1Y,0,,A,PU,_Z,2,,,False,WB_WDI,WB_WDI_NY_GDP_PCAP_CD,RWA,_T,_T,_T,_Z,_Z,_Z,2013,A,USD,
4023.525401,P1Y,0,,A,PU,_Z,2,,,False,WB_WDI,WB_WDI_NY_GDP_PCAP_CD,WSM,_T,_T,_T,_Z,_Z,_Z,2013,A,USD,
50807.820634,P1Y,0,,A,PU,_Z,2,,,False,WB_WDI,WB_WDI_NY_GDP_PCAP_CD,SMR,_T,_T,_T,_Z,_Z,_Z,2013,A,USD,
1382.575784,P1Y,0,,A,PU,_Z,2,,,False,WB_WDI,WB_WDI_NY_GDP_PCAP_CD,STP,_T,_T,_T,_Z,_Z,_Z,2013,A,USD,
27865.465605,P1Y,0,,A,PU,_Z,2,,,False,WB_WDI,WB_WDI_NY_GDP_PCAP_CD,SAU,_T,_T,_T,_Z,_Z,_Z,2013,A,USD,
1379.831966,P1Y,0,,A,PU,_Z,2,,,False,WB_WDI,WB_WDI_NY_GDP_PCAP_CD,SEN,_T,_T,_T,_Z,_Z,_Z,2013,A,USD,
7040.418121,P1Y,0,,A,PU,_Z,2,,,False,WB_WDI,WB_WDI_NY_GDP_PCAP_CD,SRB,_T,_T,_T,_Z,_Z,_Z,2013,A,USD,
14821.292148,P1Y,0,,A,PU,_Z,2,,,False,WB_WDI,WB_WDI_NY_GDP_PCAP_CD,SYC,_T,_T,_T,_Z,_Z,_Z,2013,A,USD,
1117.471831,P1Y,0,,A,PU,_Z,2,,,False,WB_WDI,WB_WDI_NY_GDP_PCAP_CD,SLE,_T,_T,_T,_Z,_Z,_Z,2013,A,USD,
56967.425794,P1Y,0,,A,PU,_Z,2,,,False,WB_WDI,WB_WDI_NY_GDP_PCAP_CD,SGP,_T,_T,_T,_Z,_Z,_Z,2013,A,USD,
1843.553363,P1Y,0,,A,PU,_Z,2,,,False,WB_WDI,WB_WDI_NY_GDP_PCAP_CD,KIR,_T,_T,_T,_Z,_Z,_Z,2012,A,USD,
26600.547743,P1Y,0,,A,PU,_Z,2,,,False,WB_WDI,WB_WDI_NY_GDP_PCAP_CD,KOR,_T,_T,_T,_Z,_Z,_Z,2012,A,USD,
3410.65498,P1Y,0,,A,PU,_Z,2,,,False,WB_WDI,WB_WDI_NY_GDP_PCAP_CD,XKX,_T,_T,_T,_Z,_Z,_Z,2012,A,USD,
52155.222583,P1Y,0,,A,PU,_Z,2,,,False,WB_WDI,WB_WDI_NY_GDP_PCAP_CD,KWT,_T,_T,_T,_Z,_Z,_Z,2012,A,USD,
1168.622447,P1Y,0,,A,PU,_Z,2,,,False,WB_WDI,WB_WDI_NY_GDP_PCAP_CD,KGZ,_T,_T,_T,_Z,_Z,_Z,2012,A,USD,
1563.565077,P1Y,0,,A,PU,_Z,2,,,False,WB_WDI,WB_WDI_NY_GDP_PCAP_CD,LAO,_T,_T,_T,_Z,_Z,_Z,2012,A,USD,
13329.349993,P1Y,0,,A,PU,_Z,2,,,False,WB_WDI,WB_WDI_NY_GDP_PCAP_CD,LVA,_T,_T,_T,_Z,_Z,_Z,2012,A,USD,
8406.984056,P1Y,0,,A,PU,_Z,2,,,False,WB_WDI,WB_WDI_NY_GDP_PCAP_CD,LBN,_T,_T,_T,_Z,_Z,_Z,2012,A,USD,
1217.930712,P1Y,0,,A,PU,_Z,2,,,False,WB_WDI,WB_WDI_NY_GDP_PCAP_CD,LSO,_T,_T,_T,_Z,_Z,_Z,2012,A,USD,
638.368751,P1Y,0,,A,PU,_Z,2,,,False,WB_WDI,WB_WDI_NY_GDP_PCAP_CD,LBR,_T,_T,_T,_Z,_Z,_Z,2012,A,USD,
14975.89028,P1Y,0,,A,PU,_Z,2,,,False,WB_WDI,WB_WDI_NY_GDP_PCAP_CD,LBY,_T,_T,_T,_Z,_Z,_Z,2012,A,USD,
369.922434,P1Y,0,,A,PU,_Z,2,,,False,WB_WDI,WB_WDI_NY_GDP_PCAP_CD,IDX,_T,_T,_T,_Z,_Z,_Z,2002,A,USD,
465.592286,P1Y,0,,A,PU,_Z,2,,,False,WB_WDI,WB_WDI_NY_GDP_PCAP_CD,IDA,_T,_T,_T,_Z,_Z,_Z,2002,A,USD,
1809.490315,P1Y,0,,A,PU,_Z,2,,,False,WB_WDI,WB_WDI_NY_GDP_PCAP_CD,LTE,_T,_T,_T,_Z,_Z,_Z,2002,A,USD,
3839.196148,P1Y,0,,A,PU,_Z,2,,,False,WB_WDI,WB_WDI_NY_GDP_PCAP_CD,LCN,_T,_T,_T,_Z,_Z,_Z,2002,A,USD,
3657.851964,P1Y,0,,A,PU,_Z,2,,,False,WB_WDI,WB_WDI_NY_GDP_PCAP_CD,LAC,_T,_T,_T,_Z,_Z,_Z,2002,A,USD,
3714.374788,P1Y,0,,A,PU,_Z,2,,,False,WB_WDI,WB_WDI_NY_GDP_PCAP_CD,TLA,_T,_T,_T,_Z,_Z,_Z,2002,A,USD,
338.101121,P1Y,0,,A,PU,_Z,2,,,False,WB_WDI,WB_WDI_NY_GDP_PCAP_CD,LDC,_T,_T,_T,_Z,_Z,_Z,2002,A,USD,
1165.8188,P1Y,0,,A,PU,_Z,2,,,False,WB_WDI,WB_WDI_NY_GDP_PCAP_CD,LMY,_T,_T,_T,_Z,_Z,_Z,2002,A,USD,
312.033046,P1Y,0,,A,PU,_Z,2,,,False,WB_WDI,WB_WDI_NY_GDP_PCAP_CD,LIC,_T,_T,_T,_Z,_Z,_Z,2002,A,USD,
592.915989,P1Y,0,,A,PU,_Z,2,,,False,WB_WDI,WB_WDI_NY_GDP_PCAP_CD,LMC,_T,_T,_T,_Z,_Z,_Z,2002,A,USD,
2092.426495,P1Y,0,,A,PU,_Z,2,,,False,WB_WDI,WB_WDI_NY_GDP_PCAP_CD,MEA,_T,_T,_T,_Z,_Z,_Z,2002,A,USD,
1168.525316,P1Y,0,,A,PU,_Z,2,,,False,WB_WDI,WB_WDI_NY_GDP_PCAP_CD,MNA,_T,_T,_T,_Z,_Z,_Z,2002,A,USD,
1168.604096,P1Y,0,,A,PU,_Z,2,,,False,WB_WDI,WB_WDI_NY_GDP_PCAP_CD,TMN,_T,_T,_T,_Z,_Z,_Z,2002,A,USD,
1240.917595,P1Y,0,,A,PU,_Z,2,,,False,WB_WDI,WB_WDI_NY_GDP_PCAP_CD,MIC,_T,_T,_T,_Z,_Z,_Z,2002,A,USD,
14832.361161,P1Y,0,,A,PU,_Z,2,,,False,WB_WDI,WB_WDI_NY_GDP_PCAP_CD,PAN,_T,_T,_T,_Z,_Z,_Z,2016,A,USD,
2316.394798,P1Y,0,,A,PU,_Z,2,,,False,WB_WDI,WB_WDI_NY_GDP_PCAP_CD,PNG,_T,_T,_T,_Z,_Z,_Z,2016,A,USD,
5775.159634,P1Y,0,,A,PU,_Z,2,,,False,WB_WDI,WB_WDI_NY_GDP_PCAP_CD,PRY,_T,_T,_T,_Z,_Z,_Z,2016,A,USD,
6217.036,P1Y,0,,A,PU,_Z,2,,,False,WB_WDI,WB_WDI_NY_GDP_PCAP_CD,PER,_T,_T,_T,_Z,_Z,_Z,2016,A,USD,
2985.19564,P1Y,0,,A,PU,_Z,2,,,False,WB_WDI,WB_WDI_NY_GDP_PCAP_CD,PHL,_T,_T,_T,_Z,_Z,_Z,2016,A,USD,
12464.012104,P1Y,0,,A,PU,_Z,2,,,False,WB_WDI,WB_WDI_NY_GDP_PCAP_CD,POL,_T,_T,_T,_Z,_Z,_Z,2016,A,USD,
19980.280887,P1Y,0,,A,PU,_Z,2,,,False,WB_WDI,WB_WDI_NY_GDP_PCAP_CD,PRT,_T,_T,_T,_Z,_Z,_Z,2016,A,USD,
29978.088927,P1Y,0,,A,PU,_Z,2,,,False,WB_WDI,WB_WDI_NY_GDP_PCAP_CD,PRI,_T,_T,_T,_Z,_Z,_Z,2016,A,USD,
61253.637548,P1Y,0,,A,PU,_Z,2,,,False,WB_WDI,WB_WDI_NY_GDP_PCAP_CD,QAT,_T,_T,_T,_Z,_Z,_Z,2016,A,USD,
9404.540059,P1Y,0,,A,PU,_Z,2,,,False,WB_WDI,WB_WDI_NY_GDP_PCAP_CD,ROU,_T,_T,_T,_Z,_Z,_Z,2016,A,USD,
8663.158203,P1Y,0,,A,PU,_Z,2,,,False,WB_WDI,WB_WDI_NY_GDP_PCAP_CD,RUS,_T,_T,_T,_Z,_Z,_Z,2016,A,USD,
1447.427775,P1Y,0,,A,PU,_Z,2,,,False,WB_WDI,WB_WDI_NY_GDP_PCAP_CD,AFE,_T,_T,_T,_Z,_Z,_Z,2008,A,USD,
1668.615653,P1Y,0,,A,PU,_Z,2,,,False,WB_WDI,WB_WDI_NY_GDP_PCAP_CD,AFW,_T,_T,_T,_Z,_Z,_Z,2008,A,USD,
6100.539376,P1Y,0,,A,PU,_Z,2,,,False,WB_WDI,WB_WDI_NY_GDP_PCAP_CD,ARB,_T,_T,_T,_Z,_Z,_Z,2008,A,USD,
13890.130309,P1Y,0,,A,PU,_Z,2,,,False,WB_WDI,WB_WDI_NY_GDP_PCAP_CD,CSS,_T,_T,_T,_Z,_Z,_Z,2008,A,USD,
14534.246752,P1Y,0,,A,PU,_Z,2,,,False,WB_WDI,WB_WDI_NY_GDP_PCAP_CD,CEB,_T,_T,_T,_Z,_Z,_Z,2008,A,USD,
2595.480336,P1Y,0,,A,PU,_Z,2,,,False,WB_WDI,WB_WDI_NY_GDP_PCAP_CD,EAR,_T,_T,_T,_Z,_Z,_Z,2008,A,USD,
6593.644773,P1Y,0,,A,PU,_Z,2,,,False,WB_WDI,WB_WDI_NY_GDP_PCAP_CD,EAS,_T,_T,_T,_Z,_Z,_Z,2008,A,USD,
3117.832792,P1Y,0,,A,PU,_Z,2,,,False,WB_WDI,WB_WDI_NY_GDP_PCAP_CD,EAP,_T,_T,_T,_Z,_Z,_Z,2008,A,USD,
3154.169173,P1Y,0,,A,PU,_Z,2,,,False,WB_WDI,WB_WDI_NY_GDP_PCAP_CD,TEA,_T,_T,_T,_Z,_Z,_Z,2008,A,USD,
41406.659892,P1Y,0,,A,PU,_Z,2,,,False,WB_WDI,WB_WDI_NY_GDP_PCAP_CD,EMU,_T,_T,_T,_Z,_Z,_Z,2008,A,USD,
26536.484636,P1Y,0,,A,PU,_Z,2,,,False,WB_WDI,WB_WDI_NY_GDP_PCAP_CD,ECS,_T,_T,_T,_Z,_Z,_Z,2008,A,USD,
6191.249019,P1Y,0,,A,PU,_Z,2,,,False,WB_WDI,WB_WDI_NY_GDP_PCAP_CD,ECA,_T,_T,_T,_Z,_Z,_Z,2008,A,USD,
8951.350767,P1Y,0,,A,PU,_Z,2,,,False,WB_WDI,WB_WDI_NY_GDP_PCAP_CD,TEC,_T,_T,_T,_Z,_Z,_Z,2008,A,USD,
37160.010217,P1Y,0,,A,PU,_Z,2,,,False,WB_WDI,WB_WDI_NY_GDP_PCAP_CD,EUU,_T,_T,_T,_Z,_Z,_Z,2008,A,USD,
797.85398,P1Y,0,,A,PU,_Z,2,,,False,WB_WDI,WB_WDI_NY_GDP_PCAP_CD,HPC,_T,_T,_T,_Z,_Z,_Z,2008,A,USD,
36948.693739,P1Y,0,,A,PU,_Z,2,,,False,WB_WDI,WB_WDI_NY_GDP_PCAP_CD,HIC,_T,_T,_T,_Z,_Z,_Z,2008,A,USD,
3945.346082,P1Y,0,,A,PU,_Z,2,,,False,WB_WDI,WB_WDI_NY_GDP_PCAP_CD,IBD,_T,_T,_T,_Z,_Z,_Z,2008,A,USD,
3246.160836,P1Y,0,,A,PU,_Z,2,,,False,WB_WDI,WB_WDI_NY_GDP_PCAP_CD,IBT,_T,_T,_T,_Z,_Z,_Z,2008,A,USD,
1479.932697,P1Y,0,,A,PU,_Z,2,,,False,WB_WDI,WB_WDI_NY_GDP_PCAP_CD,IDB,_T,_T,_T,_Z,_Z,_Z,2008,A,USD,
791.399137,P1Y,0,,A,PU,_Z,2,,,False,WB_WDI,WB_WDI_NY_GDP_PCAP_CD,IDX,_T,_T,_T,_Z,_Z,_Z,2008,A,USD,
1033.532013,P1Y,0,,A,PU,_Z,2,,,False,WB_WDI,WB_WDI_NY_GDP_PCAP_CD,IDA,_T,_T,_T,_Z,_Z,_Z,2008,A,USD,
5453.262925,P1Y,0,,A,PU,_Z,2,,,False,WB_WDI,WB_WDI_NY_GDP_PCAP_CD,LTE,_T,_T,_T,_Z,_Z,_Z,2008,A,USD,
8077.965319,P1Y,0,,A,PU,_Z,2,,,False,WB_WDI,WB_WDI_NY_GDP_PCAP_CD,LCN,_T,_T,_T,_Z,_Z,_Z,2008,A,USD,
7812.589763,P1Y,0,,A,PU,_Z,2,,,False,WB_WDI,WB_WDI_NY_GDP_PCAP_CD,LAC,_T,_T,_T,_Z,_Z,_Z,2008,A,USD,
7989.380121,P1Y,0,,A,PU,_Z,2,,,False,WB_WDI,WB_WDI_NY_GDP_PCAP_CD,TLA,_T,_T,_T,_Z,_Z,_Z,2008,A,USD,
778.954487,P1Y,0,,A,PU,_Z,2,,,False,WB_WDI,WB_WDI_NY_GDP_PCAP_CD,LDC,_T,_T,_T,_Z,_Z,_Z,2008,A,USD,
2864.715133,P1Y,0,,A,PU,_Z,2,,,False,WB_WDI,WB_WDI_NY_GDP_PCAP_CD,LMY,_T,_T,_T,_Z,_Z,_Z,2008,A,USD,
5926.882358,P1Y,0,,A,PU,_Z,2,,,False,WB_WDI,WB_WDI_NY_GDP_PCAP_CD,TLA,_T,_T,_T,_Z,_Z,_Z,2006,A,USD,
552.997931,P1Y,0,,A,PU,_Z,2,,,False,WB_WDI,WB_WDI_NY_GDP_PCAP_CD,LDC,_T,_T,_T,_Z,_Z,_Z,2006,A,USD,
2012.452926,P1Y,0,,A,PU,_Z,2,,,False,WB_WDI,WB_WDI_NY_GDP_PCAP_CD,LMY,_T,_T,_T,_Z,_Z,_Z,2006,A,USD,
513.580915,P1Y,0,,A,PU,_Z,2,,,False,WB_WDI,WB_WDI_NY_GDP_PCAP_CD,LIC,_T,_T,_T,_Z,_Z,_Z,2006,A,USD,
988.797129,P1Y,0,,A,PU,_Z,2,,,False,WB_WDI,WB_WDI_NY_GDP_PCAP_CD,LMC,_T,_T,_T,_Z,_Z,_Z,2006,A,USD,
3482.136138,P1Y,0,,A,PU,_Z,2,,,False,WB_WDI,WB_WDI_NY_GDP_PCAP_CD,MEA,_T,_T,_T,_Z,_Z,_Z,2006,A,USD,
1883.120724,P1Y,0,,A,PU,_Z,2,,,False,WB_WDI,WB_WDI_NY_GDP_PCAP_CD,MNA,_T,_T,_T,_Z,_Z,_Z,2006,A,USD,
1885.148748,P1Y,0,,A,PU,_Z,2,,,False,WB_WDI,WB_WDI_NY_GDP_PCAP_CD,TMN,_T,_T,_T,_Z,_Z,_Z,2006,A,USD,
2152.970922,P1Y,0,,A,PU,_Z,2,,,False,WB_WDI,WB_WDI_NY_GDP_PCAP_CD,MIC,_T,_T,_T,_Z,_Z,_Z,2006,A,USD,
45741.33132,P1Y,0,,A,PU,_Z,2,,,False,WB_WDI,WB_WDI_NY_GDP_PCAP_CD,NAC,_T,_T,_T,_Z,_Z,_Z,2006,A,USD,
31752.919095,P1Y,0,,A,PU,_Z,2,,,False,WB_WDI,WB_WDI_NY_GDP_PCAP_CD,OED,_T,_T,_T,_Z,_Z,_Z,2006,A,USD,
9046.801649,P1Y,0,,A,PU,_Z,2,,,False,WB_WDI,WB_WDI_NY_GDP_PCAP_CD,OSS,_T,_T,_T,_Z,_Z,_Z,2006,A,USD,
2586.227762,P1Y,0,,A,PU,_Z,2,,,False,WB_WDI,WB_WDI_NY_GDP_PCAP_CD,PSS,_T,_T,_T,_Z,_Z,_Z,2006,A,USD,
35873.621838,P1Y,0,,A,PU,_Z,2,,,False,WB_WDI,WB_WDI_NY_GDP_PCAP_CD,PST,_T,_T,_T,_Z,_Z,_Z,2006,A,USD,
3279.182695,P1Y,0,,A,PU,_Z,2,,,False,WB_WDI,WB_WDI_NY_GDP_PCAP_CD,WSM,_T,_T,_T,_Z,_Z,_Z,2009,A,USD,
62429.020274,P1Y,0,,A,PU,_Z,2,,,False,WB_WDI,WB_WDI_NY_GDP_PCAP_CD,SMR,_T,_T,_T,_Z,_Z,_Z,2009,A,USD,
1128.280462,P1Y,0,,A,PU,_Z,2,,,False,WB_WDI,WB_WDI_NY_GDP_PCAP_CD,STP,_T,_T,_T,_Z,_Z,_Z,2009,A,USD,
17718.391165,P1Y,0,,A,PU,_Z,2,,,False,WB_WDI,WB_WDI_NY_GDP_PCAP_CD,SAU,_T,_T,_T,_Z,_Z,_Z,2009,A,USD,
1308.694043,P1Y,0,,A,PU,_Z,2,,,False,WB_WDI,WB_WDI_NY_GDP_PCAP_CD,SEN,_T,_T,_T,_Z,_Z,_Z,2009,A,USD,
6414.044846,P1Y,0,,A,PU,_Z,2,,,False,WB_WDI,WB_WDI_NY_GDP_PCAP_CD,SRB,_T,_T,_T,_Z,_Z,_Z,2009,A,USD,
9747.091805,P1Y,0,,A,PU,_Z,2,,,False,WB_WDI,WB_WDI_NY_GDP_PCAP_CD,SYC,_T,_T,_T,_Z,_Z,_Z,2009,A,USD,
652.845807,P1Y,0,,A,PU,_Z,2,,,False,WB_WDI,WB_WDI_NY_GDP_PCAP_CD,SLE,_T,_T,_T,_Z,_Z,_Z,2009,A,USD,
38926.805437,P1Y,0,,A,PU,_Z,2,,,False,WB_WDI,WB_WDI_NY_GDP_PCAP_CD,SGP,_T,_T,_T,_Z,_Z,_Z,2009,A,USD,
25528.412619,P1Y,0,,A,PU,_Z,2,,,False,WB_WDI,WB_WDI_NY_GDP_PCAP_CD,SXM,_T,_T,_T,_Z,_Z,_Z,2009,A,USD,
16586.752781,P1Y,0,,A,PU,_Z,2,,,False,WB_WDI,WB_WDI_NY_GDP_PCAP_CD,SVK,_T,_T,_T,_Z,_Z,_Z,2009,A,USD,
24501.789729,P1Y,0,,A,PU,_Z,2,,,False,WB_WDI,WB_WDI_NY_GDP_PCAP_CD,SVN,_T,_T,_T,_Z,_Z,_Z,2009,A,USD,
1554.70671,P1Y,0,,A,PU,_Z,2,,,False,WB_WDI,WB_WDI_NY_GDP_PCAP_CD,SLB,_T,_T,_T,_Z,_Z,_Z,2009,A,USD,
4952.733555,P1Y,0,,A,PU,_Z,2,,,False,WB_WDI,WB_WDI_NY_GDP_PCAP_CD,IRN,_T,_T,_T,_Z,_Z,_Z,2015,A,USD,
4440.141893,P1Y,0,,A,PU,_Z,2,,,False,WB_WDI,WB_WDI_NY_GDP_PCAP_CD,IRQ,_T,_T,_T,_Z,_Z,_Z,2015,A,USD,
64250.138518,P1Y,0,,A,PU,_Z,2,,,False,WB_WDI,WB_WDI_NY_GDP_PCAP_CD,IRL,_T,_T,_T,_Z,_Z,_Z,2015,A,USD,
84753.518742,P1Y,0,,A,PU,_Z,2,,,False,WB_WDI,WB_WDI_NY_GDP_PCAP_CD,IMN,_T,_T,_T,_Z,_Z,_Z,2015,A,USD,
36138.135614,P1Y,0,,A,PU,_Z,2,,,False,WB_WDI,WB_WDI_NY_GDP_PCAP_CD,ISR,_T,_T,_T,_Z,_Z,_Z,2015,A,USD,
30639.882975,P1Y,0,,A,PU,_Z,2,,,False,WB_WDI,WB_WDI_NY_GDP_PCAP_CD,ITA,_T,_T,_T,_Z,_Z,_Z,2015,A,USD,
5339.307183,P1Y,0,,A,PU,_Z,2,,,False,WB_WDI,WB_WDI_NY_GDP_PCAP_CD,JAM,_T,_T,_T,_Z,_Z,_Z,2015,A,USD,
35664.644611,P1Y,0,,A,PU,_Z,2,,,False,WB_WDI,WB_WDI_NY_GDP_PCAP_CD,JPN,_T,_T,_T,_Z,_Z,_Z,2015,A,USD,
4441.61896,P1Y,0,,A,PU,_Z,2,,,False,WB_WDI,WB_WDI_NY_GDP_PCAP_CD,JOR,_T,_T,_T,_Z,_Z,_Z,2015,A,USD,
10196.122626,P1Y,0,,A,PU,_Z,2,,,False,WB_WDI,WB_WDI_NY_GDP_PCAP_CD,KAZ,_T,_T,_T,_Z,_Z,_Z,2015,A,USD,
1489.119598,P1Y,0,,A,PU,_Z,2,,,False,WB_WDI,WB_WDI_NY_GDP_PCAP_CD,KEN,_T,_T,_T,_Z,_Z,_Z,2015,A,USD,
1204.364755,P1Y,0,,A,PU,_Z,2,,,False,WB_WDI,WB_WDI_NY_GDP_PCAP_CD,PAK,_T,_T,_T,_Z,_Z,_Z,2012,A,USD,
12098.412433,P1Y,0,,A,PU,_Z,2,,,False,WB_WDI,WB_WDI_NY_GDP_PCAP_CD,PLW,_T,_T,_T,_Z,_Z,_Z,2012,A,USD,
11064.806361,P1Y,0,,A,PU,_Z,2,,,False,WB_WDI,WB_WDI_NY_GDP_PCAP_CD,PAN,_T,_T,_T,_Z,_Z,_Z,2012,A,USD,
2635.087363,P1Y,0,,A,PU,_Z,2,,,False,WB_WDI,WB_WDI_NY_GDP_PCAP_CD,PNG,_T,_T,_T,_Z,_Z,_Z,2012,A,USD,
5642.169917,P1Y,0,,A,PU,_Z,2,,,False,WB_WDI,WB_WDI_NY_GDP_PCAP_CD,PRY,_T,_T,_T,_Z,_Z,_Z,2012,A,USD,
6519.37853,P1Y,0,,A,PU,_Z,2,,,False,WB_WDI,WB_WDI_NY_GDP_PCAP_CD,PER,_T,_T,_T,_Z,_Z,_Z,2012,A,USD,
2614.616444,P1Y,0,,A,PU,_Z,2,,,False,WB_WDI,WB_WDI_NY_GDP_PCAP_CD,PHL,_T,_T,_T,_Z,_Z,_Z,2012,A,USD,
13087.420943,P1Y,0,,A,PU,_Z,2,,,False,WB_WDI,WB_WDI_NY_GDP_PCAP_CD,POL,_T,_T,_T,_Z,_Z,_Z,2012,A,USD,
20593.427422,P1Y,0,,A,PU,_Z,2,,,False,WB_WDI,WB_WDI_NY_GDP_PCAP_CD,PRT,_T,_T,_T,_Z,_Z,_Z,2012,A,USD,
27742.024477,P1Y,0,,A,PU,_Z,2,,,False,WB_WDI,WB_WDI_NY_GDP_PCAP_CD,PRI,_T,_T,_T,_Z,_Z,_Z,2012,A,USD,
108470.378825,P1Y,0,,A,PU,_Z,2,,,False,WB_WDI,WB_WDI_NY_GDP_PCAP_CD,QAT,_T,_T,_T,_Z,_Z,_Z,2012,A,USD,
560.621505,P1Y,0,,A,PU,_Z,2,,,False,WB_WDI,WB_WDI_NY_GDP_PCAP_CD,AFG,_T,_T,_T,_Z,_Z,_Z,2010,A,USD,
4149.144699,P1Y,0,,A,PU,_Z,2,,,False,WB_WDI,WB_WDI_NY_GDP_PCAP_CD,ALB,_T,_T,_T,_Z,_Z,_Z,2010,A,USD,
4912.785855,P1Y,0,,A,PU,_Z,2,,,False,WB_WDI,WB_WDI_NY_GDP_PCAP_CD,DZA,_T,_T,_T,_Z,_Z,_Z,2010,A,USD,
10375.172014,P1Y,0,,A,PU,_Z,2,,,False,WB_WDI,WB_WDI_NY_GDP_PCAP_CD,ASM,_T,_T,_T,_Z,_Z,_Z,2010,A,USD,
42746.830952,P1Y,0,,A,PU,_Z,2,,,False,WB_WDI,WB_WDI_NY_GDP_PCAP_CD,AND,_T,_T,_T,_Z,_Z,_Z,2010,A,USD,
4101.637156,P1Y,0,,A,PU,_Z,2,,,False,WB_WDI,WB_WDI_NY_GDP_PCAP_CD,AGO,_T,_T,_T,_Z,_Z,_Z,2010,A,USD,
15217.395079,P1Y,0,,A,PU,_Z,2,,,False,WB_WDI,WB_WDI_NY_GDP_PCAP_CD,ATG,_T,_T,_T,_Z,_Z,_Z,2010,A,USD,
10260.131311,P1Y,0,,A,PU,_Z,2,,,False,WB_WDI,WB_WDI_NY_GDP_PCAP_CD,ARG,_T,_T,_T,_Z,_Z,_Z,2010,A,USD,
3041.344507,P1Y,0,,A,PU,_Z,2,,,False,WB_WDI,WB_WDI_NY_GDP_PCAP_CD,ARM,_T,_T,_T,_Z,_Z,_Z,2010,A,USD,
24093.140151,P1Y,0,,A,PU,_Z,2,,,False,WB_WDI,WB_WDI_NY_GDP_PCAP_CD,ABW,_T,_T,_T,_Z,_Z,_Z,2010,A,USD,
52313.893904,P1Y,0,,A,PU,_Z,2,,,False,WB_WDI,WB_WDI_NY_GDP_PCAP_CD,AUS,_T,_T,_T,_Z,_Z,_Z,2010,A,USD,
46611.139342,P1Y,0,,A,PU,_Z,2,,,False,WB_WDI,WB_WDI_NY_GDP_PCAP_CD,AUT,_T,_T,_T,_Z,_Z,_Z,2010,A,USD,
29054.05812,P1Y,0,,A,PU,_Z,2,,,False,WB_WDI,WB_WDI_NY_GDP_PCAP_CD,GUM,_T,_T,_T,_Z,_Z,_Z,2009,A,USD,
2611.646328,P1Y,0,,A,PU,_Z,2,,,False,WB_WDI,WB_WDI_NY_GDP_PCAP_CD,GTM,_T,_T,_T,_Z,_Z,_Z,2009,A,USD,
662.185915,P1Y,0,,A,PU,_Z,2,,,False,WB_WDI,WB_WDI_NY_GDP_PCAP_CD,GIN,_T,_T,_T,_Z,_Z,_Z,2009,A,USD,
583.19002,P1Y,0,,A,PU,_Z,2,,,False,WB_WDI,WB_WDI_NY_GDP_PCAP_CD,GNB,_T,_T,_T,_Z,_Z,_Z,2009,A,USD,
4209.132306,P1Y,0,,A,PU,_Z,2,,,False,WB_WDI,WB_WDI_NY_GDP_PCAP_CD,GUY,_T,_T,_T,_Z,_Z,_Z,2009,A,USD,
1196.852871,P1Y,0,,A,PU,_Z,2,,,False,WB_WDI,WB_WDI_NY_GDP_PCAP_CD,HTI,_T,_T,_T,_Z,_Z,_Z,2009,A,USD,
1781.157036,P1Y,0,,A,PU,_Z,2,,,False,WB_WDI,WB_WDI_NY_GDP_PCAP_CD,HND,_T,_T,_T,_Z,_Z,_Z,2009,A,USD,
30697.538386,P1Y,0,,A,PU,_Z,2,,,False,WB_WDI,WB_WDI_NY_GDP_PCAP_CD,HKG,_T,_T,_T,_Z,_Z,_Z,2009,A,USD,
13051.183178,P1Y,0,,A,PU,_Z,2,,,False,WB_WDI,WB_WDI_NY_GDP_PCAP_CD,HUN,_T,_T,_T,_Z,_Z,_Z,2009,A,USD,
41483.784368,P1Y,0,,A,PU,_Z,2,,,False,WB_WDI,WB_WDI_NY_GDP_PCAP_CD,ISL,_T,_T,_T,_Z,_Z,_Z,2009,A,USD,
1094.949746,P1Y,0,,A,PU,_Z,2,,,False,WB_WDI,WB_WDI_NY_GDP_PCAP_CD,IND,_T,_T,_T,_Z,_Z,_Z,2009,A,USD,
2218.485419,P1Y,0,,A,PU,_Z,2,,,False,WB_WDI,WB_WDI_NY_GDP_PCAP_CD,IDN,_T,_T,_T,_Z,_Z,_Z,2009,A,USD,
1772.075655,P1Y,0,,A,PU,_Z,2,,,False,WB_WDI,WB_WDI_NY_GDP_PCAP_CD,NAM,_T,_T,_T,_Z,_Z,_Z,2002,A,USD,
2084.648245,P1Y,0,,A,PU,_Z,2,,,False,WB_WDI,WB_WDI_NY_GDP_PCAP_CD,NRU,_T,_T,_T,_Z,_Z,_Z,2002,A,USD,
238.891403,P1Y,0,,A,PU,_Z,2,,,False,WB_WDI,WB_WDI_NY_GDP_PCAP_CD,NPL,_T,_T,_T,_Z,_Z,_Z,2002,A,USD,
29446.533087,P1Y,0,,A,PU,_Z,2,,,False,WB_WDI,WB_WDI_NY_GDP_PCAP_CD,NLD,_T,_T,_T,_Z,_Z,_Z,2002,A,USD,
16104.552041,P1Y,0,,A,PU,_Z,2,,,False,WB_WDI,WB_WDI_NY_GDP_PCAP_CD,NCL,_T,_T,_T,_Z,_Z,_Z,2002,A,USD,
16874.187492,P1Y,0,,A,PU,_Z,2,,,False,WB_WDI,WB_WDI_NY_GDP_PCAP_CD,NZL,_T,_T,_T,_Z,_Z,_Z,2002,A,USD,
1014.333904,P1Y,0,,A,PU,_Z,2,,,False,WB_WDI,WB_WDI_NY_GDP_PCAP_CD,NIC,_T,_T,_T,_Z,_Z,_Z,2002,A,USD,
225.294391,P1Y,0,,A,PU,_Z,2,,,False,WB_WDI,WB_WDI_NY_GDP_PCAP_CD,NER,_T,_T,_T,_Z,_Z,_Z,2002,A,USD,
712.164852,P1Y,0,,A,PU,_Z,2,,,False,WB_WDI,WB_WDI_NY_GDP_PCAP_CD,NGA,_T,_T,_T,_Z,_Z,_Z,2002,A,USD,
1989.135373,P1Y,0,,A,PU,_Z,2,,,False,WB_WDI,WB_WDI_NY_GDP_PCAP_CD,MKD,_T,_T,_T,_Z,_Z,_Z,2002,A,USD,
19227.889425,P1Y,0,,A,PU,_Z,2,,,False,WB_WDI,WB_WDI_NY_GDP_PCAP_CD,MNP,_T,_T,_T,_Z,_Z,_Z,2002,A,USD,
43048.288735,P1Y,0,,A,PU,_Z,2,,,False,WB_WDI,WB_WDI_NY_GDP_PCAP_CD,NOR,_T,_T,_T,_Z,_Z,_Z,2002,A,USD,
9869.130502,P1Y,0,,A,PU,_Z,2,,,False,WB_WDI,WB_WDI_NY_GDP_PCAP_CD,OMN,_T,_T,_T,_Z,_Z,_Z,2002,A,USD,
599.937346,P1Y,0,,A,PU,_Z,2,,,False,WB_WDI,WB_WDI_NY_GDP_PCAP_CD,PAK,_T,_T,_T,_Z,_Z,_Z,2002,A,USD,
166.162745,P1Y,0,,A,PU,_Z,2,,,False,WB_WDI,WB_WDI_NY_GDP_PCAP_CD,BDI,_T,_T,_T,_Z,_Z,_Z,2007,A,USD,
3324.576752,P1Y,0,,A,PU,_Z,2,,,False,WB_WDI,WB_WDI_NY_GDP_PCAP_CD,CPV,_T,_T,_T,_Z,_Z,_Z,2007,A,USD,
731.692295,P1Y,0,,A,PU,_Z,2,,,False,WB_WDI,WB_WDI_NY_GDP_PCAP_CD,KHM,_T,_T,_T,_Z,_Z,_Z,2007,A,USD,
1325.672482,P1Y,0,,A,PU,_Z,2,,,False,WB_WDI,WB_WDI_NY_GDP_PCAP_CD,CMR,_T,_T,_T,_Z,_Z,_Z,2007,A,USD,
44660.083889,P1Y,0,,A,PU,_Z,2,,,False,WB_WDI,WB_WDI_NY_GDP_PCAP_CD,CAN,_T,_T,_T,_Z,_Z,_Z,2007,A,USD,
89888.261821,P1Y,0,,A,PU,_Z,2,,,False,WB_WDI,WB_WDI_NY_GDP_PCAP_CD,CYM,_T,_T,_T,_Z,_Z,_Z,2007,A,USD,
380.887049,P1Y,0,,A,PU,_Z,2,,,False,WB_WDI,WB_WDI_NY_GDP_PCAP_CD,CAF,_T,_T,_T,_Z,_Z,_Z,2007,A,USD,
980.483531,P1Y,0,,A,PU,_Z,2,,,False,WB_WDI,WB_WDI_NY_GDP_PCAP_CD,TCD,_T,_T,_T,_Z,_Z,_Z,2007,A,USD,
74139.977994,P1Y,0,,A,PU,_Z,2,,,False,WB_WDI,WB_WDI_NY_GDP_PCAP_CD,CHI,_T,_T,_T,_Z,_Z,_Z,2007,A,USD,
10346.413818,P1Y,0,,A,PU,_Z,2,,,False,WB_WDI,WB_WDI_NY_GDP_PCAP_CD,CHL,_T,_T,_T,_Z,_Z,_Z,2007,A,USD,
2734.727099,P1Y,0,,A,PU,_Z,2,,,False,WB_WDI,WB_WDI_NY_GDP_PCAP_CD,CHN,_T,_T,_T,_Z,_Z,_Z,2007,A,USD,
4769.926147,P1Y,0,,A,PU,_Z,2,,,False,WB_WDI,WB_WDI_NY_GDP_PCAP_CD,COL,_T,_T,_T,_Z,_Z,_Z,2007,A,USD,
1965.243727,P1Y,0,,A,PU,_Z,2,,,False,WB_WDI,WB_WDI_NY_GDP_PCAP_CD,BGD,_T,_T,_T,_Z,_Z,_Z,2018,A,USD,
21378.220127,P1Y,0,,A,PU,_Z,2,,,False,WB_WDI,WB_WDI_NY_GDP_PCAP_CD,BRB,_T,_T,_T,_Z,_Z,_Z,2018,A,USD,
6360.037502,P1Y,0,,A,PU,_Z,2,,,False,WB_WDI,WB_WDI_NY_GDP_PCAP_CD,BLR,_T,_T,_T,_Z,_Z,_Z,2018,A,USD,
47487.210039,P1Y,0,,A,PU,_Z,2,,,False,WB_WDI,WB_WDI_NY_GDP_PCAP_CD,BEL,_T,_T,_T,_Z,_Z,_Z,2018,A,USD,
6011.990369,P1Y,0,,A,PU,_Z,2,,,False,WB_WDI,WB_WDI_NY_GDP_PCAP_CD,BLZ,_T,_T,_T,_Z,_Z,_Z,2018,A,USD,
1151.74097,P1Y,0,,A,PU,_Z,2,,,False,WB_WDI,WB_WDI_NY_GDP_PCAP_CD,BEN,_T,_T,_T,_Z,_Z,_Z,2018,A,USD,
113204.822108,P1Y,0,,A,PU,_Z,2,,,False,WB_WDI,WB_WDI_NY_GDP_PCAP_CD,BMU,_T,_T,_T,_Z,_Z,_Z,2018,A,USD,
3400.204172,P1Y,0,,A,PU,_Z,2,,,False,WB_WDI,WB_WDI_NY_GDP_PCAP_CD,BTN,_T,_T,_T,_Z,_Z,_Z,2018,A,USD,
4206.855294,P1Y,0,,A,PU,_Z,2,,,False,WB_WDI,WB_WDI_NY_GDP_PCAP_CD,BOL,_T,_T,_T,_Z,_Z,_Z,2018,A,USD,
6047.847072,P1Y,0,,A,PU,_Z,2,,,False,WB_WDI,WB_WDI_NY_GDP_PCAP_CD,BIH,_T,_T,_T,_Z,_Z,_Z,2018,A,USD,
7407.959401,P1Y,0,,A,PU,_Z,2,,,False,WB_WDI,WB_WDI_NY_GDP_PCAP_CD,BWA,_T,_T,_T,_Z,_Z,_Z,2018,A,USD,
1568.831934,P1Y,0,,A,PU,_Z,2,,,False,WB_WDI,WB_WDI_NY_GDP_PCAP_CD,PNG,_T,_T,_T,_Z,_Z,_Z,2009,A,USD,
3941.848155,P1Y,0,,A,PU,_Z,2,,,False,WB_WDI,WB_WDI_NY_GDP_PCAP_CD,PRY,_T,_T,_T,_Z,_Z,_Z,2009,A,USD,
4181.187555,P1Y,0,,A,PU,_Z,2,,,False,WB_WDI,WB_WDI_NY_GDP_PCAP_CD,PER,_T,_T,_T,_Z,_Z,_Z,2009,A,USD,
1864.450434,P1Y,0,,A,PU,_Z,2,,,False,WB_WDI,WB_WDI_NY_GDP_PCAP_CD,PHL,_T,_T,_T,_Z,_Z,_Z,2009,A,USD,
11556.302687,P1Y,0,,A,PU,_Z,2,,,False,WB_WDI,WB_WDI_NY_GDP_PCAP_CD,POL,_T,_T,_T,_Z,_Z,_Z,2009,A,USD,
23151.215413,P1Y,0,,A,PU,_Z,2,,,False,WB_WDI,WB_WDI_NY_GDP_PCAP_CD,PRT,_T,_T,_T,_Z,_Z,_Z,2009,A,USD,
25768.725888,P1Y,0,,A,PU,_Z,2,,,False,WB_WDI,WB_WDI_NY_GDP_PCAP_CD,PRI,_T,_T,_T,_Z,_Z,_Z,2009,A,USD,
60785.735155,P1Y,0,,A,PU,_Z,2,,,False,WB_WDI,WB_WDI_NY_GDP_PCAP_CD,QAT,_T,_T,_T,_Z,_Z,_Z,2009,A,USD,
8548.454341,P1Y,0,,A,PU,_Z,2,,,False,WB_WDI,WB_WDI_NY_GDP_PCAP_CD,ROU,_T,_T,_T,_Z,_Z,_Z,2009,A,USD,
8562.824219,P1Y,0,,A,PU,_Z,2,,,False,WB_WDI,WB_WDI_NY_GDP_PCAP_CD,RUS,_T,_T,_T,_Z,_Z,_Z,2009,A,USD,
556.973996,P1Y,0,,A,PU,_Z,2,,,False,WB_WDI,WB_WDI_NY_GDP_PCAP_CD,RWA,_T,_T,_T,_Z,_Z,_Z,2009,A,USD,
5711.814589,P1Y,0,,A,PU,_Z,2,,,False,WB_WDI,WB_WDI_NY_GDP_PCAP_CD,BLZ,_T,_T,_T,_Z,_Z,_Z,2008,A,USD,
1060.602545,P1Y,0,,A,PU,_Z,2,,,False,WB_WDI,WB_WDI_NY_GDP_PCAP_CD,BEN,_T,_T,_T,_Z,_Z,_Z,2008,A,USD,
110268.562401,P1Y,0,,A,PU,_Z,2,,,False,WB_WDI,WB_WDI_NY_GDP_PCAP_CD,BMU,_T,_T,_T,_Z,_Z,_Z,2008,A,USD,
1919.597749,P1Y,0,,A,PU,_Z,2,,,False,WB_WDI,WB_WDI_NY_GDP_PCAP_CD,BTN,_T,_T,_T,_Z,_Z,_Z,2008,A,USD,
1692.672485,P1Y,0,,A,PU,_Z,2,,,False,WB_WDI,WB_WDI_NY_GDP_PCAP_CD,BOL,_T,_T,_T,_Z,_Z,_Z,2008,A,USD,
4841.693119,P1Y,0,,A,PU,_Z,2,,,False,WB_WDI,WB_WDI_NY_GDP_PCAP_CD,BIH,_T,_T,_T,_Z,_Z,_Z,2008,A,USD,
5503.073953,P1Y,0,,A,PU,_Z,2,,,False,WB_WDI,WB_WDI_NY_GDP_PCAP_CD,BWA,_T,_T,_T,_Z,_Z,_Z,2008,A,USD,
8908.331765,P1Y,0,,A,PU,_Z,2,,,False,WB_WDI,WB_WDI_NY_GDP_PCAP_CD,BRA,_T,_T,_T,_Z,_Z,_Z,2008,A,USD,
42156.568584,P1Y,0,,A,PU,_Z,2,,,False,WB_WDI,WB_WDI_NY_GDP_PCAP_CD,BRN,_T,_T,_T,_Z,_Z,_Z,2008,A,USD,
7271.674437,P1Y,0,,A,PU,_Z,2,,,False,WB_WDI,WB_WDI_NY_GDP_PCAP_CD,BGR,_T,_T,_T,_Z,_Z,_Z,2008,A,USD,
619.437533,P1Y,0,,A,PU,_Z,2,,,False,WB_WDI,WB_WDI_NY_GDP_PCAP_CD,BFA,_T,_T,_T,_Z,_Z,_Z,2008,A,USD,
264.172844,P1Y,0,,A,PU,_Z,2,,,False,WB_WDI,WB_WDI_NY_GDP_PCAP_CD,BDI,_T,_T,_T,_Z,_Z,_Z,2021,A,USD,
3971.444092,P1Y,0,,A,PU,_Z,2,,,False,WB_WDI,WB_WDI_NY_GDP_PCAP_CD,CPV,_T,_T,_T,_Z,_Z,_Z,2021,A,USD,
2167.403242,P1Y,0,,A,PU,_Z,2,,,False,WB_WDI,WB_WDI_NY_GDP_PCAP_CD,KHM,_T,_T,_T,_Z,_Z,_Z,2021,A,USD,
1672.326573,P1Y,0,,A,PU,_Z,2,,,False,WB_WDI,WB_WDI_NY_GDP_PCAP_CD,CMR,_T,_T,_T,_Z,_Z,_Z,2021,A,USD,
52886.640781,P1Y,0,,A,PU,_Z,2,,,False,WB_WDI,WB_WDI_NY_GDP_PCAP_CD,CAN,_T,_T,_T,_Z,_Z,_Z,2021,A,USD,
86449.674904,P1Y,0,,A,PU,_Z,2,,,False,WB_WDI,WB_WDI_NY_GDP_PCAP_CD,CYM,_T,_T,_T,_Z,_Z,_Z,2021,A,USD,
492.263143,P1Y,0,,A,PU,_Z,2,,,False,WB_WDI,WB_WDI_NY_GDP_PCAP_CD,CAF,_T,_T,_T,_Z,_Z,_Z,2021,A,USD,
946.3585,P1Y,0,,A,PU,_Z,2,,,False,WB_WDI,WB_WDI_NY_GDP_PCAP_CD,TCD,_T,_T,_T,_Z,_Z,_Z,2021,A,USD,
66915.396393,P1Y,0,,A,PU,_Z,2,,,False,WB_WDI,WB_WDI_NY_GDP_PCAP_CD,CHI,_T,_T,_T,_Z,_Z,_Z,2021,A,USD,
16216.184086,P1Y,0,,A,PU,_Z,2,,,False,WB_WDI,WB_WDI_NY_GDP_PCAP_CD,CHL,_T,_T,_T,_Z,_Z,_Z,2021,A,USD,
12887.435724,P1Y,0,,A,PU,_Z,2,,,False,WB_WDI,WB_WDI_NY_GDP_PCAP_CD,CHN,_T,_T,_T,_Z,_Z,_Z,2021,A,USD,
6222.621644,P1Y,0,,A,PU,_Z,2,,,False,WB_WDI,WB_WDI_NY_GDP_PCAP_CD,COL,_T,_T,_T,_Z,_Z,_Z,2021,A,USD,
1587.729887,P1Y,0,,A,PU,_Z,2,,,False,WB_WDI,WB_WDI_NY_GDP_PCAP_CD,COM,_T,_T,_T,_Z,_Z,_Z,2021,A,USD,
3869.053739,P1Y,0,,A,PU,_Z,2,,,False,WB_WDI,WB_WDI_NY_GDP_PCAP_CD,ARM,_T,_T,_T,_Z,_Z,_Z,2017,A,USD,
28440.041688,P1Y,0,,A,PU,_Z,2,,,False,WB_WDI,WB_WDI_NY_GDP_PCAP_CD,ABW,_T,_T,_T,_Z,_Z,_Z,2017,A,USD,
54117.547719,P1Y,0,,A,PU,_Z,2,,,False,WB_WDI,WB_WDI_NY_GDP_PCAP_CD,AUS,_T,_T,_T,_Z,_Z,_Z,2017,A,USD,
47163.742578,P1Y,0,,A,PU,_Z,2,,,False,WB_WDI,WB_WDI_NY_GDP_PCAP_CD,AUT,_T,_T,_T,_Z,_Z,_Z,2017,A,USD,
4147.198142,P1Y,0,,A,PU,_Z,2,,,False,WB_WDI,WB_WDI_NY_GDP_PCAP_CD,AZE,_T,_T,_T,_Z,_Z,_Z,2017,A,USD,
31875.488175,P1Y,0,,A,PU,_Z,2,,,False,WB_WDI,WB_WDI_NY_GDP_PCAP_CD,BHS,_T,_T,_T,_Z,_Z,_Z,2017,A,USD,
24784.769351,P1Y,0,,A,PU,_Z,2,,,False,WB_WDI,WB_WDI_NY_GDP_PCAP_CD,BHR,_T,_T,_T,_Z,_Z,_Z,2017,A,USD,
1811.082217,P1Y,0,,A,PU,_Z,2,,,False,WB_WDI,WB_WDI_NY_GDP_PCAP_CD,BGD,_T,_T,_T,_Z,_Z,_Z,2017,A,USD,
20870.759643,P1Y,0,,A,PU,_Z,2,,,False,WB_WDI,WB_WDI_NY_GDP_PCAP_CD,BRB,_T,_T,_T,_Z,_Z,_Z,2017,A,USD,
5785.544919,P1Y,0,,A,PU,_Z,2,,,False,WB_WDI,WB_WDI_NY_GDP_PCAP_CD,BLR,_T,_T,_T,_Z,_Z,_Z,2017,A,USD,
44035.323936,P1Y,0,,A,PU,_Z,2,,,False,WB_WDI,WB_WDI_NY_GDP_PCAP_CD,BEL,_T,_T,_T,_Z,_Z,_Z,2017,A,USD,
5764.055029,P1Y,0,,A,PU,_Z,2,,,False,WB_WDI,WB_WDI_NY_GDP_PCAP_CD,GNQ,_T,_T,_T,_Z,_Z,_Z,2020,A,USD,
23933.993942,P1Y,0,,A,PU,_Z,2,,,False,WB_WDI,WB_WDI_NY_GDP_PCAP_CD,EST,_T,_T,_T,_Z,_Z,_Z,2020,A,USD,
3466.569363,P1Y,0,,A,PU,_Z,2,,,False,WB_WDI,WB_WDI_NY_GDP_PCAP_CD,SWZ,_T,_T,_T,_Z,_Z,_Z,2020,A,USD,
829.790983,P1Y,0,,A,PU,_Z,2,,,False,WB_WDI,WB_WDI_NY_GDP_PCAP_CD,ETH,_T,_T,_T,_Z,_Z,_Z,2020,A,USD,
62247.927391,P1Y,0,,A,PU,_Z,2,,,False,WB_WDI,WB_WDI_NY_GDP_PCAP_CD,FRO,_T,_T,_T,_Z,_Z,_Z,2020,A,USD,
4620.645724,P1Y,0,,A,PU,_Z,2,,,False,WB_WDI,WB_WDI_NY_GDP_PCAP_CD,FJI,_T,_T,_T,_Z,_Z,_Z,2020,A,USD,
48828.684686,P1Y,0,,A,PU,_Z,2,,,False,WB_WDI,WB_WDI_NY_GDP_PCAP_CD,FIN,_T,_T,_T,_Z,_Z,_Z,2020,A,USD,
39169.8606,P1Y,0,,A,PU,_Z,2,,,False,WB_WDI,WB_WDI_NY_GDP_PCAP_CD,FRA,_T,_T,_T,_Z,_Z,_Z,2020,A,USD,
19966.48385,P1Y,0,,A,PU,_Z,2,,,False,WB_WDI,WB_WDI_NY_GDP_PCAP_CD,PYF,_T,_T,_T,_Z,_Z,_Z,2020,A,USD,
6605.803461,P1Y,0,,A,PU,_Z,2,,,False,WB_WDI,WB_WDI_NY_GDP_PCAP_CD,GAB,_T,_T,_T,_Z,_Z,_Z,2020,A,USD,
720.335143,P1Y,0,,A,PU,_Z,2,,,False,WB_WDI,WB_WDI_NY_GDP_PCAP_CD,GMB,_T,_T,_T,_Z,_Z,_Z,2020,A,USD,
4300.857013,P1Y,0,,A,PU,_Z,2,,,False,WB_WDI,WB_WDI_NY_GDP_PCAP_CD,GEO,_T,_T,_T,_Z,_Z,_Z,2020,A,USD,
13830.843849,P1Y,0,,A,PU,_Z,2,,,False,WB_WDI,WB_WDI_NY_GDP_PCAP_CD,MEX,_T,_T,_T,_Z,_Z,_Z,2023,A,USD,
3933.01607,P1Y,0,,A,PU,_Z,2,,,False,WB_WDI,WB_WDI_NY_GDP_PCAP_CD,FSM,_T,_T,_T,_Z,_Z,_Z,2023,A,USD,
6799.585946,P1Y,0,,A,PU,_Z,2,,,False,WB_WDI,WB_WDI_NY_GDP_PCAP_CD,MDA,_T,_T,_T,_Z,_Z,_Z,2023,A,USD,
256799.911212,P1Y,0,,A,PU,_Z,2,,,False,WB_WDI,WB_WDI_NY_GDP_PCAP_CD,MCO,_T,_T,_T,_Z,_Z,_Z,2023,A,USD,
5838.631081,P1Y,0,,A,PU,_Z,2,,,False,WB_WDI,WB_WDI_NY_GDP_PCAP_CD,MNG,_T,_T,_T,_Z,_Z,_Z,2023,A,USD,
12258.160048,P1Y,0,,A,PU,_Z,2,,,False,WB_WDI,WB_WDI_NY_GDP_PCAP_CD,MNE,_T,_T,_T,_Z,_Z,_Z,2023,A,USD,
3813.726074,P1Y,0,,A,PU,_Z,2,,,False,WB_WDI,WB_WDI_NY_GDP_PCAP_CD,MAR,_T,_T,_T,_Z,_Z,_Z,2023,A,USD,
622.191133,P1Y,0,,A,PU,_Z,2,,,False,WB_WDI,WB_WDI_NY_GDP_PCAP_CD,MOZ,_T,_T,_T,_Z,_Z,_Z,2023,A,USD,
1233.196662,P1Y,0,,A,PU,_Z,2,,,False,WB_WDI,WB_WDI_NY_GDP_PCAP_CD,MMR,_T,_T,_T,_Z,_Z,_Z,2023,A,USD,
4225.991024,P1Y,0,,A,PU,_Z,2,,,False,WB_WDI,WB_WDI_NY_GDP_PCAP_CD,NAM,_T,_T,_T,_Z,_Z,_Z,2023,A,USD,
13602.637211,P1Y,0,,A,PU,_Z,2,,,False,WB_WDI,WB_WDI_NY_GDP_PCAP_CD,NRU,_T,_T,_T,_Z,_Z,_Z,2023,A,USD,
1382.383009,P1Y,0,,A,PU,_Z,2,,,False,WB_WDI,WB_WDI_NY_GDP_PCAP_CD,NPL,_T,_T,_T,_Z,_Z,_Z,2023,A,USD,
63515.603078,P1Y,0,,A,PU,_Z,2,,,False,WB_WDI,WB_WDI_NY_GDP_PCAP_CD,NLD,_T,_T,_T,_Z,_Z,_Z,2023,A,USD,
33701.892332,P1Y,0,,A,PU,_Z,2,,,False,WB_WDI,WB_WDI_NY_GDP_PCAP_CD,NCL,_T,_T,_T,_Z,_Z,_Z,2023,A,USD,
49302.341876,P1Y,0,,A,PU,_Z,2,,,False,WB_WDI,WB_WDI_NY_GDP_PCAP_CD,NZL,_T,_T,_T,_Z,_Z,_Z,2023,A,USD,
1130.359346,P1Y,0,,A,PU,_Z,2,,,False,WB_WDI,WB_WDI_NY_GDP_PCAP_CD,BTN,_T,_T,_T,_Z,_Z,_Z,2004,A,USD,
953.191893,P1Y,0,,A,PU,_Z,2,,,False,WB_WDI,WB_WDI_NY_GDP_PCAP_CD,BOL,_T,_T,_T,_Z,_Z,_Z,2004,A,USD,
2452.686092,P1Y,0,,A,PU,_Z,2,,,False,WB_WDI,WB_WDI_NY_GDP_PCAP_CD,BIH,_T,_T,_T,_Z,_Z,_Z,2004,A,USD,
4956.692877,P1Y,0,,A,PU,_Z,2,,,False,WB_WDI,WB_WDI_NY_GDP_PCAP_CD,BWA,_T,_T,_T,_Z,_Z,_Z,2004,A,USD,
3663.823188,P1Y,0,,A,PU,_Z,2,,,False,WB_WDI,WB_WDI_NY_GDP_PCAP_CD,BRA,_T,_T,_T,_Z,_Z,_Z,2004,A,USD,
24423.0947,P1Y,0,,A,PU,_Z,2,,,False,WB_WDI,WB_WDI_NY_GDP_PCAP_CD,BRN,_T,_T,_T,_Z,_Z,_Z,2004,A,USD,
3389.86048,P1Y,0,,A,PU,_Z,2,,,False,WB_WDI,WB_WDI_NY_GDP_PCAP_CD,BGR,_T,_T,_T,_Z,_Z,_Z,2004,A,USD,
403.812837,P1Y,0,,A,PU,_Z,2,,,False,WB_WDI,WB_WDI_NY_GDP_PCAP_CD,BFA,_T,_T,_T,_Z,_Z,_Z,2004,A,USD,
125.194965,P1Y,0,,A,PU,_Z,2,,,False,WB_WDI,WB_WDI_NY_GDP_PCAP_CD,BDI,_T,_T,_T,_Z,_Z,_Z,2004,A,USD,
1929.490815,P1Y,0,,A,PU,_Z,2,,,False,WB_WDI,WB_WDI_NY_GDP_PCAP_CD,CPV,_T,_T,_T,_Z,_Z,_Z,2004,A,USD,
444.199068,P1Y,0,,A,PU,_Z,2,,,False,WB_WDI,WB_WDI_NY_GDP_PCAP_CD,KHM,_T,_T,_T,_Z,_Z,_Z,2004,A,USD,
1133.393267,P1Y,0,,A,PU,_Z,2,,,False,WB_WDI,WB_WDI_NY_GDP_PCAP_CD,CMR,_T,_T,_T,_Z,_Z,_Z,2004,A,USD,
3789.853612,P1Y,0,,A,PU,_Z,2,,,False,WB_WDI,WB_WDI_NY_GDP_PCAP_CD,COL,_T,_T,_T,_Z,_Z,_Z,2006,A,USD,
1138.479084,P1Y,0,,A,PU,_Z,2,,,False,WB_WDI,WB_WDI_NY_GDP_PCAP_CD,COM,_T,_T,_T,_Z,_Z,_Z,2006,A,USD,
255.44523,P1Y,0,,A,PU,_Z,2,,,False,WB_WDI,WB_WDI_NY_GDP_PCAP_CD,COD,_T,_T,_T,_Z,_Z,_Z,2006,A,USD,
2103.582138,P1Y,0,,A,PU,_Z,2,,,False,WB_WDI,WB_WDI_NY_GDP_PCAP_CD,COG,_T,_T,_T,_Z,_Z,_Z,2006,A,USD,
5256.596413,P1Y,0,,A,PU,_Z,2,,,False,WB_WDI,WB_WDI_NY_GDP_PCAP_CD,CRI,_T,_T,_T,_Z,_Z,_Z,2006,A,USD,
1230.430568,P1Y,0,,A,PU,_Z,2,,,False,WB_WDI,WB_WDI_NY_GDP_PCAP_CD,CIV,_T,_T,_T,_Z,_Z,_Z,2006,A,USD,
11501.232742,P1Y,0,,A,PU,_Z,2,,,False,WB_WDI,WB_WDI_NY_GDP_PCAP_CD,HRV,_T,_T,_T,_Z,_Z,_Z,2006,A,USD,
4329.98266,P1Y,0,,A,PU,_Z,2,,,False,WB_WDI,WB_WDI_NY_GDP_PCAP_CD,CUB,_T,_T,_T,_Z,_Z,_Z,2006,A,USD,
17400.163778,P1Y,0,,A,PU,_Z,2,,,False,WB_WDI,WB_WDI_NY_GDP_PCAP_CD,CUW,_T,_T,_T,_Z,_Z,_Z,2006,A,USD,
26729.28125,P1Y,0,,A,PU,_Z,2,,,False,WB_WDI,WB_WDI_NY_GDP_PCAP_CD,CYP,_T,_T,_T,_Z,_Z,_Z,2006,A,USD,
15259.078816,P1Y,0,,A,PU,_Z,2,,,False,WB_WDI,WB_WDI_NY_GDP_PCAP_CD,CZE,_T,_T,_T,_Z,_Z,_Z,2006,A,USD,
52119.178798,P1Y,0,,A,PU,_Z,2,,,False,WB_WDI,WB_WDI_NY_GDP_PCAP_CD,DNK,_T,_T,_T,_Z,_Z,_Z,2006,A,USD,
1019.222107,P1Y,0,,A,PU,_Z,2,,,False,WB_WDI,WB_WDI_NY_GDP_PCAP_CD,SDN,_T,_T,_T,_Z,_Z,_Z,2012,A,USD,
8851.240507,P1Y,0,,A,PU,_Z,2,,,False,WB_WDI,WB_WDI_NY_GDP_PCAP_CD,SUR,_T,_T,_T,_Z,_Z,_Z,2012,A,USD,
57749.561542,P1Y,0,,A,PU,_Z,2,,,False,WB_WDI,WB_WDI_NY_GDP_PCAP_CD,SWE,_T,_T,_T,_Z,_Z,_Z,2012,A,USD,
87269.559478,P1Y,0,,A,PU,_Z,2,,,False,WB_WDI,WB_WDI_NY_GDP_PCAP_CD,CHE,_T,_T,_T,_Z,_Z,_Z,2012,A,USD,
1897.66115,P1Y,0,,A,PU,_Z,2,,,False,WB_WDI,WB_WDI_NY_GDP_PCAP_CD,SYR,_T,_T,_T,_Z,_Z,_Z,2012,A,USD,
952.45282,P1Y,0,,A,PU,_Z,2,,,False,WB_WDI,WB_WDI_NY_GDP_PCAP_CD,TJK,_T,_T,_T,_Z,_Z,_Z,2012,A,USD,
861.96991,P1Y,0,,A,PU,_Z,2,,,False,WB_WDI,WB_WDI_NY_GDP_PCAP_CD,TZA,_T,_T,_T,_Z,_Z,_Z,2012,A,USD,
5725.528028,P1Y,0,,A,PU,_Z,2,,,False,WB_WDI,WB_WDI_NY_GDP_PCAP_CD,THA,_T,_T,_T,_Z,_Z,_Z,2012,A,USD,
1022.619032,P1Y,0,,A,PU,_Z,2,,,False,WB_WDI,WB_WDI_NY_GDP_PCAP_CD,TLS,_T,_T,_T,_Z,_Z,_Z,2012,A,USD,
813.611525,P1Y,0,,A,PU,_Z,2,,,False,WB_WDI,WB_WDI_NY_GDP_PCAP_CD,TGO,_T,_T,_T,_Z,_Z,_Z,2012,A,USD,
4384.170587,P1Y,0,,A,PU,_Z,2,,,False,WB_WDI,WB_WDI_NY_GDP_PCAP_CD,TON,_T,_T,_T,_Z,_Z,_Z,2012,A,USD,
4542.96609,P1Y,0,,A,PU,_Z,2,,,False,WB_WDI,WB_WDI_NY_GDP_PCAP_CD,IRQ,_T,_T,_T,_Z,_Z,_Z,2008,A,USD,
61353.106563,P1Y,0,,A,PU,_Z,2,,,False,WB_WDI,WB_WDI_NY_GDP_PCAP_CD,IRL,_T,_T,_T,_Z,_Z,_Z,2008,A,USD,
72276.774133,P1Y,0,,A,PU,_Z,2,,,False,WB_WDI,WB_WDI_NY_GDP_PCAP_CD,IMN,_T,_T,_T,_Z,_Z,_Z,2008,A,USD,
30231.019101,P1Y,0,,A,PU,_Z,2,,,False,WB_WDI,WB_WDI_NY_GDP_PCAP_CD,ISR,_T,_T,_T,_Z,_Z,_Z,2008,A,USD,
40828.579558,P1Y,0,,A,PU,_Z,2,,,False,WB_WDI,WB_WDI_NY_GDP_PCAP_CD,ITA,_T,_T,_T,_Z,_Z,_Z,2008,A,USD,
5029.800953,P1Y,0,,A,PU,_Z,2,,,False,WB_WDI,WB_WDI_NY_GDP_PCAP_CD,JAM,_T,_T,_T,_Z,_Z,_Z,2008,A,USD,
40294.208131,P1Y,0,,A,PU,_Z,2,,,False,WB_WDI,WB_WDI_NY_GDP_PCAP_CD,JPN,_T,_T,_T,_Z,_Z,_Z,2008,A,USD,
3669.830127,P1Y,0,,A,PU,_Z,2,,,False,WB_WDI,WB_WDI_NY_GDP_PCAP_CD,JOR,_T,_T,_T,_Z,_Z,_Z,2008,A,USD,
8123.547059,P1Y,0,,A,PU,_Z,2,,,False,WB_WDI,WB_WDI_NY_GDP_PCAP_CD,KAZ,_T,_T,_T,_Z,_Z,_Z,2008,A,USD,
915.544355,P1Y,0,,A,PU,_Z,2,,,False,WB_WDI,WB_WDI_NY_GDP_PCAP_CD,KEN,_T,_T,_T,_Z,_Z,_Z,2008,A,USD,
1410.622469,P1Y,0,,A,PU,_Z,2,,,False,WB_WDI,WB_WDI_NY_GDP_PCAP_CD,KIR,_T,_T,_T,_Z,_Z,_Z,2008,A,USD,
22252.312511,P1Y,0,,A,PU,_Z,2,,,False,WB_WDI,WB_WDI_NY_GDP_PCAP_CD,KOR,_T,_T,_T,_Z,_Z,_Z,2008,A,USD,
25709.935149,P1Y,0,,A,PU,_Z,2,,,False,WB_WDI,WB_WDI_NY_GDP_PCAP_CD,GUM,_T,_T,_T,_Z,_Z,_Z,2006,A,USD,
2225.123475,P1Y,0,,A,PU,_Z,2,,,False,WB_WDI,WB_WDI_NY_GDP_PCAP_CD,GTM,_T,_T,_T,_Z,_Z,_Z,2006,A,USD,
446.980554,P1Y,0,,A,PU,_Z,2,,,False,WB_WDI,WB_WDI_NY_GDP_PCAP_CD,GIN,_T,_T,_T,_Z,_Z,_Z,2006,A,USD,
448.513075,P1Y,0,,A,PU,_Z,2,,,False,WB_WDI,WB_WDI_NY_GDP_PCAP_CD,GNB,_T,_T,_T,_Z,_Z,_Z,2006,A,USD,
3135.605535,P1Y,0,,A,PU,_Z,2,,,False,WB_WDI,WB_WDI_NY_GDP_PCAP_CD,GUY,_T,_T,_T,_Z,_Z,_Z,2006,A,USD,
828.8057,P1Y,0,,A,PU,_Z,2,,,False,WB_WDI,WB_WDI_NY_GDP_PCAP_CD,HTI,_T,_T,_T,_Z,_Z,_Z,2006,A,USD,
1425.847801,P1Y,0,,A,PU,_Z,2,,,False,WB_WDI,WB_WDI_NY_GDP_PCAP_CD,HND,_T,_T,_T,_Z,_Z,_Z,2006,A,USD,
28224.095156,P1Y,0,,A,PU,_Z,2,,,False,WB_WDI,WB_WDI_NY_GDP_PCAP_CD,HKG,_T,_T,_T,_Z,_Z,_Z,2006,A,USD,
11478.489164,P1Y,0,,A,PU,_Z,2,,,False,WB_WDI,WB_WDI_NY_GDP_PCAP_CD,HUN,_T,_T,_T,_Z,_Z,_Z,2006,A,USD,
58172.142666,P1Y,0,,A,PU,_Z,2,,,False,WB_WDI,WB_WDI_NY_GDP_PCAP_CD,ISL,_T,_T,_T,_Z,_Z,_Z,2006,A,USD,
801.668354,P1Y,0,,A,PU,_Z,2,,,False,WB_WDI,WB_WDI_NY_GDP_PCAP_CD,IND,_T,_T,_T,_Z,_Z,_Z,2006,A,USD,
1558.315628,P1Y,0,,A,PU,_Z,2,,,False,WB_WDI,WB_WDI_NY_GDP_PCAP_CD,IDN,_T,_T,_T,_Z,_Z,_Z,2006,A,USD,
3743.541952,P1Y,0,,A,PU,_Z,2,,,False,WB_WDI,WB_WDI_NY_GDP_PCAP_CD,DZA,_T,_T,_T,_Z,_Z,_Z,2020,A,USD,
14489.258656,P1Y,0,,A,PU,_Z,2,,,False,WB_WDI,WB_WDI_NY_GDP_PCAP_CD,ASM,_T,_T,_T,_Z,_Z,_Z,2020,A,USD,
37361.090067,P1Y,0,,A,PU,_Z,2,,,False,WB_WDI,WB_WDI_NY_GDP_PCAP_CD,AND,_T,_T,_T,_Z,_Z,_Z,2020,A,USD,
1749.179484,P1Y,0,,A,PU,_Z,2,,,False,WB_WDI,WB_WDI_NY_GDP_PCAP_CD,AGO,_T,_T,_T,_Z,_Z,_Z,2020,A,USD,
15369.608225,P1Y,0,,A,PU,_Z,2,,,False,WB_WDI,WB_WDI_NY_GDP_PCAP_CD,ATG,_T,_T,_T,_Z,_Z,_Z,2020,A,USD,
8535.59938,P1Y,0,,A,PU,_Z,2,,,False,WB_WDI,WB_WDI_NY_GDP_PCAP_CD,ARG,_T,_T,_T,_Z,_Z,_Z,2020,A,USD,
4268.680933,P1Y,0,,A,PU,_Z,2,,,False,WB_WDI,WB_WDI_NY_GDP_PCAP_CD,ARM,_T,_T,_T,_Z,_Z,_Z,2020,A,USD,
22664.370995,P1Y,0,,A,PU,_Z,2,,,False,WB_WDI,WB_WDI_NY_GDP_PCAP_CD,ABW,_T,_T,_T,_Z,_Z,_Z,2020,A,USD,
51983.452367,P1Y,0,,A,PU,_Z,2,,,False,WB_WDI,WB_WDI_NY_GDP_PCAP_CD,AUS,_T,_T,_T,_Z,_Z,_Z,2020,A,USD,
48716.40989,P1Y,0,,A,PU,_Z,2,,,False,WB_WDI,WB_WDI_NY_GDP_PCAP_CD,AUT,_T,_T,_T,_Z,_Z,_Z,2020,A,USD,
4229.910649,P1Y,0,,A,PU,_Z,2,,,False,WB_WDI,WB_WDI_NY_GDP_PCAP_CD,AZE,_T,_T,_T,_Z,_Z,_Z,2020,A,USD,
26178.753761,P1Y,0,,A,PU,_Z,2,,,False,WB_WDI,WB_WDI_NY_GDP_PCAP_CD,BHS,_T,_T,_T,_Z,_Z,_Z,2020,A,USD,
24342.844455,P1Y,0,,A,PU,_Z,2,,,False,WB_WDI,WB_WDI_NY_GDP_PCAP_CD,BHR,_T,_T,_T,_Z,_Z,_Z,2020,A,USD,
6548.036538,P1Y,0,,A,PU,_Z,2,,,False,WB_WDI,WB_WDI_NY_GDP_PCAP_CD,SRB,_T,_T,_T,_Z,_Z,_Z,2017,A,USD,
17480.365191,P1Y,0,,A,PU,_Z,2,,,False,WB_WDI,WB_WDI_NY_GDP_PCAP_CD,SYC,_T,_T,_T,_Z,_Z,_Z,2017,A,USD,
779.186008,P1Y,0,,A,PU,_Z,2,,,False,WB_WDI,WB_WDI_NY_GDP_PCAP_CD,SLE,_T,_T,_T,_Z,_Z,_Z,2017,A,USD,
61436.13255,P1Y,0,,A,PU,_Z,2,,,False,WB_WDI,WB_WDI_NY_GDP_PCAP_CD,SGP,_T,_T,_T,_Z,_Z,_Z,2017,A,USD,
34701.305849,P1Y,0,,A,PU,_Z,2,,,False,WB_WDI,WB_WDI_NY_GDP_PCAP_CD,SXM,_T,_T,_T,_Z,_Z,_Z,2017,A,USD,
17645.529872,P1Y,0,,A,PU,_Z,2,,,False,WB_WDI,WB_WDI_NY_GDP_PCAP_CD,SVK,_T,_T,_T,_Z,_Z,_Z,2017,A,USD,
23303.077706,P1Y,0,,A,PU,_Z,2,,,False,WB_WDI,WB_WDI_NY_GDP_PCAP_CD,SVN,_T,_T,_T,_Z,_Z,_Z,2017,A,USD,
2143.576705,P1Y,0,,A,PU,_Z,2,,,False,WB_WDI,WB_WDI_NY_GDP_PCAP_CD,SLB,_T,_T,_T,_Z,_Z,_Z,2017,A,USD,
510.939952,P1Y,0,,A,PU,_Z,2,,,False,WB_WDI,WB_WDI_NY_GDP_PCAP_CD,SOM,_T,_T,_T,_Z,_Z,_Z,2017,A,USD,
6618.335083,P1Y,0,,A,PU,_Z,2,,,False,WB_WDI,WB_WDI_NY_GDP_PCAP_CD,ZAF,_T,_T,_T,_Z,_Z,_Z,2017,A,USD,
28381.34256,P1Y,0,,A,PU,_Z,2,,,False,WB_WDI,WB_WDI_NY_GDP_PCAP_CD,ESP,_T,_T,_T,_Z,_Z,_Z,2017,A,USD,
817.887862,P1Y,0,,A,PU,_Z,2,,,False,WB_WDI,WB_WDI_NY_GDP_PCAP_CD,IRQ,_T,_T,_T,_Z,_Z,_Z,2003,A,USD,
41203.529585,P1Y,0,,A,PU,_Z,2,,,False,WB_WDI,WB_WDI_NY_GDP_PCAP_CD,IRL,_T,_T,_T,_Z,_Z,_Z,2003,A,USD,
28861.617806,P1Y,0,,A,PU,_Z,2,,,False,WB_WDI,WB_WDI_NY_GDP_PCAP_CD,IMN,_T,_T,_T,_Z,_Z,_Z,2003,A,USD,
19624.032141,P1Y,0,,A,PU,_Z,2,,,False,WB_WDI,WB_WDI_NY_GDP_PCAP_CD,ISR,_T,_T,_T,_Z,_Z,_Z,2003,A,USD,
27577.570032,P1Y,0,,A,PU,_Z,2,,,False,WB_WDI,WB_WDI_NY_GDP_PCAP_CD,ITA,_T,_T,_T,_Z,_Z,_Z,2003,A,USD,
3549.707584,P1Y,0,,A,PU,_Z,2,,,False,WB_WDI,WB_WDI_NY_GDP_PCAP_CD,JAM,_T,_T,_T,_Z,_Z,_Z,2003,A,USD,
35808.681679,P1Y,0,,A,PU,_Z,2,,,False,WB_WDI,WB_WDI_NY_GDP_PCAP_CD,JPN,_T,_T,_T,_Z,_Z,_Z,2003,A,USD,
1775.676256,P1Y,0,,A,PU,_Z,2,,,False,WB_WDI,WB_WDI_NY_GDP_PCAP_CD,JOR,_T,_T,_T,_Z,_Z,_Z,2003,A,USD,
1958.020502,P1Y,0,,A,PU,_Z,2,,,False,WB_WDI,WB_WDI_NY_GDP_PCAP_CD,KAZ,_T,_T,_T,_Z,_Z,_Z,2003,A,USD,
442.898457,P1Y,0,,A,PU,_Z,2,,,False,WB_WDI,WB_WDI_NY_GDP_PCAP_CD,KEN,_T,_T,_T,_Z,_Z,_Z,2003,A,USD,
1020.500339,P1Y,0,,A,PU,_Z,2,,,False,WB_WDI,WB_WDI_NY_GDP_PCAP_CD,KIR,_T,_T,_T,_Z,_Z,_Z,2003,A,USD,
15211.548377,P1Y,0,,A,PU,_Z,2,,,False,WB_WDI,WB_WDI_NY_GDP_PCAP_CD,KOR,_T,_T,_T,_Z,_Z,_Z,2003,A,USD,
22690.655175,P1Y,0,,A,PU,_Z,2,,,False,WB_WDI,WB_WDI_NY_GDP_PCAP_CD,KWT,_T,_T,_T,_Z,_Z,_Z,2003,A,USD,
327.12624,P1Y,0,,A,PU,_Z,2,,,False,WB_WDI,WB_WDI_NY_GDP_PCAP_CD,MOZ,_T,_T,_T,_Z,_Z,_Z,2000,A,USD,
196.619581,P1Y,0,,A,PU,_Z,2,,,False,WB_WDI,WB_WDI_NY_GDP_PCAP_CD,MMR,_T,_T,_T,_Z,_Z,_Z,2000,A,USD,
2156.675905,P1Y,0,,A,PU,_Z,2,,,False,WB_WDI,WB_WDI_NY_GDP_PCAP_CD,NAM,_T,_T,_T,_Z,_Z,_Z,2000,A,USD,
2648.601529,P1Y,0,,A,PU,_Z,2,,,False,WB_WDI,WB_WDI_NY_GDP_PCAP_CD,NRU,_T,_T,_T,_Z,_Z,_Z,2000,A,USD,
223.830289,P1Y,0,,A,PU,_Z,2,,,False,WB_WDI,WB_WDI_NY_GDP_PCAP_CD,NPL,_T,_T,_T,_Z,_Z,_Z,2000,A,USD,
26225.169773,P1Y,0,,A,PU,_Z,2,,,False,WB_WDI,WB_WDI_NY_GDP_PCAP_CD,NLD,_T,_T,_T,_Z,_Z,_Z,2000,A,USD,
15329.72972,P1Y,0,,A,PU,_Z,2,,,False,WB_WDI,WB_WDI_NY_GDP_PCAP_CD,NCL,_T,_T,_T,_Z,_Z,_Z,2000,A,USD,
13641.102718,P1Y,0,,A,PU,_Z,2,,,False,WB_WDI,WB_WDI_NY_GDP_PCAP_CD,NZL,_T,_T,_T,_Z,_Z,_Z,2000,A,USD,
1017.312443,P1Y,0,,A,PU,_Z,2,,,False,WB_WDI,WB_WDI_NY_GDP_PCAP_CD,NIC,_T,_T,_T,_Z,_Z,_Z,2000,A,USD,
194.77196,P1Y,0,,A,PU,_Z,2,,,False,WB_WDI,WB_WDI_NY_GDP_PCAP_CD,NER,_T,_T,_T,_Z,_Z,_Z,2000,A,USD,
547.318299,P1Y,0,,A,PU,_Z,2,,,False,WB_WDI,WB_WDI_NY_GDP_PCAP_CD,NGA,_T,_T,_T,_Z,_Z,_Z,2000,A,USD,
1861.898998,P1Y,0,,A,PU,_Z,2,,,False,WB_WDI,WB_WDI_NY_GDP_PCAP_CD,MKD,_T,_T,_T,_Z,_Z,_Z,2000,A,USD,
37991.890758,P1Y,0,,A,PU,_Z,2,,,False,WB_WDI,WB_WDI_NY_GDP_PCAP_CD,NOR,_T,_T,_T,_Z,_Z,_Z,2000,A,USD,
24596.893802,P1Y,0,,A,PU,_Z,2,,,False,WB_WDI,WB_WDI_NY_GDP_PCAP_CD,TCA,_T,_T,_T,_Z,_Z,_Z,2009,A,USD,
2683.967495,P1Y,0,,A,PU,_Z,2,,,False,WB_WDI,WB_WDI_NY_GDP_PCAP_CD,TUV,_T,_T,_T,_Z,_Z,_Z,2009,A,USD,
798.94709,P1Y,0,,A,PU,_Z,2,,,False,WB_WDI,WB_WDI_NY_GDP_PCAP_CD,UGA,_T,_T,_T,_Z,_Z,_Z,2009,A,USD,
2607.087646,P1Y,0,,A,PU,_Z,2,,,False,WB_WDI,WB_WDI_NY_GDP_PCAP_CD,UKR,_T,_T,_T,_Z,_Z,_Z,2009,A,USD,
37803.066374,P1Y,0,,A,PU,_Z,2,,,False,WB_WDI,WB_WDI_NY_GDP_PCAP_CD,ARE,_T,_T,_T,_Z,_Z,_Z,2009,A,USD,
39009.371555,P1Y,0,,A,PU,_Z,2,,,False,WB_WDI,WB_WDI_NY_GDP_PCAP_CD,GBR,_T,_T,_T,_Z,_Z,_Z,2009,A,USD,
47194.950089,P1Y,0,,A,PU,_Z,2,,,False,WB_WDI,WB_WDI_NY_GDP_PCAP_CD,USA,_T,_T,_T,_Z,_Z,_Z,2009,A,USD,
9881.395731,P1Y,0,,A,PU,_Z,2,,,False,WB_WDI,WB_WDI_NY_GDP_PCAP_CD,URY,_T,_T,_T,_Z,_Z,_Z,2009,A,USD,
1205.799355,P1Y,0,,A,PU,_Z,2,,,False,WB_WDI,WB_WDI_NY_GDP_PCAP_CD,UZB,_T,_T,_T,_Z,_Z,_Z,2009,A,USD,
2546.383246,P1Y,0,,A,PU,_Z,2,,,False,WB_WDI,WB_WDI_NY_GDP_PCAP_CD,VUT,_T,_T,_T,_Z,_Z,_Z,2009,A,USD,
11596.602192,P1Y,0,,A,PU,_Z,2,,,False,WB_WDI,WB_WDI_NY_GDP_PCAP_CD,VEN,_T,_T,_T,_Z,_Z,_Z,2009,A,USD,
1226.169761,P1Y,0,,A,PU,_Z,2,,,False,WB_WDI,WB_WDI_NY_GDP_PCAP_CD,VNM,_T,_T,_T,_Z,_Z,_Z,2009,A,USD,
38753.182539,P1Y,0,,A,PU,_Z,2,,,False,WB_WDI,WB_WDI_NY_GDP_PCAP_CD,VIR,_T,_T,_T,_Z,_Z,_Z,2009,A,USD,
8265.788206,P1Y,0,,A,PU,_Z,2,,,False,WB_WDI,WB_WDI_NY_GDP_PCAP_CD,CRI,_T,_T,_T,_Z,_Z,_Z,2010,A,USD,
1553.54887,P1Y,0,,A,PU,_Z,2,,,False,WB_WDI,WB_WDI_NY_GDP_PCAP_CD,CIV,_T,_T,_T,_Z,_Z,_Z,2010,A,USD,
13729.747287,P1Y,0,,A,PU,_Z,2,,,False,WB_WDI,WB_WDI_NY_GDP_PCAP_CD,HRV,_T,_T,_T,_Z,_Z,_Z,2010,A,USD,
5272.267558,P1Y,0,,A,PU,_Z,2,,,False,WB_WDI,WB_WDI_NY_GDP_PCAP_CD,CUB,_T,_T,_T,_Z,_Z,_Z,2010,A,USD,
19847.231013,P1Y,0,,A,PU,_Z,2,,,False,WB_WDI,WB_WDI_NY_GDP_PCAP_CD,CUW,_T,_T,_T,_Z,_Z,_Z,2010,A,USD,
31105.027344,P1Y,0,,A,PU,_Z,2,,,False,WB_WDI,WB_WDI_NY_GDP_PCAP_CD,CYP,_T,_T,_T,_Z,_Z,_Z,2010,A,USD,
20160.435508,P1Y,0,,A,PU,_Z,2,,,False,WB_WDI,WB_WDI_NY_GDP_PCAP_CD,CZE,_T,_T,_T,_Z,_Z,_Z,2010,A,USD,
58104.544559,P1Y,0,,A,PU,_Z,2,,,False,WB_WDI,WB_WDI_NY_GDP_PCAP_CD,DNK,_T,_T,_T,_Z,_Z,_Z,2010,A,USD,
1213.233526,P1Y,0,,A,PU,_Z,2,,,False,WB_WDI,WB_WDI_NY_GDP_PCAP_CD,DJI,_T,_T,_T,_Z,_Z,_Z,2010,A,USD,
7549.619647,P1Y,0,,A,PU,_Z,2,,,False,WB_WDI,WB_WDI_NY_GDP_PCAP_CD,DMA,_T,_T,_T,_Z,_Z,_Z,2010,A,USD,
5478.624704,P1Y,0,,A,PU,_Z,2,,,False,WB_WDI,WB_WDI_NY_GDP_PCAP_CD,DOM,_T,_T,_T,_Z,_Z,_Z,2010,A,USD,
6459.035037,P1Y,0,,A,PU,_Z,2,,,False,WB_WDI,WB_WDI_NY_GDP_PCAP_CD,DMA,_T,_T,_T,_Z,_Z,_Z,2007,A,USD,
4649.645589,P1Y,0,,A,PU,_Z,2,,,False,WB_WDI,WB_WDI_NY_GDP_PCAP_CD,DOM,_T,_T,_T,_Z,_Z,_Z,2007,A,USD,
3478.924888,P1Y,0,,A,PU,_Z,2,,,False,WB_WDI,WB_WDI_NY_GDP_PCAP_CD,ECU,_T,_T,_T,_Z,_Z,_Z,2007,A,USD,
1547.741707,P1Y,0,,A,PU,_Z,2,,,False,WB_WDI,WB_WDI_NY_GDP_PCAP_CD,EGY,_T,_T,_T,_Z,_Z,_Z,2007,A,USD,
2830.656938,P1Y,0,,A,PU,_Z,2,,,False,WB_WDI,WB_WDI_NY_GDP_PCAP_CD,SLV,_T,_T,_T,_Z,_Z,_Z,2007,A,USD,
12616.953294,P1Y,0,,A,PU,_Z,2,,,False,WB_WDI,WB_WDI_NY_GDP_PCAP_CD,GNQ,_T,_T,_T,_Z,_Z,_Z,2007,A,USD,
480.447624,P1Y,0,,A,PU,_Z,2,,,False,WB_WDI,WB_WDI_NY_GDP_PCAP_CD,ERI,_T,_T,_T,_Z,_Z,_Z,2007,A,USD,
16745.430801,P1Y,0,,A,PU,_Z,2,,,False,WB_WDI,WB_WDI_NY_GDP_PCAP_CD,EST,_T,_T,_T,_Z,_Z,_Z,2007,A,USD,
3109.110976,P1Y,0,,A,PU,_Z,2,,,False,WB_WDI,WB_WDI_NY_GDP_PCAP_CD,SWZ,_T,_T,_T,_Z,_Z,_Z,2007,A,USD,
237.146256,P1Y,0,,A,PU,_Z,2,,,False,WB_WDI,WB_WDI_NY_GDP_PCAP_CD,ETH,_T,_T,_T,_Z,_Z,_Z,2007,A,USD,
48348.739371,P1Y,0,,A,PU,_Z,2,,,False,WB_WDI,WB_WDI_NY_GDP_PCAP_CD,FRO,_T,_T,_T,_Z,_Z,_Z,2007,A,USD,
3762.746928,P1Y,0,,A,PU,_Z,2,,,False,WB_WDI,WB_WDI_NY_GDP_PCAP_CD,FJI,_T,_T,_T,_Z,_Z,_Z,2007,A,USD,
189.502075,P1Y,0,,A,PU,_Z,2,,,False,WB_WDI,WB_WDI_NY_GDP_PCAP_CD,BDI,_T,_T,_T,_Z,_Z,_Z,2008,A,USD,
3908.648858,P1Y,0,,A,PU,_Z,2,,,False,WB_WDI,WB_WDI_NY_GDP_PCAP_CD,CPV,_T,_T,_T,_Z,_Z,_Z,2008,A,USD,
866.284,P1Y,0,,A,PU,_Z,2,,,False,WB_WDI,WB_WDI_NY_GDP_PCAP_CD,KHM,_T,_T,_T,_Z,_Z,_Z,2008,A,USD,
1492.142698,P1Y,0,,A,PU,_Z,2,,,False,WB_WDI,WB_WDI_NY_GDP_PCAP_CD,CMR,_T,_T,_T,_Z,_Z,_Z,2008,A,USD,
46710.365442,P1Y,0,,A,PU,_Z,2,,,False,WB_WDI,WB_WDI_NY_GDP_PCAP_CD,CAN,_T,_T,_T,_Z,_Z,_Z,2008,A,USD,
89655.119622,P1Y,0,,A,PU,_Z,2,,,False,WB_WDI,WB_WDI_NY_GDP_PCAP_CD,CYM,_T,_T,_T,_Z,_Z,_Z,2008,A,USD,
437.248275,P1Y,0,,A,PU,_Z,2,,,False,WB_WDI,WB_WDI_NY_GDP_PCAP_CD,CAF,_T,_T,_T,_Z,_Z,_Z,2008,A,USD,
1166.368835,P1Y,0,,A,PU,_Z,2,,,False,WB_WDI,WB_WDI_NY_GDP_PCAP_CD,TCD,_T,_T,_T,_Z,_Z,_Z,2008,A,USD,
10683.218877,P1Y,0,,A,PU,_Z,2,,,False,WB_WDI,WB_WDI_NY_GDP_PCAP_CD,CHL,_T,_T,_T,_Z,_Z,_Z,2008,A,USD,
3523.443021,P1Y,0,,A,PU,_Z,2,,,False,WB_WDI,WB_WDI_NY_GDP_PCAP_CD,CHN,_T,_T,_T,_Z,_Z,_Z,2008,A,USD,
5541.836297,P1Y,0,,A,PU,_Z,2,,,False,WB_WDI,WB_WDI_NY_GDP_PCAP_CD,COL,_T,_T,_T,_Z,_Z,_Z,2008,A,USD,
7037.008037,P1Y,0,,A,PU,_Z,2,,,False,WB_WDI,WB_WDI_NY_GDP_PCAP_CD,PER,_T,_T,_T,_Z,_Z,_Z,2019,A,USD,
3400.789498,P1Y,0,,A,PU,_Z,2,,,False,WB_WDI,WB_WDI_NY_GDP_PCAP_CD,PHL,_T,_T,_T,_Z,_Z,_Z,2019,A,USD,
15874.522053,P1Y,0,,A,PU,_Z,2,,,False,WB_WDI,WB_WDI_NY_GDP_PCAP_CD,POL,_T,_T,_T,_Z,_Z,_Z,2019,A,USD,
23343.362897,P1Y,0,,A,PU,_Z,2,,,False,WB_WDI,WB_WDI_NY_GDP_PCAP_CD,PRT,_T,_T,_T,_Z,_Z,_Z,2019,A,USD,
31830.528499,P1Y,0,,A,PU,_Z,2,,,False,WB_WDI,WB_WDI_NY_GDP_PCAP_CD,PRI,_T,_T,_T,_Z,_Z,_Z,2019,A,USD,
66841.301348,P1Y,0,,A,PU,_Z,2,,,False,WB_WDI,WB_WDI_NY_GDP_PCAP_CD,QAT,_T,_T,_T,_Z,_Z,_Z,2019,A,USD,
12909.610401,P1Y,0,,A,PU,_Z,2,,,False,WB_WDI,WB_WDI_NY_GDP_PCAP_CD,ROU,_T,_T,_T,_Z,_Z,_Z,2019,A,USD,
11447.701172,P1Y,0,,A,PU,_Z,2,,,False,WB_WDI,WB_WDI_NY_GDP_PCAP_CD,RUS,_T,_T,_T,_Z,_Z,_Z,2019,A,USD,
823.355304,P1Y,0,,A,PU,_Z,2,,,False,WB_WDI,WB_WDI_NY_GDP_PCAP_CD,RWA,_T,_T,_T,_Z,_Z,_Z,2019,A,USD,
4351.942349,P1Y,0,,A,PU,_Z,2,,,False,WB_WDI,WB_WDI_NY_GDP_PCAP_CD,WSM,_T,_T,_T,_Z,_Z,_Z,2019,A,USD,
46626.999857,P1Y,0,,A,PU,_Z,2,,,False,WB_WDI,WB_WDI_NY_GDP_PCAP_CD,SMR,_T,_T,_T,_Z,_Z,_Z,2019,A,USD,
2248.850788,P1Y,0,,A,PU,_Z,2,,,False,WB_WDI,WB_WDI_NY_GDP_PCAP_CD,BGD,_T,_T,_T,_Z,_Z,_Z,2020,A,USD,
19180.991523,P1Y,0,,A,PU,_Z,2,,,False,WB_WDI,WB_WDI_NY_GDP_PCAP_CD,BRB,_T,_T,_T,_Z,_Z,_Z,2020,A,USD,
6542.8558,P1Y,0,,A,PU,_Z,2,,,False,WB_WDI,WB_WDI_NY_GDP_PCAP_CD,BLR,_T,_T,_T,_Z,_Z,_Z,2020,A,USD,
45906.287581,P1Y,0,,A,PU,_Z,2,,,False,WB_WDI,WB_WDI_NY_GDP_PCAP_CD,BEL,_T,_T,_T,_Z,_Z,_Z,2020,A,USD,
5238.540782,P1Y,0,,A,PU,_Z,2,,,False,WB_WDI,WB_WDI_NY_GDP_PCAP_CD,BLZ,_T,_T,_T,_Z,_Z,_Z,2020,A,USD,
1200.194266,P1Y,0,,A,PU,_Z,2,,,False,WB_WDI,WB_WDI_NY_GDP_PCAP_CD,BEN,_T,_T,_T,_Z,_Z,_Z,2020,A,USD,
106976.54624,P1Y,0,,A,PU,_Z,2,,,False,WB_WDI,WB_WDI_NY_GDP_PCAP_CD,BMU,_T,_T,_T,_Z,_Z,_Z,2020,A,USD,
3191.66907,P1Y,0,,A,PU,_Z,2,,,False,WB_WDI,WB_WDI_NY_GDP_PCAP_CD,BTN,_T,_T,_T,_Z,_Z,_Z,2020,A,USD,
3580.967618,P1Y,0,,A,PU,_Z,2,,,False,WB_WDI,WB_WDI_NY_GDP_PCAP_CD,BOL,_T,_T,_T,_Z,_Z,_Z,2020,A,USD,
6130.31188,P1Y,0,,A,PU,_Z,2,,,False,WB_WDI,WB_WDI_NY_GDP_PCAP_CD,BIH,_T,_T,_T,_Z,_Z,_Z,2020,A,USD,
6323.297497,P1Y,0,,A,PU,_Z,2,,,False,WB_WDI,WB_WDI_NY_GDP_PCAP_CD,BWA,_T,_T,_T,_Z,_Z,_Z,2020,A,USD,
12281.707946,P1Y,0,,A,PU,_Z,2,,,False,WB_WDI,WB_WDI_NY_GDP_PCAP_CD,SRB,_T,_T,_T,_Z,_Z,_Z,2023,A,USD,
18130.529714,P1Y,0,,A,PU,_Z,2,,,False,WB_WDI,WB_WDI_NY_GDP_PCAP_CD,SYC,_T,_T,_T,_Z,_Z,_Z,2023,A,USD,
758.329137,P1Y,0,,A,PU,_Z,2,,,False,WB_WDI,WB_WDI_NY_GDP_PCAP_CD,SLE,_T,_T,_T,_Z,_Z,_Z,2023,A,USD,
86382.59005,P1Y,0,,A,PU,_Z,2,,,False,WB_WDI,WB_WDI_NY_GDP_PCAP_CD,SGP,_T,_T,_T,_Z,_Z,_Z,2023,A,USD,
39451.822912,P1Y,0,,A,PU,_Z,2,,,False,WB_WDI,WB_WDI_NY_GDP_PCAP_CD,SXM,_T,_T,_T,_Z,_Z,_Z,2023,A,USD,
24614.873464,P1Y,0,,A,PU,_Z,2,,,False,WB_WDI,WB_WDI_NY_GDP_PCAP_CD,SVK,_T,_T,_T,_Z,_Z,_Z,2023,A,USD,
32660.475358,P1Y,0,,A,PU,_Z,2,,,False,WB_WDI,WB_WDI_NY_GDP_PCAP_CD,SVN,_T,_T,_T,_Z,_Z,_Z,2023,A,USD,
1882.643941,P1Y,0,,A,PU,_Z,2,,,False,WB_WDI,WB_WDI_NY_GDP_PCAP_CD,SLB,_T,_T,_T,_Z,_Z,_Z,2023,A,USD,
596.885985,P1Y,0,,A,PU,_Z,2,,,False,WB_WDI,WB_WDI_NY_GDP_PCAP_CD,SOM,_T,_T,_T,_Z,_Z,_Z,2023,A,USD,
6034.27209,P1Y,0,,A,PU,_Z,2,,,False,WB_WDI,WB_WDI_NY_GDP_PCAP_CD,ZAF,_T,_T,_T,_Z,_Z,_Z,2023,A,USD,
33493.222541,P1Y,0,,A,PU,_Z,2,,,False,WB_WDI,WB_WDI_NY_GDP_PCAP_CD,ESP,_T,_T,_T,_Z,_Z,_Z,2023,A,USD,
3815.415318,P1Y,0,,A,PU,_Z,2,,,False,WB_WDI,WB_WDI_NY_GDP_PCAP_CD,LKA,_T,_T,_T,_Z,_Z,_Z,2023,A,USD,
22576.924844,P1Y,0,,A,PU,_Z,2,,,False,WB_WDI,WB_WDI_NY_GDP_PCAP_CD,KNA,_T,_T,_T,_Z,_Z,_Z,2023,A,USD,
13616.639759,P1Y,0,,A,PU,_Z,2,,,False,WB_WDI,WB_WDI_NY_GDP_PCAP_CD,LCA,_T,_T,_T,_Z,_Z,_Z,2023,A,USD,
2889.146771,P1Y,0,,A,PU,_Z,2,,,False,WB_WDI,WB_WDI_NY_GDP_PCAP_CD,XKX,_T,_T,_T,_Z,_Z,_Z,2008,A,USD,
55585.188934,P1Y,0,,A,PU,_Z,2,,,False,WB_WDI,WB_WDI_NY_GDP_PCAP_CD,KWT,_T,_T,_T,_Z,_Z,_Z,2008,A,USD,
966.388569,P1Y,0,,A,PU,_Z,2,,,False,WB_WDI,WB_WDI_NY_GDP_PCAP_CD,KGZ,_T,_T,_T,_Z,_Z,_Z,2008,A,USD,
885.747376,P1Y,0,,A,PU,_Z,2,,,False,WB_WDI,WB_WDI_NY_GDP_PCAP_CD,LAO,_T,_T,_T,_Z,_Z,_Z,2008,A,USD,
15677.608086,P1Y,0,,A,PU,_Z,2,,,False,WB_WDI,WB_WDI_NY_GDP_PCAP_CD,LVA,_T,_T,_T,_Z,_Z,_Z,2008,A,USD,
5912.045328,P1Y,0,,A,PU,_Z,2,,,False,WB_WDI,WB_WDI_NY_GDP_PCAP_CD,LBN,_T,_T,_T,_Z,_Z,_Z,2008,A,USD,
898.482518,P1Y,0,,A,PU,_Z,2,,,False,WB_WDI,WB_WDI_NY_GDP_PCAP_CD,LSO,_T,_T,_T,_Z,_Z,_Z,2008,A,USD,
451.713856,P1Y,0,,A,PU,_Z,2,,,False,WB_WDI,WB_WDI_NY_GDP_PCAP_CD,LBR,_T,_T,_T,_Z,_Z,_Z,2008,A,USD,
13906.140782,P1Y,0,,A,PU,_Z,2,,,False,WB_WDI,WB_WDI_NY_GDP_PCAP_CD,LBY,_T,_T,_T,_Z,_Z,_Z,2008,A,USD,
143249.227302,P1Y,0,,A,PU,_Z,2,,,False,WB_WDI,WB_WDI_NY_GDP_PCAP_CD,LIE,_T,_T,_T,_Z,_Z,_Z,2008,A,USD,
14955.534546,P1Y,0,,A,PU,_Z,2,,,False,WB_WDI,WB_WDI_NY_GDP_PCAP_CD,LTU,_T,_T,_T,_Z,_Z,_Z,2008,A,USD,
120422.137934,P1Y,0,,A,PU,_Z,2,,,False,WB_WDI,WB_WDI_NY_GDP_PCAP_CD,LUX,_T,_T,_T,_Z,_Z,_Z,2008,A,USD,
38888.511804,P1Y,0,,A,PU,_Z,2,,,False,WB_WDI,WB_WDI_NY_GDP_PCAP_CD,MAC,_T,_T,_T,_Z,_Z,_Z,2008,A,USD,
250.715437,P1Y,0,,A,PU,_Z,2,,,False,WB_WDI,WB_WDI_NY_GDP_PCAP_CD,UGA,_T,_T,_T,_Z,_Z,_Z,2003,A,USD,
1076.481567,P1Y,0,,A,PU,_Z,2,,,False,WB_WDI,WB_WDI_NY_GDP_PCAP_CD,UKR,_T,_T,_T,_Z,_Z,_Z,2003,A,USD,
29659.57103,P1Y,0,,A,PU,_Z,2,,,False,WB_WDI,WB_WDI_NY_GDP_PCAP_CD,ARE,_T,_T,_T,_Z,_Z,_Z,2003,A,USD,
34556.77261,P1Y,0,,A,PU,_Z,2,,,False,WB_WDI,WB_WDI_NY_GDP_PCAP_CD,GBR,_T,_T,_T,_Z,_Z,_Z,2003,A,USD,
39490.30239,P1Y,0,,A,PU,_Z,2,,,False,WB_WDI,WB_WDI_NY_GDP_PCAP_CD,USA,_T,_T,_T,_Z,_Z,_Z,2003,A,USD,
3671.123293,P1Y,0,,A,PU,_Z,2,,,False,WB_WDI,WB_WDI_NY_GDP_PCAP_CD,URY,_T,_T,_T,_Z,_Z,_Z,2003,A,USD,
394.164029,P1Y,0,,A,PU,_Z,2,,,False,WB_WDI,WB_WDI_NY_GDP_PCAP_CD,UZB,_T,_T,_T,_Z,_Z,_Z,2003,A,USD,
1566.513968,P1Y,0,,A,PU,_Z,2,,,False,WB_WDI,WB_WDI_NY_GDP_PCAP_CD,VUT,_T,_T,_T,_Z,_Z,_Z,2003,A,USD,
3229.505571,P1Y,0,,A,PU,_Z,2,,,False,WB_WDI,WB_WDI_NY_GDP_PCAP_CD,VEN,_T,_T,_T,_Z,_Z,_Z,2003,A,USD,
497.117089,P1Y,0,,A,PU,_Z,2,,,False,WB_WDI,WB_WDI_NY_GDP_PCAP_CD,VNM,_T,_T,_T,_Z,_Z,_Z,2003,A,USD,
31731.256624,P1Y,0,,A,PU,_Z,2,,,False,WB_WDI,WB_WDI_NY_GDP_PCAP_CD,VIR,_T,_T,_T,_Z,_Z,_Z,2003,A,USD,
1257.69857,P1Y,0,,A,PU,_Z,2,,,False,WB_WDI,WB_WDI_NY_GDP_PCAP_CD,PSE,_T,_T,_T,_Z,_Z,_Z,2003,A,USD,
548.905883,P1Y,0,,A,PU,_Z,2,,,False,WB_WDI,WB_WDI_NY_GDP_PCAP_CD,YEM,_T,_T,_T,_Z,_Z,_Z,2003,A,USD,
4868.494311,P1Y,0,,A,PU,_Z,2,,,False,WB_WDI,WB_WDI_NY_GDP_PCAP_CD,IRQ,_T,_T,_T,_Z,_Z,_Z,2021,A,USD,
103783.446284,P1Y,0,,A,PU,_Z,2,,,False,WB_WDI,WB_WDI_NY_GDP_PCAP_CD,IRL,_T,_T,_T,_Z,_Z,_Z,2021,A,USD,
94299.969349,P1Y,0,,A,PU,_Z,2,,,False,WB_WDI,WB_WDI_NY_GDP_PCAP_CD,IMN,_T,_T,_T,_Z,_Z,_Z,2021,A,USD,
52258.46935,P1Y,0,,A,PU,_Z,2,,,False,WB_WDI,WB_WDI_NY_GDP_PCAP_CD,ISR,_T,_T,_T,_Z,_Z,_Z,2021,A,USD,
36852.542541,P1Y,0,,A,PU,_Z,2,,,False,WB_WDI,WB_WDI_NY_GDP_PCAP_CD,ITA,_T,_T,_T,_Z,_Z,_Z,2021,A,USD,
5625.678063,P1Y,0,,A,PU,_Z,2,,,False,WB_WDI,WB_WDI_NY_GDP_PCAP_CD,JAM,_T,_T,_T,_Z,_Z,_Z,2021,A,USD,
41580.739041,P1Y,0,,A,PU,_Z,2,,,False,WB_WDI,WB_WDI_NY_GDP_PCAP_CD,JPN,_T,_T,_T,_Z,_Z,_Z,2021,A,USD,
4581.719672,P1Y,0,,A,PU,_Z,2,,,False,WB_WDI,WB_WDI_NY_GDP_PCAP_CD,JOR,_T,_T,_T,_Z,_Z,_Z,2021,A,USD,
9983.601036,P1Y,0,,A,PU,_Z,2,,,False,WB_WDI,WB_WDI_NY_GDP_PCAP_CD,KAZ,_T,_T,_T,_Z,_Z,_Z,2021,A,USD,
2061.356221,P1Y,0,,A,PU,_Z,2,,,False,WB_WDI,WB_WDI_NY_GDP_PCAP_CD,KEN,_T,_T,_T,_Z,_Z,_Z,2021,A,USD,
2223.541479,P1Y,0,,A,PU,_Z,2,,,False,WB_WDI,WB_WDI_NY_GDP_PCAP_CD,KIR,_T,_T,_T,_Z,_Z,_Z,2021,A,USD,
37518.463531,P1Y,0,,A,PU,_Z,2,,,False,WB_WDI,WB_WDI_NY_GDP_PCAP_CD,KOR,_T,_T,_T,_Z,_Z,_Z,2021,A,USD,
8944.110266,P1Y,0,,A,PU,_Z,2,,,False,WB_WDI,WB_WDI_NY_GDP_PCAP_CD,ARG,_T,_T,_T,_Z,_Z,_Z,2008,A,USD,
3777.668593,P1Y,0,,A,PU,_Z,2,,,False,WB_WDI,WB_WDI_NY_GDP_PCAP_CD,ARM,_T,_T,_T,_Z,_Z,_Z,2008,A,USD,
28171.909401,P1Y,0,,A,PU,_Z,2,,,False,WB_WDI,WB_WDI_NY_GDP_PCAP_CD,ABW,_T,_T,_T,_Z,_Z,_Z,2008,A,USD,
49811.206722,P1Y,0,,A,PU,_Z,2,,,False,WB_WDI,WB_WDI_NY_GDP_PCAP_CD,AUS,_T,_T,_T,_Z,_Z,_Z,2008,A,USD,
51581.398236,P1Y,0,,A,PU,_Z,2,,,False,WB_WDI,WB_WDI_NY_GDP_PCAP_CD,AUT,_T,_T,_T,_Z,_Z,_Z,2008,A,USD,
5574.468104,P1Y,0,,A,PU,_Z,2,,,False,WB_WDI,WB_WDI_NY_GDP_PCAP_CD,AZE,_T,_T,_T,_Z,_Z,_Z,2008,A,USD,
29392.382442,P1Y,0,,A,PU,_Z,2,,,False,WB_WDI,WB_WDI_NY_GDP_PCAP_CD,BHS,_T,_T,_T,_Z,_Z,_Z,2008,A,USD,
23299.499278,P1Y,0,,A,PU,_Z,2,,,False,WB_WDI,WB_WDI_NY_GDP_PCAP_CD,BHR,_T,_T,_T,_Z,_Z,_Z,2008,A,USD,
613.062041,P1Y,0,,A,PU,_Z,2,,,False,WB_WDI,WB_WDI_NY_GDP_PCAP_CD,BGD,_T,_T,_T,_Z,_Z,_Z,2008,A,USD,
17565.692997,P1Y,0,,A,PU,_Z,2,,,False,WB_WDI,WB_WDI_NY_GDP_PCAP_CD,BRB,_T,_T,_T,_Z,_Z,_Z,2008,A,USD,
6376.175692,P1Y,0,,A,PU,_Z,2,,,False,WB_WDI,WB_WDI_NY_GDP_PCAP_CD,BLR,_T,_T,_T,_Z,_Z,_Z,2008,A,USD,
48303.397956,P1Y,0,,A,PU,_Z,2,,,False,WB_WDI,WB_WDI_NY_GDP_PCAP_CD,BEL,_T,_T,_T,_Z,_Z,_Z,2008,A,USD,
13708.75259,P1Y,0,,A,PU,_Z,2,,,False,WB_WDI,WB_WDI_NY_GDP_PCAP_CD,CSS,_T,_T,_T,_Z,_Z,_Z,2017,A,USD,
14339.848859,P1Y,0,,A,PU,_Z,2,,,False,WB_WDI,WB_WDI_NY_GDP_PCAP_CD,CEB,_T,_T,_T,_Z,_Z,_Z,2017,A,USD,
3457.917195,P1Y,0,,A,PU,_Z,2,,,False,WB_WDI,WB_WDI_NY_GDP_PCAP_CD,EAR,_T,_T,_T,_Z,_Z,_Z,2017,A,USD,
10612.793079,P1Y,0,,A,PU,_Z,2,,,False,WB_WDI,WB_WDI_NY_GDP_PCAP_CD,EAS,_T,_T,_T,_Z,_Z,_Z,2017,A,USD,
7241.983213,P1Y,0,,A,PU,_Z,2,,,False,WB_WDI,WB_WDI_NY_GDP_PCAP_CD,EAP,_T,_T,_T,_Z,_Z,_Z,2017,A,USD,
7323.571124,P1Y,0,,A,PU,_Z,2,,,False,WB_WDI,WB_WDI_NY_GDP_PCAP_CD,TEA,_T,_T,_T,_Z,_Z,_Z,2017,A,USD,
36691.210917,P1Y,0,,A,PU,_Z,2,,,False,WB_WDI,WB_WDI_NY_GDP_PCAP_CD,EMU,_T,_T,_T,_Z,_Z,_Z,2017,A,USD,
23839.731972,P1Y,0,,A,PU,_Z,2,,,False,WB_WDI,WB_WDI_NY_GDP_PCAP_CD,ECS,_T,_T,_T,_Z,_Z,_Z,2017,A,USD,
6129.930835,P1Y,0,,A,PU,_Z,2,,,False,WB_WDI,WB_WDI_NY_GDP_PCAP_CD,ECA,_T,_T,_T,_Z,_Z,_Z,2017,A,USD,
8571.09823,P1Y,0,,A,PU,_Z,2,,,False,WB_WDI,WB_WDI_NY_GDP_PCAP_CD,TEC,_T,_T,_T,_Z,_Z,_Z,2017,A,USD,
33394.594493,P1Y,0,,A,PU,_Z,2,,,False,WB_WDI,WB_WDI_NY_GDP_PCAP_CD,EUU,_T,_T,_T,_Z,_Z,_Z,2017,A,USD,
944.105801,P1Y,0,,A,PU,_Z,2,,,False,WB_WDI,WB_WDI_NY_GDP_PCAP_CD,HPC,_T,_T,_T,_Z,_Z,_Z,2017,A,USD,
38970.466037,P1Y,0,,A,PU,_Z,2,,,False,WB_WDI,WB_WDI_NY_GDP_PCAP_CD,HIC,_T,_T,_T,_Z,_Z,_Z,2017,A,USD,
9183.552483,P1Y,0,,A,PU,_Z,2,,,False,WB_WDI,WB_WDI_NY_GDP_PCAP_CD,LCN,_T,_T,_T,_Z,_Z,_Z,2010,A,USD,
8899.090669,P1Y,0,,A,PU,_Z,2,,,False,WB_WDI,WB_WDI_NY_GDP_PCAP_CD,LAC,_T,_T,_T,_Z,_Z,_Z,2010,A,USD,
9115.373725,P1Y,0,,A,PU,_Z,2,,,False,WB_WDI,WB_WDI_NY_GDP_PCAP_CD,TLA,_T,_T,_T,_Z,_Z,_Z,2010,A,USD,
831.843841,P1Y,0,,A,PU,_Z,2,,,False,WB_WDI,WB_WDI_NY_GDP_PCAP_CD,LDC,_T,_T,_T,_Z,_Z,_Z,2010,A,USD,
3399.250913,P1Y,0,,A,PU,_Z,2,,,False,WB_WDI,WB_WDI_NY_GDP_PCAP_CD,LMY,_T,_T,_T,_Z,_Z,_Z,2010,A,USD,
736.837103,P1Y,0,,A,PU,_Z,2,,,False,WB_WDI,WB_WDI_NY_GDP_PCAP_CD,LIC,_T,_T,_T,_Z,_Z,_Z,2010,A,USD,
1586.514686,P1Y,0,,A,PU,_Z,2,,,False,WB_WDI,WB_WDI_NY_GDP_PCAP_CD,LMC,_T,_T,_T,_Z,_Z,_Z,2010,A,USD,
4874.743746,P1Y,0,,A,PU,_Z,2,,,False,WB_WDI,WB_WDI_NY_GDP_PCAP_CD,MEA,_T,_T,_T,_Z,_Z,_Z,2010,A,USD,
2821.508666,P1Y,0,,A,PU,_Z,2,,,False,WB_WDI,WB_WDI_NY_GDP_PCAP_CD,MNA,_T,_T,_T,_Z,_Z,_Z,2010,A,USD,
2823.254079,P1Y,0,,A,PU,_Z,2,,,False,WB_WDI,WB_WDI_NY_GDP_PCAP_CD,TMN,_T,_T,_T,_Z,_Z,_Z,2010,A,USD,
3664.921623,P1Y,0,,A,PU,_Z,2,,,False,WB_WDI,WB_WDI_NY_GDP_PCAP_CD,MIC,_T,_T,_T,_Z,_Z,_Z,2010,A,USD,
48545.811319,P1Y,0,,A,PU,_Z,2,,,False,WB_WDI,WB_WDI_NY_GDP_PCAP_CD,NAC,_T,_T,_T,_Z,_Z,_Z,2010,A,USD,
35218.237701,P1Y,0,,A,PU,_Z,2,,,False,WB_WDI,WB_WDI_NY_GDP_PCAP_CD,OED,_T,_T,_T,_Z,_Z,_Z,2010,A,USD,
2545.107542,P1Y,0,,A,PU,_Z,2,,,False,WB_WDI,WB_WDI_NY_GDP_PCAP_CD,LAO,_T,_T,_T,_Z,_Z,_Z,2018,A,USD,
17252.171043,P1Y,0,,A,PU,_Z,2,,,False,WB_WDI,WB_WDI_NY_GDP_PCAP_CD,LVA,_T,_T,_T,_Z,_Z,_Z,2018,A,USD,
9174.536662,P1Y,0,,A,PU,_Z,2,,,False,WB_WDI,WB_WDI_NY_GDP_PCAP_CD,LBN,_T,_T,_T,_Z,_Z,_Z,2018,A,USD,
1170.655697,P1Y,0,,A,PU,_Z,2,,,False,WB_WDI,WB_WDI_NY_GDP_PCAP_CD,LSO,_T,_T,_T,_Z,_Z,_Z,2018,A,USD,
692.203127,P1Y,0,,A,PU,_Z,2,,,False,WB_WDI,WB_WDI_NY_GDP_PCAP_CD,LBR,_T,_T,_T,_Z,_Z,_Z,2018,A,USD,
11196.585481,P1Y,0,,A,PU,_Z,2,,,False,WB_WDI,WB_WDI_NY_GDP_PCAP_CD,LBY,_T,_T,_T,_Z,_Z,_Z,2018,A,USD,
174988.775083,P1Y,0,,A,PU,_Z,2,,,False,WB_WDI,WB_WDI_NY_GDP_PCAP_CD,LIE,_T,_T,_T,_Z,_Z,_Z,2018,A,USD,
19247.231537,P1Y,0,,A,PU,_Z,2,,,False,WB_WDI,WB_WDI_NY_GDP_PCAP_CD,LTU,_T,_T,_T,_Z,_Z,_Z,2018,A,USD,
116926.759594,P1Y,0,,A,PU,_Z,2,,,False,WB_WDI,WB_WDI_NY_GDP_PCAP_CD,LUX,_T,_T,_T,_Z,_Z,_Z,2018,A,USD,
83588.287501,P1Y,0,,A,PU,_Z,2,,,False,WB_WDI,WB_WDI_NY_GDP_PCAP_CD,MAC,_T,_T,_T,_Z,_Z,_Z,2018,A,USD,
500.457186,P1Y,0,,A,PU,_Z,2,,,False,WB_WDI,WB_WDI_NY_GDP_PCAP_CD,MDG,_T,_T,_T,_Z,_Z,_Z,2018,A,USD,
533.202567,P1Y,0,,A,PU,_Z,2,,,False,WB_WDI,WB_WDI_NY_GDP_PCAP_CD,MWI,_T,_T,_T,_Z,_Z,_Z,2018,A,USD,
26334.567205,P1Y,0,,A,PU,_Z,2,,,False,WB_WDI,WB_WDI_NY_GDP_PCAP_CD,IRL,_T,_T,_T,_Z,_Z,_Z,2000,A,USD,
21161.396307,P1Y,0,,A,PU,_Z,2,,,False,WB_WDI,WB_WDI_NY_GDP_PCAP_CD,IMN,_T,_T,_T,_Z,_Z,_Z,2000,A,USD,
21690.23734,P1Y,0,,A,PU,_Z,2,,,False,WB_WDI,WB_WDI_NY_GDP_PCAP_CD,ISR,_T,_T,_T,_Z,_Z,_Z,2000,A,USD,
20190.003564,P1Y,0,,A,PU,_Z,2,,,False,WB_WDI,WB_WDI_NY_GDP_PCAP_CD,ITA,_T,_T,_T,_Z,_Z,_Z,2000,A,USD,
3453.092528,P1Y,0,,A,PU,_Z,2,,,False,WB_WDI,WB_WDI_NY_GDP_PCAP_CD,JAM,_T,_T,_T,_Z,_Z,_Z,2000,A,USD,
39752.937398,P1Y,0,,A,PU,_Z,2,,,False,WB_WDI,WB_WDI_NY_GDP_PCAP_CD,JPN,_T,_T,_T,_Z,_Z,_Z,2000,A,USD,
1570.610029,P1Y,0,,A,PU,_Z,2,,,False,WB_WDI,WB_WDI_NY_GDP_PCAP_CD,JOR,_T,_T,_T,_Z,_Z,_Z,2000,A,USD,
1180.044456,P1Y,0,,A,PU,_Z,2,,,False,WB_WDI,WB_WDI_NY_GDP_PCAP_CD,KAZ,_T,_T,_T,_Z,_Z,_Z,2000,A,USD,
414.626365,P1Y,0,,A,PU,_Z,2,,,False,WB_WDI,WB_WDI_NY_GDP_PCAP_CD,KEN,_T,_T,_T,_Z,_Z,_Z,2000,A,USD,
845.36724,P1Y,0,,A,PU,_Z,2,,,False,WB_WDI,WB_WDI_NY_GDP_PCAP_CD,KIR,_T,_T,_T,_Z,_Z,_Z,2000,A,USD,
12710.29958,P1Y,0,,A,PU,_Z,2,,,False,WB_WDI,WB_WDI_NY_GDP_PCAP_CD,KOR,_T,_T,_T,_Z,_Z,_Z,2000,A,USD,
19296.34717,P1Y,0,,A,PU,_Z,2,,,False,WB_WDI,WB_WDI_NY_GDP_PCAP_CD,KWT,_T,_T,_T,_Z,_Z,_Z,2000,A,USD,
51060.324259,P1Y,0,,A,PU,_Z,2,,,False,WB_WDI,WB_WDI_NY_GDP_PCAP_CD,FIN,_T,_T,_T,_Z,_Z,_Z,2011,A,USD,
43929.784087,P1Y,0,,A,PU,_Z,2,,,False,WB_WDI,WB_WDI_NY_GDP_PCAP_CD,FRA,_T,_T,_T,_Z,_Z,_Z,2011,A,USD,
22831.518535,P1Y,0,,A,PU,_Z,2,,,False,WB_WDI,WB_WDI_NY_GDP_PCAP_CD,PYF,_T,_T,_T,_Z,_Z,_Z,2011,A,USD,
10219.113934,P1Y,0,,A,PU,_Z,2,,,False,WB_WDI,WB_WDI_NY_GDP_PCAP_CD,GAB,_T,_T,_T,_Z,_Z,_Z,2011,A,USD,
710.608411,P1Y,0,,A,PU,_Z,2,,,False,WB_WDI,WB_WDI_NY_GDP_PCAP_CD,GMB,_T,_T,_T,_Z,_Z,_Z,2011,A,USD,
4119.668183,P1Y,0,,A,PU,_Z,2,,,False,WB_WDI,WB_WDI_NY_GDP_PCAP_CD,GEO,_T,_T,_T,_Z,_Z,_Z,2011,A,USD,
47630.976188,P1Y,0,,A,PU,_Z,2,,,False,WB_WDI,WB_WDI_NY_GDP_PCAP_CD,DEU,_T,_T,_T,_Z,_Z,_Z,2011,A,USD,
1507.435732,P1Y,0,,A,PU,_Z,2,,,False,WB_WDI,WB_WDI_NY_GDP_PCAP_CD,GHA,_T,_T,_T,_Z,_Z,_Z,2011,A,USD,
25504.786651,P1Y,0,,A,PU,_Z,2,,,False,WB_WDI,WB_WDI_NY_GDP_PCAP_CD,GRC,_T,_T,_T,_Z,_Z,_Z,2011,A,USD,
47186.875997,P1Y,0,,A,PU,_Z,2,,,False,WB_WDI,WB_WDI_NY_GDP_PCAP_CD,GRL,_T,_T,_T,_Z,_Z,_Z,2011,A,USD,
6947.381361,P1Y,0,,A,PU,_Z,2,,,False,WB_WDI,WB_WDI_NY_GDP_PCAP_CD,GRD,_T,_T,_T,_Z,_Z,_Z,2011,A,USD,
29926.205244,P1Y,0,,A,PU,_Z,2,,,False,WB_WDI,WB_WDI_NY_GDP_PCAP_CD,GUM,_T,_T,_T,_Z,_Z,_Z,2011,A,USD,
20038.416318,P1Y,0,,A,PU,_Z,2,,,False,WB_WDI,WB_WDI_NY_GDP_PCAP_CD,CZE,_T,_T,_T,_Z,_Z,_Z,2014,A,USD,
62520.450975,P1Y,0,,A,PU,_Z,2,,,False,WB_WDI,WB_WDI_NY_GDP_PCAP_CD,DNK,_T,_T,_T,_Z,_Z,_Z,2014,A,USD,
2214.620841,P1Y,0,,A,PU,_Z,2,,,False,WB_WDI,WB_WDI_NY_GDP_PCAP_CD,DJI,_T,_T,_T,_Z,_Z,_Z,2014,A,USD,
8131.748761,P1Y,0,,A,PU,_Z,2,,,False,WB_WDI,WB_WDI_NY_GDP_PCAP_CD,DMA,_T,_T,_T,_Z,_Z,_Z,2014,A,USD,
6496.45167,P1Y,0,,A,PU,_Z,2,,,False,WB_WDI,WB_WDI_NY_GDP_PCAP_CD,DOM,_T,_T,_T,_Z,_Z,_Z,2014,A,USD,
6405.799793,P1Y,0,,A,PU,_Z,2,,,False,WB_WDI,WB_WDI_NY_GDP_PCAP_CD,ECU,_T,_T,_T,_Z,_Z,_Z,2014,A,USD,
3133.391023,P1Y,0,,A,PU,_Z,2,,,False,WB_WDI,WB_WDI_NY_GDP_PCAP_CD,EGY,_T,_T,_T,_Z,_Z,_Z,2014,A,USD,
3666.012489,P1Y,0,,A,PU,_Z,2,,,False,WB_WDI,WB_WDI_NY_GDP_PCAP_CD,SLV,_T,_T,_T,_Z,_Z,_Z,2014,A,USD,
15548.662466,P1Y,0,,A,PU,_Z,2,,,False,WB_WDI,WB_WDI_NY_GDP_PCAP_CD,GNQ,_T,_T,_T,_Z,_Z,_Z,2014,A,USD,
20581.789899,P1Y,0,,A,PU,_Z,2,,,False,WB_WDI,WB_WDI_NY_GDP_PCAP_CD,EST,_T,_T,_T,_Z,_Z,_Z,2014,A,USD,
174.930991,P1Y,0,,A,PU,_Z,2,,,False,WB_WDI,WB_WDI_NY_GDP_PCAP_CD,AFG,_T,_T,_T,_Z,_Z,_Z,2000,A,USD,
1160.420471,P1Y,0,,A,PU,_Z,2,,,False,WB_WDI,WB_WDI_NY_GDP_PCAP_CD,ALB,_T,_T,_T,_Z,_Z,_Z,2000,A,USD,
1772.928691,P1Y,0,,A,PU,_Z,2,,,False,WB_WDI,WB_WDI_NY_GDP_PCAP_CD,DZA,_T,_T,_T,_Z,_Z,_Z,2000,A,USD,
21810.248743,P1Y,0,,A,PU,_Z,2,,,False,WB_WDI,WB_WDI_NY_GDP_PCAP_CD,AND,_T,_T,_T,_Z,_Z,_Z,2000,A,USD,
563.733796,P1Y,0,,A,PU,_Z,2,,,False,WB_WDI,WB_WDI_NY_GDP_PCAP_CD,AGO,_T,_T,_T,_Z,_Z,_Z,2000,A,USD,
12027.494977,P1Y,0,,A,PU,_Z,2,,,False,WB_WDI,WB_WDI_NY_GDP_PCAP_CD,ATG,_T,_T,_T,_Z,_Z,_Z,2000,A,USD,
7637.014892,P1Y,0,,A,PU,_Z,2,,,False,WB_WDI,WB_WDI_NY_GDP_PCAP_CD,ARG,_T,_T,_T,_Z,_Z,_Z,2000,A,USD,
593.450582,P1Y,0,,A,PU,_Z,2,,,False,WB_WDI,WB_WDI_NY_GDP_PCAP_CD,ARM,_T,_T,_T,_Z,_Z,_Z,2000,A,USD,
20681.023027,P1Y,0,,A,PU,_Z,2,,,False,WB_WDI,WB_WDI_NY_GDP_PCAP_CD,ABW,_T,_T,_T,_Z,_Z,_Z,2000,A,USD,
21908.996802,P1Y,0,,A,PU,_Z,2,,,False,WB_WDI,WB_WDI_NY_GDP_PCAP_CD,AUS,_T,_T,_T,_Z,_Z,_Z,2000,A,USD,
24487.297469,P1Y,0,,A,PU,_Z,2,,,False,WB_WDI,WB_WDI_NY_GDP_PCAP_CD,AUT,_T,_T,_T,_Z,_Z,_Z,2000,A,USD,
655.09725,P1Y,0,,A,PU,_Z,2,,,False,WB_WDI,WB_WDI_NY_GDP_PCAP_CD,AZE,_T,_T,_T,_Z,_Z,_Z,2000,A,USD,
24940.077509,P1Y,0,,A,PU,_Z,2,,,False,WB_WDI,WB_WDI_NY_GDP_PCAP_CD,BHS,_T,_T,_T,_Z,_Z,_Z,2000,A,USD,
31269.6032,P1Y,0,,A,PU,_Z,2,,,False,WB_WDI,WB_WDI_NY_GDP_PCAP_CD,FRO,_T,_T,_T,_Z,_Z,_Z,2003,A,USD,
2655.580796,P1Y,0,,A,PU,_Z,2,,,False,WB_WDI,WB_WDI_NY_GDP_PCAP_CD,FJI,_T,_T,_T,_Z,_Z,_Z,2003,A,USD,
32920.085719,P1Y,0,,A,PU,_Z,2,,,False,WB_WDI,WB_WDI_NY_GDP_PCAP_CD,FIN,_T,_T,_T,_Z,_Z,_Z,2003,A,USD,
29479.52221,P1Y,0,,A,PU,_Z,2,,,False,WB_WDI,WB_WDI_NY_GDP_PCAP_CD,FRA,_T,_T,_T,_Z,_Z,_Z,2003,A,USD,
19582.89364,P1Y,0,,A,PU,_Z,2,,,False,WB_WDI,WB_WDI_NY_GDP_PCAP_CD,PYF,_T,_T,_T,_Z,_Z,_Z,2003,A,USD,
4710.748628,P1Y,0,,A,PU,_Z,2,,,False,WB_WDI,WB_WDI_NY_GDP_PCAP_CD,GAB,_T,_T,_T,_Z,_Z,_Z,2003,A,USD,
308.719123,P1Y,0,,A,PU,_Z,2,,,False,WB_WDI,WB_WDI_NY_GDP_PCAP_CD,GMB,_T,_T,_T,_Z,_Z,_Z,2003,A,USD,
1010.031516,P1Y,0,,A,PU,_Z,2,,,False,WB_WDI,WB_WDI_NY_GDP_PCAP_CD,GEO,_T,_T,_T,_Z,_Z,_Z,2003,A,USD,
30711.102251,P1Y,0,,A,PU,_Z,2,,,False,WB_WDI,WB_WDI_NY_GDP_PCAP_CD,DEU,_T,_T,_T,_Z,_Z,_Z,2003,A,USD,
358.399271,P1Y,0,,A,PU,_Z,2,,,False,WB_WDI,WB_WDI_NY_GDP_PCAP_CD,GHA,_T,_T,_T,_Z,_Z,_Z,2003,A,USD,
18020.61204,P1Y,0,,A,PU,_Z,2,,,False,WB_WDI,WB_WDI_NY_GDP_PCAP_CD,GRC,_T,_T,_T,_Z,_Z,_Z,2003,A,USD,
27466.649453,P1Y,0,,A,PU,_Z,2,,,False,WB_WDI,WB_WDI_NY_GDP_PCAP_CD,GRL,_T,_T,_T,_Z,_Z,_Z,2003,A,USD,
5427.963773,P1Y,0,,A,PU,_Z,2,,,False,WB_WDI,WB_WDI_NY_GDP_PCAP_CD,GRD,_T,_T,_T,_Z,_Z,_Z,2003,A,USD,
21877.317837,P1Y,0,,A,PU,_Z,2,,,False,WB_WDI,WB_WDI_NY_GDP_PCAP_CD,GUM,_T,_T,_T,_Z,_Z,_Z,2003,A,USD,
2462.201273,P1Y,0,,A,PU,_Z,2,,,False,WB_WDI,WB_WDI_NY_GDP_PCAP_CD,SYR,_T,_T,_T,_Z,_Z,_Z,2009,A,USD,
664.795656,P1Y,0,,A,PU,_Z,2,,,False,WB_WDI,WB_WDI_NY_GDP_PCAP_CD,TJK,_T,_T,_T,_Z,_Z,_Z,2009,A,USD,
693.823547,P1Y,0,,A,PU,_Z,2,,,False,WB_WDI,WB_WDI_NY_GDP_PCAP_CD,TZA,_T,_T,_T,_Z,_Z,_Z,2009,A,USD,
4135.43987,P1Y,0,,A,PU,_Z,2,,,False,WB_WDI,WB_WDI_NY_GDP_PCAP_CD,THA,_T,_T,_T,_Z,_Z,_Z,2009,A,USD,
686.579296,P1Y,0,,A,PU,_Z,2,,,False,WB_WDI,WB_WDI_NY_GDP_PCAP_CD,TLS,_T,_T,_T,_Z,_Z,_Z,2009,A,USD,
770.17287,P1Y,0,,A,PU,_Z,2,,,False,WB_WDI,WB_WDI_NY_GDP_PCAP_CD,TGO,_T,_T,_T,_Z,_Z,_Z,2009,A,USD,
2914.23774,P1Y,0,,A,PU,_Z,2,,,False,WB_WDI,WB_WDI_NY_GDP_PCAP_CD,TON,_T,_T,_T,_Z,_Z,_Z,2009,A,USD,
14634.0565,P1Y,0,,A,PU,_Z,2,,,False,WB_WDI,WB_WDI_NY_GDP_PCAP_CD,TTO,_T,_T,_T,_Z,_Z,_Z,2009,A,USD,
4080.090324,P1Y,0,,A,PU,_Z,2,,,False,WB_WDI,WB_WDI_NY_GDP_PCAP_CD,TUN,_T,_T,_T,_Z,_Z,_Z,2009,A,USD,
9076.924722,P1Y,0,,A,PU,_Z,2,,,False,WB_WDI,WB_WDI_NY_GDP_PCAP_CD,TUR,_T,_T,_T,_Z,_Z,_Z,2009,A,USD,
3707.978507,P1Y,0,,A,PU,_Z,2,,,False,WB_WDI,WB_WDI_NY_GDP_PCAP_CD,TKM,_T,_T,_T,_Z,_Z,_Z,2009,A,USD,
54264.583702,P1Y,0,,A,PU,_Z,2,,,False,WB_WDI,WB_WDI_NY_GDP_PCAP_CD,SMR,_T,_T,_T,_Z,_Z,_Z,2022,A,USD,
2389.737298,P1Y,0,,A,PU,_Z,2,,,False,WB_WDI,WB_WDI_NY_GDP_PCAP_CD,STP,_T,_T,_T,_Z,_Z,_Z,2022,A,USD,
38510.227621,P1Y,0,,A,PU,_Z,2,,,False,WB_WDI,WB_WDI_NY_GDP_PCAP_CD,SAU,_T,_T,_T,_Z,_Z,_Z,2022,A,USD,
1574.028106,P1Y,0,,A,PU,_Z,2,,,False,WB_WDI,WB_WDI_NY_GDP_PCAP_CD,SEN,_T,_T,_T,_Z,_Z,_Z,2022,A,USD,
10024.819111,P1Y,0,,A,PU,_Z,2,,,False,WB_WDI,WB_WDI_NY_GDP_PCAP_CD,SRB,_T,_T,_T,_Z,_Z,_Z,2022,A,USD,
16682.699071,P1Y,0,,A,PU,_Z,2,,,False,WB_WDI,WB_WDI_NY_GDP_PCAP_CD,SYC,_T,_T,_T,_Z,_Z,_Z,2022,A,USD,
860.371068,P1Y,0,,A,PU,_Z,2,,,False,WB_WDI,WB_WDI_NY_GDP_PCAP_CD,SLE,_T,_T,_T,_Z,_Z,_Z,2022,A,USD,
91227.697043,P1Y,0,,A,PU,_Z,2,,,False,WB_WDI,WB_WDI_NY_GDP_PCAP_CD,SGP,_T,_T,_T,_Z,_Z,_Z,2022,A,USD,
37793.128382,P1Y,0,,A,PU,_Z,2,,,False,WB_WDI,WB_WDI_NY_GDP_PCAP_CD,SXM,_T,_T,_T,_Z,_Z,_Z,2022,A,USD,
21317.794398,P1Y,0,,A,PU,_Z,2,,,False,WB_WDI,WB_WDI_NY_GDP_PCAP_CD,SVK,_T,_T,_T,_Z,_Z,_Z,2022,A,USD,
28360.304147,P1Y,0,,A,PU,_Z,2,,,False,WB_WDI,WB_WDI_NY_GDP_PCAP_CD,SVN,_T,_T,_T,_Z,_Z,_Z,2022,A,USD,
1877.781045,P1Y,0,,A,PU,_Z,2,,,False,WB_WDI,WB_WDI_NY_GDP_PCAP_CD,SLB,_T,_T,_T,_Z,_Z,_Z,2022,A,USD,
573.141166,P1Y,0,,A,PU,_Z,2,,,False,WB_WDI,WB_WDI_NY_GDP_PCAP_CD,SOM,_T,_T,_T,_Z,_Z,_Z,2022,A,USD,
6534.248678,P1Y,0,,A,PU,_Z,2,,,False,WB_WDI,WB_WDI_NY_GDP_PCAP_CD,ZAF,_T,_T,_T,_Z,_Z,_Z,2022,A,USD,
47551.674084,P1Y,0,,A,PU,_Z,2,,,False,WB_WDI,WB_WDI_NY_GDP_PCAP_CD,FIN,_T,_T,_T,_Z,_Z,_Z,2012,A,USD,
40863.581441,P1Y,0,,A,PU,_Z,2,,,False,WB_WDI,WB_WDI_NY_GDP_PCAP_CD,FRA,_T,_T,_T,_Z,_Z,_Z,2012,A,USD,
20846.545748,P1Y,0,,A,PU,_Z,2,,,False,WB_WDI,WB_WDI_NY_GDP_PCAP_CD,PYF,_T,_T,_T,_Z,_Z,_Z,2012,A,USD,
9296.965879,P1Y,0,,A,PU,_Z,2,,,False,WB_WDI,WB_WDI_NY_GDP_PCAP_CD,GAB,_T,_T,_T,_Z,_Z,_Z,2012,A,USD,
692.579362,P1Y,0,,A,PU,_Z,2,,,False,WB_WDI,WB_WDI_NY_GDP_PCAP_CD,GMB,_T,_T,_T,_Z,_Z,_Z,2012,A,USD,
4530.695334,P1Y,0,,A,PU,_Z,2,,,False,WB_WDI,WB_WDI_NY_GDP_PCAP_CD,GEO,_T,_T,_T,_Z,_Z,_Z,2012,A,USD,
44718.015921,P1Y,0,,A,PU,_Z,2,,,False,WB_WDI,WB_WDI_NY_GDP_PCAP_CD,DEU,_T,_T,_T,_Z,_Z,_Z,2012,A,USD,
1543.775242,P1Y,0,,A,PU,_Z,2,,,False,WB_WDI,WB_WDI_NY_GDP_PCAP_CD,GHA,_T,_T,_T,_Z,_Z,_Z,2012,A,USD,
21624.346053,P1Y,0,,A,PU,_Z,2,,,False,WB_WDI,WB_WDI_NY_GDP_PCAP_CD,GRC,_T,_T,_T,_Z,_Z,_Z,2012,A,USD,
45936.956282,P1Y,0,,A,PU,_Z,2,,,False,WB_WDI,WB_WDI_NY_GDP_PCAP_CD,GRL,_T,_T,_T,_Z,_Z,_Z,2012,A,USD,
7092.719854,P1Y,0,,A,PU,_Z,2,,,False,WB_WDI,WB_WDI_NY_GDP_PCAP_CD,GRD,_T,_T,_T,_Z,_Z,_Z,2012,A,USD,
6659.596511,P1Y,0,,A,PU,_Z,2,,,False,WB_WDI,WB_WDI_NY_GDP_PCAP_CD,MKD,_T,_T,_T,_Z,_Z,_Z,2020,A,USD,
18220.838243,P1Y,0,,A,PU,_Z,2,,,False,WB_WDI,WB_WDI_NY_GDP_PCAP_CD,MNP,_T,_T,_T,_Z,_Z,_Z,2020,A,USD,
71057.587947,P1Y,0,,A,PU,_Z,2,,,False,WB_WDI,WB_WDI_NY_GDP_PCAP_CD,NOR,_T,_T,_T,_Z,_Z,_Z,2020,A,USD,
16784.863063,P1Y,0,,A,PU,_Z,2,,,False,WB_WDI,WB_WDI_NY_GDP_PCAP_CD,OMN,_T,_T,_T,_Z,_Z,_Z,2020,A,USD,
1278.397352,P1Y,0,,A,PU,_Z,2,,,False,WB_WDI,WB_WDI_NY_GDP_PCAP_CD,PAK,_T,_T,_T,_Z,_Z,_Z,2020,A,USD,
14556.309542,P1Y,0,,A,PU,_Z,2,,,False,WB_WDI,WB_WDI_NY_GDP_PCAP_CD,PLW,_T,_T,_T,_Z,_Z,_Z,2020,A,USD,
13290.560835,P1Y,0,,A,PU,_Z,2,,,False,WB_WDI,WB_WDI_NY_GDP_PCAP_CD,PAN,_T,_T,_T,_Z,_Z,_Z,2020,A,USD,
2429.611346,P1Y,0,,A,PU,_Z,2,,,False,WB_WDI,WB_WDI_NY_GDP_PCAP_CD,PNG,_T,_T,_T,_Z,_Z,_Z,2020,A,USD,
5365.472207,P1Y,0,,A,PU,_Z,2,,,False,WB_WDI,WB_WDI_NY_GDP_PCAP_CD,PRY,_T,_T,_T,_Z,_Z,_Z,2020,A,USD,
6133.325524,P1Y,0,,A,PU,_Z,2,,,False,WB_WDI,WB_WDI_NY_GDP_PCAP_CD,PER,_T,_T,_T,_Z,_Z,_Z,2020,A,USD,
3227.579102,P1Y,0,,A,PU,_Z,2,,,False,WB_WDI,WB_WDI_NY_GDP_PCAP_CD,PHL,_T,_T,_T,_Z,_Z,_Z,2020,A,USD,
16150.930481,P1Y,0,,A,PU,_Z,2,,,False,WB_WDI,WB_WDI_NY_GDP_PCAP_CD,POL,_T,_T,_T,_Z,_Z,_Z,2020,A,USD,
28529.732469,P1Y,0,,A,PU,_Z,2,,,False,WB_WDI,WB_WDI_NY_GDP_PCAP_CD,SXM,_T,_T,_T,_Z,_Z,_Z,2013,A,USD,
18312.780515,P1Y,0,,A,PU,_Z,2,,,False,WB_WDI,WB_WDI_NY_GDP_PCAP_CD,SVK,_T,_T,_T,_Z,_Z,_Z,2013,A,USD,
23236.965532,P1Y,0,,A,PU,_Z,2,,,False,WB_WDI,WB_WDI_NY_GDP_PCAP_CD,SVN,_T,_T,_T,_Z,_Z,_Z,2013,A,USD,
2161.386275,P1Y,0,,A,PU,_Z,2,,,False,WB_WDI,WB_WDI_NY_GDP_PCAP_CD,SLB,_T,_T,_T,_Z,_Z,_Z,2013,A,USD,
393.398704,P1Y,0,,A,PU,_Z,2,,,False,WB_WDI,WB_WDI_NY_GDP_PCAP_CD,SOM,_T,_T,_T,_Z,_Z,_Z,2013,A,USD,
7331.654674,P1Y,0,,A,PU,_Z,2,,,False,WB_WDI,WB_WDI_NY_GDP_PCAP_CD,ZAF,_T,_T,_T,_Z,_Z,_Z,2013,A,USD,
1650.189434,P1Y,0,,A,PU,_Z,2,,,False,WB_WDI,WB_WDI_NY_GDP_PCAP_CD,SSD,_T,_T,_T,_Z,_Z,_Z,2013,A,USD,
29228.84656,P1Y,0,,A,PU,_Z,2,,,False,WB_WDI,WB_WDI_NY_GDP_PCAP_CD,ESP,_T,_T,_T,_Z,_Z,_Z,2013,A,USD,
3739.431823,P1Y,0,,A,PU,_Z,2,,,False,WB_WDI,WB_WDI_NY_GDP_PCAP_CD,LKA,_T,_T,_T,_Z,_Z,_Z,2013,A,USD,
18580.130195,P1Y,0,,A,PU,_Z,2,,,False,WB_WDI,WB_WDI_NY_GDP_PCAP_CD,KNA,_T,_T,_T,_Z,_Z,_Z,2013,A,USD,
9577.217338,P1Y,0,,A,PU,_Z,2,,,False,WB_WDI,WB_WDI_NY_GDP_PCAP_CD,LCA,_T,_T,_T,_Z,_Z,_Z,2013,A,USD,
7072.467372,P1Y,0,,A,PU,_Z,2,,,False,WB_WDI,WB_WDI_NY_GDP_PCAP_CD,VCT,_T,_T,_T,_Z,_Z,_Z,2013,A,USD,
16636.076913,P1Y,0,,A,PU,_Z,2,,,False,WB_WDI,WB_WDI_NY_GDP_PCAP_CD,SVK,_T,_T,_T,_Z,_Z,_Z,2016,A,USD,
21447.83778,P1Y,0,,A,PU,_Z,2,,,False,WB_WDI,WB_WDI_NY_GDP_PCAP_CD,SVN,_T,_T,_T,_Z,_Z,_Z,2016,A,USD,
2082.623831,P1Y,0,,A,PU,_Z,2,,,False,WB_WDI,WB_WDI_NY_GDP_PCAP_CD,SLB,_T,_T,_T,_Z,_Z,_Z,2016,A,USD,
460.928491,P1Y,0,,A,PU,_Z,2,,,False,WB_WDI,WB_WDI_NY_GDP_PCAP_CD,SOM,_T,_T,_T,_Z,_Z,_Z,2016,A,USD,
5651.205852,P1Y,0,,A,PU,_Z,2,,,False,WB_WDI,WB_WDI_NY_GDP_PCAP_CD,ZAF,_T,_T,_T,_Z,_Z,_Z,2016,A,USD,
26755.606115,P1Y,0,,A,PU,_Z,2,,,False,WB_WDI,WB_WDI_NY_GDP_PCAP_CD,ESP,_T,_T,_T,_Z,_Z,_Z,2016,A,USD,
4149.191894,P1Y,0,,A,PU,_Z,2,,,False,WB_WDI,WB_WDI_NY_GDP_PCAP_CD,LKA,_T,_T,_T,_Z,_Z,_Z,2016,A,USD,
21387.541551,P1Y,0,,A,PU,_Z,2,,,False,WB_WDI,WB_WDI_NY_GDP_PCAP_CD,KNA,_T,_T,_T,_Z,_Z,_Z,2016,A,USD,
10638.12694,P1Y,0,,A,PU,_Z,2,,,False,WB_WDI,WB_WDI_NY_GDP_PCAP_CD,LCA,_T,_T,_T,_Z,_Z,_Z,2016,A,USD,
7656.900429,P1Y,0,,A,PU,_Z,2,,,False,WB_WDI,WB_WDI_NY_GDP_PCAP_CD,VCT,_T,_T,_T,_Z,_Z,_Z,2016,A,USD,
1033.215942,P1Y,0,,A,PU,_Z,2,,,False,WB_WDI,WB_WDI_NY_GDP_PCAP_CD,SDN,_T,_T,_T,_Z,_Z,_Z,2016,A,USD,
6800.953094,P1Y,0,,A,PU,_Z,2,,,False,WB_WDI,WB_WDI_NY_GDP_PCAP_CD,DOM,_T,_T,_T,_Z,_Z,_Z,2015,A,USD,
5976.159681,P1Y,0,,A,PU,_Z,2,,,False,WB_WDI,WB_WDI_NY_GDP_PCAP_CD,ECU,_T,_T,_T,_Z,_Z,_Z,2015,A,USD,
3306.981594,P1Y,0,,A,PU,_Z,2,,,False,WB_WDI,WB_WDI_NY_GDP_PCAP_CD,EGY,_T,_T,_T,_Z,_Z,_Z,2015,A,USD,
3790.340891,P1Y,0,,A,PU,_Z,2,,,False,WB_WDI,WB_WDI_NY_GDP_PCAP_CD,SLV,_T,_T,_T,_Z,_Z,_Z,2015,A,USD,
9068.910032,P1Y,0,,A,PU,_Z,2,,,False,WB_WDI,WB_WDI_NY_GDP_PCAP_CD,GNQ,_T,_T,_T,_Z,_Z,_Z,2015,A,USD,
17722.155767,P1Y,0,,A,PU,_Z,2,,,False,WB_WDI,WB_WDI_NY_GDP_PCAP_CD,EST,_T,_T,_T,_Z,_Z,_Z,2015,A,USD,
3419.822766,P1Y,0,,A,PU,_Z,2,,,False,WB_WDI,WB_WDI_NY_GDP_PCAP_CD,SWZ,_T,_T,_T,_Z,_Z,_Z,2015,A,USD,
597.912113,P1Y,0,,A,PU,_Z,2,,,False,WB_WDI,WB_WDI_NY_GDP_PCAP_CD,ETH,_T,_T,_T,_Z,_Z,_Z,2015,A,USD,
52638.266822,P1Y,0,,A,PU,_Z,2,,,False,WB_WDI,WB_WDI_NY_GDP_PCAP_CD,FRO,_T,_T,_T,_Z,_Z,_Z,2015,A,USD,
5097.531069,P1Y,0,,A,PU,_Z,2,,,False,WB_WDI,WB_WDI_NY_GDP_PCAP_CD,FJI,_T,_T,_T,_Z,_Z,_Z,2015,A,USD,
1150.937586,P1Y,0,,A,PU,_Z,2,,,False,WB_WDI,WB_WDI_NY_GDP_PCAP_CD,DJI,_T,_T,_T,_Z,_Z,_Z,2009,A,USD,
7487.490104,P1Y,0,,A,PU,_Z,2,,,False,WB_WDI,WB_WDI_NY_GDP_PCAP_CD,DMA,_T,_T,_T,_Z,_Z,_Z,2009,A,USD,
4973.95187,P1Y,0,,A,PU,_Z,2,,,False,WB_WDI,WB_WDI_NY_GDP_PCAP_CD,DOM,_T,_T,_T,_Z,_Z,_Z,2009,A,USD,
4053.363311,P1Y,0,,A,PU,_Z,2,,,False,WB_WDI,WB_WDI_NY_GDP_PCAP_CD,ECU,_T,_T,_T,_Z,_Z,_Z,2009,A,USD,
2161.639646,P1Y,0,,A,PU,_Z,2,,,False,WB_WDI,WB_WDI_NY_GDP_PCAP_CD,EGY,_T,_T,_T,_Z,_Z,_Z,2009,A,USD,
2910.186518,P1Y,0,,A,PU,_Z,2,,,False,WB_WDI,WB_WDI_NY_GDP_PCAP_CD,SLV,_T,_T,_T,_Z,_Z,_Z,2009,A,USD,
13232.501938,P1Y,0,,A,PU,_Z,2,,,False,WB_WDI,WB_WDI_NY_GDP_PCAP_CD,GNQ,_T,_T,_T,_Z,_Z,_Z,2009,A,USD,
642.925723,P1Y,0,,A,PU,_Z,2,,,False,WB_WDI,WB_WDI_NY_GDP_PCAP_CD,ERI,_T,_T,_T,_Z,_Z,_Z,2009,A,USD,
14712.449422,P1Y,0,,A,PU,_Z,2,,,False,WB_WDI,WB_WDI_NY_GDP_PCAP_CD,EST,_T,_T,_T,_Z,_Z,_Z,2009,A,USD,
3189.7968,P1Y,0,,A,PU,_Z,2,,,False,WB_WDI,WB_WDI_NY_GDP_PCAP_CD,SWZ,_T,_T,_T,_Z,_Z,_Z,2009,A,USD,
368.574712,P1Y,0,,A,PU,_Z,2,,,False,WB_WDI,WB_WDI_NY_GDP_PCAP_CD,ETH,_T,_T,_T,_Z,_Z,_Z,2009,A,USD,
393.886422,P1Y,0,,A,PU,_Z,2,,,False,WB_WDI,WB_WDI_NY_GDP_PCAP_CD,BGD,_T,_T,_T,_Z,_Z,_Z,2002,A,USD,
11760.452474,P1Y,0,,A,PU,_Z,2,,,False,WB_WDI,WB_WDI_NY_GDP_PCAP_CD,BRB,_T,_T,_T,_Z,_Z,_Z,2002,A,USD,
1479.380663,P1Y,0,,A,PU,_Z,2,,,False,WB_WDI,WB_WDI_NY_GDP_PCAP_CD,BLR,_T,_T,_T,_Z,_Z,_Z,2002,A,USD,
25006.191397,P1Y,0,,A,PU,_Z,2,,,False,WB_WDI,WB_WDI_NY_GDP_PCAP_CD,BEL,_T,_T,_T,_Z,_Z,_Z,2002,A,USD,
4858.860626,P1Y,0,,A,PU,_Z,2,,,False,WB_WDI,WB_WDI_NY_GDP_PCAP_CD,BLZ,_T,_T,_T,_Z,_Z,_Z,2002,A,USD,
546.46383,P1Y,0,,A,PU,_Z,2,,,False,WB_WDI,WB_WDI_NY_GDP_PCAP_CD,BEN,_T,_T,_T,_Z,_Z,_Z,2002,A,USD,
63358.565865,P1Y,0,,A,PU,_Z,2,,,False,WB_WDI,WB_WDI_NY_GDP_PCAP_CD,BMU,_T,_T,_T,_Z,_Z,_Z,2002,A,USD,
895.79949,P1Y,0,,A,PU,_Z,2,,,False,WB_WDI,WB_WDI_NY_GDP_PCAP_CD,BTN,_T,_T,_T,_Z,_Z,_Z,2002,A,USD,
888.221329,P1Y,0,,A,PU,_Z,2,,,False,WB_WDI,WB_WDI_NY_GDP_PCAP_CD,BOL,_T,_T,_T,_Z,_Z,_Z,2002,A,USD,
1606.546745,P1Y,0,,A,PU,_Z,2,,,False,WB_WDI,WB_WDI_NY_GDP_PCAP_CD,BIH,_T,_T,_T,_Z,_Z,_Z,2002,A,USD,
3117.250872,P1Y,0,,A,PU,_Z,2,,,False,WB_WDI,WB_WDI_NY_GDP_PCAP_CD,BWA,_T,_T,_T,_Z,_Z,_Z,2002,A,USD,
2855.940189,P1Y,0,,A,PU,_Z,2,,,False,WB_WDI,WB_WDI_NY_GDP_PCAP_CD,BRA,_T,_T,_T,_Z,_Z,_Z,2002,A,USD,
1533.900176,P1Y,0,,A,PU,_Z,2,,,False,WB_WDI,WB_WDI_NY_GDP_PCAP_CD,SYR,_T,_T,_T,_Z,_Z,_Z,2005,A,USD,
333.927151,P1Y,0,,A,PU,_Z,2,,,False,WB_WDI,WB_WDI_NY_GDP_PCAP_CD,TJK,_T,_T,_T,_Z,_Z,_Z,2005,A,USD,
483.334869,P1Y,0,,A,PU,_Z,2,,,False,WB_WDI,WB_WDI_NY_GDP_PCAP_CD,TZA,_T,_T,_T,_Z,_Z,_Z,2005,A,USD,
2867.703834,P1Y,0,,A,PU,_Z,2,,,False,WB_WDI,WB_WDI_NY_GDP_PCAP_CD,THA,_T,_T,_T,_Z,_Z,_Z,2005,A,USD,
487.464555,P1Y,0,,A,PU,_Z,2,,,False,WB_WDI,WB_WDI_NY_GDP_PCAP_CD,TLS,_T,_T,_T,_Z,_Z,_Z,2005,A,USD,
595.200212,P1Y,0,,A,PU,_Z,2,,,False,WB_WDI,WB_WDI_NY_GDP_PCAP_CD,TGO,_T,_T,_T,_Z,_Z,_Z,2005,A,USD,
2477.726201,P1Y,0,,A,PU,_Z,2,,,False,WB_WDI,WB_WDI_NY_GDP_PCAP_CD,TON,_T,_T,_T,_Z,_Z,_Z,2005,A,USD,
12346.437309,P1Y,0,,A,PU,_Z,2,,,False,WB_WDI,WB_WDI_NY_GDP_PCAP_CD,TTO,_T,_T,_T,_Z,_Z,_Z,2005,A,USD,
3146.826074,P1Y,0,,A,PU,_Z,2,,,False,WB_WDI,WB_WDI_NY_GDP_PCAP_CD,TUN,_T,_T,_T,_Z,_Z,_Z,2005,A,USD,
7331.854294,P1Y,0,,A,PU,_Z,2,,,False,WB_WDI,WB_WDI_NY_GDP_PCAP_CD,TUR,_T,_T,_T,_Z,_Z,_Z,2005,A,USD,
1604.016185,P1Y,0,,A,PU,_Z,2,,,False,WB_WDI,WB_WDI_NY_GDP_PCAP_CD,TKM,_T,_T,_T,_Z,_Z,_Z,2005,A,USD,
24122.302818,P1Y,0,,A,PU,_Z,2,,,False,WB_WDI,WB_WDI_NY_GDP_PCAP_CD,TCA,_T,_T,_T,_Z,_Z,_Z,2005,A,USD,
2304.826943,P1Y,0,,A,PU,_Z,2,,,False,WB_WDI,WB_WDI_NY_GDP_PCAP_CD,TUV,_T,_T,_T,_Z,_Z,_Z,2005,A,USD,
46109.229995,P1Y,0,,A,PU,_Z,2,,,False,WB_WDI,WB_WDI_NY_GDP_PCAP_CD,HKG,_T,_T,_T,_Z,_Z,_Z,2020,A,USD,
16386.930882,P1Y,0,,A,PU,_Z,2,,,False,WB_WDI,WB_WDI_NY_GDP_PCAP_CD,HUN,_T,_T,_T,_Z,_Z,_Z,2020,A,USD,
60127.939358,P1Y,0,,A,PU,_Z,2,,,False,WB_WDI,WB_WDI_NY_GDP_PCAP_CD,ISL,_T,_T,_T,_Z,_Z,_Z,2020,A,USD,
1907.042516,P1Y,0,,A,PU,_Z,2,,,False,WB_WDI,WB_WDI_NY_GDP_PCAP_CD,IND,_T,_T,_T,_Z,_Z,_Z,2020,A,USD,
3853.702888,P1Y,0,,A,PU,_Z,2,,,False,WB_WDI,WB_WDI_NY_GDP_PCAP_CD,IDN,_T,_T,_T,_Z,_Z,_Z,2020,A,USD,
3202.500035,P1Y,0,,A,PU,_Z,2,,,False,WB_WDI,WB_WDI_NY_GDP_PCAP_CD,IRN,_T,_T,_T,_Z,_Z,_Z,2020,A,USD,
4295.189451,P1Y,0,,A,PU,_Z,2,,,False,WB_WDI,WB_WDI_NY_GDP_PCAP_CD,IRQ,_T,_T,_T,_Z,_Z,_Z,2020,A,USD,
86514.070611,P1Y,0,,A,PU,_Z,2,,,False,WB_WDI,WB_WDI_NY_GDP_PCAP_CD,IRL,_T,_T,_T,_Z,_Z,_Z,2020,A,USD,
79513.533035,P1Y,0,,A,PU,_Z,2,,,False,WB_WDI,WB_WDI_NY_GDP_PCAP_CD,IMN,_T,_T,_T,_Z,_Z,_Z,2020,A,USD,
44590.823725,P1Y,0,,A,PU,_Z,2,,,False,WB_WDI,WB_WDI_NY_GDP_PCAP_CD,ISR,_T,_T,_T,_Z,_Z,_Z,2020,A,USD,
32091.486662,P1Y,0,,A,PU,_Z,2,,,False,WB_WDI,WB_WDI_NY_GDP_PCAP_CD,ITA,_T,_T,_T,_Z,_Z,_Z,2020,A,USD,
5299.045308,P1Y,0,,A,PU,_Z,2,,,False,WB_WDI,WB_WDI_NY_GDP_PCAP_CD,JAM,_T,_T,_T,_Z,_Z,_Z,2020,A,USD,
10582.365673,P1Y,0,,A,PU,_Z,2,,,False,WB_WDI,WB_WDI_NY_GDP_PCAP_CD,VCT,_T,_T,_T,_Z,_Z,_Z,2023,A,USD,
797.283447,P1Y,0,,A,PU,_Z,2,,,False,WB_WDI,WB_WDI_NY_GDP_PCAP_CD,SDN,_T,_T,_T,_Z,_Z,_Z,2023,A,USD,
5521.976021,P1Y,0,,A,PU,_Z,2,,,False,WB_WDI,WB_WDI_NY_GDP_PCAP_CD,SUR,_T,_T,_T,_Z,_Z,_Z,2023,A,USD,
54950.283473,P1Y,0,,A,PU,_Z,2,,,False,WB_WDI,WB_WDI_NY_GDP_PCAP_CD,SWE,_T,_T,_T,_Z,_Z,_Z,2023,A,USD,
104449.754518,P1Y,0,,A,PU,_Z,2,,,False,WB_WDI,WB_WDI_NY_GDP_PCAP_CD,CHE,_T,_T,_T,_Z,_Z,_Z,2023,A,USD,
1178.479901,P1Y,0,,A,PU,_Z,2,,,False,WB_WDI,WB_WDI_NY_GDP_PCAP_CD,TJK,_T,_T,_T,_Z,_Z,_Z,2023,A,USD,
1224.002197,P1Y,0,,A,PU,_Z,2,,,False,WB_WDI,WB_WDI_NY_GDP_PCAP_CD,TZA,_T,_T,_T,_Z,_Z,_Z,2023,A,USD,
7210.541308,P1Y,0,,A,PU,_Z,2,,,False,WB_WDI,WB_WDI_NY_GDP_PCAP_CD,THA,_T,_T,_T,_Z,_Z,_Z,2023,A,USD,
1502.411496,P1Y,0,,A,PU,_Z,2,,,False,WB_WDI,WB_WDI_NY_GDP_PCAP_CD,TLS,_T,_T,_T,_Z,_Z,_Z,2023,A,USD,
1182.329514,P1Y,0,,A,PU,_Z,2,,,False,WB_WDI,WB_WDI_NY_GDP_PCAP_CD,TGO,_T,_T,_T,_Z,_Z,_Z,2023,A,USD,
5651.593579,P1Y,0,,A,PU,_Z,2,,,False,WB_WDI,WB_WDI_NY_GDP_PCAP_CD,TON,_T,_T,_T,_Z,_Z,_Z,2023,A,USD,
18308.45363,P1Y,0,,A,PU,_Z,2,,,False,WB_WDI,WB_WDI_NY_GDP_PCAP_CD,TTO,_T,_T,_T,_Z,_Z,_Z,2023,A,USD,
1248.173716,P1Y,0,,A,PU,_Z,2,,,False,WB_WDI,WB_WDI_NY_GDP_PCAP_CD,NIC,_T,_T,_T,_Z,_Z,_Z,2006,A,USD,
333.345078,P1Y,0,,A,PU,_Z,2,,,False,WB_WDI,WB_WDI_NY_GDP_PCAP_CD,NER,_T,_T,_T,_Z,_Z,_Z,2006,A,USD,
1599.538916,P1Y,0,,A,PU,_Z,2,,,False,WB_WDI,WB_WDI_NY_GDP_PCAP_CD,NGA,_T,_T,_T,_Z,_Z,_Z,2006,A,USD,
3440.441106,P1Y,0,,A,PU,_Z,2,,,False,WB_WDI,WB_WDI_NY_GDP_PCAP_CD,MKD,_T,_T,_T,_Z,_Z,_Z,2006,A,USD,
16314.557859,P1Y,0,,A,PU,_Z,2,,,False,WB_WDI,WB_WDI_NY_GDP_PCAP_CD,MNP,_T,_T,_T,_Z,_Z,_Z,2006,A,USD,
75047.7417,P1Y,0,,A,PU,_Z,2,,,False,WB_WDI,WB_WDI_NY_GDP_PCAP_CD,NOR,_T,_T,_T,_Z,_Z,_Z,2006,A,USD,
16930.856507,P1Y,0,,A,PU,_Z,2,,,False,WB_WDI,WB_WDI_NY_GDP_PCAP_CD,OMN,_T,_T,_T,_Z,_Z,_Z,2006,A,USD,
900.873565,P1Y,0,,A,PU,_Z,2,,,False,WB_WDI,WB_WDI_NY_GDP_PCAP_CD,PAK,_T,_T,_T,_Z,_Z,_Z,2006,A,USD,
9737.019439,P1Y,0,,A,PU,_Z,2,,,False,WB_WDI,WB_WDI_NY_GDP_PCAP_CD,PLW,_T,_T,_T,_Z,_Z,_Z,2006,A,USD,
5528.767055,P1Y,0,,A,PU,_Z,2,,,False,WB_WDI,WB_WDI_NY_GDP_PCAP_CD,PAN,_T,_T,_T,_Z,_Z,_Z,2006,A,USD,
1238.182829,P1Y,0,,A,PU,_Z,2,,,False,WB_WDI,WB_WDI_NY_GDP_PCAP_CD,PNG,_T,_T,_T,_Z,_Z,_Z,2006,A,USD,
2439.431247,P1Y,0,,A,PU,_Z,2,,,False,WB_WDI,WB_WDI_NY_GDP_PCAP_CD,PRY,_T,_T,_T,_Z,_Z,_Z,2006,A,USD,
330.405403,P1Y,0,,A,PU,_Z,2,,,False,WB_WDI,WB_WDI_NY_GDP_PCAP_CD,UGA,_T,_T,_T,_Z,_Z,_Z,2005,A,USD,
1875.335083,P1Y,0,,A,PU,_Z,2,,,False,WB_WDI,WB_WDI_NY_GDP_PCAP_CD,UKR,_T,_T,_T,_Z,_Z,_Z,2005,A,USD,
38719.313829,P1Y,0,,A,PU,_Z,2,,,False,WB_WDI,WB_WDI_NY_GDP_PCAP_CD,ARE,_T,_T,_T,_Z,_Z,_Z,2005,A,USD,
42240.246299,P1Y,0,,A,PU,_Z,2,,,False,WB_WDI,WB_WDI_NY_GDP_PCAP_CD,GBR,_T,_T,_T,_Z,_Z,_Z,2005,A,USD,
44123.399647,P1Y,0,,A,PU,_Z,2,,,False,WB_WDI,WB_WDI_NY_GDP_PCAP_CD,USA,_T,_T,_T,_Z,_Z,_Z,2005,A,USD,
5284.25678,P1Y,0,,A,PU,_Z,2,,,False,WB_WDI,WB_WDI_NY_GDP_PCAP_CD,URY,_T,_T,_T,_Z,_Z,_Z,2005,A,USD,
542.835809,P1Y,0,,A,PU,_Z,2,,,False,WB_WDI,WB_WDI_NY_GDP_PCAP_CD,UZB,_T,_T,_T,_Z,_Z,_Z,2005,A,USD,
1873.991426,P1Y,0,,A,PU,_Z,2,,,False,WB_WDI,WB_WDI_NY_GDP_PCAP_CD,VUT,_T,_T,_T,_Z,_Z,_Z,2005,A,USD,
5432.485418,P1Y,0,,A,PU,_Z,2,,,False,WB_WDI,WB_WDI_NY_GDP_PCAP_CD,VEN,_T,_T,_T,_Z,_Z,_Z,2005,A,USD,
710.74676,P1Y,0,,A,PU,_Z,2,,,False,WB_WDI,WB_WDI_NY_GDP_PCAP_CD,VNM,_T,_T,_T,_Z,_Z,_Z,2005,A,USD,
40828.746093,P1Y,0,,A,PU,_Z,2,,,False,WB_WDI,WB_WDI_NY_GDP_PCAP_CD,VIR,_T,_T,_T,_Z,_Z,_Z,2005,A,USD,
1543.701414,P1Y,0,,A,PU,_Z,2,,,False,WB_WDI,WB_WDI_NY_GDP_PCAP_CD,PSE,_T,_T,_T,_Z,_Z,_Z,2005,A,USD,
1479.838846,P1Y,0,,A,PU,_Z,2,,,False,WB_WDI,WB_WDI_NY_GDP_PCAP_CD,ALB,_T,_T,_T,_Z,_Z,_Z,2002,A,USD,
1937.464114,P1Y,0,,A,PU,_Z,2,,,False,WB_WDI,WB_WDI_NY_GDP_PCAP_CD,DZA,_T,_T,_T,_Z,_Z,_Z,2002,A,USD,
8972.696365,P1Y,0,,A,PU,_Z,2,,,False,WB_WDI,WB_WDI_NY_GDP_PCAP_CD,ASM,_T,_T,_T,_Z,_Z,_Z,2002,A,USD,
26528.130157,P1Y,0,,A,PU,_Z,2,,,False,WB_WDI,WB_WDI_NY_GDP_PCAP_CD,AND,_T,_T,_T,_Z,_Z,_Z,2002,A,USD,
999.065856,P1Y,0,,A,PU,_Z,2,,,False,WB_WDI,WB_WDI_NY_GDP_PCAP_CD,AGO,_T,_T,_T,_Z,_Z,_Z,2002,A,USD,
11658.694992,P1Y,0,,A,PU,_Z,2,,,False,WB_WDI,WB_WDI_NY_GDP_PCAP_CD,ATG,_T,_T,_T,_Z,_Z,_Z,2002,A,USD,
2569.699635,P1Y,0,,A,PU,_Z,2,,,False,WB_WDI,WB_WDI_NY_GDP_PCAP_CD,ARG,_T,_T,_T,_Z,_Z,_Z,2002,A,USD,
742.651118,P1Y,0,,A,PU,_Z,2,,,False,WB_WDI,WB_WDI_NY_GDP_PCAP_CD,ARM,_T,_T,_T,_Z,_Z,_Z,2002,A,USD,
21307.248251,P1Y,0,,A,PU,_Z,2,,,False,WB_WDI,WB_WDI_NY_GDP_PCAP_CD,ABW,_T,_T,_T,_Z,_Z,_Z,2002,A,USD,
20335.096019,P1Y,0,,A,PU,_Z,2,,,False,WB_WDI,WB_WDI_NY_GDP_PCAP_CD,AUS,_T,_T,_T,_Z,_Z,_Z,2002,A,USD,
26334.862215,P1Y,0,,A,PU,_Z,2,,,False,WB_WDI,WB_WDI_NY_GDP_PCAP_CD,AUT,_T,_T,_T,_Z,_Z,_Z,2002,A,USD,
763.108895,P1Y,0,,A,PU,_Z,2,,,False,WB_WDI,WB_WDI_NY_GDP_PCAP_CD,AZE,_T,_T,_T,_Z,_Z,_Z,2002,A,USD,
26781.619594,P1Y,0,,A,PU,_Z,2,,,False,WB_WDI,WB_WDI_NY_GDP_PCAP_CD,BHS,_T,_T,_T,_Z,_Z,_Z,2002,A,USD,
13501.47088,P1Y,0,,A,PU,_Z,2,,,False,WB_WDI,WB_WDI_NY_GDP_PCAP_CD,BHR,_T,_T,_T,_Z,_Z,_Z,2002,A,USD,
2089.751831,P1Y,0,,A,PU,_Z,2,,,False,WB_WDI,WB_WDI_NY_GDP_PCAP_CD,THA,_T,_T,_T,_Z,_Z,_Z,2002,A,USD,
533.982476,P1Y,0,,A,PU,_Z,2,,,False,WB_WDI,WB_WDI_NY_GDP_PCAP_CD,TLS,_T,_T,_T,_Z,_Z,_Z,2002,A,USD,
479.438374,P1Y,0,,A,PU,_Z,2,,,False,WB_WDI,WB_WDI_NY_GDP_PCAP_CD,TGO,_T,_T,_T,_Z,_Z,_Z,2002,A,USD,
1759.480532,P1Y,0,,A,PU,_Z,2,,,False,WB_WDI,WB_WDI_NY_GDP_PCAP_CD,TON,_T,_T,_T,_Z,_Z,_Z,2002,A,USD,
6762.930808,P1Y,0,,A,PU,_Z,2,,,False,WB_WDI,WB_WDI_NY_GDP_PCAP_CD,TTO,_T,_T,_T,_Z,_Z,_Z,2002,A,USD,
2320.772381,P1Y,0,,A,PU,_Z,2,,,False,WB_WDI,WB_WDI_NY_GDP_PCAP_CD,TUN,_T,_T,_T,_Z,_Z,_Z,2002,A,USD,
3591.08629,P1Y,0,,A,PU,_Z,2,,,False,WB_WDI,WB_WDI_NY_GDP_PCAP_CD,TUR,_T,_T,_T,_Z,_Z,_Z,2002,A,USD,
935.540801,P1Y,0,,A,PU,_Z,2,,,False,WB_WDI,WB_WDI_NY_GDP_PCAP_CD,TKM,_T,_T,_T,_Z,_Z,_Z,2002,A,USD,
17803.947177,P1Y,0,,A,PU,_Z,2,,,False,WB_WDI,WB_WDI_NY_GDP_PCAP_CD,TCA,_T,_T,_T,_Z,_Z,_Z,2002,A,USD,
1750.251751,P1Y,0,,A,PU,_Z,2,,,False,WB_WDI,WB_WDI_NY_GDP_PCAP_CD,TUV,_T,_T,_T,_Z,_Z,_Z,2002,A,USD,
241.984688,P1Y,0,,A,PU,_Z,2,,,False,WB_WDI,WB_WDI_NY_GDP_PCAP_CD,UGA,_T,_T,_T,_Z,_Z,_Z,2002,A,USD,
903.011902,P1Y,0,,A,PU,_Z,2,,,False,WB_WDI,WB_WDI_NY_GDP_PCAP_CD,UKR,_T,_T,_T,_Z,_Z,_Z,2002,A,USD,
27753.581047,P1Y,0,,A,PU,_Z,2,,,False,WB_WDI,WB_WDI_NY_GDP_PCAP_CD,ARE,_T,_T,_T,_Z,_Z,_Z,2002,A,USD,
4775.945801,P1Y,0,,A,PU,_Z,2,,,False,WB_WDI,WB_WDI_NY_GDP_PCAP_CD,UKR,_T,_T,_T,_Z,_Z,_Z,2021,A,USD,
44118.493621,P1Y,0,,A,PU,_Z,2,,,False,WB_WDI,WB_WDI_NY_GDP_PCAP_CD,ARE,_T,_T,_T,_Z,_Z,_Z,2021,A,USD,
47695.649152,P1Y,0,,A,PU,_Z,2,,,False,WB_WDI,WB_WDI_NY_GDP_PCAP_CD,GBR,_T,_T,_T,_Z,_Z,_Z,2021,A,USD,
71441.231981,P1Y,0,,A,PU,_Z,2,,,False,WB_WDI,WB_WDI_NY_GDP_PCAP_CD,USA,_T,_T,_T,_Z,_Z,_Z,2021,A,USD,
17881.811962,P1Y,0,,A,PU,_Z,2,,,False,WB_WDI,WB_WDI_NY_GDP_PCAP_CD,URY,_T,_T,_T,_Z,_Z,_Z,2021,A,USD,
2370.364806,P1Y,0,,A,PU,_Z,2,,,False,WB_WDI,WB_WDI_NY_GDP_PCAP_CD,UZB,_T,_T,_T,_Z,_Z,_Z,2021,A,USD,
3576.13771,P1Y,0,,A,PU,_Z,2,,,False,WB_WDI,WB_WDI_NY_GDP_PCAP_CD,VUT,_T,_T,_T,_Z,_Z,_Z,2021,A,USD,
2004.935729,P1Y,0,,A,PU,_Z,2,,,False,WB_WDI,WB_WDI_NY_GDP_PCAP_CD,VEN,_T,_T,_T,_Z,_Z,_Z,2021,A,USD,
3704.193559,P1Y,0,,A,PU,_Z,2,,,False,WB_WDI,WB_WDI_NY_GDP_PCAP_CD,VNM,_T,_T,_T,_Z,_Z,_Z,2021,A,USD,
42571.077737,P1Y,0,,A,PU,_Z,2,,,False,WB_WDI,WB_WDI_NY_GDP_PCAP_CD,VIR,_T,_T,_T,_Z,_Z,_Z,2021,A,USD,
3678.635657,P1Y,0,,A,PU,_Z,2,,,False,WB_WDI,WB_WDI_NY_GDP_PCAP_CD,PSE,_T,_T,_T,_Z,_Z,_Z,2021,A,USD,
3804.082741,P1Y,0,,A,PU,_Z,2,,,False,WB_WDI,WB_WDI_NY_GDP_PCAP_CD,PHL,_T,_T,_T,_Z,_Z,_Z,2023,A,USD,
22145.266065,P1Y,0,,A,PU,_Z,2,,,False,WB_WDI,WB_WDI_NY_GDP_PCAP_CD,POL,_T,_T,_T,_Z,_Z,_Z,2023,A,USD,
27634.618314,P1Y,0,,A,PU,_Z,2,,,False,WB_WDI,WB_WDI_NY_GDP_PCAP_CD,PRT,_T,_T,_T,_Z,_Z,_Z,2023,A,USD,
36980.765393,P1Y,0,,A,PU,_Z,2,,,False,WB_WDI,WB_WDI_NY_GDP_PCAP_CD,PRI,_T,_T,_T,_Z,_Z,_Z,2023,A,USD,
80195.874651,P1Y,0,,A,PU,_Z,2,,,False,WB_WDI,WB_WDI_NY_GDP_PCAP_CD,QAT,_T,_T,_T,_Z,_Z,_Z,2023,A,USD,
18244.418688,P1Y,0,,A,PU,_Z,2,,,False,WB_WDI,WB_WDI_NY_GDP_PCAP_CD,ROU,_T,_T,_T,_Z,_Z,_Z,2023,A,USD,
13986.995117,P1Y,0,,A,PU,_Z,2,,,False,WB_WDI,WB_WDI_NY_GDP_PCAP_CD,RUS,_T,_T,_T,_Z,_Z,_Z,2023,A,USD,
1061.057882,P1Y,0,,A,PU,_Z,2,,,False,WB_WDI,WB_WDI_NY_GDP_PCAP_CD,RWA,_T,_T,_T,_Z,_Z,_Z,2023,A,USD,
4822.740847,P1Y,0,,A,PU,_Z,2,,,False,WB_WDI,WB_WDI_NY_GDP_PCAP_CD,WSM,_T,_T,_T,_Z,_Z,_Z,2023,A,USD,
59871.32881,P1Y,0,,A,PU,_Z,2,,,True,WB_WDI,WB_WDI_NY_GDP_PCAP_CD,SMR,_T,_T,_T,_Z,_Z,_Z,2023,A,USD,
2990.660614,P1Y,0,,A,PU,_Z,2,,,False,WB_WDI,WB_WDI_NY_GDP_PCAP_CD,STP,_T,_T,_T,_Z,_Z,_Z,2023,A,USD,
36156.85625,P1Y,0,,A,PU,_Z,2,,,False,WB_WDI,WB_WDI_NY_GDP_PCAP_CD,SAU,_T,_T,_T,_Z,_Z,_Z,2023,A,USD,
1698.033873,P1Y,0,,A,PU,_Z,2,,,False,WB_WDI,WB_WDI_NY_GDP_PCAP_CD,SEN,_T,_T,_T,_Z,_Z,_Z,2023,A,USD,
4003.609358,P1Y,0,,A,PU,_Z,2,,,False,WB_WDI,WB_WDI_NY_GDP_PCAP_CD,LVA,_T,_T,_T,_Z,_Z,_Z,2002,A,USD,
4290.852838,P1Y,0,,A,PU,_Z,2,,,False,WB_WDI,WB_WDI_NY_GDP_PCAP_CD,LBN,_T,_T,_T,_Z,_Z,_Z,2002,A,USD,
388.92335,P1Y,0,,A,PU,_Z,2,,,False,WB_WDI,WB_WDI_NY_GDP_PCAP_CD,LSO,_T,_T,_T,_Z,_Z,_Z,2002,A,USD,
299.536446,P1Y,0,,A,PU,_Z,2,,,False,WB_WDI,WB_WDI_NY_GDP_PCAP_CD,LBR,_T,_T,_T,_Z,_Z,_Z,2002,A,USD,
3718.294347,P1Y,0,,A,PU,_Z,2,,,False,WB_WDI,WB_WDI_NY_GDP_PCAP_CD,LBY,_T,_T,_T,_Z,_Z,_Z,2002,A,USD,
79795.178589,P1Y,0,,A,PU,_Z,2,,,False,WB_WDI,WB_WDI_NY_GDP_PCAP_CD,LIE,_T,_T,_T,_Z,_Z,_Z,2002,A,USD,
4148.130915,P1Y,0,,A,PU,_Z,2,,,False,WB_WDI,WB_WDI_NY_GDP_PCAP_CD,LTU,_T,_T,_T,_Z,_Z,_Z,2002,A,USD,
53005.731802,P1Y,0,,A,PU,_Z,2,,,False,WB_WDI,WB_WDI_NY_GDP_PCAP_CD,LUX,_T,_T,_T,_Z,_Z,_Z,2002,A,USD,
16814.992642,P1Y,0,,A,PU,_Z,2,,,False,WB_WDI,WB_WDI_NY_GDP_PCAP_CD,MAC,_T,_T,_T,_Z,_Z,_Z,2002,A,USD,
304.941777,P1Y,0,,A,PU,_Z,2,,,False,WB_WDI,WB_WDI_NY_GDP_PCAP_CD,MDG,_T,_T,_T,_Z,_Z,_Z,2002,A,USD,
428.21044,P1Y,0,,A,PU,_Z,2,,,False,WB_WDI,WB_WDI_NY_GDP_PCAP_CD,MWI,_T,_T,_T,_Z,_Z,_Z,2002,A,USD,
4184.031638,P1Y,0,,A,PU,_Z,2,,,False,WB_WDI,WB_WDI_NY_GDP_PCAP_CD,MYS,_T,_T,_T,_Z,_Z,_Z,2002,A,USD,
3076.070072,P1Y,0,,A,PU,_Z,2,,,False,WB_WDI,WB_WDI_NY_GDP_PCAP_CD,MDV,_T,_T,_T,_Z,_Z,_Z,2002,A,USD,
3847.601367,P1Y,0,,A,PU,_Z,2,,,False,WB_WDI,WB_WDI_NY_GDP_PCAP_CD,LKA,_T,_T,_T,_Z,_Z,_Z,2020,A,USD,
18859.019036,P1Y,0,,A,PU,_Z,2,,,False,WB_WDI,WB_WDI_NY_GDP_PCAP_CD,KNA,_T,_T,_T,_Z,_Z,_Z,2020,A,USD,
8537.114955,P1Y,0,,A,PU,_Z,2,,,False,WB_WDI,WB_WDI_NY_GDP_PCAP_CD,LCA,_T,_T,_T,_Z,_Z,_Z,2020,A,USD,
8351.20324,P1Y,0,,A,PU,_Z,2,,,False,WB_WDI,WB_WDI_NY_GDP_PCAP_CD,VCT,_T,_T,_T,_Z,_Z,_Z,2020,A,USD,
577.795227,P1Y,0,,A,PU,_Z,2,,,False,WB_WDI,WB_WDI_NY_GDP_PCAP_CD,SDN,_T,_T,_T,_Z,_Z,_Z,2020,A,USD,
4755.392217,P1Y,0,,A,PU,_Z,2,,,False,WB_WDI,WB_WDI_NY_GDP_PCAP_CD,SUR,_T,_T,_T,_Z,_Z,_Z,2020,A,USD,
52568.572698,P1Y,0,,A,PU,_Z,2,,,False,WB_WDI,WB_WDI_NY_GDP_PCAP_CD,SWE,_T,_T,_T,_Z,_Z,_Z,2020,A,USD,
87529.701639,P1Y,0,,A,PU,_Z,2,,,False,WB_WDI,WB_WDI_NY_GDP_PCAP_CD,CHE,_T,_T,_T,_Z,_Z,_Z,2020,A,USD,
593.911772,P1Y,0,,A,PU,_Z,2,,,False,WB_WDI,WB_WDI_NY_GDP_PCAP_CD,SYR,_T,_T,_T,_Z,_Z,_Z,2020,A,USD,
834.311715,P1Y,0,,A,PU,_Z,2,,,False,WB_WDI,WB_WDI_NY_GDP_PCAP_CD,TJK,_T,_T,_T,_Z,_Z,_Z,2020,A,USD,
1117.415283,P1Y,0,,A,PU,_Z,2,,,False,WB_WDI,WB_WDI_NY_GDP_PCAP_CD,TZA,_T,_T,_T,_Z,_Z,_Z,2020,A,USD,
6983.034128,P1Y,0,,A,PU,_Z,2,,,False,WB_WDI,WB_WDI_NY_GDP_PCAP_CD,THA,_T,_T,_T,_Z,_Z,_Z,2020,A,USD,
2138.385739,P1Y,0,,A,PU,_Z,2,,,False,WB_WDI,WB_WDI_NY_GDP_PCAP_CD,NIC,_T,_T,_T,_Z,_Z,_Z,2021,A,USD,
609.585704,P1Y,0,,A,PU,_Z,2,,,False,WB_WDI,WB_WDI_NY_GDP_PCAP_CD,NER,_T,_T,_T,_Z,_Z,_Z,2021,A,USD,
2787.487792,P1Y,0,,A,PU,_Z,2,,,False,WB_WDI,WB_WDI_NY_GDP_PCAP_CD,NGA,_T,_T,_T,_Z,_Z,_Z,2021,A,USD,
7620.80297,P1Y,0,,A,PU,_Z,2,,,False,WB_WDI,WB_WDI_NY_GDP_PCAP_CD,MKD,_T,_T,_T,_Z,_Z,_Z,2021,A,USD,
19455.501394,P1Y,0,,A,PU,_Z,2,,,False,WB_WDI,WB_WDI_NY_GDP_PCAP_CD,MNP,_T,_T,_T,_Z,_Z,_Z,2021,A,USD,
96442.555217,P1Y,0,,A,PU,_Z,2,,,False,WB_WDI,WB_WDI_NY_GDP_PCAP_CD,NOR,_T,_T,_T,_Z,_Z,_Z,2021,A,USD,
19403.460016,P1Y,0,,A,PU,_Z,2,,,False,WB_WDI,WB_WDI_NY_GDP_PCAP_CD,OMN,_T,_T,_T,_Z,_Z,_Z,2021,A,USD,
1455.319224,P1Y,0,,A,PU,_Z,2,,,False,WB_WDI,WB_WDI_NY_GDP_PCAP_CD,PAK,_T,_T,_T,_Z,_Z,_Z,2021,A,USD,
13267.487734,P1Y,0,,A,PU,_Z,2,,,False,WB_WDI,WB_WDI_NY_GDP_PCAP_CD,PLW,_T,_T,_T,_Z,_Z,_Z,2021,A,USD,
15509.806911,P1Y,0,,A,PU,_Z,2,,,False,WB_WDI,WB_WDI_NY_GDP_PCAP_CD,PAN,_T,_T,_T,_Z,_Z,_Z,2021,A,USD,
2607.9777,P1Y,0,,A,PU,_Z,2,,,False,WB_WDI,WB_WDI_NY_GDP_PCAP_CD,PNG,_T,_T,_T,_Z,_Z,_Z,2021,A,USD,
5974.905719,P1Y,0,,A,PU,_Z,2,,,False,WB_WDI,WB_WDI_NY_GDP_PCAP_CD,PRY,_T,_T,_T,_Z,_Z,_Z,2021,A,USD,
2987.545235,P1Y,0,,A,PU,_Z,2,,,False,WB_WDI,WB_WDI_NY_GDP_PCAP_CD,XKX,_T,_T,_T,_Z,_Z,_Z,2010,A,USD,
39212.25222,P1Y,0,,A,PU,_Z,2,,,False,WB_WDI,WB_WDI_NY_GDP_PCAP_CD,KWT,_T,_T,_T,_Z,_Z,_Z,2010,A,USD,
876.954476,P1Y,0,,A,PU,_Z,2,,,False,WB_WDI,WB_WDI_NY_GDP_PCAP_CD,KGZ,_T,_T,_T,_Z,_Z,_Z,2010,A,USD,
1125.916102,P1Y,0,,A,PU,_Z,2,,,False,WB_WDI,WB_WDI_NY_GDP_PCAP_CD,LAO,_T,_T,_T,_Z,_Z,_Z,2010,A,USD,
11188.41917,P1Y,0,,A,PU,_Z,2,,,False,WB_WDI,WB_WDI_NY_GDP_PCAP_CD,LVA,_T,_T,_T,_Z,_Z,_Z,2010,A,USD,
7625.810516,P1Y,0,,A,PU,_Z,2,,,False,WB_WDI,WB_WDI_NY_GDP_PCAP_CD,LBN,_T,_T,_T,_Z,_Z,_Z,2010,A,USD,
1119.475578,P1Y,0,,A,PU,_Z,2,,,False,WB_WDI,WB_WDI_NY_GDP_PCAP_CD,LSO,_T,_T,_T,_Z,_Z,_Z,2010,A,USD,
492.252808,P1Y,0,,A,PU,_Z,2,,,False,WB_WDI,WB_WDI_NY_GDP_PCAP_CD,LBR,_T,_T,_T,_Z,_Z,_Z,2010,A,USD,
11600.906865,P1Y,0,,A,PU,_Z,2,,,False,WB_WDI,WB_WDI_NY_GDP_PCAP_CD,LBY,_T,_T,_T,_Z,_Z,_Z,2010,A,USD,
141089.812849,P1Y,0,,A,PU,_Z,2,,,False,WB_WDI,WB_WDI_NY_GDP_PCAP_CD,LIE,_T,_T,_T,_Z,_Z,_Z,2010,A,USD,
11829.122609,P1Y,0,,A,PU,_Z,2,,,False,WB_WDI,WB_WDI_NY_GDP_PCAP_CD,LTU,_T,_T,_T,_Z,_Z,_Z,2010,A,USD,
110885.991379,P1Y,0,,A,PU,_Z,2,,,False,WB_WDI,WB_WDI_NY_GDP_PCAP_CD,LUX,_T,_T,_T,_Z,_Z,_Z,2010,A,USD,
2428.929698,P1Y,0,,A,PU,_Z,2,,,False,WB_WDI,WB_WDI_NY_GDP_PCAP_CD,COL,_T,_T,_T,_Z,_Z,_Z,2002,A,USD,
764.613498,P1Y,0,,A,PU,_Z,2,,,False,WB_WDI,WB_WDI_NY_GDP_PCAP_CD,COM,_T,_T,_T,_Z,_Z,_Z,2002,A,USD,
162.380529,P1Y,0,,A,PU,_Z,2,,,False,WB_WDI,WB_WDI_NY_GDP_PCAP_CD,COD,_T,_T,_T,_Z,_Z,_Z,2002,A,USD,
905.538136,P1Y,0,,A,PU,_Z,2,,,False,WB_WDI,WB_WDI_NY_GDP_PCAP_CD,COG,_T,_T,_T,_Z,_Z,_Z,2002,A,USD,
4067.718542,P1Y,0,,A,PU,_Z,2,,,False,WB_WDI,WB_WDI_NY_GDP_PCAP_CD,CRI,_T,_T,_T,_Z,_Z,_Z,2002,A,USD,
967.815864,P1Y,0,,A,PU,_Z,2,,,False,WB_WDI,WB_WDI_NY_GDP_PCAP_CD,CIV,_T,_T,_T,_Z,_Z,_Z,2002,A,USD,
6219.560937,P1Y,0,,A,PU,_Z,2,,,False,WB_WDI,WB_WDI_NY_GDP_PCAP_CD,HRV,_T,_T,_T,_Z,_Z,_Z,2002,A,USD,
3005.211042,P1Y,0,,A,PU,_Z,2,,,False,WB_WDI,WB_WDI_NY_GDP_PCAP_CD,CUB,_T,_T,_T,_Z,_Z,_Z,2002,A,USD,
16723.692525,P1Y,0,,A,PU,_Z,2,,,False,WB_WDI,WB_WDI_NY_GDP_PCAP_CD,CUW,_T,_T,_T,_Z,_Z,_Z,2002,A,USD,
16093.21582,P1Y,0,,A,PU,_Z,2,,,False,WB_WDI,WB_WDI_NY_GDP_PCAP_CD,CYP,_T,_T,_T,_Z,_Z,_Z,2002,A,USD,
8101.260186,P1Y,0,,A,PU,_Z,2,,,False,WB_WDI,WB_WDI_NY_GDP_PCAP_CD,CZE,_T,_T,_T,_Z,_Z,_Z,2002,A,USD,
33257.162259,P1Y,0,,A,PU,_Z,2,,,False,WB_WDI,WB_WDI_NY_GDP_PCAP_CD,DNK,_T,_T,_T,_Z,_Z,_Z,2002,A,USD,
743.01327,P1Y,0,,A,PU,_Z,2,,,False,WB_WDI,WB_WDI_NY_GDP_PCAP_CD,DJI,_T,_T,_T,_Z,_Z,_Z,2002,A,USD,
28149.099786,P1Y,0,,A,PU,_Z,2,,,False,WB_WDI,WB_WDI_NY_GDP_PCAP_CD,SXM,_T,_T,_T,_Z,_Z,_Z,2012,A,USD,
17516.969105,P1Y,0,,A,PU,_Z,2,,,False,WB_WDI,WB_WDI_NY_GDP_PCAP_CD,SVK,_T,_T,_T,_Z,_Z,_Z,2012,A,USD,
22442.141786,P1Y,0,,A,PU,_Z,2,,,False,WB_WDI,WB_WDI_NY_GDP_PCAP_CD,SVN,_T,_T,_T,_Z,_Z,_Z,2012,A,USD,
2066.257386,P1Y,0,,A,PU,_Z,2,,,False,WB_WDI,WB_WDI_NY_GDP_PCAP_CD,SLB,_T,_T,_T,_Z,_Z,_Z,2012,A,USD,
350.261947,P1Y,0,,A,PU,_Z,2,,,False,WB_WDI,WB_WDI_NY_GDP_PCAP_CD,SOM,_T,_T,_T,_Z,_Z,_Z,2012,A,USD,
8076.976785,P1Y,0,,A,PU,_Z,2,,,False,WB_WDI,WB_WDI_NY_GDP_PCAP_CD,ZAF,_T,_T,_T,_Z,_Z,_Z,2012,A,USD,
1109.260501,P1Y,0,,A,PU,_Z,2,,,False,WB_WDI,WB_WDI_NY_GDP_PCAP_CD,SSD,_T,_T,_T,_Z,_Z,_Z,2012,A,USD,
28456.443815,P1Y,0,,A,PU,_Z,2,,,False,WB_WDI,WB_WDI_NY_GDP_PCAP_CD,ESP,_T,_T,_T,_Z,_Z,_Z,2012,A,USD,
3327.776124,P1Y,0,,A,PU,_Z,2,,,False,WB_WDI,WB_WDI_NY_GDP_PCAP_CD,LKA,_T,_T,_T,_Z,_Z,_Z,2012,A,USD,
17532.055901,P1Y,0,,A,PU,_Z,2,,,False,WB_WDI,WB_WDI_NY_GDP_PCAP_CD,KNA,_T,_T,_T,_Z,_Z,_Z,2012,A,USD,
9260.300066,P1Y,0,,A,PU,_Z,2,,,False,WB_WDI,WB_WDI_NY_GDP_PCAP_CD,LCA,_T,_T,_T,_Z,_Z,_Z,2012,A,USD,
6713.807686,P1Y,0,,A,PU,_Z,2,,,False,WB_WDI,WB_WDI_NY_GDP_PCAP_CD,VCT,_T,_T,_T,_Z,_Z,_Z,2012,A,USD,
38066.82404,P1Y,0,,A,PU,_Z,2,,,False,WB_WDI,WB_WDI_NY_GDP_PCAP_CD,EUU,_T,_T,_T,_Z,_Z,_Z,2022,A,USD,
1123.26895,P1Y,0,,A,PU,_Z,2,,,False,WB_WDI,WB_WDI_NY_GDP_PCAP_CD,HPC,_T,_T,_T,_Z,_Z,_Z,2022,A,USD,
47056.487499,P1Y,0,,A,PU,_Z,2,,,False,WB_WDI,WB_WDI_NY_GDP_PCAP_CD,HIC,_T,_T,_T,_Z,_Z,_Z,2022,A,USD,
7679.786393,P1Y,0,,A,PU,_Z,2,,,False,WB_WDI,WB_WDI_NY_GDP_PCAP_CD,IBD,_T,_T,_T,_Z,_Z,_Z,2022,A,USD,
6024.325913,P1Y,0,,A,PU,_Z,2,,,False,WB_WDI,WB_WDI_NY_GDP_PCAP_CD,IBT,_T,_T,_T,_Z,_Z,_Z,2022,A,USD,
2241.229318,P1Y,0,,A,PU,_Z,2,,,False,WB_WDI,WB_WDI_NY_GDP_PCAP_CD,IDB,_T,_T,_T,_Z,_Z,_Z,2022,A,USD,
1333.985472,P1Y,0,,A,PU,_Z,2,,,False,WB_WDI,WB_WDI_NY_GDP_PCAP_CD,IDX,_T,_T,_T,_Z,_Z,_Z,2022,A,USD,
1651.019163,P1Y,0,,A,PU,_Z,2,,,False,WB_WDI,WB_WDI_NY_GDP_PCAP_CD,IDA,_T,_T,_T,_Z,_Z,_Z,2022,A,USD,
12287.456607,P1Y,0,,A,PU,_Z,2,,,False,WB_WDI,WB_WDI_NY_GDP_PCAP_CD,LTE,_T,_T,_T,_Z,_Z,_Z,2022,A,USD,
9412.059246,P1Y,0,,A,PU,_Z,2,,,False,WB_WDI,WB_WDI_NY_GDP_PCAP_CD,LCN,_T,_T,_T,_Z,_Z,_Z,2022,A,USD,
8838.671695,P1Y,0,,A,PU,_Z,2,,,False,WB_WDI,WB_WDI_NY_GDP_PCAP_CD,LAC,_T,_T,_T,_Z,_Z,_Z,2022,A,USD,
9177.797119,P1Y,0,,A,PU,_Z,2,,,False,WB_WDI,WB_WDI_NY_GDP_PCAP_CD,TLA,_T,_T,_T,_Z,_Z,_Z,2022,A,USD,
1298.293382,P1Y,0,,A,PU,_Z,2,,,False,WB_WDI,WB_WDI_NY_GDP_PCAP_CD,LDC,_T,_T,_T,_Z,_Z,_Z,2022,A,USD,
5626.696238,P1Y,0,,A,PU,_Z,2,,,False,WB_WDI,WB_WDI_NY_GDP_PCAP_CD,LMY,_T,_T,_T,_Z,_Z,_Z,2022,A,USD,
883.024112,P1Y,0,,A,PU,_Z,2,,,False,WB_WDI,WB_WDI_NY_GDP_PCAP_CD,GMB,_T,_T,_T,_Z,_Z,_Z,2023,A,USD,
8283.669607,P1Y,0,,A,PU,_Z,2,,,False,WB_WDI,WB_WDI_NY_GDP_PCAP_CD,GEO,_T,_T,_T,_Z,_Z,_Z,2023,A,USD,
54776.766824,P1Y,0,,A,PU,_Z,2,,,False,WB_WDI,WB_WDI_NY_GDP_PCAP_CD,DEU,_T,_T,_T,_Z,_Z,_Z,2023,A,USD,
2383.904105,P1Y,0,,A,PU,_Z,2,,,False,WB_WDI,WB_WDI_NY_GDP_PCAP_CD,GHA,_T,_T,_T,_Z,_Z,_Z,2023,A,USD,
23343.710396,P1Y,0,,A,PU,_Z,2,,,False,WB_WDI,WB_WDI_NY_GDP_PCAP_CD,GRC,_T,_T,_T,_Z,_Z,_Z,2023,A,USD,
58498.970797,P1Y,0,,A,PU,_Z,2,,,True,WB_WDI,WB_WDI_NY_GDP_PCAP_CD,GRL,_T,_T,_T,_Z,_Z,_Z,2023,A,USD,
11414.478169,P1Y,0,,A,PU,_Z,2,,,False,WB_WDI,WB_WDI_NY_GDP_PCAP_CD,GRD,_T,_T,_T,_Z,_Z,_Z,2023,A,USD,
5754.428339,P1Y,0,,A,PU,_Z,2,,,False,WB_WDI,WB_WDI_NY_GDP_PCAP_CD,GTM,_T,_T,_T,_Z,_Z,_Z,2023,A,USD,
1555.493758,P1Y,0,,A,PU,_Z,2,,,False,WB_WDI,WB_WDI_NY_GDP_PCAP_CD,GIN,_T,_T,_T,_Z,_Z,_Z,2023,A,USD,
964.431833,P1Y,0,,A,PU,_Z,2,,,False,WB_WDI,WB_WDI_NY_GDP_PCAP_CD,GNB,_T,_T,_T,_Z,_Z,_Z,2023,A,USD,
20473.700219,P1Y,0,,A,PU,_Z,2,,,False,WB_WDI,WB_WDI_NY_GDP_PCAP_CD,GUY,_T,_T,_T,_Z,_Z,_Z,2023,A,USD,
1681.844077,P1Y,0,,A,PU,_Z,2,,,False,WB_WDI,WB_WDI_NY_GDP_PCAP_CD,HTI,_T,_T,_T,_Z,_Z,_Z,2023,A,USD,
3227.457625,P1Y,0,,A,PU,_Z,2,,,False,WB_WDI,WB_WDI_NY_GDP_PCAP_CD,HND,_T,_T,_T,_Z,_Z,_Z,2023,A,USD,
1388.897391,P1Y,0,,A,PU,_Z,2,,,False,WB_WDI,WB_WDI_NY_GDP_PCAP_CD,LKA,_T,_T,_T,_Z,_Z,_Z,2006,A,USD,
13837.849531,P1Y,0,,A,PU,_Z,2,,,False,WB_WDI,WB_WDI_NY_GDP_PCAP_CD,KNA,_T,_T,_T,_Z,_Z,_Z,2006,A,USD,
7611.178567,P1Y,0,,A,PU,_Z,2,,,False,WB_WDI,WB_WDI_NY_GDP_PCAP_CD,LCA,_T,_T,_T,_Z,_Z,_Z,2006,A,USD,
5744.827862,P1Y,0,,A,PU,_Z,2,,,False,WB_WDI,WB_WDI_NY_GDP_PCAP_CD,VCT,_T,_T,_T,_Z,_Z,_Z,2006,A,USD,
1132.474609,P1Y,0,,A,PU,_Z,2,,,False,WB_WDI,WB_WDI_NY_GDP_PCAP_CD,SDN,_T,_T,_T,_Z,_Z,_Z,2006,A,USD,
5002.657987,P1Y,0,,A,PU,_Z,2,,,False,WB_WDI,WB_WDI_NY_GDP_PCAP_CD,SUR,_T,_T,_T,_Z,_Z,_Z,2006,A,USD,
46531.376224,P1Y,0,,A,PU,_Z,2,,,False,WB_WDI,WB_WDI_NY_GDP_PCAP_CD,SWE,_T,_T,_T,_Z,_Z,_Z,2006,A,USD,
59910.293406,P1Y,0,,A,PU,_Z,2,,,False,WB_WDI,WB_WDI_NY_GDP_PCAP_CD,CHE,_T,_T,_T,_Z,_Z,_Z,2006,A,USD,
1718.7847,P1Y,0,,A,PU,_Z,2,,,False,WB_WDI,WB_WDI_NY_GDP_PCAP_CD,SYR,_T,_T,_T,_Z,_Z,_Z,2006,A,USD,
401.018403,P1Y,0,,A,PU,_Z,2,,,False,WB_WDI,WB_WDI_NY_GDP_PCAP_CD,TJK,_T,_T,_T,_Z,_Z,_Z,2006,A,USD,
475.746735,P1Y,0,,A,PU,_Z,2,,,False,WB_WDI,WB_WDI_NY_GDP_PCAP_CD,TZA,_T,_T,_T,_Z,_Z,_Z,2006,A,USD,
653.294312,P1Y,0,,A,PU,_Z,2,,,False,WB_WDI,WB_WDI_NY_GDP_PCAP_CD,UKR,_T,_T,_T,_Z,_Z,_Z,2000,A,USD,
29865.5285,P1Y,0,,A,PU,_Z,2,,,False,WB_WDI,WB_WDI_NY_GDP_PCAP_CD,ARE,_T,_T,_T,_Z,_Z,_Z,2000,A,USD,
28383.876109,P1Y,0,,A,PU,_Z,2,,,False,WB_WDI,WB_WDI_NY_GDP_PCAP_CD,GBR,_T,_T,_T,_Z,_Z,_Z,2000,A,USD,
36329.97026,P1Y,0,,A,PU,_Z,2,,,False,WB_WDI,WB_WDI_NY_GDP_PCAP_CD,USA,_T,_T,_T,_Z,_Z,_Z,2000,A,USD,
6987.700988,P1Y,0,,A,PU,_Z,2,,,False,WB_WDI,WB_WDI_NY_GDP_PCAP_CD,URY,_T,_T,_T,_Z,_Z,_Z,2000,A,USD,
555.149231,P1Y,0,,A,PU,_Z,2,,,False,WB_WDI,WB_WDI_NY_GDP_PCAP_CD,UZB,_T,_T,_T,_Z,_Z,_Z,2000,A,USD,
1460.238177,P1Y,0,,A,PU,_Z,2,,,False,WB_WDI,WB_WDI_NY_GDP_PCAP_CD,VUT,_T,_T,_T,_Z,_Z,_Z,2000,A,USD,
4776.281676,P1Y,0,,A,PU,_Z,2,,,False,WB_WDI,WB_WDI_NY_GDP_PCAP_CD,VEN,_T,_T,_T,_Z,_Z,_Z,2000,A,USD,
404.029784,P1Y,0,,A,PU,_Z,2,,,False,WB_WDI,WB_WDI_NY_GDP_PCAP_CD,VNM,_T,_T,_T,_Z,_Z,_Z,2000,A,USD,
1476.17185,P1Y,0,,A,PU,_Z,2,,,False,WB_WDI,WB_WDI_NY_GDP_PCAP_CD,PSE,_T,_T,_T,_Z,_Z,_Z,2000,A,USD,
493.235183,P1Y,0,,A,PU,_Z,2,,,False,WB_WDI,WB_WDI_NY_GDP_PCAP_CD,YEM,_T,_T,_T,_Z,_Z,_Z,2000,A,USD,
359.429501,P1Y,0,,A,PU,_Z,2,,,False,WB_WDI,WB_WDI_NY_GDP_PCAP_CD,ZMB,_T,_T,_T,_Z,_Z,_Z,2000,A,USD,
5986.636949,P1Y,0,,A,PU,_Z,2,,,False,WB_WDI,WB_WDI_NY_GDP_PCAP_CD,LBY,_T,_T,_T,_Z,_Z,_Z,2022,A,USD,
188055.003235,P1Y,0,,A,PU,_Z,2,,,False,WB_WDI,WB_WDI_NY_GDP_PCAP_CD,LIE,_T,_T,_T,_Z,_Z,_Z,2022,A,USD,
24946.572401,P1Y,0,,A,PU,_Z,2,,,False,WB_WDI,WB_WDI_NY_GDP_PCAP_CD,LTU,_T,_T,_T,_Z,_Z,_Z,2022,A,USD,
123719.658916,P1Y,0,,A,PU,_Z,2,,,False,WB_WDI,WB_WDI_NY_GDP_PCAP_CD,LUX,_T,_T,_T,_Z,_Z,_Z,2022,A,USD,
36806.891255,P1Y,0,,A,PU,_Z,2,,,False,WB_WDI,WB_WDI_NY_GDP_PCAP_CD,MAC,_T,_T,_T,_Z,_Z,_Z,2022,A,USD,
504.059107,P1Y,0,,A,PU,_Z,2,,,False,WB_WDI,WB_WDI_NY_GDP_PCAP_CD,MDG,_T,_T,_T,_Z,_Z,_Z,2022,A,USD,
604.26974,P1Y,0,,A,PU,_Z,2,,,False,WB_WDI,WB_WDI_NY_GDP_PCAP_CD,MWI,_T,_T,_T,_Z,_Z,_Z,2022,A,USD,
11754.567834,P1Y,0,,A,PU,_Z,2,,,False,WB_WDI,WB_WDI_NY_GDP_PCAP_CD,MYS,_T,_T,_T,_Z,_Z,_Z,2022,A,USD,
11786.019149,P1Y,0,,A,PU,_Z,2,,,False,WB_WDI,WB_WDI_NY_GDP_PCAP_CD,MDV,_T,_T,_T,_Z,_Z,_Z,2022,A,USD,
976.914116,P1Y,0,,A,PU,_Z,2,,,False,WB_WDI,WB_WDI_NY_GDP_PCAP_CD,MLI,_T,_T,_T,_Z,_Z,_Z,2022,A,USD,
35658.831825,P1Y,0,,A,PU,_Z,2,,,False,WB_WDI,WB_WDI_NY_GDP_PCAP_CD,MLT,_T,_T,_T,_Z,_Z,_Z,2022,A,USD,
6455.660354,P1Y,0,,A,PU,_Z,2,,,False,WB_WDI,WB_WDI_NY_GDP_PCAP_CD,MHL,_T,_T,_T,_Z,_Z,_Z,2022,A,USD,
1961.281666,P1Y,0,,A,PU,_Z,2,,,False,WB_WDI,WB_WDI_NY_GDP_PCAP_CD,MRT,_T,_T,_T,_Z,_Z,_Z,2022,A,USD,
918.10208,P1Y,0,,A,PU,_Z,2,,,False,WB_WDI,WB_WDI_NY_GDP_PCAP_CD,SEN,_T,_T,_T,_Z,_Z,_Z,2004,A,USD,
3597.087981,P1Y,0,,A,PU,_Z,2,,,False,WB_WDI,WB_WDI_NY_GDP_PCAP_CD,SRB,_T,_T,_T,_Z,_Z,_Z,2004,A,USD,
10827.671636,P1Y,0,,A,PU,_Z,2,,,False,WB_WDI,WB_WDI_NY_GDP_PCAP_CD,SYC,_T,_T,_T,_Z,_Z,_Z,2004,A,USD,
417.749983,P1Y,0,,A,PU,_Z,2,,,False,WB_WDI,WB_WDI_NY_GDP_PCAP_CD,SLE,_T,_T,_T,_Z,_Z,_Z,2004,A,USD,
27608.080013,P1Y,0,,A,PU,_Z,2,,,False,WB_WDI,WB_WDI_NY_GDP_PCAP_CD,SGP,_T,_T,_T,_Z,_Z,_Z,2004,A,USD,
7996.740766,P1Y,0,,A,PU,_Z,2,,,False,WB_WDI,WB_WDI_NY_GDP_PCAP_CD,SVK,_T,_T,_T,_Z,_Z,_Z,2004,A,USD,
17103.829778,P1Y,0,,A,PU,_Z,2,,,False,WB_WDI,WB_WDI_NY_GDP_PCAP_CD,SVN,_T,_T,_T,_Z,_Z,_Z,2004,A,USD,
986.070954,P1Y,0,,A,PU,_Z,2,,,False,WB_WDI,WB_WDI_NY_GDP_PCAP_CD,SLB,_T,_T,_T,_Z,_Z,_Z,2004,A,USD,
375.410326,P1Y,0,,A,PU,_Z,2,,,False,WB_WDI,WB_WDI_NY_GDP_PCAP_CD,SOM,_T,_T,_T,_Z,_Z,_Z,2004,A,USD,
5221.463337,P1Y,0,,A,PU,_Z,2,,,False,WB_WDI,WB_WDI_NY_GDP_PCAP_CD,ZAF,_T,_T,_T,_Z,_Z,_Z,2004,A,USD,
24925.026784,P1Y,0,,A,PU,_Z,2,,,False,WB_WDI,WB_WDI_NY_GDP_PCAP_CD,ESP,_T,_T,_T,_Z,_Z,_Z,2004,A,USD,
1028.620681,P1Y,0,,A,PU,_Z,2,,,False,WB_WDI,WB_WDI_NY_GDP_PCAP_CD,LKA,_T,_T,_T,_Z,_Z,_Z,2004,A,USD,
3581.089308,P1Y,0,,A,PU,_Z,2,,,False,WB_WDI,WB_WDI_NY_GDP_PCAP_CD,PER,_T,_T,_T,_Z,_Z,_Z,2007,A,USD,
1712.655433,P1Y,0,,A,PU,_Z,2,,,False,WB_WDI,WB_WDI_NY_GDP_PCAP_CD,PHL,_T,_T,_T,_Z,_Z,_Z,2007,A,USD,
11272.529368,P1Y,0,,A,PU,_Z,2,,,False,WB_WDI,WB_WDI_NY_GDP_PCAP_CD,POL,_T,_T,_T,_Z,_Z,_Z,2007,A,USD,
22811.056484,P1Y,0,,A,PU,_Z,2,,,False,WB_WDI,WB_WDI_NY_GDP_PCAP_CD,PRT,_T,_T,_T,_Z,_Z,_Z,2007,A,USD,
23664.882349,P1Y,0,,A,PU,_Z,2,,,False,WB_WDI,WB_WDI_NY_GDP_PCAP_CD,PRI,_T,_T,_T,_Z,_Z,_Z,2007,A,USD,
65954.114643,P1Y,0,,A,PU,_Z,2,,,False,WB_WDI,WB_WDI_NY_GDP_PCAP_CD,QAT,_T,_T,_T,_Z,_Z,_Z,2007,A,USD,
8360.337759,P1Y,0,,A,PU,_Z,2,,,False,WB_WDI,WB_WDI_NY_GDP_PCAP_CD,ROU,_T,_T,_T,_Z,_Z,_Z,2007,A,USD,
9101.239258,P1Y,0,,A,PU,_Z,2,,,False,WB_WDI,WB_WDI_NY_GDP_PCAP_CD,RUS,_T,_T,_T,_Z,_Z,_Z,2007,A,USD,
420.733581,P1Y,0,,A,PU,_Z,2,,,False,WB_WDI,WB_WDI_NY_GDP_PCAP_CD,RWA,_T,_T,_T,_Z,_Z,_Z,2007,A,USD,
3038.619041,P1Y,0,,A,PU,_Z,2,,,False,WB_WDI,WB_WDI_NY_GDP_PCAP_CD,WSM,_T,_T,_T,_Z,_Z,_Z,2007,A,USD,
70124.424998,P1Y,0,,A,PU,_Z,2,,,False,WB_WDI,WB_WDI_NY_GDP_PCAP_CD,SMR,_T,_T,_T,_Z,_Z,_Z,2007,A,USD,
878.885792,P1Y,0,,A,PU,_Z,2,,,False,WB_WDI,WB_WDI_NY_GDP_PCAP_CD,STP,_T,_T,_T,_Z,_Z,_Z,2007,A,USD,
15460.45608,P1Y,0,,A,PU,_Z,2,,,False,WB_WDI,WB_WDI_NY_GDP_PCAP_CD,HRV,_T,_T,_T,_Z,_Z,_Z,2018,A,USD,
8911.46206,P1Y,0,,A,PU,_Z,2,,,False,WB_WDI,WB_WDI_NY_GDP_PCAP_CD,CUB,_T,_T,_T,_Z,_Z,_Z,2018,A,USD,
19119.124394,P1Y,0,,A,PU,_Z,2,,,False,WB_WDI,WB_WDI_NY_GDP_PCAP_CD,CUW,_T,_T,_T,_Z,_Z,_Z,2018,A,USD,
29120.386719,P1Y,0,,A,PU,_Z,2,,,False,WB_WDI,WB_WDI_NY_GDP_PCAP_CD,CYP,_T,_T,_T,_Z,_Z,_Z,2018,A,USD,
23705.932981,P1Y,0,,A,PU,_Z,2,,,False,WB_WDI,WB_WDI_NY_GDP_PCAP_CD,CZE,_T,_T,_T,_Z,_Z,_Z,2018,A,USD,
61324.766505,P1Y,0,,A,PU,_Z,2,,,False,WB_WDI,WB_WDI_NY_GDP_PCAP_CD,DNK,_T,_T,_T,_Z,_Z,_Z,2018,A,USD,
2718.083388,P1Y,0,,A,PU,_Z,2,,,False,WB_WDI,WB_WDI_NY_GDP_PCAP_CD,DJI,_T,_T,_T,_Z,_Z,_Z,2018,A,USD,
9215.308541,P1Y,0,,A,PU,_Z,2,,,False,WB_WDI,WB_WDI_NY_GDP_PCAP_CD,DMA,_T,_T,_T,_Z,_Z,_Z,2018,A,USD,
7882.982216,P1Y,0,,A,PU,_Z,2,,,False,WB_WDI,WB_WDI_NY_GDP_PCAP_CD,DOM,_T,_T,_T,_Z,_Z,_Z,2018,A,USD,
6303.918867,P1Y,0,,A,PU,_Z,2,,,False,WB_WDI,WB_WDI_NY_GDP_PCAP_CD,ECU,_T,_T,_T,_Z,_Z,_Z,2018,A,USD,
2484.703156,P1Y,0,,A,PU,_Z,2,,,False,WB_WDI,WB_WDI_NY_GDP_PCAP_CD,EGY,_T,_T,_T,_Z,_Z,_Z,2018,A,USD,
4183.54621,P1Y,0,,A,PU,_Z,2,,,False,WB_WDI,WB_WDI_NY_GDP_PCAP_CD,SLV,_T,_T,_T,_Z,_Z,_Z,2018,A,USD,
9367.686153,P1Y,0,,A,PU,_Z,2,,,False,WB_WDI,WB_WDI_NY_GDP_PCAP_CD,PLW,_T,_T,_T,_Z,_Z,_Z,2005,A,USD,
5017.741092,P1Y,0,,A,PU,_Z,2,,,False,WB_WDI,WB_WDI_NY_GDP_PCAP_CD,PAN,_T,_T,_T,_Z,_Z,_Z,2005,A,USD,
744.48649,P1Y,0,,A,PU,_Z,2,,,False,WB_WDI,WB_WDI_NY_GDP_PCAP_CD,PNG,_T,_T,_T,_Z,_Z,_Z,2005,A,USD,
1970.871699,P1Y,0,,A,PU,_Z,2,,,False,WB_WDI,WB_WDI_NY_GDP_PCAP_CD,PRY,_T,_T,_T,_Z,_Z,_Z,2005,A,USD,
2706.669473,P1Y,0,,A,PU,_Z,2,,,False,WB_WDI,WB_WDI_NY_GDP_PCAP_CD,PER,_T,_T,_T,_Z,_Z,_Z,2005,A,USD,
1220.460186,P1Y,0,,A,PU,_Z,2,,,False,WB_WDI,WB_WDI_NY_GDP_PCAP_CD,PHL,_T,_T,_T,_Z,_Z,_Z,2005,A,USD,
8043.923323,P1Y,0,,A,PU,_Z,2,,,False,WB_WDI,WB_WDI_NY_GDP_PCAP_CD,POL,_T,_T,_T,_Z,_Z,_Z,2005,A,USD,
18780.127512,P1Y,0,,A,PU,_Z,2,,,False,WB_WDI,WB_WDI_NY_GDP_PCAP_CD,PRT,_T,_T,_T,_Z,_Z,_Z,2005,A,USD,
21959.322697,P1Y,0,,A,PU,_Z,2,,,False,WB_WDI,WB_WDI_NY_GDP_PCAP_CD,PRI,_T,_T,_T,_Z,_Z,_Z,2005,A,USD,
53949.676409,P1Y,0,,A,PU,_Z,2,,,False,WB_WDI,WB_WDI_NY_GDP_PCAP_CD,QAT,_T,_T,_T,_Z,_Z,_Z,2005,A,USD,
4618.003508,P1Y,0,,A,PU,_Z,2,,,False,WB_WDI,WB_WDI_NY_GDP_PCAP_CD,ROU,_T,_T,_T,_Z,_Z,_Z,2005,A,USD,
5323.455078,P1Y,0,,A,PU,_Z,2,,,False,WB_WDI,WB_WDI_NY_GDP_PCAP_CD,RUS,_T,_T,_T,_Z,_Z,_Z,2005,A,USD,
737.612184,P1Y,0,,A,PU,_Z,2,,,False,WB_WDI,WB_WDI_NY_GDP_PCAP_CD,DJI,_T,_T,_T,_Z,_Z,_Z,2000,A,USD,
4867.398963,P1Y,0,,A,PU,_Z,2,,,False,WB_WDI,WB_WDI_NY_GDP_PCAP_CD,DMA,_T,_T,_T,_Z,_Z,_Z,2000,A,USD,
2831.458836,P1Y,0,,A,PU,_Z,2,,,False,WB_WDI,WB_WDI_NY_GDP_PCAP_CD,DOM,_T,_T,_T,_Z,_Z,_Z,2000,A,USD,
1382.234218,P1Y,0,,A,PU,_Z,2,,,False,WB_WDI,WB_WDI_NY_GDP_PCAP_CD,ECU,_T,_T,_T,_Z,_Z,_Z,2000,A,USD,
1366.092744,P1Y,0,,A,PU,_Z,2,,,False,WB_WDI,WB_WDI_NY_GDP_PCAP_CD,EGY,_T,_T,_T,_Z,_Z,_Z,2000,A,USD,
1982.870935,P1Y,0,,A,PU,_Z,2,,,False,WB_WDI,WB_WDI_NY_GDP_PCAP_CD,SLV,_T,_T,_T,_Z,_Z,_Z,2000,A,USD,
1487.316551,P1Y,0,,A,PU,_Z,2,,,False,WB_WDI,WB_WDI_NY_GDP_PCAP_CD,GNQ,_T,_T,_T,_Z,_Z,_Z,2000,A,USD,
314.357397,P1Y,0,,A,PU,_Z,2,,,False,WB_WDI,WB_WDI_NY_GDP_PCAP_CD,ERI,_T,_T,_T,_Z,_Z,_Z,2000,A,USD,
4070.609024,P1Y,0,,A,PU,_Z,2,,,False,WB_WDI,WB_WDI_NY_GDP_PCAP_CD,EST,_T,_T,_T,_Z,_Z,_Z,2000,A,USD,
1629.670388,P1Y,0,,A,PU,_Z,2,,,False,WB_WDI,WB_WDI_NY_GDP_PCAP_CD,SWZ,_T,_T,_T,_Z,_Z,_Z,2000,A,USD,
122.269203,P1Y,0,,A,PU,_Z,2,,,False,WB_WDI,WB_WDI_NY_GDP_PCAP_CD,ETH,_T,_T,_T,_Z,_Z,_Z,2000,A,USD,
23322.759336,P1Y,0,,A,PU,_Z,2,,,False,WB_WDI,WB_WDI_NY_GDP_PCAP_CD,FRO,_T,_T,_T,_Z,_Z,_Z,2000,A,USD,
10920.191764,P1Y,0,,A,PU,_Z,2,,,False,WB_WDI,WB_WDI_NY_GDP_PCAP_CD,MYS,_T,_T,_T,_Z,_Z,_Z,2019,A,USD,
11740.272403,P1Y,0,,A,PU,_Z,2,,,False,WB_WDI,WB_WDI_NY_GDP_PCAP_CD,MDV,_T,_T,_T,_Z,_Z,_Z,2019,A,USD,
971.949319,P1Y,0,,A,PU,_Z,2,,,False,WB_WDI,WB_WDI_NY_GDP_PCAP_CD,MLI,_T,_T,_T,_Z,_Z,_Z,2019,A,USD,
32421.908747,P1Y,0,,A,PU,_Z,2,,,False,WB_WDI,WB_WDI_NY_GDP_PCAP_CD,MLT,_T,_T,_T,_Z,_Z,_Z,2019,A,USD,
5292.339855,P1Y,0,,A,PU,_Z,2,,,False,WB_WDI,WB_WDI_NY_GDP_PCAP_CD,MHL,_T,_T,_T,_Z,_Z,_Z,2019,A,USD,
1767.072711,P1Y,0,,A,PU,_Z,2,,,False,WB_WDI,WB_WDI_NY_GDP_PCAP_CD,MRT,_T,_T,_T,_Z,_Z,_Z,2019,A,USD,
11568.25334,P1Y,0,,A,PU,_Z,2,,,False,WB_WDI,WB_WDI_NY_GDP_PCAP_CD,MUS,_T,_T,_T,_Z,_Z,_Z,2019,A,USD,
10369.555359,P1Y,0,,A,PU,_Z,2,,,False,WB_WDI,WB_WDI_NY_GDP_PCAP_CD,MEX,_T,_T,_T,_Z,_Z,_Z,2019,A,USD,
3581.726846,P1Y,0,,A,PU,_Z,2,,,False,WB_WDI,WB_WDI_NY_GDP_PCAP_CD,FSM,_T,_T,_T,_Z,_Z,_Z,2019,A,USD,
4405.334182,P1Y,0,,A,PU,_Z,2,,,False,WB_WDI,WB_WDI_NY_GDP_PCAP_CD,MDA,_T,_T,_T,_Z,_Z,_Z,2019,A,USD,
193746.729891,P1Y,0,,A,PU,_Z,2,,,False,WB_WDI,WB_WDI_NY_GDP_PCAP_CD,MCO,_T,_T,_T,_Z,_Z,_Z,2019,A,USD,
4465.321946,P1Y,0,,A,PU,_Z,2,,,False,WB_WDI,WB_WDI_NY_GDP_PCAP_CD,MYS,_T,_T,_T,_Z,_Z,_Z,2003,A,USD,
3548.576701,P1Y,0,,A,PU,_Z,2,,,False,WB_WDI,WB_WDI_NY_GDP_PCAP_CD,MDV,_T,_T,_T,_Z,_Z,_Z,2003,A,USD,
441.910358,P1Y,0,,A,PU,_Z,2,,,False,WB_WDI,WB_WDI_NY_GDP_PCAP_CD,MLI,_T,_T,_T,_Z,_Z,_Z,2003,A,USD,
13593.978718,P1Y,0,,A,PU,_Z,2,,,False,WB_WDI,WB_WDI_NY_GDP_PCAP_CD,MLT,_T,_T,_T,_Z,_Z,_Z,2003,A,USD,
2539.330738,P1Y,0,,A,PU,_Z,2,,,False,WB_WDI,WB_WDI_NY_GDP_PCAP_CD,MHL,_T,_T,_T,_Z,_Z,_Z,2003,A,USD,
732.017821,P1Y,0,,A,PU,_Z,2,,,False,WB_WDI,WB_WDI_NY_GDP_PCAP_CD,MRT,_T,_T,_T,_Z,_Z,_Z,2003,A,USD,
4858.265755,P1Y,0,,A,PU,_Z,2,,,False,WB_WDI,WB_WDI_NY_GDP_PCAP_CD,MUS,_T,_T,_T,_Z,_Z,_Z,2003,A,USD,
7434.07465,P1Y,0,,A,PU,_Z,2,,,False,WB_WDI,WB_WDI_NY_GDP_PCAP_CD,MEX,_T,_T,_T,_Z,_Z,_Z,2003,A,USD,
2145.8779,P1Y,0,,A,PU,_Z,2,,,False,WB_WDI,WB_WDI_NY_GDP_PCAP_CD,FSM,_T,_T,_T,_Z,_Z,_Z,2003,A,USD,
682.319096,P1Y,0,,A,PU,_Z,2,,,False,WB_WDI,WB_WDI_NY_GDP_PCAP_CD,MDA,_T,_T,_T,_Z,_Z,_Z,2003,A,USD,
111110.460464,P1Y,0,,A,PU,_Z,2,,,False,WB_WDI,WB_WDI_NY_GDP_PCAP_CD,MCO,_T,_T,_T,_Z,_Z,_Z,2003,A,USD,
643.168069,P1Y,0,,A,PU,_Z,2,,,False,WB_WDI,WB_WDI_NY_GDP_PCAP_CD,MNG,_T,_T,_T,_Z,_Z,_Z,2003,A,USD,
2789.954351,P1Y,0,,A,PU,_Z,2,,,False,WB_WDI,WB_WDI_NY_GDP_PCAP_CD,MNE,_T,_T,_T,_Z,_Z,_Z,2003,A,USD,
1941.872559,P1Y,0,,A,PU,_Z,2,,,False,WB_WDI,WB_WDI_NY_GDP_PCAP_CD,MAR,_T,_T,_T,_Z,_Z,_Z,2003,A,USD,
926.943266,P1Y,0,,A,PU,_Z,2,,,False,WB_WDI,WB_WDI_NY_GDP_PCAP_CD,SSF,_T,_T,_T,_Z,_Z,_Z,2004,A,USD,
925.860783,P1Y,0,,A,PU,_Z,2,,,False,WB_WDI,WB_WDI_NY_GDP_PCAP_CD,SSA,_T,_T,_T,_Z,_Z,_Z,2004,A,USD,
926.943266,P1Y,0,,A,PU,_Z,2,,,False,WB_WDI,WB_WDI_NY_GDP_PCAP_CD,TSS,_T,_T,_T,_Z,_Z,_Z,2004,A,USD,
2258.660663,P1Y,0,,A,PU,_Z,2,,,False,WB_WDI,WB_WDI_NY_GDP_PCAP_CD,UMC,_T,_T,_T,_Z,_Z,_Z,2004,A,USD,
6818.003753,P1Y,0,,A,PU,_Z,2,,,False,WB_WDI,WB_WDI_NY_GDP_PCAP_CD,WLD,_T,_T,_T,_Z,_Z,_Z,2004,A,USD,
221.763654,P1Y,0,,A,PU,_Z,2,,,False,WB_WDI,WB_WDI_NY_GDP_PCAP_CD,AFG,_T,_T,_T,_Z,_Z,_Z,2004,A,USD,
2446.909499,P1Y,0,,A,PU,_Z,2,,,False,WB_WDI,WB_WDI_NY_GDP_PCAP_CD,ALB,_T,_T,_T,_Z,_Z,_Z,2004,A,USD,
2816.99385,P1Y,0,,A,PU,_Z,2,,,False,WB_WDI,WB_WDI_NY_GDP_PCAP_CD,DZA,_T,_T,_T,_Z,_Z,_Z,2004,A,USD,
8958.428667,P1Y,0,,A,PU,_Z,2,,,False,WB_WDI,WB_WDI_NY_GDP_PCAP_CD,ASM,_T,_T,_T,_Z,_Z,_Z,2004,A,USD,
39021.127808,P1Y,0,,A,PU,_Z,2,,,False,WB_WDI,WB_WDI_NY_GDP_PCAP_CD,AND,_T,_T,_T,_Z,_Z,_Z,2004,A,USD,
1451.471179,P1Y,0,,A,PU,_Z,2,,,False,WB_WDI,WB_WDI_NY_GDP_PCAP_CD,AGO,_T,_T,_T,_Z,_Z,_Z,2004,A,USD,
13037.889577,P1Y,0,,A,PU,_Z,2,,,False,WB_WDI,WB_WDI_NY_GDP_PCAP_CD,ATG,_T,_T,_T,_Z,_Z,_Z,2004,A,USD,
4242.020991,P1Y,0,,A,PU,_Z,2,,,False,WB_WDI,WB_WDI_NY_GDP_PCAP_CD,ARG,_T,_T,_T,_Z,_Z,_Z,2004,A,USD,
1130.087914,P1Y,0,,A,PU,_Z,2,,,False,WB_WDI,WB_WDI_NY_GDP_PCAP_CD,ARM,_T,_T,_T,_Z,_Z,_Z,2004,A,USD,
23700.63199,P1Y,0,,A,PU,_Z,2,,,False,WB_WDI,WB_WDI_NY_GDP_PCAP_CD,ABW,_T,_T,_T,_Z,_Z,_Z,2004,A,USD,
40519.097491,P1Y,0,,A,PU,_Z,2,,,False,WB_WDI,WB_WDI_NY_GDP_PCAP_CD,DNK,_T,_T,_T,_Z,_Z,_Z,2003,A,USD,
764.634465,P1Y,0,,A,PU,_Z,2,,,False,WB_WDI,WB_WDI_NY_GDP_PCAP_CD,DJI,_T,_T,_T,_Z,_Z,_Z,2003,A,USD,
5447.440115,P1Y,0,,A,PU,_Z,2,,,False,WB_WDI,WB_WDI_NY_GDP_PCAP_CD,DMA,_T,_T,_T,_Z,_Z,_Z,2003,A,USD,
2383.261718,P1Y,0,,A,PU,_Z,2,,,False,WB_WDI,WB_WDI_NY_GDP_PCAP_CD,DOM,_T,_T,_T,_Z,_Z,_Z,2003,A,USD,
2315.622152,P1Y,0,,A,PU,_Z,2,,,False,WB_WDI,WB_WDI_NY_GDP_PCAP_CD,ECU,_T,_T,_T,_Z,_Z,_Z,2003,A,USD,
1031.275563,P1Y,0,,A,PU,_Z,2,,,False,WB_WDI,WB_WDI_NY_GDP_PCAP_CD,EGY,_T,_T,_T,_Z,_Z,_Z,2003,A,USD,
2207.830895,P1Y,0,,A,PU,_Z,2,,,False,WB_WDI,WB_WDI_NY_GDP_PCAP_CD,SLV,_T,_T,_T,_Z,_Z,_Z,2003,A,USD,
2930.601837,P1Y,0,,A,PU,_Z,2,,,False,WB_WDI,WB_WDI_NY_GDP_PCAP_CD,GNQ,_T,_T,_T,_Z,_Z,_Z,2003,A,USD,
348.950327,P1Y,0,,A,PU,_Z,2,,,False,WB_WDI,WB_WDI_NY_GDP_PCAP_CD,ERI,_T,_T,_T,_Z,_Z,_Z,2003,A,USD,
7205.407033,P1Y,0,,A,PU,_Z,2,,,False,WB_WDI,WB_WDI_NY_GDP_PCAP_CD,EST,_T,_T,_T,_Z,_Z,_Z,2003,A,USD,
2015.217431,P1Y,0,,A,PU,_Z,2,,,False,WB_WDI,WB_WDI_NY_GDP_PCAP_CD,SWZ,_T,_T,_T,_Z,_Z,_Z,2003,A,USD,
116.800491,P1Y,0,,A,PU,_Z,2,,,False,WB_WDI,WB_WDI_NY_GDP_PCAP_CD,ETH,_T,_T,_T,_Z,_Z,_Z,2003,A,USD,
953.171901,P1Y,0,,A,PU,_Z,2,,,False,WB_WDI,WB_WDI_NY_GDP_PCAP_CD,SLB,_T,_T,_T,_Z,_Z,_Z,2000,A,USD,
386.119274,P1Y,0,,A,PU,_Z,2,,,False,WB_WDI,WB_WDI_NY_GDP_PCAP_CD,SOM,_T,_T,_T,_Z,_Z,_Z,2000,A,USD,
3217.846934,P1Y,0,,A,PU,_Z,2,,,False,WB_WDI,WB_WDI_NY_GDP_PCAP_CD,ZAF,_T,_T,_T,_Z,_Z,_Z,2000,A,USD,
14743.267103,P1Y,0,,A,PU,_Z,2,,,False,WB_WDI,WB_WDI_NY_GDP_PCAP_CD,ESP,_T,_T,_T,_Z,_Z,_Z,2000,A,USD,
860.199884,P1Y,0,,A,PU,_Z,2,,,False,WB_WDI,WB_WDI_NY_GDP_PCAP_CD,LKA,_T,_T,_T,_Z,_Z,_Z,2000,A,USD,
9319.655451,P1Y,0,,A,PU,_Z,2,,,False,WB_WDI,WB_WDI_NY_GDP_PCAP_CD,KNA,_T,_T,_T,_Z,_Z,_Z,2000,A,USD,
5879.561914,P1Y,0,,A,PU,_Z,2,,,False,WB_WDI,WB_WDI_NY_GDP_PCAP_CD,LCA,_T,_T,_T,_Z,_Z,_Z,2000,A,USD,
3768.955366,P1Y,0,,A,PU,_Z,2,,,False,WB_WDI,WB_WDI_NY_GDP_PCAP_CD,VCT,_T,_T,_T,_Z,_Z,_Z,2000,A,USD,
362.116882,P1Y,0,,A,PU,_Z,2,,,False,WB_WDI,WB_WDI_NY_GDP_PCAP_CD,SDN,_T,_T,_T,_Z,_Z,_Z,2000,A,USD,
1988.221729,P1Y,0,,A,PU,_Z,2,,,False,WB_WDI,WB_WDI_NY_GDP_PCAP_CD,SUR,_T,_T,_T,_Z,_Z,_Z,2000,A,USD,
29632.589081,P1Y,0,,A,PU,_Z,2,,,False,WB_WDI,WB_WDI_NY_GDP_PCAP_CD,SWE,_T,_T,_T,_Z,_Z,_Z,2000,A,USD,
39298.096804,P1Y,0,,A,PU,_Z,2,,,False,WB_WDI,WB_WDI_NY_GDP_PCAP_CD,CHE,_T,_T,_T,_Z,_Z,_Z,2000,A,USD,
30768.477547,P1Y,0,,A,PU,_Z,2,,,False,WB_WDI,WB_WDI_NY_GDP_PCAP_CD,DNK,_T,_T,_T,_Z,_Z,_Z,2001,A,USD,
742.133791,P1Y,0,,A,PU,_Z,2,,,False,WB_WDI,WB_WDI_NY_GDP_PCAP_CD,DJI,_T,_T,_T,_Z,_Z,_Z,2001,A,USD,
5527.515273,P1Y,0,,A,PU,_Z,2,,,False,WB_WDI,WB_WDI_NY_GDP_PCAP_CD,DMA,_T,_T,_T,_Z,_Z,_Z,2001,A,USD,
2935.893673,P1Y,0,,A,PU,_Z,2,,,False,WB_WDI,WB_WDI_NY_GDP_PCAP_CD,DOM,_T,_T,_T,_Z,_Z,_Z,2001,A,USD,
1791.303597,P1Y,0,,A,PU,_Z,2,,,False,WB_WDI,WB_WDI_NY_GDP_PCAP_CD,ECU,_T,_T,_T,_Z,_Z,_Z,2001,A,USD,
1295.137418,P1Y,0,,A,PU,_Z,2,,,False,WB_WDI,WB_WDI_NY_GDP_PCAP_CD,EGY,_T,_T,_T,_Z,_Z,_Z,2001,A,USD,
2058.044591,P1Y,0,,A,PU,_Z,2,,,False,WB_WDI,WB_WDI_NY_GDP_PCAP_CD,SLV,_T,_T,_T,_Z,_Z,_Z,2001,A,USD,
1948.611459,P1Y,0,,A,PU,_Z,2,,,False,WB_WDI,WB_WDI_NY_GDP_PCAP_CD,GNQ,_T,_T,_T,_Z,_Z,_Z,2001,A,USD,
325.409162,P1Y,0,,A,PU,_Z,2,,,False,WB_WDI,WB_WDI_NY_GDP_PCAP_CD,ERI,_T,_T,_T,_Z,_Z,_Z,2001,A,USD,
4502.66615,P1Y,0,,A,PU,_Z,2,,,False,WB_WDI,WB_WDI_NY_GDP_PCAP_CD,EST,_T,_T,_T,_Z,_Z,_Z,2001,A,USD,
1429.856304,P1Y,0,,A,PU,_Z,2,,,False,WB_WDI,WB_WDI_NY_GDP_PCAP_CD,SWZ,_T,_T,_T,_Z,_Z,_Z,2001,A,USD,
118.457204,P1Y,0,,A,PU,_Z,2,,,False,WB_WDI,WB_WDI_NY_GDP_PCAP_CD,ETH,_T,_T,_T,_Z,_Z,_Z,2001,A,USD,
2251.144601,P1Y,0,,A,PU,_Z,2,,,False,WB_WDI,WB_WDI_NY_GDP_PCAP_CD,LMC,_T,_T,_T,_Z,_Z,_Z,2021,A,USD,
5622.191342,P1Y,0,,A,PU,_Z,2,,,False,WB_WDI,WB_WDI_NY_GDP_PCAP_CD,MEA,_T,_T,_T,_Z,_Z,_Z,2021,A,USD,
2760.500312,P1Y,0,,A,PU,_Z,2,,,False,WB_WDI,WB_WDI_NY_GDP_PCAP_CD,MNA,_T,_T,_T,_Z,_Z,_Z,2021,A,USD,
2754.039244,P1Y,0,,A,PU,_Z,2,,,False,WB_WDI,WB_WDI_NY_GDP_PCAP_CD,TMN,_T,_T,_T,_Z,_Z,_Z,2021,A,USD,
5980.000504,P1Y,0,,A,PU,_Z,2,,,False,WB_WDI,WB_WDI_NY_GDP_PCAP_CD,MIC,_T,_T,_T,_Z,_Z,_Z,2021,A,USD,
69532.904193,P1Y,0,,A,PU,_Z,2,,,False,WB_WDI,WB_WDI_NY_GDP_PCAP_CD,NAC,_T,_T,_T,_Z,_Z,_Z,2021,A,USD,
43495.504995,P1Y,0,,A,PU,_Z,2,,,False,WB_WDI,WB_WDI_NY_GDP_PCAP_CD,OED,_T,_T,_T,_Z,_Z,_Z,2021,A,USD,
13718.36325,P1Y,0,,A,PU,_Z,2,,,False,WB_WDI,WB_WDI_NY_GDP_PCAP_CD,OSS,_T,_T,_T,_Z,_Z,_Z,2021,A,USD,
3646.988628,P1Y,0,,A,PU,_Z,2,,,False,WB_WDI,WB_WDI_NY_GDP_PCAP_CD,PSS,_T,_T,_T,_Z,_Z,_Z,2021,A,USD,
50433.551932,P1Y,0,,A,PU,_Z,2,,,False,WB_WDI,WB_WDI_NY_GDP_PCAP_CD,PST,_T,_T,_T,_Z,_Z,_Z,2021,A,USD,
1594.398049,P1Y,0,,A,PU,_Z,2,,,False,WB_WDI,WB_WDI_NY_GDP_PCAP_CD,PRE,_T,_T,_T,_Z,_Z,_Z,2021,A,USD,
12435.861283,P1Y,0,,A,PU,_Z,2,,,False,WB_WDI,WB_WDI_NY_GDP_PCAP_CD,SST,_T,_T,_T,_Z,_Z,_Z,2021,A,USD,
2273.720558,P1Y,0,,A,PU,_Z,2,,,False,WB_WDI,WB_WDI_NY_GDP_PCAP_CD,SAS,_T,_T,_T,_Z,_Z,_Z,2021,A,USD,
1846.246811,P1Y,0,,A,PU,_Z,2,,,False,WB_WDI,WB_WDI_NY_GDP_PCAP_CD,AFW,_T,_T,_T,_Z,_Z,_Z,2023,A,USD,
7504.356377,P1Y,0,,A,PU,_Z,2,,,False,WB_WDI,WB_WDI_NY_GDP_PCAP_CD,ARB,_T,_T,_T,_Z,_Z,_Z,2023,A,USD,
17609.682707,P1Y,0,,A,PU,_Z,2,,,False,WB_WDI,WB_WDI_NY_GDP_PCAP_CD,CSS,_T,_T,_T,_Z,_Z,_Z,2023,A,USD,
22693.950447,P1Y,0,,A,PU,_Z,2,,,False,WB_WDI,WB_WDI_NY_GDP_PCAP_CD,CEB,_T,_T,_T,_Z,_Z,_Z,2023,A,USD,
4212.169248,P1Y,0,,A,PU,_Z,2,,,False,WB_WDI,WB_WDI_NY_GDP_PCAP_CD,EAR,_T,_T,_T,_Z,_Z,_Z,2023,A,USD,
13251.51198,P1Y,0,,A,PU,_Z,2,,,False,WB_WDI,WB_WDI_NY_GDP_PCAP_CD,EAS,_T,_T,_T,_Z,_Z,_Z,2023,A,USD,
10126.430412,P1Y,0,,A,PU,_Z,2,,,False,WB_WDI,WB_WDI_NY_GDP_PCAP_CD,EAP,_T,_T,_T,_Z,_Z,_Z,2023,A,USD,
10240.347468,P1Y,0,,A,PU,_Z,2,,,False,WB_WDI,WB_WDI_NY_GDP_PCAP_CD,TEA,_T,_T,_T,_Z,_Z,_Z,2023,A,USD,
44797.644528,P1Y,0,,A,PU,_Z,2,,,False,WB_WDI,WB_WDI_NY_GDP_PCAP_CD,EMU,_T,_T,_T,_Z,_Z,_Z,2023,A,USD,
30015.76409,P1Y,0,,A,PU,_Z,2,,,False,WB_WDI,WB_WDI_NY_GDP_PCAP_CD,ECS,_T,_T,_T,_Z,_Z,_Z,2023,A,USD,
8609.122963,P1Y,0,,A,PU,_Z,2,,,False,WB_WDI,WB_WDI_NY_GDP_PCAP_CD,ECA,_T,_T,_T,_Z,_Z,_Z,2023,A,USD,
12070.594297,P1Y,0,,A,PU,_Z,2,,,False,WB_WDI,WB_WDI_NY_GDP_PCAP_CD,TEC,_T,_T,_T,_Z,_Z,_Z,2023,A,USD,
41566.899241,P1Y,0,,A,PU,_Z,2,,,False,WB_WDI,WB_WDI_NY_GDP_PCAP_CD,EUU,_T,_T,_T,_Z,_Z,_Z,2023,A,USD,
1157.852005,P1Y,0,,A,PU,_Z,2,,,False,WB_WDI,WB_WDI_NY_GDP_PCAP_CD,HPC,_T,_T,_T,_Z,_Z,_Z,2023,A,USD,
49141.540074,P1Y,0,,A,PU,_Z,2,,,False,WB_WDI,WB_WDI_NY_GDP_PCAP_CD,HIC,_T,_T,_T,_Z,_Z,_Z,2023,A,USD,
7892.133592,P1Y,0,,A,PU,_Z,2,,,False,WB_WDI,WB_WDI_NY_GDP_PCAP_CD,IBD,_T,_T,_T,_Z,_Z,_Z,2023,A,USD,
6533.71121,P1Y,0,,A,PU,_Z,2,,,False,WB_WDI,WB_WDI_NY_GDP_PCAP_CD,ZAF,_T,_T,_T,_Z,_Z,_Z,2019,A,USD,
29786.524569,P1Y,0,,A,PU,_Z,2,,,False,WB_WDI,WB_WDI_NY_GDP_PCAP_CD,ESP,_T,_T,_T,_Z,_Z,_Z,2019,A,USD,
4081.947722,P1Y,0,,A,PU,_Z,2,,,False,WB_WDI,WB_WDI_NY_GDP_PCAP_CD,LKA,_T,_T,_T,_Z,_Z,_Z,2019,A,USD,
23595.492323,P1Y,0,,A,PU,_Z,2,,,False,WB_WDI,WB_WDI_NY_GDP_PCAP_CD,KNA,_T,_T,_T,_Z,_Z,_Z,2019,A,USD,
11764.394403,P1Y,0,,A,PU,_Z,2,,,False,WB_WDI,WB_WDI_NY_GDP_PCAP_CD,LCA,_T,_T,_T,_Z,_Z,_Z,2019,A,USD,
19033.064963,P1Y,0,,A,PU,_Z,2,,,False,WB_WDI,WB_WDI_NY_GDP_PCAP_CD,MAF,_T,_T,_T,_Z,_Z,_Z,2019,A,USD,
8740.594252,P1Y,0,,A,PU,_Z,2,,,False,WB_WDI,WB_WDI_NY_GDP_PCAP_CD,VCT,_T,_T,_T,_Z,_Z,_Z,2019,A,USD,
709.975281,P1Y,0,,A,PU,_Z,2,,,False,WB_WDI,WB_WDI_NY_GDP_PCAP_CD,SDN,_T,_T,_T,_Z,_Z,_Z,2019,A,USD,
6629.667752,P1Y,0,,A,PU,_Z,2,,,False,WB_WDI,WB_WDI_NY_GDP_PCAP_CD,SUR,_T,_T,_T,_Z,_Z,_Z,2019,A,USD,
51648.989282,P1Y,0,,A,PU,_Z,2,,,False,WB_WDI,WB_WDI_NY_GDP_PCAP_CD,SWE,_T,_T,_T,_Z,_Z,_Z,2019,A,USD,
85872.97023,P1Y,0,,A,PU,_Z,2,,,False,WB_WDI,WB_WDI_NY_GDP_PCAP_CD,CHE,_T,_T,_T,_Z,_Z,_Z,2019,A,USD,
1109.539338,P1Y,0,,A,PU,_Z,2,,,False,WB_WDI,WB_WDI_NY_GDP_PCAP_CD,SYR,_T,_T,_T,_Z,_Z,_Z,2019,A,USD,
246.513252,P1Y,0,,A,PU,_Z,2,,,False,WB_WDI,WB_WDI_NY_GDP_PCAP_CD,SOM,_T,_T,_T,_Z,_Z,_Z,2009,A,USD,
6374.7056,P1Y,0,,A,PU,_Z,2,,,False,WB_WDI,WB_WDI_NY_GDP_PCAP_CD,ZAF,_T,_T,_T,_Z,_Z,_Z,2009,A,USD,
1323.220687,P1Y,0,,A,PU,_Z,2,,,False,WB_WDI,WB_WDI_NY_GDP_PCAP_CD,SSD,_T,_T,_T,_Z,_Z,_Z,2009,A,USD,
32279.820848,P1Y,0,,A,PU,_Z,2,,,False,WB_WDI,WB_WDI_NY_GDP_PCAP_CD,ESP,_T,_T,_T,_Z,_Z,_Z,2009,A,USD,
2026.6594,P1Y,0,,A,PU,_Z,2,,,False,WB_WDI,WB_WDI_NY_GDP_PCAP_CD,LKA,_T,_T,_T,_Z,_Z,_Z,2009,A,USD,
16503.411929,P1Y,0,,A,PU,_Z,2,,,False,WB_WDI,WB_WDI_NY_GDP_PCAP_CD,KNA,_T,_T,_T,_Z,_Z,_Z,2009,A,USD,
8250.521807,P1Y,0,,A,PU,_Z,2,,,False,WB_WDI,WB_WDI_NY_GDP_PCAP_CD,LCA,_T,_T,_T,_Z,_Z,_Z,2009,A,USD,
6463.787773,P1Y,0,,A,PU,_Z,2,,,False,WB_WDI,WB_WDI_NY_GDP_PCAP_CD,VCT,_T,_T,_T,_Z,_Z,_Z,2009,A,USD,
1178.221802,P1Y,0,,A,PU,_Z,2,,,False,WB_WDI,WB_WDI_NY_GDP_PCAP_CD,SDN,_T,_T,_T,_Z,_Z,_Z,2009,A,USD,
7129.576863,P1Y,0,,A,PU,_Z,2,,,False,WB_WDI,WB_WDI_NY_GDP_PCAP_CD,SUR,_T,_T,_T,_Z,_Z,_Z,2009,A,USD,
46707.642504,P1Y,0,,A,PU,_Z,2,,,False,WB_WDI,WB_WDI_NY_GDP_PCAP_CD,SWE,_T,_T,_T,_Z,_Z,_Z,2009,A,USD,
72788.204952,P1Y,0,,A,PU,_Z,2,,,False,WB_WDI,WB_WDI_NY_GDP_PCAP_CD,CHE,_T,_T,_T,_Z,_Z,_Z,2009,A,USD,
3206.071237,P1Y,0,,A,PU,_Z,2,,,False,WB_WDI,WB_WDI_NY_GDP_PCAP_CD,BWA,_T,_T,_T,_Z,_Z,_Z,2001,A,USD,
3176.289357,P1Y,0,,A,PU,_Z,2,,,False,WB_WDI,WB_WDI_NY_GDP_PCAP_CD,BRA,_T,_T,_T,_Z,_Z,_Z,2001,A,USD,
18287.827228,P1Y,0,,A,PU,_Z,2,,,False,WB_WDI,WB_WDI_NY_GDP_PCAP_CD,BRN,_T,_T,_T,_Z,_Z,_Z,2001,A,USD,
1770.997482,P1Y,0,,A,PU,_Z,2,,,False,WB_WDI,WB_WDI_NY_GDP_PCAP_CD,BGR,_T,_T,_T,_Z,_Z,_Z,2001,A,USD,
259.485223,P1Y,0,,A,PU,_Z,2,,,False,WB_WDI,WB_WDI_NY_GDP_PCAP_CD,BFA,_T,_T,_T,_Z,_Z,_Z,2001,A,USD,
132.159555,P1Y,0,,A,PU,_Z,2,,,False,WB_WDI,WB_WDI_NY_GDP_PCAP_CD,BDI,_T,_T,_T,_Z,_Z,_Z,2001,A,USD,
1223.330553,P1Y,0,,A,PU,_Z,2,,,False,WB_WDI,WB_WDI_NY_GDP_PCAP_CD,CPV,_T,_T,_T,_Z,_Z,_Z,2001,A,USD,
327.500984,P1Y,0,,A,PU,_Z,2,,,False,WB_WDI,WB_WDI_NY_GDP_PCAP_CD,KHM,_T,_T,_T,_Z,_Z,_Z,2001,A,USD,
715.470296,P1Y,0,,A,PU,_Z,2,,,False,WB_WDI,WB_WDI_NY_GDP_PCAP_CD,CMR,_T,_T,_T,_Z,_Z,_Z,2001,A,USD,
23822.096211,P1Y,0,,A,PU,_Z,2,,,False,WB_WDI,WB_WDI_NY_GDP_PCAP_CD,CAN,_T,_T,_T,_Z,_Z,_Z,2001,A,USD,
237.951703,P1Y,0,,A,PU,_Z,2,,,False,WB_WDI,WB_WDI_NY_GDP_PCAP_CD,CAF,_T,_T,_T,_Z,_Z,_Z,2001,A,USD,
6126.388091,P1Y,0,,A,PU,_Z,2,,,False,WB_WDI,WB_WDI_NY_GDP_PCAP_CD,IBT,_T,_T,_T,_Z,_Z,_Z,2023,A,USD,
1922.681957,P1Y,0,,A,PU,_Z,2,,,False,WB_WDI,WB_WDI_NY_GDP_PCAP_CD,IDB,_T,_T,_T,_Z,_Z,_Z,2023,A,USD,
1330.080057,P1Y,0,,A,PU,_Z,2,,,False,WB_WDI,WB_WDI_NY_GDP_PCAP_CD,IDX,_T,_T,_T,_Z,_Z,_Z,2023,A,USD,
1536.733589,P1Y,0,,A,PU,_Z,2,,,False,WB_WDI,WB_WDI_NY_GDP_PCAP_CD,IDA,_T,_T,_T,_Z,_Z,_Z,2023,A,USD,
12427.249714,P1Y,0,,A,PU,_Z,2,,,False,WB_WDI,WB_WDI_NY_GDP_PCAP_CD,LTE,_T,_T,_T,_Z,_Z,_Z,2023,A,USD,
10507.613878,P1Y,0,,A,PU,_Z,2,,,False,WB_WDI,WB_WDI_NY_GDP_PCAP_CD,LCN,_T,_T,_T,_Z,_Z,_Z,2023,A,USD,
9891.46328,P1Y,0,,A,PU,_Z,2,,,False,WB_WDI,WB_WDI_NY_GDP_PCAP_CD,LAC,_T,_T,_T,_Z,_Z,_Z,2023,A,USD,
10259.548721,P1Y,0,,A,PU,_Z,2,,,False,WB_WDI,WB_WDI_NY_GDP_PCAP_CD,TLA,_T,_T,_T,_Z,_Z,_Z,2023,A,USD,
1258.156903,P1Y,0,,A,PU,_Z,2,,,False,WB_WDI,WB_WDI_NY_GDP_PCAP_CD,LDC,_T,_T,_T,_Z,_Z,_Z,2023,A,USD,
5733.515845,P1Y,0,,A,PU,_Z,2,,,False,WB_WDI,WB_WDI_NY_GDP_PCAP_CD,LMY,_T,_T,_T,_Z,_Z,_Z,2023,A,USD,
765.649166,P1Y,0,,A,PU,_Z,2,,,False,WB_WDI,WB_WDI_NY_GDP_PCAP_CD,LIC,_T,_T,_T,_Z,_Z,_Z,2023,A,USD,
2319.954815,P1Y,0,,A,PU,_Z,2,,,False,WB_WDI,WB_WDI_NY_GDP_PCAP_CD,LMC,_T,_T,_T,_Z,_Z,_Z,2023,A,USD,
6144.703081,P1Y,0,,A,PU,_Z,2,,,False,WB_WDI,WB_WDI_NY_GDP_PCAP_CD,MEA,_T,_T,_T,_Z,_Z,_Z,2023,A,USD,
2872.390085,P1Y,0,,A,PU,_Z,2,,,False,WB_WDI,WB_WDI_NY_GDP_PCAP_CD,MNA,_T,_T,_T,_Z,_Z,_Z,2023,A,USD,
2867.144999,P1Y,0,,A,PU,_Z,2,,,False,WB_WDI,WB_WDI_NY_GDP_PCAP_CD,TMN,_T,_T,_T,_Z,_Z,_Z,2023,A,USD,
6342.846607,P1Y,0,,A,PU,_Z,2,,,False,WB_WDI,WB_WDI_NY_GDP_PCAP_CD,MIC,_T,_T,_T,_Z,_Z,_Z,2023,A,USD,
5190.16959,P1Y,0,,A,PU,_Z,2,,,False,WB_WDI,WB_WDI_NY_GDP_PCAP_CD,IRN,_T,_T,_T,_Z,_Z,_Z,2024,A,USD,
6073.610323,P1Y,0,,A,PU,_Z,2,,,False,WB_WDI,WB_WDI_NY_GDP_PCAP_CD,IRQ,_T,_T,_T,_Z,_Z,_Z,2024,A,USD,
112894.953241,P1Y,0,,A,PU,_Z,2,,,False,WB_WDI,WB_WDI_NY_GDP_PCAP_CD,IRL,_T,_T,_T,_Z,_Z,_Z,2024,A,USD,
54216.521814,P1Y,0,,A,PU,_Z,2,,,False,WB_WDI,WB_WDI_NY_GDP_PCAP_CD,ISR,_T,_T,_T,_Z,_Z,_Z,2024,A,USD,
40429.622405,P1Y,0,,A,PU,_Z,2,,,False,WB_WDI,WB_WDI_NY_GDP_PCAP_CD,ITA,_T,_T,_T,_Z,_Z,_Z,2024,A,USD,
7753.811953,P1Y,0,,A,PU,_Z,2,,,False,WB_WDI,WB_WDI_NY_GDP_PCAP_CD,JAM,_T,_T,_T,_Z,_Z,_Z,2024,A,USD,
33797.101429,P1Y,0,,A,PU,_Z,2,,,False,WB_WDI,WB_WDI_NY_GDP_PCAP_CD,JPN,_T,_T,_T,_Z,_Z,_Z,2024,A,USD,
5073.921036,P1Y,0,,A,PU,_Z,2,,,False,WB_WDI,WB_WDI_NY_GDP_PCAP_CD,JOR,_T,_T,_T,_Z,_Z,_Z,2024,A,USD,
14154.632496,P1Y,0,,A,PU,_Z,2,,,False,WB_WDI,WB_WDI_NY_GDP_PCAP_CD,KAZ,_T,_T,_T,_Z,_Z,_Z,2024,A,USD,
2133.461934,P1Y,0,,A,PU,_Z,2,,,False,WB_WDI,WB_WDI_NY_GDP_PCAP_CD,KEN,_T,_T,_T,_Z,_Z,_Z,2024,A,USD,
2550.983772,P1Y,0,,A,PU,_Z,2,,,False,WB_WDI,WB_WDI_NY_GDP_PCAP_CD,KIR,_T,_T,_T,_Z,_Z,_Z,2024,A,USD,
36238.639908,P1Y,0,,A,PU,_Z,2,,,False,WB_WDI,WB_WDI_NY_GDP_PCAP_CD,KOR,_T,_T,_T,_Z,_Z,_Z,2024,A,USD,
7026.698813,P1Y,0,,A,PU,_Z,2,,,False,WB_WDI,WB_WDI_NY_GDP_PCAP_CD,XKX,_T,_T,_T,_Z,_Z,_Z,2024,A,USD,
32855.720969,P1Y,0,,A,PU,_Z,2,,,False,WB_WDI,WB_WDI_NY_GDP_PCAP_CD,KWT,_T,_T,_T,_Z,_Z,_Z,2024,A,USD,
2514.810669,P1Y,0,,A,PU,_Z,2,,,False,WB_WDI,WB_WDI_NY_GDP_PCAP_CD,KGZ,_T,_T,_T,_Z,_Z,_Z,2024,A,USD,
967.697912,P1Y,0,,A,PU,_Z,2,,,False,WB_WDI,WB_WDI_NY_GDP_PCAP_CD,TSA,_T,_T,_T,_Z,_Z,_Z,2007,A,USD,
1391.268036,P1Y,0,,A,PU,_Z,2,,,False,WB_WDI,WB_WDI_NY_GDP_PCAP_CD,SSF,_T,_T,_T,_Z,_Z,_Z,2007,A,USD,
1390.099873,P1Y,0,,A,PU,_Z,2,,,False,WB_WDI,WB_WDI_NY_GDP_PCAP_CD,SSA,_T,_T,_T,_Z,_Z,_Z,2007,A,USD,
1391.268036,P1Y,0,,A,PU,_Z,2,,,False,WB_WDI,WB_WDI_NY_GDP_PCAP_CD,TSS,_T,_T,_T,_Z,_Z,_Z,2007,A,USD,
3790.618026,P1Y,0,,A,PU,_Z,2,,,False,WB_WDI,WB_WDI_NY_GDP_PCAP_CD,UMC,_T,_T,_T,_Z,_Z,_Z,2007,A,USD,
8685.331087,P1Y,0,,A,PU,_Z,2,,,False,WB_WDI,WB_WDI_NY_GDP_PCAP_CD,WLD,_T,_T,_T,_Z,_Z,_Z,2007,A,USD,
376.223152,P1Y,0,,A,PU,_Z,2,,,False,WB_WDI,WB_WDI_NY_GDP_PCAP_CD,AFG,_T,_T,_T,_Z,_Z,_Z,2007,A,USD,
3743.055299,P1Y,0,,A,PU,_Z,2,,,False,WB_WDI,WB_WDI_NY_GDP_PCAP_CD,ALB,_T,_T,_T,_Z,_Z,_Z,2007,A,USD,
4167.451699,P1Y,0,,A,PU,_Z,2,,,False,WB_WDI,WB_WDI_NY_GDP_PCAP_CD,DZA,_T,_T,_T,_Z,_Z,_Z,2007,A,USD,
9231.372409,P1Y,0,,A,PU,_Z,2,,,False,WB_WDI,WB_WDI_NY_GDP_PCAP_CD,ASM,_T,_T,_T,_Z,_Z,_Z,2007,A,USD,
48336.228334,P1Y,0,,A,PU,_Z,2,,,False,WB_WDI,WB_WDI_NY_GDP_PCAP_CD,AND,_T,_T,_T,_Z,_Z,_Z,2007,A,USD,
3515.05679,P1Y,0,,A,PU,_Z,2,,,False,WB_WDI,WB_WDI_NY_GDP_PCAP_CD,AGO,_T,_T,_T,_Z,_Z,_Z,2007,A,USD,
18204.512404,P1Y,0,,A,PU,_Z,2,,,False,WB_WDI,WB_WDI_NY_GDP_PCAP_CD,ATG,_T,_T,_T,_Z,_Z,_Z,2007,A,USD,
7185.251551,P1Y,0,,A,PU,_Z,2,,,False,WB_WDI,WB_WDI_NY_GDP_PCAP_CD,ARG,_T,_T,_T,_Z,_Z,_Z,2007,A,USD,
2104.542608,P1Y,0,,A,PU,_Z,2,,,False,WB_WDI,WB_WDI_NY_GDP_PCAP_CD,MRT,_T,_T,_T,_Z,_Z,_Z,2024,A,USD,
11990.935543,P1Y,0,,A,PU,_Z,2,,,False,WB_WDI,WB_WDI_NY_GDP_PCAP_CD,MUS,_T,_T,_T,_Z,_Z,_Z,2024,A,USD,
13988.042375,P1Y,0,,A,PU,_Z,2,,,False,WB_WDI,WB_WDI_NY_GDP_PCAP_CD,MEX,_T,_T,_T,_Z,_Z,_Z,2024,A,USD,
4251.690527,P1Y,0,,A,PU,_Z,2,,,False,WB_WDI,WB_WDI_NY_GDP_PCAP_CD,FSM,_T,_T,_T,_Z,_Z,_Z,2024,A,USD,
7578.902163,P1Y,0,,A,PU,_Z,2,,,False,WB_WDI,WB_WDI_NY_GDP_PCAP_CD,MDA,_T,_T,_T,_Z,_Z,_Z,2024,A,USD,
288001.574856,P1Y,0,,A,PU,_Z,2,,,True,WB_WDI,WB_WDI_NY_GDP_PCAP_CD,MCO,_T,_T,_T,_Z,_Z,_Z,2024,A,USD,
6750.630116,P1Y,0,,A,PU,_Z,2,,,False,WB_WDI,WB_WDI_NY_GDP_PCAP_CD,MNG,_T,_T,_T,_Z,_Z,_Z,2024,A,USD,
13270.18244,P1Y,0,,A,PU,_Z,2,,,False,WB_WDI,WB_WDI_NY_GDP_PCAP_CD,MNE,_T,_T,_T,_Z,_Z,_Z,2024,A,USD,
4153.194336,P1Y,0,,A,PU,_Z,2,,,False,WB_WDI,WB_WDI_NY_GDP_PCAP_CD,MAR,_T,_T,_T,_Z,_Z,_Z,2024,A,USD,
656.976149,P1Y,0,,A,PU,_Z,2,,,False,WB_WDI,WB_WDI_NY_GDP_PCAP_CD,MOZ,_T,_T,_T,_Z,_Z,_Z,2024,A,USD,
1359.050016,P1Y,0,,A,PU,_Z,2,,,False,WB_WDI,WB_WDI_NY_GDP_PCAP_CD,MMR,_T,_T,_T,_Z,_Z,_Z,2024,A,USD,
4501.848495,P1Y,0,,A,PU,_Z,2,,,False,WB_WDI,WB_WDI_NY_GDP_PCAP_CD,NAM,_T,_T,_T,_Z,_Z,_Z,2024,A,USD,
14048.163961,P1Y,0,,A,PU,_Z,2,,,False,WB_WDI,WB_WDI_NY_GDP_PCAP_CD,NRU,_T,_T,_T,_Z,_Z,_Z,2024,A,USD,
1460.28238,P1Y,0,,A,PU,_Z,2,,,False,WB_WDI,WB_WDI_NY_GDP_PCAP_CD,NPL,_T,_T,_T,_Z,_Z,_Z,2024,A,USD,
67465.320813,P1Y,0,,A,PU,_Z,2,,,False,WB_WDI,WB_WDI_NY_GDP_PCAP_CD,NLD,_T,_T,_T,_Z,_Z,_Z,2024,A,USD,
29213.192319,P1Y,0,,A,PU,_Z,2,,,True,WB_WDI,WB_WDI_NY_GDP_PCAP_CD,NCL,_T,_T,_T,_Z,_Z,_Z,2024,A,USD,
49432.36264,P1Y,0,,A,PU,_Z,2,,,False,WB_WDI,WB_WDI_NY_GDP_PCAP_CD,NZL,_T,_T,_T,_Z,_Z,_Z,2024,A,USD,
5814.714843,P1Y,0,,A,PU,_Z,2,,,False,WB_WDI,WB_WDI_NY_GDP_PCAP_CD,MEA,_T,_T,_T,_Z,_Z,_Z,2014,A,USD,
3079.703989,P1Y,0,,A,PU,_Z,2,,,False,WB_WDI,WB_WDI_NY_GDP_PCAP_CD,MNA,_T,_T,_T,_Z,_Z,_Z,2014,A,USD,
3077.871483,P1Y,0,,A,PU,_Z,2,,,False,WB_WDI,WB_WDI_NY_GDP_PCAP_CD,TMN,_T,_T,_T,_Z,_Z,_Z,2014,A,USD,
4808.99654,P1Y,0,,A,PU,_Z,2,,,False,WB_WDI,WB_WDI_NY_GDP_PCAP_CD,MIC,_T,_T,_T,_Z,_Z,_Z,2014,A,USD,
54742.837146,P1Y,0,,A,PU,_Z,2,,,False,WB_WDI,WB_WDI_NY_GDP_PCAP_CD,NAC,_T,_T,_T,_Z,_Z,_Z,2014,A,USD,
38322.728063,P1Y,0,,A,PU,_Z,2,,,False,WB_WDI,WB_WDI_NY_GDP_PCAP_CD,OED,_T,_T,_T,_Z,_Z,_Z,2014,A,USD,
11682.615644,P1Y,0,,A,PU,_Z,2,,,False,WB_WDI,WB_WDI_NY_GDP_PCAP_CD,OSS,_T,_T,_T,_Z,_Z,_Z,2014,A,USD,
3891.362562,P1Y,0,,A,PU,_Z,2,,,False,WB_WDI,WB_WDI_NY_GDP_PCAP_CD,PSS,_T,_T,_T,_Z,_Z,_Z,2014,A,USD,
43482.290596,P1Y,0,,A,PU,_Z,2,,,False,WB_WDI,WB_WDI_NY_GDP_PCAP_CD,PST,_T,_T,_T,_Z,_Z,_Z,2014,A,USD,
1849.266506,P1Y,0,,A,PU,_Z,2,,,False,WB_WDI,WB_WDI_NY_GDP_PCAP_CD,PRE,_T,_T,_T,_Z,_Z,_Z,2014,A,USD,
11422.970938,P1Y,0,,A,PU,_Z,2,,,False,WB_WDI,WB_WDI_NY_GDP_PCAP_CD,SST,_T,_T,_T,_Z,_Z,_Z,2014,A,USD,
1528.492088,P1Y,0,,A,PU,_Z,2,,,False,WB_WDI,WB_WDI_NY_GDP_PCAP_CD,SAS,_T,_T,_T,_Z,_Z,_Z,2014,A,USD,
1528.492088,P1Y,0,,A,PU,_Z,2,,,False,WB_WDI,WB_WDI_NY_GDP_PCAP_CD,TSA,_T,_T,_T,_Z,_Z,_Z,2014,A,USD,
5283.424712,P1Y,0,,A,PU,_Z,2,,,False,WB_WDI,WB_WDI_NY_GDP_PCAP_CD,MEA,_T,_T,_T,_Z,_Z,_Z,2017,A,USD,
2865.835156,P1Y,0,,A,PU,_Z,2,,,False,WB_WDI,WB_WDI_NY_GDP_PCAP_CD,MNA,_T,_T,_T,_Z,_Z,_Z,2017,A,USD,
2860.682317,P1Y,0,,A,PU,_Z,2,,,False,WB_WDI,WB_WDI_NY_GDP_PCAP_CD,TMN,_T,_T,_T,_Z,_Z,_Z,2017,A,USD,
4970.75306,P1Y,0,,A,PU,_Z,2,,,False,WB_WDI,WB_WDI_NY_GDP_PCAP_CD,MIC,_T,_T,_T,_Z,_Z,_Z,2017,A,USD,
58555.900387,P1Y,0,,A,PU,_Z,2,,,False,WB_WDI,WB_WDI_NY_GDP_PCAP_CD,NAC,_T,_T,_T,_Z,_Z,_Z,2017,A,USD,
37802.842245,P1Y,0,,A,PU,_Z,2,,,False,WB_WDI,WB_WDI_NY_GDP_PCAP_CD,OED,_T,_T,_T,_Z,_Z,_Z,2017,A,USD,
11950.976065,P1Y,0,,A,PU,_Z,2,,,False,WB_WDI,WB_WDI_NY_GDP_PCAP_CD,OSS,_T,_T,_T,_Z,_Z,_Z,2017,A,USD,
4147.003686,P1Y,0,,A,PU,_Z,2,,,False,WB_WDI,WB_WDI_NY_GDP_PCAP_CD,PSS,_T,_T,_T,_Z,_Z,_Z,2017,A,USD,
43356.999697,P1Y,0,,A,PU,_Z,2,,,False,WB_WDI,WB_WDI_NY_GDP_PCAP_CD,PST,_T,_T,_T,_Z,_Z,_Z,2017,A,USD,
1341.557108,P1Y,0,,A,PU,_Z,2,,,False,WB_WDI,WB_WDI_NY_GDP_PCAP_CD,PRE,_T,_T,_T,_Z,_Z,_Z,2017,A,USD,
11319.492103,P1Y,0,,A,PU,_Z,2,,,False,WB_WDI,WB_WDI_NY_GDP_PCAP_CD,SST,_T,_T,_T,_Z,_Z,_Z,2017,A,USD,
1956.067076,P1Y,0,,A,PU,_Z,2,,,False,WB_WDI,WB_WDI_NY_GDP_PCAP_CD,SAS,_T,_T,_T,_Z,_Z,_Z,2017,A,USD,
1956.067076,P1Y,0,,A,PU,_Z,2,,,False,WB_WDI,WB_WDI_NY_GDP_PCAP_CD,TSA,_T,_T,_T,_Z,_Z,_Z,2017,A,USD,
3632.529072,P1Y,0,,A,PU,_Z,2,,,False,WB_WDI,WB_WDI_NY_GDP_PCAP_CD,PSS,_T,_T,_T,_Z,_Z,_Z,2020,A,USD,
45174.503648,P1Y,0,,A,PU,_Z,2,,,False,WB_WDI,WB_WDI_NY_GDP_PCAP_CD,PST,_T,_T,_T,_Z,_Z,_Z,2020,A,USD,
1497.188726,P1Y,0,,A,PU,_Z,2,,,False,WB_WDI,WB_WDI_NY_GDP_PCAP_CD,PRE,_T,_T,_T,_Z,_Z,_Z,2020,A,USD,
10730.493911,P1Y,0,,A,PU,_Z,2,,,False,WB_WDI,WB_WDI_NY_GDP_PCAP_CD,SST,_T,_T,_T,_Z,_Z,_Z,2020,A,USD,
1957.203437,P1Y,0,,A,PU,_Z,2,,,False,WB_WDI,WB_WDI_NY_GDP_PCAP_CD,SAS,_T,_T,_T,_Z,_Z,_Z,2020,A,USD,
1957.203437,P1Y,0,,A,PU,_Z,2,,,False,WB_WDI,WB_WDI_NY_GDP_PCAP_CD,TSA,_T,_T,_T,_Z,_Z,_Z,2020,A,USD,
1628.438733,P1Y,0,,A,PU,_Z,2,,,False,WB_WDI,WB_WDI_NY_GDP_PCAP_CD,SSF,_T,_T,_T,_Z,_Z,_Z,2020,A,USD,
1627.39235,P1Y,0,,A,PU,_Z,2,,,False,WB_WDI,WB_WDI_NY_GDP_PCAP_CD,SSA,_T,_T,_T,_Z,_Z,_Z,2020,A,USD,
1628.438733,P1Y,0,,A,PU,_Z,2,,,False,WB_WDI,WB_WDI_NY_GDP_PCAP_CD,TSS,_T,_T,_T,_Z,_Z,_Z,2020,A,USD,
7949.256836,P1Y,0,,A,PU,_Z,2,,,False,WB_WDI,WB_WDI_NY_GDP_PCAP_CD,UMC,_T,_T,_T,_Z,_Z,_Z,2020,A,USD,
10999.491758,P1Y,0,,A,PU,_Z,2,,,False,WB_WDI,WB_WDI_NY_GDP_PCAP_CD,WLD,_T,_T,_T,_Z,_Z,_Z,2020,A,USD,
510.787063,P1Y,0,,A,PU,_Z,2,,,False,WB_WDI,WB_WDI_NY_GDP_PCAP_CD,AFG,_T,_T,_T,_Z,_Z,_Z,2020,A,USD,
6027.913507,P1Y,0,,A,PU,_Z,2,,,False,WB_WDI,WB_WDI_NY_GDP_PCAP_CD,ALB,_T,_T,_T,_Z,_Z,_Z,2020,A,USD,
998.078239,P1Y,0,,A,PU,_Z,2,,,False,WB_WDI,WB_WDI_NY_GDP_PCAP_CD,PRE,_T,_T,_T,_Z,_Z,_Z,2006,A,USD,
8649.772055,P1Y,0,,A,PU,_Z,2,,,False,WB_WDI,WB_WDI_NY_GDP_PCAP_CD,SST,_T,_T,_T,_Z,_Z,_Z,2006,A,USD,
769.378704,P1Y,0,,A,PU,_Z,2,,,False,WB_WDI,WB_WDI_NY_GDP_PCAP_CD,SAS,_T,_T,_T,_Z,_Z,_Z,2006,A,USD,
769.378704,P1Y,0,,A,PU,_Z,2,,,False,WB_WDI,WB_WDI_NY_GDP_PCAP_CD,TSA,_T,_T,_T,_Z,_Z,_Z,2006,A,USD,
1234.756099,P1Y,0,,A,PU,_Z,2,,,False,WB_WDI,WB_WDI_NY_GDP_PCAP_CD,SSF,_T,_T,_T,_Z,_Z,_Z,2006,A,USD,
1233.531233,P1Y,0,,A,PU,_Z,2,,,False,WB_WDI,WB_WDI_NY_GDP_PCAP_CD,SSA,_T,_T,_T,_Z,_Z,_Z,2006,A,USD,
1234.756099,P1Y,0,,A,PU,_Z,2,,,False,WB_WDI,WB_WDI_NY_GDP_PCAP_CD,TSS,_T,_T,_T,_Z,_Z,_Z,2006,A,USD,
3110.01688,P1Y,0,,A,PU,_Z,2,,,False,WB_WDI,WB_WDI_NY_GDP_PCAP_CD,UMC,_T,_T,_T,_Z,_Z,_Z,2006,A,USD,
7803.194672,P1Y,0,,A,PU,_Z,2,,,False,WB_WDI,WB_WDI_NY_GDP_PCAP_CD,WLD,_T,_T,_T,_Z,_Z,_Z,2006,A,USD,
274.218554,P1Y,0,,A,PU,_Z,2,,,False,WB_WDI,WB_WDI_NY_GDP_PCAP_CD,AFG,_T,_T,_T,_Z,_Z,_Z,2006,A,USD,
3057.77257,P1Y,0,,A,PU,_Z,2,,,False,WB_WDI,WB_WDI_NY_GDP_PCAP_CD,ALB,_T,_T,_T,_Z,_Z,_Z,2006,A,USD,
3660.661047,P1Y,0,,A,PU,_Z,2,,,False,WB_WDI,WB_WDI_NY_GDP_PCAP_CD,DZA,_T,_T,_T,_Z,_Z,_Z,2006,A,USD,
8745.166211,P1Y,0,,A,PU,_Z,2,,,False,WB_WDI,WB_WDI_NY_GDP_PCAP_CD,ASM,_T,_T,_T,_Z,_Z,_Z,2006,A,USD,
43467.21099,P1Y,0,,A,PU,_Z,2,,,False,WB_WDI,WB_WDI_NY_GDP_PCAP_CD,AND,_T,_T,_T,_Z,_Z,_Z,2006,A,USD,
35151.374187,P1Y,0,,A,PU,_Z,2,,,False,WB_WDI,WB_WDI_NY_GDP_PCAP_CD,NAC,_T,_T,_T,_Z,_Z,_Z,2000,A,USD,
23105.869962,P1Y,0,,A,PU,_Z,2,,,False,WB_WDI,WB_WDI_NY_GDP_PCAP_CD,OED,_T,_T,_T,_Z,_Z,_Z,2000,A,USD,
4847.450323,P1Y,0,,A,PU,_Z,2,,,False,WB_WDI,WB_WDI_NY_GDP_PCAP_CD,OSS,_T,_T,_T,_Z,_Z,_Z,2000,A,USD,
1686.605682,P1Y,0,,A,PU,_Z,2,,,False,WB_WDI,WB_WDI_NY_GDP_PCAP_CD,PSS,_T,_T,_T,_Z,_Z,_Z,2000,A,USD,
25965.619809,P1Y,0,,A,PU,_Z,2,,,False,WB_WDI,WB_WDI_NY_GDP_PCAP_CD,PST,_T,_T,_T,_Z,_Z,_Z,2000,A,USD,
503.881866,P1Y,0,,A,PU,_Z,2,,,False,WB_WDI,WB_WDI_NY_GDP_PCAP_CD,PRE,_T,_T,_T,_Z,_Z,_Z,2000,A,USD,
4846.982117,P1Y,0,,A,PU,_Z,2,,,False,WB_WDI,WB_WDI_NY_GDP_PCAP_CD,SST,_T,_T,_T,_Z,_Z,_Z,2000,A,USD,
440.467919,P1Y,0,,A,PU,_Z,2,,,False,WB_WDI,WB_WDI_NY_GDP_PCAP_CD,SAS,_T,_T,_T,_Z,_Z,_Z,2000,A,USD,
440.467919,P1Y,0,,A,PU,_Z,2,,,False,WB_WDI,WB_WDI_NY_GDP_PCAP_CD,TSA,_T,_T,_T,_Z,_Z,_Z,2000,A,USD,
629.859553,P1Y,0,,A,PU,_Z,2,,,False,WB_WDI,WB_WDI_NY_GDP_PCAP_CD,SSF,_T,_T,_T,_Z,_Z,_Z,2000,A,USD,
628.967997,P1Y,0,,A,PU,_Z,2,,,False,WB_WDI,WB_WDI_NY_GDP_PCAP_CD,SSA,_T,_T,_T,_Z,_Z,_Z,2000,A,USD,
629.859553,P1Y,0,,A,PU,_Z,2,,,False,WB_WDI,WB_WDI_NY_GDP_PCAP_CD,TSS,_T,_T,_T,_Z,_Z,_Z,2000,A,USD,
1770.111281,P1Y,0,,A,PU,_Z,2,,,False,WB_WDI,WB_WDI_NY_GDP_PCAP_CD,UMC,_T,_T,_T,_Z,_Z,_Z,2000,A,USD,
5512.561772,P1Y,0,,A,PU,_Z,2,,,False,WB_WDI,WB_WDI_NY_GDP_PCAP_CD,WLD,_T,_T,_T,_Z,_Z,_Z,2000,A,USD,
12908.19677,P1Y,0,,A,PU,_Z,2,,,False,WB_WDI,WB_WDI_NY_GDP_PCAP_CD,OSS,_T,_T,_T,_Z,_Z,_Z,2019,A,USD,
4185.0759,P1Y,0,,A,PU,_Z,2,,,False,WB_WDI,WB_WDI_NY_GDP_PCAP_CD,PSS,_T,_T,_T,_Z,_Z,_Z,2019,A,USD,
46125.745301,P1Y,0,,A,PU,_Z,2,,,False,WB_WDI,WB_WDI_NY_GDP_PCAP_CD,PST,_T,_T,_T,_Z,_Z,_Z,2019,A,USD,
1682.647775,P1Y,0,,A,PU,_Z,2,,,False,WB_WDI,WB_WDI_NY_GDP_PCAP_CD,PRE,_T,_T,_T,_Z,_Z,_Z,2019,A,USD,
11997.303653,P1Y,0,,A,PU,_Z,2,,,False,WB_WDI,WB_WDI_NY_GDP_PCAP_CD,SST,_T,_T,_T,_Z,_Z,_Z,2019,A,USD,
2067.059757,P1Y,0,,A,PU,_Z,2,,,False,WB_WDI,WB_WDI_NY_GDP_PCAP_CD,SAS,_T,_T,_T,_Z,_Z,_Z,2019,A,USD,
2067.059757,P1Y,0,,A,PU,_Z,2,,,False,WB_WDI,WB_WDI_NY_GDP_PCAP_CD,TSA,_T,_T,_T,_Z,_Z,_Z,2019,A,USD,
1797.041218,P1Y,0,,A,PU,_Z,2,,,False,WB_WDI,WB_WDI_NY_GDP_PCAP_CD,SSF,_T,_T,_T,_Z,_Z,_Z,2019,A,USD,
1795.553787,P1Y,0,,A,PU,_Z,2,,,False,WB_WDI,WB_WDI_NY_GDP_PCAP_CD,SSA,_T,_T,_T,_Z,_Z,_Z,2019,A,USD,
1797.041218,P1Y,0,,A,PU,_Z,2,,,False,WB_WDI,WB_WDI_NY_GDP_PCAP_CD,TSS,_T,_T,_T,_Z,_Z,_Z,2019,A,USD,
8244.306812,P1Y,0,,A,PU,_Z,2,,,False,WB_WDI,WB_WDI_NY_GDP_PCAP_CD,UMC,_T,_T,_T,_Z,_Z,_Z,2019,A,USD,
11417.595859,P1Y,0,,A,PU,_Z,2,,,False,WB_WDI,WB_WDI_NY_GDP_PCAP_CD,WLD,_T,_T,_T,_Z,_Z,_Z,2019,A,USD,
496.602504,P1Y,0,,A,PU,_Z,2,,,False,WB_WDI,WB_WDI_NY_GDP_PCAP_CD,AFG,_T,_T,_T,_Z,_Z,_Z,2019,A,USD,
10149.563373,P1Y,0,,A,PU,_Z,2,,,False,WB_WDI,WB_WDI_NY_GDP_PCAP_CD,OSS,_T,_T,_T,_Z,_Z,_Z,2010,A,USD,
2899.885731,P1Y,0,,A,PU,_Z,2,,,False,WB_WDI,WB_WDI_NY_GDP_PCAP_CD,PSS,_T,_T,_T,_Z,_Z,_Z,2010,A,USD,
39869.235418,P1Y,0,,A,PU,_Z,2,,,False,WB_WDI,WB_WDI_NY_GDP_PCAP_CD,PST,_T,_T,_T,_Z,_Z,_Z,2010,A,USD,
1422.25839,P1Y,0,,A,PU,_Z,2,,,False,WB_WDI,WB_WDI_NY_GDP_PCAP_CD,PRE,_T,_T,_T,_Z,_Z,_Z,2010,A,USD,
9799.551809,P1Y,0,,A,PU,_Z,2,,,False,WB_WDI,WB_WDI_NY_GDP_PCAP_CD,SST,_T,_T,_T,_Z,_Z,_Z,2010,A,USD,
1294.027344,P1Y,0,,A,PU,_Z,2,,,False,WB_WDI,WB_WDI_NY_GDP_PCAP_CD,SAS,_T,_T,_T,_Z,_Z,_Z,2010,A,USD,
1294.027344,P1Y,0,,A,PU,_Z,2,,,False,WB_WDI,WB_WDI_NY_GDP_PCAP_CD,TSA,_T,_T,_T,_Z,_Z,_Z,2010,A,USD,
1643.307535,P1Y,0,,A,PU,_Z,2,,,False,WB_WDI,WB_WDI_NY_GDP_PCAP_CD,SSF,_T,_T,_T,_Z,_Z,_Z,2010,A,USD,
1642.374718,P1Y,0,,A,PU,_Z,2,,,False,WB_WDI,WB_WDI_NY_GDP_PCAP_CD,SSA,_T,_T,_T,_Z,_Z,_Z,2010,A,USD,
1643.307535,P1Y,0,,A,PU,_Z,2,,,False,WB_WDI,WB_WDI_NY_GDP_PCAP_CD,TSS,_T,_T,_T,_Z,_Z,_Z,2010,A,USD,
5435.751332,P1Y,0,,A,PU,_Z,2,,,False,WB_WDI,WB_WDI_NY_GDP_PCAP_CD,UMC,_T,_T,_T,_Z,_Z,_Z,2010,A,USD,
9555.06544,P1Y,0,,A,PU,_Z,2,,,False,WB_WDI,WB_WDI_NY_GDP_PCAP_CD,WLD,_T,_T,_T,_Z,_Z,_Z,2010,A,USD,
35931.923279,P1Y,0,,A,PU,_Z,2,,,False,WB_WDI,WB_WDI_NY_GDP_PCAP_CD,OED,_T,_T,_T,_Z,_Z,_Z,2015,A,USD,
10359.116777,P1Y,0,,A,PU,_Z,2,,,False,WB_WDI,WB_WDI_NY_GDP_PCAP_CD,OSS,_T,_T,_T,_Z,_Z,_Z,2015,A,USD,
3761.066736,P1Y,0,,A,PU,_Z,2,,,False,WB_WDI,WB_WDI_NY_GDP_PCAP_CD,PSS,_T,_T,_T,_Z,_Z,_Z,2015,A,USD,
40960.908998,P1Y,0,,A,PU,_Z,2,,,False,WB_WDI,WB_WDI_NY_GDP_PCAP_CD,PST,_T,_T,_T,_Z,_Z,_Z,2015,A,USD,
1526.040992,P1Y,0,,A,PU,_Z,2,,,False,WB_WDI,WB_WDI_NY_GDP_PCAP_CD,PRE,_T,_T,_T,_Z,_Z,_Z,2015,A,USD,
10451.996495,P1Y,0,,A,PU,_Z,2,,,False,WB_WDI,WB_WDI_NY_GDP_PCAP_CD,SST,_T,_T,_T,_Z,_Z,_Z,2015,A,USD,
1570.541425,P1Y,0,,A,PU,_Z,2,,,False,WB_WDI,WB_WDI_NY_GDP_PCAP_CD,SAS,_T,_T,_T,_Z,_Z,_Z,2015,A,USD,
1570.541425,P1Y,0,,A,PU,_Z,2,,,False,WB_WDI,WB_WDI_NY_GDP_PCAP_CD,TSA,_T,_T,_T,_Z,_Z,_Z,2015,A,USD,
1647.320858,P1Y,0,,A,PU,_Z,2,,,False,WB_WDI,WB_WDI_NY_GDP_PCAP_CD,SSF,_T,_T,_T,_Z,_Z,_Z,2015,A,USD,
1646.073001,P1Y,0,,A,PU,_Z,2,,,False,WB_WDI,WB_WDI_NY_GDP_PCAP_CD,SSA,_T,_T,_T,_Z,_Z,_Z,2015,A,USD,
1647.320858,P1Y,0,,A,PU,_Z,2,,,False,WB_WDI,WB_WDI_NY_GDP_PCAP_CD,TSS,_T,_T,_T,_Z,_Z,_Z,2015,A,USD,
7083.4778,P1Y,0,,A,PU,_Z,2,,,False,WB_WDI,WB_WDI_NY_GDP_PCAP_CD,UMC,_T,_T,_T,_Z,_Z,_Z,2015,A,USD,
10191.975251,P1Y,0,,A,PU,_Z,2,,,False,WB_WDI,WB_WDI_NY_GDP_PCAP_CD,WLD,_T,_T,_T,_Z,_Z,_Z,2015,A,USD,
