OBS_VALUE,TIME_FORMAT,UNIT_MULT,COMMENT_OBS,OBS_STATUS,OBS_CONF,AGG_METHOD,DECIMALS,COMMENT_TS,DATA_SOURCE,LATEST_DATA,DATABASE_ID,INDICATOR,REF_AREA,SEX,AGE,URBANISATION,COMP_BREAKDOWN_1,COMP_BREAKDOWN_2,COMP_BREAKDOWN_3,TIME_PERIOD,FREQ,UNIT_MEASURE,UNIT_TYPE
4.429743,P1Y,0,,A,PU,_Z,2,,,False,WB_WDI,WB_WDI_SH_XPD_CHEX_GD_ZS,ZMB,_T,_T,_T,_Z,_Z,_Z,2015,A,PT_GDP,
7.452041,P1Y,0,,A,PU,_Z,2,,,False,WB_WDI,WB_WDI_SH_XPD_CHEX_GD_ZS,ZWE,_T,_T,_T,_Z,_Z,_Z,2015,A,PT_GDP,
6.010131,P1Y,0,,A,PU,_Z,2,,,False,WB_WDI,WB_WDI_SH_XPD_CHEX_GD_ZS,AFE,_T,_T,_T,_Z,_Z,_Z,2016,A,PT_GDP,
3.802687,P1Y,0,,A,PU,_Z,2,,,False,WB_WDI,WB_WDI_SH_XPD_CHEX_GD_ZS,AFW,_T,_T,_T,_Z,_Z,_Z,2016,A,PT_GDP,
5.287547,P1Y,0,,A,PU,_Z,2,,,False,WB_WDI,WB_WDI_SH_XPD_CHEX_GD_ZS,ARB,_T,_T,_T,_Z,_Z,_Z,2016,A,PT_GDP,
5.79142,P1Y,0,,A,PU,_Z,2,,,False,WB_WDI,WB_WDI_SH_XPD_CHEX_GD_ZS,CSS,_T,_T,_T,_Z,_Z,_Z,2016,A,PT_GDP,
6.644331,P1Y,0,,A,PU,_Z,2,,,False,WB_WDI,WB_WDI_SH_XPD_CHEX_GD_ZS,CEB,_T,_T,_T,_Z,_Z,_Z,2016,A,PT_GDP,
5.041155,P1Y,0,,A,PU,_Z,2,,,False,WB_WDI,WB_WDI_SH_XPD_CHEX_GD_ZS,EAR,_T,_T,_T,_Z,_Z,_Z,2016,A,PT_GDP,
6.512309,P1Y,0,,A,PU,_Z,2,,,False,WB_WDI,WB_WDI_SH_XPD_CHEX_GD_ZS,EAS,_T,_T,_T,_Z,_Z,_Z,2016,A,PT_GDP,
4.673975,P1Y,0,,A,PU,_Z,2,,,False,WB_WDI,WB_WDI_SH_XPD_CHEX_GD_ZS,EAP,_T,_T,_T,_Z,_Z,_Z,2016,A,PT_GDP,
4.674136,P1Y,0,,A,PU,_Z,2,,,False,WB_WDI,WB_WDI_SH_XPD_CHEX_GD_ZS,TEA,_T,_T,_T,_Z,_Z,_Z,2016,A,PT_GDP,
10.108925,P1Y,0,,A,PU,_Z,2,,,False,WB_WDI,WB_WDI_SH_XPD_CHEX_GD_ZS,EMU,_T,_T,_T,_Z,_Z,_Z,2016,A,PT_GDP,
9.297851,P1Y,0,,A,PU,_Z,2,,,False,WB_WDI,WB_WDI_SH_XPD_CHEX_GD_ZS,ECS,_T,_T,_T,_Z,_Z,_Z,2016,A,PT_GDP,
5.205853,P1Y,0,,A,PU,_Z,2,,,False,WB_WDI,WB_WDI_SH_XPD_CHEX_GD_ZS,YEM,_T,_T,_T,_Z,_Z,_Z,2005,A,PT_GDP,
6.330887,P1Y,0,,A,PU,_Z,2,,,False,WB_WDI,WB_WDI_SH_XPD_CHEX_GD_ZS,ZMB,_T,_T,_T,_Z,_Z,_Z,2005,A,PT_GDP,
5.911021,P1Y,0,,A,PU,_Z,2,,,False,WB_WDI,WB_WDI_SH_XPD_CHEX_GD_ZS,AFE,_T,_T,_T,_Z,_Z,_Z,2006,A,PT_GDP,
4.038875,P1Y,0,,A,PU,_Z,2,,,False,WB_WDI,WB_WDI_SH_XPD_CHEX_GD_ZS,AFW,_T,_T,_T,_Z,_Z,_Z,2006,A,PT_GDP,
3.428087,P1Y,0,,A,PU,_Z,2,,,False,WB_WDI,WB_WDI_SH_XPD_CHEX_GD_ZS,ARB,_T,_T,_T,_Z,_Z,_Z,2006,A,PT_GDP,
4.47595,P1Y,0,,A,PU,_Z,2,,,False,WB_WDI,WB_WDI_SH_XPD_CHEX_GD_ZS,CSS,_T,_T,_T,_Z,_Z,_Z,2006,A,PT_GDP,
6.209329,P1Y,0,,A,PU,_Z,2,,,False,WB_WDI,WB_WDI_SH_XPD_CHEX_GD_ZS,CEB,_T,_T,_T,_Z,_Z,_Z,2006,A,PT_GDP,
4.681846,P1Y,0,,A,PU,_Z,2,,,False,WB_WDI,WB_WDI_SH_XPD_CHEX_GD_ZS,EAR,_T,_T,_T,_Z,_Z,_Z,2006,A,PT_GDP,
5.926936,P1Y,0,,A,PU,_Z,2,,,False,WB_WDI,WB_WDI_SH_XPD_CHEX_GD_ZS,EAS,_T,_T,_T,_Z,_Z,_Z,2006,A,PT_GDP,
3.687888,P1Y,0,,A,PU,_Z,2,,,False,WB_WDI,WB_WDI_SH_XPD_CHEX_GD_ZS,EAP,_T,_T,_T,_Z,_Z,_Z,2006,A,PT_GDP,
3.688211,P1Y,0,,A,PU,_Z,2,,,False,WB_WDI,WB_WDI_SH_XPD_CHEX_GD_ZS,TEA,_T,_T,_T,_Z,_Z,_Z,2006,A,PT_GDP,
9.222809,P1Y,0,,A,PU,_Z,2,,,False,WB_WDI,WB_WDI_SH_XPD_CHEX_GD_ZS,EMU,_T,_T,_T,_Z,_Z,_Z,2006,A,PT_GDP,
8.503748,P1Y,0,,A,PU,_Z,2,,,False,WB_WDI,WB_WDI_SH_XPD_CHEX_GD_ZS,ECS,_T,_T,_T,_Z,_Z,_Z,2006,A,PT_GDP,
9.656177,P1Y,0,,A,PU,_Z,2,,,False,WB_WDI,WB_WDI_SH_XPD_CHEX_GD_ZS,PSE,_T,_T,_T,_Z,_Z,_Z,2018,A,PT_GDP,
9.089482,P1Y,0,,A,PU,_Z,2,,,False,WB_WDI,WB_WDI_SH_XPD_CHEX_GD_ZS,YEM,_T,_T,_T,_Z,_Z,_Z,2018,A,PT_GDP,
4.769967,P1Y,0,,A,PU,_Z,2,,,False,WB_WDI,WB_WDI_SH_XPD_CHEX_GD_ZS,ZMB,_T,_T,_T,_Z,_Z,_Z,2018,A,PT_GDP,
4.67328,P1Y,0,,A,PU,_Z,2,,,False,WB_WDI,WB_WDI_SH_XPD_CHEX_GD_ZS,ZWE,_T,_T,_T,_Z,_Z,_Z,2018,A,PT_GDP,
5.754125,P1Y,0,,A,PU,_Z,2,,,False,WB_WDI,WB_WDI_SH_XPD_CHEX_GD_ZS,AFE,_T,_T,_T,_Z,_Z,_Z,2019,A,PT_GDP,
3.249834,P1Y,0,,A,PU,_Z,2,,,False,WB_WDI,WB_WDI_SH_XPD_CHEX_GD_ZS,AFW,_T,_T,_T,_Z,_Z,_Z,2019,A,PT_GDP,
4.945777,P1Y,0,,A,PU,_Z,2,,,False,WB_WDI,WB_WDI_SH_XPD_CHEX_GD_ZS,ARB,_T,_T,_T,_Z,_Z,_Z,2019,A,PT_GDP,
6.089947,P1Y,0,,A,PU,_Z,2,,,False,WB_WDI,WB_WDI_SH_XPD_CHEX_GD_ZS,CSS,_T,_T,_T,_Z,_Z,_Z,2019,A,PT_GDP,
6.619219,P1Y,0,,A,PU,_Z,2,,,False,WB_WDI,WB_WDI_SH_XPD_CHEX_GD_ZS,CEB,_T,_T,_T,_Z,_Z,_Z,2019,A,PT_GDP,
4.604157,P1Y,0,,A,PU,_Z,2,,,False,WB_WDI,WB_WDI_SH_XPD_CHEX_GD_ZS,EAR,_T,_T,_T,_Z,_Z,_Z,2019,A,PT_GDP,
6.653048,P1Y,0,,A,PU,_Z,2,,,False,WB_WDI,WB_WDI_SH_XPD_CHEX_GD_ZS,EAS,_T,_T,_T,_Z,_Z,_Z,2019,A,PT_GDP,
4.99304,P1Y,0,,A,PU,_Z,2,,,False,WB_WDI,WB_WDI_SH_XPD_CHEX_GD_ZS,EAP,_T,_T,_T,_Z,_Z,_Z,2019,A,PT_GDP,
4.993203,P1Y,0,,A,PU,_Z,2,,,False,WB_WDI,WB_WDI_SH_XPD_CHEX_GD_ZS,TEA,_T,_T,_T,_Z,_Z,_Z,2019,A,PT_GDP,
5.548221,P1Y,0,,A,PU,_Z,2,,,False,WB_WDI,WB_WDI_SH_XPD_CHEX_GD_ZS,UZB,_T,_T,_T,_Z,_Z,_Z,2012,A,PT_GDP,
3.936315,P1Y,0,,A,PU,_Z,2,,,False,WB_WDI,WB_WDI_SH_XPD_CHEX_GD_ZS,VUT,_T,_T,_T,_Z,_Z,_Z,2012,A,PT_GDP,
5.001782,P1Y,0,,A,PU,_Z,2,,,False,WB_WDI,WB_WDI_SH_XPD_CHEX_GD_ZS,VNM,_T,_T,_T,_Z,_Z,_Z,2012,A,PT_GDP,
10.301105,P1Y,0,,A,PU,_Z,2,,,False,WB_WDI,WB_WDI_SH_XPD_CHEX_GD_ZS,PSE,_T,_T,_T,_Z,_Z,_Z,2012,A,PT_GDP,
5.195935,P1Y,0,,A,PU,_Z,2,,,False,WB_WDI,WB_WDI_SH_XPD_CHEX_GD_ZS,YEM,_T,_T,_T,_Z,_Z,_Z,2012,A,PT_GDP,
4.045417,P1Y,0,,A,PU,_Z,2,,,False,WB_WDI,WB_WDI_SH_XPD_CHEX_GD_ZS,ZMB,_T,_T,_T,_Z,_Z,_Z,2012,A,PT_GDP,
6.918387,P1Y,0,,A,PU,_Z,2,,,False,WB_WDI,WB_WDI_SH_XPD_CHEX_GD_ZS,ZWE,_T,_T,_T,_Z,_Z,_Z,2012,A,PT_GDP,
6.063187,P1Y,0,,A,PU,_Z,2,,,False,WB_WDI,WB_WDI_SH_XPD_CHEX_GD_ZS,AFE,_T,_T,_T,_Z,_Z,_Z,2013,A,PT_GDP,
3.58103,P1Y,0,,A,PU,_Z,2,,,False,WB_WDI,WB_WDI_SH_XPD_CHEX_GD_ZS,AFW,_T,_T,_T,_Z,_Z,_Z,2013,A,PT_GDP,
4.166159,P1Y,0,,A,PU,_Z,2,,,False,WB_WDI,WB_WDI_SH_XPD_CHEX_GD_ZS,ARB,_T,_T,_T,_Z,_Z,_Z,2013,A,PT_GDP,
5.020663,P1Y,0,,A,PU,_Z,2,,,False,WB_WDI,WB_WDI_SH_XPD_CHEX_GD_ZS,CSS,_T,_T,_T,_Z,_Z,_Z,2013,A,PT_GDP,
5.657523,P1Y,0,,A,PU,_Z,2,,,False,WB_WDI,WB_WDI_SH_XPD_CHEX_GD_ZS,AFE,_T,_T,_T,_Z,_Z,_Z,2000,A,PT_GDP,
3.437577,P1Y,0,,A,PU,_Z,2,,,False,WB_WDI,WB_WDI_SH_XPD_CHEX_GD_ZS,AFW,_T,_T,_T,_Z,_Z,_Z,2000,A,PT_GDP,
3.941685,P1Y,0,,A,PU,_Z,2,,,False,WB_WDI,WB_WDI_SH_XPD_CHEX_GD_ZS,ARB,_T,_T,_T,_Z,_Z,_Z,2000,A,PT_GDP,
4.223838,P1Y,0,,A,PU,_Z,2,,,False,WB_WDI,WB_WDI_SH_XPD_CHEX_GD_ZS,CSS,_T,_T,_T,_Z,_Z,_Z,2000,A,PT_GDP,
5.699499,P1Y,0,,A,PU,_Z,2,,,False,WB_WDI,WB_WDI_SH_XPD_CHEX_GD_ZS,CEB,_T,_T,_T,_Z,_Z,_Z,2000,A,PT_GDP,
4.840638,P1Y,0,,A,PU,_Z,2,,,False,WB_WDI,WB_WDI_SH_XPD_CHEX_GD_ZS,UZB,_T,_T,_T,_Z,_Z,_Z,2004,A,PT_GDP,
3.539915,P1Y,0,,A,PU,_Z,2,,,False,WB_WDI,WB_WDI_SH_XPD_CHEX_GD_ZS,VUT,_T,_T,_T,_Z,_Z,_Z,2004,A,PT_GDP,
4.08792,P1Y,0,,A,PU,_Z,2,,,False,WB_WDI,WB_WDI_SH_XPD_CHEX_GD_ZS,VNM,_T,_T,_T,_Z,_Z,_Z,2004,A,PT_GDP,
11.379288,P1Y,0,,A,PU,_Z,2,,,False,WB_WDI,WB_WDI_SH_XPD_CHEX_GD_ZS,PSE,_T,_T,_T,_Z,_Z,_Z,2004,A,PT_GDP,
5.514404,P1Y,0,,A,PU,_Z,2,,,False,WB_WDI,WB_WDI_SH_XPD_CHEX_GD_ZS,YEM,_T,_T,_T,_Z,_Z,_Z,2004,A,PT_GDP,
5.465875,P1Y,0,,A,PU,_Z,2,,,False,WB_WDI,WB_WDI_SH_XPD_CHEX_GD_ZS,ZMB,_T,_T,_T,_Z,_Z,_Z,2004,A,PT_GDP,
5.908981,P1Y,0,,A,PU,_Z,2,,,False,WB_WDI,WB_WDI_SH_XPD_CHEX_GD_ZS,AFE,_T,_T,_T,_Z,_Z,_Z,2005,A,PT_GDP,
4.122613,P1Y,0,,A,PU,_Z,2,,,False,WB_WDI,WB_WDI_SH_XPD_CHEX_GD_ZS,AFW,_T,_T,_T,_Z,_Z,_Z,2005,A,PT_GDP,
3.446337,P1Y,0,,A,PU,_Z,2,,,False,WB_WDI,WB_WDI_SH_XPD_CHEX_GD_ZS,ARB,_T,_T,_T,_Z,_Z,_Z,2005,A,PT_GDP,
4.514434,P1Y,0,,A,PU,_Z,2,,,False,WB_WDI,WB_WDI_SH_XPD_CHEX_GD_ZS,CSS,_T,_T,_T,_Z,_Z,_Z,2005,A,PT_GDP,
6.35678,P1Y,0,,A,PU,_Z,2,,,False,WB_WDI,WB_WDI_SH_XPD_CHEX_GD_ZS,CEB,_T,_T,_T,_Z,_Z,_Z,2005,A,PT_GDP,
2.671119,P1Y,0,,A,PU,_Z,2,,,False,WB_WDI,WB_WDI_SH_XPD_CHEX_GD_ZS,ZWE,_T,_T,_T,_Z,_Z,_Z,2021,A,PT_GDP,
5.566469,P1Y,0,,A,PU,_Z,2,,,False,WB_WDI,WB_WDI_SH_XPD_CHEX_GD_ZS,AFE,_T,_T,_T,_Z,_Z,_Z,2022,A,PT_GDP,
4.174501,P1Y,0,,A,PU,_Z,2,,,False,WB_WDI,WB_WDI_SH_XPD_CHEX_GD_ZS,AFW,_T,_T,_T,_Z,_Z,_Z,2022,A,PT_GDP,
4.669186,P1Y,0,,A,PU,_Z,2,,,False,WB_WDI,WB_WDI_SH_XPD_CHEX_GD_ZS,ARB,_T,_T,_T,_Z,_Z,_Z,2022,A,PT_GDP,
5.573024,P1Y,0,,A,PU,_Z,2,,,False,WB_WDI,WB_WDI_SH_XPD_CHEX_GD_ZS,CSS,_T,_T,_T,_Z,_Z,_Z,2022,A,PT_GDP,
7.015139,P1Y,0,,A,PU,_Z,2,,,False,WB_WDI,WB_WDI_SH_XPD_CHEX_GD_ZS,CEB,_T,_T,_T,_Z,_Z,_Z,2022,A,PT_GDP,
4.791469,P1Y,0,,A,PU,_Z,2,,,False,WB_WDI,WB_WDI_SH_XPD_CHEX_GD_ZS,EAR,_T,_T,_T,_Z,_Z,_Z,2022,A,PT_GDP,
7.029152,P1Y,0,,A,PU,_Z,2,,,False,WB_WDI,WB_WDI_SH_XPD_CHEX_GD_ZS,EAS,_T,_T,_T,_Z,_Z,_Z,2022,A,PT_GDP,
5.58481,P1Y,0,,A,PU,_Z,2,,,False,WB_WDI,WB_WDI_SH_XPD_CHEX_GD_ZS,EAP,_T,_T,_T,_Z,_Z,_Z,2022,A,PT_GDP,
5.585024,P1Y,0,,A,PU,_Z,2,,,False,WB_WDI,WB_WDI_SH_XPD_CHEX_GD_ZS,TEA,_T,_T,_T,_Z,_Z,_Z,2022,A,PT_GDP,
10.658691,P1Y,0,,A,PU,_Z,2,,,False,WB_WDI,WB_WDI_SH_XPD_CHEX_GD_ZS,EMU,_T,_T,_T,_Z,_Z,_Z,2022,A,PT_GDP,
9.709432,P1Y,0,,A,PU,_Z,2,,,False,WB_WDI,WB_WDI_SH_XPD_CHEX_GD_ZS,ECS,_T,_T,_T,_Z,_Z,_Z,2022,A,PT_GDP,
4.609286,P1Y,0,,A,PU,_Z,2,,,False,WB_WDI,WB_WDI_SH_XPD_CHEX_GD_ZS,ECA,_T,_T,_T,_Z,_Z,_Z,2022,A,PT_GDP,
6.044673,P1Y,0,,A,PU,_Z,2,,,False,WB_WDI,WB_WDI_SH_XPD_CHEX_GD_ZS,TEC,_T,_T,_T,_Z,_Z,_Z,2022,A,PT_GDP,
4.902201,P1Y,0,,A,PU,_Z,2,,,False,WB_WDI,WB_WDI_SH_XPD_CHEX_GD_ZS,SSA,_T,_T,_T,_Z,_Z,_Z,2013,A,PT_GDP,
4.901676,P1Y,0,,A,PU,_Z,2,,,False,WB_WDI,WB_WDI_SH_XPD_CHEX_GD_ZS,TSS,_T,_T,_T,_Z,_Z,_Z,2013,A,PT_GDP,
5.296592,P1Y,0,,A,PU,_Z,2,,,False,WB_WDI,WB_WDI_SH_XPD_CHEX_GD_ZS,UMC,_T,_T,_T,_Z,_Z,_Z,2013,A,PT_GDP,
9.290323,P1Y,0,,A,PU,_Z,2,,,False,WB_WDI,WB_WDI_SH_XPD_CHEX_GD_ZS,WLD,_T,_T,_T,_Z,_Z,_Z,2013,A,PT_GDP,
8.805964,P1Y,0,,A,PU,_Z,2,,,False,WB_WDI,WB_WDI_SH_XPD_CHEX_GD_ZS,AFG,_T,_T,_T,_Z,_Z,_Z,2013,A,PT_GDP,
6.208974,P1Y,0,,A,PU,_Z,2,,,False,WB_WDI,WB_WDI_SH_XPD_CHEX_GD_ZS,ALB,_T,_T,_T,_Z,_Z,_Z,2013,A,PT_GDP,
5.645418,P1Y,0,,A,PU,_Z,2,,,False,WB_WDI,WB_WDI_SH_XPD_CHEX_GD_ZS,DZA,_T,_T,_T,_Z,_Z,_Z,2013,A,PT_GDP,
6.797584,P1Y,0,,A,PU,_Z,2,,,False,WB_WDI,WB_WDI_SH_XPD_CHEX_GD_ZS,AND,_T,_T,_T,_Z,_Z,_Z,2013,A,PT_GDP,
2.429772,P1Y,0,,A,PU,_Z,2,,,False,WB_WDI,WB_WDI_SH_XPD_CHEX_GD_ZS,AGO,_T,_T,_T,_Z,_Z,_Z,2013,A,PT_GDP,
4.910312,P1Y,0,,A,PU,_Z,2,,,False,WB_WDI,WB_WDI_SH_XPD_CHEX_GD_ZS,ATG,_T,_T,_T,_Z,_Z,_Z,2013,A,PT_GDP,
9.920915,P1Y,0,,A,PU,_Z,2,,,False,WB_WDI,WB_WDI_SH_XPD_CHEX_GD_ZS,ARG,_T,_T,_T,_Z,_Z,_Z,2013,A,PT_GDP,
10.32345,P1Y,0,,A,PU,_Z,2,,,False,WB_WDI,WB_WDI_SH_XPD_CHEX_GD_ZS,ARM,_T,_T,_T,_Z,_Z,_Z,2013,A,PT_GDP,
4.018421,P1Y,0,,A,PU,_Z,2,,,False,WB_WDI,WB_WDI_SH_XPD_CHEX_GD_ZS,GUY,_T,_T,_T,_Z,_Z,_Z,2016,A,PT_GDP,
4.807606,P1Y,0,,A,PU,_Z,2,,,False,WB_WDI,WB_WDI_SH_XPD_CHEX_GD_ZS,HTI,_T,_T,_T,_Z,_Z,_Z,2016,A,PT_GDP,
7.709445,P1Y,0,,A,PU,_Z,2,,,False,WB_WDI,WB_WDI_SH_XPD_CHEX_GD_ZS,HND,_T,_T,_T,_Z,_Z,_Z,2016,A,PT_GDP,
6.967526,P1Y,0,,A,PU,_Z,2,,,False,WB_WDI,WB_WDI_SH_XPD_CHEX_GD_ZS,HUN,_T,_T,_T,_Z,_Z,_Z,2016,A,PT_GDP,
8.155691,P1Y,0,,A,PU,_Z,2,,,False,WB_WDI,WB_WDI_SH_XPD_CHEX_GD_ZS,ISL,_T,_T,_T,_Z,_Z,_Z,2016,A,PT_GDP,
3.504304,P1Y,0,,A,PU,_Z,2,,,False,WB_WDI,WB_WDI_SH_XPD_CHEX_GD_ZS,IND,_T,_T,_T,_Z,_Z,_Z,2016,A,PT_GDP,
3.021472,P1Y,0,,A,PU,_Z,2,,,False,WB_WDI,WB_WDI_SH_XPD_CHEX_GD_ZS,IDN,_T,_T,_T,_Z,_Z,_Z,2016,A,PT_GDP,
7.80285,P1Y,0,,A,PU,_Z,2,,,False,WB_WDI,WB_WDI_SH_XPD_CHEX_GD_ZS,IRN,_T,_T,_T,_Z,_Z,_Z,2016,A,PT_GDP,
4.57253,P1Y,0,,A,PU,_Z,2,,,False,WB_WDI,WB_WDI_SH_XPD_CHEX_GD_ZS,IRQ,_T,_T,_T,_Z,_Z,_Z,2016,A,PT_GDP,
7.338221,P1Y,0,,A,PU,_Z,2,,,False,WB_WDI,WB_WDI_SH_XPD_CHEX_GD_ZS,IRL,_T,_T,_T,_Z,_Z,_Z,2016,A,PT_GDP,
8.977556,P1Y,0,,A,PU,_Z,2,,,False,WB_WDI,WB_WDI_SH_XPD_CHEX_GD_ZS,EUU,_T,_T,_T,_Z,_Z,_Z,2004,A,PT_GDP,
4.590246,P1Y,0,,A,PU,_Z,2,,,False,WB_WDI,WB_WDI_SH_XPD_CHEX_GD_ZS,HPC,_T,_T,_T,_Z,_Z,_Z,2004,A,PT_GDP,
10.326212,P1Y,0,,A,PU,_Z,2,,,False,WB_WDI,WB_WDI_SH_XPD_CHEX_GD_ZS,HIC,_T,_T,_T,_Z,_Z,_Z,2004,A,PT_GDP,
5.042863,P1Y,0,,A,PU,_Z,2,,,False,WB_WDI,WB_WDI_SH_XPD_CHEX_GD_ZS,IBD,_T,_T,_T,_Z,_Z,_Z,2004,A,PT_GDP,
4.946285,P1Y,0,,A,PU,_Z,2,,,False,WB_WDI,WB_WDI_SH_XPD_CHEX_GD_ZS,IBT,_T,_T,_T,_Z,_Z,_Z,2004,A,PT_GDP,
3.523183,P1Y,0,,A,PU,_Z,2,,,False,WB_WDI,WB_WDI_SH_XPD_CHEX_GD_ZS,IDB,_T,_T,_T,_Z,_Z,_Z,2004,A,PT_GDP,
4.201401,P1Y,0,,A,PU,_Z,2,,,False,WB_WDI,WB_WDI_SH_XPD_CHEX_GD_ZS,IDX,_T,_T,_T,_Z,_Z,_Z,2004,A,PT_GDP,
3.858401,P1Y,0,,A,PU,_Z,2,,,False,WB_WDI,WB_WDI_SH_XPD_CHEX_GD_ZS,IDA,_T,_T,_T,_Z,_Z,_Z,2004,A,PT_GDP,
5.067487,P1Y,0,,A,PU,_Z,2,,,False,WB_WDI,WB_WDI_SH_XPD_CHEX_GD_ZS,LTE,_T,_T,_T,_Z,_Z,_Z,2004,A,PT_GDP,
6.595268,P1Y,0,,A,PU,_Z,2,,,False,WB_WDI,WB_WDI_SH_XPD_CHEX_GD_ZS,LCN,_T,_T,_T,_Z,_Z,_Z,2004,A,PT_GDP,
6.593589,P1Y,0,,A,PU,_Z,2,,,False,WB_WDI,WB_WDI_SH_XPD_CHEX_GD_ZS,LAC,_T,_T,_T,_Z,_Z,_Z,2004,A,PT_GDP,
6.601793,P1Y,0,,A,PU,_Z,2,,,False,WB_WDI,WB_WDI_SH_XPD_CHEX_GD_ZS,TLA,_T,_T,_T,_Z,_Z,_Z,2004,A,PT_GDP,
4.018139,P1Y,0,,A,PU,_Z,2,,,False,WB_WDI,WB_WDI_SH_XPD_CHEX_GD_ZS,LDC,_T,_T,_T,_Z,_Z,_Z,2004,A,PT_GDP,
4.883926,P1Y,0,,A,PU,_Z,2,,,False,WB_WDI,WB_WDI_SH_XPD_CHEX_GD_ZS,LMY,_T,_T,_T,_Z,_Z,_Z,2004,A,PT_GDP,
4.833884,P1Y,0,,A,PU,_Z,2,,,False,WB_WDI,WB_WDI_SH_XPD_CHEX_GD_ZS,LIC,_T,_T,_T,_Z,_Z,_Z,2004,A,PT_GDP,
3.925278,P1Y,0,,A,PU,_Z,2,,,False,WB_WDI,WB_WDI_SH_XPD_CHEX_GD_ZS,CPV,_T,_T,_T,_Z,_Z,_Z,2011,A,PT_GDP,
6.004436,P1Y,0,,A,PU,_Z,2,,,False,WB_WDI,WB_WDI_SH_XPD_CHEX_GD_ZS,KHM,_T,_T,_T,_Z,_Z,_Z,2011,A,PT_GDP,
3.852829,P1Y,0,,A,PU,_Z,2,,,False,WB_WDI,WB_WDI_SH_XPD_CHEX_GD_ZS,CMR,_T,_T,_T,_Z,_Z,_Z,2011,A,PT_GDP,
10.405187,P1Y,0,,A,PU,_Z,2,,,False,WB_WDI,WB_WDI_SH_XPD_CHEX_GD_ZS,CAN,_T,_T,_T,_Z,_Z,_Z,2011,A,PT_GDP,
3.675619,P1Y,0,,A,PU,_Z,2,,,False,WB_WDI,WB_WDI_SH_XPD_CHEX_GD_ZS,CAF,_T,_T,_T,_Z,_Z,_Z,2011,A,PT_GDP,
2.855858,P1Y,0,,A,PU,_Z,2,,,False,WB_WDI,WB_WDI_SH_XPD_CHEX_GD_ZS,TCD,_T,_T,_T,_Z,_Z,_Z,2011,A,PT_GDP,
6.799475,P1Y,0,,A,PU,_Z,2,,,False,WB_WDI,WB_WDI_SH_XPD_CHEX_GD_ZS,CHL,_T,_T,_T,_Z,_Z,_Z,2011,A,PT_GDP,
4.267194,P1Y,0,,A,PU,_Z,2,,,False,WB_WDI,WB_WDI_SH_XPD_CHEX_GD_ZS,CHN,_T,_T,_T,_Z,_Z,_Z,2011,A,PT_GDP,
6.780768,P1Y,0,,A,PU,_Z,2,,,False,WB_WDI,WB_WDI_SH_XPD_CHEX_GD_ZS,COL,_T,_T,_T,_Z,_Z,_Z,2011,A,PT_GDP,
5.302118,P1Y,0,,A,PU,_Z,2,,,False,WB_WDI,WB_WDI_SH_XPD_CHEX_GD_ZS,COM,_T,_T,_T,_Z,_Z,_Z,2011,A,PT_GDP,
7.185532,P1Y,0,,A,PU,_Z,2,,,False,WB_WDI,WB_WDI_SH_XPD_CHEX_GD_ZS,COL,_T,_T,_T,_Z,_Z,_Z,2014,A,PT_GDP,
5.238497,P1Y,0,,A,PU,_Z,2,,,False,WB_WDI,WB_WDI_SH_XPD_CHEX_GD_ZS,COM,_T,_T,_T,_Z,_Z,_Z,2014,A,PT_GDP,
3.725206,P1Y,0,,A,PU,_Z,2,,,False,WB_WDI,WB_WDI_SH_XPD_CHEX_GD_ZS,COD,_T,_T,_T,_Z,_Z,_Z,2014,A,PT_GDP,
1.973117,P1Y,0,,A,PU,_Z,2,,,False,WB_WDI,WB_WDI_SH_XPD_CHEX_GD_ZS,COG,_T,_T,_T,_Z,_Z,_Z,2014,A,PT_GDP,
7.663762,P1Y,0,,A,PU,_Z,2,,,False,WB_WDI,WB_WDI_SH_XPD_CHEX_GD_ZS,CRI,_T,_T,_T,_Z,_Z,_Z,2014,A,PT_GDP,
3.731018,P1Y,0,,A,PU,_Z,2,,,False,WB_WDI,WB_WDI_SH_XPD_CHEX_GD_ZS,CIV,_T,_T,_T,_Z,_Z,_Z,2014,A,PT_GDP,
6.566124,P1Y,0,,A,PU,_Z,2,,,False,WB_WDI,WB_WDI_SH_XPD_CHEX_GD_ZS,HRV,_T,_T,_T,_Z,_Z,_Z,2014,A,PT_GDP,
12.141219,P1Y,0,,A,PU,_Z,2,,,False,WB_WDI,WB_WDI_SH_XPD_CHEX_GD_ZS,CUB,_T,_T,_T,_Z,_Z,_Z,2014,A,PT_GDP,
6.931373,P1Y,0,,A,PU,_Z,2,,,False,WB_WDI,WB_WDI_SH_XPD_CHEX_GD_ZS,CYP,_T,_T,_T,_Z,_Z,_Z,2014,A,PT_GDP,
7.539196,P1Y,0,,A,PU,_Z,2,,,False,WB_WDI,WB_WDI_SH_XPD_CHEX_GD_ZS,CZE,_T,_T,_T,_Z,_Z,_Z,2014,A,PT_GDP,
2.935977,P1Y,0,,A,PU,_Z,2,,,False,WB_WDI,WB_WDI_SH_XPD_CHEX_GD_ZS,IND,_T,_T,_T,_Z,_Z,_Z,2017,A,PT_GDP,
2.904172,P1Y,0,,A,PU,_Z,2,,,False,WB_WDI,WB_WDI_SH_XPD_CHEX_GD_ZS,IDN,_T,_T,_T,_Z,_Z,_Z,2017,A,PT_GDP,
7.718012,P1Y,0,,A,PU,_Z,2,,,False,WB_WDI,WB_WDI_SH_XPD_CHEX_GD_ZS,IRN,_T,_T,_T,_Z,_Z,_Z,2017,A,PT_GDP,
4.089444,P1Y,0,,A,PU,_Z,2,,,False,WB_WDI,WB_WDI_SH_XPD_CHEX_GD_ZS,IRQ,_T,_T,_T,_Z,_Z,_Z,2017,A,PT_GDP,
6.917186,P1Y,0,,A,PU,_Z,2,,,False,WB_WDI,WB_WDI_SH_XPD_CHEX_GD_ZS,IRL,_T,_T,_T,_Z,_Z,_Z,2017,A,PT_GDP,
7.171894,P1Y,0,,A,PU,_Z,2,,,False,WB_WDI,WB_WDI_SH_XPD_CHEX_GD_ZS,ISR,_T,_T,_T,_Z,_Z,_Z,2017,A,PT_GDP,
8.690605,P1Y,0,,A,PU,_Z,2,,,False,WB_WDI,WB_WDI_SH_XPD_CHEX_GD_ZS,ITA,_T,_T,_T,_Z,_Z,_Z,2017,A,PT_GDP,
6.984769,P1Y,0,,A,PU,_Z,2,,,False,WB_WDI,WB_WDI_SH_XPD_CHEX_GD_ZS,JAM,_T,_T,_T,_Z,_Z,_Z,2017,A,PT_GDP,
10.656271,P1Y,0,,A,PU,_Z,2,,,False,WB_WDI,WB_WDI_SH_XPD_CHEX_GD_ZS,JPN,_T,_T,_T,_Z,_Z,_Z,2017,A,PT_GDP,
7.109537,P1Y,0,,A,PU,_Z,2,,,False,WB_WDI,WB_WDI_SH_XPD_CHEX_GD_ZS,JOR,_T,_T,_T,_Z,_Z,_Z,2017,A,PT_GDP,
10.141924,P1Y,0,,A,PU,_Z,2,,,False,WB_WDI,WB_WDI_SH_XPD_CHEX_GD_ZS,EMU,_T,_T,_T,_Z,_Z,_Z,2019,A,PT_GDP,
9.313604,P1Y,0,,A,PU,_Z,2,,,False,WB_WDI,WB_WDI_SH_XPD_CHEX_GD_ZS,ECS,_T,_T,_T,_Z,_Z,_Z,2019,A,PT_GDP,
4.962163,P1Y,0,,A,PU,_Z,2,,,False,WB_WDI,WB_WDI_SH_XPD_CHEX_GD_ZS,ECA,_T,_T,_T,_Z,_Z,_Z,2019,A,PT_GDP,
5.553807,P1Y,0,,A,PU,_Z,2,,,False,WB_WDI,WB_WDI_SH_XPD_CHEX_GD_ZS,TEC,_T,_T,_T,_Z,_Z,_Z,2019,A,PT_GDP,
9.872371,P1Y,0,,A,PU,_Z,2,,,False,WB_WDI,WB_WDI_SH_XPD_CHEX_GD_ZS,EUU,_T,_T,_T,_Z,_Z,_Z,2019,A,PT_GDP,
4.612875,P1Y,0,,A,PU,_Z,2,,,False,WB_WDI,WB_WDI_SH_XPD_CHEX_GD_ZS,HPC,_T,_T,_T,_Z,_Z,_Z,2019,A,PT_GDP,
12.16353,P1Y,0,,A,PU,_Z,2,,,False,WB_WDI,WB_WDI_SH_XPD_CHEX_GD_ZS,HIC,_T,_T,_T,_Z,_Z,_Z,2019,A,PT_GDP,
5.408026,P1Y,0,,A,PU,_Z,2,,,False,WB_WDI,WB_WDI_SH_XPD_CHEX_GD_ZS,IBD,_T,_T,_T,_Z,_Z,_Z,2019,A,PT_GDP,
5.262603,P1Y,0,,A,PU,_Z,2,,,False,WB_WDI,WB_WDI_SH_XPD_CHEX_GD_ZS,IBT,_T,_T,_T,_Z,_Z,_Z,2019,A,PT_GDP,
3.221153,P1Y,0,,A,PU,_Z,2,,,False,WB_WDI,WB_WDI_SH_XPD_CHEX_GD_ZS,IDB,_T,_T,_T,_Z,_Z,_Z,2019,A,PT_GDP,
3.8948,P1Y,0,,A,PU,_Z,2,,,False,WB_WDI,WB_WDI_SH_XPD_CHEX_GD_ZS,IDX,_T,_T,_T,_Z,_Z,_Z,2019,A,PT_GDP,
3.551936,P1Y,0,,A,PU,_Z,2,,,False,WB_WDI,WB_WDI_SH_XPD_CHEX_GD_ZS,IDA,_T,_T,_T,_Z,_Z,_Z,2019,A,PT_GDP,
5.716599,P1Y,0,,A,PU,_Z,2,,,False,WB_WDI,WB_WDI_SH_XPD_CHEX_GD_ZS,LTE,_T,_T,_T,_Z,_Z,_Z,2019,A,PT_GDP,
7.228207,P1Y,0,,A,PU,_Z,2,,,False,WB_WDI,WB_WDI_SH_XPD_CHEX_GD_ZS,HND,_T,_T,_T,_Z,_Z,_Z,2018,A,PT_GDP,
6.554605,P1Y,0,,A,PU,_Z,2,,,False,WB_WDI,WB_WDI_SH_XPD_CHEX_GD_ZS,HUN,_T,_T,_T,_Z,_Z,_Z,2018,A,PT_GDP,
8.438176,P1Y,0,,A,PU,_Z,2,,,False,WB_WDI,WB_WDI_SH_XPD_CHEX_GD_ZS,ISL,_T,_T,_T,_Z,_Z,_Z,2018,A,PT_GDP,
2.858494,P1Y,0,,A,PU,_Z,2,,,False,WB_WDI,WB_WDI_SH_XPD_CHEX_GD_ZS,IND,_T,_T,_T,_Z,_Z,_Z,2018,A,PT_GDP,
2.867578,P1Y,0,,A,PU,_Z,2,,,False,WB_WDI,WB_WDI_SH_XPD_CHEX_GD_ZS,IDN,_T,_T,_T,_Z,_Z,_Z,2018,A,PT_GDP,
6.635717,P1Y,0,,A,PU,_Z,2,,,False,WB_WDI,WB_WDI_SH_XPD_CHEX_GD_ZS,IRN,_T,_T,_T,_Z,_Z,_Z,2018,A,PT_GDP,
4.076006,P1Y,0,,A,PU,_Z,2,,,False,WB_WDI,WB_WDI_SH_XPD_CHEX_GD_ZS,IRQ,_T,_T,_T,_Z,_Z,_Z,2018,A,PT_GDP,
6.747108,P1Y,0,,A,PU,_Z,2,,,False,WB_WDI,WB_WDI_SH_XPD_CHEX_GD_ZS,IRL,_T,_T,_T,_Z,_Z,_Z,2018,A,PT_GDP,
7.235504,P1Y,0,,A,PU,_Z,2,,,False,WB_WDI,WB_WDI_SH_XPD_CHEX_GD_ZS,ISR,_T,_T,_T,_Z,_Z,_Z,2018,A,PT_GDP,
8.654675,P1Y,0,,A,PU,_Z,2,,,False,WB_WDI,WB_WDI_SH_XPD_CHEX_GD_ZS,ITA,_T,_T,_T,_Z,_Z,_Z,2018,A,PT_GDP,
6.650188,P1Y,0,,A,PU,_Z,2,,,False,WB_WDI,WB_WDI_SH_XPD_CHEX_GD_ZS,ALB,_T,_T,_T,_Z,_Z,_Z,2016,A,PT_GDP,
6.000809,P1Y,0,,A,PU,_Z,2,,,False,WB_WDI,WB_WDI_SH_XPD_CHEX_GD_ZS,DZA,_T,_T,_T,_Z,_Z,_Z,2016,A,PT_GDP,
6.941629,P1Y,0,,A,PU,_Z,2,,,False,WB_WDI,WB_WDI_SH_XPD_CHEX_GD_ZS,AND,_T,_T,_T,_Z,_Z,_Z,2016,A,PT_GDP,
2.390687,P1Y,0,,A,PU,_Z,2,,,False,WB_WDI,WB_WDI_SH_XPD_CHEX_GD_ZS,AGO,_T,_T,_T,_Z,_Z,_Z,2016,A,PT_GDP,
4.939795,P1Y,0,,A,PU,_Z,2,,,False,WB_WDI,WB_WDI_SH_XPD_CHEX_GD_ZS,ATG,_T,_T,_T,_Z,_Z,_Z,2016,A,PT_GDP,
10.053555,P1Y,0,,A,PU,_Z,2,,,False,WB_WDI,WB_WDI_SH_XPD_CHEX_GD_ZS,ARG,_T,_T,_T,_Z,_Z,_Z,2016,A,PT_GDP,
9.951949,P1Y,0,,A,PU,_Z,2,,,False,WB_WDI,WB_WDI_SH_XPD_CHEX_GD_ZS,ARM,_T,_T,_T,_Z,_Z,_Z,2016,A,PT_GDP,
10.089582,P1Y,0,,A,PU,_Z,2,,,False,WB_WDI,WB_WDI_SH_XPD_CHEX_GD_ZS,AUS,_T,_T,_T,_Z,_Z,_Z,2016,A,PT_GDP,
10.517138,P1Y,0,,A,PU,_Z,2,,,False,WB_WDI,WB_WDI_SH_XPD_CHEX_GD_ZS,AUT,_T,_T,_T,_Z,_Z,_Z,2016,A,PT_GDP,
4.42242,P1Y,0,,A,PU,_Z,2,,,False,WB_WDI,WB_WDI_SH_XPD_CHEX_GD_ZS,AZE,_T,_T,_T,_Z,_Z,_Z,2016,A,PT_GDP,
5.655153,P1Y,0,,A,PU,_Z,2,,,False,WB_WDI,WB_WDI_SH_XPD_CHEX_GD_ZS,BHS,_T,_T,_T,_Z,_Z,_Z,2016,A,PT_GDP,
5.150694,P1Y,0,,A,PU,_Z,2,,,False,WB_WDI,WB_WDI_SH_XPD_CHEX_GD_ZS,IBT,_T,_T,_T,_Z,_Z,_Z,2014,A,PT_GDP,
3.463273,P1Y,0,,A,PU,_Z,2,,,False,WB_WDI,WB_WDI_SH_XPD_CHEX_GD_ZS,IDB,_T,_T,_T,_Z,_Z,_Z,2014,A,PT_GDP,
4.410912,P1Y,0,,A,PU,_Z,2,,,False,WB_WDI,WB_WDI_SH_XPD_CHEX_GD_ZS,IDX,_T,_T,_T,_Z,_Z,_Z,2014,A,PT_GDP,
3.908578,P1Y,0,,A,PU,_Z,2,,,False,WB_WDI,WB_WDI_SH_XPD_CHEX_GD_ZS,IDA,_T,_T,_T,_Z,_Z,_Z,2014,A,PT_GDP,
5.344754,P1Y,0,,A,PU,_Z,2,,,False,WB_WDI,WB_WDI_SH_XPD_CHEX_GD_ZS,LTE,_T,_T,_T,_Z,_Z,_Z,2014,A,PT_GDP,
7.448538,P1Y,0,,A,PU,_Z,2,,,False,WB_WDI,WB_WDI_SH_XPD_CHEX_GD_ZS,LCN,_T,_T,_T,_Z,_Z,_Z,2014,A,PT_GDP,
7.448829,P1Y,0,,A,PU,_Z,2,,,False,WB_WDI,WB_WDI_SH_XPD_CHEX_GD_ZS,LAC,_T,_T,_T,_Z,_Z,_Z,2014,A,PT_GDP,
7.386652,P1Y,0,,A,PU,_Z,2,,,False,WB_WDI,WB_WDI_SH_XPD_CHEX_GD_ZS,TLA,_T,_T,_T,_Z,_Z,_Z,2014,A,PT_GDP,
3.99449,P1Y,0,,A,PU,_Z,2,,,False,WB_WDI,WB_WDI_SH_XPD_CHEX_GD_ZS,LDC,_T,_T,_T,_Z,_Z,_Z,2014,A,PT_GDP,
5.097352,P1Y,0,,A,PU,_Z,2,,,False,WB_WDI,WB_WDI_SH_XPD_CHEX_GD_ZS,LMY,_T,_T,_T,_Z,_Z,_Z,2014,A,PT_GDP,
5.361629,P1Y,0,,A,PU,_Z,2,,,False,WB_WDI,WB_WDI_SH_XPD_CHEX_GD_ZS,LIC,_T,_T,_T,_Z,_Z,_Z,2014,A,PT_GDP,
3.803826,P1Y,0,,A,PU,_Z,2,,,False,WB_WDI,WB_WDI_SH_XPD_CHEX_GD_ZS,LMC,_T,_T,_T,_Z,_Z,_Z,2014,A,PT_GDP,
7.099192,P1Y,0,,A,PU,_Z,2,,,False,WB_WDI,WB_WDI_SH_XPD_CHEX_GD_ZS,ISR,_T,_T,_T,_Z,_Z,_Z,2016,A,PT_GDP,
8.72044,P1Y,0,,A,PU,_Z,2,,,False,WB_WDI,WB_WDI_SH_XPD_CHEX_GD_ZS,ITA,_T,_T,_T,_Z,_Z,_Z,2016,A,PT_GDP,
6.590182,P1Y,0,,A,PU,_Z,2,,,False,WB_WDI,WB_WDI_SH_XPD_CHEX_GD_ZS,JAM,_T,_T,_T,_Z,_Z,_Z,2016,A,PT_GDP,
10.658916,P1Y,0,,A,PU,_Z,2,,,False,WB_WDI,WB_WDI_SH_XPD_CHEX_GD_ZS,JPN,_T,_T,_T,_Z,_Z,_Z,2016,A,PT_GDP,
6.976441,P1Y,0,,A,PU,_Z,2,,,False,WB_WDI,WB_WDI_SH_XPD_CHEX_GD_ZS,JOR,_T,_T,_T,_Z,_Z,_Z,2016,A,PT_GDP,
3.422356,P1Y,0,,A,PU,_Z,2,,,False,WB_WDI,WB_WDI_SH_XPD_CHEX_GD_ZS,KAZ,_T,_T,_T,_Z,_Z,_Z,2016,A,PT_GDP,
4.754291,P1Y,0,,A,PU,_Z,2,,,False,WB_WDI,WB_WDI_SH_XPD_CHEX_GD_ZS,KEN,_T,_T,_T,_Z,_Z,_Z,2016,A,PT_GDP,
9.042651,P1Y,0,,A,PU,_Z,2,,,False,WB_WDI,WB_WDI_SH_XPD_CHEX_GD_ZS,KIR,_T,_T,_T,_Z,_Z,_Z,2016,A,PT_GDP,
6.635695,P1Y,0,,A,PU,_Z,2,,,False,WB_WDI,WB_WDI_SH_XPD_CHEX_GD_ZS,KOR,_T,_T,_T,_Z,_Z,_Z,2016,A,PT_GDP,
9.482547,P1Y,0,,A,PU,_Z,2,,,False,WB_WDI,WB_WDI_SH_XPD_CHEX_GD_ZS,WLD,_T,_T,_T,_Z,_Z,_Z,2003,A,PT_GDP,
8.941258,P1Y,0,,A,PU,_Z,2,,,False,WB_WDI,WB_WDI_SH_XPD_CHEX_GD_ZS,AFG,_T,_T,_T,_Z,_Z,_Z,2003,A,PT_GDP,
5.84189,P1Y,0,,A,PU,_Z,2,,,False,WB_WDI,WB_WDI_SH_XPD_CHEX_GD_ZS,ALB,_T,_T,_T,_Z,_Z,_Z,2003,A,PT_GDP,
3.325694,P1Y,0,,A,PU,_Z,2,,,False,WB_WDI,WB_WDI_SH_XPD_CHEX_GD_ZS,DZA,_T,_T,_T,_Z,_Z,_Z,2003,A,PT_GDP,
5.542936,P1Y,0,,A,PU,_Z,2,,,False,WB_WDI,WB_WDI_SH_XPD_CHEX_GD_ZS,AND,_T,_T,_T,_Z,_Z,_Z,2003,A,PT_GDP,
3.106803,P1Y,0,,A,PU,_Z,2,,,False,WB_WDI,WB_WDI_SH_XPD_CHEX_GD_ZS,AGO,_T,_T,_T,_Z,_Z,_Z,2003,A,PT_GDP,
5.040732,P1Y,0,,A,PU,_Z,2,,,False,WB_WDI,WB_WDI_SH_XPD_CHEX_GD_ZS,ATG,_T,_T,_T,_Z,_Z,_Z,2003,A,PT_GDP,
6.9267,P1Y,0,,A,PU,_Z,2,,,False,WB_WDI,WB_WDI_SH_XPD_CHEX_GD_ZS,ARG,_T,_T,_T,_Z,_Z,_Z,2003,A,PT_GDP,
7.179362,P1Y,0,,A,PU,_Z,2,,,False,WB_WDI,WB_WDI_SH_XPD_CHEX_GD_ZS,ARM,_T,_T,_T,_Z,_Z,_Z,2003,A,PT_GDP,
7.876595,P1Y,0,,A,PU,_Z,2,,,False,WB_WDI,WB_WDI_SH_XPD_CHEX_GD_ZS,AUS,_T,_T,_T,_Z,_Z,_Z,2003,A,PT_GDP,
9.698442,P1Y,0,,A,PU,_Z,2,,,False,WB_WDI,WB_WDI_SH_XPD_CHEX_GD_ZS,AUT,_T,_T,_T,_Z,_Z,_Z,2003,A,PT_GDP,
2.726992,P1Y,0,,A,PU,_Z,2,,,False,WB_WDI,WB_WDI_SH_XPD_CHEX_GD_ZS,AZE,_T,_T,_T,_Z,_Z,_Z,2003,A,PT_GDP,
4.653051,P1Y,0,,A,PU,_Z,2,,,False,WB_WDI,WB_WDI_SH_XPD_CHEX_GD_ZS,TUR,_T,_T,_T,_Z,_Z,_Z,2011,A,PT_GDP,
3.22296,P1Y,0,,A,PU,_Z,2,,,False,WB_WDI,WB_WDI_SH_XPD_CHEX_GD_ZS,TKM,_T,_T,_T,_Z,_Z,_Z,2011,A,PT_GDP,
14.743904,P1Y,0,,A,PU,_Z,2,,,False,WB_WDI,WB_WDI_SH_XPD_CHEX_GD_ZS,TUV,_T,_T,_T,_Z,_Z,_Z,2011,A,PT_GDP,
6.69591,P1Y,0,,A,PU,_Z,2,,,False,WB_WDI,WB_WDI_SH_XPD_CHEX_GD_ZS,UGA,_T,_T,_T,_Z,_Z,_Z,2011,A,PT_GDP,
6.816699,P1Y,0,,A,PU,_Z,2,,,False,WB_WDI,WB_WDI_SH_XPD_CHEX_GD_ZS,UKR,_T,_T,_T,_Z,_Z,_Z,2011,A,PT_GDP,
3.566664,P1Y,0,,A,PU,_Z,2,,,False,WB_WDI,WB_WDI_SH_XPD_CHEX_GD_ZS,ARE,_T,_T,_T,_Z,_Z,_Z,2011,A,PT_GDP,
9.796826,P1Y,0,,A,PU,_Z,2,,,False,WB_WDI,WB_WDI_SH_XPD_CHEX_GD_ZS,GBR,_T,_T,_T,_Z,_Z,_Z,2011,A,PT_GDP,
16.140005,P1Y,0,,A,PU,_Z,2,,,False,WB_WDI,WB_WDI_SH_XPD_CHEX_GD_ZS,USA,_T,_T,_T,_Z,_Z,_Z,2011,A,PT_GDP,
7.915214,P1Y,0,,A,PU,_Z,2,,,False,WB_WDI,WB_WDI_SH_XPD_CHEX_GD_ZS,URY,_T,_T,_T,_Z,_Z,_Z,2011,A,PT_GDP,
5.262455,P1Y,0,,A,PU,_Z,2,,,False,WB_WDI,WB_WDI_SH_XPD_CHEX_GD_ZS,UZB,_T,_T,_T,_Z,_Z,_Z,2011,A,PT_GDP,
3.597707,P1Y,0,,A,PU,_Z,2,,,False,WB_WDI,WB_WDI_SH_XPD_CHEX_GD_ZS,VUT,_T,_T,_T,_Z,_Z,_Z,2011,A,PT_GDP,
4.126005,P1Y,0,,A,PU,_Z,2,,,False,WB_WDI,WB_WDI_SH_XPD_CHEX_GD_ZS,CMR,_T,_T,_T,_Z,_Z,_Z,2015,A,PT_GDP,
10.763979,P1Y,0,,A,PU,_Z,2,,,False,WB_WDI,WB_WDI_SH_XPD_CHEX_GD_ZS,CAN,_T,_T,_T,_Z,_Z,_Z,2015,A,PT_GDP,
5.034342,P1Y,0,,A,PU,_Z,2,,,False,WB_WDI,WB_WDI_SH_XPD_CHEX_GD_ZS,CAF,_T,_T,_T,_Z,_Z,_Z,2015,A,PT_GDP,
3.402539,P1Y,0,,A,PU,_Z,2,,,False,WB_WDI,WB_WDI_SH_XPD_CHEX_GD_ZS,TCD,_T,_T,_T,_Z,_Z,_Z,2015,A,PT_GDP,
8.351394,P1Y,0,,A,PU,_Z,2,,,False,WB_WDI,WB_WDI_SH_XPD_CHEX_GD_ZS,CHL,_T,_T,_T,_Z,_Z,_Z,2015,A,PT_GDP,
4.853676,P1Y,0,,A,PU,_Z,2,,,False,WB_WDI,WB_WDI_SH_XPD_CHEX_GD_ZS,CHN,_T,_T,_T,_Z,_Z,_Z,2015,A,PT_GDP,
7.523385,P1Y,0,,A,PU,_Z,2,,,False,WB_WDI,WB_WDI_SH_XPD_CHEX_GD_ZS,COL,_T,_T,_T,_Z,_Z,_Z,2015,A,PT_GDP,
4.600899,P1Y,0,,A,PU,_Z,2,,,False,WB_WDI,WB_WDI_SH_XPD_CHEX_GD_ZS,COM,_T,_T,_T,_Z,_Z,_Z,2015,A,PT_GDP,
3.747854,P1Y,0,,A,PU,_Z,2,,,False,WB_WDI,WB_WDI_SH_XPD_CHEX_GD_ZS,COD,_T,_T,_T,_Z,_Z,_Z,2015,A,PT_GDP,
10.543934,P1Y,0,,A,PU,_Z,2,,,False,WB_WDI,WB_WDI_SH_XPD_CHEX_GD_ZS,BEL,_T,_T,_T,_Z,_Z,_Z,2009,A,PT_GDP,
4.504734,P1Y,0,,A,PU,_Z,2,,,False,WB_WDI,WB_WDI_SH_XPD_CHEX_GD_ZS,BLZ,_T,_T,_T,_Z,_Z,_Z,2009,A,PT_GDP,
2.899539,P1Y,0,,A,PU,_Z,2,,,False,WB_WDI,WB_WDI_SH_XPD_CHEX_GD_ZS,BEN,_T,_T,_T,_Z,_Z,_Z,2009,A,PT_GDP,
3.29665,P1Y,0,,A,PU,_Z,2,,,False,WB_WDI,WB_WDI_SH_XPD_CHEX_GD_ZS,BTN,_T,_T,_T,_Z,_Z,_Z,2009,A,PT_GDP,
5.174445,P1Y,0,,A,PU,_Z,2,,,False,WB_WDI,WB_WDI_SH_XPD_CHEX_GD_ZS,BOL,_T,_T,_T,_Z,_Z,_Z,2009,A,PT_GDP,
9.015209,P1Y,0,,A,PU,_Z,2,,,False,WB_WDI,WB_WDI_SH_XPD_CHEX_GD_ZS,BIH,_T,_T,_T,_Z,_Z,_Z,2009,A,PT_GDP,
6.620812,P1Y,0,,A,PU,_Z,2,,,False,WB_WDI,WB_WDI_SH_XPD_CHEX_GD_ZS,BWA,_T,_T,_T,_Z,_Z,_Z,2009,A,PT_GDP,
8.394805,P1Y,0,,A,PU,_Z,2,,,False,WB_WDI,WB_WDI_SH_XPD_CHEX_GD_ZS,BRA,_T,_T,_T,_Z,_Z,_Z,2009,A,PT_GDP,
2.393066,P1Y,0,,A,PU,_Z,2,,,False,WB_WDI,WB_WDI_SH_XPD_CHEX_GD_ZS,BRN,_T,_T,_T,_Z,_Z,_Z,2009,A,PT_GDP,
6.595776,P1Y,0,,A,PU,_Z,2,,,False,WB_WDI,WB_WDI_SH_XPD_CHEX_GD_ZS,BGR,_T,_T,_T,_Z,_Z,_Z,2009,A,PT_GDP,
4.352151,P1Y,0,,A,PU,_Z,2,,,False,WB_WDI,WB_WDI_SH_XPD_CHEX_GD_ZS,TCD,_T,_T,_T,_Z,_Z,_Z,2020,A,PT_GDP,
9.697346,P1Y,0,,A,PU,_Z,2,,,False,WB_WDI,WB_WDI_SH_XPD_CHEX_GD_ZS,CHL,_T,_T,_T,_Z,_Z,_Z,2020,A,PT_GDP,
5.504418,P1Y,0,,A,PU,_Z,2,,,False,WB_WDI,WB_WDI_SH_XPD_CHEX_GD_ZS,CHN,_T,_T,_T,_Z,_Z,_Z,2020,A,PT_GDP,
8.697513,P1Y,0,,A,PU,_Z,2,,,False,WB_WDI,WB_WDI_SH_XPD_CHEX_GD_ZS,COL,_T,_T,_T,_Z,_Z,_Z,2020,A,PT_GDP,
5.902421,P1Y,0,,A,PU,_Z,2,,,False,WB_WDI,WB_WDI_SH_XPD_CHEX_GD_ZS,COM,_T,_T,_T,_Z,_Z,_Z,2020,A,PT_GDP,
3.976944,P1Y,0,,A,PU,_Z,2,,,False,WB_WDI,WB_WDI_SH_XPD_CHEX_GD_ZS,COD,_T,_T,_T,_Z,_Z,_Z,2020,A,PT_GDP,
4.017751,P1Y,0,,A,PU,_Z,2,,,False,WB_WDI,WB_WDI_SH_XPD_CHEX_GD_ZS,COG,_T,_T,_T,_Z,_Z,_Z,2020,A,PT_GDP,
7.825458,P1Y,0,,A,PU,_Z,2,,,False,WB_WDI,WB_WDI_SH_XPD_CHEX_GD_ZS,CRI,_T,_T,_T,_Z,_Z,_Z,2020,A,PT_GDP,
3.623279,P1Y,0,,A,PU,_Z,2,,,False,WB_WDI,WB_WDI_SH_XPD_CHEX_GD_ZS,CIV,_T,_T,_T,_Z,_Z,_Z,2020,A,PT_GDP,
7.683529,P1Y,0,,A,PU,_Z,2,,,False,WB_WDI,WB_WDI_SH_XPD_CHEX_GD_ZS,HRV,_T,_T,_T,_Z,_Z,_Z,2020,A,PT_GDP,
5.332489,P1Y,0,,A,PU,_Z,2,,,False,WB_WDI,WB_WDI_SH_XPD_CHEX_GD_ZS,MDG,_T,_T,_T,_Z,_Z,_Z,2016,A,PT_GDP,
7.727038,P1Y,0,,A,PU,_Z,2,,,False,WB_WDI,WB_WDI_SH_XPD_CHEX_GD_ZS,MWI,_T,_T,_T,_Z,_Z,_Z,2016,A,PT_GDP,
3.700853,P1Y,0,,A,PU,_Z,2,,,False,WB_WDI,WB_WDI_SH_XPD_CHEX_GD_ZS,MYS,_T,_T,_T,_Z,_Z,_Z,2016,A,PT_GDP,
10.233371,P1Y,0,,A,PU,_Z,2,,,False,WB_WDI,WB_WDI_SH_XPD_CHEX_GD_ZS,MDV,_T,_T,_T,_Z,_Z,_Z,2016,A,PT_GDP,
3.773776,P1Y,0,,A,PU,_Z,2,,,False,WB_WDI,WB_WDI_SH_XPD_CHEX_GD_ZS,MLI,_T,_T,_T,_Z,_Z,_Z,2016,A,PT_GDP,
8.699281,P1Y,0,,A,PU,_Z,2,,,False,WB_WDI,WB_WDI_SH_XPD_CHEX_GD_ZS,MLT,_T,_T,_T,_Z,_Z,_Z,2016,A,PT_GDP,
14.628162,P1Y,0,,A,PU,_Z,2,,,False,WB_WDI,WB_WDI_SH_XPD_CHEX_GD_ZS,MHL,_T,_T,_T,_Z,_Z,_Z,2016,A,PT_GDP,
3.186995,P1Y,0,,A,PU,_Z,2,,,False,WB_WDI,WB_WDI_SH_XPD_CHEX_GD_ZS,MRT,_T,_T,_T,_Z,_Z,_Z,2016,A,PT_GDP,
5.542895,P1Y,0,,A,PU,_Z,2,,,False,WB_WDI,WB_WDI_SH_XPD_CHEX_GD_ZS,MUS,_T,_T,_T,_Z,_Z,_Z,2016,A,PT_GDP,
5.38499,P1Y,0,,A,PU,_Z,2,,,False,WB_WDI,WB_WDI_SH_XPD_CHEX_GD_ZS,MEX,_T,_T,_T,_Z,_Z,_Z,2016,A,PT_GDP,
8.708134,P1Y,0,,A,PU,_Z,2,,,False,WB_WDI,WB_WDI_SH_XPD_CHEX_GD_ZS,KIR,_T,_T,_T,_Z,_Z,_Z,2013,A,PT_GDP,
6.068586,P1Y,0,,A,PU,_Z,2,,,False,WB_WDI,WB_WDI_SH_XPD_CHEX_GD_ZS,KOR,_T,_T,_T,_Z,_Z,_Z,2013,A,PT_GDP,
2.487893,P1Y,0,,A,PU,_Z,2,,,False,WB_WDI,WB_WDI_SH_XPD_CHEX_GD_ZS,KWT,_T,_T,_T,_Z,_Z,_Z,2013,A,PT_GDP,
8.18745,P1Y,0,,A,PU,_Z,2,,,False,WB_WDI,WB_WDI_SH_XPD_CHEX_GD_ZS,KGZ,_T,_T,_T,_Z,_Z,_Z,2013,A,PT_GDP,
2.39985,P1Y,0,,A,PU,_Z,2,,,False,WB_WDI,WB_WDI_SH_XPD_CHEX_GD_ZS,LAO,_T,_T,_T,_Z,_Z,_Z,2013,A,PT_GDP,
5.604048,P1Y,0,,A,PU,_Z,2,,,False,WB_WDI,WB_WDI_SH_XPD_CHEX_GD_ZS,LVA,_T,_T,_T,_Z,_Z,_Z,2013,A,PT_GDP,
7.067422,P1Y,0,,A,PU,_Z,2,,,False,WB_WDI,WB_WDI_SH_XPD_CHEX_GD_ZS,LBN,_T,_T,_T,_Z,_Z,_Z,2013,A,PT_GDP,
10.97986,P1Y,0,,A,PU,_Z,2,,,False,WB_WDI,WB_WDI_SH_XPD_CHEX_GD_ZS,LSO,_T,_T,_T,_Z,_Z,_Z,2013,A,PT_GDP,
7.156104,P1Y,0,,A,PU,_Z,2,,,False,WB_WDI,WB_WDI_SH_XPD_CHEX_GD_ZS,LBR,_T,_T,_T,_Z,_Z,_Z,2013,A,PT_GDP,
4.975486,P1Y,0,,A,PU,_Z,2,,,False,WB_WDI,WB_WDI_SH_XPD_CHEX_GD_ZS,LBY,_T,_T,_T,_Z,_Z,_Z,2013,A,PT_GDP,
5.202305,P1Y,0,,A,PU,_Z,2,,,False,WB_WDI,WB_WDI_SH_XPD_CHEX_GD_ZS,BOL,_T,_T,_T,_Z,_Z,_Z,2010,A,PT_GDP,
9.012127,P1Y,0,,A,PU,_Z,2,,,False,WB_WDI,WB_WDI_SH_XPD_CHEX_GD_ZS,BIH,_T,_T,_T,_Z,_Z,_Z,2010,A,PT_GDP,
6.267182,P1Y,0,,A,PU,_Z,2,,,False,WB_WDI,WB_WDI_SH_XPD_CHEX_GD_ZS,BWA,_T,_T,_T,_Z,_Z,_Z,2010,A,PT_GDP,
7.945166,P1Y,0,,A,PU,_Z,2,,,False,WB_WDI,WB_WDI_SH_XPD_CHEX_GD_ZS,BRA,_T,_T,_T,_Z,_Z,_Z,2010,A,PT_GDP,
2.278261,P1Y,0,,A,PU,_Z,2,,,False,WB_WDI,WB_WDI_SH_XPD_CHEX_GD_ZS,BRN,_T,_T,_T,_Z,_Z,_Z,2010,A,PT_GDP,
7.094779,P1Y,0,,A,PU,_Z,2,,,False,WB_WDI,WB_WDI_SH_XPD_CHEX_GD_ZS,BGR,_T,_T,_T,_Z,_Z,_Z,2010,A,PT_GDP,
5.289672,P1Y,0,,A,PU,_Z,2,,,False,WB_WDI,WB_WDI_SH_XPD_CHEX_GD_ZS,BFA,_T,_T,_T,_Z,_Z,_Z,2010,A,PT_GDP,
11.281967,P1Y,0,,A,PU,_Z,2,,,False,WB_WDI,WB_WDI_SH_XPD_CHEX_GD_ZS,BDI,_T,_T,_T,_Z,_Z,_Z,2010,A,PT_GDP,
4.080854,P1Y,0,,A,PU,_Z,2,,,False,WB_WDI,WB_WDI_SH_XPD_CHEX_GD_ZS,CPV,_T,_T,_T,_Z,_Z,_Z,2010,A,PT_GDP,
5.627132,P1Y,0,,A,PU,_Z,2,,,False,WB_WDI,WB_WDI_SH_XPD_CHEX_GD_ZS,KHM,_T,_T,_T,_Z,_Z,_Z,2010,A,PT_GDP,
11.048235,P1Y,0,,A,PU,_Z,2,,,False,WB_WDI,WB_WDI_SH_XPD_CHEX_GD_ZS,CAN,_T,_T,_T,_Z,_Z,_Z,2019,A,PT_GDP,
7.760815,P1Y,0,,A,PU,_Z,2,,,False,WB_WDI,WB_WDI_SH_XPD_CHEX_GD_ZS,CAF,_T,_T,_T,_Z,_Z,_Z,2019,A,PT_GDP,
3.384716,P1Y,0,,A,PU,_Z,2,,,False,WB_WDI,WB_WDI_SH_XPD_CHEX_GD_ZS,TCD,_T,_T,_T,_Z,_Z,_Z,2019,A,PT_GDP,
9.309685,P1Y,0,,A,PU,_Z,2,,,False,WB_WDI,WB_WDI_SH_XPD_CHEX_GD_ZS,CHL,_T,_T,_T,_Z,_Z,_Z,2019,A,PT_GDP,
5.265169,P1Y,0,,A,PU,_Z,2,,,False,WB_WDI,WB_WDI_SH_XPD_CHEX_GD_ZS,CHN,_T,_T,_T,_Z,_Z,_Z,2019,A,PT_GDP,
7.834048,P1Y,0,,A,PU,_Z,2,,,False,WB_WDI,WB_WDI_SH_XPD_CHEX_GD_ZS,COL,_T,_T,_T,_Z,_Z,_Z,2019,A,PT_GDP,
5.180445,P1Y,0,,A,PU,_Z,2,,,False,WB_WDI,WB_WDI_SH_XPD_CHEX_GD_ZS,COM,_T,_T,_T,_Z,_Z,_Z,2019,A,PT_GDP,
3.508039,P1Y,0,,A,PU,_Z,2,,,False,WB_WDI,WB_WDI_SH_XPD_CHEX_GD_ZS,COD,_T,_T,_T,_Z,_Z,_Z,2019,A,PT_GDP,
2.347713,P1Y,0,,A,PU,_Z,2,,,False,WB_WDI,WB_WDI_SH_XPD_CHEX_GD_ZS,COG,_T,_T,_T,_Z,_Z,_Z,2019,A,PT_GDP,
7.221249,P1Y,0,,A,PU,_Z,2,,,False,WB_WDI,WB_WDI_SH_XPD_CHEX_GD_ZS,CRI,_T,_T,_T,_Z,_Z,_Z,2019,A,PT_GDP,
3.189168,P1Y,0,,A,PU,_Z,2,,,False,WB_WDI,WB_WDI_SH_XPD_CHEX_GD_ZS,CIV,_T,_T,_T,_Z,_Z,_Z,2019,A,PT_GDP,
9.139435,P1Y,0,,A,PU,_Z,2,,,False,WB_WDI,WB_WDI_SH_XPD_CHEX_GD_ZS,BIH,_T,_T,_T,_Z,_Z,_Z,2016,A,PT_GDP,
5.768376,P1Y,0,,A,PU,_Z,2,,,False,WB_WDI,WB_WDI_SH_XPD_CHEX_GD_ZS,BWA,_T,_T,_T,_Z,_Z,_Z,2016,A,PT_GDP,
9.169017,P1Y,0,,A,PU,_Z,2,,,False,WB_WDI,WB_WDI_SH_XPD_CHEX_GD_ZS,BRA,_T,_T,_T,_Z,_Z,_Z,2016,A,PT_GDP,
2.548287,P1Y,0,,A,PU,_Z,2,,,False,WB_WDI,WB_WDI_SH_XPD_CHEX_GD_ZS,BRN,_T,_T,_T,_Z,_Z,_Z,2016,A,PT_GDP,
7.45975,P1Y,0,,A,PU,_Z,2,,,False,WB_WDI,WB_WDI_SH_XPD_CHEX_GD_ZS,BGR,_T,_T,_T,_Z,_Z,_Z,2016,A,PT_GDP,
5.952847,P1Y,0,,A,PU,_Z,2,,,False,WB_WDI,WB_WDI_SH_XPD_CHEX_GD_ZS,BFA,_T,_T,_T,_Z,_Z,_Z,2016,A,PT_GDP,
7.061482,P1Y,0,,A,PU,_Z,2,,,False,WB_WDI,WB_WDI_SH_XPD_CHEX_GD_ZS,BDI,_T,_T,_T,_Z,_Z,_Z,2016,A,PT_GDP,
4.36134,P1Y,0,,A,PU,_Z,2,,,False,WB_WDI,WB_WDI_SH_XPD_CHEX_GD_ZS,CPV,_T,_T,_T,_Z,_Z,_Z,2016,A,PT_GDP,
4.490533,P1Y,0,,A,PU,_Z,2,,,False,WB_WDI,WB_WDI_SH_XPD_CHEX_GD_ZS,KHM,_T,_T,_T,_Z,_Z,_Z,2016,A,PT_GDP,
4.022537,P1Y,0,,A,PU,_Z,2,,,False,WB_WDI,WB_WDI_SH_XPD_CHEX_GD_ZS,CMR,_T,_T,_T,_Z,_Z,_Z,2016,A,PT_GDP,
10.926917,P1Y,0,,A,PU,_Z,2,,,False,WB_WDI,WB_WDI_SH_XPD_CHEX_GD_ZS,PLW,_T,_T,_T,_Z,_Z,_Z,2013,A,PT_GDP,
6.522104,P1Y,0,,A,PU,_Z,2,,,False,WB_WDI,WB_WDI_SH_XPD_CHEX_GD_ZS,PAN,_T,_T,_T,_Z,_Z,_Z,2013,A,PT_GDP,
2.997279,P1Y,0,,A,PU,_Z,2,,,False,WB_WDI,WB_WDI_SH_XPD_CHEX_GD_ZS,PNG,_T,_T,_T,_Z,_Z,_Z,2013,A,PT_GDP,
6.064285,P1Y,0,,A,PU,_Z,2,,,False,WB_WDI,WB_WDI_SH_XPD_CHEX_GD_ZS,PRY,_T,_T,_T,_Z,_Z,_Z,2013,A,PT_GDP,
4.712727,P1Y,0,,A,PU,_Z,2,,,False,WB_WDI,WB_WDI_SH_XPD_CHEX_GD_ZS,PER,_T,_T,_T,_Z,_Z,_Z,2013,A,PT_GDP,
4.274087,P1Y,0,,A,PU,_Z,2,,,False,WB_WDI,WB_WDI_SH_XPD_CHEX_GD_ZS,PHL,_T,_T,_T,_Z,_Z,_Z,2013,A,PT_GDP,
6.449937,P1Y,0,,A,PU,_Z,2,,,False,WB_WDI,WB_WDI_SH_XPD_CHEX_GD_ZS,POL,_T,_T,_T,_Z,_Z,_Z,2013,A,PT_GDP,
9.394761,P1Y,0,,A,PU,_Z,2,,,False,WB_WDI,WB_WDI_SH_XPD_CHEX_GD_ZS,PRT,_T,_T,_T,_Z,_Z,_Z,2013,A,PT_GDP,
2.076202,P1Y,0,,A,PU,_Z,2,,,False,WB_WDI,WB_WDI_SH_XPD_CHEX_GD_ZS,QAT,_T,_T,_T,_Z,_Z,_Z,2013,A,PT_GDP,
5.22407,P1Y,0,,A,PU,_Z,2,,,False,WB_WDI,WB_WDI_SH_XPD_CHEX_GD_ZS,ROU,_T,_T,_T,_Z,_Z,_Z,2013,A,PT_GDP,
6.964875,P1Y,0,,A,PU,_Z,2,,,False,WB_WDI,WB_WDI_SH_XPD_CHEX_GD_ZS,SDN,_T,_T,_T,_Z,_Z,_Z,2013,A,PT_GDP,
4.487381,P1Y,0,,A,PU,_Z,2,,,False,WB_WDI,WB_WDI_SH_XPD_CHEX_GD_ZS,SUR,_T,_T,_T,_Z,_Z,_Z,2013,A,PT_GDP,
10.987218,P1Y,0,,A,PU,_Z,2,,,False,WB_WDI,WB_WDI_SH_XPD_CHEX_GD_ZS,SWE,_T,_T,_T,_Z,_Z,_Z,2013,A,PT_GDP,
10.594445,P1Y,0,,A,PU,_Z,2,,,False,WB_WDI,WB_WDI_SH_XPD_CHEX_GD_ZS,CHE,_T,_T,_T,_Z,_Z,_Z,2013,A,PT_GDP,
3.775185,P1Y,0,,A,PU,_Z,2,,,False,WB_WDI,WB_WDI_SH_XPD_CHEX_GD_ZS,SYR,_T,_T,_T,_Z,_Z,_Z,2013,A,PT_GDP,
6.532264,P1Y,0,,A,PU,_Z,2,,,False,WB_WDI,WB_WDI_SH_XPD_CHEX_GD_ZS,TJK,_T,_T,_T,_Z,_Z,_Z,2013,A,PT_GDP,
4.646434,P1Y,0,,A,PU,_Z,2,,,False,WB_WDI,WB_WDI_SH_XPD_CHEX_GD_ZS,TZA,_T,_T,_T,_Z,_Z,_Z,2013,A,PT_GDP,
3.453133,P1Y,0,,A,PU,_Z,2,,,False,WB_WDI,WB_WDI_SH_XPD_CHEX_GD_ZS,THA,_T,_T,_T,_Z,_Z,_Z,2013,A,PT_GDP,
8.532378,P1Y,0,,A,PU,_Z,2,,,False,WB_WDI,WB_WDI_SH_XPD_CHEX_GD_ZS,TLS,_T,_T,_T,_Z,_Z,_Z,2013,A,PT_GDP,
4.786703,P1Y,0,,A,PU,_Z,2,,,False,WB_WDI,WB_WDI_SH_XPD_CHEX_GD_ZS,TGO,_T,_T,_T,_Z,_Z,_Z,2013,A,PT_GDP,
4.167688,P1Y,0,,A,PU,_Z,2,,,False,WB_WDI,WB_WDI_SH_XPD_CHEX_GD_ZS,TON,_T,_T,_T,_Z,_Z,_Z,2013,A,PT_GDP,
10.178279,P1Y,0,,A,PU,_Z,2,,,False,WB_WDI,WB_WDI_SH_XPD_CHEX_GD_ZS,ARM,_T,_T,_T,_Z,_Z,_Z,2014,A,PT_GDP,
9.828339,P1Y,0,,A,PU,_Z,2,,,False,WB_WDI,WB_WDI_SH_XPD_CHEX_GD_ZS,AUS,_T,_T,_T,_Z,_Z,_Z,2014,A,PT_GDP,
10.511591,P1Y,0,,A,PU,_Z,2,,,False,WB_WDI,WB_WDI_SH_XPD_CHEX_GD_ZS,AUT,_T,_T,_T,_Z,_Z,_Z,2014,A,PT_GDP,
3.58703,P1Y,0,,A,PU,_Z,2,,,False,WB_WDI,WB_WDI_SH_XPD_CHEX_GD_ZS,AZE,_T,_T,_T,_Z,_Z,_Z,2014,A,PT_GDP,
5.64134,P1Y,0,,A,PU,_Z,2,,,False,WB_WDI,WB_WDI_SH_XPD_CHEX_GD_ZS,BHS,_T,_T,_T,_Z,_Z,_Z,2014,A,PT_GDP,
4.236905,P1Y,0,,A,PU,_Z,2,,,False,WB_WDI,WB_WDI_SH_XPD_CHEX_GD_ZS,BHR,_T,_T,_T,_Z,_Z,_Z,2014,A,PT_GDP,
2.279152,P1Y,0,,A,PU,_Z,2,,,False,WB_WDI,WB_WDI_SH_XPD_CHEX_GD_ZS,BGD,_T,_T,_T,_Z,_Z,_Z,2014,A,PT_GDP,
6.097323,P1Y,0,,A,PU,_Z,2,,,False,WB_WDI,WB_WDI_SH_XPD_CHEX_GD_ZS,BRB,_T,_T,_T,_Z,_Z,_Z,2014,A,PT_GDP,
5.387922,P1Y,0,,A,PU,_Z,2,,,False,WB_WDI,WB_WDI_SH_XPD_CHEX_GD_ZS,BLR,_T,_T,_T,_Z,_Z,_Z,2014,A,PT_GDP,
10.620326,P1Y,0,,A,PU,_Z,2,,,False,WB_WDI,WB_WDI_SH_XPD_CHEX_GD_ZS,BEL,_T,_T,_T,_Z,_Z,_Z,2014,A,PT_GDP,
5.992837,P1Y,0,,A,PU,_Z,2,,,False,WB_WDI,WB_WDI_SH_XPD_CHEX_GD_ZS,SUR,_T,_T,_T,_Z,_Z,_Z,2016,A,PT_GDP,
10.956924,P1Y,0,,A,PU,_Z,2,,,False,WB_WDI,WB_WDI_SH_XPD_CHEX_GD_ZS,SWE,_T,_T,_T,_Z,_Z,_Z,2016,A,PT_GDP,
11.202488,P1Y,0,,A,PU,_Z,2,,,False,WB_WDI,WB_WDI_SH_XPD_CHEX_GD_ZS,CHE,_T,_T,_T,_Z,_Z,_Z,2016,A,PT_GDP,
3.890735,P1Y,0,,A,PU,_Z,2,,,False,WB_WDI,WB_WDI_SH_XPD_CHEX_GD_ZS,SYR,_T,_T,_T,_Z,_Z,_Z,2016,A,PT_GDP,
6.963497,P1Y,0,,A,PU,_Z,2,,,False,WB_WDI,WB_WDI_SH_XPD_CHEX_GD_ZS,TJK,_T,_T,_T,_Z,_Z,_Z,2016,A,PT_GDP,
3.963503,P1Y,0,,A,PU,_Z,2,,,False,WB_WDI,WB_WDI_SH_XPD_CHEX_GD_ZS,TZA,_T,_T,_T,_Z,_Z,_Z,2016,A,PT_GDP,
3.939006,P1Y,0,,A,PU,_Z,2,,,False,WB_WDI,WB_WDI_SH_XPD_CHEX_GD_ZS,THA,_T,_T,_T,_Z,_Z,_Z,2016,A,PT_GDP,
6.942507,P1Y,0,,A,PU,_Z,2,,,False,WB_WDI,WB_WDI_SH_XPD_CHEX_GD_ZS,TLS,_T,_T,_T,_Z,_Z,_Z,2016,A,PT_GDP,
6.585501,P1Y,0,,A,PU,_Z,2,,,False,WB_WDI,WB_WDI_SH_XPD_CHEX_GD_ZS,TGO,_T,_T,_T,_Z,_Z,_Z,2016,A,PT_GDP,
5.225911,P1Y,0,,A,PU,_Z,2,,,False,WB_WDI,WB_WDI_SH_XPD_CHEX_GD_ZS,TON,_T,_T,_T,_Z,_Z,_Z,2016,A,PT_GDP,
4.00855,P1Y,0,,A,PU,_Z,2,,,False,WB_WDI,WB_WDI_SH_XPD_CHEX_GD_ZS,ARE,_T,_T,_T,_Z,_Z,_Z,2017,A,PT_GDP,
9.704689,P1Y,0,,A,PU,_Z,2,,,False,WB_WDI,WB_WDI_SH_XPD_CHEX_GD_ZS,GBR,_T,_T,_T,_Z,_Z,_Z,2017,A,PT_GDP,
16.638275,P1Y,0,,A,PU,_Z,2,,,False,WB_WDI,WB_WDI_SH_XPD_CHEX_GD_ZS,USA,_T,_T,_T,_Z,_Z,_Z,2017,A,PT_GDP,
8.717022,P1Y,0,,A,PU,_Z,2,,,False,WB_WDI,WB_WDI_SH_XPD_CHEX_GD_ZS,URY,_T,_T,_T,_Z,_Z,_Z,2017,A,PT_GDP,
4.308886,P1Y,0,,A,PU,_Z,2,,,False,WB_WDI,WB_WDI_SH_XPD_CHEX_GD_ZS,UZB,_T,_T,_T,_Z,_Z,_Z,2017,A,PT_GDP,
2.881181,P1Y,0,,A,PU,_Z,2,,,False,WB_WDI,WB_WDI_SH_XPD_CHEX_GD_ZS,VUT,_T,_T,_T,_Z,_Z,_Z,2017,A,PT_GDP,
4.990148,P1Y,0,,A,PU,_Z,2,,,False,WB_WDI,WB_WDI_SH_XPD_CHEX_GD_ZS,VNM,_T,_T,_T,_Z,_Z,_Z,2017,A,PT_GDP,
9.122353,P1Y,0,,A,PU,_Z,2,,,False,WB_WDI,WB_WDI_SH_XPD_CHEX_GD_ZS,PSE,_T,_T,_T,_Z,_Z,_Z,2017,A,PT_GDP,
8.147239,P1Y,0,,A,PU,_Z,2,,,False,WB_WDI,WB_WDI_SH_XPD_CHEX_GD_ZS,YEM,_T,_T,_T,_Z,_Z,_Z,2017,A,PT_GDP,
4.781562,P1Y,0,,A,PU,_Z,2,,,False,WB_WDI,WB_WDI_SH_XPD_CHEX_GD_ZS,ZMB,_T,_T,_T,_Z,_Z,_Z,2017,A,PT_GDP,
6.474658,P1Y,0,,A,PU,_Z,2,,,False,WB_WDI,WB_WDI_SH_XPD_CHEX_GD_ZS,TTO,_T,_T,_T,_Z,_Z,_Z,2016,A,PT_GDP,
6.247782,P1Y,0,,A,PU,_Z,2,,,False,WB_WDI,WB_WDI_SH_XPD_CHEX_GD_ZS,TUN,_T,_T,_T,_Z,_Z,_Z,2016,A,PT_GDP,
4.284692,P1Y,0,,A,PU,_Z,2,,,False,WB_WDI,WB_WDI_SH_XPD_CHEX_GD_ZS,TUR,_T,_T,_T,_Z,_Z,_Z,2016,A,PT_GDP,
5.587185,P1Y,0,,A,PU,_Z,2,,,False,WB_WDI,WB_WDI_SH_XPD_CHEX_GD_ZS,TKM,_T,_T,_T,_Z,_Z,_Z,2016,A,PT_GDP,
18.325392,P1Y,0,,A,PU,_Z,2,,,False,WB_WDI,WB_WDI_SH_XPD_CHEX_GD_ZS,TUV,_T,_T,_T,_Z,_Z,_Z,2016,A,PT_GDP,
5.015533,P1Y,0,,A,PU,_Z,2,,,False,WB_WDI,WB_WDI_SH_XPD_CHEX_GD_ZS,UGA,_T,_T,_T,_Z,_Z,_Z,2016,A,PT_GDP,
7.552054,P1Y,0,,A,PU,_Z,2,,,False,WB_WDI,WB_WDI_SH_XPD_CHEX_GD_ZS,UKR,_T,_T,_T,_Z,_Z,_Z,2016,A,PT_GDP,
3.895801,P1Y,0,,A,PU,_Z,2,,,False,WB_WDI,WB_WDI_SH_XPD_CHEX_GD_ZS,ARE,_T,_T,_T,_Z,_Z,_Z,2016,A,PT_GDP,
9.870857,P1Y,0,,A,PU,_Z,2,,,False,WB_WDI,WB_WDI_SH_XPD_CHEX_GD_ZS,GBR,_T,_T,_T,_Z,_Z,_Z,2016,A,PT_GDP,
16.692039,P1Y,0,,A,PU,_Z,2,,,False,WB_WDI,WB_WDI_SH_XPD_CHEX_GD_ZS,USA,_T,_T,_T,_Z,_Z,_Z,2016,A,PT_GDP,
8.638525,P1Y,0,,A,PU,_Z,2,,,False,WB_WDI,WB_WDI_SH_XPD_CHEX_GD_ZS,URY,_T,_T,_T,_Z,_Z,_Z,2016,A,PT_GDP,
4.49498,P1Y,0,,A,PU,_Z,2,,,False,WB_WDI,WB_WDI_SH_XPD_CHEX_GD_ZS,MNG,_T,_T,_T,_Z,_Z,_Z,2019,A,PT_GDP,
8.329832,P1Y,0,,A,PU,_Z,2,,,False,WB_WDI,WB_WDI_SH_XPD_CHEX_GD_ZS,MNE,_T,_T,_T,_Z,_Z,_Z,2019,A,PT_GDP,
5.020401,P1Y,0,,A,PU,_Z,2,,,False,WB_WDI,WB_WDI_SH_XPD_CHEX_GD_ZS,MAR,_T,_T,_T,_Z,_Z,_Z,2019,A,PT_GDP,
7.902074,P1Y,0,,A,PU,_Z,2,,,False,WB_WDI,WB_WDI_SH_XPD_CHEX_GD_ZS,MOZ,_T,_T,_T,_Z,_Z,_Z,2019,A,PT_GDP,
3.814466,P1Y,0,,A,PU,_Z,2,,,False,WB_WDI,WB_WDI_SH_XPD_CHEX_GD_ZS,MMR,_T,_T,_T,_Z,_Z,_Z,2019,A,PT_GDP,
8.858058,P1Y,0,,A,PU,_Z,2,,,False,WB_WDI,WB_WDI_SH_XPD_CHEX_GD_ZS,NAM,_T,_T,_T,_Z,_Z,_Z,2019,A,PT_GDP,
11.561557,P1Y,0,,A,PU,_Z,2,,,False,WB_WDI,WB_WDI_SH_XPD_CHEX_GD_ZS,NRU,_T,_T,_T,_Z,_Z,_Z,2019,A,PT_GDP,
4.445247,P1Y,0,,A,PU,_Z,2,,,False,WB_WDI,WB_WDI_SH_XPD_CHEX_GD_ZS,NPL,_T,_T,_T,_Z,_Z,_Z,2019,A,PT_GDP,
9.936163,P1Y,0,,A,PU,_Z,2,,,False,WB_WDI,WB_WDI_SH_XPD_CHEX_GD_ZS,NLD,_T,_T,_T,_Z,_Z,_Z,2019,A,PT_GDP,
8.618987,P1Y,0,,A,PU,_Z,2,,,False,WB_WDI,WB_WDI_SH_XPD_CHEX_GD_ZS,NZL,_T,_T,_T,_Z,_Z,_Z,2019,A,PT_GDP,
8.500371,P1Y,0,,A,PU,_Z,2,,,False,WB_WDI,WB_WDI_SH_XPD_CHEX_GD_ZS,NIC,_T,_T,_T,_Z,_Z,_Z,2019,A,PT_GDP,
7.799432,P1Y,0,,A,PU,_Z,2,,,True,WB_WDI,WB_WDI_SH_XPD_CHEX_GD_ZS,BFA,_T,_T,_T,_Z,_Z,_Z,2023,A,PT_GDP,
9.094712,P1Y,0,,A,PU,_Z,2,,,True,WB_WDI,WB_WDI_SH_XPD_CHEX_GD_ZS,BDI,_T,_T,_T,_Z,_Z,_Z,2023,A,PT_GDP,
5.847916,P1Y,0,,A,PU,_Z,2,,,True,WB_WDI,WB_WDI_SH_XPD_CHEX_GD_ZS,CPV,_T,_T,_T,_Z,_Z,_Z,2023,A,PT_GDP,
4.617068,P1Y,0,,A,PU,_Z,2,,,True,WB_WDI,WB_WDI_SH_XPD_CHEX_GD_ZS,KHM,_T,_T,_T,_Z,_Z,_Z,2023,A,PT_GDP,
4.554552,P1Y,0,,A,PU,_Z,2,,,True,WB_WDI,WB_WDI_SH_XPD_CHEX_GD_ZS,CMR,_T,_T,_T,_Z,_Z,_Z,2023,A,PT_GDP,
11.186929,P1Y,0,,A,PU,_Z,2,,,False,WB_WDI,WB_WDI_SH_XPD_CHEX_GD_ZS,CAN,_T,_T,_T,_Z,_Z,_Z,2023,A,PT_GDP,
10.655532,P1Y,0,,A,PU,_Z,2,,,True,WB_WDI,WB_WDI_SH_XPD_CHEX_GD_ZS,CAF,_T,_T,_T,_Z,_Z,_Z,2023,A,PT_GDP,
4.997077,P1Y,0,,A,PU,_Z,2,,,True,WB_WDI,WB_WDI_SH_XPD_CHEX_GD_ZS,TCD,_T,_T,_T,_Z,_Z,_Z,2023,A,PT_GDP,
10.174705,P1Y,0,,A,PU,_Z,2,,,False,WB_WDI,WB_WDI_SH_XPD_CHEX_GD_ZS,CHL,_T,_T,_T,_Z,_Z,_Z,2023,A,PT_GDP,
5.943889,P1Y,0,,A,PU,_Z,2,,,True,WB_WDI,WB_WDI_SH_XPD_CHEX_GD_ZS,CHN,_T,_T,_T,_Z,_Z,_Z,2023,A,PT_GDP,
8.158381,P1Y,0,,A,PU,_Z,2,,,False,WB_WDI,WB_WDI_SH_XPD_CHEX_GD_ZS,COL,_T,_T,_T,_Z,_Z,_Z,2023,A,PT_GDP,
6.55212,P1Y,0,,A,PU,_Z,2,,,True,WB_WDI,WB_WDI_SH_XPD_CHEX_GD_ZS,COM,_T,_T,_T,_Z,_Z,_Z,2023,A,PT_GDP,
4.622288,P1Y,0,,A,PU,_Z,2,,,False,WB_WDI,WB_WDI_SH_XPD_CHEX_GD_ZS,BLZ,_T,_T,_T,_Z,_Z,_Z,2017,A,PT_GDP,
3.673893,P1Y,0,,A,PU,_Z,2,,,False,WB_WDI,WB_WDI_SH_XPD_CHEX_GD_ZS,BEN,_T,_T,_T,_Z,_Z,_Z,2017,A,PT_GDP,
3.112151,P1Y,0,,A,PU,_Z,2,,,False,WB_WDI,WB_WDI_SH_XPD_CHEX_GD_ZS,BTN,_T,_T,_T,_Z,_Z,_Z,2017,A,PT_GDP,
6.490195,P1Y,0,,A,PU,_Z,2,,,False,WB_WDI,WB_WDI_SH_XPD_CHEX_GD_ZS,BOL,_T,_T,_T,_Z,_Z,_Z,2017,A,PT_GDP,
8.817973,P1Y,0,,A,PU,_Z,2,,,False,WB_WDI,WB_WDI_SH_XPD_CHEX_GD_ZS,BIH,_T,_T,_T,_Z,_Z,_Z,2017,A,PT_GDP,
6.62987,P1Y,0,,A,PU,_Z,2,,,False,WB_WDI,WB_WDI_SH_XPD_CHEX_GD_ZS,BWA,_T,_T,_T,_Z,_Z,_Z,2017,A,PT_GDP,
9.471251,P1Y,0,,A,PU,_Z,2,,,False,WB_WDI,WB_WDI_SH_XPD_CHEX_GD_ZS,BRA,_T,_T,_T,_Z,_Z,_Z,2017,A,PT_GDP,
2.270229,P1Y,0,,A,PU,_Z,2,,,False,WB_WDI,WB_WDI_SH_XPD_CHEX_GD_ZS,BRN,_T,_T,_T,_Z,_Z,_Z,2017,A,PT_GDP,
7.496245,P1Y,0,,A,PU,_Z,2,,,False,WB_WDI,WB_WDI_SH_XPD_CHEX_GD_ZS,BGR,_T,_T,_T,_Z,_Z,_Z,2017,A,PT_GDP,
7.678643,P1Y,0,,A,PU,_Z,2,,,False,WB_WDI,WB_WDI_SH_XPD_CHEX_GD_ZS,COL,_T,_T,_T,_Z,_Z,_Z,2017,A,PT_GDP,
5.268075,P1Y,0,,A,PU,_Z,2,,,False,WB_WDI,WB_WDI_SH_XPD_CHEX_GD_ZS,COM,_T,_T,_T,_Z,_Z,_Z,2017,A,PT_GDP,
4.000578,P1Y,0,,A,PU,_Z,2,,,False,WB_WDI,WB_WDI_SH_XPD_CHEX_GD_ZS,COD,_T,_T,_T,_Z,_Z,_Z,2017,A,PT_GDP,
2.36476,P1Y,0,,A,PU,_Z,2,,,False,WB_WDI,WB_WDI_SH_XPD_CHEX_GD_ZS,COG,_T,_T,_T,_Z,_Z,_Z,2017,A,PT_GDP,
7.04523,P1Y,0,,A,PU,_Z,2,,,False,WB_WDI,WB_WDI_SH_XPD_CHEX_GD_ZS,CRI,_T,_T,_T,_Z,_Z,_Z,2017,A,PT_GDP,
3.24693,P1Y,0,,A,PU,_Z,2,,,False,WB_WDI,WB_WDI_SH_XPD_CHEX_GD_ZS,CIV,_T,_T,_T,_Z,_Z,_Z,2017,A,PT_GDP,
6.628031,P1Y,0,,A,PU,_Z,2,,,False,WB_WDI,WB_WDI_SH_XPD_CHEX_GD_ZS,HRV,_T,_T,_T,_Z,_Z,_Z,2017,A,PT_GDP,
11.472015,P1Y,0,,A,PU,_Z,2,,,False,WB_WDI,WB_WDI_SH_XPD_CHEX_GD_ZS,CUB,_T,_T,_T,_Z,_Z,_Z,2017,A,PT_GDP,
6.621925,P1Y,0,,A,PU,_Z,2,,,False,WB_WDI,WB_WDI_SH_XPD_CHEX_GD_ZS,CYP,_T,_T,_T,_Z,_Z,_Z,2017,A,PT_GDP,
7.241907,P1Y,0,,A,PU,_Z,2,,,False,WB_WDI,WB_WDI_SH_XPD_CHEX_GD_ZS,CZE,_T,_T,_T,_Z,_Z,_Z,2017,A,PT_GDP,
3.938526,P1Y,0,,A,PU,_Z,2,,,False,WB_WDI,WB_WDI_SH_XPD_CHEX_GD_ZS,SYR,_T,_T,_T,_Z,_Z,_Z,2018,A,PT_GDP,
7.013816,P1Y,0,,A,PU,_Z,2,,,False,WB_WDI,WB_WDI_SH_XPD_CHEX_GD_ZS,TJK,_T,_T,_T,_Z,_Z,_Z,2018,A,PT_GDP,
4.327758,P1Y,0,,A,PU,_Z,2,,,False,WB_WDI,WB_WDI_SH_XPD_CHEX_GD_ZS,TZA,_T,_T,_T,_Z,_Z,_Z,2018,A,PT_GDP,
3.870403,P1Y,0,,A,PU,_Z,2,,,False,WB_WDI,WB_WDI_SH_XPD_CHEX_GD_ZS,THA,_T,_T,_T,_Z,_Z,_Z,2018,A,PT_GDP,
6.402274,P1Y,0,,A,PU,_Z,2,,,False,WB_WDI,WB_WDI_SH_XPD_CHEX_GD_ZS,TLS,_T,_T,_T,_Z,_Z,_Z,2018,A,PT_GDP,
6.160737,P1Y,0,,A,PU,_Z,2,,,False,WB_WDI,WB_WDI_SH_XPD_CHEX_GD_ZS,TGO,_T,_T,_T,_Z,_Z,_Z,2018,A,PT_GDP,
6.122406,P1Y,0,,A,PU,_Z,2,,,False,WB_WDI,WB_WDI_SH_XPD_CHEX_GD_ZS,TON,_T,_T,_T,_Z,_Z,_Z,2018,A,PT_GDP,
6.650894,P1Y,0,,A,PU,_Z,2,,,False,WB_WDI,WB_WDI_SH_XPD_CHEX_GD_ZS,TTO,_T,_T,_T,_Z,_Z,_Z,2018,A,PT_GDP,
5.937519,P1Y,0,,A,PU,_Z,2,,,False,WB_WDI,WB_WDI_SH_XPD_CHEX_GD_ZS,TUN,_T,_T,_T,_Z,_Z,_Z,2018,A,PT_GDP,
4.121016,P1Y,0,,A,PU,_Z,2,,,False,WB_WDI,WB_WDI_SH_XPD_CHEX_GD_ZS,TUR,_T,_T,_T,_Z,_Z,_Z,2018,A,PT_GDP,
5.55298,P1Y,0,,A,PU,_Z,2,,,False,WB_WDI,WB_WDI_SH_XPD_CHEX_GD_ZS,TKM,_T,_T,_T,_Z,_Z,_Z,2018,A,PT_GDP,
13.334811,P1Y,0,,A,PU,_Z,2,,,False,WB_WDI,WB_WDI_SH_XPD_CHEX_GD_ZS,FSM,_T,_T,_T,_Z,_Z,_Z,2016,A,PT_GDP,
7.621062,P1Y,0,,A,PU,_Z,2,,,False,WB_WDI,WB_WDI_SH_XPD_CHEX_GD_ZS,MDA,_T,_T,_T,_Z,_Z,_Z,2016,A,PT_GDP,
4.123118,P1Y,0,,A,PU,_Z,2,,,False,WB_WDI,WB_WDI_SH_XPD_CHEX_GD_ZS,MCO,_T,_T,_T,_Z,_Z,_Z,2016,A,PT_GDP,
4.580086,P1Y,0,,A,PU,_Z,2,,,False,WB_WDI,WB_WDI_SH_XPD_CHEX_GD_ZS,MNG,_T,_T,_T,_Z,_Z,_Z,2016,A,PT_GDP,
8.63303,P1Y,0,,A,PU,_Z,2,,,False,WB_WDI,WB_WDI_SH_XPD_CHEX_GD_ZS,MNE,_T,_T,_T,_Z,_Z,_Z,2016,A,PT_GDP,
5.092034,P1Y,0,,A,PU,_Z,2,,,False,WB_WDI,WB_WDI_SH_XPD_CHEX_GD_ZS,MAR,_T,_T,_T,_Z,_Z,_Z,2016,A,PT_GDP,
7.215019,P1Y,0,,A,PU,_Z,2,,,False,WB_WDI,WB_WDI_SH_XPD_CHEX_GD_ZS,MOZ,_T,_T,_T,_Z,_Z,_Z,2016,A,PT_GDP,
4.762209,P1Y,0,,A,PU,_Z,2,,,False,WB_WDI,WB_WDI_SH_XPD_CHEX_GD_ZS,MMR,_T,_T,_T,_Z,_Z,_Z,2016,A,PT_GDP,
9.32231,P1Y,0,,A,PU,_Z,2,,,False,WB_WDI,WB_WDI_SH_XPD_CHEX_GD_ZS,NAM,_T,_T,_T,_Z,_Z,_Z,2016,A,PT_GDP,
10.952517,P1Y,0,,A,PU,_Z,2,,,False,WB_WDI,WB_WDI_SH_XPD_CHEX_GD_ZS,NRU,_T,_T,_T,_Z,_Z,_Z,2016,A,PT_GDP,
5.42379,P1Y,0,,A,PU,_Z,2,,,False,WB_WDI,WB_WDI_SH_XPD_CHEX_GD_ZS,NPL,_T,_T,_T,_Z,_Z,_Z,2016,A,PT_GDP,
8.534253,P1Y,0,,A,PU,_Z,2,,,False,WB_WDI,WB_WDI_SH_XPD_CHEX_GD_ZS,AUS,_T,_T,_T,_Z,_Z,_Z,2011,A,PT_GDP,
10.137018,P1Y,0,,A,PU,_Z,2,,,False,WB_WDI,WB_WDI_SH_XPD_CHEX_GD_ZS,AUT,_T,_T,_T,_Z,_Z,_Z,2011,A,PT_GDP,
2.595472,P1Y,0,,A,PU,_Z,2,,,False,WB_WDI,WB_WDI_SH_XPD_CHEX_GD_ZS,AZE,_T,_T,_T,_Z,_Z,_Z,2011,A,PT_GDP,
5.323986,P1Y,0,,A,PU,_Z,2,,,False,WB_WDI,WB_WDI_SH_XPD_CHEX_GD_ZS,BHS,_T,_T,_T,_Z,_Z,_Z,2011,A,PT_GDP,
3.718102,P1Y,0,,A,PU,_Z,2,,,False,WB_WDI,WB_WDI_SH_XPD_CHEX_GD_ZS,BHR,_T,_T,_T,_Z,_Z,_Z,2011,A,PT_GDP,
2.364181,P1Y,0,,A,PU,_Z,2,,,False,WB_WDI,WB_WDI_SH_XPD_CHEX_GD_ZS,BGD,_T,_T,_T,_Z,_Z,_Z,2011,A,PT_GDP,
6.059103,P1Y,0,,A,PU,_Z,2,,,False,WB_WDI,WB_WDI_SH_XPD_CHEX_GD_ZS,BRB,_T,_T,_T,_Z,_Z,_Z,2011,A,PT_GDP,
4.874527,P1Y,0,,A,PU,_Z,2,,,False,WB_WDI,WB_WDI_SH_XPD_CHEX_GD_ZS,BLR,_T,_T,_T,_Z,_Z,_Z,2011,A,PT_GDP,
10.413022,P1Y,0,,A,PU,_Z,2,,,False,WB_WDI,WB_WDI_SH_XPD_CHEX_GD_ZS,BEL,_T,_T,_T,_Z,_Z,_Z,2011,A,PT_GDP,
4.529044,P1Y,0,,A,PU,_Z,2,,,False,WB_WDI,WB_WDI_SH_XPD_CHEX_GD_ZS,BLZ,_T,_T,_T,_Z,_Z,_Z,2011,A,PT_GDP,
2.998656,P1Y,0,,A,PU,_Z,2,,,False,WB_WDI,WB_WDI_SH_XPD_CHEX_GD_ZS,BEN,_T,_T,_T,_Z,_Z,_Z,2011,A,PT_GDP,
3.995481,P1Y,0,,A,PU,_Z,2,,,False,WB_WDI,WB_WDI_SH_XPD_CHEX_GD_ZS,ARB,_T,_T,_T,_Z,_Z,_Z,2003,A,PT_GDP,
4.420685,P1Y,0,,A,PU,_Z,2,,,False,WB_WDI,WB_WDI_SH_XPD_CHEX_GD_ZS,CSS,_T,_T,_T,_Z,_Z,_Z,2003,A,PT_GDP,
6.410594,P1Y,0,,A,PU,_Z,2,,,False,WB_WDI,WB_WDI_SH_XPD_CHEX_GD_ZS,CEB,_T,_T,_T,_Z,_Z,_Z,2003,A,PT_GDP,
4.769819,P1Y,0,,A,PU,_Z,2,,,False,WB_WDI,WB_WDI_SH_XPD_CHEX_GD_ZS,EAR,_T,_T,_T,_Z,_Z,_Z,2003,A,PT_GDP,
6.198525,P1Y,0,,A,PU,_Z,2,,,False,WB_WDI,WB_WDI_SH_XPD_CHEX_GD_ZS,EAS,_T,_T,_T,_Z,_Z,_Z,2003,A,PT_GDP,
3.941115,P1Y,0,,A,PU,_Z,2,,,False,WB_WDI,WB_WDI_SH_XPD_CHEX_GD_ZS,EAP,_T,_T,_T,_Z,_Z,_Z,2003,A,PT_GDP,
3.941454,P1Y,0,,A,PU,_Z,2,,,False,WB_WDI,WB_WDI_SH_XPD_CHEX_GD_ZS,TEA,_T,_T,_T,_Z,_Z,_Z,2003,A,PT_GDP,
9.134007,P1Y,0,,A,PU,_Z,2,,,False,WB_WDI,WB_WDI_SH_XPD_CHEX_GD_ZS,EMU,_T,_T,_T,_Z,_Z,_Z,2003,A,PT_GDP,
8.614156,P1Y,0,,A,PU,_Z,2,,,False,WB_WDI,WB_WDI_SH_XPD_CHEX_GD_ZS,ECS,_T,_T,_T,_Z,_Z,_Z,2003,A,PT_GDP,
5.353558,P1Y,0,,A,PU,_Z,2,,,False,WB_WDI,WB_WDI_SH_XPD_CHEX_GD_ZS,ECA,_T,_T,_T,_Z,_Z,_Z,2003,A,PT_GDP,
5.447743,P1Y,0,,A,PU,_Z,2,,,False,WB_WDI,WB_WDI_SH_XPD_CHEX_GD_ZS,TEC,_T,_T,_T,_Z,_Z,_Z,2003,A,PT_GDP,
8.973791,P1Y,0,,A,PU,_Z,2,,,False,WB_WDI,WB_WDI_SH_XPD_CHEX_GD_ZS,EUU,_T,_T,_T,_Z,_Z,_Z,2003,A,PT_GDP,
4.462685,P1Y,0,,A,PU,_Z,2,,,False,WB_WDI,WB_WDI_SH_XPD_CHEX_GD_ZS,HPC,_T,_T,_T,_Z,_Z,_Z,2003,A,PT_GDP,
10.405755,P1Y,0,,A,PU,_Z,2,,,False,WB_WDI,WB_WDI_SH_XPD_CHEX_GD_ZS,HIC,_T,_T,_T,_Z,_Z,_Z,2003,A,PT_GDP,
5.174377,P1Y,0,,A,PU,_Z,2,,,False,WB_WDI,WB_WDI_SH_XPD_CHEX_GD_ZS,LIC,_T,_T,_T,_Z,_Z,_Z,2007,A,PT_GDP,
3.789292,P1Y,0,,A,PU,_Z,2,,,False,WB_WDI,WB_WDI_SH_XPD_CHEX_GD_ZS,LMC,_T,_T,_T,_Z,_Z,_Z,2007,A,PT_GDP,
3.906189,P1Y,0,,A,PU,_Z,2,,,False,WB_WDI,WB_WDI_SH_XPD_CHEX_GD_ZS,MEA,_T,_T,_T,_Z,_Z,_Z,2007,A,PT_GDP,
4.253833,P1Y,0,,A,PU,_Z,2,,,False,WB_WDI,WB_WDI_SH_XPD_CHEX_GD_ZS,MNA,_T,_T,_T,_Z,_Z,_Z,2007,A,PT_GDP,
4.228072,P1Y,0,,A,PU,_Z,2,,,False,WB_WDI,WB_WDI_SH_XPD_CHEX_GD_ZS,TMN,_T,_T,_T,_Z,_Z,_Z,2007,A,PT_GDP,
4.754571,P1Y,0,,A,PU,_Z,2,,,False,WB_WDI,WB_WDI_SH_XPD_CHEX_GD_ZS,MIC,_T,_T,_T,_Z,_Z,_Z,2007,A,PT_GDP,
14.413123,P1Y,0,,A,PU,_Z,2,,,False,WB_WDI,WB_WDI_SH_XPD_CHEX_GD_ZS,NAC,_T,_T,_T,_Z,_Z,_Z,2007,A,PT_GDP,
10.4955,P1Y,0,,A,PU,_Z,2,,,False,WB_WDI,WB_WDI_SH_XPD_CHEX_GD_ZS,OED,_T,_T,_T,_Z,_Z,_Z,2007,A,PT_GDP,
5.626966,P1Y,0,,A,PU,_Z,2,,,False,WB_WDI,WB_WDI_SH_XPD_CHEX_GD_ZS,OSS,_T,_T,_T,_Z,_Z,_Z,2007,A,PT_GDP,
5.077635,P1Y,0,,A,PU,_Z,2,,,False,WB_WDI,WB_WDI_SH_XPD_CHEX_GD_ZS,PSS,_T,_T,_T,_Z,_Z,_Z,2007,A,PT_GDP,
10.789413,P1Y,0,,A,PU,_Z,2,,,False,WB_WDI,WB_WDI_SH_XPD_CHEX_GD_ZS,PST,_T,_T,_T,_Z,_Z,_Z,2007,A,PT_GDP,
4.095267,P1Y,0,,A,PU,_Z,2,,,False,WB_WDI,WB_WDI_SH_XPD_CHEX_GD_ZS,PRE,_T,_T,_T,_Z,_Z,_Z,2007,A,PT_GDP,
5.261781,P1Y,0,,A,PU,_Z,2,,,False,WB_WDI,WB_WDI_SH_XPD_CHEX_GD_ZS,SST,_T,_T,_T,_Z,_Z,_Z,2007,A,PT_GDP,
3.510848,P1Y,0,,A,PU,_Z,2,,,False,WB_WDI,WB_WDI_SH_XPD_CHEX_GD_ZS,SAS,_T,_T,_T,_Z,_Z,_Z,2007,A,PT_GDP,
3.459339,P1Y,0,,A,PU,_Z,2,,,False,WB_WDI,WB_WDI_SH_XPD_CHEX_GD_ZS,THA,_T,_T,_T,_Z,_Z,_Z,2008,A,PT_GDP,
6.96564,P1Y,0,,A,PU,_Z,2,,,False,WB_WDI,WB_WDI_SH_XPD_CHEX_GD_ZS,TLS,_T,_T,_T,_Z,_Z,_Z,2008,A,PT_GDP,
3.740719,P1Y,0,,A,PU,_Z,2,,,False,WB_WDI,WB_WDI_SH_XPD_CHEX_GD_ZS,TGO,_T,_T,_T,_Z,_Z,_Z,2008,A,PT_GDP,
6.057597,P1Y,0,,A,PU,_Z,2,,,False,WB_WDI,WB_WDI_SH_XPD_CHEX_GD_ZS,TON,_T,_T,_T,_Z,_Z,_Z,2008,A,PT_GDP,
3.657571,P1Y,0,,A,PU,_Z,2,,,False,WB_WDI,WB_WDI_SH_XPD_CHEX_GD_ZS,TTO,_T,_T,_T,_Z,_Z,_Z,2008,A,PT_GDP,
5.164406,P1Y,0,,A,PU,_Z,2,,,False,WB_WDI,WB_WDI_SH_XPD_CHEX_GD_ZS,TUN,_T,_T,_T,_Z,_Z,_Z,2008,A,PT_GDP,
5.217618,P1Y,0,,A,PU,_Z,2,,,False,WB_WDI,WB_WDI_SH_XPD_CHEX_GD_ZS,TUR,_T,_T,_T,_Z,_Z,_Z,2008,A,PT_GDP,
3.453804,P1Y,0,,A,PU,_Z,2,,,False,WB_WDI,WB_WDI_SH_XPD_CHEX_GD_ZS,TKM,_T,_T,_T,_Z,_Z,_Z,2008,A,PT_GDP,
10.339772,P1Y,0,,A,PU,_Z,2,,,False,WB_WDI,WB_WDI_SH_XPD_CHEX_GD_ZS,TUV,_T,_T,_T,_Z,_Z,_Z,2008,A,PT_GDP,
5.45475,P1Y,0,,A,PU,_Z,2,,,False,WB_WDI,WB_WDI_SH_XPD_CHEX_GD_ZS,UGA,_T,_T,_T,_Z,_Z,_Z,2008,A,PT_GDP,
5.497544,P1Y,0,,A,PU,_Z,2,,,False,WB_WDI,WB_WDI_SH_XPD_CHEX_GD_ZS,UKR,_T,_T,_T,_Z,_Z,_Z,2008,A,PT_GDP,
2.928576,P1Y,0,,A,PU,_Z,2,,,False,WB_WDI,WB_WDI_SH_XPD_CHEX_GD_ZS,ARE,_T,_T,_T,_Z,_Z,_Z,2008,A,PT_GDP,
10.520628,P1Y,0,,A,PU,_Z,2,,,False,WB_WDI,WB_WDI_SH_XPD_CHEX_GD_ZS,IRL,_T,_T,_T,_Z,_Z,_Z,2010,A,PT_GDP,
6.850383,P1Y,0,,A,PU,_Z,2,,,False,WB_WDI,WB_WDI_SH_XPD_CHEX_GD_ZS,ISR,_T,_T,_T,_Z,_Z,_Z,2010,A,PT_GDP,
8.87929,P1Y,0,,A,PU,_Z,2,,,False,WB_WDI,WB_WDI_SH_XPD_CHEX_GD_ZS,ITA,_T,_T,_T,_Z,_Z,_Z,2010,A,PT_GDP,
6.442193,P1Y,0,,A,PU,_Z,2,,,False,WB_WDI,WB_WDI_SH_XPD_CHEX_GD_ZS,JAM,_T,_T,_T,_Z,_Z,_Z,2010,A,PT_GDP,
9.063006,P1Y,0,,A,PU,_Z,2,,,False,WB_WDI,WB_WDI_SH_XPD_CHEX_GD_ZS,JPN,_T,_T,_T,_Z,_Z,_Z,2010,A,PT_GDP,
8.170257,P1Y,0,,A,PU,_Z,2,,,False,WB_WDI,WB_WDI_SH_XPD_CHEX_GD_ZS,JOR,_T,_T,_T,_Z,_Z,_Z,2010,A,PT_GDP,
2.736414,P1Y,0,,A,PU,_Z,2,,,False,WB_WDI,WB_WDI_SH_XPD_CHEX_GD_ZS,KAZ,_T,_T,_T,_Z,_Z,_Z,2010,A,PT_GDP,
5.388498,P1Y,0,,A,PU,_Z,2,,,False,WB_WDI,WB_WDI_SH_XPD_CHEX_GD_ZS,KEN,_T,_T,_T,_Z,_Z,_Z,2010,A,PT_GDP,
8.766666,P1Y,0,,A,PU,_Z,2,,,False,WB_WDI,WB_WDI_SH_XPD_CHEX_GD_ZS,KIR,_T,_T,_T,_Z,_Z,_Z,2010,A,PT_GDP,
5.793907,P1Y,0,,A,PU,_Z,2,,,False,WB_WDI,WB_WDI_SH_XPD_CHEX_GD_ZS,KOR,_T,_T,_T,_Z,_Z,_Z,2010,A,PT_GDP,
7.250478,P1Y,0,,A,PU,_Z,2,,,False,WB_WDI,WB_WDI_SH_XPD_CHEX_GD_ZS,CHL,_T,_T,_T,_Z,_Z,_Z,2003,A,PT_GDP,
4.354605,P1Y,0,,A,PU,_Z,2,,,False,WB_WDI,WB_WDI_SH_XPD_CHEX_GD_ZS,CHN,_T,_T,_T,_Z,_Z,_Z,2003,A,PT_GDP,
5.775054,P1Y,0,,A,PU,_Z,2,,,False,WB_WDI,WB_WDI_SH_XPD_CHEX_GD_ZS,COL,_T,_T,_T,_Z,_Z,_Z,2003,A,PT_GDP,
6.660248,P1Y,0,,A,PU,_Z,2,,,False,WB_WDI,WB_WDI_SH_XPD_CHEX_GD_ZS,COM,_T,_T,_T,_Z,_Z,_Z,2003,A,PT_GDP,
3.733533,P1Y,0,,A,PU,_Z,2,,,False,WB_WDI,WB_WDI_SH_XPD_CHEX_GD_ZS,COD,_T,_T,_T,_Z,_Z,_Z,2003,A,PT_GDP,
1.918524,P1Y,0,,A,PU,_Z,2,,,False,WB_WDI,WB_WDI_SH_XPD_CHEX_GD_ZS,COG,_T,_T,_T,_Z,_Z,_Z,2003,A,PT_GDP,
6.969193,P1Y,0,,A,PU,_Z,2,,,False,WB_WDI,WB_WDI_SH_XPD_CHEX_GD_ZS,CRI,_T,_T,_T,_Z,_Z,_Z,2003,A,PT_GDP,
3.951477,P1Y,0,,A,PU,_Z,2,,,False,WB_WDI,WB_WDI_SH_XPD_CHEX_GD_ZS,CIV,_T,_T,_T,_Z,_Z,_Z,2003,A,PT_GDP,
6.297825,P1Y,0,,A,PU,_Z,2,,,False,WB_WDI,WB_WDI_SH_XPD_CHEX_GD_ZS,HRV,_T,_T,_T,_Z,_Z,_Z,2003,A,PT_GDP,
7.102954,P1Y,0,,A,PU,_Z,2,,,False,WB_WDI,WB_WDI_SH_XPD_CHEX_GD_ZS,CUB,_T,_T,_T,_Z,_Z,_Z,2003,A,PT_GDP,
5.635688,P1Y,0,,A,PU,_Z,2,,,False,WB_WDI,WB_WDI_SH_XPD_CHEX_GD_ZS,CYP,_T,_T,_T,_Z,_Z,_Z,2003,A,PT_GDP,
6.501684,P1Y,0,,A,PU,_Z,2,,,False,WB_WDI,WB_WDI_SH_XPD_CHEX_GD_ZS,CZE,_T,_T,_T,_Z,_Z,_Z,2003,A,PT_GDP,
5.374339,P1Y,0,,A,PU,_Z,2,,,False,WB_WDI,WB_WDI_SH_XPD_CHEX_GD_ZS,IBD,_T,_T,_T,_Z,_Z,_Z,2017,A,PT_GDP,
5.264469,P1Y,0,,A,PU,_Z,2,,,False,WB_WDI,WB_WDI_SH_XPD_CHEX_GD_ZS,IBT,_T,_T,_T,_Z,_Z,_Z,2017,A,PT_GDP,
3.57104,P1Y,0,,A,PU,_Z,2,,,False,WB_WDI,WB_WDI_SH_XPD_CHEX_GD_ZS,IDB,_T,_T,_T,_Z,_Z,_Z,2017,A,PT_GDP,
4.131306,P1Y,0,,A,PU,_Z,2,,,False,WB_WDI,WB_WDI_SH_XPD_CHEX_GD_ZS,IDX,_T,_T,_T,_Z,_Z,_Z,2017,A,PT_GDP,
3.866523,P1Y,0,,A,PU,_Z,2,,,False,WB_WDI,WB_WDI_SH_XPD_CHEX_GD_ZS,IDA,_T,_T,_T,_Z,_Z,_Z,2017,A,PT_GDP,
5.574948,P1Y,0,,A,PU,_Z,2,,,False,WB_WDI,WB_WDI_SH_XPD_CHEX_GD_ZS,LTE,_T,_T,_T,_Z,_Z,_Z,2017,A,PT_GDP,
8.053449,P1Y,0,,A,PU,_Z,2,,,False,WB_WDI,WB_WDI_SH_XPD_CHEX_GD_ZS,LCN,_T,_T,_T,_Z,_Z,_Z,2017,A,PT_GDP,
8.029262,P1Y,0,,A,PU,_Z,2,,,False,WB_WDI,WB_WDI_SH_XPD_CHEX_GD_ZS,LAC,_T,_T,_T,_Z,_Z,_Z,2017,A,PT_GDP,
7.995122,P1Y,0,,A,PU,_Z,2,,,False,WB_WDI,WB_WDI_SH_XPD_CHEX_GD_ZS,TLA,_T,_T,_T,_Z,_Z,_Z,2017,A,PT_GDP,
3.973795,P1Y,0,,A,PU,_Z,2,,,False,WB_WDI,WB_WDI_SH_XPD_CHEX_GD_ZS,LDC,_T,_T,_T,_Z,_Z,_Z,2017,A,PT_GDP,
5.197296,P1Y,0,,A,PU,_Z,2,,,False,WB_WDI,WB_WDI_SH_XPD_CHEX_GD_ZS,LMY,_T,_T,_T,_Z,_Z,_Z,2017,A,PT_GDP,
5.301499,P1Y,0,,A,PU,_Z,2,,,False,WB_WDI,WB_WDI_SH_XPD_CHEX_GD_ZS,LIC,_T,_T,_T,_Z,_Z,_Z,2017,A,PT_GDP,
3.460492,P1Y,0,,A,PU,_Z,2,,,False,WB_WDI,WB_WDI_SH_XPD_CHEX_GD_ZS,LMC,_T,_T,_T,_Z,_Z,_Z,2017,A,PT_GDP,
4.697627,P1Y,0,,A,PU,_Z,2,,,False,WB_WDI,WB_WDI_SH_XPD_CHEX_GD_ZS,MDG,_T,_T,_T,_Z,_Z,_Z,2010,A,PT_GDP,
5.143048,P1Y,0,,A,PU,_Z,2,,,False,WB_WDI,WB_WDI_SH_XPD_CHEX_GD_ZS,MWI,_T,_T,_T,_Z,_Z,_Z,2010,A,PT_GDP,
3.164743,P1Y,0,,A,PU,_Z,2,,,False,WB_WDI,WB_WDI_SH_XPD_CHEX_GD_ZS,MYS,_T,_T,_T,_Z,_Z,_Z,2010,A,PT_GDP,
8.48759,P1Y,0,,A,PU,_Z,2,,,False,WB_WDI,WB_WDI_SH_XPD_CHEX_GD_ZS,MDV,_T,_T,_T,_Z,_Z,_Z,2010,A,PT_GDP,
4.678671,P1Y,0,,A,PU,_Z,2,,,False,WB_WDI,WB_WDI_SH_XPD_CHEX_GD_ZS,MLI,_T,_T,_T,_Z,_Z,_Z,2010,A,PT_GDP,
7.898572,P1Y,0,,A,PU,_Z,2,,,False,WB_WDI,WB_WDI_SH_XPD_CHEX_GD_ZS,MLT,_T,_T,_T,_Z,_Z,_Z,2010,A,PT_GDP,
17.733549,P1Y,0,,A,PU,_Z,2,,,False,WB_WDI,WB_WDI_SH_XPD_CHEX_GD_ZS,MHL,_T,_T,_T,_Z,_Z,_Z,2010,A,PT_GDP,
2.636189,P1Y,0,,A,PU,_Z,2,,,False,WB_WDI,WB_WDI_SH_XPD_CHEX_GD_ZS,MRT,_T,_T,_T,_Z,_Z,_Z,2010,A,PT_GDP,
4.518983,P1Y,0,,A,PU,_Z,2,,,False,WB_WDI,WB_WDI_SH_XPD_CHEX_GD_ZS,MUS,_T,_T,_T,_Z,_Z,_Z,2010,A,PT_GDP,
5.489734,P1Y,0,,A,PU,_Z,2,,,False,WB_WDI,WB_WDI_SH_XPD_CHEX_GD_ZS,MEX,_T,_T,_T,_Z,_Z,_Z,2010,A,PT_GDP,
4.747727,P1Y,0,,A,PU,_Z,2,,,False,WB_WDI,WB_WDI_SH_XPD_CHEX_GD_ZS,EAR,_T,_T,_T,_Z,_Z,_Z,2005,A,PT_GDP,
6.121394,P1Y,0,,A,PU,_Z,2,,,False,WB_WDI,WB_WDI_SH_XPD_CHEX_GD_ZS,EAS,_T,_T,_T,_Z,_Z,_Z,2005,A,PT_GDP,
3.837834,P1Y,0,,A,PU,_Z,2,,,False,WB_WDI,WB_WDI_SH_XPD_CHEX_GD_ZS,EAP,_T,_T,_T,_Z,_Z,_Z,2005,A,PT_GDP,
3.838184,P1Y,0,,A,PU,_Z,2,,,False,WB_WDI,WB_WDI_SH_XPD_CHEX_GD_ZS,TEA,_T,_T,_T,_Z,_Z,_Z,2005,A,PT_GDP,
9.242695,P1Y,0,,A,PU,_Z,2,,,False,WB_WDI,WB_WDI_SH_XPD_CHEX_GD_ZS,EMU,_T,_T,_T,_Z,_Z,_Z,2005,A,PT_GDP,
8.575707,P1Y,0,,A,PU,_Z,2,,,False,WB_WDI,WB_WDI_SH_XPD_CHEX_GD_ZS,ECS,_T,_T,_T,_Z,_Z,_Z,2005,A,PT_GDP,
5.248966,P1Y,0,,A,PU,_Z,2,,,False,WB_WDI,WB_WDI_SH_XPD_CHEX_GD_ZS,ECA,_T,_T,_T,_Z,_Z,_Z,2005,A,PT_GDP,
5.224365,P1Y,0,,A,PU,_Z,2,,,False,WB_WDI,WB_WDI_SH_XPD_CHEX_GD_ZS,TEC,_T,_T,_T,_Z,_Z,_Z,2005,A,PT_GDP,
9.038631,P1Y,0,,A,PU,_Z,2,,,False,WB_WDI,WB_WDI_SH_XPD_CHEX_GD_ZS,EUU,_T,_T,_T,_Z,_Z,_Z,2005,A,PT_GDP,
4.681876,P1Y,0,,A,PU,_Z,2,,,False,WB_WDI,WB_WDI_SH_XPD_CHEX_GD_ZS,HPC,_T,_T,_T,_Z,_Z,_Z,2005,A,PT_GDP,
10.343324,P1Y,0,,A,PU,_Z,2,,,False,WB_WDI,WB_WDI_SH_XPD_CHEX_GD_ZS,HIC,_T,_T,_T,_Z,_Z,_Z,2005,A,PT_GDP,
5.036926,P1Y,0,,A,PU,_Z,2,,,False,WB_WDI,WB_WDI_SH_XPD_CHEX_GD_ZS,IBD,_T,_T,_T,_Z,_Z,_Z,2005,A,PT_GDP,
4.949836,P1Y,0,,A,PU,_Z,2,,,False,WB_WDI,WB_WDI_SH_XPD_CHEX_GD_ZS,IBT,_T,_T,_T,_Z,_Z,_Z,2005,A,PT_GDP,
3.632203,P1Y,0,,A,PU,_Z,2,,,False,WB_WDI,WB_WDI_SH_XPD_CHEX_GD_ZS,IDB,_T,_T,_T,_Z,_Z,_Z,2005,A,PT_GDP,
3.793414,P1Y,0,,A,PU,_Z,2,,,False,WB_WDI,WB_WDI_SH_XPD_CHEX_GD_ZS,UGA,_T,_T,_T,_Z,_Z,_Z,2019,A,PT_GDP,
7.093894,P1Y,0,,A,PU,_Z,2,,,False,WB_WDI,WB_WDI_SH_XPD_CHEX_GD_ZS,UKR,_T,_T,_T,_Z,_Z,_Z,2019,A,PT_GDP,
4.402913,P1Y,0,,A,PU,_Z,2,,,False,WB_WDI,WB_WDI_SH_XPD_CHEX_GD_ZS,ARE,_T,_T,_T,_Z,_Z,_Z,2019,A,PT_GDP,
9.979541,P1Y,0,,A,PU,_Z,2,,,False,WB_WDI,WB_WDI_SH_XPD_CHEX_GD_ZS,GBR,_T,_T,_T,_Z,_Z,_Z,2019,A,PT_GDP,
16.544861,P1Y,0,,A,PU,_Z,2,,,False,WB_WDI,WB_WDI_SH_XPD_CHEX_GD_ZS,USA,_T,_T,_T,_Z,_Z,_Z,2019,A,PT_GDP,
9.240695,P1Y,0,,A,PU,_Z,2,,,False,WB_WDI,WB_WDI_SH_XPD_CHEX_GD_ZS,URY,_T,_T,_T,_Z,_Z,_Z,2019,A,PT_GDP,
4.83521,P1Y,0,,A,PU,_Z,2,,,False,WB_WDI,WB_WDI_SH_XPD_CHEX_GD_ZS,UZB,_T,_T,_T,_Z,_Z,_Z,2019,A,PT_GDP,
3.496154,P1Y,0,,A,PU,_Z,2,,,False,WB_WDI,WB_WDI_SH_XPD_CHEX_GD_ZS,VUT,_T,_T,_T,_Z,_Z,_Z,2019,A,PT_GDP,
2.185637,P1Y,0,,A,PU,_Z,2,,,False,WB_WDI,WB_WDI_SH_XPD_CHEX_GD_ZS,VEN,_T,_T,_T,_Z,_Z,_Z,2019,A,PT_GDP,
4.974075,P1Y,0,,A,PU,_Z,2,,,False,WB_WDI,WB_WDI_SH_XPD_CHEX_GD_ZS,VNM,_T,_T,_T,_Z,_Z,_Z,2019,A,PT_GDP,
9.185769,P1Y,0,,A,PU,_Z,2,,,False,WB_WDI,WB_WDI_SH_XPD_CHEX_GD_ZS,PSE,_T,_T,_T,_Z,_Z,_Z,2019,A,PT_GDP,
4.921747,P1Y,0,,A,PU,_Z,2,,,False,WB_WDI,WB_WDI_SH_XPD_CHEX_GD_ZS,LIC,_T,_T,_T,_Z,_Z,_Z,2008,A,PT_GDP,
3.775364,P1Y,0,,A,PU,_Z,2,,,False,WB_WDI,WB_WDI_SH_XPD_CHEX_GD_ZS,LMC,_T,_T,_T,_Z,_Z,_Z,2008,A,PT_GDP,
3.808186,P1Y,0,,A,PU,_Z,2,,,False,WB_WDI,WB_WDI_SH_XPD_CHEX_GD_ZS,MEA,_T,_T,_T,_Z,_Z,_Z,2008,A,PT_GDP,
4.286926,P1Y,0,,A,PU,_Z,2,,,False,WB_WDI,WB_WDI_SH_XPD_CHEX_GD_ZS,MNA,_T,_T,_T,_Z,_Z,_Z,2008,A,PT_GDP,
4.255725,P1Y,0,,A,PU,_Z,2,,,False,WB_WDI,WB_WDI_SH_XPD_CHEX_GD_ZS,TMN,_T,_T,_T,_Z,_Z,_Z,2008,A,PT_GDP,
4.785821,P1Y,0,,A,PU,_Z,2,,,False,WB_WDI,WB_WDI_SH_XPD_CHEX_GD_ZS,MIC,_T,_T,_T,_Z,_Z,_Z,2008,A,PT_GDP,
14.673207,P1Y,0,,A,PU,_Z,2,,,False,WB_WDI,WB_WDI_SH_XPD_CHEX_GD_ZS,NAC,_T,_T,_T,_Z,_Z,_Z,2008,A,PT_GDP,
10.683778,P1Y,0,,A,PU,_Z,2,,,False,WB_WDI,WB_WDI_SH_XPD_CHEX_GD_ZS,OED,_T,_T,_T,_Z,_Z,_Z,2008,A,PT_GDP,
5.821103,P1Y,0,,A,PU,_Z,2,,,False,WB_WDI,WB_WDI_SH_XPD_CHEX_GD_ZS,OSS,_T,_T,_T,_Z,_Z,_Z,2008,A,PT_GDP,
4.946133,P1Y,0,,A,PU,_Z,2,,,False,WB_WDI,WB_WDI_SH_XPD_CHEX_GD_ZS,PSS,_T,_T,_T,_Z,_Z,_Z,2008,A,PT_GDP,
10.985416,P1Y,0,,A,PU,_Z,2,,,False,WB_WDI,WB_WDI_SH_XPD_CHEX_GD_ZS,PST,_T,_T,_T,_Z,_Z,_Z,2008,A,PT_GDP,
3.900278,P1Y,0,,A,PU,_Z,2,,,False,WB_WDI,WB_WDI_SH_XPD_CHEX_GD_ZS,PRE,_T,_T,_T,_Z,_Z,_Z,2008,A,PT_GDP,
5.3093,P1Y,0,,A,PU,_Z,2,,,False,WB_WDI,WB_WDI_SH_XPD_CHEX_GD_ZS,SST,_T,_T,_T,_Z,_Z,_Z,2008,A,PT_GDP,
3.511637,P1Y,0,,A,PU,_Z,2,,,False,WB_WDI,WB_WDI_SH_XPD_CHEX_GD_ZS,SAS,_T,_T,_T,_Z,_Z,_Z,2008,A,PT_GDP,
8.081855,P1Y,0,,A,PU,_Z,2,,,False,WB_WDI,WB_WDI_SH_XPD_CHEX_GD_ZS,RWA,_T,_T,_T,_Z,_Z,_Z,2010,A,PT_GDP,
5.152683,P1Y,0,,A,PU,_Z,2,,,False,WB_WDI,WB_WDI_SH_XPD_CHEX_GD_ZS,WSM,_T,_T,_T,_Z,_Z,_Z,2010,A,PT_GDP,
6.208535,P1Y,0,,A,PU,_Z,2,,,False,WB_WDI,WB_WDI_SH_XPD_CHEX_GD_ZS,SMR,_T,_T,_T,_Z,_Z,_Z,2010,A,PT_GDP,
5.808279,P1Y,0,,A,PU,_Z,2,,,False,WB_WDI,WB_WDI_SH_XPD_CHEX_GD_ZS,STP,_T,_T,_T,_Z,_Z,_Z,2010,A,PT_GDP,
3.647861,P1Y,0,,A,PU,_Z,2,,,False,WB_WDI,WB_WDI_SH_XPD_CHEX_GD_ZS,SAU,_T,_T,_T,_Z,_Z,_Z,2010,A,PT_GDP,
4.027644,P1Y,0,,A,PU,_Z,2,,,False,WB_WDI,WB_WDI_SH_XPD_CHEX_GD_ZS,SEN,_T,_T,_T,_Z,_Z,_Z,2010,A,PT_GDP,
9.15153,P1Y,0,,A,PU,_Z,2,,,False,WB_WDI,WB_WDI_SH_XPD_CHEX_GD_ZS,SRB,_T,_T,_T,_Z,_Z,_Z,2010,A,PT_GDP,
4.401484,P1Y,0,,A,PU,_Z,2,,,False,WB_WDI,WB_WDI_SH_XPD_CHEX_GD_ZS,SYC,_T,_T,_T,_Z,_Z,_Z,2010,A,PT_GDP,
5.642047,P1Y,0,,A,PU,_Z,2,,,False,WB_WDI,WB_WDI_SH_XPD_CHEX_GD_ZS,SLE,_T,_T,_T,_Z,_Z,_Z,2010,A,PT_GDP,
3.198262,P1Y,0,,A,PU,_Z,2,,,False,WB_WDI,WB_WDI_SH_XPD_CHEX_GD_ZS,SGP,_T,_T,_T,_Z,_Z,_Z,2010,A,PT_GDP,
7.670652,P1Y,0,,A,PU,_Z,2,,,False,WB_WDI,WB_WDI_SH_XPD_CHEX_GD_ZS,SVK,_T,_T,_T,_Z,_Z,_Z,2010,A,PT_GDP,
3.099708,P1Y,0,,A,PU,_Z,2,,,False,WB_WDI,WB_WDI_SH_XPD_CHEX_GD_ZS,THA,_T,_T,_T,_Z,_Z,_Z,2006,A,PT_GDP,
6.00192,P1Y,0,,A,PU,_Z,2,,,False,WB_WDI,WB_WDI_SH_XPD_CHEX_GD_ZS,TLS,_T,_T,_T,_Z,_Z,_Z,2006,A,PT_GDP,
4.309678,P1Y,0,,A,PU,_Z,2,,,False,WB_WDI,WB_WDI_SH_XPD_CHEX_GD_ZS,TGO,_T,_T,_T,_Z,_Z,_Z,2006,A,PT_GDP,
5.47225,P1Y,0,,A,PU,_Z,2,,,False,WB_WDI,WB_WDI_SH_XPD_CHEX_GD_ZS,TON,_T,_T,_T,_Z,_Z,_Z,2006,A,PT_GDP,
4.15432,P1Y,0,,A,PU,_Z,2,,,False,WB_WDI,WB_WDI_SH_XPD_CHEX_GD_ZS,TTO,_T,_T,_T,_Z,_Z,_Z,2006,A,PT_GDP,
5.131099,P1Y,0,,A,PU,_Z,2,,,False,WB_WDI,WB_WDI_SH_XPD_CHEX_GD_ZS,TUN,_T,_T,_T,_Z,_Z,_Z,2006,A,PT_GDP,
5.145917,P1Y,0,,A,PU,_Z,2,,,False,WB_WDI,WB_WDI_SH_XPD_CHEX_GD_ZS,TUR,_T,_T,_T,_Z,_Z,_Z,2006,A,PT_GDP,
4.920757,P1Y,0,,A,PU,_Z,2,,,False,WB_WDI,WB_WDI_SH_XPD_CHEX_GD_ZS,TKM,_T,_T,_T,_Z,_Z,_Z,2006,A,PT_GDP,
12.175544,P1Y,0,,A,PU,_Z,2,,,False,WB_WDI,WB_WDI_SH_XPD_CHEX_GD_ZS,TUV,_T,_T,_T,_Z,_Z,_Z,2006,A,PT_GDP,
6.463305,P1Y,0,,A,PU,_Z,2,,,False,WB_WDI,WB_WDI_SH_XPD_CHEX_GD_ZS,UGA,_T,_T,_T,_Z,_Z,_Z,2006,A,PT_GDP,
6.41719,P1Y,0,,A,PU,_Z,2,,,False,WB_WDI,WB_WDI_SH_XPD_CHEX_GD_ZS,UKR,_T,_T,_T,_Z,_Z,_Z,2006,A,PT_GDP,
2.325414,P1Y,0,,A,PU,_Z,2,,,False,WB_WDI,WB_WDI_SH_XPD_CHEX_GD_ZS,ARE,_T,_T,_T,_Z,_Z,_Z,2006,A,PT_GDP,
6.121932,P1Y,0,,A,PU,_Z,2,,,False,WB_WDI,WB_WDI_SH_XPD_CHEX_GD_ZS,BWA,_T,_T,_T,_Z,_Z,_Z,2019,A,PT_GDP,
9.614491,P1Y,0,,A,PU,_Z,2,,,False,WB_WDI,WB_WDI_SH_XPD_CHEX_GD_ZS,BRA,_T,_T,_T,_Z,_Z,_Z,2019,A,PT_GDP,
2.231008,P1Y,0,,A,PU,_Z,2,,,False,WB_WDI,WB_WDI_SH_XPD_CHEX_GD_ZS,BRN,_T,_T,_T,_Z,_Z,_Z,2019,A,PT_GDP,
7.118136,P1Y,0,,A,PU,_Z,2,,,False,WB_WDI,WB_WDI_SH_XPD_CHEX_GD_ZS,BGR,_T,_T,_T,_Z,_Z,_Z,2019,A,PT_GDP,
5.350011,P1Y,0,,A,PU,_Z,2,,,False,WB_WDI,WB_WDI_SH_XPD_CHEX_GD_ZS,BFA,_T,_T,_T,_Z,_Z,_Z,2019,A,PT_GDP,
9.059406,P1Y,0,,A,PU,_Z,2,,,False,WB_WDI,WB_WDI_SH_XPD_CHEX_GD_ZS,BDI,_T,_T,_T,_Z,_Z,_Z,2019,A,PT_GDP,
4.824313,P1Y,0,,A,PU,_Z,2,,,False,WB_WDI,WB_WDI_SH_XPD_CHEX_GD_ZS,CPV,_T,_T,_T,_Z,_Z,_Z,2019,A,PT_GDP,
5.058011,P1Y,0,,A,PU,_Z,2,,,False,WB_WDI,WB_WDI_SH_XPD_CHEX_GD_ZS,KHM,_T,_T,_T,_Z,_Z,_Z,2019,A,PT_GDP,
3.651579,P1Y,0,,A,PU,_Z,2,,,False,WB_WDI,WB_WDI_SH_XPD_CHEX_GD_ZS,CMR,_T,_T,_T,_Z,_Z,_Z,2019,A,PT_GDP,
3.200407,P1Y,0,,A,PU,_Z,2,,,False,WB_WDI,WB_WDI_SH_XPD_CHEX_GD_ZS,FJI,_T,_T,_T,_Z,_Z,_Z,2013,A,PT_GDP,
9.84505,P1Y,0,,A,PU,_Z,2,,,False,WB_WDI,WB_WDI_SH_XPD_CHEX_GD_ZS,FIN,_T,_T,_T,_Z,_Z,_Z,2013,A,PT_GDP,
11.378912,P1Y,0,,A,PU,_Z,2,,,False,WB_WDI,WB_WDI_SH_XPD_CHEX_GD_ZS,FRA,_T,_T,_T,_Z,_Z,_Z,2013,A,PT_GDP,
2.840872,P1Y,0,,A,PU,_Z,2,,,False,WB_WDI,WB_WDI_SH_XPD_CHEX_GD_ZS,GAB,_T,_T,_T,_Z,_Z,_Z,2013,A,PT_GDP,
3.913749,P1Y,0,,A,PU,_Z,2,,,False,WB_WDI,WB_WDI_SH_XPD_CHEX_GD_ZS,GMB,_T,_T,_T,_Z,_Z,_Z,2013,A,PT_GDP,
8.005746,P1Y,0,,A,PU,_Z,2,,,False,WB_WDI,WB_WDI_SH_XPD_CHEX_GD_ZS,GEO,_T,_T,_T,_Z,_Z,_Z,2013,A,PT_GDP,
10.743213,P1Y,0,,A,PU,_Z,2,,,False,WB_WDI,WB_WDI_SH_XPD_CHEX_GD_ZS,DEU,_T,_T,_T,_Z,_Z,_Z,2013,A,PT_GDP,
4.592254,P1Y,0,,A,PU,_Z,2,,,False,WB_WDI,WB_WDI_SH_XPD_CHEX_GD_ZS,GHA,_T,_T,_T,_Z,_Z,_Z,2013,A,PT_GDP,
8.521839,P1Y,0,,A,PU,_Z,2,,,False,WB_WDI,WB_WDI_SH_XPD_CHEX_GD_ZS,GRC,_T,_T,_T,_Z,_Z,_Z,2013,A,PT_GDP,
5.626529,P1Y,0,,A,PU,_Z,2,,,False,WB_WDI,WB_WDI_SH_XPD_CHEX_GD_ZS,GRD,_T,_T,_T,_Z,_Z,_Z,2013,A,PT_GDP,
3.020627,P1Y,0,,A,PU,_Z,2,,,False,WB_WDI,WB_WDI_SH_XPD_CHEX_GD_ZS,BTN,_T,_T,_T,_Z,_Z,_Z,2011,A,PT_GDP,
5.173068,P1Y,0,,A,PU,_Z,2,,,False,WB_WDI,WB_WDI_SH_XPD_CHEX_GD_ZS,BOL,_T,_T,_T,_Z,_Z,_Z,2011,A,PT_GDP,
9.171212,P1Y,0,,A,PU,_Z,2,,,False,WB_WDI,WB_WDI_SH_XPD_CHEX_GD_ZS,BIH,_T,_T,_T,_Z,_Z,_Z,2011,A,PT_GDP,
5.86915,P1Y,0,,A,PU,_Z,2,,,False,WB_WDI,WB_WDI_SH_XPD_CHEX_GD_ZS,BWA,_T,_T,_T,_Z,_Z,_Z,2011,A,PT_GDP,
7.788191,P1Y,0,,A,PU,_Z,2,,,False,WB_WDI,WB_WDI_SH_XPD_CHEX_GD_ZS,BRA,_T,_T,_T,_Z,_Z,_Z,2011,A,PT_GDP,
1.864097,P1Y,0,,A,PU,_Z,2,,,False,WB_WDI,WB_WDI_SH_XPD_CHEX_GD_ZS,BRN,_T,_T,_T,_Z,_Z,_Z,2011,A,PT_GDP,
7.102506,P1Y,0,,A,PU,_Z,2,,,False,WB_WDI,WB_WDI_SH_XPD_CHEX_GD_ZS,BGR,_T,_T,_T,_Z,_Z,_Z,2011,A,PT_GDP,
4.648682,P1Y,0,,A,PU,_Z,2,,,False,WB_WDI,WB_WDI_SH_XPD_CHEX_GD_ZS,BFA,_T,_T,_T,_Z,_Z,_Z,2011,A,PT_GDP,
10.069963,P1Y,0,,A,PU,_Z,2,,,False,WB_WDI,WB_WDI_SH_XPD_CHEX_GD_ZS,BDI,_T,_T,_T,_Z,_Z,_Z,2011,A,PT_GDP,
9.623265,P1Y,0,,A,PU,_Z,2,,,False,WB_WDI,WB_WDI_SH_XPD_CHEX_GD_ZS,BRA,_T,_T,_T,_Z,_Z,_Z,2020,A,PT_GDP,
2.453596,P1Y,0,,A,PU,_Z,2,,,False,WB_WDI,WB_WDI_SH_XPD_CHEX_GD_ZS,BRN,_T,_T,_T,_Z,_Z,_Z,2020,A,PT_GDP,
8.440609,P1Y,0,,A,PU,_Z,2,,,False,WB_WDI,WB_WDI_SH_XPD_CHEX_GD_ZS,BGR,_T,_T,_T,_Z,_Z,_Z,2020,A,PT_GDP,
6.8947,P1Y,0,,A,PU,_Z,2,,,False,WB_WDI,WB_WDI_SH_XPD_CHEX_GD_ZS,BFA,_T,_T,_T,_Z,_Z,_Z,2020,A,PT_GDP,
10.707762,P1Y,0,,A,PU,_Z,2,,,False,WB_WDI,WB_WDI_SH_XPD_CHEX_GD_ZS,BDI,_T,_T,_T,_Z,_Z,_Z,2020,A,PT_GDP,
7.033993,P1Y,0,,A,PU,_Z,2,,,False,WB_WDI,WB_WDI_SH_XPD_CHEX_GD_ZS,CPV,_T,_T,_T,_Z,_Z,_Z,2020,A,PT_GDP,
5.130314,P1Y,0,,A,PU,_Z,2,,,False,WB_WDI,WB_WDI_SH_XPD_CHEX_GD_ZS,KHM,_T,_T,_T,_Z,_Z,_Z,2020,A,PT_GDP,
4.250519,P1Y,0,,A,PU,_Z,2,,,False,WB_WDI,WB_WDI_SH_XPD_CHEX_GD_ZS,CMR,_T,_T,_T,_Z,_Z,_Z,2020,A,PT_GDP,
13.017329,P1Y,0,,A,PU,_Z,2,,,False,WB_WDI,WB_WDI_SH_XPD_CHEX_GD_ZS,CAN,_T,_T,_T,_Z,_Z,_Z,2020,A,PT_GDP,
8.98488,P1Y,0,,A,PU,_Z,2,,,False,WB_WDI,WB_WDI_SH_XPD_CHEX_GD_ZS,CAF,_T,_T,_T,_Z,_Z,_Z,2020,A,PT_GDP,
6.947668,P1Y,0,,A,PU,_Z,2,,,False,WB_WDI,WB_WDI_SH_XPD_CHEX_GD_ZS,TJK,_T,_T,_T,_Z,_Z,_Z,2019,A,PT_GDP,
4.023478,P1Y,0,,A,PU,_Z,2,,,False,WB_WDI,WB_WDI_SH_XPD_CHEX_GD_ZS,TZA,_T,_T,_T,_Z,_Z,_Z,2019,A,PT_GDP,
3.789119,P1Y,0,,A,PU,_Z,2,,,False,WB_WDI,WB_WDI_SH_XPD_CHEX_GD_ZS,THA,_T,_T,_T,_Z,_Z,_Z,2019,A,PT_GDP,
4.992188,P1Y,0,,A,PU,_Z,2,,,False,WB_WDI,WB_WDI_SH_XPD_CHEX_GD_ZS,TLS,_T,_T,_T,_Z,_Z,_Z,2019,A,PT_GDP,
5.912686,P1Y,0,,A,PU,_Z,2,,,False,WB_WDI,WB_WDI_SH_XPD_CHEX_GD_ZS,TGO,_T,_T,_T,_Z,_Z,_Z,2019,A,PT_GDP,
5.745279,P1Y,0,,A,PU,_Z,2,,,False,WB_WDI,WB_WDI_SH_XPD_CHEX_GD_ZS,TON,_T,_T,_T,_Z,_Z,_Z,2019,A,PT_GDP,
6.907048,P1Y,0,,A,PU,_Z,2,,,False,WB_WDI,WB_WDI_SH_XPD_CHEX_GD_ZS,TTO,_T,_T,_T,_Z,_Z,_Z,2019,A,PT_GDP,
6.024612,P1Y,0,,A,PU,_Z,2,,,False,WB_WDI,WB_WDI_SH_XPD_CHEX_GD_ZS,TUN,_T,_T,_T,_Z,_Z,_Z,2019,A,PT_GDP,
4.359543,P1Y,0,,A,PU,_Z,2,,,False,WB_WDI,WB_WDI_SH_XPD_CHEX_GD_ZS,TUR,_T,_T,_T,_Z,_Z,_Z,2019,A,PT_GDP,
5.552234,P1Y,0,,A,PU,_Z,2,,,False,WB_WDI,WB_WDI_SH_XPD_CHEX_GD_ZS,TKM,_T,_T,_T,_Z,_Z,_Z,2019,A,PT_GDP,
22.22294,P1Y,0,,A,PU,_Z,2,,,False,WB_WDI,WB_WDI_SH_XPD_CHEX_GD_ZS,TUV,_T,_T,_T,_Z,_Z,_Z,2019,A,PT_GDP,
6.525445,P1Y,0,,A,PU,_Z,2,,,False,WB_WDI,WB_WDI_SH_XPD_CHEX_GD_ZS,BGR,_T,_T,_T,_Z,_Z,_Z,2006,A,PT_GDP,
5.170433,P1Y,0,,A,PU,_Z,2,,,False,WB_WDI,WB_WDI_SH_XPD_CHEX_GD_ZS,BFA,_T,_T,_T,_Z,_Z,_Z,2006,A,PT_GDP,
8.712648,P1Y,0,,A,PU,_Z,2,,,False,WB_WDI,WB_WDI_SH_XPD_CHEX_GD_ZS,BDI,_T,_T,_T,_Z,_Z,_Z,2006,A,PT_GDP,
3.824068,P1Y,0,,A,PU,_Z,2,,,False,WB_WDI,WB_WDI_SH_XPD_CHEX_GD_ZS,CPV,_T,_T,_T,_Z,_Z,_Z,2006,A,PT_GDP,
5.364403,P1Y,0,,A,PU,_Z,2,,,False,WB_WDI,WB_WDI_SH_XPD_CHEX_GD_ZS,KHM,_T,_T,_T,_Z,_Z,_Z,2006,A,PT_GDP,
3.736628,P1Y,0,,A,PU,_Z,2,,,False,WB_WDI,WB_WDI_SH_XPD_CHEX_GD_ZS,CMR,_T,_T,_T,_Z,_Z,_Z,2006,A,PT_GDP,
9.331887,P1Y,0,,A,PU,_Z,2,,,False,WB_WDI,WB_WDI_SH_XPD_CHEX_GD_ZS,CAN,_T,_T,_T,_Z,_Z,_Z,2006,A,PT_GDP,
4.311087,P1Y,0,,A,PU,_Z,2,,,False,WB_WDI,WB_WDI_SH_XPD_CHEX_GD_ZS,CAF,_T,_T,_T,_Z,_Z,_Z,2006,A,PT_GDP,
3.734173,P1Y,0,,A,PU,_Z,2,,,False,WB_WDI,WB_WDI_SH_XPD_CHEX_GD_ZS,TCD,_T,_T,_T,_Z,_Z,_Z,2006,A,PT_GDP,
6.072356,P1Y,0,,A,PU,_Z,2,,,False,WB_WDI,WB_WDI_SH_XPD_CHEX_GD_ZS,CHL,_T,_T,_T,_Z,_Z,_Z,2006,A,PT_GDP,
3.88655,P1Y,0,,A,PU,_Z,2,,,False,WB_WDI,WB_WDI_SH_XPD_CHEX_GD_ZS,CHN,_T,_T,_T,_Z,_Z,_Z,2006,A,PT_GDP,
7.312914,P1Y,0,,A,PU,_Z,2,,,False,WB_WDI,WB_WDI_SH_XPD_CHEX_GD_ZS,GEO,_T,_T,_T,_Z,_Z,_Z,2019,A,PT_GDP,
11.428054,P1Y,0,,A,PU,_Z,2,,,False,WB_WDI,WB_WDI_SH_XPD_CHEX_GD_ZS,DEU,_T,_T,_T,_Z,_Z,_Z,2019,A,PT_GDP,
3.254505,P1Y,0,,A,PU,_Z,2,,,False,WB_WDI,WB_WDI_SH_XPD_CHEX_GD_ZS,GHA,_T,_T,_T,_Z,_Z,_Z,2019,A,PT_GDP,
8.117095,P1Y,0,,A,PU,_Z,2,,,False,WB_WDI,WB_WDI_SH_XPD_CHEX_GD_ZS,GRC,_T,_T,_T,_Z,_Z,_Z,2019,A,PT_GDP,
4.931896,P1Y,0,,A,PU,_Z,2,,,False,WB_WDI,WB_WDI_SH_XPD_CHEX_GD_ZS,GRD,_T,_T,_T,_Z,_Z,_Z,2019,A,PT_GDP,
6.174433,P1Y,0,,A,PU,_Z,2,,,False,WB_WDI,WB_WDI_SH_XPD_CHEX_GD_ZS,GTM,_T,_T,_T,_Z,_Z,_Z,2019,A,PT_GDP,
4.088762,P1Y,0,,A,PU,_Z,2,,,False,WB_WDI,WB_WDI_SH_XPD_CHEX_GD_ZS,GIN,_T,_T,_T,_Z,_Z,_Z,2019,A,PT_GDP,
7.146021,P1Y,0,,A,PU,_Z,2,,,False,WB_WDI,WB_WDI_SH_XPD_CHEX_GD_ZS,GNB,_T,_T,_T,_Z,_Z,_Z,2019,A,PT_GDP,
4.903315,P1Y,0,,A,PU,_Z,2,,,False,WB_WDI,WB_WDI_SH_XPD_CHEX_GD_ZS,GUY,_T,_T,_T,_Z,_Z,_Z,2019,A,PT_GDP,
3.911079,P1Y,0,,A,PU,_Z,2,,,False,WB_WDI,WB_WDI_SH_XPD_CHEX_GD_ZS,HTI,_T,_T,_T,_Z,_Z,_Z,2019,A,PT_GDP,
7.992485,P1Y,0,,A,PU,_Z,2,,,False,WB_WDI,WB_WDI_SH_XPD_CHEX_GD_ZS,HUN,_T,_T,_T,_Z,_Z,_Z,2005,A,PT_GDP,
8.94695,P1Y,0,,A,PU,_Z,2,,,False,WB_WDI,WB_WDI_SH_XPD_CHEX_GD_ZS,ISL,_T,_T,_T,_Z,_Z,_Z,2005,A,PT_GDP,
3.855083,P1Y,0,,A,PU,_Z,2,,,False,WB_WDI,WB_WDI_SH_XPD_CHEX_GD_ZS,IND,_T,_T,_T,_Z,_Z,_Z,2005,A,PT_GDP,
2.531894,P1Y,0,,A,PU,_Z,2,,,False,WB_WDI,WB_WDI_SH_XPD_CHEX_GD_ZS,IDN,_T,_T,_T,_Z,_Z,_Z,2005,A,PT_GDP,
5.299962,P1Y,0,,A,PU,_Z,2,,,False,WB_WDI,WB_WDI_SH_XPD_CHEX_GD_ZS,IRN,_T,_T,_T,_Z,_Z,_Z,2005,A,PT_GDP,
3.017046,P1Y,0,,A,PU,_Z,2,,,False,WB_WDI,WB_WDI_SH_XPD_CHEX_GD_ZS,IRQ,_T,_T,_T,_Z,_Z,_Z,2005,A,PT_GDP,
7.642428,P1Y,0,,A,PU,_Z,2,,,False,WB_WDI,WB_WDI_SH_XPD_CHEX_GD_ZS,IRL,_T,_T,_T,_Z,_Z,_Z,2005,A,PT_GDP,
6.882845,P1Y,0,,A,PU,_Z,2,,,False,WB_WDI,WB_WDI_SH_XPD_CHEX_GD_ZS,ISR,_T,_T,_T,_Z,_Z,_Z,2005,A,PT_GDP,
8.309068,P1Y,0,,A,PU,_Z,2,,,False,WB_WDI,WB_WDI_SH_XPD_CHEX_GD_ZS,ITA,_T,_T,_T,_Z,_Z,_Z,2005,A,PT_GDP,
5.821049,P1Y,0,,A,PU,_Z,2,,,False,WB_WDI,WB_WDI_SH_XPD_CHEX_GD_ZS,JAM,_T,_T,_T,_Z,_Z,_Z,2005,A,PT_GDP,
7.658186,P1Y,0,,A,PU,_Z,2,,,False,WB_WDI,WB_WDI_SH_XPD_CHEX_GD_ZS,JPN,_T,_T,_T,_Z,_Z,_Z,2005,A,PT_GDP,
3.635813,P1Y,0,,A,PU,_Z,2,,,False,WB_WDI,WB_WDI_SH_XPD_CHEX_GD_ZS,QAT,_T,_T,_T,_Z,_Z,_Z,2015,A,PT_GDP,
4.94292,P1Y,0,,A,PU,_Z,2,,,False,WB_WDI,WB_WDI_SH_XPD_CHEX_GD_ZS,ROU,_T,_T,_T,_Z,_Z,_Z,2015,A,PT_GDP,
5.296046,P1Y,0,,A,PU,_Z,2,,,False,WB_WDI,WB_WDI_SH_XPD_CHEX_GD_ZS,RUS,_T,_T,_T,_Z,_Z,_Z,2015,A,PT_GDP,
6.650613,P1Y,0,,A,PU,_Z,2,,,False,WB_WDI,WB_WDI_SH_XPD_CHEX_GD_ZS,RWA,_T,_T,_T,_Z,_Z,_Z,2015,A,PT_GDP,
6.013219,P1Y,0,,A,PU,_Z,2,,,False,WB_WDI,WB_WDI_SH_XPD_CHEX_GD_ZS,WSM,_T,_T,_T,_Z,_Z,_Z,2015,A,PT_GDP,
8.433153,P1Y,0,,A,PU,_Z,2,,,False,WB_WDI,WB_WDI_SH_XPD_CHEX_GD_ZS,SMR,_T,_T,_T,_Z,_Z,_Z,2015,A,PT_GDP,
6.532269,P1Y,0,,A,PU,_Z,2,,,False,WB_WDI,WB_WDI_SH_XPD_CHEX_GD_ZS,STP,_T,_T,_T,_Z,_Z,_Z,2015,A,PT_GDP,
5.862022,P1Y,0,,A,PU,_Z,2,,,False,WB_WDI,WB_WDI_SH_XPD_CHEX_GD_ZS,SAU,_T,_T,_T,_Z,_Z,_Z,2015,A,PT_GDP,
4.377896,P1Y,0,,A,PU,_Z,2,,,False,WB_WDI,WB_WDI_SH_XPD_CHEX_GD_ZS,SEN,_T,_T,_T,_Z,_Z,_Z,2015,A,PT_GDP,
8.462899,P1Y,0,,A,PU,_Z,2,,,False,WB_WDI,WB_WDI_SH_XPD_CHEX_GD_ZS,SRB,_T,_T,_T,_Z,_Z,_Z,2015,A,PT_GDP,
10.082501,P1Y,0,,A,PU,_Z,2,,,False,WB_WDI,WB_WDI_SH_XPD_CHEX_GD_ZS,FRA,_T,_T,_T,_Z,_Z,_Z,2002,A,PT_GDP,
3.329707,P1Y,0,,A,PU,_Z,2,,,False,WB_WDI,WB_WDI_SH_XPD_CHEX_GD_ZS,GAB,_T,_T,_T,_Z,_Z,_Z,2002,A,PT_GDP,
6.232603,P1Y,0,,A,PU,_Z,2,,,False,WB_WDI,WB_WDI_SH_XPD_CHEX_GD_ZS,GMB,_T,_T,_T,_Z,_Z,_Z,2002,A,PT_GDP,
7.814743,P1Y,0,,A,PU,_Z,2,,,False,WB_WDI,WB_WDI_SH_XPD_CHEX_GD_ZS,GEO,_T,_T,_T,_Z,_Z,_Z,2002,A,PT_GDP,
10.028965,P1Y,0,,A,PU,_Z,2,,,False,WB_WDI,WB_WDI_SH_XPD_CHEX_GD_ZS,DEU,_T,_T,_T,_Z,_Z,_Z,2002,A,PT_GDP,
1.946946,P1Y,0,,A,PU,_Z,2,,,False,WB_WDI,WB_WDI_SH_XPD_CHEX_GD_ZS,GHA,_T,_T,_T,_Z,_Z,_Z,2002,A,PT_GDP,
8.469987,P1Y,0,,A,PU,_Z,2,,,False,WB_WDI,WB_WDI_SH_XPD_CHEX_GD_ZS,GRC,_T,_T,_T,_Z,_Z,_Z,2002,A,PT_GDP,
6.175697,P1Y,0,,A,PU,_Z,2,,,False,WB_WDI,WB_WDI_SH_XPD_CHEX_GD_ZS,GRD,_T,_T,_T,_Z,_Z,_Z,2002,A,PT_GDP,
6.013013,P1Y,0,,A,PU,_Z,2,,,False,WB_WDI,WB_WDI_SH_XPD_CHEX_GD_ZS,GTM,_T,_T,_T,_Z,_Z,_Z,2002,A,PT_GDP,
5.356537,P1Y,0,,A,PU,_Z,2,,,False,WB_WDI,WB_WDI_SH_XPD_CHEX_GD_ZS,GIN,_T,_T,_T,_Z,_Z,_Z,2002,A,PT_GDP,
3.8728,P1Y,0,,A,PU,_Z,2,,,False,WB_WDI,WB_WDI_SH_XPD_CHEX_GD_ZS,GNB,_T,_T,_T,_Z,_Z,_Z,2002,A,PT_GDP,
7.836389,P1Y,0,,A,PU,_Z,2,,,False,WB_WDI,WB_WDI_SH_XPD_CHEX_GD_ZS,ITA,_T,_T,_T,_Z,_Z,_Z,2002,A,PT_GDP,
5.579341,P1Y,0,,A,PU,_Z,2,,,False,WB_WDI,WB_WDI_SH_XPD_CHEX_GD_ZS,JAM,_T,_T,_T,_Z,_Z,_Z,2002,A,PT_GDP,
7.352354,P1Y,0,,A,PU,_Z,2,,,False,WB_WDI,WB_WDI_SH_XPD_CHEX_GD_ZS,JPN,_T,_T,_T,_Z,_Z,_Z,2002,A,PT_GDP,
9.278642,P1Y,0,,A,PU,_Z,2,,,False,WB_WDI,WB_WDI_SH_XPD_CHEX_GD_ZS,JOR,_T,_T,_T,_Z,_Z,_Z,2002,A,PT_GDP,
3.614814,P1Y,0,,A,PU,_Z,2,,,False,WB_WDI,WB_WDI_SH_XPD_CHEX_GD_ZS,KAZ,_T,_T,_T,_Z,_Z,_Z,2002,A,PT_GDP,
3.821595,P1Y,0,,A,PU,_Z,2,,,False,WB_WDI,WB_WDI_SH_XPD_CHEX_GD_ZS,KEN,_T,_T,_T,_Z,_Z,_Z,2002,A,PT_GDP,
11.44029,P1Y,0,,A,PU,_Z,2,,,False,WB_WDI,WB_WDI_SH_XPD_CHEX_GD_ZS,KIR,_T,_T,_T,_Z,_Z,_Z,2002,A,PT_GDP,
3.908548,P1Y,0,,A,PU,_Z,2,,,False,WB_WDI,WB_WDI_SH_XPD_CHEX_GD_ZS,KOR,_T,_T,_T,_Z,_Z,_Z,2002,A,PT_GDP,
3.124418,P1Y,0,,A,PU,_Z,2,,,False,WB_WDI,WB_WDI_SH_XPD_CHEX_GD_ZS,KWT,_T,_T,_T,_Z,_Z,_Z,2002,A,PT_GDP,
4.592196,P1Y,0,,A,PU,_Z,2,,,False,WB_WDI,WB_WDI_SH_XPD_CHEX_GD_ZS,KGZ,_T,_T,_T,_Z,_Z,_Z,2002,A,PT_GDP,
3.697513,P1Y,0,,A,PU,_Z,2,,,False,WB_WDI,WB_WDI_SH_XPD_CHEX_GD_ZS,LAO,_T,_T,_T,_Z,_Z,_Z,2002,A,PT_GDP,
10.482437,P1Y,0,,A,PU,_Z,2,,,False,WB_WDI,WB_WDI_SH_XPD_CHEX_GD_ZS,ECS,_T,_T,_T,_Z,_Z,_Z,2020,A,PT_GDP,
5.51078,P1Y,0,,A,PU,_Z,2,,,False,WB_WDI,WB_WDI_SH_XPD_CHEX_GD_ZS,ECA,_T,_T,_T,_Z,_Z,_Z,2020,A,PT_GDP,
6.750024,P1Y,0,,A,PU,_Z,2,,,False,WB_WDI,WB_WDI_SH_XPD_CHEX_GD_ZS,TEC,_T,_T,_T,_Z,_Z,_Z,2020,A,PT_GDP,
10.799411,P1Y,0,,A,PU,_Z,2,,,False,WB_WDI,WB_WDI_SH_XPD_CHEX_GD_ZS,EUU,_T,_T,_T,_Z,_Z,_Z,2020,A,PT_GDP,
5.005925,P1Y,0,,A,PU,_Z,2,,,False,WB_WDI,WB_WDI_SH_XPD_CHEX_GD_ZS,HPC,_T,_T,_T,_Z,_Z,_Z,2020,A,PT_GDP,
13.629886,P1Y,0,,A,PU,_Z,2,,,False,WB_WDI,WB_WDI_SH_XPD_CHEX_GD_ZS,HIC,_T,_T,_T,_Z,_Z,_Z,2020,A,PT_GDP,
5.769231,P1Y,0,,A,PU,_Z,2,,,False,WB_WDI,WB_WDI_SH_XPD_CHEX_GD_ZS,IBD,_T,_T,_T,_Z,_Z,_Z,2020,A,PT_GDP,
5.618324,P1Y,0,,A,PU,_Z,2,,,False,WB_WDI,WB_WDI_SH_XPD_CHEX_GD_ZS,IBT,_T,_T,_T,_Z,_Z,_Z,2020,A,PT_GDP,
3.580505,P1Y,0,,A,PU,_Z,2,,,False,WB_WDI,WB_WDI_SH_XPD_CHEX_GD_ZS,IDB,_T,_T,_T,_Z,_Z,_Z,2020,A,PT_GDP,
4.121415,P1Y,0,,A,PU,_Z,2,,,False,WB_WDI,WB_WDI_SH_XPD_CHEX_GD_ZS,IDX,_T,_T,_T,_Z,_Z,_Z,2020,A,PT_GDP,
3.8576,P1Y,0,,A,PU,_Z,2,,,False,WB_WDI,WB_WDI_SH_XPD_CHEX_GD_ZS,IDA,_T,_T,_T,_Z,_Z,_Z,2020,A,PT_GDP,
6.061871,P1Y,0,,A,PU,_Z,2,,,False,WB_WDI,WB_WDI_SH_XPD_CHEX_GD_ZS,LTE,_T,_T,_T,_Z,_Z,_Z,2020,A,PT_GDP,
8.363162,P1Y,0,,A,PU,_Z,2,,,False,WB_WDI,WB_WDI_SH_XPD_CHEX_GD_ZS,LCN,_T,_T,_T,_Z,_Z,_Z,2020,A,PT_GDP,
5.404638,P1Y,0,,A,PU,_Z,2,,,True,WB_WDI,WB_WDI_SH_XPD_CHEX_GD_ZS,BRB,_T,_T,_T,_Z,_Z,_Z,2023,A,PT_GDP,
7.081674,P1Y,0,,A,PU,_Z,2,,,True,WB_WDI,WB_WDI_SH_XPD_CHEX_GD_ZS,BLR,_T,_T,_T,_Z,_Z,_Z,2023,A,PT_GDP,
10.803716,P1Y,0,,A,PU,_Z,2,,,True,WB_WDI,WB_WDI_SH_XPD_CHEX_GD_ZS,BEL,_T,_T,_T,_Z,_Z,_Z,2023,A,PT_GDP,
4.147358,P1Y,0,,A,PU,_Z,2,,,True,WB_WDI,WB_WDI_SH_XPD_CHEX_GD_ZS,BLZ,_T,_T,_T,_Z,_Z,_Z,2023,A,PT_GDP,
3.337325,P1Y,0,,A,PU,_Z,2,,,True,WB_WDI,WB_WDI_SH_XPD_CHEX_GD_ZS,BEN,_T,_T,_T,_Z,_Z,_Z,2023,A,PT_GDP,
4.415516,P1Y,0,,A,PU,_Z,2,,,True,WB_WDI,WB_WDI_SH_XPD_CHEX_GD_ZS,BTN,_T,_T,_T,_Z,_Z,_Z,2023,A,PT_GDP,
6.918647,P1Y,0,,A,PU,_Z,2,,,True,WB_WDI,WB_WDI_SH_XPD_CHEX_GD_ZS,BOL,_T,_T,_T,_Z,_Z,_Z,2023,A,PT_GDP,
8.921694,P1Y,0,,A,PU,_Z,2,,,True,WB_WDI,WB_WDI_SH_XPD_CHEX_GD_ZS,BIH,_T,_T,_T,_Z,_Z,_Z,2023,A,PT_GDP,
6.255747,P1Y,0,,A,PU,_Z,2,,,True,WB_WDI,WB_WDI_SH_XPD_CHEX_GD_ZS,BWA,_T,_T,_T,_Z,_Z,_Z,2023,A,PT_GDP,
9.730927,P1Y,0,,A,PU,_Z,2,,,True,WB_WDI,WB_WDI_SH_XPD_CHEX_GD_ZS,BRA,_T,_T,_T,_Z,_Z,_Z,2023,A,PT_GDP,
2.228607,P1Y,0,,A,PU,_Z,2,,,True,WB_WDI,WB_WDI_SH_XPD_CHEX_GD_ZS,BRN,_T,_T,_T,_Z,_Z,_Z,2023,A,PT_GDP,
7.918531,P1Y,0,,A,PU,_Z,2,,,True,WB_WDI,WB_WDI_SH_XPD_CHEX_GD_ZS,BGR,_T,_T,_T,_Z,_Z,_Z,2023,A,PT_GDP,
12.103881,P1Y,0,,A,PU,_Z,2,,,False,WB_WDI,WB_WDI_SH_XPD_CHEX_GD_ZS,GBR,_T,_T,_T,_Z,_Z,_Z,2020,A,PT_GDP,
18.515974,P1Y,0,,A,PU,_Z,2,,,False,WB_WDI,WB_WDI_SH_XPD_CHEX_GD_ZS,USA,_T,_T,_T,_Z,_Z,_Z,2020,A,PT_GDP,
9.087749,P1Y,0,,A,PU,_Z,2,,,False,WB_WDI,WB_WDI_SH_XPD_CHEX_GD_ZS,URY,_T,_T,_T,_Z,_Z,_Z,2020,A,PT_GDP,
6.085978,P1Y,0,,A,PU,_Z,2,,,False,WB_WDI,WB_WDI_SH_XPD_CHEX_GD_ZS,UZB,_T,_T,_T,_Z,_Z,_Z,2020,A,PT_GDP,
4.12129,P1Y,0,,A,PU,_Z,2,,,False,WB_WDI,WB_WDI_SH_XPD_CHEX_GD_ZS,VUT,_T,_T,_T,_Z,_Z,_Z,2020,A,PT_GDP,
4.116151,P1Y,0,,A,PU,_Z,2,,,False,WB_WDI,WB_WDI_SH_XPD_CHEX_GD_ZS,VEN,_T,_T,_T,_Z,_Z,_Z,2020,A,PT_GDP,
4.332198,P1Y,0,,A,PU,_Z,2,,,False,WB_WDI,WB_WDI_SH_XPD_CHEX_GD_ZS,VNM,_T,_T,_T,_Z,_Z,_Z,2020,A,PT_GDP,
10.276102,P1Y,0,,A,PU,_Z,2,,,False,WB_WDI,WB_WDI_SH_XPD_CHEX_GD_ZS,PSE,_T,_T,_T,_Z,_Z,_Z,2020,A,PT_GDP,
11.647814,P1Y,0,,A,PU,_Z,2,,,False,WB_WDI,WB_WDI_SH_XPD_CHEX_GD_ZS,YEM,_T,_T,_T,_Z,_Z,_Z,2020,A,PT_GDP,
6.306744,P1Y,0,,A,PU,_Z,2,,,False,WB_WDI,WB_WDI_SH_XPD_CHEX_GD_ZS,ZMB,_T,_T,_T,_Z,_Z,_Z,2020,A,PT_GDP,
2.954401,P1Y,0,,A,PU,_Z,2,,,False,WB_WDI,WB_WDI_SH_XPD_CHEX_GD_ZS,ZWE,_T,_T,_T,_Z,_Z,_Z,2020,A,PT_GDP,
6.00602,P1Y,0,,A,PU,_Z,2,,,False,WB_WDI,WB_WDI_SH_XPD_CHEX_GD_ZS,GTM,_T,_T,_T,_Z,_Z,_Z,2015,A,PT_GDP,
5.809193,P1Y,0,,A,PU,_Z,2,,,False,WB_WDI,WB_WDI_SH_XPD_CHEX_GD_ZS,GIN,_T,_T,_T,_Z,_Z,_Z,2015,A,PT_GDP,
8.132282,P1Y,0,,A,PU,_Z,2,,,False,WB_WDI,WB_WDI_SH_XPD_CHEX_GD_ZS,GNB,_T,_T,_T,_Z,_Z,_Z,2015,A,PT_GDP,
4.022648,P1Y,0,,A,PU,_Z,2,,,False,WB_WDI,WB_WDI_SH_XPD_CHEX_GD_ZS,GUY,_T,_T,_T,_Z,_Z,_Z,2015,A,PT_GDP,
5.075181,P1Y,0,,A,PU,_Z,2,,,False,WB_WDI,WB_WDI_SH_XPD_CHEX_GD_ZS,HTI,_T,_T,_T,_Z,_Z,_Z,2015,A,PT_GDP,
7.48379,P1Y,0,,A,PU,_Z,2,,,False,WB_WDI,WB_WDI_SH_XPD_CHEX_GD_ZS,HND,_T,_T,_T,_Z,_Z,_Z,2015,A,PT_GDP,
6.850194,P1Y,0,,A,PU,_Z,2,,,False,WB_WDI,WB_WDI_SH_XPD_CHEX_GD_ZS,HUN,_T,_T,_T,_Z,_Z,_Z,2015,A,PT_GDP,
8.13122,P1Y,0,,A,PU,_Z,2,,,False,WB_WDI,WB_WDI_SH_XPD_CHEX_GD_ZS,ISL,_T,_T,_T,_Z,_Z,_Z,2015,A,PT_GDP,
3.59566,P1Y,0,,A,PU,_Z,2,,,False,WB_WDI,WB_WDI_SH_XPD_CHEX_GD_ZS,IND,_T,_T,_T,_Z,_Z,_Z,2015,A,PT_GDP,
2.924285,P1Y,0,,A,PU,_Z,2,,,False,WB_WDI,WB_WDI_SH_XPD_CHEX_GD_ZS,IDN,_T,_T,_T,_Z,_Z,_Z,2015,A,PT_GDP,
4.453586,P1Y,0,,A,PU,_Z,2,,,False,WB_WDI,WB_WDI_SH_XPD_CHEX_GD_ZS,CHN,_T,_T,_T,_Z,_Z,_Z,2000,A,PT_GDP,
5.635293,P1Y,0,,A,PU,_Z,2,,,False,WB_WDI,WB_WDI_SH_XPD_CHEX_GD_ZS,COL,_T,_T,_T,_Z,_Z,_Z,2000,A,PT_GDP,
7.51525,P1Y,0,,A,PU,_Z,2,,,False,WB_WDI,WB_WDI_SH_XPD_CHEX_GD_ZS,COM,_T,_T,_T,_Z,_Z,_Z,2000,A,PT_GDP,
1.465947,P1Y,0,,A,PU,_Z,2,,,False,WB_WDI,WB_WDI_SH_XPD_CHEX_GD_ZS,COD,_T,_T,_T,_Z,_Z,_Z,2000,A,PT_GDP,
1.505008,P1Y,0,,A,PU,_Z,2,,,False,WB_WDI,WB_WDI_SH_XPD_CHEX_GD_ZS,COG,_T,_T,_T,_Z,_Z,_Z,2000,A,PT_GDP,
6.564987,P1Y,0,,A,PU,_Z,2,,,False,WB_WDI,WB_WDI_SH_XPD_CHEX_GD_ZS,CRI,_T,_T,_T,_Z,_Z,_Z,2000,A,PT_GDP,
3.614769,P1Y,0,,A,PU,_Z,2,,,False,WB_WDI,WB_WDI_SH_XPD_CHEX_GD_ZS,CIV,_T,_T,_T,_Z,_Z,_Z,2000,A,PT_GDP,
7.650843,P1Y,0,,A,PU,_Z,2,,,False,WB_WDI,WB_WDI_SH_XPD_CHEX_GD_ZS,HRV,_T,_T,_T,_Z,_Z,_Z,2000,A,PT_GDP,
6.581898,P1Y,0,,A,PU,_Z,2,,,False,WB_WDI,WB_WDI_SH_XPD_CHEX_GD_ZS,CUB,_T,_T,_T,_Z,_Z,_Z,2000,A,PT_GDP,
5.308001,P1Y,0,,A,PU,_Z,2,,,False,WB_WDI,WB_WDI_SH_XPD_CHEX_GD_ZS,CYP,_T,_T,_T,_Z,_Z,_Z,2000,A,PT_GDP,
5.669169,P1Y,0,,A,PU,_Z,2,,,False,WB_WDI,WB_WDI_SH_XPD_CHEX_GD_ZS,CZE,_T,_T,_T,_Z,_Z,_Z,2000,A,PT_GDP,
8.110062,P1Y,0,,A,PU,_Z,2,,,False,WB_WDI,WB_WDI_SH_XPD_CHEX_GD_ZS,DNK,_T,_T,_T,_Z,_Z,_Z,2000,A,PT_GDP,
18.421999,P1Y,0,,A,PU,_Z,2,,,False,WB_WDI,WB_WDI_SH_XPD_CHEX_GD_ZS,TUV,_T,_T,_T,_Z,_Z,_Z,2018,A,PT_GDP,
4.021534,P1Y,0,,A,PU,_Z,2,,,False,WB_WDI,WB_WDI_SH_XPD_CHEX_GD_ZS,UGA,_T,_T,_T,_Z,_Z,_Z,2018,A,PT_GDP,
7.520514,P1Y,0,,A,PU,_Z,2,,,False,WB_WDI,WB_WDI_SH_XPD_CHEX_GD_ZS,UKR,_T,_T,_T,_Z,_Z,_Z,2018,A,PT_GDP,
4.098542,P1Y,0,,A,PU,_Z,2,,,False,WB_WDI,WB_WDI_SH_XPD_CHEX_GD_ZS,ARE,_T,_T,_T,_Z,_Z,_Z,2018,A,PT_GDP,
9.794966,P1Y,0,,A,PU,_Z,2,,,False,WB_WDI,WB_WDI_SH_XPD_CHEX_GD_ZS,GBR,_T,_T,_T,_Z,_Z,_Z,2018,A,PT_GDP,
16.513126,P1Y,0,,A,PU,_Z,2,,,False,WB_WDI,WB_WDI_SH_XPD_CHEX_GD_ZS,USA,_T,_T,_T,_Z,_Z,_Z,2018,A,PT_GDP,
8.900111,P1Y,0,,A,PU,_Z,2,,,False,WB_WDI,WB_WDI_SH_XPD_CHEX_GD_ZS,URY,_T,_T,_T,_Z,_Z,_Z,2018,A,PT_GDP,
4.552616,P1Y,0,,A,PU,_Z,2,,,False,WB_WDI,WB_WDI_SH_XPD_CHEX_GD_ZS,UZB,_T,_T,_T,_Z,_Z,_Z,2018,A,PT_GDP,
3.44049,P1Y,0,,A,PU,_Z,2,,,False,WB_WDI,WB_WDI_SH_XPD_CHEX_GD_ZS,VUT,_T,_T,_T,_Z,_Z,_Z,2018,A,PT_GDP,
2.416913,P1Y,0,,A,PU,_Z,2,,,False,WB_WDI,WB_WDI_SH_XPD_CHEX_GD_ZS,VEN,_T,_T,_T,_Z,_Z,_Z,2018,A,PT_GDP,
5.026788,P1Y,0,,A,PU,_Z,2,,,False,WB_WDI,WB_WDI_SH_XPD_CHEX_GD_ZS,VNM,_T,_T,_T,_Z,_Z,_Z,2018,A,PT_GDP,
5.683502,P1Y,0,,A,PU,_Z,2,,,False,WB_WDI,WB_WDI_SH_XPD_CHEX_GD_ZS,MEX,_T,_T,_T,_Z,_Z,_Z,2004,A,PT_GDP,
12.235387,P1Y,0,,A,PU,_Z,2,,,False,WB_WDI,WB_WDI_SH_XPD_CHEX_GD_ZS,FSM,_T,_T,_T,_Z,_Z,_Z,2004,A,PT_GDP,
8.971149,P1Y,0,,A,PU,_Z,2,,,False,WB_WDI,WB_WDI_SH_XPD_CHEX_GD_ZS,MDA,_T,_T,_T,_Z,_Z,_Z,2004,A,PT_GDP,
4.524766,P1Y,0,,A,PU,_Z,2,,,False,WB_WDI,WB_WDI_SH_XPD_CHEX_GD_ZS,MCO,_T,_T,_T,_Z,_Z,_Z,2004,A,PT_GDP,
4.302045,P1Y,0,,A,PU,_Z,2,,,False,WB_WDI,WB_WDI_SH_XPD_CHEX_GD_ZS,MNG,_T,_T,_T,_Z,_Z,_Z,2004,A,PT_GDP,
4.232111,P1Y,0,,A,PU,_Z,2,,,False,WB_WDI,WB_WDI_SH_XPD_CHEX_GD_ZS,MAR,_T,_T,_T,_Z,_Z,_Z,2004,A,PT_GDP,
3.530627,P1Y,0,,A,PU,_Z,2,,,False,WB_WDI,WB_WDI_SH_XPD_CHEX_GD_ZS,MOZ,_T,_T,_T,_Z,_Z,_Z,2004,A,PT_GDP,
2.332538,P1Y,0,,A,PU,_Z,2,,,False,WB_WDI,WB_WDI_SH_XPD_CHEX_GD_ZS,MMR,_T,_T,_T,_Z,_Z,_Z,2004,A,PT_GDP,
10.885438,P1Y,0,,A,PU,_Z,2,,,False,WB_WDI,WB_WDI_SH_XPD_CHEX_GD_ZS,NAM,_T,_T,_T,_Z,_Z,_Z,2004,A,PT_GDP,
6.878896,P1Y,0,,A,PU,_Z,2,,,False,WB_WDI,WB_WDI_SH_XPD_CHEX_GD_ZS,NRU,_T,_T,_T,_Z,_Z,_Z,2004,A,PT_GDP,
4.046299,P1Y,0,,A,PU,_Z,2,,,False,WB_WDI,WB_WDI_SH_XPD_CHEX_GD_ZS,NPL,_T,_T,_T,_Z,_Z,_Z,2004,A,PT_GDP,
9.071567,P1Y,0,,A,PU,_Z,2,,,False,WB_WDI,WB_WDI_SH_XPD_CHEX_GD_ZS,NLD,_T,_T,_T,_Z,_Z,_Z,2004,A,PT_GDP,
6.804423,P1Y,0,,A,PU,_Z,2,,,False,WB_WDI,WB_WDI_SH_XPD_CHEX_GD_ZS,TLS,_T,_T,_T,_Z,_Z,_Z,2017,A,PT_GDP,
6.502105,P1Y,0,,A,PU,_Z,2,,,False,WB_WDI,WB_WDI_SH_XPD_CHEX_GD_ZS,TGO,_T,_T,_T,_Z,_Z,_Z,2017,A,PT_GDP,
5.629528,P1Y,0,,A,PU,_Z,2,,,False,WB_WDI,WB_WDI_SH_XPD_CHEX_GD_ZS,TON,_T,_T,_T,_Z,_Z,_Z,2017,A,PT_GDP,
6.56563,P1Y,0,,A,PU,_Z,2,,,False,WB_WDI,WB_WDI_SH_XPD_CHEX_GD_ZS,TTO,_T,_T,_T,_Z,_Z,_Z,2017,A,PT_GDP,
6.185575,P1Y,0,,A,PU,_Z,2,,,False,WB_WDI,WB_WDI_SH_XPD_CHEX_GD_ZS,TUN,_T,_T,_T,_Z,_Z,_Z,2017,A,PT_GDP,
4.17975,P1Y,0,,A,PU,_Z,2,,,False,WB_WDI,WB_WDI_SH_XPD_CHEX_GD_ZS,TUR,_T,_T,_T,_Z,_Z,_Z,2017,A,PT_GDP,
5.823612,P1Y,0,,A,PU,_Z,2,,,False,WB_WDI,WB_WDI_SH_XPD_CHEX_GD_ZS,TKM,_T,_T,_T,_Z,_Z,_Z,2017,A,PT_GDP,
24.457632,P1Y,0,,A,PU,_Z,2,,,False,WB_WDI,WB_WDI_SH_XPD_CHEX_GD_ZS,TUV,_T,_T,_T,_Z,_Z,_Z,2017,A,PT_GDP,
3.99852,P1Y,0,,A,PU,_Z,2,,,False,WB_WDI,WB_WDI_SH_XPD_CHEX_GD_ZS,UGA,_T,_T,_T,_Z,_Z,_Z,2017,A,PT_GDP,
7.446104,P1Y,0,,A,PU,_Z,2,,,False,WB_WDI,WB_WDI_SH_XPD_CHEX_GD_ZS,UKR,_T,_T,_T,_Z,_Z,_Z,2017,A,PT_GDP,
8.429064,P1Y,0,,A,PU,_Z,2,,,False,WB_WDI,WB_WDI_SH_XPD_CHEX_GD_ZS,ESP,_T,_T,_T,_Z,_Z,_Z,2008,A,PT_GDP,
3.85483,P1Y,0,,A,PU,_Z,2,,,False,WB_WDI,WB_WDI_SH_XPD_CHEX_GD_ZS,LKA,_T,_T,_T,_Z,_Z,_Z,2008,A,PT_GDP,
5.30566,P1Y,0,,A,PU,_Z,2,,,False,WB_WDI,WB_WDI_SH_XPD_CHEX_GD_ZS,KNA,_T,_T,_T,_Z,_Z,_Z,2008,A,PT_GDP,
5.09062,P1Y,0,,A,PU,_Z,2,,,False,WB_WDI,WB_WDI_SH_XPD_CHEX_GD_ZS,LCA,_T,_T,_T,_Z,_Z,_Z,2008,A,PT_GDP,
3.887839,P1Y,0,,A,PU,_Z,2,,,False,WB_WDI,WB_WDI_SH_XPD_CHEX_GD_ZS,VCT,_T,_T,_T,_Z,_Z,_Z,2008,A,PT_GDP,
5.423136,P1Y,0,,A,PU,_Z,2,,,False,WB_WDI,WB_WDI_SH_XPD_CHEX_GD_ZS,SDN,_T,_T,_T,_Z,_Z,_Z,2008,A,PT_GDP,
4.746996,P1Y,0,,A,PU,_Z,2,,,False,WB_WDI,WB_WDI_SH_XPD_CHEX_GD_ZS,SUR,_T,_T,_T,_Z,_Z,_Z,2008,A,PT_GDP,
8.226036,P1Y,0,,A,PU,_Z,2,,,False,WB_WDI,WB_WDI_SH_XPD_CHEX_GD_ZS,SWE,_T,_T,_T,_Z,_Z,_Z,2008,A,PT_GDP,
9.531677,P1Y,0,,A,PU,_Z,2,,,False,WB_WDI,WB_WDI_SH_XPD_CHEX_GD_ZS,CHE,_T,_T,_T,_Z,_Z,_Z,2008,A,PT_GDP,
3.413781,P1Y,0,,A,PU,_Z,2,,,False,WB_WDI,WB_WDI_SH_XPD_CHEX_GD_ZS,SYR,_T,_T,_T,_Z,_Z,_Z,2008,A,PT_GDP,
5.912067,P1Y,0,,A,PU,_Z,2,,,False,WB_WDI,WB_WDI_SH_XPD_CHEX_GD_ZS,TJK,_T,_T,_T,_Z,_Z,_Z,2008,A,PT_GDP,
5.557047,P1Y,0,,A,PU,_Z,2,,,False,WB_WDI,WB_WDI_SH_XPD_CHEX_GD_ZS,TZA,_T,_T,_T,_Z,_Z,_Z,2008,A,PT_GDP,
5.072039,P1Y,0,,A,PU,_Z,2,,,False,WB_WDI,WB_WDI_SH_XPD_CHEX_GD_ZS,MDG,_T,_T,_T,_Z,_Z,_Z,2006,A,PT_GDP,
4.912233,P1Y,0,,A,PU,_Z,2,,,False,WB_WDI,WB_WDI_SH_XPD_CHEX_GD_ZS,MWI,_T,_T,_T,_Z,_Z,_Z,2006,A,PT_GDP,
3.108977,P1Y,0,,A,PU,_Z,2,,,False,WB_WDI,WB_WDI_SH_XPD_CHEX_GD_ZS,MYS,_T,_T,_T,_Z,_Z,_Z,2006,A,PT_GDP,
8.04819,P1Y,0,,A,PU,_Z,2,,,False,WB_WDI,WB_WDI_SH_XPD_CHEX_GD_ZS,MDV,_T,_T,_T,_Z,_Z,_Z,2006,A,PT_GDP,
5.455902,P1Y,0,,A,PU,_Z,2,,,False,WB_WDI,WB_WDI_SH_XPD_CHEX_GD_ZS,MLI,_T,_T,_T,_Z,_Z,_Z,2006,A,PT_GDP,
8.846597,P1Y,0,,A,PU,_Z,2,,,False,WB_WDI,WB_WDI_SH_XPD_CHEX_GD_ZS,MLT,_T,_T,_T,_Z,_Z,_Z,2006,A,PT_GDP,
22.298548,P1Y,0,,A,PU,_Z,2,,,False,WB_WDI,WB_WDI_SH_XPD_CHEX_GD_ZS,MHL,_T,_T,_T,_Z,_Z,_Z,2006,A,PT_GDP,
2.702528,P1Y,0,,A,PU,_Z,2,,,False,WB_WDI,WB_WDI_SH_XPD_CHEX_GD_ZS,MRT,_T,_T,_T,_Z,_Z,_Z,2006,A,PT_GDP,
3.605736,P1Y,0,,A,PU,_Z,2,,,False,WB_WDI,WB_WDI_SH_XPD_CHEX_GD_ZS,MUS,_T,_T,_T,_Z,_Z,_Z,2006,A,PT_GDP,
5.406479,P1Y,0,,A,PU,_Z,2,,,False,WB_WDI,WB_WDI_SH_XPD_CHEX_GD_ZS,MEX,_T,_T,_T,_Z,_Z,_Z,2006,A,PT_GDP,
10.465676,P1Y,0,,A,PU,_Z,2,,,False,WB_WDI,WB_WDI_SH_XPD_CHEX_GD_ZS,NAM,_T,_T,_T,_Z,_Z,_Z,2001,A,PT_GDP,
16.223301,P1Y,0,,A,PU,_Z,2,,,False,WB_WDI,WB_WDI_SH_XPD_CHEX_GD_ZS,NRU,_T,_T,_T,_Z,_Z,_Z,2001,A,PT_GDP,
3.812299,P1Y,0,,A,PU,_Z,2,,,False,WB_WDI,WB_WDI_SH_XPD_CHEX_GD_ZS,NPL,_T,_T,_T,_Z,_Z,_Z,2001,A,PT_GDP,
8.041769,P1Y,0,,A,PU,_Z,2,,,False,WB_WDI,WB_WDI_SH_XPD_CHEX_GD_ZS,NLD,_T,_T,_T,_Z,_Z,_Z,2001,A,PT_GDP,
7.578936,P1Y,0,,A,PU,_Z,2,,,False,WB_WDI,WB_WDI_SH_XPD_CHEX_GD_ZS,NZL,_T,_T,_T,_Z,_Z,_Z,2001,A,PT_GDP,
5.484598,P1Y,0,,A,PU,_Z,2,,,False,WB_WDI,WB_WDI_SH_XPD_CHEX_GD_ZS,NIC,_T,_T,_T,_Z,_Z,_Z,2001,A,PT_GDP,
4.726593,P1Y,0,,A,PU,_Z,2,,,False,WB_WDI,WB_WDI_SH_XPD_CHEX_GD_ZS,NER,_T,_T,_T,_Z,_Z,_Z,2001,A,PT_GDP,
3.189469,P1Y,0,,A,PU,_Z,2,,,False,WB_WDI,WB_WDI_SH_XPD_CHEX_GD_ZS,NGA,_T,_T,_T,_Z,_Z,_Z,2001,A,PT_GDP,
8.381592,P1Y,0,,A,PU,_Z,2,,,False,WB_WDI,WB_WDI_SH_XPD_CHEX_GD_ZS,MKD,_T,_T,_T,_Z,_Z,_Z,2001,A,PT_GDP,
8.009725,P1Y,0,,A,PU,_Z,2,,,False,WB_WDI,WB_WDI_SH_XPD_CHEX_GD_ZS,NOR,_T,_T,_T,_Z,_Z,_Z,2001,A,PT_GDP,
2.700737,P1Y,0,,A,PU,_Z,2,,,False,WB_WDI,WB_WDI_SH_XPD_CHEX_GD_ZS,OMN,_T,_T,_T,_Z,_Z,_Z,2001,A,PT_GDP,
2.339597,P1Y,0,,A,PU,_Z,2,,,False,WB_WDI,WB_WDI_SH_XPD_CHEX_GD_ZS,PAK,_T,_T,_T,_Z,_Z,_Z,2001,A,PT_GDP,
8.808461,P1Y,0,,A,PU,_Z,2,,,False,WB_WDI,WB_WDI_SH_XPD_CHEX_GD_ZS,SLV,_T,_T,_T,_Z,_Z,_Z,2019,A,PT_GDP,
3.279488,P1Y,0,,A,PU,_Z,2,,,False,WB_WDI,WB_WDI_SH_XPD_CHEX_GD_ZS,GNQ,_T,_T,_T,_Z,_Z,_Z,2019,A,PT_GDP,
4.648065,P1Y,0,,A,PU,_Z,2,,,False,WB_WDI,WB_WDI_SH_XPD_CHEX_GD_ZS,ERI,_T,_T,_T,_Z,_Z,_Z,2019,A,PT_GDP,
6.647635,P1Y,0,,A,PU,_Z,2,,,False,WB_WDI,WB_WDI_SH_XPD_CHEX_GD_ZS,EST,_T,_T,_T,_Z,_Z,_Z,2019,A,PT_GDP,
8.400338,P1Y,0,,A,PU,_Z,2,,,False,WB_WDI,WB_WDI_SH_XPD_CHEX_GD_ZS,SWZ,_T,_T,_T,_Z,_Z,_Z,2019,A,PT_GDP,
3.242871,P1Y,0,,A,PU,_Z,2,,,False,WB_WDI,WB_WDI_SH_XPD_CHEX_GD_ZS,ETH,_T,_T,_T,_Z,_Z,_Z,2019,A,PT_GDP,
4.282293,P1Y,0,,A,PU,_Z,2,,,False,WB_WDI,WB_WDI_SH_XPD_CHEX_GD_ZS,FJI,_T,_T,_T,_Z,_Z,_Z,2019,A,PT_GDP,
9.222952,P1Y,0,,A,PU,_Z,2,,,False,WB_WDI,WB_WDI_SH_XPD_CHEX_GD_ZS,FIN,_T,_T,_T,_Z,_Z,_Z,2019,A,PT_GDP,
11.170583,P1Y,0,,A,PU,_Z,2,,,False,WB_WDI,WB_WDI_SH_XPD_CHEX_GD_ZS,FRA,_T,_T,_T,_Z,_Z,_Z,2019,A,PT_GDP,
2.76837,P1Y,0,,A,PU,_Z,2,,,False,WB_WDI,WB_WDI_SH_XPD_CHEX_GD_ZS,GAB,_T,_T,_T,_Z,_Z,_Z,2019,A,PT_GDP,
3.145349,P1Y,0,,A,PU,_Z,2,,,False,WB_WDI,WB_WDI_SH_XPD_CHEX_GD_ZS,GMB,_T,_T,_T,_Z,_Z,_Z,2019,A,PT_GDP,
3.717586,P1Y,0,,A,PU,_Z,2,,,False,WB_WDI,WB_WDI_SH_XPD_CHEX_GD_ZS,GIN,_T,_T,_T,_Z,_Z,_Z,2021,A,PT_GDP,
8.397949,P1Y,0,,A,PU,_Z,2,,,False,WB_WDI,WB_WDI_SH_XPD_CHEX_GD_ZS,GNB,_T,_T,_T,_Z,_Z,_Z,2021,A,PT_GDP,
4.643265,P1Y,0,,A,PU,_Z,2,,,False,WB_WDI,WB_WDI_SH_XPD_CHEX_GD_ZS,GUY,_T,_T,_T,_Z,_Z,_Z,2021,A,PT_GDP,
3.577399,P1Y,0,,A,PU,_Z,2,,,False,WB_WDI,WB_WDI_SH_XPD_CHEX_GD_ZS,HTI,_T,_T,_T,_Z,_Z,_Z,2021,A,PT_GDP,
9.273115,P1Y,0,,A,PU,_Z,2,,,False,WB_WDI,WB_WDI_SH_XPD_CHEX_GD_ZS,HND,_T,_T,_T,_Z,_Z,_Z,2021,A,PT_GDP,
7.335248,P1Y,0,,A,PU,_Z,2,,,False,WB_WDI,WB_WDI_SH_XPD_CHEX_GD_ZS,HUN,_T,_T,_T,_Z,_Z,_Z,2021,A,PT_GDP,
9.720737,P1Y,0,,A,PU,_Z,2,,,False,WB_WDI,WB_WDI_SH_XPD_CHEX_GD_ZS,ISL,_T,_T,_T,_Z,_Z,_Z,2021,A,PT_GDP,
3.346809,P1Y,0,,A,PU,_Z,2,,,False,WB_WDI,WB_WDI_SH_XPD_CHEX_GD_ZS,IND,_T,_T,_T,_Z,_Z,_Z,2021,A,PT_GDP,
3.706349,P1Y,0,,A,PU,_Z,2,,,False,WB_WDI,WB_WDI_SH_XPD_CHEX_GD_ZS,IDN,_T,_T,_T,_Z,_Z,_Z,2021,A,PT_GDP,
4.858866,P1Y,0,,A,PU,_Z,2,,,False,WB_WDI,WB_WDI_SH_XPD_CHEX_GD_ZS,IRN,_T,_T,_T,_Z,_Z,_Z,2021,A,PT_GDP,
7.482218,P1Y,0,,A,PU,_Z,2,,,False,WB_WDI,WB_WDI_SH_XPD_CHEX_GD_ZS,LBN,_T,_T,_T,_Z,_Z,_Z,2020,A,PT_GDP,
10.408369,P1Y,0,,A,PU,_Z,2,,,False,WB_WDI,WB_WDI_SH_XPD_CHEX_GD_ZS,LSO,_T,_T,_T,_Z,_Z,_Z,2020,A,PT_GDP,
12.905043,P1Y,0,,A,PU,_Z,2,,,False,WB_WDI,WB_WDI_SH_XPD_CHEX_GD_ZS,LBR,_T,_T,_T,_Z,_Z,_Z,2020,A,PT_GDP,
7.10674,P1Y,0,,A,PU,_Z,2,,,False,WB_WDI,WB_WDI_SH_XPD_CHEX_GD_ZS,LBY,_T,_T,_T,_Z,_Z,_Z,2020,A,PT_GDP,
6.055327,P1Y,0,,A,PU,_Z,2,,,False,WB_WDI,WB_WDI_SH_XPD_CHEX_GD_ZS,LIE,_T,_T,_T,_Z,_Z,_Z,2020,A,PT_GDP,
7.416191,P1Y,0,,A,PU,_Z,2,,,False,WB_WDI,WB_WDI_SH_XPD_CHEX_GD_ZS,LTU,_T,_T,_T,_Z,_Z,_Z,2020,A,PT_GDP,
5.767118,P1Y,0,,A,PU,_Z,2,,,False,WB_WDI,WB_WDI_SH_XPD_CHEX_GD_ZS,LUX,_T,_T,_T,_Z,_Z,_Z,2020,A,PT_GDP,
3.723161,P1Y,0,,A,PU,_Z,2,,,False,WB_WDI,WB_WDI_SH_XPD_CHEX_GD_ZS,MDG,_T,_T,_T,_Z,_Z,_Z,2020,A,PT_GDP,
7.038596,P1Y,0,,A,PU,_Z,2,,,False,WB_WDI,WB_WDI_SH_XPD_CHEX_GD_ZS,MWI,_T,_T,_T,_Z,_Z,_Z,2020,A,PT_GDP,
4.082543,P1Y,0,,A,PU,_Z,2,,,False,WB_WDI,WB_WDI_SH_XPD_CHEX_GD_ZS,MYS,_T,_T,_T,_Z,_Z,_Z,2020,A,PT_GDP,
11.439432,P1Y,0,,A,PU,_Z,2,,,False,WB_WDI,WB_WDI_SH_XPD_CHEX_GD_ZS,MDV,_T,_T,_T,_Z,_Z,_Z,2020,A,PT_GDP,
8.323847,P1Y,0,,A,PU,_Z,2,,,False,WB_WDI,WB_WDI_SH_XPD_CHEX_GD_ZS,SWE,_T,_T,_T,_Z,_Z,_Z,2010,A,PT_GDP,
9.990786,P1Y,0,,A,PU,_Z,2,,,False,WB_WDI,WB_WDI_SH_XPD_CHEX_GD_ZS,CHE,_T,_T,_T,_Z,_Z,_Z,2010,A,PT_GDP,
3.352863,P1Y,0,,A,PU,_Z,2,,,False,WB_WDI,WB_WDI_SH_XPD_CHEX_GD_ZS,SYR,_T,_T,_T,_Z,_Z,_Z,2010,A,PT_GDP,
5.735435,P1Y,0,,A,PU,_Z,2,,,False,WB_WDI,WB_WDI_SH_XPD_CHEX_GD_ZS,TJK,_T,_T,_T,_Z,_Z,_Z,2010,A,PT_GDP,
5.223922,P1Y,0,,A,PU,_Z,2,,,False,WB_WDI,WB_WDI_SH_XPD_CHEX_GD_ZS,TZA,_T,_T,_T,_Z,_Z,_Z,2010,A,PT_GDP,
3.390098,P1Y,0,,A,PU,_Z,2,,,False,WB_WDI,WB_WDI_SH_XPD_CHEX_GD_ZS,THA,_T,_T,_T,_Z,_Z,_Z,2010,A,PT_GDP,
6.470588,P1Y,0,,A,PU,_Z,2,,,False,WB_WDI,WB_WDI_SH_XPD_CHEX_GD_ZS,TLS,_T,_T,_T,_Z,_Z,_Z,2010,A,PT_GDP,
4.332844,P1Y,0,,A,PU,_Z,2,,,False,WB_WDI,WB_WDI_SH_XPD_CHEX_GD_ZS,TGO,_T,_T,_T,_Z,_Z,_Z,2010,A,PT_GDP,
4.816323,P1Y,0,,A,PU,_Z,2,,,False,WB_WDI,WB_WDI_SH_XPD_CHEX_GD_ZS,TON,_T,_T,_T,_Z,_Z,_Z,2010,A,PT_GDP,
5.080429,P1Y,0,,A,PU,_Z,2,,,False,WB_WDI,WB_WDI_SH_XPD_CHEX_GD_ZS,TTO,_T,_T,_T,_Z,_Z,_Z,2010,A,PT_GDP,
5.609508,P1Y,0,,A,PU,_Z,2,,,False,WB_WDI,WB_WDI_SH_XPD_CHEX_GD_ZS,TUN,_T,_T,_T,_Z,_Z,_Z,2010,A,PT_GDP,
6.673094,P1Y,0,,A,PU,_Z,2,,,False,WB_WDI,WB_WDI_SH_XPD_CHEX_GD_ZS,PER,_T,_T,_T,_Z,_Z,_Z,2021,A,PT_GDP,
5.975006,P1Y,0,,A,PU,_Z,2,,,False,WB_WDI,WB_WDI_SH_XPD_CHEX_GD_ZS,PHL,_T,_T,_T,_Z,_Z,_Z,2021,A,PT_GDP,
6.365481,P1Y,0,,A,PU,_Z,2,,,False,WB_WDI,WB_WDI_SH_XPD_CHEX_GD_ZS,POL,_T,_T,_T,_Z,_Z,_Z,2021,A,PT_GDP,
11.220315,P1Y,0,,A,PU,_Z,2,,,False,WB_WDI,WB_WDI_SH_XPD_CHEX_GD_ZS,PRT,_T,_T,_T,_Z,_Z,_Z,2021,A,PT_GDP,
2.892793,P1Y,0,,A,PU,_Z,2,,,False,WB_WDI,WB_WDI_SH_XPD_CHEX_GD_ZS,QAT,_T,_T,_T,_Z,_Z,_Z,2021,A,PT_GDP,
6.45247,P1Y,0,,A,PU,_Z,2,,,False,WB_WDI,WB_WDI_SH_XPD_CHEX_GD_ZS,ROU,_T,_T,_T,_Z,_Z,_Z,2021,A,PT_GDP,
7.029914,P1Y,0,,A,PU,_Z,2,,,False,WB_WDI,WB_WDI_SH_XPD_CHEX_GD_ZS,RUS,_T,_T,_T,_Z,_Z,_Z,2021,A,PT_GDP,
6.231472,P1Y,0,,A,PU,_Z,2,,,False,WB_WDI,WB_WDI_SH_XPD_CHEX_GD_ZS,RWA,_T,_T,_T,_Z,_Z,_Z,2021,A,PT_GDP,
7.196515,P1Y,0,,A,PU,_Z,2,,,False,WB_WDI,WB_WDI_SH_XPD_CHEX_GD_ZS,WSM,_T,_T,_T,_Z,_Z,_Z,2021,A,PT_GDP,
7.512722,P1Y,0,,A,PU,_Z,2,,,False,WB_WDI,WB_WDI_SH_XPD_CHEX_GD_ZS,SMR,_T,_T,_T,_Z,_Z,_Z,2021,A,PT_GDP,
5.13501,P1Y,0,,A,PU,_Z,2,,,False,WB_WDI,WB_WDI_SH_XPD_CHEX_GD_ZS,SYR,_T,_T,_T,_Z,_Z,_Z,2003,A,PT_GDP,
4.702187,P1Y,0,,A,PU,_Z,2,,,False,WB_WDI,WB_WDI_SH_XPD_CHEX_GD_ZS,TJK,_T,_T,_T,_Z,_Z,_Z,2003,A,PT_GDP,
5.342315,P1Y,0,,A,PU,_Z,2,,,False,WB_WDI,WB_WDI_SH_XPD_CHEX_GD_ZS,TZA,_T,_T,_T,_Z,_Z,_Z,2003,A,PT_GDP,
3.243128,P1Y,0,,A,PU,_Z,2,,,False,WB_WDI,WB_WDI_SH_XPD_CHEX_GD_ZS,THA,_T,_T,_T,_Z,_Z,_Z,2003,A,PT_GDP,
2.84187,P1Y,0,,A,PU,_Z,2,,,False,WB_WDI,WB_WDI_SH_XPD_CHEX_GD_ZS,TLS,_T,_T,_T,_Z,_Z,_Z,2003,A,PT_GDP,
3.445139,P1Y,0,,A,PU,_Z,2,,,False,WB_WDI,WB_WDI_SH_XPD_CHEX_GD_ZS,TGO,_T,_T,_T,_Z,_Z,_Z,2003,A,PT_GDP,
3.435831,P1Y,0,,A,PU,_Z,2,,,False,WB_WDI,WB_WDI_SH_XPD_CHEX_GD_ZS,TON,_T,_T,_T,_Z,_Z,_Z,2003,A,PT_GDP,
4.187671,P1Y,0,,A,PU,_Z,2,,,False,WB_WDI,WB_WDI_SH_XPD_CHEX_GD_ZS,TTO,_T,_T,_T,_Z,_Z,_Z,2003,A,PT_GDP,
5.208885,P1Y,0,,A,PU,_Z,2,,,False,WB_WDI,WB_WDI_SH_XPD_CHEX_GD_ZS,TUN,_T,_T,_T,_Z,_Z,_Z,2003,A,PT_GDP,
5.014277,P1Y,0,,A,PU,_Z,2,,,False,WB_WDI,WB_WDI_SH_XPD_CHEX_GD_ZS,TUR,_T,_T,_T,_Z,_Z,_Z,2003,A,PT_GDP,
4.978492,P1Y,0,,A,PU,_Z,2,,,False,WB_WDI,WB_WDI_SH_XPD_CHEX_GD_ZS,TKM,_T,_T,_T,_Z,_Z,_Z,2003,A,PT_GDP,
13.703371,P1Y,0,,A,PU,_Z,2,,,False,WB_WDI,WB_WDI_SH_XPD_CHEX_GD_ZS,TUV,_T,_T,_T,_Z,_Z,_Z,2003,A,PT_GDP,
4.299158,P1Y,0,,A,PU,_Z,2,,,False,WB_WDI,WB_WDI_SH_XPD_CHEX_GD_ZS,UGA,_T,_T,_T,_Z,_Z,_Z,2003,A,PT_GDP,
7.985379,P1Y,0,,A,PU,_Z,2,,,True,WB_WDI,WB_WDI_SH_XPD_CHEX_GD_ZS,TUN,_T,_T,_T,_Z,_Z,_Z,2023,A,PT_GDP,
4.275244,P1Y,0,,A,PU,_Z,2,,,True,WB_WDI,WB_WDI_SH_XPD_CHEX_GD_ZS,TUR,_T,_T,_T,_Z,_Z,_Z,2023,A,PT_GDP,
5.497891,P1Y,0,,A,PU,_Z,2,,,True,WB_WDI,WB_WDI_SH_XPD_CHEX_GD_ZS,TKM,_T,_T,_T,_Z,_Z,_Z,2023,A,PT_GDP,
27.089685,P1Y,0,,A,PU,_Z,2,,,True,WB_WDI,WB_WDI_SH_XPD_CHEX_GD_ZS,TUV,_T,_T,_T,_Z,_Z,_Z,2023,A,PT_GDP,
4.236001,P1Y,0,,A,PU,_Z,2,,,True,WB_WDI,WB_WDI_SH_XPD_CHEX_GD_ZS,UGA,_T,_T,_T,_Z,_Z,_Z,2023,A,PT_GDP,
4.970951,P1Y,0,,A,PU,_Z,2,,,True,WB_WDI,WB_WDI_SH_XPD_CHEX_GD_ZS,ARE,_T,_T,_T,_Z,_Z,_Z,2023,A,PT_GDP,
10.991289,P1Y,0,,A,PU,_Z,2,,,False,WB_WDI,WB_WDI_SH_XPD_CHEX_GD_ZS,GBR,_T,_T,_T,_Z,_Z,_Z,2023,A,PT_GDP,
16.694149,P1Y,0,,A,PU,_Z,2,,,True,WB_WDI,WB_WDI_SH_XPD_CHEX_GD_ZS,USA,_T,_T,_T,_Z,_Z,_Z,2023,A,PT_GDP,
9.018876,P1Y,0,,A,PU,_Z,2,,,True,WB_WDI,WB_WDI_SH_XPD_CHEX_GD_ZS,URY,_T,_T,_T,_Z,_Z,_Z,2023,A,PT_GDP,
6.743129,P1Y,0,,A,PU,_Z,2,,,True,WB_WDI,WB_WDI_SH_XPD_CHEX_GD_ZS,UZB,_T,_T,_T,_Z,_Z,_Z,2023,A,PT_GDP,
4.118668,P1Y,0,,A,PU,_Z,2,,,True,WB_WDI,WB_WDI_SH_XPD_CHEX_GD_ZS,VUT,_T,_T,_T,_Z,_Z,_Z,2023,A,PT_GDP,
3.776114,P1Y,0,,A,PU,_Z,2,,,True,WB_WDI,WB_WDI_SH_XPD_CHEX_GD_ZS,VEN,_T,_T,_T,_Z,_Z,_Z,2023,A,PT_GDP,
4.561095,P1Y,0,,A,PU,_Z,2,,,True,WB_WDI,WB_WDI_SH_XPD_CHEX_GD_ZS,VNM,_T,_T,_T,_Z,_Z,_Z,2023,A,PT_GDP,
3.759443,P1Y,0,,A,PU,_Z,2,,,False,WB_WDI,WB_WDI_SH_XPD_CHEX_GD_ZS,MYS,_T,_T,_T,_Z,_Z,_Z,2018,A,PT_GDP,
7.294038,P1Y,0,,A,PU,_Z,2,,,False,WB_WDI,WB_WDI_SH_XPD_CHEX_GD_ZS,MDV,_T,_T,_T,_Z,_Z,_Z,2018,A,PT_GDP,
3.732511,P1Y,0,,A,PU,_Z,2,,,False,WB_WDI,WB_WDI_SH_XPD_CHEX_GD_ZS,MLI,_T,_T,_T,_Z,_Z,_Z,2018,A,PT_GDP,
8.112696,P1Y,0,,A,PU,_Z,2,,,False,WB_WDI,WB_WDI_SH_XPD_CHEX_GD_ZS,MLT,_T,_T,_T,_Z,_Z,_Z,2018,A,PT_GDP,
14.467239,P1Y,0,,A,PU,_Z,2,,,False,WB_WDI,WB_WDI_SH_XPD_CHEX_GD_ZS,MHL,_T,_T,_T,_Z,_Z,_Z,2018,A,PT_GDP,
2.883626,P1Y,0,,A,PU,_Z,2,,,False,WB_WDI,WB_WDI_SH_XPD_CHEX_GD_ZS,MRT,_T,_T,_T,_Z,_Z,_Z,2018,A,PT_GDP,
5.603102,P1Y,0,,A,PU,_Z,2,,,False,WB_WDI,WB_WDI_SH_XPD_CHEX_GD_ZS,MUS,_T,_T,_T,_Z,_Z,_Z,2018,A,PT_GDP,
5.238214,P1Y,0,,A,PU,_Z,2,,,False,WB_WDI,WB_WDI_SH_XPD_CHEX_GD_ZS,MEX,_T,_T,_T,_Z,_Z,_Z,2018,A,PT_GDP,
11.939613,P1Y,0,,A,PU,_Z,2,,,False,WB_WDI,WB_WDI_SH_XPD_CHEX_GD_ZS,FSM,_T,_T,_T,_Z,_Z,_Z,2018,A,PT_GDP,
6.707603,P1Y,0,,A,PU,_Z,2,,,False,WB_WDI,WB_WDI_SH_XPD_CHEX_GD_ZS,MDA,_T,_T,_T,_Z,_Z,_Z,2018,A,PT_GDP,
4.047868,P1Y,0,,A,PU,_Z,2,,,False,WB_WDI,WB_WDI_SH_XPD_CHEX_GD_ZS,MCO,_T,_T,_T,_Z,_Z,_Z,2018,A,PT_GDP,
3.192775,P1Y,0,,A,PU,_Z,2,,,False,WB_WDI,WB_WDI_SH_XPD_CHEX_GD_ZS,THA,_T,_T,_T,_Z,_Z,_Z,2007,A,PT_GDP,
5.647933,P1Y,0,,A,PU,_Z,2,,,False,WB_WDI,WB_WDI_SH_XPD_CHEX_GD_ZS,TLS,_T,_T,_T,_Z,_Z,_Z,2007,A,PT_GDP,
3.677344,P1Y,0,,A,PU,_Z,2,,,False,WB_WDI,WB_WDI_SH_XPD_CHEX_GD_ZS,TGO,_T,_T,_T,_Z,_Z,_Z,2007,A,PT_GDP,
4.7333,P1Y,0,,A,PU,_Z,2,,,False,WB_WDI,WB_WDI_SH_XPD_CHEX_GD_ZS,TON,_T,_T,_T,_Z,_Z,_Z,2007,A,PT_GDP,
4.153603,P1Y,0,,A,PU,_Z,2,,,False,WB_WDI,WB_WDI_SH_XPD_CHEX_GD_ZS,TTO,_T,_T,_T,_Z,_Z,_Z,2007,A,PT_GDP,
5.175428,P1Y,0,,A,PU,_Z,2,,,False,WB_WDI,WB_WDI_SH_XPD_CHEX_GD_ZS,TUN,_T,_T,_T,_Z,_Z,_Z,2007,A,PT_GDP,
5.237608,P1Y,0,,A,PU,_Z,2,,,False,WB_WDI,WB_WDI_SH_XPD_CHEX_GD_ZS,TUR,_T,_T,_T,_Z,_Z,_Z,2007,A,PT_GDP,
3.093286,P1Y,0,,A,PU,_Z,2,,,False,WB_WDI,WB_WDI_SH_XPD_CHEX_GD_ZS,TKM,_T,_T,_T,_Z,_Z,_Z,2007,A,PT_GDP,
10.45885,P1Y,0,,A,PU,_Z,2,,,False,WB_WDI,WB_WDI_SH_XPD_CHEX_GD_ZS,TUV,_T,_T,_T,_Z,_Z,_Z,2007,A,PT_GDP,
6.11309,P1Y,0,,A,PU,_Z,2,,,False,WB_WDI,WB_WDI_SH_XPD_CHEX_GD_ZS,UGA,_T,_T,_T,_Z,_Z,_Z,2007,A,PT_GDP,
6.017768,P1Y,0,,A,PU,_Z,2,,,False,WB_WDI,WB_WDI_SH_XPD_CHEX_GD_ZS,UKR,_T,_T,_T,_Z,_Z,_Z,2007,A,PT_GDP,
2.566027,P1Y,0,,A,PU,_Z,2,,,False,WB_WDI,WB_WDI_SH_XPD_CHEX_GD_ZS,ARE,_T,_T,_T,_Z,_Z,_Z,2007,A,PT_GDP,
3.221504,P1Y,0,,A,PU,_Z,2,,,False,WB_WDI,WB_WDI_SH_XPD_CHEX_GD_ZS,COD,_T,_T,_T,_Z,_Z,_Z,2012,A,PT_GDP,
1.909711,P1Y,0,,A,PU,_Z,2,,,False,WB_WDI,WB_WDI_SH_XPD_CHEX_GD_ZS,COG,_T,_T,_T,_Z,_Z,_Z,2012,A,PT_GDP,
7.786423,P1Y,0,,A,PU,_Z,2,,,False,WB_WDI,WB_WDI_SH_XPD_CHEX_GD_ZS,CRI,_T,_T,_T,_Z,_Z,_Z,2012,A,PT_GDP,
4.427372,P1Y,0,,A,PU,_Z,2,,,False,WB_WDI,WB_WDI_SH_XPD_CHEX_GD_ZS,CIV,_T,_T,_T,_Z,_Z,_Z,2012,A,PT_GDP,
7.63413,P1Y,0,,A,PU,_Z,2,,,False,WB_WDI,WB_WDI_SH_XPD_CHEX_GD_ZS,HRV,_T,_T,_T,_Z,_Z,_Z,2012,A,PT_GDP,
9.29941,P1Y,0,,A,PU,_Z,2,,,False,WB_WDI,WB_WDI_SH_XPD_CHEX_GD_ZS,CUB,_T,_T,_T,_Z,_Z,_Z,2012,A,PT_GDP,
6.536388,P1Y,0,,A,PU,_Z,2,,,False,WB_WDI,WB_WDI_SH_XPD_CHEX_GD_ZS,CYP,_T,_T,_T,_Z,_Z,_Z,2012,A,PT_GDP,
7.53975,P1Y,0,,A,PU,_Z,2,,,False,WB_WDI,WB_WDI_SH_XPD_CHEX_GD_ZS,CZE,_T,_T,_T,_Z,_Z,_Z,2012,A,PT_GDP,
10.533446,P1Y,0,,A,PU,_Z,2,,,False,WB_WDI,WB_WDI_SH_XPD_CHEX_GD_ZS,DNK,_T,_T,_T,_Z,_Z,_Z,2012,A,PT_GDP,
3.29731,P1Y,0,,A,PU,_Z,2,,,False,WB_WDI,WB_WDI_SH_XPD_CHEX_GD_ZS,DJI,_T,_T,_T,_Z,_Z,_Z,2012,A,PT_GDP,
11.096798,P1Y,0,,A,PU,_Z,2,,,False,WB_WDI,WB_WDI_SH_XPD_CHEX_GD_ZS,GBR,_T,_T,_T,_Z,_Z,_Z,2022,A,PT_GDP,
16.528751,P1Y,0,,A,PU,_Z,2,,,False,WB_WDI,WB_WDI_SH_XPD_CHEX_GD_ZS,USA,_T,_T,_T,_Z,_Z,_Z,2022,A,PT_GDP,
8.89016,P1Y,0,,A,PU,_Z,2,,,False,WB_WDI,WB_WDI_SH_XPD_CHEX_GD_ZS,URY,_T,_T,_T,_Z,_Z,_Z,2022,A,PT_GDP,
6.617038,P1Y,0,,A,PU,_Z,2,,,False,WB_WDI,WB_WDI_SH_XPD_CHEX_GD_ZS,UZB,_T,_T,_T,_Z,_Z,_Z,2022,A,PT_GDP,
4.058953,P1Y,0,,A,PU,_Z,2,,,False,WB_WDI,WB_WDI_SH_XPD_CHEX_GD_ZS,VUT,_T,_T,_T,_Z,_Z,_Z,2022,A,PT_GDP,
4.55046,P1Y,0,,A,PU,_Z,2,,,False,WB_WDI,WB_WDI_SH_XPD_CHEX_GD_ZS,VEN,_T,_T,_T,_Z,_Z,_Z,2022,A,PT_GDP,
4.538096,P1Y,0,,A,PU,_Z,2,,,False,WB_WDI,WB_WDI_SH_XPD_CHEX_GD_ZS,VNM,_T,_T,_T,_Z,_Z,_Z,2022,A,PT_GDP,
9.706139,P1Y,0,,A,PU,_Z,2,,,False,WB_WDI,WB_WDI_SH_XPD_CHEX_GD_ZS,PSE,_T,_T,_T,_Z,_Z,_Z,2022,A,PT_GDP,
8.817635,P1Y,0,,A,PU,_Z,2,,,False,WB_WDI,WB_WDI_SH_XPD_CHEX_GD_ZS,YEM,_T,_T,_T,_Z,_Z,_Z,2022,A,PT_GDP,
5.21043,P1Y,0,,A,PU,_Z,2,,,False,WB_WDI,WB_WDI_SH_XPD_CHEX_GD_ZS,ZMB,_T,_T,_T,_Z,_Z,_Z,2022,A,PT_GDP,
3.395195,P1Y,0,,A,PU,_Z,2,,,False,WB_WDI,WB_WDI_SH_XPD_CHEX_GD_ZS,ZWE,_T,_T,_T,_Z,_Z,_Z,2022,A,PT_GDP,
5.543797,P1Y,0,,A,PU,_Z,2,,,True,WB_WDI,WB_WDI_SH_XPD_CHEX_GD_ZS,AFE,_T,_T,_T,_Z,_Z,_Z,2023,A,PT_GDP,
5.371368,P1Y,0,,A,PU,_Z,2,,,False,WB_WDI,WB_WDI_SH_XPD_CHEX_GD_ZS,ROU,_T,_T,_T,_Z,_Z,_Z,2003,A,PT_GDP,
5.163689,P1Y,0,,A,PU,_Z,2,,,False,WB_WDI,WB_WDI_SH_XPD_CHEX_GD_ZS,RUS,_T,_T,_T,_Z,_Z,_Z,2003,A,PT_GDP,
6.928887,P1Y,0,,A,PU,_Z,2,,,False,WB_WDI,WB_WDI_SH_XPD_CHEX_GD_ZS,RWA,_T,_T,_T,_Z,_Z,_Z,2003,A,PT_GDP,
4.172371,P1Y,0,,A,PU,_Z,2,,,False,WB_WDI,WB_WDI_SH_XPD_CHEX_GD_ZS,WSM,_T,_T,_T,_Z,_Z,_Z,2003,A,PT_GDP,
4.772001,P1Y,0,,A,PU,_Z,2,,,False,WB_WDI,WB_WDI_SH_XPD_CHEX_GD_ZS,SMR,_T,_T,_T,_Z,_Z,_Z,2003,A,PT_GDP,
11.465274,P1Y,0,,A,PU,_Z,2,,,False,WB_WDI,WB_WDI_SH_XPD_CHEX_GD_ZS,STP,_T,_T,_T,_Z,_Z,_Z,2003,A,PT_GDP,
3.979097,P1Y,0,,A,PU,_Z,2,,,False,WB_WDI,WB_WDI_SH_XPD_CHEX_GD_ZS,SAU,_T,_T,_T,_Z,_Z,_Z,2003,A,PT_GDP,
4.297036,P1Y,0,,A,PU,_Z,2,,,False,WB_WDI,WB_WDI_SH_XPD_CHEX_GD_ZS,SEN,_T,_T,_T,_Z,_Z,_Z,2003,A,PT_GDP,
7.306026,P1Y,0,,A,PU,_Z,2,,,False,WB_WDI,WB_WDI_SH_XPD_CHEX_GD_ZS,SRB,_T,_T,_T,_Z,_Z,_Z,2003,A,PT_GDP,
4.86076,P1Y,0,,A,PU,_Z,2,,,False,WB_WDI,WB_WDI_SH_XPD_CHEX_GD_ZS,SYC,_T,_T,_T,_Z,_Z,_Z,2003,A,PT_GDP,
5.062198,P1Y,0,,A,PU,_Z,2,,,False,WB_WDI,WB_WDI_SH_XPD_CHEX_GD_ZS,SLE,_T,_T,_T,_Z,_Z,_Z,2003,A,PT_GDP,
3.606993,P1Y,0,,A,PU,_Z,2,,,False,WB_WDI,WB_WDI_SH_XPD_CHEX_GD_ZS,SGP,_T,_T,_T,_Z,_Z,_Z,2003,A,PT_GDP,
5.484009,P1Y,0,,A,PU,_Z,2,,,False,WB_WDI,WB_WDI_SH_XPD_CHEX_GD_ZS,SVK,_T,_T,_T,_Z,_Z,_Z,2003,A,PT_GDP,
3.767015,P1Y,0,,A,PU,_Z,2,,,True,WB_WDI,WB_WDI_SH_XPD_CHEX_GD_ZS,KAZ,_T,_T,_T,_Z,_Z,_Z,2023,A,PT_GDP,
4.351729,P1Y,0,,A,PU,_Z,2,,,True,WB_WDI,WB_WDI_SH_XPD_CHEX_GD_ZS,KEN,_T,_T,_T,_Z,_Z,_Z,2023,A,PT_GDP,
10.945256,P1Y,0,,A,PU,_Z,2,,,True,WB_WDI,WB_WDI_SH_XPD_CHEX_GD_ZS,KIR,_T,_T,_T,_Z,_Z,_Z,2023,A,PT_GDP,
8.565069,P1Y,0,,A,PU,_Z,2,,,False,WB_WDI,WB_WDI_SH_XPD_CHEX_GD_ZS,KOR,_T,_T,_T,_Z,_Z,_Z,2023,A,PT_GDP,
4.96312,P1Y,0,,A,PU,_Z,2,,,True,WB_WDI,WB_WDI_SH_XPD_CHEX_GD_ZS,KWT,_T,_T,_T,_Z,_Z,_Z,2023,A,PT_GDP,
4.503445,P1Y,0,,A,PU,_Z,2,,,True,WB_WDI,WB_WDI_SH_XPD_CHEX_GD_ZS,KGZ,_T,_T,_T,_Z,_Z,_Z,2023,A,PT_GDP,
1.326516,P1Y,0,,A,PU,_Z,2,,,True,WB_WDI,WB_WDI_SH_XPD_CHEX_GD_ZS,LAO,_T,_T,_T,_Z,_Z,_Z,2023,A,PT_GDP,
7.277838,P1Y,0,,A,PU,_Z,2,,,True,WB_WDI,WB_WDI_SH_XPD_CHEX_GD_ZS,LVA,_T,_T,_T,_Z,_Z,_Z,2023,A,PT_GDP,
5.574973,P1Y,0,,A,PU,_Z,2,,,True,WB_WDI,WB_WDI_SH_XPD_CHEX_GD_ZS,LBN,_T,_T,_T,_Z,_Z,_Z,2023,A,PT_GDP,
12.611821,P1Y,0,,A,PU,_Z,2,,,True,WB_WDI,WB_WDI_SH_XPD_CHEX_GD_ZS,LSO,_T,_T,_T,_Z,_Z,_Z,2023,A,PT_GDP,
13.005749,P1Y,0,,A,PU,_Z,2,,,True,WB_WDI,WB_WDI_SH_XPD_CHEX_GD_ZS,LBR,_T,_T,_T,_Z,_Z,_Z,2023,A,PT_GDP,
7.215686,P1Y,0,,A,PU,_Z,2,,,False,WB_WDI,WB_WDI_SH_XPD_CHEX_GD_ZS,KIR,_T,_T,_T,_Z,_Z,_Z,2015,A,PT_GDP,
6.462026,P1Y,0,,A,PU,_Z,2,,,False,WB_WDI,WB_WDI_SH_XPD_CHEX_GD_ZS,KOR,_T,_T,_T,_Z,_Z,_Z,2015,A,PT_GDP,
4.21498,P1Y,0,,A,PU,_Z,2,,,False,WB_WDI,WB_WDI_SH_XPD_CHEX_GD_ZS,KWT,_T,_T,_T,_Z,_Z,_Z,2015,A,PT_GDP,
7.149309,P1Y,0,,A,PU,_Z,2,,,False,WB_WDI,WB_WDI_SH_XPD_CHEX_GD_ZS,KGZ,_T,_T,_T,_Z,_Z,_Z,2015,A,PT_GDP,
2.453665,P1Y,0,,A,PU,_Z,2,,,False,WB_WDI,WB_WDI_SH_XPD_CHEX_GD_ZS,LAO,_T,_T,_T,_Z,_Z,_Z,2015,A,PT_GDP,
5.849168,P1Y,0,,A,PU,_Z,2,,,False,WB_WDI,WB_WDI_SH_XPD_CHEX_GD_ZS,LVA,_T,_T,_T,_Z,_Z,_Z,2015,A,PT_GDP,
7.415967,P1Y,0,,A,PU,_Z,2,,,False,WB_WDI,WB_WDI_SH_XPD_CHEX_GD_ZS,LBN,_T,_T,_T,_Z,_Z,_Z,2015,A,PT_GDP,
9.252805,P1Y,0,,A,PU,_Z,2,,,False,WB_WDI,WB_WDI_SH_XPD_CHEX_GD_ZS,LSO,_T,_T,_T,_Z,_Z,_Z,2015,A,PT_GDP,
10.382444,P1Y,0,,A,PU,_Z,2,,,False,WB_WDI,WB_WDI_SH_XPD_CHEX_GD_ZS,LBR,_T,_T,_T,_Z,_Z,_Z,2015,A,PT_GDP,
2.915898,P1Y,0,,A,PU,_Z,2,,,False,WB_WDI,WB_WDI_SH_XPD_CHEX_GD_ZS,BEN,_T,_T,_T,_Z,_Z,_Z,2021,A,PT_GDP,
4.785814,P1Y,0,,A,PU,_Z,2,,,False,WB_WDI,WB_WDI_SH_XPD_CHEX_GD_ZS,BTN,_T,_T,_T,_Z,_Z,_Z,2021,A,PT_GDP,
8.160168,P1Y,0,,A,PU,_Z,2,,,False,WB_WDI,WB_WDI_SH_XPD_CHEX_GD_ZS,BOL,_T,_T,_T,_Z,_Z,_Z,2021,A,PT_GDP,
9.555143,P1Y,0,,A,PU,_Z,2,,,False,WB_WDI,WB_WDI_SH_XPD_CHEX_GD_ZS,BIH,_T,_T,_T,_Z,_Z,_Z,2021,A,PT_GDP,
6.303151,P1Y,0,,A,PU,_Z,2,,,False,WB_WDI,WB_WDI_SH_XPD_CHEX_GD_ZS,BWA,_T,_T,_T,_Z,_Z,_Z,2021,A,PT_GDP,
9.636465,P1Y,0,,A,PU,_Z,2,,,False,WB_WDI,WB_WDI_SH_XPD_CHEX_GD_ZS,BRA,_T,_T,_T,_Z,_Z,_Z,2021,A,PT_GDP,
2.147487,P1Y,0,,A,PU,_Z,2,,,False,WB_WDI,WB_WDI_SH_XPD_CHEX_GD_ZS,BRN,_T,_T,_T,_Z,_Z,_Z,2021,A,PT_GDP,
8.580489,P1Y,0,,A,PU,_Z,2,,,False,WB_WDI,WB_WDI_SH_XPD_CHEX_GD_ZS,BGR,_T,_T,_T,_Z,_Z,_Z,2021,A,PT_GDP,
7.086919,P1Y,0,,A,PU,_Z,2,,,False,WB_WDI,WB_WDI_SH_XPD_CHEX_GD_ZS,BFA,_T,_T,_T,_Z,_Z,_Z,2021,A,PT_GDP,
3.917575,P1Y,0,,A,PU,_Z,2,,,False,WB_WDI,WB_WDI_SH_XPD_CHEX_GD_ZS,BTN,_T,_T,_T,_Z,_Z,_Z,2022,A,PT_GDP,
7.159331,P1Y,0,,A,PU,_Z,2,,,False,WB_WDI,WB_WDI_SH_XPD_CHEX_GD_ZS,BOL,_T,_T,_T,_Z,_Z,_Z,2022,A,PT_GDP,
8.716448,P1Y,0,,A,PU,_Z,2,,,False,WB_WDI,WB_WDI_SH_XPD_CHEX_GD_ZS,BIH,_T,_T,_T,_Z,_Z,_Z,2022,A,PT_GDP,
5.736508,P1Y,0,,A,PU,_Z,2,,,False,WB_WDI,WB_WDI_SH_XPD_CHEX_GD_ZS,BWA,_T,_T,_T,_Z,_Z,_Z,2022,A,PT_GDP,
9.387395,P1Y,0,,A,PU,_Z,2,,,False,WB_WDI,WB_WDI_SH_XPD_CHEX_GD_ZS,BRA,_T,_T,_T,_Z,_Z,_Z,2022,A,PT_GDP,
1.770422,P1Y,0,,A,PU,_Z,2,,,False,WB_WDI,WB_WDI_SH_XPD_CHEX_GD_ZS,BRN,_T,_T,_T,_Z,_Z,_Z,2022,A,PT_GDP,
7.638494,P1Y,0,,A,PU,_Z,2,,,False,WB_WDI,WB_WDI_SH_XPD_CHEX_GD_ZS,BGR,_T,_T,_T,_Z,_Z,_Z,2022,A,PT_GDP,
7.414355,P1Y,0,,A,PU,_Z,2,,,False,WB_WDI,WB_WDI_SH_XPD_CHEX_GD_ZS,BFA,_T,_T,_T,_Z,_Z,_Z,2022,A,PT_GDP,
8.668775,P1Y,0,,A,PU,_Z,2,,,False,WB_WDI,WB_WDI_SH_XPD_CHEX_GD_ZS,BDI,_T,_T,_T,_Z,_Z,_Z,2022,A,PT_GDP,
6.702434,P1Y,0,,A,PU,_Z,2,,,False,WB_WDI,WB_WDI_SH_XPD_CHEX_GD_ZS,CPV,_T,_T,_T,_Z,_Z,_Z,2022,A,PT_GDP,
4.468561,P1Y,0,,A,PU,_Z,2,,,False,WB_WDI,WB_WDI_SH_XPD_CHEX_GD_ZS,KHM,_T,_T,_T,_Z,_Z,_Z,2022,A,PT_GDP,
5.94632,P1Y,0,,A,PU,_Z,2,,,False,WB_WDI,WB_WDI_SH_XPD_CHEX_GD_ZS,AFE,_T,_T,_T,_Z,_Z,_Z,2021,A,PT_GDP,
4.135655,P1Y,0,,A,PU,_Z,2,,,False,WB_WDI,WB_WDI_SH_XPD_CHEX_GD_ZS,AFW,_T,_T,_T,_Z,_Z,_Z,2021,A,PT_GDP,
5.262488,P1Y,0,,A,PU,_Z,2,,,False,WB_WDI,WB_WDI_SH_XPD_CHEX_GD_ZS,ARB,_T,_T,_T,_Z,_Z,_Z,2021,A,PT_GDP,
6.452956,P1Y,0,,A,PU,_Z,2,,,False,WB_WDI,WB_WDI_SH_XPD_CHEX_GD_ZS,CSS,_T,_T,_T,_Z,_Z,_Z,2021,A,PT_GDP,
7.359781,P1Y,0,,A,PU,_Z,2,,,False,WB_WDI,WB_WDI_SH_XPD_CHEX_GD_ZS,CEB,_T,_T,_T,_Z,_Z,_Z,2021,A,PT_GDP,
5.079455,P1Y,0,,A,PU,_Z,2,,,False,WB_WDI,WB_WDI_SH_XPD_CHEX_GD_ZS,EAR,_T,_T,_T,_Z,_Z,_Z,2021,A,PT_GDP,
6.843752,P1Y,0,,A,PU,_Z,2,,,False,WB_WDI,WB_WDI_SH_XPD_CHEX_GD_ZS,EAS,_T,_T,_T,_Z,_Z,_Z,2021,A,PT_GDP,
5.151215,P1Y,0,,A,PU,_Z,2,,,False,WB_WDI,WB_WDI_SH_XPD_CHEX_GD_ZS,EAP,_T,_T,_T,_Z,_Z,_Z,2021,A,PT_GDP,
5.15136,P1Y,0,,A,PU,_Z,2,,,False,WB_WDI,WB_WDI_SH_XPD_CHEX_GD_ZS,TEA,_T,_T,_T,_Z,_Z,_Z,2021,A,PT_GDP,
11.160576,P1Y,0,,A,PU,_Z,2,,,False,WB_WDI,WB_WDI_SH_XPD_CHEX_GD_ZS,EMU,_T,_T,_T,_Z,_Z,_Z,2021,A,PT_GDP,
10.379372,P1Y,0,,A,PU,_Z,2,,,False,WB_WDI,WB_WDI_SH_XPD_CHEX_GD_ZS,ECS,_T,_T,_T,_Z,_Z,_Z,2021,A,PT_GDP,
5.674321,P1Y,0,,A,PU,_Z,2,,,False,WB_WDI,WB_WDI_SH_XPD_CHEX_GD_ZS,ECA,_T,_T,_T,_Z,_Z,_Z,2021,A,PT_GDP,
6.45155,P1Y,0,,A,PU,_Z,2,,,False,WB_WDI,WB_WDI_SH_XPD_CHEX_GD_ZS,TEC,_T,_T,_T,_Z,_Z,_Z,2021,A,PT_GDP,
10.812324,P1Y,0,,A,PU,_Z,2,,,False,WB_WDI,WB_WDI_SH_XPD_CHEX_GD_ZS,EUU,_T,_T,_T,_Z,_Z,_Z,2021,A,PT_GDP,
4.081118,P1Y,0,,A,PU,_Z,2,,,False,WB_WDI,WB_WDI_SH_XPD_CHEX_GD_ZS,MDG,_T,_T,_T,_Z,_Z,_Z,2008,A,PT_GDP,
6.106688,P1Y,0,,A,PU,_Z,2,,,False,WB_WDI,WB_WDI_SH_XPD_CHEX_GD_ZS,MWI,_T,_T,_T,_Z,_Z,_Z,2008,A,PT_GDP,
3.006926,P1Y,0,,A,PU,_Z,2,,,False,WB_WDI,WB_WDI_SH_XPD_CHEX_GD_ZS,MYS,_T,_T,_T,_Z,_Z,_Z,2008,A,PT_GDP,
11.471042,P1Y,0,,A,PU,_Z,2,,,False,WB_WDI,WB_WDI_SH_XPD_CHEX_GD_ZS,MDV,_T,_T,_T,_Z,_Z,_Z,2008,A,PT_GDP,
5.026881,P1Y,0,,A,PU,_Z,2,,,False,WB_WDI,WB_WDI_SH_XPD_CHEX_GD_ZS,MLI,_T,_T,_T,_Z,_Z,_Z,2008,A,PT_GDP,
7.824902,P1Y,0,,A,PU,_Z,2,,,False,WB_WDI,WB_WDI_SH_XPD_CHEX_GD_ZS,MLT,_T,_T,_T,_Z,_Z,_Z,2008,A,PT_GDP,
18.979637,P1Y,0,,A,PU,_Z,2,,,False,WB_WDI,WB_WDI_SH_XPD_CHEX_GD_ZS,MHL,_T,_T,_T,_Z,_Z,_Z,2008,A,PT_GDP,
3.01339,P1Y,0,,A,PU,_Z,2,,,False,WB_WDI,WB_WDI_SH_XPD_CHEX_GD_ZS,MRT,_T,_T,_T,_Z,_Z,_Z,2008,A,PT_GDP,
3.938965,P1Y,0,,A,PU,_Z,2,,,False,WB_WDI,WB_WDI_SH_XPD_CHEX_GD_ZS,MUS,_T,_T,_T,_Z,_Z,_Z,2008,A,PT_GDP,
5.445874,P1Y,0,,A,PU,_Z,2,,,False,WB_WDI,WB_WDI_SH_XPD_CHEX_GD_ZS,MEX,_T,_T,_T,_Z,_Z,_Z,2008,A,PT_GDP,
12.083267,P1Y,0,,A,PU,_Z,2,,,False,WB_WDI,WB_WDI_SH_XPD_CHEX_GD_ZS,FSM,_T,_T,_T,_Z,_Z,_Z,2008,A,PT_GDP,
10.949201,P1Y,0,,A,PU,_Z,2,,,False,WB_WDI,WB_WDI_SH_XPD_CHEX_GD_ZS,MDA,_T,_T,_T,_Z,_Z,_Z,2008,A,PT_GDP,
7.286911,P1Y,0,,A,PU,_Z,2,,,False,WB_WDI,WB_WDI_SH_XPD_CHEX_GD_ZS,PLW,_T,_T,_T,_Z,_Z,_Z,2002,A,PT_GDP,
7.056438,P1Y,0,,A,PU,_Z,2,,,False,WB_WDI,WB_WDI_SH_XPD_CHEX_GD_ZS,PAN,_T,_T,_T,_Z,_Z,_Z,2002,A,PT_GDP,
2.77563,P1Y,0,,A,PU,_Z,2,,,False,WB_WDI,WB_WDI_SH_XPD_CHEX_GD_ZS,PNG,_T,_T,_T,_Z,_Z,_Z,2002,A,PT_GDP,
4.757706,P1Y,0,,A,PU,_Z,2,,,False,WB_WDI,WB_WDI_SH_XPD_CHEX_GD_ZS,PRY,_T,_T,_T,_Z,_Z,_Z,2002,A,PT_GDP,
4.939026,P1Y,0,,A,PU,_Z,2,,,False,WB_WDI,WB_WDI_SH_XPD_CHEX_GD_ZS,PER,_T,_T,_T,_Z,_Z,_Z,2002,A,PT_GDP,
2.637674,P1Y,0,,A,PU,_Z,2,,,False,WB_WDI,WB_WDI_SH_XPD_CHEX_GD_ZS,PHL,_T,_T,_T,_Z,_Z,_Z,2002,A,PT_GDP,
6.048284,P1Y,0,,A,PU,_Z,2,,,False,WB_WDI,WB_WDI_SH_XPD_CHEX_GD_ZS,POL,_T,_T,_T,_Z,_Z,_Z,2002,A,PT_GDP,
8.786429,P1Y,0,,A,PU,_Z,2,,,False,WB_WDI,WB_WDI_SH_XPD_CHEX_GD_ZS,PRT,_T,_T,_T,_Z,_Z,_Z,2002,A,PT_GDP,
2.460441,P1Y,0,,A,PU,_Z,2,,,False,WB_WDI,WB_WDI_SH_XPD_CHEX_GD_ZS,QAT,_T,_T,_T,_Z,_Z,_Z,2002,A,PT_GDP,
4.576946,P1Y,0,,A,PU,_Z,2,,,False,WB_WDI,WB_WDI_SH_XPD_CHEX_GD_ZS,ROU,_T,_T,_T,_Z,_Z,_Z,2002,A,PT_GDP,
5.521666,P1Y,0,,A,PU,_Z,2,,,False,WB_WDI,WB_WDI_SH_XPD_CHEX_GD_ZS,RUS,_T,_T,_T,_Z,_Z,_Z,2002,A,PT_GDP,
7.900957,P1Y,0,,A,PU,_Z,2,,,False,WB_WDI,WB_WDI_SH_XPD_CHEX_GD_ZS,NZL,_T,_T,_T,_Z,_Z,_Z,2004,A,PT_GDP,
6.057404,P1Y,0,,A,PU,_Z,2,,,False,WB_WDI,WB_WDI_SH_XPD_CHEX_GD_ZS,NIC,_T,_T,_T,_Z,_Z,_Z,2004,A,PT_GDP,
4.978183,P1Y,0,,A,PU,_Z,2,,,False,WB_WDI,WB_WDI_SH_XPD_CHEX_GD_ZS,NER,_T,_T,_T,_Z,_Z,_Z,2004,A,PT_GDP,
4.633684,P1Y,0,,A,PU,_Z,2,,,False,WB_WDI,WB_WDI_SH_XPD_CHEX_GD_ZS,NGA,_T,_T,_T,_Z,_Z,_Z,2004,A,PT_GDP,
8.465055,P1Y,0,,A,PU,_Z,2,,,False,WB_WDI,WB_WDI_SH_XPD_CHEX_GD_ZS,MKD,_T,_T,_T,_Z,_Z,_Z,2004,A,PT_GDP,
8.795983,P1Y,0,,A,PU,_Z,2,,,False,WB_WDI,WB_WDI_SH_XPD_CHEX_GD_ZS,NOR,_T,_T,_T,_Z,_Z,_Z,2004,A,PT_GDP,
2.596601,P1Y,0,,A,PU,_Z,2,,,False,WB_WDI,WB_WDI_SH_XPD_CHEX_GD_ZS,OMN,_T,_T,_T,_Z,_Z,_Z,2004,A,PT_GDP,
2.036663,P1Y,0,,A,PU,_Z,2,,,False,WB_WDI,WB_WDI_SH_XPD_CHEX_GD_ZS,PAK,_T,_T,_T,_Z,_Z,_Z,2004,A,PT_GDP,
9.134798,P1Y,0,,A,PU,_Z,2,,,False,WB_WDI,WB_WDI_SH_XPD_CHEX_GD_ZS,PLW,_T,_T,_T,_Z,_Z,_Z,2004,A,PT_GDP,
7.081928,P1Y,0,,A,PU,_Z,2,,,False,WB_WDI,WB_WDI_SH_XPD_CHEX_GD_ZS,PAN,_T,_T,_T,_Z,_Z,_Z,2004,A,PT_GDP,
2.593729,P1Y,0,,A,PU,_Z,2,,,False,WB_WDI,WB_WDI_SH_XPD_CHEX_GD_ZS,PNG,_T,_T,_T,_Z,_Z,_Z,2004,A,PT_GDP,
4.932243,P1Y,0,,A,PU,_Z,2,,,False,WB_WDI,WB_WDI_SH_XPD_CHEX_GD_ZS,PRY,_T,_T,_T,_Z,_Z,_Z,2004,A,PT_GDP,
2.837264,P1Y,0,,A,PU,_Z,2,,,False,WB_WDI,WB_WDI_SH_XPD_CHEX_GD_ZS,GNQ,_T,_T,_T,_Z,_Z,_Z,2022,A,PT_GDP,
3.875378,P1Y,0,,A,PU,_Z,2,,,False,WB_WDI,WB_WDI_SH_XPD_CHEX_GD_ZS,ERI,_T,_T,_T,_Z,_Z,_Z,2022,A,PT_GDP,
6.936414,P1Y,0,,A,PU,_Z,2,,,False,WB_WDI,WB_WDI_SH_XPD_CHEX_GD_ZS,EST,_T,_T,_T,_Z,_Z,_Z,2022,A,PT_GDP,
7.244913,P1Y,0,,A,PU,_Z,2,,,False,WB_WDI,WB_WDI_SH_XPD_CHEX_GD_ZS,SWZ,_T,_T,_T,_Z,_Z,_Z,2022,A,PT_GDP,
2.852981,P1Y,0,,A,PU,_Z,2,,,False,WB_WDI,WB_WDI_SH_XPD_CHEX_GD_ZS,ETH,_T,_T,_T,_Z,_Z,_Z,2022,A,PT_GDP,
4.017529,P1Y,0,,A,PU,_Z,2,,,False,WB_WDI,WB_WDI_SH_XPD_CHEX_GD_ZS,FJI,_T,_T,_T,_Z,_Z,_Z,2022,A,PT_GDP,
9.741526,P1Y,0,,A,PU,_Z,2,,,False,WB_WDI,WB_WDI_SH_XPD_CHEX_GD_ZS,FIN,_T,_T,_T,_Z,_Z,_Z,2022,A,PT_GDP,
11.828888,P1Y,0,,A,PU,_Z,2,,,False,WB_WDI,WB_WDI_SH_XPD_CHEX_GD_ZS,FRA,_T,_T,_T,_Z,_Z,_Z,2022,A,PT_GDP,
2.890872,P1Y,0,,A,PU,_Z,2,,,False,WB_WDI,WB_WDI_SH_XPD_CHEX_GD_ZS,GAB,_T,_T,_T,_Z,_Z,_Z,2022,A,PT_GDP,
3.536977,P1Y,0,,A,PU,_Z,2,,,False,WB_WDI,WB_WDI_SH_XPD_CHEX_GD_ZS,GMB,_T,_T,_T,_Z,_Z,_Z,2022,A,PT_GDP,
8.296343,P1Y,0,,A,PU,_Z,2,,,False,WB_WDI,WB_WDI_SH_XPD_CHEX_GD_ZS,GEO,_T,_T,_T,_Z,_Z,_Z,2022,A,PT_GDP,
9.699983,P1Y,0,,A,PU,_Z,2,,,False,WB_WDI,WB_WDI_SH_XPD_CHEX_GD_ZS,FIN,_T,_T,_T,_Z,_Z,_Z,2015,A,PT_GDP,
11.50033,P1Y,0,,A,PU,_Z,2,,,False,WB_WDI,WB_WDI_SH_XPD_CHEX_GD_ZS,FRA,_T,_T,_T,_Z,_Z,_Z,2015,A,PT_GDP,
2.657439,P1Y,0,,A,PU,_Z,2,,,False,WB_WDI,WB_WDI_SH_XPD_CHEX_GD_ZS,GAB,_T,_T,_T,_Z,_Z,_Z,2015,A,PT_GDP,
3.176129,P1Y,0,,A,PU,_Z,2,,,False,WB_WDI,WB_WDI_SH_XPD_CHEX_GD_ZS,GMB,_T,_T,_T,_Z,_Z,_Z,2015,A,PT_GDP,
8.659949,P1Y,0,,A,PU,_Z,2,,,False,WB_WDI,WB_WDI_SH_XPD_CHEX_GD_ZS,GEO,_T,_T,_T,_Z,_Z,_Z,2015,A,PT_GDP,
10.923177,P1Y,0,,A,PU,_Z,2,,,False,WB_WDI,WB_WDI_SH_XPD_CHEX_GD_ZS,DEU,_T,_T,_T,_Z,_Z,_Z,2015,A,PT_GDP,
4.542993,P1Y,0,,A,PU,_Z,2,,,False,WB_WDI,WB_WDI_SH_XPD_CHEX_GD_ZS,GHA,_T,_T,_T,_Z,_Z,_Z,2015,A,PT_GDP,
8.2672,P1Y,0,,A,PU,_Z,2,,,False,WB_WDI,WB_WDI_SH_XPD_CHEX_GD_ZS,GRC,_T,_T,_T,_Z,_Z,_Z,2015,A,PT_GDP,
4.646756,P1Y,0,,A,PU,_Z,2,,,False,WB_WDI,WB_WDI_SH_XPD_CHEX_GD_ZS,GRD,_T,_T,_T,_Z,_Z,_Z,2015,A,PT_GDP,
7.733333,P1Y,0,,A,PU,_Z,2,,,False,WB_WDI,WB_WDI_SH_XPD_CHEX_GD_ZS,MLT,_T,_T,_T,_Z,_Z,_Z,2002,A,PT_GDP,
12.066346,P1Y,0,,A,PU,_Z,2,,,False,WB_WDI,WB_WDI_SH_XPD_CHEX_GD_ZS,MHL,_T,_T,_T,_Z,_Z,_Z,2002,A,PT_GDP,
4.00225,P1Y,0,,A,PU,_Z,2,,,False,WB_WDI,WB_WDI_SH_XPD_CHEX_GD_ZS,MRT,_T,_T,_T,_Z,_Z,_Z,2002,A,PT_GDP,
3.188973,P1Y,0,,A,PU,_Z,2,,,False,WB_WDI,WB_WDI_SH_XPD_CHEX_GD_ZS,MUS,_T,_T,_T,_Z,_Z,_Z,2002,A,PT_GDP,
4.830428,P1Y,0,,A,PU,_Z,2,,,False,WB_WDI,WB_WDI_SH_XPD_CHEX_GD_ZS,MEX,_T,_T,_T,_Z,_Z,_Z,2002,A,PT_GDP,
7.963014,P1Y,0,,A,PU,_Z,2,,,False,WB_WDI,WB_WDI_SH_XPD_CHEX_GD_ZS,FSM,_T,_T,_T,_Z,_Z,_Z,2002,A,PT_GDP,
7.404377,P1Y,0,,A,PU,_Z,2,,,False,WB_WDI,WB_WDI_SH_XPD_CHEX_GD_ZS,MDA,_T,_T,_T,_Z,_Z,_Z,2002,A,PT_GDP,
3.809008,P1Y,0,,A,PU,_Z,2,,,False,WB_WDI,WB_WDI_SH_XPD_CHEX_GD_ZS,MCO,_T,_T,_T,_Z,_Z,_Z,2002,A,PT_GDP,
5.49191,P1Y,0,,A,PU,_Z,2,,,False,WB_WDI,WB_WDI_SH_XPD_CHEX_GD_ZS,MNG,_T,_T,_T,_Z,_Z,_Z,2002,A,PT_GDP,
4.061175,P1Y,0,,A,PU,_Z,2,,,False,WB_WDI,WB_WDI_SH_XPD_CHEX_GD_ZS,MAR,_T,_T,_T,_Z,_Z,_Z,2002,A,PT_GDP,
3.186527,P1Y,0,,A,PU,_Z,2,,,False,WB_WDI,WB_WDI_SH_XPD_CHEX_GD_ZS,MOZ,_T,_T,_T,_Z,_Z,_Z,2002,A,PT_GDP,
2.594468,P1Y,0,,A,PU,_Z,2,,,False,WB_WDI,WB_WDI_SH_XPD_CHEX_GD_ZS,MMR,_T,_T,_T,_Z,_Z,_Z,2002,A,PT_GDP,
5.823821,P1Y,0,,A,PU,_Z,2,,,False,WB_WDI,WB_WDI_SH_XPD_CHEX_GD_ZS,KGZ,_T,_T,_T,_Z,_Z,_Z,2003,A,PT_GDP,
4.479207,P1Y,0,,A,PU,_Z,2,,,False,WB_WDI,WB_WDI_SH_XPD_CHEX_GD_ZS,LAO,_T,_T,_T,_Z,_Z,_Z,2003,A,PT_GDP,
5.736448,P1Y,0,,A,PU,_Z,2,,,False,WB_WDI,WB_WDI_SH_XPD_CHEX_GD_ZS,LVA,_T,_T,_T,_Z,_Z,_Z,2003,A,PT_GDP,
8.671099,P1Y,0,,A,PU,_Z,2,,,False,WB_WDI,WB_WDI_SH_XPD_CHEX_GD_ZS,LBN,_T,_T,_T,_Z,_Z,_Z,2003,A,PT_GDP,
5.337548,P1Y,0,,A,PU,_Z,2,,,False,WB_WDI,WB_WDI_SH_XPD_CHEX_GD_ZS,LSO,_T,_T,_T,_Z,_Z,_Z,2003,A,PT_GDP,
2.518475,P1Y,0,,A,PU,_Z,2,,,False,WB_WDI,WB_WDI_SH_XPD_CHEX_GD_ZS,LBR,_T,_T,_T,_Z,_Z,_Z,2003,A,PT_GDP,
3.973012,P1Y,0,,A,PU,_Z,2,,,False,WB_WDI,WB_WDI_SH_XPD_CHEX_GD_ZS,LBY,_T,_T,_T,_Z,_Z,_Z,2003,A,PT_GDP,
6.177241,P1Y,0,,A,PU,_Z,2,,,False,WB_WDI,WB_WDI_SH_XPD_CHEX_GD_ZS,LTU,_T,_T,_T,_Z,_Z,_Z,2003,A,PT_GDP,
6.962214,P1Y,0,,A,PU,_Z,2,,,False,WB_WDI,WB_WDI_SH_XPD_CHEX_GD_ZS,LUX,_T,_T,_T,_Z,_Z,_Z,2003,A,PT_GDP,
5.002766,P1Y,0,,A,PU,_Z,2,,,False,WB_WDI,WB_WDI_SH_XPD_CHEX_GD_ZS,MDG,_T,_T,_T,_Z,_Z,_Z,2003,A,PT_GDP,
3.320198,P1Y,0,,A,PU,_Z,2,,,False,WB_WDI,WB_WDI_SH_XPD_CHEX_GD_ZS,MWI,_T,_T,_T,_Z,_Z,_Z,2003,A,PT_GDP,
8.494416,P1Y,0,,A,PU,_Z,2,,,False,WB_WDI,WB_WDI_SH_XPD_CHEX_GD_ZS,JOR,_T,_T,_T,_Z,_Z,_Z,2005,A,PT_GDP,
3.90173,P1Y,0,,A,PU,_Z,2,,,False,WB_WDI,WB_WDI_SH_XPD_CHEX_GD_ZS,KAZ,_T,_T,_T,_Z,_Z,_Z,2005,A,PT_GDP,
4.217414,P1Y,0,,A,PU,_Z,2,,,False,WB_WDI,WB_WDI_SH_XPD_CHEX_GD_ZS,KEN,_T,_T,_T,_Z,_Z,_Z,2005,A,PT_GDP,
11.36302,P1Y,0,,A,PU,_Z,2,,,False,WB_WDI,WB_WDI_SH_XPD_CHEX_GD_ZS,KIR,_T,_T,_T,_Z,_Z,_Z,2005,A,PT_GDP,
4.652236,P1Y,0,,A,PU,_Z,2,,,False,WB_WDI,WB_WDI_SH_XPD_CHEX_GD_ZS,KOR,_T,_T,_T,_Z,_Z,_Z,2005,A,PT_GDP,
2.013309,P1Y,0,,A,PU,_Z,2,,,False,WB_WDI,WB_WDI_SH_XPD_CHEX_GD_ZS,KWT,_T,_T,_T,_Z,_Z,_Z,2005,A,PT_GDP,
7.450107,P1Y,0,,A,PU,_Z,2,,,False,WB_WDI,WB_WDI_SH_XPD_CHEX_GD_ZS,KGZ,_T,_T,_T,_Z,_Z,_Z,2005,A,PT_GDP,
3.336732,P1Y,0,,A,PU,_Z,2,,,False,WB_WDI,WB_WDI_SH_XPD_CHEX_GD_ZS,LAO,_T,_T,_T,_Z,_Z,_Z,2005,A,PT_GDP,
6.081617,P1Y,0,,A,PU,_Z,2,,,False,WB_WDI,WB_WDI_SH_XPD_CHEX_GD_ZS,LVA,_T,_T,_T,_Z,_Z,_Z,2005,A,PT_GDP,
7.548676,P1Y,0,,A,PU,_Z,2,,,False,WB_WDI,WB_WDI_SH_XPD_CHEX_GD_ZS,LBN,_T,_T,_T,_Z,_Z,_Z,2005,A,PT_GDP,
4.674527,P1Y,0,,A,PU,_Z,2,,,False,WB_WDI,WB_WDI_SH_XPD_CHEX_GD_ZS,LSO,_T,_T,_T,_Z,_Z,_Z,2005,A,PT_GDP,
4.244287,P1Y,0,,A,PU,_Z,2,,,False,WB_WDI,WB_WDI_SH_XPD_CHEX_GD_ZS,SYC,_T,_T,_T,_Z,_Z,_Z,2015,A,PT_GDP,
12.383123,P1Y,0,,A,PU,_Z,2,,,False,WB_WDI,WB_WDI_SH_XPD_CHEX_GD_ZS,SLE,_T,_T,_T,_Z,_Z,_Z,2015,A,PT_GDP,
4.180614,P1Y,0,,A,PU,_Z,2,,,False,WB_WDI,WB_WDI_SH_XPD_CHEX_GD_ZS,SGP,_T,_T,_T,_Z,_Z,_Z,2015,A,PT_GDP,
6.741097,P1Y,0,,A,PU,_Z,2,,,False,WB_WDI,WB_WDI_SH_XPD_CHEX_GD_ZS,SVK,_T,_T,_T,_Z,_Z,_Z,2015,A,PT_GDP,
8.577429,P1Y,0,,A,PU,_Z,2,,,False,WB_WDI,WB_WDI_SH_XPD_CHEX_GD_ZS,SVN,_T,_T,_T,_Z,_Z,_Z,2015,A,PT_GDP,
4.453102,P1Y,0,,A,PU,_Z,2,,,False,WB_WDI,WB_WDI_SH_XPD_CHEX_GD_ZS,SLB,_T,_T,_T,_Z,_Z,_Z,2015,A,PT_GDP,
2.940745,P1Y,0,,A,PU,_Z,2,,,False,WB_WDI,WB_WDI_SH_XPD_CHEX_GD_ZS,SOM,_T,_T,_T,_Z,_Z,_Z,2015,A,PT_GDP,
8.053042,P1Y,0,,A,PU,_Z,2,,,False,WB_WDI,WB_WDI_SH_XPD_CHEX_GD_ZS,ZAF,_T,_T,_T,_Z,_Z,_Z,2015,A,PT_GDP,
9.175533,P1Y,0,,A,PU,_Z,2,,,False,WB_WDI,WB_WDI_SH_XPD_CHEX_GD_ZS,ESP,_T,_T,_T,_Z,_Z,_Z,2015,A,PT_GDP,
10.520741,P1Y,0,,A,PU,_Z,2,,,False,WB_WDI,WB_WDI_SH_XPD_CHEX_GD_ZS,PRT,_T,_T,_T,_Z,_Z,_Z,2020,A,PT_GDP,
3.818722,P1Y,0,,A,PU,_Z,2,,,False,WB_WDI,WB_WDI_SH_XPD_CHEX_GD_ZS,QAT,_T,_T,_T,_Z,_Z,_Z,2020,A,PT_GDP,
6.209597,P1Y,0,,A,PU,_Z,2,,,False,WB_WDI,WB_WDI_SH_XPD_CHEX_GD_ZS,ROU,_T,_T,_T,_Z,_Z,_Z,2020,A,PT_GDP,
8.04076,P1Y,0,,A,PU,_Z,2,,,False,WB_WDI,WB_WDI_SH_XPD_CHEX_GD_ZS,RUS,_T,_T,_T,_Z,_Z,_Z,2020,A,PT_GDP,
5.798623,P1Y,0,,A,PU,_Z,2,,,False,WB_WDI,WB_WDI_SH_XPD_CHEX_GD_ZS,RWA,_T,_T,_T,_Z,_Z,_Z,2020,A,PT_GDP,
6.091058,P1Y,0,,A,PU,_Z,2,,,False,WB_WDI,WB_WDI_SH_XPD_CHEX_GD_ZS,WSM,_T,_T,_T,_Z,_Z,_Z,2020,A,PT_GDP,
8.481474,P1Y,0,,A,PU,_Z,2,,,False,WB_WDI,WB_WDI_SH_XPD_CHEX_GD_ZS,SMR,_T,_T,_T,_Z,_Z,_Z,2020,A,PT_GDP,
7.320444,P1Y,0,,A,PU,_Z,2,,,False,WB_WDI,WB_WDI_SH_XPD_CHEX_GD_ZS,STP,_T,_T,_T,_Z,_Z,_Z,2020,A,PT_GDP,
6.646301,P1Y,0,,A,PU,_Z,2,,,False,WB_WDI,WB_WDI_SH_XPD_CHEX_GD_ZS,SAU,_T,_T,_T,_Z,_Z,_Z,2020,A,PT_GDP,
5.151192,P1Y,0,,A,PU,_Z,2,,,False,WB_WDI,WB_WDI_SH_XPD_CHEX_GD_ZS,SEN,_T,_T,_T,_Z,_Z,_Z,2020,A,PT_GDP,
5.842097,P1Y,0,,A,PU,_Z,2,,,False,WB_WDI,WB_WDI_SH_XPD_CHEX_GD_ZS,MUS,_T,_T,_T,_Z,_Z,_Z,2022,A,PT_GDP,
5.709197,P1Y,0,,A,PU,_Z,2,,,False,WB_WDI,WB_WDI_SH_XPD_CHEX_GD_ZS,MEX,_T,_T,_T,_Z,_Z,_Z,2022,A,PT_GDP,
12.62719,P1Y,0,,A,PU,_Z,2,,,False,WB_WDI,WB_WDI_SH_XPD_CHEX_GD_ZS,FSM,_T,_T,_T,_Z,_Z,_Z,2022,A,PT_GDP,
6.965054,P1Y,0,,A,PU,_Z,2,,,False,WB_WDI,WB_WDI_SH_XPD_CHEX_GD_ZS,MDA,_T,_T,_T,_Z,_Z,_Z,2022,A,PT_GDP,
3.39488,P1Y,0,,A,PU,_Z,2,,,False,WB_WDI,WB_WDI_SH_XPD_CHEX_GD_ZS,MCO,_T,_T,_T,_Z,_Z,_Z,2022,A,PT_GDP,
8.851702,P1Y,0,,A,PU,_Z,2,,,False,WB_WDI,WB_WDI_SH_XPD_CHEX_GD_ZS,MNG,_T,_T,_T,_Z,_Z,_Z,2022,A,PT_GDP,
10.190818,P1Y,0,,A,PU,_Z,2,,,False,WB_WDI,WB_WDI_SH_XPD_CHEX_GD_ZS,MNE,_T,_T,_T,_Z,_Z,_Z,2022,A,PT_GDP,
5.75281,P1Y,0,,A,PU,_Z,2,,,False,WB_WDI,WB_WDI_SH_XPD_CHEX_GD_ZS,MAR,_T,_T,_T,_Z,_Z,_Z,2022,A,PT_GDP,
8.248681,P1Y,0,,A,PU,_Z,2,,,False,WB_WDI,WB_WDI_SH_XPD_CHEX_GD_ZS,MOZ,_T,_T,_T,_Z,_Z,_Z,2022,A,PT_GDP,
4.491585,P1Y,0,,A,PU,_Z,2,,,False,WB_WDI,WB_WDI_SH_XPD_CHEX_GD_ZS,MMR,_T,_T,_T,_Z,_Z,_Z,2022,A,PT_GDP,
9.621988,P1Y,0,,A,PU,_Z,2,,,False,WB_WDI,WB_WDI_SH_XPD_CHEX_GD_ZS,NAM,_T,_T,_T,_Z,_Z,_Z,2022,A,PT_GDP,
18.342293,P1Y,0,,A,PU,_Z,2,,,False,WB_WDI,WB_WDI_SH_XPD_CHEX_GD_ZS,NRU,_T,_T,_T,_Z,_Z,_Z,2022,A,PT_GDP,
6.529503,P1Y,0,,A,PU,_Z,2,,,False,WB_WDI,WB_WDI_SH_XPD_CHEX_GD_ZS,NPL,_T,_T,_T,_Z,_Z,_Z,2022,A,PT_GDP,
4.41415,P1Y,0,,A,PU,_Z,2,,,False,WB_WDI,WB_WDI_SH_XPD_CHEX_GD_ZS,KGZ,_T,_T,_T,_Z,_Z,_Z,2000,A,PT_GDP,
4.275136,P1Y,0,,A,PU,_Z,2,,,False,WB_WDI,WB_WDI_SH_XPD_CHEX_GD_ZS,LAO,_T,_T,_T,_Z,_Z,_Z,2000,A,PT_GDP,
5.571693,P1Y,0,,A,PU,_Z,2,,,False,WB_WDI,WB_WDI_SH_XPD_CHEX_GD_ZS,LVA,_T,_T,_T,_Z,_Z,_Z,2000,A,PT_GDP,
10.829514,P1Y,0,,A,PU,_Z,2,,,False,WB_WDI,WB_WDI_SH_XPD_CHEX_GD_ZS,LBN,_T,_T,_T,_Z,_Z,_Z,2000,A,PT_GDP,
5.156334,P1Y,0,,A,PU,_Z,2,,,False,WB_WDI,WB_WDI_SH_XPD_CHEX_GD_ZS,LSO,_T,_T,_T,_Z,_Z,_Z,2000,A,PT_GDP,
2.692154,P1Y,0,,A,PU,_Z,2,,,False,WB_WDI,WB_WDI_SH_XPD_CHEX_GD_ZS,LBR,_T,_T,_T,_Z,_Z,_Z,2000,A,PT_GDP,
3.319085,P1Y,0,,A,PU,_Z,2,,,False,WB_WDI,WB_WDI_SH_XPD_CHEX_GD_ZS,LBY,_T,_T,_T,_Z,_Z,_Z,2000,A,PT_GDP,
6.185593,P1Y,0,,A,PU,_Z,2,,,False,WB_WDI,WB_WDI_SH_XPD_CHEX_GD_ZS,LTU,_T,_T,_T,_Z,_Z,_Z,2000,A,PT_GDP,
5.925339,P1Y,0,,A,PU,_Z,2,,,False,WB_WDI,WB_WDI_SH_XPD_CHEX_GD_ZS,LUX,_T,_T,_T,_Z,_Z,_Z,2000,A,PT_GDP,
3.991776,P1Y,0,,A,PU,_Z,2,,,False,WB_WDI,WB_WDI_SH_XPD_CHEX_GD_ZS,MDG,_T,_T,_T,_Z,_Z,_Z,2000,A,PT_GDP,
2.352475,P1Y,0,,A,PU,_Z,2,,,False,WB_WDI,WB_WDI_SH_XPD_CHEX_GD_ZS,MWI,_T,_T,_T,_Z,_Z,_Z,2000,A,PT_GDP,
2.514634,P1Y,0,,A,PU,_Z,2,,,False,WB_WDI,WB_WDI_SH_XPD_CHEX_GD_ZS,MYS,_T,_T,_T,_Z,_Z,_Z,2000,A,PT_GDP,
8.600543,P1Y,0,,A,PU,_Z,2,,,False,WB_WDI,WB_WDI_SH_XPD_CHEX_GD_ZS,SVN,_T,_T,_T,_Z,_Z,_Z,2011,A,PT_GDP,
5.030087,P1Y,0,,A,PU,_Z,2,,,False,WB_WDI,WB_WDI_SH_XPD_CHEX_GD_ZS,SLB,_T,_T,_T,_Z,_Z,_Z,2011,A,PT_GDP,
7.944344,P1Y,0,,A,PU,_Z,2,,,False,WB_WDI,WB_WDI_SH_XPD_CHEX_GD_ZS,ZAF,_T,_T,_T,_Z,_Z,_Z,2011,A,PT_GDP,
9.217497,P1Y,0,,A,PU,_Z,2,,,False,WB_WDI,WB_WDI_SH_XPD_CHEX_GD_ZS,ESP,_T,_T,_T,_Z,_Z,_Z,2011,A,PT_GDP,
3.581952,P1Y,0,,A,PU,_Z,2,,,False,WB_WDI,WB_WDI_SH_XPD_CHEX_GD_ZS,LKA,_T,_T,_T,_Z,_Z,_Z,2011,A,PT_GDP,
5.172478,P1Y,0,,A,PU,_Z,2,,,False,WB_WDI,WB_WDI_SH_XPD_CHEX_GD_ZS,KNA,_T,_T,_T,_Z,_Z,_Z,2011,A,PT_GDP,
5.061343,P1Y,0,,A,PU,_Z,2,,,False,WB_WDI,WB_WDI_SH_XPD_CHEX_GD_ZS,LCA,_T,_T,_T,_Z,_Z,_Z,2011,A,PT_GDP,
4.233277,P1Y,0,,A,PU,_Z,2,,,False,WB_WDI,WB_WDI_SH_XPD_CHEX_GD_ZS,VCT,_T,_T,_T,_Z,_Z,_Z,2011,A,PT_GDP,
5.615796,P1Y,0,,A,PU,_Z,2,,,False,WB_WDI,WB_WDI_SH_XPD_CHEX_GD_ZS,SDN,_T,_T,_T,_Z,_Z,_Z,2011,A,PT_GDP,
4.409322,P1Y,0,,A,PU,_Z,2,,,False,WB_WDI,WB_WDI_SH_XPD_CHEX_GD_ZS,SUR,_T,_T,_T,_Z,_Z,_Z,2011,A,PT_GDP,
9.081453,P1Y,0,,A,PU,_Z,2,,,False,WB_WDI,WB_WDI_SH_XPD_CHEX_GD_ZS,ISL,_T,_T,_T,_Z,_Z,_Z,2022,A,PT_GDP,
3.396235,P1Y,0,,A,PU,_Z,2,,,False,WB_WDI,WB_WDI_SH_XPD_CHEX_GD_ZS,IND,_T,_T,_T,_Z,_Z,_Z,2022,A,PT_GDP,
2.693897,P1Y,0,,A,PU,_Z,2,,,False,WB_WDI,WB_WDI_SH_XPD_CHEX_GD_ZS,IDN,_T,_T,_T,_Z,_Z,_Z,2022,A,PT_GDP,
5.627941,P1Y,0,,A,PU,_Z,2,,,False,WB_WDI,WB_WDI_SH_XPD_CHEX_GD_ZS,IRN,_T,_T,_T,_Z,_Z,_Z,2022,A,PT_GDP,
4.332263,P1Y,0,,A,PU,_Z,2,,,False,WB_WDI,WB_WDI_SH_XPD_CHEX_GD_ZS,IRQ,_T,_T,_T,_Z,_Z,_Z,2022,A,PT_GDP,
6.020782,P1Y,0,,A,PU,_Z,2,,,False,WB_WDI,WB_WDI_SH_XPD_CHEX_GD_ZS,IRL,_T,_T,_T,_Z,_Z,_Z,2022,A,PT_GDP,
7.12005,P1Y,0,,A,PU,_Z,2,,,False,WB_WDI,WB_WDI_SH_XPD_CHEX_GD_ZS,ISR,_T,_T,_T,_Z,_Z,_Z,2022,A,PT_GDP,
8.850229,P1Y,0,,A,PU,_Z,2,,,False,WB_WDI,WB_WDI_SH_XPD_CHEX_GD_ZS,ITA,_T,_T,_T,_Z,_Z,_Z,2022,A,PT_GDP,
8.653387,P1Y,0,,A,PU,_Z,2,,,False,WB_WDI,WB_WDI_SH_XPD_CHEX_GD_ZS,JAM,_T,_T,_T,_Z,_Z,_Z,2022,A,PT_GDP,
12.322757,P1Y,0,,A,PU,_Z,2,,,False,WB_WDI,WB_WDI_SH_XPD_CHEX_GD_ZS,JPN,_T,_T,_T,_Z,_Z,_Z,2022,A,PT_GDP,
7.736233,P1Y,0,,A,PU,_Z,2,,,False,WB_WDI,WB_WDI_SH_XPD_CHEX_GD_ZS,JOR,_T,_T,_T,_Z,_Z,_Z,2022,A,PT_GDP,
7.86565,P1Y,0,,A,PU,_Z,2,,,False,WB_WDI,WB_WDI_SH_XPD_CHEX_GD_ZS,LCN,_T,_T,_T,_Z,_Z,_Z,2019,A,PT_GDP,
7.787802,P1Y,0,,A,PU,_Z,2,,,False,WB_WDI,WB_WDI_SH_XPD_CHEX_GD_ZS,LAC,_T,_T,_T,_Z,_Z,_Z,2019,A,PT_GDP,
7.80748,P1Y,0,,A,PU,_Z,2,,,False,WB_WDI,WB_WDI_SH_XPD_CHEX_GD_ZS,TLA,_T,_T,_T,_Z,_Z,_Z,2019,A,PT_GDP,
3.647764,P1Y,0,,A,PU,_Z,2,,,False,WB_WDI,WB_WDI_SH_XPD_CHEX_GD_ZS,LDC,_T,_T,_T,_Z,_Z,_Z,2019,A,PT_GDP,
5.17437,P1Y,0,,A,PU,_Z,2,,,False,WB_WDI,WB_WDI_SH_XPD_CHEX_GD_ZS,LMY,_T,_T,_T,_Z,_Z,_Z,2019,A,PT_GDP,
4.703056,P1Y,0,,A,PU,_Z,2,,,False,WB_WDI,WB_WDI_SH_XPD_CHEX_GD_ZS,LIC,_T,_T,_T,_Z,_Z,_Z,2019,A,PT_GDP,
3.33951,P1Y,0,,A,PU,_Z,2,,,False,WB_WDI,WB_WDI_SH_XPD_CHEX_GD_ZS,LMC,_T,_T,_T,_Z,_Z,_Z,2019,A,PT_GDP,
5.189621,P1Y,0,,A,PU,_Z,2,,,False,WB_WDI,WB_WDI_SH_XPD_CHEX_GD_ZS,MEA,_T,_T,_T,_Z,_Z,_Z,2019,A,PT_GDP,
5.058549,P1Y,0,,A,PU,_Z,2,,,False,WB_WDI,WB_WDI_SH_XPD_CHEX_GD_ZS,MNA,_T,_T,_T,_Z,_Z,_Z,2019,A,PT_GDP,
5.019252,P1Y,0,,A,PU,_Z,2,,,False,WB_WDI,WB_WDI_SH_XPD_CHEX_GD_ZS,TMN,_T,_T,_T,_Z,_Z,_Z,2019,A,PT_GDP,
5.180378,P1Y,0,,A,PU,_Z,2,,,False,WB_WDI,WB_WDI_SH_XPD_CHEX_GD_ZS,MIC,_T,_T,_T,_Z,_Z,_Z,2019,A,PT_GDP,
16.133216,P1Y,0,,A,PU,_Z,2,,,False,WB_WDI,WB_WDI_SH_XPD_CHEX_GD_ZS,NAC,_T,_T,_T,_Z,_Z,_Z,2019,A,PT_GDP,
12.421173,P1Y,0,,A,PU,_Z,2,,,False,WB_WDI,WB_WDI_SH_XPD_CHEX_GD_ZS,OED,_T,_T,_T,_Z,_Z,_Z,2019,A,PT_GDP,
3.852286,P1Y,0,,A,PU,_Z,2,,,False,WB_WDI,WB_WDI_SH_XPD_CHEX_GD_ZS,THA,_T,_T,_T,_Z,_Z,_Z,2015,A,PT_GDP,
7.691467,P1Y,0,,A,PU,_Z,2,,,False,WB_WDI,WB_WDI_SH_XPD_CHEX_GD_ZS,TLS,_T,_T,_T,_Z,_Z,_Z,2015,A,PT_GDP,
6.247385,P1Y,0,,A,PU,_Z,2,,,False,WB_WDI,WB_WDI_SH_XPD_CHEX_GD_ZS,TGO,_T,_T,_T,_Z,_Z,_Z,2015,A,PT_GDP,
4.781376,P1Y,0,,A,PU,_Z,2,,,False,WB_WDI,WB_WDI_SH_XPD_CHEX_GD_ZS,TON,_T,_T,_T,_Z,_Z,_Z,2015,A,PT_GDP,
5.652538,P1Y,0,,A,PU,_Z,2,,,False,WB_WDI,WB_WDI_SH_XPD_CHEX_GD_ZS,TTO,_T,_T,_T,_Z,_Z,_Z,2015,A,PT_GDP,
6.213399,P1Y,0,,A,PU,_Z,2,,,False,WB_WDI,WB_WDI_SH_XPD_CHEX_GD_ZS,TUN,_T,_T,_T,_Z,_Z,_Z,2015,A,PT_GDP,
4.116904,P1Y,0,,A,PU,_Z,2,,,False,WB_WDI,WB_WDI_SH_XPD_CHEX_GD_ZS,TUR,_T,_T,_T,_Z,_Z,_Z,2015,A,PT_GDP,
5.016529,P1Y,0,,A,PU,_Z,2,,,False,WB_WDI,WB_WDI_SH_XPD_CHEX_GD_ZS,TKM,_T,_T,_T,_Z,_Z,_Z,2015,A,PT_GDP,
13.441886,P1Y,0,,A,PU,_Z,2,,,False,WB_WDI,WB_WDI_SH_XPD_CHEX_GD_ZS,TUV,_T,_T,_T,_Z,_Z,_Z,2015,A,PT_GDP,
4.996431,P1Y,0,,A,PU,_Z,2,,,False,WB_WDI,WB_WDI_SH_XPD_CHEX_GD_ZS,UGA,_T,_T,_T,_Z,_Z,_Z,2015,A,PT_GDP,
7.783528,P1Y,0,,A,PU,_Z,2,,,False,WB_WDI,WB_WDI_SH_XPD_CHEX_GD_ZS,UKR,_T,_T,_T,_Z,_Z,_Z,2015,A,PT_GDP,
2.456685,P1Y,0,,A,PU,_Z,2,,,False,WB_WDI,WB_WDI_SH_XPD_CHEX_GD_ZS,COG,_T,_T,_T,_Z,_Z,_Z,2015,A,PT_GDP,
7.591962,P1Y,0,,A,PU,_Z,2,,,False,WB_WDI,WB_WDI_SH_XPD_CHEX_GD_ZS,CRI,_T,_T,_T,_Z,_Z,_Z,2015,A,PT_GDP,
3.219883,P1Y,0,,A,PU,_Z,2,,,False,WB_WDI,WB_WDI_SH_XPD_CHEX_GD_ZS,CIV,_T,_T,_T,_Z,_Z,_Z,2015,A,PT_GDP,
6.65548,P1Y,0,,A,PU,_Z,2,,,False,WB_WDI,WB_WDI_SH_XPD_CHEX_GD_ZS,HRV,_T,_T,_T,_Z,_Z,_Z,2015,A,PT_GDP,
12.814043,P1Y,0,,A,PU,_Z,2,,,False,WB_WDI,WB_WDI_SH_XPD_CHEX_GD_ZS,CUB,_T,_T,_T,_Z,_Z,_Z,2015,A,PT_GDP,
6.793822,P1Y,0,,A,PU,_Z,2,,,False,WB_WDI,WB_WDI_SH_XPD_CHEX_GD_ZS,CYP,_T,_T,_T,_Z,_Z,_Z,2015,A,PT_GDP,
7.293468,P1Y,0,,A,PU,_Z,2,,,False,WB_WDI,WB_WDI_SH_XPD_CHEX_GD_ZS,CZE,_T,_T,_T,_Z,_Z,_Z,2015,A,PT_GDP,
10.375455,P1Y,0,,A,PU,_Z,2,,,False,WB_WDI,WB_WDI_SH_XPD_CHEX_GD_ZS,DNK,_T,_T,_T,_Z,_Z,_Z,2015,A,PT_GDP,
3.347577,P1Y,0,,A,PU,_Z,2,,,False,WB_WDI,WB_WDI_SH_XPD_CHEX_GD_ZS,DJI,_T,_T,_T,_Z,_Z,_Z,2015,A,PT_GDP,
5.159418,P1Y,0,,A,PU,_Z,2,,,False,WB_WDI,WB_WDI_SH_XPD_CHEX_GD_ZS,DMA,_T,_T,_T,_Z,_Z,_Z,2015,A,PT_GDP,
7.71997,P1Y,0,,A,PU,_Z,2,,,False,WB_WDI,WB_WDI_SH_XPD_CHEX_GD_ZS,RWA,_T,_T,_T,_Z,_Z,_Z,2005,A,PT_GDP,
4.633655,P1Y,0,,A,PU,_Z,2,,,False,WB_WDI,WB_WDI_SH_XPD_CHEX_GD_ZS,WSM,_T,_T,_T,_Z,_Z,_Z,2005,A,PT_GDP,
4.886837,P1Y,0,,A,PU,_Z,2,,,False,WB_WDI,WB_WDI_SH_XPD_CHEX_GD_ZS,SMR,_T,_T,_T,_Z,_Z,_Z,2005,A,PT_GDP,
10.351997,P1Y,0,,A,PU,_Z,2,,,False,WB_WDI,WB_WDI_SH_XPD_CHEX_GD_ZS,STP,_T,_T,_T,_Z,_Z,_Z,2005,A,PT_GDP,
3.418673,P1Y,0,,A,PU,_Z,2,,,False,WB_WDI,WB_WDI_SH_XPD_CHEX_GD_ZS,SAU,_T,_T,_T,_Z,_Z,_Z,2005,A,PT_GDP,
3.674665,P1Y,0,,A,PU,_Z,2,,,False,WB_WDI,WB_WDI_SH_XPD_CHEX_GD_ZS,SEN,_T,_T,_T,_Z,_Z,_Z,2005,A,PT_GDP,
8.093469,P1Y,0,,A,PU,_Z,2,,,False,WB_WDI,WB_WDI_SH_XPD_CHEX_GD_ZS,SRB,_T,_T,_T,_Z,_Z,_Z,2005,A,PT_GDP,
4.446065,P1Y,0,,A,PU,_Z,2,,,False,WB_WDI,WB_WDI_SH_XPD_CHEX_GD_ZS,SYC,_T,_T,_T,_Z,_Z,_Z,2005,A,PT_GDP,
5.23005,P1Y,0,,A,PU,_Z,2,,,False,WB_WDI,WB_WDI_SH_XPD_CHEX_GD_ZS,SLE,_T,_T,_T,_Z,_Z,_Z,2005,A,PT_GDP,
3.033679,P1Y,0,,A,PU,_Z,2,,,False,WB_WDI,WB_WDI_SH_XPD_CHEX_GD_ZS,SGP,_T,_T,_T,_Z,_Z,_Z,2005,A,PT_GDP,
6.61619,P1Y,0,,A,PU,_Z,2,,,False,WB_WDI,WB_WDI_SH_XPD_CHEX_GD_ZS,SVK,_T,_T,_T,_Z,_Z,_Z,2005,A,PT_GDP,
8.053467,P1Y,0,,A,PU,_Z,2,,,False,WB_WDI,WB_WDI_SH_XPD_CHEX_GD_ZS,SVN,_T,_T,_T,_Z,_Z,_Z,2005,A,PT_GDP,
5.354712,P1Y,0,,A,PU,_Z,2,,,False,WB_WDI,WB_WDI_SH_XPD_CHEX_GD_ZS,THA,_T,_T,_T,_Z,_Z,_Z,2022,A,PT_GDP,
7.463718,P1Y,0,,A,PU,_Z,2,,,False,WB_WDI,WB_WDI_SH_XPD_CHEX_GD_ZS,TLS,_T,_T,_T,_Z,_Z,_Z,2022,A,PT_GDP,
6.240941,P1Y,0,,A,PU,_Z,2,,,False,WB_WDI,WB_WDI_SH_XPD_CHEX_GD_ZS,TGO,_T,_T,_T,_Z,_Z,_Z,2022,A,PT_GDP,
7.952767,P1Y,0,,A,PU,_Z,2,,,False,WB_WDI,WB_WDI_SH_XPD_CHEX_GD_ZS,TON,_T,_T,_T,_Z,_Z,_Z,2022,A,PT_GDP,
6.64416,P1Y,0,,A,PU,_Z,2,,,False,WB_WDI,WB_WDI_SH_XPD_CHEX_GD_ZS,TTO,_T,_T,_T,_Z,_Z,_Z,2022,A,PT_GDP,
7.512707,P1Y,0,,A,PU,_Z,2,,,False,WB_WDI,WB_WDI_SH_XPD_CHEX_GD_ZS,TUN,_T,_T,_T,_Z,_Z,_Z,2022,A,PT_GDP,
3.703389,P1Y,0,,A,PU,_Z,2,,,False,WB_WDI,WB_WDI_SH_XPD_CHEX_GD_ZS,TUR,_T,_T,_T,_Z,_Z,_Z,2022,A,PT_GDP,
5.371037,P1Y,0,,A,PU,_Z,2,,,False,WB_WDI,WB_WDI_SH_XPD_CHEX_GD_ZS,TKM,_T,_T,_T,_Z,_Z,_Z,2022,A,PT_GDP,
21.28792,P1Y,0,,A,PU,_Z,2,,,False,WB_WDI,WB_WDI_SH_XPD_CHEX_GD_ZS,TUV,_T,_T,_T,_Z,_Z,_Z,2022,A,PT_GDP,
4.450711,P1Y,0,,A,PU,_Z,2,,,False,WB_WDI,WB_WDI_SH_XPD_CHEX_GD_ZS,UGA,_T,_T,_T,_Z,_Z,_Z,2022,A,PT_GDP,
4.565364,P1Y,0,,A,PU,_Z,2,,,False,WB_WDI,WB_WDI_SH_XPD_CHEX_GD_ZS,ARE,_T,_T,_T,_Z,_Z,_Z,2022,A,PT_GDP,
3.81805,P1Y,0,,A,PU,_Z,2,,,False,WB_WDI,WB_WDI_SH_XPD_CHEX_GD_ZS,WSM,_T,_T,_T,_Z,_Z,_Z,2001,A,PT_GDP,
5.641275,P1Y,0,,A,PU,_Z,2,,,False,WB_WDI,WB_WDI_SH_XPD_CHEX_GD_ZS,SMR,_T,_T,_T,_Z,_Z,_Z,2001,A,PT_GDP,
9.640019,P1Y,0,,A,PU,_Z,2,,,False,WB_WDI,WB_WDI_SH_XPD_CHEX_GD_ZS,STP,_T,_T,_T,_Z,_Z,_Z,2001,A,PT_GDP,
4.461736,P1Y,0,,A,PU,_Z,2,,,False,WB_WDI,WB_WDI_SH_XPD_CHEX_GD_ZS,SAU,_T,_T,_T,_Z,_Z,_Z,2001,A,PT_GDP,
3.681488,P1Y,0,,A,PU,_Z,2,,,False,WB_WDI,WB_WDI_SH_XPD_CHEX_GD_ZS,SEN,_T,_T,_T,_Z,_Z,_Z,2001,A,PT_GDP,
6.191558,P1Y,0,,A,PU,_Z,2,,,False,WB_WDI,WB_WDI_SH_XPD_CHEX_GD_ZS,SRB,_T,_T,_T,_Z,_Z,_Z,2001,A,PT_GDP,
4.547683,P1Y,0,,A,PU,_Z,2,,,False,WB_WDI,WB_WDI_SH_XPD_CHEX_GD_ZS,SYC,_T,_T,_T,_Z,_Z,_Z,2001,A,PT_GDP,
5.221835,P1Y,0,,A,PU,_Z,2,,,False,WB_WDI,WB_WDI_SH_XPD_CHEX_GD_ZS,SLE,_T,_T,_T,_Z,_Z,_Z,2001,A,PT_GDP,
3.163027,P1Y,0,,A,PU,_Z,2,,,False,WB_WDI,WB_WDI_SH_XPD_CHEX_GD_ZS,SGP,_T,_T,_T,_Z,_Z,_Z,2001,A,PT_GDP,
5.340549,P1Y,0,,A,PU,_Z,2,,,False,WB_WDI,WB_WDI_SH_XPD_CHEX_GD_ZS,SVK,_T,_T,_T,_Z,_Z,_Z,2001,A,PT_GDP,
7.955057,P1Y,0,,A,PU,_Z,2,,,False,WB_WDI,WB_WDI_SH_XPD_CHEX_GD_ZS,SVN,_T,_T,_T,_Z,_Z,_Z,2001,A,PT_GDP,
6.607128,P1Y,0,,A,PU,_Z,2,,,False,WB_WDI,WB_WDI_SH_XPD_CHEX_GD_ZS,SLB,_T,_T,_T,_Z,_Z,_Z,2001,A,PT_GDP,
7.123279,P1Y,0,,A,PU,_Z,2,,,False,WB_WDI,WB_WDI_SH_XPD_CHEX_GD_ZS,ZAF,_T,_T,_T,_Z,_Z,_Z,2001,A,PT_GDP,
1.926736,P1Y,0,,A,PU,_Z,2,,,False,WB_WDI,WB_WDI_SH_XPD_CHEX_GD_ZS,KWT,_T,_T,_T,_Z,_Z,_Z,2007,A,PT_GDP,
6.932106,P1Y,0,,A,PU,_Z,2,,,False,WB_WDI,WB_WDI_SH_XPD_CHEX_GD_ZS,KGZ,_T,_T,_T,_Z,_Z,_Z,2007,A,PT_GDP,
3.129862,P1Y,0,,A,PU,_Z,2,,,False,WB_WDI,WB_WDI_SH_XPD_CHEX_GD_ZS,LAO,_T,_T,_T,_Z,_Z,_Z,2007,A,PT_GDP,
5.819692,P1Y,0,,A,PU,_Z,2,,,False,WB_WDI,WB_WDI_SH_XPD_CHEX_GD_ZS,LVA,_T,_T,_T,_Z,_Z,_Z,2007,A,PT_GDP,
8.559842,P1Y,0,,A,PU,_Z,2,,,False,WB_WDI,WB_WDI_SH_XPD_CHEX_GD_ZS,LBN,_T,_T,_T,_Z,_Z,_Z,2007,A,PT_GDP,
7.222518,P1Y,0,,A,PU,_Z,2,,,False,WB_WDI,WB_WDI_SH_XPD_CHEX_GD_ZS,LSO,_T,_T,_T,_Z,_Z,_Z,2007,A,PT_GDP,
4.328849,P1Y,0,,A,PU,_Z,2,,,False,WB_WDI,WB_WDI_SH_XPD_CHEX_GD_ZS,LBR,_T,_T,_T,_Z,_Z,_Z,2007,A,PT_GDP,
2.419296,P1Y,0,,A,PU,_Z,2,,,False,WB_WDI,WB_WDI_SH_XPD_CHEX_GD_ZS,LBY,_T,_T,_T,_Z,_Z,_Z,2007,A,PT_GDP,
5.759786,P1Y,0,,A,PU,_Z,2,,,False,WB_WDI,WB_WDI_SH_XPD_CHEX_GD_ZS,LTU,_T,_T,_T,_Z,_Z,_Z,2007,A,PT_GDP,
6.158031,P1Y,0,,A,PU,_Z,2,,,False,WB_WDI,WB_WDI_SH_XPD_CHEX_GD_ZS,LUX,_T,_T,_T,_Z,_Z,_Z,2007,A,PT_GDP,
12.447083,P1Y,0,,A,PU,_Z,2,,,False,WB_WDI,WB_WDI_SH_XPD_CHEX_GD_ZS,DEU,_T,_T,_T,_Z,_Z,_Z,2022,A,PT_GDP,
3.674592,P1Y,0,,A,PU,_Z,2,,,False,WB_WDI,WB_WDI_SH_XPD_CHEX_GD_ZS,GHA,_T,_T,_T,_Z,_Z,_Z,2022,A,PT_GDP,
8.449383,P1Y,0,,A,PU,_Z,2,,,False,WB_WDI,WB_WDI_SH_XPD_CHEX_GD_ZS,GRC,_T,_T,_T,_Z,_Z,_Z,2022,A,PT_GDP,
4.997013,P1Y,0,,A,PU,_Z,2,,,False,WB_WDI,WB_WDI_SH_XPD_CHEX_GD_ZS,GRD,_T,_T,_T,_Z,_Z,_Z,2022,A,PT_GDP,
7.167879,P1Y,0,,A,PU,_Z,2,,,False,WB_WDI,WB_WDI_SH_XPD_CHEX_GD_ZS,GTM,_T,_T,_T,_Z,_Z,_Z,2022,A,PT_GDP,
3.832927,P1Y,0,,A,PU,_Z,2,,,False,WB_WDI,WB_WDI_SH_XPD_CHEX_GD_ZS,GIN,_T,_T,_T,_Z,_Z,_Z,2022,A,PT_GDP,
8.337527,P1Y,0,,A,PU,_Z,2,,,False,WB_WDI,WB_WDI_SH_XPD_CHEX_GD_ZS,GNB,_T,_T,_T,_Z,_Z,_Z,2022,A,PT_GDP,
2.524564,P1Y,0,,A,PU,_Z,2,,,False,WB_WDI,WB_WDI_SH_XPD_CHEX_GD_ZS,GUY,_T,_T,_T,_Z,_Z,_Z,2022,A,PT_GDP,
3.207551,P1Y,0,,A,PU,_Z,2,,,False,WB_WDI,WB_WDI_SH_XPD_CHEX_GD_ZS,HTI,_T,_T,_T,_Z,_Z,_Z,2022,A,PT_GDP,
8.154528,P1Y,0,,A,PU,_Z,2,,,False,WB_WDI,WB_WDI_SH_XPD_CHEX_GD_ZS,HND,_T,_T,_T,_Z,_Z,_Z,2022,A,PT_GDP,
6.647412,P1Y,0,,A,PU,_Z,2,,,False,WB_WDI,WB_WDI_SH_XPD_CHEX_GD_ZS,HUN,_T,_T,_T,_Z,_Z,_Z,2022,A,PT_GDP,
6.572543,P1Y,0,,A,PU,_Z,2,,,False,WB_WDI,WB_WDI_SH_XPD_CHEX_GD_ZS,SSD,_T,_T,_T,_Z,_Z,_Z,2022,A,PT_GDP,
9.679959,P1Y,0,,A,PU,_Z,2,,,False,WB_WDI,WB_WDI_SH_XPD_CHEX_GD_ZS,ESP,_T,_T,_T,_Z,_Z,_Z,2022,A,PT_GDP,
3.983005,P1Y,0,,A,PU,_Z,2,,,False,WB_WDI,WB_WDI_SH_XPD_CHEX_GD_ZS,LKA,_T,_T,_T,_Z,_Z,_Z,2022,A,PT_GDP,
5.526343,P1Y,0,,A,PU,_Z,2,,,False,WB_WDI,WB_WDI_SH_XPD_CHEX_GD_ZS,KNA,_T,_T,_T,_Z,_Z,_Z,2022,A,PT_GDP,
4.747506,P1Y,0,,A,PU,_Z,2,,,False,WB_WDI,WB_WDI_SH_XPD_CHEX_GD_ZS,LCA,_T,_T,_T,_Z,_Z,_Z,2022,A,PT_GDP,
4.60547,P1Y,0,,A,PU,_Z,2,,,False,WB_WDI,WB_WDI_SH_XPD_CHEX_GD_ZS,VCT,_T,_T,_T,_Z,_Z,_Z,2022,A,PT_GDP,
3.794164,P1Y,0,,A,PU,_Z,2,,,False,WB_WDI,WB_WDI_SH_XPD_CHEX_GD_ZS,SDN,_T,_T,_T,_Z,_Z,_Z,2022,A,PT_GDP,
5.932978,P1Y,0,,A,PU,_Z,2,,,False,WB_WDI,WB_WDI_SH_XPD_CHEX_GD_ZS,SUR,_T,_T,_T,_Z,_Z,_Z,2022,A,PT_GDP,
10.855057,P1Y,0,,A,PU,_Z,2,,,False,WB_WDI,WB_WDI_SH_XPD_CHEX_GD_ZS,SWE,_T,_T,_T,_Z,_Z,_Z,2022,A,PT_GDP,
11.599118,P1Y,0,,A,PU,_Z,2,,,False,WB_WDI,WB_WDI_SH_XPD_CHEX_GD_ZS,CHE,_T,_T,_T,_Z,_Z,_Z,2022,A,PT_GDP,
3.384097,P1Y,0,,A,PU,_Z,2,,,False,WB_WDI,WB_WDI_SH_XPD_CHEX_GD_ZS,SYR,_T,_T,_T,_Z,_Z,_Z,2022,A,PT_GDP,
7.629174,P1Y,0,,A,PU,_Z,2,,,False,WB_WDI,WB_WDI_SH_XPD_CHEX_GD_ZS,TJK,_T,_T,_T,_Z,_Z,_Z,2022,A,PT_GDP,
3.134975,P1Y,0,,A,PU,_Z,2,,,False,WB_WDI,WB_WDI_SH_XPD_CHEX_GD_ZS,TZA,_T,_T,_T,_Z,_Z,_Z,2022,A,PT_GDP,
10.530926,P1Y,0,,A,PU,_Z,2,,,True,WB_WDI,WB_WDI_SH_XPD_CHEX_GD_ZS,CHL,_T,_T,_T,_Z,_Z,_Z,2024,A,PT_GDP,
8.141394,P1Y,0,,A,PU,_Z,2,,,True,WB_WDI,WB_WDI_SH_XPD_CHEX_GD_ZS,COL,_T,_T,_T,_Z,_Z,_Z,2024,A,PT_GDP,
8.507103,P1Y,0,,A,PU,_Z,2,,,True,WB_WDI,WB_WDI_SH_XPD_CHEX_GD_ZS,CZE,_T,_T,_T,_Z,_Z,_Z,2024,A,PT_GDP,
9.388129,P1Y,0,,A,PU,_Z,2,,,True,WB_WDI,WB_WDI_SH_XPD_CHEX_GD_ZS,DNK,_T,_T,_T,_Z,_Z,_Z,2024,A,PT_GDP,
11.133358,P1Y,0,,A,PU,_Z,2,,,True,WB_WDI,WB_WDI_SH_XPD_CHEX_GD_ZS,GBR,_T,_T,_T,_Z,_Z,_Z,2024,A,PT_GDP,
3.511637,P1Y,0,,A,PU,_Z,2,,,False,WB_WDI,WB_WDI_SH_XPD_CHEX_GD_ZS,TSA,_T,_T,_T,_Z,_Z,_Z,2008,A,PT_GDP,
4.824703,P1Y,0,,A,PU,_Z,2,,,False,WB_WDI,WB_WDI_SH_XPD_CHEX_GD_ZS,SSF,_T,_T,_T,_Z,_Z,_Z,2008,A,PT_GDP,
4.825709,P1Y,0,,A,PU,_Z,2,,,False,WB_WDI,WB_WDI_SH_XPD_CHEX_GD_ZS,SSA,_T,_T,_T,_Z,_Z,_Z,2008,A,PT_GDP,
4.824703,P1Y,0,,A,PU,_Z,2,,,False,WB_WDI,WB_WDI_SH_XPD_CHEX_GD_ZS,TSS,_T,_T,_T,_Z,_Z,_Z,2008,A,PT_GDP,
5.003982,P1Y,0,,A,PU,_Z,2,,,False,WB_WDI,WB_WDI_SH_XPD_CHEX_GD_ZS,UMC,_T,_T,_T,_Z,_Z,_Z,2008,A,PT_GDP,
9.054449,P1Y,0,,A,PU,_Z,2,,,False,WB_WDI,WB_WDI_SH_XPD_CHEX_GD_ZS,WLD,_T,_T,_T,_Z,_Z,_Z,2008,A,PT_GDP,
10.256495,P1Y,0,,A,PU,_Z,2,,,False,WB_WDI,WB_WDI_SH_XPD_CHEX_GD_ZS,AFG,_T,_T,_T,_Z,_Z,_Z,2008,A,PT_GDP,
5.444217,P1Y,0,,A,PU,_Z,2,,,False,WB_WDI,WB_WDI_SH_XPD_CHEX_GD_ZS,ALB,_T,_T,_T,_Z,_Z,_Z,2008,A,PT_GDP,
3.98331,P1Y,0,,A,PU,_Z,2,,,False,WB_WDI,WB_WDI_SH_XPD_CHEX_GD_ZS,DZA,_T,_T,_T,_Z,_Z,_Z,2008,A,PT_GDP,
5.678714,P1Y,0,,A,PU,_Z,2,,,False,WB_WDI,WB_WDI_SH_XPD_CHEX_GD_ZS,AND,_T,_T,_T,_Z,_Z,_Z,2008,A,PT_GDP,
2.978076,P1Y,0,,A,PU,_Z,2,,,False,WB_WDI,WB_WDI_SH_XPD_CHEX_GD_ZS,AGO,_T,_T,_T,_Z,_Z,_Z,2008,A,PT_GDP,
3.693961,P1Y,0,,A,PU,_Z,2,,,False,WB_WDI,WB_WDI_SH_XPD_CHEX_GD_ZS,ATG,_T,_T,_T,_Z,_Z,_Z,2008,A,PT_GDP,
8.240878,P1Y,0,,A,PU,_Z,2,,,False,WB_WDI,WB_WDI_SH_XPD_CHEX_GD_ZS,ARG,_T,_T,_T,_Z,_Z,_Z,2008,A,PT_GDP,
4.541544,P1Y,0,,A,PU,_Z,2,,,False,WB_WDI,WB_WDI_SH_XPD_CHEX_GD_ZS,MEA,_T,_T,_T,_Z,_Z,_Z,2001,A,PT_GDP,
4.584858,P1Y,0,,A,PU,_Z,2,,,False,WB_WDI,WB_WDI_SH_XPD_CHEX_GD_ZS,MNA,_T,_T,_T,_Z,_Z,_Z,2001,A,PT_GDP,
4.542153,P1Y,0,,A,PU,_Z,2,,,False,WB_WDI,WB_WDI_SH_XPD_CHEX_GD_ZS,TMN,_T,_T,_T,_Z,_Z,_Z,2001,A,PT_GDP,
4.971284,P1Y,0,,A,PU,_Z,2,,,False,WB_WDI,WB_WDI_SH_XPD_CHEX_GD_ZS,MIC,_T,_T,_T,_Z,_Z,_Z,2001,A,PT_GDP,
12.871596,P1Y,0,,A,PU,_Z,2,,,False,WB_WDI,WB_WDI_SH_XPD_CHEX_GD_ZS,NAC,_T,_T,_T,_Z,_Z,_Z,2001,A,PT_GDP,
9.794442,P1Y,0,,A,PU,_Z,2,,,False,WB_WDI,WB_WDI_SH_XPD_CHEX_GD_ZS,OED,_T,_T,_T,_Z,_Z,_Z,2001,A,PT_GDP,
5.421651,P1Y,0,,A,PU,_Z,2,,,False,WB_WDI,WB_WDI_SH_XPD_CHEX_GD_ZS,OSS,_T,_T,_T,_Z,_Z,_Z,2001,A,PT_GDP,
4.732021,P1Y,0,,A,PU,_Z,2,,,False,WB_WDI,WB_WDI_SH_XPD_CHEX_GD_ZS,PSS,_T,_T,_T,_Z,_Z,_Z,2001,A,PT_GDP,
10.041389,P1Y,0,,A,PU,_Z,2,,,False,WB_WDI,WB_WDI_SH_XPD_CHEX_GD_ZS,PST,_T,_T,_T,_Z,_Z,_Z,2001,A,PT_GDP,
3.608299,P1Y,0,,A,PU,_Z,2,,,False,WB_WDI,WB_WDI_SH_XPD_CHEX_GD_ZS,PRE,_T,_T,_T,_Z,_Z,_Z,2001,A,PT_GDP,
4.956353,P1Y,0,,A,PU,_Z,2,,,False,WB_WDI,WB_WDI_SH_XPD_CHEX_GD_ZS,SST,_T,_T,_T,_Z,_Z,_Z,2001,A,PT_GDP,
4.084069,P1Y,0,,A,PU,_Z,2,,,False,WB_WDI,WB_WDI_SH_XPD_CHEX_GD_ZS,SAS,_T,_T,_T,_Z,_Z,_Z,2001,A,PT_GDP,
4.084069,P1Y,0,,A,PU,_Z,2,,,False,WB_WDI,WB_WDI_SH_XPD_CHEX_GD_ZS,TSA,_T,_T,_T,_Z,_Z,_Z,2001,A,PT_GDP,
4.905348,P1Y,0,,A,PU,_Z,2,,,False,WB_WDI,WB_WDI_SH_XPD_CHEX_GD_ZS,SSF,_T,_T,_T,_Z,_Z,_Z,2001,A,PT_GDP,
4.905945,P1Y,0,,A,PU,_Z,2,,,False,WB_WDI,WB_WDI_SH_XPD_CHEX_GD_ZS,SSA,_T,_T,_T,_Z,_Z,_Z,2001,A,PT_GDP,
7.59519,P1Y,0,,A,PU,_Z,2,,,True,WB_WDI,WB_WDI_SH_XPD_CHEX_GD_ZS,LTU,_T,_T,_T,_Z,_Z,_Z,2024,A,PT_GDP,
5.891363,P1Y,0,,A,PU,_Z,2,,,True,WB_WDI,WB_WDI_SH_XPD_CHEX_GD_ZS,LUX,_T,_T,_T,_Z,_Z,_Z,2024,A,PT_GDP,
4.813025,P1Y,0,,A,PU,_Z,2,,,False,WB_WDI,WB_WDI_SH_XPD_CHEX_GD_ZS,MNA,_T,_T,_T,_Z,_Z,_Z,2013,A,PT_GDP,
4.77336,P1Y,0,,A,PU,_Z,2,,,False,WB_WDI,WB_WDI_SH_XPD_CHEX_GD_ZS,TMN,_T,_T,_T,_Z,_Z,_Z,2013,A,PT_GDP,
5.061499,P1Y,0,,A,PU,_Z,2,,,False,WB_WDI,WB_WDI_SH_XPD_CHEX_GD_ZS,MIC,_T,_T,_T,_Z,_Z,_Z,2013,A,PT_GDP,
15.408304,P1Y,0,,A,PU,_Z,2,,,False,WB_WDI,WB_WDI_SH_XPD_CHEX_GD_ZS,NAC,_T,_T,_T,_Z,_Z,_Z,2013,A,PT_GDP,
11.669774,P1Y,0,,A,PU,_Z,2,,,False,WB_WDI,WB_WDI_SH_XPD_CHEX_GD_ZS,OED,_T,_T,_T,_Z,_Z,_Z,2013,A,PT_GDP,
6.093857,P1Y,0,,A,PU,_Z,2,,,False,WB_WDI,WB_WDI_SH_XPD_CHEX_GD_ZS,OSS,_T,_T,_T,_Z,_Z,_Z,2013,A,PT_GDP,
4.820611,P1Y,0,,A,PU,_Z,2,,,False,WB_WDI,WB_WDI_SH_XPD_CHEX_GD_ZS,PSS,_T,_T,_T,_Z,_Z,_Z,2013,A,PT_GDP,
12.080169,P1Y,0,,A,PU,_Z,2,,,False,WB_WDI,WB_WDI_SH_XPD_CHEX_GD_ZS,PST,_T,_T,_T,_Z,_Z,_Z,2013,A,PT_GDP,
3.692298,P1Y,0,,A,PU,_Z,2,,,False,WB_WDI,WB_WDI_SH_XPD_CHEX_GD_ZS,PRE,_T,_T,_T,_Z,_Z,_Z,2013,A,PT_GDP,
5.709014,P1Y,0,,A,PU,_Z,2,,,False,WB_WDI,WB_WDI_SH_XPD_CHEX_GD_ZS,SST,_T,_T,_T,_Z,_Z,_Z,2013,A,PT_GDP,
3.659871,P1Y,0,,A,PU,_Z,2,,,False,WB_WDI,WB_WDI_SH_XPD_CHEX_GD_ZS,SAS,_T,_T,_T,_Z,_Z,_Z,2013,A,PT_GDP,
3.659871,P1Y,0,,A,PU,_Z,2,,,False,WB_WDI,WB_WDI_SH_XPD_CHEX_GD_ZS,TSA,_T,_T,_T,_Z,_Z,_Z,2013,A,PT_GDP,
4.901676,P1Y,0,,A,PU,_Z,2,,,False,WB_WDI,WB_WDI_SH_XPD_CHEX_GD_ZS,SSF,_T,_T,_T,_Z,_Z,_Z,2013,A,PT_GDP,
7.836481,P1Y,0,,A,PU,_Z,2,,,True,WB_WDI,WB_WDI_SH_XPD_CHEX_GD_ZS,EST,_T,_T,_T,_Z,_Z,_Z,2024,A,PT_GDP,
11.535306,P1Y,0,,A,PU,_Z,2,,,True,WB_WDI,WB_WDI_SH_XPD_CHEX_GD_ZS,FRA,_T,_T,_T,_Z,_Z,_Z,2024,A,PT_GDP,
13.660978,P1Y,0,,A,PU,_Z,2,,,False,WB_WDI,WB_WDI_SH_XPD_CHEX_GD_ZS,NAC,_T,_T,_T,_Z,_Z,_Z,2002,A,PT_GDP,
10.227454,P1Y,0,,A,PU,_Z,2,,,False,WB_WDI,WB_WDI_SH_XPD_CHEX_GD_ZS,OED,_T,_T,_T,_Z,_Z,_Z,2002,A,PT_GDP,
5.733497,P1Y,0,,A,PU,_Z,2,,,False,WB_WDI,WB_WDI_SH_XPD_CHEX_GD_ZS,OSS,_T,_T,_T,_Z,_Z,_Z,2002,A,PT_GDP,
5.048905,P1Y,0,,A,PU,_Z,2,,,False,WB_WDI,WB_WDI_SH_XPD_CHEX_GD_ZS,PSS,_T,_T,_T,_Z,_Z,_Z,2002,A,PT_GDP,
10.486009,P1Y,0,,A,PU,_Z,2,,,False,WB_WDI,WB_WDI_SH_XPD_CHEX_GD_ZS,PST,_T,_T,_T,_Z,_Z,_Z,2002,A,PT_GDP,
3.443582,P1Y,0,,A,PU,_Z,2,,,False,WB_WDI,WB_WDI_SH_XPD_CHEX_GD_ZS,PRE,_T,_T,_T,_Z,_Z,_Z,2002,A,PT_GDP,
5.276404,P1Y,0,,A,PU,_Z,2,,,False,WB_WDI,WB_WDI_SH_XPD_CHEX_GD_ZS,SST,_T,_T,_T,_Z,_Z,_Z,2002,A,PT_GDP,
4.089982,P1Y,0,,A,PU,_Z,2,,,False,WB_WDI,WB_WDI_SH_XPD_CHEX_GD_ZS,SAS,_T,_T,_T,_Z,_Z,_Z,2002,A,PT_GDP,
4.089982,P1Y,0,,A,PU,_Z,2,,,False,WB_WDI,WB_WDI_SH_XPD_CHEX_GD_ZS,TSA,_T,_T,_T,_Z,_Z,_Z,2002,A,PT_GDP,
4.452705,P1Y,0,,A,PU,_Z,2,,,False,WB_WDI,WB_WDI_SH_XPD_CHEX_GD_ZS,SSF,_T,_T,_T,_Z,_Z,_Z,2002,A,PT_GDP,
4.453143,P1Y,0,,A,PU,_Z,2,,,False,WB_WDI,WB_WDI_SH_XPD_CHEX_GD_ZS,SSA,_T,_T,_T,_Z,_Z,_Z,2002,A,PT_GDP,
4.452705,P1Y,0,,A,PU,_Z,2,,,False,WB_WDI,WB_WDI_SH_XPD_CHEX_GD_ZS,TSS,_T,_T,_T,_Z,_Z,_Z,2002,A,PT_GDP,
5.014316,P1Y,0,,A,PU,_Z,2,,,False,WB_WDI,WB_WDI_SH_XPD_CHEX_GD_ZS,UMC,_T,_T,_T,_Z,_Z,_Z,2002,A,PT_GDP,
9.333043,P1Y,0,,A,PU,_Z,2,,,False,WB_WDI,WB_WDI_SH_XPD_CHEX_GD_ZS,WLD,_T,_T,_T,_Z,_Z,_Z,2002,A,PT_GDP,
9.443391,P1Y,0,,A,PU,_Z,2,,,False,WB_WDI,WB_WDI_SH_XPD_CHEX_GD_ZS,AFG,_T,_T,_T,_Z,_Z,_Z,2002,A,PT_GDP,
6.069927,P1Y,0,,A,PU,_Z,2,,,False,WB_WDI,WB_WDI_SH_XPD_CHEX_GD_ZS,AFE,_T,_T,_T,_Z,_Z,_Z,2004,A,PT_GDP,
4.269526,P1Y,0,,A,PU,_Z,2,,,False,WB_WDI,WB_WDI_SH_XPD_CHEX_GD_ZS,AFW,_T,_T,_T,_Z,_Z,_Z,2004,A,PT_GDP,
3.730702,P1Y,0,,A,PU,_Z,2,,,False,WB_WDI,WB_WDI_SH_XPD_CHEX_GD_ZS,ARB,_T,_T,_T,_Z,_Z,_Z,2004,A,PT_GDP,
4.519948,P1Y,0,,A,PU,_Z,2,,,False,WB_WDI,WB_WDI_SH_XPD_CHEX_GD_ZS,CSS,_T,_T,_T,_Z,_Z,_Z,2004,A,PT_GDP,
6.347816,P1Y,0,,A,PU,_Z,2,,,False,WB_WDI,WB_WDI_SH_XPD_CHEX_GD_ZS,CEB,_T,_T,_T,_Z,_Z,_Z,2004,A,PT_GDP,
4.74847,P1Y,0,,A,PU,_Z,2,,,False,WB_WDI,WB_WDI_SH_XPD_CHEX_GD_ZS,EAR,_T,_T,_T,_Z,_Z,_Z,2004,A,PT_GDP,
6.170744,P1Y,0,,A,PU,_Z,2,,,False,WB_WDI,WB_WDI_SH_XPD_CHEX_GD_ZS,EAS,_T,_T,_T,_Z,_Z,_Z,2004,A,PT_GDP,
3.848705,P1Y,0,,A,PU,_Z,2,,,False,WB_WDI,WB_WDI_SH_XPD_CHEX_GD_ZS,EAP,_T,_T,_T,_Z,_Z,_Z,2004,A,PT_GDP,
3.849064,P1Y,0,,A,PU,_Z,2,,,False,WB_WDI,WB_WDI_SH_XPD_CHEX_GD_ZS,TEA,_T,_T,_T,_Z,_Z,_Z,2004,A,PT_GDP,
9.156094,P1Y,0,,A,PU,_Z,2,,,False,WB_WDI,WB_WDI_SH_XPD_CHEX_GD_ZS,EMU,_T,_T,_T,_Z,_Z,_Z,2004,A,PT_GDP,
8.596756,P1Y,0,,A,PU,_Z,2,,,False,WB_WDI,WB_WDI_SH_XPD_CHEX_GD_ZS,ECS,_T,_T,_T,_Z,_Z,_Z,2004,A,PT_GDP,
5.267763,P1Y,0,,A,PU,_Z,2,,,False,WB_WDI,WB_WDI_SH_XPD_CHEX_GD_ZS,ECA,_T,_T,_T,_Z,_Z,_Z,2004,A,PT_GDP,
5.241494,P1Y,0,,A,PU,_Z,2,,,False,WB_WDI,WB_WDI_SH_XPD_CHEX_GD_ZS,TEC,_T,_T,_T,_Z,_Z,_Z,2004,A,PT_GDP,
10.764684,P1Y,0,,A,PU,_Z,2,,,False,WB_WDI,WB_WDI_SH_XPD_CHEX_GD_ZS,PSE,_T,_T,_T,_Z,_Z,_Z,2009,A,PT_GDP,
5.9862,P1Y,0,,A,PU,_Z,2,,,False,WB_WDI,WB_WDI_SH_XPD_CHEX_GD_ZS,YEM,_T,_T,_T,_Z,_Z,_Z,2009,A,PT_GDP,
5.225685,P1Y,0,,A,PU,_Z,2,,,False,WB_WDI,WB_WDI_SH_XPD_CHEX_GD_ZS,ZMB,_T,_T,_T,_Z,_Z,_Z,2009,A,PT_GDP,
6.359725,P1Y,0,,A,PU,_Z,2,,,False,WB_WDI,WB_WDI_SH_XPD_CHEX_GD_ZS,AFE,_T,_T,_T,_Z,_Z,_Z,2010,A,PT_GDP,
3.494144,P1Y,0,,A,PU,_Z,2,,,False,WB_WDI,WB_WDI_SH_XPD_CHEX_GD_ZS,AFW,_T,_T,_T,_Z,_Z,_Z,2010,A,PT_GDP,
3.897841,P1Y,0,,A,PU,_Z,2,,,False,WB_WDI,WB_WDI_SH_XPD_CHEX_GD_ZS,ARB,_T,_T,_T,_Z,_Z,_Z,2010,A,PT_GDP,
5.086172,P1Y,0,,A,PU,_Z,2,,,False,WB_WDI,WB_WDI_SH_XPD_CHEX_GD_ZS,CSS,_T,_T,_T,_Z,_Z,_Z,2010,A,PT_GDP,
6.872247,P1Y,0,,A,PU,_Z,2,,,False,WB_WDI,WB_WDI_SH_XPD_CHEX_GD_ZS,CEB,_T,_T,_T,_Z,_Z,_Z,2010,A,PT_GDP,
4.808561,P1Y,0,,A,PU,_Z,2,,,False,WB_WDI,WB_WDI_SH_XPD_CHEX_GD_ZS,EAR,_T,_T,_T,_Z,_Z,_Z,2010,A,PT_GDP,
6.229709,P1Y,0,,A,PU,_Z,2,,,False,WB_WDI,WB_WDI_SH_XPD_CHEX_GD_ZS,EAS,_T,_T,_T,_Z,_Z,_Z,2010,A,PT_GDP,
3.965462,P1Y,0,,A,PU,_Z,2,,,False,WB_WDI,WB_WDI_SH_XPD_CHEX_GD_ZS,EAP,_T,_T,_T,_Z,_Z,_Z,2010,A,PT_GDP,
3.965674,P1Y,0,,A,PU,_Z,2,,,False,WB_WDI,WB_WDI_SH_XPD_CHEX_GD_ZS,TEA,_T,_T,_T,_Z,_Z,_Z,2010,A,PT_GDP,
5.071461,P1Y,0,,A,PU,_Z,2,,,False,WB_WDI,WB_WDI_SH_XPD_CHEX_GD_ZS,VNM,_T,_T,_T,_Z,_Z,_Z,2010,A,PT_GDP,
9.104994,P1Y,0,,A,PU,_Z,2,,,False,WB_WDI,WB_WDI_SH_XPD_CHEX_GD_ZS,PSE,_T,_T,_T,_Z,_Z,_Z,2010,A,PT_GDP,
5.159329,P1Y,0,,A,PU,_Z,2,,,False,WB_WDI,WB_WDI_SH_XPD_CHEX_GD_ZS,YEM,_T,_T,_T,_Z,_Z,_Z,2010,A,PT_GDP,
4.134269,P1Y,0,,A,PU,_Z,2,,,False,WB_WDI,WB_WDI_SH_XPD_CHEX_GD_ZS,ZMB,_T,_T,_T,_Z,_Z,_Z,2010,A,PT_GDP,
10.475753,P1Y,0,,A,PU,_Z,2,,,False,WB_WDI,WB_WDI_SH_XPD_CHEX_GD_ZS,ZWE,_T,_T,_T,_Z,_Z,_Z,2010,A,PT_GDP,
6.270839,P1Y,0,,A,PU,_Z,2,,,False,WB_WDI,WB_WDI_SH_XPD_CHEX_GD_ZS,AFE,_T,_T,_T,_Z,_Z,_Z,2011,A,PT_GDP,
3.477338,P1Y,0,,A,PU,_Z,2,,,False,WB_WDI,WB_WDI_SH_XPD_CHEX_GD_ZS,AFW,_T,_T,_T,_Z,_Z,_Z,2011,A,PT_GDP,
3.811009,P1Y,0,,A,PU,_Z,2,,,False,WB_WDI,WB_WDI_SH_XPD_CHEX_GD_ZS,ARB,_T,_T,_T,_Z,_Z,_Z,2011,A,PT_GDP,
4.926065,P1Y,0,,A,PU,_Z,2,,,False,WB_WDI,WB_WDI_SH_XPD_CHEX_GD_ZS,CSS,_T,_T,_T,_Z,_Z,_Z,2011,A,PT_GDP,
6.576526,P1Y,0,,A,PU,_Z,2,,,False,WB_WDI,WB_WDI_SH_XPD_CHEX_GD_ZS,CEB,_T,_T,_T,_Z,_Z,_Z,2011,A,PT_GDP,
4.919632,P1Y,0,,A,PU,_Z,2,,,False,WB_WDI,WB_WDI_SH_XPD_CHEX_GD_ZS,TSS,_T,_T,_T,_Z,_Z,_Z,2012,A,PT_GDP,
5.247033,P1Y,0,,A,PU,_Z,2,,,False,WB_WDI,WB_WDI_SH_XPD_CHEX_GD_ZS,UMC,_T,_T,_T,_Z,_Z,_Z,2012,A,PT_GDP,
9.323617,P1Y,0,,A,PU,_Z,2,,,False,WB_WDI,WB_WDI_SH_XPD_CHEX_GD_ZS,WLD,_T,_T,_T,_Z,_Z,_Z,2012,A,PT_GDP,
7.897169,P1Y,0,,A,PU,_Z,2,,,False,WB_WDI,WB_WDI_SH_XPD_CHEX_GD_ZS,AFG,_T,_T,_T,_Z,_Z,_Z,2012,A,PT_GDP,
6.085047,P1Y,0,,A,PU,_Z,2,,,False,WB_WDI,WB_WDI_SH_XPD_CHEX_GD_ZS,ALB,_T,_T,_T,_Z,_Z,_Z,2012,A,PT_GDP,
5.636585,P1Y,0,,A,PU,_Z,2,,,False,WB_WDI,WB_WDI_SH_XPD_CHEX_GD_ZS,DZA,_T,_T,_T,_Z,_Z,_Z,2012,A,PT_GDP,
6.719663,P1Y,0,,A,PU,_Z,2,,,False,WB_WDI,WB_WDI_SH_XPD_CHEX_GD_ZS,AND,_T,_T,_T,_Z,_Z,_Z,2012,A,PT_GDP,
2.136773,P1Y,0,,A,PU,_Z,2,,,False,WB_WDI,WB_WDI_SH_XPD_CHEX_GD_ZS,AGO,_T,_T,_T,_Z,_Z,_Z,2012,A,PT_GDP,
4.817545,P1Y,0,,A,PU,_Z,2,,,False,WB_WDI,WB_WDI_SH_XPD_CHEX_GD_ZS,ATG,_T,_T,_T,_Z,_Z,_Z,2012,A,PT_GDP,
9.885188,P1Y,0,,A,PU,_Z,2,,,False,WB_WDI,WB_WDI_SH_XPD_CHEX_GD_ZS,ARG,_T,_T,_T,_Z,_Z,_Z,2012,A,PT_GDP,
9.13455,P1Y,0,,A,PU,_Z,2,,,False,WB_WDI,WB_WDI_SH_XPD_CHEX_GD_ZS,ARM,_T,_T,_T,_Z,_Z,_Z,2012,A,PT_GDP,
4.715045,P1Y,0,,A,PU,_Z,2,,,False,WB_WDI,WB_WDI_SH_XPD_CHEX_GD_ZS,UZB,_T,_T,_T,_Z,_Z,_Z,2016,A,PT_GDP,
2.989041,P1Y,0,,A,PU,_Z,2,,,False,WB_WDI,WB_WDI_SH_XPD_CHEX_GD_ZS,VUT,_T,_T,_T,_Z,_Z,_Z,2016,A,PT_GDP,
4.869947,P1Y,0,,A,PU,_Z,2,,,False,WB_WDI,WB_WDI_SH_XPD_CHEX_GD_ZS,VNM,_T,_T,_T,_Z,_Z,_Z,2016,A,PT_GDP,
9.003985,P1Y,0,,A,PU,_Z,2,,,False,WB_WDI,WB_WDI_SH_XPD_CHEX_GD_ZS,PSE,_T,_T,_T,_Z,_Z,_Z,2016,A,PT_GDP,
7.712494,P1Y,0,,A,PU,_Z,2,,,False,WB_WDI,WB_WDI_SH_XPD_CHEX_GD_ZS,YEM,_T,_T,_T,_Z,_Z,_Z,2016,A,PT_GDP,
4.469232,P1Y,0,,A,PU,_Z,2,,,False,WB_WDI,WB_WDI_SH_XPD_CHEX_GD_ZS,ZMB,_T,_T,_T,_Z,_Z,_Z,2016,A,PT_GDP,
7.258456,P1Y,0,,A,PU,_Z,2,,,False,WB_WDI,WB_WDI_SH_XPD_CHEX_GD_ZS,ZWE,_T,_T,_T,_Z,_Z,_Z,2016,A,PT_GDP,
5.861513,P1Y,0,,A,PU,_Z,2,,,False,WB_WDI,WB_WDI_SH_XPD_CHEX_GD_ZS,AFE,_T,_T,_T,_Z,_Z,_Z,2017,A,PT_GDP,
3.733106,P1Y,0,,A,PU,_Z,2,,,False,WB_WDI,WB_WDI_SH_XPD_CHEX_GD_ZS,AFW,_T,_T,_T,_Z,_Z,_Z,2017,A,PT_GDP,
5.162792,P1Y,0,,A,PU,_Z,2,,,False,WB_WDI,WB_WDI_SH_XPD_CHEX_GD_ZS,ARB,_T,_T,_T,_Z,_Z,_Z,2017,A,PT_GDP,
10.126002,P1Y,0,,A,PU,_Z,2,,,False,WB_WDI,WB_WDI_SH_XPD_CHEX_GD_ZS,EMU,_T,_T,_T,_Z,_Z,_Z,2010,A,PT_GDP,
9.159487,P1Y,0,,A,PU,_Z,2,,,False,WB_WDI,WB_WDI_SH_XPD_CHEX_GD_ZS,ECS,_T,_T,_T,_Z,_Z,_Z,2010,A,PT_GDP,
5.177109,P1Y,0,,A,PU,_Z,2,,,False,WB_WDI,WB_WDI_SH_XPD_CHEX_GD_ZS,ECA,_T,_T,_T,_Z,_Z,_Z,2010,A,PT_GDP,
5.348135,P1Y,0,,A,PU,_Z,2,,,False,WB_WDI,WB_WDI_SH_XPD_CHEX_GD_ZS,TEC,_T,_T,_T,_Z,_Z,_Z,2010,A,PT_GDP,
9.840908,P1Y,0,,A,PU,_Z,2,,,False,WB_WDI,WB_WDI_SH_XPD_CHEX_GD_ZS,EUU,_T,_T,_T,_Z,_Z,_Z,2010,A,PT_GDP,
4.993967,P1Y,0,,A,PU,_Z,2,,,False,WB_WDI,WB_WDI_SH_XPD_CHEX_GD_ZS,HPC,_T,_T,_T,_Z,_Z,_Z,2010,A,PT_GDP,
11.271693,P1Y,0,,A,PU,_Z,2,,,False,WB_WDI,WB_WDI_SH_XPD_CHEX_GD_ZS,HIC,_T,_T,_T,_Z,_Z,_Z,2010,A,PT_GDP,
5.100249,P1Y,0,,A,PU,_Z,2,,,False,WB_WDI,WB_WDI_SH_XPD_CHEX_GD_ZS,IBD,_T,_T,_T,_Z,_Z,_Z,2010,A,PT_GDP,
5.013836,P1Y,0,,A,PU,_Z,2,,,False,WB_WDI,WB_WDI_SH_XPD_CHEX_GD_ZS,IBT,_T,_T,_T,_Z,_Z,_Z,2010,A,PT_GDP,
3.526033,P1Y,0,,A,PU,_Z,2,,,False,WB_WDI,WB_WDI_SH_XPD_CHEX_GD_ZS,IDB,_T,_T,_T,_Z,_Z,_Z,2010,A,PT_GDP,
4.328516,P1Y,0,,A,PU,_Z,2,,,False,WB_WDI,WB_WDI_SH_XPD_CHEX_GD_ZS,IDX,_T,_T,_T,_Z,_Z,_Z,2010,A,PT_GDP,
3.929419,P1Y,0,,A,PU,_Z,2,,,False,WB_WDI,WB_WDI_SH_XPD_CHEX_GD_ZS,IDA,_T,_T,_T,_Z,_Z,_Z,2010,A,PT_GDP,
5.192192,P1Y,0,,A,PU,_Z,2,,,False,WB_WDI,WB_WDI_SH_XPD_CHEX_GD_ZS,LTE,_T,_T,_T,_Z,_Z,_Z,2010,A,PT_GDP,
4.692126,P1Y,0,,A,PU,_Z,2,,,False,WB_WDI,WB_WDI_SH_XPD_CHEX_GD_ZS,MMR,_T,_T,_T,_Z,_Z,_Z,2017,A,PT_GDP,
8.713485,P1Y,0,,A,PU,_Z,2,,,False,WB_WDI,WB_WDI_SH_XPD_CHEX_GD_ZS,NAM,_T,_T,_T,_Z,_Z,_Z,2017,A,PT_GDP,
11.488645,P1Y,0,,A,PU,_Z,2,,,False,WB_WDI,WB_WDI_SH_XPD_CHEX_GD_ZS,NRU,_T,_T,_T,_Z,_Z,_Z,2017,A,PT_GDP,
4.72174,P1Y,0,,A,PU,_Z,2,,,False,WB_WDI,WB_WDI_SH_XPD_CHEX_GD_ZS,NPL,_T,_T,_T,_Z,_Z,_Z,2017,A,PT_GDP,
9.937125,P1Y,0,,A,PU,_Z,2,,,False,WB_WDI,WB_WDI_SH_XPD_CHEX_GD_ZS,NLD,_T,_T,_T,_Z,_Z,_Z,2017,A,PT_GDP,
8.617958,P1Y,0,,A,PU,_Z,2,,,False,WB_WDI,WB_WDI_SH_XPD_CHEX_GD_ZS,NZL,_T,_T,_T,_Z,_Z,_Z,2017,A,PT_GDP,
8.327544,P1Y,0,,A,PU,_Z,2,,,False,WB_WDI,WB_WDI_SH_XPD_CHEX_GD_ZS,NIC,_T,_T,_T,_Z,_Z,_Z,2017,A,PT_GDP,
5.576096,P1Y,0,,A,PU,_Z,2,,,False,WB_WDI,WB_WDI_SH_XPD_CHEX_GD_ZS,NER,_T,_T,_T,_Z,_Z,_Z,2017,A,PT_GDP,
3.747625,P1Y,0,,A,PU,_Z,2,,,False,WB_WDI,WB_WDI_SH_XPD_CHEX_GD_ZS,NGA,_T,_T,_T,_Z,_Z,_Z,2017,A,PT_GDP,
6.439095,P1Y,0,,A,PU,_Z,2,,,False,WB_WDI,WB_WDI_SH_XPD_CHEX_GD_ZS,MKD,_T,_T,_T,_Z,_Z,_Z,2017,A,PT_GDP,
7.208929,P1Y,0,,A,PU,_Z,2,,,False,WB_WDI,WB_WDI_SH_XPD_CHEX_GD_ZS,JOR,_T,_T,_T,_Z,_Z,_Z,2014,A,PT_GDP,
2.974684,P1Y,0,,A,PU,_Z,2,,,False,WB_WDI,WB_WDI_SH_XPD_CHEX_GD_ZS,KAZ,_T,_T,_T,_Z,_Z,_Z,2014,A,PT_GDP,
4.912673,P1Y,0,,A,PU,_Z,2,,,False,WB_WDI,WB_WDI_SH_XPD_CHEX_GD_ZS,KEN,_T,_T,_T,_Z,_Z,_Z,2014,A,PT_GDP,
8.954955,P1Y,0,,A,PU,_Z,2,,,False,WB_WDI,WB_WDI_SH_XPD_CHEX_GD_ZS,KIR,_T,_T,_T,_Z,_Z,_Z,2014,A,PT_GDP,
6.244874,P1Y,0,,A,PU,_Z,2,,,False,WB_WDI,WB_WDI_SH_XPD_CHEX_GD_ZS,KOR,_T,_T,_T,_Z,_Z,_Z,2014,A,PT_GDP,
2.915999,P1Y,0,,A,PU,_Z,2,,,False,WB_WDI,WB_WDI_SH_XPD_CHEX_GD_ZS,KWT,_T,_T,_T,_Z,_Z,_Z,2014,A,PT_GDP,
7.357665,P1Y,0,,A,PU,_Z,2,,,False,WB_WDI,WB_WDI_SH_XPD_CHEX_GD_ZS,KGZ,_T,_T,_T,_Z,_Z,_Z,2014,A,PT_GDP,
2.298455,P1Y,0,,A,PU,_Z,2,,,False,WB_WDI,WB_WDI_SH_XPD_CHEX_GD_ZS,LAO,_T,_T,_T,_Z,_Z,_Z,2014,A,PT_GDP,
5.663636,P1Y,0,,A,PU,_Z,2,,,False,WB_WDI,WB_WDI_SH_XPD_CHEX_GD_ZS,LVA,_T,_T,_T,_Z,_Z,_Z,2014,A,PT_GDP,
7.521914,P1Y,0,,A,PU,_Z,2,,,False,WB_WDI,WB_WDI_SH_XPD_CHEX_GD_ZS,LBN,_T,_T,_T,_Z,_Z,_Z,2014,A,PT_GDP,
3.052445,P1Y,0,,A,PU,_Z,2,,,False,WB_WDI,WB_WDI_SH_XPD_CHEX_GD_ZS,KAZ,_T,_T,_T,_Z,_Z,_Z,2017,A,PT_GDP,
3.985975,P1Y,0,,A,PU,_Z,2,,,False,WB_WDI,WB_WDI_SH_XPD_CHEX_GD_ZS,KEN,_T,_T,_T,_Z,_Z,_Z,2017,A,PT_GDP,
9.684242,P1Y,0,,A,PU,_Z,2,,,False,WB_WDI,WB_WDI_SH_XPD_CHEX_GD_ZS,KIR,_T,_T,_T,_Z,_Z,_Z,2017,A,PT_GDP,
6.798275,P1Y,0,,A,PU,_Z,2,,,False,WB_WDI,WB_WDI_SH_XPD_CHEX_GD_ZS,KOR,_T,_T,_T,_Z,_Z,_Z,2017,A,PT_GDP,
4.653268,P1Y,0,,A,PU,_Z,2,,,False,WB_WDI,WB_WDI_SH_XPD_CHEX_GD_ZS,KWT,_T,_T,_T,_Z,_Z,_Z,2017,A,PT_GDP,
6.185863,P1Y,0,,A,PU,_Z,2,,,False,WB_WDI,WB_WDI_SH_XPD_CHEX_GD_ZS,KGZ,_T,_T,_T,_Z,_Z,_Z,2017,A,PT_GDP,
2.526068,P1Y,0,,A,PU,_Z,2,,,False,WB_WDI,WB_WDI_SH_XPD_CHEX_GD_ZS,LAO,_T,_T,_T,_Z,_Z,_Z,2017,A,PT_GDP,
6.187219,P1Y,0,,A,PU,_Z,2,,,False,WB_WDI,WB_WDI_SH_XPD_CHEX_GD_ZS,LVA,_T,_T,_T,_Z,_Z,_Z,2017,A,PT_GDP,
7.803576,P1Y,0,,A,PU,_Z,2,,,False,WB_WDI,WB_WDI_SH_XPD_CHEX_GD_ZS,LBN,_T,_T,_T,_Z,_Z,_Z,2017,A,PT_GDP,
10.529566,P1Y,0,,A,PU,_Z,2,,,False,WB_WDI,WB_WDI_SH_XPD_CHEX_GD_ZS,LSO,_T,_T,_T,_Z,_Z,_Z,2017,A,PT_GDP,
8.290442,P1Y,0,,A,PU,_Z,2,,,False,WB_WDI,WB_WDI_SH_XPD_CHEX_GD_ZS,ISL,_T,_T,_T,_Z,_Z,_Z,2014,A,PT_GDP,
3.619565,P1Y,0,,A,PU,_Z,2,,,False,WB_WDI,WB_WDI_SH_XPD_CHEX_GD_ZS,IND,_T,_T,_T,_Z,_Z,_Z,2014,A,PT_GDP,
2.964336,P1Y,0,,A,PU,_Z,2,,,False,WB_WDI,WB_WDI_SH_XPD_CHEX_GD_ZS,IDN,_T,_T,_T,_Z,_Z,_Z,2014,A,PT_GDP,
6.815395,P1Y,0,,A,PU,_Z,2,,,False,WB_WDI,WB_WDI_SH_XPD_CHEX_GD_ZS,IRN,_T,_T,_T,_Z,_Z,_Z,2014,A,PT_GDP,
2.787867,P1Y,0,,A,PU,_Z,2,,,False,WB_WDI,WB_WDI_SH_XPD_CHEX_GD_ZS,IRQ,_T,_T,_T,_Z,_Z,_Z,2014,A,PT_GDP,
9.230779,P1Y,0,,A,PU,_Z,2,,,False,WB_WDI,WB_WDI_SH_XPD_CHEX_GD_ZS,IRL,_T,_T,_T,_Z,_Z,_Z,2014,A,PT_GDP,
7.029905,P1Y,0,,A,PU,_Z,2,,,False,WB_WDI,WB_WDI_SH_XPD_CHEX_GD_ZS,ISR,_T,_T,_T,_Z,_Z,_Z,2014,A,PT_GDP,
8.859136,P1Y,0,,A,PU,_Z,2,,,False,WB_WDI,WB_WDI_SH_XPD_CHEX_GD_ZS,ITA,_T,_T,_T,_Z,_Z,_Z,2014,A,PT_GDP,
6.286739,P1Y,0,,A,PU,_Z,2,,,False,WB_WDI,WB_WDI_SH_XPD_CHEX_GD_ZS,JAM,_T,_T,_T,_Z,_Z,_Z,2014,A,PT_GDP,
10.729014,P1Y,0,,A,PU,_Z,2,,,False,WB_WDI,WB_WDI_SH_XPD_CHEX_GD_ZS,JPN,_T,_T,_T,_Z,_Z,_Z,2014,A,PT_GDP,
10.994841,P1Y,0,,A,PU,_Z,2,,,False,WB_WDI,WB_WDI_SH_XPD_CHEX_GD_ZS,CAF,_T,_T,_T,_Z,_Z,_Z,2018,A,PT_GDP,
3.289322,P1Y,0,,A,PU,_Z,2,,,False,WB_WDI,WB_WDI_SH_XPD_CHEX_GD_ZS,TCD,_T,_T,_T,_Z,_Z,_Z,2018,A,PT_GDP,
9.150404,P1Y,0,,A,PU,_Z,2,,,False,WB_WDI,WB_WDI_SH_XPD_CHEX_GD_ZS,CHL,_T,_T,_T,_Z,_Z,_Z,2018,A,PT_GDP,
5.069333,P1Y,0,,A,PU,_Z,2,,,False,WB_WDI,WB_WDI_SH_XPD_CHEX_GD_ZS,CHN,_T,_T,_T,_Z,_Z,_Z,2018,A,PT_GDP,
7.717775,P1Y,0,,A,PU,_Z,2,,,False,WB_WDI,WB_WDI_SH_XPD_CHEX_GD_ZS,COL,_T,_T,_T,_Z,_Z,_Z,2018,A,PT_GDP,
4.903186,P1Y,0,,A,PU,_Z,2,,,False,WB_WDI,WB_WDI_SH_XPD_CHEX_GD_ZS,COM,_T,_T,_T,_Z,_Z,_Z,2018,A,PT_GDP,
3.241272,P1Y,0,,A,PU,_Z,2,,,False,WB_WDI,WB_WDI_SH_XPD_CHEX_GD_ZS,COD,_T,_T,_T,_Z,_Z,_Z,2018,A,PT_GDP,
1.75585,P1Y,0,,A,PU,_Z,2,,,False,WB_WDI,WB_WDI_SH_XPD_CHEX_GD_ZS,COG,_T,_T,_T,_Z,_Z,_Z,2018,A,PT_GDP,
7.285877,P1Y,0,,A,PU,_Z,2,,,False,WB_WDI,WB_WDI_SH_XPD_CHEX_GD_ZS,CRI,_T,_T,_T,_Z,_Z,_Z,2018,A,PT_GDP,
3.091678,P1Y,0,,A,PU,_Z,2,,,False,WB_WDI,WB_WDI_SH_XPD_CHEX_GD_ZS,CIV,_T,_T,_T,_Z,_Z,_Z,2018,A,PT_GDP,
3.259884,P1Y,0,,A,PU,_Z,2,,,False,WB_WDI,WB_WDI_SH_XPD_CHEX_GD_ZS,BTN,_T,_T,_T,_Z,_Z,_Z,2012,A,PT_GDP,
5.253944,P1Y,0,,A,PU,_Z,2,,,False,WB_WDI,WB_WDI_SH_XPD_CHEX_GD_ZS,BOL,_T,_T,_T,_Z,_Z,_Z,2012,A,PT_GDP,
9.479158,P1Y,0,,A,PU,_Z,2,,,False,WB_WDI,WB_WDI_SH_XPD_CHEX_GD_ZS,BIH,_T,_T,_T,_Z,_Z,_Z,2012,A,PT_GDP,
6.350106,P1Y,0,,A,PU,_Z,2,,,False,WB_WDI,WB_WDI_SH_XPD_CHEX_GD_ZS,BWA,_T,_T,_T,_Z,_Z,_Z,2012,A,PT_GDP,
7.736377,P1Y,0,,A,PU,_Z,2,,,False,WB_WDI,WB_WDI_SH_XPD_CHEX_GD_ZS,BRA,_T,_T,_T,_Z,_Z,_Z,2012,A,PT_GDP,
1.850972,P1Y,0,,A,PU,_Z,2,,,False,WB_WDI,WB_WDI_SH_XPD_CHEX_GD_ZS,BRN,_T,_T,_T,_Z,_Z,_Z,2012,A,PT_GDP,
7.539037,P1Y,0,,A,PU,_Z,2,,,False,WB_WDI,WB_WDI_SH_XPD_CHEX_GD_ZS,BGR,_T,_T,_T,_Z,_Z,_Z,2012,A,PT_GDP,
4.602673,P1Y,0,,A,PU,_Z,2,,,False,WB_WDI,WB_WDI_SH_XPD_CHEX_GD_ZS,BFA,_T,_T,_T,_Z,_Z,_Z,2012,A,PT_GDP,
8.637565,P1Y,0,,A,PU,_Z,2,,,False,WB_WDI,WB_WDI_SH_XPD_CHEX_GD_ZS,BDI,_T,_T,_T,_Z,_Z,_Z,2012,A,PT_GDP,
5.325053,P1Y,0,,A,PU,_Z,2,,,False,WB_WDI,WB_WDI_SH_XPD_CHEX_GD_ZS,ECA,_T,_T,_T,_Z,_Z,_Z,2006,A,PT_GDP,
5.200745,P1Y,0,,A,PU,_Z,2,,,False,WB_WDI,WB_WDI_SH_XPD_CHEX_GD_ZS,TEC,_T,_T,_T,_Z,_Z,_Z,2006,A,PT_GDP,
8.998608,P1Y,0,,A,PU,_Z,2,,,False,WB_WDI,WB_WDI_SH_XPD_CHEX_GD_ZS,EUU,_T,_T,_T,_Z,_Z,_Z,2006,A,PT_GDP,
4.872423,P1Y,0,,A,PU,_Z,2,,,False,WB_WDI,WB_WDI_SH_XPD_CHEX_GD_ZS,HPC,_T,_T,_T,_Z,_Z,_Z,2006,A,PT_GDP,
10.364682,P1Y,0,,A,PU,_Z,2,,,False,WB_WDI,WB_WDI_SH_XPD_CHEX_GD_ZS,HIC,_T,_T,_T,_Z,_Z,_Z,2006,A,PT_GDP,
4.956575,P1Y,0,,A,PU,_Z,2,,,False,WB_WDI,WB_WDI_SH_XPD_CHEX_GD_ZS,IBD,_T,_T,_T,_Z,_Z,_Z,2006,A,PT_GDP,
4.885784,P1Y,0,,A,PU,_Z,2,,,False,WB_WDI,WB_WDI_SH_XPD_CHEX_GD_ZS,IBT,_T,_T,_T,_Z,_Z,_Z,2006,A,PT_GDP,
3.75789,P1Y,0,,A,PU,_Z,2,,,False,WB_WDI,WB_WDI_SH_XPD_CHEX_GD_ZS,IDB,_T,_T,_T,_Z,_Z,_Z,2006,A,PT_GDP,
4.431853,P1Y,0,,A,PU,_Z,2,,,False,WB_WDI,WB_WDI_SH_XPD_CHEX_GD_ZS,IDX,_T,_T,_T,_Z,_Z,_Z,2006,A,PT_GDP,
4.077309,P1Y,0,,A,PU,_Z,2,,,False,WB_WDI,WB_WDI_SH_XPD_CHEX_GD_ZS,IDA,_T,_T,_T,_Z,_Z,_Z,2006,A,PT_GDP,
4.968518,P1Y,0,,A,PU,_Z,2,,,False,WB_WDI,WB_WDI_SH_XPD_CHEX_GD_ZS,LTE,_T,_T,_T,_Z,_Z,_Z,2006,A,PT_GDP,
6.726837,P1Y,0,,A,PU,_Z,2,,,False,WB_WDI,WB_WDI_SH_XPD_CHEX_GD_ZS,LCN,_T,_T,_T,_Z,_Z,_Z,2006,A,PT_GDP,
6.785052,P1Y,0,,A,PU,_Z,2,,,False,WB_WDI,WB_WDI_SH_XPD_CHEX_GD_ZS,LAC,_T,_T,_T,_Z,_Z,_Z,2006,A,PT_GDP,
5.416266,P1Y,0,,A,PU,_Z,2,,,False,WB_WDI,WB_WDI_SH_XPD_CHEX_GD_ZS,MAR,_T,_T,_T,_Z,_Z,_Z,2014,A,PT_GDP,
6.24013,P1Y,0,,A,PU,_Z,2,,,False,WB_WDI,WB_WDI_SH_XPD_CHEX_GD_ZS,MOZ,_T,_T,_T,_Z,_Z,_Z,2014,A,PT_GDP,
4.149409,P1Y,0,,A,PU,_Z,2,,,False,WB_WDI,WB_WDI_SH_XPD_CHEX_GD_ZS,MMR,_T,_T,_T,_Z,_Z,_Z,2014,A,PT_GDP,
8.40891,P1Y,0,,A,PU,_Z,2,,,False,WB_WDI,WB_WDI_SH_XPD_CHEX_GD_ZS,NAM,_T,_T,_T,_Z,_Z,_Z,2014,A,PT_GDP,
8.121445,P1Y,0,,A,PU,_Z,2,,,False,WB_WDI,WB_WDI_SH_XPD_CHEX_GD_ZS,NRU,_T,_T,_T,_Z,_Z,_Z,2014,A,PT_GDP,
5.075494,P1Y,0,,A,PU,_Z,2,,,False,WB_WDI,WB_WDI_SH_XPD_CHEX_GD_ZS,NPL,_T,_T,_T,_Z,_Z,_Z,2014,A,PT_GDP,
10.456996,P1Y,0,,A,PU,_Z,2,,,False,WB_WDI,WB_WDI_SH_XPD_CHEX_GD_ZS,NLD,_T,_T,_T,_Z,_Z,_Z,2014,A,PT_GDP,
8.972041,P1Y,0,,A,PU,_Z,2,,,False,WB_WDI,WB_WDI_SH_XPD_CHEX_GD_ZS,NZL,_T,_T,_T,_Z,_Z,_Z,2014,A,PT_GDP,
7.977161,P1Y,0,,A,PU,_Z,2,,,False,WB_WDI,WB_WDI_SH_XPD_CHEX_GD_ZS,NIC,_T,_T,_T,_Z,_Z,_Z,2014,A,PT_GDP,
4.453772,P1Y,0,,A,PU,_Z,2,,,False,WB_WDI,WB_WDI_SH_XPD_CHEX_GD_ZS,NER,_T,_T,_T,_Z,_Z,_Z,2014,A,PT_GDP,
9.304932,P1Y,0,,A,PU,_Z,2,,,False,WB_WDI,WB_WDI_SH_XPD_CHEX_GD_ZS,WLD,_T,_T,_T,_Z,_Z,_Z,2005,A,PT_GDP,
9.948289,P1Y,0,,A,PU,_Z,2,,,False,WB_WDI,WB_WDI_SH_XPD_CHEX_GD_ZS,AFG,_T,_T,_T,_Z,_Z,_Z,2005,A,PT_GDP,
5.662162,P1Y,0,,A,PU,_Z,2,,,False,WB_WDI,WB_WDI_SH_XPD_CHEX_GD_ZS,ALB,_T,_T,_T,_Z,_Z,_Z,2005,A,PT_GDP,
3.118861,P1Y,0,,A,PU,_Z,2,,,False,WB_WDI,WB_WDI_SH_XPD_CHEX_GD_ZS,DZA,_T,_T,_T,_Z,_Z,_Z,2005,A,PT_GDP,
5.582963,P1Y,0,,A,PU,_Z,2,,,False,WB_WDI,WB_WDI_SH_XPD_CHEX_GD_ZS,AND,_T,_T,_T,_Z,_Z,_Z,2005,A,PT_GDP,
2.547266,P1Y,0,,A,PU,_Z,2,,,False,WB_WDI,WB_WDI_SH_XPD_CHEX_GD_ZS,AGO,_T,_T,_T,_Z,_Z,_Z,2005,A,PT_GDP,
4.462602,P1Y,0,,A,PU,_Z,2,,,False,WB_WDI,WB_WDI_SH_XPD_CHEX_GD_ZS,ATG,_T,_T,_T,_Z,_Z,_Z,2005,A,PT_GDP,
7.733924,P1Y,0,,A,PU,_Z,2,,,False,WB_WDI,WB_WDI_SH_XPD_CHEX_GD_ZS,ARG,_T,_T,_T,_Z,_Z,_Z,2005,A,PT_GDP,
5.86188,P1Y,0,,A,PU,_Z,2,,,False,WB_WDI,WB_WDI_SH_XPD_CHEX_GD_ZS,ARM,_T,_T,_T,_Z,_Z,_Z,2005,A,PT_GDP,
7.964863,P1Y,0,,A,PU,_Z,2,,,False,WB_WDI,WB_WDI_SH_XPD_CHEX_GD_ZS,AUS,_T,_T,_T,_Z,_Z,_Z,2005,A,PT_GDP,
9.717797,P1Y,0,,A,PU,_Z,2,,,False,WB_WDI,WB_WDI_SH_XPD_CHEX_GD_ZS,AUT,_T,_T,_T,_Z,_Z,_Z,2005,A,PT_GDP,
3.420095,P1Y,0,,A,PU,_Z,2,,,False,WB_WDI,WB_WDI_SH_XPD_CHEX_GD_ZS,IDX,_T,_T,_T,_Z,_Z,_Z,2000,A,PT_GDP,
3.271456,P1Y,0,,A,PU,_Z,2,,,False,WB_WDI,WB_WDI_SH_XPD_CHEX_GD_ZS,IDA,_T,_T,_T,_Z,_Z,_Z,2000,A,PT_GDP,
5.307423,P1Y,0,,A,PU,_Z,2,,,False,WB_WDI,WB_WDI_SH_XPD_CHEX_GD_ZS,LTE,_T,_T,_T,_Z,_Z,_Z,2000,A,PT_GDP,
6.371938,P1Y,0,,A,PU,_Z,2,,,False,WB_WDI,WB_WDI_SH_XPD_CHEX_GD_ZS,LCN,_T,_T,_T,_Z,_Z,_Z,2000,A,PT_GDP,
6.333683,P1Y,0,,A,PU,_Z,2,,,False,WB_WDI,WB_WDI_SH_XPD_CHEX_GD_ZS,LAC,_T,_T,_T,_Z,_Z,_Z,2000,A,PT_GDP,
6.378764,P1Y,0,,A,PU,_Z,2,,,False,WB_WDI,WB_WDI_SH_XPD_CHEX_GD_ZS,TLA,_T,_T,_T,_Z,_Z,_Z,2000,A,PT_GDP,
3.053666,P1Y,0,,A,PU,_Z,2,,,False,WB_WDI,WB_WDI_SH_XPD_CHEX_GD_ZS,LDC,_T,_T,_T,_Z,_Z,_Z,2000,A,PT_GDP,
4.939592,P1Y,0,,A,PU,_Z,2,,,False,WB_WDI,WB_WDI_SH_XPD_CHEX_GD_ZS,LMY,_T,_T,_T,_Z,_Z,_Z,2000,A,PT_GDP,
3.72856,P1Y,0,,A,PU,_Z,2,,,False,WB_WDI,WB_WDI_SH_XPD_CHEX_GD_ZS,LIC,_T,_T,_T,_Z,_Z,_Z,2000,A,PT_GDP,
3.953629,P1Y,0,,A,PU,_Z,2,,,False,WB_WDI,WB_WDI_SH_XPD_CHEX_GD_ZS,LMC,_T,_T,_T,_Z,_Z,_Z,2000,A,PT_GDP,
4.24433,P1Y,0,,A,PU,_Z,2,,,False,WB_WDI,WB_WDI_SH_XPD_CHEX_GD_ZS,MEA,_T,_T,_T,_Z,_Z,_Z,2000,A,PT_GDP,
4.302323,P1Y,0,,A,PU,_Z,2,,,False,WB_WDI,WB_WDI_SH_XPD_CHEX_GD_ZS,MNA,_T,_T,_T,_Z,_Z,_Z,2000,A,PT_GDP,
4.259605,P1Y,0,,A,PU,_Z,2,,,False,WB_WDI,WB_WDI_SH_XPD_CHEX_GD_ZS,TMN,_T,_T,_T,_Z,_Z,_Z,2000,A,PT_GDP,
4.96268,P1Y,0,,A,PU,_Z,2,,,False,WB_WDI,WB_WDI_SH_XPD_CHEX_GD_ZS,MIC,_T,_T,_T,_Z,_Z,_Z,2000,A,PT_GDP,
4.628516,P1Y,0,,A,PU,_Z,2,,,False,WB_WDI,WB_WDI_SH_XPD_CHEX_GD_ZS,TTO,_T,_T,_T,_Z,_Z,_Z,2012,A,PT_GDP,
6.289847,P1Y,0,,A,PU,_Z,2,,,False,WB_WDI,WB_WDI_SH_XPD_CHEX_GD_ZS,TUN,_T,_T,_T,_Z,_Z,_Z,2012,A,PT_GDP,
4.444447,P1Y,0,,A,PU,_Z,2,,,False,WB_WDI,WB_WDI_SH_XPD_CHEX_GD_ZS,TUR,_T,_T,_T,_Z,_Z,_Z,2012,A,PT_GDP,
3.342036,P1Y,0,,A,PU,_Z,2,,,False,WB_WDI,WB_WDI_SH_XPD_CHEX_GD_ZS,TKM,_T,_T,_T,_Z,_Z,_Z,2012,A,PT_GDP,
13.873743,P1Y,0,,A,PU,_Z,2,,,False,WB_WDI,WB_WDI_SH_XPD_CHEX_GD_ZS,TUV,_T,_T,_T,_Z,_Z,_Z,2012,A,PT_GDP,
6.10854,P1Y,0,,A,PU,_Z,2,,,False,WB_WDI,WB_WDI_SH_XPD_CHEX_GD_ZS,UGA,_T,_T,_T,_Z,_Z,_Z,2012,A,PT_GDP,
7.117892,P1Y,0,,A,PU,_Z,2,,,False,WB_WDI,WB_WDI_SH_XPD_CHEX_GD_ZS,UKR,_T,_T,_T,_Z,_Z,_Z,2012,A,PT_GDP,
3.335964,P1Y,0,,A,PU,_Z,2,,,False,WB_WDI,WB_WDI_SH_XPD_CHEX_GD_ZS,ARE,_T,_T,_T,_Z,_Z,_Z,2012,A,PT_GDP,
9.893322,P1Y,0,,A,PU,_Z,2,,,False,WB_WDI,WB_WDI_SH_XPD_CHEX_GD_ZS,GBR,_T,_T,_T,_Z,_Z,_Z,2012,A,PT_GDP,
16.119755,P1Y,0,,A,PU,_Z,2,,,False,WB_WDI,WB_WDI_SH_XPD_CHEX_GD_ZS,USA,_T,_T,_T,_Z,_Z,_Z,2012,A,PT_GDP,
8.033308,P1Y,0,,A,PU,_Z,2,,,False,WB_WDI,WB_WDI_SH_XPD_CHEX_GD_ZS,URY,_T,_T,_T,_Z,_Z,_Z,2012,A,PT_GDP,
3.420963,P1Y,0,,A,PU,_Z,2,,,False,WB_WDI,WB_WDI_SH_XPD_CHEX_GD_ZS,IDB,_T,_T,_T,_Z,_Z,_Z,2011,A,PT_GDP,
4.201129,P1Y,0,,A,PU,_Z,2,,,False,WB_WDI,WB_WDI_SH_XPD_CHEX_GD_ZS,IDX,_T,_T,_T,_Z,_Z,_Z,2011,A,PT_GDP,
3.810109,P1Y,0,,A,PU,_Z,2,,,False,WB_WDI,WB_WDI_SH_XPD_CHEX_GD_ZS,IDA,_T,_T,_T,_Z,_Z,_Z,2011,A,PT_GDP,
5.113308,P1Y,0,,A,PU,_Z,2,,,False,WB_WDI,WB_WDI_SH_XPD_CHEX_GD_ZS,LTE,_T,_T,_T,_Z,_Z,_Z,2011,A,PT_GDP,
7.140204,P1Y,0,,A,PU,_Z,2,,,False,WB_WDI,WB_WDI_SH_XPD_CHEX_GD_ZS,LCN,_T,_T,_T,_Z,_Z,_Z,2011,A,PT_GDP,
7.162385,P1Y,0,,A,PU,_Z,2,,,False,WB_WDI,WB_WDI_SH_XPD_CHEX_GD_ZS,LAC,_T,_T,_T,_Z,_Z,_Z,2011,A,PT_GDP,
7.092282,P1Y,0,,A,PU,_Z,2,,,False,WB_WDI,WB_WDI_SH_XPD_CHEX_GD_ZS,TLA,_T,_T,_T,_Z,_Z,_Z,2011,A,PT_GDP,
3.887987,P1Y,0,,A,PU,_Z,2,,,False,WB_WDI,WB_WDI_SH_XPD_CHEX_GD_ZS,LDC,_T,_T,_T,_Z,_Z,_Z,2011,A,PT_GDP,
4.931701,P1Y,0,,A,PU,_Z,2,,,False,WB_WDI,WB_WDI_SH_XPD_CHEX_GD_ZS,LMY,_T,_T,_T,_Z,_Z,_Z,2011,A,PT_GDP,
4.733621,P1Y,0,,A,PU,_Z,2,,,False,WB_WDI,WB_WDI_SH_XPD_CHEX_GD_ZS,LIC,_T,_T,_T,_Z,_Z,_Z,2011,A,PT_GDP,
3.604035,P1Y,0,,A,PU,_Z,2,,,False,WB_WDI,WB_WDI_SH_XPD_CHEX_GD_ZS,LMC,_T,_T,_T,_Z,_Z,_Z,2011,A,PT_GDP,
4.332947,P1Y,0,,A,PU,_Z,2,,,False,WB_WDI,WB_WDI_SH_XPD_CHEX_GD_ZS,MEA,_T,_T,_T,_Z,_Z,_Z,2011,A,PT_GDP,
4.84205,P1Y,0,,A,PU,_Z,2,,,False,WB_WDI,WB_WDI_SH_XPD_CHEX_GD_ZS,MNA,_T,_T,_T,_Z,_Z,_Z,2011,A,PT_GDP,
5.347498,P1Y,0,,A,PU,_Z,2,,,False,WB_WDI,WB_WDI_SH_XPD_CHEX_GD_ZS,DMA,_T,_T,_T,_Z,_Z,_Z,2013,A,PT_GDP,
4.925942,P1Y,0,,A,PU,_Z,2,,,False,WB_WDI,WB_WDI_SH_XPD_CHEX_GD_ZS,DOM,_T,_T,_T,_Z,_Z,_Z,2013,A,PT_GDP,
6.778664,P1Y,0,,A,PU,_Z,2,,,False,WB_WDI,WB_WDI_SH_XPD_CHEX_GD_ZS,ECU,_T,_T,_T,_Z,_Z,_Z,2013,A,PT_GDP,
4.671004,P1Y,0,,A,PU,_Z,2,,,False,WB_WDI,WB_WDI_SH_XPD_CHEX_GD_ZS,EGY,_T,_T,_T,_Z,_Z,_Z,2013,A,PT_GDP,
9.05236,P1Y,0,,A,PU,_Z,2,,,False,WB_WDI,WB_WDI_SH_XPD_CHEX_GD_ZS,SLV,_T,_T,_T,_Z,_Z,_Z,2013,A,PT_GDP,
1.756227,P1Y,0,,A,PU,_Z,2,,,False,WB_WDI,WB_WDI_SH_XPD_CHEX_GD_ZS,GNQ,_T,_T,_T,_Z,_Z,_Z,2013,A,PT_GDP,
4.968131,P1Y,0,,A,PU,_Z,2,,,False,WB_WDI,WB_WDI_SH_XPD_CHEX_GD_ZS,ERI,_T,_T,_T,_Z,_Z,_Z,2013,A,PT_GDP,
6.197885,P1Y,0,,A,PU,_Z,2,,,False,WB_WDI,WB_WDI_SH_XPD_CHEX_GD_ZS,EST,_T,_T,_T,_Z,_Z,_Z,2013,A,PT_GDP,
7.457034,P1Y,0,,A,PU,_Z,2,,,False,WB_WDI,WB_WDI_SH_XPD_CHEX_GD_ZS,SWZ,_T,_T,_T,_Z,_Z,_Z,2013,A,PT_GDP,
4.075065,P1Y,0,,A,PU,_Z,2,,,False,WB_WDI,WB_WDI_SH_XPD_CHEX_GD_ZS,ETH,_T,_T,_T,_Z,_Z,_Z,2013,A,PT_GDP,
4.934283,P1Y,0,,A,PU,_Z,2,,,False,WB_WDI,WB_WDI_SH_XPD_CHEX_GD_ZS,HPC,_T,_T,_T,_Z,_Z,_Z,2007,A,PT_GDP,
10.312629,P1Y,0,,A,PU,_Z,2,,,False,WB_WDI,WB_WDI_SH_XPD_CHEX_GD_ZS,HIC,_T,_T,_T,_Z,_Z,_Z,2007,A,PT_GDP,
4.880111,P1Y,0,,A,PU,_Z,2,,,False,WB_WDI,WB_WDI_SH_XPD_CHEX_GD_ZS,IBD,_T,_T,_T,_Z,_Z,_Z,2007,A,PT_GDP,
4.813446,P1Y,0,,A,PU,_Z,2,,,False,WB_WDI,WB_WDI_SH_XPD_CHEX_GD_ZS,IBT,_T,_T,_T,_Z,_Z,_Z,2007,A,PT_GDP,
3.595715,P1Y,0,,A,PU,_Z,2,,,False,WB_WDI,WB_WDI_SH_XPD_CHEX_GD_ZS,IDB,_T,_T,_T,_Z,_Z,_Z,2007,A,PT_GDP,
4.454451,P1Y,0,,A,PU,_Z,2,,,False,WB_WDI,WB_WDI_SH_XPD_CHEX_GD_ZS,IDX,_T,_T,_T,_Z,_Z,_Z,2007,A,PT_GDP,
4.008301,P1Y,0,,A,PU,_Z,2,,,False,WB_WDI,WB_WDI_SH_XPD_CHEX_GD_ZS,IDA,_T,_T,_T,_Z,_Z,_Z,2007,A,PT_GDP,
4.878009,P1Y,0,,A,PU,_Z,2,,,False,WB_WDI,WB_WDI_SH_XPD_CHEX_GD_ZS,LTE,_T,_T,_T,_Z,_Z,_Z,2007,A,PT_GDP,
6.88777,P1Y,0,,A,PU,_Z,2,,,False,WB_WDI,WB_WDI_SH_XPD_CHEX_GD_ZS,LCN,_T,_T,_T,_Z,_Z,_Z,2007,A,PT_GDP,
6.945385,P1Y,0,,A,PU,_Z,2,,,False,WB_WDI,WB_WDI_SH_XPD_CHEX_GD_ZS,LAC,_T,_T,_T,_Z,_Z,_Z,2007,A,PT_GDP,
6.833279,P1Y,0,,A,PU,_Z,2,,,False,WB_WDI,WB_WDI_SH_XPD_CHEX_GD_ZS,TLA,_T,_T,_T,_Z,_Z,_Z,2007,A,PT_GDP,
4.156295,P1Y,0,,A,PU,_Z,2,,,False,WB_WDI,WB_WDI_SH_XPD_CHEX_GD_ZS,LDC,_T,_T,_T,_Z,_Z,_Z,2007,A,PT_GDP,
4.762857,P1Y,0,,A,PU,_Z,2,,,False,WB_WDI,WB_WDI_SH_XPD_CHEX_GD_ZS,LMY,_T,_T,_T,_Z,_Z,_Z,2007,A,PT_GDP,
5.771889,P1Y,0,,A,PU,_Z,2,,,False,WB_WDI,WB_WDI_SH_XPD_CHEX_GD_ZS,GTM,_T,_T,_T,_Z,_Z,_Z,2013,A,PT_GDP,
3.461087,P1Y,0,,A,PU,_Z,2,,,False,WB_WDI,WB_WDI_SH_XPD_CHEX_GD_ZS,GIN,_T,_T,_T,_Z,_Z,_Z,2013,A,PT_GDP,
7.039434,P1Y,0,,A,PU,_Z,2,,,False,WB_WDI,WB_WDI_SH_XPD_CHEX_GD_ZS,GNB,_T,_T,_T,_Z,_Z,_Z,2013,A,PT_GDP,
3.802313,P1Y,0,,A,PU,_Z,2,,,False,WB_WDI,WB_WDI_SH_XPD_CHEX_GD_ZS,GUY,_T,_T,_T,_Z,_Z,_Z,2013,A,PT_GDP,
4.10524,P1Y,0,,A,PU,_Z,2,,,False,WB_WDI,WB_WDI_SH_XPD_CHEX_GD_ZS,HTI,_T,_T,_T,_Z,_Z,_Z,2013,A,PT_GDP,
8.47723,P1Y,0,,A,PU,_Z,2,,,False,WB_WDI,WB_WDI_SH_XPD_CHEX_GD_ZS,HND,_T,_T,_T,_Z,_Z,_Z,2013,A,PT_GDP,
7.236454,P1Y,0,,A,PU,_Z,2,,,False,WB_WDI,WB_WDI_SH_XPD_CHEX_GD_ZS,HUN,_T,_T,_T,_Z,_Z,_Z,2013,A,PT_GDP,
8.226513,P1Y,0,,A,PU,_Z,2,,,False,WB_WDI,WB_WDI_SH_XPD_CHEX_GD_ZS,ISL,_T,_T,_T,_Z,_Z,_Z,2013,A,PT_GDP,
3.749442,P1Y,0,,A,PU,_Z,2,,,False,WB_WDI,WB_WDI_SH_XPD_CHEX_GD_ZS,IND,_T,_T,_T,_Z,_Z,_Z,2013,A,PT_GDP,
2.869348,P1Y,0,,A,PU,_Z,2,,,False,WB_WDI,WB_WDI_SH_XPD_CHEX_GD_ZS,IDN,_T,_T,_T,_Z,_Z,_Z,2013,A,PT_GDP,
4.794915,P1Y,0,,A,PU,_Z,2,,,False,WB_WDI,WB_WDI_SH_XPD_CHEX_GD_ZS,RUS,_T,_T,_T,_Z,_Z,_Z,2011,A,PT_GDP,
7.932338,P1Y,0,,A,PU,_Z,2,,,False,WB_WDI,WB_WDI_SH_XPD_CHEX_GD_ZS,RWA,_T,_T,_T,_Z,_Z,_Z,2011,A,PT_GDP,
5.383572,P1Y,0,,A,PU,_Z,2,,,False,WB_WDI,WB_WDI_SH_XPD_CHEX_GD_ZS,WSM,_T,_T,_T,_Z,_Z,_Z,2011,A,PT_GDP,
8.070728,P1Y,0,,A,PU,_Z,2,,,False,WB_WDI,WB_WDI_SH_XPD_CHEX_GD_ZS,SMR,_T,_T,_T,_Z,_Z,_Z,2011,A,PT_GDP,
5.6516,P1Y,0,,A,PU,_Z,2,,,False,WB_WDI,WB_WDI_SH_XPD_CHEX_GD_ZS,STP,_T,_T,_T,_Z,_Z,_Z,2011,A,PT_GDP,
3.682183,P1Y,0,,A,PU,_Z,2,,,False,WB_WDI,WB_WDI_SH_XPD_CHEX_GD_ZS,SAU,_T,_T,_T,_Z,_Z,_Z,2011,A,PT_GDP,
4.214167,P1Y,0,,A,PU,_Z,2,,,False,WB_WDI,WB_WDI_SH_XPD_CHEX_GD_ZS,SEN,_T,_T,_T,_Z,_Z,_Z,2011,A,PT_GDP,
8.759404,P1Y,0,,A,PU,_Z,2,,,False,WB_WDI,WB_WDI_SH_XPD_CHEX_GD_ZS,SRB,_T,_T,_T,_Z,_Z,_Z,2011,A,PT_GDP,
4.355397,P1Y,0,,A,PU,_Z,2,,,False,WB_WDI,WB_WDI_SH_XPD_CHEX_GD_ZS,SYC,_T,_T,_T,_Z,_Z,_Z,2011,A,PT_GDP,
6.606368,P1Y,0,,A,PU,_Z,2,,,False,WB_WDI,WB_WDI_SH_XPD_CHEX_GD_ZS,SLE,_T,_T,_T,_Z,_Z,_Z,2011,A,PT_GDP,
3.153919,P1Y,0,,A,PU,_Z,2,,,False,WB_WDI,WB_WDI_SH_XPD_CHEX_GD_ZS,SGP,_T,_T,_T,_Z,_Z,_Z,2011,A,PT_GDP,
7.314522,P1Y,0,,A,PU,_Z,2,,,False,WB_WDI,WB_WDI_SH_XPD_CHEX_GD_ZS,SVK,_T,_T,_T,_Z,_Z,_Z,2011,A,PT_GDP,
4.671468,P1Y,0,,A,PU,_Z,2,,,False,WB_WDI,WB_WDI_SH_XPD_CHEX_GD_ZS,EAR,_T,_T,_T,_Z,_Z,_Z,2000,A,PT_GDP,
6.086017,P1Y,0,,A,PU,_Z,2,,,False,WB_WDI,WB_WDI_SH_XPD_CHEX_GD_ZS,EAS,_T,_T,_T,_Z,_Z,_Z,2000,A,PT_GDP,
3.920395,P1Y,0,,A,PU,_Z,2,,,False,WB_WDI,WB_WDI_SH_XPD_CHEX_GD_ZS,EAP,_T,_T,_T,_Z,_Z,_Z,2000,A,PT_GDP,
3.921031,P1Y,0,,A,PU,_Z,2,,,False,WB_WDI,WB_WDI_SH_XPD_CHEX_GD_ZS,TEA,_T,_T,_T,_Z,_Z,_Z,2000,A,PT_GDP,
8.617088,P1Y,0,,A,PU,_Z,2,,,False,WB_WDI,WB_WDI_SH_XPD_CHEX_GD_ZS,EMU,_T,_T,_T,_Z,_Z,_Z,2000,A,PT_GDP,
7.987516,P1Y,0,,A,PU,_Z,2,,,False,WB_WDI,WB_WDI_SH_XPD_CHEX_GD_ZS,ECS,_T,_T,_T,_Z,_Z,_Z,2000,A,PT_GDP,
4.797888,P1Y,0,,A,PU,_Z,2,,,False,WB_WDI,WB_WDI_SH_XPD_CHEX_GD_ZS,ECA,_T,_T,_T,_Z,_Z,_Z,2000,A,PT_GDP,
5.014187,P1Y,0,,A,PU,_Z,2,,,False,WB_WDI,WB_WDI_SH_XPD_CHEX_GD_ZS,TEC,_T,_T,_T,_Z,_Z,_Z,2000,A,PT_GDP,
8.41964,P1Y,0,,A,PU,_Z,2,,,False,WB_WDI,WB_WDI_SH_XPD_CHEX_GD_ZS,EUU,_T,_T,_T,_Z,_Z,_Z,2000,A,PT_GDP,
3.686776,P1Y,0,,A,PU,_Z,2,,,False,WB_WDI,WB_WDI_SH_XPD_CHEX_GD_ZS,HPC,_T,_T,_T,_Z,_Z,_Z,2000,A,PT_GDP,
9.345211,P1Y,0,,A,PU,_Z,2,,,False,WB_WDI,WB_WDI_SH_XPD_CHEX_GD_ZS,HIC,_T,_T,_T,_Z,_Z,_Z,2000,A,PT_GDP,
5.146444,P1Y,0,,A,PU,_Z,2,,,False,WB_WDI,WB_WDI_SH_XPD_CHEX_GD_ZS,IBD,_T,_T,_T,_Z,_Z,_Z,2000,A,PT_GDP,
4.99621,P1Y,0,,A,PU,_Z,2,,,False,WB_WDI,WB_WDI_SH_XPD_CHEX_GD_ZS,IBT,_T,_T,_T,_Z,_Z,_Z,2000,A,PT_GDP,
3.107939,P1Y,0,,A,PU,_Z,2,,,False,WB_WDI,WB_WDI_SH_XPD_CHEX_GD_ZS,IDB,_T,_T,_T,_Z,_Z,_Z,2000,A,PT_GDP,
4.620821,P1Y,0,,A,PU,_Z,2,,,False,WB_WDI,WB_WDI_SH_XPD_CHEX_GD_ZS,MUS,_T,_T,_T,_Z,_Z,_Z,2013,A,PT_GDP,
5.577326,P1Y,0,,A,PU,_Z,2,,,False,WB_WDI,WB_WDI_SH_XPD_CHEX_GD_ZS,MEX,_T,_T,_T,_Z,_Z,_Z,2013,A,PT_GDP,
12.21771,P1Y,0,,A,PU,_Z,2,,,False,WB_WDI,WB_WDI_SH_XPD_CHEX_GD_ZS,FSM,_T,_T,_T,_Z,_Z,_Z,2013,A,PT_GDP,
8.683003,P1Y,0,,A,PU,_Z,2,,,False,WB_WDI,WB_WDI_SH_XPD_CHEX_GD_ZS,MDA,_T,_T,_T,_Z,_Z,_Z,2013,A,PT_GDP,
4.573961,P1Y,0,,A,PU,_Z,2,,,False,WB_WDI,WB_WDI_SH_XPD_CHEX_GD_ZS,MCO,_T,_T,_T,_Z,_Z,_Z,2013,A,PT_GDP,
4.08932,P1Y,0,,A,PU,_Z,2,,,False,WB_WDI,WB_WDI_SH_XPD_CHEX_GD_ZS,MNG,_T,_T,_T,_Z,_Z,_Z,2013,A,PT_GDP,
8.471446,P1Y,0,,A,PU,_Z,2,,,False,WB_WDI,WB_WDI_SH_XPD_CHEX_GD_ZS,MNE,_T,_T,_T,_Z,_Z,_Z,2013,A,PT_GDP,
5.255405,P1Y,0,,A,PU,_Z,2,,,False,WB_WDI,WB_WDI_SH_XPD_CHEX_GD_ZS,MAR,_T,_T,_T,_Z,_Z,_Z,2013,A,PT_GDP,
6.04556,P1Y,0,,A,PU,_Z,2,,,False,WB_WDI,WB_WDI_SH_XPD_CHEX_GD_ZS,MOZ,_T,_T,_T,_Z,_Z,_Z,2013,A,PT_GDP,
3.11112,P1Y,0,,A,PU,_Z,2,,,False,WB_WDI,WB_WDI_SH_XPD_CHEX_GD_ZS,MMR,_T,_T,_T,_Z,_Z,_Z,2013,A,PT_GDP,
10.088876,P1Y,0,,A,PU,_Z,2,,,False,WB_WDI,WB_WDI_SH_XPD_CHEX_GD_ZS,NAM,_T,_T,_T,_Z,_Z,_Z,2013,A,PT_GDP,
5.736978,P1Y,0,,A,PU,_Z,2,,,False,WB_WDI,WB_WDI_SH_XPD_CHEX_GD_ZS,IRN,_T,_T,_T,_Z,_Z,_Z,2013,A,PT_GDP,
2.808685,P1Y,0,,A,PU,_Z,2,,,False,WB_WDI,WB_WDI_SH_XPD_CHEX_GD_ZS,IRQ,_T,_T,_T,_Z,_Z,_Z,2013,A,PT_GDP,
10.0333,P1Y,0,,A,PU,_Z,2,,,False,WB_WDI,WB_WDI_SH_XPD_CHEX_GD_ZS,IRL,_T,_T,_T,_Z,_Z,_Z,2013,A,PT_GDP,
6.940744,P1Y,0,,A,PU,_Z,2,,,False,WB_WDI,WB_WDI_SH_XPD_CHEX_GD_ZS,ISR,_T,_T,_T,_Z,_Z,_Z,2013,A,PT_GDP,
8.789764,P1Y,0,,A,PU,_Z,2,,,False,WB_WDI,WB_WDI_SH_XPD_CHEX_GD_ZS,ITA,_T,_T,_T,_Z,_Z,_Z,2013,A,PT_GDP,
6.284533,P1Y,0,,A,PU,_Z,2,,,False,WB_WDI,WB_WDI_SH_XPD_CHEX_GD_ZS,JAM,_T,_T,_T,_Z,_Z,_Z,2013,A,PT_GDP,
10.674387,P1Y,0,,A,PU,_Z,2,,,False,WB_WDI,WB_WDI_SH_XPD_CHEX_GD_ZS,JPN,_T,_T,_T,_Z,_Z,_Z,2013,A,PT_GDP,
7.165924,P1Y,0,,A,PU,_Z,2,,,False,WB_WDI,WB_WDI_SH_XPD_CHEX_GD_ZS,JOR,_T,_T,_T,_Z,_Z,_Z,2013,A,PT_GDP,
2.662868,P1Y,0,,A,PU,_Z,2,,,False,WB_WDI,WB_WDI_SH_XPD_CHEX_GD_ZS,KAZ,_T,_T,_T,_Z,_Z,_Z,2013,A,PT_GDP,
4.931004,P1Y,0,,A,PU,_Z,2,,,False,WB_WDI,WB_WDI_SH_XPD_CHEX_GD_ZS,KEN,_T,_T,_T,_Z,_Z,_Z,2013,A,PT_GDP,
5.924958,P1Y,0,,A,PU,_Z,2,,,False,WB_WDI,WB_WDI_SH_XPD_CHEX_GD_ZS,AFE,_T,_T,_T,_Z,_Z,_Z,2007,A,PT_GDP,
3.818976,P1Y,0,,A,PU,_Z,2,,,False,WB_WDI,WB_WDI_SH_XPD_CHEX_GD_ZS,AFW,_T,_T,_T,_Z,_Z,_Z,2007,A,PT_GDP,
3.536548,P1Y,0,,A,PU,_Z,2,,,False,WB_WDI,WB_WDI_SH_XPD_CHEX_GD_ZS,ARB,_T,_T,_T,_Z,_Z,_Z,2007,A,PT_GDP,
4.464358,P1Y,0,,A,PU,_Z,2,,,False,WB_WDI,WB_WDI_SH_XPD_CHEX_GD_ZS,CSS,_T,_T,_T,_Z,_Z,_Z,2007,A,PT_GDP,
6.126401,P1Y,0,,A,PU,_Z,2,,,False,WB_WDI,WB_WDI_SH_XPD_CHEX_GD_ZS,CEB,_T,_T,_T,_Z,_Z,_Z,2007,A,PT_GDP,
4.671637,P1Y,0,,A,PU,_Z,2,,,False,WB_WDI,WB_WDI_SH_XPD_CHEX_GD_ZS,EAR,_T,_T,_T,_Z,_Z,_Z,2007,A,PT_GDP,
5.706263,P1Y,0,,A,PU,_Z,2,,,False,WB_WDI,WB_WDI_SH_XPD_CHEX_GD_ZS,EAS,_T,_T,_T,_Z,_Z,_Z,2007,A,PT_GDP,
3.515414,P1Y,0,,A,PU,_Z,2,,,False,WB_WDI,WB_WDI_SH_XPD_CHEX_GD_ZS,EAP,_T,_T,_T,_Z,_Z,_Z,2007,A,PT_GDP,
3.515731,P1Y,0,,A,PU,_Z,2,,,False,WB_WDI,WB_WDI_SH_XPD_CHEX_GD_ZS,TEA,_T,_T,_T,_Z,_Z,_Z,2007,A,PT_GDP,
9.122474,P1Y,0,,A,PU,_Z,2,,,False,WB_WDI,WB_WDI_SH_XPD_CHEX_GD_ZS,EMU,_T,_T,_T,_Z,_Z,_Z,2007,A,PT_GDP,
8.410642,P1Y,0,,A,PU,_Z,2,,,False,WB_WDI,WB_WDI_SH_XPD_CHEX_GD_ZS,ECS,_T,_T,_T,_Z,_Z,_Z,2007,A,PT_GDP,
5.263263,P1Y,0,,A,PU,_Z,2,,,False,WB_WDI,WB_WDI_SH_XPD_CHEX_GD_ZS,ECA,_T,_T,_T,_Z,_Z,_Z,2007,A,PT_GDP,
5.172444,P1Y,0,,A,PU,_Z,2,,,False,WB_WDI,WB_WDI_SH_XPD_CHEX_GD_ZS,TEC,_T,_T,_T,_Z,_Z,_Z,2007,A,PT_GDP,
8.887152,P1Y,0,,A,PU,_Z,2,,,False,WB_WDI,WB_WDI_SH_XPD_CHEX_GD_ZS,EUU,_T,_T,_T,_Z,_Z,_Z,2007,A,PT_GDP,
9.258086,P1Y,0,,A,PU,_Z,2,,,False,WB_WDI,WB_WDI_SH_XPD_CHEX_GD_ZS,ECS,_T,_T,_T,_Z,_Z,_Z,2015,A,PT_GDP,
4.70512,P1Y,0,,A,PU,_Z,2,,,False,WB_WDI,WB_WDI_SH_XPD_CHEX_GD_ZS,ECA,_T,_T,_T,_Z,_Z,_Z,2015,A,PT_GDP,
5.221993,P1Y,0,,A,PU,_Z,2,,,False,WB_WDI,WB_WDI_SH_XPD_CHEX_GD_ZS,TEC,_T,_T,_T,_Z,_Z,_Z,2015,A,PT_GDP,
9.904352,P1Y,0,,A,PU,_Z,2,,,False,WB_WDI,WB_WDI_SH_XPD_CHEX_GD_ZS,EUU,_T,_T,_T,_Z,_Z,_Z,2015,A,PT_GDP,
4.949042,P1Y,0,,A,PU,_Z,2,,,False,WB_WDI,WB_WDI_SH_XPD_CHEX_GD_ZS,HPC,_T,_T,_T,_Z,_Z,_Z,2015,A,PT_GDP,
11.983568,P1Y,0,,A,PU,_Z,2,,,False,WB_WDI,WB_WDI_SH_XPD_CHEX_GD_ZS,HIC,_T,_T,_T,_Z,_Z,_Z,2015,A,PT_GDP,
5.349105,P1Y,0,,A,PU,_Z,2,,,False,WB_WDI,WB_WDI_SH_XPD_CHEX_GD_ZS,IBD,_T,_T,_T,_Z,_Z,_Z,2015,A,PT_GDP,
5.244662,P1Y,0,,A,PU,_Z,2,,,False,WB_WDI,WB_WDI_SH_XPD_CHEX_GD_ZS,IBT,_T,_T,_T,_Z,_Z,_Z,2015,A,PT_GDP,
3.522563,P1Y,0,,A,PU,_Z,2,,,False,WB_WDI,WB_WDI_SH_XPD_CHEX_GD_ZS,IDB,_T,_T,_T,_Z,_Z,_Z,2015,A,PT_GDP,
4.500149,P1Y,0,,A,PU,_Z,2,,,False,WB_WDI,WB_WDI_SH_XPD_CHEX_GD_ZS,IDX,_T,_T,_T,_Z,_Z,_Z,2015,A,PT_GDP,
3.993976,P1Y,0,,A,PU,_Z,2,,,False,WB_WDI,WB_WDI_SH_XPD_CHEX_GD_ZS,IDA,_T,_T,_T,_Z,_Z,_Z,2015,A,PT_GDP,
5.397963,P1Y,0,,A,PU,_Z,2,,,False,WB_WDI,WB_WDI_SH_XPD_CHEX_GD_ZS,LTE,_T,_T,_T,_Z,_Z,_Z,2015,A,PT_GDP,
6.159269,P1Y,0,,A,PU,_Z,2,,,False,WB_WDI,WB_WDI_SH_XPD_CHEX_GD_ZS,CEB,_T,_T,_T,_Z,_Z,_Z,2002,A,PT_GDP,
4.634556,P1Y,0,,A,PU,_Z,2,,,False,WB_WDI,WB_WDI_SH_XPD_CHEX_GD_ZS,EAR,_T,_T,_T,_Z,_Z,_Z,2002,A,PT_GDP,
6.081024,P1Y,0,,A,PU,_Z,2,,,False,WB_WDI,WB_WDI_SH_XPD_CHEX_GD_ZS,EAS,_T,_T,_T,_Z,_Z,_Z,2002,A,PT_GDP,
3.876482,P1Y,0,,A,PU,_Z,2,,,False,WB_WDI,WB_WDI_SH_XPD_CHEX_GD_ZS,EAP,_T,_T,_T,_Z,_Z,_Z,2002,A,PT_GDP,
3.876853,P1Y,0,,A,PU,_Z,2,,,False,WB_WDI,WB_WDI_SH_XPD_CHEX_GD_ZS,TEA,_T,_T,_T,_Z,_Z,_Z,2002,A,PT_GDP,
8.928607,P1Y,0,,A,PU,_Z,2,,,False,WB_WDI,WB_WDI_SH_XPD_CHEX_GD_ZS,EMU,_T,_T,_T,_Z,_Z,_Z,2002,A,PT_GDP,
8.427628,P1Y,0,,A,PU,_Z,2,,,False,WB_WDI,WB_WDI_SH_XPD_CHEX_GD_ZS,ECS,_T,_T,_T,_Z,_Z,_Z,2002,A,PT_GDP,
5.284716,P1Y,0,,A,PU,_Z,2,,,False,WB_WDI,WB_WDI_SH_XPD_CHEX_GD_ZS,ECA,_T,_T,_T,_Z,_Z,_Z,2002,A,PT_GDP,
5.533364,P1Y,0,,A,PU,_Z,2,,,False,WB_WDI,WB_WDI_SH_XPD_CHEX_GD_ZS,TEC,_T,_T,_T,_Z,_Z,_Z,2002,A,PT_GDP,
8.75948,P1Y,0,,A,PU,_Z,2,,,False,WB_WDI,WB_WDI_SH_XPD_CHEX_GD_ZS,EUU,_T,_T,_T,_Z,_Z,_Z,2002,A,PT_GDP,
4.191721,P1Y,0,,A,PU,_Z,2,,,False,WB_WDI,WB_WDI_SH_XPD_CHEX_GD_ZS,HPC,_T,_T,_T,_Z,_Z,_Z,2002,A,PT_GDP,
10.242479,P1Y,0,,A,PU,_Z,2,,,False,WB_WDI,WB_WDI_SH_XPD_CHEX_GD_ZS,HIC,_T,_T,_T,_Z,_Z,_Z,2002,A,PT_GDP,
5.072747,P1Y,0,,A,PU,_Z,2,,,False,WB_WDI,WB_WDI_SH_XPD_CHEX_GD_ZS,IBD,_T,_T,_T,_Z,_Z,_Z,2002,A,PT_GDP,
4.932963,P1Y,0,,A,PU,_Z,2,,,False,WB_WDI,WB_WDI_SH_XPD_CHEX_GD_ZS,IBT,_T,_T,_T,_Z,_Z,_Z,2002,A,PT_GDP,
2.833798,P1Y,0,,A,PU,_Z,2,,,False,WB_WDI,WB_WDI_SH_XPD_CHEX_GD_ZS,IDB,_T,_T,_T,_Z,_Z,_Z,2002,A,PT_GDP,
4.014921,P1Y,0,,A,PU,_Z,2,,,False,WB_WDI,WB_WDI_SH_XPD_CHEX_GD_ZS,TZA,_T,_T,_T,_Z,_Z,_Z,2014,A,PT_GDP,
3.684481,P1Y,0,,A,PU,_Z,2,,,False,WB_WDI,WB_WDI_SH_XPD_CHEX_GD_ZS,THA,_T,_T,_T,_Z,_Z,_Z,2014,A,PT_GDP,
7.599586,P1Y,0,,A,PU,_Z,2,,,False,WB_WDI,WB_WDI_SH_XPD_CHEX_GD_ZS,TLS,_T,_T,_T,_Z,_Z,_Z,2014,A,PT_GDP,
4.904734,P1Y,0,,A,PU,_Z,2,,,False,WB_WDI,WB_WDI_SH_XPD_CHEX_GD_ZS,TGO,_T,_T,_T,_Z,_Z,_Z,2014,A,PT_GDP,
5.195832,P1Y,0,,A,PU,_Z,2,,,False,WB_WDI,WB_WDI_SH_XPD_CHEX_GD_ZS,TON,_T,_T,_T,_Z,_Z,_Z,2014,A,PT_GDP,
4.873817,P1Y,0,,A,PU,_Z,2,,,False,WB_WDI,WB_WDI_SH_XPD_CHEX_GD_ZS,TTO,_T,_T,_T,_Z,_Z,_Z,2014,A,PT_GDP,
6.450061,P1Y,0,,A,PU,_Z,2,,,False,WB_WDI,WB_WDI_SH_XPD_CHEX_GD_ZS,TUN,_T,_T,_T,_Z,_Z,_Z,2014,A,PT_GDP,
4.325179,P1Y,0,,A,PU,_Z,2,,,False,WB_WDI,WB_WDI_SH_XPD_CHEX_GD_ZS,TUR,_T,_T,_T,_Z,_Z,_Z,2014,A,PT_GDP,
4.257417,P1Y,0,,A,PU,_Z,2,,,False,WB_WDI,WB_WDI_SH_XPD_CHEX_GD_ZS,TKM,_T,_T,_T,_Z,_Z,_Z,2014,A,PT_GDP,
14.527622,P1Y,0,,A,PU,_Z,2,,,False,WB_WDI,WB_WDI_SH_XPD_CHEX_GD_ZS,TUV,_T,_T,_T,_Z,_Z,_Z,2014,A,PT_GDP,
5.336531,P1Y,0,,A,PU,_Z,2,,,False,WB_WDI,WB_WDI_SH_XPD_CHEX_GD_ZS,UGA,_T,_T,_T,_Z,_Z,_Z,2014,A,PT_GDP,
4.657011,P1Y,0,,A,PU,_Z,2,,,False,WB_WDI,WB_WDI_SH_XPD_CHEX_GD_ZS,GRD,_T,_T,_T,_Z,_Z,_Z,2017,A,PT_GDP,
6.135638,P1Y,0,,A,PU,_Z,2,,,False,WB_WDI,WB_WDI_SH_XPD_CHEX_GD_ZS,GTM,_T,_T,_T,_Z,_Z,_Z,2017,A,PT_GDP,
3.915127,P1Y,0,,A,PU,_Z,2,,,False,WB_WDI,WB_WDI_SH_XPD_CHEX_GD_ZS,GIN,_T,_T,_T,_Z,_Z,_Z,2017,A,PT_GDP,
7.000495,P1Y,0,,A,PU,_Z,2,,,False,WB_WDI,WB_WDI_SH_XPD_CHEX_GD_ZS,GNB,_T,_T,_T,_Z,_Z,_Z,2017,A,PT_GDP,
4.319112,P1Y,0,,A,PU,_Z,2,,,False,WB_WDI,WB_WDI_SH_XPD_CHEX_GD_ZS,GUY,_T,_T,_T,_Z,_Z,_Z,2017,A,PT_GDP,
3.819939,P1Y,0,,A,PU,_Z,2,,,False,WB_WDI,WB_WDI_SH_XPD_CHEX_GD_ZS,HTI,_T,_T,_T,_Z,_Z,_Z,2017,A,PT_GDP,
7.006689,P1Y,0,,A,PU,_Z,2,,,False,WB_WDI,WB_WDI_SH_XPD_CHEX_GD_ZS,HND,_T,_T,_T,_Z,_Z,_Z,2017,A,PT_GDP,
6.733384,P1Y,0,,A,PU,_Z,2,,,False,WB_WDI,WB_WDI_SH_XPD_CHEX_GD_ZS,HUN,_T,_T,_T,_Z,_Z,_Z,2017,A,PT_GDP,
8.324308,P1Y,0,,A,PU,_Z,2,,,False,WB_WDI,WB_WDI_SH_XPD_CHEX_GD_ZS,ISL,_T,_T,_T,_Z,_Z,_Z,2017,A,PT_GDP,
4.802247,P1Y,0,,A,PU,_Z,2,,,False,WB_WDI,WB_WDI_SH_XPD_CHEX_GD_ZS,TTO,_T,_T,_T,_Z,_Z,_Z,2013,A,PT_GDP,
6.51395,P1Y,0,,A,PU,_Z,2,,,False,WB_WDI,WB_WDI_SH_XPD_CHEX_GD_ZS,TUN,_T,_T,_T,_Z,_Z,_Z,2013,A,PT_GDP,
4.370999,P1Y,0,,A,PU,_Z,2,,,False,WB_WDI,WB_WDI_SH_XPD_CHEX_GD_ZS,TUR,_T,_T,_T,_Z,_Z,_Z,2013,A,PT_GDP,
3.969293,P1Y,0,,A,PU,_Z,2,,,False,WB_WDI,WB_WDI_SH_XPD_CHEX_GD_ZS,TKM,_T,_T,_T,_Z,_Z,_Z,2013,A,PT_GDP,
13.803921,P1Y,0,,A,PU,_Z,2,,,False,WB_WDI,WB_WDI_SH_XPD_CHEX_GD_ZS,TUV,_T,_T,_T,_Z,_Z,_Z,2013,A,PT_GDP,
5.782524,P1Y,0,,A,PU,_Z,2,,,False,WB_WDI,WB_WDI_SH_XPD_CHEX_GD_ZS,UGA,_T,_T,_T,_Z,_Z,_Z,2013,A,PT_GDP,
6.94358,P1Y,0,,A,PU,_Z,2,,,False,WB_WDI,WB_WDI_SH_XPD_CHEX_GD_ZS,UKR,_T,_T,_T,_Z,_Z,_Z,2013,A,PT_GDP,
3.502222,P1Y,0,,A,PU,_Z,2,,,False,WB_WDI,WB_WDI_SH_XPD_CHEX_GD_ZS,ARE,_T,_T,_T,_Z,_Z,_Z,2013,A,PT_GDP,
9.990871,P1Y,0,,A,PU,_Z,2,,,False,WB_WDI,WB_WDI_SH_XPD_CHEX_GD_ZS,GBR,_T,_T,_T,_Z,_Z,_Z,2013,A,PT_GDP,
15.952271,P1Y,0,,A,PU,_Z,2,,,False,WB_WDI,WB_WDI_SH_XPD_CHEX_GD_ZS,USA,_T,_T,_T,_Z,_Z,_Z,2013,A,PT_GDP,
8.084484,P1Y,0,,A,PU,_Z,2,,,False,WB_WDI,WB_WDI_SH_XPD_CHEX_GD_ZS,URY,_T,_T,_T,_Z,_Z,_Z,2013,A,PT_GDP,
5.718966,P1Y,0,,A,PU,_Z,2,,,False,WB_WDI,WB_WDI_SH_XPD_CHEX_GD_ZS,UZB,_T,_T,_T,_Z,_Z,_Z,2013,A,PT_GDP,
10.105348,P1Y,0,,A,PU,_Z,2,,,False,WB_WDI,WB_WDI_SH_XPD_CHEX_GD_ZS,AFG,_T,_T,_T,_Z,_Z,_Z,2015,A,PT_GDP,
6.388102,P1Y,0,,A,PU,_Z,2,,,False,WB_WDI,WB_WDI_SH_XPD_CHEX_GD_ZS,ALB,_T,_T,_T,_Z,_Z,_Z,2015,A,PT_GDP,
6.334357,P1Y,0,,A,PU,_Z,2,,,False,WB_WDI,WB_WDI_SH_XPD_CHEX_GD_ZS,DZA,_T,_T,_T,_Z,_Z,_Z,2015,A,PT_GDP,
6.913685,P1Y,0,,A,PU,_Z,2,,,False,WB_WDI,WB_WDI_SH_XPD_CHEX_GD_ZS,AND,_T,_T,_T,_Z,_Z,_Z,2015,A,PT_GDP,
2.299669,P1Y,0,,A,PU,_Z,2,,,False,WB_WDI,WB_WDI_SH_XPD_CHEX_GD_ZS,AGO,_T,_T,_T,_Z,_Z,_Z,2015,A,PT_GDP,
4.909631,P1Y,0,,A,PU,_Z,2,,,False,WB_WDI,WB_WDI_SH_XPD_CHEX_GD_ZS,ATG,_T,_T,_T,_Z,_Z,_Z,2015,A,PT_GDP,
10.273642,P1Y,0,,A,PU,_Z,2,,,False,WB_WDI,WB_WDI_SH_XPD_CHEX_GD_ZS,ARG,_T,_T,_T,_Z,_Z,_Z,2015,A,PT_GDP,
10.117627,P1Y,0,,A,PU,_Z,2,,,False,WB_WDI,WB_WDI_SH_XPD_CHEX_GD_ZS,ARM,_T,_T,_T,_Z,_Z,_Z,2015,A,PT_GDP,
10.13642,P1Y,0,,A,PU,_Z,2,,,False,WB_WDI,WB_WDI_SH_XPD_CHEX_GD_ZS,AUS,_T,_T,_T,_Z,_Z,_Z,2015,A,PT_GDP,
10.516884,P1Y,0,,A,PU,_Z,2,,,False,WB_WDI,WB_WDI_SH_XPD_CHEX_GD_ZS,AUT,_T,_T,_T,_Z,_Z,_Z,2015,A,PT_GDP,
5.045066,P1Y,0,,A,PU,_Z,2,,,False,WB_WDI,WB_WDI_SH_XPD_CHEX_GD_ZS,DOM,_T,_T,_T,_Z,_Z,_Z,2011,A,PT_GDP,
6.605097,P1Y,0,,A,PU,_Z,2,,,False,WB_WDI,WB_WDI_SH_XPD_CHEX_GD_ZS,ECU,_T,_T,_T,_Z,_Z,_Z,2011,A,PT_GDP,
4.357076,P1Y,0,,A,PU,_Z,2,,,False,WB_WDI,WB_WDI_SH_XPD_CHEX_GD_ZS,EGY,_T,_T,_T,_Z,_Z,_Z,2011,A,PT_GDP,
8.876454,P1Y,0,,A,PU,_Z,2,,,False,WB_WDI,WB_WDI_SH_XPD_CHEX_GD_ZS,SLV,_T,_T,_T,_Z,_Z,_Z,2011,A,PT_GDP,
1.543096,P1Y,0,,A,PU,_Z,2,,,False,WB_WDI,WB_WDI_SH_XPD_CHEX_GD_ZS,GNQ,_T,_T,_T,_Z,_Z,_Z,2011,A,PT_GDP,
5.16229,P1Y,0,,A,PU,_Z,2,,,False,WB_WDI,WB_WDI_SH_XPD_CHEX_GD_ZS,ERI,_T,_T,_T,_Z,_Z,_Z,2011,A,PT_GDP,
6.054717,P1Y,0,,A,PU,_Z,2,,,False,WB_WDI,WB_WDI_SH_XPD_CHEX_GD_ZS,EST,_T,_T,_T,_Z,_Z,_Z,2011,A,PT_GDP,
8.469973,P1Y,0,,A,PU,_Z,2,,,False,WB_WDI,WB_WDI_SH_XPD_CHEX_GD_ZS,SWZ,_T,_T,_T,_Z,_Z,_Z,2011,A,PT_GDP,
4.468977,P1Y,0,,A,PU,_Z,2,,,False,WB_WDI,WB_WDI_SH_XPD_CHEX_GD_ZS,ETH,_T,_T,_T,_Z,_Z,_Z,2011,A,PT_GDP,
3.142935,P1Y,0,,A,PU,_Z,2,,,False,WB_WDI,WB_WDI_SH_XPD_CHEX_GD_ZS,FJI,_T,_T,_T,_Z,_Z,_Z,2011,A,PT_GDP,
3.818852,P1Y,0,,A,PU,_Z,2,,,False,WB_WDI,WB_WDI_SH_XPD_CHEX_GD_ZS,LDC,_T,_T,_T,_Z,_Z,_Z,2018,A,PT_GDP,
5.113747,P1Y,0,,A,PU,_Z,2,,,False,WB_WDI,WB_WDI_SH_XPD_CHEX_GD_ZS,LMY,_T,_T,_T,_Z,_Z,_Z,2018,A,PT_GDP,
4.969987,P1Y,0,,A,PU,_Z,2,,,False,WB_WDI,WB_WDI_SH_XPD_CHEX_GD_ZS,LIC,_T,_T,_T,_Z,_Z,_Z,2018,A,PT_GDP,
3.301455,P1Y,0,,A,PU,_Z,2,,,False,WB_WDI,WB_WDI_SH_XPD_CHEX_GD_ZS,LMC,_T,_T,_T,_Z,_Z,_Z,2018,A,PT_GDP,
5.155677,P1Y,0,,A,PU,_Z,2,,,False,WB_WDI,WB_WDI_SH_XPD_CHEX_GD_ZS,MEA,_T,_T,_T,_Z,_Z,_Z,2018,A,PT_GDP,
5.208079,P1Y,0,,A,PU,_Z,2,,,False,WB_WDI,WB_WDI_SH_XPD_CHEX_GD_ZS,MNA,_T,_T,_T,_Z,_Z,_Z,2018,A,PT_GDP,
5.169273,P1Y,0,,A,PU,_Z,2,,,False,WB_WDI,WB_WDI_SH_XPD_CHEX_GD_ZS,TMN,_T,_T,_T,_Z,_Z,_Z,2018,A,PT_GDP,
5.11566,P1Y,0,,A,PU,_Z,2,,,False,WB_WDI,WB_WDI_SH_XPD_CHEX_GD_ZS,MIC,_T,_T,_T,_Z,_Z,_Z,2018,A,PT_GDP,
16.082176,P1Y,0,,A,PU,_Z,2,,,False,WB_WDI,WB_WDI_SH_XPD_CHEX_GD_ZS,NAC,_T,_T,_T,_Z,_Z,_Z,2018,A,PT_GDP,
12.24025,P1Y,0,,A,PU,_Z,2,,,False,WB_WDI,WB_WDI_SH_XPD_CHEX_GD_ZS,OED,_T,_T,_T,_Z,_Z,_Z,2018,A,PT_GDP,
6.557504,P1Y,0,,A,PU,_Z,2,,,False,WB_WDI,WB_WDI_SH_XPD_CHEX_GD_ZS,OSS,_T,_T,_T,_Z,_Z,_Z,2018,A,PT_GDP,
5.122753,P1Y,0,,A,PU,_Z,2,,,False,WB_WDI,WB_WDI_SH_XPD_CHEX_GD_ZS,PSS,_T,_T,_T,_Z,_Z,_Z,2018,A,PT_GDP,
12.667016,P1Y,0,,A,PU,_Z,2,,,False,WB_WDI,WB_WDI_SH_XPD_CHEX_GD_ZS,PST,_T,_T,_T,_Z,_Z,_Z,2018,A,PT_GDP,
6.09788,P1Y,0,,A,PU,_Z,2,,,False,WB_WDI,WB_WDI_SH_XPD_CHEX_GD_ZS,IRN,_T,_T,_T,_Z,_Z,_Z,2011,A,PT_GDP,
2.803164,P1Y,0,,A,PU,_Z,2,,,False,WB_WDI,WB_WDI_SH_XPD_CHEX_GD_ZS,IRQ,_T,_T,_T,_Z,_Z,_Z,2011,A,PT_GDP,
10.488865,P1Y,0,,A,PU,_Z,2,,,False,WB_WDI,WB_WDI_SH_XPD_CHEX_GD_ZS,IRL,_T,_T,_T,_Z,_Z,_Z,2011,A,PT_GDP,
6.80595,P1Y,0,,A,PU,_Z,2,,,False,WB_WDI,WB_WDI_SH_XPD_CHEX_GD_ZS,ISR,_T,_T,_T,_Z,_Z,_Z,2011,A,PT_GDP,
8.728508,P1Y,0,,A,PU,_Z,2,,,False,WB_WDI,WB_WDI_SH_XPD_CHEX_GD_ZS,ITA,_T,_T,_T,_Z,_Z,_Z,2011,A,PT_GDP,
6.523178,P1Y,0,,A,PU,_Z,2,,,False,WB_WDI,WB_WDI_SH_XPD_CHEX_GD_ZS,JAM,_T,_T,_T,_Z,_Z,_Z,2011,A,PT_GDP,
10.487802,P1Y,0,,A,PU,_Z,2,,,False,WB_WDI,WB_WDI_SH_XPD_CHEX_GD_ZS,JPN,_T,_T,_T,_Z,_Z,_Z,2011,A,PT_GDP,
8.148077,P1Y,0,,A,PU,_Z,2,,,False,WB_WDI,WB_WDI_SH_XPD_CHEX_GD_ZS,JOR,_T,_T,_T,_Z,_Z,_Z,2011,A,PT_GDP,
2.602367,P1Y,0,,A,PU,_Z,2,,,False,WB_WDI,WB_WDI_SH_XPD_CHEX_GD_ZS,KAZ,_T,_T,_T,_Z,_Z,_Z,2011,A,PT_GDP,
5.202128,P1Y,0,,A,PU,_Z,2,,,False,WB_WDI,WB_WDI_SH_XPD_CHEX_GD_ZS,KEN,_T,_T,_T,_Z,_Z,_Z,2011,A,PT_GDP,
7.989474,P1Y,0,,A,PU,_Z,2,,,False,WB_WDI,WB_WDI_SH_XPD_CHEX_GD_ZS,KIR,_T,_T,_T,_Z,_Z,_Z,2011,A,PT_GDP,
5.329605,P1Y,0,,A,PU,_Z,2,,,False,WB_WDI,WB_WDI_SH_XPD_CHEX_GD_ZS,LIC,_T,_T,_T,_Z,_Z,_Z,2009,A,PT_GDP,
3.797987,P1Y,0,,A,PU,_Z,2,,,False,WB_WDI,WB_WDI_SH_XPD_CHEX_GD_ZS,LMC,_T,_T,_T,_Z,_Z,_Z,2009,A,PT_GDP,
4.670664,P1Y,0,,A,PU,_Z,2,,,False,WB_WDI,WB_WDI_SH_XPD_CHEX_GD_ZS,MEA,_T,_T,_T,_Z,_Z,_Z,2009,A,PT_GDP,
4.944609,P1Y,0,,A,PU,_Z,2,,,False,WB_WDI,WB_WDI_SH_XPD_CHEX_GD_ZS,MNA,_T,_T,_T,_Z,_Z,_Z,2009,A,PT_GDP,
4.911316,P1Y,0,,A,PU,_Z,2,,,False,WB_WDI,WB_WDI_SH_XPD_CHEX_GD_ZS,TMN,_T,_T,_T,_Z,_Z,_Z,2009,A,PT_GDP,
5.100568,P1Y,0,,A,PU,_Z,2,,,False,WB_WDI,WB_WDI_SH_XPD_CHEX_GD_ZS,MIC,_T,_T,_T,_Z,_Z,_Z,2009,A,PT_GDP,
15.724047,P1Y,0,,A,PU,_Z,2,,,False,WB_WDI,WB_WDI_SH_XPD_CHEX_GD_ZS,NAC,_T,_T,_T,_Z,_Z,_Z,2009,A,PT_GDP,
11.611361,P1Y,0,,A,PU,_Z,2,,,False,WB_WDI,WB_WDI_SH_XPD_CHEX_GD_ZS,OED,_T,_T,_T,_Z,_Z,_Z,2009,A,PT_GDP,
6.274089,P1Y,0,,A,PU,_Z,2,,,False,WB_WDI,WB_WDI_SH_XPD_CHEX_GD_ZS,OSS,_T,_T,_T,_Z,_Z,_Z,2009,A,PT_GDP,
5.415628,P1Y,0,,A,PU,_Z,2,,,False,WB_WDI,WB_WDI_SH_XPD_CHEX_GD_ZS,PSS,_T,_T,_T,_Z,_Z,_Z,2009,A,PT_GDP,
11.912358,P1Y,0,,A,PU,_Z,2,,,False,WB_WDI,WB_WDI_SH_XPD_CHEX_GD_ZS,PST,_T,_T,_T,_Z,_Z,_Z,2009,A,PT_GDP,
4.203856,P1Y,0,,A,PU,_Z,2,,,False,WB_WDI,WB_WDI_SH_XPD_CHEX_GD_ZS,PRE,_T,_T,_T,_Z,_Z,_Z,2009,A,PT_GDP,
5.930791,P1Y,0,,A,PU,_Z,2,,,False,WB_WDI,WB_WDI_SH_XPD_CHEX_GD_ZS,SST,_T,_T,_T,_Z,_Z,_Z,2009,A,PT_GDP,
3.480753,P1Y,0,,A,PU,_Z,2,,,False,WB_WDI,WB_WDI_SH_XPD_CHEX_GD_ZS,SAS,_T,_T,_T,_Z,_Z,_Z,2009,A,PT_GDP,
5.573663,P1Y,0,,A,PU,_Z,2,,,False,WB_WDI,WB_WDI_SH_XPD_CHEX_GD_ZS,BLR,_T,_T,_T,_Z,_Z,_Z,2006,A,PT_GDP,
9.132566,P1Y,0,,A,PU,_Z,2,,,False,WB_WDI,WB_WDI_SH_XPD_CHEX_GD_ZS,BEL,_T,_T,_T,_Z,_Z,_Z,2006,A,PT_GDP,
3.548835,P1Y,0,,A,PU,_Z,2,,,False,WB_WDI,WB_WDI_SH_XPD_CHEX_GD_ZS,BLZ,_T,_T,_T,_Z,_Z,_Z,2006,A,PT_GDP,
3.287739,P1Y,0,,A,PU,_Z,2,,,False,WB_WDI,WB_WDI_SH_XPD_CHEX_GD_ZS,BEN,_T,_T,_T,_Z,_Z,_Z,2006,A,PT_GDP,
4.085239,P1Y,0,,A,PU,_Z,2,,,False,WB_WDI,WB_WDI_SH_XPD_CHEX_GD_ZS,BTN,_T,_T,_T,_Z,_Z,_Z,2006,A,PT_GDP,
4.660875,P1Y,0,,A,PU,_Z,2,,,False,WB_WDI,WB_WDI_SH_XPD_CHEX_GD_ZS,BOL,_T,_T,_T,_Z,_Z,_Z,2006,A,PT_GDP,
8.883627,P1Y,0,,A,PU,_Z,2,,,False,WB_WDI,WB_WDI_SH_XPD_CHEX_GD_ZS,BIH,_T,_T,_T,_Z,_Z,_Z,2006,A,PT_GDP,
4.875994,P1Y,0,,A,PU,_Z,2,,,False,WB_WDI,WB_WDI_SH_XPD_CHEX_GD_ZS,BWA,_T,_T,_T,_Z,_Z,_Z,2006,A,PT_GDP,
8.249525,P1Y,0,,A,PU,_Z,2,,,False,WB_WDI,WB_WDI_SH_XPD_CHEX_GD_ZS,BRA,_T,_T,_T,_Z,_Z,_Z,2006,A,PT_GDP,
1.907252,P1Y,0,,A,PU,_Z,2,,,False,WB_WDI,WB_WDI_SH_XPD_CHEX_GD_ZS,BRN,_T,_T,_T,_Z,_Z,_Z,2006,A,PT_GDP,
2.868808,P1Y,0,,A,PU,_Z,2,,,False,WB_WDI,WB_WDI_SH_XPD_CHEX_GD_ZS,BEN,_T,_T,_T,_Z,_Z,_Z,2013,A,PT_GDP,
3.348627,P1Y,0,,A,PU,_Z,2,,,False,WB_WDI,WB_WDI_SH_XPD_CHEX_GD_ZS,BTN,_T,_T,_T,_Z,_Z,_Z,2013,A,PT_GDP,
5.574651,P1Y,0,,A,PU,_Z,2,,,False,WB_WDI,WB_WDI_SH_XPD_CHEX_GD_ZS,BOL,_T,_T,_T,_Z,_Z,_Z,2013,A,PT_GDP,
9.436163,P1Y,0,,A,PU,_Z,2,,,False,WB_WDI,WB_WDI_SH_XPD_CHEX_GD_ZS,BIH,_T,_T,_T,_Z,_Z,_Z,2013,A,PT_GDP,
6.499136,P1Y,0,,A,PU,_Z,2,,,False,WB_WDI,WB_WDI_SH_XPD_CHEX_GD_ZS,BWA,_T,_T,_T,_Z,_Z,_Z,2013,A,PT_GDP,
7.976602,P1Y,0,,A,PU,_Z,2,,,False,WB_WDI,WB_WDI_SH_XPD_CHEX_GD_ZS,BRA,_T,_T,_T,_Z,_Z,_Z,2013,A,PT_GDP,
1.898314,P1Y,0,,A,PU,_Z,2,,,False,WB_WDI,WB_WDI_SH_XPD_CHEX_GD_ZS,BRN,_T,_T,_T,_Z,_Z,_Z,2013,A,PT_GDP,
7.141675,P1Y,0,,A,PU,_Z,2,,,False,WB_WDI,WB_WDI_SH_XPD_CHEX_GD_ZS,BGR,_T,_T,_T,_Z,_Z,_Z,2013,A,PT_GDP,
5.563316,P1Y,0,,A,PU,_Z,2,,,False,WB_WDI,WB_WDI_SH_XPD_CHEX_GD_ZS,BFA,_T,_T,_T,_Z,_Z,_Z,2013,A,PT_GDP,
4.494391,P1Y,0,,A,PU,_Z,2,,,False,WB_WDI,WB_WDI_SH_XPD_CHEX_GD_ZS,CMR,_T,_T,_T,_Z,_Z,_Z,2022,A,PT_GDP,
11.081197,P1Y,0,,A,PU,_Z,2,,,False,WB_WDI,WB_WDI_SH_XPD_CHEX_GD_ZS,CAN,_T,_T,_T,_Z,_Z,_Z,2022,A,PT_GDP,
9.949935,P1Y,0,,A,PU,_Z,2,,,False,WB_WDI,WB_WDI_SH_XPD_CHEX_GD_ZS,CAF,_T,_T,_T,_Z,_Z,_Z,2022,A,PT_GDP,
4.158236,P1Y,0,,A,PU,_Z,2,,,False,WB_WDI,WB_WDI_SH_XPD_CHEX_GD_ZS,TCD,_T,_T,_T,_Z,_Z,_Z,2022,A,PT_GDP,
10.005307,P1Y,0,,A,PU,_Z,2,,,False,WB_WDI,WB_WDI_SH_XPD_CHEX_GD_ZS,CHL,_T,_T,_T,_Z,_Z,_Z,2022,A,PT_GDP,
5.880788,P1Y,0,,A,PU,_Z,2,,,False,WB_WDI,WB_WDI_SH_XPD_CHEX_GD_ZS,CHN,_T,_T,_T,_Z,_Z,_Z,2022,A,PT_GDP,
7.590373,P1Y,0,,A,PU,_Z,2,,,False,WB_WDI,WB_WDI_SH_XPD_CHEX_GD_ZS,COL,_T,_T,_T,_Z,_Z,_Z,2022,A,PT_GDP,
8.471195,P1Y,0,,A,PU,_Z,2,,,False,WB_WDI,WB_WDI_SH_XPD_CHEX_GD_ZS,COM,_T,_T,_T,_Z,_Z,_Z,2022,A,PT_GDP,
3.94177,P1Y,0,,A,PU,_Z,2,,,False,WB_WDI,WB_WDI_SH_XPD_CHEX_GD_ZS,COD,_T,_T,_T,_Z,_Z,_Z,2022,A,PT_GDP,
2.300114,P1Y,0,,A,PU,_Z,2,,,False,WB_WDI,WB_WDI_SH_XPD_CHEX_GD_ZS,COG,_T,_T,_T,_Z,_Z,_Z,2022,A,PT_GDP,
7.183682,P1Y,0,,A,PU,_Z,2,,,False,WB_WDI,WB_WDI_SH_XPD_CHEX_GD_ZS,CRI,_T,_T,_T,_Z,_Z,_Z,2022,A,PT_GDP,
3.193538,P1Y,0,,A,PU,_Z,2,,,False,WB_WDI,WB_WDI_SH_XPD_CHEX_GD_ZS,GUY,_T,_T,_T,_Z,_Z,_Z,2002,A,PT_GDP,
3.432501,P1Y,0,,A,PU,_Z,2,,,False,WB_WDI,WB_WDI_SH_XPD_CHEX_GD_ZS,HTI,_T,_T,_T,_Z,_Z,_Z,2002,A,PT_GDP,
6.244576,P1Y,0,,A,PU,_Z,2,,,False,WB_WDI,WB_WDI_SH_XPD_CHEX_GD_ZS,HND,_T,_T,_T,_Z,_Z,_Z,2002,A,PT_GDP,
7.118116,P1Y,0,,A,PU,_Z,2,,,False,WB_WDI,WB_WDI_SH_XPD_CHEX_GD_ZS,HUN,_T,_T,_T,_Z,_Z,_Z,2002,A,PT_GDP,
9.403825,P1Y,0,,A,PU,_Z,2,,,False,WB_WDI,WB_WDI_SH_XPD_CHEX_GD_ZS,ISL,_T,_T,_T,_Z,_Z,_Z,2002,A,PT_GDP,
4.314534,P1Y,0,,A,PU,_Z,2,,,False,WB_WDI,WB_WDI_SH_XPD_CHEX_GD_ZS,IND,_T,_T,_T,_Z,_Z,_Z,2002,A,PT_GDP,
1.980627,P1Y,0,,A,PU,_Z,2,,,False,WB_WDI,WB_WDI_SH_XPD_CHEX_GD_ZS,IDN,_T,_T,_T,_Z,_Z,_Z,2002,A,PT_GDP,
4.651822,P1Y,0,,A,PU,_Z,2,,,False,WB_WDI,WB_WDI_SH_XPD_CHEX_GD_ZS,IRN,_T,_T,_T,_Z,_Z,_Z,2002,A,PT_GDP,
6.67263,P1Y,0,,A,PU,_Z,2,,,False,WB_WDI,WB_WDI_SH_XPD_CHEX_GD_ZS,IRL,_T,_T,_T,_Z,_Z,_Z,2002,A,PT_GDP,
6.907675,P1Y,0,,A,PU,_Z,2,,,False,WB_WDI,WB_WDI_SH_XPD_CHEX_GD_ZS,ISR,_T,_T,_T,_Z,_Z,_Z,2002,A,PT_GDP,
5.30093,P1Y,0,,A,PU,_Z,2,,,False,WB_WDI,WB_WDI_SH_XPD_CHEX_GD_ZS,MEX,_T,_T,_T,_Z,_Z,_Z,2011,A,PT_GDP,
13.222826,P1Y,0,,A,PU,_Z,2,,,False,WB_WDI,WB_WDI_SH_XPD_CHEX_GD_ZS,FSM,_T,_T,_T,_Z,_Z,_Z,2011,A,PT_GDP,
9.096704,P1Y,0,,A,PU,_Z,2,,,False,WB_WDI,WB_WDI_SH_XPD_CHEX_GD_ZS,MDA,_T,_T,_T,_Z,_Z,_Z,2011,A,PT_GDP,
4.63545,P1Y,0,,A,PU,_Z,2,,,False,WB_WDI,WB_WDI_SH_XPD_CHEX_GD_ZS,MCO,_T,_T,_T,_Z,_Z,_Z,2011,A,PT_GDP,
3.586121,P1Y,0,,A,PU,_Z,2,,,False,WB_WDI,WB_WDI_SH_XPD_CHEX_GD_ZS,MNG,_T,_T,_T,_Z,_Z,_Z,2011,A,PT_GDP,
7.966922,P1Y,0,,A,PU,_Z,2,,,False,WB_WDI,WB_WDI_SH_XPD_CHEX_GD_ZS,MNE,_T,_T,_T,_Z,_Z,_Z,2011,A,PT_GDP,
5.370194,P1Y,0,,A,PU,_Z,2,,,False,WB_WDI,WB_WDI_SH_XPD_CHEX_GD_ZS,MAR,_T,_T,_T,_Z,_Z,_Z,2011,A,PT_GDP,
4.921764,P1Y,0,,A,PU,_Z,2,,,False,WB_WDI,WB_WDI_SH_XPD_CHEX_GD_ZS,MOZ,_T,_T,_T,_Z,_Z,_Z,2011,A,PT_GDP,
1.950778,P1Y,0,,A,PU,_Z,2,,,False,WB_WDI,WB_WDI_SH_XPD_CHEX_GD_ZS,MMR,_T,_T,_T,_Z,_Z,_Z,2011,A,PT_GDP,
10.860683,P1Y,0,,A,PU,_Z,2,,,False,WB_WDI,WB_WDI_SH_XPD_CHEX_GD_ZS,NAM,_T,_T,_T,_Z,_Z,_Z,2011,A,PT_GDP,
9.971237,P1Y,0,,A,PU,_Z,2,,,False,WB_WDI,WB_WDI_SH_XPD_CHEX_GD_ZS,NRU,_T,_T,_T,_Z,_Z,_Z,2011,A,PT_GDP,
2.922148,P1Y,0,,A,PU,_Z,2,,,False,WB_WDI,WB_WDI_SH_XPD_CHEX_GD_ZS,GNQ,_T,_T,_T,_Z,_Z,_Z,2018,A,PT_GDP,
4.247489,P1Y,0,,A,PU,_Z,2,,,False,WB_WDI,WB_WDI_SH_XPD_CHEX_GD_ZS,ERI,_T,_T,_T,_Z,_Z,_Z,2018,A,PT_GDP,
6.563144,P1Y,0,,A,PU,_Z,2,,,False,WB_WDI,WB_WDI_SH_XPD_CHEX_GD_ZS,EST,_T,_T,_T,_Z,_Z,_Z,2018,A,PT_GDP,
7.319377,P1Y,0,,A,PU,_Z,2,,,False,WB_WDI,WB_WDI_SH_XPD_CHEX_GD_ZS,SWZ,_T,_T,_T,_Z,_Z,_Z,2018,A,PT_GDP,
3.303718,P1Y,0,,A,PU,_Z,2,,,False,WB_WDI,WB_WDI_SH_XPD_CHEX_GD_ZS,ETH,_T,_T,_T,_Z,_Z,_Z,2018,A,PT_GDP,
4.105726,P1Y,0,,A,PU,_Z,2,,,False,WB_WDI,WB_WDI_SH_XPD_CHEX_GD_ZS,FJI,_T,_T,_T,_Z,_Z,_Z,2018,A,PT_GDP,
9.10587,P1Y,0,,A,PU,_Z,2,,,False,WB_WDI,WB_WDI_SH_XPD_CHEX_GD_ZS,FIN,_T,_T,_T,_Z,_Z,_Z,2018,A,PT_GDP,
11.308476,P1Y,0,,A,PU,_Z,2,,,False,WB_WDI,WB_WDI_SH_XPD_CHEX_GD_ZS,FRA,_T,_T,_T,_Z,_Z,_Z,2018,A,PT_GDP,
2.752351,P1Y,0,,A,PU,_Z,2,,,False,WB_WDI,WB_WDI_SH_XPD_CHEX_GD_ZS,GAB,_T,_T,_T,_Z,_Z,_Z,2018,A,PT_GDP,
3.185012,P1Y,0,,A,PU,_Z,2,,,False,WB_WDI,WB_WDI_SH_XPD_CHEX_GD_ZS,GMB,_T,_T,_T,_Z,_Z,_Z,2018,A,PT_GDP,
7.755246,P1Y,0,,A,PU,_Z,2,,,False,WB_WDI,WB_WDI_SH_XPD_CHEX_GD_ZS,GEO,_T,_T,_T,_Z,_Z,_Z,2018,A,PT_GDP,
6.390595,P1Y,0,,A,PU,_Z,2,,,False,WB_WDI,WB_WDI_SH_XPD_CHEX_GD_ZS,POL,_T,_T,_T,_Z,_Z,_Z,2014,A,PT_GDP,
9.335708,P1Y,0,,A,PU,_Z,2,,,False,WB_WDI,WB_WDI_SH_XPD_CHEX_GD_ZS,PRT,_T,_T,_T,_Z,_Z,_Z,2014,A,PT_GDP,
2.422936,P1Y,0,,A,PU,_Z,2,,,False,WB_WDI,WB_WDI_SH_XPD_CHEX_GD_ZS,QAT,_T,_T,_T,_Z,_Z,_Z,2014,A,PT_GDP,
5.027682,P1Y,0,,A,PU,_Z,2,,,False,WB_WDI,WB_WDI_SH_XPD_CHEX_GD_ZS,ROU,_T,_T,_T,_Z,_Z,_Z,2014,A,PT_GDP,
5.182094,P1Y,0,,A,PU,_Z,2,,,False,WB_WDI,WB_WDI_SH_XPD_CHEX_GD_ZS,RUS,_T,_T,_T,_Z,_Z,_Z,2014,A,PT_GDP,
6.98449,P1Y,0,,A,PU,_Z,2,,,False,WB_WDI,WB_WDI_SH_XPD_CHEX_GD_ZS,RWA,_T,_T,_T,_Z,_Z,_Z,2014,A,PT_GDP,
6.361472,P1Y,0,,A,PU,_Z,2,,,False,WB_WDI,WB_WDI_SH_XPD_CHEX_GD_ZS,WSM,_T,_T,_T,_Z,_Z,_Z,2014,A,PT_GDP,
8.300918,P1Y,0,,A,PU,_Z,2,,,False,WB_WDI,WB_WDI_SH_XPD_CHEX_GD_ZS,SMR,_T,_T,_T,_Z,_Z,_Z,2014,A,PT_GDP,
7.914521,P1Y,0,,A,PU,_Z,2,,,False,WB_WDI,WB_WDI_SH_XPD_CHEX_GD_ZS,STP,_T,_T,_T,_Z,_Z,_Z,2014,A,PT_GDP,
5.158009,P1Y,0,,A,PU,_Z,2,,,False,WB_WDI,WB_WDI_SH_XPD_CHEX_GD_ZS,SAU,_T,_T,_T,_Z,_Z,_Z,2014,A,PT_GDP,
4.053451,P1Y,0,,A,PU,_Z,2,,,False,WB_WDI,WB_WDI_SH_XPD_CHEX_GD_ZS,BLZ,_T,_T,_T,_Z,_Z,_Z,2007,A,PT_GDP,
2.937156,P1Y,0,,A,PU,_Z,2,,,False,WB_WDI,WB_WDI_SH_XPD_CHEX_GD_ZS,BEN,_T,_T,_T,_Z,_Z,_Z,2007,A,PT_GDP,
3.837749,P1Y,0,,A,PU,_Z,2,,,False,WB_WDI,WB_WDI_SH_XPD_CHEX_GD_ZS,BTN,_T,_T,_T,_Z,_Z,_Z,2007,A,PT_GDP,
4.696889,P1Y,0,,A,PU,_Z,2,,,False,WB_WDI,WB_WDI_SH_XPD_CHEX_GD_ZS,BOL,_T,_T,_T,_Z,_Z,_Z,2007,A,PT_GDP,
9.255014,P1Y,0,,A,PU,_Z,2,,,False,WB_WDI,WB_WDI_SH_XPD_CHEX_GD_ZS,BIH,_T,_T,_T,_Z,_Z,_Z,2007,A,PT_GDP,
5.520807,P1Y,0,,A,PU,_Z,2,,,False,WB_WDI,WB_WDI_SH_XPD_CHEX_GD_ZS,BWA,_T,_T,_T,_Z,_Z,_Z,2007,A,PT_GDP,
8.20183,P1Y,0,,A,PU,_Z,2,,,False,WB_WDI,WB_WDI_SH_XPD_CHEX_GD_ZS,BRA,_T,_T,_T,_Z,_Z,_Z,2007,A,PT_GDP,
1.941454,P1Y,0,,A,PU,_Z,2,,,False,WB_WDI,WB_WDI_SH_XPD_CHEX_GD_ZS,BRN,_T,_T,_T,_Z,_Z,_Z,2007,A,PT_GDP,
6.156518,P1Y,0,,A,PU,_Z,2,,,False,WB_WDI,WB_WDI_SH_XPD_CHEX_GD_ZS,BGR,_T,_T,_T,_Z,_Z,_Z,2007,A,PT_GDP,
5.77535,P1Y,0,,A,PU,_Z,2,,,False,WB_WDI,WB_WDI_SH_XPD_CHEX_GD_ZS,BFA,_T,_T,_T,_Z,_Z,_Z,2007,A,PT_GDP,
3.347982,P1Y,0,,A,PU,_Z,2,,,False,WB_WDI,WB_WDI_SH_XPD_CHEX_GD_ZS,FJI,_T,_T,_T,_Z,_Z,_Z,2006,A,PT_GDP,
8.285843,P1Y,0,,A,PU,_Z,2,,,False,WB_WDI,WB_WDI_SH_XPD_CHEX_GD_ZS,FIN,_T,_T,_T,_Z,_Z,_Z,2006,A,PT_GDP,
10.39765,P1Y,0,,A,PU,_Z,2,,,False,WB_WDI,WB_WDI_SH_XPD_CHEX_GD_ZS,FRA,_T,_T,_T,_Z,_Z,_Z,2006,A,PT_GDP,
3.146239,P1Y,0,,A,PU,_Z,2,,,False,WB_WDI,WB_WDI_SH_XPD_CHEX_GD_ZS,GAB,_T,_T,_T,_Z,_Z,_Z,2006,A,PT_GDP,
5.437208,P1Y,0,,A,PU,_Z,2,,,False,WB_WDI,WB_WDI_SH_XPD_CHEX_GD_ZS,GMB,_T,_T,_T,_Z,_Z,_Z,2006,A,PT_GDP,
7.63208,P1Y,0,,A,PU,_Z,2,,,False,WB_WDI,WB_WDI_SH_XPD_CHEX_GD_ZS,GEO,_T,_T,_T,_Z,_Z,_Z,2006,A,PT_GDP,
9.962369,P1Y,0,,A,PU,_Z,2,,,False,WB_WDI,WB_WDI_SH_XPD_CHEX_GD_ZS,DEU,_T,_T,_T,_Z,_Z,_Z,2006,A,PT_GDP,
3.672088,P1Y,0,,A,PU,_Z,2,,,False,WB_WDI,WB_WDI_SH_XPD_CHEX_GD_ZS,GHA,_T,_T,_T,_Z,_Z,_Z,2006,A,PT_GDP,
8.395969,P1Y,0,,A,PU,_Z,2,,,False,WB_WDI,WB_WDI_SH_XPD_CHEX_GD_ZS,GRC,_T,_T,_T,_Z,_Z,_Z,2006,A,PT_GDP,
5.113522,P1Y,0,,A,PU,_Z,2,,,False,WB_WDI,WB_WDI_SH_XPD_CHEX_GD_ZS,GRD,_T,_T,_T,_Z,_Z,_Z,2006,A,PT_GDP,
4.623609,P1Y,0,,A,PU,_Z,2,,,False,WB_WDI,WB_WDI_SH_XPD_CHEX_GD_ZS,BHR,_T,_T,_T,_Z,_Z,_Z,2016,A,PT_GDP,
2.389382,P1Y,0,,A,PU,_Z,2,,,False,WB_WDI,WB_WDI_SH_XPD_CHEX_GD_ZS,BGD,_T,_T,_T,_Z,_Z,_Z,2016,A,PT_GDP,
6.194795,P1Y,0,,A,PU,_Z,2,,,False,WB_WDI,WB_WDI_SH_XPD_CHEX_GD_ZS,BRB,_T,_T,_T,_Z,_Z,_Z,2016,A,PT_GDP,
5.910542,P1Y,0,,A,PU,_Z,2,,,False,WB_WDI,WB_WDI_SH_XPD_CHEX_GD_ZS,BLR,_T,_T,_T,_Z,_Z,_Z,2016,A,PT_GDP,
10.898337,P1Y,0,,A,PU,_Z,2,,,False,WB_WDI,WB_WDI_SH_XPD_CHEX_GD_ZS,BEL,_T,_T,_T,_Z,_Z,_Z,2016,A,PT_GDP,
4.772072,P1Y,0,,A,PU,_Z,2,,,False,WB_WDI,WB_WDI_SH_XPD_CHEX_GD_ZS,BLZ,_T,_T,_T,_Z,_Z,_Z,2016,A,PT_GDP,
3.620429,P1Y,0,,A,PU,_Z,2,,,False,WB_WDI,WB_WDI_SH_XPD_CHEX_GD_ZS,BEN,_T,_T,_T,_Z,_Z,_Z,2016,A,PT_GDP,
3.277567,P1Y,0,,A,PU,_Z,2,,,False,WB_WDI,WB_WDI_SH_XPD_CHEX_GD_ZS,BTN,_T,_T,_T,_Z,_Z,_Z,2016,A,PT_GDP,
6.833331,P1Y,0,,A,PU,_Z,2,,,False,WB_WDI,WB_WDI_SH_XPD_CHEX_GD_ZS,BOL,_T,_T,_T,_Z,_Z,_Z,2016,A,PT_GDP,
5.789395,P1Y,0,,A,PU,_Z,2,,,False,WB_WDI,WB_WDI_SH_XPD_CHEX_GD_ZS,MAR,_T,_T,_T,_Z,_Z,_Z,2020,A,PT_GDP,
7.5519,P1Y,0,,A,PU,_Z,2,,,False,WB_WDI,WB_WDI_SH_XPD_CHEX_GD_ZS,MOZ,_T,_T,_T,_Z,_Z,_Z,2020,A,PT_GDP,
4.278087,P1Y,0,,A,PU,_Z,2,,,False,WB_WDI,WB_WDI_SH_XPD_CHEX_GD_ZS,MMR,_T,_T,_T,_Z,_Z,_Z,2020,A,PT_GDP,
9.560602,P1Y,0,,A,PU,_Z,2,,,False,WB_WDI,WB_WDI_SH_XPD_CHEX_GD_ZS,NAM,_T,_T,_T,_Z,_Z,_Z,2020,A,PT_GDP,
11.556502,P1Y,0,,A,PU,_Z,2,,,False,WB_WDI,WB_WDI_SH_XPD_CHEX_GD_ZS,NRU,_T,_T,_T,_Z,_Z,_Z,2020,A,PT_GDP,
5.208097,P1Y,0,,A,PU,_Z,2,,,False,WB_WDI,WB_WDI_SH_XPD_CHEX_GD_ZS,NPL,_T,_T,_T,_Z,_Z,_Z,2020,A,PT_GDP,
10.949547,P1Y,0,,A,PU,_Z,2,,,False,WB_WDI,WB_WDI_SH_XPD_CHEX_GD_ZS,NLD,_T,_T,_T,_Z,_Z,_Z,2020,A,PT_GDP,
9.252402,P1Y,0,,A,PU,_Z,2,,,False,WB_WDI,WB_WDI_SH_XPD_CHEX_GD_ZS,NZL,_T,_T,_T,_Z,_Z,_Z,2020,A,PT_GDP,
8.557393,P1Y,0,,A,PU,_Z,2,,,False,WB_WDI,WB_WDI_SH_XPD_CHEX_GD_ZS,NIC,_T,_T,_T,_Z,_Z,_Z,2020,A,PT_GDP,
6.170123,P1Y,0,,A,PU,_Z,2,,,False,WB_WDI,WB_WDI_SH_XPD_CHEX_GD_ZS,NER,_T,_T,_T,_Z,_Z,_Z,2020,A,PT_GDP,
3.380634,P1Y,0,,A,PU,_Z,2,,,False,WB_WDI,WB_WDI_SH_XPD_CHEX_GD_ZS,NGA,_T,_T,_T,_Z,_Z,_Z,2020,A,PT_GDP,
8.343622,P1Y,0,,A,PU,_Z,2,,,False,WB_WDI,WB_WDI_SH_XPD_CHEX_GD_ZS,FIN,_T,_T,_T,_Z,_Z,_Z,2008,A,PT_GDP,
10.513407,P1Y,0,,A,PU,_Z,2,,,False,WB_WDI,WB_WDI_SH_XPD_CHEX_GD_ZS,FRA,_T,_T,_T,_Z,_Z,_Z,2008,A,PT_GDP,
2.847607,P1Y,0,,A,PU,_Z,2,,,False,WB_WDI,WB_WDI_SH_XPD_CHEX_GD_ZS,GAB,_T,_T,_T,_Z,_Z,_Z,2008,A,PT_GDP,
4.659388,P1Y,0,,A,PU,_Z,2,,,False,WB_WDI,WB_WDI_SH_XPD_CHEX_GD_ZS,GMB,_T,_T,_T,_Z,_Z,_Z,2008,A,PT_GDP,
8.444241,P1Y,0,,A,PU,_Z,2,,,False,WB_WDI,WB_WDI_SH_XPD_CHEX_GD_ZS,GEO,_T,_T,_T,_Z,_Z,_Z,2008,A,PT_GDP,
10.031857,P1Y,0,,A,PU,_Z,2,,,False,WB_WDI,WB_WDI_SH_XPD_CHEX_GD_ZS,DEU,_T,_T,_T,_Z,_Z,_Z,2008,A,PT_GDP,
3.725335,P1Y,0,,A,PU,_Z,2,,,False,WB_WDI,WB_WDI_SH_XPD_CHEX_GD_ZS,GHA,_T,_T,_T,_Z,_Z,_Z,2008,A,PT_GDP,
8.948102,P1Y,0,,A,PU,_Z,2,,,False,WB_WDI,WB_WDI_SH_XPD_CHEX_GD_ZS,GRC,_T,_T,_T,_Z,_Z,_Z,2008,A,PT_GDP,
5.386199,P1Y,0,,A,PU,_Z,2,,,False,WB_WDI,WB_WDI_SH_XPD_CHEX_GD_ZS,GRD,_T,_T,_T,_Z,_Z,_Z,2008,A,PT_GDP,
6.0813,P1Y,0,,A,PU,_Z,2,,,False,WB_WDI,WB_WDI_SH_XPD_CHEX_GD_ZS,GTM,_T,_T,_T,_Z,_Z,_Z,2008,A,PT_GDP,
5.666421,P1Y,0,,A,PU,_Z,2,,,False,WB_WDI,WB_WDI_SH_XPD_CHEX_GD_ZS,NER,_T,_T,_T,_Z,_Z,_Z,2019,A,PT_GDP,
2.985471,P1Y,0,,A,PU,_Z,2,,,False,WB_WDI,WB_WDI_SH_XPD_CHEX_GD_ZS,NGA,_T,_T,_T,_Z,_Z,_Z,2019,A,PT_GDP,
7.066541,P1Y,0,,A,PU,_Z,2,,,False,WB_WDI,WB_WDI_SH_XPD_CHEX_GD_ZS,MKD,_T,_T,_T,_Z,_Z,_Z,2019,A,PT_GDP,
10.438075,P1Y,0,,A,PU,_Z,2,,,False,WB_WDI,WB_WDI_SH_XPD_CHEX_GD_ZS,NOR,_T,_T,_T,_Z,_Z,_Z,2019,A,PT_GDP,
3.80649,P1Y,0,,A,PU,_Z,2,,,False,WB_WDI,WB_WDI_SH_XPD_CHEX_GD_ZS,OMN,_T,_T,_T,_Z,_Z,_Z,2019,A,PT_GDP,
2.847369,P1Y,0,,A,PU,_Z,2,,,False,WB_WDI,WB_WDI_SH_XPD_CHEX_GD_ZS,PAK,_T,_T,_T,_Z,_Z,_Z,2019,A,PT_GDP,
12.174058,P1Y,0,,A,PU,_Z,2,,,False,WB_WDI,WB_WDI_SH_XPD_CHEX_GD_ZS,PLW,_T,_T,_T,_Z,_Z,_Z,2019,A,PT_GDP,
8.135418,P1Y,0,,A,PU,_Z,2,,,False,WB_WDI,WB_WDI_SH_XPD_CHEX_GD_ZS,PAN,_T,_T,_T,_Z,_Z,_Z,2019,A,PT_GDP,
2.325339,P1Y,0,,A,PU,_Z,2,,,False,WB_WDI,WB_WDI_SH_XPD_CHEX_GD_ZS,PNG,_T,_T,_T,_Z,_Z,_Z,2019,A,PT_GDP,
7.160819,P1Y,0,,A,PU,_Z,2,,,False,WB_WDI,WB_WDI_SH_XPD_CHEX_GD_ZS,PRY,_T,_T,_T,_Z,_Z,_Z,2019,A,PT_GDP,
5.795099,P1Y,0,,A,PU,_Z,2,,,False,WB_WDI,WB_WDI_SH_XPD_CHEX_GD_ZS,DMA,_T,_T,_T,_Z,_Z,_Z,2012,A,PT_GDP,
5.058973,P1Y,0,,A,PU,_Z,2,,,False,WB_WDI,WB_WDI_SH_XPD_CHEX_GD_ZS,DOM,_T,_T,_T,_Z,_Z,_Z,2012,A,PT_GDP,
6.878598,P1Y,0,,A,PU,_Z,2,,,False,WB_WDI,WB_WDI_SH_XPD_CHEX_GD_ZS,ECU,_T,_T,_T,_Z,_Z,_Z,2012,A,PT_GDP,
4.458918,P1Y,0,,A,PU,_Z,2,,,False,WB_WDI,WB_WDI_SH_XPD_CHEX_GD_ZS,EGY,_T,_T,_T,_Z,_Z,_Z,2012,A,PT_GDP,
8.606254,P1Y,0,,A,PU,_Z,2,,,False,WB_WDI,WB_WDI_SH_XPD_CHEX_GD_ZS,SLV,_T,_T,_T,_Z,_Z,_Z,2012,A,PT_GDP,
1.622903,P1Y,0,,A,PU,_Z,2,,,False,WB_WDI,WB_WDI_SH_XPD_CHEX_GD_ZS,GNQ,_T,_T,_T,_Z,_Z,_Z,2012,A,PT_GDP,
3.742458,P1Y,0,,A,PU,_Z,2,,,False,WB_WDI,WB_WDI_SH_XPD_CHEX_GD_ZS,ERI,_T,_T,_T,_Z,_Z,_Z,2012,A,PT_GDP,
6.037821,P1Y,0,,A,PU,_Z,2,,,False,WB_WDI,WB_WDI_SH_XPD_CHEX_GD_ZS,EST,_T,_T,_T,_Z,_Z,_Z,2012,A,PT_GDP,
7.820476,P1Y,0,,A,PU,_Z,2,,,False,WB_WDI,WB_WDI_SH_XPD_CHEX_GD_ZS,SWZ,_T,_T,_T,_Z,_Z,_Z,2012,A,PT_GDP,
4.539596,P1Y,0,,A,PU,_Z,2,,,False,WB_WDI,WB_WDI_SH_XPD_CHEX_GD_ZS,ETH,_T,_T,_T,_Z,_Z,_Z,2012,A,PT_GDP,
3.26555,P1Y,0,,A,PU,_Z,2,,,False,WB_WDI,WB_WDI_SH_XPD_CHEX_GD_ZS,FJI,_T,_T,_T,_Z,_Z,_Z,2012,A,PT_GDP,
4.112206,P1Y,0,,A,PU,_Z,2,,,False,WB_WDI,WB_WDI_SH_XPD_CHEX_GD_ZS,ATG,_T,_T,_T,_Z,_Z,_Z,2006,A,PT_GDP,
7.709404,P1Y,0,,A,PU,_Z,2,,,False,WB_WDI,WB_WDI_SH_XPD_CHEX_GD_ZS,ARG,_T,_T,_T,_Z,_Z,_Z,2006,A,PT_GDP,
5.850071,P1Y,0,,A,PU,_Z,2,,,False,WB_WDI,WB_WDI_SH_XPD_CHEX_GD_ZS,ARM,_T,_T,_T,_Z,_Z,_Z,2006,A,PT_GDP,
7.971611,P1Y,0,,A,PU,_Z,2,,,False,WB_WDI,WB_WDI_SH_XPD_CHEX_GD_ZS,AUS,_T,_T,_T,_Z,_Z,_Z,2006,A,PT_GDP,
9.640739,P1Y,0,,A,PU,_Z,2,,,False,WB_WDI,WB_WDI_SH_XPD_CHEX_GD_ZS,AUT,_T,_T,_T,_Z,_Z,_Z,2006,A,PT_GDP,
2.070591,P1Y,0,,A,PU,_Z,2,,,False,WB_WDI,WB_WDI_SH_XPD_CHEX_GD_ZS,AZE,_T,_T,_T,_Z,_Z,_Z,2006,A,PT_GDP,
4.309358,P1Y,0,,A,PU,_Z,2,,,False,WB_WDI,WB_WDI_SH_XPD_CHEX_GD_ZS,BHS,_T,_T,_T,_Z,_Z,_Z,2006,A,PT_GDP,
2.981382,P1Y,0,,A,PU,_Z,2,,,False,WB_WDI,WB_WDI_SH_XPD_CHEX_GD_ZS,BHR,_T,_T,_T,_Z,_Z,_Z,2006,A,PT_GDP,
2.106466,P1Y,0,,A,PU,_Z,2,,,False,WB_WDI,WB_WDI_SH_XPD_CHEX_GD_ZS,BGD,_T,_T,_T,_Z,_Z,_Z,2006,A,PT_GDP,
5.904681,P1Y,0,,A,PU,_Z,2,,,False,WB_WDI,WB_WDI_SH_XPD_CHEX_GD_ZS,BRB,_T,_T,_T,_Z,_Z,_Z,2006,A,PT_GDP,
3.330934,P1Y,0,,A,PU,_Z,2,,,False,WB_WDI,WB_WDI_SH_XPD_CHEX_GD_ZS,LKA,_T,_T,_T,_Z,_Z,_Z,2017,A,PT_GDP,
5.273594,P1Y,0,,A,PU,_Z,2,,,False,WB_WDI,WB_WDI_SH_XPD_CHEX_GD_ZS,KNA,_T,_T,_T,_Z,_Z,_Z,2017,A,PT_GDP,
4.455619,P1Y,0,,A,PU,_Z,2,,,False,WB_WDI,WB_WDI_SH_XPD_CHEX_GD_ZS,LCA,_T,_T,_T,_Z,_Z,_Z,2017,A,PT_GDP,
4.231713,P1Y,0,,A,PU,_Z,2,,,False,WB_WDI,WB_WDI_SH_XPD_CHEX_GD_ZS,VCT,_T,_T,_T,_Z,_Z,_Z,2017,A,PT_GDP,
5.917674,P1Y,0,,A,PU,_Z,2,,,False,WB_WDI,WB_WDI_SH_XPD_CHEX_GD_ZS,SDN,_T,_T,_T,_Z,_Z,_Z,2017,A,PT_GDP,
5.322859,P1Y,0,,A,PU,_Z,2,,,False,WB_WDI,WB_WDI_SH_XPD_CHEX_GD_ZS,SUR,_T,_T,_T,_Z,_Z,_Z,2017,A,PT_GDP,
10.947309,P1Y,0,,A,PU,_Z,2,,,False,WB_WDI,WB_WDI_SH_XPD_CHEX_GD_ZS,SWE,_T,_T,_T,_Z,_Z,_Z,2017,A,PT_GDP,
11.374716,P1Y,0,,A,PU,_Z,2,,,False,WB_WDI,WB_WDI_SH_XPD_CHEX_GD_ZS,CHE,_T,_T,_T,_Z,_Z,_Z,2017,A,PT_GDP,
3.912993,P1Y,0,,A,PU,_Z,2,,,False,WB_WDI,WB_WDI_SH_XPD_CHEX_GD_ZS,SYR,_T,_T,_T,_Z,_Z,_Z,2017,A,PT_GDP,
6.85399,P1Y,0,,A,PU,_Z,2,,,False,WB_WDI,WB_WDI_SH_XPD_CHEX_GD_ZS,TJK,_T,_T,_T,_Z,_Z,_Z,2017,A,PT_GDP,
4.023257,P1Y,0,,A,PU,_Z,2,,,False,WB_WDI,WB_WDI_SH_XPD_CHEX_GD_ZS,TZA,_T,_T,_T,_Z,_Z,_Z,2017,A,PT_GDP,
3.852768,P1Y,0,,A,PU,_Z,2,,,False,WB_WDI,WB_WDI_SH_XPD_CHEX_GD_ZS,THA,_T,_T,_T,_Z,_Z,_Z,2017,A,PT_GDP,
5.919603,P1Y,0,,A,PU,_Z,2,,,False,WB_WDI,WB_WDI_SH_XPD_CHEX_GD_ZS,STP,_T,_T,_T,_Z,_Z,_Z,2018,A,PT_GDP,
5.340631,P1Y,0,,A,PU,_Z,2,,,False,WB_WDI,WB_WDI_SH_XPD_CHEX_GD_ZS,SAU,_T,_T,_T,_Z,_Z,_Z,2018,A,PT_GDP,
4.431821,P1Y,0,,A,PU,_Z,2,,,False,WB_WDI,WB_WDI_SH_XPD_CHEX_GD_ZS,SEN,_T,_T,_T,_Z,_Z,_Z,2018,A,PT_GDP,
8.184699,P1Y,0,,A,PU,_Z,2,,,False,WB_WDI,WB_WDI_SH_XPD_CHEX_GD_ZS,SRB,_T,_T,_T,_Z,_Z,_Z,2018,A,PT_GDP,
4.41706,P1Y,0,,A,PU,_Z,2,,,False,WB_WDI,WB_WDI_SH_XPD_CHEX_GD_ZS,SYC,_T,_T,_T,_Z,_Z,_Z,2018,A,PT_GDP,
5.299274,P1Y,0,,A,PU,_Z,2,,,False,WB_WDI,WB_WDI_SH_XPD_CHEX_GD_ZS,SLE,_T,_T,_T,_Z,_Z,_Z,2018,A,PT_GDP,
4.072757,P1Y,0,,A,PU,_Z,2,,,False,WB_WDI,WB_WDI_SH_XPD_CHEX_GD_ZS,SGP,_T,_T,_T,_Z,_Z,_Z,2018,A,PT_GDP,
6.636775,P1Y,0,,A,PU,_Z,2,,,False,WB_WDI,WB_WDI_SH_XPD_CHEX_GD_ZS,SVK,_T,_T,_T,_Z,_Z,_Z,2018,A,PT_GDP,
8.352286,P1Y,0,,A,PU,_Z,2,,,False,WB_WDI,WB_WDI_SH_XPD_CHEX_GD_ZS,SVN,_T,_T,_T,_Z,_Z,_Z,2018,A,PT_GDP,
3.864408,P1Y,0,,A,PU,_Z,2,,,False,WB_WDI,WB_WDI_SH_XPD_CHEX_GD_ZS,SLB,_T,_T,_T,_Z,_Z,_Z,2018,A,PT_GDP,
2.508733,P1Y,0,,A,PU,_Z,2,,,False,WB_WDI,WB_WDI_SH_XPD_CHEX_GD_ZS,SOM,_T,_T,_T,_Z,_Z,_Z,2018,A,PT_GDP,
2.914271,P1Y,0,,A,PU,_Z,2,,,False,WB_WDI,WB_WDI_SH_XPD_CHEX_GD_ZS,IDN,_T,_T,_T,_Z,_Z,_Z,2012,A,PT_GDP,
6.122354,P1Y,0,,A,PU,_Z,2,,,False,WB_WDI,WB_WDI_SH_XPD_CHEX_GD_ZS,IRN,_T,_T,_T,_Z,_Z,_Z,2012,A,PT_GDP,
2.693659,P1Y,0,,A,PU,_Z,2,,,False,WB_WDI,WB_WDI_SH_XPD_CHEX_GD_ZS,IRQ,_T,_T,_T,_Z,_Z,_Z,2012,A,PT_GDP,
10.474669,P1Y,0,,A,PU,_Z,2,,,False,WB_WDI,WB_WDI_SH_XPD_CHEX_GD_ZS,IRL,_T,_T,_T,_Z,_Z,_Z,2012,A,PT_GDP,
6.941853,P1Y,0,,A,PU,_Z,2,,,False,WB_WDI,WB_WDI_SH_XPD_CHEX_GD_ZS,ISR,_T,_T,_T,_Z,_Z,_Z,2012,A,PT_GDP,
8.798343,P1Y,0,,A,PU,_Z,2,,,False,WB_WDI,WB_WDI_SH_XPD_CHEX_GD_ZS,ITA,_T,_T,_T,_Z,_Z,_Z,2012,A,PT_GDP,
6.186029,P1Y,0,,A,PU,_Z,2,,,False,WB_WDI,WB_WDI_SH_XPD_CHEX_GD_ZS,JAM,_T,_T,_T,_Z,_Z,_Z,2012,A,PT_GDP,
10.671691,P1Y,0,,A,PU,_Z,2,,,False,WB_WDI,WB_WDI_SH_XPD_CHEX_GD_ZS,JPN,_T,_T,_T,_Z,_Z,_Z,2012,A,PT_GDP,
7.817996,P1Y,0,,A,PU,_Z,2,,,False,WB_WDI,WB_WDI_SH_XPD_CHEX_GD_ZS,JOR,_T,_T,_T,_Z,_Z,_Z,2012,A,PT_GDP,
3.03726,P1Y,0,,A,PU,_Z,2,,,False,WB_WDI,WB_WDI_SH_XPD_CHEX_GD_ZS,KAZ,_T,_T,_T,_Z,_Z,_Z,2012,A,PT_GDP,
5.018058,P1Y,0,,A,PU,_Z,2,,,False,WB_WDI,WB_WDI_SH_XPD_CHEX_GD_ZS,KEN,_T,_T,_T,_Z,_Z,_Z,2012,A,PT_GDP,
3.321013,P1Y,0,,A,PU,_Z,2,,,False,WB_WDI,WB_WDI_SH_XPD_CHEX_GD_ZS,CIV,_T,_T,_T,_Z,_Z,_Z,2016,A,PT_GDP,
6.691675,P1Y,0,,A,PU,_Z,2,,,False,WB_WDI,WB_WDI_SH_XPD_CHEX_GD_ZS,HRV,_T,_T,_T,_Z,_Z,_Z,2016,A,PT_GDP,
12.217696,P1Y,0,,A,PU,_Z,2,,,False,WB_WDI,WB_WDI_SH_XPD_CHEX_GD_ZS,CUB,_T,_T,_T,_Z,_Z,_Z,2016,A,PT_GDP,
6.652547,P1Y,0,,A,PU,_Z,2,,,False,WB_WDI,WB_WDI_SH_XPD_CHEX_GD_ZS,CYP,_T,_T,_T,_Z,_Z,_Z,2016,A,PT_GDP,
7.322586,P1Y,0,,A,PU,_Z,2,,,False,WB_WDI,WB_WDI_SH_XPD_CHEX_GD_ZS,CZE,_T,_T,_T,_Z,_Z,_Z,2016,A,PT_GDP,
10.282293,P1Y,0,,A,PU,_Z,2,,,False,WB_WDI,WB_WDI_SH_XPD_CHEX_GD_ZS,DNK,_T,_T,_T,_Z,_Z,_Z,2016,A,PT_GDP,
2.741661,P1Y,0,,A,PU,_Z,2,,,False,WB_WDI,WB_WDI_SH_XPD_CHEX_GD_ZS,DJI,_T,_T,_T,_Z,_Z,_Z,2016,A,PT_GDP,
5.123081,P1Y,0,,A,PU,_Z,2,,,False,WB_WDI,WB_WDI_SH_XPD_CHEX_GD_ZS,DMA,_T,_T,_T,_Z,_Z,_Z,2016,A,PT_GDP,
4.585824,P1Y,0,,A,PU,_Z,2,,,False,WB_WDI,WB_WDI_SH_XPD_CHEX_GD_ZS,DOM,_T,_T,_T,_Z,_Z,_Z,2016,A,PT_GDP,
7.588175,P1Y,0,,A,PU,_Z,2,,,False,WB_WDI,WB_WDI_SH_XPD_CHEX_GD_ZS,ECU,_T,_T,_T,_Z,_Z,_Z,2016,A,PT_GDP,
13.995353,P1Y,0,,A,PU,_Z,2,,,False,WB_WDI,WB_WDI_SH_XPD_CHEX_GD_ZS,USA,_T,_T,_T,_Z,_Z,_Z,2002,A,PT_GDP,
9.64023,P1Y,0,,A,PU,_Z,2,,,False,WB_WDI,WB_WDI_SH_XPD_CHEX_GD_ZS,URY,_T,_T,_T,_Z,_Z,_Z,2002,A,PT_GDP,
5.141649,P1Y,0,,A,PU,_Z,2,,,False,WB_WDI,WB_WDI_SH_XPD_CHEX_GD_ZS,UZB,_T,_T,_T,_Z,_Z,_Z,2002,A,PT_GDP,
3.904377,P1Y,0,,A,PU,_Z,2,,,False,WB_WDI,WB_WDI_SH_XPD_CHEX_GD_ZS,VUT,_T,_T,_T,_Z,_Z,_Z,2002,A,PT_GDP,
3.870759,P1Y,0,,A,PU,_Z,2,,,False,WB_WDI,WB_WDI_SH_XPD_CHEX_GD_ZS,VNM,_T,_T,_T,_Z,_Z,_Z,2002,A,PT_GDP,
11.046741,P1Y,0,,A,PU,_Z,2,,,False,WB_WDI,WB_WDI_SH_XPD_CHEX_GD_ZS,PSE,_T,_T,_T,_Z,_Z,_Z,2002,A,PT_GDP,
4.83238,P1Y,0,,A,PU,_Z,2,,,False,WB_WDI,WB_WDI_SH_XPD_CHEX_GD_ZS,YEM,_T,_T,_T,_Z,_Z,_Z,2002,A,PT_GDP,
5.888452,P1Y,0,,A,PU,_Z,2,,,False,WB_WDI,WB_WDI_SH_XPD_CHEX_GD_ZS,ZMB,_T,_T,_T,_Z,_Z,_Z,2002,A,PT_GDP,
5.98967,P1Y,0,,A,PU,_Z,2,,,False,WB_WDI,WB_WDI_SH_XPD_CHEX_GD_ZS,AFE,_T,_T,_T,_Z,_Z,_Z,2003,A,PT_GDP,
4.436122,P1Y,0,,A,PU,_Z,2,,,False,WB_WDI,WB_WDI_SH_XPD_CHEX_GD_ZS,AFW,_T,_T,_T,_Z,_Z,_Z,2003,A,PT_GDP,
4.770254,P1Y,0,,A,PU,_Z,2,,,False,WB_WDI,WB_WDI_SH_XPD_CHEX_GD_ZS,EAR,_T,_T,_T,_Z,_Z,_Z,2011,A,PT_GDP,
6.65349,P1Y,0,,A,PU,_Z,2,,,False,WB_WDI,WB_WDI_SH_XPD_CHEX_GD_ZS,EAS,_T,_T,_T,_Z,_Z,_Z,2011,A,PT_GDP,
4.084066,P1Y,0,,A,PU,_Z,2,,,False,WB_WDI,WB_WDI_SH_XPD_CHEX_GD_ZS,EAP,_T,_T,_T,_Z,_Z,_Z,2011,A,PT_GDP,
4.084223,P1Y,0,,A,PU,_Z,2,,,False,WB_WDI,WB_WDI_SH_XPD_CHEX_GD_ZS,TEA,_T,_T,_T,_Z,_Z,_Z,2011,A,PT_GDP,
9.994091,P1Y,0,,A,PU,_Z,2,,,False,WB_WDI,WB_WDI_SH_XPD_CHEX_GD_ZS,EMU,_T,_T,_T,_Z,_Z,_Z,2011,A,PT_GDP,
8.995528,P1Y,0,,A,PU,_Z,2,,,False,WB_WDI,WB_WDI_SH_XPD_CHEX_GD_ZS,ECS,_T,_T,_T,_Z,_Z,_Z,2011,A,PT_GDP,
4.878473,P1Y,0,,A,PU,_Z,2,,,False,WB_WDI,WB_WDI_SH_XPD_CHEX_GD_ZS,ECA,_T,_T,_T,_Z,_Z,_Z,2011,A,PT_GDP,
5.051902,P1Y,0,,A,PU,_Z,2,,,False,WB_WDI,WB_WDI_SH_XPD_CHEX_GD_ZS,TEC,_T,_T,_T,_Z,_Z,_Z,2011,A,PT_GDP,
9.770392,P1Y,0,,A,PU,_Z,2,,,False,WB_WDI,WB_WDI_SH_XPD_CHEX_GD_ZS,EUU,_T,_T,_T,_Z,_Z,_Z,2011,A,PT_GDP,
4.920784,P1Y,0,,A,PU,_Z,2,,,False,WB_WDI,WB_WDI_SH_XPD_CHEX_GD_ZS,HPC,_T,_T,_T,_Z,_Z,_Z,2011,A,PT_GDP,
11.222538,P1Y,0,,A,PU,_Z,2,,,False,WB_WDI,WB_WDI_SH_XPD_CHEX_GD_ZS,HIC,_T,_T,_T,_Z,_Z,_Z,2011,A,PT_GDP,
5.05589,P1Y,0,,A,PU,_Z,2,,,False,WB_WDI,WB_WDI_SH_XPD_CHEX_GD_ZS,IBD,_T,_T,_T,_Z,_Z,_Z,2011,A,PT_GDP,
4.968317,P1Y,0,,A,PU,_Z,2,,,False,WB_WDI,WB_WDI_SH_XPD_CHEX_GD_ZS,IBT,_T,_T,_T,_Z,_Z,_Z,2011,A,PT_GDP,
10.820818,P1Y,0,,A,PU,_Z,2,,,False,WB_WDI,WB_WDI_SH_XPD_CHEX_GD_ZS,NRU,_T,_T,_T,_Z,_Z,_Z,2005,A,PT_GDP,
3.950953,P1Y,0,,A,PU,_Z,2,,,False,WB_WDI,WB_WDI_SH_XPD_CHEX_GD_ZS,NPL,_T,_T,_T,_Z,_Z,_Z,2005,A,PT_GDP,
9.059846,P1Y,0,,A,PU,_Z,2,,,False,WB_WDI,WB_WDI_SH_XPD_CHEX_GD_ZS,NLD,_T,_T,_T,_Z,_Z,_Z,2005,A,PT_GDP,
8.273247,P1Y,0,,A,PU,_Z,2,,,False,WB_WDI,WB_WDI_SH_XPD_CHEX_GD_ZS,NZL,_T,_T,_T,_Z,_Z,_Z,2005,A,PT_GDP,
6.224689,P1Y,0,,A,PU,_Z,2,,,False,WB_WDI,WB_WDI_SH_XPD_CHEX_GD_ZS,NIC,_T,_T,_T,_Z,_Z,_Z,2005,A,PT_GDP,
5.877496,P1Y,0,,A,PU,_Z,2,,,False,WB_WDI,WB_WDI_SH_XPD_CHEX_GD_ZS,NER,_T,_T,_T,_Z,_Z,_Z,2005,A,PT_GDP,
4.465919,P1Y,0,,A,PU,_Z,2,,,False,WB_WDI,WB_WDI_SH_XPD_CHEX_GD_ZS,NGA,_T,_T,_T,_Z,_Z,_Z,2005,A,PT_GDP,
7.679075,P1Y,0,,A,PU,_Z,2,,,False,WB_WDI,WB_WDI_SH_XPD_CHEX_GD_ZS,MKD,_T,_T,_T,_Z,_Z,_Z,2005,A,PT_GDP,
8.298995,P1Y,0,,A,PU,_Z,2,,,False,WB_WDI,WB_WDI_SH_XPD_CHEX_GD_ZS,NOR,_T,_T,_T,_Z,_Z,_Z,2005,A,PT_GDP,
2.264791,P1Y,0,,A,PU,_Z,2,,,False,WB_WDI,WB_WDI_SH_XPD_CHEX_GD_ZS,OMN,_T,_T,_T,_Z,_Z,_Z,2005,A,PT_GDP,
2.373239,P1Y,0,,A,PU,_Z,2,,,False,WB_WDI,WB_WDI_SH_XPD_CHEX_GD_ZS,PAK,_T,_T,_T,_Z,_Z,_Z,2005,A,PT_GDP,
8.670207,P1Y,0,,A,PU,_Z,2,,,False,WB_WDI,WB_WDI_SH_XPD_CHEX_GD_ZS,AUS,_T,_T,_T,_Z,_Z,_Z,2012,A,PT_GDP,
10.301981,P1Y,0,,A,PU,_Z,2,,,False,WB_WDI,WB_WDI_SH_XPD_CHEX_GD_ZS,AUT,_T,_T,_T,_Z,_Z,_Z,2012,A,PT_GDP,
3.156821,P1Y,0,,A,PU,_Z,2,,,False,WB_WDI,WB_WDI_SH_XPD_CHEX_GD_ZS,AZE,_T,_T,_T,_Z,_Z,_Z,2012,A,PT_GDP,
5.319092,P1Y,0,,A,PU,_Z,2,,,False,WB_WDI,WB_WDI_SH_XPD_CHEX_GD_ZS,BHS,_T,_T,_T,_Z,_Z,_Z,2012,A,PT_GDP,
3.950611,P1Y,0,,A,PU,_Z,2,,,False,WB_WDI,WB_WDI_SH_XPD_CHEX_GD_ZS,BHR,_T,_T,_T,_Z,_Z,_Z,2012,A,PT_GDP,
2.353788,P1Y,0,,A,PU,_Z,2,,,False,WB_WDI,WB_WDI_SH_XPD_CHEX_GD_ZS,BGD,_T,_T,_T,_Z,_Z,_Z,2012,A,PT_GDP,
6.852188,P1Y,0,,A,PU,_Z,2,,,False,WB_WDI,WB_WDI_SH_XPD_CHEX_GD_ZS,BRB,_T,_T,_T,_Z,_Z,_Z,2012,A,PT_GDP,
5.245389,P1Y,0,,A,PU,_Z,2,,,False,WB_WDI,WB_WDI_SH_XPD_CHEX_GD_ZS,BLR,_T,_T,_T,_Z,_Z,_Z,2012,A,PT_GDP,
10.586535,P1Y,0,,A,PU,_Z,2,,,False,WB_WDI,WB_WDI_SH_XPD_CHEX_GD_ZS,BEL,_T,_T,_T,_Z,_Z,_Z,2012,A,PT_GDP,
4.34284,P1Y,0,,A,PU,_Z,2,,,False,WB_WDI,WB_WDI_SH_XPD_CHEX_GD_ZS,BLZ,_T,_T,_T,_Z,_Z,_Z,2012,A,PT_GDP,
3.07563,P1Y,0,,A,PU,_Z,2,,,False,WB_WDI,WB_WDI_SH_XPD_CHEX_GD_ZS,BEN,_T,_T,_T,_Z,_Z,_Z,2012,A,PT_GDP,
7.080987,P1Y,0,,A,PU,_Z,2,,,False,WB_WDI,WB_WDI_SH_XPD_CHEX_GD_ZS,BGR,_T,_T,_T,_Z,_Z,_Z,2002,A,PT_GDP,
4.179855,P1Y,0,,A,PU,_Z,2,,,False,WB_WDI,WB_WDI_SH_XPD_CHEX_GD_ZS,BFA,_T,_T,_T,_Z,_Z,_Z,2002,A,PT_GDP,
5.349836,P1Y,0,,A,PU,_Z,2,,,False,WB_WDI,WB_WDI_SH_XPD_CHEX_GD_ZS,BDI,_T,_T,_T,_Z,_Z,_Z,2002,A,PT_GDP,
3.724898,P1Y,0,,A,PU,_Z,2,,,False,WB_WDI,WB_WDI_SH_XPD_CHEX_GD_ZS,CPV,_T,_T,_T,_Z,_Z,_Z,2002,A,PT_GDP,
6.919528,P1Y,0,,A,PU,_Z,2,,,False,WB_WDI,WB_WDI_SH_XPD_CHEX_GD_ZS,KHM,_T,_T,_T,_Z,_Z,_Z,2002,A,PT_GDP,
4.026699,P1Y,0,,A,PU,_Z,2,,,False,WB_WDI,WB_WDI_SH_XPD_CHEX_GD_ZS,CMR,_T,_T,_T,_Z,_Z,_Z,2002,A,PT_GDP,
8.856652,P1Y,0,,A,PU,_Z,2,,,False,WB_WDI,WB_WDI_SH_XPD_CHEX_GD_ZS,CAN,_T,_T,_T,_Z,_Z,_Z,2002,A,PT_GDP,
4.236336,P1Y,0,,A,PU,_Z,2,,,False,WB_WDI,WB_WDI_SH_XPD_CHEX_GD_ZS,CAF,_T,_T,_T,_Z,_Z,_Z,2002,A,PT_GDP,
5.602512,P1Y,0,,A,PU,_Z,2,,,False,WB_WDI,WB_WDI_SH_XPD_CHEX_GD_ZS,TCD,_T,_T,_T,_Z,_Z,_Z,2002,A,PT_GDP,
7.208338,P1Y,0,,A,PU,_Z,2,,,False,WB_WDI,WB_WDI_SH_XPD_CHEX_GD_ZS,CHL,_T,_T,_T,_Z,_Z,_Z,2002,A,PT_GDP,
4.321562,P1Y,0,,A,PU,_Z,2,,,False,WB_WDI,WB_WDI_SH_XPD_CHEX_GD_ZS,CHN,_T,_T,_T,_Z,_Z,_Z,2002,A,PT_GDP,
7.377811,P1Y,0,,A,PU,_Z,2,,,False,WB_WDI,WB_WDI_SH_XPD_CHEX_GD_ZS,AND,_T,_T,_T,_Z,_Z,_Z,2018,A,PT_GDP,
2.298875,P1Y,0,,A,PU,_Z,2,,,False,WB_WDI,WB_WDI_SH_XPD_CHEX_GD_ZS,AGO,_T,_T,_T,_Z,_Z,_Z,2018,A,PT_GDP,
4.686565,P1Y,0,,A,PU,_Z,2,,,False,WB_WDI,WB_WDI_SH_XPD_CHEX_GD_ZS,ATG,_T,_T,_T,_Z,_Z,_Z,2018,A,PT_GDP,
10.172893,P1Y,0,,A,PU,_Z,2,,,False,WB_WDI,WB_WDI_SH_XPD_CHEX_GD_ZS,ARG,_T,_T,_T,_Z,_Z,_Z,2018,A,PT_GDP,
10.005434,P1Y,0,,A,PU,_Z,2,,,False,WB_WDI,WB_WDI_SH_XPD_CHEX_GD_ZS,ARM,_T,_T,_T,_Z,_Z,_Z,2018,A,PT_GDP,
10.089075,P1Y,0,,A,PU,_Z,2,,,False,WB_WDI,WB_WDI_SH_XPD_CHEX_GD_ZS,AUS,_T,_T,_T,_Z,_Z,_Z,2018,A,PT_GDP,
10.515716,P1Y,0,,A,PU,_Z,2,,,False,WB_WDI,WB_WDI_SH_XPD_CHEX_GD_ZS,AUT,_T,_T,_T,_Z,_Z,_Z,2018,A,PT_GDP,
3.836613,P1Y,0,,A,PU,_Z,2,,,False,WB_WDI,WB_WDI_SH_XPD_CHEX_GD_ZS,AZE,_T,_T,_T,_Z,_Z,_Z,2018,A,PT_GDP,
5.838903,P1Y,0,,A,PU,_Z,2,,,False,WB_WDI,WB_WDI_SH_XPD_CHEX_GD_ZS,BHS,_T,_T,_T,_Z,_Z,_Z,2018,A,PT_GDP,
3.943249,P1Y,0,,A,PU,_Z,2,,,False,WB_WDI,WB_WDI_SH_XPD_CHEX_GD_ZS,BHR,_T,_T,_T,_Z,_Z,_Z,2018,A,PT_GDP,
5.480788,P1Y,0,,A,PU,_Z,2,,,False,WB_WDI,WB_WDI_SH_XPD_CHEX_GD_ZS,STP,_T,_T,_T,_Z,_Z,_Z,2019,A,PT_GDP,
5.46743,P1Y,0,,A,PU,_Z,2,,,False,WB_WDI,WB_WDI_SH_XPD_CHEX_GD_ZS,SAU,_T,_T,_T,_Z,_Z,_Z,2019,A,PT_GDP,
4.49531,P1Y,0,,A,PU,_Z,2,,,False,WB_WDI,WB_WDI_SH_XPD_CHEX_GD_ZS,SEN,_T,_T,_T,_Z,_Z,_Z,2019,A,PT_GDP,
8.287625,P1Y,0,,A,PU,_Z,2,,,False,WB_WDI,WB_WDI_SH_XPD_CHEX_GD_ZS,SRB,_T,_T,_T,_Z,_Z,_Z,2019,A,PT_GDP,
4.252698,P1Y,0,,A,PU,_Z,2,,,False,WB_WDI,WB_WDI_SH_XPD_CHEX_GD_ZS,SYC,_T,_T,_T,_Z,_Z,_Z,2019,A,PT_GDP,
5.705285,P1Y,0,,A,PU,_Z,2,,,False,WB_WDI,WB_WDI_SH_XPD_CHEX_GD_ZS,SLE,_T,_T,_T,_Z,_Z,_Z,2019,A,PT_GDP,
4.407467,P1Y,0,,A,PU,_Z,2,,,False,WB_WDI,WB_WDI_SH_XPD_CHEX_GD_ZS,SGP,_T,_T,_T,_Z,_Z,_Z,2019,A,PT_GDP,
6.91103,P1Y,0,,A,PU,_Z,2,,,False,WB_WDI,WB_WDI_SH_XPD_CHEX_GD_ZS,SVK,_T,_T,_T,_Z,_Z,_Z,2019,A,PT_GDP,
8.565645,P1Y,0,,A,PU,_Z,2,,,False,WB_WDI,WB_WDI_SH_XPD_CHEX_GD_ZS,SVN,_T,_T,_T,_Z,_Z,_Z,2019,A,PT_GDP,
4.437281,P1Y,0,,A,PU,_Z,2,,,False,WB_WDI,WB_WDI_SH_XPD_CHEX_GD_ZS,SLB,_T,_T,_T,_Z,_Z,_Z,2019,A,PT_GDP,
2.406173,P1Y,0,,A,PU,_Z,2,,,False,WB_WDI,WB_WDI_SH_XPD_CHEX_GD_ZS,SOM,_T,_T,_T,_Z,_Z,_Z,2019,A,PT_GDP,
8.081966,P1Y,0,,A,PU,_Z,2,,,False,WB_WDI,WB_WDI_SH_XPD_CHEX_GD_ZS,ZAF,_T,_T,_T,_Z,_Z,_Z,2018,A,PT_GDP,
11.695394,P1Y,0,,A,PU,_Z,2,,,False,WB_WDI,WB_WDI_SH_XPD_CHEX_GD_ZS,SSD,_T,_T,_T,_Z,_Z,_Z,2018,A,PT_GDP,
9.071225,P1Y,0,,A,PU,_Z,2,,,False,WB_WDI,WB_WDI_SH_XPD_CHEX_GD_ZS,ESP,_T,_T,_T,_Z,_Z,_Z,2018,A,PT_GDP,
3.641888,P1Y,0,,A,PU,_Z,2,,,False,WB_WDI,WB_WDI_SH_XPD_CHEX_GD_ZS,LKA,_T,_T,_T,_Z,_Z,_Z,2018,A,PT_GDP,
4.896709,P1Y,0,,A,PU,_Z,2,,,False,WB_WDI,WB_WDI_SH_XPD_CHEX_GD_ZS,KNA,_T,_T,_T,_Z,_Z,_Z,2018,A,PT_GDP,
4.272624,P1Y,0,,A,PU,_Z,2,,,False,WB_WDI,WB_WDI_SH_XPD_CHEX_GD_ZS,LCA,_T,_T,_T,_Z,_Z,_Z,2018,A,PT_GDP,
4.253462,P1Y,0,,A,PU,_Z,2,,,False,WB_WDI,WB_WDI_SH_XPD_CHEX_GD_ZS,VCT,_T,_T,_T,_Z,_Z,_Z,2018,A,PT_GDP,
4.461729,P1Y,0,,A,PU,_Z,2,,,False,WB_WDI,WB_WDI_SH_XPD_CHEX_GD_ZS,SDN,_T,_T,_T,_Z,_Z,_Z,2018,A,PT_GDP,
6.605671,P1Y,0,,A,PU,_Z,2,,,False,WB_WDI,WB_WDI_SH_XPD_CHEX_GD_ZS,SUR,_T,_T,_T,_Z,_Z,_Z,2018,A,PT_GDP,
11.091327,P1Y,0,,A,PU,_Z,2,,,False,WB_WDI,WB_WDI_SH_XPD_CHEX_GD_ZS,SWE,_T,_T,_T,_Z,_Z,_Z,2018,A,PT_GDP,
11.198911,P1Y,0,,A,PU,_Z,2,,,False,WB_WDI,WB_WDI_SH_XPD_CHEX_GD_ZS,CHE,_T,_T,_T,_Z,_Z,_Z,2018,A,PT_GDP,
2.971007,P1Y,0,,A,PU,_Z,2,,,False,WB_WDI,WB_WDI_SH_XPD_CHEX_GD_ZS,SAU,_T,_T,_T,_Z,_Z,_Z,2008,A,PT_GDP,
3.506876,P1Y,0,,A,PU,_Z,2,,,False,WB_WDI,WB_WDI_SH_XPD_CHEX_GD_ZS,SEN,_T,_T,_T,_Z,_Z,_Z,2008,A,PT_GDP,
9.128072,P1Y,0,,A,PU,_Z,2,,,False,WB_WDI,WB_WDI_SH_XPD_CHEX_GD_ZS,SRB,_T,_T,_T,_Z,_Z,_Z,2008,A,PT_GDP,
3.515187,P1Y,0,,A,PU,_Z,2,,,False,WB_WDI,WB_WDI_SH_XPD_CHEX_GD_ZS,SYC,_T,_T,_T,_Z,_Z,_Z,2008,A,PT_GDP,
5.603326,P1Y,0,,A,PU,_Z,2,,,False,WB_WDI,WB_WDI_SH_XPD_CHEX_GD_ZS,SLE,_T,_T,_T,_Z,_Z,_Z,2008,A,PT_GDP,
3.194885,P1Y,0,,A,PU,_Z,2,,,False,WB_WDI,WB_WDI_SH_XPD_CHEX_GD_ZS,SGP,_T,_T,_T,_Z,_Z,_Z,2008,A,PT_GDP,
6.959784,P1Y,0,,A,PU,_Z,2,,,False,WB_WDI,WB_WDI_SH_XPD_CHEX_GD_ZS,SVK,_T,_T,_T,_Z,_Z,_Z,2008,A,PT_GDP,
7.892876,P1Y,0,,A,PU,_Z,2,,,False,WB_WDI,WB_WDI_SH_XPD_CHEX_GD_ZS,SVN,_T,_T,_T,_Z,_Z,_Z,2008,A,PT_GDP,
5.506563,P1Y,0,,A,PU,_Z,2,,,False,WB_WDI,WB_WDI_SH_XPD_CHEX_GD_ZS,SLB,_T,_T,_T,_Z,_Z,_Z,2008,A,PT_GDP,
7.148323,P1Y,0,,A,PU,_Z,2,,,False,WB_WDI,WB_WDI_SH_XPD_CHEX_GD_ZS,ZAF,_T,_T,_T,_Z,_Z,_Z,2008,A,PT_GDP,
7.26445,P1Y,0,,A,PU,_Z,2,,,False,WB_WDI,WB_WDI_SH_XPD_CHEX_GD_ZS,TLS,_T,_T,_T,_Z,_Z,_Z,2020,A,PT_GDP,
6.189284,P1Y,0,,A,PU,_Z,2,,,False,WB_WDI,WB_WDI_SH_XPD_CHEX_GD_ZS,TGO,_T,_T,_T,_Z,_Z,_Z,2020,A,PT_GDP,
5.559198,P1Y,0,,A,PU,_Z,2,,,False,WB_WDI,WB_WDI_SH_XPD_CHEX_GD_ZS,TON,_T,_T,_T,_Z,_Z,_Z,2020,A,PT_GDP,
7.476773,P1Y,0,,A,PU,_Z,2,,,False,WB_WDI,WB_WDI_SH_XPD_CHEX_GD_ZS,TTO,_T,_T,_T,_Z,_Z,_Z,2020,A,PT_GDP,
7.056126,P1Y,0,,A,PU,_Z,2,,,False,WB_WDI,WB_WDI_SH_XPD_CHEX_GD_ZS,TUN,_T,_T,_T,_Z,_Z,_Z,2020,A,PT_GDP,
4.616402,P1Y,0,,A,PU,_Z,2,,,False,WB_WDI,WB_WDI_SH_XPD_CHEX_GD_ZS,TUR,_T,_T,_T,_Z,_Z,_Z,2020,A,PT_GDP,
5.572261,P1Y,0,,A,PU,_Z,2,,,False,WB_WDI,WB_WDI_SH_XPD_CHEX_GD_ZS,TKM,_T,_T,_T,_Z,_Z,_Z,2020,A,PT_GDP,
17.887154,P1Y,0,,A,PU,_Z,2,,,False,WB_WDI,WB_WDI_SH_XPD_CHEX_GD_ZS,TUV,_T,_T,_T,_Z,_Z,_Z,2020,A,PT_GDP,
5.238655,P1Y,0,,A,PU,_Z,2,,,False,WB_WDI,WB_WDI_SH_XPD_CHEX_GD_ZS,UGA,_T,_T,_T,_Z,_Z,_Z,2020,A,PT_GDP,
7.562171,P1Y,0,,A,PU,_Z,2,,,False,WB_WDI,WB_WDI_SH_XPD_CHEX_GD_ZS,UKR,_T,_T,_T,_Z,_Z,_Z,2020,A,PT_GDP,
5.82477,P1Y,0,,A,PU,_Z,2,,,False,WB_WDI,WB_WDI_SH_XPD_CHEX_GD_ZS,ARE,_T,_T,_T,_Z,_Z,_Z,2020,A,PT_GDP,
4.88433,P1Y,0,,A,PU,_Z,2,,,False,WB_WDI,WB_WDI_SH_XPD_CHEX_GD_ZS,GIN,_T,_T,_T,_Z,_Z,_Z,2001,A,PT_GDP,
4.128915,P1Y,0,,A,PU,_Z,2,,,False,WB_WDI,WB_WDI_SH_XPD_CHEX_GD_ZS,GNB,_T,_T,_T,_Z,_Z,_Z,2001,A,PT_GDP,
3.055068,P1Y,0,,A,PU,_Z,2,,,False,WB_WDI,WB_WDI_SH_XPD_CHEX_GD_ZS,GUY,_T,_T,_T,_Z,_Z,_Z,2001,A,PT_GDP,
3.750292,P1Y,0,,A,PU,_Z,2,,,False,WB_WDI,WB_WDI_SH_XPD_CHEX_GD_ZS,HTI,_T,_T,_T,_Z,_Z,_Z,2001,A,PT_GDP,
5.929983,P1Y,0,,A,PU,_Z,2,,,False,WB_WDI,WB_WDI_SH_XPD_CHEX_GD_ZS,HND,_T,_T,_T,_Z,_Z,_Z,2001,A,PT_GDP,
6.819794,P1Y,0,,A,PU,_Z,2,,,False,WB_WDI,WB_WDI_SH_XPD_CHEX_GD_ZS,HUN,_T,_T,_T,_Z,_Z,_Z,2001,A,PT_GDP,
8.752662,P1Y,0,,A,PU,_Z,2,,,False,WB_WDI,WB_WDI_SH_XPD_CHEX_GD_ZS,ISL,_T,_T,_T,_Z,_Z,_Z,2001,A,PT_GDP,
4.337543,P1Y,0,,A,PU,_Z,2,,,False,WB_WDI,WB_WDI_SH_XPD_CHEX_GD_ZS,IND,_T,_T,_T,_Z,_Z,_Z,2001,A,PT_GDP,
2.118502,P1Y,0,,A,PU,_Z,2,,,False,WB_WDI,WB_WDI_SH_XPD_CHEX_GD_ZS,IDN,_T,_T,_T,_Z,_Z,_Z,2001,A,PT_GDP,
5.160873,P1Y,0,,A,PU,_Z,2,,,False,WB_WDI,WB_WDI_SH_XPD_CHEX_GD_ZS,IRN,_T,_T,_T,_Z,_Z,_Z,2001,A,PT_GDP,
6.392494,P1Y,0,,A,PU,_Z,2,,,False,WB_WDI,WB_WDI_SH_XPD_CHEX_GD_ZS,IRL,_T,_T,_T,_Z,_Z,_Z,2001,A,PT_GDP,
4.741014,P1Y,0,,A,PU,_Z,2,,,False,WB_WDI,WB_WDI_SH_XPD_CHEX_GD_ZS,GIN,_T,_T,_T,_Z,_Z,_Z,2000,A,PT_GDP,
4.189532,P1Y,0,,A,PU,_Z,2,,,False,WB_WDI,WB_WDI_SH_XPD_CHEX_GD_ZS,GNB,_T,_T,_T,_Z,_Z,_Z,2000,A,PT_GDP,
3.187379,P1Y,0,,A,PU,_Z,2,,,False,WB_WDI,WB_WDI_SH_XPD_CHEX_GD_ZS,GUY,_T,_T,_T,_Z,_Z,_Z,2000,A,PT_GDP,
3.991657,P1Y,0,,A,PU,_Z,2,,,False,WB_WDI,WB_WDI_SH_XPD_CHEX_GD_ZS,HTI,_T,_T,_T,_Z,_Z,_Z,2000,A,PT_GDP,
6.26818,P1Y,0,,A,PU,_Z,2,,,False,WB_WDI,WB_WDI_SH_XPD_CHEX_GD_ZS,HND,_T,_T,_T,_Z,_Z,_Z,2000,A,PT_GDP,
6.769793,P1Y,0,,A,PU,_Z,2,,,False,WB_WDI,WB_WDI_SH_XPD_CHEX_GD_ZS,HUN,_T,_T,_T,_Z,_Z,_Z,2000,A,PT_GDP,
8.899243,P1Y,0,,A,PU,_Z,2,,,False,WB_WDI,WB_WDI_SH_XPD_CHEX_GD_ZS,ISL,_T,_T,_T,_Z,_Z,_Z,2000,A,PT_GDP,
4.105685,P1Y,0,,A,PU,_Z,2,,,False,WB_WDI,WB_WDI_SH_XPD_CHEX_GD_ZS,IND,_T,_T,_T,_Z,_Z,_Z,2000,A,PT_GDP,
1.852977,P1Y,0,,A,PU,_Z,2,,,False,WB_WDI,WB_WDI_SH_XPD_CHEX_GD_ZS,IDN,_T,_T,_T,_Z,_Z,_Z,2000,A,PT_GDP,
4.722508,P1Y,0,,A,PU,_Z,2,,,False,WB_WDI,WB_WDI_SH_XPD_CHEX_GD_ZS,IRN,_T,_T,_T,_Z,_Z,_Z,2000,A,PT_GDP,
6.36869,P1Y,0,,A,PU,_Z,2,,,True,WB_WDI,WB_WDI_SH_XPD_CHEX_GD_ZS,HUN,_T,_T,_T,_Z,_Z,_Z,2023,A,PT_GDP,
8.705101,P1Y,0,,A,PU,_Z,2,,,False,WB_WDI,WB_WDI_SH_XPD_CHEX_GD_ZS,ISL,_T,_T,_T,_Z,_Z,_Z,2023,A,PT_GDP,
3.33944,P1Y,0,,A,PU,_Z,2,,,True,WB_WDI,WB_WDI_SH_XPD_CHEX_GD_ZS,IND,_T,_T,_T,_Z,_Z,_Z,2023,A,PT_GDP,
2.702399,P1Y,0,,A,PU,_Z,2,,,True,WB_WDI,WB_WDI_SH_XPD_CHEX_GD_ZS,IDN,_T,_T,_T,_Z,_Z,_Z,2023,A,PT_GDP,
6.025423,P1Y,0,,A,PU,_Z,2,,,True,WB_WDI,WB_WDI_SH_XPD_CHEX_GD_ZS,IRN,_T,_T,_T,_Z,_Z,_Z,2023,A,PT_GDP,
5.532753,P1Y,0,,A,PU,_Z,2,,,True,WB_WDI,WB_WDI_SH_XPD_CHEX_GD_ZS,IRQ,_T,_T,_T,_Z,_Z,_Z,2023,A,PT_GDP,
6.575385,P1Y,0,,A,PU,_Z,2,,,False,WB_WDI,WB_WDI_SH_XPD_CHEX_GD_ZS,IRL,_T,_T,_T,_Z,_Z,_Z,2023,A,PT_GDP,
7.098224,P1Y,0,,A,PU,_Z,2,,,True,WB_WDI,WB_WDI_SH_XPD_CHEX_GD_ZS,ISR,_T,_T,_T,_Z,_Z,_Z,2023,A,PT_GDP,
8.405595,P1Y,0,,A,PU,_Z,2,,,False,WB_WDI,WB_WDI_SH_XPD_CHEX_GD_ZS,ITA,_T,_T,_T,_Z,_Z,_Z,2023,A,PT_GDP,
7.604939,P1Y,0,,A,PU,_Z,2,,,True,WB_WDI,WB_WDI_SH_XPD_CHEX_GD_ZS,JAM,_T,_T,_T,_Z,_Z,_Z,2023,A,PT_GDP,
10.739795,P1Y,0,,A,PU,_Z,2,,,True,WB_WDI,WB_WDI_SH_XPD_CHEX_GD_ZS,JPN,_T,_T,_T,_Z,_Z,_Z,2023,A,PT_GDP,
7.660006,P1Y,0,,A,PU,_Z,2,,,True,WB_WDI,WB_WDI_SH_XPD_CHEX_GD_ZS,JOR,_T,_T,_T,_Z,_Z,_Z,2023,A,PT_GDP,
11.183808,P1Y,0,,A,PU,_Z,2,,,False,WB_WDI,WB_WDI_SH_XPD_CHEX_GD_ZS,DEU,_T,_T,_T,_Z,_Z,_Z,2018,A,PT_GDP,
2.430012,P1Y,0,,A,PU,_Z,2,,,False,WB_WDI,WB_WDI_SH_XPD_CHEX_GD_ZS,GHA,_T,_T,_T,_Z,_Z,_Z,2018,A,PT_GDP,
8.072678,P1Y,0,,A,PU,_Z,2,,,False,WB_WDI,WB_WDI_SH_XPD_CHEX_GD_ZS,GRC,_T,_T,_T,_Z,_Z,_Z,2018,A,PT_GDP,
4.583737,P1Y,0,,A,PU,_Z,2,,,False,WB_WDI,WB_WDI_SH_XPD_CHEX_GD_ZS,GRD,_T,_T,_T,_Z,_Z,_Z,2018,A,PT_GDP,
6.106627,P1Y,0,,A,PU,_Z,2,,,False,WB_WDI,WB_WDI_SH_XPD_CHEX_GD_ZS,GTM,_T,_T,_T,_Z,_Z,_Z,2018,A,PT_GDP,
3.73843,P1Y,0,,A,PU,_Z,2,,,False,WB_WDI,WB_WDI_SH_XPD_CHEX_GD_ZS,GIN,_T,_T,_T,_Z,_Z,_Z,2018,A,PT_GDP,
7.28165,P1Y,0,,A,PU,_Z,2,,,False,WB_WDI,WB_WDI_SH_XPD_CHEX_GD_ZS,GNB,_T,_T,_T,_Z,_Z,_Z,2018,A,PT_GDP,
4.904925,P1Y,0,,A,PU,_Z,2,,,False,WB_WDI,WB_WDI_SH_XPD_CHEX_GD_ZS,GUY,_T,_T,_T,_Z,_Z,_Z,2018,A,PT_GDP,
4.316503,P1Y,0,,A,PU,_Z,2,,,False,WB_WDI,WB_WDI_SH_XPD_CHEX_GD_ZS,HTI,_T,_T,_T,_Z,_Z,_Z,2018,A,PT_GDP,
8.313663,P1Y,0,,A,PU,_Z,2,,,False,WB_WDI,WB_WDI_SH_XPD_CHEX_GD_ZS,MLT,_T,_T,_T,_Z,_Z,_Z,2017,A,PT_GDP,
12.024984,P1Y,0,,A,PU,_Z,2,,,False,WB_WDI,WB_WDI_SH_XPD_CHEX_GD_ZS,MHL,_T,_T,_T,_Z,_Z,_Z,2017,A,PT_GDP,
3.419476,P1Y,0,,A,PU,_Z,2,,,False,WB_WDI,WB_WDI_SH_XPD_CHEX_GD_ZS,MRT,_T,_T,_T,_Z,_Z,_Z,2017,A,PT_GDP,
5.598573,P1Y,0,,A,PU,_Z,2,,,False,WB_WDI,WB_WDI_SH_XPD_CHEX_GD_ZS,MUS,_T,_T,_T,_Z,_Z,_Z,2017,A,PT_GDP,
5.311794,P1Y,0,,A,PU,_Z,2,,,False,WB_WDI,WB_WDI_SH_XPD_CHEX_GD_ZS,MEX,_T,_T,_T,_Z,_Z,_Z,2017,A,PT_GDP,
12.407425,P1Y,0,,A,PU,_Z,2,,,False,WB_WDI,WB_WDI_SH_XPD_CHEX_GD_ZS,FSM,_T,_T,_T,_Z,_Z,_Z,2017,A,PT_GDP,
7.127804,P1Y,0,,A,PU,_Z,2,,,False,WB_WDI,WB_WDI_SH_XPD_CHEX_GD_ZS,MDA,_T,_T,_T,_Z,_Z,_Z,2017,A,PT_GDP,
4.161195,P1Y,0,,A,PU,_Z,2,,,False,WB_WDI,WB_WDI_SH_XPD_CHEX_GD_ZS,MCO,_T,_T,_T,_Z,_Z,_Z,2017,A,PT_GDP,
4.339542,P1Y,0,,A,PU,_Z,2,,,False,WB_WDI,WB_WDI_SH_XPD_CHEX_GD_ZS,MNG,_T,_T,_T,_Z,_Z,_Z,2017,A,PT_GDP,
7.982554,P1Y,0,,A,PU,_Z,2,,,False,WB_WDI,WB_WDI_SH_XPD_CHEX_GD_ZS,MNE,_T,_T,_T,_Z,_Z,_Z,2017,A,PT_GDP,
4.989204,P1Y,0,,A,PU,_Z,2,,,False,WB_WDI,WB_WDI_SH_XPD_CHEX_GD_ZS,MAR,_T,_T,_T,_Z,_Z,_Z,2017,A,PT_GDP,
7.805322,P1Y,0,,A,PU,_Z,2,,,False,WB_WDI,WB_WDI_SH_XPD_CHEX_GD_ZS,MOZ,_T,_T,_T,_Z,_Z,_Z,2017,A,PT_GDP,
6.07317,P1Y,0,,A,PU,_Z,2,,,False,WB_WDI,WB_WDI_SH_XPD_CHEX_GD_ZS,GTM,_T,_T,_T,_Z,_Z,_Z,2012,A,PT_GDP,
3.503985,P1Y,0,,A,PU,_Z,2,,,False,WB_WDI,WB_WDI_SH_XPD_CHEX_GD_ZS,GIN,_T,_T,_T,_Z,_Z,_Z,2012,A,PT_GDP,
5.941348,P1Y,0,,A,PU,_Z,2,,,False,WB_WDI,WB_WDI_SH_XPD_CHEX_GD_ZS,GNB,_T,_T,_T,_Z,_Z,_Z,2012,A,PT_GDP,
3.708187,P1Y,0,,A,PU,_Z,2,,,False,WB_WDI,WB_WDI_SH_XPD_CHEX_GD_ZS,GUY,_T,_T,_T,_Z,_Z,_Z,2012,A,PT_GDP,
5.564623,P1Y,0,,A,PU,_Z,2,,,False,WB_WDI,WB_WDI_SH_XPD_CHEX_GD_ZS,HTI,_T,_T,_T,_Z,_Z,_Z,2012,A,PT_GDP,
8.656551,P1Y,0,,A,PU,_Z,2,,,False,WB_WDI,WB_WDI_SH_XPD_CHEX_GD_ZS,HND,_T,_T,_T,_Z,_Z,_Z,2012,A,PT_GDP,
7.430477,P1Y,0,,A,PU,_Z,2,,,False,WB_WDI,WB_WDI_SH_XPD_CHEX_GD_ZS,HUN,_T,_T,_T,_Z,_Z,_Z,2012,A,PT_GDP,
8.230912,P1Y,0,,A,PU,_Z,2,,,False,WB_WDI,WB_WDI_SH_XPD_CHEX_GD_ZS,ISL,_T,_T,_T,_Z,_Z,_Z,2012,A,PT_GDP,
3.329353,P1Y,0,,A,PU,_Z,2,,,False,WB_WDI,WB_WDI_SH_XPD_CHEX_GD_ZS,IND,_T,_T,_T,_Z,_Z,_Z,2012,A,PT_GDP,
11.449746,P1Y,0,,A,PU,_Z,2,,,False,WB_WDI,WB_WDI_SH_XPD_CHEX_GD_ZS,JPN,_T,_T,_T,_Z,_Z,_Z,2020,A,PT_GDP,
7.545547,P1Y,0,,A,PU,_Z,2,,,False,WB_WDI,WB_WDI_SH_XPD_CHEX_GD_ZS,JOR,_T,_T,_T,_Z,_Z,_Z,2020,A,PT_GDP,
3.831338,P1Y,0,,A,PU,_Z,2,,,False,WB_WDI,WB_WDI_SH_XPD_CHEX_GD_ZS,KAZ,_T,_T,_T,_Z,_Z,_Z,2020,A,PT_GDP,
4.492489,P1Y,0,,A,PU,_Z,2,,,False,WB_WDI,WB_WDI_SH_XPD_CHEX_GD_ZS,KEN,_T,_T,_T,_Z,_Z,_Z,2020,A,PT_GDP,
13.65645,P1Y,0,,A,PU,_Z,2,,,False,WB_WDI,WB_WDI_SH_XPD_CHEX_GD_ZS,KIR,_T,_T,_T,_Z,_Z,_Z,2020,A,PT_GDP,
8.027228,P1Y,0,,A,PU,_Z,2,,,False,WB_WDI,WB_WDI_SH_XPD_CHEX_GD_ZS,KOR,_T,_T,_T,_Z,_Z,_Z,2020,A,PT_GDP,
6.112952,P1Y,0,,A,PU,_Z,2,,,False,WB_WDI,WB_WDI_SH_XPD_CHEX_GD_ZS,KWT,_T,_T,_T,_Z,_Z,_Z,2020,A,PT_GDP,
4.93559,P1Y,0,,A,PU,_Z,2,,,False,WB_WDI,WB_WDI_SH_XPD_CHEX_GD_ZS,KGZ,_T,_T,_T,_Z,_Z,_Z,2020,A,PT_GDP,
2.059652,P1Y,0,,A,PU,_Z,2,,,False,WB_WDI,WB_WDI_SH_XPD_CHEX_GD_ZS,LAO,_T,_T,_T,_Z,_Z,_Z,2020,A,PT_GDP,
7.505874,P1Y,0,,A,PU,_Z,2,,,False,WB_WDI,WB_WDI_SH_XPD_CHEX_GD_ZS,LVA,_T,_T,_T,_Z,_Z,_Z,2020,A,PT_GDP,
3.61922,P1Y,0,,A,PU,_Z,2,,,False,WB_WDI,WB_WDI_SH_XPD_CHEX_GD_ZS,SAU,_T,_T,_T,_Z,_Z,_Z,2006,A,PT_GDP,
3.763376,P1Y,0,,A,PU,_Z,2,,,False,WB_WDI,WB_WDI_SH_XPD_CHEX_GD_ZS,SEN,_T,_T,_T,_Z,_Z,_Z,2006,A,PT_GDP,
8.285757,P1Y,0,,A,PU,_Z,2,,,False,WB_WDI,WB_WDI_SH_XPD_CHEX_GD_ZS,SRB,_T,_T,_T,_Z,_Z,_Z,2006,A,PT_GDP,
4.331913,P1Y,0,,A,PU,_Z,2,,,False,WB_WDI,WB_WDI_SH_XPD_CHEX_GD_ZS,SYC,_T,_T,_T,_Z,_Z,_Z,2006,A,PT_GDP,
5.299131,P1Y,0,,A,PU,_Z,2,,,False,WB_WDI,WB_WDI_SH_XPD_CHEX_GD_ZS,SLE,_T,_T,_T,_Z,_Z,_Z,2006,A,PT_GDP,
2.934747,P1Y,0,,A,PU,_Z,2,,,False,WB_WDI,WB_WDI_SH_XPD_CHEX_GD_ZS,SGP,_T,_T,_T,_Z,_Z,_Z,2006,A,PT_GDP,
6.852271,P1Y,0,,A,PU,_Z,2,,,False,WB_WDI,WB_WDI_SH_XPD_CHEX_GD_ZS,SVK,_T,_T,_T,_Z,_Z,_Z,2006,A,PT_GDP,
7.8672,P1Y,0,,A,PU,_Z,2,,,False,WB_WDI,WB_WDI_SH_XPD_CHEX_GD_ZS,SVN,_T,_T,_T,_Z,_Z,_Z,2006,A,PT_GDP,
8.008022,P1Y,0,,A,PU,_Z,2,,,False,WB_WDI,WB_WDI_SH_XPD_CHEX_GD_ZS,SLB,_T,_T,_T,_Z,_Z,_Z,2006,A,PT_GDP,
6.876509,P1Y,0,,A,PU,_Z,2,,,False,WB_WDI,WB_WDI_SH_XPD_CHEX_GD_ZS,ZAF,_T,_T,_T,_Z,_Z,_Z,2006,A,PT_GDP,
7.870725,P1Y,0,,A,PU,_Z,2,,,False,WB_WDI,WB_WDI_SH_XPD_CHEX_GD_ZS,ESP,_T,_T,_T,_Z,_Z,_Z,2006,A,PT_GDP,
8.084156,P1Y,0,,A,PU,_Z,2,,,False,WB_WDI,WB_WDI_SH_XPD_CHEX_GD_ZS,FIN,_T,_T,_T,_Z,_Z,_Z,2007,A,PT_GDP,
10.334188,P1Y,0,,A,PU,_Z,2,,,False,WB_WDI,WB_WDI_SH_XPD_CHEX_GD_ZS,FRA,_T,_T,_T,_Z,_Z,_Z,2007,A,PT_GDP,
3.08342,P1Y,0,,A,PU,_Z,2,,,False,WB_WDI,WB_WDI_SH_XPD_CHEX_GD_ZS,GAB,_T,_T,_T,_Z,_Z,_Z,2007,A,PT_GDP,
4.955019,P1Y,0,,A,PU,_Z,2,,,False,WB_WDI,WB_WDI_SH_XPD_CHEX_GD_ZS,GMB,_T,_T,_T,_Z,_Z,_Z,2007,A,PT_GDP,
7.435178,P1Y,0,,A,PU,_Z,2,,,False,WB_WDI,WB_WDI_SH_XPD_CHEX_GD_ZS,GEO,_T,_T,_T,_Z,_Z,_Z,2007,A,PT_GDP,
9.834829,P1Y,0,,A,PU,_Z,2,,,False,WB_WDI,WB_WDI_SH_XPD_CHEX_GD_ZS,DEU,_T,_T,_T,_Z,_Z,_Z,2007,A,PT_GDP,
3.709003,P1Y,0,,A,PU,_Z,2,,,False,WB_WDI,WB_WDI_SH_XPD_CHEX_GD_ZS,GHA,_T,_T,_T,_Z,_Z,_Z,2007,A,PT_GDP,
8.523049,P1Y,0,,A,PU,_Z,2,,,False,WB_WDI,WB_WDI_SH_XPD_CHEX_GD_ZS,GRC,_T,_T,_T,_Z,_Z,_Z,2007,A,PT_GDP,
5.238679,P1Y,0,,A,PU,_Z,2,,,False,WB_WDI,WB_WDI_SH_XPD_CHEX_GD_ZS,GRD,_T,_T,_T,_Z,_Z,_Z,2007,A,PT_GDP,
6.191834,P1Y,0,,A,PU,_Z,2,,,False,WB_WDI,WB_WDI_SH_XPD_CHEX_GD_ZS,GTM,_T,_T,_T,_Z,_Z,_Z,2007,A,PT_GDP,
4.848725,P1Y,0,,A,PU,_Z,2,,,False,WB_WDI,WB_WDI_SH_XPD_CHEX_GD_ZS,EAR,_T,_T,_T,_Z,_Z,_Z,2012,A,PT_GDP,
6.710089,P1Y,0,,A,PU,_Z,2,,,False,WB_WDI,WB_WDI_SH_XPD_CHEX_GD_ZS,EAS,_T,_T,_T,_Z,_Z,_Z,2012,A,PT_GDP,
4.278886,P1Y,0,,A,PU,_Z,2,,,False,WB_WDI,WB_WDI_SH_XPD_CHEX_GD_ZS,EAP,_T,_T,_T,_Z,_Z,_Z,2012,A,PT_GDP,
4.279046,P1Y,0,,A,PU,_Z,2,,,False,WB_WDI,WB_WDI_SH_XPD_CHEX_GD_ZS,TEA,_T,_T,_T,_Z,_Z,_Z,2012,A,PT_GDP,
10.105298,P1Y,0,,A,PU,_Z,2,,,False,WB_WDI,WB_WDI_SH_XPD_CHEX_GD_ZS,EMU,_T,_T,_T,_Z,_Z,_Z,2012,A,PT_GDP,
9.017109,P1Y,0,,A,PU,_Z,2,,,False,WB_WDI,WB_WDI_SH_XPD_CHEX_GD_ZS,ECS,_T,_T,_T,_Z,_Z,_Z,2012,A,PT_GDP,
4.889125,P1Y,0,,A,PU,_Z,2,,,False,WB_WDI,WB_WDI_SH_XPD_CHEX_GD_ZS,ECA,_T,_T,_T,_Z,_Z,_Z,2012,A,PT_GDP,
5.104969,P1Y,0,,A,PU,_Z,2,,,False,WB_WDI,WB_WDI_SH_XPD_CHEX_GD_ZS,TEC,_T,_T,_T,_Z,_Z,_Z,2012,A,PT_GDP,
9.882907,P1Y,0,,A,PU,_Z,2,,,False,WB_WDI,WB_WDI_SH_XPD_CHEX_GD_ZS,EUU,_T,_T,_T,_Z,_Z,_Z,2012,A,PT_GDP,
4.786904,P1Y,0,,A,PU,_Z,2,,,False,WB_WDI,WB_WDI_SH_XPD_CHEX_GD_ZS,HPC,_T,_T,_T,_Z,_Z,_Z,2012,A,PT_GDP,
11.33561,P1Y,0,,A,PU,_Z,2,,,False,WB_WDI,WB_WDI_SH_XPD_CHEX_GD_ZS,HIC,_T,_T,_T,_Z,_Z,_Z,2012,A,PT_GDP,
5.111496,P1Y,0,,A,PU,_Z,2,,,False,WB_WDI,WB_WDI_SH_XPD_CHEX_GD_ZS,IBD,_T,_T,_T,_Z,_Z,_Z,2012,A,PT_GDP,
5.021099,P1Y,0,,A,PU,_Z,2,,,False,WB_WDI,WB_WDI_SH_XPD_CHEX_GD_ZS,IBT,_T,_T,_T,_Z,_Z,_Z,2012,A,PT_GDP,
4.350825,P1Y,0,,A,PU,_Z,2,,,True,WB_WDI,WB_WDI_SH_XPD_CHEX_GD_ZS,DZA,_T,_T,_T,_Z,_Z,_Z,2023,A,PT_GDP,
7.69928,P1Y,0,,A,PU,_Z,2,,,True,WB_WDI,WB_WDI_SH_XPD_CHEX_GD_ZS,AND,_T,_T,_T,_Z,_Z,_Z,2023,A,PT_GDP,
2.546929,P1Y,0,,A,PU,_Z,2,,,True,WB_WDI,WB_WDI_SH_XPD_CHEX_GD_ZS,AGO,_T,_T,_T,_Z,_Z,_Z,2023,A,PT_GDP,
3.913482,P1Y,0,,A,PU,_Z,2,,,True,WB_WDI,WB_WDI_SH_XPD_CHEX_GD_ZS,ATG,_T,_T,_T,_Z,_Z,_Z,2023,A,PT_GDP,
10.269518,P1Y,0,,A,PU,_Z,2,,,True,WB_WDI,WB_WDI_SH_XPD_CHEX_GD_ZS,ARG,_T,_T,_T,_Z,_Z,_Z,2023,A,PT_GDP,
9.321192,P1Y,0,,A,PU,_Z,2,,,True,WB_WDI,WB_WDI_SH_XPD_CHEX_GD_ZS,ARM,_T,_T,_T,_Z,_Z,_Z,2023,A,PT_GDP,
10.39852,P1Y,0,,A,PU,_Z,2,,,True,WB_WDI,WB_WDI_SH_XPD_CHEX_GD_ZS,AUS,_T,_T,_T,_Z,_Z,_Z,2023,A,PT_GDP,
11.152973,P1Y,0,,A,PU,_Z,2,,,False,WB_WDI,WB_WDI_SH_XPD_CHEX_GD_ZS,AUT,_T,_T,_T,_Z,_Z,_Z,2023,A,PT_GDP,
4.271135,P1Y,0,,A,PU,_Z,2,,,True,WB_WDI,WB_WDI_SH_XPD_CHEX_GD_ZS,AZE,_T,_T,_T,_Z,_Z,_Z,2023,A,PT_GDP,
6.302608,P1Y,0,,A,PU,_Z,2,,,True,WB_WDI,WB_WDI_SH_XPD_CHEX_GD_ZS,BHS,_T,_T,_T,_Z,_Z,_Z,2023,A,PT_GDP,
3.995624,P1Y,0,,A,PU,_Z,2,,,True,WB_WDI,WB_WDI_SH_XPD_CHEX_GD_ZS,BHR,_T,_T,_T,_Z,_Z,_Z,2023,A,PT_GDP,
2.170146,P1Y,0,,A,PU,_Z,2,,,True,WB_WDI,WB_WDI_SH_XPD_CHEX_GD_ZS,BGD,_T,_T,_T,_Z,_Z,_Z,2023,A,PT_GDP,
8.082577,P1Y,0,,A,PU,_Z,2,,,False,WB_WDI,WB_WDI_SH_XPD_CHEX_GD_ZS,AUS,_T,_T,_T,_Z,_Z,_Z,2004,A,PT_GDP,
9.815324,P1Y,0,,A,PU,_Z,2,,,False,WB_WDI,WB_WDI_SH_XPD_CHEX_GD_ZS,AUT,_T,_T,_T,_Z,_Z,_Z,2004,A,PT_GDP,
2.659442,P1Y,0,,A,PU,_Z,2,,,False,WB_WDI,WB_WDI_SH_XPD_CHEX_GD_ZS,AZE,_T,_T,_T,_Z,_Z,_Z,2004,A,PT_GDP,
4.046282,P1Y,0,,A,PU,_Z,2,,,False,WB_WDI,WB_WDI_SH_XPD_CHEX_GD_ZS,BHS,_T,_T,_T,_Z,_Z,_Z,2004,A,PT_GDP,
3.354993,P1Y,0,,A,PU,_Z,2,,,False,WB_WDI,WB_WDI_SH_XPD_CHEX_GD_ZS,BHR,_T,_T,_T,_Z,_Z,_Z,2004,A,PT_GDP,
1.998543,P1Y,0,,A,PU,_Z,2,,,False,WB_WDI,WB_WDI_SH_XPD_CHEX_GD_ZS,BGD,_T,_T,_T,_Z,_Z,_Z,2004,A,PT_GDP,
6.71095,P1Y,0,,A,PU,_Z,2,,,False,WB_WDI,WB_WDI_SH_XPD_CHEX_GD_ZS,BRB,_T,_T,_T,_Z,_Z,_Z,2004,A,PT_GDP,
5.736506,P1Y,0,,A,PU,_Z,2,,,False,WB_WDI,WB_WDI_SH_XPD_CHEX_GD_ZS,BLR,_T,_T,_T,_Z,_Z,_Z,2004,A,PT_GDP,
9.354969,P1Y,0,,A,PU,_Z,2,,,False,WB_WDI,WB_WDI_SH_XPD_CHEX_GD_ZS,BEL,_T,_T,_T,_Z,_Z,_Z,2004,A,PT_GDP,
3.418256,P1Y,0,,A,PU,_Z,2,,,False,WB_WDI,WB_WDI_SH_XPD_CHEX_GD_ZS,BLZ,_T,_T,_T,_Z,_Z,_Z,2004,A,PT_GDP,
3.232739,P1Y,0,,A,PU,_Z,2,,,False,WB_WDI,WB_WDI_SH_XPD_CHEX_GD_ZS,BEN,_T,_T,_T,_Z,_Z,_Z,2004,A,PT_GDP,
9.032957,P1Y,0,,A,PU,_Z,2,,,False,WB_WDI,WB_WDI_SH_XPD_CHEX_GD_ZS,GBR,_T,_T,_T,_Z,_Z,_Z,2008,A,PT_GDP,
15.207236,P1Y,0,,A,PU,_Z,2,,,False,WB_WDI,WB_WDI_SH_XPD_CHEX_GD_ZS,USA,_T,_T,_T,_Z,_Z,_Z,2008,A,PT_GDP,
8.090817,P1Y,0,,A,PU,_Z,2,,,False,WB_WDI,WB_WDI_SH_XPD_CHEX_GD_ZS,URY,_T,_T,_T,_Z,_Z,_Z,2008,A,PT_GDP,
4.704474,P1Y,0,,A,PU,_Z,2,,,False,WB_WDI,WB_WDI_SH_XPD_CHEX_GD_ZS,UZB,_T,_T,_T,_Z,_Z,_Z,2008,A,PT_GDP,
3.138834,P1Y,0,,A,PU,_Z,2,,,False,WB_WDI,WB_WDI_SH_XPD_CHEX_GD_ZS,VUT,_T,_T,_T,_Z,_Z,_Z,2008,A,PT_GDP,
4.360283,P1Y,0,,A,PU,_Z,2,,,False,WB_WDI,WB_WDI_SH_XPD_CHEX_GD_ZS,VNM,_T,_T,_T,_Z,_Z,_Z,2008,A,PT_GDP,
10.5261,P1Y,0,,A,PU,_Z,2,,,False,WB_WDI,WB_WDI_SH_XPD_CHEX_GD_ZS,PSE,_T,_T,_T,_Z,_Z,_Z,2008,A,PT_GDP,
5.761916,P1Y,0,,A,PU,_Z,2,,,False,WB_WDI,WB_WDI_SH_XPD_CHEX_GD_ZS,YEM,_T,_T,_T,_Z,_Z,_Z,2008,A,PT_GDP,
4.493708,P1Y,0,,A,PU,_Z,2,,,False,WB_WDI,WB_WDI_SH_XPD_CHEX_GD_ZS,ZMB,_T,_T,_T,_Z,_Z,_Z,2008,A,PT_GDP,
4.653111,P1Y,0,,A,PU,_Z,2,,,False,WB_WDI,WB_WDI_SH_XPD_CHEX_GD_ZS,DMA,_T,_T,_T,_Z,_Z,_Z,2002,A,PT_GDP,
4.98649,P1Y,0,,A,PU,_Z,2,,,False,WB_WDI,WB_WDI_SH_XPD_CHEX_GD_ZS,DOM,_T,_T,_T,_Z,_Z,_Z,2002,A,PT_GDP,
4.814048,P1Y,0,,A,PU,_Z,2,,,False,WB_WDI,WB_WDI_SH_XPD_CHEX_GD_ZS,ECU,_T,_T,_T,_Z,_Z,_Z,2002,A,PT_GDP,
5.510738,P1Y,0,,A,PU,_Z,2,,,False,WB_WDI,WB_WDI_SH_XPD_CHEX_GD_ZS,EGY,_T,_T,_T,_Z,_Z,_Z,2002,A,PT_GDP,
7.885657,P1Y,0,,A,PU,_Z,2,,,False,WB_WDI,WB_WDI_SH_XPD_CHEX_GD_ZS,SLV,_T,_T,_T,_Z,_Z,_Z,2002,A,PT_GDP,
2.887301,P1Y,0,,A,PU,_Z,2,,,False,WB_WDI,WB_WDI_SH_XPD_CHEX_GD_ZS,GNQ,_T,_T,_T,_Z,_Z,_Z,2002,A,PT_GDP,
6.688574,P1Y,0,,A,PU,_Z,2,,,False,WB_WDI,WB_WDI_SH_XPD_CHEX_GD_ZS,ERI,_T,_T,_T,_Z,_Z,_Z,2002,A,PT_GDP,
4.701927,P1Y,0,,A,PU,_Z,2,,,False,WB_WDI,WB_WDI_SH_XPD_CHEX_GD_ZS,EST,_T,_T,_T,_Z,_Z,_Z,2002,A,PT_GDP,
5.522983,P1Y,0,,A,PU,_Z,2,,,False,WB_WDI,WB_WDI_SH_XPD_CHEX_GD_ZS,SWZ,_T,_T,_T,_Z,_Z,_Z,2002,A,PT_GDP,
4.71263,P1Y,0,,A,PU,_Z,2,,,False,WB_WDI,WB_WDI_SH_XPD_CHEX_GD_ZS,ETH,_T,_T,_T,_Z,_Z,_Z,2002,A,PT_GDP,
2.983495,P1Y,0,,A,PU,_Z,2,,,False,WB_WDI,WB_WDI_SH_XPD_CHEX_GD_ZS,FJI,_T,_T,_T,_Z,_Z,_Z,2002,A,PT_GDP,
7.630059,P1Y,0,,A,PU,_Z,2,,,False,WB_WDI,WB_WDI_SH_XPD_CHEX_GD_ZS,FIN,_T,_T,_T,_Z,_Z,_Z,2002,A,PT_GDP,
4.963465,P1Y,0,,A,PU,_Z,2,,,False,WB_WDI,WB_WDI_SH_XPD_CHEX_GD_ZS,HPC,_T,_T,_T,_Z,_Z,_Z,2021,A,PT_GDP,
13.0944,P1Y,0,,A,PU,_Z,2,,,False,WB_WDI,WB_WDI_SH_XPD_CHEX_GD_ZS,HIC,_T,_T,_T,_Z,_Z,_Z,2021,A,PT_GDP,
5.635978,P1Y,0,,A,PU,_Z,2,,,False,WB_WDI,WB_WDI_SH_XPD_CHEX_GD_ZS,IBD,_T,_T,_T,_Z,_Z,_Z,2021,A,PT_GDP,
5.525149,P1Y,0,,A,PU,_Z,2,,,False,WB_WDI,WB_WDI_SH_XPD_CHEX_GD_ZS,IBT,_T,_T,_T,_Z,_Z,_Z,2021,A,PT_GDP,
3.954892,P1Y,0,,A,PU,_Z,2,,,False,WB_WDI,WB_WDI_SH_XPD_CHEX_GD_ZS,IDB,_T,_T,_T,_Z,_Z,_Z,2021,A,PT_GDP,
4.276468,P1Y,0,,A,PU,_Z,2,,,False,WB_WDI,WB_WDI_SH_XPD_CHEX_GD_ZS,IDX,_T,_T,_T,_Z,_Z,_Z,2021,A,PT_GDP,
4.120429,P1Y,0,,A,PU,_Z,2,,,False,WB_WDI,WB_WDI_SH_XPD_CHEX_GD_ZS,IDA,_T,_T,_T,_Z,_Z,_Z,2021,A,PT_GDP,
5.82772,P1Y,0,,A,PU,_Z,2,,,False,WB_WDI,WB_WDI_SH_XPD_CHEX_GD_ZS,LTE,_T,_T,_T,_Z,_Z,_Z,2021,A,PT_GDP,
8.30098,P1Y,0,,A,PU,_Z,2,,,False,WB_WDI,WB_WDI_SH_XPD_CHEX_GD_ZS,LCN,_T,_T,_T,_Z,_Z,_Z,2021,A,PT_GDP,
8.21104,P1Y,0,,A,PU,_Z,2,,,False,WB_WDI,WB_WDI_SH_XPD_CHEX_GD_ZS,LAC,_T,_T,_T,_Z,_Z,_Z,2021,A,PT_GDP,
8.304544,P1Y,0,,A,PU,_Z,2,,,False,WB_WDI,WB_WDI_SH_XPD_CHEX_GD_ZS,TLA,_T,_T,_T,_Z,_Z,_Z,2021,A,PT_GDP,
3.91873,P1Y,0,,A,PU,_Z,2,,,False,WB_WDI,WB_WDI_SH_XPD_CHEX_GD_ZS,LDC,_T,_T,_T,_Z,_Z,_Z,2021,A,PT_GDP,
5.357589,P1Y,0,,A,PU,_Z,2,,,False,WB_WDI,WB_WDI_SH_XPD_CHEX_GD_ZS,LMY,_T,_T,_T,_Z,_Z,_Z,2021,A,PT_GDP,
5.051101,P1Y,0,,A,PU,_Z,2,,,False,WB_WDI,WB_WDI_SH_XPD_CHEX_GD_ZS,LIC,_T,_T,_T,_Z,_Z,_Z,2021,A,PT_GDP,
5.020535,P1Y,0,,A,PU,_Z,2,,,False,WB_WDI,WB_WDI_SH_XPD_CHEX_GD_ZS,TUR,_T,_T,_T,_Z,_Z,_Z,2010,A,PT_GDP,
3.208794,P1Y,0,,A,PU,_Z,2,,,False,WB_WDI,WB_WDI_SH_XPD_CHEX_GD_ZS,TKM,_T,_T,_T,_Z,_Z,_Z,2010,A,PT_GDP,
16.213526,P1Y,0,,A,PU,_Z,2,,,False,WB_WDI,WB_WDI_SH_XPD_CHEX_GD_ZS,TUV,_T,_T,_T,_Z,_Z,_Z,2010,A,PT_GDP,
6.808902,P1Y,0,,A,PU,_Z,2,,,False,WB_WDI,WB_WDI_SH_XPD_CHEX_GD_ZS,UGA,_T,_T,_T,_Z,_Z,_Z,2010,A,PT_GDP,
6.813876,P1Y,0,,A,PU,_Z,2,,,False,WB_WDI,WB_WDI_SH_XPD_CHEX_GD_ZS,UKR,_T,_T,_T,_Z,_Z,_Z,2010,A,PT_GDP,
3.744331,P1Y,0,,A,PU,_Z,2,,,False,WB_WDI,WB_WDI_SH_XPD_CHEX_GD_ZS,ARE,_T,_T,_T,_Z,_Z,_Z,2010,A,PT_GDP,
9.787995,P1Y,0,,A,PU,_Z,2,,,False,WB_WDI,WB_WDI_SH_XPD_CHEX_GD_ZS,GBR,_T,_T,_T,_Z,_Z,_Z,2010,A,PT_GDP,
16.197224,P1Y,0,,A,PU,_Z,2,,,False,WB_WDI,WB_WDI_SH_XPD_CHEX_GD_ZS,USA,_T,_T,_T,_Z,_Z,_Z,2010,A,PT_GDP,
7.877573,P1Y,0,,A,PU,_Z,2,,,False,WB_WDI,WB_WDI_SH_XPD_CHEX_GD_ZS,URY,_T,_T,_T,_Z,_Z,_Z,2010,A,PT_GDP,
5.299388,P1Y,0,,A,PU,_Z,2,,,False,WB_WDI,WB_WDI_SH_XPD_CHEX_GD_ZS,UZB,_T,_T,_T,_Z,_Z,_Z,2010,A,PT_GDP,
3.526371,P1Y,0,,A,PU,_Z,2,,,False,WB_WDI,WB_WDI_SH_XPD_CHEX_GD_ZS,VUT,_T,_T,_T,_Z,_Z,_Z,2010,A,PT_GDP,
4.211595,P1Y,0,,A,PU,_Z,2,,,False,WB_WDI,WB_WDI_SH_XPD_CHEX_GD_ZS,KEN,_T,_T,_T,_Z,_Z,_Z,2004,A,PT_GDP,
12.171761,P1Y,0,,A,PU,_Z,2,,,False,WB_WDI,WB_WDI_SH_XPD_CHEX_GD_ZS,KIR,_T,_T,_T,_Z,_Z,_Z,2004,A,PT_GDP,
4.43288,P1Y,0,,A,PU,_Z,2,,,False,WB_WDI,WB_WDI_SH_XPD_CHEX_GD_ZS,KOR,_T,_T,_T,_Z,_Z,_Z,2004,A,PT_GDP,
2.357025,P1Y,0,,A,PU,_Z,2,,,False,WB_WDI,WB_WDI_SH_XPD_CHEX_GD_ZS,KWT,_T,_T,_T,_Z,_Z,_Z,2004,A,PT_GDP,
6.202813,P1Y,0,,A,PU,_Z,2,,,False,WB_WDI,WB_WDI_SH_XPD_CHEX_GD_ZS,KGZ,_T,_T,_T,_Z,_Z,_Z,2004,A,PT_GDP,
3.540572,P1Y,0,,A,PU,_Z,2,,,False,WB_WDI,WB_WDI_SH_XPD_CHEX_GD_ZS,LAO,_T,_T,_T,_Z,_Z,_Z,2004,A,PT_GDP,
6.475185,P1Y,0,,A,PU,_Z,2,,,False,WB_WDI,WB_WDI_SH_XPD_CHEX_GD_ZS,LVA,_T,_T,_T,_Z,_Z,_Z,2004,A,PT_GDP,
7.999231,P1Y,0,,A,PU,_Z,2,,,False,WB_WDI,WB_WDI_SH_XPD_CHEX_GD_ZS,LBN,_T,_T,_T,_Z,_Z,_Z,2004,A,PT_GDP,
5.246585,P1Y,0,,A,PU,_Z,2,,,False,WB_WDI,WB_WDI_SH_XPD_CHEX_GD_ZS,LSO,_T,_T,_T,_Z,_Z,_Z,2004,A,PT_GDP,
5.905097,P1Y,0,,A,PU,_Z,2,,,False,WB_WDI,WB_WDI_SH_XPD_CHEX_GD_ZS,LBR,_T,_T,_T,_Z,_Z,_Z,2004,A,PT_GDP,
3.383282,P1Y,0,,A,PU,_Z,2,,,False,WB_WDI,WB_WDI_SH_XPD_CHEX_GD_ZS,LBY,_T,_T,_T,_Z,_Z,_Z,2004,A,PT_GDP,
5.303108,P1Y,0,,A,PU,_Z,2,,,False,WB_WDI,WB_WDI_SH_XPD_CHEX_GD_ZS,NER,_T,_T,_T,_Z,_Z,_Z,2018,A,PT_GDP,
3.090693,P1Y,0,,A,PU,_Z,2,,,False,WB_WDI,WB_WDI_SH_XPD_CHEX_GD_ZS,NGA,_T,_T,_T,_Z,_Z,_Z,2018,A,PT_GDP,
6.456994,P1Y,0,,A,PU,_Z,2,,,False,WB_WDI,WB_WDI_SH_XPD_CHEX_GD_ZS,MKD,_T,_T,_T,_Z,_Z,_Z,2018,A,PT_GDP,
9.960379,P1Y,0,,A,PU,_Z,2,,,False,WB_WDI,WB_WDI_SH_XPD_CHEX_GD_ZS,NOR,_T,_T,_T,_Z,_Z,_Z,2018,A,PT_GDP,
3.214695,P1Y,0,,A,PU,_Z,2,,,False,WB_WDI,WB_WDI_SH_XPD_CHEX_GD_ZS,OMN,_T,_T,_T,_Z,_Z,_Z,2018,A,PT_GDP,
2.828449,P1Y,0,,A,PU,_Z,2,,,False,WB_WDI,WB_WDI_SH_XPD_CHEX_GD_ZS,PAK,_T,_T,_T,_Z,_Z,_Z,2018,A,PT_GDP,
11.191098,P1Y,0,,A,PU,_Z,2,,,False,WB_WDI,WB_WDI_SH_XPD_CHEX_GD_ZS,PLW,_T,_T,_T,_Z,_Z,_Z,2018,A,PT_GDP,
7.601329,P1Y,0,,A,PU,_Z,2,,,False,WB_WDI,WB_WDI_SH_XPD_CHEX_GD_ZS,PAN,_T,_T,_T,_Z,_Z,_Z,2018,A,PT_GDP,
2.300519,P1Y,0,,A,PU,_Z,2,,,False,WB_WDI,WB_WDI_SH_XPD_CHEX_GD_ZS,PNG,_T,_T,_T,_Z,_Z,_Z,2018,A,PT_GDP,
6.744977,P1Y,0,,A,PU,_Z,2,,,False,WB_WDI,WB_WDI_SH_XPD_CHEX_GD_ZS,PRY,_T,_T,_T,_Z,_Z,_Z,2018,A,PT_GDP,
5.417539,P1Y,0,,A,PU,_Z,2,,,False,WB_WDI,WB_WDI_SH_XPD_CHEX_GD_ZS,COM,_T,_T,_T,_Z,_Z,_Z,2007,A,PT_GDP,
3.89385,P1Y,0,,A,PU,_Z,2,,,False,WB_WDI,WB_WDI_SH_XPD_CHEX_GD_ZS,COD,_T,_T,_T,_Z,_Z,_Z,2007,A,PT_GDP,
1.902002,P1Y,0,,A,PU,_Z,2,,,False,WB_WDI,WB_WDI_SH_XPD_CHEX_GD_ZS,COG,_T,_T,_T,_Z,_Z,_Z,2007,A,PT_GDP,
6.996426,P1Y,0,,A,PU,_Z,2,,,False,WB_WDI,WB_WDI_SH_XPD_CHEX_GD_ZS,CRI,_T,_T,_T,_Z,_Z,_Z,2007,A,PT_GDP,
4.193797,P1Y,0,,A,PU,_Z,2,,,False,WB_WDI,WB_WDI_SH_XPD_CHEX_GD_ZS,CIV,_T,_T,_T,_Z,_Z,_Z,2007,A,PT_GDP,
7.389462,P1Y,0,,A,PU,_Z,2,,,False,WB_WDI,WB_WDI_SH_XPD_CHEX_GD_ZS,HRV,_T,_T,_T,_Z,_Z,_Z,2007,A,PT_GDP,
10.967492,P1Y,0,,A,PU,_Z,2,,,False,WB_WDI,WB_WDI_SH_XPD_CHEX_GD_ZS,CUB,_T,_T,_T,_Z,_Z,_Z,2007,A,PT_GDP,
5.357449,P1Y,0,,A,PU,_Z,2,,,False,WB_WDI,WB_WDI_SH_XPD_CHEX_GD_ZS,CYP,_T,_T,_T,_Z,_Z,_Z,2007,A,PT_GDP,
5.990291,P1Y,0,,A,PU,_Z,2,,,False,WB_WDI,WB_WDI_SH_XPD_CHEX_GD_ZS,CZE,_T,_T,_T,_Z,_Z,_Z,2007,A,PT_GDP,
9.302155,P1Y,0,,A,PU,_Z,2,,,False,WB_WDI,WB_WDI_SH_XPD_CHEX_GD_ZS,DNK,_T,_T,_T,_Z,_Z,_Z,2007,A,PT_GDP,
4.052628,P1Y,0,,A,PU,_Z,2,,,False,WB_WDI,WB_WDI_SH_XPD_CHEX_GD_ZS,DJI,_T,_T,_T,_Z,_Z,_Z,2007,A,PT_GDP,
4.271607,P1Y,0,,A,PU,_Z,2,,,False,WB_WDI,WB_WDI_SH_XPD_CHEX_GD_ZS,IDX,_T,_T,_T,_Z,_Z,_Z,2005,A,PT_GDP,
3.945097,P1Y,0,,A,PU,_Z,2,,,False,WB_WDI,WB_WDI_SH_XPD_CHEX_GD_ZS,IDA,_T,_T,_T,_Z,_Z,_Z,2005,A,PT_GDP,
5.047422,P1Y,0,,A,PU,_Z,2,,,False,WB_WDI,WB_WDI_SH_XPD_CHEX_GD_ZS,LTE,_T,_T,_T,_Z,_Z,_Z,2005,A,PT_GDP,
6.687171,P1Y,0,,A,PU,_Z,2,,,False,WB_WDI,WB_WDI_SH_XPD_CHEX_GD_ZS,LCN,_T,_T,_T,_Z,_Z,_Z,2005,A,PT_GDP,
6.715086,P1Y,0,,A,PU,_Z,2,,,False,WB_WDI,WB_WDI_SH_XPD_CHEX_GD_ZS,LAC,_T,_T,_T,_Z,_Z,_Z,2005,A,PT_GDP,
6.663356,P1Y,0,,A,PU,_Z,2,,,False,WB_WDI,WB_WDI_SH_XPD_CHEX_GD_ZS,TLA,_T,_T,_T,_Z,_Z,_Z,2005,A,PT_GDP,
3.961627,P1Y,0,,A,PU,_Z,2,,,False,WB_WDI,WB_WDI_SH_XPD_CHEX_GD_ZS,LDC,_T,_T,_T,_Z,_Z,_Z,2005,A,PT_GDP,
4.901719,P1Y,0,,A,PU,_Z,2,,,False,WB_WDI,WB_WDI_SH_XPD_CHEX_GD_ZS,LMY,_T,_T,_T,_Z,_Z,_Z,2005,A,PT_GDP,
4.76955,P1Y,0,,A,PU,_Z,2,,,False,WB_WDI,WB_WDI_SH_XPD_CHEX_GD_ZS,LIC,_T,_T,_T,_Z,_Z,_Z,2005,A,PT_GDP,
3.968089,P1Y,0,,A,PU,_Z,2,,,False,WB_WDI,WB_WDI_SH_XPD_CHEX_GD_ZS,LMC,_T,_T,_T,_Z,_Z,_Z,2005,A,PT_GDP,
3.927851,P1Y,0,,A,PU,_Z,2,,,False,WB_WDI,WB_WDI_SH_XPD_CHEX_GD_ZS,MEA,_T,_T,_T,_Z,_Z,_Z,2005,A,PT_GDP,
4.25342,P1Y,0,,A,PU,_Z,2,,,False,WB_WDI,WB_WDI_SH_XPD_CHEX_GD_ZS,MNA,_T,_T,_T,_Z,_Z,_Z,2005,A,PT_GDP,
4.212859,P1Y,0,,A,PU,_Z,2,,,False,WB_WDI,WB_WDI_SH_XPD_CHEX_GD_ZS,TMN,_T,_T,_T,_Z,_Z,_Z,2005,A,PT_GDP,
6.95643,P1Y,0,,A,PU,_Z,2,,,False,WB_WDI,WB_WDI_SH_XPD_CHEX_GD_ZS,NIC,_T,_T,_T,_Z,_Z,_Z,2007,A,PT_GDP,
5.431059,P1Y,0,,A,PU,_Z,2,,,False,WB_WDI,WB_WDI_SH_XPD_CHEX_GD_ZS,NER,_T,_T,_T,_Z,_Z,_Z,2007,A,PT_GDP,
3.909972,P1Y,0,,A,PU,_Z,2,,,False,WB_WDI,WB_WDI_SH_XPD_CHEX_GD_ZS,NGA,_T,_T,_T,_Z,_Z,_Z,2007,A,PT_GDP,
6.570653,P1Y,0,,A,PU,_Z,2,,,False,WB_WDI,WB_WDI_SH_XPD_CHEX_GD_ZS,MKD,_T,_T,_T,_Z,_Z,_Z,2007,A,PT_GDP,
8.01674,P1Y,0,,A,PU,_Z,2,,,False,WB_WDI,WB_WDI_SH_XPD_CHEX_GD_ZS,NOR,_T,_T,_T,_Z,_Z,_Z,2007,A,PT_GDP,
2.113711,P1Y,0,,A,PU,_Z,2,,,False,WB_WDI,WB_WDI_SH_XPD_CHEX_GD_ZS,OMN,_T,_T,_T,_Z,_Z,_Z,2007,A,PT_GDP,
2.623707,P1Y,0,,A,PU,_Z,2,,,False,WB_WDI,WB_WDI_SH_XPD_CHEX_GD_ZS,PAK,_T,_T,_T,_Z,_Z,_Z,2007,A,PT_GDP,
8.837099,P1Y,0,,A,PU,_Z,2,,,False,WB_WDI,WB_WDI_SH_XPD_CHEX_GD_ZS,PLW,_T,_T,_T,_Z,_Z,_Z,2007,A,PT_GDP,
7.352276,P1Y,0,,A,PU,_Z,2,,,False,WB_WDI,WB_WDI_SH_XPD_CHEX_GD_ZS,PAN,_T,_T,_T,_Z,_Z,_Z,2007,A,PT_GDP,
2.421021,P1Y,0,,A,PU,_Z,2,,,False,WB_WDI,WB_WDI_SH_XPD_CHEX_GD_ZS,PNG,_T,_T,_T,_Z,_Z,_Z,2007,A,PT_GDP,
5.020427,P1Y,0,,A,PU,_Z,2,,,False,WB_WDI,WB_WDI_SH_XPD_CHEX_GD_ZS,PRY,_T,_T,_T,_Z,_Z,_Z,2007,A,PT_GDP,
7.223326,P1Y,0,,A,PU,_Z,2,,,False,WB_WDI,WB_WDI_SH_XPD_CHEX_GD_ZS,PAN,_T,_T,_T,_Z,_Z,_Z,2010,A,PT_GDP,
2.10756,P1Y,0,,A,PU,_Z,2,,,False,WB_WDI,WB_WDI_SH_XPD_CHEX_GD_ZS,PNG,_T,_T,_T,_Z,_Z,_Z,2010,A,PT_GDP,
5.46594,P1Y,0,,A,PU,_Z,2,,,False,WB_WDI,WB_WDI_SH_XPD_CHEX_GD_ZS,PRY,_T,_T,_T,_Z,_Z,_Z,2010,A,PT_GDP,
4.70583,P1Y,0,,A,PU,_Z,2,,,False,WB_WDI,WB_WDI_SH_XPD_CHEX_GD_ZS,PER,_T,_T,_T,_Z,_Z,_Z,2010,A,PT_GDP,
4.131079,P1Y,0,,A,PU,_Z,2,,,False,WB_WDI,WB_WDI_SH_XPD_CHEX_GD_ZS,PHL,_T,_T,_T,_Z,_Z,_Z,2010,A,PT_GDP,
6.435335,P1Y,0,,A,PU,_Z,2,,,False,WB_WDI,WB_WDI_SH_XPD_CHEX_GD_ZS,POL,_T,_T,_T,_Z,_Z,_Z,2010,A,PT_GDP,
10.018584,P1Y,0,,A,PU,_Z,2,,,False,WB_WDI,WB_WDI_SH_XPD_CHEX_GD_ZS,PRT,_T,_T,_T,_Z,_Z,_Z,2010,A,PT_GDP,
1.870178,P1Y,0,,A,PU,_Z,2,,,False,WB_WDI,WB_WDI_SH_XPD_CHEX_GD_ZS,QAT,_T,_T,_T,_Z,_Z,_Z,2010,A,PT_GDP,
5.638827,P1Y,0,,A,PU,_Z,2,,,False,WB_WDI,WB_WDI_SH_XPD_CHEX_GD_ZS,ROU,_T,_T,_T,_Z,_Z,_Z,2010,A,PT_GDP,
4.971118,P1Y,0,,A,PU,_Z,2,,,False,WB_WDI,WB_WDI_SH_XPD_CHEX_GD_ZS,RUS,_T,_T,_T,_Z,_Z,_Z,2010,A,PT_GDP,
7.858897,P1Y,0,,A,PU,_Z,2,,,False,WB_WDI,WB_WDI_SH_XPD_CHEX_GD_ZS,STP,_T,_T,_T,_Z,_Z,_Z,2021,A,PT_GDP,
5.930336,P1Y,0,,A,PU,_Z,2,,,False,WB_WDI,WB_WDI_SH_XPD_CHEX_GD_ZS,SAU,_T,_T,_T,_Z,_Z,_Z,2021,A,PT_GDP,
4.442563,P1Y,0,,A,PU,_Z,2,,,False,WB_WDI,WB_WDI_SH_XPD_CHEX_GD_ZS,SEN,_T,_T,_T,_Z,_Z,_Z,2021,A,PT_GDP,
9.23441,P1Y,0,,A,PU,_Z,2,,,False,WB_WDI,WB_WDI_SH_XPD_CHEX_GD_ZS,SRB,_T,_T,_T,_Z,_Z,_Z,2021,A,PT_GDP,
5.208815,P1Y,0,,A,PU,_Z,2,,,False,WB_WDI,WB_WDI_SH_XPD_CHEX_GD_ZS,SYC,_T,_T,_T,_Z,_Z,_Z,2021,A,PT_GDP,
5.072446,P1Y,0,,A,PU,_Z,2,,,False,WB_WDI,WB_WDI_SH_XPD_CHEX_GD_ZS,SLE,_T,_T,_T,_Z,_Z,_Z,2021,A,PT_GDP,
5.145997,P1Y,0,,A,PU,_Z,2,,,False,WB_WDI,WB_WDI_SH_XPD_CHEX_GD_ZS,SGP,_T,_T,_T,_Z,_Z,_Z,2021,A,PT_GDP,
7.628579,P1Y,0,,A,PU,_Z,2,,,False,WB_WDI,WB_WDI_SH_XPD_CHEX_GD_ZS,SVK,_T,_T,_T,_Z,_Z,_Z,2021,A,PT_GDP,
9.527244,P1Y,0,,A,PU,_Z,2,,,False,WB_WDI,WB_WDI_SH_XPD_CHEX_GD_ZS,SVN,_T,_T,_T,_Z,_Z,_Z,2021,A,PT_GDP,
4.947959,P1Y,0,,A,PU,_Z,2,,,False,WB_WDI,WB_WDI_SH_XPD_CHEX_GD_ZS,SLB,_T,_T,_T,_Z,_Z,_Z,2021,A,PT_GDP,
2.735092,P1Y,0,,A,PU,_Z,2,,,False,WB_WDI,WB_WDI_SH_XPD_CHEX_GD_ZS,SOM,_T,_T,_T,_Z,_Z,_Z,2021,A,PT_GDP,
8.664503,P1Y,0,,A,PU,_Z,2,,,False,WB_WDI,WB_WDI_SH_XPD_CHEX_GD_ZS,ZAF,_T,_T,_T,_Z,_Z,_Z,2021,A,PT_GDP,
2.369553,P1Y,0,,A,PU,_Z,2,,,False,WB_WDI,WB_WDI_SH_XPD_CHEX_GD_ZS,GHA,_T,_T,_T,_Z,_Z,_Z,2004,A,PT_GDP,
8.300022,P1Y,0,,A,PU,_Z,2,,,False,WB_WDI,WB_WDI_SH_XPD_CHEX_GD_ZS,GRC,_T,_T,_T,_Z,_Z,_Z,2004,A,PT_GDP,
5.365685,P1Y,0,,A,PU,_Z,2,,,False,WB_WDI,WB_WDI_SH_XPD_CHEX_GD_ZS,GRD,_T,_T,_T,_Z,_Z,_Z,2004,A,PT_GDP,
6.261828,P1Y,0,,A,PU,_Z,2,,,False,WB_WDI,WB_WDI_SH_XPD_CHEX_GD_ZS,GTM,_T,_T,_T,_Z,_Z,_Z,2004,A,PT_GDP,
4.776328,P1Y,0,,A,PU,_Z,2,,,False,WB_WDI,WB_WDI_SH_XPD_CHEX_GD_ZS,GIN,_T,_T,_T,_Z,_Z,_Z,2004,A,PT_GDP,
4.270702,P1Y,0,,A,PU,_Z,2,,,False,WB_WDI,WB_WDI_SH_XPD_CHEX_GD_ZS,GNB,_T,_T,_T,_Z,_Z,_Z,2004,A,PT_GDP,
3.437704,P1Y,0,,A,PU,_Z,2,,,False,WB_WDI,WB_WDI_SH_XPD_CHEX_GD_ZS,GUY,_T,_T,_T,_Z,_Z,_Z,2004,A,PT_GDP,
3.429284,P1Y,0,,A,PU,_Z,2,,,False,WB_WDI,WB_WDI_SH_XPD_CHEX_GD_ZS,HTI,_T,_T,_T,_Z,_Z,_Z,2004,A,PT_GDP,
6.854844,P1Y,0,,A,PU,_Z,2,,,False,WB_WDI,WB_WDI_SH_XPD_CHEX_GD_ZS,HND,_T,_T,_T,_Z,_Z,_Z,2004,A,PT_GDP,
7.765921,P1Y,0,,A,PU,_Z,2,,,False,WB_WDI,WB_WDI_SH_XPD_CHEX_GD_ZS,HUN,_T,_T,_T,_Z,_Z,_Z,2004,A,PT_GDP,
3.553355,P1Y,0,,A,PU,_Z,2,,,False,WB_WDI,WB_WDI_SH_XPD_CHEX_GD_ZS,MDG,_T,_T,_T,_Z,_Z,_Z,2021,A,PT_GDP,
7.516463,P1Y,0,,A,PU,_Z,2,,,False,WB_WDI,WB_WDI_SH_XPD_CHEX_GD_ZS,MWI,_T,_T,_T,_Z,_Z,_Z,2021,A,PT_GDP,
4.374383,P1Y,0,,A,PU,_Z,2,,,False,WB_WDI,WB_WDI_SH_XPD_CHEX_GD_ZS,MYS,_T,_T,_T,_Z,_Z,_Z,2021,A,PT_GDP,
8.851695,P1Y,0,,A,PU,_Z,2,,,False,WB_WDI,WB_WDI_SH_XPD_CHEX_GD_ZS,MDV,_T,_T,_T,_Z,_Z,_Z,2021,A,PT_GDP,
3.543187,P1Y,0,,A,PU,_Z,2,,,False,WB_WDI,WB_WDI_SH_XPD_CHEX_GD_ZS,MLI,_T,_T,_T,_Z,_Z,_Z,2021,A,PT_GDP,
9.527821,P1Y,0,,A,PU,_Z,2,,,False,WB_WDI,WB_WDI_SH_XPD_CHEX_GD_ZS,MLT,_T,_T,_T,_Z,_Z,_Z,2021,A,PT_GDP,
12.492571,P1Y,0,,A,PU,_Z,2,,,False,WB_WDI,WB_WDI_SH_XPD_CHEX_GD_ZS,MHL,_T,_T,_T,_Z,_Z,_Z,2021,A,PT_GDP,
3.780225,P1Y,0,,A,PU,_Z,2,,,False,WB_WDI,WB_WDI_SH_XPD_CHEX_GD_ZS,MRT,_T,_T,_T,_Z,_Z,_Z,2021,A,PT_GDP,
6.616084,P1Y,0,,A,PU,_Z,2,,,False,WB_WDI,WB_WDI_SH_XPD_CHEX_GD_ZS,MUS,_T,_T,_T,_Z,_Z,_Z,2021,A,PT_GDP,
5.87678,P1Y,0,,A,PU,_Z,2,,,False,WB_WDI,WB_WDI_SH_XPD_CHEX_GD_ZS,MEX,_T,_T,_T,_Z,_Z,_Z,2021,A,PT_GDP,
11.374305,P1Y,0,,A,PU,_Z,2,,,False,WB_WDI,WB_WDI_SH_XPD_CHEX_GD_ZS,FSM,_T,_T,_T,_Z,_Z,_Z,2021,A,PT_GDP,
6.55065,P1Y,0,,A,PU,_Z,2,,,False,WB_WDI,WB_WDI_SH_XPD_CHEX_GD_ZS,BOL,_T,_T,_T,_Z,_Z,_Z,2015,A,PT_GDP,
9.240866,P1Y,0,,A,PU,_Z,2,,,False,WB_WDI,WB_WDI_SH_XPD_CHEX_GD_ZS,BIH,_T,_T,_T,_Z,_Z,_Z,2015,A,PT_GDP,
6.102878,P1Y,0,,A,PU,_Z,2,,,False,WB_WDI,WB_WDI_SH_XPD_CHEX_GD_ZS,BWA,_T,_T,_T,_Z,_Z,_Z,2015,A,PT_GDP,
8.9093,P1Y,0,,A,PU,_Z,2,,,False,WB_WDI,WB_WDI_SH_XPD_CHEX_GD_ZS,BRA,_T,_T,_T,_Z,_Z,_Z,2015,A,PT_GDP,
2.387089,P1Y,0,,A,PU,_Z,2,,,False,WB_WDI,WB_WDI_SH_XPD_CHEX_GD_ZS,BRN,_T,_T,_T,_Z,_Z,_Z,2015,A,PT_GDP,
7.393636,P1Y,0,,A,PU,_Z,2,,,False,WB_WDI,WB_WDI_SH_XPD_CHEX_GD_ZS,BGR,_T,_T,_T,_Z,_Z,_Z,2015,A,PT_GDP,
5.131924,P1Y,0,,A,PU,_Z,2,,,False,WB_WDI,WB_WDI_SH_XPD_CHEX_GD_ZS,BFA,_T,_T,_T,_Z,_Z,_Z,2015,A,PT_GDP,
6.290445,P1Y,0,,A,PU,_Z,2,,,False,WB_WDI,WB_WDI_SH_XPD_CHEX_GD_ZS,BDI,_T,_T,_T,_Z,_Z,_Z,2015,A,PT_GDP,
4.400737,P1Y,0,,A,PU,_Z,2,,,False,WB_WDI,WB_WDI_SH_XPD_CHEX_GD_ZS,CPV,_T,_T,_T,_Z,_Z,_Z,2015,A,PT_GDP,
4.538986,P1Y,0,,A,PU,_Z,2,,,False,WB_WDI,WB_WDI_SH_XPD_CHEX_GD_ZS,KHM,_T,_T,_T,_Z,_Z,_Z,2015,A,PT_GDP,
2.603122,P1Y,0,,A,PU,_Z,2,,,False,WB_WDI,WB_WDI_SH_XPD_CHEX_GD_ZS,LAO,_T,_T,_T,_Z,_Z,_Z,2019,A,PT_GDP,
6.862769,P1Y,0,,A,PU,_Z,2,,,False,WB_WDI,WB_WDI_SH_XPD_CHEX_GD_ZS,LVA,_T,_T,_T,_Z,_Z,_Z,2019,A,PT_GDP,
8.685339,P1Y,0,,A,PU,_Z,2,,,False,WB_WDI,WB_WDI_SH_XPD_CHEX_GD_ZS,LBN,_T,_T,_T,_Z,_Z,_Z,2019,A,PT_GDP,
21.923731,P1Y,0,,A,PU,_Z,2,,,False,WB_WDI,WB_WDI_SH_XPD_CHEX_GD_ZS,LSO,_T,_T,_T,_Z,_Z,_Z,2019,A,PT_GDP,
8.38326,P1Y,0,,A,PU,_Z,2,,,False,WB_WDI,WB_WDI_SH_XPD_CHEX_GD_ZS,LBR,_T,_T,_T,_Z,_Z,_Z,2019,A,PT_GDP,
5.547734,P1Y,0,,A,PU,_Z,2,,,False,WB_WDI,WB_WDI_SH_XPD_CHEX_GD_ZS,LBY,_T,_T,_T,_Z,_Z,_Z,2019,A,PT_GDP,
5.784838,P1Y,0,,A,PU,_Z,2,,,False,WB_WDI,WB_WDI_SH_XPD_CHEX_GD_ZS,LIE,_T,_T,_T,_Z,_Z,_Z,2019,A,PT_GDP,
6.944726,P1Y,0,,A,PU,_Z,2,,,False,WB_WDI,WB_WDI_SH_XPD_CHEX_GD_ZS,LTU,_T,_T,_T,_Z,_Z,_Z,2019,A,PT_GDP,
5.466403,P1Y,0,,A,PU,_Z,2,,,False,WB_WDI,WB_WDI_SH_XPD_CHEX_GD_ZS,LUX,_T,_T,_T,_Z,_Z,_Z,2019,A,PT_GDP,
3.101293,P1Y,0,,A,PU,_Z,2,,,False,WB_WDI,WB_WDI_SH_XPD_CHEX_GD_ZS,MDG,_T,_T,_T,_Z,_Z,_Z,2019,A,PT_GDP,
6.370217,P1Y,0,,A,PU,_Z,2,,,False,WB_WDI,WB_WDI_SH_XPD_CHEX_GD_ZS,MWI,_T,_T,_T,_Z,_Z,_Z,2019,A,PT_GDP,
6.999143,P1Y,0,,A,PU,_Z,2,,,False,WB_WDI,WB_WDI_SH_XPD_CHEX_GD_ZS,ISR,_T,_T,_T,_Z,_Z,_Z,2001,A,PT_GDP,
7.711158,P1Y,0,,A,PU,_Z,2,,,False,WB_WDI,WB_WDI_SH_XPD_CHEX_GD_ZS,ITA,_T,_T,_T,_Z,_Z,_Z,2001,A,PT_GDP,
5.156529,P1Y,0,,A,PU,_Z,2,,,False,WB_WDI,WB_WDI_SH_XPD_CHEX_GD_ZS,JAM,_T,_T,_T,_Z,_Z,_Z,2001,A,PT_GDP,
7.239479,P1Y,0,,A,PU,_Z,2,,,False,WB_WDI,WB_WDI_SH_XPD_CHEX_GD_ZS,JPN,_T,_T,_T,_Z,_Z,_Z,2001,A,PT_GDP,
9.572364,P1Y,0,,A,PU,_Z,2,,,False,WB_WDI,WB_WDI_SH_XPD_CHEX_GD_ZS,JOR,_T,_T,_T,_Z,_Z,_Z,2001,A,PT_GDP,
3.47098,P1Y,0,,A,PU,_Z,2,,,False,WB_WDI,WB_WDI_SH_XPD_CHEX_GD_ZS,KAZ,_T,_T,_T,_Z,_Z,_Z,2001,A,PT_GDP,
3.740023,P1Y,0,,A,PU,_Z,2,,,False,WB_WDI,WB_WDI_SH_XPD_CHEX_GD_ZS,KEN,_T,_T,_T,_Z,_Z,_Z,2001,A,PT_GDP,
11.905477,P1Y,0,,A,PU,_Z,2,,,False,WB_WDI,WB_WDI_SH_XPD_CHEX_GD_ZS,KIR,_T,_T,_T,_Z,_Z,_Z,2001,A,PT_GDP,
4.16984,P1Y,0,,A,PU,_Z,2,,,False,WB_WDI,WB_WDI_SH_XPD_CHEX_GD_ZS,KOR,_T,_T,_T,_Z,_Z,_Z,2001,A,PT_GDP,
3.187196,P1Y,0,,A,PU,_Z,2,,,False,WB_WDI,WB_WDI_SH_XPD_CHEX_GD_ZS,KWT,_T,_T,_T,_Z,_Z,_Z,2001,A,PT_GDP,
4.277032,P1Y,0,,A,PU,_Z,2,,,False,WB_WDI,WB_WDI_SH_XPD_CHEX_GD_ZS,KGZ,_T,_T,_T,_Z,_Z,_Z,2001,A,PT_GDP,
2.905473,P1Y,0,,A,PU,_Z,2,,,False,WB_WDI,WB_WDI_SH_XPD_CHEX_GD_ZS,FJI,_T,_T,_T,_Z,_Z,_Z,2001,A,PT_GDP,
7.251657,P1Y,0,,A,PU,_Z,2,,,False,WB_WDI,WB_WDI_SH_XPD_CHEX_GD_ZS,FIN,_T,_T,_T,_Z,_Z,_Z,2001,A,PT_GDP,
9.757193,P1Y,0,,A,PU,_Z,2,,,False,WB_WDI,WB_WDI_SH_XPD_CHEX_GD_ZS,FRA,_T,_T,_T,_Z,_Z,_Z,2001,A,PT_GDP,
3.151982,P1Y,0,,A,PU,_Z,2,,,False,WB_WDI,WB_WDI_SH_XPD_CHEX_GD_ZS,GAB,_T,_T,_T,_Z,_Z,_Z,2001,A,PT_GDP,
8.299257,P1Y,0,,A,PU,_Z,2,,,False,WB_WDI,WB_WDI_SH_XPD_CHEX_GD_ZS,GMB,_T,_T,_T,_Z,_Z,_Z,2001,A,PT_GDP,
7.169509,P1Y,0,,A,PU,_Z,2,,,False,WB_WDI,WB_WDI_SH_XPD_CHEX_GD_ZS,GEO,_T,_T,_T,_Z,_Z,_Z,2001,A,PT_GDP,
9.781055,P1Y,0,,A,PU,_Z,2,,,False,WB_WDI,WB_WDI_SH_XPD_CHEX_GD_ZS,DEU,_T,_T,_T,_Z,_Z,_Z,2001,A,PT_GDP,
1.868663,P1Y,0,,A,PU,_Z,2,,,False,WB_WDI,WB_WDI_SH_XPD_CHEX_GD_ZS,GHA,_T,_T,_T,_Z,_Z,_Z,2001,A,PT_GDP,
8.24546,P1Y,0,,A,PU,_Z,2,,,False,WB_WDI,WB_WDI_SH_XPD_CHEX_GD_ZS,GRC,_T,_T,_T,_Z,_Z,_Z,2001,A,PT_GDP,
5.62457,P1Y,0,,A,PU,_Z,2,,,False,WB_WDI,WB_WDI_SH_XPD_CHEX_GD_ZS,GRD,_T,_T,_T,_Z,_Z,_Z,2001,A,PT_GDP,
6.070237,P1Y,0,,A,PU,_Z,2,,,False,WB_WDI,WB_WDI_SH_XPD_CHEX_GD_ZS,GTM,_T,_T,_T,_Z,_Z,_Z,2001,A,PT_GDP,
5.806386,P1Y,0,,A,PU,_Z,2,,,False,WB_WDI,WB_WDI_SH_XPD_CHEX_GD_ZS,LBY,_T,_T,_T,_Z,_Z,_Z,2015,A,PT_GDP,
5.751392,P1Y,0,,A,PU,_Z,2,,,False,WB_WDI,WB_WDI_SH_XPD_CHEX_GD_ZS,LIE,_T,_T,_T,_Z,_Z,_Z,2015,A,PT_GDP,
6.473969,P1Y,0,,A,PU,_Z,2,,,False,WB_WDI,WB_WDI_SH_XPD_CHEX_GD_ZS,LTU,_T,_T,_T,_Z,_Z,_Z,2015,A,PT_GDP,
5.081136,P1Y,0,,A,PU,_Z,2,,,False,WB_WDI,WB_WDI_SH_XPD_CHEX_GD_ZS,LUX,_T,_T,_T,_Z,_Z,_Z,2015,A,PT_GDP,
5.006254,P1Y,0,,A,PU,_Z,2,,,False,WB_WDI,WB_WDI_SH_XPD_CHEX_GD_ZS,MDG,_T,_T,_T,_Z,_Z,_Z,2015,A,PT_GDP,
6.628791,P1Y,0,,A,PU,_Z,2,,,False,WB_WDI,WB_WDI_SH_XPD_CHEX_GD_ZS,MWI,_T,_T,_T,_Z,_Z,_Z,2015,A,PT_GDP,
3.822015,P1Y,0,,A,PU,_Z,2,,,False,WB_WDI,WB_WDI_SH_XPD_CHEX_GD_ZS,MYS,_T,_T,_T,_Z,_Z,_Z,2015,A,PT_GDP,
8.683106,P1Y,0,,A,PU,_Z,2,,,False,WB_WDI,WB_WDI_SH_XPD_CHEX_GD_ZS,MDV,_T,_T,_T,_Z,_Z,_Z,2015,A,PT_GDP,
4.111434,P1Y,0,,A,PU,_Z,2,,,False,WB_WDI,WB_WDI_SH_XPD_CHEX_GD_ZS,MLI,_T,_T,_T,_Z,_Z,_Z,2015,A,PT_GDP,
8.701998,P1Y,0,,A,PU,_Z,2,,,False,WB_WDI,WB_WDI_SH_XPD_CHEX_GD_ZS,MLT,_T,_T,_T,_Z,_Z,_Z,2015,A,PT_GDP,
6.311425,P1Y,0,,A,PU,_Z,2,,,False,WB_WDI,WB_WDI_SH_XPD_CHEX_GD_ZS,DMA,_T,_T,_T,_Z,_Z,_Z,2021,A,PT_GDP,
5.0884,P1Y,0,,A,PU,_Z,2,,,False,WB_WDI,WB_WDI_SH_XPD_CHEX_GD_ZS,DOM,_T,_T,_T,_Z,_Z,_Z,2021,A,PT_GDP,
8.375262,P1Y,0,,A,PU,_Z,2,,,False,WB_WDI,WB_WDI_SH_XPD_CHEX_GD_ZS,ECU,_T,_T,_T,_Z,_Z,_Z,2021,A,PT_GDP,
4.609551,P1Y,0,,A,PU,_Z,2,,,False,WB_WDI,WB_WDI_SH_XPD_CHEX_GD_ZS,EGY,_T,_T,_T,_Z,_Z,_Z,2021,A,PT_GDP,
10.12669,P1Y,0,,A,PU,_Z,2,,,False,WB_WDI,WB_WDI_SH_XPD_CHEX_GD_ZS,SLV,_T,_T,_T,_Z,_Z,_Z,2021,A,PT_GDP,
3.5103,P1Y,0,,A,PU,_Z,2,,,False,WB_WDI,WB_WDI_SH_XPD_CHEX_GD_ZS,GNQ,_T,_T,_T,_Z,_Z,_Z,2021,A,PT_GDP,
4.17839,P1Y,0,,A,PU,_Z,2,,,False,WB_WDI,WB_WDI_SH_XPD_CHEX_GD_ZS,ERI,_T,_T,_T,_Z,_Z,_Z,2021,A,PT_GDP,
7.475911,P1Y,0,,A,PU,_Z,2,,,False,WB_WDI,WB_WDI_SH_XPD_CHEX_GD_ZS,EST,_T,_T,_T,_Z,_Z,_Z,2021,A,PT_GDP,
7.405521,P1Y,0,,A,PU,_Z,2,,,False,WB_WDI,WB_WDI_SH_XPD_CHEX_GD_ZS,SWZ,_T,_T,_T,_Z,_Z,_Z,2021,A,PT_GDP,
3.2078,P1Y,0,,A,PU,_Z,2,,,False,WB_WDI,WB_WDI_SH_XPD_CHEX_GD_ZS,ETH,_T,_T,_T,_Z,_Z,_Z,2021,A,PT_GDP,
7.060847,P1Y,0,,A,PU,_Z,2,,,False,WB_WDI,WB_WDI_SH_XPD_CHEX_GD_ZS,FJI,_T,_T,_T,_Z,_Z,_Z,2021,A,PT_GDP,
3.44222,P1Y,0,,A,PU,_Z,2,,,False,WB_WDI,WB_WDI_SH_XPD_CHEX_GD_ZS,TGO,_T,_T,_T,_Z,_Z,_Z,2001,A,PT_GDP,
3.425016,P1Y,0,,A,PU,_Z,2,,,False,WB_WDI,WB_WDI_SH_XPD_CHEX_GD_ZS,TON,_T,_T,_T,_Z,_Z,_Z,2001,A,PT_GDP,
4.034649,P1Y,0,,A,PU,_Z,2,,,False,WB_WDI,WB_WDI_SH_XPD_CHEX_GD_ZS,TTO,_T,_T,_T,_Z,_Z,_Z,2001,A,PT_GDP,
4.861328,P1Y,0,,A,PU,_Z,2,,,False,WB_WDI,WB_WDI_SH_XPD_CHEX_GD_ZS,TUN,_T,_T,_T,_Z,_Z,_Z,2001,A,PT_GDP,
4.887849,P1Y,0,,A,PU,_Z,2,,,False,WB_WDI,WB_WDI_SH_XPD_CHEX_GD_ZS,TUR,_T,_T,_T,_Z,_Z,_Z,2001,A,PT_GDP,
4.766053,P1Y,0,,A,PU,_Z,2,,,False,WB_WDI,WB_WDI_SH_XPD_CHEX_GD_ZS,TKM,_T,_T,_T,_Z,_Z,_Z,2001,A,PT_GDP,
17.965483,P1Y,0,,A,PU,_Z,2,,,False,WB_WDI,WB_WDI_SH_XPD_CHEX_GD_ZS,TUV,_T,_T,_T,_Z,_Z,_Z,2001,A,PT_GDP,
5.052084,P1Y,0,,A,PU,_Z,2,,,False,WB_WDI,WB_WDI_SH_XPD_CHEX_GD_ZS,UGA,_T,_T,_T,_Z,_Z,_Z,2001,A,PT_GDP,
5.725344,P1Y,0,,A,PU,_Z,2,,,False,WB_WDI,WB_WDI_SH_XPD_CHEX_GD_ZS,UKR,_T,_T,_T,_Z,_Z,_Z,2001,A,PT_GDP,
2.484364,P1Y,0,,A,PU,_Z,2,,,False,WB_WDI,WB_WDI_SH_XPD_CHEX_GD_ZS,ARE,_T,_T,_T,_Z,_Z,_Z,2001,A,PT_GDP,
7.432769,P1Y,0,,A,PU,_Z,2,,,False,WB_WDI,WB_WDI_SH_XPD_CHEX_GD_ZS,GBR,_T,_T,_T,_Z,_Z,_Z,2001,A,PT_GDP,
13.168171,P1Y,0,,A,PU,_Z,2,,,False,WB_WDI,WB_WDI_SH_XPD_CHEX_GD_ZS,USA,_T,_T,_T,_Z,_Z,_Z,2001,A,PT_GDP,
4.572029,P1Y,0,,A,PU,_Z,2,,,False,WB_WDI,WB_WDI_SH_XPD_CHEX_GD_ZS,SYR,_T,_T,_T,_Z,_Z,_Z,2000,A,PT_GDP,
4.264924,P1Y,0,,A,PU,_Z,2,,,False,WB_WDI,WB_WDI_SH_XPD_CHEX_GD_ZS,TJK,_T,_T,_T,_Z,_Z,_Z,2000,A,PT_GDP,
3.415299,P1Y,0,,A,PU,_Z,2,,,False,WB_WDI,WB_WDI_SH_XPD_CHEX_GD_ZS,TZA,_T,_T,_T,_Z,_Z,_Z,2000,A,PT_GDP,
3.101254,P1Y,0,,A,PU,_Z,2,,,False,WB_WDI,WB_WDI_SH_XPD_CHEX_GD_ZS,THA,_T,_T,_T,_Z,_Z,_Z,2000,A,PT_GDP,
3.33427,P1Y,0,,A,PU,_Z,2,,,False,WB_WDI,WB_WDI_SH_XPD_CHEX_GD_ZS,TGO,_T,_T,_T,_Z,_Z,_Z,2000,A,PT_GDP,
2.903892,P1Y,0,,A,PU,_Z,2,,,False,WB_WDI,WB_WDI_SH_XPD_CHEX_GD_ZS,TON,_T,_T,_T,_Z,_Z,_Z,2000,A,PT_GDP,
4.234925,P1Y,0,,A,PU,_Z,2,,,False,WB_WDI,WB_WDI_SH_XPD_CHEX_GD_ZS,TTO,_T,_T,_T,_Z,_Z,_Z,2000,A,PT_GDP,
4.812719,P1Y,0,,A,PU,_Z,2,,,False,WB_WDI,WB_WDI_SH_XPD_CHEX_GD_ZS,TUN,_T,_T,_T,_Z,_Z,_Z,2000,A,PT_GDP,
4.599572,P1Y,0,,A,PU,_Z,2,,,False,WB_WDI,WB_WDI_SH_XPD_CHEX_GD_ZS,TUR,_T,_T,_T,_Z,_Z,_Z,2000,A,PT_GDP,
4.0308,P1Y,0,,A,PU,_Z,2,,,False,WB_WDI,WB_WDI_SH_XPD_CHEX_GD_ZS,TKM,_T,_T,_T,_Z,_Z,_Z,2000,A,PT_GDP,
22.281742,P1Y,0,,A,PU,_Z,2,,,False,WB_WDI,WB_WDI_SH_XPD_CHEX_GD_ZS,TUV,_T,_T,_T,_Z,_Z,_Z,2000,A,PT_GDP,
5.082778,P1Y,0,,A,PU,_Z,2,,,False,WB_WDI,WB_WDI_SH_XPD_CHEX_GD_ZS,UGA,_T,_T,_T,_Z,_Z,_Z,2000,A,PT_GDP,
7.735378,P1Y,0,,A,PU,_Z,2,,,False,WB_WDI,WB_WDI_SH_XPD_CHEX_GD_ZS,PRY,_T,_T,_T,_Z,_Z,_Z,2022,A,PT_GDP,
6.097462,P1Y,0,,A,PU,_Z,2,,,False,WB_WDI,WB_WDI_SH_XPD_CHEX_GD_ZS,PER,_T,_T,_T,_Z,_Z,_Z,2022,A,PT_GDP,
5.155884,P1Y,0,,A,PU,_Z,2,,,False,WB_WDI,WB_WDI_SH_XPD_CHEX_GD_ZS,PHL,_T,_T,_T,_Z,_Z,_Z,2022,A,PT_GDP,
6.466198,P1Y,0,,A,PU,_Z,2,,,False,WB_WDI,WB_WDI_SH_XPD_CHEX_GD_ZS,POL,_T,_T,_T,_Z,_Z,_Z,2022,A,PT_GDP,
10.549224,P1Y,0,,A,PU,_Z,2,,,False,WB_WDI,WB_WDI_SH_XPD_CHEX_GD_ZS,PRT,_T,_T,_T,_Z,_Z,_Z,2022,A,PT_GDP,
2.186133,P1Y,0,,A,PU,_Z,2,,,False,WB_WDI,WB_WDI_SH_XPD_CHEX_GD_ZS,QAT,_T,_T,_T,_Z,_Z,_Z,2022,A,PT_GDP,
5.798233,P1Y,0,,A,PU,_Z,2,,,False,WB_WDI,WB_WDI_SH_XPD_CHEX_GD_ZS,ROU,_T,_T,_T,_Z,_Z,_Z,2022,A,PT_GDP,
6.878866,P1Y,0,,A,PU,_Z,2,,,False,WB_WDI,WB_WDI_SH_XPD_CHEX_GD_ZS,RUS,_T,_T,_T,_Z,_Z,_Z,2022,A,PT_GDP,
5.928426,P1Y,0,,A,PU,_Z,2,,,False,WB_WDI,WB_WDI_SH_XPD_CHEX_GD_ZS,RWA,_T,_T,_T,_Z,_Z,_Z,2022,A,PT_GDP,
6.934124,P1Y,0,,A,PU,_Z,2,,,False,WB_WDI,WB_WDI_SH_XPD_CHEX_GD_ZS,WSM,_T,_T,_T,_Z,_Z,_Z,2022,A,PT_GDP,
7.223363,P1Y,0,,A,PU,_Z,2,,,False,WB_WDI,WB_WDI_SH_XPD_CHEX_GD_ZS,SMR,_T,_T,_T,_Z,_Z,_Z,2022,A,PT_GDP,
10.106806,P1Y,0,,A,PU,_Z,2,,,False,WB_WDI,WB_WDI_SH_XPD_CHEX_GD_ZS,DEU,_T,_T,_T,_Z,_Z,_Z,2005,A,PT_GDP,
3.273441,P1Y,0,,A,PU,_Z,2,,,False,WB_WDI,WB_WDI_SH_XPD_CHEX_GD_ZS,GHA,_T,_T,_T,_Z,_Z,_Z,2005,A,PT_GDP,
8.761179,P1Y,0,,A,PU,_Z,2,,,False,WB_WDI,WB_WDI_SH_XPD_CHEX_GD_ZS,GRC,_T,_T,_T,_Z,_Z,_Z,2005,A,PT_GDP,
5.144603,P1Y,0,,A,PU,_Z,2,,,False,WB_WDI,WB_WDI_SH_XPD_CHEX_GD_ZS,GRD,_T,_T,_T,_Z,_Z,_Z,2005,A,PT_GDP,
6.148264,P1Y,0,,A,PU,_Z,2,,,False,WB_WDI,WB_WDI_SH_XPD_CHEX_GD_ZS,GTM,_T,_T,_T,_Z,_Z,_Z,2005,A,PT_GDP,
4.034527,P1Y,0,,A,PU,_Z,2,,,False,WB_WDI,WB_WDI_SH_XPD_CHEX_GD_ZS,GIN,_T,_T,_T,_Z,_Z,_Z,2005,A,PT_GDP,
4.534625,P1Y,0,,A,PU,_Z,2,,,False,WB_WDI,WB_WDI_SH_XPD_CHEX_GD_ZS,GNB,_T,_T,_T,_Z,_Z,_Z,2005,A,PT_GDP,
3.794097,P1Y,0,,A,PU,_Z,2,,,False,WB_WDI,WB_WDI_SH_XPD_CHEX_GD_ZS,GUY,_T,_T,_T,_Z,_Z,_Z,2005,A,PT_GDP,
3.305547,P1Y,0,,A,PU,_Z,2,,,False,WB_WDI,WB_WDI_SH_XPD_CHEX_GD_ZS,HTI,_T,_T,_T,_Z,_Z,_Z,2005,A,PT_GDP,
7.500864,P1Y,0,,A,PU,_Z,2,,,False,WB_WDI,WB_WDI_SH_XPD_CHEX_GD_ZS,HND,_T,_T,_T,_Z,_Z,_Z,2005,A,PT_GDP,
2.684854,P1Y,0,,A,PU,_Z,2,,,False,WB_WDI,WB_WDI_SH_XPD_CHEX_GD_ZS,OMN,_T,_T,_T,_Z,_Z,_Z,2000,A,PT_GDP,
2.480793,P1Y,0,,A,PU,_Z,2,,,False,WB_WDI,WB_WDI_SH_XPD_CHEX_GD_ZS,PAK,_T,_T,_T,_Z,_Z,_Z,2000,A,PT_GDP,
8.637289,P1Y,0,,A,PU,_Z,2,,,False,WB_WDI,WB_WDI_SH_XPD_CHEX_GD_ZS,PLW,_T,_T,_T,_Z,_Z,_Z,2000,A,PT_GDP,
6.984866,P1Y,0,,A,PU,_Z,2,,,False,WB_WDI,WB_WDI_SH_XPD_CHEX_GD_ZS,PAN,_T,_T,_T,_Z,_Z,_Z,2000,A,PT_GDP,
2.018418,P1Y,0,,A,PU,_Z,2,,,False,WB_WDI,WB_WDI_SH_XPD_CHEX_GD_ZS,PNG,_T,_T,_T,_Z,_Z,_Z,2000,A,PT_GDP,
6.018652,P1Y,0,,A,PU,_Z,2,,,False,WB_WDI,WB_WDI_SH_XPD_CHEX_GD_ZS,PRY,_T,_T,_T,_Z,_Z,_Z,2000,A,PT_GDP,
4.414826,P1Y,0,,A,PU,_Z,2,,,False,WB_WDI,WB_WDI_SH_XPD_CHEX_GD_ZS,PER,_T,_T,_T,_Z,_Z,_Z,2000,A,PT_GDP,
3.055124,P1Y,0,,A,PU,_Z,2,,,False,WB_WDI,WB_WDI_SH_XPD_CHEX_GD_ZS,PHL,_T,_T,_T,_Z,_Z,_Z,2000,A,PT_GDP,
5.265482,P1Y,0,,A,PU,_Z,2,,,False,WB_WDI,WB_WDI_SH_XPD_CHEX_GD_ZS,POL,_T,_T,_T,_Z,_Z,_Z,2000,A,PT_GDP,
8.601042,P1Y,0,,A,PU,_Z,2,,,False,WB_WDI,WB_WDI_SH_XPD_CHEX_GD_ZS,PRT,_T,_T,_T,_Z,_Z,_Z,2000,A,PT_GDP,
1.972585,P1Y,0,,A,PU,_Z,2,,,False,WB_WDI,WB_WDI_SH_XPD_CHEX_GD_ZS,QAT,_T,_T,_T,_Z,_Z,_Z,2000,A,PT_GDP,
3.506234,P1Y,0,,A,PU,_Z,2,,,False,WB_WDI,WB_WDI_SH_XPD_CHEX_GD_ZS,MLI,_T,_T,_T,_Z,_Z,_Z,2020,A,PT_GDP,
9.854035,P1Y,0,,A,PU,_Z,2,,,False,WB_WDI,WB_WDI_SH_XPD_CHEX_GD_ZS,MLT,_T,_T,_T,_Z,_Z,_Z,2020,A,PT_GDP,
12.124134,P1Y,0,,A,PU,_Z,2,,,False,WB_WDI,WB_WDI_SH_XPD_CHEX_GD_ZS,MHL,_T,_T,_T,_Z,_Z,_Z,2020,A,PT_GDP,
3.001478,P1Y,0,,A,PU,_Z,2,,,False,WB_WDI,WB_WDI_SH_XPD_CHEX_GD_ZS,MRT,_T,_T,_T,_Z,_Z,_Z,2020,A,PT_GDP,
6.09606,P1Y,0,,A,PU,_Z,2,,,False,WB_WDI,WB_WDI_SH_XPD_CHEX_GD_ZS,MUS,_T,_T,_T,_Z,_Z,_Z,2020,A,PT_GDP,
6.052486,P1Y,0,,A,PU,_Z,2,,,False,WB_WDI,WB_WDI_SH_XPD_CHEX_GD_ZS,MEX,_T,_T,_T,_Z,_Z,_Z,2020,A,PT_GDP,
11.984793,P1Y,0,,A,PU,_Z,2,,,False,WB_WDI,WB_WDI_SH_XPD_CHEX_GD_ZS,FSM,_T,_T,_T,_Z,_Z,_Z,2020,A,PT_GDP,
7.00484,P1Y,0,,A,PU,_Z,2,,,False,WB_WDI,WB_WDI_SH_XPD_CHEX_GD_ZS,MDA,_T,_T,_T,_Z,_Z,_Z,2020,A,PT_GDP,
4.286527,P1Y,0,,A,PU,_Z,2,,,False,WB_WDI,WB_WDI_SH_XPD_CHEX_GD_ZS,MCO,_T,_T,_T,_Z,_Z,_Z,2020,A,PT_GDP,
4.666249,P1Y,0,,A,PU,_Z,2,,,False,WB_WDI,WB_WDI_SH_XPD_CHEX_GD_ZS,MNG,_T,_T,_T,_Z,_Z,_Z,2020,A,PT_GDP,
11.421776,P1Y,0,,A,PU,_Z,2,,,False,WB_WDI,WB_WDI_SH_XPD_CHEX_GD_ZS,MNE,_T,_T,_T,_Z,_Z,_Z,2020,A,PT_GDP,
6.5068,P1Y,0,,A,PU,_Z,2,,,False,WB_WDI,WB_WDI_SH_XPD_CHEX_GD_ZS,HRV,_T,_T,_T,_Z,_Z,_Z,2004,A,PT_GDP,
6.831787,P1Y,0,,A,PU,_Z,2,,,False,WB_WDI,WB_WDI_SH_XPD_CHEX_GD_ZS,CUB,_T,_T,_T,_Z,_Z,_Z,2004,A,PT_GDP,
5.405581,P1Y,0,,A,PU,_Z,2,,,False,WB_WDI,WB_WDI_SH_XPD_CHEX_GD_ZS,CYP,_T,_T,_T,_Z,_Z,_Z,2004,A,PT_GDP,
6.333084,P1Y,0,,A,PU,_Z,2,,,False,WB_WDI,WB_WDI_SH_XPD_CHEX_GD_ZS,CZE,_T,_T,_T,_Z,_Z,_Z,2004,A,PT_GDP,
8.985515,P1Y,0,,A,PU,_Z,2,,,False,WB_WDI,WB_WDI_SH_XPD_CHEX_GD_ZS,DNK,_T,_T,_T,_Z,_Z,_Z,2004,A,PT_GDP,
3.535447,P1Y,0,,A,PU,_Z,2,,,False,WB_WDI,WB_WDI_SH_XPD_CHEX_GD_ZS,DJI,_T,_T,_T,_Z,_Z,_Z,2004,A,PT_GDP,
4.745202,P1Y,0,,A,PU,_Z,2,,,False,WB_WDI,WB_WDI_SH_XPD_CHEX_GD_ZS,DMA,_T,_T,_T,_Z,_Z,_Z,2004,A,PT_GDP,
4.287739,P1Y,0,,A,PU,_Z,2,,,False,WB_WDI,WB_WDI_SH_XPD_CHEX_GD_ZS,DOM,_T,_T,_T,_Z,_Z,_Z,2004,A,PT_GDP,
5.881522,P1Y,0,,A,PU,_Z,2,,,False,WB_WDI,WB_WDI_SH_XPD_CHEX_GD_ZS,ECU,_T,_T,_T,_Z,_Z,_Z,2004,A,PT_GDP,
4.857324,P1Y,0,,A,PU,_Z,2,,,False,WB_WDI,WB_WDI_SH_XPD_CHEX_GD_ZS,EGY,_T,_T,_T,_Z,_Z,_Z,2004,A,PT_GDP,
8.130217,P1Y,0,,A,PU,_Z,2,,,False,WB_WDI,WB_WDI_SH_XPD_CHEX_GD_ZS,SLV,_T,_T,_T,_Z,_Z,_Z,2004,A,PT_GDP,
1.584636,P1Y,0,,A,PU,_Z,2,,,False,WB_WDI,WB_WDI_SH_XPD_CHEX_GD_ZS,GNQ,_T,_T,_T,_Z,_Z,_Z,2004,A,PT_GDP,
6.798786,P1Y,0,,A,PU,_Z,2,,,False,WB_WDI,WB_WDI_SH_XPD_CHEX_GD_ZS,ESP,_T,_T,_T,_Z,_Z,_Z,2002,A,PT_GDP,
4.037158,P1Y,0,,A,PU,_Z,2,,,False,WB_WDI,WB_WDI_SH_XPD_CHEX_GD_ZS,LKA,_T,_T,_T,_Z,_Z,_Z,2002,A,PT_GDP,
4.452106,P1Y,0,,A,PU,_Z,2,,,False,WB_WDI,WB_WDI_SH_XPD_CHEX_GD_ZS,KNA,_T,_T,_T,_Z,_Z,_Z,2002,A,PT_GDP,
5.38887,P1Y,0,,A,PU,_Z,2,,,False,WB_WDI,WB_WDI_SH_XPD_CHEX_GD_ZS,LCA,_T,_T,_T,_Z,_Z,_Z,2002,A,PT_GDP,
4.080795,P1Y,0,,A,PU,_Z,2,,,False,WB_WDI,WB_WDI_SH_XPD_CHEX_GD_ZS,VCT,_T,_T,_T,_Z,_Z,_Z,2002,A,PT_GDP,
3.300109,P1Y,0,,A,PU,_Z,2,,,False,WB_WDI,WB_WDI_SH_XPD_CHEX_GD_ZS,SDN,_T,_T,_T,_Z,_Z,_Z,2002,A,PT_GDP,
5.329916,P1Y,0,,A,PU,_Z,2,,,False,WB_WDI,WB_WDI_SH_XPD_CHEX_GD_ZS,SUR,_T,_T,_T,_Z,_Z,_Z,2002,A,PT_GDP,
8.185974,P1Y,0,,A,PU,_Z,2,,,False,WB_WDI,WB_WDI_SH_XPD_CHEX_GD_ZS,SWE,_T,_T,_T,_Z,_Z,_Z,2002,A,PT_GDP,
9.880001,P1Y,0,,A,PU,_Z,2,,,False,WB_WDI,WB_WDI_SH_XPD_CHEX_GD_ZS,CHE,_T,_T,_T,_Z,_Z,_Z,2002,A,PT_GDP,
4.964168,P1Y,0,,A,PU,_Z,2,,,False,WB_WDI,WB_WDI_SH_XPD_CHEX_GD_ZS,SYR,_T,_T,_T,_Z,_Z,_Z,2002,A,PT_GDP,
4.436472,P1Y,0,,A,PU,_Z,2,,,False,WB_WDI,WB_WDI_SH_XPD_CHEX_GD_ZS,TJK,_T,_T,_T,_Z,_Z,_Z,2002,A,PT_GDP,
4.689076,P1Y,0,,A,PU,_Z,2,,,False,WB_WDI,WB_WDI_SH_XPD_CHEX_GD_ZS,TZA,_T,_T,_T,_Z,_Z,_Z,2002,A,PT_GDP,
4.608658,P1Y,0,,A,PU,_Z,2,,,False,WB_WDI,WB_WDI_SH_XPD_CHEX_GD_ZS,MDG,_T,_T,_T,_Z,_Z,_Z,2007,A,PT_GDP,
5.442584,P1Y,0,,A,PU,_Z,2,,,False,WB_WDI,WB_WDI_SH_XPD_CHEX_GD_ZS,MWI,_T,_T,_T,_Z,_Z,_Z,2007,A,PT_GDP,
3.070411,P1Y,0,,A,PU,_Z,2,,,False,WB_WDI,WB_WDI_SH_XPD_CHEX_GD_ZS,MYS,_T,_T,_T,_Z,_Z,_Z,2007,A,PT_GDP,
8.305681,P1Y,0,,A,PU,_Z,2,,,False,WB_WDI,WB_WDI_SH_XPD_CHEX_GD_ZS,MDV,_T,_T,_T,_Z,_Z,_Z,2007,A,PT_GDP,
5.253043,P1Y,0,,A,PU,_Z,2,,,False,WB_WDI,WB_WDI_SH_XPD_CHEX_GD_ZS,MLI,_T,_T,_T,_Z,_Z,_Z,2007,A,PT_GDP,
8.18594,P1Y,0,,A,PU,_Z,2,,,False,WB_WDI,WB_WDI_SH_XPD_CHEX_GD_ZS,MLT,_T,_T,_T,_Z,_Z,_Z,2007,A,PT_GDP,
16.825224,P1Y,0,,A,PU,_Z,2,,,False,WB_WDI,WB_WDI_SH_XPD_CHEX_GD_ZS,MHL,_T,_T,_T,_Z,_Z,_Z,2007,A,PT_GDP,
2.87644,P1Y,0,,A,PU,_Z,2,,,False,WB_WDI,WB_WDI_SH_XPD_CHEX_GD_ZS,MRT,_T,_T,_T,_Z,_Z,_Z,2007,A,PT_GDP,
3.523217,P1Y,0,,A,PU,_Z,2,,,False,WB_WDI,WB_WDI_SH_XPD_CHEX_GD_ZS,MUS,_T,_T,_T,_Z,_Z,_Z,2007,A,PT_GDP,
5.50668,P1Y,0,,A,PU,_Z,2,,,False,WB_WDI,WB_WDI_SH_XPD_CHEX_GD_ZS,MEX,_T,_T,_T,_Z,_Z,_Z,2007,A,PT_GDP,
11.233342,P1Y,0,,A,PU,_Z,2,,,False,WB_WDI,WB_WDI_SH_XPD_CHEX_GD_ZS,FSM,_T,_T,_T,_Z,_Z,_Z,2007,A,PT_GDP,
3.74578,P1Y,0,,A,PU,_Z,2,,,False,WB_WDI,WB_WDI_SH_XPD_CHEX_GD_ZS,KAZ,_T,_T,_T,_Z,_Z,_Z,2022,A,PT_GDP,
4.322419,P1Y,0,,A,PU,_Z,2,,,False,WB_WDI,WB_WDI_SH_XPD_CHEX_GD_ZS,KEN,_T,_T,_T,_Z,_Z,_Z,2022,A,PT_GDP,
10.525538,P1Y,0,,A,PU,_Z,2,,,False,WB_WDI,WB_WDI_SH_XPD_CHEX_GD_ZS,KIR,_T,_T,_T,_Z,_Z,_Z,2022,A,PT_GDP,
8.859531,P1Y,0,,A,PU,_Z,2,,,False,WB_WDI,WB_WDI_SH_XPD_CHEX_GD_ZS,KOR,_T,_T,_T,_Z,_Z,_Z,2022,A,PT_GDP,
4.200245,P1Y,0,,A,PU,_Z,2,,,False,WB_WDI,WB_WDI_SH_XPD_CHEX_GD_ZS,KWT,_T,_T,_T,_Z,_Z,_Z,2022,A,PT_GDP,
5.048749,P1Y,0,,A,PU,_Z,2,,,False,WB_WDI,WB_WDI_SH_XPD_CHEX_GD_ZS,KGZ,_T,_T,_T,_Z,_Z,_Z,2022,A,PT_GDP,
2.018255,P1Y,0,,A,PU,_Z,2,,,False,WB_WDI,WB_WDI_SH_XPD_CHEX_GD_ZS,LAO,_T,_T,_T,_Z,_Z,_Z,2022,A,PT_GDP,
8.10443,P1Y,0,,A,PU,_Z,2,,,False,WB_WDI,WB_WDI_SH_XPD_CHEX_GD_ZS,LVA,_T,_T,_T,_Z,_Z,_Z,2022,A,PT_GDP,
4.91256,P1Y,0,,A,PU,_Z,2,,,False,WB_WDI,WB_WDI_SH_XPD_CHEX_GD_ZS,LBN,_T,_T,_T,_Z,_Z,_Z,2022,A,PT_GDP,
12.895692,P1Y,0,,A,PU,_Z,2,,,False,WB_WDI,WB_WDI_SH_XPD_CHEX_GD_ZS,LSO,_T,_T,_T,_Z,_Z,_Z,2022,A,PT_GDP,
13.588197,P1Y,0,,A,PU,_Z,2,,,False,WB_WDI,WB_WDI_SH_XPD_CHEX_GD_ZS,LBR,_T,_T,_T,_Z,_Z,_Z,2022,A,PT_GDP,
7.095444,P1Y,0,,A,PU,_Z,2,,,False,WB_WDI,WB_WDI_SH_XPD_CHEX_GD_ZS,FIN,_T,_T,_T,_Z,_Z,_Z,2000,A,PT_GDP,
9.61744,P1Y,0,,A,PU,_Z,2,,,False,WB_WDI,WB_WDI_SH_XPD_CHEX_GD_ZS,FRA,_T,_T,_T,_Z,_Z,_Z,2000,A,PT_GDP,
2.904711,P1Y,0,,A,PU,_Z,2,,,False,WB_WDI,WB_WDI_SH_XPD_CHEX_GD_ZS,GAB,_T,_T,_T,_Z,_Z,_Z,2000,A,PT_GDP,
10.785328,P1Y,0,,A,PU,_Z,2,,,False,WB_WDI,WB_WDI_SH_XPD_CHEX_GD_ZS,GMB,_T,_T,_T,_Z,_Z,_Z,2000,A,PT_GDP,
7.194592,P1Y,0,,A,PU,_Z,2,,,False,WB_WDI,WB_WDI_SH_XPD_CHEX_GD_ZS,GEO,_T,_T,_T,_Z,_Z,_Z,2000,A,PT_GDP,
9.759304,P1Y,0,,A,PU,_Z,2,,,False,WB_WDI,WB_WDI_SH_XPD_CHEX_GD_ZS,DEU,_T,_T,_T,_Z,_Z,_Z,2000,A,PT_GDP,
1.663432,P1Y,0,,A,PU,_Z,2,,,False,WB_WDI,WB_WDI_SH_XPD_CHEX_GD_ZS,GHA,_T,_T,_T,_Z,_Z,_Z,2000,A,PT_GDP,
7.513889,P1Y,0,,A,PU,_Z,2,,,False,WB_WDI,WB_WDI_SH_XPD_CHEX_GD_ZS,GRC,_T,_T,_T,_Z,_Z,_Z,2000,A,PT_GDP,
5.358864,P1Y,0,,A,PU,_Z,2,,,False,WB_WDI,WB_WDI_SH_XPD_CHEX_GD_ZS,GRD,_T,_T,_T,_Z,_Z,_Z,2000,A,PT_GDP,
5.396861,P1Y,0,,A,PU,_Z,2,,,False,WB_WDI,WB_WDI_SH_XPD_CHEX_GD_ZS,GTM,_T,_T,_T,_Z,_Z,_Z,2000,A,PT_GDP,
9.017945,P1Y,0,,A,PU,_Z,2,,,False,WB_WDI,WB_WDI_SH_XPD_CHEX_GD_ZS,SLB,_T,_T,_T,_Z,_Z,_Z,2005,A,PT_GDP,
6.862162,P1Y,0,,A,PU,_Z,2,,,False,WB_WDI,WB_WDI_SH_XPD_CHEX_GD_ZS,ZAF,_T,_T,_T,_Z,_Z,_Z,2005,A,PT_GDP,
7.778075,P1Y,0,,A,PU,_Z,2,,,False,WB_WDI,WB_WDI_SH_XPD_CHEX_GD_ZS,ESP,_T,_T,_T,_Z,_Z,_Z,2005,A,PT_GDP,
3.879087,P1Y,0,,A,PU,_Z,2,,,False,WB_WDI,WB_WDI_SH_XPD_CHEX_GD_ZS,LKA,_T,_T,_T,_Z,_Z,_Z,2005,A,PT_GDP,
4.728038,P1Y,0,,A,PU,_Z,2,,,False,WB_WDI,WB_WDI_SH_XPD_CHEX_GD_ZS,KNA,_T,_T,_T,_Z,_Z,_Z,2005,A,PT_GDP,
4.860398,P1Y,0,,A,PU,_Z,2,,,False,WB_WDI,WB_WDI_SH_XPD_CHEX_GD_ZS,LCA,_T,_T,_T,_Z,_Z,_Z,2005,A,PT_GDP,
3.834108,P1Y,0,,A,PU,_Z,2,,,False,WB_WDI,WB_WDI_SH_XPD_CHEX_GD_ZS,VCT,_T,_T,_T,_Z,_Z,_Z,2005,A,PT_GDP,
4.094182,P1Y,0,,A,PU,_Z,2,,,False,WB_WDI,WB_WDI_SH_XPD_CHEX_GD_ZS,SDN,_T,_T,_T,_Z,_Z,_Z,2005,A,PT_GDP,
5.243964,P1Y,0,,A,PU,_Z,2,,,False,WB_WDI,WB_WDI_SH_XPD_CHEX_GD_ZS,SUR,_T,_T,_T,_Z,_Z,_Z,2005,A,PT_GDP,
8.159873,P1Y,0,,A,PU,_Z,2,,,False,WB_WDI,WB_WDI_SH_XPD_CHEX_GD_ZS,SWE,_T,_T,_T,_Z,_Z,_Z,2005,A,PT_GDP,
10.058234,P1Y,0,,A,PU,_Z,2,,,False,WB_WDI,WB_WDI_SH_XPD_CHEX_GD_ZS,CHE,_T,_T,_T,_Z,_Z,_Z,2005,A,PT_GDP,
5.083556,P1Y,0,,A,PU,_Z,2,,,False,WB_WDI,WB_WDI_SH_XPD_CHEX_GD_ZS,PER,_T,_T,_T,_Z,_Z,_Z,2018,A,PT_GDP,
3.953819,P1Y,0,,A,PU,_Z,2,,,False,WB_WDI,WB_WDI_SH_XPD_CHEX_GD_ZS,PHL,_T,_T,_T,_Z,_Z,_Z,2018,A,PT_GDP,
6.250941,P1Y,0,,A,PU,_Z,2,,,False,WB_WDI,WB_WDI_SH_XPD_CHEX_GD_ZS,POL,_T,_T,_T,_Z,_Z,_Z,2018,A,PT_GDP,
9.42121,P1Y,0,,A,PU,_Z,2,,,False,WB_WDI,WB_WDI_SH_XPD_CHEX_GD_ZS,PRT,_T,_T,_T,_Z,_Z,_Z,2018,A,PT_GDP,
2.961762,P1Y,0,,A,PU,_Z,2,,,False,WB_WDI,WB_WDI_SH_XPD_CHEX_GD_ZS,QAT,_T,_T,_T,_Z,_Z,_Z,2018,A,PT_GDP,
5.514549,P1Y,0,,A,PU,_Z,2,,,False,WB_WDI,WB_WDI_SH_XPD_CHEX_GD_ZS,ROU,_T,_T,_T,_Z,_Z,_Z,2018,A,PT_GDP,
5.355208,P1Y,0,,A,PU,_Z,2,,,False,WB_WDI,WB_WDI_SH_XPD_CHEX_GD_ZS,RUS,_T,_T,_T,_Z,_Z,_Z,2018,A,PT_GDP,
5.457228,P1Y,0,,A,PU,_Z,2,,,False,WB_WDI,WB_WDI_SH_XPD_CHEX_GD_ZS,RWA,_T,_T,_T,_Z,_Z,_Z,2018,A,PT_GDP,
4.775258,P1Y,0,,A,PU,_Z,2,,,False,WB_WDI,WB_WDI_SH_XPD_CHEX_GD_ZS,WSM,_T,_T,_T,_Z,_Z,_Z,2018,A,PT_GDP,
8.277849,P1Y,0,,A,PU,_Z,2,,,False,WB_WDI,WB_WDI_SH_XPD_CHEX_GD_ZS,SMR,_T,_T,_T,_Z,_Z,_Z,2018,A,PT_GDP,
5.704842,P1Y,0,,A,PU,_Z,2,,,False,WB_WDI,WB_WDI_SH_XPD_CHEX_GD_ZS,BHS,_T,_T,_T,_Z,_Z,_Z,2019,A,PT_GDP,
3.78431,P1Y,0,,A,PU,_Z,2,,,False,WB_WDI,WB_WDI_SH_XPD_CHEX_GD_ZS,BHR,_T,_T,_T,_Z,_Z,_Z,2019,A,PT_GDP,
2.127126,P1Y,0,,A,PU,_Z,2,,,False,WB_WDI,WB_WDI_SH_XPD_CHEX_GD_ZS,BGD,_T,_T,_T,_Z,_Z,_Z,2019,A,PT_GDP,
5.674768,P1Y,0,,A,PU,_Z,2,,,False,WB_WDI,WB_WDI_SH_XPD_CHEX_GD_ZS,BRB,_T,_T,_T,_Z,_Z,_Z,2019,A,PT_GDP,
5.861338,P1Y,0,,A,PU,_Z,2,,,False,WB_WDI,WB_WDI_SH_XPD_CHEX_GD_ZS,BLR,_T,_T,_T,_Z,_Z,_Z,2019,A,PT_GDP,
10.858315,P1Y,0,,A,PU,_Z,2,,,False,WB_WDI,WB_WDI_SH_XPD_CHEX_GD_ZS,BEL,_T,_T,_T,_Z,_Z,_Z,2019,A,PT_GDP,
4.816081,P1Y,0,,A,PU,_Z,2,,,False,WB_WDI,WB_WDI_SH_XPD_CHEX_GD_ZS,BLZ,_T,_T,_T,_Z,_Z,_Z,2019,A,PT_GDP,
3.002069,P1Y,0,,A,PU,_Z,2,,,False,WB_WDI,WB_WDI_SH_XPD_CHEX_GD_ZS,BEN,_T,_T,_T,_Z,_Z,_Z,2019,A,PT_GDP,
3.375112,P1Y,0,,A,PU,_Z,2,,,False,WB_WDI,WB_WDI_SH_XPD_CHEX_GD_ZS,BTN,_T,_T,_T,_Z,_Z,_Z,2019,A,PT_GDP,
6.88793,P1Y,0,,A,PU,_Z,2,,,False,WB_WDI,WB_WDI_SH_XPD_CHEX_GD_ZS,BOL,_T,_T,_T,_Z,_Z,_Z,2019,A,PT_GDP,
8.925444,P1Y,0,,A,PU,_Z,2,,,False,WB_WDI,WB_WDI_SH_XPD_CHEX_GD_ZS,BIH,_T,_T,_T,_Z,_Z,_Z,2019,A,PT_GDP,
4.699946,P1Y,0,,A,PU,_Z,2,,,False,WB_WDI,WB_WDI_SH_XPD_CHEX_GD_ZS,SSF,_T,_T,_T,_Z,_Z,_Z,2014,A,PT_GDP,
4.700141,P1Y,0,,A,PU,_Z,2,,,False,WB_WDI,WB_WDI_SH_XPD_CHEX_GD_ZS,SSA,_T,_T,_T,_Z,_Z,_Z,2014,A,PT_GDP,
4.699946,P1Y,0,,A,PU,_Z,2,,,False,WB_WDI,WB_WDI_SH_XPD_CHEX_GD_ZS,TSS,_T,_T,_T,_Z,_Z,_Z,2014,A,PT_GDP,
5.364063,P1Y,0,,A,PU,_Z,2,,,False,WB_WDI,WB_WDI_SH_XPD_CHEX_GD_ZS,UMC,_T,_T,_T,_Z,_Z,_Z,2014,A,PT_GDP,
9.394331,P1Y,0,,A,PU,_Z,2,,,False,WB_WDI,WB_WDI_SH_XPD_CHEX_GD_ZS,WLD,_T,_T,_T,_Z,_Z,_Z,2014,A,PT_GDP,
9.528878,P1Y,0,,A,PU,_Z,2,,,False,WB_WDI,WB_WDI_SH_XPD_CHEX_GD_ZS,AFG,_T,_T,_T,_Z,_Z,_Z,2014,A,PT_GDP,
6.358841,P1Y,0,,A,PU,_Z,2,,,False,WB_WDI,WB_WDI_SH_XPD_CHEX_GD_ZS,ALB,_T,_T,_T,_Z,_Z,_Z,2014,A,PT_GDP,
6.014841,P1Y,0,,A,PU,_Z,2,,,False,WB_WDI,WB_WDI_SH_XPD_CHEX_GD_ZS,DZA,_T,_T,_T,_Z,_Z,_Z,2014,A,PT_GDP,
6.773131,P1Y,0,,A,PU,_Z,2,,,False,WB_WDI,WB_WDI_SH_XPD_CHEX_GD_ZS,AND,_T,_T,_T,_Z,_Z,_Z,2014,A,PT_GDP,
2.1568,P1Y,0,,A,PU,_Z,2,,,False,WB_WDI,WB_WDI_SH_XPD_CHEX_GD_ZS,AGO,_T,_T,_T,_Z,_Z,_Z,2014,A,PT_GDP,
5.322183,P1Y,0,,A,PU,_Z,2,,,False,WB_WDI,WB_WDI_SH_XPD_CHEX_GD_ZS,ATG,_T,_T,_T,_Z,_Z,_Z,2014,A,PT_GDP,
9.79773,P1Y,0,,A,PU,_Z,2,,,False,WB_WDI,WB_WDI_SH_XPD_CHEX_GD_ZS,ARG,_T,_T,_T,_Z,_Z,_Z,2014,A,PT_GDP,
3.822582,P1Y,0,,A,PU,_Z,2,,,False,WB_WDI,WB_WDI_SH_XPD_CHEX_GD_ZS,LKA,_T,_T,_T,_Z,_Z,_Z,2007,A,PT_GDP,
4.797335,P1Y,0,,A,PU,_Z,2,,,False,WB_WDI,WB_WDI_SH_XPD_CHEX_GD_ZS,KNA,_T,_T,_T,_Z,_Z,_Z,2007,A,PT_GDP,
5.541666,P1Y,0,,A,PU,_Z,2,,,False,WB_WDI,WB_WDI_SH_XPD_CHEX_GD_ZS,LCA,_T,_T,_T,_Z,_Z,_Z,2007,A,PT_GDP,
3.822133,P1Y,0,,A,PU,_Z,2,,,False,WB_WDI,WB_WDI_SH_XPD_CHEX_GD_ZS,VCT,_T,_T,_T,_Z,_Z,_Z,2007,A,PT_GDP,
5.662692,P1Y,0,,A,PU,_Z,2,,,False,WB_WDI,WB_WDI_SH_XPD_CHEX_GD_ZS,SDN,_T,_T,_T,_Z,_Z,_Z,2007,A,PT_GDP,
5.221486,P1Y,0,,A,PU,_Z,2,,,False,WB_WDI,WB_WDI_SH_XPD_CHEX_GD_ZS,SUR,_T,_T,_T,_Z,_Z,_Z,2007,A,PT_GDP,
7.988223,P1Y,0,,A,PU,_Z,2,,,False,WB_WDI,WB_WDI_SH_XPD_CHEX_GD_ZS,SWE,_T,_T,_T,_Z,_Z,_Z,2007,A,PT_GDP,
9.416938,P1Y,0,,A,PU,_Z,2,,,False,WB_WDI,WB_WDI_SH_XPD_CHEX_GD_ZS,CHE,_T,_T,_T,_Z,_Z,_Z,2007,A,PT_GDP,
3.739202,P1Y,0,,A,PU,_Z,2,,,False,WB_WDI,WB_WDI_SH_XPD_CHEX_GD_ZS,SYR,_T,_T,_T,_Z,_Z,_Z,2007,A,PT_GDP,
5.540501,P1Y,0,,A,PU,_Z,2,,,False,WB_WDI,WB_WDI_SH_XPD_CHEX_GD_ZS,TJK,_T,_T,_T,_Z,_Z,_Z,2007,A,PT_GDP,
6.88428,P1Y,0,,A,PU,_Z,2,,,False,WB_WDI,WB_WDI_SH_XPD_CHEX_GD_ZS,TZA,_T,_T,_T,_Z,_Z,_Z,2007,A,PT_GDP,
3.86728,P1Y,0,,A,PU,_Z,2,,,False,WB_WDI,WB_WDI_SH_XPD_CHEX_GD_ZS,COD,_T,_T,_T,_Z,_Z,_Z,2021,A,PT_GDP,
3.461334,P1Y,0,,A,PU,_Z,2,,,False,WB_WDI,WB_WDI_SH_XPD_CHEX_GD_ZS,COG,_T,_T,_T,_Z,_Z,_Z,2021,A,PT_GDP,
7.611305,P1Y,0,,A,PU,_Z,2,,,False,WB_WDI,WB_WDI_SH_XPD_CHEX_GD_ZS,CRI,_T,_T,_T,_Z,_Z,_Z,2021,A,PT_GDP,
3.762077,P1Y,0,,A,PU,_Z,2,,,False,WB_WDI,WB_WDI_SH_XPD_CHEX_GD_ZS,CIV,_T,_T,_T,_Z,_Z,_Z,2021,A,PT_GDP,
8.082657,P1Y,0,,A,PU,_Z,2,,,False,WB_WDI,WB_WDI_SH_XPD_CHEX_GD_ZS,HRV,_T,_T,_T,_Z,_Z,_Z,2021,A,PT_GDP,
13.787466,P1Y,0,,A,PU,_Z,2,,,False,WB_WDI,WB_WDI_SH_XPD_CHEX_GD_ZS,CUB,_T,_T,_T,_Z,_Z,_Z,2021,A,PT_GDP,
8.874451,P1Y,0,,A,PU,_Z,2,,,False,WB_WDI,WB_WDI_SH_XPD_CHEX_GD_ZS,CYP,_T,_T,_T,_Z,_Z,_Z,2021,A,PT_GDP,
9.154207,P1Y,0,,A,PU,_Z,2,,,False,WB_WDI,WB_WDI_SH_XPD_CHEX_GD_ZS,CZE,_T,_T,_T,_Z,_Z,_Z,2021,A,PT_GDP,
10.655759,P1Y,0,,A,PU,_Z,2,,,False,WB_WDI,WB_WDI_SH_XPD_CHEX_GD_ZS,DNK,_T,_T,_T,_Z,_Z,_Z,2021,A,PT_GDP,
2.871281,P1Y,0,,A,PU,_Z,2,,,False,WB_WDI,WB_WDI_SH_XPD_CHEX_GD_ZS,DJI,_T,_T,_T,_Z,_Z,_Z,2021,A,PT_GDP,
7.796595,P1Y,0,,A,PU,_Z,2,,,False,WB_WDI,WB_WDI_SH_XPD_CHEX_GD_ZS,PLW,_T,_T,_T,_Z,_Z,_Z,2001,A,PT_GDP,
6.918499,P1Y,0,,A,PU,_Z,2,,,False,WB_WDI,WB_WDI_SH_XPD_CHEX_GD_ZS,PAN,_T,_T,_T,_Z,_Z,_Z,2001,A,PT_GDP,
2.300638,P1Y,0,,A,PU,_Z,2,,,False,WB_WDI,WB_WDI_SH_XPD_CHEX_GD_ZS,PNG,_T,_T,_T,_Z,_Z,_Z,2001,A,PT_GDP,
5.608158,P1Y,0,,A,PU,_Z,2,,,False,WB_WDI,WB_WDI_SH_XPD_CHEX_GD_ZS,PRY,_T,_T,_T,_Z,_Z,_Z,2001,A,PT_GDP,
4.72161,P1Y,0,,A,PU,_Z,2,,,False,WB_WDI,WB_WDI_SH_XPD_CHEX_GD_ZS,PER,_T,_T,_T,_Z,_Z,_Z,2001,A,PT_GDP,
2.84776,P1Y,0,,A,PU,_Z,2,,,False,WB_WDI,WB_WDI_SH_XPD_CHEX_GD_ZS,PHL,_T,_T,_T,_Z,_Z,_Z,2001,A,PT_GDP,
5.640101,P1Y,0,,A,PU,_Z,2,,,False,WB_WDI,WB_WDI_SH_XPD_CHEX_GD_ZS,POL,_T,_T,_T,_Z,_Z,_Z,2001,A,PT_GDP,
8.627516,P1Y,0,,A,PU,_Z,2,,,False,WB_WDI,WB_WDI_SH_XPD_CHEX_GD_ZS,PRT,_T,_T,_T,_Z,_Z,_Z,2001,A,PT_GDP,
2.319709,P1Y,0,,A,PU,_Z,2,,,False,WB_WDI,WB_WDI_SH_XPD_CHEX_GD_ZS,QAT,_T,_T,_T,_Z,_Z,_Z,2001,A,PT_GDP,
4.375981,P1Y,0,,A,PU,_Z,2,,,False,WB_WDI,WB_WDI_SH_XPD_CHEX_GD_ZS,ROU,_T,_T,_T,_Z,_Z,_Z,2001,A,PT_GDP,
5.242848,P1Y,0,,A,PU,_Z,2,,,False,WB_WDI,WB_WDI_SH_XPD_CHEX_GD_ZS,RUS,_T,_T,_T,_Z,_Z,_Z,2001,A,PT_GDP,
3.316,P1Y,0,,A,PU,_Z,2,,,False,WB_WDI,WB_WDI_SH_XPD_CHEX_GD_ZS,RWA,_T,_T,_T,_Z,_Z,_Z,2001,A,PT_GDP,
4.917569,P1Y,0,,A,PU,_Z,2,,,False,WB_WDI,WB_WDI_SH_XPD_CHEX_GD_ZS,SSF,_T,_T,_T,_Z,_Z,_Z,2022,A,PT_GDP,
4.918024,P1Y,0,,A,PU,_Z,2,,,False,WB_WDI,WB_WDI_SH_XPD_CHEX_GD_ZS,SSA,_T,_T,_T,_Z,_Z,_Z,2022,A,PT_GDP,
4.917569,P1Y,0,,A,PU,_Z,2,,,False,WB_WDI,WB_WDI_SH_XPD_CHEX_GD_ZS,TSS,_T,_T,_T,_Z,_Z,_Z,2022,A,PT_GDP,
5.950344,P1Y,0,,A,PU,_Z,2,,,False,WB_WDI,WB_WDI_SH_XPD_CHEX_GD_ZS,UMC,_T,_T,_T,_Z,_Z,_Z,2022,A,PT_GDP,
10.005757,P1Y,0,,A,PU,_Z,2,,,False,WB_WDI,WB_WDI_SH_XPD_CHEX_GD_ZS,WLD,_T,_T,_T,_Z,_Z,_Z,2022,A,PT_GDP,
23.088169,P1Y,0,,A,PU,_Z,2,,,False,WB_WDI,WB_WDI_SH_XPD_CHEX_GD_ZS,AFG,_T,_T,_T,_Z,_Z,_Z,2022,A,PT_GDP,
7.536462,P1Y,0,,A,PU,_Z,2,,,False,WB_WDI,WB_WDI_SH_XPD_CHEX_GD_ZS,ALB,_T,_T,_T,_Z,_Z,_Z,2022,A,PT_GDP,
3.634643,P1Y,0,,A,PU,_Z,2,,,False,WB_WDI,WB_WDI_SH_XPD_CHEX_GD_ZS,DZA,_T,_T,_T,_Z,_Z,_Z,2022,A,PT_GDP,
7.521358,P1Y,0,,A,PU,_Z,2,,,False,WB_WDI,WB_WDI_SH_XPD_CHEX_GD_ZS,AND,_T,_T,_T,_Z,_Z,_Z,2022,A,PT_GDP,
2.60041,P1Y,0,,A,PU,_Z,2,,,False,WB_WDI,WB_WDI_SH_XPD_CHEX_GD_ZS,AGO,_T,_T,_T,_Z,_Z,_Z,2022,A,PT_GDP,
4.431468,P1Y,0,,A,PU,_Z,2,,,False,WB_WDI,WB_WDI_SH_XPD_CHEX_GD_ZS,ATG,_T,_T,_T,_Z,_Z,_Z,2022,A,PT_GDP,
10.159505,P1Y,0,,A,PU,_Z,2,,,False,WB_WDI,WB_WDI_SH_XPD_CHEX_GD_ZS,ARG,_T,_T,_T,_Z,_Z,_Z,2022,A,PT_GDP,
9.962112,P1Y,0,,A,PU,_Z,2,,,False,WB_WDI,WB_WDI_SH_XPD_CHEX_GD_ZS,ARM,_T,_T,_T,_Z,_Z,_Z,2022,A,PT_GDP,
14.7821,P1Y,0,,A,PU,_Z,2,,,False,WB_WDI,WB_WDI_SH_XPD_CHEX_GD_ZS,MHL,_T,_T,_T,_Z,_Z,_Z,2015,A,PT_GDP,
3.673638,P1Y,0,,A,PU,_Z,2,,,False,WB_WDI,WB_WDI_SH_XPD_CHEX_GD_ZS,MRT,_T,_T,_T,_Z,_Z,_Z,2015,A,PT_GDP,
5.550424,P1Y,0,,A,PU,_Z,2,,,False,WB_WDI,WB_WDI_SH_XPD_CHEX_GD_ZS,MUS,_T,_T,_T,_Z,_Z,_Z,2015,A,PT_GDP,
5.527386,P1Y,0,,A,PU,_Z,2,,,False,WB_WDI,WB_WDI_SH_XPD_CHEX_GD_ZS,MEX,_T,_T,_T,_Z,_Z,_Z,2015,A,PT_GDP,
12.623412,P1Y,0,,A,PU,_Z,2,,,False,WB_WDI,WB_WDI_SH_XPD_CHEX_GD_ZS,FSM,_T,_T,_T,_Z,_Z,_Z,2015,A,PT_GDP,
8.500134,P1Y,0,,A,PU,_Z,2,,,False,WB_WDI,WB_WDI_SH_XPD_CHEX_GD_ZS,MDA,_T,_T,_T,_Z,_Z,_Z,2015,A,PT_GDP,
4.314868,P1Y,0,,A,PU,_Z,2,,,False,WB_WDI,WB_WDI_SH_XPD_CHEX_GD_ZS,MCO,_T,_T,_T,_Z,_Z,_Z,2015,A,PT_GDP,
4.231545,P1Y,0,,A,PU,_Z,2,,,False,WB_WDI,WB_WDI_SH_XPD_CHEX_GD_ZS,MNG,_T,_T,_T,_Z,_Z,_Z,2015,A,PT_GDP,
9.021888,P1Y,0,,A,PU,_Z,2,,,False,WB_WDI,WB_WDI_SH_XPD_CHEX_GD_ZS,MNE,_T,_T,_T,_Z,_Z,_Z,2015,A,PT_GDP,
5.104356,P1Y,0,,A,PU,_Z,2,,,False,WB_WDI,WB_WDI_SH_XPD_CHEX_GD_ZS,MAR,_T,_T,_T,_Z,_Z,_Z,2015,A,PT_GDP,
6.609729,P1Y,0,,A,PU,_Z,2,,,False,WB_WDI,WB_WDI_SH_XPD_CHEX_GD_ZS,MOZ,_T,_T,_T,_Z,_Z,_Z,2015,A,PT_GDP,
2.22961,P1Y,0,,A,PU,_Z,2,,,False,WB_WDI,WB_WDI_SH_XPD_CHEX_GD_ZS,AZE,_T,_T,_T,_Z,_Z,_Z,2005,A,PT_GDP,
4.031965,P1Y,0,,A,PU,_Z,2,,,False,WB_WDI,WB_WDI_SH_XPD_CHEX_GD_ZS,BHS,_T,_T,_T,_Z,_Z,_Z,2005,A,PT_GDP,
3.125944,P1Y,0,,A,PU,_Z,2,,,False,WB_WDI,WB_WDI_SH_XPD_CHEX_GD_ZS,BHR,_T,_T,_T,_Z,_Z,_Z,2005,A,PT_GDP,
2.058739,P1Y,0,,A,PU,_Z,2,,,False,WB_WDI,WB_WDI_SH_XPD_CHEX_GD_ZS,BGD,_T,_T,_T,_Z,_Z,_Z,2005,A,PT_GDP,
6.143264,P1Y,0,,A,PU,_Z,2,,,False,WB_WDI,WB_WDI_SH_XPD_CHEX_GD_ZS,BRB,_T,_T,_T,_Z,_Z,_Z,2005,A,PT_GDP,
6.070363,P1Y,0,,A,PU,_Z,2,,,False,WB_WDI,WB_WDI_SH_XPD_CHEX_GD_ZS,BLR,_T,_T,_T,_Z,_Z,_Z,2005,A,PT_GDP,
9.250183,P1Y,0,,A,PU,_Z,2,,,False,WB_WDI,WB_WDI_SH_XPD_CHEX_GD_ZS,BEL,_T,_T,_T,_Z,_Z,_Z,2005,A,PT_GDP,
3.437295,P1Y,0,,A,PU,_Z,2,,,False,WB_WDI,WB_WDI_SH_XPD_CHEX_GD_ZS,BLZ,_T,_T,_T,_Z,_Z,_Z,2005,A,PT_GDP,
3.223458,P1Y,0,,A,PU,_Z,2,,,False,WB_WDI,WB_WDI_SH_XPD_CHEX_GD_ZS,BEN,_T,_T,_T,_Z,_Z,_Z,2005,A,PT_GDP,
3.83309,P1Y,0,,A,PU,_Z,2,,,False,WB_WDI,WB_WDI_SH_XPD_CHEX_GD_ZS,BTN,_T,_T,_T,_Z,_Z,_Z,2005,A,PT_GDP,
5.074081,P1Y,0,,A,PU,_Z,2,,,False,WB_WDI,WB_WDI_SH_XPD_CHEX_GD_ZS,BOL,_T,_T,_T,_Z,_Z,_Z,2005,A,PT_GDP,
10.542239,P1Y,0,,A,PU,_Z,2,,,True,WB_WDI,WB_WDI_SH_XPD_CHEX_GD_ZS,EUU,_T,_T,_T,_Z,_Z,_Z,2024,A,PT_GDP,
8.063802,P1Y,0,,A,PU,_Z,2,,,True,WB_WDI,WB_WDI_SH_XPD_CHEX_GD_ZS,POL,_T,_T,_T,_Z,_Z,_Z,2024,A,PT_GDP,
10.240611,P1Y,0,,A,PU,_Z,2,,,True,WB_WDI,WB_WDI_SH_XPD_CHEX_GD_ZS,PRT,_T,_T,_T,_Z,_Z,_Z,2024,A,PT_GDP,
11.309567,P1Y,0,,A,PU,_Z,2,,,True,WB_WDI,WB_WDI_SH_XPD_CHEX_GD_ZS,CAN,_T,_T,_T,_Z,_Z,_Z,2024,A,PT_GDP,
4.788416,P1Y,0,,A,PU,_Z,2,,,False,WB_WDI,WB_WDI_SH_XPD_CHEX_GD_ZS,LIC,_T,_T,_T,_Z,_Z,_Z,2022,A,PT_GDP,
3.768294,P1Y,0,,A,PU,_Z,2,,,False,WB_WDI,WB_WDI_SH_XPD_CHEX_GD_ZS,LMC,_T,_T,_T,_Z,_Z,_Z,2022,A,PT_GDP,
4.956503,P1Y,0,,A,PU,_Z,2,,,False,WB_WDI,WB_WDI_SH_XPD_CHEX_GD_ZS,MEA,_T,_T,_T,_Z,_Z,_Z,2022,A,PT_GDP,
4.765801,P1Y,0,,A,PU,_Z,2,,,False,WB_WDI,WB_WDI_SH_XPD_CHEX_GD_ZS,MNA,_T,_T,_T,_Z,_Z,_Z,2022,A,PT_GDP,
4.721201,P1Y,0,,A,PU,_Z,2,,,False,WB_WDI,WB_WDI_SH_XPD_CHEX_GD_ZS,TMN,_T,_T,_T,_Z,_Z,_Z,2022,A,PT_GDP,
5.549768,P1Y,0,,A,PU,_Z,2,,,False,WB_WDI,WB_WDI_SH_XPD_CHEX_GD_ZS,MIC,_T,_T,_T,_Z,_Z,_Z,2022,A,PT_GDP,
16.104486,P1Y,0,,A,PU,_Z,2,,,False,WB_WDI,WB_WDI_SH_XPD_CHEX_GD_ZS,NAC,_T,_T,_T,_Z,_Z,_Z,2022,A,PT_GDP,
12.879027,P1Y,0,,A,PU,_Z,2,,,False,WB_WDI,WB_WDI_SH_XPD_CHEX_GD_ZS,OED,_T,_T,_T,_Z,_Z,_Z,2022,A,PT_GDP,
7.175826,P1Y,0,,A,PU,_Z,2,,,False,WB_WDI,WB_WDI_SH_XPD_CHEX_GD_ZS,OSS,_T,_T,_T,_Z,_Z,_Z,2022,A,PT_GDP,
5.939522,P1Y,0,,A,PU,_Z,2,,,False,WB_WDI,WB_WDI_SH_XPD_CHEX_GD_ZS,PSS,_T,_T,_T,_Z,_Z,_Z,2022,A,PT_GDP,
13.379265,P1Y,0,,A,PU,_Z,2,,,False,WB_WDI,WB_WDI_SH_XPD_CHEX_GD_ZS,PST,_T,_T,_T,_Z,_Z,_Z,2022,A,PT_GDP,
4.300139,P1Y,0,,A,PU,_Z,2,,,False,WB_WDI,WB_WDI_SH_XPD_CHEX_GD_ZS,PRE,_T,_T,_T,_Z,_Z,_Z,2022,A,PT_GDP,
6.663676,P1Y,0,,A,PU,_Z,2,,,False,WB_WDI,WB_WDI_SH_XPD_CHEX_GD_ZS,SST,_T,_T,_T,_Z,_Z,_Z,2022,A,PT_GDP,
3.306544,P1Y,0,,A,PU,_Z,2,,,False,WB_WDI,WB_WDI_SH_XPD_CHEX_GD_ZS,SAS,_T,_T,_T,_Z,_Z,_Z,2022,A,PT_GDP,
3.306544,P1Y,0,,A,PU,_Z,2,,,False,WB_WDI,WB_WDI_SH_XPD_CHEX_GD_ZS,TSA,_T,_T,_T,_Z,_Z,_Z,2022,A,PT_GDP,
11.215101,P1Y,0,,A,PU,_Z,2,,,True,WB_WDI,WB_WDI_SH_XPD_CHEX_GD_ZS,SWE,_T,_T,_T,_Z,_Z,_Z,2024,A,PT_GDP,
4.803717,P1Y,0,,A,PU,_Z,2,,,False,WB_WDI,WB_WDI_SH_XPD_CHEX_GD_ZS,TMN,_T,_T,_T,_Z,_Z,_Z,2011,A,PT_GDP,
4.93509,P1Y,0,,A,PU,_Z,2,,,False,WB_WDI,WB_WDI_SH_XPD_CHEX_GD_ZS,MIC,_T,_T,_T,_Z,_Z,_Z,2011,A,PT_GDP,
15.548709,P1Y,0,,A,PU,_Z,2,,,False,WB_WDI,WB_WDI_SH_XPD_CHEX_GD_ZS,NAC,_T,_T,_T,_Z,_Z,_Z,2011,A,PT_GDP,
11.543807,P1Y,0,,A,PU,_Z,2,,,False,WB_WDI,WB_WDI_SH_XPD_CHEX_GD_ZS,OED,_T,_T,_T,_Z,_Z,_Z,2011,A,PT_GDP,
5.908011,P1Y,0,,A,PU,_Z,2,,,False,WB_WDI,WB_WDI_SH_XPD_CHEX_GD_ZS,OSS,_T,_T,_T,_Z,_Z,_Z,2011,A,PT_GDP,
4.741257,P1Y,0,,A,PU,_Z,2,,,False,WB_WDI,WB_WDI_SH_XPD_CHEX_GD_ZS,PSS,_T,_T,_T,_Z,_Z,_Z,2011,A,PT_GDP,
11.921553,P1Y,0,,A,PU,_Z,2,,,False,WB_WDI,WB_WDI_SH_XPD_CHEX_GD_ZS,PST,_T,_T,_T,_Z,_Z,_Z,2011,A,PT_GDP,
3.663158,P1Y,0,,A,PU,_Z,2,,,False,WB_WDI,WB_WDI_SH_XPD_CHEX_GD_ZS,PRE,_T,_T,_T,_Z,_Z,_Z,2011,A,PT_GDP,
5.572969,P1Y,0,,A,PU,_Z,2,,,False,WB_WDI,WB_WDI_SH_XPD_CHEX_GD_ZS,SST,_T,_T,_T,_Z,_Z,_Z,2011,A,PT_GDP,
3.22084,P1Y,0,,A,PU,_Z,2,,,False,WB_WDI,WB_WDI_SH_XPD_CHEX_GD_ZS,SAS,_T,_T,_T,_Z,_Z,_Z,2011,A,PT_GDP,
3.22084,P1Y,0,,A,PU,_Z,2,,,False,WB_WDI,WB_WDI_SH_XPD_CHEX_GD_ZS,TSA,_T,_T,_T,_Z,_Z,_Z,2011,A,PT_GDP,
5.088591,P1Y,0,,A,PU,_Z,2,,,False,WB_WDI,WB_WDI_SH_XPD_CHEX_GD_ZS,SSF,_T,_T,_T,_Z,_Z,_Z,2011,A,PT_GDP,
5.089067,P1Y,0,,A,PU,_Z,2,,,False,WB_WDI,WB_WDI_SH_XPD_CHEX_GD_ZS,SSA,_T,_T,_T,_Z,_Z,_Z,2011,A,PT_GDP,
4.851973,P1Y,0,,A,PU,_Z,2,,,False,WB_WDI,WB_WDI_SH_XPD_CHEX_GD_ZS,TMN,_T,_T,_T,_Z,_Z,_Z,2012,A,PT_GDP,
4.975971,P1Y,0,,A,PU,_Z,2,,,False,WB_WDI,WB_WDI_SH_XPD_CHEX_GD_ZS,MIC,_T,_T,_T,_Z,_Z,_Z,2012,A,PT_GDP,
15.555641,P1Y,0,,A,PU,_Z,2,,,False,WB_WDI,WB_WDI_SH_XPD_CHEX_GD_ZS,NAC,_T,_T,_T,_Z,_Z,_Z,2012,A,PT_GDP,
11.684157,P1Y,0,,A,PU,_Z,2,,,False,WB_WDI,WB_WDI_SH_XPD_CHEX_GD_ZS,OED,_T,_T,_T,_Z,_Z,_Z,2012,A,PT_GDP,
5.903425,P1Y,0,,A,PU,_Z,2,,,False,WB_WDI,WB_WDI_SH_XPD_CHEX_GD_ZS,OSS,_T,_T,_T,_Z,_Z,_Z,2012,A,PT_GDP,
4.965527,P1Y,0,,A,PU,_Z,2,,,False,WB_WDI,WB_WDI_SH_XPD_CHEX_GD_ZS,PSS,_T,_T,_T,_Z,_Z,_Z,2012,A,PT_GDP,
12.078897,P1Y,0,,A,PU,_Z,2,,,False,WB_WDI,WB_WDI_SH_XPD_CHEX_GD_ZS,PST,_T,_T,_T,_Z,_Z,_Z,2012,A,PT_GDP,
3.541621,P1Y,0,,A,PU,_Z,2,,,False,WB_WDI,WB_WDI_SH_XPD_CHEX_GD_ZS,PRE,_T,_T,_T,_Z,_Z,_Z,2012,A,PT_GDP,
5.551639,P1Y,0,,A,PU,_Z,2,,,False,WB_WDI,WB_WDI_SH_XPD_CHEX_GD_ZS,SST,_T,_T,_T,_Z,_Z,_Z,2012,A,PT_GDP,
3.285054,P1Y,0,,A,PU,_Z,2,,,False,WB_WDI,WB_WDI_SH_XPD_CHEX_GD_ZS,SAS,_T,_T,_T,_Z,_Z,_Z,2012,A,PT_GDP,
3.285054,P1Y,0,,A,PU,_Z,2,,,False,WB_WDI,WB_WDI_SH_XPD_CHEX_GD_ZS,TSA,_T,_T,_T,_Z,_Z,_Z,2012,A,PT_GDP,
4.919632,P1Y,0,,A,PU,_Z,2,,,False,WB_WDI,WB_WDI_SH_XPD_CHEX_GD_ZS,SSF,_T,_T,_T,_Z,_Z,_Z,2012,A,PT_GDP,
4.919395,P1Y,0,,A,PU,_Z,2,,,False,WB_WDI,WB_WDI_SH_XPD_CHEX_GD_ZS,SSA,_T,_T,_T,_Z,_Z,_Z,2012,A,PT_GDP,
3.810825,P1Y,0,,A,PU,_Z,2,,,False,WB_WDI,WB_WDI_SH_XPD_CHEX_GD_ZS,PRE,_T,_T,_T,_Z,_Z,_Z,2018,A,PT_GDP,
6.327198,P1Y,0,,A,PU,_Z,2,,,False,WB_WDI,WB_WDI_SH_XPD_CHEX_GD_ZS,SST,_T,_T,_T,_Z,_Z,_Z,2018,A,PT_GDP,
2.852017,P1Y,0,,A,PU,_Z,2,,,False,WB_WDI,WB_WDI_SH_XPD_CHEX_GD_ZS,SAS,_T,_T,_T,_Z,_Z,_Z,2018,A,PT_GDP,
2.852017,P1Y,0,,A,PU,_Z,2,,,False,WB_WDI,WB_WDI_SH_XPD_CHEX_GD_ZS,TSA,_T,_T,_T,_Z,_Z,_Z,2018,A,PT_GDP,
4.669815,P1Y,0,,A,PU,_Z,2,,,False,WB_WDI,WB_WDI_SH_XPD_CHEX_GD_ZS,SSF,_T,_T,_T,_Z,_Z,_Z,2018,A,PT_GDP,
4.670066,P1Y,0,,A,PU,_Z,2,,,False,WB_WDI,WB_WDI_SH_XPD_CHEX_GD_ZS,SSA,_T,_T,_T,_Z,_Z,_Z,2018,A,PT_GDP,
4.669815,P1Y,0,,A,PU,_Z,2,,,False,WB_WDI,WB_WDI_SH_XPD_CHEX_GD_ZS,TSS,_T,_T,_T,_Z,_Z,_Z,2018,A,PT_GDP,
5.513457,P1Y,0,,A,PU,_Z,2,,,False,WB_WDI,WB_WDI_SH_XPD_CHEX_GD_ZS,UMC,_T,_T,_T,_Z,_Z,_Z,2018,A,PT_GDP,
9.575307,P1Y,0,,A,PU,_Z,2,,,False,WB_WDI,WB_WDI_SH_XPD_CHEX_GD_ZS,WLD,_T,_T,_T,_Z,_Z,_Z,2018,A,PT_GDP,
14.208419,P1Y,0,,A,PU,_Z,2,,,False,WB_WDI,WB_WDI_SH_XPD_CHEX_GD_ZS,AFG,_T,_T,_T,_Z,_Z,_Z,2018,A,PT_GDP,
6.590024,P1Y,0,,A,PU,_Z,2,,,False,WB_WDI,WB_WDI_SH_XPD_CHEX_GD_ZS,ALB,_T,_T,_T,_Z,_Z,_Z,2018,A,PT_GDP,
5.932393,P1Y,0,,A,PU,_Z,2,,,False,WB_WDI,WB_WDI_SH_XPD_CHEX_GD_ZS,DZA,_T,_T,_T,_Z,_Z,_Z,2018,A,PT_GDP,
4.332936,P1Y,0,,A,PU,_Z,2,,,False,WB_WDI,WB_WDI_SH_XPD_CHEX_GD_ZS,TMN,_T,_T,_T,_Z,_Z,_Z,2003,A,PT_GDP,
4.911048,P1Y,0,,A,PU,_Z,2,,,False,WB_WDI,WB_WDI_SH_XPD_CHEX_GD_ZS,MIC,_T,_T,_T,_Z,_Z,_Z,2003,A,PT_GDP,
14.107199,P1Y,0,,A,PU,_Z,2,,,False,WB_WDI,WB_WDI_SH_XPD_CHEX_GD_ZS,NAC,_T,_T,_T,_Z,_Z,_Z,2003,A,PT_GDP,
10.440057,P1Y,0,,A,PU,_Z,2,,,False,WB_WDI,WB_WDI_SH_XPD_CHEX_GD_ZS,OED,_T,_T,_T,_Z,_Z,_Z,2003,A,PT_GDP,
5.885733,P1Y,0,,A,PU,_Z,2,,,False,WB_WDI,WB_WDI_SH_XPD_CHEX_GD_ZS,OSS,_T,_T,_T,_Z,_Z,_Z,2003,A,PT_GDP,
4.672329,P1Y,0,,A,PU,_Z,2,,,False,WB_WDI,WB_WDI_SH_XPD_CHEX_GD_ZS,PSS,_T,_T,_T,_Z,_Z,_Z,2003,A,PT_GDP,
10.675082,P1Y,0,,A,PU,_Z,2,,,False,WB_WDI,WB_WDI_SH_XPD_CHEX_GD_ZS,PST,_T,_T,_T,_Z,_Z,_Z,2003,A,PT_GDP,
4.365739,P1Y,0,,A,PU,_Z,2,,,False,WB_WDI,WB_WDI_SH_XPD_CHEX_GD_ZS,PRE,_T,_T,_T,_Z,_Z,_Z,2003,A,PT_GDP,
5.375664,P1Y,0,,A,PU,_Z,2,,,False,WB_WDI,WB_WDI_SH_XPD_CHEX_GD_ZS,SST,_T,_T,_T,_Z,_Z,_Z,2003,A,PT_GDP,
3.885531,P1Y,0,,A,PU,_Z,2,,,False,WB_WDI,WB_WDI_SH_XPD_CHEX_GD_ZS,SAS,_T,_T,_T,_Z,_Z,_Z,2003,A,PT_GDP,
3.885531,P1Y,0,,A,PU,_Z,2,,,False,WB_WDI,WB_WDI_SH_XPD_CHEX_GD_ZS,TSA,_T,_T,_T,_Z,_Z,_Z,2003,A,PT_GDP,
5.401398,P1Y,0,,A,PU,_Z,2,,,False,WB_WDI,WB_WDI_SH_XPD_CHEX_GD_ZS,SSF,_T,_T,_T,_Z,_Z,_Z,2003,A,PT_GDP,
5.402136,P1Y,0,,A,PU,_Z,2,,,False,WB_WDI,WB_WDI_SH_XPD_CHEX_GD_ZS,SSA,_T,_T,_T,_Z,_Z,_Z,2003,A,PT_GDP,
5.401398,P1Y,0,,A,PU,_Z,2,,,False,WB_WDI,WB_WDI_SH_XPD_CHEX_GD_ZS,TSS,_T,_T,_T,_Z,_Z,_Z,2003,A,PT_GDP,
5.110807,P1Y,0,,A,PU,_Z,2,,,False,WB_WDI,WB_WDI_SH_XPD_CHEX_GD_ZS,UMC,_T,_T,_T,_Z,_Z,_Z,2003,A,PT_GDP,
4.904416,P1Y,0,,A,PU,_Z,2,,,False,WB_WDI,WB_WDI_SH_XPD_CHEX_GD_ZS,MIC,_T,_T,_T,_Z,_Z,_Z,2005,A,PT_GDP,
14.121834,P1Y,0,,A,PU,_Z,2,,,False,WB_WDI,WB_WDI_SH_XPD_CHEX_GD_ZS,NAC,_T,_T,_T,_Z,_Z,_Z,2005,A,PT_GDP,
10.445305,P1Y,0,,A,PU,_Z,2,,,False,WB_WDI,WB_WDI_SH_XPD_CHEX_GD_ZS,OED,_T,_T,_T,_Z,_Z,_Z,2005,A,PT_GDP,
5.877943,P1Y,0,,A,PU,_Z,2,,,False,WB_WDI,WB_WDI_SH_XPD_CHEX_GD_ZS,OSS,_T,_T,_T,_Z,_Z,_Z,2005,A,PT_GDP,
5.511647,P1Y,0,,A,PU,_Z,2,,,False,WB_WDI,WB_WDI_SH_XPD_CHEX_GD_ZS,PSS,_T,_T,_T,_Z,_Z,_Z,2005,A,PT_GDP,
10.712366,P1Y,0,,A,PU,_Z,2,,,False,WB_WDI,WB_WDI_SH_XPD_CHEX_GD_ZS,PST,_T,_T,_T,_Z,_Z,_Z,2005,A,PT_GDP,
4.175237,P1Y,0,,A,PU,_Z,2,,,False,WB_WDI,WB_WDI_SH_XPD_CHEX_GD_ZS,PRE,_T,_T,_T,_Z,_Z,_Z,2005,A,PT_GDP,
5.454156,P1Y,0,,A,PU,_Z,2,,,False,WB_WDI,WB_WDI_SH_XPD_CHEX_GD_ZS,SST,_T,_T,_T,_Z,_Z,_Z,2005,A,PT_GDP,
3.72779,P1Y,0,,A,PU,_Z,2,,,False,WB_WDI,WB_WDI_SH_XPD_CHEX_GD_ZS,SAS,_T,_T,_T,_Z,_Z,_Z,2005,A,PT_GDP,
3.72779,P1Y,0,,A,PU,_Z,2,,,False,WB_WDI,WB_WDI_SH_XPD_CHEX_GD_ZS,TSA,_T,_T,_T,_Z,_Z,_Z,2005,A,PT_GDP,
5.217063,P1Y,0,,A,PU,_Z,2,,,False,WB_WDI,WB_WDI_SH_XPD_CHEX_GD_ZS,SSF,_T,_T,_T,_Z,_Z,_Z,2005,A,PT_GDP,
5.217987,P1Y,0,,A,PU,_Z,2,,,False,WB_WDI,WB_WDI_SH_XPD_CHEX_GD_ZS,SSA,_T,_T,_T,_Z,_Z,_Z,2005,A,PT_GDP,
5.217063,P1Y,0,,A,PU,_Z,2,,,False,WB_WDI,WB_WDI_SH_XPD_CHEX_GD_ZS,TSS,_T,_T,_T,_Z,_Z,_Z,2005,A,PT_GDP,
5.129701,P1Y,0,,A,PU,_Z,2,,,False,WB_WDI,WB_WDI_SH_XPD_CHEX_GD_ZS,UMC,_T,_T,_T,_Z,_Z,_Z,2005,A,PT_GDP,
5.803267,P1Y,0,,A,PU,_Z,2,,,False,WB_WDI,WB_WDI_SH_XPD_CHEX_GD_ZS,AFE,_T,_T,_T,_Z,_Z,_Z,2001,A,PT_GDP,
3.43628,P1Y,0,,A,PU,_Z,2,,,False,WB_WDI,WB_WDI_SH_XPD_CHEX_GD_ZS,AFW,_T,_T,_T,_Z,_Z,_Z,2001,A,PT_GDP,
4.221909,P1Y,0,,A,PU,_Z,2,,,False,WB_WDI,WB_WDI_SH_XPD_CHEX_GD_ZS,ARB,_T,_T,_T,_Z,_Z,_Z,2001,A,PT_GDP,
4.177665,P1Y,0,,A,PU,_Z,2,,,False,WB_WDI,WB_WDI_SH_XPD_CHEX_GD_ZS,CSS,_T,_T,_T,_Z,_Z,_Z,2001,A,PT_GDP,
5.902707,P1Y,0,,A,PU,_Z,2,,,False,WB_WDI,WB_WDI_SH_XPD_CHEX_GD_ZS,CEB,_T,_T,_T,_Z,_Z,_Z,2001,A,PT_GDP,
4.871597,P1Y,0,,A,PU,_Z,2,,,False,WB_WDI,WB_WDI_SH_XPD_CHEX_GD_ZS,EAR,_T,_T,_T,_Z,_Z,_Z,2001,A,PT_GDP,
6.114714,P1Y,0,,A,PU,_Z,2,,,False,WB_WDI,WB_WDI_SH_XPD_CHEX_GD_ZS,EAS,_T,_T,_T,_Z,_Z,_Z,2001,A,PT_GDP,
3.816793,P1Y,0,,A,PU,_Z,2,,,False,WB_WDI,WB_WDI_SH_XPD_CHEX_GD_ZS,EAP,_T,_T,_T,_Z,_Z,_Z,2001,A,PT_GDP,
3.817285,P1Y,0,,A,PU,_Z,2,,,False,WB_WDI,WB_WDI_SH_XPD_CHEX_GD_ZS,TEA,_T,_T,_T,_Z,_Z,_Z,2001,A,PT_GDP,
8.716139,P1Y,0,,A,PU,_Z,2,,,False,WB_WDI,WB_WDI_SH_XPD_CHEX_GD_ZS,EMU,_T,_T,_T,_Z,_Z,_Z,2001,A,PT_GDP,
8.162016,P1Y,0,,A,PU,_Z,2,,,False,WB_WDI,WB_WDI_SH_XPD_CHEX_GD_ZS,ECS,_T,_T,_T,_Z,_Z,_Z,2001,A,PT_GDP,
5.070588,P1Y,0,,A,PU,_Z,2,,,False,WB_WDI,WB_WDI_SH_XPD_CHEX_GD_ZS,ECA,_T,_T,_T,_Z,_Z,_Z,2001,A,PT_GDP,
5.299115,P1Y,0,,A,PU,_Z,2,,,False,WB_WDI,WB_WDI_SH_XPD_CHEX_GD_ZS,TEC,_T,_T,_T,_Z,_Z,_Z,2001,A,PT_GDP,
8.539291,P1Y,0,,A,PU,_Z,2,,,False,WB_WDI,WB_WDI_SH_XPD_CHEX_GD_ZS,EUU,_T,_T,_T,_Z,_Z,_Z,2001,A,PT_GDP,
5.837747,P1Y,0,,A,PU,_Z,2,,,False,WB_WDI,WB_WDI_SH_XPD_CHEX_GD_ZS,YEM,_T,_T,_T,_Z,_Z,_Z,2014,A,PT_GDP,
3.829242,P1Y,0,,A,PU,_Z,2,,,False,WB_WDI,WB_WDI_SH_XPD_CHEX_GD_ZS,ZMB,_T,_T,_T,_Z,_Z,_Z,2014,A,PT_GDP,
8.133513,P1Y,0,,A,PU,_Z,2,,,False,WB_WDI,WB_WDI_SH_XPD_CHEX_GD_ZS,ZWE,_T,_T,_T,_Z,_Z,_Z,2014,A,PT_GDP,
5.891588,P1Y,0,,A,PU,_Z,2,,,False,WB_WDI,WB_WDI_SH_XPD_CHEX_GD_ZS,AFE,_T,_T,_T,_Z,_Z,_Z,2015,A,PT_GDP,
3.810202,P1Y,0,,A,PU,_Z,2,,,False,WB_WDI,WB_WDI_SH_XPD_CHEX_GD_ZS,AFW,_T,_T,_T,_Z,_Z,_Z,2015,A,PT_GDP,
5.01269,P1Y,0,,A,PU,_Z,2,,,False,WB_WDI,WB_WDI_SH_XPD_CHEX_GD_ZS,ARB,_T,_T,_T,_Z,_Z,_Z,2015,A,PT_GDP,
5.385674,P1Y,0,,A,PU,_Z,2,,,False,WB_WDI,WB_WDI_SH_XPD_CHEX_GD_ZS,CSS,_T,_T,_T,_Z,_Z,_Z,2015,A,PT_GDP,
6.498359,P1Y,0,,A,PU,_Z,2,,,False,WB_WDI,WB_WDI_SH_XPD_CHEX_GD_ZS,CEB,_T,_T,_T,_Z,_Z,_Z,2015,A,PT_GDP,
5.14328,P1Y,0,,A,PU,_Z,2,,,False,WB_WDI,WB_WDI_SH_XPD_CHEX_GD_ZS,EAR,_T,_T,_T,_Z,_Z,_Z,2015,A,PT_GDP,
6.441003,P1Y,0,,A,PU,_Z,2,,,False,WB_WDI,WB_WDI_SH_XPD_CHEX_GD_ZS,EAS,_T,_T,_T,_Z,_Z,_Z,2015,A,PT_GDP,
4.647259,P1Y,0,,A,PU,_Z,2,,,False,WB_WDI,WB_WDI_SH_XPD_CHEX_GD_ZS,EAP,_T,_T,_T,_Z,_Z,_Z,2015,A,PT_GDP,
4.647424,P1Y,0,,A,PU,_Z,2,,,False,WB_WDI,WB_WDI_SH_XPD_CHEX_GD_ZS,TEA,_T,_T,_T,_Z,_Z,_Z,2015,A,PT_GDP,
10.140112,P1Y,0,,A,PU,_Z,2,,,False,WB_WDI,WB_WDI_SH_XPD_CHEX_GD_ZS,EMU,_T,_T,_T,_Z,_Z,_Z,2015,A,PT_GDP,
5.088591,P1Y,0,,A,PU,_Z,2,,,False,WB_WDI,WB_WDI_SH_XPD_CHEX_GD_ZS,TSS,_T,_T,_T,_Z,_Z,_Z,2011,A,PT_GDP,
5.211436,P1Y,0,,A,PU,_Z,2,,,False,WB_WDI,WB_WDI_SH_XPD_CHEX_GD_ZS,UMC,_T,_T,_T,_Z,_Z,_Z,2011,A,PT_GDP,
9.311611,P1Y,0,,A,PU,_Z,2,,,False,WB_WDI,WB_WDI_SH_XPD_CHEX_GD_ZS,WLD,_T,_T,_T,_Z,_Z,_Z,2011,A,PT_GDP,
8.561908,P1Y,0,,A,PU,_Z,2,,,False,WB_WDI,WB_WDI_SH_XPD_CHEX_GD_ZS,AFG,_T,_T,_T,_Z,_Z,_Z,2011,A,PT_GDP,
6.110262,P1Y,0,,A,PU,_Z,2,,,False,WB_WDI,WB_WDI_SH_XPD_CHEX_GD_ZS,ALB,_T,_T,_T,_Z,_Z,_Z,2011,A,PT_GDP,
4.825675,P1Y,0,,A,PU,_Z,2,,,False,WB_WDI,WB_WDI_SH_XPD_CHEX_GD_ZS,DZA,_T,_T,_T,_Z,_Z,_Z,2011,A,PT_GDP,
7.620528,P1Y,0,,A,PU,_Z,2,,,False,WB_WDI,WB_WDI_SH_XPD_CHEX_GD_ZS,AND,_T,_T,_T,_Z,_Z,_Z,2011,A,PT_GDP,
2.355619,P1Y,0,,A,PU,_Z,2,,,False,WB_WDI,WB_WDI_SH_XPD_CHEX_GD_ZS,AGO,_T,_T,_T,_Z,_Z,_Z,2011,A,PT_GDP,
4.810006,P1Y,0,,A,PU,_Z,2,,,False,WB_WDI,WB_WDI_SH_XPD_CHEX_GD_ZS,ATG,_T,_T,_T,_Z,_Z,_Z,2011,A,PT_GDP,
9.510424,P1Y,0,,A,PU,_Z,2,,,False,WB_WDI,WB_WDI_SH_XPD_CHEX_GD_ZS,ARG,_T,_T,_T,_Z,_Z,_Z,2011,A,PT_GDP,
9.375889,P1Y,0,,A,PU,_Z,2,,,False,WB_WDI,WB_WDI_SH_XPD_CHEX_GD_ZS,ARM,_T,_T,_T,_Z,_Z,_Z,2011,A,PT_GDP,
4.974685,P1Y,0,,A,PU,_Z,2,,,False,WB_WDI,WB_WDI_SH_XPD_CHEX_GD_ZS,VNM,_T,_T,_T,_Z,_Z,_Z,2011,A,PT_GDP,
11.346225,P1Y,0,,A,PU,_Z,2,,,False,WB_WDI,WB_WDI_SH_XPD_CHEX_GD_ZS,PSE,_T,_T,_T,_Z,_Z,_Z,2011,A,PT_GDP,
4.769532,P1Y,0,,A,PU,_Z,2,,,False,WB_WDI,WB_WDI_SH_XPD_CHEX_GD_ZS,YEM,_T,_T,_T,_Z,_Z,_Z,2011,A,PT_GDP,
3.959134,P1Y,0,,A,PU,_Z,2,,,False,WB_WDI,WB_WDI_SH_XPD_CHEX_GD_ZS,ZMB,_T,_T,_T,_Z,_Z,_Z,2011,A,PT_GDP,
8.081707,P1Y,0,,A,PU,_Z,2,,,False,WB_WDI,WB_WDI_SH_XPD_CHEX_GD_ZS,ZWE,_T,_T,_T,_Z,_Z,_Z,2011,A,PT_GDP,
6.075327,P1Y,0,,A,PU,_Z,2,,,False,WB_WDI,WB_WDI_SH_XPD_CHEX_GD_ZS,AFE,_T,_T,_T,_Z,_Z,_Z,2012,A,PT_GDP,
3.4516,P1Y,0,,A,PU,_Z,2,,,False,WB_WDI,WB_WDI_SH_XPD_CHEX_GD_ZS,AFW,_T,_T,_T,_Z,_Z,_Z,2012,A,PT_GDP,
3.907984,P1Y,0,,A,PU,_Z,2,,,False,WB_WDI,WB_WDI_SH_XPD_CHEX_GD_ZS,ARB,_T,_T,_T,_Z,_Z,_Z,2012,A,PT_GDP,
4.896193,P1Y,0,,A,PU,_Z,2,,,False,WB_WDI,WB_WDI_SH_XPD_CHEX_GD_ZS,CSS,_T,_T,_T,_Z,_Z,_Z,2012,A,PT_GDP,
6.594419,P1Y,0,,A,PU,_Z,2,,,False,WB_WDI,WB_WDI_SH_XPD_CHEX_GD_ZS,CEB,_T,_T,_T,_Z,_Z,_Z,2012,A,PT_GDP,
10.973744,P1Y,0,,A,PU,_Z,2,,,False,WB_WDI,WB_WDI_SH_XPD_CHEX_GD_ZS,YEM,_T,_T,_T,_Z,_Z,_Z,2019,A,PT_GDP,
6.753303,P1Y,0,,A,PU,_Z,2,,,False,WB_WDI,WB_WDI_SH_XPD_CHEX_GD_ZS,ZMB,_T,_T,_T,_Z,_Z,_Z,2019,A,PT_GDP,
3.232682,P1Y,0,,A,PU,_Z,2,,,False,WB_WDI,WB_WDI_SH_XPD_CHEX_GD_ZS,ZWE,_T,_T,_T,_Z,_Z,_Z,2019,A,PT_GDP,
5.985494,P1Y,0,,A,PU,_Z,2,,,False,WB_WDI,WB_WDI_SH_XPD_CHEX_GD_ZS,AFE,_T,_T,_T,_Z,_Z,_Z,2020,A,PT_GDP,
3.788206,P1Y,0,,A,PU,_Z,2,,,False,WB_WDI,WB_WDI_SH_XPD_CHEX_GD_ZS,AFW,_T,_T,_T,_Z,_Z,_Z,2020,A,PT_GDP,
5.721073,P1Y,0,,A,PU,_Z,2,,,False,WB_WDI,WB_WDI_SH_XPD_CHEX_GD_ZS,ARB,_T,_T,_T,_Z,_Z,_Z,2020,A,PT_GDP,
6.819724,P1Y,0,,A,PU,_Z,2,,,False,WB_WDI,WB_WDI_SH_XPD_CHEX_GD_ZS,CSS,_T,_T,_T,_Z,_Z,_Z,2020,A,PT_GDP,
7.192178,P1Y,0,,A,PU,_Z,2,,,False,WB_WDI,WB_WDI_SH_XPD_CHEX_GD_ZS,CEB,_T,_T,_T,_Z,_Z,_Z,2020,A,PT_GDP,
5.036355,P1Y,0,,A,PU,_Z,2,,,False,WB_WDI,WB_WDI_SH_XPD_CHEX_GD_ZS,EAR,_T,_T,_T,_Z,_Z,_Z,2020,A,PT_GDP,
6.968074,P1Y,0,,A,PU,_Z,2,,,False,WB_WDI,WB_WDI_SH_XPD_CHEX_GD_ZS,EAS,_T,_T,_T,_Z,_Z,_Z,2020,A,PT_GDP,
5.276898,P1Y,0,,A,PU,_Z,2,,,False,WB_WDI,WB_WDI_SH_XPD_CHEX_GD_ZS,EAP,_T,_T,_T,_Z,_Z,_Z,2020,A,PT_GDP,
5.277059,P1Y,0,,A,PU,_Z,2,,,False,WB_WDI,WB_WDI_SH_XPD_CHEX_GD_ZS,TEA,_T,_T,_T,_Z,_Z,_Z,2020,A,PT_GDP,
11.138452,P1Y,0,,A,PU,_Z,2,,,False,WB_WDI,WB_WDI_SH_XPD_CHEX_GD_ZS,EMU,_T,_T,_T,_Z,_Z,_Z,2020,A,PT_GDP,
11.05627,P1Y,0,,A,PU,_Z,2,,,False,WB_WDI,WB_WDI_SH_XPD_CHEX_GD_ZS,CAN,_T,_T,_T,_Z,_Z,_Z,2016,A,PT_GDP,
5.444023,P1Y,0,,A,PU,_Z,2,,,False,WB_WDI,WB_WDI_SH_XPD_CHEX_GD_ZS,CAF,_T,_T,_T,_Z,_Z,_Z,2016,A,PT_GDP,
3.708425,P1Y,0,,A,PU,_Z,2,,,False,WB_WDI,WB_WDI_SH_XPD_CHEX_GD_ZS,TCD,_T,_T,_T,_Z,_Z,_Z,2016,A,PT_GDP,
8.557671,P1Y,0,,A,PU,_Z,2,,,False,WB_WDI,WB_WDI_SH_XPD_CHEX_GD_ZS,CHL,_T,_T,_T,_Z,_Z,_Z,2016,A,PT_GDP,
4.883381,P1Y,0,,A,PU,_Z,2,,,False,WB_WDI,WB_WDI_SH_XPD_CHEX_GD_ZS,CHN,_T,_T,_T,_Z,_Z,_Z,2016,A,PT_GDP,
7.53117,P1Y,0,,A,PU,_Z,2,,,False,WB_WDI,WB_WDI_SH_XPD_CHEX_GD_ZS,COL,_T,_T,_T,_Z,_Z,_Z,2016,A,PT_GDP,
4.652636,P1Y,0,,A,PU,_Z,2,,,False,WB_WDI,WB_WDI_SH_XPD_CHEX_GD_ZS,COM,_T,_T,_T,_Z,_Z,_Z,2016,A,PT_GDP,
4.200278,P1Y,0,,A,PU,_Z,2,,,False,WB_WDI,WB_WDI_SH_XPD_CHEX_GD_ZS,COD,_T,_T,_T,_Z,_Z,_Z,2016,A,PT_GDP,
2.59423,P1Y,0,,A,PU,_Z,2,,,False,WB_WDI,WB_WDI_SH_XPD_CHEX_GD_ZS,COG,_T,_T,_T,_Z,_Z,_Z,2016,A,PT_GDP,
7.317244,P1Y,0,,A,PU,_Z,2,,,False,WB_WDI,WB_WDI_SH_XPD_CHEX_GD_ZS,CRI,_T,_T,_T,_Z,_Z,_Z,2016,A,PT_GDP,
4.002487,P1Y,0,,A,PU,_Z,2,,,False,WB_WDI,WB_WDI_SH_XPD_CHEX_GD_ZS,HPC,_T,_T,_T,_Z,_Z,_Z,2001,A,PT_GDP,
9.816382,P1Y,0,,A,PU,_Z,2,,,False,WB_WDI,WB_WDI_SH_XPD_CHEX_GD_ZS,HIC,_T,_T,_T,_Z,_Z,_Z,2001,A,PT_GDP,
5.17327,P1Y,0,,A,PU,_Z,2,,,False,WB_WDI,WB_WDI_SH_XPD_CHEX_GD_ZS,IBD,_T,_T,_T,_Z,_Z,_Z,2001,A,PT_GDP,
5.032627,P1Y,0,,A,PU,_Z,2,,,False,WB_WDI,WB_WDI_SH_XPD_CHEX_GD_ZS,IBT,_T,_T,_T,_Z,_Z,_Z,2001,A,PT_GDP,
3.051577,P1Y,0,,A,PU,_Z,2,,,False,WB_WDI,WB_WDI_SH_XPD_CHEX_GD_ZS,IDB,_T,_T,_T,_Z,_Z,_Z,2001,A,PT_GDP,
3.677576,P1Y,0,,A,PU,_Z,2,,,False,WB_WDI,WB_WDI_SH_XPD_CHEX_GD_ZS,IDX,_T,_T,_T,_Z,_Z,_Z,2001,A,PT_GDP,
3.377504,P1Y,0,,A,PU,_Z,2,,,False,WB_WDI,WB_WDI_SH_XPD_CHEX_GD_ZS,IDA,_T,_T,_T,_Z,_Z,_Z,2001,A,PT_GDP,
5.212537,P1Y,0,,A,PU,_Z,2,,,False,WB_WDI,WB_WDI_SH_XPD_CHEX_GD_ZS,LTE,_T,_T,_T,_Z,_Z,_Z,2001,A,PT_GDP,
6.436953,P1Y,0,,A,PU,_Z,2,,,False,WB_WDI,WB_WDI_SH_XPD_CHEX_GD_ZS,LCN,_T,_T,_T,_Z,_Z,_Z,2001,A,PT_GDP,
6.399581,P1Y,0,,A,PU,_Z,2,,,False,WB_WDI,WB_WDI_SH_XPD_CHEX_GD_ZS,LAC,_T,_T,_T,_Z,_Z,_Z,2001,A,PT_GDP,
6.438733,P1Y,0,,A,PU,_Z,2,,,False,WB_WDI,WB_WDI_SH_XPD_CHEX_GD_ZS,TLA,_T,_T,_T,_Z,_Z,_Z,2001,A,PT_GDP,
3.435702,P1Y,0,,A,PU,_Z,2,,,False,WB_WDI,WB_WDI_SH_XPD_CHEX_GD_ZS,LDC,_T,_T,_T,_Z,_Z,_Z,2001,A,PT_GDP,
4.956343,P1Y,0,,A,PU,_Z,2,,,False,WB_WDI,WB_WDI_SH_XPD_CHEX_GD_ZS,LMY,_T,_T,_T,_Z,_Z,_Z,2001,A,PT_GDP,
4.133844,P1Y,0,,A,PU,_Z,2,,,False,WB_WDI,WB_WDI_SH_XPD_CHEX_GD_ZS,LIC,_T,_T,_T,_Z,_Z,_Z,2001,A,PT_GDP,
4.145989,P1Y,0,,A,PU,_Z,2,,,False,WB_WDI,WB_WDI_SH_XPD_CHEX_GD_ZS,LMC,_T,_T,_T,_Z,_Z,_Z,2001,A,PT_GDP,
9.568994,P1Y,0,,A,PU,_Z,2,,,False,WB_WDI,WB_WDI_SH_XPD_CHEX_GD_ZS,NRU,_T,_T,_T,_Z,_Z,_Z,2013,A,PT_GDP,
4.63013,P1Y,0,,A,PU,_Z,2,,,False,WB_WDI,WB_WDI_SH_XPD_CHEX_GD_ZS,NPL,_T,_T,_T,_Z,_Z,_Z,2013,A,PT_GDP,
10.502474,P1Y,0,,A,PU,_Z,2,,,False,WB_WDI,WB_WDI_SH_XPD_CHEX_GD_ZS,NLD,_T,_T,_T,_Z,_Z,_Z,2013,A,PT_GDP,
8.939355,P1Y,0,,A,PU,_Z,2,,,False,WB_WDI,WB_WDI_SH_XPD_CHEX_GD_ZS,NZL,_T,_T,_T,_Z,_Z,_Z,2013,A,PT_GDP,
7.638692,P1Y,0,,A,PU,_Z,2,,,False,WB_WDI,WB_WDI_SH_XPD_CHEX_GD_ZS,NIC,_T,_T,_T,_Z,_Z,_Z,2013,A,PT_GDP,
4.46636,P1Y,0,,A,PU,_Z,2,,,False,WB_WDI,WB_WDI_SH_XPD_CHEX_GD_ZS,NER,_T,_T,_T,_Z,_Z,_Z,2013,A,PT_GDP,
3.420693,P1Y,0,,A,PU,_Z,2,,,False,WB_WDI,WB_WDI_SH_XPD_CHEX_GD_ZS,NGA,_T,_T,_T,_Z,_Z,_Z,2013,A,PT_GDP,
6.719284,P1Y,0,,A,PU,_Z,2,,,False,WB_WDI,WB_WDI_SH_XPD_CHEX_GD_ZS,MKD,_T,_T,_T,_Z,_Z,_Z,2013,A,PT_GDP,
8.874313,P1Y,0,,A,PU,_Z,2,,,False,WB_WDI,WB_WDI_SH_XPD_CHEX_GD_ZS,NOR,_T,_T,_T,_Z,_Z,_Z,2013,A,PT_GDP,
2.505401,P1Y,0,,A,PU,_Z,2,,,False,WB_WDI,WB_WDI_SH_XPD_CHEX_GD_ZS,OMN,_T,_T,_T,_Z,_Z,_Z,2013,A,PT_GDP,
2.416478,P1Y,0,,A,PU,_Z,2,,,False,WB_WDI,WB_WDI_SH_XPD_CHEX_GD_ZS,PAK,_T,_T,_T,_Z,_Z,_Z,2013,A,PT_GDP,
4.905348,P1Y,0,,A,PU,_Z,2,,,False,WB_WDI,WB_WDI_SH_XPD_CHEX_GD_ZS,TSS,_T,_T,_T,_Z,_Z,_Z,2001,A,PT_GDP,
5.166827,P1Y,0,,A,PU,_Z,2,,,False,WB_WDI,WB_WDI_SH_XPD_CHEX_GD_ZS,UMC,_T,_T,_T,_Z,_Z,_Z,2001,A,PT_GDP,
8.986698,P1Y,0,,A,PU,_Z,2,,,False,WB_WDI,WB_WDI_SH_XPD_CHEX_GD_ZS,WLD,_T,_T,_T,_Z,_Z,_Z,2001,A,PT_GDP,
5.856157,P1Y,0,,A,PU,_Z,2,,,False,WB_WDI,WB_WDI_SH_XPD_CHEX_GD_ZS,ALB,_T,_T,_T,_Z,_Z,_Z,2001,A,PT_GDP,
3.536286,P1Y,0,,A,PU,_Z,2,,,False,WB_WDI,WB_WDI_SH_XPD_CHEX_GD_ZS,DZA,_T,_T,_T,_Z,_Z,_Z,2001,A,PT_GDP,
5.864022,P1Y,0,,A,PU,_Z,2,,,False,WB_WDI,WB_WDI_SH_XPD_CHEX_GD_ZS,AND,_T,_T,_T,_Z,_Z,_Z,2001,A,PT_GDP,
3.958827,P1Y,0,,A,PU,_Z,2,,,False,WB_WDI,WB_WDI_SH_XPD_CHEX_GD_ZS,AGO,_T,_T,_T,_Z,_Z,_Z,2001,A,PT_GDP,
4.958803,P1Y,0,,A,PU,_Z,2,,,False,WB_WDI,WB_WDI_SH_XPD_CHEX_GD_ZS,ATG,_T,_T,_T,_Z,_Z,_Z,2001,A,PT_GDP,
8.269663,P1Y,0,,A,PU,_Z,2,,,False,WB_WDI,WB_WDI_SH_XPD_CHEX_GD_ZS,ARG,_T,_T,_T,_Z,_Z,_Z,2001,A,PT_GDP,
4.645639,P1Y,0,,A,PU,_Z,2,,,False,WB_WDI,WB_WDI_SH_XPD_CHEX_GD_ZS,ARM,_T,_T,_T,_Z,_Z,_Z,2001,A,PT_GDP,
7.673917,P1Y,0,,A,PU,_Z,2,,,False,WB_WDI,WB_WDI_SH_XPD_CHEX_GD_ZS,AUS,_T,_T,_T,_Z,_Z,_Z,2001,A,PT_GDP,
9.452435,P1Y,0,,A,PU,_Z,2,,,False,WB_WDI,WB_WDI_SH_XPD_CHEX_GD_ZS,AUT,_T,_T,_T,_Z,_Z,_Z,2001,A,PT_GDP,
9.75702,P1Y,0,,A,PU,_Z,2,,,False,WB_WDI,WB_WDI_SH_XPD_CHEX_GD_ZS,URY,_T,_T,_T,_Z,_Z,_Z,2001,A,PT_GDP,
5.237374,P1Y,0,,A,PU,_Z,2,,,False,WB_WDI,WB_WDI_SH_XPD_CHEX_GD_ZS,UZB,_T,_T,_T,_Z,_Z,_Z,2001,A,PT_GDP,
3.387283,P1Y,0,,A,PU,_Z,2,,,False,WB_WDI,WB_WDI_SH_XPD_CHEX_GD_ZS,VUT,_T,_T,_T,_Z,_Z,_Z,2001,A,PT_GDP,
4.801075,P1Y,0,,A,PU,_Z,2,,,False,WB_WDI,WB_WDI_SH_XPD_CHEX_GD_ZS,VNM,_T,_T,_T,_Z,_Z,_Z,2001,A,PT_GDP,
10.315458,P1Y,0,,A,PU,_Z,2,,,False,WB_WDI,WB_WDI_SH_XPD_CHEX_GD_ZS,PSE,_T,_T,_T,_Z,_Z,_Z,2001,A,PT_GDP,
4.945148,P1Y,0,,A,PU,_Z,2,,,False,WB_WDI,WB_WDI_SH_XPD_CHEX_GD_ZS,YEM,_T,_T,_T,_Z,_Z,_Z,2001,A,PT_GDP,
4.778536,P1Y,0,,A,PU,_Z,2,,,False,WB_WDI,WB_WDI_SH_XPD_CHEX_GD_ZS,ZMB,_T,_T,_T,_Z,_Z,_Z,2001,A,PT_GDP,
5.408213,P1Y,0,,A,PU,_Z,2,,,False,WB_WDI,WB_WDI_SH_XPD_CHEX_GD_ZS,AFE,_T,_T,_T,_Z,_Z,_Z,2002,A,PT_GDP,
3.095826,P1Y,0,,A,PU,_Z,2,,,False,WB_WDI,WB_WDI_SH_XPD_CHEX_GD_ZS,AFW,_T,_T,_T,_Z,_Z,_Z,2002,A,PT_GDP,
4.200693,P1Y,0,,A,PU,_Z,2,,,False,WB_WDI,WB_WDI_SH_XPD_CHEX_GD_ZS,ARB,_T,_T,_T,_Z,_Z,_Z,2002,A,PT_GDP,
4.475661,P1Y,0,,A,PU,_Z,2,,,False,WB_WDI,WB_WDI_SH_XPD_CHEX_GD_ZS,CSS,_T,_T,_T,_Z,_Z,_Z,2002,A,PT_GDP,
6.120752,P1Y,0,,A,PU,_Z,2,,,False,WB_WDI,WB_WDI_SH_XPD_CHEX_GD_ZS,BFA,_T,_T,_T,_Z,_Z,_Z,2017,A,PT_GDP,
6.952304,P1Y,0,,A,PU,_Z,2,,,False,WB_WDI,WB_WDI_SH_XPD_CHEX_GD_ZS,BDI,_T,_T,_T,_Z,_Z,_Z,2017,A,PT_GDP,
4.48071,P1Y,0,,A,PU,_Z,2,,,False,WB_WDI,WB_WDI_SH_XPD_CHEX_GD_ZS,CPV,_T,_T,_T,_Z,_Z,_Z,2017,A,PT_GDP,
4.269332,P1Y,0,,A,PU,_Z,2,,,False,WB_WDI,WB_WDI_SH_XPD_CHEX_GD_ZS,KHM,_T,_T,_T,_Z,_Z,_Z,2017,A,PT_GDP,
3.792939,P1Y,0,,A,PU,_Z,2,,,False,WB_WDI,WB_WDI_SH_XPD_CHEX_GD_ZS,CMR,_T,_T,_T,_Z,_Z,_Z,2017,A,PT_GDP,
10.924212,P1Y,0,,A,PU,_Z,2,,,False,WB_WDI,WB_WDI_SH_XPD_CHEX_GD_ZS,CAN,_T,_T,_T,_Z,_Z,_Z,2017,A,PT_GDP,
6.665416,P1Y,0,,A,PU,_Z,2,,,False,WB_WDI,WB_WDI_SH_XPD_CHEX_GD_ZS,CAF,_T,_T,_T,_Z,_Z,_Z,2017,A,PT_GDP,
3.510234,P1Y,0,,A,PU,_Z,2,,,False,WB_WDI,WB_WDI_SH_XPD_CHEX_GD_ZS,TCD,_T,_T,_T,_Z,_Z,_Z,2017,A,PT_GDP,
9.090518,P1Y,0,,A,PU,_Z,2,,,False,WB_WDI,WB_WDI_SH_XPD_CHEX_GD_ZS,CHL,_T,_T,_T,_Z,_Z,_Z,2017,A,PT_GDP,
4.969503,P1Y,0,,A,PU,_Z,2,,,False,WB_WDI,WB_WDI_SH_XPD_CHEX_GD_ZS,CHN,_T,_T,_T,_Z,_Z,_Z,2017,A,PT_GDP,
5.000272,P1Y,0,,A,PU,_Z,2,,,False,WB_WDI,WB_WDI_SH_XPD_CHEX_GD_ZS,BFA,_T,_T,_T,_Z,_Z,_Z,2014,A,PT_GDP,
7.210815,P1Y,0,,A,PU,_Z,2,,,False,WB_WDI,WB_WDI_SH_XPD_CHEX_GD_ZS,BDI,_T,_T,_T,_Z,_Z,_Z,2014,A,PT_GDP,
4.852315,P1Y,0,,A,PU,_Z,2,,,False,WB_WDI,WB_WDI_SH_XPD_CHEX_GD_ZS,CPV,_T,_T,_T,_Z,_Z,_Z,2014,A,PT_GDP,
4.407846,P1Y,0,,A,PU,_Z,2,,,False,WB_WDI,WB_WDI_SH_XPD_CHEX_GD_ZS,KHM,_T,_T,_T,_Z,_Z,_Z,2014,A,PT_GDP,
4.341488,P1Y,0,,A,PU,_Z,2,,,False,WB_WDI,WB_WDI_SH_XPD_CHEX_GD_ZS,CMR,_T,_T,_T,_Z,_Z,_Z,2014,A,PT_GDP,
10.281157,P1Y,0,,A,PU,_Z,2,,,False,WB_WDI,WB_WDI_SH_XPD_CHEX_GD_ZS,CAN,_T,_T,_T,_Z,_Z,_Z,2014,A,PT_GDP,
4.565574,P1Y,0,,A,PU,_Z,2,,,False,WB_WDI,WB_WDI_SH_XPD_CHEX_GD_ZS,CAF,_T,_T,_T,_Z,_Z,_Z,2014,A,PT_GDP,
3.297083,P1Y,0,,A,PU,_Z,2,,,False,WB_WDI,WB_WDI_SH_XPD_CHEX_GD_ZS,TCD,_T,_T,_T,_Z,_Z,_Z,2014,A,PT_GDP,
7.841502,P1Y,0,,A,PU,_Z,2,,,False,WB_WDI,WB_WDI_SH_XPD_CHEX_GD_ZS,CHL,_T,_T,_T,_Z,_Z,_Z,2014,A,PT_GDP,
4.698802,P1Y,0,,A,PU,_Z,2,,,False,WB_WDI,WB_WDI_SH_XPD_CHEX_GD_ZS,CHN,_T,_T,_T,_Z,_Z,_Z,2014,A,PT_GDP,
3.348404,P1Y,0,,A,PU,_Z,2,,,False,WB_WDI,WB_WDI_SH_XPD_CHEX_GD_ZS,NGA,_T,_T,_T,_Z,_Z,_Z,2014,A,PT_GDP,
6.289934,P1Y,0,,A,PU,_Z,2,,,False,WB_WDI,WB_WDI_SH_XPD_CHEX_GD_ZS,MKD,_T,_T,_T,_Z,_Z,_Z,2014,A,PT_GDP,
9.282979,P1Y,0,,A,PU,_Z,2,,,False,WB_WDI,WB_WDI_SH_XPD_CHEX_GD_ZS,NOR,_T,_T,_T,_Z,_Z,_Z,2014,A,PT_GDP,
3.137401,P1Y,0,,A,PU,_Z,2,,,False,WB_WDI,WB_WDI_SH_XPD_CHEX_GD_ZS,OMN,_T,_T,_T,_Z,_Z,_Z,2014,A,PT_GDP,
2.488991,P1Y,0,,A,PU,_Z,2,,,False,WB_WDI,WB_WDI_SH_XPD_CHEX_GD_ZS,PAK,_T,_T,_T,_Z,_Z,_Z,2014,A,PT_GDP,
10.711115,P1Y,0,,A,PU,_Z,2,,,False,WB_WDI,WB_WDI_SH_XPD_CHEX_GD_ZS,PLW,_T,_T,_T,_Z,_Z,_Z,2014,A,PT_GDP,
6.915321,P1Y,0,,A,PU,_Z,2,,,False,WB_WDI,WB_WDI_SH_XPD_CHEX_GD_ZS,PAN,_T,_T,_T,_Z,_Z,_Z,2014,A,PT_GDP,
3.271191,P1Y,0,,A,PU,_Z,2,,,False,WB_WDI,WB_WDI_SH_XPD_CHEX_GD_ZS,PNG,_T,_T,_T,_Z,_Z,_Z,2014,A,PT_GDP,
6.627191,P1Y,0,,A,PU,_Z,2,,,False,WB_WDI,WB_WDI_SH_XPD_CHEX_GD_ZS,PRY,_T,_T,_T,_Z,_Z,_Z,2014,A,PT_GDP,
4.909673,P1Y,0,,A,PU,_Z,2,,,False,WB_WDI,WB_WDI_SH_XPD_CHEX_GD_ZS,PER,_T,_T,_T,_Z,_Z,_Z,2014,A,PT_GDP,
3.703137,P1Y,0,,A,PU,_Z,2,,,False,WB_WDI,WB_WDI_SH_XPD_CHEX_GD_ZS,PHL,_T,_T,_T,_Z,_Z,_Z,2014,A,PT_GDP,
5.123801,P1Y,0,,A,PU,_Z,2,,,False,WB_WDI,WB_WDI_SH_XPD_CHEX_GD_ZS,HPC,_T,_T,_T,_Z,_Z,_Z,2009,A,PT_GDP,
11.420562,P1Y,0,,A,PU,_Z,2,,,False,WB_WDI,WB_WDI_SH_XPD_CHEX_GD_ZS,HIC,_T,_T,_T,_Z,_Z,_Z,2009,A,PT_GDP,
5.300875,P1Y,0,,A,PU,_Z,2,,,False,WB_WDI,WB_WDI_SH_XPD_CHEX_GD_ZS,IBD,_T,_T,_T,_Z,_Z,_Z,2009,A,PT_GDP,
5.203752,P1Y,0,,A,PU,_Z,2,,,False,WB_WDI,WB_WDI_SH_XPD_CHEX_GD_ZS,IBT,_T,_T,_T,_Z,_Z,_Z,2009,A,PT_GDP,
3.501982,P1Y,0,,A,PU,_Z,2,,,False,WB_WDI,WB_WDI_SH_XPD_CHEX_GD_ZS,IDB,_T,_T,_T,_Z,_Z,_Z,2009,A,PT_GDP,
4.53823,P1Y,0,,A,PU,_Z,2,,,False,WB_WDI,WB_WDI_SH_XPD_CHEX_GD_ZS,IDX,_T,_T,_T,_Z,_Z,_Z,2009,A,PT_GDP,
4.033417,P1Y,0,,A,PU,_Z,2,,,False,WB_WDI,WB_WDI_SH_XPD_CHEX_GD_ZS,IDA,_T,_T,_T,_Z,_Z,_Z,2009,A,PT_GDP,
5.419908,P1Y,0,,A,PU,_Z,2,,,False,WB_WDI,WB_WDI_SH_XPD_CHEX_GD_ZS,LTE,_T,_T,_T,_Z,_Z,_Z,2009,A,PT_GDP,
7.51163,P1Y,0,,A,PU,_Z,2,,,False,WB_WDI,WB_WDI_SH_XPD_CHEX_GD_ZS,LCN,_T,_T,_T,_Z,_Z,_Z,2009,A,PT_GDP,
7.544953,P1Y,0,,A,PU,_Z,2,,,False,WB_WDI,WB_WDI_SH_XPD_CHEX_GD_ZS,LAC,_T,_T,_T,_Z,_Z,_Z,2009,A,PT_GDP,
7.446352,P1Y,0,,A,PU,_Z,2,,,False,WB_WDI,WB_WDI_SH_XPD_CHEX_GD_ZS,TLA,_T,_T,_T,_Z,_Z,_Z,2009,A,PT_GDP,
4.309092,P1Y,0,,A,PU,_Z,2,,,False,WB_WDI,WB_WDI_SH_XPD_CHEX_GD_ZS,LDC,_T,_T,_T,_Z,_Z,_Z,2009,A,PT_GDP,
5.105167,P1Y,0,,A,PU,_Z,2,,,False,WB_WDI,WB_WDI_SH_XPD_CHEX_GD_ZS,LMY,_T,_T,_T,_Z,_Z,_Z,2009,A,PT_GDP,
4.389623,P1Y,0,,A,PU,_Z,2,,,False,WB_WDI,WB_WDI_SH_XPD_CHEX_GD_ZS,SEN,_T,_T,_T,_Z,_Z,_Z,2014,A,PT_GDP,
8.859668,P1Y,0,,A,PU,_Z,2,,,False,WB_WDI,WB_WDI_SH_XPD_CHEX_GD_ZS,SRB,_T,_T,_T,_Z,_Z,_Z,2014,A,PT_GDP,
4.436091,P1Y,0,,A,PU,_Z,2,,,False,WB_WDI,WB_WDI_SH_XPD_CHEX_GD_ZS,SYC,_T,_T,_T,_Z,_Z,_Z,2014,A,PT_GDP,
15.11887,P1Y,0,,A,PU,_Z,2,,,False,WB_WDI,WB_WDI_SH_XPD_CHEX_GD_ZS,SLE,_T,_T,_T,_Z,_Z,_Z,2014,A,PT_GDP,
3.871326,P1Y,0,,A,PU,_Z,2,,,False,WB_WDI,WB_WDI_SH_XPD_CHEX_GD_ZS,SGP,_T,_T,_T,_Z,_Z,_Z,2014,A,PT_GDP,
6.865434,P1Y,0,,A,PU,_Z,2,,,False,WB_WDI,WB_WDI_SH_XPD_CHEX_GD_ZS,SVK,_T,_T,_T,_Z,_Z,_Z,2014,A,PT_GDP,
8.584872,P1Y,0,,A,PU,_Z,2,,,False,WB_WDI,WB_WDI_SH_XPD_CHEX_GD_ZS,SVN,_T,_T,_T,_Z,_Z,_Z,2014,A,PT_GDP,
4.889624,P1Y,0,,A,PU,_Z,2,,,False,WB_WDI,WB_WDI_SH_XPD_CHEX_GD_ZS,SLB,_T,_T,_T,_Z,_Z,_Z,2014,A,PT_GDP,
3.020538,P1Y,0,,A,PU,_Z,2,,,False,WB_WDI,WB_WDI_SH_XPD_CHEX_GD_ZS,SOM,_T,_T,_T,_Z,_Z,_Z,2014,A,PT_GDP,
7.871366,P1Y,0,,A,PU,_Z,2,,,False,WB_WDI,WB_WDI_SH_XPD_CHEX_GD_ZS,ZAF,_T,_T,_T,_Z,_Z,_Z,2014,A,PT_GDP,
10.229836,P1Y,0,,A,PU,_Z,2,,,False,WB_WDI,WB_WDI_SH_XPD_CHEX_GD_ZS,NOR,_T,_T,_T,_Z,_Z,_Z,2017,A,PT_GDP,
3.954187,P1Y,0,,A,PU,_Z,2,,,False,WB_WDI,WB_WDI_SH_XPD_CHEX_GD_ZS,OMN,_T,_T,_T,_Z,_Z,_Z,2017,A,PT_GDP,
2.786301,P1Y,0,,A,PU,_Z,2,,,False,WB_WDI,WB_WDI_SH_XPD_CHEX_GD_ZS,PAK,_T,_T,_T,_Z,_Z,_Z,2017,A,PT_GDP,
10.90419,P1Y,0,,A,PU,_Z,2,,,False,WB_WDI,WB_WDI_SH_XPD_CHEX_GD_ZS,PLW,_T,_T,_T,_Z,_Z,_Z,2017,A,PT_GDP,
7.164927,P1Y,0,,A,PU,_Z,2,,,False,WB_WDI,WB_WDI_SH_XPD_CHEX_GD_ZS,PAN,_T,_T,_T,_Z,_Z,_Z,2017,A,PT_GDP,
2.22971,P1Y,0,,A,PU,_Z,2,,,False,WB_WDI,WB_WDI_SH_XPD_CHEX_GD_ZS,PNG,_T,_T,_T,_Z,_Z,_Z,2017,A,PT_GDP,
6.609025,P1Y,0,,A,PU,_Z,2,,,False,WB_WDI,WB_WDI_SH_XPD_CHEX_GD_ZS,PRY,_T,_T,_T,_Z,_Z,_Z,2017,A,PT_GDP,
4.809155,P1Y,0,,A,PU,_Z,2,,,False,WB_WDI,WB_WDI_SH_XPD_CHEX_GD_ZS,PER,_T,_T,_T,_Z,_Z,_Z,2017,A,PT_GDP,
3.960428,P1Y,0,,A,PU,_Z,2,,,False,WB_WDI,WB_WDI_SH_XPD_CHEX_GD_ZS,PHL,_T,_T,_T,_Z,_Z,_Z,2017,A,PT_GDP,
6.537132,P1Y,0,,A,PU,_Z,2,,,False,WB_WDI,WB_WDI_SH_XPD_CHEX_GD_ZS,POL,_T,_T,_T,_Z,_Z,_Z,2017,A,PT_GDP,
3.451489,P1Y,0,,A,PU,_Z,2,,,False,WB_WDI,WB_WDI_SH_XPD_CHEX_GD_ZS,IDB,_T,_T,_T,_Z,_Z,_Z,2012,A,PT_GDP,
4.224951,P1Y,0,,A,PU,_Z,2,,,False,WB_WDI,WB_WDI_SH_XPD_CHEX_GD_ZS,IDX,_T,_T,_T,_Z,_Z,_Z,2012,A,PT_GDP,
3.818732,P1Y,0,,A,PU,_Z,2,,,False,WB_WDI,WB_WDI_SH_XPD_CHEX_GD_ZS,IDA,_T,_T,_T,_Z,_Z,_Z,2012,A,PT_GDP,
5.146491,P1Y,0,,A,PU,_Z,2,,,False,WB_WDI,WB_WDI_SH_XPD_CHEX_GD_ZS,LTE,_T,_T,_T,_Z,_Z,_Z,2012,A,PT_GDP,
7.139842,P1Y,0,,A,PU,_Z,2,,,False,WB_WDI,WB_WDI_SH_XPD_CHEX_GD_ZS,LCN,_T,_T,_T,_Z,_Z,_Z,2012,A,PT_GDP,
7.156545,P1Y,0,,A,PU,_Z,2,,,False,WB_WDI,WB_WDI_SH_XPD_CHEX_GD_ZS,LAC,_T,_T,_T,_Z,_Z,_Z,2012,A,PT_GDP,
7.115237,P1Y,0,,A,PU,_Z,2,,,False,WB_WDI,WB_WDI_SH_XPD_CHEX_GD_ZS,TLA,_T,_T,_T,_Z,_Z,_Z,2012,A,PT_GDP,
3.803235,P1Y,0,,A,PU,_Z,2,,,False,WB_WDI,WB_WDI_SH_XPD_CHEX_GD_ZS,LDC,_T,_T,_T,_Z,_Z,_Z,2012,A,PT_GDP,
4.973783,P1Y,0,,A,PU,_Z,2,,,False,WB_WDI,WB_WDI_SH_XPD_CHEX_GD_ZS,LMY,_T,_T,_T,_Z,_Z,_Z,2012,A,PT_GDP,
4.829258,P1Y,0,,A,PU,_Z,2,,,False,WB_WDI,WB_WDI_SH_XPD_CHEX_GD_ZS,LIC,_T,_T,_T,_Z,_Z,_Z,2012,A,PT_GDP,
3.646434,P1Y,0,,A,PU,_Z,2,,,False,WB_WDI,WB_WDI_SH_XPD_CHEX_GD_ZS,LMC,_T,_T,_T,_Z,_Z,_Z,2012,A,PT_GDP,
4.379455,P1Y,0,,A,PU,_Z,2,,,False,WB_WDI,WB_WDI_SH_XPD_CHEX_GD_ZS,MEA,_T,_T,_T,_Z,_Z,_Z,2012,A,PT_GDP,
4.884328,P1Y,0,,A,PU,_Z,2,,,False,WB_WDI,WB_WDI_SH_XPD_CHEX_GD_ZS,MNA,_T,_T,_T,_Z,_Z,_Z,2012,A,PT_GDP,
9.910874,P1Y,0,,A,PU,_Z,2,,,False,WB_WDI,WB_WDI_SH_XPD_CHEX_GD_ZS,LBR,_T,_T,_T,_Z,_Z,_Z,2017,A,PT_GDP,
4.676853,P1Y,0,,A,PU,_Z,2,,,False,WB_WDI,WB_WDI_SH_XPD_CHEX_GD_ZS,LBY,_T,_T,_T,_Z,_Z,_Z,2017,A,PT_GDP,
5.679685,P1Y,0,,A,PU,_Z,2,,,False,WB_WDI,WB_WDI_SH_XPD_CHEX_GD_ZS,LIE,_T,_T,_T,_Z,_Z,_Z,2017,A,PT_GDP,
6.444728,P1Y,0,,A,PU,_Z,2,,,False,WB_WDI,WB_WDI_SH_XPD_CHEX_GD_ZS,LTU,_T,_T,_T,_Z,_Z,_Z,2017,A,PT_GDP,
5.135354,P1Y,0,,A,PU,_Z,2,,,False,WB_WDI,WB_WDI_SH_XPD_CHEX_GD_ZS,LUX,_T,_T,_T,_Z,_Z,_Z,2017,A,PT_GDP,
4.802259,P1Y,0,,A,PU,_Z,2,,,False,WB_WDI,WB_WDI_SH_XPD_CHEX_GD_ZS,MDG,_T,_T,_T,_Z,_Z,_Z,2017,A,PT_GDP,
7.584389,P1Y,0,,A,PU,_Z,2,,,False,WB_WDI,WB_WDI_SH_XPD_CHEX_GD_ZS,MWI,_T,_T,_T,_Z,_Z,_Z,2017,A,PT_GDP,
3.714723,P1Y,0,,A,PU,_Z,2,,,False,WB_WDI,WB_WDI_SH_XPD_CHEX_GD_ZS,MYS,_T,_T,_T,_Z,_Z,_Z,2017,A,PT_GDP,
9.149483,P1Y,0,,A,PU,_Z,2,,,False,WB_WDI,WB_WDI_SH_XPD_CHEX_GD_ZS,MDV,_T,_T,_T,_Z,_Z,_Z,2017,A,PT_GDP,
3.674258,P1Y,0,,A,PU,_Z,2,,,False,WB_WDI,WB_WDI_SH_XPD_CHEX_GD_ZS,MLI,_T,_T,_T,_Z,_Z,_Z,2017,A,PT_GDP,
6.838845,P1Y,0,,A,PU,_Z,2,,,False,WB_WDI,WB_WDI_SH_XPD_CHEX_GD_ZS,JAM,_T,_T,_T,_Z,_Z,_Z,2018,A,PT_GDP,
10.739882,P1Y,0,,A,PU,_Z,2,,,False,WB_WDI,WB_WDI_SH_XPD_CHEX_GD_ZS,JPN,_T,_T,_T,_Z,_Z,_Z,2018,A,PT_GDP,
6.98295,P1Y,0,,A,PU,_Z,2,,,False,WB_WDI,WB_WDI_SH_XPD_CHEX_GD_ZS,JOR,_T,_T,_T,_Z,_Z,_Z,2018,A,PT_GDP,
2.900625,P1Y,0,,A,PU,_Z,2,,,False,WB_WDI,WB_WDI_SH_XPD_CHEX_GD_ZS,KAZ,_T,_T,_T,_Z,_Z,_Z,2018,A,PT_GDP,
4.099034,P1Y,0,,A,PU,_Z,2,,,False,WB_WDI,WB_WDI_SH_XPD_CHEX_GD_ZS,KEN,_T,_T,_T,_Z,_Z,_Z,2018,A,PT_GDP,
10.896942,P1Y,0,,A,PU,_Z,2,,,False,WB_WDI,WB_WDI_SH_XPD_CHEX_GD_ZS,KIR,_T,_T,_T,_Z,_Z,_Z,2018,A,PT_GDP,
7.14222,P1Y,0,,A,PU,_Z,2,,,False,WB_WDI,WB_WDI_SH_XPD_CHEX_GD_ZS,KOR,_T,_T,_T,_Z,_Z,_Z,2018,A,PT_GDP,
5.172019,P1Y,0,,A,PU,_Z,2,,,False,WB_WDI,WB_WDI_SH_XPD_CHEX_GD_ZS,KWT,_T,_T,_T,_Z,_Z,_Z,2018,A,PT_GDP,
5.010309,P1Y,0,,A,PU,_Z,2,,,False,WB_WDI,WB_WDI_SH_XPD_CHEX_GD_ZS,KGZ,_T,_T,_T,_Z,_Z,_Z,2018,A,PT_GDP,
8.628346,P1Y,0,,A,PU,_Z,2,,,False,WB_WDI,WB_WDI_SH_XPD_CHEX_GD_ZS,BDI,_T,_T,_T,_Z,_Z,_Z,2013,A,PT_GDP,
4.824683,P1Y,0,,A,PU,_Z,2,,,False,WB_WDI,WB_WDI_SH_XPD_CHEX_GD_ZS,CPV,_T,_T,_T,_Z,_Z,_Z,2013,A,PT_GDP,
5.008637,P1Y,0,,A,PU,_Z,2,,,False,WB_WDI,WB_WDI_SH_XPD_CHEX_GD_ZS,KHM,_T,_T,_T,_Z,_Z,_Z,2013,A,PT_GDP,
3.631364,P1Y,0,,A,PU,_Z,2,,,False,WB_WDI,WB_WDI_SH_XPD_CHEX_GD_ZS,CMR,_T,_T,_T,_Z,_Z,_Z,2013,A,PT_GDP,
10.435593,P1Y,0,,A,PU,_Z,2,,,False,WB_WDI,WB_WDI_SH_XPD_CHEX_GD_ZS,CAN,_T,_T,_T,_Z,_Z,_Z,2013,A,PT_GDP,
4.766602,P1Y,0,,A,PU,_Z,2,,,False,WB_WDI,WB_WDI_SH_XPD_CHEX_GD_ZS,CAF,_T,_T,_T,_Z,_Z,_Z,2013,A,PT_GDP,
2.95766,P1Y,0,,A,PU,_Z,2,,,False,WB_WDI,WB_WDI_SH_XPD_CHEX_GD_ZS,TCD,_T,_T,_T,_Z,_Z,_Z,2013,A,PT_GDP,
7.475527,P1Y,0,,A,PU,_Z,2,,,False,WB_WDI,WB_WDI_SH_XPD_CHEX_GD_ZS,CHL,_T,_T,_T,_Z,_Z,_Z,2013,A,PT_GDP,
4.638826,P1Y,0,,A,PU,_Z,2,,,False,WB_WDI,WB_WDI_SH_XPD_CHEX_GD_ZS,CHN,_T,_T,_T,_Z,_Z,_Z,2013,A,PT_GDP,
7.017241,P1Y,0,,A,PU,_Z,2,,,False,WB_WDI,WB_WDI_SH_XPD_CHEX_GD_ZS,COL,_T,_T,_T,_Z,_Z,_Z,2013,A,PT_GDP,
5.097998,P1Y,0,,A,PU,_Z,2,,,False,WB_WDI,WB_WDI_SH_XPD_CHEX_GD_ZS,IBD,_T,_T,_T,_Z,_Z,_Z,2003,A,PT_GDP,
4.996686,P1Y,0,,A,PU,_Z,2,,,False,WB_WDI,WB_WDI_SH_XPD_CHEX_GD_ZS,IBT,_T,_T,_T,_Z,_Z,_Z,2003,A,PT_GDP,
3.660719,P1Y,0,,A,PU,_Z,2,,,False,WB_WDI,WB_WDI_SH_XPD_CHEX_GD_ZS,IDB,_T,_T,_T,_Z,_Z,_Z,2003,A,PT_GDP,
4.079021,P1Y,0,,A,PU,_Z,2,,,False,WB_WDI,WB_WDI_SH_XPD_CHEX_GD_ZS,IDX,_T,_T,_T,_Z,_Z,_Z,2003,A,PT_GDP,
3.874341,P1Y,0,,A,PU,_Z,2,,,False,WB_WDI,WB_WDI_SH_XPD_CHEX_GD_ZS,IDA,_T,_T,_T,_Z,_Z,_Z,2003,A,PT_GDP,
5.170199,P1Y,0,,A,PU,_Z,2,,,False,WB_WDI,WB_WDI_SH_XPD_CHEX_GD_ZS,LTE,_T,_T,_T,_Z,_Z,_Z,2003,A,PT_GDP,
6.518712,P1Y,0,,A,PU,_Z,2,,,False,WB_WDI,WB_WDI_SH_XPD_CHEX_GD_ZS,LCN,_T,_T,_T,_Z,_Z,_Z,2003,A,PT_GDP,
6.491165,P1Y,0,,A,PU,_Z,2,,,False,WB_WDI,WB_WDI_SH_XPD_CHEX_GD_ZS,LAC,_T,_T,_T,_Z,_Z,_Z,2003,A,PT_GDP,
6.519346,P1Y,0,,A,PU,_Z,2,,,False,WB_WDI,WB_WDI_SH_XPD_CHEX_GD_ZS,TLA,_T,_T,_T,_Z,_Z,_Z,2003,A,PT_GDP,
3.835524,P1Y,0,,A,PU,_Z,2,,,False,WB_WDI,WB_WDI_SH_XPD_CHEX_GD_ZS,LDC,_T,_T,_T,_Z,_Z,_Z,2003,A,PT_GDP,
4.907772,P1Y,0,,A,PU,_Z,2,,,False,WB_WDI,WB_WDI_SH_XPD_CHEX_GD_ZS,LMY,_T,_T,_T,_Z,_Z,_Z,2003,A,PT_GDP,
4.743542,P1Y,0,,A,PU,_Z,2,,,False,WB_WDI,WB_WDI_SH_XPD_CHEX_GD_ZS,LIC,_T,_T,_T,_Z,_Z,_Z,2003,A,PT_GDP,
4.121374,P1Y,0,,A,PU,_Z,2,,,False,WB_WDI,WB_WDI_SH_XPD_CHEX_GD_ZS,LMC,_T,_T,_T,_Z,_Z,_Z,2003,A,PT_GDP,
4.287063,P1Y,0,,A,PU,_Z,2,,,False,WB_WDI,WB_WDI_SH_XPD_CHEX_GD_ZS,MEA,_T,_T,_T,_Z,_Z,_Z,2003,A,PT_GDP,
4.36613,P1Y,0,,A,PU,_Z,2,,,False,WB_WDI,WB_WDI_SH_XPD_CHEX_GD_ZS,MNA,_T,_T,_T,_Z,_Z,_Z,2003,A,PT_GDP,
5.159909,P1Y,0,,A,PU,_Z,2,,,False,WB_WDI,WB_WDI_SH_XPD_CHEX_GD_ZS,IRN,_T,_T,_T,_Z,_Z,_Z,2006,A,PT_GDP,
2.493704,P1Y,0,,A,PU,_Z,2,,,False,WB_WDI,WB_WDI_SH_XPD_CHEX_GD_ZS,IRQ,_T,_T,_T,_Z,_Z,_Z,2006,A,PT_GDP,
7.51647,P1Y,0,,A,PU,_Z,2,,,False,WB_WDI,WB_WDI_SH_XPD_CHEX_GD_ZS,IRL,_T,_T,_T,_Z,_Z,_Z,2006,A,PT_GDP,
6.700007,P1Y,0,,A,PU,_Z,2,,,False,WB_WDI,WB_WDI_SH_XPD_CHEX_GD_ZS,ISR,_T,_T,_T,_Z,_Z,_Z,2006,A,PT_GDP,
8.39791,P1Y,0,,A,PU,_Z,2,,,False,WB_WDI,WB_WDI_SH_XPD_CHEX_GD_ZS,ITA,_T,_T,_T,_Z,_Z,_Z,2006,A,PT_GDP,
5.510223,P1Y,0,,A,PU,_Z,2,,,False,WB_WDI,WB_WDI_SH_XPD_CHEX_GD_ZS,JAM,_T,_T,_T,_Z,_Z,_Z,2006,A,PT_GDP,
7.686889,P1Y,0,,A,PU,_Z,2,,,False,WB_WDI,WB_WDI_SH_XPD_CHEX_GD_ZS,JPN,_T,_T,_T,_Z,_Z,_Z,2006,A,PT_GDP,
7.679257,P1Y,0,,A,PU,_Z,2,,,False,WB_WDI,WB_WDI_SH_XPD_CHEX_GD_ZS,JOR,_T,_T,_T,_Z,_Z,_Z,2006,A,PT_GDP,
3.398248,P1Y,0,,A,PU,_Z,2,,,False,WB_WDI,WB_WDI_SH_XPD_CHEX_GD_ZS,KAZ,_T,_T,_T,_Z,_Z,_Z,2006,A,PT_GDP,
5.013439,P1Y,0,,A,PU,_Z,2,,,False,WB_WDI,WB_WDI_SH_XPD_CHEX_GD_ZS,KEN,_T,_T,_T,_Z,_Z,_Z,2006,A,PT_GDP,
11.308523,P1Y,0,,A,PU,_Z,2,,,False,WB_WDI,WB_WDI_SH_XPD_CHEX_GD_ZS,KIR,_T,_T,_T,_Z,_Z,_Z,2006,A,PT_GDP,
5.341865,P1Y,0,,A,PU,_Z,2,,,False,WB_WDI,WB_WDI_SH_XPD_CHEX_GD_ZS,TEC,_T,_T,_T,_Z,_Z,_Z,2018,A,PT_GDP,
9.82989,P1Y,0,,A,PU,_Z,2,,,False,WB_WDI,WB_WDI_SH_XPD_CHEX_GD_ZS,EUU,_T,_T,_T,_Z,_Z,_Z,2018,A,PT_GDP,
4.489768,P1Y,0,,A,PU,_Z,2,,,False,WB_WDI,WB_WDI_SH_XPD_CHEX_GD_ZS,HPC,_T,_T,_T,_Z,_Z,_Z,2018,A,PT_GDP,
11.973388,P1Y,0,,A,PU,_Z,2,,,False,WB_WDI,WB_WDI_SH_XPD_CHEX_GD_ZS,HIC,_T,_T,_T,_Z,_Z,_Z,2018,A,PT_GDP,
5.310642,P1Y,0,,A,PU,_Z,2,,,False,WB_WDI,WB_WDI_SH_XPD_CHEX_GD_ZS,IBD,_T,_T,_T,_Z,_Z,_Z,2018,A,PT_GDP,
5.190418,P1Y,0,,A,PU,_Z,2,,,False,WB_WDI,WB_WDI_SH_XPD_CHEX_GD_ZS,IBT,_T,_T,_T,_Z,_Z,_Z,2018,A,PT_GDP,
3.2546,P1Y,0,,A,PU,_Z,2,,,False,WB_WDI,WB_WDI_SH_XPD_CHEX_GD_ZS,IDB,_T,_T,_T,_Z,_Z,_Z,2018,A,PT_GDP,
4.00257,P1Y,0,,A,PU,_Z,2,,,False,WB_WDI,WB_WDI_SH_XPD_CHEX_GD_ZS,IDX,_T,_T,_T,_Z,_Z,_Z,2018,A,PT_GDP,
3.651013,P1Y,0,,A,PU,_Z,2,,,False,WB_WDI,WB_WDI_SH_XPD_CHEX_GD_ZS,IDA,_T,_T,_T,_Z,_Z,_Z,2018,A,PT_GDP,
5.560374,P1Y,0,,A,PU,_Z,2,,,False,WB_WDI,WB_WDI_SH_XPD_CHEX_GD_ZS,LTE,_T,_T,_T,_Z,_Z,_Z,2018,A,PT_GDP,
7.814957,P1Y,0,,A,PU,_Z,2,,,False,WB_WDI,WB_WDI_SH_XPD_CHEX_GD_ZS,LCN,_T,_T,_T,_Z,_Z,_Z,2018,A,PT_GDP,
7.747619,P1Y,0,,A,PU,_Z,2,,,False,WB_WDI,WB_WDI_SH_XPD_CHEX_GD_ZS,LAC,_T,_T,_T,_Z,_Z,_Z,2018,A,PT_GDP,
7.759754,P1Y,0,,A,PU,_Z,2,,,False,WB_WDI,WB_WDI_SH_XPD_CHEX_GD_ZS,TLA,_T,_T,_T,_Z,_Z,_Z,2018,A,PT_GDP,
7.255966,P1Y,0,,A,PU,_Z,2,,,False,WB_WDI,WB_WDI_SH_XPD_CHEX_GD_ZS,SWZ,_T,_T,_T,_Z,_Z,_Z,2014,A,PT_GDP,
4.033655,P1Y,0,,A,PU,_Z,2,,,False,WB_WDI,WB_WDI_SH_XPD_CHEX_GD_ZS,ETH,_T,_T,_T,_Z,_Z,_Z,2014,A,PT_GDP,
3.368605,P1Y,0,,A,PU,_Z,2,,,False,WB_WDI,WB_WDI_SH_XPD_CHEX_GD_ZS,FJI,_T,_T,_T,_Z,_Z,_Z,2014,A,PT_GDP,
9.830662,P1Y,0,,A,PU,_Z,2,,,False,WB_WDI,WB_WDI_SH_XPD_CHEX_GD_ZS,FIN,_T,_T,_T,_Z,_Z,_Z,2014,A,PT_GDP,
11.579354,P1Y,0,,A,PU,_Z,2,,,False,WB_WDI,WB_WDI_SH_XPD_CHEX_GD_ZS,FRA,_T,_T,_T,_Z,_Z,_Z,2014,A,PT_GDP,
2.532823,P1Y,0,,A,PU,_Z,2,,,False,WB_WDI,WB_WDI_SH_XPD_CHEX_GD_ZS,GAB,_T,_T,_T,_Z,_Z,_Z,2014,A,PT_GDP,
3.052346,P1Y,0,,A,PU,_Z,2,,,False,WB_WDI,WB_WDI_SH_XPD_CHEX_GD_ZS,GMB,_T,_T,_T,_Z,_Z,_Z,2014,A,PT_GDP,
8.294084,P1Y,0,,A,PU,_Z,2,,,False,WB_WDI,WB_WDI_SH_XPD_CHEX_GD_ZS,GEO,_T,_T,_T,_Z,_Z,_Z,2014,A,PT_GDP,
10.768197,P1Y,0,,A,PU,_Z,2,,,False,WB_WDI,WB_WDI_SH_XPD_CHEX_GD_ZS,DEU,_T,_T,_T,_Z,_Z,_Z,2014,A,PT_GDP,
4.016441,P1Y,0,,A,PU,_Z,2,,,False,WB_WDI,WB_WDI_SH_XPD_CHEX_GD_ZS,GHA,_T,_T,_T,_Z,_Z,_Z,2014,A,PT_GDP,
9.891484,P1Y,0,,A,PU,_Z,2,,,False,WB_WDI,WB_WDI_SH_XPD_CHEX_GD_ZS,NLD,_T,_T,_T,_Z,_Z,_Z,2016,A,PT_GDP,
8.76869,P1Y,0,,A,PU,_Z,2,,,False,WB_WDI,WB_WDI_SH_XPD_CHEX_GD_ZS,NZL,_T,_T,_T,_Z,_Z,_Z,2016,A,PT_GDP,
8.048776,P1Y,0,,A,PU,_Z,2,,,False,WB_WDI,WB_WDI_SH_XPD_CHEX_GD_ZS,NIC,_T,_T,_T,_Z,_Z,_Z,2016,A,PT_GDP,
4.532391,P1Y,0,,A,PU,_Z,2,,,False,WB_WDI,WB_WDI_SH_XPD_CHEX_GD_ZS,NER,_T,_T,_T,_Z,_Z,_Z,2016,A,PT_GDP,
3.647737,P1Y,0,,A,PU,_Z,2,,,False,WB_WDI,WB_WDI_SH_XPD_CHEX_GD_ZS,NGA,_T,_T,_T,_Z,_Z,_Z,2016,A,PT_GDP,
6.379434,P1Y,0,,A,PU,_Z,2,,,False,WB_WDI,WB_WDI_SH_XPD_CHEX_GD_ZS,MKD,_T,_T,_T,_Z,_Z,_Z,2016,A,PT_GDP,
10.530498,P1Y,0,,A,PU,_Z,2,,,False,WB_WDI,WB_WDI_SH_XPD_CHEX_GD_ZS,NOR,_T,_T,_T,_Z,_Z,_Z,2016,A,PT_GDP,
4.175808,P1Y,0,,A,PU,_Z,2,,,False,WB_WDI,WB_WDI_SH_XPD_CHEX_GD_ZS,OMN,_T,_T,_T,_Z,_Z,_Z,2016,A,PT_GDP,
2.570264,P1Y,0,,A,PU,_Z,2,,,False,WB_WDI,WB_WDI_SH_XPD_CHEX_GD_ZS,PAK,_T,_T,_T,_Z,_Z,_Z,2016,A,PT_GDP,
10.01227,P1Y,0,,A,PU,_Z,2,,,False,WB_WDI,WB_WDI_SH_XPD_CHEX_GD_ZS,PLW,_T,_T,_T,_Z,_Z,_Z,2016,A,PT_GDP,
5.074624,P1Y,0,,A,PU,_Z,2,,,False,WB_WDI,WB_WDI_SH_XPD_CHEX_GD_ZS,EGY,_T,_T,_T,_Z,_Z,_Z,2016,A,PT_GDP,
8.714563,P1Y,0,,A,PU,_Z,2,,,False,WB_WDI,WB_WDI_SH_XPD_CHEX_GD_ZS,SLV,_T,_T,_T,_Z,_Z,_Z,2016,A,PT_GDP,
2.971775,P1Y,0,,A,PU,_Z,2,,,False,WB_WDI,WB_WDI_SH_XPD_CHEX_GD_ZS,GNQ,_T,_T,_T,_Z,_Z,_Z,2016,A,PT_GDP,
3.738389,P1Y,0,,A,PU,_Z,2,,,False,WB_WDI,WB_WDI_SH_XPD_CHEX_GD_ZS,ERI,_T,_T,_T,_Z,_Z,_Z,2016,A,PT_GDP,
6.569186,P1Y,0,,A,PU,_Z,2,,,False,WB_WDI,WB_WDI_SH_XPD_CHEX_GD_ZS,EST,_T,_T,_T,_Z,_Z,_Z,2016,A,PT_GDP,
6.820448,P1Y,0,,A,PU,_Z,2,,,False,WB_WDI,WB_WDI_SH_XPD_CHEX_GD_ZS,SWZ,_T,_T,_T,_Z,_Z,_Z,2016,A,PT_GDP,
3.600338,P1Y,0,,A,PU,_Z,2,,,False,WB_WDI,WB_WDI_SH_XPD_CHEX_GD_ZS,ETH,_T,_T,_T,_Z,_Z,_Z,2016,A,PT_GDP,
3.279797,P1Y,0,,A,PU,_Z,2,,,False,WB_WDI,WB_WDI_SH_XPD_CHEX_GD_ZS,FJI,_T,_T,_T,_Z,_Z,_Z,2016,A,PT_GDP,
9.456256,P1Y,0,,A,PU,_Z,2,,,False,WB_WDI,WB_WDI_SH_XPD_CHEX_GD_ZS,FIN,_T,_T,_T,_Z,_Z,_Z,2016,A,PT_GDP,
11.57036,P1Y,0,,A,PU,_Z,2,,,False,WB_WDI,WB_WDI_SH_XPD_CHEX_GD_ZS,FRA,_T,_T,_T,_Z,_Z,_Z,2016,A,PT_GDP,
5.968925,P1Y,0,,A,PU,_Z,2,,,False,WB_WDI,WB_WDI_SH_XPD_CHEX_GD_ZS,RWA,_T,_T,_T,_Z,_Z,_Z,2016,A,PT_GDP,
5.639599,P1Y,0,,A,PU,_Z,2,,,False,WB_WDI,WB_WDI_SH_XPD_CHEX_GD_ZS,WSM,_T,_T,_T,_Z,_Z,_Z,2016,A,PT_GDP,
8.421953,P1Y,0,,A,PU,_Z,2,,,False,WB_WDI,WB_WDI_SH_XPD_CHEX_GD_ZS,SMR,_T,_T,_T,_Z,_Z,_Z,2016,A,PT_GDP,
7.602116,P1Y,0,,A,PU,_Z,2,,,False,WB_WDI,WB_WDI_SH_XPD_CHEX_GD_ZS,STP,_T,_T,_T,_Z,_Z,_Z,2016,A,PT_GDP,
6.241428,P1Y,0,,A,PU,_Z,2,,,False,WB_WDI,WB_WDI_SH_XPD_CHEX_GD_ZS,SAU,_T,_T,_T,_Z,_Z,_Z,2016,A,PT_GDP,
4.256069,P1Y,0,,A,PU,_Z,2,,,False,WB_WDI,WB_WDI_SH_XPD_CHEX_GD_ZS,SEN,_T,_T,_T,_Z,_Z,_Z,2016,A,PT_GDP,
8.151843,P1Y,0,,A,PU,_Z,2,,,False,WB_WDI,WB_WDI_SH_XPD_CHEX_GD_ZS,SRB,_T,_T,_T,_Z,_Z,_Z,2016,A,PT_GDP,
4.713497,P1Y,0,,A,PU,_Z,2,,,False,WB_WDI,WB_WDI_SH_XPD_CHEX_GD_ZS,SYC,_T,_T,_T,_Z,_Z,_Z,2016,A,PT_GDP,
10.054385,P1Y,0,,A,PU,_Z,2,,,False,WB_WDI,WB_WDI_SH_XPD_CHEX_GD_ZS,SLE,_T,_T,_T,_Z,_Z,_Z,2016,A,PT_GDP,
4.379895,P1Y,0,,A,PU,_Z,2,,,False,WB_WDI,WB_WDI_SH_XPD_CHEX_GD_ZS,SGP,_T,_T,_T,_Z,_Z,_Z,2016,A,PT_GDP,
3.214806,P1Y,0,,A,PU,_Z,2,,,False,WB_WDI,WB_WDI_SH_XPD_CHEX_GD_ZS,IRQ,_T,_T,_T,_Z,_Z,_Z,2007,A,PT_GDP,
7.807737,P1Y,0,,A,PU,_Z,2,,,False,WB_WDI,WB_WDI_SH_XPD_CHEX_GD_ZS,IRL,_T,_T,_T,_Z,_Z,_Z,2007,A,PT_GDP,
6.672562,P1Y,0,,A,PU,_Z,2,,,False,WB_WDI,WB_WDI_SH_XPD_CHEX_GD_ZS,ISR,_T,_T,_T,_Z,_Z,_Z,2007,A,PT_GDP,
8.101672,P1Y,0,,A,PU,_Z,2,,,False,WB_WDI,WB_WDI_SH_XPD_CHEX_GD_ZS,ITA,_T,_T,_T,_Z,_Z,_Z,2007,A,PT_GDP,
6.191096,P1Y,0,,A,PU,_Z,2,,,False,WB_WDI,WB_WDI_SH_XPD_CHEX_GD_ZS,JAM,_T,_T,_T,_Z,_Z,_Z,2007,A,PT_GDP,
7.779357,P1Y,0,,A,PU,_Z,2,,,False,WB_WDI,WB_WDI_SH_XPD_CHEX_GD_ZS,JPN,_T,_T,_T,_Z,_Z,_Z,2007,A,PT_GDP,
7.909826,P1Y,0,,A,PU,_Z,2,,,False,WB_WDI,WB_WDI_SH_XPD_CHEX_GD_ZS,JOR,_T,_T,_T,_Z,_Z,_Z,2007,A,PT_GDP,
2.703148,P1Y,0,,A,PU,_Z,2,,,False,WB_WDI,WB_WDI_SH_XPD_CHEX_GD_ZS,KAZ,_T,_T,_T,_Z,_Z,_Z,2007,A,PT_GDP,
5.123585,P1Y,0,,A,PU,_Z,2,,,False,WB_WDI,WB_WDI_SH_XPD_CHEX_GD_ZS,KEN,_T,_T,_T,_Z,_Z,_Z,2007,A,PT_GDP,
10.945455,P1Y,0,,A,PU,_Z,2,,,False,WB_WDI,WB_WDI_SH_XPD_CHEX_GD_ZS,KIR,_T,_T,_T,_Z,_Z,_Z,2007,A,PT_GDP,
4.958342,P1Y,0,,A,PU,_Z,2,,,False,WB_WDI,WB_WDI_SH_XPD_CHEX_GD_ZS,KOR,_T,_T,_T,_Z,_Z,_Z,2007,A,PT_GDP,
9.988239,P1Y,0,,A,PU,_Z,2,,,False,WB_WDI,WB_WDI_SH_XPD_CHEX_GD_ZS,LSO,_T,_T,_T,_Z,_Z,_Z,2014,A,PT_GDP,
8.098179,P1Y,0,,A,PU,_Z,2,,,False,WB_WDI,WB_WDI_SH_XPD_CHEX_GD_ZS,LBR,_T,_T,_T,_Z,_Z,_Z,2014,A,PT_GDP,
5.177778,P1Y,0,,A,PU,_Z,2,,,False,WB_WDI,WB_WDI_SH_XPD_CHEX_GD_ZS,LBY,_T,_T,_T,_Z,_Z,_Z,2014,A,PT_GDP,
5.636157,P1Y,0,,A,PU,_Z,2,,,False,WB_WDI,WB_WDI_SH_XPD_CHEX_GD_ZS,LIE,_T,_T,_T,_Z,_Z,_Z,2014,A,PT_GDP,
6.222445,P1Y,0,,A,PU,_Z,2,,,False,WB_WDI,WB_WDI_SH_XPD_CHEX_GD_ZS,LTU,_T,_T,_T,_Z,_Z,_Z,2014,A,PT_GDP,
5.230409,P1Y,0,,A,PU,_Z,2,,,False,WB_WDI,WB_WDI_SH_XPD_CHEX_GD_ZS,LUX,_T,_T,_T,_Z,_Z,_Z,2014,A,PT_GDP,
4.462403,P1Y,0,,A,PU,_Z,2,,,False,WB_WDI,WB_WDI_SH_XPD_CHEX_GD_ZS,MDG,_T,_T,_T,_Z,_Z,_Z,2014,A,PT_GDP,
6.897762,P1Y,0,,A,PU,_Z,2,,,False,WB_WDI,WB_WDI_SH_XPD_CHEX_GD_ZS,MWI,_T,_T,_T,_Z,_Z,_Z,2014,A,PT_GDP,
3.71037,P1Y,0,,A,PU,_Z,2,,,False,WB_WDI,WB_WDI_SH_XPD_CHEX_GD_ZS,MYS,_T,_T,_T,_Z,_Z,_Z,2014,A,PT_GDP,
7.913451,P1Y,0,,A,PU,_Z,2,,,False,WB_WDI,WB_WDI_SH_XPD_CHEX_GD_ZS,MDV,_T,_T,_T,_Z,_Z,_Z,2014,A,PT_GDP,
9.568529,P1Y,0,,A,PU,_Z,2,,,False,WB_WDI,WB_WDI_SH_XPD_CHEX_GD_ZS,ARG,_T,_T,_T,_Z,_Z,_Z,2009,A,PT_GDP,
8.443777,P1Y,0,,A,PU,_Z,2,,,False,WB_WDI,WB_WDI_SH_XPD_CHEX_GD_ZS,ARM,_T,_T,_T,_Z,_Z,_Z,2009,A,PT_GDP,
8.54274,P1Y,0,,A,PU,_Z,2,,,False,WB_WDI,WB_WDI_SH_XPD_CHEX_GD_ZS,AUS,_T,_T,_T,_Z,_Z,_Z,2009,A,PT_GDP,
10.311529,P1Y,0,,A,PU,_Z,2,,,False,WB_WDI,WB_WDI_SH_XPD_CHEX_GD_ZS,AUT,_T,_T,_T,_Z,_Z,_Z,2009,A,PT_GDP,
2.765414,P1Y,0,,A,PU,_Z,2,,,False,WB_WDI,WB_WDI_SH_XPD_CHEX_GD_ZS,AZE,_T,_T,_T,_Z,_Z,_Z,2009,A,PT_GDP,
5.150014,P1Y,0,,A,PU,_Z,2,,,False,WB_WDI,WB_WDI_SH_XPD_CHEX_GD_ZS,BHS,_T,_T,_T,_Z,_Z,_Z,2009,A,PT_GDP,
4.150542,P1Y,0,,A,PU,_Z,2,,,False,WB_WDI,WB_WDI_SH_XPD_CHEX_GD_ZS,BHR,_T,_T,_T,_Z,_Z,_Z,2009,A,PT_GDP,
2.183217,P1Y,0,,A,PU,_Z,2,,,False,WB_WDI,WB_WDI_SH_XPD_CHEX_GD_ZS,BGD,_T,_T,_T,_Z,_Z,_Z,2009,A,PT_GDP,
6.301373,P1Y,0,,A,PU,_Z,2,,,False,WB_WDI,WB_WDI_SH_XPD_CHEX_GD_ZS,BRB,_T,_T,_T,_Z,_Z,_Z,2009,A,PT_GDP,
5.39065,P1Y,0,,A,PU,_Z,2,,,False,WB_WDI,WB_WDI_SH_XPD_CHEX_GD_ZS,BLR,_T,_T,_T,_Z,_Z,_Z,2009,A,PT_GDP,
5.117923,P1Y,0,,A,PU,_Z,2,,,False,WB_WDI,WB_WDI_SH_XPD_CHEX_GD_ZS,IBT,_T,_T,_T,_Z,_Z,_Z,2013,A,PT_GDP,
3.530802,P1Y,0,,A,PU,_Z,2,,,False,WB_WDI,WB_WDI_SH_XPD_CHEX_GD_ZS,IDB,_T,_T,_T,_Z,_Z,_Z,2013,A,PT_GDP,
4.415737,P1Y,0,,A,PU,_Z,2,,,False,WB_WDI,WB_WDI_SH_XPD_CHEX_GD_ZS,IDX,_T,_T,_T,_Z,_Z,_Z,2013,A,PT_GDP,
3.949715,P1Y,0,,A,PU,_Z,2,,,False,WB_WDI,WB_WDI_SH_XPD_CHEX_GD_ZS,IDA,_T,_T,_T,_Z,_Z,_Z,2013,A,PT_GDP,
5.255331,P1Y,0,,A,PU,_Z,2,,,False,WB_WDI,WB_WDI_SH_XPD_CHEX_GD_ZS,LTE,_T,_T,_T,_Z,_Z,_Z,2013,A,PT_GDP,
7.301045,P1Y,0,,A,PU,_Z,2,,,False,WB_WDI,WB_WDI_SH_XPD_CHEX_GD_ZS,LCN,_T,_T,_T,_Z,_Z,_Z,2013,A,PT_GDP,
7.307237,P1Y,0,,A,PU,_Z,2,,,False,WB_WDI,WB_WDI_SH_XPD_CHEX_GD_ZS,LAC,_T,_T,_T,_Z,_Z,_Z,2013,A,PT_GDP,
7.262237,P1Y,0,,A,PU,_Z,2,,,False,WB_WDI,WB_WDI_SH_XPD_CHEX_GD_ZS,TLA,_T,_T,_T,_Z,_Z,_Z,2013,A,PT_GDP,
3.970826,P1Y,0,,A,PU,_Z,2,,,False,WB_WDI,WB_WDI_SH_XPD_CHEX_GD_ZS,LDC,_T,_T,_T,_Z,_Z,_Z,2013,A,PT_GDP,
5.063775,P1Y,0,,A,PU,_Z,2,,,False,WB_WDI,WB_WDI_SH_XPD_CHEX_GD_ZS,LMY,_T,_T,_T,_Z,_Z,_Z,2013,A,PT_GDP,
5.219414,P1Y,0,,A,PU,_Z,2,,,False,WB_WDI,WB_WDI_SH_XPD_CHEX_GD_ZS,LIC,_T,_T,_T,_Z,_Z,_Z,2013,A,PT_GDP,
3.896264,P1Y,0,,A,PU,_Z,2,,,False,WB_WDI,WB_WDI_SH_XPD_CHEX_GD_ZS,LMC,_T,_T,_T,_Z,_Z,_Z,2013,A,PT_GDP,
4.469964,P1Y,0,,A,PU,_Z,2,,,False,WB_WDI,WB_WDI_SH_XPD_CHEX_GD_ZS,MEA,_T,_T,_T,_Z,_Z,_Z,2013,A,PT_GDP,
9.90839,P1Y,0,,A,PU,_Z,2,,,False,WB_WDI,WB_WDI_SH_XPD_CHEX_GD_ZS,NLD,_T,_T,_T,_Z,_Z,_Z,2009,A,PT_GDP,
9.135664,P1Y,0,,A,PU,_Z,2,,,False,WB_WDI,WB_WDI_SH_XPD_CHEX_GD_ZS,NZL,_T,_T,_T,_Z,_Z,_Z,2009,A,PT_GDP,
7.685844,P1Y,0,,A,PU,_Z,2,,,False,WB_WDI,WB_WDI_SH_XPD_CHEX_GD_ZS,NIC,_T,_T,_T,_Z,_Z,_Z,2009,A,PT_GDP,
5.338501,P1Y,0,,A,PU,_Z,2,,,False,WB_WDI,WB_WDI_SH_XPD_CHEX_GD_ZS,NER,_T,_T,_T,_Z,_Z,_Z,2009,A,PT_GDP,
3.580197,P1Y,0,,A,PU,_Z,2,,,False,WB_WDI,WB_WDI_SH_XPD_CHEX_GD_ZS,NGA,_T,_T,_T,_Z,_Z,_Z,2009,A,PT_GDP,
6.528464,P1Y,0,,A,PU,_Z,2,,,False,WB_WDI,WB_WDI_SH_XPD_CHEX_GD_ZS,MKD,_T,_T,_T,_Z,_Z,_Z,2009,A,PT_GDP,
9.032541,P1Y,0,,A,PU,_Z,2,,,False,WB_WDI,WB_WDI_SH_XPD_CHEX_GD_ZS,NOR,_T,_T,_T,_Z,_Z,_Z,2009,A,PT_GDP,
2.469458,P1Y,0,,A,PU,_Z,2,,,False,WB_WDI,WB_WDI_SH_XPD_CHEX_GD_ZS,OMN,_T,_T,_T,_Z,_Z,_Z,2009,A,PT_GDP,
2.499959,P1Y,0,,A,PU,_Z,2,,,False,WB_WDI,WB_WDI_SH_XPD_CHEX_GD_ZS,PAK,_T,_T,_T,_Z,_Z,_Z,2009,A,PT_GDP,
9.630574,P1Y,0,,A,PU,_Z,2,,,False,WB_WDI,WB_WDI_SH_XPD_CHEX_GD_ZS,PLW,_T,_T,_T,_Z,_Z,_Z,2009,A,PT_GDP,
6.985796,P1Y,0,,A,PU,_Z,2,,,False,WB_WDI,WB_WDI_SH_XPD_CHEX_GD_ZS,PAN,_T,_T,_T,_Z,_Z,_Z,2009,A,PT_GDP,
4.871337,P1Y,0,,A,PU,_Z,2,,,False,WB_WDI,WB_WDI_SH_XPD_CHEX_GD_ZS,GNB,_T,_T,_T,_Z,_Z,_Z,2010,A,PT_GDP,
4.218977,P1Y,0,,A,PU,_Z,2,,,False,WB_WDI,WB_WDI_SH_XPD_CHEX_GD_ZS,GUY,_T,_T,_T,_Z,_Z,_Z,2010,A,PT_GDP,
4.54871,P1Y,0,,A,PU,_Z,2,,,False,WB_WDI,WB_WDI_SH_XPD_CHEX_GD_ZS,HTI,_T,_T,_T,_Z,_Z,_Z,2010,A,PT_GDP,
8.725364,P1Y,0,,A,PU,_Z,2,,,False,WB_WDI,WB_WDI_SH_XPD_CHEX_GD_ZS,HND,_T,_T,_T,_Z,_Z,_Z,2010,A,PT_GDP,
7.464204,P1Y,0,,A,PU,_Z,2,,,False,WB_WDI,WB_WDI_SH_XPD_CHEX_GD_ZS,HUN,_T,_T,_T,_Z,_Z,_Z,2010,A,PT_GDP,
8.361731,P1Y,0,,A,PU,_Z,2,,,False,WB_WDI,WB_WDI_SH_XPD_CHEX_GD_ZS,ISL,_T,_T,_T,_Z,_Z,_Z,2010,A,PT_GDP,
3.336259,P1Y,0,,A,PU,_Z,2,,,False,WB_WDI,WB_WDI_SH_XPD_CHEX_GD_ZS,IND,_T,_T,_T,_Z,_Z,_Z,2010,A,PT_GDP,
2.790878,P1Y,0,,A,PU,_Z,2,,,False,WB_WDI,WB_WDI_SH_XPD_CHEX_GD_ZS,IDN,_T,_T,_T,_Z,_Z,_Z,2010,A,PT_GDP,
6.291531,P1Y,0,,A,PU,_Z,2,,,False,WB_WDI,WB_WDI_SH_XPD_CHEX_GD_ZS,IRN,_T,_T,_T,_Z,_Z,_Z,2010,A,PT_GDP,
3.239553,P1Y,0,,A,PU,_Z,2,,,False,WB_WDI,WB_WDI_SH_XPD_CHEX_GD_ZS,IRQ,_T,_T,_T,_Z,_Z,_Z,2010,A,PT_GDP,
9.328544,P1Y,0,,A,PU,_Z,2,,,False,WB_WDI,WB_WDI_SH_XPD_CHEX_GD_ZS,ISL,_T,_T,_T,_Z,_Z,_Z,2004,A,PT_GDP,
4.026795,P1Y,0,,A,PU,_Z,2,,,False,WB_WDI,WB_WDI_SH_XPD_CHEX_GD_ZS,IND,_T,_T,_T,_Z,_Z,_Z,2004,A,PT_GDP,
2.120023,P1Y,0,,A,PU,_Z,2,,,False,WB_WDI,WB_WDI_SH_XPD_CHEX_GD_ZS,IDN,_T,_T,_T,_Z,_Z,_Z,2004,A,PT_GDP,
5.128014,P1Y,0,,A,PU,_Z,2,,,False,WB_WDI,WB_WDI_SH_XPD_CHEX_GD_ZS,IRN,_T,_T,_T,_Z,_Z,_Z,2004,A,PT_GDP,
3.901286,P1Y,0,,A,PU,_Z,2,,,False,WB_WDI,WB_WDI_SH_XPD_CHEX_GD_ZS,IRQ,_T,_T,_T,_Z,_Z,_Z,2004,A,PT_GDP,
7.219729,P1Y,0,,A,PU,_Z,2,,,False,WB_WDI,WB_WDI_SH_XPD_CHEX_GD_ZS,IRL,_T,_T,_T,_Z,_Z,_Z,2004,A,PT_GDP,
6.79697,P1Y,0,,A,PU,_Z,2,,,False,WB_WDI,WB_WDI_SH_XPD_CHEX_GD_ZS,ISR,_T,_T,_T,_Z,_Z,_Z,2004,A,PT_GDP,
8.137269,P1Y,0,,A,PU,_Z,2,,,False,WB_WDI,WB_WDI_SH_XPD_CHEX_GD_ZS,ITA,_T,_T,_T,_Z,_Z,_Z,2004,A,PT_GDP,
5.837667,P1Y,0,,A,PU,_Z,2,,,False,WB_WDI,WB_WDI_SH_XPD_CHEX_GD_ZS,JAM,_T,_T,_T,_Z,_Z,_Z,2004,A,PT_GDP,
7.535184,P1Y,0,,A,PU,_Z,2,,,False,WB_WDI,WB_WDI_SH_XPD_CHEX_GD_ZS,JPN,_T,_T,_T,_Z,_Z,_Z,2004,A,PT_GDP,
8.746705,P1Y,0,,A,PU,_Z,2,,,False,WB_WDI,WB_WDI_SH_XPD_CHEX_GD_ZS,JOR,_T,_T,_T,_Z,_Z,_Z,2004,A,PT_GDP,
3.983077,P1Y,0,,A,PU,_Z,2,,,False,WB_WDI,WB_WDI_SH_XPD_CHEX_GD_ZS,KAZ,_T,_T,_T,_Z,_Z,_Z,2004,A,PT_GDP,
5.963069,P1Y,0,,A,PU,_Z,2,,,False,WB_WDI,WB_WDI_SH_XPD_CHEX_GD_ZS,GTM,_T,_T,_T,_Z,_Z,_Z,2011,A,PT_GDP,
3.789551,P1Y,0,,A,PU,_Z,2,,,False,WB_WDI,WB_WDI_SH_XPD_CHEX_GD_ZS,GIN,_T,_T,_T,_Z,_Z,_Z,2011,A,PT_GDP,
6.216348,P1Y,0,,A,PU,_Z,2,,,False,WB_WDI,WB_WDI_SH_XPD_CHEX_GD_ZS,GNB,_T,_T,_T,_Z,_Z,_Z,2011,A,PT_GDP,
4.172135,P1Y,0,,A,PU,_Z,2,,,False,WB_WDI,WB_WDI_SH_XPD_CHEX_GD_ZS,GUY,_T,_T,_T,_Z,_Z,_Z,2011,A,PT_GDP,
5.911978,P1Y,0,,A,PU,_Z,2,,,False,WB_WDI,WB_WDI_SH_XPD_CHEX_GD_ZS,HTI,_T,_T,_T,_Z,_Z,_Z,2011,A,PT_GDP,
8.79187,P1Y,0,,A,PU,_Z,2,,,False,WB_WDI,WB_WDI_SH_XPD_CHEX_GD_ZS,HND,_T,_T,_T,_Z,_Z,_Z,2011,A,PT_GDP,
7.493423,P1Y,0,,A,PU,_Z,2,,,False,WB_WDI,WB_WDI_SH_XPD_CHEX_GD_ZS,HUN,_T,_T,_T,_Z,_Z,_Z,2011,A,PT_GDP,
8.254989,P1Y,0,,A,PU,_Z,2,,,False,WB_WDI,WB_WDI_SH_XPD_CHEX_GD_ZS,ISL,_T,_T,_T,_Z,_Z,_Z,2011,A,PT_GDP,
3.246342,P1Y,0,,A,PU,_Z,2,,,False,WB_WDI,WB_WDI_SH_XPD_CHEX_GD_ZS,IND,_T,_T,_T,_Z,_Z,_Z,2011,A,PT_GDP,
2.989425,P1Y,0,,A,PU,_Z,2,,,False,WB_WDI,WB_WDI_SH_XPD_CHEX_GD_ZS,IDN,_T,_T,_T,_Z,_Z,_Z,2011,A,PT_GDP,
4.507416,P1Y,0,,A,PU,_Z,2,,,False,WB_WDI,WB_WDI_SH_XPD_CHEX_GD_ZS,TON,_T,_T,_T,_Z,_Z,_Z,2004,A,PT_GDP,
4.308052,P1Y,0,,A,PU,_Z,2,,,False,WB_WDI,WB_WDI_SH_XPD_CHEX_GD_ZS,TTO,_T,_T,_T,_Z,_Z,_Z,2004,A,PT_GDP,
5.198908,P1Y,0,,A,PU,_Z,2,,,False,WB_WDI,WB_WDI_SH_XPD_CHEX_GD_ZS,TUN,_T,_T,_T,_Z,_Z,_Z,2004,A,PT_GDP,
4.909645,P1Y,0,,A,PU,_Z,2,,,False,WB_WDI,WB_WDI_SH_XPD_CHEX_GD_ZS,TUR,_T,_T,_T,_Z,_Z,_Z,2004,A,PT_GDP,
6.186523,P1Y,0,,A,PU,_Z,2,,,False,WB_WDI,WB_WDI_SH_XPD_CHEX_GD_ZS,TKM,_T,_T,_T,_Z,_Z,_Z,2004,A,PT_GDP,
9.331497,P1Y,0,,A,PU,_Z,2,,,False,WB_WDI,WB_WDI_SH_XPD_CHEX_GD_ZS,TUV,_T,_T,_T,_Z,_Z,_Z,2004,A,PT_GDP,
4.700222,P1Y,0,,A,PU,_Z,2,,,False,WB_WDI,WB_WDI_SH_XPD_CHEX_GD_ZS,UGA,_T,_T,_T,_Z,_Z,_Z,2004,A,PT_GDP,
6.16857,P1Y,0,,A,PU,_Z,2,,,False,WB_WDI,WB_WDI_SH_XPD_CHEX_GD_ZS,UKR,_T,_T,_T,_Z,_Z,_Z,2004,A,PT_GDP,
2.462256,P1Y,0,,A,PU,_Z,2,,,False,WB_WDI,WB_WDI_SH_XPD_CHEX_GD_ZS,ARE,_T,_T,_T,_Z,_Z,_Z,2004,A,PT_GDP,
8.32219,P1Y,0,,A,PU,_Z,2,,,False,WB_WDI,WB_WDI_SH_XPD_CHEX_GD_ZS,GBR,_T,_T,_T,_Z,_Z,_Z,2004,A,PT_GDP,
14.551231,P1Y,0,,A,PU,_Z,2,,,False,WB_WDI,WB_WDI_SH_XPD_CHEX_GD_ZS,USA,_T,_T,_T,_Z,_Z,_Z,2004,A,PT_GDP,
8.266182,P1Y,0,,A,PU,_Z,2,,,False,WB_WDI,WB_WDI_SH_XPD_CHEX_GD_ZS,URY,_T,_T,_T,_Z,_Z,_Z,2004,A,PT_GDP,
9.066234,P1Y,0,,A,PU,_Z,2,,,False,WB_WDI,WB_WDI_SH_XPD_CHEX_GD_ZS,CAN,_T,_T,_T,_Z,_Z,_Z,2004,A,PT_GDP,
4.143679,P1Y,0,,A,PU,_Z,2,,,False,WB_WDI,WB_WDI_SH_XPD_CHEX_GD_ZS,CAF,_T,_T,_T,_Z,_Z,_Z,2004,A,PT_GDP,
4.239829,P1Y,0,,A,PU,_Z,2,,,False,WB_WDI,WB_WDI_SH_XPD_CHEX_GD_ZS,TCD,_T,_T,_T,_Z,_Z,_Z,2004,A,PT_GDP,
6.910286,P1Y,0,,A,PU,_Z,2,,,False,WB_WDI,WB_WDI_SH_XPD_CHEX_GD_ZS,CHL,_T,_T,_T,_Z,_Z,_Z,2004,A,PT_GDP,
4.229491,P1Y,0,,A,PU,_Z,2,,,False,WB_WDI,WB_WDI_SH_XPD_CHEX_GD_ZS,CHN,_T,_T,_T,_Z,_Z,_Z,2004,A,PT_GDP,
5.798921,P1Y,0,,A,PU,_Z,2,,,False,WB_WDI,WB_WDI_SH_XPD_CHEX_GD_ZS,COL,_T,_T,_T,_Z,_Z,_Z,2004,A,PT_GDP,
6.585762,P1Y,0,,A,PU,_Z,2,,,False,WB_WDI,WB_WDI_SH_XPD_CHEX_GD_ZS,COM,_T,_T,_T,_Z,_Z,_Z,2004,A,PT_GDP,
4.335642,P1Y,0,,A,PU,_Z,2,,,False,WB_WDI,WB_WDI_SH_XPD_CHEX_GD_ZS,COD,_T,_T,_T,_Z,_Z,_Z,2004,A,PT_GDP,
1.921524,P1Y,0,,A,PU,_Z,2,,,False,WB_WDI,WB_WDI_SH_XPD_CHEX_GD_ZS,COG,_T,_T,_T,_Z,_Z,_Z,2004,A,PT_GDP,
6.630061,P1Y,0,,A,PU,_Z,2,,,False,WB_WDI,WB_WDI_SH_XPD_CHEX_GD_ZS,CRI,_T,_T,_T,_Z,_Z,_Z,2004,A,PT_GDP,
4.021487,P1Y,0,,A,PU,_Z,2,,,False,WB_WDI,WB_WDI_SH_XPD_CHEX_GD_ZS,CIV,_T,_T,_T,_Z,_Z,_Z,2004,A,PT_GDP,
7.343166,P1Y,0,,A,PU,_Z,2,,,False,WB_WDI,WB_WDI_SH_XPD_CHEX_GD_ZS,HND,_T,_T,_T,_Z,_Z,_Z,2019,A,PT_GDP,
6.246778,P1Y,0,,A,PU,_Z,2,,,False,WB_WDI,WB_WDI_SH_XPD_CHEX_GD_ZS,HUN,_T,_T,_T,_Z,_Z,_Z,2019,A,PT_GDP,
8.639963,P1Y,0,,A,PU,_Z,2,,,False,WB_WDI,WB_WDI_SH_XPD_CHEX_GD_ZS,ISL,_T,_T,_T,_Z,_Z,_Z,2019,A,PT_GDP,
2.952998,P1Y,0,,A,PU,_Z,2,,,False,WB_WDI,WB_WDI_SH_XPD_CHEX_GD_ZS,IND,_T,_T,_T,_Z,_Z,_Z,2019,A,PT_GDP,
2.878629,P1Y,0,,A,PU,_Z,2,,,False,WB_WDI,WB_WDI_SH_XPD_CHEX_GD_ZS,IDN,_T,_T,_T,_Z,_Z,_Z,2019,A,PT_GDP,
6.234268,P1Y,0,,A,PU,_Z,2,,,False,WB_WDI,WB_WDI_SH_XPD_CHEX_GD_ZS,IRN,_T,_T,_T,_Z,_Z,_Z,2019,A,PT_GDP,
4.207232,P1Y,0,,A,PU,_Z,2,,,False,WB_WDI,WB_WDI_SH_XPD_CHEX_GD_ZS,IRQ,_T,_T,_T,_Z,_Z,_Z,2019,A,PT_GDP,
6.618606,P1Y,0,,A,PU,_Z,2,,,False,WB_WDI,WB_WDI_SH_XPD_CHEX_GD_ZS,IRL,_T,_T,_T,_Z,_Z,_Z,2019,A,PT_GDP,
7.207019,P1Y,0,,A,PU,_Z,2,,,False,WB_WDI,WB_WDI_SH_XPD_CHEX_GD_ZS,ISR,_T,_T,_T,_Z,_Z,_Z,2019,A,PT_GDP,
9.46475,P1Y,0,,A,PU,_Z,2,,,False,WB_WDI,WB_WDI_SH_XPD_CHEX_GD_ZS,BRA,_T,_T,_T,_Z,_Z,_Z,2018,A,PT_GDP,
2.416009,P1Y,0,,A,PU,_Z,2,,,False,WB_WDI,WB_WDI_SH_XPD_CHEX_GD_ZS,BRN,_T,_T,_T,_Z,_Z,_Z,2018,A,PT_GDP,
7.340863,P1Y,0,,A,PU,_Z,2,,,False,WB_WDI,WB_WDI_SH_XPD_CHEX_GD_ZS,BGR,_T,_T,_T,_Z,_Z,_Z,2018,A,PT_GDP,
4.944277,P1Y,0,,A,PU,_Z,2,,,False,WB_WDI,WB_WDI_SH_XPD_CHEX_GD_ZS,BFA,_T,_T,_T,_Z,_Z,_Z,2018,A,PT_GDP,
7.293962,P1Y,0,,A,PU,_Z,2,,,False,WB_WDI,WB_WDI_SH_XPD_CHEX_GD_ZS,BDI,_T,_T,_T,_Z,_Z,_Z,2018,A,PT_GDP,
4.785482,P1Y,0,,A,PU,_Z,2,,,False,WB_WDI,WB_WDI_SH_XPD_CHEX_GD_ZS,CPV,_T,_T,_T,_Z,_Z,_Z,2018,A,PT_GDP,
4.497078,P1Y,0,,A,PU,_Z,2,,,False,WB_WDI,WB_WDI_SH_XPD_CHEX_GD_ZS,KHM,_T,_T,_T,_Z,_Z,_Z,2018,A,PT_GDP,
3.619702,P1Y,0,,A,PU,_Z,2,,,False,WB_WDI,WB_WDI_SH_XPD_CHEX_GD_ZS,CMR,_T,_T,_T,_Z,_Z,_Z,2018,A,PT_GDP,
10.922621,P1Y,0,,A,PU,_Z,2,,,False,WB_WDI,WB_WDI_SH_XPD_CHEX_GD_ZS,CAN,_T,_T,_T,_Z,_Z,_Z,2018,A,PT_GDP,
5.685251,P1Y,0,,A,PU,_Z,2,,,False,WB_WDI,WB_WDI_SH_XPD_CHEX_GD_ZS,KOR,_T,_T,_T,_Z,_Z,_Z,2009,A,PT_GDP,
2.706388,P1Y,0,,A,PU,_Z,2,,,False,WB_WDI,WB_WDI_SH_XPD_CHEX_GD_ZS,KWT,_T,_T,_T,_Z,_Z,_Z,2009,A,PT_GDP,
6.898735,P1Y,0,,A,PU,_Z,2,,,False,WB_WDI,WB_WDI_SH_XPD_CHEX_GD_ZS,KGZ,_T,_T,_T,_Z,_Z,_Z,2009,A,PT_GDP,
3.463004,P1Y,0,,A,PU,_Z,2,,,False,WB_WDI,WB_WDI_SH_XPD_CHEX_GD_ZS,LAO,_T,_T,_T,_Z,_Z,_Z,2009,A,PT_GDP,
6.268324,P1Y,0,,A,PU,_Z,2,,,False,WB_WDI,WB_WDI_SH_XPD_CHEX_GD_ZS,LVA,_T,_T,_T,_Z,_Z,_Z,2009,A,PT_GDP,
7.007358,P1Y,0,,A,PU,_Z,2,,,False,WB_WDI,WB_WDI_SH_XPD_CHEX_GD_ZS,LBN,_T,_T,_T,_Z,_Z,_Z,2009,A,PT_GDP,
8.952983,P1Y,0,,A,PU,_Z,2,,,False,WB_WDI,WB_WDI_SH_XPD_CHEX_GD_ZS,LSO,_T,_T,_T,_Z,_Z,_Z,2009,A,PT_GDP,
8.985148,P1Y,0,,A,PU,_Z,2,,,False,WB_WDI,WB_WDI_SH_XPD_CHEX_GD_ZS,LBR,_T,_T,_T,_Z,_Z,_Z,2009,A,PT_GDP,
3.582881,P1Y,0,,A,PU,_Z,2,,,False,WB_WDI,WB_WDI_SH_XPD_CHEX_GD_ZS,LBY,_T,_T,_T,_Z,_Z,_Z,2009,A,PT_GDP,
7.344998,P1Y,0,,A,PU,_Z,2,,,False,WB_WDI,WB_WDI_SH_XPD_CHEX_GD_ZS,LTU,_T,_T,_T,_Z,_Z,_Z,2009,A,PT_GDP,
4.219934,P1Y,0,,A,PU,_Z,2,,,False,WB_WDI,WB_WDI_SH_XPD_CHEX_GD_ZS,MUS,_T,_T,_T,_Z,_Z,_Z,2012,A,PT_GDP,
5.421405,P1Y,0,,A,PU,_Z,2,,,False,WB_WDI,WB_WDI_SH_XPD_CHEX_GD_ZS,MEX,_T,_T,_T,_Z,_Z,_Z,2012,A,PT_GDP,
12.390774,P1Y,0,,A,PU,_Z,2,,,False,WB_WDI,WB_WDI_SH_XPD_CHEX_GD_ZS,FSM,_T,_T,_T,_Z,_Z,_Z,2012,A,PT_GDP,
9.139621,P1Y,0,,A,PU,_Z,2,,,False,WB_WDI,WB_WDI_SH_XPD_CHEX_GD_ZS,MDA,_T,_T,_T,_Z,_Z,_Z,2012,A,PT_GDP,
4.756768,P1Y,0,,A,PU,_Z,2,,,False,WB_WDI,WB_WDI_SH_XPD_CHEX_GD_ZS,MCO,_T,_T,_T,_Z,_Z,_Z,2012,A,PT_GDP,
3.858001,P1Y,0,,A,PU,_Z,2,,,False,WB_WDI,WB_WDI_SH_XPD_CHEX_GD_ZS,MNG,_T,_T,_T,_Z,_Z,_Z,2012,A,PT_GDP,
8.295505,P1Y,0,,A,PU,_Z,2,,,False,WB_WDI,WB_WDI_SH_XPD_CHEX_GD_ZS,MNE,_T,_T,_T,_Z,_Z,_Z,2012,A,PT_GDP,
5.39619,P1Y,0,,A,PU,_Z,2,,,False,WB_WDI,WB_WDI_SH_XPD_CHEX_GD_ZS,MAR,_T,_T,_T,_Z,_Z,_Z,2012,A,PT_GDP,
5.140357,P1Y,0,,A,PU,_Z,2,,,False,WB_WDI,WB_WDI_SH_XPD_CHEX_GD_ZS,MOZ,_T,_T,_T,_Z,_Z,_Z,2012,A,PT_GDP,
2.436052,P1Y,0,,A,PU,_Z,2,,,False,WB_WDI,WB_WDI_SH_XPD_CHEX_GD_ZS,MMR,_T,_T,_T,_Z,_Z,_Z,2012,A,PT_GDP,
10.203602,P1Y,0,,A,PU,_Z,2,,,False,WB_WDI,WB_WDI_SH_XPD_CHEX_GD_ZS,NAM,_T,_T,_T,_Z,_Z,_Z,2012,A,PT_GDP,
7.195062,P1Y,0,,A,PU,_Z,2,,,False,WB_WDI,WB_WDI_SH_XPD_CHEX_GD_ZS,UKR,_T,_T,_T,_Z,_Z,_Z,2014,A,PT_GDP,
3.534055,P1Y,0,,A,PU,_Z,2,,,False,WB_WDI,WB_WDI_SH_XPD_CHEX_GD_ZS,ARE,_T,_T,_T,_Z,_Z,_Z,2014,A,PT_GDP,
9.976862,P1Y,0,,A,PU,_Z,2,,,False,WB_WDI,WB_WDI_SH_XPD_CHEX_GD_ZS,GBR,_T,_T,_T,_Z,_Z,_Z,2014,A,PT_GDP,
16.141584,P1Y,0,,A,PU,_Z,2,,,False,WB_WDI,WB_WDI_SH_XPD_CHEX_GD_ZS,USA,_T,_T,_T,_Z,_Z,_Z,2014,A,PT_GDP,
8.038908,P1Y,0,,A,PU,_Z,2,,,False,WB_WDI,WB_WDI_SH_XPD_CHEX_GD_ZS,URY,_T,_T,_T,_Z,_Z,_Z,2014,A,PT_GDP,
4.430924,P1Y,0,,A,PU,_Z,2,,,False,WB_WDI,WB_WDI_SH_XPD_CHEX_GD_ZS,UZB,_T,_T,_T,_Z,_Z,_Z,2014,A,PT_GDP,
3.640188,P1Y,0,,A,PU,_Z,2,,,False,WB_WDI,WB_WDI_SH_XPD_CHEX_GD_ZS,VUT,_T,_T,_T,_Z,_Z,_Z,2014,A,PT_GDP,
4.690788,P1Y,0,,A,PU,_Z,2,,,False,WB_WDI,WB_WDI_SH_XPD_CHEX_GD_ZS,VNM,_T,_T,_T,_Z,_Z,_Z,2014,A,PT_GDP,
9.920156,P1Y,0,,A,PU,_Z,2,,,False,WB_WDI,WB_WDI_SH_XPD_CHEX_GD_ZS,PSE,_T,_T,_T,_Z,_Z,_Z,2014,A,PT_GDP,
3.265617,P1Y,0,,A,PU,_Z,2,,,False,WB_WDI,WB_WDI_SH_XPD_CHEX_GD_ZS,GIN,_T,_T,_T,_Z,_Z,_Z,2008,A,PT_GDP,
5.352398,P1Y,0,,A,PU,_Z,2,,,False,WB_WDI,WB_WDI_SH_XPD_CHEX_GD_ZS,GNB,_T,_T,_T,_Z,_Z,_Z,2008,A,PT_GDP,
4.202422,P1Y,0,,A,PU,_Z,2,,,False,WB_WDI,WB_WDI_SH_XPD_CHEX_GD_ZS,GUY,_T,_T,_T,_Z,_Z,_Z,2008,A,PT_GDP,
3.757221,P1Y,0,,A,PU,_Z,2,,,False,WB_WDI,WB_WDI_SH_XPD_CHEX_GD_ZS,HTI,_T,_T,_T,_Z,_Z,_Z,2008,A,PT_GDP,
8.603626,P1Y,0,,A,PU,_Z,2,,,False,WB_WDI,WB_WDI_SH_XPD_CHEX_GD_ZS,HND,_T,_T,_T,_Z,_Z,_Z,2008,A,PT_GDP,
7.092757,P1Y,0,,A,PU,_Z,2,,,False,WB_WDI,WB_WDI_SH_XPD_CHEX_GD_ZS,HUN,_T,_T,_T,_Z,_Z,_Z,2008,A,PT_GDP,
8.343708,P1Y,0,,A,PU,_Z,2,,,False,WB_WDI,WB_WDI_SH_XPD_CHEX_GD_ZS,ISL,_T,_T,_T,_Z,_Z,_Z,2008,A,PT_GDP,
3.588561,P1Y,0,,A,PU,_Z,2,,,False,WB_WDI,WB_WDI_SH_XPD_CHEX_GD_ZS,IND,_T,_T,_T,_Z,_Z,_Z,2008,A,PT_GDP,
2.548423,P1Y,0,,A,PU,_Z,2,,,False,WB_WDI,WB_WDI_SH_XPD_CHEX_GD_ZS,IDN,_T,_T,_T,_Z,_Z,_Z,2008,A,PT_GDP,
5.039905,P1Y,0,,A,PU,_Z,2,,,False,WB_WDI,WB_WDI_SH_XPD_CHEX_GD_ZS,IRN,_T,_T,_T,_Z,_Z,_Z,2008,A,PT_GDP,
5.902929,P1Y,0,,A,PU,_Z,2,,,False,WB_WDI,WB_WDI_SH_XPD_CHEX_GD_ZS,KOR,_T,_T,_T,_Z,_Z,_Z,2011,A,PT_GDP,
2.333035,P1Y,0,,A,PU,_Z,2,,,False,WB_WDI,WB_WDI_SH_XPD_CHEX_GD_ZS,KWT,_T,_T,_T,_Z,_Z,_Z,2011,A,PT_GDP,
7.107292,P1Y,0,,A,PU,_Z,2,,,False,WB_WDI,WB_WDI_SH_XPD_CHEX_GD_ZS,KGZ,_T,_T,_T,_Z,_Z,_Z,2011,A,PT_GDP,
1.944575,P1Y,0,,A,PU,_Z,2,,,False,WB_WDI,WB_WDI_SH_XPD_CHEX_GD_ZS,LAO,_T,_T,_T,_Z,_Z,_Z,2011,A,PT_GDP,
5.917583,P1Y,0,,A,PU,_Z,2,,,False,WB_WDI,WB_WDI_SH_XPD_CHEX_GD_ZS,LVA,_T,_T,_T,_Z,_Z,_Z,2011,A,PT_GDP,
8.177444,P1Y,0,,A,PU,_Z,2,,,False,WB_WDI,WB_WDI_SH_XPD_CHEX_GD_ZS,LBN,_T,_T,_T,_Z,_Z,_Z,2011,A,PT_GDP,
8.994871,P1Y,0,,A,PU,_Z,2,,,False,WB_WDI,WB_WDI_SH_XPD_CHEX_GD_ZS,LSO,_T,_T,_T,_Z,_Z,_Z,2011,A,PT_GDP,
8.583996,P1Y,0,,A,PU,_Z,2,,,False,WB_WDI,WB_WDI_SH_XPD_CHEX_GD_ZS,LBR,_T,_T,_T,_Z,_Z,_Z,2011,A,PT_GDP,
4.01902,P1Y,0,,A,PU,_Z,2,,,False,WB_WDI,WB_WDI_SH_XPD_CHEX_GD_ZS,LBY,_T,_T,_T,_Z,_Z,_Z,2011,A,PT_GDP,
6.540177,P1Y,0,,A,PU,_Z,2,,,False,WB_WDI,WB_WDI_SH_XPD_CHEX_GD_ZS,LTU,_T,_T,_T,_Z,_Z,_Z,2011,A,PT_GDP,
6.153069,P1Y,0,,A,PU,_Z,2,,,False,WB_WDI,WB_WDI_SH_XPD_CHEX_GD_ZS,GTM,_T,_T,_T,_Z,_Z,_Z,2003,A,PT_GDP,
4.772165,P1Y,0,,A,PU,_Z,2,,,False,WB_WDI,WB_WDI_SH_XPD_CHEX_GD_ZS,GIN,_T,_T,_T,_Z,_Z,_Z,2003,A,PT_GDP,
3.502014,P1Y,0,,A,PU,_Z,2,,,False,WB_WDI,WB_WDI_SH_XPD_CHEX_GD_ZS,GNB,_T,_T,_T,_Z,_Z,_Z,2003,A,PT_GDP,
3.268842,P1Y,0,,A,PU,_Z,2,,,False,WB_WDI,WB_WDI_SH_XPD_CHEX_GD_ZS,GUY,_T,_T,_T,_Z,_Z,_Z,2003,A,PT_GDP,
3.536953,P1Y,0,,A,PU,_Z,2,,,False,WB_WDI,WB_WDI_SH_XPD_CHEX_GD_ZS,HTI,_T,_T,_T,_Z,_Z,_Z,2003,A,PT_GDP,
6.890047,P1Y,0,,A,PU,_Z,2,,,False,WB_WDI,WB_WDI_SH_XPD_CHEX_GD_ZS,HND,_T,_T,_T,_Z,_Z,_Z,2003,A,PT_GDP,
8.129865,P1Y,0,,A,PU,_Z,2,,,False,WB_WDI,WB_WDI_SH_XPD_CHEX_GD_ZS,HUN,_T,_T,_T,_Z,_Z,_Z,2003,A,PT_GDP,
9.729302,P1Y,0,,A,PU,_Z,2,,,False,WB_WDI,WB_WDI_SH_XPD_CHEX_GD_ZS,ISL,_T,_T,_T,_Z,_Z,_Z,2003,A,PT_GDP,
4.078777,P1Y,0,,A,PU,_Z,2,,,False,WB_WDI,WB_WDI_SH_XPD_CHEX_GD_ZS,IND,_T,_T,_T,_Z,_Z,_Z,2003,A,PT_GDP,
2.248372,P1Y,0,,A,PU,_Z,2,,,False,WB_WDI,WB_WDI_SH_XPD_CHEX_GD_ZS,IDN,_T,_T,_T,_Z,_Z,_Z,2003,A,PT_GDP,
4.955892,P1Y,0,,A,PU,_Z,2,,,False,WB_WDI,WB_WDI_SH_XPD_CHEX_GD_ZS,IRN,_T,_T,_T,_Z,_Z,_Z,2003,A,PT_GDP,
8.298793,P1Y,0,,A,PU,_Z,2,,,True,WB_WDI,WB_WDI_SH_XPD_CHEX_GD_ZS,NIC,_T,_T,_T,_Z,_Z,_Z,2023,A,PT_GDP,
4.048958,P1Y,0,,A,PU,_Z,2,,,True,WB_WDI,WB_WDI_SH_XPD_CHEX_GD_ZS,NER,_T,_T,_T,_Z,_Z,_Z,2023,A,PT_GDP,
4.190865,P1Y,0,,A,PU,_Z,2,,,True,WB_WDI,WB_WDI_SH_XPD_CHEX_GD_ZS,NGA,_T,_T,_T,_Z,_Z,_Z,2023,A,PT_GDP,
7.427303,P1Y,0,,A,PU,_Z,2,,,True,WB_WDI,WB_WDI_SH_XPD_CHEX_GD_ZS,MKD,_T,_T,_T,_Z,_Z,_Z,2023,A,PT_GDP,
9.429255,P1Y,0,,A,PU,_Z,2,,,True,WB_WDI,WB_WDI_SH_XPD_CHEX_GD_ZS,NOR,_T,_T,_T,_Z,_Z,_Z,2023,A,PT_GDP,
3.490474,P1Y,0,,A,PU,_Z,2,,,True,WB_WDI,WB_WDI_SH_XPD_CHEX_GD_ZS,OMN,_T,_T,_T,_Z,_Z,_Z,2023,A,PT_GDP,
2.519883,P1Y,0,,A,PU,_Z,2,,,True,WB_WDI,WB_WDI_SH_XPD_CHEX_GD_ZS,PAK,_T,_T,_T,_Z,_Z,_Z,2023,A,PT_GDP,
10.854682,P1Y,0,,A,PU,_Z,2,,,True,WB_WDI,WB_WDI_SH_XPD_CHEX_GD_ZS,PLW,_T,_T,_T,_Z,_Z,_Z,2023,A,PT_GDP,
8.33023,P1Y,0,,A,PU,_Z,2,,,True,WB_WDI,WB_WDI_SH_XPD_CHEX_GD_ZS,PAN,_T,_T,_T,_Z,_Z,_Z,2023,A,PT_GDP,
2.870814,P1Y,0,,A,PU,_Z,2,,,True,WB_WDI,WB_WDI_SH_XPD_CHEX_GD_ZS,PNG,_T,_T,_T,_Z,_Z,_Z,2023,A,PT_GDP,
8.357313,P1Y,0,,A,PU,_Z,2,,,True,WB_WDI,WB_WDI_SH_XPD_CHEX_GD_ZS,PRY,_T,_T,_T,_Z,_Z,_Z,2023,A,PT_GDP,
5.637864,P1Y,0,,A,PU,_Z,2,,,True,WB_WDI,WB_WDI_SH_XPD_CHEX_GD_ZS,PER,_T,_T,_T,_Z,_Z,_Z,2023,A,PT_GDP,
2.475569,P1Y,0,,A,PU,_Z,2,,,False,WB_WDI,WB_WDI_SH_XPD_CHEX_GD_ZS,GAB,_T,_T,_T,_Z,_Z,_Z,2010,A,PT_GDP,
4.119441,P1Y,0,,A,PU,_Z,2,,,False,WB_WDI,WB_WDI_SH_XPD_CHEX_GD_ZS,GMB,_T,_T,_T,_Z,_Z,_Z,2010,A,PT_GDP,
9.021237,P1Y,0,,A,PU,_Z,2,,,False,WB_WDI,WB_WDI_SH_XPD_CHEX_GD_ZS,GEO,_T,_T,_T,_Z,_Z,_Z,2010,A,PT_GDP,
10.831174,P1Y,0,,A,PU,_Z,2,,,False,WB_WDI,WB_WDI_SH_XPD_CHEX_GD_ZS,DEU,_T,_T,_T,_Z,_Z,_Z,2010,A,PT_GDP,
4.523029,P1Y,0,,A,PU,_Z,2,,,False,WB_WDI,WB_WDI_SH_XPD_CHEX_GD_ZS,GHA,_T,_T,_T,_Z,_Z,_Z,2010,A,PT_GDP,
9.619525,P1Y,0,,A,PU,_Z,2,,,False,WB_WDI,WB_WDI_SH_XPD_CHEX_GD_ZS,GRC,_T,_T,_T,_Z,_Z,_Z,2010,A,PT_GDP,
5.418812,P1Y,0,,A,PU,_Z,2,,,False,WB_WDI,WB_WDI_SH_XPD_CHEX_GD_ZS,GRD,_T,_T,_T,_Z,_Z,_Z,2010,A,PT_GDP,
6.12478,P1Y,0,,A,PU,_Z,2,,,False,WB_WDI,WB_WDI_SH_XPD_CHEX_GD_ZS,GTM,_T,_T,_T,_Z,_Z,_Z,2010,A,PT_GDP,
3.427817,P1Y,0,,A,PU,_Z,2,,,False,WB_WDI,WB_WDI_SH_XPD_CHEX_GD_ZS,GIN,_T,_T,_T,_Z,_Z,_Z,2010,A,PT_GDP,
3.453369,P1Y,0,,A,PU,_Z,2,,,False,WB_WDI,WB_WDI_SH_XPD_CHEX_GD_ZS,ETH,_T,_T,_T,_Z,_Z,_Z,2017,A,PT_GDP,
3.186896,P1Y,0,,A,PU,_Z,2,,,False,WB_WDI,WB_WDI_SH_XPD_CHEX_GD_ZS,FJI,_T,_T,_T,_Z,_Z,_Z,2017,A,PT_GDP,
9.191484,P1Y,0,,A,PU,_Z,2,,,False,WB_WDI,WB_WDI_SH_XPD_CHEX_GD_ZS,FIN,_T,_T,_T,_Z,_Z,_Z,2017,A,PT_GDP,
11.449446,P1Y,0,,A,PU,_Z,2,,,False,WB_WDI,WB_WDI_SH_XPD_CHEX_GD_ZS,FRA,_T,_T,_T,_Z,_Z,_Z,2017,A,PT_GDP,
2.780689,P1Y,0,,A,PU,_Z,2,,,False,WB_WDI,WB_WDI_SH_XPD_CHEX_GD_ZS,GAB,_T,_T,_T,_Z,_Z,_Z,2017,A,PT_GDP,
3.354493,P1Y,0,,A,PU,_Z,2,,,False,WB_WDI,WB_WDI_SH_XPD_CHEX_GD_ZS,GMB,_T,_T,_T,_Z,_Z,_Z,2017,A,PT_GDP,
8.701403,P1Y,0,,A,PU,_Z,2,,,False,WB_WDI,WB_WDI_SH_XPD_CHEX_GD_ZS,GEO,_T,_T,_T,_Z,_Z,_Z,2017,A,PT_GDP,
11.050911,P1Y,0,,A,PU,_Z,2,,,False,WB_WDI,WB_WDI_SH_XPD_CHEX_GD_ZS,DEU,_T,_T,_T,_Z,_Z,_Z,2017,A,PT_GDP,
2.68787,P1Y,0,,A,PU,_Z,2,,,False,WB_WDI,WB_WDI_SH_XPD_CHEX_GD_ZS,GHA,_T,_T,_T,_Z,_Z,_Z,2017,A,PT_GDP,
8.113369,P1Y,0,,A,PU,_Z,2,,,False,WB_WDI,WB_WDI_SH_XPD_CHEX_GD_ZS,GRC,_T,_T,_T,_Z,_Z,_Z,2017,A,PT_GDP,
10.094522,P1Y,0,,A,PU,_Z,2,,,False,WB_WDI,WB_WDI_SH_XPD_CHEX_GD_ZS,NLD,_T,_T,_T,_Z,_Z,_Z,2010,A,PT_GDP,
9.095111,P1Y,0,,A,PU,_Z,2,,,False,WB_WDI,WB_WDI_SH_XPD_CHEX_GD_ZS,NZL,_T,_T,_T,_Z,_Z,_Z,2010,A,PT_GDP,
7.710192,P1Y,0,,A,PU,_Z,2,,,False,WB_WDI,WB_WDI_SH_XPD_CHEX_GD_ZS,NIC,_T,_T,_T,_Z,_Z,_Z,2010,A,PT_GDP,
4.961005,P1Y,0,,A,PU,_Z,2,,,False,WB_WDI,WB_WDI_SH_XPD_CHEX_GD_ZS,NER,_T,_T,_T,_Z,_Z,_Z,2010,A,PT_GDP,
3.296533,P1Y,0,,A,PU,_Z,2,,,False,WB_WDI,WB_WDI_SH_XPD_CHEX_GD_ZS,NGA,_T,_T,_T,_Z,_Z,_Z,2010,A,PT_GDP,
6.713697,P1Y,0,,A,PU,_Z,2,,,False,WB_WDI,WB_WDI_SH_XPD_CHEX_GD_ZS,MKD,_T,_T,_T,_Z,_Z,_Z,2010,A,PT_GDP,
8.858115,P1Y,0,,A,PU,_Z,2,,,False,WB_WDI,WB_WDI_SH_XPD_CHEX_GD_ZS,NOR,_T,_T,_T,_Z,_Z,_Z,2010,A,PT_GDP,
2.475886,P1Y,0,,A,PU,_Z,2,,,False,WB_WDI,WB_WDI_SH_XPD_CHEX_GD_ZS,OMN,_T,_T,_T,_Z,_Z,_Z,2010,A,PT_GDP,
2.429677,P1Y,0,,A,PU,_Z,2,,,False,WB_WDI,WB_WDI_SH_XPD_CHEX_GD_ZS,PAK,_T,_T,_T,_Z,_Z,_Z,2010,A,PT_GDP,
10.931,P1Y,0,,A,PU,_Z,2,,,False,WB_WDI,WB_WDI_SH_XPD_CHEX_GD_ZS,PLW,_T,_T,_T,_Z,_Z,_Z,2010,A,PT_GDP,
3.535876,P1Y,0,,A,PU,_Z,2,,,False,WB_WDI,WB_WDI_SH_XPD_CHEX_GD_ZS,FJI,_T,_T,_T,_Z,_Z,_Z,2009,A,PT_GDP,
9.161828,P1Y,0,,A,PU,_Z,2,,,False,WB_WDI,WB_WDI_SH_XPD_CHEX_GD_ZS,FIN,_T,_T,_T,_Z,_Z,_Z,2009,A,PT_GDP,
11.290955,P1Y,0,,A,PU,_Z,2,,,False,WB_WDI,WB_WDI_SH_XPD_CHEX_GD_ZS,FRA,_T,_T,_T,_Z,_Z,_Z,2009,A,PT_GDP,
3.780767,P1Y,0,,A,PU,_Z,2,,,False,WB_WDI,WB_WDI_SH_XPD_CHEX_GD_ZS,GAB,_T,_T,_T,_Z,_Z,_Z,2009,A,PT_GDP,
4.464306,P1Y,0,,A,PU,_Z,2,,,False,WB_WDI,WB_WDI_SH_XPD_CHEX_GD_ZS,GMB,_T,_T,_T,_Z,_Z,_Z,2009,A,PT_GDP,
9.566816,P1Y,0,,A,PU,_Z,2,,,False,WB_WDI,WB_WDI_SH_XPD_CHEX_GD_ZS,GEO,_T,_T,_T,_Z,_Z,_Z,2009,A,PT_GDP,
10.970031,P1Y,0,,A,PU,_Z,2,,,False,WB_WDI,WB_WDI_SH_XPD_CHEX_GD_ZS,DEU,_T,_T,_T,_Z,_Z,_Z,2009,A,PT_GDP,
4.177177,P1Y,0,,A,PU,_Z,2,,,False,WB_WDI,WB_WDI_SH_XPD_CHEX_GD_ZS,GHA,_T,_T,_T,_Z,_Z,_Z,2009,A,PT_GDP,
9.535813,P1Y,0,,A,PU,_Z,2,,,False,WB_WDI,WB_WDI_SH_XPD_CHEX_GD_ZS,GRC,_T,_T,_T,_Z,_Z,_Z,2009,A,PT_GDP,
5.43471,P1Y,0,,A,PU,_Z,2,,,False,WB_WDI,WB_WDI_SH_XPD_CHEX_GD_ZS,GRD,_T,_T,_T,_Z,_Z,_Z,2009,A,PT_GDP,
5.102993,P1Y,0,,A,PU,_Z,2,,,False,WB_WDI,WB_WDI_SH_XPD_CHEX_GD_ZS,COM,_T,_T,_T,_Z,_Z,_Z,2013,A,PT_GDP,
3.340575,P1Y,0,,A,PU,_Z,2,,,False,WB_WDI,WB_WDI_SH_XPD_CHEX_GD_ZS,COD,_T,_T,_T,_Z,_Z,_Z,2013,A,PT_GDP,
1.943472,P1Y,0,,A,PU,_Z,2,,,False,WB_WDI,WB_WDI_SH_XPD_CHEX_GD_ZS,COG,_T,_T,_T,_Z,_Z,_Z,2013,A,PT_GDP,
7.682293,P1Y,0,,A,PU,_Z,2,,,False,WB_WDI,WB_WDI_SH_XPD_CHEX_GD_ZS,CRI,_T,_T,_T,_Z,_Z,_Z,2013,A,PT_GDP,
3.717738,P1Y,0,,A,PU,_Z,2,,,False,WB_WDI,WB_WDI_SH_XPD_CHEX_GD_ZS,CIV,_T,_T,_T,_Z,_Z,_Z,2013,A,PT_GDP,
6.372716,P1Y,0,,A,PU,_Z,2,,,False,WB_WDI,WB_WDI_SH_XPD_CHEX_GD_ZS,HRV,_T,_T,_T,_Z,_Z,_Z,2013,A,PT_GDP,
10.430995,P1Y,0,,A,PU,_Z,2,,,False,WB_WDI,WB_WDI_SH_XPD_CHEX_GD_ZS,CUB,_T,_T,_T,_Z,_Z,_Z,2013,A,PT_GDP,
6.927745,P1Y,0,,A,PU,_Z,2,,,False,WB_WDI,WB_WDI_SH_XPD_CHEX_GD_ZS,CYP,_T,_T,_T,_Z,_Z,_Z,2013,A,PT_GDP,
7.448313,P1Y,0,,A,PU,_Z,2,,,False,WB_WDI,WB_WDI_SH_XPD_CHEX_GD_ZS,CZE,_T,_T,_T,_Z,_Z,_Z,2013,A,PT_GDP,
10.29779,P1Y,0,,A,PU,_Z,2,,,False,WB_WDI,WB_WDI_SH_XPD_CHEX_GD_ZS,DNK,_T,_T,_T,_Z,_Z,_Z,2013,A,PT_GDP,
2.917821,P1Y,0,,A,PU,_Z,2,,,False,WB_WDI,WB_WDI_SH_XPD_CHEX_GD_ZS,DJI,_T,_T,_T,_Z,_Z,_Z,2013,A,PT_GDP,
8.615368,P1Y,0,,A,PU,_Z,2,,,False,WB_WDI,WB_WDI_SH_XPD_CHEX_GD_ZS,ITA,_T,_T,_T,_Z,_Z,_Z,2019,A,PT_GDP,
6.969456,P1Y,0,,A,PU,_Z,2,,,False,WB_WDI,WB_WDI_SH_XPD_CHEX_GD_ZS,JAM,_T,_T,_T,_Z,_Z,_Z,2019,A,PT_GDP,
10.969984,P1Y,0,,A,PU,_Z,2,,,False,WB_WDI,WB_WDI_SH_XPD_CHEX_GD_ZS,JPN,_T,_T,_T,_Z,_Z,_Z,2019,A,PT_GDP,
7.072446,P1Y,0,,A,PU,_Z,2,,,False,WB_WDI,WB_WDI_SH_XPD_CHEX_GD_ZS,JOR,_T,_T,_T,_Z,_Z,_Z,2019,A,PT_GDP,
2.871438,P1Y,0,,A,PU,_Z,2,,,False,WB_WDI,WB_WDI_SH_XPD_CHEX_GD_ZS,KAZ,_T,_T,_T,_Z,_Z,_Z,2019,A,PT_GDP,
4.368747,P1Y,0,,A,PU,_Z,2,,,False,WB_WDI,WB_WDI_SH_XPD_CHEX_GD_ZS,KEN,_T,_T,_T,_Z,_Z,_Z,2019,A,PT_GDP,
10.166002,P1Y,0,,A,PU,_Z,2,,,False,WB_WDI,WB_WDI_SH_XPD_CHEX_GD_ZS,KIR,_T,_T,_T,_Z,_Z,_Z,2019,A,PT_GDP,
7.693971,P1Y,0,,A,PU,_Z,2,,,False,WB_WDI,WB_WDI_SH_XPD_CHEX_GD_ZS,KOR,_T,_T,_T,_Z,_Z,_Z,2019,A,PT_GDP,
5.182004,P1Y,0,,A,PU,_Z,2,,,False,WB_WDI,WB_WDI_SH_XPD_CHEX_GD_ZS,KWT,_T,_T,_T,_Z,_Z,_Z,2019,A,PT_GDP,
4.254618,P1Y,0,,A,PU,_Z,2,,,False,WB_WDI,WB_WDI_SH_XPD_CHEX_GD_ZS,KGZ,_T,_T,_T,_Z,_Z,_Z,2019,A,PT_GDP,
5.196839,P1Y,0,,A,PU,_Z,2,,,False,WB_WDI,WB_WDI_SH_XPD_CHEX_GD_ZS,BFA,_T,_T,_T,_Z,_Z,_Z,2009,A,PT_GDP,
9.232385,P1Y,0,,A,PU,_Z,2,,,False,WB_WDI,WB_WDI_SH_XPD_CHEX_GD_ZS,BDI,_T,_T,_T,_Z,_Z,_Z,2009,A,PT_GDP,
3.55867,P1Y,0,,A,PU,_Z,2,,,False,WB_WDI,WB_WDI_SH_XPD_CHEX_GD_ZS,CPV,_T,_T,_T,_Z,_Z,_Z,2009,A,PT_GDP,
6.30897,P1Y,0,,A,PU,_Z,2,,,False,WB_WDI,WB_WDI_SH_XPD_CHEX_GD_ZS,KHM,_T,_T,_T,_Z,_Z,_Z,2009,A,PT_GDP,
3.499972,P1Y,0,,A,PU,_Z,2,,,False,WB_WDI,WB_WDI_SH_XPD_CHEX_GD_ZS,CMR,_T,_T,_T,_Z,_Z,_Z,2009,A,PT_GDP,
10.704025,P1Y,0,,A,PU,_Z,2,,,False,WB_WDI,WB_WDI_SH_XPD_CHEX_GD_ZS,CAN,_T,_T,_T,_Z,_Z,_Z,2009,A,PT_GDP,
4.683256,P1Y,0,,A,PU,_Z,2,,,False,WB_WDI,WB_WDI_SH_XPD_CHEX_GD_ZS,CAF,_T,_T,_T,_Z,_Z,_Z,2009,A,PT_GDP,
3.362601,P1Y,0,,A,PU,_Z,2,,,False,WB_WDI,WB_WDI_SH_XPD_CHEX_GD_ZS,TCD,_T,_T,_T,_Z,_Z,_Z,2009,A,PT_GDP,
7.250268,P1Y,0,,A,PU,_Z,2,,,False,WB_WDI,WB_WDI_SH_XPD_CHEX_GD_ZS,CHL,_T,_T,_T,_Z,_Z,_Z,2009,A,PT_GDP,
4.27632,P1Y,0,,A,PU,_Z,2,,,False,WB_WDI,WB_WDI_SH_XPD_CHEX_GD_ZS,CHN,_T,_T,_T,_Z,_Z,_Z,2009,A,PT_GDP,
7.009849,P1Y,0,,A,PU,_Z,2,,,False,WB_WDI,WB_WDI_SH_XPD_CHEX_GD_ZS,ERI,_T,_T,_T,_Z,_Z,_Z,2004,A,PT_GDP,
5.336411,P1Y,0,,A,PU,_Z,2,,,False,WB_WDI,WB_WDI_SH_XPD_CHEX_GD_ZS,EST,_T,_T,_T,_Z,_Z,_Z,2004,A,PT_GDP,
6.814325,P1Y,0,,A,PU,_Z,2,,,False,WB_WDI,WB_WDI_SH_XPD_CHEX_GD_ZS,SWZ,_T,_T,_T,_Z,_Z,_Z,2004,A,PT_GDP,
4.312819,P1Y,0,,A,PU,_Z,2,,,False,WB_WDI,WB_WDI_SH_XPD_CHEX_GD_ZS,ETH,_T,_T,_T,_Z,_Z,_Z,2004,A,PT_GDP,
3.257685,P1Y,0,,A,PU,_Z,2,,,False,WB_WDI,WB_WDI_SH_XPD_CHEX_GD_ZS,FJI,_T,_T,_T,_Z,_Z,_Z,2004,A,PT_GDP,
8.059992,P1Y,0,,A,PU,_Z,2,,,False,WB_WDI,WB_WDI_SH_XPD_CHEX_GD_ZS,FIN,_T,_T,_T,_Z,_Z,_Z,2004,A,PT_GDP,
10.211703,P1Y,0,,A,PU,_Z,2,,,False,WB_WDI,WB_WDI_SH_XPD_CHEX_GD_ZS,FRA,_T,_T,_T,_Z,_Z,_Z,2004,A,PT_GDP,
3.364986,P1Y,0,,A,PU,_Z,2,,,False,WB_WDI,WB_WDI_SH_XPD_CHEX_GD_ZS,GAB,_T,_T,_T,_Z,_Z,_Z,2004,A,PT_GDP,
5.420002,P1Y,0,,A,PU,_Z,2,,,False,WB_WDI,WB_WDI_SH_XPD_CHEX_GD_ZS,GMB,_T,_T,_T,_Z,_Z,_Z,2004,A,PT_GDP,
8.089108,P1Y,0,,A,PU,_Z,2,,,False,WB_WDI,WB_WDI_SH_XPD_CHEX_GD_ZS,GEO,_T,_T,_T,_Z,_Z,_Z,2004,A,PT_GDP,
9.974663,P1Y,0,,A,PU,_Z,2,,,False,WB_WDI,WB_WDI_SH_XPD_CHEX_GD_ZS,DEU,_T,_T,_T,_Z,_Z,_Z,2004,A,PT_GDP,
9.151229,P1Y,0,,A,PU,_Z,2,,,False,WB_WDI,WB_WDI_SH_XPD_CHEX_GD_ZS,ESP,_T,_T,_T,_Z,_Z,_Z,2014,A,PT_GDP,
3.467861,P1Y,0,,A,PU,_Z,2,,,False,WB_WDI,WB_WDI_SH_XPD_CHEX_GD_ZS,LKA,_T,_T,_T,_Z,_Z,_Z,2014,A,PT_GDP,
4.752966,P1Y,0,,A,PU,_Z,2,,,False,WB_WDI,WB_WDI_SH_XPD_CHEX_GD_ZS,KNA,_T,_T,_T,_Z,_Z,_Z,2014,A,PT_GDP,
4.683634,P1Y,0,,A,PU,_Z,2,,,False,WB_WDI,WB_WDI_SH_XPD_CHEX_GD_ZS,LCA,_T,_T,_T,_Z,_Z,_Z,2014,A,PT_GDP,
4.174313,P1Y,0,,A,PU,_Z,2,,,False,WB_WDI,WB_WDI_SH_XPD_CHEX_GD_ZS,VCT,_T,_T,_T,_Z,_Z,_Z,2014,A,PT_GDP,
5.676197,P1Y,0,,A,PU,_Z,2,,,False,WB_WDI,WB_WDI_SH_XPD_CHEX_GD_ZS,SDN,_T,_T,_T,_Z,_Z,_Z,2014,A,PT_GDP,
4.521278,P1Y,0,,A,PU,_Z,2,,,False,WB_WDI,WB_WDI_SH_XPD_CHEX_GD_ZS,SUR,_T,_T,_T,_Z,_Z,_Z,2014,A,PT_GDP,
11.072126,P1Y,0,,A,PU,_Z,2,,,False,WB_WDI,WB_WDI_SH_XPD_CHEX_GD_ZS,SWE,_T,_T,_T,_Z,_Z,_Z,2014,A,PT_GDP,
10.675119,P1Y,0,,A,PU,_Z,2,,,False,WB_WDI,WB_WDI_SH_XPD_CHEX_GD_ZS,CHE,_T,_T,_T,_Z,_Z,_Z,2014,A,PT_GDP,
4.231714,P1Y,0,,A,PU,_Z,2,,,False,WB_WDI,WB_WDI_SH_XPD_CHEX_GD_ZS,SYR,_T,_T,_T,_Z,_Z,_Z,2014,A,PT_GDP,
6.665497,P1Y,0,,A,PU,_Z,2,,,False,WB_WDI,WB_WDI_SH_XPD_CHEX_GD_ZS,TJK,_T,_T,_T,_Z,_Z,_Z,2014,A,PT_GDP,
4.409585,P1Y,0,,A,PU,_Z,2,,,False,WB_WDI,WB_WDI_SH_XPD_CHEX_GD_ZS,PER,_T,_T,_T,_Z,_Z,_Z,2006,A,PT_GDP,
3.777629,P1Y,0,,A,PU,_Z,2,,,False,WB_WDI,WB_WDI_SH_XPD_CHEX_GD_ZS,PHL,_T,_T,_T,_Z,_Z,_Z,2006,A,PT_GDP,
5.781484,P1Y,0,,A,PU,_Z,2,,,False,WB_WDI,WB_WDI_SH_XPD_CHEX_GD_ZS,POL,_T,_T,_T,_Z,_Z,_Z,2006,A,PT_GDP,
9.354226,P1Y,0,,A,PU,_Z,2,,,False,WB_WDI,WB_WDI_SH_XPD_CHEX_GD_ZS,PRT,_T,_T,_T,_Z,_Z,_Z,2006,A,PT_GDP,
2.288064,P1Y,0,,A,PU,_Z,2,,,False,WB_WDI,WB_WDI_SH_XPD_CHEX_GD_ZS,QAT,_T,_T,_T,_Z,_Z,_Z,2006,A,PT_GDP,
5.071061,P1Y,0,,A,PU,_Z,2,,,False,WB_WDI,WB_WDI_SH_XPD_CHEX_GD_ZS,ROU,_T,_T,_T,_Z,_Z,_Z,2006,A,PT_GDP,
4.766544,P1Y,0,,A,PU,_Z,2,,,False,WB_WDI,WB_WDI_SH_XPD_CHEX_GD_ZS,RUS,_T,_T,_T,_Z,_Z,_Z,2006,A,PT_GDP,
7.60512,P1Y,0,,A,PU,_Z,2,,,False,WB_WDI,WB_WDI_SH_XPD_CHEX_GD_ZS,RWA,_T,_T,_T,_Z,_Z,_Z,2006,A,PT_GDP,
4.884514,P1Y,0,,A,PU,_Z,2,,,False,WB_WDI,WB_WDI_SH_XPD_CHEX_GD_ZS,WSM,_T,_T,_T,_Z,_Z,_Z,2006,A,PT_GDP,
4.913619,P1Y,0,,A,PU,_Z,2,,,False,WB_WDI,WB_WDI_SH_XPD_CHEX_GD_ZS,SMR,_T,_T,_T,_Z,_Z,_Z,2006,A,PT_GDP,
7.105597,P1Y,0,,A,PU,_Z,2,,,False,WB_WDI,WB_WDI_SH_XPD_CHEX_GD_ZS,STP,_T,_T,_T,_Z,_Z,_Z,2006,A,PT_GDP,
4.936373,P1Y,0,,A,PU,_Z,2,,,False,WB_WDI,WB_WDI_SH_XPD_CHEX_GD_ZS,RUS,_T,_T,_T,_Z,_Z,_Z,2012,A,PT_GDP,
8.102147,P1Y,0,,A,PU,_Z,2,,,False,WB_WDI,WB_WDI_SH_XPD_CHEX_GD_ZS,RWA,_T,_T,_T,_Z,_Z,_Z,2012,A,PT_GDP,
4.988346,P1Y,0,,A,PU,_Z,2,,,False,WB_WDI,WB_WDI_SH_XPD_CHEX_GD_ZS,WSM,_T,_T,_T,_Z,_Z,_Z,2012,A,PT_GDP,
8.988837,P1Y,0,,A,PU,_Z,2,,,False,WB_WDI,WB_WDI_SH_XPD_CHEX_GD_ZS,SMR,_T,_T,_T,_Z,_Z,_Z,2012,A,PT_GDP,
7.072997,P1Y,0,,A,PU,_Z,2,,,False,WB_WDI,WB_WDI_SH_XPD_CHEX_GD_ZS,STP,_T,_T,_T,_Z,_Z,_Z,2012,A,PT_GDP,
3.987798,P1Y,0,,A,PU,_Z,2,,,False,WB_WDI,WB_WDI_SH_XPD_CHEX_GD_ZS,SAU,_T,_T,_T,_Z,_Z,_Z,2012,A,PT_GDP,
4.26688,P1Y,0,,A,PU,_Z,2,,,False,WB_WDI,WB_WDI_SH_XPD_CHEX_GD_ZS,SEN,_T,_T,_T,_Z,_Z,_Z,2012,A,PT_GDP,
8.957167,P1Y,0,,A,PU,_Z,2,,,False,WB_WDI,WB_WDI_SH_XPD_CHEX_GD_ZS,SRB,_T,_T,_T,_Z,_Z,_Z,2012,A,PT_GDP,
5.289684,P1Y,0,,A,PU,_Z,2,,,False,WB_WDI,WB_WDI_SH_XPD_CHEX_GD_ZS,SYC,_T,_T,_T,_Z,_Z,_Z,2012,A,PT_GDP,
5.927642,P1Y,0,,A,PU,_Z,2,,,False,WB_WDI,WB_WDI_SH_XPD_CHEX_GD_ZS,SLE,_T,_T,_T,_Z,_Z,_Z,2012,A,PT_GDP,
3.323928,P1Y,0,,A,PU,_Z,2,,,False,WB_WDI,WB_WDI_SH_XPD_CHEX_GD_ZS,SGP,_T,_T,_T,_Z,_Z,_Z,2012,A,PT_GDP,
11.020668,P1Y,0,,A,PU,_Z,2,,,False,WB_WDI,WB_WDI_SH_XPD_CHEX_GD_ZS,MDA,_T,_T,_T,_Z,_Z,_Z,2007,A,PT_GDP,
3.812329,P1Y,0,,A,PU,_Z,2,,,False,WB_WDI,WB_WDI_SH_XPD_CHEX_GD_ZS,MCO,_T,_T,_T,_Z,_Z,_Z,2007,A,PT_GDP,
4.075228,P1Y,0,,A,PU,_Z,2,,,False,WB_WDI,WB_WDI_SH_XPD_CHEX_GD_ZS,MNG,_T,_T,_T,_Z,_Z,_Z,2007,A,PT_GDP,
4.80759,P1Y,0,,A,PU,_Z,2,,,False,WB_WDI,WB_WDI_SH_XPD_CHEX_GD_ZS,MAR,_T,_T,_T,_Z,_Z,_Z,2007,A,PT_GDP,
3.799556,P1Y,0,,A,PU,_Z,2,,,False,WB_WDI,WB_WDI_SH_XPD_CHEX_GD_ZS,MOZ,_T,_T,_T,_Z,_Z,_Z,2007,A,PT_GDP,
2.036069,P1Y,0,,A,PU,_Z,2,,,False,WB_WDI,WB_WDI_SH_XPD_CHEX_GD_ZS,MMR,_T,_T,_T,_Z,_Z,_Z,2007,A,PT_GDP,
11.413729,P1Y,0,,A,PU,_Z,2,,,False,WB_WDI,WB_WDI_SH_XPD_CHEX_GD_ZS,NAM,_T,_T,_T,_Z,_Z,_Z,2007,A,PT_GDP,
24.23069,P1Y,0,,A,PU,_Z,2,,,False,WB_WDI,WB_WDI_SH_XPD_CHEX_GD_ZS,NRU,_T,_T,_T,_Z,_Z,_Z,2007,A,PT_GDP,
3.672975,P1Y,0,,A,PU,_Z,2,,,False,WB_WDI,WB_WDI_SH_XPD_CHEX_GD_ZS,NPL,_T,_T,_T,_Z,_Z,_Z,2007,A,PT_GDP,
9.000522,P1Y,0,,A,PU,_Z,2,,,False,WB_WDI,WB_WDI_SH_XPD_CHEX_GD_ZS,NLD,_T,_T,_T,_Z,_Z,_Z,2007,A,PT_GDP,
8.329,P1Y,0,,A,PU,_Z,2,,,False,WB_WDI,WB_WDI_SH_XPD_CHEX_GD_ZS,NZL,_T,_T,_T,_Z,_Z,_Z,2007,A,PT_GDP,
4.730963,P1Y,0,,A,PU,_Z,2,,,False,WB_WDI,WB_WDI_SH_XPD_CHEX_GD_ZS,KWT,_T,_T,_T,_Z,_Z,_Z,2016,A,PT_GDP,
6.412482,P1Y,0,,A,PU,_Z,2,,,False,WB_WDI,WB_WDI_SH_XPD_CHEX_GD_ZS,KGZ,_T,_T,_T,_Z,_Z,_Z,2016,A,PT_GDP,
2.360875,P1Y,0,,A,PU,_Z,2,,,False,WB_WDI,WB_WDI_SH_XPD_CHEX_GD_ZS,LAO,_T,_T,_T,_Z,_Z,_Z,2016,A,PT_GDP,
6.351845,P1Y,0,,A,PU,_Z,2,,,False,WB_WDI,WB_WDI_SH_XPD_CHEX_GD_ZS,LVA,_T,_T,_T,_Z,_Z,_Z,2016,A,PT_GDP,
7.92345,P1Y,0,,A,PU,_Z,2,,,False,WB_WDI,WB_WDI_SH_XPD_CHEX_GD_ZS,LBN,_T,_T,_T,_Z,_Z,_Z,2016,A,PT_GDP,
9.197443,P1Y,0,,A,PU,_Z,2,,,False,WB_WDI,WB_WDI_SH_XPD_CHEX_GD_ZS,LSO,_T,_T,_T,_Z,_Z,_Z,2016,A,PT_GDP,
9.885145,P1Y,0,,A,PU,_Z,2,,,False,WB_WDI,WB_WDI_SH_XPD_CHEX_GD_ZS,LBR,_T,_T,_T,_Z,_Z,_Z,2016,A,PT_GDP,
6.171787,P1Y,0,,A,PU,_Z,2,,,False,WB_WDI,WB_WDI_SH_XPD_CHEX_GD_ZS,LBY,_T,_T,_T,_Z,_Z,_Z,2016,A,PT_GDP,
5.852002,P1Y,0,,A,PU,_Z,2,,,False,WB_WDI,WB_WDI_SH_XPD_CHEX_GD_ZS,LIE,_T,_T,_T,_Z,_Z,_Z,2016,A,PT_GDP,
6.649288,P1Y,0,,A,PU,_Z,2,,,False,WB_WDI,WB_WDI_SH_XPD_CHEX_GD_ZS,LTU,_T,_T,_T,_Z,_Z,_Z,2016,A,PT_GDP,
5.071039,P1Y,0,,A,PU,_Z,2,,,False,WB_WDI,WB_WDI_SH_XPD_CHEX_GD_ZS,LUX,_T,_T,_T,_Z,_Z,_Z,2016,A,PT_GDP,
4.870715,P1Y,0,,A,PU,_Z,2,,,False,WB_WDI,WB_WDI_SH_XPD_CHEX_GD_ZS,BLZ,_T,_T,_T,_Z,_Z,_Z,2014,A,PT_GDP,
2.69112,P1Y,0,,A,PU,_Z,2,,,False,WB_WDI,WB_WDI_SH_XPD_CHEX_GD_ZS,BEN,_T,_T,_T,_Z,_Z,_Z,2014,A,PT_GDP,
3.232265,P1Y,0,,A,PU,_Z,2,,,False,WB_WDI,WB_WDI_SH_XPD_CHEX_GD_ZS,BTN,_T,_T,_T,_Z,_Z,_Z,2014,A,PT_GDP,
5.896136,P1Y,0,,A,PU,_Z,2,,,False,WB_WDI,WB_WDI_SH_XPD_CHEX_GD_ZS,BOL,_T,_T,_T,_Z,_Z,_Z,2014,A,PT_GDP,
9.471033,P1Y,0,,A,PU,_Z,2,,,False,WB_WDI,WB_WDI_SH_XPD_CHEX_GD_ZS,BIH,_T,_T,_T,_Z,_Z,_Z,2014,A,PT_GDP,
5.880406,P1Y,0,,A,PU,_Z,2,,,False,WB_WDI,WB_WDI_SH_XPD_CHEX_GD_ZS,BWA,_T,_T,_T,_Z,_Z,_Z,2014,A,PT_GDP,
8.396441,P1Y,0,,A,PU,_Z,2,,,False,WB_WDI,WB_WDI_SH_XPD_CHEX_GD_ZS,BRA,_T,_T,_T,_Z,_Z,_Z,2014,A,PT_GDP,
1.914368,P1Y,0,,A,PU,_Z,2,,,False,WB_WDI,WB_WDI_SH_XPD_CHEX_GD_ZS,BRN,_T,_T,_T,_Z,_Z,_Z,2014,A,PT_GDP,
7.683062,P1Y,0,,A,PU,_Z,2,,,False,WB_WDI,WB_WDI_SH_XPD_CHEX_GD_ZS,BGR,_T,_T,_T,_Z,_Z,_Z,2014,A,PT_GDP,
8.84149,P1Y,0,,A,PU,_Z,2,,,False,WB_WDI,WB_WDI_SH_XPD_CHEX_GD_ZS,NRU,_T,_T,_T,_Z,_Z,_Z,2012,A,PT_GDP,
4.490788,P1Y,0,,A,PU,_Z,2,,,False,WB_WDI,WB_WDI_SH_XPD_CHEX_GD_ZS,NPL,_T,_T,_T,_Z,_Z,_Z,2012,A,PT_GDP,
10.454673,P1Y,0,,A,PU,_Z,2,,,False,WB_WDI,WB_WDI_SH_XPD_CHEX_GD_ZS,NLD,_T,_T,_T,_Z,_Z,_Z,2012,A,PT_GDP,
9.202432,P1Y,0,,A,PU,_Z,2,,,False,WB_WDI,WB_WDI_SH_XPD_CHEX_GD_ZS,NZL,_T,_T,_T,_Z,_Z,_Z,2012,A,PT_GDP,
7.488369,P1Y,0,,A,PU,_Z,2,,,False,WB_WDI,WB_WDI_SH_XPD_CHEX_GD_ZS,NIC,_T,_T,_T,_Z,_Z,_Z,2012,A,PT_GDP,
4.307327,P1Y,0,,A,PU,_Z,2,,,False,WB_WDI,WB_WDI_SH_XPD_CHEX_GD_ZS,NER,_T,_T,_T,_Z,_Z,_Z,2012,A,PT_GDP,
3.359843,P1Y,0,,A,PU,_Z,2,,,False,WB_WDI,WB_WDI_SH_XPD_CHEX_GD_ZS,NGA,_T,_T,_T,_Z,_Z,_Z,2012,A,PT_GDP,
6.614684,P1Y,0,,A,PU,_Z,2,,,False,WB_WDI,WB_WDI_SH_XPD_CHEX_GD_ZS,MKD,_T,_T,_T,_Z,_Z,_Z,2012,A,PT_GDP,
8.721886,P1Y,0,,A,PU,_Z,2,,,False,WB_WDI,WB_WDI_SH_XPD_CHEX_GD_ZS,NOR,_T,_T,_T,_Z,_Z,_Z,2012,A,PT_GDP,
2.277028,P1Y,0,,A,PU,_Z,2,,,False,WB_WDI,WB_WDI_SH_XPD_CHEX_GD_ZS,OMN,_T,_T,_T,_Z,_Z,_Z,2012,A,PT_GDP,
4.084344,P1Y,0,,A,PU,_Z,2,,,False,WB_WDI,WB_WDI_SH_XPD_CHEX_GD_ZS,MCO,_T,_T,_T,_Z,_Z,_Z,2008,A,PT_GDP,
4.55693,P1Y,0,,A,PU,_Z,2,,,False,WB_WDI,WB_WDI_SH_XPD_CHEX_GD_ZS,MNG,_T,_T,_T,_Z,_Z,_Z,2008,A,PT_GDP,
4.837892,P1Y,0,,A,PU,_Z,2,,,False,WB_WDI,WB_WDI_SH_XPD_CHEX_GD_ZS,MAR,_T,_T,_T,_Z,_Z,_Z,2008,A,PT_GDP,
4.134968,P1Y,0,,A,PU,_Z,2,,,False,WB_WDI,WB_WDI_SH_XPD_CHEX_GD_ZS,MOZ,_T,_T,_T,_Z,_Z,_Z,2008,A,PT_GDP,
2.121753,P1Y,0,,A,PU,_Z,2,,,False,WB_WDI,WB_WDI_SH_XPD_CHEX_GD_ZS,MMR,_T,_T,_T,_Z,_Z,_Z,2008,A,PT_GDP,
10.67727,P1Y,0,,A,PU,_Z,2,,,False,WB_WDI,WB_WDI_SH_XPD_CHEX_GD_ZS,NAM,_T,_T,_T,_Z,_Z,_Z,2008,A,PT_GDP,
23.004093,P1Y,0,,A,PU,_Z,2,,,False,WB_WDI,WB_WDI_SH_XPD_CHEX_GD_ZS,NRU,_T,_T,_T,_Z,_Z,_Z,2008,A,PT_GDP,
3.817564,P1Y,0,,A,PU,_Z,2,,,False,WB_WDI,WB_WDI_SH_XPD_CHEX_GD_ZS,NPL,_T,_T,_T,_Z,_Z,_Z,2008,A,PT_GDP,
9.218193,P1Y,0,,A,PU,_Z,2,,,False,WB_WDI,WB_WDI_SH_XPD_CHEX_GD_ZS,NLD,_T,_T,_T,_Z,_Z,_Z,2008,A,PT_GDP,
8.651337,P1Y,0,,A,PU,_Z,2,,,False,WB_WDI,WB_WDI_SH_XPD_CHEX_GD_ZS,NZL,_T,_T,_T,_Z,_Z,_Z,2008,A,PT_GDP,
10.870187,P1Y,0,,A,PU,_Z,2,,,False,WB_WDI,WB_WDI_SH_XPD_CHEX_GD_ZS,FSM,_T,_T,_T,_Z,_Z,_Z,2006,A,PT_GDP,
10.544453,P1Y,0,,A,PU,_Z,2,,,False,WB_WDI,WB_WDI_SH_XPD_CHEX_GD_ZS,MDA,_T,_T,_T,_Z,_Z,_Z,2006,A,PT_GDP,
4.296113,P1Y,0,,A,PU,_Z,2,,,False,WB_WDI,WB_WDI_SH_XPD_CHEX_GD_ZS,MCO,_T,_T,_T,_Z,_Z,_Z,2006,A,PT_GDP,
3.749715,P1Y,0,,A,PU,_Z,2,,,False,WB_WDI,WB_WDI_SH_XPD_CHEX_GD_ZS,MNG,_T,_T,_T,_Z,_Z,_Z,2006,A,PT_GDP,
4.565866,P1Y,0,,A,PU,_Z,2,,,False,WB_WDI,WB_WDI_SH_XPD_CHEX_GD_ZS,MAR,_T,_T,_T,_Z,_Z,_Z,2006,A,PT_GDP,
3.94559,P1Y,0,,A,PU,_Z,2,,,False,WB_WDI,WB_WDI_SH_XPD_CHEX_GD_ZS,MOZ,_T,_T,_T,_Z,_Z,_Z,2006,A,PT_GDP,
2.265592,P1Y,0,,A,PU,_Z,2,,,False,WB_WDI,WB_WDI_SH_XPD_CHEX_GD_ZS,MMR,_T,_T,_T,_Z,_Z,_Z,2006,A,PT_GDP,
11.3029,P1Y,0,,A,PU,_Z,2,,,False,WB_WDI,WB_WDI_SH_XPD_CHEX_GD_ZS,NAM,_T,_T,_T,_Z,_Z,_Z,2006,A,PT_GDP,
12.417615,P1Y,0,,A,PU,_Z,2,,,False,WB_WDI,WB_WDI_SH_XPD_CHEX_GD_ZS,NRU,_T,_T,_T,_Z,_Z,_Z,2006,A,PT_GDP,
3.544024,P1Y,0,,A,PU,_Z,2,,,False,WB_WDI,WB_WDI_SH_XPD_CHEX_GD_ZS,NPL,_T,_T,_T,_Z,_Z,_Z,2006,A,PT_GDP,
9.035755,P1Y,0,,A,PU,_Z,2,,,False,WB_WDI,WB_WDI_SH_XPD_CHEX_GD_ZS,NLD,_T,_T,_T,_Z,_Z,_Z,2006,A,PT_GDP,
8.638467,P1Y,0,,A,PU,_Z,2,,,False,WB_WDI,WB_WDI_SH_XPD_CHEX_GD_ZS,NZL,_T,_T,_T,_Z,_Z,_Z,2006,A,PT_GDP,
7.863893,P1Y,0,,A,PU,_Z,2,,,False,WB_WDI,WB_WDI_SH_XPD_CHEX_GD_ZS,LAC,_T,_T,_T,_Z,_Z,_Z,2016,A,PT_GDP,
7.79635,P1Y,0,,A,PU,_Z,2,,,False,WB_WDI,WB_WDI_SH_XPD_CHEX_GD_ZS,TLA,_T,_T,_T,_Z,_Z,_Z,2016,A,PT_GDP,
4.134128,P1Y,0,,A,PU,_Z,2,,,False,WB_WDI,WB_WDI_SH_XPD_CHEX_GD_ZS,LDC,_T,_T,_T,_Z,_Z,_Z,2016,A,PT_GDP,
5.199202,P1Y,0,,A,PU,_Z,2,,,False,WB_WDI,WB_WDI_SH_XPD_CHEX_GD_ZS,LMY,_T,_T,_T,_Z,_Z,_Z,2016,A,PT_GDP,
5.461704,P1Y,0,,A,PU,_Z,2,,,False,WB_WDI,WB_WDI_SH_XPD_CHEX_GD_ZS,LIC,_T,_T,_T,_Z,_Z,_Z,2016,A,PT_GDP,
3.814673,P1Y,0,,A,PU,_Z,2,,,False,WB_WDI,WB_WDI_SH_XPD_CHEX_GD_ZS,LMC,_T,_T,_T,_Z,_Z,_Z,2016,A,PT_GDP,
5.593497,P1Y,0,,A,PU,_Z,2,,,False,WB_WDI,WB_WDI_SH_XPD_CHEX_GD_ZS,MEA,_T,_T,_T,_Z,_Z,_Z,2016,A,PT_GDP,
5.714646,P1Y,0,,A,PU,_Z,2,,,False,WB_WDI,WB_WDI_SH_XPD_CHEX_GD_ZS,MNA,_T,_T,_T,_Z,_Z,_Z,2016,A,PT_GDP,
5.687069,P1Y,0,,A,PU,_Z,2,,,False,WB_WDI,WB_WDI_SH_XPD_CHEX_GD_ZS,TMN,_T,_T,_T,_Z,_Z,_Z,2016,A,PT_GDP,
5.195509,P1Y,0,,A,PU,_Z,2,,,False,WB_WDI,WB_WDI_SH_XPD_CHEX_GD_ZS,MIC,_T,_T,_T,_Z,_Z,_Z,2016,A,PT_GDP,
16.268517,P1Y,0,,A,PU,_Z,2,,,False,WB_WDI,WB_WDI_SH_XPD_CHEX_GD_ZS,NAC,_T,_T,_T,_Z,_Z,_Z,2016,A,PT_GDP,
12.326916,P1Y,0,,A,PU,_Z,2,,,False,WB_WDI,WB_WDI_SH_XPD_CHEX_GD_ZS,OED,_T,_T,_T,_Z,_Z,_Z,2016,A,PT_GDP,
6.607756,P1Y,0,,A,PU,_Z,2,,,False,WB_WDI,WB_WDI_SH_XPD_CHEX_GD_ZS,OSS,_T,_T,_T,_Z,_Z,_Z,2016,A,PT_GDP,
8.74656,P1Y,0,,A,PU,_Z,2,,,False,WB_WDI,WB_WDI_SH_XPD_CHEX_GD_ZS,AUS,_T,_T,_T,_Z,_Z,_Z,2013,A,PT_GDP,
10.405748,P1Y,0,,A,PU,_Z,2,,,False,WB_WDI,WB_WDI_SH_XPD_CHEX_GD_ZS,AUT,_T,_T,_T,_Z,_Z,_Z,2013,A,PT_GDP,
3.225511,P1Y,0,,A,PU,_Z,2,,,False,WB_WDI,WB_WDI_SH_XPD_CHEX_GD_ZS,AZE,_T,_T,_T,_Z,_Z,_Z,2013,A,PT_GDP,
5.684112,P1Y,0,,A,PU,_Z,2,,,False,WB_WDI,WB_WDI_SH_XPD_CHEX_GD_ZS,BHS,_T,_T,_T,_Z,_Z,_Z,2013,A,PT_GDP,
4.144911,P1Y,0,,A,PU,_Z,2,,,False,WB_WDI,WB_WDI_SH_XPD_CHEX_GD_ZS,BHR,_T,_T,_T,_Z,_Z,_Z,2013,A,PT_GDP,
2.295745,P1Y,0,,A,PU,_Z,2,,,False,WB_WDI,WB_WDI_SH_XPD_CHEX_GD_ZS,BGD,_T,_T,_T,_Z,_Z,_Z,2013,A,PT_GDP,
6.482743,P1Y,0,,A,PU,_Z,2,,,False,WB_WDI,WB_WDI_SH_XPD_CHEX_GD_ZS,BRB,_T,_T,_T,_Z,_Z,_Z,2013,A,PT_GDP,
5.695631,P1Y,0,,A,PU,_Z,2,,,False,WB_WDI,WB_WDI_SH_XPD_CHEX_GD_ZS,BLR,_T,_T,_T,_Z,_Z,_Z,2013,A,PT_GDP,
10.637876,P1Y,0,,A,PU,_Z,2,,,False,WB_WDI,WB_WDI_SH_XPD_CHEX_GD_ZS,BEL,_T,_T,_T,_Z,_Z,_Z,2013,A,PT_GDP,
4.421288,P1Y,0,,A,PU,_Z,2,,,False,WB_WDI,WB_WDI_SH_XPD_CHEX_GD_ZS,BLZ,_T,_T,_T,_Z,_Z,_Z,2013,A,PT_GDP,
7.097331,P1Y,0,,A,PU,_Z,2,,,False,WB_WDI,WB_WDI_SH_XPD_CHEX_GD_ZS,CHL,_T,_T,_T,_Z,_Z,_Z,2001,A,PT_GDP,
4.19752,P1Y,0,,A,PU,_Z,2,,,False,WB_WDI,WB_WDI_SH_XPD_CHEX_GD_ZS,CHN,_T,_T,_T,_Z,_Z,_Z,2001,A,PT_GDP,
5.942383,P1Y,0,,A,PU,_Z,2,,,False,WB_WDI,WB_WDI_SH_XPD_CHEX_GD_ZS,COL,_T,_T,_T,_Z,_Z,_Z,2001,A,PT_GDP,
6.657178,P1Y,0,,A,PU,_Z,2,,,False,WB_WDI,WB_WDI_SH_XPD_CHEX_GD_ZS,COM,_T,_T,_T,_Z,_Z,_Z,2001,A,PT_GDP,
2.62311,P1Y,0,,A,PU,_Z,2,,,False,WB_WDI,WB_WDI_SH_XPD_CHEX_GD_ZS,COD,_T,_T,_T,_Z,_Z,_Z,2001,A,PT_GDP,
2.1853,P1Y,0,,A,PU,_Z,2,,,False,WB_WDI,WB_WDI_SH_XPD_CHEX_GD_ZS,COG,_T,_T,_T,_Z,_Z,_Z,2001,A,PT_GDP,
6.474099,P1Y,0,,A,PU,_Z,2,,,False,WB_WDI,WB_WDI_SH_XPD_CHEX_GD_ZS,CRI,_T,_T,_T,_Z,_Z,_Z,2001,A,PT_GDP,
3.590472,P1Y,0,,A,PU,_Z,2,,,False,WB_WDI,WB_WDI_SH_XPD_CHEX_GD_ZS,CIV,_T,_T,_T,_Z,_Z,_Z,2001,A,PT_GDP,
7.169952,P1Y,0,,A,PU,_Z,2,,,False,WB_WDI,WB_WDI_SH_XPD_CHEX_GD_ZS,HRV,_T,_T,_T,_Z,_Z,_Z,2001,A,PT_GDP,
6.982098,P1Y,0,,A,PU,_Z,2,,,False,WB_WDI,WB_WDI_SH_XPD_CHEX_GD_ZS,CUB,_T,_T,_T,_Z,_Z,_Z,2001,A,PT_GDP,
5.339405,P1Y,0,,A,PU,_Z,2,,,False,WB_WDI,WB_WDI_SH_XPD_CHEX_GD_ZS,CYP,_T,_T,_T,_Z,_Z,_Z,2001,A,PT_GDP,
5.834793,P1Y,0,,A,PU,_Z,2,,,False,WB_WDI,WB_WDI_SH_XPD_CHEX_GD_ZS,CZE,_T,_T,_T,_Z,_Z,_Z,2001,A,PT_GDP,
5.847865,P1Y,0,,A,PU,_Z,2,,,False,WB_WDI,WB_WDI_SH_XPD_CHEX_GD_ZS,MEX,_T,_T,_T,_Z,_Z,_Z,2009,A,PT_GDP,
12.688541,P1Y,0,,A,PU,_Z,2,,,False,WB_WDI,WB_WDI_SH_XPD_CHEX_GD_ZS,FSM,_T,_T,_T,_Z,_Z,_Z,2009,A,PT_GDP,
13.676624,P1Y,0,,A,PU,_Z,2,,,False,WB_WDI,WB_WDI_SH_XPD_CHEX_GD_ZS,MDA,_T,_T,_T,_Z,_Z,_Z,2009,A,PT_GDP,
4.842222,P1Y,0,,A,PU,_Z,2,,,False,WB_WDI,WB_WDI_SH_XPD_CHEX_GD_ZS,MCO,_T,_T,_T,_Z,_Z,_Z,2009,A,PT_GDP,
4.459801,P1Y,0,,A,PU,_Z,2,,,False,WB_WDI,WB_WDI_SH_XPD_CHEX_GD_ZS,MNG,_T,_T,_T,_Z,_Z,_Z,2009,A,PT_GDP,
5.273122,P1Y,0,,A,PU,_Z,2,,,False,WB_WDI,WB_WDI_SH_XPD_CHEX_GD_ZS,MAR,_T,_T,_T,_Z,_Z,_Z,2009,A,PT_GDP,
5.055624,P1Y,0,,A,PU,_Z,2,,,False,WB_WDI,WB_WDI_SH_XPD_CHEX_GD_ZS,MOZ,_T,_T,_T,_Z,_Z,_Z,2009,A,PT_GDP,
2.172837,P1Y,0,,A,PU,_Z,2,,,False,WB_WDI,WB_WDI_SH_XPD_CHEX_GD_ZS,MMR,_T,_T,_T,_Z,_Z,_Z,2009,A,PT_GDP,
9.904353,P1Y,0,,A,PU,_Z,2,,,False,WB_WDI,WB_WDI_SH_XPD_CHEX_GD_ZS,NAM,_T,_T,_T,_Z,_Z,_Z,2009,A,PT_GDP,
12.315763,P1Y,0,,A,PU,_Z,2,,,False,WB_WDI,WB_WDI_SH_XPD_CHEX_GD_ZS,NRU,_T,_T,_T,_Z,_Z,_Z,2009,A,PT_GDP,
3.901795,P1Y,0,,A,PU,_Z,2,,,False,WB_WDI,WB_WDI_SH_XPD_CHEX_GD_ZS,NPL,_T,_T,_T,_Z,_Z,_Z,2009,A,PT_GDP,
5.74943,P1Y,0,,A,PU,_Z,2,,,False,WB_WDI,WB_WDI_SH_XPD_CHEX_GD_ZS,LIE,_T,_T,_T,_Z,_Z,_Z,2013,A,PT_GDP,
6.15501,P1Y,0,,A,PU,_Z,2,,,False,WB_WDI,WB_WDI_SH_XPD_CHEX_GD_ZS,LTU,_T,_T,_T,_Z,_Z,_Z,2013,A,PT_GDP,
5.235574,P1Y,0,,A,PU,_Z,2,,,False,WB_WDI,WB_WDI_SH_XPD_CHEX_GD_ZS,LUX,_T,_T,_T,_Z,_Z,_Z,2013,A,PT_GDP,
3.751563,P1Y,0,,A,PU,_Z,2,,,False,WB_WDI,WB_WDI_SH_XPD_CHEX_GD_ZS,MDG,_T,_T,_T,_Z,_Z,_Z,2013,A,PT_GDP,
8.223795,P1Y,0,,A,PU,_Z,2,,,False,WB_WDI,WB_WDI_SH_XPD_CHEX_GD_ZS,MWI,_T,_T,_T,_Z,_Z,_Z,2013,A,PT_GDP,
3.512769,P1Y,0,,A,PU,_Z,2,,,False,WB_WDI,WB_WDI_SH_XPD_CHEX_GD_ZS,MYS,_T,_T,_T,_Z,_Z,_Z,2013,A,PT_GDP,
8.155093,P1Y,0,,A,PU,_Z,2,,,False,WB_WDI,WB_WDI_SH_XPD_CHEX_GD_ZS,MDV,_T,_T,_T,_Z,_Z,_Z,2013,A,PT_GDP,
3.964086,P1Y,0,,A,PU,_Z,2,,,False,WB_WDI,WB_WDI_SH_XPD_CHEX_GD_ZS,MLI,_T,_T,_T,_Z,_Z,_Z,2013,A,PT_GDP,
8.303196,P1Y,0,,A,PU,_Z,2,,,False,WB_WDI,WB_WDI_SH_XPD_CHEX_GD_ZS,MLT,_T,_T,_T,_Z,_Z,_Z,2013,A,PT_GDP,
12.136853,P1Y,0,,A,PU,_Z,2,,,False,WB_WDI,WB_WDI_SH_XPD_CHEX_GD_ZS,MHL,_T,_T,_T,_Z,_Z,_Z,2013,A,PT_GDP,
2.867999,P1Y,0,,A,PU,_Z,2,,,False,WB_WDI,WB_WDI_SH_XPD_CHEX_GD_ZS,MRT,_T,_T,_T,_Z,_Z,_Z,2013,A,PT_GDP,
4.490674,P1Y,0,,A,PU,_Z,2,,,False,WB_WDI,WB_WDI_SH_XPD_CHEX_GD_ZS,KNA,_T,_T,_T,_Z,_Z,_Z,2004,A,PT_GDP,
4.767608,P1Y,0,,A,PU,_Z,2,,,False,WB_WDI,WB_WDI_SH_XPD_CHEX_GD_ZS,LCA,_T,_T,_T,_Z,_Z,_Z,2004,A,PT_GDP,
3.871056,P1Y,0,,A,PU,_Z,2,,,False,WB_WDI,WB_WDI_SH_XPD_CHEX_GD_ZS,VCT,_T,_T,_T,_Z,_Z,_Z,2004,A,PT_GDP,
4.155935,P1Y,0,,A,PU,_Z,2,,,False,WB_WDI,WB_WDI_SH_XPD_CHEX_GD_ZS,SDN,_T,_T,_T,_Z,_Z,_Z,2004,A,PT_GDP,
5.460808,P1Y,0,,A,PU,_Z,2,,,False,WB_WDI,WB_WDI_SH_XPD_CHEX_GD_ZS,SUR,_T,_T,_T,_Z,_Z,_Z,2004,A,PT_GDP,
8.142819,P1Y,0,,A,PU,_Z,2,,,False,WB_WDI,WB_WDI_SH_XPD_CHEX_GD_ZS,SWE,_T,_T,_T,_Z,_Z,_Z,2004,A,PT_GDP,
10.225765,P1Y,0,,A,PU,_Z,2,,,False,WB_WDI,WB_WDI_SH_XPD_CHEX_GD_ZS,CHE,_T,_T,_T,_Z,_Z,_Z,2004,A,PT_GDP,
4.497531,P1Y,0,,A,PU,_Z,2,,,False,WB_WDI,WB_WDI_SH_XPD_CHEX_GD_ZS,SYR,_T,_T,_T,_Z,_Z,_Z,2004,A,PT_GDP,
4.799112,P1Y,0,,A,PU,_Z,2,,,False,WB_WDI,WB_WDI_SH_XPD_CHEX_GD_ZS,TJK,_T,_T,_T,_Z,_Z,_Z,2004,A,PT_GDP,
5.737341,P1Y,0,,A,PU,_Z,2,,,False,WB_WDI,WB_WDI_SH_XPD_CHEX_GD_ZS,TZA,_T,_T,_T,_Z,_Z,_Z,2004,A,PT_GDP,
3.138932,P1Y,0,,A,PU,_Z,2,,,False,WB_WDI,WB_WDI_SH_XPD_CHEX_GD_ZS,THA,_T,_T,_T,_Z,_Z,_Z,2004,A,PT_GDP,
4.261035,P1Y,0,,A,PU,_Z,2,,,False,WB_WDI,WB_WDI_SH_XPD_CHEX_GD_ZS,TLS,_T,_T,_T,_Z,_Z,_Z,2004,A,PT_GDP,
3.481319,P1Y,0,,A,PU,_Z,2,,,False,WB_WDI,WB_WDI_SH_XPD_CHEX_GD_ZS,TGO,_T,_T,_T,_Z,_Z,_Z,2004,A,PT_GDP,
3.482625,P1Y,0,,A,PU,_Z,2,,,False,WB_WDI,WB_WDI_SH_XPD_CHEX_GD_ZS,GIN,_T,_T,_T,_Z,_Z,_Z,2007,A,PT_GDP,
4.925734,P1Y,0,,A,PU,_Z,2,,,False,WB_WDI,WB_WDI_SH_XPD_CHEX_GD_ZS,GNB,_T,_T,_T,_Z,_Z,_Z,2007,A,PT_GDP,
4.281262,P1Y,0,,A,PU,_Z,2,,,False,WB_WDI,WB_WDI_SH_XPD_CHEX_GD_ZS,GUY,_T,_T,_T,_Z,_Z,_Z,2007,A,PT_GDP,
3.647341,P1Y,0,,A,PU,_Z,2,,,False,WB_WDI,WB_WDI_SH_XPD_CHEX_GD_ZS,HTI,_T,_T,_T,_Z,_Z,_Z,2007,A,PT_GDP,
8.084949,P1Y,0,,A,PU,_Z,2,,,False,WB_WDI,WB_WDI_SH_XPD_CHEX_GD_ZS,HND,_T,_T,_T,_Z,_Z,_Z,2007,A,PT_GDP,
7.207191,P1Y,0,,A,PU,_Z,2,,,False,WB_WDI,WB_WDI_SH_XPD_CHEX_GD_ZS,HUN,_T,_T,_T,_Z,_Z,_Z,2007,A,PT_GDP,
8.353586,P1Y,0,,A,PU,_Z,2,,,False,WB_WDI,WB_WDI_SH_XPD_CHEX_GD_ZS,ISL,_T,_T,_T,_Z,_Z,_Z,2007,A,PT_GDP,
3.58104,P1Y,0,,A,PU,_Z,2,,,False,WB_WDI,WB_WDI_SH_XPD_CHEX_GD_ZS,IND,_T,_T,_T,_Z,_Z,_Z,2007,A,PT_GDP,
2.823856,P1Y,0,,A,PU,_Z,2,,,False,WB_WDI,WB_WDI_SH_XPD_CHEX_GD_ZS,IDN,_T,_T,_T,_Z,_Z,_Z,2007,A,PT_GDP,
4.911882,P1Y,0,,A,PU,_Z,2,,,False,WB_WDI,WB_WDI_SH_XPD_CHEX_GD_ZS,IRN,_T,_T,_T,_Z,_Z,_Z,2007,A,PT_GDP,
6.574293,P1Y,0,,A,PU,_Z,2,,,False,WB_WDI,WB_WDI_SH_XPD_CHEX_GD_ZS,CEB,_T,_T,_T,_Z,_Z,_Z,2014,A,PT_GDP,
4.96053,P1Y,0,,A,PU,_Z,2,,,False,WB_WDI,WB_WDI_SH_XPD_CHEX_GD_ZS,EAR,_T,_T,_T,_Z,_Z,_Z,2014,A,PT_GDP,
6.457931,P1Y,0,,A,PU,_Z,2,,,False,WB_WDI,WB_WDI_SH_XPD_CHEX_GD_ZS,EAS,_T,_T,_T,_Z,_Z,_Z,2014,A,PT_GDP,
4.490893,P1Y,0,,A,PU,_Z,2,,,False,WB_WDI,WB_WDI_SH_XPD_CHEX_GD_ZS,EAP,_T,_T,_T,_Z,_Z,_Z,2014,A,PT_GDP,
4.491038,P1Y,0,,A,PU,_Z,2,,,False,WB_WDI,WB_WDI_SH_XPD_CHEX_GD_ZS,TEA,_T,_T,_T,_Z,_Z,_Z,2014,A,PT_GDP,
10.177982,P1Y,0,,A,PU,_Z,2,,,False,WB_WDI,WB_WDI_SH_XPD_CHEX_GD_ZS,EMU,_T,_T,_T,_Z,_Z,_Z,2014,A,PT_GDP,
9.172099,P1Y,0,,A,PU,_Z,2,,,False,WB_WDI,WB_WDI_SH_XPD_CHEX_GD_ZS,ECS,_T,_T,_T,_Z,_Z,_Z,2014,A,PT_GDP,
4.74397,P1Y,0,,A,PU,_Z,2,,,False,WB_WDI,WB_WDI_SH_XPD_CHEX_GD_ZS,ECA,_T,_T,_T,_Z,_Z,_Z,2014,A,PT_GDP,
5.200964,P1Y,0,,A,PU,_Z,2,,,False,WB_WDI,WB_WDI_SH_XPD_CHEX_GD_ZS,TEC,_T,_T,_T,_Z,_Z,_Z,2014,A,PT_GDP,
9.954904,P1Y,0,,A,PU,_Z,2,,,False,WB_WDI,WB_WDI_SH_XPD_CHEX_GD_ZS,EUU,_T,_T,_T,_Z,_Z,_Z,2014,A,PT_GDP,
4.863271,P1Y,0,,A,PU,_Z,2,,,False,WB_WDI,WB_WDI_SH_XPD_CHEX_GD_ZS,HPC,_T,_T,_T,_Z,_Z,_Z,2014,A,PT_GDP,
11.537099,P1Y,0,,A,PU,_Z,2,,,False,WB_WDI,WB_WDI_SH_XPD_CHEX_GD_ZS,HIC,_T,_T,_T,_Z,_Z,_Z,2014,A,PT_GDP,
5.25141,P1Y,0,,A,PU,_Z,2,,,False,WB_WDI,WB_WDI_SH_XPD_CHEX_GD_ZS,IBD,_T,_T,_T,_Z,_Z,_Z,2014,A,PT_GDP,
6.313306,P1Y,0,,A,PU,_Z,2,,,False,WB_WDI,WB_WDI_SH_XPD_CHEX_GD_ZS,AFE,_T,_T,_T,_Z,_Z,_Z,2009,A,PT_GDP,
3.73366,P1Y,0,,A,PU,_Z,2,,,False,WB_WDI,WB_WDI_SH_XPD_CHEX_GD_ZS,AFW,_T,_T,_T,_Z,_Z,_Z,2009,A,PT_GDP,
4.304345,P1Y,0,,A,PU,_Z,2,,,False,WB_WDI,WB_WDI_SH_XPD_CHEX_GD_ZS,ARB,_T,_T,_T,_Z,_Z,_Z,2009,A,PT_GDP,
5.252707,P1Y,0,,A,PU,_Z,2,,,False,WB_WDI,WB_WDI_SH_XPD_CHEX_GD_ZS,CSS,_T,_T,_T,_Z,_Z,_Z,2009,A,PT_GDP,
6.84349,P1Y,0,,A,PU,_Z,2,,,False,WB_WDI,WB_WDI_SH_XPD_CHEX_GD_ZS,CEB,_T,_T,_T,_Z,_Z,_Z,2009,A,PT_GDP,
4.99582,P1Y,0,,A,PU,_Z,2,,,False,WB_WDI,WB_WDI_SH_XPD_CHEX_GD_ZS,EAR,_T,_T,_T,_Z,_Z,_Z,2009,A,PT_GDP,
6.353485,P1Y,0,,A,PU,_Z,2,,,False,WB_WDI,WB_WDI_SH_XPD_CHEX_GD_ZS,EAS,_T,_T,_T,_Z,_Z,_Z,2009,A,PT_GDP,
4.070796,P1Y,0,,A,PU,_Z,2,,,False,WB_WDI,WB_WDI_SH_XPD_CHEX_GD_ZS,EAP,_T,_T,_T,_Z,_Z,_Z,2009,A,PT_GDP,
4.071007,P1Y,0,,A,PU,_Z,2,,,False,WB_WDI,WB_WDI_SH_XPD_CHEX_GD_ZS,TEA,_T,_T,_T,_Z,_Z,_Z,2009,A,PT_GDP,
10.167874,P1Y,0,,A,PU,_Z,2,,,False,WB_WDI,WB_WDI_SH_XPD_CHEX_GD_ZS,EMU,_T,_T,_T,_Z,_Z,_Z,2009,A,PT_GDP,
9.388275,P1Y,0,,A,PU,_Z,2,,,False,WB_WDI,WB_WDI_SH_XPD_CHEX_GD_ZS,ECS,_T,_T,_T,_Z,_Z,_Z,2009,A,PT_GDP,
5.546155,P1Y,0,,A,PU,_Z,2,,,False,WB_WDI,WB_WDI_SH_XPD_CHEX_GD_ZS,ECA,_T,_T,_T,_Z,_Z,_Z,2009,A,PT_GDP,
5.781978,P1Y,0,,A,PU,_Z,2,,,False,WB_WDI,WB_WDI_SH_XPD_CHEX_GD_ZS,TEC,_T,_T,_T,_Z,_Z,_Z,2009,A,PT_GDP,
9.906713,P1Y,0,,A,PU,_Z,2,,,False,WB_WDI,WB_WDI_SH_XPD_CHEX_GD_ZS,EUU,_T,_T,_T,_Z,_Z,_Z,2009,A,PT_GDP,
10.50179,P1Y,0,,A,PU,_Z,2,,,False,WB_WDI,WB_WDI_SH_XPD_CHEX_GD_ZS,SWE,_T,_T,_T,_Z,_Z,_Z,2011,A,PT_GDP,
10.103931,P1Y,0,,A,PU,_Z,2,,,False,WB_WDI,WB_WDI_SH_XPD_CHEX_GD_ZS,CHE,_T,_T,_T,_Z,_Z,_Z,2011,A,PT_GDP,
2.661626,P1Y,0,,A,PU,_Z,2,,,False,WB_WDI,WB_WDI_SH_XPD_CHEX_GD_ZS,SYR,_T,_T,_T,_Z,_Z,_Z,2011,A,PT_GDP,
5.859718,P1Y,0,,A,PU,_Z,2,,,False,WB_WDI,WB_WDI_SH_XPD_CHEX_GD_ZS,TJK,_T,_T,_T,_Z,_Z,_Z,2011,A,PT_GDP,
5.055985,P1Y,0,,A,PU,_Z,2,,,False,WB_WDI,WB_WDI_SH_XPD_CHEX_GD_ZS,TZA,_T,_T,_T,_Z,_Z,_Z,2011,A,PT_GDP,
3.568255,P1Y,0,,A,PU,_Z,2,,,False,WB_WDI,WB_WDI_SH_XPD_CHEX_GD_ZS,THA,_T,_T,_T,_Z,_Z,_Z,2011,A,PT_GDP,
6.865415,P1Y,0,,A,PU,_Z,2,,,False,WB_WDI,WB_WDI_SH_XPD_CHEX_GD_ZS,TLS,_T,_T,_T,_Z,_Z,_Z,2011,A,PT_GDP,
4.389271,P1Y,0,,A,PU,_Z,2,,,False,WB_WDI,WB_WDI_SH_XPD_CHEX_GD_ZS,TGO,_T,_T,_T,_Z,_Z,_Z,2011,A,PT_GDP,
4.739908,P1Y,0,,A,PU,_Z,2,,,False,WB_WDI,WB_WDI_SH_XPD_CHEX_GD_ZS,TON,_T,_T,_T,_Z,_Z,_Z,2011,A,PT_GDP,
4.721979,P1Y,0,,A,PU,_Z,2,,,False,WB_WDI,WB_WDI_SH_XPD_CHEX_GD_ZS,TTO,_T,_T,_T,_Z,_Z,_Z,2011,A,PT_GDP,
6.122993,P1Y,0,,A,PU,_Z,2,,,False,WB_WDI,WB_WDI_SH_XPD_CHEX_GD_ZS,TUN,_T,_T,_T,_Z,_Z,_Z,2011,A,PT_GDP,
9.909698,P1Y,0,,A,PU,_Z,2,,,False,WB_WDI,WB_WDI_SH_XPD_CHEX_GD_ZS,FIN,_T,_T,_T,_Z,_Z,_Z,2021,A,PT_GDP,
12.248942,P1Y,0,,A,PU,_Z,2,,,False,WB_WDI,WB_WDI_SH_XPD_CHEX_GD_ZS,FRA,_T,_T,_T,_Z,_Z,_Z,2021,A,PT_GDP,
2.792541,P1Y,0,,A,PU,_Z,2,,,False,WB_WDI,WB_WDI_SH_XPD_CHEX_GD_ZS,GAB,_T,_T,_T,_Z,_Z,_Z,2021,A,PT_GDP,
3.743215,P1Y,0,,A,PU,_Z,2,,,False,WB_WDI,WB_WDI_SH_XPD_CHEX_GD_ZS,GMB,_T,_T,_T,_Z,_Z,_Z,2021,A,PT_GDP,
10.538355,P1Y,0,,A,PU,_Z,2,,,False,WB_WDI,WB_WDI_SH_XPD_CHEX_GD_ZS,GEO,_T,_T,_T,_Z,_Z,_Z,2021,A,PT_GDP,
12.724033,P1Y,0,,A,PU,_Z,2,,,False,WB_WDI,WB_WDI_SH_XPD_CHEX_GD_ZS,DEU,_T,_T,_T,_Z,_Z,_Z,2021,A,PT_GDP,
3.860309,P1Y,0,,A,PU,_Z,2,,,False,WB_WDI,WB_WDI_SH_XPD_CHEX_GD_ZS,GHA,_T,_T,_T,_Z,_Z,_Z,2021,A,PT_GDP,
9.031787,P1Y,0,,A,PU,_Z,2,,,False,WB_WDI,WB_WDI_SH_XPD_CHEX_GD_ZS,GRC,_T,_T,_T,_Z,_Z,_Z,2021,A,PT_GDP,
5.279634,P1Y,0,,A,PU,_Z,2,,,False,WB_WDI,WB_WDI_SH_XPD_CHEX_GD_ZS,GRD,_T,_T,_T,_Z,_Z,_Z,2021,A,PT_GDP,
7.356989,P1Y,0,,A,PU,_Z,2,,,False,WB_WDI,WB_WDI_SH_XPD_CHEX_GD_ZS,GTM,_T,_T,_T,_Z,_Z,_Z,2021,A,PT_GDP,
4.153192,P1Y,0,,A,PU,_Z,2,,,False,WB_WDI,WB_WDI_SH_XPD_CHEX_GD_ZS,EGY,_T,_T,_T,_Z,_Z,_Z,2010,A,PT_GDP,
8.904162,P1Y,0,,A,PU,_Z,2,,,False,WB_WDI,WB_WDI_SH_XPD_CHEX_GD_ZS,SLV,_T,_T,_T,_Z,_Z,_Z,2010,A,PT_GDP,
1.733637,P1Y,0,,A,PU,_Z,2,,,False,WB_WDI,WB_WDI_SH_XPD_CHEX_GD_ZS,GNQ,_T,_T,_T,_Z,_Z,_Z,2010,A,PT_GDP,
4.818665,P1Y,0,,A,PU,_Z,2,,,False,WB_WDI,WB_WDI_SH_XPD_CHEX_GD_ZS,ERI,_T,_T,_T,_Z,_Z,_Z,2010,A,PT_GDP,
6.594042,P1Y,0,,A,PU,_Z,2,,,False,WB_WDI,WB_WDI_SH_XPD_CHEX_GD_ZS,EST,_T,_T,_T,_Z,_Z,_Z,2010,A,PT_GDP,
8.591257,P1Y,0,,A,PU,_Z,2,,,False,WB_WDI,WB_WDI_SH_XPD_CHEX_GD_ZS,SWZ,_T,_T,_T,_Z,_Z,_Z,2010,A,PT_GDP,
5.466372,P1Y,0,,A,PU,_Z,2,,,False,WB_WDI,WB_WDI_SH_XPD_CHEX_GD_ZS,ETH,_T,_T,_T,_Z,_Z,_Z,2010,A,PT_GDP,
3.416641,P1Y,0,,A,PU,_Z,2,,,False,WB_WDI,WB_WDI_SH_XPD_CHEX_GD_ZS,FJI,_T,_T,_T,_Z,_Z,_Z,2010,A,PT_GDP,
9.141833,P1Y,0,,A,PU,_Z,2,,,False,WB_WDI,WB_WDI_SH_XPD_CHEX_GD_ZS,FIN,_T,_T,_T,_Z,_Z,_Z,2010,A,PT_GDP,
11.224308,P1Y,0,,A,PU,_Z,2,,,False,WB_WDI,WB_WDI_SH_XPD_CHEX_GD_ZS,FRA,_T,_T,_T,_Z,_Z,_Z,2010,A,PT_GDP,
9.943211,P1Y,0,,A,PU,_Z,2,,,False,WB_WDI,WB_WDI_SH_XPD_CHEX_GD_ZS,PLW,_T,_T,_T,_Z,_Z,_Z,2011,A,PT_GDP,
6.831963,P1Y,0,,A,PU,_Z,2,,,False,WB_WDI,WB_WDI_SH_XPD_CHEX_GD_ZS,PAN,_T,_T,_T,_Z,_Z,_Z,2011,A,PT_GDP,
2.293978,P1Y,0,,A,PU,_Z,2,,,False,WB_WDI,WB_WDI_SH_XPD_CHEX_GD_ZS,PNG,_T,_T,_T,_Z,_Z,_Z,2011,A,PT_GDP,
5.822258,P1Y,0,,A,PU,_Z,2,,,False,WB_WDI,WB_WDI_SH_XPD_CHEX_GD_ZS,PRY,_T,_T,_T,_Z,_Z,_Z,2011,A,PT_GDP,
4.522169,P1Y,0,,A,PU,_Z,2,,,False,WB_WDI,WB_WDI_SH_XPD_CHEX_GD_ZS,PER,_T,_T,_T,_Z,_Z,_Z,2011,A,PT_GDP,
4.025186,P1Y,0,,A,PU,_Z,2,,,False,WB_WDI,WB_WDI_SH_XPD_CHEX_GD_ZS,PHL,_T,_T,_T,_Z,_Z,_Z,2011,A,PT_GDP,
6.245336,P1Y,0,,A,PU,_Z,2,,,False,WB_WDI,WB_WDI_SH_XPD_CHEX_GD_ZS,POL,_T,_T,_T,_Z,_Z,_Z,2011,A,PT_GDP,
9.718474,P1Y,0,,A,PU,_Z,2,,,False,WB_WDI,WB_WDI_SH_XPD_CHEX_GD_ZS,PRT,_T,_T,_T,_Z,_Z,_Z,2011,A,PT_GDP,
1.599962,P1Y,0,,A,PU,_Z,2,,,False,WB_WDI,WB_WDI_SH_XPD_CHEX_GD_ZS,QAT,_T,_T,_T,_Z,_Z,_Z,2011,A,PT_GDP,
4.47504,P1Y,0,,A,PU,_Z,2,,,False,WB_WDI,WB_WDI_SH_XPD_CHEX_GD_ZS,ROU,_T,_T,_T,_Z,_Z,_Z,2011,A,PT_GDP,
3.562292,P1Y,0,,A,PU,_Z,2,,,False,WB_WDI,WB_WDI_SH_XPD_CHEX_GD_ZS,SAU,_T,_T,_T,_Z,_Z,_Z,2007,A,PT_GDP,
3.414966,P1Y,0,,A,PU,_Z,2,,,False,WB_WDI,WB_WDI_SH_XPD_CHEX_GD_ZS,SEN,_T,_T,_T,_Z,_Z,_Z,2007,A,PT_GDP,
9.017826,P1Y,0,,A,PU,_Z,2,,,False,WB_WDI,WB_WDI_SH_XPD_CHEX_GD_ZS,SRB,_T,_T,_T,_Z,_Z,_Z,2007,A,PT_GDP,
3.79315,P1Y,0,,A,PU,_Z,2,,,False,WB_WDI,WB_WDI_SH_XPD_CHEX_GD_ZS,SYC,_T,_T,_T,_Z,_Z,_Z,2007,A,PT_GDP,
5.31663,P1Y,0,,A,PU,_Z,2,,,False,WB_WDI,WB_WDI_SH_XPD_CHEX_GD_ZS,SLE,_T,_T,_T,_Z,_Z,_Z,2007,A,PT_GDP,
2.837491,P1Y,0,,A,PU,_Z,2,,,False,WB_WDI,WB_WDI_SH_XPD_CHEX_GD_ZS,SGP,_T,_T,_T,_Z,_Z,_Z,2007,A,PT_GDP,
7.175384,P1Y,0,,A,PU,_Z,2,,,False,WB_WDI,WB_WDI_SH_XPD_CHEX_GD_ZS,SVK,_T,_T,_T,_Z,_Z,_Z,2007,A,PT_GDP,
7.540761,P1Y,0,,A,PU,_Z,2,,,False,WB_WDI,WB_WDI_SH_XPD_CHEX_GD_ZS,SVN,_T,_T,_T,_Z,_Z,_Z,2007,A,PT_GDP,
7.185831,P1Y,0,,A,PU,_Z,2,,,False,WB_WDI,WB_WDI_SH_XPD_CHEX_GD_ZS,SLB,_T,_T,_T,_Z,_Z,_Z,2007,A,PT_GDP,
6.905108,P1Y,0,,A,PU,_Z,2,,,False,WB_WDI,WB_WDI_SH_XPD_CHEX_GD_ZS,ZAF,_T,_T,_T,_Z,_Z,_Z,2007,A,PT_GDP,
7.962412,P1Y,0,,A,PU,_Z,2,,,False,WB_WDI,WB_WDI_SH_XPD_CHEX_GD_ZS,ESP,_T,_T,_T,_Z,_Z,_Z,2007,A,PT_GDP,
10.113799,P1Y,0,,A,PU,_Z,2,,,False,WB_WDI,WB_WDI_SH_XPD_CHEX_GD_ZS,DNK,_T,_T,_T,_Z,_Z,_Z,2017,A,PT_GDP,
2.479764,P1Y,0,,A,PU,_Z,2,,,False,WB_WDI,WB_WDI_SH_XPD_CHEX_GD_ZS,DJI,_T,_T,_T,_Z,_Z,_Z,2017,A,PT_GDP,
5.462454,P1Y,0,,A,PU,_Z,2,,,False,WB_WDI,WB_WDI_SH_XPD_CHEX_GD_ZS,DMA,_T,_T,_T,_Z,_Z,_Z,2017,A,PT_GDP,
4.445627,P1Y,0,,A,PU,_Z,2,,,False,WB_WDI,WB_WDI_SH_XPD_CHEX_GD_ZS,DOM,_T,_T,_T,_Z,_Z,_Z,2017,A,PT_GDP,
7.524841,P1Y,0,,A,PU,_Z,2,,,False,WB_WDI,WB_WDI_SH_XPD_CHEX_GD_ZS,ECU,_T,_T,_T,_Z,_Z,_Z,2017,A,PT_GDP,
5.346619,P1Y,0,,A,PU,_Z,2,,,False,WB_WDI,WB_WDI_SH_XPD_CHEX_GD_ZS,EGY,_T,_T,_T,_Z,_Z,_Z,2017,A,PT_GDP,
8.422869,P1Y,0,,A,PU,_Z,2,,,False,WB_WDI,WB_WDI_SH_XPD_CHEX_GD_ZS,SLV,_T,_T,_T,_Z,_Z,_Z,2017,A,PT_GDP,
2.861216,P1Y,0,,A,PU,_Z,2,,,False,WB_WDI,WB_WDI_SH_XPD_CHEX_GD_ZS,GNQ,_T,_T,_T,_Z,_Z,_Z,2017,A,PT_GDP,
4.153594,P1Y,0,,A,PU,_Z,2,,,False,WB_WDI,WB_WDI_SH_XPD_CHEX_GD_ZS,ERI,_T,_T,_T,_Z,_Z,_Z,2017,A,PT_GDP,
6.466361,P1Y,0,,A,PU,_Z,2,,,False,WB_WDI,WB_WDI_SH_XPD_CHEX_GD_ZS,EST,_T,_T,_T,_Z,_Z,_Z,2017,A,PT_GDP,
6.981037,P1Y,0,,A,PU,_Z,2,,,False,WB_WDI,WB_WDI_SH_XPD_CHEX_GD_ZS,SWZ,_T,_T,_T,_Z,_Z,_Z,2017,A,PT_GDP,
9.32669,P1Y,0,,A,PU,_Z,2,,,False,WB_WDI,WB_WDI_SH_XPD_CHEX_GD_ZS,PRT,_T,_T,_T,_Z,_Z,_Z,2017,A,PT_GDP,
3.212371,P1Y,0,,A,PU,_Z,2,,,False,WB_WDI,WB_WDI_SH_XPD_CHEX_GD_ZS,QAT,_T,_T,_T,_Z,_Z,_Z,2017,A,PT_GDP,
5.188786,P1Y,0,,A,PU,_Z,2,,,False,WB_WDI,WB_WDI_SH_XPD_CHEX_GD_ZS,ROU,_T,_T,_T,_Z,_Z,_Z,2017,A,PT_GDP,
5.358901,P1Y,0,,A,PU,_Z,2,,,False,WB_WDI,WB_WDI_SH_XPD_CHEX_GD_ZS,RUS,_T,_T,_T,_Z,_Z,_Z,2017,A,PT_GDP,
5.376238,P1Y,0,,A,PU,_Z,2,,,False,WB_WDI,WB_WDI_SH_XPD_CHEX_GD_ZS,RWA,_T,_T,_T,_Z,_Z,_Z,2017,A,PT_GDP,
5.16343,P1Y,0,,A,PU,_Z,2,,,False,WB_WDI,WB_WDI_SH_XPD_CHEX_GD_ZS,WSM,_T,_T,_T,_Z,_Z,_Z,2017,A,PT_GDP,
8.259723,P1Y,0,,A,PU,_Z,2,,,False,WB_WDI,WB_WDI_SH_XPD_CHEX_GD_ZS,SMR,_T,_T,_T,_Z,_Z,_Z,2017,A,PT_GDP,
7.466314,P1Y,0,,A,PU,_Z,2,,,False,WB_WDI,WB_WDI_SH_XPD_CHEX_GD_ZS,STP,_T,_T,_T,_Z,_Z,_Z,2017,A,PT_GDP,
6.03126,P1Y,0,,A,PU,_Z,2,,,False,WB_WDI,WB_WDI_SH_XPD_CHEX_GD_ZS,SAU,_T,_T,_T,_Z,_Z,_Z,2017,A,PT_GDP,
4.163594,P1Y,0,,A,PU,_Z,2,,,False,WB_WDI,WB_WDI_SH_XPD_CHEX_GD_ZS,SEN,_T,_T,_T,_Z,_Z,_Z,2017,A,PT_GDP,
5.068975,P1Y,0,,A,PU,_Z,2,,,False,WB_WDI,WB_WDI_SH_XPD_CHEX_GD_ZS,COM,_T,_T,_T,_Z,_Z,_Z,2008,A,PT_GDP,
4.312548,P1Y,0,,A,PU,_Z,2,,,False,WB_WDI,WB_WDI_SH_XPD_CHEX_GD_ZS,COD,_T,_T,_T,_Z,_Z,_Z,2008,A,PT_GDP,
2.239271,P1Y,0,,A,PU,_Z,2,,,False,WB_WDI,WB_WDI_SH_XPD_CHEX_GD_ZS,COG,_T,_T,_T,_Z,_Z,_Z,2008,A,PT_GDP,
7.468548,P1Y,0,,A,PU,_Z,2,,,False,WB_WDI,WB_WDI_SH_XPD_CHEX_GD_ZS,CRI,_T,_T,_T,_Z,_Z,_Z,2008,A,PT_GDP,
4.138711,P1Y,0,,A,PU,_Z,2,,,False,WB_WDI,WB_WDI_SH_XPD_CHEX_GD_ZS,CIV,_T,_T,_T,_Z,_Z,_Z,2008,A,PT_GDP,
7.636435,P1Y,0,,A,PU,_Z,2,,,False,WB_WDI,WB_WDI_SH_XPD_CHEX_GD_ZS,HRV,_T,_T,_T,_Z,_Z,_Z,2008,A,PT_GDP,
11.314228,P1Y,0,,A,PU,_Z,2,,,False,WB_WDI,WB_WDI_SH_XPD_CHEX_GD_ZS,CUB,_T,_T,_T,_Z,_Z,_Z,2008,A,PT_GDP,
6.014308,P1Y,0,,A,PU,_Z,2,,,False,WB_WDI,WB_WDI_SH_XPD_CHEX_GD_ZS,CYP,_T,_T,_T,_Z,_Z,_Z,2008,A,PT_GDP,
6.338552,P1Y,0,,A,PU,_Z,2,,,False,WB_WDI,WB_WDI_SH_XPD_CHEX_GD_ZS,CZE,_T,_T,_T,_Z,_Z,_Z,2008,A,PT_GDP,
9.467979,P1Y,0,,A,PU,_Z,2,,,False,WB_WDI,WB_WDI_SH_XPD_CHEX_GD_ZS,DNK,_T,_T,_T,_Z,_Z,_Z,2008,A,PT_GDP,
3.612577,P1Y,0,,A,PU,_Z,2,,,False,WB_WDI,WB_WDI_SH_XPD_CHEX_GD_ZS,DJI,_T,_T,_T,_Z,_Z,_Z,2008,A,PT_GDP,
3.466094,P1Y,0,,A,PU,_Z,2,,,False,WB_WDI,WB_WDI_SH_XPD_CHEX_GD_ZS,ARE,_T,_T,_T,_Z,_Z,_Z,2015,A,PT_GDP,
9.940449,P1Y,0,,A,PU,_Z,2,,,False,WB_WDI,WB_WDI_SH_XPD_CHEX_GD_ZS,GBR,_T,_T,_T,_Z,_Z,_Z,2015,A,PT_GDP,
16.401554,P1Y,0,,A,PU,_Z,2,,,False,WB_WDI,WB_WDI_SH_XPD_CHEX_GD_ZS,USA,_T,_T,_T,_Z,_Z,_Z,2015,A,PT_GDP,
8.257037,P1Y,0,,A,PU,_Z,2,,,False,WB_WDI,WB_WDI_SH_XPD_CHEX_GD_ZS,URY,_T,_T,_T,_Z,_Z,_Z,2015,A,PT_GDP,
4.735966,P1Y,0,,A,PU,_Z,2,,,False,WB_WDI,WB_WDI_SH_XPD_CHEX_GD_ZS,UZB,_T,_T,_T,_Z,_Z,_Z,2015,A,PT_GDP,
4.158313,P1Y,0,,A,PU,_Z,2,,,False,WB_WDI,WB_WDI_SH_XPD_CHEX_GD_ZS,VUT,_T,_T,_T,_Z,_Z,_Z,2015,A,PT_GDP,
4.711409,P1Y,0,,A,PU,_Z,2,,,False,WB_WDI,WB_WDI_SH_XPD_CHEX_GD_ZS,VNM,_T,_T,_T,_Z,_Z,_Z,2015,A,PT_GDP,
9.284733,P1Y,0,,A,PU,_Z,2,,,False,WB_WDI,WB_WDI_SH_XPD_CHEX_GD_ZS,PSE,_T,_T,_T,_Z,_Z,_Z,2015,A,PT_GDP,
6.490173,P1Y,0,,A,PU,_Z,2,,,False,WB_WDI,WB_WDI_SH_XPD_CHEX_GD_ZS,YEM,_T,_T,_T,_Z,_Z,_Z,2015,A,PT_GDP,
4.481583,P1Y,0,,A,PU,_Z,2,,,False,WB_WDI,WB_WDI_SH_XPD_CHEX_GD_ZS,MLI,_T,_T,_T,_Z,_Z,_Z,2014,A,PT_GDP,
8.88464,P1Y,0,,A,PU,_Z,2,,,False,WB_WDI,WB_WDI_SH_XPD_CHEX_GD_ZS,MLT,_T,_T,_T,_Z,_Z,_Z,2014,A,PT_GDP,
12.044893,P1Y,0,,A,PU,_Z,2,,,False,WB_WDI,WB_WDI_SH_XPD_CHEX_GD_ZS,MHL,_T,_T,_T,_Z,_Z,_Z,2014,A,PT_GDP,
3.467244,P1Y,0,,A,PU,_Z,2,,,False,WB_WDI,WB_WDI_SH_XPD_CHEX_GD_ZS,MRT,_T,_T,_T,_Z,_Z,_Z,2014,A,PT_GDP,
5.380247,P1Y,0,,A,PU,_Z,2,,,False,WB_WDI,WB_WDI_SH_XPD_CHEX_GD_ZS,MUS,_T,_T,_T,_Z,_Z,_Z,2014,A,PT_GDP,
5.353368,P1Y,0,,A,PU,_Z,2,,,False,WB_WDI,WB_WDI_SH_XPD_CHEX_GD_ZS,MEX,_T,_T,_T,_Z,_Z,_Z,2014,A,PT_GDP,
11.834918,P1Y,0,,A,PU,_Z,2,,,False,WB_WDI,WB_WDI_SH_XPD_CHEX_GD_ZS,FSM,_T,_T,_T,_Z,_Z,_Z,2014,A,PT_GDP,
8.73206,P1Y,0,,A,PU,_Z,2,,,False,WB_WDI,WB_WDI_SH_XPD_CHEX_GD_ZS,MDA,_T,_T,_T,_Z,_Z,_Z,2014,A,PT_GDP,
4.441484,P1Y,0,,A,PU,_Z,2,,,False,WB_WDI,WB_WDI_SH_XPD_CHEX_GD_ZS,MCO,_T,_T,_T,_Z,_Z,_Z,2014,A,PT_GDP,
4.209898,P1Y,0,,A,PU,_Z,2,,,False,WB_WDI,WB_WDI_SH_XPD_CHEX_GD_ZS,MNG,_T,_T,_T,_Z,_Z,_Z,2014,A,PT_GDP,
8.000868,P1Y,0,,A,PU,_Z,2,,,False,WB_WDI,WB_WDI_SH_XPD_CHEX_GD_ZS,MNE,_T,_T,_T,_Z,_Z,_Z,2014,A,PT_GDP,
8.820418,P1Y,0,,A,PU,_Z,2,,,False,WB_WDI,WB_WDI_SH_XPD_CHEX_GD_ZS,BIH,_T,_T,_T,_Z,_Z,_Z,2005,A,PT_GDP,
5.265329,P1Y,0,,A,PU,_Z,2,,,False,WB_WDI,WB_WDI_SH_XPD_CHEX_GD_ZS,BWA,_T,_T,_T,_Z,_Z,_Z,2005,A,PT_GDP,
8.035396,P1Y,0,,A,PU,_Z,2,,,False,WB_WDI,WB_WDI_SH_XPD_CHEX_GD_ZS,BRA,_T,_T,_T,_Z,_Z,_Z,2005,A,PT_GDP,
2.233862,P1Y,0,,A,PU,_Z,2,,,False,WB_WDI,WB_WDI_SH_XPD_CHEX_GD_ZS,BRN,_T,_T,_T,_Z,_Z,_Z,2005,A,PT_GDP,
6.890115,P1Y,0,,A,PU,_Z,2,,,False,WB_WDI,WB_WDI_SH_XPD_CHEX_GD_ZS,BGR,_T,_T,_T,_Z,_Z,_Z,2005,A,PT_GDP,
4.837849,P1Y,0,,A,PU,_Z,2,,,False,WB_WDI,WB_WDI_SH_XPD_CHEX_GD_ZS,BFA,_T,_T,_T,_Z,_Z,_Z,2005,A,PT_GDP,
7.560166,P1Y,0,,A,PU,_Z,2,,,False,WB_WDI,WB_WDI_SH_XPD_CHEX_GD_ZS,BDI,_T,_T,_T,_Z,_Z,_Z,2005,A,PT_GDP,
3.340866,P1Y,0,,A,PU,_Z,2,,,False,WB_WDI,WB_WDI_SH_XPD_CHEX_GD_ZS,CPV,_T,_T,_T,_Z,_Z,_Z,2005,A,PT_GDP,
6.150014,P1Y,0,,A,PU,_Z,2,,,False,WB_WDI,WB_WDI_SH_XPD_CHEX_GD_ZS,KHM,_T,_T,_T,_Z,_Z,_Z,2005,A,PT_GDP,
3.772744,P1Y,0,,A,PU,_Z,2,,,False,WB_WDI,WB_WDI_SH_XPD_CHEX_GD_ZS,CMR,_T,_T,_T,_Z,_Z,_Z,2005,A,PT_GDP,
9.035298,P1Y,0,,A,PU,_Z,2,,,False,WB_WDI,WB_WDI_SH_XPD_CHEX_GD_ZS,CAN,_T,_T,_T,_Z,_Z,_Z,2005,A,PT_GDP,
3.250954,P1Y,0,,A,PU,_Z,2,,,False,WB_WDI,WB_WDI_SH_XPD_CHEX_GD_ZS,MOZ,_T,_T,_T,_Z,_Z,_Z,2003,A,PT_GDP,
2.395971,P1Y,0,,A,PU,_Z,2,,,False,WB_WDI,WB_WDI_SH_XPD_CHEX_GD_ZS,MMR,_T,_T,_T,_Z,_Z,_Z,2003,A,PT_GDP,
10.744746,P1Y,0,,A,PU,_Z,2,,,False,WB_WDI,WB_WDI_SH_XPD_CHEX_GD_ZS,NAM,_T,_T,_T,_Z,_Z,_Z,2003,A,PT_GDP,
9.974442,P1Y,0,,A,PU,_Z,2,,,False,WB_WDI,WB_WDI_SH_XPD_CHEX_GD_ZS,NRU,_T,_T,_T,_Z,_Z,_Z,2003,A,PT_GDP,
3.856073,P1Y,0,,A,PU,_Z,2,,,False,WB_WDI,WB_WDI_SH_XPD_CHEX_GD_ZS,NPL,_T,_T,_T,_Z,_Z,_Z,2003,A,PT_GDP,
9.019793,P1Y,0,,A,PU,_Z,2,,,False,WB_WDI,WB_WDI_SH_XPD_CHEX_GD_ZS,NLD,_T,_T,_T,_Z,_Z,_Z,2003,A,PT_GDP,
7.721799,P1Y,0,,A,PU,_Z,2,,,False,WB_WDI,WB_WDI_SH_XPD_CHEX_GD_ZS,NZL,_T,_T,_T,_Z,_Z,_Z,2003,A,PT_GDP,
6.083176,P1Y,0,,A,PU,_Z,2,,,False,WB_WDI,WB_WDI_SH_XPD_CHEX_GD_ZS,NIC,_T,_T,_T,_Z,_Z,_Z,2003,A,PT_GDP,
4.747406,P1Y,0,,A,PU,_Z,2,,,False,WB_WDI,WB_WDI_SH_XPD_CHEX_GD_ZS,NER,_T,_T,_T,_Z,_Z,_Z,2003,A,PT_GDP,
5.05361,P1Y,0,,A,PU,_Z,2,,,False,WB_WDI,WB_WDI_SH_XPD_CHEX_GD_ZS,NGA,_T,_T,_T,_Z,_Z,_Z,2003,A,PT_GDP,
9.008577,P1Y,0,,A,PU,_Z,2,,,False,WB_WDI,WB_WDI_SH_XPD_CHEX_GD_ZS,MKD,_T,_T,_T,_Z,_Z,_Z,2003,A,PT_GDP,
9.193551,P1Y,0,,A,PU,_Z,2,,,False,WB_WDI,WB_WDI_SH_XPD_CHEX_GD_ZS,NOR,_T,_T,_T,_Z,_Z,_Z,2003,A,PT_GDP,
5.197115,P1Y,0,,A,PU,_Z,2,,,False,WB_WDI,WB_WDI_SH_XPD_CHEX_GD_ZS,MMR,_T,_T,_T,_Z,_Z,_Z,2015,A,PT_GDP,
9.981063,P1Y,0,,A,PU,_Z,2,,,False,WB_WDI,WB_WDI_SH_XPD_CHEX_GD_ZS,NAM,_T,_T,_T,_Z,_Z,_Z,2015,A,PT_GDP,
13.913319,P1Y,0,,A,PU,_Z,2,,,False,WB_WDI,WB_WDI_SH_XPD_CHEX_GD_ZS,NRU,_T,_T,_T,_Z,_Z,_Z,2015,A,PT_GDP,
5.466156,P1Y,0,,A,PU,_Z,2,,,False,WB_WDI,WB_WDI_SH_XPD_CHEX_GD_ZS,NPL,_T,_T,_T,_Z,_Z,_Z,2015,A,PT_GDP,
10.18858,P1Y,0,,A,PU,_Z,2,,,False,WB_WDI,WB_WDI_SH_XPD_CHEX_GD_ZS,NLD,_T,_T,_T,_Z,_Z,_Z,2015,A,PT_GDP,
8.889206,P1Y,0,,A,PU,_Z,2,,,False,WB_WDI,WB_WDI_SH_XPD_CHEX_GD_ZS,NZL,_T,_T,_T,_Z,_Z,_Z,2015,A,PT_GDP,
7.963033,P1Y,0,,A,PU,_Z,2,,,False,WB_WDI,WB_WDI_SH_XPD_CHEX_GD_ZS,NIC,_T,_T,_T,_Z,_Z,_Z,2015,A,PT_GDP,
5.347459,P1Y,0,,A,PU,_Z,2,,,False,WB_WDI,WB_WDI_SH_XPD_CHEX_GD_ZS,NER,_T,_T,_T,_Z,_Z,_Z,2015,A,PT_GDP,
3.58195,P1Y,0,,A,PU,_Z,2,,,False,WB_WDI,WB_WDI_SH_XPD_CHEX_GD_ZS,NGA,_T,_T,_T,_Z,_Z,_Z,2015,A,PT_GDP,
6.342279,P1Y,0,,A,PU,_Z,2,,,False,WB_WDI,WB_WDI_SH_XPD_CHEX_GD_ZS,MKD,_T,_T,_T,_Z,_Z,_Z,2015,A,PT_GDP,
5.952253,P1Y,0,,A,PU,_Z,2,,,False,WB_WDI,WB_WDI_SH_XPD_CHEX_GD_ZS,LUX,_T,_T,_T,_Z,_Z,_Z,2011,A,PT_GDP,
4.521595,P1Y,0,,A,PU,_Z,2,,,False,WB_WDI,WB_WDI_SH_XPD_CHEX_GD_ZS,MDG,_T,_T,_T,_Z,_Z,_Z,2011,A,PT_GDP,
5.322267,P1Y,0,,A,PU,_Z,2,,,False,WB_WDI,WB_WDI_SH_XPD_CHEX_GD_ZS,MWI,_T,_T,_T,_Z,_Z,_Z,2011,A,PT_GDP,
3.314519,P1Y,0,,A,PU,_Z,2,,,False,WB_WDI,WB_WDI_SH_XPD_CHEX_GD_ZS,MYS,_T,_T,_T,_Z,_Z,_Z,2011,A,PT_GDP,
7.922516,P1Y,0,,A,PU,_Z,2,,,False,WB_WDI,WB_WDI_SH_XPD_CHEX_GD_ZS,MDV,_T,_T,_T,_Z,_Z,_Z,2011,A,PT_GDP,
4.01485,P1Y,0,,A,PU,_Z,2,,,False,WB_WDI,WB_WDI_SH_XPD_CHEX_GD_ZS,MLI,_T,_T,_T,_Z,_Z,_Z,2011,A,PT_GDP,
8.318167,P1Y,0,,A,PU,_Z,2,,,False,WB_WDI,WB_WDI_SH_XPD_CHEX_GD_ZS,MLT,_T,_T,_T,_Z,_Z,_Z,2011,A,PT_GDP,
11.359054,P1Y,0,,A,PU,_Z,2,,,False,WB_WDI,WB_WDI_SH_XPD_CHEX_GD_ZS,MHL,_T,_T,_T,_Z,_Z,_Z,2011,A,PT_GDP,
2.473837,P1Y,0,,A,PU,_Z,2,,,False,WB_WDI,WB_WDI_SH_XPD_CHEX_GD_ZS,MRT,_T,_T,_T,_Z,_Z,_Z,2011,A,PT_GDP,
4.250597,P1Y,0,,A,PU,_Z,2,,,False,WB_WDI,WB_WDI_SH_XPD_CHEX_GD_ZS,MUS,_T,_T,_T,_Z,_Z,_Z,2011,A,PT_GDP,
7.749041,P1Y,0,,A,PU,_Z,2,,,False,WB_WDI,WB_WDI_SH_XPD_CHEX_GD_ZS,MDA,_T,_T,_T,_Z,_Z,_Z,2021,A,PT_GDP,
3.674946,P1Y,0,,A,PU,_Z,2,,,False,WB_WDI,WB_WDI_SH_XPD_CHEX_GD_ZS,MCO,_T,_T,_T,_Z,_Z,_Z,2021,A,PT_GDP,
7.210427,P1Y,0,,A,PU,_Z,2,,,False,WB_WDI,WB_WDI_SH_XPD_CHEX_GD_ZS,MNG,_T,_T,_T,_Z,_Z,_Z,2021,A,PT_GDP,
10.552535,P1Y,0,,A,PU,_Z,2,,,False,WB_WDI,WB_WDI_SH_XPD_CHEX_GD_ZS,MNE,_T,_T,_T,_Z,_Z,_Z,2021,A,PT_GDP,
5.453145,P1Y,0,,A,PU,_Z,2,,,False,WB_WDI,WB_WDI_SH_XPD_CHEX_GD_ZS,MAR,_T,_T,_T,_Z,_Z,_Z,2021,A,PT_GDP,
8.648414,P1Y,0,,A,PU,_Z,2,,,False,WB_WDI,WB_WDI_SH_XPD_CHEX_GD_ZS,MOZ,_T,_T,_T,_Z,_Z,_Z,2021,A,PT_GDP,
5.535306,P1Y,0,,A,PU,_Z,2,,,False,WB_WDI,WB_WDI_SH_XPD_CHEX_GD_ZS,MMR,_T,_T,_T,_Z,_Z,_Z,2021,A,PT_GDP,
10.196447,P1Y,0,,A,PU,_Z,2,,,False,WB_WDI,WB_WDI_SH_XPD_CHEX_GD_ZS,NAM,_T,_T,_T,_Z,_Z,_Z,2021,A,PT_GDP,
10.853991,P1Y,0,,A,PU,_Z,2,,,False,WB_WDI,WB_WDI_SH_XPD_CHEX_GD_ZS,NRU,_T,_T,_T,_Z,_Z,_Z,2021,A,PT_GDP,
5.534983,P1Y,0,,A,PU,_Z,2,,,False,WB_WDI,WB_WDI_SH_XPD_CHEX_GD_ZS,NPL,_T,_T,_T,_Z,_Z,_Z,2021,A,PT_GDP,
11.13499,P1Y,0,,A,PU,_Z,2,,,False,WB_WDI,WB_WDI_SH_XPD_CHEX_GD_ZS,NLD,_T,_T,_T,_Z,_Z,_Z,2021,A,PT_GDP,
9.550724,P1Y,0,,A,PU,_Z,2,,,False,WB_WDI,WB_WDI_SH_XPD_CHEX_GD_ZS,NZL,_T,_T,_T,_Z,_Z,_Z,2021,A,PT_GDP,
7.805159,P1Y,0,,A,PU,_Z,2,,,True,WB_WDI,WB_WDI_SH_XPD_CHEX_GD_ZS,LBY,_T,_T,_T,_Z,_Z,_Z,2023,A,PT_GDP,
5.714607,P1Y,0,,A,PU,_Z,2,,,True,WB_WDI,WB_WDI_SH_XPD_CHEX_GD_ZS,LIE,_T,_T,_T,_Z,_Z,_Z,2023,A,PT_GDP,
7.318019,P1Y,0,,A,PU,_Z,2,,,False,WB_WDI,WB_WDI_SH_XPD_CHEX_GD_ZS,LTU,_T,_T,_T,_Z,_Z,_Z,2023,A,PT_GDP,
5.78778,P1Y,0,,A,PU,_Z,2,,,False,WB_WDI,WB_WDI_SH_XPD_CHEX_GD_ZS,LUX,_T,_T,_T,_Z,_Z,_Z,2023,A,PT_GDP,
3.42823,P1Y,0,,A,PU,_Z,2,,,True,WB_WDI,WB_WDI_SH_XPD_CHEX_GD_ZS,MDG,_T,_T,_T,_Z,_Z,_Z,2023,A,PT_GDP,
6.534596,P1Y,0,,A,PU,_Z,2,,,True,WB_WDI,WB_WDI_SH_XPD_CHEX_GD_ZS,MWI,_T,_T,_T,_Z,_Z,_Z,2023,A,PT_GDP,
3.9576,P1Y,0,,A,PU,_Z,2,,,True,WB_WDI,WB_WDI_SH_XPD_CHEX_GD_ZS,MYS,_T,_T,_T,_Z,_Z,_Z,2023,A,PT_GDP,
9.249736,P1Y,0,,A,PU,_Z,2,,,True,WB_WDI,WB_WDI_SH_XPD_CHEX_GD_ZS,MDV,_T,_T,_T,_Z,_Z,_Z,2023,A,PT_GDP,
3.81317,P1Y,0,,A,PU,_Z,2,,,True,WB_WDI,WB_WDI_SH_XPD_CHEX_GD_ZS,MLI,_T,_T,_T,_Z,_Z,_Z,2023,A,PT_GDP,
8.843014,P1Y,0,,A,PU,_Z,2,,,True,WB_WDI,WB_WDI_SH_XPD_CHEX_GD_ZS,MLT,_T,_T,_T,_Z,_Z,_Z,2023,A,PT_GDP,
13.40529,P1Y,0,,A,PU,_Z,2,,,True,WB_WDI,WB_WDI_SH_XPD_CHEX_GD_ZS,MHL,_T,_T,_T,_Z,_Z,_Z,2023,A,PT_GDP,
4.343335,P1Y,0,,A,PU,_Z,2,,,True,WB_WDI,WB_WDI_SH_XPD_CHEX_GD_ZS,MRT,_T,_T,_T,_Z,_Z,_Z,2023,A,PT_GDP,
5.565445,P1Y,0,,A,PU,_Z,2,,,True,WB_WDI,WB_WDI_SH_XPD_CHEX_GD_ZS,MUS,_T,_T,_T,_Z,_Z,_Z,2023,A,PT_GDP,
5.503987,P1Y,0,,A,PU,_Z,2,,,True,WB_WDI,WB_WDI_SH_XPD_CHEX_GD_ZS,MEX,_T,_T,_T,_Z,_Z,_Z,2023,A,PT_GDP,
5.049688,P1Y,0,,A,PU,_Z,2,,,False,WB_WDI,WB_WDI_SH_XPD_CHEX_GD_ZS,DMA,_T,_T,_T,_Z,_Z,_Z,2008,A,PT_GDP,
4.56442,P1Y,0,,A,PU,_Z,2,,,False,WB_WDI,WB_WDI_SH_XPD_CHEX_GD_ZS,DOM,_T,_T,_T,_Z,_Z,_Z,2008,A,PT_GDP,
5.521749,P1Y,0,,A,PU,_Z,2,,,False,WB_WDI,WB_WDI_SH_XPD_CHEX_GD_ZS,ECU,_T,_T,_T,_Z,_Z,_Z,2008,A,PT_GDP,
4.466348,P1Y,0,,A,PU,_Z,2,,,False,WB_WDI,WB_WDI_SH_XPD_CHEX_GD_ZS,EGY,_T,_T,_T,_Z,_Z,_Z,2008,A,PT_GDP,
8.495859,P1Y,0,,A,PU,_Z,2,,,False,WB_WDI,WB_WDI_SH_XPD_CHEX_GD_ZS,SLV,_T,_T,_T,_Z,_Z,_Z,2008,A,PT_GDP,
1.233332,P1Y,0,,A,PU,_Z,2,,,False,WB_WDI,WB_WDI_SH_XPD_CHEX_GD_ZS,GNQ,_T,_T,_T,_Z,_Z,_Z,2008,A,PT_GDP,
6.578075,P1Y,0,,A,PU,_Z,2,,,False,WB_WDI,WB_WDI_SH_XPD_CHEX_GD_ZS,ERI,_T,_T,_T,_Z,_Z,_Z,2008,A,PT_GDP,
5.956941,P1Y,0,,A,PU,_Z,2,,,False,WB_WDI,WB_WDI_SH_XPD_CHEX_GD_ZS,EST,_T,_T,_T,_Z,_Z,_Z,2008,A,PT_GDP,
8.857929,P1Y,0,,A,PU,_Z,2,,,False,WB_WDI,WB_WDI_SH_XPD_CHEX_GD_ZS,SWZ,_T,_T,_T,_Z,_Z,_Z,2008,A,PT_GDP,
4.280639,P1Y,0,,A,PU,_Z,2,,,False,WB_WDI,WB_WDI_SH_XPD_CHEX_GD_ZS,ETH,_T,_T,_T,_Z,_Z,_Z,2008,A,PT_GDP,
3.184671,P1Y,0,,A,PU,_Z,2,,,False,WB_WDI,WB_WDI_SH_XPD_CHEX_GD_ZS,FJI,_T,_T,_T,_Z,_Z,_Z,2008,A,PT_GDP,
8.306436,P1Y,0,,A,PU,_Z,2,,,False,WB_WDI,WB_WDI_SH_XPD_CHEX_GD_ZS,SRB,_T,_T,_T,_Z,_Z,_Z,2020,A,PT_GDP,
5.837092,P1Y,0,,A,PU,_Z,2,,,False,WB_WDI,WB_WDI_SH_XPD_CHEX_GD_ZS,SYC,_T,_T,_T,_Z,_Z,_Z,2020,A,PT_GDP,
5.664897,P1Y,0,,A,PU,_Z,2,,,False,WB_WDI,WB_WDI_SH_XPD_CHEX_GD_ZS,SLE,_T,_T,_T,_Z,_Z,_Z,2020,A,PT_GDP,
5.700153,P1Y,0,,A,PU,_Z,2,,,False,WB_WDI,WB_WDI_SH_XPD_CHEX_GD_ZS,SGP,_T,_T,_T,_Z,_Z,_Z,2020,A,PT_GDP,
7.060278,P1Y,0,,A,PU,_Z,2,,,False,WB_WDI,WB_WDI_SH_XPD_CHEX_GD_ZS,SVK,_T,_T,_T,_Z,_Z,_Z,2020,A,PT_GDP,
9.489844,P1Y,0,,A,PU,_Z,2,,,False,WB_WDI,WB_WDI_SH_XPD_CHEX_GD_ZS,SVN,_T,_T,_T,_Z,_Z,_Z,2020,A,PT_GDP,
4.894784,P1Y,0,,A,PU,_Z,2,,,False,WB_WDI,WB_WDI_SH_XPD_CHEX_GD_ZS,SLB,_T,_T,_T,_Z,_Z,_Z,2020,A,PT_GDP,
2.470105,P1Y,0,,A,PU,_Z,2,,,False,WB_WDI,WB_WDI_SH_XPD_CHEX_GD_ZS,SOM,_T,_T,_T,_Z,_Z,_Z,2020,A,PT_GDP,
9.021741,P1Y,0,,A,PU,_Z,2,,,False,WB_WDI,WB_WDI_SH_XPD_CHEX_GD_ZS,ZAF,_T,_T,_T,_Z,_Z,_Z,2020,A,PT_GDP,
9.351167,P1Y,0,,A,PU,_Z,2,,,False,WB_WDI,WB_WDI_SH_XPD_CHEX_GD_ZS,SSD,_T,_T,_T,_Z,_Z,_Z,2020,A,PT_GDP,
10.794792,P1Y,0,,A,PU,_Z,2,,,False,WB_WDI,WB_WDI_SH_XPD_CHEX_GD_ZS,ESP,_T,_T,_T,_Z,_Z,_Z,2020,A,PT_GDP,
7.311346,P1Y,0,,A,PU,_Z,2,,,False,WB_WDI,WB_WDI_SH_XPD_CHEX_GD_ZS,COL,_T,_T,_T,_Z,_Z,_Z,2009,A,PT_GDP,
4.926944,P1Y,0,,A,PU,_Z,2,,,False,WB_WDI,WB_WDI_SH_XPD_CHEX_GD_ZS,COM,_T,_T,_T,_Z,_Z,_Z,2009,A,PT_GDP,
4.511332,P1Y,0,,A,PU,_Z,2,,,False,WB_WDI,WB_WDI_SH_XPD_CHEX_GD_ZS,COD,_T,_T,_T,_Z,_Z,_Z,2009,A,PT_GDP,
2.142222,P1Y,0,,A,PU,_Z,2,,,False,WB_WDI,WB_WDI_SH_XPD_CHEX_GD_ZS,COG,_T,_T,_T,_Z,_Z,_Z,2009,A,PT_GDP,
7.860192,P1Y,0,,A,PU,_Z,2,,,False,WB_WDI,WB_WDI_SH_XPD_CHEX_GD_ZS,CRI,_T,_T,_T,_Z,_Z,_Z,2009,A,PT_GDP,
4.639714,P1Y,0,,A,PU,_Z,2,,,False,WB_WDI,WB_WDI_SH_XPD_CHEX_GD_ZS,CIV,_T,_T,_T,_Z,_Z,_Z,2009,A,PT_GDP,
8.033117,P1Y,0,,A,PU,_Z,2,,,False,WB_WDI,WB_WDI_SH_XPD_CHEX_GD_ZS,HRV,_T,_T,_T,_Z,_Z,_Z,2009,A,PT_GDP,
12.29054,P1Y,0,,A,PU,_Z,2,,,False,WB_WDI,WB_WDI_SH_XPD_CHEX_GD_ZS,CUB,_T,_T,_T,_Z,_Z,_Z,2009,A,PT_GDP,
6.465315,P1Y,0,,A,PU,_Z,2,,,False,WB_WDI,WB_WDI_SH_XPD_CHEX_GD_ZS,CYP,_T,_T,_T,_Z,_Z,_Z,2009,A,PT_GDP,
7.265001,P1Y,0,,A,PU,_Z,2,,,False,WB_WDI,WB_WDI_SH_XPD_CHEX_GD_ZS,CZE,_T,_T,_T,_Z,_Z,_Z,2009,A,PT_GDP,
10.628732,P1Y,0,,A,PU,_Z,2,,,False,WB_WDI,WB_WDI_SH_XPD_CHEX_GD_ZS,DNK,_T,_T,_T,_Z,_Z,_Z,2009,A,PT_GDP,
13.330668,P1Y,0,,A,PU,_Z,2,,,False,WB_WDI,WB_WDI_SH_XPD_CHEX_GD_ZS,FSM,_T,_T,_T,_Z,_Z,_Z,2010,A,PT_GDP,
10.131128,P1Y,0,,A,PU,_Z,2,,,False,WB_WDI,WB_WDI_SH_XPD_CHEX_GD_ZS,MDA,_T,_T,_T,_Z,_Z,_Z,2010,A,PT_GDP,
4.958329,P1Y,0,,A,PU,_Z,2,,,False,WB_WDI,WB_WDI_SH_XPD_CHEX_GD_ZS,MCO,_T,_T,_T,_Z,_Z,_Z,2010,A,PT_GDP,
3.739456,P1Y,0,,A,PU,_Z,2,,,False,WB_WDI,WB_WDI_SH_XPD_CHEX_GD_ZS,MNG,_T,_T,_T,_Z,_Z,_Z,2010,A,PT_GDP,
5.418611,P1Y,0,,A,PU,_Z,2,,,False,WB_WDI,WB_WDI_SH_XPD_CHEX_GD_ZS,MAR,_T,_T,_T,_Z,_Z,_Z,2010,A,PT_GDP,
5.292497,P1Y,0,,A,PU,_Z,2,,,False,WB_WDI,WB_WDI_SH_XPD_CHEX_GD_ZS,MOZ,_T,_T,_T,_Z,_Z,_Z,2010,A,PT_GDP,
1.967938,P1Y,0,,A,PU,_Z,2,,,False,WB_WDI,WB_WDI_SH_XPD_CHEX_GD_ZS,MMR,_T,_T,_T,_Z,_Z,_Z,2010,A,PT_GDP,
10.622789,P1Y,0,,A,PU,_Z,2,,,False,WB_WDI,WB_WDI_SH_XPD_CHEX_GD_ZS,NAM,_T,_T,_T,_Z,_Z,_Z,2010,A,PT_GDP,
12.696401,P1Y,0,,A,PU,_Z,2,,,False,WB_WDI,WB_WDI_SH_XPD_CHEX_GD_ZS,NRU,_T,_T,_T,_Z,_Z,_Z,2010,A,PT_GDP,
4.361315,P1Y,0,,A,PU,_Z,2,,,False,WB_WDI,WB_WDI_SH_XPD_CHEX_GD_ZS,NPL,_T,_T,_T,_Z,_Z,_Z,2010,A,PT_GDP,
10.069922,P1Y,0,,A,PU,_Z,2,,,False,WB_WDI,WB_WDI_SH_XPD_CHEX_GD_ZS,NOR,_T,_T,_T,_Z,_Z,_Z,2015,A,PT_GDP,
4.078262,P1Y,0,,A,PU,_Z,2,,,False,WB_WDI,WB_WDI_SH_XPD_CHEX_GD_ZS,OMN,_T,_T,_T,_Z,_Z,_Z,2015,A,PT_GDP,
2.494933,P1Y,0,,A,PU,_Z,2,,,False,WB_WDI,WB_WDI_SH_XPD_CHEX_GD_ZS,PAK,_T,_T,_T,_Z,_Z,_Z,2015,A,PT_GDP,
9.763253,P1Y,0,,A,PU,_Z,2,,,False,WB_WDI,WB_WDI_SH_XPD_CHEX_GD_ZS,PLW,_T,_T,_T,_Z,_Z,_Z,2015,A,PT_GDP,
6.936985,P1Y,0,,A,PU,_Z,2,,,False,WB_WDI,WB_WDI_SH_XPD_CHEX_GD_ZS,PAN,_T,_T,_T,_Z,_Z,_Z,2015,A,PT_GDP,
1.818817,P1Y,0,,A,PU,_Z,2,,,False,WB_WDI,WB_WDI_SH_XPD_CHEX_GD_ZS,PNG,_T,_T,_T,_Z,_Z,_Z,2015,A,PT_GDP,
6.691658,P1Y,0,,A,PU,_Z,2,,,False,WB_WDI,WB_WDI_SH_XPD_CHEX_GD_ZS,PRY,_T,_T,_T,_Z,_Z,_Z,2015,A,PT_GDP,
4.904536,P1Y,0,,A,PU,_Z,2,,,False,WB_WDI,WB_WDI_SH_XPD_CHEX_GD_ZS,PER,_T,_T,_T,_Z,_Z,_Z,2015,A,PT_GDP,
3.898275,P1Y,0,,A,PU,_Z,2,,,False,WB_WDI,WB_WDI_SH_XPD_CHEX_GD_ZS,PHL,_T,_T,_T,_Z,_Z,_Z,2015,A,PT_GDP,
6.364903,P1Y,0,,A,PU,_Z,2,,,False,WB_WDI,WB_WDI_SH_XPD_CHEX_GD_ZS,POL,_T,_T,_T,_Z,_Z,_Z,2015,A,PT_GDP,
9.333099,P1Y,0,,A,PU,_Z,2,,,False,WB_WDI,WB_WDI_SH_XPD_CHEX_GD_ZS,PRT,_T,_T,_T,_Z,_Z,_Z,2015,A,PT_GDP,
5.49814,P1Y,0,,A,PU,_Z,2,,,False,WB_WDI,WB_WDI_SH_XPD_CHEX_GD_ZS,ARM,_T,_T,_T,_Z,_Z,_Z,2007,A,PT_GDP,
8.051715,P1Y,0,,A,PU,_Z,2,,,False,WB_WDI,WB_WDI_SH_XPD_CHEX_GD_ZS,AUS,_T,_T,_T,_Z,_Z,_Z,2007,A,PT_GDP,
9.604826,P1Y,0,,A,PU,_Z,2,,,False,WB_WDI,WB_WDI_SH_XPD_CHEX_GD_ZS,AUT,_T,_T,_T,_Z,_Z,_Z,2007,A,PT_GDP,
1.994223,P1Y,0,,A,PU,_Z,2,,,False,WB_WDI,WB_WDI_SH_XPD_CHEX_GD_ZS,AZE,_T,_T,_T,_Z,_Z,_Z,2007,A,PT_GDP,
4.495987,P1Y,0,,A,PU,_Z,2,,,False,WB_WDI,WB_WDI_SH_XPD_CHEX_GD_ZS,BHS,_T,_T,_T,_Z,_Z,_Z,2007,A,PT_GDP,
3.160711,P1Y,0,,A,PU,_Z,2,,,False,WB_WDI,WB_WDI_SH_XPD_CHEX_GD_ZS,BHR,_T,_T,_T,_Z,_Z,_Z,2007,A,PT_GDP,
2.172685,P1Y,0,,A,PU,_Z,2,,,False,WB_WDI,WB_WDI_SH_XPD_CHEX_GD_ZS,BGD,_T,_T,_T,_Z,_Z,_Z,2007,A,PT_GDP,
5.368631,P1Y,0,,A,PU,_Z,2,,,False,WB_WDI,WB_WDI_SH_XPD_CHEX_GD_ZS,BRB,_T,_T,_T,_Z,_Z,_Z,2007,A,PT_GDP,
5.691724,P1Y,0,,A,PU,_Z,2,,,False,WB_WDI,WB_WDI_SH_XPD_CHEX_GD_ZS,BLR,_T,_T,_T,_Z,_Z,_Z,2007,A,PT_GDP,
9.139289,P1Y,0,,A,PU,_Z,2,,,False,WB_WDI,WB_WDI_SH_XPD_CHEX_GD_ZS,BEL,_T,_T,_T,_Z,_Z,_Z,2007,A,PT_GDP,
6.949932,P1Y,0,,A,PU,_Z,2,,,False,WB_WDI,WB_WDI_SH_XPD_CHEX_GD_ZS,LUX,_T,_T,_T,_Z,_Z,_Z,2009,A,PT_GDP,
4.384698,P1Y,0,,A,PU,_Z,2,,,False,WB_WDI,WB_WDI_SH_XPD_CHEX_GD_ZS,MDG,_T,_T,_T,_Z,_Z,_Z,2009,A,PT_GDP,
5.873338,P1Y,0,,A,PU,_Z,2,,,False,WB_WDI,WB_WDI_SH_XPD_CHEX_GD_ZS,MWI,_T,_T,_T,_Z,_Z,_Z,2009,A,PT_GDP,
3.261057,P1Y,0,,A,PU,_Z,2,,,False,WB_WDI,WB_WDI_SH_XPD_CHEX_GD_ZS,MYS,_T,_T,_T,_Z,_Z,_Z,2009,A,PT_GDP,
10.092881,P1Y,0,,A,PU,_Z,2,,,False,WB_WDI,WB_WDI_SH_XPD_CHEX_GD_ZS,MDV,_T,_T,_T,_Z,_Z,_Z,2009,A,PT_GDP,
5.212257,P1Y,0,,A,PU,_Z,2,,,False,WB_WDI,WB_WDI_SH_XPD_CHEX_GD_ZS,MLI,_T,_T,_T,_Z,_Z,_Z,2009,A,PT_GDP,
7.888543,P1Y,0,,A,PU,_Z,2,,,False,WB_WDI,WB_WDI_SH_XPD_CHEX_GD_ZS,MLT,_T,_T,_T,_Z,_Z,_Z,2009,A,PT_GDP,
18.729288,P1Y,0,,A,PU,_Z,2,,,False,WB_WDI,WB_WDI_SH_XPD_CHEX_GD_ZS,MHL,_T,_T,_T,_Z,_Z,_Z,2009,A,PT_GDP,
3.11034,P1Y,0,,A,PU,_Z,2,,,False,WB_WDI,WB_WDI_SH_XPD_CHEX_GD_ZS,MRT,_T,_T,_T,_Z,_Z,_Z,2009,A,PT_GDP,
4.170356,P1Y,0,,A,PU,_Z,2,,,False,WB_WDI,WB_WDI_SH_XPD_CHEX_GD_ZS,MUS,_T,_T,_T,_Z,_Z,_Z,2009,A,PT_GDP,
6.6559,P1Y,0,,A,PU,_Z,2,,,False,WB_WDI,WB_WDI_SH_XPD_CHEX_GD_ZS,CEB,_T,_T,_T,_Z,_Z,_Z,2013,A,PT_GDP,
4.95743,P1Y,0,,A,PU,_Z,2,,,False,WB_WDI,WB_WDI_SH_XPD_CHEX_GD_ZS,EAR,_T,_T,_T,_Z,_Z,_Z,2013,A,PT_GDP,
6.466068,P1Y,0,,A,PU,_Z,2,,,False,WB_WDI,WB_WDI_SH_XPD_CHEX_GD_ZS,EAS,_T,_T,_T,_Z,_Z,_Z,2013,A,PT_GDP,
4.408007,P1Y,0,,A,PU,_Z,2,,,False,WB_WDI,WB_WDI_SH_XPD_CHEX_GD_ZS,EAP,_T,_T,_T,_Z,_Z,_Z,2013,A,PT_GDP,
4.40817,P1Y,0,,A,PU,_Z,2,,,False,WB_WDI,WB_WDI_SH_XPD_CHEX_GD_ZS,TEA,_T,_T,_T,_Z,_Z,_Z,2013,A,PT_GDP,
10.139766,P1Y,0,,A,PU,_Z,2,,,False,WB_WDI,WB_WDI_SH_XPD_CHEX_GD_ZS,EMU,_T,_T,_T,_Z,_Z,_Z,2013,A,PT_GDP,
9.063951,P1Y,0,,A,PU,_Z,2,,,False,WB_WDI,WB_WDI_SH_XPD_CHEX_GD_ZS,ECS,_T,_T,_T,_Z,_Z,_Z,2013,A,PT_GDP,
4.814288,P1Y,0,,A,PU,_Z,2,,,False,WB_WDI,WB_WDI_SH_XPD_CHEX_GD_ZS,ECA,_T,_T,_T,_Z,_Z,_Z,2013,A,PT_GDP,
5.171475,P1Y,0,,A,PU,_Z,2,,,False,WB_WDI,WB_WDI_SH_XPD_CHEX_GD_ZS,TEC,_T,_T,_T,_Z,_Z,_Z,2013,A,PT_GDP,
9.927883,P1Y,0,,A,PU,_Z,2,,,False,WB_WDI,WB_WDI_SH_XPD_CHEX_GD_ZS,EUU,_T,_T,_T,_Z,_Z,_Z,2013,A,PT_GDP,
4.884585,P1Y,0,,A,PU,_Z,2,,,False,WB_WDI,WB_WDI_SH_XPD_CHEX_GD_ZS,HPC,_T,_T,_T,_Z,_Z,_Z,2013,A,PT_GDP,
11.337298,P1Y,0,,A,PU,_Z,2,,,False,WB_WDI,WB_WDI_SH_XPD_CHEX_GD_ZS,HIC,_T,_T,_T,_Z,_Z,_Z,2013,A,PT_GDP,
5.208316,P1Y,0,,A,PU,_Z,2,,,False,WB_WDI,WB_WDI_SH_XPD_CHEX_GD_ZS,IBD,_T,_T,_T,_Z,_Z,_Z,2013,A,PT_GDP,
6.864176,P1Y,0,,A,PU,_Z,2,,,False,WB_WDI,WB_WDI_SH_XPD_CHEX_GD_ZS,ERI,_T,_T,_T,_Z,_Z,_Z,2005,A,PT_GDP,
5.294346,P1Y,0,,A,PU,_Z,2,,,False,WB_WDI,WB_WDI_SH_XPD_CHEX_GD_ZS,EST,_T,_T,_T,_Z,_Z,_Z,2005,A,PT_GDP,
7.376234,P1Y,0,,A,PU,_Z,2,,,False,WB_WDI,WB_WDI_SH_XPD_CHEX_GD_ZS,SWZ,_T,_T,_T,_Z,_Z,_Z,2005,A,PT_GDP,
4.100981,P1Y,0,,A,PU,_Z,2,,,False,WB_WDI,WB_WDI_SH_XPD_CHEX_GD_ZS,ETH,_T,_T,_T,_Z,_Z,_Z,2005,A,PT_GDP,
3.256567,P1Y,0,,A,PU,_Z,2,,,False,WB_WDI,WB_WDI_SH_XPD_CHEX_GD_ZS,FJI,_T,_T,_T,_Z,_Z,_Z,2005,A,PT_GDP,
8.289013,P1Y,0,,A,PU,_Z,2,,,False,WB_WDI,WB_WDI_SH_XPD_CHEX_GD_ZS,FIN,_T,_T,_T,_Z,_Z,_Z,2005,A,PT_GDP,
10.237206,P1Y,0,,A,PU,_Z,2,,,False,WB_WDI,WB_WDI_SH_XPD_CHEX_GD_ZS,FRA,_T,_T,_T,_Z,_Z,_Z,2005,A,PT_GDP,
2.921752,P1Y,0,,A,PU,_Z,2,,,False,WB_WDI,WB_WDI_SH_XPD_CHEX_GD_ZS,GAB,_T,_T,_T,_Z,_Z,_Z,2005,A,PT_GDP,
5.386024,P1Y,0,,A,PU,_Z,2,,,False,WB_WDI,WB_WDI_SH_XPD_CHEX_GD_ZS,GMB,_T,_T,_T,_Z,_Z,_Z,2005,A,PT_GDP,
8.077342,P1Y,0,,A,PU,_Z,2,,,False,WB_WDI,WB_WDI_SH_XPD_CHEX_GD_ZS,GEO,_T,_T,_T,_Z,_Z,_Z,2005,A,PT_GDP,
3.469633,P1Y,0,,A,PU,_Z,2,,,False,WB_WDI,WB_WDI_SH_XPD_CHEX_GD_ZS,TZA,_T,_T,_T,_Z,_Z,_Z,2021,A,PT_GDP,
5.154,P1Y,0,,A,PU,_Z,2,,,False,WB_WDI,WB_WDI_SH_XPD_CHEX_GD_ZS,THA,_T,_T,_T,_Z,_Z,_Z,2021,A,PT_GDP,
4.919298,P1Y,0,,A,PU,_Z,2,,,False,WB_WDI,WB_WDI_SH_XPD_CHEX_GD_ZS,TLS,_T,_T,_T,_Z,_Z,_Z,2021,A,PT_GDP,
5.616597,P1Y,0,,A,PU,_Z,2,,,False,WB_WDI,WB_WDI_SH_XPD_CHEX_GD_ZS,TGO,_T,_T,_T,_Z,_Z,_Z,2021,A,PT_GDP,
7.062541,P1Y,0,,A,PU,_Z,2,,,False,WB_WDI,WB_WDI_SH_XPD_CHEX_GD_ZS,TON,_T,_T,_T,_Z,_Z,_Z,2021,A,PT_GDP,
7.205213,P1Y,0,,A,PU,_Z,2,,,False,WB_WDI,WB_WDI_SH_XPD_CHEX_GD_ZS,TTO,_T,_T,_T,_Z,_Z,_Z,2021,A,PT_GDP,
7.34184,P1Y,0,,A,PU,_Z,2,,,False,WB_WDI,WB_WDI_SH_XPD_CHEX_GD_ZS,TUN,_T,_T,_T,_Z,_Z,_Z,2021,A,PT_GDP,
4.560656,P1Y,0,,A,PU,_Z,2,,,False,WB_WDI,WB_WDI_SH_XPD_CHEX_GD_ZS,TUR,_T,_T,_T,_Z,_Z,_Z,2021,A,PT_GDP,
5.491966,P1Y,0,,A,PU,_Z,2,,,False,WB_WDI,WB_WDI_SH_XPD_CHEX_GD_ZS,TKM,_T,_T,_T,_Z,_Z,_Z,2021,A,PT_GDP,
18.574112,P1Y,0,,A,PU,_Z,2,,,False,WB_WDI,WB_WDI_SH_XPD_CHEX_GD_ZS,TUV,_T,_T,_T,_Z,_Z,_Z,2021,A,PT_GDP,
5.473749,P1Y,0,,A,PU,_Z,2,,,False,WB_WDI,WB_WDI_SH_XPD_CHEX_GD_ZS,UGA,_T,_T,_T,_Z,_Z,_Z,2021,A,PT_GDP,
5.255942,P1Y,0,,A,PU,_Z,2,,,False,WB_WDI,WB_WDI_SH_XPD_CHEX_GD_ZS,BHS,_T,_T,_T,_Z,_Z,_Z,2010,A,PT_GDP,
3.922595,P1Y,0,,A,PU,_Z,2,,,False,WB_WDI,WB_WDI_SH_XPD_CHEX_GD_ZS,BHR,_T,_T,_T,_Z,_Z,_Z,2010,A,PT_GDP,
2.288077,P1Y,0,,A,PU,_Z,2,,,False,WB_WDI,WB_WDI_SH_XPD_CHEX_GD_ZS,BGD,_T,_T,_T,_Z,_Z,_Z,2010,A,PT_GDP,
5.970295,P1Y,0,,A,PU,_Z,2,,,False,WB_WDI,WB_WDI_SH_XPD_CHEX_GD_ZS,BRB,_T,_T,_T,_Z,_Z,_Z,2010,A,PT_GDP,
5.656943,P1Y,0,,A,PU,_Z,2,,,False,WB_WDI,WB_WDI_SH_XPD_CHEX_GD_ZS,BLR,_T,_T,_T,_Z,_Z,_Z,2010,A,PT_GDP,
10.413252,P1Y,0,,A,PU,_Z,2,,,False,WB_WDI,WB_WDI_SH_XPD_CHEX_GD_ZS,BEL,_T,_T,_T,_Z,_Z,_Z,2010,A,PT_GDP,
4.477168,P1Y,0,,A,PU,_Z,2,,,False,WB_WDI,WB_WDI_SH_XPD_CHEX_GD_ZS,BLZ,_T,_T,_T,_Z,_Z,_Z,2010,A,PT_GDP,
3.018482,P1Y,0,,A,PU,_Z,2,,,False,WB_WDI,WB_WDI_SH_XPD_CHEX_GD_ZS,BEN,_T,_T,_T,_Z,_Z,_Z,2010,A,PT_GDP,
3.257586,P1Y,0,,A,PU,_Z,2,,,False,WB_WDI,WB_WDI_SH_XPD_CHEX_GD_ZS,BTN,_T,_T,_T,_Z,_Z,_Z,2010,A,PT_GDP,
12.467808,P1Y,0,,A,PU,_Z,2,,,False,WB_WDI,WB_WDI_SH_XPD_CHEX_GD_ZS,DEU,_T,_T,_T,_Z,_Z,_Z,2020,A,PT_GDP,
4.433171,P1Y,0,,A,PU,_Z,2,,,False,WB_WDI,WB_WDI_SH_XPD_CHEX_GD_ZS,GHA,_T,_T,_T,_Z,_Z,_Z,2020,A,PT_GDP,
9.380745,P1Y,0,,A,PU,_Z,2,,,False,WB_WDI,WB_WDI_SH_XPD_CHEX_GD_ZS,GRC,_T,_T,_T,_Z,_Z,_Z,2020,A,PT_GDP,
5.306026,P1Y,0,,A,PU,_Z,2,,,False,WB_WDI,WB_WDI_SH_XPD_CHEX_GD_ZS,GRD,_T,_T,_T,_Z,_Z,_Z,2020,A,PT_GDP,
6.459153,P1Y,0,,A,PU,_Z,2,,,False,WB_WDI,WB_WDI_SH_XPD_CHEX_GD_ZS,GTM,_T,_T,_T,_Z,_Z,_Z,2020,A,PT_GDP,
3.900945,P1Y,0,,A,PU,_Z,2,,,False,WB_WDI,WB_WDI_SH_XPD_CHEX_GD_ZS,GIN,_T,_T,_T,_Z,_Z,_Z,2020,A,PT_GDP,
8.988988,P1Y,0,,A,PU,_Z,2,,,False,WB_WDI,WB_WDI_SH_XPD_CHEX_GD_ZS,GNB,_T,_T,_T,_Z,_Z,_Z,2020,A,PT_GDP,
5.375106,P1Y,0,,A,PU,_Z,2,,,False,WB_WDI,WB_WDI_SH_XPD_CHEX_GD_ZS,GUY,_T,_T,_T,_Z,_Z,_Z,2020,A,PT_GDP,
3.78652,P1Y,0,,A,PU,_Z,2,,,False,WB_WDI,WB_WDI_SH_XPD_CHEX_GD_ZS,HTI,_T,_T,_T,_Z,_Z,_Z,2020,A,PT_GDP,
9.219124,P1Y,0,,A,PU,_Z,2,,,False,WB_WDI,WB_WDI_SH_XPD_CHEX_GD_ZS,HND,_T,_T,_T,_Z,_Z,_Z,2020,A,PT_GDP,
3.684951,P1Y,0,,A,PU,_Z,2,,,True,WB_WDI,WB_WDI_SH_XPD_CHEX_GD_ZS,COD,_T,_T,_T,_Z,_Z,_Z,2023,A,PT_GDP,
3.297441,P1Y,0,,A,PU,_Z,2,,,True,WB_WDI,WB_WDI_SH_XPD_CHEX_GD_ZS,COG,_T,_T,_T,_Z,_Z,_Z,2023,A,PT_GDP,
6.86637,P1Y,0,,A,PU,_Z,2,,,True,WB_WDI,WB_WDI_SH_XPD_CHEX_GD_ZS,CRI,_T,_T,_T,_Z,_Z,_Z,2023,A,PT_GDP,
3.432183,P1Y,0,,A,PU,_Z,2,,,True,WB_WDI,WB_WDI_SH_XPD_CHEX_GD_ZS,CIV,_T,_T,_T,_Z,_Z,_Z,2023,A,PT_GDP,
7.146994,P1Y,0,,A,PU,_Z,2,,,True,WB_WDI,WB_WDI_SH_XPD_CHEX_GD_ZS,HRV,_T,_T,_T,_Z,_Z,_Z,2023,A,PT_GDP,
9.383831,P1Y,0,,A,PU,_Z,2,,,True,WB_WDI,WB_WDI_SH_XPD_CHEX_GD_ZS,CUB,_T,_T,_T,_Z,_Z,_Z,2023,A,PT_GDP,
8.119129,P1Y,0,,A,PU,_Z,2,,,True,WB_WDI,WB_WDI_SH_XPD_CHEX_GD_ZS,CYP,_T,_T,_T,_Z,_Z,_Z,2023,A,PT_GDP,
8.426774,P1Y,0,,A,PU,_Z,2,,,False,WB_WDI,WB_WDI_SH_XPD_CHEX_GD_ZS,CZE,_T,_T,_T,_Z,_Z,_Z,2023,A,PT_GDP,
9.557296,P1Y,0,,A,PU,_Z,2,,,False,WB_WDI,WB_WDI_SH_XPD_CHEX_GD_ZS,DNK,_T,_T,_T,_Z,_Z,_Z,2023,A,PT_GDP,
2.28316,P1Y,0,,A,PU,_Z,2,,,True,WB_WDI,WB_WDI_SH_XPD_CHEX_GD_ZS,DJI,_T,_T,_T,_Z,_Z,_Z,2023,A,PT_GDP,
5.007576,P1Y,0,,A,PU,_Z,2,,,True,WB_WDI,WB_WDI_SH_XPD_CHEX_GD_ZS,DMA,_T,_T,_T,_Z,_Z,_Z,2023,A,PT_GDP,
4.598805,P1Y,0,,A,PU,_Z,2,,,True,WB_WDI,WB_WDI_SH_XPD_CHEX_GD_ZS,DOM,_T,_T,_T,_Z,_Z,_Z,2023,A,PT_GDP,
7.167007,P1Y,0,,A,PU,_Z,2,,,False,WB_WDI,WB_WDI_SH_XPD_CHEX_GD_ZS,NIC,_T,_T,_T,_Z,_Z,_Z,2008,A,PT_GDP,
5.246406,P1Y,0,,A,PU,_Z,2,,,False,WB_WDI,WB_WDI_SH_XPD_CHEX_GD_ZS,NER,_T,_T,_T,_Z,_Z,_Z,2008,A,PT_GDP,
3.695815,P1Y,0,,A,PU,_Z,2,,,False,WB_WDI,WB_WDI_SH_XPD_CHEX_GD_ZS,NGA,_T,_T,_T,_Z,_Z,_Z,2008,A,PT_GDP,
6.553176,P1Y,0,,A,PU,_Z,2,,,False,WB_WDI,WB_WDI_SH_XPD_CHEX_GD_ZS,MKD,_T,_T,_T,_Z,_Z,_Z,2008,A,PT_GDP,
7.915077,P1Y,0,,A,PU,_Z,2,,,False,WB_WDI,WB_WDI_SH_XPD_CHEX_GD_ZS,NOR,_T,_T,_T,_Z,_Z,_Z,2008,A,PT_GDP,
1.755676,P1Y,0,,A,PU,_Z,2,,,False,WB_WDI,WB_WDI_SH_XPD_CHEX_GD_ZS,OMN,_T,_T,_T,_Z,_Z,_Z,2008,A,PT_GDP,
2.568067,P1Y,0,,A,PU,_Z,2,,,False,WB_WDI,WB_WDI_SH_XPD_CHEX_GD_ZS,PAK,_T,_T,_T,_Z,_Z,_Z,2008,A,PT_GDP,
8.413782,P1Y,0,,A,PU,_Z,2,,,False,WB_WDI,WB_WDI_SH_XPD_CHEX_GD_ZS,PLW,_T,_T,_T,_Z,_Z,_Z,2008,A,PT_GDP,
6.804525,P1Y,0,,A,PU,_Z,2,,,False,WB_WDI,WB_WDI_SH_XPD_CHEX_GD_ZS,PAN,_T,_T,_T,_Z,_Z,_Z,2008,A,PT_GDP,
2.135261,P1Y,0,,A,PU,_Z,2,,,False,WB_WDI,WB_WDI_SH_XPD_CHEX_GD_ZS,PNG,_T,_T,_T,_Z,_Z,_Z,2008,A,PT_GDP,
5.03776,P1Y,0,,A,PU,_Z,2,,,False,WB_WDI,WB_WDI_SH_XPD_CHEX_GD_ZS,PRY,_T,_T,_T,_Z,_Z,_Z,2008,A,PT_GDP,
8.266506,P1Y,0,,A,PU,_Z,2,,,False,WB_WDI,WB_WDI_SH_XPD_CHEX_GD_ZS,LAC,_T,_T,_T,_Z,_Z,_Z,2020,A,PT_GDP,
8.264574,P1Y,0,,A,PU,_Z,2,,,False,WB_WDI,WB_WDI_SH_XPD_CHEX_GD_ZS,TLA,_T,_T,_T,_Z,_Z,_Z,2020,A,PT_GDP,
3.806824,P1Y,0,,A,PU,_Z,2,,,False,WB_WDI,WB_WDI_SH_XPD_CHEX_GD_ZS,LDC,_T,_T,_T,_Z,_Z,_Z,2020,A,PT_GDP,
5.436961,P1Y,0,,A,PU,_Z,2,,,False,WB_WDI,WB_WDI_SH_XPD_CHEX_GD_ZS,LMY,_T,_T,_T,_Z,_Z,_Z,2020,A,PT_GDP,
5.137625,P1Y,0,,A,PU,_Z,2,,,False,WB_WDI,WB_WDI_SH_XPD_CHEX_GD_ZS,LIC,_T,_T,_T,_Z,_Z,_Z,2020,A,PT_GDP,
3.658204,P1Y,0,,A,PU,_Z,2,,,False,WB_WDI,WB_WDI_SH_XPD_CHEX_GD_ZS,LMC,_T,_T,_T,_Z,_Z,_Z,2020,A,PT_GDP,
5.769778,P1Y,0,,A,PU,_Z,2,,,False,WB_WDI,WB_WDI_SH_XPD_CHEX_GD_ZS,MEA,_T,_T,_T,_Z,_Z,_Z,2020,A,PT_GDP,
5.021698,P1Y,0,,A,PU,_Z,2,,,False,WB_WDI,WB_WDI_SH_XPD_CHEX_GD_ZS,MNA,_T,_T,_T,_Z,_Z,_Z,2020,A,PT_GDP,
4.971842,P1Y,0,,A,PU,_Z,2,,,False,WB_WDI,WB_WDI_SH_XPD_CHEX_GD_ZS,TMN,_T,_T,_T,_Z,_Z,_Z,2020,A,PT_GDP,
5.440873,P1Y,0,,A,PU,_Z,2,,,False,WB_WDI,WB_WDI_SH_XPD_CHEX_GD_ZS,MIC,_T,_T,_T,_Z,_Z,_Z,2020,A,PT_GDP,
18.120679,P1Y,0,,A,PU,_Z,2,,,False,WB_WDI,WB_WDI_SH_XPD_CHEX_GD_ZS,NAC,_T,_T,_T,_Z,_Z,_Z,2020,A,PT_GDP,
13.814259,P1Y,0,,A,PU,_Z,2,,,False,WB_WDI,WB_WDI_SH_XPD_CHEX_GD_ZS,OED,_T,_T,_T,_Z,_Z,_Z,2020,A,PT_GDP,
7.775777,P1Y,0,,A,PU,_Z,2,,,False,WB_WDI,WB_WDI_SH_XPD_CHEX_GD_ZS,OSS,_T,_T,_T,_Z,_Z,_Z,2020,A,PT_GDP,
6.307981,P1Y,0,,A,PU,_Z,2,,,False,WB_WDI,WB_WDI_SH_XPD_CHEX_GD_ZS,LTU,_T,_T,_T,_Z,_Z,_Z,2012,A,PT_GDP,
5.294043,P1Y,0,,A,PU,_Z,2,,,False,WB_WDI,WB_WDI_SH_XPD_CHEX_GD_ZS,LUX,_T,_T,_T,_Z,_Z,_Z,2012,A,PT_GDP,
3.911059,P1Y,0,,A,PU,_Z,2,,,False,WB_WDI,WB_WDI_SH_XPD_CHEX_GD_ZS,MDG,_T,_T,_T,_Z,_Z,_Z,2012,A,PT_GDP,
6.021998,P1Y,0,,A,PU,_Z,2,,,False,WB_WDI,WB_WDI_SH_XPD_CHEX_GD_ZS,MWI,_T,_T,_T,_Z,_Z,_Z,2012,A,PT_GDP,
3.457864,P1Y,0,,A,PU,_Z,2,,,False,WB_WDI,WB_WDI_SH_XPD_CHEX_GD_ZS,MYS,_T,_T,_T,_Z,_Z,_Z,2012,A,PT_GDP,
8.673048,P1Y,0,,A,PU,_Z,2,,,False,WB_WDI,WB_WDI_SH_XPD_CHEX_GD_ZS,MDV,_T,_T,_T,_Z,_Z,_Z,2012,A,PT_GDP,
3.75218,P1Y,0,,A,PU,_Z,2,,,False,WB_WDI,WB_WDI_SH_XPD_CHEX_GD_ZS,MLI,_T,_T,_T,_Z,_Z,_Z,2012,A,PT_GDP,
8.249214,P1Y,0,,A,PU,_Z,2,,,False,WB_WDI,WB_WDI_SH_XPD_CHEX_GD_ZS,MLT,_T,_T,_T,_Z,_Z,_Z,2012,A,PT_GDP,
11.661544,P1Y,0,,A,PU,_Z,2,,,False,WB_WDI,WB_WDI_SH_XPD_CHEX_GD_ZS,MHL,_T,_T,_T,_Z,_Z,_Z,2012,A,PT_GDP,
2.649193,P1Y,0,,A,PU,_Z,2,,,False,WB_WDI,WB_WDI_SH_XPD_CHEX_GD_ZS,MRT,_T,_T,_T,_Z,_Z,_Z,2012,A,PT_GDP,
4.228576,P1Y,0,,A,PU,_Z,2,,,False,WB_WDI,WB_WDI_SH_XPD_CHEX_GD_ZS,CAF,_T,_T,_T,_Z,_Z,_Z,2005,A,PT_GDP,
3.731969,P1Y,0,,A,PU,_Z,2,,,False,WB_WDI,WB_WDI_SH_XPD_CHEX_GD_ZS,TCD,_T,_T,_T,_Z,_Z,_Z,2005,A,PT_GDP,
6.623721,P1Y,0,,A,PU,_Z,2,,,False,WB_WDI,WB_WDI_SH_XPD_CHEX_GD_ZS,CHL,_T,_T,_T,_Z,_Z,_Z,2005,A,PT_GDP,
4.112308,P1Y,0,,A,PU,_Z,2,,,False,WB_WDI,WB_WDI_SH_XPD_CHEX_GD_ZS,CHN,_T,_T,_T,_Z,_Z,_Z,2005,A,PT_GDP,
6.067106,P1Y,0,,A,PU,_Z,2,,,False,WB_WDI,WB_WDI_SH_XPD_CHEX_GD_ZS,COL,_T,_T,_T,_Z,_Z,_Z,2005,A,PT_GDP,
6.131429,P1Y,0,,A,PU,_Z,2,,,False,WB_WDI,WB_WDI_SH_XPD_CHEX_GD_ZS,COM,_T,_T,_T,_Z,_Z,_Z,2005,A,PT_GDP,
3.985582,P1Y,0,,A,PU,_Z,2,,,False,WB_WDI,WB_WDI_SH_XPD_CHEX_GD_ZS,COD,_T,_T,_T,_Z,_Z,_Z,2005,A,PT_GDP,
1.717741,P1Y,0,,A,PU,_Z,2,,,False,WB_WDI,WB_WDI_SH_XPD_CHEX_GD_ZS,COG,_T,_T,_T,_Z,_Z,_Z,2005,A,PT_GDP,
6.664297,P1Y,0,,A,PU,_Z,2,,,False,WB_WDI,WB_WDI_SH_XPD_CHEX_GD_ZS,CRI,_T,_T,_T,_Z,_Z,_Z,2005,A,PT_GDP,
3.966391,P1Y,0,,A,PU,_Z,2,,,False,WB_WDI,WB_WDI_SH_XPD_CHEX_GD_ZS,CIV,_T,_T,_T,_Z,_Z,_Z,2005,A,PT_GDP,
6.840681,P1Y,0,,A,PU,_Z,2,,,False,WB_WDI,WB_WDI_SH_XPD_CHEX_GD_ZS,HRV,_T,_T,_T,_Z,_Z,_Z,2005,A,PT_GDP,
7.561679,P1Y,0,,A,PU,_Z,2,,,True,WB_WDI,WB_WDI_SH_XPD_CHEX_GD_ZS,ECU,_T,_T,_T,_Z,_Z,_Z,2023,A,PT_GDP,
4.884493,P1Y,0,,A,PU,_Z,2,,,True,WB_WDI,WB_WDI_SH_XPD_CHEX_GD_ZS,EGY,_T,_T,_T,_Z,_Z,_Z,2023,A,PT_GDP,
9.287386,P1Y,0,,A,PU,_Z,2,,,True,WB_WDI,WB_WDI_SH_XPD_CHEX_GD_ZS,SLV,_T,_T,_T,_Z,_Z,_Z,2023,A,PT_GDP,
3.499416,P1Y,0,,A,PU,_Z,2,,,True,WB_WDI,WB_WDI_SH_XPD_CHEX_GD_ZS,GNQ,_T,_T,_T,_Z,_Z,_Z,2023,A,PT_GDP,
3.683768,P1Y,0,,A,PU,_Z,2,,,True,WB_WDI,WB_WDI_SH_XPD_CHEX_GD_ZS,ERI,_T,_T,_T,_Z,_Z,_Z,2023,A,PT_GDP,
7.470821,P1Y,0,,A,PU,_Z,2,,,False,WB_WDI,WB_WDI_SH_XPD_CHEX_GD_ZS,EST,_T,_T,_T,_Z,_Z,_Z,2023,A,PT_GDP,
7.49764,P1Y,0,,A,PU,_Z,2,,,True,WB_WDI,WB_WDI_SH_XPD_CHEX_GD_ZS,SWZ,_T,_T,_T,_Z,_Z,_Z,2023,A,PT_GDP,
2.803103,P1Y,0,,A,PU,_Z,2,,,True,WB_WDI,WB_WDI_SH_XPD_CHEX_GD_ZS,ETH,_T,_T,_T,_Z,_Z,_Z,2023,A,PT_GDP,
3.615242,P1Y,0,,A,PU,_Z,2,,,True,WB_WDI,WB_WDI_SH_XPD_CHEX_GD_ZS,FJI,_T,_T,_T,_Z,_Z,_Z,2023,A,PT_GDP,
10.473895,P1Y,0,,A,PU,_Z,2,,,True,WB_WDI,WB_WDI_SH_XPD_CHEX_GD_ZS,FIN,_T,_T,_T,_Z,_Z,_Z,2023,A,PT_GDP,
11.519746,P1Y,0,,A,PU,_Z,2,,,False,WB_WDI,WB_WDI_SH_XPD_CHEX_GD_ZS,FRA,_T,_T,_T,_Z,_Z,_Z,2023,A,PT_GDP,
3.134307,P1Y,0,,A,PU,_Z,2,,,True,WB_WDI,WB_WDI_SH_XPD_CHEX_GD_ZS,GAB,_T,_T,_T,_Z,_Z,_Z,2023,A,PT_GDP,
2.892501,P1Y,0,,A,PU,_Z,2,,,True,WB_WDI,WB_WDI_SH_XPD_CHEX_GD_ZS,GMB,_T,_T,_T,_Z,_Z,_Z,2023,A,PT_GDP,
4.530983,P1Y,0,,A,PU,_Z,2,,,False,WB_WDI,WB_WDI_SH_XPD_CHEX_GD_ZS,PER,_T,_T,_T,_Z,_Z,_Z,2008,A,PT_GDP,
3.863159,P1Y,0,,A,PU,_Z,2,,,False,WB_WDI,WB_WDI_SH_XPD_CHEX_GD_ZS,PHL,_T,_T,_T,_Z,_Z,_Z,2008,A,PT_GDP,
6.351968,P1Y,0,,A,PU,_Z,2,,,False,WB_WDI,WB_WDI_SH_XPD_CHEX_GD_ZS,POL,_T,_T,_T,_Z,_Z,_Z,2008,A,PT_GDP,
9.583078,P1Y,0,,A,PU,_Z,2,,,False,WB_WDI,WB_WDI_SH_XPD_CHEX_GD_ZS,PRT,_T,_T,_T,_Z,_Z,_Z,2008,A,PT_GDP,
1.637753,P1Y,0,,A,PU,_Z,2,,,False,WB_WDI,WB_WDI_SH_XPD_CHEX_GD_ZS,QAT,_T,_T,_T,_Z,_Z,_Z,2008,A,PT_GDP,
5.022772,P1Y,0,,A,PU,_Z,2,,,False,WB_WDI,WB_WDI_SH_XPD_CHEX_GD_ZS,ROU,_T,_T,_T,_Z,_Z,_Z,2008,A,PT_GDP,
4.903641,P1Y,0,,A,PU,_Z,2,,,False,WB_WDI,WB_WDI_SH_XPD_CHEX_GD_ZS,RUS,_T,_T,_T,_Z,_Z,_Z,2008,A,PT_GDP,
7.559719,P1Y,0,,A,PU,_Z,2,,,False,WB_WDI,WB_WDI_SH_XPD_CHEX_GD_ZS,RWA,_T,_T,_T,_Z,_Z,_Z,2008,A,PT_GDP,
4.532581,P1Y,0,,A,PU,_Z,2,,,False,WB_WDI,WB_WDI_SH_XPD_CHEX_GD_ZS,WSM,_T,_T,_T,_Z,_Z,_Z,2008,A,PT_GDP,
5.411109,P1Y,0,,A,PU,_Z,2,,,False,WB_WDI,WB_WDI_SH_XPD_CHEX_GD_ZS,SMR,_T,_T,_T,_Z,_Z,_Z,2008,A,PT_GDP,
5.97009,P1Y,0,,A,PU,_Z,2,,,False,WB_WDI,WB_WDI_SH_XPD_CHEX_GD_ZS,STP,_T,_T,_T,_Z,_Z,_Z,2008,A,PT_GDP,
4.019986,P1Y,0,,A,PU,_Z,2,,,False,WB_WDI,WB_WDI_SH_XPD_CHEX_GD_ZS,BHS,_T,_T,_T,_Z,_Z,_Z,2003,A,PT_GDP,
3.728109,P1Y,0,,A,PU,_Z,2,,,False,WB_WDI,WB_WDI_SH_XPD_CHEX_GD_ZS,BHR,_T,_T,_T,_Z,_Z,_Z,2003,A,PT_GDP,
1.961522,P1Y,0,,A,PU,_Z,2,,,False,WB_WDI,WB_WDI_SH_XPD_CHEX_GD_ZS,BGD,_T,_T,_T,_Z,_Z,_Z,2003,A,PT_GDP,
6.173127,P1Y,0,,A,PU,_Z,2,,,False,WB_WDI,WB_WDI_SH_XPD_CHEX_GD_ZS,BRB,_T,_T,_T,_Z,_Z,_Z,2003,A,PT_GDP,
5.771032,P1Y,0,,A,PU,_Z,2,,,False,WB_WDI,WB_WDI_SH_XPD_CHEX_GD_ZS,BLR,_T,_T,_T,_Z,_Z,_Z,2003,A,PT_GDP,
9.189253,P1Y,0,,A,PU,_Z,2,,,False,WB_WDI,WB_WDI_SH_XPD_CHEX_GD_ZS,BEL,_T,_T,_T,_Z,_Z,_Z,2003,A,PT_GDP,
3.529215,P1Y,0,,A,PU,_Z,2,,,False,WB_WDI,WB_WDI_SH_XPD_CHEX_GD_ZS,BLZ,_T,_T,_T,_Z,_Z,_Z,2003,A,PT_GDP,
3.116785,P1Y,0,,A,PU,_Z,2,,,False,WB_WDI,WB_WDI_SH_XPD_CHEX_GD_ZS,BEN,_T,_T,_T,_Z,_Z,_Z,2003,A,PT_GDP,
3.834815,P1Y,0,,A,PU,_Z,2,,,False,WB_WDI,WB_WDI_SH_XPD_CHEX_GD_ZS,BTN,_T,_T,_T,_Z,_Z,_Z,2003,A,PT_GDP,
5.197096,P1Y,0,,A,PU,_Z,2,,,False,WB_WDI,WB_WDI_SH_XPD_CHEX_GD_ZS,BOL,_T,_T,_T,_Z,_Z,_Z,2003,A,PT_GDP,
8.280561,P1Y,0,,A,PU,_Z,2,,,False,WB_WDI,WB_WDI_SH_XPD_CHEX_GD_ZS,BIH,_T,_T,_T,_Z,_Z,_Z,2003,A,PT_GDP,
6.409338,P1Y,0,,A,PU,_Z,2,,,False,WB_WDI,WB_WDI_SH_XPD_CHEX_GD_ZS,BWA,_T,_T,_T,_Z,_Z,_Z,2003,A,PT_GDP,
1.805045,P1Y,0,,A,PU,_Z,2,,,False,WB_WDI,WB_WDI_SH_XPD_CHEX_GD_ZS,BGD,_T,_T,_T,_Z,_Z,_Z,2000,A,PT_GDP,
4.926126,P1Y,0,,A,PU,_Z,2,,,False,WB_WDI,WB_WDI_SH_XPD_CHEX_GD_ZS,BRB,_T,_T,_T,_Z,_Z,_Z,2000,A,PT_GDP,
5.28088,P1Y,0,,A,PU,_Z,2,,,False,WB_WDI,WB_WDI_SH_XPD_CHEX_GD_ZS,BLR,_T,_T,_T,_Z,_Z,_Z,2000,A,PT_GDP,
7.999176,P1Y,0,,A,PU,_Z,2,,,False,WB_WDI,WB_WDI_SH_XPD_CHEX_GD_ZS,BEL,_T,_T,_T,_Z,_Z,_Z,2000,A,PT_GDP,
2.938668,P1Y,0,,A,PU,_Z,2,,,False,WB_WDI,WB_WDI_SH_XPD_CHEX_GD_ZS,BLZ,_T,_T,_T,_Z,_Z,_Z,2000,A,PT_GDP,
2.959171,P1Y,0,,A,PU,_Z,2,,,False,WB_WDI,WB_WDI_SH_XPD_CHEX_GD_ZS,BEN,_T,_T,_T,_Z,_Z,_Z,2000,A,PT_GDP,
4.138679,P1Y,0,,A,PU,_Z,2,,,False,WB_WDI,WB_WDI_SH_XPD_CHEX_GD_ZS,BTN,_T,_T,_T,_Z,_Z,_Z,2000,A,PT_GDP,
4.395541,P1Y,0,,A,PU,_Z,2,,,False,WB_WDI,WB_WDI_SH_XPD_CHEX_GD_ZS,BOL,_T,_T,_T,_Z,_Z,_Z,2000,A,PT_GDP,
7.962394,P1Y,0,,A,PU,_Z,2,,,False,WB_WDI,WB_WDI_SH_XPD_CHEX_GD_ZS,BIH,_T,_T,_T,_Z,_Z,_Z,2000,A,PT_GDP,
6.108386,P1Y,0,,A,PU,_Z,2,,,False,WB_WDI,WB_WDI_SH_XPD_CHEX_GD_ZS,BWA,_T,_T,_T,_Z,_Z,_Z,2000,A,PT_GDP,
8.334572,P1Y,0,,A,PU,_Z,2,,,False,WB_WDI,WB_WDI_SH_XPD_CHEX_GD_ZS,BRA,_T,_T,_T,_Z,_Z,_Z,2000,A,PT_GDP,
6.301171,P1Y,0,,A,PU,_Z,2,,,False,WB_WDI,WB_WDI_SH_XPD_CHEX_GD_ZS,SSD,_T,_T,_T,_Z,_Z,_Z,2021,A,PT_GDP,
10.344199,P1Y,0,,A,PU,_Z,2,,,False,WB_WDI,WB_WDI_SH_XPD_CHEX_GD_ZS,ESP,_T,_T,_T,_Z,_Z,_Z,2021,A,PT_GDP,
5.194277,P1Y,0,,A,PU,_Z,2,,,False,WB_WDI,WB_WDI_SH_XPD_CHEX_GD_ZS,LKA,_T,_T,_T,_Z,_Z,_Z,2021,A,PT_GDP,
6.169121,P1Y,0,,A,PU,_Z,2,,,False,WB_WDI,WB_WDI_SH_XPD_CHEX_GD_ZS,KNA,_T,_T,_T,_Z,_Z,_Z,2021,A,PT_GDP,
6.261933,P1Y,0,,A,PU,_Z,2,,,False,WB_WDI,WB_WDI_SH_XPD_CHEX_GD_ZS,LCA,_T,_T,_T,_Z,_Z,_Z,2021,A,PT_GDP,
5.266071,P1Y,0,,A,PU,_Z,2,,,False,WB_WDI,WB_WDI_SH_XPD_CHEX_GD_ZS,VCT,_T,_T,_T,_Z,_Z,_Z,2021,A,PT_GDP,
2.966932,P1Y,0,,A,PU,_Z,2,,,False,WB_WDI,WB_WDI_SH_XPD_CHEX_GD_ZS,SDN,_T,_T,_T,_Z,_Z,_Z,2021,A,PT_GDP,
5.017042,P1Y,0,,A,PU,_Z,2,,,False,WB_WDI,WB_WDI_SH_XPD_CHEX_GD_ZS,SUR,_T,_T,_T,_Z,_Z,_Z,2021,A,PT_GDP,
11.230136,P1Y,0,,A,PU,_Z,2,,,False,WB_WDI,WB_WDI_SH_XPD_CHEX_GD_ZS,SWE,_T,_T,_T,_Z,_Z,_Z,2021,A,PT_GDP,
11.958556,P1Y,0,,A,PU,_Z,2,,,False,WB_WDI,WB_WDI_SH_XPD_CHEX_GD_ZS,CHE,_T,_T,_T,_Z,_Z,_Z,2021,A,PT_GDP,
3.504033,P1Y,0,,A,PU,_Z,2,,,False,WB_WDI,WB_WDI_SH_XPD_CHEX_GD_ZS,SYR,_T,_T,_T,_Z,_Z,_Z,2021,A,PT_GDP,
8.375045,P1Y,0,,A,PU,_Z,2,,,False,WB_WDI,WB_WDI_SH_XPD_CHEX_GD_ZS,TJK,_T,_T,_T,_Z,_Z,_Z,2021,A,PT_GDP,
4.958518,P1Y,0,,A,PU,_Z,2,,,False,WB_WDI,WB_WDI_SH_XPD_CHEX_GD_ZS,KOR,_T,_T,_T,_Z,_Z,_Z,2006,A,PT_GDP,
1.82131,P1Y,0,,A,PU,_Z,2,,,False,WB_WDI,WB_WDI_SH_XPD_CHEX_GD_ZS,KWT,_T,_T,_T,_Z,_Z,_Z,2006,A,PT_GDP,
8.311839,P1Y,0,,A,PU,_Z,2,,,False,WB_WDI,WB_WDI_SH_XPD_CHEX_GD_ZS,KGZ,_T,_T,_T,_Z,_Z,_Z,2006,A,PT_GDP,
2.932009,P1Y,0,,A,PU,_Z,2,,,False,WB_WDI,WB_WDI_SH_XPD_CHEX_GD_ZS,LAO,_T,_T,_T,_Z,_Z,_Z,2006,A,PT_GDP,
6.021271,P1Y,0,,A,PU,_Z,2,,,False,WB_WDI,WB_WDI_SH_XPD_CHEX_GD_ZS,LVA,_T,_T,_T,_Z,_Z,_Z,2006,A,PT_GDP,
8.660579,P1Y,0,,A,PU,_Z,2,,,False,WB_WDI,WB_WDI_SH_XPD_CHEX_GD_ZS,LBN,_T,_T,_T,_Z,_Z,_Z,2006,A,PT_GDP,
5.405324,P1Y,0,,A,PU,_Z,2,,,False,WB_WDI,WB_WDI_SH_XPD_CHEX_GD_ZS,LSO,_T,_T,_T,_Z,_Z,_Z,2006,A,PT_GDP,
5.774266,P1Y,0,,A,PU,_Z,2,,,False,WB_WDI,WB_WDI_SH_XPD_CHEX_GD_ZS,LBR,_T,_T,_T,_Z,_Z,_Z,2006,A,PT_GDP,
2.299964,P1Y,0,,A,PU,_Z,2,,,False,WB_WDI,WB_WDI_SH_XPD_CHEX_GD_ZS,LBY,_T,_T,_T,_Z,_Z,_Z,2006,A,PT_GDP,
5.857257,P1Y,0,,A,PU,_Z,2,,,False,WB_WDI,WB_WDI_SH_XPD_CHEX_GD_ZS,LTU,_T,_T,_T,_Z,_Z,_Z,2006,A,PT_GDP,
6.636421,P1Y,0,,A,PU,_Z,2,,,False,WB_WDI,WB_WDI_SH_XPD_CHEX_GD_ZS,LUX,_T,_T,_T,_Z,_Z,_Z,2006,A,PT_GDP,
4.429723,P1Y,0,,A,PU,_Z,2,,,False,WB_WDI,WB_WDI_SH_XPD_CHEX_GD_ZS,PER,_T,_T,_T,_Z,_Z,_Z,2004,A,PT_GDP,
3.046853,P1Y,0,,A,PU,_Z,2,,,False,WB_WDI,WB_WDI_SH_XPD_CHEX_GD_ZS,PHL,_T,_T,_T,_Z,_Z,_Z,2004,A,PT_GDP,
5.841856,P1Y,0,,A,PU,_Z,2,,,False,WB_WDI,WB_WDI_SH_XPD_CHEX_GD_ZS,POL,_T,_T,_T,_Z,_Z,_Z,2004,A,PT_GDP,
9.532508,P1Y,0,,A,PU,_Z,2,,,False,WB_WDI,WB_WDI_SH_XPD_CHEX_GD_ZS,PRT,_T,_T,_T,_Z,_Z,_Z,2004,A,PT_GDP,
3.183117,P1Y,0,,A,PU,_Z,2,,,False,WB_WDI,WB_WDI_SH_XPD_CHEX_GD_ZS,QAT,_T,_T,_T,_Z,_Z,_Z,2004,A,PT_GDP,
5.477336,P1Y,0,,A,PU,_Z,2,,,False,WB_WDI,WB_WDI_SH_XPD_CHEX_GD_ZS,ROU,_T,_T,_T,_Z,_Z,_Z,2004,A,PT_GDP,
4.760376,P1Y,0,,A,PU,_Z,2,,,False,WB_WDI,WB_WDI_SH_XPD_CHEX_GD_ZS,RUS,_T,_T,_T,_Z,_Z,_Z,2004,A,PT_GDP,
7.50857,P1Y,0,,A,PU,_Z,2,,,False,WB_WDI,WB_WDI_SH_XPD_CHEX_GD_ZS,RWA,_T,_T,_T,_Z,_Z,_Z,2004,A,PT_GDP,
4.525785,P1Y,0,,A,PU,_Z,2,,,False,WB_WDI,WB_WDI_SH_XPD_CHEX_GD_ZS,WSM,_T,_T,_T,_Z,_Z,_Z,2004,A,PT_GDP,
4.864793,P1Y,0,,A,PU,_Z,2,,,False,WB_WDI,WB_WDI_SH_XPD_CHEX_GD_ZS,SMR,_T,_T,_T,_Z,_Z,_Z,2004,A,PT_GDP,
10.721177,P1Y,0,,A,PU,_Z,2,,,False,WB_WDI,WB_WDI_SH_XPD_CHEX_GD_ZS,STP,_T,_T,_T,_Z,_Z,_Z,2004,A,PT_GDP,
3.58401,P1Y,0,,A,PU,_Z,2,,,False,WB_WDI,WB_WDI_SH_XPD_CHEX_GD_ZS,SAU,_T,_T,_T,_Z,_Z,_Z,2004,A,PT_GDP,
12.48642,P1Y,0,,A,PU,_Z,2,,,False,WB_WDI,WB_WDI_SH_XPD_CHEX_GD_ZS,CUB,_T,_T,_T,_Z,_Z,_Z,2020,A,PT_GDP,
8.647964,P1Y,0,,A,PU,_Z,2,,,False,WB_WDI,WB_WDI_SH_XPD_CHEX_GD_ZS,CYP,_T,_T,_T,_Z,_Z,_Z,2020,A,PT_GDP,
8.969958,P1Y,0,,A,PU,_Z,2,,,False,WB_WDI,WB_WDI_SH_XPD_CHEX_GD_ZS,CZE,_T,_T,_T,_Z,_Z,_Z,2020,A,PT_GDP,
10.692376,P1Y,0,,A,PU,_Z,2,,,False,WB_WDI,WB_WDI_SH_XPD_CHEX_GD_ZS,DNK,_T,_T,_T,_Z,_Z,_Z,2020,A,PT_GDP,
2.338612,P1Y,0,,A,PU,_Z,2,,,False,WB_WDI,WB_WDI_SH_XPD_CHEX_GD_ZS,DJI,_T,_T,_T,_Z,_Z,_Z,2020,A,PT_GDP,
6.068061,P1Y,0,,A,PU,_Z,2,,,False,WB_WDI,WB_WDI_SH_XPD_CHEX_GD_ZS,DMA,_T,_T,_T,_Z,_Z,_Z,2020,A,PT_GDP,
4.964903,P1Y,0,,A,PU,_Z,2,,,False,WB_WDI,WB_WDI_SH_XPD_CHEX_GD_ZS,DOM,_T,_T,_T,_Z,_Z,_Z,2020,A,PT_GDP,
8.606084,P1Y,0,,A,PU,_Z,2,,,False,WB_WDI,WB_WDI_SH_XPD_CHEX_GD_ZS,ECU,_T,_T,_T,_Z,_Z,_Z,2020,A,PT_GDP,
4.153846,P1Y,0,,A,PU,_Z,2,,,False,WB_WDI,WB_WDI_SH_XPD_CHEX_GD_ZS,EGY,_T,_T,_T,_Z,_Z,_Z,2020,A,PT_GDP,
8.951051,P1Y,0,,A,PU,_Z,2,,,False,WB_WDI,WB_WDI_SH_XPD_CHEX_GD_ZS,SLV,_T,_T,_T,_Z,_Z,_Z,2020,A,PT_GDP,
3.705607,P1Y,0,,A,PU,_Z,2,,,False,WB_WDI,WB_WDI_SH_XPD_CHEX_GD_ZS,GNQ,_T,_T,_T,_Z,_Z,_Z,2020,A,PT_GDP,
8.760353,P1Y,0,,A,PU,_Z,2,,,False,WB_WDI,WB_WDI_SH_XPD_CHEX_GD_ZS,GBR,_T,_T,_T,_Z,_Z,_Z,2007,A,PT_GDP,
14.918325,P1Y,0,,A,PU,_Z,2,,,False,WB_WDI,WB_WDI_SH_XPD_CHEX_GD_ZS,USA,_T,_T,_T,_Z,_Z,_Z,2007,A,PT_GDP,
7.461672,P1Y,0,,A,PU,_Z,2,,,False,WB_WDI,WB_WDI_SH_XPD_CHEX_GD_ZS,URY,_T,_T,_T,_Z,_Z,_Z,2007,A,PT_GDP,
4.54268,P1Y,0,,A,PU,_Z,2,,,False,WB_WDI,WB_WDI_SH_XPD_CHEX_GD_ZS,UZB,_T,_T,_T,_Z,_Z,_Z,2007,A,PT_GDP,
3.107868,P1Y,0,,A,PU,_Z,2,,,False,WB_WDI,WB_WDI_SH_XPD_CHEX_GD_ZS,VUT,_T,_T,_T,_Z,_Z,_Z,2007,A,PT_GDP,
4.629176,P1Y,0,,A,PU,_Z,2,,,False,WB_WDI,WB_WDI_SH_XPD_CHEX_GD_ZS,VNM,_T,_T,_T,_Z,_Z,_Z,2007,A,PT_GDP,
9.58784,P1Y,0,,A,PU,_Z,2,,,False,WB_WDI,WB_WDI_SH_XPD_CHEX_GD_ZS,PSE,_T,_T,_T,_Z,_Z,_Z,2007,A,PT_GDP,
5.820776,P1Y,0,,A,PU,_Z,2,,,False,WB_WDI,WB_WDI_SH_XPD_CHEX_GD_ZS,YEM,_T,_T,_T,_Z,_Z,_Z,2007,A,PT_GDP,
4.559941,P1Y,0,,A,PU,_Z,2,,,False,WB_WDI,WB_WDI_SH_XPD_CHEX_GD_ZS,ZMB,_T,_T,_T,_Z,_Z,_Z,2007,A,PT_GDP,
8.188994,P1Y,0,,A,PU,_Z,2,,,False,WB_WDI,WB_WDI_SH_XPD_CHEX_GD_ZS,BRA,_T,_T,_T,_Z,_Z,_Z,2003,A,PT_GDP,
2.602606,P1Y,0,,A,PU,_Z,2,,,False,WB_WDI,WB_WDI_SH_XPD_CHEX_GD_ZS,BRN,_T,_T,_T,_Z,_Z,_Z,2003,A,PT_GDP,
7.199874,P1Y,0,,A,PU,_Z,2,,,False,WB_WDI,WB_WDI_SH_XPD_CHEX_GD_ZS,BGR,_T,_T,_T,_Z,_Z,_Z,2003,A,PT_GDP,
4.42266,P1Y,0,,A,PU,_Z,2,,,False,WB_WDI,WB_WDI_SH_XPD_CHEX_GD_ZS,BFA,_T,_T,_T,_Z,_Z,_Z,2003,A,PT_GDP,
5.272452,P1Y,0,,A,PU,_Z,2,,,False,WB_WDI,WB_WDI_SH_XPD_CHEX_GD_ZS,BDI,_T,_T,_T,_Z,_Z,_Z,2003,A,PT_GDP,
3.627443,P1Y,0,,A,PU,_Z,2,,,False,WB_WDI,WB_WDI_SH_XPD_CHEX_GD_ZS,CPV,_T,_T,_T,_Z,_Z,_Z,2003,A,PT_GDP,
6.457624,P1Y,0,,A,PU,_Z,2,,,False,WB_WDI,WB_WDI_SH_XPD_CHEX_GD_ZS,KHM,_T,_T,_T,_Z,_Z,_Z,2003,A,PT_GDP,
3.90228,P1Y,0,,A,PU,_Z,2,,,False,WB_WDI,WB_WDI_SH_XPD_CHEX_GD_ZS,CMR,_T,_T,_T,_Z,_Z,_Z,2003,A,PT_GDP,
9.010865,P1Y,0,,A,PU,_Z,2,,,False,WB_WDI,WB_WDI_SH_XPD_CHEX_GD_ZS,CAN,_T,_T,_T,_Z,_Z,_Z,2003,A,PT_GDP,
4.185725,P1Y,0,,A,PU,_Z,2,,,False,WB_WDI,WB_WDI_SH_XPD_CHEX_GD_ZS,CAF,_T,_T,_T,_Z,_Z,_Z,2003,A,PT_GDP,
4.246983,P1Y,0,,A,PU,_Z,2,,,False,WB_WDI,WB_WDI_SH_XPD_CHEX_GD_ZS,TCD,_T,_T,_T,_Z,_Z,_Z,2003,A,PT_GDP,
3.194355,P1Y,0,,A,PU,_Z,2,,,False,WB_WDI,WB_WDI_SH_XPD_CHEX_GD_ZS,COD,_T,_T,_T,_Z,_Z,_Z,2011,A,PT_GDP,
1.752373,P1Y,0,,A,PU,_Z,2,,,False,WB_WDI,WB_WDI_SH_XPD_CHEX_GD_ZS,COG,_T,_T,_T,_Z,_Z,_Z,2011,A,PT_GDP,
8.121978,P1Y,0,,A,PU,_Z,2,,,False,WB_WDI,WB_WDI_SH_XPD_CHEX_GD_ZS,CRI,_T,_T,_T,_Z,_Z,_Z,2011,A,PT_GDP,
4.397007,P1Y,0,,A,PU,_Z,2,,,False,WB_WDI,WB_WDI_SH_XPD_CHEX_GD_ZS,CIV,_T,_T,_T,_Z,_Z,_Z,2011,A,PT_GDP,
7.625082,P1Y,0,,A,PU,_Z,2,,,False,WB_WDI,WB_WDI_SH_XPD_CHEX_GD_ZS,HRV,_T,_T,_T,_Z,_Z,_Z,2011,A,PT_GDP,
11.312986,P1Y,0,,A,PU,_Z,2,,,False,WB_WDI,WB_WDI_SH_XPD_CHEX_GD_ZS,CUB,_T,_T,_T,_Z,_Z,_Z,2011,A,PT_GDP,
6.431391,P1Y,0,,A,PU,_Z,2,,,False,WB_WDI,WB_WDI_SH_XPD_CHEX_GD_ZS,CYP,_T,_T,_T,_Z,_Z,_Z,2011,A,PT_GDP,
7.472815,P1Y,0,,A,PU,_Z,2,,,False,WB_WDI,WB_WDI_SH_XPD_CHEX_GD_ZS,CZE,_T,_T,_T,_Z,_Z,_Z,2011,A,PT_GDP,
10.397585,P1Y,0,,A,PU,_Z,2,,,False,WB_WDI,WB_WDI_SH_XPD_CHEX_GD_ZS,DNK,_T,_T,_T,_Z,_Z,_Z,2011,A,PT_GDP,
3.373879,P1Y,0,,A,PU,_Z,2,,,False,WB_WDI,WB_WDI_SH_XPD_CHEX_GD_ZS,DJI,_T,_T,_T,_Z,_Z,_Z,2011,A,PT_GDP,
5.334504,P1Y,0,,A,PU,_Z,2,,,False,WB_WDI,WB_WDI_SH_XPD_CHEX_GD_ZS,DMA,_T,_T,_T,_Z,_Z,_Z,2011,A,PT_GDP,
6.786999,P1Y,0,,A,PU,_Z,2,,,False,WB_WDI,WB_WDI_SH_XPD_CHEX_GD_ZS,HRV,_T,_T,_T,_Z,_Z,_Z,2019,A,PT_GDP,
11.085011,P1Y,0,,A,PU,_Z,2,,,False,WB_WDI,WB_WDI_SH_XPD_CHEX_GD_ZS,CUB,_T,_T,_T,_Z,_Z,_Z,2019,A,PT_GDP,
6.998432,P1Y,0,,A,PU,_Z,2,,,False,WB_WDI,WB_WDI_SH_XPD_CHEX_GD_ZS,CYP,_T,_T,_T,_Z,_Z,_Z,2019,A,PT_GDP,
7.487544,P1Y,0,,A,PU,_Z,2,,,False,WB_WDI,WB_WDI_SH_XPD_CHEX_GD_ZS,CZE,_T,_T,_T,_Z,_Z,_Z,2019,A,PT_GDP,
10.184688,P1Y,0,,A,PU,_Z,2,,,False,WB_WDI,WB_WDI_SH_XPD_CHEX_GD_ZS,DNK,_T,_T,_T,_Z,_Z,_Z,2019,A,PT_GDP,
2.413478,P1Y,0,,A,PU,_Z,2,,,False,WB_WDI,WB_WDI_SH_XPD_CHEX_GD_ZS,DJI,_T,_T,_T,_Z,_Z,_Z,2019,A,PT_GDP,
5.169039,P1Y,0,,A,PU,_Z,2,,,False,WB_WDI,WB_WDI_SH_XPD_CHEX_GD_ZS,DMA,_T,_T,_T,_Z,_Z,_Z,2019,A,PT_GDP,
4.368089,P1Y,0,,A,PU,_Z,2,,,False,WB_WDI,WB_WDI_SH_XPD_CHEX_GD_ZS,DOM,_T,_T,_T,_Z,_Z,_Z,2019,A,PT_GDP,
7.808784,P1Y,0,,A,PU,_Z,2,,,False,WB_WDI,WB_WDI_SH_XPD_CHEX_GD_ZS,ECU,_T,_T,_T,_Z,_Z,_Z,2019,A,PT_GDP,
4.599467,P1Y,0,,A,PU,_Z,2,,,False,WB_WDI,WB_WDI_SH_XPD_CHEX_GD_ZS,EGY,_T,_T,_T,_Z,_Z,_Z,2019,A,PT_GDP,
8.539708,P1Y,0,,A,PU,_Z,2,,,False,WB_WDI,WB_WDI_SH_XPD_CHEX_GD_ZS,GBR,_T,_T,_T,_Z,_Z,_Z,2006,A,PT_GDP,
14.708788,P1Y,0,,A,PU,_Z,2,,,False,WB_WDI,WB_WDI_SH_XPD_CHEX_GD_ZS,USA,_T,_T,_T,_Z,_Z,_Z,2006,A,PT_GDP,
7.709989,P1Y,0,,A,PU,_Z,2,,,False,WB_WDI,WB_WDI_SH_XPD_CHEX_GD_ZS,URY,_T,_T,_T,_Z,_Z,_Z,2006,A,PT_GDP,
4.751413,P1Y,0,,A,PU,_Z,2,,,False,WB_WDI,WB_WDI_SH_XPD_CHEX_GD_ZS,UZB,_T,_T,_T,_Z,_Z,_Z,2006,A,PT_GDP,
3.322293,P1Y,0,,A,PU,_Z,2,,,False,WB_WDI,WB_WDI_SH_XPD_CHEX_GD_ZS,VUT,_T,_T,_T,_Z,_Z,_Z,2006,A,PT_GDP,
4.569798,P1Y,0,,A,PU,_Z,2,,,False,WB_WDI,WB_WDI_SH_XPD_CHEX_GD_ZS,VNM,_T,_T,_T,_Z,_Z,_Z,2006,A,PT_GDP,
10.502402,P1Y,0,,A,PU,_Z,2,,,False,WB_WDI,WB_WDI_SH_XPD_CHEX_GD_ZS,PSE,_T,_T,_T,_Z,_Z,_Z,2006,A,PT_GDP,
5.529302,P1Y,0,,A,PU,_Z,2,,,False,WB_WDI,WB_WDI_SH_XPD_CHEX_GD_ZS,YEM,_T,_T,_T,_Z,_Z,_Z,2006,A,PT_GDP,
5.577423,P1Y,0,,A,PU,_Z,2,,,False,WB_WDI,WB_WDI_SH_XPD_CHEX_GD_ZS,ZMB,_T,_T,_T,_Z,_Z,_Z,2006,A,PT_GDP,
8.63942,P1Y,0,,A,PU,_Z,2,,,False,WB_WDI,WB_WDI_SH_XPD_CHEX_GD_ZS,SVN,_T,_T,_T,_Z,_Z,_Z,2010,A,PT_GDP,
4.66862,P1Y,0,,A,PU,_Z,2,,,False,WB_WDI,WB_WDI_SH_XPD_CHEX_GD_ZS,SLB,_T,_T,_T,_Z,_Z,_Z,2010,A,PT_GDP,
7.793582,P1Y,0,,A,PU,_Z,2,,,False,WB_WDI,WB_WDI_SH_XPD_CHEX_GD_ZS,ZAF,_T,_T,_T,_Z,_Z,_Z,2010,A,PT_GDP,
9.169926,P1Y,0,,A,PU,_Z,2,,,False,WB_WDI,WB_WDI_SH_XPD_CHEX_GD_ZS,ESP,_T,_T,_T,_Z,_Z,_Z,2010,A,PT_GDP,
3.741452,P1Y,0,,A,PU,_Z,2,,,False,WB_WDI,WB_WDI_SH_XPD_CHEX_GD_ZS,LKA,_T,_T,_T,_Z,_Z,_Z,2010,A,PT_GDP,
5.217275,P1Y,0,,A,PU,_Z,2,,,False,WB_WDI,WB_WDI_SH_XPD_CHEX_GD_ZS,KNA,_T,_T,_T,_Z,_Z,_Z,2010,A,PT_GDP,
5.05056,P1Y,0,,A,PU,_Z,2,,,False,WB_WDI,WB_WDI_SH_XPD_CHEX_GD_ZS,LCA,_T,_T,_T,_Z,_Z,_Z,2010,A,PT_GDP,
4.303252,P1Y,0,,A,PU,_Z,2,,,False,WB_WDI,WB_WDI_SH_XPD_CHEX_GD_ZS,VCT,_T,_T,_T,_Z,_Z,_Z,2010,A,PT_GDP,
5.058102,P1Y,0,,A,PU,_Z,2,,,False,WB_WDI,WB_WDI_SH_XPD_CHEX_GD_ZS,SDN,_T,_T,_T,_Z,_Z,_Z,2010,A,PT_GDP,
4.697857,P1Y,0,,A,PU,_Z,2,,,False,WB_WDI,WB_WDI_SH_XPD_CHEX_GD_ZS,SUR,_T,_T,_T,_Z,_Z,_Z,2010,A,PT_GDP,
12.322685,P1Y,0,,A,PU,_Z,2,,,False,WB_WDI,WB_WDI_SH_XPD_CHEX_GD_ZS,ARM,_T,_T,_T,_Z,_Z,_Z,2021,A,PT_GDP,
10.516122,P1Y,0,,A,PU,_Z,2,,,False,WB_WDI,WB_WDI_SH_XPD_CHEX_GD_ZS,AUS,_T,_T,_T,_Z,_Z,_Z,2021,A,PT_GDP,
12.185215,P1Y,0,,A,PU,_Z,2,,,False,WB_WDI,WB_WDI_SH_XPD_CHEX_GD_ZS,AUT,_T,_T,_T,_Z,_Z,_Z,2021,A,PT_GDP,
4.685267,P1Y,0,,A,PU,_Z,2,,,False,WB_WDI,WB_WDI_SH_XPD_CHEX_GD_ZS,AZE,_T,_T,_T,_Z,_Z,_Z,2021,A,PT_GDP,
6.785372,P1Y,0,,A,PU,_Z,2,,,False,WB_WDI,WB_WDI_SH_XPD_CHEX_GD_ZS,BHS,_T,_T,_T,_Z,_Z,_Z,2021,A,PT_GDP,
4.327714,P1Y,0,,A,PU,_Z,2,,,False,WB_WDI,WB_WDI_SH_XPD_CHEX_GD_ZS,BHR,_T,_T,_T,_Z,_Z,_Z,2021,A,PT_GDP,
2.266787,P1Y,0,,A,PU,_Z,2,,,False,WB_WDI,WB_WDI_SH_XPD_CHEX_GD_ZS,BGD,_T,_T,_T,_Z,_Z,_Z,2021,A,PT_GDP,
7.442776,P1Y,0,,A,PU,_Z,2,,,False,WB_WDI,WB_WDI_SH_XPD_CHEX_GD_ZS,BRB,_T,_T,_T,_Z,_Z,_Z,2021,A,PT_GDP,
6.5655,P1Y,0,,A,PU,_Z,2,,,False,WB_WDI,WB_WDI_SH_XPD_CHEX_GD_ZS,BLR,_T,_T,_T,_Z,_Z,_Z,2021,A,PT_GDP,
11.288251,P1Y,0,,A,PU,_Z,2,,,False,WB_WDI,WB_WDI_SH_XPD_CHEX_GD_ZS,BEL,_T,_T,_T,_Z,_Z,_Z,2021,A,PT_GDP,
5.045984,P1Y,0,,A,PU,_Z,2,,,False,WB_WDI,WB_WDI_SH_XPD_CHEX_GD_ZS,BLZ,_T,_T,_T,_Z,_Z,_Z,2021,A,PT_GDP,
4.341314,P1Y,0,,A,PU,_Z,2,,,False,WB_WDI,WB_WDI_SH_XPD_CHEX_GD_ZS,AZE,_T,_T,_T,_Z,_Z,_Z,2015,A,PT_GDP,
5.244627,P1Y,0,,A,PU,_Z,2,,,False,WB_WDI,WB_WDI_SH_XPD_CHEX_GD_ZS,BHS,_T,_T,_T,_Z,_Z,_Z,2015,A,PT_GDP,
4.751264,P1Y,0,,A,PU,_Z,2,,,False,WB_WDI,WB_WDI_SH_XPD_CHEX_GD_ZS,BHR,_T,_T,_T,_Z,_Z,_Z,2015,A,PT_GDP,
2.272177,P1Y,0,,A,PU,_Z,2,,,False,WB_WDI,WB_WDI_SH_XPD_CHEX_GD_ZS,BGD,_T,_T,_T,_Z,_Z,_Z,2015,A,PT_GDP,
6.091706,P1Y,0,,A,PU,_Z,2,,,False,WB_WDI,WB_WDI_SH_XPD_CHEX_GD_ZS,BRB,_T,_T,_T,_Z,_Z,_Z,2015,A,PT_GDP,
6.06528,P1Y,0,,A,PU,_Z,2,,,False,WB_WDI,WB_WDI_SH_XPD_CHEX_GD_ZS,BLR,_T,_T,_T,_Z,_Z,_Z,2015,A,PT_GDP,
10.883873,P1Y,0,,A,PU,_Z,2,,,False,WB_WDI,WB_WDI_SH_XPD_CHEX_GD_ZS,BEL,_T,_T,_T,_Z,_Z,_Z,2015,A,PT_GDP,
4.659887,P1Y,0,,A,PU,_Z,2,,,False,WB_WDI,WB_WDI_SH_XPD_CHEX_GD_ZS,BLZ,_T,_T,_T,_Z,_Z,_Z,2015,A,PT_GDP,
2.728134,P1Y,0,,A,PU,_Z,2,,,False,WB_WDI,WB_WDI_SH_XPD_CHEX_GD_ZS,BEN,_T,_T,_T,_Z,_Z,_Z,2015,A,PT_GDP,
3.436531,P1Y,0,,A,PU,_Z,2,,,False,WB_WDI,WB_WDI_SH_XPD_CHEX_GD_ZS,BTN,_T,_T,_T,_Z,_Z,_Z,2015,A,PT_GDP,
2.547906,P1Y,0,,A,PU,_Z,2,,,False,WB_WDI,WB_WDI_SH_XPD_CHEX_GD_ZS,BRN,_T,_T,_T,_Z,_Z,_Z,2000,A,PT_GDP,
5.82971,P1Y,0,,A,PU,_Z,2,,,False,WB_WDI,WB_WDI_SH_XPD_CHEX_GD_ZS,BGR,_T,_T,_T,_Z,_Z,_Z,2000,A,PT_GDP,
4.021167,P1Y,0,,A,PU,_Z,2,,,False,WB_WDI,WB_WDI_SH_XPD_CHEX_GD_ZS,BFA,_T,_T,_T,_Z,_Z,_Z,2000,A,PT_GDP,
4.221816,P1Y,0,,A,PU,_Z,2,,,False,WB_WDI,WB_WDI_SH_XPD_CHEX_GD_ZS,BDI,_T,_T,_T,_Z,_Z,_Z,2000,A,PT_GDP,
3.86025,P1Y,0,,A,PU,_Z,2,,,False,WB_WDI,WB_WDI_SH_XPD_CHEX_GD_ZS,CPV,_T,_T,_T,_Z,_Z,_Z,2000,A,PT_GDP,
6.481266,P1Y,0,,A,PU,_Z,2,,,False,WB_WDI,WB_WDI_SH_XPD_CHEX_GD_ZS,KHM,_T,_T,_T,_Z,_Z,_Z,2000,A,PT_GDP,
4.295734,P1Y,0,,A,PU,_Z,2,,,False,WB_WDI,WB_WDI_SH_XPD_CHEX_GD_ZS,CMR,_T,_T,_T,_Z,_Z,_Z,2000,A,PT_GDP,
8.248085,P1Y,0,,A,PU,_Z,2,,,False,WB_WDI,WB_WDI_SH_XPD_CHEX_GD_ZS,CAN,_T,_T,_T,_Z,_Z,_Z,2000,A,PT_GDP,
4.380822,P1Y,0,,A,PU,_Z,2,,,False,WB_WDI,WB_WDI_SH_XPD_CHEX_GD_ZS,CAF,_T,_T,_T,_Z,_Z,_Z,2000,A,PT_GDP,
4.206975,P1Y,0,,A,PU,_Z,2,,,False,WB_WDI,WB_WDI_SH_XPD_CHEX_GD_ZS,TCD,_T,_T,_T,_Z,_Z,_Z,2000,A,PT_GDP,
7.000207,P1Y,0,,A,PU,_Z,2,,,False,WB_WDI,WB_WDI_SH_XPD_CHEX_GD_ZS,CHL,_T,_T,_T,_Z,_Z,_Z,2000,A,PT_GDP,
3.403126,P1Y,0,,A,PU,_Z,2,,,False,WB_WDI,WB_WDI_SH_XPD_CHEX_GD_ZS,MRT,_T,_T,_T,_Z,_Z,_Z,2005,A,PT_GDP,
3.51794,P1Y,0,,A,PU,_Z,2,,,False,WB_WDI,WB_WDI_SH_XPD_CHEX_GD_ZS,MUS,_T,_T,_T,_Z,_Z,_Z,2005,A,PT_GDP,
5.581101,P1Y,0,,A,PU,_Z,2,,,False,WB_WDI,WB_WDI_SH_XPD_CHEX_GD_ZS,MEX,_T,_T,_T,_Z,_Z,_Z,2005,A,PT_GDP,
17.948448,P1Y,0,,A,PU,_Z,2,,,False,WB_WDI,WB_WDI_SH_XPD_CHEX_GD_ZS,FSM,_T,_T,_T,_Z,_Z,_Z,2005,A,PT_GDP,
9.558148,P1Y,0,,A,PU,_Z,2,,,False,WB_WDI,WB_WDI_SH_XPD_CHEX_GD_ZS,MDA,_T,_T,_T,_Z,_Z,_Z,2005,A,PT_GDP,
4.502888,P1Y,0,,A,PU,_Z,2,,,False,WB_WDI,WB_WDI_SH_XPD_CHEX_GD_ZS,MCO,_T,_T,_T,_Z,_Z,_Z,2005,A,PT_GDP,
3.864563,P1Y,0,,A,PU,_Z,2,,,False,WB_WDI,WB_WDI_SH_XPD_CHEX_GD_ZS,MNG,_T,_T,_T,_Z,_Z,_Z,2005,A,PT_GDP,
4.373507,P1Y,0,,A,PU,_Z,2,,,False,WB_WDI,WB_WDI_SH_XPD_CHEX_GD_ZS,MAR,_T,_T,_T,_Z,_Z,_Z,2005,A,PT_GDP,
4.214356,P1Y,0,,A,PU,_Z,2,,,False,WB_WDI,WB_WDI_SH_XPD_CHEX_GD_ZS,MOZ,_T,_T,_T,_Z,_Z,_Z,2005,A,PT_GDP,
2.344709,P1Y,0,,A,PU,_Z,2,,,False,WB_WDI,WB_WDI_SH_XPD_CHEX_GD_ZS,MMR,_T,_T,_T,_Z,_Z,_Z,2005,A,PT_GDP,
10.825065,P1Y,0,,A,PU,_Z,2,,,False,WB_WDI,WB_WDI_SH_XPD_CHEX_GD_ZS,NAM,_T,_T,_T,_Z,_Z,_Z,2005,A,PT_GDP,
5.483472,P1Y,0,,A,PU,_Z,2,,,False,WB_WDI,WB_WDI_SH_XPD_CHEX_GD_ZS,LTU,_T,_T,_T,_Z,_Z,_Z,2004,A,PT_GDP,
7.279336,P1Y,0,,A,PU,_Z,2,,,False,WB_WDI,WB_WDI_SH_XPD_CHEX_GD_ZS,LUX,_T,_T,_T,_Z,_Z,_Z,2004,A,PT_GDP,
5.2509,P1Y,0,,A,PU,_Z,2,,,False,WB_WDI,WB_WDI_SH_XPD_CHEX_GD_ZS,MDG,_T,_T,_T,_Z,_Z,_Z,2004,A,PT_GDP,
4.071999,P1Y,0,,A,PU,_Z,2,,,False,WB_WDI,WB_WDI_SH_XPD_CHEX_GD_ZS,MWI,_T,_T,_T,_Z,_Z,_Z,2004,A,PT_GDP,
2.860169,P1Y,0,,A,PU,_Z,2,,,False,WB_WDI,WB_WDI_SH_XPD_CHEX_GD_ZS,MYS,_T,_T,_T,_Z,_Z,_Z,2004,A,PT_GDP,
7.48357,P1Y,0,,A,PU,_Z,2,,,False,WB_WDI,WB_WDI_SH_XPD_CHEX_GD_ZS,MDV,_T,_T,_T,_Z,_Z,_Z,2004,A,PT_GDP,
5.217687,P1Y,0,,A,PU,_Z,2,,,False,WB_WDI,WB_WDI_SH_XPD_CHEX_GD_ZS,MLI,_T,_T,_T,_Z,_Z,_Z,2004,A,PT_GDP,
8.039668,P1Y,0,,A,PU,_Z,2,,,False,WB_WDI,WB_WDI_SH_XPD_CHEX_GD_ZS,MLT,_T,_T,_T,_Z,_Z,_Z,2004,A,PT_GDP,
14.151281,P1Y,0,,A,PU,_Z,2,,,False,WB_WDI,WB_WDI_SH_XPD_CHEX_GD_ZS,MHL,_T,_T,_T,_Z,_Z,_Z,2004,A,PT_GDP,
3.704295,P1Y,0,,A,PU,_Z,2,,,False,WB_WDI,WB_WDI_SH_XPD_CHEX_GD_ZS,MRT,_T,_T,_T,_Z,_Z,_Z,2004,A,PT_GDP,
3.316525,P1Y,0,,A,PU,_Z,2,,,False,WB_WDI,WB_WDI_SH_XPD_CHEX_GD_ZS,MUS,_T,_T,_T,_Z,_Z,_Z,2004,A,PT_GDP,
4.208762,P1Y,0,,A,PU,_Z,2,,,False,WB_WDI,WB_WDI_SH_XPD_CHEX_GD_ZS,ROU,_T,_T,_T,_Z,_Z,_Z,2000,A,PT_GDP,
5.019898,P1Y,0,,A,PU,_Z,2,,,False,WB_WDI,WB_WDI_SH_XPD_CHEX_GD_ZS,RUS,_T,_T,_T,_Z,_Z,_Z,2000,A,PT_GDP,
3.575834,P1Y,0,,A,PU,_Z,2,,,False,WB_WDI,WB_WDI_SH_XPD_CHEX_GD_ZS,RWA,_T,_T,_T,_Z,_Z,_Z,2000,A,PT_GDP,
4.282325,P1Y,0,,A,PU,_Z,2,,,False,WB_WDI,WB_WDI_SH_XPD_CHEX_GD_ZS,WSM,_T,_T,_T,_Z,_Z,_Z,2000,A,PT_GDP,
5.787679,P1Y,0,,A,PU,_Z,2,,,False,WB_WDI,WB_WDI_SH_XPD_CHEX_GD_ZS,SMR,_T,_T,_T,_Z,_Z,_Z,2000,A,PT_GDP,
9.318928,P1Y,0,,A,PU,_Z,2,,,False,WB_WDI,WB_WDI_SH_XPD_CHEX_GD_ZS,STP,_T,_T,_T,_Z,_Z,_Z,2000,A,PT_GDP,
4.211594,P1Y,0,,A,PU,_Z,2,,,False,WB_WDI,WB_WDI_SH_XPD_CHEX_GD_ZS,SAU,_T,_T,_T,_Z,_Z,_Z,2000,A,PT_GDP,
3.550154,P1Y,0,,A,PU,_Z,2,,,False,WB_WDI,WB_WDI_SH_XPD_CHEX_GD_ZS,SEN,_T,_T,_T,_Z,_Z,_Z,2000,A,PT_GDP,
5.807706,P1Y,0,,A,PU,_Z,2,,,False,WB_WDI,WB_WDI_SH_XPD_CHEX_GD_ZS,SRB,_T,_T,_T,_Z,_Z,_Z,2000,A,PT_GDP,
4.610718,P1Y,0,,A,PU,_Z,2,,,False,WB_WDI,WB_WDI_SH_XPD_CHEX_GD_ZS,SYC,_T,_T,_T,_Z,_Z,_Z,2000,A,PT_GDP,
5.290865,P1Y,0,,A,PU,_Z,2,,,False,WB_WDI,WB_WDI_SH_XPD_CHEX_GD_ZS,SLE,_T,_T,_T,_Z,_Z,_Z,2000,A,PT_GDP,
3.343364,P1Y,0,,A,PU,_Z,2,,,False,WB_WDI,WB_WDI_SH_XPD_CHEX_GD_ZS,SGP,_T,_T,_T,_Z,_Z,_Z,2000,A,PT_GDP,
5.307439,P1Y,0,,A,PU,_Z,2,,,False,WB_WDI,WB_WDI_SH_XPD_CHEX_GD_ZS,SVK,_T,_T,_T,_Z,_Z,_Z,2000,A,PT_GDP,
7.854564,P1Y,0,,A,PU,_Z,2,,,False,WB_WDI,WB_WDI_SH_XPD_CHEX_GD_ZS,SVN,_T,_T,_T,_Z,_Z,_Z,2000,A,PT_GDP,
2.775244,P1Y,0,,A,PU,_Z,2,,,False,WB_WDI,WB_WDI_SH_XPD_CHEX_GD_ZS,OMN,_T,_T,_T,_Z,_Z,_Z,2003,A,PT_GDP,
2.103992,P1Y,0,,A,PU,_Z,2,,,False,WB_WDI,WB_WDI_SH_XPD_CHEX_GD_ZS,PAK,_T,_T,_T,_Z,_Z,_Z,2003,A,PT_GDP,
8.095788,P1Y,0,,A,PU,_Z,2,,,False,WB_WDI,WB_WDI_SH_XPD_CHEX_GD_ZS,PLW,_T,_T,_T,_Z,_Z,_Z,2003,A,PT_GDP,
6.711767,P1Y,0,,A,PU,_Z,2,,,False,WB_WDI,WB_WDI_SH_XPD_CHEX_GD_ZS,PAN,_T,_T,_T,_Z,_Z,_Z,2003,A,PT_GDP,
2.453149,P1Y,0,,A,PU,_Z,2,,,False,WB_WDI,WB_WDI_SH_XPD_CHEX_GD_ZS,PNG,_T,_T,_T,_Z,_Z,_Z,2003,A,PT_GDP,
4.907039,P1Y,0,,A,PU,_Z,2,,,False,WB_WDI,WB_WDI_SH_XPD_CHEX_GD_ZS,PRY,_T,_T,_T,_Z,_Z,_Z,2003,A,PT_GDP,
4.587038,P1Y,0,,A,PU,_Z,2,,,False,WB_WDI,WB_WDI_SH_XPD_CHEX_GD_ZS,PER,_T,_T,_T,_Z,_Z,_Z,2003,A,PT_GDP,
3.076635,P1Y,0,,A,PU,_Z,2,,,False,WB_WDI,WB_WDI_SH_XPD_CHEX_GD_ZS,PHL,_T,_T,_T,_Z,_Z,_Z,2003,A,PT_GDP,
5.933758,P1Y,0,,A,PU,_Z,2,,,False,WB_WDI,WB_WDI_SH_XPD_CHEX_GD_ZS,POL,_T,_T,_T,_Z,_Z,_Z,2003,A,PT_GDP,
9.124157,P1Y,0,,A,PU,_Z,2,,,False,WB_WDI,WB_WDI_SH_XPD_CHEX_GD_ZS,PRT,_T,_T,_T,_Z,_Z,_Z,2003,A,PT_GDP,
3.502572,P1Y,0,,A,PU,_Z,2,,,False,WB_WDI,WB_WDI_SH_XPD_CHEX_GD_ZS,QAT,_T,_T,_T,_Z,_Z,_Z,2003,A,PT_GDP,
2.774194,P1Y,0,,A,PU,_Z,2,,,False,WB_WDI,WB_WDI_SH_XPD_CHEX_GD_ZS,AZE,_T,_T,_T,_Z,_Z,_Z,2001,A,PT_GDP,
3.924409,P1Y,0,,A,PU,_Z,2,,,False,WB_WDI,WB_WDI_SH_XPD_CHEX_GD_ZS,BHS,_T,_T,_T,_Z,_Z,_Z,2001,A,PT_GDP,
3.343475,P1Y,0,,A,PU,_Z,2,,,False,WB_WDI,WB_WDI_SH_XPD_CHEX_GD_ZS,BHR,_T,_T,_T,_Z,_Z,_Z,2001,A,PT_GDP,
1.772019,P1Y,0,,A,PU,_Z,2,,,False,WB_WDI,WB_WDI_SH_XPD_CHEX_GD_ZS,BGD,_T,_T,_T,_Z,_Z,_Z,2001,A,PT_GDP,
5.10419,P1Y,0,,A,PU,_Z,2,,,False,WB_WDI,WB_WDI_SH_XPD_CHEX_GD_ZS,BRB,_T,_T,_T,_Z,_Z,_Z,2001,A,PT_GDP,
5.706481,P1Y,0,,A,PU,_Z,2,,,False,WB_WDI,WB_WDI_SH_XPD_CHEX_GD_ZS,BLR,_T,_T,_T,_Z,_Z,_Z,2001,A,PT_GDP,
8.149889,P1Y,0,,A,PU,_Z,2,,,False,WB_WDI,WB_WDI_SH_XPD_CHEX_GD_ZS,BEL,_T,_T,_T,_Z,_Z,_Z,2001,A,PT_GDP,
3.453847,P1Y,0,,A,PU,_Z,2,,,False,WB_WDI,WB_WDI_SH_XPD_CHEX_GD_ZS,BLZ,_T,_T,_T,_Z,_Z,_Z,2001,A,PT_GDP,
3.304173,P1Y,0,,A,PU,_Z,2,,,False,WB_WDI,WB_WDI_SH_XPD_CHEX_GD_ZS,BEN,_T,_T,_T,_Z,_Z,_Z,2001,A,PT_GDP,
4.600379,P1Y,0,,A,PU,_Z,2,,,False,WB_WDI,WB_WDI_SH_XPD_CHEX_GD_ZS,BTN,_T,_T,_T,_Z,_Z,_Z,2001,A,PT_GDP,
4.825222,P1Y,0,,A,PU,_Z,2,,,False,WB_WDI,WB_WDI_SH_XPD_CHEX_GD_ZS,BOL,_T,_T,_T,_Z,_Z,_Z,2001,A,PT_GDP,
7.573448,P1Y,0,,A,PU,_Z,2,,,False,WB_WDI,WB_WDI_SH_XPD_CHEX_GD_ZS,BIH,_T,_T,_T,_Z,_Z,_Z,2001,A,PT_GDP,
9.892261,P1Y,0,,A,PU,_Z,2,,,False,WB_WDI,WB_WDI_SH_XPD_CHEX_GD_ZS,AUS,_T,_T,_T,_Z,_Z,_Z,2022,A,PT_GDP,
11.225198,P1Y,0,,A,PU,_Z,2,,,False,WB_WDI,WB_WDI_SH_XPD_CHEX_GD_ZS,AUT,_T,_T,_T,_Z,_Z,_Z,2022,A,PT_GDP,
3.415496,P1Y,0,,A,PU,_Z,2,,,False,WB_WDI,WB_WDI_SH_XPD_CHEX_GD_ZS,AZE,_T,_T,_T,_Z,_Z,_Z,2022,A,PT_GDP,
7.042875,P1Y,0,,A,PU,_Z,2,,,False,WB_WDI,WB_WDI_SH_XPD_CHEX_GD_ZS,BHS,_T,_T,_T,_Z,_Z,_Z,2022,A,PT_GDP,
3.890984,P1Y,0,,A,PU,_Z,2,,,False,WB_WDI,WB_WDI_SH_XPD_CHEX_GD_ZS,BHR,_T,_T,_T,_Z,_Z,_Z,2022,A,PT_GDP,
2.215449,P1Y,0,,A,PU,_Z,2,,,False,WB_WDI,WB_WDI_SH_XPD_CHEX_GD_ZS,BGD,_T,_T,_T,_Z,_Z,_Z,2022,A,PT_GDP,
5.874467,P1Y,0,,A,PU,_Z,2,,,False,WB_WDI,WB_WDI_SH_XPD_CHEX_GD_ZS,BRB,_T,_T,_T,_Z,_Z,_Z,2022,A,PT_GDP,
6.577841,P1Y,0,,A,PU,_Z,2,,,False,WB_WDI,WB_WDI_SH_XPD_CHEX_GD_ZS,BLR,_T,_T,_T,_Z,_Z,_Z,2022,A,PT_GDP,
10.739763,P1Y,0,,A,PU,_Z,2,,,False,WB_WDI,WB_WDI_SH_XPD_CHEX_GD_ZS,BEL,_T,_T,_T,_Z,_Z,_Z,2022,A,PT_GDP,
4.21643,P1Y,0,,A,PU,_Z,2,,,False,WB_WDI,WB_WDI_SH_XPD_CHEX_GD_ZS,BLZ,_T,_T,_T,_Z,_Z,_Z,2022,A,PT_GDP,
2.981844,P1Y,0,,A,PU,_Z,2,,,False,WB_WDI,WB_WDI_SH_XPD_CHEX_GD_ZS,BEN,_T,_T,_T,_Z,_Z,_Z,2022,A,PT_GDP,
8.755255,P1Y,0,,A,PU,_Z,2,,,False,WB_WDI,WB_WDI_SH_XPD_CHEX_GD_ZS,CUB,_T,_T,_T,_Z,_Z,_Z,2005,A,PT_GDP,
5.43581,P1Y,0,,A,PU,_Z,2,,,False,WB_WDI,WB_WDI_SH_XPD_CHEX_GD_ZS,CYP,_T,_T,_T,_Z,_Z,_Z,2005,A,PT_GDP,
6.33529,P1Y,0,,A,PU,_Z,2,,,False,WB_WDI,WB_WDI_SH_XPD_CHEX_GD_ZS,CZE,_T,_T,_T,_Z,_Z,_Z,2005,A,PT_GDP,
9.067163,P1Y,0,,A,PU,_Z,2,,,False,WB_WDI,WB_WDI_SH_XPD_CHEX_GD_ZS,DNK,_T,_T,_T,_Z,_Z,_Z,2005,A,PT_GDP,
3.80322,P1Y,0,,A,PU,_Z,2,,,False,WB_WDI,WB_WDI_SH_XPD_CHEX_GD_ZS,DJI,_T,_T,_T,_Z,_Z,_Z,2005,A,PT_GDP,
4.977725,P1Y,0,,A,PU,_Z,2,,,False,WB_WDI,WB_WDI_SH_XPD_CHEX_GD_ZS,DMA,_T,_T,_T,_Z,_Z,_Z,2005,A,PT_GDP,
4.353912,P1Y,0,,A,PU,_Z,2,,,False,WB_WDI,WB_WDI_SH_XPD_CHEX_GD_ZS,DOM,_T,_T,_T,_Z,_Z,_Z,2005,A,PT_GDP,
5.859049,P1Y,0,,A,PU,_Z,2,,,False,WB_WDI,WB_WDI_SH_XPD_CHEX_GD_ZS,ECU,_T,_T,_T,_Z,_Z,_Z,2005,A,PT_GDP,
4.922292,P1Y,0,,A,PU,_Z,2,,,False,WB_WDI,WB_WDI_SH_XPD_CHEX_GD_ZS,EGY,_T,_T,_T,_Z,_Z,_Z,2005,A,PT_GDP,
9.200579,P1Y,0,,A,PU,_Z,2,,,False,WB_WDI,WB_WDI_SH_XPD_CHEX_GD_ZS,SLV,_T,_T,_T,_Z,_Z,_Z,2005,A,PT_GDP,
1.420487,P1Y,0,,A,PU,_Z,2,,,False,WB_WDI,WB_WDI_SH_XPD_CHEX_GD_ZS,GNQ,_T,_T,_T,_Z,_Z,_Z,2005,A,PT_GDP,
10.031092,P1Y,0,,A,PU,_Z,2,,,False,WB_WDI,WB_WDI_SH_XPD_CHEX_GD_ZS,NLD,_T,_T,_T,_Z,_Z,_Z,2022,A,PT_GDP,
10.568146,P1Y,0,,A,PU,_Z,2,,,False,WB_WDI,WB_WDI_SH_XPD_CHEX_GD_ZS,NZL,_T,_T,_T,_Z,_Z,_Z,2022,A,PT_GDP,
8.978827,P1Y,0,,A,PU,_Z,2,,,False,WB_WDI,WB_WDI_SH_XPD_CHEX_GD_ZS,NIC,_T,_T,_T,_Z,_Z,_Z,2022,A,PT_GDP,
4.349805,P1Y,0,,A,PU,_Z,2,,,False,WB_WDI,WB_WDI_SH_XPD_CHEX_GD_ZS,NER,_T,_T,_T,_Z,_Z,_Z,2022,A,PT_GDP,
4.210202,P1Y,0,,A,PU,_Z,2,,,False,WB_WDI,WB_WDI_SH_XPD_CHEX_GD_ZS,NGA,_T,_T,_T,_Z,_Z,_Z,2022,A,PT_GDP,
7.421648,P1Y,0,,A,PU,_Z,2,,,False,WB_WDI,WB_WDI_SH_XPD_CHEX_GD_ZS,MKD,_T,_T,_T,_Z,_Z,_Z,2022,A,PT_GDP,
7.908731,P1Y,0,,A,PU,_Z,2,,,False,WB_WDI,WB_WDI_SH_XPD_CHEX_GD_ZS,NOR,_T,_T,_T,_Z,_Z,_Z,2022,A,PT_GDP,
3.06614,P1Y,0,,A,PU,_Z,2,,,False,WB_WDI,WB_WDI_SH_XPD_CHEX_GD_ZS,OMN,_T,_T,_T,_Z,_Z,_Z,2022,A,PT_GDP,
2.903548,P1Y,0,,A,PU,_Z,2,,,False,WB_WDI,WB_WDI_SH_XPD_CHEX_GD_ZS,PAK,_T,_T,_T,_Z,_Z,_Z,2022,A,PT_GDP,
14.878421,P1Y,0,,A,PU,_Z,2,,,False,WB_WDI,WB_WDI_SH_XPD_CHEX_GD_ZS,PLW,_T,_T,_T,_Z,_Z,_Z,2022,A,PT_GDP,
9.045789,P1Y,0,,A,PU,_Z,2,,,False,WB_WDI,WB_WDI_SH_XPD_CHEX_GD_ZS,PAN,_T,_T,_T,_Z,_Z,_Z,2022,A,PT_GDP,
2.614631,P1Y,0,,A,PU,_Z,2,,,False,WB_WDI,WB_WDI_SH_XPD_CHEX_GD_ZS,PNG,_T,_T,_T,_Z,_Z,_Z,2022,A,PT_GDP,
3.300461,P1Y,0,,A,PU,_Z,2,,,False,WB_WDI,WB_WDI_SH_XPD_CHEX_GD_ZS,TSA,_T,_T,_T,_Z,_Z,_Z,2021,A,PT_GDP,
5.074368,P1Y,0,,A,PU,_Z,2,,,False,WB_WDI,WB_WDI_SH_XPD_CHEX_GD_ZS,SSF,_T,_T,_T,_Z,_Z,_Z,2021,A,PT_GDP,
5.074274,P1Y,0,,A,PU,_Z,2,,,False,WB_WDI,WB_WDI_SH_XPD_CHEX_GD_ZS,SSA,_T,_T,_T,_Z,_Z,_Z,2021,A,PT_GDP,
5.074368,P1Y,0,,A,PU,_Z,2,,,False,WB_WDI,WB_WDI_SH_XPD_CHEX_GD_ZS,TSS,_T,_T,_T,_Z,_Z,_Z,2021,A,PT_GDP,
5.712492,P1Y,0,,A,PU,_Z,2,,,False,WB_WDI,WB_WDI_SH_XPD_CHEX_GD_ZS,UMC,_T,_T,_T,_Z,_Z,_Z,2021,A,PT_GDP,
10.293027,P1Y,0,,A,PU,_Z,2,,,False,WB_WDI,WB_WDI_SH_XPD_CHEX_GD_ZS,WLD,_T,_T,_T,_Z,_Z,_Z,2021,A,PT_GDP,
21.508444,P1Y,0,,A,PU,_Z,2,,,False,WB_WDI,WB_WDI_SH_XPD_CHEX_GD_ZS,AFG,_T,_T,_T,_Z,_Z,_Z,2021,A,PT_GDP,
7.357504,P1Y,0,,A,PU,_Z,2,,,False,WB_WDI,WB_WDI_SH_XPD_CHEX_GD_ZS,ALB,_T,_T,_T,_Z,_Z,_Z,2021,A,PT_GDP,
5.021889,P1Y,0,,A,PU,_Z,2,,,False,WB_WDI,WB_WDI_SH_XPD_CHEX_GD_ZS,DZA,_T,_T,_T,_Z,_Z,_Z,2021,A,PT_GDP,
8.646717,P1Y,0,,A,PU,_Z,2,,,False,WB_WDI,WB_WDI_SH_XPD_CHEX_GD_ZS,AND,_T,_T,_T,_Z,_Z,_Z,2021,A,PT_GDP,
2.739871,P1Y,0,,A,PU,_Z,2,,,False,WB_WDI,WB_WDI_SH_XPD_CHEX_GD_ZS,AGO,_T,_T,_T,_Z,_Z,_Z,2021,A,PT_GDP,
4.813154,P1Y,0,,A,PU,_Z,2,,,False,WB_WDI,WB_WDI_SH_XPD_CHEX_GD_ZS,ATG,_T,_T,_T,_Z,_Z,_Z,2021,A,PT_GDP,
11.009102,P1Y,0,,A,PU,_Z,2,,,False,WB_WDI,WB_WDI_SH_XPD_CHEX_GD_ZS,ARG,_T,_T,_T,_Z,_Z,_Z,2021,A,PT_GDP,
5.372732,P1Y,0,,A,PU,_Z,2,,,False,WB_WDI,WB_WDI_SH_XPD_CHEX_GD_ZS,KWT,_T,_T,_T,_Z,_Z,_Z,2021,A,PT_GDP,
5.352756,P1Y,0,,A,PU,_Z,2,,,False,WB_WDI,WB_WDI_SH_XPD_CHEX_GD_ZS,KGZ,_T,_T,_T,_Z,_Z,_Z,2021,A,PT_GDP,
2.74392,P1Y,0,,A,PU,_Z,2,,,False,WB_WDI,WB_WDI_SH_XPD_CHEX_GD_ZS,LAO,_T,_T,_T,_Z,_Z,_Z,2021,A,PT_GDP,
9.410507,P1Y,0,,A,PU,_Z,2,,,False,WB_WDI,WB_WDI_SH_XPD_CHEX_GD_ZS,LVA,_T,_T,_T,_Z,_Z,_Z,2021,A,PT_GDP,
4.400062,P1Y,0,,A,PU,_Z,2,,,False,WB_WDI,WB_WDI_SH_XPD_CHEX_GD_ZS,LBN,_T,_T,_T,_Z,_Z,_Z,2021,A,PT_GDP,
10.661657,P1Y,0,,A,PU,_Z,2,,,False,WB_WDI,WB_WDI_SH_XPD_CHEX_GD_ZS,LSO,_T,_T,_T,_Z,_Z,_Z,2021,A,PT_GDP,
13.27176,P1Y,0,,A,PU,_Z,2,,,False,WB_WDI,WB_WDI_SH_XPD_CHEX_GD_ZS,LBR,_T,_T,_T,_Z,_Z,_Z,2021,A,PT_GDP,
6.054574,P1Y,0,,A,PU,_Z,2,,,False,WB_WDI,WB_WDI_SH_XPD_CHEX_GD_ZS,LBY,_T,_T,_T,_Z,_Z,_Z,2021,A,PT_GDP,
5.384602,P1Y,0,,A,PU,_Z,2,,,False,WB_WDI,WB_WDI_SH_XPD_CHEX_GD_ZS,LIE,_T,_T,_T,_Z,_Z,_Z,2021,A,PT_GDP,
7.732108,P1Y,0,,A,PU,_Z,2,,,False,WB_WDI,WB_WDI_SH_XPD_CHEX_GD_ZS,LTU,_T,_T,_T,_Z,_Z,_Z,2021,A,PT_GDP,
5.608061,P1Y,0,,A,PU,_Z,2,,,False,WB_WDI,WB_WDI_SH_XPD_CHEX_GD_ZS,LUX,_T,_T,_T,_Z,_Z,_Z,2021,A,PT_GDP,
4.290317,P1Y,0,,A,PU,_Z,2,,,False,WB_WDI,WB_WDI_SH_XPD_CHEX_GD_ZS,LAO,_T,_T,_T,_Z,_Z,_Z,2001,A,PT_GDP,
5.890922,P1Y,0,,A,PU,_Z,2,,,False,WB_WDI,WB_WDI_SH_XPD_CHEX_GD_ZS,LVA,_T,_T,_T,_Z,_Z,_Z,2001,A,PT_GDP,
10.562548,P1Y,0,,A,PU,_Z,2,,,False,WB_WDI,WB_WDI_SH_XPD_CHEX_GD_ZS,LBN,_T,_T,_T,_Z,_Z,_Z,2001,A,PT_GDP,
6.590757,P1Y,0,,A,PU,_Z,2,,,False,WB_WDI,WB_WDI_SH_XPD_CHEX_GD_ZS,LSO,_T,_T,_T,_Z,_Z,_Z,2001,A,PT_GDP,
2.15581,P1Y,0,,A,PU,_Z,2,,,False,WB_WDI,WB_WDI_SH_XPD_CHEX_GD_ZS,LBR,_T,_T,_T,_Z,_Z,_Z,2001,A,PT_GDP,
3.925716,P1Y,0,,A,PU,_Z,2,,,False,WB_WDI,WB_WDI_SH_XPD_CHEX_GD_ZS,LBY,_T,_T,_T,_Z,_Z,_Z,2001,A,PT_GDP,
6.001933,P1Y,0,,A,PU,_Z,2,,,False,WB_WDI,WB_WDI_SH_XPD_CHEX_GD_ZS,LTU,_T,_T,_T,_Z,_Z,_Z,2001,A,PT_GDP,
6.381939,P1Y,0,,A,PU,_Z,2,,,False,WB_WDI,WB_WDI_SH_XPD_CHEX_GD_ZS,LUX,_T,_T,_T,_Z,_Z,_Z,2001,A,PT_GDP,
4.115139,P1Y,0,,A,PU,_Z,2,,,False,WB_WDI,WB_WDI_SH_XPD_CHEX_GD_ZS,MDG,_T,_T,_T,_Z,_Z,_Z,2001,A,PT_GDP,
2.0604,P1Y,0,,A,PU,_Z,2,,,False,WB_WDI,WB_WDI_SH_XPD_CHEX_GD_ZS,MWI,_T,_T,_T,_Z,_Z,_Z,2001,A,PT_GDP,
2.675397,P1Y,0,,A,PU,_Z,2,,,False,WB_WDI,WB_WDI_SH_XPD_CHEX_GD_ZS,MYS,_T,_T,_T,_Z,_Z,_Z,2001,A,PT_GDP,
8.21365,P1Y,0,,A,PU,_Z,2,,,False,WB_WDI,WB_WDI_SH_XPD_CHEX_GD_ZS,MDV,_T,_T,_T,_Z,_Z,_Z,2001,A,PT_GDP,
6.769296,P1Y,0,,A,PU,_Z,2,,,False,WB_WDI,WB_WDI_SH_XPD_CHEX_GD_ZS,ESP,_T,_T,_T,_Z,_Z,_Z,2001,A,PT_GDP,
4.056628,P1Y,0,,A,PU,_Z,2,,,False,WB_WDI,WB_WDI_SH_XPD_CHEX_GD_ZS,LKA,_T,_T,_T,_Z,_Z,_Z,2001,A,PT_GDP,
4.396937,P1Y,0,,A,PU,_Z,2,,,False,WB_WDI,WB_WDI_SH_XPD_CHEX_GD_ZS,KNA,_T,_T,_T,_Z,_Z,_Z,2001,A,PT_GDP,
5.121395,P1Y,0,,A,PU,_Z,2,,,False,WB_WDI,WB_WDI_SH_XPD_CHEX_GD_ZS,LCA,_T,_T,_T,_Z,_Z,_Z,2001,A,PT_GDP,
4.010575,P1Y,0,,A,PU,_Z,2,,,False,WB_WDI,WB_WDI_SH_XPD_CHEX_GD_ZS,VCT,_T,_T,_T,_Z,_Z,_Z,2001,A,PT_GDP,
3.364569,P1Y,0,,A,PU,_Z,2,,,False,WB_WDI,WB_WDI_SH_XPD_CHEX_GD_ZS,SDN,_T,_T,_T,_Z,_Z,_Z,2001,A,PT_GDP,
3.82475,P1Y,0,,A,PU,_Z,2,,,False,WB_WDI,WB_WDI_SH_XPD_CHEX_GD_ZS,SUR,_T,_T,_T,_Z,_Z,_Z,2001,A,PT_GDP,
7.892489,P1Y,0,,A,PU,_Z,2,,,False,WB_WDI,WB_WDI_SH_XPD_CHEX_GD_ZS,SWE,_T,_T,_T,_Z,_Z,_Z,2001,A,PT_GDP,
9.460401,P1Y,0,,A,PU,_Z,2,,,False,WB_WDI,WB_WDI_SH_XPD_CHEX_GD_ZS,CHE,_T,_T,_T,_Z,_Z,_Z,2001,A,PT_GDP,
4.714582,P1Y,0,,A,PU,_Z,2,,,False,WB_WDI,WB_WDI_SH_XPD_CHEX_GD_ZS,SYR,_T,_T,_T,_Z,_Z,_Z,2001,A,PT_GDP,
4.578025,P1Y,0,,A,PU,_Z,2,,,False,WB_WDI,WB_WDI_SH_XPD_CHEX_GD_ZS,TJK,_T,_T,_T,_Z,_Z,_Z,2001,A,PT_GDP,
4.235517,P1Y,0,,A,PU,_Z,2,,,False,WB_WDI,WB_WDI_SH_XPD_CHEX_GD_ZS,TZA,_T,_T,_T,_Z,_Z,_Z,2001,A,PT_GDP,
3.026238,P1Y,0,,A,PU,_Z,2,,,False,WB_WDI,WB_WDI_SH_XPD_CHEX_GD_ZS,THA,_T,_T,_T,_Z,_Z,_Z,2001,A,PT_GDP,
4.975254,P1Y,0,,A,PU,_Z,2,,,False,WB_WDI,WB_WDI_SH_XPD_CHEX_GD_ZS,SSF,_T,_T,_T,_Z,_Z,_Z,2017,A,PT_GDP,
4.975756,P1Y,0,,A,PU,_Z,2,,,False,WB_WDI,WB_WDI_SH_XPD_CHEX_GD_ZS,SSA,_T,_T,_T,_Z,_Z,_Z,2017,A,PT_GDP,
4.975254,P1Y,0,,A,PU,_Z,2,,,False,WB_WDI,WB_WDI_SH_XPD_CHEX_GD_ZS,TSS,_T,_T,_T,_Z,_Z,_Z,2017,A,PT_GDP,
5.579722,P1Y,0,,A,PU,_Z,2,,,False,WB_WDI,WB_WDI_SH_XPD_CHEX_GD_ZS,UMC,_T,_T,_T,_Z,_Z,_Z,2017,A,PT_GDP,
9.665672,P1Y,0,,A,PU,_Z,2,,,False,WB_WDI,WB_WDI_SH_XPD_CHEX_GD_ZS,WLD,_T,_T,_T,_Z,_Z,_Z,2017,A,PT_GDP,
12.620817,P1Y,0,,A,PU,_Z,2,,,False,WB_WDI,WB_WDI_SH_XPD_CHEX_GD_ZS,AFG,_T,_T,_T,_Z,_Z,_Z,2017,A,PT_GDP,
6.501119,P1Y,0,,A,PU,_Z,2,,,False,WB_WDI,WB_WDI_SH_XPD_CHEX_GD_ZS,ALB,_T,_T,_T,_Z,_Z,_Z,2017,A,PT_GDP,
5.948454,P1Y,0,,A,PU,_Z,2,,,False,WB_WDI,WB_WDI_SH_XPD_CHEX_GD_ZS,DZA,_T,_T,_T,_Z,_Z,_Z,2017,A,PT_GDP,
7.071582,P1Y,0,,A,PU,_Z,2,,,False,WB_WDI,WB_WDI_SH_XPD_CHEX_GD_ZS,AND,_T,_T,_T,_Z,_Z,_Z,2017,A,PT_GDP,
2.437943,P1Y,0,,A,PU,_Z,2,,,False,WB_WDI,WB_WDI_SH_XPD_CHEX_GD_ZS,AGO,_T,_T,_T,_Z,_Z,_Z,2017,A,PT_GDP,
4.66319,P1Y,0,,A,PU,_Z,2,,,False,WB_WDI,WB_WDI_SH_XPD_CHEX_GD_ZS,ATG,_T,_T,_T,_Z,_Z,_Z,2017,A,PT_GDP,
10.260579,P1Y,0,,A,PU,_Z,2,,,False,WB_WDI,WB_WDI_SH_XPD_CHEX_GD_ZS,ARG,_T,_T,_T,_Z,_Z,_Z,2017,A,PT_GDP,
8.174474,P1Y,0,,A,PU,_Z,2,,,False,WB_WDI,WB_WDI_SH_XPD_CHEX_GD_ZS,SVN,_T,_T,_T,_Z,_Z,_Z,2003,A,PT_GDP,
7.077247,P1Y,0,,A,PU,_Z,2,,,False,WB_WDI,WB_WDI_SH_XPD_CHEX_GD_ZS,SLB,_T,_T,_T,_Z,_Z,_Z,2003,A,PT_GDP,
7.040982,P1Y,0,,A,PU,_Z,2,,,False,WB_WDI,WB_WDI_SH_XPD_CHEX_GD_ZS,ZAF,_T,_T,_T,_Z,_Z,_Z,2003,A,PT_GDP,
7.592232,P1Y,0,,A,PU,_Z,2,,,False,WB_WDI,WB_WDI_SH_XPD_CHEX_GD_ZS,ESP,_T,_T,_T,_Z,_Z,_Z,2003,A,PT_GDP,
3.646467,P1Y,0,,A,PU,_Z,2,,,False,WB_WDI,WB_WDI_SH_XPD_CHEX_GD_ZS,LKA,_T,_T,_T,_Z,_Z,_Z,2003,A,PT_GDP,
4.751597,P1Y,0,,A,PU,_Z,2,,,False,WB_WDI,WB_WDI_SH_XPD_CHEX_GD_ZS,KNA,_T,_T,_T,_Z,_Z,_Z,2003,A,PT_GDP,
5.240696,P1Y,0,,A,PU,_Z,2,,,False,WB_WDI,WB_WDI_SH_XPD_CHEX_GD_ZS,LCA,_T,_T,_T,_Z,_Z,_Z,2003,A,PT_GDP,
3.96341,P1Y,0,,A,PU,_Z,2,,,False,WB_WDI,WB_WDI_SH_XPD_CHEX_GD_ZS,VCT,_T,_T,_T,_Z,_Z,_Z,2003,A,PT_GDP,
3.891879,P1Y,0,,A,PU,_Z,2,,,False,WB_WDI,WB_WDI_SH_XPD_CHEX_GD_ZS,SDN,_T,_T,_T,_Z,_Z,_Z,2003,A,PT_GDP,
4.888784,P1Y,0,,A,PU,_Z,2,,,False,WB_WDI,WB_WDI_SH_XPD_CHEX_GD_ZS,SUR,_T,_T,_T,_Z,_Z,_Z,2003,A,PT_GDP,
8.316543,P1Y,0,,A,PU,_Z,2,,,False,WB_WDI,WB_WDI_SH_XPD_CHEX_GD_ZS,SWE,_T,_T,_T,_Z,_Z,_Z,2003,A,PT_GDP,
10.136968,P1Y,0,,A,PU,_Z,2,,,False,WB_WDI,WB_WDI_SH_XPD_CHEX_GD_ZS,CHE,_T,_T,_T,_Z,_Z,_Z,2003,A,PT_GDP,
3.127873,P1Y,0,,A,PU,_Z,2,,,False,WB_WDI,WB_WDI_SH_XPD_CHEX_GD_ZS,RWA,_T,_T,_T,_Z,_Z,_Z,2002,A,PT_GDP,
4.492055,P1Y,0,,A,PU,_Z,2,,,False,WB_WDI,WB_WDI_SH_XPD_CHEX_GD_ZS,WSM,_T,_T,_T,_Z,_Z,_Z,2002,A,PT_GDP,
5.391558,P1Y,0,,A,PU,_Z,2,,,False,WB_WDI,WB_WDI_SH_XPD_CHEX_GD_ZS,SMR,_T,_T,_T,_Z,_Z,_Z,2002,A,PT_GDP,
9.498605,P1Y,0,,A,PU,_Z,2,,,False,WB_WDI,WB_WDI_SH_XPD_CHEX_GD_ZS,STP,_T,_T,_T,_Z,_Z,_Z,2002,A,PT_GDP,
4.249376,P1Y,0,,A,PU,_Z,2,,,False,WB_WDI,WB_WDI_SH_XPD_CHEX_GD_ZS,SAU,_T,_T,_T,_Z,_Z,_Z,2002,A,PT_GDP,
3.952944,P1Y,0,,A,PU,_Z,2,,,False,WB_WDI,WB_WDI_SH_XPD_CHEX_GD_ZS,SEN,_T,_T,_T,_Z,_Z,_Z,2002,A,PT_GDP,
7.249509,P1Y,0,,A,PU,_Z,2,,,False,WB_WDI,WB_WDI_SH_XPD_CHEX_GD_ZS,SRB,_T,_T,_T,_Z,_Z,_Z,2002,A,PT_GDP,
4.195629,P1Y,0,,A,PU,_Z,2,,,False,WB_WDI,WB_WDI_SH_XPD_CHEX_GD_ZS,SYC,_T,_T,_T,_Z,_Z,_Z,2002,A,PT_GDP,
5.553888,P1Y,0,,A,PU,_Z,2,,,False,WB_WDI,WB_WDI_SH_XPD_CHEX_GD_ZS,SLE,_T,_T,_T,_Z,_Z,_Z,2002,A,PT_GDP,
3.358464,P1Y,0,,A,PU,_Z,2,,,False,WB_WDI,WB_WDI_SH_XPD_CHEX_GD_ZS,SGP,_T,_T,_T,_Z,_Z,_Z,2002,A,PT_GDP,
5.517939,P1Y,0,,A,PU,_Z,2,,,False,WB_WDI,WB_WDI_SH_XPD_CHEX_GD_ZS,SVK,_T,_T,_T,_Z,_Z,_Z,2002,A,PT_GDP,
8.116325,P1Y,0,,A,PU,_Z,2,,,False,WB_WDI,WB_WDI_SH_XPD_CHEX_GD_ZS,SVN,_T,_T,_T,_Z,_Z,_Z,2002,A,PT_GDP,
10.106276,P1Y,0,,A,PU,_Z,2,,,False,WB_WDI,WB_WDI_SH_XPD_CHEX_GD_ZS,SLB,_T,_T,_T,_Z,_Z,_Z,2002,A,PT_GDP,
6.677745,P1Y,0,,A,PU,_Z,2,,,False,WB_WDI,WB_WDI_SH_XPD_CHEX_GD_ZS,ZAF,_T,_T,_T,_Z,_Z,_Z,2002,A,PT_GDP,
7.736558,P1Y,0,,A,PU,_Z,2,,,False,WB_WDI,WB_WDI_SH_XPD_CHEX_GD_ZS,MDV,_T,_T,_T,_Z,_Z,_Z,2000,A,PT_GDP,
5.466337,P1Y,0,,A,PU,_Z,2,,,False,WB_WDI,WB_WDI_SH_XPD_CHEX_GD_ZS,MLI,_T,_T,_T,_Z,_Z,_Z,2000,A,PT_GDP,
6.626214,P1Y,0,,A,PU,_Z,2,,,False,WB_WDI,WB_WDI_SH_XPD_CHEX_GD_ZS,MLT,_T,_T,_T,_Z,_Z,_Z,2000,A,PT_GDP,
13.524676,P1Y,0,,A,PU,_Z,2,,,False,WB_WDI,WB_WDI_SH_XPD_CHEX_GD_ZS,MHL,_T,_T,_T,_Z,_Z,_Z,2000,A,PT_GDP,
3.378247,P1Y,0,,A,PU,_Z,2,,,False,WB_WDI,WB_WDI_SH_XPD_CHEX_GD_ZS,MRT,_T,_T,_T,_Z,_Z,_Z,2000,A,PT_GDP,
2.857347,P1Y,0,,A,PU,_Z,2,,,False,WB_WDI,WB_WDI_SH_XPD_CHEX_GD_ZS,MUS,_T,_T,_T,_Z,_Z,_Z,2000,A,PT_GDP,
4.244365,P1Y,0,,A,PU,_Z,2,,,False,WB_WDI,WB_WDI_SH_XPD_CHEX_GD_ZS,MEX,_T,_T,_T,_Z,_Z,_Z,2000,A,PT_GDP,
7.765111,P1Y,0,,A,PU,_Z,2,,,False,WB_WDI,WB_WDI_SH_XPD_CHEX_GD_ZS,FSM,_T,_T,_T,_Z,_Z,_Z,2000,A,PT_GDP,
5.926873,P1Y,0,,A,PU,_Z,2,,,False,WB_WDI,WB_WDI_SH_XPD_CHEX_GD_ZS,MDA,_T,_T,_T,_Z,_Z,_Z,2000,A,PT_GDP,
3.695179,P1Y,0,,A,PU,_Z,2,,,False,WB_WDI,WB_WDI_SH_XPD_CHEX_GD_ZS,MCO,_T,_T,_T,_Z,_Z,_Z,2000,A,PT_GDP,
6.076051,P1Y,0,,A,PU,_Z,2,,,False,WB_WDI,WB_WDI_SH_XPD_CHEX_GD_ZS,MNG,_T,_T,_T,_Z,_Z,_Z,2000,A,PT_GDP,
3.693046,P1Y,0,,A,PU,_Z,2,,,False,WB_WDI,WB_WDI_SH_XPD_CHEX_GD_ZS,MAR,_T,_T,_T,_Z,_Z,_Z,2000,A,PT_GDP,
4.219725,P1Y,0,,A,PU,_Z,2,,,False,WB_WDI,WB_WDI_SH_XPD_CHEX_GD_ZS,DJI,_T,_T,_T,_Z,_Z,_Z,2006,A,PT_GDP,
4.780922,P1Y,0,,A,PU,_Z,2,,,False,WB_WDI,WB_WDI_SH_XPD_CHEX_GD_ZS,DMA,_T,_T,_T,_Z,_Z,_Z,2006,A,PT_GDP,
3.993654,P1Y,0,,A,PU,_Z,2,,,False,WB_WDI,WB_WDI_SH_XPD_CHEX_GD_ZS,DOM,_T,_T,_T,_Z,_Z,_Z,2006,A,PT_GDP,
5.936178,P1Y,0,,A,PU,_Z,2,,,False,WB_WDI,WB_WDI_SH_XPD_CHEX_GD_ZS,ECU,_T,_T,_T,_Z,_Z,_Z,2006,A,PT_GDP,
4.841901,P1Y,0,,A,PU,_Z,2,,,False,WB_WDI,WB_WDI_SH_XPD_CHEX_GD_ZS,EGY,_T,_T,_T,_Z,_Z,_Z,2006,A,PT_GDP,
8.693389,P1Y,0,,A,PU,_Z,2,,,False,WB_WDI,WB_WDI_SH_XPD_CHEX_GD_ZS,SLV,_T,_T,_T,_Z,_Z,_Z,2006,A,PT_GDP,
1.412179,P1Y,0,,A,PU,_Z,2,,,False,WB_WDI,WB_WDI_SH_XPD_CHEX_GD_ZS,GNQ,_T,_T,_T,_Z,_Z,_Z,2006,A,PT_GDP,
6.857275,P1Y,0,,A,PU,_Z,2,,,False,WB_WDI,WB_WDI_SH_XPD_CHEX_GD_ZS,ERI,_T,_T,_T,_Z,_Z,_Z,2006,A,PT_GDP,
4.973087,P1Y,0,,A,PU,_Z,2,,,False,WB_WDI,WB_WDI_SH_XPD_CHEX_GD_ZS,EST,_T,_T,_T,_Z,_Z,_Z,2006,A,PT_GDP,
7.825601,P1Y,0,,A,PU,_Z,2,,,False,WB_WDI,WB_WDI_SH_XPD_CHEX_GD_ZS,SWZ,_T,_T,_T,_Z,_Z,_Z,2006,A,PT_GDP,
4.457573,P1Y,0,,A,PU,_Z,2,,,False,WB_WDI,WB_WDI_SH_XPD_CHEX_GD_ZS,ETH,_T,_T,_T,_Z,_Z,_Z,2006,A,PT_GDP,
6.694973,P1Y,0,,A,PU,_Z,2,,,False,WB_WDI,WB_WDI_SH_XPD_CHEX_GD_ZS,LBR,_T,_T,_T,_Z,_Z,_Z,2005,A,PT_GDP,
2.517071,P1Y,0,,A,PU,_Z,2,,,False,WB_WDI,WB_WDI_SH_XPD_CHEX_GD_ZS,LBY,_T,_T,_T,_Z,_Z,_Z,2005,A,PT_GDP,
5.646376,P1Y,0,,A,PU,_Z,2,,,False,WB_WDI,WB_WDI_SH_XPD_CHEX_GD_ZS,LTU,_T,_T,_T,_Z,_Z,_Z,2005,A,PT_GDP,
7.123282,P1Y,0,,A,PU,_Z,2,,,False,WB_WDI,WB_WDI_SH_XPD_CHEX_GD_ZS,LUX,_T,_T,_T,_Z,_Z,_Z,2005,A,PT_GDP,
5.215578,P1Y,0,,A,PU,_Z,2,,,False,WB_WDI,WB_WDI_SH_XPD_CHEX_GD_ZS,MDG,_T,_T,_T,_Z,_Z,_Z,2005,A,PT_GDP,
4.300465,P1Y,0,,A,PU,_Z,2,,,False,WB_WDI,WB_WDI_SH_XPD_CHEX_GD_ZS,MWI,_T,_T,_T,_Z,_Z,_Z,2005,A,PT_GDP,
2.786927,P1Y,0,,A,PU,_Z,2,,,False,WB_WDI,WB_WDI_SH_XPD_CHEX_GD_ZS,MYS,_T,_T,_T,_Z,_Z,_Z,2005,A,PT_GDP,
8.827534,P1Y,0,,A,PU,_Z,2,,,False,WB_WDI,WB_WDI_SH_XPD_CHEX_GD_ZS,MDV,_T,_T,_T,_Z,_Z,_Z,2005,A,PT_GDP,
5.195173,P1Y,0,,A,PU,_Z,2,,,False,WB_WDI,WB_WDI_SH_XPD_CHEX_GD_ZS,MLI,_T,_T,_T,_Z,_Z,_Z,2005,A,PT_GDP,
8.694976,P1Y,0,,A,PU,_Z,2,,,False,WB_WDI,WB_WDI_SH_XPD_CHEX_GD_ZS,MLT,_T,_T,_T,_Z,_Z,_Z,2005,A,PT_GDP,
18.452932,P1Y,0,,A,PU,_Z,2,,,False,WB_WDI,WB_WDI_SH_XPD_CHEX_GD_ZS,MHL,_T,_T,_T,_Z,_Z,_Z,2005,A,PT_GDP,
3.68264,P1Y,0,,A,PU,_Z,2,,,False,WB_WDI,WB_WDI_SH_XPD_CHEX_GD_ZS,LKA,_T,_T,_T,_Z,_Z,_Z,2015,A,PT_GDP,
5.12752,P1Y,0,,A,PU,_Z,2,,,False,WB_WDI,WB_WDI_SH_XPD_CHEX_GD_ZS,KNA,_T,_T,_T,_Z,_Z,_Z,2015,A,PT_GDP,
4.57866,P1Y,0,,A,PU,_Z,2,,,False,WB_WDI,WB_WDI_SH_XPD_CHEX_GD_ZS,LCA,_T,_T,_T,_Z,_Z,_Z,2015,A,PT_GDP,
4.116058,P1Y,0,,A,PU,_Z,2,,,False,WB_WDI,WB_WDI_SH_XPD_CHEX_GD_ZS,VCT,_T,_T,_T,_Z,_Z,_Z,2015,A,PT_GDP,
5.811126,P1Y,0,,A,PU,_Z,2,,,False,WB_WDI,WB_WDI_SH_XPD_CHEX_GD_ZS,SDN,_T,_T,_T,_Z,_Z,_Z,2015,A,PT_GDP,
5.808082,P1Y,0,,A,PU,_Z,2,,,False,WB_WDI,WB_WDI_SH_XPD_CHEX_GD_ZS,SUR,_T,_T,_T,_Z,_Z,_Z,2015,A,PT_GDP,
10.930692,P1Y,0,,A,PU,_Z,2,,,False,WB_WDI,WB_WDI_SH_XPD_CHEX_GD_ZS,SWE,_T,_T,_T,_Z,_Z,_Z,2015,A,PT_GDP,
10.979831,P1Y,0,,A,PU,_Z,2,,,False,WB_WDI,WB_WDI_SH_XPD_CHEX_GD_ZS,CHE,_T,_T,_T,_Z,_Z,_Z,2015,A,PT_GDP,
3.674643,P1Y,0,,A,PU,_Z,2,,,False,WB_WDI,WB_WDI_SH_XPD_CHEX_GD_ZS,SYR,_T,_T,_T,_Z,_Z,_Z,2015,A,PT_GDP,
6.907359,P1Y,0,,A,PU,_Z,2,,,False,WB_WDI,WB_WDI_SH_XPD_CHEX_GD_ZS,TJK,_T,_T,_T,_Z,_Z,_Z,2015,A,PT_GDP,
3.649699,P1Y,0,,A,PU,_Z,2,,,False,WB_WDI,WB_WDI_SH_XPD_CHEX_GD_ZS,TZA,_T,_T,_T,_Z,_Z,_Z,2015,A,PT_GDP,
4.519521,P1Y,0,,A,PU,_Z,2,,,False,WB_WDI,WB_WDI_SH_XPD_CHEX_GD_ZS,MLI,_T,_T,_T,_Z,_Z,_Z,2001,A,PT_GDP,
7.029712,P1Y,0,,A,PU,_Z,2,,,False,WB_WDI,WB_WDI_SH_XPD_CHEX_GD_ZS,MLT,_T,_T,_T,_Z,_Z,_Z,2001,A,PT_GDP,
11.189654,P1Y,0,,A,PU,_Z,2,,,False,WB_WDI,WB_WDI_SH_XPD_CHEX_GD_ZS,MHL,_T,_T,_T,_Z,_Z,_Z,2001,A,PT_GDP,
3.571838,P1Y,0,,A,PU,_Z,2,,,False,WB_WDI,WB_WDI_SH_XPD_CHEX_GD_ZS,MRT,_T,_T,_T,_Z,_Z,_Z,2001,A,PT_GDP,
2.921519,P1Y,0,,A,PU,_Z,2,,,False,WB_WDI,WB_WDI_SH_XPD_CHEX_GD_ZS,MUS,_T,_T,_T,_Z,_Z,_Z,2001,A,PT_GDP,
4.582014,P1Y,0,,A,PU,_Z,2,,,False,WB_WDI,WB_WDI_SH_XPD_CHEX_GD_ZS,MEX,_T,_T,_T,_Z,_Z,_Z,2001,A,PT_GDP,
8.48782,P1Y,0,,A,PU,_Z,2,,,False,WB_WDI,WB_WDI_SH_XPD_CHEX_GD_ZS,FSM,_T,_T,_T,_Z,_Z,_Z,2001,A,PT_GDP,
6.234498,P1Y,0,,A,PU,_Z,2,,,False,WB_WDI,WB_WDI_SH_XPD_CHEX_GD_ZS,MDA,_T,_T,_T,_Z,_Z,_Z,2001,A,PT_GDP,
3.754092,P1Y,0,,A,PU,_Z,2,,,False,WB_WDI,WB_WDI_SH_XPD_CHEX_GD_ZS,MCO,_T,_T,_T,_Z,_Z,_Z,2001,A,PT_GDP,
5.4424,P1Y,0,,A,PU,_Z,2,,,False,WB_WDI,WB_WDI_SH_XPD_CHEX_GD_ZS,MNG,_T,_T,_T,_Z,_Z,_Z,2001,A,PT_GDP,
3.816012,P1Y,0,,A,PU,_Z,2,,,False,WB_WDI,WB_WDI_SH_XPD_CHEX_GD_ZS,MAR,_T,_T,_T,_Z,_Z,_Z,2001,A,PT_GDP,
2.800982,P1Y,0,,A,PU,_Z,2,,,False,WB_WDI,WB_WDI_SH_XPD_CHEX_GD_ZS,MOZ,_T,_T,_T,_Z,_Z,_Z,2001,A,PT_GDP,
2.16209,P1Y,0,,A,PU,_Z,2,,,False,WB_WDI,WB_WDI_SH_XPD_CHEX_GD_ZS,MMR,_T,_T,_T,_Z,_Z,_Z,2001,A,PT_GDP,
3.638476,P1Y,0,,A,PU,_Z,2,,,False,WB_WDI,WB_WDI_SH_XPD_CHEX_GD_ZS,CIV,_T,_T,_T,_Z,_Z,_Z,2022,A,PT_GDP,
7.296363,P1Y,0,,A,PU,_Z,2,,,False,WB_WDI,WB_WDI_SH_XPD_CHEX_GD_ZS,HRV,_T,_T,_T,_Z,_Z,_Z,2022,A,PT_GDP,
11.787735,P1Y,0,,A,PU,_Z,2,,,False,WB_WDI,WB_WDI_SH_XPD_CHEX_GD_ZS,CUB,_T,_T,_T,_Z,_Z,_Z,2022,A,PT_GDP,
8.272014,P1Y,0,,A,PU,_Z,2,,,False,WB_WDI,WB_WDI_SH_XPD_CHEX_GD_ZS,CYP,_T,_T,_T,_Z,_Z,_Z,2022,A,PT_GDP,
8.470631,P1Y,0,,A,PU,_Z,2,,,False,WB_WDI,WB_WDI_SH_XPD_CHEX_GD_ZS,CZE,_T,_T,_T,_Z,_Z,_Z,2022,A,PT_GDP,
9.474113,P1Y,0,,A,PU,_Z,2,,,False,WB_WDI,WB_WDI_SH_XPD_CHEX_GD_ZS,DNK,_T,_T,_T,_Z,_Z,_Z,2022,A,PT_GDP,
2.525545,P1Y,0,,A,PU,_Z,2,,,False,WB_WDI,WB_WDI_SH_XPD_CHEX_GD_ZS,DJI,_T,_T,_T,_Z,_Z,_Z,2022,A,PT_GDP,
5.97262,P1Y,0,,A,PU,_Z,2,,,False,WB_WDI,WB_WDI_SH_XPD_CHEX_GD_ZS,DMA,_T,_T,_T,_Z,_Z,_Z,2022,A,PT_GDP,
4.645068,P1Y,0,,A,PU,_Z,2,,,False,WB_WDI,WB_WDI_SH_XPD_CHEX_GD_ZS,DOM,_T,_T,_T,_Z,_Z,_Z,2022,A,PT_GDP,
7.601839,P1Y,0,,A,PU,_Z,2,,,False,WB_WDI,WB_WDI_SH_XPD_CHEX_GD_ZS,ECU,_T,_T,_T,_Z,_Z,_Z,2022,A,PT_GDP,
4.723628,P1Y,0,,A,PU,_Z,2,,,False,WB_WDI,WB_WDI_SH_XPD_CHEX_GD_ZS,EGY,_T,_T,_T,_Z,_Z,_Z,2022,A,PT_GDP,
9.820363,P1Y,0,,A,PU,_Z,2,,,False,WB_WDI,WB_WDI_SH_XPD_CHEX_GD_ZS,SLV,_T,_T,_T,_Z,_Z,_Z,2022,A,PT_GDP,
7.802879,P1Y,0,,A,PU,_Z,2,,,False,WB_WDI,WB_WDI_SH_XPD_CHEX_GD_ZS,LCN,_T,_T,_T,_Z,_Z,_Z,2015,A,PT_GDP,
7.807611,P1Y,0,,A,PU,_Z,2,,,False,WB_WDI,WB_WDI_SH_XPD_CHEX_GD_ZS,LAC,_T,_T,_T,_Z,_Z,_Z,2015,A,PT_GDP,
7.720674,P1Y,0,,A,PU,_Z,2,,,False,WB_WDI,WB_WDI_SH_XPD_CHEX_GD_ZS,TLA,_T,_T,_T,_Z,_Z,_Z,2015,A,PT_GDP,
4.174721,P1Y,0,,A,PU,_Z,2,,,False,WB_WDI,WB_WDI_SH_XPD_CHEX_GD_ZS,LDC,_T,_T,_T,_Z,_Z,_Z,2015,A,PT_GDP,
5.19824,P1Y,0,,A,PU,_Z,2,,,False,WB_WDI,WB_WDI_SH_XPD_CHEX_GD_ZS,LMY,_T,_T,_T,_Z,_Z,_Z,2015,A,PT_GDP,
5.364369,P1Y,0,,A,PU,_Z,2,,,False,WB_WDI,WB_WDI_SH_XPD_CHEX_GD_ZS,LIC,_T,_T,_T,_Z,_Z,_Z,2015,A,PT_GDP,
3.864646,P1Y,0,,A,PU,_Z,2,,,False,WB_WDI,WB_WDI_SH_XPD_CHEX_GD_ZS,LMC,_T,_T,_T,_Z,_Z,_Z,2015,A,PT_GDP,
5.392062,P1Y,0,,A,PU,_Z,2,,,False,WB_WDI,WB_WDI_SH_XPD_CHEX_GD_ZS,MEA,_T,_T,_T,_Z,_Z,_Z,2015,A,PT_GDP,
5.628634,P1Y,0,,A,PU,_Z,2,,,False,WB_WDI,WB_WDI_SH_XPD_CHEX_GD_ZS,MNA,_T,_T,_T,_Z,_Z,_Z,2015,A,PT_GDP,
5.599781,P1Y,0,,A,PU,_Z,2,,,False,WB_WDI,WB_WDI_SH_XPD_CHEX_GD_ZS,TMN,_T,_T,_T,_Z,_Z,_Z,2015,A,PT_GDP,
5.195696,P1Y,0,,A,PU,_Z,2,,,False,WB_WDI,WB_WDI_SH_XPD_CHEX_GD_ZS,MIC,_T,_T,_T,_Z,_Z,_Z,2015,A,PT_GDP,
15.959525,P1Y,0,,A,PU,_Z,2,,,False,WB_WDI,WB_WDI_SH_XPD_CHEX_GD_ZS,NAC,_T,_T,_T,_Z,_Z,_Z,2015,A,PT_GDP,
12.174524,P1Y,0,,A,PU,_Z,2,,,False,WB_WDI,WB_WDI_SH_XPD_CHEX_GD_ZS,OED,_T,_T,_T,_Z,_Z,_Z,2015,A,PT_GDP,
4.042768,P1Y,0,,A,PU,_Z,2,,,False,WB_WDI,WB_WDI_SH_XPD_CHEX_GD_ZS,LMC,_T,_T,_T,_Z,_Z,_Z,2004,A,PT_GDP,
4.090295,P1Y,0,,A,PU,_Z,2,,,False,WB_WDI,WB_WDI_SH_XPD_CHEX_GD_ZS,MEA,_T,_T,_T,_Z,_Z,_Z,2004,A,PT_GDP,
4.296707,P1Y,0,,A,PU,_Z,2,,,False,WB_WDI,WB_WDI_SH_XPD_CHEX_GD_ZS,MNA,_T,_T,_T,_Z,_Z,_Z,2004,A,PT_GDP,
4.252359,P1Y,0,,A,PU,_Z,2,,,False,WB_WDI,WB_WDI_SH_XPD_CHEX_GD_ZS,TMN,_T,_T,_T,_Z,_Z,_Z,2004,A,PT_GDP,
4.884918,P1Y,0,,A,PU,_Z,2,,,False,WB_WDI,WB_WDI_SH_XPD_CHEX_GD_ZS,MIC,_T,_T,_T,_Z,_Z,_Z,2004,A,PT_GDP,
14.126024,P1Y,0,,A,PU,_Z,2,,,False,WB_WDI,WB_WDI_SH_XPD_CHEX_GD_ZS,NAC,_T,_T,_T,_Z,_Z,_Z,2004,A,PT_GDP,
10.397602,P1Y,0,,A,PU,_Z,2,,,False,WB_WDI,WB_WDI_SH_XPD_CHEX_GD_ZS,OED,_T,_T,_T,_Z,_Z,_Z,2004,A,PT_GDP,
5.850437,P1Y,0,,A,PU,_Z,2,,,False,WB_WDI,WB_WDI_SH_XPD_CHEX_GD_ZS,OSS,_T,_T,_T,_Z,_Z,_Z,2004,A,PT_GDP,
5.046866,P1Y,0,,A,PU,_Z,2,,,False,WB_WDI,WB_WDI_SH_XPD_CHEX_GD_ZS,PSS,_T,_T,_T,_Z,_Z,_Z,2004,A,PT_GDP,
10.633388,P1Y,0,,A,PU,_Z,2,,,False,WB_WDI,WB_WDI_SH_XPD_CHEX_GD_ZS,PST,_T,_T,_T,_Z,_Z,_Z,2004,A,PT_GDP,
4.403306,P1Y,0,,A,PU,_Z,2,,,False,WB_WDI,WB_WDI_SH_XPD_CHEX_GD_ZS,PRE,_T,_T,_T,_Z,_Z,_Z,2004,A,PT_GDP,
5.421507,P1Y,0,,A,PU,_Z,2,,,False,WB_WDI,WB_WDI_SH_XPD_CHEX_GD_ZS,SST,_T,_T,_T,_Z,_Z,_Z,2004,A,PT_GDP,
3.868562,P1Y,0,,A,PU,_Z,2,,,False,WB_WDI,WB_WDI_SH_XPD_CHEX_GD_ZS,SAS,_T,_T,_T,_Z,_Z,_Z,2004,A,PT_GDP,
3.868562,P1Y,0,,A,PU,_Z,2,,,False,WB_WDI,WB_WDI_SH_XPD_CHEX_GD_ZS,TSA,_T,_T,_T,_Z,_Z,_Z,2004,A,PT_GDP,
11.832563,P1Y,0,,A,PU,_Z,2,,,True,WB_WDI,WB_WDI_SH_XPD_CHEX_GD_ZS,AUT,_T,_T,_T,_Z,_Z,_Z,2024,A,PT_GDP,
3.480753,P1Y,0,,A,PU,_Z,2,,,False,WB_WDI,WB_WDI_SH_XPD_CHEX_GD_ZS,TSA,_T,_T,_T,_Z,_Z,_Z,2009,A,PT_GDP,
5.221627,P1Y,0,,A,PU,_Z,2,,,False,WB_WDI,WB_WDI_SH_XPD_CHEX_GD_ZS,SSF,_T,_T,_T,_Z,_Z,_Z,2009,A,PT_GDP,
5.222877,P1Y,0,,A,PU,_Z,2,,,False,WB_WDI,WB_WDI_SH_XPD_CHEX_GD_ZS,SSA,_T,_T,_T,_Z,_Z,_Z,2009,A,PT_GDP,
5.221627,P1Y,0,,A,PU,_Z,2,,,False,WB_WDI,WB_WDI_SH_XPD_CHEX_GD_ZS,TSS,_T,_T,_T,_Z,_Z,_Z,2009,A,PT_GDP,
5.396203,P1Y,0,,A,PU,_Z,2,,,False,WB_WDI,WB_WDI_SH_XPD_CHEX_GD_ZS,UMC,_T,_T,_T,_Z,_Z,_Z,2009,A,PT_GDP,
9.787204,P1Y,0,,A,PU,_Z,2,,,False,WB_WDI,WB_WDI_SH_XPD_CHEX_GD_ZS,WLD,_T,_T,_T,_Z,_Z,_Z,2009,A,PT_GDP,
9.818487,P1Y,0,,A,PU,_Z,2,,,False,WB_WDI,WB_WDI_SH_XPD_CHEX_GD_ZS,AFG,_T,_T,_T,_Z,_Z,_Z,2009,A,PT_GDP,
5.757519,P1Y,0,,A,PU,_Z,2,,,False,WB_WDI,WB_WDI_SH_XPD_CHEX_GD_ZS,ALB,_T,_T,_T,_Z,_Z,_Z,2009,A,PT_GDP,
4.892108,P1Y,0,,A,PU,_Z,2,,,False,WB_WDI,WB_WDI_SH_XPD_CHEX_GD_ZS,DZA,_T,_T,_T,_Z,_Z,_Z,2009,A,PT_GDP,
6.09363,P1Y,0,,A,PU,_Z,2,,,False,WB_WDI,WB_WDI_SH_XPD_CHEX_GD_ZS,AND,_T,_T,_T,_Z,_Z,_Z,2009,A,PT_GDP,
3.306559,P1Y,0,,A,PU,_Z,2,,,False,WB_WDI,WB_WDI_SH_XPD_CHEX_GD_ZS,AGO,_T,_T,_T,_Z,_Z,_Z,2009,A,PT_GDP,
3.699791,P1Y,0,,A,PU,_Z,2,,,False,WB_WDI,WB_WDI_SH_XPD_CHEX_GD_ZS,ATG,_T,_T,_T,_Z,_Z,_Z,2009,A,PT_GDP,
12.266553,P1Y,0,,A,PU,_Z,2,,,True,WB_WDI,WB_WDI_SH_XPD_CHEX_GD_ZS,DEU,_T,_T,_T,_Z,_Z,_Z,2024,A,PT_GDP,
8.983587,P1Y,0,,A,PU,_Z,2,,,True,WB_WDI,WB_WDI_SH_XPD_CHEX_GD_ZS,ISL,_T,_T,_T,_Z,_Z,_Z,2024,A,PT_GDP,
9.876309,P1Y,0,,A,PU,_Z,2,,,True,WB_WDI,WB_WDI_SH_XPD_CHEX_GD_ZS,SVN,_T,_T,_T,_Z,_Z,_Z,2024,A,PT_GDP,
4.776034,P1Y,0,,A,PU,_Z,2,,,False,WB_WDI,WB_WDI_SH_XPD_CHEX_GD_ZS,PSS,_T,_T,_T,_Z,_Z,_Z,2016,A,PT_GDP,
12.767338,P1Y,0,,A,PU,_Z,2,,,False,WB_WDI,WB_WDI_SH_XPD_CHEX_GD_ZS,PST,_T,_T,_T,_Z,_Z,_Z,2016,A,PT_GDP,
4.26178,P1Y,0,,A,PU,_Z,2,,,False,WB_WDI,WB_WDI_SH_XPD_CHEX_GD_ZS,PRE,_T,_T,_T,_Z,_Z,_Z,2016,A,PT_GDP,
6.275404,P1Y,0,,A,PU,_Z,2,,,False,WB_WDI,WB_WDI_SH_XPD_CHEX_GD_ZS,SST,_T,_T,_T,_Z,_Z,_Z,2016,A,PT_GDP,
3.426114,P1Y,0,,A,PU,_Z,2,,,False,WB_WDI,WB_WDI_SH_XPD_CHEX_GD_ZS,SAS,_T,_T,_T,_Z,_Z,_Z,2016,A,PT_GDP,
3.426114,P1Y,0,,A,PU,_Z,2,,,False,WB_WDI,WB_WDI_SH_XPD_CHEX_GD_ZS,TSA,_T,_T,_T,_Z,_Z,_Z,2016,A,PT_GDP,
4.997759,P1Y,0,,A,PU,_Z,2,,,False,WB_WDI,WB_WDI_SH_XPD_CHEX_GD_ZS,SSF,_T,_T,_T,_Z,_Z,_Z,2016,A,PT_GDP,
4.998051,P1Y,0,,A,PU,_Z,2,,,False,WB_WDI,WB_WDI_SH_XPD_CHEX_GD_ZS,SSA,_T,_T,_T,_Z,_Z,_Z,2016,A,PT_GDP,
4.997759,P1Y,0,,A,PU,_Z,2,,,False,WB_WDI,WB_WDI_SH_XPD_CHEX_GD_ZS,TSS,_T,_T,_T,_Z,_Z,_Z,2016,A,PT_GDP,
5.503392,P1Y,0,,A,PU,_Z,2,,,False,WB_WDI,WB_WDI_SH_XPD_CHEX_GD_ZS,UMC,_T,_T,_T,_Z,_Z,_Z,2016,A,PT_GDP,
9.78596,P1Y,0,,A,PU,_Z,2,,,False,WB_WDI,WB_WDI_SH_XPD_CHEX_GD_ZS,WLD,_T,_T,_T,_Z,_Z,_Z,2016,A,PT_GDP,
11.81859,P1Y,0,,A,PU,_Z,2,,,False,WB_WDI,WB_WDI_SH_XPD_CHEX_GD_ZS,AFG,_T,_T,_T,_Z,_Z,_Z,2016,A,PT_GDP,
16.29102,P1Y,0,,A,PU,_Z,2,,,True,WB_WDI,WB_WDI_SH_XPD_CHEX_GD_ZS,NAC,_T,_T,_T,_Z,_Z,_Z,2023,A,PT_GDP,
12.748164,P1Y,0,,A,PU,_Z,2,,,True,WB_WDI,WB_WDI_SH_XPD_CHEX_GD_ZS,OED,_T,_T,_T,_Z,_Z,_Z,2023,A,PT_GDP,
7.347533,P1Y,0,,A,PU,_Z,2,,,True,WB_WDI,WB_WDI_SH_XPD_CHEX_GD_ZS,OSS,_T,_T,_T,_Z,_Z,_Z,2023,A,PT_GDP,
5.684933,P1Y,0,,A,PU,_Z,2,,,True,WB_WDI,WB_WDI_SH_XPD_CHEX_GD_ZS,PSS,_T,_T,_T,_Z,_Z,_Z,2023,A,PT_GDP,
13.280205,P1Y,0,,A,PU,_Z,2,,,True,WB_WDI,WB_WDI_SH_XPD_CHEX_GD_ZS,PST,_T,_T,_T,_Z,_Z,_Z,2023,A,PT_GDP,
4.471739,P1Y,0,,A,PU,_Z,2,,,True,WB_WDI,WB_WDI_SH_XPD_CHEX_GD_ZS,PRE,_T,_T,_T,_Z,_Z,_Z,2023,A,PT_GDP,
6.767641,P1Y,0,,A,PU,_Z,2,,,True,WB_WDI,WB_WDI_SH_XPD_CHEX_GD_ZS,SST,_T,_T,_T,_Z,_Z,_Z,2023,A,PT_GDP,
3.259777,P1Y,0,,A,PU,_Z,2,,,True,WB_WDI,WB_WDI_SH_XPD_CHEX_GD_ZS,SAS,_T,_T,_T,_Z,_Z,_Z,2023,A,PT_GDP,
3.259777,P1Y,0,,A,PU,_Z,2,,,True,WB_WDI,WB_WDI_SH_XPD_CHEX_GD_ZS,TSA,_T,_T,_T,_Z,_Z,_Z,2023,A,PT_GDP,
4.919668,P1Y,0,,A,PU,_Z,2,,,True,WB_WDI,WB_WDI_SH_XPD_CHEX_GD_ZS,SSF,_T,_T,_T,_Z,_Z,_Z,2023,A,PT_GDP,
4.92012,P1Y,0,,A,PU,_Z,2,,,True,WB_WDI,WB_WDI_SH_XPD_CHEX_GD_ZS,SSA,_T,_T,_T,_Z,_Z,_Z,2023,A,PT_GDP,
4.919668,P1Y,0,,A,PU,_Z,2,,,True,WB_WDI,WB_WDI_SH_XPD_CHEX_GD_ZS,TSS,_T,_T,_T,_Z,_Z,_Z,2023,A,PT_GDP,
6.041357,P1Y,0,,A,PU,_Z,2,,,True,WB_WDI,WB_WDI_SH_XPD_CHEX_GD_ZS,UMC,_T,_T,_T,_Z,_Z,_Z,2023,A,PT_GDP,
10.060449,P1Y,0,,A,PU,_Z,2,,,True,WB_WDI,WB_WDI_SH_XPD_CHEX_GD_ZS,WLD,_T,_T,_T,_Z,_Z,_Z,2023,A,PT_GDP,
14.985763,P1Y,0,,A,PU,_Z,2,,,True,WB_WDI,WB_WDI_SH_XPD_CHEX_GD_ZS,AFG,_T,_T,_T,_Z,_Z,_Z,2023,A,PT_GDP,
7.052403,P1Y,0,,A,PU,_Z,2,,,True,WB_WDI,WB_WDI_SH_XPD_CHEX_GD_ZS,ALB,_T,_T,_T,_Z,_Z,_Z,2023,A,PT_GDP,
6.174489,P1Y,0,,A,PU,_Z,2,,,False,WB_WDI,WB_WDI_SH_XPD_CHEX_GD_ZS,ZWE,_T,_T,_T,_Z,_Z,_Z,2017,A,PT_GDP,
5.727262,P1Y,0,,A,PU,_Z,2,,,False,WB_WDI,WB_WDI_SH_XPD_CHEX_GD_ZS,AFE,_T,_T,_T,_Z,_Z,_Z,2018,A,PT_GDP,
3.288527,P1Y,0,,A,PU,_Z,2,,,False,WB_WDI,WB_WDI_SH_XPD_CHEX_GD_ZS,AFW,_T,_T,_T,_Z,_Z,_Z,2018,A,PT_GDP,
4.870706,P1Y,0,,A,PU,_Z,2,,,False,WB_WDI,WB_WDI_SH_XPD_CHEX_GD_ZS,ARB,_T,_T,_T,_Z,_Z,_Z,2018,A,PT_GDP,
5.947496,P1Y,0,,A,PU,_Z,2,,,False,WB_WDI,WB_WDI_SH_XPD_CHEX_GD_ZS,CSS,_T,_T,_T,_Z,_Z,_Z,2018,A,PT_GDP,
6.513363,P1Y,0,,A,PU,_Z,2,,,False,WB_WDI,WB_WDI_SH_XPD_CHEX_GD_ZS,CEB,_T,_T,_T,_Z,_Z,_Z,2018,A,PT_GDP,
4.634789,P1Y,0,,A,PU,_Z,2,,,False,WB_WDI,WB_WDI_SH_XPD_CHEX_GD_ZS,EAR,_T,_T,_T,_Z,_Z,_Z,2018,A,PT_GDP,
6.481945,P1Y,0,,A,PU,_Z,2,,,False,WB_WDI,WB_WDI_SH_XPD_CHEX_GD_ZS,EAS,_T,_T,_T,_Z,_Z,_Z,2018,A,PT_GDP,
4.835189,P1Y,0,,A,PU,_Z,2,,,False,WB_WDI,WB_WDI_SH_XPD_CHEX_GD_ZS,EAP,_T,_T,_T,_Z,_Z,_Z,2018,A,PT_GDP,
4.835346,P1Y,0,,A,PU,_Z,2,,,False,WB_WDI,WB_WDI_SH_XPD_CHEX_GD_ZS,TEA,_T,_T,_T,_Z,_Z,_Z,2018,A,PT_GDP,
10.082064,P1Y,0,,A,PU,_Z,2,,,False,WB_WDI,WB_WDI_SH_XPD_CHEX_GD_ZS,EMU,_T,_T,_T,_Z,_Z,_Z,2018,A,PT_GDP,
9.234223,P1Y,0,,A,PU,_Z,2,,,False,WB_WDI,WB_WDI_SH_XPD_CHEX_GD_ZS,ECS,_T,_T,_T,_Z,_Z,_Z,2018,A,PT_GDP,
4.778472,P1Y,0,,A,PU,_Z,2,,,False,WB_WDI,WB_WDI_SH_XPD_CHEX_GD_ZS,ECA,_T,_T,_T,_Z,_Z,_Z,2018,A,PT_GDP,
4.392401,P1Y,0,,A,PU,_Z,2,,,False,WB_WDI,WB_WDI_SH_XPD_CHEX_GD_ZS,VUT,_T,_T,_T,_Z,_Z,_Z,2013,A,PT_GDP,
4.412332,P1Y,0,,A,PU,_Z,2,,,False,WB_WDI,WB_WDI_SH_XPD_CHEX_GD_ZS,VNM,_T,_T,_T,_Z,_Z,_Z,2013,A,PT_GDP,
10.448744,P1Y,0,,A,PU,_Z,2,,,False,WB_WDI,WB_WDI_SH_XPD_CHEX_GD_ZS,PSE,_T,_T,_T,_Z,_Z,_Z,2013,A,PT_GDP,
4.960832,P1Y,0,,A,PU,_Z,2,,,False,WB_WDI,WB_WDI_SH_XPD_CHEX_GD_ZS,YEM,_T,_T,_T,_Z,_Z,_Z,2013,A,PT_GDP,
4.573905,P1Y,0,,A,PU,_Z,2,,,False,WB_WDI,WB_WDI_SH_XPD_CHEX_GD_ZS,ZMB,_T,_T,_T,_Z,_Z,_Z,2013,A,PT_GDP,
7.110222,P1Y,0,,A,PU,_Z,2,,,False,WB_WDI,WB_WDI_SH_XPD_CHEX_GD_ZS,ZWE,_T,_T,_T,_Z,_Z,_Z,2013,A,PT_GDP,
5.713193,P1Y,0,,A,PU,_Z,2,,,False,WB_WDI,WB_WDI_SH_XPD_CHEX_GD_ZS,AFE,_T,_T,_T,_Z,_Z,_Z,2014,A,PT_GDP,
3.599141,P1Y,0,,A,PU,_Z,2,,,False,WB_WDI,WB_WDI_SH_XPD_CHEX_GD_ZS,AFW,_T,_T,_T,_Z,_Z,_Z,2014,A,PT_GDP,
4.503462,P1Y,0,,A,PU,_Z,2,,,False,WB_WDI,WB_WDI_SH_XPD_CHEX_GD_ZS,ARB,_T,_T,_T,_Z,_Z,_Z,2014,A,PT_GDP,
5.023322,P1Y,0,,A,PU,_Z,2,,,False,WB_WDI,WB_WDI_SH_XPD_CHEX_GD_ZS,CSS,_T,_T,_T,_Z,_Z,_Z,2014,A,PT_GDP,
10.733439,P1Y,0,,A,PU,_Z,2,,,True,WB_WDI,WB_WDI_SH_XPD_CHEX_GD_ZS,PSE,_T,_T,_T,_Z,_Z,_Z,2023,A,PT_GDP,
9.695592,P1Y,0,,A,PU,_Z,2,,,True,WB_WDI,WB_WDI_SH_XPD_CHEX_GD_ZS,YEM,_T,_T,_T,_Z,_Z,_Z,2023,A,PT_GDP,
5.978411,P1Y,0,,A,PU,_Z,2,,,True,WB_WDI,WB_WDI_SH_XPD_CHEX_GD_ZS,ZMB,_T,_T,_T,_Z,_Z,_Z,2023,A,PT_GDP,
2.926016,P1Y,0,,A,PU,_Z,2,,,True,WB_WDI,WB_WDI_SH_XPD_CHEX_GD_ZS,ZWE,_T,_T,_T,_Z,_Z,_Z,2023,A,PT_GDP,
10.77443,P1Y,0,,A,PU,_Z,2,,,True,WB_WDI,WB_WDI_SH_XPD_CHEX_GD_ZS,EMU,_T,_T,_T,_Z,_Z,_Z,2024,A,PT_GDP,
4.674055,P1Y,0,,A,PU,_Z,2,,,False,WB_WDI,WB_WDI_SH_XPD_CHEX_GD_ZS,CPV,_T,_T,_T,_Z,_Z,_Z,2012,A,PT_GDP,
5.776329,P1Y,0,,A,PU,_Z,2,,,False,WB_WDI,WB_WDI_SH_XPD_CHEX_GD_ZS,KHM,_T,_T,_T,_Z,_Z,_Z,2012,A,PT_GDP,
3.931024,P1Y,0,,A,PU,_Z,2,,,False,WB_WDI,WB_WDI_SH_XPD_CHEX_GD_ZS,CMR,_T,_T,_T,_Z,_Z,_Z,2012,A,PT_GDP,
10.540711,P1Y,0,,A,PU,_Z,2,,,False,WB_WDI,WB_WDI_SH_XPD_CHEX_GD_ZS,CAN,_T,_T,_T,_Z,_Z,_Z,2012,A,PT_GDP,
3.918144,P1Y,0,,A,PU,_Z,2,,,False,WB_WDI,WB_WDI_SH_XPD_CHEX_GD_ZS,CAF,_T,_T,_T,_Z,_Z,_Z,2012,A,PT_GDP,
2.673064,P1Y,0,,A,PU,_Z,2,,,False,WB_WDI,WB_WDI_SH_XPD_CHEX_GD_ZS,TCD,_T,_T,_T,_Z,_Z,_Z,2012,A,PT_GDP,
7.019513,P1Y,0,,A,PU,_Z,2,,,False,WB_WDI,WB_WDI_SH_XPD_CHEX_GD_ZS,CHL,_T,_T,_T,_Z,_Z,_Z,2012,A,PT_GDP,
4.490466,P1Y,0,,A,PU,_Z,2,,,False,WB_WDI,WB_WDI_SH_XPD_CHEX_GD_ZS,CHN,_T,_T,_T,_Z,_Z,_Z,2012,A,PT_GDP,
6.746016,P1Y,0,,A,PU,_Z,2,,,False,WB_WDI,WB_WDI_SH_XPD_CHEX_GD_ZS,COL,_T,_T,_T,_Z,_Z,_Z,2012,A,PT_GDP,
5.173546,P1Y,0,,A,PU,_Z,2,,,False,WB_WDI,WB_WDI_SH_XPD_CHEX_GD_ZS,COM,_T,_T,_T,_Z,_Z,_Z,2012,A,PT_GDP,
4.879988,P1Y,0,,A,PU,_Z,2,,,False,WB_WDI,WB_WDI_SH_XPD_CHEX_GD_ZS,ECA,_T,_T,_T,_Z,_Z,_Z,2016,A,PT_GDP,
5.333206,P1Y,0,,A,PU,_Z,2,,,False,WB_WDI,WB_WDI_SH_XPD_CHEX_GD_ZS,TEC,_T,_T,_T,_Z,_Z,_Z,2016,A,PT_GDP,
9.888337,P1Y,0,,A,PU,_Z,2,,,False,WB_WDI,WB_WDI_SH_XPD_CHEX_GD_ZS,EUU,_T,_T,_T,_Z,_Z,_Z,2016,A,PT_GDP,
4.890622,P1Y,0,,A,PU,_Z,2,,,False,WB_WDI,WB_WDI_SH_XPD_CHEX_GD_ZS,HPC,_T,_T,_T,_Z,_Z,_Z,2016,A,PT_GDP,
12.146434,P1Y,0,,A,PU,_Z,2,,,False,WB_WDI,WB_WDI_SH_XPD_CHEX_GD_ZS,HIC,_T,_T,_T,_Z,_Z,_Z,2016,A,PT_GDP,
5.361311,P1Y,0,,A,PU,_Z,2,,,False,WB_WDI,WB_WDI_SH_XPD_CHEX_GD_ZS,IBD,_T,_T,_T,_Z,_Z,_Z,2016,A,PT_GDP,
5.253739,P1Y,0,,A,PU,_Z,2,,,False,WB_WDI,WB_WDI_SH_XPD_CHEX_GD_ZS,IBT,_T,_T,_T,_Z,_Z,_Z,2016,A,PT_GDP,
3.564007,P1Y,0,,A,PU,_Z,2,,,False,WB_WDI,WB_WDI_SH_XPD_CHEX_GD_ZS,IDB,_T,_T,_T,_Z,_Z,_Z,2016,A,PT_GDP,
4.32178,P1Y,0,,A,PU,_Z,2,,,False,WB_WDI,WB_WDI_SH_XPD_CHEX_GD_ZS,IDX,_T,_T,_T,_Z,_Z,_Z,2016,A,PT_GDP,
3.952912,P1Y,0,,A,PU,_Z,2,,,False,WB_WDI,WB_WDI_SH_XPD_CHEX_GD_ZS,IDA,_T,_T,_T,_Z,_Z,_Z,2016,A,PT_GDP,
5.476385,P1Y,0,,A,PU,_Z,2,,,False,WB_WDI,WB_WDI_SH_XPD_CHEX_GD_ZS,LTE,_T,_T,_T,_Z,_Z,_Z,2016,A,PT_GDP,
7.873408,P1Y,0,,A,PU,_Z,2,,,False,WB_WDI,WB_WDI_SH_XPD_CHEX_GD_ZS,LCN,_T,_T,_T,_Z,_Z,_Z,2016,A,PT_GDP,
4.534493,P1Y,0,,A,PU,_Z,2,,,False,WB_WDI,WB_WDI_SH_XPD_CHEX_GD_ZS,MNG,_T,_T,_T,_Z,_Z,_Z,2018,A,PT_GDP,
8.343555,P1Y,0,,A,PU,_Z,2,,,False,WB_WDI,WB_WDI_SH_XPD_CHEX_GD_ZS,MNE,_T,_T,_T,_Z,_Z,_Z,2018,A,PT_GDP,
4.945167,P1Y,0,,A,PU,_Z,2,,,False,WB_WDI,WB_WDI_SH_XPD_CHEX_GD_ZS,MAR,_T,_T,_T,_Z,_Z,_Z,2018,A,PT_GDP,
7.979033,P1Y,0,,A,PU,_Z,2,,,False,WB_WDI,WB_WDI_SH_XPD_CHEX_GD_ZS,MOZ,_T,_T,_T,_Z,_Z,_Z,2018,A,PT_GDP,
4.535147,P1Y,0,,A,PU,_Z,2,,,False,WB_WDI,WB_WDI_SH_XPD_CHEX_GD_ZS,MMR,_T,_T,_T,_Z,_Z,_Z,2018,A,PT_GDP,
8.621483,P1Y,0,,A,PU,_Z,2,,,False,WB_WDI,WB_WDI_SH_XPD_CHEX_GD_ZS,NAM,_T,_T,_T,_Z,_Z,_Z,2018,A,PT_GDP,
11.090157,P1Y,0,,A,PU,_Z,2,,,False,WB_WDI,WB_WDI_SH_XPD_CHEX_GD_ZS,NRU,_T,_T,_T,_Z,_Z,_Z,2018,A,PT_GDP,
4.528454,P1Y,0,,A,PU,_Z,2,,,False,WB_WDI,WB_WDI_SH_XPD_CHEX_GD_ZS,NPL,_T,_T,_T,_Z,_Z,_Z,2018,A,PT_GDP,
9.85084,P1Y,0,,A,PU,_Z,2,,,False,WB_WDI,WB_WDI_SH_XPD_CHEX_GD_ZS,NLD,_T,_T,_T,_Z,_Z,_Z,2018,A,PT_GDP,
8.56967,P1Y,0,,A,PU,_Z,2,,,False,WB_WDI,WB_WDI_SH_XPD_CHEX_GD_ZS,NZL,_T,_T,_T,_Z,_Z,_Z,2018,A,PT_GDP,
8.499352,P1Y,0,,A,PU,_Z,2,,,False,WB_WDI,WB_WDI_SH_XPD_CHEX_GD_ZS,NIC,_T,_T,_T,_Z,_Z,_Z,2018,A,PT_GDP,
4.452202,P1Y,0,,A,PU,_Z,2,,,False,WB_WDI,WB_WDI_SH_XPD_CHEX_GD_ZS,NPL,_T,_T,_T,_Z,_Z,_Z,2011,A,PT_GDP,
10.145378,P1Y,0,,A,PU,_Z,2,,,False,WB_WDI,WB_WDI_SH_XPD_CHEX_GD_ZS,NLD,_T,_T,_T,_Z,_Z,_Z,2011,A,PT_GDP,
9.107482,P1Y,0,,A,PU,_Z,2,,,False,WB_WDI,WB_WDI_SH_XPD_CHEX_GD_ZS,NZL,_T,_T,_T,_Z,_Z,_Z,2011,A,PT_GDP,
7.44982,P1Y,0,,A,PU,_Z,2,,,False,WB_WDI,WB_WDI_SH_XPD_CHEX_GD_ZS,NIC,_T,_T,_T,_Z,_Z,_Z,2011,A,PT_GDP,
4.873239,P1Y,0,,A,PU,_Z,2,,,False,WB_WDI,WB_WDI_SH_XPD_CHEX_GD_ZS,NER,_T,_T,_T,_Z,_Z,_Z,2011,A,PT_GDP,
3.320779,P1Y,0,,A,PU,_Z,2,,,False,WB_WDI,WB_WDI_SH_XPD_CHEX_GD_ZS,NGA,_T,_T,_T,_Z,_Z,_Z,2011,A,PT_GDP,
6.518874,P1Y,0,,A,PU,_Z,2,,,False,WB_WDI,WB_WDI_SH_XPD_CHEX_GD_ZS,MKD,_T,_T,_T,_Z,_Z,_Z,2011,A,PT_GDP,
8.73474,P1Y,0,,A,PU,_Z,2,,,False,WB_WDI,WB_WDI_SH_XPD_CHEX_GD_ZS,NOR,_T,_T,_T,_Z,_Z,_Z,2011,A,PT_GDP,
2.236114,P1Y,0,,A,PU,_Z,2,,,False,WB_WDI,WB_WDI_SH_XPD_CHEX_GD_ZS,OMN,_T,_T,_T,_Z,_Z,_Z,2011,A,PT_GDP,
2.231213,P1Y,0,,A,PU,_Z,2,,,False,WB_WDI,WB_WDI_SH_XPD_CHEX_GD_ZS,PAK,_T,_T,_T,_Z,_Z,_Z,2011,A,PT_GDP,
6.114934,P1Y,0,,A,PU,_Z,2,,,False,WB_WDI,WB_WDI_SH_XPD_CHEX_GD_ZS,IRN,_T,_T,_T,_Z,_Z,_Z,2009,A,PT_GDP,
3.77204,P1Y,0,,A,PU,_Z,2,,,False,WB_WDI,WB_WDI_SH_XPD_CHEX_GD_ZS,IRQ,_T,_T,_T,_Z,_Z,_Z,2009,A,PT_GDP,
10.522758,P1Y,0,,A,PU,_Z,2,,,False,WB_WDI,WB_WDI_SH_XPD_CHEX_GD_ZS,IRL,_T,_T,_T,_Z,_Z,_Z,2009,A,PT_GDP,
6.869924,P1Y,0,,A,PU,_Z,2,,,False,WB_WDI,WB_WDI_SH_XPD_CHEX_GD_ZS,ISR,_T,_T,_T,_Z,_Z,_Z,2009,A,PT_GDP,
8.91291,P1Y,0,,A,PU,_Z,2,,,False,WB_WDI,WB_WDI_SH_XPD_CHEX_GD_ZS,ITA,_T,_T,_T,_Z,_Z,_Z,2009,A,PT_GDP,
6.370216,P1Y,0,,A,PU,_Z,2,,,False,WB_WDI,WB_WDI_SH_XPD_CHEX_GD_ZS,JAM,_T,_T,_T,_Z,_Z,_Z,2009,A,PT_GDP,
8.958782,P1Y,0,,A,PU,_Z,2,,,False,WB_WDI,WB_WDI_SH_XPD_CHEX_GD_ZS,JPN,_T,_T,_T,_Z,_Z,_Z,2009,A,PT_GDP,
9.223969,P1Y,0,,A,PU,_Z,2,,,False,WB_WDI,WB_WDI_SH_XPD_CHEX_GD_ZS,JOR,_T,_T,_T,_Z,_Z,_Z,2009,A,PT_GDP,
3.473556,P1Y,0,,A,PU,_Z,2,,,False,WB_WDI,WB_WDI_SH_XPD_CHEX_GD_ZS,KAZ,_T,_T,_T,_Z,_Z,_Z,2009,A,PT_GDP,
5.291729,P1Y,0,,A,PU,_Z,2,,,False,WB_WDI,WB_WDI_SH_XPD_CHEX_GD_ZS,KEN,_T,_T,_T,_Z,_Z,_Z,2009,A,PT_GDP,
12.738889,P1Y,0,,A,PU,_Z,2,,,False,WB_WDI,WB_WDI_SH_XPD_CHEX_GD_ZS,KIR,_T,_T,_T,_Z,_Z,_Z,2009,A,PT_GDP,
6.781441,P1Y,0,,A,PU,_Z,2,,,False,WB_WDI,WB_WDI_SH_XPD_CHEX_GD_ZS,ALB,_T,_T,_T,_Z,_Z,_Z,2019,A,PT_GDP,
5.417321,P1Y,0,,A,PU,_Z,2,,,False,WB_WDI,WB_WDI_SH_XPD_CHEX_GD_ZS,DZA,_T,_T,_T,_Z,_Z,_Z,2019,A,PT_GDP,
7.322386,P1Y,0,,A,PU,_Z,2,,,False,WB_WDI,WB_WDI_SH_XPD_CHEX_GD_ZS,AND,_T,_T,_T,_Z,_Z,_Z,2019,A,PT_GDP,
2.203943,P1Y,0,,A,PU,_Z,2,,,False,WB_WDI,WB_WDI_SH_XPD_CHEX_GD_ZS,AGO,_T,_T,_T,_Z,_Z,_Z,2019,A,PT_GDP,
4.2771,P1Y,0,,A,PU,_Z,2,,,False,WB_WDI,WB_WDI_SH_XPD_CHEX_GD_ZS,ATG,_T,_T,_T,_Z,_Z,_Z,2019,A,PT_GDP,
10.119113,P1Y,0,,A,PU,_Z,2,,,False,WB_WDI,WB_WDI_SH_XPD_CHEX_GD_ZS,ARG,_T,_T,_T,_Z,_Z,_Z,2019,A,PT_GDP,
11.379801,P1Y,0,,A,PU,_Z,2,,,False,WB_WDI,WB_WDI_SH_XPD_CHEX_GD_ZS,ARM,_T,_T,_T,_Z,_Z,_Z,2019,A,PT_GDP,
10.254214,P1Y,0,,A,PU,_Z,2,,,False,WB_WDI,WB_WDI_SH_XPD_CHEX_GD_ZS,AUS,_T,_T,_T,_Z,_Z,_Z,2019,A,PT_GDP,
10.625304,P1Y,0,,A,PU,_Z,2,,,False,WB_WDI,WB_WDI_SH_XPD_CHEX_GD_ZS,AUT,_T,_T,_T,_Z,_Z,_Z,2019,A,PT_GDP,
4.181888,P1Y,0,,A,PU,_Z,2,,,False,WB_WDI,WB_WDI_SH_XPD_CHEX_GD_ZS,AZE,_T,_T,_T,_Z,_Z,_Z,2019,A,PT_GDP,
3.107698,P1Y,0,,A,PU,_Z,2,,,False,WB_WDI,WB_WDI_SH_XPD_CHEX_GD_ZS,GAB,_T,_T,_T,_Z,_Z,_Z,2016,A,PT_GDP,
3.195237,P1Y,0,,A,PU,_Z,2,,,False,WB_WDI,WB_WDI_SH_XPD_CHEX_GD_ZS,GMB,_T,_T,_T,_Z,_Z,_Z,2016,A,PT_GDP,
9.072589,P1Y,0,,A,PU,_Z,2,,,False,WB_WDI,WB_WDI_SH_XPD_CHEX_GD_ZS,GEO,_T,_T,_T,_Z,_Z,_Z,2016,A,PT_GDP,
10.971337,P1Y,0,,A,PU,_Z,2,,,False,WB_WDI,WB_WDI_SH_XPD_CHEX_GD_ZS,DEU,_T,_T,_T,_Z,_Z,_Z,2016,A,PT_GDP,
3.390358,P1Y,0,,A,PU,_Z,2,,,False,WB_WDI,WB_WDI_SH_XPD_CHEX_GD_ZS,GHA,_T,_T,_T,_Z,_Z,_Z,2016,A,PT_GDP,
8.450975,P1Y,0,,A,PU,_Z,2,,,False,WB_WDI,WB_WDI_SH_XPD_CHEX_GD_ZS,GRC,_T,_T,_T,_Z,_Z,_Z,2016,A,PT_GDP,
4.4391,P1Y,0,,A,PU,_Z,2,,,False,WB_WDI,WB_WDI_SH_XPD_CHEX_GD_ZS,GRD,_T,_T,_T,_Z,_Z,_Z,2016,A,PT_GDP,
6.070082,P1Y,0,,A,PU,_Z,2,,,False,WB_WDI,WB_WDI_SH_XPD_CHEX_GD_ZS,GTM,_T,_T,_T,_Z,_Z,_Z,2016,A,PT_GDP,
5.396949,P1Y,0,,A,PU,_Z,2,,,False,WB_WDI,WB_WDI_SH_XPD_CHEX_GD_ZS,GIN,_T,_T,_T,_Z,_Z,_Z,2016,A,PT_GDP,
8.328815,P1Y,0,,A,PU,_Z,2,,,False,WB_WDI,WB_WDI_SH_XPD_CHEX_GD_ZS,GNB,_T,_T,_T,_Z,_Z,_Z,2016,A,PT_GDP,
3.577422,P1Y,0,,A,PU,_Z,2,,,False,WB_WDI,WB_WDI_SH_XPD_CHEX_GD_ZS,CMR,_T,_T,_T,_Z,_Z,_Z,2010,A,PT_GDP,
10.700665,P1Y,0,,A,PU,_Z,2,,,False,WB_WDI,WB_WDI_SH_XPD_CHEX_GD_ZS,CAN,_T,_T,_T,_Z,_Z,_Z,2010,A,PT_GDP,
3.566999,P1Y,0,,A,PU,_Z,2,,,False,WB_WDI,WB_WDI_SH_XPD_CHEX_GD_ZS,CAF,_T,_T,_T,_Z,_Z,_Z,2010,A,PT_GDP,
3.08811,P1Y,0,,A,PU,_Z,2,,,False,WB_WDI,WB_WDI_SH_XPD_CHEX_GD_ZS,TCD,_T,_T,_T,_Z,_Z,_Z,2010,A,PT_GDP,
6.819584,P1Y,0,,A,PU,_Z,2,,,False,WB_WDI,WB_WDI_SH_XPD_CHEX_GD_ZS,CHL,_T,_T,_T,_Z,_Z,_Z,2010,A,PT_GDP,
4.158211,P1Y,0,,A,PU,_Z,2,,,False,WB_WDI,WB_WDI_SH_XPD_CHEX_GD_ZS,CHN,_T,_T,_T,_Z,_Z,_Z,2010,A,PT_GDP,
7.071302,P1Y,0,,A,PU,_Z,2,,,False,WB_WDI,WB_WDI_SH_XPD_CHEX_GD_ZS,COL,_T,_T,_T,_Z,_Z,_Z,2010,A,PT_GDP,
4.991816,P1Y,0,,A,PU,_Z,2,,,False,WB_WDI,WB_WDI_SH_XPD_CHEX_GD_ZS,COM,_T,_T,_T,_Z,_Z,_Z,2010,A,PT_GDP,
3.722243,P1Y,0,,A,PU,_Z,2,,,False,WB_WDI,WB_WDI_SH_XPD_CHEX_GD_ZS,COD,_T,_T,_T,_Z,_Z,_Z,2010,A,PT_GDP,
1.851729,P1Y,0,,A,PU,_Z,2,,,False,WB_WDI,WB_WDI_SH_XPD_CHEX_GD_ZS,COG,_T,_T,_T,_Z,_Z,_Z,2010,A,PT_GDP,
7.943586,P1Y,0,,A,PU,_Z,2,,,False,WB_WDI,WB_WDI_SH_XPD_CHEX_GD_ZS,GRC,_T,_T,_T,_Z,_Z,_Z,2014,A,PT_GDP,
4.773536,P1Y,0,,A,PU,_Z,2,,,False,WB_WDI,WB_WDI_SH_XPD_CHEX_GD_ZS,GRD,_T,_T,_T,_Z,_Z,_Z,2014,A,PT_GDP,
5.888568,P1Y,0,,A,PU,_Z,2,,,False,WB_WDI,WB_WDI_SH_XPD_CHEX_GD_ZS,GTM,_T,_T,_T,_Z,_Z,_Z,2014,A,PT_GDP,
4.787992,P1Y,0,,A,PU,_Z,2,,,False,WB_WDI,WB_WDI_SH_XPD_CHEX_GD_ZS,GIN,_T,_T,_T,_Z,_Z,_Z,2014,A,PT_GDP,
9.968974,P1Y,0,,A,PU,_Z,2,,,False,WB_WDI,WB_WDI_SH_XPD_CHEX_GD_ZS,GNB,_T,_T,_T,_Z,_Z,_Z,2014,A,PT_GDP,
3.947554,P1Y,0,,A,PU,_Z,2,,,False,WB_WDI,WB_WDI_SH_XPD_CHEX_GD_ZS,GUY,_T,_T,_T,_Z,_Z,_Z,2014,A,PT_GDP,
4.520358,P1Y,0,,A,PU,_Z,2,,,False,WB_WDI,WB_WDI_SH_XPD_CHEX_GD_ZS,HTI,_T,_T,_T,_Z,_Z,_Z,2014,A,PT_GDP,
7.914557,P1Y,0,,A,PU,_Z,2,,,False,WB_WDI,WB_WDI_SH_XPD_CHEX_GD_ZS,HND,_T,_T,_T,_Z,_Z,_Z,2014,A,PT_GDP,
7.041924,P1Y,0,,A,PU,_Z,2,,,False,WB_WDI,WB_WDI_SH_XPD_CHEX_GD_ZS,HUN,_T,_T,_T,_Z,_Z,_Z,2014,A,PT_GDP,
5.081048,P1Y,0,,A,PU,_Z,2,,,False,WB_WDI,WB_WDI_SH_XPD_CHEX_GD_ZS,RUS,_T,_T,_T,_Z,_Z,_Z,2013,A,PT_GDP,
6.773888,P1Y,0,,A,PU,_Z,2,,,False,WB_WDI,WB_WDI_SH_XPD_CHEX_GD_ZS,RWA,_T,_T,_T,_Z,_Z,_Z,2013,A,PT_GDP,
6.218239,P1Y,0,,A,PU,_Z,2,,,False,WB_WDI,WB_WDI_SH_XPD_CHEX_GD_ZS,WSM,_T,_T,_T,_Z,_Z,_Z,2013,A,PT_GDP,
8.238003,P1Y,0,,A,PU,_Z,2,,,False,WB_WDI,WB_WDI_SH_XPD_CHEX_GD_ZS,SMR,_T,_T,_T,_Z,_Z,_Z,2013,A,PT_GDP,
8.940609,P1Y,0,,A,PU,_Z,2,,,False,WB_WDI,WB_WDI_SH_XPD_CHEX_GD_ZS,STP,_T,_T,_T,_Z,_Z,_Z,2013,A,PT_GDP,
4.422936,P1Y,0,,A,PU,_Z,2,,,False,WB_WDI,WB_WDI_SH_XPD_CHEX_GD_ZS,SAU,_T,_T,_T,_Z,_Z,_Z,2013,A,PT_GDP,
4.385736,P1Y,0,,A,PU,_Z,2,,,False,WB_WDI,WB_WDI_SH_XPD_CHEX_GD_ZS,SEN,_T,_T,_T,_Z,_Z,_Z,2013,A,PT_GDP,
8.931883,P1Y,0,,A,PU,_Z,2,,,False,WB_WDI,WB_WDI_SH_XPD_CHEX_GD_ZS,SRB,_T,_T,_T,_Z,_Z,_Z,2013,A,PT_GDP,
4.191295,P1Y,0,,A,PU,_Z,2,,,False,WB_WDI,WB_WDI_SH_XPD_CHEX_GD_ZS,SYC,_T,_T,_T,_Z,_Z,_Z,2013,A,PT_GDP,
8.45845,P1Y,0,,A,PU,_Z,2,,,False,WB_WDI,WB_WDI_SH_XPD_CHEX_GD_ZS,SLE,_T,_T,_T,_Z,_Z,_Z,2013,A,PT_GDP,
3.682253,P1Y,0,,A,PU,_Z,2,,,False,WB_WDI,WB_WDI_SH_XPD_CHEX_GD_ZS,SGP,_T,_T,_T,_Z,_Z,_Z,2013,A,PT_GDP,
7.95,P1Y,0,,A,PU,_Z,2,,,False,WB_WDI,WB_WDI_SH_XPD_CHEX_GD_ZS,KIR,_T,_T,_T,_Z,_Z,_Z,2012,A,PT_GDP,
5.957603,P1Y,0,,A,PU,_Z,2,,,False,WB_WDI,WB_WDI_SH_XPD_CHEX_GD_ZS,KOR,_T,_T,_T,_Z,_Z,_Z,2012,A,PT_GDP,
2.333114,P1Y,0,,A,PU,_Z,2,,,False,WB_WDI,WB_WDI_SH_XPD_CHEX_GD_ZS,KWT,_T,_T,_T,_Z,_Z,_Z,2012,A,PT_GDP,
8.509664,P1Y,0,,A,PU,_Z,2,,,False,WB_WDI,WB_WDI_SH_XPD_CHEX_GD_ZS,KGZ,_T,_T,_T,_Z,_Z,_Z,2012,A,PT_GDP,
2.076376,P1Y,0,,A,PU,_Z,2,,,False,WB_WDI,WB_WDI_SH_XPD_CHEX_GD_ZS,LAO,_T,_T,_T,_Z,_Z,_Z,2012,A,PT_GDP,
5.62075,P1Y,0,,A,PU,_Z,2,,,False,WB_WDI,WB_WDI_SH_XPD_CHEX_GD_ZS,LVA,_T,_T,_T,_Z,_Z,_Z,2012,A,PT_GDP,
7.004201,P1Y,0,,A,PU,_Z,2,,,False,WB_WDI,WB_WDI_SH_XPD_CHEX_GD_ZS,LBN,_T,_T,_T,_Z,_Z,_Z,2012,A,PT_GDP,
9.986013,P1Y,0,,A,PU,_Z,2,,,False,WB_WDI,WB_WDI_SH_XPD_CHEX_GD_ZS,LSO,_T,_T,_T,_Z,_Z,_Z,2012,A,PT_GDP,
7.629872,P1Y,0,,A,PU,_Z,2,,,False,WB_WDI,WB_WDI_SH_XPD_CHEX_GD_ZS,LBR,_T,_T,_T,_Z,_Z,_Z,2012,A,PT_GDP,
3.956121,P1Y,0,,A,PU,_Z,2,,,False,WB_WDI,WB_WDI_SH_XPD_CHEX_GD_ZS,LBY,_T,_T,_T,_Z,_Z,_Z,2012,A,PT_GDP,
3.909969,P1Y,0,,A,PU,_Z,2,,,False,WB_WDI,WB_WDI_SH_XPD_CHEX_GD_ZS,IDX,_T,_T,_T,_Z,_Z,_Z,2002,A,PT_GDP,
3.387406,P1Y,0,,A,PU,_Z,2,,,False,WB_WDI,WB_WDI_SH_XPD_CHEX_GD_ZS,IDA,_T,_T,_T,_Z,_Z,_Z,2002,A,PT_GDP,
5.258284,P1Y,0,,A,PU,_Z,2,,,False,WB_WDI,WB_WDI_SH_XPD_CHEX_GD_ZS,LTE,_T,_T,_T,_Z,_Z,_Z,2002,A,PT_GDP,
6.297055,P1Y,0,,A,PU,_Z,2,,,False,WB_WDI,WB_WDI_SH_XPD_CHEX_GD_ZS,LCN,_T,_T,_T,_Z,_Z,_Z,2002,A,PT_GDP,
6.248079,P1Y,0,,A,PU,_Z,2,,,False,WB_WDI,WB_WDI_SH_XPD_CHEX_GD_ZS,LAC,_T,_T,_T,_Z,_Z,_Z,2002,A,PT_GDP,
6.294109,P1Y,0,,A,PU,_Z,2,,,False,WB_WDI,WB_WDI_SH_XPD_CHEX_GD_ZS,TLA,_T,_T,_T,_Z,_Z,_Z,2002,A,PT_GDP,
3.629222,P1Y,0,,A,PU,_Z,2,,,False,WB_WDI,WB_WDI_SH_XPD_CHEX_GD_ZS,LDC,_T,_T,_T,_Z,_Z,_Z,2002,A,PT_GDP,
4.817574,P1Y,0,,A,PU,_Z,2,,,False,WB_WDI,WB_WDI_SH_XPD_CHEX_GD_ZS,LMY,_T,_T,_T,_Z,_Z,_Z,2002,A,PT_GDP,
4.380295,P1Y,0,,A,PU,_Z,2,,,False,WB_WDI,WB_WDI_SH_XPD_CHEX_GD_ZS,LIC,_T,_T,_T,_Z,_Z,_Z,2002,A,PT_GDP,
4.067552,P1Y,0,,A,PU,_Z,2,,,False,WB_WDI,WB_WDI_SH_XPD_CHEX_GD_ZS,LMC,_T,_T,_T,_Z,_Z,_Z,2002,A,PT_GDP,
4.461546,P1Y,0,,A,PU,_Z,2,,,False,WB_WDI,WB_WDI_SH_XPD_CHEX_GD_ZS,MEA,_T,_T,_T,_Z,_Z,_Z,2002,A,PT_GDP,
4.552495,P1Y,0,,A,PU,_Z,2,,,False,WB_WDI,WB_WDI_SH_XPD_CHEX_GD_ZS,MNA,_T,_T,_T,_Z,_Z,_Z,2002,A,PT_GDP,
4.508805,P1Y,0,,A,PU,_Z,2,,,False,WB_WDI,WB_WDI_SH_XPD_CHEX_GD_ZS,TMN,_T,_T,_T,_Z,_Z,_Z,2002,A,PT_GDP,
4.826424,P1Y,0,,A,PU,_Z,2,,,False,WB_WDI,WB_WDI_SH_XPD_CHEX_GD_ZS,MIC,_T,_T,_T,_Z,_Z,_Z,2002,A,PT_GDP,
7.093781,P1Y,0,,A,PU,_Z,2,,,False,WB_WDI,WB_WDI_SH_XPD_CHEX_GD_ZS,PAN,_T,_T,_T,_Z,_Z,_Z,2016,A,PT_GDP,
2.330631,P1Y,0,,A,PU,_Z,2,,,False,WB_WDI,WB_WDI_SH_XPD_CHEX_GD_ZS,PNG,_T,_T,_T,_Z,_Z,_Z,2016,A,PT_GDP,
6.675566,P1Y,0,,A,PU,_Z,2,,,False,WB_WDI,WB_WDI_SH_XPD_CHEX_GD_ZS,PRY,_T,_T,_T,_Z,_Z,_Z,2016,A,PT_GDP,
4.893533,P1Y,0,,A,PU,_Z,2,,,False,WB_WDI,WB_WDI_SH_XPD_CHEX_GD_ZS,PER,_T,_T,_T,_Z,_Z,_Z,2016,A,PT_GDP,
3.954843,P1Y,0,,A,PU,_Z,2,,,False,WB_WDI,WB_WDI_SH_XPD_CHEX_GD_ZS,PHL,_T,_T,_T,_Z,_Z,_Z,2016,A,PT_GDP,
6.547044,P1Y,0,,A,PU,_Z,2,,,False,WB_WDI,WB_WDI_SH_XPD_CHEX_GD_ZS,POL,_T,_T,_T,_Z,_Z,_Z,2016,A,PT_GDP,
9.399893,P1Y,0,,A,PU,_Z,2,,,False,WB_WDI,WB_WDI_SH_XPD_CHEX_GD_ZS,PRT,_T,_T,_T,_Z,_Z,_Z,2016,A,PT_GDP,
3.549714,P1Y,0,,A,PU,_Z,2,,,False,WB_WDI,WB_WDI_SH_XPD_CHEX_GD_ZS,QAT,_T,_T,_T,_Z,_Z,_Z,2016,A,PT_GDP,
5.080128,P1Y,0,,A,PU,_Z,2,,,False,WB_WDI,WB_WDI_SH_XPD_CHEX_GD_ZS,ROU,_T,_T,_T,_Z,_Z,_Z,2016,A,PT_GDP,
5.289703,P1Y,0,,A,PU,_Z,2,,,False,WB_WDI,WB_WDI_SH_XPD_CHEX_GD_ZS,RUS,_T,_T,_T,_Z,_Z,_Z,2016,A,PT_GDP,
5.801706,P1Y,0,,A,PU,_Z,2,,,False,WB_WDI,WB_WDI_SH_XPD_CHEX_GD_ZS,AFE,_T,_T,_T,_Z,_Z,_Z,2008,A,PT_GDP,
3.630724,P1Y,0,,A,PU,_Z,2,,,False,WB_WDI,WB_WDI_SH_XPD_CHEX_GD_ZS,AFW,_T,_T,_T,_Z,_Z,_Z,2008,A,PT_GDP,
3.376895,P1Y,0,,A,PU,_Z,2,,,False,WB_WDI,WB_WDI_SH_XPD_CHEX_GD_ZS,ARB,_T,_T,_T,_Z,_Z,_Z,2008,A,PT_GDP,
4.273649,P1Y,0,,A,PU,_Z,2,,,False,WB_WDI,WB_WDI_SH_XPD_CHEX_GD_ZS,CSS,_T,_T,_T,_Z,_Z,_Z,2008,A,PT_GDP,
6.37064,P1Y,0,,A,PU,_Z,2,,,False,WB_WDI,WB_WDI_SH_XPD_CHEX_GD_ZS,CEB,_T,_T,_T,_Z,_Z,_Z,2008,A,PT_GDP,
4.648065,P1Y,0,,A,PU,_Z,2,,,False,WB_WDI,WB_WDI_SH_XPD_CHEX_GD_ZS,EAR,_T,_T,_T,_Z,_Z,_Z,2008,A,PT_GDP,
5.856578,P1Y,0,,A,PU,_Z,2,,,False,WB_WDI,WB_WDI_SH_XPD_CHEX_GD_ZS,EAS,_T,_T,_T,_Z,_Z,_Z,2008,A,PT_GDP,
3.679645,P1Y,0,,A,PU,_Z,2,,,False,WB_WDI,WB_WDI_SH_XPD_CHEX_GD_ZS,EAP,_T,_T,_T,_Z,_Z,_Z,2008,A,PT_GDP,
3.67992,P1Y,0,,A,PU,_Z,2,,,False,WB_WDI,WB_WDI_SH_XPD_CHEX_GD_ZS,TEA,_T,_T,_T,_Z,_Z,_Z,2008,A,PT_GDP,
9.419066,P1Y,0,,A,PU,_Z,2,,,False,WB_WDI,WB_WDI_SH_XPD_CHEX_GD_ZS,EMU,_T,_T,_T,_Z,_Z,_Z,2008,A,PT_GDP,
8.586623,P1Y,0,,A,PU,_Z,2,,,False,WB_WDI,WB_WDI_SH_XPD_CHEX_GD_ZS,ECS,_T,_T,_T,_Z,_Z,_Z,2008,A,PT_GDP,
5.198646,P1Y,0,,A,PU,_Z,2,,,False,WB_WDI,WB_WDI_SH_XPD_CHEX_GD_ZS,ECA,_T,_T,_T,_Z,_Z,_Z,2008,A,PT_GDP,
5.279145,P1Y,0,,A,PU,_Z,2,,,False,WB_WDI,WB_WDI_SH_XPD_CHEX_GD_ZS,TEC,_T,_T,_T,_Z,_Z,_Z,2008,A,PT_GDP,
9.157569,P1Y,0,,A,PU,_Z,2,,,False,WB_WDI,WB_WDI_SH_XPD_CHEX_GD_ZS,EUU,_T,_T,_T,_Z,_Z,_Z,2008,A,PT_GDP,
4.748251,P1Y,0,,A,PU,_Z,2,,,False,WB_WDI,WB_WDI_SH_XPD_CHEX_GD_ZS,HPC,_T,_T,_T,_Z,_Z,_Z,2008,A,PT_GDP,
10.433702,P1Y,0,,A,PU,_Z,2,,,False,WB_WDI,WB_WDI_SH_XPD_CHEX_GD_ZS,HIC,_T,_T,_T,_Z,_Z,_Z,2008,A,PT_GDP,
4.951584,P1Y,0,,A,PU,_Z,2,,,False,WB_WDI,WB_WDI_SH_XPD_CHEX_GD_ZS,IBD,_T,_T,_T,_Z,_Z,_Z,2008,A,PT_GDP,
4.871118,P1Y,0,,A,PU,_Z,2,,,False,WB_WDI,WB_WDI_SH_XPD_CHEX_GD_ZS,IBT,_T,_T,_T,_Z,_Z,_Z,2008,A,PT_GDP,
3.498467,P1Y,0,,A,PU,_Z,2,,,False,WB_WDI,WB_WDI_SH_XPD_CHEX_GD_ZS,IDB,_T,_T,_T,_Z,_Z,_Z,2008,A,PT_GDP,
4.31303,P1Y,0,,A,PU,_Z,2,,,False,WB_WDI,WB_WDI_SH_XPD_CHEX_GD_ZS,IDX,_T,_T,_T,_Z,_Z,_Z,2008,A,PT_GDP,
3.896551,P1Y,0,,A,PU,_Z,2,,,False,WB_WDI,WB_WDI_SH_XPD_CHEX_GD_ZS,IDA,_T,_T,_T,_Z,_Z,_Z,2008,A,PT_GDP,
4.985494,P1Y,0,,A,PU,_Z,2,,,False,WB_WDI,WB_WDI_SH_XPD_CHEX_GD_ZS,LTE,_T,_T,_T,_Z,_Z,_Z,2008,A,PT_GDP,
6.949389,P1Y,0,,A,PU,_Z,2,,,False,WB_WDI,WB_WDI_SH_XPD_CHEX_GD_ZS,LCN,_T,_T,_T,_Z,_Z,_Z,2008,A,PT_GDP,
6.981215,P1Y,0,,A,PU,_Z,2,,,False,WB_WDI,WB_WDI_SH_XPD_CHEX_GD_ZS,LAC,_T,_T,_T,_Z,_Z,_Z,2008,A,PT_GDP,
6.895464,P1Y,0,,A,PU,_Z,2,,,False,WB_WDI,WB_WDI_SH_XPD_CHEX_GD_ZS,TLA,_T,_T,_T,_Z,_Z,_Z,2008,A,PT_GDP,
4.037011,P1Y,0,,A,PU,_Z,2,,,False,WB_WDI,WB_WDI_SH_XPD_CHEX_GD_ZS,LDC,_T,_T,_T,_Z,_Z,_Z,2008,A,PT_GDP,
4.788552,P1Y,0,,A,PU,_Z,2,,,False,WB_WDI,WB_WDI_SH_XPD_CHEX_GD_ZS,LMY,_T,_T,_T,_Z,_Z,_Z,2008,A,PT_GDP,
6.710164,P1Y,0,,A,PU,_Z,2,,,False,WB_WDI,WB_WDI_SH_XPD_CHEX_GD_ZS,TLA,_T,_T,_T,_Z,_Z,_Z,2006,A,PT_GDP,
4.102932,P1Y,0,,A,PU,_Z,2,,,False,WB_WDI,WB_WDI_SH_XPD_CHEX_GD_ZS,LDC,_T,_T,_T,_Z,_Z,_Z,2006,A,PT_GDP,
4.840465,P1Y,0,,A,PU,_Z,2,,,False,WB_WDI,WB_WDI_SH_XPD_CHEX_GD_ZS,LMY,_T,_T,_T,_Z,_Z,_Z,2006,A,PT_GDP,
4.996828,P1Y,0,,A,PU,_Z,2,,,False,WB_WDI,WB_WDI_SH_XPD_CHEX_GD_ZS,LIC,_T,_T,_T,_Z,_Z,_Z,2006,A,PT_GDP,
3.913021,P1Y,0,,A,PU,_Z,2,,,False,WB_WDI,WB_WDI_SH_XPD_CHEX_GD_ZS,LMC,_T,_T,_T,_Z,_Z,_Z,2006,A,PT_GDP,
3.875796,P1Y,0,,A,PU,_Z,2,,,False,WB_WDI,WB_WDI_SH_XPD_CHEX_GD_ZS,MEA,_T,_T,_T,_Z,_Z,_Z,2006,A,PT_GDP,
4.237254,P1Y,0,,A,PU,_Z,2,,,False,WB_WDI,WB_WDI_SH_XPD_CHEX_GD_ZS,MNA,_T,_T,_T,_Z,_Z,_Z,2006,A,PT_GDP,
4.203446,P1Y,0,,A,PU,_Z,2,,,False,WB_WDI,WB_WDI_SH_XPD_CHEX_GD_ZS,TMN,_T,_T,_T,_Z,_Z,_Z,2006,A,PT_GDP,
4.837296,P1Y,0,,A,PU,_Z,2,,,False,WB_WDI,WB_WDI_SH_XPD_CHEX_GD_ZS,MIC,_T,_T,_T,_Z,_Z,_Z,2006,A,PT_GDP,
14.240089,P1Y,0,,A,PU,_Z,2,,,False,WB_WDI,WB_WDI_SH_XPD_CHEX_GD_ZS,NAC,_T,_T,_T,_Z,_Z,_Z,2006,A,PT_GDP,
10.509337,P1Y,0,,A,PU,_Z,2,,,False,WB_WDI,WB_WDI_SH_XPD_CHEX_GD_ZS,OED,_T,_T,_T,_Z,_Z,_Z,2006,A,PT_GDP,
5.645298,P1Y,0,,A,PU,_Z,2,,,False,WB_WDI,WB_WDI_SH_XPD_CHEX_GD_ZS,OSS,_T,_T,_T,_Z,_Z,_Z,2006,A,PT_GDP,
5.330268,P1Y,0,,A,PU,_Z,2,,,False,WB_WDI,WB_WDI_SH_XPD_CHEX_GD_ZS,PSS,_T,_T,_T,_Z,_Z,_Z,2006,A,PT_GDP,
10.795805,P1Y,0,,A,PU,_Z,2,,,False,WB_WDI,WB_WDI_SH_XPD_CHEX_GD_ZS,PST,_T,_T,_T,_Z,_Z,_Z,2006,A,PT_GDP,
5.12732,P1Y,0,,A,PU,_Z,2,,,False,WB_WDI,WB_WDI_SH_XPD_CHEX_GD_ZS,WSM,_T,_T,_T,_Z,_Z,_Z,2009,A,PT_GDP,
6.184096,P1Y,0,,A,PU,_Z,2,,,False,WB_WDI,WB_WDI_SH_XPD_CHEX_GD_ZS,SMR,_T,_T,_T,_Z,_Z,_Z,2009,A,PT_GDP,
5.75177,P1Y,0,,A,PU,_Z,2,,,False,WB_WDI,WB_WDI_SH_XPD_CHEX_GD_ZS,STP,_T,_T,_T,_Z,_Z,_Z,2009,A,PT_GDP,
4.290428,P1Y,0,,A,PU,_Z,2,,,False,WB_WDI,WB_WDI_SH_XPD_CHEX_GD_ZS,SAU,_T,_T,_T,_Z,_Z,_Z,2009,A,PT_GDP,
3.841573,P1Y,0,,A,PU,_Z,2,,,False,WB_WDI,WB_WDI_SH_XPD_CHEX_GD_ZS,SEN,_T,_T,_T,_Z,_Z,_Z,2009,A,PT_GDP,
8.989335,P1Y,0,,A,PU,_Z,2,,,False,WB_WDI,WB_WDI_SH_XPD_CHEX_GD_ZS,SRB,_T,_T,_T,_Z,_Z,_Z,2009,A,PT_GDP,
3.435805,P1Y,0,,A,PU,_Z,2,,,False,WB_WDI,WB_WDI_SH_XPD_CHEX_GD_ZS,SYC,_T,_T,_T,_Z,_Z,_Z,2009,A,PT_GDP,
6.270755,P1Y,0,,A,PU,_Z,2,,,False,WB_WDI,WB_WDI_SH_XPD_CHEX_GD_ZS,SLE,_T,_T,_T,_Z,_Z,_Z,2009,A,PT_GDP,
3.393705,P1Y,0,,A,PU,_Z,2,,,False,WB_WDI,WB_WDI_SH_XPD_CHEX_GD_ZS,SGP,_T,_T,_T,_Z,_Z,_Z,2009,A,PT_GDP,
7.952804,P1Y,0,,A,PU,_Z,2,,,False,WB_WDI,WB_WDI_SH_XPD_CHEX_GD_ZS,SVK,_T,_T,_T,_Z,_Z,_Z,2009,A,PT_GDP,
8.642013,P1Y,0,,A,PU,_Z,2,,,False,WB_WDI,WB_WDI_SH_XPD_CHEX_GD_ZS,SVN,_T,_T,_T,_Z,_Z,_Z,2009,A,PT_GDP,
6.609667,P1Y,0,,A,PU,_Z,2,,,False,WB_WDI,WB_WDI_SH_XPD_CHEX_GD_ZS,SLB,_T,_T,_T,_Z,_Z,_Z,2009,A,PT_GDP,
8.382327,P1Y,0,,A,PU,_Z,2,,,False,WB_WDI,WB_WDI_SH_XPD_CHEX_GD_ZS,IRN,_T,_T,_T,_Z,_Z,_Z,2015,A,PT_GDP,
3.15587,P1Y,0,,A,PU,_Z,2,,,False,WB_WDI,WB_WDI_SH_XPD_CHEX_GD_ZS,IRQ,_T,_T,_T,_Z,_Z,_Z,2015,A,PT_GDP,
7.078278,P1Y,0,,A,PU,_Z,2,,,False,WB_WDI,WB_WDI_SH_XPD_CHEX_GD_ZS,IRL,_T,_T,_T,_Z,_Z,_Z,2015,A,PT_GDP,
7.020906,P1Y,0,,A,PU,_Z,2,,,False,WB_WDI,WB_WDI_SH_XPD_CHEX_GD_ZS,ISR,_T,_T,_T,_Z,_Z,_Z,2015,A,PT_GDP,
8.845967,P1Y,0,,A,PU,_Z,2,,,False,WB_WDI,WB_WDI_SH_XPD_CHEX_GD_ZS,ITA,_T,_T,_T,_Z,_Z,_Z,2015,A,PT_GDP,
6.614771,P1Y,0,,A,PU,_Z,2,,,False,WB_WDI,WB_WDI_SH_XPD_CHEX_GD_ZS,JAM,_T,_T,_T,_Z,_Z,_Z,2015,A,PT_GDP,
10.7497,P1Y,0,,A,PU,_Z,2,,,False,WB_WDI,WB_WDI_SH_XPD_CHEX_GD_ZS,JPN,_T,_T,_T,_Z,_Z,_Z,2015,A,PT_GDP,
7.460956,P1Y,0,,A,PU,_Z,2,,,False,WB_WDI,WB_WDI_SH_XPD_CHEX_GD_ZS,JOR,_T,_T,_T,_Z,_Z,_Z,2015,A,PT_GDP,
3.040511,P1Y,0,,A,PU,_Z,2,,,False,WB_WDI,WB_WDI_SH_XPD_CHEX_GD_ZS,KAZ,_T,_T,_T,_Z,_Z,_Z,2015,A,PT_GDP,
4.764396,P1Y,0,,A,PU,_Z,2,,,False,WB_WDI,WB_WDI_SH_XPD_CHEX_GD_ZS,KEN,_T,_T,_T,_Z,_Z,_Z,2015,A,PT_GDP,
2.221853,P1Y,0,,A,PU,_Z,2,,,False,WB_WDI,WB_WDI_SH_XPD_CHEX_GD_ZS,PAK,_T,_T,_T,_Z,_Z,_Z,2012,A,PT_GDP,
10.246091,P1Y,0,,A,PU,_Z,2,,,False,WB_WDI,WB_WDI_SH_XPD_CHEX_GD_ZS,PLW,_T,_T,_T,_Z,_Z,_Z,2012,A,PT_GDP,
6.504507,P1Y,0,,A,PU,_Z,2,,,False,WB_WDI,WB_WDI_SH_XPD_CHEX_GD_ZS,PAN,_T,_T,_T,_Z,_Z,_Z,2012,A,PT_GDP,
2.666935,P1Y,0,,A,PU,_Z,2,,,False,WB_WDI,WB_WDI_SH_XPD_CHEX_GD_ZS,PNG,_T,_T,_T,_Z,_Z,_Z,2012,A,PT_GDP,
6.531446,P1Y,0,,A,PU,_Z,2,,,False,WB_WDI,WB_WDI_SH_XPD_CHEX_GD_ZS,PRY,_T,_T,_T,_Z,_Z,_Z,2012,A,PT_GDP,
4.729396,P1Y,0,,A,PU,_Z,2,,,False,WB_WDI,WB_WDI_SH_XPD_CHEX_GD_ZS,PER,_T,_T,_T,_Z,_Z,_Z,2012,A,PT_GDP,
4.177092,P1Y,0,,A,PU,_Z,2,,,False,WB_WDI,WB_WDI_SH_XPD_CHEX_GD_ZS,PHL,_T,_T,_T,_Z,_Z,_Z,2012,A,PT_GDP,
6.22854,P1Y,0,,A,PU,_Z,2,,,False,WB_WDI,WB_WDI_SH_XPD_CHEX_GD_ZS,POL,_T,_T,_T,_Z,_Z,_Z,2012,A,PT_GDP,
9.640002,P1Y,0,,A,PU,_Z,2,,,False,WB_WDI,WB_WDI_SH_XPD_CHEX_GD_ZS,PRT,_T,_T,_T,_Z,_Z,_Z,2012,A,PT_GDP,
1.748222,P1Y,0,,A,PU,_Z,2,,,False,WB_WDI,WB_WDI_SH_XPD_CHEX_GD_ZS,QAT,_T,_T,_T,_Z,_Z,_Z,2012,A,PT_GDP,
4.509391,P1Y,0,,A,PU,_Z,2,,,False,WB_WDI,WB_WDI_SH_XPD_CHEX_GD_ZS,ROU,_T,_T,_T,_Z,_Z,_Z,2012,A,PT_GDP,
8.569672,P1Y,0,,A,PU,_Z,2,,,False,WB_WDI,WB_WDI_SH_XPD_CHEX_GD_ZS,AFG,_T,_T,_T,_Z,_Z,_Z,2010,A,PT_GDP,
6.163332,P1Y,0,,A,PU,_Z,2,,,False,WB_WDI,WB_WDI_SH_XPD_CHEX_GD_ZS,ALB,_T,_T,_T,_Z,_Z,_Z,2010,A,PT_GDP,
4.640014,P1Y,0,,A,PU,_Z,2,,,False,WB_WDI,WB_WDI_SH_XPD_CHEX_GD_ZS,DZA,_T,_T,_T,_Z,_Z,_Z,2010,A,PT_GDP,
7.688353,P1Y,0,,A,PU,_Z,2,,,False,WB_WDI,WB_WDI_SH_XPD_CHEX_GD_ZS,AND,_T,_T,_T,_Z,_Z,_Z,2010,A,PT_GDP,
2.363739,P1Y,0,,A,PU,_Z,2,,,False,WB_WDI,WB_WDI_SH_XPD_CHEX_GD_ZS,AGO,_T,_T,_T,_Z,_Z,_Z,2010,A,PT_GDP,
4.7577,P1Y,0,,A,PU,_Z,2,,,False,WB_WDI,WB_WDI_SH_XPD_CHEX_GD_ZS,ATG,_T,_T,_T,_Z,_Z,_Z,2010,A,PT_GDP,
9.485244,P1Y,0,,A,PU,_Z,2,,,False,WB_WDI,WB_WDI_SH_XPD_CHEX_GD_ZS,ARG,_T,_T,_T,_Z,_Z,_Z,2010,A,PT_GDP,
9.235383,P1Y,0,,A,PU,_Z,2,,,False,WB_WDI,WB_WDI_SH_XPD_CHEX_GD_ZS,ARM,_T,_T,_T,_Z,_Z,_Z,2010,A,PT_GDP,
8.419331,P1Y,0,,A,PU,_Z,2,,,False,WB_WDI,WB_WDI_SH_XPD_CHEX_GD_ZS,AUS,_T,_T,_T,_Z,_Z,_Z,2010,A,PT_GDP,
10.3162,P1Y,0,,A,PU,_Z,2,,,False,WB_WDI,WB_WDI_SH_XPD_CHEX_GD_ZS,AUT,_T,_T,_T,_Z,_Z,_Z,2010,A,PT_GDP,
2.646348,P1Y,0,,A,PU,_Z,2,,,False,WB_WDI,WB_WDI_SH_XPD_CHEX_GD_ZS,AZE,_T,_T,_T,_Z,_Z,_Z,2010,A,PT_GDP,
6.339386,P1Y,0,,A,PU,_Z,2,,,False,WB_WDI,WB_WDI_SH_XPD_CHEX_GD_ZS,GTM,_T,_T,_T,_Z,_Z,_Z,2009,A,PT_GDP,
3.581466,P1Y,0,,A,PU,_Z,2,,,False,WB_WDI,WB_WDI_SH_XPD_CHEX_GD_ZS,GIN,_T,_T,_T,_Z,_Z,_Z,2009,A,PT_GDP,
4.610632,P1Y,0,,A,PU,_Z,2,,,False,WB_WDI,WB_WDI_SH_XPD_CHEX_GD_ZS,GNB,_T,_T,_T,_Z,_Z,_Z,2009,A,PT_GDP,
4.351171,P1Y,0,,A,PU,_Z,2,,,False,WB_WDI,WB_WDI_SH_XPD_CHEX_GD_ZS,GUY,_T,_T,_T,_Z,_Z,_Z,2009,A,PT_GDP,
3.502774,P1Y,0,,A,PU,_Z,2,,,False,WB_WDI,WB_WDI_SH_XPD_CHEX_GD_ZS,HTI,_T,_T,_T,_Z,_Z,_Z,2009,A,PT_GDP,
8.995925,P1Y,0,,A,PU,_Z,2,,,False,WB_WDI,WB_WDI_SH_XPD_CHEX_GD_ZS,HND,_T,_T,_T,_Z,_Z,_Z,2009,A,PT_GDP,
7.236672,P1Y,0,,A,PU,_Z,2,,,False,WB_WDI,WB_WDI_SH_XPD_CHEX_GD_ZS,HUN,_T,_T,_T,_Z,_Z,_Z,2009,A,PT_GDP,
8.775185,P1Y,0,,A,PU,_Z,2,,,False,WB_WDI,WB_WDI_SH_XPD_CHEX_GD_ZS,ISL,_T,_T,_T,_Z,_Z,_Z,2009,A,PT_GDP,
3.546377,P1Y,0,,A,PU,_Z,2,,,False,WB_WDI,WB_WDI_SH_XPD_CHEX_GD_ZS,IND,_T,_T,_T,_Z,_Z,_Z,2009,A,PT_GDP,
2.623241,P1Y,0,,A,PU,_Z,2,,,False,WB_WDI,WB_WDI_SH_XPD_CHEX_GD_ZS,IDN,_T,_T,_T,_Z,_Z,_Z,2009,A,PT_GDP,
10.478712,P1Y,0,,A,PU,_Z,2,,,False,WB_WDI,WB_WDI_SH_XPD_CHEX_GD_ZS,NAM,_T,_T,_T,_Z,_Z,_Z,2002,A,PT_GDP,
13.808125,P1Y,0,,A,PU,_Z,2,,,False,WB_WDI,WB_WDI_SH_XPD_CHEX_GD_ZS,NRU,_T,_T,_T,_Z,_Z,_Z,2002,A,PT_GDP,
3.938633,P1Y,0,,A,PU,_Z,2,,,False,WB_WDI,WB_WDI_SH_XPD_CHEX_GD_ZS,NPL,_T,_T,_T,_Z,_Z,_Z,2002,A,PT_GDP,
8.618793,P1Y,0,,A,PU,_Z,2,,,False,WB_WDI,WB_WDI_SH_XPD_CHEX_GD_ZS,NLD,_T,_T,_T,_Z,_Z,_Z,2002,A,PT_GDP,
7.900342,P1Y,0,,A,PU,_Z,2,,,False,WB_WDI,WB_WDI_SH_XPD_CHEX_GD_ZS,NZL,_T,_T,_T,_Z,_Z,_Z,2002,A,PT_GDP,
5.733159,P1Y,0,,A,PU,_Z,2,,,False,WB_WDI,WB_WDI_SH_XPD_CHEX_GD_ZS,NIC,_T,_T,_T,_Z,_Z,_Z,2002,A,PT_GDP,
4.82717,P1Y,0,,A,PU,_Z,2,,,False,WB_WDI,WB_WDI_SH_XPD_CHEX_GD_ZS,NER,_T,_T,_T,_Z,_Z,_Z,2002,A,PT_GDP,
2.49064,P1Y,0,,A,PU,_Z,2,,,False,WB_WDI,WB_WDI_SH_XPD_CHEX_GD_ZS,NGA,_T,_T,_T,_Z,_Z,_Z,2002,A,PT_GDP,
8.97827,P1Y,0,,A,PU,_Z,2,,,False,WB_WDI,WB_WDI_SH_XPD_CHEX_GD_ZS,MKD,_T,_T,_T,_Z,_Z,_Z,2002,A,PT_GDP,
8.982671,P1Y,0,,A,PU,_Z,2,,,False,WB_WDI,WB_WDI_SH_XPD_CHEX_GD_ZS,NOR,_T,_T,_T,_Z,_Z,_Z,2002,A,PT_GDP,
2.777372,P1Y,0,,A,PU,_Z,2,,,False,WB_WDI,WB_WDI_SH_XPD_CHEX_GD_ZS,OMN,_T,_T,_T,_Z,_Z,_Z,2002,A,PT_GDP,
2.422199,P1Y,0,,A,PU,_Z,2,,,False,WB_WDI,WB_WDI_SH_XPD_CHEX_GD_ZS,PAK,_T,_T,_T,_Z,_Z,_Z,2002,A,PT_GDP,
9.18554,P1Y,0,,A,PU,_Z,2,,,False,WB_WDI,WB_WDI_SH_XPD_CHEX_GD_ZS,BDI,_T,_T,_T,_Z,_Z,_Z,2007,A,PT_GDP,
3.842186,P1Y,0,,A,PU,_Z,2,,,False,WB_WDI,WB_WDI_SH_XPD_CHEX_GD_ZS,CPV,_T,_T,_T,_Z,_Z,_Z,2007,A,PT_GDP,
4.427027,P1Y,0,,A,PU,_Z,2,,,False,WB_WDI,WB_WDI_SH_XPD_CHEX_GD_ZS,KHM,_T,_T,_T,_Z,_Z,_Z,2007,A,PT_GDP,
3.794988,P1Y,0,,A,PU,_Z,2,,,False,WB_WDI,WB_WDI_SH_XPD_CHEX_GD_ZS,CMR,_T,_T,_T,_Z,_Z,_Z,2007,A,PT_GDP,
9.434696,P1Y,0,,A,PU,_Z,2,,,False,WB_WDI,WB_WDI_SH_XPD_CHEX_GD_ZS,CAN,_T,_T,_T,_Z,_Z,_Z,2007,A,PT_GDP,
4.633889,P1Y,0,,A,PU,_Z,2,,,False,WB_WDI,WB_WDI_SH_XPD_CHEX_GD_ZS,CAF,_T,_T,_T,_Z,_Z,_Z,2007,A,PT_GDP,
3.471997,P1Y,0,,A,PU,_Z,2,,,False,WB_WDI,WB_WDI_SH_XPD_CHEX_GD_ZS,TCD,_T,_T,_T,_Z,_Z,_Z,2007,A,PT_GDP,
6.212596,P1Y,0,,A,PU,_Z,2,,,False,WB_WDI,WB_WDI_SH_XPD_CHEX_GD_ZS,CHL,_T,_T,_T,_Z,_Z,_Z,2007,A,PT_GDP,
3.617377,P1Y,0,,A,PU,_Z,2,,,False,WB_WDI,WB_WDI_SH_XPD_CHEX_GD_ZS,CHN,_T,_T,_T,_Z,_Z,_Z,2007,A,PT_GDP,
6.491022,P1Y,0,,A,PU,_Z,2,,,False,WB_WDI,WB_WDI_SH_XPD_CHEX_GD_ZS,COL,_T,_T,_T,_Z,_Z,_Z,2007,A,PT_GDP,
2.316222,P1Y,0,,A,PU,_Z,2,,,False,WB_WDI,WB_WDI_SH_XPD_CHEX_GD_ZS,BGD,_T,_T,_T,_Z,_Z,_Z,2018,A,PT_GDP,
5.83038,P1Y,0,,A,PU,_Z,2,,,False,WB_WDI,WB_WDI_SH_XPD_CHEX_GD_ZS,BRB,_T,_T,_T,_Z,_Z,_Z,2018,A,PT_GDP,
5.526995,P1Y,0,,A,PU,_Z,2,,,False,WB_WDI,WB_WDI_SH_XPD_CHEX_GD_ZS,BLR,_T,_T,_T,_Z,_Z,_Z,2018,A,PT_GDP,
10.993797,P1Y,0,,A,PU,_Z,2,,,False,WB_WDI,WB_WDI_SH_XPD_CHEX_GD_ZS,BEL,_T,_T,_T,_Z,_Z,_Z,2018,A,PT_GDP,
4.755299,P1Y,0,,A,PU,_Z,2,,,False,WB_WDI,WB_WDI_SH_XPD_CHEX_GD_ZS,BLZ,_T,_T,_T,_Z,_Z,_Z,2018,A,PT_GDP,
3.436498,P1Y,0,,A,PU,_Z,2,,,False,WB_WDI,WB_WDI_SH_XPD_CHEX_GD_ZS,BEN,_T,_T,_T,_Z,_Z,_Z,2018,A,PT_GDP,
3.068967,P1Y,0,,A,PU,_Z,2,,,False,WB_WDI,WB_WDI_SH_XPD_CHEX_GD_ZS,BTN,_T,_T,_T,_Z,_Z,_Z,2018,A,PT_GDP,
6.603994,P1Y,0,,A,PU,_Z,2,,,False,WB_WDI,WB_WDI_SH_XPD_CHEX_GD_ZS,BOL,_T,_T,_T,_Z,_Z,_Z,2018,A,PT_GDP,
8.761004,P1Y,0,,A,PU,_Z,2,,,False,WB_WDI,WB_WDI_SH_XPD_CHEX_GD_ZS,BIH,_T,_T,_T,_Z,_Z,_Z,2018,A,PT_GDP,
6.040103,P1Y,0,,A,PU,_Z,2,,,False,WB_WDI,WB_WDI_SH_XPD_CHEX_GD_ZS,BWA,_T,_T,_T,_Z,_Z,_Z,2018,A,PT_GDP,
2.329375,P1Y,0,,A,PU,_Z,2,,,False,WB_WDI,WB_WDI_SH_XPD_CHEX_GD_ZS,PNG,_T,_T,_T,_Z,_Z,_Z,2009,A,PT_GDP,
5.524969,P1Y,0,,A,PU,_Z,2,,,False,WB_WDI,WB_WDI_SH_XPD_CHEX_GD_ZS,PRY,_T,_T,_T,_Z,_Z,_Z,2009,A,PT_GDP,
4.959769,P1Y,0,,A,PU,_Z,2,,,False,WB_WDI,WB_WDI_SH_XPD_CHEX_GD_ZS,PER,_T,_T,_T,_Z,_Z,_Z,2009,A,PT_GDP,
4.164519,P1Y,0,,A,PU,_Z,2,,,False,WB_WDI,WB_WDI_SH_XPD_CHEX_GD_ZS,PHL,_T,_T,_T,_Z,_Z,_Z,2009,A,PT_GDP,
6.570377,P1Y,0,,A,PU,_Z,2,,,False,WB_WDI,WB_WDI_SH_XPD_CHEX_GD_ZS,POL,_T,_T,_T,_Z,_Z,_Z,2009,A,PT_GDP,
10.130704,P1Y,0,,A,PU,_Z,2,,,False,WB_WDI,WB_WDI_SH_XPD_CHEX_GD_ZS,PRT,_T,_T,_T,_Z,_Z,_Z,2009,A,PT_GDP,
2.383563,P1Y,0,,A,PU,_Z,2,,,False,WB_WDI,WB_WDI_SH_XPD_CHEX_GD_ZS,QAT,_T,_T,_T,_Z,_Z,_Z,2009,A,PT_GDP,
5.278162,P1Y,0,,A,PU,_Z,2,,,False,WB_WDI,WB_WDI_SH_XPD_CHEX_GD_ZS,ROU,_T,_T,_T,_Z,_Z,_Z,2009,A,PT_GDP,
5.643925,P1Y,0,,A,PU,_Z,2,,,False,WB_WDI,WB_WDI_SH_XPD_CHEX_GD_ZS,RUS,_T,_T,_T,_Z,_Z,_Z,2009,A,PT_GDP,
7.799514,P1Y,0,,A,PU,_Z,2,,,False,WB_WDI,WB_WDI_SH_XPD_CHEX_GD_ZS,RWA,_T,_T,_T,_Z,_Z,_Z,2009,A,PT_GDP,
4.512865,P1Y,0,,A,PU,_Z,2,,,False,WB_WDI,WB_WDI_SH_XPD_CHEX_GD_ZS,BLZ,_T,_T,_T,_Z,_Z,_Z,2008,A,PT_GDP,
2.651781,P1Y,0,,A,PU,_Z,2,,,False,WB_WDI,WB_WDI_SH_XPD_CHEX_GD_ZS,BEN,_T,_T,_T,_Z,_Z,_Z,2008,A,PT_GDP,
3.148422,P1Y,0,,A,PU,_Z,2,,,False,WB_WDI,WB_WDI_SH_XPD_CHEX_GD_ZS,BTN,_T,_T,_T,_Z,_Z,_Z,2008,A,PT_GDP,
4.606772,P1Y,0,,A,PU,_Z,2,,,False,WB_WDI,WB_WDI_SH_XPD_CHEX_GD_ZS,BOL,_T,_T,_T,_Z,_Z,_Z,2008,A,PT_GDP,
9.486302,P1Y,0,,A,PU,_Z,2,,,False,WB_WDI,WB_WDI_SH_XPD_CHEX_GD_ZS,BIH,_T,_T,_T,_Z,_Z,_Z,2008,A,PT_GDP,
5.897473,P1Y,0,,A,PU,_Z,2,,,False,WB_WDI,WB_WDI_SH_XPD_CHEX_GD_ZS,BWA,_T,_T,_T,_Z,_Z,_Z,2008,A,PT_GDP,
8.011285,P1Y,0,,A,PU,_Z,2,,,False,WB_WDI,WB_WDI_SH_XPD_CHEX_GD_ZS,BRA,_T,_T,_T,_Z,_Z,_Z,2008,A,PT_GDP,
1.87612,P1Y,0,,A,PU,_Z,2,,,False,WB_WDI,WB_WDI_SH_XPD_CHEX_GD_ZS,BRN,_T,_T,_T,_Z,_Z,_Z,2008,A,PT_GDP,
6.282816,P1Y,0,,A,PU,_Z,2,,,False,WB_WDI,WB_WDI_SH_XPD_CHEX_GD_ZS,BGR,_T,_T,_T,_Z,_Z,_Z,2008,A,PT_GDP,
4.967216,P1Y,0,,A,PU,_Z,2,,,False,WB_WDI,WB_WDI_SH_XPD_CHEX_GD_ZS,BFA,_T,_T,_T,_Z,_Z,_Z,2008,A,PT_GDP,
8.941903,P1Y,0,,A,PU,_Z,2,,,False,WB_WDI,WB_WDI_SH_XPD_CHEX_GD_ZS,BDI,_T,_T,_T,_Z,_Z,_Z,2021,A,PT_GDP,
6.607736,P1Y,0,,A,PU,_Z,2,,,False,WB_WDI,WB_WDI_SH_XPD_CHEX_GD_ZS,CPV,_T,_T,_T,_Z,_Z,_Z,2021,A,PT_GDP,
6.338881,P1Y,0,,A,PU,_Z,2,,,False,WB_WDI,WB_WDI_SH_XPD_CHEX_GD_ZS,KHM,_T,_T,_T,_Z,_Z,_Z,2021,A,PT_GDP,
4.341098,P1Y,0,,A,PU,_Z,2,,,False,WB_WDI,WB_WDI_SH_XPD_CHEX_GD_ZS,CMR,_T,_T,_T,_Z,_Z,_Z,2021,A,PT_GDP,
12.381066,P1Y,0,,A,PU,_Z,2,,,False,WB_WDI,WB_WDI_SH_XPD_CHEX_GD_ZS,CAN,_T,_T,_T,_Z,_Z,_Z,2021,A,PT_GDP,
9.150975,P1Y,0,,A,PU,_Z,2,,,False,WB_WDI,WB_WDI_SH_XPD_CHEX_GD_ZS,CAF,_T,_T,_T,_Z,_Z,_Z,2021,A,PT_GDP,
3.972233,P1Y,0,,A,PU,_Z,2,,,False,WB_WDI,WB_WDI_SH_XPD_CHEX_GD_ZS,TCD,_T,_T,_T,_Z,_Z,_Z,2021,A,PT_GDP,
9.724502,P1Y,0,,A,PU,_Z,2,,,False,WB_WDI,WB_WDI_SH_XPD_CHEX_GD_ZS,CHL,_T,_T,_T,_Z,_Z,_Z,2021,A,PT_GDP,
5.255903,P1Y,0,,A,PU,_Z,2,,,False,WB_WDI,WB_WDI_SH_XPD_CHEX_GD_ZS,CHN,_T,_T,_T,_Z,_Z,_Z,2021,A,PT_GDP,
9.141505,P1Y,0,,A,PU,_Z,2,,,False,WB_WDI,WB_WDI_SH_XPD_CHEX_GD_ZS,COL,_T,_T,_T,_Z,_Z,_Z,2021,A,PT_GDP,
6.46315,P1Y,0,,A,PU,_Z,2,,,False,WB_WDI,WB_WDI_SH_XPD_CHEX_GD_ZS,COM,_T,_T,_T,_Z,_Z,_Z,2021,A,PT_GDP,
10.362703,P1Y,0,,A,PU,_Z,2,,,False,WB_WDI,WB_WDI_SH_XPD_CHEX_GD_ZS,ARM,_T,_T,_T,_Z,_Z,_Z,2017,A,PT_GDP,
10.108806,P1Y,0,,A,PU,_Z,2,,,False,WB_WDI,WB_WDI_SH_XPD_CHEX_GD_ZS,AUS,_T,_T,_T,_Z,_Z,_Z,2017,A,PT_GDP,
10.571328,P1Y,0,,A,PU,_Z,2,,,False,WB_WDI,WB_WDI_SH_XPD_CHEX_GD_ZS,AUT,_T,_T,_T,_Z,_Z,_Z,2017,A,PT_GDP,
4.073965,P1Y,0,,A,PU,_Z,2,,,False,WB_WDI,WB_WDI_SH_XPD_CHEX_GD_ZS,AZE,_T,_T,_T,_Z,_Z,_Z,2017,A,PT_GDP,
6.60364,P1Y,0,,A,PU,_Z,2,,,False,WB_WDI,WB_WDI_SH_XPD_CHEX_GD_ZS,BHS,_T,_T,_T,_Z,_Z,_Z,2017,A,PT_GDP,
4.302367,P1Y,0,,A,PU,_Z,2,,,False,WB_WDI,WB_WDI_SH_XPD_CHEX_GD_ZS,BHR,_T,_T,_T,_Z,_Z,_Z,2017,A,PT_GDP,
2.367202,P1Y,0,,A,PU,_Z,2,,,False,WB_WDI,WB_WDI_SH_XPD_CHEX_GD_ZS,BGD,_T,_T,_T,_Z,_Z,_Z,2017,A,PT_GDP,
6.00205,P1Y,0,,A,PU,_Z,2,,,False,WB_WDI,WB_WDI_SH_XPD_CHEX_GD_ZS,BRB,_T,_T,_T,_Z,_Z,_Z,2017,A,PT_GDP,
5.759748,P1Y,0,,A,PU,_Z,2,,,False,WB_WDI,WB_WDI_SH_XPD_CHEX_GD_ZS,BLR,_T,_T,_T,_Z,_Z,_Z,2017,A,PT_GDP,
10.940427,P1Y,0,,A,PU,_Z,2,,,False,WB_WDI,WB_WDI_SH_XPD_CHEX_GD_ZS,BEL,_T,_T,_T,_Z,_Z,_Z,2017,A,PT_GDP,
4.311177,P1Y,0,,A,PU,_Z,2,,,False,WB_WDI,WB_WDI_SH_XPD_CHEX_GD_ZS,ERI,_T,_T,_T,_Z,_Z,_Z,2020,A,PT_GDP,
7.471794,P1Y,0,,A,PU,_Z,2,,,False,WB_WDI,WB_WDI_SH_XPD_CHEX_GD_ZS,EST,_T,_T,_T,_Z,_Z,_Z,2020,A,PT_GDP,
7.098378,P1Y,0,,A,PU,_Z,2,,,False,WB_WDI,WB_WDI_SH_XPD_CHEX_GD_ZS,SWZ,_T,_T,_T,_Z,_Z,_Z,2020,A,PT_GDP,
3.480963,P1Y,0,,A,PU,_Z,2,,,False,WB_WDI,WB_WDI_SH_XPD_CHEX_GD_ZS,ETH,_T,_T,_T,_Z,_Z,_Z,2020,A,PT_GDP,
5.289874,P1Y,0,,A,PU,_Z,2,,,False,WB_WDI,WB_WDI_SH_XPD_CHEX_GD_ZS,FJI,_T,_T,_T,_Z,_Z,_Z,2020,A,PT_GDP,
9.699772,P1Y,0,,A,PU,_Z,2,,,False,WB_WDI,WB_WDI_SH_XPD_CHEX_GD_ZS,FIN,_T,_T,_T,_Z,_Z,_Z,2020,A,PT_GDP,
12.129494,P1Y,0,,A,PU,_Z,2,,,False,WB_WDI,WB_WDI_SH_XPD_CHEX_GD_ZS,FRA,_T,_T,_T,_Z,_Z,_Z,2020,A,PT_GDP,
3.440127,P1Y,0,,A,PU,_Z,2,,,False,WB_WDI,WB_WDI_SH_XPD_CHEX_GD_ZS,GAB,_T,_T,_T,_Z,_Z,_Z,2020,A,PT_GDP,
4.014369,P1Y,0,,A,PU,_Z,2,,,False,WB_WDI,WB_WDI_SH_XPD_CHEX_GD_ZS,GMB,_T,_T,_T,_Z,_Z,_Z,2020,A,PT_GDP,
9.229918,P1Y,0,,A,PU,_Z,2,,,False,WB_WDI,WB_WDI_SH_XPD_CHEX_GD_ZS,GEO,_T,_T,_T,_Z,_Z,_Z,2020,A,PT_GDP,
12.880876,P1Y,0,,A,PU,_Z,2,,,True,WB_WDI,WB_WDI_SH_XPD_CHEX_GD_ZS,FSM,_T,_T,_T,_Z,_Z,_Z,2023,A,PT_GDP,
6.735971,P1Y,0,,A,PU,_Z,2,,,True,WB_WDI,WB_WDI_SH_XPD_CHEX_GD_ZS,MDA,_T,_T,_T,_Z,_Z,_Z,2023,A,PT_GDP,
3.119593,P1Y,0,,A,PU,_Z,2,,,True,WB_WDI,WB_WDI_SH_XPD_CHEX_GD_ZS,MCO,_T,_T,_T,_Z,_Z,_Z,2023,A,PT_GDP,
6.072075,P1Y,0,,A,PU,_Z,2,,,True,WB_WDI,WB_WDI_SH_XPD_CHEX_GD_ZS,MNG,_T,_T,_T,_Z,_Z,_Z,2023,A,PT_GDP,
9.654992,P1Y,0,,A,PU,_Z,2,,,True,WB_WDI,WB_WDI_SH_XPD_CHEX_GD_ZS,MNE,_T,_T,_T,_Z,_Z,_Z,2023,A,PT_GDP,
6.063962,P1Y,0,,A,PU,_Z,2,,,True,WB_WDI,WB_WDI_SH_XPD_CHEX_GD_ZS,MAR,_T,_T,_T,_Z,_Z,_Z,2023,A,PT_GDP,
8.501266,P1Y,0,,A,PU,_Z,2,,,True,WB_WDI,WB_WDI_SH_XPD_CHEX_GD_ZS,MOZ,_T,_T,_T,_Z,_Z,_Z,2023,A,PT_GDP,
4.457484,P1Y,0,,A,PU,_Z,2,,,True,WB_WDI,WB_WDI_SH_XPD_CHEX_GD_ZS,MMR,_T,_T,_T,_Z,_Z,_Z,2023,A,PT_GDP,
9.482516,P1Y,0,,A,PU,_Z,2,,,True,WB_WDI,WB_WDI_SH_XPD_CHEX_GD_ZS,NAM,_T,_T,_T,_Z,_Z,_Z,2023,A,PT_GDP,
18.21076,P1Y,0,,A,PU,_Z,2,,,True,WB_WDI,WB_WDI_SH_XPD_CHEX_GD_ZS,NRU,_T,_T,_T,_Z,_Z,_Z,2023,A,PT_GDP,
6.158437,P1Y,0,,A,PU,_Z,2,,,True,WB_WDI,WB_WDI_SH_XPD_CHEX_GD_ZS,NPL,_T,_T,_T,_Z,_Z,_Z,2023,A,PT_GDP,
9.8315,P1Y,0,,A,PU,_Z,2,,,False,WB_WDI,WB_WDI_SH_XPD_CHEX_GD_ZS,NLD,_T,_T,_T,_Z,_Z,_Z,2023,A,PT_GDP,
10.129477,P1Y,0,,A,PU,_Z,2,,,False,WB_WDI,WB_WDI_SH_XPD_CHEX_GD_ZS,NZL,_T,_T,_T,_Z,_Z,_Z,2023,A,PT_GDP,
4.263978,P1Y,0,,A,PU,_Z,2,,,False,WB_WDI,WB_WDI_SH_XPD_CHEX_GD_ZS,BTN,_T,_T,_T,_Z,_Z,_Z,2004,A,PT_GDP,
4.863157,P1Y,0,,A,PU,_Z,2,,,False,WB_WDI,WB_WDI_SH_XPD_CHEX_GD_ZS,BOL,_T,_T,_T,_Z,_Z,_Z,2004,A,PT_GDP,
9.062702,P1Y,0,,A,PU,_Z,2,,,False,WB_WDI,WB_WDI_SH_XPD_CHEX_GD_ZS,BIH,_T,_T,_T,_Z,_Z,_Z,2004,A,PT_GDP,
6.09126,P1Y,0,,A,PU,_Z,2,,,False,WB_WDI,WB_WDI_SH_XPD_CHEX_GD_ZS,BWA,_T,_T,_T,_Z,_Z,_Z,2004,A,PT_GDP,
8.12492,P1Y,0,,A,PU,_Z,2,,,False,WB_WDI,WB_WDI_SH_XPD_CHEX_GD_ZS,BRA,_T,_T,_T,_Z,_Z,_Z,2004,A,PT_GDP,
2.551934,P1Y,0,,A,PU,_Z,2,,,False,WB_WDI,WB_WDI_SH_XPD_CHEX_GD_ZS,BRN,_T,_T,_T,_Z,_Z,_Z,2004,A,PT_GDP,
6.890909,P1Y,0,,A,PU,_Z,2,,,False,WB_WDI,WB_WDI_SH_XPD_CHEX_GD_ZS,BGR,_T,_T,_T,_Z,_Z,_Z,2004,A,PT_GDP,
5.230836,P1Y,0,,A,PU,_Z,2,,,False,WB_WDI,WB_WDI_SH_XPD_CHEX_GD_ZS,BFA,_T,_T,_T,_Z,_Z,_Z,2004,A,PT_GDP,
7.095727,P1Y,0,,A,PU,_Z,2,,,False,WB_WDI,WB_WDI_SH_XPD_CHEX_GD_ZS,BDI,_T,_T,_T,_Z,_Z,_Z,2004,A,PT_GDP,
3.546163,P1Y,0,,A,PU,_Z,2,,,False,WB_WDI,WB_WDI_SH_XPD_CHEX_GD_ZS,CPV,_T,_T,_T,_Z,_Z,_Z,2004,A,PT_GDP,
6.485218,P1Y,0,,A,PU,_Z,2,,,False,WB_WDI,WB_WDI_SH_XPD_CHEX_GD_ZS,KHM,_T,_T,_T,_Z,_Z,_Z,2004,A,PT_GDP,
3.72799,P1Y,0,,A,PU,_Z,2,,,False,WB_WDI,WB_WDI_SH_XPD_CHEX_GD_ZS,CMR,_T,_T,_T,_Z,_Z,_Z,2004,A,PT_GDP,
6.335466,P1Y,0,,A,PU,_Z,2,,,False,WB_WDI,WB_WDI_SH_XPD_CHEX_GD_ZS,COL,_T,_T,_T,_Z,_Z,_Z,2006,A,PT_GDP,
5.773418,P1Y,0,,A,PU,_Z,2,,,False,WB_WDI,WB_WDI_SH_XPD_CHEX_GD_ZS,COM,_T,_T,_T,_Z,_Z,_Z,2006,A,PT_GDP,
4.062107,P1Y,0,,A,PU,_Z,2,,,False,WB_WDI,WB_WDI_SH_XPD_CHEX_GD_ZS,COD,_T,_T,_T,_Z,_Z,_Z,2006,A,PT_GDP,
1.708613,P1Y,0,,A,PU,_Z,2,,,False,WB_WDI,WB_WDI_SH_XPD_CHEX_GD_ZS,COG,_T,_T,_T,_Z,_Z,_Z,2006,A,PT_GDP,
6.935308,P1Y,0,,A,PU,_Z,2,,,False,WB_WDI,WB_WDI_SH_XPD_CHEX_GD_ZS,CRI,_T,_T,_T,_Z,_Z,_Z,2006,A,PT_GDP,
3.928615,P1Y,0,,A,PU,_Z,2,,,False,WB_WDI,WB_WDI_SH_XPD_CHEX_GD_ZS,CIV,_T,_T,_T,_Z,_Z,_Z,2006,A,PT_GDP,
6.903622,P1Y,0,,A,PU,_Z,2,,,False,WB_WDI,WB_WDI_SH_XPD_CHEX_GD_ZS,HRV,_T,_T,_T,_Z,_Z,_Z,2006,A,PT_GDP,
8.271906,P1Y,0,,A,PU,_Z,2,,,False,WB_WDI,WB_WDI_SH_XPD_CHEX_GD_ZS,CUB,_T,_T,_T,_Z,_Z,_Z,2006,A,PT_GDP,
5.463575,P1Y,0,,A,PU,_Z,2,,,False,WB_WDI,WB_WDI_SH_XPD_CHEX_GD_ZS,CYP,_T,_T,_T,_Z,_Z,_Z,2006,A,PT_GDP,
6.1649,P1Y,0,,A,PU,_Z,2,,,False,WB_WDI,WB_WDI_SH_XPD_CHEX_GD_ZS,CZE,_T,_T,_T,_Z,_Z,_Z,2006,A,PT_GDP,
9.152579,P1Y,0,,A,PU,_Z,2,,,False,WB_WDI,WB_WDI_SH_XPD_CHEX_GD_ZS,DNK,_T,_T,_T,_Z,_Z,_Z,2006,A,PT_GDP,
5.68827,P1Y,0,,A,PU,_Z,2,,,False,WB_WDI,WB_WDI_SH_XPD_CHEX_GD_ZS,SDN,_T,_T,_T,_Z,_Z,_Z,2012,A,PT_GDP,
4.284357,P1Y,0,,A,PU,_Z,2,,,False,WB_WDI,WB_WDI_SH_XPD_CHEX_GD_ZS,SUR,_T,_T,_T,_Z,_Z,_Z,2012,A,PT_GDP,
10.834198,P1Y,0,,A,PU,_Z,2,,,False,WB_WDI,WB_WDI_SH_XPD_CHEX_GD_ZS,SWE,_T,_T,_T,_Z,_Z,_Z,2012,A,PT_GDP,
10.335111,P1Y,0,,A,PU,_Z,2,,,False,WB_WDI,WB_WDI_SH_XPD_CHEX_GD_ZS,CHE,_T,_T,_T,_Z,_Z,_Z,2012,A,PT_GDP,
3.220608,P1Y,0,,A,PU,_Z,2,,,False,WB_WDI,WB_WDI_SH_XPD_CHEX_GD_ZS,SYR,_T,_T,_T,_Z,_Z,_Z,2012,A,PT_GDP,
5.981859,P1Y,0,,A,PU,_Z,2,,,False,WB_WDI,WB_WDI_SH_XPD_CHEX_GD_ZS,TJK,_T,_T,_T,_Z,_Z,_Z,2012,A,PT_GDP,
5.017794,P1Y,0,,A,PU,_Z,2,,,False,WB_WDI,WB_WDI_SH_XPD_CHEX_GD_ZS,TZA,_T,_T,_T,_Z,_Z,_Z,2012,A,PT_GDP,
3.52294,P1Y,0,,A,PU,_Z,2,,,False,WB_WDI,WB_WDI_SH_XPD_CHEX_GD_ZS,THA,_T,_T,_T,_Z,_Z,_Z,2012,A,PT_GDP,
6.992152,P1Y,0,,A,PU,_Z,2,,,False,WB_WDI,WB_WDI_SH_XPD_CHEX_GD_ZS,TLS,_T,_T,_T,_Z,_Z,_Z,2012,A,PT_GDP,
4.643665,P1Y,0,,A,PU,_Z,2,,,False,WB_WDI,WB_WDI_SH_XPD_CHEX_GD_ZS,TGO,_T,_T,_T,_Z,_Z,_Z,2012,A,PT_GDP,
8.137861,P1Y,0,,A,PU,_Z,2,,,False,WB_WDI,WB_WDI_SH_XPD_CHEX_GD_ZS,TON,_T,_T,_T,_Z,_Z,_Z,2012,A,PT_GDP,
3.066042,P1Y,0,,A,PU,_Z,2,,,False,WB_WDI,WB_WDI_SH_XPD_CHEX_GD_ZS,IRQ,_T,_T,_T,_Z,_Z,_Z,2008,A,PT_GDP,
9.125648,P1Y,0,,A,PU,_Z,2,,,False,WB_WDI,WB_WDI_SH_XPD_CHEX_GD_ZS,IRL,_T,_T,_T,_Z,_Z,_Z,2008,A,PT_GDP,
6.806683,P1Y,0,,A,PU,_Z,2,,,False,WB_WDI,WB_WDI_SH_XPD_CHEX_GD_ZS,ISR,_T,_T,_T,_Z,_Z,_Z,2008,A,PT_GDP,
8.501575,P1Y,0,,A,PU,_Z,2,,,False,WB_WDI,WB_WDI_SH_XPD_CHEX_GD_ZS,ITA,_T,_T,_T,_Z,_Z,_Z,2008,A,PT_GDP,
6.65534,P1Y,0,,A,PU,_Z,2,,,False,WB_WDI,WB_WDI_SH_XPD_CHEX_GD_ZS,JAM,_T,_T,_T,_Z,_Z,_Z,2008,A,PT_GDP,
8.089093,P1Y,0,,A,PU,_Z,2,,,False,WB_WDI,WB_WDI_SH_XPD_CHEX_GD_ZS,JPN,_T,_T,_T,_Z,_Z,_Z,2008,A,PT_GDP,
8.488806,P1Y,0,,A,PU,_Z,2,,,False,WB_WDI,WB_WDI_SH_XPD_CHEX_GD_ZS,JOR,_T,_T,_T,_Z,_Z,_Z,2008,A,PT_GDP,
3.025698,P1Y,0,,A,PU,_Z,2,,,False,WB_WDI,WB_WDI_SH_XPD_CHEX_GD_ZS,KAZ,_T,_T,_T,_Z,_Z,_Z,2008,A,PT_GDP,
5.190506,P1Y,0,,A,PU,_Z,2,,,False,WB_WDI,WB_WDI_SH_XPD_CHEX_GD_ZS,KEN,_T,_T,_T,_Z,_Z,_Z,2008,A,PT_GDP,
13.514286,P1Y,0,,A,PU,_Z,2,,,False,WB_WDI,WB_WDI_SH_XPD_CHEX_GD_ZS,KIR,_T,_T,_T,_Z,_Z,_Z,2008,A,PT_GDP,
5.246423,P1Y,0,,A,PU,_Z,2,,,False,WB_WDI,WB_WDI_SH_XPD_CHEX_GD_ZS,KOR,_T,_T,_T,_Z,_Z,_Z,2008,A,PT_GDP,
6.363622,P1Y,0,,A,PU,_Z,2,,,False,WB_WDI,WB_WDI_SH_XPD_CHEX_GD_ZS,GTM,_T,_T,_T,_Z,_Z,_Z,2006,A,PT_GDP,
3.615269,P1Y,0,,A,PU,_Z,2,,,False,WB_WDI,WB_WDI_SH_XPD_CHEX_GD_ZS,GIN,_T,_T,_T,_Z,_Z,_Z,2006,A,PT_GDP,
5.078262,P1Y,0,,A,PU,_Z,2,,,False,WB_WDI,WB_WDI_SH_XPD_CHEX_GD_ZS,GNB,_T,_T,_T,_Z,_Z,_Z,2006,A,PT_GDP,
3.931445,P1Y,0,,A,PU,_Z,2,,,False,WB_WDI,WB_WDI_SH_XPD_CHEX_GD_ZS,GUY,_T,_T,_T,_Z,_Z,_Z,2006,A,PT_GDP,
3.480139,P1Y,0,,A,PU,_Z,2,,,False,WB_WDI,WB_WDI_SH_XPD_CHEX_GD_ZS,HTI,_T,_T,_T,_Z,_Z,_Z,2006,A,PT_GDP,
7.863187,P1Y,0,,A,PU,_Z,2,,,False,WB_WDI,WB_WDI_SH_XPD_CHEX_GD_ZS,HND,_T,_T,_T,_Z,_Z,_Z,2006,A,PT_GDP,
7.785564,P1Y,0,,A,PU,_Z,2,,,False,WB_WDI,WB_WDI_SH_XPD_CHEX_GD_ZS,HUN,_T,_T,_T,_Z,_Z,_Z,2006,A,PT_GDP,
8.557091,P1Y,0,,A,PU,_Z,2,,,False,WB_WDI,WB_WDI_SH_XPD_CHEX_GD_ZS,ISL,_T,_T,_T,_Z,_Z,_Z,2006,A,PT_GDP,
3.669015,P1Y,0,,A,PU,_Z,2,,,False,WB_WDI,WB_WDI_SH_XPD_CHEX_GD_ZS,IND,_T,_T,_T,_Z,_Z,_Z,2006,A,PT_GDP,
2.619464,P1Y,0,,A,PU,_Z,2,,,False,WB_WDI,WB_WDI_SH_XPD_CHEX_GD_ZS,IDN,_T,_T,_T,_Z,_Z,_Z,2006,A,PT_GDP,
5.638308,P1Y,0,,A,PU,_Z,2,,,False,WB_WDI,WB_WDI_SH_XPD_CHEX_GD_ZS,DZA,_T,_T,_T,_Z,_Z,_Z,2020,A,PT_GDP,
8.78462,P1Y,0,,A,PU,_Z,2,,,False,WB_WDI,WB_WDI_SH_XPD_CHEX_GD_ZS,AND,_T,_T,_T,_Z,_Z,_Z,2020,A,PT_GDP,
2.816889,P1Y,0,,A,PU,_Z,2,,,False,WB_WDI,WB_WDI_SH_XPD_CHEX_GD_ZS,AGO,_T,_T,_T,_Z,_Z,_Z,2020,A,PT_GDP,
5.68408,P1Y,0,,A,PU,_Z,2,,,False,WB_WDI,WB_WDI_SH_XPD_CHEX_GD_ZS,ATG,_T,_T,_T,_Z,_Z,_Z,2020,A,PT_GDP,
10.672463,P1Y,0,,A,PU,_Z,2,,,False,WB_WDI,WB_WDI_SH_XPD_CHEX_GD_ZS,ARG,_T,_T,_T,_Z,_Z,_Z,2020,A,PT_GDP,
12.240562,P1Y,0,,A,PU,_Z,2,,,False,WB_WDI,WB_WDI_SH_XPD_CHEX_GD_ZS,ARM,_T,_T,_T,_Z,_Z,_Z,2020,A,PT_GDP,
10.703241,P1Y,0,,A,PU,_Z,2,,,False,WB_WDI,WB_WDI_SH_XPD_CHEX_GD_ZS,AUS,_T,_T,_T,_Z,_Z,_Z,2020,A,PT_GDP,
11.41293,P1Y,0,,A,PU,_Z,2,,,False,WB_WDI,WB_WDI_SH_XPD_CHEX_GD_ZS,AUT,_T,_T,_T,_Z,_Z,_Z,2020,A,PT_GDP,
5.848177,P1Y,0,,A,PU,_Z,2,,,False,WB_WDI,WB_WDI_SH_XPD_CHEX_GD_ZS,AZE,_T,_T,_T,_Z,_Z,_Z,2020,A,PT_GDP,
7.398326,P1Y,0,,A,PU,_Z,2,,,False,WB_WDI,WB_WDI_SH_XPD_CHEX_GD_ZS,BHS,_T,_T,_T,_Z,_Z,_Z,2020,A,PT_GDP,
4.556857,P1Y,0,,A,PU,_Z,2,,,False,WB_WDI,WB_WDI_SH_XPD_CHEX_GD_ZS,BHR,_T,_T,_T,_Z,_Z,_Z,2020,A,PT_GDP,
7.899652,P1Y,0,,A,PU,_Z,2,,,False,WB_WDI,WB_WDI_SH_XPD_CHEX_GD_ZS,SRB,_T,_T,_T,_Z,_Z,_Z,2017,A,PT_GDP,
4.47661,P1Y,0,,A,PU,_Z,2,,,False,WB_WDI,WB_WDI_SH_XPD_CHEX_GD_ZS,SYC,_T,_T,_T,_Z,_Z,_Z,2017,A,PT_GDP,
6.005321,P1Y,0,,A,PU,_Z,2,,,False,WB_WDI,WB_WDI_SH_XPD_CHEX_GD_ZS,SLE,_T,_T,_T,_Z,_Z,_Z,2017,A,PT_GDP,
4.359784,P1Y,0,,A,PU,_Z,2,,,False,WB_WDI,WB_WDI_SH_XPD_CHEX_GD_ZS,SGP,_T,_T,_T,_Z,_Z,_Z,2017,A,PT_GDP,
6.733888,P1Y,0,,A,PU,_Z,2,,,False,WB_WDI,WB_WDI_SH_XPD_CHEX_GD_ZS,SVK,_T,_T,_T,_Z,_Z,_Z,2017,A,PT_GDP,
8.258889,P1Y,0,,A,PU,_Z,2,,,False,WB_WDI,WB_WDI_SH_XPD_CHEX_GD_ZS,SVN,_T,_T,_T,_Z,_Z,_Z,2017,A,PT_GDP,
4.165564,P1Y,0,,A,PU,_Z,2,,,False,WB_WDI,WB_WDI_SH_XPD_CHEX_GD_ZS,SLB,_T,_T,_T,_Z,_Z,_Z,2017,A,PT_GDP,
2.443481,P1Y,0,,A,PU,_Z,2,,,False,WB_WDI,WB_WDI_SH_XPD_CHEX_GD_ZS,SOM,_T,_T,_T,_Z,_Z,_Z,2017,A,PT_GDP,
7.977114,P1Y,0,,A,PU,_Z,2,,,False,WB_WDI,WB_WDI_SH_XPD_CHEX_GD_ZS,ZAF,_T,_T,_T,_Z,_Z,_Z,2017,A,PT_GDP,
22.113224,P1Y,0,,A,PU,_Z,2,,,False,WB_WDI,WB_WDI_SH_XPD_CHEX_GD_ZS,SSD,_T,_T,_T,_Z,_Z,_Z,2017,A,PT_GDP,
9.02175,P1Y,0,,A,PU,_Z,2,,,False,WB_WDI,WB_WDI_SH_XPD_CHEX_GD_ZS,ESP,_T,_T,_T,_Z,_Z,_Z,2017,A,PT_GDP,
2.996936,P1Y,0,,A,PU,_Z,2,,,False,WB_WDI,WB_WDI_SH_XPD_CHEX_GD_ZS,IRQ,_T,_T,_T,_Z,_Z,_Z,2003,A,PT_GDP,
7.007614,P1Y,0,,A,PU,_Z,2,,,False,WB_WDI,WB_WDI_SH_XPD_CHEX_GD_ZS,IRL,_T,_T,_T,_Z,_Z,_Z,2003,A,PT_GDP,
6.84976,P1Y,0,,A,PU,_Z,2,,,False,WB_WDI,WB_WDI_SH_XPD_CHEX_GD_ZS,ISR,_T,_T,_T,_Z,_Z,_Z,2003,A,PT_GDP,
7.806709,P1Y,0,,A,PU,_Z,2,,,False,WB_WDI,WB_WDI_SH_XPD_CHEX_GD_ZS,ITA,_T,_T,_T,_Z,_Z,_Z,2003,A,PT_GDP,
4.992393,P1Y,0,,A,PU,_Z,2,,,False,WB_WDI,WB_WDI_SH_XPD_CHEX_GD_ZS,JAM,_T,_T,_T,_Z,_Z,_Z,2003,A,PT_GDP,
7.486548,P1Y,0,,A,PU,_Z,2,,,False,WB_WDI,WB_WDI_SH_XPD_CHEX_GD_ZS,JPN,_T,_T,_T,_Z,_Z,_Z,2003,A,PT_GDP,
8.78901,P1Y,0,,A,PU,_Z,2,,,False,WB_WDI,WB_WDI_SH_XPD_CHEX_GD_ZS,JOR,_T,_T,_T,_Z,_Z,_Z,2003,A,PT_GDP,
3.72335,P1Y,0,,A,PU,_Z,2,,,False,WB_WDI,WB_WDI_SH_XPD_CHEX_GD_ZS,KAZ,_T,_T,_T,_Z,_Z,_Z,2003,A,PT_GDP,
4.033657,P1Y,0,,A,PU,_Z,2,,,False,WB_WDI,WB_WDI_SH_XPD_CHEX_GD_ZS,KEN,_T,_T,_T,_Z,_Z,_Z,2003,A,PT_GDP,
10.050608,P1Y,0,,A,PU,_Z,2,,,False,WB_WDI,WB_WDI_SH_XPD_CHEX_GD_ZS,KIR,_T,_T,_T,_Z,_Z,_Z,2003,A,PT_GDP,
4.466403,P1Y,0,,A,PU,_Z,2,,,False,WB_WDI,WB_WDI_SH_XPD_CHEX_GD_ZS,KOR,_T,_T,_T,_Z,_Z,_Z,2003,A,PT_GDP,
2.760426,P1Y,0,,A,PU,_Z,2,,,False,WB_WDI,WB_WDI_SH_XPD_CHEX_GD_ZS,KWT,_T,_T,_T,_Z,_Z,_Z,2003,A,PT_GDP,
2.14253,P1Y,0,,A,PU,_Z,2,,,False,WB_WDI,WB_WDI_SH_XPD_CHEX_GD_ZS,MOZ,_T,_T,_T,_Z,_Z,_Z,2000,A,PT_GDP,
2.00782,P1Y,0,,A,PU,_Z,2,,,False,WB_WDI,WB_WDI_SH_XPD_CHEX_GD_ZS,MMR,_T,_T,_T,_Z,_Z,_Z,2000,A,PT_GDP,
10.045453,P1Y,0,,A,PU,_Z,2,,,False,WB_WDI,WB_WDI_SH_XPD_CHEX_GD_ZS,NAM,_T,_T,_T,_Z,_Z,_Z,2000,A,PT_GDP,
18.966713,P1Y,0,,A,PU,_Z,2,,,False,WB_WDI,WB_WDI_SH_XPD_CHEX_GD_ZS,NRU,_T,_T,_T,_Z,_Z,_Z,2000,A,PT_GDP,
3.132921,P1Y,0,,A,PU,_Z,2,,,False,WB_WDI,WB_WDI_SH_XPD_CHEX_GD_ZS,NPL,_T,_T,_T,_Z,_Z,_Z,2000,A,PT_GDP,
7.703824,P1Y,0,,A,PU,_Z,2,,,False,WB_WDI,WB_WDI_SH_XPD_CHEX_GD_ZS,NLD,_T,_T,_T,_Z,_Z,_Z,2000,A,PT_GDP,
7.46996,P1Y,0,,A,PU,_Z,2,,,False,WB_WDI,WB_WDI_SH_XPD_CHEX_GD_ZS,NZL,_T,_T,_T,_Z,_Z,_Z,2000,A,PT_GDP,
5.238837,P1Y,0,,A,PU,_Z,2,,,False,WB_WDI,WB_WDI_SH_XPD_CHEX_GD_ZS,NIC,_T,_T,_T,_Z,_Z,_Z,2000,A,PT_GDP,
4.658915,P1Y,0,,A,PU,_Z,2,,,False,WB_WDI,WB_WDI_SH_XPD_CHEX_GD_ZS,NER,_T,_T,_T,_Z,_Z,_Z,2000,A,PT_GDP,
3.197383,P1Y,0,,A,PU,_Z,2,,,False,WB_WDI,WB_WDI_SH_XPD_CHEX_GD_ZS,NGA,_T,_T,_T,_Z,_Z,_Z,2000,A,PT_GDP,
8.869915,P1Y,0,,A,PU,_Z,2,,,False,WB_WDI,WB_WDI_SH_XPD_CHEX_GD_ZS,MKD,_T,_T,_T,_Z,_Z,_Z,2000,A,PT_GDP,
7.702706,P1Y,0,,A,PU,_Z,2,,,False,WB_WDI,WB_WDI_SH_XPD_CHEX_GD_ZS,NOR,_T,_T,_T,_Z,_Z,_Z,2000,A,PT_GDP,
13.011382,P1Y,0,,A,PU,_Z,2,,,False,WB_WDI,WB_WDI_SH_XPD_CHEX_GD_ZS,TUV,_T,_T,_T,_Z,_Z,_Z,2009,A,PT_GDP,
5.788455,P1Y,0,,A,PU,_Z,2,,,False,WB_WDI,WB_WDI_SH_XPD_CHEX_GD_ZS,UGA,_T,_T,_T,_Z,_Z,_Z,2009,A,PT_GDP,
6.609917,P1Y,0,,A,PU,_Z,2,,,False,WB_WDI,WB_WDI_SH_XPD_CHEX_GD_ZS,UKR,_T,_T,_T,_Z,_Z,_Z,2009,A,PT_GDP,
4.050002,P1Y,0,,A,PU,_Z,2,,,False,WB_WDI,WB_WDI_SH_XPD_CHEX_GD_ZS,ARE,_T,_T,_T,_Z,_Z,_Z,2009,A,PT_GDP,
9.83944,P1Y,0,,A,PU,_Z,2,,,False,WB_WDI,WB_WDI_SH_XPD_CHEX_GD_ZS,GBR,_T,_T,_T,_Z,_Z,_Z,2009,A,PT_GDP,
16.200676,P1Y,0,,A,PU,_Z,2,,,False,WB_WDI,WB_WDI_SH_XPD_CHEX_GD_ZS,USA,_T,_T,_T,_Z,_Z,_Z,2009,A,PT_GDP,
7.916114,P1Y,0,,A,PU,_Z,2,,,False,WB_WDI,WB_WDI_SH_XPD_CHEX_GD_ZS,URY,_T,_T,_T,_Z,_Z,_Z,2009,A,PT_GDP,
4.796496,P1Y,0,,A,PU,_Z,2,,,False,WB_WDI,WB_WDI_SH_XPD_CHEX_GD_ZS,UZB,_T,_T,_T,_Z,_Z,_Z,2009,A,PT_GDP,
3.251814,P1Y,0,,A,PU,_Z,2,,,False,WB_WDI,WB_WDI_SH_XPD_CHEX_GD_ZS,VUT,_T,_T,_T,_Z,_Z,_Z,2009,A,PT_GDP,
4.485029,P1Y,0,,A,PU,_Z,2,,,False,WB_WDI,WB_WDI_SH_XPD_CHEX_GD_ZS,VNM,_T,_T,_T,_Z,_Z,_Z,2009,A,PT_GDP,
8.029377,P1Y,0,,A,PU,_Z,2,,,False,WB_WDI,WB_WDI_SH_XPD_CHEX_GD_ZS,CRI,_T,_T,_T,_Z,_Z,_Z,2010,A,PT_GDP,
4.574948,P1Y,0,,A,PU,_Z,2,,,False,WB_WDI,WB_WDI_SH_XPD_CHEX_GD_ZS,CIV,_T,_T,_T,_Z,_Z,_Z,2010,A,PT_GDP,
7.949089,P1Y,0,,A,PU,_Z,2,,,False,WB_WDI,WB_WDI_SH_XPD_CHEX_GD_ZS,HRV,_T,_T,_T,_Z,_Z,_Z,2010,A,PT_GDP,
10.688083,P1Y,0,,A,PU,_Z,2,,,False,WB_WDI,WB_WDI_SH_XPD_CHEX_GD_ZS,CUB,_T,_T,_T,_Z,_Z,_Z,2010,A,PT_GDP,
6.500557,P1Y,0,,A,PU,_Z,2,,,False,WB_WDI,WB_WDI_SH_XPD_CHEX_GD_ZS,CYP,_T,_T,_T,_Z,_Z,_Z,2010,A,PT_GDP,
7.478368,P1Y,0,,A,PU,_Z,2,,,False,WB_WDI,WB_WDI_SH_XPD_CHEX_GD_ZS,CZE,_T,_T,_T,_Z,_Z,_Z,2010,A,PT_GDP,
10.596218,P1Y,0,,A,PU,_Z,2,,,False,WB_WDI,WB_WDI_SH_XPD_CHEX_GD_ZS,DNK,_T,_T,_T,_Z,_Z,_Z,2010,A,PT_GDP,
3.356997,P1Y,0,,A,PU,_Z,2,,,False,WB_WDI,WB_WDI_SH_XPD_CHEX_GD_ZS,DJI,_T,_T,_T,_Z,_Z,_Z,2010,A,PT_GDP,
5.157119,P1Y,0,,A,PU,_Z,2,,,False,WB_WDI,WB_WDI_SH_XPD_CHEX_GD_ZS,DMA,_T,_T,_T,_Z,_Z,_Z,2010,A,PT_GDP,
4.928967,P1Y,0,,A,PU,_Z,2,,,False,WB_WDI,WB_WDI_SH_XPD_CHEX_GD_ZS,DOM,_T,_T,_T,_Z,_Z,_Z,2010,A,PT_GDP,
6.349257,P1Y,0,,A,PU,_Z,2,,,False,WB_WDI,WB_WDI_SH_XPD_CHEX_GD_ZS,ECU,_T,_T,_T,_Z,_Z,_Z,2010,A,PT_GDP,
4.7911,P1Y,0,,A,PU,_Z,2,,,False,WB_WDI,WB_WDI_SH_XPD_CHEX_GD_ZS,DMA,_T,_T,_T,_Z,_Z,_Z,2007,A,PT_GDP,
4.089353,P1Y,0,,A,PU,_Z,2,,,False,WB_WDI,WB_WDI_SH_XPD_CHEX_GD_ZS,DOM,_T,_T,_T,_Z,_Z,_Z,2007,A,PT_GDP,
5.557225,P1Y,0,,A,PU,_Z,2,,,False,WB_WDI,WB_WDI_SH_XPD_CHEX_GD_ZS,ECU,_T,_T,_T,_Z,_Z,_Z,2007,A,PT_GDP,
4.444932,P1Y,0,,A,PU,_Z,2,,,False,WB_WDI,WB_WDI_SH_XPD_CHEX_GD_ZS,EGY,_T,_T,_T,_Z,_Z,_Z,2007,A,PT_GDP,
8.478363,P1Y,0,,A,PU,_Z,2,,,False,WB_WDI,WB_WDI_SH_XPD_CHEX_GD_ZS,SLV,_T,_T,_T,_Z,_Z,_Z,2007,A,PT_GDP,
1.420807,P1Y,0,,A,PU,_Z,2,,,False,WB_WDI,WB_WDI_SH_XPD_CHEX_GD_ZS,GNQ,_T,_T,_T,_Z,_Z,_Z,2007,A,PT_GDP,
5.278629,P1Y,0,,A,PU,_Z,2,,,False,WB_WDI,WB_WDI_SH_XPD_CHEX_GD_ZS,ERI,_T,_T,_T,_Z,_Z,_Z,2007,A,PT_GDP,
5.184294,P1Y,0,,A,PU,_Z,2,,,False,WB_WDI,WB_WDI_SH_XPD_CHEX_GD_ZS,EST,_T,_T,_T,_Z,_Z,_Z,2007,A,PT_GDP,
7.930041,P1Y,0,,A,PU,_Z,2,,,False,WB_WDI,WB_WDI_SH_XPD_CHEX_GD_ZS,SWZ,_T,_T,_T,_Z,_Z,_Z,2007,A,PT_GDP,
5.001283,P1Y,0,,A,PU,_Z,2,,,False,WB_WDI,WB_WDI_SH_XPD_CHEX_GD_ZS,ETH,_T,_T,_T,_Z,_Z,_Z,2007,A,PT_GDP,
3.41515,P1Y,0,,A,PU,_Z,2,,,False,WB_WDI,WB_WDI_SH_XPD_CHEX_GD_ZS,FJI,_T,_T,_T,_Z,_Z,_Z,2007,A,PT_GDP,
7.741475,P1Y,0,,A,PU,_Z,2,,,False,WB_WDI,WB_WDI_SH_XPD_CHEX_GD_ZS,BDI,_T,_T,_T,_Z,_Z,_Z,2008,A,PT_GDP,
3.269516,P1Y,0,,A,PU,_Z,2,,,False,WB_WDI,WB_WDI_SH_XPD_CHEX_GD_ZS,CPV,_T,_T,_T,_Z,_Z,_Z,2008,A,PT_GDP,
5.612967,P1Y,0,,A,PU,_Z,2,,,False,WB_WDI,WB_WDI_SH_XPD_CHEX_GD_ZS,KHM,_T,_T,_T,_Z,_Z,_Z,2008,A,PT_GDP,
3.658437,P1Y,0,,A,PU,_Z,2,,,False,WB_WDI,WB_WDI_SH_XPD_CHEX_GD_ZS,CMR,_T,_T,_T,_Z,_Z,_Z,2008,A,PT_GDP,
9.594279,P1Y,0,,A,PU,_Z,2,,,False,WB_WDI,WB_WDI_SH_XPD_CHEX_GD_ZS,CAN,_T,_T,_T,_Z,_Z,_Z,2008,A,PT_GDP,
4.026358,P1Y,0,,A,PU,_Z,2,,,False,WB_WDI,WB_WDI_SH_XPD_CHEX_GD_ZS,CAF,_T,_T,_T,_Z,_Z,_Z,2008,A,PT_GDP,
3.163598,P1Y,0,,A,PU,_Z,2,,,False,WB_WDI,WB_WDI_SH_XPD_CHEX_GD_ZS,TCD,_T,_T,_T,_Z,_Z,_Z,2008,A,PT_GDP,
6.739545,P1Y,0,,A,PU,_Z,2,,,False,WB_WDI,WB_WDI_SH_XPD_CHEX_GD_ZS,CHL,_T,_T,_T,_Z,_Z,_Z,2008,A,PT_GDP,
3.836277,P1Y,0,,A,PU,_Z,2,,,False,WB_WDI,WB_WDI_SH_XPD_CHEX_GD_ZS,CHN,_T,_T,_T,_Z,_Z,_Z,2008,A,PT_GDP,
6.841922,P1Y,0,,A,PU,_Z,2,,,False,WB_WDI,WB_WDI_SH_XPD_CHEX_GD_ZS,COL,_T,_T,_T,_Z,_Z,_Z,2008,A,PT_GDP,
5.125253,P1Y,0,,A,PU,_Z,2,,,False,WB_WDI,WB_WDI_SH_XPD_CHEX_GD_ZS,PER,_T,_T,_T,_Z,_Z,_Z,2019,A,PT_GDP,
4.16646,P1Y,0,,A,PU,_Z,2,,,False,WB_WDI,WB_WDI_SH_XPD_CHEX_GD_ZS,PHL,_T,_T,_T,_Z,_Z,_Z,2019,A,PT_GDP,
6.38907,P1Y,0,,A,PU,_Z,2,,,False,WB_WDI,WB_WDI_SH_XPD_CHEX_GD_ZS,POL,_T,_T,_T,_Z,_Z,_Z,2019,A,PT_GDP,
9.508686,P1Y,0,,A,PU,_Z,2,,,False,WB_WDI,WB_WDI_SH_XPD_CHEX_GD_ZS,PRT,_T,_T,_T,_Z,_Z,_Z,2019,A,PT_GDP,
3.184687,P1Y,0,,A,PU,_Z,2,,,False,WB_WDI,WB_WDI_SH_XPD_CHEX_GD_ZS,QAT,_T,_T,_T,_Z,_Z,_Z,2019,A,PT_GDP,
5.699246,P1Y,0,,A,PU,_Z,2,,,False,WB_WDI,WB_WDI_SH_XPD_CHEX_GD_ZS,ROU,_T,_T,_T,_Z,_Z,_Z,2019,A,PT_GDP,
5.648491,P1Y,0,,A,PU,_Z,2,,,False,WB_WDI,WB_WDI_SH_XPD_CHEX_GD_ZS,RUS,_T,_T,_T,_Z,_Z,_Z,2019,A,PT_GDP,
4.914715,P1Y,0,,A,PU,_Z,2,,,False,WB_WDI,WB_WDI_SH_XPD_CHEX_GD_ZS,RWA,_T,_T,_T,_Z,_Z,_Z,2019,A,PT_GDP,
5.647616,P1Y,0,,A,PU,_Z,2,,,False,WB_WDI,WB_WDI_SH_XPD_CHEX_GD_ZS,WSM,_T,_T,_T,_Z,_Z,_Z,2019,A,PT_GDP,
8.148016,P1Y,0,,A,PU,_Z,2,,,False,WB_WDI,WB_WDI_SH_XPD_CHEX_GD_ZS,SMR,_T,_T,_T,_Z,_Z,_Z,2019,A,PT_GDP,
2.182549,P1Y,0,,A,PU,_Z,2,,,False,WB_WDI,WB_WDI_SH_XPD_CHEX_GD_ZS,BGD,_T,_T,_T,_Z,_Z,_Z,2020,A,PT_GDP,
6.727289,P1Y,0,,A,PU,_Z,2,,,False,WB_WDI,WB_WDI_SH_XPD_CHEX_GD_ZS,BRB,_T,_T,_T,_Z,_Z,_Z,2020,A,PT_GDP,
6.406072,P1Y,0,,A,PU,_Z,2,,,False,WB_WDI,WB_WDI_SH_XPD_CHEX_GD_ZS,BLR,_T,_T,_T,_Z,_Z,_Z,2020,A,PT_GDP,
11.46253,P1Y,0,,A,PU,_Z,2,,,False,WB_WDI,WB_WDI_SH_XPD_CHEX_GD_ZS,BEL,_T,_T,_T,_Z,_Z,_Z,2020,A,PT_GDP,
5.339012,P1Y,0,,A,PU,_Z,2,,,False,WB_WDI,WB_WDI_SH_XPD_CHEX_GD_ZS,BLZ,_T,_T,_T,_Z,_Z,_Z,2020,A,PT_GDP,
3.051217,P1Y,0,,A,PU,_Z,2,,,False,WB_WDI,WB_WDI_SH_XPD_CHEX_GD_ZS,BEN,_T,_T,_T,_Z,_Z,_Z,2020,A,PT_GDP,
4.084515,P1Y,0,,A,PU,_Z,2,,,False,WB_WDI,WB_WDI_SH_XPD_CHEX_GD_ZS,BTN,_T,_T,_T,_Z,_Z,_Z,2020,A,PT_GDP,
8.022581,P1Y,0,,A,PU,_Z,2,,,False,WB_WDI,WB_WDI_SH_XPD_CHEX_GD_ZS,BOL,_T,_T,_T,_Z,_Z,_Z,2020,A,PT_GDP,
9.703118,P1Y,0,,A,PU,_Z,2,,,False,WB_WDI,WB_WDI_SH_XPD_CHEX_GD_ZS,BIH,_T,_T,_T,_Z,_Z,_Z,2020,A,PT_GDP,
6.12134,P1Y,0,,A,PU,_Z,2,,,False,WB_WDI,WB_WDI_SH_XPD_CHEX_GD_ZS,BWA,_T,_T,_T,_Z,_Z,_Z,2020,A,PT_GDP,
4.482381,P1Y,0,,A,PU,_Z,2,,,True,WB_WDI,WB_WDI_SH_XPD_CHEX_GD_ZS,SYC,_T,_T,_T,_Z,_Z,_Z,2023,A,PT_GDP,
4.71883,P1Y,0,,A,PU,_Z,2,,,True,WB_WDI,WB_WDI_SH_XPD_CHEX_GD_ZS,SLE,_T,_T,_T,_Z,_Z,_Z,2023,A,PT_GDP,
4.491632,P1Y,0,,A,PU,_Z,2,,,True,WB_WDI,WB_WDI_SH_XPD_CHEX_GD_ZS,SGP,_T,_T,_T,_Z,_Z,_Z,2023,A,PT_GDP,
7.352622,P1Y,0,,A,PU,_Z,2,,,True,WB_WDI,WB_WDI_SH_XPD_CHEX_GD_ZS,SVK,_T,_T,_T,_Z,_Z,_Z,2023,A,PT_GDP,
9.300089,P1Y,0,,A,PU,_Z,2,,,False,WB_WDI,WB_WDI_SH_XPD_CHEX_GD_ZS,SVN,_T,_T,_T,_Z,_Z,_Z,2023,A,PT_GDP,
5.363662,P1Y,0,,A,PU,_Z,2,,,True,WB_WDI,WB_WDI_SH_XPD_CHEX_GD_ZS,SLB,_T,_T,_T,_Z,_Z,_Z,2023,A,PT_GDP,
3.744136,P1Y,0,,A,PU,_Z,2,,,True,WB_WDI,WB_WDI_SH_XPD_CHEX_GD_ZS,SOM,_T,_T,_T,_Z,_Z,_Z,2023,A,PT_GDP,
8.909668,P1Y,0,,A,PU,_Z,2,,,True,WB_WDI,WB_WDI_SH_XPD_CHEX_GD_ZS,ZAF,_T,_T,_T,_Z,_Z,_Z,2023,A,PT_GDP,
11.610023,P1Y,0,,A,PU,_Z,2,,,True,WB_WDI,WB_WDI_SH_XPD_CHEX_GD_ZS,SSD,_T,_T,_T,_Z,_Z,_Z,2023,A,PT_GDP,
9.220658,P1Y,0,,A,PU,_Z,2,,,True,WB_WDI,WB_WDI_SH_XPD_CHEX_GD_ZS,ESP,_T,_T,_T,_Z,_Z,_Z,2023,A,PT_GDP,
3.683138,P1Y,0,,A,PU,_Z,2,,,True,WB_WDI,WB_WDI_SH_XPD_CHEX_GD_ZS,LKA,_T,_T,_T,_Z,_Z,_Z,2023,A,PT_GDP,
5.735954,P1Y,0,,A,PU,_Z,2,,,True,WB_WDI,WB_WDI_SH_XPD_CHEX_GD_ZS,KNA,_T,_T,_T,_Z,_Z,_Z,2023,A,PT_GDP,
4.729827,P1Y,0,,A,PU,_Z,2,,,True,WB_WDI,WB_WDI_SH_XPD_CHEX_GD_ZS,LCA,_T,_T,_T,_Z,_Z,_Z,2023,A,PT_GDP,
1.924003,P1Y,0,,A,PU,_Z,2,,,False,WB_WDI,WB_WDI_SH_XPD_CHEX_GD_ZS,KWT,_T,_T,_T,_Z,_Z,_Z,2008,A,PT_GDP,
6.525119,P1Y,0,,A,PU,_Z,2,,,False,WB_WDI,WB_WDI_SH_XPD_CHEX_GD_ZS,KGZ,_T,_T,_T,_Z,_Z,_Z,2008,A,PT_GDP,
2.767273,P1Y,0,,A,PU,_Z,2,,,False,WB_WDI,WB_WDI_SH_XPD_CHEX_GD_ZS,LAO,_T,_T,_T,_Z,_Z,_Z,2008,A,PT_GDP,
5.866032,P1Y,0,,A,PU,_Z,2,,,False,WB_WDI,WB_WDI_SH_XPD_CHEX_GD_ZS,LVA,_T,_T,_T,_Z,_Z,_Z,2008,A,PT_GDP,
7.817517,P1Y,0,,A,PU,_Z,2,,,False,WB_WDI,WB_WDI_SH_XPD_CHEX_GD_ZS,LBN,_T,_T,_T,_Z,_Z,_Z,2008,A,PT_GDP,
7.666482,P1Y,0,,A,PU,_Z,2,,,False,WB_WDI,WB_WDI_SH_XPD_CHEX_GD_ZS,LSO,_T,_T,_T,_Z,_Z,_Z,2008,A,PT_GDP,
5.996157,P1Y,0,,A,PU,_Z,2,,,False,WB_WDI,WB_WDI_SH_XPD_CHEX_GD_ZS,LBR,_T,_T,_T,_Z,_Z,_Z,2008,A,PT_GDP,
2.244419,P1Y,0,,A,PU,_Z,2,,,False,WB_WDI,WB_WDI_SH_XPD_CHEX_GD_ZS,LBY,_T,_T,_T,_Z,_Z,_Z,2008,A,PT_GDP,
6.290102,P1Y,0,,A,PU,_Z,2,,,False,WB_WDI,WB_WDI_SH_XPD_CHEX_GD_ZS,LTU,_T,_T,_T,_Z,_Z,_Z,2008,A,PT_GDP,
6.231011,P1Y,0,,A,PU,_Z,2,,,False,WB_WDI,WB_WDI_SH_XPD_CHEX_GD_ZS,LUX,_T,_T,_T,_Z,_Z,_Z,2008,A,PT_GDP,
6.545741,P1Y,0,,A,PU,_Z,2,,,False,WB_WDI,WB_WDI_SH_XPD_CHEX_GD_ZS,UKR,_T,_T,_T,_Z,_Z,_Z,2003,A,PT_GDP,
2.646344,P1Y,0,,A,PU,_Z,2,,,False,WB_WDI,WB_WDI_SH_XPD_CHEX_GD_ZS,ARE,_T,_T,_T,_Z,_Z,_Z,2003,A,PT_GDP,
8.052146,P1Y,0,,A,PU,_Z,2,,,False,WB_WDI,WB_WDI_SH_XPD_CHEX_GD_ZS,GBR,_T,_T,_T,_Z,_Z,_Z,2003,A,PT_GDP,
14.505575,P1Y,0,,A,PU,_Z,2,,,False,WB_WDI,WB_WDI_SH_XPD_CHEX_GD_ZS,USA,_T,_T,_T,_Z,_Z,_Z,2003,A,PT_GDP,
9.576674,P1Y,0,,A,PU,_Z,2,,,False,WB_WDI,WB_WDI_SH_XPD_CHEX_GD_ZS,URY,_T,_T,_T,_Z,_Z,_Z,2003,A,PT_GDP,
5.188252,P1Y,0,,A,PU,_Z,2,,,False,WB_WDI,WB_WDI_SH_XPD_CHEX_GD_ZS,UZB,_T,_T,_T,_Z,_Z,_Z,2003,A,PT_GDP,
3.506919,P1Y,0,,A,PU,_Z,2,,,False,WB_WDI,WB_WDI_SH_XPD_CHEX_GD_ZS,VUT,_T,_T,_T,_Z,_Z,_Z,2003,A,PT_GDP,
3.942299,P1Y,0,,A,PU,_Z,2,,,False,WB_WDI,WB_WDI_SH_XPD_CHEX_GD_ZS,VNM,_T,_T,_T,_Z,_Z,_Z,2003,A,PT_GDP,
9.558971,P1Y,0,,A,PU,_Z,2,,,False,WB_WDI,WB_WDI_SH_XPD_CHEX_GD_ZS,PSE,_T,_T,_T,_Z,_Z,_Z,2003,A,PT_GDP,
5.757583,P1Y,0,,A,PU,_Z,2,,,False,WB_WDI,WB_WDI_SH_XPD_CHEX_GD_ZS,YEM,_T,_T,_T,_Z,_Z,_Z,2003,A,PT_GDP,
5.995536,P1Y,0,,A,PU,_Z,2,,,False,WB_WDI,WB_WDI_SH_XPD_CHEX_GD_ZS,ZMB,_T,_T,_T,_Z,_Z,_Z,2003,A,PT_GDP,
5.1418,P1Y,0,,A,PU,_Z,2,,,False,WB_WDI,WB_WDI_SH_XPD_CHEX_GD_ZS,IRQ,_T,_T,_T,_Z,_Z,_Z,2021,A,PT_GDP,
6.441135,P1Y,0,,A,PU,_Z,2,,,False,WB_WDI,WB_WDI_SH_XPD_CHEX_GD_ZS,IRL,_T,_T,_T,_Z,_Z,_Z,2021,A,PT_GDP,
7.839611,P1Y,0,,A,PU,_Z,2,,,False,WB_WDI,WB_WDI_SH_XPD_CHEX_GD_ZS,ISR,_T,_T,_T,_Z,_Z,_Z,2021,A,PT_GDP,
9.281645,P1Y,0,,A,PU,_Z,2,,,False,WB_WDI,WB_WDI_SH_XPD_CHEX_GD_ZS,ITA,_T,_T,_T,_Z,_Z,_Z,2021,A,PT_GDP,
8.002617,P1Y,0,,A,PU,_Z,2,,,False,WB_WDI,WB_WDI_SH_XPD_CHEX_GD_ZS,JAM,_T,_T,_T,_Z,_Z,_Z,2021,A,PT_GDP,
12.081082,P1Y,0,,A,PU,_Z,2,,,False,WB_WDI,WB_WDI_SH_XPD_CHEX_GD_ZS,JPN,_T,_T,_T,_Z,_Z,_Z,2021,A,PT_GDP,
7.697339,P1Y,0,,A,PU,_Z,2,,,False,WB_WDI,WB_WDI_SH_XPD_CHEX_GD_ZS,JOR,_T,_T,_T,_Z,_Z,_Z,2021,A,PT_GDP,
3.987019,P1Y,0,,A,PU,_Z,2,,,False,WB_WDI,WB_WDI_SH_XPD_CHEX_GD_ZS,KAZ,_T,_T,_T,_Z,_Z,_Z,2021,A,PT_GDP,
4.569927,P1Y,0,,A,PU,_Z,2,,,False,WB_WDI,WB_WDI_SH_XPD_CHEX_GD_ZS,KEN,_T,_T,_T,_Z,_Z,_Z,2021,A,PT_GDP,
11.832286,P1Y,0,,A,PU,_Z,2,,,False,WB_WDI,WB_WDI_SH_XPD_CHEX_GD_ZS,KIR,_T,_T,_T,_Z,_Z,_Z,2021,A,PT_GDP,
8.344128,P1Y,0,,A,PU,_Z,2,,,False,WB_WDI,WB_WDI_SH_XPD_CHEX_GD_ZS,KOR,_T,_T,_T,_Z,_Z,_Z,2021,A,PT_GDP,
6.639766,P1Y,0,,A,PU,_Z,2,,,False,WB_WDI,WB_WDI_SH_XPD_CHEX_GD_ZS,ARM,_T,_T,_T,_Z,_Z,_Z,2008,A,PT_GDP,
8.247375,P1Y,0,,A,PU,_Z,2,,,False,WB_WDI,WB_WDI_SH_XPD_CHEX_GD_ZS,AUS,_T,_T,_T,_Z,_Z,_Z,2008,A,PT_GDP,
9.834152,P1Y,0,,A,PU,_Z,2,,,False,WB_WDI,WB_WDI_SH_XPD_CHEX_GD_ZS,AUT,_T,_T,_T,_Z,_Z,_Z,2008,A,PT_GDP,
2.048145,P1Y,0,,A,PU,_Z,2,,,False,WB_WDI,WB_WDI_SH_XPD_CHEX_GD_ZS,AZE,_T,_T,_T,_Z,_Z,_Z,2008,A,PT_GDP,
4.862617,P1Y,0,,A,PU,_Z,2,,,False,WB_WDI,WB_WDI_SH_XPD_CHEX_GD_ZS,BHS,_T,_T,_T,_Z,_Z,_Z,2008,A,PT_GDP,
3.073212,P1Y,0,,A,PU,_Z,2,,,False,WB_WDI,WB_WDI_SH_XPD_CHEX_GD_ZS,BHR,_T,_T,_T,_Z,_Z,_Z,2008,A,PT_GDP,
2.118788,P1Y,0,,A,PU,_Z,2,,,False,WB_WDI,WB_WDI_SH_XPD_CHEX_GD_ZS,BGD,_T,_T,_T,_Z,_Z,_Z,2008,A,PT_GDP,
5.73822,P1Y,0,,A,PU,_Z,2,,,False,WB_WDI,WB_WDI_SH_XPD_CHEX_GD_ZS,BRB,_T,_T,_T,_Z,_Z,_Z,2008,A,PT_GDP,
5.294489,P1Y,0,,A,PU,_Z,2,,,False,WB_WDI,WB_WDI_SH_XPD_CHEX_GD_ZS,BLR,_T,_T,_T,_Z,_Z,_Z,2008,A,PT_GDP,
9.600367,P1Y,0,,A,PU,_Z,2,,,False,WB_WDI,WB_WDI_SH_XPD_CHEX_GD_ZS,BEL,_T,_T,_T,_Z,_Z,_Z,2008,A,PT_GDP,
5.970871,P1Y,0,,A,PU,_Z,2,,,False,WB_WDI,WB_WDI_SH_XPD_CHEX_GD_ZS,CSS,_T,_T,_T,_Z,_Z,_Z,2017,A,PT_GDP,
6.5698,P1Y,0,,A,PU,_Z,2,,,False,WB_WDI,WB_WDI_SH_XPD_CHEX_GD_ZS,CEB,_T,_T,_T,_Z,_Z,_Z,2017,A,PT_GDP,
4.865807,P1Y,0,,A,PU,_Z,2,,,False,WB_WDI,WB_WDI_SH_XPD_CHEX_GD_ZS,EAR,_T,_T,_T,_Z,_Z,_Z,2017,A,PT_GDP,
6.470981,P1Y,0,,A,PU,_Z,2,,,False,WB_WDI,WB_WDI_SH_XPD_CHEX_GD_ZS,EAS,_T,_T,_T,_Z,_Z,_Z,2017,A,PT_GDP,
4.738546,P1Y,0,,A,PU,_Z,2,,,False,WB_WDI,WB_WDI_SH_XPD_CHEX_GD_ZS,EAP,_T,_T,_T,_Z,_Z,_Z,2017,A,PT_GDP,
4.738713,P1Y,0,,A,PU,_Z,2,,,False,WB_WDI,WB_WDI_SH_XPD_CHEX_GD_ZS,TEA,_T,_T,_T,_Z,_Z,_Z,2017,A,PT_GDP,
10.089141,P1Y,0,,A,PU,_Z,2,,,False,WB_WDI,WB_WDI_SH_XPD_CHEX_GD_ZS,EMU,_T,_T,_T,_Z,_Z,_Z,2017,A,PT_GDP,
9.212024,P1Y,0,,A,PU,_Z,2,,,False,WB_WDI,WB_WDI_SH_XPD_CHEX_GD_ZS,ECS,_T,_T,_T,_Z,_Z,_Z,2017,A,PT_GDP,
4.759732,P1Y,0,,A,PU,_Z,2,,,False,WB_WDI,WB_WDI_SH_XPD_CHEX_GD_ZS,ECA,_T,_T,_T,_Z,_Z,_Z,2017,A,PT_GDP,
5.331221,P1Y,0,,A,PU,_Z,2,,,False,WB_WDI,WB_WDI_SH_XPD_CHEX_GD_ZS,TEC,_T,_T,_T,_Z,_Z,_Z,2017,A,PT_GDP,
9.850364,P1Y,0,,A,PU,_Z,2,,,False,WB_WDI,WB_WDI_SH_XPD_CHEX_GD_ZS,EUU,_T,_T,_T,_Z,_Z,_Z,2017,A,PT_GDP,
4.694156,P1Y,0,,A,PU,_Z,2,,,False,WB_WDI,WB_WDI_SH_XPD_CHEX_GD_ZS,HPC,_T,_T,_T,_Z,_Z,_Z,2017,A,PT_GDP,
12.05736,P1Y,0,,A,PU,_Z,2,,,False,WB_WDI,WB_WDI_SH_XPD_CHEX_GD_ZS,HIC,_T,_T,_T,_Z,_Z,_Z,2017,A,PT_GDP,
7.22061,P1Y,0,,A,PU,_Z,2,,,False,WB_WDI,WB_WDI_SH_XPD_CHEX_GD_ZS,LCN,_T,_T,_T,_Z,_Z,_Z,2010,A,PT_GDP,
7.246735,P1Y,0,,A,PU,_Z,2,,,False,WB_WDI,WB_WDI_SH_XPD_CHEX_GD_ZS,LAC,_T,_T,_T,_Z,_Z,_Z,2010,A,PT_GDP,
7.181869,P1Y,0,,A,PU,_Z,2,,,False,WB_WDI,WB_WDI_SH_XPD_CHEX_GD_ZS,TLA,_T,_T,_T,_Z,_Z,_Z,2010,A,PT_GDP,
3.995059,P1Y,0,,A,PU,_Z,2,,,False,WB_WDI,WB_WDI_SH_XPD_CHEX_GD_ZS,LDC,_T,_T,_T,_Z,_Z,_Z,2010,A,PT_GDP,
4.943867,P1Y,0,,A,PU,_Z,2,,,False,WB_WDI,WB_WDI_SH_XPD_CHEX_GD_ZS,LMY,_T,_T,_T,_Z,_Z,_Z,2010,A,PT_GDP,
5.013885,P1Y,0,,A,PU,_Z,2,,,False,WB_WDI,WB_WDI_SH_XPD_CHEX_GD_ZS,LIC,_T,_T,_T,_Z,_Z,_Z,2010,A,PT_GDP,
3.642085,P1Y,0,,A,PU,_Z,2,,,False,WB_WDI,WB_WDI_SH_XPD_CHEX_GD_ZS,LMC,_T,_T,_T,_Z,_Z,_Z,2010,A,PT_GDP,
4.433653,P1Y,0,,A,PU,_Z,2,,,False,WB_WDI,WB_WDI_SH_XPD_CHEX_GD_ZS,MEA,_T,_T,_T,_Z,_Z,_Z,2010,A,PT_GDP,
4.851913,P1Y,0,,A,PU,_Z,2,,,False,WB_WDI,WB_WDI_SH_XPD_CHEX_GD_ZS,MNA,_T,_T,_T,_Z,_Z,_Z,2010,A,PT_GDP,
4.826487,P1Y,0,,A,PU,_Z,2,,,False,WB_WDI,WB_WDI_SH_XPD_CHEX_GD_ZS,TMN,_T,_T,_T,_Z,_Z,_Z,2010,A,PT_GDP,
4.942563,P1Y,0,,A,PU,_Z,2,,,False,WB_WDI,WB_WDI_SH_XPD_CHEX_GD_ZS,MIC,_T,_T,_T,_Z,_Z,_Z,2010,A,PT_GDP,
15.663821,P1Y,0,,A,PU,_Z,2,,,False,WB_WDI,WB_WDI_SH_XPD_CHEX_GD_ZS,NAC,_T,_T,_T,_Z,_Z,_Z,2010,A,PT_GDP,
11.503896,P1Y,0,,A,PU,_Z,2,,,False,WB_WDI,WB_WDI_SH_XPD_CHEX_GD_ZS,OED,_T,_T,_T,_Z,_Z,_Z,2010,A,PT_GDP,
2.2463,P1Y,0,,A,PU,_Z,2,,,False,WB_WDI,WB_WDI_SH_XPD_CHEX_GD_ZS,LAO,_T,_T,_T,_Z,_Z,_Z,2018,A,PT_GDP,
6.408543,P1Y,0,,A,PU,_Z,2,,,False,WB_WDI,WB_WDI_SH_XPD_CHEX_GD_ZS,LVA,_T,_T,_T,_Z,_Z,_Z,2018,A,PT_GDP,
8.070317,P1Y,0,,A,PU,_Z,2,,,False,WB_WDI,WB_WDI_SH_XPD_CHEX_GD_ZS,LBN,_T,_T,_T,_Z,_Z,_Z,2018,A,PT_GDP,
11.126373,P1Y,0,,A,PU,_Z,2,,,False,WB_WDI,WB_WDI_SH_XPD_CHEX_GD_ZS,LSO,_T,_T,_T,_Z,_Z,_Z,2018,A,PT_GDP,
10.435279,P1Y,0,,A,PU,_Z,2,,,False,WB_WDI,WB_WDI_SH_XPD_CHEX_GD_ZS,LBR,_T,_T,_T,_Z,_Z,_Z,2018,A,PT_GDP,
4.866484,P1Y,0,,A,PU,_Z,2,,,False,WB_WDI,WB_WDI_SH_XPD_CHEX_GD_ZS,LBY,_T,_T,_T,_Z,_Z,_Z,2018,A,PT_GDP,
5.54688,P1Y,0,,A,PU,_Z,2,,,False,WB_WDI,WB_WDI_SH_XPD_CHEX_GD_ZS,LIE,_T,_T,_T,_Z,_Z,_Z,2018,A,PT_GDP,
6.468962,P1Y,0,,A,PU,_Z,2,,,False,WB_WDI,WB_WDI_SH_XPD_CHEX_GD_ZS,LTU,_T,_T,_T,_Z,_Z,_Z,2018,A,PT_GDP,
5.273552,P1Y,0,,A,PU,_Z,2,,,False,WB_WDI,WB_WDI_SH_XPD_CHEX_GD_ZS,LUX,_T,_T,_T,_Z,_Z,_Z,2018,A,PT_GDP,
4.221604,P1Y,0,,A,PU,_Z,2,,,False,WB_WDI,WB_WDI_SH_XPD_CHEX_GD_ZS,MDG,_T,_T,_T,_Z,_Z,_Z,2018,A,PT_GDP,
6.882499,P1Y,0,,A,PU,_Z,2,,,False,WB_WDI,WB_WDI_SH_XPD_CHEX_GD_ZS,MWI,_T,_T,_T,_Z,_Z,_Z,2018,A,PT_GDP,
5.899028,P1Y,0,,A,PU,_Z,2,,,False,WB_WDI,WB_WDI_SH_XPD_CHEX_GD_ZS,IRL,_T,_T,_T,_Z,_Z,_Z,2000,A,PT_GDP,
6.594219,P1Y,0,,A,PU,_Z,2,,,False,WB_WDI,WB_WDI_SH_XPD_CHEX_GD_ZS,ISR,_T,_T,_T,_Z,_Z,_Z,2000,A,PT_GDP,
7.547012,P1Y,0,,A,PU,_Z,2,,,False,WB_WDI,WB_WDI_SH_XPD_CHEX_GD_ZS,ITA,_T,_T,_T,_Z,_Z,_Z,2000,A,PT_GDP,
5.978692,P1Y,0,,A,PU,_Z,2,,,False,WB_WDI,WB_WDI_SH_XPD_CHEX_GD_ZS,JAM,_T,_T,_T,_Z,_Z,_Z,2000,A,PT_GDP,
7.034562,P1Y,0,,A,PU,_Z,2,,,False,WB_WDI,WB_WDI_SH_XPD_CHEX_GD_ZS,JPN,_T,_T,_T,_Z,_Z,_Z,2000,A,PT_GDP,
9.343679,P1Y,0,,A,PU,_Z,2,,,False,WB_WDI,WB_WDI_SH_XPD_CHEX_GD_ZS,JOR,_T,_T,_T,_Z,_Z,_Z,2000,A,PT_GDP,
4.16032,P1Y,0,,A,PU,_Z,2,,,False,WB_WDI,WB_WDI_SH_XPD_CHEX_GD_ZS,KAZ,_T,_T,_T,_Z,_Z,_Z,2000,A,PT_GDP,
3.624514,P1Y,0,,A,PU,_Z,2,,,False,WB_WDI,WB_WDI_SH_XPD_CHEX_GD_ZS,KEN,_T,_T,_T,_Z,_Z,_Z,2000,A,PT_GDP,
7.773798,P1Y,0,,A,PU,_Z,2,,,False,WB_WDI,WB_WDI_SH_XPD_CHEX_GD_ZS,KIR,_T,_T,_T,_Z,_Z,_Z,2000,A,PT_GDP,
3.717948,P1Y,0,,A,PU,_Z,2,,,False,WB_WDI,WB_WDI_SH_XPD_CHEX_GD_ZS,KOR,_T,_T,_T,_Z,_Z,_Z,2000,A,PT_GDP,
2.20363,P1Y,0,,A,PU,_Z,2,,,False,WB_WDI,WB_WDI_SH_XPD_CHEX_GD_ZS,KWT,_T,_T,_T,_Z,_Z,_Z,2000,A,PT_GDP,
9.239036,P1Y,0,,A,PU,_Z,2,,,False,WB_WDI,WB_WDI_SH_XPD_CHEX_GD_ZS,FIN,_T,_T,_T,_Z,_Z,_Z,2011,A,PT_GDP,
11.17601,P1Y,0,,A,PU,_Z,2,,,False,WB_WDI,WB_WDI_SH_XPD_CHEX_GD_ZS,FRA,_T,_T,_T,_Z,_Z,_Z,2011,A,PT_GDP,
2.557716,P1Y,0,,A,PU,_Z,2,,,False,WB_WDI,WB_WDI_SH_XPD_CHEX_GD_ZS,GAB,_T,_T,_T,_Z,_Z,_Z,2011,A,PT_GDP,
4.369674,P1Y,0,,A,PU,_Z,2,,,False,WB_WDI,WB_WDI_SH_XPD_CHEX_GD_ZS,GMB,_T,_T,_T,_Z,_Z,_Z,2011,A,PT_GDP,
7.882243,P1Y,0,,A,PU,_Z,2,,,False,WB_WDI,WB_WDI_SH_XPD_CHEX_GD_ZS,GEO,_T,_T,_T,_Z,_Z,_Z,2011,A,PT_GDP,
10.52107,P1Y,0,,A,PU,_Z,2,,,False,WB_WDI,WB_WDI_SH_XPD_CHEX_GD_ZS,DEU,_T,_T,_T,_Z,_Z,_Z,2011,A,PT_GDP,
4.463747,P1Y,0,,A,PU,_Z,2,,,False,WB_WDI,WB_WDI_SH_XPD_CHEX_GD_ZS,GHA,_T,_T,_T,_Z,_Z,_Z,2011,A,PT_GDP,
9.18577,P1Y,0,,A,PU,_Z,2,,,False,WB_WDI,WB_WDI_SH_XPD_CHEX_GD_ZS,GRC,_T,_T,_T,_Z,_Z,_Z,2011,A,PT_GDP,
5.804234,P1Y,0,,A,PU,_Z,2,,,False,WB_WDI,WB_WDI_SH_XPD_CHEX_GD_ZS,GRD,_T,_T,_T,_Z,_Z,_Z,2011,A,PT_GDP,
10.313887,P1Y,0,,A,PU,_Z,2,,,False,WB_WDI,WB_WDI_SH_XPD_CHEX_GD_ZS,DNK,_T,_T,_T,_Z,_Z,_Z,2014,A,PT_GDP,
2.959301,P1Y,0,,A,PU,_Z,2,,,False,WB_WDI,WB_WDI_SH_XPD_CHEX_GD_ZS,DJI,_T,_T,_T,_Z,_Z,_Z,2014,A,PT_GDP,
5.261417,P1Y,0,,A,PU,_Z,2,,,False,WB_WDI,WB_WDI_SH_XPD_CHEX_GD_ZS,DMA,_T,_T,_T,_Z,_Z,_Z,2014,A,PT_GDP,
4.809429,P1Y,0,,A,PU,_Z,2,,,False,WB_WDI,WB_WDI_SH_XPD_CHEX_GD_ZS,DOM,_T,_T,_T,_Z,_Z,_Z,2014,A,PT_GDP,
6.766018,P1Y,0,,A,PU,_Z,2,,,False,WB_WDI,WB_WDI_SH_XPD_CHEX_GD_ZS,ECU,_T,_T,_T,_Z,_Z,_Z,2014,A,PT_GDP,
4.774153,P1Y,0,,A,PU,_Z,2,,,False,WB_WDI,WB_WDI_SH_XPD_CHEX_GD_ZS,EGY,_T,_T,_T,_Z,_Z,_Z,2014,A,PT_GDP,
8.598942,P1Y,0,,A,PU,_Z,2,,,False,WB_WDI,WB_WDI_SH_XPD_CHEX_GD_ZS,SLV,_T,_T,_T,_Z,_Z,_Z,2014,A,PT_GDP,
1.868559,P1Y,0,,A,PU,_Z,2,,,False,WB_WDI,WB_WDI_SH_XPD_CHEX_GD_ZS,GNQ,_T,_T,_T,_Z,_Z,_Z,2014,A,PT_GDP,
3.914324,P1Y,0,,A,PU,_Z,2,,,False,WB_WDI,WB_WDI_SH_XPD_CHEX_GD_ZS,ERI,_T,_T,_T,_Z,_Z,_Z,2014,A,PT_GDP,
6.262861,P1Y,0,,A,PU,_Z,2,,,False,WB_WDI,WB_WDI_SH_XPD_CHEX_GD_ZS,EST,_T,_T,_T,_Z,_Z,_Z,2014,A,PT_GDP,
5.874297,P1Y,0,,A,PU,_Z,2,,,False,WB_WDI,WB_WDI_SH_XPD_CHEX_GD_ZS,ALB,_T,_T,_T,_Z,_Z,_Z,2000,A,PT_GDP,
3.214854,P1Y,0,,A,PU,_Z,2,,,False,WB_WDI,WB_WDI_SH_XPD_CHEX_GD_ZS,DZA,_T,_T,_T,_Z,_Z,_Z,2000,A,PT_GDP,
5.933423,P1Y,0,,A,PU,_Z,2,,,False,WB_WDI,WB_WDI_SH_XPD_CHEX_GD_ZS,AND,_T,_T,_T,_Z,_Z,_Z,2000,A,PT_GDP,
1.685253,P1Y,0,,A,PU,_Z,2,,,False,WB_WDI,WB_WDI_SH_XPD_CHEX_GD_ZS,AGO,_T,_T,_T,_Z,_Z,_Z,2000,A,PT_GDP,
4.323927,P1Y,0,,A,PU,_Z,2,,,False,WB_WDI,WB_WDI_SH_XPD_CHEX_GD_ZS,ATG,_T,_T,_T,_Z,_Z,_Z,2000,A,PT_GDP,
8.220011,P1Y,0,,A,PU,_Z,2,,,False,WB_WDI,WB_WDI_SH_XPD_CHEX_GD_ZS,ARG,_T,_T,_T,_Z,_Z,_Z,2000,A,PT_GDP,
4.195812,P1Y,0,,A,PU,_Z,2,,,False,WB_WDI,WB_WDI_SH_XPD_CHEX_GD_ZS,ARM,_T,_T,_T,_Z,_Z,_Z,2000,A,PT_GDP,
7.588691,P1Y,0,,A,PU,_Z,2,,,False,WB_WDI,WB_WDI_SH_XPD_CHEX_GD_ZS,AUS,_T,_T,_T,_Z,_Z,_Z,2000,A,PT_GDP,
9.389345,P1Y,0,,A,PU,_Z,2,,,False,WB_WDI,WB_WDI_SH_XPD_CHEX_GD_ZS,AUT,_T,_T,_T,_Z,_Z,_Z,2000,A,PT_GDP,
2.948917,P1Y,0,,A,PU,_Z,2,,,False,WB_WDI,WB_WDI_SH_XPD_CHEX_GD_ZS,AZE,_T,_T,_T,_Z,_Z,_Z,2000,A,PT_GDP,
3.80487,P1Y,0,,A,PU,_Z,2,,,False,WB_WDI,WB_WDI_SH_XPD_CHEX_GD_ZS,BHS,_T,_T,_T,_Z,_Z,_Z,2000,A,PT_GDP,
3.200206,P1Y,0,,A,PU,_Z,2,,,False,WB_WDI,WB_WDI_SH_XPD_CHEX_GD_ZS,BHR,_T,_T,_T,_Z,_Z,_Z,2000,A,PT_GDP,
2.972982,P1Y,0,,A,PU,_Z,2,,,False,WB_WDI,WB_WDI_SH_XPD_CHEX_GD_ZS,FJI,_T,_T,_T,_Z,_Z,_Z,2003,A,PT_GDP,
7.939883,P1Y,0,,A,PU,_Z,2,,,False,WB_WDI,WB_WDI_SH_XPD_CHEX_GD_ZS,FIN,_T,_T,_T,_Z,_Z,_Z,2003,A,PT_GDP,
10.134749,P1Y,0,,A,PU,_Z,2,,,False,WB_WDI,WB_WDI_SH_XPD_CHEX_GD_ZS,FRA,_T,_T,_T,_Z,_Z,_Z,2003,A,PT_GDP,
3.536485,P1Y,0,,A,PU,_Z,2,,,False,WB_WDI,WB_WDI_SH_XPD_CHEX_GD_ZS,GAB,_T,_T,_T,_Z,_Z,_Z,2003,A,PT_GDP,
5.297091,P1Y,0,,A,PU,_Z,2,,,False,WB_WDI,WB_WDI_SH_XPD_CHEX_GD_ZS,GMB,_T,_T,_T,_Z,_Z,_Z,2003,A,PT_GDP,
8.029529,P1Y,0,,A,PU,_Z,2,,,False,WB_WDI,WB_WDI_SH_XPD_CHEX_GD_ZS,GEO,_T,_T,_T,_Z,_Z,_Z,2003,A,PT_GDP,
10.222553,P1Y,0,,A,PU,_Z,2,,,False,WB_WDI,WB_WDI_SH_XPD_CHEX_GD_ZS,DEU,_T,_T,_T,_Z,_Z,_Z,2003,A,PT_GDP,
2.149353,P1Y,0,,A,PU,_Z,2,,,False,WB_WDI,WB_WDI_SH_XPD_CHEX_GD_ZS,GHA,_T,_T,_T,_Z,_Z,_Z,2003,A,PT_GDP,
8.68254,P1Y,0,,A,PU,_Z,2,,,False,WB_WDI,WB_WDI_SH_XPD_CHEX_GD_ZS,GRC,_T,_T,_T,_Z,_Z,_Z,2003,A,PT_GDP,
5.284857,P1Y,0,,A,PU,_Z,2,,,False,WB_WDI,WB_WDI_SH_XPD_CHEX_GD_ZS,GRD,_T,_T,_T,_Z,_Z,_Z,2003,A,PT_GDP,
3.574312,P1Y,0,,A,PU,_Z,2,,,False,WB_WDI,WB_WDI_SH_XPD_CHEX_GD_ZS,SYR,_T,_T,_T,_Z,_Z,_Z,2009,A,PT_GDP,
5.855798,P1Y,0,,A,PU,_Z,2,,,False,WB_WDI,WB_WDI_SH_XPD_CHEX_GD_ZS,TJK,_T,_T,_T,_Z,_Z,_Z,2009,A,PT_GDP,
5.063064,P1Y,0,,A,PU,_Z,2,,,False,WB_WDI,WB_WDI_SH_XPD_CHEX_GD_ZS,TZA,_T,_T,_T,_Z,_Z,_Z,2009,A,PT_GDP,
3.619396,P1Y,0,,A,PU,_Z,2,,,False,WB_WDI,WB_WDI_SH_XPD_CHEX_GD_ZS,THA,_T,_T,_T,_Z,_Z,_Z,2009,A,PT_GDP,
7.309318,P1Y,0,,A,PU,_Z,2,,,False,WB_WDI,WB_WDI_SH_XPD_CHEX_GD_ZS,TLS,_T,_T,_T,_Z,_Z,_Z,2009,A,PT_GDP,
3.927268,P1Y,0,,A,PU,_Z,2,,,False,WB_WDI,WB_WDI_SH_XPD_CHEX_GD_ZS,TGO,_T,_T,_T,_Z,_Z,_Z,2009,A,PT_GDP,
3.973809,P1Y,0,,A,PU,_Z,2,,,False,WB_WDI,WB_WDI_SH_XPD_CHEX_GD_ZS,TON,_T,_T,_T,_Z,_Z,_Z,2009,A,PT_GDP,
5.486764,P1Y,0,,A,PU,_Z,2,,,False,WB_WDI,WB_WDI_SH_XPD_CHEX_GD_ZS,TTO,_T,_T,_T,_Z,_Z,_Z,2009,A,PT_GDP,
5.405953,P1Y,0,,A,PU,_Z,2,,,False,WB_WDI,WB_WDI_SH_XPD_CHEX_GD_ZS,TUN,_T,_T,_T,_Z,_Z,_Z,2009,A,PT_GDP,
5.494387,P1Y,0,,A,PU,_Z,2,,,False,WB_WDI,WB_WDI_SH_XPD_CHEX_GD_ZS,TUR,_T,_T,_T,_Z,_Z,_Z,2009,A,PT_GDP,
2.814713,P1Y,0,,A,PU,_Z,2,,,False,WB_WDI,WB_WDI_SH_XPD_CHEX_GD_ZS,TKM,_T,_T,_T,_Z,_Z,_Z,2009,A,PT_GDP,
5.774481,P1Y,0,,A,PU,_Z,2,,,False,WB_WDI,WB_WDI_SH_XPD_CHEX_GD_ZS,STP,_T,_T,_T,_Z,_Z,_Z,2022,A,PT_GDP,
5.314006,P1Y,0,,A,PU,_Z,2,,,False,WB_WDI,WB_WDI_SH_XPD_CHEX_GD_ZS,SAU,_T,_T,_T,_Z,_Z,_Z,2022,A,PT_GDP,
4.044481,P1Y,0,,A,PU,_Z,2,,,False,WB_WDI,WB_WDI_SH_XPD_CHEX_GD_ZS,SEN,_T,_T,_T,_Z,_Z,_Z,2022,A,PT_GDP,
8.583972,P1Y,0,,A,PU,_Z,2,,,False,WB_WDI,WB_WDI_SH_XPD_CHEX_GD_ZS,SRB,_T,_T,_T,_Z,_Z,_Z,2022,A,PT_GDP,
4.399097,P1Y,0,,A,PU,_Z,2,,,False,WB_WDI,WB_WDI_SH_XPD_CHEX_GD_ZS,SYC,_T,_T,_T,_Z,_Z,_Z,2022,A,PT_GDP,
4.803774,P1Y,0,,A,PU,_Z,2,,,False,WB_WDI,WB_WDI_SH_XPD_CHEX_GD_ZS,SLE,_T,_T,_T,_Z,_Z,_Z,2022,A,PT_GDP,
4.331216,P1Y,0,,A,PU,_Z,2,,,False,WB_WDI,WB_WDI_SH_XPD_CHEX_GD_ZS,SGP,_T,_T,_T,_Z,_Z,_Z,2022,A,PT_GDP,
7.702452,P1Y,0,,A,PU,_Z,2,,,False,WB_WDI,WB_WDI_SH_XPD_CHEX_GD_ZS,SVK,_T,_T,_T,_Z,_Z,_Z,2022,A,PT_GDP,
9.626833,P1Y,0,,A,PU,_Z,2,,,False,WB_WDI,WB_WDI_SH_XPD_CHEX_GD_ZS,SVN,_T,_T,_T,_Z,_Z,_Z,2022,A,PT_GDP,
4.824184,P1Y,0,,A,PU,_Z,2,,,False,WB_WDI,WB_WDI_SH_XPD_CHEX_GD_ZS,SLB,_T,_T,_T,_Z,_Z,_Z,2022,A,PT_GDP,
2.846916,P1Y,0,,A,PU,_Z,2,,,False,WB_WDI,WB_WDI_SH_XPD_CHEX_GD_ZS,SOM,_T,_T,_T,_Z,_Z,_Z,2022,A,PT_GDP,
8.745123,P1Y,0,,A,PU,_Z,2,,,False,WB_WDI,WB_WDI_SH_XPD_CHEX_GD_ZS,ZAF,_T,_T,_T,_Z,_Z,_Z,2022,A,PT_GDP,
9.617321,P1Y,0,,A,PU,_Z,2,,,False,WB_WDI,WB_WDI_SH_XPD_CHEX_GD_ZS,FIN,_T,_T,_T,_Z,_Z,_Z,2012,A,PT_GDP,
11.337495,P1Y,0,,A,PU,_Z,2,,,False,WB_WDI,WB_WDI_SH_XPD_CHEX_GD_ZS,FRA,_T,_T,_T,_Z,_Z,_Z,2012,A,PT_GDP,
2.420976,P1Y,0,,A,PU,_Z,2,,,False,WB_WDI,WB_WDI_SH_XPD_CHEX_GD_ZS,GAB,_T,_T,_T,_Z,_Z,_Z,2012,A,PT_GDP,
4.268723,P1Y,0,,A,PU,_Z,2,,,False,WB_WDI,WB_WDI_SH_XPD_CHEX_GD_ZS,GMB,_T,_T,_T,_Z,_Z,_Z,2012,A,PT_GDP,
7.95169,P1Y,0,,A,PU,_Z,2,,,False,WB_WDI,WB_WDI_SH_XPD_CHEX_GD_ZS,GEO,_T,_T,_T,_Z,_Z,_Z,2012,A,PT_GDP,
10.593562,P1Y,0,,A,PU,_Z,2,,,False,WB_WDI,WB_WDI_SH_XPD_CHEX_GD_ZS,DEU,_T,_T,_T,_Z,_Z,_Z,2012,A,PT_GDP,
3.930237,P1Y,0,,A,PU,_Z,2,,,False,WB_WDI,WB_WDI_SH_XPD_CHEX_GD_ZS,GHA,_T,_T,_T,_Z,_Z,_Z,2012,A,PT_GDP,
9.043278,P1Y,0,,A,PU,_Z,2,,,False,WB_WDI,WB_WDI_SH_XPD_CHEX_GD_ZS,GRC,_T,_T,_T,_Z,_Z,_Z,2012,A,PT_GDP,
5.822358,P1Y,0,,A,PU,_Z,2,,,False,WB_WDI,WB_WDI_SH_XPD_CHEX_GD_ZS,GRD,_T,_T,_T,_Z,_Z,_Z,2012,A,PT_GDP,
7.732124,P1Y,0,,A,PU,_Z,2,,,False,WB_WDI,WB_WDI_SH_XPD_CHEX_GD_ZS,MKD,_T,_T,_T,_Z,_Z,_Z,2020,A,PT_GDP,
11.424164,P1Y,0,,A,PU,_Z,2,,,False,WB_WDI,WB_WDI_SH_XPD_CHEX_GD_ZS,NOR,_T,_T,_T,_Z,_Z,_Z,2020,A,PT_GDP,
5.119229,P1Y,0,,A,PU,_Z,2,,,False,WB_WDI,WB_WDI_SH_XPD_CHEX_GD_ZS,OMN,_T,_T,_T,_Z,_Z,_Z,2020,A,PT_GDP,
2.95273,P1Y,0,,A,PU,_Z,2,,,False,WB_WDI,WB_WDI_SH_XPD_CHEX_GD_ZS,PAK,_T,_T,_T,_Z,_Z,_Z,2020,A,PT_GDP,
13.315411,P1Y,0,,A,PU,_Z,2,,,False,WB_WDI,WB_WDI_SH_XPD_CHEX_GD_ZS,PLW,_T,_T,_T,_Z,_Z,_Z,2020,A,PT_GDP,
10.2163,P1Y,0,,A,PU,_Z,2,,,False,WB_WDI,WB_WDI_SH_XPD_CHEX_GD_ZS,PAN,_T,_T,_T,_Z,_Z,_Z,2020,A,PT_GDP,
2.30194,P1Y,0,,A,PU,_Z,2,,,False,WB_WDI,WB_WDI_SH_XPD_CHEX_GD_ZS,PNG,_T,_T,_T,_Z,_Z,_Z,2020,A,PT_GDP,
7.675331,P1Y,0,,A,PU,_Z,2,,,False,WB_WDI,WB_WDI_SH_XPD_CHEX_GD_ZS,PRY,_T,_T,_T,_Z,_Z,_Z,2020,A,PT_GDP,
6.347394,P1Y,0,,A,PU,_Z,2,,,False,WB_WDI,WB_WDI_SH_XPD_CHEX_GD_ZS,PER,_T,_T,_T,_Z,_Z,_Z,2020,A,PT_GDP,
5.16214,P1Y,0,,A,PU,_Z,2,,,False,WB_WDI,WB_WDI_SH_XPD_CHEX_GD_ZS,PHL,_T,_T,_T,_Z,_Z,_Z,2020,A,PT_GDP,
6.427391,P1Y,0,,A,PU,_Z,2,,,False,WB_WDI,WB_WDI_SH_XPD_CHEX_GD_ZS,POL,_T,_T,_T,_Z,_Z,_Z,2020,A,PT_GDP,
7.480132,P1Y,0,,A,PU,_Z,2,,,False,WB_WDI,WB_WDI_SH_XPD_CHEX_GD_ZS,SVK,_T,_T,_T,_Z,_Z,_Z,2013,A,PT_GDP,
8.840439,P1Y,0,,A,PU,_Z,2,,,False,WB_WDI,WB_WDI_SH_XPD_CHEX_GD_ZS,SVN,_T,_T,_T,_Z,_Z,_Z,2013,A,PT_GDP,
4.580309,P1Y,0,,A,PU,_Z,2,,,False,WB_WDI,WB_WDI_SH_XPD_CHEX_GD_ZS,SLB,_T,_T,_T,_Z,_Z,_Z,2013,A,PT_GDP,
3.369537,P1Y,0,,A,PU,_Z,2,,,False,WB_WDI,WB_WDI_SH_XPD_CHEX_GD_ZS,SOM,_T,_T,_T,_Z,_Z,_Z,2013,A,PT_GDP,
8.103223,P1Y,0,,A,PU,_Z,2,,,False,WB_WDI,WB_WDI_SH_XPD_CHEX_GD_ZS,ZAF,_T,_T,_T,_Z,_Z,_Z,2013,A,PT_GDP,
9.13715,P1Y,0,,A,PU,_Z,2,,,False,WB_WDI,WB_WDI_SH_XPD_CHEX_GD_ZS,ESP,_T,_T,_T,_Z,_Z,_Z,2013,A,PT_GDP,
3.693654,P1Y,0,,A,PU,_Z,2,,,False,WB_WDI,WB_WDI_SH_XPD_CHEX_GD_ZS,LKA,_T,_T,_T,_Z,_Z,_Z,2013,A,PT_GDP,
5.051678,P1Y,0,,A,PU,_Z,2,,,False,WB_WDI,WB_WDI_SH_XPD_CHEX_GD_ZS,KNA,_T,_T,_T,_Z,_Z,_Z,2013,A,PT_GDP,
5.071076,P1Y,0,,A,PU,_Z,2,,,False,WB_WDI,WB_WDI_SH_XPD_CHEX_GD_ZS,LCA,_T,_T,_T,_Z,_Z,_Z,2013,A,PT_GDP,
4.237806,P1Y,0,,A,PU,_Z,2,,,False,WB_WDI,WB_WDI_SH_XPD_CHEX_GD_ZS,VCT,_T,_T,_T,_Z,_Z,_Z,2013,A,PT_GDP,
7.060813,P1Y,0,,A,PU,_Z,2,,,False,WB_WDI,WB_WDI_SH_XPD_CHEX_GD_ZS,SVK,_T,_T,_T,_Z,_Z,_Z,2016,A,PT_GDP,
8.569119,P1Y,0,,A,PU,_Z,2,,,False,WB_WDI,WB_WDI_SH_XPD_CHEX_GD_ZS,SVN,_T,_T,_T,_Z,_Z,_Z,2016,A,PT_GDP,
4.529529,P1Y,0,,A,PU,_Z,2,,,False,WB_WDI,WB_WDI_SH_XPD_CHEX_GD_ZS,SLB,_T,_T,_T,_Z,_Z,_Z,2016,A,PT_GDP,
2.284265,P1Y,0,,A,PU,_Z,2,,,False,WB_WDI,WB_WDI_SH_XPD_CHEX_GD_ZS,SOM,_T,_T,_T,_Z,_Z,_Z,2016,A,PT_GDP,
8.079594,P1Y,0,,A,PU,_Z,2,,,False,WB_WDI,WB_WDI_SH_XPD_CHEX_GD_ZS,ZAF,_T,_T,_T,_Z,_Z,_Z,2016,A,PT_GDP,
8.88085,P1Y,0,,A,PU,_Z,2,,,False,WB_WDI,WB_WDI_SH_XPD_CHEX_GD_ZS,ESP,_T,_T,_T,_Z,_Z,_Z,2016,A,PT_GDP,
3.617884,P1Y,0,,A,PU,_Z,2,,,False,WB_WDI,WB_WDI_SH_XPD_CHEX_GD_ZS,LKA,_T,_T,_T,_Z,_Z,_Z,2016,A,PT_GDP,
5.429233,P1Y,0,,A,PU,_Z,2,,,False,WB_WDI,WB_WDI_SH_XPD_CHEX_GD_ZS,KNA,_T,_T,_T,_Z,_Z,_Z,2016,A,PT_GDP,
4.510955,P1Y,0,,A,PU,_Z,2,,,False,WB_WDI,WB_WDI_SH_XPD_CHEX_GD_ZS,LCA,_T,_T,_T,_Z,_Z,_Z,2016,A,PT_GDP,
4.097601,P1Y,0,,A,PU,_Z,2,,,False,WB_WDI,WB_WDI_SH_XPD_CHEX_GD_ZS,VCT,_T,_T,_T,_Z,_Z,_Z,2016,A,PT_GDP,
5.684385,P1Y,0,,A,PU,_Z,2,,,False,WB_WDI,WB_WDI_SH_XPD_CHEX_GD_ZS,SDN,_T,_T,_T,_Z,_Z,_Z,2016,A,PT_GDP,
4.735346,P1Y,0,,A,PU,_Z,2,,,False,WB_WDI,WB_WDI_SH_XPD_CHEX_GD_ZS,DOM,_T,_T,_T,_Z,_Z,_Z,2015,A,PT_GDP,
7.76786,P1Y,0,,A,PU,_Z,2,,,False,WB_WDI,WB_WDI_SH_XPD_CHEX_GD_ZS,ECU,_T,_T,_T,_Z,_Z,_Z,2015,A,PT_GDP,
5.061532,P1Y,0,,A,PU,_Z,2,,,False,WB_WDI,WB_WDI_SH_XPD_CHEX_GD_ZS,EGY,_T,_T,_T,_Z,_Z,_Z,2015,A,PT_GDP,
8.758332,P1Y,0,,A,PU,_Z,2,,,False,WB_WDI,WB_WDI_SH_XPD_CHEX_GD_ZS,SLV,_T,_T,_T,_Z,_Z,_Z,2015,A,PT_GDP,
2.456934,P1Y,0,,A,PU,_Z,2,,,False,WB_WDI,WB_WDI_SH_XPD_CHEX_GD_ZS,GNQ,_T,_T,_T,_Z,_Z,_Z,2015,A,PT_GDP,
4.507768,P1Y,0,,A,PU,_Z,2,,,False,WB_WDI,WB_WDI_SH_XPD_CHEX_GD_ZS,ERI,_T,_T,_T,_Z,_Z,_Z,2015,A,PT_GDP,
6.521387,P1Y,0,,A,PU,_Z,2,,,False,WB_WDI,WB_WDI_SH_XPD_CHEX_GD_ZS,EST,_T,_T,_T,_Z,_Z,_Z,2015,A,PT_GDP,
7.058553,P1Y,0,,A,PU,_Z,2,,,False,WB_WDI,WB_WDI_SH_XPD_CHEX_GD_ZS,SWZ,_T,_T,_T,_Z,_Z,_Z,2015,A,PT_GDP,
3.823168,P1Y,0,,A,PU,_Z,2,,,False,WB_WDI,WB_WDI_SH_XPD_CHEX_GD_ZS,ETH,_T,_T,_T,_Z,_Z,_Z,2015,A,PT_GDP,
3.324689,P1Y,0,,A,PU,_Z,2,,,False,WB_WDI,WB_WDI_SH_XPD_CHEX_GD_ZS,FJI,_T,_T,_T,_Z,_Z,_Z,2015,A,PT_GDP,
3.639056,P1Y,0,,A,PU,_Z,2,,,False,WB_WDI,WB_WDI_SH_XPD_CHEX_GD_ZS,DJI,_T,_T,_T,_Z,_Z,_Z,2009,A,PT_GDP,
4.983293,P1Y,0,,A,PU,_Z,2,,,False,WB_WDI,WB_WDI_SH_XPD_CHEX_GD_ZS,DMA,_T,_T,_T,_Z,_Z,_Z,2009,A,PT_GDP,
4.767062,P1Y,0,,A,PU,_Z,2,,,False,WB_WDI,WB_WDI_SH_XPD_CHEX_GD_ZS,DOM,_T,_T,_T,_Z,_Z,_Z,2009,A,PT_GDP,
6.033885,P1Y,0,,A,PU,_Z,2,,,False,WB_WDI,WB_WDI_SH_XPD_CHEX_GD_ZS,ECU,_T,_T,_T,_Z,_Z,_Z,2009,A,PT_GDP,
4.378709,P1Y,0,,A,PU,_Z,2,,,False,WB_WDI,WB_WDI_SH_XPD_CHEX_GD_ZS,EGY,_T,_T,_T,_Z,_Z,_Z,2009,A,PT_GDP,
8.837497,P1Y,0,,A,PU,_Z,2,,,False,WB_WDI,WB_WDI_SH_XPD_CHEX_GD_ZS,SLV,_T,_T,_T,_Z,_Z,_Z,2009,A,PT_GDP,
1.873899,P1Y,0,,A,PU,_Z,2,,,False,WB_WDI,WB_WDI_SH_XPD_CHEX_GD_ZS,GNQ,_T,_T,_T,_Z,_Z,_Z,2009,A,PT_GDP,
5.423432,P1Y,0,,A,PU,_Z,2,,,False,WB_WDI,WB_WDI_SH_XPD_CHEX_GD_ZS,ERI,_T,_T,_T,_Z,_Z,_Z,2009,A,PT_GDP,
6.844438,P1Y,0,,A,PU,_Z,2,,,False,WB_WDI,WB_WDI_SH_XPD_CHEX_GD_ZS,EST,_T,_T,_T,_Z,_Z,_Z,2009,A,PT_GDP,
8.632922,P1Y,0,,A,PU,_Z,2,,,False,WB_WDI,WB_WDI_SH_XPD_CHEX_GD_ZS,SWZ,_T,_T,_T,_Z,_Z,_Z,2009,A,PT_GDP,
4.649656,P1Y,0,,A,PU,_Z,2,,,False,WB_WDI,WB_WDI_SH_XPD_CHEX_GD_ZS,ETH,_T,_T,_T,_Z,_Z,_Z,2009,A,PT_GDP,
1.934171,P1Y,0,,A,PU,_Z,2,,,False,WB_WDI,WB_WDI_SH_XPD_CHEX_GD_ZS,BGD,_T,_T,_T,_Z,_Z,_Z,2002,A,PT_GDP,
5.413386,P1Y,0,,A,PU,_Z,2,,,False,WB_WDI,WB_WDI_SH_XPD_CHEX_GD_ZS,BRB,_T,_T,_T,_Z,_Z,_Z,2002,A,PT_GDP,
5.624042,P1Y,0,,A,PU,_Z,2,,,False,WB_WDI,WB_WDI_SH_XPD_CHEX_GD_ZS,BLR,_T,_T,_T,_Z,_Z,_Z,2002,A,PT_GDP,
8.318211,P1Y,0,,A,PU,_Z,2,,,False,WB_WDI,WB_WDI_SH_XPD_CHEX_GD_ZS,BEL,_T,_T,_T,_Z,_Z,_Z,2002,A,PT_GDP,
3.555062,P1Y,0,,A,PU,_Z,2,,,False,WB_WDI,WB_WDI_SH_XPD_CHEX_GD_ZS,BLZ,_T,_T,_T,_Z,_Z,_Z,2002,A,PT_GDP,
3.095892,P1Y,0,,A,PU,_Z,2,,,False,WB_WDI,WB_WDI_SH_XPD_CHEX_GD_ZS,BEN,_T,_T,_T,_Z,_Z,_Z,2002,A,PT_GDP,
3.951611,P1Y,0,,A,PU,_Z,2,,,False,WB_WDI,WB_WDI_SH_XPD_CHEX_GD_ZS,BTN,_T,_T,_T,_Z,_Z,_Z,2002,A,PT_GDP,
4.896451,P1Y,0,,A,PU,_Z,2,,,False,WB_WDI,WB_WDI_SH_XPD_CHEX_GD_ZS,BOL,_T,_T,_T,_Z,_Z,_Z,2002,A,PT_GDP,
7.399343,P1Y,0,,A,PU,_Z,2,,,False,WB_WDI,WB_WDI_SH_XPD_CHEX_GD_ZS,BIH,_T,_T,_T,_Z,_Z,_Z,2002,A,PT_GDP,
6.665298,P1Y,0,,A,PU,_Z,2,,,False,WB_WDI,WB_WDI_SH_XPD_CHEX_GD_ZS,BWA,_T,_T,_T,_Z,_Z,_Z,2002,A,PT_GDP,
8.69687,P1Y,0,,A,PU,_Z,2,,,False,WB_WDI,WB_WDI_SH_XPD_CHEX_GD_ZS,BRA,_T,_T,_T,_Z,_Z,_Z,2002,A,PT_GDP,
2.534479,P1Y,0,,A,PU,_Z,2,,,False,WB_WDI,WB_WDI_SH_XPD_CHEX_GD_ZS,BRN,_T,_T,_T,_Z,_Z,_Z,2002,A,PT_GDP,
4.127133,P1Y,0,,A,PU,_Z,2,,,False,WB_WDI,WB_WDI_SH_XPD_CHEX_GD_ZS,SYR,_T,_T,_T,_Z,_Z,_Z,2005,A,PT_GDP,
5.210247,P1Y,0,,A,PU,_Z,2,,,False,WB_WDI,WB_WDI_SH_XPD_CHEX_GD_ZS,TJK,_T,_T,_T,_Z,_Z,_Z,2005,A,PT_GDP,
6.322825,P1Y,0,,A,PU,_Z,2,,,False,WB_WDI,WB_WDI_SH_XPD_CHEX_GD_ZS,TZA,_T,_T,_T,_Z,_Z,_Z,2005,A,PT_GDP,
3.159722,P1Y,0,,A,PU,_Z,2,,,False,WB_WDI,WB_WDI_SH_XPD_CHEX_GD_ZS,THA,_T,_T,_T,_Z,_Z,_Z,2005,A,PT_GDP,
5.280447,P1Y,0,,A,PU,_Z,2,,,False,WB_WDI,WB_WDI_SH_XPD_CHEX_GD_ZS,TLS,_T,_T,_T,_Z,_Z,_Z,2005,A,PT_GDP,
3.98242,P1Y,0,,A,PU,_Z,2,,,False,WB_WDI,WB_WDI_SH_XPD_CHEX_GD_ZS,TGO,_T,_T,_T,_Z,_Z,_Z,2005,A,PT_GDP,
4.385602,P1Y,0,,A,PU,_Z,2,,,False,WB_WDI,WB_WDI_SH_XPD_CHEX_GD_ZS,TON,_T,_T,_T,_Z,_Z,_Z,2005,A,PT_GDP,
4.434512,P1Y,0,,A,PU,_Z,2,,,False,WB_WDI,WB_WDI_SH_XPD_CHEX_GD_ZS,TTO,_T,_T,_T,_Z,_Z,_Z,2005,A,PT_GDP,
5.145558,P1Y,0,,A,PU,_Z,2,,,False,WB_WDI,WB_WDI_SH_XPD_CHEX_GD_ZS,TUN,_T,_T,_T,_Z,_Z,_Z,2005,A,PT_GDP,
4.893897,P1Y,0,,A,PU,_Z,2,,,False,WB_WDI,WB_WDI_SH_XPD_CHEX_GD_ZS,TUR,_T,_T,_T,_Z,_Z,_Z,2005,A,PT_GDP,
5.588868,P1Y,0,,A,PU,_Z,2,,,False,WB_WDI,WB_WDI_SH_XPD_CHEX_GD_ZS,TKM,_T,_T,_T,_Z,_Z,_Z,2005,A,PT_GDP,
10.066943,P1Y,0,,A,PU,_Z,2,,,False,WB_WDI,WB_WDI_SH_XPD_CHEX_GD_ZS,TUV,_T,_T,_T,_Z,_Z,_Z,2005,A,PT_GDP,
7.230515,P1Y,0,,A,PU,_Z,2,,,False,WB_WDI,WB_WDI_SH_XPD_CHEX_GD_ZS,HUN,_T,_T,_T,_Z,_Z,_Z,2020,A,PT_GDP,
9.649089,P1Y,0,,A,PU,_Z,2,,,False,WB_WDI,WB_WDI_SH_XPD_CHEX_GD_ZS,ISL,_T,_T,_T,_Z,_Z,_Z,2020,A,PT_GDP,
3.341461,P1Y,0,,A,PU,_Z,2,,,False,WB_WDI,WB_WDI_SH_XPD_CHEX_GD_ZS,IND,_T,_T,_T,_Z,_Z,_Z,2020,A,PT_GDP,
3.420673,P1Y,0,,A,PU,_Z,2,,,False,WB_WDI,WB_WDI_SH_XPD_CHEX_GD_ZS,IDN,_T,_T,_T,_Z,_Z,_Z,2020,A,PT_GDP,
4.960981,P1Y,0,,A,PU,_Z,2,,,False,WB_WDI,WB_WDI_SH_XPD_CHEX_GD_ZS,IRN,_T,_T,_T,_Z,_Z,_Z,2020,A,PT_GDP,
5.727662,P1Y,0,,A,PU,_Z,2,,,False,WB_WDI,WB_WDI_SH_XPD_CHEX_GD_ZS,IRQ,_T,_T,_T,_Z,_Z,_Z,2020,A,PT_GDP,
6.973233,P1Y,0,,A,PU,_Z,2,,,False,WB_WDI,WB_WDI_SH_XPD_CHEX_GD_ZS,IRL,_T,_T,_T,_Z,_Z,_Z,2020,A,PT_GDP,
7.748019,P1Y,0,,A,PU,_Z,2,,,False,WB_WDI,WB_WDI_SH_XPD_CHEX_GD_ZS,ISR,_T,_T,_T,_Z,_Z,_Z,2020,A,PT_GDP,
9.564303,P1Y,0,,A,PU,_Z,2,,,False,WB_WDI,WB_WDI_SH_XPD_CHEX_GD_ZS,ITA,_T,_T,_T,_Z,_Z,_Z,2020,A,PT_GDP,
7.475553,P1Y,0,,A,PU,_Z,2,,,False,WB_WDI,WB_WDI_SH_XPD_CHEX_GD_ZS,JAM,_T,_T,_T,_Z,_Z,_Z,2020,A,PT_GDP,
4.436963,P1Y,0,,A,PU,_Z,2,,,True,WB_WDI,WB_WDI_SH_XPD_CHEX_GD_ZS,VCT,_T,_T,_T,_Z,_Z,_Z,2023,A,PT_GDP,
2.851657,P1Y,0,,A,PU,_Z,2,,,True,WB_WDI,WB_WDI_SH_XPD_CHEX_GD_ZS,SDN,_T,_T,_T,_Z,_Z,_Z,2023,A,PT_GDP,
5.40666,P1Y,0,,A,PU,_Z,2,,,True,WB_WDI,WB_WDI_SH_XPD_CHEX_GD_ZS,SUR,_T,_T,_T,_Z,_Z,_Z,2023,A,PT_GDP,
11.152915,P1Y,0,,A,PU,_Z,2,,,False,WB_WDI,WB_WDI_SH_XPD_CHEX_GD_ZS,SWE,_T,_T,_T,_Z,_Z,_Z,2023,A,PT_GDP,
11.690961,P1Y,0,,A,PU,_Z,2,,,True,WB_WDI,WB_WDI_SH_XPD_CHEX_GD_ZS,CHE,_T,_T,_T,_Z,_Z,_Z,2023,A,PT_GDP,
2.709988,P1Y,0,,A,PU,_Z,2,,,True,WB_WDI,WB_WDI_SH_XPD_CHEX_GD_ZS,SYR,_T,_T,_T,_Z,_Z,_Z,2023,A,PT_GDP,
7.437899,P1Y,0,,A,PU,_Z,2,,,True,WB_WDI,WB_WDI_SH_XPD_CHEX_GD_ZS,TJK,_T,_T,_T,_Z,_Z,_Z,2023,A,PT_GDP,
3.052012,P1Y,0,,A,PU,_Z,2,,,True,WB_WDI,WB_WDI_SH_XPD_CHEX_GD_ZS,TZA,_T,_T,_T,_Z,_Z,_Z,2023,A,PT_GDP,
4.537877,P1Y,0,,A,PU,_Z,2,,,True,WB_WDI,WB_WDI_SH_XPD_CHEX_GD_ZS,THA,_T,_T,_T,_Z,_Z,_Z,2023,A,PT_GDP,
9.597795,P1Y,0,,A,PU,_Z,2,,,True,WB_WDI,WB_WDI_SH_XPD_CHEX_GD_ZS,TLS,_T,_T,_T,_Z,_Z,_Z,2023,A,PT_GDP,
6.108295,P1Y,0,,A,PU,_Z,2,,,True,WB_WDI,WB_WDI_SH_XPD_CHEX_GD_ZS,TGO,_T,_T,_T,_Z,_Z,_Z,2023,A,PT_GDP,
7.360378,P1Y,0,,A,PU,_Z,2,,,True,WB_WDI,WB_WDI_SH_XPD_CHEX_GD_ZS,TON,_T,_T,_T,_Z,_Z,_Z,2023,A,PT_GDP,
7.525686,P1Y,0,,A,PU,_Z,2,,,True,WB_WDI,WB_WDI_SH_XPD_CHEX_GD_ZS,TTO,_T,_T,_T,_Z,_Z,_Z,2023,A,PT_GDP,
6.357564,P1Y,0,,A,PU,_Z,2,,,False,WB_WDI,WB_WDI_SH_XPD_CHEX_GD_ZS,NIC,_T,_T,_T,_Z,_Z,_Z,2006,A,PT_GDP,
5.993356,P1Y,0,,A,PU,_Z,2,,,False,WB_WDI,WB_WDI_SH_XPD_CHEX_GD_ZS,NER,_T,_T,_T,_Z,_Z,_Z,2006,A,PT_GDP,
4.257751,P1Y,0,,A,PU,_Z,2,,,False,WB_WDI,WB_WDI_SH_XPD_CHEX_GD_ZS,NGA,_T,_T,_T,_Z,_Z,_Z,2006,A,PT_GDP,
7.383146,P1Y,0,,A,PU,_Z,2,,,False,WB_WDI,WB_WDI_SH_XPD_CHEX_GD_ZS,MKD,_T,_T,_T,_Z,_Z,_Z,2006,A,PT_GDP,
7.8823,P1Y,0,,A,PU,_Z,2,,,False,WB_WDI,WB_WDI_SH_XPD_CHEX_GD_ZS,NOR,_T,_T,_T,_Z,_Z,_Z,2006,A,PT_GDP,
2.019851,P1Y,0,,A,PU,_Z,2,,,False,WB_WDI,WB_WDI_SH_XPD_CHEX_GD_ZS,OMN,_T,_T,_T,_Z,_Z,_Z,2006,A,PT_GDP,
2.731325,P1Y,0,,A,PU,_Z,2,,,False,WB_WDI,WB_WDI_SH_XPD_CHEX_GD_ZS,PAK,_T,_T,_T,_Z,_Z,_Z,2006,A,PT_GDP,
8.739992,P1Y,0,,A,PU,_Z,2,,,False,WB_WDI,WB_WDI_SH_XPD_CHEX_GD_ZS,PLW,_T,_T,_T,_Z,_Z,_Z,2006,A,PT_GDP,
6.546049,P1Y,0,,A,PU,_Z,2,,,False,WB_WDI,WB_WDI_SH_XPD_CHEX_GD_ZS,PAN,_T,_T,_T,_Z,_Z,_Z,2006,A,PT_GDP,
2.426003,P1Y,0,,A,PU,_Z,2,,,False,WB_WDI,WB_WDI_SH_XPD_CHEX_GD_ZS,PNG,_T,_T,_T,_Z,_Z,_Z,2006,A,PT_GDP,
5.019276,P1Y,0,,A,PU,_Z,2,,,False,WB_WDI,WB_WDI_SH_XPD_CHEX_GD_ZS,PRY,_T,_T,_T,_Z,_Z,_Z,2006,A,PT_GDP,
5.805163,P1Y,0,,A,PU,_Z,2,,,False,WB_WDI,WB_WDI_SH_XPD_CHEX_GD_ZS,UGA,_T,_T,_T,_Z,_Z,_Z,2005,A,PT_GDP,
6.346159,P1Y,0,,A,PU,_Z,2,,,False,WB_WDI,WB_WDI_SH_XPD_CHEX_GD_ZS,UKR,_T,_T,_T,_Z,_Z,_Z,2005,A,PT_GDP,
2.320211,P1Y,0,,A,PU,_Z,2,,,False,WB_WDI,WB_WDI_SH_XPD_CHEX_GD_ZS,ARE,_T,_T,_T,_Z,_Z,_Z,2005,A,PT_GDP,
8.381083,P1Y,0,,A,PU,_Z,2,,,False,WB_WDI,WB_WDI_SH_XPD_CHEX_GD_ZS,GBR,_T,_T,_T,_Z,_Z,_Z,2005,A,PT_GDP,
14.579462,P1Y,0,,A,PU,_Z,2,,,False,WB_WDI,WB_WDI_SH_XPD_CHEX_GD_ZS,USA,_T,_T,_T,_Z,_Z,_Z,2005,A,PT_GDP,
7.723905,P1Y,0,,A,PU,_Z,2,,,False,WB_WDI,WB_WDI_SH_XPD_CHEX_GD_ZS,URY,_T,_T,_T,_Z,_Z,_Z,2005,A,PT_GDP,
4.781991,P1Y,0,,A,PU,_Z,2,,,False,WB_WDI,WB_WDI_SH_XPD_CHEX_GD_ZS,UZB,_T,_T,_T,_Z,_Z,_Z,2005,A,PT_GDP,
3.304904,P1Y,0,,A,PU,_Z,2,,,False,WB_WDI,WB_WDI_SH_XPD_CHEX_GD_ZS,VUT,_T,_T,_T,_Z,_Z,_Z,2005,A,PT_GDP,
4.318213,P1Y,0,,A,PU,_Z,2,,,False,WB_WDI,WB_WDI_SH_XPD_CHEX_GD_ZS,VNM,_T,_T,_T,_Z,_Z,_Z,2005,A,PT_GDP,
10.995571,P1Y,0,,A,PU,_Z,2,,,False,WB_WDI,WB_WDI_SH_XPD_CHEX_GD_ZS,PSE,_T,_T,_T,_Z,_Z,_Z,2005,A,PT_GDP,
5.598027,P1Y,0,,A,PU,_Z,2,,,False,WB_WDI,WB_WDI_SH_XPD_CHEX_GD_ZS,ALB,_T,_T,_T,_Z,_Z,_Z,2002,A,PT_GDP,
3.441696,P1Y,0,,A,PU,_Z,2,,,False,WB_WDI,WB_WDI_SH_XPD_CHEX_GD_ZS,DZA,_T,_T,_T,_Z,_Z,_Z,2002,A,PT_GDP,
5.996212,P1Y,0,,A,PU,_Z,2,,,False,WB_WDI,WB_WDI_SH_XPD_CHEX_GD_ZS,AND,_T,_T,_T,_Z,_Z,_Z,2002,A,PT_GDP,
2.939822,P1Y,0,,A,PU,_Z,2,,,False,WB_WDI,WB_WDI_SH_XPD_CHEX_GD_ZS,AGO,_T,_T,_T,_Z,_Z,_Z,2002,A,PT_GDP,
4.795123,P1Y,0,,A,PU,_Z,2,,,False,WB_WDI,WB_WDI_SH_XPD_CHEX_GD_ZS,ATG,_T,_T,_T,_Z,_Z,_Z,2002,A,PT_GDP,
7.332031,P1Y,0,,A,PU,_Z,2,,,False,WB_WDI,WB_WDI_SH_XPD_CHEX_GD_ZS,ARG,_T,_T,_T,_Z,_Z,_Z,2002,A,PT_GDP,
7.613588,P1Y,0,,A,PU,_Z,2,,,False,WB_WDI,WB_WDI_SH_XPD_CHEX_GD_ZS,ARM,_T,_T,_T,_Z,_Z,_Z,2002,A,PT_GDP,
7.87221,P1Y,0,,A,PU,_Z,2,,,False,WB_WDI,WB_WDI_SH_XPD_CHEX_GD_ZS,AUS,_T,_T,_T,_Z,_Z,_Z,2002,A,PT_GDP,
9.591399,P1Y,0,,A,PU,_Z,2,,,False,WB_WDI,WB_WDI_SH_XPD_CHEX_GD_ZS,AUT,_T,_T,_T,_Z,_Z,_Z,2002,A,PT_GDP,
2.730973,P1Y,0,,A,PU,_Z,2,,,False,WB_WDI,WB_WDI_SH_XPD_CHEX_GD_ZS,AZE,_T,_T,_T,_Z,_Z,_Z,2002,A,PT_GDP,
3.812519,P1Y,0,,A,PU,_Z,2,,,False,WB_WDI,WB_WDI_SH_XPD_CHEX_GD_ZS,BHS,_T,_T,_T,_Z,_Z,_Z,2002,A,PT_GDP,
3.528971,P1Y,0,,A,PU,_Z,2,,,False,WB_WDI,WB_WDI_SH_XPD_CHEX_GD_ZS,BHR,_T,_T,_T,_Z,_Z,_Z,2002,A,PT_GDP,
3.334723,P1Y,0,,A,PU,_Z,2,,,False,WB_WDI,WB_WDI_SH_XPD_CHEX_GD_ZS,THA,_T,_T,_T,_Z,_Z,_Z,2002,A,PT_GDP,
3.445024,P1Y,0,,A,PU,_Z,2,,,False,WB_WDI,WB_WDI_SH_XPD_CHEX_GD_ZS,TGO,_T,_T,_T,_Z,_Z,_Z,2002,A,PT_GDP,
3.589577,P1Y,0,,A,PU,_Z,2,,,False,WB_WDI,WB_WDI_SH_XPD_CHEX_GD_ZS,TON,_T,_T,_T,_Z,_Z,_Z,2002,A,PT_GDP,
4.723025,P1Y,0,,A,PU,_Z,2,,,False,WB_WDI,WB_WDI_SH_XPD_CHEX_GD_ZS,TTO,_T,_T,_T,_Z,_Z,_Z,2002,A,PT_GDP,
5.120364,P1Y,0,,A,PU,_Z,2,,,False,WB_WDI,WB_WDI_SH_XPD_CHEX_GD_ZS,TUN,_T,_T,_T,_Z,_Z,_Z,2002,A,PT_GDP,
5.062279,P1Y,0,,A,PU,_Z,2,,,False,WB_WDI,WB_WDI_SH_XPD_CHEX_GD_ZS,TUR,_T,_T,_T,_Z,_Z,_Z,2002,A,PT_GDP,
4.106967,P1Y,0,,A,PU,_Z,2,,,False,WB_WDI,WB_WDI_SH_XPD_CHEX_GD_ZS,TKM,_T,_T,_T,_Z,_Z,_Z,2002,A,PT_GDP,
11.836918,P1Y,0,,A,PU,_Z,2,,,False,WB_WDI,WB_WDI_SH_XPD_CHEX_GD_ZS,TUV,_T,_T,_T,_Z,_Z,_Z,2002,A,PT_GDP,
4.771369,P1Y,0,,A,PU,_Z,2,,,False,WB_WDI,WB_WDI_SH_XPD_CHEX_GD_ZS,UGA,_T,_T,_T,_Z,_Z,_Z,2002,A,PT_GDP,
5.9922,P1Y,0,,A,PU,_Z,2,,,False,WB_WDI,WB_WDI_SH_XPD_CHEX_GD_ZS,UKR,_T,_T,_T,_Z,_Z,_Z,2002,A,PT_GDP,
2.717709,P1Y,0,,A,PU,_Z,2,,,False,WB_WDI,WB_WDI_SH_XPD_CHEX_GD_ZS,ARE,_T,_T,_T,_Z,_Z,_Z,2002,A,PT_GDP,
7.859468,P1Y,0,,A,PU,_Z,2,,,False,WB_WDI,WB_WDI_SH_XPD_CHEX_GD_ZS,GBR,_T,_T,_T,_Z,_Z,_Z,2002,A,PT_GDP,
8.202748,P1Y,0,,A,PU,_Z,2,,,True,WB_WDI,WB_WDI_SH_XPD_CHEX_GD_ZS,UKR,_T,_T,_T,_Z,_Z,_Z,2021,A,PT_GDP,
5.304943,P1Y,0,,A,PU,_Z,2,,,False,WB_WDI,WB_WDI_SH_XPD_CHEX_GD_ZS,ARE,_T,_T,_T,_Z,_Z,_Z,2021,A,PT_GDP,
12.083473,P1Y,0,,A,PU,_Z,2,,,False,WB_WDI,WB_WDI_SH_XPD_CHEX_GD_ZS,GBR,_T,_T,_T,_Z,_Z,_Z,2021,A,PT_GDP,
17.352077,P1Y,0,,A,PU,_Z,2,,,False,WB_WDI,WB_WDI_SH_XPD_CHEX_GD_ZS,USA,_T,_T,_T,_Z,_Z,_Z,2021,A,PT_GDP,
8.919555,P1Y,0,,A,PU,_Z,2,,,False,WB_WDI,WB_WDI_SH_XPD_CHEX_GD_ZS,URY,_T,_T,_T,_Z,_Z,_Z,2021,A,PT_GDP,
6.927426,P1Y,0,,A,PU,_Z,2,,,False,WB_WDI,WB_WDI_SH_XPD_CHEX_GD_ZS,UZB,_T,_T,_T,_Z,_Z,_Z,2021,A,PT_GDP,
4.588281,P1Y,0,,A,PU,_Z,2,,,False,WB_WDI,WB_WDI_SH_XPD_CHEX_GD_ZS,VUT,_T,_T,_T,_Z,_Z,_Z,2021,A,PT_GDP,
4.102219,P1Y,0,,A,PU,_Z,2,,,False,WB_WDI,WB_WDI_SH_XPD_CHEX_GD_ZS,VEN,_T,_T,_T,_Z,_Z,_Z,2021,A,PT_GDP,
4.537924,P1Y,0,,A,PU,_Z,2,,,False,WB_WDI,WB_WDI_SH_XPD_CHEX_GD_ZS,VNM,_T,_T,_T,_Z,_Z,_Z,2021,A,PT_GDP,
10.434735,P1Y,0,,A,PU,_Z,2,,,False,WB_WDI,WB_WDI_SH_XPD_CHEX_GD_ZS,PSE,_T,_T,_T,_Z,_Z,_Z,2021,A,PT_GDP,
9.441254,P1Y,0,,A,PU,_Z,2,,,False,WB_WDI,WB_WDI_SH_XPD_CHEX_GD_ZS,YEM,_T,_T,_T,_Z,_Z,_Z,2021,A,PT_GDP,
6.639514,P1Y,0,,A,PU,_Z,2,,,False,WB_WDI,WB_WDI_SH_XPD_CHEX_GD_ZS,ZMB,_T,_T,_T,_Z,_Z,_Z,2021,A,PT_GDP,
5.101225,P1Y,0,,A,PU,_Z,2,,,True,WB_WDI,WB_WDI_SH_XPD_CHEX_GD_ZS,PHL,_T,_T,_T,_Z,_Z,_Z,2023,A,PT_GDP,
7.138488,P1Y,0,,A,PU,_Z,2,,,False,WB_WDI,WB_WDI_SH_XPD_CHEX_GD_ZS,POL,_T,_T,_T,_Z,_Z,_Z,2023,A,PT_GDP,
10.027612,P1Y,0,,A,PU,_Z,2,,,False,WB_WDI,WB_WDI_SH_XPD_CHEX_GD_ZS,PRT,_T,_T,_T,_Z,_Z,_Z,2023,A,PT_GDP,
2.523588,P1Y,0,,A,PU,_Z,2,,,True,WB_WDI,WB_WDI_SH_XPD_CHEX_GD_ZS,QAT,_T,_T,_T,_Z,_Z,_Z,2023,A,PT_GDP,
5.709015,P1Y,0,,A,PU,_Z,2,,,True,WB_WDI,WB_WDI_SH_XPD_CHEX_GD_ZS,ROU,_T,_T,_T,_Z,_Z,_Z,2023,A,PT_GDP,
7.044385,P1Y,0,,A,PU,_Z,2,,,True,WB_WDI,WB_WDI_SH_XPD_CHEX_GD_ZS,RUS,_T,_T,_T,_Z,_Z,_Z,2023,A,PT_GDP,
5.12709,P1Y,0,,A,PU,_Z,2,,,True,WB_WDI,WB_WDI_SH_XPD_CHEX_GD_ZS,RWA,_T,_T,_T,_Z,_Z,_Z,2023,A,PT_GDP,
6.781033,P1Y,0,,A,PU,_Z,2,,,True,WB_WDI,WB_WDI_SH_XPD_CHEX_GD_ZS,WSM,_T,_T,_T,_Z,_Z,_Z,2023,A,PT_GDP,
6.608291,P1Y,0,,A,PU,_Z,2,,,True,WB_WDI,WB_WDI_SH_XPD_CHEX_GD_ZS,SMR,_T,_T,_T,_Z,_Z,_Z,2023,A,PT_GDP,
5.772922,P1Y,0,,A,PU,_Z,2,,,True,WB_WDI,WB_WDI_SH_XPD_CHEX_GD_ZS,STP,_T,_T,_T,_Z,_Z,_Z,2023,A,PT_GDP,
5.687222,P1Y,0,,A,PU,_Z,2,,,True,WB_WDI,WB_WDI_SH_XPD_CHEX_GD_ZS,SAU,_T,_T,_T,_Z,_Z,_Z,2023,A,PT_GDP,
4.323148,P1Y,0,,A,PU,_Z,2,,,True,WB_WDI,WB_WDI_SH_XPD_CHEX_GD_ZS,SEN,_T,_T,_T,_Z,_Z,_Z,2023,A,PT_GDP,
8.031338,P1Y,0,,A,PU,_Z,2,,,True,WB_WDI,WB_WDI_SH_XPD_CHEX_GD_ZS,SRB,_T,_T,_T,_Z,_Z,_Z,2023,A,PT_GDP,
5.954778,P1Y,0,,A,PU,_Z,2,,,False,WB_WDI,WB_WDI_SH_XPD_CHEX_GD_ZS,LVA,_T,_T,_T,_Z,_Z,_Z,2002,A,PT_GDP,
9.282337,P1Y,0,,A,PU,_Z,2,,,False,WB_WDI,WB_WDI_SH_XPD_CHEX_GD_ZS,LBN,_T,_T,_T,_Z,_Z,_Z,2002,A,PT_GDP,
5.86075,P1Y,0,,A,PU,_Z,2,,,False,WB_WDI,WB_WDI_SH_XPD_CHEX_GD_ZS,LSO,_T,_T,_T,_Z,_Z,_Z,2002,A,PT_GDP,
2.164629,P1Y,0,,A,PU,_Z,2,,,False,WB_WDI,WB_WDI_SH_XPD_CHEX_GD_ZS,LBR,_T,_T,_T,_Z,_Z,_Z,2002,A,PT_GDP,
4.738183,P1Y,0,,A,PU,_Z,2,,,False,WB_WDI,WB_WDI_SH_XPD_CHEX_GD_ZS,LBY,_T,_T,_T,_Z,_Z,_Z,2002,A,PT_GDP,
6.134777,P1Y,0,,A,PU,_Z,2,,,False,WB_WDI,WB_WDI_SH_XPD_CHEX_GD_ZS,LTU,_T,_T,_T,_Z,_Z,_Z,2002,A,PT_GDP,
6.761,P1Y,0,,A,PU,_Z,2,,,False,WB_WDI,WB_WDI_SH_XPD_CHEX_GD_ZS,LUX,_T,_T,_T,_Z,_Z,_Z,2002,A,PT_GDP,
4.928669,P1Y,0,,A,PU,_Z,2,,,False,WB_WDI,WB_WDI_SH_XPD_CHEX_GD_ZS,MDG,_T,_T,_T,_Z,_Z,_Z,2002,A,PT_GDP,
2.69726,P1Y,0,,A,PU,_Z,2,,,False,WB_WDI,WB_WDI_SH_XPD_CHEX_GD_ZS,MWI,_T,_T,_T,_Z,_Z,_Z,2002,A,PT_GDP,
2.668766,P1Y,0,,A,PU,_Z,2,,,False,WB_WDI,WB_WDI_SH_XPD_CHEX_GD_ZS,MYS,_T,_T,_T,_Z,_Z,_Z,2002,A,PT_GDP,
8.784402,P1Y,0,,A,PU,_Z,2,,,False,WB_WDI,WB_WDI_SH_XPD_CHEX_GD_ZS,MDV,_T,_T,_T,_Z,_Z,_Z,2002,A,PT_GDP,
4.99776,P1Y,0,,A,PU,_Z,2,,,False,WB_WDI,WB_WDI_SH_XPD_CHEX_GD_ZS,MLI,_T,_T,_T,_Z,_Z,_Z,2002,A,PT_GDP,
4.274316,P1Y,0,,A,PU,_Z,2,,,False,WB_WDI,WB_WDI_SH_XPD_CHEX_GD_ZS,LKA,_T,_T,_T,_Z,_Z,_Z,2020,A,PT_GDP,
5.661304,P1Y,0,,A,PU,_Z,2,,,False,WB_WDI,WB_WDI_SH_XPD_CHEX_GD_ZS,KNA,_T,_T,_T,_Z,_Z,_Z,2020,A,PT_GDP,
7.010334,P1Y,0,,A,PU,_Z,2,,,False,WB_WDI,WB_WDI_SH_XPD_CHEX_GD_ZS,LCA,_T,_T,_T,_Z,_Z,_Z,2020,A,PT_GDP,
4.870713,P1Y,0,,A,PU,_Z,2,,,False,WB_WDI,WB_WDI_SH_XPD_CHEX_GD_ZS,VCT,_T,_T,_T,_Z,_Z,_Z,2020,A,PT_GDP,
3.043234,P1Y,0,,A,PU,_Z,2,,,False,WB_WDI,WB_WDI_SH_XPD_CHEX_GD_ZS,SDN,_T,_T,_T,_Z,_Z,_Z,2020,A,PT_GDP,
6.034256,P1Y,0,,A,PU,_Z,2,,,False,WB_WDI,WB_WDI_SH_XPD_CHEX_GD_ZS,SUR,_T,_T,_T,_Z,_Z,_Z,2020,A,PT_GDP,
11.424587,P1Y,0,,A,PU,_Z,2,,,False,WB_WDI,WB_WDI_SH_XPD_CHEX_GD_ZS,SWE,_T,_T,_T,_Z,_Z,_Z,2020,A,PT_GDP,
11.989609,P1Y,0,,A,PU,_Z,2,,,False,WB_WDI,WB_WDI_SH_XPD_CHEX_GD_ZS,CHE,_T,_T,_T,_Z,_Z,_Z,2020,A,PT_GDP,
3.670091,P1Y,0,,A,PU,_Z,2,,,False,WB_WDI,WB_WDI_SH_XPD_CHEX_GD_ZS,SYR,_T,_T,_T,_Z,_Z,_Z,2020,A,PT_GDP,
8.890353,P1Y,0,,A,PU,_Z,2,,,False,WB_WDI,WB_WDI_SH_XPD_CHEX_GD_ZS,TJK,_T,_T,_T,_Z,_Z,_Z,2020,A,PT_GDP,
3.050287,P1Y,0,,A,PU,_Z,2,,,False,WB_WDI,WB_WDI_SH_XPD_CHEX_GD_ZS,TZA,_T,_T,_T,_Z,_Z,_Z,2020,A,PT_GDP,
4.357247,P1Y,0,,A,PU,_Z,2,,,False,WB_WDI,WB_WDI_SH_XPD_CHEX_GD_ZS,THA,_T,_T,_T,_Z,_Z,_Z,2020,A,PT_GDP,
9.549849,P1Y,0,,A,PU,_Z,2,,,False,WB_WDI,WB_WDI_SH_XPD_CHEX_GD_ZS,NIC,_T,_T,_T,_Z,_Z,_Z,2021,A,PT_GDP,
5.814528,P1Y,0,,A,PU,_Z,2,,,False,WB_WDI,WB_WDI_SH_XPD_CHEX_GD_ZS,NER,_T,_T,_T,_Z,_Z,_Z,2021,A,PT_GDP,
4.076257,P1Y,0,,A,PU,_Z,2,,,False,WB_WDI,WB_WDI_SH_XPD_CHEX_GD_ZS,NGA,_T,_T,_T,_Z,_Z,_Z,2021,A,PT_GDP,
8.418512,P1Y,0,,A,PU,_Z,2,,,False,WB_WDI,WB_WDI_SH_XPD_CHEX_GD_ZS,MKD,_T,_T,_T,_Z,_Z,_Z,2021,A,PT_GDP,
9.814264,P1Y,0,,A,PU,_Z,2,,,False,WB_WDI,WB_WDI_SH_XPD_CHEX_GD_ZS,NOR,_T,_T,_T,_Z,_Z,_Z,2021,A,PT_GDP,
4.344687,P1Y,0,,A,PU,_Z,2,,,False,WB_WDI,WB_WDI_SH_XPD_CHEX_GD_ZS,OMN,_T,_T,_T,_Z,_Z,_Z,2021,A,PT_GDP,
2.990158,P1Y,0,,A,PU,_Z,2,,,False,WB_WDI,WB_WDI_SH_XPD_CHEX_GD_ZS,PAK,_T,_T,_T,_Z,_Z,_Z,2021,A,PT_GDP,
14.55276,P1Y,0,,A,PU,_Z,2,,,False,WB_WDI,WB_WDI_SH_XPD_CHEX_GD_ZS,PLW,_T,_T,_T,_Z,_Z,_Z,2021,A,PT_GDP,
9.135711,P1Y,0,,A,PU,_Z,2,,,False,WB_WDI,WB_WDI_SH_XPD_CHEX_GD_ZS,PAN,_T,_T,_T,_Z,_Z,_Z,2021,A,PT_GDP,
2.339947,P1Y,0,,A,PU,_Z,2,,,False,WB_WDI,WB_WDI_SH_XPD_CHEX_GD_ZS,PNG,_T,_T,_T,_Z,_Z,_Z,2021,A,PT_GDP,
8.03277,P1Y,0,,A,PU,_Z,2,,,False,WB_WDI,WB_WDI_SH_XPD_CHEX_GD_ZS,PRY,_T,_T,_T,_Z,_Z,_Z,2021,A,PT_GDP,
2.678799,P1Y,0,,A,PU,_Z,2,,,False,WB_WDI,WB_WDI_SH_XPD_CHEX_GD_ZS,KWT,_T,_T,_T,_Z,_Z,_Z,2010,A,PT_GDP,
6.950272,P1Y,0,,A,PU,_Z,2,,,False,WB_WDI,WB_WDI_SH_XPD_CHEX_GD_ZS,KGZ,_T,_T,_T,_Z,_Z,_Z,2010,A,PT_GDP,
2.911549,P1Y,0,,A,PU,_Z,2,,,False,WB_WDI,WB_WDI_SH_XPD_CHEX_GD_ZS,LAO,_T,_T,_T,_Z,_Z,_Z,2010,A,PT_GDP,
6.224204,P1Y,0,,A,PU,_Z,2,,,False,WB_WDI,WB_WDI_SH_XPD_CHEX_GD_ZS,LVA,_T,_T,_T,_Z,_Z,_Z,2010,A,PT_GDP,
7.438645,P1Y,0,,A,PU,_Z,2,,,False,WB_WDI,WB_WDI_SH_XPD_CHEX_GD_ZS,LBN,_T,_T,_T,_Z,_Z,_Z,2010,A,PT_GDP,
7.404848,P1Y,0,,A,PU,_Z,2,,,False,WB_WDI,WB_WDI_SH_XPD_CHEX_GD_ZS,LSO,_T,_T,_T,_Z,_Z,_Z,2010,A,PT_GDP,
8.438602,P1Y,0,,A,PU,_Z,2,,,False,WB_WDI,WB_WDI_SH_XPD_CHEX_GD_ZS,LBR,_T,_T,_T,_Z,_Z,_Z,2010,A,PT_GDP,
3.280644,P1Y,0,,A,PU,_Z,2,,,False,WB_WDI,WB_WDI_SH_XPD_CHEX_GD_ZS,LBY,_T,_T,_T,_Z,_Z,_Z,2010,A,PT_GDP,
6.905867,P1Y,0,,A,PU,_Z,2,,,False,WB_WDI,WB_WDI_SH_XPD_CHEX_GD_ZS,LTU,_T,_T,_T,_Z,_Z,_Z,2010,A,PT_GDP,
6.66263,P1Y,0,,A,PU,_Z,2,,,False,WB_WDI,WB_WDI_SH_XPD_CHEX_GD_ZS,LUX,_T,_T,_T,_Z,_Z,_Z,2010,A,PT_GDP,
5.732966,P1Y,0,,A,PU,_Z,2,,,False,WB_WDI,WB_WDI_SH_XPD_CHEX_GD_ZS,COL,_T,_T,_T,_Z,_Z,_Z,2002,A,PT_GDP,
6.685946,P1Y,0,,A,PU,_Z,2,,,False,WB_WDI,WB_WDI_SH_XPD_CHEX_GD_ZS,COM,_T,_T,_T,_Z,_Z,_Z,2002,A,PT_GDP,
2.570129,P1Y,0,,A,PU,_Z,2,,,False,WB_WDI,WB_WDI_SH_XPD_CHEX_GD_ZS,COD,_T,_T,_T,_Z,_Z,_Z,2002,A,PT_GDP,
1.701678,P1Y,0,,A,PU,_Z,2,,,False,WB_WDI,WB_WDI_SH_XPD_CHEX_GD_ZS,COG,_T,_T,_T,_Z,_Z,_Z,2002,A,PT_GDP,
6.869088,P1Y,0,,A,PU,_Z,2,,,False,WB_WDI,WB_WDI_SH_XPD_CHEX_GD_ZS,CRI,_T,_T,_T,_Z,_Z,_Z,2002,A,PT_GDP,
3.541461,P1Y,0,,A,PU,_Z,2,,,False,WB_WDI,WB_WDI_SH_XPD_CHEX_GD_ZS,CIV,_T,_T,_T,_Z,_Z,_Z,2002,A,PT_GDP,
6.143005,P1Y,0,,A,PU,_Z,2,,,False,WB_WDI,WB_WDI_SH_XPD_CHEX_GD_ZS,HRV,_T,_T,_T,_Z,_Z,_Z,2002,A,PT_GDP,
7.114816,P1Y,0,,A,PU,_Z,2,,,False,WB_WDI,WB_WDI_SH_XPD_CHEX_GD_ZS,CUB,_T,_T,_T,_Z,_Z,_Z,2002,A,PT_GDP,
5.61566,P1Y,0,,A,PU,_Z,2,,,False,WB_WDI,WB_WDI_SH_XPD_CHEX_GD_ZS,CYP,_T,_T,_T,_Z,_Z,_Z,2002,A,PT_GDP,
6.146563,P1Y,0,,A,PU,_Z,2,,,False,WB_WDI,WB_WDI_SH_XPD_CHEX_GD_ZS,CZE,_T,_T,_T,_Z,_Z,_Z,2002,A,PT_GDP,
8.695062,P1Y,0,,A,PU,_Z,2,,,False,WB_WDI,WB_WDI_SH_XPD_CHEX_GD_ZS,DNK,_T,_T,_T,_Z,_Z,_Z,2002,A,PT_GDP,
3.752438,P1Y,0,,A,PU,_Z,2,,,False,WB_WDI,WB_WDI_SH_XPD_CHEX_GD_ZS,DJI,_T,_T,_T,_Z,_Z,_Z,2002,A,PT_GDP,
7.527806,P1Y,0,,A,PU,_Z,2,,,False,WB_WDI,WB_WDI_SH_XPD_CHEX_GD_ZS,SVK,_T,_T,_T,_Z,_Z,_Z,2012,A,PT_GDP,
8.792637,P1Y,0,,A,PU,_Z,2,,,False,WB_WDI,WB_WDI_SH_XPD_CHEX_GD_ZS,SVN,_T,_T,_T,_Z,_Z,_Z,2012,A,PT_GDP,
4.880457,P1Y,0,,A,PU,_Z,2,,,False,WB_WDI,WB_WDI_SH_XPD_CHEX_GD_ZS,SLB,_T,_T,_T,_Z,_Z,_Z,2012,A,PT_GDP,
8.004289,P1Y,0,,A,PU,_Z,2,,,False,WB_WDI,WB_WDI_SH_XPD_CHEX_GD_ZS,ZAF,_T,_T,_T,_Z,_Z,_Z,2012,A,PT_GDP,
9.218905,P1Y,0,,A,PU,_Z,2,,,False,WB_WDI,WB_WDI_SH_XPD_CHEX_GD_ZS,ESP,_T,_T,_T,_Z,_Z,_Z,2012,A,PT_GDP,
3.306593,P1Y,0,,A,PU,_Z,2,,,False,WB_WDI,WB_WDI_SH_XPD_CHEX_GD_ZS,LKA,_T,_T,_T,_Z,_Z,_Z,2012,A,PT_GDP,
5.018665,P1Y,0,,A,PU,_Z,2,,,False,WB_WDI,WB_WDI_SH_XPD_CHEX_GD_ZS,KNA,_T,_T,_T,_Z,_Z,_Z,2012,A,PT_GDP,
4.925103,P1Y,0,,A,PU,_Z,2,,,False,WB_WDI,WB_WDI_SH_XPD_CHEX_GD_ZS,LCA,_T,_T,_T,_Z,_Z,_Z,2012,A,PT_GDP,
4.46856,P1Y,0,,A,PU,_Z,2,,,False,WB_WDI,WB_WDI_SH_XPD_CHEX_GD_ZS,VCT,_T,_T,_T,_Z,_Z,_Z,2012,A,PT_GDP,
10.301354,P1Y,0,,A,PU,_Z,2,,,False,WB_WDI,WB_WDI_SH_XPD_CHEX_GD_ZS,EUU,_T,_T,_T,_Z,_Z,_Z,2022,A,PT_GDP,
4.665014,P1Y,0,,A,PU,_Z,2,,,False,WB_WDI,WB_WDI_SH_XPD_CHEX_GD_ZS,HPC,_T,_T,_T,_Z,_Z,_Z,2022,A,PT_GDP,
12.550901,P1Y,0,,A,PU,_Z,2,,,False,WB_WDI,WB_WDI_SH_XPD_CHEX_GD_ZS,HIC,_T,_T,_T,_Z,_Z,_Z,2022,A,PT_GDP,
5.825641,P1Y,0,,A,PU,_Z,2,,,False,WB_WDI,WB_WDI_SH_XPD_CHEX_GD_ZS,IBD,_T,_T,_T,_Z,_Z,_Z,2022,A,PT_GDP,
5.686443,P1Y,0,,A,PU,_Z,2,,,False,WB_WDI,WB_WDI_SH_XPD_CHEX_GD_ZS,IBT,_T,_T,_T,_Z,_Z,_Z,2022,A,PT_GDP,
3.969126,P1Y,0,,A,PU,_Z,2,,,False,WB_WDI,WB_WDI_SH_XPD_CHEX_GD_ZS,IDB,_T,_T,_T,_Z,_Z,_Z,2022,A,PT_GDP,
3.95186,P1Y,0,,A,PU,_Z,2,,,False,WB_WDI,WB_WDI_SH_XPD_CHEX_GD_ZS,IDX,_T,_T,_T,_Z,_Z,_Z,2022,A,PT_GDP,
3.960162,P1Y,0,,A,PU,_Z,2,,,False,WB_WDI,WB_WDI_SH_XPD_CHEX_GD_ZS,IDA,_T,_T,_T,_Z,_Z,_Z,2022,A,PT_GDP,
6.165564,P1Y,0,,A,PU,_Z,2,,,False,WB_WDI,WB_WDI_SH_XPD_CHEX_GD_ZS,LTE,_T,_T,_T,_Z,_Z,_Z,2022,A,PT_GDP,
7.95436,P1Y,0,,A,PU,_Z,2,,,False,WB_WDI,WB_WDI_SH_XPD_CHEX_GD_ZS,LCN,_T,_T,_T,_Z,_Z,_Z,2022,A,PT_GDP,
7.848328,P1Y,0,,A,PU,_Z,2,,,False,WB_WDI,WB_WDI_SH_XPD_CHEX_GD_ZS,LAC,_T,_T,_T,_Z,_Z,_Z,2022,A,PT_GDP,
7.956524,P1Y,0,,A,PU,_Z,2,,,False,WB_WDI,WB_WDI_SH_XPD_CHEX_GD_ZS,TLA,_T,_T,_T,_Z,_Z,_Z,2022,A,PT_GDP,
3.669436,P1Y,0,,A,PU,_Z,2,,,False,WB_WDI,WB_WDI_SH_XPD_CHEX_GD_ZS,LDC,_T,_T,_T,_Z,_Z,_Z,2022,A,PT_GDP,
5.53949,P1Y,0,,A,PU,_Z,2,,,False,WB_WDI,WB_WDI_SH_XPD_CHEX_GD_ZS,LMY,_T,_T,_T,_Z,_Z,_Z,2022,A,PT_GDP,
6.857589,P1Y,0,,A,PU,_Z,2,,,True,WB_WDI,WB_WDI_SH_XPD_CHEX_GD_ZS,GEO,_T,_T,_T,_Z,_Z,_Z,2023,A,PT_GDP,
11.744287,P1Y,0,,A,PU,_Z,2,,,False,WB_WDI,WB_WDI_SH_XPD_CHEX_GD_ZS,DEU,_T,_T,_T,_Z,_Z,_Z,2023,A,PT_GDP,
2.946869,P1Y,0,,A,PU,_Z,2,,,True,WB_WDI,WB_WDI_SH_XPD_CHEX_GD_ZS,GHA,_T,_T,_T,_Z,_Z,_Z,2023,A,PT_GDP,
8.39367,P1Y,0,,A,PU,_Z,2,,,True,WB_WDI,WB_WDI_SH_XPD_CHEX_GD_ZS,GRC,_T,_T,_T,_Z,_Z,_Z,2023,A,PT_GDP,
4.653308,P1Y,0,,A,PU,_Z,2,,,True,WB_WDI,WB_WDI_SH_XPD_CHEX_GD_ZS,GRD,_T,_T,_T,_Z,_Z,_Z,2023,A,PT_GDP,
6.802413,P1Y,0,,A,PU,_Z,2,,,True,WB_WDI,WB_WDI_SH_XPD_CHEX_GD_ZS,GTM,_T,_T,_T,_Z,_Z,_Z,2023,A,PT_GDP,
3.69443,P1Y,0,,A,PU,_Z,2,,,True,WB_WDI,WB_WDI_SH_XPD_CHEX_GD_ZS,GIN,_T,_T,_T,_Z,_Z,_Z,2023,A,PT_GDP,
8.822048,P1Y,0,,A,PU,_Z,2,,,True,WB_WDI,WB_WDI_SH_XPD_CHEX_GD_ZS,GNB,_T,_T,_T,_Z,_Z,_Z,2023,A,PT_GDP,
2.466738,P1Y,0,,A,PU,_Z,2,,,True,WB_WDI,WB_WDI_SH_XPD_CHEX_GD_ZS,GUY,_T,_T,_T,_Z,_Z,_Z,2023,A,PT_GDP,
3.191565,P1Y,0,,A,PU,_Z,2,,,True,WB_WDI,WB_WDI_SH_XPD_CHEX_GD_ZS,HTI,_T,_T,_T,_Z,_Z,_Z,2023,A,PT_GDP,
7.709762,P1Y,0,,A,PU,_Z,2,,,True,WB_WDI,WB_WDI_SH_XPD_CHEX_GD_ZS,HND,_T,_T,_T,_Z,_Z,_Z,2023,A,PT_GDP,
3.850196,P1Y,0,,A,PU,_Z,2,,,False,WB_WDI,WB_WDI_SH_XPD_CHEX_GD_ZS,LKA,_T,_T,_T,_Z,_Z,_Z,2006,A,PT_GDP,
4.982034,P1Y,0,,A,PU,_Z,2,,,False,WB_WDI,WB_WDI_SH_XPD_CHEX_GD_ZS,KNA,_T,_T,_T,_Z,_Z,_Z,2006,A,PT_GDP,
5.127018,P1Y,0,,A,PU,_Z,2,,,False,WB_WDI,WB_WDI_SH_XPD_CHEX_GD_ZS,LCA,_T,_T,_T,_Z,_Z,_Z,2006,A,PT_GDP,
3.655672,P1Y,0,,A,PU,_Z,2,,,False,WB_WDI,WB_WDI_SH_XPD_CHEX_GD_ZS,VCT,_T,_T,_T,_Z,_Z,_Z,2006,A,PT_GDP,
4.885443,P1Y,0,,A,PU,_Z,2,,,False,WB_WDI,WB_WDI_SH_XPD_CHEX_GD_ZS,SDN,_T,_T,_T,_Z,_Z,_Z,2006,A,PT_GDP,
5.855988,P1Y,0,,A,PU,_Z,2,,,False,WB_WDI,WB_WDI_SH_XPD_CHEX_GD_ZS,SUR,_T,_T,_T,_Z,_Z,_Z,2006,A,PT_GDP,
8.042177,P1Y,0,,A,PU,_Z,2,,,False,WB_WDI,WB_WDI_SH_XPD_CHEX_GD_ZS,SWE,_T,_T,_T,_Z,_Z,_Z,2006,A,PT_GDP,
9.5802,P1Y,0,,A,PU,_Z,2,,,False,WB_WDI,WB_WDI_SH_XPD_CHEX_GD_ZS,CHE,_T,_T,_T,_Z,_Z,_Z,2006,A,PT_GDP,
3.796203,P1Y,0,,A,PU,_Z,2,,,False,WB_WDI,WB_WDI_SH_XPD_CHEX_GD_ZS,SYR,_T,_T,_T,_Z,_Z,_Z,2006,A,PT_GDP,
5.032548,P1Y,0,,A,PU,_Z,2,,,False,WB_WDI,WB_WDI_SH_XPD_CHEX_GD_ZS,TJK,_T,_T,_T,_Z,_Z,_Z,2006,A,PT_GDP,
7.598279,P1Y,0,,A,PU,_Z,2,,,False,WB_WDI,WB_WDI_SH_XPD_CHEX_GD_ZS,TZA,_T,_T,_T,_Z,_Z,_Z,2006,A,PT_GDP,
5.306852,P1Y,0,,A,PU,_Z,2,,,False,WB_WDI,WB_WDI_SH_XPD_CHEX_GD_ZS,UKR,_T,_T,_T,_Z,_Z,_Z,2000,A,PT_GDP,
2.395045,P1Y,0,,A,PU,_Z,2,,,False,WB_WDI,WB_WDI_SH_XPD_CHEX_GD_ZS,ARE,_T,_T,_T,_Z,_Z,_Z,2000,A,PT_GDP,
7.145591,P1Y,0,,A,PU,_Z,2,,,False,WB_WDI,WB_WDI_SH_XPD_CHEX_GD_ZS,GBR,_T,_T,_T,_Z,_Z,_Z,2000,A,PT_GDP,
12.490021,P1Y,0,,A,PU,_Z,2,,,False,WB_WDI,WB_WDI_SH_XPD_CHEX_GD_ZS,USA,_T,_T,_T,_Z,_Z,_Z,2000,A,PT_GDP,
9.171824,P1Y,0,,A,PU,_Z,2,,,False,WB_WDI,WB_WDI_SH_XPD_CHEX_GD_ZS,URY,_T,_T,_T,_Z,_Z,_Z,2000,A,PT_GDP,
5.132934,P1Y,0,,A,PU,_Z,2,,,False,WB_WDI,WB_WDI_SH_XPD_CHEX_GD_ZS,UZB,_T,_T,_T,_Z,_Z,_Z,2000,A,PT_GDP,
3.306833,P1Y,0,,A,PU,_Z,2,,,False,WB_WDI,WB_WDI_SH_XPD_CHEX_GD_ZS,VUT,_T,_T,_T,_Z,_Z,_Z,2000,A,PT_GDP,
4.107527,P1Y,0,,A,PU,_Z,2,,,False,WB_WDI,WB_WDI_SH_XPD_CHEX_GD_ZS,VNM,_T,_T,_T,_Z,_Z,_Z,2000,A,PT_GDP,
9.465412,P1Y,0,,A,PU,_Z,2,,,False,WB_WDI,WB_WDI_SH_XPD_CHEX_GD_ZS,PSE,_T,_T,_T,_Z,_Z,_Z,2000,A,PT_GDP,
4.666066,P1Y,0,,A,PU,_Z,2,,,False,WB_WDI,WB_WDI_SH_XPD_CHEX_GD_ZS,YEM,_T,_T,_T,_Z,_Z,_Z,2000,A,PT_GDP,
4.120291,P1Y,0,,A,PU,_Z,2,,,False,WB_WDI,WB_WDI_SH_XPD_CHEX_GD_ZS,ZMB,_T,_T,_T,_Z,_Z,_Z,2000,A,PT_GDP,
4.744336,P1Y,0,,A,PU,_Z,2,,,False,WB_WDI,WB_WDI_SH_XPD_CHEX_GD_ZS,LBY,_T,_T,_T,_Z,_Z,_Z,2022,A,PT_GDP,
5.644091,P1Y,0,,A,PU,_Z,2,,,False,WB_WDI,WB_WDI_SH_XPD_CHEX_GD_ZS,LIE,_T,_T,_T,_Z,_Z,_Z,2022,A,PT_GDP,
7.24368,P1Y,0,,A,PU,_Z,2,,,False,WB_WDI,WB_WDI_SH_XPD_CHEX_GD_ZS,LTU,_T,_T,_T,_Z,_Z,_Z,2022,A,PT_GDP,
5.609269,P1Y,0,,A,PU,_Z,2,,,False,WB_WDI,WB_WDI_SH_XPD_CHEX_GD_ZS,LUX,_T,_T,_T,_Z,_Z,_Z,2022,A,PT_GDP,
3.149481,P1Y,0,,A,PU,_Z,2,,,False,WB_WDI,WB_WDI_SH_XPD_CHEX_GD_ZS,MDG,_T,_T,_T,_Z,_Z,_Z,2022,A,PT_GDP,
6.625276,P1Y,0,,A,PU,_Z,2,,,False,WB_WDI,WB_WDI_SH_XPD_CHEX_GD_ZS,MWI,_T,_T,_T,_Z,_Z,_Z,2022,A,PT_GDP,
3.900378,P1Y,0,,A,PU,_Z,2,,,False,WB_WDI,WB_WDI_SH_XPD_CHEX_GD_ZS,MYS,_T,_T,_T,_Z,_Z,_Z,2022,A,PT_GDP,
7.499702,P1Y,0,,A,PU,_Z,2,,,False,WB_WDI,WB_WDI_SH_XPD_CHEX_GD_ZS,MDV,_T,_T,_T,_Z,_Z,_Z,2022,A,PT_GDP,
3.721701,P1Y,0,,A,PU,_Z,2,,,False,WB_WDI,WB_WDI_SH_XPD_CHEX_GD_ZS,MLI,_T,_T,_T,_Z,_Z,_Z,2022,A,PT_GDP,
9.091054,P1Y,0,,A,PU,_Z,2,,,False,WB_WDI,WB_WDI_SH_XPD_CHEX_GD_ZS,MLT,_T,_T,_T,_Z,_Z,_Z,2022,A,PT_GDP,
13.607968,P1Y,0,,A,PU,_Z,2,,,False,WB_WDI,WB_WDI_SH_XPD_CHEX_GD_ZS,MHL,_T,_T,_T,_Z,_Z,_Z,2022,A,PT_GDP,
4.669627,P1Y,0,,A,PU,_Z,2,,,False,WB_WDI,WB_WDI_SH_XPD_CHEX_GD_ZS,MRT,_T,_T,_T,_Z,_Z,_Z,2022,A,PT_GDP,
4.568562,P1Y,0,,A,PU,_Z,2,,,False,WB_WDI,WB_WDI_SH_XPD_CHEX_GD_ZS,SEN,_T,_T,_T,_Z,_Z,_Z,2004,A,PT_GDP,
7.636449,P1Y,0,,A,PU,_Z,2,,,False,WB_WDI,WB_WDI_SH_XPD_CHEX_GD_ZS,SRB,_T,_T,_T,_Z,_Z,_Z,2004,A,PT_GDP,
4.666289,P1Y,0,,A,PU,_Z,2,,,False,WB_WDI,WB_WDI_SH_XPD_CHEX_GD_ZS,SYC,_T,_T,_T,_Z,_Z,_Z,2004,A,PT_GDP,
5.237989,P1Y,0,,A,PU,_Z,2,,,False,WB_WDI,WB_WDI_SH_XPD_CHEX_GD_ZS,SLE,_T,_T,_T,_Z,_Z,_Z,2004,A,PT_GDP,
3.150198,P1Y,0,,A,PU,_Z,2,,,False,WB_WDI,WB_WDI_SH_XPD_CHEX_GD_ZS,SGP,_T,_T,_T,_Z,_Z,_Z,2004,A,PT_GDP,
6.396625,P1Y,0,,A,PU,_Z,2,,,False,WB_WDI,WB_WDI_SH_XPD_CHEX_GD_ZS,SVK,_T,_T,_T,_Z,_Z,_Z,2004,A,PT_GDP,
7.999595,P1Y,0,,A,PU,_Z,2,,,False,WB_WDI,WB_WDI_SH_XPD_CHEX_GD_ZS,SVN,_T,_T,_T,_Z,_Z,_Z,2004,A,PT_GDP,
7.725566,P1Y,0,,A,PU,_Z,2,,,False,WB_WDI,WB_WDI_SH_XPD_CHEX_GD_ZS,SLB,_T,_T,_T,_Z,_Z,_Z,2004,A,PT_GDP,
6.938416,P1Y,0,,A,PU,_Z,2,,,False,WB_WDI,WB_WDI_SH_XPD_CHEX_GD_ZS,ZAF,_T,_T,_T,_Z,_Z,_Z,2004,A,PT_GDP,
7.684479,P1Y,0,,A,PU,_Z,2,,,False,WB_WDI,WB_WDI_SH_XPD_CHEX_GD_ZS,ESP,_T,_T,_T,_Z,_Z,_Z,2004,A,PT_GDP,
4.039126,P1Y,0,,A,PU,_Z,2,,,False,WB_WDI,WB_WDI_SH_XPD_CHEX_GD_ZS,LKA,_T,_T,_T,_Z,_Z,_Z,2004,A,PT_GDP,
4.426113,P1Y,0,,A,PU,_Z,2,,,False,WB_WDI,WB_WDI_SH_XPD_CHEX_GD_ZS,PER,_T,_T,_T,_Z,_Z,_Z,2007,A,PT_GDP,
3.753181,P1Y,0,,A,PU,_Z,2,,,False,WB_WDI,WB_WDI_SH_XPD_CHEX_GD_ZS,PHL,_T,_T,_T,_Z,_Z,_Z,2007,A,PT_GDP,
5.863901,P1Y,0,,A,PU,_Z,2,,,False,WB_WDI,WB_WDI_SH_XPD_CHEX_GD_ZS,POL,_T,_T,_T,_Z,_Z,_Z,2007,A,PT_GDP,
9.251866,P1Y,0,,A,PU,_Z,2,,,False,WB_WDI,WB_WDI_SH_XPD_CHEX_GD_ZS,PRT,_T,_T,_T,_Z,_Z,_Z,2007,A,PT_GDP,
2.070081,P1Y,0,,A,PU,_Z,2,,,False,WB_WDI,WB_WDI_SH_XPD_CHEX_GD_ZS,QAT,_T,_T,_T,_Z,_Z,_Z,2007,A,PT_GDP,
5.022233,P1Y,0,,A,PU,_Z,2,,,False,WB_WDI,WB_WDI_SH_XPD_CHEX_GD_ZS,ROU,_T,_T,_T,_Z,_Z,_Z,2007,A,PT_GDP,
4.747925,P1Y,0,,A,PU,_Z,2,,,False,WB_WDI,WB_WDI_SH_XPD_CHEX_GD_ZS,RUS,_T,_T,_T,_Z,_Z,_Z,2007,A,PT_GDP,
7.862622,P1Y,0,,A,PU,_Z,2,,,False,WB_WDI,WB_WDI_SH_XPD_CHEX_GD_ZS,RWA,_T,_T,_T,_Z,_Z,_Z,2007,A,PT_GDP,
4.744633,P1Y,0,,A,PU,_Z,2,,,False,WB_WDI,WB_WDI_SH_XPD_CHEX_GD_ZS,WSM,_T,_T,_T,_Z,_Z,_Z,2007,A,PT_GDP,
5.095873,P1Y,0,,A,PU,_Z,2,,,False,WB_WDI,WB_WDI_SH_XPD_CHEX_GD_ZS,SMR,_T,_T,_T,_Z,_Z,_Z,2007,A,PT_GDP,
7.006086,P1Y,0,,A,PU,_Z,2,,,False,WB_WDI,WB_WDI_SH_XPD_CHEX_GD_ZS,STP,_T,_T,_T,_Z,_Z,_Z,2007,A,PT_GDP,
6.713618,P1Y,0,,A,PU,_Z,2,,,False,WB_WDI,WB_WDI_SH_XPD_CHEX_GD_ZS,HRV,_T,_T,_T,_Z,_Z,_Z,2018,A,PT_GDP,
11.018425,P1Y,0,,A,PU,_Z,2,,,False,WB_WDI,WB_WDI_SH_XPD_CHEX_GD_ZS,CUB,_T,_T,_T,_Z,_Z,_Z,2018,A,PT_GDP,
6.784462,P1Y,0,,A,PU,_Z,2,,,False,WB_WDI,WB_WDI_SH_XPD_CHEX_GD_ZS,CYP,_T,_T,_T,_Z,_Z,_Z,2018,A,PT_GDP,
7.371736,P1Y,0,,A,PU,_Z,2,,,False,WB_WDI,WB_WDI_SH_XPD_CHEX_GD_ZS,CZE,_T,_T,_T,_Z,_Z,_Z,2018,A,PT_GDP,
10.141632,P1Y,0,,A,PU,_Z,2,,,False,WB_WDI,WB_WDI_SH_XPD_CHEX_GD_ZS,DNK,_T,_T,_T,_Z,_Z,_Z,2018,A,PT_GDP,
2.530864,P1Y,0,,A,PU,_Z,2,,,False,WB_WDI,WB_WDI_SH_XPD_CHEX_GD_ZS,DJI,_T,_T,_T,_Z,_Z,_Z,2018,A,PT_GDP,
6.18496,P1Y,0,,A,PU,_Z,2,,,False,WB_WDI,WB_WDI_SH_XPD_CHEX_GD_ZS,DMA,_T,_T,_T,_Z,_Z,_Z,2018,A,PT_GDP,
4.217655,P1Y,0,,A,PU,_Z,2,,,False,WB_WDI,WB_WDI_SH_XPD_CHEX_GD_ZS,DOM,_T,_T,_T,_Z,_Z,_Z,2018,A,PT_GDP,
7.833647,P1Y,0,,A,PU,_Z,2,,,False,WB_WDI,WB_WDI_SH_XPD_CHEX_GD_ZS,ECU,_T,_T,_T,_Z,_Z,_Z,2018,A,PT_GDP,
4.74893,P1Y,0,,A,PU,_Z,2,,,False,WB_WDI,WB_WDI_SH_XPD_CHEX_GD_ZS,EGY,_T,_T,_T,_Z,_Z,_Z,2018,A,PT_GDP,
8.322752,P1Y,0,,A,PU,_Z,2,,,False,WB_WDI,WB_WDI_SH_XPD_CHEX_GD_ZS,SLV,_T,_T,_T,_Z,_Z,_Z,2018,A,PT_GDP,
8.631742,P1Y,0,,A,PU,_Z,2,,,False,WB_WDI,WB_WDI_SH_XPD_CHEX_GD_ZS,PLW,_T,_T,_T,_Z,_Z,_Z,2005,A,PT_GDP,
6.206666,P1Y,0,,A,PU,_Z,2,,,False,WB_WDI,WB_WDI_SH_XPD_CHEX_GD_ZS,PAN,_T,_T,_T,_Z,_Z,_Z,2005,A,PT_GDP,
2.44874,P1Y,0,,A,PU,_Z,2,,,False,WB_WDI,WB_WDI_SH_XPD_CHEX_GD_ZS,PNG,_T,_T,_T,_Z,_Z,_Z,2005,A,PT_GDP,
4.829347,P1Y,0,,A,PU,_Z,2,,,False,WB_WDI,WB_WDI_SH_XPD_CHEX_GD_ZS,PRY,_T,_T,_T,_Z,_Z,_Z,2005,A,PT_GDP,
4.665985,P1Y,0,,A,PU,_Z,2,,,False,WB_WDI,WB_WDI_SH_XPD_CHEX_GD_ZS,PER,_T,_T,_T,_Z,_Z,_Z,2005,A,PT_GDP,
3.74253,P1Y,0,,A,PU,_Z,2,,,False,WB_WDI,WB_WDI_SH_XPD_CHEX_GD_ZS,PHL,_T,_T,_T,_Z,_Z,_Z,2005,A,PT_GDP,
5.790739,P1Y,0,,A,PU,_Z,2,,,False,WB_WDI,WB_WDI_SH_XPD_CHEX_GD_ZS,POL,_T,_T,_T,_Z,_Z,_Z,2005,A,PT_GDP,
9.653068,P1Y,0,,A,PU,_Z,2,,,False,WB_WDI,WB_WDI_SH_XPD_CHEX_GD_ZS,PRT,_T,_T,_T,_Z,_Z,_Z,2005,A,PT_GDP,
2.563,P1Y,0,,A,PU,_Z,2,,,False,WB_WDI,WB_WDI_SH_XPD_CHEX_GD_ZS,QAT,_T,_T,_T,_Z,_Z,_Z,2005,A,PT_GDP,
5.527782,P1Y,0,,A,PU,_Z,2,,,False,WB_WDI,WB_WDI_SH_XPD_CHEX_GD_ZS,ROU,_T,_T,_T,_Z,_Z,_Z,2005,A,PT_GDP,
4.771775,P1Y,0,,A,PU,_Z,2,,,False,WB_WDI,WB_WDI_SH_XPD_CHEX_GD_ZS,RUS,_T,_T,_T,_Z,_Z,_Z,2005,A,PT_GDP,
3.396419,P1Y,0,,A,PU,_Z,2,,,False,WB_WDI,WB_WDI_SH_XPD_CHEX_GD_ZS,DJI,_T,_T,_T,_Z,_Z,_Z,2000,A,PT_GDP,
5.323744,P1Y,0,,A,PU,_Z,2,,,False,WB_WDI,WB_WDI_SH_XPD_CHEX_GD_ZS,DMA,_T,_T,_T,_Z,_Z,_Z,2000,A,PT_GDP,
4.884275,P1Y,0,,A,PU,_Z,2,,,False,WB_WDI,WB_WDI_SH_XPD_CHEX_GD_ZS,DOM,_T,_T,_T,_Z,_Z,_Z,2000,A,PT_GDP,
3.57368,P1Y,0,,A,PU,_Z,2,,,False,WB_WDI,WB_WDI_SH_XPD_CHEX_GD_ZS,ECU,_T,_T,_T,_Z,_Z,_Z,2000,A,PT_GDP,
4.922443,P1Y,0,,A,PU,_Z,2,,,False,WB_WDI,WB_WDI_SH_XPD_CHEX_GD_ZS,EGY,_T,_T,_T,_Z,_Z,_Z,2000,A,PT_GDP,
7.843428,P1Y,0,,A,PU,_Z,2,,,False,WB_WDI,WB_WDI_SH_XPD_CHEX_GD_ZS,SLV,_T,_T,_T,_Z,_Z,_Z,2000,A,PT_GDP,
1.222602,P1Y,0,,A,PU,_Z,2,,,False,WB_WDI,WB_WDI_SH_XPD_CHEX_GD_ZS,GNQ,_T,_T,_T,_Z,_Z,_Z,2000,A,PT_GDP,
5.766701,P1Y,0,,A,PU,_Z,2,,,False,WB_WDI,WB_WDI_SH_XPD_CHEX_GD_ZS,ERI,_T,_T,_T,_Z,_Z,_Z,2000,A,PT_GDP,
5.170291,P1Y,0,,A,PU,_Z,2,,,False,WB_WDI,WB_WDI_SH_XPD_CHEX_GD_ZS,EST,_T,_T,_T,_Z,_Z,_Z,2000,A,PT_GDP,
4.609518,P1Y,0,,A,PU,_Z,2,,,False,WB_WDI,WB_WDI_SH_XPD_CHEX_GD_ZS,SWZ,_T,_T,_T,_Z,_Z,_Z,2000,A,PT_GDP,
4.365047,P1Y,0,,A,PU,_Z,2,,,False,WB_WDI,WB_WDI_SH_XPD_CHEX_GD_ZS,ETH,_T,_T,_T,_Z,_Z,_Z,2000,A,PT_GDP,
3.424412,P1Y,0,,A,PU,_Z,2,,,False,WB_WDI,WB_WDI_SH_XPD_CHEX_GD_ZS,FJI,_T,_T,_T,_Z,_Z,_Z,2000,A,PT_GDP,
3.839911,P1Y,0,,A,PU,_Z,2,,,False,WB_WDI,WB_WDI_SH_XPD_CHEX_GD_ZS,MYS,_T,_T,_T,_Z,_Z,_Z,2019,A,PT_GDP,
7.502381,P1Y,0,,A,PU,_Z,2,,,False,WB_WDI,WB_WDI_SH_XPD_CHEX_GD_ZS,MDV,_T,_T,_T,_Z,_Z,_Z,2019,A,PT_GDP,
3.829438,P1Y,0,,A,PU,_Z,2,,,False,WB_WDI,WB_WDI_SH_XPD_CHEX_GD_ZS,MLI,_T,_T,_T,_Z,_Z,_Z,2019,A,PT_GDP,
8.892822,P1Y,0,,A,PU,_Z,2,,,False,WB_WDI,WB_WDI_SH_XPD_CHEX_GD_ZS,MLT,_T,_T,_T,_Z,_Z,_Z,2019,A,PT_GDP,
14.989945,P1Y,0,,A,PU,_Z,2,,,False,WB_WDI,WB_WDI_SH_XPD_CHEX_GD_ZS,MHL,_T,_T,_T,_Z,_Z,_Z,2019,A,PT_GDP,
3.091766,P1Y,0,,A,PU,_Z,2,,,False,WB_WDI,WB_WDI_SH_XPD_CHEX_GD_ZS,MRT,_T,_T,_T,_Z,_Z,_Z,2019,A,PT_GDP,
5.695082,P1Y,0,,A,PU,_Z,2,,,False,WB_WDI,WB_WDI_SH_XPD_CHEX_GD_ZS,MUS,_T,_T,_T,_Z,_Z,_Z,2019,A,PT_GDP,
5.301346,P1Y,0,,A,PU,_Z,2,,,False,WB_WDI,WB_WDI_SH_XPD_CHEX_GD_ZS,MEX,_T,_T,_T,_Z,_Z,_Z,2019,A,PT_GDP,
11.873631,P1Y,0,,A,PU,_Z,2,,,False,WB_WDI,WB_WDI_SH_XPD_CHEX_GD_ZS,FSM,_T,_T,_T,_Z,_Z,_Z,2019,A,PT_GDP,
6.496624,P1Y,0,,A,PU,_Z,2,,,False,WB_WDI,WB_WDI_SH_XPD_CHEX_GD_ZS,MDA,_T,_T,_T,_Z,_Z,_Z,2019,A,PT_GDP,
3.879938,P1Y,0,,A,PU,_Z,2,,,False,WB_WDI,WB_WDI_SH_XPD_CHEX_GD_ZS,MCO,_T,_T,_T,_Z,_Z,_Z,2019,A,PT_GDP,
2.924171,P1Y,0,,A,PU,_Z,2,,,False,WB_WDI,WB_WDI_SH_XPD_CHEX_GD_ZS,MYS,_T,_T,_T,_Z,_Z,_Z,2003,A,PT_GDP,
6.778575,P1Y,0,,A,PU,_Z,2,,,False,WB_WDI,WB_WDI_SH_XPD_CHEX_GD_ZS,MDV,_T,_T,_T,_Z,_Z,_Z,2003,A,PT_GDP,
5.050614,P1Y,0,,A,PU,_Z,2,,,False,WB_WDI,WB_WDI_SH_XPD_CHEX_GD_ZS,MLI,_T,_T,_T,_Z,_Z,_Z,2003,A,PT_GDP,
7.939175,P1Y,0,,A,PU,_Z,2,,,False,WB_WDI,WB_WDI_SH_XPD_CHEX_GD_ZS,MLT,_T,_T,_T,_Z,_Z,_Z,2003,A,PT_GDP,
13.332434,P1Y,0,,A,PU,_Z,2,,,False,WB_WDI,WB_WDI_SH_XPD_CHEX_GD_ZS,MHL,_T,_T,_T,_Z,_Z,_Z,2003,A,PT_GDP,
4.032547,P1Y,0,,A,PU,_Z,2,,,False,WB_WDI,WB_WDI_SH_XPD_CHEX_GD_ZS,MRT,_T,_T,_T,_Z,_Z,_Z,2003,A,PT_GDP,
3.182016,P1Y,0,,A,PU,_Z,2,,,False,WB_WDI,WB_WDI_SH_XPD_CHEX_GD_ZS,MUS,_T,_T,_T,_Z,_Z,_Z,2003,A,PT_GDP,
5.539788,P1Y,0,,A,PU,_Z,2,,,False,WB_WDI,WB_WDI_SH_XPD_CHEX_GD_ZS,MEX,_T,_T,_T,_Z,_Z,_Z,2003,A,PT_GDP,
9.650283,P1Y,0,,A,PU,_Z,2,,,False,WB_WDI,WB_WDI_SH_XPD_CHEX_GD_ZS,FSM,_T,_T,_T,_Z,_Z,_Z,2003,A,PT_GDP,
7.022276,P1Y,0,,A,PU,_Z,2,,,False,WB_WDI,WB_WDI_SH_XPD_CHEX_GD_ZS,MDA,_T,_T,_T,_Z,_Z,_Z,2003,A,PT_GDP,
4.432289,P1Y,0,,A,PU,_Z,2,,,False,WB_WDI,WB_WDI_SH_XPD_CHEX_GD_ZS,MCO,_T,_T,_T,_Z,_Z,_Z,2003,A,PT_GDP,
4.297689,P1Y,0,,A,PU,_Z,2,,,False,WB_WDI,WB_WDI_SH_XPD_CHEX_GD_ZS,MNG,_T,_T,_T,_Z,_Z,_Z,2003,A,PT_GDP,
4.080375,P1Y,0,,A,PU,_Z,2,,,False,WB_WDI,WB_WDI_SH_XPD_CHEX_GD_ZS,MAR,_T,_T,_T,_Z,_Z,_Z,2003,A,PT_GDP,
5.392272,P1Y,0,,A,PU,_Z,2,,,False,WB_WDI,WB_WDI_SH_XPD_CHEX_GD_ZS,SSF,_T,_T,_T,_Z,_Z,_Z,2004,A,PT_GDP,
5.393219,P1Y,0,,A,PU,_Z,2,,,False,WB_WDI,WB_WDI_SH_XPD_CHEX_GD_ZS,SSA,_T,_T,_T,_Z,_Z,_Z,2004,A,PT_GDP,
5.392272,P1Y,0,,A,PU,_Z,2,,,False,WB_WDI,WB_WDI_SH_XPD_CHEX_GD_ZS,TSS,_T,_T,_T,_Z,_Z,_Z,2004,A,PT_GDP,
5.094216,P1Y,0,,A,PU,_Z,2,,,False,WB_WDI,WB_WDI_SH_XPD_CHEX_GD_ZS,UMC,_T,_T,_T,_Z,_Z,_Z,2004,A,PT_GDP,
9.374568,P1Y,0,,A,PU,_Z,2,,,False,WB_WDI,WB_WDI_SH_XPD_CHEX_GD_ZS,WLD,_T,_T,_T,_Z,_Z,_Z,2004,A,PT_GDP,
9.808474,P1Y,0,,A,PU,_Z,2,,,False,WB_WDI,WB_WDI_SH_XPD_CHEX_GD_ZS,AFG,_T,_T,_T,_Z,_Z,_Z,2004,A,PT_GDP,
5.824339,P1Y,0,,A,PU,_Z,2,,,False,WB_WDI,WB_WDI_SH_XPD_CHEX_GD_ZS,ALB,_T,_T,_T,_Z,_Z,_Z,2004,A,PT_GDP,
3.290305,P1Y,0,,A,PU,_Z,2,,,False,WB_WDI,WB_WDI_SH_XPD_CHEX_GD_ZS,DZA,_T,_T,_T,_Z,_Z,_Z,2004,A,PT_GDP,
5.279891,P1Y,0,,A,PU,_Z,2,,,False,WB_WDI,WB_WDI_SH_XPD_CHEX_GD_ZS,AND,_T,_T,_T,_Z,_Z,_Z,2004,A,PT_GDP,
3.46084,P1Y,0,,A,PU,_Z,2,,,False,WB_WDI,WB_WDI_SH_XPD_CHEX_GD_ZS,AGO,_T,_T,_T,_Z,_Z,_Z,2004,A,PT_GDP,
4.584885,P1Y,0,,A,PU,_Z,2,,,False,WB_WDI,WB_WDI_SH_XPD_CHEX_GD_ZS,ATG,_T,_T,_T,_Z,_Z,_Z,2004,A,PT_GDP,
7.09477,P1Y,0,,A,PU,_Z,2,,,False,WB_WDI,WB_WDI_SH_XPD_CHEX_GD_ZS,ARG,_T,_T,_T,_Z,_Z,_Z,2004,A,PT_GDP,
6.055101,P1Y,0,,A,PU,_Z,2,,,False,WB_WDI,WB_WDI_SH_XPD_CHEX_GD_ZS,ARM,_T,_T,_T,_Z,_Z,_Z,2004,A,PT_GDP,
8.890374,P1Y,0,,A,PU,_Z,2,,,False,WB_WDI,WB_WDI_SH_XPD_CHEX_GD_ZS,DNK,_T,_T,_T,_Z,_Z,_Z,2003,A,PT_GDP,
4.270487,P1Y,0,,A,PU,_Z,2,,,False,WB_WDI,WB_WDI_SH_XPD_CHEX_GD_ZS,DJI,_T,_T,_T,_Z,_Z,_Z,2003,A,PT_GDP,
4.846179,P1Y,0,,A,PU,_Z,2,,,False,WB_WDI,WB_WDI_SH_XPD_CHEX_GD_ZS,DMA,_T,_T,_T,_Z,_Z,_Z,2003,A,PT_GDP,
4.388883,P1Y,0,,A,PU,_Z,2,,,False,WB_WDI,WB_WDI_SH_XPD_CHEX_GD_ZS,DOM,_T,_T,_T,_Z,_Z,_Z,2003,A,PT_GDP,
5.792324,P1Y,0,,A,PU,_Z,2,,,False,WB_WDI,WB_WDI_SH_XPD_CHEX_GD_ZS,ECU,_T,_T,_T,_Z,_Z,_Z,2003,A,PT_GDP,
5.224253,P1Y,0,,A,PU,_Z,2,,,False,WB_WDI,WB_WDI_SH_XPD_CHEX_GD_ZS,EGY,_T,_T,_T,_Z,_Z,_Z,2003,A,PT_GDP,
7.771823,P1Y,0,,A,PU,_Z,2,,,False,WB_WDI,WB_WDI_SH_XPD_CHEX_GD_ZS,SLV,_T,_T,_T,_Z,_Z,_Z,2003,A,PT_GDP,
1.971853,P1Y,0,,A,PU,_Z,2,,,False,WB_WDI,WB_WDI_SH_XPD_CHEX_GD_ZS,GNQ,_T,_T,_T,_Z,_Z,_Z,2003,A,PT_GDP,
7.337034,P1Y,0,,A,PU,_Z,2,,,False,WB_WDI,WB_WDI_SH_XPD_CHEX_GD_ZS,ERI,_T,_T,_T,_Z,_Z,_Z,2003,A,PT_GDP,
5.137489,P1Y,0,,A,PU,_Z,2,,,False,WB_WDI,WB_WDI_SH_XPD_CHEX_GD_ZS,EST,_T,_T,_T,_Z,_Z,_Z,2003,A,PT_GDP,
6.378644,P1Y,0,,A,PU,_Z,2,,,False,WB_WDI,WB_WDI_SH_XPD_CHEX_GD_ZS,SWZ,_T,_T,_T,_Z,_Z,_Z,2003,A,PT_GDP,
4.899709,P1Y,0,,A,PU,_Z,2,,,False,WB_WDI,WB_WDI_SH_XPD_CHEX_GD_ZS,ETH,_T,_T,_T,_Z,_Z,_Z,2003,A,PT_GDP,
4.827789,P1Y,0,,A,PU,_Z,2,,,False,WB_WDI,WB_WDI_SH_XPD_CHEX_GD_ZS,SLB,_T,_T,_T,_Z,_Z,_Z,2000,A,PT_GDP,
7.336619,P1Y,0,,A,PU,_Z,2,,,False,WB_WDI,WB_WDI_SH_XPD_CHEX_GD_ZS,ZAF,_T,_T,_T,_Z,_Z,_Z,2000,A,PT_GDP,
6.802178,P1Y,0,,A,PU,_Z,2,,,False,WB_WDI,WB_WDI_SH_XPD_CHEX_GD_ZS,ESP,_T,_T,_T,_Z,_Z,_Z,2000,A,PT_GDP,
4.108187,P1Y,0,,A,PU,_Z,2,,,False,WB_WDI,WB_WDI_SH_XPD_CHEX_GD_ZS,LKA,_T,_T,_T,_Z,_Z,_Z,2000,A,PT_GDP,
4.799338,P1Y,0,,A,PU,_Z,2,,,False,WB_WDI,WB_WDI_SH_XPD_CHEX_GD_ZS,KNA,_T,_T,_T,_Z,_Z,_Z,2000,A,PT_GDP,
4.865499,P1Y,0,,A,PU,_Z,2,,,False,WB_WDI,WB_WDI_SH_XPD_CHEX_GD_ZS,LCA,_T,_T,_T,_Z,_Z,_Z,2000,A,PT_GDP,
3.982841,P1Y,0,,A,PU,_Z,2,,,False,WB_WDI,WB_WDI_SH_XPD_CHEX_GD_ZS,VCT,_T,_T,_T,_Z,_Z,_Z,2000,A,PT_GDP,
3.606645,P1Y,0,,A,PU,_Z,2,,,False,WB_WDI,WB_WDI_SH_XPD_CHEX_GD_ZS,SDN,_T,_T,_T,_Z,_Z,_Z,2000,A,PT_GDP,
5.870922,P1Y,0,,A,PU,_Z,2,,,False,WB_WDI,WB_WDI_SH_XPD_CHEX_GD_ZS,SUR,_T,_T,_T,_Z,_Z,_Z,2000,A,PT_GDP,
7.324955,P1Y,0,,A,PU,_Z,2,,,False,WB_WDI,WB_WDI_SH_XPD_CHEX_GD_ZS,SWE,_T,_T,_T,_Z,_Z,_Z,2000,A,PT_GDP,
9.134424,P1Y,0,,A,PU,_Z,2,,,False,WB_WDI,WB_WDI_SH_XPD_CHEX_GD_ZS,CHE,_T,_T,_T,_Z,_Z,_Z,2000,A,PT_GDP,
8.443707,P1Y,0,,A,PU,_Z,2,,,False,WB_WDI,WB_WDI_SH_XPD_CHEX_GD_ZS,DNK,_T,_T,_T,_Z,_Z,_Z,2001,A,PT_GDP,
3.196085,P1Y,0,,A,PU,_Z,2,,,False,WB_WDI,WB_WDI_SH_XPD_CHEX_GD_ZS,DJI,_T,_T,_T,_Z,_Z,_Z,2001,A,PT_GDP,
4.645019,P1Y,0,,A,PU,_Z,2,,,False,WB_WDI,WB_WDI_SH_XPD_CHEX_GD_ZS,DMA,_T,_T,_T,_Z,_Z,_Z,2001,A,PT_GDP,
4.881833,P1Y,0,,A,PU,_Z,2,,,False,WB_WDI,WB_WDI_SH_XPD_CHEX_GD_ZS,DOM,_T,_T,_T,_Z,_Z,_Z,2001,A,PT_GDP,
4.063655,P1Y,0,,A,PU,_Z,2,,,False,WB_WDI,WB_WDI_SH_XPD_CHEX_GD_ZS,ECU,_T,_T,_T,_Z,_Z,_Z,2001,A,PT_GDP,
5.400303,P1Y,0,,A,PU,_Z,2,,,False,WB_WDI,WB_WDI_SH_XPD_CHEX_GD_ZS,EGY,_T,_T,_T,_Z,_Z,_Z,2001,A,PT_GDP,
7.886049,P1Y,0,,A,PU,_Z,2,,,False,WB_WDI,WB_WDI_SH_XPD_CHEX_GD_ZS,SLV,_T,_T,_T,_Z,_Z,_Z,2001,A,PT_GDP,
1.325593,P1Y,0,,A,PU,_Z,2,,,False,WB_WDI,WB_WDI_SH_XPD_CHEX_GD_ZS,GNQ,_T,_T,_T,_Z,_Z,_Z,2001,A,PT_GDP,
5.919317,P1Y,0,,A,PU,_Z,2,,,False,WB_WDI,WB_WDI_SH_XPD_CHEX_GD_ZS,ERI,_T,_T,_T,_Z,_Z,_Z,2001,A,PT_GDP,
4.783992,P1Y,0,,A,PU,_Z,2,,,False,WB_WDI,WB_WDI_SH_XPD_CHEX_GD_ZS,EST,_T,_T,_T,_Z,_Z,_Z,2001,A,PT_GDP,
5.138954,P1Y,0,,A,PU,_Z,2,,,False,WB_WDI,WB_WDI_SH_XPD_CHEX_GD_ZS,SWZ,_T,_T,_T,_Z,_Z,_Z,2001,A,PT_GDP,
4.723167,P1Y,0,,A,PU,_Z,2,,,False,WB_WDI,WB_WDI_SH_XPD_CHEX_GD_ZS,ETH,_T,_T,_T,_Z,_Z,_Z,2001,A,PT_GDP,
3.773228,P1Y,0,,A,PU,_Z,2,,,False,WB_WDI,WB_WDI_SH_XPD_CHEX_GD_ZS,LMC,_T,_T,_T,_Z,_Z,_Z,2021,A,PT_GDP,
5.433858,P1Y,0,,A,PU,_Z,2,,,False,WB_WDI,WB_WDI_SH_XPD_CHEX_GD_ZS,MEA,_T,_T,_T,_Z,_Z,_Z,2021,A,PT_GDP,
4.869623,P1Y,0,,A,PU,_Z,2,,,False,WB_WDI,WB_WDI_SH_XPD_CHEX_GD_ZS,MNA,_T,_T,_T,_Z,_Z,_Z,2021,A,PT_GDP,
4.816781,P1Y,0,,A,PU,_Z,2,,,False,WB_WDI,WB_WDI_SH_XPD_CHEX_GD_ZS,TMN,_T,_T,_T,_Z,_Z,_Z,2021,A,PT_GDP,
5.361385,P1Y,0,,A,PU,_Z,2,,,False,WB_WDI,WB_WDI_SH_XPD_CHEX_GD_ZS,MIC,_T,_T,_T,_Z,_Z,_Z,2021,A,PT_GDP,
16.96163,P1Y,0,,A,PU,_Z,2,,,False,WB_WDI,WB_WDI_SH_XPD_CHEX_GD_ZS,NAC,_T,_T,_T,_Z,_Z,_Z,2021,A,PT_GDP,
13.34768,P1Y,0,,A,PU,_Z,2,,,False,WB_WDI,WB_WDI_SH_XPD_CHEX_GD_ZS,OED,_T,_T,_T,_Z,_Z,_Z,2021,A,PT_GDP,
7.728701,P1Y,0,,A,PU,_Z,2,,,False,WB_WDI,WB_WDI_SH_XPD_CHEX_GD_ZS,OSS,_T,_T,_T,_Z,_Z,_Z,2021,A,PT_GDP,
7.229796,P1Y,0,,A,PU,_Z,2,,,False,WB_WDI,WB_WDI_SH_XPD_CHEX_GD_ZS,PSS,_T,_T,_T,_Z,_Z,_Z,2021,A,PT_GDP,
13.819127,P1Y,0,,A,PU,_Z,2,,,False,WB_WDI,WB_WDI_SH_XPD_CHEX_GD_ZS,PST,_T,_T,_T,_Z,_Z,_Z,2021,A,PT_GDP,
4.481624,P1Y,0,,A,PU,_Z,2,,,False,WB_WDI,WB_WDI_SH_XPD_CHEX_GD_ZS,PRE,_T,_T,_T,_Z,_Z,_Z,2021,A,PT_GDP,
7.381796,P1Y,0,,A,PU,_Z,2,,,False,WB_WDI,WB_WDI_SH_XPD_CHEX_GD_ZS,SST,_T,_T,_T,_Z,_Z,_Z,2021,A,PT_GDP,
3.300461,P1Y,0,,A,PU,_Z,2,,,False,WB_WDI,WB_WDI_SH_XPD_CHEX_GD_ZS,SAS,_T,_T,_T,_Z,_Z,_Z,2021,A,PT_GDP,
4.142601,P1Y,0,,A,PU,_Z,2,,,True,WB_WDI,WB_WDI_SH_XPD_CHEX_GD_ZS,AFW,_T,_T,_T,_Z,_Z,_Z,2023,A,PT_GDP,
5.165765,P1Y,0,,A,PU,_Z,2,,,True,WB_WDI,WB_WDI_SH_XPD_CHEX_GD_ZS,ARB,_T,_T,_T,_Z,_Z,_Z,2023,A,PT_GDP,
5.487788,P1Y,0,,A,PU,_Z,2,,,True,WB_WDI,WB_WDI_SH_XPD_CHEX_GD_ZS,CSS,_T,_T,_T,_Z,_Z,_Z,2023,A,PT_GDP,
7.172075,P1Y,0,,A,PU,_Z,2,,,True,WB_WDI,WB_WDI_SH_XPD_CHEX_GD_ZS,CEB,_T,_T,_T,_Z,_Z,_Z,2023,A,PT_GDP,
4.827639,P1Y,0,,A,PU,_Z,2,,,True,WB_WDI,WB_WDI_SH_XPD_CHEX_GD_ZS,EAR,_T,_T,_T,_Z,_Z,_Z,2023,A,PT_GDP,
6.8204,P1Y,0,,A,PU,_Z,2,,,True,WB_WDI,WB_WDI_SH_XPD_CHEX_GD_ZS,EAS,_T,_T,_T,_Z,_Z,_Z,2023,A,PT_GDP,
5.608367,P1Y,0,,A,PU,_Z,2,,,True,WB_WDI,WB_WDI_SH_XPD_CHEX_GD_ZS,EAP,_T,_T,_T,_Z,_Z,_Z,2023,A,PT_GDP,
5.608528,P1Y,0,,A,PU,_Z,2,,,True,WB_WDI,WB_WDI_SH_XPD_CHEX_GD_ZS,TEA,_T,_T,_T,_Z,_Z,_Z,2023,A,PT_GDP,
10.289918,P1Y,0,,A,PU,_Z,2,,,False,WB_WDI,WB_WDI_SH_XPD_CHEX_GD_ZS,EMU,_T,_T,_T,_Z,_Z,_Z,2023,A,PT_GDP,
9.584968,P1Y,0,,A,PU,_Z,2,,,True,WB_WDI,WB_WDI_SH_XPD_CHEX_GD_ZS,ECS,_T,_T,_T,_Z,_Z,_Z,2023,A,PT_GDP,
4.920524,P1Y,0,,A,PU,_Z,2,,,True,WB_WDI,WB_WDI_SH_XPD_CHEX_GD_ZS,ECA,_T,_T,_T,_Z,_Z,_Z,2023,A,PT_GDP,
6.215324,P1Y,0,,A,PU,_Z,2,,,True,WB_WDI,WB_WDI_SH_XPD_CHEX_GD_ZS,TEC,_T,_T,_T,_Z,_Z,_Z,2023,A,PT_GDP,
9.998993,P1Y,0,,A,PU,_Z,2,,,False,WB_WDI,WB_WDI_SH_XPD_CHEX_GD_ZS,EUU,_T,_T,_T,_Z,_Z,_Z,2023,A,PT_GDP,
4.452534,P1Y,0,,A,PU,_Z,2,,,True,WB_WDI,WB_WDI_SH_XPD_CHEX_GD_ZS,HPC,_T,_T,_T,_Z,_Z,_Z,2023,A,PT_GDP,
12.53812,P1Y,0,,A,PU,_Z,2,,,True,WB_WDI,WB_WDI_SH_XPD_CHEX_GD_ZS,HIC,_T,_T,_T,_Z,_Z,_Z,2023,A,PT_GDP,
5.909896,P1Y,0,,A,PU,_Z,2,,,True,WB_WDI,WB_WDI_SH_XPD_CHEX_GD_ZS,IBD,_T,_T,_T,_Z,_Z,_Z,2023,A,PT_GDP,
8.246529,P1Y,0,,A,PU,_Z,2,,,False,WB_WDI,WB_WDI_SH_XPD_CHEX_GD_ZS,ZAF,_T,_T,_T,_Z,_Z,_Z,2019,A,PT_GDP,
9.065701,P1Y,0,,A,PU,_Z,2,,,False,WB_WDI,WB_WDI_SH_XPD_CHEX_GD_ZS,SSD,_T,_T,_T,_Z,_Z,_Z,2019,A,PT_GDP,
9.215395,P1Y,0,,A,PU,_Z,2,,,False,WB_WDI,WB_WDI_SH_XPD_CHEX_GD_ZS,ESP,_T,_T,_T,_Z,_Z,_Z,2019,A,PT_GDP,
3.701196,P1Y,0,,A,PU,_Z,2,,,False,WB_WDI,WB_WDI_SH_XPD_CHEX_GD_ZS,LKA,_T,_T,_T,_Z,_Z,_Z,2019,A,PT_GDP,
5.192015,P1Y,0,,A,PU,_Z,2,,,False,WB_WDI,WB_WDI_SH_XPD_CHEX_GD_ZS,KNA,_T,_T,_T,_Z,_Z,_Z,2019,A,PT_GDP,
4.290905,P1Y,0,,A,PU,_Z,2,,,False,WB_WDI,WB_WDI_SH_XPD_CHEX_GD_ZS,LCA,_T,_T,_T,_Z,_Z,_Z,2019,A,PT_GDP,
4.260633,P1Y,0,,A,PU,_Z,2,,,False,WB_WDI,WB_WDI_SH_XPD_CHEX_GD_ZS,VCT,_T,_T,_T,_Z,_Z,_Z,2019,A,PT_GDP,
4.599676,P1Y,0,,A,PU,_Z,2,,,False,WB_WDI,WB_WDI_SH_XPD_CHEX_GD_ZS,SDN,_T,_T,_T,_Z,_Z,_Z,2019,A,PT_GDP,
8.383536,P1Y,0,,A,PU,_Z,2,,,False,WB_WDI,WB_WDI_SH_XPD_CHEX_GD_ZS,SUR,_T,_T,_T,_Z,_Z,_Z,2019,A,PT_GDP,
10.934443,P1Y,0,,A,PU,_Z,2,,,False,WB_WDI,WB_WDI_SH_XPD_CHEX_GD_ZS,SWE,_T,_T,_T,_Z,_Z,_Z,2019,A,PT_GDP,
11.42589,P1Y,0,,A,PU,_Z,2,,,False,WB_WDI,WB_WDI_SH_XPD_CHEX_GD_ZS,CHE,_T,_T,_T,_Z,_Z,_Z,2019,A,PT_GDP,
3.969786,P1Y,0,,A,PU,_Z,2,,,False,WB_WDI,WB_WDI_SH_XPD_CHEX_GD_ZS,SYR,_T,_T,_T,_Z,_Z,_Z,2019,A,PT_GDP,
7.649415,P1Y,0,,A,PU,_Z,2,,,False,WB_WDI,WB_WDI_SH_XPD_CHEX_GD_ZS,ZAF,_T,_T,_T,_Z,_Z,_Z,2009,A,PT_GDP,
9.15303,P1Y,0,,A,PU,_Z,2,,,False,WB_WDI,WB_WDI_SH_XPD_CHEX_GD_ZS,ESP,_T,_T,_T,_Z,_Z,_Z,2009,A,PT_GDP,
4.056768,P1Y,0,,A,PU,_Z,2,,,False,WB_WDI,WB_WDI_SH_XPD_CHEX_GD_ZS,LKA,_T,_T,_T,_Z,_Z,_Z,2009,A,PT_GDP,
5.286737,P1Y,0,,A,PU,_Z,2,,,False,WB_WDI,WB_WDI_SH_XPD_CHEX_GD_ZS,KNA,_T,_T,_T,_Z,_Z,_Z,2009,A,PT_GDP,
5.244108,P1Y,0,,A,PU,_Z,2,,,False,WB_WDI,WB_WDI_SH_XPD_CHEX_GD_ZS,LCA,_T,_T,_T,_Z,_Z,_Z,2009,A,PT_GDP,
4.092996,P1Y,0,,A,PU,_Z,2,,,False,WB_WDI,WB_WDI_SH_XPD_CHEX_GD_ZS,VCT,_T,_T,_T,_Z,_Z,_Z,2009,A,PT_GDP,
6.394963,P1Y,0,,A,PU,_Z,2,,,False,WB_WDI,WB_WDI_SH_XPD_CHEX_GD_ZS,SDN,_T,_T,_T,_Z,_Z,_Z,2009,A,PT_GDP,
4.978103,P1Y,0,,A,PU,_Z,2,,,False,WB_WDI,WB_WDI_SH_XPD_CHEX_GD_ZS,SUR,_T,_T,_T,_Z,_Z,_Z,2009,A,PT_GDP,
8.77743,P1Y,0,,A,PU,_Z,2,,,False,WB_WDI,WB_WDI_SH_XPD_CHEX_GD_ZS,SWE,_T,_T,_T,_Z,_Z,_Z,2009,A,PT_GDP,
10.141506,P1Y,0,,A,PU,_Z,2,,,False,WB_WDI,WB_WDI_SH_XPD_CHEX_GD_ZS,CHE,_T,_T,_T,_Z,_Z,_Z,2009,A,PT_GDP,
6.366078,P1Y,0,,A,PU,_Z,2,,,False,WB_WDI,WB_WDI_SH_XPD_CHEX_GD_ZS,BWA,_T,_T,_T,_Z,_Z,_Z,2001,A,PT_GDP,
8.549633,P1Y,0,,A,PU,_Z,2,,,False,WB_WDI,WB_WDI_SH_XPD_CHEX_GD_ZS,BRA,_T,_T,_T,_Z,_Z,_Z,2001,A,PT_GDP,
2.546511,P1Y,0,,A,PU,_Z,2,,,False,WB_WDI,WB_WDI_SH_XPD_CHEX_GD_ZS,BRN,_T,_T,_T,_Z,_Z,_Z,2001,A,PT_GDP,
6.859588,P1Y,0,,A,PU,_Z,2,,,False,WB_WDI,WB_WDI_SH_XPD_CHEX_GD_ZS,BGR,_T,_T,_T,_Z,_Z,_Z,2001,A,PT_GDP,
3.959839,P1Y,0,,A,PU,_Z,2,,,False,WB_WDI,WB_WDI_SH_XPD_CHEX_GD_ZS,BFA,_T,_T,_T,_Z,_Z,_Z,2001,A,PT_GDP,
5.681804,P1Y,0,,A,PU,_Z,2,,,False,WB_WDI,WB_WDI_SH_XPD_CHEX_GD_ZS,BDI,_T,_T,_T,_Z,_Z,_Z,2001,A,PT_GDP,
3.696529,P1Y,0,,A,PU,_Z,2,,,False,WB_WDI,WB_WDI_SH_XPD_CHEX_GD_ZS,CPV,_T,_T,_T,_Z,_Z,_Z,2001,A,PT_GDP,
6.760283,P1Y,0,,A,PU,_Z,2,,,False,WB_WDI,WB_WDI_SH_XPD_CHEX_GD_ZS,KHM,_T,_T,_T,_Z,_Z,_Z,2001,A,PT_GDP,
4.168304,P1Y,0,,A,PU,_Z,2,,,False,WB_WDI,WB_WDI_SH_XPD_CHEX_GD_ZS,CMR,_T,_T,_T,_Z,_Z,_Z,2001,A,PT_GDP,
8.624763,P1Y,0,,A,PU,_Z,2,,,False,WB_WDI,WB_WDI_SH_XPD_CHEX_GD_ZS,CAN,_T,_T,_T,_Z,_Z,_Z,2001,A,PT_GDP,
4.01044,P1Y,0,,A,PU,_Z,2,,,False,WB_WDI,WB_WDI_SH_XPD_CHEX_GD_ZS,CAF,_T,_T,_T,_Z,_Z,_Z,2001,A,PT_GDP,
4.080393,P1Y,0,,A,PU,_Z,2,,,False,WB_WDI,WB_WDI_SH_XPD_CHEX_GD_ZS,TCD,_T,_T,_T,_Z,_Z,_Z,2001,A,PT_GDP,
5.769177,P1Y,0,,A,PU,_Z,2,,,True,WB_WDI,WB_WDI_SH_XPD_CHEX_GD_ZS,IBT,_T,_T,_T,_Z,_Z,_Z,2023,A,PT_GDP,
3.893554,P1Y,0,,A,PU,_Z,2,,,True,WB_WDI,WB_WDI_SH_XPD_CHEX_GD_ZS,IDB,_T,_T,_T,_Z,_Z,_Z,2023,A,PT_GDP,
3.840596,P1Y,0,,A,PU,_Z,2,,,True,WB_WDI,WB_WDI_SH_XPD_CHEX_GD_ZS,IDX,_T,_T,_T,_Z,_Z,_Z,2023,A,PT_GDP,
3.864138,P1Y,0,,A,PU,_Z,2,,,True,WB_WDI,WB_WDI_SH_XPD_CHEX_GD_ZS,IDA,_T,_T,_T,_Z,_Z,_Z,2023,A,PT_GDP,
6.311552,P1Y,0,,A,PU,_Z,2,,,True,WB_WDI,WB_WDI_SH_XPD_CHEX_GD_ZS,LTE,_T,_T,_T,_Z,_Z,_Z,2023,A,PT_GDP,
7.943551,P1Y,0,,A,PU,_Z,2,,,True,WB_WDI,WB_WDI_SH_XPD_CHEX_GD_ZS,LCN,_T,_T,_T,_Z,_Z,_Z,2023,A,PT_GDP,
7.840156,P1Y,0,,A,PU,_Z,2,,,True,WB_WDI,WB_WDI_SH_XPD_CHEX_GD_ZS,LAC,_T,_T,_T,_Z,_Z,_Z,2023,A,PT_GDP,
7.947353,P1Y,0,,A,PU,_Z,2,,,True,WB_WDI,WB_WDI_SH_XPD_CHEX_GD_ZS,TLA,_T,_T,_T,_Z,_Z,_Z,2023,A,PT_GDP,
3.606879,P1Y,0,,A,PU,_Z,2,,,True,WB_WDI,WB_WDI_SH_XPD_CHEX_GD_ZS,LDC,_T,_T,_T,_Z,_Z,_Z,2023,A,PT_GDP,
5.610914,P1Y,0,,A,PU,_Z,2,,,True,WB_WDI,WB_WDI_SH_XPD_CHEX_GD_ZS,LMY,_T,_T,_T,_Z,_Z,_Z,2023,A,PT_GDP,
4.570738,P1Y,0,,A,PU,_Z,2,,,True,WB_WDI,WB_WDI_SH_XPD_CHEX_GD_ZS,LIC,_T,_T,_T,_Z,_Z,_Z,2023,A,PT_GDP,
3.708087,P1Y,0,,A,PU,_Z,2,,,True,WB_WDI,WB_WDI_SH_XPD_CHEX_GD_ZS,LMC,_T,_T,_T,_Z,_Z,_Z,2023,A,PT_GDP,
5.342568,P1Y,0,,A,PU,_Z,2,,,True,WB_WDI,WB_WDI_SH_XPD_CHEX_GD_ZS,MEA,_T,_T,_T,_Z,_Z,_Z,2023,A,PT_GDP,
5.204671,P1Y,0,,A,PU,_Z,2,,,True,WB_WDI,WB_WDI_SH_XPD_CHEX_GD_ZS,MNA,_T,_T,_T,_Z,_Z,_Z,2023,A,PT_GDP,
5.154228,P1Y,0,,A,PU,_Z,2,,,True,WB_WDI,WB_WDI_SH_XPD_CHEX_GD_ZS,TMN,_T,_T,_T,_Z,_Z,_Z,2023,A,PT_GDP,
5.624563,P1Y,0,,A,PU,_Z,2,,,True,WB_WDI,WB_WDI_SH_XPD_CHEX_GD_ZS,MIC,_T,_T,_T,_Z,_Z,_Z,2023,A,PT_GDP,
6.854108,P1Y,0,,A,PU,_Z,2,,,True,WB_WDI,WB_WDI_SH_XPD_CHEX_GD_ZS,IRL,_T,_T,_T,_Z,_Z,_Z,2024,A,PT_GDP,
8.444373,P1Y,0,,A,PU,_Z,2,,,True,WB_WDI,WB_WDI_SH_XPD_CHEX_GD_ZS,ITA,_T,_T,_T,_Z,_Z,_Z,2024,A,PT_GDP,
8.67657,P1Y,0,,A,PU,_Z,2,,,True,WB_WDI,WB_WDI_SH_XPD_CHEX_GD_ZS,KOR,_T,_T,_T,_Z,_Z,_Z,2024,A,PT_GDP,
3.510848,P1Y,0,,A,PU,_Z,2,,,False,WB_WDI,WB_WDI_SH_XPD_CHEX_GD_ZS,TSA,_T,_T,_T,_Z,_Z,_Z,2007,A,PT_GDP,
5.040697,P1Y,0,,A,PU,_Z,2,,,False,WB_WDI,WB_WDI_SH_XPD_CHEX_GD_ZS,SSF,_T,_T,_T,_Z,_Z,_Z,2007,A,PT_GDP,
5.041896,P1Y,0,,A,PU,_Z,2,,,False,WB_WDI,WB_WDI_SH_XPD_CHEX_GD_ZS,SSA,_T,_T,_T,_Z,_Z,_Z,2007,A,PT_GDP,
5.040697,P1Y,0,,A,PU,_Z,2,,,False,WB_WDI,WB_WDI_SH_XPD_CHEX_GD_ZS,TSS,_T,_T,_T,_Z,_Z,_Z,2007,A,PT_GDP,
4.985043,P1Y,0,,A,PU,_Z,2,,,False,WB_WDI,WB_WDI_SH_XPD_CHEX_GD_ZS,UMC,_T,_T,_T,_Z,_Z,_Z,2007,A,PT_GDP,
9.05877,P1Y,0,,A,PU,_Z,2,,,False,WB_WDI,WB_WDI_SH_XPD_CHEX_GD_ZS,WLD,_T,_T,_T,_Z,_Z,_Z,2007,A,PT_GDP,
9.904675,P1Y,0,,A,PU,_Z,2,,,False,WB_WDI,WB_WDI_SH_XPD_CHEX_GD_ZS,AFG,_T,_T,_T,_Z,_Z,_Z,2007,A,PT_GDP,
5.856399,P1Y,0,,A,PU,_Z,2,,,False,WB_WDI,WB_WDI_SH_XPD_CHEX_GD_ZS,ALB,_T,_T,_T,_Z,_Z,_Z,2007,A,PT_GDP,
3.620114,P1Y,0,,A,PU,_Z,2,,,False,WB_WDI,WB_WDI_SH_XPD_CHEX_GD_ZS,DZA,_T,_T,_T,_Z,_Z,_Z,2007,A,PT_GDP,
4.940787,P1Y,0,,A,PU,_Z,2,,,False,WB_WDI,WB_WDI_SH_XPD_CHEX_GD_ZS,AND,_T,_T,_T,_Z,_Z,_Z,2007,A,PT_GDP,
2.657908,P1Y,0,,A,PU,_Z,2,,,False,WB_WDI,WB_WDI_SH_XPD_CHEX_GD_ZS,AGO,_T,_T,_T,_Z,_Z,_Z,2007,A,PT_GDP,
3.923547,P1Y,0,,A,PU,_Z,2,,,False,WB_WDI,WB_WDI_SH_XPD_CHEX_GD_ZS,ATG,_T,_T,_T,_Z,_Z,_Z,2007,A,PT_GDP,
7.861966,P1Y,0,,A,PU,_Z,2,,,False,WB_WDI,WB_WDI_SH_XPD_CHEX_GD_ZS,ARG,_T,_T,_T,_Z,_Z,_Z,2007,A,PT_GDP,
10.005511,P1Y,0,,A,PU,_Z,2,,,True,WB_WDI,WB_WDI_SH_XPD_CHEX_GD_ZS,NLD,_T,_T,_T,_Z,_Z,_Z,2024,A,PT_GDP,
10.061867,P1Y,0,,A,PU,_Z,2,,,True,WB_WDI,WB_WDI_SH_XPD_CHEX_GD_ZS,NZL,_T,_T,_T,_Z,_Z,_Z,2024,A,PT_GDP,
4.864195,P1Y,0,,A,PU,_Z,2,,,False,WB_WDI,WB_WDI_SH_XPD_CHEX_GD_ZS,MEA,_T,_T,_T,_Z,_Z,_Z,2014,A,PT_GDP,
5.180035,P1Y,0,,A,PU,_Z,2,,,False,WB_WDI,WB_WDI_SH_XPD_CHEX_GD_ZS,MNA,_T,_T,_T,_Z,_Z,_Z,2014,A,PT_GDP,
5.145307,P1Y,0,,A,PU,_Z,2,,,False,WB_WDI,WB_WDI_SH_XPD_CHEX_GD_ZS,TMN,_T,_T,_T,_Z,_Z,_Z,2014,A,PT_GDP,
5.093344,P1Y,0,,A,PU,_Z,2,,,False,WB_WDI,WB_WDI_SH_XPD_CHEX_GD_ZS,MIC,_T,_T,_T,_Z,_Z,_Z,2014,A,PT_GDP,
15.596486,P1Y,0,,A,PU,_Z,2,,,False,WB_WDI,WB_WDI_SH_XPD_CHEX_GD_ZS,NAC,_T,_T,_T,_Z,_Z,_Z,2014,A,PT_GDP,
11.820548,P1Y,0,,A,PU,_Z,2,,,False,WB_WDI,WB_WDI_SH_XPD_CHEX_GD_ZS,OED,_T,_T,_T,_Z,_Z,_Z,2014,A,PT_GDP,
6.271415,P1Y,0,,A,PU,_Z,2,,,False,WB_WDI,WB_WDI_SH_XPD_CHEX_GD_ZS,OSS,_T,_T,_T,_Z,_Z,_Z,2014,A,PT_GDP,
4.813419,P1Y,0,,A,PU,_Z,2,,,False,WB_WDI,WB_WDI_SH_XPD_CHEX_GD_ZS,PSS,_T,_T,_T,_Z,_Z,_Z,2014,A,PT_GDP,
12.258806,P1Y,0,,A,PU,_Z,2,,,False,WB_WDI,WB_WDI_SH_XPD_CHEX_GD_ZS,PST,_T,_T,_T,_Z,_Z,_Z,2014,A,PT_GDP,
3.658238,P1Y,0,,A,PU,_Z,2,,,False,WB_WDI,WB_WDI_SH_XPD_CHEX_GD_ZS,PRE,_T,_T,_T,_Z,_Z,_Z,2014,A,PT_GDP,
5.822743,P1Y,0,,A,PU,_Z,2,,,False,WB_WDI,WB_WDI_SH_XPD_CHEX_GD_ZS,SST,_T,_T,_T,_Z,_Z,_Z,2014,A,PT_GDP,
3.535152,P1Y,0,,A,PU,_Z,2,,,False,WB_WDI,WB_WDI_SH_XPD_CHEX_GD_ZS,SAS,_T,_T,_T,_Z,_Z,_Z,2014,A,PT_GDP,
3.535152,P1Y,0,,A,PU,_Z,2,,,False,WB_WDI,WB_WDI_SH_XPD_CHEX_GD_ZS,TSA,_T,_T,_T,_Z,_Z,_Z,2014,A,PT_GDP,
5.531768,P1Y,0,,A,PU,_Z,2,,,False,WB_WDI,WB_WDI_SH_XPD_CHEX_GD_ZS,MEA,_T,_T,_T,_Z,_Z,_Z,2017,A,PT_GDP,
5.676078,P1Y,0,,A,PU,_Z,2,,,False,WB_WDI,WB_WDI_SH_XPD_CHEX_GD_ZS,MNA,_T,_T,_T,_Z,_Z,_Z,2017,A,PT_GDP,
5.646292,P1Y,0,,A,PU,_Z,2,,,False,WB_WDI,WB_WDI_SH_XPD_CHEX_GD_ZS,TMN,_T,_T,_T,_Z,_Z,_Z,2017,A,PT_GDP,
5.195894,P1Y,0,,A,PU,_Z,2,,,False,WB_WDI,WB_WDI_SH_XPD_CHEX_GD_ZS,MIC,_T,_T,_T,_Z,_Z,_Z,2017,A,PT_GDP,
16.195029,P1Y,0,,A,PU,_Z,2,,,False,WB_WDI,WB_WDI_SH_XPD_CHEX_GD_ZS,NAC,_T,_T,_T,_Z,_Z,_Z,2017,A,PT_GDP,
12.277787,P1Y,0,,A,PU,_Z,2,,,False,WB_WDI,WB_WDI_SH_XPD_CHEX_GD_ZS,OED,_T,_T,_T,_Z,_Z,_Z,2017,A,PT_GDP,
6.54416,P1Y,0,,A,PU,_Z,2,,,False,WB_WDI,WB_WDI_SH_XPD_CHEX_GD_ZS,OSS,_T,_T,_T,_Z,_Z,_Z,2017,A,PT_GDP,
4.606909,P1Y,0,,A,PU,_Z,2,,,False,WB_WDI,WB_WDI_SH_XPD_CHEX_GD_ZS,PSS,_T,_T,_T,_Z,_Z,_Z,2017,A,PT_GDP,
12.721833,P1Y,0,,A,PU,_Z,2,,,False,WB_WDI,WB_WDI_SH_XPD_CHEX_GD_ZS,PST,_T,_T,_T,_Z,_Z,_Z,2017,A,PT_GDP,
4.122762,P1Y,0,,A,PU,_Z,2,,,False,WB_WDI,WB_WDI_SH_XPD_CHEX_GD_ZS,PRE,_T,_T,_T,_Z,_Z,_Z,2017,A,PT_GDP,
6.289048,P1Y,0,,A,PU,_Z,2,,,False,WB_WDI,WB_WDI_SH_XPD_CHEX_GD_ZS,SST,_T,_T,_T,_Z,_Z,_Z,2017,A,PT_GDP,
2.920477,P1Y,0,,A,PU,_Z,2,,,False,WB_WDI,WB_WDI_SH_XPD_CHEX_GD_ZS,SAS,_T,_T,_T,_Z,_Z,_Z,2017,A,PT_GDP,
2.920477,P1Y,0,,A,PU,_Z,2,,,False,WB_WDI,WB_WDI_SH_XPD_CHEX_GD_ZS,TSA,_T,_T,_T,_Z,_Z,_Z,2017,A,PT_GDP,
6.196324,P1Y,0,,A,PU,_Z,2,,,False,WB_WDI,WB_WDI_SH_XPD_CHEX_GD_ZS,PSS,_T,_T,_T,_Z,_Z,_Z,2020,A,PT_GDP,
14.294986,P1Y,0,,A,PU,_Z,2,,,False,WB_WDI,WB_WDI_SH_XPD_CHEX_GD_ZS,PST,_T,_T,_T,_Z,_Z,_Z,2020,A,PT_GDP,
4.262855,P1Y,0,,A,PU,_Z,2,,,False,WB_WDI,WB_WDI_SH_XPD_CHEX_GD_ZS,PRE,_T,_T,_T,_Z,_Z,_Z,2020,A,PT_GDP,
7.46045,P1Y,0,,A,PU,_Z,2,,,False,WB_WDI,WB_WDI_SH_XPD_CHEX_GD_ZS,SST,_T,_T,_T,_Z,_Z,_Z,2020,A,PT_GDP,
3.259376,P1Y,0,,A,PU,_Z,2,,,False,WB_WDI,WB_WDI_SH_XPD_CHEX_GD_ZS,SAS,_T,_T,_T,_Z,_Z,_Z,2020,A,PT_GDP,
3.259376,P1Y,0,,A,PU,_Z,2,,,False,WB_WDI,WB_WDI_SH_XPD_CHEX_GD_ZS,TSA,_T,_T,_T,_Z,_Z,_Z,2020,A,PT_GDP,
4.867937,P1Y,0,,A,PU,_Z,2,,,False,WB_WDI,WB_WDI_SH_XPD_CHEX_GD_ZS,SSF,_T,_T,_T,_Z,_Z,_Z,2020,A,PT_GDP,
4.86723,P1Y,0,,A,PU,_Z,2,,,False,WB_WDI,WB_WDI_SH_XPD_CHEX_GD_ZS,SSA,_T,_T,_T,_Z,_Z,_Z,2020,A,PT_GDP,
4.867937,P1Y,0,,A,PU,_Z,2,,,False,WB_WDI,WB_WDI_SH_XPD_CHEX_GD_ZS,TSS,_T,_T,_T,_Z,_Z,_Z,2020,A,PT_GDP,
5.849445,P1Y,0,,A,PU,_Z,2,,,False,WB_WDI,WB_WDI_SH_XPD_CHEX_GD_ZS,UMC,_T,_T,_T,_Z,_Z,_Z,2020,A,PT_GDP,
10.745648,P1Y,0,,A,PU,_Z,2,,,False,WB_WDI,WB_WDI_SH_XPD_CHEX_GD_ZS,WLD,_T,_T,_T,_Z,_Z,_Z,2020,A,PT_GDP,
15.533614,P1Y,0,,A,PU,_Z,2,,,False,WB_WDI,WB_WDI_SH_XPD_CHEX_GD_ZS,AFG,_T,_T,_T,_Z,_Z,_Z,2020,A,PT_GDP,
7.465137,P1Y,0,,A,PU,_Z,2,,,False,WB_WDI,WB_WDI_SH_XPD_CHEX_GD_ZS,ALB,_T,_T,_T,_Z,_Z,_Z,2020,A,PT_GDP,
4.134199,P1Y,0,,A,PU,_Z,2,,,False,WB_WDI,WB_WDI_SH_XPD_CHEX_GD_ZS,PRE,_T,_T,_T,_Z,_Z,_Z,2006,A,PT_GDP,
5.270827,P1Y,0,,A,PU,_Z,2,,,False,WB_WDI,WB_WDI_SH_XPD_CHEX_GD_ZS,SST,_T,_T,_T,_Z,_Z,_Z,2006,A,PT_GDP,
3.57309,P1Y,0,,A,PU,_Z,2,,,False,WB_WDI,WB_WDI_SH_XPD_CHEX_GD_ZS,SAS,_T,_T,_T,_Z,_Z,_Z,2006,A,PT_GDP,
3.57309,P1Y,0,,A,PU,_Z,2,,,False,WB_WDI,WB_WDI_SH_XPD_CHEX_GD_ZS,TSA,_T,_T,_T,_Z,_Z,_Z,2006,A,PT_GDP,
5.132801,P1Y,0,,A,PU,_Z,2,,,False,WB_WDI,WB_WDI_SH_XPD_CHEX_GD_ZS,SSF,_T,_T,_T,_Z,_Z,_Z,2006,A,PT_GDP,
5.133697,P1Y,0,,A,PU,_Z,2,,,False,WB_WDI,WB_WDI_SH_XPD_CHEX_GD_ZS,SSA,_T,_T,_T,_Z,_Z,_Z,2006,A,PT_GDP,
5.132801,P1Y,0,,A,PU,_Z,2,,,False,WB_WDI,WB_WDI_SH_XPD_CHEX_GD_ZS,TSS,_T,_T,_T,_Z,_Z,_Z,2006,A,PT_GDP,
5.058188,P1Y,0,,A,PU,_Z,2,,,False,WB_WDI,WB_WDI_SH_XPD_CHEX_GD_ZS,UMC,_T,_T,_T,_Z,_Z,_Z,2006,A,PT_GDP,
9.219226,P1Y,0,,A,PU,_Z,2,,,False,WB_WDI,WB_WDI_SH_XPD_CHEX_GD_ZS,WLD,_T,_T,_T,_Z,_Z,_Z,2006,A,PT_GDP,
10.622766,P1Y,0,,A,PU,_Z,2,,,False,WB_WDI,WB_WDI_SH_XPD_CHEX_GD_ZS,AFG,_T,_T,_T,_Z,_Z,_Z,2006,A,PT_GDP,
5.565537,P1Y,0,,A,PU,_Z,2,,,False,WB_WDI,WB_WDI_SH_XPD_CHEX_GD_ZS,ALB,_T,_T,_T,_Z,_Z,_Z,2006,A,PT_GDP,
3.189999,P1Y,0,,A,PU,_Z,2,,,False,WB_WDI,WB_WDI_SH_XPD_CHEX_GD_ZS,DZA,_T,_T,_T,_Z,_Z,_Z,2006,A,PT_GDP,
4.950782,P1Y,0,,A,PU,_Z,2,,,False,WB_WDI,WB_WDI_SH_XPD_CHEX_GD_ZS,AND,_T,_T,_T,_Z,_Z,_Z,2006,A,PT_GDP,
2.398334,P1Y,0,,A,PU,_Z,2,,,False,WB_WDI,WB_WDI_SH_XPD_CHEX_GD_ZS,AGO,_T,_T,_T,_Z,_Z,_Z,2006,A,PT_GDP,
12.202702,P1Y,0,,A,PU,_Z,2,,,False,WB_WDI,WB_WDI_SH_XPD_CHEX_GD_ZS,NAC,_T,_T,_T,_Z,_Z,_Z,2000,A,PT_GDP,
9.312219,P1Y,0,,A,PU,_Z,2,,,False,WB_WDI,WB_WDI_SH_XPD_CHEX_GD_ZS,OED,_T,_T,_T,_Z,_Z,_Z,2000,A,PT_GDP,
5.453001,P1Y,0,,A,PU,_Z,2,,,False,WB_WDI,WB_WDI_SH_XPD_CHEX_GD_ZS,OSS,_T,_T,_T,_Z,_Z,_Z,2000,A,PT_GDP,
4.770679,P1Y,0,,A,PU,_Z,2,,,False,WB_WDI,WB_WDI_SH_XPD_CHEX_GD_ZS,PSS,_T,_T,_T,_Z,_Z,_Z,2000,A,PT_GDP,
9.549138,P1Y,0,,A,PU,_Z,2,,,False,WB_WDI,WB_WDI_SH_XPD_CHEX_GD_ZS,PST,_T,_T,_T,_Z,_Z,_Z,2000,A,PT_GDP,
3.304791,P1Y,0,,A,PU,_Z,2,,,False,WB_WDI,WB_WDI_SH_XPD_CHEX_GD_ZS,PRE,_T,_T,_T,_Z,_Z,_Z,2000,A,PT_GDP,
5.002692,P1Y,0,,A,PU,_Z,2,,,False,WB_WDI,WB_WDI_SH_XPD_CHEX_GD_ZS,SST,_T,_T,_T,_Z,_Z,_Z,2000,A,PT_GDP,
3.874824,P1Y,0,,A,PU,_Z,2,,,False,WB_WDI,WB_WDI_SH_XPD_CHEX_GD_ZS,SAS,_T,_T,_T,_Z,_Z,_Z,2000,A,PT_GDP,
3.874824,P1Y,0,,A,PU,_Z,2,,,False,WB_WDI,WB_WDI_SH_XPD_CHEX_GD_ZS,TSA,_T,_T,_T,_Z,_Z,_Z,2000,A,PT_GDP,
4.892107,P1Y,0,,A,PU,_Z,2,,,False,WB_WDI,WB_WDI_SH_XPD_CHEX_GD_ZS,SSF,_T,_T,_T,_Z,_Z,_Z,2000,A,PT_GDP,
4.892553,P1Y,0,,A,PU,_Z,2,,,False,WB_WDI,WB_WDI_SH_XPD_CHEX_GD_ZS,SSA,_T,_T,_T,_Z,_Z,_Z,2000,A,PT_GDP,
4.892107,P1Y,0,,A,PU,_Z,2,,,False,WB_WDI,WB_WDI_SH_XPD_CHEX_GD_ZS,TSS,_T,_T,_T,_Z,_Z,_Z,2000,A,PT_GDP,
5.199023,P1Y,0,,A,PU,_Z,2,,,False,WB_WDI,WB_WDI_SH_XPD_CHEX_GD_ZS,UMC,_T,_T,_T,_Z,_Z,_Z,2000,A,PT_GDP,
8.600478,P1Y,0,,A,PU,_Z,2,,,False,WB_WDI,WB_WDI_SH_XPD_CHEX_GD_ZS,WLD,_T,_T,_T,_Z,_Z,_Z,2000,A,PT_GDP,
6.714716,P1Y,0,,A,PU,_Z,2,,,False,WB_WDI,WB_WDI_SH_XPD_CHEX_GD_ZS,OSS,_T,_T,_T,_Z,_Z,_Z,2019,A,PT_GDP,
5.424453,P1Y,0,,A,PU,_Z,2,,,False,WB_WDI,WB_WDI_SH_XPD_CHEX_GD_ZS,PSS,_T,_T,_T,_Z,_Z,_Z,2019,A,PT_GDP,
12.853559,P1Y,0,,A,PU,_Z,2,,,False,WB_WDI,WB_WDI_SH_XPD_CHEX_GD_ZS,PST,_T,_T,_T,_Z,_Z,_Z,2019,A,PT_GDP,
3.739395,P1Y,0,,A,PU,_Z,2,,,False,WB_WDI,WB_WDI_SH_XPD_CHEX_GD_ZS,PRE,_T,_T,_T,_Z,_Z,_Z,2019,A,PT_GDP,
6.486947,P1Y,0,,A,PU,_Z,2,,,False,WB_WDI,WB_WDI_SH_XPD_CHEX_GD_ZS,SST,_T,_T,_T,_Z,_Z,_Z,2019,A,PT_GDP,
2.909224,P1Y,0,,A,PU,_Z,2,,,False,WB_WDI,WB_WDI_SH_XPD_CHEX_GD_ZS,SAS,_T,_T,_T,_Z,_Z,_Z,2019,A,PT_GDP,
2.909224,P1Y,0,,A,PU,_Z,2,,,False,WB_WDI,WB_WDI_SH_XPD_CHEX_GD_ZS,TSA,_T,_T,_T,_Z,_Z,_Z,2019,A,PT_GDP,
4.493108,P1Y,0,,A,PU,_Z,2,,,False,WB_WDI,WB_WDI_SH_XPD_CHEX_GD_ZS,SSF,_T,_T,_T,_Z,_Z,_Z,2019,A,PT_GDP,
4.493328,P1Y,0,,A,PU,_Z,2,,,False,WB_WDI,WB_WDI_SH_XPD_CHEX_GD_ZS,SSA,_T,_T,_T,_Z,_Z,_Z,2019,A,PT_GDP,
4.493108,P1Y,0,,A,PU,_Z,2,,,False,WB_WDI,WB_WDI_SH_XPD_CHEX_GD_ZS,TSS,_T,_T,_T,_Z,_Z,_Z,2019,A,PT_GDP,
5.608163,P1Y,0,,A,PU,_Z,2,,,False,WB_WDI,WB_WDI_SH_XPD_CHEX_GD_ZS,UMC,_T,_T,_T,_Z,_Z,_Z,2019,A,PT_GDP,
9.690758,P1Y,0,,A,PU,_Z,2,,,False,WB_WDI,WB_WDI_SH_XPD_CHEX_GD_ZS,WLD,_T,_T,_T,_Z,_Z,_Z,2019,A,PT_GDP,
14.83132,P1Y,0,,A,PU,_Z,2,,,False,WB_WDI,WB_WDI_SH_XPD_CHEX_GD_ZS,AFG,_T,_T,_T,_Z,_Z,_Z,2019,A,PT_GDP,
6.124068,P1Y,0,,A,PU,_Z,2,,,False,WB_WDI,WB_WDI_SH_XPD_CHEX_GD_ZS,OSS,_T,_T,_T,_Z,_Z,_Z,2010,A,PT_GDP,
5.106156,P1Y,0,,A,PU,_Z,2,,,False,WB_WDI,WB_WDI_SH_XPD_CHEX_GD_ZS,PSS,_T,_T,_T,_Z,_Z,_Z,2010,A,PT_GDP,
11.853773,P1Y,0,,A,PU,_Z,2,,,False,WB_WDI,WB_WDI_SH_XPD_CHEX_GD_ZS,PST,_T,_T,_T,_Z,_Z,_Z,2010,A,PT_GDP,
3.807254,P1Y,0,,A,PU,_Z,2,,,False,WB_WDI,WB_WDI_SH_XPD_CHEX_GD_ZS,PRE,_T,_T,_T,_Z,_Z,_Z,2010,A,PT_GDP,
5.757827,P1Y,0,,A,PU,_Z,2,,,False,WB_WDI,WB_WDI_SH_XPD_CHEX_GD_ZS,SST,_T,_T,_T,_Z,_Z,_Z,2010,A,PT_GDP,
3.300176,P1Y,0,,A,PU,_Z,2,,,False,WB_WDI,WB_WDI_SH_XPD_CHEX_GD_ZS,SAS,_T,_T,_T,_Z,_Z,_Z,2010,A,PT_GDP,
3.300176,P1Y,0,,A,PU,_Z,2,,,False,WB_WDI,WB_WDI_SH_XPD_CHEX_GD_ZS,TSA,_T,_T,_T,_Z,_Z,_Z,2010,A,PT_GDP,
5.164375,P1Y,0,,A,PU,_Z,2,,,False,WB_WDI,WB_WDI_SH_XPD_CHEX_GD_ZS,SSF,_T,_T,_T,_Z,_Z,_Z,2010,A,PT_GDP,
5.164891,P1Y,0,,A,PU,_Z,2,,,False,WB_WDI,WB_WDI_SH_XPD_CHEX_GD_ZS,SSA,_T,_T,_T,_Z,_Z,_Z,2010,A,PT_GDP,
5.164375,P1Y,0,,A,PU,_Z,2,,,False,WB_WDI,WB_WDI_SH_XPD_CHEX_GD_ZS,TSS,_T,_T,_T,_Z,_Z,_Z,2010,A,PT_GDP,
5.232369,P1Y,0,,A,PU,_Z,2,,,False,WB_WDI,WB_WDI_SH_XPD_CHEX_GD_ZS,UMC,_T,_T,_T,_Z,_Z,_Z,2010,A,PT_GDP,
9.453228,P1Y,0,,A,PU,_Z,2,,,False,WB_WDI,WB_WDI_SH_XPD_CHEX_GD_ZS,WLD,_T,_T,_T,_Z,_Z,_Z,2010,A,PT_GDP,
6.486331,P1Y,0,,A,PU,_Z,2,,,False,WB_WDI,WB_WDI_SH_XPD_CHEX_GD_ZS,OSS,_T,_T,_T,_Z,_Z,_Z,2015,A,PT_GDP,
4.834308,P1Y,0,,A,PU,_Z,2,,,False,WB_WDI,WB_WDI_SH_XPD_CHEX_GD_ZS,PSS,_T,_T,_T,_Z,_Z,_Z,2015,A,PT_GDP,
12.634561,P1Y,0,,A,PU,_Z,2,,,False,WB_WDI,WB_WDI_SH_XPD_CHEX_GD_ZS,PST,_T,_T,_T,_Z,_Z,_Z,2015,A,PT_GDP,
3.917723,P1Y,0,,A,PU,_Z,2,,,False,WB_WDI,WB_WDI_SH_XPD_CHEX_GD_ZS,PRE,_T,_T,_T,_Z,_Z,_Z,2015,A,PT_GDP,
6.051294,P1Y,0,,A,PU,_Z,2,,,False,WB_WDI,WB_WDI_SH_XPD_CHEX_GD_ZS,SST,_T,_T,_T,_Z,_Z,_Z,2015,A,PT_GDP,
3.519187,P1Y,0,,A,PU,_Z,2,,,False,WB_WDI,WB_WDI_SH_XPD_CHEX_GD_ZS,SAS,_T,_T,_T,_Z,_Z,_Z,2015,A,PT_GDP,
3.519187,P1Y,0,,A,PU,_Z,2,,,False,WB_WDI,WB_WDI_SH_XPD_CHEX_GD_ZS,TSA,_T,_T,_T,_Z,_Z,_Z,2015,A,PT_GDP,
4.923375,P1Y,0,,A,PU,_Z,2,,,False,WB_WDI,WB_WDI_SH_XPD_CHEX_GD_ZS,SSF,_T,_T,_T,_Z,_Z,_Z,2015,A,PT_GDP,
4.923957,P1Y,0,,A,PU,_Z,2,,,False,WB_WDI,WB_WDI_SH_XPD_CHEX_GD_ZS,SSA,_T,_T,_T,_Z,_Z,_Z,2015,A,PT_GDP,
4.923375,P1Y,0,,A,PU,_Z,2,,,False,WB_WDI,WB_WDI_SH_XPD_CHEX_GD_ZS,TSS,_T,_T,_T,_Z,_Z,_Z,2015,A,PT_GDP,
5.482999,P1Y,0,,A,PU,_Z,2,,,False,WB_WDI,WB_WDI_SH_XPD_CHEX_GD_ZS,UMC,_T,_T,_T,_Z,_Z,_Z,2015,A,PT_GDP,
9.664983,P1Y,0,,A,PU,_Z,2,,,False,WB_WDI,WB_WDI_SH_XPD_CHEX_GD_ZS,WLD,_T,_T,_T,_Z,_Z,_Z,2015,A,PT_GDP,
