OBS_VALUE,TIME_FORMAT,UNIT_MULT,COMMENT_OBS,OBS_STATUS,OBS_CONF,AGG_METHOD,DECIMALS,COMMENT_TS,DATA_SOURCE,LATEST_DATA,DATABASE_ID,INDICATOR,REF_AREA,SEX,AGE,URBANISATION,COMP_BREAKDOWN_1,COMP_BREAKDOWN_2,COMP_BREAKDOWN_3,TIME_PERIOD,FREQ,UNIT_MEASURE,UNIT_TYPE
60.728,P1Y,0,,A,PU,_Z,2,,,False,WB_WDI,WB_WDI_SP_DYN_LE00_IN,ZMB,_T,_T,_T,_Z,_Z,_Z,2015,A,YR,
58.989,P1Y,0,,A,PU,_Z,2,,,False,WB_WDI,WB_WDI_SP_DYN_LE00_IN,ZWE,_T,_T,_T,_Z,_Z,_Z,2015,A,YR,
62.167981,P1Y,0,,A,PU,_Z,2,,,False,WB_WDI,WB_WDI_SP_DYN_LE00_IN,AFE,_T,_T,_T,_Z,_Z,_Z,2016,A,YR,
56.387563,P1Y,0,,A,PU,_Z,2,,,False,WB_WDI,WB_WDI_SP_DYN_LE00_IN,AFW,_T,_T,_T,_Z,_Z,_Z,2016,A,YR,
70.896488,P1Y,0,,A,PU,_Z,2,,,False,WB_WDI,WB_WDI_SP_DYN_LE00_IN,ARB,_T,_T,_T,_Z,_Z,_Z,2016,A,YR,
72.051636,P1Y,0,,A,PU,_Z,2,,,False,WB_WDI,WB_WDI_SP_DYN_LE00_IN,CSS,_T,_T,_T,_Z,_Z,_Z,2016,A,YR,
76.970306,P1Y,0,,A,PU,_Z,2,,,False,WB_WDI,WB_WDI_SP_DYN_LE00_IN,CEB,_T,_T,_T,_Z,_Z,_Z,2016,A,YR,
69.948484,P1Y,0,,A,PU,_Z,2,,,False,WB_WDI,WB_WDI_SP_DYN_LE00_IN,EAR,_T,_T,_T,_Z,_Z,_Z,2016,A,YR,
75.987017,P1Y,0,,A,PU,_Z,2,,,False,WB_WDI,WB_WDI_SP_DYN_LE00_IN,EAS,_T,_T,_T,_Z,_Z,_Z,2016,A,YR,
75.155912,P1Y,0,,A,PU,_Z,2,,,False,WB_WDI,WB_WDI_SP_DYN_LE00_IN,EAP,_T,_T,_T,_Z,_Z,_Z,2016,A,YR,
75.183227,P1Y,0,,A,PU,_Z,2,,,False,WB_WDI,WB_WDI_SP_DYN_LE00_IN,TEA,_T,_T,_T,_Z,_Z,_Z,2016,A,YR,
81.768105,P1Y,0,,A,PU,_Z,2,,,False,WB_WDI,WB_WDI_SP_DYN_LE00_IN,EMU,_T,_T,_T,_Z,_Z,_Z,2016,A,YR,
65.356,P1Y,0,,A,PU,_Z,2,,,False,WB_WDI,WB_WDI_SP_DYN_LE00_IN,YEM,_T,_T,_T,_Z,_Z,_Z,2005,A,YR,
51.615,P1Y,0,,A,PU,_Z,2,,,False,WB_WDI,WB_WDI_SP_DYN_LE00_IN,ZMB,_T,_T,_T,_Z,_Z,_Z,2005,A,YR,
46.57,P1Y,0,,A,PU,_Z,2,,,False,WB_WDI,WB_WDI_SP_DYN_LE00_IN,ZWE,_T,_T,_T,_Z,_Z,_Z,2005,A,YR,
55.693515,P1Y,0,,A,PU,_Z,2,,,False,WB_WDI,WB_WDI_SP_DYN_LE00_IN,AFE,_T,_T,_T,_Z,_Z,_Z,2006,A,YR,
52.974626,P1Y,0,,A,PU,_Z,2,,,False,WB_WDI,WB_WDI_SP_DYN_LE00_IN,AFW,_T,_T,_T,_Z,_Z,_Z,2006,A,YR,
68.491265,P1Y,0,,A,PU,_Z,2,,,False,WB_WDI,WB_WDI_SP_DYN_LE00_IN,ARB,_T,_T,_T,_Z,_Z,_Z,2006,A,YR,
69.934423,P1Y,0,,A,PU,_Z,2,,,False,WB_WDI,WB_WDI_SP_DYN_LE00_IN,CSS,_T,_T,_T,_Z,_Z,_Z,2006,A,YR,
74.092603,P1Y,0,,A,PU,_Z,2,,,False,WB_WDI,WB_WDI_SP_DYN_LE00_IN,CEB,_T,_T,_T,_Z,_Z,_Z,2006,A,YR,
66.39193,P1Y,0,,A,PU,_Z,2,,,False,WB_WDI,WB_WDI_SP_DYN_LE00_IN,EAR,_T,_T,_T,_Z,_Z,_Z,2006,A,YR,
73.564044,P1Y,0,,A,PU,_Z,2,,,False,WB_WDI,WB_WDI_SP_DYN_LE00_IN,EAS,_T,_T,_T,_Z,_Z,_Z,2006,A,YR,
72.65187,P1Y,0,,A,PU,_Z,2,,,False,WB_WDI,WB_WDI_SP_DYN_LE00_IN,EAP,_T,_T,_T,_Z,_Z,_Z,2006,A,YR,
72.698345,P1Y,0,,A,PU,_Z,2,,,False,WB_WDI,WB_WDI_SP_DYN_LE00_IN,TEA,_T,_T,_T,_Z,_Z,_Z,2006,A,YR,
79.648312,P1Y,0,,A,PU,_Z,2,,,False,WB_WDI,WB_WDI_SP_DYN_LE00_IN,EMU,_T,_T,_T,_Z,_Z,_Z,2006,A,YR,
74.639772,P1Y,0,,A,PU,_Z,2,,,False,WB_WDI,WB_WDI_SP_DYN_LE00_IN,ECS,_T,_T,_T,_Z,_Z,_Z,2006,A,YR,
75.38,P1Y,0,,A,PU,_Z,2,,,False,WB_WDI,WB_WDI_SP_DYN_LE00_IN,PSE,_T,_T,_T,_Z,_Z,_Z,2018,A,YR,
65.915,P1Y,0,,A,PU,_Z,2,,,False,WB_WDI,WB_WDI_SP_DYN_LE00_IN,YEM,_T,_T,_T,_Z,_Z,_Z,2018,A,YR,
62.138,P1Y,0,,A,PU,_Z,2,,,False,WB_WDI,WB_WDI_SP_DYN_LE00_IN,ZMB,_T,_T,_T,_Z,_Z,_Z,2018,A,YR,
60.906,P1Y,0,,A,PU,_Z,2,,,False,WB_WDI,WB_WDI_SP_DYN_LE00_IN,ZWE,_T,_T,_T,_Z,_Z,_Z,2018,A,YR,
63.857261,P1Y,0,,A,PU,_Z,2,,,False,WB_WDI,WB_WDI_SP_DYN_LE00_IN,AFE,_T,_T,_T,_Z,_Z,_Z,2019,A,YR,
57.142827,P1Y,0,,A,PU,_Z,2,,,False,WB_WDI,WB_WDI_SP_DYN_LE00_IN,AFW,_T,_T,_T,_Z,_Z,_Z,2019,A,YR,
71.839893,P1Y,0,,A,PU,_Z,2,,,False,WB_WDI,WB_WDI_SP_DYN_LE00_IN,ARB,_T,_T,_T,_Z,_Z,_Z,2019,A,YR,
72.12926,P1Y,0,,A,PU,_Z,2,,,False,WB_WDI,WB_WDI_SP_DYN_LE00_IN,CSS,_T,_T,_T,_Z,_Z,_Z,2019,A,YR,
77.265914,P1Y,0,,A,PU,_Z,2,,,False,WB_WDI,WB_WDI_SP_DYN_LE00_IN,CEB,_T,_T,_T,_Z,_Z,_Z,2019,A,YR,
70.842406,P1Y,0,,A,PU,_Z,2,,,False,WB_WDI,WB_WDI_SP_DYN_LE00_IN,EAR,_T,_T,_T,_Z,_Z,_Z,2019,A,YR,
76.586241,P1Y,0,,A,PU,_Z,2,,,False,WB_WDI,WB_WDI_SP_DYN_LE00_IN,EAS,_T,_T,_T,_Z,_Z,_Z,2019,A,YR,
75.768969,P1Y,0,,A,PU,_Z,2,,,False,WB_WDI,WB_WDI_SP_DYN_LE00_IN,EAP,_T,_T,_T,_Z,_Z,_Z,2019,A,YR,
75.804288,P1Y,0,,A,PU,_Z,2,,,False,WB_WDI,WB_WDI_SP_DYN_LE00_IN,TEA,_T,_T,_T,_Z,_Z,_Z,2019,A,YR,
70.411,P1Y,0,,A,PU,_Z,2,,,False,WB_WDI,WB_WDI_SP_DYN_LE00_IN,UZB,_T,_T,_T,_Z,_Z,_Z,2012,A,YR,
69.898,P1Y,0,,A,PU,_Z,2,,,False,WB_WDI,WB_WDI_SP_DYN_LE00_IN,VUT,_T,_T,_T,_Z,_Z,_Z,2012,A,YR,
73.086,P1Y,0,,A,PU,_Z,2,,,False,WB_WDI,WB_WDI_SP_DYN_LE00_IN,VEN,_T,_T,_T,_Z,_Z,_Z,2012,A,YR,
73.762,P1Y,0,,A,PU,_Z,2,,,False,WB_WDI,WB_WDI_SP_DYN_LE00_IN,VNM,_T,_T,_T,_Z,_Z,_Z,2012,A,YR,
78.517073,P1Y,0,,A,PU,_Z,2,,,False,WB_WDI,WB_WDI_SP_DYN_LE00_IN,VIR,_T,_T,_T,_Z,_Z,_Z,2012,A,YR,
73.722,P1Y,0,,A,PU,_Z,2,,,False,WB_WDI,WB_WDI_SP_DYN_LE00_IN,PSE,_T,_T,_T,_Z,_Z,_Z,2012,A,YR,
67.569,P1Y,0,,A,PU,_Z,2,,,False,WB_WDI,WB_WDI_SP_DYN_LE00_IN,YEM,_T,_T,_T,_Z,_Z,_Z,2012,A,YR,
58.704,P1Y,0,,A,PU,_Z,2,,,False,WB_WDI,WB_WDI_SP_DYN_LE00_IN,ZMB,_T,_T,_T,_Z,_Z,_Z,2012,A,YR,
55.386,P1Y,0,,A,PU,_Z,2,,,False,WB_WDI,WB_WDI_SP_DYN_LE00_IN,ZWE,_T,_T,_T,_Z,_Z,_Z,2012,A,YR,
60.89574,P1Y,0,,A,PU,_Z,2,,,False,WB_WDI,WB_WDI_SP_DYN_LE00_IN,AFE,_T,_T,_T,_Z,_Z,_Z,2013,A,YR,
55.551664,P1Y,0,,A,PU,_Z,2,,,False,WB_WDI,WB_WDI_SP_DYN_LE00_IN,AFW,_T,_T,_T,_Z,_Z,_Z,2013,A,YR,
70.192106,P1Y,0,,A,PU,_Z,2,,,False,WB_WDI,WB_WDI_SP_DYN_LE00_IN,ARB,_T,_T,_T,_Z,_Z,_Z,2013,A,YR,
71.569251,P1Y,0,,A,PU,_Z,2,,,False,WB_WDI,WB_WDI_SP_DYN_LE00_IN,CSS,_T,_T,_T,_Z,_Z,_Z,2013,A,YR,
52.557342,P1Y,0,,A,PU,_Z,2,,,False,WB_WDI,WB_WDI_SP_DYN_LE00_IN,AFE,_T,_T,_T,_Z,_Z,_Z,2000,A,YR,
50.292605,P1Y,0,,A,PU,_Z,2,,,False,WB_WDI,WB_WDI_SP_DYN_LE00_IN,AFW,_T,_T,_T,_Z,_Z,_Z,2000,A,YR,
66.8907,P1Y,0,,A,PU,_Z,2,,,False,WB_WDI,WB_WDI_SP_DYN_LE00_IN,ARB,_T,_T,_T,_Z,_Z,_Z,2000,A,YR,
68.397676,P1Y,0,,A,PU,_Z,2,,,False,WB_WDI,WB_WDI_SP_DYN_LE00_IN,CSS,_T,_T,_T,_Z,_Z,_Z,2000,A,YR,
67.203,P1Y,0,,A,PU,_Z,2,,,False,WB_WDI,WB_WDI_SP_DYN_LE00_IN,UZB,_T,_T,_T,_Z,_Z,_Z,2004,A,YR,
68.985,P1Y,0,,A,PU,_Z,2,,,False,WB_WDI,WB_WDI_SP_DYN_LE00_IN,VUT,_T,_T,_T,_Z,_Z,_Z,2004,A,YR,
72.752,P1Y,0,,A,PU,_Z,2,,,False,WB_WDI,WB_WDI_SP_DYN_LE00_IN,VEN,_T,_T,_T,_Z,_Z,_Z,2004,A,YR,
73.062,P1Y,0,,A,PU,_Z,2,,,False,WB_WDI,WB_WDI_SP_DYN_LE00_IN,VNM,_T,_T,_T,_Z,_Z,_Z,2004,A,YR,
77.773171,P1Y,0,,A,PU,_Z,2,,,False,WB_WDI,WB_WDI_SP_DYN_LE00_IN,VIR,_T,_T,_T,_Z,_Z,_Z,2004,A,YR,
71.094,P1Y,0,,A,PU,_Z,2,,,False,WB_WDI,WB_WDI_SP_DYN_LE00_IN,PSE,_T,_T,_T,_Z,_Z,_Z,2004,A,YR,
64.881,P1Y,0,,A,PU,_Z,2,,,False,WB_WDI,WB_WDI_SP_DYN_LE00_IN,YEM,_T,_T,_T,_Z,_Z,_Z,2004,A,YR,
50.54,P1Y,0,,A,PU,_Z,2,,,False,WB_WDI,WB_WDI_SP_DYN_LE00_IN,ZMB,_T,_T,_T,_Z,_Z,_Z,2004,A,YR,
46.043,P1Y,0,,A,PU,_Z,2,,,False,WB_WDI,WB_WDI_SP_DYN_LE00_IN,ZWE,_T,_T,_T,_Z,_Z,_Z,2004,A,YR,
54.807681,P1Y,0,,A,PU,_Z,2,,,False,WB_WDI,WB_WDI_SP_DYN_LE00_IN,AFE,_T,_T,_T,_Z,_Z,_Z,2005,A,YR,
52.551424,P1Y,0,,A,PU,_Z,2,,,False,WB_WDI,WB_WDI_SP_DYN_LE00_IN,AFW,_T,_T,_T,_Z,_Z,_Z,2005,A,YR,
68.040502,P1Y,0,,A,PU,_Z,2,,,False,WB_WDI,WB_WDI_SP_DYN_LE00_IN,ARB,_T,_T,_T,_Z,_Z,_Z,2005,A,YR,
69.632051,P1Y,0,,A,PU,_Z,2,,,False,WB_WDI,WB_WDI_SP_DYN_LE00_IN,CSS,_T,_T,_T,_Z,_Z,_Z,2005,A,YR,
73.844995,P1Y,0,,A,PU,_Z,2,,,False,WB_WDI,WB_WDI_SP_DYN_LE00_IN,CEB,_T,_T,_T,_Z,_Z,_Z,2005,A,YR,
62.363,P1Y,0,,A,PU,_Z,2,,,False,WB_WDI,WB_WDI_SP_DYN_LE00_IN,ZMB,_T,_T,_T,_Z,_Z,_Z,2021,A,YR,
60.135,P1Y,0,,A,PU,_Z,2,,,False,WB_WDI,WB_WDI_SP_DYN_LE00_IN,ZWE,_T,_T,_T,_Z,_Z,_Z,2021,A,YR,
64.487152,P1Y,0,,A,PU,_Z,2,,,False,WB_WDI,WB_WDI_SP_DYN_LE00_IN,AFE,_T,_T,_T,_Z,_Z,_Z,2022,A,YR,
57.978995,P1Y,0,,A,PU,_Z,2,,,False,WB_WDI,WB_WDI_SP_DYN_LE00_IN,AFW,_T,_T,_T,_Z,_Z,_Z,2022,A,YR,
71.876096,P1Y,0,,A,PU,_Z,2,,,False,WB_WDI,WB_WDI_SP_DYN_LE00_IN,ARB,_T,_T,_T,_Z,_Z,_Z,2022,A,YR,
72.832292,P1Y,0,,A,PU,_Z,2,,,False,WB_WDI,WB_WDI_SP_DYN_LE00_IN,CSS,_T,_T,_T,_Z,_Z,_Z,2022,A,YR,
76.652299,P1Y,0,,A,PU,_Z,2,,,False,WB_WDI,WB_WDI_SP_DYN_LE00_IN,CEB,_T,_T,_T,_Z,_Z,_Z,2022,A,YR,
71.430455,P1Y,0,,A,PU,_Z,2,,,False,WB_WDI,WB_WDI_SP_DYN_LE00_IN,EAR,_T,_T,_T,_Z,_Z,_Z,2022,A,YR,
76.676717,P1Y,0,,A,PU,_Z,2,,,False,WB_WDI,WB_WDI_SP_DYN_LE00_IN,EAS,_T,_T,_T,_Z,_Z,_Z,2022,A,YR,
75.932541,P1Y,0,,A,PU,_Z,2,,,False,WB_WDI,WB_WDI_SP_DYN_LE00_IN,EAP,_T,_T,_T,_Z,_Z,_Z,2022,A,YR,
75.961035,P1Y,0,,A,PU,_Z,2,,,False,WB_WDI,WB_WDI_SP_DYN_LE00_IN,TEA,_T,_T,_T,_Z,_Z,_Z,2022,A,YR,
81.486947,P1Y,0,,A,PU,_Z,2,,,False,WB_WDI,WB_WDI_SP_DYN_LE00_IN,EMU,_T,_T,_T,_Z,_Z,_Z,2022,A,YR,
77.834565,P1Y,0,,A,PU,_Z,2,,,False,WB_WDI,WB_WDI_SP_DYN_LE00_IN,ECS,_T,_T,_T,_Z,_Z,_Z,2022,A,YR,
74.573168,P1Y,0,,A,PU,_Z,2,,,False,WB_WDI,WB_WDI_SP_DYN_LE00_IN,ECA,_T,_T,_T,_Z,_Z,_Z,2022,A,YR,
74.188365,P1Y,0,,A,PU,_Z,2,,,False,WB_WDI,WB_WDI_SP_DYN_LE00_IN,TEC,_T,_T,_T,_Z,_Z,_Z,2022,A,YR,
58.71689,P1Y,0,,A,PU,_Z,2,,,False,WB_WDI,WB_WDI_SP_DYN_LE00_IN,SSA,_T,_T,_T,_Z,_Z,_Z,2013,A,YR,
58.718224,P1Y,0,,A,PU,_Z,2,,,False,WB_WDI,WB_WDI_SP_DYN_LE00_IN,TSS,_T,_T,_T,_Z,_Z,_Z,2013,A,YR,
74.456696,P1Y,0,,A,PU,_Z,2,,,False,WB_WDI,WB_WDI_SP_DYN_LE00_IN,UMC,_T,_T,_T,_Z,_Z,_Z,2013,A,YR,
71.533489,P1Y,0,,A,PU,_Z,2,,,False,WB_WDI,WB_WDI_SP_DYN_LE00_IN,WLD,_T,_T,_T,_Z,_Z,_Z,2013,A,YR,
62.188,P1Y,0,,A,PU,_Z,2,,,False,WB_WDI,WB_WDI_SP_DYN_LE00_IN,AFG,_T,_T,_T,_Z,_Z,_Z,2013,A,YR,
77.995,P1Y,0,,A,PU,_Z,2,,,False,WB_WDI,WB_WDI_SP_DYN_LE00_IN,ALB,_T,_T,_T,_Z,_Z,_Z,2013,A,YR,
74.809,P1Y,0,,A,PU,_Z,2,,,False,WB_WDI,WB_WDI_SP_DYN_LE00_IN,DZA,_T,_T,_T,_Z,_Z,_Z,2013,A,YR,
72.769,P1Y,0,,A,PU,_Z,2,,,False,WB_WDI,WB_WDI_SP_DYN_LE00_IN,ASM,_T,_T,_T,_Z,_Z,_Z,2013,A,YR,
84.406,P1Y,0,,A,PU,_Z,2,,,False,WB_WDI,WB_WDI_SP_DYN_LE00_IN,AND,_T,_T,_T,_Z,_Z,_Z,2013,A,YR,
59.705,P1Y,0,,A,PU,_Z,2,,,False,WB_WDI,WB_WDI_SP_DYN_LE00_IN,AGO,_T,_T,_T,_Z,_Z,_Z,2013,A,YR,
77.05,P1Y,0,,A,PU,_Z,2,,,False,WB_WDI,WB_WDI_SP_DYN_LE00_IN,ATG,_T,_T,_T,_Z,_Z,_Z,2013,A,YR,
75.829,P1Y,0,,A,PU,_Z,2,,,False,WB_WDI,WB_WDI_SP_DYN_LE00_IN,ARG,_T,_T,_T,_Z,_Z,_Z,2013,A,YR,
74.621951,P1Y,0,,A,PU,_Z,2,,,False,WB_WDI,WB_WDI_SP_DYN_LE00_IN,ARM,_T,_T,_T,_Z,_Z,_Z,2013,A,YR,
68.069,P1Y,0,,A,PU,_Z,2,,,False,WB_WDI,WB_WDI_SP_DYN_LE00_IN,GUY,_T,_T,_T,_Z,_Z,_Z,2016,A,YR,
63.325,P1Y,0,,A,PU,_Z,2,,,False,WB_WDI,WB_WDI_SP_DYN_LE00_IN,HTI,_T,_T,_T,_Z,_Z,_Z,2016,A,YR,
71.615,P1Y,0,,A,PU,_Z,2,,,False,WB_WDI,WB_WDI_SP_DYN_LE00_IN,HND,_T,_T,_T,_Z,_Z,_Z,2016,A,YR,
84.211463,P1Y,0,,A,PU,_Z,2,,,False,WB_WDI,WB_WDI_SP_DYN_LE00_IN,HKG,_T,_T,_T,_Z,_Z,_Z,2016,A,YR,
76.063415,P1Y,0,,A,PU,_Z,2,,,False,WB_WDI,WB_WDI_SP_DYN_LE00_IN,HUN,_T,_T,_T,_Z,_Z,_Z,2016,A,YR,
82.204878,P1Y,0,,A,PU,_Z,2,,,False,WB_WDI,WB_WDI_SP_DYN_LE00_IN,ISL,_T,_T,_T,_Z,_Z,_Z,2016,A,YR,
69.709,P1Y,0,,A,PU,_Z,2,,,False,WB_WDI,WB_WDI_SP_DYN_LE00_IN,IND,_T,_T,_T,_Z,_Z,_Z,2016,A,YR,
69.733,P1Y,0,,A,PU,_Z,2,,,False,WB_WDI,WB_WDI_SP_DYN_LE00_IN,IDN,_T,_T,_T,_Z,_Z,_Z,2016,A,YR,
76.155,P1Y,0,,A,PU,_Z,2,,,False,WB_WDI,WB_WDI_SP_DYN_LE00_IN,IRN,_T,_T,_T,_Z,_Z,_Z,2016,A,YR,
68.683,P1Y,0,,A,PU,_Z,2,,,False,WB_WDI,WB_WDI_SP_DYN_LE00_IN,IRQ,_T,_T,_T,_Z,_Z,_Z,2016,A,YR,
78.117828,P1Y,0,,A,PU,_Z,2,,,False,WB_WDI,WB_WDI_SP_DYN_LE00_IN,EUU,_T,_T,_T,_Z,_Z,_Z,2004,A,YR,
55.151088,P1Y,0,,A,PU,_Z,2,,,False,WB_WDI,WB_WDI_SP_DYN_LE00_IN,HPC,_T,_T,_T,_Z,_Z,_Z,2004,A,YR,
76.989927,P1Y,0,,A,PU,_Z,2,,,False,WB_WDI,WB_WDI_SP_DYN_LE00_IN,HIC,_T,_T,_T,_Z,_Z,_Z,2004,A,YR,
69.3984,P1Y,0,,A,PU,_Z,2,,,False,WB_WDI,WB_WDI_SP_DYN_LE00_IN,IBD,_T,_T,_T,_Z,_Z,_Z,2004,A,YR,
66.824705,P1Y,0,,A,PU,_Z,2,,,False,WB_WDI,WB_WDI_SP_DYN_LE00_IN,IBT,_T,_T,_T,_Z,_Z,_Z,2004,A,YR,
57.029456,P1Y,0,,A,PU,_Z,2,,,False,WB_WDI,WB_WDI_SP_DYN_LE00_IN,IDB,_T,_T,_T,_Z,_Z,_Z,2004,A,YR,
58.871978,P1Y,0,,A,PU,_Z,2,,,False,WB_WDI,WB_WDI_SP_DYN_LE00_IN,IDX,_T,_T,_T,_Z,_Z,_Z,2004,A,YR,
58.228077,P1Y,0,,A,PU,_Z,2,,,False,WB_WDI,WB_WDI_SP_DYN_LE00_IN,IDA,_T,_T,_T,_Z,_Z,_Z,2004,A,YR,
72.622309,P1Y,0,,A,PU,_Z,2,,,False,WB_WDI,WB_WDI_SP_DYN_LE00_IN,LTE,_T,_T,_T,_Z,_Z,_Z,2004,A,YR,
72.203823,P1Y,0,,A,PU,_Z,2,,,False,WB_WDI,WB_WDI_SP_DYN_LE00_IN,LCN,_T,_T,_T,_Z,_Z,_Z,2004,A,YR,
71.902193,P1Y,0,,A,PU,_Z,2,,,False,WB_WDI,WB_WDI_SP_DYN_LE00_IN,LAC,_T,_T,_T,_Z,_Z,_Z,2004,A,YR,
72.058559,P1Y,0,,A,PU,_Z,2,,,False,WB_WDI,WB_WDI_SP_DYN_LE00_IN,TLA,_T,_T,_T,_Z,_Z,_Z,2004,A,YR,
57.711218,P1Y,0,,A,PU,_Z,2,,,False,WB_WDI,WB_WDI_SP_DYN_LE00_IN,LDC,_T,_T,_T,_Z,_Z,_Z,2004,A,YR,
66.748538,P1Y,0,,A,PU,_Z,2,,,False,WB_WDI,WB_WDI_SP_DYN_LE00_IN,LMY,_T,_T,_T,_Z,_Z,_Z,2004,A,YR,
72.913,P1Y,0,,A,PU,_Z,2,,,False,WB_WDI,WB_WDI_SP_DYN_LE00_IN,CPV,_T,_T,_T,_Z,_Z,_Z,2011,A,YR,
67.869,P1Y,0,,A,PU,_Z,2,,,False,WB_WDI,WB_WDI_SP_DYN_LE00_IN,KHM,_T,_T,_T,_Z,_Z,_Z,2011,A,YR,
57.482,P1Y,0,,A,PU,_Z,2,,,False,WB_WDI,WB_WDI_SP_DYN_LE00_IN,CMR,_T,_T,_T,_Z,_Z,_Z,2011,A,YR,
81.482683,P1Y,0,,A,PU,_Z,2,,,False,WB_WDI,WB_WDI_SP_DYN_LE00_IN,CAN,_T,_T,_T,_Z,_Z,_Z,2011,A,YR,
76.562,P1Y,0,,A,PU,_Z,2,,,False,WB_WDI,WB_WDI_SP_DYN_LE00_IN,CYM,_T,_T,_T,_Z,_Z,_Z,2011,A,YR,
50.107,P1Y,0,,A,PU,_Z,2,,,False,WB_WDI,WB_WDI_SP_DYN_LE00_IN,CAF,_T,_T,_T,_Z,_Z,_Z,2011,A,YR,
50.426,P1Y,0,,A,PU,_Z,2,,,False,WB_WDI,WB_WDI_SP_DYN_LE00_IN,TCD,_T,_T,_T,_Z,_Z,_Z,2011,A,YR,
81.4,P1Y,0,,A,PU,_Z,2,,,False,WB_WDI,WB_WDI_SP_DYN_LE00_IN,CHI,_T,_T,_T,_Z,_Z,_Z,2011,A,YR,
79.236,P1Y,0,,A,PU,_Z,2,,,False,WB_WDI,WB_WDI_SP_DYN_LE00_IN,CHL,_T,_T,_T,_Z,_Z,_Z,2011,A,YR,
75.889,P1Y,0,,A,PU,_Z,2,,,False,WB_WDI,WB_WDI_SP_DYN_LE00_IN,CHN,_T,_T,_T,_Z,_Z,_Z,2011,A,YR,
75.18,P1Y,0,,A,PU,_Z,2,,,False,WB_WDI,WB_WDI_SP_DYN_LE00_IN,COL,_T,_T,_T,_Z,_Z,_Z,2011,A,YR,
63.105,P1Y,0,,A,PU,_Z,2,,,False,WB_WDI,WB_WDI_SP_DYN_LE00_IN,COM,_T,_T,_T,_Z,_Z,_Z,2011,A,YR,
75.95,P1Y,0,,A,PU,_Z,2,,,False,WB_WDI,WB_WDI_SP_DYN_LE00_IN,COL,_T,_T,_T,_Z,_Z,_Z,2014,A,YR,
64.143,P1Y,0,,A,PU,_Z,2,,,False,WB_WDI,WB_WDI_SP_DYN_LE00_IN,COM,_T,_T,_T,_Z,_Z,_Z,2014,A,YR,
58.236,P1Y,0,,A,PU,_Z,2,,,False,WB_WDI,WB_WDI_SP_DYN_LE00_IN,COD,_T,_T,_T,_Z,_Z,_Z,2014,A,YR,
63.349,P1Y,0,,A,PU,_Z,2,,,False,WB_WDI,WB_WDI_SP_DYN_LE00_IN,COG,_T,_T,_T,_Z,_Z,_Z,2014,A,YR,
80.231,P1Y,0,,A,PU,_Z,2,,,False,WB_WDI,WB_WDI_SP_DYN_LE00_IN,CRI,_T,_T,_T,_Z,_Z,_Z,2014,A,YR,
57.772,P1Y,0,,A,PU,_Z,2,,,False,WB_WDI,WB_WDI_SP_DYN_LE00_IN,CIV,_T,_T,_T,_Z,_Z,_Z,2014,A,YR,
77.72439,P1Y,0,,A,PU,_Z,2,,,False,WB_WDI,WB_WDI_SP_DYN_LE00_IN,HRV,_T,_T,_T,_Z,_Z,_Z,2014,A,YR,
77.825,P1Y,0,,A,PU,_Z,2,,,False,WB_WDI,WB_WDI_SP_DYN_LE00_IN,CUB,_T,_T,_T,_Z,_Z,_Z,2014,A,YR,
76.384,P1Y,0,,A,PU,_Z,2,,,False,WB_WDI,WB_WDI_SP_DYN_LE00_IN,CUW,_T,_T,_T,_Z,_Z,_Z,2014,A,YR,
81.337,P1Y,0,,A,PU,_Z,2,,,False,WB_WDI,WB_WDI_SP_DYN_LE00_IN,CYP,_T,_T,_T,_Z,_Z,_Z,2014,A,YR,
70.068,P1Y,0,,A,PU,_Z,2,,,False,WB_WDI,WB_WDI_SP_DYN_LE00_IN,IND,_T,_T,_T,_Z,_Z,_Z,2017,A,YR,
69.953,P1Y,0,,A,PU,_Z,2,,,False,WB_WDI,WB_WDI_SP_DYN_LE00_IN,IDN,_T,_T,_T,_Z,_Z,_Z,2017,A,YR,
76.396,P1Y,0,,A,PU,_Z,2,,,False,WB_WDI,WB_WDI_SP_DYN_LE00_IN,IRN,_T,_T,_T,_Z,_Z,_Z,2017,A,YR,
69.788,P1Y,0,,A,PU,_Z,2,,,False,WB_WDI,WB_WDI_SP_DYN_LE00_IN,IRQ,_T,_T,_T,_Z,_Z,_Z,2017,A,YR,
82.156098,P1Y,0,,A,PU,_Z,2,,,False,WB_WDI,WB_WDI_SP_DYN_LE00_IN,IRL,_T,_T,_T,_Z,_Z,_Z,2017,A,YR,
80.506,P1Y,0,,A,PU,_Z,2,,,False,WB_WDI,WB_WDI_SP_DYN_LE00_IN,IMN,_T,_T,_T,_Z,_Z,_Z,2017,A,YR,
82.55122,P1Y,0,,A,PU,_Z,2,,,False,WB_WDI,WB_WDI_SP_DYN_LE00_IN,ISR,_T,_T,_T,_Z,_Z,_Z,2017,A,YR,
82.946341,P1Y,0,,A,PU,_Z,2,,,False,WB_WDI,WB_WDI_SP_DYN_LE00_IN,ITA,_T,_T,_T,_Z,_Z,_Z,2017,A,YR,
71.879,P1Y,0,,A,PU,_Z,2,,,False,WB_WDI,WB_WDI_SP_DYN_LE00_IN,JAM,_T,_T,_T,_Z,_Z,_Z,2017,A,YR,
84.099756,P1Y,0,,A,PU,_Z,2,,,False,WB_WDI,WB_WDI_SP_DYN_LE00_IN,JPN,_T,_T,_T,_Z,_Z,_Z,2017,A,YR,
76.071,P1Y,0,,A,PU,_Z,2,,,False,WB_WDI,WB_WDI_SP_DYN_LE00_IN,JOR,_T,_T,_T,_Z,_Z,_Z,2017,A,YR,
82.146101,P1Y,0,,A,PU,_Z,2,,,False,WB_WDI,WB_WDI_SP_DYN_LE00_IN,EMU,_T,_T,_T,_Z,_Z,_Z,2019,A,YR,
78.303862,P1Y,0,,A,PU,_Z,2,,,False,WB_WDI,WB_WDI_SP_DYN_LE00_IN,ECS,_T,_T,_T,_Z,_Z,_Z,2019,A,YR,
74.815834,P1Y,0,,A,PU,_Z,2,,,False,WB_WDI,WB_WDI_SP_DYN_LE00_IN,ECA,_T,_T,_T,_Z,_Z,_Z,2019,A,YR,
74.590946,P1Y,0,,A,PU,_Z,2,,,False,WB_WDI,WB_WDI_SP_DYN_LE00_IN,TEC,_T,_T,_T,_Z,_Z,_Z,2019,A,YR,
81.319452,P1Y,0,,A,PU,_Z,2,,,False,WB_WDI,WB_WDI_SP_DYN_LE00_IN,EUU,_T,_T,_T,_Z,_Z,_Z,2019,A,YR,
63.091938,P1Y,0,,A,PU,_Z,2,,,False,WB_WDI,WB_WDI_SP_DYN_LE00_IN,HPC,_T,_T,_T,_Z,_Z,_Z,2019,A,YR,
80.199262,P1Y,0,,A,PU,_Z,2,,,False,WB_WDI,WB_WDI_SP_DYN_LE00_IN,HIC,_T,_T,_T,_Z,_Z,_Z,2019,A,YR,
74.031272,P1Y,0,,A,PU,_Z,2,,,False,WB_WDI,WB_WDI_SP_DYN_LE00_IN,IBD,_T,_T,_T,_Z,_Z,_Z,2019,A,YR,
71.395253,P1Y,0,,A,PU,_Z,2,,,False,WB_WDI,WB_WDI_SP_DYN_LE00_IN,IBT,_T,_T,_T,_Z,_Z,_Z,2019,A,YR,
61.325997,P1Y,0,,A,PU,_Z,2,,,False,WB_WDI,WB_WDI_SP_DYN_LE00_IN,IDB,_T,_T,_T,_Z,_Z,_Z,2019,A,YR,
65.586275,P1Y,0,,A,PU,_Z,2,,,False,WB_WDI,WB_WDI_SP_DYN_LE00_IN,IDX,_T,_T,_T,_Z,_Z,_Z,2019,A,YR,
64.090029,P1Y,0,,A,PU,_Z,2,,,False,WB_WDI,WB_WDI_SP_DYN_LE00_IN,IDA,_T,_T,_T,_Z,_Z,_Z,2019,A,YR,
76.997961,P1Y,0,,A,PU,_Z,2,,,False,WB_WDI,WB_WDI_SP_DYN_LE00_IN,LTE,_T,_T,_T,_Z,_Z,_Z,2019,A,YR,
72.001,P1Y,0,,A,PU,_Z,2,,,False,WB_WDI,WB_WDI_SP_DYN_LE00_IN,HND,_T,_T,_T,_Z,_Z,_Z,2018,A,YR,
84.869756,P1Y,0,,A,PU,_Z,2,,,False,WB_WDI,WB_WDI_SP_DYN_LE00_IN,HKG,_T,_T,_T,_Z,_Z,_Z,2018,A,YR,
76.065854,P1Y,0,,A,PU,_Z,2,,,False,WB_WDI,WB_WDI_SP_DYN_LE00_IN,HUN,_T,_T,_T,_Z,_Z,_Z,2018,A,YR,
82.860976,P1Y,0,,A,PU,_Z,2,,,False,WB_WDI,WB_WDI_SP_DYN_LE00_IN,ISL,_T,_T,_T,_Z,_Z,_Z,2018,A,YR,
70.415,P1Y,0,,A,PU,_Z,2,,,False,WB_WDI,WB_WDI_SP_DYN_LE00_IN,IND,_T,_T,_T,_Z,_Z,_Z,2018,A,YR,
70.08,P1Y,0,,A,PU,_Z,2,,,False,WB_WDI,WB_WDI_SP_DYN_LE00_IN,IDN,_T,_T,_T,_Z,_Z,_Z,2018,A,YR,
76.621,P1Y,0,,A,PU,_Z,2,,,False,WB_WDI,WB_WDI_SP_DYN_LE00_IN,IRN,_T,_T,_T,_Z,_Z,_Z,2018,A,YR,
71.116,P1Y,0,,A,PU,_Z,2,,,False,WB_WDI,WB_WDI_SP_DYN_LE00_IN,IRQ,_T,_T,_T,_Z,_Z,_Z,2018,A,YR,
82.204878,P1Y,0,,A,PU,_Z,2,,,False,WB_WDI,WB_WDI_SP_DYN_LE00_IN,IRL,_T,_T,_T,_Z,_Z,_Z,2018,A,YR,
80.614,P1Y,0,,A,PU,_Z,2,,,False,WB_WDI,WB_WDI_SP_DYN_LE00_IN,IMN,_T,_T,_T,_Z,_Z,_Z,2018,A,YR,
82.802439,P1Y,0,,A,PU,_Z,2,,,False,WB_WDI,WB_WDI_SP_DYN_LE00_IN,ISR,_T,_T,_T,_Z,_Z,_Z,2018,A,YR,
78.643,P1Y,0,,A,PU,_Z,2,,,False,WB_WDI,WB_WDI_SP_DYN_LE00_IN,ALB,_T,_T,_T,_Z,_Z,_Z,2016,A,YR,
75.31,P1Y,0,,A,PU,_Z,2,,,False,WB_WDI,WB_WDI_SP_DYN_LE00_IN,DZA,_T,_T,_T,_Z,_Z,_Z,2016,A,YR,
72.64,P1Y,0,,A,PU,_Z,2,,,False,WB_WDI,WB_WDI_SP_DYN_LE00_IN,ASM,_T,_T,_T,_Z,_Z,_Z,2016,A,YR,
84.489,P1Y,0,,A,PU,_Z,2,,,False,WB_WDI,WB_WDI_SP_DYN_LE00_IN,AND,_T,_T,_T,_Z,_Z,_Z,2016,A,YR,
61.619,P1Y,0,,A,PU,_Z,2,,,False,WB_WDI,WB_WDI_SP_DYN_LE00_IN,AGO,_T,_T,_T,_Z,_Z,_Z,2016,A,YR,
76.968,P1Y,0,,A,PU,_Z,2,,,False,WB_WDI,WB_WDI_SP_DYN_LE00_IN,ATG,_T,_T,_T,_Z,_Z,_Z,2016,A,YR,
76.105,P1Y,0,,A,PU,_Z,2,,,False,WB_WDI,WB_WDI_SP_DYN_LE00_IN,ARG,_T,_T,_T,_Z,_Z,_Z,2016,A,YR,
74.868293,P1Y,0,,A,PU,_Z,2,,,False,WB_WDI,WB_WDI_SP_DYN_LE00_IN,ARM,_T,_T,_T,_Z,_Z,_Z,2016,A,YR,
75.54,P1Y,0,,A,PU,_Z,2,,,False,WB_WDI,WB_WDI_SP_DYN_LE00_IN,ABW,_T,_T,_T,_Z,_Z,_Z,2016,A,YR,
82.44878,P1Y,0,,A,PU,_Z,2,,,False,WB_WDI,WB_WDI_SP_DYN_LE00_IN,AUS,_T,_T,_T,_Z,_Z,_Z,2016,A,YR,
81.641463,P1Y,0,,A,PU,_Z,2,,,False,WB_WDI,WB_WDI_SP_DYN_LE00_IN,AUT,_T,_T,_T,_Z,_Z,_Z,2016,A,YR,
72.568,P1Y,0,,A,PU,_Z,2,,,False,WB_WDI,WB_WDI_SP_DYN_LE00_IN,AZE,_T,_T,_T,_Z,_Z,_Z,2016,A,YR,
72.750965,P1Y,0,,A,PU,_Z,2,,,False,WB_WDI,WB_WDI_SP_DYN_LE00_IN,IBD,_T,_T,_T,_Z,_Z,_Z,2014,A,YR,
70.121437,P1Y,0,,A,PU,_Z,2,,,False,WB_WDI,WB_WDI_SP_DYN_LE00_IN,IBT,_T,_T,_T,_Z,_Z,_Z,2014,A,YR,
60.099868,P1Y,0,,A,PU,_Z,2,,,False,WB_WDI,WB_WDI_SP_DYN_LE00_IN,IDB,_T,_T,_T,_Z,_Z,_Z,2014,A,YR,
63.610832,P1Y,0,,A,PU,_Z,2,,,False,WB_WDI,WB_WDI_SP_DYN_LE00_IN,IDX,_T,_T,_T,_Z,_Z,_Z,2014,A,YR,
62.368121,P1Y,0,,A,PU,_Z,2,,,False,WB_WDI,WB_WDI_SP_DYN_LE00_IN,IDA,_T,_T,_T,_Z,_Z,_Z,2014,A,YR,
75.823989,P1Y,0,,A,PU,_Z,2,,,False,WB_WDI,WB_WDI_SP_DYN_LE00_IN,LTE,_T,_T,_T,_Z,_Z,_Z,2014,A,YR,
74.560835,P1Y,0,,A,PU,_Z,2,,,False,WB_WDI,WB_WDI_SP_DYN_LE00_IN,LCN,_T,_T,_T,_Z,_Z,_Z,2014,A,YR,
74.29615,P1Y,0,,A,PU,_Z,2,,,False,WB_WDI,WB_WDI_SP_DYN_LE00_IN,LAC,_T,_T,_T,_Z,_Z,_Z,2014,A,YR,
74.464203,P1Y,0,,A,PU,_Z,2,,,False,WB_WDI,WB_WDI_SP_DYN_LE00_IN,TLA,_T,_T,_T,_Z,_Z,_Z,2014,A,YR,
62.961717,P1Y,0,,A,PU,_Z,2,,,False,WB_WDI,WB_WDI_SP_DYN_LE00_IN,LDC,_T,_T,_T,_Z,_Z,_Z,2014,A,YR,
70.012975,P1Y,0,,A,PU,_Z,2,,,False,WB_WDI,WB_WDI_SP_DYN_LE00_IN,LMY,_T,_T,_T,_Z,_Z,_Z,2014,A,YR,
61.235512,P1Y,0,,A,PU,_Z,2,,,False,WB_WDI,WB_WDI_SP_DYN_LE00_IN,LIC,_T,_T,_T,_Z,_Z,_Z,2014,A,YR,
66.647823,P1Y,0,,A,PU,_Z,2,,,False,WB_WDI,WB_WDI_SP_DYN_LE00_IN,LMC,_T,_T,_T,_Z,_Z,_Z,2014,A,YR,
81.653659,P1Y,0,,A,PU,_Z,2,,,False,WB_WDI,WB_WDI_SP_DYN_LE00_IN,IRL,_T,_T,_T,_Z,_Z,_Z,2016,A,YR,
80.391,P1Y,0,,A,PU,_Z,2,,,False,WB_WDI,WB_WDI_SP_DYN_LE00_IN,IMN,_T,_T,_T,_Z,_Z,_Z,2016,A,YR,
82.407317,P1Y,0,,A,PU,_Z,2,,,False,WB_WDI,WB_WDI_SP_DYN_LE00_IN,ISR,_T,_T,_T,_Z,_Z,_Z,2016,A,YR,
83.243902,P1Y,0,,A,PU,_Z,2,,,False,WB_WDI,WB_WDI_SP_DYN_LE00_IN,ITA,_T,_T,_T,_Z,_Z,_Z,2016,A,YR,
72.052,P1Y,0,,A,PU,_Z,2,,,False,WB_WDI,WB_WDI_SP_DYN_LE00_IN,JAM,_T,_T,_T,_Z,_Z,_Z,2016,A,YR,
83.984878,P1Y,0,,A,PU,_Z,2,,,False,WB_WDI,WB_WDI_SP_DYN_LE00_IN,JPN,_T,_T,_T,_Z,_Z,_Z,2016,A,YR,
75.55,P1Y,0,,A,PU,_Z,2,,,False,WB_WDI,WB_WDI_SP_DYN_LE00_IN,JOR,_T,_T,_T,_Z,_Z,_Z,2016,A,YR,
72.549,P1Y,0,,A,PU,_Z,2,,,False,WB_WDI,WB_WDI_SP_DYN_LE00_IN,KAZ,_T,_T,_T,_Z,_Z,_Z,2016,A,YR,
62.526,P1Y,0,,A,PU,_Z,2,,,False,WB_WDI,WB_WDI_SP_DYN_LE00_IN,KEN,_T,_T,_T,_Z,_Z,_Z,2016,A,YR,
65.799,P1Y,0,,A,PU,_Z,2,,,False,WB_WDI,WB_WDI_SP_DYN_LE00_IN,KIR,_T,_T,_T,_Z,_Z,_Z,2016,A,YR,
72.971,P1Y,0,,A,PU,_Z,2,,,False,WB_WDI,WB_WDI_SP_DYN_LE00_IN,PRK,_T,_T,_T,_Z,_Z,_Z,2016,A,YR,
82.27561,P1Y,0,,A,PU,_Z,2,,,False,WB_WDI,WB_WDI_SP_DYN_LE00_IN,KOR,_T,_T,_T,_Z,_Z,_Z,2016,A,YR,
68.515783,P1Y,0,,A,PU,_Z,2,,,False,WB_WDI,WB_WDI_SP_DYN_LE00_IN,WLD,_T,_T,_T,_Z,_Z,_Z,2003,A,YR,
57.171,P1Y,0,,A,PU,_Z,2,,,False,WB_WDI,WB_WDI_SP_DYN_LE00_IN,AFG,_T,_T,_T,_Z,_Z,_Z,2003,A,YR,
75.557,P1Y,0,,A,PU,_Z,2,,,False,WB_WDI,WB_WDI_SP_DYN_LE00_IN,ALB,_T,_T,_T,_Z,_Z,_Z,2003,A,YR,
71.906,P1Y,0,,A,PU,_Z,2,,,False,WB_WDI,WB_WDI_SP_DYN_LE00_IN,DZA,_T,_T,_T,_Z,_Z,_Z,2003,A,YR,
71.698,P1Y,0,,A,PU,_Z,2,,,False,WB_WDI,WB_WDI_SP_DYN_LE00_IN,ASM,_T,_T,_T,_Z,_Z,_Z,2003,A,YR,
82.718,P1Y,0,,A,PU,_Z,2,,,False,WB_WDI,WB_WDI_SP_DYN_LE00_IN,AND,_T,_T,_T,_Z,_Z,_Z,2003,A,YR,
50.218,P1Y,0,,A,PU,_Z,2,,,False,WB_WDI,WB_WDI_SP_DYN_LE00_IN,AGO,_T,_T,_T,_Z,_Z,_Z,2003,A,YR,
75.313,P1Y,0,,A,PU,_Z,2,,,False,WB_WDI,WB_WDI_SP_DYN_LE00_IN,ATG,_T,_T,_T,_Z,_Z,_Z,2003,A,YR,
74.307,P1Y,0,,A,PU,_Z,2,,,False,WB_WDI,WB_WDI_SP_DYN_LE00_IN,ARG,_T,_T,_T,_Z,_Z,_Z,2003,A,YR,
72.826829,P1Y,0,,A,PU,_Z,2,,,False,WB_WDI,WB_WDI_SP_DYN_LE00_IN,ARM,_T,_T,_T,_Z,_Z,_Z,2003,A,YR,
73.236,P1Y,0,,A,PU,_Z,2,,,False,WB_WDI,WB_WDI_SP_DYN_LE00_IN,ABW,_T,_T,_T,_Z,_Z,_Z,2003,A,YR,
80.239024,P1Y,0,,A,PU,_Z,2,,,False,WB_WDI,WB_WDI_SP_DYN_LE00_IN,AUS,_T,_T,_T,_Z,_Z,_Z,2003,A,YR,
78.631707,P1Y,0,,A,PU,_Z,2,,,False,WB_WDI,WB_WDI_SP_DYN_LE00_IN,AUT,_T,_T,_T,_Z,_Z,_Z,2003,A,YR,
67.036,P1Y,0,,A,PU,_Z,2,,,False,WB_WDI,WB_WDI_SP_DYN_LE00_IN,AZE,_T,_T,_T,_Z,_Z,_Z,2003,A,YR,
74.471,P1Y,0,,A,PU,_Z,2,,,False,WB_WDI,WB_WDI_SP_DYN_LE00_IN,TUN,_T,_T,_T,_Z,_Z,_Z,2011,A,YR,
74.823,P1Y,0,,A,PU,_Z,2,,,False,WB_WDI,WB_WDI_SP_DYN_LE00_IN,TUR,_T,_T,_T,_Z,_Z,_Z,2011,A,YR,
68.87,P1Y,0,,A,PU,_Z,2,,,False,WB_WDI,WB_WDI_SP_DYN_LE00_IN,TKM,_T,_T,_T,_Z,_Z,_Z,2011,A,YR,
76.87,P1Y,0,,A,PU,_Z,2,,,False,WB_WDI,WB_WDI_SP_DYN_LE00_IN,TCA,_T,_T,_T,_Z,_Z,_Z,2011,A,YR,
64.96,P1Y,0,,A,PU,_Z,2,,,False,WB_WDI,WB_WDI_SP_DYN_LE00_IN,TUV,_T,_T,_T,_Z,_Z,_Z,2011,A,YR,
60.791,P1Y,0,,A,PU,_Z,2,,,False,WB_WDI,WB_WDI_SP_DYN_LE00_IN,UGA,_T,_T,_T,_Z,_Z,_Z,2011,A,YR,
70.711,P1Y,0,,A,PU,_Z,2,,,False,WB_WDI,WB_WDI_SP_DYN_LE00_IN,UKR,_T,_T,_T,_Z,_Z,_Z,2011,A,YR,
81.898,P1Y,0,,A,PU,_Z,2,,,False,WB_WDI,WB_WDI_SP_DYN_LE00_IN,ARE,_T,_T,_T,_Z,_Z,_Z,2011,A,YR,
80.95122,P1Y,0,,A,PU,_Z,2,,,False,WB_WDI,WB_WDI_SP_DYN_LE00_IN,GBR,_T,_T,_T,_Z,_Z,_Z,2011,A,YR,
78.641463,P1Y,0,,A,PU,_Z,2,,,False,WB_WDI,WB_WDI_SP_DYN_LE00_IN,USA,_T,_T,_T,_Z,_Z,_Z,2011,A,YR,
76.614,P1Y,0,,A,PU,_Z,2,,,False,WB_WDI,WB_WDI_SP_DYN_LE00_IN,URY,_T,_T,_T,_Z,_Z,_Z,2011,A,YR,
70.143,P1Y,0,,A,PU,_Z,2,,,False,WB_WDI,WB_WDI_SP_DYN_LE00_IN,UZB,_T,_T,_T,_Z,_Z,_Z,2011,A,YR,
69.398,P1Y,0,,A,PU,_Z,2,,,False,WB_WDI,WB_WDI_SP_DYN_LE00_IN,KHM,_T,_T,_T,_Z,_Z,_Z,2015,A,YR,
59.687,P1Y,0,,A,PU,_Z,2,,,False,WB_WDI,WB_WDI_SP_DYN_LE00_IN,CMR,_T,_T,_T,_Z,_Z,_Z,2015,A,YR,
81.825854,P1Y,0,,A,PU,_Z,2,,,False,WB_WDI,WB_WDI_SP_DYN_LE00_IN,CAN,_T,_T,_T,_Z,_Z,_Z,2015,A,YR,
78.119,P1Y,0,,A,PU,_Z,2,,,False,WB_WDI,WB_WDI_SP_DYN_LE00_IN,CYM,_T,_T,_T,_Z,_Z,_Z,2015,A,YR,
51.934,P1Y,0,,A,PU,_Z,2,,,False,WB_WDI,WB_WDI_SP_DYN_LE00_IN,CAF,_T,_T,_T,_Z,_Z,_Z,2015,A,YR,
51.32,P1Y,0,,A,PU,_Z,2,,,False,WB_WDI,WB_WDI_SP_DYN_LE00_IN,TCD,_T,_T,_T,_Z,_Z,_Z,2015,A,YR,
81.4,P1Y,0,,A,PU,_Z,2,,,False,WB_WDI,WB_WDI_SP_DYN_LE00_IN,CHI,_T,_T,_T,_Z,_Z,_Z,2015,A,YR,
80.008,P1Y,0,,A,PU,_Z,2,,,False,WB_WDI,WB_WDI_SP_DYN_LE00_IN,CHL,_T,_T,_T,_Z,_Z,_Z,2015,A,YR,
76.975,P1Y,0,,A,PU,_Z,2,,,False,WB_WDI,WB_WDI_SP_DYN_LE00_IN,CHN,_T,_T,_T,_Z,_Z,_Z,2015,A,YR,
76.067,P1Y,0,,A,PU,_Z,2,,,False,WB_WDI,WB_WDI_SP_DYN_LE00_IN,COL,_T,_T,_T,_Z,_Z,_Z,2015,A,YR,
64.473,P1Y,0,,A,PU,_Z,2,,,False,WB_WDI,WB_WDI_SP_DYN_LE00_IN,COM,_T,_T,_T,_Z,_Z,_Z,2015,A,YR,
58.658,P1Y,0,,A,PU,_Z,2,,,False,WB_WDI,WB_WDI_SP_DYN_LE00_IN,COD,_T,_T,_T,_Z,_Z,_Z,2015,A,YR,
80.034146,P1Y,0,,A,PU,_Z,2,,,False,WB_WDI,WB_WDI_SP_DYN_LE00_IN,BEL,_T,_T,_T,_Z,_Z,_Z,2009,A,YR,
70.806,P1Y,0,,A,PU,_Z,2,,,False,WB_WDI,WB_WDI_SP_DYN_LE00_IN,BLZ,_T,_T,_T,_Z,_Z,_Z,2009,A,YR,
58.258,P1Y,0,,A,PU,_Z,2,,,False,WB_WDI,WB_WDI_SP_DYN_LE00_IN,BEN,_T,_T,_T,_Z,_Z,_Z,2009,A,YR,
79.229,P1Y,0,,A,PU,_Z,2,,,False,WB_WDI,WB_WDI_SP_DYN_LE00_IN,BMU,_T,_T,_T,_Z,_Z,_Z,2009,A,YR,
68.156,P1Y,0,,A,PU,_Z,2,,,False,WB_WDI,WB_WDI_SP_DYN_LE00_IN,BTN,_T,_T,_T,_Z,_Z,_Z,2009,A,YR,
65.656,P1Y,0,,A,PU,_Z,2,,,False,WB_WDI,WB_WDI_SP_DYN_LE00_IN,BOL,_T,_T,_T,_Z,_Z,_Z,2009,A,YR,
76.701,P1Y,0,,A,PU,_Z,2,,,False,WB_WDI,WB_WDI_SP_DYN_LE00_IN,BIH,_T,_T,_T,_Z,_Z,_Z,2009,A,YR,
58.297,P1Y,0,,A,PU,_Z,2,,,False,WB_WDI,WB_WDI_SP_DYN_LE00_IN,BWA,_T,_T,_T,_Z,_Z,_Z,2009,A,YR,
73.457,P1Y,0,,A,PU,_Z,2,,,False,WB_WDI,WB_WDI_SP_DYN_LE00_IN,BRA,_T,_T,_T,_Z,_Z,_Z,2009,A,YR,
76.205,P1Y,0,,A,PU,_Z,2,,,False,WB_WDI,WB_WDI_SP_DYN_LE00_IN,VGB,_T,_T,_T,_Z,_Z,_Z,2009,A,YR,
74.814,P1Y,0,,A,PU,_Z,2,,,False,WB_WDI,WB_WDI_SP_DYN_LE00_IN,BRN,_T,_T,_T,_Z,_Z,_Z,2009,A,YR,
73.412195,P1Y,0,,A,PU,_Z,2,,,False,WB_WDI,WB_WDI_SP_DYN_LE00_IN,BGR,_T,_T,_T,_Z,_Z,_Z,2009,A,YR,
53.082,P1Y,0,,A,PU,_Z,2,,,False,WB_WDI,WB_WDI_SP_DYN_LE00_IN,TCD,_T,_T,_T,_Z,_Z,_Z,2020,A,YR,
80.9,P1Y,0,,A,PU,_Z,2,,,False,WB_WDI,WB_WDI_SP_DYN_LE00_IN,CHI,_T,_T,_T,_Z,_Z,_Z,2020,A,YR,
79.349,P1Y,0,,A,PU,_Z,2,,,False,WB_WDI,WB_WDI_SP_DYN_LE00_IN,CHL,_T,_T,_T,_Z,_Z,_Z,2020,A,YR,
78.019,P1Y,0,,A,PU,_Z,2,,,False,WB_WDI,WB_WDI_SP_DYN_LE00_IN,CHN,_T,_T,_T,_Z,_Z,_Z,2020,A,YR,
74.757,P1Y,0,,A,PU,_Z,2,,,False,WB_WDI,WB_WDI_SP_DYN_LE00_IN,COL,_T,_T,_T,_Z,_Z,_Z,2020,A,YR,
65.756,P1Y,0,,A,PU,_Z,2,,,False,WB_WDI,WB_WDI_SP_DYN_LE00_IN,COM,_T,_T,_T,_Z,_Z,_Z,2020,A,YR,
60.428,P1Y,0,,A,PU,_Z,2,,,False,WB_WDI,WB_WDI_SP_DYN_LE00_IN,COD,_T,_T,_T,_Z,_Z,_Z,2020,A,YR,
64.391,P1Y,0,,A,PU,_Z,2,,,False,WB_WDI,WB_WDI_SP_DYN_LE00_IN,COG,_T,_T,_T,_Z,_Z,_Z,2020,A,YR,
79.725,P1Y,0,,A,PU,_Z,2,,,False,WB_WDI,WB_WDI_SP_DYN_LE00_IN,CRI,_T,_T,_T,_Z,_Z,_Z,2020,A,YR,
60.14,P1Y,0,,A,PU,_Z,2,,,False,WB_WDI,WB_WDI_SP_DYN_LE00_IN,CIV,_T,_T,_T,_Z,_Z,_Z,2020,A,YR,
77.52439,P1Y,0,,A,PU,_Z,2,,,False,WB_WDI,WB_WDI_SP_DYN_LE00_IN,HRV,_T,_T,_T,_Z,_Z,_Z,2020,A,YR,
83.27561,P1Y,0,,A,PU,_Z,2,,,False,WB_WDI,WB_WDI_SP_DYN_LE00_IN,MAC,_T,_T,_T,_Z,_Z,_Z,2016,A,YR,
63.431,P1Y,0,,A,PU,_Z,2,,,False,WB_WDI,WB_WDI_SP_DYN_LE00_IN,MDG,_T,_T,_T,_Z,_Z,_Z,2016,A,YR,
63.163,P1Y,0,,A,PU,_Z,2,,,False,WB_WDI,WB_WDI_SP_DYN_LE00_IN,MWI,_T,_T,_T,_Z,_Z,_Z,2016,A,YR,
75.371,P1Y,0,,A,PU,_Z,2,,,False,WB_WDI,WB_WDI_SP_DYN_LE00_IN,MYS,_T,_T,_T,_Z,_Z,_Z,2016,A,YR,
78.913,P1Y,0,,A,PU,_Z,2,,,False,WB_WDI,WB_WDI_SP_DYN_LE00_IN,MDV,_T,_T,_T,_Z,_Z,_Z,2016,A,YR,
58.286,P1Y,0,,A,PU,_Z,2,,,False,WB_WDI,WB_WDI_SP_DYN_LE00_IN,MLI,_T,_T,_T,_Z,_Z,_Z,2016,A,YR,
82.353659,P1Y,0,,A,PU,_Z,2,,,False,WB_WDI,WB_WDI_SP_DYN_LE00_IN,MLT,_T,_T,_T,_Z,_Z,_Z,2016,A,YR,
65.477,P1Y,0,,A,PU,_Z,2,,,False,WB_WDI,WB_WDI_SP_DYN_LE00_IN,MHL,_T,_T,_T,_Z,_Z,_Z,2016,A,YR,
66.823,P1Y,0,,A,PU,_Z,2,,,False,WB_WDI,WB_WDI_SP_DYN_LE00_IN,MRT,_T,_T,_T,_Z,_Z,_Z,2016,A,YR,
74.394878,P1Y,0,,A,PU,_Z,2,,,False,WB_WDI,WB_WDI_SP_DYN_LE00_IN,MUS,_T,_T,_T,_Z,_Z,_Z,2016,A,YR,
65.898,P1Y,0,,A,PU,_Z,2,,,False,WB_WDI,WB_WDI_SP_DYN_LE00_IN,KIR,_T,_T,_T,_Z,_Z,_Z,2013,A,YR,
71.867,P1Y,0,,A,PU,_Z,2,,,False,WB_WDI,WB_WDI_SP_DYN_LE00_IN,PRK,_T,_T,_T,_Z,_Z,_Z,2013,A,YR,
81.270732,P1Y,0,,A,PU,_Z,2,,,False,WB_WDI,WB_WDI_SP_DYN_LE00_IN,KOR,_T,_T,_T,_Z,_Z,_Z,2013,A,YR,
76.336,P1Y,0,,A,PU,_Z,2,,,False,WB_WDI,WB_WDI_SP_DYN_LE00_IN,XKX,_T,_T,_T,_Z,_Z,_Z,2013,A,YR,
78.741805,P1Y,0,,A,PU,_Z,2,,,False,WB_WDI,WB_WDI_SP_DYN_LE00_IN,KWT,_T,_T,_T,_Z,_Z,_Z,2013,A,YR,
70.202439,P1Y,0,,A,PU,_Z,2,,,False,WB_WDI,WB_WDI_SP_DYN_LE00_IN,KGZ,_T,_T,_T,_Z,_Z,_Z,2013,A,YR,
65.723,P1Y,0,,A,PU,_Z,2,,,False,WB_WDI,WB_WDI_SP_DYN_LE00_IN,LAO,_T,_T,_T,_Z,_Z,_Z,2013,A,YR,
73.982927,P1Y,0,,A,PU,_Z,2,,,False,WB_WDI,WB_WDI_SP_DYN_LE00_IN,LVA,_T,_T,_T,_Z,_Z,_Z,2013,A,YR,
78.037,P1Y,0,,A,PU,_Z,2,,,False,WB_WDI,WB_WDI_SP_DYN_LE00_IN,LBN,_T,_T,_T,_Z,_Z,_Z,2013,A,YR,
49.547,P1Y,0,,A,PU,_Z,2,,,False,WB_WDI,WB_WDI_SP_DYN_LE00_IN,LSO,_T,_T,_T,_Z,_Z,_Z,2013,A,YR,
59.992,P1Y,0,,A,PU,_Z,2,,,False,WB_WDI,WB_WDI_SP_DYN_LE00_IN,LBR,_T,_T,_T,_Z,_Z,_Z,2013,A,YR,
72.339,P1Y,0,,A,PU,_Z,2,,,False,WB_WDI,WB_WDI_SP_DYN_LE00_IN,LBY,_T,_T,_T,_Z,_Z,_Z,2013,A,YR,
66.003,P1Y,0,,A,PU,_Z,2,,,False,WB_WDI,WB_WDI_SP_DYN_LE00_IN,BOL,_T,_T,_T,_Z,_Z,_Z,2010,A,YR,
76.827,P1Y,0,,A,PU,_Z,2,,,False,WB_WDI,WB_WDI_SP_DYN_LE00_IN,BIH,_T,_T,_T,_Z,_Z,_Z,2010,A,YR,
59.137,P1Y,0,,A,PU,_Z,2,,,False,WB_WDI,WB_WDI_SP_DYN_LE00_IN,BWA,_T,_T,_T,_Z,_Z,_Z,2010,A,YR,
73.779,P1Y,0,,A,PU,_Z,2,,,False,WB_WDI,WB_WDI_SP_DYN_LE00_IN,BRA,_T,_T,_T,_Z,_Z,_Z,2010,A,YR,
76.289,P1Y,0,,A,PU,_Z,2,,,False,WB_WDI,WB_WDI_SP_DYN_LE00_IN,VGB,_T,_T,_T,_Z,_Z,_Z,2010,A,YR,
74.82,P1Y,0,,A,PU,_Z,2,,,False,WB_WDI,WB_WDI_SP_DYN_LE00_IN,BRN,_T,_T,_T,_Z,_Z,_Z,2010,A,YR,
73.512195,P1Y,0,,A,PU,_Z,2,,,False,WB_WDI,WB_WDI_SP_DYN_LE00_IN,BGR,_T,_T,_T,_Z,_Z,_Z,2010,A,YR,
56.343,P1Y,0,,A,PU,_Z,2,,,False,WB_WDI,WB_WDI_SP_DYN_LE00_IN,BFA,_T,_T,_T,_Z,_Z,_Z,2010,A,YR,
57.088,P1Y,0,,A,PU,_Z,2,,,False,WB_WDI,WB_WDI_SP_DYN_LE00_IN,BDI,_T,_T,_T,_Z,_Z,_Z,2010,A,YR,
72.507,P1Y,0,,A,PU,_Z,2,,,False,WB_WDI,WB_WDI_SP_DYN_LE00_IN,CPV,_T,_T,_T,_Z,_Z,_Z,2010,A,YR,
67.311,P1Y,0,,A,PU,_Z,2,,,False,WB_WDI,WB_WDI_SP_DYN_LE00_IN,KHM,_T,_T,_T,_Z,_Z,_Z,2010,A,YR,
82.158537,P1Y,0,,A,PU,_Z,2,,,False,WB_WDI,WB_WDI_SP_DYN_LE00_IN,CAN,_T,_T,_T,_Z,_Z,_Z,2019,A,YR,
79.052,P1Y,0,,A,PU,_Z,2,,,False,WB_WDI,WB_WDI_SP_DYN_LE00_IN,CYM,_T,_T,_T,_Z,_Z,_Z,2019,A,YR,
31.53,P1Y,0,,A,PU,_Z,2,,,False,WB_WDI,WB_WDI_SP_DYN_LE00_IN,CAF,_T,_T,_T,_Z,_Z,_Z,2019,A,YR,
52.993,P1Y,0,,A,PU,_Z,2,,,False,WB_WDI,WB_WDI_SP_DYN_LE00_IN,TCD,_T,_T,_T,_Z,_Z,_Z,2019,A,YR,
81.2,P1Y,0,,A,PU,_Z,2,,,False,WB_WDI,WB_WDI_SP_DYN_LE00_IN,CHI,_T,_T,_T,_Z,_Z,_Z,2019,A,YR,
80.324,P1Y,0,,A,PU,_Z,2,,,False,WB_WDI,WB_WDI_SP_DYN_LE00_IN,CHL,_T,_T,_T,_Z,_Z,_Z,2019,A,YR,
77.94,P1Y,0,,A,PU,_Z,2,,,False,WB_WDI,WB_WDI_SP_DYN_LE00_IN,CHN,_T,_T,_T,_Z,_Z,_Z,2019,A,YR,
76.793,P1Y,0,,A,PU,_Z,2,,,False,WB_WDI,WB_WDI_SP_DYN_LE00_IN,COL,_T,_T,_T,_Z,_Z,_Z,2019,A,YR,
65.662,P1Y,0,,A,PU,_Z,2,,,False,WB_WDI,WB_WDI_SP_DYN_LE00_IN,COM,_T,_T,_T,_Z,_Z,_Z,2019,A,YR,
60.242,P1Y,0,,A,PU,_Z,2,,,False,WB_WDI,WB_WDI_SP_DYN_LE00_IN,COD,_T,_T,_T,_Z,_Z,_Z,2019,A,YR,
63.152,P1Y,0,,A,PU,_Z,2,,,False,WB_WDI,WB_WDI_SP_DYN_LE00_IN,COG,_T,_T,_T,_Z,_Z,_Z,2019,A,YR,
80.296,P1Y,0,,A,PU,_Z,2,,,False,WB_WDI,WB_WDI_SP_DYN_LE00_IN,CRI,_T,_T,_T,_Z,_Z,_Z,2019,A,YR,
77.124,P1Y,0,,A,PU,_Z,2,,,False,WB_WDI,WB_WDI_SP_DYN_LE00_IN,BIH,_T,_T,_T,_Z,_Z,_Z,2016,A,YR,
64.32,P1Y,0,,A,PU,_Z,2,,,False,WB_WDI,WB_WDI_SP_DYN_LE00_IN,BWA,_T,_T,_T,_Z,_Z,_Z,2016,A,YR,
75.081,P1Y,0,,A,PU,_Z,2,,,False,WB_WDI,WB_WDI_SP_DYN_LE00_IN,BRA,_T,_T,_T,_Z,_Z,_Z,2016,A,YR,
76.624,P1Y,0,,A,PU,_Z,2,,,False,WB_WDI,WB_WDI_SP_DYN_LE00_IN,VGB,_T,_T,_T,_Z,_Z,_Z,2016,A,YR,
74.905,P1Y,0,,A,PU,_Z,2,,,False,WB_WDI,WB_WDI_SP_DYN_LE00_IN,BRN,_T,_T,_T,_Z,_Z,_Z,2016,A,YR,
74.812195,P1Y,0,,A,PU,_Z,2,,,False,WB_WDI,WB_WDI_SP_DYN_LE00_IN,BGR,_T,_T,_T,_Z,_Z,_Z,2016,A,YR,
59.173,P1Y,0,,A,PU,_Z,2,,,False,WB_WDI,WB_WDI_SP_DYN_LE00_IN,BFA,_T,_T,_T,_Z,_Z,_Z,2016,A,YR,
60.789,P1Y,0,,A,PU,_Z,2,,,False,WB_WDI,WB_WDI_SP_DYN_LE00_IN,BDI,_T,_T,_T,_Z,_Z,_Z,2016,A,YR,
74.35,P1Y,0,,A,PU,_Z,2,,,False,WB_WDI,WB_WDI_SP_DYN_LE00_IN,CPV,_T,_T,_T,_Z,_Z,_Z,2016,A,YR,
69.635,P1Y,0,,A,PU,_Z,2,,,False,WB_WDI,WB_WDI_SP_DYN_LE00_IN,KHM,_T,_T,_T,_Z,_Z,_Z,2016,A,YR,
60.293,P1Y,0,,A,PU,_Z,2,,,False,WB_WDI,WB_WDI_SP_DYN_LE00_IN,CMR,_T,_T,_T,_Z,_Z,_Z,2016,A,YR,
65.129,P1Y,0,,A,PU,_Z,2,,,False,WB_WDI,WB_WDI_SP_DYN_LE00_IN,PAK,_T,_T,_T,_Z,_Z,_Z,2013,A,YR,
68.981,P1Y,0,,A,PU,_Z,2,,,False,WB_WDI,WB_WDI_SP_DYN_LE00_IN,PLW,_T,_T,_T,_Z,_Z,_Z,2013,A,YR,
77.129,P1Y,0,,A,PU,_Z,2,,,False,WB_WDI,WB_WDI_SP_DYN_LE00_IN,PAN,_T,_T,_T,_Z,_Z,_Z,2013,A,YR,
63.927,P1Y,0,,A,PU,_Z,2,,,False,WB_WDI,WB_WDI_SP_DYN_LE00_IN,PNG,_T,_T,_T,_Z,_Z,_Z,2013,A,YR,
73.292,P1Y,0,,A,PU,_Z,2,,,False,WB_WDI,WB_WDI_SP_DYN_LE00_IN,PRY,_T,_T,_T,_Z,_Z,_Z,2013,A,YR,
74.591,P1Y,0,,A,PU,_Z,2,,,False,WB_WDI,WB_WDI_SP_DYN_LE00_IN,PER,_T,_T,_T,_Z,_Z,_Z,2013,A,YR,
69.283,P1Y,0,,A,PU,_Z,2,,,False,WB_WDI,WB_WDI_SP_DYN_LE00_IN,PHL,_T,_T,_T,_Z,_Z,_Z,2013,A,YR,
77,P1Y,0,,A,PU,_Z,2,,,False,WB_WDI,WB_WDI_SP_DYN_LE00_IN,POL,_T,_T,_T,_Z,_Z,_Z,2013,A,YR,
80.721951,P1Y,0,,A,PU,_Z,2,,,False,WB_WDI,WB_WDI_SP_DYN_LE00_IN,PRT,_T,_T,_T,_Z,_Z,_Z,2013,A,YR,
80.318,P1Y,0,,A,PU,_Z,2,,,False,WB_WDI,WB_WDI_SP_DYN_LE00_IN,PRI,_T,_T,_T,_Z,_Z,_Z,2013,A,YR,
80.974,P1Y,0,,A,PU,_Z,2,,,False,WB_WDI,WB_WDI_SP_DYN_LE00_IN,QAT,_T,_T,_T,_Z,_Z,_Z,2013,A,YR,
63.443,P1Y,0,,A,PU,_Z,2,,,False,WB_WDI,WB_WDI_SP_DYN_LE00_IN,SDN,_T,_T,_T,_Z,_Z,_Z,2013,A,YR,
70.11,P1Y,0,,A,PU,_Z,2,,,False,WB_WDI,WB_WDI_SP_DYN_LE00_IN,SUR,_T,_T,_T,_Z,_Z,_Z,2013,A,YR,
81.956098,P1Y,0,,A,PU,_Z,2,,,False,WB_WDI,WB_WDI_SP_DYN_LE00_IN,SWE,_T,_T,_T,_Z,_Z,_Z,2013,A,YR,
82.797561,P1Y,0,,A,PU,_Z,2,,,False,WB_WDI,WB_WDI_SP_DYN_LE00_IN,CHE,_T,_T,_T,_Z,_Z,_Z,2013,A,YR,
65.146,P1Y,0,,A,PU,_Z,2,,,False,WB_WDI,WB_WDI_SP_DYN_LE00_IN,SYR,_T,_T,_T,_Z,_Z,_Z,2013,A,YR,
69.579,P1Y,0,,A,PU,_Z,2,,,False,WB_WDI,WB_WDI_SP_DYN_LE00_IN,TJK,_T,_T,_T,_Z,_Z,_Z,2013,A,YR,
62.788,P1Y,0,,A,PU,_Z,2,,,False,WB_WDI,WB_WDI_SP_DYN_LE00_IN,TZA,_T,_T,_T,_Z,_Z,_Z,2013,A,YR,
75.96,P1Y,0,,A,PU,_Z,2,,,False,WB_WDI,WB_WDI_SP_DYN_LE00_IN,THA,_T,_T,_T,_Z,_Z,_Z,2013,A,YR,
64.719,P1Y,0,,A,PU,_Z,2,,,False,WB_WDI,WB_WDI_SP_DYN_LE00_IN,TLS,_T,_T,_T,_Z,_Z,_Z,2013,A,YR,
58.356,P1Y,0,,A,PU,_Z,2,,,False,WB_WDI,WB_WDI_SP_DYN_LE00_IN,TGO,_T,_T,_T,_Z,_Z,_Z,2013,A,YR,
71.65,P1Y,0,,A,PU,_Z,2,,,False,WB_WDI,WB_WDI_SP_DYN_LE00_IN,TON,_T,_T,_T,_Z,_Z,_Z,2013,A,YR,
74.873171,P1Y,0,,A,PU,_Z,2,,,False,WB_WDI,WB_WDI_SP_DYN_LE00_IN,ARM,_T,_T,_T,_Z,_Z,_Z,2014,A,YR,
75.261,P1Y,0,,A,PU,_Z,2,,,False,WB_WDI,WB_WDI_SP_DYN_LE00_IN,ABW,_T,_T,_T,_Z,_Z,_Z,2014,A,YR,
82.3,P1Y,0,,A,PU,_Z,2,,,False,WB_WDI,WB_WDI_SP_DYN_LE00_IN,AUS,_T,_T,_T,_Z,_Z,_Z,2014,A,YR,
81.490244,P1Y,0,,A,PU,_Z,2,,,False,WB_WDI,WB_WDI_SP_DYN_LE00_IN,AUT,_T,_T,_T,_Z,_Z,_Z,2014,A,YR,
71.93,P1Y,0,,A,PU,_Z,2,,,False,WB_WDI,WB_WDI_SP_DYN_LE00_IN,AZE,_T,_T,_T,_Z,_Z,_Z,2014,A,YR,
74.029,P1Y,0,,A,PU,_Z,2,,,False,WB_WDI,WB_WDI_SP_DYN_LE00_IN,BHS,_T,_T,_T,_Z,_Z,_Z,2014,A,YR,
80.214,P1Y,0,,A,PU,_Z,2,,,False,WB_WDI,WB_WDI_SP_DYN_LE00_IN,BHR,_T,_T,_T,_Z,_Z,_Z,2014,A,YR,
70.016,P1Y,0,,A,PU,_Z,2,,,False,WB_WDI,WB_WDI_SP_DYN_LE00_IN,BGD,_T,_T,_T,_Z,_Z,_Z,2014,A,YR,
75.926,P1Y,0,,A,PU,_Z,2,,,False,WB_WDI,WB_WDI_SP_DYN_LE00_IN,BRB,_T,_T,_T,_Z,_Z,_Z,2014,A,YR,
72.970732,P1Y,0,,A,PU,_Z,2,,,False,WB_WDI,WB_WDI_SP_DYN_LE00_IN,BLR,_T,_T,_T,_Z,_Z,_Z,2014,A,YR,
81.287805,P1Y,0,,A,PU,_Z,2,,,False,WB_WDI,WB_WDI_SP_DYN_LE00_IN,BEL,_T,_T,_T,_Z,_Z,_Z,2014,A,YR,
64.677,P1Y,0,,A,PU,_Z,2,,,False,WB_WDI,WB_WDI_SP_DYN_LE00_IN,SDN,_T,_T,_T,_Z,_Z,_Z,2016,A,YR,
70.979,P1Y,0,,A,PU,_Z,2,,,False,WB_WDI,WB_WDI_SP_DYN_LE00_IN,SUR,_T,_T,_T,_Z,_Z,_Z,2016,A,YR,
82.307317,P1Y,0,,A,PU,_Z,2,,,False,WB_WDI,WB_WDI_SP_DYN_LE00_IN,SWE,_T,_T,_T,_Z,_Z,_Z,2016,A,YR,
83.602439,P1Y,0,,A,PU,_Z,2,,,False,WB_WDI,WB_WDI_SP_DYN_LE00_IN,CHE,_T,_T,_T,_Z,_Z,_Z,2016,A,YR,
65.19,P1Y,0,,A,PU,_Z,2,,,False,WB_WDI,WB_WDI_SP_DYN_LE00_IN,SYR,_T,_T,_T,_Z,_Z,_Z,2016,A,YR,
69.982,P1Y,0,,A,PU,_Z,2,,,False,WB_WDI,WB_WDI_SP_DYN_LE00_IN,TJK,_T,_T,_T,_Z,_Z,_Z,2016,A,YR,
64.404,P1Y,0,,A,PU,_Z,2,,,False,WB_WDI,WB_WDI_SP_DYN_LE00_IN,TZA,_T,_T,_T,_Z,_Z,_Z,2016,A,YR,
76.769,P1Y,0,,A,PU,_Z,2,,,False,WB_WDI,WB_WDI_SP_DYN_LE00_IN,THA,_T,_T,_T,_Z,_Z,_Z,2016,A,YR,
65.61,P1Y,0,,A,PU,_Z,2,,,False,WB_WDI,WB_WDI_SP_DYN_LE00_IN,TLS,_T,_T,_T,_Z,_Z,_Z,2016,A,YR,
59.677,P1Y,0,,A,PU,_Z,2,,,False,WB_WDI,WB_WDI_SP_DYN_LE00_IN,TGO,_T,_T,_T,_Z,_Z,_Z,2016,A,YR,
71.951,P1Y,0,,A,PU,_Z,2,,,False,WB_WDI,WB_WDI_SP_DYN_LE00_IN,TON,_T,_T,_T,_Z,_Z,_Z,2016,A,YR,
82.388,P1Y,0,,A,PU,_Z,2,,,False,WB_WDI,WB_WDI_SP_DYN_LE00_IN,ARE,_T,_T,_T,_Z,_Z,_Z,2017,A,YR,
81.256098,P1Y,0,,A,PU,_Z,2,,,False,WB_WDI,WB_WDI_SP_DYN_LE00_IN,GBR,_T,_T,_T,_Z,_Z,_Z,2017,A,YR,
78.539024,P1Y,0,,A,PU,_Z,2,,,False,WB_WDI,WB_WDI_SP_DYN_LE00_IN,USA,_T,_T,_T,_Z,_Z,_Z,2017,A,YR,
77.618,P1Y,0,,A,PU,_Z,2,,,False,WB_WDI,WB_WDI_SP_DYN_LE00_IN,URY,_T,_T,_T,_Z,_Z,_Z,2017,A,YR,
71.737,P1Y,0,,A,PU,_Z,2,,,False,WB_WDI,WB_WDI_SP_DYN_LE00_IN,UZB,_T,_T,_T,_Z,_Z,_Z,2017,A,YR,
70.5,P1Y,0,,A,PU,_Z,2,,,False,WB_WDI,WB_WDI_SP_DYN_LE00_IN,VUT,_T,_T,_T,_Z,_Z,_Z,2017,A,YR,
71.903,P1Y,0,,A,PU,_Z,2,,,False,WB_WDI,WB_WDI_SP_DYN_LE00_IN,VEN,_T,_T,_T,_Z,_Z,_Z,2017,A,YR,
74.026,P1Y,0,,A,PU,_Z,2,,,False,WB_WDI,WB_WDI_SP_DYN_LE00_IN,VNM,_T,_T,_T,_Z,_Z,_Z,2017,A,YR,
79.368293,P1Y,0,,A,PU,_Z,2,,,False,WB_WDI,WB_WDI_SP_DYN_LE00_IN,VIR,_T,_T,_T,_Z,_Z,_Z,2017,A,YR,
75.216,P1Y,0,,A,PU,_Z,2,,,False,WB_WDI,WB_WDI_SP_DYN_LE00_IN,PSE,_T,_T,_T,_Z,_Z,_Z,2017,A,YR,
67.12,P1Y,0,,A,PU,_Z,2,,,False,WB_WDI,WB_WDI_SP_DYN_LE00_IN,YEM,_T,_T,_T,_Z,_Z,_Z,2017,A,YR,
61.564,P1Y,0,,A,PU,_Z,2,,,False,WB_WDI,WB_WDI_SP_DYN_LE00_IN,ZMB,_T,_T,_T,_Z,_Z,_Z,2017,A,YR,
72.935,P1Y,0,,A,PU,_Z,2,,,False,WB_WDI,WB_WDI_SP_DYN_LE00_IN,TTO,_T,_T,_T,_Z,_Z,_Z,2016,A,YR,
75.007,P1Y,0,,A,PU,_Z,2,,,False,WB_WDI,WB_WDI_SP_DYN_LE00_IN,TUN,_T,_T,_T,_Z,_Z,_Z,2016,A,YR,
76.595,P1Y,0,,A,PU,_Z,2,,,False,WB_WDI,WB_WDI_SP_DYN_LE00_IN,TUR,_T,_T,_T,_Z,_Z,_Z,2016,A,YR,
69.142,P1Y,0,,A,PU,_Z,2,,,False,WB_WDI,WB_WDI_SP_DYN_LE00_IN,TKM,_T,_T,_T,_Z,_Z,_Z,2016,A,YR,
77.437,P1Y,0,,A,PU,_Z,2,,,False,WB_WDI,WB_WDI_SP_DYN_LE00_IN,TCA,_T,_T,_T,_Z,_Z,_Z,2016,A,YR,
65.51,P1Y,0,,A,PU,_Z,2,,,False,WB_WDI,WB_WDI_SP_DYN_LE00_IN,TUV,_T,_T,_T,_Z,_Z,_Z,2016,A,YR,
64.494,P1Y,0,,A,PU,_Z,2,,,False,WB_WDI,WB_WDI_SP_DYN_LE00_IN,UGA,_T,_T,_T,_Z,_Z,_Z,2016,A,YR,
73.389,P1Y,0,,A,PU,_Z,2,,,False,WB_WDI,WB_WDI_SP_DYN_LE00_IN,UKR,_T,_T,_T,_Z,_Z,_Z,2016,A,YR,
82.195,P1Y,0,,A,PU,_Z,2,,,False,WB_WDI,WB_WDI_SP_DYN_LE00_IN,ARE,_T,_T,_T,_Z,_Z,_Z,2016,A,YR,
81.156098,P1Y,0,,A,PU,_Z,2,,,False,WB_WDI,WB_WDI_SP_DYN_LE00_IN,GBR,_T,_T,_T,_Z,_Z,_Z,2016,A,YR,
78.539024,P1Y,0,,A,PU,_Z,2,,,False,WB_WDI,WB_WDI_SP_DYN_LE00_IN,USA,_T,_T,_T,_Z,_Z,_Z,2016,A,YR,
77.351,P1Y,0,,A,PU,_Z,2,,,False,WB_WDI,WB_WDI_SP_DYN_LE00_IN,URY,_T,_T,_T,_Z,_Z,_Z,2016,A,YR,
71.053171,P1Y,0,,A,PU,_Z,2,,,False,WB_WDI,WB_WDI_SP_DYN_LE00_IN,MNG,_T,_T,_T,_Z,_Z,_Z,2019,A,YR,
76.682927,P1Y,0,,A,PU,_Z,2,,,False,WB_WDI,WB_WDI_SP_DYN_LE00_IN,MNE,_T,_T,_T,_Z,_Z,_Z,2019,A,YR,
74.245,P1Y,0,,A,PU,_Z,2,,,False,WB_WDI,WB_WDI_SP_DYN_LE00_IN,MAR,_T,_T,_T,_Z,_Z,_Z,2019,A,YR,
61.306,P1Y,0,,A,PU,_Z,2,,,False,WB_WDI,WB_WDI_SP_DYN_LE00_IN,MOZ,_T,_T,_T,_Z,_Z,_Z,2019,A,YR,
66.457,P1Y,0,,A,PU,_Z,2,,,False,WB_WDI,WB_WDI_SP_DYN_LE00_IN,MMR,_T,_T,_T,_Z,_Z,_Z,2019,A,YR,
63.546,P1Y,0,,A,PU,_Z,2,,,False,WB_WDI,WB_WDI_SP_DYN_LE00_IN,NAM,_T,_T,_T,_Z,_Z,_Z,2019,A,YR,
61.393,P1Y,0,,A,PU,_Z,2,,,False,WB_WDI,WB_WDI_SP_DYN_LE00_IN,NRU,_T,_T,_T,_Z,_Z,_Z,2019,A,YR,
69.299,P1Y,0,,A,PU,_Z,2,,,False,WB_WDI,WB_WDI_SP_DYN_LE00_IN,NPL,_T,_T,_T,_Z,_Z,_Z,2019,A,YR,
82.112195,P1Y,0,,A,PU,_Z,2,,,False,WB_WDI,WB_WDI_SP_DYN_LE00_IN,NLD,_T,_T,_T,_Z,_Z,_Z,2019,A,YR,
77.262,P1Y,0,,A,PU,_Z,2,,,False,WB_WDI,WB_WDI_SP_DYN_LE00_IN,NCL,_T,_T,_T,_Z,_Z,_Z,2019,A,YR,
82.056098,P1Y,0,,A,PU,_Z,2,,,False,WB_WDI,WB_WDI_SP_DYN_LE00_IN,NZL,_T,_T,_T,_Z,_Z,_Z,2019,A,YR,
75.756098,P1Y,0,,A,PU,_Z,2,,,False,WB_WDI,WB_WDI_SP_DYN_LE00_IN,BGR,_T,_T,_T,_Z,_Z,_Z,2023,A,YR,
61.092,P1Y,0,,A,PU,_Z,2,,,False,WB_WDI,WB_WDI_SP_DYN_LE00_IN,BFA,_T,_T,_T,_Z,_Z,_Z,2023,A,YR,
63.651,P1Y,0,,A,PU,_Z,2,,,False,WB_WDI,WB_WDI_SP_DYN_LE00_IN,BDI,_T,_T,_T,_Z,_Z,_Z,2023,A,YR,
76.059,P1Y,0,,A,PU,_Z,2,,,False,WB_WDI,WB_WDI_SP_DYN_LE00_IN,CPV,_T,_T,_T,_Z,_Z,_Z,2023,A,YR,
70.668,P1Y,0,,A,PU,_Z,2,,,False,WB_WDI,WB_WDI_SP_DYN_LE00_IN,KHM,_T,_T,_T,_Z,_Z,_Z,2023,A,YR,
63.7,P1Y,0,,A,PU,_Z,2,,,False,WB_WDI,WB_WDI_SP_DYN_LE00_IN,CMR,_T,_T,_T,_Z,_Z,_Z,2023,A,YR,
81.626341,P1Y,0,,A,PU,_Z,2,,,False,WB_WDI,WB_WDI_SP_DYN_LE00_IN,CAN,_T,_T,_T,_Z,_Z,_Z,2023,A,YR,
80.358,P1Y,0,,A,PU,_Z,2,,,False,WB_WDI,WB_WDI_SP_DYN_LE00_IN,CYM,_T,_T,_T,_Z,_Z,_Z,2023,A,YR,
57.408,P1Y,0,,A,PU,_Z,2,,,False,WB_WDI,WB_WDI_SP_DYN_LE00_IN,CAF,_T,_T,_T,_Z,_Z,_Z,2023,A,YR,
55.069,P1Y,0,,A,PU,_Z,2,,,False,WB_WDI,WB_WDI_SP_DYN_LE00_IN,TCD,_T,_T,_T,_Z,_Z,_Z,2023,A,YR,
81.1,P1Y,0,,A,PU,_Z,2,,,False,WB_WDI,WB_WDI_SP_DYN_LE00_IN,CHI,_T,_T,_T,_Z,_Z,_Z,2023,A,YR,
81.167,P1Y,0,,A,PU,_Z,2,,,False,WB_WDI,WB_WDI_SP_DYN_LE00_IN,CHL,_T,_T,_T,_Z,_Z,_Z,2023,A,YR,
77.953,P1Y,0,,A,PU,_Z,2,,,False,WB_WDI,WB_WDI_SP_DYN_LE00_IN,CHN,_T,_T,_T,_Z,_Z,_Z,2023,A,YR,
77.725,P1Y,0,,A,PU,_Z,2,,,False,WB_WDI,WB_WDI_SP_DYN_LE00_IN,COL,_T,_T,_T,_Z,_Z,_Z,2023,A,YR,
72.062,P1Y,0,,A,PU,_Z,2,,,False,WB_WDI,WB_WDI_SP_DYN_LE00_IN,BLZ,_T,_T,_T,_Z,_Z,_Z,2017,A,YR,
59.528,P1Y,0,,A,PU,_Z,2,,,False,WB_WDI,WB_WDI_SP_DYN_LE00_IN,BEN,_T,_T,_T,_Z,_Z,_Z,2017,A,YR,
80.686,P1Y,0,,A,PU,_Z,2,,,False,WB_WDI,WB_WDI_SP_DYN_LE00_IN,BMU,_T,_T,_T,_Z,_Z,_Z,2017,A,YR,
71.413,P1Y,0,,A,PU,_Z,2,,,False,WB_WDI,WB_WDI_SP_DYN_LE00_IN,BTN,_T,_T,_T,_Z,_Z,_Z,2017,A,YR,
67.536,P1Y,0,,A,PU,_Z,2,,,False,WB_WDI,WB_WDI_SP_DYN_LE00_IN,BOL,_T,_T,_T,_Z,_Z,_Z,2017,A,YR,
77.385,P1Y,0,,A,PU,_Z,2,,,False,WB_WDI,WB_WDI_SP_DYN_LE00_IN,BIH,_T,_T,_T,_Z,_Z,_Z,2017,A,YR,
65.42,P1Y,0,,A,PU,_Z,2,,,False,WB_WDI,WB_WDI_SP_DYN_LE00_IN,BWA,_T,_T,_T,_Z,_Z,_Z,2017,A,YR,
75.383,P1Y,0,,A,PU,_Z,2,,,False,WB_WDI,WB_WDI_SP_DYN_LE00_IN,BRA,_T,_T,_T,_Z,_Z,_Z,2017,A,YR,
75.67,P1Y,0,,A,PU,_Z,2,,,False,WB_WDI,WB_WDI_SP_DYN_LE00_IN,VGB,_T,_T,_T,_Z,_Z,_Z,2017,A,YR,
74.943,P1Y,0,,A,PU,_Z,2,,,False,WB_WDI,WB_WDI_SP_DYN_LE00_IN,BRN,_T,_T,_T,_Z,_Z,_Z,2017,A,YR,
74.814634,P1Y,0,,A,PU,_Z,2,,,False,WB_WDI,WB_WDI_SP_DYN_LE00_IN,BGR,_T,_T,_T,_Z,_Z,_Z,2017,A,YR,
76.418,P1Y,0,,A,PU,_Z,2,,,False,WB_WDI,WB_WDI_SP_DYN_LE00_IN,COL,_T,_T,_T,_Z,_Z,_Z,2017,A,YR,
65.127,P1Y,0,,A,PU,_Z,2,,,False,WB_WDI,WB_WDI_SP_DYN_LE00_IN,COM,_T,_T,_T,_Z,_Z,_Z,2017,A,YR,
59.495,P1Y,0,,A,PU,_Z,2,,,False,WB_WDI,WB_WDI_SP_DYN_LE00_IN,COD,_T,_T,_T,_Z,_Z,_Z,2017,A,YR,
64.203,P1Y,0,,A,PU,_Z,2,,,False,WB_WDI,WB_WDI_SP_DYN_LE00_IN,COG,_T,_T,_T,_Z,_Z,_Z,2017,A,YR,
79.994,P1Y,0,,A,PU,_Z,2,,,False,WB_WDI,WB_WDI_SP_DYN_LE00_IN,CRI,_T,_T,_T,_Z,_Z,_Z,2017,A,YR,
59.315,P1Y,0,,A,PU,_Z,2,,,False,WB_WDI,WB_WDI_SP_DYN_LE00_IN,CIV,_T,_T,_T,_Z,_Z,_Z,2017,A,YR,
77.726829,P1Y,0,,A,PU,_Z,2,,,False,WB_WDI,WB_WDI_SP_DYN_LE00_IN,HRV,_T,_T,_T,_Z,_Z,_Z,2017,A,YR,
77.3,P1Y,0,,A,PU,_Z,2,,,False,WB_WDI,WB_WDI_SP_DYN_LE00_IN,CUB,_T,_T,_T,_Z,_Z,_Z,2017,A,YR,
76.423,P1Y,0,,A,PU,_Z,2,,,False,WB_WDI,WB_WDI_SP_DYN_LE00_IN,CUW,_T,_T,_T,_Z,_Z,_Z,2017,A,YR,
81.543,P1Y,0,,A,PU,_Z,2,,,False,WB_WDI,WB_WDI_SP_DYN_LE00_IN,CYP,_T,_T,_T,_Z,_Z,_Z,2017,A,YR,
78.978049,P1Y,0,,A,PU,_Z,2,,,False,WB_WDI,WB_WDI_SP_DYN_LE00_IN,CZE,_T,_T,_T,_Z,_Z,_Z,2017,A,YR,
67.371,P1Y,0,,A,PU,_Z,2,,,False,WB_WDI,WB_WDI_SP_DYN_LE00_IN,SYR,_T,_T,_T,_Z,_Z,_Z,2018,A,YR,
70.737,P1Y,0,,A,PU,_Z,2,,,False,WB_WDI,WB_WDI_SP_DYN_LE00_IN,TJK,_T,_T,_T,_Z,_Z,_Z,2018,A,YR,
65.488,P1Y,0,,A,PU,_Z,2,,,False,WB_WDI,WB_WDI_SP_DYN_LE00_IN,TZA,_T,_T,_T,_Z,_Z,_Z,2018,A,YR,
77.19,P1Y,0,,A,PU,_Z,2,,,False,WB_WDI,WB_WDI_SP_DYN_LE00_IN,THA,_T,_T,_T,_Z,_Z,_Z,2018,A,YR,
66.204,P1Y,0,,A,PU,_Z,2,,,False,WB_WDI,WB_WDI_SP_DYN_LE00_IN,TLS,_T,_T,_T,_Z,_Z,_Z,2018,A,YR,
60.608,P1Y,0,,A,PU,_Z,2,,,False,WB_WDI,WB_WDI_SP_DYN_LE00_IN,TGO,_T,_T,_T,_Z,_Z,_Z,2018,A,YR,
72.169,P1Y,0,,A,PU,_Z,2,,,False,WB_WDI,WB_WDI_SP_DYN_LE00_IN,TON,_T,_T,_T,_Z,_Z,_Z,2018,A,YR,
72.658,P1Y,0,,A,PU,_Z,2,,,False,WB_WDI,WB_WDI_SP_DYN_LE00_IN,TTO,_T,_T,_T,_Z,_Z,_Z,2018,A,YR,
75.37,P1Y,0,,A,PU,_Z,2,,,False,WB_WDI,WB_WDI_SP_DYN_LE00_IN,TUN,_T,_T,_T,_Z,_Z,_Z,2018,A,YR,
77.454,P1Y,0,,A,PU,_Z,2,,,False,WB_WDI,WB_WDI_SP_DYN_LE00_IN,TUR,_T,_T,_T,_Z,_Z,_Z,2018,A,YR,
69.272,P1Y,0,,A,PU,_Z,2,,,False,WB_WDI,WB_WDI_SP_DYN_LE00_IN,TKM,_T,_T,_T,_Z,_Z,_Z,2018,A,YR,
77.596,P1Y,0,,A,PU,_Z,2,,,False,WB_WDI,WB_WDI_SP_DYN_LE00_IN,TCA,_T,_T,_T,_Z,_Z,_Z,2018,A,YR,
74.376,P1Y,0,,A,PU,_Z,2,,,False,WB_WDI,WB_WDI_SP_DYN_LE00_IN,MEX,_T,_T,_T,_Z,_Z,_Z,2016,A,YR,
65.576,P1Y,0,,A,PU,_Z,2,,,False,WB_WDI,WB_WDI_SP_DYN_LE00_IN,FSM,_T,_T,_T,_Z,_Z,_Z,2016,A,YR,
70.179,P1Y,0,,A,PU,_Z,2,,,False,WB_WDI,WB_WDI_SP_DYN_LE00_IN,MDA,_T,_T,_T,_Z,_Z,_Z,2016,A,YR,
85.63,P1Y,0,,A,PU,_Z,2,,,False,WB_WDI,WB_WDI_SP_DYN_LE00_IN,MCO,_T,_T,_T,_Z,_Z,_Z,2016,A,YR,
70.223902,P1Y,0,,A,PU,_Z,2,,,False,WB_WDI,WB_WDI_SP_DYN_LE00_IN,MNG,_T,_T,_T,_Z,_Z,_Z,2016,A,YR,
76.541463,P1Y,0,,A,PU,_Z,2,,,False,WB_WDI,WB_WDI_SP_DYN_LE00_IN,MNE,_T,_T,_T,_Z,_Z,_Z,2016,A,YR,
73.228,P1Y,0,,A,PU,_Z,2,,,False,WB_WDI,WB_WDI_SP_DYN_LE00_IN,MAR,_T,_T,_T,_Z,_Z,_Z,2016,A,YR,
59.455,P1Y,0,,A,PU,_Z,2,,,False,WB_WDI,WB_WDI_SP_DYN_LE00_IN,MOZ,_T,_T,_T,_Z,_Z,_Z,2016,A,YR,
65.64,P1Y,0,,A,PU,_Z,2,,,False,WB_WDI,WB_WDI_SP_DYN_LE00_IN,MMR,_T,_T,_T,_Z,_Z,_Z,2016,A,YR,
60.81,P1Y,0,,A,PU,_Z,2,,,False,WB_WDI,WB_WDI_SP_DYN_LE00_IN,NAM,_T,_T,_T,_Z,_Z,_Z,2016,A,YR,
60.996,P1Y,0,,A,PU,_Z,2,,,False,WB_WDI,WB_WDI_SP_DYN_LE00_IN,NRU,_T,_T,_T,_Z,_Z,_Z,2016,A,YR,
68.444,P1Y,0,,A,PU,_Z,2,,,False,WB_WDI,WB_WDI_SP_DYN_LE00_IN,NPL,_T,_T,_T,_Z,_Z,_Z,2016,A,YR,
81.895122,P1Y,0,,A,PU,_Z,2,,,False,WB_WDI,WB_WDI_SP_DYN_LE00_IN,AUS,_T,_T,_T,_Z,_Z,_Z,2011,A,YR,
80.982927,P1Y,0,,A,PU,_Z,2,,,False,WB_WDI,WB_WDI_SP_DYN_LE00_IN,AUT,_T,_T,_T,_Z,_Z,_Z,2011,A,YR,
70.565,P1Y,0,,A,PU,_Z,2,,,False,WB_WDI,WB_WDI_SP_DYN_LE00_IN,AZE,_T,_T,_T,_Z,_Z,_Z,2011,A,YR,
73.571,P1Y,0,,A,PU,_Z,2,,,False,WB_WDI,WB_WDI_SP_DYN_LE00_IN,BHS,_T,_T,_T,_Z,_Z,_Z,2011,A,YR,
79.141,P1Y,0,,A,PU,_Z,2,,,False,WB_WDI,WB_WDI_SP_DYN_LE00_IN,BHR,_T,_T,_T,_Z,_Z,_Z,2011,A,YR,
68.499,P1Y,0,,A,PU,_Z,2,,,False,WB_WDI,WB_WDI_SP_DYN_LE00_IN,BGD,_T,_T,_T,_Z,_Z,_Z,2011,A,YR,
75.599,P1Y,0,,A,PU,_Z,2,,,False,WB_WDI,WB_WDI_SP_DYN_LE00_IN,BRB,_T,_T,_T,_Z,_Z,_Z,2011,A,YR,
70.553659,P1Y,0,,A,PU,_Z,2,,,False,WB_WDI,WB_WDI_SP_DYN_LE00_IN,BLR,_T,_T,_T,_Z,_Z,_Z,2011,A,YR,
80.585366,P1Y,0,,A,PU,_Z,2,,,False,WB_WDI,WB_WDI_SP_DYN_LE00_IN,BEL,_T,_T,_T,_Z,_Z,_Z,2011,A,YR,
70.975,P1Y,0,,A,PU,_Z,2,,,False,WB_WDI,WB_WDI_SP_DYN_LE00_IN,BLZ,_T,_T,_T,_Z,_Z,_Z,2011,A,YR,
58.462,P1Y,0,,A,PU,_Z,2,,,False,WB_WDI,WB_WDI_SP_DYN_LE00_IN,BEN,_T,_T,_T,_Z,_Z,_Z,2011,A,YR,
67.650335,P1Y,0,,A,PU,_Z,2,,,False,WB_WDI,WB_WDI_SP_DYN_LE00_IN,ARB,_T,_T,_T,_Z,_Z,_Z,2003,A,YR,
69.087649,P1Y,0,,A,PU,_Z,2,,,False,WB_WDI,WB_WDI_SP_DYN_LE00_IN,CSS,_T,_T,_T,_Z,_Z,_Z,2003,A,YR,
73.382253,P1Y,0,,A,PU,_Z,2,,,False,WB_WDI,WB_WDI_SP_DYN_LE00_IN,CEB,_T,_T,_T,_Z,_Z,_Z,2003,A,YR,
65.279155,P1Y,0,,A,PU,_Z,2,,,False,WB_WDI,WB_WDI_SP_DYN_LE00_IN,EAR,_T,_T,_T,_Z,_Z,_Z,2003,A,YR,
72.734691,P1Y,0,,A,PU,_Z,2,,,False,WB_WDI,WB_WDI_SP_DYN_LE00_IN,EAS,_T,_T,_T,_Z,_Z,_Z,2003,A,YR,
71.803996,P1Y,0,,A,PU,_Z,2,,,False,WB_WDI,WB_WDI_SP_DYN_LE00_IN,EAP,_T,_T,_T,_Z,_Z,_Z,2003,A,YR,
71.835273,P1Y,0,,A,PU,_Z,2,,,False,WB_WDI,WB_WDI_SP_DYN_LE00_IN,TEA,_T,_T,_T,_Z,_Z,_Z,2003,A,YR,
78.504196,P1Y,0,,A,PU,_Z,2,,,False,WB_WDI,WB_WDI_SP_DYN_LE00_IN,EMU,_T,_T,_T,_Z,_Z,_Z,2003,A,YR,
73.562747,P1Y,0,,A,PU,_Z,2,,,False,WB_WDI,WB_WDI_SP_DYN_LE00_IN,ECS,_T,_T,_T,_Z,_Z,_Z,2003,A,YR,
69.587902,P1Y,0,,A,PU,_Z,2,,,False,WB_WDI,WB_WDI_SP_DYN_LE00_IN,ECA,_T,_T,_T,_Z,_Z,_Z,2003,A,YR,
68.696817,P1Y,0,,A,PU,_Z,2,,,False,WB_WDI,WB_WDI_SP_DYN_LE00_IN,TEC,_T,_T,_T,_Z,_Z,_Z,2003,A,YR,
77.592375,P1Y,0,,A,PU,_Z,2,,,False,WB_WDI,WB_WDI_SP_DYN_LE00_IN,EUU,_T,_T,_T,_Z,_Z,_Z,2003,A,YR,
54.607203,P1Y,0,,A,PU,_Z,2,,,False,WB_WDI,WB_WDI_SP_DYN_LE00_IN,HPC,_T,_T,_T,_Z,_Z,_Z,2003,A,YR,
76.548318,P1Y,0,,A,PU,_Z,2,,,False,WB_WDI,WB_WDI_SP_DYN_LE00_IN,HIC,_T,_T,_T,_Z,_Z,_Z,2003,A,YR,
58.196776,P1Y,0,,A,PU,_Z,2,,,False,WB_WDI,WB_WDI_SP_DYN_LE00_IN,LIC,_T,_T,_T,_Z,_Z,_Z,2007,A,YR,
63.976513,P1Y,0,,A,PU,_Z,2,,,False,WB_WDI,WB_WDI_SP_DYN_LE00_IN,LMC,_T,_T,_T,_Z,_Z,_Z,2007,A,YR,
68.346588,P1Y,0,,A,PU,_Z,2,,,False,WB_WDI,WB_WDI_SP_DYN_LE00_IN,MEA,_T,_T,_T,_Z,_Z,_Z,2007,A,YR,
67.65036,P1Y,0,,A,PU,_Z,2,,,False,WB_WDI,WB_WDI_SP_DYN_LE00_IN,MNA,_T,_T,_T,_Z,_Z,_Z,2007,A,YR,
67.621657,P1Y,0,,A,PU,_Z,2,,,False,WB_WDI,WB_WDI_SP_DYN_LE00_IN,TMN,_T,_T,_T,_Z,_Z,_Z,2007,A,YR,
68.788522,P1Y,0,,A,PU,_Z,2,,,False,WB_WDI,WB_WDI_SP_DYN_LE00_IN,MIC,_T,_T,_T,_Z,_Z,_Z,2007,A,YR,
78.239533,P1Y,0,,A,PU,_Z,2,,,False,WB_WDI,WB_WDI_SP_DYN_LE00_IN,NAC,_T,_T,_T,_Z,_Z,_Z,2007,A,YR,
78.472945,P1Y,0,,A,PU,_Z,2,,,False,WB_WDI,WB_WDI_SP_DYN_LE00_IN,OED,_T,_T,_T,_Z,_Z,_Z,2007,A,YR,
68.16999,P1Y,0,,A,PU,_Z,2,,,False,WB_WDI,WB_WDI_SP_DYN_LE00_IN,OSS,_T,_T,_T,_Z,_Z,_Z,2007,A,YR,
67.366838,P1Y,0,,A,PU,_Z,2,,,False,WB_WDI,WB_WDI_SP_DYN_LE00_IN,PSS,_T,_T,_T,_Z,_Z,_Z,2007,A,YR,
78.980517,P1Y,0,,A,PU,_Z,2,,,False,WB_WDI,WB_WDI_SP_DYN_LE00_IN,PST,_T,_T,_T,_Z,_Z,_Z,2007,A,YR,
55.550345,P1Y,0,,A,PU,_Z,2,,,False,WB_WDI,WB_WDI_SP_DYN_LE00_IN,PRE,_T,_T,_T,_Z,_Z,_Z,2007,A,YR,
68.576112,P1Y,0,,A,PU,_Z,2,,,False,WB_WDI,WB_WDI_SP_DYN_LE00_IN,SST,_T,_T,_T,_Z,_Z,_Z,2007,A,YR,
65.989023,P1Y,0,,A,PU,_Z,2,,,False,WB_WDI,WB_WDI_SP_DYN_LE00_IN,SAS,_T,_T,_T,_Z,_Z,_Z,2007,A,YR,
74.221,P1Y,0,,A,PU,_Z,2,,,False,WB_WDI,WB_WDI_SP_DYN_LE00_IN,THA,_T,_T,_T,_Z,_Z,_Z,2008,A,YR,
62.858,P1Y,0,,A,PU,_Z,2,,,False,WB_WDI,WB_WDI_SP_DYN_LE00_IN,TLS,_T,_T,_T,_Z,_Z,_Z,2008,A,YR,
56.663,P1Y,0,,A,PU,_Z,2,,,False,WB_WDI,WB_WDI_SP_DYN_LE00_IN,TGO,_T,_T,_T,_Z,_Z,_Z,2008,A,YR,
71.041,P1Y,0,,A,PU,_Z,2,,,False,WB_WDI,WB_WDI_SP_DYN_LE00_IN,TON,_T,_T,_T,_Z,_Z,_Z,2008,A,YR,
71.117,P1Y,0,,A,PU,_Z,2,,,False,WB_WDI,WB_WDI_SP_DYN_LE00_IN,TTO,_T,_T,_T,_Z,_Z,_Z,2008,A,YR,
74.192,P1Y,0,,A,PU,_Z,2,,,False,WB_WDI,WB_WDI_SP_DYN_LE00_IN,TUN,_T,_T,_T,_Z,_Z,_Z,2008,A,YR,
74.38,P1Y,0,,A,PU,_Z,2,,,False,WB_WDI,WB_WDI_SP_DYN_LE00_IN,TUR,_T,_T,_T,_Z,_Z,_Z,2008,A,YR,
67.584,P1Y,0,,A,PU,_Z,2,,,False,WB_WDI,WB_WDI_SP_DYN_LE00_IN,TKM,_T,_T,_T,_Z,_Z,_Z,2008,A,YR,
76.084,P1Y,0,,A,PU,_Z,2,,,False,WB_WDI,WB_WDI_SP_DYN_LE00_IN,TCA,_T,_T,_T,_Z,_Z,_Z,2008,A,YR,
64.516,P1Y,0,,A,PU,_Z,2,,,False,WB_WDI,WB_WDI_SP_DYN_LE00_IN,TUV,_T,_T,_T,_Z,_Z,_Z,2008,A,YR,
58.253,P1Y,0,,A,PU,_Z,2,,,False,WB_WDI,WB_WDI_SP_DYN_LE00_IN,UGA,_T,_T,_T,_Z,_Z,_Z,2008,A,YR,
68.262,P1Y,0,,A,PU,_Z,2,,,False,WB_WDI,WB_WDI_SP_DYN_LE00_IN,UKR,_T,_T,_T,_Z,_Z,_Z,2008,A,YR,
68.092,P1Y,0,,A,PU,_Z,2,,,False,WB_WDI,WB_WDI_SP_DYN_LE00_IN,IRQ,_T,_T,_T,_Z,_Z,_Z,2010,A,YR,
80.743902,P1Y,0,,A,PU,_Z,2,,,False,WB_WDI,WB_WDI_SP_DYN_LE00_IN,IRL,_T,_T,_T,_Z,_Z,_Z,2010,A,YR,
79.613,P1Y,0,,A,PU,_Z,2,,,False,WB_WDI,WB_WDI_SP_DYN_LE00_IN,IMN,_T,_T,_T,_Z,_Z,_Z,2010,A,YR,
81.602439,P1Y,0,,A,PU,_Z,2,,,False,WB_WDI,WB_WDI_SP_DYN_LE00_IN,ISR,_T,_T,_T,_Z,_Z,_Z,2010,A,YR,
82.036585,P1Y,0,,A,PU,_Z,2,,,False,WB_WDI,WB_WDI_SP_DYN_LE00_IN,ITA,_T,_T,_T,_Z,_Z,_Z,2010,A,YR,
71.979,P1Y,0,,A,PU,_Z,2,,,False,WB_WDI,WB_WDI_SP_DYN_LE00_IN,JAM,_T,_T,_T,_Z,_Z,_Z,2010,A,YR,
82.842683,P1Y,0,,A,PU,_Z,2,,,False,WB_WDI,WB_WDI_SP_DYN_LE00_IN,JPN,_T,_T,_T,_Z,_Z,_Z,2010,A,YR,
73.797,P1Y,0,,A,PU,_Z,2,,,False,WB_WDI,WB_WDI_SP_DYN_LE00_IN,JOR,_T,_T,_T,_Z,_Z,_Z,2010,A,YR,
68.257,P1Y,0,,A,PU,_Z,2,,,False,WB_WDI,WB_WDI_SP_DYN_LE00_IN,KAZ,_T,_T,_T,_Z,_Z,_Z,2010,A,YR,
60.915,P1Y,0,,A,PU,_Z,2,,,False,WB_WDI,WB_WDI_SP_DYN_LE00_IN,KEN,_T,_T,_T,_Z,_Z,_Z,2010,A,YR,
65.859,P1Y,0,,A,PU,_Z,2,,,False,WB_WDI,WB_WDI_SP_DYN_LE00_IN,KIR,_T,_T,_T,_Z,_Z,_Z,2010,A,YR,
70.246,P1Y,0,,A,PU,_Z,2,,,False,WB_WDI,WB_WDI_SP_DYN_LE00_IN,PRK,_T,_T,_T,_Z,_Z,_Z,2010,A,YR,
77.884,P1Y,0,,A,PU,_Z,2,,,False,WB_WDI,WB_WDI_SP_DYN_LE00_IN,CHL,_T,_T,_T,_Z,_Z,_Z,2003,A,YR,
73.385,P1Y,0,,A,PU,_Z,2,,,False,WB_WDI,WB_WDI_SP_DYN_LE00_IN,CHN,_T,_T,_T,_Z,_Z,_Z,2003,A,YR,
72.309,P1Y,0,,A,PU,_Z,2,,,False,WB_WDI,WB_WDI_SP_DYN_LE00_IN,COL,_T,_T,_T,_Z,_Z,_Z,2003,A,YR,
60.24,P1Y,0,,A,PU,_Z,2,,,False,WB_WDI,WB_WDI_SP_DYN_LE00_IN,COM,_T,_T,_T,_Z,_Z,_Z,2003,A,YR,
52.952,P1Y,0,,A,PU,_Z,2,,,False,WB_WDI,WB_WDI_SP_DYN_LE00_IN,COD,_T,_T,_T,_Z,_Z,_Z,2003,A,YR,
57.131,P1Y,0,,A,PU,_Z,2,,,False,WB_WDI,WB_WDI_SP_DYN_LE00_IN,COG,_T,_T,_T,_Z,_Z,_Z,2003,A,YR,
78.214,P1Y,0,,A,PU,_Z,2,,,False,WB_WDI,WB_WDI_SP_DYN_LE00_IN,CRI,_T,_T,_T,_Z,_Z,_Z,2003,A,YR,
51.443,P1Y,0,,A,PU,_Z,2,,,False,WB_WDI,WB_WDI_SP_DYN_LE00_IN,CIV,_T,_T,_T,_Z,_Z,_Z,2003,A,YR,
74.613902,P1Y,0,,A,PU,_Z,2,,,False,WB_WDI,WB_WDI_SP_DYN_LE00_IN,HRV,_T,_T,_T,_Z,_Z,_Z,2003,A,YR,
77.405,P1Y,0,,A,PU,_Z,2,,,False,WB_WDI,WB_WDI_SP_DYN_LE00_IN,CUB,_T,_T,_T,_Z,_Z,_Z,2003,A,YR,
73.603,P1Y,0,,A,PU,_Z,2,,,False,WB_WDI,WB_WDI_SP_DYN_LE00_IN,CUW,_T,_T,_T,_Z,_Z,_Z,2003,A,YR,
78.908,P1Y,0,,A,PU,_Z,2,,,False,WB_WDI,WB_WDI_SP_DYN_LE00_IN,CYP,_T,_T,_T,_Z,_Z,_Z,2003,A,YR,
75.170732,P1Y,0,,A,PU,_Z,2,,,False,WB_WDI,WB_WDI_SP_DYN_LE00_IN,CZE,_T,_T,_T,_Z,_Z,_Z,2003,A,YR,
73.485761,P1Y,0,,A,PU,_Z,2,,,False,WB_WDI,WB_WDI_SP_DYN_LE00_IN,IBD,_T,_T,_T,_Z,_Z,_Z,2017,A,YR,
70.832113,P1Y,0,,A,PU,_Z,2,,,False,WB_WDI,WB_WDI_SP_DYN_LE00_IN,IBT,_T,_T,_T,_Z,_Z,_Z,2017,A,YR,
60.818393,P1Y,0,,A,PU,_Z,2,,,False,WB_WDI,WB_WDI_SP_DYN_LE00_IN,IDB,_T,_T,_T,_Z,_Z,_Z,2017,A,YR,
64.612953,P1Y,0,,A,PU,_Z,2,,,False,WB_WDI,WB_WDI_SP_DYN_LE00_IN,IDX,_T,_T,_T,_Z,_Z,_Z,2017,A,YR,
63.275113,P1Y,0,,A,PU,_Z,2,,,False,WB_WDI,WB_WDI_SP_DYN_LE00_IN,IDA,_T,_T,_T,_Z,_Z,_Z,2017,A,YR,
76.417434,P1Y,0,,A,PU,_Z,2,,,False,WB_WDI,WB_WDI_SP_DYN_LE00_IN,LTE,_T,_T,_T,_Z,_Z,_Z,2017,A,YR,
74.831809,P1Y,0,,A,PU,_Z,2,,,False,WB_WDI,WB_WDI_SP_DYN_LE00_IN,LCN,_T,_T,_T,_Z,_Z,_Z,2017,A,YR,
74.556336,P1Y,0,,A,PU,_Z,2,,,False,WB_WDI,WB_WDI_SP_DYN_LE00_IN,LAC,_T,_T,_T,_Z,_Z,_Z,2017,A,YR,
74.76141,P1Y,0,,A,PU,_Z,2,,,False,WB_WDI,WB_WDI_SP_DYN_LE00_IN,TLA,_T,_T,_T,_Z,_Z,_Z,2017,A,YR,
64.036882,P1Y,0,,A,PU,_Z,2,,,False,WB_WDI,WB_WDI_SP_DYN_LE00_IN,LDC,_T,_T,_T,_Z,_Z,_Z,2017,A,YR,
70.708329,P1Y,0,,A,PU,_Z,2,,,False,WB_WDI,WB_WDI_SP_DYN_LE00_IN,LMY,_T,_T,_T,_Z,_Z,_Z,2017,A,YR,
62.165218,P1Y,0,,A,PU,_Z,2,,,False,WB_WDI,WB_WDI_SP_DYN_LE00_IN,LIC,_T,_T,_T,_Z,_Z,_Z,2017,A,YR,
67.623933,P1Y,0,,A,PU,_Z,2,,,False,WB_WDI,WB_WDI_SP_DYN_LE00_IN,LMC,_T,_T,_T,_Z,_Z,_Z,2017,A,YR,
80.631707,P1Y,0,,A,PU,_Z,2,,,False,WB_WDI,WB_WDI_SP_DYN_LE00_IN,LUX,_T,_T,_T,_Z,_Z,_Z,2010,A,YR,
82.273171,P1Y,0,,A,PU,_Z,2,,,False,WB_WDI,WB_WDI_SP_DYN_LE00_IN,MAC,_T,_T,_T,_Z,_Z,_Z,2010,A,YR,
62.597,P1Y,0,,A,PU,_Z,2,,,False,WB_WDI,WB_WDI_SP_DYN_LE00_IN,MDG,_T,_T,_T,_Z,_Z,_Z,2010,A,YR,
57.787,P1Y,0,,A,PU,_Z,2,,,False,WB_WDI,WB_WDI_SP_DYN_LE00_IN,MWI,_T,_T,_T,_Z,_Z,_Z,2010,A,YR,
75.376,P1Y,0,,A,PU,_Z,2,,,False,WB_WDI,WB_WDI_SP_DYN_LE00_IN,MYS,_T,_T,_T,_Z,_Z,_Z,2010,A,YR,
76.756,P1Y,0,,A,PU,_Z,2,,,False,WB_WDI,WB_WDI_SP_DYN_LE00_IN,MDV,_T,_T,_T,_Z,_Z,_Z,2010,A,YR,
55.993,P1Y,0,,A,PU,_Z,2,,,False,WB_WDI,WB_WDI_SP_DYN_LE00_IN,MLI,_T,_T,_T,_Z,_Z,_Z,2010,A,YR,
81.397561,P1Y,0,,A,PU,_Z,2,,,False,WB_WDI,WB_WDI_SP_DYN_LE00_IN,MLT,_T,_T,_T,_Z,_Z,_Z,2010,A,YR,
64.498,P1Y,0,,A,PU,_Z,2,,,False,WB_WDI,WB_WDI_SP_DYN_LE00_IN,MHL,_T,_T,_T,_Z,_Z,_Z,2010,A,YR,
65.661,P1Y,0,,A,PU,_Z,2,,,False,WB_WDI,WB_WDI_SP_DYN_LE00_IN,MRT,_T,_T,_T,_Z,_Z,_Z,2010,A,YR,
72.967317,P1Y,0,,A,PU,_Z,2,,,False,WB_WDI,WB_WDI_SP_DYN_LE00_IN,MUS,_T,_T,_T,_Z,_Z,_Z,2010,A,YR,
65.979786,P1Y,0,,A,PU,_Z,2,,,False,WB_WDI,WB_WDI_SP_DYN_LE00_IN,EAR,_T,_T,_T,_Z,_Z,_Z,2005,A,YR,
73.298435,P1Y,0,,A,PU,_Z,2,,,False,WB_WDI,WB_WDI_SP_DYN_LE00_IN,EAS,_T,_T,_T,_Z,_Z,_Z,2005,A,YR,
72.398327,P1Y,0,,A,PU,_Z,2,,,False,WB_WDI,WB_WDI_SP_DYN_LE00_IN,EAP,_T,_T,_T,_Z,_Z,_Z,2005,A,YR,
72.440234,P1Y,0,,A,PU,_Z,2,,,False,WB_WDI,WB_WDI_SP_DYN_LE00_IN,TEA,_T,_T,_T,_Z,_Z,_Z,2005,A,YR,
79.222058,P1Y,0,,A,PU,_Z,2,,,False,WB_WDI,WB_WDI_SP_DYN_LE00_IN,EMU,_T,_T,_T,_Z,_Z,_Z,2005,A,YR,
74.153645,P1Y,0,,A,PU,_Z,2,,,False,WB_WDI,WB_WDI_SP_DYN_LE00_IN,ECS,_T,_T,_T,_Z,_Z,_Z,2005,A,YR,
69.959515,P1Y,0,,A,PU,_Z,2,,,False,WB_WDI,WB_WDI_SP_DYN_LE00_IN,ECA,_T,_T,_T,_Z,_Z,_Z,2005,A,YR,
69.139972,P1Y,0,,A,PU,_Z,2,,,False,WB_WDI,WB_WDI_SP_DYN_LE00_IN,TEC,_T,_T,_T,_Z,_Z,_Z,2005,A,YR,
78.275141,P1Y,0,,A,PU,_Z,2,,,False,WB_WDI,WB_WDI_SP_DYN_LE00_IN,EUU,_T,_T,_T,_Z,_Z,_Z,2005,A,YR,
55.77742,P1Y,0,,A,PU,_Z,2,,,False,WB_WDI,WB_WDI_SP_DYN_LE00_IN,HPC,_T,_T,_T,_Z,_Z,_Z,2005,A,YR,
77.109684,P1Y,0,,A,PU,_Z,2,,,False,WB_WDI,WB_WDI_SP_DYN_LE00_IN,HIC,_T,_T,_T,_Z,_Z,_Z,2005,A,YR,
69.826517,P1Y,0,,A,PU,_Z,2,,,False,WB_WDI,WB_WDI_SP_DYN_LE00_IN,IBD,_T,_T,_T,_Z,_Z,_Z,2005,A,YR,
67.225635,P1Y,0,,A,PU,_Z,2,,,False,WB_WDI,WB_WDI_SP_DYN_LE00_IN,IBT,_T,_T,_T,_Z,_Z,_Z,2005,A,YR,
56.998929,P1Y,0,,A,PU,_Z,2,,,False,WB_WDI,WB_WDI_SP_DYN_LE00_IN,IDB,_T,_T,_T,_Z,_Z,_Z,2005,A,YR,
66.354,P1Y,0,,A,PU,_Z,2,,,False,WB_WDI,WB_WDI_SP_DYN_LE00_IN,UGA,_T,_T,_T,_Z,_Z,_Z,2019,A,YR,
73.92,P1Y,0,,A,PU,_Z,2,,,False,WB_WDI,WB_WDI_SP_DYN_LE00_IN,UKR,_T,_T,_T,_Z,_Z,_Z,2019,A,YR,
82.596,P1Y,0,,A,PU,_Z,2,,,False,WB_WDI,WB_WDI_SP_DYN_LE00_IN,ARE,_T,_T,_T,_Z,_Z,_Z,2019,A,YR,
81.369122,P1Y,0,,A,PU,_Z,2,,,False,WB_WDI,WB_WDI_SP_DYN_LE00_IN,GBR,_T,_T,_T,_Z,_Z,_Z,2019,A,YR,
78.787805,P1Y,0,,A,PU,_Z,2,,,False,WB_WDI,WB_WDI_SP_DYN_LE00_IN,USA,_T,_T,_T,_Z,_Z,_Z,2019,A,YR,
77.503,P1Y,0,,A,PU,_Z,2,,,False,WB_WDI,WB_WDI_SP_DYN_LE00_IN,URY,_T,_T,_T,_Z,_Z,_Z,2019,A,YR,
72.093,P1Y,0,,A,PU,_Z,2,,,False,WB_WDI,WB_WDI_SP_DYN_LE00_IN,UZB,_T,_T,_T,_Z,_Z,_Z,2019,A,YR,
70.783,P1Y,0,,A,PU,_Z,2,,,False,WB_WDI,WB_WDI_SP_DYN_LE00_IN,VUT,_T,_T,_T,_Z,_Z,_Z,2019,A,YR,
72.766,P1Y,0,,A,PU,_Z,2,,,False,WB_WDI,WB_WDI_SP_DYN_LE00_IN,VEN,_T,_T,_T,_Z,_Z,_Z,2019,A,YR,
74.211,P1Y,0,,A,PU,_Z,2,,,False,WB_WDI,WB_WDI_SP_DYN_LE00_IN,VNM,_T,_T,_T,_Z,_Z,_Z,2019,A,YR,
79.668293,P1Y,0,,A,PU,_Z,2,,,False,WB_WDI,WB_WDI_SP_DYN_LE00_IN,VIR,_T,_T,_T,_Z,_Z,_Z,2019,A,YR,
58.812431,P1Y,0,,A,PU,_Z,2,,,False,WB_WDI,WB_WDI_SP_DYN_LE00_IN,LIC,_T,_T,_T,_Z,_Z,_Z,2008,A,YR,
64.23241,P1Y,0,,A,PU,_Z,2,,,False,WB_WDI,WB_WDI_SP_DYN_LE00_IN,LMC,_T,_T,_T,_Z,_Z,_Z,2008,A,YR,
68.704165,P1Y,0,,A,PU,_Z,2,,,False,WB_WDI,WB_WDI_SP_DYN_LE00_IN,MEA,_T,_T,_T,_Z,_Z,_Z,2008,A,YR,
67.991066,P1Y,0,,A,PU,_Z,2,,,False,WB_WDI,WB_WDI_SP_DYN_LE00_IN,MNA,_T,_T,_T,_Z,_Z,_Z,2008,A,YR,
67.963506,P1Y,0,,A,PU,_Z,2,,,False,WB_WDI,WB_WDI_SP_DYN_LE00_IN,TMN,_T,_T,_T,_Z,_Z,_Z,2008,A,YR,
68.980013,P1Y,0,,A,PU,_Z,2,,,False,WB_WDI,WB_WDI_SP_DYN_LE00_IN,MIC,_T,_T,_T,_Z,_Z,_Z,2008,A,YR,
78.303859,P1Y,0,,A,PU,_Z,2,,,False,WB_WDI,WB_WDI_SP_DYN_LE00_IN,NAC,_T,_T,_T,_Z,_Z,_Z,2008,A,YR,
78.614633,P1Y,0,,A,PU,_Z,2,,,False,WB_WDI,WB_WDI_SP_DYN_LE00_IN,OED,_T,_T,_T,_Z,_Z,_Z,2008,A,YR,
68.579827,P1Y,0,,A,PU,_Z,2,,,False,WB_WDI,WB_WDI_SP_DYN_LE00_IN,OSS,_T,_T,_T,_Z,_Z,_Z,2008,A,YR,
67.574731,P1Y,0,,A,PU,_Z,2,,,False,WB_WDI,WB_WDI_SP_DYN_LE00_IN,PSS,_T,_T,_T,_Z,_Z,_Z,2008,A,YR,
79.145624,P1Y,0,,A,PU,_Z,2,,,False,WB_WDI,WB_WDI_SP_DYN_LE00_IN,PST,_T,_T,_T,_Z,_Z,_Z,2008,A,YR,
56.135526,P1Y,0,,A,PU,_Z,2,,,False,WB_WDI,WB_WDI_SP_DYN_LE00_IN,PRE,_T,_T,_T,_Z,_Z,_Z,2008,A,YR,
68.920819,P1Y,0,,A,PU,_Z,2,,,False,WB_WDI,WB_WDI_SP_DYN_LE00_IN,SST,_T,_T,_T,_Z,_Z,_Z,2008,A,YR,
66.431412,P1Y,0,,A,PU,_Z,2,,,False,WB_WDI,WB_WDI_SP_DYN_LE00_IN,SAS,_T,_T,_T,_Z,_Z,_Z,2008,A,YR,
62.804,P1Y,0,,A,PU,_Z,2,,,False,WB_WDI,WB_WDI_SP_DYN_LE00_IN,RWA,_T,_T,_T,_Z,_Z,_Z,2010,A,YR,
71.451,P1Y,0,,A,PU,_Z,2,,,False,WB_WDI,WB_WDI_SP_DYN_LE00_IN,WSM,_T,_T,_T,_Z,_Z,_Z,2010,A,YR,
83.464,P1Y,0,,A,PU,_Z,2,,,False,WB_WDI,WB_WDI_SP_DYN_LE00_IN,SMR,_T,_T,_T,_Z,_Z,_Z,2010,A,YR,
63.867,P1Y,0,,A,PU,_Z,2,,,False,WB_WDI,WB_WDI_SP_DYN_LE00_IN,STP,_T,_T,_T,_Z,_Z,_Z,2010,A,YR,
75.616,P1Y,0,,A,PU,_Z,2,,,False,WB_WDI,WB_WDI_SP_DYN_LE00_IN,SAU,_T,_T,_T,_Z,_Z,_Z,2010,A,YR,
64.221,P1Y,0,,A,PU,_Z,2,,,False,WB_WDI,WB_WDI_SP_DYN_LE00_IN,SEN,_T,_T,_T,_Z,_Z,_Z,2010,A,YR,
74.336585,P1Y,0,,A,PU,_Z,2,,,False,WB_WDI,WB_WDI_SP_DYN_LE00_IN,SRB,_T,_T,_T,_Z,_Z,_Z,2010,A,YR,
73.197561,P1Y,0,,A,PU,_Z,2,,,False,WB_WDI,WB_WDI_SP_DYN_LE00_IN,SYC,_T,_T,_T,_Z,_Z,_Z,2010,A,YR,
51.927,P1Y,0,,A,PU,_Z,2,,,False,WB_WDI,WB_WDI_SP_DYN_LE00_IN,SLE,_T,_T,_T,_Z,_Z,_Z,2010,A,YR,
81.541463,P1Y,0,,A,PU,_Z,2,,,False,WB_WDI,WB_WDI_SP_DYN_LE00_IN,SGP,_T,_T,_T,_Z,_Z,_Z,2010,A,YR,
74.821,P1Y,0,,A,PU,_Z,2,,,False,WB_WDI,WB_WDI_SP_DYN_LE00_IN,SXM,_T,_T,_T,_Z,_Z,_Z,2010,A,YR,
75.112195,P1Y,0,,A,PU,_Z,2,,,False,WB_WDI,WB_WDI_SP_DYN_LE00_IN,SVK,_T,_T,_T,_Z,_Z,_Z,2010,A,YR,
73.341,P1Y,0,,A,PU,_Z,2,,,False,WB_WDI,WB_WDI_SP_DYN_LE00_IN,THA,_T,_T,_T,_Z,_Z,_Z,2006,A,YR,
61.881,P1Y,0,,A,PU,_Z,2,,,False,WB_WDI,WB_WDI_SP_DYN_LE00_IN,TLS,_T,_T,_T,_Z,_Z,_Z,2006,A,YR,
56.154,P1Y,0,,A,PU,_Z,2,,,False,WB_WDI,WB_WDI_SP_DYN_LE00_IN,TGO,_T,_T,_T,_Z,_Z,_Z,2006,A,YR,
70.71,P1Y,0,,A,PU,_Z,2,,,False,WB_WDI,WB_WDI_SP_DYN_LE00_IN,TON,_T,_T,_T,_Z,_Z,_Z,2006,A,YR,
70.437,P1Y,0,,A,PU,_Z,2,,,False,WB_WDI,WB_WDI_SP_DYN_LE00_IN,TTO,_T,_T,_T,_Z,_Z,_Z,2006,A,YR,
73.888,P1Y,0,,A,PU,_Z,2,,,False,WB_WDI,WB_WDI_SP_DYN_LE00_IN,TUN,_T,_T,_T,_Z,_Z,_Z,2006,A,YR,
73.804,P1Y,0,,A,PU,_Z,2,,,False,WB_WDI,WB_WDI_SP_DYN_LE00_IN,TUR,_T,_T,_T,_Z,_Z,_Z,2006,A,YR,
66.574,P1Y,0,,A,PU,_Z,2,,,False,WB_WDI,WB_WDI_SP_DYN_LE00_IN,TKM,_T,_T,_T,_Z,_Z,_Z,2006,A,YR,
76.197,P1Y,0,,A,PU,_Z,2,,,False,WB_WDI,WB_WDI_SP_DYN_LE00_IN,TCA,_T,_T,_T,_Z,_Z,_Z,2006,A,YR,
64.247,P1Y,0,,A,PU,_Z,2,,,False,WB_WDI,WB_WDI_SP_DYN_LE00_IN,TUV,_T,_T,_T,_Z,_Z,_Z,2006,A,YR,
56.118,P1Y,0,,A,PU,_Z,2,,,False,WB_WDI,WB_WDI_SP_DYN_LE00_IN,UGA,_T,_T,_T,_Z,_Z,_Z,2006,A,YR,
67.49,P1Y,0,,A,PU,_Z,2,,,False,WB_WDI,WB_WDI_SP_DYN_LE00_IN,UKR,_T,_T,_T,_Z,_Z,_Z,2006,A,YR,
81.155,P1Y,0,,A,PU,_Z,2,,,False,WB_WDI,WB_WDI_SP_DYN_LE00_IN,ARE,_T,_T,_T,_Z,_Z,_Z,2006,A,YR,
77.394,P1Y,0,,A,PU,_Z,2,,,False,WB_WDI,WB_WDI_SP_DYN_LE00_IN,BIH,_T,_T,_T,_Z,_Z,_Z,2019,A,YR,
67.167,P1Y,0,,A,PU,_Z,2,,,False,WB_WDI,WB_WDI_SP_DYN_LE00_IN,BWA,_T,_T,_T,_Z,_Z,_Z,2019,A,YR,
75.809,P1Y,0,,A,PU,_Z,2,,,False,WB_WDI,WB_WDI_SP_DYN_LE00_IN,BRA,_T,_T,_T,_Z,_Z,_Z,2019,A,YR,
76.845,P1Y,0,,A,PU,_Z,2,,,False,WB_WDI,WB_WDI_SP_DYN_LE00_IN,VGB,_T,_T,_T,_Z,_Z,_Z,2019,A,YR,
75.049,P1Y,0,,A,PU,_Z,2,,,False,WB_WDI,WB_WDI_SP_DYN_LE00_IN,BRN,_T,_T,_T,_Z,_Z,_Z,2019,A,YR,
75.112195,P1Y,0,,A,PU,_Z,2,,,False,WB_WDI,WB_WDI_SP_DYN_LE00_IN,BGR,_T,_T,_T,_Z,_Z,_Z,2019,A,YR,
60.184,P1Y,0,,A,PU,_Z,2,,,False,WB_WDI,WB_WDI_SP_DYN_LE00_IN,BFA,_T,_T,_T,_Z,_Z,_Z,2019,A,YR,
62.18,P1Y,0,,A,PU,_Z,2,,,False,WB_WDI,WB_WDI_SP_DYN_LE00_IN,BDI,_T,_T,_T,_Z,_Z,_Z,2019,A,YR,
75.449,P1Y,0,,A,PU,_Z,2,,,False,WB_WDI,WB_WDI_SP_DYN_LE00_IN,CPV,_T,_T,_T,_Z,_Z,_Z,2019,A,YR,
70.127,P1Y,0,,A,PU,_Z,2,,,False,WB_WDI,WB_WDI_SP_DYN_LE00_IN,KHM,_T,_T,_T,_Z,_Z,_Z,2019,A,YR,
61.695,P1Y,0,,A,PU,_Z,2,,,False,WB_WDI,WB_WDI_SP_DYN_LE00_IN,CMR,_T,_T,_T,_Z,_Z,_Z,2019,A,YR,
66.545,P1Y,0,,A,PU,_Z,2,,,False,WB_WDI,WB_WDI_SP_DYN_LE00_IN,FJI,_T,_T,_T,_Z,_Z,_Z,2013,A,YR,
80.97561,P1Y,0,,A,PU,_Z,2,,,False,WB_WDI,WB_WDI_SP_DYN_LE00_IN,FIN,_T,_T,_T,_Z,_Z,_Z,2013,A,YR,
82.219512,P1Y,0,,A,PU,_Z,2,,,False,WB_WDI,WB_WDI_SP_DYN_LE00_IN,FRA,_T,_T,_T,_Z,_Z,_Z,2013,A,YR,
81.935,P1Y,0,,A,PU,_Z,2,,,False,WB_WDI,WB_WDI_SP_DYN_LE00_IN,PYF,_T,_T,_T,_Z,_Z,_Z,2013,A,YR,
65.751,P1Y,0,,A,PU,_Z,2,,,False,WB_WDI,WB_WDI_SP_DYN_LE00_IN,GAB,_T,_T,_T,_Z,_Z,_Z,2013,A,YR,
62.252,P1Y,0,,A,PU,_Z,2,,,False,WB_WDI,WB_WDI_SP_DYN_LE00_IN,GMB,_T,_T,_T,_Z,_Z,_Z,2013,A,YR,
73.025,P1Y,0,,A,PU,_Z,2,,,False,WB_WDI,WB_WDI_SP_DYN_LE00_IN,GEO,_T,_T,_T,_Z,_Z,_Z,2013,A,YR,
80.490244,P1Y,0,,A,PU,_Z,2,,,False,WB_WDI,WB_WDI_SP_DYN_LE00_IN,DEU,_T,_T,_T,_Z,_Z,_Z,2013,A,YR,
62.397,P1Y,0,,A,PU,_Z,2,,,False,WB_WDI,WB_WDI_SP_DYN_LE00_IN,GHA,_T,_T,_T,_Z,_Z,_Z,2013,A,YR,
82.586,P1Y,0,,A,PU,_Z,2,,,False,WB_WDI,WB_WDI_SP_DYN_LE00_IN,GIB,_T,_T,_T,_Z,_Z,_Z,2013,A,YR,
81.285366,P1Y,0,,A,PU,_Z,2,,,False,WB_WDI,WB_WDI_SP_DYN_LE00_IN,GRC,_T,_T,_T,_Z,_Z,_Z,2013,A,YR,
70.291707,P1Y,0,,A,PU,_Z,2,,,False,WB_WDI,WB_WDI_SP_DYN_LE00_IN,GRL,_T,_T,_T,_Z,_Z,_Z,2013,A,YR,
75.022,P1Y,0,,A,PU,_Z,2,,,False,WB_WDI,WB_WDI_SP_DYN_LE00_IN,GRD,_T,_T,_T,_Z,_Z,_Z,2013,A,YR,
79.651,P1Y,0,,A,PU,_Z,2,,,False,WB_WDI,WB_WDI_SP_DYN_LE00_IN,BMU,_T,_T,_T,_Z,_Z,_Z,2011,A,YR,
69.28,P1Y,0,,A,PU,_Z,2,,,False,WB_WDI,WB_WDI_SP_DYN_LE00_IN,BTN,_T,_T,_T,_Z,_Z,_Z,2011,A,YR,
66.282,P1Y,0,,A,PU,_Z,2,,,False,WB_WDI,WB_WDI_SP_DYN_LE00_IN,BOL,_T,_T,_T,_Z,_Z,_Z,2011,A,YR,
76.963,P1Y,0,,A,PU,_Z,2,,,False,WB_WDI,WB_WDI_SP_DYN_LE00_IN,BIH,_T,_T,_T,_Z,_Z,_Z,2011,A,YR,
59.715,P1Y,0,,A,PU,_Z,2,,,False,WB_WDI,WB_WDI_SP_DYN_LE00_IN,BWA,_T,_T,_T,_Z,_Z,_Z,2011,A,YR,
74.047,P1Y,0,,A,PU,_Z,2,,,False,WB_WDI,WB_WDI_SP_DYN_LE00_IN,BRA,_T,_T,_T,_Z,_Z,_Z,2011,A,YR,
76.363,P1Y,0,,A,PU,_Z,2,,,False,WB_WDI,WB_WDI_SP_DYN_LE00_IN,VGB,_T,_T,_T,_Z,_Z,_Z,2011,A,YR,
74.835,P1Y,0,,A,PU,_Z,2,,,False,WB_WDI,WB_WDI_SP_DYN_LE00_IN,BRN,_T,_T,_T,_Z,_Z,_Z,2011,A,YR,
74.163415,P1Y,0,,A,PU,_Z,2,,,False,WB_WDI,WB_WDI_SP_DYN_LE00_IN,BGR,_T,_T,_T,_Z,_Z,_Z,2011,A,YR,
57.001,P1Y,0,,A,PU,_Z,2,,,False,WB_WDI,WB_WDI_SP_DYN_LE00_IN,BFA,_T,_T,_T,_Z,_Z,_Z,2011,A,YR,
57.804,P1Y,0,,A,PU,_Z,2,,,False,WB_WDI,WB_WDI_SP_DYN_LE00_IN,BDI,_T,_T,_T,_Z,_Z,_Z,2011,A,YR,
74.506,P1Y,0,,A,PU,_Z,2,,,False,WB_WDI,WB_WDI_SP_DYN_LE00_IN,BRA,_T,_T,_T,_Z,_Z,_Z,2020,A,YR,
76.894,P1Y,0,,A,PU,_Z,2,,,False,WB_WDI,WB_WDI_SP_DYN_LE00_IN,VGB,_T,_T,_T,_Z,_Z,_Z,2020,A,YR,
75.114,P1Y,0,,A,PU,_Z,2,,,False,WB_WDI,WB_WDI_SP_DYN_LE00_IN,BRN,_T,_T,_T,_Z,_Z,_Z,2020,A,YR,
73.356098,P1Y,0,,A,PU,_Z,2,,,False,WB_WDI,WB_WDI_SP_DYN_LE00_IN,BGR,_T,_T,_T,_Z,_Z,_Z,2020,A,YR,
60.454,P1Y,0,,A,PU,_Z,2,,,False,WB_WDI,WB_WDI_SP_DYN_LE00_IN,BFA,_T,_T,_T,_Z,_Z,_Z,2020,A,YR,
62.569,P1Y,0,,A,PU,_Z,2,,,False,WB_WDI,WB_WDI_SP_DYN_LE00_IN,BDI,_T,_T,_T,_Z,_Z,_Z,2020,A,YR,
73.818,P1Y,0,,A,PU,_Z,2,,,False,WB_WDI,WB_WDI_SP_DYN_LE00_IN,CPV,_T,_T,_T,_Z,_Z,_Z,2020,A,YR,
70.059,P1Y,0,,A,PU,_Z,2,,,False,WB_WDI,WB_WDI_SP_DYN_LE00_IN,KHM,_T,_T,_T,_Z,_Z,_Z,2020,A,YR,
61.674,P1Y,0,,A,PU,_Z,2,,,False,WB_WDI,WB_WDI_SP_DYN_LE00_IN,CMR,_T,_T,_T,_Z,_Z,_Z,2020,A,YR,
81.53,P1Y,0,,A,PU,_Z,2,,,False,WB_WDI,WB_WDI_SP_DYN_LE00_IN,CAN,_T,_T,_T,_Z,_Z,_Z,2020,A,YR,
79.23,P1Y,0,,A,PU,_Z,2,,,False,WB_WDI,WB_WDI_SP_DYN_LE00_IN,CYM,_T,_T,_T,_Z,_Z,_Z,2020,A,YR,
50.596,P1Y,0,,A,PU,_Z,2,,,False,WB_WDI,WB_WDI_SP_DYN_LE00_IN,CAF,_T,_T,_T,_Z,_Z,_Z,2020,A,YR,
70.962,P1Y,0,,A,PU,_Z,2,,,False,WB_WDI,WB_WDI_SP_DYN_LE00_IN,TJK,_T,_T,_T,_Z,_Z,_Z,2019,A,YR,
66.007,P1Y,0,,A,PU,_Z,2,,,False,WB_WDI,WB_WDI_SP_DYN_LE00_IN,TZA,_T,_T,_T,_Z,_Z,_Z,2019,A,YR,
77.197,P1Y,0,,A,PU,_Z,2,,,False,WB_WDI,WB_WDI_SP_DYN_LE00_IN,THA,_T,_T,_T,_Z,_Z,_Z,2019,A,YR,
66.496,P1Y,0,,A,PU,_Z,2,,,False,WB_WDI,WB_WDI_SP_DYN_LE00_IN,TLS,_T,_T,_T,_Z,_Z,_Z,2019,A,YR,
61.061,P1Y,0,,A,PU,_Z,2,,,False,WB_WDI,WB_WDI_SP_DYN_LE00_IN,TGO,_T,_T,_T,_Z,_Z,_Z,2019,A,YR,
72.292,P1Y,0,,A,PU,_Z,2,,,False,WB_WDI,WB_WDI_SP_DYN_LE00_IN,TON,_T,_T,_T,_Z,_Z,_Z,2019,A,YR,
72.836,P1Y,0,,A,PU,_Z,2,,,False,WB_WDI,WB_WDI_SP_DYN_LE00_IN,TTO,_T,_T,_T,_Z,_Z,_Z,2019,A,YR,
75.599,P1Y,0,,A,PU,_Z,2,,,False,WB_WDI,WB_WDI_SP_DYN_LE00_IN,TUN,_T,_T,_T,_Z,_Z,_Z,2019,A,YR,
77.737,P1Y,0,,A,PU,_Z,2,,,False,WB_WDI,WB_WDI_SP_DYN_LE00_IN,TUR,_T,_T,_T,_Z,_Z,_Z,2019,A,YR,
69.405,P1Y,0,,A,PU,_Z,2,,,False,WB_WDI,WB_WDI_SP_DYN_LE00_IN,TKM,_T,_T,_T,_Z,_Z,_Z,2019,A,YR,
77.691,P1Y,0,,A,PU,_Z,2,,,False,WB_WDI,WB_WDI_SP_DYN_LE00_IN,TCA,_T,_T,_T,_Z,_Z,_Z,2019,A,YR,
66.109,P1Y,0,,A,PU,_Z,2,,,False,WB_WDI,WB_WDI_SP_DYN_LE00_IN,TUV,_T,_T,_T,_Z,_Z,_Z,2019,A,YR,
72.612195,P1Y,0,,A,PU,_Z,2,,,False,WB_WDI,WB_WDI_SP_DYN_LE00_IN,BGR,_T,_T,_T,_Z,_Z,_Z,2006,A,YR,
53.784,P1Y,0,,A,PU,_Z,2,,,False,WB_WDI,WB_WDI_SP_DYN_LE00_IN,BFA,_T,_T,_T,_Z,_Z,_Z,2006,A,YR,
53.962,P1Y,0,,A,PU,_Z,2,,,False,WB_WDI,WB_WDI_SP_DYN_LE00_IN,BDI,_T,_T,_T,_Z,_Z,_Z,2006,A,YR,
71.341,P1Y,0,,A,PU,_Z,2,,,False,WB_WDI,WB_WDI_SP_DYN_LE00_IN,CPV,_T,_T,_T,_Z,_Z,_Z,2006,A,YR,
64.886,P1Y,0,,A,PU,_Z,2,,,False,WB_WDI,WB_WDI_SP_DYN_LE00_IN,KHM,_T,_T,_T,_Z,_Z,_Z,2006,A,YR,
55.301,P1Y,0,,A,PU,_Z,2,,,False,WB_WDI,WB_WDI_SP_DYN_LE00_IN,CMR,_T,_T,_T,_Z,_Z,_Z,2006,A,YR,
80.543659,P1Y,0,,A,PU,_Z,2,,,False,WB_WDI,WB_WDI_SP_DYN_LE00_IN,CAN,_T,_T,_T,_Z,_Z,_Z,2006,A,YR,
75,P1Y,0,,A,PU,_Z,2,,,False,WB_WDI,WB_WDI_SP_DYN_LE00_IN,CYM,_T,_T,_T,_Z,_Z,_Z,2006,A,YR,
48.687,P1Y,0,,A,PU,_Z,2,,,False,WB_WDI,WB_WDI_SP_DYN_LE00_IN,CAF,_T,_T,_T,_Z,_Z,_Z,2006,A,YR,
48.747,P1Y,0,,A,PU,_Z,2,,,False,WB_WDI,WB_WDI_SP_DYN_LE00_IN,TCD,_T,_T,_T,_Z,_Z,_Z,2006,A,YR,
80.4,P1Y,0,,A,PU,_Z,2,,,False,WB_WDI,WB_WDI_SP_DYN_LE00_IN,CHI,_T,_T,_T,_Z,_Z,_Z,2006,A,YR,
78.533,P1Y,0,,A,PU,_Z,2,,,False,WB_WDI,WB_WDI_SP_DYN_LE00_IN,CHL,_T,_T,_T,_Z,_Z,_Z,2006,A,YR,
74.404,P1Y,0,,A,PU,_Z,2,,,False,WB_WDI,WB_WDI_SP_DYN_LE00_IN,CHN,_T,_T,_T,_Z,_Z,_Z,2006,A,YR,
64.427,P1Y,0,,A,PU,_Z,2,,,False,WB_WDI,WB_WDI_SP_DYN_LE00_IN,GMB,_T,_T,_T,_Z,_Z,_Z,2019,A,YR,
74.165,P1Y,0,,A,PU,_Z,2,,,False,WB_WDI,WB_WDI_SP_DYN_LE00_IN,GEO,_T,_T,_T,_Z,_Z,_Z,2019,A,YR,
81.292683,P1Y,0,,A,PU,_Z,2,,,False,WB_WDI,WB_WDI_SP_DYN_LE00_IN,DEU,_T,_T,_T,_Z,_Z,_Z,2019,A,YR,
64.455,P1Y,0,,A,PU,_Z,2,,,False,WB_WDI,WB_WDI_SP_DYN_LE00_IN,GHA,_T,_T,_T,_Z,_Z,_Z,2019,A,YR,
83.183,P1Y,0,,A,PU,_Z,2,,,False,WB_WDI,WB_WDI_SP_DYN_LE00_IN,GIB,_T,_T,_T,_Z,_Z,_Z,2019,A,YR,
81.639024,P1Y,0,,A,PU,_Z,2,,,False,WB_WDI,WB_WDI_SP_DYN_LE00_IN,GRC,_T,_T,_T,_Z,_Z,_Z,2019,A,YR,
71.409268,P1Y,0,,A,PU,_Z,2,,,False,WB_WDI,WB_WDI_SP_DYN_LE00_IN,GRL,_T,_T,_T,_Z,_Z,_Z,2019,A,YR,
74.971,P1Y,0,,A,PU,_Z,2,,,False,WB_WDI,WB_WDI_SP_DYN_LE00_IN,GRD,_T,_T,_T,_Z,_Z,_Z,2019,A,YR,
76.645,P1Y,0,,A,PU,_Z,2,,,False,WB_WDI,WB_WDI_SP_DYN_LE00_IN,GUM,_T,_T,_T,_Z,_Z,_Z,2019,A,YR,
71.639,P1Y,0,,A,PU,_Z,2,,,False,WB_WDI,WB_WDI_SP_DYN_LE00_IN,GTM,_T,_T,_T,_Z,_Z,_Z,2019,A,YR,
59.379,P1Y,0,,A,PU,_Z,2,,,False,WB_WDI,WB_WDI_SP_DYN_LE00_IN,GIN,_T,_T,_T,_Z,_Z,_Z,2019,A,YR,
62.161,P1Y,0,,A,PU,_Z,2,,,False,WB_WDI,WB_WDI_SP_DYN_LE00_IN,GNB,_T,_T,_T,_Z,_Z,_Z,2019,A,YR,
69.067,P1Y,0,,A,PU,_Z,2,,,False,WB_WDI,WB_WDI_SP_DYN_LE00_IN,GUY,_T,_T,_T,_Z,_Z,_Z,2019,A,YR,
72.64878,P1Y,0,,A,PU,_Z,2,,,False,WB_WDI,WB_WDI_SP_DYN_LE00_IN,HUN,_T,_T,_T,_Z,_Z,_Z,2005,A,YR,
81.502439,P1Y,0,,A,PU,_Z,2,,,False,WB_WDI,WB_WDI_SP_DYN_LE00_IN,ISL,_T,_T,_T,_Z,_Z,_Z,2005,A,YR,
64.939,P1Y,0,,A,PU,_Z,2,,,False,WB_WDI,WB_WDI_SP_DYN_LE00_IN,IND,_T,_T,_T,_Z,_Z,_Z,2005,A,YR,
67.531,P1Y,0,,A,PU,_Z,2,,,False,WB_WDI,WB_WDI_SP_DYN_LE00_IN,IDN,_T,_T,_T,_Z,_Z,_Z,2005,A,YR,
72.446,P1Y,0,,A,PU,_Z,2,,,False,WB_WDI,WB_WDI_SP_DYN_LE00_IN,IRN,_T,_T,_T,_Z,_Z,_Z,2005,A,YR,
64.899,P1Y,0,,A,PU,_Z,2,,,False,WB_WDI,WB_WDI_SP_DYN_LE00_IN,IRQ,_T,_T,_T,_Z,_Z,_Z,2005,A,YR,
78.943902,P1Y,0,,A,PU,_Z,2,,,False,WB_WDI,WB_WDI_SP_DYN_LE00_IN,IRL,_T,_T,_T,_Z,_Z,_Z,2005,A,YR,
77.453,P1Y,0,,A,PU,_Z,2,,,False,WB_WDI,WB_WDI_SP_DYN_LE00_IN,IMN,_T,_T,_T,_Z,_Z,_Z,2005,A,YR,
80.15122,P1Y,0,,A,PU,_Z,2,,,False,WB_WDI,WB_WDI_SP_DYN_LE00_IN,ISR,_T,_T,_T,_Z,_Z,_Z,2005,A,YR,
80.782927,P1Y,0,,A,PU,_Z,2,,,False,WB_WDI,WB_WDI_SP_DYN_LE00_IN,ITA,_T,_T,_T,_Z,_Z,_Z,2005,A,YR,
71.493,P1Y,0,,A,PU,_Z,2,,,False,WB_WDI,WB_WDI_SP_DYN_LE00_IN,JAM,_T,_T,_T,_Z,_Z,_Z,2005,A,YR,
81.955122,P1Y,0,,A,PU,_Z,2,,,False,WB_WDI,WB_WDI_SP_DYN_LE00_IN,JPN,_T,_T,_T,_Z,_Z,_Z,2005,A,YR,
81.12439,P1Y,0,,A,PU,_Z,2,,,False,WB_WDI,WB_WDI_SP_DYN_LE00_IN,PRT,_T,_T,_T,_Z,_Z,_Z,2015,A,YR,
80.677,P1Y,0,,A,PU,_Z,2,,,False,WB_WDI,WB_WDI_SP_DYN_LE00_IN,PRI,_T,_T,_T,_Z,_Z,_Z,2015,A,YR,
81.785,P1Y,0,,A,PU,_Z,2,,,False,WB_WDI,WB_WDI_SP_DYN_LE00_IN,QAT,_T,_T,_T,_Z,_Z,_Z,2015,A,YR,
74.912195,P1Y,0,,A,PU,_Z,2,,,False,WB_WDI,WB_WDI_SP_DYN_LE00_IN,ROU,_T,_T,_T,_Z,_Z,_Z,2015,A,YR,
71.183415,P1Y,0,,A,PU,_Z,2,,,False,WB_WDI,WB_WDI_SP_DYN_LE00_IN,RUS,_T,_T,_T,_Z,_Z,_Z,2015,A,YR,
65.419,P1Y,0,,A,PU,_Z,2,,,False,WB_WDI,WB_WDI_SP_DYN_LE00_IN,RWA,_T,_T,_T,_Z,_Z,_Z,2015,A,YR,
71.06,P1Y,0,,A,PU,_Z,2,,,False,WB_WDI,WB_WDI_SP_DYN_LE00_IN,WSM,_T,_T,_T,_Z,_Z,_Z,2015,A,YR,
84.596,P1Y,0,,A,PU,_Z,2,,,False,WB_WDI,WB_WDI_SP_DYN_LE00_IN,SMR,_T,_T,_T,_Z,_Z,_Z,2015,A,YR,
66.023,P1Y,0,,A,PU,_Z,2,,,False,WB_WDI,WB_WDI_SP_DYN_LE00_IN,STP,_T,_T,_T,_Z,_Z,_Z,2015,A,YR,
77.776,P1Y,0,,A,PU,_Z,2,,,False,WB_WDI,WB_WDI_SP_DYN_LE00_IN,SAU,_T,_T,_T,_Z,_Z,_Z,2015,A,YR,
66.451,P1Y,0,,A,PU,_Z,2,,,False,WB_WDI,WB_WDI_SP_DYN_LE00_IN,SEN,_T,_T,_T,_Z,_Z,_Z,2015,A,YR,
79.260976,P1Y,0,,A,PU,_Z,2,,,False,WB_WDI,WB_WDI_SP_DYN_LE00_IN,FRA,_T,_T,_T,_Z,_Z,_Z,2002,A,YR,
79.544,P1Y,0,,A,PU,_Z,2,,,False,WB_WDI,WB_WDI_SP_DYN_LE00_IN,PYF,_T,_T,_T,_Z,_Z,_Z,2002,A,YR,
62.175,P1Y,0,,A,PU,_Z,2,,,False,WB_WDI,WB_WDI_SP_DYN_LE00_IN,GAB,_T,_T,_T,_Z,_Z,_Z,2002,A,YR,
57.736,P1Y,0,,A,PU,_Z,2,,,False,WB_WDI,WB_WDI_SP_DYN_LE00_IN,GMB,_T,_T,_T,_Z,_Z,_Z,2002,A,YR,
70.438,P1Y,0,,A,PU,_Z,2,,,False,WB_WDI,WB_WDI_SP_DYN_LE00_IN,GEO,_T,_T,_T,_Z,_Z,_Z,2002,A,YR,
78.229268,P1Y,0,,A,PU,_Z,2,,,False,WB_WDI,WB_WDI_SP_DYN_LE00_IN,DEU,_T,_T,_T,_Z,_Z,_Z,2002,A,YR,
58.709,P1Y,0,,A,PU,_Z,2,,,False,WB_WDI,WB_WDI_SP_DYN_LE00_IN,GHA,_T,_T,_T,_Z,_Z,_Z,2002,A,YR,
80.59,P1Y,0,,A,PU,_Z,2,,,False,WB_WDI,WB_WDI_SP_DYN_LE00_IN,GIB,_T,_T,_T,_Z,_Z,_Z,2002,A,YR,
78.641463,P1Y,0,,A,PU,_Z,2,,,False,WB_WDI,WB_WDI_SP_DYN_LE00_IN,GRC,_T,_T,_T,_Z,_Z,_Z,2002,A,YR,
65.419512,P1Y,0,,A,PU,_Z,2,,,False,WB_WDI,WB_WDI_SP_DYN_LE00_IN,GRL,_T,_T,_T,_Z,_Z,_Z,2002,A,YR,
73.142,P1Y,0,,A,PU,_Z,2,,,False,WB_WDI,WB_WDI_SP_DYN_LE00_IN,GRD,_T,_T,_T,_Z,_Z,_Z,2002,A,YR,
75.506,P1Y,0,,A,PU,_Z,2,,,False,WB_WDI,WB_WDI_SP_DYN_LE00_IN,GUM,_T,_T,_T,_Z,_Z,_Z,2002,A,YR,
67.835,P1Y,0,,A,PU,_Z,2,,,False,WB_WDI,WB_WDI_SP_DYN_LE00_IN,GTM,_T,_T,_T,_Z,_Z,_Z,2002,A,YR,
53.2,P1Y,0,,A,PU,_Z,2,,,False,WB_WDI,WB_WDI_SP_DYN_LE00_IN,GIN,_T,_T,_T,_Z,_Z,_Z,2002,A,YR,
80.229268,P1Y,0,,A,PU,_Z,2,,,False,WB_WDI,WB_WDI_SP_DYN_LE00_IN,ITA,_T,_T,_T,_Z,_Z,_Z,2002,A,YR,
71.478,P1Y,0,,A,PU,_Z,2,,,False,WB_WDI,WB_WDI_SP_DYN_LE00_IN,JAM,_T,_T,_T,_Z,_Z,_Z,2002,A,YR,
81.690732,P1Y,0,,A,PU,_Z,2,,,False,WB_WDI,WB_WDI_SP_DYN_LE00_IN,JPN,_T,_T,_T,_Z,_Z,_Z,2002,A,YR,
72.359,P1Y,0,,A,PU,_Z,2,,,False,WB_WDI,WB_WDI_SP_DYN_LE00_IN,JOR,_T,_T,_T,_Z,_Z,_Z,2002,A,YR,
64.441,P1Y,0,,A,PU,_Z,2,,,False,WB_WDI,WB_WDI_SP_DYN_LE00_IN,KAZ,_T,_T,_T,_Z,_Z,_Z,2002,A,YR,
56.759,P1Y,0,,A,PU,_Z,2,,,False,WB_WDI,WB_WDI_SP_DYN_LE00_IN,KEN,_T,_T,_T,_Z,_Z,_Z,2002,A,YR,
65.123,P1Y,0,,A,PU,_Z,2,,,False,WB_WDI,WB_WDI_SP_DYN_LE00_IN,KIR,_T,_T,_T,_Z,_Z,_Z,2002,A,YR,
60.877,P1Y,0,,A,PU,_Z,2,,,False,WB_WDI,WB_WDI_SP_DYN_LE00_IN,PRK,_T,_T,_T,_Z,_Z,_Z,2002,A,YR,
76.765854,P1Y,0,,A,PU,_Z,2,,,False,WB_WDI,WB_WDI_SP_DYN_LE00_IN,KOR,_T,_T,_T,_Z,_Z,_Z,2002,A,YR,
72.227,P1Y,0,,A,PU,_Z,2,,,False,WB_WDI,WB_WDI_SP_DYN_LE00_IN,XKX,_T,_T,_T,_Z,_Z,_Z,2002,A,YR,
76.531634,P1Y,0,,A,PU,_Z,2,,,False,WB_WDI,WB_WDI_SP_DYN_LE00_IN,KWT,_T,_T,_T,_Z,_Z,_Z,2002,A,YR,
68.156098,P1Y,0,,A,PU,_Z,2,,,False,WB_WDI,WB_WDI_SP_DYN_LE00_IN,KGZ,_T,_T,_T,_Z,_Z,_Z,2002,A,YR,
59.302,P1Y,0,,A,PU,_Z,2,,,False,WB_WDI,WB_WDI_SP_DYN_LE00_IN,LAO,_T,_T,_T,_Z,_Z,_Z,2002,A,YR,
77.175477,P1Y,0,,A,PU,_Z,2,,,False,WB_WDI,WB_WDI_SP_DYN_LE00_IN,ECS,_T,_T,_T,_Z,_Z,_Z,2020,A,YR,
73.553687,P1Y,0,,A,PU,_Z,2,,,False,WB_WDI,WB_WDI_SP_DYN_LE00_IN,ECA,_T,_T,_T,_Z,_Z,_Z,2020,A,YR,
73.149251,P1Y,0,,A,PU,_Z,2,,,False,WB_WDI,WB_WDI_SP_DYN_LE00_IN,TEC,_T,_T,_T,_Z,_Z,_Z,2020,A,YR,
80.441475,P1Y,0,,A,PU,_Z,2,,,False,WB_WDI,WB_WDI_SP_DYN_LE00_IN,EUU,_T,_T,_T,_Z,_Z,_Z,2020,A,YR,
63.074818,P1Y,0,,A,PU,_Z,2,,,False,WB_WDI,WB_WDI_SP_DYN_LE00_IN,HPC,_T,_T,_T,_Z,_Z,_Z,2020,A,YR,
79.204141,P1Y,0,,A,PU,_Z,2,,,False,WB_WDI,WB_WDI_SP_DYN_LE00_IN,HIC,_T,_T,_T,_Z,_Z,_Z,2020,A,YR,
73.295136,P1Y,0,,A,PU,_Z,2,,,False,WB_WDI,WB_WDI_SP_DYN_LE00_IN,IBD,_T,_T,_T,_Z,_Z,_Z,2020,A,YR,
70.750121,P1Y,0,,A,PU,_Z,2,,,False,WB_WDI,WB_WDI_SP_DYN_LE00_IN,IBT,_T,_T,_T,_Z,_Z,_Z,2020,A,YR,
60.818007,P1Y,0,,A,PU,_Z,2,,,False,WB_WDI,WB_WDI_SP_DYN_LE00_IN,IDB,_T,_T,_T,_Z,_Z,_Z,2020,A,YR,
65.41485,P1Y,0,,A,PU,_Z,2,,,False,WB_WDI,WB_WDI_SP_DYN_LE00_IN,IDX,_T,_T,_T,_Z,_Z,_Z,2020,A,YR,
63.803671,P1Y,0,,A,PU,_Z,2,,,False,WB_WDI,WB_WDI_SP_DYN_LE00_IN,IDA,_T,_T,_T,_Z,_Z,_Z,2020,A,YR,
76.693564,P1Y,0,,A,PU,_Z,2,,,False,WB_WDI,WB_WDI_SP_DYN_LE00_IN,LTE,_T,_T,_T,_Z,_Z,_Z,2020,A,YR,
73.188937,P1Y,0,,A,PU,_Z,2,,,False,WB_WDI,WB_WDI_SP_DYN_LE00_IN,LCN,_T,_T,_T,_Z,_Z,_Z,2020,A,YR,
76.178,P1Y,0,,A,PU,_Z,2,,,False,WB_WDI,WB_WDI_SP_DYN_LE00_IN,BRB,_T,_T,_T,_Z,_Z,_Z,2023,A,YR,
74.18378,P1Y,0,,A,PU,_Z,2,,,False,WB_WDI,WB_WDI_SP_DYN_LE00_IN,BLR,_T,_T,_T,_Z,_Z,_Z,2023,A,YR,
82.4,P1Y,0,,A,PU,_Z,2,,,False,WB_WDI,WB_WDI_SP_DYN_LE00_IN,BEL,_T,_T,_T,_Z,_Z,_Z,2023,A,YR,
73.566,P1Y,0,,A,PU,_Z,2,,,False,WB_WDI,WB_WDI_SP_DYN_LE00_IN,BLZ,_T,_T,_T,_Z,_Z,_Z,2023,A,YR,
60.774,P1Y,0,,A,PU,_Z,2,,,False,WB_WDI,WB_WDI_SP_DYN_LE00_IN,BEN,_T,_T,_T,_Z,_Z,_Z,2023,A,YR,
82.309,P1Y,0,,A,PU,_Z,2,,,False,WB_WDI,WB_WDI_SP_DYN_LE00_IN,BMU,_T,_T,_T,_Z,_Z,_Z,2023,A,YR,
72.975,P1Y,0,,A,PU,_Z,2,,,False,WB_WDI,WB_WDI_SP_DYN_LE00_IN,BTN,_T,_T,_T,_Z,_Z,_Z,2023,A,YR,
68.581,P1Y,0,,A,PU,_Z,2,,,False,WB_WDI,WB_WDI_SP_DYN_LE00_IN,BOL,_T,_T,_T,_Z,_Z,_Z,2023,A,YR,
77.85,P1Y,0,,A,PU,_Z,2,,,False,WB_WDI,WB_WDI_SP_DYN_LE00_IN,BIH,_T,_T,_T,_Z,_Z,_Z,2023,A,YR,
69.163,P1Y,0,,A,PU,_Z,2,,,False,WB_WDI,WB_WDI_SP_DYN_LE00_IN,BWA,_T,_T,_T,_Z,_Z,_Z,2023,A,YR,
75.848,P1Y,0,,A,PU,_Z,2,,,False,WB_WDI,WB_WDI_SP_DYN_LE00_IN,BRA,_T,_T,_T,_Z,_Z,_Z,2023,A,YR,
77.276,P1Y,0,,A,PU,_Z,2,,,False,WB_WDI,WB_WDI_SP_DYN_LE00_IN,VGB,_T,_T,_T,_Z,_Z,_Z,2023,A,YR,
75.327,P1Y,0,,A,PU,_Z,2,,,False,WB_WDI,WB_WDI_SP_DYN_LE00_IN,BRN,_T,_T,_T,_Z,_Z,_Z,2023,A,YR,
80.331756,P1Y,0,,A,PU,_Z,2,,,False,WB_WDI,WB_WDI_SP_DYN_LE00_IN,GBR,_T,_T,_T,_Z,_Z,_Z,2020,A,YR,
76.980488,P1Y,0,,A,PU,_Z,2,,,False,WB_WDI,WB_WDI_SP_DYN_LE00_IN,USA,_T,_T,_T,_Z,_Z,_Z,2020,A,YR,
78.381,P1Y,0,,A,PU,_Z,2,,,False,WB_WDI,WB_WDI_SP_DYN_LE00_IN,URY,_T,_T,_T,_Z,_Z,_Z,2020,A,YR,
71.461,P1Y,0,,A,PU,_Z,2,,,False,WB_WDI,WB_WDI_SP_DYN_LE00_IN,UZB,_T,_T,_T,_Z,_Z,_Z,2020,A,YR,
70.385,P1Y,0,,A,PU,_Z,2,,,False,WB_WDI,WB_WDI_SP_DYN_LE00_IN,VUT,_T,_T,_T,_Z,_Z,_Z,2020,A,YR,
72.369,P1Y,0,,A,PU,_Z,2,,,False,WB_WDI,WB_WDI_SP_DYN_LE00_IN,VEN,_T,_T,_T,_Z,_Z,_Z,2020,A,YR,
75.383,P1Y,0,,A,PU,_Z,2,,,False,WB_WDI,WB_WDI_SP_DYN_LE00_IN,VNM,_T,_T,_T,_Z,_Z,_Z,2020,A,YR,
79.819512,P1Y,0,,A,PU,_Z,2,,,False,WB_WDI,WB_WDI_SP_DYN_LE00_IN,VIR,_T,_T,_T,_Z,_Z,_Z,2020,A,YR,
74.998,P1Y,0,,A,PU,_Z,2,,,False,WB_WDI,WB_WDI_SP_DYN_LE00_IN,PSE,_T,_T,_T,_Z,_Z,_Z,2020,A,YR,
66.435,P1Y,0,,A,PU,_Z,2,,,False,WB_WDI,WB_WDI_SP_DYN_LE00_IN,YEM,_T,_T,_T,_Z,_Z,_Z,2020,A,YR,
63.361,P1Y,0,,A,PU,_Z,2,,,False,WB_WDI,WB_WDI_SP_DYN_LE00_IN,ZMB,_T,_T,_T,_Z,_Z,_Z,2020,A,YR,
61.53,P1Y,0,,A,PU,_Z,2,,,False,WB_WDI,WB_WDI_SP_DYN_LE00_IN,ZWE,_T,_T,_T,_Z,_Z,_Z,2020,A,YR,
76.444,P1Y,0,,A,PU,_Z,2,,,False,WB_WDI,WB_WDI_SP_DYN_LE00_IN,GUM,_T,_T,_T,_Z,_Z,_Z,2015,A,YR,
70.915,P1Y,0,,A,PU,_Z,2,,,False,WB_WDI,WB_WDI_SP_DYN_LE00_IN,GTM,_T,_T,_T,_Z,_Z,_Z,2015,A,YR,
57.899,P1Y,0,,A,PU,_Z,2,,,False,WB_WDI,WB_WDI_SP_DYN_LE00_IN,GIN,_T,_T,_T,_Z,_Z,_Z,2015,A,YR,
60.071,P1Y,0,,A,PU,_Z,2,,,False,WB_WDI,WB_WDI_SP_DYN_LE00_IN,GNB,_T,_T,_T,_Z,_Z,_Z,2015,A,YR,
67.719,P1Y,0,,A,PU,_Z,2,,,False,WB_WDI,WB_WDI_SP_DYN_LE00_IN,GUY,_T,_T,_T,_Z,_Z,_Z,2015,A,YR,
63.224,P1Y,0,,A,PU,_Z,2,,,False,WB_WDI,WB_WDI_SP_DYN_LE00_IN,HTI,_T,_T,_T,_Z,_Z,_Z,2015,A,YR,
71.323,P1Y,0,,A,PU,_Z,2,,,False,WB_WDI,WB_WDI_SP_DYN_LE00_IN,HND,_T,_T,_T,_Z,_Z,_Z,2015,A,YR,
84.252683,P1Y,0,,A,PU,_Z,2,,,False,WB_WDI,WB_WDI_SP_DYN_LE00_IN,HKG,_T,_T,_T,_Z,_Z,_Z,2015,A,YR,
75.568293,P1Y,0,,A,PU,_Z,2,,,False,WB_WDI,WB_WDI_SP_DYN_LE00_IN,HUN,_T,_T,_T,_Z,_Z,_Z,2015,A,YR,
82.468293,P1Y,0,,A,PU,_Z,2,,,False,WB_WDI,WB_WDI_SP_DYN_LE00_IN,ISL,_T,_T,_T,_Z,_Z,_Z,2015,A,YR,
69.326,P1Y,0,,A,PU,_Z,2,,,False,WB_WDI,WB_WDI_SP_DYN_LE00_IN,IND,_T,_T,_T,_Z,_Z,_Z,2015,A,YR,
72.288,P1Y,0,,A,PU,_Z,2,,,False,WB_WDI,WB_WDI_SP_DYN_LE00_IN,CHN,_T,_T,_T,_Z,_Z,_Z,2000,A,YR,
70.905,P1Y,0,,A,PU,_Z,2,,,False,WB_WDI,WB_WDI_SP_DYN_LE00_IN,COL,_T,_T,_T,_Z,_Z,_Z,2000,A,YR,
58.941,P1Y,0,,A,PU,_Z,2,,,False,WB_WDI,WB_WDI_SP_DYN_LE00_IN,COM,_T,_T,_T,_Z,_Z,_Z,2000,A,YR,
51.887,P1Y,0,,A,PU,_Z,2,,,False,WB_WDI,WB_WDI_SP_DYN_LE00_IN,COD,_T,_T,_T,_Z,_Z,_Z,2000,A,YR,
55.371,P1Y,0,,A,PU,_Z,2,,,False,WB_WDI,WB_WDI_SP_DYN_LE00_IN,COG,_T,_T,_T,_Z,_Z,_Z,2000,A,YR,
77.317,P1Y,0,,A,PU,_Z,2,,,False,WB_WDI,WB_WDI_SP_DYN_LE00_IN,CRI,_T,_T,_T,_Z,_Z,_Z,2000,A,YR,
51.393,P1Y,0,,A,PU,_Z,2,,,False,WB_WDI,WB_WDI_SP_DYN_LE00_IN,CIV,_T,_T,_T,_Z,_Z,_Z,2000,A,YR,
72.807805,P1Y,0,,A,PU,_Z,2,,,False,WB_WDI,WB_WDI_SP_DYN_LE00_IN,HRV,_T,_T,_T,_Z,_Z,_Z,2000,A,YR,
75.922,P1Y,0,,A,PU,_Z,2,,,False,WB_WDI,WB_WDI_SP_DYN_LE00_IN,CUB,_T,_T,_T,_Z,_Z,_Z,2000,A,YR,
73.283,P1Y,0,,A,PU,_Z,2,,,False,WB_WDI,WB_WDI_SP_DYN_LE00_IN,CUW,_T,_T,_T,_Z,_Z,_Z,2000,A,YR,
77.9,P1Y,0,,A,PU,_Z,2,,,False,WB_WDI,WB_WDI_SP_DYN_LE00_IN,CYP,_T,_T,_T,_Z,_Z,_Z,2000,A,YR,
74.968293,P1Y,0,,A,PU,_Z,2,,,False,WB_WDI,WB_WDI_SP_DYN_LE00_IN,CZE,_T,_T,_T,_Z,_Z,_Z,2000,A,YR,
76.592683,P1Y,0,,A,PU,_Z,2,,,False,WB_WDI,WB_WDI_SP_DYN_LE00_IN,DNK,_T,_T,_T,_Z,_Z,_Z,2000,A,YR,
65.871,P1Y,0,,A,PU,_Z,2,,,False,WB_WDI,WB_WDI_SP_DYN_LE00_IN,TUV,_T,_T,_T,_Z,_Z,_Z,2018,A,YR,
65.775,P1Y,0,,A,PU,_Z,2,,,False,WB_WDI,WB_WDI_SP_DYN_LE00_IN,UGA,_T,_T,_T,_Z,_Z,_Z,2018,A,YR,
73.569,P1Y,0,,A,PU,_Z,2,,,False,WB_WDI,WB_WDI_SP_DYN_LE00_IN,UKR,_T,_T,_T,_Z,_Z,_Z,2018,A,YR,
82.449,P1Y,0,,A,PU,_Z,2,,,False,WB_WDI,WB_WDI_SP_DYN_LE00_IN,ARE,_T,_T,_T,_Z,_Z,_Z,2018,A,YR,
81.256098,P1Y,0,,A,PU,_Z,2,,,False,WB_WDI,WB_WDI_SP_DYN_LE00_IN,GBR,_T,_T,_T,_Z,_Z,_Z,2018,A,YR,
78.639024,P1Y,0,,A,PU,_Z,2,,,False,WB_WDI,WB_WDI_SP_DYN_LE00_IN,USA,_T,_T,_T,_Z,_Z,_Z,2018,A,YR,
77.527,P1Y,0,,A,PU,_Z,2,,,False,WB_WDI,WB_WDI_SP_DYN_LE00_IN,URY,_T,_T,_T,_Z,_Z,_Z,2018,A,YR,
71.999,P1Y,0,,A,PU,_Z,2,,,False,WB_WDI,WB_WDI_SP_DYN_LE00_IN,UZB,_T,_T,_T,_Z,_Z,_Z,2018,A,YR,
70.626,P1Y,0,,A,PU,_Z,2,,,False,WB_WDI,WB_WDI_SP_DYN_LE00_IN,VUT,_T,_T,_T,_Z,_Z,_Z,2018,A,YR,
72.641,P1Y,0,,A,PU,_Z,2,,,False,WB_WDI,WB_WDI_SP_DYN_LE00_IN,VEN,_T,_T,_T,_Z,_Z,_Z,2018,A,YR,
74.1,P1Y,0,,A,PU,_Z,2,,,False,WB_WDI,WB_WDI_SP_DYN_LE00_IN,VNM,_T,_T,_T,_Z,_Z,_Z,2018,A,YR,
79.519512,P1Y,0,,A,PU,_Z,2,,,False,WB_WDI,WB_WDI_SP_DYN_LE00_IN,VIR,_T,_T,_T,_Z,_Z,_Z,2018,A,YR,
73.432,P1Y,0,,A,PU,_Z,2,,,False,WB_WDI,WB_WDI_SP_DYN_LE00_IN,MEX,_T,_T,_T,_Z,_Z,_Z,2004,A,YR,
64.898,P1Y,0,,A,PU,_Z,2,,,False,WB_WDI,WB_WDI_SP_DYN_LE00_IN,FSM,_T,_T,_T,_Z,_Z,_Z,2004,A,YR,
68.017,P1Y,0,,A,PU,_Z,2,,,False,WB_WDI,WB_WDI_SP_DYN_LE00_IN,MDA,_T,_T,_T,_Z,_Z,_Z,2004,A,YR,
84.151,P1Y,0,,A,PU,_Z,2,,,False,WB_WDI,WB_WDI_SP_DYN_LE00_IN,MCO,_T,_T,_T,_Z,_Z,_Z,2004,A,YR,
64.630244,P1Y,0,,A,PU,_Z,2,,,False,WB_WDI,WB_WDI_SP_DYN_LE00_IN,MNG,_T,_T,_T,_Z,_Z,_Z,2004,A,YR,
74.20561,P1Y,0,,A,PU,_Z,2,,,False,WB_WDI,WB_WDI_SP_DYN_LE00_IN,MNE,_T,_T,_T,_Z,_Z,_Z,2004,A,YR,
68.272,P1Y,0,,A,PU,_Z,2,,,False,WB_WDI,WB_WDI_SP_DYN_LE00_IN,MAR,_T,_T,_T,_Z,_Z,_Z,2004,A,YR,
51.855,P1Y,0,,A,PU,_Z,2,,,False,WB_WDI,WB_WDI_SP_DYN_LE00_IN,MOZ,_T,_T,_T,_Z,_Z,_Z,2004,A,YR,
61.443,P1Y,0,,A,PU,_Z,2,,,False,WB_WDI,WB_WDI_SP_DYN_LE00_IN,MMR,_T,_T,_T,_Z,_Z,_Z,2004,A,YR,
52.175,P1Y,0,,A,PU,_Z,2,,,False,WB_WDI,WB_WDI_SP_DYN_LE00_IN,NAM,_T,_T,_T,_Z,_Z,_Z,2004,A,YR,
59.346,P1Y,0,,A,PU,_Z,2,,,False,WB_WDI,WB_WDI_SP_DYN_LE00_IN,NRU,_T,_T,_T,_Z,_Z,_Z,2004,A,YR,
64.744,P1Y,0,,A,PU,_Z,2,,,False,WB_WDI,WB_WDI_SP_DYN_LE00_IN,NPL,_T,_T,_T,_Z,_Z,_Z,2004,A,YR,
79.095122,P1Y,0,,A,PU,_Z,2,,,False,WB_WDI,WB_WDI_SP_DYN_LE00_IN,NLD,_T,_T,_T,_Z,_Z,_Z,2004,A,YR,
74.713,P1Y,0,,A,PU,_Z,2,,,False,WB_WDI,WB_WDI_SP_DYN_LE00_IN,NCL,_T,_T,_T,_Z,_Z,_Z,2004,A,YR,
76.989,P1Y,0,,A,PU,_Z,2,,,False,WB_WDI,WB_WDI_SP_DYN_LE00_IN,THA,_T,_T,_T,_Z,_Z,_Z,2017,A,YR,
65.898,P1Y,0,,A,PU,_Z,2,,,False,WB_WDI,WB_WDI_SP_DYN_LE00_IN,TLS,_T,_T,_T,_Z,_Z,_Z,2017,A,YR,
60.145,P1Y,0,,A,PU,_Z,2,,,False,WB_WDI,WB_WDI_SP_DYN_LE00_IN,TGO,_T,_T,_T,_Z,_Z,_Z,2017,A,YR,
72.066,P1Y,0,,A,PU,_Z,2,,,False,WB_WDI,WB_WDI_SP_DYN_LE00_IN,TON,_T,_T,_T,_Z,_Z,_Z,2017,A,YR,
72.984,P1Y,0,,A,PU,_Z,2,,,False,WB_WDI,WB_WDI_SP_DYN_LE00_IN,TTO,_T,_T,_T,_Z,_Z,_Z,2017,A,YR,
75.177,P1Y,0,,A,PU,_Z,2,,,False,WB_WDI,WB_WDI_SP_DYN_LE00_IN,TUN,_T,_T,_T,_Z,_Z,_Z,2017,A,YR,
77.037,P1Y,0,,A,PU,_Z,2,,,False,WB_WDI,WB_WDI_SP_DYN_LE00_IN,TUR,_T,_T,_T,_Z,_Z,_Z,2017,A,YR,
69.19,P1Y,0,,A,PU,_Z,2,,,False,WB_WDI,WB_WDI_SP_DYN_LE00_IN,TKM,_T,_T,_T,_Z,_Z,_Z,2017,A,YR,
77.505,P1Y,0,,A,PU,_Z,2,,,False,WB_WDI,WB_WDI_SP_DYN_LE00_IN,TCA,_T,_T,_T,_Z,_Z,_Z,2017,A,YR,
65.683,P1Y,0,,A,PU,_Z,2,,,False,WB_WDI,WB_WDI_SP_DYN_LE00_IN,TUV,_T,_T,_T,_Z,_Z,_Z,2017,A,YR,
65.174,P1Y,0,,A,PU,_Z,2,,,False,WB_WDI,WB_WDI_SP_DYN_LE00_IN,UGA,_T,_T,_T,_Z,_Z,_Z,2017,A,YR,
73.993,P1Y,0,,A,PU,_Z,2,,,False,WB_WDI,WB_WDI_SP_DYN_LE00_IN,UKR,_T,_T,_T,_Z,_Z,_Z,2017,A,YR,
81.17561,P1Y,0,,A,PU,_Z,2,,,False,WB_WDI,WB_WDI_SP_DYN_LE00_IN,ESP,_T,_T,_T,_Z,_Z,_Z,2008,A,YR,
72.556,P1Y,0,,A,PU,_Z,2,,,False,WB_WDI,WB_WDI_SP_DYN_LE00_IN,LKA,_T,_T,_T,_Z,_Z,_Z,2008,A,YR,
71.479,P1Y,0,,A,PU,_Z,2,,,False,WB_WDI,WB_WDI_SP_DYN_LE00_IN,KNA,_T,_T,_T,_Z,_Z,_Z,2008,A,YR,
72.963,P1Y,0,,A,PU,_Z,2,,,False,WB_WDI,WB_WDI_SP_DYN_LE00_IN,LCA,_T,_T,_T,_Z,_Z,_Z,2008,A,YR,
78.326,P1Y,0,,A,PU,_Z,2,,,False,WB_WDI,WB_WDI_SP_DYN_LE00_IN,MAF,_T,_T,_T,_Z,_Z,_Z,2008,A,YR,
70.611,P1Y,0,,A,PU,_Z,2,,,False,WB_WDI,WB_WDI_SP_DYN_LE00_IN,VCT,_T,_T,_T,_Z,_Z,_Z,2008,A,YR,
61.261,P1Y,0,,A,PU,_Z,2,,,False,WB_WDI,WB_WDI_SP_DYN_LE00_IN,SDN,_T,_T,_T,_Z,_Z,_Z,2008,A,YR,
68.873,P1Y,0,,A,PU,_Z,2,,,False,WB_WDI,WB_WDI_SP_DYN_LE00_IN,SUR,_T,_T,_T,_Z,_Z,_Z,2008,A,YR,
81.1,P1Y,0,,A,PU,_Z,2,,,False,WB_WDI,WB_WDI_SP_DYN_LE00_IN,SWE,_T,_T,_T,_Z,_Z,_Z,2008,A,YR,
81.992683,P1Y,0,,A,PU,_Z,2,,,False,WB_WDI,WB_WDI_SP_DYN_LE00_IN,CHE,_T,_T,_T,_Z,_Z,_Z,2008,A,YR,
73.368,P1Y,0,,A,PU,_Z,2,,,False,WB_WDI,WB_WDI_SP_DYN_LE00_IN,SYR,_T,_T,_T,_Z,_Z,_Z,2008,A,YR,
67.924,P1Y,0,,A,PU,_Z,2,,,False,WB_WDI,WB_WDI_SP_DYN_LE00_IN,TJK,_T,_T,_T,_Z,_Z,_Z,2008,A,YR,
59.896,P1Y,0,,A,PU,_Z,2,,,False,WB_WDI,WB_WDI_SP_DYN_LE00_IN,TZA,_T,_T,_T,_Z,_Z,_Z,2008,A,YR,
79.287805,P1Y,0,,A,PU,_Z,2,,,False,WB_WDI,WB_WDI_SP_DYN_LE00_IN,LUX,_T,_T,_T,_Z,_Z,_Z,2006,A,YR,
81.729268,P1Y,0,,A,PU,_Z,2,,,False,WB_WDI,WB_WDI_SP_DYN_LE00_IN,MAC,_T,_T,_T,_Z,_Z,_Z,2006,A,YR,
61.14,P1Y,0,,A,PU,_Z,2,,,False,WB_WDI,WB_WDI_SP_DYN_LE00_IN,MDG,_T,_T,_T,_Z,_Z,_Z,2006,A,YR,
53.652,P1Y,0,,A,PU,_Z,2,,,False,WB_WDI,WB_WDI_SP_DYN_LE00_IN,MWI,_T,_T,_T,_Z,_Z,_Z,2006,A,YR,
74.697,P1Y,0,,A,PU,_Z,2,,,False,WB_WDI,WB_WDI_SP_DYN_LE00_IN,MYS,_T,_T,_T,_Z,_Z,_Z,2006,A,YR,
75.256,P1Y,0,,A,PU,_Z,2,,,False,WB_WDI,WB_WDI_SP_DYN_LE00_IN,MDV,_T,_T,_T,_Z,_Z,_Z,2006,A,YR,
54.305,P1Y,0,,A,PU,_Z,2,,,False,WB_WDI,WB_WDI_SP_DYN_LE00_IN,MLI,_T,_T,_T,_Z,_Z,_Z,2006,A,YR,
79.439024,P1Y,0,,A,PU,_Z,2,,,False,WB_WDI,WB_WDI_SP_DYN_LE00_IN,MLT,_T,_T,_T,_Z,_Z,_Z,2006,A,YR,
64.207,P1Y,0,,A,PU,_Z,2,,,False,WB_WDI,WB_WDI_SP_DYN_LE00_IN,MHL,_T,_T,_T,_Z,_Z,_Z,2006,A,YR,
64.493,P1Y,0,,A,PU,_Z,2,,,False,WB_WDI,WB_WDI_SP_DYN_LE00_IN,MRT,_T,_T,_T,_Z,_Z,_Z,2006,A,YR,
72.432195,P1Y,0,,A,PU,_Z,2,,,False,WB_WDI,WB_WDI_SP_DYN_LE00_IN,MUS,_T,_T,_T,_Z,_Z,_Z,2006,A,YR,
73.746,P1Y,0,,A,PU,_Z,2,,,False,WB_WDI,WB_WDI_SP_DYN_LE00_IN,MEX,_T,_T,_T,_Z,_Z,_Z,2006,A,YR,
51.98,P1Y,0,,A,PU,_Z,2,,,False,WB_WDI,WB_WDI_SP_DYN_LE00_IN,NAM,_T,_T,_T,_Z,_Z,_Z,2001,A,YR,
59.482,P1Y,0,,A,PU,_Z,2,,,False,WB_WDI,WB_WDI_SP_DYN_LE00_IN,NRU,_T,_T,_T,_Z,_Z,_Z,2001,A,YR,
63.288,P1Y,0,,A,PU,_Z,2,,,False,WB_WDI,WB_WDI_SP_DYN_LE00_IN,NPL,_T,_T,_T,_Z,_Z,_Z,2001,A,YR,
78.190244,P1Y,0,,A,PU,_Z,2,,,False,WB_WDI,WB_WDI_SP_DYN_LE00_IN,NLD,_T,_T,_T,_Z,_Z,_Z,2001,A,YR,
73.958,P1Y,0,,A,PU,_Z,2,,,False,WB_WDI,WB_WDI_SP_DYN_LE00_IN,NCL,_T,_T,_T,_Z,_Z,_Z,2001,A,YR,
78.692683,P1Y,0,,A,PU,_Z,2,,,False,WB_WDI,WB_WDI_SP_DYN_LE00_IN,NZL,_T,_T,_T,_Z,_Z,_Z,2001,A,YR,
67.028,P1Y,0,,A,PU,_Z,2,,,False,WB_WDI,WB_WDI_SP_DYN_LE00_IN,NIC,_T,_T,_T,_Z,_Z,_Z,2001,A,YR,
49.872,P1Y,0,,A,PU,_Z,2,,,False,WB_WDI,WB_WDI_SP_DYN_LE00_IN,NER,_T,_T,_T,_Z,_Z,_Z,2001,A,YR,
47.549,P1Y,0,,A,PU,_Z,2,,,False,WB_WDI,WB_WDI_SP_DYN_LE00_IN,NGA,_T,_T,_T,_Z,_Z,_Z,2001,A,YR,
73.436585,P1Y,0,,A,PU,_Z,2,,,False,WB_WDI,WB_WDI_SP_DYN_LE00_IN,MKD,_T,_T,_T,_Z,_Z,_Z,2001,A,YR,
75.419,P1Y,0,,A,PU,_Z,2,,,False,WB_WDI,WB_WDI_SP_DYN_LE00_IN,MNP,_T,_T,_T,_Z,_Z,_Z,2001,A,YR,
78.785366,P1Y,0,,A,PU,_Z,2,,,False,WB_WDI,WB_WDI_SP_DYN_LE00_IN,NOR,_T,_T,_T,_Z,_Z,_Z,2001,A,YR,
73.979,P1Y,0,,A,PU,_Z,2,,,False,WB_WDI,WB_WDI_SP_DYN_LE00_IN,OMN,_T,_T,_T,_Z,_Z,_Z,2001,A,YR,
62.241,P1Y,0,,A,PU,_Z,2,,,False,WB_WDI,WB_WDI_SP_DYN_LE00_IN,PAK,_T,_T,_T,_Z,_Z,_Z,2001,A,YR,
71.725,P1Y,0,,A,PU,_Z,2,,,False,WB_WDI,WB_WDI_SP_DYN_LE00_IN,SLV,_T,_T,_T,_Z,_Z,_Z,2019,A,YR,
62.297,P1Y,0,,A,PU,_Z,2,,,False,WB_WDI,WB_WDI_SP_DYN_LE00_IN,GNQ,_T,_T,_T,_Z,_Z,_Z,2019,A,YR,
67.306,P1Y,0,,A,PU,_Z,2,,,False,WB_WDI,WB_WDI_SP_DYN_LE00_IN,ERI,_T,_T,_T,_Z,_Z,_Z,2019,A,YR,
78.646341,P1Y,0,,A,PU,_Z,2,,,False,WB_WDI,WB_WDI_SP_DYN_LE00_IN,EST,_T,_T,_T,_Z,_Z,_Z,2019,A,YR,
59.85,P1Y,0,,A,PU,_Z,2,,,False,WB_WDI,WB_WDI_SP_DYN_LE00_IN,SWZ,_T,_T,_T,_Z,_Z,_Z,2019,A,YR,
65.741,P1Y,0,,A,PU,_Z,2,,,False,WB_WDI,WB_WDI_SP_DYN_LE00_IN,ETH,_T,_T,_T,_Z,_Z,_Z,2019,A,YR,
82.391283,P1Y,0,,A,PU,_Z,2,,,False,WB_WDI,WB_WDI_SP_DYN_LE00_IN,FRO,_T,_T,_T,_Z,_Z,_Z,2019,A,YR,
67.009,P1Y,0,,A,PU,_Z,2,,,False,WB_WDI,WB_WDI_SP_DYN_LE00_IN,FJI,_T,_T,_T,_Z,_Z,_Z,2019,A,YR,
81.982927,P1Y,0,,A,PU,_Z,2,,,False,WB_WDI,WB_WDI_SP_DYN_LE00_IN,FIN,_T,_T,_T,_Z,_Z,_Z,2019,A,YR,
82.826829,P1Y,0,,A,PU,_Z,2,,,False,WB_WDI,WB_WDI_SP_DYN_LE00_IN,FRA,_T,_T,_T,_Z,_Z,_Z,2019,A,YR,
83.195,P1Y,0,,A,PU,_Z,2,,,False,WB_WDI,WB_WDI_SP_DYN_LE00_IN,PYF,_T,_T,_T,_Z,_Z,_Z,2019,A,YR,
67.337,P1Y,0,,A,PU,_Z,2,,,False,WB_WDI,WB_WDI_SP_DYN_LE00_IN,GAB,_T,_T,_T,_Z,_Z,_Z,2019,A,YR,
59.373,P1Y,0,,A,PU,_Z,2,,,False,WB_WDI,WB_WDI_SP_DYN_LE00_IN,GIN,_T,_T,_T,_Z,_Z,_Z,2021,A,YR,
61.653,P1Y,0,,A,PU,_Z,2,,,False,WB_WDI,WB_WDI_SP_DYN_LE00_IN,GNB,_T,_T,_T,_Z,_Z,_Z,2021,A,YR,
64.323,P1Y,0,,A,PU,_Z,2,,,False,WB_WDI,WB_WDI_SP_DYN_LE00_IN,GUY,_T,_T,_T,_Z,_Z,_Z,2021,A,YR,
62.613,P1Y,0,,A,PU,_Z,2,,,False,WB_WDI,WB_WDI_SP_DYN_LE00_IN,HTI,_T,_T,_T,_Z,_Z,_Z,2021,A,YR,
69.492,P1Y,0,,A,PU,_Z,2,,,False,WB_WDI,WB_WDI_SP_DYN_LE00_IN,HND,_T,_T,_T,_Z,_Z,_Z,2021,A,YR,
85.532683,P1Y,0,,A,PU,_Z,2,,,False,WB_WDI,WB_WDI_SP_DYN_LE00_IN,HKG,_T,_T,_T,_Z,_Z,_Z,2021,A,YR,
74.065854,P1Y,0,,A,PU,_Z,2,,,False,WB_WDI,WB_WDI_SP_DYN_LE00_IN,HUN,_T,_T,_T,_Z,_Z,_Z,2021,A,YR,
83.165854,P1Y,0,,A,PU,_Z,2,,,False,WB_WDI,WB_WDI_SP_DYN_LE00_IN,ISL,_T,_T,_T,_Z,_Z,_Z,2021,A,YR,
67.282,P1Y,0,,A,PU,_Z,2,,,False,WB_WDI,WB_WDI_SP_DYN_LE00_IN,IND,_T,_T,_T,_Z,_Z,_Z,2021,A,YR,
67.452,P1Y,0,,A,PU,_Z,2,,,False,WB_WDI,WB_WDI_SP_DYN_LE00_IN,IDN,_T,_T,_T,_Z,_Z,_Z,2021,A,YR,
73.752,P1Y,0,,A,PU,_Z,2,,,False,WB_WDI,WB_WDI_SP_DYN_LE00_IN,IRN,_T,_T,_T,_Z,_Z,_Z,2021,A,YR,
75.185366,P1Y,0,,A,PU,_Z,2,,,False,WB_WDI,WB_WDI_SP_DYN_LE00_IN,LVA,_T,_T,_T,_Z,_Z,_Z,2020,A,YR,
76.299,P1Y,0,,A,PU,_Z,2,,,False,WB_WDI,WB_WDI_SP_DYN_LE00_IN,LBN,_T,_T,_T,_Z,_Z,_Z,2020,A,YR,
55.133,P1Y,0,,A,PU,_Z,2,,,False,WB_WDI,WB_WDI_SP_DYN_LE00_IN,LSO,_T,_T,_T,_Z,_Z,_Z,2020,A,YR,
61.267,P1Y,0,,A,PU,_Z,2,,,False,WB_WDI,WB_WDI_SP_DYN_LE00_IN,LBR,_T,_T,_T,_Z,_Z,_Z,2020,A,YR,
72.388,P1Y,0,,A,PU,_Z,2,,,False,WB_WDI,WB_WDI_SP_DYN_LE00_IN,LBY,_T,_T,_T,_Z,_Z,_Z,2020,A,YR,
81.658537,P1Y,0,,A,PU,_Z,2,,,False,WB_WDI,WB_WDI_SP_DYN_LE00_IN,LIE,_T,_T,_T,_Z,_Z,_Z,2020,A,YR,
75.029268,P1Y,0,,A,PU,_Z,2,,,False,WB_WDI,WB_WDI_SP_DYN_LE00_IN,LTU,_T,_T,_T,_Z,_Z,_Z,2020,A,YR,
82.143902,P1Y,0,,A,PU,_Z,2,,,False,WB_WDI,WB_WDI_SP_DYN_LE00_IN,LUX,_T,_T,_T,_Z,_Z,_Z,2020,A,YR,
84.129268,P1Y,0,,A,PU,_Z,2,,,False,WB_WDI,WB_WDI_SP_DYN_LE00_IN,MAC,_T,_T,_T,_Z,_Z,_Z,2020,A,YR,
62.706,P1Y,0,,A,PU,_Z,2,,,False,WB_WDI,WB_WDI_SP_DYN_LE00_IN,MDG,_T,_T,_T,_Z,_Z,_Z,2020,A,YR,
65.216,P1Y,0,,A,PU,_Z,2,,,False,WB_WDI,WB_WDI_SP_DYN_LE00_IN,MWI,_T,_T,_T,_Z,_Z,_Z,2020,A,YR,
76.057,P1Y,0,,A,PU,_Z,2,,,False,WB_WDI,WB_WDI_SP_DYN_LE00_IN,MYS,_T,_T,_T,_Z,_Z,_Z,2020,A,YR,
81.45122,P1Y,0,,A,PU,_Z,2,,,False,WB_WDI,WB_WDI_SP_DYN_LE00_IN,SWE,_T,_T,_T,_Z,_Z,_Z,2010,A,YR,
82.246341,P1Y,0,,A,PU,_Z,2,,,False,WB_WDI,WB_WDI_SP_DYN_LE00_IN,CHE,_T,_T,_T,_Z,_Z,_Z,2010,A,YR,
73.542,P1Y,0,,A,PU,_Z,2,,,False,WB_WDI,WB_WDI_SP_DYN_LE00_IN,SYR,_T,_T,_T,_Z,_Z,_Z,2010,A,YR,
68.37,P1Y,0,,A,PU,_Z,2,,,False,WB_WDI,WB_WDI_SP_DYN_LE00_IN,TJK,_T,_T,_T,_Z,_Z,_Z,2010,A,YR,
61.127,P1Y,0,,A,PU,_Z,2,,,False,WB_WDI,WB_WDI_SP_DYN_LE00_IN,TZA,_T,_T,_T,_Z,_Z,_Z,2010,A,YR,
75.012,P1Y,0,,A,PU,_Z,2,,,False,WB_WDI,WB_WDI_SP_DYN_LE00_IN,THA,_T,_T,_T,_Z,_Z,_Z,2010,A,YR,
63.66,P1Y,0,,A,PU,_Z,2,,,False,WB_WDI,WB_WDI_SP_DYN_LE00_IN,TLS,_T,_T,_T,_Z,_Z,_Z,2010,A,YR,
57.24,P1Y,0,,A,PU,_Z,2,,,False,WB_WDI,WB_WDI_SP_DYN_LE00_IN,TGO,_T,_T,_T,_Z,_Z,_Z,2010,A,YR,
71.319,P1Y,0,,A,PU,_Z,2,,,False,WB_WDI,WB_WDI_SP_DYN_LE00_IN,TON,_T,_T,_T,_Z,_Z,_Z,2010,A,YR,
71.809,P1Y,0,,A,PU,_Z,2,,,False,WB_WDI,WB_WDI_SP_DYN_LE00_IN,TTO,_T,_T,_T,_Z,_Z,_Z,2010,A,YR,
71.596,P1Y,0,,A,PU,_Z,2,,,False,WB_WDI,WB_WDI_SP_DYN_LE00_IN,PER,_T,_T,_T,_Z,_Z,_Z,2021,A,YR,
66.675,P1Y,0,,A,PU,_Z,2,,,False,WB_WDI,WB_WDI_SP_DYN_LE00_IN,PHL,_T,_T,_T,_Z,_Z,_Z,2021,A,YR,
75.35122,P1Y,0,,A,PU,_Z,2,,,False,WB_WDI,WB_WDI_SP_DYN_LE00_IN,POL,_T,_T,_T,_Z,_Z,_Z,2021,A,YR,
81.378049,P1Y,0,,A,PU,_Z,2,,,False,WB_WDI,WB_WDI_SP_DYN_LE00_IN,PRT,_T,_T,_T,_Z,_Z,_Z,2021,A,YR,
79.77,P1Y,0,,A,PU,_Z,2,,,False,WB_WDI,WB_WDI_SP_DYN_LE00_IN,PRI,_T,_T,_T,_Z,_Z,_Z,2021,A,YR,
81.083,P1Y,0,,A,PU,_Z,2,,,False,WB_WDI,WB_WDI_SP_DYN_LE00_IN,QAT,_T,_T,_T,_Z,_Z,_Z,2021,A,YR,
72.809756,P1Y,0,,A,PU,_Z,2,,,False,WB_WDI,WB_WDI_SP_DYN_LE00_IN,ROU,_T,_T,_T,_Z,_Z,_Z,2021,A,YR,
69.900244,P1Y,0,,A,PU,_Z,2,,,False,WB_WDI,WB_WDI_SP_DYN_LE00_IN,RUS,_T,_T,_T,_Z,_Z,_Z,2021,A,YR,
66.85,P1Y,0,,A,PU,_Z,2,,,False,WB_WDI,WB_WDI_SP_DYN_LE00_IN,RWA,_T,_T,_T,_Z,_Z,_Z,2021,A,YR,
71.096,P1Y,0,,A,PU,_Z,2,,,False,WB_WDI,WB_WDI_SP_DYN_LE00_IN,WSM,_T,_T,_T,_Z,_Z,_Z,2021,A,YR,
83.539,P1Y,0,,A,PU,_Z,2,,,False,WB_WDI,WB_WDI_SP_DYN_LE00_IN,SMR,_T,_T,_T,_Z,_Z,_Z,2021,A,YR,
72.188,P1Y,0,,A,PU,_Z,2,,,False,WB_WDI,WB_WDI_SP_DYN_LE00_IN,SYR,_T,_T,_T,_Z,_Z,_Z,2003,A,YR,
65.874,P1Y,0,,A,PU,_Z,2,,,False,WB_WDI,WB_WDI_SP_DYN_LE00_IN,TJK,_T,_T,_T,_Z,_Z,_Z,2003,A,YR,
55.929,P1Y,0,,A,PU,_Z,2,,,False,WB_WDI,WB_WDI_SP_DYN_LE00_IN,TZA,_T,_T,_T,_Z,_Z,_Z,2003,A,YR,
72.101,P1Y,0,,A,PU,_Z,2,,,False,WB_WDI,WB_WDI_SP_DYN_LE00_IN,THA,_T,_T,_T,_Z,_Z,_Z,2003,A,YR,
60.13,P1Y,0,,A,PU,_Z,2,,,False,WB_WDI,WB_WDI_SP_DYN_LE00_IN,TLS,_T,_T,_T,_Z,_Z,_Z,2003,A,YR,
55.312,P1Y,0,,A,PU,_Z,2,,,False,WB_WDI,WB_WDI_SP_DYN_LE00_IN,TGO,_T,_T,_T,_Z,_Z,_Z,2003,A,YR,
70.228,P1Y,0,,A,PU,_Z,2,,,False,WB_WDI,WB_WDI_SP_DYN_LE00_IN,TON,_T,_T,_T,_Z,_Z,_Z,2003,A,YR,
69.454,P1Y,0,,A,PU,_Z,2,,,False,WB_WDI,WB_WDI_SP_DYN_LE00_IN,TTO,_T,_T,_T,_Z,_Z,_Z,2003,A,YR,
73.304,P1Y,0,,A,PU,_Z,2,,,False,WB_WDI,WB_WDI_SP_DYN_LE00_IN,TUN,_T,_T,_T,_Z,_Z,_Z,2003,A,YR,
72.906,P1Y,0,,A,PU,_Z,2,,,False,WB_WDI,WB_WDI_SP_DYN_LE00_IN,TUR,_T,_T,_T,_Z,_Z,_Z,2003,A,YR,
65.854,P1Y,0,,A,PU,_Z,2,,,False,WB_WDI,WB_WDI_SP_DYN_LE00_IN,TKM,_T,_T,_T,_Z,_Z,_Z,2003,A,YR,
75.262,P1Y,0,,A,PU,_Z,2,,,False,WB_WDI,WB_WDI_SP_DYN_LE00_IN,TCA,_T,_T,_T,_Z,_Z,_Z,2003,A,YR,
63.897,P1Y,0,,A,PU,_Z,2,,,False,WB_WDI,WB_WDI_SP_DYN_LE00_IN,TUV,_T,_T,_T,_Z,_Z,_Z,2003,A,YR,
76.508,P1Y,0,,A,PU,_Z,2,,,False,WB_WDI,WB_WDI_SP_DYN_LE00_IN,TUN,_T,_T,_T,_Z,_Z,_Z,2023,A,YR,
77.156,P1Y,0,,A,PU,_Z,2,,,False,WB_WDI,WB_WDI_SP_DYN_LE00_IN,TUR,_T,_T,_T,_Z,_Z,_Z,2023,A,YR,
70.073,P1Y,0,,A,PU,_Z,2,,,False,WB_WDI,WB_WDI_SP_DYN_LE00_IN,TKM,_T,_T,_T,_Z,_Z,_Z,2023,A,YR,
78.008,P1Y,0,,A,PU,_Z,2,,,False,WB_WDI,WB_WDI_SP_DYN_LE00_IN,TCA,_T,_T,_T,_Z,_Z,_Z,2023,A,YR,
67.105,P1Y,0,,A,PU,_Z,2,,,False,WB_WDI,WB_WDI_SP_DYN_LE00_IN,TUV,_T,_T,_T,_Z,_Z,_Z,2023,A,YR,
68.252,P1Y,0,,A,PU,_Z,2,,,False,WB_WDI,WB_WDI_SP_DYN_LE00_IN,UGA,_T,_T,_T,_Z,_Z,_Z,2023,A,YR,
73.422,P1Y,0,,A,PU,_Z,2,,,False,WB_WDI,WB_WDI_SP_DYN_LE00_IN,UKR,_T,_T,_T,_Z,_Z,_Z,2023,A,YR,
82.909,P1Y,0,,A,PU,_Z,2,,,False,WB_WDI,WB_WDI_SP_DYN_LE00_IN,ARE,_T,_T,_T,_Z,_Z,_Z,2023,A,YR,
81.238098,P1Y,0,,A,PU,_Z,2,,,False,WB_WDI,WB_WDI_SP_DYN_LE00_IN,GBR,_T,_T,_T,_Z,_Z,_Z,2023,A,YR,
78.385366,P1Y,0,,A,PU,_Z,2,,,False,WB_WDI,WB_WDI_SP_DYN_LE00_IN,USA,_T,_T,_T,_Z,_Z,_Z,2023,A,YR,
78.138,P1Y,0,,A,PU,_Z,2,,,False,WB_WDI,WB_WDI_SP_DYN_LE00_IN,URY,_T,_T,_T,_Z,_Z,_Z,2023,A,YR,
72.388,P1Y,0,,A,PU,_Z,2,,,False,WB_WDI,WB_WDI_SP_DYN_LE00_IN,UZB,_T,_T,_T,_Z,_Z,_Z,2023,A,YR,
71.477,P1Y,0,,A,PU,_Z,2,,,False,WB_WDI,WB_WDI_SP_DYN_LE00_IN,VUT,_T,_T,_T,_Z,_Z,_Z,2023,A,YR,
72.514,P1Y,0,,A,PU,_Z,2,,,False,WB_WDI,WB_WDI_SP_DYN_LE00_IN,VEN,_T,_T,_T,_Z,_Z,_Z,2023,A,YR,
75.734,P1Y,0,,A,PU,_Z,2,,,False,WB_WDI,WB_WDI_SP_DYN_LE00_IN,MYS,_T,_T,_T,_Z,_Z,_Z,2018,A,YR,
79.433,P1Y,0,,A,PU,_Z,2,,,False,WB_WDI,WB_WDI_SP_DYN_LE00_IN,MDV,_T,_T,_T,_Z,_Z,_Z,2018,A,YR,
58.873,P1Y,0,,A,PU,_Z,2,,,False,WB_WDI,WB_WDI_SP_DYN_LE00_IN,MLI,_T,_T,_T,_Z,_Z,_Z,2018,A,YR,
82.24878,P1Y,0,,A,PU,_Z,2,,,False,WB_WDI,WB_WDI_SP_DYN_LE00_IN,MLT,_T,_T,_T,_Z,_Z,_Z,2018,A,YR,
65.87,P1Y,0,,A,PU,_Z,2,,,False,WB_WDI,WB_WDI_SP_DYN_LE00_IN,MHL,_T,_T,_T,_Z,_Z,_Z,2018,A,YR,
67.419,P1Y,0,,A,PU,_Z,2,,,False,WB_WDI,WB_WDI_SP_DYN_LE00_IN,MRT,_T,_T,_T,_Z,_Z,_Z,2018,A,YR,
74.416341,P1Y,0,,A,PU,_Z,2,,,False,WB_WDI,WB_WDI_SP_DYN_LE00_IN,MUS,_T,_T,_T,_Z,_Z,_Z,2018,A,YR,
74.301,P1Y,0,,A,PU,_Z,2,,,False,WB_WDI,WB_WDI_SP_DYN_LE00_IN,MEX,_T,_T,_T,_Z,_Z,_Z,2018,A,YR,
65.943,P1Y,0,,A,PU,_Z,2,,,False,WB_WDI,WB_WDI_SP_DYN_LE00_IN,FSM,_T,_T,_T,_Z,_Z,_Z,2018,A,YR,
70.236,P1Y,0,,A,PU,_Z,2,,,False,WB_WDI,WB_WDI_SP_DYN_LE00_IN,MDA,_T,_T,_T,_Z,_Z,_Z,2018,A,YR,
86.084,P1Y,0,,A,PU,_Z,2,,,False,WB_WDI,WB_WDI_SP_DYN_LE00_IN,MCO,_T,_T,_T,_Z,_Z,_Z,2018,A,YR,
73.779,P1Y,0,,A,PU,_Z,2,,,False,WB_WDI,WB_WDI_SP_DYN_LE00_IN,THA,_T,_T,_T,_Z,_Z,_Z,2007,A,YR,
62.396,P1Y,0,,A,PU,_Z,2,,,False,WB_WDI,WB_WDI_SP_DYN_LE00_IN,TLS,_T,_T,_T,_Z,_Z,_Z,2007,A,YR,
56.395,P1Y,0,,A,PU,_Z,2,,,False,WB_WDI,WB_WDI_SP_DYN_LE00_IN,TGO,_T,_T,_T,_Z,_Z,_Z,2007,A,YR,
70.887,P1Y,0,,A,PU,_Z,2,,,False,WB_WDI,WB_WDI_SP_DYN_LE00_IN,TON,_T,_T,_T,_Z,_Z,_Z,2007,A,YR,
70.797,P1Y,0,,A,PU,_Z,2,,,False,WB_WDI,WB_WDI_SP_DYN_LE00_IN,TTO,_T,_T,_T,_Z,_Z,_Z,2007,A,YR,
74.039,P1Y,0,,A,PU,_Z,2,,,False,WB_WDI,WB_WDI_SP_DYN_LE00_IN,TUN,_T,_T,_T,_Z,_Z,_Z,2007,A,YR,
74.129,P1Y,0,,A,PU,_Z,2,,,False,WB_WDI,WB_WDI_SP_DYN_LE00_IN,TUR,_T,_T,_T,_Z,_Z,_Z,2007,A,YR,
67.02,P1Y,0,,A,PU,_Z,2,,,False,WB_WDI,WB_WDI_SP_DYN_LE00_IN,TKM,_T,_T,_T,_Z,_Z,_Z,2007,A,YR,
76.427,P1Y,0,,A,PU,_Z,2,,,False,WB_WDI,WB_WDI_SP_DYN_LE00_IN,TCA,_T,_T,_T,_Z,_Z,_Z,2007,A,YR,
64.402,P1Y,0,,A,PU,_Z,2,,,False,WB_WDI,WB_WDI_SP_DYN_LE00_IN,TUV,_T,_T,_T,_Z,_Z,_Z,2007,A,YR,
57.248,P1Y,0,,A,PU,_Z,2,,,False,WB_WDI,WB_WDI_SP_DYN_LE00_IN,UGA,_T,_T,_T,_Z,_Z,_Z,2007,A,YR,
67.715,P1Y,0,,A,PU,_Z,2,,,False,WB_WDI,WB_WDI_SP_DYN_LE00_IN,UKR,_T,_T,_T,_Z,_Z,_Z,2007,A,YR,
57.35,P1Y,0,,A,PU,_Z,2,,,False,WB_WDI,WB_WDI_SP_DYN_LE00_IN,COD,_T,_T,_T,_Z,_Z,_Z,2012,A,YR,
62.662,P1Y,0,,A,PU,_Z,2,,,False,WB_WDI,WB_WDI_SP_DYN_LE00_IN,COG,_T,_T,_T,_Z,_Z,_Z,2012,A,YR,
79.925,P1Y,0,,A,PU,_Z,2,,,False,WB_WDI,WB_WDI_SP_DYN_LE00_IN,CRI,_T,_T,_T,_Z,_Z,_Z,2012,A,YR,
56.57,P1Y,0,,A,PU,_Z,2,,,False,WB_WDI,WB_WDI_SP_DYN_LE00_IN,CIV,_T,_T,_T,_Z,_Z,_Z,2012,A,YR,
77.168293,P1Y,0,,A,PU,_Z,2,,,False,WB_WDI,WB_WDI_SP_DYN_LE00_IN,HRV,_T,_T,_T,_Z,_Z,_Z,2012,A,YR,
78.162,P1Y,0,,A,PU,_Z,2,,,False,WB_WDI,WB_WDI_SP_DYN_LE00_IN,CUB,_T,_T,_T,_Z,_Z,_Z,2012,A,YR,
75.96,P1Y,0,,A,PU,_Z,2,,,False,WB_WDI,WB_WDI_SP_DYN_LE00_IN,CUW,_T,_T,_T,_Z,_Z,_Z,2012,A,YR,
81.128,P1Y,0,,A,PU,_Z,2,,,False,WB_WDI,WB_WDI_SP_DYN_LE00_IN,CYP,_T,_T,_T,_Z,_Z,_Z,2012,A,YR,
78.07561,P1Y,0,,A,PU,_Z,2,,,False,WB_WDI,WB_WDI_SP_DYN_LE00_IN,CZE,_T,_T,_T,_Z,_Z,_Z,2012,A,YR,
80.05122,P1Y,0,,A,PU,_Z,2,,,False,WB_WDI,WB_WDI_SP_DYN_LE00_IN,DNK,_T,_T,_T,_Z,_Z,_Z,2012,A,YR,
61.719,P1Y,0,,A,PU,_Z,2,,,False,WB_WDI,WB_WDI_SP_DYN_LE00_IN,DJI,_T,_T,_T,_Z,_Z,_Z,2012,A,YR,
80.487,P1Y,0,,A,PU,_Z,2,,,False,WB_WDI,WB_WDI_SP_DYN_LE00_IN,ARE,_T,_T,_T,_Z,_Z,_Z,2022,A,YR,
81.01122,P1Y,0,,A,PU,_Z,2,,,False,WB_WDI,WB_WDI_SP_DYN_LE00_IN,GBR,_T,_T,_T,_Z,_Z,_Z,2022,A,YR,
77.434146,P1Y,0,,A,PU,_Z,2,,,False,WB_WDI,WB_WDI_SP_DYN_LE00_IN,USA,_T,_T,_T,_Z,_Z,_Z,2022,A,YR,
76.468,P1Y,0,,A,PU,_Z,2,,,False,WB_WDI,WB_WDI_SP_DYN_LE00_IN,URY,_T,_T,_T,_Z,_Z,_Z,2022,A,YR,
72.147,P1Y,0,,A,PU,_Z,2,,,False,WB_WDI,WB_WDI_SP_DYN_LE00_IN,UZB,_T,_T,_T,_Z,_Z,_Z,2022,A,YR,
71.302,P1Y,0,,A,PU,_Z,2,,,False,WB_WDI,WB_WDI_SP_DYN_LE00_IN,VUT,_T,_T,_T,_Z,_Z,_Z,2022,A,YR,
72.566,P1Y,0,,A,PU,_Z,2,,,False,WB_WDI,WB_WDI_SP_DYN_LE00_IN,VEN,_T,_T,_T,_Z,_Z,_Z,2022,A,YR,
74.502,P1Y,0,,A,PU,_Z,2,,,False,WB_WDI,WB_WDI_SP_DYN_LE00_IN,VNM,_T,_T,_T,_Z,_Z,_Z,2022,A,YR,
80.319512,P1Y,0,,A,PU,_Z,2,,,False,WB_WDI,WB_WDI_SP_DYN_LE00_IN,VIR,_T,_T,_T,_Z,_Z,_Z,2022,A,YR,
76.662,P1Y,0,,A,PU,_Z,2,,,False,WB_WDI,WB_WDI_SP_DYN_LE00_IN,PSE,_T,_T,_T,_Z,_Z,_Z,2022,A,YR,
67.952,P1Y,0,,A,PU,_Z,2,,,False,WB_WDI,WB_WDI_SP_DYN_LE00_IN,YEM,_T,_T,_T,_Z,_Z,_Z,2022,A,YR,
65.279,P1Y,0,,A,PU,_Z,2,,,False,WB_WDI,WB_WDI_SP_DYN_LE00_IN,ZMB,_T,_T,_T,_Z,_Z,_Z,2022,A,YR,
62.36,P1Y,0,,A,PU,_Z,2,,,False,WB_WDI,WB_WDI_SP_DYN_LE00_IN,ZWE,_T,_T,_T,_Z,_Z,_Z,2022,A,YR,
65.146228,P1Y,0,,A,PU,_Z,2,,,False,WB_WDI,WB_WDI_SP_DYN_LE00_IN,AFE,_T,_T,_T,_Z,_Z,_Z,2023,A,YR,
76.097,P1Y,0,,A,PU,_Z,2,,,False,WB_WDI,WB_WDI_SP_DYN_LE00_IN,QAT,_T,_T,_T,_Z,_Z,_Z,2003,A,YR,
71.309756,P1Y,0,,A,PU,_Z,2,,,False,WB_WDI,WB_WDI_SP_DYN_LE00_IN,ROU,_T,_T,_T,_Z,_Z,_Z,2003,A,YR,
65.027561,P1Y,0,,A,PU,_Z,2,,,False,WB_WDI,WB_WDI_SP_DYN_LE00_IN,RUS,_T,_T,_T,_Z,_Z,_Z,2003,A,YR,
53.529,P1Y,0,,A,PU,_Z,2,,,False,WB_WDI,WB_WDI_SP_DYN_LE00_IN,RWA,_T,_T,_T,_Z,_Z,_Z,2003,A,YR,
71.441,P1Y,0,,A,PU,_Z,2,,,False,WB_WDI,WB_WDI_SP_DYN_LE00_IN,WSM,_T,_T,_T,_Z,_Z,_Z,2003,A,YR,
81.33,P1Y,0,,A,PU,_Z,2,,,False,WB_WDI,WB_WDI_SP_DYN_LE00_IN,SMR,_T,_T,_T,_Z,_Z,_Z,2003,A,YR,
62.158,P1Y,0,,A,PU,_Z,2,,,False,WB_WDI,WB_WDI_SP_DYN_LE00_IN,STP,_T,_T,_T,_Z,_Z,_Z,2003,A,YR,
73.657,P1Y,0,,A,PU,_Z,2,,,False,WB_WDI,WB_WDI_SP_DYN_LE00_IN,SAU,_T,_T,_T,_Z,_Z,_Z,2003,A,YR,
59.474,P1Y,0,,A,PU,_Z,2,,,False,WB_WDI,WB_WDI_SP_DYN_LE00_IN,SEN,_T,_T,_T,_Z,_Z,_Z,2003,A,YR,
72.436585,P1Y,0,,A,PU,_Z,2,,,False,WB_WDI,WB_WDI_SP_DYN_LE00_IN,SRB,_T,_T,_T,_Z,_Z,_Z,2003,A,YR,
71.029268,P1Y,0,,A,PU,_Z,2,,,False,WB_WDI,WB_WDI_SP_DYN_LE00_IN,SYC,_T,_T,_T,_Z,_Z,_Z,2003,A,YR,
46.784,P1Y,0,,A,PU,_Z,2,,,False,WB_WDI,WB_WDI_SP_DYN_LE00_IN,SLE,_T,_T,_T,_Z,_Z,_Z,2003,A,YR,
79.039024,P1Y,0,,A,PU,_Z,2,,,False,WB_WDI,WB_WDI_SP_DYN_LE00_IN,SGP,_T,_T,_T,_Z,_Z,_Z,2003,A,YR,
74.588,P1Y,0,,A,PU,_Z,2,,,False,WB_WDI,WB_WDI_SP_DYN_LE00_IN,SXM,_T,_T,_T,_Z,_Z,_Z,2003,A,YR,
73.604878,P1Y,0,,A,PU,_Z,2,,,False,WB_WDI,WB_WDI_SP_DYN_LE00_IN,SVK,_T,_T,_T,_Z,_Z,_Z,2003,A,YR,
77.814,P1Y,0,,A,PU,_Z,2,,,False,WB_WDI,WB_WDI_SP_DYN_LE00_IN,JOR,_T,_T,_T,_Z,_Z,_Z,2023,A,YR,
74.402,P1Y,0,,A,PU,_Z,2,,,False,WB_WDI,WB_WDI_SP_DYN_LE00_IN,KAZ,_T,_T,_T,_Z,_Z,_Z,2023,A,YR,
63.646,P1Y,0,,A,PU,_Z,2,,,False,WB_WDI,WB_WDI_SP_DYN_LE00_IN,KEN,_T,_T,_T,_Z,_Z,_Z,2023,A,YR,
66.473,P1Y,0,,A,PU,_Z,2,,,False,WB_WDI,WB_WDI_SP_DYN_LE00_IN,KIR,_T,_T,_T,_Z,_Z,_Z,2023,A,YR,
73.642,P1Y,0,,A,PU,_Z,2,,,False,WB_WDI,WB_WDI_SP_DYN_LE00_IN,PRK,_T,_T,_T,_Z,_Z,_Z,2023,A,YR,
83.429268,P1Y,0,,A,PU,_Z,2,,,False,WB_WDI,WB_WDI_SP_DYN_LE00_IN,KOR,_T,_T,_T,_Z,_Z,_Z,2023,A,YR,
78.033,P1Y,0,,A,PU,_Z,2,,,False,WB_WDI,WB_WDI_SP_DYN_LE00_IN,XKX,_T,_T,_T,_Z,_Z,_Z,2023,A,YR,
83.187805,P1Y,0,,A,PU,_Z,2,,,False,WB_WDI,WB_WDI_SP_DYN_LE00_IN,KWT,_T,_T,_T,_Z,_Z,_Z,2023,A,YR,
72.24878,P1Y,0,,A,PU,_Z,2,,,False,WB_WDI,WB_WDI_SP_DYN_LE00_IN,KGZ,_T,_T,_T,_Z,_Z,_Z,2023,A,YR,
68.964,P1Y,0,,A,PU,_Z,2,,,False,WB_WDI,WB_WDI_SP_DYN_LE00_IN,LAO,_T,_T,_T,_Z,_Z,_Z,2023,A,YR,
75.426829,P1Y,0,,A,PU,_Z,2,,,False,WB_WDI,WB_WDI_SP_DYN_LE00_IN,LVA,_T,_T,_T,_Z,_Z,_Z,2023,A,YR,
77.817,P1Y,0,,A,PU,_Z,2,,,False,WB_WDI,WB_WDI_SP_DYN_LE00_IN,LBN,_T,_T,_T,_Z,_Z,_Z,2023,A,YR,
57.375,P1Y,0,,A,PU,_Z,2,,,False,WB_WDI,WB_WDI_SP_DYN_LE00_IN,LSO,_T,_T,_T,_Z,_Z,_Z,2023,A,YR,
62.163,P1Y,0,,A,PU,_Z,2,,,False,WB_WDI,WB_WDI_SP_DYN_LE00_IN,LBR,_T,_T,_T,_Z,_Z,_Z,2023,A,YR,
65.831,P1Y,0,,A,PU,_Z,2,,,False,WB_WDI,WB_WDI_SP_DYN_LE00_IN,KIR,_T,_T,_T,_Z,_Z,_Z,2015,A,YR,
72.825,P1Y,0,,A,PU,_Z,2,,,False,WB_WDI,WB_WDI_SP_DYN_LE00_IN,PRK,_T,_T,_T,_Z,_Z,_Z,2015,A,YR,
82.02439,P1Y,0,,A,PU,_Z,2,,,False,WB_WDI,WB_WDI_SP_DYN_LE00_IN,KOR,_T,_T,_T,_Z,_Z,_Z,2015,A,YR,
76.024,P1Y,0,,A,PU,_Z,2,,,False,WB_WDI,WB_WDI_SP_DYN_LE00_IN,XKX,_T,_T,_T,_Z,_Z,_Z,2015,A,YR,
79.376561,P1Y,0,,A,PU,_Z,2,,,False,WB_WDI,WB_WDI_SP_DYN_LE00_IN,KWT,_T,_T,_T,_Z,_Z,_Z,2015,A,YR,
70.65122,P1Y,0,,A,PU,_Z,2,,,False,WB_WDI,WB_WDI_SP_DYN_LE00_IN,KGZ,_T,_T,_T,_Z,_Z,_Z,2015,A,YR,
66.688,P1Y,0,,A,PU,_Z,2,,,False,WB_WDI,WB_WDI_SP_DYN_LE00_IN,LAO,_T,_T,_T,_Z,_Z,_Z,2015,A,YR,
74.480488,P1Y,0,,A,PU,_Z,2,,,False,WB_WDI,WB_WDI_SP_DYN_LE00_IN,LVA,_T,_T,_T,_Z,_Z,_Z,2015,A,YR,
78.275,P1Y,0,,A,PU,_Z,2,,,False,WB_WDI,WB_WDI_SP_DYN_LE00_IN,LBN,_T,_T,_T,_Z,_Z,_Z,2015,A,YR,
51.83,P1Y,0,,A,PU,_Z,2,,,False,WB_WDI,WB_WDI_SP_DYN_LE00_IN,LSO,_T,_T,_T,_Z,_Z,_Z,2015,A,YR,
59.248,P1Y,0,,A,PU,_Z,2,,,False,WB_WDI,WB_WDI_SP_DYN_LE00_IN,LBR,_T,_T,_T,_Z,_Z,_Z,2015,A,YR,
70.917,P1Y,0,,A,PU,_Z,2,,,False,WB_WDI,WB_WDI_SP_DYN_LE00_IN,BLZ,_T,_T,_T,_Z,_Z,_Z,2021,A,YR,
59.61,P1Y,0,,A,PU,_Z,2,,,False,WB_WDI,WB_WDI_SP_DYN_LE00_IN,BEN,_T,_T,_T,_Z,_Z,_Z,2021,A,YR,
81.745,P1Y,0,,A,PU,_Z,2,,,False,WB_WDI,WB_WDI_SP_DYN_LE00_IN,BMU,_T,_T,_T,_Z,_Z,_Z,2021,A,YR,
72.448,P1Y,0,,A,PU,_Z,2,,,False,WB_WDI,WB_WDI_SP_DYN_LE00_IN,BTN,_T,_T,_T,_Z,_Z,_Z,2021,A,YR,
61.427,P1Y,0,,A,PU,_Z,2,,,False,WB_WDI,WB_WDI_SP_DYN_LE00_IN,BOL,_T,_T,_T,_Z,_Z,_Z,2021,A,YR,
74.567,P1Y,0,,A,PU,_Z,2,,,False,WB_WDI,WB_WDI_SP_DYN_LE00_IN,BIH,_T,_T,_T,_Z,_Z,_Z,2021,A,YR,
63.303,P1Y,0,,A,PU,_Z,2,,,False,WB_WDI,WB_WDI_SP_DYN_LE00_IN,BWA,_T,_T,_T,_Z,_Z,_Z,2021,A,YR,
73.038,P1Y,0,,A,PU,_Z,2,,,False,WB_WDI,WB_WDI_SP_DYN_LE00_IN,BRA,_T,_T,_T,_Z,_Z,_Z,2021,A,YR,
75.297,P1Y,0,,A,PU,_Z,2,,,False,WB_WDI,WB_WDI_SP_DYN_LE00_IN,VGB,_T,_T,_T,_Z,_Z,_Z,2021,A,YR,
74.869,P1Y,0,,A,PU,_Z,2,,,False,WB_WDI,WB_WDI_SP_DYN_LE00_IN,BRN,_T,_T,_T,_Z,_Z,_Z,2021,A,YR,
71.212195,P1Y,0,,A,PU,_Z,2,,,False,WB_WDI,WB_WDI_SP_DYN_LE00_IN,BGR,_T,_T,_T,_Z,_Z,_Z,2021,A,YR,
60.046,P1Y,0,,A,PU,_Z,2,,,False,WB_WDI,WB_WDI_SP_DYN_LE00_IN,BFA,_T,_T,_T,_Z,_Z,_Z,2021,A,YR,
82.062,P1Y,0,,A,PU,_Z,2,,,False,WB_WDI,WB_WDI_SP_DYN_LE00_IN,BMU,_T,_T,_T,_Z,_Z,_Z,2022,A,YR,
72.754,P1Y,0,,A,PU,_Z,2,,,False,WB_WDI,WB_WDI_SP_DYN_LE00_IN,BTN,_T,_T,_T,_Z,_Z,_Z,2022,A,YR,
67.434,P1Y,0,,A,PU,_Z,2,,,False,WB_WDI,WB_WDI_SP_DYN_LE00_IN,BOL,_T,_T,_T,_Z,_Z,_Z,2022,A,YR,
76.777,P1Y,0,,A,PU,_Z,2,,,False,WB_WDI,WB_WDI_SP_DYN_LE00_IN,BIH,_T,_T,_T,_Z,_Z,_Z,2022,A,YR,
68.749,P1Y,0,,A,PU,_Z,2,,,False,WB_WDI,WB_WDI_SP_DYN_LE00_IN,BWA,_T,_T,_T,_Z,_Z,_Z,2022,A,YR,
74.872,P1Y,0,,A,PU,_Z,2,,,False,WB_WDI,WB_WDI_SP_DYN_LE00_IN,BRA,_T,_T,_T,_Z,_Z,_Z,2022,A,YR,
77.177,P1Y,0,,A,PU,_Z,2,,,False,WB_WDI,WB_WDI_SP_DYN_LE00_IN,VGB,_T,_T,_T,_Z,_Z,_Z,2022,A,YR,
72.917,P1Y,0,,A,PU,_Z,2,,,False,WB_WDI,WB_WDI_SP_DYN_LE00_IN,BRN,_T,_T,_T,_Z,_Z,_Z,2022,A,YR,
74.160976,P1Y,0,,A,PU,_Z,2,,,False,WB_WDI,WB_WDI_SP_DYN_LE00_IN,BGR,_T,_T,_T,_Z,_Z,_Z,2022,A,YR,
60.7,P1Y,0,,A,PU,_Z,2,,,False,WB_WDI,WB_WDI_SP_DYN_LE00_IN,BFA,_T,_T,_T,_Z,_Z,_Z,2022,A,YR,
62.882,P1Y,0,,A,PU,_Z,2,,,False,WB_WDI,WB_WDI_SP_DYN_LE00_IN,BDI,_T,_T,_T,_Z,_Z,_Z,2022,A,YR,
75.907,P1Y,0,,A,PU,_Z,2,,,False,WB_WDI,WB_WDI_SP_DYN_LE00_IN,CPV,_T,_T,_T,_Z,_Z,_Z,2022,A,YR,
70.528,P1Y,0,,A,PU,_Z,2,,,False,WB_WDI,WB_WDI_SP_DYN_LE00_IN,KHM,_T,_T,_T,_Z,_Z,_Z,2022,A,YR,
62.979999,P1Y,0,,A,PU,_Z,2,,,False,WB_WDI,WB_WDI_SP_DYN_LE00_IN,AFE,_T,_T,_T,_Z,_Z,_Z,2021,A,YR,
57.355015,P1Y,0,,A,PU,_Z,2,,,False,WB_WDI,WB_WDI_SP_DYN_LE00_IN,AFW,_T,_T,_T,_Z,_Z,_Z,2021,A,YR,
70.404114,P1Y,0,,A,PU,_Z,2,,,False,WB_WDI,WB_WDI_SP_DYN_LE00_IN,ARB,_T,_T,_T,_Z,_Z,_Z,2021,A,YR,
69.922811,P1Y,0,,A,PU,_Z,2,,,False,WB_WDI,WB_WDI_SP_DYN_LE00_IN,CSS,_T,_T,_T,_Z,_Z,_Z,2021,A,YR,
74.723283,P1Y,0,,A,PU,_Z,2,,,False,WB_WDI,WB_WDI_SP_DYN_LE00_IN,CEB,_T,_T,_T,_Z,_Z,_Z,2021,A,YR,
68.179099,P1Y,0,,A,PU,_Z,2,,,False,WB_WDI,WB_WDI_SP_DYN_LE00_IN,EAR,_T,_T,_T,_Z,_Z,_Z,2021,A,YR,
76.152941,P1Y,0,,A,PU,_Z,2,,,False,WB_WDI,WB_WDI_SP_DYN_LE00_IN,EAS,_T,_T,_T,_Z,_Z,_Z,2021,A,YR,
75.278142,P1Y,0,,A,PU,_Z,2,,,False,WB_WDI,WB_WDI_SP_DYN_LE00_IN,EAP,_T,_T,_T,_Z,_Z,_Z,2021,A,YR,
75.300981,P1Y,0,,A,PU,_Z,2,,,False,WB_WDI,WB_WDI_SP_DYN_LE00_IN,TEA,_T,_T,_T,_Z,_Z,_Z,2021,A,YR,
81.39312,P1Y,0,,A,PU,_Z,2,,,False,WB_WDI,WB_WDI_SP_DYN_LE00_IN,EMU,_T,_T,_T,_Z,_Z,_Z,2021,A,YR,
76.728621,P1Y,0,,A,PU,_Z,2,,,False,WB_WDI,WB_WDI_SP_DYN_LE00_IN,ECS,_T,_T,_T,_Z,_Z,_Z,2021,A,YR,
72.882376,P1Y,0,,A,PU,_Z,2,,,False,WB_WDI,WB_WDI_SP_DYN_LE00_IN,ECA,_T,_T,_T,_Z,_Z,_Z,2021,A,YR,
72.150641,P1Y,0,,A,PU,_Z,2,,,False,WB_WDI,WB_WDI_SP_DYN_LE00_IN,TEC,_T,_T,_T,_Z,_Z,_Z,2021,A,YR,
80.307196,P1Y,0,,A,PU,_Z,2,,,False,WB_WDI,WB_WDI_SP_DYN_LE00_IN,EUU,_T,_T,_T,_Z,_Z,_Z,2021,A,YR,
82.026829,P1Y,0,,A,PU,_Z,2,,,False,WB_WDI,WB_WDI_SP_DYN_LE00_IN,MAC,_T,_T,_T,_Z,_Z,_Z,2008,A,YR,
61.992,P1Y,0,,A,PU,_Z,2,,,False,WB_WDI,WB_WDI_SP_DYN_LE00_IN,MDG,_T,_T,_T,_Z,_Z,_Z,2008,A,YR,
55.715,P1Y,0,,A,PU,_Z,2,,,False,WB_WDI,WB_WDI_SP_DYN_LE00_IN,MWI,_T,_T,_T,_Z,_Z,_Z,2008,A,YR,
75.151,P1Y,0,,A,PU,_Z,2,,,False,WB_WDI,WB_WDI_SP_DYN_LE00_IN,MYS,_T,_T,_T,_Z,_Z,_Z,2008,A,YR,
75.999,P1Y,0,,A,PU,_Z,2,,,False,WB_WDI,WB_WDI_SP_DYN_LE00_IN,MDV,_T,_T,_T,_Z,_Z,_Z,2008,A,YR,
55.187,P1Y,0,,A,PU,_Z,2,,,False,WB_WDI,WB_WDI_SP_DYN_LE00_IN,MLI,_T,_T,_T,_Z,_Z,_Z,2008,A,YR,
79.636585,P1Y,0,,A,PU,_Z,2,,,False,WB_WDI,WB_WDI_SP_DYN_LE00_IN,MLT,_T,_T,_T,_Z,_Z,_Z,2008,A,YR,
64.3,P1Y,0,,A,PU,_Z,2,,,False,WB_WDI,WB_WDI_SP_DYN_LE00_IN,MHL,_T,_T,_T,_Z,_Z,_Z,2008,A,YR,
65.233,P1Y,0,,A,PU,_Z,2,,,False,WB_WDI,WB_WDI_SP_DYN_LE00_IN,MRT,_T,_T,_T,_Z,_Z,_Z,2008,A,YR,
72.570732,P1Y,0,,A,PU,_Z,2,,,False,WB_WDI,WB_WDI_SP_DYN_LE00_IN,MUS,_T,_T,_T,_Z,_Z,_Z,2008,A,YR,
73.695,P1Y,0,,A,PU,_Z,2,,,False,WB_WDI,WB_WDI_SP_DYN_LE00_IN,MEX,_T,_T,_T,_Z,_Z,_Z,2008,A,YR,
64.849,P1Y,0,,A,PU,_Z,2,,,False,WB_WDI,WB_WDI_SP_DYN_LE00_IN,FSM,_T,_T,_T,_Z,_Z,_Z,2008,A,YR,
65.076,P1Y,0,,A,PU,_Z,2,,,False,WB_WDI,WB_WDI_SP_DYN_LE00_IN,PLW,_T,_T,_T,_Z,_Z,_Z,2002,A,YR,
74.195,P1Y,0,,A,PU,_Z,2,,,False,WB_WDI,WB_WDI_SP_DYN_LE00_IN,PAN,_T,_T,_T,_Z,_Z,_Z,2002,A,YR,
61.643,P1Y,0,,A,PU,_Z,2,,,False,WB_WDI,WB_WDI_SP_DYN_LE00_IN,PNG,_T,_T,_T,_Z,_Z,_Z,2002,A,YR,
70.539,P1Y,0,,A,PU,_Z,2,,,False,WB_WDI,WB_WDI_SP_DYN_LE00_IN,PRY,_T,_T,_T,_Z,_Z,_Z,2002,A,YR,
70.815,P1Y,0,,A,PU,_Z,2,,,False,WB_WDI,WB_WDI_SP_DYN_LE00_IN,PER,_T,_T,_T,_Z,_Z,_Z,2002,A,YR,
67.886,P1Y,0,,A,PU,_Z,2,,,False,WB_WDI,WB_WDI_SP_DYN_LE00_IN,PHL,_T,_T,_T,_Z,_Z,_Z,2002,A,YR,
74.497561,P1Y,0,,A,PU,_Z,2,,,False,WB_WDI,WB_WDI_SP_DYN_LE00_IN,POL,_T,_T,_T,_Z,_Z,_Z,2002,A,YR,
77.065854,P1Y,0,,A,PU,_Z,2,,,False,WB_WDI,WB_WDI_SP_DYN_LE00_IN,PRT,_T,_T,_T,_Z,_Z,_Z,2002,A,YR,
76.819,P1Y,0,,A,PU,_Z,2,,,False,WB_WDI,WB_WDI_SP_DYN_LE00_IN,PRI,_T,_T,_T,_Z,_Z,_Z,2002,A,YR,
75.766,P1Y,0,,A,PU,_Z,2,,,False,WB_WDI,WB_WDI_SP_DYN_LE00_IN,QAT,_T,_T,_T,_Z,_Z,_Z,2002,A,YR,
71.009756,P1Y,0,,A,PU,_Z,2,,,False,WB_WDI,WB_WDI_SP_DYN_LE00_IN,ROU,_T,_T,_T,_Z,_Z,_Z,2002,A,YR,
65.12878,P1Y,0,,A,PU,_Z,2,,,False,WB_WDI,WB_WDI_SP_DYN_LE00_IN,RUS,_T,_T,_T,_Z,_Z,_Z,2002,A,YR,
79.54878,P1Y,0,,A,PU,_Z,2,,,False,WB_WDI,WB_WDI_SP_DYN_LE00_IN,NZL,_T,_T,_T,_Z,_Z,_Z,2004,A,YR,
69.51,P1Y,0,,A,PU,_Z,2,,,False,WB_WDI,WB_WDI_SP_DYN_LE00_IN,NIC,_T,_T,_T,_Z,_Z,_Z,2004,A,YR,
52.402,P1Y,0,,A,PU,_Z,2,,,False,WB_WDI,WB_WDI_SP_DYN_LE00_IN,NER,_T,_T,_T,_Z,_Z,_Z,2004,A,YR,
49.148,P1Y,0,,A,PU,_Z,2,,,False,WB_WDI,WB_WDI_SP_DYN_LE00_IN,NGA,_T,_T,_T,_Z,_Z,_Z,2004,A,YR,
73.597561,P1Y,0,,A,PU,_Z,2,,,False,WB_WDI,WB_WDI_SP_DYN_LE00_IN,MKD,_T,_T,_T,_Z,_Z,_Z,2004,A,YR,
76.789,P1Y,0,,A,PU,_Z,2,,,False,WB_WDI,WB_WDI_SP_DYN_LE00_IN,MNP,_T,_T,_T,_Z,_Z,_Z,2004,A,YR,
79.841463,P1Y,0,,A,PU,_Z,2,,,False,WB_WDI,WB_WDI_SP_DYN_LE00_IN,NOR,_T,_T,_T,_Z,_Z,_Z,2004,A,YR,
74.82,P1Y,0,,A,PU,_Z,2,,,False,WB_WDI,WB_WDI_SP_DYN_LE00_IN,OMN,_T,_T,_T,_Z,_Z,_Z,2004,A,YR,
63.097,P1Y,0,,A,PU,_Z,2,,,False,WB_WDI,WB_WDI_SP_DYN_LE00_IN,PAK,_T,_T,_T,_Z,_Z,_Z,2004,A,YR,
65.816,P1Y,0,,A,PU,_Z,2,,,False,WB_WDI,WB_WDI_SP_DYN_LE00_IN,PLW,_T,_T,_T,_Z,_Z,_Z,2004,A,YR,
74.845,P1Y,0,,A,PU,_Z,2,,,False,WB_WDI,WB_WDI_SP_DYN_LE00_IN,PAN,_T,_T,_T,_Z,_Z,_Z,2004,A,YR,
61.795,P1Y,0,,A,PU,_Z,2,,,False,WB_WDI,WB_WDI_SP_DYN_LE00_IN,PNG,_T,_T,_T,_Z,_Z,_Z,2004,A,YR,
71.054,P1Y,0,,A,PU,_Z,2,,,False,WB_WDI,WB_WDI_SP_DYN_LE00_IN,PRY,_T,_T,_T,_Z,_Z,_Z,2004,A,YR,
71.969,P1Y,0,,A,PU,_Z,2,,,False,WB_WDI,WB_WDI_SP_DYN_LE00_IN,SLV,_T,_T,_T,_Z,_Z,_Z,2022,A,YR,
63.355,P1Y,0,,A,PU,_Z,2,,,False,WB_WDI,WB_WDI_SP_DYN_LE00_IN,GNQ,_T,_T,_T,_Z,_Z,_Z,2022,A,YR,
67.789,P1Y,0,,A,PU,_Z,2,,,False,WB_WDI,WB_WDI_SP_DYN_LE00_IN,ERI,_T,_T,_T,_Z,_Z,_Z,2022,A,YR,
77.843902,P1Y,0,,A,PU,_Z,2,,,False,WB_WDI,WB_WDI_SP_DYN_LE00_IN,EST,_T,_T,_T,_Z,_Z,_Z,2022,A,YR,
63.028,P1Y,0,,A,PU,_Z,2,,,False,WB_WDI,WB_WDI_SP_DYN_LE00_IN,SWZ,_T,_T,_T,_Z,_Z,_Z,2022,A,YR,
66.897,P1Y,0,,A,PU,_Z,2,,,False,WB_WDI,WB_WDI_SP_DYN_LE00_IN,ETH,_T,_T,_T,_Z,_Z,_Z,2022,A,YR,
82.816229,P1Y,0,,A,PU,_Z,2,,,False,WB_WDI,WB_WDI_SP_DYN_LE00_IN,FRO,_T,_T,_T,_Z,_Z,_Z,2022,A,YR,
67.148,P1Y,0,,A,PU,_Z,2,,,False,WB_WDI,WB_WDI_SP_DYN_LE00_IN,FJI,_T,_T,_T,_Z,_Z,_Z,2022,A,YR,
81.187805,P1Y,0,,A,PU,_Z,2,,,False,WB_WDI,WB_WDI_SP_DYN_LE00_IN,FIN,_T,_T,_T,_Z,_Z,_Z,2022,A,YR,
82.129268,P1Y,0,,A,PU,_Z,2,,,False,WB_WDI,WB_WDI_SP_DYN_LE00_IN,FRA,_T,_T,_T,_Z,_Z,_Z,2022,A,YR,
83.859,P1Y,0,,A,PU,_Z,2,,,False,WB_WDI,WB_WDI_SP_DYN_LE00_IN,PYF,_T,_T,_T,_Z,_Z,_Z,2022,A,YR,
67.713,P1Y,0,,A,PU,_Z,2,,,False,WB_WDI,WB_WDI_SP_DYN_LE00_IN,GAB,_T,_T,_T,_Z,_Z,_Z,2022,A,YR,
64.859,P1Y,0,,A,PU,_Z,2,,,False,WB_WDI,WB_WDI_SP_DYN_LE00_IN,GMB,_T,_T,_T,_Z,_Z,_Z,2022,A,YR,
74.141,P1Y,0,,A,PU,_Z,2,,,False,WB_WDI,WB_WDI_SP_DYN_LE00_IN,GEO,_T,_T,_T,_Z,_Z,_Z,2022,A,YR,
81.480488,P1Y,0,,A,PU,_Z,2,,,False,WB_WDI,WB_WDI_SP_DYN_LE00_IN,FIN,_T,_T,_T,_Z,_Z,_Z,2015,A,YR,
82.321951,P1Y,0,,A,PU,_Z,2,,,False,WB_WDI,WB_WDI_SP_DYN_LE00_IN,FRA,_T,_T,_T,_Z,_Z,_Z,2015,A,YR,
82.339,P1Y,0,,A,PU,_Z,2,,,False,WB_WDI,WB_WDI_SP_DYN_LE00_IN,PYF,_T,_T,_T,_Z,_Z,_Z,2015,A,YR,
66.336,P1Y,0,,A,PU,_Z,2,,,False,WB_WDI,WB_WDI_SP_DYN_LE00_IN,GAB,_T,_T,_T,_Z,_Z,_Z,2015,A,YR,
62.971,P1Y,0,,A,PU,_Z,2,,,False,WB_WDI,WB_WDI_SP_DYN_LE00_IN,GMB,_T,_T,_T,_Z,_Z,_Z,2015,A,YR,
73.241,P1Y,0,,A,PU,_Z,2,,,False,WB_WDI,WB_WDI_SP_DYN_LE00_IN,GEO,_T,_T,_T,_Z,_Z,_Z,2015,A,YR,
80.641463,P1Y,0,,A,PU,_Z,2,,,False,WB_WDI,WB_WDI_SP_DYN_LE00_IN,DEU,_T,_T,_T,_Z,_Z,_Z,2015,A,YR,
63.175,P1Y,0,,A,PU,_Z,2,,,False,WB_WDI,WB_WDI_SP_DYN_LE00_IN,GHA,_T,_T,_T,_Z,_Z,_Z,2015,A,YR,
82.668,P1Y,0,,A,PU,_Z,2,,,False,WB_WDI,WB_WDI_SP_DYN_LE00_IN,GIB,_T,_T,_T,_Z,_Z,_Z,2015,A,YR,
81.036585,P1Y,0,,A,PU,_Z,2,,,False,WB_WDI,WB_WDI_SP_DYN_LE00_IN,GRC,_T,_T,_T,_Z,_Z,_Z,2015,A,YR,
70.909756,P1Y,0,,A,PU,_Z,2,,,False,WB_WDI,WB_WDI_SP_DYN_LE00_IN,GRL,_T,_T,_T,_Z,_Z,_Z,2015,A,YR,
75.037,P1Y,0,,A,PU,_Z,2,,,False,WB_WDI,WB_WDI_SP_DYN_LE00_IN,GRD,_T,_T,_T,_Z,_Z,_Z,2015,A,YR,
51.995,P1Y,0,,A,PU,_Z,2,,,False,WB_WDI,WB_WDI_SP_DYN_LE00_IN,MLI,_T,_T,_T,_Z,_Z,_Z,2002,A,YR,
78.739024,P1Y,0,,A,PU,_Z,2,,,False,WB_WDI,WB_WDI_SP_DYN_LE00_IN,MLT,_T,_T,_T,_Z,_Z,_Z,2002,A,YR,
63.848,P1Y,0,,A,PU,_Z,2,,,False,WB_WDI,WB_WDI_SP_DYN_LE00_IN,MHL,_T,_T,_T,_Z,_Z,_Z,2002,A,YR,
62.249,P1Y,0,,A,PU,_Z,2,,,False,WB_WDI,WB_WDI_SP_DYN_LE00_IN,MRT,_T,_T,_T,_Z,_Z,_Z,2002,A,YR,
71.965854,P1Y,0,,A,PU,_Z,2,,,False,WB_WDI,WB_WDI_SP_DYN_LE00_IN,MUS,_T,_T,_T,_Z,_Z,_Z,2002,A,YR,
73.106,P1Y,0,,A,PU,_Z,2,,,False,WB_WDI,WB_WDI_SP_DYN_LE00_IN,MEX,_T,_T,_T,_Z,_Z,_Z,2002,A,YR,
63.907,P1Y,0,,A,PU,_Z,2,,,False,WB_WDI,WB_WDI_SP_DYN_LE00_IN,FSM,_T,_T,_T,_Z,_Z,_Z,2002,A,YR,
67.793,P1Y,0,,A,PU,_Z,2,,,False,WB_WDI,WB_WDI_SP_DYN_LE00_IN,MDA,_T,_T,_T,_Z,_Z,_Z,2002,A,YR,
83.055,P1Y,0,,A,PU,_Z,2,,,False,WB_WDI,WB_WDI_SP_DYN_LE00_IN,MCO,_T,_T,_T,_Z,_Z,_Z,2002,A,YR,
63.540244,P1Y,0,,A,PU,_Z,2,,,False,WB_WDI,WB_WDI_SP_DYN_LE00_IN,MNG,_T,_T,_T,_Z,_Z,_Z,2002,A,YR,
73.96522,P1Y,0,,A,PU,_Z,2,,,False,WB_WDI,WB_WDI_SP_DYN_LE00_IN,MNE,_T,_T,_T,_Z,_Z,_Z,2002,A,YR,
67.582,P1Y,0,,A,PU,_Z,2,,,False,WB_WDI,WB_WDI_SP_DYN_LE00_IN,MAR,_T,_T,_T,_Z,_Z,_Z,2002,A,YR,
50.879,P1Y,0,,A,PU,_Z,2,,,False,WB_WDI,WB_WDI_SP_DYN_LE00_IN,MOZ,_T,_T,_T,_Z,_Z,_Z,2002,A,YR,
60.925,P1Y,0,,A,PU,_Z,2,,,False,WB_WDI,WB_WDI_SP_DYN_LE00_IN,MMR,_T,_T,_T,_Z,_Z,_Z,2002,A,YR,
76.644561,P1Y,0,,A,PU,_Z,2,,,False,WB_WDI,WB_WDI_SP_DYN_LE00_IN,KWT,_T,_T,_T,_Z,_Z,_Z,2003,A,YR,
68.256098,P1Y,0,,A,PU,_Z,2,,,False,WB_WDI,WB_WDI_SP_DYN_LE00_IN,KGZ,_T,_T,_T,_Z,_Z,_Z,2003,A,YR,
59.643,P1Y,0,,A,PU,_Z,2,,,False,WB_WDI,WB_WDI_SP_DYN_LE00_IN,LAO,_T,_T,_T,_Z,_Z,_Z,2003,A,YR,
71.265854,P1Y,0,,A,PU,_Z,2,,,False,WB_WDI,WB_WDI_SP_DYN_LE00_IN,LVA,_T,_T,_T,_Z,_Z,_Z,2003,A,YR,
75.275,P1Y,0,,A,PU,_Z,2,,,False,WB_WDI,WB_WDI_SP_DYN_LE00_IN,LBN,_T,_T,_T,_Z,_Z,_Z,2003,A,YR,
44.921,P1Y,0,,A,PU,_Z,2,,,False,WB_WDI,WB_WDI_SP_DYN_LE00_IN,LSO,_T,_T,_T,_Z,_Z,_Z,2003,A,YR,
53.045,P1Y,0,,A,PU,_Z,2,,,False,WB_WDI,WB_WDI_SP_DYN_LE00_IN,LBR,_T,_T,_T,_Z,_Z,_Z,2003,A,YR,
70.996,P1Y,0,,A,PU,_Z,2,,,False,WB_WDI,WB_WDI_SP_DYN_LE00_IN,LBY,_T,_T,_T,_Z,_Z,_Z,2003,A,YR,
79.960976,P1Y,0,,A,PU,_Z,2,,,False,WB_WDI,WB_WDI_SP_DYN_LE00_IN,LIE,_T,_T,_T,_Z,_Z,_Z,2003,A,YR,
72.060976,P1Y,0,,A,PU,_Z,2,,,False,WB_WDI,WB_WDI_SP_DYN_LE00_IN,LTU,_T,_T,_T,_Z,_Z,_Z,2003,A,YR,
77.726829,P1Y,0,,A,PU,_Z,2,,,False,WB_WDI,WB_WDI_SP_DYN_LE00_IN,LUX,_T,_T,_T,_Z,_Z,_Z,2003,A,YR,
81.043902,P1Y,0,,A,PU,_Z,2,,,False,WB_WDI,WB_WDI_SP_DYN_LE00_IN,MAC,_T,_T,_T,_Z,_Z,_Z,2003,A,YR,
59.693,P1Y,0,,A,PU,_Z,2,,,False,WB_WDI,WB_WDI_SP_DYN_LE00_IN,MDG,_T,_T,_T,_Z,_Z,_Z,2003,A,YR,
49.601,P1Y,0,,A,PU,_Z,2,,,False,WB_WDI,WB_WDI_SP_DYN_LE00_IN,MWI,_T,_T,_T,_Z,_Z,_Z,2003,A,YR,
72.977,P1Y,0,,A,PU,_Z,2,,,False,WB_WDI,WB_WDI_SP_DYN_LE00_IN,JOR,_T,_T,_T,_Z,_Z,_Z,2005,A,YR,
65.356,P1Y,0,,A,PU,_Z,2,,,False,WB_WDI,WB_WDI_SP_DYN_LE00_IN,KAZ,_T,_T,_T,_Z,_Z,_Z,2005,A,YR,
58.51,P1Y,0,,A,PU,_Z,2,,,False,WB_WDI,WB_WDI_SP_DYN_LE00_IN,KEN,_T,_T,_T,_Z,_Z,_Z,2005,A,YR,
65.517,P1Y,0,,A,PU,_Z,2,,,False,WB_WDI,WB_WDI_SP_DYN_LE00_IN,KIR,_T,_T,_T,_Z,_Z,_Z,2005,A,YR,
69.168,P1Y,0,,A,PU,_Z,2,,,False,WB_WDI,WB_WDI_SP_DYN_LE00_IN,PRK,_T,_T,_T,_Z,_Z,_Z,2005,A,YR,
78.168293,P1Y,0,,A,PU,_Z,2,,,False,WB_WDI,WB_WDI_SP_DYN_LE00_IN,KOR,_T,_T,_T,_Z,_Z,_Z,2005,A,YR,
73.437,P1Y,0,,A,PU,_Z,2,,,False,WB_WDI,WB_WDI_SP_DYN_LE00_IN,XKX,_T,_T,_T,_Z,_Z,_Z,2005,A,YR,
76.80078,P1Y,0,,A,PU,_Z,2,,,False,WB_WDI,WB_WDI_SP_DYN_LE00_IN,KWT,_T,_T,_T,_Z,_Z,_Z,2005,A,YR,
67.956098,P1Y,0,,A,PU,_Z,2,,,False,WB_WDI,WB_WDI_SP_DYN_LE00_IN,KGZ,_T,_T,_T,_Z,_Z,_Z,2005,A,YR,
60.688,P1Y,0,,A,PU,_Z,2,,,False,WB_WDI,WB_WDI_SP_DYN_LE00_IN,LAO,_T,_T,_T,_Z,_Z,_Z,2005,A,YR,
71.356098,P1Y,0,,A,PU,_Z,2,,,False,WB_WDI,WB_WDI_SP_DYN_LE00_IN,LVA,_T,_T,_T,_Z,_Z,_Z,2005,A,YR,
76.074,P1Y,0,,A,PU,_Z,2,,,False,WB_WDI,WB_WDI_SP_DYN_LE00_IN,LBN,_T,_T,_T,_Z,_Z,_Z,2005,A,YR,
75.287805,P1Y,0,,A,PU,_Z,2,,,False,WB_WDI,WB_WDI_SP_DYN_LE00_IN,SRB,_T,_T,_T,_Z,_Z,_Z,2015,A,YR,
74.295122,P1Y,0,,A,PU,_Z,2,,,False,WB_WDI,WB_WDI_SP_DYN_LE00_IN,SYC,_T,_T,_T,_Z,_Z,_Z,2015,A,YR,
55.454,P1Y,0,,A,PU,_Z,2,,,False,WB_WDI,WB_WDI_SP_DYN_LE00_IN,SLE,_T,_T,_T,_Z,_Z,_Z,2015,A,YR,
82.743902,P1Y,0,,A,PU,_Z,2,,,False,WB_WDI,WB_WDI_SP_DYN_LE00_IN,SGP,_T,_T,_T,_Z,_Z,_Z,2015,A,YR,
75.899,P1Y,0,,A,PU,_Z,2,,,False,WB_WDI,WB_WDI_SP_DYN_LE00_IN,SXM,_T,_T,_T,_Z,_Z,_Z,2015,A,YR,
76.563415,P1Y,0,,A,PU,_Z,2,,,False,WB_WDI,WB_WDI_SP_DYN_LE00_IN,SVK,_T,_T,_T,_Z,_Z,_Z,2015,A,YR,
80.77561,P1Y,0,,A,PU,_Z,2,,,False,WB_WDI,WB_WDI_SP_DYN_LE00_IN,SVN,_T,_T,_T,_Z,_Z,_Z,2015,A,YR,
69.323,P1Y,0,,A,PU,_Z,2,,,False,WB_WDI,WB_WDI_SP_DYN_LE00_IN,SLB,_T,_T,_T,_Z,_Z,_Z,2015,A,YR,
55.056,P1Y,0,,A,PU,_Z,2,,,False,WB_WDI,WB_WDI_SP_DYN_LE00_IN,SOM,_T,_T,_T,_Z,_Z,_Z,2015,A,YR,
64.053,P1Y,0,,A,PU,_Z,2,,,False,WB_WDI,WB_WDI_SP_DYN_LE00_IN,ZAF,_T,_T,_T,_Z,_Z,_Z,2015,A,YR,
39.757,P1Y,0,,A,PU,_Z,2,,,False,WB_WDI,WB_WDI_SP_DYN_LE00_IN,SSD,_T,_T,_T,_Z,_Z,_Z,2015,A,YR,
82.831707,P1Y,0,,A,PU,_Z,2,,,False,WB_WDI,WB_WDI_SP_DYN_LE00_IN,ESP,_T,_T,_T,_Z,_Z,_Z,2015,A,YR,
76.4,P1Y,0,,A,PU,_Z,2,,,False,WB_WDI,WB_WDI_SP_DYN_LE00_IN,POL,_T,_T,_T,_Z,_Z,_Z,2020,A,YR,
81.329268,P1Y,0,,A,PU,_Z,2,,,False,WB_WDI,WB_WDI_SP_DYN_LE00_IN,PRT,_T,_T,_T,_Z,_Z,_Z,2020,A,YR,
80.009,P1Y,0,,A,PU,_Z,2,,,False,WB_WDI,WB_WDI_SP_DYN_LE00_IN,PRI,_T,_T,_T,_Z,_Z,_Z,2020,A,YR,
80.409,P1Y,0,,A,PU,_Z,2,,,False,WB_WDI,WB_WDI_SP_DYN_LE00_IN,QAT,_T,_T,_T,_Z,_Z,_Z,2020,A,YR,
74.253659,P1Y,0,,A,PU,_Z,2,,,False,WB_WDI,WB_WDI_SP_DYN_LE00_IN,ROU,_T,_T,_T,_Z,_Z,_Z,2020,A,YR,
71.33878,P1Y,0,,A,PU,_Z,2,,,False,WB_WDI,WB_WDI_SP_DYN_LE00_IN,RUS,_T,_T,_T,_Z,_Z,_Z,2020,A,YR,
66.953,P1Y,0,,A,PU,_Z,2,,,False,WB_WDI,WB_WDI_SP_DYN_LE00_IN,RWA,_T,_T,_T,_Z,_Z,_Z,2020,A,YR,
70.727,P1Y,0,,A,PU,_Z,2,,,False,WB_WDI,WB_WDI_SP_DYN_LE00_IN,WSM,_T,_T,_T,_Z,_Z,_Z,2020,A,YR,
82.65,P1Y,0,,A,PU,_Z,2,,,False,WB_WDI,WB_WDI_SP_DYN_LE00_IN,SMR,_T,_T,_T,_Z,_Z,_Z,2020,A,YR,
67.979,P1Y,0,,A,PU,_Z,2,,,False,WB_WDI,WB_WDI_SP_DYN_LE00_IN,STP,_T,_T,_T,_Z,_Z,_Z,2020,A,YR,
77.596,P1Y,0,,A,PU,_Z,2,,,False,WB_WDI,WB_WDI_SP_DYN_LE00_IN,SAU,_T,_T,_T,_Z,_Z,_Z,2020,A,YR,
67.496,P1Y,0,,A,PU,_Z,2,,,False,WB_WDI,WB_WDI_SP_DYN_LE00_IN,SEN,_T,_T,_T,_Z,_Z,_Z,2020,A,YR,
73.514634,P1Y,0,,A,PU,_Z,2,,,False,WB_WDI,WB_WDI_SP_DYN_LE00_IN,MUS,_T,_T,_T,_Z,_Z,_Z,2022,A,YR,
73.973,P1Y,0,,A,PU,_Z,2,,,False,WB_WDI,WB_WDI_SP_DYN_LE00_IN,MEX,_T,_T,_T,_Z,_Z,_Z,2022,A,YR,
66.961,P1Y,0,,A,PU,_Z,2,,,False,WB_WDI,WB_WDI_SP_DYN_LE00_IN,FSM,_T,_T,_T,_Z,_Z,_Z,2022,A,YR,
71.546,P1Y,0,,A,PU,_Z,2,,,False,WB_WDI,WB_WDI_SP_DYN_LE00_IN,MDA,_T,_T,_T,_Z,_Z,_Z,2022,A,YR,
85.746,P1Y,0,,A,PU,_Z,2,,,False,WB_WDI,WB_WDI_SP_DYN_LE00_IN,MCO,_T,_T,_T,_Z,_Z,_Z,2022,A,YR,
71.900732,P1Y,0,,A,PU,_Z,2,,,False,WB_WDI,WB_WDI_SP_DYN_LE00_IN,MNG,_T,_T,_T,_Z,_Z,_Z,2022,A,YR,
76.187805,P1Y,0,,A,PU,_Z,2,,,False,WB_WDI,WB_WDI_SP_DYN_LE00_IN,MNE,_T,_T,_T,_Z,_Z,_Z,2022,A,YR,
75.161,P1Y,0,,A,PU,_Z,2,,,False,WB_WDI,WB_WDI_SP_DYN_LE00_IN,MAR,_T,_T,_T,_Z,_Z,_Z,2022,A,YR,
63.011,P1Y,0,,A,PU,_Z,2,,,False,WB_WDI,WB_WDI_SP_DYN_LE00_IN,MOZ,_T,_T,_T,_Z,_Z,_Z,2022,A,YR,
66.506,P1Y,0,,A,PU,_Z,2,,,False,WB_WDI,WB_WDI_SP_DYN_LE00_IN,MMR,_T,_T,_T,_Z,_Z,_Z,2022,A,YR,
64.19,P1Y,0,,A,PU,_Z,2,,,False,WB_WDI,WB_WDI_SP_DYN_LE00_IN,NAM,_T,_T,_T,_Z,_Z,_Z,2022,A,YR,
61.93,P1Y,0,,A,PU,_Z,2,,,False,WB_WDI,WB_WDI_SP_DYN_LE00_IN,NRU,_T,_T,_T,_Z,_Z,_Z,2022,A,YR,
70.087,P1Y,0,,A,PU,_Z,2,,,False,WB_WDI,WB_WDI_SP_DYN_LE00_IN,NPL,_T,_T,_T,_Z,_Z,_Z,2022,A,YR,
68.558537,P1Y,0,,A,PU,_Z,2,,,False,WB_WDI,WB_WDI_SP_DYN_LE00_IN,KGZ,_T,_T,_T,_Z,_Z,_Z,2000,A,YR,
58.317,P1Y,0,,A,PU,_Z,2,,,False,WB_WDI,WB_WDI_SP_DYN_LE00_IN,LAO,_T,_T,_T,_Z,_Z,_Z,2000,A,YR,
70.314634,P1Y,0,,A,PU,_Z,2,,,False,WB_WDI,WB_WDI_SP_DYN_LE00_IN,LVA,_T,_T,_T,_Z,_Z,_Z,2000,A,YR,
73.895,P1Y,0,,A,PU,_Z,2,,,False,WB_WDI,WB_WDI_SP_DYN_LE00_IN,LBN,_T,_T,_T,_Z,_Z,_Z,2000,A,YR,
48.783,P1Y,0,,A,PU,_Z,2,,,False,WB_WDI,WB_WDI_SP_DYN_LE00_IN,LSO,_T,_T,_T,_Z,_Z,_Z,2000,A,YR,
51.852,P1Y,0,,A,PU,_Z,2,,,False,WB_WDI,WB_WDI_SP_DYN_LE00_IN,LBR,_T,_T,_T,_Z,_Z,_Z,2000,A,YR,
70.542,P1Y,0,,A,PU,_Z,2,,,False,WB_WDI,WB_WDI_SP_DYN_LE00_IN,LBY,_T,_T,_T,_Z,_Z,_Z,2000,A,YR,
76.826829,P1Y,0,,A,PU,_Z,2,,,False,WB_WDI,WB_WDI_SP_DYN_LE00_IN,LIE,_T,_T,_T,_Z,_Z,_Z,2000,A,YR,
72.019512,P1Y,0,,A,PU,_Z,2,,,False,WB_WDI,WB_WDI_SP_DYN_LE00_IN,LTU,_T,_T,_T,_Z,_Z,_Z,2000,A,YR,
77.873171,P1Y,0,,A,PU,_Z,2,,,False,WB_WDI,WB_WDI_SP_DYN_LE00_IN,LUX,_T,_T,_T,_Z,_Z,_Z,2000,A,YR,
80.182927,P1Y,0,,A,PU,_Z,2,,,False,WB_WDI,WB_WDI_SP_DYN_LE00_IN,MAC,_T,_T,_T,_Z,_Z,_Z,2000,A,YR,
57.974,P1Y,0,,A,PU,_Z,2,,,False,WB_WDI,WB_WDI_SP_DYN_LE00_IN,MDG,_T,_T,_T,_Z,_Z,_Z,2000,A,YR,
46.17,P1Y,0,,A,PU,_Z,2,,,False,WB_WDI,WB_WDI_SP_DYN_LE00_IN,MWI,_T,_T,_T,_Z,_Z,_Z,2000,A,YR,
75.958537,P1Y,0,,A,PU,_Z,2,,,False,WB_WDI,WB_WDI_SP_DYN_LE00_IN,SVK,_T,_T,_T,_Z,_Z,_Z,2011,A,YR,
79.970732,P1Y,0,,A,PU,_Z,2,,,False,WB_WDI,WB_WDI_SP_DYN_LE00_IN,SVN,_T,_T,_T,_Z,_Z,_Z,2011,A,YR,
68.824,P1Y,0,,A,PU,_Z,2,,,False,WB_WDI,WB_WDI_SP_DYN_LE00_IN,SLB,_T,_T,_T,_Z,_Z,_Z,2011,A,YR,
32.453,P1Y,0,,A,PU,_Z,2,,,False,WB_WDI,WB_WDI_SP_DYN_LE00_IN,SOM,_T,_T,_T,_Z,_Z,_Z,2011,A,YR,
60.602,P1Y,0,,A,PU,_Z,2,,,False,WB_WDI,WB_WDI_SP_DYN_LE00_IN,ZAF,_T,_T,_T,_Z,_Z,_Z,2011,A,YR,
57.674,P1Y,0,,A,PU,_Z,2,,,False,WB_WDI,WB_WDI_SP_DYN_LE00_IN,SSD,_T,_T,_T,_Z,_Z,_Z,2011,A,YR,
82.47561,P1Y,0,,A,PU,_Z,2,,,False,WB_WDI,WB_WDI_SP_DYN_LE00_IN,ESP,_T,_T,_T,_Z,_Z,_Z,2011,A,YR,
74.74,P1Y,0,,A,PU,_Z,2,,,False,WB_WDI,WB_WDI_SP_DYN_LE00_IN,LKA,_T,_T,_T,_Z,_Z,_Z,2011,A,YR,
71.4,P1Y,0,,A,PU,_Z,2,,,False,WB_WDI,WB_WDI_SP_DYN_LE00_IN,KNA,_T,_T,_T,_Z,_Z,_Z,2011,A,YR,
72.962,P1Y,0,,A,PU,_Z,2,,,False,WB_WDI,WB_WDI_SP_DYN_LE00_IN,LCA,_T,_T,_T,_Z,_Z,_Z,2011,A,YR,
79.016,P1Y,0,,A,PU,_Z,2,,,False,WB_WDI,WB_WDI_SP_DYN_LE00_IN,MAF,_T,_T,_T,_Z,_Z,_Z,2011,A,YR,
70.609,P1Y,0,,A,PU,_Z,2,,,False,WB_WDI,WB_WDI_SP_DYN_LE00_IN,VCT,_T,_T,_T,_Z,_Z,_Z,2011,A,YR,
63.181,P1Y,0,,A,PU,_Z,2,,,False,WB_WDI,WB_WDI_SP_DYN_LE00_IN,SDN,_T,_T,_T,_Z,_Z,_Z,2011,A,YR,
75.868293,P1Y,0,,A,PU,_Z,2,,,False,WB_WDI,WB_WDI_SP_DYN_LE00_IN,HUN,_T,_T,_T,_Z,_Z,_Z,2022,A,YR,
82.119512,P1Y,0,,A,PU,_Z,2,,,False,WB_WDI,WB_WDI_SP_DYN_LE00_IN,ISL,_T,_T,_T,_Z,_Z,_Z,2022,A,YR,
71.698,P1Y,0,,A,PU,_Z,2,,,False,WB_WDI,WB_WDI_SP_DYN_LE00_IN,IND,_T,_T,_T,_Z,_Z,_Z,2022,A,YR,
70.925,P1Y,0,,A,PU,_Z,2,,,False,WB_WDI,WB_WDI_SP_DYN_LE00_IN,IDN,_T,_T,_T,_Z,_Z,_Z,2022,A,YR,
76.799,P1Y,0,,A,PU,_Z,2,,,False,WB_WDI,WB_WDI_SP_DYN_LE00_IN,IRN,_T,_T,_T,_Z,_Z,_Z,2022,A,YR,
72.037,P1Y,0,,A,PU,_Z,2,,,False,WB_WDI,WB_WDI_SP_DYN_LE00_IN,IRQ,_T,_T,_T,_Z,_Z,_Z,2022,A,YR,
82.509756,P1Y,0,,A,PU,_Z,2,,,False,WB_WDI,WB_WDI_SP_DYN_LE00_IN,IRL,_T,_T,_T,_Z,_Z,_Z,2022,A,YR,
80.956,P1Y,0,,A,PU,_Z,2,,,False,WB_WDI,WB_WDI_SP_DYN_LE00_IN,IMN,_T,_T,_T,_Z,_Z,_Z,2022,A,YR,
82.7,P1Y,0,,A,PU,_Z,2,,,False,WB_WDI,WB_WDI_SP_DYN_LE00_IN,ISR,_T,_T,_T,_Z,_Z,_Z,2022,A,YR,
82.7,P1Y,0,,A,PU,_Z,2,,,False,WB_WDI,WB_WDI_SP_DYN_LE00_IN,ITA,_T,_T,_T,_Z,_Z,_Z,2022,A,YR,
71.481,P1Y,0,,A,PU,_Z,2,,,False,WB_WDI,WB_WDI_SP_DYN_LE00_IN,JAM,_T,_T,_T,_Z,_Z,_Z,2022,A,YR,
83.996341,P1Y,0,,A,PU,_Z,2,,,False,WB_WDI,WB_WDI_SP_DYN_LE00_IN,JPN,_T,_T,_T,_Z,_Z,_Z,2022,A,YR,
77.088,P1Y,0,,A,PU,_Z,2,,,False,WB_WDI,WB_WDI_SP_DYN_LE00_IN,JOR,_T,_T,_T,_Z,_Z,_Z,2022,A,YR,
75.20426,P1Y,0,,A,PU,_Z,2,,,False,WB_WDI,WB_WDI_SP_DYN_LE00_IN,LCN,_T,_T,_T,_Z,_Z,_Z,2019,A,YR,
74.941541,P1Y,0,,A,PU,_Z,2,,,False,WB_WDI,WB_WDI_SP_DYN_LE00_IN,LAC,_T,_T,_T,_Z,_Z,_Z,2019,A,YR,
75.131971,P1Y,0,,A,PU,_Z,2,,,False,WB_WDI,WB_WDI_SP_DYN_LE00_IN,TLA,_T,_T,_T,_Z,_Z,_Z,2019,A,YR,
64.975621,P1Y,0,,A,PU,_Z,2,,,False,WB_WDI,WB_WDI_SP_DYN_LE00_IN,LDC,_T,_T,_T,_Z,_Z,_Z,2019,A,YR,
71.275194,P1Y,0,,A,PU,_Z,2,,,False,WB_WDI,WB_WDI_SP_DYN_LE00_IN,LMY,_T,_T,_T,_Z,_Z,_Z,2019,A,YR,
63.342364,P1Y,0,,A,PU,_Z,2,,,False,WB_WDI,WB_WDI_SP_DYN_LE00_IN,LIC,_T,_T,_T,_Z,_Z,_Z,2019,A,YR,
68.236284,P1Y,0,,A,PU,_Z,2,,,False,WB_WDI,WB_WDI_SP_DYN_LE00_IN,LMC,_T,_T,_T,_Z,_Z,_Z,2019,A,YR,
71.24387,P1Y,0,,A,PU,_Z,2,,,False,WB_WDI,WB_WDI_SP_DYN_LE00_IN,MEA,_T,_T,_T,_Z,_Z,_Z,2019,A,YR,
70.417485,P1Y,0,,A,PU,_Z,2,,,False,WB_WDI,WB_WDI_SP_DYN_LE00_IN,MNA,_T,_T,_T,_Z,_Z,_Z,2019,A,YR,
70.380092,P1Y,0,,A,PU,_Z,2,,,False,WB_WDI,WB_WDI_SP_DYN_LE00_IN,TMN,_T,_T,_T,_Z,_Z,_Z,2019,A,YR,
72.177391,P1Y,0,,A,PU,_Z,2,,,False,WB_WDI,WB_WDI_SP_DYN_LE00_IN,MIC,_T,_T,_T,_Z,_Z,_Z,2019,A,YR,
79.13289,P1Y,0,,A,PU,_Z,2,,,False,WB_WDI,WB_WDI_SP_DYN_LE00_IN,NAC,_T,_T,_T,_Z,_Z,_Z,2019,A,YR,
80.244922,P1Y,0,,A,PU,_Z,2,,,False,WB_WDI,WB_WDI_SP_DYN_LE00_IN,OED,_T,_T,_T,_Z,_Z,_Z,2019,A,YR,
76.563,P1Y,0,,A,PU,_Z,2,,,False,WB_WDI,WB_WDI_SP_DYN_LE00_IN,THA,_T,_T,_T,_Z,_Z,_Z,2015,A,YR,
65.326,P1Y,0,,A,PU,_Z,2,,,False,WB_WDI,WB_WDI_SP_DYN_LE00_IN,TLS,_T,_T,_T,_Z,_Z,_Z,2015,A,YR,
59.23,P1Y,0,,A,PU,_Z,2,,,False,WB_WDI,WB_WDI_SP_DYN_LE00_IN,TGO,_T,_T,_T,_Z,_Z,_Z,2015,A,YR,
71.851,P1Y,0,,A,PU,_Z,2,,,False,WB_WDI,WB_WDI_SP_DYN_LE00_IN,TON,_T,_T,_T,_Z,_Z,_Z,2015,A,YR,
72.882,P1Y,0,,A,PU,_Z,2,,,False,WB_WDI,WB_WDI_SP_DYN_LE00_IN,TTO,_T,_T,_T,_Z,_Z,_Z,2015,A,YR,
74.875,P1Y,0,,A,PU,_Z,2,,,False,WB_WDI,WB_WDI_SP_DYN_LE00_IN,TUN,_T,_T,_T,_Z,_Z,_Z,2015,A,YR,
76.539,P1Y,0,,A,PU,_Z,2,,,False,WB_WDI,WB_WDI_SP_DYN_LE00_IN,TUR,_T,_T,_T,_Z,_Z,_Z,2015,A,YR,
69.061,P1Y,0,,A,PU,_Z,2,,,False,WB_WDI,WB_WDI_SP_DYN_LE00_IN,TKM,_T,_T,_T,_Z,_Z,_Z,2015,A,YR,
77.321,P1Y,0,,A,PU,_Z,2,,,False,WB_WDI,WB_WDI_SP_DYN_LE00_IN,TCA,_T,_T,_T,_Z,_Z,_Z,2015,A,YR,
65.365,P1Y,0,,A,PU,_Z,2,,,False,WB_WDI,WB_WDI_SP_DYN_LE00_IN,TUV,_T,_T,_T,_Z,_Z,_Z,2015,A,YR,
63.831,P1Y,0,,A,PU,_Z,2,,,False,WB_WDI,WB_WDI_SP_DYN_LE00_IN,UGA,_T,_T,_T,_Z,_Z,_Z,2015,A,YR,
63.662,P1Y,0,,A,PU,_Z,2,,,False,WB_WDI,WB_WDI_SP_DYN_LE00_IN,COG,_T,_T,_T,_Z,_Z,_Z,2015,A,YR,
80.407,P1Y,0,,A,PU,_Z,2,,,False,WB_WDI,WB_WDI_SP_DYN_LE00_IN,CRI,_T,_T,_T,_Z,_Z,_Z,2015,A,YR,
58.281,P1Y,0,,A,PU,_Z,2,,,False,WB_WDI,WB_WDI_SP_DYN_LE00_IN,CIV,_T,_T,_T,_Z,_Z,_Z,2015,A,YR,
77.27561,P1Y,0,,A,PU,_Z,2,,,False,WB_WDI,WB_WDI_SP_DYN_LE00_IN,HRV,_T,_T,_T,_Z,_Z,_Z,2015,A,YR,
77.745,P1Y,0,,A,PU,_Z,2,,,False,WB_WDI,WB_WDI_SP_DYN_LE00_IN,CUB,_T,_T,_T,_Z,_Z,_Z,2015,A,YR,
76.482,P1Y,0,,A,PU,_Z,2,,,False,WB_WDI,WB_WDI_SP_DYN_LE00_IN,CUW,_T,_T,_T,_Z,_Z,_Z,2015,A,YR,
81.464,P1Y,0,,A,PU,_Z,2,,,False,WB_WDI,WB_WDI_SP_DYN_LE00_IN,CYP,_T,_T,_T,_Z,_Z,_Z,2015,A,YR,
78.578049,P1Y,0,,A,PU,_Z,2,,,False,WB_WDI,WB_WDI_SP_DYN_LE00_IN,CZE,_T,_T,_T,_Z,_Z,_Z,2015,A,YR,
80.702439,P1Y,0,,A,PU,_Z,2,,,False,WB_WDI,WB_WDI_SP_DYN_LE00_IN,DNK,_T,_T,_T,_Z,_Z,_Z,2015,A,YR,
62.833,P1Y,0,,A,PU,_Z,2,,,False,WB_WDI,WB_WDI_SP_DYN_LE00_IN,DJI,_T,_T,_T,_Z,_Z,_Z,2015,A,YR,
69.968,P1Y,0,,A,PU,_Z,2,,,False,WB_WDI,WB_WDI_SP_DYN_LE00_IN,DMA,_T,_T,_T,_Z,_Z,_Z,2015,A,YR,
65.529756,P1Y,0,,A,PU,_Z,2,,,False,WB_WDI,WB_WDI_SP_DYN_LE00_IN,RUS,_T,_T,_T,_Z,_Z,_Z,2005,A,YR,
56.968,P1Y,0,,A,PU,_Z,2,,,False,WB_WDI,WB_WDI_SP_DYN_LE00_IN,RWA,_T,_T,_T,_Z,_Z,_Z,2005,A,YR,
71.487,P1Y,0,,A,PU,_Z,2,,,False,WB_WDI,WB_WDI_SP_DYN_LE00_IN,WSM,_T,_T,_T,_Z,_Z,_Z,2005,A,YR,
81.926,P1Y,0,,A,PU,_Z,2,,,False,WB_WDI,WB_WDI_SP_DYN_LE00_IN,SMR,_T,_T,_T,_Z,_Z,_Z,2005,A,YR,
62.434,P1Y,0,,A,PU,_Z,2,,,False,WB_WDI,WB_WDI_SP_DYN_LE00_IN,STP,_T,_T,_T,_Z,_Z,_Z,2005,A,YR,
74.4,P1Y,0,,A,PU,_Z,2,,,False,WB_WDI,WB_WDI_SP_DYN_LE00_IN,SAU,_T,_T,_T,_Z,_Z,_Z,2005,A,YR,
60.98,P1Y,0,,A,PU,_Z,2,,,False,WB_WDI,WB_WDI_SP_DYN_LE00_IN,SEN,_T,_T,_T,_Z,_Z,_Z,2005,A,YR,
72.834146,P1Y,0,,A,PU,_Z,2,,,False,WB_WDI,WB_WDI_SP_DYN_LE00_IN,SRB,_T,_T,_T,_Z,_Z,_Z,2005,A,YR,
72.131707,P1Y,0,,A,PU,_Z,2,,,False,WB_WDI,WB_WDI_SP_DYN_LE00_IN,SYC,_T,_T,_T,_Z,_Z,_Z,2005,A,YR,
48.306,P1Y,0,,A,PU,_Z,2,,,False,WB_WDI,WB_WDI_SP_DYN_LE00_IN,SLE,_T,_T,_T,_Z,_Z,_Z,2005,A,YR,
79.990244,P1Y,0,,A,PU,_Z,2,,,False,WB_WDI,WB_WDI_SP_DYN_LE00_IN,SGP,_T,_T,_T,_Z,_Z,_Z,2005,A,YR,
74.681,P1Y,0,,A,PU,_Z,2,,,False,WB_WDI,WB_WDI_SP_DYN_LE00_IN,SXM,_T,_T,_T,_Z,_Z,_Z,2005,A,YR,
73.904878,P1Y,0,,A,PU,_Z,2,,,False,WB_WDI,WB_WDI_SP_DYN_LE00_IN,SVK,_T,_T,_T,_Z,_Z,_Z,2005,A,YR,
77.612195,P1Y,0,,A,PU,_Z,2,,,False,WB_WDI,WB_WDI_SP_DYN_LE00_IN,SVN,_T,_T,_T,_Z,_Z,_Z,2005,A,YR,
66.879,P1Y,0,,A,PU,_Z,2,,,False,WB_WDI,WB_WDI_SP_DYN_LE00_IN,TZA,_T,_T,_T,_Z,_Z,_Z,2022,A,YR,
75.291,P1Y,0,,A,PU,_Z,2,,,False,WB_WDI,WB_WDI_SP_DYN_LE00_IN,THA,_T,_T,_T,_Z,_Z,_Z,2022,A,YR,
67.368,P1Y,0,,A,PU,_Z,2,,,False,WB_WDI,WB_WDI_SP_DYN_LE00_IN,TLS,_T,_T,_T,_Z,_Z,_Z,2022,A,YR,
62.292,P1Y,0,,A,PU,_Z,2,,,False,WB_WDI,WB_WDI_SP_DYN_LE00_IN,TGO,_T,_T,_T,_Z,_Z,_Z,2022,A,YR,
72.635,P1Y,0,,A,PU,_Z,2,,,False,WB_WDI,WB_WDI_SP_DYN_LE00_IN,TON,_T,_T,_T,_Z,_Z,_Z,2022,A,YR,
73.331,P1Y,0,,A,PU,_Z,2,,,False,WB_WDI,WB_WDI_SP_DYN_LE00_IN,TTO,_T,_T,_T,_Z,_Z,_Z,2022,A,YR,
76.05,P1Y,0,,A,PU,_Z,2,,,False,WB_WDI,WB_WDI_SP_DYN_LE00_IN,TUN,_T,_T,_T,_Z,_Z,_Z,2022,A,YR,
77.591,P1Y,0,,A,PU,_Z,2,,,False,WB_WDI,WB_WDI_SP_DYN_LE00_IN,TUR,_T,_T,_T,_Z,_Z,_Z,2022,A,YR,
69.913,P1Y,0,,A,PU,_Z,2,,,False,WB_WDI,WB_WDI_SP_DYN_LE00_IN,TKM,_T,_T,_T,_Z,_Z,_Z,2022,A,YR,
77.918,P1Y,0,,A,PU,_Z,2,,,False,WB_WDI,WB_WDI_SP_DYN_LE00_IN,TCA,_T,_T,_T,_Z,_Z,_Z,2022,A,YR,
66.852,P1Y,0,,A,PU,_Z,2,,,False,WB_WDI,WB_WDI_SP_DYN_LE00_IN,TUV,_T,_T,_T,_Z,_Z,_Z,2022,A,YR,
67.675,P1Y,0,,A,PU,_Z,2,,,False,WB_WDI,WB_WDI_SP_DYN_LE00_IN,UGA,_T,_T,_T,_Z,_Z,_Z,2022,A,YR,
72.658,P1Y,0,,A,PU,_Z,2,,,False,WB_WDI,WB_WDI_SP_DYN_LE00_IN,UKR,_T,_T,_T,_Z,_Z,_Z,2022,A,YR,
49.49,P1Y,0,,A,PU,_Z,2,,,False,WB_WDI,WB_WDI_SP_DYN_LE00_IN,RWA,_T,_T,_T,_Z,_Z,_Z,2001,A,YR,
71.028,P1Y,0,,A,PU,_Z,2,,,False,WB_WDI,WB_WDI_SP_DYN_LE00_IN,WSM,_T,_T,_T,_Z,_Z,_Z,2001,A,YR,
80.803,P1Y,0,,A,PU,_Z,2,,,False,WB_WDI,WB_WDI_SP_DYN_LE00_IN,SMR,_T,_T,_T,_Z,_Z,_Z,2001,A,YR,
61.5,P1Y,0,,A,PU,_Z,2,,,False,WB_WDI,WB_WDI_SP_DYN_LE00_IN,STP,_T,_T,_T,_Z,_Z,_Z,2001,A,YR,
72.951,P1Y,0,,A,PU,_Z,2,,,False,WB_WDI,WB_WDI_SP_DYN_LE00_IN,SAU,_T,_T,_T,_Z,_Z,_Z,2001,A,YR,
58.158,P1Y,0,,A,PU,_Z,2,,,False,WB_WDI,WB_WDI_SP_DYN_LE00_IN,SEN,_T,_T,_T,_Z,_Z,_Z,2001,A,YR,
72.234146,P1Y,0,,A,PU,_Z,2,,,False,WB_WDI,WB_WDI_SP_DYN_LE00_IN,SRB,_T,_T,_T,_Z,_Z,_Z,2001,A,YR,
73.253659,P1Y,0,,A,PU,_Z,2,,,False,WB_WDI,WB_WDI_SP_DYN_LE00_IN,SYC,_T,_T,_T,_Z,_Z,_Z,2001,A,YR,
45.448,P1Y,0,,A,PU,_Z,2,,,False,WB_WDI,WB_WDI_SP_DYN_LE00_IN,SLE,_T,_T,_T,_Z,_Z,_Z,2001,A,YR,
78.25122,P1Y,0,,A,PU,_Z,2,,,False,WB_WDI,WB_WDI_SP_DYN_LE00_IN,SGP,_T,_T,_T,_Z,_Z,_Z,2001,A,YR,
74.525,P1Y,0,,A,PU,_Z,2,,,False,WB_WDI,WB_WDI_SP_DYN_LE00_IN,SXM,_T,_T,_T,_Z,_Z,_Z,2001,A,YR,
73.402439,P1Y,0,,A,PU,_Z,2,,,False,WB_WDI,WB_WDI_SP_DYN_LE00_IN,SVK,_T,_T,_T,_Z,_Z,_Z,2001,A,YR,
75.758537,P1Y,0,,A,PU,_Z,2,,,False,WB_WDI,WB_WDI_SP_DYN_LE00_IN,SVN,_T,_T,_T,_Z,_Z,_Z,2001,A,YR,
67.237,P1Y,0,,A,PU,_Z,2,,,False,WB_WDI,WB_WDI_SP_DYN_LE00_IN,SLB,_T,_T,_T,_Z,_Z,_Z,2001,A,YR,
50.829,P1Y,0,,A,PU,_Z,2,,,False,WB_WDI,WB_WDI_SP_DYN_LE00_IN,SOM,_T,_T,_T,_Z,_Z,_Z,2001,A,YR,
57.161,P1Y,0,,A,PU,_Z,2,,,False,WB_WDI,WB_WDI_SP_DYN_LE00_IN,ZAF,_T,_T,_T,_Z,_Z,_Z,2001,A,YR,
79.119512,P1Y,0,,A,PU,_Z,2,,,False,WB_WDI,WB_WDI_SP_DYN_LE00_IN,KOR,_T,_T,_T,_Z,_Z,_Z,2007,A,YR,
74.422,P1Y,0,,A,PU,_Z,2,,,False,WB_WDI,WB_WDI_SP_DYN_LE00_IN,XKX,_T,_T,_T,_Z,_Z,_Z,2007,A,YR,
77.010171,P1Y,0,,A,PU,_Z,2,,,False,WB_WDI,WB_WDI_SP_DYN_LE00_IN,KWT,_T,_T,_T,_Z,_Z,_Z,2007,A,YR,
67.895122,P1Y,0,,A,PU,_Z,2,,,False,WB_WDI,WB_WDI_SP_DYN_LE00_IN,KGZ,_T,_T,_T,_Z,_Z,_Z,2007,A,YR,
61.694,P1Y,0,,A,PU,_Z,2,,,False,WB_WDI,WB_WDI_SP_DYN_LE00_IN,LAO,_T,_T,_T,_Z,_Z,_Z,2007,A,YR,
71.019512,P1Y,0,,A,PU,_Z,2,,,False,WB_WDI,WB_WDI_SP_DYN_LE00_IN,LVA,_T,_T,_T,_Z,_Z,_Z,2007,A,YR,
76.732,P1Y,0,,A,PU,_Z,2,,,False,WB_WDI,WB_WDI_SP_DYN_LE00_IN,LBN,_T,_T,_T,_Z,_Z,_Z,2007,A,YR,
43.66,P1Y,0,,A,PU,_Z,2,,,False,WB_WDI,WB_WDI_SP_DYN_LE00_IN,LSO,_T,_T,_T,_Z,_Z,_Z,2007,A,YR,
58.147,P1Y,0,,A,PU,_Z,2,,,False,WB_WDI,WB_WDI_SP_DYN_LE00_IN,LBR,_T,_T,_T,_Z,_Z,_Z,2007,A,YR,
71.788,P1Y,0,,A,PU,_Z,2,,,False,WB_WDI,WB_WDI_SP_DYN_LE00_IN,LBY,_T,_T,_T,_Z,_Z,_Z,2007,A,YR,
81.295122,P1Y,0,,A,PU,_Z,2,,,False,WB_WDI,WB_WDI_SP_DYN_LE00_IN,LIE,_T,_T,_T,_Z,_Z,_Z,2007,A,YR,
70.9,P1Y,0,,A,PU,_Z,2,,,False,WB_WDI,WB_WDI_SP_DYN_LE00_IN,LTU,_T,_T,_T,_Z,_Z,_Z,2007,A,YR,
79.382927,P1Y,0,,A,PU,_Z,2,,,False,WB_WDI,WB_WDI_SP_DYN_LE00_IN,LUX,_T,_T,_T,_Z,_Z,_Z,2007,A,YR,
80.608049,P1Y,0,,A,PU,_Z,2,,,False,WB_WDI,WB_WDI_SP_DYN_LE00_IN,DEU,_T,_T,_T,_Z,_Z,_Z,2022,A,YR,
65.246,P1Y,0,,A,PU,_Z,2,,,False,WB_WDI,WB_WDI_SP_DYN_LE00_IN,GHA,_T,_T,_T,_Z,_Z,_Z,2022,A,YR,
83.517,P1Y,0,,A,PU,_Z,2,,,False,WB_WDI,WB_WDI_SP_DYN_LE00_IN,GIB,_T,_T,_T,_Z,_Z,_Z,2022,A,YR,
80.787805,P1Y,0,,A,PU,_Z,2,,,False,WB_WDI,WB_WDI_SP_DYN_LE00_IN,GRC,_T,_T,_T,_Z,_Z,_Z,2022,A,YR,
71.230244,P1Y,0,,A,PU,_Z,2,,,False,WB_WDI,WB_WDI_SP_DYN_LE00_IN,GRL,_T,_T,_T,_Z,_Z,_Z,2022,A,YR,
75.151,P1Y,0,,A,PU,_Z,2,,,False,WB_WDI,WB_WDI_SP_DYN_LE00_IN,GRD,_T,_T,_T,_Z,_Z,_Z,2022,A,YR,
77.102,P1Y,0,,A,PU,_Z,2,,,False,WB_WDI,WB_WDI_SP_DYN_LE00_IN,GUM,_T,_T,_T,_Z,_Z,_Z,2022,A,YR,
71.206,P1Y,0,,A,PU,_Z,2,,,False,WB_WDI,WB_WDI_SP_DYN_LE00_IN,GTM,_T,_T,_T,_Z,_Z,_Z,2022,A,YR,
60.432,P1Y,0,,A,PU,_Z,2,,,False,WB_WDI,WB_WDI_SP_DYN_LE00_IN,GIN,_T,_T,_T,_Z,_Z,_Z,2022,A,YR,
63.605,P1Y,0,,A,PU,_Z,2,,,False,WB_WDI,WB_WDI_SP_DYN_LE00_IN,GNB,_T,_T,_T,_Z,_Z,_Z,2022,A,YR,
69.888,P1Y,0,,A,PU,_Z,2,,,False,WB_WDI,WB_WDI_SP_DYN_LE00_IN,GUY,_T,_T,_T,_Z,_Z,_Z,2022,A,YR,
63.948,P1Y,0,,A,PU,_Z,2,,,False,WB_WDI,WB_WDI_SP_DYN_LE00_IN,HTI,_T,_T,_T,_Z,_Z,_Z,2022,A,YR,
72.715,P1Y,0,,A,PU,_Z,2,,,False,WB_WDI,WB_WDI_SP_DYN_LE00_IN,HND,_T,_T,_T,_Z,_Z,_Z,2022,A,YR,
83.660976,P1Y,0,,A,PU,_Z,2,,,False,WB_WDI,WB_WDI_SP_DYN_LE00_IN,HKG,_T,_T,_T,_Z,_Z,_Z,2022,A,YR,
65.454,P1Y,0,,A,PU,_Z,2,,,False,WB_WDI,WB_WDI_SP_DYN_LE00_IN,ZAF,_T,_T,_T,_Z,_Z,_Z,2022,A,YR,
57.203,P1Y,0,,A,PU,_Z,2,,,False,WB_WDI,WB_WDI_SP_DYN_LE00_IN,SSD,_T,_T,_T,_Z,_Z,_Z,2022,A,YR,
83.134146,P1Y,0,,A,PU,_Z,2,,,False,WB_WDI,WB_WDI_SP_DYN_LE00_IN,ESP,_T,_T,_T,_Z,_Z,_Z,2022,A,YR,
77.3,P1Y,0,,A,PU,_Z,2,,,False,WB_WDI,WB_WDI_SP_DYN_LE00_IN,LKA,_T,_T,_T,_Z,_Z,_Z,2022,A,YR,
70.313,P1Y,0,,A,PU,_Z,2,,,False,WB_WDI,WB_WDI_SP_DYN_LE00_IN,KNA,_T,_T,_T,_Z,_Z,_Z,2022,A,YR,
72.67,P1Y,0,,A,PU,_Z,2,,,False,WB_WDI,WB_WDI_SP_DYN_LE00_IN,LCA,_T,_T,_T,_Z,_Z,_Z,2022,A,YR,
80.236,P1Y,0,,A,PU,_Z,2,,,False,WB_WDI,WB_WDI_SP_DYN_LE00_IN,MAF,_T,_T,_T,_Z,_Z,_Z,2022,A,YR,
71.191,P1Y,0,,A,PU,_Z,2,,,False,WB_WDI,WB_WDI_SP_DYN_LE00_IN,VCT,_T,_T,_T,_Z,_Z,_Z,2022,A,YR,
65.695,P1Y,0,,A,PU,_Z,2,,,False,WB_WDI,WB_WDI_SP_DYN_LE00_IN,SDN,_T,_T,_T,_Z,_Z,_Z,2022,A,YR,
73.254,P1Y,0,,A,PU,_Z,2,,,False,WB_WDI,WB_WDI_SP_DYN_LE00_IN,SUR,_T,_T,_T,_Z,_Z,_Z,2022,A,YR,
83.058537,P1Y,0,,A,PU,_Z,2,,,False,WB_WDI,WB_WDI_SP_DYN_LE00_IN,SWE,_T,_T,_T,_Z,_Z,_Z,2022,A,YR,
83.604878,P1Y,0,,A,PU,_Z,2,,,False,WB_WDI,WB_WDI_SP_DYN_LE00_IN,CHE,_T,_T,_T,_Z,_Z,_Z,2022,A,YR,
72.79,P1Y,0,,A,PU,_Z,2,,,False,WB_WDI,WB_WDI_SP_DYN_LE00_IN,SYR,_T,_T,_T,_Z,_Z,_Z,2022,A,YR,
71.562,P1Y,0,,A,PU,_Z,2,,,False,WB_WDI,WB_WDI_SP_DYN_LE00_IN,TJK,_T,_T,_T,_Z,_Z,_Z,2022,A,YR,
81.2,P1Y,0,,A,PU,_Z,2,,,True,WB_WDI,WB_WDI_SP_DYN_LE00_IN,CHI,_T,_T,_T,_Z,_Z,_Z,2024,A,YR,
81.359,P1Y,0,,A,PU,_Z,2,,,True,WB_WDI,WB_WDI_SP_DYN_LE00_IN,CHL,_T,_T,_T,_Z,_Z,_Z,2024,A,YR,
78.017,P1Y,0,,A,PU,_Z,2,,,True,WB_WDI,WB_WDI_SP_DYN_LE00_IN,CHN,_T,_T,_T,_Z,_Z,_Z,2024,A,YR,
77.913,P1Y,0,,A,PU,_Z,2,,,True,WB_WDI,WB_WDI_SP_DYN_LE00_IN,COL,_T,_T,_T,_Z,_Z,_Z,2024,A,YR,
67.023,P1Y,0,,A,PU,_Z,2,,,True,WB_WDI,WB_WDI_SP_DYN_LE00_IN,COM,_T,_T,_T,_Z,_Z,_Z,2024,A,YR,
62.074,P1Y,0,,A,PU,_Z,2,,,True,WB_WDI,WB_WDI_SP_DYN_LE00_IN,COD,_T,_T,_T,_Z,_Z,_Z,2024,A,YR,
66.001,P1Y,0,,A,PU,_Z,2,,,True,WB_WDI,WB_WDI_SP_DYN_LE00_IN,COG,_T,_T,_T,_Z,_Z,_Z,2024,A,YR,
80.996,P1Y,0,,A,PU,_Z,2,,,True,WB_WDI,WB_WDI_SP_DYN_LE00_IN,CRI,_T,_T,_T,_Z,_Z,_Z,2024,A,YR,
62.11,P1Y,0,,A,PU,_Z,2,,,True,WB_WDI,WB_WDI_SP_DYN_LE00_IN,CIV,_T,_T,_T,_Z,_Z,_Z,2024,A,YR,
78.929268,P1Y,0,,A,PU,_Z,2,,,True,WB_WDI,WB_WDI_SP_DYN_LE00_IN,HRV,_T,_T,_T,_Z,_Z,_Z,2024,A,YR,
78.264,P1Y,0,,A,PU,_Z,2,,,True,WB_WDI,WB_WDI_SP_DYN_LE00_IN,CUB,_T,_T,_T,_Z,_Z,_Z,2024,A,YR,
76.989,P1Y,0,,A,PU,_Z,2,,,True,WB_WDI,WB_WDI_SP_DYN_LE00_IN,CUW,_T,_T,_T,_Z,_Z,_Z,2024,A,YR,
81.821,P1Y,0,,A,PU,_Z,2,,,True,WB_WDI,WB_WDI_SP_DYN_LE00_IN,CYP,_T,_T,_T,_Z,_Z,_Z,2024,A,YR,
79.978049,P1Y,0,,A,PU,_Z,2,,,True,WB_WDI,WB_WDI_SP_DYN_LE00_IN,CZE,_T,_T,_T,_Z,_Z,_Z,2024,A,YR,
82.253659,P1Y,0,,A,PU,_Z,2,,,True,WB_WDI,WB_WDI_SP_DYN_LE00_IN,DNK,_T,_T,_T,_Z,_Z,_Z,2024,A,YR,
66.202,P1Y,0,,A,PU,_Z,2,,,True,WB_WDI,WB_WDI_SP_DYN_LE00_IN,DJI,_T,_T,_T,_Z,_Z,_Z,2024,A,YR,
71.294,P1Y,0,,A,PU,_Z,2,,,True,WB_WDI,WB_WDI_SP_DYN_LE00_IN,DMA,_T,_T,_T,_Z,_Z,_Z,2024,A,YR,
62.935,P1Y,0,,A,PU,_Z,2,,,True,WB_WDI,WB_WDI_SP_DYN_LE00_IN,TGO,_T,_T,_T,_Z,_Z,_Z,2024,A,YR,
73.07,P1Y,0,,A,PU,_Z,2,,,True,WB_WDI,WB_WDI_SP_DYN_LE00_IN,TON,_T,_T,_T,_Z,_Z,_Z,2024,A,YR,
73.617,P1Y,0,,A,PU,_Z,2,,,True,WB_WDI,WB_WDI_SP_DYN_LE00_IN,TTO,_T,_T,_T,_Z,_Z,_Z,2024,A,YR,
76.711,P1Y,0,,A,PU,_Z,2,,,True,WB_WDI,WB_WDI_SP_DYN_LE00_IN,TUN,_T,_T,_T,_Z,_Z,_Z,2024,A,YR,
77.421,P1Y,0,,A,PU,_Z,2,,,True,WB_WDI,WB_WDI_SP_DYN_LE00_IN,TUR,_T,_T,_T,_Z,_Z,_Z,2024,A,YR,
70.201,P1Y,0,,A,PU,_Z,2,,,True,WB_WDI,WB_WDI_SP_DYN_LE00_IN,TKM,_T,_T,_T,_Z,_Z,_Z,2024,A,YR,
78.181,P1Y,0,,A,PU,_Z,2,,,True,WB_WDI,WB_WDI_SP_DYN_LE00_IN,TCA,_T,_T,_T,_Z,_Z,_Z,2024,A,YR,
67.259,P1Y,0,,A,PU,_Z,2,,,True,WB_WDI,WB_WDI_SP_DYN_LE00_IN,TUV,_T,_T,_T,_Z,_Z,_Z,2024,A,YR,
68.487,P1Y,0,,A,PU,_Z,2,,,True,WB_WDI,WB_WDI_SP_DYN_LE00_IN,UGA,_T,_T,_T,_Z,_Z,_Z,2024,A,YR,
74.692,P1Y,0,,A,PU,_Z,2,,,True,WB_WDI,WB_WDI_SP_DYN_LE00_IN,UKR,_T,_T,_T,_Z,_Z,_Z,2024,A,YR,
83.069,P1Y,0,,A,PU,_Z,2,,,True,WB_WDI,WB_WDI_SP_DYN_LE00_IN,ARE,_T,_T,_T,_Z,_Z,_Z,2024,A,YR,
81.386854,P1Y,0,,A,PU,_Z,2,,,True,WB_WDI,WB_WDI_SP_DYN_LE00_IN,GBR,_T,_T,_T,_Z,_Z,_Z,2024,A,YR,
78.890244,P1Y,0,,A,PU,_Z,2,,,True,WB_WDI,WB_WDI_SP_DYN_LE00_IN,USA,_T,_T,_T,_Z,_Z,_Z,2024,A,YR,
78.287,P1Y,0,,A,PU,_Z,2,,,True,WB_WDI,WB_WDI_SP_DYN_LE00_IN,URY,_T,_T,_T,_Z,_Z,_Z,2024,A,YR,
72.528,P1Y,0,,A,PU,_Z,2,,,True,WB_WDI,WB_WDI_SP_DYN_LE00_IN,UZB,_T,_T,_T,_Z,_Z,_Z,2024,A,YR,
71.654,P1Y,0,,A,PU,_Z,2,,,True,WB_WDI,WB_WDI_SP_DYN_LE00_IN,VUT,_T,_T,_T,_Z,_Z,_Z,2024,A,YR,
72.673,P1Y,0,,A,PU,_Z,2,,,True,WB_WDI,WB_WDI_SP_DYN_LE00_IN,VEN,_T,_T,_T,_Z,_Z,_Z,2024,A,YR,
74.736,P1Y,0,,A,PU,_Z,2,,,True,WB_WDI,WB_WDI_SP_DYN_LE00_IN,VNM,_T,_T,_T,_Z,_Z,_Z,2024,A,YR,
66.431412,P1Y,0,,A,PU,_Z,2,,,False,WB_WDI,WB_WDI_SP_DYN_LE00_IN,TSA,_T,_T,_T,_Z,_Z,_Z,2008,A,YR,
55.887008,P1Y,0,,A,PU,_Z,2,,,False,WB_WDI,WB_WDI_SP_DYN_LE00_IN,SSF,_T,_T,_T,_Z,_Z,_Z,2008,A,YR,
55.885232,P1Y,0,,A,PU,_Z,2,,,False,WB_WDI,WB_WDI_SP_DYN_LE00_IN,SSA,_T,_T,_T,_Z,_Z,_Z,2008,A,YR,
55.887008,P1Y,0,,A,PU,_Z,2,,,False,WB_WDI,WB_WDI_SP_DYN_LE00_IN,TSS,_T,_T,_T,_Z,_Z,_Z,2008,A,YR,
72.955075,P1Y,0,,A,PU,_Z,2,,,False,WB_WDI,WB_WDI_SP_DYN_LE00_IN,UMC,_T,_T,_T,_Z,_Z,_Z,2008,A,YR,
70.004324,P1Y,0,,A,PU,_Z,2,,,False,WB_WDI,WB_WDI_SP_DYN_LE00_IN,WLD,_T,_T,_T,_Z,_Z,_Z,2008,A,YR,
59.708,P1Y,0,,A,PU,_Z,2,,,False,WB_WDI,WB_WDI_SP_DYN_LE00_IN,AFG,_T,_T,_T,_Z,_Z,_Z,2008,A,YR,
78.248,P1Y,0,,A,PU,_Z,2,,,False,WB_WDI,WB_WDI_SP_DYN_LE00_IN,ALB,_T,_T,_T,_Z,_Z,_Z,2008,A,YR,
73.618,P1Y,0,,A,PU,_Z,2,,,False,WB_WDI,WB_WDI_SP_DYN_LE00_IN,DZA,_T,_T,_T,_Z,_Z,_Z,2008,A,YR,
72.43,P1Y,0,,A,PU,_Z,2,,,False,WB_WDI,WB_WDI_SP_DYN_LE00_IN,ASM,_T,_T,_T,_Z,_Z,_Z,2008,A,YR,
83.855,P1Y,0,,A,PU,_Z,2,,,False,WB_WDI,WB_WDI_SP_DYN_LE00_IN,AND,_T,_T,_T,_Z,_Z,_Z,2008,A,YR,
55.281,P1Y,0,,A,PU,_Z,2,,,False,WB_WDI,WB_WDI_SP_DYN_LE00_IN,AGO,_T,_T,_T,_Z,_Z,_Z,2008,A,YR,
76.075,P1Y,0,,A,PU,_Z,2,,,False,WB_WDI,WB_WDI_SP_DYN_LE00_IN,ATG,_T,_T,_T,_Z,_Z,_Z,2008,A,YR,
61.446834,P1Y,0,,A,PU,_Z,2,,,False,WB_WDI,WB_WDI_SP_DYN_LE00_IN,LMC,_T,_T,_T,_Z,_Z,_Z,2001,A,YR,
66.597196,P1Y,0,,A,PU,_Z,2,,,False,WB_WDI,WB_WDI_SP_DYN_LE00_IN,MEA,_T,_T,_T,_Z,_Z,_Z,2001,A,YR,
65.995207,P1Y,0,,A,PU,_Z,2,,,False,WB_WDI,WB_WDI_SP_DYN_LE00_IN,MNA,_T,_T,_T,_Z,_Z,_Z,2001,A,YR,
65.97127,P1Y,0,,A,PU,_Z,2,,,False,WB_WDI,WB_WDI_SP_DYN_LE00_IN,TMN,_T,_T,_T,_Z,_Z,_Z,2001,A,YR,
66.836276,P1Y,0,,A,PU,_Z,2,,,False,WB_WDI,WB_WDI_SP_DYN_LE00_IN,MIC,_T,_T,_T,_Z,_Z,_Z,2001,A,YR,
77.088349,P1Y,0,,A,PU,_Z,2,,,False,WB_WDI,WB_WDI_SP_DYN_LE00_IN,NAC,_T,_T,_T,_Z,_Z,_Z,2001,A,YR,
77.120747,P1Y,0,,A,PU,_Z,2,,,False,WB_WDI,WB_WDI_SP_DYN_LE00_IN,OED,_T,_T,_T,_Z,_Z,_Z,2001,A,YR,
66.61295,P1Y,0,,A,PU,_Z,2,,,False,WB_WDI,WB_WDI_SP_DYN_LE00_IN,OSS,_T,_T,_T,_Z,_Z,_Z,2001,A,YR,
67.016724,P1Y,0,,A,PU,_Z,2,,,False,WB_WDI,WB_WDI_SP_DYN_LE00_IN,PSS,_T,_T,_T,_Z,_Z,_Z,2001,A,YR,
77.63407,P1Y,0,,A,PU,_Z,2,,,False,WB_WDI,WB_WDI_SP_DYN_LE00_IN,PST,_T,_T,_T,_Z,_Z,_Z,2001,A,YR,
52.250641,P1Y,0,,A,PU,_Z,2,,,False,WB_WDI,WB_WDI_SP_DYN_LE00_IN,PRE,_T,_T,_T,_Z,_Z,_Z,2001,A,YR,
67.17514,P1Y,0,,A,PU,_Z,2,,,False,WB_WDI,WB_WDI_SP_DYN_LE00_IN,SST,_T,_T,_T,_Z,_Z,_Z,2001,A,YR,
63.262111,P1Y,0,,A,PU,_Z,2,,,False,WB_WDI,WB_WDI_SP_DYN_LE00_IN,SAS,_T,_T,_T,_Z,_Z,_Z,2001,A,YR,
63.262111,P1Y,0,,A,PU,_Z,2,,,False,WB_WDI,WB_WDI_SP_DYN_LE00_IN,TSA,_T,_T,_T,_Z,_Z,_Z,2001,A,YR,
51.98579,P1Y,0,,A,PU,_Z,2,,,False,WB_WDI,WB_WDI_SP_DYN_LE00_IN,SSF,_T,_T,_T,_Z,_Z,_Z,2001,A,YR,
69.225,P1Y,0,,A,PU,_Z,2,,,True,WB_WDI,WB_WDI_SP_DYN_LE00_IN,LAO,_T,_T,_T,_Z,_Z,_Z,2024,A,YR,
76.429268,P1Y,0,,A,PU,_Z,2,,,True,WB_WDI,WB_WDI_SP_DYN_LE00_IN,LVA,_T,_T,_T,_Z,_Z,_Z,2024,A,YR,
77.945,P1Y,0,,A,PU,_Z,2,,,True,WB_WDI,WB_WDI_SP_DYN_LE00_IN,LBN,_T,_T,_T,_Z,_Z,_Z,2024,A,YR,
57.798,P1Y,0,,A,PU,_Z,2,,,True,WB_WDI,WB_WDI_SP_DYN_LE00_IN,LSO,_T,_T,_T,_Z,_Z,_Z,2024,A,YR,
62.324,P1Y,0,,A,PU,_Z,2,,,True,WB_WDI,WB_WDI_SP_DYN_LE00_IN,LBR,_T,_T,_T,_Z,_Z,_Z,2024,A,YR,
71.121,P1Y,0,,A,PU,_Z,2,,,True,WB_WDI,WB_WDI_SP_DYN_LE00_IN,LBY,_T,_T,_T,_Z,_Z,_Z,2024,A,YR,
84.2,P1Y,0,,A,PU,_Z,2,,,True,WB_WDI,WB_WDI_SP_DYN_LE00_IN,LIE,_T,_T,_T,_Z,_Z,_Z,2024,A,YR,
77.195122,P1Y,0,,A,PU,_Z,2,,,True,WB_WDI,WB_WDI_SP_DYN_LE00_IN,LTU,_T,_T,_T,_Z,_Z,_Z,2024,A,YR,
83.195122,P1Y,0,,A,PU,_Z,2,,,True,WB_WDI,WB_WDI_SP_DYN_LE00_IN,LUX,_T,_T,_T,_Z,_Z,_Z,2024,A,YR,
83.331707,P1Y,0,,A,PU,_Z,2,,,True,WB_WDI,WB_WDI_SP_DYN_LE00_IN,MAC,_T,_T,_T,_Z,_Z,_Z,2024,A,YR,
63.835,P1Y,0,,A,PU,_Z,2,,,True,WB_WDI,WB_WDI_SP_DYN_LE00_IN,MDG,_T,_T,_T,_Z,_Z,_Z,2024,A,YR,
67.561,P1Y,0,,A,PU,_Z,2,,,True,WB_WDI,WB_WDI_SP_DYN_LE00_IN,MWI,_T,_T,_T,_Z,_Z,_Z,2024,A,YR,
76.821,P1Y,0,,A,PU,_Z,2,,,True,WB_WDI,WB_WDI_SP_DYN_LE00_IN,MYS,_T,_T,_T,_Z,_Z,_Z,2024,A,YR,
81.285,P1Y,0,,A,PU,_Z,2,,,True,WB_WDI,WB_WDI_SP_DYN_LE00_IN,MDV,_T,_T,_T,_Z,_Z,_Z,2024,A,YR,
60.675,P1Y,0,,A,PU,_Z,2,,,True,WB_WDI,WB_WDI_SP_DYN_LE00_IN,MLI,_T,_T,_T,_Z,_Z,_Z,2024,A,YR,
82.956098,P1Y,0,,A,PU,_Z,2,,,True,WB_WDI,WB_WDI_SP_DYN_LE00_IN,MLT,_T,_T,_T,_Z,_Z,_Z,2024,A,YR,
67.075,P1Y,0,,A,PU,_Z,2,,,True,WB_WDI,WB_WDI_SP_DYN_LE00_IN,MHL,_T,_T,_T,_Z,_Z,_Z,2024,A,YR,
69.70834,P1Y,0,,A,PU,_Z,2,,,False,WB_WDI,WB_WDI_SP_DYN_LE00_IN,MEA,_T,_T,_T,_Z,_Z,_Z,2013,A,YR,
68.91363,P1Y,0,,A,PU,_Z,2,,,False,WB_WDI,WB_WDI_SP_DYN_LE00_IN,MNA,_T,_T,_T,_Z,_Z,_Z,2013,A,YR,
68.878648,P1Y,0,,A,PU,_Z,2,,,False,WB_WDI,WB_WDI_SP_DYN_LE00_IN,TMN,_T,_T,_T,_Z,_Z,_Z,2013,A,YR,
70.653651,P1Y,0,,A,PU,_Z,2,,,False,WB_WDI,WB_WDI_SP_DYN_LE00_IN,MIC,_T,_T,_T,_Z,_Z,_Z,2013,A,YR,
79.04113,P1Y,0,,A,PU,_Z,2,,,False,WB_WDI,WB_WDI_SP_DYN_LE00_IN,NAC,_T,_T,_T,_Z,_Z,_Z,2013,A,YR,
79.624927,P1Y,0,,A,PU,_Z,2,,,False,WB_WDI,WB_WDI_SP_DYN_LE00_IN,OED,_T,_T,_T,_Z,_Z,_Z,2013,A,YR,
70.804079,P1Y,0,,A,PU,_Z,2,,,False,WB_WDI,WB_WDI_SP_DYN_LE00_IN,OSS,_T,_T,_T,_Z,_Z,_Z,2013,A,YR,
68.005463,P1Y,0,,A,PU,_Z,2,,,False,WB_WDI,WB_WDI_SP_DYN_LE00_IN,PSS,_T,_T,_T,_Z,_Z,_Z,2013,A,YR,
80.273441,P1Y,0,,A,PU,_Z,2,,,False,WB_WDI,WB_WDI_SP_DYN_LE00_IN,PST,_T,_T,_T,_Z,_Z,_Z,2013,A,YR,
58.450517,P1Y,0,,A,PU,_Z,2,,,False,WB_WDI,WB_WDI_SP_DYN_LE00_IN,PRE,_T,_T,_T,_Z,_Z,_Z,2013,A,YR,
70.615698,P1Y,0,,A,PU,_Z,2,,,False,WB_WDI,WB_WDI_SP_DYN_LE00_IN,SST,_T,_T,_T,_Z,_Z,_Z,2013,A,YR,
68.685329,P1Y,0,,A,PU,_Z,2,,,False,WB_WDI,WB_WDI_SP_DYN_LE00_IN,SAS,_T,_T,_T,_Z,_Z,_Z,2013,A,YR,
68.685329,P1Y,0,,A,PU,_Z,2,,,False,WB_WDI,WB_WDI_SP_DYN_LE00_IN,TSA,_T,_T,_T,_Z,_Z,_Z,2013,A,YR,
58.718224,P1Y,0,,A,PU,_Z,2,,,False,WB_WDI,WB_WDI_SP_DYN_LE00_IN,SSF,_T,_T,_T,_Z,_Z,_Z,2013,A,YR,
73.868,P1Y,0,,A,PU,_Z,2,,,True,WB_WDI,WB_WDI_SP_DYN_LE00_IN,DOM,_T,_T,_T,_Z,_Z,_Z,2024,A,YR,
77.579,P1Y,0,,A,PU,_Z,2,,,True,WB_WDI,WB_WDI_SP_DYN_LE00_IN,ECU,_T,_T,_T,_Z,_Z,_Z,2024,A,YR,
71.806,P1Y,0,,A,PU,_Z,2,,,True,WB_WDI,WB_WDI_SP_DYN_LE00_IN,EGY,_T,_T,_T,_Z,_Z,_Z,2024,A,YR,
72.302,P1Y,0,,A,PU,_Z,2,,,True,WB_WDI,WB_WDI_SP_DYN_LE00_IN,SLV,_T,_T,_T,_Z,_Z,_Z,2024,A,YR,
63.906,P1Y,0,,A,PU,_Z,2,,,True,WB_WDI,WB_WDI_SP_DYN_LE00_IN,GNQ,_T,_T,_T,_Z,_Z,_Z,2024,A,YR,
68.893,P1Y,0,,A,PU,_Z,2,,,True,WB_WDI,WB_WDI_SP_DYN_LE00_IN,ERI,_T,_T,_T,_Z,_Z,_Z,2024,A,YR,
79.295122,P1Y,0,,A,PU,_Z,2,,,True,WB_WDI,WB_WDI_SP_DYN_LE00_IN,EST,_T,_T,_T,_Z,_Z,_Z,2024,A,YR,
64.264,P1Y,0,,A,PU,_Z,2,,,True,WB_WDI,WB_WDI_SP_DYN_LE00_IN,SWZ,_T,_T,_T,_Z,_Z,_Z,2024,A,YR,
67.603,P1Y,0,,A,PU,_Z,2,,,True,WB_WDI,WB_WDI_SP_DYN_LE00_IN,ETH,_T,_T,_T,_Z,_Z,_Z,2024,A,YR,
83.083246,P1Y,0,,A,PU,_Z,2,,,True,WB_WDI,WB_WDI_SP_DYN_LE00_IN,FRO,_T,_T,_T,_Z,_Z,_Z,2024,A,YR,
67.463,P1Y,0,,A,PU,_Z,2,,,True,WB_WDI,WB_WDI_SP_DYN_LE00_IN,FJI,_T,_T,_T,_Z,_Z,_Z,2024,A,YR,
82.336585,P1Y,0,,A,PU,_Z,2,,,True,WB_WDI,WB_WDI_SP_DYN_LE00_IN,FIN,_T,_T,_T,_Z,_Z,_Z,2024,A,YR,
82.980488,P1Y,0,,A,PU,_Z,2,,,True,WB_WDI,WB_WDI_SP_DYN_LE00_IN,FRA,_T,_T,_T,_Z,_Z,_Z,2024,A,YR,
84.192,P1Y,0,,A,PU,_Z,2,,,True,WB_WDI,WB_WDI_SP_DYN_LE00_IN,PYF,_T,_T,_T,_Z,_Z,_Z,2024,A,YR,
68.511,P1Y,0,,A,PU,_Z,2,,,True,WB_WDI,WB_WDI_SP_DYN_LE00_IN,GAB,_T,_T,_T,_Z,_Z,_Z,2024,A,YR,
66.057,P1Y,0,,A,PU,_Z,2,,,True,WB_WDI,WB_WDI_SP_DYN_LE00_IN,GMB,_T,_T,_T,_Z,_Z,_Z,2024,A,YR,
74.657,P1Y,0,,A,PU,_Z,2,,,True,WB_WDI,WB_WDI_SP_DYN_LE00_IN,GEO,_T,_T,_T,_Z,_Z,_Z,2024,A,YR,
77.191936,P1Y,0,,A,PU,_Z,2,,,False,WB_WDI,WB_WDI_SP_DYN_LE00_IN,NAC,_T,_T,_T,_Z,_Z,_Z,2002,A,YR,
77.283361,P1Y,0,,A,PU,_Z,2,,,False,WB_WDI,WB_WDI_SP_DYN_LE00_IN,OED,_T,_T,_T,_Z,_Z,_Z,2002,A,YR,
66.810599,P1Y,0,,A,PU,_Z,2,,,False,WB_WDI,WB_WDI_SP_DYN_LE00_IN,OSS,_T,_T,_T,_Z,_Z,_Z,2002,A,YR,
66.758482,P1Y,0,,A,PU,_Z,2,,,False,WB_WDI,WB_WDI_SP_DYN_LE00_IN,PSS,_T,_T,_T,_Z,_Z,_Z,2002,A,YR,
77.771843,P1Y,0,,A,PU,_Z,2,,,False,WB_WDI,WB_WDI_SP_DYN_LE00_IN,PST,_T,_T,_T,_Z,_Z,_Z,2002,A,YR,
52.741015,P1Y,0,,A,PU,_Z,2,,,False,WB_WDI,WB_WDI_SP_DYN_LE00_IN,PRE,_T,_T,_T,_Z,_Z,_Z,2002,A,YR,
67.320533,P1Y,0,,A,PU,_Z,2,,,False,WB_WDI,WB_WDI_SP_DYN_LE00_IN,SST,_T,_T,_T,_Z,_Z,_Z,2002,A,YR,
63.775198,P1Y,0,,A,PU,_Z,2,,,False,WB_WDI,WB_WDI_SP_DYN_LE00_IN,SAS,_T,_T,_T,_Z,_Z,_Z,2002,A,YR,
63.775198,P1Y,0,,A,PU,_Z,2,,,False,WB_WDI,WB_WDI_SP_DYN_LE00_IN,TSA,_T,_T,_T,_Z,_Z,_Z,2002,A,YR,
52.35604,P1Y,0,,A,PU,_Z,2,,,False,WB_WDI,WB_WDI_SP_DYN_LE00_IN,SSF,_T,_T,_T,_Z,_Z,_Z,2002,A,YR,
52.353857,P1Y,0,,A,PU,_Z,2,,,False,WB_WDI,WB_WDI_SP_DYN_LE00_IN,SSA,_T,_T,_T,_Z,_Z,_Z,2002,A,YR,
52.35604,P1Y,0,,A,PU,_Z,2,,,False,WB_WDI,WB_WDI_SP_DYN_LE00_IN,TSS,_T,_T,_T,_Z,_Z,_Z,2002,A,YR,
71.349703,P1Y,0,,A,PU,_Z,2,,,False,WB_WDI,WB_WDI_SP_DYN_LE00_IN,UMC,_T,_T,_T,_Z,_Z,_Z,2002,A,YR,
68.231368,P1Y,0,,A,PU,_Z,2,,,False,WB_WDI,WB_WDI_SP_DYN_LE00_IN,WLD,_T,_T,_T,_Z,_Z,_Z,2002,A,YR,
56.225,P1Y,0,,A,PU,_Z,2,,,False,WB_WDI,WB_WDI_SP_DYN_LE00_IN,AFG,_T,_T,_T,_Z,_Z,_Z,2002,A,YR,
79.23904,P1Y,0,,A,PU,_Z,2,,,True,WB_WDI,WB_WDI_SP_DYN_LE00_IN,NAC,_T,_T,_T,_Z,_Z,_Z,2024,A,YR,
80.398571,P1Y,0,,A,PU,_Z,2,,,True,WB_WDI,WB_WDI_SP_DYN_LE00_IN,OED,_T,_T,_T,_Z,_Z,_Z,2024,A,YR,
73.813796,P1Y,0,,A,PU,_Z,2,,,True,WB_WDI,WB_WDI_SP_DYN_LE00_IN,OSS,_T,_T,_T,_Z,_Z,_Z,2024,A,YR,
69.440357,P1Y,0,,A,PU,_Z,2,,,True,WB_WDI,WB_WDI_SP_DYN_LE00_IN,PSS,_T,_T,_T,_Z,_Z,_Z,2024,A,YR,
81.112407,P1Y,0,,A,PU,_Z,2,,,True,WB_WDI,WB_WDI_SP_DYN_LE00_IN,PST,_T,_T,_T,_Z,_Z,_Z,2024,A,YR,
62.353744,P1Y,0,,A,PU,_Z,2,,,True,WB_WDI,WB_WDI_SP_DYN_LE00_IN,PRE,_T,_T,_T,_Z,_Z,_Z,2024,A,YR,
73.111527,P1Y,0,,A,PU,_Z,2,,,True,WB_WDI,WB_WDI_SP_DYN_LE00_IN,SST,_T,_T,_T,_Z,_Z,_Z,2024,A,YR,
72.559961,P1Y,0,,A,PU,_Z,2,,,True,WB_WDI,WB_WDI_SP_DYN_LE00_IN,SAS,_T,_T,_T,_Z,_Z,_Z,2024,A,YR,
72.559961,P1Y,0,,A,PU,_Z,2,,,True,WB_WDI,WB_WDI_SP_DYN_LE00_IN,TSA,_T,_T,_T,_Z,_Z,_Z,2024,A,YR,
62.803682,P1Y,0,,A,PU,_Z,2,,,True,WB_WDI,WB_WDI_SP_DYN_LE00_IN,SSF,_T,_T,_T,_Z,_Z,_Z,2024,A,YR,
62.802412,P1Y,0,,A,PU,_Z,2,,,True,WB_WDI,WB_WDI_SP_DYN_LE00_IN,SSA,_T,_T,_T,_Z,_Z,_Z,2024,A,YR,
62.803682,P1Y,0,,A,PU,_Z,2,,,True,WB_WDI,WB_WDI_SP_DYN_LE00_IN,TSS,_T,_T,_T,_Z,_Z,_Z,2024,A,YR,
76.045125,P1Y,0,,A,PU,_Z,2,,,True,WB_WDI,WB_WDI_SP_DYN_LE00_IN,UMC,_T,_T,_T,_Z,_Z,_Z,2024,A,YR,
73.481818,P1Y,0,,A,PU,_Z,2,,,True,WB_WDI,WB_WDI_SP_DYN_LE00_IN,WLD,_T,_T,_T,_Z,_Z,_Z,2024,A,YR,
66.289,P1Y,0,,A,PU,_Z,2,,,True,WB_WDI,WB_WDI_SP_DYN_LE00_IN,AFG,_T,_T,_T,_Z,_Z,_Z,2024,A,YR,
79.776,P1Y,0,,A,PU,_Z,2,,,True,WB_WDI,WB_WDI_SP_DYN_LE00_IN,ALB,_T,_T,_T,_Z,_Z,_Z,2024,A,YR,
76.475,P1Y,0,,A,PU,_Z,2,,,True,WB_WDI,WB_WDI_SP_DYN_LE00_IN,DZA,_T,_T,_T,_Z,_Z,_Z,2024,A,YR,
72.992,P1Y,0,,A,PU,_Z,2,,,True,WB_WDI,WB_WDI_SP_DYN_LE00_IN,ASM,_T,_T,_T,_Z,_Z,_Z,2024,A,YR,
84.188,P1Y,0,,A,PU,_Z,2,,,True,WB_WDI,WB_WDI_SP_DYN_LE00_IN,AND,_T,_T,_T,_Z,_Z,_Z,2024,A,YR,
64.805,P1Y,0,,A,PU,_Z,2,,,True,WB_WDI,WB_WDI_SP_DYN_LE00_IN,AGO,_T,_T,_T,_Z,_Z,_Z,2024,A,YR,
49.616,P1Y,0,,A,PU,_Z,2,,,False,WB_WDI,WB_WDI_SP_DYN_LE00_IN,ZMB,_T,_T,_T,_Z,_Z,_Z,2003,A,YR,
45.373,P1Y,0,,A,PU,_Z,2,,,False,WB_WDI,WB_WDI_SP_DYN_LE00_IN,ZWE,_T,_T,_T,_Z,_Z,_Z,2003,A,YR,
54.192928,P1Y,0,,A,PU,_Z,2,,,False,WB_WDI,WB_WDI_SP_DYN_LE00_IN,AFE,_T,_T,_T,_Z,_Z,_Z,2004,A,YR,
52.101611,P1Y,0,,A,PU,_Z,2,,,False,WB_WDI,WB_WDI_SP_DYN_LE00_IN,AFW,_T,_T,_T,_Z,_Z,_Z,2004,A,YR,
67.733103,P1Y,0,,A,PU,_Z,2,,,False,WB_WDI,WB_WDI_SP_DYN_LE00_IN,ARB,_T,_T,_T,_Z,_Z,_Z,2004,A,YR,
69.36097,P1Y,0,,A,PU,_Z,2,,,False,WB_WDI,WB_WDI_SP_DYN_LE00_IN,CSS,_T,_T,_T,_Z,_Z,_Z,2004,A,YR,
73.730435,P1Y,0,,A,PU,_Z,2,,,False,WB_WDI,WB_WDI_SP_DYN_LE00_IN,CEB,_T,_T,_T,_Z,_Z,_Z,2004,A,YR,
65.513239,P1Y,0,,A,PU,_Z,2,,,False,WB_WDI,WB_WDI_SP_DYN_LE00_IN,EAR,_T,_T,_T,_Z,_Z,_Z,2004,A,YR,
72.812661,P1Y,0,,A,PU,_Z,2,,,False,WB_WDI,WB_WDI_SP_DYN_LE00_IN,EAS,_T,_T,_T,_Z,_Z,_Z,2004,A,YR,
71.858801,P1Y,0,,A,PU,_Z,2,,,False,WB_WDI,WB_WDI_SP_DYN_LE00_IN,EAP,_T,_T,_T,_Z,_Z,_Z,2004,A,YR,
71.892124,P1Y,0,,A,PU,_Z,2,,,False,WB_WDI,WB_WDI_SP_DYN_LE00_IN,TEA,_T,_T,_T,_Z,_Z,_Z,2004,A,YR,
79.08074,P1Y,0,,A,PU,_Z,2,,,False,WB_WDI,WB_WDI_SP_DYN_LE00_IN,EMU,_T,_T,_T,_Z,_Z,_Z,2004,A,YR,
73.988037,P1Y,0,,A,PU,_Z,2,,,False,WB_WDI,WB_WDI_SP_DYN_LE00_IN,ECS,_T,_T,_T,_Z,_Z,_Z,2004,A,YR,
69.791149,P1Y,0,,A,PU,_Z,2,,,False,WB_WDI,WB_WDI_SP_DYN_LE00_IN,ECA,_T,_T,_T,_Z,_Z,_Z,2004,A,YR,
69.002908,P1Y,0,,A,PU,_Z,2,,,False,WB_WDI,WB_WDI_SP_DYN_LE00_IN,TEC,_T,_T,_T,_Z,_Z,_Z,2004,A,YR,
72.306,P1Y,0,,A,PU,_Z,2,,,False,WB_WDI,WB_WDI_SP_DYN_LE00_IN,PSE,_T,_T,_T,_Z,_Z,_Z,2009,A,YR,
66.905,P1Y,0,,A,PU,_Z,2,,,False,WB_WDI,WB_WDI_SP_DYN_LE00_IN,YEM,_T,_T,_T,_Z,_Z,_Z,2009,A,YR,
55.886,P1Y,0,,A,PU,_Z,2,,,False,WB_WDI,WB_WDI_SP_DYN_LE00_IN,ZMB,_T,_T,_T,_Z,_Z,_Z,2009,A,YR,
49.75,P1Y,0,,A,PU,_Z,2,,,False,WB_WDI,WB_WDI_SP_DYN_LE00_IN,ZWE,_T,_T,_T,_Z,_Z,_Z,2009,A,YR,
58.827279,P1Y,0,,A,PU,_Z,2,,,False,WB_WDI,WB_WDI_SP_DYN_LE00_IN,AFE,_T,_T,_T,_Z,_Z,_Z,2010,A,YR,
54.600647,P1Y,0,,A,PU,_Z,2,,,False,WB_WDI,WB_WDI_SP_DYN_LE00_IN,AFW,_T,_T,_T,_Z,_Z,_Z,2010,A,YR,
69.807322,P1Y,0,,A,PU,_Z,2,,,False,WB_WDI,WB_WDI_SP_DYN_LE00_IN,ARB,_T,_T,_T,_Z,_Z,_Z,2010,A,YR,
71.011437,P1Y,0,,A,PU,_Z,2,,,False,WB_WDI,WB_WDI_SP_DYN_LE00_IN,CSS,_T,_T,_T,_Z,_Z,_Z,2010,A,YR,
75.293966,P1Y,0,,A,PU,_Z,2,,,False,WB_WDI,WB_WDI_SP_DYN_LE00_IN,CEB,_T,_T,_T,_Z,_Z,_Z,2010,A,YR,
67.824443,P1Y,0,,A,PU,_Z,2,,,False,WB_WDI,WB_WDI_SP_DYN_LE00_IN,EAR,_T,_T,_T,_Z,_Z,_Z,2010,A,YR,
74.629979,P1Y,0,,A,PU,_Z,2,,,False,WB_WDI,WB_WDI_SP_DYN_LE00_IN,EAS,_T,_T,_T,_Z,_Z,_Z,2010,A,YR,
73.761639,P1Y,0,,A,PU,_Z,2,,,False,WB_WDI,WB_WDI_SP_DYN_LE00_IN,EAP,_T,_T,_T,_Z,_Z,_Z,2010,A,YR,
73.806598,P1Y,0,,A,PU,_Z,2,,,False,WB_WDI,WB_WDI_SP_DYN_LE00_IN,TEA,_T,_T,_T,_Z,_Z,_Z,2010,A,YR,
69.57,P1Y,0,,A,PU,_Z,2,,,False,WB_WDI,WB_WDI_SP_DYN_LE00_IN,VUT,_T,_T,_T,_Z,_Z,_Z,2010,A,YR,
73.092,P1Y,0,,A,PU,_Z,2,,,False,WB_WDI,WB_WDI_SP_DYN_LE00_IN,VEN,_T,_T,_T,_Z,_Z,_Z,2010,A,YR,
73.611,P1Y,0,,A,PU,_Z,2,,,False,WB_WDI,WB_WDI_SP_DYN_LE00_IN,VNM,_T,_T,_T,_Z,_Z,_Z,2010,A,YR,
77.865854,P1Y,0,,A,PU,_Z,2,,,False,WB_WDI,WB_WDI_SP_DYN_LE00_IN,VIR,_T,_T,_T,_Z,_Z,_Z,2010,A,YR,
73.302,P1Y,0,,A,PU,_Z,2,,,False,WB_WDI,WB_WDI_SP_DYN_LE00_IN,PSE,_T,_T,_T,_Z,_Z,_Z,2010,A,YR,
67.223,P1Y,0,,A,PU,_Z,2,,,False,WB_WDI,WB_WDI_SP_DYN_LE00_IN,YEM,_T,_T,_T,_Z,_Z,_Z,2010,A,YR,
56.896,P1Y,0,,A,PU,_Z,2,,,False,WB_WDI,WB_WDI_SP_DYN_LE00_IN,ZMB,_T,_T,_T,_Z,_Z,_Z,2010,A,YR,
51.925,P1Y,0,,A,PU,_Z,2,,,False,WB_WDI,WB_WDI_SP_DYN_LE00_IN,ZWE,_T,_T,_T,_Z,_Z,_Z,2010,A,YR,
59.200004,P1Y,0,,A,PU,_Z,2,,,False,WB_WDI,WB_WDI_SP_DYN_LE00_IN,AFE,_T,_T,_T,_Z,_Z,_Z,2011,A,YR,
54.96124,P1Y,0,,A,PU,_Z,2,,,False,WB_WDI,WB_WDI_SP_DYN_LE00_IN,AFW,_T,_T,_T,_Z,_Z,_Z,2011,A,YR,
69.363338,P1Y,0,,A,PU,_Z,2,,,False,WB_WDI,WB_WDI_SP_DYN_LE00_IN,ARB,_T,_T,_T,_Z,_Z,_Z,2011,A,YR,
71.266093,P1Y,0,,A,PU,_Z,2,,,False,WB_WDI,WB_WDI_SP_DYN_LE00_IN,CSS,_T,_T,_T,_Z,_Z,_Z,2011,A,YR,
75.888475,P1Y,0,,A,PU,_Z,2,,,False,WB_WDI,WB_WDI_SP_DYN_LE00_IN,CEB,_T,_T,_T,_Z,_Z,_Z,2011,A,YR,
58.228347,P1Y,0,,A,PU,_Z,2,,,False,WB_WDI,WB_WDI_SP_DYN_LE00_IN,TSS,_T,_T,_T,_Z,_Z,_Z,2012,A,YR,
74.213496,P1Y,0,,A,PU,_Z,2,,,False,WB_WDI,WB_WDI_SP_DYN_LE00_IN,UMC,_T,_T,_T,_Z,_Z,_Z,2012,A,YR,
71.264554,P1Y,0,,A,PU,_Z,2,,,False,WB_WDI,WB_WDI_SP_DYN_LE00_IN,WLD,_T,_T,_T,_Z,_Z,_Z,2012,A,YR,
61.735,P1Y,0,,A,PU,_Z,2,,,False,WB_WDI,WB_WDI_SP_DYN_LE00_IN,AFG,_T,_T,_T,_Z,_Z,_Z,2012,A,YR,
78.084,P1Y,0,,A,PU,_Z,2,,,False,WB_WDI,WB_WDI_SP_DYN_LE00_IN,ALB,_T,_T,_T,_Z,_Z,_Z,2012,A,YR,
74.609,P1Y,0,,A,PU,_Z,2,,,False,WB_WDI,WB_WDI_SP_DYN_LE00_IN,DZA,_T,_T,_T,_Z,_Z,_Z,2012,A,YR,
72.709,P1Y,0,,A,PU,_Z,2,,,False,WB_WDI,WB_WDI_SP_DYN_LE00_IN,ASM,_T,_T,_T,_Z,_Z,_Z,2012,A,YR,
84.334,P1Y,0,,A,PU,_Z,2,,,False,WB_WDI,WB_WDI_SP_DYN_LE00_IN,AND,_T,_T,_T,_Z,_Z,_Z,2012,A,YR,
58.916,P1Y,0,,A,PU,_Z,2,,,False,WB_WDI,WB_WDI_SP_DYN_LE00_IN,AGO,_T,_T,_T,_Z,_Z,_Z,2012,A,YR,
77.1,P1Y,0,,A,PU,_Z,2,,,False,WB_WDI,WB_WDI_SP_DYN_LE00_IN,ATG,_T,_T,_T,_Z,_Z,_Z,2012,A,YR,
75.802,P1Y,0,,A,PU,_Z,2,,,False,WB_WDI,WB_WDI_SP_DYN_LE00_IN,ARG,_T,_T,_T,_Z,_Z,_Z,2012,A,YR,
74.119512,P1Y,0,,A,PU,_Z,2,,,False,WB_WDI,WB_WDI_SP_DYN_LE00_IN,ARM,_T,_T,_T,_Z,_Z,_Z,2012,A,YR,
71.58,P1Y,0,,A,PU,_Z,2,,,False,WB_WDI,WB_WDI_SP_DYN_LE00_IN,UZB,_T,_T,_T,_Z,_Z,_Z,2016,A,YR,
70.397,P1Y,0,,A,PU,_Z,2,,,False,WB_WDI,WB_WDI_SP_DYN_LE00_IN,VUT,_T,_T,_T,_Z,_Z,_Z,2016,A,YR,
72.002,P1Y,0,,A,PU,_Z,2,,,False,WB_WDI,WB_WDI_SP_DYN_LE00_IN,VEN,_T,_T,_T,_Z,_Z,_Z,2016,A,YR,
73.984,P1Y,0,,A,PU,_Z,2,,,False,WB_WDI,WB_WDI_SP_DYN_LE00_IN,VNM,_T,_T,_T,_Z,_Z,_Z,2016,A,YR,
79.168293,P1Y,0,,A,PU,_Z,2,,,False,WB_WDI,WB_WDI_SP_DYN_LE00_IN,VIR,_T,_T,_T,_Z,_Z,_Z,2016,A,YR,
74.917,P1Y,0,,A,PU,_Z,2,,,False,WB_WDI,WB_WDI_SP_DYN_LE00_IN,PSE,_T,_T,_T,_Z,_Z,_Z,2016,A,YR,
67.105,P1Y,0,,A,PU,_Z,2,,,False,WB_WDI,WB_WDI_SP_DYN_LE00_IN,YEM,_T,_T,_T,_Z,_Z,_Z,2016,A,YR,
61.129,P1Y,0,,A,PU,_Z,2,,,False,WB_WDI,WB_WDI_SP_DYN_LE00_IN,ZMB,_T,_T,_T,_Z,_Z,_Z,2016,A,YR,
59.76,P1Y,0,,A,PU,_Z,2,,,False,WB_WDI,WB_WDI_SP_DYN_LE00_IN,ZWE,_T,_T,_T,_Z,_Z,_Z,2016,A,YR,
62.591275,P1Y,0,,A,PU,_Z,2,,,False,WB_WDI,WB_WDI_SP_DYN_LE00_IN,AFE,_T,_T,_T,_Z,_Z,_Z,2017,A,YR,
56.620764,P1Y,0,,A,PU,_Z,2,,,False,WB_WDI,WB_WDI_SP_DYN_LE00_IN,AFW,_T,_T,_T,_Z,_Z,_Z,2017,A,YR,
71.112856,P1Y,0,,A,PU,_Z,2,,,False,WB_WDI,WB_WDI_SP_DYN_LE00_IN,ARB,_T,_T,_T,_Z,_Z,_Z,2017,A,YR,
80.546387,P1Y,0,,A,PU,_Z,2,,,False,WB_WDI,WB_WDI_SP_DYN_LE00_IN,EMU,_T,_T,_T,_Z,_Z,_Z,2010,A,YR,
75.995356,P1Y,0,,A,PU,_Z,2,,,False,WB_WDI,WB_WDI_SP_DYN_LE00_IN,ECS,_T,_T,_T,_Z,_Z,_Z,2010,A,YR,
71.912591,P1Y,0,,A,PU,_Z,2,,,False,WB_WDI,WB_WDI_SP_DYN_LE00_IN,ECA,_T,_T,_T,_Z,_Z,_Z,2010,A,YR,
71.435897,P1Y,0,,A,PU,_Z,2,,,False,WB_WDI,WB_WDI_SP_DYN_LE00_IN,TEC,_T,_T,_T,_Z,_Z,_Z,2010,A,YR,
79.635431,P1Y,0,,A,PU,_Z,2,,,False,WB_WDI,WB_WDI_SP_DYN_LE00_IN,EUU,_T,_T,_T,_Z,_Z,_Z,2010,A,YR,
58.733545,P1Y,0,,A,PU,_Z,2,,,False,WB_WDI,WB_WDI_SP_DYN_LE00_IN,HPC,_T,_T,_T,_Z,_Z,_Z,2010,A,YR,
78.595666,P1Y,0,,A,PU,_Z,2,,,False,WB_WDI,WB_WDI_SP_DYN_LE00_IN,HIC,_T,_T,_T,_Z,_Z,_Z,2010,A,YR,
71.50218,P1Y,0,,A,PU,_Z,2,,,False,WB_WDI,WB_WDI_SP_DYN_LE00_IN,IBD,_T,_T,_T,_Z,_Z,_Z,2010,A,YR,
68.926661,P1Y,0,,A,PU,_Z,2,,,False,WB_WDI,WB_WDI_SP_DYN_LE00_IN,IBT,_T,_T,_T,_Z,_Z,_Z,2010,A,YR,
59.051513,P1Y,0,,A,PU,_Z,2,,,False,WB_WDI,WB_WDI_SP_DYN_LE00_IN,IDB,_T,_T,_T,_Z,_Z,_Z,2010,A,YR,
62.046538,P1Y,0,,A,PU,_Z,2,,,False,WB_WDI,WB_WDI_SP_DYN_LE00_IN,IDX,_T,_T,_T,_Z,_Z,_Z,2010,A,YR,
60.988731,P1Y,0,,A,PU,_Z,2,,,False,WB_WDI,WB_WDI_SP_DYN_LE00_IN,IDA,_T,_T,_T,_Z,_Z,_Z,2010,A,YR,
74.710821,P1Y,0,,A,PU,_Z,2,,,False,WB_WDI,WB_WDI_SP_DYN_LE00_IN,LTE,_T,_T,_T,_Z,_Z,_Z,2010,A,YR,
60.148,P1Y,0,,A,PU,_Z,2,,,False,WB_WDI,WB_WDI_SP_DYN_LE00_IN,MOZ,_T,_T,_T,_Z,_Z,_Z,2017,A,YR,
65.909,P1Y,0,,A,PU,_Z,2,,,False,WB_WDI,WB_WDI_SP_DYN_LE00_IN,MMR,_T,_T,_T,_Z,_Z,_Z,2017,A,YR,
61.661,P1Y,0,,A,PU,_Z,2,,,False,WB_WDI,WB_WDI_SP_DYN_LE00_IN,NAM,_T,_T,_T,_Z,_Z,_Z,2017,A,YR,
61.101,P1Y,0,,A,PU,_Z,2,,,False,WB_WDI,WB_WDI_SP_DYN_LE00_IN,NRU,_T,_T,_T,_Z,_Z,_Z,2017,A,YR,
68.74,P1Y,0,,A,PU,_Z,2,,,False,WB_WDI,WB_WDI_SP_DYN_LE00_IN,NPL,_T,_T,_T,_Z,_Z,_Z,2017,A,YR,
81.760976,P1Y,0,,A,PU,_Z,2,,,False,WB_WDI,WB_WDI_SP_DYN_LE00_IN,NLD,_T,_T,_T,_Z,_Z,_Z,2017,A,YR,
77.504,P1Y,0,,A,PU,_Z,2,,,False,WB_WDI,WB_WDI_SP_DYN_LE00_IN,NCL,_T,_T,_T,_Z,_Z,_Z,2017,A,YR,
81.858537,P1Y,0,,A,PU,_Z,2,,,False,WB_WDI,WB_WDI_SP_DYN_LE00_IN,NZL,_T,_T,_T,_Z,_Z,_Z,2017,A,YR,
73.389,P1Y,0,,A,PU,_Z,2,,,False,WB_WDI,WB_WDI_SP_DYN_LE00_IN,NIC,_T,_T,_T,_Z,_Z,_Z,2017,A,YR,
59.524,P1Y,0,,A,PU,_Z,2,,,False,WB_WDI,WB_WDI_SP_DYN_LE00_IN,NER,_T,_T,_T,_Z,_Z,_Z,2017,A,YR,
52.397,P1Y,0,,A,PU,_Z,2,,,False,WB_WDI,WB_WDI_SP_DYN_LE00_IN,NGA,_T,_T,_T,_Z,_Z,_Z,2017,A,YR,
75.953659,P1Y,0,,A,PU,_Z,2,,,False,WB_WDI,WB_WDI_SP_DYN_LE00_IN,MKD,_T,_T,_T,_Z,_Z,_Z,2017,A,YR,
74.606,P1Y,0,,A,PU,_Z,2,,,False,WB_WDI,WB_WDI_SP_DYN_LE00_IN,JOR,_T,_T,_T,_Z,_Z,_Z,2014,A,YR,
71.415,P1Y,0,,A,PU,_Z,2,,,False,WB_WDI,WB_WDI_SP_DYN_LE00_IN,KAZ,_T,_T,_T,_Z,_Z,_Z,2014,A,YR,
61.99,P1Y,0,,A,PU,_Z,2,,,False,WB_WDI,WB_WDI_SP_DYN_LE00_IN,KEN,_T,_T,_T,_Z,_Z,_Z,2014,A,YR,
65.869,P1Y,0,,A,PU,_Z,2,,,False,WB_WDI,WB_WDI_SP_DYN_LE00_IN,KIR,_T,_T,_T,_Z,_Z,_Z,2014,A,YR,
72.451,P1Y,0,,A,PU,_Z,2,,,False,WB_WDI,WB_WDI_SP_DYN_LE00_IN,PRK,_T,_T,_T,_Z,_Z,_Z,2014,A,YR,
81.721951,P1Y,0,,A,PU,_Z,2,,,False,WB_WDI,WB_WDI_SP_DYN_LE00_IN,KOR,_T,_T,_T,_Z,_Z,_Z,2014,A,YR,
76.179,P1Y,0,,A,PU,_Z,2,,,False,WB_WDI,WB_WDI_SP_DYN_LE00_IN,XKX,_T,_T,_T,_Z,_Z,_Z,2014,A,YR,
79.080341,P1Y,0,,A,PU,_Z,2,,,False,WB_WDI,WB_WDI_SP_DYN_LE00_IN,KWT,_T,_T,_T,_Z,_Z,_Z,2014,A,YR,
70.402439,P1Y,0,,A,PU,_Z,2,,,False,WB_WDI,WB_WDI_SP_DYN_LE00_IN,KGZ,_T,_T,_T,_Z,_Z,_Z,2014,A,YR,
66.35,P1Y,0,,A,PU,_Z,2,,,False,WB_WDI,WB_WDI_SP_DYN_LE00_IN,LAO,_T,_T,_T,_Z,_Z,_Z,2014,A,YR,
74.12439,P1Y,0,,A,PU,_Z,2,,,False,WB_WDI,WB_WDI_SP_DYN_LE00_IN,LVA,_T,_T,_T,_Z,_Z,_Z,2014,A,YR,
72.996,P1Y,0,,A,PU,_Z,2,,,False,WB_WDI,WB_WDI_SP_DYN_LE00_IN,KAZ,_T,_T,_T,_Z,_Z,_Z,2017,A,YR,
62.725,P1Y,0,,A,PU,_Z,2,,,False,WB_WDI,WB_WDI_SP_DYN_LE00_IN,KEN,_T,_T,_T,_Z,_Z,_Z,2017,A,YR,
65.787,P1Y,0,,A,PU,_Z,2,,,False,WB_WDI,WB_WDI_SP_DYN_LE00_IN,KIR,_T,_T,_T,_Z,_Z,_Z,2017,A,YR,
73.034,P1Y,0,,A,PU,_Z,2,,,False,WB_WDI,WB_WDI_SP_DYN_LE00_IN,PRK,_T,_T,_T,_Z,_Z,_Z,2017,A,YR,
82.626829,P1Y,0,,A,PU,_Z,2,,,False,WB_WDI,WB_WDI_SP_DYN_LE00_IN,KOR,_T,_T,_T,_Z,_Z,_Z,2017,A,YR,
77.105,P1Y,0,,A,PU,_Z,2,,,False,WB_WDI,WB_WDI_SP_DYN_LE00_IN,XKX,_T,_T,_T,_Z,_Z,_Z,2017,A,YR,
79.916073,P1Y,0,,A,PU,_Z,2,,,False,WB_WDI,WB_WDI_SP_DYN_LE00_IN,KWT,_T,_T,_T,_Z,_Z,_Z,2017,A,YR,
71.2,P1Y,0,,A,PU,_Z,2,,,False,WB_WDI,WB_WDI_SP_DYN_LE00_IN,KGZ,_T,_T,_T,_Z,_Z,_Z,2017,A,YR,
67.345,P1Y,0,,A,PU,_Z,2,,,False,WB_WDI,WB_WDI_SP_DYN_LE00_IN,LAO,_T,_T,_T,_Z,_Z,_Z,2017,A,YR,
74.629268,P1Y,0,,A,PU,_Z,2,,,False,WB_WDI,WB_WDI_SP_DYN_LE00_IN,LVA,_T,_T,_T,_Z,_Z,_Z,2017,A,YR,
78.192,P1Y,0,,A,PU,_Z,2,,,False,WB_WDI,WB_WDI_SP_DYN_LE00_IN,LBN,_T,_T,_T,_Z,_Z,_Z,2017,A,YR,
82.860976,P1Y,0,,A,PU,_Z,2,,,False,WB_WDI,WB_WDI_SP_DYN_LE00_IN,ISL,_T,_T,_T,_Z,_Z,_Z,2014,A,YR,
68.932,P1Y,0,,A,PU,_Z,2,,,False,WB_WDI,WB_WDI_SP_DYN_LE00_IN,IND,_T,_T,_T,_Z,_Z,_Z,2014,A,YR,
69.292,P1Y,0,,A,PU,_Z,2,,,False,WB_WDI,WB_WDI_SP_DYN_LE00_IN,IDN,_T,_T,_T,_Z,_Z,_Z,2014,A,YR,
75.635,P1Y,0,,A,PU,_Z,2,,,False,WB_WDI,WB_WDI_SP_DYN_LE00_IN,IRN,_T,_T,_T,_Z,_Z,_Z,2014,A,YR,
69.679,P1Y,0,,A,PU,_Z,2,,,False,WB_WDI,WB_WDI_SP_DYN_LE00_IN,IRQ,_T,_T,_T,_Z,_Z,_Z,2014,A,YR,
81.34878,P1Y,0,,A,PU,_Z,2,,,False,WB_WDI,WB_WDI_SP_DYN_LE00_IN,IRL,_T,_T,_T,_Z,_Z,_Z,2014,A,YR,
80.199,P1Y,0,,A,PU,_Z,2,,,False,WB_WDI,WB_WDI_SP_DYN_LE00_IN,IMN,_T,_T,_T,_Z,_Z,_Z,2014,A,YR,
82.153659,P1Y,0,,A,PU,_Z,2,,,False,WB_WDI,WB_WDI_SP_DYN_LE00_IN,ISR,_T,_T,_T,_Z,_Z,_Z,2014,A,YR,
83.090244,P1Y,0,,A,PU,_Z,2,,,False,WB_WDI,WB_WDI_SP_DYN_LE00_IN,ITA,_T,_T,_T,_Z,_Z,_Z,2014,A,YR,
72.357,P1Y,0,,A,PU,_Z,2,,,False,WB_WDI,WB_WDI_SP_DYN_LE00_IN,JAM,_T,_T,_T,_Z,_Z,_Z,2014,A,YR,
83.587805,P1Y,0,,A,PU,_Z,2,,,False,WB_WDI,WB_WDI_SP_DYN_LE00_IN,JPN,_T,_T,_T,_Z,_Z,_Z,2014,A,YR,
52.297,P1Y,0,,A,PU,_Z,2,,,False,WB_WDI,WB_WDI_SP_DYN_LE00_IN,CAF,_T,_T,_T,_Z,_Z,_Z,2018,A,YR,
52.447,P1Y,0,,A,PU,_Z,2,,,False,WB_WDI,WB_WDI_SP_DYN_LE00_IN,TCD,_T,_T,_T,_Z,_Z,_Z,2018,A,YR,
81.1,P1Y,0,,A,PU,_Z,2,,,False,WB_WDI,WB_WDI_SP_DYN_LE00_IN,CHI,_T,_T,_T,_Z,_Z,_Z,2018,A,YR,
80.559,P1Y,0,,A,PU,_Z,2,,,False,WB_WDI,WB_WDI_SP_DYN_LE00_IN,CHL,_T,_T,_T,_Z,_Z,_Z,2018,A,YR,
77.709,P1Y,0,,A,PU,_Z,2,,,False,WB_WDI,WB_WDI_SP_DYN_LE00_IN,CHN,_T,_T,_T,_Z,_Z,_Z,2018,A,YR,
76.579,P1Y,0,,A,PU,_Z,2,,,False,WB_WDI,WB_WDI_SP_DYN_LE00_IN,COL,_T,_T,_T,_Z,_Z,_Z,2018,A,YR,
65.401,P1Y,0,,A,PU,_Z,2,,,False,WB_WDI,WB_WDI_SP_DYN_LE00_IN,COM,_T,_T,_T,_Z,_Z,_Z,2018,A,YR,
59.926,P1Y,0,,A,PU,_Z,2,,,False,WB_WDI,WB_WDI_SP_DYN_LE00_IN,COD,_T,_T,_T,_Z,_Z,_Z,2018,A,YR,
64.472,P1Y,0,,A,PU,_Z,2,,,False,WB_WDI,WB_WDI_SP_DYN_LE00_IN,COG,_T,_T,_T,_Z,_Z,_Z,2018,A,YR,
80.09,P1Y,0,,A,PU,_Z,2,,,False,WB_WDI,WB_WDI_SP_DYN_LE00_IN,CRI,_T,_T,_T,_Z,_Z,_Z,2018,A,YR,
59.795,P1Y,0,,A,PU,_Z,2,,,False,WB_WDI,WB_WDI_SP_DYN_LE00_IN,CIV,_T,_T,_T,_Z,_Z,_Z,2018,A,YR,
58.559,P1Y,0,,A,PU,_Z,2,,,False,WB_WDI,WB_WDI_SP_DYN_LE00_IN,BEN,_T,_T,_T,_Z,_Z,_Z,2012,A,YR,
79.847,P1Y,0,,A,PU,_Z,2,,,False,WB_WDI,WB_WDI_SP_DYN_LE00_IN,BMU,_T,_T,_T,_Z,_Z,_Z,2012,A,YR,
69.759,P1Y,0,,A,PU,_Z,2,,,False,WB_WDI,WB_WDI_SP_DYN_LE00_IN,BTN,_T,_T,_T,_Z,_Z,_Z,2012,A,YR,
66.586,P1Y,0,,A,PU,_Z,2,,,False,WB_WDI,WB_WDI_SP_DYN_LE00_IN,BOL,_T,_T,_T,_Z,_Z,_Z,2012,A,YR,
77.037,P1Y,0,,A,PU,_Z,2,,,False,WB_WDI,WB_WDI_SP_DYN_LE00_IN,BIH,_T,_T,_T,_Z,_Z,_Z,2012,A,YR,
60.384,P1Y,0,,A,PU,_Z,2,,,False,WB_WDI,WB_WDI_SP_DYN_LE00_IN,BWA,_T,_T,_T,_Z,_Z,_Z,2012,A,YR,
74.335,P1Y,0,,A,PU,_Z,2,,,False,WB_WDI,WB_WDI_SP_DYN_LE00_IN,BRA,_T,_T,_T,_Z,_Z,_Z,2012,A,YR,
76.433,P1Y,0,,A,PU,_Z,2,,,False,WB_WDI,WB_WDI_SP_DYN_LE00_IN,VGB,_T,_T,_T,_Z,_Z,_Z,2012,A,YR,
74.843,P1Y,0,,A,PU,_Z,2,,,False,WB_WDI,WB_WDI_SP_DYN_LE00_IN,BRN,_T,_T,_T,_Z,_Z,_Z,2012,A,YR,
74.314634,P1Y,0,,A,PU,_Z,2,,,False,WB_WDI,WB_WDI_SP_DYN_LE00_IN,BGR,_T,_T,_T,_Z,_Z,_Z,2012,A,YR,
57.457,P1Y,0,,A,PU,_Z,2,,,False,WB_WDI,WB_WDI_SP_DYN_LE00_IN,BFA,_T,_T,_T,_Z,_Z,_Z,2012,A,YR,
58.501,P1Y,0,,A,PU,_Z,2,,,False,WB_WDI,WB_WDI_SP_DYN_LE00_IN,BDI,_T,_T,_T,_Z,_Z,_Z,2012,A,YR,
70.217866,P1Y,0,,A,PU,_Z,2,,,False,WB_WDI,WB_WDI_SP_DYN_LE00_IN,ECA,_T,_T,_T,_Z,_Z,_Z,2006,A,YR,
69.698748,P1Y,0,,A,PU,_Z,2,,,False,WB_WDI,WB_WDI_SP_DYN_LE00_IN,TEC,_T,_T,_T,_Z,_Z,_Z,2006,A,YR,
78.672128,P1Y,0,,A,PU,_Z,2,,,False,WB_WDI,WB_WDI_SP_DYN_LE00_IN,EUU,_T,_T,_T,_Z,_Z,_Z,2006,A,YR,
56.574273,P1Y,0,,A,PU,_Z,2,,,False,WB_WDI,WB_WDI_SP_DYN_LE00_IN,HPC,_T,_T,_T,_Z,_Z,_Z,2006,A,YR,
77.542288,P1Y,0,,A,PU,_Z,2,,,False,WB_WDI,WB_WDI_SP_DYN_LE00_IN,HIC,_T,_T,_T,_Z,_Z,_Z,2006,A,YR,
70.150124,P1Y,0,,A,PU,_Z,2,,,False,WB_WDI,WB_WDI_SP_DYN_LE00_IN,IBD,_T,_T,_T,_Z,_Z,_Z,2006,A,YR,
67.602406,P1Y,0,,A,PU,_Z,2,,,False,WB_WDI,WB_WDI_SP_DYN_LE00_IN,IBT,_T,_T,_T,_Z,_Z,_Z,2006,A,YR,
57.70162,P1Y,0,,A,PU,_Z,2,,,False,WB_WDI,WB_WDI_SP_DYN_LE00_IN,IDB,_T,_T,_T,_Z,_Z,_Z,2006,A,YR,
60.181742,P1Y,0,,A,PU,_Z,2,,,False,WB_WDI,WB_WDI_SP_DYN_LE00_IN,IDX,_T,_T,_T,_Z,_Z,_Z,2006,A,YR,
59.313215,P1Y,0,,A,PU,_Z,2,,,False,WB_WDI,WB_WDI_SP_DYN_LE00_IN,IDA,_T,_T,_T,_Z,_Z,_Z,2006,A,YR,
73.381736,P1Y,0,,A,PU,_Z,2,,,False,WB_WDI,WB_WDI_SP_DYN_LE00_IN,LTE,_T,_T,_T,_Z,_Z,_Z,2006,A,YR,
72.833227,P1Y,0,,A,PU,_Z,2,,,False,WB_WDI,WB_WDI_SP_DYN_LE00_IN,LCN,_T,_T,_T,_Z,_Z,_Z,2006,A,YR,
72.54701,P1Y,0,,A,PU,_Z,2,,,False,WB_WDI,WB_WDI_SP_DYN_LE00_IN,LAC,_T,_T,_T,_Z,_Z,_Z,2006,A,YR,
72.522,P1Y,0,,A,PU,_Z,2,,,False,WB_WDI,WB_WDI_SP_DYN_LE00_IN,MAR,_T,_T,_T,_Z,_Z,_Z,2014,A,YR,
57.965,P1Y,0,,A,PU,_Z,2,,,False,WB_WDI,WB_WDI_SP_DYN_LE00_IN,MOZ,_T,_T,_T,_Z,_Z,_Z,2014,A,YR,
64.994,P1Y,0,,A,PU,_Z,2,,,False,WB_WDI,WB_WDI_SP_DYN_LE00_IN,MMR,_T,_T,_T,_Z,_Z,_Z,2014,A,YR,
59.311,P1Y,0,,A,PU,_Z,2,,,False,WB_WDI,WB_WDI_SP_DYN_LE00_IN,NAM,_T,_T,_T,_Z,_Z,_Z,2014,A,YR,
60.834,P1Y,0,,A,PU,_Z,2,,,False,WB_WDI,WB_WDI_SP_DYN_LE00_IN,NRU,_T,_T,_T,_Z,_Z,_Z,2014,A,YR,
67.812,P1Y,0,,A,PU,_Z,2,,,False,WB_WDI,WB_WDI_SP_DYN_LE00_IN,NPL,_T,_T,_T,_Z,_Z,_Z,2014,A,YR,
81.707317,P1Y,0,,A,PU,_Z,2,,,False,WB_WDI,WB_WDI_SP_DYN_LE00_IN,NLD,_T,_T,_T,_Z,_Z,_Z,2014,A,YR,
77.053,P1Y,0,,A,PU,_Z,2,,,False,WB_WDI,WB_WDI_SP_DYN_LE00_IN,NCL,_T,_T,_T,_Z,_Z,_Z,2014,A,YR,
81.456829,P1Y,0,,A,PU,_Z,2,,,False,WB_WDI,WB_WDI_SP_DYN_LE00_IN,NZL,_T,_T,_T,_Z,_Z,_Z,2014,A,YR,
72.792,P1Y,0,,A,PU,_Z,2,,,False,WB_WDI,WB_WDI_SP_DYN_LE00_IN,NIC,_T,_T,_T,_Z,_Z,_Z,2014,A,YR,
58.693,P1Y,0,,A,PU,_Z,2,,,False,WB_WDI,WB_WDI_SP_DYN_LE00_IN,NER,_T,_T,_T,_Z,_Z,_Z,2014,A,YR,
69.111446,P1Y,0,,A,PU,_Z,2,,,False,WB_WDI,WB_WDI_SP_DYN_LE00_IN,WLD,_T,_T,_T,_Z,_Z,_Z,2005,A,YR,
58.247,P1Y,0,,A,PU,_Z,2,,,False,WB_WDI,WB_WDI_SP_DYN_LE00_IN,AFG,_T,_T,_T,_Z,_Z,_Z,2005,A,YR,
76.427,P1Y,0,,A,PU,_Z,2,,,False,WB_WDI,WB_WDI_SP_DYN_LE00_IN,ALB,_T,_T,_T,_Z,_Z,_Z,2005,A,YR,
72.836,P1Y,0,,A,PU,_Z,2,,,False,WB_WDI,WB_WDI_SP_DYN_LE00_IN,DZA,_T,_T,_T,_Z,_Z,_Z,2005,A,YR,
72.382,P1Y,0,,A,PU,_Z,2,,,False,WB_WDI,WB_WDI_SP_DYN_LE00_IN,ASM,_T,_T,_T,_Z,_Z,_Z,2005,A,YR,
83.086,P1Y,0,,A,PU,_Z,2,,,False,WB_WDI,WB_WDI_SP_DYN_LE00_IN,AND,_T,_T,_T,_Z,_Z,_Z,2005,A,YR,
52.13,P1Y,0,,A,PU,_Z,2,,,False,WB_WDI,WB_WDI_SP_DYN_LE00_IN,AGO,_T,_T,_T,_Z,_Z,_Z,2005,A,YR,
75.364,P1Y,0,,A,PU,_Z,2,,,False,WB_WDI,WB_WDI_SP_DYN_LE00_IN,ATG,_T,_T,_T,_Z,_Z,_Z,2005,A,YR,
75.231,P1Y,0,,A,PU,_Z,2,,,False,WB_WDI,WB_WDI_SP_DYN_LE00_IN,ARG,_T,_T,_T,_Z,_Z,_Z,2005,A,YR,
73.07561,P1Y,0,,A,PU,_Z,2,,,False,WB_WDI,WB_WDI_SP_DYN_LE00_IN,ARM,_T,_T,_T,_Z,_Z,_Z,2005,A,YR,
73.415,P1Y,0,,A,PU,_Z,2,,,False,WB_WDI,WB_WDI_SP_DYN_LE00_IN,ABW,_T,_T,_T,_Z,_Z,_Z,2005,A,YR,
80.841463,P1Y,0,,A,PU,_Z,2,,,False,WB_WDI,WB_WDI_SP_DYN_LE00_IN,AUS,_T,_T,_T,_Z,_Z,_Z,2005,A,YR,
79.331707,P1Y,0,,A,PU,_Z,2,,,False,WB_WDI,WB_WDI_SP_DYN_LE00_IN,AUT,_T,_T,_T,_Z,_Z,_Z,2005,A,YR,
55.599272,P1Y,0,,A,PU,_Z,2,,,False,WB_WDI,WB_WDI_SP_DYN_LE00_IN,IDB,_T,_T,_T,_Z,_Z,_Z,2000,A,YR,
56.843203,P1Y,0,,A,PU,_Z,2,,,False,WB_WDI,WB_WDI_SP_DYN_LE00_IN,IDX,_T,_T,_T,_Z,_Z,_Z,2000,A,YR,
56.410499,P1Y,0,,A,PU,_Z,2,,,False,WB_WDI,WB_WDI_SP_DYN_LE00_IN,IDA,_T,_T,_T,_Z,_Z,_Z,2000,A,YR,
71.285308,P1Y,0,,A,PU,_Z,2,,,False,WB_WDI,WB_WDI_SP_DYN_LE00_IN,LTE,_T,_T,_T,_Z,_Z,_Z,2000,A,YR,
70.869141,P1Y,0,,A,PU,_Z,2,,,False,WB_WDI,WB_WDI_SP_DYN_LE00_IN,LCN,_T,_T,_T,_Z,_Z,_Z,2000,A,YR,
70.549899,P1Y,0,,A,PU,_Z,2,,,False,WB_WDI,WB_WDI_SP_DYN_LE00_IN,LAC,_T,_T,_T,_Z,_Z,_Z,2000,A,YR,
70.71841,P1Y,0,,A,PU,_Z,2,,,False,WB_WDI,WB_WDI_SP_DYN_LE00_IN,TLA,_T,_T,_T,_Z,_Z,_Z,2000,A,YR,
55.401311,P1Y,0,,A,PU,_Z,2,,,False,WB_WDI,WB_WDI_SP_DYN_LE00_IN,LDC,_T,_T,_T,_Z,_Z,_Z,2000,A,YR,
65.502647,P1Y,0,,A,PU,_Z,2,,,False,WB_WDI,WB_WDI_SP_DYN_LE00_IN,LMY,_T,_T,_T,_Z,_Z,_Z,2000,A,YR,
53.565827,P1Y,0,,A,PU,_Z,2,,,False,WB_WDI,WB_WDI_SP_DYN_LE00_IN,LIC,_T,_T,_T,_Z,_Z,_Z,2000,A,YR,
61.067604,P1Y,0,,A,PU,_Z,2,,,False,WB_WDI,WB_WDI_SP_DYN_LE00_IN,LMC,_T,_T,_T,_Z,_Z,_Z,2000,A,YR,
66.222514,P1Y,0,,A,PU,_Z,2,,,False,WB_WDI,WB_WDI_SP_DYN_LE00_IN,MEA,_T,_T,_T,_Z,_Z,_Z,2000,A,YR,
65.636847,P1Y,0,,A,PU,_Z,2,,,False,WB_WDI,WB_WDI_SP_DYN_LE00_IN,MNA,_T,_T,_T,_Z,_Z,_Z,2000,A,YR,
65.607241,P1Y,0,,A,PU,_Z,2,,,False,WB_WDI,WB_WDI_SP_DYN_LE00_IN,TMN,_T,_T,_T,_Z,_Z,_Z,2000,A,YR,
66.519029,P1Y,0,,A,PU,_Z,2,,,False,WB_WDI,WB_WDI_SP_DYN_LE00_IN,MIC,_T,_T,_T,_Z,_Z,_Z,2000,A,YR,
72.513,P1Y,0,,A,PU,_Z,2,,,False,WB_WDI,WB_WDI_SP_DYN_LE00_IN,TTO,_T,_T,_T,_Z,_Z,_Z,2012,A,YR,
74.599,P1Y,0,,A,PU,_Z,2,,,False,WB_WDI,WB_WDI_SP_DYN_LE00_IN,TUN,_T,_T,_T,_Z,_Z,_Z,2012,A,YR,
75.552,P1Y,0,,A,PU,_Z,2,,,False,WB_WDI,WB_WDI_SP_DYN_LE00_IN,TUR,_T,_T,_T,_Z,_Z,_Z,2012,A,YR,
68.961,P1Y,0,,A,PU,_Z,2,,,False,WB_WDI,WB_WDI_SP_DYN_LE00_IN,TKM,_T,_T,_T,_Z,_Z,_Z,2012,A,YR,
76.969,P1Y,0,,A,PU,_Z,2,,,False,WB_WDI,WB_WDI_SP_DYN_LE00_IN,TCA,_T,_T,_T,_Z,_Z,_Z,2012,A,YR,
65.079,P1Y,0,,A,PU,_Z,2,,,False,WB_WDI,WB_WDI_SP_DYN_LE00_IN,TUV,_T,_T,_T,_Z,_Z,_Z,2012,A,YR,
61.579,P1Y,0,,A,PU,_Z,2,,,False,WB_WDI,WB_WDI_SP_DYN_LE00_IN,UGA,_T,_T,_T,_Z,_Z,_Z,2012,A,YR,
71.09,P1Y,0,,A,PU,_Z,2,,,False,WB_WDI,WB_WDI_SP_DYN_LE00_IN,UKR,_T,_T,_T,_Z,_Z,_Z,2012,A,YR,
81.913,P1Y,0,,A,PU,_Z,2,,,False,WB_WDI,WB_WDI_SP_DYN_LE00_IN,ARE,_T,_T,_T,_Z,_Z,_Z,2012,A,YR,
80.904878,P1Y,0,,A,PU,_Z,2,,,False,WB_WDI,WB_WDI_SP_DYN_LE00_IN,GBR,_T,_T,_T,_Z,_Z,_Z,2012,A,YR,
78.741463,P1Y,0,,A,PU,_Z,2,,,False,WB_WDI,WB_WDI_SP_DYN_LE00_IN,USA,_T,_T,_T,_Z,_Z,_Z,2012,A,YR,
76.691,P1Y,0,,A,PU,_Z,2,,,False,WB_WDI,WB_WDI_SP_DYN_LE00_IN,URY,_T,_T,_T,_Z,_Z,_Z,2012,A,YR,
59.364406,P1Y,0,,A,PU,_Z,2,,,False,WB_WDI,WB_WDI_SP_DYN_LE00_IN,IDB,_T,_T,_T,_Z,_Z,_Z,2011,A,YR,
62.43594,P1Y,0,,A,PU,_Z,2,,,False,WB_WDI,WB_WDI_SP_DYN_LE00_IN,IDX,_T,_T,_T,_Z,_Z,_Z,2011,A,YR,
61.349682,P1Y,0,,A,PU,_Z,2,,,False,WB_WDI,WB_WDI_SP_DYN_LE00_IN,IDA,_T,_T,_T,_Z,_Z,_Z,2011,A,YR,
74.999996,P1Y,0,,A,PU,_Z,2,,,False,WB_WDI,WB_WDI_SP_DYN_LE00_IN,LTE,_T,_T,_T,_Z,_Z,_Z,2011,A,YR,
73.924892,P1Y,0,,A,PU,_Z,2,,,False,WB_WDI,WB_WDI_SP_DYN_LE00_IN,LCN,_T,_T,_T,_Z,_Z,_Z,2011,A,YR,
73.657256,P1Y,0,,A,PU,_Z,2,,,False,WB_WDI,WB_WDI_SP_DYN_LE00_IN,LAC,_T,_T,_T,_Z,_Z,_Z,2011,A,YR,
73.811257,P1Y,0,,A,PU,_Z,2,,,False,WB_WDI,WB_WDI_SP_DYN_LE00_IN,TLA,_T,_T,_T,_Z,_Z,_Z,2011,A,YR,
61.502394,P1Y,0,,A,PU,_Z,2,,,False,WB_WDI,WB_WDI_SP_DYN_LE00_IN,LDC,_T,_T,_T,_Z,_Z,_Z,2011,A,YR,
69.123782,P1Y,0,,A,PU,_Z,2,,,False,WB_WDI,WB_WDI_SP_DYN_LE00_IN,LMY,_T,_T,_T,_Z,_Z,_Z,2011,A,YR,
60.023428,P1Y,0,,A,PU,_Z,2,,,False,WB_WDI,WB_WDI_SP_DYN_LE00_IN,LIC,_T,_T,_T,_Z,_Z,_Z,2011,A,YR,
65.544811,P1Y,0,,A,PU,_Z,2,,,False,WB_WDI,WB_WDI_SP_DYN_LE00_IN,LMC,_T,_T,_T,_Z,_Z,_Z,2011,A,YR,
69.39403,P1Y,0,,A,PU,_Z,2,,,False,WB_WDI,WB_WDI_SP_DYN_LE00_IN,MEA,_T,_T,_T,_Z,_Z,_Z,2011,A,YR,
68.66241,P1Y,0,,A,PU,_Z,2,,,False,WB_WDI,WB_WDI_SP_DYN_LE00_IN,MNA,_T,_T,_T,_Z,_Z,_Z,2011,A,YR,
62.116,P1Y,0,,A,PU,_Z,2,,,False,WB_WDI,WB_WDI_SP_DYN_LE00_IN,DJI,_T,_T,_T,_Z,_Z,_Z,2013,A,YR,
71.228,P1Y,0,,A,PU,_Z,2,,,False,WB_WDI,WB_WDI_SP_DYN_LE00_IN,DMA,_T,_T,_T,_Z,_Z,_Z,2013,A,YR,
73.038,P1Y,0,,A,PU,_Z,2,,,False,WB_WDI,WB_WDI_SP_DYN_LE00_IN,DOM,_T,_T,_T,_Z,_Z,_Z,2013,A,YR,
75.832,P1Y,0,,A,PU,_Z,2,,,False,WB_WDI,WB_WDI_SP_DYN_LE00_IN,ECU,_T,_T,_T,_Z,_Z,_Z,2013,A,YR,
69.632,P1Y,0,,A,PU,_Z,2,,,False,WB_WDI,WB_WDI_SP_DYN_LE00_IN,EGY,_T,_T,_T,_Z,_Z,_Z,2013,A,YR,
71.225,P1Y,0,,A,PU,_Z,2,,,False,WB_WDI,WB_WDI_SP_DYN_LE00_IN,SLV,_T,_T,_T,_Z,_Z,_Z,2013,A,YR,
59.784,P1Y,0,,A,PU,_Z,2,,,False,WB_WDI,WB_WDI_SP_DYN_LE00_IN,GNQ,_T,_T,_T,_Z,_Z,_Z,2013,A,YR,
65.005,P1Y,0,,A,PU,_Z,2,,,False,WB_WDI,WB_WDI_SP_DYN_LE00_IN,ERI,_T,_T,_T,_Z,_Z,_Z,2013,A,YR,
77.141463,P1Y,0,,A,PU,_Z,2,,,False,WB_WDI,WB_WDI_SP_DYN_LE00_IN,EST,_T,_T,_T,_Z,_Z,_Z,2013,A,YR,
52.11,P1Y,0,,A,PU,_Z,2,,,False,WB_WDI,WB_WDI_SP_DYN_LE00_IN,SWZ,_T,_T,_T,_Z,_Z,_Z,2013,A,YR,
62.161,P1Y,0,,A,PU,_Z,2,,,False,WB_WDI,WB_WDI_SP_DYN_LE00_IN,ETH,_T,_T,_T,_Z,_Z,_Z,2013,A,YR,
81.356644,P1Y,0,,A,PU,_Z,2,,,False,WB_WDI,WB_WDI_SP_DYN_LE00_IN,FRO,_T,_T,_T,_Z,_Z,_Z,2013,A,YR,
57.246705,P1Y,0,,A,PU,_Z,2,,,False,WB_WDI,WB_WDI_SP_DYN_LE00_IN,HPC,_T,_T,_T,_Z,_Z,_Z,2007,A,YR,
77.863114,P1Y,0,,A,PU,_Z,2,,,False,WB_WDI,WB_WDI_SP_DYN_LE00_IN,HIC,_T,_T,_T,_Z,_Z,_Z,2007,A,YR,
70.514245,P1Y,0,,A,PU,_Z,2,,,False,WB_WDI,WB_WDI_SP_DYN_LE00_IN,IBD,_T,_T,_T,_Z,_Z,_Z,2007,A,YR,
67.967,P1Y,0,,A,PU,_Z,2,,,False,WB_WDI,WB_WDI_SP_DYN_LE00_IN,IBT,_T,_T,_T,_Z,_Z,_Z,2007,A,YR,
58.060091,P1Y,0,,A,PU,_Z,2,,,False,WB_WDI,WB_WDI_SP_DYN_LE00_IN,IDB,_T,_T,_T,_Z,_Z,_Z,2007,A,YR,
60.73289,P1Y,0,,A,PU,_Z,2,,,False,WB_WDI,WB_WDI_SP_DYN_LE00_IN,IDX,_T,_T,_T,_Z,_Z,_Z,2007,A,YR,
59.795164,P1Y,0,,A,PU,_Z,2,,,False,WB_WDI,WB_WDI_SP_DYN_LE00_IN,IDA,_T,_T,_T,_Z,_Z,_Z,2007,A,YR,
73.774928,P1Y,0,,A,PU,_Z,2,,,False,WB_WDI,WB_WDI_SP_DYN_LE00_IN,LTE,_T,_T,_T,_Z,_Z,_Z,2007,A,YR,
73.05933,P1Y,0,,A,PU,_Z,2,,,False,WB_WDI,WB_WDI_SP_DYN_LE00_IN,LCN,_T,_T,_T,_Z,_Z,_Z,2007,A,YR,
72.77893,P1Y,0,,A,PU,_Z,2,,,False,WB_WDI,WB_WDI_SP_DYN_LE00_IN,LAC,_T,_T,_T,_Z,_Z,_Z,2007,A,YR,
72.933772,P1Y,0,,A,PU,_Z,2,,,False,WB_WDI,WB_WDI_SP_DYN_LE00_IN,TLA,_T,_T,_T,_Z,_Z,_Z,2007,A,YR,
59.613996,P1Y,0,,A,PU,_Z,2,,,False,WB_WDI,WB_WDI_SP_DYN_LE00_IN,LDC,_T,_T,_T,_Z,_Z,_Z,2007,A,YR,
67.870514,P1Y,0,,A,PU,_Z,2,,,False,WB_WDI,WB_WDI_SP_DYN_LE00_IN,LMY,_T,_T,_T,_Z,_Z,_Z,2007,A,YR,
76.361,P1Y,0,,A,PU,_Z,2,,,False,WB_WDI,WB_WDI_SP_DYN_LE00_IN,GUM,_T,_T,_T,_Z,_Z,_Z,2013,A,YR,
70.878,P1Y,0,,A,PU,_Z,2,,,False,WB_WDI,WB_WDI_SP_DYN_LE00_IN,GTM,_T,_T,_T,_Z,_Z,_Z,2013,A,YR,
57.459,P1Y,0,,A,PU,_Z,2,,,False,WB_WDI,WB_WDI_SP_DYN_LE00_IN,GIN,_T,_T,_T,_Z,_Z,_Z,2013,A,YR,
58.879,P1Y,0,,A,PU,_Z,2,,,False,WB_WDI,WB_WDI_SP_DYN_LE00_IN,GNB,_T,_T,_T,_Z,_Z,_Z,2013,A,YR,
66.71,P1Y,0,,A,PU,_Z,2,,,False,WB_WDI,WB_WDI_SP_DYN_LE00_IN,GUY,_T,_T,_T,_Z,_Z,_Z,2013,A,YR,
62.624,P1Y,0,,A,PU,_Z,2,,,False,WB_WDI,WB_WDI_SP_DYN_LE00_IN,HTI,_T,_T,_T,_Z,_Z,_Z,2013,A,YR,
70.765,P1Y,0,,A,PU,_Z,2,,,False,WB_WDI,WB_WDI_SP_DYN_LE00_IN,HND,_T,_T,_T,_Z,_Z,_Z,2013,A,YR,
83.83122,P1Y,0,,A,PU,_Z,2,,,False,WB_WDI,WB_WDI_SP_DYN_LE00_IN,HKG,_T,_T,_T,_Z,_Z,_Z,2013,A,YR,
75.565854,P1Y,0,,A,PU,_Z,2,,,False,WB_WDI,WB_WDI_SP_DYN_LE00_IN,HUN,_T,_T,_T,_Z,_Z,_Z,2013,A,YR,
82.060976,P1Y,0,,A,PU,_Z,2,,,False,WB_WDI,WB_WDI_SP_DYN_LE00_IN,ISL,_T,_T,_T,_Z,_Z,_Z,2013,A,YR,
68.499,P1Y,0,,A,PU,_Z,2,,,False,WB_WDI,WB_WDI_SP_DYN_LE00_IN,IND,_T,_T,_T,_Z,_Z,_Z,2013,A,YR,
69.683902,P1Y,0,,A,PU,_Z,2,,,False,WB_WDI,WB_WDI_SP_DYN_LE00_IN,RUS,_T,_T,_T,_Z,_Z,_Z,2011,A,YR,
63.476,P1Y,0,,A,PU,_Z,2,,,False,WB_WDI,WB_WDI_SP_DYN_LE00_IN,RWA,_T,_T,_T,_Z,_Z,_Z,2011,A,YR,
71.393,P1Y,0,,A,PU,_Z,2,,,False,WB_WDI,WB_WDI_SP_DYN_LE00_IN,WSM,_T,_T,_T,_Z,_Z,_Z,2011,A,YR,
83.713,P1Y,0,,A,PU,_Z,2,,,False,WB_WDI,WB_WDI_SP_DYN_LE00_IN,SMR,_T,_T,_T,_Z,_Z,_Z,2011,A,YR,
64.122,P1Y,0,,A,PU,_Z,2,,,False,WB_WDI,WB_WDI_SP_DYN_LE00_IN,STP,_T,_T,_T,_Z,_Z,_Z,2011,A,YR,
75.808,P1Y,0,,A,PU,_Z,2,,,False,WB_WDI,WB_WDI_SP_DYN_LE00_IN,SAU,_T,_T,_T,_Z,_Z,_Z,2011,A,YR,
64.799,P1Y,0,,A,PU,_Z,2,,,False,WB_WDI,WB_WDI_SP_DYN_LE00_IN,SEN,_T,_T,_T,_Z,_Z,_Z,2011,A,YR,
74.536585,P1Y,0,,A,PU,_Z,2,,,False,WB_WDI,WB_WDI_SP_DYN_LE00_IN,SRB,_T,_T,_T,_Z,_Z,_Z,2011,A,YR,
72.72439,P1Y,0,,A,PU,_Z,2,,,False,WB_WDI,WB_WDI_SP_DYN_LE00_IN,SYC,_T,_T,_T,_Z,_Z,_Z,2011,A,YR,
52.594,P1Y,0,,A,PU,_Z,2,,,False,WB_WDI,WB_WDI_SP_DYN_LE00_IN,SLE,_T,_T,_T,_Z,_Z,_Z,2011,A,YR,
81.743902,P1Y,0,,A,PU,_Z,2,,,False,WB_WDI,WB_WDI_SP_DYN_LE00_IN,SGP,_T,_T,_T,_Z,_Z,_Z,2011,A,YR,
74.868,P1Y,0,,A,PU,_Z,2,,,False,WB_WDI,WB_WDI_SP_DYN_LE00_IN,SXM,_T,_T,_T,_Z,_Z,_Z,2011,A,YR,
72.719725,P1Y,0,,A,PU,_Z,2,,,False,WB_WDI,WB_WDI_SP_DYN_LE00_IN,CEB,_T,_T,_T,_Z,_Z,_Z,2000,A,YR,
64.21961,P1Y,0,,A,PU,_Z,2,,,False,WB_WDI,WB_WDI_SP_DYN_LE00_IN,EAR,_T,_T,_T,_Z,_Z,_Z,2000,A,YR,
71.702832,P1Y,0,,A,PU,_Z,2,,,False,WB_WDI,WB_WDI_SP_DYN_LE00_IN,EAS,_T,_T,_T,_Z,_Z,_Z,2000,A,YR,
70.735707,P1Y,0,,A,PU,_Z,2,,,False,WB_WDI,WB_WDI_SP_DYN_LE00_IN,EAP,_T,_T,_T,_Z,_Z,_Z,2000,A,YR,
70.865083,P1Y,0,,A,PU,_Z,2,,,False,WB_WDI,WB_WDI_SP_DYN_LE00_IN,TEA,_T,_T,_T,_Z,_Z,_Z,2000,A,YR,
78.03987,P1Y,0,,A,PU,_Z,2,,,False,WB_WDI,WB_WDI_SP_DYN_LE00_IN,EMU,_T,_T,_T,_Z,_Z,_Z,2000,A,YR,
73.113712,P1Y,0,,A,PU,_Z,2,,,False,WB_WDI,WB_WDI_SP_DYN_LE00_IN,ECS,_T,_T,_T,_Z,_Z,_Z,2000,A,YR,
68.857053,P1Y,0,,A,PU,_Z,2,,,False,WB_WDI,WB_WDI_SP_DYN_LE00_IN,ECA,_T,_T,_T,_Z,_Z,_Z,2000,A,YR,
68.36658,P1Y,0,,A,PU,_Z,2,,,False,WB_WDI,WB_WDI_SP_DYN_LE00_IN,TEC,_T,_T,_T,_Z,_Z,_Z,2000,A,YR,
77.078245,P1Y,0,,A,PU,_Z,2,,,False,WB_WDI,WB_WDI_SP_DYN_LE00_IN,EUU,_T,_T,_T,_Z,_Z,_Z,2000,A,YR,
53.001605,P1Y,0,,A,PU,_Z,2,,,False,WB_WDI,WB_WDI_SP_DYN_LE00_IN,HPC,_T,_T,_T,_Z,_Z,_Z,2000,A,YR,
76.041757,P1Y,0,,A,PU,_Z,2,,,False,WB_WDI,WB_WDI_SP_DYN_LE00_IN,HIC,_T,_T,_T,_Z,_Z,_Z,2000,A,YR,
68.286965,P1Y,0,,A,PU,_Z,2,,,False,WB_WDI,WB_WDI_SP_DYN_LE00_IN,IBD,_T,_T,_T,_Z,_Z,_Z,2000,A,YR,
65.656876,P1Y,0,,A,PU,_Z,2,,,False,WB_WDI,WB_WDI_SP_DYN_LE00_IN,IBT,_T,_T,_T,_Z,_Z,_Z,2000,A,YR,
74.017073,P1Y,0,,A,PU,_Z,2,,,False,WB_WDI,WB_WDI_SP_DYN_LE00_IN,MUS,_T,_T,_T,_Z,_Z,_Z,2013,A,YR,
74.289,P1Y,0,,A,PU,_Z,2,,,False,WB_WDI,WB_WDI_SP_DYN_LE00_IN,MEX,_T,_T,_T,_Z,_Z,_Z,2013,A,YR,
65.179,P1Y,0,,A,PU,_Z,2,,,False,WB_WDI,WB_WDI_SP_DYN_LE00_IN,FSM,_T,_T,_T,_Z,_Z,_Z,2013,A,YR,
70.291,P1Y,0,,A,PU,_Z,2,,,False,WB_WDI,WB_WDI_SP_DYN_LE00_IN,MDA,_T,_T,_T,_Z,_Z,_Z,2013,A,YR,
85.056,P1Y,0,,A,PU,_Z,2,,,False,WB_WDI,WB_WDI_SP_DYN_LE00_IN,MCO,_T,_T,_T,_Z,_Z,_Z,2013,A,YR,
70.098049,P1Y,0,,A,PU,_Z,2,,,False,WB_WDI,WB_WDI_SP_DYN_LE00_IN,MNG,_T,_T,_T,_Z,_Z,_Z,2013,A,YR,
76.490244,P1Y,0,,A,PU,_Z,2,,,False,WB_WDI,WB_WDI_SP_DYN_LE00_IN,MNE,_T,_T,_T,_Z,_Z,_Z,2013,A,YR,
72.117,P1Y,0,,A,PU,_Z,2,,,False,WB_WDI,WB_WDI_SP_DYN_LE00_IN,MAR,_T,_T,_T,_Z,_Z,_Z,2013,A,YR,
57.189,P1Y,0,,A,PU,_Z,2,,,False,WB_WDI,WB_WDI_SP_DYN_LE00_IN,MOZ,_T,_T,_T,_Z,_Z,_Z,2013,A,YR,
64.617,P1Y,0,,A,PU,_Z,2,,,False,WB_WDI,WB_WDI_SP_DYN_LE00_IN,MMR,_T,_T,_T,_Z,_Z,_Z,2013,A,YR,
58.468,P1Y,0,,A,PU,_Z,2,,,False,WB_WDI,WB_WDI_SP_DYN_LE00_IN,NAM,_T,_T,_T,_Z,_Z,_Z,2013,A,YR,
69.064,P1Y,0,,A,PU,_Z,2,,,False,WB_WDI,WB_WDI_SP_DYN_LE00_IN,IDN,_T,_T,_T,_Z,_Z,_Z,2013,A,YR,
75.349,P1Y,0,,A,PU,_Z,2,,,False,WB_WDI,WB_WDI_SP_DYN_LE00_IN,IRN,_T,_T,_T,_Z,_Z,_Z,2013,A,YR,
69.047,P1Y,0,,A,PU,_Z,2,,,False,WB_WDI,WB_WDI_SP_DYN_LE00_IN,IRQ,_T,_T,_T,_Z,_Z,_Z,2013,A,YR,
80.94878,P1Y,0,,A,PU,_Z,2,,,False,WB_WDI,WB_WDI_SP_DYN_LE00_IN,IRL,_T,_T,_T,_Z,_Z,_Z,2013,A,YR,
80.12,P1Y,0,,A,PU,_Z,2,,,False,WB_WDI,WB_WDI_SP_DYN_LE00_IN,IMN,_T,_T,_T,_Z,_Z,_Z,2013,A,YR,
82.056098,P1Y,0,,A,PU,_Z,2,,,False,WB_WDI,WB_WDI_SP_DYN_LE00_IN,ISR,_T,_T,_T,_Z,_Z,_Z,2013,A,YR,
82.690244,P1Y,0,,A,PU,_Z,2,,,False,WB_WDI,WB_WDI_SP_DYN_LE00_IN,ITA,_T,_T,_T,_Z,_Z,_Z,2013,A,YR,
72.435,P1Y,0,,A,PU,_Z,2,,,False,WB_WDI,WB_WDI_SP_DYN_LE00_IN,JAM,_T,_T,_T,_Z,_Z,_Z,2013,A,YR,
83.331951,P1Y,0,,A,PU,_Z,2,,,False,WB_WDI,WB_WDI_SP_DYN_LE00_IN,JPN,_T,_T,_T,_Z,_Z,_Z,2013,A,YR,
74.282,P1Y,0,,A,PU,_Z,2,,,False,WB_WDI,WB_WDI_SP_DYN_LE00_IN,JOR,_T,_T,_T,_Z,_Z,_Z,2013,A,YR,
70.719,P1Y,0,,A,PU,_Z,2,,,False,WB_WDI,WB_WDI_SP_DYN_LE00_IN,KAZ,_T,_T,_T,_Z,_Z,_Z,2013,A,YR,
61.729,P1Y,0,,A,PU,_Z,2,,,False,WB_WDI,WB_WDI_SP_DYN_LE00_IN,KEN,_T,_T,_T,_Z,_Z,_Z,2013,A,YR,
56.484353,P1Y,0,,A,PU,_Z,2,,,False,WB_WDI,WB_WDI_SP_DYN_LE00_IN,AFE,_T,_T,_T,_Z,_Z,_Z,2007,A,YR,
53.478842,P1Y,0,,A,PU,_Z,2,,,False,WB_WDI,WB_WDI_SP_DYN_LE00_IN,AFW,_T,_T,_T,_Z,_Z,_Z,2007,A,YR,
68.879226,P1Y,0,,A,PU,_Z,2,,,False,WB_WDI,WB_WDI_SP_DYN_LE00_IN,ARB,_T,_T,_T,_Z,_Z,_Z,2007,A,YR,
70.293733,P1Y,0,,A,PU,_Z,2,,,False,WB_WDI,WB_WDI_SP_DYN_LE00_IN,CSS,_T,_T,_T,_Z,_Z,_Z,2007,A,YR,
74.250649,P1Y,0,,A,PU,_Z,2,,,False,WB_WDI,WB_WDI_SP_DYN_LE00_IN,CEB,_T,_T,_T,_Z,_Z,_Z,2007,A,YR,
66.760547,P1Y,0,,A,PU,_Z,2,,,False,WB_WDI,WB_WDI_SP_DYN_LE00_IN,EAR,_T,_T,_T,_Z,_Z,_Z,2007,A,YR,
73.894851,P1Y,0,,A,PU,_Z,2,,,False,WB_WDI,WB_WDI_SP_DYN_LE00_IN,EAS,_T,_T,_T,_Z,_Z,_Z,2007,A,YR,
72.993754,P1Y,0,,A,PU,_Z,2,,,False,WB_WDI,WB_WDI_SP_DYN_LE00_IN,EAP,_T,_T,_T,_Z,_Z,_Z,2007,A,YR,
73.045033,P1Y,0,,A,PU,_Z,2,,,False,WB_WDI,WB_WDI_SP_DYN_LE00_IN,TEA,_T,_T,_T,_Z,_Z,_Z,2007,A,YR,
79.886198,P1Y,0,,A,PU,_Z,2,,,False,WB_WDI,WB_WDI_SP_DYN_LE00_IN,EMU,_T,_T,_T,_Z,_Z,_Z,2007,A,YR,
75.008654,P1Y,0,,A,PU,_Z,2,,,False,WB_WDI,WB_WDI_SP_DYN_LE00_IN,ECS,_T,_T,_T,_Z,_Z,_Z,2007,A,YR,
70.557979,P1Y,0,,A,PU,_Z,2,,,False,WB_WDI,WB_WDI_SP_DYN_LE00_IN,ECA,_T,_T,_T,_Z,_Z,_Z,2007,A,YR,
70.180343,P1Y,0,,A,PU,_Z,2,,,False,WB_WDI,WB_WDI_SP_DYN_LE00_IN,TEC,_T,_T,_T,_Z,_Z,_Z,2007,A,YR,
78.906045,P1Y,0,,A,PU,_Z,2,,,False,WB_WDI,WB_WDI_SP_DYN_LE00_IN,EUU,_T,_T,_T,_Z,_Z,_Z,2007,A,YR,
77.330934,P1Y,0,,A,PU,_Z,2,,,False,WB_WDI,WB_WDI_SP_DYN_LE00_IN,ECS,_T,_T,_T,_Z,_Z,_Z,2015,A,YR,
73.755408,P1Y,0,,A,PU,_Z,2,,,False,WB_WDI,WB_WDI_SP_DYN_LE00_IN,ECA,_T,_T,_T,_Z,_Z,_Z,2015,A,YR,
73.340813,P1Y,0,,A,PU,_Z,2,,,False,WB_WDI,WB_WDI_SP_DYN_LE00_IN,TEC,_T,_T,_T,_Z,_Z,_Z,2015,A,YR,
80.570797,P1Y,0,,A,PU,_Z,2,,,False,WB_WDI,WB_WDI_SP_DYN_LE00_IN,EUU,_T,_T,_T,_Z,_Z,_Z,2015,A,YR,
61.563776,P1Y,0,,A,PU,_Z,2,,,False,WB_WDI,WB_WDI_SP_DYN_LE00_IN,HPC,_T,_T,_T,_Z,_Z,_Z,2015,A,YR,
79.524318,P1Y,0,,A,PU,_Z,2,,,False,WB_WDI,WB_WDI_SP_DYN_LE00_IN,HIC,_T,_T,_T,_Z,_Z,_Z,2015,A,YR,
73.032849,P1Y,0,,A,PU,_Z,2,,,False,WB_WDI,WB_WDI_SP_DYN_LE00_IN,IBD,_T,_T,_T,_Z,_Z,_Z,2015,A,YR,
70.372771,P1Y,0,,A,PU,_Z,2,,,False,WB_WDI,WB_WDI_SP_DYN_LE00_IN,IBT,_T,_T,_T,_Z,_Z,_Z,2015,A,YR,
60.294495,P1Y,0,,A,PU,_Z,2,,,False,WB_WDI,WB_WDI_SP_DYN_LE00_IN,IDB,_T,_T,_T,_Z,_Z,_Z,2015,A,YR,
63.884848,P1Y,0,,A,PU,_Z,2,,,False,WB_WDI,WB_WDI_SP_DYN_LE00_IN,IDX,_T,_T,_T,_Z,_Z,_Z,2015,A,YR,
62.614846,P1Y,0,,A,PU,_Z,2,,,False,WB_WDI,WB_WDI_SP_DYN_LE00_IN,IDA,_T,_T,_T,_Z,_Z,_Z,2015,A,YR,
76.076233,P1Y,0,,A,PU,_Z,2,,,False,WB_WDI,WB_WDI_SP_DYN_LE00_IN,LTE,_T,_T,_T,_Z,_Z,_Z,2015,A,YR,
73.242415,P1Y,0,,A,PU,_Z,2,,,False,WB_WDI,WB_WDI_SP_DYN_LE00_IN,CEB,_T,_T,_T,_Z,_Z,_Z,2002,A,YR,
64.968075,P1Y,0,,A,PU,_Z,2,,,False,WB_WDI,WB_WDI_SP_DYN_LE00_IN,EAR,_T,_T,_T,_Z,_Z,_Z,2002,A,YR,
72.357106,P1Y,0,,A,PU,_Z,2,,,False,WB_WDI,WB_WDI_SP_DYN_LE00_IN,EAS,_T,_T,_T,_Z,_Z,_Z,2002,A,YR,
71.39675,P1Y,0,,A,PU,_Z,2,,,False,WB_WDI,WB_WDI_SP_DYN_LE00_IN,EAP,_T,_T,_T,_Z,_Z,_Z,2002,A,YR,
71.534353,P1Y,0,,A,PU,_Z,2,,,False,WB_WDI,WB_WDI_SP_DYN_LE00_IN,TEA,_T,_T,_T,_Z,_Z,_Z,2002,A,YR,
78.47641,P1Y,0,,A,PU,_Z,2,,,False,WB_WDI,WB_WDI_SP_DYN_LE00_IN,EMU,_T,_T,_T,_Z,_Z,_Z,2002,A,YR,
73.446412,P1Y,0,,A,PU,_Z,2,,,False,WB_WDI,WB_WDI_SP_DYN_LE00_IN,ECS,_T,_T,_T,_Z,_Z,_Z,2002,A,YR,
69.318731,P1Y,0,,A,PU,_Z,2,,,False,WB_WDI,WB_WDI_SP_DYN_LE00_IN,ECA,_T,_T,_T,_Z,_Z,_Z,2002,A,YR,
68.56291,P1Y,0,,A,PU,_Z,2,,,False,WB_WDI,WB_WDI_SP_DYN_LE00_IN,TEC,_T,_T,_T,_Z,_Z,_Z,2002,A,YR,
77.534075,P1Y,0,,A,PU,_Z,2,,,False,WB_WDI,WB_WDI_SP_DYN_LE00_IN,EUU,_T,_T,_T,_Z,_Z,_Z,2002,A,YR,
54.057148,P1Y,0,,A,PU,_Z,2,,,False,WB_WDI,WB_WDI_SP_DYN_LE00_IN,HPC,_T,_T,_T,_Z,_Z,_Z,2002,A,YR,
76.439404,P1Y,0,,A,PU,_Z,2,,,False,WB_WDI,WB_WDI_SP_DYN_LE00_IN,HIC,_T,_T,_T,_Z,_Z,_Z,2002,A,YR,
68.904376,P1Y,0,,A,PU,_Z,2,,,False,WB_WDI,WB_WDI_SP_DYN_LE00_IN,IBD,_T,_T,_T,_Z,_Z,_Z,2002,A,YR,
66.294521,P1Y,0,,A,PU,_Z,2,,,False,WB_WDI,WB_WDI_SP_DYN_LE00_IN,IBT,_T,_T,_T,_Z,_Z,_Z,2002,A,YR,
56.270236,P1Y,0,,A,PU,_Z,2,,,False,WB_WDI,WB_WDI_SP_DYN_LE00_IN,IDB,_T,_T,_T,_Z,_Z,_Z,2002,A,YR,
63.364,P1Y,0,,A,PU,_Z,2,,,False,WB_WDI,WB_WDI_SP_DYN_LE00_IN,TZA,_T,_T,_T,_Z,_Z,_Z,2014,A,YR,
76.279,P1Y,0,,A,PU,_Z,2,,,False,WB_WDI,WB_WDI_SP_DYN_LE00_IN,THA,_T,_T,_T,_Z,_Z,_Z,2014,A,YR,
65.027,P1Y,0,,A,PU,_Z,2,,,False,WB_WDI,WB_WDI_SP_DYN_LE00_IN,TLS,_T,_T,_T,_Z,_Z,_Z,2014,A,YR,
58.776,P1Y,0,,A,PU,_Z,2,,,False,WB_WDI,WB_WDI_SP_DYN_LE00_IN,TGO,_T,_T,_T,_Z,_Z,_Z,2014,A,YR,
71.721,P1Y,0,,A,PU,_Z,2,,,False,WB_WDI,WB_WDI_SP_DYN_LE00_IN,TON,_T,_T,_T,_Z,_Z,_Z,2014,A,YR,
72.898,P1Y,0,,A,PU,_Z,2,,,False,WB_WDI,WB_WDI_SP_DYN_LE00_IN,TTO,_T,_T,_T,_Z,_Z,_Z,2014,A,YR,
74.784,P1Y,0,,A,PU,_Z,2,,,False,WB_WDI,WB_WDI_SP_DYN_LE00_IN,TUN,_T,_T,_T,_Z,_Z,_Z,2014,A,YR,
76.452,P1Y,0,,A,PU,_Z,2,,,False,WB_WDI,WB_WDI_SP_DYN_LE00_IN,TUR,_T,_T,_T,_Z,_Z,_Z,2014,A,YR,
69.001,P1Y,0,,A,PU,_Z,2,,,False,WB_WDI,WB_WDI_SP_DYN_LE00_IN,TKM,_T,_T,_T,_Z,_Z,_Z,2014,A,YR,
77.212,P1Y,0,,A,PU,_Z,2,,,False,WB_WDI,WB_WDI_SP_DYN_LE00_IN,TCA,_T,_T,_T,_Z,_Z,_Z,2014,A,YR,
65.278,P1Y,0,,A,PU,_Z,2,,,False,WB_WDI,WB_WDI_SP_DYN_LE00_IN,TUV,_T,_T,_T,_Z,_Z,_Z,2014,A,YR,
63.057,P1Y,0,,A,PU,_Z,2,,,False,WB_WDI,WB_WDI_SP_DYN_LE00_IN,UGA,_T,_T,_T,_Z,_Z,_Z,2014,A,YR,
81.287805,P1Y,0,,A,PU,_Z,2,,,False,WB_WDI,WB_WDI_SP_DYN_LE00_IN,GRC,_T,_T,_T,_Z,_Z,_Z,2017,A,YR,
71.256341,P1Y,0,,A,PU,_Z,2,,,False,WB_WDI,WB_WDI_SP_DYN_LE00_IN,GRL,_T,_T,_T,_Z,_Z,_Z,2017,A,YR,
74.977,P1Y,0,,A,PU,_Z,2,,,False,WB_WDI,WB_WDI_SP_DYN_LE00_IN,GRD,_T,_T,_T,_Z,_Z,_Z,2017,A,YR,
76.463,P1Y,0,,A,PU,_Z,2,,,False,WB_WDI,WB_WDI_SP_DYN_LE00_IN,GUM,_T,_T,_T,_Z,_Z,_Z,2017,A,YR,
71.583,P1Y,0,,A,PU,_Z,2,,,False,WB_WDI,WB_WDI_SP_DYN_LE00_IN,GTM,_T,_T,_T,_Z,_Z,_Z,2017,A,YR,
58.715,P1Y,0,,A,PU,_Z,2,,,False,WB_WDI,WB_WDI_SP_DYN_LE00_IN,GIN,_T,_T,_T,_Z,_Z,_Z,2017,A,YR,
61.148,P1Y,0,,A,PU,_Z,2,,,False,WB_WDI,WB_WDI_SP_DYN_LE00_IN,GNB,_T,_T,_T,_Z,_Z,_Z,2017,A,YR,
68.543,P1Y,0,,A,PU,_Z,2,,,False,WB_WDI,WB_WDI_SP_DYN_LE00_IN,GUY,_T,_T,_T,_Z,_Z,_Z,2017,A,YR,
63.832,P1Y,0,,A,PU,_Z,2,,,False,WB_WDI,WB_WDI_SP_DYN_LE00_IN,HTI,_T,_T,_T,_Z,_Z,_Z,2017,A,YR,
71.805,P1Y,0,,A,PU,_Z,2,,,False,WB_WDI,WB_WDI_SP_DYN_LE00_IN,HND,_T,_T,_T,_Z,_Z,_Z,2017,A,YR,
84.69561,P1Y,0,,A,PU,_Z,2,,,False,WB_WDI,WB_WDI_SP_DYN_LE00_IN,HKG,_T,_T,_T,_Z,_Z,_Z,2017,A,YR,
75.817073,P1Y,0,,A,PU,_Z,2,,,False,WB_WDI,WB_WDI_SP_DYN_LE00_IN,HUN,_T,_T,_T,_Z,_Z,_Z,2017,A,YR,
82.660976,P1Y,0,,A,PU,_Z,2,,,False,WB_WDI,WB_WDI_SP_DYN_LE00_IN,ISL,_T,_T,_T,_Z,_Z,_Z,2017,A,YR,
72.785,P1Y,0,,A,PU,_Z,2,,,False,WB_WDI,WB_WDI_SP_DYN_LE00_IN,TTO,_T,_T,_T,_Z,_Z,_Z,2013,A,YR,
74.674,P1Y,0,,A,PU,_Z,2,,,False,WB_WDI,WB_WDI_SP_DYN_LE00_IN,TUN,_T,_T,_T,_Z,_Z,_Z,2013,A,YR,
76.171,P1Y,0,,A,PU,_Z,2,,,False,WB_WDI,WB_WDI_SP_DYN_LE00_IN,TUR,_T,_T,_T,_Z,_Z,_Z,2013,A,YR,
68.968,P1Y,0,,A,PU,_Z,2,,,False,WB_WDI,WB_WDI_SP_DYN_LE00_IN,TKM,_T,_T,_T,_Z,_Z,_Z,2013,A,YR,
77.1,P1Y,0,,A,PU,_Z,2,,,False,WB_WDI,WB_WDI_SP_DYN_LE00_IN,TCA,_T,_T,_T,_Z,_Z,_Z,2013,A,YR,
65.171,P1Y,0,,A,PU,_Z,2,,,False,WB_WDI,WB_WDI_SP_DYN_LE00_IN,TUV,_T,_T,_T,_Z,_Z,_Z,2013,A,YR,
62.353,P1Y,0,,A,PU,_Z,2,,,False,WB_WDI,WB_WDI_SP_DYN_LE00_IN,UGA,_T,_T,_T,_Z,_Z,_Z,2013,A,YR,
71.474,P1Y,0,,A,PU,_Z,2,,,False,WB_WDI,WB_WDI_SP_DYN_LE00_IN,UKR,_T,_T,_T,_Z,_Z,_Z,2013,A,YR,
81.95,P1Y,0,,A,PU,_Z,2,,,False,WB_WDI,WB_WDI_SP_DYN_LE00_IN,ARE,_T,_T,_T,_Z,_Z,_Z,2013,A,YR,
81.004878,P1Y,0,,A,PU,_Z,2,,,False,WB_WDI,WB_WDI_SP_DYN_LE00_IN,GBR,_T,_T,_T,_Z,_Z,_Z,2013,A,YR,
78.741463,P1Y,0,,A,PU,_Z,2,,,False,WB_WDI,WB_WDI_SP_DYN_LE00_IN,USA,_T,_T,_T,_Z,_Z,_Z,2013,A,YR,
76.953,P1Y,0,,A,PU,_Z,2,,,False,WB_WDI,WB_WDI_SP_DYN_LE00_IN,URY,_T,_T,_T,_Z,_Z,_Z,2013,A,YR,
62.27,P1Y,0,,A,PU,_Z,2,,,False,WB_WDI,WB_WDI_SP_DYN_LE00_IN,AFG,_T,_T,_T,_Z,_Z,_Z,2015,A,YR,
78.358,P1Y,0,,A,PU,_Z,2,,,False,WB_WDI,WB_WDI_SP_DYN_LE00_IN,ALB,_T,_T,_T,_Z,_Z,_Z,2015,A,YR,
75.159,P1Y,0,,A,PU,_Z,2,,,False,WB_WDI,WB_WDI_SP_DYN_LE00_IN,DZA,_T,_T,_T,_Z,_Z,_Z,2015,A,YR,
72.654,P1Y,0,,A,PU,_Z,2,,,False,WB_WDI,WB_WDI_SP_DYN_LE00_IN,ASM,_T,_T,_T,_Z,_Z,_Z,2015,A,YR,
84.532,P1Y,0,,A,PU,_Z,2,,,False,WB_WDI,WB_WDI_SP_DYN_LE00_IN,AND,_T,_T,_T,_Z,_Z,_Z,2015,A,YR,
61.042,P1Y,0,,A,PU,_Z,2,,,False,WB_WDI,WB_WDI_SP_DYN_LE00_IN,AGO,_T,_T,_T,_Z,_Z,_Z,2015,A,YR,
76.892,P1Y,0,,A,PU,_Z,2,,,False,WB_WDI,WB_WDI_SP_DYN_LE00_IN,ATG,_T,_T,_T,_Z,_Z,_Z,2015,A,YR,
76.6,P1Y,0,,A,PU,_Z,2,,,False,WB_WDI,WB_WDI_SP_DYN_LE00_IN,ARG,_T,_T,_T,_Z,_Z,_Z,2015,A,YR,
74.870732,P1Y,0,,A,PU,_Z,2,,,False,WB_WDI,WB_WDI_SP_DYN_LE00_IN,ARM,_T,_T,_T,_Z,_Z,_Z,2015,A,YR,
75.405,P1Y,0,,A,PU,_Z,2,,,False,WB_WDI,WB_WDI_SP_DYN_LE00_IN,ABW,_T,_T,_T,_Z,_Z,_Z,2015,A,YR,
82.4,P1Y,0,,A,PU,_Z,2,,,False,WB_WDI,WB_WDI_SP_DYN_LE00_IN,AUS,_T,_T,_T,_Z,_Z,_Z,2015,A,YR,
81.190244,P1Y,0,,A,PU,_Z,2,,,False,WB_WDI,WB_WDI_SP_DYN_LE00_IN,AUT,_T,_T,_T,_Z,_Z,_Z,2015,A,YR,
71.517,P1Y,0,,A,PU,_Z,2,,,False,WB_WDI,WB_WDI_SP_DYN_LE00_IN,DMA,_T,_T,_T,_Z,_Z,_Z,2011,A,YR,
72.496,P1Y,0,,A,PU,_Z,2,,,False,WB_WDI,WB_WDI_SP_DYN_LE00_IN,DOM,_T,_T,_T,_Z,_Z,_Z,2011,A,YR,
75.179,P1Y,0,,A,PU,_Z,2,,,False,WB_WDI,WB_WDI_SP_DYN_LE00_IN,ECU,_T,_T,_T,_Z,_Z,_Z,2011,A,YR,
69.232,P1Y,0,,A,PU,_Z,2,,,False,WB_WDI,WB_WDI_SP_DYN_LE00_IN,EGY,_T,_T,_T,_Z,_Z,_Z,2011,A,YR,
71.192,P1Y,0,,A,PU,_Z,2,,,False,WB_WDI,WB_WDI_SP_DYN_LE00_IN,SLV,_T,_T,_T,_Z,_Z,_Z,2011,A,YR,
58.827,P1Y,0,,A,PU,_Z,2,,,False,WB_WDI,WB_WDI_SP_DYN_LE00_IN,GNQ,_T,_T,_T,_Z,_Z,_Z,2011,A,YR,
64.231,P1Y,0,,A,PU,_Z,2,,,False,WB_WDI,WB_WDI_SP_DYN_LE00_IN,ERI,_T,_T,_T,_Z,_Z,_Z,2011,A,YR,
76.229268,P1Y,0,,A,PU,_Z,2,,,False,WB_WDI,WB_WDI_SP_DYN_LE00_IN,EST,_T,_T,_T,_Z,_Z,_Z,2011,A,YR,
49.057,P1Y,0,,A,PU,_Z,2,,,False,WB_WDI,WB_WDI_SP_DYN_LE00_IN,SWZ,_T,_T,_T,_Z,_Z,_Z,2011,A,YR,
60.595,P1Y,0,,A,PU,_Z,2,,,False,WB_WDI,WB_WDI_SP_DYN_LE00_IN,ETH,_T,_T,_T,_Z,_Z,_Z,2011,A,YR,
80.85181,P1Y,0,,A,PU,_Z,2,,,False,WB_WDI,WB_WDI_SP_DYN_LE00_IN,FRO,_T,_T,_T,_Z,_Z,_Z,2011,A,YR,
66.88,P1Y,0,,A,PU,_Z,2,,,False,WB_WDI,WB_WDI_SP_DYN_LE00_IN,FJI,_T,_T,_T,_Z,_Z,_Z,2011,A,YR,
74.976098,P1Y,0,,A,PU,_Z,2,,,False,WB_WDI,WB_WDI_SP_DYN_LE00_IN,TLA,_T,_T,_T,_Z,_Z,_Z,2018,A,YR,
64.605429,P1Y,0,,A,PU,_Z,2,,,False,WB_WDI,WB_WDI_SP_DYN_LE00_IN,LDC,_T,_T,_T,_Z,_Z,_Z,2018,A,YR,
71.037709,P1Y,0,,A,PU,_Z,2,,,False,WB_WDI,WB_WDI_SP_DYN_LE00_IN,LMY,_T,_T,_T,_Z,_Z,_Z,2018,A,YR,
62.881066,P1Y,0,,A,PU,_Z,2,,,False,WB_WDI,WB_WDI_SP_DYN_LE00_IN,LIC,_T,_T,_T,_Z,_Z,_Z,2018,A,YR,
67.941443,P1Y,0,,A,PU,_Z,2,,,False,WB_WDI,WB_WDI_SP_DYN_LE00_IN,LMC,_T,_T,_T,_Z,_Z,_Z,2018,A,YR,
70.940321,P1Y,0,,A,PU,_Z,2,,,False,WB_WDI,WB_WDI_SP_DYN_LE00_IN,MEA,_T,_T,_T,_Z,_Z,_Z,2018,A,YR,
70.073367,P1Y,0,,A,PU,_Z,2,,,False,WB_WDI,WB_WDI_SP_DYN_LE00_IN,MNA,_T,_T,_T,_Z,_Z,_Z,2018,A,YR,
70.036844,P1Y,0,,A,PU,_Z,2,,,False,WB_WDI,WB_WDI_SP_DYN_LE00_IN,TMN,_T,_T,_T,_Z,_Z,_Z,2018,A,YR,
71.948463,P1Y,0,,A,PU,_Z,2,,,False,WB_WDI,WB_WDI_SP_DYN_LE00_IN,MIC,_T,_T,_T,_Z,_Z,_Z,2018,A,YR,
78.960277,P1Y,0,,A,PU,_Z,2,,,False,WB_WDI,WB_WDI_SP_DYN_LE00_IN,NAC,_T,_T,_T,_Z,_Z,_Z,2018,A,YR,
80.027365,P1Y,0,,A,PU,_Z,2,,,False,WB_WDI,WB_WDI_SP_DYN_LE00_IN,OED,_T,_T,_T,_Z,_Z,_Z,2018,A,YR,
72.421785,P1Y,0,,A,PU,_Z,2,,,False,WB_WDI,WB_WDI_SP_DYN_LE00_IN,OSS,_T,_T,_T,_Z,_Z,_Z,2018,A,YR,
68.582589,P1Y,0,,A,PU,_Z,2,,,False,WB_WDI,WB_WDI_SP_DYN_LE00_IN,PSS,_T,_T,_T,_Z,_Z,_Z,2018,A,YR,
74.721,P1Y,0,,A,PU,_Z,2,,,False,WB_WDI,WB_WDI_SP_DYN_LE00_IN,IRN,_T,_T,_T,_Z,_Z,_Z,2011,A,YR,
68.435,P1Y,0,,A,PU,_Z,2,,,False,WB_WDI,WB_WDI_SP_DYN_LE00_IN,IRQ,_T,_T,_T,_Z,_Z,_Z,2011,A,YR,
80.746341,P1Y,0,,A,PU,_Z,2,,,False,WB_WDI,WB_WDI_SP_DYN_LE00_IN,IRL,_T,_T,_T,_Z,_Z,_Z,2011,A,YR,
79.836,P1Y,0,,A,PU,_Z,2,,,False,WB_WDI,WB_WDI_SP_DYN_LE00_IN,IMN,_T,_T,_T,_Z,_Z,_Z,2011,A,YR,
81.656098,P1Y,0,,A,PU,_Z,2,,,False,WB_WDI,WB_WDI_SP_DYN_LE00_IN,ISR,_T,_T,_T,_Z,_Z,_Z,2011,A,YR,
82.187805,P1Y,0,,A,PU,_Z,2,,,False,WB_WDI,WB_WDI_SP_DYN_LE00_IN,ITA,_T,_T,_T,_Z,_Z,_Z,2011,A,YR,
72.245,P1Y,0,,A,PU,_Z,2,,,False,WB_WDI,WB_WDI_SP_DYN_LE00_IN,JAM,_T,_T,_T,_Z,_Z,_Z,2011,A,YR,
82.59122,P1Y,0,,A,PU,_Z,2,,,False,WB_WDI,WB_WDI_SP_DYN_LE00_IN,JPN,_T,_T,_T,_Z,_Z,_Z,2011,A,YR,
73.929,P1Y,0,,A,PU,_Z,2,,,False,WB_WDI,WB_WDI_SP_DYN_LE00_IN,JOR,_T,_T,_T,_Z,_Z,_Z,2011,A,YR,
69.108,P1Y,0,,A,PU,_Z,2,,,False,WB_WDI,WB_WDI_SP_DYN_LE00_IN,KAZ,_T,_T,_T,_Z,_Z,_Z,2011,A,YR,
61.283,P1Y,0,,A,PU,_Z,2,,,False,WB_WDI,WB_WDI_SP_DYN_LE00_IN,KEN,_T,_T,_T,_Z,_Z,_Z,2011,A,YR,
59.137335,P1Y,0,,A,PU,_Z,2,,,False,WB_WDI,WB_WDI_SP_DYN_LE00_IN,LIC,_T,_T,_T,_Z,_Z,_Z,2009,A,YR,
64.762211,P1Y,0,,A,PU,_Z,2,,,False,WB_WDI,WB_WDI_SP_DYN_LE00_IN,LMC,_T,_T,_T,_Z,_Z,_Z,2009,A,YR,
68.998721,P1Y,0,,A,PU,_Z,2,,,False,WB_WDI,WB_WDI_SP_DYN_LE00_IN,MEA,_T,_T,_T,_Z,_Z,_Z,2009,A,YR,
68.274455,P1Y,0,,A,PU,_Z,2,,,False,WB_WDI,WB_WDI_SP_DYN_LE00_IN,MNA,_T,_T,_T,_Z,_Z,_Z,2009,A,YR,
68.24796,P1Y,0,,A,PU,_Z,2,,,False,WB_WDI,WB_WDI_SP_DYN_LE00_IN,TMN,_T,_T,_T,_Z,_Z,_Z,2009,A,YR,
69.398095,P1Y,0,,A,PU,_Z,2,,,False,WB_WDI,WB_WDI_SP_DYN_LE00_IN,MIC,_T,_T,_T,_Z,_Z,_Z,2009,A,YR,
78.654713,P1Y,0,,A,PU,_Z,2,,,False,WB_WDI,WB_WDI_SP_DYN_LE00_IN,NAC,_T,_T,_T,_Z,_Z,_Z,2009,A,YR,
78.867059,P1Y,0,,A,PU,_Z,2,,,False,WB_WDI,WB_WDI_SP_DYN_LE00_IN,OED,_T,_T,_T,_Z,_Z,_Z,2009,A,YR,
69.0687,P1Y,0,,A,PU,_Z,2,,,False,WB_WDI,WB_WDI_SP_DYN_LE00_IN,OSS,_T,_T,_T,_Z,_Z,_Z,2009,A,YR,
67.452793,P1Y,0,,A,PU,_Z,2,,,False,WB_WDI,WB_WDI_SP_DYN_LE00_IN,PSS,_T,_T,_T,_Z,_Z,_Z,2009,A,YR,
79.468404,P1Y,0,,A,PU,_Z,2,,,False,WB_WDI,WB_WDI_SP_DYN_LE00_IN,PST,_T,_T,_T,_Z,_Z,_Z,2009,A,YR,
56.509207,P1Y,0,,A,PU,_Z,2,,,False,WB_WDI,WB_WDI_SP_DYN_LE00_IN,PRE,_T,_T,_T,_Z,_Z,_Z,2009,A,YR,
69.27068,P1Y,0,,A,PU,_Z,2,,,False,WB_WDI,WB_WDI_SP_DYN_LE00_IN,SST,_T,_T,_T,_Z,_Z,_Z,2009,A,YR,
69.404878,P1Y,0,,A,PU,_Z,2,,,False,WB_WDI,WB_WDI_SP_DYN_LE00_IN,BLR,_T,_T,_T,_Z,_Z,_Z,2006,A,YR,
79.380488,P1Y,0,,A,PU,_Z,2,,,False,WB_WDI,WB_WDI_SP_DYN_LE00_IN,BEL,_T,_T,_T,_Z,_Z,_Z,2006,A,YR,
70.535,P1Y,0,,A,PU,_Z,2,,,False,WB_WDI,WB_WDI_SP_DYN_LE00_IN,BLZ,_T,_T,_T,_Z,_Z,_Z,2006,A,YR,
57.966,P1Y,0,,A,PU,_Z,2,,,False,WB_WDI,WB_WDI_SP_DYN_LE00_IN,BEN,_T,_T,_T,_Z,_Z,_Z,2006,A,YR,
78.87,P1Y,0,,A,PU,_Z,2,,,False,WB_WDI,WB_WDI_SP_DYN_LE00_IN,BMU,_T,_T,_T,_Z,_Z,_Z,2006,A,YR,
66.499,P1Y,0,,A,PU,_Z,2,,,False,WB_WDI,WB_WDI_SP_DYN_LE00_IN,BTN,_T,_T,_T,_Z,_Z,_Z,2006,A,YR,
64.529,P1Y,0,,A,PU,_Z,2,,,False,WB_WDI,WB_WDI_SP_DYN_LE00_IN,BOL,_T,_T,_T,_Z,_Z,_Z,2006,A,YR,
76.028,P1Y,0,,A,PU,_Z,2,,,False,WB_WDI,WB_WDI_SP_DYN_LE00_IN,BIH,_T,_T,_T,_Z,_Z,_Z,2006,A,YR,
55.112,P1Y,0,,A,PU,_Z,2,,,False,WB_WDI,WB_WDI_SP_DYN_LE00_IN,BWA,_T,_T,_T,_Z,_Z,_Z,2006,A,YR,
72.296,P1Y,0,,A,PU,_Z,2,,,False,WB_WDI,WB_WDI_SP_DYN_LE00_IN,BRA,_T,_T,_T,_Z,_Z,_Z,2006,A,YR,
75.745,P1Y,0,,A,PU,_Z,2,,,False,WB_WDI,WB_WDI_SP_DYN_LE00_IN,VGB,_T,_T,_T,_Z,_Z,_Z,2006,A,YR,
74.753,P1Y,0,,A,PU,_Z,2,,,False,WB_WDI,WB_WDI_SP_DYN_LE00_IN,BRN,_T,_T,_T,_Z,_Z,_Z,2006,A,YR,
58.863,P1Y,0,,A,PU,_Z,2,,,False,WB_WDI,WB_WDI_SP_DYN_LE00_IN,BEN,_T,_T,_T,_Z,_Z,_Z,2013,A,YR,
80.016,P1Y,0,,A,PU,_Z,2,,,False,WB_WDI,WB_WDI_SP_DYN_LE00_IN,BMU,_T,_T,_T,_Z,_Z,_Z,2013,A,YR,
70.161,P1Y,0,,A,PU,_Z,2,,,False,WB_WDI,WB_WDI_SP_DYN_LE00_IN,BTN,_T,_T,_T,_Z,_Z,_Z,2013,A,YR,
66.777,P1Y,0,,A,PU,_Z,2,,,False,WB_WDI,WB_WDI_SP_DYN_LE00_IN,BOL,_T,_T,_T,_Z,_Z,_Z,2013,A,YR,
77.129,P1Y,0,,A,PU,_Z,2,,,False,WB_WDI,WB_WDI_SP_DYN_LE00_IN,BIH,_T,_T,_T,_Z,_Z,_Z,2013,A,YR,
61.217,P1Y,0,,A,PU,_Z,2,,,False,WB_WDI,WB_WDI_SP_DYN_LE00_IN,BWA,_T,_T,_T,_Z,_Z,_Z,2013,A,YR,
74.609,P1Y,0,,A,PU,_Z,2,,,False,WB_WDI,WB_WDI_SP_DYN_LE00_IN,BRA,_T,_T,_T,_Z,_Z,_Z,2013,A,YR,
76.472,P1Y,0,,A,PU,_Z,2,,,False,WB_WDI,WB_WDI_SP_DYN_LE00_IN,VGB,_T,_T,_T,_Z,_Z,_Z,2013,A,YR,
74.854,P1Y,0,,A,PU,_Z,2,,,False,WB_WDI,WB_WDI_SP_DYN_LE00_IN,BRN,_T,_T,_T,_Z,_Z,_Z,2013,A,YR,
74.860976,P1Y,0,,A,PU,_Z,2,,,False,WB_WDI,WB_WDI_SP_DYN_LE00_IN,BGR,_T,_T,_T,_Z,_Z,_Z,2013,A,YR,
57.903,P1Y,0,,A,PU,_Z,2,,,False,WB_WDI,WB_WDI_SP_DYN_LE00_IN,BFA,_T,_T,_T,_Z,_Z,_Z,2013,A,YR,
62.443,P1Y,0,,A,PU,_Z,2,,,False,WB_WDI,WB_WDI_SP_DYN_LE00_IN,CMR,_T,_T,_T,_Z,_Z,_Z,2022,A,YR,
81.094878,P1Y,0,,A,PU,_Z,2,,,False,WB_WDI,WB_WDI_SP_DYN_LE00_IN,CAN,_T,_T,_T,_Z,_Z,_Z,2022,A,YR,
79.984,P1Y,0,,A,PU,_Z,2,,,False,WB_WDI,WB_WDI_SP_DYN_LE00_IN,CYM,_T,_T,_T,_Z,_Z,_Z,2022,A,YR,
18.818,P1Y,0,,A,PU,_Z,2,,,False,WB_WDI,WB_WDI_SP_DYN_LE00_IN,CAF,_T,_T,_T,_Z,_Z,_Z,2022,A,YR,
54.528,P1Y,0,,A,PU,_Z,2,,,False,WB_WDI,WB_WDI_SP_DYN_LE00_IN,TCD,_T,_T,_T,_Z,_Z,_Z,2022,A,YR,
81,P1Y,0,,A,PU,_Z,2,,,False,WB_WDI,WB_WDI_SP_DYN_LE00_IN,CHI,_T,_T,_T,_Z,_Z,_Z,2022,A,YR,
79.176,P1Y,0,,A,PU,_Z,2,,,False,WB_WDI,WB_WDI_SP_DYN_LE00_IN,CHL,_T,_T,_T,_Z,_Z,_Z,2022,A,YR,
78.202,P1Y,0,,A,PU,_Z,2,,,False,WB_WDI,WB_WDI_SP_DYN_LE00_IN,CHN,_T,_T,_T,_Z,_Z,_Z,2022,A,YR,
76.508,P1Y,0,,A,PU,_Z,2,,,False,WB_WDI,WB_WDI_SP_DYN_LE00_IN,COL,_T,_T,_T,_Z,_Z,_Z,2022,A,YR,
66.481,P1Y,0,,A,PU,_Z,2,,,False,WB_WDI,WB_WDI_SP_DYN_LE00_IN,COM,_T,_T,_T,_Z,_Z,_Z,2022,A,YR,
60.979,P1Y,0,,A,PU,_Z,2,,,False,WB_WDI,WB_WDI_SP_DYN_LE00_IN,COD,_T,_T,_T,_Z,_Z,_Z,2022,A,YR,
65,P1Y,0,,A,PU,_Z,2,,,False,WB_WDI,WB_WDI_SP_DYN_LE00_IN,COG,_T,_T,_T,_Z,_Z,_Z,2022,A,YR,
79.316,P1Y,0,,A,PU,_Z,2,,,False,WB_WDI,WB_WDI_SP_DYN_LE00_IN,CRI,_T,_T,_T,_Z,_Z,_Z,2022,A,YR,
51.608,P1Y,0,,A,PU,_Z,2,,,False,WB_WDI,WB_WDI_SP_DYN_LE00_IN,GNB,_T,_T,_T,_Z,_Z,_Z,2002,A,YR,
64.183,P1Y,0,,A,PU,_Z,2,,,False,WB_WDI,WB_WDI_SP_DYN_LE00_IN,GUY,_T,_T,_T,_Z,_Z,_Z,2002,A,YR,
59.041,P1Y,0,,A,PU,_Z,2,,,False,WB_WDI,WB_WDI_SP_DYN_LE00_IN,HTI,_T,_T,_T,_Z,_Z,_Z,2002,A,YR,
68.714,P1Y,0,,A,PU,_Z,2,,,False,WB_WDI,WB_WDI_SP_DYN_LE00_IN,HND,_T,_T,_T,_Z,_Z,_Z,2002,A,YR,
81.452195,P1Y,0,,A,PU,_Z,2,,,False,WB_WDI,WB_WDI_SP_DYN_LE00_IN,HKG,_T,_T,_T,_Z,_Z,_Z,2002,A,YR,
72.34878,P1Y,0,,A,PU,_Z,2,,,False,WB_WDI,WB_WDI_SP_DYN_LE00_IN,HUN,_T,_T,_T,_Z,_Z,_Z,2002,A,YR,
80.502439,P1Y,0,,A,PU,_Z,2,,,False,WB_WDI,WB_WDI_SP_DYN_LE00_IN,ISL,_T,_T,_T,_Z,_Z,_Z,2002,A,YR,
63.649,P1Y,0,,A,PU,_Z,2,,,False,WB_WDI,WB_WDI_SP_DYN_LE00_IN,IND,_T,_T,_T,_Z,_Z,_Z,2002,A,YR,
66.954,P1Y,0,,A,PU,_Z,2,,,False,WB_WDI,WB_WDI_SP_DYN_LE00_IN,IDN,_T,_T,_T,_Z,_Z,_Z,2002,A,YR,
71.112,P1Y,0,,A,PU,_Z,2,,,False,WB_WDI,WB_WDI_SP_DYN_LE00_IN,IRN,_T,_T,_T,_Z,_Z,_Z,2002,A,YR,
65.724,P1Y,0,,A,PU,_Z,2,,,False,WB_WDI,WB_WDI_SP_DYN_LE00_IN,IRQ,_T,_T,_T,_Z,_Z,_Z,2002,A,YR,
77.634146,P1Y,0,,A,PU,_Z,2,,,False,WB_WDI,WB_WDI_SP_DYN_LE00_IN,IRL,_T,_T,_T,_Z,_Z,_Z,2002,A,YR,
75.785,P1Y,0,,A,PU,_Z,2,,,False,WB_WDI,WB_WDI_SP_DYN_LE00_IN,IMN,_T,_T,_T,_Z,_Z,_Z,2002,A,YR,
79.45122,P1Y,0,,A,PU,_Z,2,,,False,WB_WDI,WB_WDI_SP_DYN_LE00_IN,ISR,_T,_T,_T,_Z,_Z,_Z,2002,A,YR,
73.266829,P1Y,0,,A,PU,_Z,2,,,False,WB_WDI,WB_WDI_SP_DYN_LE00_IN,MUS,_T,_T,_T,_Z,_Z,_Z,2011,A,YR,
73.921,P1Y,0,,A,PU,_Z,2,,,False,WB_WDI,WB_WDI_SP_DYN_LE00_IN,MEX,_T,_T,_T,_Z,_Z,_Z,2011,A,YR,
64.969,P1Y,0,,A,PU,_Z,2,,,False,WB_WDI,WB_WDI_SP_DYN_LE00_IN,FSM,_T,_T,_T,_Z,_Z,_Z,2011,A,YR,
70.173,P1Y,0,,A,PU,_Z,2,,,False,WB_WDI,WB_WDI_SP_DYN_LE00_IN,MDA,_T,_T,_T,_Z,_Z,_Z,2011,A,YR,
85.01,P1Y,0,,A,PU,_Z,2,,,False,WB_WDI,WB_WDI_SP_DYN_LE00_IN,MCO,_T,_T,_T,_Z,_Z,_Z,2011,A,YR,
69.109268,P1Y,0,,A,PU,_Z,2,,,False,WB_WDI,WB_WDI_SP_DYN_LE00_IN,MNG,_T,_T,_T,_Z,_Z,_Z,2011,A,YR,
76.082927,P1Y,0,,A,PU,_Z,2,,,False,WB_WDI,WB_WDI_SP_DYN_LE00_IN,MNE,_T,_T,_T,_Z,_Z,_Z,2011,A,YR,
71.263,P1Y,0,,A,PU,_Z,2,,,False,WB_WDI,WB_WDI_SP_DYN_LE00_IN,MAR,_T,_T,_T,_Z,_Z,_Z,2011,A,YR,
55.733,P1Y,0,,A,PU,_Z,2,,,False,WB_WDI,WB_WDI_SP_DYN_LE00_IN,MOZ,_T,_T,_T,_Z,_Z,_Z,2011,A,YR,
63.859,P1Y,0,,A,PU,_Z,2,,,False,WB_WDI,WB_WDI_SP_DYN_LE00_IN,MMR,_T,_T,_T,_Z,_Z,_Z,2011,A,YR,
56.647,P1Y,0,,A,PU,_Z,2,,,False,WB_WDI,WB_WDI_SP_DYN_LE00_IN,NAM,_T,_T,_T,_Z,_Z,_Z,2011,A,YR,
60.287,P1Y,0,,A,PU,_Z,2,,,False,WB_WDI,WB_WDI_SP_DYN_LE00_IN,NRU,_T,_T,_T,_Z,_Z,_Z,2011,A,YR,
71.384,P1Y,0,,A,PU,_Z,2,,,False,WB_WDI,WB_WDI_SP_DYN_LE00_IN,SLV,_T,_T,_T,_Z,_Z,_Z,2018,A,YR,
61.915,P1Y,0,,A,PU,_Z,2,,,False,WB_WDI,WB_WDI_SP_DYN_LE00_IN,GNQ,_T,_T,_T,_Z,_Z,_Z,2018,A,YR,
66.979,P1Y,0,,A,PU,_Z,2,,,False,WB_WDI,WB_WDI_SP_DYN_LE00_IN,ERI,_T,_T,_T,_Z,_Z,_Z,2018,A,YR,
78.243902,P1Y,0,,A,PU,_Z,2,,,False,WB_WDI,WB_WDI_SP_DYN_LE00_IN,EST,_T,_T,_T,_Z,_Z,_Z,2018,A,YR,
58.707,P1Y,0,,A,PU,_Z,2,,,False,WB_WDI,WB_WDI_SP_DYN_LE00_IN,SWZ,_T,_T,_T,_Z,_Z,_Z,2018,A,YR,
65.257,P1Y,0,,A,PU,_Z,2,,,False,WB_WDI,WB_WDI_SP_DYN_LE00_IN,ETH,_T,_T,_T,_Z,_Z,_Z,2018,A,YR,
82.248602,P1Y,0,,A,PU,_Z,2,,,False,WB_WDI,WB_WDI_SP_DYN_LE00_IN,FRO,_T,_T,_T,_Z,_Z,_Z,2018,A,YR,
66.965,P1Y,0,,A,PU,_Z,2,,,False,WB_WDI,WB_WDI_SP_DYN_LE00_IN,FJI,_T,_T,_T,_Z,_Z,_Z,2018,A,YR,
81.734146,P1Y,0,,A,PU,_Z,2,,,False,WB_WDI,WB_WDI_SP_DYN_LE00_IN,FIN,_T,_T,_T,_Z,_Z,_Z,2018,A,YR,
82.67561,P1Y,0,,A,PU,_Z,2,,,False,WB_WDI,WB_WDI_SP_DYN_LE00_IN,FRA,_T,_T,_T,_Z,_Z,_Z,2018,A,YR,
82.985,P1Y,0,,A,PU,_Z,2,,,False,WB_WDI,WB_WDI_SP_DYN_LE00_IN,PYF,_T,_T,_T,_Z,_Z,_Z,2018,A,YR,
67.043,P1Y,0,,A,PU,_Z,2,,,False,WB_WDI,WB_WDI_SP_DYN_LE00_IN,GAB,_T,_T,_T,_Z,_Z,_Z,2018,A,YR,
64.034,P1Y,0,,A,PU,_Z,2,,,False,WB_WDI,WB_WDI_SP_DYN_LE00_IN,GMB,_T,_T,_T,_Z,_Z,_Z,2018,A,YR,
69.311,P1Y,0,,A,PU,_Z,2,,,False,WB_WDI,WB_WDI_SP_DYN_LE00_IN,PHL,_T,_T,_T,_Z,_Z,_Z,2014,A,YR,
77.602439,P1Y,0,,A,PU,_Z,2,,,False,WB_WDI,WB_WDI_SP_DYN_LE00_IN,POL,_T,_T,_T,_Z,_Z,_Z,2014,A,YR,
81.121951,P1Y,0,,A,PU,_Z,2,,,False,WB_WDI,WB_WDI_SP_DYN_LE00_IN,PRT,_T,_T,_T,_Z,_Z,_Z,2014,A,YR,
80.039,P1Y,0,,A,PU,_Z,2,,,False,WB_WDI,WB_WDI_SP_DYN_LE00_IN,PRI,_T,_T,_T,_Z,_Z,_Z,2014,A,YR,
81.395,P1Y,0,,A,PU,_Z,2,,,False,WB_WDI,WB_WDI_SP_DYN_LE00_IN,QAT,_T,_T,_T,_Z,_Z,_Z,2014,A,YR,
74.909756,P1Y,0,,A,PU,_Z,2,,,False,WB_WDI,WB_WDI_SP_DYN_LE00_IN,ROU,_T,_T,_T,_Z,_Z,_Z,2014,A,YR,
70.743659,P1Y,0,,A,PU,_Z,2,,,False,WB_WDI,WB_WDI_SP_DYN_LE00_IN,RUS,_T,_T,_T,_Z,_Z,_Z,2014,A,YR,
65.088,P1Y,0,,A,PU,_Z,2,,,False,WB_WDI,WB_WDI_SP_DYN_LE00_IN,RWA,_T,_T,_T,_Z,_Z,_Z,2014,A,YR,
71.142,P1Y,0,,A,PU,_Z,2,,,False,WB_WDI,WB_WDI_SP_DYN_LE00_IN,WSM,_T,_T,_T,_Z,_Z,_Z,2014,A,YR,
84.394,P1Y,0,,A,PU,_Z,2,,,False,WB_WDI,WB_WDI_SP_DYN_LE00_IN,SMR,_T,_T,_T,_Z,_Z,_Z,2014,A,YR,
65.478,P1Y,0,,A,PU,_Z,2,,,False,WB_WDI,WB_WDI_SP_DYN_LE00_IN,STP,_T,_T,_T,_Z,_Z,_Z,2014,A,YR,
77.116,P1Y,0,,A,PU,_Z,2,,,False,WB_WDI,WB_WDI_SP_DYN_LE00_IN,SAU,_T,_T,_T,_Z,_Z,_Z,2014,A,YR,
70.652,P1Y,0,,A,PU,_Z,2,,,False,WB_WDI,WB_WDI_SP_DYN_LE00_IN,BLZ,_T,_T,_T,_Z,_Z,_Z,2007,A,YR,
58.249,P1Y,0,,A,PU,_Z,2,,,False,WB_WDI,WB_WDI_SP_DYN_LE00_IN,BEN,_T,_T,_T,_Z,_Z,_Z,2007,A,YR,
79.006,P1Y,0,,A,PU,_Z,2,,,False,WB_WDI,WB_WDI_SP_DYN_LE00_IN,BMU,_T,_T,_T,_Z,_Z,_Z,2007,A,YR,
67.152,P1Y,0,,A,PU,_Z,2,,,False,WB_WDI,WB_WDI_SP_DYN_LE00_IN,BTN,_T,_T,_T,_Z,_Z,_Z,2007,A,YR,
64.939,P1Y,0,,A,PU,_Z,2,,,False,WB_WDI,WB_WDI_SP_DYN_LE00_IN,BOL,_T,_T,_T,_Z,_Z,_Z,2007,A,YR,
76.162,P1Y,0,,A,PU,_Z,2,,,False,WB_WDI,WB_WDI_SP_DYN_LE00_IN,BIH,_T,_T,_T,_Z,_Z,_Z,2007,A,YR,
56.735,P1Y,0,,A,PU,_Z,2,,,False,WB_WDI,WB_WDI_SP_DYN_LE00_IN,BWA,_T,_T,_T,_Z,_Z,_Z,2007,A,YR,
72.73,P1Y,0,,A,PU,_Z,2,,,False,WB_WDI,WB_WDI_SP_DYN_LE00_IN,BRA,_T,_T,_T,_Z,_Z,_Z,2007,A,YR,
75.893,P1Y,0,,A,PU,_Z,2,,,False,WB_WDI,WB_WDI_SP_DYN_LE00_IN,VGB,_T,_T,_T,_Z,_Z,_Z,2007,A,YR,
74.793,P1Y,0,,A,PU,_Z,2,,,False,WB_WDI,WB_WDI_SP_DYN_LE00_IN,BRN,_T,_T,_T,_Z,_Z,_Z,2007,A,YR,
72.663415,P1Y,0,,A,PU,_Z,2,,,False,WB_WDI,WB_WDI_SP_DYN_LE00_IN,BGR,_T,_T,_T,_Z,_Z,_Z,2007,A,YR,
54.377,P1Y,0,,A,PU,_Z,2,,,False,WB_WDI,WB_WDI_SP_DYN_LE00_IN,BFA,_T,_T,_T,_Z,_Z,_Z,2007,A,YR,
79.689861,P1Y,0,,A,PU,_Z,2,,,False,WB_WDI,WB_WDI_SP_DYN_LE00_IN,FRO,_T,_T,_T,_Z,_Z,_Z,2006,A,YR,
66.126,P1Y,0,,A,PU,_Z,2,,,False,WB_WDI,WB_WDI_SP_DYN_LE00_IN,FJI,_T,_T,_T,_Z,_Z,_Z,2006,A,YR,
79.214634,P1Y,0,,A,PU,_Z,2,,,False,WB_WDI,WB_WDI_SP_DYN_LE00_IN,FIN,_T,_T,_T,_Z,_Z,_Z,2006,A,YR,
80.812195,P1Y,0,,A,PU,_Z,2,,,False,WB_WDI,WB_WDI_SP_DYN_LE00_IN,FRA,_T,_T,_T,_Z,_Z,_Z,2006,A,YR,
80.1,P1Y,0,,A,PU,_Z,2,,,False,WB_WDI,WB_WDI_SP_DYN_LE00_IN,PYF,_T,_T,_T,_Z,_Z,_Z,2006,A,YR,
63.259,P1Y,0,,A,PU,_Z,2,,,False,WB_WDI,WB_WDI_SP_DYN_LE00_IN,GAB,_T,_T,_T,_Z,_Z,_Z,2006,A,YR,
59.667,P1Y,0,,A,PU,_Z,2,,,False,WB_WDI,WB_WDI_SP_DYN_LE00_IN,GMB,_T,_T,_T,_Z,_Z,_Z,2006,A,YR,
70.983,P1Y,0,,A,PU,_Z,2,,,False,WB_WDI,WB_WDI_SP_DYN_LE00_IN,GEO,_T,_T,_T,_Z,_Z,_Z,2006,A,YR,
79.131707,P1Y,0,,A,PU,_Z,2,,,False,WB_WDI,WB_WDI_SP_DYN_LE00_IN,DEU,_T,_T,_T,_Z,_Z,_Z,2006,A,YR,
59.975,P1Y,0,,A,PU,_Z,2,,,False,WB_WDI,WB_WDI_SP_DYN_LE00_IN,GHA,_T,_T,_T,_Z,_Z,_Z,2006,A,YR,
81.103,P1Y,0,,A,PU,_Z,2,,,False,WB_WDI,WB_WDI_SP_DYN_LE00_IN,GIB,_T,_T,_T,_Z,_Z,_Z,2006,A,YR,
79.439024,P1Y,0,,A,PU,_Z,2,,,False,WB_WDI,WB_WDI_SP_DYN_LE00_IN,GRC,_T,_T,_T,_Z,_Z,_Z,2006,A,YR,
67.818049,P1Y,0,,A,PU,_Z,2,,,False,WB_WDI,WB_WDI_SP_DYN_LE00_IN,GRL,_T,_T,_T,_Z,_Z,_Z,2006,A,YR,
73.93,P1Y,0,,A,PU,_Z,2,,,False,WB_WDI,WB_WDI_SP_DYN_LE00_IN,GRD,_T,_T,_T,_Z,_Z,_Z,2006,A,YR,
74.042,P1Y,0,,A,PU,_Z,2,,,False,WB_WDI,WB_WDI_SP_DYN_LE00_IN,BHS,_T,_T,_T,_Z,_Z,_Z,2016,A,YR,
80.407,P1Y,0,,A,PU,_Z,2,,,False,WB_WDI,WB_WDI_SP_DYN_LE00_IN,BHR,_T,_T,_T,_Z,_Z,_Z,2016,A,YR,
71.075,P1Y,0,,A,PU,_Z,2,,,False,WB_WDI,WB_WDI_SP_DYN_LE00_IN,BGD,_T,_T,_T,_Z,_Z,_Z,2016,A,YR,
76.168,P1Y,0,,A,PU,_Z,2,,,False,WB_WDI,WB_WDI_SP_DYN_LE00_IN,BRB,_T,_T,_T,_Z,_Z,_Z,2016,A,YR,
73.826829,P1Y,0,,A,PU,_Z,2,,,False,WB_WDI,WB_WDI_SP_DYN_LE00_IN,BLR,_T,_T,_T,_Z,_Z,_Z,2016,A,YR,
81.439024,P1Y,0,,A,PU,_Z,2,,,False,WB_WDI,WB_WDI_SP_DYN_LE00_IN,BEL,_T,_T,_T,_Z,_Z,_Z,2016,A,YR,
71.843,P1Y,0,,A,PU,_Z,2,,,False,WB_WDI,WB_WDI_SP_DYN_LE00_IN,BLZ,_T,_T,_T,_Z,_Z,_Z,2016,A,YR,
59.283,P1Y,0,,A,PU,_Z,2,,,False,WB_WDI,WB_WDI_SP_DYN_LE00_IN,BEN,_T,_T,_T,_Z,_Z,_Z,2016,A,YR,
80.476,P1Y,0,,A,PU,_Z,2,,,False,WB_WDI,WB_WDI_SP_DYN_LE00_IN,BMU,_T,_T,_T,_Z,_Z,_Z,2016,A,YR,
71.119,P1Y,0,,A,PU,_Z,2,,,False,WB_WDI,WB_WDI_SP_DYN_LE00_IN,BTN,_T,_T,_T,_Z,_Z,_Z,2016,A,YR,
67.392,P1Y,0,,A,PU,_Z,2,,,False,WB_WDI,WB_WDI_SP_DYN_LE00_IN,BOL,_T,_T,_T,_Z,_Z,_Z,2016,A,YR,
73.133,P1Y,0,,A,PU,_Z,2,,,False,WB_WDI,WB_WDI_SP_DYN_LE00_IN,MAR,_T,_T,_T,_Z,_Z,_Z,2020,A,YR,
61.39,P1Y,0,,A,PU,_Z,2,,,False,WB_WDI,WB_WDI_SP_DYN_LE00_IN,MOZ,_T,_T,_T,_Z,_Z,_Z,2020,A,YR,
66.612,P1Y,0,,A,PU,_Z,2,,,False,WB_WDI,WB_WDI_SP_DYN_LE00_IN,MMR,_T,_T,_T,_Z,_Z,_Z,2020,A,YR,
64.071,P1Y,0,,A,PU,_Z,2,,,False,WB_WDI,WB_WDI_SP_DYN_LE00_IN,NAM,_T,_T,_T,_Z,_Z,_Z,2020,A,YR,
61.527,P1Y,0,,A,PU,_Z,2,,,False,WB_WDI,WB_WDI_SP_DYN_LE00_IN,NRU,_T,_T,_T,_Z,_Z,_Z,2020,A,YR,
69.106,P1Y,0,,A,PU,_Z,2,,,False,WB_WDI,WB_WDI_SP_DYN_LE00_IN,NPL,_T,_T,_T,_Z,_Z,_Z,2020,A,YR,
81.358537,P1Y,0,,A,PU,_Z,2,,,False,WB_WDI,WB_WDI_SP_DYN_LE00_IN,NLD,_T,_T,_T,_Z,_Z,_Z,2020,A,YR,
77.049,P1Y,0,,A,PU,_Z,2,,,False,WB_WDI,WB_WDI_SP_DYN_LE00_IN,NCL,_T,_T,_T,_Z,_Z,_Z,2020,A,YR,
82.256098,P1Y,0,,A,PU,_Z,2,,,False,WB_WDI,WB_WDI_SP_DYN_LE00_IN,NZL,_T,_T,_T,_Z,_Z,_Z,2020,A,YR,
70.766,P1Y,0,,A,PU,_Z,2,,,False,WB_WDI,WB_WDI_SP_DYN_LE00_IN,NIC,_T,_T,_T,_Z,_Z,_Z,2020,A,YR,
59.89,P1Y,0,,A,PU,_Z,2,,,False,WB_WDI,WB_WDI_SP_DYN_LE00_IN,NER,_T,_T,_T,_Z,_Z,_Z,2020,A,YR,
53.072,P1Y,0,,A,PU,_Z,2,,,False,WB_WDI,WB_WDI_SP_DYN_LE00_IN,NGA,_T,_T,_T,_Z,_Z,_Z,2020,A,YR,
79.568293,P1Y,0,,A,PU,_Z,2,,,False,WB_WDI,WB_WDI_SP_DYN_LE00_IN,FIN,_T,_T,_T,_Z,_Z,_Z,2008,A,YR,
81.214634,P1Y,0,,A,PU,_Z,2,,,False,WB_WDI,WB_WDI_SP_DYN_LE00_IN,FRA,_T,_T,_T,_Z,_Z,_Z,2008,A,YR,
80.587,P1Y,0,,A,PU,_Z,2,,,False,WB_WDI,WB_WDI_SP_DYN_LE00_IN,PYF,_T,_T,_T,_Z,_Z,_Z,2008,A,YR,
64.011,P1Y,0,,A,PU,_Z,2,,,False,WB_WDI,WB_WDI_SP_DYN_LE00_IN,GAB,_T,_T,_T,_Z,_Z,_Z,2008,A,YR,
60.473,P1Y,0,,A,PU,_Z,2,,,False,WB_WDI,WB_WDI_SP_DYN_LE00_IN,GMB,_T,_T,_T,_Z,_Z,_Z,2008,A,YR,
70.949,P1Y,0,,A,PU,_Z,2,,,False,WB_WDI,WB_WDI_SP_DYN_LE00_IN,GEO,_T,_T,_T,_Z,_Z,_Z,2008,A,YR,
79.736585,P1Y,0,,A,PU,_Z,2,,,False,WB_WDI,WB_WDI_SP_DYN_LE00_IN,DEU,_T,_T,_T,_Z,_Z,_Z,2008,A,YR,
60.578,P1Y,0,,A,PU,_Z,2,,,False,WB_WDI,WB_WDI_SP_DYN_LE00_IN,GHA,_T,_T,_T,_Z,_Z,_Z,2008,A,YR,
81.541,P1Y,0,,A,PU,_Z,2,,,False,WB_WDI,WB_WDI_SP_DYN_LE00_IN,GIB,_T,_T,_T,_Z,_Z,_Z,2008,A,YR,
79.939024,P1Y,0,,A,PU,_Z,2,,,False,WB_WDI,WB_WDI_SP_DYN_LE00_IN,GRC,_T,_T,_T,_Z,_Z,_Z,2008,A,YR,
68.566098,P1Y,0,,A,PU,_Z,2,,,False,WB_WDI,WB_WDI_SP_DYN_LE00_IN,GRL,_T,_T,_T,_Z,_Z,_Z,2008,A,YR,
74.374,P1Y,0,,A,PU,_Z,2,,,False,WB_WDI,WB_WDI_SP_DYN_LE00_IN,GRD,_T,_T,_T,_Z,_Z,_Z,2008,A,YR,
76.233,P1Y,0,,A,PU,_Z,2,,,False,WB_WDI,WB_WDI_SP_DYN_LE00_IN,GUM,_T,_T,_T,_Z,_Z,_Z,2008,A,YR,
69.493,P1Y,0,,A,PU,_Z,2,,,False,WB_WDI,WB_WDI_SP_DYN_LE00_IN,GTM,_T,_T,_T,_Z,_Z,_Z,2008,A,YR,
73.764,P1Y,0,,A,PU,_Z,2,,,False,WB_WDI,WB_WDI_SP_DYN_LE00_IN,NIC,_T,_T,_T,_Z,_Z,_Z,2019,A,YR,
60.031,P1Y,0,,A,PU,_Z,2,,,False,WB_WDI,WB_WDI_SP_DYN_LE00_IN,NER,_T,_T,_T,_Z,_Z,_Z,2019,A,YR,
53.009,P1Y,0,,A,PU,_Z,2,,,False,WB_WDI,WB_WDI_SP_DYN_LE00_IN,NGA,_T,_T,_T,_Z,_Z,_Z,2019,A,YR,
76.602439,P1Y,0,,A,PU,_Z,2,,,False,WB_WDI,WB_WDI_SP_DYN_LE00_IN,MKD,_T,_T,_T,_Z,_Z,_Z,2019,A,YR,
77.844,P1Y,0,,A,PU,_Z,2,,,False,WB_WDI,WB_WDI_SP_DYN_LE00_IN,MNP,_T,_T,_T,_Z,_Z,_Z,2019,A,YR,
82.958537,P1Y,0,,A,PU,_Z,2,,,False,WB_WDI,WB_WDI_SP_DYN_LE00_IN,NOR,_T,_T,_T,_Z,_Z,_Z,2019,A,YR,
79.946,P1Y,0,,A,PU,_Z,2,,,False,WB_WDI,WB_WDI_SP_DYN_LE00_IN,OMN,_T,_T,_T,_Z,_Z,_Z,2019,A,YR,
66.729,P1Y,0,,A,PU,_Z,2,,,False,WB_WDI,WB_WDI_SP_DYN_LE00_IN,PAK,_T,_T,_T,_Z,_Z,_Z,2019,A,YR,
68.982,P1Y,0,,A,PU,_Z,2,,,False,WB_WDI,WB_WDI_SP_DYN_LE00_IN,PLW,_T,_T,_T,_Z,_Z,_Z,2019,A,YR,
78.514,P1Y,0,,A,PU,_Z,2,,,False,WB_WDI,WB_WDI_SP_DYN_LE00_IN,PAN,_T,_T,_T,_Z,_Z,_Z,2019,A,YR,
65.331,P1Y,0,,A,PU,_Z,2,,,False,WB_WDI,WB_WDI_SP_DYN_LE00_IN,PNG,_T,_T,_T,_Z,_Z,_Z,2019,A,YR,
73.668,P1Y,0,,A,PU,_Z,2,,,False,WB_WDI,WB_WDI_SP_DYN_LE00_IN,PRY,_T,_T,_T,_Z,_Z,_Z,2019,A,YR,
71.391,P1Y,0,,A,PU,_Z,2,,,False,WB_WDI,WB_WDI_SP_DYN_LE00_IN,DMA,_T,_T,_T,_Z,_Z,_Z,2012,A,YR,
72.817,P1Y,0,,A,PU,_Z,2,,,False,WB_WDI,WB_WDI_SP_DYN_LE00_IN,DOM,_T,_T,_T,_Z,_Z,_Z,2012,A,YR,
75.486,P1Y,0,,A,PU,_Z,2,,,False,WB_WDI,WB_WDI_SP_DYN_LE00_IN,ECU,_T,_T,_T,_Z,_Z,_Z,2012,A,YR,
69.464,P1Y,0,,A,PU,_Z,2,,,False,WB_WDI,WB_WDI_SP_DYN_LE00_IN,EGY,_T,_T,_T,_Z,_Z,_Z,2012,A,YR,
71.42,P1Y,0,,A,PU,_Z,2,,,False,WB_WDI,WB_WDI_SP_DYN_LE00_IN,SLV,_T,_T,_T,_Z,_Z,_Z,2012,A,YR,
59.301,P1Y,0,,A,PU,_Z,2,,,False,WB_WDI,WB_WDI_SP_DYN_LE00_IN,GNQ,_T,_T,_T,_Z,_Z,_Z,2012,A,YR,
64.697,P1Y,0,,A,PU,_Z,2,,,False,WB_WDI,WB_WDI_SP_DYN_LE00_IN,ERI,_T,_T,_T,_Z,_Z,_Z,2012,A,YR,
76.326829,P1Y,0,,A,PU,_Z,2,,,False,WB_WDI,WB_WDI_SP_DYN_LE00_IN,EST,_T,_T,_T,_Z,_Z,_Z,2012,A,YR,
50.714,P1Y,0,,A,PU,_Z,2,,,False,WB_WDI,WB_WDI_SP_DYN_LE00_IN,SWZ,_T,_T,_T,_Z,_Z,_Z,2012,A,YR,
61.443,P1Y,0,,A,PU,_Z,2,,,False,WB_WDI,WB_WDI_SP_DYN_LE00_IN,ETH,_T,_T,_T,_Z,_Z,_Z,2012,A,YR,
81.106095,P1Y,0,,A,PU,_Z,2,,,False,WB_WDI,WB_WDI_SP_DYN_LE00_IN,FRO,_T,_T,_T,_Z,_Z,_Z,2012,A,YR,
65.812,P1Y,0,,A,PU,_Z,2,,,False,WB_WDI,WB_WDI_SP_DYN_LE00_IN,FJI,_T,_T,_T,_Z,_Z,_Z,2012,A,YR,
52.965,P1Y,0,,A,PU,_Z,2,,,False,WB_WDI,WB_WDI_SP_DYN_LE00_IN,AGO,_T,_T,_T,_Z,_Z,_Z,2006,A,YR,
75.506,P1Y,0,,A,PU,_Z,2,,,False,WB_WDI,WB_WDI_SP_DYN_LE00_IN,ATG,_T,_T,_T,_Z,_Z,_Z,2006,A,YR,
75.279,P1Y,0,,A,PU,_Z,2,,,False,WB_WDI,WB_WDI_SP_DYN_LE00_IN,ARG,_T,_T,_T,_Z,_Z,_Z,2006,A,YR,
72.82439,P1Y,0,,A,PU,_Z,2,,,False,WB_WDI,WB_WDI_SP_DYN_LE00_IN,ARM,_T,_T,_T,_Z,_Z,_Z,2006,A,YR,
73.498,P1Y,0,,A,PU,_Z,2,,,False,WB_WDI,WB_WDI_SP_DYN_LE00_IN,ABW,_T,_T,_T,_Z,_Z,_Z,2006,A,YR,
81.041463,P1Y,0,,A,PU,_Z,2,,,False,WB_WDI,WB_WDI_SP_DYN_LE00_IN,AUS,_T,_T,_T,_Z,_Z,_Z,2006,A,YR,
79.880488,P1Y,0,,A,PU,_Z,2,,,False,WB_WDI,WB_WDI_SP_DYN_LE00_IN,AUT,_T,_T,_T,_Z,_Z,_Z,2006,A,YR,
68.489,P1Y,0,,A,PU,_Z,2,,,False,WB_WDI,WB_WDI_SP_DYN_LE00_IN,AZE,_T,_T,_T,_Z,_Z,_Z,2006,A,YR,
73.456,P1Y,0,,A,PU,_Z,2,,,False,WB_WDI,WB_WDI_SP_DYN_LE00_IN,BHS,_T,_T,_T,_Z,_Z,_Z,2006,A,YR,
76.51,P1Y,0,,A,PU,_Z,2,,,False,WB_WDI,WB_WDI_SP_DYN_LE00_IN,BHR,_T,_T,_T,_Z,_Z,_Z,2006,A,YR,
66.048,P1Y,0,,A,PU,_Z,2,,,False,WB_WDI,WB_WDI_SP_DYN_LE00_IN,BGD,_T,_T,_T,_Z,_Z,_Z,2006,A,YR,
75.049,P1Y,0,,A,PU,_Z,2,,,False,WB_WDI,WB_WDI_SP_DYN_LE00_IN,BRB,_T,_T,_T,_Z,_Z,_Z,2006,A,YR,
76.239,P1Y,0,,A,PU,_Z,2,,,False,WB_WDI,WB_WDI_SP_DYN_LE00_IN,LKA,_T,_T,_T,_Z,_Z,_Z,2017,A,YR,
71.284,P1Y,0,,A,PU,_Z,2,,,False,WB_WDI,WB_WDI_SP_DYN_LE00_IN,KNA,_T,_T,_T,_Z,_Z,_Z,2017,A,YR,
72.522,P1Y,0,,A,PU,_Z,2,,,False,WB_WDI,WB_WDI_SP_DYN_LE00_IN,LCA,_T,_T,_T,_Z,_Z,_Z,2017,A,YR,
78.762,P1Y,0,,A,PU,_Z,2,,,False,WB_WDI,WB_WDI_SP_DYN_LE00_IN,MAF,_T,_T,_T,_Z,_Z,_Z,2017,A,YR,
71.013,P1Y,0,,A,PU,_Z,2,,,False,WB_WDI,WB_WDI_SP_DYN_LE00_IN,VCT,_T,_T,_T,_Z,_Z,_Z,2017,A,YR,
65.146,P1Y,0,,A,PU,_Z,2,,,False,WB_WDI,WB_WDI_SP_DYN_LE00_IN,SDN,_T,_T,_T,_Z,_Z,_Z,2017,A,YR,
71.247,P1Y,0,,A,PU,_Z,2,,,False,WB_WDI,WB_WDI_SP_DYN_LE00_IN,SUR,_T,_T,_T,_Z,_Z,_Z,2017,A,YR,
82.409756,P1Y,0,,A,PU,_Z,2,,,False,WB_WDI,WB_WDI_SP_DYN_LE00_IN,SWE,_T,_T,_T,_Z,_Z,_Z,2017,A,YR,
83.55122,P1Y,0,,A,PU,_Z,2,,,False,WB_WDI,WB_WDI_SP_DYN_LE00_IN,CHE,_T,_T,_T,_Z,_Z,_Z,2017,A,YR,
65.651,P1Y,0,,A,PU,_Z,2,,,False,WB_WDI,WB_WDI_SP_DYN_LE00_IN,SYR,_T,_T,_T,_Z,_Z,_Z,2017,A,YR,
70.524,P1Y,0,,A,PU,_Z,2,,,False,WB_WDI,WB_WDI_SP_DYN_LE00_IN,TJK,_T,_T,_T,_Z,_Z,_Z,2017,A,YR,
64.963,P1Y,0,,A,PU,_Z,2,,,False,WB_WDI,WB_WDI_SP_DYN_LE00_IN,TZA,_T,_T,_T,_Z,_Z,_Z,2017,A,YR,
67.602,P1Y,0,,A,PU,_Z,2,,,False,WB_WDI,WB_WDI_SP_DYN_LE00_IN,STP,_T,_T,_T,_Z,_Z,_Z,2018,A,YR,
78.75,P1Y,0,,A,PU,_Z,2,,,False,WB_WDI,WB_WDI_SP_DYN_LE00_IN,SAU,_T,_T,_T,_Z,_Z,_Z,2018,A,YR,
67.379,P1Y,0,,A,PU,_Z,2,,,False,WB_WDI,WB_WDI_SP_DYN_LE00_IN,SEN,_T,_T,_T,_Z,_Z,_Z,2018,A,YR,
75.890244,P1Y,0,,A,PU,_Z,2,,,False,WB_WDI,WB_WDI_SP_DYN_LE00_IN,SRB,_T,_T,_T,_Z,_Z,_Z,2018,A,YR,
72.841463,P1Y,0,,A,PU,_Z,2,,,False,WB_WDI,WB_WDI_SP_DYN_LE00_IN,SYC,_T,_T,_T,_Z,_Z,_Z,2018,A,YR,
59.059,P1Y,0,,A,PU,_Z,2,,,False,WB_WDI,WB_WDI_SP_DYN_LE00_IN,SLE,_T,_T,_T,_Z,_Z,_Z,2018,A,YR,
83.297561,P1Y,0,,A,PU,_Z,2,,,False,WB_WDI,WB_WDI_SP_DYN_LE00_IN,SGP,_T,_T,_T,_Z,_Z,_Z,2018,A,YR,
75.693,P1Y,0,,A,PU,_Z,2,,,False,WB_WDI,WB_WDI_SP_DYN_LE00_IN,SXM,_T,_T,_T,_Z,_Z,_Z,2018,A,YR,
77.265854,P1Y,0,,A,PU,_Z,2,,,False,WB_WDI,WB_WDI_SP_DYN_LE00_IN,SVK,_T,_T,_T,_Z,_Z,_Z,2018,A,YR,
81.378049,P1Y,0,,A,PU,_Z,2,,,False,WB_WDI,WB_WDI_SP_DYN_LE00_IN,SVN,_T,_T,_T,_Z,_Z,_Z,2018,A,YR,
69.806,P1Y,0,,A,PU,_Z,2,,,False,WB_WDI,WB_WDI_SP_DYN_LE00_IN,SLB,_T,_T,_T,_Z,_Z,_Z,2018,A,YR,
68.862,P1Y,0,,A,PU,_Z,2,,,False,WB_WDI,WB_WDI_SP_DYN_LE00_IN,IDN,_T,_T,_T,_Z,_Z,_Z,2012,A,YR,
75.039,P1Y,0,,A,PU,_Z,2,,,False,WB_WDI,WB_WDI_SP_DYN_LE00_IN,IRN,_T,_T,_T,_Z,_Z,_Z,2012,A,YR,
68.827,P1Y,0,,A,PU,_Z,2,,,False,WB_WDI,WB_WDI_SP_DYN_LE00_IN,IRQ,_T,_T,_T,_Z,_Z,_Z,2012,A,YR,
80.846341,P1Y,0,,A,PU,_Z,2,,,False,WB_WDI,WB_WDI_SP_DYN_LE00_IN,IRL,_T,_T,_T,_Z,_Z,_Z,2012,A,YR,
80.007,P1Y,0,,A,PU,_Z,2,,,False,WB_WDI,WB_WDI_SP_DYN_LE00_IN,IMN,_T,_T,_T,_Z,_Z,_Z,2012,A,YR,
81.704878,P1Y,0,,A,PU,_Z,2,,,False,WB_WDI,WB_WDI_SP_DYN_LE00_IN,ISR,_T,_T,_T,_Z,_Z,_Z,2012,A,YR,
82.239024,P1Y,0,,A,PU,_Z,2,,,False,WB_WDI,WB_WDI_SP_DYN_LE00_IN,ITA,_T,_T,_T,_Z,_Z,_Z,2012,A,YR,
72.405,P1Y,0,,A,PU,_Z,2,,,False,WB_WDI,WB_WDI_SP_DYN_LE00_IN,JAM,_T,_T,_T,_Z,_Z,_Z,2012,A,YR,
83.096098,P1Y,0,,A,PU,_Z,2,,,False,WB_WDI,WB_WDI_SP_DYN_LE00_IN,JPN,_T,_T,_T,_Z,_Z,_Z,2012,A,YR,
74.087,P1Y,0,,A,PU,_Z,2,,,False,WB_WDI,WB_WDI_SP_DYN_LE00_IN,JOR,_T,_T,_T,_Z,_Z,_Z,2012,A,YR,
69.939,P1Y,0,,A,PU,_Z,2,,,False,WB_WDI,WB_WDI_SP_DYN_LE00_IN,KAZ,_T,_T,_T,_Z,_Z,_Z,2012,A,YR,
61.537,P1Y,0,,A,PU,_Z,2,,,False,WB_WDI,WB_WDI_SP_DYN_LE00_IN,KEN,_T,_T,_T,_Z,_Z,_Z,2012,A,YR,
58.814,P1Y,0,,A,PU,_Z,2,,,False,WB_WDI,WB_WDI_SP_DYN_LE00_IN,CIV,_T,_T,_T,_Z,_Z,_Z,2016,A,YR,
77.921951,P1Y,0,,A,PU,_Z,2,,,False,WB_WDI,WB_WDI_SP_DYN_LE00_IN,HRV,_T,_T,_T,_Z,_Z,_Z,2016,A,YR,
77.571,P1Y,0,,A,PU,_Z,2,,,False,WB_WDI,WB_WDI_SP_DYN_LE00_IN,CUB,_T,_T,_T,_Z,_Z,_Z,2016,A,YR,
76.322,P1Y,0,,A,PU,_Z,2,,,False,WB_WDI,WB_WDI_SP_DYN_LE00_IN,CUW,_T,_T,_T,_Z,_Z,_Z,2016,A,YR,
81.534,P1Y,0,,A,PU,_Z,2,,,False,WB_WDI,WB_WDI_SP_DYN_LE00_IN,CYP,_T,_T,_T,_Z,_Z,_Z,2016,A,YR,
79.026829,P1Y,0,,A,PU,_Z,2,,,False,WB_WDI,WB_WDI_SP_DYN_LE00_IN,CZE,_T,_T,_T,_Z,_Z,_Z,2016,A,YR,
80.853659,P1Y,0,,A,PU,_Z,2,,,False,WB_WDI,WB_WDI_SP_DYN_LE00_IN,DNK,_T,_T,_T,_Z,_Z,_Z,2016,A,YR,
63.335,P1Y,0,,A,PU,_Z,2,,,False,WB_WDI,WB_WDI_SP_DYN_LE00_IN,DJI,_T,_T,_T,_Z,_Z,_Z,2016,A,YR,
71.189,P1Y,0,,A,PU,_Z,2,,,False,WB_WDI,WB_WDI_SP_DYN_LE00_IN,DMA,_T,_T,_T,_Z,_Z,_Z,2016,A,YR,
72.889,P1Y,0,,A,PU,_Z,2,,,False,WB_WDI,WB_WDI_SP_DYN_LE00_IN,DOM,_T,_T,_T,_Z,_Z,_Z,2016,A,YR,
76.094,P1Y,0,,A,PU,_Z,2,,,False,WB_WDI,WB_WDI_SP_DYN_LE00_IN,ECU,_T,_T,_T,_Z,_Z,_Z,2016,A,YR,
78.143902,P1Y,0,,A,PU,_Z,2,,,False,WB_WDI,WB_WDI_SP_DYN_LE00_IN,GBR,_T,_T,_T,_Z,_Z,_Z,2002,A,YR,
76.936585,P1Y,0,,A,PU,_Z,2,,,False,WB_WDI,WB_WDI_SP_DYN_LE00_IN,USA,_T,_T,_T,_Z,_Z,_Z,2002,A,YR,
74.979,P1Y,0,,A,PU,_Z,2,,,False,WB_WDI,WB_WDI_SP_DYN_LE00_IN,URY,_T,_T,_T,_Z,_Z,_Z,2002,A,YR,
66.376,P1Y,0,,A,PU,_Z,2,,,False,WB_WDI,WB_WDI_SP_DYN_LE00_IN,UZB,_T,_T,_T,_Z,_Z,_Z,2002,A,YR,
68.836,P1Y,0,,A,PU,_Z,2,,,False,WB_WDI,WB_WDI_SP_DYN_LE00_IN,VUT,_T,_T,_T,_Z,_Z,_Z,2002,A,YR,
72.823,P1Y,0,,A,PU,_Z,2,,,False,WB_WDI,WB_WDI_SP_DYN_LE00_IN,VEN,_T,_T,_T,_Z,_Z,_Z,2002,A,YR,
73.138,P1Y,0,,A,PU,_Z,2,,,False,WB_WDI,WB_WDI_SP_DYN_LE00_IN,VNM,_T,_T,_T,_Z,_Z,_Z,2002,A,YR,
77.521951,P1Y,0,,A,PU,_Z,2,,,False,WB_WDI,WB_WDI_SP_DYN_LE00_IN,VIR,_T,_T,_T,_Z,_Z,_Z,2002,A,YR,
70.88,P1Y,0,,A,PU,_Z,2,,,False,WB_WDI,WB_WDI_SP_DYN_LE00_IN,PSE,_T,_T,_T,_Z,_Z,_Z,2002,A,YR,
63.807,P1Y,0,,A,PU,_Z,2,,,False,WB_WDI,WB_WDI_SP_DYN_LE00_IN,YEM,_T,_T,_T,_Z,_Z,_Z,2002,A,YR,
48.461,P1Y,0,,A,PU,_Z,2,,,False,WB_WDI,WB_WDI_SP_DYN_LE00_IN,ZMB,_T,_T,_T,_Z,_Z,_Z,2002,A,YR,
45.938,P1Y,0,,A,PU,_Z,2,,,False,WB_WDI,WB_WDI_SP_DYN_LE00_IN,ZWE,_T,_T,_T,_Z,_Z,_Z,2002,A,YR,
53.678305,P1Y,0,,A,PU,_Z,2,,,False,WB_WDI,WB_WDI_SP_DYN_LE00_IN,AFE,_T,_T,_T,_Z,_Z,_Z,2003,A,YR,
51.573389,P1Y,0,,A,PU,_Z,2,,,False,WB_WDI,WB_WDI_SP_DYN_LE00_IN,AFW,_T,_T,_T,_Z,_Z,_Z,2003,A,YR,
68.260038,P1Y,0,,A,PU,_Z,2,,,False,WB_WDI,WB_WDI_SP_DYN_LE00_IN,EAR,_T,_T,_T,_Z,_Z,_Z,2011,A,YR,
74.825283,P1Y,0,,A,PU,_Z,2,,,False,WB_WDI,WB_WDI_SP_DYN_LE00_IN,EAS,_T,_T,_T,_Z,_Z,_Z,2011,A,YR,
73.985745,P1Y,0,,A,PU,_Z,2,,,False,WB_WDI,WB_WDI_SP_DYN_LE00_IN,EAP,_T,_T,_T,_Z,_Z,_Z,2011,A,YR,
74.026693,P1Y,0,,A,PU,_Z,2,,,False,WB_WDI,WB_WDI_SP_DYN_LE00_IN,TEA,_T,_T,_T,_Z,_Z,_Z,2011,A,YR,
81.034296,P1Y,0,,A,PU,_Z,2,,,False,WB_WDI,WB_WDI_SP_DYN_LE00_IN,EMU,_T,_T,_T,_Z,_Z,_Z,2011,A,YR,
76.479369,P1Y,0,,A,PU,_Z,2,,,False,WB_WDI,WB_WDI_SP_DYN_LE00_IN,ECS,_T,_T,_T,_Z,_Z,_Z,2011,A,YR,
72.15095,P1Y,0,,A,PU,_Z,2,,,False,WB_WDI,WB_WDI_SP_DYN_LE00_IN,ECA,_T,_T,_T,_Z,_Z,_Z,2011,A,YR,
71.926664,P1Y,0,,A,PU,_Z,2,,,False,WB_WDI,WB_WDI_SP_DYN_LE00_IN,TEC,_T,_T,_T,_Z,_Z,_Z,2011,A,YR,
80.143951,P1Y,0,,A,PU,_Z,2,,,False,WB_WDI,WB_WDI_SP_DYN_LE00_IN,EUU,_T,_T,_T,_Z,_Z,_Z,2011,A,YR,
59.231219,P1Y,0,,A,PU,_Z,2,,,False,WB_WDI,WB_WDI_SP_DYN_LE00_IN,HPC,_T,_T,_T,_Z,_Z,_Z,2011,A,YR,
78.921125,P1Y,0,,A,PU,_Z,2,,,False,WB_WDI,WB_WDI_SP_DYN_LE00_IN,HIC,_T,_T,_T,_Z,_Z,_Z,2011,A,YR,
71.827033,P1Y,0,,A,PU,_Z,2,,,False,WB_WDI,WB_WDI_SP_DYN_LE00_IN,IBD,_T,_T,_T,_Z,_Z,_Z,2011,A,YR,
69.235709,P1Y,0,,A,PU,_Z,2,,,False,WB_WDI,WB_WDI_SP_DYN_LE00_IN,IBT,_T,_T,_T,_Z,_Z,_Z,2011,A,YR,
59.361,P1Y,0,,A,PU,_Z,2,,,False,WB_WDI,WB_WDI_SP_DYN_LE00_IN,NRU,_T,_T,_T,_Z,_Z,_Z,2005,A,YR,
65.275,P1Y,0,,A,PU,_Z,2,,,False,WB_WDI,WB_WDI_SP_DYN_LE00_IN,NPL,_T,_T,_T,_Z,_Z,_Z,2005,A,YR,
79.346341,P1Y,0,,A,PU,_Z,2,,,False,WB_WDI,WB_WDI_SP_DYN_LE00_IN,NLD,_T,_T,_T,_Z,_Z,_Z,2005,A,YR,
74.867,P1Y,0,,A,PU,_Z,2,,,False,WB_WDI,WB_WDI_SP_DYN_LE00_IN,NCL,_T,_T,_T,_Z,_Z,_Z,2005,A,YR,
79.85122,P1Y,0,,A,PU,_Z,2,,,False,WB_WDI,WB_WDI_SP_DYN_LE00_IN,NZL,_T,_T,_T,_Z,_Z,_Z,2005,A,YR,
70.374,P1Y,0,,A,PU,_Z,2,,,False,WB_WDI,WB_WDI_SP_DYN_LE00_IN,NIC,_T,_T,_T,_Z,_Z,_Z,2005,A,YR,
53.32,P1Y,0,,A,PU,_Z,2,,,False,WB_WDI,WB_WDI_SP_DYN_LE00_IN,NER,_T,_T,_T,_Z,_Z,_Z,2005,A,YR,
49.538,P1Y,0,,A,PU,_Z,2,,,False,WB_WDI,WB_WDI_SP_DYN_LE00_IN,NGA,_T,_T,_T,_Z,_Z,_Z,2005,A,YR,
73.697561,P1Y,0,,A,PU,_Z,2,,,False,WB_WDI,WB_WDI_SP_DYN_LE00_IN,MKD,_T,_T,_T,_Z,_Z,_Z,2005,A,YR,
77.307,P1Y,0,,A,PU,_Z,2,,,False,WB_WDI,WB_WDI_SP_DYN_LE00_IN,MNP,_T,_T,_T,_Z,_Z,_Z,2005,A,YR,
80.041463,P1Y,0,,A,PU,_Z,2,,,False,WB_WDI,WB_WDI_SP_DYN_LE00_IN,NOR,_T,_T,_T,_Z,_Z,_Z,2005,A,YR,
75.07,P1Y,0,,A,PU,_Z,2,,,False,WB_WDI,WB_WDI_SP_DYN_LE00_IN,OMN,_T,_T,_T,_Z,_Z,_Z,2005,A,YR,
62.416,P1Y,0,,A,PU,_Z,2,,,False,WB_WDI,WB_WDI_SP_DYN_LE00_IN,PAK,_T,_T,_T,_Z,_Z,_Z,2005,A,YR,
74.841,P1Y,0,,A,PU,_Z,2,,,False,WB_WDI,WB_WDI_SP_DYN_LE00_IN,ABW,_T,_T,_T,_Z,_Z,_Z,2012,A,YR,
82.046341,P1Y,0,,A,PU,_Z,2,,,False,WB_WDI,WB_WDI_SP_DYN_LE00_IN,AUS,_T,_T,_T,_Z,_Z,_Z,2012,A,YR,
80.936585,P1Y,0,,A,PU,_Z,2,,,False,WB_WDI,WB_WDI_SP_DYN_LE00_IN,AUT,_T,_T,_T,_Z,_Z,_Z,2012,A,YR,
71.08,P1Y,0,,A,PU,_Z,2,,,False,WB_WDI,WB_WDI_SP_DYN_LE00_IN,AZE,_T,_T,_T,_Z,_Z,_Z,2012,A,YR,
73.707,P1Y,0,,A,PU,_Z,2,,,False,WB_WDI,WB_WDI_SP_DYN_LE00_IN,BHS,_T,_T,_T,_Z,_Z,_Z,2012,A,YR,
79.622,P1Y,0,,A,PU,_Z,2,,,False,WB_WDI,WB_WDI_SP_DYN_LE00_IN,BHR,_T,_T,_T,_Z,_Z,_Z,2012,A,YR,
68.989,P1Y,0,,A,PU,_Z,2,,,False,WB_WDI,WB_WDI_SP_DYN_LE00_IN,BGD,_T,_T,_T,_Z,_Z,_Z,2012,A,YR,
75.737,P1Y,0,,A,PU,_Z,2,,,False,WB_WDI,WB_WDI_SP_DYN_LE00_IN,BRB,_T,_T,_T,_Z,_Z,_Z,2012,A,YR,
71.965854,P1Y,0,,A,PU,_Z,2,,,False,WB_WDI,WB_WDI_SP_DYN_LE00_IN,BLR,_T,_T,_T,_Z,_Z,_Z,2012,A,YR,
80.385366,P1Y,0,,A,PU,_Z,2,,,False,WB_WDI,WB_WDI_SP_DYN_LE00_IN,BEL,_T,_T,_T,_Z,_Z,_Z,2012,A,YR,
71.134,P1Y,0,,A,PU,_Z,2,,,False,WB_WDI,WB_WDI_SP_DYN_LE00_IN,BLZ,_T,_T,_T,_Z,_Z,_Z,2012,A,YR,
74.365,P1Y,0,,A,PU,_Z,2,,,False,WB_WDI,WB_WDI_SP_DYN_LE00_IN,BRN,_T,_T,_T,_Z,_Z,_Z,2002,A,YR,
71.865854,P1Y,0,,A,PU,_Z,2,,,False,WB_WDI,WB_WDI_SP_DYN_LE00_IN,BGR,_T,_T,_T,_Z,_Z,_Z,2002,A,YR,
51.447,P1Y,0,,A,PU,_Z,2,,,False,WB_WDI,WB_WDI_SP_DYN_LE00_IN,BFA,_T,_T,_T,_Z,_Z,_Z,2002,A,YR,
49.924,P1Y,0,,A,PU,_Z,2,,,False,WB_WDI,WB_WDI_SP_DYN_LE00_IN,BDI,_T,_T,_T,_Z,_Z,_Z,2002,A,YR,
69.447,P1Y,0,,A,PU,_Z,2,,,False,WB_WDI,WB_WDI_SP_DYN_LE00_IN,CPV,_T,_T,_T,_Z,_Z,_Z,2002,A,YR,
61.395,P1Y,0,,A,PU,_Z,2,,,False,WB_WDI,WB_WDI_SP_DYN_LE00_IN,KHM,_T,_T,_T,_Z,_Z,_Z,2002,A,YR,
53.922,P1Y,0,,A,PU,_Z,2,,,False,WB_WDI,WB_WDI_SP_DYN_LE00_IN,CMR,_T,_T,_T,_Z,_Z,_Z,2002,A,YR,
79.530732,P1Y,0,,A,PU,_Z,2,,,False,WB_WDI,WB_WDI_SP_DYN_LE00_IN,CAN,_T,_T,_T,_Z,_Z,_Z,2002,A,YR,
74.609,P1Y,0,,A,PU,_Z,2,,,False,WB_WDI,WB_WDI_SP_DYN_LE00_IN,CYM,_T,_T,_T,_Z,_Z,_Z,2002,A,YR,
46.84,P1Y,0,,A,PU,_Z,2,,,False,WB_WDI,WB_WDI_SP_DYN_LE00_IN,CAF,_T,_T,_T,_Z,_Z,_Z,2002,A,YR,
48.36,P1Y,0,,A,PU,_Z,2,,,False,WB_WDI,WB_WDI_SP_DYN_LE00_IN,TCD,_T,_T,_T,_Z,_Z,_Z,2002,A,YR,
79.1,P1Y,0,,A,PU,_Z,2,,,False,WB_WDI,WB_WDI_SP_DYN_LE00_IN,CHI,_T,_T,_T,_Z,_Z,_Z,2002,A,YR,
77.84,P1Y,0,,A,PU,_Z,2,,,False,WB_WDI,WB_WDI_SP_DYN_LE00_IN,CHL,_T,_T,_T,_Z,_Z,_Z,2002,A,YR,
73.034,P1Y,0,,A,PU,_Z,2,,,False,WB_WDI,WB_WDI_SP_DYN_LE00_IN,CHN,_T,_T,_T,_Z,_Z,_Z,2002,A,YR,
75.555,P1Y,0,,A,PU,_Z,2,,,False,WB_WDI,WB_WDI_SP_DYN_LE00_IN,DZA,_T,_T,_T,_Z,_Z,_Z,2018,A,YR,
72.794,P1Y,0,,A,PU,_Z,2,,,False,WB_WDI,WB_WDI_SP_DYN_LE00_IN,ASM,_T,_T,_T,_Z,_Z,_Z,2018,A,YR,
84.242,P1Y,0,,A,PU,_Z,2,,,False,WB_WDI,WB_WDI_SP_DYN_LE00_IN,AND,_T,_T,_T,_Z,_Z,_Z,2018,A,YR,
62.622,P1Y,0,,A,PU,_Z,2,,,False,WB_WDI,WB_WDI_SP_DYN_LE00_IN,AGO,_T,_T,_T,_Z,_Z,_Z,2018,A,YR,
77.132,P1Y,0,,A,PU,_Z,2,,,False,WB_WDI,WB_WDI_SP_DYN_LE00_IN,ATG,_T,_T,_T,_Z,_Z,_Z,2018,A,YR,
76.77,P1Y,0,,A,PU,_Z,2,,,False,WB_WDI,WB_WDI_SP_DYN_LE00_IN,ARG,_T,_T,_T,_Z,_Z,_Z,2018,A,YR,
75.619512,P1Y,0,,A,PU,_Z,2,,,False,WB_WDI,WB_WDI_SP_DYN_LE00_IN,ARM,_T,_T,_T,_Z,_Z,_Z,2018,A,YR,
75.88,P1Y,0,,A,PU,_Z,2,,,False,WB_WDI,WB_WDI_SP_DYN_LE00_IN,ABW,_T,_T,_T,_Z,_Z,_Z,2018,A,YR,
82.74878,P1Y,0,,A,PU,_Z,2,,,False,WB_WDI,WB_WDI_SP_DYN_LE00_IN,AUS,_T,_T,_T,_Z,_Z,_Z,2018,A,YR,
81.692683,P1Y,0,,A,PU,_Z,2,,,False,WB_WDI,WB_WDI_SP_DYN_LE00_IN,AUT,_T,_T,_T,_Z,_Z,_Z,2018,A,YR,
73.016,P1Y,0,,A,PU,_Z,2,,,False,WB_WDI,WB_WDI_SP_DYN_LE00_IN,AZE,_T,_T,_T,_Z,_Z,_Z,2018,A,YR,
74.062,P1Y,0,,A,PU,_Z,2,,,False,WB_WDI,WB_WDI_SP_DYN_LE00_IN,BHS,_T,_T,_T,_Z,_Z,_Z,2018,A,YR,
80.412,P1Y,0,,A,PU,_Z,2,,,False,WB_WDI,WB_WDI_SP_DYN_LE00_IN,BHR,_T,_T,_T,_Z,_Z,_Z,2018,A,YR,
68.043,P1Y,0,,A,PU,_Z,2,,,False,WB_WDI,WB_WDI_SP_DYN_LE00_IN,STP,_T,_T,_T,_Z,_Z,_Z,2019,A,YR,
78.313,P1Y,0,,A,PU,_Z,2,,,False,WB_WDI,WB_WDI_SP_DYN_LE00_IN,SAU,_T,_T,_T,_Z,_Z,_Z,2019,A,YR,
67.668,P1Y,0,,A,PU,_Z,2,,,False,WB_WDI,WB_WDI_SP_DYN_LE00_IN,SEN,_T,_T,_T,_Z,_Z,_Z,2019,A,YR,
75.936585,P1Y,0,,A,PU,_Z,2,,,False,WB_WDI,WB_WDI_SP_DYN_LE00_IN,SRB,_T,_T,_T,_Z,_Z,_Z,2019,A,YR,
74.046341,P1Y,0,,A,PU,_Z,2,,,False,WB_WDI,WB_WDI_SP_DYN_LE00_IN,SYC,_T,_T,_T,_Z,_Z,_Z,2019,A,YR,
59.593,P1Y,0,,A,PU,_Z,2,,,False,WB_WDI,WB_WDI_SP_DYN_LE00_IN,SLE,_T,_T,_T,_Z,_Z,_Z,2019,A,YR,
83.595122,P1Y,0,,A,PU,_Z,2,,,False,WB_WDI,WB_WDI_SP_DYN_LE00_IN,SGP,_T,_T,_T,_Z,_Z,_Z,2019,A,YR,
75.68,P1Y,0,,A,PU,_Z,2,,,False,WB_WDI,WB_WDI_SP_DYN_LE00_IN,SXM,_T,_T,_T,_Z,_Z,_Z,2019,A,YR,
77.665854,P1Y,0,,A,PU,_Z,2,,,False,WB_WDI,WB_WDI_SP_DYN_LE00_IN,SVK,_T,_T,_T,_Z,_Z,_Z,2019,A,YR,
81.529268,P1Y,0,,A,PU,_Z,2,,,False,WB_WDI,WB_WDI_SP_DYN_LE00_IN,SVN,_T,_T,_T,_Z,_Z,_Z,2019,A,YR,
69.981,P1Y,0,,A,PU,_Z,2,,,False,WB_WDI,WB_WDI_SP_DYN_LE00_IN,SLB,_T,_T,_T,_Z,_Z,_Z,2019,A,YR,
57.249,P1Y,0,,A,PU,_Z,2,,,False,WB_WDI,WB_WDI_SP_DYN_LE00_IN,SOM,_T,_T,_T,_Z,_Z,_Z,2019,A,YR,
54.767,P1Y,0,,A,PU,_Z,2,,,False,WB_WDI,WB_WDI_SP_DYN_LE00_IN,SOM,_T,_T,_T,_Z,_Z,_Z,2018,A,YR,
65.726,P1Y,0,,A,PU,_Z,2,,,False,WB_WDI,WB_WDI_SP_DYN_LE00_IN,ZAF,_T,_T,_T,_Z,_Z,_Z,2018,A,YR,
51.905,P1Y,0,,A,PU,_Z,2,,,False,WB_WDI,WB_WDI_SP_DYN_LE00_IN,SSD,_T,_T,_T,_Z,_Z,_Z,2018,A,YR,
83.431707,P1Y,0,,A,PU,_Z,2,,,False,WB_WDI,WB_WDI_SP_DYN_LE00_IN,ESP,_T,_T,_T,_Z,_Z,_Z,2018,A,YR,
76.485,P1Y,0,,A,PU,_Z,2,,,False,WB_WDI,WB_WDI_SP_DYN_LE00_IN,LKA,_T,_T,_T,_Z,_Z,_Z,2018,A,YR,
71.336,P1Y,0,,A,PU,_Z,2,,,False,WB_WDI,WB_WDI_SP_DYN_LE00_IN,KNA,_T,_T,_T,_Z,_Z,_Z,2018,A,YR,
72.655,P1Y,0,,A,PU,_Z,2,,,False,WB_WDI,WB_WDI_SP_DYN_LE00_IN,LCA,_T,_T,_T,_Z,_Z,_Z,2018,A,YR,
80.029,P1Y,0,,A,PU,_Z,2,,,False,WB_WDI,WB_WDI_SP_DYN_LE00_IN,MAF,_T,_T,_T,_Z,_Z,_Z,2018,A,YR,
71.017,P1Y,0,,A,PU,_Z,2,,,False,WB_WDI,WB_WDI_SP_DYN_LE00_IN,VCT,_T,_T,_T,_Z,_Z,_Z,2018,A,YR,
65.501,P1Y,0,,A,PU,_Z,2,,,False,WB_WDI,WB_WDI_SP_DYN_LE00_IN,SDN,_T,_T,_T,_Z,_Z,_Z,2018,A,YR,
71.468,P1Y,0,,A,PU,_Z,2,,,False,WB_WDI,WB_WDI_SP_DYN_LE00_IN,SUR,_T,_T,_T,_Z,_Z,_Z,2018,A,YR,
82.558537,P1Y,0,,A,PU,_Z,2,,,False,WB_WDI,WB_WDI_SP_DYN_LE00_IN,SWE,_T,_T,_T,_Z,_Z,_Z,2018,A,YR,
83.753659,P1Y,0,,A,PU,_Z,2,,,False,WB_WDI,WB_WDI_SP_DYN_LE00_IN,CHE,_T,_T,_T,_Z,_Z,_Z,2018,A,YR,
75.301,P1Y,0,,A,PU,_Z,2,,,False,WB_WDI,WB_WDI_SP_DYN_LE00_IN,SAU,_T,_T,_T,_Z,_Z,_Z,2008,A,YR,
63.201,P1Y,0,,A,PU,_Z,2,,,False,WB_WDI,WB_WDI_SP_DYN_LE00_IN,SEN,_T,_T,_T,_Z,_Z,_Z,2008,A,YR,
73.885366,P1Y,0,,A,PU,_Z,2,,,False,WB_WDI,WB_WDI_SP_DYN_LE00_IN,SRB,_T,_T,_T,_Z,_Z,_Z,2008,A,YR,
73.163415,P1Y,0,,A,PU,_Z,2,,,False,WB_WDI,WB_WDI_SP_DYN_LE00_IN,SYC,_T,_T,_T,_Z,_Z,_Z,2008,A,YR,
50.693,P1Y,0,,A,PU,_Z,2,,,False,WB_WDI,WB_WDI_SP_DYN_LE00_IN,SLE,_T,_T,_T,_Z,_Z,_Z,2008,A,YR,
80.790244,P1Y,0,,A,PU,_Z,2,,,False,WB_WDI,WB_WDI_SP_DYN_LE00_IN,SGP,_T,_T,_T,_Z,_Z,_Z,2008,A,YR,
74.852,P1Y,0,,A,PU,_Z,2,,,False,WB_WDI,WB_WDI_SP_DYN_LE00_IN,SXM,_T,_T,_T,_Z,_Z,_Z,2008,A,YR,
74.704878,P1Y,0,,A,PU,_Z,2,,,False,WB_WDI,WB_WDI_SP_DYN_LE00_IN,SVK,_T,_T,_T,_Z,_Z,_Z,2008,A,YR,
78.765854,P1Y,0,,A,PU,_Z,2,,,False,WB_WDI,WB_WDI_SP_DYN_LE00_IN,SVN,_T,_T,_T,_Z,_Z,_Z,2008,A,YR,
68.336,P1Y,0,,A,PU,_Z,2,,,False,WB_WDI,WB_WDI_SP_DYN_LE00_IN,SLB,_T,_T,_T,_Z,_Z,_Z,2008,A,YR,
51.456,P1Y,0,,A,PU,_Z,2,,,False,WB_WDI,WB_WDI_SP_DYN_LE00_IN,SOM,_T,_T,_T,_Z,_Z,_Z,2008,A,YR,
55.982,P1Y,0,,A,PU,_Z,2,,,False,WB_WDI,WB_WDI_SP_DYN_LE00_IN,ZAF,_T,_T,_T,_Z,_Z,_Z,2008,A,YR,
56.28,P1Y,0,,A,PU,_Z,2,,,False,WB_WDI,WB_WDI_SP_DYN_LE00_IN,SSD,_T,_T,_T,_Z,_Z,_Z,2008,A,YR,
66.919,P1Y,0,,A,PU,_Z,2,,,False,WB_WDI,WB_WDI_SP_DYN_LE00_IN,TLS,_T,_T,_T,_Z,_Z,_Z,2020,A,YR,
61.14,P1Y,0,,A,PU,_Z,2,,,False,WB_WDI,WB_WDI_SP_DYN_LE00_IN,TGO,_T,_T,_T,_Z,_Z,_Z,2020,A,YR,
72.379,P1Y,0,,A,PU,_Z,2,,,False,WB_WDI,WB_WDI_SP_DYN_LE00_IN,TON,_T,_T,_T,_Z,_Z,_Z,2020,A,YR,
72.645,P1Y,0,,A,PU,_Z,2,,,False,WB_WDI,WB_WDI_SP_DYN_LE00_IN,TTO,_T,_T,_T,_Z,_Z,_Z,2020,A,YR,
75.004,P1Y,0,,A,PU,_Z,2,,,False,WB_WDI,WB_WDI_SP_DYN_LE00_IN,TUN,_T,_T,_T,_Z,_Z,_Z,2020,A,YR,
76.525,P1Y,0,,A,PU,_Z,2,,,False,WB_WDI,WB_WDI_SP_DYN_LE00_IN,TUR,_T,_T,_T,_Z,_Z,_Z,2020,A,YR,
68.846,P1Y,0,,A,PU,_Z,2,,,False,WB_WDI,WB_WDI_SP_DYN_LE00_IN,TKM,_T,_T,_T,_Z,_Z,_Z,2020,A,YR,
77.499,P1Y,0,,A,PU,_Z,2,,,False,WB_WDI,WB_WDI_SP_DYN_LE00_IN,TCA,_T,_T,_T,_Z,_Z,_Z,2020,A,YR,
66.357,P1Y,0,,A,PU,_Z,2,,,False,WB_WDI,WB_WDI_SP_DYN_LE00_IN,TUV,_T,_T,_T,_Z,_Z,_Z,2020,A,YR,
66.41,P1Y,0,,A,PU,_Z,2,,,False,WB_WDI,WB_WDI_SP_DYN_LE00_IN,UGA,_T,_T,_T,_Z,_Z,_Z,2020,A,YR,
73.283,P1Y,0,,A,PU,_Z,2,,,False,WB_WDI,WB_WDI_SP_DYN_LE00_IN,UKR,_T,_T,_T,_Z,_Z,_Z,2020,A,YR,
81.936,P1Y,0,,A,PU,_Z,2,,,False,WB_WDI,WB_WDI_SP_DYN_LE00_IN,ARE,_T,_T,_T,_Z,_Z,_Z,2020,A,YR,
52.669,P1Y,0,,A,PU,_Z,2,,,False,WB_WDI,WB_WDI_SP_DYN_LE00_IN,GIN,_T,_T,_T,_Z,_Z,_Z,2001,A,YR,
51.054,P1Y,0,,A,PU,_Z,2,,,False,WB_WDI,WB_WDI_SP_DYN_LE00_IN,GNB,_T,_T,_T,_Z,_Z,_Z,2001,A,YR,
64.38,P1Y,0,,A,PU,_Z,2,,,False,WB_WDI,WB_WDI_SP_DYN_LE00_IN,GUY,_T,_T,_T,_Z,_Z,_Z,2001,A,YR,
58.591,P1Y,0,,A,PU,_Z,2,,,False,WB_WDI,WB_WDI_SP_DYN_LE00_IN,HTI,_T,_T,_T,_Z,_Z,_Z,2001,A,YR,
68.491,P1Y,0,,A,PU,_Z,2,,,False,WB_WDI,WB_WDI_SP_DYN_LE00_IN,HND,_T,_T,_T,_Z,_Z,_Z,2001,A,YR,
81.419268,P1Y,0,,A,PU,_Z,2,,,False,WB_WDI,WB_WDI_SP_DYN_LE00_IN,HKG,_T,_T,_T,_Z,_Z,_Z,2001,A,YR,
72.24878,P1Y,0,,A,PU,_Z,2,,,False,WB_WDI,WB_WDI_SP_DYN_LE00_IN,HUN,_T,_T,_T,_Z,_Z,_Z,2001,A,YR,
80.690244,P1Y,0,,A,PU,_Z,2,,,False,WB_WDI,WB_WDI_SP_DYN_LE00_IN,ISL,_T,_T,_T,_Z,_Z,_Z,2001,A,YR,
63.158,P1Y,0,,A,PU,_Z,2,,,False,WB_WDI,WB_WDI_SP_DYN_LE00_IN,IND,_T,_T,_T,_Z,_Z,_Z,2001,A,YR,
66.583,P1Y,0,,A,PU,_Z,2,,,False,WB_WDI,WB_WDI_SP_DYN_LE00_IN,IDN,_T,_T,_T,_Z,_Z,_Z,2001,A,YR,
70.619,P1Y,0,,A,PU,_Z,2,,,False,WB_WDI,WB_WDI_SP_DYN_LE00_IN,IRN,_T,_T,_T,_Z,_Z,_Z,2001,A,YR,
65.292,P1Y,0,,A,PU,_Z,2,,,False,WB_WDI,WB_WDI_SP_DYN_LE00_IN,IRQ,_T,_T,_T,_Z,_Z,_Z,2001,A,YR,
52.42,P1Y,0,,A,PU,_Z,2,,,False,WB_WDI,WB_WDI_SP_DYN_LE00_IN,GIN,_T,_T,_T,_Z,_Z,_Z,2000,A,YR,
50.565,P1Y,0,,A,PU,_Z,2,,,False,WB_WDI,WB_WDI_SP_DYN_LE00_IN,GNB,_T,_T,_T,_Z,_Z,_Z,2000,A,YR,
64.075,P1Y,0,,A,PU,_Z,2,,,False,WB_WDI,WB_WDI_SP_DYN_LE00_IN,GUY,_T,_T,_T,_Z,_Z,_Z,2000,A,YR,
58.175,P1Y,0,,A,PU,_Z,2,,,False,WB_WDI,WB_WDI_SP_DYN_LE00_IN,HTI,_T,_T,_T,_Z,_Z,_Z,2000,A,YR,
68.302,P1Y,0,,A,PU,_Z,2,,,False,WB_WDI,WB_WDI_SP_DYN_LE00_IN,HND,_T,_T,_T,_Z,_Z,_Z,2000,A,YR,
80.873171,P1Y,0,,A,PU,_Z,2,,,False,WB_WDI,WB_WDI_SP_DYN_LE00_IN,HKG,_T,_T,_T,_Z,_Z,_Z,2000,A,YR,
71.246341,P1Y,0,,A,PU,_Z,2,,,False,WB_WDI,WB_WDI_SP_DYN_LE00_IN,HUN,_T,_T,_T,_Z,_Z,_Z,2000,A,YR,
79.653659,P1Y,0,,A,PU,_Z,2,,,False,WB_WDI,WB_WDI_SP_DYN_LE00_IN,ISL,_T,_T,_T,_Z,_Z,_Z,2000,A,YR,
62.749,P1Y,0,,A,PU,_Z,2,,,False,WB_WDI,WB_WDI_SP_DYN_LE00_IN,IND,_T,_T,_T,_Z,_Z,_Z,2000,A,YR,
66.292,P1Y,0,,A,PU,_Z,2,,,False,WB_WDI,WB_WDI_SP_DYN_LE00_IN,IDN,_T,_T,_T,_Z,_Z,_Z,2000,A,YR,
70.166,P1Y,0,,A,PU,_Z,2,,,False,WB_WDI,WB_WDI_SP_DYN_LE00_IN,IRN,_T,_T,_T,_Z,_Z,_Z,2000,A,YR,
64.86,P1Y,0,,A,PU,_Z,2,,,False,WB_WDI,WB_WDI_SP_DYN_LE00_IN,IRQ,_T,_T,_T,_Z,_Z,_Z,2000,A,YR,
85.247317,P1Y,0,,A,PU,_Z,2,,,False,WB_WDI,WB_WDI_SP_DYN_LE00_IN,HKG,_T,_T,_T,_Z,_Z,_Z,2023,A,YR,
76.570732,P1Y,0,,A,PU,_Z,2,,,False,WB_WDI,WB_WDI_SP_DYN_LE00_IN,HUN,_T,_T,_T,_Z,_Z,_Z,2023,A,YR,
82.456098,P1Y,0,,A,PU,_Z,2,,,False,WB_WDI,WB_WDI_SP_DYN_LE00_IN,ISL,_T,_T,_T,_Z,_Z,_Z,2023,A,YR,
72.003,P1Y,0,,A,PU,_Z,2,,,False,WB_WDI,WB_WDI_SP_DYN_LE00_IN,IND,_T,_T,_T,_Z,_Z,_Z,2023,A,YR,
71.146,P1Y,0,,A,PU,_Z,2,,,False,WB_WDI,WB_WDI_SP_DYN_LE00_IN,IDN,_T,_T,_T,_Z,_Z,_Z,2023,A,YR,
77.654,P1Y,0,,A,PU,_Z,2,,,False,WB_WDI,WB_WDI_SP_DYN_LE00_IN,IRN,_T,_T,_T,_Z,_Z,_Z,2023,A,YR,
72.324,P1Y,0,,A,PU,_Z,2,,,False,WB_WDI,WB_WDI_SP_DYN_LE00_IN,IRQ,_T,_T,_T,_Z,_Z,_Z,2023,A,YR,
82.807317,P1Y,0,,A,PU,_Z,2,,,False,WB_WDI,WB_WDI_SP_DYN_LE00_IN,IRL,_T,_T,_T,_Z,_Z,_Z,2023,A,YR,
80.999,P1Y,0,,A,PU,_Z,2,,,False,WB_WDI,WB_WDI_SP_DYN_LE00_IN,IMN,_T,_T,_T,_Z,_Z,_Z,2023,A,YR,
83.195122,P1Y,0,,A,PU,_Z,2,,,False,WB_WDI,WB_WDI_SP_DYN_LE00_IN,ISR,_T,_T,_T,_Z,_Z,_Z,2023,A,YR,
83.35122,P1Y,0,,A,PU,_Z,2,,,False,WB_WDI,WB_WDI_SP_DYN_LE00_IN,ITA,_T,_T,_T,_Z,_Z,_Z,2023,A,YR,
71.479,P1Y,0,,A,PU,_Z,2,,,False,WB_WDI,WB_WDI_SP_DYN_LE00_IN,JAM,_T,_T,_T,_Z,_Z,_Z,2023,A,YR,
84.04122,P1Y,0,,A,PU,_Z,2,,,False,WB_WDI,WB_WDI_SP_DYN_LE00_IN,JPN,_T,_T,_T,_Z,_Z,_Z,2023,A,YR,
73.985,P1Y,0,,A,PU,_Z,2,,,False,WB_WDI,WB_WDI_SP_DYN_LE00_IN,GEO,_T,_T,_T,_Z,_Z,_Z,2018,A,YR,
80.892683,P1Y,0,,A,PU,_Z,2,,,False,WB_WDI,WB_WDI_SP_DYN_LE00_IN,DEU,_T,_T,_T,_Z,_Z,_Z,2018,A,YR,
64.138,P1Y,0,,A,PU,_Z,2,,,False,WB_WDI,WB_WDI_SP_DYN_LE00_IN,GHA,_T,_T,_T,_Z,_Z,_Z,2018,A,YR,
83.028,P1Y,0,,A,PU,_Z,2,,,False,WB_WDI,WB_WDI_SP_DYN_LE00_IN,GIB,_T,_T,_T,_Z,_Z,_Z,2018,A,YR,
81.787805,P1Y,0,,A,PU,_Z,2,,,False,WB_WDI,WB_WDI_SP_DYN_LE00_IN,GRC,_T,_T,_T,_Z,_Z,_Z,2018,A,YR,
71.360976,P1Y,0,,A,PU,_Z,2,,,False,WB_WDI,WB_WDI_SP_DYN_LE00_IN,GRL,_T,_T,_T,_Z,_Z,_Z,2018,A,YR,
74.957,P1Y,0,,A,PU,_Z,2,,,False,WB_WDI,WB_WDI_SP_DYN_LE00_IN,GRD,_T,_T,_T,_Z,_Z,_Z,2018,A,YR,
76.561,P1Y,0,,A,PU,_Z,2,,,False,WB_WDI,WB_WDI_SP_DYN_LE00_IN,GUM,_T,_T,_T,_Z,_Z,_Z,2018,A,YR,
71.496,P1Y,0,,A,PU,_Z,2,,,False,WB_WDI,WB_WDI_SP_DYN_LE00_IN,GTM,_T,_T,_T,_Z,_Z,_Z,2018,A,YR,
59.043,P1Y,0,,A,PU,_Z,2,,,False,WB_WDI,WB_WDI_SP_DYN_LE00_IN,GIN,_T,_T,_T,_Z,_Z,_Z,2018,A,YR,
61.652,P1Y,0,,A,PU,_Z,2,,,False,WB_WDI,WB_WDI_SP_DYN_LE00_IN,GNB,_T,_T,_T,_Z,_Z,_Z,2018,A,YR,
68.829,P1Y,0,,A,PU,_Z,2,,,False,WB_WDI,WB_WDI_SP_DYN_LE00_IN,GUY,_T,_T,_T,_Z,_Z,_Z,2018,A,YR,
64.077,P1Y,0,,A,PU,_Z,2,,,False,WB_WDI,WB_WDI_SP_DYN_LE00_IN,HTI,_T,_T,_T,_Z,_Z,_Z,2018,A,YR,
82.195122,P1Y,0,,A,PU,_Z,2,,,False,WB_WDI,WB_WDI_SP_DYN_LE00_IN,MLT,_T,_T,_T,_Z,_Z,_Z,2017,A,YR,
65.673,P1Y,0,,A,PU,_Z,2,,,False,WB_WDI,WB_WDI_SP_DYN_LE00_IN,MHL,_T,_T,_T,_Z,_Z,_Z,2017,A,YR,
67.088,P1Y,0,,A,PU,_Z,2,,,False,WB_WDI,WB_WDI_SP_DYN_LE00_IN,MRT,_T,_T,_T,_Z,_Z,_Z,2017,A,YR,
74.514634,P1Y,0,,A,PU,_Z,2,,,False,WB_WDI,WB_WDI_SP_DYN_LE00_IN,MUS,_T,_T,_T,_Z,_Z,_Z,2017,A,YR,
74.261,P1Y,0,,A,PU,_Z,2,,,False,WB_WDI,WB_WDI_SP_DYN_LE00_IN,MEX,_T,_T,_T,_Z,_Z,_Z,2017,A,YR,
65.761,P1Y,0,,A,PU,_Z,2,,,False,WB_WDI,WB_WDI_SP_DYN_LE00_IN,FSM,_T,_T,_T,_Z,_Z,_Z,2017,A,YR,
70.375,P1Y,0,,A,PU,_Z,2,,,False,WB_WDI,WB_WDI_SP_DYN_LE00_IN,MDA,_T,_T,_T,_Z,_Z,_Z,2017,A,YR,
85.878,P1Y,0,,A,PU,_Z,2,,,False,WB_WDI,WB_WDI_SP_DYN_LE00_IN,MCO,_T,_T,_T,_Z,_Z,_Z,2017,A,YR,
70.543415,P1Y,0,,A,PU,_Z,2,,,False,WB_WDI,WB_WDI_SP_DYN_LE00_IN,MNG,_T,_T,_T,_Z,_Z,_Z,2017,A,YR,
76.685366,P1Y,0,,A,PU,_Z,2,,,False,WB_WDI,WB_WDI_SP_DYN_LE00_IN,MNE,_T,_T,_T,_Z,_Z,_Z,2017,A,YR,
73.608,P1Y,0,,A,PU,_Z,2,,,False,WB_WDI,WB_WDI_SP_DYN_LE00_IN,MAR,_T,_T,_T,_Z,_Z,_Z,2017,A,YR,
76.237,P1Y,0,,A,PU,_Z,2,,,False,WB_WDI,WB_WDI_SP_DYN_LE00_IN,GUM,_T,_T,_T,_Z,_Z,_Z,2012,A,YR,
70.722,P1Y,0,,A,PU,_Z,2,,,False,WB_WDI,WB_WDI_SP_DYN_LE00_IN,GTM,_T,_T,_T,_Z,_Z,_Z,2012,A,YR,
57.117,P1Y,0,,A,PU,_Z,2,,,False,WB_WDI,WB_WDI_SP_DYN_LE00_IN,GIN,_T,_T,_T,_Z,_Z,_Z,2012,A,YR,
58.27,P1Y,0,,A,PU,_Z,2,,,False,WB_WDI,WB_WDI_SP_DYN_LE00_IN,GNB,_T,_T,_T,_Z,_Z,_Z,2012,A,YR,
66.443,P1Y,0,,A,PU,_Z,2,,,False,WB_WDI,WB_WDI_SP_DYN_LE00_IN,GUY,_T,_T,_T,_Z,_Z,_Z,2012,A,YR,
62.273,P1Y,0,,A,PU,_Z,2,,,False,WB_WDI,WB_WDI_SP_DYN_LE00_IN,HTI,_T,_T,_T,_Z,_Z,_Z,2012,A,YR,
70.46,P1Y,0,,A,PU,_Z,2,,,False,WB_WDI,WB_WDI_SP_DYN_LE00_IN,HND,_T,_T,_T,_Z,_Z,_Z,2012,A,YR,
83.450244,P1Y,0,,A,PU,_Z,2,,,False,WB_WDI,WB_WDI_SP_DYN_LE00_IN,HKG,_T,_T,_T,_Z,_Z,_Z,2012,A,YR,
75.063415,P1Y,0,,A,PU,_Z,2,,,False,WB_WDI,WB_WDI_SP_DYN_LE00_IN,HUN,_T,_T,_T,_Z,_Z,_Z,2012,A,YR,
82.917073,P1Y,0,,A,PU,_Z,2,,,False,WB_WDI,WB_WDI_SP_DYN_LE00_IN,ISL,_T,_T,_T,_Z,_Z,_Z,2012,A,YR,
68.076,P1Y,0,,A,PU,_Z,2,,,False,WB_WDI,WB_WDI_SP_DYN_LE00_IN,IND,_T,_T,_T,_Z,_Z,_Z,2012,A,YR,
84.56,P1Y,0,,A,PU,_Z,2,,,False,WB_WDI,WB_WDI_SP_DYN_LE00_IN,JPN,_T,_T,_T,_Z,_Z,_Z,2020,A,YR,
75.583,P1Y,0,,A,PU,_Z,2,,,False,WB_WDI,WB_WDI_SP_DYN_LE00_IN,JOR,_T,_T,_T,_Z,_Z,_Z,2020,A,YR,
71.195,P1Y,0,,A,PU,_Z,2,,,False,WB_WDI,WB_WDI_SP_DYN_LE00_IN,KAZ,_T,_T,_T,_Z,_Z,_Z,2020,A,YR,
61.596,P1Y,0,,A,PU,_Z,2,,,False,WB_WDI,WB_WDI_SP_DYN_LE00_IN,KEN,_T,_T,_T,_Z,_Z,_Z,2020,A,YR,
65.205,P1Y,0,,A,PU,_Z,2,,,False,WB_WDI,WB_WDI_SP_DYN_LE00_IN,KIR,_T,_T,_T,_Z,_Z,_Z,2020,A,YR,
72.783,P1Y,0,,A,PU,_Z,2,,,False,WB_WDI,WB_WDI_SP_DYN_LE00_IN,PRK,_T,_T,_T,_Z,_Z,_Z,2020,A,YR,
83.426829,P1Y,0,,A,PU,_Z,2,,,False,WB_WDI,WB_WDI_SP_DYN_LE00_IN,KOR,_T,_T,_T,_Z,_Z,_Z,2020,A,YR,
74.212,P1Y,0,,A,PU,_Z,2,,,False,WB_WDI,WB_WDI_SP_DYN_LE00_IN,XKX,_T,_T,_T,_Z,_Z,_Z,2020,A,YR,
78.760976,P1Y,0,,A,PU,_Z,2,,,False,WB_WDI,WB_WDI_SP_DYN_LE00_IN,KWT,_T,_T,_T,_Z,_Z,_Z,2020,A,YR,
71.8,P1Y,0,,A,PU,_Z,2,,,False,WB_WDI,WB_WDI_SP_DYN_LE00_IN,KGZ,_T,_T,_T,_Z,_Z,_Z,2020,A,YR,
68.339,P1Y,0,,A,PU,_Z,2,,,False,WB_WDI,WB_WDI_SP_DYN_LE00_IN,LAO,_T,_T,_T,_Z,_Z,_Z,2020,A,YR,
74.762,P1Y,0,,A,PU,_Z,2,,,False,WB_WDI,WB_WDI_SP_DYN_LE00_IN,SAU,_T,_T,_T,_Z,_Z,_Z,2006,A,YR,
61.801,P1Y,0,,A,PU,_Z,2,,,False,WB_WDI,WB_WDI_SP_DYN_LE00_IN,SEN,_T,_T,_T,_Z,_Z,_Z,2006,A,YR,
73.385366,P1Y,0,,A,PU,_Z,2,,,False,WB_WDI,WB_WDI_SP_DYN_LE00_IN,SRB,_T,_T,_T,_Z,_Z,_Z,2006,A,YR,
72.217073,P1Y,0,,A,PU,_Z,2,,,False,WB_WDI,WB_WDI_SP_DYN_LE00_IN,SYC,_T,_T,_T,_Z,_Z,_Z,2006,A,YR,
49.547,P1Y,0,,A,PU,_Z,2,,,False,WB_WDI,WB_WDI_SP_DYN_LE00_IN,SLE,_T,_T,_T,_Z,_Z,_Z,2006,A,YR,
80.141463,P1Y,0,,A,PU,_Z,2,,,False,WB_WDI,WB_WDI_SP_DYN_LE00_IN,SGP,_T,_T,_T,_Z,_Z,_Z,2006,A,YR,
74.779,P1Y,0,,A,PU,_Z,2,,,False,WB_WDI,WB_WDI_SP_DYN_LE00_IN,SXM,_T,_T,_T,_Z,_Z,_Z,2006,A,YR,
74.204878,P1Y,0,,A,PU,_Z,2,,,False,WB_WDI,WB_WDI_SP_DYN_LE00_IN,SVK,_T,_T,_T,_Z,_Z,_Z,2006,A,YR,
78.086585,P1Y,0,,A,PU,_Z,2,,,False,WB_WDI,WB_WDI_SP_DYN_LE00_IN,SVN,_T,_T,_T,_Z,_Z,_Z,2006,A,YR,
67.968,P1Y,0,,A,PU,_Z,2,,,False,WB_WDI,WB_WDI_SP_DYN_LE00_IN,SLB,_T,_T,_T,_Z,_Z,_Z,2006,A,YR,
50.915,P1Y,0,,A,PU,_Z,2,,,False,WB_WDI,WB_WDI_SP_DYN_LE00_IN,SOM,_T,_T,_T,_Z,_Z,_Z,2006,A,YR,
54.22,P1Y,0,,A,PU,_Z,2,,,False,WB_WDI,WB_WDI_SP_DYN_LE00_IN,ZAF,_T,_T,_T,_Z,_Z,_Z,2006,A,YR,
54.653,P1Y,0,,A,PU,_Z,2,,,False,WB_WDI,WB_WDI_SP_DYN_LE00_IN,SSD,_T,_T,_T,_Z,_Z,_Z,2006,A,YR,
80.821951,P1Y,0,,A,PU,_Z,2,,,False,WB_WDI,WB_WDI_SP_DYN_LE00_IN,ESP,_T,_T,_T,_Z,_Z,_Z,2006,A,YR,
79.263415,P1Y,0,,A,PU,_Z,2,,,False,WB_WDI,WB_WDI_SP_DYN_LE00_IN,FIN,_T,_T,_T,_Z,_Z,_Z,2007,A,YR,
81.112195,P1Y,0,,A,PU,_Z,2,,,False,WB_WDI,WB_WDI_SP_DYN_LE00_IN,FRA,_T,_T,_T,_Z,_Z,_Z,2007,A,YR,
80.328,P1Y,0,,A,PU,_Z,2,,,False,WB_WDI,WB_WDI_SP_DYN_LE00_IN,PYF,_T,_T,_T,_Z,_Z,_Z,2007,A,YR,
63.619,P1Y,0,,A,PU,_Z,2,,,False,WB_WDI,WB_WDI_SP_DYN_LE00_IN,GAB,_T,_T,_T,_Z,_Z,_Z,2007,A,YR,
60.001,P1Y,0,,A,PU,_Z,2,,,False,WB_WDI,WB_WDI_SP_DYN_LE00_IN,GMB,_T,_T,_T,_Z,_Z,_Z,2007,A,YR,
70.985,P1Y,0,,A,PU,_Z,2,,,False,WB_WDI,WB_WDI_SP_DYN_LE00_IN,GEO,_T,_T,_T,_Z,_Z,_Z,2007,A,YR,
79.534146,P1Y,0,,A,PU,_Z,2,,,False,WB_WDI,WB_WDI_SP_DYN_LE00_IN,DEU,_T,_T,_T,_Z,_Z,_Z,2007,A,YR,
60.282,P1Y,0,,A,PU,_Z,2,,,False,WB_WDI,WB_WDI_SP_DYN_LE00_IN,GHA,_T,_T,_T,_Z,_Z,_Z,2007,A,YR,
81.269,P1Y,0,,A,PU,_Z,2,,,False,WB_WDI,WB_WDI_SP_DYN_LE00_IN,GIB,_T,_T,_T,_Z,_Z,_Z,2007,A,YR,
79.439024,P1Y,0,,A,PU,_Z,2,,,False,WB_WDI,WB_WDI_SP_DYN_LE00_IN,GRC,_T,_T,_T,_Z,_Z,_Z,2007,A,YR,
68.273902,P1Y,0,,A,PU,_Z,2,,,False,WB_WDI,WB_WDI_SP_DYN_LE00_IN,GRL,_T,_T,_T,_Z,_Z,_Z,2007,A,YR,
74.159,P1Y,0,,A,PU,_Z,2,,,False,WB_WDI,WB_WDI_SP_DYN_LE00_IN,GRD,_T,_T,_T,_Z,_Z,_Z,2007,A,YR,
76.397,P1Y,0,,A,PU,_Z,2,,,False,WB_WDI,WB_WDI_SP_DYN_LE00_IN,GUM,_T,_T,_T,_Z,_Z,_Z,2007,A,YR,
68.609463,P1Y,0,,A,PU,_Z,2,,,False,WB_WDI,WB_WDI_SP_DYN_LE00_IN,EAR,_T,_T,_T,_Z,_Z,_Z,2012,A,YR,
75.105973,P1Y,0,,A,PU,_Z,2,,,False,WB_WDI,WB_WDI_SP_DYN_LE00_IN,EAS,_T,_T,_T,_Z,_Z,_Z,2012,A,YR,
74.259787,P1Y,0,,A,PU,_Z,2,,,False,WB_WDI,WB_WDI_SP_DYN_LE00_IN,EAP,_T,_T,_T,_Z,_Z,_Z,2012,A,YR,
74.297113,P1Y,0,,A,PU,_Z,2,,,False,WB_WDI,WB_WDI_SP_DYN_LE00_IN,TEA,_T,_T,_T,_Z,_Z,_Z,2012,A,YR,
81.038711,P1Y,0,,A,PU,_Z,2,,,False,WB_WDI,WB_WDI_SP_DYN_LE00_IN,EMU,_T,_T,_T,_Z,_Z,_Z,2012,A,YR,
76.680497,P1Y,0,,A,PU,_Z,2,,,False,WB_WDI,WB_WDI_SP_DYN_LE00_IN,ECS,_T,_T,_T,_Z,_Z,_Z,2012,A,YR,
72.673598,P1Y,0,,A,PU,_Z,2,,,False,WB_WDI,WB_WDI_SP_DYN_LE00_IN,ECA,_T,_T,_T,_Z,_Z,_Z,2012,A,YR,
72.333615,P1Y,0,,A,PU,_Z,2,,,False,WB_WDI,WB_WDI_SP_DYN_LE00_IN,TEC,_T,_T,_T,_Z,_Z,_Z,2012,A,YR,
80.165777,P1Y,0,,A,PU,_Z,2,,,False,WB_WDI,WB_WDI_SP_DYN_LE00_IN,EUU,_T,_T,_T,_Z,_Z,_Z,2012,A,YR,
60.087014,P1Y,0,,A,PU,_Z,2,,,False,WB_WDI,WB_WDI_SP_DYN_LE00_IN,HPC,_T,_T,_T,_Z,_Z,_Z,2012,A,YR,
79.075341,P1Y,0,,A,PU,_Z,2,,,False,WB_WDI,WB_WDI_SP_DYN_LE00_IN,HIC,_T,_T,_T,_Z,_Z,_Z,2012,A,YR,
72.16367,P1Y,0,,A,PU,_Z,2,,,False,WB_WDI,WB_WDI_SP_DYN_LE00_IN,IBD,_T,_T,_T,_Z,_Z,_Z,2012,A,YR,
69.574186,P1Y,0,,A,PU,_Z,2,,,False,WB_WDI,WB_WDI_SP_DYN_LE00_IN,IBT,_T,_T,_T,_Z,_Z,_Z,2012,A,YR,
79.602,P1Y,0,,A,PU,_Z,2,,,False,WB_WDI,WB_WDI_SP_DYN_LE00_IN,ALB,_T,_T,_T,_Z,_Z,_Z,2023,A,YR,
76.261,P1Y,0,,A,PU,_Z,2,,,False,WB_WDI,WB_WDI_SP_DYN_LE00_IN,DZA,_T,_T,_T,_Z,_Z,_Z,2023,A,YR,
72.852,P1Y,0,,A,PU,_Z,2,,,False,WB_WDI,WB_WDI_SP_DYN_LE00_IN,ASM,_T,_T,_T,_Z,_Z,_Z,2023,A,YR,
84.041,P1Y,0,,A,PU,_Z,2,,,False,WB_WDI,WB_WDI_SP_DYN_LE00_IN,AND,_T,_T,_T,_Z,_Z,_Z,2023,A,YR,
64.617,P1Y,0,,A,PU,_Z,2,,,False,WB_WDI,WB_WDI_SP_DYN_LE00_IN,AGO,_T,_T,_T,_Z,_Z,_Z,2023,A,YR,
77.598,P1Y,0,,A,PU,_Z,2,,,False,WB_WDI,WB_WDI_SP_DYN_LE00_IN,ATG,_T,_T,_T,_Z,_Z,_Z,2023,A,YR,
77.395,P1Y,0,,A,PU,_Z,2,,,False,WB_WDI,WB_WDI_SP_DYN_LE00_IN,ARG,_T,_T,_T,_Z,_Z,_Z,2023,A,YR,
77.465854,P1Y,0,,A,PU,_Z,2,,,False,WB_WDI,WB_WDI_SP_DYN_LE00_IN,ARM,_T,_T,_T,_Z,_Z,_Z,2023,A,YR,
76.353,P1Y,0,,A,PU,_Z,2,,,False,WB_WDI,WB_WDI_SP_DYN_LE00_IN,ABW,_T,_T,_T,_Z,_Z,_Z,2023,A,YR,
83.05122,P1Y,0,,A,PU,_Z,2,,,False,WB_WDI,WB_WDI_SP_DYN_LE00_IN,AUS,_T,_T,_T,_Z,_Z,_Z,2023,A,YR,
81.792683,P1Y,0,,A,PU,_Z,2,,,False,WB_WDI,WB_WDI_SP_DYN_LE00_IN,AUT,_T,_T,_T,_Z,_Z,_Z,2023,A,YR,
74.429,P1Y,0,,A,PU,_Z,2,,,False,WB_WDI,WB_WDI_SP_DYN_LE00_IN,AZE,_T,_T,_T,_Z,_Z,_Z,2023,A,YR,
74.552,P1Y,0,,A,PU,_Z,2,,,False,WB_WDI,WB_WDI_SP_DYN_LE00_IN,BHS,_T,_T,_T,_Z,_Z,_Z,2023,A,YR,
81.284,P1Y,0,,A,PU,_Z,2,,,False,WB_WDI,WB_WDI_SP_DYN_LE00_IN,BHR,_T,_T,_T,_Z,_Z,_Z,2023,A,YR,
74.672,P1Y,0,,A,PU,_Z,2,,,False,WB_WDI,WB_WDI_SP_DYN_LE00_IN,BGD,_T,_T,_T,_Z,_Z,_Z,2023,A,YR,
73.223,P1Y,0,,A,PU,_Z,2,,,False,WB_WDI,WB_WDI_SP_DYN_LE00_IN,ABW,_T,_T,_T,_Z,_Z,_Z,2004,A,YR,
80.490244,P1Y,0,,A,PU,_Z,2,,,False,WB_WDI,WB_WDI_SP_DYN_LE00_IN,AUS,_T,_T,_T,_Z,_Z,_Z,2004,A,YR,
79.180488,P1Y,0,,A,PU,_Z,2,,,False,WB_WDI,WB_WDI_SP_DYN_LE00_IN,AUT,_T,_T,_T,_Z,_Z,_Z,2004,A,YR,
67.488,P1Y,0,,A,PU,_Z,2,,,False,WB_WDI,WB_WDI_SP_DYN_LE00_IN,AZE,_T,_T,_T,_Z,_Z,_Z,2004,A,YR,
73.235,P1Y,0,,A,PU,_Z,2,,,False,WB_WDI,WB_WDI_SP_DYN_LE00_IN,BHS,_T,_T,_T,_Z,_Z,_Z,2004,A,YR,
75.787,P1Y,0,,A,PU,_Z,2,,,False,WB_WDI,WB_WDI_SP_DYN_LE00_IN,BHR,_T,_T,_T,_Z,_Z,_Z,2004,A,YR,
64.912,P1Y,0,,A,PU,_Z,2,,,False,WB_WDI,WB_WDI_SP_DYN_LE00_IN,BGD,_T,_T,_T,_Z,_Z,_Z,2004,A,YR,
75.15,P1Y,0,,A,PU,_Z,2,,,False,WB_WDI,WB_WDI_SP_DYN_LE00_IN,BRB,_T,_T,_T,_Z,_Z,_Z,2004,A,YR,
68.956098,P1Y,0,,A,PU,_Z,2,,,False,WB_WDI,WB_WDI_SP_DYN_LE00_IN,BLR,_T,_T,_T,_Z,_Z,_Z,2004,A,YR,
78.878049,P1Y,0,,A,PU,_Z,2,,,False,WB_WDI,WB_WDI_SP_DYN_LE00_IN,BEL,_T,_T,_T,_Z,_Z,_Z,2004,A,YR,
70.152,P1Y,0,,A,PU,_Z,2,,,False,WB_WDI,WB_WDI_SP_DYN_LE00_IN,BLZ,_T,_T,_T,_Z,_Z,_Z,2004,A,YR,
57.346,P1Y,0,,A,PU,_Z,2,,,False,WB_WDI,WB_WDI_SP_DYN_LE00_IN,BEN,_T,_T,_T,_Z,_Z,_Z,2004,A,YR,
78.898,P1Y,0,,A,PU,_Z,2,,,False,WB_WDI,WB_WDI_SP_DYN_LE00_IN,BMU,_T,_T,_T,_Z,_Z,_Z,2004,A,YR,
81.591,P1Y,0,,A,PU,_Z,2,,,False,WB_WDI,WB_WDI_SP_DYN_LE00_IN,ARE,_T,_T,_T,_Z,_Z,_Z,2008,A,YR,
79.6,P1Y,0,,A,PU,_Z,2,,,False,WB_WDI,WB_WDI_SP_DYN_LE00_IN,GBR,_T,_T,_T,_Z,_Z,_Z,2008,A,YR,
78.039024,P1Y,0,,A,PU,_Z,2,,,False,WB_WDI,WB_WDI_SP_DYN_LE00_IN,USA,_T,_T,_T,_Z,_Z,_Z,2008,A,YR,
76.275,P1Y,0,,A,PU,_Z,2,,,False,WB_WDI,WB_WDI_SP_DYN_LE00_IN,URY,_T,_T,_T,_Z,_Z,_Z,2008,A,YR,
69.035,P1Y,0,,A,PU,_Z,2,,,False,WB_WDI,WB_WDI_SP_DYN_LE00_IN,UZB,_T,_T,_T,_Z,_Z,_Z,2008,A,YR,
69.302,P1Y,0,,A,PU,_Z,2,,,False,WB_WDI,WB_WDI_SP_DYN_LE00_IN,VUT,_T,_T,_T,_Z,_Z,_Z,2008,A,YR,
72.578,P1Y,0,,A,PU,_Z,2,,,False,WB_WDI,WB_WDI_SP_DYN_LE00_IN,VEN,_T,_T,_T,_Z,_Z,_Z,2008,A,YR,
73.455,P1Y,0,,A,PU,_Z,2,,,False,WB_WDI,WB_WDI_SP_DYN_LE00_IN,VNM,_T,_T,_T,_Z,_Z,_Z,2008,A,YR,
77.163415,P1Y,0,,A,PU,_Z,2,,,False,WB_WDI,WB_WDI_SP_DYN_LE00_IN,VIR,_T,_T,_T,_Z,_Z,_Z,2008,A,YR,
72.204,P1Y,0,,A,PU,_Z,2,,,False,WB_WDI,WB_WDI_SP_DYN_LE00_IN,PSE,_T,_T,_T,_Z,_Z,_Z,2008,A,YR,
66.609,P1Y,0,,A,PU,_Z,2,,,False,WB_WDI,WB_WDI_SP_DYN_LE00_IN,YEM,_T,_T,_T,_Z,_Z,_Z,2008,A,YR,
54.835,P1Y,0,,A,PU,_Z,2,,,False,WB_WDI,WB_WDI_SP_DYN_LE00_IN,ZMB,_T,_T,_T,_Z,_Z,_Z,2008,A,YR,
48.456,P1Y,0,,A,PU,_Z,2,,,False,WB_WDI,WB_WDI_SP_DYN_LE00_IN,ZWE,_T,_T,_T,_Z,_Z,_Z,2008,A,YR,
71.927,P1Y,0,,A,PU,_Z,2,,,False,WB_WDI,WB_WDI_SP_DYN_LE00_IN,DMA,_T,_T,_T,_Z,_Z,_Z,2002,A,YR,
70.719,P1Y,0,,A,PU,_Z,2,,,False,WB_WDI,WB_WDI_SP_DYN_LE00_IN,DOM,_T,_T,_T,_Z,_Z,_Z,2002,A,YR,
73.164,P1Y,0,,A,PU,_Z,2,,,False,WB_WDI,WB_WDI_SP_DYN_LE00_IN,ECU,_T,_T,_T,_Z,_Z,_Z,2002,A,YR,
67.846,P1Y,0,,A,PU,_Z,2,,,False,WB_WDI,WB_WDI_SP_DYN_LE00_IN,EGY,_T,_T,_T,_Z,_Z,_Z,2002,A,YR,
68.526,P1Y,0,,A,PU,_Z,2,,,False,WB_WDI,WB_WDI_SP_DYN_LE00_IN,SLV,_T,_T,_T,_Z,_Z,_Z,2002,A,YR,
54.324,P1Y,0,,A,PU,_Z,2,,,False,WB_WDI,WB_WDI_SP_DYN_LE00_IN,GNQ,_T,_T,_T,_Z,_Z,_Z,2002,A,YR,
58.941,P1Y,0,,A,PU,_Z,2,,,False,WB_WDI,WB_WDI_SP_DYN_LE00_IN,ERI,_T,_T,_T,_Z,_Z,_Z,2002,A,YR,
70.904878,P1Y,0,,A,PU,_Z,2,,,False,WB_WDI,WB_WDI_SP_DYN_LE00_IN,EST,_T,_T,_T,_Z,_Z,_Z,2002,A,YR,
45.38,P1Y,0,,A,PU,_Z,2,,,False,WB_WDI,WB_WDI_SP_DYN_LE00_IN,SWZ,_T,_T,_T,_Z,_Z,_Z,2002,A,YR,
52.085,P1Y,0,,A,PU,_Z,2,,,False,WB_WDI,WB_WDI_SP_DYN_LE00_IN,ETH,_T,_T,_T,_Z,_Z,_Z,2002,A,YR,
78.787659,P1Y,0,,A,PU,_Z,2,,,False,WB_WDI,WB_WDI_SP_DYN_LE00_IN,FRO,_T,_T,_T,_Z,_Z,_Z,2002,A,YR,
65.492,P1Y,0,,A,PU,_Z,2,,,False,WB_WDI,WB_WDI_SP_DYN_LE00_IN,FJI,_T,_T,_T,_Z,_Z,_Z,2002,A,YR,
78.119512,P1Y,0,,A,PU,_Z,2,,,False,WB_WDI,WB_WDI_SP_DYN_LE00_IN,FIN,_T,_T,_T,_Z,_Z,_Z,2002,A,YR,
62.532759,P1Y,0,,A,PU,_Z,2,,,False,WB_WDI,WB_WDI_SP_DYN_LE00_IN,HPC,_T,_T,_T,_Z,_Z,_Z,2021,A,YR,
78.798155,P1Y,0,,A,PU,_Z,2,,,False,WB_WDI,WB_WDI_SP_DYN_LE00_IN,HIC,_T,_T,_T,_Z,_Z,_Z,2021,A,YR,
71.974203,P1Y,0,,A,PU,_Z,2,,,False,WB_WDI,WB_WDI_SP_DYN_LE00_IN,IBD,_T,_T,_T,_Z,_Z,_Z,2021,A,YR,
69.669095,P1Y,0,,A,PU,_Z,2,,,False,WB_WDI,WB_WDI_SP_DYN_LE00_IN,IBT,_T,_T,_T,_Z,_Z,_Z,2021,A,YR,
60.876536,P1Y,0,,A,PU,_Z,2,,,False,WB_WDI,WB_WDI_SP_DYN_LE00_IN,IDB,_T,_T,_T,_Z,_Z,_Z,2021,A,YR,
64.87934,P1Y,0,,A,PU,_Z,2,,,False,WB_WDI,WB_WDI_SP_DYN_LE00_IN,IDX,_T,_T,_T,_Z,_Z,_Z,2021,A,YR,
63.478528,P1Y,0,,A,PU,_Z,2,,,False,WB_WDI,WB_WDI_SP_DYN_LE00_IN,IDA,_T,_T,_T,_Z,_Z,_Z,2021,A,YR,
76.306014,P1Y,0,,A,PU,_Z,2,,,False,WB_WDI,WB_WDI_SP_DYN_LE00_IN,LTE,_T,_T,_T,_Z,_Z,_Z,2021,A,YR,
71.814176,P1Y,0,,A,PU,_Z,2,,,False,WB_WDI,WB_WDI_SP_DYN_LE00_IN,LCN,_T,_T,_T,_Z,_Z,_Z,2021,A,YR,
71.442251,P1Y,0,,A,PU,_Z,2,,,False,WB_WDI,WB_WDI_SP_DYN_LE00_IN,LAC,_T,_T,_T,_Z,_Z,_Z,2021,A,YR,
71.744927,P1Y,0,,A,PU,_Z,2,,,False,WB_WDI,WB_WDI_SP_DYN_LE00_IN,TLA,_T,_T,_T,_Z,_Z,_Z,2021,A,YR,
64.269906,P1Y,0,,A,PU,_Z,2,,,False,WB_WDI,WB_WDI_SP_DYN_LE00_IN,LDC,_T,_T,_T,_Z,_Z,_Z,2021,A,YR,
69.599473,P1Y,0,,A,PU,_Z,2,,,False,WB_WDI,WB_WDI_SP_DYN_LE00_IN,LMY,_T,_T,_T,_Z,_Z,_Z,2021,A,YR,
62.916229,P1Y,0,,A,PU,_Z,2,,,False,WB_WDI,WB_WDI_SP_DYN_LE00_IN,LIC,_T,_T,_T,_Z,_Z,_Z,2021,A,YR,
74.438,P1Y,0,,A,PU,_Z,2,,,False,WB_WDI,WB_WDI_SP_DYN_LE00_IN,TUN,_T,_T,_T,_Z,_Z,_Z,2010,A,YR,
74.964,P1Y,0,,A,PU,_Z,2,,,False,WB_WDI,WB_WDI_SP_DYN_LE00_IN,TUR,_T,_T,_T,_Z,_Z,_Z,2010,A,YR,
68.608,P1Y,0,,A,PU,_Z,2,,,False,WB_WDI,WB_WDI_SP_DYN_LE00_IN,TKM,_T,_T,_T,_Z,_Z,_Z,2010,A,YR,
76.784,P1Y,0,,A,PU,_Z,2,,,False,WB_WDI,WB_WDI_SP_DYN_LE00_IN,TCA,_T,_T,_T,_Z,_Z,_Z,2010,A,YR,
64.834,P1Y,0,,A,PU,_Z,2,,,False,WB_WDI,WB_WDI_SP_DYN_LE00_IN,TUV,_T,_T,_T,_Z,_Z,_Z,2010,A,YR,
59.959,P1Y,0,,A,PU,_Z,2,,,False,WB_WDI,WB_WDI_SP_DYN_LE00_IN,UGA,_T,_T,_T,_Z,_Z,_Z,2010,A,YR,
70.188,P1Y,0,,A,PU,_Z,2,,,False,WB_WDI,WB_WDI_SP_DYN_LE00_IN,UKR,_T,_T,_T,_Z,_Z,_Z,2010,A,YR,
81.886,P1Y,0,,A,PU,_Z,2,,,False,WB_WDI,WB_WDI_SP_DYN_LE00_IN,ARE,_T,_T,_T,_Z,_Z,_Z,2010,A,YR,
80.402439,P1Y,0,,A,PU,_Z,2,,,False,WB_WDI,WB_WDI_SP_DYN_LE00_IN,GBR,_T,_T,_T,_Z,_Z,_Z,2010,A,YR,
78.541463,P1Y,0,,A,PU,_Z,2,,,False,WB_WDI,WB_WDI_SP_DYN_LE00_IN,USA,_T,_T,_T,_Z,_Z,_Z,2010,A,YR,
76.691,P1Y,0,,A,PU,_Z,2,,,False,WB_WDI,WB_WDI_SP_DYN_LE00_IN,URY,_T,_T,_T,_Z,_Z,_Z,2010,A,YR,
69.836,P1Y,0,,A,PU,_Z,2,,,False,WB_WDI,WB_WDI_SP_DYN_LE00_IN,UZB,_T,_T,_T,_Z,_Z,_Z,2010,A,YR,
65.04,P1Y,0,,A,PU,_Z,2,,,False,WB_WDI,WB_WDI_SP_DYN_LE00_IN,KAZ,_T,_T,_T,_Z,_Z,_Z,2004,A,YR,
57.947,P1Y,0,,A,PU,_Z,2,,,False,WB_WDI,WB_WDI_SP_DYN_LE00_IN,KEN,_T,_T,_T,_Z,_Z,_Z,2004,A,YR,
65.416,P1Y,0,,A,PU,_Z,2,,,False,WB_WDI,WB_WDI_SP_DYN_LE00_IN,KIR,_T,_T,_T,_Z,_Z,_Z,2004,A,YR,
69.294,P1Y,0,,A,PU,_Z,2,,,False,WB_WDI,WB_WDI_SP_DYN_LE00_IN,PRK,_T,_T,_T,_Z,_Z,_Z,2004,A,YR,
77.665854,P1Y,0,,A,PU,_Z,2,,,False,WB_WDI,WB_WDI_SP_DYN_LE00_IN,KOR,_T,_T,_T,_Z,_Z,_Z,2004,A,YR,
73.132,P1Y,0,,A,PU,_Z,2,,,False,WB_WDI,WB_WDI_SP_DYN_LE00_IN,XKX,_T,_T,_T,_Z,_Z,_Z,2004,A,YR,
76.727683,P1Y,0,,A,PU,_Z,2,,,False,WB_WDI,WB_WDI_SP_DYN_LE00_IN,KWT,_T,_T,_T,_Z,_Z,_Z,2004,A,YR,
68.153659,P1Y,0,,A,PU,_Z,2,,,False,WB_WDI,WB_WDI_SP_DYN_LE00_IN,KGZ,_T,_T,_T,_Z,_Z,_Z,2004,A,YR,
60.08,P1Y,0,,A,PU,_Z,2,,,False,WB_WDI,WB_WDI_SP_DYN_LE00_IN,LAO,_T,_T,_T,_Z,_Z,_Z,2004,A,YR,
72.026829,P1Y,0,,A,PU,_Z,2,,,False,WB_WDI,WB_WDI_SP_DYN_LE00_IN,LVA,_T,_T,_T,_Z,_Z,_Z,2004,A,YR,
75.693,P1Y,0,,A,PU,_Z,2,,,False,WB_WDI,WB_WDI_SP_DYN_LE00_IN,LBN,_T,_T,_T,_Z,_Z,_Z,2004,A,YR,
44.039,P1Y,0,,A,PU,_Z,2,,,False,WB_WDI,WB_WDI_SP_DYN_LE00_IN,LSO,_T,_T,_T,_Z,_Z,_Z,2004,A,YR,
55.949,P1Y,0,,A,PU,_Z,2,,,False,WB_WDI,WB_WDI_SP_DYN_LE00_IN,LBR,_T,_T,_T,_Z,_Z,_Z,2004,A,YR,
71.21,P1Y,0,,A,PU,_Z,2,,,False,WB_WDI,WB_WDI_SP_DYN_LE00_IN,LBY,_T,_T,_T,_Z,_Z,_Z,2004,A,YR,
59.765,P1Y,0,,A,PU,_Z,2,,,False,WB_WDI,WB_WDI_SP_DYN_LE00_IN,NER,_T,_T,_T,_Z,_Z,_Z,2018,A,YR,
52.669,P1Y,0,,A,PU,_Z,2,,,False,WB_WDI,WB_WDI_SP_DYN_LE00_IN,NGA,_T,_T,_T,_Z,_Z,_Z,2018,A,YR,
76.64878,P1Y,0,,A,PU,_Z,2,,,False,WB_WDI,WB_WDI_SP_DYN_LE00_IN,MKD,_T,_T,_T,_Z,_Z,_Z,2018,A,YR,
77.51,P1Y,0,,A,PU,_Z,2,,,False,WB_WDI,WB_WDI_SP_DYN_LE00_IN,MNP,_T,_T,_T,_Z,_Z,_Z,2018,A,YR,
82.758537,P1Y,0,,A,PU,_Z,2,,,False,WB_WDI,WB_WDI_SP_DYN_LE00_IN,NOR,_T,_T,_T,_Z,_Z,_Z,2018,A,YR,
79.864,P1Y,0,,A,PU,_Z,2,,,False,WB_WDI,WB_WDI_SP_DYN_LE00_IN,OMN,_T,_T,_T,_Z,_Z,_Z,2018,A,YR,
66.481,P1Y,0,,A,PU,_Z,2,,,False,WB_WDI,WB_WDI_SP_DYN_LE00_IN,PAK,_T,_T,_T,_Z,_Z,_Z,2018,A,YR,
68.989,P1Y,0,,A,PU,_Z,2,,,False,WB_WDI,WB_WDI_SP_DYN_LE00_IN,PLW,_T,_T,_T,_Z,_Z,_Z,2018,A,YR,
78.266,P1Y,0,,A,PU,_Z,2,,,False,WB_WDI,WB_WDI_SP_DYN_LE00_IN,PAN,_T,_T,_T,_Z,_Z,_Z,2018,A,YR,
65.114,P1Y,0,,A,PU,_Z,2,,,False,WB_WDI,WB_WDI_SP_DYN_LE00_IN,PNG,_T,_T,_T,_Z,_Z,_Z,2018,A,YR,
73.627,P1Y,0,,A,PU,_Z,2,,,False,WB_WDI,WB_WDI_SP_DYN_LE00_IN,PRY,_T,_T,_T,_Z,_Z,_Z,2018,A,YR,
61.475,P1Y,0,,A,PU,_Z,2,,,False,WB_WDI,WB_WDI_SP_DYN_LE00_IN,COM,_T,_T,_T,_Z,_Z,_Z,2007,A,YR,
54.954,P1Y,0,,A,PU,_Z,2,,,False,WB_WDI,WB_WDI_SP_DYN_LE00_IN,COD,_T,_T,_T,_Z,_Z,_Z,2007,A,YR,
60.05,P1Y,0,,A,PU,_Z,2,,,False,WB_WDI,WB_WDI_SP_DYN_LE00_IN,COG,_T,_T,_T,_Z,_Z,_Z,2007,A,YR,
79.098,P1Y,0,,A,PU,_Z,2,,,False,WB_WDI,WB_WDI_SP_DYN_LE00_IN,CRI,_T,_T,_T,_Z,_Z,_Z,2007,A,YR,
53.452,P1Y,0,,A,PU,_Z,2,,,False,WB_WDI,WB_WDI_SP_DYN_LE00_IN,CIV,_T,_T,_T,_Z,_Z,_Z,2007,A,YR,
75.70561,P1Y,0,,A,PU,_Z,2,,,False,WB_WDI,WB_WDI_SP_DYN_LE00_IN,HRV,_T,_T,_T,_Z,_Z,_Z,2007,A,YR,
77.55,P1Y,0,,A,PU,_Z,2,,,False,WB_WDI,WB_WDI_SP_DYN_LE00_IN,CUB,_T,_T,_T,_Z,_Z,_Z,2007,A,YR,
74.137,P1Y,0,,A,PU,_Z,2,,,False,WB_WDI,WB_WDI_SP_DYN_LE00_IN,CUW,_T,_T,_T,_Z,_Z,_Z,2007,A,YR,
79.798,P1Y,0,,A,PU,_Z,2,,,False,WB_WDI,WB_WDI_SP_DYN_LE00_IN,CYP,_T,_T,_T,_Z,_Z,_Z,2007,A,YR,
76.72439,P1Y,0,,A,PU,_Z,2,,,False,WB_WDI,WB_WDI_SP_DYN_LE00_IN,CZE,_T,_T,_T,_Z,_Z,_Z,2007,A,YR,
78.195122,P1Y,0,,A,PU,_Z,2,,,False,WB_WDI,WB_WDI_SP_DYN_LE00_IN,DNK,_T,_T,_T,_Z,_Z,_Z,2007,A,YR,
59.362,P1Y,0,,A,PU,_Z,2,,,False,WB_WDI,WB_WDI_SP_DYN_LE00_IN,DJI,_T,_T,_T,_Z,_Z,_Z,2007,A,YR,
59.537427,P1Y,0,,A,PU,_Z,2,,,False,WB_WDI,WB_WDI_SP_DYN_LE00_IN,IDX,_T,_T,_T,_Z,_Z,_Z,2005,A,YR,
58.649261,P1Y,0,,A,PU,_Z,2,,,False,WB_WDI,WB_WDI_SP_DYN_LE00_IN,IDA,_T,_T,_T,_Z,_Z,_Z,2005,A,YR,
73.007214,P1Y,0,,A,PU,_Z,2,,,False,WB_WDI,WB_WDI_SP_DYN_LE00_IN,LTE,_T,_T,_T,_Z,_Z,_Z,2005,A,YR,
72.563814,P1Y,0,,A,PU,_Z,2,,,False,WB_WDI,WB_WDI_SP_DYN_LE00_IN,LCN,_T,_T,_T,_Z,_Z,_Z,2005,A,YR,
72.272873,P1Y,0,,A,PU,_Z,2,,,False,WB_WDI,WB_WDI_SP_DYN_LE00_IN,LAC,_T,_T,_T,_Z,_Z,_Z,2005,A,YR,
72.427592,P1Y,0,,A,PU,_Z,2,,,False,WB_WDI,WB_WDI_SP_DYN_LE00_IN,TLA,_T,_T,_T,_Z,_Z,_Z,2005,A,YR,
58.310015,P1Y,0,,A,PU,_Z,2,,,False,WB_WDI,WB_WDI_SP_DYN_LE00_IN,LDC,_T,_T,_T,_Z,_Z,_Z,2005,A,YR,
67.160976,P1Y,0,,A,PU,_Z,2,,,False,WB_WDI,WB_WDI_SP_DYN_LE00_IN,LMY,_T,_T,_T,_Z,_Z,_Z,2005,A,YR,
56.709894,P1Y,0,,A,PU,_Z,2,,,False,WB_WDI,WB_WDI_SP_DYN_LE00_IN,LIC,_T,_T,_T,_Z,_Z,_Z,2005,A,YR,
63.110228,P1Y,0,,A,PU,_Z,2,,,False,WB_WDI,WB_WDI_SP_DYN_LE00_IN,LMC,_T,_T,_T,_Z,_Z,_Z,2005,A,YR,
67.529947,P1Y,0,,A,PU,_Z,2,,,False,WB_WDI,WB_WDI_SP_DYN_LE00_IN,MEA,_T,_T,_T,_Z,_Z,_Z,2005,A,YR,
66.853403,P1Y,0,,A,PU,_Z,2,,,False,WB_WDI,WB_WDI_SP_DYN_LE00_IN,MNA,_T,_T,_T,_Z,_Z,_Z,2005,A,YR,
66.820125,P1Y,0,,A,PU,_Z,2,,,False,WB_WDI,WB_WDI_SP_DYN_LE00_IN,TMN,_T,_T,_T,_Z,_Z,_Z,2005,A,YR,
71.197,P1Y,0,,A,PU,_Z,2,,,False,WB_WDI,WB_WDI_SP_DYN_LE00_IN,NIC,_T,_T,_T,_Z,_Z,_Z,2007,A,YR,
55.063,P1Y,0,,A,PU,_Z,2,,,False,WB_WDI,WB_WDI_SP_DYN_LE00_IN,NER,_T,_T,_T,_Z,_Z,_Z,2007,A,YR,
50.381,P1Y,0,,A,PU,_Z,2,,,False,WB_WDI,WB_WDI_SP_DYN_LE00_IN,NGA,_T,_T,_T,_Z,_Z,_Z,2007,A,YR,
73.8,P1Y,0,,A,PU,_Z,2,,,False,WB_WDI,WB_WDI_SP_DYN_LE00_IN,MKD,_T,_T,_T,_Z,_Z,_Z,2007,A,YR,
77.863,P1Y,0,,A,PU,_Z,2,,,False,WB_WDI,WB_WDI_SP_DYN_LE00_IN,MNP,_T,_T,_T,_Z,_Z,_Z,2007,A,YR,
80.395122,P1Y,0,,A,PU,_Z,2,,,False,WB_WDI,WB_WDI_SP_DYN_LE00_IN,NOR,_T,_T,_T,_Z,_Z,_Z,2007,A,YR,
75.596,P1Y,0,,A,PU,_Z,2,,,False,WB_WDI,WB_WDI_SP_DYN_LE00_IN,OMN,_T,_T,_T,_Z,_Z,_Z,2007,A,YR,
63.807,P1Y,0,,A,PU,_Z,2,,,False,WB_WDI,WB_WDI_SP_DYN_LE00_IN,PAK,_T,_T,_T,_Z,_Z,_Z,2007,A,YR,
67.113,P1Y,0,,A,PU,_Z,2,,,False,WB_WDI,WB_WDI_SP_DYN_LE00_IN,PLW,_T,_T,_T,_Z,_Z,_Z,2007,A,YR,
75.675,P1Y,0,,A,PU,_Z,2,,,False,WB_WDI,WB_WDI_SP_DYN_LE00_IN,PAN,_T,_T,_T,_Z,_Z,_Z,2007,A,YR,
62.211,P1Y,0,,A,PU,_Z,2,,,False,WB_WDI,WB_WDI_SP_DYN_LE00_IN,PNG,_T,_T,_T,_Z,_Z,_Z,2007,A,YR,
71.817,P1Y,0,,A,PU,_Z,2,,,False,WB_WDI,WB_WDI_SP_DYN_LE00_IN,PRY,_T,_T,_T,_Z,_Z,_Z,2007,A,YR,
76.417,P1Y,0,,A,PU,_Z,2,,,False,WB_WDI,WB_WDI_SP_DYN_LE00_IN,PAN,_T,_T,_T,_Z,_Z,_Z,2010,A,YR,
63.056,P1Y,0,,A,PU,_Z,2,,,False,WB_WDI,WB_WDI_SP_DYN_LE00_IN,PNG,_T,_T,_T,_Z,_Z,_Z,2010,A,YR,
72.551,P1Y,0,,A,PU,_Z,2,,,False,WB_WDI,WB_WDI_SP_DYN_LE00_IN,PRY,_T,_T,_T,_Z,_Z,_Z,2010,A,YR,
72.886,P1Y,0,,A,PU,_Z,2,,,False,WB_WDI,WB_WDI_SP_DYN_LE00_IN,PER,_T,_T,_T,_Z,_Z,_Z,2010,A,YR,
68.883,P1Y,0,,A,PU,_Z,2,,,False,WB_WDI,WB_WDI_SP_DYN_LE00_IN,PHL,_T,_T,_T,_Z,_Z,_Z,2010,A,YR,
76.246341,P1Y,0,,A,PU,_Z,2,,,False,WB_WDI,WB_WDI_SP_DYN_LE00_IN,POL,_T,_T,_T,_Z,_Z,_Z,2010,A,YR,
79.026829,P1Y,0,,A,PU,_Z,2,,,False,WB_WDI,WB_WDI_SP_DYN_LE00_IN,PRT,_T,_T,_T,_Z,_Z,_Z,2010,A,YR,
78.717,P1Y,0,,A,PU,_Z,2,,,False,WB_WDI,WB_WDI_SP_DYN_LE00_IN,PRI,_T,_T,_T,_Z,_Z,_Z,2010,A,YR,
79.444,P1Y,0,,A,PU,_Z,2,,,False,WB_WDI,WB_WDI_SP_DYN_LE00_IN,QAT,_T,_T,_T,_Z,_Z,_Z,2010,A,YR,
73.458537,P1Y,0,,A,PU,_Z,2,,,False,WB_WDI,WB_WDI_SP_DYN_LE00_IN,ROU,_T,_T,_T,_Z,_Z,_Z,2010,A,YR,
68.84122,P1Y,0,,A,PU,_Z,2,,,False,WB_WDI,WB_WDI_SP_DYN_LE00_IN,RUS,_T,_T,_T,_Z,_Z,_Z,2010,A,YR,
68.026,P1Y,0,,A,PU,_Z,2,,,False,WB_WDI,WB_WDI_SP_DYN_LE00_IN,STP,_T,_T,_T,_Z,_Z,_Z,2021,A,YR,
77.089,P1Y,0,,A,PU,_Z,2,,,False,WB_WDI,WB_WDI_SP_DYN_LE00_IN,SAU,_T,_T,_T,_Z,_Z,_Z,2021,A,YR,
66.868,P1Y,0,,A,PU,_Z,2,,,False,WB_WDI,WB_WDI_SP_DYN_LE00_IN,SEN,_T,_T,_T,_Z,_Z,_Z,2021,A,YR,
72.780488,P1Y,0,,A,PU,_Z,2,,,False,WB_WDI,WB_WDI_SP_DYN_LE00_IN,SRB,_T,_T,_T,_Z,_Z,_Z,2021,A,YR,
73.397561,P1Y,0,,A,PU,_Z,2,,,False,WB_WDI,WB_WDI_SP_DYN_LE00_IN,SYC,_T,_T,_T,_Z,_Z,_Z,2021,A,YR,
60.26,P1Y,0,,A,PU,_Z,2,,,False,WB_WDI,WB_WDI_SP_DYN_LE00_IN,SLE,_T,_T,_T,_Z,_Z,_Z,2021,A,YR,
83.092683,P1Y,0,,A,PU,_Z,2,,,False,WB_WDI,WB_WDI_SP_DYN_LE00_IN,SGP,_T,_T,_T,_Z,_Z,_Z,2021,A,YR,
74.505,P1Y,0,,A,PU,_Z,2,,,False,WB_WDI,WB_WDI_SP_DYN_LE00_IN,SXM,_T,_T,_T,_Z,_Z,_Z,2021,A,YR,
74.614634,P1Y,0,,A,PU,_Z,2,,,False,WB_WDI,WB_WDI_SP_DYN_LE00_IN,SVK,_T,_T,_T,_Z,_Z,_Z,2021,A,YR,
80.67561,P1Y,0,,A,PU,_Z,2,,,False,WB_WDI,WB_WDI_SP_DYN_LE00_IN,SVN,_T,_T,_T,_Z,_Z,_Z,2021,A,YR,
68.89,P1Y,0,,A,PU,_Z,2,,,False,WB_WDI,WB_WDI_SP_DYN_LE00_IN,SLB,_T,_T,_T,_Z,_Z,_Z,2021,A,YR,
55.703,P1Y,0,,A,PU,_Z,2,,,False,WB_WDI,WB_WDI_SP_DYN_LE00_IN,SOM,_T,_T,_T,_Z,_Z,_Z,2021,A,YR,
59.316,P1Y,0,,A,PU,_Z,2,,,False,WB_WDI,WB_WDI_SP_DYN_LE00_IN,GHA,_T,_T,_T,_Z,_Z,_Z,2004,A,YR,
80.856,P1Y,0,,A,PU,_Z,2,,,False,WB_WDI,WB_WDI_SP_DYN_LE00_IN,GIB,_T,_T,_T,_Z,_Z,_Z,2004,A,YR,
79.039024,P1Y,0,,A,PU,_Z,2,,,False,WB_WDI,WB_WDI_SP_DYN_LE00_IN,GRC,_T,_T,_T,_Z,_Z,_Z,2004,A,YR,
66.808049,P1Y,0,,A,PU,_Z,2,,,False,WB_WDI,WB_WDI_SP_DYN_LE00_IN,GRL,_T,_T,_T,_Z,_Z,_Z,2004,A,YR,
72.447,P1Y,0,,A,PU,_Z,2,,,False,WB_WDI,WB_WDI_SP_DYN_LE00_IN,GRD,_T,_T,_T,_Z,_Z,_Z,2004,A,YR,
76.114,P1Y,0,,A,PU,_Z,2,,,False,WB_WDI,WB_WDI_SP_DYN_LE00_IN,GUM,_T,_T,_T,_Z,_Z,_Z,2004,A,YR,
68.245,P1Y,0,,A,PU,_Z,2,,,False,WB_WDI,WB_WDI_SP_DYN_LE00_IN,GTM,_T,_T,_T,_Z,_Z,_Z,2004,A,YR,
53.975,P1Y,0,,A,PU,_Z,2,,,False,WB_WDI,WB_WDI_SP_DYN_LE00_IN,GIN,_T,_T,_T,_Z,_Z,_Z,2004,A,YR,
52.8,P1Y,0,,A,PU,_Z,2,,,False,WB_WDI,WB_WDI_SP_DYN_LE00_IN,GNB,_T,_T,_T,_Z,_Z,_Z,2004,A,YR,
64.214,P1Y,0,,A,PU,_Z,2,,,False,WB_WDI,WB_WDI_SP_DYN_LE00_IN,GUY,_T,_T,_T,_Z,_Z,_Z,2004,A,YR,
58.517,P1Y,0,,A,PU,_Z,2,,,False,WB_WDI,WB_WDI_SP_DYN_LE00_IN,HTI,_T,_T,_T,_Z,_Z,_Z,2004,A,YR,
69.05,P1Y,0,,A,PU,_Z,2,,,False,WB_WDI,WB_WDI_SP_DYN_LE00_IN,HND,_T,_T,_T,_Z,_Z,_Z,2004,A,YR,
81.799268,P1Y,0,,A,PU,_Z,2,,,False,WB_WDI,WB_WDI_SP_DYN_LE00_IN,HKG,_T,_T,_T,_Z,_Z,_Z,2004,A,YR,
72.64878,P1Y,0,,A,PU,_Z,2,,,False,WB_WDI,WB_WDI_SP_DYN_LE00_IN,HUN,_T,_T,_T,_Z,_Z,_Z,2004,A,YR,
83.729268,P1Y,0,,A,PU,_Z,2,,,False,WB_WDI,WB_WDI_SP_DYN_LE00_IN,MAC,_T,_T,_T,_Z,_Z,_Z,2021,A,YR,
62.516,P1Y,0,,A,PU,_Z,2,,,False,WB_WDI,WB_WDI_SP_DYN_LE00_IN,MDG,_T,_T,_T,_Z,_Z,_Z,2021,A,YR,
64.782,P1Y,0,,A,PU,_Z,2,,,False,WB_WDI,WB_WDI_SP_DYN_LE00_IN,MWI,_T,_T,_T,_Z,_Z,_Z,2021,A,YR,
73.917,P1Y,0,,A,PU,_Z,2,,,False,WB_WDI,WB_WDI_SP_DYN_LE00_IN,MYS,_T,_T,_T,_Z,_Z,_Z,2021,A,YR,
78.052,P1Y,0,,A,PU,_Z,2,,,False,WB_WDI,WB_WDI_SP_DYN_LE00_IN,MDV,_T,_T,_T,_Z,_Z,_Z,2021,A,YR,
59.116,P1Y,0,,A,PU,_Z,2,,,False,WB_WDI,WB_WDI_SP_DYN_LE00_IN,MLI,_T,_T,_T,_Z,_Z,_Z,2021,A,YR,
82.258537,P1Y,0,,A,PU,_Z,2,,,False,WB_WDI,WB_WDI_SP_DYN_LE00_IN,MLT,_T,_T,_T,_Z,_Z,_Z,2021,A,YR,
65.421,P1Y,0,,A,PU,_Z,2,,,False,WB_WDI,WB_WDI_SP_DYN_LE00_IN,MHL,_T,_T,_T,_Z,_Z,_Z,2021,A,YR,
66.762,P1Y,0,,A,PU,_Z,2,,,False,WB_WDI,WB_WDI_SP_DYN_LE00_IN,MRT,_T,_T,_T,_Z,_Z,_Z,2021,A,YR,
73.680244,P1Y,0,,A,PU,_Z,2,,,False,WB_WDI,WB_WDI_SP_DYN_LE00_IN,MUS,_T,_T,_T,_Z,_Z,_Z,2021,A,YR,
69.75,P1Y,0,,A,PU,_Z,2,,,False,WB_WDI,WB_WDI_SP_DYN_LE00_IN,MEX,_T,_T,_T,_Z,_Z,_Z,2021,A,YR,
66.152,P1Y,0,,A,PU,_Z,2,,,False,WB_WDI,WB_WDI_SP_DYN_LE00_IN,FSM,_T,_T,_T,_Z,_Z,_Z,2021,A,YR,
67.205,P1Y,0,,A,PU,_Z,2,,,False,WB_WDI,WB_WDI_SP_DYN_LE00_IN,BOL,_T,_T,_T,_Z,_Z,_Z,2015,A,YR,
77.073,P1Y,0,,A,PU,_Z,2,,,False,WB_WDI,WB_WDI_SP_DYN_LE00_IN,BIH,_T,_T,_T,_Z,_Z,_Z,2015,A,YR,
63.215,P1Y,0,,A,PU,_Z,2,,,False,WB_WDI,WB_WDI_SP_DYN_LE00_IN,BWA,_T,_T,_T,_Z,_Z,_Z,2015,A,YR,
75.106,P1Y,0,,A,PU,_Z,2,,,False,WB_WDI,WB_WDI_SP_DYN_LE00_IN,BRA,_T,_T,_T,_Z,_Z,_Z,2015,A,YR,
76.558,P1Y,0,,A,PU,_Z,2,,,False,WB_WDI,WB_WDI_SP_DYN_LE00_IN,VGB,_T,_T,_T,_Z,_Z,_Z,2015,A,YR,
74.88,P1Y,0,,A,PU,_Z,2,,,False,WB_WDI,WB_WDI_SP_DYN_LE00_IN,BRN,_T,_T,_T,_Z,_Z,_Z,2015,A,YR,
74.614634,P1Y,0,,A,PU,_Z,2,,,False,WB_WDI,WB_WDI_SP_DYN_LE00_IN,BGR,_T,_T,_T,_Z,_Z,_Z,2015,A,YR,
58.778,P1Y,0,,A,PU,_Z,2,,,False,WB_WDI,WB_WDI_SP_DYN_LE00_IN,BFA,_T,_T,_T,_Z,_Z,_Z,2015,A,YR,
60.107,P1Y,0,,A,PU,_Z,2,,,False,WB_WDI,WB_WDI_SP_DYN_LE00_IN,BDI,_T,_T,_T,_Z,_Z,_Z,2015,A,YR,
74.096,P1Y,0,,A,PU,_Z,2,,,False,WB_WDI,WB_WDI_SP_DYN_LE00_IN,CPV,_T,_T,_T,_Z,_Z,_Z,2015,A,YR,
67.911,P1Y,0,,A,PU,_Z,2,,,False,WB_WDI,WB_WDI_SP_DYN_LE00_IN,LAO,_T,_T,_T,_Z,_Z,_Z,2019,A,YR,
75.387805,P1Y,0,,A,PU,_Z,2,,,False,WB_WDI,WB_WDI_SP_DYN_LE00_IN,LVA,_T,_T,_T,_Z,_Z,_Z,2019,A,YR,
78.208,P1Y,0,,A,PU,_Z,2,,,False,WB_WDI,WB_WDI_SP_DYN_LE00_IN,LBN,_T,_T,_T,_Z,_Z,_Z,2019,A,YR,
55.249,P1Y,0,,A,PU,_Z,2,,,False,WB_WDI,WB_WDI_SP_DYN_LE00_IN,LSO,_T,_T,_T,_Z,_Z,_Z,2019,A,YR,
61.232,P1Y,0,,A,PU,_Z,2,,,False,WB_WDI,WB_WDI_SP_DYN_LE00_IN,LBR,_T,_T,_T,_Z,_Z,_Z,2019,A,YR,
72.941,P1Y,0,,A,PU,_Z,2,,,False,WB_WDI,WB_WDI_SP_DYN_LE00_IN,LBY,_T,_T,_T,_Z,_Z,_Z,2019,A,YR,
84.160976,P1Y,0,,A,PU,_Z,2,,,False,WB_WDI,WB_WDI_SP_DYN_LE00_IN,LIE,_T,_T,_T,_Z,_Z,_Z,2019,A,YR,
76.282927,P1Y,0,,A,PU,_Z,2,,,False,WB_WDI,WB_WDI_SP_DYN_LE00_IN,LTU,_T,_T,_T,_Z,_Z,_Z,2019,A,YR,
82.639024,P1Y,0,,A,PU,_Z,2,,,False,WB_WDI,WB_WDI_SP_DYN_LE00_IN,LUX,_T,_T,_T,_Z,_Z,_Z,2019,A,YR,
83.929268,P1Y,0,,A,PU,_Z,2,,,False,WB_WDI,WB_WDI_SP_DYN_LE00_IN,MAC,_T,_T,_T,_Z,_Z,_Z,2019,A,YR,
63.504,P1Y,0,,A,PU,_Z,2,,,False,WB_WDI,WB_WDI_SP_DYN_LE00_IN,MDG,_T,_T,_T,_Z,_Z,_Z,2019,A,YR,
64.995,P1Y,0,,A,PU,_Z,2,,,False,WB_WDI,WB_WDI_SP_DYN_LE00_IN,MWI,_T,_T,_T,_Z,_Z,_Z,2019,A,YR,
77.134146,P1Y,0,,A,PU,_Z,2,,,False,WB_WDI,WB_WDI_SP_DYN_LE00_IN,IRL,_T,_T,_T,_Z,_Z,_Z,2001,A,YR,
75.289,P1Y,0,,A,PU,_Z,2,,,False,WB_WDI,WB_WDI_SP_DYN_LE00_IN,IMN,_T,_T,_T,_Z,_Z,_Z,2001,A,YR,
79.407317,P1Y,0,,A,PU,_Z,2,,,False,WB_WDI,WB_WDI_SP_DYN_LE00_IN,ISR,_T,_T,_T,_Z,_Z,_Z,2001,A,YR,
80.126829,P1Y,0,,A,PU,_Z,2,,,False,WB_WDI,WB_WDI_SP_DYN_LE00_IN,ITA,_T,_T,_T,_Z,_Z,_Z,2001,A,YR,
71.287,P1Y,0,,A,PU,_Z,2,,,False,WB_WDI,WB_WDI_SP_DYN_LE00_IN,JAM,_T,_T,_T,_Z,_Z,_Z,2001,A,YR,
81.416341,P1Y,0,,A,PU,_Z,2,,,False,WB_WDI,WB_WDI_SP_DYN_LE00_IN,JPN,_T,_T,_T,_Z,_Z,_Z,2001,A,YR,
72.141,P1Y,0,,A,PU,_Z,2,,,False,WB_WDI,WB_WDI_SP_DYN_LE00_IN,JOR,_T,_T,_T,_Z,_Z,_Z,2001,A,YR,
64.108,P1Y,0,,A,PU,_Z,2,,,False,WB_WDI,WB_WDI_SP_DYN_LE00_IN,KAZ,_T,_T,_T,_Z,_Z,_Z,2001,A,YR,
56.501,P1Y,0,,A,PU,_Z,2,,,False,WB_WDI,WB_WDI_SP_DYN_LE00_IN,KEN,_T,_T,_T,_Z,_Z,_Z,2001,A,YR,
64.918,P1Y,0,,A,PU,_Z,2,,,False,WB_WDI,WB_WDI_SP_DYN_LE00_IN,KIR,_T,_T,_T,_Z,_Z,_Z,2001,A,YR,
60.893,P1Y,0,,A,PU,_Z,2,,,False,WB_WDI,WB_WDI_SP_DYN_LE00_IN,PRK,_T,_T,_T,_Z,_Z,_Z,2001,A,YR,
76.412195,P1Y,0,,A,PU,_Z,2,,,False,WB_WDI,WB_WDI_SP_DYN_LE00_IN,KOR,_T,_T,_T,_Z,_Z,_Z,2001,A,YR,
71.782,P1Y,0,,A,PU,_Z,2,,,False,WB_WDI,WB_WDI_SP_DYN_LE00_IN,XKX,_T,_T,_T,_Z,_Z,_Z,2001,A,YR,
76.384341,P1Y,0,,A,PU,_Z,2,,,False,WB_WDI,WB_WDI_SP_DYN_LE00_IN,KWT,_T,_T,_T,_Z,_Z,_Z,2001,A,YR,
68.707317,P1Y,0,,A,PU,_Z,2,,,False,WB_WDI,WB_WDI_SP_DYN_LE00_IN,KGZ,_T,_T,_T,_Z,_Z,_Z,2001,A,YR,
78.601729,P1Y,0,,A,PU,_Z,2,,,False,WB_WDI,WB_WDI_SP_DYN_LE00_IN,FRO,_T,_T,_T,_Z,_Z,_Z,2001,A,YR,
66.205,P1Y,0,,A,PU,_Z,2,,,False,WB_WDI,WB_WDI_SP_DYN_LE00_IN,FJI,_T,_T,_T,_Z,_Z,_Z,2001,A,YR,
77.965854,P1Y,0,,A,PU,_Z,2,,,False,WB_WDI,WB_WDI_SP_DYN_LE00_IN,FIN,_T,_T,_T,_Z,_Z,_Z,2001,A,YR,
79.158537,P1Y,0,,A,PU,_Z,2,,,False,WB_WDI,WB_WDI_SP_DYN_LE00_IN,FRA,_T,_T,_T,_Z,_Z,_Z,2001,A,YR,
79.316,P1Y,0,,A,PU,_Z,2,,,False,WB_WDI,WB_WDI_SP_DYN_LE00_IN,PYF,_T,_T,_T,_Z,_Z,_Z,2001,A,YR,
61.982,P1Y,0,,A,PU,_Z,2,,,False,WB_WDI,WB_WDI_SP_DYN_LE00_IN,GAB,_T,_T,_T,_Z,_Z,_Z,2001,A,YR,
57.283,P1Y,0,,A,PU,_Z,2,,,False,WB_WDI,WB_WDI_SP_DYN_LE00_IN,GMB,_T,_T,_T,_Z,_Z,_Z,2001,A,YR,
70.371,P1Y,0,,A,PU,_Z,2,,,False,WB_WDI,WB_WDI_SP_DYN_LE00_IN,GEO,_T,_T,_T,_Z,_Z,_Z,2001,A,YR,
78.329268,P1Y,0,,A,PU,_Z,2,,,False,WB_WDI,WB_WDI_SP_DYN_LE00_IN,DEU,_T,_T,_T,_Z,_Z,_Z,2001,A,YR,
58.403,P1Y,0,,A,PU,_Z,2,,,False,WB_WDI,WB_WDI_SP_DYN_LE00_IN,GHA,_T,_T,_T,_Z,_Z,_Z,2001,A,YR,
80.419,P1Y,0,,A,PU,_Z,2,,,False,WB_WDI,WB_WDI_SP_DYN_LE00_IN,GIB,_T,_T,_T,_Z,_Z,_Z,2001,A,YR,
78.387805,P1Y,0,,A,PU,_Z,2,,,False,WB_WDI,WB_WDI_SP_DYN_LE00_IN,GRC,_T,_T,_T,_Z,_Z,_Z,2001,A,YR,
65.005854,P1Y,0,,A,PU,_Z,2,,,False,WB_WDI,WB_WDI_SP_DYN_LE00_IN,GRL,_T,_T,_T,_Z,_Z,_Z,2001,A,YR,
73.034,P1Y,0,,A,PU,_Z,2,,,False,WB_WDI,WB_WDI_SP_DYN_LE00_IN,GRD,_T,_T,_T,_Z,_Z,_Z,2001,A,YR,
75.195,P1Y,0,,A,PU,_Z,2,,,False,WB_WDI,WB_WDI_SP_DYN_LE00_IN,GUM,_T,_T,_T,_Z,_Z,_Z,2001,A,YR,
67.436,P1Y,0,,A,PU,_Z,2,,,False,WB_WDI,WB_WDI_SP_DYN_LE00_IN,GTM,_T,_T,_T,_Z,_Z,_Z,2001,A,YR,
71.644,P1Y,0,,A,PU,_Z,2,,,False,WB_WDI,WB_WDI_SP_DYN_LE00_IN,LBY,_T,_T,_T,_Z,_Z,_Z,2015,A,YR,
82.656098,P1Y,0,,A,PU,_Z,2,,,False,WB_WDI,WB_WDI_SP_DYN_LE00_IN,LIE,_T,_T,_T,_Z,_Z,_Z,2015,A,YR,
74.321951,P1Y,0,,A,PU,_Z,2,,,False,WB_WDI,WB_WDI_SP_DYN_LE00_IN,LTU,_T,_T,_T,_Z,_Z,_Z,2015,A,YR,
82.292683,P1Y,0,,A,PU,_Z,2,,,False,WB_WDI,WB_WDI_SP_DYN_LE00_IN,LUX,_T,_T,_T,_Z,_Z,_Z,2015,A,YR,
83.22439,P1Y,0,,A,PU,_Z,2,,,False,WB_WDI,WB_WDI_SP_DYN_LE00_IN,MAC,_T,_T,_T,_Z,_Z,_Z,2015,A,YR,
63.362,P1Y,0,,A,PU,_Z,2,,,False,WB_WDI,WB_WDI_SP_DYN_LE00_IN,MDG,_T,_T,_T,_Z,_Z,_Z,2015,A,YR,
62.324,P1Y,0,,A,PU,_Z,2,,,False,WB_WDI,WB_WDI_SP_DYN_LE00_IN,MWI,_T,_T,_T,_Z,_Z,_Z,2015,A,YR,
75.288,P1Y,0,,A,PU,_Z,2,,,False,WB_WDI,WB_WDI_SP_DYN_LE00_IN,MYS,_T,_T,_T,_Z,_Z,_Z,2015,A,YR,
78.607,P1Y,0,,A,PU,_Z,2,,,False,WB_WDI,WB_WDI_SP_DYN_LE00_IN,MDV,_T,_T,_T,_Z,_Z,_Z,2015,A,YR,
57.852,P1Y,0,,A,PU,_Z,2,,,False,WB_WDI,WB_WDI_SP_DYN_LE00_IN,MLI,_T,_T,_T,_Z,_Z,_Z,2015,A,YR,
81.797561,P1Y,0,,A,PU,_Z,2,,,False,WB_WDI,WB_WDI_SP_DYN_LE00_IN,MLT,_T,_T,_T,_Z,_Z,_Z,2015,A,YR,
69.832,P1Y,0,,A,PU,_Z,2,,,False,WB_WDI,WB_WDI_SP_DYN_LE00_IN,DMA,_T,_T,_T,_Z,_Z,_Z,2021,A,YR,
71.757,P1Y,0,,A,PU,_Z,2,,,False,WB_WDI,WB_WDI_SP_DYN_LE00_IN,DOM,_T,_T,_T,_Z,_Z,_Z,2021,A,YR,
72.746,P1Y,0,,A,PU,_Z,2,,,False,WB_WDI,WB_WDI_SP_DYN_LE00_IN,ECU,_T,_T,_T,_Z,_Z,_Z,2021,A,YR,
68.976,P1Y,0,,A,PU,_Z,2,,,False,WB_WDI,WB_WDI_SP_DYN_LE00_IN,EGY,_T,_T,_T,_Z,_Z,_Z,2021,A,YR,
69.941,P1Y,0,,A,PU,_Z,2,,,False,WB_WDI,WB_WDI_SP_DYN_LE00_IN,SLV,_T,_T,_T,_Z,_Z,_Z,2021,A,YR,
62.447,P1Y,0,,A,PU,_Z,2,,,False,WB_WDI,WB_WDI_SP_DYN_LE00_IN,GNQ,_T,_T,_T,_Z,_Z,_Z,2021,A,YR,
66.94,P1Y,0,,A,PU,_Z,2,,,False,WB_WDI,WB_WDI_SP_DYN_LE00_IN,ERI,_T,_T,_T,_Z,_Z,_Z,2021,A,YR,
76.943902,P1Y,0,,A,PU,_Z,2,,,False,WB_WDI,WB_WDI_SP_DYN_LE00_IN,EST,_T,_T,_T,_Z,_Z,_Z,2021,A,YR,
58.228,P1Y,0,,A,PU,_Z,2,,,False,WB_WDI,WB_WDI_SP_DYN_LE00_IN,SWZ,_T,_T,_T,_Z,_Z,_Z,2021,A,YR,
65.33,P1Y,0,,A,PU,_Z,2,,,False,WB_WDI,WB_WDI_SP_DYN_LE00_IN,ETH,_T,_T,_T,_Z,_Z,_Z,2021,A,YR,
82.676322,P1Y,0,,A,PU,_Z,2,,,False,WB_WDI,WB_WDI_SP_DYN_LE00_IN,FRO,_T,_T,_T,_Z,_Z,_Z,2021,A,YR,
64.904,P1Y,0,,A,PU,_Z,2,,,False,WB_WDI,WB_WDI_SP_DYN_LE00_IN,FJI,_T,_T,_T,_Z,_Z,_Z,2021,A,YR,
71.52,P1Y,0,,A,PU,_Z,2,,,False,WB_WDI,WB_WDI_SP_DYN_LE00_IN,THA,_T,_T,_T,_Z,_Z,_Z,2001,A,YR,
58.772,P1Y,0,,A,PU,_Z,2,,,False,WB_WDI,WB_WDI_SP_DYN_LE00_IN,TLS,_T,_T,_T,_Z,_Z,_Z,2001,A,YR,
54.757,P1Y,0,,A,PU,_Z,2,,,False,WB_WDI,WB_WDI_SP_DYN_LE00_IN,TGO,_T,_T,_T,_Z,_Z,_Z,2001,A,YR,
69.8,P1Y,0,,A,PU,_Z,2,,,False,WB_WDI,WB_WDI_SP_DYN_LE00_IN,TON,_T,_T,_T,_Z,_Z,_Z,2001,A,YR,
68.874,P1Y,0,,A,PU,_Z,2,,,False,WB_WDI,WB_WDI_SP_DYN_LE00_IN,TTO,_T,_T,_T,_Z,_Z,_Z,2001,A,YR,
72.822,P1Y,0,,A,PU,_Z,2,,,False,WB_WDI,WB_WDI_SP_DYN_LE00_IN,TUN,_T,_T,_T,_Z,_Z,_Z,2001,A,YR,
72.271,P1Y,0,,A,PU,_Z,2,,,False,WB_WDI,WB_WDI_SP_DYN_LE00_IN,TUR,_T,_T,_T,_Z,_Z,_Z,2001,A,YR,
65.325,P1Y,0,,A,PU,_Z,2,,,False,WB_WDI,WB_WDI_SP_DYN_LE00_IN,TKM,_T,_T,_T,_Z,_Z,_Z,2001,A,YR,
74.409,P1Y,0,,A,PU,_Z,2,,,False,WB_WDI,WB_WDI_SP_DYN_LE00_IN,TCA,_T,_T,_T,_Z,_Z,_Z,2001,A,YR,
63.709,P1Y,0,,A,PU,_Z,2,,,False,WB_WDI,WB_WDI_SP_DYN_LE00_IN,TUV,_T,_T,_T,_Z,_Z,_Z,2001,A,YR,
50.576,P1Y,0,,A,PU,_Z,2,,,False,WB_WDI,WB_WDI_SP_DYN_LE00_IN,UGA,_T,_T,_T,_Z,_Z,_Z,2001,A,YR,
67.675,P1Y,0,,A,PU,_Z,2,,,False,WB_WDI,WB_WDI_SP_DYN_LE00_IN,UKR,_T,_T,_T,_Z,_Z,_Z,2001,A,YR,
77.621,P1Y,0,,A,PU,_Z,2,,,False,WB_WDI,WB_WDI_SP_DYN_LE00_IN,ARE,_T,_T,_T,_Z,_Z,_Z,2001,A,YR,
77.992683,P1Y,0,,A,PU,_Z,2,,,False,WB_WDI,WB_WDI_SP_DYN_LE00_IN,GBR,_T,_T,_T,_Z,_Z,_Z,2001,A,YR,
70.856,P1Y,0,,A,PU,_Z,2,,,False,WB_WDI,WB_WDI_SP_DYN_LE00_IN,SYR,_T,_T,_T,_Z,_Z,_Z,2000,A,YR,
63.542,P1Y,0,,A,PU,_Z,2,,,False,WB_WDI,WB_WDI_SP_DYN_LE00_IN,TJK,_T,_T,_T,_Z,_Z,_Z,2000,A,YR,
53.244,P1Y,0,,A,PU,_Z,2,,,False,WB_WDI,WB_WDI_SP_DYN_LE00_IN,TZA,_T,_T,_T,_Z,_Z,_Z,2000,A,YR,
71.205,P1Y,0,,A,PU,_Z,2,,,False,WB_WDI,WB_WDI_SP_DYN_LE00_IN,THA,_T,_T,_T,_Z,_Z,_Z,2000,A,YR,
58.097,P1Y,0,,A,PU,_Z,2,,,False,WB_WDI,WB_WDI_SP_DYN_LE00_IN,TLS,_T,_T,_T,_Z,_Z,_Z,2000,A,YR,
54.587,P1Y,0,,A,PU,_Z,2,,,False,WB_WDI,WB_WDI_SP_DYN_LE00_IN,TGO,_T,_T,_T,_Z,_Z,_Z,2000,A,YR,
69.635,P1Y,0,,A,PU,_Z,2,,,False,WB_WDI,WB_WDI_SP_DYN_LE00_IN,TON,_T,_T,_T,_Z,_Z,_Z,2000,A,YR,
68.629,P1Y,0,,A,PU,_Z,2,,,False,WB_WDI,WB_WDI_SP_DYN_LE00_IN,TTO,_T,_T,_T,_Z,_Z,_Z,2000,A,YR,
72.604,P1Y,0,,A,PU,_Z,2,,,False,WB_WDI,WB_WDI_SP_DYN_LE00_IN,TUN,_T,_T,_T,_Z,_Z,_Z,2000,A,YR,
71.931,P1Y,0,,A,PU,_Z,2,,,False,WB_WDI,WB_WDI_SP_DYN_LE00_IN,TUR,_T,_T,_T,_Z,_Z,_Z,2000,A,YR,
64.931,P1Y,0,,A,PU,_Z,2,,,False,WB_WDI,WB_WDI_SP_DYN_LE00_IN,TKM,_T,_T,_T,_Z,_Z,_Z,2000,A,YR,
73.972,P1Y,0,,A,PU,_Z,2,,,False,WB_WDI,WB_WDI_SP_DYN_LE00_IN,TCA,_T,_T,_T,_Z,_Z,_Z,2000,A,YR,
63.536,P1Y,0,,A,PU,_Z,2,,,False,WB_WDI,WB_WDI_SP_DYN_LE00_IN,TUV,_T,_T,_T,_Z,_Z,_Z,2000,A,YR,
49.64,P1Y,0,,A,PU,_Z,2,,,False,WB_WDI,WB_WDI_SP_DYN_LE00_IN,UGA,_T,_T,_T,_Z,_Z,_Z,2000,A,YR,
65.274,P1Y,0,,A,PU,_Z,2,,,False,WB_WDI,WB_WDI_SP_DYN_LE00_IN,PNG,_T,_T,_T,_Z,_Z,_Z,2022,A,YR,
72.319,P1Y,0,,A,PU,_Z,2,,,False,WB_WDI,WB_WDI_SP_DYN_LE00_IN,PRY,_T,_T,_T,_Z,_Z,_Z,2022,A,YR,
76.834,P1Y,0,,A,PU,_Z,2,,,False,WB_WDI,WB_WDI_SP_DYN_LE00_IN,PER,_T,_T,_T,_Z,_Z,_Z,2022,A,YR,
69.472,P1Y,0,,A,PU,_Z,2,,,False,WB_WDI,WB_WDI_SP_DYN_LE00_IN,PHL,_T,_T,_T,_Z,_Z,_Z,2022,A,YR,
77.156098,P1Y,0,,A,PU,_Z,2,,,False,WB_WDI,WB_WDI_SP_DYN_LE00_IN,POL,_T,_T,_T,_Z,_Z,_Z,2022,A,YR,
81.631707,P1Y,0,,A,PU,_Z,2,,,False,WB_WDI,WB_WDI_SP_DYN_LE00_IN,PRT,_T,_T,_T,_Z,_Z,_Z,2022,A,YR,
79.427,P1Y,0,,A,PU,_Z,2,,,False,WB_WDI,WB_WDI_SP_DYN_LE00_IN,PRI,_T,_T,_T,_Z,_Z,_Z,2022,A,YR,
81.857,P1Y,0,,A,PU,_Z,2,,,False,WB_WDI,WB_WDI_SP_DYN_LE00_IN,QAT,_T,_T,_T,_Z,_Z,_Z,2022,A,YR,
75.153659,P1Y,0,,A,PU,_Z,2,,,False,WB_WDI,WB_WDI_SP_DYN_LE00_IN,ROU,_T,_T,_T,_Z,_Z,_Z,2022,A,YR,
72.54561,P1Y,0,,A,PU,_Z,2,,,False,WB_WDI,WB_WDI_SP_DYN_LE00_IN,RUS,_T,_T,_T,_Z,_Z,_Z,2022,A,YR,
67.528,P1Y,0,,A,PU,_Z,2,,,False,WB_WDI,WB_WDI_SP_DYN_LE00_IN,RWA,_T,_T,_T,_Z,_Z,_Z,2022,A,YR,
71.55,P1Y,0,,A,PU,_Z,2,,,False,WB_WDI,WB_WDI_SP_DYN_LE00_IN,WSM,_T,_T,_T,_Z,_Z,_Z,2022,A,YR,
78.931707,P1Y,0,,A,PU,_Z,2,,,False,WB_WDI,WB_WDI_SP_DYN_LE00_IN,DEU,_T,_T,_T,_Z,_Z,_Z,2005,A,YR,
59.638,P1Y,0,,A,PU,_Z,2,,,False,WB_WDI,WB_WDI_SP_DYN_LE00_IN,GHA,_T,_T,_T,_Z,_Z,_Z,2005,A,YR,
80.991,P1Y,0,,A,PU,_Z,2,,,False,WB_WDI,WB_WDI_SP_DYN_LE00_IN,GIB,_T,_T,_T,_Z,_Z,_Z,2005,A,YR,
79.239024,P1Y,0,,A,PU,_Z,2,,,False,WB_WDI,WB_WDI_SP_DYN_LE00_IN,GRC,_T,_T,_T,_Z,_Z,_Z,2005,A,YR,
67.305122,P1Y,0,,A,PU,_Z,2,,,False,WB_WDI,WB_WDI_SP_DYN_LE00_IN,GRL,_T,_T,_T,_Z,_Z,_Z,2005,A,YR,
73.7,P1Y,0,,A,PU,_Z,2,,,False,WB_WDI,WB_WDI_SP_DYN_LE00_IN,GRD,_T,_T,_T,_Z,_Z,_Z,2005,A,YR,
76.427,P1Y,0,,A,PU,_Z,2,,,False,WB_WDI,WB_WDI_SP_DYN_LE00_IN,GUM,_T,_T,_T,_Z,_Z,_Z,2005,A,YR,
68.167,P1Y,0,,A,PU,_Z,2,,,False,WB_WDI,WB_WDI_SP_DYN_LE00_IN,GTM,_T,_T,_T,_Z,_Z,_Z,2005,A,YR,
54.422,P1Y,0,,A,PU,_Z,2,,,False,WB_WDI,WB_WDI_SP_DYN_LE00_IN,GIN,_T,_T,_T,_Z,_Z,_Z,2005,A,YR,
52.949,P1Y,0,,A,PU,_Z,2,,,False,WB_WDI,WB_WDI_SP_DYN_LE00_IN,GNB,_T,_T,_T,_Z,_Z,_Z,2005,A,YR,
64.392,P1Y,0,,A,PU,_Z,2,,,False,WB_WDI,WB_WDI_SP_DYN_LE00_IN,GUY,_T,_T,_T,_Z,_Z,_Z,2005,A,YR,
60.318,P1Y,0,,A,PU,_Z,2,,,False,WB_WDI,WB_WDI_SP_DYN_LE00_IN,HTI,_T,_T,_T,_Z,_Z,_Z,2005,A,YR,
69.198,P1Y,0,,A,PU,_Z,2,,,False,WB_WDI,WB_WDI_SP_DYN_LE00_IN,HND,_T,_T,_T,_Z,_Z,_Z,2005,A,YR,
81.609024,P1Y,0,,A,PU,_Z,2,,,False,WB_WDI,WB_WDI_SP_DYN_LE00_IN,HKG,_T,_T,_T,_Z,_Z,_Z,2005,A,YR,
73.643,P1Y,0,,A,PU,_Z,2,,,False,WB_WDI,WB_WDI_SP_DYN_LE00_IN,OMN,_T,_T,_T,_Z,_Z,_Z,2000,A,YR,
61.903,P1Y,0,,A,PU,_Z,2,,,False,WB_WDI,WB_WDI_SP_DYN_LE00_IN,PAK,_T,_T,_T,_Z,_Z,_Z,2000,A,YR,
64.499,P1Y,0,,A,PU,_Z,2,,,False,WB_WDI,WB_WDI_SP_DYN_LE00_IN,PLW,_T,_T,_T,_Z,_Z,_Z,2000,A,YR,
73.443,P1Y,0,,A,PU,_Z,2,,,False,WB_WDI,WB_WDI_SP_DYN_LE00_IN,PAN,_T,_T,_T,_Z,_Z,_Z,2000,A,YR,
61.609,P1Y,0,,A,PU,_Z,2,,,False,WB_WDI,WB_WDI_SP_DYN_LE00_IN,PNG,_T,_T,_T,_Z,_Z,_Z,2000,A,YR,
70.026,P1Y,0,,A,PU,_Z,2,,,False,WB_WDI,WB_WDI_SP_DYN_LE00_IN,PRY,_T,_T,_T,_Z,_Z,_Z,2000,A,YR,
69.821,P1Y,0,,A,PU,_Z,2,,,False,WB_WDI,WB_WDI_SP_DYN_LE00_IN,PER,_T,_T,_T,_Z,_Z,_Z,2000,A,YR,
67.789,P1Y,0,,A,PU,_Z,2,,,False,WB_WDI,WB_WDI_SP_DYN_LE00_IN,PHL,_T,_T,_T,_Z,_Z,_Z,2000,A,YR,
73.74878,P1Y,0,,A,PU,_Z,2,,,False,WB_WDI,WB_WDI_SP_DYN_LE00_IN,POL,_T,_T,_T,_Z,_Z,_Z,2000,A,YR,
76.314634,P1Y,0,,A,PU,_Z,2,,,False,WB_WDI,WB_WDI_SP_DYN_LE00_IN,PRT,_T,_T,_T,_Z,_Z,_Z,2000,A,YR,
75.514,P1Y,0,,A,PU,_Z,2,,,False,WB_WDI,WB_WDI_SP_DYN_LE00_IN,PRI,_T,_T,_T,_Z,_Z,_Z,2000,A,YR,
75.25,P1Y,0,,A,PU,_Z,2,,,False,WB_WDI,WB_WDI_SP_DYN_LE00_IN,QAT,_T,_T,_T,_Z,_Z,_Z,2000,A,YR,
78.713,P1Y,0,,A,PU,_Z,2,,,False,WB_WDI,WB_WDI_SP_DYN_LE00_IN,MDV,_T,_T,_T,_Z,_Z,_Z,2020,A,YR,
58.858,P1Y,0,,A,PU,_Z,2,,,False,WB_WDI,WB_WDI_SP_DYN_LE00_IN,MLI,_T,_T,_T,_Z,_Z,_Z,2020,A,YR,
82.097561,P1Y,0,,A,PU,_Z,2,,,False,WB_WDI,WB_WDI_SP_DYN_LE00_IN,MLT,_T,_T,_T,_Z,_Z,_Z,2020,A,YR,
65.387,P1Y,0,,A,PU,_Z,2,,,False,WB_WDI,WB_WDI_SP_DYN_LE00_IN,MHL,_T,_T,_T,_Z,_Z,_Z,2020,A,YR,
66.794,P1Y,0,,A,PU,_Z,2,,,False,WB_WDI,WB_WDI_SP_DYN_LE00_IN,MRT,_T,_T,_T,_Z,_Z,_Z,2020,A,YR,
74.177073,P1Y,0,,A,PU,_Z,2,,,False,WB_WDI,WB_WDI_SP_DYN_LE00_IN,MUS,_T,_T,_T,_Z,_Z,_Z,2020,A,YR,
70.449,P1Y,0,,A,PU,_Z,2,,,False,WB_WDI,WB_WDI_SP_DYN_LE00_IN,MEX,_T,_T,_T,_Z,_Z,_Z,2020,A,YR,
65.878,P1Y,0,,A,PU,_Z,2,,,False,WB_WDI,WB_WDI_SP_DYN_LE00_IN,FSM,_T,_T,_T,_Z,_Z,_Z,2020,A,YR,
69.914,P1Y,0,,A,PU,_Z,2,,,False,WB_WDI,WB_WDI_SP_DYN_LE00_IN,MDA,_T,_T,_T,_Z,_Z,_Z,2020,A,YR,
86.089,P1Y,0,,A,PU,_Z,2,,,False,WB_WDI,WB_WDI_SP_DYN_LE00_IN,MCO,_T,_T,_T,_Z,_Z,_Z,2020,A,YR,
71.349024,P1Y,0,,A,PU,_Z,2,,,False,WB_WDI,WB_WDI_SP_DYN_LE00_IN,MNG,_T,_T,_T,_Z,_Z,_Z,2020,A,YR,
75.931707,P1Y,0,,A,PU,_Z,2,,,False,WB_WDI,WB_WDI_SP_DYN_LE00_IN,MNE,_T,_T,_T,_Z,_Z,_Z,2020,A,YR,
75.520244,P1Y,0,,A,PU,_Z,2,,,False,WB_WDI,WB_WDI_SP_DYN_LE00_IN,HRV,_T,_T,_T,_Z,_Z,_Z,2004,A,YR,
77.326,P1Y,0,,A,PU,_Z,2,,,False,WB_WDI,WB_WDI_SP_DYN_LE00_IN,CUB,_T,_T,_T,_Z,_Z,_Z,2004,A,YR,
73.735,P1Y,0,,A,PU,_Z,2,,,False,WB_WDI,WB_WDI_SP_DYN_LE00_IN,CUW,_T,_T,_T,_Z,_Z,_Z,2004,A,YR,
79.007,P1Y,0,,A,PU,_Z,2,,,False,WB_WDI,WB_WDI_SP_DYN_LE00_IN,CYP,_T,_T,_T,_Z,_Z,_Z,2004,A,YR,
75.721951,P1Y,0,,A,PU,_Z,2,,,False,WB_WDI,WB_WDI_SP_DYN_LE00_IN,CZE,_T,_T,_T,_Z,_Z,_Z,2004,A,YR,
77.492683,P1Y,0,,A,PU,_Z,2,,,False,WB_WDI,WB_WDI_SP_DYN_LE00_IN,DNK,_T,_T,_T,_Z,_Z,_Z,2004,A,YR,
58.103,P1Y,0,,A,PU,_Z,2,,,False,WB_WDI,WB_WDI_SP_DYN_LE00_IN,DJI,_T,_T,_T,_Z,_Z,_Z,2004,A,YR,
71.987,P1Y,0,,A,PU,_Z,2,,,False,WB_WDI,WB_WDI_SP_DYN_LE00_IN,DMA,_T,_T,_T,_Z,_Z,_Z,2004,A,YR,
70.73,P1Y,0,,A,PU,_Z,2,,,False,WB_WDI,WB_WDI_SP_DYN_LE00_IN,DOM,_T,_T,_T,_Z,_Z,_Z,2004,A,YR,
73.868,P1Y,0,,A,PU,_Z,2,,,False,WB_WDI,WB_WDI_SP_DYN_LE00_IN,ECU,_T,_T,_T,_Z,_Z,_Z,2004,A,YR,
68.211,P1Y,0,,A,PU,_Z,2,,,False,WB_WDI,WB_WDI_SP_DYN_LE00_IN,EGY,_T,_T,_T,_Z,_Z,_Z,2004,A,YR,
69.295,P1Y,0,,A,PU,_Z,2,,,False,WB_WDI,WB_WDI_SP_DYN_LE00_IN,SLV,_T,_T,_T,_Z,_Z,_Z,2004,A,YR,
55.307,P1Y,0,,A,PU,_Z,2,,,False,WB_WDI,WB_WDI_SP_DYN_LE00_IN,GNQ,_T,_T,_T,_Z,_Z,_Z,2004,A,YR,
55.58,P1Y,0,,A,PU,_Z,2,,,False,WB_WDI,WB_WDI_SP_DYN_LE00_IN,ZAF,_T,_T,_T,_Z,_Z,_Z,2002,A,YR,
49.394,P1Y,0,,A,PU,_Z,2,,,False,WB_WDI,WB_WDI_SP_DYN_LE00_IN,SSD,_T,_T,_T,_Z,_Z,_Z,2002,A,YR,
79.568293,P1Y,0,,A,PU,_Z,2,,,False,WB_WDI,WB_WDI_SP_DYN_LE00_IN,ESP,_T,_T,_T,_Z,_Z,_Z,2002,A,YR,
72.271,P1Y,0,,A,PU,_Z,2,,,False,WB_WDI,WB_WDI_SP_DYN_LE00_IN,LKA,_T,_T,_T,_Z,_Z,_Z,2002,A,YR,
70.194,P1Y,0,,A,PU,_Z,2,,,False,WB_WDI,WB_WDI_SP_DYN_LE00_IN,KNA,_T,_T,_T,_Z,_Z,_Z,2002,A,YR,
71.707,P1Y,0,,A,PU,_Z,2,,,False,WB_WDI,WB_WDI_SP_DYN_LE00_IN,LCA,_T,_T,_T,_Z,_Z,_Z,2002,A,YR,
77.219,P1Y,0,,A,PU,_Z,2,,,False,WB_WDI,WB_WDI_SP_DYN_LE00_IN,MAF,_T,_T,_T,_Z,_Z,_Z,2002,A,YR,
70.658,P1Y,0,,A,PU,_Z,2,,,False,WB_WDI,WB_WDI_SP_DYN_LE00_IN,VCT,_T,_T,_T,_Z,_Z,_Z,2002,A,YR,
59.308,P1Y,0,,A,PU,_Z,2,,,False,WB_WDI,WB_WDI_SP_DYN_LE00_IN,SDN,_T,_T,_T,_Z,_Z,_Z,2002,A,YR,
65.274,P1Y,0,,A,PU,_Z,2,,,False,WB_WDI,WB_WDI_SP_DYN_LE00_IN,SUR,_T,_T,_T,_Z,_Z,_Z,2002,A,YR,
79.846341,P1Y,0,,A,PU,_Z,2,,,False,WB_WDI,WB_WDI_SP_DYN_LE00_IN,SWE,_T,_T,_T,_Z,_Z,_Z,2002,A,YR,
80.385366,P1Y,0,,A,PU,_Z,2,,,False,WB_WDI,WB_WDI_SP_DYN_LE00_IN,CHE,_T,_T,_T,_Z,_Z,_Z,2002,A,YR,
71.742,P1Y,0,,A,PU,_Z,2,,,False,WB_WDI,WB_WDI_SP_DYN_LE00_IN,SYR,_T,_T,_T,_Z,_Z,_Z,2002,A,YR,
64.898,P1Y,0,,A,PU,_Z,2,,,False,WB_WDI,WB_WDI_SP_DYN_LE00_IN,TJK,_T,_T,_T,_Z,_Z,_Z,2002,A,YR,
81.729268,P1Y,0,,A,PU,_Z,2,,,False,WB_WDI,WB_WDI_SP_DYN_LE00_IN,MAC,_T,_T,_T,_Z,_Z,_Z,2007,A,YR,
61.533,P1Y,0,,A,PU,_Z,2,,,False,WB_WDI,WB_WDI_SP_DYN_LE00_IN,MDG,_T,_T,_T,_Z,_Z,_Z,2007,A,YR,
54.687,P1Y,0,,A,PU,_Z,2,,,False,WB_WDI,WB_WDI_SP_DYN_LE00_IN,MWI,_T,_T,_T,_Z,_Z,_Z,2007,A,YR,
74.961,P1Y,0,,A,PU,_Z,2,,,False,WB_WDI,WB_WDI_SP_DYN_LE00_IN,MYS,_T,_T,_T,_Z,_Z,_Z,2007,A,YR,
75.711,P1Y,0,,A,PU,_Z,2,,,False,WB_WDI,WB_WDI_SP_DYN_LE00_IN,MDV,_T,_T,_T,_Z,_Z,_Z,2007,A,YR,
54.756,P1Y,0,,A,PU,_Z,2,,,False,WB_WDI,WB_WDI_SP_DYN_LE00_IN,MLI,_T,_T,_T,_Z,_Z,_Z,2007,A,YR,
79.792683,P1Y,0,,A,PU,_Z,2,,,False,WB_WDI,WB_WDI_SP_DYN_LE00_IN,MLT,_T,_T,_T,_Z,_Z,_Z,2007,A,YR,
64.259,P1Y,0,,A,PU,_Z,2,,,False,WB_WDI,WB_WDI_SP_DYN_LE00_IN,MHL,_T,_T,_T,_Z,_Z,_Z,2007,A,YR,
64.885,P1Y,0,,A,PU,_Z,2,,,False,WB_WDI,WB_WDI_SP_DYN_LE00_IN,MRT,_T,_T,_T,_Z,_Z,_Z,2007,A,YR,
72.570732,P1Y,0,,A,PU,_Z,2,,,False,WB_WDI,WB_WDI_SP_DYN_LE00_IN,MUS,_T,_T,_T,_Z,_Z,_Z,2007,A,YR,
73.796,P1Y,0,,A,PU,_Z,2,,,False,WB_WDI,WB_WDI_SP_DYN_LE00_IN,MEX,_T,_T,_T,_Z,_Z,_Z,2007,A,YR,
64.844,P1Y,0,,A,PU,_Z,2,,,False,WB_WDI,WB_WDI_SP_DYN_LE00_IN,FSM,_T,_T,_T,_Z,_Z,_Z,2007,A,YR,
73.503,P1Y,0,,A,PU,_Z,2,,,False,WB_WDI,WB_WDI_SP_DYN_LE00_IN,KAZ,_T,_T,_T,_Z,_Z,_Z,2022,A,YR,
63.549,P1Y,0,,A,PU,_Z,2,,,False,WB_WDI,WB_WDI_SP_DYN_LE00_IN,KEN,_T,_T,_T,_Z,_Z,_Z,2022,A,YR,
66.269,P1Y,0,,A,PU,_Z,2,,,False,WB_WDI,WB_WDI_SP_DYN_LE00_IN,KIR,_T,_T,_T,_Z,_Z,_Z,2022,A,YR,
73.641,P1Y,0,,A,PU,_Z,2,,,False,WB_WDI,WB_WDI_SP_DYN_LE00_IN,PRK,_T,_T,_T,_Z,_Z,_Z,2022,A,YR,
82.680488,P1Y,0,,A,PU,_Z,2,,,False,WB_WDI,WB_WDI_SP_DYN_LE00_IN,KOR,_T,_T,_T,_Z,_Z,_Z,2022,A,YR,
77.623,P1Y,0,,A,PU,_Z,2,,,False,WB_WDI,WB_WDI_SP_DYN_LE00_IN,XKX,_T,_T,_T,_Z,_Z,_Z,2022,A,YR,
80.587805,P1Y,0,,A,PU,_Z,2,,,False,WB_WDI,WB_WDI_SP_DYN_LE00_IN,KWT,_T,_T,_T,_Z,_Z,_Z,2022,A,YR,
72.04878,P1Y,0,,A,PU,_Z,2,,,False,WB_WDI,WB_WDI_SP_DYN_LE00_IN,KGZ,_T,_T,_T,_Z,_Z,_Z,2022,A,YR,
68.715,P1Y,0,,A,PU,_Z,2,,,False,WB_WDI,WB_WDI_SP_DYN_LE00_IN,LAO,_T,_T,_T,_Z,_Z,_Z,2022,A,YR,
74.278049,P1Y,0,,A,PU,_Z,2,,,False,WB_WDI,WB_WDI_SP_DYN_LE00_IN,LVA,_T,_T,_T,_Z,_Z,_Z,2022,A,YR,
78.003,P1Y,0,,A,PU,_Z,2,,,False,WB_WDI,WB_WDI_SP_DYN_LE00_IN,LBN,_T,_T,_T,_Z,_Z,_Z,2022,A,YR,
56.812,P1Y,0,,A,PU,_Z,2,,,False,WB_WDI,WB_WDI_SP_DYN_LE00_IN,LSO,_T,_T,_T,_Z,_Z,_Z,2022,A,YR,
61.934,P1Y,0,,A,PU,_Z,2,,,False,WB_WDI,WB_WDI_SP_DYN_LE00_IN,LBR,_T,_T,_T,_Z,_Z,_Z,2022,A,YR,
66.194,P1Y,0,,A,PU,_Z,2,,,False,WB_WDI,WB_WDI_SP_DYN_LE00_IN,FJI,_T,_T,_T,_Z,_Z,_Z,2000,A,YR,
77.465854,P1Y,0,,A,PU,_Z,2,,,False,WB_WDI,WB_WDI_SP_DYN_LE00_IN,FIN,_T,_T,_T,_Z,_Z,_Z,2000,A,YR,
79.056098,P1Y,0,,A,PU,_Z,2,,,False,WB_WDI,WB_WDI_SP_DYN_LE00_IN,FRA,_T,_T,_T,_Z,_Z,_Z,2000,A,YR,
79,P1Y,0,,A,PU,_Z,2,,,False,WB_WDI,WB_WDI_SP_DYN_LE00_IN,PYF,_T,_T,_T,_Z,_Z,_Z,2000,A,YR,
61.81,P1Y,0,,A,PU,_Z,2,,,False,WB_WDI,WB_WDI_SP_DYN_LE00_IN,GAB,_T,_T,_T,_Z,_Z,_Z,2000,A,YR,
56.899,P1Y,0,,A,PU,_Z,2,,,False,WB_WDI,WB_WDI_SP_DYN_LE00_IN,GMB,_T,_T,_T,_Z,_Z,_Z,2000,A,YR,
70.091,P1Y,0,,A,PU,_Z,2,,,False,WB_WDI,WB_WDI_SP_DYN_LE00_IN,GEO,_T,_T,_T,_Z,_Z,_Z,2000,A,YR,
77.926829,P1Y,0,,A,PU,_Z,2,,,False,WB_WDI,WB_WDI_SP_DYN_LE00_IN,DEU,_T,_T,_T,_Z,_Z,_Z,2000,A,YR,
58.139,P1Y,0,,A,PU,_Z,2,,,False,WB_WDI,WB_WDI_SP_DYN_LE00_IN,GHA,_T,_T,_T,_Z,_Z,_Z,2000,A,YR,
80.145,P1Y,0,,A,PU,_Z,2,,,False,WB_WDI,WB_WDI_SP_DYN_LE00_IN,GIB,_T,_T,_T,_Z,_Z,_Z,2000,A,YR,
77.887805,P1Y,0,,A,PU,_Z,2,,,False,WB_WDI,WB_WDI_SP_DYN_LE00_IN,GRC,_T,_T,_T,_Z,_Z,_Z,2000,A,YR,
64.803415,P1Y,0,,A,PU,_Z,2,,,False,WB_WDI,WB_WDI_SP_DYN_LE00_IN,GRL,_T,_T,_T,_Z,_Z,_Z,2000,A,YR,
72.955,P1Y,0,,A,PU,_Z,2,,,False,WB_WDI,WB_WDI_SP_DYN_LE00_IN,GRD,_T,_T,_T,_Z,_Z,_Z,2000,A,YR,
74.894,P1Y,0,,A,PU,_Z,2,,,False,WB_WDI,WB_WDI_SP_DYN_LE00_IN,GUM,_T,_T,_T,_Z,_Z,_Z,2000,A,YR,
67.102,P1Y,0,,A,PU,_Z,2,,,False,WB_WDI,WB_WDI_SP_DYN_LE00_IN,GTM,_T,_T,_T,_Z,_Z,_Z,2000,A,YR,
67.79,P1Y,0,,A,PU,_Z,2,,,False,WB_WDI,WB_WDI_SP_DYN_LE00_IN,SLB,_T,_T,_T,_Z,_Z,_Z,2005,A,YR,
50.894,P1Y,0,,A,PU,_Z,2,,,False,WB_WDI,WB_WDI_SP_DYN_LE00_IN,SOM,_T,_T,_T,_Z,_Z,_Z,2005,A,YR,
53.914,P1Y,0,,A,PU,_Z,2,,,False,WB_WDI,WB_WDI_SP_DYN_LE00_IN,ZAF,_T,_T,_T,_Z,_Z,_Z,2005,A,YR,
53.965,P1Y,0,,A,PU,_Z,2,,,False,WB_WDI,WB_WDI_SP_DYN_LE00_IN,SSD,_T,_T,_T,_Z,_Z,_Z,2005,A,YR,
80.170732,P1Y,0,,A,PU,_Z,2,,,False,WB_WDI,WB_WDI_SP_DYN_LE00_IN,ESP,_T,_T,_T,_Z,_Z,_Z,2005,A,YR,
73.073,P1Y,0,,A,PU,_Z,2,,,False,WB_WDI,WB_WDI_SP_DYN_LE00_IN,LKA,_T,_T,_T,_Z,_Z,_Z,2005,A,YR,
71.151,P1Y,0,,A,PU,_Z,2,,,False,WB_WDI,WB_WDI_SP_DYN_LE00_IN,KNA,_T,_T,_T,_Z,_Z,_Z,2005,A,YR,
72.544,P1Y,0,,A,PU,_Z,2,,,False,WB_WDI,WB_WDI_SP_DYN_LE00_IN,LCA,_T,_T,_T,_Z,_Z,_Z,2005,A,YR,
77.802,P1Y,0,,A,PU,_Z,2,,,False,WB_WDI,WB_WDI_SP_DYN_LE00_IN,MAF,_T,_T,_T,_Z,_Z,_Z,2005,A,YR,
70.454,P1Y,0,,A,PU,_Z,2,,,False,WB_WDI,WB_WDI_SP_DYN_LE00_IN,VCT,_T,_T,_T,_Z,_Z,_Z,2005,A,YR,
57.226,P1Y,0,,A,PU,_Z,2,,,False,WB_WDI,WB_WDI_SP_DYN_LE00_IN,SDN,_T,_T,_T,_Z,_Z,_Z,2005,A,YR,
66.997,P1Y,0,,A,PU,_Z,2,,,False,WB_WDI,WB_WDI_SP_DYN_LE00_IN,SUR,_T,_T,_T,_Z,_Z,_Z,2005,A,YR,
80.546341,P1Y,0,,A,PU,_Z,2,,,False,WB_WDI,WB_WDI_SP_DYN_LE00_IN,SWE,_T,_T,_T,_Z,_Z,_Z,2005,A,YR,
81.236585,P1Y,0,,A,PU,_Z,2,,,False,WB_WDI,WB_WDI_SP_DYN_LE00_IN,CHE,_T,_T,_T,_Z,_Z,_Z,2005,A,YR,
76.018,P1Y,0,,A,PU,_Z,2,,,False,WB_WDI,WB_WDI_SP_DYN_LE00_IN,PER,_T,_T,_T,_Z,_Z,_Z,2018,A,YR,
69.761,P1Y,0,,A,PU,_Z,2,,,False,WB_WDI,WB_WDI_SP_DYN_LE00_IN,PHL,_T,_T,_T,_Z,_Z,_Z,2018,A,YR,
77.602439,P1Y,0,,A,PU,_Z,2,,,False,WB_WDI,WB_WDI_SP_DYN_LE00_IN,POL,_T,_T,_T,_Z,_Z,_Z,2018,A,YR,
81.32439,P1Y,0,,A,PU,_Z,2,,,False,WB_WDI,WB_WDI_SP_DYN_LE00_IN,PRT,_T,_T,_T,_Z,_Z,_Z,2018,A,YR,
81.086,P1Y,0,,A,PU,_Z,2,,,False,WB_WDI,WB_WDI_SP_DYN_LE00_IN,PRI,_T,_T,_T,_Z,_Z,_Z,2018,A,YR,
82.714,P1Y,0,,A,PU,_Z,2,,,False,WB_WDI,WB_WDI_SP_DYN_LE00_IN,QAT,_T,_T,_T,_Z,_Z,_Z,2018,A,YR,
75.358537,P1Y,0,,A,PU,_Z,2,,,False,WB_WDI,WB_WDI_SP_DYN_LE00_IN,ROU,_T,_T,_T,_Z,_Z,_Z,2018,A,YR,
72.662195,P1Y,0,,A,PU,_Z,2,,,False,WB_WDI,WB_WDI_SP_DYN_LE00_IN,RUS,_T,_T,_T,_Z,_Z,_Z,2018,A,YR,
66.354,P1Y,0,,A,PU,_Z,2,,,False,WB_WDI,WB_WDI_SP_DYN_LE00_IN,RWA,_T,_T,_T,_Z,_Z,_Z,2018,A,YR,
71.052,P1Y,0,,A,PU,_Z,2,,,False,WB_WDI,WB_WDI_SP_DYN_LE00_IN,WSM,_T,_T,_T,_Z,_Z,_Z,2018,A,YR,
85.095,P1Y,0,,A,PU,_Z,2,,,False,WB_WDI,WB_WDI_SP_DYN_LE00_IN,SMR,_T,_T,_T,_Z,_Z,_Z,2018,A,YR,
71.408,P1Y,0,,A,PU,_Z,2,,,False,WB_WDI,WB_WDI_SP_DYN_LE00_IN,BHS,_T,_T,_T,_Z,_Z,_Z,2019,A,YR,
80.471,P1Y,0,,A,PU,_Z,2,,,False,WB_WDI,WB_WDI_SP_DYN_LE00_IN,BHR,_T,_T,_T,_Z,_Z,_Z,2019,A,YR,
72.625,P1Y,0,,A,PU,_Z,2,,,False,WB_WDI,WB_WDI_SP_DYN_LE00_IN,BGD,_T,_T,_T,_Z,_Z,_Z,2019,A,YR,
76.495,P1Y,0,,A,PU,_Z,2,,,False,WB_WDI,WB_WDI_SP_DYN_LE00_IN,BRB,_T,_T,_T,_Z,_Z,_Z,2019,A,YR,
74.226829,P1Y,0,,A,PU,_Z,2,,,False,WB_WDI,WB_WDI_SP_DYN_LE00_IN,BLR,_T,_T,_T,_Z,_Z,_Z,2019,A,YR,
81.995122,P1Y,0,,A,PU,_Z,2,,,False,WB_WDI,WB_WDI_SP_DYN_LE00_IN,BEL,_T,_T,_T,_Z,_Z,_Z,2019,A,YR,
72.577,P1Y,0,,A,PU,_Z,2,,,False,WB_WDI,WB_WDI_SP_DYN_LE00_IN,BLZ,_T,_T,_T,_Z,_Z,_Z,2019,A,YR,
59.888,P1Y,0,,A,PU,_Z,2,,,False,WB_WDI,WB_WDI_SP_DYN_LE00_IN,BEN,_T,_T,_T,_Z,_Z,_Z,2019,A,YR,
81.251,P1Y,0,,A,PU,_Z,2,,,False,WB_WDI,WB_WDI_SP_DYN_LE00_IN,BMU,_T,_T,_T,_Z,_Z,_Z,2019,A,YR,
72.005,P1Y,0,,A,PU,_Z,2,,,False,WB_WDI,WB_WDI_SP_DYN_LE00_IN,BTN,_T,_T,_T,_Z,_Z,_Z,2019,A,YR,
67.82,P1Y,0,,A,PU,_Z,2,,,False,WB_WDI,WB_WDI_SP_DYN_LE00_IN,BOL,_T,_T,_T,_Z,_Z,_Z,2019,A,YR,
58.98576,P1Y,0,,A,PU,_Z,2,,,False,WB_WDI,WB_WDI_SP_DYN_LE00_IN,SSF,_T,_T,_T,_Z,_Z,_Z,2014,A,YR,
58.984455,P1Y,0,,A,PU,_Z,2,,,False,WB_WDI,WB_WDI_SP_DYN_LE00_IN,SSA,_T,_T,_T,_Z,_Z,_Z,2014,A,YR,
58.98576,P1Y,0,,A,PU,_Z,2,,,False,WB_WDI,WB_WDI_SP_DYN_LE00_IN,TSS,_T,_T,_T,_Z,_Z,_Z,2014,A,YR,
74.695164,P1Y,0,,A,PU,_Z,2,,,False,WB_WDI,WB_WDI_SP_DYN_LE00_IN,UMC,_T,_T,_T,_Z,_Z,_Z,2014,A,YR,
71.776387,P1Y,0,,A,PU,_Z,2,,,False,WB_WDI,WB_WDI_SP_DYN_LE00_IN,WLD,_T,_T,_T,_Z,_Z,_Z,2014,A,YR,
62.26,P1Y,0,,A,PU,_Z,2,,,False,WB_WDI,WB_WDI_SP_DYN_LE00_IN,AFG,_T,_T,_T,_Z,_Z,_Z,2014,A,YR,
78.029,P1Y,0,,A,PU,_Z,2,,,False,WB_WDI,WB_WDI_SP_DYN_LE00_IN,ALB,_T,_T,_T,_Z,_Z,_Z,2014,A,YR,
74.992,P1Y,0,,A,PU,_Z,2,,,False,WB_WDI,WB_WDI_SP_DYN_LE00_IN,DZA,_T,_T,_T,_Z,_Z,_Z,2014,A,YR,
72.687,P1Y,0,,A,PU,_Z,2,,,False,WB_WDI,WB_WDI_SP_DYN_LE00_IN,ASM,_T,_T,_T,_Z,_Z,_Z,2014,A,YR,
84.485,P1Y,0,,A,PU,_Z,2,,,False,WB_WDI,WB_WDI_SP_DYN_LE00_IN,AND,_T,_T,_T,_Z,_Z,_Z,2014,A,YR,
60.396,P1Y,0,,A,PU,_Z,2,,,False,WB_WDI,WB_WDI_SP_DYN_LE00_IN,AGO,_T,_T,_T,_Z,_Z,_Z,2014,A,YR,
76.912,P1Y,0,,A,PU,_Z,2,,,False,WB_WDI,WB_WDI_SP_DYN_LE00_IN,ATG,_T,_T,_T,_Z,_Z,_Z,2014,A,YR,
76.268,P1Y,0,,A,PU,_Z,2,,,False,WB_WDI,WB_WDI_SP_DYN_LE00_IN,ARG,_T,_T,_T,_Z,_Z,_Z,2014,A,YR,
80.873171,P1Y,0,,A,PU,_Z,2,,,False,WB_WDI,WB_WDI_SP_DYN_LE00_IN,ESP,_T,_T,_T,_Z,_Z,_Z,2007,A,YR,
72.983,P1Y,0,,A,PU,_Z,2,,,False,WB_WDI,WB_WDI_SP_DYN_LE00_IN,LKA,_T,_T,_T,_Z,_Z,_Z,2007,A,YR,
71.437,P1Y,0,,A,PU,_Z,2,,,False,WB_WDI,WB_WDI_SP_DYN_LE00_IN,KNA,_T,_T,_T,_Z,_Z,_Z,2007,A,YR,
72.86,P1Y,0,,A,PU,_Z,2,,,False,WB_WDI,WB_WDI_SP_DYN_LE00_IN,LCA,_T,_T,_T,_Z,_Z,_Z,2007,A,YR,
78.16,P1Y,0,,A,PU,_Z,2,,,False,WB_WDI,WB_WDI_SP_DYN_LE00_IN,MAF,_T,_T,_T,_Z,_Z,_Z,2007,A,YR,
70.446,P1Y,0,,A,PU,_Z,2,,,False,WB_WDI,WB_WDI_SP_DYN_LE00_IN,VCT,_T,_T,_T,_Z,_Z,_Z,2007,A,YR,
61.442,P1Y,0,,A,PU,_Z,2,,,False,WB_WDI,WB_WDI_SP_DYN_LE00_IN,SDN,_T,_T,_T,_Z,_Z,_Z,2007,A,YR,
68.307,P1Y,0,,A,PU,_Z,2,,,False,WB_WDI,WB_WDI_SP_DYN_LE00_IN,SUR,_T,_T,_T,_Z,_Z,_Z,2007,A,YR,
80.9,P1Y,0,,A,PU,_Z,2,,,False,WB_WDI,WB_WDI_SP_DYN_LE00_IN,SWE,_T,_T,_T,_Z,_Z,_Z,2007,A,YR,
81.741463,P1Y,0,,A,PU,_Z,2,,,False,WB_WDI,WB_WDI_SP_DYN_LE00_IN,CHE,_T,_T,_T,_Z,_Z,_Z,2007,A,YR,
73.256,P1Y,0,,A,PU,_Z,2,,,False,WB_WDI,WB_WDI_SP_DYN_LE00_IN,SYR,_T,_T,_T,_Z,_Z,_Z,2007,A,YR,
67.405,P1Y,0,,A,PU,_Z,2,,,False,WB_WDI,WB_WDI_SP_DYN_LE00_IN,TJK,_T,_T,_T,_Z,_Z,_Z,2007,A,YR,
59.26,P1Y,0,,A,PU,_Z,2,,,False,WB_WDI,WB_WDI_SP_DYN_LE00_IN,TZA,_T,_T,_T,_Z,_Z,_Z,2007,A,YR,
65.201,P1Y,0,,A,PU,_Z,2,,,False,WB_WDI,WB_WDI_SP_DYN_LE00_IN,COM,_T,_T,_T,_Z,_Z,_Z,2021,A,YR,
60.044,P1Y,0,,A,PU,_Z,2,,,False,WB_WDI,WB_WDI_SP_DYN_LE00_IN,COD,_T,_T,_T,_Z,_Z,_Z,2021,A,YR,
64.192,P1Y,0,,A,PU,_Z,2,,,False,WB_WDI,WB_WDI_SP_DYN_LE00_IN,COG,_T,_T,_T,_Z,_Z,_Z,2021,A,YR,
78.05,P1Y,0,,A,PU,_Z,2,,,False,WB_WDI,WB_WDI_SP_DYN_LE00_IN,CRI,_T,_T,_T,_Z,_Z,_Z,2021,A,YR,
60.29,P1Y,0,,A,PU,_Z,2,,,False,WB_WDI,WB_WDI_SP_DYN_LE00_IN,CIV,_T,_T,_T,_Z,_Z,_Z,2021,A,YR,
76.42439,P1Y,0,,A,PU,_Z,2,,,False,WB_WDI,WB_WDI_SP_DYN_LE00_IN,HRV,_T,_T,_T,_Z,_Z,_Z,2021,A,YR,
73.201,P1Y,0,,A,PU,_Z,2,,,False,WB_WDI,WB_WDI_SP_DYN_LE00_IN,CUB,_T,_T,_T,_Z,_Z,_Z,2021,A,YR,
75.686,P1Y,0,,A,PU,_Z,2,,,False,WB_WDI,WB_WDI_SP_DYN_LE00_IN,CUW,_T,_T,_T,_Z,_Z,_Z,2021,A,YR,
80.573,P1Y,0,,A,PU,_Z,2,,,False,WB_WDI,WB_WDI_SP_DYN_LE00_IN,CYP,_T,_T,_T,_Z,_Z,_Z,2021,A,YR,
77.221951,P1Y,0,,A,PU,_Z,2,,,False,WB_WDI,WB_WDI_SP_DYN_LE00_IN,CZE,_T,_T,_T,_Z,_Z,_Z,2021,A,YR,
81.404878,P1Y,0,,A,PU,_Z,2,,,False,WB_WDI,WB_WDI_SP_DYN_LE00_IN,DNK,_T,_T,_T,_Z,_Z,_Z,2021,A,YR,
63.83,P1Y,0,,A,PU,_Z,2,,,False,WB_WDI,WB_WDI_SP_DYN_LE00_IN,DJI,_T,_T,_T,_Z,_Z,_Z,2021,A,YR,
64.8,P1Y,0,,A,PU,_Z,2,,,False,WB_WDI,WB_WDI_SP_DYN_LE00_IN,PLW,_T,_T,_T,_Z,_Z,_Z,2001,A,YR,
73.82,P1Y,0,,A,PU,_Z,2,,,False,WB_WDI,WB_WDI_SP_DYN_LE00_IN,PAN,_T,_T,_T,_Z,_Z,_Z,2001,A,YR,
61.647,P1Y,0,,A,PU,_Z,2,,,False,WB_WDI,WB_WDI_SP_DYN_LE00_IN,PNG,_T,_T,_T,_Z,_Z,_Z,2001,A,YR,
70.281,P1Y,0,,A,PU,_Z,2,,,False,WB_WDI,WB_WDI_SP_DYN_LE00_IN,PRY,_T,_T,_T,_Z,_Z,_Z,2001,A,YR,
70.315,P1Y,0,,A,PU,_Z,2,,,False,WB_WDI,WB_WDI_SP_DYN_LE00_IN,PER,_T,_T,_T,_Z,_Z,_Z,2001,A,YR,
67.829,P1Y,0,,A,PU,_Z,2,,,False,WB_WDI,WB_WDI_SP_DYN_LE00_IN,PHL,_T,_T,_T,_Z,_Z,_Z,2001,A,YR,
74.2,P1Y,0,,A,PU,_Z,2,,,False,WB_WDI,WB_WDI_SP_DYN_LE00_IN,POL,_T,_T,_T,_Z,_Z,_Z,2001,A,YR,
76.814634,P1Y,0,,A,PU,_Z,2,,,False,WB_WDI,WB_WDI_SP_DYN_LE00_IN,PRT,_T,_T,_T,_Z,_Z,_Z,2001,A,YR,
75.972,P1Y,0,,A,PU,_Z,2,,,False,WB_WDI,WB_WDI_SP_DYN_LE00_IN,PRI,_T,_T,_T,_Z,_Z,_Z,2001,A,YR,
75.486,P1Y,0,,A,PU,_Z,2,,,False,WB_WDI,WB_WDI_SP_DYN_LE00_IN,QAT,_T,_T,_T,_Z,_Z,_Z,2001,A,YR,
71.160976,P1Y,0,,A,PU,_Z,2,,,False,WB_WDI,WB_WDI_SP_DYN_LE00_IN,ROU,_T,_T,_T,_Z,_Z,_Z,2001,A,YR,
65.383415,P1Y,0,,A,PU,_Z,2,,,False,WB_WDI,WB_WDI_SP_DYN_LE00_IN,RUS,_T,_T,_T,_Z,_Z,_Z,2001,A,YR,
61.856912,P1Y,0,,A,PU,_Z,2,,,False,WB_WDI,WB_WDI_SP_DYN_LE00_IN,SSF,_T,_T,_T,_Z,_Z,_Z,2022,A,YR,
61.855677,P1Y,0,,A,PU,_Z,2,,,False,WB_WDI,WB_WDI_SP_DYN_LE00_IN,SSA,_T,_T,_T,_Z,_Z,_Z,2022,A,YR,
61.856912,P1Y,0,,A,PU,_Z,2,,,False,WB_WDI,WB_WDI_SP_DYN_LE00_IN,TSS,_T,_T,_T,_Z,_Z,_Z,2022,A,YR,
75.728519,P1Y,0,,A,PU,_Z,2,,,False,WB_WDI,WB_WDI_SP_DYN_LE00_IN,UMC,_T,_T,_T,_Z,_Z,_Z,2022,A,YR,
72.968959,P1Y,0,,A,PU,_Z,2,,,False,WB_WDI,WB_WDI_SP_DYN_LE00_IN,WLD,_T,_T,_T,_Z,_Z,_Z,2022,A,YR,
65.617,P1Y,0,,A,PU,_Z,2,,,False,WB_WDI,WB_WDI_SP_DYN_LE00_IN,AFG,_T,_T,_T,_Z,_Z,_Z,2022,A,YR,
78.769,P1Y,0,,A,PU,_Z,2,,,False,WB_WDI,WB_WDI_SP_DYN_LE00_IN,ALB,_T,_T,_T,_Z,_Z,_Z,2022,A,YR,
76.129,P1Y,0,,A,PU,_Z,2,,,False,WB_WDI,WB_WDI_SP_DYN_LE00_IN,DZA,_T,_T,_T,_Z,_Z,_Z,2022,A,YR,
72.752,P1Y,0,,A,PU,_Z,2,,,False,WB_WDI,WB_WDI_SP_DYN_LE00_IN,ASM,_T,_T,_T,_Z,_Z,_Z,2022,A,YR,
84.016,P1Y,0,,A,PU,_Z,2,,,False,WB_WDI,WB_WDI_SP_DYN_LE00_IN,AND,_T,_T,_T,_Z,_Z,_Z,2022,A,YR,
64.246,P1Y,0,,A,PU,_Z,2,,,False,WB_WDI,WB_WDI_SP_DYN_LE00_IN,AGO,_T,_T,_T,_Z,_Z,_Z,2022,A,YR,
77.483,P1Y,0,,A,PU,_Z,2,,,False,WB_WDI,WB_WDI_SP_DYN_LE00_IN,ATG,_T,_T,_T,_Z,_Z,_Z,2022,A,YR,
75.806,P1Y,0,,A,PU,_Z,2,,,False,WB_WDI,WB_WDI_SP_DYN_LE00_IN,ARG,_T,_T,_T,_Z,_Z,_Z,2022,A,YR,
74.765854,P1Y,0,,A,PU,_Z,2,,,False,WB_WDI,WB_WDI_SP_DYN_LE00_IN,ARM,_T,_T,_T,_Z,_Z,_Z,2022,A,YR,
65.292,P1Y,0,,A,PU,_Z,2,,,False,WB_WDI,WB_WDI_SP_DYN_LE00_IN,MHL,_T,_T,_T,_Z,_Z,_Z,2015,A,YR,
66.498,P1Y,0,,A,PU,_Z,2,,,False,WB_WDI,WB_WDI_SP_DYN_LE00_IN,MRT,_T,_T,_T,_Z,_Z,_Z,2015,A,YR,
74.353171,P1Y,0,,A,PU,_Z,2,,,False,WB_WDI,WB_WDI_SP_DYN_LE00_IN,MUS,_T,_T,_T,_Z,_Z,_Z,2015,A,YR,
74.431,P1Y,0,,A,PU,_Z,2,,,False,WB_WDI,WB_WDI_SP_DYN_LE00_IN,MEX,_T,_T,_T,_Z,_Z,_Z,2015,A,YR,
65.306,P1Y,0,,A,PU,_Z,2,,,False,WB_WDI,WB_WDI_SP_DYN_LE00_IN,FSM,_T,_T,_T,_Z,_Z,_Z,2015,A,YR,
70.118,P1Y,0,,A,PU,_Z,2,,,False,WB_WDI,WB_WDI_SP_DYN_LE00_IN,MDA,_T,_T,_T,_Z,_Z,_Z,2015,A,YR,
85.323,P1Y,0,,A,PU,_Z,2,,,False,WB_WDI,WB_WDI_SP_DYN_LE00_IN,MCO,_T,_T,_T,_Z,_Z,_Z,2015,A,YR,
70.810244,P1Y,0,,A,PU,_Z,2,,,False,WB_WDI,WB_WDI_SP_DYN_LE00_IN,MNG,_T,_T,_T,_Z,_Z,_Z,2015,A,YR,
76.602439,P1Y,0,,A,PU,_Z,2,,,False,WB_WDI,WB_WDI_SP_DYN_LE00_IN,MNE,_T,_T,_T,_Z,_Z,_Z,2015,A,YR,
72.894,P1Y,0,,A,PU,_Z,2,,,False,WB_WDI,WB_WDI_SP_DYN_LE00_IN,MAR,_T,_T,_T,_Z,_Z,_Z,2015,A,YR,
58.711,P1Y,0,,A,PU,_Z,2,,,False,WB_WDI,WB_WDI_SP_DYN_LE00_IN,MOZ,_T,_T,_T,_Z,_Z,_Z,2015,A,YR,
67.71,P1Y,0,,A,PU,_Z,2,,,False,WB_WDI,WB_WDI_SP_DYN_LE00_IN,AZE,_T,_T,_T,_Z,_Z,_Z,2005,A,YR,
73.413,P1Y,0,,A,PU,_Z,2,,,False,WB_WDI,WB_WDI_SP_DYN_LE00_IN,BHS,_T,_T,_T,_Z,_Z,_Z,2005,A,YR,
76.125,P1Y,0,,A,PU,_Z,2,,,False,WB_WDI,WB_WDI_SP_DYN_LE00_IN,BHR,_T,_T,_T,_Z,_Z,_Z,2005,A,YR,
65.509,P1Y,0,,A,PU,_Z,2,,,False,WB_WDI,WB_WDI_SP_DYN_LE00_IN,BGD,_T,_T,_T,_Z,_Z,_Z,2005,A,YR,
74.96,P1Y,0,,A,PU,_Z,2,,,False,WB_WDI,WB_WDI_SP_DYN_LE00_IN,BRB,_T,_T,_T,_Z,_Z,_Z,2005,A,YR,
68.85122,P1Y,0,,A,PU,_Z,2,,,False,WB_WDI,WB_WDI_SP_DYN_LE00_IN,BLR,_T,_T,_T,_Z,_Z,_Z,2005,A,YR,
78.980488,P1Y,0,,A,PU,_Z,2,,,False,WB_WDI,WB_WDI_SP_DYN_LE00_IN,BEL,_T,_T,_T,_Z,_Z,_Z,2005,A,YR,
70.335,P1Y,0,,A,PU,_Z,2,,,False,WB_WDI,WB_WDI_SP_DYN_LE00_IN,BLZ,_T,_T,_T,_Z,_Z,_Z,2005,A,YR,
57.738,P1Y,0,,A,PU,_Z,2,,,False,WB_WDI,WB_WDI_SP_DYN_LE00_IN,BEN,_T,_T,_T,_Z,_Z,_Z,2005,A,YR,
78.874,P1Y,0,,A,PU,_Z,2,,,False,WB_WDI,WB_WDI_SP_DYN_LE00_IN,BMU,_T,_T,_T,_Z,_Z,_Z,2005,A,YR,
65.875,P1Y,0,,A,PU,_Z,2,,,False,WB_WDI,WB_WDI_SP_DYN_LE00_IN,BTN,_T,_T,_T,_Z,_Z,_Z,2005,A,YR,
64.182,P1Y,0,,A,PU,_Z,2,,,False,WB_WDI,WB_WDI_SP_DYN_LE00_IN,BOL,_T,_T,_T,_Z,_Z,_Z,2005,A,YR,
81.560847,P1Y,0,,A,PU,_Z,2,,,True,WB_WDI,WB_WDI_SP_DYN_LE00_IN,EUU,_T,_T,_T,_Z,_Z,_Z,2024,A,YR,
64.920398,P1Y,0,,A,PU,_Z,2,,,True,WB_WDI,WB_WDI_SP_DYN_LE00_IN,HPC,_T,_T,_T,_Z,_Z,_Z,2024,A,YR,
80.393875,P1Y,0,,A,PU,_Z,2,,,True,WB_WDI,WB_WDI_SP_DYN_LE00_IN,HIC,_T,_T,_T,_Z,_Z,_Z,2024,A,YR,
74.672875,P1Y,0,,A,PU,_Z,2,,,True,WB_WDI,WB_WDI_SP_DYN_LE00_IN,IBD,_T,_T,_T,_Z,_Z,_Z,2024,A,YR,
72.134136,P1Y,0,,A,PU,_Z,2,,,True,WB_WDI,WB_WDI_SP_DYN_LE00_IN,IBT,_T,_T,_T,_Z,_Z,_Z,2024,A,YR,
62.619941,P1Y,0,,A,PU,_Z,2,,,True,WB_WDI,WB_WDI_SP_DYN_LE00_IN,IDB,_T,_T,_T,_Z,_Z,_Z,2024,A,YR,
67.246293,P1Y,0,,A,PU,_Z,2,,,True,WB_WDI,WB_WDI_SP_DYN_LE00_IN,IDX,_T,_T,_T,_Z,_Z,_Z,2024,A,YR,
65.636663,P1Y,0,,A,PU,_Z,2,,,True,WB_WDI,WB_WDI_SP_DYN_LE00_IN,IDA,_T,_T,_T,_Z,_Z,_Z,2024,A,YR,
77.232966,P1Y,0,,A,PU,_Z,2,,,True,WB_WDI,WB_WDI_SP_DYN_LE00_IN,LTE,_T,_T,_T,_Z,_Z,_Z,2024,A,YR,
75.81791,P1Y,0,,A,PU,_Z,2,,,True,WB_WDI,WB_WDI_SP_DYN_LE00_IN,LCN,_T,_T,_T,_Z,_Z,_Z,2024,A,YR,
75.5362,P1Y,0,,A,PU,_Z,2,,,True,WB_WDI,WB_WDI_SP_DYN_LE00_IN,LAC,_T,_T,_T,_Z,_Z,_Z,2024,A,YR,
75.744731,P1Y,0,,A,PU,_Z,2,,,True,WB_WDI,WB_WDI_SP_DYN_LE00_IN,TLA,_T,_T,_T,_Z,_Z,_Z,2024,A,YR,
66.709045,P1Y,0,,A,PU,_Z,2,,,True,WB_WDI,WB_WDI_SP_DYN_LE00_IN,LDC,_T,_T,_T,_Z,_Z,_Z,2024,A,YR,
72.024013,P1Y,0,,A,PU,_Z,2,,,True,WB_WDI,WB_WDI_SP_DYN_LE00_IN,LMY,_T,_T,_T,_Z,_Z,_Z,2024,A,YR,
65.236848,P1Y,0,,A,PU,_Z,2,,,True,WB_WDI,WB_WDI_SP_DYN_LE00_IN,LIC,_T,_T,_T,_Z,_Z,_Z,2024,A,YR,
69.524343,P1Y,0,,A,PU,_Z,2,,,True,WB_WDI,WB_WDI_SP_DYN_LE00_IN,LMC,_T,_T,_T,_Z,_Z,_Z,2024,A,YR,
72.315013,P1Y,0,,A,PU,_Z,2,,,True,WB_WDI,WB_WDI_SP_DYN_LE00_IN,MEA,_T,_T,_T,_Z,_Z,_Z,2024,A,YR,
71.487186,P1Y,0,,A,PU,_Z,2,,,True,WB_WDI,WB_WDI_SP_DYN_LE00_IN,MNA,_T,_T,_T,_Z,_Z,_Z,2024,A,YR,
71.503521,P1Y,0,,A,PU,_Z,2,,,True,WB_WDI,WB_WDI_SP_DYN_LE00_IN,TMN,_T,_T,_T,_Z,_Z,_Z,2024,A,YR,
72.872607,P1Y,0,,A,PU,_Z,2,,,True,WB_WDI,WB_WDI_SP_DYN_LE00_IN,MIC,_T,_T,_T,_Z,_Z,_Z,2024,A,YR,
80.770732,P1Y,0,,A,PU,_Z,2,,,True,WB_WDI,WB_WDI_SP_DYN_LE00_IN,VIR,_T,_T,_T,_Z,_Z,_Z,2024,A,YR,
69.213,P1Y,0,,A,PU,_Z,2,,,True,WB_WDI,WB_WDI_SP_DYN_LE00_IN,PSE,_T,_T,_T,_Z,_Z,_Z,2024,A,YR,
69.439,P1Y,0,,A,PU,_Z,2,,,True,WB_WDI,WB_WDI_SP_DYN_LE00_IN,YEM,_T,_T,_T,_Z,_Z,_Z,2024,A,YR,
66.528,P1Y,0,,A,PU,_Z,2,,,True,WB_WDI,WB_WDI_SP_DYN_LE00_IN,ZMB,_T,_T,_T,_Z,_Z,_Z,2024,A,YR,
63.064,P1Y,0,,A,PU,_Z,2,,,True,WB_WDI,WB_WDI_SP_DYN_LE00_IN,ZWE,_T,_T,_T,_Z,_Z,_Z,2024,A,YR,
75.1,P1Y,0,,A,PU,_Z,2,,,True,WB_WDI,WB_WDI_SP_DYN_LE00_IN,NIC,_T,_T,_T,_Z,_Z,_Z,2024,A,YR,
61.433,P1Y,0,,A,PU,_Z,2,,,True,WB_WDI,WB_WDI_SP_DYN_LE00_IN,NER,_T,_T,_T,_Z,_Z,_Z,2024,A,YR,
54.635,P1Y,0,,A,PU,_Z,2,,,True,WB_WDI,WB_WDI_SP_DYN_LE00_IN,NGA,_T,_T,_T,_Z,_Z,_Z,2024,A,YR,
76.616585,P1Y,0,,A,PU,_Z,2,,,True,WB_WDI,WB_WDI_SP_DYN_LE00_IN,MKD,_T,_T,_T,_Z,_Z,_Z,2024,A,YR,
78.947,P1Y,0,,A,PU,_Z,2,,,True,WB_WDI,WB_WDI_SP_DYN_LE00_IN,MNP,_T,_T,_T,_Z,_Z,_Z,2024,A,YR,
83.160976,P1Y,0,,A,PU,_Z,2,,,True,WB_WDI,WB_WDI_SP_DYN_LE00_IN,NOR,_T,_T,_T,_Z,_Z,_Z,2024,A,YR,
80.246,P1Y,0,,A,PU,_Z,2,,,True,WB_WDI,WB_WDI_SP_DYN_LE00_IN,OMN,_T,_T,_T,_Z,_Z,_Z,2024,A,YR,
67.799,P1Y,0,,A,PU,_Z,2,,,True,WB_WDI,WB_WDI_SP_DYN_LE00_IN,PAK,_T,_T,_T,_Z,_Z,_Z,2024,A,YR,
69.383,P1Y,0,,A,PU,_Z,2,,,True,WB_WDI,WB_WDI_SP_DYN_LE00_IN,PLW,_T,_T,_T,_Z,_Z,_Z,2024,A,YR,
79.775,P1Y,0,,A,PU,_Z,2,,,True,WB_WDI,WB_WDI_SP_DYN_LE00_IN,PAN,_T,_T,_T,_Z,_Z,_Z,2024,A,YR,
66.256,P1Y,0,,A,PU,_Z,2,,,True,WB_WDI,WB_WDI_SP_DYN_LE00_IN,PNG,_T,_T,_T,_Z,_Z,_Z,2024,A,YR,
73.982,P1Y,0,,A,PU,_Z,2,,,True,WB_WDI,WB_WDI_SP_DYN_LE00_IN,PRY,_T,_T,_T,_Z,_Z,_Z,2024,A,YR,
77.941,P1Y,0,,A,PU,_Z,2,,,True,WB_WDI,WB_WDI_SP_DYN_LE00_IN,PER,_T,_T,_T,_Z,_Z,_Z,2024,A,YR,
69.946,P1Y,0,,A,PU,_Z,2,,,True,WB_WDI,WB_WDI_SP_DYN_LE00_IN,PHL,_T,_T,_T,_Z,_Z,_Z,2024,A,YR,
78.409756,P1Y,0,,A,PU,_Z,2,,,True,WB_WDI,WB_WDI_SP_DYN_LE00_IN,POL,_T,_T,_T,_Z,_Z,_Z,2024,A,YR,
82.382927,P1Y,0,,A,PU,_Z,2,,,True,WB_WDI,WB_WDI_SP_DYN_LE00_IN,PRT,_T,_T,_T,_Z,_Z,_Z,2024,A,YR,
68.739,P1Y,0,,A,PU,_Z,2,,,True,WB_WDI,WB_WDI_SP_DYN_LE00_IN,BOL,_T,_T,_T,_Z,_Z,_Z,2024,A,YR,
78.044,P1Y,0,,A,PU,_Z,2,,,True,WB_WDI,WB_WDI_SP_DYN_LE00_IN,BIH,_T,_T,_T,_Z,_Z,_Z,2024,A,YR,
69.293,P1Y,0,,A,PU,_Z,2,,,True,WB_WDI,WB_WDI_SP_DYN_LE00_IN,BWA,_T,_T,_T,_Z,_Z,_Z,2024,A,YR,
76.023,P1Y,0,,A,PU,_Z,2,,,True,WB_WDI,WB_WDI_SP_DYN_LE00_IN,BRA,_T,_T,_T,_Z,_Z,_Z,2024,A,YR,
77.431,P1Y,0,,A,PU,_Z,2,,,True,WB_WDI,WB_WDI_SP_DYN_LE00_IN,VGB,_T,_T,_T,_Z,_Z,_Z,2024,A,YR,
75.501,P1Y,0,,A,PU,_Z,2,,,True,WB_WDI,WB_WDI_SP_DYN_LE00_IN,BRN,_T,_T,_T,_Z,_Z,_Z,2024,A,YR,
75.760976,P1Y,0,,A,PU,_Z,2,,,True,WB_WDI,WB_WDI_SP_DYN_LE00_IN,BGR,_T,_T,_T,_Z,_Z,_Z,2024,A,YR,
61.292,P1Y,0,,A,PU,_Z,2,,,True,WB_WDI,WB_WDI_SP_DYN_LE00_IN,BFA,_T,_T,_T,_Z,_Z,_Z,2024,A,YR,
63.818,P1Y,0,,A,PU,_Z,2,,,True,WB_WDI,WB_WDI_SP_DYN_LE00_IN,BDI,_T,_T,_T,_Z,_Z,_Z,2024,A,YR,
76.224,P1Y,0,,A,PU,_Z,2,,,True,WB_WDI,WB_WDI_SP_DYN_LE00_IN,CPV,_T,_T,_T,_Z,_Z,_Z,2024,A,YR,
70.817,P1Y,0,,A,PU,_Z,2,,,True,WB_WDI,WB_WDI_SP_DYN_LE00_IN,KHM,_T,_T,_T,_Z,_Z,_Z,2024,A,YR,
63.968,P1Y,0,,A,PU,_Z,2,,,True,WB_WDI,WB_WDI_SP_DYN_LE00_IN,CMR,_T,_T,_T,_Z,_Z,_Z,2024,A,YR,
82.108049,P1Y,0,,A,PU,_Z,2,,,True,WB_WDI,WB_WDI_SP_DYN_LE00_IN,CAN,_T,_T,_T,_Z,_Z,_Z,2024,A,YR,
80.54,P1Y,0,,A,PU,_Z,2,,,True,WB_WDI,WB_WDI_SP_DYN_LE00_IN,CYM,_T,_T,_T,_Z,_Z,_Z,2024,A,YR,
57.671,P1Y,0,,A,PU,_Z,2,,,True,WB_WDI,WB_WDI_SP_DYN_LE00_IN,CAF,_T,_T,_T,_Z,_Z,_Z,2024,A,YR,
55.238,P1Y,0,,A,PU,_Z,2,,,True,WB_WDI,WB_WDI_SP_DYN_LE00_IN,TCD,_T,_T,_T,_Z,_Z,_Z,2024,A,YR,
64.082487,P1Y,0,,A,PU,_Z,2,,,False,WB_WDI,WB_WDI_SP_DYN_LE00_IN,LIC,_T,_T,_T,_Z,_Z,_Z,2022,A,YR,
69.030247,P1Y,0,,A,PU,_Z,2,,,False,WB_WDI,WB_WDI_SP_DYN_LE00_IN,LMC,_T,_T,_T,_Z,_Z,_Z,2022,A,YR,
71.691729,P1Y,0,,A,PU,_Z,2,,,False,WB_WDI,WB_WDI_SP_DYN_LE00_IN,MEA,_T,_T,_T,_Z,_Z,_Z,2022,A,YR,
71.005532,P1Y,0,,A,PU,_Z,2,,,False,WB_WDI,WB_WDI_SP_DYN_LE00_IN,MNA,_T,_T,_T,_Z,_Z,_Z,2022,A,YR,
70.965433,P1Y,0,,A,PU,_Z,2,,,False,WB_WDI,WB_WDI_SP_DYN_LE00_IN,TMN,_T,_T,_T,_Z,_Z,_Z,2022,A,YR,
72.503411,P1Y,0,,A,PU,_Z,2,,,False,WB_WDI,WB_WDI_SP_DYN_LE00_IN,MIC,_T,_T,_T,_Z,_Z,_Z,2022,A,YR,
77.817206,P1Y,0,,A,PU,_Z,2,,,False,WB_WDI,WB_WDI_SP_DYN_LE00_IN,NAC,_T,_T,_T,_Z,_Z,_Z,2022,A,YR,
79.517088,P1Y,0,,A,PU,_Z,2,,,False,WB_WDI,WB_WDI_SP_DYN_LE00_IN,OED,_T,_T,_T,_Z,_Z,_Z,2022,A,YR,
72.906221,P1Y,0,,A,PU,_Z,2,,,False,WB_WDI,WB_WDI_SP_DYN_LE00_IN,OSS,_T,_T,_T,_Z,_Z,_Z,2022,A,YR,
69.100435,P1Y,0,,A,PU,_Z,2,,,False,WB_WDI,WB_WDI_SP_DYN_LE00_IN,PSS,_T,_T,_T,_Z,_Z,_Z,2022,A,YR,
80.192559,P1Y,0,,A,PU,_Z,2,,,False,WB_WDI,WB_WDI_SP_DYN_LE00_IN,PST,_T,_T,_T,_Z,_Z,_Z,2022,A,YR,
61.382422,P1Y,0,,A,PU,_Z,2,,,False,WB_WDI,WB_WDI_SP_DYN_LE00_IN,PRE,_T,_T,_T,_Z,_Z,_Z,2022,A,YR,
72.380297,P1Y,0,,A,PU,_Z,2,,,False,WB_WDI,WB_WDI_SP_DYN_LE00_IN,SST,_T,_T,_T,_Z,_Z,_Z,2022,A,YR,
72.011573,P1Y,0,,A,PU,_Z,2,,,False,WB_WDI,WB_WDI_SP_DYN_LE00_IN,SAS,_T,_T,_T,_Z,_Z,_Z,2022,A,YR,
72.011573,P1Y,0,,A,PU,_Z,2,,,False,WB_WDI,WB_WDI_SP_DYN_LE00_IN,TSA,_T,_T,_T,_Z,_Z,_Z,2022,A,YR,
58.967,P1Y,0,,A,PU,_Z,2,,,True,WB_WDI,WB_WDI_SP_DYN_LE00_IN,SOM,_T,_T,_T,_Z,_Z,_Z,2024,A,YR,
66.312,P1Y,0,,A,PU,_Z,2,,,True,WB_WDI,WB_WDI_SP_DYN_LE00_IN,ZAF,_T,_T,_T,_Z,_Z,_Z,2024,A,YR,
57.738,P1Y,0,,A,PU,_Z,2,,,True,WB_WDI,WB_WDI_SP_DYN_LE00_IN,SSD,_T,_T,_T,_Z,_Z,_Z,2024,A,YR,
83.887805,P1Y,0,,A,PU,_Z,2,,,True,WB_WDI,WB_WDI_SP_DYN_LE00_IN,ESP,_T,_T,_T,_Z,_Z,_Z,2024,A,YR,
77.672,P1Y,0,,A,PU,_Z,2,,,True,WB_WDI,WB_WDI_SP_DYN_LE00_IN,LKA,_T,_T,_T,_Z,_Z,_Z,2024,A,YR,
72.281,P1Y,0,,A,PU,_Z,2,,,True,WB_WDI,WB_WDI_SP_DYN_LE00_IN,KNA,_T,_T,_T,_Z,_Z,_Z,2024,A,YR,
72.846,P1Y,0,,A,PU,_Z,2,,,True,WB_WDI,WB_WDI_SP_DYN_LE00_IN,LCA,_T,_T,_T,_Z,_Z,_Z,2024,A,YR,
80.438,P1Y,0,,A,PU,_Z,2,,,True,WB_WDI,WB_WDI_SP_DYN_LE00_IN,MAF,_T,_T,_T,_Z,_Z,_Z,2024,A,YR,
71.382,P1Y,0,,A,PU,_Z,2,,,True,WB_WDI,WB_WDI_SP_DYN_LE00_IN,VCT,_T,_T,_T,_Z,_Z,_Z,2024,A,YR,
66.521,P1Y,0,,A,PU,_Z,2,,,True,WB_WDI,WB_WDI_SP_DYN_LE00_IN,SDN,_T,_T,_T,_Z,_Z,_Z,2024,A,YR,
73.757,P1Y,0,,A,PU,_Z,2,,,True,WB_WDI,WB_WDI_SP_DYN_LE00_IN,SUR,_T,_T,_T,_Z,_Z,_Z,2024,A,YR,
84.063415,P1Y,0,,A,PU,_Z,2,,,True,WB_WDI,WB_WDI_SP_DYN_LE00_IN,SWE,_T,_T,_T,_Z,_Z,_Z,2024,A,YR,
84.407317,P1Y,0,,A,PU,_Z,2,,,True,WB_WDI,WB_WDI_SP_DYN_LE00_IN,CHE,_T,_T,_T,_Z,_Z,_Z,2024,A,YR,
72.56,P1Y,0,,A,PU,_Z,2,,,True,WB_WDI,WB_WDI_SP_DYN_LE00_IN,SYR,_T,_T,_T,_Z,_Z,_Z,2024,A,YR,
71.927,P1Y,0,,A,PU,_Z,2,,,True,WB_WDI,WB_WDI_SP_DYN_LE00_IN,TJK,_T,_T,_T,_Z,_Z,_Z,2024,A,YR,
67.212,P1Y,0,,A,PU,_Z,2,,,True,WB_WDI,WB_WDI_SP_DYN_LE00_IN,TZA,_T,_T,_T,_Z,_Z,_Z,2024,A,YR,
76.564,P1Y,0,,A,PU,_Z,2,,,True,WB_WDI,WB_WDI_SP_DYN_LE00_IN,THA,_T,_T,_T,_Z,_Z,_Z,2024,A,YR,
67.904,P1Y,0,,A,PU,_Z,2,,,True,WB_WDI,WB_WDI_SP_DYN_LE00_IN,TLS,_T,_T,_T,_Z,_Z,_Z,2024,A,YR,
68.629964,P1Y,0,,A,PU,_Z,2,,,False,WB_WDI,WB_WDI_SP_DYN_LE00_IN,TMN,_T,_T,_T,_Z,_Z,_Z,2011,A,YR,
70.04334,P1Y,0,,A,PU,_Z,2,,,False,WB_WDI,WB_WDI_SP_DYN_LE00_IN,MIC,_T,_T,_T,_Z,_Z,_Z,2011,A,YR,
78.923432,P1Y,0,,A,PU,_Z,2,,,False,WB_WDI,WB_WDI_SP_DYN_LE00_IN,NAC,_T,_T,_T,_Z,_Z,_Z,2011,A,YR,
79.268594,P1Y,0,,A,PU,_Z,2,,,False,WB_WDI,WB_WDI_SP_DYN_LE00_IN,OED,_T,_T,_T,_Z,_Z,_Z,2011,A,YR,
69.937344,P1Y,0,,A,PU,_Z,2,,,False,WB_WDI,WB_WDI_SP_DYN_LE00_IN,OSS,_T,_T,_T,_Z,_Z,_Z,2011,A,YR,
68.022281,P1Y,0,,A,PU,_Z,2,,,False,WB_WDI,WB_WDI_SP_DYN_LE00_IN,PSS,_T,_T,_T,_Z,_Z,_Z,2011,A,YR,
79.944382,P1Y,0,,A,PU,_Z,2,,,False,WB_WDI,WB_WDI_SP_DYN_LE00_IN,PST,_T,_T,_T,_Z,_Z,_Z,2011,A,YR,
57.311793,P1Y,0,,A,PU,_Z,2,,,False,WB_WDI,WB_WDI_SP_DYN_LE00_IN,PRE,_T,_T,_T,_Z,_Z,_Z,2011,A,YR,
70.001438,P1Y,0,,A,PU,_Z,2,,,False,WB_WDI,WB_WDI_SP_DYN_LE00_IN,SST,_T,_T,_T,_Z,_Z,_Z,2011,A,YR,
67.810839,P1Y,0,,A,PU,_Z,2,,,False,WB_WDI,WB_WDI_SP_DYN_LE00_IN,SAS,_T,_T,_T,_Z,_Z,_Z,2011,A,YR,
67.810839,P1Y,0,,A,PU,_Z,2,,,False,WB_WDI,WB_WDI_SP_DYN_LE00_IN,TSA,_T,_T,_T,_Z,_Z,_Z,2011,A,YR,
57.473464,P1Y,0,,A,PU,_Z,2,,,False,WB_WDI,WB_WDI_SP_DYN_LE00_IN,SSF,_T,_T,_T,_Z,_Z,_Z,2011,A,YR,
57.472013,P1Y,0,,A,PU,_Z,2,,,False,WB_WDI,WB_WDI_SP_DYN_LE00_IN,SSA,_T,_T,_T,_Z,_Z,_Z,2011,A,YR,
68.657826,P1Y,0,,A,PU,_Z,2,,,False,WB_WDI,WB_WDI_SP_DYN_LE00_IN,TMN,_T,_T,_T,_Z,_Z,_Z,2012,A,YR,
70.371442,P1Y,0,,A,PU,_Z,2,,,False,WB_WDI,WB_WDI_SP_DYN_LE00_IN,MIC,_T,_T,_T,_Z,_Z,_Z,2012,A,YR,
79.032225,P1Y,0,,A,PU,_Z,2,,,False,WB_WDI,WB_WDI_SP_DYN_LE00_IN,NAC,_T,_T,_T,_Z,_Z,_Z,2012,A,YR,
79.429886,P1Y,0,,A,PU,_Z,2,,,False,WB_WDI,WB_WDI_SP_DYN_LE00_IN,OED,_T,_T,_T,_Z,_Z,_Z,2012,A,YR,
70.392032,P1Y,0,,A,PU,_Z,2,,,False,WB_WDI,WB_WDI_SP_DYN_LE00_IN,OSS,_T,_T,_T,_Z,_Z,_Z,2012,A,YR,
67.666053,P1Y,0,,A,PU,_Z,2,,,False,WB_WDI,WB_WDI_SP_DYN_LE00_IN,PSS,_T,_T,_T,_Z,_Z,_Z,2012,A,YR,
80.088711,P1Y,0,,A,PU,_Z,2,,,False,WB_WDI,WB_WDI_SP_DYN_LE00_IN,PST,_T,_T,_T,_Z,_Z,_Z,2012,A,YR,
58.015497,P1Y,0,,A,PU,_Z,2,,,False,WB_WDI,WB_WDI_SP_DYN_LE00_IN,PRE,_T,_T,_T,_Z,_Z,_Z,2012,A,YR,
70.272596,P1Y,0,,A,PU,_Z,2,,,False,WB_WDI,WB_WDI_SP_DYN_LE00_IN,SST,_T,_T,_T,_Z,_Z,_Z,2012,A,YR,
68.262962,P1Y,0,,A,PU,_Z,2,,,False,WB_WDI,WB_WDI_SP_DYN_LE00_IN,SAS,_T,_T,_T,_Z,_Z,_Z,2012,A,YR,
68.262962,P1Y,0,,A,PU,_Z,2,,,False,WB_WDI,WB_WDI_SP_DYN_LE00_IN,TSA,_T,_T,_T,_Z,_Z,_Z,2012,A,YR,
58.228347,P1Y,0,,A,PU,_Z,2,,,False,WB_WDI,WB_WDI_SP_DYN_LE00_IN,SSF,_T,_T,_T,_Z,_Z,_Z,2012,A,YR,
58.226847,P1Y,0,,A,PU,_Z,2,,,False,WB_WDI,WB_WDI_SP_DYN_LE00_IN,SSA,_T,_T,_T,_Z,_Z,_Z,2012,A,YR,
80.743475,P1Y,0,,A,PU,_Z,2,,,False,WB_WDI,WB_WDI_SP_DYN_LE00_IN,PST,_T,_T,_T,_Z,_Z,_Z,2018,A,YR,
60.207194,P1Y,0,,A,PU,_Z,2,,,False,WB_WDI,WB_WDI_SP_DYN_LE00_IN,PRE,_T,_T,_T,_Z,_Z,_Z,2018,A,YR,
71.864074,P1Y,0,,A,PU,_Z,2,,,False,WB_WDI,WB_WDI_SP_DYN_LE00_IN,SST,_T,_T,_T,_Z,_Z,_Z,2018,A,YR,
70.652357,P1Y,0,,A,PU,_Z,2,,,False,WB_WDI,WB_WDI_SP_DYN_LE00_IN,SAS,_T,_T,_T,_Z,_Z,_Z,2018,A,YR,
70.652357,P1Y,0,,A,PU,_Z,2,,,False,WB_WDI,WB_WDI_SP_DYN_LE00_IN,TSA,_T,_T,_T,_Z,_Z,_Z,2018,A,YR,
60.766894,P1Y,0,,A,PU,_Z,2,,,False,WB_WDI,WB_WDI_SP_DYN_LE00_IN,SSF,_T,_T,_T,_Z,_Z,_Z,2018,A,YR,
60.765841,P1Y,0,,A,PU,_Z,2,,,False,WB_WDI,WB_WDI_SP_DYN_LE00_IN,SSA,_T,_T,_T,_Z,_Z,_Z,2018,A,YR,
60.766894,P1Y,0,,A,PU,_Z,2,,,False,WB_WDI,WB_WDI_SP_DYN_LE00_IN,TSS,_T,_T,_T,_Z,_Z,_Z,2018,A,YR,
75.551182,P1Y,0,,A,PU,_Z,2,,,False,WB_WDI,WB_WDI_SP_DYN_LE00_IN,UMC,_T,_T,_T,_Z,_Z,_Z,2018,A,YR,
72.644241,P1Y,0,,A,PU,_Z,2,,,False,WB_WDI,WB_WDI_SP_DYN_LE00_IN,WLD,_T,_T,_T,_Z,_Z,_Z,2018,A,YR,
62.443,P1Y,0,,A,PU,_Z,2,,,False,WB_WDI,WB_WDI_SP_DYN_LE00_IN,AFG,_T,_T,_T,_Z,_Z,_Z,2018,A,YR,
79.238,P1Y,0,,A,PU,_Z,2,,,False,WB_WDI,WB_WDI_SP_DYN_LE00_IN,ALB,_T,_T,_T,_Z,_Z,_Z,2018,A,YR,
66.416508,P1Y,0,,A,PU,_Z,2,,,False,WB_WDI,WB_WDI_SP_DYN_LE00_IN,TMN,_T,_T,_T,_Z,_Z,_Z,2003,A,YR,
67.488294,P1Y,0,,A,PU,_Z,2,,,False,WB_WDI,WB_WDI_SP_DYN_LE00_IN,MIC,_T,_T,_T,_Z,_Z,_Z,2003,A,YR,
77.30028,P1Y,0,,A,PU,_Z,2,,,False,WB_WDI,WB_WDI_SP_DYN_LE00_IN,NAC,_T,_T,_T,_Z,_Z,_Z,2003,A,YR,
77.426036,P1Y,0,,A,PU,_Z,2,,,False,WB_WDI,WB_WDI_SP_DYN_LE00_IN,OED,_T,_T,_T,_Z,_Z,_Z,2003,A,YR,
67.007308,P1Y,0,,A,PU,_Z,2,,,False,WB_WDI,WB_WDI_SP_DYN_LE00_IN,OSS,_T,_T,_T,_Z,_Z,_Z,2003,A,YR,
66.95993,P1Y,0,,A,PU,_Z,2,,,False,WB_WDI,WB_WDI_SP_DYN_LE00_IN,PSS,_T,_T,_T,_Z,_Z,_Z,2003,A,YR,
77.887348,P1Y,0,,A,PU,_Z,2,,,False,WB_WDI,WB_WDI_SP_DYN_LE00_IN,PST,_T,_T,_T,_Z,_Z,_Z,2003,A,YR,
53.292713,P1Y,0,,A,PU,_Z,2,,,False,WB_WDI,WB_WDI_SP_DYN_LE00_IN,PRE,_T,_T,_T,_Z,_Z,_Z,2003,A,YR,
67.51378,P1Y,0,,A,PU,_Z,2,,,False,WB_WDI,WB_WDI_SP_DYN_LE00_IN,SST,_T,_T,_T,_Z,_Z,_Z,2003,A,YR,
64.24083,P1Y,0,,A,PU,_Z,2,,,False,WB_WDI,WB_WDI_SP_DYN_LE00_IN,SAS,_T,_T,_T,_Z,_Z,_Z,2003,A,YR,
64.24083,P1Y,0,,A,PU,_Z,2,,,False,WB_WDI,WB_WDI_SP_DYN_LE00_IN,TSA,_T,_T,_T,_Z,_Z,_Z,2003,A,YR,
52.826133,P1Y,0,,A,PU,_Z,2,,,False,WB_WDI,WB_WDI_SP_DYN_LE00_IN,SSF,_T,_T,_T,_Z,_Z,_Z,2003,A,YR,
52.824091,P1Y,0,,A,PU,_Z,2,,,False,WB_WDI,WB_WDI_SP_DYN_LE00_IN,SSA,_T,_T,_T,_Z,_Z,_Z,2003,A,YR,
52.826133,P1Y,0,,A,PU,_Z,2,,,False,WB_WDI,WB_WDI_SP_DYN_LE00_IN,TSS,_T,_T,_T,_Z,_Z,_Z,2003,A,YR,
71.589077,P1Y,0,,A,PU,_Z,2,,,False,WB_WDI,WB_WDI_SP_DYN_LE00_IN,UMC,_T,_T,_T,_Z,_Z,_Z,2003,A,YR,
68.119993,P1Y,0,,A,PU,_Z,2,,,False,WB_WDI,WB_WDI_SP_DYN_LE00_IN,MIC,_T,_T,_T,_Z,_Z,_Z,2005,A,YR,
77.746238,P1Y,0,,A,PU,_Z,2,,,False,WB_WDI,WB_WDI_SP_DYN_LE00_IN,NAC,_T,_T,_T,_Z,_Z,_Z,2005,A,YR,
77.953987,P1Y,0,,A,PU,_Z,2,,,False,WB_WDI,WB_WDI_SP_DYN_LE00_IN,OED,_T,_T,_T,_Z,_Z,_Z,2005,A,YR,
67.557484,P1Y,0,,A,PU,_Z,2,,,False,WB_WDI,WB_WDI_SP_DYN_LE00_IN,OSS,_T,_T,_T,_Z,_Z,_Z,2005,A,YR,
67.233279,P1Y,0,,A,PU,_Z,2,,,False,WB_WDI,WB_WDI_SP_DYN_LE00_IN,PSS,_T,_T,_T,_Z,_Z,_Z,2005,A,YR,
78.410884,P1Y,0,,A,PU,_Z,2,,,False,WB_WDI,WB_WDI_SP_DYN_LE00_IN,PST,_T,_T,_T,_Z,_Z,_Z,2005,A,YR,
54.365082,P1Y,0,,A,PU,_Z,2,,,False,WB_WDI,WB_WDI_SP_DYN_LE00_IN,PRE,_T,_T,_T,_Z,_Z,_Z,2005,A,YR,
68.018422,P1Y,0,,A,PU,_Z,2,,,False,WB_WDI,WB_WDI_SP_DYN_LE00_IN,SST,_T,_T,_T,_Z,_Z,_Z,2005,A,YR,
65.131597,P1Y,0,,A,PU,_Z,2,,,False,WB_WDI,WB_WDI_SP_DYN_LE00_IN,SAS,_T,_T,_T,_Z,_Z,_Z,2005,A,YR,
65.131597,P1Y,0,,A,PU,_Z,2,,,False,WB_WDI,WB_WDI_SP_DYN_LE00_IN,TSA,_T,_T,_T,_Z,_Z,_Z,2005,A,YR,
53.892254,P1Y,0,,A,PU,_Z,2,,,False,WB_WDI,WB_WDI_SP_DYN_LE00_IN,SSF,_T,_T,_T,_Z,_Z,_Z,2005,A,YR,
53.890314,P1Y,0,,A,PU,_Z,2,,,False,WB_WDI,WB_WDI_SP_DYN_LE00_IN,SSA,_T,_T,_T,_Z,_Z,_Z,2005,A,YR,
53.892254,P1Y,0,,A,PU,_Z,2,,,False,WB_WDI,WB_WDI_SP_DYN_LE00_IN,TSS,_T,_T,_T,_Z,_Z,_Z,2005,A,YR,
72.201006,P1Y,0,,A,PU,_Z,2,,,False,WB_WDI,WB_WDI_SP_DYN_LE00_IN,UMC,_T,_T,_T,_Z,_Z,_Z,2005,A,YR,
46.034,P1Y,0,,A,PU,_Z,2,,,False,WB_WDI,WB_WDI_SP_DYN_LE00_IN,ZWE,_T,_T,_T,_Z,_Z,_Z,2000,A,YR,
52.875536,P1Y,0,,A,PU,_Z,2,,,False,WB_WDI,WB_WDI_SP_DYN_LE00_IN,AFE,_T,_T,_T,_Z,_Z,_Z,2001,A,YR,
50.672605,P1Y,0,,A,PU,_Z,2,,,False,WB_WDI,WB_WDI_SP_DYN_LE00_IN,AFW,_T,_T,_T,_Z,_Z,_Z,2001,A,YR,
67.240617,P1Y,0,,A,PU,_Z,2,,,False,WB_WDI,WB_WDI_SP_DYN_LE00_IN,ARB,_T,_T,_T,_Z,_Z,_Z,2001,A,YR,
68.661972,P1Y,0,,A,PU,_Z,2,,,False,WB_WDI,WB_WDI_SP_DYN_LE00_IN,CSS,_T,_T,_T,_Z,_Z,_Z,2001,A,YR,
73.096148,P1Y,0,,A,PU,_Z,2,,,False,WB_WDI,WB_WDI_SP_DYN_LE00_IN,CEB,_T,_T,_T,_Z,_Z,_Z,2001,A,YR,
64.556705,P1Y,0,,A,PU,_Z,2,,,False,WB_WDI,WB_WDI_SP_DYN_LE00_IN,EAR,_T,_T,_T,_Z,_Z,_Z,2001,A,YR,
72.041306,P1Y,0,,A,PU,_Z,2,,,False,WB_WDI,WB_WDI_SP_DYN_LE00_IN,EAS,_T,_T,_T,_Z,_Z,_Z,2001,A,YR,
71.074092,P1Y,0,,A,PU,_Z,2,,,False,WB_WDI,WB_WDI_SP_DYN_LE00_IN,EAP,_T,_T,_T,_Z,_Z,_Z,2001,A,YR,
71.207737,P1Y,0,,A,PU,_Z,2,,,False,WB_WDI,WB_WDI_SP_DYN_LE00_IN,TEA,_T,_T,_T,_Z,_Z,_Z,2001,A,YR,
78.381499,P1Y,0,,A,PU,_Z,2,,,False,WB_WDI,WB_WDI_SP_DYN_LE00_IN,EMU,_T,_T,_T,_Z,_Z,_Z,2001,A,YR,
73.355824,P1Y,0,,A,PU,_Z,2,,,False,WB_WDI,WB_WDI_SP_DYN_LE00_IN,ECS,_T,_T,_T,_Z,_Z,_Z,2001,A,YR,
69.090278,P1Y,0,,A,PU,_Z,2,,,False,WB_WDI,WB_WDI_SP_DYN_LE00_IN,ECA,_T,_T,_T,_Z,_Z,_Z,2001,A,YR,
68.508025,P1Y,0,,A,PU,_Z,2,,,False,WB_WDI,WB_WDI_SP_DYN_LE00_IN,TEC,_T,_T,_T,_Z,_Z,_Z,2001,A,YR,
77.425639,P1Y,0,,A,PU,_Z,2,,,False,WB_WDI,WB_WDI_SP_DYN_LE00_IN,EUU,_T,_T,_T,_Z,_Z,_Z,2001,A,YR,
68.003,P1Y,0,,A,PU,_Z,2,,,False,WB_WDI,WB_WDI_SP_DYN_LE00_IN,YEM,_T,_T,_T,_Z,_Z,_Z,2014,A,YR,
60.109,P1Y,0,,A,PU,_Z,2,,,False,WB_WDI,WB_WDI_SP_DYN_LE00_IN,ZMB,_T,_T,_T,_Z,_Z,_Z,2014,A,YR,
58.106,P1Y,0,,A,PU,_Z,2,,,False,WB_WDI,WB_WDI_SP_DYN_LE00_IN,ZWE,_T,_T,_T,_Z,_Z,_Z,2014,A,YR,
61.713031,P1Y,0,,A,PU,_Z,2,,,False,WB_WDI,WB_WDI_SP_DYN_LE00_IN,AFE,_T,_T,_T,_Z,_Z,_Z,2015,A,YR,
56.033996,P1Y,0,,A,PU,_Z,2,,,False,WB_WDI,WB_WDI_SP_DYN_LE00_IN,AFW,_T,_T,_T,_Z,_Z,_Z,2015,A,YR,
70.658012,P1Y,0,,A,PU,_Z,2,,,False,WB_WDI,WB_WDI_SP_DYN_LE00_IN,ARB,_T,_T,_T,_Z,_Z,_Z,2015,A,YR,
71.864102,P1Y,0,,A,PU,_Z,2,,,False,WB_WDI,WB_WDI_SP_DYN_LE00_IN,CSS,_T,_T,_T,_Z,_Z,_Z,2015,A,YR,
76.575512,P1Y,0,,A,PU,_Z,2,,,False,WB_WDI,WB_WDI_SP_DYN_LE00_IN,CEB,_T,_T,_T,_Z,_Z,_Z,2015,A,YR,
69.630548,P1Y,0,,A,PU,_Z,2,,,False,WB_WDI,WB_WDI_SP_DYN_LE00_IN,EAR,_T,_T,_T,_Z,_Z,_Z,2015,A,YR,
75.792601,P1Y,0,,A,PU,_Z,2,,,False,WB_WDI,WB_WDI_SP_DYN_LE00_IN,EAS,_T,_T,_T,_Z,_Z,_Z,2015,A,YR,
74.951124,P1Y,0,,A,PU,_Z,2,,,False,WB_WDI,WB_WDI_SP_DYN_LE00_IN,EAP,_T,_T,_T,_Z,_Z,_Z,2015,A,YR,
74.977777,P1Y,0,,A,PU,_Z,2,,,False,WB_WDI,WB_WDI_SP_DYN_LE00_IN,TEA,_T,_T,_T,_Z,_Z,_Z,2015,A,YR,
81.381553,P1Y,0,,A,PU,_Z,2,,,False,WB_WDI,WB_WDI_SP_DYN_LE00_IN,EMU,_T,_T,_T,_Z,_Z,_Z,2015,A,YR,
57.473464,P1Y,0,,A,PU,_Z,2,,,False,WB_WDI,WB_WDI_SP_DYN_LE00_IN,TSS,_T,_T,_T,_Z,_Z,_Z,2011,A,YR,
73.908118,P1Y,0,,A,PU,_Z,2,,,False,WB_WDI,WB_WDI_SP_DYN_LE00_IN,UMC,_T,_T,_T,_Z,_Z,_Z,2011,A,YR,
70.968803,P1Y,0,,A,PU,_Z,2,,,False,WB_WDI,WB_WDI_SP_DYN_LE00_IN,WLD,_T,_T,_T,_Z,_Z,_Z,2011,A,YR,
61.25,P1Y,0,,A,PU,_Z,2,,,False,WB_WDI,WB_WDI_SP_DYN_LE00_IN,AFG,_T,_T,_T,_Z,_Z,_Z,2011,A,YR,
78.303,P1Y,0,,A,PU,_Z,2,,,False,WB_WDI,WB_WDI_SP_DYN_LE00_IN,ALB,_T,_T,_T,_Z,_Z,_Z,2011,A,YR,
74.383,P1Y,0,,A,PU,_Z,2,,,False,WB_WDI,WB_WDI_SP_DYN_LE00_IN,DZA,_T,_T,_T,_Z,_Z,_Z,2011,A,YR,
72.662,P1Y,0,,A,PU,_Z,2,,,False,WB_WDI,WB_WDI_SP_DYN_LE00_IN,ASM,_T,_T,_T,_Z,_Z,_Z,2011,A,YR,
84.296,P1Y,0,,A,PU,_Z,2,,,False,WB_WDI,WB_WDI_SP_DYN_LE00_IN,AND,_T,_T,_T,_Z,_Z,_Z,2011,A,YR,
58.093,P1Y,0,,A,PU,_Z,2,,,False,WB_WDI,WB_WDI_SP_DYN_LE00_IN,AGO,_T,_T,_T,_Z,_Z,_Z,2011,A,YR,
77.023,P1Y,0,,A,PU,_Z,2,,,False,WB_WDI,WB_WDI_SP_DYN_LE00_IN,ATG,_T,_T,_T,_Z,_Z,_Z,2011,A,YR,
76.1,P1Y,0,,A,PU,_Z,2,,,False,WB_WDI,WB_WDI_SP_DYN_LE00_IN,ARG,_T,_T,_T,_Z,_Z,_Z,2011,A,YR,
73.817073,P1Y,0,,A,PU,_Z,2,,,False,WB_WDI,WB_WDI_SP_DYN_LE00_IN,ARM,_T,_T,_T,_Z,_Z,_Z,2011,A,YR,
74.578,P1Y,0,,A,PU,_Z,2,,,False,WB_WDI,WB_WDI_SP_DYN_LE00_IN,ABW,_T,_T,_T,_Z,_Z,_Z,2011,A,YR,
69.729,P1Y,0,,A,PU,_Z,2,,,False,WB_WDI,WB_WDI_SP_DYN_LE00_IN,VUT,_T,_T,_T,_Z,_Z,_Z,2011,A,YR,
73.09,P1Y,0,,A,PU,_Z,2,,,False,WB_WDI,WB_WDI_SP_DYN_LE00_IN,VEN,_T,_T,_T,_Z,_Z,_Z,2011,A,YR,
73.713,P1Y,0,,A,PU,_Z,2,,,False,WB_WDI,WB_WDI_SP_DYN_LE00_IN,VNM,_T,_T,_T,_Z,_Z,_Z,2011,A,YR,
78.317073,P1Y,0,,A,PU,_Z,2,,,False,WB_WDI,WB_WDI_SP_DYN_LE00_IN,VIR,_T,_T,_T,_Z,_Z,_Z,2011,A,YR,
73.557,P1Y,0,,A,PU,_Z,2,,,False,WB_WDI,WB_WDI_SP_DYN_LE00_IN,PSE,_T,_T,_T,_Z,_Z,_Z,2011,A,YR,
67.412,P1Y,0,,A,PU,_Z,2,,,False,WB_WDI,WB_WDI_SP_DYN_LE00_IN,YEM,_T,_T,_T,_Z,_Z,_Z,2011,A,YR,
57.843,P1Y,0,,A,PU,_Z,2,,,False,WB_WDI,WB_WDI_SP_DYN_LE00_IN,ZMB,_T,_T,_T,_Z,_Z,_Z,2011,A,YR,
53.911,P1Y,0,,A,PU,_Z,2,,,False,WB_WDI,WB_WDI_SP_DYN_LE00_IN,ZWE,_T,_T,_T,_Z,_Z,_Z,2011,A,YR,
60.249512,P1Y,0,,A,PU,_Z,2,,,False,WB_WDI,WB_WDI_SP_DYN_LE00_IN,AFE,_T,_T,_T,_Z,_Z,_Z,2012,A,YR,
55.289856,P1Y,0,,A,PU,_Z,2,,,False,WB_WDI,WB_WDI_SP_DYN_LE00_IN,AFW,_T,_T,_T,_Z,_Z,_Z,2012,A,YR,
69.842317,P1Y,0,,A,PU,_Z,2,,,False,WB_WDI,WB_WDI_SP_DYN_LE00_IN,ARB,_T,_T,_T,_Z,_Z,_Z,2012,A,YR,
71.401914,P1Y,0,,A,PU,_Z,2,,,False,WB_WDI,WB_WDI_SP_DYN_LE00_IN,CSS,_T,_T,_T,_Z,_Z,_Z,2012,A,YR,
76.003394,P1Y,0,,A,PU,_Z,2,,,False,WB_WDI,WB_WDI_SP_DYN_LE00_IN,CEB,_T,_T,_T,_Z,_Z,_Z,2012,A,YR,
75.811,P1Y,0,,A,PU,_Z,2,,,False,WB_WDI,WB_WDI_SP_DYN_LE00_IN,PSE,_T,_T,_T,_Z,_Z,_Z,2019,A,YR,
66.567,P1Y,0,,A,PU,_Z,2,,,False,WB_WDI,WB_WDI_SP_DYN_LE00_IN,YEM,_T,_T,_T,_Z,_Z,_Z,2019,A,YR,
62.914,P1Y,0,,A,PU,_Z,2,,,False,WB_WDI,WB_WDI_SP_DYN_LE00_IN,ZMB,_T,_T,_T,_Z,_Z,_Z,2019,A,YR,
61.06,P1Y,0,,A,PU,_Z,2,,,False,WB_WDI,WB_WDI_SP_DYN_LE00_IN,ZWE,_T,_T,_T,_Z,_Z,_Z,2019,A,YR,
63.766484,P1Y,0,,A,PU,_Z,2,,,False,WB_WDI,WB_WDI_SP_DYN_LE00_IN,AFE,_T,_T,_T,_Z,_Z,_Z,2020,A,YR,
57.357709,P1Y,0,,A,PU,_Z,2,,,False,WB_WDI,WB_WDI_SP_DYN_LE00_IN,AFW,_T,_T,_T,_Z,_Z,_Z,2020,A,YR,
70.726559,P1Y,0,,A,PU,_Z,2,,,False,WB_WDI,WB_WDI_SP_DYN_LE00_IN,ARB,_T,_T,_T,_Z,_Z,_Z,2020,A,YR,
71.939436,P1Y,0,,A,PU,_Z,2,,,False,WB_WDI,WB_WDI_SP_DYN_LE00_IN,CSS,_T,_T,_T,_Z,_Z,_Z,2020,A,YR,
76.01627,P1Y,0,,A,PU,_Z,2,,,False,WB_WDI,WB_WDI_SP_DYN_LE00_IN,CEB,_T,_T,_T,_Z,_Z,_Z,2020,A,YR,
69.880131,P1Y,0,,A,PU,_Z,2,,,False,WB_WDI,WB_WDI_SP_DYN_LE00_IN,EAR,_T,_T,_T,_Z,_Z,_Z,2020,A,YR,
76.543395,P1Y,0,,A,PU,_Z,2,,,False,WB_WDI,WB_WDI_SP_DYN_LE00_IN,EAS,_T,_T,_T,_Z,_Z,_Z,2020,A,YR,
75.697639,P1Y,0,,A,PU,_Z,2,,,False,WB_WDI,WB_WDI_SP_DYN_LE00_IN,EAP,_T,_T,_T,_Z,_Z,_Z,2020,A,YR,
75.73385,P1Y,0,,A,PU,_Z,2,,,False,WB_WDI,WB_WDI_SP_DYN_LE00_IN,TEA,_T,_T,_T,_Z,_Z,_Z,2020,A,YR,
81.336693,P1Y,0,,A,PU,_Z,2,,,False,WB_WDI,WB_WDI_SP_DYN_LE00_IN,EMU,_T,_T,_T,_Z,_Z,_Z,2020,A,YR,
81.94,P1Y,0,,A,PU,_Z,2,,,False,WB_WDI,WB_WDI_SP_DYN_LE00_IN,CAN,_T,_T,_T,_Z,_Z,_Z,2016,A,YR,
78.367,P1Y,0,,A,PU,_Z,2,,,False,WB_WDI,WB_WDI_SP_DYN_LE00_IN,CYM,_T,_T,_T,_Z,_Z,_Z,2016,A,YR,
50.999,P1Y,0,,A,PU,_Z,2,,,False,WB_WDI,WB_WDI_SP_DYN_LE00_IN,CAF,_T,_T,_T,_Z,_Z,_Z,2016,A,YR,
51.603,P1Y,0,,A,PU,_Z,2,,,False,WB_WDI,WB_WDI_SP_DYN_LE00_IN,TCD,_T,_T,_T,_Z,_Z,_Z,2016,A,YR,
81.2,P1Y,0,,A,PU,_Z,2,,,False,WB_WDI,WB_WDI_SP_DYN_LE00_IN,CHI,_T,_T,_T,_Z,_Z,_Z,2016,A,YR,
80.295,P1Y,0,,A,PU,_Z,2,,,False,WB_WDI,WB_WDI_SP_DYN_LE00_IN,CHL,_T,_T,_T,_Z,_Z,_Z,2016,A,YR,
77.214,P1Y,0,,A,PU,_Z,2,,,False,WB_WDI,WB_WDI_SP_DYN_LE00_IN,CHN,_T,_T,_T,_Z,_Z,_Z,2016,A,YR,
76.228,P1Y,0,,A,PU,_Z,2,,,False,WB_WDI,WB_WDI_SP_DYN_LE00_IN,COL,_T,_T,_T,_Z,_Z,_Z,2016,A,YR,
64.792,P1Y,0,,A,PU,_Z,2,,,False,WB_WDI,WB_WDI_SP_DYN_LE00_IN,COM,_T,_T,_T,_Z,_Z,_Z,2016,A,YR,
59.081,P1Y,0,,A,PU,_Z,2,,,False,WB_WDI,WB_WDI_SP_DYN_LE00_IN,COD,_T,_T,_T,_Z,_Z,_Z,2016,A,YR,
63.911,P1Y,0,,A,PU,_Z,2,,,False,WB_WDI,WB_WDI_SP_DYN_LE00_IN,COG,_T,_T,_T,_Z,_Z,_Z,2016,A,YR,
79.988,P1Y,0,,A,PU,_Z,2,,,False,WB_WDI,WB_WDI_SP_DYN_LE00_IN,CRI,_T,_T,_T,_Z,_Z,_Z,2016,A,YR,
53.534082,P1Y,0,,A,PU,_Z,2,,,False,WB_WDI,WB_WDI_SP_DYN_LE00_IN,HPC,_T,_T,_T,_Z,_Z,_Z,2001,A,YR,
76.314714,P1Y,0,,A,PU,_Z,2,,,False,WB_WDI,WB_WDI_SP_DYN_LE00_IN,HIC,_T,_T,_T,_Z,_Z,_Z,2001,A,YR,
68.584714,P1Y,0,,A,PU,_Z,2,,,False,WB_WDI,WB_WDI_SP_DYN_LE00_IN,IBD,_T,_T,_T,_Z,_Z,_Z,2001,A,YR,
65.967577,P1Y,0,,A,PU,_Z,2,,,False,WB_WDI,WB_WDI_SP_DYN_LE00_IN,IBT,_T,_T,_T,_Z,_Z,_Z,2001,A,YR,
55.889906,P1Y,0,,A,PU,_Z,2,,,False,WB_WDI,WB_WDI_SP_DYN_LE00_IN,IDB,_T,_T,_T,_Z,_Z,_Z,2001,A,YR,
57.409584,P1Y,0,,A,PU,_Z,2,,,False,WB_WDI,WB_WDI_SP_DYN_LE00_IN,IDX,_T,_T,_T,_Z,_Z,_Z,2001,A,YR,
56.879858,P1Y,0,,A,PU,_Z,2,,,False,WB_WDI,WB_WDI_SP_DYN_LE00_IN,IDA,_T,_T,_T,_Z,_Z,_Z,2001,A,YR,
71.627493,P1Y,0,,A,PU,_Z,2,,,False,WB_WDI,WB_WDI_SP_DYN_LE00_IN,LTE,_T,_T,_T,_Z,_Z,_Z,2001,A,YR,
71.150546,P1Y,0,,A,PU,_Z,2,,,False,WB_WDI,WB_WDI_SP_DYN_LE00_IN,LCN,_T,_T,_T,_Z,_Z,_Z,2001,A,YR,
70.824668,P1Y,0,,A,PU,_Z,2,,,False,WB_WDI,WB_WDI_SP_DYN_LE00_IN,LAC,_T,_T,_T,_Z,_Z,_Z,2001,A,YR,
70.995237,P1Y,0,,A,PU,_Z,2,,,False,WB_WDI,WB_WDI_SP_DYN_LE00_IN,TLA,_T,_T,_T,_Z,_Z,_Z,2001,A,YR,
55.985816,P1Y,0,,A,PU,_Z,2,,,False,WB_WDI,WB_WDI_SP_DYN_LE00_IN,LDC,_T,_T,_T,_Z,_Z,_Z,2001,A,YR,
65.825201,P1Y,0,,A,PU,_Z,2,,,False,WB_WDI,WB_WDI_SP_DYN_LE00_IN,LMY,_T,_T,_T,_Z,_Z,_Z,2001,A,YR,
54.097762,P1Y,0,,A,PU,_Z,2,,,False,WB_WDI,WB_WDI_SP_DYN_LE00_IN,LIC,_T,_T,_T,_Z,_Z,_Z,2001,A,YR,
60.701,P1Y,0,,A,PU,_Z,2,,,False,WB_WDI,WB_WDI_SP_DYN_LE00_IN,NRU,_T,_T,_T,_Z,_Z,_Z,2013,A,YR,
67.598,P1Y,0,,A,PU,_Z,2,,,False,WB_WDI,WB_WDI_SP_DYN_LE00_IN,NPL,_T,_T,_T,_Z,_Z,_Z,2013,A,YR,
81.304878,P1Y,0,,A,PU,_Z,2,,,False,WB_WDI,WB_WDI_SP_DYN_LE00_IN,NLD,_T,_T,_T,_Z,_Z,_Z,2013,A,YR,
76.867,P1Y,0,,A,PU,_Z,2,,,False,WB_WDI,WB_WDI_SP_DYN_LE00_IN,NCL,_T,_T,_T,_Z,_Z,_Z,2013,A,YR,
81.404878,P1Y,0,,A,PU,_Z,2,,,False,WB_WDI,WB_WDI_SP_DYN_LE00_IN,NZL,_T,_T,_T,_Z,_Z,_Z,2013,A,YR,
72.551,P1Y,0,,A,PU,_Z,2,,,False,WB_WDI,WB_WDI_SP_DYN_LE00_IN,NIC,_T,_T,_T,_Z,_Z,_Z,2013,A,YR,
58.364,P1Y,0,,A,PU,_Z,2,,,False,WB_WDI,WB_WDI_SP_DYN_LE00_IN,NER,_T,_T,_T,_Z,_Z,_Z,2013,A,YR,
51.827,P1Y,0,,A,PU,_Z,2,,,False,WB_WDI,WB_WDI_SP_DYN_LE00_IN,NGA,_T,_T,_T,_Z,_Z,_Z,2013,A,YR,
75.4,P1Y,0,,A,PU,_Z,2,,,False,WB_WDI,WB_WDI_SP_DYN_LE00_IN,MKD,_T,_T,_T,_Z,_Z,_Z,2013,A,YR,
77.452,P1Y,0,,A,PU,_Z,2,,,False,WB_WDI,WB_WDI_SP_DYN_LE00_IN,MNP,_T,_T,_T,_Z,_Z,_Z,2013,A,YR,
81.75122,P1Y,0,,A,PU,_Z,2,,,False,WB_WDI,WB_WDI_SP_DYN_LE00_IN,NOR,_T,_T,_T,_Z,_Z,_Z,2013,A,YR,
78.633,P1Y,0,,A,PU,_Z,2,,,False,WB_WDI,WB_WDI_SP_DYN_LE00_IN,OMN,_T,_T,_T,_Z,_Z,_Z,2013,A,YR,
51.98332,P1Y,0,,A,PU,_Z,2,,,False,WB_WDI,WB_WDI_SP_DYN_LE00_IN,SSA,_T,_T,_T,_Z,_Z,_Z,2001,A,YR,
51.98579,P1Y,0,,A,PU,_Z,2,,,False,WB_WDI,WB_WDI_SP_DYN_LE00_IN,TSS,_T,_T,_T,_Z,_Z,_Z,2001,A,YR,
71.057454,P1Y,0,,A,PU,_Z,2,,,False,WB_WDI,WB_WDI_SP_DYN_LE00_IN,UMC,_T,_T,_T,_Z,_Z,_Z,2001,A,YR,
67.945185,P1Y,0,,A,PU,_Z,2,,,False,WB_WDI,WB_WDI_SP_DYN_LE00_IN,WLD,_T,_T,_T,_Z,_Z,_Z,2001,A,YR,
55.511,P1Y,0,,A,PU,_Z,2,,,False,WB_WDI,WB_WDI_SP_DYN_LE00_IN,AFG,_T,_T,_T,_Z,_Z,_Z,2001,A,YR,
75.083,P1Y,0,,A,PU,_Z,2,,,False,WB_WDI,WB_WDI_SP_DYN_LE00_IN,ALB,_T,_T,_T,_Z,_Z,_Z,2001,A,YR,
71.025,P1Y,0,,A,PU,_Z,2,,,False,WB_WDI,WB_WDI_SP_DYN_LE00_IN,DZA,_T,_T,_T,_Z,_Z,_Z,2001,A,YR,
71.573,P1Y,0,,A,PU,_Z,2,,,False,WB_WDI,WB_WDI_SP_DYN_LE00_IN,ASM,_T,_T,_T,_Z,_Z,_Z,2001,A,YR,
82.162,P1Y,0,,A,PU,_Z,2,,,False,WB_WDI,WB_WDI_SP_DYN_LE00_IN,AND,_T,_T,_T,_Z,_Z,_Z,2001,A,YR,
47.032,P1Y,0,,A,PU,_Z,2,,,False,WB_WDI,WB_WDI_SP_DYN_LE00_IN,AGO,_T,_T,_T,_Z,_Z,_Z,2001,A,YR,
75.108,P1Y,0,,A,PU,_Z,2,,,False,WB_WDI,WB_WDI_SP_DYN_LE00_IN,ATG,_T,_T,_T,_Z,_Z,_Z,2001,A,YR,
74.154,P1Y,0,,A,PU,_Z,2,,,False,WB_WDI,WB_WDI_SP_DYN_LE00_IN,ARG,_T,_T,_T,_Z,_Z,_Z,2001,A,YR,
72.97561,P1Y,0,,A,PU,_Z,2,,,False,WB_WDI,WB_WDI_SP_DYN_LE00_IN,ARM,_T,_T,_T,_Z,_Z,_Z,2001,A,YR,
73.044,P1Y,0,,A,PU,_Z,2,,,False,WB_WDI,WB_WDI_SP_DYN_LE00_IN,ABW,_T,_T,_T,_Z,_Z,_Z,2001,A,YR,
79.634146,P1Y,0,,A,PU,_Z,2,,,False,WB_WDI,WB_WDI_SP_DYN_LE00_IN,AUS,_T,_T,_T,_Z,_Z,_Z,2001,A,YR,
78.57561,P1Y,0,,A,PU,_Z,2,,,False,WB_WDI,WB_WDI_SP_DYN_LE00_IN,AUT,_T,_T,_T,_Z,_Z,_Z,2001,A,YR,
76.836585,P1Y,0,,A,PU,_Z,2,,,False,WB_WDI,WB_WDI_SP_DYN_LE00_IN,USA,_T,_T,_T,_Z,_Z,_Z,2001,A,YR,
74.987,P1Y,0,,A,PU,_Z,2,,,False,WB_WDI,WB_WDI_SP_DYN_LE00_IN,URY,_T,_T,_T,_Z,_Z,_Z,2001,A,YR,
65.853,P1Y,0,,A,PU,_Z,2,,,False,WB_WDI,WB_WDI_SP_DYN_LE00_IN,UZB,_T,_T,_T,_Z,_Z,_Z,2001,A,YR,
68.722,P1Y,0,,A,PU,_Z,2,,,False,WB_WDI,WB_WDI_SP_DYN_LE00_IN,VUT,_T,_T,_T,_Z,_Z,_Z,2001,A,YR,
71.019,P1Y,0,,A,PU,_Z,2,,,False,WB_WDI,WB_WDI_SP_DYN_LE00_IN,VEN,_T,_T,_T,_Z,_Z,_Z,2001,A,YR,
72.984,P1Y,0,,A,PU,_Z,2,,,False,WB_WDI,WB_WDI_SP_DYN_LE00_IN,VNM,_T,_T,_T,_Z,_Z,_Z,2001,A,YR,
77.621951,P1Y,0,,A,PU,_Z,2,,,False,WB_WDI,WB_WDI_SP_DYN_LE00_IN,VIR,_T,_T,_T,_Z,_Z,_Z,2001,A,YR,
69.75,P1Y,0,,A,PU,_Z,2,,,False,WB_WDI,WB_WDI_SP_DYN_LE00_IN,PSE,_T,_T,_T,_Z,_Z,_Z,2001,A,YR,
63.286,P1Y,0,,A,PU,_Z,2,,,False,WB_WDI,WB_WDI_SP_DYN_LE00_IN,YEM,_T,_T,_T,_Z,_Z,_Z,2001,A,YR,
47.408,P1Y,0,,A,PU,_Z,2,,,False,WB_WDI,WB_WDI_SP_DYN_LE00_IN,ZMB,_T,_T,_T,_Z,_Z,_Z,2001,A,YR,
44.525,P1Y,0,,A,PU,_Z,2,,,False,WB_WDI,WB_WDI_SP_DYN_LE00_IN,ZWE,_T,_T,_T,_Z,_Z,_Z,2001,A,YR,
53.206744,P1Y,0,,A,PU,_Z,2,,,False,WB_WDI,WB_WDI_SP_DYN_LE00_IN,AFE,_T,_T,_T,_Z,_Z,_Z,2002,A,YR,
51.103015,P1Y,0,,A,PU,_Z,2,,,False,WB_WDI,WB_WDI_SP_DYN_LE00_IN,AFW,_T,_T,_T,_Z,_Z,_Z,2002,A,YR,
67.58063,P1Y,0,,A,PU,_Z,2,,,False,WB_WDI,WB_WDI_SP_DYN_LE00_IN,ARB,_T,_T,_T,_Z,_Z,_Z,2002,A,YR,
68.899714,P1Y,0,,A,PU,_Z,2,,,False,WB_WDI,WB_WDI_SP_DYN_LE00_IN,CSS,_T,_T,_T,_Z,_Z,_Z,2002,A,YR,
59.578,P1Y,0,,A,PU,_Z,2,,,False,WB_WDI,WB_WDI_SP_DYN_LE00_IN,BFA,_T,_T,_T,_Z,_Z,_Z,2017,A,YR,
61.345,P1Y,0,,A,PU,_Z,2,,,False,WB_WDI,WB_WDI_SP_DYN_LE00_IN,BDI,_T,_T,_T,_Z,_Z,_Z,2017,A,YR,
74.71,P1Y,0,,A,PU,_Z,2,,,False,WB_WDI,WB_WDI_SP_DYN_LE00_IN,CPV,_T,_T,_T,_Z,_Z,_Z,2017,A,YR,
69.842,P1Y,0,,A,PU,_Z,2,,,False,WB_WDI,WB_WDI_SP_DYN_LE00_IN,KHM,_T,_T,_T,_Z,_Z,_Z,2017,A,YR,
60.817,P1Y,0,,A,PU,_Z,2,,,False,WB_WDI,WB_WDI_SP_DYN_LE00_IN,CMR,_T,_T,_T,_Z,_Z,_Z,2017,A,YR,
81.807805,P1Y,0,,A,PU,_Z,2,,,False,WB_WDI,WB_WDI_SP_DYN_LE00_IN,CAN,_T,_T,_T,_Z,_Z,_Z,2017,A,YR,
78.615,P1Y,0,,A,PU,_Z,2,,,False,WB_WDI,WB_WDI_SP_DYN_LE00_IN,CYM,_T,_T,_T,_Z,_Z,_Z,2017,A,YR,
45.231,P1Y,0,,A,PU,_Z,2,,,False,WB_WDI,WB_WDI_SP_DYN_LE00_IN,CAF,_T,_T,_T,_Z,_Z,_Z,2017,A,YR,
51.875,P1Y,0,,A,PU,_Z,2,,,False,WB_WDI,WB_WDI_SP_DYN_LE00_IN,TCD,_T,_T,_T,_Z,_Z,_Z,2017,A,YR,
81,P1Y,0,,A,PU,_Z,2,,,False,WB_WDI,WB_WDI_SP_DYN_LE00_IN,CHI,_T,_T,_T,_Z,_Z,_Z,2017,A,YR,
80.61,P1Y,0,,A,PU,_Z,2,,,False,WB_WDI,WB_WDI_SP_DYN_LE00_IN,CHL,_T,_T,_T,_Z,_Z,_Z,2017,A,YR,
77.235,P1Y,0,,A,PU,_Z,2,,,False,WB_WDI,WB_WDI_SP_DYN_LE00_IN,CHN,_T,_T,_T,_Z,_Z,_Z,2017,A,YR,
58.331,P1Y,0,,A,PU,_Z,2,,,False,WB_WDI,WB_WDI_SP_DYN_LE00_IN,BFA,_T,_T,_T,_Z,_Z,_Z,2014,A,YR,
59.764,P1Y,0,,A,PU,_Z,2,,,False,WB_WDI,WB_WDI_SP_DYN_LE00_IN,BDI,_T,_T,_T,_Z,_Z,_Z,2014,A,YR,
73.788,P1Y,0,,A,PU,_Z,2,,,False,WB_WDI,WB_WDI_SP_DYN_LE00_IN,CPV,_T,_T,_T,_Z,_Z,_Z,2014,A,YR,
69.117,P1Y,0,,A,PU,_Z,2,,,False,WB_WDI,WB_WDI_SP_DYN_LE00_IN,KHM,_T,_T,_T,_Z,_Z,_Z,2014,A,YR,
59.13,P1Y,0,,A,PU,_Z,2,,,False,WB_WDI,WB_WDI_SP_DYN_LE00_IN,CMR,_T,_T,_T,_Z,_Z,_Z,2014,A,YR,
81.78439,P1Y,0,,A,PU,_Z,2,,,False,WB_WDI,WB_WDI_SP_DYN_LE00_IN,CAN,_T,_T,_T,_Z,_Z,_Z,2014,A,YR,
77.865,P1Y,0,,A,PU,_Z,2,,,False,WB_WDI,WB_WDI_SP_DYN_LE00_IN,CYM,_T,_T,_T,_Z,_Z,_Z,2014,A,YR,
40.265,P1Y,0,,A,PU,_Z,2,,,False,WB_WDI,WB_WDI_SP_DYN_LE00_IN,CAF,_T,_T,_T,_Z,_Z,_Z,2014,A,YR,
51.141,P1Y,0,,A,PU,_Z,2,,,False,WB_WDI,WB_WDI_SP_DYN_LE00_IN,TCD,_T,_T,_T,_Z,_Z,_Z,2014,A,YR,
81.6,P1Y,0,,A,PU,_Z,2,,,False,WB_WDI,WB_WDI_SP_DYN_LE00_IN,CHI,_T,_T,_T,_Z,_Z,_Z,2014,A,YR,
79.714,P1Y,0,,A,PU,_Z,2,,,False,WB_WDI,WB_WDI_SP_DYN_LE00_IN,CHL,_T,_T,_T,_Z,_Z,_Z,2014,A,YR,
76.714,P1Y,0,,A,PU,_Z,2,,,False,WB_WDI,WB_WDI_SP_DYN_LE00_IN,CHN,_T,_T,_T,_Z,_Z,_Z,2014,A,YR,
51.94,P1Y,0,,A,PU,_Z,2,,,False,WB_WDI,WB_WDI_SP_DYN_LE00_IN,NGA,_T,_T,_T,_Z,_Z,_Z,2014,A,YR,
75.45122,P1Y,0,,A,PU,_Z,2,,,False,WB_WDI,WB_WDI_SP_DYN_LE00_IN,MKD,_T,_T,_T,_Z,_Z,_Z,2014,A,YR,
77.377,P1Y,0,,A,PU,_Z,2,,,False,WB_WDI,WB_WDI_SP_DYN_LE00_IN,MNP,_T,_T,_T,_Z,_Z,_Z,2014,A,YR,
82.1,P1Y,0,,A,PU,_Z,2,,,False,WB_WDI,WB_WDI_SP_DYN_LE00_IN,NOR,_T,_T,_T,_Z,_Z,_Z,2014,A,YR,
79.03,P1Y,0,,A,PU,_Z,2,,,False,WB_WDI,WB_WDI_SP_DYN_LE00_IN,OMN,_T,_T,_T,_Z,_Z,_Z,2014,A,YR,
65.374,P1Y,0,,A,PU,_Z,2,,,False,WB_WDI,WB_WDI_SP_DYN_LE00_IN,PAK,_T,_T,_T,_Z,_Z,_Z,2014,A,YR,
69.062,P1Y,0,,A,PU,_Z,2,,,False,WB_WDI,WB_WDI_SP_DYN_LE00_IN,PLW,_T,_T,_T,_Z,_Z,_Z,2014,A,YR,
77.365,P1Y,0,,A,PU,_Z,2,,,False,WB_WDI,WB_WDI_SP_DYN_LE00_IN,PAN,_T,_T,_T,_Z,_Z,_Z,2014,A,YR,
64.198,P1Y,0,,A,PU,_Z,2,,,False,WB_WDI,WB_WDI_SP_DYN_LE00_IN,PNG,_T,_T,_T,_Z,_Z,_Z,2014,A,YR,
73.415,P1Y,0,,A,PU,_Z,2,,,False,WB_WDI,WB_WDI_SP_DYN_LE00_IN,PRY,_T,_T,_T,_Z,_Z,_Z,2014,A,YR,
75.26,P1Y,0,,A,PU,_Z,2,,,False,WB_WDI,WB_WDI_SP_DYN_LE00_IN,PER,_T,_T,_T,_Z,_Z,_Z,2014,A,YR,
79.362439,P1Y,0,,A,PU,_Z,2,,,False,WB_WDI,WB_WDI_SP_DYN_LE00_IN,EUU,_T,_T,_T,_Z,_Z,_Z,2009,A,YR,
58.240222,P1Y,0,,A,PU,_Z,2,,,False,WB_WDI,WB_WDI_SP_DYN_LE00_IN,HPC,_T,_T,_T,_Z,_Z,_Z,2009,A,YR,
78.40498,P1Y,0,,A,PU,_Z,2,,,False,WB_WDI,WB_WDI_SP_DYN_LE00_IN,HIC,_T,_T,_T,_Z,_Z,_Z,2009,A,YR,
71.160213,P1Y,0,,A,PU,_Z,2,,,False,WB_WDI,WB_WDI_SP_DYN_LE00_IN,IBD,_T,_T,_T,_Z,_Z,_Z,2009,A,YR,
68.587973,P1Y,0,,A,PU,_Z,2,,,False,WB_WDI,WB_WDI_SP_DYN_LE00_IN,IBT,_T,_T,_T,_Z,_Z,_Z,2009,A,YR,
58.750784,P1Y,0,,A,PU,_Z,2,,,False,WB_WDI,WB_WDI_SP_DYN_LE00_IN,IDB,_T,_T,_T,_Z,_Z,_Z,2009,A,YR,
61.537147,P1Y,0,,A,PU,_Z,2,,,False,WB_WDI,WB_WDI_SP_DYN_LE00_IN,IDX,_T,_T,_T,_Z,_Z,_Z,2009,A,YR,
60.555092,P1Y,0,,A,PU,_Z,2,,,False,WB_WDI,WB_WDI_SP_DYN_LE00_IN,IDA,_T,_T,_T,_Z,_Z,_Z,2009,A,YR,
74.34816,P1Y,0,,A,PU,_Z,2,,,False,WB_WDI,WB_WDI_SP_DYN_LE00_IN,LTE,_T,_T,_T,_Z,_Z,_Z,2009,A,YR,
73.442262,P1Y,0,,A,PU,_Z,2,,,False,WB_WDI,WB_WDI_SP_DYN_LE00_IN,LCN,_T,_T,_T,_Z,_Z,_Z,2009,A,YR,
73.163729,P1Y,0,,A,PU,_Z,2,,,False,WB_WDI,WB_WDI_SP_DYN_LE00_IN,LAC,_T,_T,_T,_Z,_Z,_Z,2009,A,YR,
73.324824,P1Y,0,,A,PU,_Z,2,,,False,WB_WDI,WB_WDI_SP_DYN_LE00_IN,TLA,_T,_T,_T,_Z,_Z,_Z,2009,A,YR,
60.574356,P1Y,0,,A,PU,_Z,2,,,False,WB_WDI,WB_WDI_SP_DYN_LE00_IN,LDC,_T,_T,_T,_Z,_Z,_Z,2009,A,YR,
68.482651,P1Y,0,,A,PU,_Z,2,,,False,WB_WDI,WB_WDI_SP_DYN_LE00_IN,LMY,_T,_T,_T,_Z,_Z,_Z,2009,A,YR,
66.001,P1Y,0,,A,PU,_Z,2,,,False,WB_WDI,WB_WDI_SP_DYN_LE00_IN,SEN,_T,_T,_T,_Z,_Z,_Z,2014,A,YR,
75.336585,P1Y,0,,A,PU,_Z,2,,,False,WB_WDI,WB_WDI_SP_DYN_LE00_IN,SRB,_T,_T,_T,_Z,_Z,_Z,2014,A,YR,
73.229268,P1Y,0,,A,PU,_Z,2,,,False,WB_WDI,WB_WDI_SP_DYN_LE00_IN,SYC,_T,_T,_T,_Z,_Z,_Z,2014,A,YR,
54.281,P1Y,0,,A,PU,_Z,2,,,False,WB_WDI,WB_WDI_SP_DYN_LE00_IN,SLE,_T,_T,_T,_Z,_Z,_Z,2014,A,YR,
82.495122,P1Y,0,,A,PU,_Z,2,,,False,WB_WDI,WB_WDI_SP_DYN_LE00_IN,SGP,_T,_T,_T,_Z,_Z,_Z,2014,A,YR,
75.735,P1Y,0,,A,PU,_Z,2,,,False,WB_WDI,WB_WDI_SP_DYN_LE00_IN,SXM,_T,_T,_T,_Z,_Z,_Z,2014,A,YR,
76.812195,P1Y,0,,A,PU,_Z,2,,,False,WB_WDI,WB_WDI_SP_DYN_LE00_IN,SVK,_T,_T,_T,_Z,_Z,_Z,2014,A,YR,
81.078049,P1Y,0,,A,PU,_Z,2,,,False,WB_WDI,WB_WDI_SP_DYN_LE00_IN,SVN,_T,_T,_T,_Z,_Z,_Z,2014,A,YR,
68.984,P1Y,0,,A,PU,_Z,2,,,False,WB_WDI,WB_WDI_SP_DYN_LE00_IN,SLB,_T,_T,_T,_Z,_Z,_Z,2014,A,YR,
54.442,P1Y,0,,A,PU,_Z,2,,,False,WB_WDI,WB_WDI_SP_DYN_LE00_IN,SOM,_T,_T,_T,_Z,_Z,_Z,2014,A,YR,
63.184,P1Y,0,,A,PU,_Z,2,,,False,WB_WDI,WB_WDI_SP_DYN_LE00_IN,ZAF,_T,_T,_T,_Z,_Z,_Z,2014,A,YR,
77.47,P1Y,0,,A,PU,_Z,2,,,False,WB_WDI,WB_WDI_SP_DYN_LE00_IN,MNP,_T,_T,_T,_Z,_Z,_Z,2017,A,YR,
82.609756,P1Y,0,,A,PU,_Z,2,,,False,WB_WDI,WB_WDI_SP_DYN_LE00_IN,NOR,_T,_T,_T,_Z,_Z,_Z,2017,A,YR,
79.748,P1Y,0,,A,PU,_Z,2,,,False,WB_WDI,WB_WDI_SP_DYN_LE00_IN,OMN,_T,_T,_T,_Z,_Z,_Z,2017,A,YR,
66.223,P1Y,0,,A,PU,_Z,2,,,False,WB_WDI,WB_WDI_SP_DYN_LE00_IN,PAK,_T,_T,_T,_Z,_Z,_Z,2017,A,YR,
69.019,P1Y,0,,A,PU,_Z,2,,,False,WB_WDI,WB_WDI_SP_DYN_LE00_IN,PLW,_T,_T,_T,_Z,_Z,_Z,2017,A,YR,
77.901,P1Y,0,,A,PU,_Z,2,,,False,WB_WDI,WB_WDI_SP_DYN_LE00_IN,PAN,_T,_T,_T,_Z,_Z,_Z,2017,A,YR,
64.923,P1Y,0,,A,PU,_Z,2,,,False,WB_WDI,WB_WDI_SP_DYN_LE00_IN,PNG,_T,_T,_T,_Z,_Z,_Z,2017,A,YR,
73.45,P1Y,0,,A,PU,_Z,2,,,False,WB_WDI,WB_WDI_SP_DYN_LE00_IN,PRY,_T,_T,_T,_Z,_Z,_Z,2017,A,YR,
75.958,P1Y,0,,A,PU,_Z,2,,,False,WB_WDI,WB_WDI_SP_DYN_LE00_IN,PER,_T,_T,_T,_Z,_Z,_Z,2017,A,YR,
69.966,P1Y,0,,A,PU,_Z,2,,,False,WB_WDI,WB_WDI_SP_DYN_LE00_IN,PHL,_T,_T,_T,_Z,_Z,_Z,2017,A,YR,
77.753659,P1Y,0,,A,PU,_Z,2,,,False,WB_WDI,WB_WDI_SP_DYN_LE00_IN,POL,_T,_T,_T,_Z,_Z,_Z,2017,A,YR,
59.630564,P1Y,0,,A,PU,_Z,2,,,False,WB_WDI,WB_WDI_SP_DYN_LE00_IN,IDB,_T,_T,_T,_Z,_Z,_Z,2012,A,YR,
62.962469,P1Y,0,,A,PU,_Z,2,,,False,WB_WDI,WB_WDI_SP_DYN_LE00_IN,IDX,_T,_T,_T,_Z,_Z,_Z,2012,A,YR,
61.783614,P1Y,0,,A,PU,_Z,2,,,False,WB_WDI,WB_WDI_SP_DYN_LE00_IN,IDA,_T,_T,_T,_Z,_Z,_Z,2012,A,YR,
75.299365,P1Y,0,,A,PU,_Z,2,,,False,WB_WDI,WB_WDI_SP_DYN_LE00_IN,LTE,_T,_T,_T,_Z,_Z,_Z,2012,A,YR,
74.164394,P1Y,0,,A,PU,_Z,2,,,False,WB_WDI,WB_WDI_SP_DYN_LE00_IN,LCN,_T,_T,_T,_Z,_Z,_Z,2012,A,YR,
73.904642,P1Y,0,,A,PU,_Z,2,,,False,WB_WDI,WB_WDI_SP_DYN_LE00_IN,LAC,_T,_T,_T,_Z,_Z,_Z,2012,A,YR,
74.053143,P1Y,0,,A,PU,_Z,2,,,False,WB_WDI,WB_WDI_SP_DYN_LE00_IN,TLA,_T,_T,_T,_Z,_Z,_Z,2012,A,YR,
62.227673,P1Y,0,,A,PU,_Z,2,,,False,WB_WDI,WB_WDI_SP_DYN_LE00_IN,LDC,_T,_T,_T,_Z,_Z,_Z,2012,A,YR,
69.467275,P1Y,0,,A,PU,_Z,2,,,False,WB_WDI,WB_WDI_SP_DYN_LE00_IN,LMY,_T,_T,_T,_Z,_Z,_Z,2012,A,YR,
60.645343,P1Y,0,,A,PU,_Z,2,,,False,WB_WDI,WB_WDI_SP_DYN_LE00_IN,LIC,_T,_T,_T,_Z,_Z,_Z,2012,A,YR,
65.931213,P1Y,0,,A,PU,_Z,2,,,False,WB_WDI,WB_WDI_SP_DYN_LE00_IN,LMC,_T,_T,_T,_Z,_Z,_Z,2012,A,YR,
69.455125,P1Y,0,,A,PU,_Z,2,,,False,WB_WDI,WB_WDI_SP_DYN_LE00_IN,MEA,_T,_T,_T,_Z,_Z,_Z,2012,A,YR,
68.691331,P1Y,0,,A,PU,_Z,2,,,False,WB_WDI,WB_WDI_SP_DYN_LE00_IN,MNA,_T,_T,_T,_Z,_Z,_Z,2012,A,YR,
53.874,P1Y,0,,A,PU,_Z,2,,,False,WB_WDI,WB_WDI_SP_DYN_LE00_IN,LSO,_T,_T,_T,_Z,_Z,_Z,2017,A,YR,
60.777,P1Y,0,,A,PU,_Z,2,,,False,WB_WDI,WB_WDI_SP_DYN_LE00_IN,LBR,_T,_T,_T,_Z,_Z,_Z,2017,A,YR,
72.721,P1Y,0,,A,PU,_Z,2,,,False,WB_WDI,WB_WDI_SP_DYN_LE00_IN,LBY,_T,_T,_T,_Z,_Z,_Z,2017,A,YR,
83.746341,P1Y,0,,A,PU,_Z,2,,,False,WB_WDI,WB_WDI_SP_DYN_LE00_IN,LIE,_T,_T,_T,_Z,_Z,_Z,2017,A,YR,
75.480488,P1Y,0,,A,PU,_Z,2,,,False,WB_WDI,WB_WDI_SP_DYN_LE00_IN,LTU,_T,_T,_T,_Z,_Z,_Z,2017,A,YR,
82.095122,P1Y,0,,A,PU,_Z,2,,,False,WB_WDI,WB_WDI_SP_DYN_LE00_IN,LUX,_T,_T,_T,_Z,_Z,_Z,2017,A,YR,
83.526829,P1Y,0,,A,PU,_Z,2,,,False,WB_WDI,WB_WDI_SP_DYN_LE00_IN,MAC,_T,_T,_T,_Z,_Z,_Z,2017,A,YR,
63.433,P1Y,0,,A,PU,_Z,2,,,False,WB_WDI,WB_WDI_SP_DYN_LE00_IN,MDG,_T,_T,_T,_Z,_Z,_Z,2017,A,YR,
63.914,P1Y,0,,A,PU,_Z,2,,,False,WB_WDI,WB_WDI_SP_DYN_LE00_IN,MWI,_T,_T,_T,_Z,_Z,_Z,2017,A,YR,
75.542,P1Y,0,,A,PU,_Z,2,,,False,WB_WDI,WB_WDI_SP_DYN_LE00_IN,MYS,_T,_T,_T,_Z,_Z,_Z,2017,A,YR,
79.228,P1Y,0,,A,PU,_Z,2,,,False,WB_WDI,WB_WDI_SP_DYN_LE00_IN,MDV,_T,_T,_T,_Z,_Z,_Z,2017,A,YR,
58.562,P1Y,0,,A,PU,_Z,2,,,False,WB_WDI,WB_WDI_SP_DYN_LE00_IN,MLI,_T,_T,_T,_Z,_Z,_Z,2017,A,YR,
83.346341,P1Y,0,,A,PU,_Z,2,,,False,WB_WDI,WB_WDI_SP_DYN_LE00_IN,ITA,_T,_T,_T,_Z,_Z,_Z,2018,A,YR,
71.606,P1Y,0,,A,PU,_Z,2,,,False,WB_WDI,WB_WDI_SP_DYN_LE00_IN,JAM,_T,_T,_T,_Z,_Z,_Z,2018,A,YR,
84.210976,P1Y,0,,A,PU,_Z,2,,,False,WB_WDI,WB_WDI_SP_DYN_LE00_IN,JPN,_T,_T,_T,_Z,_Z,_Z,2018,A,YR,
76.491,P1Y,0,,A,PU,_Z,2,,,False,WB_WDI,WB_WDI_SP_DYN_LE00_IN,JOR,_T,_T,_T,_Z,_Z,_Z,2018,A,YR,
73.369,P1Y,0,,A,PU,_Z,2,,,False,WB_WDI,WB_WDI_SP_DYN_LE00_IN,KAZ,_T,_T,_T,_Z,_Z,_Z,2018,A,YR,
62.825,P1Y,0,,A,PU,_Z,2,,,False,WB_WDI,WB_WDI_SP_DYN_LE00_IN,KEN,_T,_T,_T,_Z,_Z,_Z,2018,A,YR,
65.807,P1Y,0,,A,PU,_Z,2,,,False,WB_WDI,WB_WDI_SP_DYN_LE00_IN,KIR,_T,_T,_T,_Z,_Z,_Z,2018,A,YR,
73.02,P1Y,0,,A,PU,_Z,2,,,False,WB_WDI,WB_WDI_SP_DYN_LE00_IN,PRK,_T,_T,_T,_Z,_Z,_Z,2018,A,YR,
82.626829,P1Y,0,,A,PU,_Z,2,,,False,WB_WDI,WB_WDI_SP_DYN_LE00_IN,KOR,_T,_T,_T,_Z,_Z,_Z,2018,A,YR,
77.117,P1Y,0,,A,PU,_Z,2,,,False,WB_WDI,WB_WDI_SP_DYN_LE00_IN,XKX,_T,_T,_T,_Z,_Z,_Z,2018,A,YR,
80.106366,P1Y,0,,A,PU,_Z,2,,,False,WB_WDI,WB_WDI_SP_DYN_LE00_IN,KWT,_T,_T,_T,_Z,_Z,_Z,2018,A,YR,
71.4,P1Y,0,,A,PU,_Z,2,,,False,WB_WDI,WB_WDI_SP_DYN_LE00_IN,KGZ,_T,_T,_T,_Z,_Z,_Z,2018,A,YR,
59.179,P1Y,0,,A,PU,_Z,2,,,False,WB_WDI,WB_WDI_SP_DYN_LE00_IN,BDI,_T,_T,_T,_Z,_Z,_Z,2013,A,YR,
73.481,P1Y,0,,A,PU,_Z,2,,,False,WB_WDI,WB_WDI_SP_DYN_LE00_IN,CPV,_T,_T,_T,_Z,_Z,_Z,2013,A,YR,
68.755,P1Y,0,,A,PU,_Z,2,,,False,WB_WDI,WB_WDI_SP_DYN_LE00_IN,KHM,_T,_T,_T,_Z,_Z,_Z,2013,A,YR,
58.73,P1Y,0,,A,PU,_Z,2,,,False,WB_WDI,WB_WDI_SP_DYN_LE00_IN,CMR,_T,_T,_T,_Z,_Z,_Z,2013,A,YR,
81.744878,P1Y,0,,A,PU,_Z,2,,,False,WB_WDI,WB_WDI_SP_DYN_LE00_IN,CAN,_T,_T,_T,_Z,_Z,_Z,2013,A,YR,
77.652,P1Y,0,,A,PU,_Z,2,,,False,WB_WDI,WB_WDI_SP_DYN_LE00_IN,CYM,_T,_T,_T,_Z,_Z,_Z,2013,A,YR,
49.487,P1Y,0,,A,PU,_Z,2,,,False,WB_WDI,WB_WDI_SP_DYN_LE00_IN,CAF,_T,_T,_T,_Z,_Z,_Z,2013,A,YR,
51.051,P1Y,0,,A,PU,_Z,2,,,False,WB_WDI,WB_WDI_SP_DYN_LE00_IN,TCD,_T,_T,_T,_Z,_Z,_Z,2013,A,YR,
81.5,P1Y,0,,A,PU,_Z,2,,,False,WB_WDI,WB_WDI_SP_DYN_LE00_IN,CHI,_T,_T,_T,_Z,_Z,_Z,2013,A,YR,
79.551,P1Y,0,,A,PU,_Z,2,,,False,WB_WDI,WB_WDI_SP_DYN_LE00_IN,CHL,_T,_T,_T,_Z,_Z,_Z,2013,A,YR,
76.452,P1Y,0,,A,PU,_Z,2,,,False,WB_WDI,WB_WDI_SP_DYN_LE00_IN,CHN,_T,_T,_T,_Z,_Z,_Z,2013,A,YR,
75.834,P1Y,0,,A,PU,_Z,2,,,False,WB_WDI,WB_WDI_SP_DYN_LE00_IN,COL,_T,_T,_T,_Z,_Z,_Z,2013,A,YR,
69.172756,P1Y,0,,A,PU,_Z,2,,,False,WB_WDI,WB_WDI_SP_DYN_LE00_IN,IBD,_T,_T,_T,_Z,_Z,_Z,2003,A,YR,
66.587756,P1Y,0,,A,PU,_Z,2,,,False,WB_WDI,WB_WDI_SP_DYN_LE00_IN,IBT,_T,_T,_T,_Z,_Z,_Z,2003,A,YR,
56.635913,P1Y,0,,A,PU,_Z,2,,,False,WB_WDI,WB_WDI_SP_DYN_LE00_IN,IDB,_T,_T,_T,_Z,_Z,_Z,2003,A,YR,
58.489559,P1Y,0,,A,PU,_Z,2,,,False,WB_WDI,WB_WDI_SP_DYN_LE00_IN,IDX,_T,_T,_T,_Z,_Z,_Z,2003,A,YR,
57.842641,P1Y,0,,A,PU,_Z,2,,,False,WB_WDI,WB_WDI_SP_DYN_LE00_IN,IDA,_T,_T,_T,_Z,_Z,_Z,2003,A,YR,
72.34204,P1Y,0,,A,PU,_Z,2,,,False,WB_WDI,WB_WDI_SP_DYN_LE00_IN,LTE,_T,_T,_T,_Z,_Z,_Z,2003,A,YR,
71.878308,P1Y,0,,A,PU,_Z,2,,,False,WB_WDI,WB_WDI_SP_DYN_LE00_IN,LCN,_T,_T,_T,_Z,_Z,_Z,2003,A,YR,
71.573674,P1Y,0,,A,PU,_Z,2,,,False,WB_WDI,WB_WDI_SP_DYN_LE00_IN,LAC,_T,_T,_T,_Z,_Z,_Z,2003,A,YR,
71.719941,P1Y,0,,A,PU,_Z,2,,,False,WB_WDI,WB_WDI_SP_DYN_LE00_IN,TLA,_T,_T,_T,_Z,_Z,_Z,2003,A,YR,
57.174352,P1Y,0,,A,PU,_Z,2,,,False,WB_WDI,WB_WDI_SP_DYN_LE00_IN,LDC,_T,_T,_T,_Z,_Z,_Z,2003,A,YR,
66.520694,P1Y,0,,A,PU,_Z,2,,,False,WB_WDI,WB_WDI_SP_DYN_LE00_IN,LMY,_T,_T,_T,_Z,_Z,_Z,2003,A,YR,
55.64679,P1Y,0,,A,PU,_Z,2,,,False,WB_WDI,WB_WDI_SP_DYN_LE00_IN,LIC,_T,_T,_T,_Z,_Z,_Z,2003,A,YR,
62.35686,P1Y,0,,A,PU,_Z,2,,,False,WB_WDI,WB_WDI_SP_DYN_LE00_IN,LMC,_T,_T,_T,_Z,_Z,_Z,2003,A,YR,
67.083794,P1Y,0,,A,PU,_Z,2,,,False,WB_WDI,WB_WDI_SP_DYN_LE00_IN,MEA,_T,_T,_T,_Z,_Z,_Z,2003,A,YR,
66.445553,P1Y,0,,A,PU,_Z,2,,,False,WB_WDI,WB_WDI_SP_DYN_LE00_IN,MNA,_T,_T,_T,_Z,_Z,_Z,2003,A,YR,
72.895,P1Y,0,,A,PU,_Z,2,,,False,WB_WDI,WB_WDI_SP_DYN_LE00_IN,IRN,_T,_T,_T,_Z,_Z,_Z,2006,A,YR,
64.029,P1Y,0,,A,PU,_Z,2,,,False,WB_WDI,WB_WDI_SP_DYN_LE00_IN,IRQ,_T,_T,_T,_Z,_Z,_Z,2006,A,YR,
79.241463,P1Y,0,,A,PU,_Z,2,,,False,WB_WDI,WB_WDI_SP_DYN_LE00_IN,IRL,_T,_T,_T,_Z,_Z,_Z,2006,A,YR,
77.971,P1Y,0,,A,PU,_Z,2,,,False,WB_WDI,WB_WDI_SP_DYN_LE00_IN,IMN,_T,_T,_T,_Z,_Z,_Z,2006,A,YR,
80.553659,P1Y,0,,A,PU,_Z,2,,,False,WB_WDI,WB_WDI_SP_DYN_LE00_IN,ISR,_T,_T,_T,_Z,_Z,_Z,2006,A,YR,
81.282927,P1Y,0,,A,PU,_Z,2,,,False,WB_WDI,WB_WDI_SP_DYN_LE00_IN,ITA,_T,_T,_T,_Z,_Z,_Z,2006,A,YR,
71.395,P1Y,0,,A,PU,_Z,2,,,False,WB_WDI,WB_WDI_SP_DYN_LE00_IN,JAM,_T,_T,_T,_Z,_Z,_Z,2006,A,YR,
82.321951,P1Y,0,,A,PU,_Z,2,,,False,WB_WDI,WB_WDI_SP_DYN_LE00_IN,JPN,_T,_T,_T,_Z,_Z,_Z,2006,A,YR,
73.225,P1Y,0,,A,PU,_Z,2,,,False,WB_WDI,WB_WDI_SP_DYN_LE00_IN,JOR,_T,_T,_T,_Z,_Z,_Z,2006,A,YR,
65.722,P1Y,0,,A,PU,_Z,2,,,False,WB_WDI,WB_WDI_SP_DYN_LE00_IN,KAZ,_T,_T,_T,_Z,_Z,_Z,2006,A,YR,
59.059,P1Y,0,,A,PU,_Z,2,,,False,WB_WDI,WB_WDI_SP_DYN_LE00_IN,KEN,_T,_T,_T,_Z,_Z,_Z,2006,A,YR,
65.601,P1Y,0,,A,PU,_Z,2,,,False,WB_WDI,WB_WDI_SP_DYN_LE00_IN,KIR,_T,_T,_T,_Z,_Z,_Z,2006,A,YR,
74.297662,P1Y,0,,A,PU,_Z,2,,,False,WB_WDI,WB_WDI_SP_DYN_LE00_IN,TEC,_T,_T,_T,_Z,_Z,_Z,2018,A,YR,
81.030343,P1Y,0,,A,PU,_Z,2,,,False,WB_WDI,WB_WDI_SP_DYN_LE00_IN,EUU,_T,_T,_T,_Z,_Z,_Z,2018,A,YR,
62.800805,P1Y,0,,A,PU,_Z,2,,,False,WB_WDI,WB_WDI_SP_DYN_LE00_IN,HPC,_T,_T,_T,_Z,_Z,_Z,2018,A,YR,
79.965975,P1Y,0,,A,PU,_Z,2,,,False,WB_WDI,WB_WDI_SP_DYN_LE00_IN,HIC,_T,_T,_T,_Z,_Z,_Z,2018,A,YR,
73.794944,P1Y,0,,A,PU,_Z,2,,,False,WB_WDI,WB_WDI_SP_DYN_LE00_IN,IBD,_T,_T,_T,_Z,_Z,_Z,2018,A,YR,
71.154312,P1Y,0,,A,PU,_Z,2,,,False,WB_WDI,WB_WDI_SP_DYN_LE00_IN,IBT,_T,_T,_T,_Z,_Z,_Z,2018,A,YR,
61.074054,P1Y,0,,A,PU,_Z,2,,,False,WB_WDI,WB_WDI_SP_DYN_LE00_IN,IDB,_T,_T,_T,_Z,_Z,_Z,2018,A,YR,
65.17624,P1Y,0,,A,PU,_Z,2,,,False,WB_WDI,WB_WDI_SP_DYN_LE00_IN,IDX,_T,_T,_T,_Z,_Z,_Z,2018,A,YR,
63.732427,P1Y,0,,A,PU,_Z,2,,,False,WB_WDI,WB_WDI_SP_DYN_LE00_IN,IDA,_T,_T,_T,_Z,_Z,_Z,2018,A,YR,
76.778149,P1Y,0,,A,PU,_Z,2,,,False,WB_WDI,WB_WDI_SP_DYN_LE00_IN,LTE,_T,_T,_T,_Z,_Z,_Z,2018,A,YR,
75.052717,P1Y,0,,A,PU,_Z,2,,,False,WB_WDI,WB_WDI_SP_DYN_LE00_IN,LCN,_T,_T,_T,_Z,_Z,_Z,2018,A,YR,
74.778447,P1Y,0,,A,PU,_Z,2,,,False,WB_WDI,WB_WDI_SP_DYN_LE00_IN,LAC,_T,_T,_T,_Z,_Z,_Z,2018,A,YR,
53.491,P1Y,0,,A,PU,_Z,2,,,False,WB_WDI,WB_WDI_SP_DYN_LE00_IN,SWZ,_T,_T,_T,_Z,_Z,_Z,2014,A,YR,
62.927,P1Y,0,,A,PU,_Z,2,,,False,WB_WDI,WB_WDI_SP_DYN_LE00_IN,ETH,_T,_T,_T,_Z,_Z,_Z,2014,A,YR,
81.591205,P1Y,0,,A,PU,_Z,2,,,False,WB_WDI,WB_WDI_SP_DYN_LE00_IN,FRO,_T,_T,_T,_Z,_Z,_Z,2014,A,YR,
66.581,P1Y,0,,A,PU,_Z,2,,,False,WB_WDI,WB_WDI_SP_DYN_LE00_IN,FJI,_T,_T,_T,_Z,_Z,_Z,2014,A,YR,
81.180488,P1Y,0,,A,PU,_Z,2,,,False,WB_WDI,WB_WDI_SP_DYN_LE00_IN,FIN,_T,_T,_T,_Z,_Z,_Z,2014,A,YR,
82.719512,P1Y,0,,A,PU,_Z,2,,,False,WB_WDI,WB_WDI_SP_DYN_LE00_IN,FRA,_T,_T,_T,_Z,_Z,_Z,2014,A,YR,
82.151,P1Y,0,,A,PU,_Z,2,,,False,WB_WDI,WB_WDI_SP_DYN_LE00_IN,PYF,_T,_T,_T,_Z,_Z,_Z,2014,A,YR,
66.07,P1Y,0,,A,PU,_Z,2,,,False,WB_WDI,WB_WDI_SP_DYN_LE00_IN,GAB,_T,_T,_T,_Z,_Z,_Z,2014,A,YR,
62.576,P1Y,0,,A,PU,_Z,2,,,False,WB_WDI,WB_WDI_SP_DYN_LE00_IN,GMB,_T,_T,_T,_Z,_Z,_Z,2014,A,YR,
73.105,P1Y,0,,A,PU,_Z,2,,,False,WB_WDI,WB_WDI_SP_DYN_LE00_IN,GEO,_T,_T,_T,_Z,_Z,_Z,2014,A,YR,
81.090244,P1Y,0,,A,PU,_Z,2,,,False,WB_WDI,WB_WDI_SP_DYN_LE00_IN,DEU,_T,_T,_T,_Z,_Z,_Z,2014,A,YR,
62.832,P1Y,0,,A,PU,_Z,2,,,False,WB_WDI,WB_WDI_SP_DYN_LE00_IN,GHA,_T,_T,_T,_Z,_Z,_Z,2014,A,YR,
81.560976,P1Y,0,,A,PU,_Z,2,,,False,WB_WDI,WB_WDI_SP_DYN_LE00_IN,NLD,_T,_T,_T,_Z,_Z,_Z,2016,A,YR,
77.359,P1Y,0,,A,PU,_Z,2,,,False,WB_WDI,WB_WDI_SP_DYN_LE00_IN,NCL,_T,_T,_T,_Z,_Z,_Z,2016,A,YR,
81.658537,P1Y,0,,A,PU,_Z,2,,,False,WB_WDI,WB_WDI_SP_DYN_LE00_IN,NZL,_T,_T,_T,_Z,_Z,_Z,2016,A,YR,
73.18,P1Y,0,,A,PU,_Z,2,,,False,WB_WDI,WB_WDI_SP_DYN_LE00_IN,NIC,_T,_T,_T,_Z,_Z,_Z,2016,A,YR,
59.228,P1Y,0,,A,PU,_Z,2,,,False,WB_WDI,WB_WDI_SP_DYN_LE00_IN,NER,_T,_T,_T,_Z,_Z,_Z,2016,A,YR,
52.189,P1Y,0,,A,PU,_Z,2,,,False,WB_WDI,WB_WDI_SP_DYN_LE00_IN,NGA,_T,_T,_T,_Z,_Z,_Z,2016,A,YR,
75.4,P1Y,0,,A,PU,_Z,2,,,False,WB_WDI,WB_WDI_SP_DYN_LE00_IN,MKD,_T,_T,_T,_Z,_Z,_Z,2016,A,YR,
77.392,P1Y,0,,A,PU,_Z,2,,,False,WB_WDI,WB_WDI_SP_DYN_LE00_IN,MNP,_T,_T,_T,_Z,_Z,_Z,2016,A,YR,
82.407317,P1Y,0,,A,PU,_Z,2,,,False,WB_WDI,WB_WDI_SP_DYN_LE00_IN,NOR,_T,_T,_T,_Z,_Z,_Z,2016,A,YR,
79.581,P1Y,0,,A,PU,_Z,2,,,False,WB_WDI,WB_WDI_SP_DYN_LE00_IN,OMN,_T,_T,_T,_Z,_Z,_Z,2016,A,YR,
65.943,P1Y,0,,A,PU,_Z,2,,,False,WB_WDI,WB_WDI_SP_DYN_LE00_IN,PAK,_T,_T,_T,_Z,_Z,_Z,2016,A,YR,
69.046,P1Y,0,,A,PU,_Z,2,,,False,WB_WDI,WB_WDI_SP_DYN_LE00_IN,PLW,_T,_T,_T,_Z,_Z,_Z,2016,A,YR,
70.437,P1Y,0,,A,PU,_Z,2,,,False,WB_WDI,WB_WDI_SP_DYN_LE00_IN,EGY,_T,_T,_T,_Z,_Z,_Z,2016,A,YR,
70.908,P1Y,0,,A,PU,_Z,2,,,False,WB_WDI,WB_WDI_SP_DYN_LE00_IN,SLV,_T,_T,_T,_Z,_Z,_Z,2016,A,YR,
61.081,P1Y,0,,A,PU,_Z,2,,,False,WB_WDI,WB_WDI_SP_DYN_LE00_IN,GNQ,_T,_T,_T,_Z,_Z,_Z,2016,A,YR,
66.242,P1Y,0,,A,PU,_Z,2,,,False,WB_WDI,WB_WDI_SP_DYN_LE00_IN,ERI,_T,_T,_T,_Z,_Z,_Z,2016,A,YR,
77.641463,P1Y,0,,A,PU,_Z,2,,,False,WB_WDI,WB_WDI_SP_DYN_LE00_IN,EST,_T,_T,_T,_Z,_Z,_Z,2016,A,YR,
56.228,P1Y,0,,A,PU,_Z,2,,,False,WB_WDI,WB_WDI_SP_DYN_LE00_IN,SWZ,_T,_T,_T,_Z,_Z,_Z,2016,A,YR,
64.162,P1Y,0,,A,PU,_Z,2,,,False,WB_WDI,WB_WDI_SP_DYN_LE00_IN,ETH,_T,_T,_T,_Z,_Z,_Z,2016,A,YR,
81.962112,P1Y,0,,A,PU,_Z,2,,,False,WB_WDI,WB_WDI_SP_DYN_LE00_IN,FRO,_T,_T,_T,_Z,_Z,_Z,2016,A,YR,
66.657,P1Y,0,,A,PU,_Z,2,,,False,WB_WDI,WB_WDI_SP_DYN_LE00_IN,FJI,_T,_T,_T,_Z,_Z,_Z,2016,A,YR,
81.429268,P1Y,0,,A,PU,_Z,2,,,False,WB_WDI,WB_WDI_SP_DYN_LE00_IN,FIN,_T,_T,_T,_Z,_Z,_Z,2016,A,YR,
82.573171,P1Y,0,,A,PU,_Z,2,,,False,WB_WDI,WB_WDI_SP_DYN_LE00_IN,FRA,_T,_T,_T,_Z,_Z,_Z,2016,A,YR,
82.555,P1Y,0,,A,PU,_Z,2,,,False,WB_WDI,WB_WDI_SP_DYN_LE00_IN,PYF,_T,_T,_T,_Z,_Z,_Z,2016,A,YR,
71.65122,P1Y,0,,A,PU,_Z,2,,,False,WB_WDI,WB_WDI_SP_DYN_LE00_IN,RUS,_T,_T,_T,_Z,_Z,_Z,2016,A,YR,
65.733,P1Y,0,,A,PU,_Z,2,,,False,WB_WDI,WB_WDI_SP_DYN_LE00_IN,RWA,_T,_T,_T,_Z,_Z,_Z,2016,A,YR,
71.003,P1Y,0,,A,PU,_Z,2,,,False,WB_WDI,WB_WDI_SP_DYN_LE00_IN,WSM,_T,_T,_T,_Z,_Z,_Z,2016,A,YR,
84.775,P1Y,0,,A,PU,_Z,2,,,False,WB_WDI,WB_WDI_SP_DYN_LE00_IN,SMR,_T,_T,_T,_Z,_Z,_Z,2016,A,YR,
66.563,P1Y,0,,A,PU,_Z,2,,,False,WB_WDI,WB_WDI_SP_DYN_LE00_IN,STP,_T,_T,_T,_Z,_Z,_Z,2016,A,YR,
78.354,P1Y,0,,A,PU,_Z,2,,,False,WB_WDI,WB_WDI_SP_DYN_LE00_IN,SAU,_T,_T,_T,_Z,_Z,_Z,2016,A,YR,
66.724,P1Y,0,,A,PU,_Z,2,,,False,WB_WDI,WB_WDI_SP_DYN_LE00_IN,SEN,_T,_T,_T,_Z,_Z,_Z,2016,A,YR,
75.687805,P1Y,0,,A,PU,_Z,2,,,False,WB_WDI,WB_WDI_SP_DYN_LE00_IN,SRB,_T,_T,_T,_Z,_Z,_Z,2016,A,YR,
74.309756,P1Y,0,,A,PU,_Z,2,,,False,WB_WDI,WB_WDI_SP_DYN_LE00_IN,SYC,_T,_T,_T,_Z,_Z,_Z,2016,A,YR,
56.937,P1Y,0,,A,PU,_Z,2,,,False,WB_WDI,WB_WDI_SP_DYN_LE00_IN,SLE,_T,_T,_T,_Z,_Z,_Z,2016,A,YR,
82.846341,P1Y,0,,A,PU,_Z,2,,,False,WB_WDI,WB_WDI_SP_DYN_LE00_IN,SGP,_T,_T,_T,_Z,_Z,_Z,2016,A,YR,
75.952,P1Y,0,,A,PU,_Z,2,,,False,WB_WDI,WB_WDI_SP_DYN_LE00_IN,SXM,_T,_T,_T,_Z,_Z,_Z,2016,A,YR,
64.428,P1Y,0,,A,PU,_Z,2,,,False,WB_WDI,WB_WDI_SP_DYN_LE00_IN,IRQ,_T,_T,_T,_Z,_Z,_Z,2007,A,YR,
79.641463,P1Y,0,,A,PU,_Z,2,,,False,WB_WDI,WB_WDI_SP_DYN_LE00_IN,IRL,_T,_T,_T,_Z,_Z,_Z,2007,A,YR,
78.451,P1Y,0,,A,PU,_Z,2,,,False,WB_WDI,WB_WDI_SP_DYN_LE00_IN,IMN,_T,_T,_T,_Z,_Z,_Z,2007,A,YR,
80.504878,P1Y,0,,A,PU,_Z,2,,,False,WB_WDI,WB_WDI_SP_DYN_LE00_IN,ISR,_T,_T,_T,_Z,_Z,_Z,2007,A,YR,
81.434146,P1Y,0,,A,PU,_Z,2,,,False,WB_WDI,WB_WDI_SP_DYN_LE00_IN,ITA,_T,_T,_T,_Z,_Z,_Z,2007,A,YR,
71.405,P1Y,0,,A,PU,_Z,2,,,False,WB_WDI,WB_WDI_SP_DYN_LE00_IN,JAM,_T,_T,_T,_Z,_Z,_Z,2007,A,YR,
82.507073,P1Y,0,,A,PU,_Z,2,,,False,WB_WDI,WB_WDI_SP_DYN_LE00_IN,JPN,_T,_T,_T,_Z,_Z,_Z,2007,A,YR,
73.407,P1Y,0,,A,PU,_Z,2,,,False,WB_WDI,WB_WDI_SP_DYN_LE00_IN,JOR,_T,_T,_T,_Z,_Z,_Z,2007,A,YR,
66.18,P1Y,0,,A,PU,_Z,2,,,False,WB_WDI,WB_WDI_SP_DYN_LE00_IN,KAZ,_T,_T,_T,_Z,_Z,_Z,2007,A,YR,
59.407,P1Y,0,,A,PU,_Z,2,,,False,WB_WDI,WB_WDI_SP_DYN_LE00_IN,KEN,_T,_T,_T,_Z,_Z,_Z,2007,A,YR,
65.677,P1Y,0,,A,PU,_Z,2,,,False,WB_WDI,WB_WDI_SP_DYN_LE00_IN,KIR,_T,_T,_T,_Z,_Z,_Z,2007,A,YR,
69.021,P1Y,0,,A,PU,_Z,2,,,False,WB_WDI,WB_WDI_SP_DYN_LE00_IN,PRK,_T,_T,_T,_Z,_Z,_Z,2007,A,YR,
78.148,P1Y,0,,A,PU,_Z,2,,,False,WB_WDI,WB_WDI_SP_DYN_LE00_IN,LBN,_T,_T,_T,_Z,_Z,_Z,2014,A,YR,
50.786,P1Y,0,,A,PU,_Z,2,,,False,WB_WDI,WB_WDI_SP_DYN_LE00_IN,LSO,_T,_T,_T,_Z,_Z,_Z,2014,A,YR,
59.21,P1Y,0,,A,PU,_Z,2,,,False,WB_WDI,WB_WDI_SP_DYN_LE00_IN,LBR,_T,_T,_T,_Z,_Z,_Z,2014,A,YR,
71.3,P1Y,0,,A,PU,_Z,2,,,False,WB_WDI,WB_WDI_SP_DYN_LE00_IN,LBY,_T,_T,_T,_Z,_Z,_Z,2014,A,YR,
82.073171,P1Y,0,,A,PU,_Z,2,,,False,WB_WDI,WB_WDI_SP_DYN_LE00_IN,LIE,_T,_T,_T,_Z,_Z,_Z,2014,A,YR,
74.517073,P1Y,0,,A,PU,_Z,2,,,False,WB_WDI,WB_WDI_SP_DYN_LE00_IN,LTU,_T,_T,_T,_Z,_Z,_Z,2014,A,YR,
82.229268,P1Y,0,,A,PU,_Z,2,,,False,WB_WDI,WB_WDI_SP_DYN_LE00_IN,LUX,_T,_T,_T,_Z,_Z,_Z,2014,A,YR,
83.021951,P1Y,0,,A,PU,_Z,2,,,False,WB_WDI,WB_WDI_SP_DYN_LE00_IN,MAC,_T,_T,_T,_Z,_Z,_Z,2014,A,YR,
63.261,P1Y,0,,A,PU,_Z,2,,,False,WB_WDI,WB_WDI_SP_DYN_LE00_IN,MDG,_T,_T,_T,_Z,_Z,_Z,2014,A,YR,
61.651,P1Y,0,,A,PU,_Z,2,,,False,WB_WDI,WB_WDI_SP_DYN_LE00_IN,MWI,_T,_T,_T,_Z,_Z,_Z,2014,A,YR,
75.345,P1Y,0,,A,PU,_Z,2,,,False,WB_WDI,WB_WDI_SP_DYN_LE00_IN,MYS,_T,_T,_T,_Z,_Z,_Z,2014,A,YR,
78.187,P1Y,0,,A,PU,_Z,2,,,False,WB_WDI,WB_WDI_SP_DYN_LE00_IN,MDV,_T,_T,_T,_Z,_Z,_Z,2014,A,YR,
75.577,P1Y,0,,A,PU,_Z,2,,,False,WB_WDI,WB_WDI_SP_DYN_LE00_IN,ARG,_T,_T,_T,_Z,_Z,_Z,2009,A,YR,
73.073171,P1Y,0,,A,PU,_Z,2,,,False,WB_WDI,WB_WDI_SP_DYN_LE00_IN,ARM,_T,_T,_T,_Z,_Z,_Z,2009,A,YR,
73.974,P1Y,0,,A,PU,_Z,2,,,False,WB_WDI,WB_WDI_SP_DYN_LE00_IN,ABW,_T,_T,_T,_Z,_Z,_Z,2009,A,YR,
81.543902,P1Y,0,,A,PU,_Z,2,,,False,WB_WDI,WB_WDI_SP_DYN_LE00_IN,AUS,_T,_T,_T,_Z,_Z,_Z,2009,A,YR,
80.331707,P1Y,0,,A,PU,_Z,2,,,False,WB_WDI,WB_WDI_SP_DYN_LE00_IN,AUT,_T,_T,_T,_Z,_Z,_Z,2009,A,YR,
69.874,P1Y,0,,A,PU,_Z,2,,,False,WB_WDI,WB_WDI_SP_DYN_LE00_IN,AZE,_T,_T,_T,_Z,_Z,_Z,2009,A,YR,
73.455,P1Y,0,,A,PU,_Z,2,,,False,WB_WDI,WB_WDI_SP_DYN_LE00_IN,BHS,_T,_T,_T,_Z,_Z,_Z,2009,A,YR,
78.016,P1Y,0,,A,PU,_Z,2,,,False,WB_WDI,WB_WDI_SP_DYN_LE00_IN,BHR,_T,_T,_T,_Z,_Z,_Z,2009,A,YR,
67.527,P1Y,0,,A,PU,_Z,2,,,False,WB_WDI,WB_WDI_SP_DYN_LE00_IN,BGD,_T,_T,_T,_Z,_Z,_Z,2009,A,YR,
75.458,P1Y,0,,A,PU,_Z,2,,,False,WB_WDI,WB_WDI_SP_DYN_LE00_IN,BRB,_T,_T,_T,_Z,_Z,_Z,2009,A,YR,
70.407317,P1Y,0,,A,PU,_Z,2,,,False,WB_WDI,WB_WDI_SP_DYN_LE00_IN,BLR,_T,_T,_T,_Z,_Z,_Z,2009,A,YR,
69.869576,P1Y,0,,A,PU,_Z,2,,,False,WB_WDI,WB_WDI_SP_DYN_LE00_IN,IBT,_T,_T,_T,_Z,_Z,_Z,2013,A,YR,
59.868573,P1Y,0,,A,PU,_Z,2,,,False,WB_WDI,WB_WDI_SP_DYN_LE00_IN,IDB,_T,_T,_T,_Z,_Z,_Z,2013,A,YR,
63.388317,P1Y,0,,A,PU,_Z,2,,,False,WB_WDI,WB_WDI_SP_DYN_LE00_IN,IDX,_T,_T,_T,_Z,_Z,_Z,2013,A,YR,
62.142358,P1Y,0,,A,PU,_Z,2,,,False,WB_WDI,WB_WDI_SP_DYN_LE00_IN,IDA,_T,_T,_T,_Z,_Z,_Z,2013,A,YR,
75.579049,P1Y,0,,A,PU,_Z,2,,,False,WB_WDI,WB_WDI_SP_DYN_LE00_IN,LTE,_T,_T,_T,_Z,_Z,_Z,2013,A,YR,
74.380977,P1Y,0,,A,PU,_Z,2,,,False,WB_WDI,WB_WDI_SP_DYN_LE00_IN,LCN,_T,_T,_T,_Z,_Z,_Z,2013,A,YR,
74.111974,P1Y,0,,A,PU,_Z,2,,,False,WB_WDI,WB_WDI_SP_DYN_LE00_IN,LAC,_T,_T,_T,_Z,_Z,_Z,2013,A,YR,
74.272652,P1Y,0,,A,PU,_Z,2,,,False,WB_WDI,WB_WDI_SP_DYN_LE00_IN,TLA,_T,_T,_T,_Z,_Z,_Z,2013,A,YR,
62.725755,P1Y,0,,A,PU,_Z,2,,,False,WB_WDI,WB_WDI_SP_DYN_LE00_IN,LDC,_T,_T,_T,_Z,_Z,_Z,2013,A,YR,
69.757894,P1Y,0,,A,PU,_Z,2,,,False,WB_WDI,WB_WDI_SP_DYN_LE00_IN,LMY,_T,_T,_T,_Z,_Z,_Z,2013,A,YR,
61.127876,P1Y,0,,A,PU,_Z,2,,,False,WB_WDI,WB_WDI_SP_DYN_LE00_IN,LIC,_T,_T,_T,_Z,_Z,_Z,2013,A,YR,
66.28876,P1Y,0,,A,PU,_Z,2,,,False,WB_WDI,WB_WDI_SP_DYN_LE00_IN,LMC,_T,_T,_T,_Z,_Z,_Z,2013,A,YR,
80.54878,P1Y,0,,A,PU,_Z,2,,,False,WB_WDI,WB_WDI_SP_DYN_LE00_IN,NLD,_T,_T,_T,_Z,_Z,_Z,2009,A,YR,
75.676,P1Y,0,,A,PU,_Z,2,,,False,WB_WDI,WB_WDI_SP_DYN_LE00_IN,NCL,_T,_T,_T,_Z,_Z,_Z,2009,A,YR,
80.702439,P1Y,0,,A,PU,_Z,2,,,False,WB_WDI,WB_WDI_SP_DYN_LE00_IN,NZL,_T,_T,_T,_Z,_Z,_Z,2009,A,YR,
71.499,P1Y,0,,A,PU,_Z,2,,,False,WB_WDI,WB_WDI_SP_DYN_LE00_IN,NIC,_T,_T,_T,_Z,_Z,_Z,2009,A,YR,
56.487,P1Y,0,,A,PU,_Z,2,,,False,WB_WDI,WB_WDI_SP_DYN_LE00_IN,NER,_T,_T,_T,_Z,_Z,_Z,2009,A,YR,
51.08,P1Y,0,,A,PU,_Z,2,,,False,WB_WDI,WB_WDI_SP_DYN_LE00_IN,NGA,_T,_T,_T,_Z,_Z,_Z,2009,A,YR,
74.446341,P1Y,0,,A,PU,_Z,2,,,False,WB_WDI,WB_WDI_SP_DYN_LE00_IN,MKD,_T,_T,_T,_Z,_Z,_Z,2009,A,YR,
77.903,P1Y,0,,A,PU,_Z,2,,,False,WB_WDI,WB_WDI_SP_DYN_LE00_IN,MNP,_T,_T,_T,_Z,_Z,_Z,2009,A,YR,
80.795122,P1Y,0,,A,PU,_Z,2,,,False,WB_WDI,WB_WDI_SP_DYN_LE00_IN,NOR,_T,_T,_T,_Z,_Z,_Z,2009,A,YR,
76.631,P1Y,0,,A,PU,_Z,2,,,False,WB_WDI,WB_WDI_SP_DYN_LE00_IN,OMN,_T,_T,_T,_Z,_Z,_Z,2009,A,YR,
64.206,P1Y,0,,A,PU,_Z,2,,,False,WB_WDI,WB_WDI_SP_DYN_LE00_IN,PAK,_T,_T,_T,_Z,_Z,_Z,2009,A,YR,
67.99,P1Y,0,,A,PU,_Z,2,,,False,WB_WDI,WB_WDI_SP_DYN_LE00_IN,PLW,_T,_T,_T,_Z,_Z,_Z,2009,A,YR,
76.228,P1Y,0,,A,PU,_Z,2,,,False,WB_WDI,WB_WDI_SP_DYN_LE00_IN,PAN,_T,_T,_T,_Z,_Z,_Z,2009,A,YR,
56.999,P1Y,0,,A,PU,_Z,2,,,False,WB_WDI,WB_WDI_SP_DYN_LE00_IN,GNB,_T,_T,_T,_Z,_Z,_Z,2010,A,YR,
66.204,P1Y,0,,A,PU,_Z,2,,,False,WB_WDI,WB_WDI_SP_DYN_LE00_IN,GUY,_T,_T,_T,_Z,_Z,_Z,2010,A,YR,
45.577,P1Y,0,,A,PU,_Z,2,,,False,WB_WDI,WB_WDI_SP_DYN_LE00_IN,HTI,_T,_T,_T,_Z,_Z,_Z,2010,A,YR,
69.77,P1Y,0,,A,PU,_Z,2,,,False,WB_WDI,WB_WDI_SP_DYN_LE00_IN,HND,_T,_T,_T,_Z,_Z,_Z,2010,A,YR,
82.957561,P1Y,0,,A,PU,_Z,2,,,False,WB_WDI,WB_WDI_SP_DYN_LE00_IN,HKG,_T,_T,_T,_Z,_Z,_Z,2010,A,YR,
74.207317,P1Y,0,,A,PU,_Z,2,,,False,WB_WDI,WB_WDI_SP_DYN_LE00_IN,HUN,_T,_T,_T,_Z,_Z,_Z,2010,A,YR,
81.897561,P1Y,0,,A,PU,_Z,2,,,False,WB_WDI,WB_WDI_SP_DYN_LE00_IN,ISL,_T,_T,_T,_Z,_Z,_Z,2010,A,YR,
67.162,P1Y,0,,A,PU,_Z,2,,,False,WB_WDI,WB_WDI_SP_DYN_LE00_IN,IND,_T,_T,_T,_Z,_Z,_Z,2010,A,YR,
68.364,P1Y,0,,A,PU,_Z,2,,,False,WB_WDI,WB_WDI_SP_DYN_LE00_IN,IDN,_T,_T,_T,_Z,_Z,_Z,2010,A,YR,
74.39,P1Y,0,,A,PU,_Z,2,,,False,WB_WDI,WB_WDI_SP_DYN_LE00_IN,IRN,_T,_T,_T,_Z,_Z,_Z,2010,A,YR,
80.997561,P1Y,0,,A,PU,_Z,2,,,False,WB_WDI,WB_WDI_SP_DYN_LE00_IN,ISL,_T,_T,_T,_Z,_Z,_Z,2004,A,YR,
64.484,P1Y,0,,A,PU,_Z,2,,,False,WB_WDI,WB_WDI_SP_DYN_LE00_IN,IND,_T,_T,_T,_Z,_Z,_Z,2004,A,YR,
65.521,P1Y,0,,A,PU,_Z,2,,,False,WB_WDI,WB_WDI_SP_DYN_LE00_IN,IDN,_T,_T,_T,_Z,_Z,_Z,2004,A,YR,
72.04,P1Y,0,,A,PU,_Z,2,,,False,WB_WDI,WB_WDI_SP_DYN_LE00_IN,IRN,_T,_T,_T,_Z,_Z,_Z,2004,A,YR,
64.634,P1Y,0,,A,PU,_Z,2,,,False,WB_WDI,WB_WDI_SP_DYN_LE00_IN,IRQ,_T,_T,_T,_Z,_Z,_Z,2004,A,YR,
78.539024,P1Y,0,,A,PU,_Z,2,,,False,WB_WDI,WB_WDI_SP_DYN_LE00_IN,IRL,_T,_T,_T,_Z,_Z,_Z,2004,A,YR,
76.876,P1Y,0,,A,PU,_Z,2,,,False,WB_WDI,WB_WDI_SP_DYN_LE00_IN,IMN,_T,_T,_T,_Z,_Z,_Z,2004,A,YR,
80.146341,P1Y,0,,A,PU,_Z,2,,,False,WB_WDI,WB_WDI_SP_DYN_LE00_IN,ISR,_T,_T,_T,_Z,_Z,_Z,2004,A,YR,
80.780488,P1Y,0,,A,PU,_Z,2,,,False,WB_WDI,WB_WDI_SP_DYN_LE00_IN,ITA,_T,_T,_T,_Z,_Z,_Z,2004,A,YR,
71.542,P1Y,0,,A,PU,_Z,2,,,False,WB_WDI,WB_WDI_SP_DYN_LE00_IN,JAM,_T,_T,_T,_Z,_Z,_Z,2004,A,YR,
82.030244,P1Y,0,,A,PU,_Z,2,,,False,WB_WDI,WB_WDI_SP_DYN_LE00_IN,JPN,_T,_T,_T,_Z,_Z,_Z,2004,A,YR,
72.788,P1Y,0,,A,PU,_Z,2,,,False,WB_WDI,WB_WDI_SP_DYN_LE00_IN,JOR,_T,_T,_T,_Z,_Z,_Z,2004,A,YR,
70.321,P1Y,0,,A,PU,_Z,2,,,False,WB_WDI,WB_WDI_SP_DYN_LE00_IN,GTM,_T,_T,_T,_Z,_Z,_Z,2011,A,YR,
56.778,P1Y,0,,A,PU,_Z,2,,,False,WB_WDI,WB_WDI_SP_DYN_LE00_IN,GIN,_T,_T,_T,_Z,_Z,_Z,2011,A,YR,
57.663,P1Y,0,,A,PU,_Z,2,,,False,WB_WDI,WB_WDI_SP_DYN_LE00_IN,GNB,_T,_T,_T,_Z,_Z,_Z,2011,A,YR,
66.469,P1Y,0,,A,PU,_Z,2,,,False,WB_WDI,WB_WDI_SP_DYN_LE00_IN,GUY,_T,_T,_T,_Z,_Z,_Z,2011,A,YR,
61.581,P1Y,0,,A,PU,_Z,2,,,False,WB_WDI,WB_WDI_SP_DYN_LE00_IN,HTI,_T,_T,_T,_Z,_Z,_Z,2011,A,YR,
70.116,P1Y,0,,A,PU,_Z,2,,,False,WB_WDI,WB_WDI_SP_DYN_LE00_IN,HND,_T,_T,_T,_Z,_Z,_Z,2011,A,YR,
83.411951,P1Y,0,,A,PU,_Z,2,,,False,WB_WDI,WB_WDI_SP_DYN_LE00_IN,HKG,_T,_T,_T,_Z,_Z,_Z,2011,A,YR,
74.858537,P1Y,0,,A,PU,_Z,2,,,False,WB_WDI,WB_WDI_SP_DYN_LE00_IN,HUN,_T,_T,_T,_Z,_Z,_Z,2011,A,YR,
82.358537,P1Y,0,,A,PU,_Z,2,,,False,WB_WDI,WB_WDI_SP_DYN_LE00_IN,ISL,_T,_T,_T,_Z,_Z,_Z,2011,A,YR,
67.623,P1Y,0,,A,PU,_Z,2,,,False,WB_WDI,WB_WDI_SP_DYN_LE00_IN,IND,_T,_T,_T,_Z,_Z,_Z,2011,A,YR,
68.629,P1Y,0,,A,PU,_Z,2,,,False,WB_WDI,WB_WDI_SP_DYN_LE00_IN,IDN,_T,_T,_T,_Z,_Z,_Z,2011,A,YR,
70.433,P1Y,0,,A,PU,_Z,2,,,False,WB_WDI,WB_WDI_SP_DYN_LE00_IN,TON,_T,_T,_T,_Z,_Z,_Z,2004,A,YR,
69.879,P1Y,0,,A,PU,_Z,2,,,False,WB_WDI,WB_WDI_SP_DYN_LE00_IN,TTO,_T,_T,_T,_Z,_Z,_Z,2004,A,YR,
73.519,P1Y,0,,A,PU,_Z,2,,,False,WB_WDI,WB_WDI_SP_DYN_LE00_IN,TUN,_T,_T,_T,_Z,_Z,_Z,2004,A,YR,
73.223,P1Y,0,,A,PU,_Z,2,,,False,WB_WDI,WB_WDI_SP_DYN_LE00_IN,TUR,_T,_T,_T,_Z,_Z,_Z,2004,A,YR,
66.055,P1Y,0,,A,PU,_Z,2,,,False,WB_WDI,WB_WDI_SP_DYN_LE00_IN,TKM,_T,_T,_T,_Z,_Z,_Z,2004,A,YR,
75.63,P1Y,0,,A,PU,_Z,2,,,False,WB_WDI,WB_WDI_SP_DYN_LE00_IN,TCA,_T,_T,_T,_Z,_Z,_Z,2004,A,YR,
63.989,P1Y,0,,A,PU,_Z,2,,,False,WB_WDI,WB_WDI_SP_DYN_LE00_IN,TUV,_T,_T,_T,_Z,_Z,_Z,2004,A,YR,
53.699,P1Y,0,,A,PU,_Z,2,,,False,WB_WDI,WB_WDI_SP_DYN_LE00_IN,UGA,_T,_T,_T,_Z,_Z,_Z,2004,A,YR,
67.472,P1Y,0,,A,PU,_Z,2,,,False,WB_WDI,WB_WDI_SP_DYN_LE00_IN,UKR,_T,_T,_T,_Z,_Z,_Z,2004,A,YR,
80.272,P1Y,0,,A,PU,_Z,2,,,False,WB_WDI,WB_WDI_SP_DYN_LE00_IN,ARE,_T,_T,_T,_Z,_Z,_Z,2004,A,YR,
78.746341,P1Y,0,,A,PU,_Z,2,,,False,WB_WDI,WB_WDI_SP_DYN_LE00_IN,GBR,_T,_T,_T,_Z,_Z,_Z,2004,A,YR,
77.487805,P1Y,0,,A,PU,_Z,2,,,False,WB_WDI,WB_WDI_SP_DYN_LE00_IN,USA,_T,_T,_T,_Z,_Z,_Z,2004,A,YR,
75.319,P1Y,0,,A,PU,_Z,2,,,False,WB_WDI,WB_WDI_SP_DYN_LE00_IN,URY,_T,_T,_T,_Z,_Z,_Z,2004,A,YR,
79.992195,P1Y,0,,A,PU,_Z,2,,,False,WB_WDI,WB_WDI_SP_DYN_LE00_IN,CAN,_T,_T,_T,_Z,_Z,_Z,2004,A,YR,
74.596,P1Y,0,,A,PU,_Z,2,,,False,WB_WDI,WB_WDI_SP_DYN_LE00_IN,CYM,_T,_T,_T,_Z,_Z,_Z,2004,A,YR,
47.696,P1Y,0,,A,PU,_Z,2,,,False,WB_WDI,WB_WDI_SP_DYN_LE00_IN,CAF,_T,_T,_T,_Z,_Z,_Z,2004,A,YR,
48.687,P1Y,0,,A,PU,_Z,2,,,False,WB_WDI,WB_WDI_SP_DYN_LE00_IN,TCD,_T,_T,_T,_Z,_Z,_Z,2004,A,YR,
79.8,P1Y,0,,A,PU,_Z,2,,,False,WB_WDI,WB_WDI_SP_DYN_LE00_IN,CHI,_T,_T,_T,_Z,_Z,_Z,2004,A,YR,
78.276,P1Y,0,,A,PU,_Z,2,,,False,WB_WDI,WB_WDI_SP_DYN_LE00_IN,CHL,_T,_T,_T,_Z,_Z,_Z,2004,A,YR,
73.727,P1Y,0,,A,PU,_Z,2,,,False,WB_WDI,WB_WDI_SP_DYN_LE00_IN,CHN,_T,_T,_T,_Z,_Z,_Z,2004,A,YR,
72.76,P1Y,0,,A,PU,_Z,2,,,False,WB_WDI,WB_WDI_SP_DYN_LE00_IN,COL,_T,_T,_T,_Z,_Z,_Z,2004,A,YR,
60.557,P1Y,0,,A,PU,_Z,2,,,False,WB_WDI,WB_WDI_SP_DYN_LE00_IN,COM,_T,_T,_T,_Z,_Z,_Z,2004,A,YR,
53.534,P1Y,0,,A,PU,_Z,2,,,False,WB_WDI,WB_WDI_SP_DYN_LE00_IN,COD,_T,_T,_T,_Z,_Z,_Z,2004,A,YR,
57.957,P1Y,0,,A,PU,_Z,2,,,False,WB_WDI,WB_WDI_SP_DYN_LE00_IN,COG,_T,_T,_T,_Z,_Z,_Z,2004,A,YR,
78.512,P1Y,0,,A,PU,_Z,2,,,False,WB_WDI,WB_WDI_SP_DYN_LE00_IN,CRI,_T,_T,_T,_Z,_Z,_Z,2004,A,YR,
51.939,P1Y,0,,A,PU,_Z,2,,,False,WB_WDI,WB_WDI_SP_DYN_LE00_IN,CIV,_T,_T,_T,_Z,_Z,_Z,2004,A,YR,
64.328,P1Y,0,,A,PU,_Z,2,,,False,WB_WDI,WB_WDI_SP_DYN_LE00_IN,HTI,_T,_T,_T,_Z,_Z,_Z,2019,A,YR,
72.124,P1Y,0,,A,PU,_Z,2,,,False,WB_WDI,WB_WDI_SP_DYN_LE00_IN,HND,_T,_T,_T,_Z,_Z,_Z,2019,A,YR,
85.155854,P1Y,0,,A,PU,_Z,2,,,False,WB_WDI,WB_WDI_SP_DYN_LE00_IN,HKG,_T,_T,_T,_Z,_Z,_Z,2019,A,YR,
76.319512,P1Y,0,,A,PU,_Z,2,,,False,WB_WDI,WB_WDI_SP_DYN_LE00_IN,HUN,_T,_T,_T,_Z,_Z,_Z,2019,A,YR,
83.163415,P1Y,0,,A,PU,_Z,2,,,False,WB_WDI,WB_WDI_SP_DYN_LE00_IN,ISL,_T,_T,_T,_Z,_Z,_Z,2019,A,YR,
70.746,P1Y,0,,A,PU,_Z,2,,,False,WB_WDI,WB_WDI_SP_DYN_LE00_IN,IND,_T,_T,_T,_Z,_Z,_Z,2019,A,YR,
70.349,P1Y,0,,A,PU,_Z,2,,,False,WB_WDI,WB_WDI_SP_DYN_LE00_IN,IDN,_T,_T,_T,_Z,_Z,_Z,2019,A,YR,
76.855,P1Y,0,,A,PU,_Z,2,,,False,WB_WDI,WB_WDI_SP_DYN_LE00_IN,IRN,_T,_T,_T,_Z,_Z,_Z,2019,A,YR,
71.245,P1Y,0,,A,PU,_Z,2,,,False,WB_WDI,WB_WDI_SP_DYN_LE00_IN,IRQ,_T,_T,_T,_Z,_Z,_Z,2019,A,YR,
82.702439,P1Y,0,,A,PU,_Z,2,,,False,WB_WDI,WB_WDI_SP_DYN_LE00_IN,IRL,_T,_T,_T,_Z,_Z,_Z,2019,A,YR,
80.74,P1Y,0,,A,PU,_Z,2,,,False,WB_WDI,WB_WDI_SP_DYN_LE00_IN,IMN,_T,_T,_T,_Z,_Z,_Z,2019,A,YR,
82.804878,P1Y,0,,A,PU,_Z,2,,,False,WB_WDI,WB_WDI_SP_DYN_LE00_IN,ISR,_T,_T,_T,_Z,_Z,_Z,2019,A,YR,
66.371,P1Y,0,,A,PU,_Z,2,,,False,WB_WDI,WB_WDI_SP_DYN_LE00_IN,BWA,_T,_T,_T,_Z,_Z,_Z,2018,A,YR,
75.633,P1Y,0,,A,PU,_Z,2,,,False,WB_WDI,WB_WDI_SP_DYN_LE00_IN,BRA,_T,_T,_T,_Z,_Z,_Z,2018,A,YR,
76.728,P1Y,0,,A,PU,_Z,2,,,False,WB_WDI,WB_WDI_SP_DYN_LE00_IN,VGB,_T,_T,_T,_Z,_Z,_Z,2018,A,YR,
74.992,P1Y,0,,A,PU,_Z,2,,,False,WB_WDI,WB_WDI_SP_DYN_LE00_IN,BRN,_T,_T,_T,_Z,_Z,_Z,2018,A,YR,
74.963415,P1Y,0,,A,PU,_Z,2,,,False,WB_WDI,WB_WDI_SP_DYN_LE00_IN,BGR,_T,_T,_T,_Z,_Z,_Z,2018,A,YR,
59.972,P1Y,0,,A,PU,_Z,2,,,False,WB_WDI,WB_WDI_SP_DYN_LE00_IN,BFA,_T,_T,_T,_Z,_Z,_Z,2018,A,YR,
61.806,P1Y,0,,A,PU,_Z,2,,,False,WB_WDI,WB_WDI_SP_DYN_LE00_IN,BDI,_T,_T,_T,_Z,_Z,_Z,2018,A,YR,
74.84,P1Y,0,,A,PU,_Z,2,,,False,WB_WDI,WB_WDI_SP_DYN_LE00_IN,CPV,_T,_T,_T,_Z,_Z,_Z,2018,A,YR,
69.993,P1Y,0,,A,PU,_Z,2,,,False,WB_WDI,WB_WDI_SP_DYN_LE00_IN,KHM,_T,_T,_T,_Z,_Z,_Z,2018,A,YR,
61.189,P1Y,0,,A,PU,_Z,2,,,False,WB_WDI,WB_WDI_SP_DYN_LE00_IN,CMR,_T,_T,_T,_Z,_Z,_Z,2018,A,YR,
81.803659,P1Y,0,,A,PU,_Z,2,,,False,WB_WDI,WB_WDI_SP_DYN_LE00_IN,CAN,_T,_T,_T,_Z,_Z,_Z,2018,A,YR,
78.835,P1Y,0,,A,PU,_Z,2,,,False,WB_WDI,WB_WDI_SP_DYN_LE00_IN,CYM,_T,_T,_T,_Z,_Z,_Z,2018,A,YR,
65.808,P1Y,0,,A,PU,_Z,2,,,False,WB_WDI,WB_WDI_SP_DYN_LE00_IN,KIR,_T,_T,_T,_Z,_Z,_Z,2009,A,YR,
69.702,P1Y,0,,A,PU,_Z,2,,,False,WB_WDI,WB_WDI_SP_DYN_LE00_IN,PRK,_T,_T,_T,_Z,_Z,_Z,2009,A,YR,
79.968293,P1Y,0,,A,PU,_Z,2,,,False,WB_WDI,WB_WDI_SP_DYN_LE00_IN,KOR,_T,_T,_T,_Z,_Z,_Z,2009,A,YR,
74.79,P1Y,0,,A,PU,_Z,2,,,False,WB_WDI,WB_WDI_SP_DYN_LE00_IN,XKX,_T,_T,_T,_Z,_Z,_Z,2009,A,YR,
77.433366,P1Y,0,,A,PU,_Z,2,,,False,WB_WDI,WB_WDI_SP_DYN_LE00_IN,KWT,_T,_T,_T,_Z,_Z,_Z,2009,A,YR,
69.102439,P1Y,0,,A,PU,_Z,2,,,False,WB_WDI,WB_WDI_SP_DYN_LE00_IN,KGZ,_T,_T,_T,_Z,_Z,_Z,2009,A,YR,
63.023,P1Y,0,,A,PU,_Z,2,,,False,WB_WDI,WB_WDI_SP_DYN_LE00_IN,LAO,_T,_T,_T,_Z,_Z,_Z,2009,A,YR,
73.080488,P1Y,0,,A,PU,_Z,2,,,False,WB_WDI,WB_WDI_SP_DYN_LE00_IN,LVA,_T,_T,_T,_Z,_Z,_Z,2009,A,YR,
77.262,P1Y,0,,A,PU,_Z,2,,,False,WB_WDI,WB_WDI_SP_DYN_LE00_IN,LBN,_T,_T,_T,_Z,_Z,_Z,2009,A,YR,
45.055,P1Y,0,,A,PU,_Z,2,,,False,WB_WDI,WB_WDI_SP_DYN_LE00_IN,LSO,_T,_T,_T,_Z,_Z,_Z,2009,A,YR,
59.106,P1Y,0,,A,PU,_Z,2,,,False,WB_WDI,WB_WDI_SP_DYN_LE00_IN,LBR,_T,_T,_T,_Z,_Z,_Z,2009,A,YR,
72.071,P1Y,0,,A,PU,_Z,2,,,False,WB_WDI,WB_WDI_SP_DYN_LE00_IN,LBY,_T,_T,_T,_Z,_Z,_Z,2009,A,YR,
81.5,P1Y,0,,A,PU,_Z,2,,,False,WB_WDI,WB_WDI_SP_DYN_LE00_IN,LIE,_T,_T,_T,_Z,_Z,_Z,2009,A,YR,
73.863415,P1Y,0,,A,PU,_Z,2,,,False,WB_WDI,WB_WDI_SP_DYN_LE00_IN,MUS,_T,_T,_T,_Z,_Z,_Z,2012,A,YR,
74.128,P1Y,0,,A,PU,_Z,2,,,False,WB_WDI,WB_WDI_SP_DYN_LE00_IN,MEX,_T,_T,_T,_Z,_Z,_Z,2012,A,YR,
65.08,P1Y,0,,A,PU,_Z,2,,,False,WB_WDI,WB_WDI_SP_DYN_LE00_IN,FSM,_T,_T,_T,_Z,_Z,_Z,2012,A,YR,
70.344,P1Y,0,,A,PU,_Z,2,,,False,WB_WDI,WB_WDI_SP_DYN_LE00_IN,MDA,_T,_T,_T,_Z,_Z,_Z,2012,A,YR,
85.045,P1Y,0,,A,PU,_Z,2,,,False,WB_WDI,WB_WDI_SP_DYN_LE00_IN,MCO,_T,_T,_T,_Z,_Z,_Z,2012,A,YR,
69.500244,P1Y,0,,A,PU,_Z,2,,,False,WB_WDI,WB_WDI_SP_DYN_LE00_IN,MNG,_T,_T,_T,_Z,_Z,_Z,2012,A,YR,
76.3,P1Y,0,,A,PU,_Z,2,,,False,WB_WDI,WB_WDI_SP_DYN_LE00_IN,MNE,_T,_T,_T,_Z,_Z,_Z,2012,A,YR,
71.674,P1Y,0,,A,PU,_Z,2,,,False,WB_WDI,WB_WDI_SP_DYN_LE00_IN,MAR,_T,_T,_T,_Z,_Z,_Z,2012,A,YR,
56.46,P1Y,0,,A,PU,_Z,2,,,False,WB_WDI,WB_WDI_SP_DYN_LE00_IN,MOZ,_T,_T,_T,_Z,_Z,_Z,2012,A,YR,
64.251,P1Y,0,,A,PU,_Z,2,,,False,WB_WDI,WB_WDI_SP_DYN_LE00_IN,MMR,_T,_T,_T,_Z,_Z,_Z,2012,A,YR,
57.733,P1Y,0,,A,PU,_Z,2,,,False,WB_WDI,WB_WDI_SP_DYN_LE00_IN,NAM,_T,_T,_T,_Z,_Z,_Z,2012,A,YR,
71.803,P1Y,0,,A,PU,_Z,2,,,False,WB_WDI,WB_WDI_SP_DYN_LE00_IN,UKR,_T,_T,_T,_Z,_Z,_Z,2014,A,YR,
81.99,P1Y,0,,A,PU,_Z,2,,,False,WB_WDI,WB_WDI_SP_DYN_LE00_IN,ARE,_T,_T,_T,_Z,_Z,_Z,2014,A,YR,
81.304878,P1Y,0,,A,PU,_Z,2,,,False,WB_WDI,WB_WDI_SP_DYN_LE00_IN,GBR,_T,_T,_T,_Z,_Z,_Z,2014,A,YR,
78.841463,P1Y,0,,A,PU,_Z,2,,,False,WB_WDI,WB_WDI_SP_DYN_LE00_IN,USA,_T,_T,_T,_Z,_Z,_Z,2014,A,YR,
77.194,P1Y,0,,A,PU,_Z,2,,,False,WB_WDI,WB_WDI_SP_DYN_LE00_IN,URY,_T,_T,_T,_Z,_Z,_Z,2014,A,YR,
70.973,P1Y,0,,A,PU,_Z,2,,,False,WB_WDI,WB_WDI_SP_DYN_LE00_IN,UZB,_T,_T,_T,_Z,_Z,_Z,2014,A,YR,
70.043,P1Y,0,,A,PU,_Z,2,,,False,WB_WDI,WB_WDI_SP_DYN_LE00_IN,VUT,_T,_T,_T,_Z,_Z,_Z,2014,A,YR,
72.837,P1Y,0,,A,PU,_Z,2,,,False,WB_WDI,WB_WDI_SP_DYN_LE00_IN,VEN,_T,_T,_T,_Z,_Z,_Z,2014,A,YR,
73.886,P1Y,0,,A,PU,_Z,2,,,False,WB_WDI,WB_WDI_SP_DYN_LE00_IN,VNM,_T,_T,_T,_Z,_Z,_Z,2014,A,YR,
78.868293,P1Y,0,,A,PU,_Z,2,,,False,WB_WDI,WB_WDI_SP_DYN_LE00_IN,VIR,_T,_T,_T,_Z,_Z,_Z,2014,A,YR,
72.781,P1Y,0,,A,PU,_Z,2,,,False,WB_WDI,WB_WDI_SP_DYN_LE00_IN,PSE,_T,_T,_T,_Z,_Z,_Z,2014,A,YR,
55.703,P1Y,0,,A,PU,_Z,2,,,False,WB_WDI,WB_WDI_SP_DYN_LE00_IN,GIN,_T,_T,_T,_Z,_Z,_Z,2008,A,YR,
55.3,P1Y,0,,A,PU,_Z,2,,,False,WB_WDI,WB_WDI_SP_DYN_LE00_IN,GNB,_T,_T,_T,_Z,_Z,_Z,2008,A,YR,
65.721,P1Y,0,,A,PU,_Z,2,,,False,WB_WDI,WB_WDI_SP_DYN_LE00_IN,GUY,_T,_T,_T,_Z,_Z,_Z,2008,A,YR,
61.28,P1Y,0,,A,PU,_Z,2,,,False,WB_WDI,WB_WDI_SP_DYN_LE00_IN,HTI,_T,_T,_T,_Z,_Z,_Z,2008,A,YR,
69.657,P1Y,0,,A,PU,_Z,2,,,False,WB_WDI,WB_WDI_SP_DYN_LE00_IN,HND,_T,_T,_T,_Z,_Z,_Z,2008,A,YR,
82.340488,P1Y,0,,A,PU,_Z,2,,,False,WB_WDI,WB_WDI_SP_DYN_LE00_IN,HKG,_T,_T,_T,_Z,_Z,_Z,2008,A,YR,
73.702439,P1Y,0,,A,PU,_Z,2,,,False,WB_WDI,WB_WDI_SP_DYN_LE00_IN,HUN,_T,_T,_T,_Z,_Z,_Z,2008,A,YR,
81.609756,P1Y,0,,A,PU,_Z,2,,,False,WB_WDI,WB_WDI_SP_DYN_LE00_IN,ISL,_T,_T,_T,_Z,_Z,_Z,2008,A,YR,
66.247,P1Y,0,,A,PU,_Z,2,,,False,WB_WDI,WB_WDI_SP_DYN_LE00_IN,IND,_T,_T,_T,_Z,_Z,_Z,2008,A,YR,
68.085,P1Y,0,,A,PU,_Z,2,,,False,WB_WDI,WB_WDI_SP_DYN_LE00_IN,IDN,_T,_T,_T,_Z,_Z,_Z,2008,A,YR,
73.683,P1Y,0,,A,PU,_Z,2,,,False,WB_WDI,WB_WDI_SP_DYN_LE00_IN,IRN,_T,_T,_T,_Z,_Z,_Z,2008,A,YR,
65.896,P1Y,0,,A,PU,_Z,2,,,False,WB_WDI,WB_WDI_SP_DYN_LE00_IN,KIR,_T,_T,_T,_Z,_Z,_Z,2011,A,YR,
70.772,P1Y,0,,A,PU,_Z,2,,,False,WB_WDI,WB_WDI_SP_DYN_LE00_IN,PRK,_T,_T,_T,_Z,_Z,_Z,2011,A,YR,
80.568293,P1Y,0,,A,PU,_Z,2,,,False,WB_WDI,WB_WDI_SP_DYN_LE00_IN,KOR,_T,_T,_T,_Z,_Z,_Z,2011,A,YR,
75.323,P1Y,0,,A,PU,_Z,2,,,False,WB_WDI,WB_WDI_SP_DYN_LE00_IN,XKX,_T,_T,_T,_Z,_Z,_Z,2011,A,YR,
78.052244,P1Y,0,,A,PU,_Z,2,,,False,WB_WDI,WB_WDI_SP_DYN_LE00_IN,KWT,_T,_T,_T,_Z,_Z,_Z,2011,A,YR,
69.602439,P1Y,0,,A,PU,_Z,2,,,False,WB_WDI,WB_WDI_SP_DYN_LE00_IN,KGZ,_T,_T,_T,_Z,_Z,_Z,2011,A,YR,
64.505,P1Y,0,,A,PU,_Z,2,,,False,WB_WDI,WB_WDI_SP_DYN_LE00_IN,LAO,_T,_T,_T,_Z,_Z,_Z,2011,A,YR,
73.57561,P1Y,0,,A,PU,_Z,2,,,False,WB_WDI,WB_WDI_SP_DYN_LE00_IN,LVA,_T,_T,_T,_Z,_Z,_Z,2011,A,YR,
77.768,P1Y,0,,A,PU,_Z,2,,,False,WB_WDI,WB_WDI_SP_DYN_LE00_IN,LBN,_T,_T,_T,_Z,_Z,_Z,2011,A,YR,
46.93,P1Y,0,,A,PU,_Z,2,,,False,WB_WDI,WB_WDI_SP_DYN_LE00_IN,LSO,_T,_T,_T,_Z,_Z,_Z,2011,A,YR,
59.486,P1Y,0,,A,PU,_Z,2,,,False,WB_WDI,WB_WDI_SP_DYN_LE00_IN,LBR,_T,_T,_T,_Z,_Z,_Z,2011,A,YR,
69.95,P1Y,0,,A,PU,_Z,2,,,False,WB_WDI,WB_WDI_SP_DYN_LE00_IN,LBY,_T,_T,_T,_Z,_Z,_Z,2011,A,YR,
81.792683,P1Y,0,,A,PU,_Z,2,,,False,WB_WDI,WB_WDI_SP_DYN_LE00_IN,LIE,_T,_T,_T,_Z,_Z,_Z,2011,A,YR,
68.204,P1Y,0,,A,PU,_Z,2,,,False,WB_WDI,WB_WDI_SP_DYN_LE00_IN,GTM,_T,_T,_T,_Z,_Z,_Z,2003,A,YR,
53.589,P1Y,0,,A,PU,_Z,2,,,False,WB_WDI,WB_WDI_SP_DYN_LE00_IN,GIN,_T,_T,_T,_Z,_Z,_Z,2003,A,YR,
52.186,P1Y,0,,A,PU,_Z,2,,,False,WB_WDI,WB_WDI_SP_DYN_LE00_IN,GNB,_T,_T,_T,_Z,_Z,_Z,2003,A,YR,
64.117,P1Y,0,,A,PU,_Z,2,,,False,WB_WDI,WB_WDI_SP_DYN_LE00_IN,GUY,_T,_T,_T,_Z,_Z,_Z,2003,A,YR,
59.44,P1Y,0,,A,PU,_Z,2,,,False,WB_WDI,WB_WDI_SP_DYN_LE00_IN,HTI,_T,_T,_T,_Z,_Z,_Z,2003,A,YR,
68.874,P1Y,0,,A,PU,_Z,2,,,False,WB_WDI,WB_WDI_SP_DYN_LE00_IN,HND,_T,_T,_T,_Z,_Z,_Z,2003,A,YR,
81.343415,P1Y,0,,A,PU,_Z,2,,,False,WB_WDI,WB_WDI_SP_DYN_LE00_IN,HKG,_T,_T,_T,_Z,_Z,_Z,2003,A,YR,
72.3,P1Y,0,,A,PU,_Z,2,,,False,WB_WDI,WB_WDI_SP_DYN_LE00_IN,HUN,_T,_T,_T,_Z,_Z,_Z,2003,A,YR,
80.963415,P1Y,0,,A,PU,_Z,2,,,False,WB_WDI,WB_WDI_SP_DYN_LE00_IN,ISL,_T,_T,_T,_Z,_Z,_Z,2003,A,YR,
64.086,P1Y,0,,A,PU,_Z,2,,,False,WB_WDI,WB_WDI_SP_DYN_LE00_IN,IND,_T,_T,_T,_Z,_Z,_Z,2003,A,YR,
67.134,P1Y,0,,A,PU,_Z,2,,,False,WB_WDI,WB_WDI_SP_DYN_LE00_IN,IDN,_T,_T,_T,_Z,_Z,_Z,2003,A,YR,
70.464,P1Y,0,,A,PU,_Z,2,,,False,WB_WDI,WB_WDI_SP_DYN_LE00_IN,IRN,_T,_T,_T,_Z,_Z,_Z,2003,A,YR,
81.758537,P1Y,0,,A,PU,_Z,2,,,False,WB_WDI,WB_WDI_SP_DYN_LE00_IN,NZL,_T,_T,_T,_Z,_Z,_Z,2023,A,YR,
74.947,P1Y,0,,A,PU,_Z,2,,,False,WB_WDI,WB_WDI_SP_DYN_LE00_IN,NIC,_T,_T,_T,_Z,_Z,_Z,2023,A,YR,
61.183,P1Y,0,,A,PU,_Z,2,,,False,WB_WDI,WB_WDI_SP_DYN_LE00_IN,NER,_T,_T,_T,_Z,_Z,_Z,2023,A,YR,
54.462,P1Y,0,,A,PU,_Z,2,,,False,WB_WDI,WB_WDI_SP_DYN_LE00_IN,NGA,_T,_T,_T,_Z,_Z,_Z,2023,A,YR,
75.316098,P1Y,0,,A,PU,_Z,2,,,False,WB_WDI,WB_WDI_SP_DYN_LE00_IN,MKD,_T,_T,_T,_Z,_Z,_Z,2023,A,YR,
78.808,P1Y,0,,A,PU,_Z,2,,,False,WB_WDI,WB_WDI_SP_DYN_LE00_IN,MNP,_T,_T,_T,_Z,_Z,_Z,2023,A,YR,
83.012195,P1Y,0,,A,PU,_Z,2,,,False,WB_WDI,WB_WDI_SP_DYN_LE00_IN,NOR,_T,_T,_T,_Z,_Z,_Z,2023,A,YR,
80.031,P1Y,0,,A,PU,_Z,2,,,False,WB_WDI,WB_WDI_SP_DYN_LE00_IN,OMN,_T,_T,_T,_Z,_Z,_Z,2023,A,YR,
67.649,P1Y,0,,A,PU,_Z,2,,,False,WB_WDI,WB_WDI_SP_DYN_LE00_IN,PAK,_T,_T,_T,_Z,_Z,_Z,2023,A,YR,
69.269,P1Y,0,,A,PU,_Z,2,,,False,WB_WDI,WB_WDI_SP_DYN_LE00_IN,PLW,_T,_T,_T,_Z,_Z,_Z,2023,A,YR,
79.594,P1Y,0,,A,PU,_Z,2,,,False,WB_WDI,WB_WDI_SP_DYN_LE00_IN,PAN,_T,_T,_T,_Z,_Z,_Z,2023,A,YR,
66.134,P1Y,0,,A,PU,_Z,2,,,False,WB_WDI,WB_WDI_SP_DYN_LE00_IN,PNG,_T,_T,_T,_Z,_Z,_Z,2023,A,YR,
73.844,P1Y,0,,A,PU,_Z,2,,,False,WB_WDI,WB_WDI_SP_DYN_LE00_IN,PRY,_T,_T,_T,_Z,_Z,_Z,2023,A,YR,
77.74,P1Y,0,,A,PU,_Z,2,,,False,WB_WDI,WB_WDI_SP_DYN_LE00_IN,PER,_T,_T,_T,_Z,_Z,_Z,2023,A,YR,
81.141,P1Y,0,,A,PU,_Z,2,,,False,WB_WDI,WB_WDI_SP_DYN_LE00_IN,PYF,_T,_T,_T,_Z,_Z,_Z,2010,A,YR,
64.715,P1Y,0,,A,PU,_Z,2,,,False,WB_WDI,WB_WDI_SP_DYN_LE00_IN,GAB,_T,_T,_T,_Z,_Z,_Z,2010,A,YR,
61.167,P1Y,0,,A,PU,_Z,2,,,False,WB_WDI,WB_WDI_SP_DYN_LE00_IN,GMB,_T,_T,_T,_Z,_Z,_Z,2010,A,YR,
71.732,P1Y,0,,A,PU,_Z,2,,,False,WB_WDI,WB_WDI_SP_DYN_LE00_IN,GEO,_T,_T,_T,_Z,_Z,_Z,2010,A,YR,
79.987805,P1Y,0,,A,PU,_Z,2,,,False,WB_WDI,WB_WDI_SP_DYN_LE00_IN,DEU,_T,_T,_T,_Z,_Z,_Z,2010,A,YR,
61.297,P1Y,0,,A,PU,_Z,2,,,False,WB_WDI,WB_WDI_SP_DYN_LE00_IN,GHA,_T,_T,_T,_Z,_Z,_Z,2010,A,YR,
82.08,P1Y,0,,A,PU,_Z,2,,,False,WB_WDI,WB_WDI_SP_DYN_LE00_IN,GIB,_T,_T,_T,_Z,_Z,_Z,2010,A,YR,
80.387805,P1Y,0,,A,PU,_Z,2,,,False,WB_WDI,WB_WDI_SP_DYN_LE00_IN,GRC,_T,_T,_T,_Z,_Z,_Z,2010,A,YR,
69.349756,P1Y,0,,A,PU,_Z,2,,,False,WB_WDI,WB_WDI_SP_DYN_LE00_IN,GRL,_T,_T,_T,_Z,_Z,_Z,2010,A,YR,
74.731,P1Y,0,,A,PU,_Z,2,,,False,WB_WDI,WB_WDI_SP_DYN_LE00_IN,GRD,_T,_T,_T,_Z,_Z,_Z,2010,A,YR,
76.095,P1Y,0,,A,PU,_Z,2,,,False,WB_WDI,WB_WDI_SP_DYN_LE00_IN,GUM,_T,_T,_T,_Z,_Z,_Z,2010,A,YR,
69.885,P1Y,0,,A,PU,_Z,2,,,False,WB_WDI,WB_WDI_SP_DYN_LE00_IN,GTM,_T,_T,_T,_Z,_Z,_Z,2010,A,YR,
56.431,P1Y,0,,A,PU,_Z,2,,,False,WB_WDI,WB_WDI_SP_DYN_LE00_IN,GIN,_T,_T,_T,_Z,_Z,_Z,2010,A,YR,
64.766,P1Y,0,,A,PU,_Z,2,,,False,WB_WDI,WB_WDI_SP_DYN_LE00_IN,ETH,_T,_T,_T,_Z,_Z,_Z,2017,A,YR,
82.106293,P1Y,0,,A,PU,_Z,2,,,False,WB_WDI,WB_WDI_SP_DYN_LE00_IN,FRO,_T,_T,_T,_Z,_Z,_Z,2017,A,YR,
67.06,P1Y,0,,A,PU,_Z,2,,,False,WB_WDI,WB_WDI_SP_DYN_LE00_IN,FJI,_T,_T,_T,_Z,_Z,_Z,2017,A,YR,
81.631707,P1Y,0,,A,PU,_Z,2,,,False,WB_WDI,WB_WDI_SP_DYN_LE00_IN,FIN,_T,_T,_T,_Z,_Z,_Z,2017,A,YR,
82.57561,P1Y,0,,A,PU,_Z,2,,,False,WB_WDI,WB_WDI_SP_DYN_LE00_IN,FRA,_T,_T,_T,_Z,_Z,_Z,2017,A,YR,
82.774,P1Y,0,,A,PU,_Z,2,,,False,WB_WDI,WB_WDI_SP_DYN_LE00_IN,PYF,_T,_T,_T,_Z,_Z,_Z,2017,A,YR,
66.816,P1Y,0,,A,PU,_Z,2,,,False,WB_WDI,WB_WDI_SP_DYN_LE00_IN,GAB,_T,_T,_T,_Z,_Z,_Z,2017,A,YR,
63.708,P1Y,0,,A,PU,_Z,2,,,False,WB_WDI,WB_WDI_SP_DYN_LE00_IN,GMB,_T,_T,_T,_Z,_Z,_Z,2017,A,YR,
73.435,P1Y,0,,A,PU,_Z,2,,,False,WB_WDI,WB_WDI_SP_DYN_LE00_IN,GEO,_T,_T,_T,_Z,_Z,_Z,2017,A,YR,
80.992683,P1Y,0,,A,PU,_Z,2,,,False,WB_WDI,WB_WDI_SP_DYN_LE00_IN,DEU,_T,_T,_T,_Z,_Z,_Z,2017,A,YR,
63.829,P1Y,0,,A,PU,_Z,2,,,False,WB_WDI,WB_WDI_SP_DYN_LE00_IN,GHA,_T,_T,_T,_Z,_Z,_Z,2017,A,YR,
82.858,P1Y,0,,A,PU,_Z,2,,,False,WB_WDI,WB_WDI_SP_DYN_LE00_IN,GIB,_T,_T,_T,_Z,_Z,_Z,2017,A,YR,
80.702439,P1Y,0,,A,PU,_Z,2,,,False,WB_WDI,WB_WDI_SP_DYN_LE00_IN,NLD,_T,_T,_T,_Z,_Z,_Z,2010,A,YR,
75.992,P1Y,0,,A,PU,_Z,2,,,False,WB_WDI,WB_WDI_SP_DYN_LE00_IN,NCL,_T,_T,_T,_Z,_Z,_Z,2010,A,YR,
80.904878,P1Y,0,,A,PU,_Z,2,,,False,WB_WDI,WB_WDI_SP_DYN_LE00_IN,NZL,_T,_T,_T,_Z,_Z,_Z,2010,A,YR,
71.761,P1Y,0,,A,PU,_Z,2,,,False,WB_WDI,WB_WDI_SP_DYN_LE00_IN,NIC,_T,_T,_T,_Z,_Z,_Z,2010,A,YR,
57.08,P1Y,0,,A,PU,_Z,2,,,False,WB_WDI,WB_WDI_SP_DYN_LE00_IN,NER,_T,_T,_T,_Z,_Z,_Z,2010,A,YR,
51.315,P1Y,0,,A,PU,_Z,2,,,False,WB_WDI,WB_WDI_SP_DYN_LE00_IN,NGA,_T,_T,_T,_Z,_Z,_Z,2010,A,YR,
74.997561,P1Y,0,,A,PU,_Z,2,,,False,WB_WDI,WB_WDI_SP_DYN_LE00_IN,MKD,_T,_T,_T,_Z,_Z,_Z,2010,A,YR,
77.8,P1Y,0,,A,PU,_Z,2,,,False,WB_WDI,WB_WDI_SP_DYN_LE00_IN,MNP,_T,_T,_T,_Z,_Z,_Z,2010,A,YR,
80.997561,P1Y,0,,A,PU,_Z,2,,,False,WB_WDI,WB_WDI_SP_DYN_LE00_IN,NOR,_T,_T,_T,_Z,_Z,_Z,2010,A,YR,
77.184,P1Y,0,,A,PU,_Z,2,,,False,WB_WDI,WB_WDI_SP_DYN_LE00_IN,OMN,_T,_T,_T,_Z,_Z,_Z,2010,A,YR,
64.378,P1Y,0,,A,PU,_Z,2,,,False,WB_WDI,WB_WDI_SP_DYN_LE00_IN,PAK,_T,_T,_T,_Z,_Z,_Z,2010,A,YR,
68.347,P1Y,0,,A,PU,_Z,2,,,False,WB_WDI,WB_WDI_SP_DYN_LE00_IN,PLW,_T,_T,_T,_Z,_Z,_Z,2010,A,YR,
80.369532,P1Y,0,,A,PU,_Z,2,,,False,WB_WDI,WB_WDI_SP_DYN_LE00_IN,FRO,_T,_T,_T,_Z,_Z,_Z,2009,A,YR,
66.347,P1Y,0,,A,PU,_Z,2,,,False,WB_WDI,WB_WDI_SP_DYN_LE00_IN,FJI,_T,_T,_T,_Z,_Z,_Z,2009,A,YR,
79.719512,P1Y,0,,A,PU,_Z,2,,,False,WB_WDI,WB_WDI_SP_DYN_LE00_IN,FIN,_T,_T,_T,_Z,_Z,_Z,2009,A,YR,
81.414634,P1Y,0,,A,PU,_Z,2,,,False,WB_WDI,WB_WDI_SP_DYN_LE00_IN,FRA,_T,_T,_T,_Z,_Z,_Z,2009,A,YR,
80.867,P1Y,0,,A,PU,_Z,2,,,False,WB_WDI,WB_WDI_SP_DYN_LE00_IN,PYF,_T,_T,_T,_Z,_Z,_Z,2009,A,YR,
64.361,P1Y,0,,A,PU,_Z,2,,,False,WB_WDI,WB_WDI_SP_DYN_LE00_IN,GAB,_T,_T,_T,_Z,_Z,_Z,2009,A,YR,
60.735,P1Y,0,,A,PU,_Z,2,,,False,WB_WDI,WB_WDI_SP_DYN_LE00_IN,GMB,_T,_T,_T,_Z,_Z,_Z,2009,A,YR,
71.058,P1Y,0,,A,PU,_Z,2,,,False,WB_WDI,WB_WDI_SP_DYN_LE00_IN,GEO,_T,_T,_T,_Z,_Z,_Z,2009,A,YR,
79.836585,P1Y,0,,A,PU,_Z,2,,,False,WB_WDI,WB_WDI_SP_DYN_LE00_IN,DEU,_T,_T,_T,_Z,_Z,_Z,2009,A,YR,
60.928,P1Y,0,,A,PU,_Z,2,,,False,WB_WDI,WB_WDI_SP_DYN_LE00_IN,GHA,_T,_T,_T,_Z,_Z,_Z,2009,A,YR,
81.807,P1Y,0,,A,PU,_Z,2,,,False,WB_WDI,WB_WDI_SP_DYN_LE00_IN,GIB,_T,_T,_T,_Z,_Z,_Z,2009,A,YR,
80.187805,P1Y,0,,A,PU,_Z,2,,,False,WB_WDI,WB_WDI_SP_DYN_LE00_IN,GRC,_T,_T,_T,_Z,_Z,_Z,2009,A,YR,
69.032195,P1Y,0,,A,PU,_Z,2,,,False,WB_WDI,WB_WDI_SP_DYN_LE00_IN,GRL,_T,_T,_T,_Z,_Z,_Z,2009,A,YR,
74.567,P1Y,0,,A,PU,_Z,2,,,False,WB_WDI,WB_WDI_SP_DYN_LE00_IN,GRD,_T,_T,_T,_Z,_Z,_Z,2009,A,YR,
63.839,P1Y,0,,A,PU,_Z,2,,,False,WB_WDI,WB_WDI_SP_DYN_LE00_IN,COM,_T,_T,_T,_Z,_Z,_Z,2013,A,YR,
57.795,P1Y,0,,A,PU,_Z,2,,,False,WB_WDI,WB_WDI_SP_DYN_LE00_IN,COD,_T,_T,_T,_Z,_Z,_Z,2013,A,YR,
62.969,P1Y,0,,A,PU,_Z,2,,,False,WB_WDI,WB_WDI_SP_DYN_LE00_IN,COG,_T,_T,_T,_Z,_Z,_Z,2013,A,YR,
80.189,P1Y,0,,A,PU,_Z,2,,,False,WB_WDI,WB_WDI_SP_DYN_LE00_IN,CRI,_T,_T,_T,_Z,_Z,_Z,2013,A,YR,
57.057,P1Y,0,,A,PU,_Z,2,,,False,WB_WDI,WB_WDI_SP_DYN_LE00_IN,CIV,_T,_T,_T,_Z,_Z,_Z,2013,A,YR,
77.570732,P1Y,0,,A,PU,_Z,2,,,False,WB_WDI,WB_WDI_SP_DYN_LE00_IN,HRV,_T,_T,_T,_Z,_Z,_Z,2013,A,YR,
78.028,P1Y,0,,A,PU,_Z,2,,,False,WB_WDI,WB_WDI_SP_DYN_LE00_IN,CUB,_T,_T,_T,_Z,_Z,_Z,2013,A,YR,
76.239,P1Y,0,,A,PU,_Z,2,,,False,WB_WDI,WB_WDI_SP_DYN_LE00_IN,CUW,_T,_T,_T,_Z,_Z,_Z,2013,A,YR,
81.317,P1Y,0,,A,PU,_Z,2,,,False,WB_WDI,WB_WDI_SP_DYN_LE00_IN,CYP,_T,_T,_T,_Z,_Z,_Z,2013,A,YR,
78.17561,P1Y,0,,A,PU,_Z,2,,,False,WB_WDI,WB_WDI_SP_DYN_LE00_IN,CZE,_T,_T,_T,_Z,_Z,_Z,2013,A,YR,
80.3,P1Y,0,,A,PU,_Z,2,,,False,WB_WDI,WB_WDI_SP_DYN_LE00_IN,DNK,_T,_T,_T,_Z,_Z,_Z,2013,A,YR,
83.497561,P1Y,0,,A,PU,_Z,2,,,False,WB_WDI,WB_WDI_SP_DYN_LE00_IN,ITA,_T,_T,_T,_Z,_Z,_Z,2019,A,YR,
71.532,P1Y,0,,A,PU,_Z,2,,,False,WB_WDI,WB_WDI_SP_DYN_LE00_IN,JAM,_T,_T,_T,_Z,_Z,_Z,2019,A,YR,
84.356341,P1Y,0,,A,PU,_Z,2,,,False,WB_WDI,WB_WDI_SP_DYN_LE00_IN,JPN,_T,_T,_T,_Z,_Z,_Z,2019,A,YR,
76.865,P1Y,0,,A,PU,_Z,2,,,False,WB_WDI,WB_WDI_SP_DYN_LE00_IN,JOR,_T,_T,_T,_Z,_Z,_Z,2019,A,YR,
73.658,P1Y,0,,A,PU,_Z,2,,,False,WB_WDI,WB_WDI_SP_DYN_LE00_IN,KAZ,_T,_T,_T,_Z,_Z,_Z,2019,A,YR,
62.939,P1Y,0,,A,PU,_Z,2,,,False,WB_WDI,WB_WDI_SP_DYN_LE00_IN,KEN,_T,_T,_T,_Z,_Z,_Z,2019,A,YR,
65.866,P1Y,0,,A,PU,_Z,2,,,False,WB_WDI,WB_WDI_SP_DYN_LE00_IN,KIR,_T,_T,_T,_Z,_Z,_Z,2019,A,YR,
72.928,P1Y,0,,A,PU,_Z,2,,,False,WB_WDI,WB_WDI_SP_DYN_LE00_IN,PRK,_T,_T,_T,_Z,_Z,_Z,2019,A,YR,
83.226829,P1Y,0,,A,PU,_Z,2,,,False,WB_WDI,WB_WDI_SP_DYN_LE00_IN,KOR,_T,_T,_T,_Z,_Z,_Z,2019,A,YR,
77.249,P1Y,0,,A,PU,_Z,2,,,False,WB_WDI,WB_WDI_SP_DYN_LE00_IN,XKX,_T,_T,_T,_Z,_Z,_Z,2019,A,YR,
81.969756,P1Y,0,,A,PU,_Z,2,,,False,WB_WDI,WB_WDI_SP_DYN_LE00_IN,KWT,_T,_T,_T,_Z,_Z,_Z,2019,A,YR,
71.6,P1Y,0,,A,PU,_Z,2,,,False,WB_WDI,WB_WDI_SP_DYN_LE00_IN,KGZ,_T,_T,_T,_Z,_Z,_Z,2019,A,YR,
55.791,P1Y,0,,A,PU,_Z,2,,,False,WB_WDI,WB_WDI_SP_DYN_LE00_IN,BFA,_T,_T,_T,_Z,_Z,_Z,2009,A,YR,
56.422,P1Y,0,,A,PU,_Z,2,,,False,WB_WDI,WB_WDI_SP_DYN_LE00_IN,BDI,_T,_T,_T,_Z,_Z,_Z,2009,A,YR,
72.142,P1Y,0,,A,PU,_Z,2,,,False,WB_WDI,WB_WDI_SP_DYN_LE00_IN,CPV,_T,_T,_T,_Z,_Z,_Z,2009,A,YR,
66.747,P1Y,0,,A,PU,_Z,2,,,False,WB_WDI,WB_WDI_SP_DYN_LE00_IN,KHM,_T,_T,_T,_Z,_Z,_Z,2009,A,YR,
56.486,P1Y,0,,A,PU,_Z,2,,,False,WB_WDI,WB_WDI_SP_DYN_LE00_IN,CMR,_T,_T,_T,_Z,_Z,_Z,2009,A,YR,
81.066098,P1Y,0,,A,PU,_Z,2,,,False,WB_WDI,WB_WDI_SP_DYN_LE00_IN,CAN,_T,_T,_T,_Z,_Z,_Z,2009,A,YR,
75.671,P1Y,0,,A,PU,_Z,2,,,False,WB_WDI,WB_WDI_SP_DYN_LE00_IN,CYM,_T,_T,_T,_Z,_Z,_Z,2009,A,YR,
14.665,P1Y,0,,A,PU,_Z,2,,,False,WB_WDI,WB_WDI_SP_DYN_LE00_IN,CAF,_T,_T,_T,_Z,_Z,_Z,2009,A,YR,
49.828,P1Y,0,,A,PU,_Z,2,,,False,WB_WDI,WB_WDI_SP_DYN_LE00_IN,TCD,_T,_T,_T,_Z,_Z,_Z,2009,A,YR,
81,P1Y,0,,A,PU,_Z,2,,,False,WB_WDI,WB_WDI_SP_DYN_LE00_IN,CHI,_T,_T,_T,_Z,_Z,_Z,2009,A,YR,
78.89,P1Y,0,,A,PU,_Z,2,,,False,WB_WDI,WB_WDI_SP_DYN_LE00_IN,CHL,_T,_T,_T,_Z,_Z,_Z,2009,A,YR,
75.317,P1Y,0,,A,PU,_Z,2,,,False,WB_WDI,WB_WDI_SP_DYN_LE00_IN,CHN,_T,_T,_T,_Z,_Z,_Z,2009,A,YR,
60.063,P1Y,0,,A,PU,_Z,2,,,False,WB_WDI,WB_WDI_SP_DYN_LE00_IN,ERI,_T,_T,_T,_Z,_Z,_Z,2004,A,YR,
71.909756,P1Y,0,,A,PU,_Z,2,,,False,WB_WDI,WB_WDI_SP_DYN_LE00_IN,EST,_T,_T,_T,_Z,_Z,_Z,2004,A,YR,
43.906,P1Y,0,,A,PU,_Z,2,,,False,WB_WDI,WB_WDI_SP_DYN_LE00_IN,SWZ,_T,_T,_T,_Z,_Z,_Z,2004,A,YR,
53.735,P1Y,0,,A,PU,_Z,2,,,False,WB_WDI,WB_WDI_SP_DYN_LE00_IN,ETH,_T,_T,_T,_Z,_Z,_Z,2004,A,YR,
79.20498,P1Y,0,,A,PU,_Z,2,,,False,WB_WDI,WB_WDI_SP_DYN_LE00_IN,FRO,_T,_T,_T,_Z,_Z,_Z,2004,A,YR,
65.841,P1Y,0,,A,PU,_Z,2,,,False,WB_WDI,WB_WDI_SP_DYN_LE00_IN,FJI,_T,_T,_T,_Z,_Z,_Z,2004,A,YR,
78.714634,P1Y,0,,A,PU,_Z,2,,,False,WB_WDI,WB_WDI_SP_DYN_LE00_IN,FIN,_T,_T,_T,_Z,_Z,_Z,2004,A,YR,
80.163415,P1Y,0,,A,PU,_Z,2,,,False,WB_WDI,WB_WDI_SP_DYN_LE00_IN,FRA,_T,_T,_T,_Z,_Z,_Z,2004,A,YR,
79.829,P1Y,0,,A,PU,_Z,2,,,False,WB_WDI,WB_WDI_SP_DYN_LE00_IN,PYF,_T,_T,_T,_Z,_Z,_Z,2004,A,YR,
62.694,P1Y,0,,A,PU,_Z,2,,,False,WB_WDI,WB_WDI_SP_DYN_LE00_IN,GAB,_T,_T,_T,_Z,_Z,_Z,2004,A,YR,
58.749,P1Y,0,,A,PU,_Z,2,,,False,WB_WDI,WB_WDI_SP_DYN_LE00_IN,GMB,_T,_T,_T,_Z,_Z,_Z,2004,A,YR,
71.011,P1Y,0,,A,PU,_Z,2,,,False,WB_WDI,WB_WDI_SP_DYN_LE00_IN,GEO,_T,_T,_T,_Z,_Z,_Z,2004,A,YR,
78.680488,P1Y,0,,A,PU,_Z,2,,,False,WB_WDI,WB_WDI_SP_DYN_LE00_IN,DEU,_T,_T,_T,_Z,_Z,_Z,2004,A,YR,
45.625,P1Y,0,,A,PU,_Z,2,,,False,WB_WDI,WB_WDI_SP_DYN_LE00_IN,SSD,_T,_T,_T,_Z,_Z,_Z,2014,A,YR,
83.229268,P1Y,0,,A,PU,_Z,2,,,False,WB_WDI,WB_WDI_SP_DYN_LE00_IN,ESP,_T,_T,_T,_Z,_Z,_Z,2014,A,YR,
75.757,P1Y,0,,A,PU,_Z,2,,,False,WB_WDI,WB_WDI_SP_DYN_LE00_IN,LKA,_T,_T,_T,_Z,_Z,_Z,2014,A,YR,
71.228,P1Y,0,,A,PU,_Z,2,,,False,WB_WDI,WB_WDI_SP_DYN_LE00_IN,KNA,_T,_T,_T,_Z,_Z,_Z,2014,A,YR,
72.676,P1Y,0,,A,PU,_Z,2,,,False,WB_WDI,WB_WDI_SP_DYN_LE00_IN,LCA,_T,_T,_T,_Z,_Z,_Z,2014,A,YR,
79.727,P1Y,0,,A,PU,_Z,2,,,False,WB_WDI,WB_WDI_SP_DYN_LE00_IN,MAF,_T,_T,_T,_Z,_Z,_Z,2014,A,YR,
70.355,P1Y,0,,A,PU,_Z,2,,,False,WB_WDI,WB_WDI_SP_DYN_LE00_IN,VCT,_T,_T,_T,_Z,_Z,_Z,2014,A,YR,
63.99,P1Y,0,,A,PU,_Z,2,,,False,WB_WDI,WB_WDI_SP_DYN_LE00_IN,SDN,_T,_T,_T,_Z,_Z,_Z,2014,A,YR,
70.33,P1Y,0,,A,PU,_Z,2,,,False,WB_WDI,WB_WDI_SP_DYN_LE00_IN,SUR,_T,_T,_T,_Z,_Z,_Z,2014,A,YR,
82.253659,P1Y,0,,A,PU,_Z,2,,,False,WB_WDI,WB_WDI_SP_DYN_LE00_IN,SWE,_T,_T,_T,_Z,_Z,_Z,2014,A,YR,
83.197561,P1Y,0,,A,PU,_Z,2,,,False,WB_WDI,WB_WDI_SP_DYN_LE00_IN,CHE,_T,_T,_T,_Z,_Z,_Z,2014,A,YR,
65.492,P1Y,0,,A,PU,_Z,2,,,False,WB_WDI,WB_WDI_SP_DYN_LE00_IN,SYR,_T,_T,_T,_Z,_Z,_Z,2014,A,YR,
69.697,P1Y,0,,A,PU,_Z,2,,,False,WB_WDI,WB_WDI_SP_DYN_LE00_IN,TJK,_T,_T,_T,_Z,_Z,_Z,2014,A,YR,
71.584,P1Y,0,,A,PU,_Z,2,,,False,WB_WDI,WB_WDI_SP_DYN_LE00_IN,PRY,_T,_T,_T,_Z,_Z,_Z,2006,A,YR,
72.337,P1Y,0,,A,PU,_Z,2,,,False,WB_WDI,WB_WDI_SP_DYN_LE00_IN,PER,_T,_T,_T,_Z,_Z,_Z,2006,A,YR,
68.172,P1Y,0,,A,PU,_Z,2,,,False,WB_WDI,WB_WDI_SP_DYN_LE00_IN,PHL,_T,_T,_T,_Z,_Z,_Z,2006,A,YR,
75.143902,P1Y,0,,A,PU,_Z,2,,,False,WB_WDI,WB_WDI_SP_DYN_LE00_IN,POL,_T,_T,_T,_Z,_Z,_Z,2006,A,YR,
78.419512,P1Y,0,,A,PU,_Z,2,,,False,WB_WDI,WB_WDI_SP_DYN_LE00_IN,PRT,_T,_T,_T,_Z,_Z,_Z,2006,A,YR,
77.561,P1Y,0,,A,PU,_Z,2,,,False,WB_WDI,WB_WDI_SP_DYN_LE00_IN,PRI,_T,_T,_T,_Z,_Z,_Z,2006,A,YR,
77.323,P1Y,0,,A,PU,_Z,2,,,False,WB_WDI,WB_WDI_SP_DYN_LE00_IN,QAT,_T,_T,_T,_Z,_Z,_Z,2006,A,YR,
72.163415,P1Y,0,,A,PU,_Z,2,,,False,WB_WDI,WB_WDI_SP_DYN_LE00_IN,ROU,_T,_T,_T,_Z,_Z,_Z,2006,A,YR,
66.727561,P1Y,0,,A,PU,_Z,2,,,False,WB_WDI,WB_WDI_SP_DYN_LE00_IN,RUS,_T,_T,_T,_Z,_Z,_Z,2006,A,YR,
58.342,P1Y,0,,A,PU,_Z,2,,,False,WB_WDI,WB_WDI_SP_DYN_LE00_IN,RWA,_T,_T,_T,_Z,_Z,_Z,2006,A,YR,
71.62,P1Y,0,,A,PU,_Z,2,,,False,WB_WDI,WB_WDI_SP_DYN_LE00_IN,WSM,_T,_T,_T,_Z,_Z,_Z,2006,A,YR,
82.258,P1Y,0,,A,PU,_Z,2,,,False,WB_WDI,WB_WDI_SP_DYN_LE00_IN,SMR,_T,_T,_T,_Z,_Z,_Z,2006,A,YR,
63.041,P1Y,0,,A,PU,_Z,2,,,False,WB_WDI,WB_WDI_SP_DYN_LE00_IN,STP,_T,_T,_T,_Z,_Z,_Z,2006,A,YR,
74.412195,P1Y,0,,A,PU,_Z,2,,,False,WB_WDI,WB_WDI_SP_DYN_LE00_IN,ROU,_T,_T,_T,_Z,_Z,_Z,2012,A,YR,
70.072195,P1Y,0,,A,PU,_Z,2,,,False,WB_WDI,WB_WDI_SP_DYN_LE00_IN,RUS,_T,_T,_T,_Z,_Z,_Z,2012,A,YR,
64.189,P1Y,0,,A,PU,_Z,2,,,False,WB_WDI,WB_WDI_SP_DYN_LE00_IN,RWA,_T,_T,_T,_Z,_Z,_Z,2012,A,YR,
71.159,P1Y,0,,A,PU,_Z,2,,,False,WB_WDI,WB_WDI_SP_DYN_LE00_IN,WSM,_T,_T,_T,_Z,_Z,_Z,2012,A,YR,
83.943,P1Y,0,,A,PU,_Z,2,,,False,WB_WDI,WB_WDI_SP_DYN_LE00_IN,SMR,_T,_T,_T,_Z,_Z,_Z,2012,A,YR,
64.505,P1Y,0,,A,PU,_Z,2,,,False,WB_WDI,WB_WDI_SP_DYN_LE00_IN,STP,_T,_T,_T,_Z,_Z,_Z,2012,A,YR,
76.09,P1Y,0,,A,PU,_Z,2,,,False,WB_WDI,WB_WDI_SP_DYN_LE00_IN,SAU,_T,_T,_T,_Z,_Z,_Z,2012,A,YR,
65.229,P1Y,0,,A,PU,_Z,2,,,False,WB_WDI,WB_WDI_SP_DYN_LE00_IN,SEN,_T,_T,_T,_Z,_Z,_Z,2012,A,YR,
74.836585,P1Y,0,,A,PU,_Z,2,,,False,WB_WDI,WB_WDI_SP_DYN_LE00_IN,SRB,_T,_T,_T,_Z,_Z,_Z,2012,A,YR,
74.27561,P1Y,0,,A,PU,_Z,2,,,False,WB_WDI,WB_WDI_SP_DYN_LE00_IN,SYC,_T,_T,_T,_Z,_Z,_Z,2012,A,YR,
53.159,P1Y,0,,A,PU,_Z,2,,,False,WB_WDI,WB_WDI_SP_DYN_LE00_IN,SLE,_T,_T,_T,_Z,_Z,_Z,2012,A,YR,
81.995122,P1Y,0,,A,PU,_Z,2,,,False,WB_WDI,WB_WDI_SP_DYN_LE00_IN,SGP,_T,_T,_T,_Z,_Z,_Z,2012,A,YR,
68.674,P1Y,0,,A,PU,_Z,2,,,False,WB_WDI,WB_WDI_SP_DYN_LE00_IN,MDA,_T,_T,_T,_Z,_Z,_Z,2007,A,YR,
83.903,P1Y,0,,A,PU,_Z,2,,,False,WB_WDI,WB_WDI_SP_DYN_LE00_IN,MCO,_T,_T,_T,_Z,_Z,_Z,2007,A,YR,
66.593415,P1Y,0,,A,PU,_Z,2,,,False,WB_WDI,WB_WDI_SP_DYN_LE00_IN,MNG,_T,_T,_T,_Z,_Z,_Z,2007,A,YR,
74.339024,P1Y,0,,A,PU,_Z,2,,,False,WB_WDI,WB_WDI_SP_DYN_LE00_IN,MNE,_T,_T,_T,_Z,_Z,_Z,2007,A,YR,
69.62,P1Y,0,,A,PU,_Z,2,,,False,WB_WDI,WB_WDI_SP_DYN_LE00_IN,MAR,_T,_T,_T,_Z,_Z,_Z,2007,A,YR,
53.255,P1Y,0,,A,PU,_Z,2,,,False,WB_WDI,WB_WDI_SP_DYN_LE00_IN,MOZ,_T,_T,_T,_Z,_Z,_Z,2007,A,YR,
62.367,P1Y,0,,A,PU,_Z,2,,,False,WB_WDI,WB_WDI_SP_DYN_LE00_IN,MMR,_T,_T,_T,_Z,_Z,_Z,2007,A,YR,
54.026,P1Y,0,,A,PU,_Z,2,,,False,WB_WDI,WB_WDI_SP_DYN_LE00_IN,NAM,_T,_T,_T,_Z,_Z,_Z,2007,A,YR,
59.49,P1Y,0,,A,PU,_Z,2,,,False,WB_WDI,WB_WDI_SP_DYN_LE00_IN,NRU,_T,_T,_T,_Z,_Z,_Z,2007,A,YR,
66.169,P1Y,0,,A,PU,_Z,2,,,False,WB_WDI,WB_WDI_SP_DYN_LE00_IN,NPL,_T,_T,_T,_Z,_Z,_Z,2007,A,YR,
80.097561,P1Y,0,,A,PU,_Z,2,,,False,WB_WDI,WB_WDI_SP_DYN_LE00_IN,NLD,_T,_T,_T,_Z,_Z,_Z,2007,A,YR,
75.181,P1Y,0,,A,PU,_Z,2,,,False,WB_WDI,WB_WDI_SP_DYN_LE00_IN,NCL,_T,_T,_T,_Z,_Z,_Z,2007,A,YR,
80.15122,P1Y,0,,A,PU,_Z,2,,,False,WB_WDI,WB_WDI_SP_DYN_LE00_IN,NZL,_T,_T,_T,_Z,_Z,_Z,2007,A,YR,
76.748,P1Y,0,,A,PU,_Z,2,,,False,WB_WDI,WB_WDI_SP_DYN_LE00_IN,XKX,_T,_T,_T,_Z,_Z,_Z,2016,A,YR,
79.677585,P1Y,0,,A,PU,_Z,2,,,False,WB_WDI,WB_WDI_SP_DYN_LE00_IN,KWT,_T,_T,_T,_Z,_Z,_Z,2016,A,YR,
70.95122,P1Y,0,,A,PU,_Z,2,,,False,WB_WDI,WB_WDI_SP_DYN_LE00_IN,KGZ,_T,_T,_T,_Z,_Z,_Z,2016,A,YR,
67.014,P1Y,0,,A,PU,_Z,2,,,False,WB_WDI,WB_WDI_SP_DYN_LE00_IN,LAO,_T,_T,_T,_Z,_Z,_Z,2016,A,YR,
74.580488,P1Y,0,,A,PU,_Z,2,,,False,WB_WDI,WB_WDI_SP_DYN_LE00_IN,LVA,_T,_T,_T,_Z,_Z,_Z,2016,A,YR,
78.306,P1Y,0,,A,PU,_Z,2,,,False,WB_WDI,WB_WDI_SP_DYN_LE00_IN,LBN,_T,_T,_T,_Z,_Z,_Z,2016,A,YR,
52.908,P1Y,0,,A,PU,_Z,2,,,False,WB_WDI,WB_WDI_SP_DYN_LE00_IN,LSO,_T,_T,_T,_Z,_Z,_Z,2016,A,YR,
60.483,P1Y,0,,A,PU,_Z,2,,,False,WB_WDI,WB_WDI_SP_DYN_LE00_IN,LBR,_T,_T,_T,_Z,_Z,_Z,2016,A,YR,
71.799,P1Y,0,,A,PU,_Z,2,,,False,WB_WDI,WB_WDI_SP_DYN_LE00_IN,LBY,_T,_T,_T,_Z,_Z,_Z,2016,A,YR,
82.258537,P1Y,0,,A,PU,_Z,2,,,False,WB_WDI,WB_WDI_SP_DYN_LE00_IN,LIE,_T,_T,_T,_Z,_Z,_Z,2016,A,YR,
74.670732,P1Y,0,,A,PU,_Z,2,,,False,WB_WDI,WB_WDI_SP_DYN_LE00_IN,LTU,_T,_T,_T,_Z,_Z,_Z,2016,A,YR,
82.685366,P1Y,0,,A,PU,_Z,2,,,False,WB_WDI,WB_WDI_SP_DYN_LE00_IN,LUX,_T,_T,_T,_Z,_Z,_Z,2016,A,YR,
71.437,P1Y,0,,A,PU,_Z,2,,,False,WB_WDI,WB_WDI_SP_DYN_LE00_IN,BLZ,_T,_T,_T,_Z,_Z,_Z,2014,A,YR,
59.008,P1Y,0,,A,PU,_Z,2,,,False,WB_WDI,WB_WDI_SP_DYN_LE00_IN,BEN,_T,_T,_T,_Z,_Z,_Z,2014,A,YR,
80.199,P1Y,0,,A,PU,_Z,2,,,False,WB_WDI,WB_WDI_SP_DYN_LE00_IN,BMU,_T,_T,_T,_Z,_Z,_Z,2014,A,YR,
70.504,P1Y,0,,A,PU,_Z,2,,,False,WB_WDI,WB_WDI_SP_DYN_LE00_IN,BTN,_T,_T,_T,_Z,_Z,_Z,2014,A,YR,
66.97,P1Y,0,,A,PU,_Z,2,,,False,WB_WDI,WB_WDI_SP_DYN_LE00_IN,BOL,_T,_T,_T,_Z,_Z,_Z,2014,A,YR,
77.089,P1Y,0,,A,PU,_Z,2,,,False,WB_WDI,WB_WDI_SP_DYN_LE00_IN,BIH,_T,_T,_T,_Z,_Z,_Z,2014,A,YR,
62.167,P1Y,0,,A,PU,_Z,2,,,False,WB_WDI,WB_WDI_SP_DYN_LE00_IN,BWA,_T,_T,_T,_Z,_Z,_Z,2014,A,YR,
74.823,P1Y,0,,A,PU,_Z,2,,,False,WB_WDI,WB_WDI_SP_DYN_LE00_IN,BRA,_T,_T,_T,_Z,_Z,_Z,2014,A,YR,
76.527,P1Y,0,,A,PU,_Z,2,,,False,WB_WDI,WB_WDI_SP_DYN_LE00_IN,VGB,_T,_T,_T,_Z,_Z,_Z,2014,A,YR,
74.862,P1Y,0,,A,PU,_Z,2,,,False,WB_WDI,WB_WDI_SP_DYN_LE00_IN,BRN,_T,_T,_T,_Z,_Z,_Z,2014,A,YR,
74.465854,P1Y,0,,A,PU,_Z,2,,,False,WB_WDI,WB_WDI_SP_DYN_LE00_IN,BGR,_T,_T,_T,_Z,_Z,_Z,2014,A,YR,
60.533,P1Y,0,,A,PU,_Z,2,,,False,WB_WDI,WB_WDI_SP_DYN_LE00_IN,NRU,_T,_T,_T,_Z,_Z,_Z,2012,A,YR,
67.364,P1Y,0,,A,PU,_Z,2,,,False,WB_WDI,WB_WDI_SP_DYN_LE00_IN,NPL,_T,_T,_T,_Z,_Z,_Z,2012,A,YR,
81.104878,P1Y,0,,A,PU,_Z,2,,,False,WB_WDI,WB_WDI_SP_DYN_LE00_IN,NLD,_T,_T,_T,_Z,_Z,_Z,2012,A,YR,
76.615,P1Y,0,,A,PU,_Z,2,,,False,WB_WDI,WB_WDI_SP_DYN_LE00_IN,NCL,_T,_T,_T,_Z,_Z,_Z,2012,A,YR,
81.407317,P1Y,0,,A,PU,_Z,2,,,False,WB_WDI,WB_WDI_SP_DYN_LE00_IN,NZL,_T,_T,_T,_Z,_Z,_Z,2012,A,YR,
72.435,P1Y,0,,A,PU,_Z,2,,,False,WB_WDI,WB_WDI_SP_DYN_LE00_IN,NIC,_T,_T,_T,_Z,_Z,_Z,2012,A,YR,
57.987,P1Y,0,,A,PU,_Z,2,,,False,WB_WDI,WB_WDI_SP_DYN_LE00_IN,NER,_T,_T,_T,_Z,_Z,_Z,2012,A,YR,
51.688,P1Y,0,,A,PU,_Z,2,,,False,WB_WDI,WB_WDI_SP_DYN_LE00_IN,NGA,_T,_T,_T,_Z,_Z,_Z,2012,A,YR,
74.902439,P1Y,0,,A,PU,_Z,2,,,False,WB_WDI,WB_WDI_SP_DYN_LE00_IN,MKD,_T,_T,_T,_Z,_Z,_Z,2012,A,YR,
77.566,P1Y,0,,A,PU,_Z,2,,,False,WB_WDI,WB_WDI_SP_DYN_LE00_IN,MNP,_T,_T,_T,_Z,_Z,_Z,2012,A,YR,
81.45122,P1Y,0,,A,PU,_Z,2,,,False,WB_WDI,WB_WDI_SP_DYN_LE00_IN,NOR,_T,_T,_T,_Z,_Z,_Z,2012,A,YR,
78.187,P1Y,0,,A,PU,_Z,2,,,False,WB_WDI,WB_WDI_SP_DYN_LE00_IN,OMN,_T,_T,_T,_Z,_Z,_Z,2012,A,YR,
69,P1Y,0,,A,PU,_Z,2,,,False,WB_WDI,WB_WDI_SP_DYN_LE00_IN,MDA,_T,_T,_T,_Z,_Z,_Z,2008,A,YR,
83.827,P1Y,0,,A,PU,_Z,2,,,False,WB_WDI,WB_WDI_SP_DYN_LE00_IN,MCO,_T,_T,_T,_Z,_Z,_Z,2008,A,YR,
67.246098,P1Y,0,,A,PU,_Z,2,,,False,WB_WDI,WB_WDI_SP_DYN_LE00_IN,MNG,_T,_T,_T,_Z,_Z,_Z,2008,A,YR,
75.136585,P1Y,0,,A,PU,_Z,2,,,False,WB_WDI,WB_WDI_SP_DYN_LE00_IN,MNE,_T,_T,_T,_Z,_Z,_Z,2008,A,YR,
70.051,P1Y,0,,A,PU,_Z,2,,,False,WB_WDI,WB_WDI_SP_DYN_LE00_IN,MAR,_T,_T,_T,_Z,_Z,_Z,2008,A,YR,
53.799,P1Y,0,,A,PU,_Z,2,,,False,WB_WDI,WB_WDI_SP_DYN_LE00_IN,MOZ,_T,_T,_T,_Z,_Z,_Z,2008,A,YR,
56.364,P1Y,0,,A,PU,_Z,2,,,False,WB_WDI,WB_WDI_SP_DYN_LE00_IN,MMR,_T,_T,_T,_Z,_Z,_Z,2008,A,YR,
54.74,P1Y,0,,A,PU,_Z,2,,,False,WB_WDI,WB_WDI_SP_DYN_LE00_IN,NAM,_T,_T,_T,_Z,_Z,_Z,2008,A,YR,
59.675,P1Y,0,,A,PU,_Z,2,,,False,WB_WDI,WB_WDI_SP_DYN_LE00_IN,NRU,_T,_T,_T,_Z,_Z,_Z,2008,A,YR,
66.442,P1Y,0,,A,PU,_Z,2,,,False,WB_WDI,WB_WDI_SP_DYN_LE00_IN,NPL,_T,_T,_T,_Z,_Z,_Z,2008,A,YR,
80.25122,P1Y,0,,A,PU,_Z,2,,,False,WB_WDI,WB_WDI_SP_DYN_LE00_IN,NLD,_T,_T,_T,_Z,_Z,_Z,2008,A,YR,
75.398,P1Y,0,,A,PU,_Z,2,,,False,WB_WDI,WB_WDI_SP_DYN_LE00_IN,NCL,_T,_T,_T,_Z,_Z,_Z,2008,A,YR,
80.35122,P1Y,0,,A,PU,_Z,2,,,False,WB_WDI,WB_WDI_SP_DYN_LE00_IN,NZL,_T,_T,_T,_Z,_Z,_Z,2008,A,YR,
64.859,P1Y,0,,A,PU,_Z,2,,,False,WB_WDI,WB_WDI_SP_DYN_LE00_IN,FSM,_T,_T,_T,_Z,_Z,_Z,2006,A,YR,
68.423,P1Y,0,,A,PU,_Z,2,,,False,WB_WDI,WB_WDI_SP_DYN_LE00_IN,MDA,_T,_T,_T,_Z,_Z,_Z,2006,A,YR,
84.194,P1Y,0,,A,PU,_Z,2,,,False,WB_WDI,WB_WDI_SP_DYN_LE00_IN,MCO,_T,_T,_T,_Z,_Z,_Z,2006,A,YR,
65.902195,P1Y,0,,A,PU,_Z,2,,,False,WB_WDI,WB_WDI_SP_DYN_LE00_IN,MNG,_T,_T,_T,_Z,_Z,_Z,2006,A,YR,
73.839024,P1Y,0,,A,PU,_Z,2,,,False,WB_WDI,WB_WDI_SP_DYN_LE00_IN,MNE,_T,_T,_T,_Z,_Z,_Z,2006,A,YR,
69.157,P1Y,0,,A,PU,_Z,2,,,False,WB_WDI,WB_WDI_SP_DYN_LE00_IN,MAR,_T,_T,_T,_Z,_Z,_Z,2006,A,YR,
52.748,P1Y,0,,A,PU,_Z,2,,,False,WB_WDI,WB_WDI_SP_DYN_LE00_IN,MOZ,_T,_T,_T,_Z,_Z,_Z,2006,A,YR,
62.026,P1Y,0,,A,PU,_Z,2,,,False,WB_WDI,WB_WDI_SP_DYN_LE00_IN,MMR,_T,_T,_T,_Z,_Z,_Z,2006,A,YR,
53.183,P1Y,0,,A,PU,_Z,2,,,False,WB_WDI,WB_WDI_SP_DYN_LE00_IN,NAM,_T,_T,_T,_Z,_Z,_Z,2006,A,YR,
59.409,P1Y,0,,A,PU,_Z,2,,,False,WB_WDI,WB_WDI_SP_DYN_LE00_IN,NRU,_T,_T,_T,_Z,_Z,_Z,2006,A,YR,
65.891,P1Y,0,,A,PU,_Z,2,,,False,WB_WDI,WB_WDI_SP_DYN_LE00_IN,NPL,_T,_T,_T,_Z,_Z,_Z,2006,A,YR,
79.697561,P1Y,0,,A,PU,_Z,2,,,False,WB_WDI,WB_WDI_SP_DYN_LE00_IN,NLD,_T,_T,_T,_Z,_Z,_Z,2006,A,YR,
75.016,P1Y,0,,A,PU,_Z,2,,,False,WB_WDI,WB_WDI_SP_DYN_LE00_IN,NCL,_T,_T,_T,_Z,_Z,_Z,2006,A,YR,
74.398162,P1Y,0,,A,PU,_Z,2,,,False,WB_WDI,WB_WDI_SP_DYN_LE00_IN,LAC,_T,_T,_T,_Z,_Z,_Z,2016,A,YR,
74.589479,P1Y,0,,A,PU,_Z,2,,,False,WB_WDI,WB_WDI_SP_DYN_LE00_IN,TLA,_T,_T,_T,_Z,_Z,_Z,2016,A,YR,
63.726492,P1Y,0,,A,PU,_Z,2,,,False,WB_WDI,WB_WDI_SP_DYN_LE00_IN,LDC,_T,_T,_T,_Z,_Z,_Z,2016,A,YR,
70.502345,P1Y,0,,A,PU,_Z,2,,,False,WB_WDI,WB_WDI_SP_DYN_LE00_IN,LMY,_T,_T,_T,_Z,_Z,_Z,2016,A,YR,
61.915337,P1Y,0,,A,PU,_Z,2,,,False,WB_WDI,WB_WDI_SP_DYN_LE00_IN,LIC,_T,_T,_T,_Z,_Z,_Z,2016,A,YR,
67.308496,P1Y,0,,A,PU,_Z,2,,,False,WB_WDI,WB_WDI_SP_DYN_LE00_IN,LMC,_T,_T,_T,_Z,_Z,_Z,2016,A,YR,
70.428864,P1Y,0,,A,PU,_Z,2,,,False,WB_WDI,WB_WDI_SP_DYN_LE00_IN,MEA,_T,_T,_T,_Z,_Z,_Z,2016,A,YR,
69.532838,P1Y,0,,A,PU,_Z,2,,,False,WB_WDI,WB_WDI_SP_DYN_LE00_IN,MNA,_T,_T,_T,_Z,_Z,_Z,2016,A,YR,
69.496183,P1Y,0,,A,PU,_Z,2,,,False,WB_WDI,WB_WDI_SP_DYN_LE00_IN,TMN,_T,_T,_T,_Z,_Z,_Z,2016,A,YR,
71.430028,P1Y,0,,A,PU,_Z,2,,,False,WB_WDI,WB_WDI_SP_DYN_LE00_IN,MIC,_T,_T,_T,_Z,_Z,_Z,2016,A,YR,
78.88001,P1Y,0,,A,PU,_Z,2,,,False,WB_WDI,WB_WDI_SP_DYN_LE00_IN,NAC,_T,_T,_T,_Z,_Z,_Z,2016,A,YR,
79.891422,P1Y,0,,A,PU,_Z,2,,,False,WB_WDI,WB_WDI_SP_DYN_LE00_IN,OED,_T,_T,_T,_Z,_Z,_Z,2016,A,YR,
75.072,P1Y,0,,A,PU,_Z,2,,,False,WB_WDI,WB_WDI_SP_DYN_LE00_IN,ABW,_T,_T,_T,_Z,_Z,_Z,2013,A,YR,
82.14878,P1Y,0,,A,PU,_Z,2,,,False,WB_WDI,WB_WDI_SP_DYN_LE00_IN,AUS,_T,_T,_T,_Z,_Z,_Z,2013,A,YR,
81.136585,P1Y,0,,A,PU,_Z,2,,,False,WB_WDI,WB_WDI_SP_DYN_LE00_IN,AUT,_T,_T,_T,_Z,_Z,_Z,2013,A,YR,
71.485,P1Y,0,,A,PU,_Z,2,,,False,WB_WDI,WB_WDI_SP_DYN_LE00_IN,AZE,_T,_T,_T,_Z,_Z,_Z,2013,A,YR,
73.93,P1Y,0,,A,PU,_Z,2,,,False,WB_WDI,WB_WDI_SP_DYN_LE00_IN,BHS,_T,_T,_T,_Z,_Z,_Z,2013,A,YR,
79.998,P1Y,0,,A,PU,_Z,2,,,False,WB_WDI,WB_WDI_SP_DYN_LE00_IN,BHR,_T,_T,_T,_Z,_Z,_Z,2013,A,YR,
69.487,P1Y,0,,A,PU,_Z,2,,,False,WB_WDI,WB_WDI_SP_DYN_LE00_IN,BGD,_T,_T,_T,_Z,_Z,_Z,2013,A,YR,
75.816,P1Y,0,,A,PU,_Z,2,,,False,WB_WDI,WB_WDI_SP_DYN_LE00_IN,BRB,_T,_T,_T,_Z,_Z,_Z,2013,A,YR,
72.470732,P1Y,0,,A,PU,_Z,2,,,False,WB_WDI,WB_WDI_SP_DYN_LE00_IN,BLR,_T,_T,_T,_Z,_Z,_Z,2013,A,YR,
80.587805,P1Y,0,,A,PU,_Z,2,,,False,WB_WDI,WB_WDI_SP_DYN_LE00_IN,BEL,_T,_T,_T,_Z,_Z,_Z,2013,A,YR,
71.276,P1Y,0,,A,PU,_Z,2,,,False,WB_WDI,WB_WDI_SP_DYN_LE00_IN,BLZ,_T,_T,_T,_Z,_Z,_Z,2013,A,YR,
48.306,P1Y,0,,A,PU,_Z,2,,,False,WB_WDI,WB_WDI_SP_DYN_LE00_IN,TCD,_T,_T,_T,_Z,_Z,_Z,2001,A,YR,
79,P1Y,0,,A,PU,_Z,2,,,False,WB_WDI,WB_WDI_SP_DYN_LE00_IN,CHI,_T,_T,_T,_Z,_Z,_Z,2001,A,YR,
77.58,P1Y,0,,A,PU,_Z,2,,,False,WB_WDI,WB_WDI_SP_DYN_LE00_IN,CHL,_T,_T,_T,_Z,_Z,_Z,2001,A,YR,
72.675,P1Y,0,,A,PU,_Z,2,,,False,WB_WDI,WB_WDI_SP_DYN_LE00_IN,CHN,_T,_T,_T,_Z,_Z,_Z,2001,A,YR,
71.185,P1Y,0,,A,PU,_Z,2,,,False,WB_WDI,WB_WDI_SP_DYN_LE00_IN,COL,_T,_T,_T,_Z,_Z,_Z,2001,A,YR,
59.587,P1Y,0,,A,PU,_Z,2,,,False,WB_WDI,WB_WDI_SP_DYN_LE00_IN,COM,_T,_T,_T,_Z,_Z,_Z,2001,A,YR,
52.205,P1Y,0,,A,PU,_Z,2,,,False,WB_WDI,WB_WDI_SP_DYN_LE00_IN,COD,_T,_T,_T,_Z,_Z,_Z,2001,A,YR,
55.885,P1Y,0,,A,PU,_Z,2,,,False,WB_WDI,WB_WDI_SP_DYN_LE00_IN,COG,_T,_T,_T,_Z,_Z,_Z,2001,A,YR,
77.609,P1Y,0,,A,PU,_Z,2,,,False,WB_WDI,WB_WDI_SP_DYN_LE00_IN,CRI,_T,_T,_T,_Z,_Z,_Z,2001,A,YR,
51.428,P1Y,0,,A,PU,_Z,2,,,False,WB_WDI,WB_WDI_SP_DYN_LE00_IN,CIV,_T,_T,_T,_Z,_Z,_Z,2001,A,YR,
74.512927,P1Y,0,,A,PU,_Z,2,,,False,WB_WDI,WB_WDI_SP_DYN_LE00_IN,HRV,_T,_T,_T,_Z,_Z,_Z,2001,A,YR,
76.429,P1Y,0,,A,PU,_Z,2,,,False,WB_WDI,WB_WDI_SP_DYN_LE00_IN,CUB,_T,_T,_T,_Z,_Z,_Z,2001,A,YR,
73.36,P1Y,0,,A,PU,_Z,2,,,False,WB_WDI,WB_WDI_SP_DYN_LE00_IN,CUW,_T,_T,_T,_Z,_Z,_Z,2001,A,YR,
78.185,P1Y,0,,A,PU,_Z,2,,,False,WB_WDI,WB_WDI_SP_DYN_LE00_IN,CYP,_T,_T,_T,_Z,_Z,_Z,2001,A,YR,
73.628,P1Y,0,,A,PU,_Z,2,,,False,WB_WDI,WB_WDI_SP_DYN_LE00_IN,MEX,_T,_T,_T,_Z,_Z,_Z,2009,A,YR,
64.865,P1Y,0,,A,PU,_Z,2,,,False,WB_WDI,WB_WDI_SP_DYN_LE00_IN,FSM,_T,_T,_T,_Z,_Z,_Z,2009,A,YR,
69.406,P1Y,0,,A,PU,_Z,2,,,False,WB_WDI,WB_WDI_SP_DYN_LE00_IN,MDA,_T,_T,_T,_Z,_Z,_Z,2009,A,YR,
84.187,P1Y,0,,A,PU,_Z,2,,,False,WB_WDI,WB_WDI_SP_DYN_LE00_IN,MCO,_T,_T,_T,_Z,_Z,_Z,2009,A,YR,
67.969024,P1Y,0,,A,PU,_Z,2,,,False,WB_WDI,WB_WDI_SP_DYN_LE00_IN,MNG,_T,_T,_T,_Z,_Z,_Z,2009,A,YR,
75.143902,P1Y,0,,A,PU,_Z,2,,,False,WB_WDI,WB_WDI_SP_DYN_LE00_IN,MNE,_T,_T,_T,_Z,_Z,_Z,2009,A,YR,
70.454,P1Y,0,,A,PU,_Z,2,,,False,WB_WDI,WB_WDI_SP_DYN_LE00_IN,MAR,_T,_T,_T,_Z,_Z,_Z,2009,A,YR,
54.4,P1Y,0,,A,PU,_Z,2,,,False,WB_WDI,WB_WDI_SP_DYN_LE00_IN,MOZ,_T,_T,_T,_Z,_Z,_Z,2009,A,YR,
63.095,P1Y,0,,A,PU,_Z,2,,,False,WB_WDI,WB_WDI_SP_DYN_LE00_IN,MMR,_T,_T,_T,_Z,_Z,_Z,2009,A,YR,
55.347,P1Y,0,,A,PU,_Z,2,,,False,WB_WDI,WB_WDI_SP_DYN_LE00_IN,NAM,_T,_T,_T,_Z,_Z,_Z,2009,A,YR,
59.852,P1Y,0,,A,PU,_Z,2,,,False,WB_WDI,WB_WDI_SP_DYN_LE00_IN,NRU,_T,_T,_T,_Z,_Z,_Z,2009,A,YR,
66.6,P1Y,0,,A,PU,_Z,2,,,False,WB_WDI,WB_WDI_SP_DYN_LE00_IN,NPL,_T,_T,_T,_Z,_Z,_Z,2009,A,YR,
82.260976,P1Y,0,,A,PU,_Z,2,,,False,WB_WDI,WB_WDI_SP_DYN_LE00_IN,LIE,_T,_T,_T,_Z,_Z,_Z,2013,A,YR,
73.914634,P1Y,0,,A,PU,_Z,2,,,False,WB_WDI,WB_WDI_SP_DYN_LE00_IN,LTU,_T,_T,_T,_Z,_Z,_Z,2013,A,YR,
81.8,P1Y,0,,A,PU,_Z,2,,,False,WB_WDI,WB_WDI_SP_DYN_LE00_IN,LUX,_T,_T,_T,_Z,_Z,_Z,2013,A,YR,
82.721951,P1Y,0,,A,PU,_Z,2,,,False,WB_WDI,WB_WDI_SP_DYN_LE00_IN,MAC,_T,_T,_T,_Z,_Z,_Z,2013,A,YR,
63.161,P1Y,0,,A,PU,_Z,2,,,False,WB_WDI,WB_WDI_SP_DYN_LE00_IN,MDG,_T,_T,_T,_Z,_Z,_Z,2013,A,YR,
60.816,P1Y,0,,A,PU,_Z,2,,,False,WB_WDI,WB_WDI_SP_DYN_LE00_IN,MWI,_T,_T,_T,_Z,_Z,_Z,2013,A,YR,
75.464,P1Y,0,,A,PU,_Z,2,,,False,WB_WDI,WB_WDI_SP_DYN_LE00_IN,MYS,_T,_T,_T,_Z,_Z,_Z,2013,A,YR,
77.847,P1Y,0,,A,PU,_Z,2,,,False,WB_WDI,WB_WDI_SP_DYN_LE00_IN,MDV,_T,_T,_T,_Z,_Z,_Z,2013,A,YR,
57.052,P1Y,0,,A,PU,_Z,2,,,False,WB_WDI,WB_WDI_SP_DYN_LE00_IN,MLI,_T,_T,_T,_Z,_Z,_Z,2013,A,YR,
81.746341,P1Y,0,,A,PU,_Z,2,,,False,WB_WDI,WB_WDI_SP_DYN_LE00_IN,MLT,_T,_T,_T,_Z,_Z,_Z,2013,A,YR,
64.954,P1Y,0,,A,PU,_Z,2,,,False,WB_WDI,WB_WDI_SP_DYN_LE00_IN,MHL,_T,_T,_T,_Z,_Z,_Z,2013,A,YR,
65.89,P1Y,0,,A,PU,_Z,2,,,False,WB_WDI,WB_WDI_SP_DYN_LE00_IN,MRT,_T,_T,_T,_Z,_Z,_Z,2013,A,YR,
70.92,P1Y,0,,A,PU,_Z,2,,,False,WB_WDI,WB_WDI_SP_DYN_LE00_IN,KNA,_T,_T,_T,_Z,_Z,_Z,2004,A,YR,
72.453,P1Y,0,,A,PU,_Z,2,,,False,WB_WDI,WB_WDI_SP_DYN_LE00_IN,LCA,_T,_T,_T,_Z,_Z,_Z,2004,A,YR,
77.612,P1Y,0,,A,PU,_Z,2,,,False,WB_WDI,WB_WDI_SP_DYN_LE00_IN,MAF,_T,_T,_T,_Z,_Z,_Z,2004,A,YR,
70.445,P1Y,0,,A,PU,_Z,2,,,False,WB_WDI,WB_WDI_SP_DYN_LE00_IN,VCT,_T,_T,_T,_Z,_Z,_Z,2004,A,YR,
56.773,P1Y,0,,A,PU,_Z,2,,,False,WB_WDI,WB_WDI_SP_DYN_LE00_IN,SDN,_T,_T,_T,_Z,_Z,_Z,2004,A,YR,
66.362,P1Y,0,,A,PU,_Z,2,,,False,WB_WDI,WB_WDI_SP_DYN_LE00_IN,SUR,_T,_T,_T,_Z,_Z,_Z,2004,A,YR,
80.497561,P1Y,0,,A,PU,_Z,2,,,False,WB_WDI,WB_WDI_SP_DYN_LE00_IN,SWE,_T,_T,_T,_Z,_Z,_Z,2004,A,YR,
81.087805,P1Y,0,,A,PU,_Z,2,,,False,WB_WDI,WB_WDI_SP_DYN_LE00_IN,CHE,_T,_T,_T,_Z,_Z,_Z,2004,A,YR,
72.494,P1Y,0,,A,PU,_Z,2,,,False,WB_WDI,WB_WDI_SP_DYN_LE00_IN,SYR,_T,_T,_T,_Z,_Z,_Z,2004,A,YR,
66.604,P1Y,0,,A,PU,_Z,2,,,False,WB_WDI,WB_WDI_SP_DYN_LE00_IN,TJK,_T,_T,_T,_Z,_Z,_Z,2004,A,YR,
56.836,P1Y,0,,A,PU,_Z,2,,,False,WB_WDI,WB_WDI_SP_DYN_LE00_IN,TZA,_T,_T,_T,_Z,_Z,_Z,2004,A,YR,
72.1,P1Y,0,,A,PU,_Z,2,,,False,WB_WDI,WB_WDI_SP_DYN_LE00_IN,THA,_T,_T,_T,_Z,_Z,_Z,2004,A,YR,
60.743,P1Y,0,,A,PU,_Z,2,,,False,WB_WDI,WB_WDI_SP_DYN_LE00_IN,TLS,_T,_T,_T,_Z,_Z,_Z,2004,A,YR,
55.608,P1Y,0,,A,PU,_Z,2,,,False,WB_WDI,WB_WDI_SP_DYN_LE00_IN,TGO,_T,_T,_T,_Z,_Z,_Z,2004,A,YR,
69.299,P1Y,0,,A,PU,_Z,2,,,False,WB_WDI,WB_WDI_SP_DYN_LE00_IN,GTM,_T,_T,_T,_Z,_Z,_Z,2007,A,YR,
55.233,P1Y,0,,A,PU,_Z,2,,,False,WB_WDI,WB_WDI_SP_DYN_LE00_IN,GIN,_T,_T,_T,_Z,_Z,_Z,2007,A,YR,
54.87,P1Y,0,,A,PU,_Z,2,,,False,WB_WDI,WB_WDI_SP_DYN_LE00_IN,GNB,_T,_T,_T,_Z,_Z,_Z,2007,A,YR,
65.462,P1Y,0,,A,PU,_Z,2,,,False,WB_WDI,WB_WDI_SP_DYN_LE00_IN,GUY,_T,_T,_T,_Z,_Z,_Z,2007,A,YR,
61.09,P1Y,0,,A,PU,_Z,2,,,False,WB_WDI,WB_WDI_SP_DYN_LE00_IN,HTI,_T,_T,_T,_Z,_Z,_Z,2007,A,YR,
69.539,P1Y,0,,A,PU,_Z,2,,,False,WB_WDI,WB_WDI_SP_DYN_LE00_IN,HND,_T,_T,_T,_Z,_Z,_Z,2007,A,YR,
82.366829,P1Y,0,,A,PU,_Z,2,,,False,WB_WDI,WB_WDI_SP_DYN_LE00_IN,HKG,_T,_T,_T,_Z,_Z,_Z,2007,A,YR,
73.15122,P1Y,0,,A,PU,_Z,2,,,False,WB_WDI,WB_WDI_SP_DYN_LE00_IN,HUN,_T,_T,_T,_Z,_Z,_Z,2007,A,YR,
81.453659,P1Y,0,,A,PU,_Z,2,,,False,WB_WDI,WB_WDI_SP_DYN_LE00_IN,ISL,_T,_T,_T,_Z,_Z,_Z,2007,A,YR,
65.803,P1Y,0,,A,PU,_Z,2,,,False,WB_WDI,WB_WDI_SP_DYN_LE00_IN,IND,_T,_T,_T,_Z,_Z,_Z,2007,A,YR,
67.914,P1Y,0,,A,PU,_Z,2,,,False,WB_WDI,WB_WDI_SP_DYN_LE00_IN,IDN,_T,_T,_T,_Z,_Z,_Z,2007,A,YR,
73.299,P1Y,0,,A,PU,_Z,2,,,False,WB_WDI,WB_WDI_SP_DYN_LE00_IN,IRN,_T,_T,_T,_Z,_Z,_Z,2007,A,YR,
76.68877,P1Y,0,,A,PU,_Z,2,,,False,WB_WDI,WB_WDI_SP_DYN_LE00_IN,CEB,_T,_T,_T,_Z,_Z,_Z,2014,A,YR,
69.324976,P1Y,0,,A,PU,_Z,2,,,False,WB_WDI,WB_WDI_SP_DYN_LE00_IN,EAR,_T,_T,_T,_Z,_Z,_Z,2014,A,YR,
75.564427,P1Y,0,,A,PU,_Z,2,,,False,WB_WDI,WB_WDI_SP_DYN_LE00_IN,EAS,_T,_T,_T,_Z,_Z,_Z,2014,A,YR,
74.719453,P1Y,0,,A,PU,_Z,2,,,False,WB_WDI,WB_WDI_SP_DYN_LE00_IN,EAP,_T,_T,_T,_Z,_Z,_Z,2014,A,YR,
74.747982,P1Y,0,,A,PU,_Z,2,,,False,WB_WDI,WB_WDI_SP_DYN_LE00_IN,TEA,_T,_T,_T,_Z,_Z,_Z,2014,A,YR,
81.742656,P1Y,0,,A,PU,_Z,2,,,False,WB_WDI,WB_WDI_SP_DYN_LE00_IN,EMU,_T,_T,_T,_Z,_Z,_Z,2014,A,YR,
77.353574,P1Y,0,,A,PU,_Z,2,,,False,WB_WDI,WB_WDI_SP_DYN_LE00_IN,ECS,_T,_T,_T,_Z,_Z,_Z,2014,A,YR,
73.419516,P1Y,0,,A,PU,_Z,2,,,False,WB_WDI,WB_WDI_SP_DYN_LE00_IN,ECA,_T,_T,_T,_Z,_Z,_Z,2014,A,YR,
73.038949,P1Y,0,,A,PU,_Z,2,,,False,WB_WDI,WB_WDI_SP_DYN_LE00_IN,TEC,_T,_T,_T,_Z,_Z,_Z,2014,A,YR,
80.876017,P1Y,0,,A,PU,_Z,2,,,False,WB_WDI,WB_WDI_SP_DYN_LE00_IN,EUU,_T,_T,_T,_Z,_Z,_Z,2014,A,YR,
61.042081,P1Y,0,,A,PU,_Z,2,,,False,WB_WDI,WB_WDI_SP_DYN_LE00_IN,HPC,_T,_T,_T,_Z,_Z,_Z,2014,A,YR,
79.565352,P1Y,0,,A,PU,_Z,2,,,False,WB_WDI,WB_WDI_SP_DYN_LE00_IN,HIC,_T,_T,_T,_Z,_Z,_Z,2014,A,YR,
58.095527,P1Y,0,,A,PU,_Z,2,,,False,WB_WDI,WB_WDI_SP_DYN_LE00_IN,AFE,_T,_T,_T,_Z,_Z,_Z,2009,A,YR,
53.848814,P1Y,0,,A,PU,_Z,2,,,False,WB_WDI,WB_WDI_SP_DYN_LE00_IN,AFW,_T,_T,_T,_Z,_Z,_Z,2009,A,YR,
69.706904,P1Y,0,,A,PU,_Z,2,,,False,WB_WDI,WB_WDI_SP_DYN_LE00_IN,ARB,_T,_T,_T,_Z,_Z,_Z,2009,A,YR,
70.797738,P1Y,0,,A,PU,_Z,2,,,False,WB_WDI,WB_WDI_SP_DYN_LE00_IN,CSS,_T,_T,_T,_Z,_Z,_Z,2009,A,YR,
74.930364,P1Y,0,,A,PU,_Z,2,,,False,WB_WDI,WB_WDI_SP_DYN_LE00_IN,CEB,_T,_T,_T,_Z,_Z,_Z,2009,A,YR,
67.496408,P1Y,0,,A,PU,_Z,2,,,False,WB_WDI,WB_WDI_SP_DYN_LE00_IN,EAR,_T,_T,_T,_Z,_Z,_Z,2009,A,YR,
74.368347,P1Y,0,,A,PU,_Z,2,,,False,WB_WDI,WB_WDI_SP_DYN_LE00_IN,EAS,_T,_T,_T,_Z,_Z,_Z,2009,A,YR,
73.467788,P1Y,0,,A,PU,_Z,2,,,False,WB_WDI,WB_WDI_SP_DYN_LE00_IN,EAP,_T,_T,_T,_Z,_Z,_Z,2009,A,YR,
73.516102,P1Y,0,,A,PU,_Z,2,,,False,WB_WDI,WB_WDI_SP_DYN_LE00_IN,TEA,_T,_T,_T,_Z,_Z,_Z,2009,A,YR,
80.30461,P1Y,0,,A,PU,_Z,2,,,False,WB_WDI,WB_WDI_SP_DYN_LE00_IN,EMU,_T,_T,_T,_Z,_Z,_Z,2009,A,YR,
75.689199,P1Y,0,,A,PU,_Z,2,,,False,WB_WDI,WB_WDI_SP_DYN_LE00_IN,ECS,_T,_T,_T,_Z,_Z,_Z,2009,A,YR,
71.442292,P1Y,0,,A,PU,_Z,2,,,False,WB_WDI,WB_WDI_SP_DYN_LE00_IN,ECA,_T,_T,_T,_Z,_Z,_Z,2009,A,YR,
71.083234,P1Y,0,,A,PU,_Z,2,,,False,WB_WDI,WB_WDI_SP_DYN_LE00_IN,TEC,_T,_T,_T,_Z,_Z,_Z,2009,A,YR,
69.82,P1Y,0,,A,PU,_Z,2,,,False,WB_WDI,WB_WDI_SP_DYN_LE00_IN,SUR,_T,_T,_T,_Z,_Z,_Z,2011,A,YR,
81.802439,P1Y,0,,A,PU,_Z,2,,,False,WB_WDI,WB_WDI_SP_DYN_LE00_IN,SWE,_T,_T,_T,_Z,_Z,_Z,2011,A,YR,
82.695122,P1Y,0,,A,PU,_Z,2,,,False,WB_WDI,WB_WDI_SP_DYN_LE00_IN,CHE,_T,_T,_T,_Z,_Z,_Z,2011,A,YR,
72.259,P1Y,0,,A,PU,_Z,2,,,False,WB_WDI,WB_WDI_SP_DYN_LE00_IN,SYR,_T,_T,_T,_Z,_Z,_Z,2011,A,YR,
68.698,P1Y,0,,A,PU,_Z,2,,,False,WB_WDI,WB_WDI_SP_DYN_LE00_IN,TJK,_T,_T,_T,_Z,_Z,_Z,2011,A,YR,
61.618,P1Y,0,,A,PU,_Z,2,,,False,WB_WDI,WB_WDI_SP_DYN_LE00_IN,TZA,_T,_T,_T,_Z,_Z,_Z,2011,A,YR,
75.302,P1Y,0,,A,PU,_Z,2,,,False,WB_WDI,WB_WDI_SP_DYN_LE00_IN,THA,_T,_T,_T,_Z,_Z,_Z,2011,A,YR,
64.022,P1Y,0,,A,PU,_Z,2,,,False,WB_WDI,WB_WDI_SP_DYN_LE00_IN,TLS,_T,_T,_T,_Z,_Z,_Z,2011,A,YR,
57.624,P1Y,0,,A,PU,_Z,2,,,False,WB_WDI,WB_WDI_SP_DYN_LE00_IN,TGO,_T,_T,_T,_Z,_Z,_Z,2011,A,YR,
71.437,P1Y,0,,A,PU,_Z,2,,,False,WB_WDI,WB_WDI_SP_DYN_LE00_IN,TON,_T,_T,_T,_Z,_Z,_Z,2011,A,YR,
72.232,P1Y,0,,A,PU,_Z,2,,,False,WB_WDI,WB_WDI_SP_DYN_LE00_IN,TTO,_T,_T,_T,_Z,_Z,_Z,2011,A,YR,
81.885366,P1Y,0,,A,PU,_Z,2,,,False,WB_WDI,WB_WDI_SP_DYN_LE00_IN,FIN,_T,_T,_T,_Z,_Z,_Z,2021,A,YR,
82.32439,P1Y,0,,A,PU,_Z,2,,,False,WB_WDI,WB_WDI_SP_DYN_LE00_IN,FRA,_T,_T,_T,_Z,_Z,_Z,2021,A,YR,
79.571,P1Y,0,,A,PU,_Z,2,,,False,WB_WDI,WB_WDI_SP_DYN_LE00_IN,PYF,_T,_T,_T,_Z,_Z,_Z,2021,A,YR,
67.072,P1Y,0,,A,PU,_Z,2,,,False,WB_WDI,WB_WDI_SP_DYN_LE00_IN,GAB,_T,_T,_T,_Z,_Z,_Z,2021,A,YR,
63.847,P1Y,0,,A,PU,_Z,2,,,False,WB_WDI,WB_WDI_SP_DYN_LE00_IN,GMB,_T,_T,_T,_Z,_Z,_Z,2021,A,YR,
71.635,P1Y,0,,A,PU,_Z,2,,,False,WB_WDI,WB_WDI_SP_DYN_LE00_IN,GEO,_T,_T,_T,_Z,_Z,_Z,2021,A,YR,
80.790244,P1Y,0,,A,PU,_Z,2,,,False,WB_WDI,WB_WDI_SP_DYN_LE00_IN,DEU,_T,_T,_T,_Z,_Z,_Z,2021,A,YR,
64.286,P1Y,0,,A,PU,_Z,2,,,False,WB_WDI,WB_WDI_SP_DYN_LE00_IN,GHA,_T,_T,_T,_Z,_Z,_Z,2021,A,YR,
80.274,P1Y,0,,A,PU,_Z,2,,,False,WB_WDI,WB_WDI_SP_DYN_LE00_IN,GIB,_T,_T,_T,_Z,_Z,_Z,2021,A,YR,
80.082927,P1Y,0,,A,PU,_Z,2,,,False,WB_WDI,WB_WDI_SP_DYN_LE00_IN,GRC,_T,_T,_T,_Z,_Z,_Z,2021,A,YR,
71.261463,P1Y,0,,A,PU,_Z,2,,,False,WB_WDI,WB_WDI_SP_DYN_LE00_IN,GRL,_T,_T,_T,_Z,_Z,_Z,2021,A,YR,
74.522,P1Y,0,,A,PU,_Z,2,,,False,WB_WDI,WB_WDI_SP_DYN_LE00_IN,GRD,_T,_T,_T,_Z,_Z,_Z,2021,A,YR,
75.434,P1Y,0,,A,PU,_Z,2,,,False,WB_WDI,WB_WDI_SP_DYN_LE00_IN,GUM,_T,_T,_T,_Z,_Z,_Z,2021,A,YR,
67.858,P1Y,0,,A,PU,_Z,2,,,False,WB_WDI,WB_WDI_SP_DYN_LE00_IN,GTM,_T,_T,_T,_Z,_Z,_Z,2021,A,YR,
75.188,P1Y,0,,A,PU,_Z,2,,,False,WB_WDI,WB_WDI_SP_DYN_LE00_IN,ECU,_T,_T,_T,_Z,_Z,_Z,2010,A,YR,
69.078,P1Y,0,,A,PU,_Z,2,,,False,WB_WDI,WB_WDI_SP_DYN_LE00_IN,EGY,_T,_T,_T,_Z,_Z,_Z,2010,A,YR,
70.909,P1Y,0,,A,PU,_Z,2,,,False,WB_WDI,WB_WDI_SP_DYN_LE00_IN,SLV,_T,_T,_T,_Z,_Z,_Z,2010,A,YR,
58.344,P1Y,0,,A,PU,_Z,2,,,False,WB_WDI,WB_WDI_SP_DYN_LE00_IN,GNQ,_T,_T,_T,_Z,_Z,_Z,2010,A,YR,
63.665,P1Y,0,,A,PU,_Z,2,,,False,WB_WDI,WB_WDI_SP_DYN_LE00_IN,ERI,_T,_T,_T,_Z,_Z,_Z,2010,A,YR,
75.429268,P1Y,0,,A,PU,_Z,2,,,False,WB_WDI,WB_WDI_SP_DYN_LE00_IN,EST,_T,_T,_T,_Z,_Z,_Z,2010,A,YR,
48.331,P1Y,0,,A,PU,_Z,2,,,False,WB_WDI,WB_WDI_SP_DYN_LE00_IN,SWZ,_T,_T,_T,_Z,_Z,_Z,2010,A,YR,
59.709,P1Y,0,,A,PU,_Z,2,,,False,WB_WDI,WB_WDI_SP_DYN_LE00_IN,ETH,_T,_T,_T,_Z,_Z,_Z,2010,A,YR,
80.604956,P1Y,0,,A,PU,_Z,2,,,False,WB_WDI,WB_WDI_SP_DYN_LE00_IN,FRO,_T,_T,_T,_Z,_Z,_Z,2010,A,YR,
66.778,P1Y,0,,A,PU,_Z,2,,,False,WB_WDI,WB_WDI_SP_DYN_LE00_IN,FJI,_T,_T,_T,_Z,_Z,_Z,2010,A,YR,
79.870732,P1Y,0,,A,PU,_Z,2,,,False,WB_WDI,WB_WDI_SP_DYN_LE00_IN,FIN,_T,_T,_T,_Z,_Z,_Z,2010,A,YR,
81.663415,P1Y,0,,A,PU,_Z,2,,,False,WB_WDI,WB_WDI_SP_DYN_LE00_IN,FRA,_T,_T,_T,_Z,_Z,_Z,2010,A,YR,
68.638,P1Y,0,,A,PU,_Z,2,,,False,WB_WDI,WB_WDI_SP_DYN_LE00_IN,PLW,_T,_T,_T,_Z,_Z,_Z,2011,A,YR,
76.659,P1Y,0,,A,PU,_Z,2,,,False,WB_WDI,WB_WDI_SP_DYN_LE00_IN,PAN,_T,_T,_T,_Z,_Z,_Z,2011,A,YR,
63.382,P1Y,0,,A,PU,_Z,2,,,False,WB_WDI,WB_WDI_SP_DYN_LE00_IN,PNG,_T,_T,_T,_Z,_Z,_Z,2011,A,YR,
72.787,P1Y,0,,A,PU,_Z,2,,,False,WB_WDI,WB_WDI_SP_DYN_LE00_IN,PRY,_T,_T,_T,_Z,_Z,_Z,2011,A,YR,
73.327,P1Y,0,,A,PU,_Z,2,,,False,WB_WDI,WB_WDI_SP_DYN_LE00_IN,PER,_T,_T,_T,_Z,_Z,_Z,2011,A,YR,
69.096,P1Y,0,,A,PU,_Z,2,,,False,WB_WDI,WB_WDI_SP_DYN_LE00_IN,PHL,_T,_T,_T,_Z,_Z,_Z,2011,A,YR,
76.695122,P1Y,0,,A,PU,_Z,2,,,False,WB_WDI,WB_WDI_SP_DYN_LE00_IN,POL,_T,_T,_T,_Z,_Z,_Z,2011,A,YR,
80.470732,P1Y,0,,A,PU,_Z,2,,,False,WB_WDI,WB_WDI_SP_DYN_LE00_IN,PRT,_T,_T,_T,_Z,_Z,_Z,2011,A,YR,
78.766,P1Y,0,,A,PU,_Z,2,,,False,WB_WDI,WB_WDI_SP_DYN_LE00_IN,PRI,_T,_T,_T,_Z,_Z,_Z,2011,A,YR,
79.994,P1Y,0,,A,PU,_Z,2,,,False,WB_WDI,WB_WDI_SP_DYN_LE00_IN,QAT,_T,_T,_T,_Z,_Z,_Z,2011,A,YR,
74.409756,P1Y,0,,A,PU,_Z,2,,,False,WB_WDI,WB_WDI_SP_DYN_LE00_IN,ROU,_T,_T,_T,_Z,_Z,_Z,2011,A,YR,
75.066,P1Y,0,,A,PU,_Z,2,,,False,WB_WDI,WB_WDI_SP_DYN_LE00_IN,SAU,_T,_T,_T,_Z,_Z,_Z,2007,A,YR,
62.653,P1Y,0,,A,PU,_Z,2,,,False,WB_WDI,WB_WDI_SP_DYN_LE00_IN,SEN,_T,_T,_T,_Z,_Z,_Z,2007,A,YR,
73.631707,P1Y,0,,A,PU,_Z,2,,,False,WB_WDI,WB_WDI_SP_DYN_LE00_IN,SRB,_T,_T,_T,_Z,_Z,_Z,2007,A,YR,
73.143902,P1Y,0,,A,PU,_Z,2,,,False,WB_WDI,WB_WDI_SP_DYN_LE00_IN,SYC,_T,_T,_T,_Z,_Z,_Z,2007,A,YR,
50.024,P1Y,0,,A,PU,_Z,2,,,False,WB_WDI,WB_WDI_SP_DYN_LE00_IN,SLE,_T,_T,_T,_Z,_Z,_Z,2007,A,YR,
80.441463,P1Y,0,,A,PU,_Z,2,,,False,WB_WDI,WB_WDI_SP_DYN_LE00_IN,SGP,_T,_T,_T,_Z,_Z,_Z,2007,A,YR,
74.812,P1Y,0,,A,PU,_Z,2,,,False,WB_WDI,WB_WDI_SP_DYN_LE00_IN,SXM,_T,_T,_T,_Z,_Z,_Z,2007,A,YR,
74.207317,P1Y,0,,A,PU,_Z,2,,,False,WB_WDI,WB_WDI_SP_DYN_LE00_IN,SVK,_T,_T,_T,_Z,_Z,_Z,2007,A,YR,
78.560976,P1Y,0,,A,PU,_Z,2,,,False,WB_WDI,WB_WDI_SP_DYN_LE00_IN,SVN,_T,_T,_T,_Z,_Z,_Z,2007,A,YR,
67.845,P1Y,0,,A,PU,_Z,2,,,False,WB_WDI,WB_WDI_SP_DYN_LE00_IN,SLB,_T,_T,_T,_Z,_Z,_Z,2007,A,YR,
50.885,P1Y,0,,A,PU,_Z,2,,,False,WB_WDI,WB_WDI_SP_DYN_LE00_IN,SOM,_T,_T,_T,_Z,_Z,_Z,2007,A,YR,
54.948,P1Y,0,,A,PU,_Z,2,,,False,WB_WDI,WB_WDI_SP_DYN_LE00_IN,ZAF,_T,_T,_T,_Z,_Z,_Z,2007,A,YR,
55.425,P1Y,0,,A,PU,_Z,2,,,False,WB_WDI,WB_WDI_SP_DYN_LE00_IN,SSD,_T,_T,_T,_Z,_Z,_Z,2007,A,YR,
81.102439,P1Y,0,,A,PU,_Z,2,,,False,WB_WDI,WB_WDI_SP_DYN_LE00_IN,DNK,_T,_T,_T,_Z,_Z,_Z,2017,A,YR,
63.71,P1Y,0,,A,PU,_Z,2,,,False,WB_WDI,WB_WDI_SP_DYN_LE00_IN,DJI,_T,_T,_T,_Z,_Z,_Z,2017,A,YR,
68.62,P1Y,0,,A,PU,_Z,2,,,False,WB_WDI,WB_WDI_SP_DYN_LE00_IN,DMA,_T,_T,_T,_Z,_Z,_Z,2017,A,YR,
73.37,P1Y,0,,A,PU,_Z,2,,,False,WB_WDI,WB_WDI_SP_DYN_LE00_IN,DOM,_T,_T,_T,_Z,_Z,_Z,2017,A,YR,
76.22,P1Y,0,,A,PU,_Z,2,,,False,WB_WDI,WB_WDI_SP_DYN_LE00_IN,ECU,_T,_T,_T,_Z,_Z,_Z,2017,A,YR,
70.709,P1Y,0,,A,PU,_Z,2,,,False,WB_WDI,WB_WDI_SP_DYN_LE00_IN,EGY,_T,_T,_T,_Z,_Z,_Z,2017,A,YR,
71.007,P1Y,0,,A,PU,_Z,2,,,False,WB_WDI,WB_WDI_SP_DYN_LE00_IN,SLV,_T,_T,_T,_Z,_Z,_Z,2017,A,YR,
61.481,P1Y,0,,A,PU,_Z,2,,,False,WB_WDI,WB_WDI_SP_DYN_LE00_IN,GNQ,_T,_T,_T,_Z,_Z,_Z,2017,A,YR,
66.612,P1Y,0,,A,PU,_Z,2,,,False,WB_WDI,WB_WDI_SP_DYN_LE00_IN,ERI,_T,_T,_T,_Z,_Z,_Z,2017,A,YR,
78.092683,P1Y,0,,A,PU,_Z,2,,,False,WB_WDI,WB_WDI_SP_DYN_LE00_IN,EST,_T,_T,_T,_Z,_Z,_Z,2017,A,YR,
57.574,P1Y,0,,A,PU,_Z,2,,,False,WB_WDI,WB_WDI_SP_DYN_LE00_IN,SWZ,_T,_T,_T,_Z,_Z,_Z,2017,A,YR,
81.42439,P1Y,0,,A,PU,_Z,2,,,False,WB_WDI,WB_WDI_SP_DYN_LE00_IN,PRT,_T,_T,_T,_Z,_Z,_Z,2017,A,YR,
79.07,P1Y,0,,A,PU,_Z,2,,,False,WB_WDI,WB_WDI_SP_DYN_LE00_IN,PRI,_T,_T,_T,_Z,_Z,_Z,2017,A,YR,
82.458,P1Y,0,,A,PU,_Z,2,,,False,WB_WDI,WB_WDI_SP_DYN_LE00_IN,QAT,_T,_T,_T,_Z,_Z,_Z,2017,A,YR,
75.209756,P1Y,0,,A,PU,_Z,2,,,False,WB_WDI,WB_WDI_SP_DYN_LE00_IN,ROU,_T,_T,_T,_Z,_Z,_Z,2017,A,YR,
72.451463,P1Y,0,,A,PU,_Z,2,,,False,WB_WDI,WB_WDI_SP_DYN_LE00_IN,RUS,_T,_T,_T,_Z,_Z,_Z,2017,A,YR,
66.14,P1Y,0,,A,PU,_Z,2,,,False,WB_WDI,WB_WDI_SP_DYN_LE00_IN,RWA,_T,_T,_T,_Z,_Z,_Z,2017,A,YR,
70.991,P1Y,0,,A,PU,_Z,2,,,False,WB_WDI,WB_WDI_SP_DYN_LE00_IN,WSM,_T,_T,_T,_Z,_Z,_Z,2017,A,YR,
84.933,P1Y,0,,A,PU,_Z,2,,,False,WB_WDI,WB_WDI_SP_DYN_LE00_IN,SMR,_T,_T,_T,_Z,_Z,_Z,2017,A,YR,
67.074,P1Y,0,,A,PU,_Z,2,,,False,WB_WDI,WB_WDI_SP_DYN_LE00_IN,STP,_T,_T,_T,_Z,_Z,_Z,2017,A,YR,
78.721,P1Y,0,,A,PU,_Z,2,,,False,WB_WDI,WB_WDI_SP_DYN_LE00_IN,SAU,_T,_T,_T,_Z,_Z,_Z,2017,A,YR,
67.059,P1Y,0,,A,PU,_Z,2,,,False,WB_WDI,WB_WDI_SP_DYN_LE00_IN,SEN,_T,_T,_T,_Z,_Z,_Z,2017,A,YR,
61.955,P1Y,0,,A,PU,_Z,2,,,False,WB_WDI,WB_WDI_SP_DYN_LE00_IN,COM,_T,_T,_T,_Z,_Z,_Z,2008,A,YR,
55.388,P1Y,0,,A,PU,_Z,2,,,False,WB_WDI,WB_WDI_SP_DYN_LE00_IN,COD,_T,_T,_T,_Z,_Z,_Z,2008,A,YR,
60.79,P1Y,0,,A,PU,_Z,2,,,False,WB_WDI,WB_WDI_SP_DYN_LE00_IN,COG,_T,_T,_T,_Z,_Z,_Z,2008,A,YR,
79.18,P1Y,0,,A,PU,_Z,2,,,False,WB_WDI,WB_WDI_SP_DYN_LE00_IN,CRI,_T,_T,_T,_Z,_Z,_Z,2008,A,YR,
54.179,P1Y,0,,A,PU,_Z,2,,,False,WB_WDI,WB_WDI_SP_DYN_LE00_IN,CIV,_T,_T,_T,_Z,_Z,_Z,2008,A,YR,
75.912195,P1Y,0,,A,PU,_Z,2,,,False,WB_WDI,WB_WDI_SP_DYN_LE00_IN,HRV,_T,_T,_T,_Z,_Z,_Z,2008,A,YR,
77.589,P1Y,0,,A,PU,_Z,2,,,False,WB_WDI,WB_WDI_SP_DYN_LE00_IN,CUB,_T,_T,_T,_Z,_Z,_Z,2008,A,YR,
74.314,P1Y,0,,A,PU,_Z,2,,,False,WB_WDI,WB_WDI_SP_DYN_LE00_IN,CUW,_T,_T,_T,_Z,_Z,_Z,2008,A,YR,
79.906,P1Y,0,,A,PU,_Z,2,,,False,WB_WDI,WB_WDI_SP_DYN_LE00_IN,CYP,_T,_T,_T,_Z,_Z,_Z,2008,A,YR,
76.97561,P1Y,0,,A,PU,_Z,2,,,False,WB_WDI,WB_WDI_SP_DYN_LE00_IN,CZE,_T,_T,_T,_Z,_Z,_Z,2008,A,YR,
78.446341,P1Y,0,,A,PU,_Z,2,,,False,WB_WDI,WB_WDI_SP_DYN_LE00_IN,DNK,_T,_T,_T,_Z,_Z,_Z,2008,A,YR,
59.815,P1Y,0,,A,PU,_Z,2,,,False,WB_WDI,WB_WDI_SP_DYN_LE00_IN,DJI,_T,_T,_T,_Z,_Z,_Z,2008,A,YR,
72.686,P1Y,0,,A,PU,_Z,2,,,False,WB_WDI,WB_WDI_SP_DYN_LE00_IN,UKR,_T,_T,_T,_Z,_Z,_Z,2015,A,YR,
82.076,P1Y,0,,A,PU,_Z,2,,,False,WB_WDI,WB_WDI_SP_DYN_LE00_IN,ARE,_T,_T,_T,_Z,_Z,_Z,2015,A,YR,
80.956098,P1Y,0,,A,PU,_Z,2,,,False,WB_WDI,WB_WDI_SP_DYN_LE00_IN,GBR,_T,_T,_T,_Z,_Z,_Z,2015,A,YR,
78.690244,P1Y,0,,A,PU,_Z,2,,,False,WB_WDI,WB_WDI_SP_DYN_LE00_IN,USA,_T,_T,_T,_Z,_Z,_Z,2015,A,YR,
77.285,P1Y,0,,A,PU,_Z,2,,,False,WB_WDI,WB_WDI_SP_DYN_LE00_IN,URY,_T,_T,_T,_Z,_Z,_Z,2015,A,YR,
71.33,P1Y,0,,A,PU,_Z,2,,,False,WB_WDI,WB_WDI_SP_DYN_LE00_IN,UZB,_T,_T,_T,_Z,_Z,_Z,2015,A,YR,
70.163,P1Y,0,,A,PU,_Z,2,,,False,WB_WDI,WB_WDI_SP_DYN_LE00_IN,VUT,_T,_T,_T,_Z,_Z,_Z,2015,A,YR,
73.004,P1Y,0,,A,PU,_Z,2,,,False,WB_WDI,WB_WDI_SP_DYN_LE00_IN,VEN,_T,_T,_T,_Z,_Z,_Z,2015,A,YR,
73.955,P1Y,0,,A,PU,_Z,2,,,False,WB_WDI,WB_WDI_SP_DYN_LE00_IN,VNM,_T,_T,_T,_Z,_Z,_Z,2015,A,YR,
79.017073,P1Y,0,,A,PU,_Z,2,,,False,WB_WDI,WB_WDI_SP_DYN_LE00_IN,VIR,_T,_T,_T,_Z,_Z,_Z,2015,A,YR,
74.577,P1Y,0,,A,PU,_Z,2,,,False,WB_WDI,WB_WDI_SP_DYN_LE00_IN,PSE,_T,_T,_T,_Z,_Z,_Z,2015,A,YR,
66.761,P1Y,0,,A,PU,_Z,2,,,False,WB_WDI,WB_WDI_SP_DYN_LE00_IN,YEM,_T,_T,_T,_Z,_Z,_Z,2015,A,YR,
57.482,P1Y,0,,A,PU,_Z,2,,,False,WB_WDI,WB_WDI_SP_DYN_LE00_IN,MLI,_T,_T,_T,_Z,_Z,_Z,2014,A,YR,
81.895122,P1Y,0,,A,PU,_Z,2,,,False,WB_WDI,WB_WDI_SP_DYN_LE00_IN,MLT,_T,_T,_T,_Z,_Z,_Z,2014,A,YR,
65.11,P1Y,0,,A,PU,_Z,2,,,False,WB_WDI,WB_WDI_SP_DYN_LE00_IN,MHL,_T,_T,_T,_Z,_Z,_Z,2014,A,YR,
66.207,P1Y,0,,A,PU,_Z,2,,,False,WB_WDI,WB_WDI_SP_DYN_LE00_IN,MRT,_T,_T,_T,_Z,_Z,_Z,2014,A,YR,
74.19439,P1Y,0,,A,PU,_Z,2,,,False,WB_WDI,WB_WDI_SP_DYN_LE00_IN,MUS,_T,_T,_T,_Z,_Z,_Z,2014,A,YR,
74.404,P1Y,0,,A,PU,_Z,2,,,False,WB_WDI,WB_WDI_SP_DYN_LE00_IN,MEX,_T,_T,_T,_Z,_Z,_Z,2014,A,YR,
65.294,P1Y,0,,A,PU,_Z,2,,,False,WB_WDI,WB_WDI_SP_DYN_LE00_IN,FSM,_T,_T,_T,_Z,_Z,_Z,2014,A,YR,
70.241,P1Y,0,,A,PU,_Z,2,,,False,WB_WDI,WB_WDI_SP_DYN_LE00_IN,MDA,_T,_T,_T,_Z,_Z,_Z,2014,A,YR,
85.093,P1Y,0,,A,PU,_Z,2,,,False,WB_WDI,WB_WDI_SP_DYN_LE00_IN,MCO,_T,_T,_T,_Z,_Z,_Z,2014,A,YR,
70.583171,P1Y,0,,A,PU,_Z,2,,,False,WB_WDI,WB_WDI_SP_DYN_LE00_IN,MNG,_T,_T,_T,_Z,_Z,_Z,2014,A,YR,
76.339024,P1Y,0,,A,PU,_Z,2,,,False,WB_WDI,WB_WDI_SP_DYN_LE00_IN,MNE,_T,_T,_T,_Z,_Z,_Z,2014,A,YR,
76.424,P1Y,0,,A,PU,_Z,2,,,False,WB_WDI,WB_WDI_SP_DYN_LE00_IN,BIH,_T,_T,_T,_Z,_Z,_Z,2005,A,YR,
54.386,P1Y,0,,A,PU,_Z,2,,,False,WB_WDI,WB_WDI_SP_DYN_LE00_IN,BWA,_T,_T,_T,_Z,_Z,_Z,2005,A,YR,
71.832,P1Y,0,,A,PU,_Z,2,,,False,WB_WDI,WB_WDI_SP_DYN_LE00_IN,BRA,_T,_T,_T,_Z,_Z,_Z,2005,A,YR,
75.569,P1Y,0,,A,PU,_Z,2,,,False,WB_WDI,WB_WDI_SP_DYN_LE00_IN,VGB,_T,_T,_T,_Z,_Z,_Z,2005,A,YR,
74.683,P1Y,0,,A,PU,_Z,2,,,False,WB_WDI,WB_WDI_SP_DYN_LE00_IN,BRN,_T,_T,_T,_Z,_Z,_Z,2005,A,YR,
72.560976,P1Y,0,,A,PU,_Z,2,,,False,WB_WDI,WB_WDI_SP_DYN_LE00_IN,BGR,_T,_T,_T,_Z,_Z,_Z,2005,A,YR,
53.271,P1Y,0,,A,PU,_Z,2,,,False,WB_WDI,WB_WDI_SP_DYN_LE00_IN,BFA,_T,_T,_T,_Z,_Z,_Z,2005,A,YR,
53.053,P1Y,0,,A,PU,_Z,2,,,False,WB_WDI,WB_WDI_SP_DYN_LE00_IN,BDI,_T,_T,_T,_Z,_Z,_Z,2005,A,YR,
70.936,P1Y,0,,A,PU,_Z,2,,,False,WB_WDI,WB_WDI_SP_DYN_LE00_IN,CPV,_T,_T,_T,_Z,_Z,_Z,2005,A,YR,
64.113,P1Y,0,,A,PU,_Z,2,,,False,WB_WDI,WB_WDI_SP_DYN_LE00_IN,KHM,_T,_T,_T,_Z,_Z,_Z,2005,A,YR,
54.904,P1Y,0,,A,PU,_Z,2,,,False,WB_WDI,WB_WDI_SP_DYN_LE00_IN,CMR,_T,_T,_T,_Z,_Z,_Z,2005,A,YR,
80.112683,P1Y,0,,A,PU,_Z,2,,,False,WB_WDI,WB_WDI_SP_DYN_LE00_IN,CAN,_T,_T,_T,_Z,_Z,_Z,2005,A,YR,
51.383,P1Y,0,,A,PU,_Z,2,,,False,WB_WDI,WB_WDI_SP_DYN_LE00_IN,MOZ,_T,_T,_T,_Z,_Z,_Z,2003,A,YR,
61.196,P1Y,0,,A,PU,_Z,2,,,False,WB_WDI,WB_WDI_SP_DYN_LE00_IN,MMR,_T,_T,_T,_Z,_Z,_Z,2003,A,YR,
51.918,P1Y,0,,A,PU,_Z,2,,,False,WB_WDI,WB_WDI_SP_DYN_LE00_IN,NAM,_T,_T,_T,_Z,_Z,_Z,2003,A,YR,
59.359,P1Y,0,,A,PU,_Z,2,,,False,WB_WDI,WB_WDI_SP_DYN_LE00_IN,NRU,_T,_T,_T,_Z,_Z,_Z,2003,A,YR,
64.229,P1Y,0,,A,PU,_Z,2,,,False,WB_WDI,WB_WDI_SP_DYN_LE00_IN,NPL,_T,_T,_T,_Z,_Z,_Z,2003,A,YR,
78.492683,P1Y,0,,A,PU,_Z,2,,,False,WB_WDI,WB_WDI_SP_DYN_LE00_IN,NLD,_T,_T,_T,_Z,_Z,_Z,2003,A,YR,
74.5,P1Y,0,,A,PU,_Z,2,,,False,WB_WDI,WB_WDI_SP_DYN_LE00_IN,NCL,_T,_T,_T,_Z,_Z,_Z,2003,A,YR,
79.146341,P1Y,0,,A,PU,_Z,2,,,False,WB_WDI,WB_WDI_SP_DYN_LE00_IN,NZL,_T,_T,_T,_Z,_Z,_Z,2003,A,YR,
68.749,P1Y,0,,A,PU,_Z,2,,,False,WB_WDI,WB_WDI_SP_DYN_LE00_IN,NIC,_T,_T,_T,_Z,_Z,_Z,2003,A,YR,
51.545,P1Y,0,,A,PU,_Z,2,,,False,WB_WDI,WB_WDI_SP_DYN_LE00_IN,NER,_T,_T,_T,_Z,_Z,_Z,2003,A,YR,
48.618,P1Y,0,,A,PU,_Z,2,,,False,WB_WDI,WB_WDI_SP_DYN_LE00_IN,NGA,_T,_T,_T,_Z,_Z,_Z,2003,A,YR,
73.241463,P1Y,0,,A,PU,_Z,2,,,False,WB_WDI,WB_WDI_SP_DYN_LE00_IN,MKD,_T,_T,_T,_Z,_Z,_Z,2003,A,YR,
76.505,P1Y,0,,A,PU,_Z,2,,,False,WB_WDI,WB_WDI_SP_DYN_LE00_IN,MNP,_T,_T,_T,_Z,_Z,_Z,2003,A,YR,
65.288,P1Y,0,,A,PU,_Z,2,,,False,WB_WDI,WB_WDI_SP_DYN_LE00_IN,MMR,_T,_T,_T,_Z,_Z,_Z,2015,A,YR,
60.008,P1Y,0,,A,PU,_Z,2,,,False,WB_WDI,WB_WDI_SP_DYN_LE00_IN,NAM,_T,_T,_T,_Z,_Z,_Z,2015,A,YR,
60.897,P1Y,0,,A,PU,_Z,2,,,False,WB_WDI,WB_WDI_SP_DYN_LE00_IN,NRU,_T,_T,_T,_Z,_Z,_Z,2015,A,YR,
67.374,P1Y,0,,A,PU,_Z,2,,,False,WB_WDI,WB_WDI_SP_DYN_LE00_IN,NPL,_T,_T,_T,_Z,_Z,_Z,2015,A,YR,
81.509756,P1Y,0,,A,PU,_Z,2,,,False,WB_WDI,WB_WDI_SP_DYN_LE00_IN,NLD,_T,_T,_T,_Z,_Z,_Z,2015,A,YR,
77.206,P1Y,0,,A,PU,_Z,2,,,False,WB_WDI,WB_WDI_SP_DYN_LE00_IN,NCL,_T,_T,_T,_Z,_Z,_Z,2015,A,YR,
81.612439,P1Y,0,,A,PU,_Z,2,,,False,WB_WDI,WB_WDI_SP_DYN_LE00_IN,NZL,_T,_T,_T,_Z,_Z,_Z,2015,A,YR,
72.899,P1Y,0,,A,PU,_Z,2,,,False,WB_WDI,WB_WDI_SP_DYN_LE00_IN,NIC,_T,_T,_T,_Z,_Z,_Z,2015,A,YR,
58.85,P1Y,0,,A,PU,_Z,2,,,False,WB_WDI,WB_WDI_SP_DYN_LE00_IN,NER,_T,_T,_T,_Z,_Z,_Z,2015,A,YR,
51.939,P1Y,0,,A,PU,_Z,2,,,False,WB_WDI,WB_WDI_SP_DYN_LE00_IN,NGA,_T,_T,_T,_Z,_Z,_Z,2015,A,YR,
75.402439,P1Y,0,,A,PU,_Z,2,,,False,WB_WDI,WB_WDI_SP_DYN_LE00_IN,MKD,_T,_T,_T,_Z,_Z,_Z,2015,A,YR,
77.36,P1Y,0,,A,PU,_Z,2,,,False,WB_WDI,WB_WDI_SP_DYN_LE00_IN,MNP,_T,_T,_T,_Z,_Z,_Z,2015,A,YR,
73.563415,P1Y,0,,A,PU,_Z,2,,,False,WB_WDI,WB_WDI_SP_DYN_LE00_IN,LTU,_T,_T,_T,_Z,_Z,_Z,2011,A,YR,
80.987805,P1Y,0,,A,PU,_Z,2,,,False,WB_WDI,WB_WDI_SP_DYN_LE00_IN,LUX,_T,_T,_T,_Z,_Z,_Z,2011,A,YR,
82.470732,P1Y,0,,A,PU,_Z,2,,,False,WB_WDI,WB_WDI_SP_DYN_LE00_IN,MAC,_T,_T,_T,_Z,_Z,_Z,2011,A,YR,
62.86,P1Y,0,,A,PU,_Z,2,,,False,WB_WDI,WB_WDI_SP_DYN_LE00_IN,MDG,_T,_T,_T,_Z,_Z,_Z,2011,A,YR,
58.859,P1Y,0,,A,PU,_Z,2,,,False,WB_WDI,WB_WDI_SP_DYN_LE00_IN,MWI,_T,_T,_T,_Z,_Z,_Z,2011,A,YR,
75.488,P1Y,0,,A,PU,_Z,2,,,False,WB_WDI,WB_WDI_SP_DYN_LE00_IN,MYS,_T,_T,_T,_Z,_Z,_Z,2011,A,YR,
77.141,P1Y,0,,A,PU,_Z,2,,,False,WB_WDI,WB_WDI_SP_DYN_LE00_IN,MDV,_T,_T,_T,_Z,_Z,_Z,2011,A,YR,
56.367,P1Y,0,,A,PU,_Z,2,,,False,WB_WDI,WB_WDI_SP_DYN_LE00_IN,MLI,_T,_T,_T,_Z,_Z,_Z,2011,A,YR,
80.746341,P1Y,0,,A,PU,_Z,2,,,False,WB_WDI,WB_WDI_SP_DYN_LE00_IN,MLT,_T,_T,_T,_Z,_Z,_Z,2011,A,YR,
64.641,P1Y,0,,A,PU,_Z,2,,,False,WB_WDI,WB_WDI_SP_DYN_LE00_IN,MHL,_T,_T,_T,_Z,_Z,_Z,2011,A,YR,
65.754,P1Y,0,,A,PU,_Z,2,,,False,WB_WDI,WB_WDI_SP_DYN_LE00_IN,MRT,_T,_T,_T,_Z,_Z,_Z,2011,A,YR,
68.991,P1Y,0,,A,PU,_Z,2,,,False,WB_WDI,WB_WDI_SP_DYN_LE00_IN,MDA,_T,_T,_T,_Z,_Z,_Z,2021,A,YR,
85.113,P1Y,0,,A,PU,_Z,2,,,False,WB_WDI,WB_WDI_SP_DYN_LE00_IN,MCO,_T,_T,_T,_Z,_Z,_Z,2021,A,YR,
71.645122,P1Y,0,,A,PU,_Z,2,,,False,WB_WDI,WB_WDI_SP_DYN_LE00_IN,MNG,_T,_T,_T,_Z,_Z,_Z,2021,A,YR,
73.82439,P1Y,0,,A,PU,_Z,2,,,False,WB_WDI,WB_WDI_SP_DYN_LE00_IN,MNE,_T,_T,_T,_Z,_Z,_Z,2021,A,YR,
73.385,P1Y,0,,A,PU,_Z,2,,,False,WB_WDI,WB_WDI_SP_DYN_LE00_IN,MAR,_T,_T,_T,_Z,_Z,_Z,2021,A,YR,
60.268,P1Y,0,,A,PU,_Z,2,,,False,WB_WDI,WB_WDI_SP_DYN_LE00_IN,MOZ,_T,_T,_T,_Z,_Z,_Z,2021,A,YR,
65.553,P1Y,0,,A,PU,_Z,2,,,False,WB_WDI,WB_WDI_SP_DYN_LE00_IN,MMR,_T,_T,_T,_Z,_Z,_Z,2021,A,YR,
60.85,P1Y,0,,A,PU,_Z,2,,,False,WB_WDI,WB_WDI_SP_DYN_LE00_IN,NAM,_T,_T,_T,_Z,_Z,_Z,2021,A,YR,
61.331,P1Y,0,,A,PU,_Z,2,,,False,WB_WDI,WB_WDI_SP_DYN_LE00_IN,NRU,_T,_T,_T,_Z,_Z,_Z,2021,A,YR,
68.385,P1Y,0,,A,PU,_Z,2,,,False,WB_WDI,WB_WDI_SP_DYN_LE00_IN,NPL,_T,_T,_T,_Z,_Z,_Z,2021,A,YR,
81.309756,P1Y,0,,A,PU,_Z,2,,,False,WB_WDI,WB_WDI_SP_DYN_LE00_IN,NLD,_T,_T,_T,_Z,_Z,_Z,2021,A,YR,
77.113,P1Y,0,,A,PU,_Z,2,,,False,WB_WDI,WB_WDI_SP_DYN_LE00_IN,NCL,_T,_T,_T,_Z,_Z,_Z,2021,A,YR,
82.207317,P1Y,0,,A,PU,_Z,2,,,False,WB_WDI,WB_WDI_SP_DYN_LE00_IN,NZL,_T,_T,_T,_Z,_Z,_Z,2021,A,YR,
69.339,P1Y,0,,A,PU,_Z,2,,,False,WB_WDI,WB_WDI_SP_DYN_LE00_IN,LBY,_T,_T,_T,_Z,_Z,_Z,2023,A,YR,
84.595122,P1Y,0,,A,PU,_Z,2,,,False,WB_WDI,WB_WDI_SP_DYN_LE00_IN,LIE,_T,_T,_T,_Z,_Z,_Z,2023,A,YR,
77.290244,P1Y,0,,A,PU,_Z,2,,,False,WB_WDI,WB_WDI_SP_DYN_LE00_IN,LTU,_T,_T,_T,_Z,_Z,_Z,2023,A,YR,
83.309756,P1Y,0,,A,PU,_Z,2,,,False,WB_WDI,WB_WDI_SP_DYN_LE00_IN,LUX,_T,_T,_T,_Z,_Z,_Z,2023,A,YR,
83.180488,P1Y,0,,A,PU,_Z,2,,,False,WB_WDI,WB_WDI_SP_DYN_LE00_IN,MAC,_T,_T,_T,_Z,_Z,_Z,2023,A,YR,
63.632,P1Y,0,,A,PU,_Z,2,,,False,WB_WDI,WB_WDI_SP_DYN_LE00_IN,MDG,_T,_T,_T,_Z,_Z,_Z,2023,A,YR,
67.353,P1Y,0,,A,PU,_Z,2,,,False,WB_WDI,WB_WDI_SP_DYN_LE00_IN,MWI,_T,_T,_T,_Z,_Z,_Z,2023,A,YR,
76.657,P1Y,0,,A,PU,_Z,2,,,False,WB_WDI,WB_WDI_SP_DYN_LE00_IN,MYS,_T,_T,_T,_Z,_Z,_Z,2023,A,YR,
81.041,P1Y,0,,A,PU,_Z,2,,,False,WB_WDI,WB_WDI_SP_DYN_LE00_IN,MDV,_T,_T,_T,_Z,_Z,_Z,2023,A,YR,
60.439,P1Y,0,,A,PU,_Z,2,,,False,WB_WDI,WB_WDI_SP_DYN_LE00_IN,MLI,_T,_T,_T,_Z,_Z,_Z,2023,A,YR,
83.356098,P1Y,0,,A,PU,_Z,2,,,False,WB_WDI,WB_WDI_SP_DYN_LE00_IN,MLT,_T,_T,_T,_Z,_Z,_Z,2023,A,YR,
66.945,P1Y,0,,A,PU,_Z,2,,,False,WB_WDI,WB_WDI_SP_DYN_LE00_IN,MHL,_T,_T,_T,_Z,_Z,_Z,2023,A,YR,
68.484,P1Y,0,,A,PU,_Z,2,,,False,WB_WDI,WB_WDI_SP_DYN_LE00_IN,MRT,_T,_T,_T,_Z,_Z,_Z,2023,A,YR,
73.412195,P1Y,0,,A,PU,_Z,2,,,False,WB_WDI,WB_WDI_SP_DYN_LE00_IN,MUS,_T,_T,_T,_Z,_Z,_Z,2023,A,YR,
71.945,P1Y,0,,A,PU,_Z,2,,,False,WB_WDI,WB_WDI_SP_DYN_LE00_IN,DMA,_T,_T,_T,_Z,_Z,_Z,2008,A,YR,
71.331,P1Y,0,,A,PU,_Z,2,,,False,WB_WDI,WB_WDI_SP_DYN_LE00_IN,DOM,_T,_T,_T,_Z,_Z,_Z,2008,A,YR,
74.709,P1Y,0,,A,PU,_Z,2,,,False,WB_WDI,WB_WDI_SP_DYN_LE00_IN,ECU,_T,_T,_T,_Z,_Z,_Z,2008,A,YR,
68.761,P1Y,0,,A,PU,_Z,2,,,False,WB_WDI,WB_WDI_SP_DYN_LE00_IN,EGY,_T,_T,_T,_Z,_Z,_Z,2008,A,YR,
70.138,P1Y,0,,A,PU,_Z,2,,,False,WB_WDI,WB_WDI_SP_DYN_LE00_IN,SLV,_T,_T,_T,_Z,_Z,_Z,2008,A,YR,
57.384,P1Y,0,,A,PU,_Z,2,,,False,WB_WDI,WB_WDI_SP_DYN_LE00_IN,GNQ,_T,_T,_T,_Z,_Z,_Z,2008,A,YR,
62.422,P1Y,0,,A,PU,_Z,2,,,False,WB_WDI,WB_WDI_SP_DYN_LE00_IN,ERI,_T,_T,_T,_Z,_Z,_Z,2008,A,YR,
73.770732,P1Y,0,,A,PU,_Z,2,,,False,WB_WDI,WB_WDI_SP_DYN_LE00_IN,EST,_T,_T,_T,_Z,_Z,_Z,2008,A,YR,
45.853,P1Y,0,,A,PU,_Z,2,,,False,WB_WDI,WB_WDI_SP_DYN_LE00_IN,SWZ,_T,_T,_T,_Z,_Z,_Z,2008,A,YR,
57.733,P1Y,0,,A,PU,_Z,2,,,False,WB_WDI,WB_WDI_SP_DYN_LE00_IN,ETH,_T,_T,_T,_Z,_Z,_Z,2008,A,YR,
80.14608,P1Y,0,,A,PU,_Z,2,,,False,WB_WDI,WB_WDI_SP_DYN_LE00_IN,FRO,_T,_T,_T,_Z,_Z,_Z,2008,A,YR,
66.32,P1Y,0,,A,PU,_Z,2,,,False,WB_WDI,WB_WDI_SP_DYN_LE00_IN,FJI,_T,_T,_T,_Z,_Z,_Z,2008,A,YR,
74.478049,P1Y,0,,A,PU,_Z,2,,,False,WB_WDI,WB_WDI_SP_DYN_LE00_IN,SRB,_T,_T,_T,_Z,_Z,_Z,2020,A,YR,
77.236585,P1Y,0,,A,PU,_Z,2,,,False,WB_WDI,WB_WDI_SP_DYN_LE00_IN,SYC,_T,_T,_T,_Z,_Z,_Z,2020,A,YR,
59.694,P1Y,0,,A,PU,_Z,2,,,False,WB_WDI,WB_WDI_SP_DYN_LE00_IN,SLE,_T,_T,_T,_Z,_Z,_Z,2020,A,YR,
83.543902,P1Y,0,,A,PU,_Z,2,,,False,WB_WDI,WB_WDI_SP_DYN_LE00_IN,SGP,_T,_T,_T,_Z,_Z,_Z,2020,A,YR,
75.002,P1Y,0,,A,PU,_Z,2,,,False,WB_WDI,WB_WDI_SP_DYN_LE00_IN,SXM,_T,_T,_T,_Z,_Z,_Z,2020,A,YR,
76.865854,P1Y,0,,A,PU,_Z,2,,,False,WB_WDI,WB_WDI_SP_DYN_LE00_IN,SVK,_T,_T,_T,_Z,_Z,_Z,2020,A,YR,
80.531707,P1Y,0,,A,PU,_Z,2,,,False,WB_WDI,WB_WDI_SP_DYN_LE00_IN,SVN,_T,_T,_T,_Z,_Z,_Z,2020,A,YR,
69.258,P1Y,0,,A,PU,_Z,2,,,False,WB_WDI,WB_WDI_SP_DYN_LE00_IN,SLB,_T,_T,_T,_Z,_Z,_Z,2020,A,YR,
57.095,P1Y,0,,A,PU,_Z,2,,,False,WB_WDI,WB_WDI_SP_DYN_LE00_IN,SOM,_T,_T,_T,_Z,_Z,_Z,2020,A,YR,
65.15,P1Y,0,,A,PU,_Z,2,,,False,WB_WDI,WB_WDI_SP_DYN_LE00_IN,ZAF,_T,_T,_T,_Z,_Z,_Z,2020,A,YR,
57.648,P1Y,0,,A,PU,_Z,2,,,False,WB_WDI,WB_WDI_SP_DYN_LE00_IN,SSD,_T,_T,_T,_Z,_Z,_Z,2020,A,YR,
82.231707,P1Y,0,,A,PU,_Z,2,,,False,WB_WDI,WB_WDI_SP_DYN_LE00_IN,ESP,_T,_T,_T,_Z,_Z,_Z,2020,A,YR,
74.531,P1Y,0,,A,PU,_Z,2,,,False,WB_WDI,WB_WDI_SP_DYN_LE00_IN,COL,_T,_T,_T,_Z,_Z,_Z,2009,A,YR,
62.302,P1Y,0,,A,PU,_Z,2,,,False,WB_WDI,WB_WDI_SP_DYN_LE00_IN,COM,_T,_T,_T,_Z,_Z,_Z,2009,A,YR,
55.798,P1Y,0,,A,PU,_Z,2,,,False,WB_WDI,WB_WDI_SP_DYN_LE00_IN,COD,_T,_T,_T,_Z,_Z,_Z,2009,A,YR,
61.215,P1Y,0,,A,PU,_Z,2,,,False,WB_WDI,WB_WDI_SP_DYN_LE00_IN,COG,_T,_T,_T,_Z,_Z,_Z,2009,A,YR,
79.372,P1Y,0,,A,PU,_Z,2,,,False,WB_WDI,WB_WDI_SP_DYN_LE00_IN,CRI,_T,_T,_T,_Z,_Z,_Z,2009,A,YR,
54.744,P1Y,0,,A,PU,_Z,2,,,False,WB_WDI,WB_WDI_SP_DYN_LE00_IN,CIV,_T,_T,_T,_Z,_Z,_Z,2009,A,YR,
76.168293,P1Y,0,,A,PU,_Z,2,,,False,WB_WDI,WB_WDI_SP_DYN_LE00_IN,HRV,_T,_T,_T,_Z,_Z,_Z,2009,A,YR,
77.584,P1Y,0,,A,PU,_Z,2,,,False,WB_WDI,WB_WDI_SP_DYN_LE00_IN,CUB,_T,_T,_T,_Z,_Z,_Z,2009,A,YR,
74.485,P1Y,0,,A,PU,_Z,2,,,False,WB_WDI,WB_WDI_SP_DYN_LE00_IN,CUW,_T,_T,_T,_Z,_Z,_Z,2009,A,YR,
80.375,P1Y,0,,A,PU,_Z,2,,,False,WB_WDI,WB_WDI_SP_DYN_LE00_IN,CYP,_T,_T,_T,_Z,_Z,_Z,2009,A,YR,
77.078049,P1Y,0,,A,PU,_Z,2,,,False,WB_WDI,WB_WDI_SP_DYN_LE00_IN,CZE,_T,_T,_T,_Z,_Z,_Z,2009,A,YR,
78.597561,P1Y,0,,A,PU,_Z,2,,,False,WB_WDI,WB_WDI_SP_DYN_LE00_IN,DNK,_T,_T,_T,_Z,_Z,_Z,2009,A,YR,
73.718,P1Y,0,,A,PU,_Z,2,,,False,WB_WDI,WB_WDI_SP_DYN_LE00_IN,MEX,_T,_T,_T,_Z,_Z,_Z,2010,A,YR,
64.892,P1Y,0,,A,PU,_Z,2,,,False,WB_WDI,WB_WDI_SP_DYN_LE00_IN,FSM,_T,_T,_T,_Z,_Z,_Z,2010,A,YR,
69.876,P1Y,0,,A,PU,_Z,2,,,False,WB_WDI,WB_WDI_SP_DYN_LE00_IN,MDA,_T,_T,_T,_Z,_Z,_Z,2010,A,YR,
84.644,P1Y,0,,A,PU,_Z,2,,,False,WB_WDI,WB_WDI_SP_DYN_LE00_IN,MCO,_T,_T,_T,_Z,_Z,_Z,2010,A,YR,
68.50561,P1Y,0,,A,PU,_Z,2,,,False,WB_WDI,WB_WDI_SP_DYN_LE00_IN,MNG,_T,_T,_T,_Z,_Z,_Z,2010,A,YR,
75.990244,P1Y,0,,A,PU,_Z,2,,,False,WB_WDI,WB_WDI_SP_DYN_LE00_IN,MNE,_T,_T,_T,_Z,_Z,_Z,2010,A,YR,
70.821,P1Y,0,,A,PU,_Z,2,,,False,WB_WDI,WB_WDI_SP_DYN_LE00_IN,MAR,_T,_T,_T,_Z,_Z,_Z,2010,A,YR,
55.04,P1Y,0,,A,PU,_Z,2,,,False,WB_WDI,WB_WDI_SP_DYN_LE00_IN,MOZ,_T,_T,_T,_Z,_Z,_Z,2010,A,YR,
63.479,P1Y,0,,A,PU,_Z,2,,,False,WB_WDI,WB_WDI_SP_DYN_LE00_IN,MMR,_T,_T,_T,_Z,_Z,_Z,2010,A,YR,
56.093,P1Y,0,,A,PU,_Z,2,,,False,WB_WDI,WB_WDI_SP_DYN_LE00_IN,NAM,_T,_T,_T,_Z,_Z,_Z,2010,A,YR,
60.074,P1Y,0,,A,PU,_Z,2,,,False,WB_WDI,WB_WDI_SP_DYN_LE00_IN,NRU,_T,_T,_T,_Z,_Z,_Z,2010,A,YR,
66.772,P1Y,0,,A,PU,_Z,2,,,False,WB_WDI,WB_WDI_SP_DYN_LE00_IN,NPL,_T,_T,_T,_Z,_Z,_Z,2010,A,YR,
82.304878,P1Y,0,,A,PU,_Z,2,,,False,WB_WDI,WB_WDI_SP_DYN_LE00_IN,NOR,_T,_T,_T,_Z,_Z,_Z,2015,A,YR,
79.346,P1Y,0,,A,PU,_Z,2,,,False,WB_WDI,WB_WDI_SP_DYN_LE00_IN,OMN,_T,_T,_T,_Z,_Z,_Z,2015,A,YR,
65.641,P1Y,0,,A,PU,_Z,2,,,False,WB_WDI,WB_WDI_SP_DYN_LE00_IN,PAK,_T,_T,_T,_Z,_Z,_Z,2015,A,YR,
69.07,P1Y,0,,A,PU,_Z,2,,,False,WB_WDI,WB_WDI_SP_DYN_LE00_IN,PLW,_T,_T,_T,_Z,_Z,_Z,2015,A,YR,
77.583,P1Y,0,,A,PU,_Z,2,,,False,WB_WDI,WB_WDI_SP_DYN_LE00_IN,PAN,_T,_T,_T,_Z,_Z,_Z,2015,A,YR,
64.473,P1Y,0,,A,PU,_Z,2,,,False,WB_WDI,WB_WDI_SP_DYN_LE00_IN,PNG,_T,_T,_T,_Z,_Z,_Z,2015,A,YR,
73.454,P1Y,0,,A,PU,_Z,2,,,False,WB_WDI,WB_WDI_SP_DYN_LE00_IN,PRY,_T,_T,_T,_Z,_Z,_Z,2015,A,YR,
75.732,P1Y,0,,A,PU,_Z,2,,,False,WB_WDI,WB_WDI_SP_DYN_LE00_IN,PER,_T,_T,_T,_Z,_Z,_Z,2015,A,YR,
69.45,P1Y,0,,A,PU,_Z,2,,,False,WB_WDI,WB_WDI_SP_DYN_LE00_IN,PHL,_T,_T,_T,_Z,_Z,_Z,2015,A,YR,
77.45122,P1Y,0,,A,PU,_Z,2,,,False,WB_WDI,WB_WDI_SP_DYN_LE00_IN,POL,_T,_T,_T,_Z,_Z,_Z,2015,A,YR,
74.783,P1Y,0,,A,PU,_Z,2,,,False,WB_WDI,WB_WDI_SP_DYN_LE00_IN,ARG,_T,_T,_T,_Z,_Z,_Z,2007,A,YR,
72.873171,P1Y,0,,A,PU,_Z,2,,,False,WB_WDI,WB_WDI_SP_DYN_LE00_IN,ARM,_T,_T,_T,_Z,_Z,_Z,2007,A,YR,
73.642,P1Y,0,,A,PU,_Z,2,,,False,WB_WDI,WB_WDI_SP_DYN_LE00_IN,ABW,_T,_T,_T,_Z,_Z,_Z,2007,A,YR,
81.292683,P1Y,0,,A,PU,_Z,2,,,False,WB_WDI,WB_WDI_SP_DYN_LE00_IN,AUS,_T,_T,_T,_Z,_Z,_Z,2007,A,YR,
80.180488,P1Y,0,,A,PU,_Z,2,,,False,WB_WDI,WB_WDI_SP_DYN_LE00_IN,AUT,_T,_T,_T,_Z,_Z,_Z,2007,A,YR,
68.659,P1Y,0,,A,PU,_Z,2,,,False,WB_WDI,WB_WDI_SP_DYN_LE00_IN,AZE,_T,_T,_T,_Z,_Z,_Z,2007,A,YR,
73.463,P1Y,0,,A,PU,_Z,2,,,False,WB_WDI,WB_WDI_SP_DYN_LE00_IN,BHS,_T,_T,_T,_Z,_Z,_Z,2007,A,YR,
76.952,P1Y,0,,A,PU,_Z,2,,,False,WB_WDI,WB_WDI_SP_DYN_LE00_IN,BHR,_T,_T,_T,_Z,_Z,_Z,2007,A,YR,
66.458,P1Y,0,,A,PU,_Z,2,,,False,WB_WDI,WB_WDI_SP_DYN_LE00_IN,BGD,_T,_T,_T,_Z,_Z,_Z,2007,A,YR,
75.263,P1Y,0,,A,PU,_Z,2,,,False,WB_WDI,WB_WDI_SP_DYN_LE00_IN,BRB,_T,_T,_T,_Z,_Z,_Z,2007,A,YR,
70.207317,P1Y,0,,A,PU,_Z,2,,,False,WB_WDI,WB_WDI_SP_DYN_LE00_IN,BLR,_T,_T,_T,_Z,_Z,_Z,2007,A,YR,
79.782927,P1Y,0,,A,PU,_Z,2,,,False,WB_WDI,WB_WDI_SP_DYN_LE00_IN,BEL,_T,_T,_T,_Z,_Z,_Z,2007,A,YR,
72.914634,P1Y,0,,A,PU,_Z,2,,,False,WB_WDI,WB_WDI_SP_DYN_LE00_IN,LTU,_T,_T,_T,_Z,_Z,_Z,2009,A,YR,
80.636585,P1Y,0,,A,PU,_Z,2,,,False,WB_WDI,WB_WDI_SP_DYN_LE00_IN,LUX,_T,_T,_T,_Z,_Z,_Z,2009,A,YR,
82.17561,P1Y,0,,A,PU,_Z,2,,,False,WB_WDI,WB_WDI_SP_DYN_LE00_IN,MAC,_T,_T,_T,_Z,_Z,_Z,2009,A,YR,
62.304,P1Y,0,,A,PU,_Z,2,,,False,WB_WDI,WB_WDI_SP_DYN_LE00_IN,MDG,_T,_T,_T,_Z,_Z,_Z,2009,A,YR,
56.714,P1Y,0,,A,PU,_Z,2,,,False,WB_WDI,WB_WDI_SP_DYN_LE00_IN,MWI,_T,_T,_T,_Z,_Z,_Z,2009,A,YR,
75.269,P1Y,0,,A,PU,_Z,2,,,False,WB_WDI,WB_WDI_SP_DYN_LE00_IN,MYS,_T,_T,_T,_Z,_Z,_Z,2009,A,YR,
76.371,P1Y,0,,A,PU,_Z,2,,,False,WB_WDI,WB_WDI_SP_DYN_LE00_IN,MDV,_T,_T,_T,_Z,_Z,_Z,2009,A,YR,
55.588,P1Y,0,,A,PU,_Z,2,,,False,WB_WDI,WB_WDI_SP_DYN_LE00_IN,MLI,_T,_T,_T,_Z,_Z,_Z,2009,A,YR,
80.241463,P1Y,0,,A,PU,_Z,2,,,False,WB_WDI,WB_WDI_SP_DYN_LE00_IN,MLT,_T,_T,_T,_Z,_Z,_Z,2009,A,YR,
64.395,P1Y,0,,A,PU,_Z,2,,,False,WB_WDI,WB_WDI_SP_DYN_LE00_IN,MHL,_T,_T,_T,_Z,_Z,_Z,2009,A,YR,
65.485,P1Y,0,,A,PU,_Z,2,,,False,WB_WDI,WB_WDI_SP_DYN_LE00_IN,MRT,_T,_T,_T,_Z,_Z,_Z,2009,A,YR,
72.882439,P1Y,0,,A,PU,_Z,2,,,False,WB_WDI,WB_WDI_SP_DYN_LE00_IN,MUS,_T,_T,_T,_Z,_Z,_Z,2009,A,YR,
76.374735,P1Y,0,,A,PU,_Z,2,,,False,WB_WDI,WB_WDI_SP_DYN_LE00_IN,CEB,_T,_T,_T,_Z,_Z,_Z,2013,A,YR,
68.962838,P1Y,0,,A,PU,_Z,2,,,False,WB_WDI,WB_WDI_SP_DYN_LE00_IN,EAR,_T,_T,_T,_Z,_Z,_Z,2013,A,YR,
75.334773,P1Y,0,,A,PU,_Z,2,,,False,WB_WDI,WB_WDI_SP_DYN_LE00_IN,EAS,_T,_T,_T,_Z,_Z,_Z,2013,A,YR,
74.485932,P1Y,0,,A,PU,_Z,2,,,False,WB_WDI,WB_WDI_SP_DYN_LE00_IN,EAP,_T,_T,_T,_Z,_Z,_Z,2013,A,YR,
74.519003,P1Y,0,,A,PU,_Z,2,,,False,WB_WDI,WB_WDI_SP_DYN_LE00_IN,TEA,_T,_T,_T,_Z,_Z,_Z,2013,A,YR,
81.332359,P1Y,0,,A,PU,_Z,2,,,False,WB_WDI,WB_WDI_SP_DYN_LE00_IN,EMU,_T,_T,_T,_Z,_Z,_Z,2013,A,YR,
77.032435,P1Y,0,,A,PU,_Z,2,,,False,WB_WDI,WB_WDI_SP_DYN_LE00_IN,ECS,_T,_T,_T,_Z,_Z,_Z,2013,A,YR,
73.125829,P1Y,0,,A,PU,_Z,2,,,False,WB_WDI,WB_WDI_SP_DYN_LE00_IN,ECA,_T,_T,_T,_Z,_Z,_Z,2013,A,YR,
72.794204,P1Y,0,,A,PU,_Z,2,,,False,WB_WDI,WB_WDI_SP_DYN_LE00_IN,TEC,_T,_T,_T,_Z,_Z,_Z,2013,A,YR,
80.473432,P1Y,0,,A,PU,_Z,2,,,False,WB_WDI,WB_WDI_SP_DYN_LE00_IN,EUU,_T,_T,_T,_Z,_Z,_Z,2013,A,YR,
60.629936,P1Y,0,,A,PU,_Z,2,,,False,WB_WDI,WB_WDI_SP_DYN_LE00_IN,HPC,_T,_T,_T,_Z,_Z,_Z,2013,A,YR,
79.312701,P1Y,0,,A,PU,_Z,2,,,False,WB_WDI,WB_WDI_SP_DYN_LE00_IN,HIC,_T,_T,_T,_Z,_Z,_Z,2013,A,YR,
72.463347,P1Y,0,,A,PU,_Z,2,,,False,WB_WDI,WB_WDI_SP_DYN_LE00_IN,IBD,_T,_T,_T,_Z,_Z,_Z,2013,A,YR,
55.766,P1Y,0,,A,PU,_Z,2,,,False,WB_WDI,WB_WDI_SP_DYN_LE00_IN,GNQ,_T,_T,_T,_Z,_Z,_Z,2005,A,YR,
60.628,P1Y,0,,A,PU,_Z,2,,,False,WB_WDI,WB_WDI_SP_DYN_LE00_IN,ERI,_T,_T,_T,_Z,_Z,_Z,2005,A,YR,
72.568293,P1Y,0,,A,PU,_Z,2,,,False,WB_WDI,WB_WDI_SP_DYN_LE00_IN,EST,_T,_T,_T,_Z,_Z,_Z,2005,A,YR,
43.958,P1Y,0,,A,PU,_Z,2,,,False,WB_WDI,WB_WDI_SP_DYN_LE00_IN,SWZ,_T,_T,_T,_Z,_Z,_Z,2005,A,YR,
54.364,P1Y,0,,A,PU,_Z,2,,,False,WB_WDI,WB_WDI_SP_DYN_LE00_IN,ETH,_T,_T,_T,_Z,_Z,_Z,2005,A,YR,
79.445346,P1Y,0,,A,PU,_Z,2,,,False,WB_WDI,WB_WDI_SP_DYN_LE00_IN,FRO,_T,_T,_T,_Z,_Z,_Z,2005,A,YR,
65.983,P1Y,0,,A,PU,_Z,2,,,False,WB_WDI,WB_WDI_SP_DYN_LE00_IN,FJI,_T,_T,_T,_Z,_Z,_Z,2005,A,YR,
78.817073,P1Y,0,,A,PU,_Z,2,,,False,WB_WDI,WB_WDI_SP_DYN_LE00_IN,FIN,_T,_T,_T,_Z,_Z,_Z,2005,A,YR,
80.163415,P1Y,0,,A,PU,_Z,2,,,False,WB_WDI,WB_WDI_SP_DYN_LE00_IN,FRA,_T,_T,_T,_Z,_Z,_Z,2005,A,YR,
79.951,P1Y,0,,A,PU,_Z,2,,,False,WB_WDI,WB_WDI_SP_DYN_LE00_IN,PYF,_T,_T,_T,_Z,_Z,_Z,2005,A,YR,
62.978,P1Y,0,,A,PU,_Z,2,,,False,WB_WDI,WB_WDI_SP_DYN_LE00_IN,GAB,_T,_T,_T,_Z,_Z,_Z,2005,A,YR,
59.11,P1Y,0,,A,PU,_Z,2,,,False,WB_WDI,WB_WDI_SP_DYN_LE00_IN,GMB,_T,_T,_T,_Z,_Z,_Z,2005,A,YR,
70.689,P1Y,0,,A,PU,_Z,2,,,False,WB_WDI,WB_WDI_SP_DYN_LE00_IN,GEO,_T,_T,_T,_Z,_Z,_Z,2005,A,YR,
66.131,P1Y,0,,A,PU,_Z,2,,,False,WB_WDI,WB_WDI_SP_DYN_LE00_IN,TZA,_T,_T,_T,_Z,_Z,_Z,2021,A,YR,
77.606,P1Y,0,,A,PU,_Z,2,,,False,WB_WDI,WB_WDI_SP_DYN_LE00_IN,THA,_T,_T,_T,_Z,_Z,_Z,2021,A,YR,
66.199,P1Y,0,,A,PU,_Z,2,,,False,WB_WDI,WB_WDI_SP_DYN_LE00_IN,TLS,_T,_T,_T,_Z,_Z,_Z,2021,A,YR,
61.337,P1Y,0,,A,PU,_Z,2,,,False,WB_WDI,WB_WDI_SP_DYN_LE00_IN,TGO,_T,_T,_T,_Z,_Z,_Z,2021,A,YR,
72.13,P1Y,0,,A,PU,_Z,2,,,False,WB_WDI,WB_WDI_SP_DYN_LE00_IN,TON,_T,_T,_T,_Z,_Z,_Z,2021,A,YR,
71.111,P1Y,0,,A,PU,_Z,2,,,False,WB_WDI,WB_WDI_SP_DYN_LE00_IN,TTO,_T,_T,_T,_Z,_Z,_Z,2021,A,YR,
72.893,P1Y,0,,A,PU,_Z,2,,,False,WB_WDI,WB_WDI_SP_DYN_LE00_IN,TUN,_T,_T,_T,_Z,_Z,_Z,2021,A,YR,
75.722,P1Y,0,,A,PU,_Z,2,,,False,WB_WDI,WB_WDI_SP_DYN_LE00_IN,TUR,_T,_T,_T,_Z,_Z,_Z,2021,A,YR,
69.353,P1Y,0,,A,PU,_Z,2,,,False,WB_WDI,WB_WDI_SP_DYN_LE00_IN,TKM,_T,_T,_T,_Z,_Z,_Z,2021,A,YR,
77.234,P1Y,0,,A,PU,_Z,2,,,False,WB_WDI,WB_WDI_SP_DYN_LE00_IN,TCA,_T,_T,_T,_Z,_Z,_Z,2021,A,YR,
65.824,P1Y,0,,A,PU,_Z,2,,,False,WB_WDI,WB_WDI_SP_DYN_LE00_IN,TUV,_T,_T,_T,_Z,_Z,_Z,2021,A,YR,
66.45,P1Y,0,,A,PU,_Z,2,,,False,WB_WDI,WB_WDI_SP_DYN_LE00_IN,UGA,_T,_T,_T,_Z,_Z,_Z,2021,A,YR,
70.309,P1Y,0,,A,PU,_Z,2,,,False,WB_WDI,WB_WDI_SP_DYN_LE00_IN,AZE,_T,_T,_T,_Z,_Z,_Z,2010,A,YR,
73.449,P1Y,0,,A,PU,_Z,2,,,False,WB_WDI,WB_WDI_SP_DYN_LE00_IN,BHS,_T,_T,_T,_Z,_Z,_Z,2010,A,YR,
78.593,P1Y,0,,A,PU,_Z,2,,,False,WB_WDI,WB_WDI_SP_DYN_LE00_IN,BHR,_T,_T,_T,_Z,_Z,_Z,2010,A,YR,
68.009,P1Y,0,,A,PU,_Z,2,,,False,WB_WDI,WB_WDI_SP_DYN_LE00_IN,BGD,_T,_T,_T,_Z,_Z,_Z,2010,A,YR,
75.488,P1Y,0,,A,PU,_Z,2,,,False,WB_WDI,WB_WDI_SP_DYN_LE00_IN,BRB,_T,_T,_T,_Z,_Z,_Z,2010,A,YR,
70.404878,P1Y,0,,A,PU,_Z,2,,,False,WB_WDI,WB_WDI_SP_DYN_LE00_IN,BLR,_T,_T,_T,_Z,_Z,_Z,2010,A,YR,
80.182927,P1Y,0,,A,PU,_Z,2,,,False,WB_WDI,WB_WDI_SP_DYN_LE00_IN,BEL,_T,_T,_T,_Z,_Z,_Z,2010,A,YR,
70.875,P1Y,0,,A,PU,_Z,2,,,False,WB_WDI,WB_WDI_SP_DYN_LE00_IN,BLZ,_T,_T,_T,_Z,_Z,_Z,2010,A,YR,
58.387,P1Y,0,,A,PU,_Z,2,,,False,WB_WDI,WB_WDI_SP_DYN_LE00_IN,BEN,_T,_T,_T,_Z,_Z,_Z,2010,A,YR,
79.414,P1Y,0,,A,PU,_Z,2,,,False,WB_WDI,WB_WDI_SP_DYN_LE00_IN,BMU,_T,_T,_T,_Z,_Z,_Z,2010,A,YR,
68.765,P1Y,0,,A,PU,_Z,2,,,False,WB_WDI,WB_WDI_SP_DYN_LE00_IN,BTN,_T,_T,_T,_Z,_Z,_Z,2010,A,YR,
81.041463,P1Y,0,,A,PU,_Z,2,,,False,WB_WDI,WB_WDI_SP_DYN_LE00_IN,DEU,_T,_T,_T,_Z,_Z,_Z,2020,A,YR,
64.309,P1Y,0,,A,PU,_Z,2,,,False,WB_WDI,WB_WDI_SP_DYN_LE00_IN,GHA,_T,_T,_T,_Z,_Z,_Z,2020,A,YR,
83.07,P1Y,0,,A,PU,_Z,2,,,False,WB_WDI,WB_WDI_SP_DYN_LE00_IN,GIB,_T,_T,_T,_Z,_Z,_Z,2020,A,YR,
81.287805,P1Y,0,,A,PU,_Z,2,,,False,WB_WDI,WB_WDI_SP_DYN_LE00_IN,GRC,_T,_T,_T,_Z,_Z,_Z,2020,A,YR,
71.285854,P1Y,0,,A,PU,_Z,2,,,False,WB_WDI,WB_WDI_SP_DYN_LE00_IN,GRL,_T,_T,_T,_Z,_Z,_Z,2020,A,YR,
75.019,P1Y,0,,A,PU,_Z,2,,,False,WB_WDI,WB_WDI_SP_DYN_LE00_IN,GRD,_T,_T,_T,_Z,_Z,_Z,2020,A,YR,
75.529,P1Y,0,,A,PU,_Z,2,,,False,WB_WDI,WB_WDI_SP_DYN_LE00_IN,GUM,_T,_T,_T,_Z,_Z,_Z,2020,A,YR,
69.971,P1Y,0,,A,PU,_Z,2,,,False,WB_WDI,WB_WDI_SP_DYN_LE00_IN,GTM,_T,_T,_T,_Z,_Z,_Z,2020,A,YR,
59.35,P1Y,0,,A,PU,_Z,2,,,False,WB_WDI,WB_WDI_SP_DYN_LE00_IN,GIN,_T,_T,_T,_Z,_Z,_Z,2020,A,YR,
61.343,P1Y,0,,A,PU,_Z,2,,,False,WB_WDI,WB_WDI_SP_DYN_LE00_IN,GNB,_T,_T,_T,_Z,_Z,_Z,2020,A,YR,
67.751,P1Y,0,,A,PU,_Z,2,,,False,WB_WDI,WB_WDI_SP_DYN_LE00_IN,GUY,_T,_T,_T,_Z,_Z,_Z,2020,A,YR,
63.773,P1Y,0,,A,PU,_Z,2,,,False,WB_WDI,WB_WDI_SP_DYN_LE00_IN,HTI,_T,_T,_T,_Z,_Z,_Z,2020,A,YR,
70.864,P1Y,0,,A,PU,_Z,2,,,False,WB_WDI,WB_WDI_SP_DYN_LE00_IN,HND,_T,_T,_T,_Z,_Z,_Z,2020,A,YR,
66.777,P1Y,0,,A,PU,_Z,2,,,False,WB_WDI,WB_WDI_SP_DYN_LE00_IN,COM,_T,_T,_T,_Z,_Z,_Z,2023,A,YR,
61.895,P1Y,0,,A,PU,_Z,2,,,False,WB_WDI,WB_WDI_SP_DYN_LE00_IN,COD,_T,_T,_T,_Z,_Z,_Z,2023,A,YR,
65.772,P1Y,0,,A,PU,_Z,2,,,False,WB_WDI,WB_WDI_SP_DYN_LE00_IN,COG,_T,_T,_T,_Z,_Z,_Z,2023,A,YR,
80.799,P1Y,0,,A,PU,_Z,2,,,False,WB_WDI,WB_WDI_SP_DYN_LE00_IN,CRI,_T,_T,_T,_Z,_Z,_Z,2023,A,YR,
61.944,P1Y,0,,A,PU,_Z,2,,,False,WB_WDI,WB_WDI_SP_DYN_LE00_IN,CIV,_T,_T,_T,_Z,_Z,_Z,2023,A,YR,
78.473171,P1Y,0,,A,PU,_Z,2,,,False,WB_WDI,WB_WDI_SP_DYN_LE00_IN,HRV,_T,_T,_T,_Z,_Z,_Z,2023,A,YR,
78.085,P1Y,0,,A,PU,_Z,2,,,False,WB_WDI,WB_WDI_SP_DYN_LE00_IN,CUB,_T,_T,_T,_Z,_Z,_Z,2023,A,YR,
76.8,P1Y,0,,A,PU,_Z,2,,,False,WB_WDI,WB_WDI_SP_DYN_LE00_IN,CUW,_T,_T,_T,_Z,_Z,_Z,2023,A,YR,
81.648,P1Y,0,,A,PU,_Z,2,,,False,WB_WDI,WB_WDI_SP_DYN_LE00_IN,CYP,_T,_T,_T,_Z,_Z,_Z,2023,A,YR,
79.826829,P1Y,0,,A,PU,_Z,2,,,False,WB_WDI,WB_WDI_SP_DYN_LE00_IN,CZE,_T,_T,_T,_Z,_Z,_Z,2023,A,YR,
81.753659,P1Y,0,,A,PU,_Z,2,,,False,WB_WDI,WB_WDI_SP_DYN_LE00_IN,DNK,_T,_T,_T,_Z,_Z,_Z,2023,A,YR,
65.987,P1Y,0,,A,PU,_Z,2,,,False,WB_WDI,WB_WDI_SP_DYN_LE00_IN,DJI,_T,_T,_T,_Z,_Z,_Z,2023,A,YR,
71.132,P1Y,0,,A,PU,_Z,2,,,False,WB_WDI,WB_WDI_SP_DYN_LE00_IN,DMA,_T,_T,_T,_Z,_Z,_Z,2023,A,YR,
73.72,P1Y,0,,A,PU,_Z,2,,,False,WB_WDI,WB_WDI_SP_DYN_LE00_IN,DOM,_T,_T,_T,_Z,_Z,_Z,2023,A,YR,
71.404,P1Y,0,,A,PU,_Z,2,,,False,WB_WDI,WB_WDI_SP_DYN_LE00_IN,NIC,_T,_T,_T,_Z,_Z,_Z,2008,A,YR,
55.852,P1Y,0,,A,PU,_Z,2,,,False,WB_WDI,WB_WDI_SP_DYN_LE00_IN,NER,_T,_T,_T,_Z,_Z,_Z,2008,A,YR,
50.748,P1Y,0,,A,PU,_Z,2,,,False,WB_WDI,WB_WDI_SP_DYN_LE00_IN,NGA,_T,_T,_T,_Z,_Z,_Z,2008,A,YR,
74.4,P1Y,0,,A,PU,_Z,2,,,False,WB_WDI,WB_WDI_SP_DYN_LE00_IN,MKD,_T,_T,_T,_Z,_Z,_Z,2008,A,YR,
77.938,P1Y,0,,A,PU,_Z,2,,,False,WB_WDI,WB_WDI_SP_DYN_LE00_IN,MNP,_T,_T,_T,_Z,_Z,_Z,2008,A,YR,
80.592683,P1Y,0,,A,PU,_Z,2,,,False,WB_WDI,WB_WDI_SP_DYN_LE00_IN,NOR,_T,_T,_T,_Z,_Z,_Z,2008,A,YR,
76.124,P1Y,0,,A,PU,_Z,2,,,False,WB_WDI,WB_WDI_SP_DYN_LE00_IN,OMN,_T,_T,_T,_Z,_Z,_Z,2008,A,YR,
64.002,P1Y,0,,A,PU,_Z,2,,,False,WB_WDI,WB_WDI_SP_DYN_LE00_IN,PAK,_T,_T,_T,_Z,_Z,_Z,2008,A,YR,
67.562,P1Y,0,,A,PU,_Z,2,,,False,WB_WDI,WB_WDI_SP_DYN_LE00_IN,PLW,_T,_T,_T,_Z,_Z,_Z,2008,A,YR,
75.937,P1Y,0,,A,PU,_Z,2,,,False,WB_WDI,WB_WDI_SP_DYN_LE00_IN,PAN,_T,_T,_T,_Z,_Z,_Z,2008,A,YR,
62.511,P1Y,0,,A,PU,_Z,2,,,False,WB_WDI,WB_WDI_SP_DYN_LE00_IN,PNG,_T,_T,_T,_Z,_Z,_Z,2008,A,YR,
72.047,P1Y,0,,A,PU,_Z,2,,,False,WB_WDI,WB_WDI_SP_DYN_LE00_IN,PRY,_T,_T,_T,_Z,_Z,_Z,2008,A,YR,
72.852149,P1Y,0,,A,PU,_Z,2,,,False,WB_WDI,WB_WDI_SP_DYN_LE00_IN,LAC,_T,_T,_T,_Z,_Z,_Z,2020,A,YR,
73.074749,P1Y,0,,A,PU,_Z,2,,,False,WB_WDI,WB_WDI_SP_DYN_LE00_IN,TLA,_T,_T,_T,_Z,_Z,_Z,2020,A,YR,
64.835501,P1Y,0,,A,PU,_Z,2,,,False,WB_WDI,WB_WDI_SP_DYN_LE00_IN,LDC,_T,_T,_T,_Z,_Z,_Z,2020,A,YR,
70.668829,P1Y,0,,A,PU,_Z,2,,,False,WB_WDI,WB_WDI_SP_DYN_LE00_IN,LMY,_T,_T,_T,_Z,_Z,_Z,2020,A,YR,
63.398512,P1Y,0,,A,PU,_Z,2,,,False,WB_WDI,WB_WDI_SP_DYN_LE00_IN,LIC,_T,_T,_T,_Z,_Z,_Z,2020,A,YR,
67.6211,P1Y,0,,A,PU,_Z,2,,,False,WB_WDI,WB_WDI_SP_DYN_LE00_IN,LMC,_T,_T,_T,_Z,_Z,_Z,2020,A,YR,
69.911079,P1Y,0,,A,PU,_Z,2,,,False,WB_WDI,WB_WDI_SP_DYN_LE00_IN,MEA,_T,_T,_T,_Z,_Z,_Z,2020,A,YR,
69.050634,P1Y,0,,A,PU,_Z,2,,,False,WB_WDI,WB_WDI_SP_DYN_LE00_IN,MNA,_T,_T,_T,_Z,_Z,_Z,2020,A,YR,
69.009096,P1Y,0,,A,PU,_Z,2,,,False,WB_WDI,WB_WDI_SP_DYN_LE00_IN,TMN,_T,_T,_T,_Z,_Z,_Z,2020,A,YR,
71.511317,P1Y,0,,A,PU,_Z,2,,,False,WB_WDI,WB_WDI_SP_DYN_LE00_IN,MIC,_T,_T,_T,_Z,_Z,_Z,2020,A,YR,
77.449283,P1Y,0,,A,PU,_Z,2,,,False,WB_WDI,WB_WDI_SP_DYN_LE00_IN,NAC,_T,_T,_T,_Z,_Z,_Z,2020,A,YR,
78.957858,P1Y,0,,A,PU,_Z,2,,,False,WB_WDI,WB_WDI_SP_DYN_LE00_IN,OED,_T,_T,_T,_Z,_Z,_Z,2020,A,YR,
72.50971,P1Y,0,,A,PU,_Z,2,,,False,WB_WDI,WB_WDI_SP_DYN_LE00_IN,OSS,_T,_T,_T,_Z,_Z,_Z,2020,A,YR,
82.382927,P1Y,0,,A,PU,_Z,2,,,False,WB_WDI,WB_WDI_SP_DYN_LE00_IN,LIE,_T,_T,_T,_Z,_Z,_Z,2012,A,YR,
73.863415,P1Y,0,,A,PU,_Z,2,,,False,WB_WDI,WB_WDI_SP_DYN_LE00_IN,LTU,_T,_T,_T,_Z,_Z,_Z,2012,A,YR,
81.392683,P1Y,0,,A,PU,_Z,2,,,False,WB_WDI,WB_WDI_SP_DYN_LE00_IN,LUX,_T,_T,_T,_Z,_Z,_Z,2012,A,YR,
82.470732,P1Y,0,,A,PU,_Z,2,,,False,WB_WDI,WB_WDI_SP_DYN_LE00_IN,MAC,_T,_T,_T,_Z,_Z,_Z,2012,A,YR,
63.007,P1Y,0,,A,PU,_Z,2,,,False,WB_WDI,WB_WDI_SP_DYN_LE00_IN,MDG,_T,_T,_T,_Z,_Z,_Z,2012,A,YR,
59.87,P1Y,0,,A,PU,_Z,2,,,False,WB_WDI,WB_WDI_SP_DYN_LE00_IN,MWI,_T,_T,_T,_Z,_Z,_Z,2012,A,YR,
75.552,P1Y,0,,A,PU,_Z,2,,,False,WB_WDI,WB_WDI_SP_DYN_LE00_IN,MYS,_T,_T,_T,_Z,_Z,_Z,2012,A,YR,
77.512,P1Y,0,,A,PU,_Z,2,,,False,WB_WDI,WB_WDI_SP_DYN_LE00_IN,MDV,_T,_T,_T,_Z,_Z,_Z,2012,A,YR,
56.696,P1Y,0,,A,PU,_Z,2,,,False,WB_WDI,WB_WDI_SP_DYN_LE00_IN,MLI,_T,_T,_T,_Z,_Z,_Z,2012,A,YR,
80.746341,P1Y,0,,A,PU,_Z,2,,,False,WB_WDI,WB_WDI_SP_DYN_LE00_IN,MLT,_T,_T,_T,_Z,_Z,_Z,2012,A,YR,
64.776,P1Y,0,,A,PU,_Z,2,,,False,WB_WDI,WB_WDI_SP_DYN_LE00_IN,MHL,_T,_T,_T,_Z,_Z,_Z,2012,A,YR,
65.808,P1Y,0,,A,PU,_Z,2,,,False,WB_WDI,WB_WDI_SP_DYN_LE00_IN,MRT,_T,_T,_T,_Z,_Z,_Z,2012,A,YR,
74.863,P1Y,0,,A,PU,_Z,2,,,False,WB_WDI,WB_WDI_SP_DYN_LE00_IN,CYM,_T,_T,_T,_Z,_Z,_Z,2005,A,YR,
48.207,P1Y,0,,A,PU,_Z,2,,,False,WB_WDI,WB_WDI_SP_DYN_LE00_IN,CAF,_T,_T,_T,_Z,_Z,_Z,2005,A,YR,
48.86,P1Y,0,,A,PU,_Z,2,,,False,WB_WDI,WB_WDI_SP_DYN_LE00_IN,TCD,_T,_T,_T,_Z,_Z,_Z,2005,A,YR,
80.1,P1Y,0,,A,PU,_Z,2,,,False,WB_WDI,WB_WDI_SP_DYN_LE00_IN,CHI,_T,_T,_T,_Z,_Z,_Z,2005,A,YR,
78.459,P1Y,0,,A,PU,_Z,2,,,False,WB_WDI,WB_WDI_SP_DYN_LE00_IN,CHL,_T,_T,_T,_Z,_Z,_Z,2005,A,YR,
74.085,P1Y,0,,A,PU,_Z,2,,,False,WB_WDI,WB_WDI_SP_DYN_LE00_IN,CHN,_T,_T,_T,_Z,_Z,_Z,2005,A,YR,
73.156,P1Y,0,,A,PU,_Z,2,,,False,WB_WDI,WB_WDI_SP_DYN_LE00_IN,COL,_T,_T,_T,_Z,_Z,_Z,2005,A,YR,
60.883,P1Y,0,,A,PU,_Z,2,,,False,WB_WDI,WB_WDI_SP_DYN_LE00_IN,COM,_T,_T,_T,_Z,_Z,_Z,2005,A,YR,
54.001,P1Y,0,,A,PU,_Z,2,,,False,WB_WDI,WB_WDI_SP_DYN_LE00_IN,COD,_T,_T,_T,_Z,_Z,_Z,2005,A,YR,
58.73,P1Y,0,,A,PU,_Z,2,,,False,WB_WDI,WB_WDI_SP_DYN_LE00_IN,COG,_T,_T,_T,_Z,_Z,_Z,2005,A,YR,
78.877,P1Y,0,,A,PU,_Z,2,,,False,WB_WDI,WB_WDI_SP_DYN_LE00_IN,CRI,_T,_T,_T,_Z,_Z,_Z,2005,A,YR,
52.432,P1Y,0,,A,PU,_Z,2,,,False,WB_WDI,WB_WDI_SP_DYN_LE00_IN,CIV,_T,_T,_T,_Z,_Z,_Z,2005,A,YR,
77.392,P1Y,0,,A,PU,_Z,2,,,False,WB_WDI,WB_WDI_SP_DYN_LE00_IN,ECU,_T,_T,_T,_Z,_Z,_Z,2023,A,YR,
71.633,P1Y,0,,A,PU,_Z,2,,,False,WB_WDI,WB_WDI_SP_DYN_LE00_IN,EGY,_T,_T,_T,_Z,_Z,_Z,2023,A,YR,
72.099,P1Y,0,,A,PU,_Z,2,,,False,WB_WDI,WB_WDI_SP_DYN_LE00_IN,SLV,_T,_T,_T,_Z,_Z,_Z,2023,A,YR,
63.707,P1Y,0,,A,PU,_Z,2,,,False,WB_WDI,WB_WDI_SP_DYN_LE00_IN,GNQ,_T,_T,_T,_Z,_Z,_Z,2023,A,YR,
68.624,P1Y,0,,A,PU,_Z,2,,,False,WB_WDI,WB_WDI_SP_DYN_LE00_IN,ERI,_T,_T,_T,_Z,_Z,_Z,2023,A,YR,
78.792683,P1Y,0,,A,PU,_Z,2,,,False,WB_WDI,WB_WDI_SP_DYN_LE00_IN,EST,_T,_T,_T,_Z,_Z,_Z,2023,A,YR,
64.123,P1Y,0,,A,PU,_Z,2,,,False,WB_WDI,WB_WDI_SP_DYN_LE00_IN,SWZ,_T,_T,_T,_Z,_Z,_Z,2023,A,YR,
67.315,P1Y,0,,A,PU,_Z,2,,,False,WB_WDI,WB_WDI_SP_DYN_LE00_IN,ETH,_T,_T,_T,_Z,_Z,_Z,2023,A,YR,
82.95212,P1Y,0,,A,PU,_Z,2,,,False,WB_WDI,WB_WDI_SP_DYN_LE00_IN,FRO,_T,_T,_T,_Z,_Z,_Z,2023,A,YR,
67.316,P1Y,0,,A,PU,_Z,2,,,False,WB_WDI,WB_WDI_SP_DYN_LE00_IN,FJI,_T,_T,_T,_Z,_Z,_Z,2023,A,YR,
81.585366,P1Y,0,,A,PU,_Z,2,,,False,WB_WDI,WB_WDI_SP_DYN_LE00_IN,FIN,_T,_T,_T,_Z,_Z,_Z,2023,A,YR,
82.831707,P1Y,0,,A,PU,_Z,2,,,False,WB_WDI,WB_WDI_SP_DYN_LE00_IN,FRA,_T,_T,_T,_Z,_Z,_Z,2023,A,YR,
84.07,P1Y,0,,A,PU,_Z,2,,,False,WB_WDI,WB_WDI_SP_DYN_LE00_IN,PYF,_T,_T,_T,_Z,_Z,_Z,2023,A,YR,
68.337,P1Y,0,,A,PU,_Z,2,,,False,WB_WDI,WB_WDI_SP_DYN_LE00_IN,GAB,_T,_T,_T,_Z,_Z,_Z,2023,A,YR,
72.743,P1Y,0,,A,PU,_Z,2,,,False,WB_WDI,WB_WDI_SP_DYN_LE00_IN,PER,_T,_T,_T,_Z,_Z,_Z,2008,A,YR,
68.643,P1Y,0,,A,PU,_Z,2,,,False,WB_WDI,WB_WDI_SP_DYN_LE00_IN,PHL,_T,_T,_T,_Z,_Z,_Z,2008,A,YR,
75.543902,P1Y,0,,A,PU,_Z,2,,,False,WB_WDI,WB_WDI_SP_DYN_LE00_IN,POL,_T,_T,_T,_Z,_Z,_Z,2008,A,YR,
78.52439,P1Y,0,,A,PU,_Z,2,,,False,WB_WDI,WB_WDI_SP_DYN_LE00_IN,PRT,_T,_T,_T,_Z,_Z,_Z,2008,A,YR,
78.111,P1Y,0,,A,PU,_Z,2,,,False,WB_WDI,WB_WDI_SP_DYN_LE00_IN,PRI,_T,_T,_T,_Z,_Z,_Z,2008,A,YR,
78.262,P1Y,0,,A,PU,_Z,2,,,False,WB_WDI,WB_WDI_SP_DYN_LE00_IN,QAT,_T,_T,_T,_Z,_Z,_Z,2008,A,YR,
72.565854,P1Y,0,,A,PU,_Z,2,,,False,WB_WDI,WB_WDI_SP_DYN_LE00_IN,ROU,_T,_T,_T,_Z,_Z,_Z,2008,A,YR,
67.949268,P1Y,0,,A,PU,_Z,2,,,False,WB_WDI,WB_WDI_SP_DYN_LE00_IN,RUS,_T,_T,_T,_Z,_Z,_Z,2008,A,YR,
60.641,P1Y,0,,A,PU,_Z,2,,,False,WB_WDI,WB_WDI_SP_DYN_LE00_IN,RWA,_T,_T,_T,_Z,_Z,_Z,2008,A,YR,
71.531,P1Y,0,,A,PU,_Z,2,,,False,WB_WDI,WB_WDI_SP_DYN_LE00_IN,WSM,_T,_T,_T,_Z,_Z,_Z,2008,A,YR,
82.894,P1Y,0,,A,PU,_Z,2,,,False,WB_WDI,WB_WDI_SP_DYN_LE00_IN,SMR,_T,_T,_T,_Z,_Z,_Z,2008,A,YR,
63.448,P1Y,0,,A,PU,_Z,2,,,False,WB_WDI,WB_WDI_SP_DYN_LE00_IN,STP,_T,_T,_T,_Z,_Z,_Z,2008,A,YR,
73.213,P1Y,0,,A,PU,_Z,2,,,False,WB_WDI,WB_WDI_SP_DYN_LE00_IN,BHS,_T,_T,_T,_Z,_Z,_Z,2003,A,YR,
75.486,P1Y,0,,A,PU,_Z,2,,,False,WB_WDI,WB_WDI_SP_DYN_LE00_IN,BHR,_T,_T,_T,_Z,_Z,_Z,2003,A,YR,
64.288,P1Y,0,,A,PU,_Z,2,,,False,WB_WDI,WB_WDI_SP_DYN_LE00_IN,BGD,_T,_T,_T,_Z,_Z,_Z,2003,A,YR,
74.865,P1Y,0,,A,PU,_Z,2,,,False,WB_WDI,WB_WDI_SP_DYN_LE00_IN,BRB,_T,_T,_T,_Z,_Z,_Z,2003,A,YR,
68.553659,P1Y,0,,A,PU,_Z,2,,,False,WB_WDI,WB_WDI_SP_DYN_LE00_IN,BLR,_T,_T,_T,_Z,_Z,_Z,2003,A,YR,
78.129268,P1Y,0,,A,PU,_Z,2,,,False,WB_WDI,WB_WDI_SP_DYN_LE00_IN,BEL,_T,_T,_T,_Z,_Z,_Z,2003,A,YR,
69.819,P1Y,0,,A,PU,_Z,2,,,False,WB_WDI,WB_WDI_SP_DYN_LE00_IN,BLZ,_T,_T,_T,_Z,_Z,_Z,2003,A,YR,
57.092,P1Y,0,,A,PU,_Z,2,,,False,WB_WDI,WB_WDI_SP_DYN_LE00_IN,BEN,_T,_T,_T,_Z,_Z,_Z,2003,A,YR,
78.715,P1Y,0,,A,PU,_Z,2,,,False,WB_WDI,WB_WDI_SP_DYN_LE00_IN,BMU,_T,_T,_T,_Z,_Z,_Z,2003,A,YR,
64.662,P1Y,0,,A,PU,_Z,2,,,False,WB_WDI,WB_WDI_SP_DYN_LE00_IN,BTN,_T,_T,_T,_Z,_Z,_Z,2003,A,YR,
63.455,P1Y,0,,A,PU,_Z,2,,,False,WB_WDI,WB_WDI_SP_DYN_LE00_IN,BOL,_T,_T,_T,_Z,_Z,_Z,2003,A,YR,
76.449,P1Y,0,,A,PU,_Z,2,,,False,WB_WDI,WB_WDI_SP_DYN_LE00_IN,BIH,_T,_T,_T,_Z,_Z,_Z,2003,A,YR,
52.851,P1Y,0,,A,PU,_Z,2,,,False,WB_WDI,WB_WDI_SP_DYN_LE00_IN,BWA,_T,_T,_T,_Z,_Z,_Z,2003,A,YR,
74.673,P1Y,0,,A,PU,_Z,2,,,False,WB_WDI,WB_WDI_SP_DYN_LE00_IN,BHR,_T,_T,_T,_Z,_Z,_Z,2000,A,YR,
62.049,P1Y,0,,A,PU,_Z,2,,,False,WB_WDI,WB_WDI_SP_DYN_LE00_IN,BGD,_T,_T,_T,_Z,_Z,_Z,2000,A,YR,
74.58,P1Y,0,,A,PU,_Z,2,,,False,WB_WDI,WB_WDI_SP_DYN_LE00_IN,BRB,_T,_T,_T,_Z,_Z,_Z,2000,A,YR,
68.912195,P1Y,0,,A,PU,_Z,2,,,False,WB_WDI,WB_WDI_SP_DYN_LE00_IN,BLR,_T,_T,_T,_Z,_Z,_Z,2000,A,YR,
77.721951,P1Y,0,,A,PU,_Z,2,,,False,WB_WDI,WB_WDI_SP_DYN_LE00_IN,BEL,_T,_T,_T,_Z,_Z,_Z,2000,A,YR,
68.911,P1Y,0,,A,PU,_Z,2,,,False,WB_WDI,WB_WDI_SP_DYN_LE00_IN,BLZ,_T,_T,_T,_Z,_Z,_Z,2000,A,YR,
56.594,P1Y,0,,A,PU,_Z,2,,,False,WB_WDI,WB_WDI_SP_DYN_LE00_IN,BEN,_T,_T,_T,_Z,_Z,_Z,2000,A,YR,
78.251,P1Y,0,,A,PU,_Z,2,,,False,WB_WDI,WB_WDI_SP_DYN_LE00_IN,BMU,_T,_T,_T,_Z,_Z,_Z,2000,A,YR,
61.842,P1Y,0,,A,PU,_Z,2,,,False,WB_WDI,WB_WDI_SP_DYN_LE00_IN,BTN,_T,_T,_T,_Z,_Z,_Z,2000,A,YR,
62.057,P1Y,0,,A,PU,_Z,2,,,False,WB_WDI,WB_WDI_SP_DYN_LE00_IN,BOL,_T,_T,_T,_Z,_Z,_Z,2000,A,YR,
75.292,P1Y,0,,A,PU,_Z,2,,,False,WB_WDI,WB_WDI_SP_DYN_LE00_IN,BIH,_T,_T,_T,_Z,_Z,_Z,2000,A,YR,
52.263,P1Y,0,,A,PU,_Z,2,,,False,WB_WDI,WB_WDI_SP_DYN_LE00_IN,BWA,_T,_T,_T,_Z,_Z,_Z,2000,A,YR,
69.584,P1Y,0,,A,PU,_Z,2,,,False,WB_WDI,WB_WDI_SP_DYN_LE00_IN,BRA,_T,_T,_T,_Z,_Z,_Z,2000,A,YR,
62.01,P1Y,0,,A,PU,_Z,2,,,False,WB_WDI,WB_WDI_SP_DYN_LE00_IN,ZAF,_T,_T,_T,_Z,_Z,_Z,2021,A,YR,
57.047,P1Y,0,,A,PU,_Z,2,,,False,WB_WDI,WB_WDI_SP_DYN_LE00_IN,SSD,_T,_T,_T,_Z,_Z,_Z,2021,A,YR,
83.178049,P1Y,0,,A,PU,_Z,2,,,False,WB_WDI,WB_WDI_SP_DYN_LE00_IN,ESP,_T,_T,_T,_Z,_Z,_Z,2021,A,YR,
76.278,P1Y,0,,A,PU,_Z,2,,,False,WB_WDI,WB_WDI_SP_DYN_LE00_IN,LKA,_T,_T,_T,_Z,_Z,_Z,2021,A,YR,
69.271,P1Y,0,,A,PU,_Z,2,,,False,WB_WDI,WB_WDI_SP_DYN_LE00_IN,KNA,_T,_T,_T,_Z,_Z,_Z,2021,A,YR,
69.119,P1Y,0,,A,PU,_Z,2,,,False,WB_WDI,WB_WDI_SP_DYN_LE00_IN,LCA,_T,_T,_T,_Z,_Z,_Z,2021,A,YR,
80.206,P1Y,0,,A,PU,_Z,2,,,False,WB_WDI,WB_WDI_SP_DYN_LE00_IN,MAF,_T,_T,_T,_Z,_Z,_Z,2021,A,YR,
69.132,P1Y,0,,A,PU,_Z,2,,,False,WB_WDI,WB_WDI_SP_DYN_LE00_IN,VCT,_T,_T,_T,_Z,_Z,_Z,2021,A,YR,
64.46,P1Y,0,,A,PU,_Z,2,,,False,WB_WDI,WB_WDI_SP_DYN_LE00_IN,SDN,_T,_T,_T,_Z,_Z,_Z,2021,A,YR,
68.943,P1Y,0,,A,PU,_Z,2,,,False,WB_WDI,WB_WDI_SP_DYN_LE00_IN,SUR,_T,_T,_T,_Z,_Z,_Z,2021,A,YR,
83.056098,P1Y,0,,A,PU,_Z,2,,,False,WB_WDI,WB_WDI_SP_DYN_LE00_IN,SWE,_T,_T,_T,_Z,_Z,_Z,2021,A,YR,
83.75122,P1Y,0,,A,PU,_Z,2,,,False,WB_WDI,WB_WDI_SP_DYN_LE00_IN,CHE,_T,_T,_T,_Z,_Z,_Z,2021,A,YR,
72.418,P1Y,0,,A,PU,_Z,2,,,False,WB_WDI,WB_WDI_SP_DYN_LE00_IN,SYR,_T,_T,_T,_Z,_Z,_Z,2021,A,YR,
69.594,P1Y,0,,A,PU,_Z,2,,,False,WB_WDI,WB_WDI_SP_DYN_LE00_IN,TJK,_T,_T,_T,_Z,_Z,_Z,2021,A,YR,
69.061,P1Y,0,,A,PU,_Z,2,,,False,WB_WDI,WB_WDI_SP_DYN_LE00_IN,PRK,_T,_T,_T,_Z,_Z,_Z,2006,A,YR,
78.668293,P1Y,0,,A,PU,_Z,2,,,False,WB_WDI,WB_WDI_SP_DYN_LE00_IN,KOR,_T,_T,_T,_Z,_Z,_Z,2006,A,YR,
73.63,P1Y,0,,A,PU,_Z,2,,,False,WB_WDI,WB_WDI_SP_DYN_LE00_IN,XKX,_T,_T,_T,_Z,_Z,_Z,2006,A,YR,
76.887683,P1Y,0,,A,PU,_Z,2,,,False,WB_WDI,WB_WDI_SP_DYN_LE00_IN,KWT,_T,_T,_T,_Z,_Z,_Z,2006,A,YR,
67.695122,P1Y,0,,A,PU,_Z,2,,,False,WB_WDI,WB_WDI_SP_DYN_LE00_IN,KGZ,_T,_T,_T,_Z,_Z,_Z,2006,A,YR,
61.074,P1Y,0,,A,PU,_Z,2,,,False,WB_WDI,WB_WDI_SP_DYN_LE00_IN,LAO,_T,_T,_T,_Z,_Z,_Z,2006,A,YR,
70.865854,P1Y,0,,A,PU,_Z,2,,,False,WB_WDI,WB_WDI_SP_DYN_LE00_IN,LVA,_T,_T,_T,_Z,_Z,_Z,2006,A,YR,
75.677,P1Y,0,,A,PU,_Z,2,,,False,WB_WDI,WB_WDI_SP_DYN_LE00_IN,LBN,_T,_T,_T,_Z,_Z,_Z,2006,A,YR,
43.182,P1Y,0,,A,PU,_Z,2,,,False,WB_WDI,WB_WDI_SP_DYN_LE00_IN,LSO,_T,_T,_T,_Z,_Z,_Z,2006,A,YR,
57.495,P1Y,0,,A,PU,_Z,2,,,False,WB_WDI,WB_WDI_SP_DYN_LE00_IN,LBR,_T,_T,_T,_Z,_Z,_Z,2006,A,YR,
71.632,P1Y,0,,A,PU,_Z,2,,,False,WB_WDI,WB_WDI_SP_DYN_LE00_IN,LBY,_T,_T,_T,_Z,_Z,_Z,2006,A,YR,
80.94878,P1Y,0,,A,PU,_Z,2,,,False,WB_WDI,WB_WDI_SP_DYN_LE00_IN,LIE,_T,_T,_T,_Z,_Z,_Z,2006,A,YR,
71.056098,P1Y,0,,A,PU,_Z,2,,,False,WB_WDI,WB_WDI_SP_DYN_LE00_IN,LTU,_T,_T,_T,_Z,_Z,_Z,2006,A,YR,
71.447,P1Y,0,,A,PU,_Z,2,,,False,WB_WDI,WB_WDI_SP_DYN_LE00_IN,PER,_T,_T,_T,_Z,_Z,_Z,2004,A,YR,
68.301,P1Y,0,,A,PU,_Z,2,,,False,WB_WDI,WB_WDI_SP_DYN_LE00_IN,PHL,_T,_T,_T,_Z,_Z,_Z,2004,A,YR,
74.846341,P1Y,0,,A,PU,_Z,2,,,False,WB_WDI,WB_WDI_SP_DYN_LE00_IN,POL,_T,_T,_T,_Z,_Z,_Z,2004,A,YR,
77.670732,P1Y,0,,A,PU,_Z,2,,,False,WB_WDI,WB_WDI_SP_DYN_LE00_IN,PRT,_T,_T,_T,_Z,_Z,_Z,2004,A,YR,
76.913,P1Y,0,,A,PU,_Z,2,,,False,WB_WDI,WB_WDI_SP_DYN_LE00_IN,PRI,_T,_T,_T,_Z,_Z,_Z,2004,A,YR,
76.484,P1Y,0,,A,PU,_Z,2,,,False,WB_WDI,WB_WDI_SP_DYN_LE00_IN,QAT,_T,_T,_T,_Z,_Z,_Z,2004,A,YR,
71.560976,P1Y,0,,A,PU,_Z,2,,,False,WB_WDI,WB_WDI_SP_DYN_LE00_IN,ROU,_T,_T,_T,_Z,_Z,_Z,2004,A,YR,
65.470976,P1Y,0,,A,PU,_Z,2,,,False,WB_WDI,WB_WDI_SP_DYN_LE00_IN,RUS,_T,_T,_T,_Z,_Z,_Z,2004,A,YR,
55.52,P1Y,0,,A,PU,_Z,2,,,False,WB_WDI,WB_WDI_SP_DYN_LE00_IN,RWA,_T,_T,_T,_Z,_Z,_Z,2004,A,YR,
71.508,P1Y,0,,A,PU,_Z,2,,,False,WB_WDI,WB_WDI_SP_DYN_LE00_IN,WSM,_T,_T,_T,_Z,_Z,_Z,2004,A,YR,
81.592,P1Y,0,,A,PU,_Z,2,,,False,WB_WDI,WB_WDI_SP_DYN_LE00_IN,SMR,_T,_T,_T,_Z,_Z,_Z,2004,A,YR,
62.56,P1Y,0,,A,PU,_Z,2,,,False,WB_WDI,WB_WDI_SP_DYN_LE00_IN,STP,_T,_T,_T,_Z,_Z,_Z,2004,A,YR,
74.027,P1Y,0,,A,PU,_Z,2,,,False,WB_WDI,WB_WDI_SP_DYN_LE00_IN,SAU,_T,_T,_T,_Z,_Z,_Z,2004,A,YR,
77.407,P1Y,0,,A,PU,_Z,2,,,False,WB_WDI,WB_WDI_SP_DYN_LE00_IN,CUB,_T,_T,_T,_Z,_Z,_Z,2020,A,YR,
76.501,P1Y,0,,A,PU,_Z,2,,,False,WB_WDI,WB_WDI_SP_DYN_LE00_IN,CUW,_T,_T,_T,_Z,_Z,_Z,2020,A,YR,
81.23,P1Y,0,,A,PU,_Z,2,,,False,WB_WDI,WB_WDI_SP_DYN_LE00_IN,CYP,_T,_T,_T,_Z,_Z,_Z,2020,A,YR,
78.226829,P1Y,0,,A,PU,_Z,2,,,False,WB_WDI,WB_WDI_SP_DYN_LE00_IN,CZE,_T,_T,_T,_Z,_Z,_Z,2020,A,YR,
81.602439,P1Y,0,,A,PU,_Z,2,,,False,WB_WDI,WB_WDI_SP_DYN_LE00_IN,DNK,_T,_T,_T,_Z,_Z,_Z,2020,A,YR,
64.2,P1Y,0,,A,PU,_Z,2,,,False,WB_WDI,WB_WDI_SP_DYN_LE00_IN,DJI,_T,_T,_T,_Z,_Z,_Z,2020,A,YR,
71.269,P1Y,0,,A,PU,_Z,2,,,False,WB_WDI,WB_WDI_SP_DYN_LE00_IN,DMA,_T,_T,_T,_Z,_Z,_Z,2020,A,YR,
72.636,P1Y,0,,A,PU,_Z,2,,,False,WB_WDI,WB_WDI_SP_DYN_LE00_IN,DOM,_T,_T,_T,_Z,_Z,_Z,2020,A,YR,
72.004,P1Y,0,,A,PU,_Z,2,,,False,WB_WDI,WB_WDI_SP_DYN_LE00_IN,ECU,_T,_T,_T,_Z,_Z,_Z,2020,A,YR,
69.79,P1Y,0,,A,PU,_Z,2,,,False,WB_WDI,WB_WDI_SP_DYN_LE00_IN,EGY,_T,_T,_T,_Z,_Z,_Z,2020,A,YR,
70.244,P1Y,0,,A,PU,_Z,2,,,False,WB_WDI,WB_WDI_SP_DYN_LE00_IN,SLV,_T,_T,_T,_Z,_Z,_Z,2020,A,YR,
81.438,P1Y,0,,A,PU,_Z,2,,,False,WB_WDI,WB_WDI_SP_DYN_LE00_IN,ARE,_T,_T,_T,_Z,_Z,_Z,2007,A,YR,
79.44878,P1Y,0,,A,PU,_Z,2,,,False,WB_WDI,WB_WDI_SP_DYN_LE00_IN,GBR,_T,_T,_T,_Z,_Z,_Z,2007,A,YR,
77.987805,P1Y,0,,A,PU,_Z,2,,,False,WB_WDI,WB_WDI_SP_DYN_LE00_IN,USA,_T,_T,_T,_Z,_Z,_Z,2007,A,YR,
76.15,P1Y,0,,A,PU,_Z,2,,,False,WB_WDI,WB_WDI_SP_DYN_LE00_IN,URY,_T,_T,_T,_Z,_Z,_Z,2007,A,YR,
68.483,P1Y,0,,A,PU,_Z,2,,,False,WB_WDI,WB_WDI_SP_DYN_LE00_IN,UZB,_T,_T,_T,_Z,_Z,_Z,2007,A,YR,
69.144,P1Y,0,,A,PU,_Z,2,,,False,WB_WDI,WB_WDI_SP_DYN_LE00_IN,VUT,_T,_T,_T,_Z,_Z,_Z,2007,A,YR,
73.348,P1Y,0,,A,PU,_Z,2,,,False,WB_WDI,WB_WDI_SP_DYN_LE00_IN,VEN,_T,_T,_T,_Z,_Z,_Z,2007,A,YR,
73.385,P1Y,0,,A,PU,_Z,2,,,False,WB_WDI,WB_WDI_SP_DYN_LE00_IN,VNM,_T,_T,_T,_Z,_Z,_Z,2007,A,YR,
76.863415,P1Y,0,,A,PU,_Z,2,,,False,WB_WDI,WB_WDI_SP_DYN_LE00_IN,VIR,_T,_T,_T,_Z,_Z,_Z,2007,A,YR,
72.064,P1Y,0,,A,PU,_Z,2,,,False,WB_WDI,WB_WDI_SP_DYN_LE00_IN,PSE,_T,_T,_T,_Z,_Z,_Z,2007,A,YR,
66.23,P1Y,0,,A,PU,_Z,2,,,False,WB_WDI,WB_WDI_SP_DYN_LE00_IN,YEM,_T,_T,_T,_Z,_Z,_Z,2007,A,YR,
53.73,P1Y,0,,A,PU,_Z,2,,,False,WB_WDI,WB_WDI_SP_DYN_LE00_IN,ZMB,_T,_T,_T,_Z,_Z,_Z,2007,A,YR,
47.576,P1Y,0,,A,PU,_Z,2,,,False,WB_WDI,WB_WDI_SP_DYN_LE00_IN,ZWE,_T,_T,_T,_Z,_Z,_Z,2007,A,YR,
70.884,P1Y,0,,A,PU,_Z,2,,,False,WB_WDI,WB_WDI_SP_DYN_LE00_IN,BRA,_T,_T,_T,_Z,_Z,_Z,2003,A,YR,
75.183,P1Y,0,,A,PU,_Z,2,,,False,WB_WDI,WB_WDI_SP_DYN_LE00_IN,VGB,_T,_T,_T,_Z,_Z,_Z,2003,A,YR,
74.509,P1Y,0,,A,PU,_Z,2,,,False,WB_WDI,WB_WDI_SP_DYN_LE00_IN,BRN,_T,_T,_T,_Z,_Z,_Z,2003,A,YR,
72.065854,P1Y,0,,A,PU,_Z,2,,,False,WB_WDI,WB_WDI_SP_DYN_LE00_IN,BGR,_T,_T,_T,_Z,_Z,_Z,2003,A,YR,
51.959,P1Y,0,,A,PU,_Z,2,,,False,WB_WDI,WB_WDI_SP_DYN_LE00_IN,BFA,_T,_T,_T,_Z,_Z,_Z,2003,A,YR,
50.997,P1Y,0,,A,PU,_Z,2,,,False,WB_WDI,WB_WDI_SP_DYN_LE00_IN,BDI,_T,_T,_T,_Z,_Z,_Z,2003,A,YR,
70.006,P1Y,0,,A,PU,_Z,2,,,False,WB_WDI,WB_WDI_SP_DYN_LE00_IN,CPV,_T,_T,_T,_Z,_Z,_Z,2003,A,YR,
62.345,P1Y,0,,A,PU,_Z,2,,,False,WB_WDI,WB_WDI_SP_DYN_LE00_IN,KHM,_T,_T,_T,_Z,_Z,_Z,2003,A,YR,
54.253,P1Y,0,,A,PU,_Z,2,,,False,WB_WDI,WB_WDI_SP_DYN_LE00_IN,CMR,_T,_T,_T,_Z,_Z,_Z,2003,A,YR,
79.715122,P1Y,0,,A,PU,_Z,2,,,False,WB_WDI,WB_WDI_SP_DYN_LE00_IN,CAN,_T,_T,_T,_Z,_Z,_Z,2003,A,YR,
74.639,P1Y,0,,A,PU,_Z,2,,,False,WB_WDI,WB_WDI_SP_DYN_LE00_IN,CYM,_T,_T,_T,_Z,_Z,_Z,2003,A,YR,
47.306,P1Y,0,,A,PU,_Z,2,,,False,WB_WDI,WB_WDI_SP_DYN_LE00_IN,CAF,_T,_T,_T,_Z,_Z,_Z,2003,A,YR,
48.609,P1Y,0,,A,PU,_Z,2,,,False,WB_WDI,WB_WDI_SP_DYN_LE00_IN,TCD,_T,_T,_T,_Z,_Z,_Z,2003,A,YR,
79.4,P1Y,0,,A,PU,_Z,2,,,False,WB_WDI,WB_WDI_SP_DYN_LE00_IN,CHI,_T,_T,_T,_Z,_Z,_Z,2003,A,YR,
56.911,P1Y,0,,A,PU,_Z,2,,,False,WB_WDI,WB_WDI_SP_DYN_LE00_IN,COD,_T,_T,_T,_Z,_Z,_Z,2011,A,YR,
62.286,P1Y,0,,A,PU,_Z,2,,,False,WB_WDI,WB_WDI_SP_DYN_LE00_IN,COG,_T,_T,_T,_Z,_Z,_Z,2011,A,YR,
79.624,P1Y,0,,A,PU,_Z,2,,,False,WB_WDI,WB_WDI_SP_DYN_LE00_IN,CRI,_T,_T,_T,_Z,_Z,_Z,2011,A,YR,
55.972,P1Y,0,,A,PU,_Z,2,,,False,WB_WDI,WB_WDI_SP_DYN_LE00_IN,CIV,_T,_T,_T,_Z,_Z,_Z,2011,A,YR,
76.77561,P1Y,0,,A,PU,_Z,2,,,False,WB_WDI,WB_WDI_SP_DYN_LE00_IN,HRV,_T,_T,_T,_Z,_Z,_Z,2011,A,YR,
78.051,P1Y,0,,A,PU,_Z,2,,,False,WB_WDI,WB_WDI_SP_DYN_LE00_IN,CUB,_T,_T,_T,_Z,_Z,_Z,2011,A,YR,
75.576,P1Y,0,,A,PU,_Z,2,,,False,WB_WDI,WB_WDI_SP_DYN_LE00_IN,CUW,_T,_T,_T,_Z,_Z,_Z,2011,A,YR,
80.855,P1Y,0,,A,PU,_Z,2,,,False,WB_WDI,WB_WDI_SP_DYN_LE00_IN,CYP,_T,_T,_T,_Z,_Z,_Z,2011,A,YR,
77.873171,P1Y,0,,A,PU,_Z,2,,,False,WB_WDI,WB_WDI_SP_DYN_LE00_IN,CZE,_T,_T,_T,_Z,_Z,_Z,2011,A,YR,
79.8,P1Y,0,,A,PU,_Z,2,,,False,WB_WDI,WB_WDI_SP_DYN_LE00_IN,DNK,_T,_T,_T,_Z,_Z,_Z,2011,A,YR,
61.337,P1Y,0,,A,PU,_Z,2,,,False,WB_WDI,WB_WDI_SP_DYN_LE00_IN,DJI,_T,_T,_T,_Z,_Z,_Z,2011,A,YR,
60.274,P1Y,0,,A,PU,_Z,2,,,False,WB_WDI,WB_WDI_SP_DYN_LE00_IN,CIV,_T,_T,_T,_Z,_Z,_Z,2019,A,YR,
78.22439,P1Y,0,,A,PU,_Z,2,,,False,WB_WDI,WB_WDI_SP_DYN_LE00_IN,HRV,_T,_T,_T,_Z,_Z,_Z,2019,A,YR,
77.413,P1Y,0,,A,PU,_Z,2,,,False,WB_WDI,WB_WDI_SP_DYN_LE00_IN,CUB,_T,_T,_T,_Z,_Z,_Z,2019,A,YR,
76.492,P1Y,0,,A,PU,_Z,2,,,False,WB_WDI,WB_WDI_SP_DYN_LE00_IN,CUW,_T,_T,_T,_Z,_Z,_Z,2019,A,YR,
81.454,P1Y,0,,A,PU,_Z,2,,,False,WB_WDI,WB_WDI_SP_DYN_LE00_IN,CYP,_T,_T,_T,_Z,_Z,_Z,2019,A,YR,
79.229268,P1Y,0,,A,PU,_Z,2,,,False,WB_WDI,WB_WDI_SP_DYN_LE00_IN,CZE,_T,_T,_T,_Z,_Z,_Z,2019,A,YR,
81.45122,P1Y,0,,A,PU,_Z,2,,,False,WB_WDI,WB_WDI_SP_DYN_LE00_IN,DNK,_T,_T,_T,_Z,_Z,_Z,2019,A,YR,
64.381,P1Y,0,,A,PU,_Z,2,,,False,WB_WDI,WB_WDI_SP_DYN_LE00_IN,DJI,_T,_T,_T,_Z,_Z,_Z,2019,A,YR,
71.305,P1Y,0,,A,PU,_Z,2,,,False,WB_WDI,WB_WDI_SP_DYN_LE00_IN,DMA,_T,_T,_T,_Z,_Z,_Z,2019,A,YR,
73.112,P1Y,0,,A,PU,_Z,2,,,False,WB_WDI,WB_WDI_SP_DYN_LE00_IN,DOM,_T,_T,_T,_Z,_Z,_Z,2019,A,YR,
77.286,P1Y,0,,A,PU,_Z,2,,,False,WB_WDI,WB_WDI_SP_DYN_LE00_IN,ECU,_T,_T,_T,_Z,_Z,_Z,2019,A,YR,
71.213,P1Y,0,,A,PU,_Z,2,,,False,WB_WDI,WB_WDI_SP_DYN_LE00_IN,EGY,_T,_T,_T,_Z,_Z,_Z,2019,A,YR,
79.24878,P1Y,0,,A,PU,_Z,2,,,False,WB_WDI,WB_WDI_SP_DYN_LE00_IN,GBR,_T,_T,_T,_Z,_Z,_Z,2006,A,YR,
77.687805,P1Y,0,,A,PU,_Z,2,,,False,WB_WDI,WB_WDI_SP_DYN_LE00_IN,USA,_T,_T,_T,_Z,_Z,_Z,2006,A,YR,
75.888,P1Y,0,,A,PU,_Z,2,,,False,WB_WDI,WB_WDI_SP_DYN_LE00_IN,URY,_T,_T,_T,_Z,_Z,_Z,2006,A,YR,
67.905,P1Y,0,,A,PU,_Z,2,,,False,WB_WDI,WB_WDI_SP_DYN_LE00_IN,UZB,_T,_T,_T,_Z,_Z,_Z,2006,A,YR,
69.126,P1Y,0,,A,PU,_Z,2,,,False,WB_WDI,WB_WDI_SP_DYN_LE00_IN,VUT,_T,_T,_T,_Z,_Z,_Z,2006,A,YR,
72.972,P1Y,0,,A,PU,_Z,2,,,False,WB_WDI,WB_WDI_SP_DYN_LE00_IN,VEN,_T,_T,_T,_Z,_Z,_Z,2006,A,YR,
73.293,P1Y,0,,A,PU,_Z,2,,,False,WB_WDI,WB_WDI_SP_DYN_LE00_IN,VNM,_T,_T,_T,_Z,_Z,_Z,2006,A,YR,
78.32439,P1Y,0,,A,PU,_Z,2,,,False,WB_WDI,WB_WDI_SP_DYN_LE00_IN,VIR,_T,_T,_T,_Z,_Z,_Z,2006,A,YR,
71.831,P1Y,0,,A,PU,_Z,2,,,False,WB_WDI,WB_WDI_SP_DYN_LE00_IN,PSE,_T,_T,_T,_Z,_Z,_Z,2006,A,YR,
65.8,P1Y,0,,A,PU,_Z,2,,,False,WB_WDI,WB_WDI_SP_DYN_LE00_IN,YEM,_T,_T,_T,_Z,_Z,_Z,2006,A,YR,
52.693,P1Y,0,,A,PU,_Z,2,,,False,WB_WDI,WB_WDI_SP_DYN_LE00_IN,ZMB,_T,_T,_T,_Z,_Z,_Z,2006,A,YR,
47.056,P1Y,0,,A,PU,_Z,2,,,False,WB_WDI,WB_WDI_SP_DYN_LE00_IN,ZWE,_T,_T,_T,_Z,_Z,_Z,2006,A,YR,
79.421951,P1Y,0,,A,PU,_Z,2,,,False,WB_WDI,WB_WDI_SP_DYN_LE00_IN,SVN,_T,_T,_T,_Z,_Z,_Z,2010,A,YR,
68.669,P1Y,0,,A,PU,_Z,2,,,False,WB_WDI,WB_WDI_SP_DYN_LE00_IN,SLB,_T,_T,_T,_Z,_Z,_Z,2010,A,YR,
48.9,P1Y,0,,A,PU,_Z,2,,,False,WB_WDI,WB_WDI_SP_DYN_LE00_IN,SOM,_T,_T,_T,_Z,_Z,_Z,2010,A,YR,
58.886,P1Y,0,,A,PU,_Z,2,,,False,WB_WDI,WB_WDI_SP_DYN_LE00_IN,ZAF,_T,_T,_T,_Z,_Z,_Z,2010,A,YR,
57.485,P1Y,0,,A,PU,_Z,2,,,False,WB_WDI,WB_WDI_SP_DYN_LE00_IN,SSD,_T,_T,_T,_Z,_Z,_Z,2010,A,YR,
81.626829,P1Y,0,,A,PU,_Z,2,,,False,WB_WDI,WB_WDI_SP_DYN_LE00_IN,ESP,_T,_T,_T,_Z,_Z,_Z,2010,A,YR,
74.463,P1Y,0,,A,PU,_Z,2,,,False,WB_WDI,WB_WDI_SP_DYN_LE00_IN,LKA,_T,_T,_T,_Z,_Z,_Z,2010,A,YR,
71.452,P1Y,0,,A,PU,_Z,2,,,False,WB_WDI,WB_WDI_SP_DYN_LE00_IN,KNA,_T,_T,_T,_Z,_Z,_Z,2010,A,YR,
72.768,P1Y,0,,A,PU,_Z,2,,,False,WB_WDI,WB_WDI_SP_DYN_LE00_IN,LCA,_T,_T,_T,_Z,_Z,_Z,2010,A,YR,
78.752,P1Y,0,,A,PU,_Z,2,,,False,WB_WDI,WB_WDI_SP_DYN_LE00_IN,MAF,_T,_T,_T,_Z,_Z,_Z,2010,A,YR,
70.66,P1Y,0,,A,PU,_Z,2,,,False,WB_WDI,WB_WDI_SP_DYN_LE00_IN,VCT,_T,_T,_T,_Z,_Z,_Z,2010,A,YR,
62.979,P1Y,0,,A,PU,_Z,2,,,False,WB_WDI,WB_WDI_SP_DYN_LE00_IN,SDN,_T,_T,_T,_Z,_Z,_Z,2010,A,YR,
69.626,P1Y,0,,A,PU,_Z,2,,,False,WB_WDI,WB_WDI_SP_DYN_LE00_IN,SUR,_T,_T,_T,_Z,_Z,_Z,2010,A,YR,
72.278049,P1Y,0,,A,PU,_Z,2,,,False,WB_WDI,WB_WDI_SP_DYN_LE00_IN,ARM,_T,_T,_T,_Z,_Z,_Z,2021,A,YR,
73.655,P1Y,0,,A,PU,_Z,2,,,False,WB_WDI,WB_WDI_SP_DYN_LE00_IN,ABW,_T,_T,_T,_Z,_Z,_Z,2021,A,YR,
83.3,P1Y,0,,A,PU,_Z,2,,,False,WB_WDI,WB_WDI_SP_DYN_LE00_IN,AUS,_T,_T,_T,_Z,_Z,_Z,2021,A,YR,
81.190244,P1Y,0,,A,PU,_Z,2,,,False,WB_WDI,WB_WDI_SP_DYN_LE00_IN,AUT,_T,_T,_T,_Z,_Z,_Z,2021,A,YR,
70.999,P1Y,0,,A,PU,_Z,2,,,False,WB_WDI,WB_WDI_SP_DYN_LE00_IN,AZE,_T,_T,_T,_Z,_Z,_Z,2021,A,YR,
70.752,P1Y,0,,A,PU,_Z,2,,,False,WB_WDI,WB_WDI_SP_DYN_LE00_IN,BHS,_T,_T,_T,_Z,_Z,_Z,2021,A,YR,
78.083,P1Y,0,,A,PU,_Z,2,,,False,WB_WDI,WB_WDI_SP_DYN_LE00_IN,BHR,_T,_T,_T,_Z,_Z,_Z,2021,A,YR,
71.103,P1Y,0,,A,PU,_Z,2,,,False,WB_WDI,WB_WDI_SP_DYN_LE00_IN,BGD,_T,_T,_T,_Z,_Z,_Z,2021,A,YR,
76.58,P1Y,0,,A,PU,_Z,2,,,False,WB_WDI,WB_WDI_SP_DYN_LE00_IN,BRB,_T,_T,_T,_Z,_Z,_Z,2021,A,YR,
72.071463,P1Y,0,,A,PU,_Z,2,,,False,WB_WDI,WB_WDI_SP_DYN_LE00_IN,BLR,_T,_T,_T,_Z,_Z,_Z,2021,A,YR,
81.790244,P1Y,0,,A,PU,_Z,2,,,False,WB_WDI,WB_WDI_SP_DYN_LE00_IN,BEL,_T,_T,_T,_Z,_Z,_Z,2021,A,YR,
72.349,P1Y,0,,A,PU,_Z,2,,,False,WB_WDI,WB_WDI_SP_DYN_LE00_IN,AZE,_T,_T,_T,_Z,_Z,_Z,2015,A,YR,
73.805,P1Y,0,,A,PU,_Z,2,,,False,WB_WDI,WB_WDI_SP_DYN_LE00_IN,BHS,_T,_T,_T,_Z,_Z,_Z,2015,A,YR,
80.338,P1Y,0,,A,PU,_Z,2,,,False,WB_WDI,WB_WDI_SP_DYN_LE00_IN,BHR,_T,_T,_T,_Z,_Z,_Z,2015,A,YR,
70.543,P1Y,0,,A,PU,_Z,2,,,False,WB_WDI,WB_WDI_SP_DYN_LE00_IN,BGD,_T,_T,_T,_Z,_Z,_Z,2015,A,YR,
76.055,P1Y,0,,A,PU,_Z,2,,,False,WB_WDI,WB_WDI_SP_DYN_LE00_IN,BRB,_T,_T,_T,_Z,_Z,_Z,2015,A,YR,
73.62439,P1Y,0,,A,PU,_Z,2,,,False,WB_WDI,WB_WDI_SP_DYN_LE00_IN,BLR,_T,_T,_T,_Z,_Z,_Z,2015,A,YR,
80.992683,P1Y,0,,A,PU,_Z,2,,,False,WB_WDI,WB_WDI_SP_DYN_LE00_IN,BEL,_T,_T,_T,_Z,_Z,_Z,2015,A,YR,
71.647,P1Y,0,,A,PU,_Z,2,,,False,WB_WDI,WB_WDI_SP_DYN_LE00_IN,BLZ,_T,_T,_T,_Z,_Z,_Z,2015,A,YR,
59.123,P1Y,0,,A,PU,_Z,2,,,False,WB_WDI,WB_WDI_SP_DYN_LE00_IN,BEN,_T,_T,_T,_Z,_Z,_Z,2015,A,YR,
80.338,P1Y,0,,A,PU,_Z,2,,,False,WB_WDI,WB_WDI_SP_DYN_LE00_IN,BMU,_T,_T,_T,_Z,_Z,_Z,2015,A,YR,
70.797,P1Y,0,,A,PU,_Z,2,,,False,WB_WDI,WB_WDI_SP_DYN_LE00_IN,BTN,_T,_T,_T,_Z,_Z,_Z,2015,A,YR,
74.753,P1Y,0,,A,PU,_Z,2,,,False,WB_WDI,WB_WDI_SP_DYN_LE00_IN,VGB,_T,_T,_T,_Z,_Z,_Z,2000,A,YR,
74.017,P1Y,0,,A,PU,_Z,2,,,False,WB_WDI,WB_WDI_SP_DYN_LE00_IN,BRN,_T,_T,_T,_Z,_Z,_Z,2000,A,YR,
71.663415,P1Y,0,,A,PU,_Z,2,,,False,WB_WDI,WB_WDI_SP_DYN_LE00_IN,BGR,_T,_T,_T,_Z,_Z,_Z,2000,A,YR,
50.808,P1Y,0,,A,PU,_Z,2,,,False,WB_WDI,WB_WDI_SP_DYN_LE00_IN,BFA,_T,_T,_T,_Z,_Z,_Z,2000,A,YR,
47.617,P1Y,0,,A,PU,_Z,2,,,False,WB_WDI,WB_WDI_SP_DYN_LE00_IN,BDI,_T,_T,_T,_Z,_Z,_Z,2000,A,YR,
68.117,P1Y,0,,A,PU,_Z,2,,,False,WB_WDI,WB_WDI_SP_DYN_LE00_IN,CPV,_T,_T,_T,_Z,_Z,_Z,2000,A,YR,
59.491,P1Y,0,,A,PU,_Z,2,,,False,WB_WDI,WB_WDI_SP_DYN_LE00_IN,KHM,_T,_T,_T,_Z,_Z,_Z,2000,A,YR,
53.338,P1Y,0,,A,PU,_Z,2,,,False,WB_WDI,WB_WDI_SP_DYN_LE00_IN,CMR,_T,_T,_T,_Z,_Z,_Z,2000,A,YR,
79.166829,P1Y,0,,A,PU,_Z,2,,,False,WB_WDI,WB_WDI_SP_DYN_LE00_IN,CAN,_T,_T,_T,_Z,_Z,_Z,2000,A,YR,
74.378,P1Y,0,,A,PU,_Z,2,,,False,WB_WDI,WB_WDI_SP_DYN_LE00_IN,CYM,_T,_T,_T,_Z,_Z,_Z,2000,A,YR,
46.609,P1Y,0,,A,PU,_Z,2,,,False,WB_WDI,WB_WDI_SP_DYN_LE00_IN,CAF,_T,_T,_T,_Z,_Z,_Z,2000,A,YR,
47.937,P1Y,0,,A,PU,_Z,2,,,False,WB_WDI,WB_WDI_SP_DYN_LE00_IN,TCD,_T,_T,_T,_Z,_Z,_Z,2000,A,YR,
78.8,P1Y,0,,A,PU,_Z,2,,,False,WB_WDI,WB_WDI_SP_DYN_LE00_IN,CHI,_T,_T,_T,_Z,_Z,_Z,2000,A,YR,
77.128,P1Y,0,,A,PU,_Z,2,,,False,WB_WDI,WB_WDI_SP_DYN_LE00_IN,CHL,_T,_T,_T,_Z,_Z,_Z,2000,A,YR,
64.112,P1Y,0,,A,PU,_Z,2,,,False,WB_WDI,WB_WDI_SP_DYN_LE00_IN,MHL,_T,_T,_T,_Z,_Z,_Z,2005,A,YR,
63.92,P1Y,0,,A,PU,_Z,2,,,False,WB_WDI,WB_WDI_SP_DYN_LE00_IN,MRT,_T,_T,_T,_Z,_Z,_Z,2005,A,YR,
72.432195,P1Y,0,,A,PU,_Z,2,,,False,WB_WDI,WB_WDI_SP_DYN_LE00_IN,MUS,_T,_T,_T,_Z,_Z,_Z,2005,A,YR,
73.627,P1Y,0,,A,PU,_Z,2,,,False,WB_WDI,WB_WDI_SP_DYN_LE00_IN,MEX,_T,_T,_T,_Z,_Z,_Z,2005,A,YR,
64.906,P1Y,0,,A,PU,_Z,2,,,False,WB_WDI,WB_WDI_SP_DYN_LE00_IN,FSM,_T,_T,_T,_Z,_Z,_Z,2005,A,YR,
68.197,P1Y,0,,A,PU,_Z,2,,,False,WB_WDI,WB_WDI_SP_DYN_LE00_IN,MDA,_T,_T,_T,_Z,_Z,_Z,2005,A,YR,
84.34,P1Y,0,,A,PU,_Z,2,,,False,WB_WDI,WB_WDI_SP_DYN_LE00_IN,MCO,_T,_T,_T,_Z,_Z,_Z,2005,A,YR,
65.280732,P1Y,0,,A,PU,_Z,2,,,False,WB_WDI,WB_WDI_SP_DYN_LE00_IN,MNG,_T,_T,_T,_Z,_Z,_Z,2005,A,YR,
73.982927,P1Y,0,,A,PU,_Z,2,,,False,WB_WDI,WB_WDI_SP_DYN_LE00_IN,MNE,_T,_T,_T,_Z,_Z,_Z,2005,A,YR,
68.748,P1Y,0,,A,PU,_Z,2,,,False,WB_WDI,WB_WDI_SP_DYN_LE00_IN,MAR,_T,_T,_T,_Z,_Z,_Z,2005,A,YR,
52.322,P1Y,0,,A,PU,_Z,2,,,False,WB_WDI,WB_WDI_SP_DYN_LE00_IN,MOZ,_T,_T,_T,_Z,_Z,_Z,2005,A,YR,
61.72,P1Y,0,,A,PU,_Z,2,,,False,WB_WDI,WB_WDI_SP_DYN_LE00_IN,MMR,_T,_T,_T,_Z,_Z,_Z,2005,A,YR,
52.557,P1Y,0,,A,PU,_Z,2,,,False,WB_WDI,WB_WDI_SP_DYN_LE00_IN,NAM,_T,_T,_T,_Z,_Z,_Z,2005,A,YR,
81.770732,P1Y,0,,A,PU,_Z,2,,,False,WB_WDI,WB_WDI_SP_DYN_LE00_IN,LIE,_T,_T,_T,_Z,_Z,_Z,2004,A,YR,
71.960976,P1Y,0,,A,PU,_Z,2,,,False,WB_WDI,WB_WDI_SP_DYN_LE00_IN,LTU,_T,_T,_T,_Z,_Z,_Z,2004,A,YR,
79.121951,P1Y,0,,A,PU,_Z,2,,,False,WB_WDI,WB_WDI_SP_DYN_LE00_IN,LUX,_T,_T,_T,_Z,_Z,_Z,2004,A,YR,
80.992683,P1Y,0,,A,PU,_Z,2,,,False,WB_WDI,WB_WDI_SP_DYN_LE00_IN,MAC,_T,_T,_T,_Z,_Z,_Z,2004,A,YR,
60.168,P1Y,0,,A,PU,_Z,2,,,False,WB_WDI,WB_WDI_SP_DYN_LE00_IN,MDG,_T,_T,_T,_Z,_Z,_Z,2004,A,YR,
51.073,P1Y,0,,A,PU,_Z,2,,,False,WB_WDI,WB_WDI_SP_DYN_LE00_IN,MWI,_T,_T,_T,_Z,_Z,_Z,2004,A,YR,
74.027,P1Y,0,,A,PU,_Z,2,,,False,WB_WDI,WB_WDI_SP_DYN_LE00_IN,MYS,_T,_T,_T,_Z,_Z,_Z,2004,A,YR,
73.008,P1Y,0,,A,PU,_Z,2,,,False,WB_WDI,WB_WDI_SP_DYN_LE00_IN,MDV,_T,_T,_T,_Z,_Z,_Z,2004,A,YR,
53.253,P1Y,0,,A,PU,_Z,2,,,False,WB_WDI,WB_WDI_SP_DYN_LE00_IN,MLI,_T,_T,_T,_Z,_Z,_Z,2004,A,YR,
79.253659,P1Y,0,,A,PU,_Z,2,,,False,WB_WDI,WB_WDI_SP_DYN_LE00_IN,MLT,_T,_T,_T,_Z,_Z,_Z,2004,A,YR,
64.044,P1Y,0,,A,PU,_Z,2,,,False,WB_WDI,WB_WDI_SP_DYN_LE00_IN,MHL,_T,_T,_T,_Z,_Z,_Z,2004,A,YR,
63.369,P1Y,0,,A,PU,_Z,2,,,False,WB_WDI,WB_WDI_SP_DYN_LE00_IN,MRT,_T,_T,_T,_Z,_Z,_Z,2004,A,YR,
72.265854,P1Y,0,,A,PU,_Z,2,,,False,WB_WDI,WB_WDI_SP_DYN_LE00_IN,MUS,_T,_T,_T,_Z,_Z,_Z,2004,A,YR,
71.163415,P1Y,0,,A,PU,_Z,2,,,False,WB_WDI,WB_WDI_SP_DYN_LE00_IN,ROU,_T,_T,_T,_Z,_Z,_Z,2000,A,YR,
65.483659,P1Y,0,,A,PU,_Z,2,,,False,WB_WDI,WB_WDI_SP_DYN_LE00_IN,RUS,_T,_T,_T,_Z,_Z,_Z,2000,A,YR,
47.798,P1Y,0,,A,PU,_Z,2,,,False,WB_WDI,WB_WDI_SP_DYN_LE00_IN,RWA,_T,_T,_T,_Z,_Z,_Z,2000,A,YR,
70.791,P1Y,0,,A,PU,_Z,2,,,False,WB_WDI,WB_WDI_SP_DYN_LE00_IN,WSM,_T,_T,_T,_Z,_Z,_Z,2000,A,YR,
80.504,P1Y,0,,A,PU,_Z,2,,,False,WB_WDI,WB_WDI_SP_DYN_LE00_IN,SMR,_T,_T,_T,_Z,_Z,_Z,2000,A,YR,
61.207,P1Y,0,,A,PU,_Z,2,,,False,WB_WDI,WB_WDI_SP_DYN_LE00_IN,STP,_T,_T,_T,_Z,_Z,_Z,2000,A,YR,
72.607,P1Y,0,,A,PU,_Z,2,,,False,WB_WDI,WB_WDI_SP_DYN_LE00_IN,SAU,_T,_T,_T,_Z,_Z,_Z,2000,A,YR,
57.615,P1Y,0,,A,PU,_Z,2,,,False,WB_WDI,WB_WDI_SP_DYN_LE00_IN,SEN,_T,_T,_T,_Z,_Z,_Z,2000,A,YR,
71.582927,P1Y,0,,A,PU,_Z,2,,,False,WB_WDI,WB_WDI_SP_DYN_LE00_IN,SRB,_T,_T,_T,_Z,_Z,_Z,2000,A,YR,
72.778049,P1Y,0,,A,PU,_Z,2,,,False,WB_WDI,WB_WDI_SP_DYN_LE00_IN,SYC,_T,_T,_T,_Z,_Z,_Z,2000,A,YR,
44.834,P1Y,0,,A,PU,_Z,2,,,False,WB_WDI,WB_WDI_SP_DYN_LE00_IN,SLE,_T,_T,_T,_Z,_Z,_Z,2000,A,YR,
77.95122,P1Y,0,,A,PU,_Z,2,,,False,WB_WDI,WB_WDI_SP_DYN_LE00_IN,SGP,_T,_T,_T,_Z,_Z,_Z,2000,A,YR,
74.409,P1Y,0,,A,PU,_Z,2,,,False,WB_WDI,WB_WDI_SP_DYN_LE00_IN,SXM,_T,_T,_T,_Z,_Z,_Z,2000,A,YR,
73.05122,P1Y,0,,A,PU,_Z,2,,,False,WB_WDI,WB_WDI_SP_DYN_LE00_IN,SVK,_T,_T,_T,_Z,_Z,_Z,2000,A,YR,
79.390244,P1Y,0,,A,PU,_Z,2,,,False,WB_WDI,WB_WDI_SP_DYN_LE00_IN,NOR,_T,_T,_T,_Z,_Z,_Z,2003,A,YR,
74.521,P1Y,0,,A,PU,_Z,2,,,False,WB_WDI,WB_WDI_SP_DYN_LE00_IN,OMN,_T,_T,_T,_Z,_Z,_Z,2003,A,YR,
62.834,P1Y,0,,A,PU,_Z,2,,,False,WB_WDI,WB_WDI_SP_DYN_LE00_IN,PAK,_T,_T,_T,_Z,_Z,_Z,2003,A,YR,
65.446,P1Y,0,,A,PU,_Z,2,,,False,WB_WDI,WB_WDI_SP_DYN_LE00_IN,PLW,_T,_T,_T,_Z,_Z,_Z,2003,A,YR,
74.567,P1Y,0,,A,PU,_Z,2,,,False,WB_WDI,WB_WDI_SP_DYN_LE00_IN,PAN,_T,_T,_T,_Z,_Z,_Z,2003,A,YR,
61.741,P1Y,0,,A,PU,_Z,2,,,False,WB_WDI,WB_WDI_SP_DYN_LE00_IN,PNG,_T,_T,_T,_Z,_Z,_Z,2003,A,YR,
70.795,P1Y,0,,A,PU,_Z,2,,,False,WB_WDI,WB_WDI_SP_DYN_LE00_IN,PRY,_T,_T,_T,_Z,_Z,_Z,2003,A,YR,
71.278,P1Y,0,,A,PU,_Z,2,,,False,WB_WDI,WB_WDI_SP_DYN_LE00_IN,PER,_T,_T,_T,_Z,_Z,_Z,2003,A,YR,
68.049,P1Y,0,,A,PU,_Z,2,,,False,WB_WDI,WB_WDI_SP_DYN_LE00_IN,PHL,_T,_T,_T,_Z,_Z,_Z,2003,A,YR,
74.597561,P1Y,0,,A,PU,_Z,2,,,False,WB_WDI,WB_WDI_SP_DYN_LE00_IN,POL,_T,_T,_T,_Z,_Z,_Z,2003,A,YR,
77.219512,P1Y,0,,A,PU,_Z,2,,,False,WB_WDI,WB_WDI_SP_DYN_LE00_IN,PRT,_T,_T,_T,_Z,_Z,_Z,2003,A,YR,
76.941,P1Y,0,,A,PU,_Z,2,,,False,WB_WDI,WB_WDI_SP_DYN_LE00_IN,PRI,_T,_T,_T,_Z,_Z,_Z,2003,A,YR,
66.043,P1Y,0,,A,PU,_Z,2,,,False,WB_WDI,WB_WDI_SP_DYN_LE00_IN,AZE,_T,_T,_T,_Z,_Z,_Z,2001,A,YR,
72.765,P1Y,0,,A,PU,_Z,2,,,False,WB_WDI,WB_WDI_SP_DYN_LE00_IN,BHS,_T,_T,_T,_Z,_Z,_Z,2001,A,YR,
74.942,P1Y,0,,A,PU,_Z,2,,,False,WB_WDI,WB_WDI_SP_DYN_LE00_IN,BHR,_T,_T,_T,_Z,_Z,_Z,2001,A,YR,
62.836,P1Y,0,,A,PU,_Z,2,,,False,WB_WDI,WB_WDI_SP_DYN_LE00_IN,BGD,_T,_T,_T,_Z,_Z,_Z,2001,A,YR,
74.707,P1Y,0,,A,PU,_Z,2,,,False,WB_WDI,WB_WDI_SP_DYN_LE00_IN,BRB,_T,_T,_T,_Z,_Z,_Z,2001,A,YR,
68.507317,P1Y,0,,A,PU,_Z,2,,,False,WB_WDI,WB_WDI_SP_DYN_LE00_IN,BLR,_T,_T,_T,_Z,_Z,_Z,2001,A,YR,
77.973171,P1Y,0,,A,PU,_Z,2,,,False,WB_WDI,WB_WDI_SP_DYN_LE00_IN,BEL,_T,_T,_T,_Z,_Z,_Z,2001,A,YR,
68.944,P1Y,0,,A,PU,_Z,2,,,False,WB_WDI,WB_WDI_SP_DYN_LE00_IN,BLZ,_T,_T,_T,_Z,_Z,_Z,2001,A,YR,
56.654,P1Y,0,,A,PU,_Z,2,,,False,WB_WDI,WB_WDI_SP_DYN_LE00_IN,BEN,_T,_T,_T,_Z,_Z,_Z,2001,A,YR,
78.637,P1Y,0,,A,PU,_Z,2,,,False,WB_WDI,WB_WDI_SP_DYN_LE00_IN,BMU,_T,_T,_T,_Z,_Z,_Z,2001,A,YR,
63.323,P1Y,0,,A,PU,_Z,2,,,False,WB_WDI,WB_WDI_SP_DYN_LE00_IN,BTN,_T,_T,_T,_Z,_Z,_Z,2001,A,YR,
62.538,P1Y,0,,A,PU,_Z,2,,,False,WB_WDI,WB_WDI_SP_DYN_LE00_IN,BOL,_T,_T,_T,_Z,_Z,_Z,2001,A,YR,
76.226,P1Y,0,,A,PU,_Z,2,,,False,WB_WDI,WB_WDI_SP_DYN_LE00_IN,ABW,_T,_T,_T,_Z,_Z,_Z,2022,A,YR,
83.2,P1Y,0,,A,PU,_Z,2,,,False,WB_WDI,WB_WDI_SP_DYN_LE00_IN,AUS,_T,_T,_T,_Z,_Z,_Z,2022,A,YR,
81.295122,P1Y,0,,A,PU,_Z,2,,,False,WB_WDI,WB_WDI_SP_DYN_LE00_IN,AUT,_T,_T,_T,_Z,_Z,_Z,2022,A,YR,
74.125,P1Y,0,,A,PU,_Z,2,,,False,WB_WDI,WB_WDI_SP_DYN_LE00_IN,AZE,_T,_T,_T,_Z,_Z,_Z,2022,A,YR,
74.491,P1Y,0,,A,PU,_Z,2,,,False,WB_WDI,WB_WDI_SP_DYN_LE00_IN,BHS,_T,_T,_T,_Z,_Z,_Z,2022,A,YR,
80.992,P1Y,0,,A,PU,_Z,2,,,False,WB_WDI,WB_WDI_SP_DYN_LE00_IN,BHR,_T,_T,_T,_Z,_Z,_Z,2022,A,YR,
74.265,P1Y,0,,A,PU,_Z,2,,,False,WB_WDI,WB_WDI_SP_DYN_LE00_IN,BGD,_T,_T,_T,_Z,_Z,_Z,2022,A,YR,
75.676,P1Y,0,,A,PU,_Z,2,,,False,WB_WDI,WB_WDI_SP_DYN_LE00_IN,BRB,_T,_T,_T,_Z,_Z,_Z,2022,A,YR,
74.103366,P1Y,0,,A,PU,_Z,2,,,False,WB_WDI,WB_WDI_SP_DYN_LE00_IN,BLR,_T,_T,_T,_Z,_Z,_Z,2022,A,YR,
81.74878,P1Y,0,,A,PU,_Z,2,,,False,WB_WDI,WB_WDI_SP_DYN_LE00_IN,BEL,_T,_T,_T,_Z,_Z,_Z,2022,A,YR,
72.19,P1Y,0,,A,PU,_Z,2,,,False,WB_WDI,WB_WDI_SP_DYN_LE00_IN,BLZ,_T,_T,_T,_Z,_Z,_Z,2022,A,YR,
60.475,P1Y,0,,A,PU,_Z,2,,,False,WB_WDI,WB_WDI_SP_DYN_LE00_IN,BEN,_T,_T,_T,_Z,_Z,_Z,2022,A,YR,
75.244634,P1Y,0,,A,PU,_Z,2,,,False,WB_WDI,WB_WDI_SP_DYN_LE00_IN,HRV,_T,_T,_T,_Z,_Z,_Z,2005,A,YR,
77.54,P1Y,0,,A,PU,_Z,2,,,False,WB_WDI,WB_WDI_SP_DYN_LE00_IN,CUB,_T,_T,_T,_Z,_Z,_Z,2005,A,YR,
73.873,P1Y,0,,A,PU,_Z,2,,,False,WB_WDI,WB_WDI_SP_DYN_LE00_IN,CUW,_T,_T,_T,_Z,_Z,_Z,2005,A,YR,
79.198,P1Y,0,,A,PU,_Z,2,,,False,WB_WDI,WB_WDI_SP_DYN_LE00_IN,CYP,_T,_T,_T,_Z,_Z,_Z,2005,A,YR,
75.92439,P1Y,0,,A,PU,_Z,2,,,False,WB_WDI,WB_WDI_SP_DYN_LE00_IN,CZE,_T,_T,_T,_Z,_Z,_Z,2005,A,YR,
77.843902,P1Y,0,,A,PU,_Z,2,,,False,WB_WDI,WB_WDI_SP_DYN_LE00_IN,DNK,_T,_T,_T,_Z,_Z,_Z,2005,A,YR,
58.548,P1Y,0,,A,PU,_Z,2,,,False,WB_WDI,WB_WDI_SP_DYN_LE00_IN,DJI,_T,_T,_T,_Z,_Z,_Z,2005,A,YR,
72.016,P1Y,0,,A,PU,_Z,2,,,False,WB_WDI,WB_WDI_SP_DYN_LE00_IN,DMA,_T,_T,_T,_Z,_Z,_Z,2005,A,YR,
71.043,P1Y,0,,A,PU,_Z,2,,,False,WB_WDI,WB_WDI_SP_DYN_LE00_IN,DOM,_T,_T,_T,_Z,_Z,_Z,2005,A,YR,
73.909,P1Y,0,,A,PU,_Z,2,,,False,WB_WDI,WB_WDI_SP_DYN_LE00_IN,ECU,_T,_T,_T,_Z,_Z,_Z,2005,A,YR,
68.355,P1Y,0,,A,PU,_Z,2,,,False,WB_WDI,WB_WDI_SP_DYN_LE00_IN,EGY,_T,_T,_T,_Z,_Z,_Z,2005,A,YR,
69.336,P1Y,0,,A,PU,_Z,2,,,False,WB_WDI,WB_WDI_SP_DYN_LE00_IN,SLV,_T,_T,_T,_Z,_Z,_Z,2005,A,YR,
81.614634,P1Y,0,,A,PU,_Z,2,,,False,WB_WDI,WB_WDI_SP_DYN_LE00_IN,NLD,_T,_T,_T,_Z,_Z,_Z,2022,A,YR,
77.698,P1Y,0,,A,PU,_Z,2,,,False,WB_WDI,WB_WDI_SP_DYN_LE00_IN,NCL,_T,_T,_T,_Z,_Z,_Z,2022,A,YR,
81.958537,P1Y,0,,A,PU,_Z,2,,,False,WB_WDI,WB_WDI_SP_DYN_LE00_IN,NZL,_T,_T,_T,_Z,_Z,_Z,2022,A,YR,
74.463,P1Y,0,,A,PU,_Z,2,,,False,WB_WDI,WB_WDI_SP_DYN_LE00_IN,NIC,_T,_T,_T,_Z,_Z,_Z,2022,A,YR,
60.398,P1Y,0,,A,PU,_Z,2,,,False,WB_WDI,WB_WDI_SP_DYN_LE00_IN,NER,_T,_T,_T,_Z,_Z,_Z,2022,A,YR,
54.079,P1Y,0,,A,PU,_Z,2,,,False,WB_WDI,WB_WDI_SP_DYN_LE00_IN,NGA,_T,_T,_T,_Z,_Z,_Z,2022,A,YR,
74.424878,P1Y,0,,A,PU,_Z,2,,,False,WB_WDI,WB_WDI_SP_DYN_LE00_IN,MKD,_T,_T,_T,_Z,_Z,_Z,2022,A,YR,
78.531,P1Y,0,,A,PU,_Z,2,,,False,WB_WDI,WB_WDI_SP_DYN_LE00_IN,MNP,_T,_T,_T,_Z,_Z,_Z,2022,A,YR,
82.509756,P1Y,0,,A,PU,_Z,2,,,False,WB_WDI,WB_WDI_SP_DYN_LE00_IN,NOR,_T,_T,_T,_Z,_Z,_Z,2022,A,YR,
77.911,P1Y,0,,A,PU,_Z,2,,,False,WB_WDI,WB_WDI_SP_DYN_LE00_IN,OMN,_T,_T,_T,_Z,_Z,_Z,2022,A,YR,
67.417,P1Y,0,,A,PU,_Z,2,,,False,WB_WDI,WB_WDI_SP_DYN_LE00_IN,PAK,_T,_T,_T,_Z,_Z,_Z,2022,A,YR,
68.922,P1Y,0,,A,PU,_Z,2,,,False,WB_WDI,WB_WDI_SP_DYN_LE00_IN,PLW,_T,_T,_T,_Z,_Z,_Z,2022,A,YR,
79.324,P1Y,0,,A,PU,_Z,2,,,False,WB_WDI,WB_WDI_SP_DYN_LE00_IN,PAN,_T,_T,_T,_Z,_Z,_Z,2022,A,YR,
67.82153,P1Y,0,,A,PU,_Z,2,,,False,WB_WDI,WB_WDI_SP_DYN_LE00_IN,TSA,_T,_T,_T,_Z,_Z,_Z,2021,A,YR,
60.703005,P1Y,0,,A,PU,_Z,2,,,False,WB_WDI,WB_WDI_SP_DYN_LE00_IN,SSF,_T,_T,_T,_Z,_Z,_Z,2021,A,YR,
60.701953,P1Y,0,,A,PU,_Z,2,,,False,WB_WDI,WB_WDI_SP_DYN_LE00_IN,SSA,_T,_T,_T,_Z,_Z,_Z,2021,A,YR,
60.703005,P1Y,0,,A,PU,_Z,2,,,False,WB_WDI,WB_WDI_SP_DYN_LE00_IN,TSS,_T,_T,_T,_Z,_Z,_Z,2021,A,YR,
74.418057,P1Y,0,,A,PU,_Z,2,,,False,WB_WDI,WB_WDI_SP_DYN_LE00_IN,UMC,_T,_T,_T,_Z,_Z,_Z,2021,A,YR,
71.216078,P1Y,0,,A,PU,_Z,2,,,False,WB_WDI,WB_WDI_SP_DYN_LE00_IN,WLD,_T,_T,_T,_Z,_Z,_Z,2021,A,YR,
60.417,P1Y,0,,A,PU,_Z,2,,,False,WB_WDI,WB_WDI_SP_DYN_LE00_IN,AFG,_T,_T,_T,_Z,_Z,_Z,2021,A,YR,
76.844,P1Y,0,,A,PU,_Z,2,,,False,WB_WDI,WB_WDI_SP_DYN_LE00_IN,ALB,_T,_T,_T,_Z,_Z,_Z,2021,A,YR,
75.208,P1Y,0,,A,PU,_Z,2,,,False,WB_WDI,WB_WDI_SP_DYN_LE00_IN,DZA,_T,_T,_T,_Z,_Z,_Z,2021,A,YR,
72.708,P1Y,0,,A,PU,_Z,2,,,False,WB_WDI,WB_WDI_SP_DYN_LE00_IN,ASM,_T,_T,_T,_Z,_Z,_Z,2021,A,YR,
82.331,P1Y,0,,A,PU,_Z,2,,,False,WB_WDI,WB_WDI_SP_DYN_LE00_IN,AND,_T,_T,_T,_Z,_Z,_Z,2021,A,YR,
62.958,P1Y,0,,A,PU,_Z,2,,,False,WB_WDI,WB_WDI_SP_DYN_LE00_IN,AGO,_T,_T,_T,_Z,_Z,_Z,2021,A,YR,
77.197,P1Y,0,,A,PU,_Z,2,,,False,WB_WDI,WB_WDI_SP_DYN_LE00_IN,ATG,_T,_T,_T,_Z,_Z,_Z,2021,A,YR,
73.948,P1Y,0,,A,PU,_Z,2,,,False,WB_WDI,WB_WDI_SP_DYN_LE00_IN,ARG,_T,_T,_T,_Z,_Z,_Z,2021,A,YR,
83.526829,P1Y,0,,A,PU,_Z,2,,,False,WB_WDI,WB_WDI_SP_DYN_LE00_IN,KOR,_T,_T,_T,_Z,_Z,_Z,2021,A,YR,
74.981,P1Y,0,,A,PU,_Z,2,,,False,WB_WDI,WB_WDI_SP_DYN_LE00_IN,XKX,_T,_T,_T,_Z,_Z,_Z,2021,A,YR,
78.736585,P1Y,0,,A,PU,_Z,2,,,False,WB_WDI,WB_WDI_SP_DYN_LE00_IN,KWT,_T,_T,_T,_Z,_Z,_Z,2021,A,YR,
71.9,P1Y,0,,A,PU,_Z,2,,,False,WB_WDI,WB_WDI_SP_DYN_LE00_IN,KGZ,_T,_T,_T,_Z,_Z,_Z,2021,A,YR,
67.807,P1Y,0,,A,PU,_Z,2,,,False,WB_WDI,WB_WDI_SP_DYN_LE00_IN,LAO,_T,_T,_T,_Z,_Z,_Z,2021,A,YR,
72.980488,P1Y,0,,A,PU,_Z,2,,,False,WB_WDI,WB_WDI_SP_DYN_LE00_IN,LVA,_T,_T,_T,_Z,_Z,_Z,2021,A,YR,
73.65,P1Y,0,,A,PU,_Z,2,,,False,WB_WDI,WB_WDI_SP_DYN_LE00_IN,LBN,_T,_T,_T,_Z,_Z,_Z,2021,A,YR,
54.209,P1Y,0,,A,PU,_Z,2,,,False,WB_WDI,WB_WDI_SP_DYN_LE00_IN,LSO,_T,_T,_T,_Z,_Z,_Z,2021,A,YR,
61.166,P1Y,0,,A,PU,_Z,2,,,False,WB_WDI,WB_WDI_SP_DYN_LE00_IN,LBR,_T,_T,_T,_Z,_Z,_Z,2021,A,YR,
72.062,P1Y,0,,A,PU,_Z,2,,,False,WB_WDI,WB_WDI_SP_DYN_LE00_IN,LBY,_T,_T,_T,_Z,_Z,_Z,2021,A,YR,
84.402439,P1Y,0,,A,PU,_Z,2,,,False,WB_WDI,WB_WDI_SP_DYN_LE00_IN,LIE,_T,_T,_T,_Z,_Z,_Z,2021,A,YR,
74.036585,P1Y,0,,A,PU,_Z,2,,,False,WB_WDI,WB_WDI_SP_DYN_LE00_IN,LTU,_T,_T,_T,_Z,_Z,_Z,2021,A,YR,
82.597561,P1Y,0,,A,PU,_Z,2,,,False,WB_WDI,WB_WDI_SP_DYN_LE00_IN,LUX,_T,_T,_T,_Z,_Z,_Z,2021,A,YR,
58.887,P1Y,0,,A,PU,_Z,2,,,False,WB_WDI,WB_WDI_SP_DYN_LE00_IN,LAO,_T,_T,_T,_Z,_Z,_Z,2001,A,YR,
70.760976,P1Y,0,,A,PU,_Z,2,,,False,WB_WDI,WB_WDI_SP_DYN_LE00_IN,LVA,_T,_T,_T,_Z,_Z,_Z,2001,A,YR,
74.354,P1Y,0,,A,PU,_Z,2,,,False,WB_WDI,WB_WDI_SP_DYN_LE00_IN,LBN,_T,_T,_T,_Z,_Z,_Z,2001,A,YR,
47.153,P1Y,0,,A,PU,_Z,2,,,False,WB_WDI,WB_WDI_SP_DYN_LE00_IN,LSO,_T,_T,_T,_Z,_Z,_Z,2001,A,YR,
53.109,P1Y,0,,A,PU,_Z,2,,,False,WB_WDI,WB_WDI_SP_DYN_LE00_IN,LBR,_T,_T,_T,_Z,_Z,_Z,2001,A,YR,
70.653,P1Y,0,,A,PU,_Z,2,,,False,WB_WDI,WB_WDI_SP_DYN_LE00_IN,LBY,_T,_T,_T,_Z,_Z,_Z,2001,A,YR,
79.27561,P1Y,0,,A,PU,_Z,2,,,False,WB_WDI,WB_WDI_SP_DYN_LE00_IN,LIE,_T,_T,_T,_Z,_Z,_Z,2001,A,YR,
71.658537,P1Y,0,,A,PU,_Z,2,,,False,WB_WDI,WB_WDI_SP_DYN_LE00_IN,LTU,_T,_T,_T,_Z,_Z,_Z,2001,A,YR,
77.82439,P1Y,0,,A,PU,_Z,2,,,False,WB_WDI,WB_WDI_SP_DYN_LE00_IN,LUX,_T,_T,_T,_Z,_Z,_Z,2001,A,YR,
80.587805,P1Y,0,,A,PU,_Z,2,,,False,WB_WDI,WB_WDI_SP_DYN_LE00_IN,MAC,_T,_T,_T,_Z,_Z,_Z,2001,A,YR,
58.674,P1Y,0,,A,PU,_Z,2,,,False,WB_WDI,WB_WDI_SP_DYN_LE00_IN,MDG,_T,_T,_T,_Z,_Z,_Z,2001,A,YR,
47.205,P1Y,0,,A,PU,_Z,2,,,False,WB_WDI,WB_WDI_SP_DYN_LE00_IN,MWI,_T,_T,_T,_Z,_Z,_Z,2001,A,YR,
73.08,P1Y,0,,A,PU,_Z,2,,,False,WB_WDI,WB_WDI_SP_DYN_LE00_IN,MYS,_T,_T,_T,_Z,_Z,_Z,2001,A,YR,
71.659,P1Y,0,,A,PU,_Z,2,,,False,WB_WDI,WB_WDI_SP_DYN_LE00_IN,MDV,_T,_T,_T,_Z,_Z,_Z,2001,A,YR,
48.55,P1Y,0,,A,PU,_Z,2,,,False,WB_WDI,WB_WDI_SP_DYN_LE00_IN,SSD,_T,_T,_T,_Z,_Z,_Z,2001,A,YR,
79.368293,P1Y,0,,A,PU,_Z,2,,,False,WB_WDI,WB_WDI_SP_DYN_LE00_IN,ESP,_T,_T,_T,_Z,_Z,_Z,2001,A,YR,
71.804,P1Y,0,,A,PU,_Z,2,,,False,WB_WDI,WB_WDI_SP_DYN_LE00_IN,LKA,_T,_T,_T,_Z,_Z,_Z,2001,A,YR,
69.767,P1Y,0,,A,PU,_Z,2,,,False,WB_WDI,WB_WDI_SP_DYN_LE00_IN,KNA,_T,_T,_T,_Z,_Z,_Z,2001,A,YR,
71.367,P1Y,0,,A,PU,_Z,2,,,False,WB_WDI,WB_WDI_SP_DYN_LE00_IN,LCA,_T,_T,_T,_Z,_Z,_Z,2001,A,YR,
77.009,P1Y,0,,A,PU,_Z,2,,,False,WB_WDI,WB_WDI_SP_DYN_LE00_IN,MAF,_T,_T,_T,_Z,_Z,_Z,2001,A,YR,
70.382,P1Y,0,,A,PU,_Z,2,,,False,WB_WDI,WB_WDI_SP_DYN_LE00_IN,VCT,_T,_T,_T,_Z,_Z,_Z,2001,A,YR,
59.264,P1Y,0,,A,PU,_Z,2,,,False,WB_WDI,WB_WDI_SP_DYN_LE00_IN,SDN,_T,_T,_T,_Z,_Z,_Z,2001,A,YR,
64.82,P1Y,0,,A,PU,_Z,2,,,False,WB_WDI,WB_WDI_SP_DYN_LE00_IN,SUR,_T,_T,_T,_Z,_Z,_Z,2001,A,YR,
79.795122,P1Y,0,,A,PU,_Z,2,,,False,WB_WDI,WB_WDI_SP_DYN_LE00_IN,SWE,_T,_T,_T,_Z,_Z,_Z,2001,A,YR,
80.180488,P1Y,0,,A,PU,_Z,2,,,False,WB_WDI,WB_WDI_SP_DYN_LE00_IN,CHE,_T,_T,_T,_Z,_Z,_Z,2001,A,YR,
71.296,P1Y,0,,A,PU,_Z,2,,,False,WB_WDI,WB_WDI_SP_DYN_LE00_IN,SYR,_T,_T,_T,_Z,_Z,_Z,2001,A,YR,
64.197,P1Y,0,,A,PU,_Z,2,,,False,WB_WDI,WB_WDI_SP_DYN_LE00_IN,TJK,_T,_T,_T,_Z,_Z,_Z,2001,A,YR,
54.124,P1Y,0,,A,PU,_Z,2,,,False,WB_WDI,WB_WDI_SP_DYN_LE00_IN,TZA,_T,_T,_T,_Z,_Z,_Z,2001,A,YR,
60.158485,P1Y,0,,A,PU,_Z,2,,,False,WB_WDI,WB_WDI_SP_DYN_LE00_IN,SSF,_T,_T,_T,_Z,_Z,_Z,2017,A,YR,
60.15723,P1Y,0,,A,PU,_Z,2,,,False,WB_WDI,WB_WDI_SP_DYN_LE00_IN,SSA,_T,_T,_T,_Z,_Z,_Z,2017,A,YR,
60.158485,P1Y,0,,A,PU,_Z,2,,,False,WB_WDI,WB_WDI_SP_DYN_LE00_IN,TSS,_T,_T,_T,_Z,_Z,_Z,2017,A,YR,
75.240231,P1Y,0,,A,PU,_Z,2,,,False,WB_WDI,WB_WDI_SP_DYN_LE00_IN,UMC,_T,_T,_T,_Z,_Z,_Z,2017,A,YR,
72.366297,P1Y,0,,A,PU,_Z,2,,,False,WB_WDI,WB_WDI_SP_DYN_LE00_IN,WLD,_T,_T,_T,_Z,_Z,_Z,2017,A,YR,
62.406,P1Y,0,,A,PU,_Z,2,,,False,WB_WDI,WB_WDI_SP_DYN_LE00_IN,AFG,_T,_T,_T,_Z,_Z,_Z,2017,A,YR,
78.9,P1Y,0,,A,PU,_Z,2,,,False,WB_WDI,WB_WDI_SP_DYN_LE00_IN,ALB,_T,_T,_T,_Z,_Z,_Z,2017,A,YR,
75.431,P1Y,0,,A,PU,_Z,2,,,False,WB_WDI,WB_WDI_SP_DYN_LE00_IN,DZA,_T,_T,_T,_Z,_Z,_Z,2017,A,YR,
72.801,P1Y,0,,A,PU,_Z,2,,,False,WB_WDI,WB_WDI_SP_DYN_LE00_IN,ASM,_T,_T,_T,_Z,_Z,_Z,2017,A,YR,
84.359,P1Y,0,,A,PU,_Z,2,,,False,WB_WDI,WB_WDI_SP_DYN_LE00_IN,AND,_T,_T,_T,_Z,_Z,_Z,2017,A,YR,
62.122,P1Y,0,,A,PU,_Z,2,,,False,WB_WDI,WB_WDI_SP_DYN_LE00_IN,AGO,_T,_T,_T,_Z,_Z,_Z,2017,A,YR,
77.03,P1Y,0,,A,PU,_Z,2,,,False,WB_WDI,WB_WDI_SP_DYN_LE00_IN,ATG,_T,_T,_T,_Z,_Z,_Z,2017,A,YR,
76.543,P1Y,0,,A,PU,_Z,2,,,False,WB_WDI,WB_WDI_SP_DYN_LE00_IN,ARG,_T,_T,_T,_Z,_Z,_Z,2017,A,YR,
76.858537,P1Y,0,,A,PU,_Z,2,,,False,WB_WDI,WB_WDI_SP_DYN_LE00_IN,SVN,_T,_T,_T,_Z,_Z,_Z,2003,A,YR,
67.479,P1Y,0,,A,PU,_Z,2,,,False,WB_WDI,WB_WDI_SP_DYN_LE00_IN,SLB,_T,_T,_T,_Z,_Z,_Z,2003,A,YR,
50.721,P1Y,0,,A,PU,_Z,2,,,False,WB_WDI,WB_WDI_SP_DYN_LE00_IN,SOM,_T,_T,_T,_Z,_Z,_Z,2003,A,YR,
54.245,P1Y,0,,A,PU,_Z,2,,,False,WB_WDI,WB_WDI_SP_DYN_LE00_IN,ZAF,_T,_T,_T,_Z,_Z,_Z,2003,A,YR,
52.324,P1Y,0,,A,PU,_Z,2,,,False,WB_WDI,WB_WDI_SP_DYN_LE00_IN,SSD,_T,_T,_T,_Z,_Z,_Z,2003,A,YR,
79.619512,P1Y,0,,A,PU,_Z,2,,,False,WB_WDI,WB_WDI_SP_DYN_LE00_IN,ESP,_T,_T,_T,_Z,_Z,_Z,2003,A,YR,
72.442,P1Y,0,,A,PU,_Z,2,,,False,WB_WDI,WB_WDI_SP_DYN_LE00_IN,LKA,_T,_T,_T,_Z,_Z,_Z,2003,A,YR,
70.614,P1Y,0,,A,PU,_Z,2,,,False,WB_WDI,WB_WDI_SP_DYN_LE00_IN,KNA,_T,_T,_T,_Z,_Z,_Z,2003,A,YR,
72.188,P1Y,0,,A,PU,_Z,2,,,False,WB_WDI,WB_WDI_SP_DYN_LE00_IN,LCA,_T,_T,_T,_Z,_Z,_Z,2003,A,YR,
77.419,P1Y,0,,A,PU,_Z,2,,,False,WB_WDI,WB_WDI_SP_DYN_LE00_IN,MAF,_T,_T,_T,_Z,_Z,_Z,2003,A,YR,
70.43,P1Y,0,,A,PU,_Z,2,,,False,WB_WDI,WB_WDI_SP_DYN_LE00_IN,VCT,_T,_T,_T,_Z,_Z,_Z,2003,A,YR,
58.319,P1Y,0,,A,PU,_Z,2,,,False,WB_WDI,WB_WDI_SP_DYN_LE00_IN,SDN,_T,_T,_T,_Z,_Z,_Z,2003,A,YR,
65.778,P1Y,0,,A,PU,_Z,2,,,False,WB_WDI,WB_WDI_SP_DYN_LE00_IN,SUR,_T,_T,_T,_Z,_Z,_Z,2003,A,YR,
80.095122,P1Y,0,,A,PU,_Z,2,,,False,WB_WDI,WB_WDI_SP_DYN_LE00_IN,SWE,_T,_T,_T,_Z,_Z,_Z,2003,A,YR,
80.536585,P1Y,0,,A,PU,_Z,2,,,False,WB_WDI,WB_WDI_SP_DYN_LE00_IN,CHE,_T,_T,_T,_Z,_Z,_Z,2003,A,YR,
51.262,P1Y,0,,A,PU,_Z,2,,,False,WB_WDI,WB_WDI_SP_DYN_LE00_IN,RWA,_T,_T,_T,_Z,_Z,_Z,2002,A,YR,
71.233,P1Y,0,,A,PU,_Z,2,,,False,WB_WDI,WB_WDI_SP_DYN_LE00_IN,WSM,_T,_T,_T,_Z,_Z,_Z,2002,A,YR,
81.061,P1Y,0,,A,PU,_Z,2,,,False,WB_WDI,WB_WDI_SP_DYN_LE00_IN,SMR,_T,_T,_T,_Z,_Z,_Z,2002,A,YR,
61.826,P1Y,0,,A,PU,_Z,2,,,False,WB_WDI,WB_WDI_SP_DYN_LE00_IN,STP,_T,_T,_T,_Z,_Z,_Z,2002,A,YR,
73.296,P1Y,0,,A,PU,_Z,2,,,False,WB_WDI,WB_WDI_SP_DYN_LE00_IN,SAU,_T,_T,_T,_Z,_Z,_Z,2002,A,YR,
58.912,P1Y,0,,A,PU,_Z,2,,,False,WB_WDI,WB_WDI_SP_DYN_LE00_IN,SEN,_T,_T,_T,_Z,_Z,_Z,2002,A,YR,
72.285366,P1Y,0,,A,PU,_Z,2,,,False,WB_WDI,WB_WDI_SP_DYN_LE00_IN,SRB,_T,_T,_T,_Z,_Z,_Z,2002,A,YR,
71.087805,P1Y,0,,A,PU,_Z,2,,,False,WB_WDI,WB_WDI_SP_DYN_LE00_IN,SYC,_T,_T,_T,_Z,_Z,_Z,2002,A,YR,
46.174,P1Y,0,,A,PU,_Z,2,,,False,WB_WDI,WB_WDI_SP_DYN_LE00_IN,SLE,_T,_T,_T,_Z,_Z,_Z,2002,A,YR,
78.55122,P1Y,0,,A,PU,_Z,2,,,False,WB_WDI,WB_WDI_SP_DYN_LE00_IN,SGP,_T,_T,_T,_Z,_Z,_Z,2002,A,YR,
74.585,P1Y,0,,A,PU,_Z,2,,,False,WB_WDI,WB_WDI_SP_DYN_LE00_IN,SXM,_T,_T,_T,_Z,_Z,_Z,2002,A,YR,
73.604878,P1Y,0,,A,PU,_Z,2,,,False,WB_WDI,WB_WDI_SP_DYN_LE00_IN,SVK,_T,_T,_T,_Z,_Z,_Z,2002,A,YR,
76.007317,P1Y,0,,A,PU,_Z,2,,,False,WB_WDI,WB_WDI_SP_DYN_LE00_IN,SVN,_T,_T,_T,_Z,_Z,_Z,2002,A,YR,
67.35,P1Y,0,,A,PU,_Z,2,,,False,WB_WDI,WB_WDI_SP_DYN_LE00_IN,SLB,_T,_T,_T,_Z,_Z,_Z,2002,A,YR,
50.82,P1Y,0,,A,PU,_Z,2,,,False,WB_WDI,WB_WDI_SP_DYN_LE00_IN,SOM,_T,_T,_T,_Z,_Z,_Z,2002,A,YR,
72.732,P1Y,0,,A,PU,_Z,2,,,False,WB_WDI,WB_WDI_SP_DYN_LE00_IN,MYS,_T,_T,_T,_Z,_Z,_Z,2000,A,YR,
70.892,P1Y,0,,A,PU,_Z,2,,,False,WB_WDI,WB_WDI_SP_DYN_LE00_IN,MDV,_T,_T,_T,_Z,_Z,_Z,2000,A,YR,
50.605,P1Y,0,,A,PU,_Z,2,,,False,WB_WDI,WB_WDI_SP_DYN_LE00_IN,MLI,_T,_T,_T,_Z,_Z,_Z,2000,A,YR,
78.34878,P1Y,0,,A,PU,_Z,2,,,False,WB_WDI,WB_WDI_SP_DYN_LE00_IN,MLT,_T,_T,_T,_Z,_Z,_Z,2000,A,YR,
63.323,P1Y,0,,A,PU,_Z,2,,,False,WB_WDI,WB_WDI_SP_DYN_LE00_IN,MHL,_T,_T,_T,_Z,_Z,_Z,2000,A,YR,
61.044,P1Y,0,,A,PU,_Z,2,,,False,WB_WDI,WB_WDI_SP_DYN_LE00_IN,MRT,_T,_T,_T,_Z,_Z,_Z,2000,A,YR,
71.663415,P1Y,0,,A,PU,_Z,2,,,False,WB_WDI,WB_WDI_SP_DYN_LE00_IN,MUS,_T,_T,_T,_Z,_Z,_Z,2000,A,YR,
72.562,P1Y,0,,A,PU,_Z,2,,,False,WB_WDI,WB_WDI_SP_DYN_LE00_IN,MEX,_T,_T,_T,_Z,_Z,_Z,2000,A,YR,
64.317,P1Y,0,,A,PU,_Z,2,,,False,WB_WDI,WB_WDI_SP_DYN_LE00_IN,FSM,_T,_T,_T,_Z,_Z,_Z,2000,A,YR,
67.462,P1Y,0,,A,PU,_Z,2,,,False,WB_WDI,WB_WDI_SP_DYN_LE00_IN,MDA,_T,_T,_T,_Z,_Z,_Z,2000,A,YR,
82.121,P1Y,0,,A,PU,_Z,2,,,False,WB_WDI,WB_WDI_SP_DYN_LE00_IN,MCO,_T,_T,_T,_Z,_Z,_Z,2000,A,YR,
63.210488,P1Y,0,,A,PU,_Z,2,,,False,WB_WDI,WB_WDI_SP_DYN_LE00_IN,MNG,_T,_T,_T,_Z,_Z,_Z,2000,A,YR,
73.396805,P1Y,0,,A,PU,_Z,2,,,False,WB_WDI,WB_WDI_SP_DYN_LE00_IN,MNE,_T,_T,_T,_Z,_Z,_Z,2000,A,YR,
66.794,P1Y,0,,A,PU,_Z,2,,,False,WB_WDI,WB_WDI_SP_DYN_LE00_IN,MAR,_T,_T,_T,_Z,_Z,_Z,2000,A,YR,
78.095122,P1Y,0,,A,PU,_Z,2,,,False,WB_WDI,WB_WDI_SP_DYN_LE00_IN,DNK,_T,_T,_T,_Z,_Z,_Z,2006,A,YR,
58.962,P1Y,0,,A,PU,_Z,2,,,False,WB_WDI,WB_WDI_SP_DYN_LE00_IN,DJI,_T,_T,_T,_Z,_Z,_Z,2006,A,YR,
72.007,P1Y,0,,A,PU,_Z,2,,,False,WB_WDI,WB_WDI_SP_DYN_LE00_IN,DMA,_T,_T,_T,_Z,_Z,_Z,2006,A,YR,
71.054,P1Y,0,,A,PU,_Z,2,,,False,WB_WDI,WB_WDI_SP_DYN_LE00_IN,DOM,_T,_T,_T,_Z,_Z,_Z,2006,A,YR,
74.01,P1Y,0,,A,PU,_Z,2,,,False,WB_WDI,WB_WDI_SP_DYN_LE00_IN,ECU,_T,_T,_T,_Z,_Z,_Z,2006,A,YR,
68.493,P1Y,0,,A,PU,_Z,2,,,False,WB_WDI,WB_WDI_SP_DYN_LE00_IN,EGY,_T,_T,_T,_Z,_Z,_Z,2006,A,YR,
69.612,P1Y,0,,A,PU,_Z,2,,,False,WB_WDI,WB_WDI_SP_DYN_LE00_IN,SLV,_T,_T,_T,_Z,_Z,_Z,2006,A,YR,
56.354,P1Y,0,,A,PU,_Z,2,,,False,WB_WDI,WB_WDI_SP_DYN_LE00_IN,GNQ,_T,_T,_T,_Z,_Z,_Z,2006,A,YR,
61.457,P1Y,0,,A,PU,_Z,2,,,False,WB_WDI,WB_WDI_SP_DYN_LE00_IN,ERI,_T,_T,_T,_Z,_Z,_Z,2006,A,YR,
72.691463,P1Y,0,,A,PU,_Z,2,,,False,WB_WDI,WB_WDI_SP_DYN_LE00_IN,EST,_T,_T,_T,_Z,_Z,_Z,2006,A,YR,
44.563,P1Y,0,,A,PU,_Z,2,,,False,WB_WDI,WB_WDI_SP_DYN_LE00_IN,SWZ,_T,_T,_T,_Z,_Z,_Z,2006,A,YR,
55.402,P1Y,0,,A,PU,_Z,2,,,False,WB_WDI,WB_WDI_SP_DYN_LE00_IN,ETH,_T,_T,_T,_Z,_Z,_Z,2006,A,YR,
43.611,P1Y,0,,A,PU,_Z,2,,,False,WB_WDI,WB_WDI_SP_DYN_LE00_IN,LSO,_T,_T,_T,_Z,_Z,_Z,2005,A,YR,
56.765,P1Y,0,,A,PU,_Z,2,,,False,WB_WDI,WB_WDI_SP_DYN_LE00_IN,LBR,_T,_T,_T,_Z,_Z,_Z,2005,A,YR,
71.439,P1Y,0,,A,PU,_Z,2,,,False,WB_WDI,WB_WDI_SP_DYN_LE00_IN,LBY,_T,_T,_T,_Z,_Z,_Z,2005,A,YR,
80.668293,P1Y,0,,A,PU,_Z,2,,,False,WB_WDI,WB_WDI_SP_DYN_LE00_IN,LIE,_T,_T,_T,_Z,_Z,_Z,2005,A,YR,
71.253659,P1Y,0,,A,PU,_Z,2,,,False,WB_WDI,WB_WDI_SP_DYN_LE00_IN,LTU,_T,_T,_T,_Z,_Z,_Z,2005,A,YR,
79.431707,P1Y,0,,A,PU,_Z,2,,,False,WB_WDI,WB_WDI_SP_DYN_LE00_IN,LUX,_T,_T,_T,_Z,_Z,_Z,2005,A,YR,
81.341463,P1Y,0,,A,PU,_Z,2,,,False,WB_WDI,WB_WDI_SP_DYN_LE00_IN,MAC,_T,_T,_T,_Z,_Z,_Z,2005,A,YR,
60.664,P1Y,0,,A,PU,_Z,2,,,False,WB_WDI,WB_WDI_SP_DYN_LE00_IN,MDG,_T,_T,_T,_Z,_Z,_Z,2005,A,YR,
52.469,P1Y,0,,A,PU,_Z,2,,,False,WB_WDI,WB_WDI_SP_DYN_LE00_IN,MWI,_T,_T,_T,_Z,_Z,_Z,2005,A,YR,
74.37,P1Y,0,,A,PU,_Z,2,,,False,WB_WDI,WB_WDI_SP_DYN_LE00_IN,MYS,_T,_T,_T,_Z,_Z,_Z,2005,A,YR,
74.785,P1Y,0,,A,PU,_Z,2,,,False,WB_WDI,WB_WDI_SP_DYN_LE00_IN,MDV,_T,_T,_T,_Z,_Z,_Z,2005,A,YR,
53.792,P1Y,0,,A,PU,_Z,2,,,False,WB_WDI,WB_WDI_SP_DYN_LE00_IN,MLI,_T,_T,_T,_Z,_Z,_Z,2005,A,YR,
79.3,P1Y,0,,A,PU,_Z,2,,,False,WB_WDI,WB_WDI_SP_DYN_LE00_IN,MLT,_T,_T,_T,_Z,_Z,_Z,2005,A,YR,
75.99,P1Y,0,,A,PU,_Z,2,,,False,WB_WDI,WB_WDI_SP_DYN_LE00_IN,LKA,_T,_T,_T,_Z,_Z,_Z,2015,A,YR,
71.211,P1Y,0,,A,PU,_Z,2,,,False,WB_WDI,WB_WDI_SP_DYN_LE00_IN,KNA,_T,_T,_T,_Z,_Z,_Z,2015,A,YR,
72.932,P1Y,0,,A,PU,_Z,2,,,False,WB_WDI,WB_WDI_SP_DYN_LE00_IN,LCA,_T,_T,_T,_Z,_Z,_Z,2015,A,YR,
79.829,P1Y,0,,A,PU,_Z,2,,,False,WB_WDI,WB_WDI_SP_DYN_LE00_IN,MAF,_T,_T,_T,_Z,_Z,_Z,2015,A,YR,
70.463,P1Y,0,,A,PU,_Z,2,,,False,WB_WDI,WB_WDI_SP_DYN_LE00_IN,VCT,_T,_T,_T,_Z,_Z,_Z,2015,A,YR,
64.375,P1Y,0,,A,PU,_Z,2,,,False,WB_WDI,WB_WDI_SP_DYN_LE00_IN,SDN,_T,_T,_T,_Z,_Z,_Z,2015,A,YR,
70.567,P1Y,0,,A,PU,_Z,2,,,False,WB_WDI,WB_WDI_SP_DYN_LE00_IN,SUR,_T,_T,_T,_Z,_Z,_Z,2015,A,YR,
82.204878,P1Y,0,,A,PU,_Z,2,,,False,WB_WDI,WB_WDI_SP_DYN_LE00_IN,SWE,_T,_T,_T,_Z,_Z,_Z,2015,A,YR,
82.897561,P1Y,0,,A,PU,_Z,2,,,False,WB_WDI,WB_WDI_SP_DYN_LE00_IN,CHE,_T,_T,_T,_Z,_Z,_Z,2015,A,YR,
63.265,P1Y,0,,A,PU,_Z,2,,,False,WB_WDI,WB_WDI_SP_DYN_LE00_IN,SYR,_T,_T,_T,_Z,_Z,_Z,2015,A,YR,
69.665,P1Y,0,,A,PU,_Z,2,,,False,WB_WDI,WB_WDI_SP_DYN_LE00_IN,TJK,_T,_T,_T,_Z,_Z,_Z,2015,A,YR,
63.928,P1Y,0,,A,PU,_Z,2,,,False,WB_WDI,WB_WDI_SP_DYN_LE00_IN,TZA,_T,_T,_T,_Z,_Z,_Z,2015,A,YR,
51.3,P1Y,0,,A,PU,_Z,2,,,False,WB_WDI,WB_WDI_SP_DYN_LE00_IN,MLI,_T,_T,_T,_Z,_Z,_Z,2001,A,YR,
78.843902,P1Y,0,,A,PU,_Z,2,,,False,WB_WDI,WB_WDI_SP_DYN_LE00_IN,MLT,_T,_T,_T,_Z,_Z,_Z,2001,A,YR,
63.735,P1Y,0,,A,PU,_Z,2,,,False,WB_WDI,WB_WDI_SP_DYN_LE00_IN,MHL,_T,_T,_T,_Z,_Z,_Z,2001,A,YR,
61.662,P1Y,0,,A,PU,_Z,2,,,False,WB_WDI,WB_WDI_SP_DYN_LE00_IN,MRT,_T,_T,_T,_Z,_Z,_Z,2001,A,YR,
71.765854,P1Y,0,,A,PU,_Z,2,,,False,WB_WDI,WB_WDI_SP_DYN_LE00_IN,MUS,_T,_T,_T,_Z,_Z,_Z,2001,A,YR,
72.912,P1Y,0,,A,PU,_Z,2,,,False,WB_WDI,WB_WDI_SP_DYN_LE00_IN,MEX,_T,_T,_T,_Z,_Z,_Z,2001,A,YR,
64.801,P1Y,0,,A,PU,_Z,2,,,False,WB_WDI,WB_WDI_SP_DYN_LE00_IN,FSM,_T,_T,_T,_Z,_Z,_Z,2001,A,YR,
67.672,P1Y,0,,A,PU,_Z,2,,,False,WB_WDI,WB_WDI_SP_DYN_LE00_IN,MDA,_T,_T,_T,_Z,_Z,_Z,2001,A,YR,
82.485,P1Y,0,,A,PU,_Z,2,,,False,WB_WDI,WB_WDI_SP_DYN_LE00_IN,MCO,_T,_T,_T,_Z,_Z,_Z,2001,A,YR,
63.391707,P1Y,0,,A,PU,_Z,2,,,False,WB_WDI,WB_WDI_SP_DYN_LE00_IN,MNG,_T,_T,_T,_Z,_Z,_Z,2001,A,YR,
73.580195,P1Y,0,,A,PU,_Z,2,,,False,WB_WDI,WB_WDI_SP_DYN_LE00_IN,MNE,_T,_T,_T,_Z,_Z,_Z,2001,A,YR,
67.2,P1Y,0,,A,PU,_Z,2,,,False,WB_WDI,WB_WDI_SP_DYN_LE00_IN,MAR,_T,_T,_T,_Z,_Z,_Z,2001,A,YR,
50.259,P1Y,0,,A,PU,_Z,2,,,False,WB_WDI,WB_WDI_SP_DYN_LE00_IN,MOZ,_T,_T,_T,_Z,_Z,_Z,2001,A,YR,
60.64,P1Y,0,,A,PU,_Z,2,,,False,WB_WDI,WB_WDI_SP_DYN_LE00_IN,MMR,_T,_T,_T,_Z,_Z,_Z,2001,A,YR,
61.562,P1Y,0,,A,PU,_Z,2,,,False,WB_WDI,WB_WDI_SP_DYN_LE00_IN,CIV,_T,_T,_T,_Z,_Z,_Z,2022,A,YR,
77.57561,P1Y,0,,A,PU,_Z,2,,,False,WB_WDI,WB_WDI_SP_DYN_LE00_IN,HRV,_T,_T,_T,_Z,_Z,_Z,2022,A,YR,
77.629,P1Y,0,,A,PU,_Z,2,,,False,WB_WDI,WB_WDI_SP_DYN_LE00_IN,CUB,_T,_T,_T,_Z,_Z,_Z,2022,A,YR,
76.729,P1Y,0,,A,PU,_Z,2,,,False,WB_WDI,WB_WDI_SP_DYN_LE00_IN,CUW,_T,_T,_T,_Z,_Z,_Z,2022,A,YR,
80.434,P1Y,0,,A,PU,_Z,2,,,False,WB_WDI,WB_WDI_SP_DYN_LE00_IN,CYP,_T,_T,_T,_Z,_Z,_Z,2022,A,YR,
78.929268,P1Y,0,,A,PU,_Z,2,,,False,WB_WDI,WB_WDI_SP_DYN_LE00_IN,CZE,_T,_T,_T,_Z,_Z,_Z,2022,A,YR,
81.304878,P1Y,0,,A,PU,_Z,2,,,False,WB_WDI,WB_WDI_SP_DYN_LE00_IN,DNK,_T,_T,_T,_Z,_Z,_Z,2022,A,YR,
65.54,P1Y,0,,A,PU,_Z,2,,,False,WB_WDI,WB_WDI_SP_DYN_LE00_IN,DJI,_T,_T,_T,_Z,_Z,_Z,2022,A,YR,
71.081,P1Y,0,,A,PU,_Z,2,,,False,WB_WDI,WB_WDI_SP_DYN_LE00_IN,DMA,_T,_T,_T,_Z,_Z,_Z,2022,A,YR,
74.211,P1Y,0,,A,PU,_Z,2,,,False,WB_WDI,WB_WDI_SP_DYN_LE00_IN,DOM,_T,_T,_T,_Z,_Z,_Z,2022,A,YR,
76.577,P1Y,0,,A,PU,_Z,2,,,False,WB_WDI,WB_WDI_SP_DYN_LE00_IN,ECU,_T,_T,_T,_Z,_Z,_Z,2022,A,YR,
71.01,P1Y,0,,A,PU,_Z,2,,,False,WB_WDI,WB_WDI_SP_DYN_LE00_IN,EGY,_T,_T,_T,_Z,_Z,_Z,2022,A,YR,
74.743222,P1Y,0,,A,PU,_Z,2,,,False,WB_WDI,WB_WDI_SP_DYN_LE00_IN,LCN,_T,_T,_T,_Z,_Z,_Z,2015,A,YR,
74.473848,P1Y,0,,A,PU,_Z,2,,,False,WB_WDI,WB_WDI_SP_DYN_LE00_IN,LAC,_T,_T,_T,_Z,_Z,_Z,2015,A,YR,
74.65059,P1Y,0,,A,PU,_Z,2,,,False,WB_WDI,WB_WDI_SP_DYN_LE00_IN,TLA,_T,_T,_T,_Z,_Z,_Z,2015,A,YR,
63.307486,P1Y,0,,A,PU,_Z,2,,,False,WB_WDI,WB_WDI_SP_DYN_LE00_IN,LDC,_T,_T,_T,_Z,_Z,_Z,2015,A,YR,
70.266028,P1Y,0,,A,PU,_Z,2,,,False,WB_WDI,WB_WDI_SP_DYN_LE00_IN,LMY,_T,_T,_T,_Z,_Z,_Z,2015,A,YR,
61.477361,P1Y,0,,A,PU,_Z,2,,,False,WB_WDI,WB_WDI_SP_DYN_LE00_IN,LIC,_T,_T,_T,_Z,_Z,_Z,2015,A,YR,
66.971305,P1Y,0,,A,PU,_Z,2,,,False,WB_WDI,WB_WDI_SP_DYN_LE00_IN,LMC,_T,_T,_T,_Z,_Z,_Z,2015,A,YR,
70.151041,P1Y,0,,A,PU,_Z,2,,,False,WB_WDI,WB_WDI_SP_DYN_LE00_IN,MEA,_T,_T,_T,_Z,_Z,_Z,2015,A,YR,
69.287326,P1Y,0,,A,PU,_Z,2,,,False,WB_WDI,WB_WDI_SP_DYN_LE00_IN,MNA,_T,_T,_T,_Z,_Z,_Z,2015,A,YR,
69.251535,P1Y,0,,A,PU,_Z,2,,,False,WB_WDI,WB_WDI_SP_DYN_LE00_IN,TMN,_T,_T,_T,_Z,_Z,_Z,2015,A,YR,
71.201649,P1Y,0,,A,PU,_Z,2,,,False,WB_WDI,WB_WDI_SP_DYN_LE00_IN,MIC,_T,_T,_T,_Z,_Z,_Z,2015,A,YR,
79.003625,P1Y,0,,A,PU,_Z,2,,,False,WB_WDI,WB_WDI_SP_DYN_LE00_IN,NAC,_T,_T,_T,_Z,_Z,_Z,2015,A,YR,
56.152526,P1Y,0,,A,PU,_Z,2,,,False,WB_WDI,WB_WDI_SP_DYN_LE00_IN,LIC,_T,_T,_T,_Z,_Z,_Z,2004,A,YR,
62.758788,P1Y,0,,A,PU,_Z,2,,,False,WB_WDI,WB_WDI_SP_DYN_LE00_IN,LMC,_T,_T,_T,_Z,_Z,_Z,2004,A,YR,
67.531843,P1Y,0,,A,PU,_Z,2,,,False,WB_WDI,WB_WDI_SP_DYN_LE00_IN,MEA,_T,_T,_T,_Z,_Z,_Z,2004,A,YR,
66.887354,P1Y,0,,A,PU,_Z,2,,,False,WB_WDI,WB_WDI_SP_DYN_LE00_IN,MNA,_T,_T,_T,_Z,_Z,_Z,2004,A,YR,
66.860252,P1Y,0,,A,PU,_Z,2,,,False,WB_WDI,WB_WDI_SP_DYN_LE00_IN,TMN,_T,_T,_T,_Z,_Z,_Z,2004,A,YR,
67.705774,P1Y,0,,A,PU,_Z,2,,,False,WB_WDI,WB_WDI_SP_DYN_LE00_IN,MIC,_T,_T,_T,_Z,_Z,_Z,2004,A,YR,
77.734338,P1Y,0,,A,PU,_Z,2,,,False,WB_WDI,WB_WDI_SP_DYN_LE00_IN,NAC,_T,_T,_T,_Z,_Z,_Z,2004,A,YR,
77.826141,P1Y,0,,A,PU,_Z,2,,,False,WB_WDI,WB_WDI_SP_DYN_LE00_IN,OED,_T,_T,_T,_Z,_Z,_Z,2004,A,YR,
67.224969,P1Y,0,,A,PU,_Z,2,,,False,WB_WDI,WB_WDI_SP_DYN_LE00_IN,OSS,_T,_T,_T,_Z,_Z,_Z,2004,A,YR,
67.103817,P1Y,0,,A,PU,_Z,2,,,False,WB_WDI,WB_WDI_SP_DYN_LE00_IN,PSS,_T,_T,_T,_Z,_Z,_Z,2004,A,YR,
78.307069,P1Y,0,,A,PU,_Z,2,,,False,WB_WDI,WB_WDI_SP_DYN_LE00_IN,PST,_T,_T,_T,_Z,_Z,_Z,2004,A,YR,
53.798957,P1Y,0,,A,PU,_Z,2,,,False,WB_WDI,WB_WDI_SP_DYN_LE00_IN,PRE,_T,_T,_T,_Z,_Z,_Z,2004,A,YR,
67.734465,P1Y,0,,A,PU,_Z,2,,,False,WB_WDI,WB_WDI_SP_DYN_LE00_IN,SST,_T,_T,_T,_Z,_Z,_Z,2004,A,YR,
64.591161,P1Y,0,,A,PU,_Z,2,,,False,WB_WDI,WB_WDI_SP_DYN_LE00_IN,SAS,_T,_T,_T,_Z,_Z,_Z,2004,A,YR,
64.591161,P1Y,0,,A,PU,_Z,2,,,False,WB_WDI,WB_WDI_SP_DYN_LE00_IN,TSA,_T,_T,_T,_Z,_Z,_Z,2004,A,YR,
77.766,P1Y,0,,A,PU,_Z,2,,,True,WB_WDI,WB_WDI_SP_DYN_LE00_IN,ATG,_T,_T,_T,_Z,_Z,_Z,2024,A,YR,
77.543,P1Y,0,,A,PU,_Z,2,,,True,WB_WDI,WB_WDI_SP_DYN_LE00_IN,ARG,_T,_T,_T,_Z,_Z,_Z,2024,A,YR,
78.319512,P1Y,0,,A,PU,_Z,2,,,True,WB_WDI,WB_WDI_SP_DYN_LE00_IN,ARM,_T,_T,_T,_Z,_Z,_Z,2024,A,YR,
76.5,P1Y,0,,A,PU,_Z,2,,,True,WB_WDI,WB_WDI_SP_DYN_LE00_IN,ABW,_T,_T,_T,_Z,_Z,_Z,2024,A,YR,
83.05122,P1Y,0,,A,PU,_Z,2,,,True,WB_WDI,WB_WDI_SP_DYN_LE00_IN,AUS,_T,_T,_T,_Z,_Z,_Z,2024,A,YR,
81.995122,P1Y,0,,A,PU,_Z,2,,,True,WB_WDI,WB_WDI_SP_DYN_LE00_IN,AUT,_T,_T,_T,_Z,_Z,_Z,2024,A,YR,
74.576,P1Y,0,,A,PU,_Z,2,,,True,WB_WDI,WB_WDI_SP_DYN_LE00_IN,AZE,_T,_T,_T,_Z,_Z,_Z,2024,A,YR,
74.71,P1Y,0,,A,PU,_Z,2,,,True,WB_WDI,WB_WDI_SP_DYN_LE00_IN,BHS,_T,_T,_T,_Z,_Z,_Z,2024,A,YR,
81.423,P1Y,0,,A,PU,_Z,2,,,True,WB_WDI,WB_WDI_SP_DYN_LE00_IN,BHR,_T,_T,_T,_Z,_Z,_Z,2024,A,YR,
74.93,P1Y,0,,A,PU,_Z,2,,,True,WB_WDI,WB_WDI_SP_DYN_LE00_IN,BGD,_T,_T,_T,_Z,_Z,_Z,2024,A,YR,
76.332,P1Y,0,,A,PU,_Z,2,,,True,WB_WDI,WB_WDI_SP_DYN_LE00_IN,BRB,_T,_T,_T,_Z,_Z,_Z,2024,A,YR,
74.365341,P1Y,0,,A,PU,_Z,2,,,True,WB_WDI,WB_WDI_SP_DYN_LE00_IN,BLR,_T,_T,_T,_Z,_Z,_Z,2024,A,YR,
82.3,P1Y,0,,A,PU,_Z,2,,,True,WB_WDI,WB_WDI_SP_DYN_LE00_IN,BEL,_T,_T,_T,_Z,_Z,_Z,2024,A,YR,
73.739,P1Y,0,,A,PU,_Z,2,,,True,WB_WDI,WB_WDI_SP_DYN_LE00_IN,BLZ,_T,_T,_T,_Z,_Z,_Z,2024,A,YR,
60.961,P1Y,0,,A,PU,_Z,2,,,True,WB_WDI,WB_WDI_SP_DYN_LE00_IN,BEN,_T,_T,_T,_Z,_Z,_Z,2024,A,YR,
82.49,P1Y,0,,A,PU,_Z,2,,,True,WB_WDI,WB_WDI_SP_DYN_LE00_IN,BMU,_T,_T,_T,_Z,_Z,_Z,2024,A,YR,
73.262,P1Y,0,,A,PU,_Z,2,,,True,WB_WDI,WB_WDI_SP_DYN_LE00_IN,BTN,_T,_T,_T,_Z,_Z,_Z,2024,A,YR,
66.841097,P1Y,0,,A,PU,_Z,2,,,False,WB_WDI,WB_WDI_SP_DYN_LE00_IN,SAS,_T,_T,_T,_Z,_Z,_Z,2009,A,YR,
66.841097,P1Y,0,,A,PU,_Z,2,,,False,WB_WDI,WB_WDI_SP_DYN_LE00_IN,TSA,_T,_T,_T,_Z,_Z,_Z,2009,A,YR,
56.367784,P1Y,0,,A,PU,_Z,2,,,False,WB_WDI,WB_WDI_SP_DYN_LE00_IN,SSF,_T,_T,_T,_Z,_Z,_Z,2009,A,YR,
56.366107,P1Y,0,,A,PU,_Z,2,,,False,WB_WDI,WB_WDI_SP_DYN_LE00_IN,SSA,_T,_T,_T,_Z,_Z,_Z,2009,A,YR,
56.367784,P1Y,0,,A,PU,_Z,2,,,False,WB_WDI,WB_WDI_SP_DYN_LE00_IN,TSS,_T,_T,_T,_Z,_Z,_Z,2009,A,YR,
73.313297,P1Y,0,,A,PU,_Z,2,,,False,WB_WDI,WB_WDI_SP_DYN_LE00_IN,UMC,_T,_T,_T,_Z,_Z,_Z,2009,A,YR,
70.380349,P1Y,0,,A,PU,_Z,2,,,False,WB_WDI,WB_WDI_SP_DYN_LE00_IN,WLD,_T,_T,_T,_Z,_Z,_Z,2009,A,YR,
60.248,P1Y,0,,A,PU,_Z,2,,,False,WB_WDI,WB_WDI_SP_DYN_LE00_IN,AFG,_T,_T,_T,_Z,_Z,_Z,2009,A,YR,
78.509,P1Y,0,,A,PU,_Z,2,,,False,WB_WDI,WB_WDI_SP_DYN_LE00_IN,ALB,_T,_T,_T,_Z,_Z,_Z,2009,A,YR,
73.871,P1Y,0,,A,PU,_Z,2,,,False,WB_WDI,WB_WDI_SP_DYN_LE00_IN,DZA,_T,_T,_T,_Z,_Z,_Z,2009,A,YR,
70.839,P1Y,0,,A,PU,_Z,2,,,False,WB_WDI,WB_WDI_SP_DYN_LE00_IN,ASM,_T,_T,_T,_Z,_Z,_Z,2009,A,YR,
84.1,P1Y,0,,A,PU,_Z,2,,,False,WB_WDI,WB_WDI_SP_DYN_LE00_IN,AND,_T,_T,_T,_Z,_Z,_Z,2009,A,YR,
56.225,P1Y,0,,A,PU,_Z,2,,,False,WB_WDI,WB_WDI_SP_DYN_LE00_IN,AGO,_T,_T,_T,_Z,_Z,_Z,2009,A,YR,
76.386,P1Y,0,,A,PU,_Z,2,,,False,WB_WDI,WB_WDI_SP_DYN_LE00_IN,ATG,_T,_T,_T,_Z,_Z,_Z,2009,A,YR,
80.792683,P1Y,0,,A,PU,_Z,2,,,True,WB_WDI,WB_WDI_SP_DYN_LE00_IN,DEU,_T,_T,_T,_Z,_Z,_Z,2024,A,YR,
65.695,P1Y,0,,A,PU,_Z,2,,,True,WB_WDI,WB_WDI_SP_DYN_LE00_IN,GHA,_T,_T,_T,_Z,_Z,_Z,2024,A,YR,
83.63,P1Y,0,,A,PU,_Z,2,,,True,WB_WDI,WB_WDI_SP_DYN_LE00_IN,GIB,_T,_T,_T,_Z,_Z,_Z,2024,A,YR,
81.839024,P1Y,0,,A,PU,_Z,2,,,True,WB_WDI,WB_WDI_SP_DYN_LE00_IN,GRC,_T,_T,_T,_Z,_Z,_Z,2024,A,YR,
70.273415,P1Y,0,,A,PU,_Z,2,,,True,WB_WDI,WB_WDI_SP_DYN_LE00_IN,GRL,_T,_T,_T,_Z,_Z,_Z,2024,A,YR,
75.367,P1Y,0,,A,PU,_Z,2,,,True,WB_WDI,WB_WDI_SP_DYN_LE00_IN,GRD,_T,_T,_T,_Z,_Z,_Z,2024,A,YR,
77.422,P1Y,0,,A,PU,_Z,2,,,True,WB_WDI,WB_WDI_SP_DYN_LE00_IN,GUM,_T,_T,_T,_Z,_Z,_Z,2024,A,YR,
72.746,P1Y,0,,A,PU,_Z,2,,,True,WB_WDI,WB_WDI_SP_DYN_LE00_IN,GTM,_T,_T,_T,_Z,_Z,_Z,2024,A,YR,
60.904,P1Y,0,,A,PU,_Z,2,,,True,WB_WDI,WB_WDI_SP_DYN_LE00_IN,GIN,_T,_T,_T,_Z,_Z,_Z,2024,A,YR,
64.254,P1Y,0,,A,PU,_Z,2,,,True,WB_WDI,WB_WDI_SP_DYN_LE00_IN,GNB,_T,_T,_T,_Z,_Z,_Z,2024,A,YR,
70.319,P1Y,0,,A,PU,_Z,2,,,True,WB_WDI,WB_WDI_SP_DYN_LE00_IN,GUY,_T,_T,_T,_Z,_Z,_Z,2024,A,YR,
65.119,P1Y,0,,A,PU,_Z,2,,,True,WB_WDI,WB_WDI_SP_DYN_LE00_IN,HTI,_T,_T,_T,_Z,_Z,_Z,2024,A,YR,
73.044,P1Y,0,,A,PU,_Z,2,,,True,WB_WDI,WB_WDI_SP_DYN_LE00_IN,HND,_T,_T,_T,_Z,_Z,_Z,2024,A,YR,
85.392683,P1Y,0,,A,PU,_Z,2,,,True,WB_WDI,WB_WDI_SP_DYN_LE00_IN,HKG,_T,_T,_T,_Z,_Z,_Z,2024,A,YR,
76.72439,P1Y,0,,A,PU,_Z,2,,,True,WB_WDI,WB_WDI_SP_DYN_LE00_IN,HUN,_T,_T,_T,_Z,_Z,_Z,2024,A,YR,
82.809756,P1Y,0,,A,PU,_Z,2,,,True,WB_WDI,WB_WDI_SP_DYN_LE00_IN,ISL,_T,_T,_T,_Z,_Z,_Z,2024,A,YR,
72.235,P1Y,0,,A,PU,_Z,2,,,True,WB_WDI,WB_WDI_SP_DYN_LE00_IN,IND,_T,_T,_T,_Z,_Z,_Z,2024,A,YR,
81.902,P1Y,0,,A,PU,_Z,2,,,True,WB_WDI,WB_WDI_SP_DYN_LE00_IN,PRI,_T,_T,_T,_Z,_Z,_Z,2024,A,YR,
82.522,P1Y,0,,A,PU,_Z,2,,,True,WB_WDI,WB_WDI_SP_DYN_LE00_IN,QAT,_T,_T,_T,_Z,_Z,_Z,2024,A,YR,
76.458537,P1Y,0,,A,PU,_Z,2,,,True,WB_WDI,WB_WDI_SP_DYN_LE00_IN,ROU,_T,_T,_T,_Z,_Z,_Z,2024,A,YR,
73.440488,P1Y,0,,A,PU,_Z,2,,,True,WB_WDI,WB_WDI_SP_DYN_LE00_IN,RUS,_T,_T,_T,_Z,_Z,_Z,2024,A,YR,
68.017,P1Y,0,,A,PU,_Z,2,,,True,WB_WDI,WB_WDI_SP_DYN_LE00_IN,RWA,_T,_T,_T,_Z,_Z,_Z,2024,A,YR,
71.826,P1Y,0,,A,PU,_Z,2,,,True,WB_WDI,WB_WDI_SP_DYN_LE00_IN,WSM,_T,_T,_T,_Z,_Z,_Z,2024,A,YR,
85.817,P1Y,0,,A,PU,_Z,2,,,True,WB_WDI,WB_WDI_SP_DYN_LE00_IN,SMR,_T,_T,_T,_Z,_Z,_Z,2024,A,YR,
69.905,P1Y,0,,A,PU,_Z,2,,,True,WB_WDI,WB_WDI_SP_DYN_LE00_IN,STP,_T,_T,_T,_Z,_Z,_Z,2024,A,YR,
78.982,P1Y,0,,A,PU,_Z,2,,,True,WB_WDI,WB_WDI_SP_DYN_LE00_IN,SAU,_T,_T,_T,_Z,_Z,_Z,2024,A,YR,
68.924,P1Y,0,,A,PU,_Z,2,,,True,WB_WDI,WB_WDI_SP_DYN_LE00_IN,SEN,_T,_T,_T,_Z,_Z,_Z,2024,A,YR,
75.968293,P1Y,0,,A,PU,_Z,2,,,True,WB_WDI,WB_WDI_SP_DYN_LE00_IN,SRB,_T,_T,_T,_Z,_Z,_Z,2024,A,YR,
76.295122,P1Y,0,,A,PU,_Z,2,,,True,WB_WDI,WB_WDI_SP_DYN_LE00_IN,SYC,_T,_T,_T,_Z,_Z,_Z,2024,A,YR,
61.964,P1Y,0,,A,PU,_Z,2,,,True,WB_WDI,WB_WDI_SP_DYN_LE00_IN,SLE,_T,_T,_T,_Z,_Z,_Z,2024,A,YR,
83.346341,P1Y,0,,A,PU,_Z,2,,,True,WB_WDI,WB_WDI_SP_DYN_LE00_IN,SGP,_T,_T,_T,_Z,_Z,_Z,2024,A,YR,
76.528,P1Y,0,,A,PU,_Z,2,,,True,WB_WDI,WB_WDI_SP_DYN_LE00_IN,SXM,_T,_T,_T,_Z,_Z,_Z,2024,A,YR,
78.370732,P1Y,0,,A,PU,_Z,2,,,True,WB_WDI,WB_WDI_SP_DYN_LE00_IN,SVK,_T,_T,_T,_Z,_Z,_Z,2024,A,YR,
82.285366,P1Y,0,,A,PU,_Z,2,,,True,WB_WDI,WB_WDI_SP_DYN_LE00_IN,SVN,_T,_T,_T,_Z,_Z,_Z,2024,A,YR,
70.694,P1Y,0,,A,PU,_Z,2,,,True,WB_WDI,WB_WDI_SP_DYN_LE00_IN,SLB,_T,_T,_T,_Z,_Z,_Z,2024,A,YR,
71.770734,P1Y,0,,A,PU,_Z,2,,,False,WB_WDI,WB_WDI_SP_DYN_LE00_IN,OSS,_T,_T,_T,_Z,_Z,_Z,2016,A,YR,
68.285651,P1Y,0,,A,PU,_Z,2,,,False,WB_WDI,WB_WDI_SP_DYN_LE00_IN,PSS,_T,_T,_T,_Z,_Z,_Z,2016,A,YR,
80.611199,P1Y,0,,A,PU,_Z,2,,,False,WB_WDI,WB_WDI_SP_DYN_LE00_IN,PST,_T,_T,_T,_Z,_Z,_Z,2016,A,YR,
59.236103,P1Y,0,,A,PU,_Z,2,,,False,WB_WDI,WB_WDI_SP_DYN_LE00_IN,PRE,_T,_T,_T,_Z,_Z,_Z,2016,A,YR,
71.373551,P1Y,0,,A,PU,_Z,2,,,False,WB_WDI,WB_WDI_SP_DYN_LE00_IN,SST,_T,_T,_T,_Z,_Z,_Z,2016,A,YR,
69.918471,P1Y,0,,A,PU,_Z,2,,,False,WB_WDI,WB_WDI_SP_DYN_LE00_IN,SAS,_T,_T,_T,_Z,_Z,_Z,2016,A,YR,
69.918471,P1Y,0,,A,PU,_Z,2,,,False,WB_WDI,WB_WDI_SP_DYN_LE00_IN,TSA,_T,_T,_T,_Z,_Z,_Z,2016,A,YR,
59.812244,P1Y,0,,A,PU,_Z,2,,,False,WB_WDI,WB_WDI_SP_DYN_LE00_IN,SSF,_T,_T,_T,_Z,_Z,_Z,2016,A,YR,
59.81094,P1Y,0,,A,PU,_Z,2,,,False,WB_WDI,WB_WDI_SP_DYN_LE00_IN,SSA,_T,_T,_T,_Z,_Z,_Z,2016,A,YR,
59.812244,P1Y,0,,A,PU,_Z,2,,,False,WB_WDI,WB_WDI_SP_DYN_LE00_IN,TSS,_T,_T,_T,_Z,_Z,_Z,2016,A,YR,
75.090655,P1Y,0,,A,PU,_Z,2,,,False,WB_WDI,WB_WDI_SP_DYN_LE00_IN,UMC,_T,_T,_T,_Z,_Z,_Z,2016,A,YR,
72.185823,P1Y,0,,A,PU,_Z,2,,,False,WB_WDI,WB_WDI_SP_DYN_LE00_IN,WLD,_T,_T,_T,_Z,_Z,_Z,2016,A,YR,
62.646,P1Y,0,,A,PU,_Z,2,,,False,WB_WDI,WB_WDI_SP_DYN_LE00_IN,AFG,_T,_T,_T,_Z,_Z,_Z,2016,A,YR,
78.730451,P1Y,0,,A,PU,_Z,2,,,False,WB_WDI,WB_WDI_SP_DYN_LE00_IN,NAC,_T,_T,_T,_Z,_Z,_Z,2023,A,YR,
80.162973,P1Y,0,,A,PU,_Z,2,,,False,WB_WDI,WB_WDI_SP_DYN_LE00_IN,OED,_T,_T,_T,_Z,_Z,_Z,2023,A,YR,
73.584982,P1Y,0,,A,PU,_Z,2,,,False,WB_WDI,WB_WDI_SP_DYN_LE00_IN,OSS,_T,_T,_T,_Z,_Z,_Z,2023,A,YR,
69.274595,P1Y,0,,A,PU,_Z,2,,,False,WB_WDI,WB_WDI_SP_DYN_LE00_IN,PSS,_T,_T,_T,_Z,_Z,_Z,2023,A,YR,
80.834268,P1Y,0,,A,PU,_Z,2,,,False,WB_WDI,WB_WDI_SP_DYN_LE00_IN,PST,_T,_T,_T,_Z,_Z,_Z,2023,A,YR,
62.16306,P1Y,0,,A,PU,_Z,2,,,False,WB_WDI,WB_WDI_SP_DYN_LE00_IN,PRE,_T,_T,_T,_Z,_Z,_Z,2023,A,YR,
72.91304,P1Y,0,,A,PU,_Z,2,,,False,WB_WDI,WB_WDI_SP_DYN_LE00_IN,SST,_T,_T,_T,_Z,_Z,_Z,2023,A,YR,
72.324765,P1Y,0,,A,PU,_Z,2,,,False,WB_WDI,WB_WDI_SP_DYN_LE00_IN,SAS,_T,_T,_T,_Z,_Z,_Z,2023,A,YR,
72.324765,P1Y,0,,A,PU,_Z,2,,,False,WB_WDI,WB_WDI_SP_DYN_LE00_IN,TSA,_T,_T,_T,_Z,_Z,_Z,2023,A,YR,
62.602741,P1Y,0,,A,PU,_Z,2,,,False,WB_WDI,WB_WDI_SP_DYN_LE00_IN,SSF,_T,_T,_T,_Z,_Z,_Z,2023,A,YR,
62.601521,P1Y,0,,A,PU,_Z,2,,,False,WB_WDI,WB_WDI_SP_DYN_LE00_IN,SSA,_T,_T,_T,_Z,_Z,_Z,2023,A,YR,
62.602741,P1Y,0,,A,PU,_Z,2,,,False,WB_WDI,WB_WDI_SP_DYN_LE00_IN,TSS,_T,_T,_T,_Z,_Z,_Z,2023,A,YR,
75.917986,P1Y,0,,A,PU,_Z,2,,,False,WB_WDI,WB_WDI_SP_DYN_LE00_IN,UMC,_T,_T,_T,_Z,_Z,_Z,2023,A,YR,
73.330223,P1Y,0,,A,PU,_Z,2,,,False,WB_WDI,WB_WDI_SP_DYN_LE00_IN,WLD,_T,_T,_T,_Z,_Z,_Z,2023,A,YR,
66.035,P1Y,0,,A,PU,_Z,2,,,False,WB_WDI,WB_WDI_SP_DYN_LE00_IN,AFG,_T,_T,_T,_Z,_Z,_Z,2023,A,YR,
60.263,P1Y,0,,A,PU,_Z,2,,,False,WB_WDI,WB_WDI_SP_DYN_LE00_IN,ZWE,_T,_T,_T,_Z,_Z,_Z,2017,A,YR,
63.330691,P1Y,0,,A,PU,_Z,2,,,False,WB_WDI,WB_WDI_SP_DYN_LE00_IN,AFE,_T,_T,_T,_Z,_Z,_Z,2018,A,YR,
57.030771,P1Y,0,,A,PU,_Z,2,,,False,WB_WDI,WB_WDI_SP_DYN_LE00_IN,AFW,_T,_T,_T,_Z,_Z,_Z,2018,A,YR,
71.4313,P1Y,0,,A,PU,_Z,2,,,False,WB_WDI,WB_WDI_SP_DYN_LE00_IN,ARB,_T,_T,_T,_Z,_Z,_Z,2018,A,YR,
72.221085,P1Y,0,,A,PU,_Z,2,,,False,WB_WDI,WB_WDI_SP_DYN_LE00_IN,CSS,_T,_T,_T,_Z,_Z,_Z,2018,A,YR,
76.976438,P1Y,0,,A,PU,_Z,2,,,False,WB_WDI,WB_WDI_SP_DYN_LE00_IN,CEB,_T,_T,_T,_Z,_Z,_Z,2018,A,YR,
70.548666,P1Y,0,,A,PU,_Z,2,,,False,WB_WDI,WB_WDI_SP_DYN_LE00_IN,EAR,_T,_T,_T,_Z,_Z,_Z,2018,A,YR,
76.391423,P1Y,0,,A,PU,_Z,2,,,False,WB_WDI,WB_WDI_SP_DYN_LE00_IN,EAS,_T,_T,_T,_Z,_Z,_Z,2018,A,YR,
75.578286,P1Y,0,,A,PU,_Z,2,,,False,WB_WDI,WB_WDI_SP_DYN_LE00_IN,EAP,_T,_T,_T,_Z,_Z,_Z,2018,A,YR,
75.610124,P1Y,0,,A,PU,_Z,2,,,False,WB_WDI,WB_WDI_SP_DYN_LE00_IN,TEA,_T,_T,_T,_Z,_Z,_Z,2018,A,YR,
81.867637,P1Y,0,,A,PU,_Z,2,,,False,WB_WDI,WB_WDI_SP_DYN_LE00_IN,EMU,_T,_T,_T,_Z,_Z,_Z,2018,A,YR,
78.030263,P1Y,0,,A,PU,_Z,2,,,False,WB_WDI,WB_WDI_SP_DYN_LE00_IN,ECS,_T,_T,_T,_Z,_Z,_Z,2018,A,YR,
74.592799,P1Y,0,,A,PU,_Z,2,,,False,WB_WDI,WB_WDI_SP_DYN_LE00_IN,ECA,_T,_T,_T,_Z,_Z,_Z,2018,A,YR,
70.692,P1Y,0,,A,PU,_Z,2,,,False,WB_WDI,WB_WDI_SP_DYN_LE00_IN,UZB,_T,_T,_T,_Z,_Z,_Z,2013,A,YR,
69.986,P1Y,0,,A,PU,_Z,2,,,False,WB_WDI,WB_WDI_SP_DYN_LE00_IN,VUT,_T,_T,_T,_Z,_Z,_Z,2013,A,YR,
73.076,P1Y,0,,A,PU,_Z,2,,,False,WB_WDI,WB_WDI_SP_DYN_LE00_IN,VEN,_T,_T,_T,_Z,_Z,_Z,2013,A,YR,
73.821,P1Y,0,,A,PU,_Z,2,,,False,WB_WDI,WB_WDI_SP_DYN_LE00_IN,VNM,_T,_T,_T,_Z,_Z,_Z,2013,A,YR,
78.717073,P1Y,0,,A,PU,_Z,2,,,False,WB_WDI,WB_WDI_SP_DYN_LE00_IN,VIR,_T,_T,_T,_Z,_Z,_Z,2013,A,YR,
74.14,P1Y,0,,A,PU,_Z,2,,,False,WB_WDI,WB_WDI_SP_DYN_LE00_IN,PSE,_T,_T,_T,_Z,_Z,_Z,2013,A,YR,
67.961,P1Y,0,,A,PU,_Z,2,,,False,WB_WDI,WB_WDI_SP_DYN_LE00_IN,YEM,_T,_T,_T,_Z,_Z,_Z,2013,A,YR,
59.445,P1Y,0,,A,PU,_Z,2,,,False,WB_WDI,WB_WDI_SP_DYN_LE00_IN,ZMB,_T,_T,_T,_Z,_Z,_Z,2013,A,YR,
56.842,P1Y,0,,A,PU,_Z,2,,,False,WB_WDI,WB_WDI_SP_DYN_LE00_IN,ZWE,_T,_T,_T,_Z,_Z,_Z,2013,A,YR,
61.251436,P1Y,0,,A,PU,_Z,2,,,False,WB_WDI,WB_WDI_SP_DYN_LE00_IN,AFE,_T,_T,_T,_Z,_Z,_Z,2014,A,YR,
55.691577,P1Y,0,,A,PU,_Z,2,,,False,WB_WDI,WB_WDI_SP_DYN_LE00_IN,AFW,_T,_T,_T,_Z,_Z,_Z,2014,A,YR,
70.535067,P1Y,0,,A,PU,_Z,2,,,False,WB_WDI,WB_WDI_SP_DYN_LE00_IN,ARB,_T,_T,_T,_Z,_Z,_Z,2014,A,YR,
71.773941,P1Y,0,,A,PU,_Z,2,,,False,WB_WDI,WB_WDI_SP_DYN_LE00_IN,CSS,_T,_T,_T,_Z,_Z,_Z,2014,A,YR,
74.588,P1Y,0,,A,PU,_Z,2,,,False,WB_WDI,WB_WDI_SP_DYN_LE00_IN,VNM,_T,_T,_T,_Z,_Z,_Z,2023,A,YR,
80.519512,P1Y,0,,A,PU,_Z,2,,,False,WB_WDI,WB_WDI_SP_DYN_LE00_IN,VIR,_T,_T,_T,_Z,_Z,_Z,2023,A,YR,
65.17,P1Y,0,,A,PU,_Z,2,,,False,WB_WDI,WB_WDI_SP_DYN_LE00_IN,PSE,_T,_T,_T,_Z,_Z,_Z,2023,A,YR,
69.295,P1Y,0,,A,PU,_Z,2,,,False,WB_WDI,WB_WDI_SP_DYN_LE00_IN,YEM,_T,_T,_T,_Z,_Z,_Z,2023,A,YR,
66.349,P1Y,0,,A,PU,_Z,2,,,False,WB_WDI,WB_WDI_SP_DYN_LE00_IN,ZMB,_T,_T,_T,_Z,_Z,_Z,2023,A,YR,
62.775,P1Y,0,,A,PU,_Z,2,,,False,WB_WDI,WB_WDI_SP_DYN_LE00_IN,ZWE,_T,_T,_T,_Z,_Z,_Z,2023,A,YR,
65.34993,P1Y,0,,A,PU,_Z,2,,,True,WB_WDI,WB_WDI_SP_DYN_LE00_IN,AFE,_T,_T,_T,_Z,_Z,_Z,2024,A,YR,
59.041538,P1Y,0,,A,PU,_Z,2,,,True,WB_WDI,WB_WDI_SP_DYN_LE00_IN,AFW,_T,_T,_T,_Z,_Z,_Z,2024,A,YR,
72.721805,P1Y,0,,A,PU,_Z,2,,,True,WB_WDI,WB_WDI_SP_DYN_LE00_IN,ARB,_T,_T,_T,_Z,_Z,_Z,2024,A,YR,
73.312667,P1Y,0,,A,PU,_Z,2,,,True,WB_WDI,WB_WDI_SP_DYN_LE00_IN,CSS,_T,_T,_T,_Z,_Z,_Z,2024,A,YR,
77.918095,P1Y,0,,A,PU,_Z,2,,,True,WB_WDI,WB_WDI_SP_DYN_LE00_IN,CEB,_T,_T,_T,_Z,_Z,_Z,2024,A,YR,
72.008119,P1Y,0,,A,PU,_Z,2,,,True,WB_WDI,WB_WDI_SP_DYN_LE00_IN,EAR,_T,_T,_T,_Z,_Z,_Z,2024,A,YR,
76.737894,P1Y,0,,A,PU,_Z,2,,,True,WB_WDI,WB_WDI_SP_DYN_LE00_IN,EAS,_T,_T,_T,_Z,_Z,_Z,2024,A,YR,
75.959316,P1Y,0,,A,PU,_Z,2,,,True,WB_WDI,WB_WDI_SP_DYN_LE00_IN,EAP,_T,_T,_T,_Z,_Z,_Z,2024,A,YR,
75.986957,P1Y,0,,A,PU,_Z,2,,,True,WB_WDI,WB_WDI_SP_DYN_LE00_IN,TEA,_T,_T,_T,_Z,_Z,_Z,2024,A,YR,
82.24687,P1Y,0,,A,PU,_Z,2,,,True,WB_WDI,WB_WDI_SP_DYN_LE00_IN,EMU,_T,_T,_T,_Z,_Z,_Z,2024,A,YR,
78.597616,P1Y,0,,A,PU,_Z,2,,,True,WB_WDI,WB_WDI_SP_DYN_LE00_IN,ECS,_T,_T,_T,_Z,_Z,_Z,2024,A,YR,
75.142279,P1Y,0,,A,PU,_Z,2,,,True,WB_WDI,WB_WDI_SP_DYN_LE00_IN,ECA,_T,_T,_T,_Z,_Z,_Z,2024,A,YR,
74.965456,P1Y,0,,A,PU,_Z,2,,,True,WB_WDI,WB_WDI_SP_DYN_LE00_IN,TEC,_T,_T,_T,_Z,_Z,_Z,2024,A,YR,
73.315,P1Y,0,,A,PU,_Z,2,,,False,WB_WDI,WB_WDI_SP_DYN_LE00_IN,CPV,_T,_T,_T,_Z,_Z,_Z,2012,A,YR,
68.371,P1Y,0,,A,PU,_Z,2,,,False,WB_WDI,WB_WDI_SP_DYN_LE00_IN,KHM,_T,_T,_T,_Z,_Z,_Z,2012,A,YR,
58.17,P1Y,0,,A,PU,_Z,2,,,False,WB_WDI,WB_WDI_SP_DYN_LE00_IN,CMR,_T,_T,_T,_Z,_Z,_Z,2012,A,YR,
81.663659,P1Y,0,,A,PU,_Z,2,,,False,WB_WDI,WB_WDI_SP_DYN_LE00_IN,CAN,_T,_T,_T,_Z,_Z,_Z,2012,A,YR,
77.121,P1Y,0,,A,PU,_Z,2,,,False,WB_WDI,WB_WDI_SP_DYN_LE00_IN,CYM,_T,_T,_T,_Z,_Z,_Z,2012,A,YR,
51.336,P1Y,0,,A,PU,_Z,2,,,False,WB_WDI,WB_WDI_SP_DYN_LE00_IN,CAF,_T,_T,_T,_Z,_Z,_Z,2012,A,YR,
50.765,P1Y,0,,A,PU,_Z,2,,,False,WB_WDI,WB_WDI_SP_DYN_LE00_IN,TCD,_T,_T,_T,_Z,_Z,_Z,2012,A,YR,
81.3,P1Y,0,,A,PU,_Z,2,,,False,WB_WDI,WB_WDI_SP_DYN_LE00_IN,CHI,_T,_T,_T,_Z,_Z,_Z,2012,A,YR,
79.221,P1Y,0,,A,PU,_Z,2,,,False,WB_WDI,WB_WDI_SP_DYN_LE00_IN,CHL,_T,_T,_T,_Z,_Z,_Z,2012,A,YR,
76.2,P1Y,0,,A,PU,_Z,2,,,False,WB_WDI,WB_WDI_SP_DYN_LE00_IN,CHN,_T,_T,_T,_Z,_Z,_Z,2012,A,YR,
75.611,P1Y,0,,A,PU,_Z,2,,,False,WB_WDI,WB_WDI_SP_DYN_LE00_IN,COL,_T,_T,_T,_Z,_Z,_Z,2012,A,YR,
63.463,P1Y,0,,A,PU,_Z,2,,,False,WB_WDI,WB_WDI_SP_DYN_LE00_IN,COM,_T,_T,_T,_Z,_Z,_Z,2012,A,YR,
77.681278,P1Y,0,,A,PU,_Z,2,,,False,WB_WDI,WB_WDI_SP_DYN_LE00_IN,ECS,_T,_T,_T,_Z,_Z,_Z,2016,A,YR,
74.031377,P1Y,0,,A,PU,_Z,2,,,False,WB_WDI,WB_WDI_SP_DYN_LE00_IN,ECA,_T,_T,_T,_Z,_Z,_Z,2016,A,YR,
73.690211,P1Y,0,,A,PU,_Z,2,,,False,WB_WDI,WB_WDI_SP_DYN_LE00_IN,TEC,_T,_T,_T,_Z,_Z,_Z,2016,A,YR,
80.952979,P1Y,0,,A,PU,_Z,2,,,False,WB_WDI,WB_WDI_SP_DYN_LE00_IN,EUU,_T,_T,_T,_Z,_Z,_Z,2016,A,YR,
62.005914,P1Y,0,,A,PU,_Z,2,,,False,WB_WDI,WB_WDI_SP_DYN_LE00_IN,HPC,_T,_T,_T,_Z,_Z,_Z,2016,A,YR,
79.724311,P1Y,0,,A,PU,_Z,2,,,False,WB_WDI,WB_WDI_SP_DYN_LE00_IN,HIC,_T,_T,_T,_Z,_Z,_Z,2016,A,YR,
73.259231,P1Y,0,,A,PU,_Z,2,,,False,WB_WDI,WB_WDI_SP_DYN_LE00_IN,IBD,_T,_T,_T,_Z,_Z,_Z,2016,A,YR,
70.615179,P1Y,0,,A,PU,_Z,2,,,False,WB_WDI,WB_WDI_SP_DYN_LE00_IN,IBT,_T,_T,_T,_Z,_Z,_Z,2016,A,YR,
60.576166,P1Y,0,,A,PU,_Z,2,,,False,WB_WDI,WB_WDI_SP_DYN_LE00_IN,IDB,_T,_T,_T,_Z,_Z,_Z,2016,A,YR,
64.313075,P1Y,0,,A,PU,_Z,2,,,False,WB_WDI,WB_WDI_SP_DYN_LE00_IN,IDX,_T,_T,_T,_Z,_Z,_Z,2016,A,YR,
62.99332,P1Y,0,,A,PU,_Z,2,,,False,WB_WDI,WB_WDI_SP_DYN_LE00_IN,IDA,_T,_T,_T,_Z,_Z,_Z,2016,A,YR,
76.2929,P1Y,0,,A,PU,_Z,2,,,False,WB_WDI,WB_WDI_SP_DYN_LE00_IN,LTE,_T,_T,_T,_Z,_Z,_Z,2016,A,YR,
74.677485,P1Y,0,,A,PU,_Z,2,,,False,WB_WDI,WB_WDI_SP_DYN_LE00_IN,LCN,_T,_T,_T,_Z,_Z,_Z,2016,A,YR,
70.827073,P1Y,0,,A,PU,_Z,2,,,False,WB_WDI,WB_WDI_SP_DYN_LE00_IN,MNG,_T,_T,_T,_Z,_Z,_Z,2018,A,YR,
77.885366,P1Y,0,,A,PU,_Z,2,,,False,WB_WDI,WB_WDI_SP_DYN_LE00_IN,MNE,_T,_T,_T,_Z,_Z,_Z,2018,A,YR,
73.946,P1Y,0,,A,PU,_Z,2,,,False,WB_WDI,WB_WDI_SP_DYN_LE00_IN,MAR,_T,_T,_T,_Z,_Z,_Z,2018,A,YR,
60.79,P1Y,0,,A,PU,_Z,2,,,False,WB_WDI,WB_WDI_SP_DYN_LE00_IN,MOZ,_T,_T,_T,_Z,_Z,_Z,2018,A,YR,
66.232,P1Y,0,,A,PU,_Z,2,,,False,WB_WDI,WB_WDI_SP_DYN_LE00_IN,MMR,_T,_T,_T,_Z,_Z,_Z,2018,A,YR,
62.579,P1Y,0,,A,PU,_Z,2,,,False,WB_WDI,WB_WDI_SP_DYN_LE00_IN,NAM,_T,_T,_T,_Z,_Z,_Z,2018,A,YR,
61.238,P1Y,0,,A,PU,_Z,2,,,False,WB_WDI,WB_WDI_SP_DYN_LE00_IN,NRU,_T,_T,_T,_Z,_Z,_Z,2018,A,YR,
69.036,P1Y,0,,A,PU,_Z,2,,,False,WB_WDI,WB_WDI_SP_DYN_LE00_IN,NPL,_T,_T,_T,_Z,_Z,_Z,2018,A,YR,
81.812195,P1Y,0,,A,PU,_Z,2,,,False,WB_WDI,WB_WDI_SP_DYN_LE00_IN,NLD,_T,_T,_T,_Z,_Z,_Z,2018,A,YR,
77.557,P1Y,0,,A,PU,_Z,2,,,False,WB_WDI,WB_WDI_SP_DYN_LE00_IN,NCL,_T,_T,_T,_Z,_Z,_Z,2018,A,YR,
81.707317,P1Y,0,,A,PU,_Z,2,,,False,WB_WDI,WB_WDI_SP_DYN_LE00_IN,NZL,_T,_T,_T,_Z,_Z,_Z,2018,A,YR,
73.879,P1Y,0,,A,PU,_Z,2,,,False,WB_WDI,WB_WDI_SP_DYN_LE00_IN,NIC,_T,_T,_T,_Z,_Z,_Z,2018,A,YR,
67.123,P1Y,0,,A,PU,_Z,2,,,False,WB_WDI,WB_WDI_SP_DYN_LE00_IN,NPL,_T,_T,_T,_Z,_Z,_Z,2011,A,YR,
81.204878,P1Y,0,,A,PU,_Z,2,,,False,WB_WDI,WB_WDI_SP_DYN_LE00_IN,NLD,_T,_T,_T,_Z,_Z,_Z,2011,A,YR,
76.315,P1Y,0,,A,PU,_Z,2,,,False,WB_WDI,WB_WDI_SP_DYN_LE00_IN,NCL,_T,_T,_T,_Z,_Z,_Z,2011,A,YR,
81.156098,P1Y,0,,A,PU,_Z,2,,,False,WB_WDI,WB_WDI_SP_DYN_LE00_IN,NZL,_T,_T,_T,_Z,_Z,_Z,2011,A,YR,
72.033,P1Y,0,,A,PU,_Z,2,,,False,WB_WDI,WB_WDI_SP_DYN_LE00_IN,NIC,_T,_T,_T,_Z,_Z,_Z,2011,A,YR,
57.6,P1Y,0,,A,PU,_Z,2,,,False,WB_WDI,WB_WDI_SP_DYN_LE00_IN,NER,_T,_T,_T,_Z,_Z,_Z,2011,A,YR,
51.49,P1Y,0,,A,PU,_Z,2,,,False,WB_WDI,WB_WDI_SP_DYN_LE00_IN,NGA,_T,_T,_T,_Z,_Z,_Z,2011,A,YR,
75.1,P1Y,0,,A,PU,_Z,2,,,False,WB_WDI,WB_WDI_SP_DYN_LE00_IN,MKD,_T,_T,_T,_Z,_Z,_Z,2011,A,YR,
77.688,P1Y,0,,A,PU,_Z,2,,,False,WB_WDI,WB_WDI_SP_DYN_LE00_IN,MNP,_T,_T,_T,_Z,_Z,_Z,2011,A,YR,
81.295122,P1Y,0,,A,PU,_Z,2,,,False,WB_WDI,WB_WDI_SP_DYN_LE00_IN,NOR,_T,_T,_T,_Z,_Z,_Z,2011,A,YR,
77.74,P1Y,0,,A,PU,_Z,2,,,False,WB_WDI,WB_WDI_SP_DYN_LE00_IN,OMN,_T,_T,_T,_Z,_Z,_Z,2011,A,YR,
64.659,P1Y,0,,A,PU,_Z,2,,,False,WB_WDI,WB_WDI_SP_DYN_LE00_IN,PAK,_T,_T,_T,_Z,_Z,_Z,2011,A,YR,
68.267,P1Y,0,,A,PU,_Z,2,,,False,WB_WDI,WB_WDI_SP_DYN_LE00_IN,IDN,_T,_T,_T,_Z,_Z,_Z,2009,A,YR,
74.041,P1Y,0,,A,PU,_Z,2,,,False,WB_WDI,WB_WDI_SP_DYN_LE00_IN,IRN,_T,_T,_T,_Z,_Z,_Z,2009,A,YR,
67.834,P1Y,0,,A,PU,_Z,2,,,False,WB_WDI,WB_WDI_SP_DYN_LE00_IN,IRQ,_T,_T,_T,_Z,_Z,_Z,2009,A,YR,
80.190244,P1Y,0,,A,PU,_Z,2,,,False,WB_WDI,WB_WDI_SP_DYN_LE00_IN,IRL,_T,_T,_T,_Z,_Z,_Z,2009,A,YR,
79.303,P1Y,0,,A,PU,_Z,2,,,False,WB_WDI,WB_WDI_SP_DYN_LE00_IN,IMN,_T,_T,_T,_Z,_Z,_Z,2009,A,YR,
81.404878,P1Y,0,,A,PU,_Z,2,,,False,WB_WDI,WB_WDI_SP_DYN_LE00_IN,ISR,_T,_T,_T,_Z,_Z,_Z,2009,A,YR,
81.636585,P1Y,0,,A,PU,_Z,2,,,False,WB_WDI,WB_WDI_SP_DYN_LE00_IN,ITA,_T,_T,_T,_Z,_Z,_Z,2009,A,YR,
71.717,P1Y,0,,A,PU,_Z,2,,,False,WB_WDI,WB_WDI_SP_DYN_LE00_IN,JAM,_T,_T,_T,_Z,_Z,_Z,2009,A,YR,
82.931463,P1Y,0,,A,PU,_Z,2,,,False,WB_WDI,WB_WDI_SP_DYN_LE00_IN,JPN,_T,_T,_T,_Z,_Z,_Z,2009,A,YR,
73.707,P1Y,0,,A,PU,_Z,2,,,False,WB_WDI,WB_WDI_SP_DYN_LE00_IN,JOR,_T,_T,_T,_Z,_Z,_Z,2009,A,YR,
67.46,P1Y,0,,A,PU,_Z,2,,,False,WB_WDI,WB_WDI_SP_DYN_LE00_IN,KAZ,_T,_T,_T,_Z,_Z,_Z,2009,A,YR,
60.483,P1Y,0,,A,PU,_Z,2,,,False,WB_WDI,WB_WDI_SP_DYN_LE00_IN,KEN,_T,_T,_T,_Z,_Z,_Z,2009,A,YR,
79.467,P1Y,0,,A,PU,_Z,2,,,False,WB_WDI,WB_WDI_SP_DYN_LE00_IN,ALB,_T,_T,_T,_Z,_Z,_Z,2019,A,YR,
75.682,P1Y,0,,A,PU,_Z,2,,,False,WB_WDI,WB_WDI_SP_DYN_LE00_IN,DZA,_T,_T,_T,_Z,_Z,_Z,2019,A,YR,
72.751,P1Y,0,,A,PU,_Z,2,,,False,WB_WDI,WB_WDI_SP_DYN_LE00_IN,ASM,_T,_T,_T,_Z,_Z,_Z,2019,A,YR,
84.098,P1Y,0,,A,PU,_Z,2,,,False,WB_WDI,WB_WDI_SP_DYN_LE00_IN,AND,_T,_T,_T,_Z,_Z,_Z,2019,A,YR,
63.051,P1Y,0,,A,PU,_Z,2,,,False,WB_WDI,WB_WDI_SP_DYN_LE00_IN,AGO,_T,_T,_T,_Z,_Z,_Z,2019,A,YR,
77.168,P1Y,0,,A,PU,_Z,2,,,False,WB_WDI,WB_WDI_SP_DYN_LE00_IN,ATG,_T,_T,_T,_Z,_Z,_Z,2019,A,YR,
76.847,P1Y,0,,A,PU,_Z,2,,,False,WB_WDI,WB_WDI_SP_DYN_LE00_IN,ARG,_T,_T,_T,_Z,_Z,_Z,2019,A,YR,
76.221951,P1Y,0,,A,PU,_Z,2,,,False,WB_WDI,WB_WDI_SP_DYN_LE00_IN,ARM,_T,_T,_T,_Z,_Z,_Z,2019,A,YR,
76.019,P1Y,0,,A,PU,_Z,2,,,False,WB_WDI,WB_WDI_SP_DYN_LE00_IN,ABW,_T,_T,_T,_Z,_Z,_Z,2019,A,YR,
82.9,P1Y,0,,A,PU,_Z,2,,,False,WB_WDI,WB_WDI_SP_DYN_LE00_IN,AUS,_T,_T,_T,_Z,_Z,_Z,2019,A,YR,
81.895122,P1Y,0,,A,PU,_Z,2,,,False,WB_WDI,WB_WDI_SP_DYN_LE00_IN,AUT,_T,_T,_T,_Z,_Z,_Z,2019,A,YR,
73.29,P1Y,0,,A,PU,_Z,2,,,False,WB_WDI,WB_WDI_SP_DYN_LE00_IN,AZE,_T,_T,_T,_Z,_Z,_Z,2019,A,YR,
66.583,P1Y,0,,A,PU,_Z,2,,,False,WB_WDI,WB_WDI_SP_DYN_LE00_IN,GAB,_T,_T,_T,_Z,_Z,_Z,2016,A,YR,
63.386,P1Y,0,,A,PU,_Z,2,,,False,WB_WDI,WB_WDI_SP_DYN_LE00_IN,GMB,_T,_T,_T,_Z,_Z,_Z,2016,A,YR,
73.136,P1Y,0,,A,PU,_Z,2,,,False,WB_WDI,WB_WDI_SP_DYN_LE00_IN,GEO,_T,_T,_T,_Z,_Z,_Z,2016,A,YR,
80.990244,P1Y,0,,A,PU,_Z,2,,,False,WB_WDI,WB_WDI_SP_DYN_LE00_IN,DEU,_T,_T,_T,_Z,_Z,_Z,2016,A,YR,
63.522,P1Y,0,,A,PU,_Z,2,,,False,WB_WDI,WB_WDI_SP_DYN_LE00_IN,GHA,_T,_T,_T,_Z,_Z,_Z,2016,A,YR,
82.741,P1Y,0,,A,PU,_Z,2,,,False,WB_WDI,WB_WDI_SP_DYN_LE00_IN,GIB,_T,_T,_T,_Z,_Z,_Z,2016,A,YR,
81.387805,P1Y,0,,A,PU,_Z,2,,,False,WB_WDI,WB_WDI_SP_DYN_LE00_IN,GRC,_T,_T,_T,_Z,_Z,_Z,2016,A,YR,
71.199024,P1Y,0,,A,PU,_Z,2,,,False,WB_WDI,WB_WDI_SP_DYN_LE00_IN,GRL,_T,_T,_T,_Z,_Z,_Z,2016,A,YR,
75.01,P1Y,0,,A,PU,_Z,2,,,False,WB_WDI,WB_WDI_SP_DYN_LE00_IN,GRD,_T,_T,_T,_Z,_Z,_Z,2016,A,YR,
76.449,P1Y,0,,A,PU,_Z,2,,,False,WB_WDI,WB_WDI_SP_DYN_LE00_IN,GUM,_T,_T,_T,_Z,_Z,_Z,2016,A,YR,
71.215,P1Y,0,,A,PU,_Z,2,,,False,WB_WDI,WB_WDI_SP_DYN_LE00_IN,GTM,_T,_T,_T,_Z,_Z,_Z,2016,A,YR,
58.49,P1Y,0,,A,PU,_Z,2,,,False,WB_WDI,WB_WDI_SP_DYN_LE00_IN,GIN,_T,_T,_T,_Z,_Z,_Z,2016,A,YR,
60.619,P1Y,0,,A,PU,_Z,2,,,False,WB_WDI,WB_WDI_SP_DYN_LE00_IN,GNB,_T,_T,_T,_Z,_Z,_Z,2016,A,YR,
56.965,P1Y,0,,A,PU,_Z,2,,,False,WB_WDI,WB_WDI_SP_DYN_LE00_IN,CMR,_T,_T,_T,_Z,_Z,_Z,2010,A,YR,
81.322195,P1Y,0,,A,PU,_Z,2,,,False,WB_WDI,WB_WDI_SP_DYN_LE00_IN,CAN,_T,_T,_T,_Z,_Z,_Z,2010,A,YR,
76.069,P1Y,0,,A,PU,_Z,2,,,False,WB_WDI,WB_WDI_SP_DYN_LE00_IN,CYM,_T,_T,_T,_Z,_Z,_Z,2010,A,YR,
46.871,P1Y,0,,A,PU,_Z,2,,,False,WB_WDI,WB_WDI_SP_DYN_LE00_IN,CAF,_T,_T,_T,_Z,_Z,_Z,2010,A,YR,
50.107,P1Y,0,,A,PU,_Z,2,,,False,WB_WDI,WB_WDI_SP_DYN_LE00_IN,TCD,_T,_T,_T,_Z,_Z,_Z,2010,A,YR,
81.2,P1Y,0,,A,PU,_Z,2,,,False,WB_WDI,WB_WDI_SP_DYN_LE00_IN,CHI,_T,_T,_T,_Z,_Z,_Z,2010,A,YR,
79.095,P1Y,0,,A,PU,_Z,2,,,False,WB_WDI,WB_WDI_SP_DYN_LE00_IN,CHL,_T,_T,_T,_Z,_Z,_Z,2010,A,YR,
75.668,P1Y,0,,A,PU,_Z,2,,,False,WB_WDI,WB_WDI_SP_DYN_LE00_IN,CHN,_T,_T,_T,_Z,_Z,_Z,2010,A,YR,
74.876,P1Y,0,,A,PU,_Z,2,,,False,WB_WDI,WB_WDI_SP_DYN_LE00_IN,COL,_T,_T,_T,_Z,_Z,_Z,2010,A,YR,
62.747,P1Y,0,,A,PU,_Z,2,,,False,WB_WDI,WB_WDI_SP_DYN_LE00_IN,COM,_T,_T,_T,_Z,_Z,_Z,2010,A,YR,
56.411,P1Y,0,,A,PU,_Z,2,,,False,WB_WDI,WB_WDI_SP_DYN_LE00_IN,COD,_T,_T,_T,_Z,_Z,_Z,2010,A,YR,
61.731,P1Y,0,,A,PU,_Z,2,,,False,WB_WDI,WB_WDI_SP_DYN_LE00_IN,COG,_T,_T,_T,_Z,_Z,_Z,2010,A,YR,
82.644,P1Y,0,,A,PU,_Z,2,,,False,WB_WDI,WB_WDI_SP_DYN_LE00_IN,GIB,_T,_T,_T,_Z,_Z,_Z,2014,A,YR,
81.385366,P1Y,0,,A,PU,_Z,2,,,False,WB_WDI,WB_WDI_SP_DYN_LE00_IN,GRC,_T,_T,_T,_Z,_Z,_Z,2014,A,YR,
70.508293,P1Y,0,,A,PU,_Z,2,,,False,WB_WDI,WB_WDI_SP_DYN_LE00_IN,GRL,_T,_T,_T,_Z,_Z,_Z,2014,A,YR,
75.045,P1Y,0,,A,PU,_Z,2,,,False,WB_WDI,WB_WDI_SP_DYN_LE00_IN,GRD,_T,_T,_T,_Z,_Z,_Z,2014,A,YR,
76.423,P1Y,0,,A,PU,_Z,2,,,False,WB_WDI,WB_WDI_SP_DYN_LE00_IN,GUM,_T,_T,_T,_Z,_Z,_Z,2014,A,YR,
70.942,P1Y,0,,A,PU,_Z,2,,,False,WB_WDI,WB_WDI_SP_DYN_LE00_IN,GTM,_T,_T,_T,_Z,_Z,_Z,2014,A,YR,
57.581,P1Y,0,,A,PU,_Z,2,,,False,WB_WDI,WB_WDI_SP_DYN_LE00_IN,GIN,_T,_T,_T,_Z,_Z,_Z,2014,A,YR,
59.476,P1Y,0,,A,PU,_Z,2,,,False,WB_WDI,WB_WDI_SP_DYN_LE00_IN,GNB,_T,_T,_T,_Z,_Z,_Z,2014,A,YR,
67.334,P1Y,0,,A,PU,_Z,2,,,False,WB_WDI,WB_WDI_SP_DYN_LE00_IN,GUY,_T,_T,_T,_Z,_Z,_Z,2014,A,YR,
62.969,P1Y,0,,A,PU,_Z,2,,,False,WB_WDI,WB_WDI_SP_DYN_LE00_IN,HTI,_T,_T,_T,_Z,_Z,_Z,2014,A,YR,
71.032,P1Y,0,,A,PU,_Z,2,,,False,WB_WDI,WB_WDI_SP_DYN_LE00_IN,HND,_T,_T,_T,_Z,_Z,_Z,2014,A,YR,
83.93561,P1Y,0,,A,PU,_Z,2,,,False,WB_WDI,WB_WDI_SP_DYN_LE00_IN,HKG,_T,_T,_T,_Z,_Z,_Z,2014,A,YR,
75.763415,P1Y,0,,A,PU,_Z,2,,,False,WB_WDI,WB_WDI_SP_DYN_LE00_IN,HUN,_T,_T,_T,_Z,_Z,_Z,2014,A,YR,
75.063415,P1Y,0,,A,PU,_Z,2,,,False,WB_WDI,WB_WDI_SP_DYN_LE00_IN,ROU,_T,_T,_T,_Z,_Z,_Z,2013,A,YR,
70.57878,P1Y,0,,A,PU,_Z,2,,,False,WB_WDI,WB_WDI_SP_DYN_LE00_IN,RUS,_T,_T,_T,_Z,_Z,_Z,2013,A,YR,
64.651,P1Y,0,,A,PU,_Z,2,,,False,WB_WDI,WB_WDI_SP_DYN_LE00_IN,RWA,_T,_T,_T,_Z,_Z,_Z,2013,A,YR,
71.229,P1Y,0,,A,PU,_Z,2,,,False,WB_WDI,WB_WDI_SP_DYN_LE00_IN,WSM,_T,_T,_T,_Z,_Z,_Z,2013,A,YR,
84.175,P1Y,0,,A,PU,_Z,2,,,False,WB_WDI,WB_WDI_SP_DYN_LE00_IN,SMR,_T,_T,_T,_Z,_Z,_Z,2013,A,YR,
64.93,P1Y,0,,A,PU,_Z,2,,,False,WB_WDI,WB_WDI_SP_DYN_LE00_IN,STP,_T,_T,_T,_Z,_Z,_Z,2013,A,YR,
76.517,P1Y,0,,A,PU,_Z,2,,,False,WB_WDI,WB_WDI_SP_DYN_LE00_IN,SAU,_T,_T,_T,_Z,_Z,_Z,2013,A,YR,
65.638,P1Y,0,,A,PU,_Z,2,,,False,WB_WDI,WB_WDI_SP_DYN_LE00_IN,SEN,_T,_T,_T,_Z,_Z,_Z,2013,A,YR,
75.185366,P1Y,0,,A,PU,_Z,2,,,False,WB_WDI,WB_WDI_SP_DYN_LE00_IN,SRB,_T,_T,_T,_Z,_Z,_Z,2013,A,YR,
73.119512,P1Y,0,,A,PU,_Z,2,,,False,WB_WDI,WB_WDI_SP_DYN_LE00_IN,SYC,_T,_T,_T,_Z,_Z,_Z,2013,A,YR,
54.051,P1Y,0,,A,PU,_Z,2,,,False,WB_WDI,WB_WDI_SP_DYN_LE00_IN,SLE,_T,_T,_T,_Z,_Z,_Z,2013,A,YR,
82.246341,P1Y,0,,A,PU,_Z,2,,,False,WB_WDI,WB_WDI_SP_DYN_LE00_IN,SGP,_T,_T,_T,_Z,_Z,_Z,2013,A,YR,
65.908,P1Y,0,,A,PU,_Z,2,,,False,WB_WDI,WB_WDI_SP_DYN_LE00_IN,KIR,_T,_T,_T,_Z,_Z,_Z,2012,A,YR,
71.317,P1Y,0,,A,PU,_Z,2,,,False,WB_WDI,WB_WDI_SP_DYN_LE00_IN,PRK,_T,_T,_T,_Z,_Z,_Z,2012,A,YR,
80.819512,P1Y,0,,A,PU,_Z,2,,,False,WB_WDI,WB_WDI_SP_DYN_LE00_IN,KOR,_T,_T,_T,_Z,_Z,_Z,2012,A,YR,
75.75,P1Y,0,,A,PU,_Z,2,,,False,WB_WDI,WB_WDI_SP_DYN_LE00_IN,XKX,_T,_T,_T,_Z,_Z,_Z,2012,A,YR,
78.395024,P1Y,0,,A,PU,_Z,2,,,False,WB_WDI,WB_WDI_SP_DYN_LE00_IN,KWT,_T,_T,_T,_Z,_Z,_Z,2012,A,YR,
70.002439,P1Y,0,,A,PU,_Z,2,,,False,WB_WDI,WB_WDI_SP_DYN_LE00_IN,KGZ,_T,_T,_T,_Z,_Z,_Z,2012,A,YR,
65.126,P1Y,0,,A,PU,_Z,2,,,False,WB_WDI,WB_WDI_SP_DYN_LE00_IN,LAO,_T,_T,_T,_Z,_Z,_Z,2012,A,YR,
73.778049,P1Y,0,,A,PU,_Z,2,,,False,WB_WDI,WB_WDI_SP_DYN_LE00_IN,LVA,_T,_T,_T,_Z,_Z,_Z,2012,A,YR,
77.941,P1Y,0,,A,PU,_Z,2,,,False,WB_WDI,WB_WDI_SP_DYN_LE00_IN,LBN,_T,_T,_T,_Z,_Z,_Z,2012,A,YR,
48.235,P1Y,0,,A,PU,_Z,2,,,False,WB_WDI,WB_WDI_SP_DYN_LE00_IN,LSO,_T,_T,_T,_Z,_Z,_Z,2012,A,YR,
59.785,P1Y,0,,A,PU,_Z,2,,,False,WB_WDI,WB_WDI_SP_DYN_LE00_IN,LBR,_T,_T,_T,_Z,_Z,_Z,2012,A,YR,
72.188,P1Y,0,,A,PU,_Z,2,,,False,WB_WDI,WB_WDI_SP_DYN_LE00_IN,LBY,_T,_T,_T,_Z,_Z,_Z,2012,A,YR,
57.926862,P1Y,0,,A,PU,_Z,2,,,False,WB_WDI,WB_WDI_SP_DYN_LE00_IN,IDX,_T,_T,_T,_Z,_Z,_Z,2002,A,YR,
57.348994,P1Y,0,,A,PU,_Z,2,,,False,WB_WDI,WB_WDI_SP_DYN_LE00_IN,IDA,_T,_T,_T,_Z,_Z,_Z,2002,A,YR,
71.927572,P1Y,0,,A,PU,_Z,2,,,False,WB_WDI,WB_WDI_SP_DYN_LE00_IN,LTE,_T,_T,_T,_Z,_Z,_Z,2002,A,YR,
71.5629,P1Y,0,,A,PU,_Z,2,,,False,WB_WDI,WB_WDI_SP_DYN_LE00_IN,LCN,_T,_T,_T,_Z,_Z,_Z,2002,A,YR,
71.244748,P1Y,0,,A,PU,_Z,2,,,False,WB_WDI,WB_WDI_SP_DYN_LE00_IN,LAC,_T,_T,_T,_Z,_Z,_Z,2002,A,YR,
71.408107,P1Y,0,,A,PU,_Z,2,,,False,WB_WDI,WB_WDI_SP_DYN_LE00_IN,TLA,_T,_T,_T,_Z,_Z,_Z,2002,A,YR,
56.535029,P1Y,0,,A,PU,_Z,2,,,False,WB_WDI,WB_WDI_SP_DYN_LE00_IN,LDC,_T,_T,_T,_Z,_Z,_Z,2002,A,YR,
66.17302,P1Y,0,,A,PU,_Z,2,,,False,WB_WDI,WB_WDI_SP_DYN_LE00_IN,LMY,_T,_T,_T,_Z,_Z,_Z,2002,A,YR,
54.588373,P1Y,0,,A,PU,_Z,2,,,False,WB_WDI,WB_WDI_SP_DYN_LE00_IN,LIC,_T,_T,_T,_Z,_Z,_Z,2002,A,YR,
61.926798,P1Y,0,,A,PU,_Z,2,,,False,WB_WDI,WB_WDI_SP_DYN_LE00_IN,LMC,_T,_T,_T,_Z,_Z,_Z,2002,A,YR,
66.964148,P1Y,0,,A,PU,_Z,2,,,False,WB_WDI,WB_WDI_SP_DYN_LE00_IN,MEA,_T,_T,_T,_Z,_Z,_Z,2002,A,YR,
66.352932,P1Y,0,,A,PU,_Z,2,,,False,WB_WDI,WB_WDI_SP_DYN_LE00_IN,MNA,_T,_T,_T,_Z,_Z,_Z,2002,A,YR,
66.323955,P1Y,0,,A,PU,_Z,2,,,False,WB_WDI,WB_WDI_SP_DYN_LE00_IN,TMN,_T,_T,_T,_Z,_Z,_Z,2002,A,YR,
67.187335,P1Y,0,,A,PU,_Z,2,,,False,WB_WDI,WB_WDI_SP_DYN_LE00_IN,MIC,_T,_T,_T,_Z,_Z,_Z,2002,A,YR,
77.772,P1Y,0,,A,PU,_Z,2,,,False,WB_WDI,WB_WDI_SP_DYN_LE00_IN,PAN,_T,_T,_T,_Z,_Z,_Z,2016,A,YR,
64.7,P1Y,0,,A,PU,_Z,2,,,False,WB_WDI,WB_WDI_SP_DYN_LE00_IN,PNG,_T,_T,_T,_Z,_Z,_Z,2016,A,YR,
73.487,P1Y,0,,A,PU,_Z,2,,,False,WB_WDI,WB_WDI_SP_DYN_LE00_IN,PRY,_T,_T,_T,_Z,_Z,_Z,2016,A,YR,
75.951,P1Y,0,,A,PU,_Z,2,,,False,WB_WDI,WB_WDI_SP_DYN_LE00_IN,PER,_T,_T,_T,_Z,_Z,_Z,2016,A,YR,
69.49,P1Y,0,,A,PU,_Z,2,,,False,WB_WDI,WB_WDI_SP_DYN_LE00_IN,PHL,_T,_T,_T,_Z,_Z,_Z,2016,A,YR,
77.85122,P1Y,0,,A,PU,_Z,2,,,False,WB_WDI,WB_WDI_SP_DYN_LE00_IN,POL,_T,_T,_T,_Z,_Z,_Z,2016,A,YR,
81.12439,P1Y,0,,A,PU,_Z,2,,,False,WB_WDI,WB_WDI_SP_DYN_LE00_IN,PRT,_T,_T,_T,_Z,_Z,_Z,2016,A,YR,
80.355,P1Y,0,,A,PU,_Z,2,,,False,WB_WDI,WB_WDI_SP_DYN_LE00_IN,PRI,_T,_T,_T,_Z,_Z,_Z,2016,A,YR,
82.147,P1Y,0,,A,PU,_Z,2,,,False,WB_WDI,WB_WDI_SP_DYN_LE00_IN,QAT,_T,_T,_T,_Z,_Z,_Z,2016,A,YR,
75.209756,P1Y,0,,A,PU,_Z,2,,,False,WB_WDI,WB_WDI_SP_DYN_LE00_IN,ROU,_T,_T,_T,_Z,_Z,_Z,2016,A,YR,
57.240106,P1Y,0,,A,PU,_Z,2,,,False,WB_WDI,WB_WDI_SP_DYN_LE00_IN,AFE,_T,_T,_T,_Z,_Z,_Z,2008,A,YR,
53.91303,P1Y,0,,A,PU,_Z,2,,,False,WB_WDI,WB_WDI_SP_DYN_LE00_IN,AFW,_T,_T,_T,_Z,_Z,_Z,2008,A,YR,
69.258133,P1Y,0,,A,PU,_Z,2,,,False,WB_WDI,WB_WDI_SP_DYN_LE00_IN,ARB,_T,_T,_T,_Z,_Z,_Z,2008,A,YR,
70.549997,P1Y,0,,A,PU,_Z,2,,,False,WB_WDI,WB_WDI_SP_DYN_LE00_IN,CSS,_T,_T,_T,_Z,_Z,_Z,2008,A,YR,
74.575953,P1Y,0,,A,PU,_Z,2,,,False,WB_WDI,WB_WDI_SP_DYN_LE00_IN,CEB,_T,_T,_T,_Z,_Z,_Z,2008,A,YR,
67.021819,P1Y,0,,A,PU,_Z,2,,,False,WB_WDI,WB_WDI_SP_DYN_LE00_IN,EAR,_T,_T,_T,_Z,_Z,_Z,2008,A,YR,
73.848163,P1Y,0,,A,PU,_Z,2,,,False,WB_WDI,WB_WDI_SP_DYN_LE00_IN,EAS,_T,_T,_T,_Z,_Z,_Z,2008,A,YR,
72.924138,P1Y,0,,A,PU,_Z,2,,,False,WB_WDI,WB_WDI_SP_DYN_LE00_IN,EAP,_T,_T,_T,_Z,_Z,_Z,2008,A,YR,
72.970732,P1Y,0,,A,PU,_Z,2,,,False,WB_WDI,WB_WDI_SP_DYN_LE00_IN,TEA,_T,_T,_T,_Z,_Z,_Z,2008,A,YR,
80.093489,P1Y,0,,A,PU,_Z,2,,,False,WB_WDI,WB_WDI_SP_DYN_LE00_IN,EMU,_T,_T,_T,_Z,_Z,_Z,2008,A,YR,
75.302314,P1Y,0,,A,PU,_Z,2,,,False,WB_WDI,WB_WDI_SP_DYN_LE00_IN,ECS,_T,_T,_T,_Z,_Z,_Z,2008,A,YR,
70.974318,P1Y,0,,A,PU,_Z,2,,,False,WB_WDI,WB_WDI_SP_DYN_LE00_IN,ECA,_T,_T,_T,_Z,_Z,_Z,2008,A,YR,
70.545164,P1Y,0,,A,PU,_Z,2,,,False,WB_WDI,WB_WDI_SP_DYN_LE00_IN,TEC,_T,_T,_T,_Z,_Z,_Z,2008,A,YR,
79.129628,P1Y,0,,A,PU,_Z,2,,,False,WB_WDI,WB_WDI_SP_DYN_LE00_IN,EUU,_T,_T,_T,_Z,_Z,_Z,2008,A,YR,
57.856543,P1Y,0,,A,PU,_Z,2,,,False,WB_WDI,WB_WDI_SP_DYN_LE00_IN,HPC,_T,_T,_T,_Z,_Z,_Z,2008,A,YR,
78.05284,P1Y,0,,A,PU,_Z,2,,,False,WB_WDI,WB_WDI_SP_DYN_LE00_IN,HIC,_T,_T,_T,_Z,_Z,_Z,2008,A,YR,
70.762446,P1Y,0,,A,PU,_Z,2,,,False,WB_WDI,WB_WDI_SP_DYN_LE00_IN,IBD,_T,_T,_T,_Z,_Z,_Z,2008,A,YR,
68.184391,P1Y,0,,A,PU,_Z,2,,,False,WB_WDI,WB_WDI_SP_DYN_LE00_IN,IBT,_T,_T,_T,_Z,_Z,_Z,2008,A,YR,
58.414305,P1Y,0,,A,PU,_Z,2,,,False,WB_WDI,WB_WDI_SP_DYN_LE00_IN,IDB,_T,_T,_T,_Z,_Z,_Z,2008,A,YR,
60.900087,P1Y,0,,A,PU,_Z,2,,,False,WB_WDI,WB_WDI_SP_DYN_LE00_IN,IDX,_T,_T,_T,_Z,_Z,_Z,2008,A,YR,
60.025925,P1Y,0,,A,PU,_Z,2,,,False,WB_WDI,WB_WDI_SP_DYN_LE00_IN,IDA,_T,_T,_T,_Z,_Z,_Z,2008,A,YR,
73.925263,P1Y,0,,A,PU,_Z,2,,,False,WB_WDI,WB_WDI_SP_DYN_LE00_IN,LTE,_T,_T,_T,_Z,_Z,_Z,2008,A,YR,
73.25614,P1Y,0,,A,PU,_Z,2,,,False,WB_WDI,WB_WDI_SP_DYN_LE00_IN,LCN,_T,_T,_T,_Z,_Z,_Z,2008,A,YR,
72.978445,P1Y,0,,A,PU,_Z,2,,,False,WB_WDI,WB_WDI_SP_DYN_LE00_IN,LAC,_T,_T,_T,_Z,_Z,_Z,2008,A,YR,
73.133811,P1Y,0,,A,PU,_Z,2,,,False,WB_WDI,WB_WDI_SP_DYN_LE00_IN,TLA,_T,_T,_T,_Z,_Z,_Z,2008,A,YR,
59.813565,P1Y,0,,A,PU,_Z,2,,,False,WB_WDI,WB_WDI_SP_DYN_LE00_IN,LDC,_T,_T,_T,_Z,_Z,_Z,2008,A,YR,
68.085853,P1Y,0,,A,PU,_Z,2,,,False,WB_WDI,WB_WDI_SP_DYN_LE00_IN,LMY,_T,_T,_T,_Z,_Z,_Z,2008,A,YR,
72.702949,P1Y,0,,A,PU,_Z,2,,,False,WB_WDI,WB_WDI_SP_DYN_LE00_IN,TLA,_T,_T,_T,_Z,_Z,_Z,2006,A,YR,
59.016934,P1Y,0,,A,PU,_Z,2,,,False,WB_WDI,WB_WDI_SP_DYN_LE00_IN,LDC,_T,_T,_T,_Z,_Z,_Z,2006,A,YR,
67.516574,P1Y,0,,A,PU,_Z,2,,,False,WB_WDI,WB_WDI_SP_DYN_LE00_IN,LMY,_T,_T,_T,_Z,_Z,_Z,2006,A,YR,
57.516413,P1Y,0,,A,PU,_Z,2,,,False,WB_WDI,WB_WDI_SP_DYN_LE00_IN,LIC,_T,_T,_T,_Z,_Z,_Z,2006,A,YR,
63.580829,P1Y,0,,A,PU,_Z,2,,,False,WB_WDI,WB_WDI_SP_DYN_LE00_IN,LMC,_T,_T,_T,_Z,_Z,_Z,2006,A,YR,
68.05908,P1Y,0,,A,PU,_Z,2,,,False,WB_WDI,WB_WDI_SP_DYN_LE00_IN,MEA,_T,_T,_T,_Z,_Z,_Z,2006,A,YR,
67.381524,P1Y,0,,A,PU,_Z,2,,,False,WB_WDI,WB_WDI_SP_DYN_LE00_IN,MNA,_T,_T,_T,_Z,_Z,_Z,2006,A,YR,
67.352696,P1Y,0,,A,PU,_Z,2,,,False,WB_WDI,WB_WDI_SP_DYN_LE00_IN,TMN,_T,_T,_T,_Z,_Z,_Z,2006,A,YR,
68.449805,P1Y,0,,A,PU,_Z,2,,,False,WB_WDI,WB_WDI_SP_DYN_LE00_IN,MIC,_T,_T,_T,_Z,_Z,_Z,2006,A,YR,
77.96904,P1Y,0,,A,PU,_Z,2,,,False,WB_WDI,WB_WDI_SP_DYN_LE00_IN,NAC,_T,_T,_T,_Z,_Z,_Z,2006,A,YR,
78.250135,P1Y,0,,A,PU,_Z,2,,,False,WB_WDI,WB_WDI_SP_DYN_LE00_IN,OED,_T,_T,_T,_Z,_Z,_Z,2006,A,YR,
67.831096,P1Y,0,,A,PU,_Z,2,,,False,WB_WDI,WB_WDI_SP_DYN_LE00_IN,OSS,_T,_T,_T,_Z,_Z,_Z,2006,A,YR,
67.357705,P1Y,0,,A,PU,_Z,2,,,False,WB_WDI,WB_WDI_SP_DYN_LE00_IN,PSS,_T,_T,_T,_Z,_Z,_Z,2006,A,YR,
78.72915,P1Y,0,,A,PU,_Z,2,,,False,WB_WDI,WB_WDI_SP_DYN_LE00_IN,PST,_T,_T,_T,_Z,_Z,_Z,2006,A,YR,
69.486,P1Y,0,,A,PU,_Z,2,,,False,WB_WDI,WB_WDI_SP_DYN_LE00_IN,WSM,_T,_T,_T,_Z,_Z,_Z,2009,A,YR,
83.224,P1Y,0,,A,PU,_Z,2,,,False,WB_WDI,WB_WDI_SP_DYN_LE00_IN,SMR,_T,_T,_T,_Z,_Z,_Z,2009,A,YR,
63.669,P1Y,0,,A,PU,_Z,2,,,False,WB_WDI,WB_WDI_SP_DYN_LE00_IN,STP,_T,_T,_T,_Z,_Z,_Z,2009,A,YR,
75.447,P1Y,0,,A,PU,_Z,2,,,False,WB_WDI,WB_WDI_SP_DYN_LE00_IN,SAU,_T,_T,_T,_Z,_Z,_Z,2009,A,YR,
63.751,P1Y,0,,A,PU,_Z,2,,,False,WB_WDI,WB_WDI_SP_DYN_LE00_IN,SEN,_T,_T,_T,_Z,_Z,_Z,2009,A,YR,
73.985366,P1Y,0,,A,PU,_Z,2,,,False,WB_WDI,WB_WDI_SP_DYN_LE00_IN,SRB,_T,_T,_T,_Z,_Z,_Z,2009,A,YR,
73.082927,P1Y,0,,A,PU,_Z,2,,,False,WB_WDI,WB_WDI_SP_DYN_LE00_IN,SYC,_T,_T,_T,_Z,_Z,_Z,2009,A,YR,
51.312,P1Y,0,,A,PU,_Z,2,,,False,WB_WDI,WB_WDI_SP_DYN_LE00_IN,SLE,_T,_T,_T,_Z,_Z,_Z,2009,A,YR,
81.241463,P1Y,0,,A,PU,_Z,2,,,False,WB_WDI,WB_WDI_SP_DYN_LE00_IN,SGP,_T,_T,_T,_Z,_Z,_Z,2009,A,YR,
74.796,P1Y,0,,A,PU,_Z,2,,,False,WB_WDI,WB_WDI_SP_DYN_LE00_IN,SXM,_T,_T,_T,_Z,_Z,_Z,2009,A,YR,
74.909756,P1Y,0,,A,PU,_Z,2,,,False,WB_WDI,WB_WDI_SP_DYN_LE00_IN,SVK,_T,_T,_T,_Z,_Z,_Z,2009,A,YR,
78.970732,P1Y,0,,A,PU,_Z,2,,,False,WB_WDI,WB_WDI_SP_DYN_LE00_IN,SVN,_T,_T,_T,_Z,_Z,_Z,2009,A,YR,
68.397,P1Y,0,,A,PU,_Z,2,,,False,WB_WDI,WB_WDI_SP_DYN_LE00_IN,SLB,_T,_T,_T,_Z,_Z,_Z,2009,A,YR,
69.52,P1Y,0,,A,PU,_Z,2,,,False,WB_WDI,WB_WDI_SP_DYN_LE00_IN,IDN,_T,_T,_T,_Z,_Z,_Z,2015,A,YR,
75.907,P1Y,0,,A,PU,_Z,2,,,False,WB_WDI,WB_WDI_SP_DYN_LE00_IN,IRN,_T,_T,_T,_Z,_Z,_Z,2015,A,YR,
69.977,P1Y,0,,A,PU,_Z,2,,,False,WB_WDI,WB_WDI_SP_DYN_LE00_IN,IRQ,_T,_T,_T,_Z,_Z,_Z,2015,A,YR,
81.453659,P1Y,0,,A,PU,_Z,2,,,False,WB_WDI,WB_WDI_SP_DYN_LE00_IN,IRL,_T,_T,_T,_Z,_Z,_Z,2015,A,YR,
80.267,P1Y,0,,A,PU,_Z,2,,,False,WB_WDI,WB_WDI_SP_DYN_LE00_IN,IMN,_T,_T,_T,_Z,_Z,_Z,2015,A,YR,
82.05122,P1Y,0,,A,PU,_Z,2,,,False,WB_WDI,WB_WDI_SP_DYN_LE00_IN,ISR,_T,_T,_T,_Z,_Z,_Z,2015,A,YR,
82.543902,P1Y,0,,A,PU,_Z,2,,,False,WB_WDI,WB_WDI_SP_DYN_LE00_IN,ITA,_T,_T,_T,_Z,_Z,_Z,2015,A,YR,
72.214,P1Y,0,,A,PU,_Z,2,,,False,WB_WDI,WB_WDI_SP_DYN_LE00_IN,JAM,_T,_T,_T,_Z,_Z,_Z,2015,A,YR,
83.793902,P1Y,0,,A,PU,_Z,2,,,False,WB_WDI,WB_WDI_SP_DYN_LE00_IN,JPN,_T,_T,_T,_Z,_Z,_Z,2015,A,YR,
75.06,P1Y,0,,A,PU,_Z,2,,,False,WB_WDI,WB_WDI_SP_DYN_LE00_IN,JOR,_T,_T,_T,_Z,_Z,_Z,2015,A,YR,
72.024,P1Y,0,,A,PU,_Z,2,,,False,WB_WDI,WB_WDI_SP_DYN_LE00_IN,KAZ,_T,_T,_T,_Z,_Z,_Z,2015,A,YR,
62.279,P1Y,0,,A,PU,_Z,2,,,False,WB_WDI,WB_WDI_SP_DYN_LE00_IN,KEN,_T,_T,_T,_Z,_Z,_Z,2015,A,YR,
64.883,P1Y,0,,A,PU,_Z,2,,,False,WB_WDI,WB_WDI_SP_DYN_LE00_IN,PAK,_T,_T,_T,_Z,_Z,_Z,2012,A,YR,
68.863,P1Y,0,,A,PU,_Z,2,,,False,WB_WDI,WB_WDI_SP_DYN_LE00_IN,PLW,_T,_T,_T,_Z,_Z,_Z,2012,A,YR,
76.877,P1Y,0,,A,PU,_Z,2,,,False,WB_WDI,WB_WDI_SP_DYN_LE00_IN,PAN,_T,_T,_T,_Z,_Z,_Z,2012,A,YR,
63.639,P1Y,0,,A,PU,_Z,2,,,False,WB_WDI,WB_WDI_SP_DYN_LE00_IN,PNG,_T,_T,_T,_Z,_Z,_Z,2012,A,YR,
73.105,P1Y,0,,A,PU,_Z,2,,,False,WB_WDI,WB_WDI_SP_DYN_LE00_IN,PRY,_T,_T,_T,_Z,_Z,_Z,2012,A,YR,
73.979,P1Y,0,,A,PU,_Z,2,,,False,WB_WDI,WB_WDI_SP_DYN_LE00_IN,PER,_T,_T,_T,_Z,_Z,_Z,2012,A,YR,
69.237,P1Y,0,,A,PU,_Z,2,,,False,WB_WDI,WB_WDI_SP_DYN_LE00_IN,PHL,_T,_T,_T,_Z,_Z,_Z,2012,A,YR,
76.746341,P1Y,0,,A,PU,_Z,2,,,False,WB_WDI,WB_WDI_SP_DYN_LE00_IN,POL,_T,_T,_T,_Z,_Z,_Z,2012,A,YR,
80.373171,P1Y,0,,A,PU,_Z,2,,,False,WB_WDI,WB_WDI_SP_DYN_LE00_IN,PRT,_T,_T,_T,_Z,_Z,_Z,2012,A,YR,
79.258,P1Y,0,,A,PU,_Z,2,,,False,WB_WDI,WB_WDI_SP_DYN_LE00_IN,PRI,_T,_T,_T,_Z,_Z,_Z,2012,A,YR,
80.499,P1Y,0,,A,PU,_Z,2,,,False,WB_WDI,WB_WDI_SP_DYN_LE00_IN,QAT,_T,_T,_T,_Z,_Z,_Z,2012,A,YR,
60.702,P1Y,0,,A,PU,_Z,2,,,False,WB_WDI,WB_WDI_SP_DYN_LE00_IN,AFG,_T,_T,_T,_Z,_Z,_Z,2010,A,YR,
78.414,P1Y,0,,A,PU,_Z,2,,,False,WB_WDI,WB_WDI_SP_DYN_LE00_IN,ALB,_T,_T,_T,_Z,_Z,_Z,2010,A,YR,
74.144,P1Y,0,,A,PU,_Z,2,,,False,WB_WDI,WB_WDI_SP_DYN_LE00_IN,DZA,_T,_T,_T,_Z,_Z,_Z,2010,A,YR,
72.587,P1Y,0,,A,PU,_Z,2,,,False,WB_WDI,WB_WDI_SP_DYN_LE00_IN,ASM,_T,_T,_T,_Z,_Z,_Z,2010,A,YR,
84.197,P1Y,0,,A,PU,_Z,2,,,False,WB_WDI,WB_WDI_SP_DYN_LE00_IN,AND,_T,_T,_T,_Z,_Z,_Z,2010,A,YR,
57.242,P1Y,0,,A,PU,_Z,2,,,False,WB_WDI,WB_WDI_SP_DYN_LE00_IN,AGO,_T,_T,_T,_Z,_Z,_Z,2010,A,YR,
76.701,P1Y,0,,A,PU,_Z,2,,,False,WB_WDI,WB_WDI_SP_DYN_LE00_IN,ATG,_T,_T,_T,_Z,_Z,_Z,2010,A,YR,
75.68,P1Y,0,,A,PU,_Z,2,,,False,WB_WDI,WB_WDI_SP_DYN_LE00_IN,ARG,_T,_T,_T,_Z,_Z,_Z,2010,A,YR,
73.173171,P1Y,0,,A,PU,_Z,2,,,False,WB_WDI,WB_WDI_SP_DYN_LE00_IN,ARM,_T,_T,_T,_Z,_Z,_Z,2010,A,YR,
74.297,P1Y,0,,A,PU,_Z,2,,,False,WB_WDI,WB_WDI_SP_DYN_LE00_IN,ABW,_T,_T,_T,_Z,_Z,_Z,2010,A,YR,
81.695122,P1Y,0,,A,PU,_Z,2,,,False,WB_WDI,WB_WDI_SP_DYN_LE00_IN,AUS,_T,_T,_T,_Z,_Z,_Z,2010,A,YR,
80.580488,P1Y,0,,A,PU,_Z,2,,,False,WB_WDI,WB_WDI_SP_DYN_LE00_IN,AUT,_T,_T,_T,_Z,_Z,_Z,2010,A,YR,
76.141,P1Y,0,,A,PU,_Z,2,,,False,WB_WDI,WB_WDI_SP_DYN_LE00_IN,GUM,_T,_T,_T,_Z,_Z,_Z,2009,A,YR,
69.676,P1Y,0,,A,PU,_Z,2,,,False,WB_WDI,WB_WDI_SP_DYN_LE00_IN,GTM,_T,_T,_T,_Z,_Z,_Z,2009,A,YR,
56.052,P1Y,0,,A,PU,_Z,2,,,False,WB_WDI,WB_WDI_SP_DYN_LE00_IN,GIN,_T,_T,_T,_Z,_Z,_Z,2009,A,YR,
56.297,P1Y,0,,A,PU,_Z,2,,,False,WB_WDI,WB_WDI_SP_DYN_LE00_IN,GNB,_T,_T,_T,_Z,_Z,_Z,2009,A,YR,
66.03,P1Y,0,,A,PU,_Z,2,,,False,WB_WDI,WB_WDI_SP_DYN_LE00_IN,GUY,_T,_T,_T,_Z,_Z,_Z,2009,A,YR,
61.694,P1Y,0,,A,PU,_Z,2,,,False,WB_WDI,WB_WDI_SP_DYN_LE00_IN,HTI,_T,_T,_T,_Z,_Z,_Z,2009,A,YR,
69.823,P1Y,0,,A,PU,_Z,2,,,False,WB_WDI,WB_WDI_SP_DYN_LE00_IN,HND,_T,_T,_T,_Z,_Z,_Z,2009,A,YR,
82.775122,P1Y,0,,A,PU,_Z,2,,,False,WB_WDI,WB_WDI_SP_DYN_LE00_IN,HKG,_T,_T,_T,_Z,_Z,_Z,2009,A,YR,
73.904878,P1Y,0,,A,PU,_Z,2,,,False,WB_WDI,WB_WDI_SP_DYN_LE00_IN,HUN,_T,_T,_T,_Z,_Z,_Z,2009,A,YR,
81.75122,P1Y,0,,A,PU,_Z,2,,,False,WB_WDI,WB_WDI_SP_DYN_LE00_IN,ISL,_T,_T,_T,_Z,_Z,_Z,2009,A,YR,
66.7,P1Y,0,,A,PU,_Z,2,,,False,WB_WDI,WB_WDI_SP_DYN_LE00_IN,IND,_T,_T,_T,_Z,_Z,_Z,2009,A,YR,
51.988,P1Y,0,,A,PU,_Z,2,,,False,WB_WDI,WB_WDI_SP_DYN_LE00_IN,NAM,_T,_T,_T,_Z,_Z,_Z,2002,A,YR,
59.427,P1Y,0,,A,PU,_Z,2,,,False,WB_WDI,WB_WDI_SP_DYN_LE00_IN,NRU,_T,_T,_T,_Z,_Z,_Z,2002,A,YR,
63.507,P1Y,0,,A,PU,_Z,2,,,False,WB_WDI,WB_WDI_SP_DYN_LE00_IN,NPL,_T,_T,_T,_Z,_Z,_Z,2002,A,YR,
78.292683,P1Y,0,,A,PU,_Z,2,,,False,WB_WDI,WB_WDI_SP_DYN_LE00_IN,NLD,_T,_T,_T,_Z,_Z,_Z,2002,A,YR,
74.278,P1Y,0,,A,PU,_Z,2,,,False,WB_WDI,WB_WDI_SP_DYN_LE00_IN,NCL,_T,_T,_T,_Z,_Z,_Z,2002,A,YR,
78.846341,P1Y,0,,A,PU,_Z,2,,,False,WB_WDI,WB_WDI_SP_DYN_LE00_IN,NZL,_T,_T,_T,_Z,_Z,_Z,2002,A,YR,
67.95,P1Y,0,,A,PU,_Z,2,,,False,WB_WDI,WB_WDI_SP_DYN_LE00_IN,NIC,_T,_T,_T,_Z,_Z,_Z,2002,A,YR,
50.645,P1Y,0,,A,PU,_Z,2,,,False,WB_WDI,WB_WDI_SP_DYN_LE00_IN,NER,_T,_T,_T,_Z,_Z,_Z,2002,A,YR,
48.02,P1Y,0,,A,PU,_Z,2,,,False,WB_WDI,WB_WDI_SP_DYN_LE00_IN,NGA,_T,_T,_T,_Z,_Z,_Z,2002,A,YR,
73.039024,P1Y,0,,A,PU,_Z,2,,,False,WB_WDI,WB_WDI_SP_DYN_LE00_IN,MKD,_T,_T,_T,_Z,_Z,_Z,2002,A,YR,
75.934,P1Y,0,,A,PU,_Z,2,,,False,WB_WDI,WB_WDI_SP_DYN_LE00_IN,MNP,_T,_T,_T,_Z,_Z,_Z,2002,A,YR,
78.987805,P1Y,0,,A,PU,_Z,2,,,False,WB_WDI,WB_WDI_SP_DYN_LE00_IN,NOR,_T,_T,_T,_Z,_Z,_Z,2002,A,YR,
74.276,P1Y,0,,A,PU,_Z,2,,,False,WB_WDI,WB_WDI_SP_DYN_LE00_IN,OMN,_T,_T,_T,_Z,_Z,_Z,2002,A,YR,
62.556,P1Y,0,,A,PU,_Z,2,,,False,WB_WDI,WB_WDI_SP_DYN_LE00_IN,PAK,_T,_T,_T,_Z,_Z,_Z,2002,A,YR,
54.832,P1Y,0,,A,PU,_Z,2,,,False,WB_WDI,WB_WDI_SP_DYN_LE00_IN,BDI,_T,_T,_T,_Z,_Z,_Z,2007,A,YR,
71.487,P1Y,0,,A,PU,_Z,2,,,False,WB_WDI,WB_WDI_SP_DYN_LE00_IN,CPV,_T,_T,_T,_Z,_Z,_Z,2007,A,YR,
65.549,P1Y,0,,A,PU,_Z,2,,,False,WB_WDI,WB_WDI_SP_DYN_LE00_IN,KHM,_T,_T,_T,_Z,_Z,_Z,2007,A,YR,
55.71,P1Y,0,,A,PU,_Z,2,,,False,WB_WDI,WB_WDI_SP_DYN_LE00_IN,CMR,_T,_T,_T,_Z,_Z,_Z,2007,A,YR,
80.543659,P1Y,0,,A,PU,_Z,2,,,False,WB_WDI,WB_WDI_SP_DYN_LE00_IN,CAN,_T,_T,_T,_Z,_Z,_Z,2007,A,YR,
75.152,P1Y,0,,A,PU,_Z,2,,,False,WB_WDI,WB_WDI_SP_DYN_LE00_IN,CYM,_T,_T,_T,_Z,_Z,_Z,2007,A,YR,
49.327,P1Y,0,,A,PU,_Z,2,,,False,WB_WDI,WB_WDI_SP_DYN_LE00_IN,CAF,_T,_T,_T,_Z,_Z,_Z,2007,A,YR,
49.21,P1Y,0,,A,PU,_Z,2,,,False,WB_WDI,WB_WDI_SP_DYN_LE00_IN,TCD,_T,_T,_T,_Z,_Z,_Z,2007,A,YR,
80.6,P1Y,0,,A,PU,_Z,2,,,False,WB_WDI,WB_WDI_SP_DYN_LE00_IN,CHI,_T,_T,_T,_Z,_Z,_Z,2007,A,YR,
78.652,P1Y,0,,A,PU,_Z,2,,,False,WB_WDI,WB_WDI_SP_DYN_LE00_IN,CHL,_T,_T,_T,_Z,_Z,_Z,2007,A,YR,
74.789,P1Y,0,,A,PU,_Z,2,,,False,WB_WDI,WB_WDI_SP_DYN_LE00_IN,CHN,_T,_T,_T,_Z,_Z,_Z,2007,A,YR,
73.751,P1Y,0,,A,PU,_Z,2,,,False,WB_WDI,WB_WDI_SP_DYN_LE00_IN,COL,_T,_T,_T,_Z,_Z,_Z,2007,A,YR,
72.122,P1Y,0,,A,PU,_Z,2,,,False,WB_WDI,WB_WDI_SP_DYN_LE00_IN,BGD,_T,_T,_T,_Z,_Z,_Z,2018,A,YR,
76.378,P1Y,0,,A,PU,_Z,2,,,False,WB_WDI,WB_WDI_SP_DYN_LE00_IN,BRB,_T,_T,_T,_Z,_Z,_Z,2018,A,YR,
74.17561,P1Y,0,,A,PU,_Z,2,,,False,WB_WDI,WB_WDI_SP_DYN_LE00_IN,BLR,_T,_T,_T,_Z,_Z,_Z,2018,A,YR,
81.595122,P1Y,0,,A,PU,_Z,2,,,False,WB_WDI,WB_WDI_SP_DYN_LE00_IN,BEL,_T,_T,_T,_Z,_Z,_Z,2018,A,YR,
72.322,P1Y,0,,A,PU,_Z,2,,,False,WB_WDI,WB_WDI_SP_DYN_LE00_IN,BLZ,_T,_T,_T,_Z,_Z,_Z,2018,A,YR,
59.71,P1Y,0,,A,PU,_Z,2,,,False,WB_WDI,WB_WDI_SP_DYN_LE00_IN,BEN,_T,_T,_T,_Z,_Z,_Z,2018,A,YR,
80.986,P1Y,0,,A,PU,_Z,2,,,False,WB_WDI,WB_WDI_SP_DYN_LE00_IN,BMU,_T,_T,_T,_Z,_Z,_Z,2018,A,YR,
71.711,P1Y,0,,A,PU,_Z,2,,,False,WB_WDI,WB_WDI_SP_DYN_LE00_IN,BTN,_T,_T,_T,_Z,_Z,_Z,2018,A,YR,
67.699,P1Y,0,,A,PU,_Z,2,,,False,WB_WDI,WB_WDI_SP_DYN_LE00_IN,BOL,_T,_T,_T,_Z,_Z,_Z,2018,A,YR,
77.942,P1Y,0,,A,PU,_Z,2,,,False,WB_WDI,WB_WDI_SP_DYN_LE00_IN,BIH,_T,_T,_T,_Z,_Z,_Z,2018,A,YR,
62.772,P1Y,0,,A,PU,_Z,2,,,False,WB_WDI,WB_WDI_SP_DYN_LE00_IN,PNG,_T,_T,_T,_Z,_Z,_Z,2009,A,YR,
72.282,P1Y,0,,A,PU,_Z,2,,,False,WB_WDI,WB_WDI_SP_DYN_LE00_IN,PRY,_T,_T,_T,_Z,_Z,_Z,2009,A,YR,
72.631,P1Y,0,,A,PU,_Z,2,,,False,WB_WDI,WB_WDI_SP_DYN_LE00_IN,PER,_T,_T,_T,_Z,_Z,_Z,2009,A,YR,
68.631,P1Y,0,,A,PU,_Z,2,,,False,WB_WDI,WB_WDI_SP_DYN_LE00_IN,PHL,_T,_T,_T,_Z,_Z,_Z,2009,A,YR,
75.695122,P1Y,0,,A,PU,_Z,2,,,False,WB_WDI,WB_WDI_SP_DYN_LE00_IN,POL,_T,_T,_T,_Z,_Z,_Z,2009,A,YR,
78.726829,P1Y,0,,A,PU,_Z,2,,,False,WB_WDI,WB_WDI_SP_DYN_LE00_IN,PRT,_T,_T,_T,_Z,_Z,_Z,2009,A,YR,
78.377,P1Y,0,,A,PU,_Z,2,,,False,WB_WDI,WB_WDI_SP_DYN_LE00_IN,PRI,_T,_T,_T,_Z,_Z,_Z,2009,A,YR,
78.837,P1Y,0,,A,PU,_Z,2,,,False,WB_WDI,WB_WDI_SP_DYN_LE00_IN,QAT,_T,_T,_T,_Z,_Z,_Z,2009,A,YR,
73.309756,P1Y,0,,A,PU,_Z,2,,,False,WB_WDI,WB_WDI_SP_DYN_LE00_IN,ROU,_T,_T,_T,_Z,_Z,_Z,2009,A,YR,
68.684634,P1Y,0,,A,PU,_Z,2,,,False,WB_WDI,WB_WDI_SP_DYN_LE00_IN,RUS,_T,_T,_T,_Z,_Z,_Z,2009,A,YR,
61.813,P1Y,0,,A,PU,_Z,2,,,False,WB_WDI,WB_WDI_SP_DYN_LE00_IN,RWA,_T,_T,_T,_Z,_Z,_Z,2009,A,YR,
70.665,P1Y,0,,A,PU,_Z,2,,,False,WB_WDI,WB_WDI_SP_DYN_LE00_IN,BLZ,_T,_T,_T,_Z,_Z,_Z,2008,A,YR,
58.099,P1Y,0,,A,PU,_Z,2,,,False,WB_WDI,WB_WDI_SP_DYN_LE00_IN,BEN,_T,_T,_T,_Z,_Z,_Z,2008,A,YR,
79.101,P1Y,0,,A,PU,_Z,2,,,False,WB_WDI,WB_WDI_SP_DYN_LE00_IN,BMU,_T,_T,_T,_Z,_Z,_Z,2008,A,YR,
67.733,P1Y,0,,A,PU,_Z,2,,,False,WB_WDI,WB_WDI_SP_DYN_LE00_IN,BTN,_T,_T,_T,_Z,_Z,_Z,2008,A,YR,
65.299,P1Y,0,,A,PU,_Z,2,,,False,WB_WDI,WB_WDI_SP_DYN_LE00_IN,BOL,_T,_T,_T,_Z,_Z,_Z,2008,A,YR,
76.3,P1Y,0,,A,PU,_Z,2,,,False,WB_WDI,WB_WDI_SP_DYN_LE00_IN,BIH,_T,_T,_T,_Z,_Z,_Z,2008,A,YR,
57.661,P1Y,0,,A,PU,_Z,2,,,False,WB_WDI,WB_WDI_SP_DYN_LE00_IN,BWA,_T,_T,_T,_Z,_Z,_Z,2008,A,YR,
73.111,P1Y,0,,A,PU,_Z,2,,,False,WB_WDI,WB_WDI_SP_DYN_LE00_IN,BRA,_T,_T,_T,_Z,_Z,_Z,2008,A,YR,
76.07,P1Y,0,,A,PU,_Z,2,,,False,WB_WDI,WB_WDI_SP_DYN_LE00_IN,VGB,_T,_T,_T,_Z,_Z,_Z,2008,A,YR,
74.814,P1Y,0,,A,PU,_Z,2,,,False,WB_WDI,WB_WDI_SP_DYN_LE00_IN,BRN,_T,_T,_T,_Z,_Z,_Z,2008,A,YR,
72.963415,P1Y,0,,A,PU,_Z,2,,,False,WB_WDI,WB_WDI_SP_DYN_LE00_IN,BGR,_T,_T,_T,_Z,_Z,_Z,2008,A,YR,
55.199,P1Y,0,,A,PU,_Z,2,,,False,WB_WDI,WB_WDI_SP_DYN_LE00_IN,BFA,_T,_T,_T,_Z,_Z,_Z,2008,A,YR,
62.101,P1Y,0,,A,PU,_Z,2,,,False,WB_WDI,WB_WDI_SP_DYN_LE00_IN,BDI,_T,_T,_T,_Z,_Z,_Z,2021,A,YR,
74.424,P1Y,0,,A,PU,_Z,2,,,False,WB_WDI,WB_WDI_SP_DYN_LE00_IN,CPV,_T,_T,_T,_Z,_Z,_Z,2021,A,YR,
69.301,P1Y,0,,A,PU,_Z,2,,,False,WB_WDI,WB_WDI_SP_DYN_LE00_IN,KHM,_T,_T,_T,_Z,_Z,_Z,2021,A,YR,
61.146,P1Y,0,,A,PU,_Z,2,,,False,WB_WDI,WB_WDI_SP_DYN_LE00_IN,CMR,_T,_T,_T,_Z,_Z,_Z,2021,A,YR,
81.451463,P1Y,0,,A,PU,_Z,2,,,False,WB_WDI,WB_WDI_SP_DYN_LE00_IN,CAN,_T,_T,_T,_Z,_Z,_Z,2021,A,YR,
79.3,P1Y,0,,A,PU,_Z,2,,,False,WB_WDI,WB_WDI_SP_DYN_LE00_IN,CYM,_T,_T,_T,_Z,_Z,_Z,2021,A,YR,
40.279,P1Y,0,,A,PU,_Z,2,,,False,WB_WDI,WB_WDI_SP_DYN_LE00_IN,CAF,_T,_T,_T,_Z,_Z,_Z,2021,A,YR,
53.136,P1Y,0,,A,PU,_Z,2,,,False,WB_WDI,WB_WDI_SP_DYN_LE00_IN,TCD,_T,_T,_T,_Z,_Z,_Z,2021,A,YR,
80.3,P1Y,0,,A,PU,_Z,2,,,False,WB_WDI,WB_WDI_SP_DYN_LE00_IN,CHI,_T,_T,_T,_Z,_Z,_Z,2021,A,YR,
78.876,P1Y,0,,A,PU,_Z,2,,,False,WB_WDI,WB_WDI_SP_DYN_LE00_IN,CHL,_T,_T,_T,_Z,_Z,_Z,2021,A,YR,
78.117,P1Y,0,,A,PU,_Z,2,,,False,WB_WDI,WB_WDI_SP_DYN_LE00_IN,CHN,_T,_T,_T,_Z,_Z,_Z,2021,A,YR,
72.698,P1Y,0,,A,PU,_Z,2,,,False,WB_WDI,WB_WDI_SP_DYN_LE00_IN,COL,_T,_T,_T,_Z,_Z,_Z,2021,A,YR,
75.217073,P1Y,0,,A,PU,_Z,2,,,False,WB_WDI,WB_WDI_SP_DYN_LE00_IN,ARM,_T,_T,_T,_Z,_Z,_Z,2017,A,YR,
75.62,P1Y,0,,A,PU,_Z,2,,,False,WB_WDI,WB_WDI_SP_DYN_LE00_IN,ABW,_T,_T,_T,_Z,_Z,_Z,2017,A,YR,
82.5,P1Y,0,,A,PU,_Z,2,,,False,WB_WDI,WB_WDI_SP_DYN_LE00_IN,AUS,_T,_T,_T,_Z,_Z,_Z,2017,A,YR,
81.643902,P1Y,0,,A,PU,_Z,2,,,False,WB_WDI,WB_WDI_SP_DYN_LE00_IN,AUT,_T,_T,_T,_Z,_Z,_Z,2017,A,YR,
72.694,P1Y,0,,A,PU,_Z,2,,,False,WB_WDI,WB_WDI_SP_DYN_LE00_IN,AZE,_T,_T,_T,_Z,_Z,_Z,2017,A,YR,
74.031,P1Y,0,,A,PU,_Z,2,,,False,WB_WDI,WB_WDI_SP_DYN_LE00_IN,BHS,_T,_T,_T,_Z,_Z,_Z,2017,A,YR,
80.407,P1Y,0,,A,PU,_Z,2,,,False,WB_WDI,WB_WDI_SP_DYN_LE00_IN,BHR,_T,_T,_T,_Z,_Z,_Z,2017,A,YR,
71.606,P1Y,0,,A,PU,_Z,2,,,False,WB_WDI,WB_WDI_SP_DYN_LE00_IN,BGD,_T,_T,_T,_Z,_Z,_Z,2017,A,YR,
76.237,P1Y,0,,A,PU,_Z,2,,,False,WB_WDI,WB_WDI_SP_DYN_LE00_IN,BRB,_T,_T,_T,_Z,_Z,_Z,2017,A,YR,
74.129268,P1Y,0,,A,PU,_Z,2,,,False,WB_WDI,WB_WDI_SP_DYN_LE00_IN,BLR,_T,_T,_T,_Z,_Z,_Z,2017,A,YR,
81.492683,P1Y,0,,A,PU,_Z,2,,,False,WB_WDI,WB_WDI_SP_DYN_LE00_IN,BEL,_T,_T,_T,_Z,_Z,_Z,2017,A,YR,
62.141,P1Y,0,,A,PU,_Z,2,,,False,WB_WDI,WB_WDI_SP_DYN_LE00_IN,GNQ,_T,_T,_T,_Z,_Z,_Z,2020,A,YR,
66.98,P1Y,0,,A,PU,_Z,2,,,False,WB_WDI,WB_WDI_SP_DYN_LE00_IN,ERI,_T,_T,_T,_Z,_Z,_Z,2020,A,YR,
78.595122,P1Y,0,,A,PU,_Z,2,,,False,WB_WDI,WB_WDI_SP_DYN_LE00_IN,EST,_T,_T,_T,_Z,_Z,_Z,2020,A,YR,
59.862,P1Y,0,,A,PU,_Z,2,,,False,WB_WDI,WB_WDI_SP_DYN_LE00_IN,SWZ,_T,_T,_T,_Z,_Z,_Z,2020,A,YR,
65.969,P1Y,0,,A,PU,_Z,2,,,False,WB_WDI,WB_WDI_SP_DYN_LE00_IN,ETH,_T,_T,_T,_Z,_Z,_Z,2020,A,YR,
82.534193,P1Y,0,,A,PU,_Z,2,,,False,WB_WDI,WB_WDI_SP_DYN_LE00_IN,FRO,_T,_T,_T,_Z,_Z,_Z,2020,A,YR,
66.924,P1Y,0,,A,PU,_Z,2,,,False,WB_WDI,WB_WDI_SP_DYN_LE00_IN,FJI,_T,_T,_T,_Z,_Z,_Z,2020,A,YR,
81.931707,P1Y,0,,A,PU,_Z,2,,,False,WB_WDI,WB_WDI_SP_DYN_LE00_IN,FIN,_T,_T,_T,_Z,_Z,_Z,2020,A,YR,
82.17561,P1Y,0,,A,PU,_Z,2,,,False,WB_WDI,WB_WDI_SP_DYN_LE00_IN,FRA,_T,_T,_T,_Z,_Z,_Z,2020,A,YR,
82.459,P1Y,0,,A,PU,_Z,2,,,False,WB_WDI,WB_WDI_SP_DYN_LE00_IN,PYF,_T,_T,_T,_Z,_Z,_Z,2020,A,YR,
67.073,P1Y,0,,A,PU,_Z,2,,,False,WB_WDI,WB_WDI_SP_DYN_LE00_IN,GAB,_T,_T,_T,_Z,_Z,_Z,2020,A,YR,
64.418,P1Y,0,,A,PU,_Z,2,,,False,WB_WDI,WB_WDI_SP_DYN_LE00_IN,GMB,_T,_T,_T,_Z,_Z,_Z,2020,A,YR,
73.509,P1Y,0,,A,PU,_Z,2,,,False,WB_WDI,WB_WDI_SP_DYN_LE00_IN,GEO,_T,_T,_T,_Z,_Z,_Z,2020,A,YR,
75.069,P1Y,0,,A,PU,_Z,2,,,False,WB_WDI,WB_WDI_SP_DYN_LE00_IN,MEX,_T,_T,_T,_Z,_Z,_Z,2023,A,YR,
67.198,P1Y,0,,A,PU,_Z,2,,,False,WB_WDI,WB_WDI_SP_DYN_LE00_IN,FSM,_T,_T,_T,_Z,_Z,_Z,2023,A,YR,
71.198,P1Y,0,,A,PU,_Z,2,,,False,WB_WDI,WB_WDI_SP_DYN_LE00_IN,MDA,_T,_T,_T,_Z,_Z,_Z,2023,A,YR,
86.372,P1Y,0,,A,PU,_Z,2,,,False,WB_WDI,WB_WDI_SP_DYN_LE00_IN,MCO,_T,_T,_T,_Z,_Z,_Z,2023,A,YR,
72.122439,P1Y,0,,A,PU,_Z,2,,,False,WB_WDI,WB_WDI_SP_DYN_LE00_IN,MNG,_T,_T,_T,_Z,_Z,_Z,2023,A,YR,
77.587805,P1Y,0,,A,PU,_Z,2,,,False,WB_WDI,WB_WDI_SP_DYN_LE00_IN,MNE,_T,_T,_T,_Z,_Z,_Z,2023,A,YR,
75.313,P1Y,0,,A,PU,_Z,2,,,False,WB_WDI,WB_WDI_SP_DYN_LE00_IN,MAR,_T,_T,_T,_Z,_Z,_Z,2023,A,YR,
63.611,P1Y,0,,A,PU,_Z,2,,,False,WB_WDI,WB_WDI_SP_DYN_LE00_IN,MOZ,_T,_T,_T,_Z,_Z,_Z,2023,A,YR,
66.889,P1Y,0,,A,PU,_Z,2,,,False,WB_WDI,WB_WDI_SP_DYN_LE00_IN,MMR,_T,_T,_T,_Z,_Z,_Z,2023,A,YR,
67.385,P1Y,0,,A,PU,_Z,2,,,False,WB_WDI,WB_WDI_SP_DYN_LE00_IN,NAM,_T,_T,_T,_Z,_Z,_Z,2023,A,YR,
62.109,P1Y,0,,A,PU,_Z,2,,,False,WB_WDI,WB_WDI_SP_DYN_LE00_IN,NRU,_T,_T,_T,_Z,_Z,_Z,2023,A,YR,
70.354,P1Y,0,,A,PU,_Z,2,,,False,WB_WDI,WB_WDI_SP_DYN_LE00_IN,NPL,_T,_T,_T,_Z,_Z,_Z,2023,A,YR,
81.863415,P1Y,0,,A,PU,_Z,2,,,False,WB_WDI,WB_WDI_SP_DYN_LE00_IN,NLD,_T,_T,_T,_Z,_Z,_Z,2023,A,YR,
78.766,P1Y,0,,A,PU,_Z,2,,,False,WB_WDI,WB_WDI_SP_DYN_LE00_IN,NCL,_T,_T,_T,_Z,_Z,_Z,2023,A,YR,
65.29,P1Y,0,,A,PU,_Z,2,,,False,WB_WDI,WB_WDI_SP_DYN_LE00_IN,BTN,_T,_T,_T,_Z,_Z,_Z,2004,A,YR,
63.819,P1Y,0,,A,PU,_Z,2,,,False,WB_WDI,WB_WDI_SP_DYN_LE00_IN,BOL,_T,_T,_T,_Z,_Z,_Z,2004,A,YR,
76.489,P1Y,0,,A,PU,_Z,2,,,False,WB_WDI,WB_WDI_SP_DYN_LE00_IN,BIH,_T,_T,_T,_Z,_Z,_Z,2004,A,YR,
53.573,P1Y,0,,A,PU,_Z,2,,,False,WB_WDI,WB_WDI_SP_DYN_LE00_IN,BWA,_T,_T,_T,_Z,_Z,_Z,2004,A,YR,
71.361,P1Y,0,,A,PU,_Z,2,,,False,WB_WDI,WB_WDI_SP_DYN_LE00_IN,BRA,_T,_T,_T,_Z,_Z,_Z,2004,A,YR,
75.404,P1Y,0,,A,PU,_Z,2,,,False,WB_WDI,WB_WDI_SP_DYN_LE00_IN,VGB,_T,_T,_T,_Z,_Z,_Z,2004,A,YR,
74.603,P1Y,0,,A,PU,_Z,2,,,False,WB_WDI,WB_WDI_SP_DYN_LE00_IN,BRN,_T,_T,_T,_Z,_Z,_Z,2004,A,YR,
72.563415,P1Y,0,,A,PU,_Z,2,,,False,WB_WDI,WB_WDI_SP_DYN_LE00_IN,BGR,_T,_T,_T,_Z,_Z,_Z,2004,A,YR,
52.6,P1Y,0,,A,PU,_Z,2,,,False,WB_WDI,WB_WDI_SP_DYN_LE00_IN,BFA,_T,_T,_T,_Z,_Z,_Z,2004,A,YR,
52.217,P1Y,0,,A,PU,_Z,2,,,False,WB_WDI,WB_WDI_SP_DYN_LE00_IN,BDI,_T,_T,_T,_Z,_Z,_Z,2004,A,YR,
70.499,P1Y,0,,A,PU,_Z,2,,,False,WB_WDI,WB_WDI_SP_DYN_LE00_IN,CPV,_T,_T,_T,_Z,_Z,_Z,2004,A,YR,
63.256,P1Y,0,,A,PU,_Z,2,,,False,WB_WDI,WB_WDI_SP_DYN_LE00_IN,KHM,_T,_T,_T,_Z,_Z,_Z,2004,A,YR,
54.578,P1Y,0,,A,PU,_Z,2,,,False,WB_WDI,WB_WDI_SP_DYN_LE00_IN,CMR,_T,_T,_T,_Z,_Z,_Z,2004,A,YR,
73.497,P1Y,0,,A,PU,_Z,2,,,False,WB_WDI,WB_WDI_SP_DYN_LE00_IN,COL,_T,_T,_T,_Z,_Z,_Z,2006,A,YR,
61.229,P1Y,0,,A,PU,_Z,2,,,False,WB_WDI,WB_WDI_SP_DYN_LE00_IN,COM,_T,_T,_T,_Z,_Z,_Z,2006,A,YR,
54.498,P1Y,0,,A,PU,_Z,2,,,False,WB_WDI,WB_WDI_SP_DYN_LE00_IN,COD,_T,_T,_T,_Z,_Z,_Z,2006,A,YR,
59.474,P1Y,0,,A,PU,_Z,2,,,False,WB_WDI,WB_WDI_SP_DYN_LE00_IN,COG,_T,_T,_T,_Z,_Z,_Z,2006,A,YR,
79.049,P1Y,0,,A,PU,_Z,2,,,False,WB_WDI,WB_WDI_SP_DYN_LE00_IN,CRI,_T,_T,_T,_Z,_Z,_Z,2006,A,YR,
52.885,P1Y,0,,A,PU,_Z,2,,,False,WB_WDI,WB_WDI_SP_DYN_LE00_IN,CIV,_T,_T,_T,_Z,_Z,_Z,2006,A,YR,
75.836829,P1Y,0,,A,PU,_Z,2,,,False,WB_WDI,WB_WDI_SP_DYN_LE00_IN,HRV,_T,_T,_T,_Z,_Z,_Z,2006,A,YR,
77.406,P1Y,0,,A,PU,_Z,2,,,False,WB_WDI,WB_WDI_SP_DYN_LE00_IN,CUB,_T,_T,_T,_Z,_Z,_Z,2006,A,YR,
73.978,P1Y,0,,A,PU,_Z,2,,,False,WB_WDI,WB_WDI_SP_DYN_LE00_IN,CUW,_T,_T,_T,_Z,_Z,_Z,2006,A,YR,
79.456,P1Y,0,,A,PU,_Z,2,,,False,WB_WDI,WB_WDI_SP_DYN_LE00_IN,CYP,_T,_T,_T,_Z,_Z,_Z,2006,A,YR,
76.52439,P1Y,0,,A,PU,_Z,2,,,False,WB_WDI,WB_WDI_SP_DYN_LE00_IN,CZE,_T,_T,_T,_Z,_Z,_Z,2006,A,YR,
63.427,P1Y,0,,A,PU,_Z,2,,,False,WB_WDI,WB_WDI_SP_DYN_LE00_IN,SDN,_T,_T,_T,_Z,_Z,_Z,2012,A,YR,
69.957,P1Y,0,,A,PU,_Z,2,,,False,WB_WDI,WB_WDI_SP_DYN_LE00_IN,SUR,_T,_T,_T,_Z,_Z,_Z,2012,A,YR,
81.704878,P1Y,0,,A,PU,_Z,2,,,False,WB_WDI,WB_WDI_SP_DYN_LE00_IN,SWE,_T,_T,_T,_Z,_Z,_Z,2012,A,YR,
82.697561,P1Y,0,,A,PU,_Z,2,,,False,WB_WDI,WB_WDI_SP_DYN_LE00_IN,CHE,_T,_T,_T,_Z,_Z,_Z,2012,A,YR,
66.206,P1Y,0,,A,PU,_Z,2,,,False,WB_WDI,WB_WDI_SP_DYN_LE00_IN,SYR,_T,_T,_T,_Z,_Z,_Z,2012,A,YR,
69.13,P1Y,0,,A,PU,_Z,2,,,False,WB_WDI,WB_WDI_SP_DYN_LE00_IN,TJK,_T,_T,_T,_Z,_Z,_Z,2012,A,YR,
62.286,P1Y,0,,A,PU,_Z,2,,,False,WB_WDI,WB_WDI_SP_DYN_LE00_IN,TZA,_T,_T,_T,_Z,_Z,_Z,2012,A,YR,
75.59,P1Y,0,,A,PU,_Z,2,,,False,WB_WDI,WB_WDI_SP_DYN_LE00_IN,THA,_T,_T,_T,_Z,_Z,_Z,2012,A,YR,
64.384,P1Y,0,,A,PU,_Z,2,,,False,WB_WDI,WB_WDI_SP_DYN_LE00_IN,TLS,_T,_T,_T,_Z,_Z,_Z,2012,A,YR,
57.953,P1Y,0,,A,PU,_Z,2,,,False,WB_WDI,WB_WDI_SP_DYN_LE00_IN,TGO,_T,_T,_T,_Z,_Z,_Z,2012,A,YR,
71.546,P1Y,0,,A,PU,_Z,2,,,False,WB_WDI,WB_WDI_SP_DYN_LE00_IN,TON,_T,_T,_T,_Z,_Z,_Z,2012,A,YR,
66.465,P1Y,0,,A,PU,_Z,2,,,False,WB_WDI,WB_WDI_SP_DYN_LE00_IN,IRQ,_T,_T,_T,_Z,_Z,_Z,2008,A,YR,
80.095122,P1Y,0,,A,PU,_Z,2,,,False,WB_WDI,WB_WDI_SP_DYN_LE00_IN,IRL,_T,_T,_T,_Z,_Z,_Z,2008,A,YR,
78.899,P1Y,0,,A,PU,_Z,2,,,False,WB_WDI,WB_WDI_SP_DYN_LE00_IN,IMN,_T,_T,_T,_Z,_Z,_Z,2008,A,YR,
80.95122,P1Y,0,,A,PU,_Z,2,,,False,WB_WDI,WB_WDI_SP_DYN_LE00_IN,ISR,_T,_T,_T,_Z,_Z,_Z,2008,A,YR,
81.485366,P1Y,0,,A,PU,_Z,2,,,False,WB_WDI,WB_WDI_SP_DYN_LE00_IN,ITA,_T,_T,_T,_Z,_Z,_Z,2008,A,YR,
71.502,P1Y,0,,A,PU,_Z,2,,,False,WB_WDI,WB_WDI_SP_DYN_LE00_IN,JAM,_T,_T,_T,_Z,_Z,_Z,2008,A,YR,
82.587561,P1Y,0,,A,PU,_Z,2,,,False,WB_WDI,WB_WDI_SP_DYN_LE00_IN,JPN,_T,_T,_T,_Z,_Z,_Z,2008,A,YR,
73.563,P1Y,0,,A,PU,_Z,2,,,False,WB_WDI,WB_WDI_SP_DYN_LE00_IN,JOR,_T,_T,_T,_Z,_Z,_Z,2008,A,YR,
66.759,P1Y,0,,A,PU,_Z,2,,,False,WB_WDI,WB_WDI_SP_DYN_LE00_IN,KAZ,_T,_T,_T,_Z,_Z,_Z,2008,A,YR,
59.955,P1Y,0,,A,PU,_Z,2,,,False,WB_WDI,WB_WDI_SP_DYN_LE00_IN,KEN,_T,_T,_T,_Z,_Z,_Z,2008,A,YR,
65.746,P1Y,0,,A,PU,_Z,2,,,False,WB_WDI,WB_WDI_SP_DYN_LE00_IN,KIR,_T,_T,_T,_Z,_Z,_Z,2008,A,YR,
69.303,P1Y,0,,A,PU,_Z,2,,,False,WB_WDI,WB_WDI_SP_DYN_LE00_IN,PRK,_T,_T,_T,_Z,_Z,_Z,2008,A,YR,
79.517073,P1Y,0,,A,PU,_Z,2,,,False,WB_WDI,WB_WDI_SP_DYN_LE00_IN,KOR,_T,_T,_T,_Z,_Z,_Z,2008,A,YR,
76.477,P1Y,0,,A,PU,_Z,2,,,False,WB_WDI,WB_WDI_SP_DYN_LE00_IN,GUM,_T,_T,_T,_Z,_Z,_Z,2006,A,YR,
68.79,P1Y,0,,A,PU,_Z,2,,,False,WB_WDI,WB_WDI_SP_DYN_LE00_IN,GTM,_T,_T,_T,_Z,_Z,_Z,2006,A,YR,
54.875,P1Y,0,,A,PU,_Z,2,,,False,WB_WDI,WB_WDI_SP_DYN_LE00_IN,GIN,_T,_T,_T,_Z,_Z,_Z,2006,A,YR,
54.089,P1Y,0,,A,PU,_Z,2,,,False,WB_WDI,WB_WDI_SP_DYN_LE00_IN,GNB,_T,_T,_T,_Z,_Z,_Z,2006,A,YR,
64.848,P1Y,0,,A,PU,_Z,2,,,False,WB_WDI,WB_WDI_SP_DYN_LE00_IN,GUY,_T,_T,_T,_Z,_Z,_Z,2006,A,YR,
60.74,P1Y,0,,A,PU,_Z,2,,,False,WB_WDI,WB_WDI_SP_DYN_LE00_IN,HTI,_T,_T,_T,_Z,_Z,_Z,2006,A,YR,
69.364,P1Y,0,,A,PU,_Z,2,,,False,WB_WDI,WB_WDI_SP_DYN_LE00_IN,HND,_T,_T,_T,_Z,_Z,_Z,2006,A,YR,
82.384878,P1Y,0,,A,PU,_Z,2,,,False,WB_WDI,WB_WDI_SP_DYN_LE00_IN,HKG,_T,_T,_T,_Z,_Z,_Z,2006,A,YR,
73.097561,P1Y,0,,A,PU,_Z,2,,,False,WB_WDI,WB_WDI_SP_DYN_LE00_IN,HUN,_T,_T,_T,_Z,_Z,_Z,2006,A,YR,
81.158537,P1Y,0,,A,PU,_Z,2,,,False,WB_WDI,WB_WDI_SP_DYN_LE00_IN,ISL,_T,_T,_T,_Z,_Z,_Z,2006,A,YR,
65.373,P1Y,0,,A,PU,_Z,2,,,False,WB_WDI,WB_WDI_SP_DYN_LE00_IN,IND,_T,_T,_T,_Z,_Z,_Z,2006,A,YR,
67.664,P1Y,0,,A,PU,_Z,2,,,False,WB_WDI,WB_WDI_SP_DYN_LE00_IN,IDN,_T,_T,_T,_Z,_Z,_Z,2006,A,YR,
73.257,P1Y,0,,A,PU,_Z,2,,,False,WB_WDI,WB_WDI_SP_DYN_LE00_IN,DZA,_T,_T,_T,_Z,_Z,_Z,2020,A,YR,
72.672,P1Y,0,,A,PU,_Z,2,,,False,WB_WDI,WB_WDI_SP_DYN_LE00_IN,ASM,_T,_T,_T,_Z,_Z,_Z,2020,A,YR,
79.418,P1Y,0,,A,PU,_Z,2,,,False,WB_WDI,WB_WDI_SP_DYN_LE00_IN,AND,_T,_T,_T,_Z,_Z,_Z,2020,A,YR,
63.116,P1Y,0,,A,PU,_Z,2,,,False,WB_WDI,WB_WDI_SP_DYN_LE00_IN,AGO,_T,_T,_T,_Z,_Z,_Z,2020,A,YR,
77.161,P1Y,0,,A,PU,_Z,2,,,False,WB_WDI,WB_WDI_SP_DYN_LE00_IN,ATG,_T,_T,_T,_Z,_Z,_Z,2020,A,YR,
75.878,P1Y,0,,A,PU,_Z,2,,,False,WB_WDI,WB_WDI_SP_DYN_LE00_IN,ARG,_T,_T,_T,_Z,_Z,_Z,2020,A,YR,
73.37561,P1Y,0,,A,PU,_Z,2,,,False,WB_WDI,WB_WDI_SP_DYN_LE00_IN,ARM,_T,_T,_T,_Z,_Z,_Z,2020,A,YR,
75.406,P1Y,0,,A,PU,_Z,2,,,False,WB_WDI,WB_WDI_SP_DYN_LE00_IN,ABW,_T,_T,_T,_Z,_Z,_Z,2020,A,YR,
83.2,P1Y,0,,A,PU,_Z,2,,,False,WB_WDI,WB_WDI_SP_DYN_LE00_IN,AUS,_T,_T,_T,_Z,_Z,_Z,2020,A,YR,
81.192683,P1Y,0,,A,PU,_Z,2,,,False,WB_WDI,WB_WDI_SP_DYN_LE00_IN,AUT,_T,_T,_T,_Z,_Z,_Z,2020,A,YR,
70.312,P1Y,0,,A,PU,_Z,2,,,False,WB_WDI,WB_WDI_SP_DYN_LE00_IN,AZE,_T,_T,_T,_Z,_Z,_Z,2020,A,YR,
72.994,P1Y,0,,A,PU,_Z,2,,,False,WB_WDI,WB_WDI_SP_DYN_LE00_IN,BHS,_T,_T,_T,_Z,_Z,_Z,2020,A,YR,
78.683,P1Y,0,,A,PU,_Z,2,,,False,WB_WDI,WB_WDI_SP_DYN_LE00_IN,BHR,_T,_T,_T,_Z,_Z,_Z,2020,A,YR,
75.539024,P1Y,0,,A,PU,_Z,2,,,False,WB_WDI,WB_WDI_SP_DYN_LE00_IN,SRB,_T,_T,_T,_Z,_Z,_Z,2017,A,YR,
74.3,P1Y,0,,A,PU,_Z,2,,,False,WB_WDI,WB_WDI_SP_DYN_LE00_IN,SYC,_T,_T,_T,_Z,_Z,_Z,2017,A,YR,
57.761,P1Y,0,,A,PU,_Z,2,,,False,WB_WDI,WB_WDI_SP_DYN_LE00_IN,SLE,_T,_T,_T,_Z,_Z,_Z,2017,A,YR,
83.095122,P1Y,0,,A,PU,_Z,2,,,False,WB_WDI,WB_WDI_SP_DYN_LE00_IN,SGP,_T,_T,_T,_Z,_Z,_Z,2017,A,YR,
75.455,P1Y,0,,A,PU,_Z,2,,,False,WB_WDI,WB_WDI_SP_DYN_LE00_IN,SXM,_T,_T,_T,_Z,_Z,_Z,2017,A,YR,
77.165854,P1Y,0,,A,PU,_Z,2,,,False,WB_WDI,WB_WDI_SP_DYN_LE00_IN,SVK,_T,_T,_T,_Z,_Z,_Z,2017,A,YR,
81.029268,P1Y,0,,A,PU,_Z,2,,,False,WB_WDI,WB_WDI_SP_DYN_LE00_IN,SVN,_T,_T,_T,_Z,_Z,_Z,2017,A,YR,
69.652,P1Y,0,,A,PU,_Z,2,,,False,WB_WDI,WB_WDI_SP_DYN_LE00_IN,SLB,_T,_T,_T,_Z,_Z,_Z,2017,A,YR,
52.19,P1Y,0,,A,PU,_Z,2,,,False,WB_WDI,WB_WDI_SP_DYN_LE00_IN,SOM,_T,_T,_T,_Z,_Z,_Z,2017,A,YR,
65.422,P1Y,0,,A,PU,_Z,2,,,False,WB_WDI,WB_WDI_SP_DYN_LE00_IN,ZAF,_T,_T,_T,_Z,_Z,_Z,2017,A,YR,
35.351,P1Y,0,,A,PU,_Z,2,,,False,WB_WDI,WB_WDI_SP_DYN_LE00_IN,SSD,_T,_T,_T,_Z,_Z,_Z,2017,A,YR,
83.282927,P1Y,0,,A,PU,_Z,2,,,False,WB_WDI,WB_WDI_SP_DYN_LE00_IN,ESP,_T,_T,_T,_Z,_Z,_Z,2017,A,YR,
64.834,P1Y,0,,A,PU,_Z,2,,,False,WB_WDI,WB_WDI_SP_DYN_LE00_IN,IRQ,_T,_T,_T,_Z,_Z,_Z,2003,A,YR,
78.139024,P1Y,0,,A,PU,_Z,2,,,False,WB_WDI,WB_WDI_SP_DYN_LE00_IN,IRL,_T,_T,_T,_Z,_Z,_Z,2003,A,YR,
76.319,P1Y,0,,A,PU,_Z,2,,,False,WB_WDI,WB_WDI_SP_DYN_LE00_IN,IMN,_T,_T,_T,_Z,_Z,_Z,2003,A,YR,
79.64878,P1Y,0,,A,PU,_Z,2,,,False,WB_WDI,WB_WDI_SP_DYN_LE00_IN,ISR,_T,_T,_T,_Z,_Z,_Z,2003,A,YR,
79.982927,P1Y,0,,A,PU,_Z,2,,,False,WB_WDI,WB_WDI_SP_DYN_LE00_IN,ITA,_T,_T,_T,_Z,_Z,_Z,2003,A,YR,
71.585,P1Y,0,,A,PU,_Z,2,,,False,WB_WDI,WB_WDI_SP_DYN_LE00_IN,JAM,_T,_T,_T,_Z,_Z,_Z,2003,A,YR,
81.76,P1Y,0,,A,PU,_Z,2,,,False,WB_WDI,WB_WDI_SP_DYN_LE00_IN,JPN,_T,_T,_T,_Z,_Z,_Z,2003,A,YR,
72.585,P1Y,0,,A,PU,_Z,2,,,False,WB_WDI,WB_WDI_SP_DYN_LE00_IN,JOR,_T,_T,_T,_Z,_Z,_Z,2003,A,YR,
64.753,P1Y,0,,A,PU,_Z,2,,,False,WB_WDI,WB_WDI_SP_DYN_LE00_IN,KAZ,_T,_T,_T,_Z,_Z,_Z,2003,A,YR,
57.369,P1Y,0,,A,PU,_Z,2,,,False,WB_WDI,WB_WDI_SP_DYN_LE00_IN,KEN,_T,_T,_T,_Z,_Z,_Z,2003,A,YR,
65.287,P1Y,0,,A,PU,_Z,2,,,False,WB_WDI,WB_WDI_SP_DYN_LE00_IN,KIR,_T,_T,_T,_Z,_Z,_Z,2003,A,YR,
69.399,P1Y,0,,A,PU,_Z,2,,,False,WB_WDI,WB_WDI_SP_DYN_LE00_IN,PRK,_T,_T,_T,_Z,_Z,_Z,2003,A,YR,
77.214634,P1Y,0,,A,PU,_Z,2,,,False,WB_WDI,WB_WDI_SP_DYN_LE00_IN,KOR,_T,_T,_T,_Z,_Z,_Z,2003,A,YR,
72.678,P1Y,0,,A,PU,_Z,2,,,False,WB_WDI,WB_WDI_SP_DYN_LE00_IN,XKX,_T,_T,_T,_Z,_Z,_Z,2003,A,YR,
49.476,P1Y,0,,A,PU,_Z,2,,,False,WB_WDI,WB_WDI_SP_DYN_LE00_IN,MOZ,_T,_T,_T,_Z,_Z,_Z,2000,A,YR,
60.357,P1Y,0,,A,PU,_Z,2,,,False,WB_WDI,WB_WDI_SP_DYN_LE00_IN,MMR,_T,_T,_T,_Z,_Z,_Z,2000,A,YR,
52.946,P1Y,0,,A,PU,_Z,2,,,False,WB_WDI,WB_WDI_SP_DYN_LE00_IN,NAM,_T,_T,_T,_Z,_Z,_Z,2000,A,YR,
59.574,P1Y,0,,A,PU,_Z,2,,,False,WB_WDI,WB_WDI_SP_DYN_LE00_IN,NRU,_T,_T,_T,_Z,_Z,_Z,2000,A,YR,
62.642,P1Y,0,,A,PU,_Z,2,,,False,WB_WDI,WB_WDI_SP_DYN_LE00_IN,NPL,_T,_T,_T,_Z,_Z,_Z,2000,A,YR,
77.987805,P1Y,0,,A,PU,_Z,2,,,False,WB_WDI,WB_WDI_SP_DYN_LE00_IN,NLD,_T,_T,_T,_Z,_Z,_Z,2000,A,YR,
73.574,P1Y,0,,A,PU,_Z,2,,,False,WB_WDI,WB_WDI_SP_DYN_LE00_IN,NCL,_T,_T,_T,_Z,_Z,_Z,2000,A,YR,
78.636585,P1Y,0,,A,PU,_Z,2,,,False,WB_WDI,WB_WDI_SP_DYN_LE00_IN,NZL,_T,_T,_T,_Z,_Z,_Z,2000,A,YR,
66.36,P1Y,0,,A,PU,_Z,2,,,False,WB_WDI,WB_WDI_SP_DYN_LE00_IN,NIC,_T,_T,_T,_Z,_Z,_Z,2000,A,YR,
49.172,P1Y,0,,A,PU,_Z,2,,,False,WB_WDI,WB_WDI_SP_DYN_LE00_IN,NER,_T,_T,_T,_Z,_Z,_Z,2000,A,YR,
47.143,P1Y,0,,A,PU,_Z,2,,,False,WB_WDI,WB_WDI_SP_DYN_LE00_IN,NGA,_T,_T,_T,_Z,_Z,_Z,2000,A,YR,
72.946341,P1Y,0,,A,PU,_Z,2,,,False,WB_WDI,WB_WDI_SP_DYN_LE00_IN,MKD,_T,_T,_T,_Z,_Z,_Z,2000,A,YR,
74.9,P1Y,0,,A,PU,_Z,2,,,False,WB_WDI,WB_WDI_SP_DYN_LE00_IN,MNP,_T,_T,_T,_Z,_Z,_Z,2000,A,YR,
78.634146,P1Y,0,,A,PU,_Z,2,,,False,WB_WDI,WB_WDI_SP_DYN_LE00_IN,NOR,_T,_T,_T,_Z,_Z,_Z,2000,A,YR,
76.672,P1Y,0,,A,PU,_Z,2,,,False,WB_WDI,WB_WDI_SP_DYN_LE00_IN,TCA,_T,_T,_T,_Z,_Z,_Z,2009,A,YR,
64.693,P1Y,0,,A,PU,_Z,2,,,False,WB_WDI,WB_WDI_SP_DYN_LE00_IN,TUV,_T,_T,_T,_Z,_Z,_Z,2009,A,YR,
59.157,P1Y,0,,A,PU,_Z,2,,,False,WB_WDI,WB_WDI_SP_DYN_LE00_IN,UGA,_T,_T,_T,_Z,_Z,_Z,2009,A,YR,
69.159,P1Y,0,,A,PU,_Z,2,,,False,WB_WDI,WB_WDI_SP_DYN_LE00_IN,UKR,_T,_T,_T,_Z,_Z,_Z,2009,A,YR,
81.679,P1Y,0,,A,PU,_Z,2,,,False,WB_WDI,WB_WDI_SP_DYN_LE00_IN,ARE,_T,_T,_T,_Z,_Z,_Z,2009,A,YR,
80.05122,P1Y,0,,A,PU,_Z,2,,,False,WB_WDI,WB_WDI_SP_DYN_LE00_IN,GBR,_T,_T,_T,_Z,_Z,_Z,2009,A,YR,
78.390244,P1Y,0,,A,PU,_Z,2,,,False,WB_WDI,WB_WDI_SP_DYN_LE00_IN,USA,_T,_T,_T,_Z,_Z,_Z,2009,A,YR,
76.67,P1Y,0,,A,PU,_Z,2,,,False,WB_WDI,WB_WDI_SP_DYN_LE00_IN,URY,_T,_T,_T,_Z,_Z,_Z,2009,A,YR,
69.517,P1Y,0,,A,PU,_Z,2,,,False,WB_WDI,WB_WDI_SP_DYN_LE00_IN,UZB,_T,_T,_T,_Z,_Z,_Z,2009,A,YR,
69.422,P1Y,0,,A,PU,_Z,2,,,False,WB_WDI,WB_WDI_SP_DYN_LE00_IN,VUT,_T,_T,_T,_Z,_Z,_Z,2009,A,YR,
72.785,P1Y,0,,A,PU,_Z,2,,,False,WB_WDI,WB_WDI_SP_DYN_LE00_IN,VEN,_T,_T,_T,_Z,_Z,_Z,2009,A,YR,
73.525,P1Y,0,,A,PU,_Z,2,,,False,WB_WDI,WB_WDI_SP_DYN_LE00_IN,VNM,_T,_T,_T,_Z,_Z,_Z,2009,A,YR,
77.514634,P1Y,0,,A,PU,_Z,2,,,False,WB_WDI,WB_WDI_SP_DYN_LE00_IN,VIR,_T,_T,_T,_Z,_Z,_Z,2009,A,YR,
79.354,P1Y,0,,A,PU,_Z,2,,,False,WB_WDI,WB_WDI_SP_DYN_LE00_IN,CRI,_T,_T,_T,_Z,_Z,_Z,2010,A,YR,
55.282,P1Y,0,,A,PU,_Z,2,,,False,WB_WDI,WB_WDI_SP_DYN_LE00_IN,CIV,_T,_T,_T,_Z,_Z,_Z,2010,A,YR,
76.47561,P1Y,0,,A,PU,_Z,2,,,False,WB_WDI,WB_WDI_SP_DYN_LE00_IN,HRV,_T,_T,_T,_Z,_Z,_Z,2010,A,YR,
77.876,P1Y,0,,A,PU,_Z,2,,,False,WB_WDI,WB_WDI_SP_DYN_LE00_IN,CUB,_T,_T,_T,_Z,_Z,_Z,2010,A,YR,
75.117,P1Y,0,,A,PU,_Z,2,,,False,WB_WDI,WB_WDI_SP_DYN_LE00_IN,CUW,_T,_T,_T,_Z,_Z,_Z,2010,A,YR,
80.632,P1Y,0,,A,PU,_Z,2,,,False,WB_WDI,WB_WDI_SP_DYN_LE00_IN,CYP,_T,_T,_T,_Z,_Z,_Z,2010,A,YR,
77.42439,P1Y,0,,A,PU,_Z,2,,,False,WB_WDI,WB_WDI_SP_DYN_LE00_IN,CZE,_T,_T,_T,_Z,_Z,_Z,2010,A,YR,
79.1,P1Y,0,,A,PU,_Z,2,,,False,WB_WDI,WB_WDI_SP_DYN_LE00_IN,DNK,_T,_T,_T,_Z,_Z,_Z,2010,A,YR,
60.743,P1Y,0,,A,PU,_Z,2,,,False,WB_WDI,WB_WDI_SP_DYN_LE00_IN,DJI,_T,_T,_T,_Z,_Z,_Z,2010,A,YR,
71.68,P1Y,0,,A,PU,_Z,2,,,False,WB_WDI,WB_WDI_SP_DYN_LE00_IN,DMA,_T,_T,_T,_Z,_Z,_Z,2010,A,YR,
72.039,P1Y,0,,A,PU,_Z,2,,,False,WB_WDI,WB_WDI_SP_DYN_LE00_IN,DOM,_T,_T,_T,_Z,_Z,_Z,2010,A,YR,
71.901,P1Y,0,,A,PU,_Z,2,,,False,WB_WDI,WB_WDI_SP_DYN_LE00_IN,DMA,_T,_T,_T,_Z,_Z,_Z,2007,A,YR,
71.097,P1Y,0,,A,PU,_Z,2,,,False,WB_WDI,WB_WDI_SP_DYN_LE00_IN,DOM,_T,_T,_T,_Z,_Z,_Z,2007,A,YR,
74.226,P1Y,0,,A,PU,_Z,2,,,False,WB_WDI,WB_WDI_SP_DYN_LE00_IN,ECU,_T,_T,_T,_Z,_Z,_Z,2007,A,YR,
68.627,P1Y,0,,A,PU,_Z,2,,,False,WB_WDI,WB_WDI_SP_DYN_LE00_IN,EGY,_T,_T,_T,_Z,_Z,_Z,2007,A,YR,
69.82,P1Y,0,,A,PU,_Z,2,,,False,WB_WDI,WB_WDI_SP_DYN_LE00_IN,SLV,_T,_T,_T,_Z,_Z,_Z,2007,A,YR,
56.857,P1Y,0,,A,PU,_Z,2,,,False,WB_WDI,WB_WDI_SP_DYN_LE00_IN,GNQ,_T,_T,_T,_Z,_Z,_Z,2007,A,YR,
61.998,P1Y,0,,A,PU,_Z,2,,,False,WB_WDI,WB_WDI_SP_DYN_LE00_IN,ERI,_T,_T,_T,_Z,_Z,_Z,2007,A,YR,
72.814634,P1Y,0,,A,PU,_Z,2,,,False,WB_WDI,WB_WDI_SP_DYN_LE00_IN,EST,_T,_T,_T,_Z,_Z,_Z,2007,A,YR,
45.16,P1Y,0,,A,PU,_Z,2,,,False,WB_WDI,WB_WDI_SP_DYN_LE00_IN,SWZ,_T,_T,_T,_Z,_Z,_Z,2007,A,YR,
56.566,P1Y,0,,A,PU,_Z,2,,,False,WB_WDI,WB_WDI_SP_DYN_LE00_IN,ETH,_T,_T,_T,_Z,_Z,_Z,2007,A,YR,
79.923824,P1Y,0,,A,PU,_Z,2,,,False,WB_WDI,WB_WDI_SP_DYN_LE00_IN,FRO,_T,_T,_T,_Z,_Z,_Z,2007,A,YR,
66.161,P1Y,0,,A,PU,_Z,2,,,False,WB_WDI,WB_WDI_SP_DYN_LE00_IN,FJI,_T,_T,_T,_Z,_Z,_Z,2007,A,YR,
55.581,P1Y,0,,A,PU,_Z,2,,,False,WB_WDI,WB_WDI_SP_DYN_LE00_IN,BDI,_T,_T,_T,_Z,_Z,_Z,2008,A,YR,
71.888,P1Y,0,,A,PU,_Z,2,,,False,WB_WDI,WB_WDI_SP_DYN_LE00_IN,CPV,_T,_T,_T,_Z,_Z,_Z,2008,A,YR,
66.147,P1Y,0,,A,PU,_Z,2,,,False,WB_WDI,WB_WDI_SP_DYN_LE00_IN,KHM,_T,_T,_T,_Z,_Z,_Z,2008,A,YR,
56.116,P1Y,0,,A,PU,_Z,2,,,False,WB_WDI,WB_WDI_SP_DYN_LE00_IN,CMR,_T,_T,_T,_Z,_Z,_Z,2008,A,YR,
80.724634,P1Y,0,,A,PU,_Z,2,,,False,WB_WDI,WB_WDI_SP_DYN_LE00_IN,CAN,_T,_T,_T,_Z,_Z,_Z,2008,A,YR,
75.386,P1Y,0,,A,PU,_Z,2,,,False,WB_WDI,WB_WDI_SP_DYN_LE00_IN,CYM,_T,_T,_T,_Z,_Z,_Z,2008,A,YR,
49.873,P1Y,0,,A,PU,_Z,2,,,False,WB_WDI,WB_WDI_SP_DYN_LE00_IN,CAF,_T,_T,_T,_Z,_Z,_Z,2008,A,YR,
49.503,P1Y,0,,A,PU,_Z,2,,,False,WB_WDI,WB_WDI_SP_DYN_LE00_IN,TCD,_T,_T,_T,_Z,_Z,_Z,2008,A,YR,
80.8,P1Y,0,,A,PU,_Z,2,,,False,WB_WDI,WB_WDI_SP_DYN_LE00_IN,CHI,_T,_T,_T,_Z,_Z,_Z,2008,A,YR,
78.752,P1Y,0,,A,PU,_Z,2,,,False,WB_WDI,WB_WDI_SP_DYN_LE00_IN,CHL,_T,_T,_T,_Z,_Z,_Z,2008,A,YR,
74.833,P1Y,0,,A,PU,_Z,2,,,False,WB_WDI,WB_WDI_SP_DYN_LE00_IN,CHN,_T,_T,_T,_Z,_Z,_Z,2008,A,YR,
74.206,P1Y,0,,A,PU,_Z,2,,,False,WB_WDI,WB_WDI_SP_DYN_LE00_IN,COL,_T,_T,_T,_Z,_Z,_Z,2008,A,YR,
76.275,P1Y,0,,A,PU,_Z,2,,,False,WB_WDI,WB_WDI_SP_DYN_LE00_IN,PER,_T,_T,_T,_Z,_Z,_Z,2019,A,YR,
69.68,P1Y,0,,A,PU,_Z,2,,,False,WB_WDI,WB_WDI_SP_DYN_LE00_IN,PHL,_T,_T,_T,_Z,_Z,_Z,2019,A,YR,
77.904878,P1Y,0,,A,PU,_Z,2,,,False,WB_WDI,WB_WDI_SP_DYN_LE00_IN,POL,_T,_T,_T,_Z,_Z,_Z,2019,A,YR,
81.67561,P1Y,0,,A,PU,_Z,2,,,False,WB_WDI,WB_WDI_SP_DYN_LE00_IN,PRT,_T,_T,_T,_Z,_Z,_Z,2019,A,YR,
81.438,P1Y,0,,A,PU,_Z,2,,,False,WB_WDI,WB_WDI_SP_DYN_LE00_IN,PRI,_T,_T,_T,_Z,_Z,_Z,2019,A,YR,
82.945,P1Y,0,,A,PU,_Z,2,,,False,WB_WDI,WB_WDI_SP_DYN_LE00_IN,QAT,_T,_T,_T,_Z,_Z,_Z,2019,A,YR,
75.607317,P1Y,0,,A,PU,_Z,2,,,False,WB_WDI,WB_WDI_SP_DYN_LE00_IN,ROU,_T,_T,_T,_Z,_Z,_Z,2019,A,YR,
73.083902,P1Y,0,,A,PU,_Z,2,,,False,WB_WDI,WB_WDI_SP_DYN_LE00_IN,RUS,_T,_T,_T,_Z,_Z,_Z,2019,A,YR,
66.691,P1Y,0,,A,PU,_Z,2,,,False,WB_WDI,WB_WDI_SP_DYN_LE00_IN,RWA,_T,_T,_T,_Z,_Z,_Z,2019,A,YR,
70.269,P1Y,0,,A,PU,_Z,2,,,False,WB_WDI,WB_WDI_SP_DYN_LE00_IN,WSM,_T,_T,_T,_Z,_Z,_Z,2019,A,YR,
85.257,P1Y,0,,A,PU,_Z,2,,,False,WB_WDI,WB_WDI_SP_DYN_LE00_IN,SMR,_T,_T,_T,_Z,_Z,_Z,2019,A,YR,
71.421,P1Y,0,,A,PU,_Z,2,,,False,WB_WDI,WB_WDI_SP_DYN_LE00_IN,BGD,_T,_T,_T,_Z,_Z,_Z,2020,A,YR,
76.647,P1Y,0,,A,PU,_Z,2,,,False,WB_WDI,WB_WDI_SP_DYN_LE00_IN,BRB,_T,_T,_T,_Z,_Z,_Z,2020,A,YR,
72.138561,P1Y,0,,A,PU,_Z,2,,,False,WB_WDI,WB_WDI_SP_DYN_LE00_IN,BLR,_T,_T,_T,_Z,_Z,_Z,2020,A,YR,
80.695122,P1Y,0,,A,PU,_Z,2,,,False,WB_WDI,WB_WDI_SP_DYN_LE00_IN,BEL,_T,_T,_T,_Z,_Z,_Z,2020,A,YR,
71.58,P1Y,0,,A,PU,_Z,2,,,False,WB_WDI,WB_WDI_SP_DYN_LE00_IN,BLZ,_T,_T,_T,_Z,_Z,_Z,2020,A,YR,
60.154,P1Y,0,,A,PU,_Z,2,,,False,WB_WDI,WB_WDI_SP_DYN_LE00_IN,BEN,_T,_T,_T,_Z,_Z,_Z,2020,A,YR,
81.456,P1Y,0,,A,PU,_Z,2,,,False,WB_WDI,WB_WDI_SP_DYN_LE00_IN,BMU,_T,_T,_T,_Z,_Z,_Z,2020,A,YR,
72.253,P1Y,0,,A,PU,_Z,2,,,False,WB_WDI,WB_WDI_SP_DYN_LE00_IN,BTN,_T,_T,_T,_Z,_Z,_Z,2020,A,YR,
62.906,P1Y,0,,A,PU,_Z,2,,,False,WB_WDI,WB_WDI_SP_DYN_LE00_IN,BOL,_T,_T,_T,_Z,_Z,_Z,2020,A,YR,
76.04,P1Y,0,,A,PU,_Z,2,,,False,WB_WDI,WB_WDI_SP_DYN_LE00_IN,BIH,_T,_T,_T,_Z,_Z,_Z,2020,A,YR,
67.643,P1Y,0,,A,PU,_Z,2,,,False,WB_WDI,WB_WDI_SP_DYN_LE00_IN,BWA,_T,_T,_T,_Z,_Z,_Z,2020,A,YR,
76.141463,P1Y,0,,A,PU,_Z,2,,,False,WB_WDI,WB_WDI_SP_DYN_LE00_IN,SRB,_T,_T,_T,_Z,_Z,_Z,2023,A,YR,
75.419512,P1Y,0,,A,PU,_Z,2,,,False,WB_WDI,WB_WDI_SP_DYN_LE00_IN,SYC,_T,_T,_T,_Z,_Z,_Z,2023,A,YR,
61.786,P1Y,0,,A,PU,_Z,2,,,False,WB_WDI,WB_WDI_SP_DYN_LE00_IN,SLE,_T,_T,_T,_Z,_Z,_Z,2023,A,YR,
83.097561,P1Y,0,,A,PU,_Z,2,,,False,WB_WDI,WB_WDI_SP_DYN_LE00_IN,SGP,_T,_T,_T,_Z,_Z,_Z,2023,A,YR,
76.371,P1Y,0,,A,PU,_Z,2,,,False,WB_WDI,WB_WDI_SP_DYN_LE00_IN,SXM,_T,_T,_T,_Z,_Z,_Z,2023,A,YR,
78.119512,P1Y,0,,A,PU,_Z,2,,,False,WB_WDI,WB_WDI_SP_DYN_LE00_IN,SVK,_T,_T,_T,_Z,_Z,_Z,2023,A,YR,
81.929268,P1Y,0,,A,PU,_Z,2,,,False,WB_WDI,WB_WDI_SP_DYN_LE00_IN,SVN,_T,_T,_T,_Z,_Z,_Z,2023,A,YR,
70.528,P1Y,0,,A,PU,_Z,2,,,False,WB_WDI,WB_WDI_SP_DYN_LE00_IN,SLB,_T,_T,_T,_Z,_Z,_Z,2023,A,YR,
58.816,P1Y,0,,A,PU,_Z,2,,,False,WB_WDI,WB_WDI_SP_DYN_LE00_IN,SOM,_T,_T,_T,_Z,_Z,_Z,2023,A,YR,
66.139,P1Y,0,,A,PU,_Z,2,,,False,WB_WDI,WB_WDI_SP_DYN_LE00_IN,ZAF,_T,_T,_T,_Z,_Z,_Z,2023,A,YR,
57.617,P1Y,0,,A,PU,_Z,2,,,False,WB_WDI,WB_WDI_SP_DYN_LE00_IN,SSD,_T,_T,_T,_Z,_Z,_Z,2023,A,YR,
83.934146,P1Y,0,,A,PU,_Z,2,,,False,WB_WDI,WB_WDI_SP_DYN_LE00_IN,ESP,_T,_T,_T,_Z,_Z,_Z,2023,A,YR,
77.483,P1Y,0,,A,PU,_Z,2,,,False,WB_WDI,WB_WDI_SP_DYN_LE00_IN,LKA,_T,_T,_T,_Z,_Z,_Z,2023,A,YR,
72.145,P1Y,0,,A,PU,_Z,2,,,False,WB_WDI,WB_WDI_SP_DYN_LE00_IN,KNA,_T,_T,_T,_Z,_Z,_Z,2023,A,YR,
74.711,P1Y,0,,A,PU,_Z,2,,,False,WB_WDI,WB_WDI_SP_DYN_LE00_IN,XKX,_T,_T,_T,_Z,_Z,_Z,2008,A,YR,
77.189049,P1Y,0,,A,PU,_Z,2,,,False,WB_WDI,WB_WDI_SP_DYN_LE00_IN,KWT,_T,_T,_T,_Z,_Z,_Z,2008,A,YR,
68.45122,P1Y,0,,A,PU,_Z,2,,,False,WB_WDI,WB_WDI_SP_DYN_LE00_IN,KGZ,_T,_T,_T,_Z,_Z,_Z,2008,A,YR,
62.248,P1Y,0,,A,PU,_Z,2,,,False,WB_WDI,WB_WDI_SP_DYN_LE00_IN,LAO,_T,_T,_T,_Z,_Z,_Z,2008,A,YR,
72.419512,P1Y,0,,A,PU,_Z,2,,,False,WB_WDI,WB_WDI_SP_DYN_LE00_IN,LVA,_T,_T,_T,_Z,_Z,_Z,2008,A,YR,
76.956,P1Y,0,,A,PU,_Z,2,,,False,WB_WDI,WB_WDI_SP_DYN_LE00_IN,LBN,_T,_T,_T,_Z,_Z,_Z,2008,A,YR,
44.304,P1Y,0,,A,PU,_Z,2,,,False,WB_WDI,WB_WDI_SP_DYN_LE00_IN,LSO,_T,_T,_T,_Z,_Z,_Z,2008,A,YR,
58.675,P1Y,0,,A,PU,_Z,2,,,False,WB_WDI,WB_WDI_SP_DYN_LE00_IN,LBR,_T,_T,_T,_Z,_Z,_Z,2008,A,YR,
71.936,P1Y,0,,A,PU,_Z,2,,,False,WB_WDI,WB_WDI_SP_DYN_LE00_IN,LBY,_T,_T,_T,_Z,_Z,_Z,2008,A,YR,
82.682927,P1Y,0,,A,PU,_Z,2,,,False,WB_WDI,WB_WDI_SP_DYN_LE00_IN,LIE,_T,_T,_T,_Z,_Z,_Z,2008,A,YR,
71.812195,P1Y,0,,A,PU,_Z,2,,,False,WB_WDI,WB_WDI_SP_DYN_LE00_IN,LTU,_T,_T,_T,_Z,_Z,_Z,2008,A,YR,
80.539024,P1Y,0,,A,PU,_Z,2,,,False,WB_WDI,WB_WDI_SP_DYN_LE00_IN,LUX,_T,_T,_T,_Z,_Z,_Z,2008,A,YR,
52.414,P1Y,0,,A,PU,_Z,2,,,False,WB_WDI,WB_WDI_SP_DYN_LE00_IN,UGA,_T,_T,_T,_Z,_Z,_Z,2003,A,YR,
67.638,P1Y,0,,A,PU,_Z,2,,,False,WB_WDI,WB_WDI_SP_DYN_LE00_IN,UKR,_T,_T,_T,_Z,_Z,_Z,2003,A,YR,
79.6,P1Y,0,,A,PU,_Z,2,,,False,WB_WDI,WB_WDI_SP_DYN_LE00_IN,ARE,_T,_T,_T,_Z,_Z,_Z,2003,A,YR,
78.446341,P1Y,0,,A,PU,_Z,2,,,False,WB_WDI,WB_WDI_SP_DYN_LE00_IN,GBR,_T,_T,_T,_Z,_Z,_Z,2003,A,YR,
77.036585,P1Y,0,,A,PU,_Z,2,,,False,WB_WDI,WB_WDI_SP_DYN_LE00_IN,USA,_T,_T,_T,_Z,_Z,_Z,2003,A,YR,
75.086,P1Y,0,,A,PU,_Z,2,,,False,WB_WDI,WB_WDI_SP_DYN_LE00_IN,URY,_T,_T,_T,_Z,_Z,_Z,2003,A,YR,
66.852,P1Y,0,,A,PU,_Z,2,,,False,WB_WDI,WB_WDI_SP_DYN_LE00_IN,UZB,_T,_T,_T,_Z,_Z,_Z,2003,A,YR,
68.933,P1Y,0,,A,PU,_Z,2,,,False,WB_WDI,WB_WDI_SP_DYN_LE00_IN,VUT,_T,_T,_T,_Z,_Z,_Z,2003,A,YR,
72.056,P1Y,0,,A,PU,_Z,2,,,False,WB_WDI,WB_WDI_SP_DYN_LE00_IN,VEN,_T,_T,_T,_Z,_Z,_Z,2003,A,YR,
73.236,P1Y,0,,A,PU,_Z,2,,,False,WB_WDI,WB_WDI_SP_DYN_LE00_IN,VNM,_T,_T,_T,_Z,_Z,_Z,2003,A,YR,
77.521951,P1Y,0,,A,PU,_Z,2,,,False,WB_WDI,WB_WDI_SP_DYN_LE00_IN,VIR,_T,_T,_T,_Z,_Z,_Z,2003,A,YR,
70.967,P1Y,0,,A,PU,_Z,2,,,False,WB_WDI,WB_WDI_SP_DYN_LE00_IN,PSE,_T,_T,_T,_Z,_Z,_Z,2003,A,YR,
64.407,P1Y,0,,A,PU,_Z,2,,,False,WB_WDI,WB_WDI_SP_DYN_LE00_IN,YEM,_T,_T,_T,_Z,_Z,_Z,2003,A,YR,
70.704,P1Y,0,,A,PU,_Z,2,,,False,WB_WDI,WB_WDI_SP_DYN_LE00_IN,IRQ,_T,_T,_T,_Z,_Z,_Z,2021,A,YR,
82.253659,P1Y,0,,A,PU,_Z,2,,,False,WB_WDI,WB_WDI_SP_DYN_LE00_IN,IRL,_T,_T,_T,_Z,_Z,_Z,2021,A,YR,
80.42,P1Y,0,,A,PU,_Z,2,,,False,WB_WDI,WB_WDI_SP_DYN_LE00_IN,IMN,_T,_T,_T,_Z,_Z,_Z,2021,A,YR,
82.5,P1Y,0,,A,PU,_Z,2,,,False,WB_WDI,WB_WDI_SP_DYN_LE00_IN,ISR,_T,_T,_T,_Z,_Z,_Z,2021,A,YR,
82.646341,P1Y,0,,A,PU,_Z,2,,,False,WB_WDI,WB_WDI_SP_DYN_LE00_IN,ITA,_T,_T,_T,_Z,_Z,_Z,2021,A,YR,
69.085,P1Y,0,,A,PU,_Z,2,,,False,WB_WDI,WB_WDI_SP_DYN_LE00_IN,JAM,_T,_T,_T,_Z,_Z,_Z,2021,A,YR,
84.44561,P1Y,0,,A,PU,_Z,2,,,False,WB_WDI,WB_WDI_SP_DYN_LE00_IN,JPN,_T,_T,_T,_Z,_Z,_Z,2021,A,YR,
74.204,P1Y,0,,A,PU,_Z,2,,,False,WB_WDI,WB_WDI_SP_DYN_LE00_IN,JOR,_T,_T,_T,_Z,_Z,_Z,2021,A,YR,
70.131,P1Y,0,,A,PU,_Z,2,,,False,WB_WDI,WB_WDI_SP_DYN_LE00_IN,KAZ,_T,_T,_T,_Z,_Z,_Z,2021,A,YR,
61.225,P1Y,0,,A,PU,_Z,2,,,False,WB_WDI,WB_WDI_SP_DYN_LE00_IN,KEN,_T,_T,_T,_Z,_Z,_Z,2021,A,YR,
64.148,P1Y,0,,A,PU,_Z,2,,,False,WB_WDI,WB_WDI_SP_DYN_LE00_IN,KIR,_T,_T,_T,_Z,_Z,_Z,2021,A,YR,
73.437,P1Y,0,,A,PU,_Z,2,,,False,WB_WDI,WB_WDI_SP_DYN_LE00_IN,PRK,_T,_T,_T,_Z,_Z,_Z,2021,A,YR,
75.428,P1Y,0,,A,PU,_Z,2,,,False,WB_WDI,WB_WDI_SP_DYN_LE00_IN,ARG,_T,_T,_T,_Z,_Z,_Z,2008,A,YR,
73.073171,P1Y,0,,A,PU,_Z,2,,,False,WB_WDI,WB_WDI_SP_DYN_LE00_IN,ARM,_T,_T,_T,_Z,_Z,_Z,2008,A,YR,
73.783,P1Y,0,,A,PU,_Z,2,,,False,WB_WDI,WB_WDI_SP_DYN_LE00_IN,ABW,_T,_T,_T,_Z,_Z,_Z,2008,A,YR,
81.395122,P1Y,0,,A,PU,_Z,2,,,False,WB_WDI,WB_WDI_SP_DYN_LE00_IN,AUS,_T,_T,_T,_Z,_Z,_Z,2008,A,YR,
80.431707,P1Y,0,,A,PU,_Z,2,,,False,WB_WDI,WB_WDI_SP_DYN_LE00_IN,AUT,_T,_T,_T,_Z,_Z,_Z,2008,A,YR,
69.355,P1Y,0,,A,PU,_Z,2,,,False,WB_WDI,WB_WDI_SP_DYN_LE00_IN,AZE,_T,_T,_T,_Z,_Z,_Z,2008,A,YR,
73.445,P1Y,0,,A,PU,_Z,2,,,False,WB_WDI,WB_WDI_SP_DYN_LE00_IN,BHS,_T,_T,_T,_Z,_Z,_Z,2008,A,YR,
77.457,P1Y,0,,A,PU,_Z,2,,,False,WB_WDI,WB_WDI_SP_DYN_LE00_IN,BHR,_T,_T,_T,_Z,_Z,_Z,2008,A,YR,
67.047,P1Y,0,,A,PU,_Z,2,,,False,WB_WDI,WB_WDI_SP_DYN_LE00_IN,BGD,_T,_T,_T,_Z,_Z,_Z,2008,A,YR,
75.3,P1Y,0,,A,PU,_Z,2,,,False,WB_WDI,WB_WDI_SP_DYN_LE00_IN,BRB,_T,_T,_T,_Z,_Z,_Z,2008,A,YR,
70.456098,P1Y,0,,A,PU,_Z,2,,,False,WB_WDI,WB_WDI_SP_DYN_LE00_IN,BLR,_T,_T,_T,_Z,_Z,_Z,2008,A,YR,
79.680488,P1Y,0,,A,PU,_Z,2,,,False,WB_WDI,WB_WDI_SP_DYN_LE00_IN,BEL,_T,_T,_T,_Z,_Z,_Z,2008,A,YR,
72.173104,P1Y,0,,A,PU,_Z,2,,,False,WB_WDI,WB_WDI_SP_DYN_LE00_IN,CSS,_T,_T,_T,_Z,_Z,_Z,2017,A,YR,
76.929789,P1Y,0,,A,PU,_Z,2,,,False,WB_WDI,WB_WDI_SP_DYN_LE00_IN,CEB,_T,_T,_T,_Z,_Z,_Z,2017,A,YR,
70.272995,P1Y,0,,A,PU,_Z,2,,,False,WB_WDI,WB_WDI_SP_DYN_LE00_IN,EAR,_T,_T,_T,_Z,_Z,_Z,2017,A,YR,
76.078992,P1Y,0,,A,PU,_Z,2,,,False,WB_WDI,WB_WDI_SP_DYN_LE00_IN,EAS,_T,_T,_T,_Z,_Z,_Z,2017,A,YR,
75.239671,P1Y,0,,A,PU,_Z,2,,,False,WB_WDI,WB_WDI_SP_DYN_LE00_IN,EAP,_T,_T,_T,_Z,_Z,_Z,2017,A,YR,
75.267164,P1Y,0,,A,PU,_Z,2,,,False,WB_WDI,WB_WDI_SP_DYN_LE00_IN,TEA,_T,_T,_T,_Z,_Z,_Z,2017,A,YR,
81.74702,P1Y,0,,A,PU,_Z,2,,,False,WB_WDI,WB_WDI_SP_DYN_LE00_IN,EMU,_T,_T,_T,_Z,_Z,_Z,2017,A,YR,
77.899008,P1Y,0,,A,PU,_Z,2,,,False,WB_WDI,WB_WDI_SP_DYN_LE00_IN,ECS,_T,_T,_T,_Z,_Z,_Z,2017,A,YR,
74.403354,P1Y,0,,A,PU,_Z,2,,,False,WB_WDI,WB_WDI_SP_DYN_LE00_IN,ECA,_T,_T,_T,_Z,_Z,_Z,2017,A,YR,
74.131868,P1Y,0,,A,PU,_Z,2,,,False,WB_WDI,WB_WDI_SP_DYN_LE00_IN,TEC,_T,_T,_T,_Z,_Z,_Z,2017,A,YR,
80.930151,P1Y,0,,A,PU,_Z,2,,,False,WB_WDI,WB_WDI_SP_DYN_LE00_IN,EUU,_T,_T,_T,_Z,_Z,_Z,2017,A,YR,
62.317341,P1Y,0,,A,PU,_Z,2,,,False,WB_WDI,WB_WDI_SP_DYN_LE00_IN,HPC,_T,_T,_T,_Z,_Z,_Z,2017,A,YR,
79.853623,P1Y,0,,A,PU,_Z,2,,,False,WB_WDI,WB_WDI_SP_DYN_LE00_IN,HIC,_T,_T,_T,_Z,_Z,_Z,2017,A,YR,
73.409323,P1Y,0,,A,PU,_Z,2,,,False,WB_WDI,WB_WDI_SP_DYN_LE00_IN,LCN,_T,_T,_T,_Z,_Z,_Z,2010,A,YR,
73.11762,P1Y,0,,A,PU,_Z,2,,,False,WB_WDI,WB_WDI_SP_DYN_LE00_IN,LAC,_T,_T,_T,_Z,_Z,_Z,2010,A,YR,
73.284038,P1Y,0,,A,PU,_Z,2,,,False,WB_WDI,WB_WDI_SP_DYN_LE00_IN,TLA,_T,_T,_T,_Z,_Z,_Z,2010,A,YR,
61.042803,P1Y,0,,A,PU,_Z,2,,,False,WB_WDI,WB_WDI_SP_DYN_LE00_IN,LDC,_T,_T,_T,_Z,_Z,_Z,2010,A,YR,
68.82908,P1Y,0,,A,PU,_Z,2,,,False,WB_WDI,WB_WDI_SP_DYN_LE00_IN,LMY,_T,_T,_T,_Z,_Z,_Z,2010,A,YR,
59.922844,P1Y,0,,A,PU,_Z,2,,,False,WB_WDI,WB_WDI_SP_DYN_LE00_IN,LIC,_T,_T,_T,_Z,_Z,_Z,2010,A,YR,
65.088069,P1Y,0,,A,PU,_Z,2,,,False,WB_WDI,WB_WDI_SP_DYN_LE00_IN,LMC,_T,_T,_T,_Z,_Z,_Z,2010,A,YR,
69.210545,P1Y,0,,A,PU,_Z,2,,,False,WB_WDI,WB_WDI_SP_DYN_LE00_IN,MEA,_T,_T,_T,_Z,_Z,_Z,2010,A,YR,
68.491251,P1Y,0,,A,PU,_Z,2,,,False,WB_WDI,WB_WDI_SP_DYN_LE00_IN,MNA,_T,_T,_T,_Z,_Z,_Z,2010,A,YR,
68.459497,P1Y,0,,A,PU,_Z,2,,,False,WB_WDI,WB_WDI_SP_DYN_LE00_IN,TMN,_T,_T,_T,_Z,_Z,_Z,2010,A,YR,
69.715272,P1Y,0,,A,PU,_Z,2,,,False,WB_WDI,WB_WDI_SP_DYN_LE00_IN,MIC,_T,_T,_T,_Z,_Z,_Z,2010,A,YR,
78.816955,P1Y,0,,A,PU,_Z,2,,,False,WB_WDI,WB_WDI_SP_DYN_LE00_IN,NAC,_T,_T,_T,_Z,_Z,_Z,2010,A,YR,
67.594,P1Y,0,,A,PU,_Z,2,,,False,WB_WDI,WB_WDI_SP_DYN_LE00_IN,LAO,_T,_T,_T,_Z,_Z,_Z,2018,A,YR,
74.782927,P1Y,0,,A,PU,_Z,2,,,False,WB_WDI,WB_WDI_SP_DYN_LE00_IN,LVA,_T,_T,_T,_Z,_Z,_Z,2018,A,YR,
78.263,P1Y,0,,A,PU,_Z,2,,,False,WB_WDI,WB_WDI_SP_DYN_LE00_IN,LBN,_T,_T,_T,_Z,_Z,_Z,2018,A,YR,
54.638,P1Y,0,,A,PU,_Z,2,,,False,WB_WDI,WB_WDI_SP_DYN_LE00_IN,LSO,_T,_T,_T,_Z,_Z,_Z,2018,A,YR,
60.999,P1Y,0,,A,PU,_Z,2,,,False,WB_WDI,WB_WDI_SP_DYN_LE00_IN,LBR,_T,_T,_T,_Z,_Z,_Z,2018,A,YR,
73.151,P1Y,0,,A,PU,_Z,2,,,False,WB_WDI,WB_WDI_SP_DYN_LE00_IN,LBY,_T,_T,_T,_Z,_Z,_Z,2018,A,YR,
83.041463,P1Y,0,,A,PU,_Z,2,,,False,WB_WDI,WB_WDI_SP_DYN_LE00_IN,LIE,_T,_T,_T,_Z,_Z,_Z,2018,A,YR,
75.680488,P1Y,0,,A,PU,_Z,2,,,False,WB_WDI,WB_WDI_SP_DYN_LE00_IN,LTU,_T,_T,_T,_Z,_Z,_Z,2018,A,YR,
82.295122,P1Y,0,,A,PU,_Z,2,,,False,WB_WDI,WB_WDI_SP_DYN_LE00_IN,LUX,_T,_T,_T,_Z,_Z,_Z,2018,A,YR,
83.678049,P1Y,0,,A,PU,_Z,2,,,False,WB_WDI,WB_WDI_SP_DYN_LE00_IN,MAC,_T,_T,_T,_Z,_Z,_Z,2018,A,YR,
63.491,P1Y,0,,A,PU,_Z,2,,,False,WB_WDI,WB_WDI_SP_DYN_LE00_IN,MDG,_T,_T,_T,_Z,_Z,_Z,2018,A,YR,
64.464,P1Y,0,,A,PU,_Z,2,,,False,WB_WDI,WB_WDI_SP_DYN_LE00_IN,MWI,_T,_T,_T,_Z,_Z,_Z,2018,A,YR,
76.536585,P1Y,0,,A,PU,_Z,2,,,False,WB_WDI,WB_WDI_SP_DYN_LE00_IN,IRL,_T,_T,_T,_Z,_Z,_Z,2000,A,YR,
74.842,P1Y,0,,A,PU,_Z,2,,,False,WB_WDI,WB_WDI_SP_DYN_LE00_IN,IMN,_T,_T,_T,_Z,_Z,_Z,2000,A,YR,
78.953659,P1Y,0,,A,PU,_Z,2,,,False,WB_WDI,WB_WDI_SP_DYN_LE00_IN,ISR,_T,_T,_T,_Z,_Z,_Z,2000,A,YR,
79.778049,P1Y,0,,A,PU,_Z,2,,,False,WB_WDI,WB_WDI_SP_DYN_LE00_IN,ITA,_T,_T,_T,_Z,_Z,_Z,2000,A,YR,
71.281,P1Y,0,,A,PU,_Z,2,,,False,WB_WDI,WB_WDI_SP_DYN_LE00_IN,JAM,_T,_T,_T,_Z,_Z,_Z,2000,A,YR,
81.076098,P1Y,0,,A,PU,_Z,2,,,False,WB_WDI,WB_WDI_SP_DYN_LE00_IN,JPN,_T,_T,_T,_Z,_Z,_Z,2000,A,YR,
71.926,P1Y,0,,A,PU,_Z,2,,,False,WB_WDI,WB_WDI_SP_DYN_LE00_IN,JOR,_T,_T,_T,_Z,_Z,_Z,2000,A,YR,
63.793,P1Y,0,,A,PU,_Z,2,,,False,WB_WDI,WB_WDI_SP_DYN_LE00_IN,KAZ,_T,_T,_T,_Z,_Z,_Z,2000,A,YR,
56.084,P1Y,0,,A,PU,_Z,2,,,False,WB_WDI,WB_WDI_SP_DYN_LE00_IN,KEN,_T,_T,_T,_Z,_Z,_Z,2000,A,YR,
64.674,P1Y,0,,A,PU,_Z,2,,,False,WB_WDI,WB_WDI_SP_DYN_LE00_IN,KIR,_T,_T,_T,_Z,_Z,_Z,2000,A,YR,
60.911,P1Y,0,,A,PU,_Z,2,,,False,WB_WDI,WB_WDI_SP_DYN_LE00_IN,PRK,_T,_T,_T,_Z,_Z,_Z,2000,A,YR,
75.909756,P1Y,0,,A,PU,_Z,2,,,False,WB_WDI,WB_WDI_SP_DYN_LE00_IN,KOR,_T,_T,_T,_Z,_Z,_Z,2000,A,YR,
71.321,P1Y,0,,A,PU,_Z,2,,,False,WB_WDI,WB_WDI_SP_DYN_LE00_IN,XKX,_T,_T,_T,_Z,_Z,_Z,2000,A,YR,
76.225878,P1Y,0,,A,PU,_Z,2,,,False,WB_WDI,WB_WDI_SP_DYN_LE00_IN,KWT,_T,_T,_T,_Z,_Z,_Z,2000,A,YR,
80.470732,P1Y,0,,A,PU,_Z,2,,,False,WB_WDI,WB_WDI_SP_DYN_LE00_IN,FIN,_T,_T,_T,_Z,_Z,_Z,2011,A,YR,
82.114634,P1Y,0,,A,PU,_Z,2,,,False,WB_WDI,WB_WDI_SP_DYN_LE00_IN,FRA,_T,_T,_T,_Z,_Z,_Z,2011,A,YR,
81.434,P1Y,0,,A,PU,_Z,2,,,False,WB_WDI,WB_WDI_SP_DYN_LE00_IN,PYF,_T,_T,_T,_Z,_Z,_Z,2011,A,YR,
65.102,P1Y,0,,A,PU,_Z,2,,,False,WB_WDI,WB_WDI_SP_DYN_LE00_IN,GAB,_T,_T,_T,_Z,_Z,_Z,2011,A,YR,
61.561,P1Y,0,,A,PU,_Z,2,,,False,WB_WDI,WB_WDI_SP_DYN_LE00_IN,GMB,_T,_T,_T,_Z,_Z,_Z,2011,A,YR,
72.485,P1Y,0,,A,PU,_Z,2,,,False,WB_WDI,WB_WDI_SP_DYN_LE00_IN,GEO,_T,_T,_T,_Z,_Z,_Z,2011,A,YR,
80.436585,P1Y,0,,A,PU,_Z,2,,,False,WB_WDI,WB_WDI_SP_DYN_LE00_IN,DEU,_T,_T,_T,_Z,_Z,_Z,2011,A,YR,
61.617,P1Y,0,,A,PU,_Z,2,,,False,WB_WDI,WB_WDI_SP_DYN_LE00_IN,GHA,_T,_T,_T,_Z,_Z,_Z,2011,A,YR,
82.333,P1Y,0,,A,PU,_Z,2,,,False,WB_WDI,WB_WDI_SP_DYN_LE00_IN,GIB,_T,_T,_T,_Z,_Z,_Z,2011,A,YR,
80.731707,P1Y,0,,A,PU,_Z,2,,,False,WB_WDI,WB_WDI_SP_DYN_LE00_IN,GRC,_T,_T,_T,_Z,_Z,_Z,2011,A,YR,
69.614634,P1Y,0,,A,PU,_Z,2,,,False,WB_WDI,WB_WDI_SP_DYN_LE00_IN,GRL,_T,_T,_T,_Z,_Z,_Z,2011,A,YR,
74.861,P1Y,0,,A,PU,_Z,2,,,False,WB_WDI,WB_WDI_SP_DYN_LE00_IN,GRD,_T,_T,_T,_Z,_Z,_Z,2011,A,YR,
76.153,P1Y,0,,A,PU,_Z,2,,,False,WB_WDI,WB_WDI_SP_DYN_LE00_IN,GUM,_T,_T,_T,_Z,_Z,_Z,2011,A,YR,
78.82439,P1Y,0,,A,PU,_Z,2,,,False,WB_WDI,WB_WDI_SP_DYN_LE00_IN,CZE,_T,_T,_T,_Z,_Z,_Z,2014,A,YR,
80.7,P1Y,0,,A,PU,_Z,2,,,False,WB_WDI,WB_WDI_SP_DYN_LE00_IN,DNK,_T,_T,_T,_Z,_Z,_Z,2014,A,YR,
62.427,P1Y,0,,A,PU,_Z,2,,,False,WB_WDI,WB_WDI_SP_DYN_LE00_IN,DJI,_T,_T,_T,_Z,_Z,_Z,2014,A,YR,
71.189,P1Y,0,,A,PU,_Z,2,,,False,WB_WDI,WB_WDI_SP_DYN_LE00_IN,DMA,_T,_T,_T,_Z,_Z,_Z,2014,A,YR,
73.145,P1Y,0,,A,PU,_Z,2,,,False,WB_WDI,WB_WDI_SP_DYN_LE00_IN,DOM,_T,_T,_T,_Z,_Z,_Z,2014,A,YR,
76.141,P1Y,0,,A,PU,_Z,2,,,False,WB_WDI,WB_WDI_SP_DYN_LE00_IN,ECU,_T,_T,_T,_Z,_Z,_Z,2014,A,YR,
69.911,P1Y,0,,A,PU,_Z,2,,,False,WB_WDI,WB_WDI_SP_DYN_LE00_IN,EGY,_T,_T,_T,_Z,_Z,_Z,2014,A,YR,
71.144,P1Y,0,,A,PU,_Z,2,,,False,WB_WDI,WB_WDI_SP_DYN_LE00_IN,SLV,_T,_T,_T,_Z,_Z,_Z,2014,A,YR,
60.228,P1Y,0,,A,PU,_Z,2,,,False,WB_WDI,WB_WDI_SP_DYN_LE00_IN,GNQ,_T,_T,_T,_Z,_Z,_Z,2014,A,YR,
65.517,P1Y,0,,A,PU,_Z,2,,,False,WB_WDI,WB_WDI_SP_DYN_LE00_IN,ERI,_T,_T,_T,_Z,_Z,_Z,2014,A,YR,
77.034146,P1Y,0,,A,PU,_Z,2,,,False,WB_WDI,WB_WDI_SP_DYN_LE00_IN,EST,_T,_T,_T,_Z,_Z,_Z,2014,A,YR,
55.005,P1Y,0,,A,PU,_Z,2,,,False,WB_WDI,WB_WDI_SP_DYN_LE00_IN,AFG,_T,_T,_T,_Z,_Z,_Z,2000,A,YR,
74.826,P1Y,0,,A,PU,_Z,2,,,False,WB_WDI,WB_WDI_SP_DYN_LE00_IN,ALB,_T,_T,_T,_Z,_Z,_Z,2000,A,YR,
70.576,P1Y,0,,A,PU,_Z,2,,,False,WB_WDI,WB_WDI_SP_DYN_LE00_IN,DZA,_T,_T,_T,_Z,_Z,_Z,2000,A,YR,
71.443,P1Y,0,,A,PU,_Z,2,,,False,WB_WDI,WB_WDI_SP_DYN_LE00_IN,ASM,_T,_T,_T,_Z,_Z,_Z,2000,A,YR,
81.863,P1Y,0,,A,PU,_Z,2,,,False,WB_WDI,WB_WDI_SP_DYN_LE00_IN,AND,_T,_T,_T,_Z,_Z,_Z,2000,A,YR,
46.501,P1Y,0,,A,PU,_Z,2,,,False,WB_WDI,WB_WDI_SP_DYN_LE00_IN,AGO,_T,_T,_T,_Z,_Z,_Z,2000,A,YR,
74.819,P1Y,0,,A,PU,_Z,2,,,False,WB_WDI,WB_WDI_SP_DYN_LE00_IN,ATG,_T,_T,_T,_Z,_Z,_Z,2000,A,YR,
73.91,P1Y,0,,A,PU,_Z,2,,,False,WB_WDI,WB_WDI_SP_DYN_LE00_IN,ARG,_T,_T,_T,_Z,_Z,_Z,2000,A,YR,
72.880488,P1Y,0,,A,PU,_Z,2,,,False,WB_WDI,WB_WDI_SP_DYN_LE00_IN,ARM,_T,_T,_T,_Z,_Z,_Z,2000,A,YR,
72.939,P1Y,0,,A,PU,_Z,2,,,False,WB_WDI,WB_WDI_SP_DYN_LE00_IN,ABW,_T,_T,_T,_Z,_Z,_Z,2000,A,YR,
79.234146,P1Y,0,,A,PU,_Z,2,,,False,WB_WDI,WB_WDI_SP_DYN_LE00_IN,AUS,_T,_T,_T,_Z,_Z,_Z,2000,A,YR,
78.126829,P1Y,0,,A,PU,_Z,2,,,False,WB_WDI,WB_WDI_SP_DYN_LE00_IN,AUT,_T,_T,_T,_Z,_Z,_Z,2000,A,YR,
65.377,P1Y,0,,A,PU,_Z,2,,,False,WB_WDI,WB_WDI_SP_DYN_LE00_IN,AZE,_T,_T,_T,_Z,_Z,_Z,2000,A,YR,
72.481,P1Y,0,,A,PU,_Z,2,,,False,WB_WDI,WB_WDI_SP_DYN_LE00_IN,BHS,_T,_T,_T,_Z,_Z,_Z,2000,A,YR,
78.984807,P1Y,0,,A,PU,_Z,2,,,False,WB_WDI,WB_WDI_SP_DYN_LE00_IN,FRO,_T,_T,_T,_Z,_Z,_Z,2003,A,YR,
65.653,P1Y,0,,A,PU,_Z,2,,,False,WB_WDI,WB_WDI_SP_DYN_LE00_IN,FJI,_T,_T,_T,_Z,_Z,_Z,2003,A,YR,
78.368293,P1Y,0,,A,PU,_Z,2,,,False,WB_WDI,WB_WDI_SP_DYN_LE00_IN,FIN,_T,_T,_T,_Z,_Z,_Z,2003,A,YR,
79.114634,P1Y,0,,A,PU,_Z,2,,,False,WB_WDI,WB_WDI_SP_DYN_LE00_IN,FRA,_T,_T,_T,_Z,_Z,_Z,2003,A,YR,
79.71,P1Y,0,,A,PU,_Z,2,,,False,WB_WDI,WB_WDI_SP_DYN_LE00_IN,PYF,_T,_T,_T,_Z,_Z,_Z,2003,A,YR,
62.463,P1Y,0,,A,PU,_Z,2,,,False,WB_WDI,WB_WDI_SP_DYN_LE00_IN,GAB,_T,_T,_T,_Z,_Z,_Z,2003,A,YR,
58.223,P1Y,0,,A,PU,_Z,2,,,False,WB_WDI,WB_WDI_SP_DYN_LE00_IN,GMB,_T,_T,_T,_Z,_Z,_Z,2003,A,YR,
71.377,P1Y,0,,A,PU,_Z,2,,,False,WB_WDI,WB_WDI_SP_DYN_LE00_IN,GEO,_T,_T,_T,_Z,_Z,_Z,2003,A,YR,
78.380488,P1Y,0,,A,PU,_Z,2,,,False,WB_WDI,WB_WDI_SP_DYN_LE00_IN,DEU,_T,_T,_T,_Z,_Z,_Z,2003,A,YR,
59.014,P1Y,0,,A,PU,_Z,2,,,False,WB_WDI,WB_WDI_SP_DYN_LE00_IN,GHA,_T,_T,_T,_Z,_Z,_Z,2003,A,YR,
80.713,P1Y,0,,A,PU,_Z,2,,,False,WB_WDI,WB_WDI_SP_DYN_LE00_IN,GIB,_T,_T,_T,_Z,_Z,_Z,2003,A,YR,
78.841463,P1Y,0,,A,PU,_Z,2,,,False,WB_WDI,WB_WDI_SP_DYN_LE00_IN,GRC,_T,_T,_T,_Z,_Z,_Z,2003,A,YR,
66.122927,P1Y,0,,A,PU,_Z,2,,,False,WB_WDI,WB_WDI_SP_DYN_LE00_IN,GRL,_T,_T,_T,_Z,_Z,_Z,2003,A,YR,
73.291,P1Y,0,,A,PU,_Z,2,,,False,WB_WDI,WB_WDI_SP_DYN_LE00_IN,GRD,_T,_T,_T,_Z,_Z,_Z,2003,A,YR,
75.885,P1Y,0,,A,PU,_Z,2,,,False,WB_WDI,WB_WDI_SP_DYN_LE00_IN,GUM,_T,_T,_T,_Z,_Z,_Z,2003,A,YR,
73.496,P1Y,0,,A,PU,_Z,2,,,False,WB_WDI,WB_WDI_SP_DYN_LE00_IN,SYR,_T,_T,_T,_Z,_Z,_Z,2009,A,YR,
68.248,P1Y,0,,A,PU,_Z,2,,,False,WB_WDI,WB_WDI_SP_DYN_LE00_IN,TJK,_T,_T,_T,_Z,_Z,_Z,2009,A,YR,
60.494,P1Y,0,,A,PU,_Z,2,,,False,WB_WDI,WB_WDI_SP_DYN_LE00_IN,TZA,_T,_T,_T,_Z,_Z,_Z,2009,A,YR,
74.669,P1Y,0,,A,PU,_Z,2,,,False,WB_WDI,WB_WDI_SP_DYN_LE00_IN,THA,_T,_T,_T,_Z,_Z,_Z,2009,A,YR,
63.265,P1Y,0,,A,PU,_Z,2,,,False,WB_WDI,WB_WDI_SP_DYN_LE00_IN,TLS,_T,_T,_T,_Z,_Z,_Z,2009,A,YR,
56.94,P1Y,0,,A,PU,_Z,2,,,False,WB_WDI,WB_WDI_SP_DYN_LE00_IN,TGO,_T,_T,_T,_Z,_Z,_Z,2009,A,YR,
70.949,P1Y,0,,A,PU,_Z,2,,,False,WB_WDI,WB_WDI_SP_DYN_LE00_IN,TON,_T,_T,_T,_Z,_Z,_Z,2009,A,YR,
71.404,P1Y,0,,A,PU,_Z,2,,,False,WB_WDI,WB_WDI_SP_DYN_LE00_IN,TTO,_T,_T,_T,_Z,_Z,_Z,2009,A,YR,
74.32,P1Y,0,,A,PU,_Z,2,,,False,WB_WDI,WB_WDI_SP_DYN_LE00_IN,TUN,_T,_T,_T,_Z,_Z,_Z,2009,A,YR,
74.679,P1Y,0,,A,PU,_Z,2,,,False,WB_WDI,WB_WDI_SP_DYN_LE00_IN,TUR,_T,_T,_T,_Z,_Z,_Z,2009,A,YR,
68.155,P1Y,0,,A,PU,_Z,2,,,False,WB_WDI,WB_WDI_SP_DYN_LE00_IN,TKM,_T,_T,_T,_Z,_Z,_Z,2009,A,YR,
85.708,P1Y,0,,A,PU,_Z,2,,,False,WB_WDI,WB_WDI_SP_DYN_LE00_IN,SMR,_T,_T,_T,_Z,_Z,_Z,2022,A,YR,
69.237,P1Y,0,,A,PU,_Z,2,,,False,WB_WDI,WB_WDI_SP_DYN_LE00_IN,STP,_T,_T,_T,_Z,_Z,_Z,2022,A,YR,
77.31,P1Y,0,,A,PU,_Z,2,,,False,WB_WDI,WB_WDI_SP_DYN_LE00_IN,SAU,_T,_T,_T,_Z,_Z,_Z,2022,A,YR,
67.788,P1Y,0,,A,PU,_Z,2,,,False,WB_WDI,WB_WDI_SP_DYN_LE00_IN,SEN,_T,_T,_T,_Z,_Z,_Z,2022,A,YR,
75.236585,P1Y,0,,A,PU,_Z,2,,,False,WB_WDI,WB_WDI_SP_DYN_LE00_IN,SRB,_T,_T,_T,_Z,_Z,_Z,2022,A,YR,
74.509756,P1Y,0,,A,PU,_Z,2,,,False,WB_WDI,WB_WDI_SP_DYN_LE00_IN,SYC,_T,_T,_T,_Z,_Z,_Z,2022,A,YR,
61.275,P1Y,0,,A,PU,_Z,2,,,False,WB_WDI,WB_WDI_SP_DYN_LE00_IN,SLE,_T,_T,_T,_Z,_Z,_Z,2022,A,YR,
82.895122,P1Y,0,,A,PU,_Z,2,,,False,WB_WDI,WB_WDI_SP_DYN_LE00_IN,SGP,_T,_T,_T,_Z,_Z,_Z,2022,A,YR,
76.18,P1Y,0,,A,PU,_Z,2,,,False,WB_WDI,WB_WDI_SP_DYN_LE00_IN,SXM,_T,_T,_T,_Z,_Z,_Z,2022,A,YR,
76.965854,P1Y,0,,A,PU,_Z,2,,,False,WB_WDI,WB_WDI_SP_DYN_LE00_IN,SVK,_T,_T,_T,_Z,_Z,_Z,2022,A,YR,
81.282927,P1Y,0,,A,PU,_Z,2,,,False,WB_WDI,WB_WDI_SP_DYN_LE00_IN,SVN,_T,_T,_T,_Z,_Z,_Z,2022,A,YR,
70.409,P1Y,0,,A,PU,_Z,2,,,False,WB_WDI,WB_WDI_SP_DYN_LE00_IN,SLB,_T,_T,_T,_Z,_Z,_Z,2022,A,YR,
53.931,P1Y,0,,A,PU,_Z,2,,,False,WB_WDI,WB_WDI_SP_DYN_LE00_IN,SOM,_T,_T,_T,_Z,_Z,_Z,2022,A,YR,
80.626829,P1Y,0,,A,PU,_Z,2,,,False,WB_WDI,WB_WDI_SP_DYN_LE00_IN,FIN,_T,_T,_T,_Z,_Z,_Z,2012,A,YR,
81.968293,P1Y,0,,A,PU,_Z,2,,,False,WB_WDI,WB_WDI_SP_DYN_LE00_IN,FRA,_T,_T,_T,_Z,_Z,_Z,2012,A,YR,
81.695,P1Y,0,,A,PU,_Z,2,,,False,WB_WDI,WB_WDI_SP_DYN_LE00_IN,PYF,_T,_T,_T,_Z,_Z,_Z,2012,A,YR,
65.438,P1Y,0,,A,PU,_Z,2,,,False,WB_WDI,WB_WDI_SP_DYN_LE00_IN,GAB,_T,_T,_T,_Z,_Z,_Z,2012,A,YR,
61.9,P1Y,0,,A,PU,_Z,2,,,False,WB_WDI,WB_WDI_SP_DYN_LE00_IN,GMB,_T,_T,_T,_Z,_Z,_Z,2012,A,YR,
72.672,P1Y,0,,A,PU,_Z,2,,,False,WB_WDI,WB_WDI_SP_DYN_LE00_IN,GEO,_T,_T,_T,_Z,_Z,_Z,2012,A,YR,
80.539024,P1Y,0,,A,PU,_Z,2,,,False,WB_WDI,WB_WDI_SP_DYN_LE00_IN,DEU,_T,_T,_T,_Z,_Z,_Z,2012,A,YR,
61.995,P1Y,0,,A,PU,_Z,2,,,False,WB_WDI,WB_WDI_SP_DYN_LE00_IN,GHA,_T,_T,_T,_Z,_Z,_Z,2012,A,YR,
82.527,P1Y,0,,A,PU,_Z,2,,,False,WB_WDI,WB_WDI_SP_DYN_LE00_IN,GIB,_T,_T,_T,_Z,_Z,_Z,2012,A,YR,
80.634146,P1Y,0,,A,PU,_Z,2,,,False,WB_WDI,WB_WDI_SP_DYN_LE00_IN,GRC,_T,_T,_T,_Z,_Z,_Z,2012,A,YR,
69.959512,P1Y,0,,A,PU,_Z,2,,,False,WB_WDI,WB_WDI_SP_DYN_LE00_IN,GRL,_T,_T,_T,_Z,_Z,_Z,2012,A,YR,
74.961,P1Y,0,,A,PU,_Z,2,,,False,WB_WDI,WB_WDI_SP_DYN_LE00_IN,GRD,_T,_T,_T,_Z,_Z,_Z,2012,A,YR,
74.395122,P1Y,0,,A,PU,_Z,2,,,False,WB_WDI,WB_WDI_SP_DYN_LE00_IN,MKD,_T,_T,_T,_Z,_Z,_Z,2020,A,YR,
78.03,P1Y,0,,A,PU,_Z,2,,,False,WB_WDI,WB_WDI_SP_DYN_LE00_IN,MNP,_T,_T,_T,_Z,_Z,_Z,2020,A,YR,
83.209756,P1Y,0,,A,PU,_Z,2,,,False,WB_WDI,WB_WDI_SP_DYN_LE00_IN,NOR,_T,_T,_T,_Z,_Z,_Z,2020,A,YR,
77.763,P1Y,0,,A,PU,_Z,2,,,False,WB_WDI,WB_WDI_SP_DYN_LE00_IN,OMN,_T,_T,_T,_Z,_Z,_Z,2020,A,YR,
65.701,P1Y,0,,A,PU,_Z,2,,,False,WB_WDI,WB_WDI_SP_DYN_LE00_IN,PAK,_T,_T,_T,_Z,_Z,_Z,2020,A,YR,
68.689,P1Y,0,,A,PU,_Z,2,,,False,WB_WDI,WB_WDI_SP_DYN_LE00_IN,PLW,_T,_T,_T,_Z,_Z,_Z,2020,A,YR,
76.33,P1Y,0,,A,PU,_Z,2,,,False,WB_WDI,WB_WDI_SP_DYN_LE00_IN,PAN,_T,_T,_T,_Z,_Z,_Z,2020,A,YR,
65.075,P1Y,0,,A,PU,_Z,2,,,False,WB_WDI,WB_WDI_SP_DYN_LE00_IN,PNG,_T,_T,_T,_Z,_Z,_Z,2020,A,YR,
72.72,P1Y,0,,A,PU,_Z,2,,,False,WB_WDI,WB_WDI_SP_DYN_LE00_IN,PRY,_T,_T,_T,_Z,_Z,_Z,2020,A,YR,
73.832,P1Y,0,,A,PU,_Z,2,,,False,WB_WDI,WB_WDI_SP_DYN_LE00_IN,PER,_T,_T,_T,_Z,_Z,_Z,2020,A,YR,
70.097,P1Y,0,,A,PU,_Z,2,,,False,WB_WDI,WB_WDI_SP_DYN_LE00_IN,PHL,_T,_T,_T,_Z,_Z,_Z,2020,A,YR,
75.391,P1Y,0,,A,PU,_Z,2,,,False,WB_WDI,WB_WDI_SP_DYN_LE00_IN,SXM,_T,_T,_T,_Z,_Z,_Z,2013,A,YR,
76.412195,P1Y,0,,A,PU,_Z,2,,,False,WB_WDI,WB_WDI_SP_DYN_LE00_IN,SVK,_T,_T,_T,_Z,_Z,_Z,2013,A,YR,
80.321951,P1Y,0,,A,PU,_Z,2,,,False,WB_WDI,WB_WDI_SP_DYN_LE00_IN,SVN,_T,_T,_T,_Z,_Z,_Z,2013,A,YR,
69.007,P1Y,0,,A,PU,_Z,2,,,False,WB_WDI,WB_WDI_SP_DYN_LE00_IN,SLB,_T,_T,_T,_Z,_Z,_Z,2013,A,YR,
54.016,P1Y,0,,A,PU,_Z,2,,,False,WB_WDI,WB_WDI_SP_DYN_LE00_IN,SOM,_T,_T,_T,_Z,_Z,_Z,2013,A,YR,
62.388,P1Y,0,,A,PU,_Z,2,,,False,WB_WDI,WB_WDI_SP_DYN_LE00_IN,ZAF,_T,_T,_T,_Z,_Z,_Z,2013,A,YR,
58.285,P1Y,0,,A,PU,_Z,2,,,False,WB_WDI,WB_WDI_SP_DYN_LE00_IN,SSD,_T,_T,_T,_Z,_Z,_Z,2013,A,YR,
83.078049,P1Y,0,,A,PU,_Z,2,,,False,WB_WDI,WB_WDI_SP_DYN_LE00_IN,ESP,_T,_T,_T,_Z,_Z,_Z,2013,A,YR,
75.546,P1Y,0,,A,PU,_Z,2,,,False,WB_WDI,WB_WDI_SP_DYN_LE00_IN,LKA,_T,_T,_T,_Z,_Z,_Z,2013,A,YR,
71.29,P1Y,0,,A,PU,_Z,2,,,False,WB_WDI,WB_WDI_SP_DYN_LE00_IN,KNA,_T,_T,_T,_Z,_Z,_Z,2013,A,YR,
72.687,P1Y,0,,A,PU,_Z,2,,,False,WB_WDI,WB_WDI_SP_DYN_LE00_IN,LCA,_T,_T,_T,_Z,_Z,_Z,2013,A,YR,
79.528,P1Y,0,,A,PU,_Z,2,,,False,WB_WDI,WB_WDI_SP_DYN_LE00_IN,MAF,_T,_T,_T,_Z,_Z,_Z,2013,A,YR,
70.091,P1Y,0,,A,PU,_Z,2,,,False,WB_WDI,WB_WDI_SP_DYN_LE00_IN,VCT,_T,_T,_T,_Z,_Z,_Z,2013,A,YR,
77.165854,P1Y,0,,A,PU,_Z,2,,,False,WB_WDI,WB_WDI_SP_DYN_LE00_IN,SVK,_T,_T,_T,_Z,_Z,_Z,2016,A,YR,
81.17561,P1Y,0,,A,PU,_Z,2,,,False,WB_WDI,WB_WDI_SP_DYN_LE00_IN,SVN,_T,_T,_T,_Z,_Z,_Z,2016,A,YR,
69.501,P1Y,0,,A,PU,_Z,2,,,False,WB_WDI,WB_WDI_SP_DYN_LE00_IN,SLB,_T,_T,_T,_Z,_Z,_Z,2016,A,YR,
55.283,P1Y,0,,A,PU,_Z,2,,,False,WB_WDI,WB_WDI_SP_DYN_LE00_IN,SOM,_T,_T,_T,_Z,_Z,_Z,2016,A,YR,
64.749,P1Y,0,,A,PU,_Z,2,,,False,WB_WDI,WB_WDI_SP_DYN_LE00_IN,ZAF,_T,_T,_T,_Z,_Z,_Z,2016,A,YR,
36.72,P1Y,0,,A,PU,_Z,2,,,False,WB_WDI,WB_WDI_SP_DYN_LE00_IN,SSD,_T,_T,_T,_Z,_Z,_Z,2016,A,YR,
83.329268,P1Y,0,,A,PU,_Z,2,,,False,WB_WDI,WB_WDI_SP_DYN_LE00_IN,ESP,_T,_T,_T,_Z,_Z,_Z,2016,A,YR,
76.136,P1Y,0,,A,PU,_Z,2,,,False,WB_WDI,WB_WDI_SP_DYN_LE00_IN,LKA,_T,_T,_T,_Z,_Z,_Z,2016,A,YR,
71.227,P1Y,0,,A,PU,_Z,2,,,False,WB_WDI,WB_WDI_SP_DYN_LE00_IN,KNA,_T,_T,_T,_Z,_Z,_Z,2016,A,YR,
72.552,P1Y,0,,A,PU,_Z,2,,,False,WB_WDI,WB_WDI_SP_DYN_LE00_IN,LCA,_T,_T,_T,_Z,_Z,_Z,2016,A,YR,
79.885,P1Y,0,,A,PU,_Z,2,,,False,WB_WDI,WB_WDI_SP_DYN_LE00_IN,MAF,_T,_T,_T,_Z,_Z,_Z,2016,A,YR,
70.7,P1Y,0,,A,PU,_Z,2,,,False,WB_WDI,WB_WDI_SP_DYN_LE00_IN,VCT,_T,_T,_T,_Z,_Z,_Z,2016,A,YR,
72.982,P1Y,0,,A,PU,_Z,2,,,False,WB_WDI,WB_WDI_SP_DYN_LE00_IN,DOM,_T,_T,_T,_Z,_Z,_Z,2015,A,YR,
76.222,P1Y,0,,A,PU,_Z,2,,,False,WB_WDI,WB_WDI_SP_DYN_LE00_IN,ECU,_T,_T,_T,_Z,_Z,_Z,2015,A,YR,
70.135,P1Y,0,,A,PU,_Z,2,,,False,WB_WDI,WB_WDI_SP_DYN_LE00_IN,EGY,_T,_T,_T,_Z,_Z,_Z,2015,A,YR,
70.952,P1Y,0,,A,PU,_Z,2,,,False,WB_WDI,WB_WDI_SP_DYN_LE00_IN,SLV,_T,_T,_T,_Z,_Z,_Z,2015,A,YR,
60.635,P1Y,0,,A,PU,_Z,2,,,False,WB_WDI,WB_WDI_SP_DYN_LE00_IN,GNQ,_T,_T,_T,_Z,_Z,_Z,2015,A,YR,
65.909,P1Y,0,,A,PU,_Z,2,,,False,WB_WDI,WB_WDI_SP_DYN_LE00_IN,ERI,_T,_T,_T,_Z,_Z,_Z,2015,A,YR,
77.590244,P1Y,0,,A,PU,_Z,2,,,False,WB_WDI,WB_WDI_SP_DYN_LE00_IN,EST,_T,_T,_T,_Z,_Z,_Z,2015,A,YR,
54.941,P1Y,0,,A,PU,_Z,2,,,False,WB_WDI,WB_WDI_SP_DYN_LE00_IN,SWZ,_T,_T,_T,_Z,_Z,_Z,2015,A,YR,
63.592,P1Y,0,,A,PU,_Z,2,,,False,WB_WDI,WB_WDI_SP_DYN_LE00_IN,ETH,_T,_T,_T,_Z,_Z,_Z,2015,A,YR,
81.799598,P1Y,0,,A,PU,_Z,2,,,False,WB_WDI,WB_WDI_SP_DYN_LE00_IN,FRO,_T,_T,_T,_Z,_Z,_Z,2015,A,YR,
66.48,P1Y,0,,A,PU,_Z,2,,,False,WB_WDI,WB_WDI_SP_DYN_LE00_IN,FJI,_T,_T,_T,_Z,_Z,_Z,2015,A,YR,
60.351,P1Y,0,,A,PU,_Z,2,,,False,WB_WDI,WB_WDI_SP_DYN_LE00_IN,DJI,_T,_T,_T,_Z,_Z,_Z,2009,A,YR,
71.835,P1Y,0,,A,PU,_Z,2,,,False,WB_WDI,WB_WDI_SP_DYN_LE00_IN,DMA,_T,_T,_T,_Z,_Z,_Z,2009,A,YR,
71.587,P1Y,0,,A,PU,_Z,2,,,False,WB_WDI,WB_WDI_SP_DYN_LE00_IN,DOM,_T,_T,_T,_Z,_Z,_Z,2009,A,YR,
74.901,P1Y,0,,A,PU,_Z,2,,,False,WB_WDI,WB_WDI_SP_DYN_LE00_IN,ECU,_T,_T,_T,_Z,_Z,_Z,2009,A,YR,
68.915,P1Y,0,,A,PU,_Z,2,,,False,WB_WDI,WB_WDI_SP_DYN_LE00_IN,EGY,_T,_T,_T,_Z,_Z,_Z,2009,A,YR,
70.359,P1Y,0,,A,PU,_Z,2,,,False,WB_WDI,WB_WDI_SP_DYN_LE00_IN,SLV,_T,_T,_T,_Z,_Z,_Z,2009,A,YR,
57.881,P1Y,0,,A,PU,_Z,2,,,False,WB_WDI,WB_WDI_SP_DYN_LE00_IN,GNQ,_T,_T,_T,_Z,_Z,_Z,2009,A,YR,
63.203,P1Y,0,,A,PU,_Z,2,,,False,WB_WDI,WB_WDI_SP_DYN_LE00_IN,ERI,_T,_T,_T,_Z,_Z,_Z,2009,A,YR,
74.82439,P1Y,0,,A,PU,_Z,2,,,False,WB_WDI,WB_WDI_SP_DYN_LE00_IN,EST,_T,_T,_T,_Z,_Z,_Z,2009,A,YR,
46.913,P1Y,0,,A,PU,_Z,2,,,False,WB_WDI,WB_WDI_SP_DYN_LE00_IN,SWZ,_T,_T,_T,_Z,_Z,_Z,2009,A,YR,
58.715,P1Y,0,,A,PU,_Z,2,,,False,WB_WDI,WB_WDI_SP_DYN_LE00_IN,ETH,_T,_T,_T,_Z,_Z,_Z,2009,A,YR,
63.591,P1Y,0,,A,PU,_Z,2,,,False,WB_WDI,WB_WDI_SP_DYN_LE00_IN,BGD,_T,_T,_T,_Z,_Z,_Z,2002,A,YR,
74.82,P1Y,0,,A,PU,_Z,2,,,False,WB_WDI,WB_WDI_SP_DYN_LE00_IN,BRB,_T,_T,_T,_Z,_Z,_Z,2002,A,YR,
68.056098,P1Y,0,,A,PU,_Z,2,,,False,WB_WDI,WB_WDI_SP_DYN_LE00_IN,BLR,_T,_T,_T,_Z,_Z,_Z,2002,A,YR,
78.07561,P1Y,0,,A,PU,_Z,2,,,False,WB_WDI,WB_WDI_SP_DYN_LE00_IN,BEL,_T,_T,_T,_Z,_Z,_Z,2002,A,YR,
69.528,P1Y,0,,A,PU,_Z,2,,,False,WB_WDI,WB_WDI_SP_DYN_LE00_IN,BLZ,_T,_T,_T,_Z,_Z,_Z,2002,A,YR,
56.851,P1Y,0,,A,PU,_Z,2,,,False,WB_WDI,WB_WDI_SP_DYN_LE00_IN,BEN,_T,_T,_T,_Z,_Z,_Z,2002,A,YR,
78.841,P1Y,0,,A,PU,_Z,2,,,False,WB_WDI,WB_WDI_SP_DYN_LE00_IN,BMU,_T,_T,_T,_Z,_Z,_Z,2002,A,YR,
63.984,P1Y,0,,A,PU,_Z,2,,,False,WB_WDI,WB_WDI_SP_DYN_LE00_IN,BTN,_T,_T,_T,_Z,_Z,_Z,2002,A,YR,
63.068,P1Y,0,,A,PU,_Z,2,,,False,WB_WDI,WB_WDI_SP_DYN_LE00_IN,BOL,_T,_T,_T,_Z,_Z,_Z,2002,A,YR,
75.994,P1Y,0,,A,PU,_Z,2,,,False,WB_WDI,WB_WDI_SP_DYN_LE00_IN,BIH,_T,_T,_T,_Z,_Z,_Z,2002,A,YR,
52.373,P1Y,0,,A,PU,_Z,2,,,False,WB_WDI,WB_WDI_SP_DYN_LE00_IN,BWA,_T,_T,_T,_Z,_Z,_Z,2002,A,YR,
70.396,P1Y,0,,A,PU,_Z,2,,,False,WB_WDI,WB_WDI_SP_DYN_LE00_IN,BRA,_T,_T,_T,_Z,_Z,_Z,2002,A,YR,
74.971,P1Y,0,,A,PU,_Z,2,,,False,WB_WDI,WB_WDI_SP_DYN_LE00_IN,VGB,_T,_T,_T,_Z,_Z,_Z,2002,A,YR,
72.797,P1Y,0,,A,PU,_Z,2,,,False,WB_WDI,WB_WDI_SP_DYN_LE00_IN,SYR,_T,_T,_T,_Z,_Z,_Z,2005,A,YR,
66.531,P1Y,0,,A,PU,_Z,2,,,False,WB_WDI,WB_WDI_SP_DYN_LE00_IN,TJK,_T,_T,_T,_Z,_Z,_Z,2005,A,YR,
57.675,P1Y,0,,A,PU,_Z,2,,,False,WB_WDI,WB_WDI_SP_DYN_LE00_IN,TZA,_T,_T,_T,_Z,_Z,_Z,2005,A,YR,
72.894,P1Y,0,,A,PU,_Z,2,,,False,WB_WDI,WB_WDI_SP_DYN_LE00_IN,THA,_T,_T,_T,_Z,_Z,_Z,2005,A,YR,
61.272,P1Y,0,,A,PU,_Z,2,,,False,WB_WDI,WB_WDI_SP_DYN_LE00_IN,TLS,_T,_T,_T,_Z,_Z,_Z,2005,A,YR,
55.931,P1Y,0,,A,PU,_Z,2,,,False,WB_WDI,WB_WDI_SP_DYN_LE00_IN,TGO,_T,_T,_T,_Z,_Z,_Z,2005,A,YR,
70.56,P1Y,0,,A,PU,_Z,2,,,False,WB_WDI,WB_WDI_SP_DYN_LE00_IN,TON,_T,_T,_T,_Z,_Z,_Z,2005,A,YR,
70.185,P1Y,0,,A,PU,_Z,2,,,False,WB_WDI,WB_WDI_SP_DYN_LE00_IN,TTO,_T,_T,_T,_Z,_Z,_Z,2005,A,YR,
73.712,P1Y,0,,A,PU,_Z,2,,,False,WB_WDI,WB_WDI_SP_DYN_LE00_IN,TUN,_T,_T,_T,_Z,_Z,_Z,2005,A,YR,
73.51,P1Y,0,,A,PU,_Z,2,,,False,WB_WDI,WB_WDI_SP_DYN_LE00_IN,TUR,_T,_T,_T,_Z,_Z,_Z,2005,A,YR,
66.275,P1Y,0,,A,PU,_Z,2,,,False,WB_WDI,WB_WDI_SP_DYN_LE00_IN,TKM,_T,_T,_T,_Z,_Z,_Z,2005,A,YR,
75.954,P1Y,0,,A,PU,_Z,2,,,False,WB_WDI,WB_WDI_SP_DYN_LE00_IN,TCA,_T,_T,_T,_Z,_Z,_Z,2005,A,YR,
64.096,P1Y,0,,A,PU,_Z,2,,,False,WB_WDI,WB_WDI_SP_DYN_LE00_IN,TUV,_T,_T,_T,_Z,_Z,_Z,2005,A,YR,
85.496341,P1Y,0,,A,PU,_Z,2,,,False,WB_WDI,WB_WDI_SP_DYN_LE00_IN,HKG,_T,_T,_T,_Z,_Z,_Z,2020,A,YR,
75.419512,P1Y,0,,A,PU,_Z,2,,,False,WB_WDI,WB_WDI_SP_DYN_LE00_IN,HUN,_T,_T,_T,_Z,_Z,_Z,2020,A,YR,
83.063415,P1Y,0,,A,PU,_Z,2,,,False,WB_WDI,WB_WDI_SP_DYN_LE00_IN,ISL,_T,_T,_T,_Z,_Z,_Z,2020,A,YR,
70.156,P1Y,0,,A,PU,_Z,2,,,False,WB_WDI,WB_WDI_SP_DYN_LE00_IN,IND,_T,_T,_T,_Z,_Z,_Z,2020,A,YR,
68.817,P1Y,0,,A,PU,_Z,2,,,False,WB_WDI,WB_WDI_SP_DYN_LE00_IN,IDN,_T,_T,_T,_Z,_Z,_Z,2020,A,YR,
74.141,P1Y,0,,A,PU,_Z,2,,,False,WB_WDI,WB_WDI_SP_DYN_LE00_IN,IRN,_T,_T,_T,_Z,_Z,_Z,2020,A,YR,
69.651,P1Y,0,,A,PU,_Z,2,,,False,WB_WDI,WB_WDI_SP_DYN_LE00_IN,IRQ,_T,_T,_T,_Z,_Z,_Z,2020,A,YR,
82.456098,P1Y,0,,A,PU,_Z,2,,,False,WB_WDI,WB_WDI_SP_DYN_LE00_IN,IRL,_T,_T,_T,_Z,_Z,_Z,2020,A,YR,
80.591,P1Y,0,,A,PU,_Z,2,,,False,WB_WDI,WB_WDI_SP_DYN_LE00_IN,IMN,_T,_T,_T,_Z,_Z,_Z,2020,A,YR,
82.64878,P1Y,0,,A,PU,_Z,2,,,False,WB_WDI,WB_WDI_SP_DYN_LE00_IN,ISR,_T,_T,_T,_Z,_Z,_Z,2020,A,YR,
82.195122,P1Y,0,,A,PU,_Z,2,,,False,WB_WDI,WB_WDI_SP_DYN_LE00_IN,ITA,_T,_T,_T,_Z,_Z,_Z,2020,A,YR,
71.452,P1Y,0,,A,PU,_Z,2,,,False,WB_WDI,WB_WDI_SP_DYN_LE00_IN,JAM,_T,_T,_T,_Z,_Z,_Z,2020,A,YR,
72.697,P1Y,0,,A,PU,_Z,2,,,False,WB_WDI,WB_WDI_SP_DYN_LE00_IN,LCA,_T,_T,_T,_Z,_Z,_Z,2023,A,YR,
80.224,P1Y,0,,A,PU,_Z,2,,,False,WB_WDI,WB_WDI_SP_DYN_LE00_IN,MAF,_T,_T,_T,_Z,_Z,_Z,2023,A,YR,
71.23,P1Y,0,,A,PU,_Z,2,,,False,WB_WDI,WB_WDI_SP_DYN_LE00_IN,VCT,_T,_T,_T,_Z,_Z,_Z,2023,A,YR,
66.331,P1Y,0,,A,PU,_Z,2,,,False,WB_WDI,WB_WDI_SP_DYN_LE00_IN,SDN,_T,_T,_T,_Z,_Z,_Z,2023,A,YR,
73.631,P1Y,0,,A,PU,_Z,2,,,False,WB_WDI,WB_WDI_SP_DYN_LE00_IN,SUR,_T,_T,_T,_Z,_Z,_Z,2023,A,YR,
83.309756,P1Y,0,,A,PU,_Z,2,,,False,WB_WDI,WB_WDI_SP_DYN_LE00_IN,SWE,_T,_T,_T,_Z,_Z,_Z,2023,A,YR,
84.156098,P1Y,0,,A,PU,_Z,2,,,False,WB_WDI,WB_WDI_SP_DYN_LE00_IN,CHE,_T,_T,_T,_Z,_Z,_Z,2023,A,YR,
72.12,P1Y,0,,A,PU,_Z,2,,,False,WB_WDI,WB_WDI_SP_DYN_LE00_IN,SYR,_T,_T,_T,_Z,_Z,_Z,2023,A,YR,
71.79,P1Y,0,,A,PU,_Z,2,,,False,WB_WDI,WB_WDI_SP_DYN_LE00_IN,TJK,_T,_T,_T,_Z,_Z,_Z,2023,A,YR,
66.995,P1Y,0,,A,PU,_Z,2,,,False,WB_WDI,WB_WDI_SP_DYN_LE00_IN,TZA,_T,_T,_T,_Z,_Z,_Z,2023,A,YR,
76.412,P1Y,0,,A,PU,_Z,2,,,False,WB_WDI,WB_WDI_SP_DYN_LE00_IN,THA,_T,_T,_T,_Z,_Z,_Z,2023,A,YR,
67.689,P1Y,0,,A,PU,_Z,2,,,False,WB_WDI,WB_WDI_SP_DYN_LE00_IN,TLS,_T,_T,_T,_Z,_Z,_Z,2023,A,YR,
62.74,P1Y,0,,A,PU,_Z,2,,,False,WB_WDI,WB_WDI_SP_DYN_LE00_IN,TGO,_T,_T,_T,_Z,_Z,_Z,2023,A,YR,
72.895,P1Y,0,,A,PU,_Z,2,,,False,WB_WDI,WB_WDI_SP_DYN_LE00_IN,TON,_T,_T,_T,_Z,_Z,_Z,2023,A,YR,
73.49,P1Y,0,,A,PU,_Z,2,,,False,WB_WDI,WB_WDI_SP_DYN_LE00_IN,TTO,_T,_T,_T,_Z,_Z,_Z,2023,A,YR,
80.04878,P1Y,0,,A,PU,_Z,2,,,False,WB_WDI,WB_WDI_SP_DYN_LE00_IN,NZL,_T,_T,_T,_Z,_Z,_Z,2006,A,YR,
70.958,P1Y,0,,A,PU,_Z,2,,,False,WB_WDI,WB_WDI_SP_DYN_LE00_IN,NIC,_T,_T,_T,_Z,_Z,_Z,2006,A,YR,
54.223,P1Y,0,,A,PU,_Z,2,,,False,WB_WDI,WB_WDI_SP_DYN_LE00_IN,NER,_T,_T,_T,_Z,_Z,_Z,2006,A,YR,
49.876,P1Y,0,,A,PU,_Z,2,,,False,WB_WDI,WB_WDI_SP_DYN_LE00_IN,NGA,_T,_T,_T,_Z,_Z,_Z,2006,A,YR,
73.895122,P1Y,0,,A,PU,_Z,2,,,False,WB_WDI,WB_WDI_SP_DYN_LE00_IN,MKD,_T,_T,_T,_Z,_Z,_Z,2006,A,YR,
77.688,P1Y,0,,A,PU,_Z,2,,,False,WB_WDI,WB_WDI_SP_DYN_LE00_IN,MNP,_T,_T,_T,_Z,_Z,_Z,2006,A,YR,
80.343902,P1Y,0,,A,PU,_Z,2,,,False,WB_WDI,WB_WDI_SP_DYN_LE00_IN,NOR,_T,_T,_T,_Z,_Z,_Z,2006,A,YR,
75.354,P1Y,0,,A,PU,_Z,2,,,False,WB_WDI,WB_WDI_SP_DYN_LE00_IN,OMN,_T,_T,_T,_Z,_Z,_Z,2006,A,YR,
63.624,P1Y,0,,A,PU,_Z,2,,,False,WB_WDI,WB_WDI_SP_DYN_LE00_IN,PAK,_T,_T,_T,_Z,_Z,_Z,2006,A,YR,
66.633,P1Y,0,,A,PU,_Z,2,,,False,WB_WDI,WB_WDI_SP_DYN_LE00_IN,PLW,_T,_T,_T,_Z,_Z,_Z,2006,A,YR,
75.429,P1Y,0,,A,PU,_Z,2,,,False,WB_WDI,WB_WDI_SP_DYN_LE00_IN,PAN,_T,_T,_T,_Z,_Z,_Z,2006,A,YR,
62.018,P1Y,0,,A,PU,_Z,2,,,False,WB_WDI,WB_WDI_SP_DYN_LE00_IN,PNG,_T,_T,_T,_Z,_Z,_Z,2006,A,YR,
54.926,P1Y,0,,A,PU,_Z,2,,,False,WB_WDI,WB_WDI_SP_DYN_LE00_IN,UGA,_T,_T,_T,_Z,_Z,_Z,2005,A,YR,
67.517,P1Y,0,,A,PU,_Z,2,,,False,WB_WDI,WB_WDI_SP_DYN_LE00_IN,UKR,_T,_T,_T,_Z,_Z,_Z,2005,A,YR,
80.779,P1Y,0,,A,PU,_Z,2,,,False,WB_WDI,WB_WDI_SP_DYN_LE00_IN,ARE,_T,_T,_T,_Z,_Z,_Z,2005,A,YR,
79.04878,P1Y,0,,A,PU,_Z,2,,,False,WB_WDI,WB_WDI_SP_DYN_LE00_IN,GBR,_T,_T,_T,_Z,_Z,_Z,2005,A,YR,
77.487805,P1Y,0,,A,PU,_Z,2,,,False,WB_WDI,WB_WDI_SP_DYN_LE00_IN,USA,_T,_T,_T,_Z,_Z,_Z,2005,A,YR,
75.829,P1Y,0,,A,PU,_Z,2,,,False,WB_WDI,WB_WDI_SP_DYN_LE00_IN,URY,_T,_T,_T,_Z,_Z,_Z,2005,A,YR,
67.481,P1Y,0,,A,PU,_Z,2,,,False,WB_WDI,WB_WDI_SP_DYN_LE00_IN,UZB,_T,_T,_T,_Z,_Z,_Z,2005,A,YR,
69.166,P1Y,0,,A,PU,_Z,2,,,False,WB_WDI,WB_WDI_SP_DYN_LE00_IN,VUT,_T,_T,_T,_Z,_Z,_Z,2005,A,YR,
73.075,P1Y,0,,A,PU,_Z,2,,,False,WB_WDI,WB_WDI_SP_DYN_LE00_IN,VEN,_T,_T,_T,_Z,_Z,_Z,2005,A,YR,
73.198,P1Y,0,,A,PU,_Z,2,,,False,WB_WDI,WB_WDI_SP_DYN_LE00_IN,VNM,_T,_T,_T,_Z,_Z,_Z,2005,A,YR,
77.421951,P1Y,0,,A,PU,_Z,2,,,False,WB_WDI,WB_WDI_SP_DYN_LE00_IN,VIR,_T,_T,_T,_Z,_Z,_Z,2005,A,YR,
72.004,P1Y,0,,A,PU,_Z,2,,,False,WB_WDI,WB_WDI_SP_DYN_LE00_IN,PSE,_T,_T,_T,_Z,_Z,_Z,2005,A,YR,
75.299,P1Y,0,,A,PU,_Z,2,,,False,WB_WDI,WB_WDI_SP_DYN_LE00_IN,ALB,_T,_T,_T,_Z,_Z,_Z,2002,A,YR,
71.644,P1Y,0,,A,PU,_Z,2,,,False,WB_WDI,WB_WDI_SP_DYN_LE00_IN,DZA,_T,_T,_T,_Z,_Z,_Z,2002,A,YR,
71.755,P1Y,0,,A,PU,_Z,2,,,False,WB_WDI,WB_WDI_SP_DYN_LE00_IN,ASM,_T,_T,_T,_Z,_Z,_Z,2002,A,YR,
82.448,P1Y,0,,A,PU,_Z,2,,,False,WB_WDI,WB_WDI_SP_DYN_LE00_IN,AND,_T,_T,_T,_Z,_Z,_Z,2002,A,YR,
47.874,P1Y,0,,A,PU,_Z,2,,,False,WB_WDI,WB_WDI_SP_DYN_LE00_IN,AGO,_T,_T,_T,_Z,_Z,_Z,2002,A,YR,
75.237,P1Y,0,,A,PU,_Z,2,,,False,WB_WDI,WB_WDI_SP_DYN_LE00_IN,ATG,_T,_T,_T,_Z,_Z,_Z,2002,A,YR,
74.312,P1Y,0,,A,PU,_Z,2,,,False,WB_WDI,WB_WDI_SP_DYN_LE00_IN,ARG,_T,_T,_T,_Z,_Z,_Z,2002,A,YR,
72.826829,P1Y,0,,A,PU,_Z,2,,,False,WB_WDI,WB_WDI_SP_DYN_LE00_IN,ARM,_T,_T,_T,_Z,_Z,_Z,2002,A,YR,
73.135,P1Y,0,,A,PU,_Z,2,,,False,WB_WDI,WB_WDI_SP_DYN_LE00_IN,ABW,_T,_T,_T,_Z,_Z,_Z,2002,A,YR,
79.936585,P1Y,0,,A,PU,_Z,2,,,False,WB_WDI,WB_WDI_SP_DYN_LE00_IN,AUS,_T,_T,_T,_Z,_Z,_Z,2002,A,YR,
78.678049,P1Y,0,,A,PU,_Z,2,,,False,WB_WDI,WB_WDI_SP_DYN_LE00_IN,AUT,_T,_T,_T,_Z,_Z,_Z,2002,A,YR,
66.769,P1Y,0,,A,PU,_Z,2,,,False,WB_WDI,WB_WDI_SP_DYN_LE00_IN,AZE,_T,_T,_T,_Z,_Z,_Z,2002,A,YR,
73.023,P1Y,0,,A,PU,_Z,2,,,False,WB_WDI,WB_WDI_SP_DYN_LE00_IN,BHS,_T,_T,_T,_Z,_Z,_Z,2002,A,YR,
75.209,P1Y,0,,A,PU,_Z,2,,,False,WB_WDI,WB_WDI_SP_DYN_LE00_IN,BHR,_T,_T,_T,_Z,_Z,_Z,2002,A,YR,
54.94,P1Y,0,,A,PU,_Z,2,,,False,WB_WDI,WB_WDI_SP_DYN_LE00_IN,TZA,_T,_T,_T,_Z,_Z,_Z,2002,A,YR,
71.775,P1Y,0,,A,PU,_Z,2,,,False,WB_WDI,WB_WDI_SP_DYN_LE00_IN,THA,_T,_T,_T,_Z,_Z,_Z,2002,A,YR,
59.477,P1Y,0,,A,PU,_Z,2,,,False,WB_WDI,WB_WDI_SP_DYN_LE00_IN,TLS,_T,_T,_T,_Z,_Z,_Z,2002,A,YR,
55.044,P1Y,0,,A,PU,_Z,2,,,False,WB_WDI,WB_WDI_SP_DYN_LE00_IN,TGO,_T,_T,_T,_Z,_Z,_Z,2002,A,YR,
70.03,P1Y,0,,A,PU,_Z,2,,,False,WB_WDI,WB_WDI_SP_DYN_LE00_IN,TON,_T,_T,_T,_Z,_Z,_Z,2002,A,YR,
69.232,P1Y,0,,A,PU,_Z,2,,,False,WB_WDI,WB_WDI_SP_DYN_LE00_IN,TTO,_T,_T,_T,_Z,_Z,_Z,2002,A,YR,
73.07,P1Y,0,,A,PU,_Z,2,,,False,WB_WDI,WB_WDI_SP_DYN_LE00_IN,TUN,_T,_T,_T,_Z,_Z,_Z,2002,A,YR,
72.605,P1Y,0,,A,PU,_Z,2,,,False,WB_WDI,WB_WDI_SP_DYN_LE00_IN,TUR,_T,_T,_T,_Z,_Z,_Z,2002,A,YR,
65.593,P1Y,0,,A,PU,_Z,2,,,False,WB_WDI,WB_WDI_SP_DYN_LE00_IN,TKM,_T,_T,_T,_Z,_Z,_Z,2002,A,YR,
74.843,P1Y,0,,A,PU,_Z,2,,,False,WB_WDI,WB_WDI_SP_DYN_LE00_IN,TCA,_T,_T,_T,_Z,_Z,_Z,2002,A,YR,
63.825,P1Y,0,,A,PU,_Z,2,,,False,WB_WDI,WB_WDI_SP_DYN_LE00_IN,TUV,_T,_T,_T,_Z,_Z,_Z,2002,A,YR,
51.443,P1Y,0,,A,PU,_Z,2,,,False,WB_WDI,WB_WDI_SP_DYN_LE00_IN,UGA,_T,_T,_T,_Z,_Z,_Z,2002,A,YR,
67.699,P1Y,0,,A,PU,_Z,2,,,False,WB_WDI,WB_WDI_SP_DYN_LE00_IN,UKR,_T,_T,_T,_Z,_Z,_Z,2002,A,YR,
78.721,P1Y,0,,A,PU,_Z,2,,,False,WB_WDI,WB_WDI_SP_DYN_LE00_IN,ARE,_T,_T,_T,_Z,_Z,_Z,2002,A,YR,
71.631,P1Y,0,,A,PU,_Z,2,,,False,WB_WDI,WB_WDI_SP_DYN_LE00_IN,UKR,_T,_T,_T,_Z,_Z,_Z,2021,A,YR,
79.083,P1Y,0,,A,PU,_Z,2,,,False,WB_WDI,WB_WDI_SP_DYN_LE00_IN,ARE,_T,_T,_T,_Z,_Z,_Z,2021,A,YR,
80.647317,P1Y,0,,A,PU,_Z,2,,,False,WB_WDI,WB_WDI_SP_DYN_LE00_IN,GBR,_T,_T,_T,_Z,_Z,_Z,2021,A,YR,
76.329268,P1Y,0,,A,PU,_Z,2,,,False,WB_WDI,WB_WDI_SP_DYN_LE00_IN,USA,_T,_T,_T,_Z,_Z,_Z,2021,A,YR,
75.434,P1Y,0,,A,PU,_Z,2,,,False,WB_WDI,WB_WDI_SP_DYN_LE00_IN,URY,_T,_T,_T,_Z,_Z,_Z,2021,A,YR,
71.681,P1Y,0,,A,PU,_Z,2,,,False,WB_WDI,WB_WDI_SP_DYN_LE00_IN,UZB,_T,_T,_T,_Z,_Z,_Z,2021,A,YR,
69.952,P1Y,0,,A,PU,_Z,2,,,False,WB_WDI,WB_WDI_SP_DYN_LE00_IN,VUT,_T,_T,_T,_Z,_Z,_Z,2021,A,YR,
71.536,P1Y,0,,A,PU,_Z,2,,,False,WB_WDI,WB_WDI_SP_DYN_LE00_IN,VEN,_T,_T,_T,_Z,_Z,_Z,2021,A,YR,
74.145,P1Y,0,,A,PU,_Z,2,,,False,WB_WDI,WB_WDI_SP_DYN_LE00_IN,VNM,_T,_T,_T,_Z,_Z,_Z,2021,A,YR,
80.068293,P1Y,0,,A,PU,_Z,2,,,False,WB_WDI,WB_WDI_SP_DYN_LE00_IN,VIR,_T,_T,_T,_Z,_Z,_Z,2021,A,YR,
73.89,P1Y,0,,A,PU,_Z,2,,,False,WB_WDI,WB_WDI_SP_DYN_LE00_IN,PSE,_T,_T,_T,_Z,_Z,_Z,2021,A,YR,
66.019,P1Y,0,,A,PU,_Z,2,,,False,WB_WDI,WB_WDI_SP_DYN_LE00_IN,YEM,_T,_T,_T,_Z,_Z,_Z,2021,A,YR,
69.833,P1Y,0,,A,PU,_Z,2,,,False,WB_WDI,WB_WDI_SP_DYN_LE00_IN,PHL,_T,_T,_T,_Z,_Z,_Z,2023,A,YR,
78.258537,P1Y,0,,A,PU,_Z,2,,,False,WB_WDI,WB_WDI_SP_DYN_LE00_IN,POL,_T,_T,_T,_Z,_Z,_Z,2023,A,YR,
82.329268,P1Y,0,,A,PU,_Z,2,,,False,WB_WDI,WB_WDI_SP_DYN_LE00_IN,PRT,_T,_T,_T,_Z,_Z,_Z,2023,A,YR,
81.69,P1Y,0,,A,PU,_Z,2,,,False,WB_WDI,WB_WDI_SP_DYN_LE00_IN,PRI,_T,_T,_T,_Z,_Z,_Z,2023,A,YR,
82.368,P1Y,0,,A,PU,_Z,2,,,False,WB_WDI,WB_WDI_SP_DYN_LE00_IN,QAT,_T,_T,_T,_Z,_Z,_Z,2023,A,YR,
76.404878,P1Y,0,,A,PU,_Z,2,,,False,WB_WDI,WB_WDI_SP_DYN_LE00_IN,ROU,_T,_T,_T,_Z,_Z,_Z,2023,A,YR,
73.254634,P1Y,0,,A,PU,_Z,2,,,False,WB_WDI,WB_WDI_SP_DYN_LE00_IN,RUS,_T,_T,_T,_Z,_Z,_Z,2023,A,YR,
67.785,P1Y,0,,A,PU,_Z,2,,,False,WB_WDI,WB_WDI_SP_DYN_LE00_IN,RWA,_T,_T,_T,_Z,_Z,_Z,2023,A,YR,
71.698,P1Y,0,,A,PU,_Z,2,,,False,WB_WDI,WB_WDI_SP_DYN_LE00_IN,WSM,_T,_T,_T,_Z,_Z,_Z,2023,A,YR,
85.706,P1Y,0,,A,PU,_Z,2,,,False,WB_WDI,WB_WDI_SP_DYN_LE00_IN,SMR,_T,_T,_T,_Z,_Z,_Z,2023,A,YR,
69.718,P1Y,0,,A,PU,_Z,2,,,False,WB_WDI,WB_WDI_SP_DYN_LE00_IN,STP,_T,_T,_T,_Z,_Z,_Z,2023,A,YR,
78.732,P1Y,0,,A,PU,_Z,2,,,False,WB_WDI,WB_WDI_SP_DYN_LE00_IN,SAU,_T,_T,_T,_Z,_Z,_Z,2023,A,YR,
68.683,P1Y,0,,A,PU,_Z,2,,,False,WB_WDI,WB_WDI_SP_DYN_LE00_IN,SEN,_T,_T,_T,_Z,_Z,_Z,2023,A,YR,
70.960976,P1Y,0,,A,PU,_Z,2,,,False,WB_WDI,WB_WDI_SP_DYN_LE00_IN,LVA,_T,_T,_T,_Z,_Z,_Z,2002,A,YR,
74.836,P1Y,0,,A,PU,_Z,2,,,False,WB_WDI,WB_WDI_SP_DYN_LE00_IN,LBN,_T,_T,_T,_Z,_Z,_Z,2002,A,YR,
45.95,P1Y,0,,A,PU,_Z,2,,,False,WB_WDI,WB_WDI_SP_DYN_LE00_IN,LSO,_T,_T,_T,_Z,_Z,_Z,2002,A,YR,
54.061,P1Y,0,,A,PU,_Z,2,,,False,WB_WDI,WB_WDI_SP_DYN_LE00_IN,LBR,_T,_T,_T,_Z,_Z,_Z,2002,A,YR,
70.788,P1Y,0,,A,PU,_Z,2,,,False,WB_WDI,WB_WDI_SP_DYN_LE00_IN,LBY,_T,_T,_T,_Z,_Z,_Z,2002,A,YR,
79.636585,P1Y,0,,A,PU,_Z,2,,,False,WB_WDI,WB_WDI_SP_DYN_LE00_IN,LIE,_T,_T,_T,_Z,_Z,_Z,2002,A,YR,
71.760976,P1Y,0,,A,PU,_Z,2,,,False,WB_WDI,WB_WDI_SP_DYN_LE00_IN,LTU,_T,_T,_T,_Z,_Z,_Z,2002,A,YR,
77.965854,P1Y,0,,A,PU,_Z,2,,,False,WB_WDI,WB_WDI_SP_DYN_LE00_IN,LUX,_T,_T,_T,_Z,_Z,_Z,2002,A,YR,
80.946341,P1Y,0,,A,PU,_Z,2,,,False,WB_WDI,WB_WDI_SP_DYN_LE00_IN,MAC,_T,_T,_T,_Z,_Z,_Z,2002,A,YR,
59.17,P1Y,0,,A,PU,_Z,2,,,False,WB_WDI,WB_WDI_SP_DYN_LE00_IN,MDG,_T,_T,_T,_Z,_Z,_Z,2002,A,YR,
48.176,P1Y,0,,A,PU,_Z,2,,,False,WB_WDI,WB_WDI_SP_DYN_LE00_IN,MWI,_T,_T,_T,_Z,_Z,_Z,2002,A,YR,
73.469,P1Y,0,,A,PU,_Z,2,,,False,WB_WDI,WB_WDI_SP_DYN_LE00_IN,MYS,_T,_T,_T,_Z,_Z,_Z,2002,A,YR,
72.36,P1Y,0,,A,PU,_Z,2,,,False,WB_WDI,WB_WDI_SP_DYN_LE00_IN,MDV,_T,_T,_T,_Z,_Z,_Z,2002,A,YR,
76.928,P1Y,0,,A,PU,_Z,2,,,False,WB_WDI,WB_WDI_SP_DYN_LE00_IN,LKA,_T,_T,_T,_Z,_Z,_Z,2020,A,YR,
71.181,P1Y,0,,A,PU,_Z,2,,,False,WB_WDI,WB_WDI_SP_DYN_LE00_IN,KNA,_T,_T,_T,_Z,_Z,_Z,2020,A,YR,
72.308,P1Y,0,,A,PU,_Z,2,,,False,WB_WDI,WB_WDI_SP_DYN_LE00_IN,LCA,_T,_T,_T,_Z,_Z,_Z,2020,A,YR,
80.085,P1Y,0,,A,PU,_Z,2,,,False,WB_WDI,WB_WDI_SP_DYN_LE00_IN,MAF,_T,_T,_T,_Z,_Z,_Z,2020,A,YR,
69.605,P1Y,0,,A,PU,_Z,2,,,False,WB_WDI,WB_WDI_SP_DYN_LE00_IN,VCT,_T,_T,_T,_Z,_Z,_Z,2020,A,YR,
65.124,P1Y,0,,A,PU,_Z,2,,,False,WB_WDI,WB_WDI_SP_DYN_LE00_IN,SDN,_T,_T,_T,_Z,_Z,_Z,2020,A,YR,
72.321,P1Y,0,,A,PU,_Z,2,,,False,WB_WDI,WB_WDI_SP_DYN_LE00_IN,SUR,_T,_T,_T,_Z,_Z,_Z,2020,A,YR,
82.356098,P1Y,0,,A,PU,_Z,2,,,False,WB_WDI,WB_WDI_SP_DYN_LE00_IN,SWE,_T,_T,_T,_Z,_Z,_Z,2020,A,YR,
83,P1Y,0,,A,PU,_Z,2,,,False,WB_WDI,WB_WDI_SP_DYN_LE00_IN,CHE,_T,_T,_T,_Z,_Z,_Z,2020,A,YR,
71.944,P1Y,0,,A,PU,_Z,2,,,False,WB_WDI,WB_WDI_SP_DYN_LE00_IN,SYR,_T,_T,_T,_Z,_Z,_Z,2020,A,YR,
68.605,P1Y,0,,A,PU,_Z,2,,,False,WB_WDI,WB_WDI_SP_DYN_LE00_IN,TJK,_T,_T,_T,_Z,_Z,_Z,2020,A,YR,
66.771,P1Y,0,,A,PU,_Z,2,,,False,WB_WDI,WB_WDI_SP_DYN_LE00_IN,TZA,_T,_T,_T,_Z,_Z,_Z,2020,A,YR,
77.331,P1Y,0,,A,PU,_Z,2,,,False,WB_WDI,WB_WDI_SP_DYN_LE00_IN,THA,_T,_T,_T,_Z,_Z,_Z,2020,A,YR,
70.478,P1Y,0,,A,PU,_Z,2,,,False,WB_WDI,WB_WDI_SP_DYN_LE00_IN,NIC,_T,_T,_T,_Z,_Z,_Z,2021,A,YR,
59.542,P1Y,0,,A,PU,_Z,2,,,False,WB_WDI,WB_WDI_SP_DYN_LE00_IN,NER,_T,_T,_T,_Z,_Z,_Z,2021,A,YR,
53.455,P1Y,0,,A,PU,_Z,2,,,False,WB_WDI,WB_WDI_SP_DYN_LE00_IN,NGA,_T,_T,_T,_Z,_Z,_Z,2021,A,YR,
73.246341,P1Y,0,,A,PU,_Z,2,,,False,WB_WDI,WB_WDI_SP_DYN_LE00_IN,MKD,_T,_T,_T,_Z,_Z,_Z,2021,A,YR,
78.16,P1Y,0,,A,PU,_Z,2,,,False,WB_WDI,WB_WDI_SP_DYN_LE00_IN,MNP,_T,_T,_T,_Z,_Z,_Z,2021,A,YR,
83.163415,P1Y,0,,A,PU,_Z,2,,,False,WB_WDI,WB_WDI_SP_DYN_LE00_IN,NOR,_T,_T,_T,_Z,_Z,_Z,2021,A,YR,
75.969,P1Y,0,,A,PU,_Z,2,,,False,WB_WDI,WB_WDI_SP_DYN_LE00_IN,OMN,_T,_T,_T,_Z,_Z,_Z,2021,A,YR,
65.773,P1Y,0,,A,PU,_Z,2,,,False,WB_WDI,WB_WDI_SP_DYN_LE00_IN,PAK,_T,_T,_T,_Z,_Z,_Z,2021,A,YR,
68.563,P1Y,0,,A,PU,_Z,2,,,False,WB_WDI,WB_WDI_SP_DYN_LE00_IN,PLW,_T,_T,_T,_Z,_Z,_Z,2021,A,YR,
77.004,P1Y,0,,A,PU,_Z,2,,,False,WB_WDI,WB_WDI_SP_DYN_LE00_IN,PAN,_T,_T,_T,_Z,_Z,_Z,2021,A,YR,
64.358,P1Y,0,,A,PU,_Z,2,,,False,WB_WDI,WB_WDI_SP_DYN_LE00_IN,PNG,_T,_T,_T,_Z,_Z,_Z,2021,A,YR,
68.108,P1Y,0,,A,PU,_Z,2,,,False,WB_WDI,WB_WDI_SP_DYN_LE00_IN,PRY,_T,_T,_T,_Z,_Z,_Z,2021,A,YR,
80.117073,P1Y,0,,A,PU,_Z,2,,,False,WB_WDI,WB_WDI_SP_DYN_LE00_IN,KOR,_T,_T,_T,_Z,_Z,_Z,2010,A,YR,
74.609,P1Y,0,,A,PU,_Z,2,,,False,WB_WDI,WB_WDI_SP_DYN_LE00_IN,XKX,_T,_T,_T,_Z,_Z,_Z,2010,A,YR,
77.72622,P1Y,0,,A,PU,_Z,2,,,False,WB_WDI,WB_WDI_SP_DYN_LE00_IN,KWT,_T,_T,_T,_Z,_Z,_Z,2010,A,YR,
69.3,P1Y,0,,A,PU,_Z,2,,,False,WB_WDI,WB_WDI_SP_DYN_LE00_IN,KGZ,_T,_T,_T,_Z,_Z,_Z,2010,A,YR,
63.69,P1Y,0,,A,PU,_Z,2,,,False,WB_WDI,WB_WDI_SP_DYN_LE00_IN,LAO,_T,_T,_T,_Z,_Z,_Z,2010,A,YR,
73.482927,P1Y,0,,A,PU,_Z,2,,,False,WB_WDI,WB_WDI_SP_DYN_LE00_IN,LVA,_T,_T,_T,_Z,_Z,_Z,2010,A,YR,
77.529,P1Y,0,,A,PU,_Z,2,,,False,WB_WDI,WB_WDI_SP_DYN_LE00_IN,LBN,_T,_T,_T,_Z,_Z,_Z,2010,A,YR,
46.045,P1Y,0,,A,PU,_Z,2,,,False,WB_WDI,WB_WDI_SP_DYN_LE00_IN,LSO,_T,_T,_T,_Z,_Z,_Z,2010,A,YR,
59.358,P1Y,0,,A,PU,_Z,2,,,False,WB_WDI,WB_WDI_SP_DYN_LE00_IN,LBR,_T,_T,_T,_Z,_Z,_Z,2010,A,YR,
72.196,P1Y,0,,A,PU,_Z,2,,,False,WB_WDI,WB_WDI_SP_DYN_LE00_IN,LBY,_T,_T,_T,_Z,_Z,_Z,2010,A,YR,
81.841463,P1Y,0,,A,PU,_Z,2,,,False,WB_WDI,WB_WDI_SP_DYN_LE00_IN,LIE,_T,_T,_T,_Z,_Z,_Z,2010,A,YR,
73.268293,P1Y,0,,A,PU,_Z,2,,,False,WB_WDI,WB_WDI_SP_DYN_LE00_IN,LTU,_T,_T,_T,_Z,_Z,_Z,2010,A,YR,
71.537,P1Y,0,,A,PU,_Z,2,,,False,WB_WDI,WB_WDI_SP_DYN_LE00_IN,COL,_T,_T,_T,_Z,_Z,_Z,2002,A,YR,
59.723,P1Y,0,,A,PU,_Z,2,,,False,WB_WDI,WB_WDI_SP_DYN_LE00_IN,COM,_T,_T,_T,_Z,_Z,_Z,2002,A,YR,
52.371,P1Y,0,,A,PU,_Z,2,,,False,WB_WDI,WB_WDI_SP_DYN_LE00_IN,COD,_T,_T,_T,_Z,_Z,_Z,2002,A,YR,
56.414,P1Y,0,,A,PU,_Z,2,,,False,WB_WDI,WB_WDI_SP_DYN_LE00_IN,COG,_T,_T,_T,_Z,_Z,_Z,2002,A,YR,
77.939,P1Y,0,,A,PU,_Z,2,,,False,WB_WDI,WB_WDI_SP_DYN_LE00_IN,CRI,_T,_T,_T,_Z,_Z,_Z,2002,A,YR,
51.544,P1Y,0,,A,PU,_Z,2,,,False,WB_WDI,WB_WDI_SP_DYN_LE00_IN,CIV,_T,_T,_T,_Z,_Z,_Z,2002,A,YR,
74.717317,P1Y,0,,A,PU,_Z,2,,,False,WB_WDI,WB_WDI_SP_DYN_LE00_IN,HRV,_T,_T,_T,_Z,_Z,_Z,2002,A,YR,
76.766,P1Y,0,,A,PU,_Z,2,,,False,WB_WDI,WB_WDI_SP_DYN_LE00_IN,CUB,_T,_T,_T,_Z,_Z,_Z,2002,A,YR,
73.472,P1Y,0,,A,PU,_Z,2,,,False,WB_WDI,WB_WDI_SP_DYN_LE00_IN,CUW,_T,_T,_T,_Z,_Z,_Z,2002,A,YR,
78.758,P1Y,0,,A,PU,_Z,2,,,False,WB_WDI,WB_WDI_SP_DYN_LE00_IN,CYP,_T,_T,_T,_Z,_Z,_Z,2002,A,YR,
75.221951,P1Y,0,,A,PU,_Z,2,,,False,WB_WDI,WB_WDI_SP_DYN_LE00_IN,CZE,_T,_T,_T,_Z,_Z,_Z,2002,A,YR,
76.895122,P1Y,0,,A,PU,_Z,2,,,False,WB_WDI,WB_WDI_SP_DYN_LE00_IN,DNK,_T,_T,_T,_Z,_Z,_Z,2002,A,YR,
57.824,P1Y,0,,A,PU,_Z,2,,,False,WB_WDI,WB_WDI_SP_DYN_LE00_IN,DJI,_T,_T,_T,_Z,_Z,_Z,2002,A,YR,
75.125,P1Y,0,,A,PU,_Z,2,,,False,WB_WDI,WB_WDI_SP_DYN_LE00_IN,SXM,_T,_T,_T,_Z,_Z,_Z,2012,A,YR,
76.109756,P1Y,0,,A,PU,_Z,2,,,False,WB_WDI,WB_WDI_SP_DYN_LE00_IN,SVK,_T,_T,_T,_Z,_Z,_Z,2012,A,YR,
80.12439,P1Y,0,,A,PU,_Z,2,,,False,WB_WDI,WB_WDI_SP_DYN_LE00_IN,SVN,_T,_T,_T,_Z,_Z,_Z,2012,A,YR,
68.961,P1Y,0,,A,PU,_Z,2,,,False,WB_WDI,WB_WDI_SP_DYN_LE00_IN,SLB,_T,_T,_T,_Z,_Z,_Z,2012,A,YR,
49.138,P1Y,0,,A,PU,_Z,2,,,False,WB_WDI,WB_WDI_SP_DYN_LE00_IN,SOM,_T,_T,_T,_Z,_Z,_Z,2012,A,YR,
61.737,P1Y,0,,A,PU,_Z,2,,,False,WB_WDI,WB_WDI_SP_DYN_LE00_IN,ZAF,_T,_T,_T,_Z,_Z,_Z,2012,A,YR,
58.241,P1Y,0,,A,PU,_Z,2,,,False,WB_WDI,WB_WDI_SP_DYN_LE00_IN,SSD,_T,_T,_T,_Z,_Z,_Z,2012,A,YR,
82.426829,P1Y,0,,A,PU,_Z,2,,,False,WB_WDI,WB_WDI_SP_DYN_LE00_IN,ESP,_T,_T,_T,_Z,_Z,_Z,2012,A,YR,
75.187,P1Y,0,,A,PU,_Z,2,,,False,WB_WDI,WB_WDI_SP_DYN_LE00_IN,LKA,_T,_T,_T,_Z,_Z,_Z,2012,A,YR,
71.362,P1Y,0,,A,PU,_Z,2,,,False,WB_WDI,WB_WDI_SP_DYN_LE00_IN,KNA,_T,_T,_T,_Z,_Z,_Z,2012,A,YR,
72.86,P1Y,0,,A,PU,_Z,2,,,False,WB_WDI,WB_WDI_SP_DYN_LE00_IN,LCA,_T,_T,_T,_Z,_Z,_Z,2012,A,YR,
79.302,P1Y,0,,A,PU,_Z,2,,,False,WB_WDI,WB_WDI_SP_DYN_LE00_IN,MAF,_T,_T,_T,_Z,_Z,_Z,2012,A,YR,
70.539,P1Y,0,,A,PU,_Z,2,,,False,WB_WDI,WB_WDI_SP_DYN_LE00_IN,VCT,_T,_T,_T,_Z,_Z,_Z,2012,A,YR,
80.713326,P1Y,0,,A,PU,_Z,2,,,False,WB_WDI,WB_WDI_SP_DYN_LE00_IN,EUU,_T,_T,_T,_Z,_Z,_Z,2022,A,YR,
63.842237,P1Y,0,,A,PU,_Z,2,,,False,WB_WDI,WB_WDI_SP_DYN_LE00_IN,HPC,_T,_T,_T,_Z,_Z,_Z,2022,A,YR,
79.426861,P1Y,0,,A,PU,_Z,2,,,False,WB_WDI,WB_WDI_SP_DYN_LE00_IN,HIC,_T,_T,_T,_Z,_Z,_Z,2022,A,YR,
74.251282,P1Y,0,,A,PU,_Z,2,,,False,WB_WDI,WB_WDI_SP_DYN_LE00_IN,IBD,_T,_T,_T,_Z,_Z,_Z,2022,A,YR,
71.67901,P1Y,0,,A,PU,_Z,2,,,False,WB_WDI,WB_WDI_SP_DYN_LE00_IN,IBT,_T,_T,_T,_Z,_Z,_Z,2022,A,YR,
62.128864,P1Y,0,,A,PU,_Z,2,,,False,WB_WDI,WB_WDI_SP_DYN_LE00_IN,IDB,_T,_T,_T,_Z,_Z,_Z,2022,A,YR,
66.363498,P1Y,0,,A,PU,_Z,2,,,False,WB_WDI,WB_WDI_SP_DYN_LE00_IN,IDX,_T,_T,_T,_Z,_Z,_Z,2022,A,YR,
64.883718,P1Y,0,,A,PU,_Z,2,,,False,WB_WDI,WB_WDI_SP_DYN_LE00_IN,IDA,_T,_T,_T,_Z,_Z,_Z,2022,A,YR,
76.954367,P1Y,0,,A,PU,_Z,2,,,False,WB_WDI,WB_WDI_SP_DYN_LE00_IN,LTE,_T,_T,_T,_Z,_Z,_Z,2022,A,YR,
74.64721,P1Y,0,,A,PU,_Z,2,,,False,WB_WDI,WB_WDI_SP_DYN_LE00_IN,LCN,_T,_T,_T,_Z,_Z,_Z,2022,A,YR,
74.401312,P1Y,0,,A,PU,_Z,2,,,False,WB_WDI,WB_WDI_SP_DYN_LE00_IN,LAC,_T,_T,_T,_Z,_Z,_Z,2022,A,YR,
74.568429,P1Y,0,,A,PU,_Z,2,,,False,WB_WDI,WB_WDI_SP_DYN_LE00_IN,TLA,_T,_T,_T,_Z,_Z,_Z,2022,A,YR,
65.766329,P1Y,0,,A,PU,_Z,2,,,False,WB_WDI,WB_WDI_SP_DYN_LE00_IN,LDC,_T,_T,_T,_Z,_Z,_Z,2022,A,YR,
71.599063,P1Y,0,,A,PU,_Z,2,,,False,WB_WDI,WB_WDI_SP_DYN_LE00_IN,LMY,_T,_T,_T,_Z,_Z,_Z,2022,A,YR,
65.86,P1Y,0,,A,PU,_Z,2,,,False,WB_WDI,WB_WDI_SP_DYN_LE00_IN,GMB,_T,_T,_T,_Z,_Z,_Z,2023,A,YR,
74.496,P1Y,0,,A,PU,_Z,2,,,False,WB_WDI,WB_WDI_SP_DYN_LE00_IN,GEO,_T,_T,_T,_Z,_Z,_Z,2023,A,YR,
81.041463,P1Y,0,,A,PU,_Z,2,,,False,WB_WDI,WB_WDI_SP_DYN_LE00_IN,DEU,_T,_T,_T,_Z,_Z,_Z,2023,A,YR,
65.498,P1Y,0,,A,PU,_Z,2,,,False,WB_WDI,WB_WDI_SP_DYN_LE00_IN,GHA,_T,_T,_T,_Z,_Z,_Z,2023,A,YR,
83.553,P1Y,0,,A,PU,_Z,2,,,False,WB_WDI,WB_WDI_SP_DYN_LE00_IN,GIB,_T,_T,_T,_Z,_Z,_Z,2023,A,YR,
81.736585,P1Y,0,,A,PU,_Z,2,,,False,WB_WDI,WB_WDI_SP_DYN_LE00_IN,GRC,_T,_T,_T,_Z,_Z,_Z,2023,A,YR,
70.972439,P1Y,0,,A,PU,_Z,2,,,False,WB_WDI,WB_WDI_SP_DYN_LE00_IN,GRL,_T,_T,_T,_Z,_Z,_Z,2023,A,YR,
75.205,P1Y,0,,A,PU,_Z,2,,,False,WB_WDI,WB_WDI_SP_DYN_LE00_IN,GRD,_T,_T,_T,_Z,_Z,_Z,2023,A,YR,
77.209,P1Y,0,,A,PU,_Z,2,,,False,WB_WDI,WB_WDI_SP_DYN_LE00_IN,GUM,_T,_T,_T,_Z,_Z,_Z,2023,A,YR,
72.602,P1Y,0,,A,PU,_Z,2,,,False,WB_WDI,WB_WDI_SP_DYN_LE00_IN,GTM,_T,_T,_T,_Z,_Z,_Z,2023,A,YR,
60.74,P1Y,0,,A,PU,_Z,2,,,False,WB_WDI,WB_WDI_SP_DYN_LE00_IN,GIN,_T,_T,_T,_Z,_Z,_Z,2023,A,YR,
64.085,P1Y,0,,A,PU,_Z,2,,,False,WB_WDI,WB_WDI_SP_DYN_LE00_IN,GNB,_T,_T,_T,_Z,_Z,_Z,2023,A,YR,
70.18,P1Y,0,,A,PU,_Z,2,,,False,WB_WDI,WB_WDI_SP_DYN_LE00_IN,GUY,_T,_T,_T,_Z,_Z,_Z,2023,A,YR,
64.936,P1Y,0,,A,PU,_Z,2,,,False,WB_WDI,WB_WDI_SP_DYN_LE00_IN,HTI,_T,_T,_T,_Z,_Z,_Z,2023,A,YR,
72.884,P1Y,0,,A,PU,_Z,2,,,False,WB_WDI,WB_WDI_SP_DYN_LE00_IN,HND,_T,_T,_T,_Z,_Z,_Z,2023,A,YR,
72.825,P1Y,0,,A,PU,_Z,2,,,False,WB_WDI,WB_WDI_SP_DYN_LE00_IN,LKA,_T,_T,_T,_Z,_Z,_Z,2006,A,YR,
71.356,P1Y,0,,A,PU,_Z,2,,,False,WB_WDI,WB_WDI_SP_DYN_LE00_IN,KNA,_T,_T,_T,_Z,_Z,_Z,2006,A,YR,
72.794,P1Y,0,,A,PU,_Z,2,,,False,WB_WDI,WB_WDI_SP_DYN_LE00_IN,LCA,_T,_T,_T,_Z,_Z,_Z,2006,A,YR,
77.989,P1Y,0,,A,PU,_Z,2,,,False,WB_WDI,WB_WDI_SP_DYN_LE00_IN,MAF,_T,_T,_T,_Z,_Z,_Z,2006,A,YR,
70.434,P1Y,0,,A,PU,_Z,2,,,False,WB_WDI,WB_WDI_SP_DYN_LE00_IN,VCT,_T,_T,_T,_Z,_Z,_Z,2006,A,YR,
60.4,P1Y,0,,A,PU,_Z,2,,,False,WB_WDI,WB_WDI_SP_DYN_LE00_IN,SDN,_T,_T,_T,_Z,_Z,_Z,2006,A,YR,
67.643,P1Y,0,,A,PU,_Z,2,,,False,WB_WDI,WB_WDI_SP_DYN_LE00_IN,SUR,_T,_T,_T,_Z,_Z,_Z,2006,A,YR,
80.74878,P1Y,0,,A,PU,_Z,2,,,False,WB_WDI,WB_WDI_SP_DYN_LE00_IN,SWE,_T,_T,_T,_Z,_Z,_Z,2006,A,YR,
81.490244,P1Y,0,,A,PU,_Z,2,,,False,WB_WDI,WB_WDI_SP_DYN_LE00_IN,CHE,_T,_T,_T,_Z,_Z,_Z,2006,A,YR,
73.04,P1Y,0,,A,PU,_Z,2,,,False,WB_WDI,WB_WDI_SP_DYN_LE00_IN,SYR,_T,_T,_T,_Z,_Z,_Z,2006,A,YR,
66.997,P1Y,0,,A,PU,_Z,2,,,False,WB_WDI,WB_WDI_SP_DYN_LE00_IN,TJK,_T,_T,_T,_Z,_Z,_Z,2006,A,YR,
58.512,P1Y,0,,A,PU,_Z,2,,,False,WB_WDI,WB_WDI_SP_DYN_LE00_IN,TZA,_T,_T,_T,_Z,_Z,_Z,2006,A,YR,
67.786,P1Y,0,,A,PU,_Z,2,,,False,WB_WDI,WB_WDI_SP_DYN_LE00_IN,UKR,_T,_T,_T,_Z,_Z,_Z,2000,A,YR,
76.347,P1Y,0,,A,PU,_Z,2,,,False,WB_WDI,WB_WDI_SP_DYN_LE00_IN,ARE,_T,_T,_T,_Z,_Z,_Z,2000,A,YR,
77.741463,P1Y,0,,A,PU,_Z,2,,,False,WB_WDI,WB_WDI_SP_DYN_LE00_IN,GBR,_T,_T,_T,_Z,_Z,_Z,2000,A,YR,
76.636585,P1Y,0,,A,PU,_Z,2,,,False,WB_WDI,WB_WDI_SP_DYN_LE00_IN,USA,_T,_T,_T,_Z,_Z,_Z,2000,A,YR,
74.693,P1Y,0,,A,PU,_Z,2,,,False,WB_WDI,WB_WDI_SP_DYN_LE00_IN,URY,_T,_T,_T,_Z,_Z,_Z,2000,A,YR,
65.456,P1Y,0,,A,PU,_Z,2,,,False,WB_WDI,WB_WDI_SP_DYN_LE00_IN,UZB,_T,_T,_T,_Z,_Z,_Z,2000,A,YR,
68.586,P1Y,0,,A,PU,_Z,2,,,False,WB_WDI,WB_WDI_SP_DYN_LE00_IN,VUT,_T,_T,_T,_Z,_Z,_Z,2000,A,YR,
72.388,P1Y,0,,A,PU,_Z,2,,,False,WB_WDI,WB_WDI_SP_DYN_LE00_IN,VEN,_T,_T,_T,_Z,_Z,_Z,2000,A,YR,
72.746,P1Y,0,,A,PU,_Z,2,,,False,WB_WDI,WB_WDI_SP_DYN_LE00_IN,VNM,_T,_T,_T,_Z,_Z,_Z,2000,A,YR,
76.619512,P1Y,0,,A,PU,_Z,2,,,False,WB_WDI,WB_WDI_SP_DYN_LE00_IN,VIR,_T,_T,_T,_Z,_Z,_Z,2000,A,YR,
70.298,P1Y,0,,A,PU,_Z,2,,,False,WB_WDI,WB_WDI_SP_DYN_LE00_IN,PSE,_T,_T,_T,_Z,_Z,_Z,2000,A,YR,
62.761,P1Y,0,,A,PU,_Z,2,,,False,WB_WDI,WB_WDI_SP_DYN_LE00_IN,YEM,_T,_T,_T,_Z,_Z,_Z,2000,A,YR,
46.577,P1Y,0,,A,PU,_Z,2,,,False,WB_WDI,WB_WDI_SP_DYN_LE00_IN,ZMB,_T,_T,_T,_Z,_Z,_Z,2000,A,YR,
74.462,P1Y,0,,A,PU,_Z,2,,,False,WB_WDI,WB_WDI_SP_DYN_LE00_IN,LBY,_T,_T,_T,_Z,_Z,_Z,2022,A,YR,
84.121951,P1Y,0,,A,PU,_Z,2,,,False,WB_WDI,WB_WDI_SP_DYN_LE00_IN,LIE,_T,_T,_T,_Z,_Z,_Z,2022,A,YR,
75.643902,P1Y,0,,A,PU,_Z,2,,,False,WB_WDI,WB_WDI_SP_DYN_LE00_IN,LTU,_T,_T,_T,_Z,_Z,_Z,2022,A,YR,
82.946341,P1Y,0,,A,PU,_Z,2,,,False,WB_WDI,WB_WDI_SP_DYN_LE00_IN,LUX,_T,_T,_T,_Z,_Z,_Z,2022,A,YR,
83.080488,P1Y,0,,A,PU,_Z,2,,,False,WB_WDI,WB_WDI_SP_DYN_LE00_IN,MAC,_T,_T,_T,_Z,_Z,_Z,2022,A,YR,
63.068,P1Y,0,,A,PU,_Z,2,,,False,WB_WDI,WB_WDI_SP_DYN_LE00_IN,MDG,_T,_T,_T,_Z,_Z,_Z,2022,A,YR,
66.037,P1Y,0,,A,PU,_Z,2,,,False,WB_WDI,WB_WDI_SP_DYN_LE00_IN,MWI,_T,_T,_T,_Z,_Z,_Z,2022,A,YR,
75.444,P1Y,0,,A,PU,_Z,2,,,False,WB_WDI,WB_WDI_SP_DYN_LE00_IN,MYS,_T,_T,_T,_Z,_Z,_Z,2022,A,YR,
80.76,P1Y,0,,A,PU,_Z,2,,,False,WB_WDI,WB_WDI_SP_DYN_LE00_IN,MDV,_T,_T,_T,_Z,_Z,_Z,2022,A,YR,
60.035,P1Y,0,,A,PU,_Z,2,,,False,WB_WDI,WB_WDI_SP_DYN_LE00_IN,MLI,_T,_T,_T,_Z,_Z,_Z,2022,A,YR,
82.297561,P1Y,0,,A,PU,_Z,2,,,False,WB_WDI,WB_WDI_SP_DYN_LE00_IN,MLT,_T,_T,_T,_Z,_Z,_Z,2022,A,YR,
66.725,P1Y,0,,A,PU,_Z,2,,,False,WB_WDI,WB_WDI_SP_DYN_LE00_IN,MHL,_T,_T,_T,_Z,_Z,_Z,2022,A,YR,
68.281,P1Y,0,,A,PU,_Z,2,,,False,WB_WDI,WB_WDI_SP_DYN_LE00_IN,MRT,_T,_T,_T,_Z,_Z,_Z,2022,A,YR,
60.308,P1Y,0,,A,PU,_Z,2,,,False,WB_WDI,WB_WDI_SP_DYN_LE00_IN,SEN,_T,_T,_T,_Z,_Z,_Z,2004,A,YR,
72.682927,P1Y,0,,A,PU,_Z,2,,,False,WB_WDI,WB_WDI_SP_DYN_LE00_IN,SRB,_T,_T,_T,_Z,_Z,_Z,2004,A,YR,
72.660976,P1Y,0,,A,PU,_Z,2,,,False,WB_WDI,WB_WDI_SP_DYN_LE00_IN,SYC,_T,_T,_T,_Z,_Z,_Z,2004,A,YR,
47.485,P1Y,0,,A,PU,_Z,2,,,False,WB_WDI,WB_WDI_SP_DYN_LE00_IN,SLE,_T,_T,_T,_Z,_Z,_Z,2004,A,YR,
79.490244,P1Y,0,,A,PU,_Z,2,,,False,WB_WDI,WB_WDI_SP_DYN_LE00_IN,SGP,_T,_T,_T,_Z,_Z,_Z,2004,A,YR,
74.618,P1Y,0,,A,PU,_Z,2,,,False,WB_WDI,WB_WDI_SP_DYN_LE00_IN,SXM,_T,_T,_T,_Z,_Z,_Z,2004,A,YR,
73.958537,P1Y,0,,A,PU,_Z,2,,,False,WB_WDI,WB_WDI_SP_DYN_LE00_IN,SVK,_T,_T,_T,_Z,_Z,_Z,2004,A,YR,
77.207317,P1Y,0,,A,PU,_Z,2,,,False,WB_WDI,WB_WDI_SP_DYN_LE00_IN,SVN,_T,_T,_T,_Z,_Z,_Z,2004,A,YR,
67.628,P1Y,0,,A,PU,_Z,2,,,False,WB_WDI,WB_WDI_SP_DYN_LE00_IN,SLB,_T,_T,_T,_Z,_Z,_Z,2004,A,YR,
50.685,P1Y,0,,A,PU,_Z,2,,,False,WB_WDI,WB_WDI_SP_DYN_LE00_IN,SOM,_T,_T,_T,_Z,_Z,_Z,2004,A,YR,
53.963,P1Y,0,,A,PU,_Z,2,,,False,WB_WDI,WB_WDI_SP_DYN_LE00_IN,ZAF,_T,_T,_T,_Z,_Z,_Z,2004,A,YR,
53.052,P1Y,0,,A,PU,_Z,2,,,False,WB_WDI,WB_WDI_SP_DYN_LE00_IN,SSD,_T,_T,_T,_Z,_Z,_Z,2004,A,YR,
79.870732,P1Y,0,,A,PU,_Z,2,,,False,WB_WDI,WB_WDI_SP_DYN_LE00_IN,ESP,_T,_T,_T,_Z,_Z,_Z,2004,A,YR,
68.022,P1Y,0,,A,PU,_Z,2,,,False,WB_WDI,WB_WDI_SP_DYN_LE00_IN,LKA,_T,_T,_T,_Z,_Z,_Z,2004,A,YR,
72.746,P1Y,0,,A,PU,_Z,2,,,False,WB_WDI,WB_WDI_SP_DYN_LE00_IN,PER,_T,_T,_T,_Z,_Z,_Z,2007,A,YR,
68.549,P1Y,0,,A,PU,_Z,2,,,False,WB_WDI,WB_WDI_SP_DYN_LE00_IN,PHL,_T,_T,_T,_Z,_Z,_Z,2007,A,YR,
75.243902,P1Y,0,,A,PU,_Z,2,,,False,WB_WDI,WB_WDI_SP_DYN_LE00_IN,POL,_T,_T,_T,_Z,_Z,_Z,2007,A,YR,
78.321951,P1Y,0,,A,PU,_Z,2,,,False,WB_WDI,WB_WDI_SP_DYN_LE00_IN,PRT,_T,_T,_T,_Z,_Z,_Z,2007,A,YR,
77.659,P1Y,0,,A,PU,_Z,2,,,False,WB_WDI,WB_WDI_SP_DYN_LE00_IN,PRI,_T,_T,_T,_Z,_Z,_Z,2007,A,YR,
77.741,P1Y,0,,A,PU,_Z,2,,,False,WB_WDI,WB_WDI_SP_DYN_LE00_IN,QAT,_T,_T,_T,_Z,_Z,_Z,2007,A,YR,
72.565854,P1Y,0,,A,PU,_Z,2,,,False,WB_WDI,WB_WDI_SP_DYN_LE00_IN,ROU,_T,_T,_T,_Z,_Z,_Z,2007,A,YR,
67.586829,P1Y,0,,A,PU,_Z,2,,,False,WB_WDI,WB_WDI_SP_DYN_LE00_IN,RUS,_T,_T,_T,_Z,_Z,_Z,2007,A,YR,
59.504,P1Y,0,,A,PU,_Z,2,,,False,WB_WDI,WB_WDI_SP_DYN_LE00_IN,RWA,_T,_T,_T,_Z,_Z,_Z,2007,A,YR,
71.605,P1Y,0,,A,PU,_Z,2,,,False,WB_WDI,WB_WDI_SP_DYN_LE00_IN,WSM,_T,_T,_T,_Z,_Z,_Z,2007,A,YR,
82.605,P1Y,0,,A,PU,_Z,2,,,False,WB_WDI,WB_WDI_SP_DYN_LE00_IN,SMR,_T,_T,_T,_Z,_Z,_Z,2007,A,YR,
63.336,P1Y,0,,A,PU,_Z,2,,,False,WB_WDI,WB_WDI_SP_DYN_LE00_IN,STP,_T,_T,_T,_Z,_Z,_Z,2007,A,YR,
77.919512,P1Y,0,,A,PU,_Z,2,,,False,WB_WDI,WB_WDI_SP_DYN_LE00_IN,HRV,_T,_T,_T,_Z,_Z,_Z,2018,A,YR,
77.426,P1Y,0,,A,PU,_Z,2,,,False,WB_WDI,WB_WDI_SP_DYN_LE00_IN,CUB,_T,_T,_T,_Z,_Z,_Z,2018,A,YR,
76.493,P1Y,0,,A,PU,_Z,2,,,False,WB_WDI,WB_WDI_SP_DYN_LE00_IN,CUW,_T,_T,_T,_Z,_Z,_Z,2018,A,YR,
81.556,P1Y,0,,A,PU,_Z,2,,,False,WB_WDI,WB_WDI_SP_DYN_LE00_IN,CYP,_T,_T,_T,_Z,_Z,_Z,2018,A,YR,
79.029268,P1Y,0,,A,PU,_Z,2,,,False,WB_WDI,WB_WDI_SP_DYN_LE00_IN,CZE,_T,_T,_T,_Z,_Z,_Z,2018,A,YR,
80.953659,P1Y,0,,A,PU,_Z,2,,,False,WB_WDI,WB_WDI_SP_DYN_LE00_IN,DNK,_T,_T,_T,_Z,_Z,_Z,2018,A,YR,
64.105,P1Y,0,,A,PU,_Z,2,,,False,WB_WDI,WB_WDI_SP_DYN_LE00_IN,DJI,_T,_T,_T,_Z,_Z,_Z,2018,A,YR,
71.378,P1Y,0,,A,PU,_Z,2,,,False,WB_WDI,WB_WDI_SP_DYN_LE00_IN,DMA,_T,_T,_T,_Z,_Z,_Z,2018,A,YR,
73.555,P1Y,0,,A,PU,_Z,2,,,False,WB_WDI,WB_WDI_SP_DYN_LE00_IN,DOM,_T,_T,_T,_Z,_Z,_Z,2018,A,YR,
77.248,P1Y,0,,A,PU,_Z,2,,,False,WB_WDI,WB_WDI_SP_DYN_LE00_IN,ECU,_T,_T,_T,_Z,_Z,_Z,2018,A,YR,
70.974,P1Y,0,,A,PU,_Z,2,,,False,WB_WDI,WB_WDI_SP_DYN_LE00_IN,EGY,_T,_T,_T,_Z,_Z,_Z,2018,A,YR,
66.219,P1Y,0,,A,PU,_Z,2,,,False,WB_WDI,WB_WDI_SP_DYN_LE00_IN,PLW,_T,_T,_T,_Z,_Z,_Z,2005,A,YR,
75.16,P1Y,0,,A,PU,_Z,2,,,False,WB_WDI,WB_WDI_SP_DYN_LE00_IN,PAN,_T,_T,_T,_Z,_Z,_Z,2005,A,YR,
61.868,P1Y,0,,A,PU,_Z,2,,,False,WB_WDI,WB_WDI_SP_DYN_LE00_IN,PNG,_T,_T,_T,_Z,_Z,_Z,2005,A,YR,
71.317,P1Y,0,,A,PU,_Z,2,,,False,WB_WDI,WB_WDI_SP_DYN_LE00_IN,PRY,_T,_T,_T,_Z,_Z,_Z,2005,A,YR,
71.988,P1Y,0,,A,PU,_Z,2,,,False,WB_WDI,WB_WDI_SP_DYN_LE00_IN,PER,_T,_T,_T,_Z,_Z,_Z,2005,A,YR,
68.423,P1Y,0,,A,PU,_Z,2,,,False,WB_WDI,WB_WDI_SP_DYN_LE00_IN,PHL,_T,_T,_T,_Z,_Z,_Z,2005,A,YR,
74.995122,P1Y,0,,A,PU,_Z,2,,,False,WB_WDI,WB_WDI_SP_DYN_LE00_IN,POL,_T,_T,_T,_Z,_Z,_Z,2005,A,YR,
78.070732,P1Y,0,,A,PU,_Z,2,,,False,WB_WDI,WB_WDI_SP_DYN_LE00_IN,PRT,_T,_T,_T,_Z,_Z,_Z,2005,A,YR,
76.703,P1Y,0,,A,PU,_Z,2,,,False,WB_WDI,WB_WDI_SP_DYN_LE00_IN,PRI,_T,_T,_T,_Z,_Z,_Z,2005,A,YR,
76.909,P1Y,0,,A,PU,_Z,2,,,False,WB_WDI,WB_WDI_SP_DYN_LE00_IN,QAT,_T,_T,_T,_Z,_Z,_Z,2005,A,YR,
71.912195,P1Y,0,,A,PU,_Z,2,,,False,WB_WDI,WB_WDI_SP_DYN_LE00_IN,ROU,_T,_T,_T,_Z,_Z,_Z,2005,A,YR,
56.734,P1Y,0,,A,PU,_Z,2,,,False,WB_WDI,WB_WDI_SP_DYN_LE00_IN,DJI,_T,_T,_T,_Z,_Z,_Z,2000,A,YR,
71.715,P1Y,0,,A,PU,_Z,2,,,False,WB_WDI,WB_WDI_SP_DYN_LE00_IN,DMA,_T,_T,_T,_Z,_Z,_Z,2000,A,YR,
70.365,P1Y,0,,A,PU,_Z,2,,,False,WB_WDI,WB_WDI_SP_DYN_LE00_IN,DOM,_T,_T,_T,_Z,_Z,_Z,2000,A,YR,
72.09,P1Y,0,,A,PU,_Z,2,,,False,WB_WDI,WB_WDI_SP_DYN_LE00_IN,ECU,_T,_T,_T,_Z,_Z,_Z,2000,A,YR,
67.332,P1Y,0,,A,PU,_Z,2,,,False,WB_WDI,WB_WDI_SP_DYN_LE00_IN,EGY,_T,_T,_T,_Z,_Z,_Z,2000,A,YR,
67.711,P1Y,0,,A,PU,_Z,2,,,False,WB_WDI,WB_WDI_SP_DYN_LE00_IN,SLV,_T,_T,_T,_Z,_Z,_Z,2000,A,YR,
53.395,P1Y,0,,A,PU,_Z,2,,,False,WB_WDI,WB_WDI_SP_DYN_LE00_IN,GNQ,_T,_T,_T,_Z,_Z,_Z,2000,A,YR,
56.285,P1Y,0,,A,PU,_Z,2,,,False,WB_WDI,WB_WDI_SP_DYN_LE00_IN,ERI,_T,_T,_T,_Z,_Z,_Z,2000,A,YR,
70.417073,P1Y,0,,A,PU,_Z,2,,,False,WB_WDI,WB_WDI_SP_DYN_LE00_IN,EST,_T,_T,_T,_Z,_Z,_Z,2000,A,YR,
47.627,P1Y,0,,A,PU,_Z,2,,,False,WB_WDI,WB_WDI_SP_DYN_LE00_IN,SWZ,_T,_T,_T,_Z,_Z,_Z,2000,A,YR,
50.88,P1Y,0,,A,PU,_Z,2,,,False,WB_WDI,WB_WDI_SP_DYN_LE00_IN,ETH,_T,_T,_T,_Z,_Z,_Z,2000,A,YR,
78.411907,P1Y,0,,A,PU,_Z,2,,,False,WB_WDI,WB_WDI_SP_DYN_LE00_IN,FRO,_T,_T,_T,_Z,_Z,_Z,2000,A,YR,
75.9,P1Y,0,,A,PU,_Z,2,,,False,WB_WDI,WB_WDI_SP_DYN_LE00_IN,MYS,_T,_T,_T,_Z,_Z,_Z,2019,A,YR,
79.707,P1Y,0,,A,PU,_Z,2,,,False,WB_WDI,WB_WDI_SP_DYN_LE00_IN,MDV,_T,_T,_T,_Z,_Z,_Z,2019,A,YR,
59.217,P1Y,0,,A,PU,_Z,2,,,False,WB_WDI,WB_WDI_SP_DYN_LE00_IN,MLI,_T,_T,_T,_Z,_Z,_Z,2019,A,YR,
82.658537,P1Y,0,,A,PU,_Z,2,,,False,WB_WDI,WB_WDI_SP_DYN_LE00_IN,MLT,_T,_T,_T,_Z,_Z,_Z,2019,A,YR,
66.047,P1Y,0,,A,PU,_Z,2,,,False,WB_WDI,WB_WDI_SP_DYN_LE00_IN,MHL,_T,_T,_T,_Z,_Z,_Z,2019,A,YR,
67.64,P1Y,0,,A,PU,_Z,2,,,False,WB_WDI,WB_WDI_SP_DYN_LE00_IN,MRT,_T,_T,_T,_Z,_Z,_Z,2019,A,YR,
74.235854,P1Y,0,,A,PU,_Z,2,,,False,WB_WDI,WB_WDI_SP_DYN_LE00_IN,MUS,_T,_T,_T,_Z,_Z,_Z,2019,A,YR,
74.53,P1Y,0,,A,PU,_Z,2,,,False,WB_WDI,WB_WDI_SP_DYN_LE00_IN,MEX,_T,_T,_T,_Z,_Z,_Z,2019,A,YR,
66.196,P1Y,0,,A,PU,_Z,2,,,False,WB_WDI,WB_WDI_SP_DYN_LE00_IN,FSM,_T,_T,_T,_Z,_Z,_Z,2019,A,YR,
70.181,P1Y,0,,A,PU,_Z,2,,,False,WB_WDI,WB_WDI_SP_DYN_LE00_IN,MDA,_T,_T,_T,_Z,_Z,_Z,2019,A,YR,
86.151,P1Y,0,,A,PU,_Z,2,,,False,WB_WDI,WB_WDI_SP_DYN_LE00_IN,MCO,_T,_T,_T,_Z,_Z,_Z,2019,A,YR,
73.727,P1Y,0,,A,PU,_Z,2,,,False,WB_WDI,WB_WDI_SP_DYN_LE00_IN,MYS,_T,_T,_T,_Z,_Z,_Z,2003,A,YR,
73.263,P1Y,0,,A,PU,_Z,2,,,False,WB_WDI,WB_WDI_SP_DYN_LE00_IN,MDV,_T,_T,_T,_Z,_Z,_Z,2003,A,YR,
52.632,P1Y,0,,A,PU,_Z,2,,,False,WB_WDI,WB_WDI_SP_DYN_LE00_IN,MLI,_T,_T,_T,_Z,_Z,_Z,2003,A,YR,
78.546341,P1Y,0,,A,PU,_Z,2,,,False,WB_WDI,WB_WDI_SP_DYN_LE00_IN,MLT,_T,_T,_T,_Z,_Z,_Z,2003,A,YR,
63.956,P1Y,0,,A,PU,_Z,2,,,False,WB_WDI,WB_WDI_SP_DYN_LE00_IN,MHL,_T,_T,_T,_Z,_Z,_Z,2003,A,YR,
62.805,P1Y,0,,A,PU,_Z,2,,,False,WB_WDI,WB_WDI_SP_DYN_LE00_IN,MRT,_T,_T,_T,_Z,_Z,_Z,2003,A,YR,
72.117073,P1Y,0,,A,PU,_Z,2,,,False,WB_WDI,WB_WDI_SP_DYN_LE00_IN,MUS,_T,_T,_T,_Z,_Z,_Z,2003,A,YR,
73.308,P1Y,0,,A,PU,_Z,2,,,False,WB_WDI,WB_WDI_SP_DYN_LE00_IN,MEX,_T,_T,_T,_Z,_Z,_Z,2003,A,YR,
64.915,P1Y,0,,A,PU,_Z,2,,,False,WB_WDI,WB_WDI_SP_DYN_LE00_IN,FSM,_T,_T,_T,_Z,_Z,_Z,2003,A,YR,
67.9,P1Y,0,,A,PU,_Z,2,,,False,WB_WDI,WB_WDI_SP_DYN_LE00_IN,MDA,_T,_T,_T,_Z,_Z,_Z,2003,A,YR,
83.613,P1Y,0,,A,PU,_Z,2,,,False,WB_WDI,WB_WDI_SP_DYN_LE00_IN,MCO,_T,_T,_T,_Z,_Z,_Z,2003,A,YR,
63.575366,P1Y,0,,A,PU,_Z,2,,,False,WB_WDI,WB_WDI_SP_DYN_LE00_IN,MNG,_T,_T,_T,_Z,_Z,_Z,2003,A,YR,
74.055732,P1Y,0,,A,PU,_Z,2,,,False,WB_WDI,WB_WDI_SP_DYN_LE00_IN,MNE,_T,_T,_T,_Z,_Z,_Z,2003,A,YR,
67.958,P1Y,0,,A,PU,_Z,2,,,False,WB_WDI,WB_WDI_SP_DYN_LE00_IN,MAR,_T,_T,_T,_Z,_Z,_Z,2003,A,YR,
53.345328,P1Y,0,,A,PU,_Z,2,,,False,WB_WDI,WB_WDI_SP_DYN_LE00_IN,SSF,_T,_T,_T,_Z,_Z,_Z,2004,A,YR,
53.343227,P1Y,0,,A,PU,_Z,2,,,False,WB_WDI,WB_WDI_SP_DYN_LE00_IN,SSA,_T,_T,_T,_Z,_Z,_Z,2004,A,YR,
53.345328,P1Y,0,,A,PU,_Z,2,,,False,WB_WDI,WB_WDI_SP_DYN_LE00_IN,TSS,_T,_T,_T,_Z,_Z,_Z,2004,A,YR,
71.698064,P1Y,0,,A,PU,_Z,2,,,False,WB_WDI,WB_WDI_SP_DYN_LE00_IN,UMC,_T,_T,_T,_Z,_Z,_Z,2004,A,YR,
68.771099,P1Y,0,,A,PU,_Z,2,,,False,WB_WDI,WB_WDI_SP_DYN_LE00_IN,WLD,_T,_T,_T,_Z,_Z,_Z,2004,A,YR,
57.81,P1Y,0,,A,PU,_Z,2,,,False,WB_WDI,WB_WDI_SP_DYN_LE00_IN,AFG,_T,_T,_T,_Z,_Z,_Z,2004,A,YR,
75.951,P1Y,0,,A,PU,_Z,2,,,False,WB_WDI,WB_WDI_SP_DYN_LE00_IN,ALB,_T,_T,_T,_Z,_Z,_Z,2004,A,YR,
72.536,P1Y,0,,A,PU,_Z,2,,,False,WB_WDI,WB_WDI_SP_DYN_LE00_IN,DZA,_T,_T,_T,_Z,_Z,_Z,2004,A,YR,
72.277,P1Y,0,,A,PU,_Z,2,,,False,WB_WDI,WB_WDI_SP_DYN_LE00_IN,ASM,_T,_T,_T,_Z,_Z,_Z,2004,A,YR,
82.815,P1Y,0,,A,PU,_Z,2,,,False,WB_WDI,WB_WDI_SP_DYN_LE00_IN,AND,_T,_T,_T,_Z,_Z,_Z,2004,A,YR,
51.123,P1Y,0,,A,PU,_Z,2,,,False,WB_WDI,WB_WDI_SP_DYN_LE00_IN,AGO,_T,_T,_T,_Z,_Z,_Z,2004,A,YR,
75.329,P1Y,0,,A,PU,_Z,2,,,False,WB_WDI,WB_WDI_SP_DYN_LE00_IN,ATG,_T,_T,_T,_Z,_Z,_Z,2004,A,YR,
74.871,P1Y,0,,A,PU,_Z,2,,,False,WB_WDI,WB_WDI_SP_DYN_LE00_IN,ARG,_T,_T,_T,_Z,_Z,_Z,2004,A,YR,
73.026829,P1Y,0,,A,PU,_Z,2,,,False,WB_WDI,WB_WDI_SP_DYN_LE00_IN,ARM,_T,_T,_T,_Z,_Z,_Z,2004,A,YR,
77.143902,P1Y,0,,A,PU,_Z,2,,,False,WB_WDI,WB_WDI_SP_DYN_LE00_IN,DNK,_T,_T,_T,_Z,_Z,_Z,2003,A,YR,
58.041,P1Y,0,,A,PU,_Z,2,,,False,WB_WDI,WB_WDI_SP_DYN_LE00_IN,DJI,_T,_T,_T,_Z,_Z,_Z,2003,A,YR,
71.942,P1Y,0,,A,PU,_Z,2,,,False,WB_WDI,WB_WDI_SP_DYN_LE00_IN,DMA,_T,_T,_T,_Z,_Z,_Z,2003,A,YR,
70.856,P1Y,0,,A,PU,_Z,2,,,False,WB_WDI,WB_WDI_SP_DYN_LE00_IN,DOM,_T,_T,_T,_Z,_Z,_Z,2003,A,YR,
73.632,P1Y,0,,A,PU,_Z,2,,,False,WB_WDI,WB_WDI_SP_DYN_LE00_IN,ECU,_T,_T,_T,_Z,_Z,_Z,2003,A,YR,
68.045,P1Y,0,,A,PU,_Z,2,,,False,WB_WDI,WB_WDI_SP_DYN_LE00_IN,EGY,_T,_T,_T,_Z,_Z,_Z,2003,A,YR,
68.792,P1Y,0,,A,PU,_Z,2,,,False,WB_WDI,WB_WDI_SP_DYN_LE00_IN,SLV,_T,_T,_T,_Z,_Z,_Z,2003,A,YR,
54.791,P1Y,0,,A,PU,_Z,2,,,False,WB_WDI,WB_WDI_SP_DYN_LE00_IN,GNQ,_T,_T,_T,_Z,_Z,_Z,2003,A,YR,
59.455,P1Y,0,,A,PU,_Z,2,,,False,WB_WDI,WB_WDI_SP_DYN_LE00_IN,ERI,_T,_T,_T,_Z,_Z,_Z,2003,A,YR,
71.317073,P1Y,0,,A,PU,_Z,2,,,False,WB_WDI,WB_WDI_SP_DYN_LE00_IN,EST,_T,_T,_T,_Z,_Z,_Z,2003,A,YR,
44.632,P1Y,0,,A,PU,_Z,2,,,False,WB_WDI,WB_WDI_SP_DYN_LE00_IN,SWZ,_T,_T,_T,_Z,_Z,_Z,2003,A,YR,
52.877,P1Y,0,,A,PU,_Z,2,,,False,WB_WDI,WB_WDI_SP_DYN_LE00_IN,ETH,_T,_T,_T,_Z,_Z,_Z,2003,A,YR,
75.412195,P1Y,0,,A,PU,_Z,2,,,False,WB_WDI,WB_WDI_SP_DYN_LE00_IN,SVN,_T,_T,_T,_Z,_Z,_Z,2000,A,YR,
67.116,P1Y,0,,A,PU,_Z,2,,,False,WB_WDI,WB_WDI_SP_DYN_LE00_IN,SLB,_T,_T,_T,_Z,_Z,_Z,2000,A,YR,
50.747,P1Y,0,,A,PU,_Z,2,,,False,WB_WDI,WB_WDI_SP_DYN_LE00_IN,SOM,_T,_T,_T,_Z,_Z,_Z,2000,A,YR,
58.368,P1Y,0,,A,PU,_Z,2,,,False,WB_WDI,WB_WDI_SP_DYN_LE00_IN,ZAF,_T,_T,_T,_Z,_Z,_Z,2000,A,YR,
47.591,P1Y,0,,A,PU,_Z,2,,,False,WB_WDI,WB_WDI_SP_DYN_LE00_IN,SSD,_T,_T,_T,_Z,_Z,_Z,2000,A,YR,
78.965854,P1Y,0,,A,PU,_Z,2,,,False,WB_WDI,WB_WDI_SP_DYN_LE00_IN,ESP,_T,_T,_T,_Z,_Z,_Z,2000,A,YR,
71.179,P1Y,0,,A,PU,_Z,2,,,False,WB_WDI,WB_WDI_SP_DYN_LE00_IN,LKA,_T,_T,_T,_Z,_Z,_Z,2000,A,YR,
69.249,P1Y,0,,A,PU,_Z,2,,,False,WB_WDI,WB_WDI_SP_DYN_LE00_IN,KNA,_T,_T,_T,_Z,_Z,_Z,2000,A,YR,
70.779,P1Y,0,,A,PU,_Z,2,,,False,WB_WDI,WB_WDI_SP_DYN_LE00_IN,LCA,_T,_T,_T,_Z,_Z,_Z,2000,A,YR,
76.793,P1Y,0,,A,PU,_Z,2,,,False,WB_WDI,WB_WDI_SP_DYN_LE00_IN,MAF,_T,_T,_T,_Z,_Z,_Z,2000,A,YR,
70.35,P1Y,0,,A,PU,_Z,2,,,False,WB_WDI,WB_WDI_SP_DYN_LE00_IN,VCT,_T,_T,_T,_Z,_Z,_Z,2000,A,YR,
58.946,P1Y,0,,A,PU,_Z,2,,,False,WB_WDI,WB_WDI_SP_DYN_LE00_IN,SDN,_T,_T,_T,_Z,_Z,_Z,2000,A,YR,
64.409,P1Y,0,,A,PU,_Z,2,,,False,WB_WDI,WB_WDI_SP_DYN_LE00_IN,SUR,_T,_T,_T,_Z,_Z,_Z,2000,A,YR,
79.643902,P1Y,0,,A,PU,_Z,2,,,False,WB_WDI,WB_WDI_SP_DYN_LE00_IN,SWE,_T,_T,_T,_Z,_Z,_Z,2000,A,YR,
79.680488,P1Y,0,,A,PU,_Z,2,,,False,WB_WDI,WB_WDI_SP_DYN_LE00_IN,CHE,_T,_T,_T,_Z,_Z,_Z,2000,A,YR,
75.173171,P1Y,0,,A,PU,_Z,2,,,False,WB_WDI,WB_WDI_SP_DYN_LE00_IN,CZE,_T,_T,_T,_Z,_Z,_Z,2001,A,YR,
76.792683,P1Y,0,,A,PU,_Z,2,,,False,WB_WDI,WB_WDI_SP_DYN_LE00_IN,DNK,_T,_T,_T,_Z,_Z,_Z,2001,A,YR,
57.506,P1Y,0,,A,PU,_Z,2,,,False,WB_WDI,WB_WDI_SP_DYN_LE00_IN,DJI,_T,_T,_T,_Z,_Z,_Z,2001,A,YR,
71.862,P1Y,0,,A,PU,_Z,2,,,False,WB_WDI,WB_WDI_SP_DYN_LE00_IN,DMA,_T,_T,_T,_Z,_Z,_Z,2001,A,YR,
70.553,P1Y,0,,A,PU,_Z,2,,,False,WB_WDI,WB_WDI_SP_DYN_LE00_IN,DOM,_T,_T,_T,_Z,_Z,_Z,2001,A,YR,
72.571,P1Y,0,,A,PU,_Z,2,,,False,WB_WDI,WB_WDI_SP_DYN_LE00_IN,ECU,_T,_T,_T,_Z,_Z,_Z,2001,A,YR,
67.612,P1Y,0,,A,PU,_Z,2,,,False,WB_WDI,WB_WDI_SP_DYN_LE00_IN,EGY,_T,_T,_T,_Z,_Z,_Z,2001,A,YR,
67.965,P1Y,0,,A,PU,_Z,2,,,False,WB_WDI,WB_WDI_SP_DYN_LE00_IN,SLV,_T,_T,_T,_Z,_Z,_Z,2001,A,YR,
53.827,P1Y,0,,A,PU,_Z,2,,,False,WB_WDI,WB_WDI_SP_DYN_LE00_IN,GNQ,_T,_T,_T,_Z,_Z,_Z,2001,A,YR,
58.359,P1Y,0,,A,PU,_Z,2,,,False,WB_WDI,WB_WDI_SP_DYN_LE00_IN,ERI,_T,_T,_T,_Z,_Z,_Z,2001,A,YR,
70.258537,P1Y,0,,A,PU,_Z,2,,,False,WB_WDI,WB_WDI_SP_DYN_LE00_IN,EST,_T,_T,_T,_Z,_Z,_Z,2001,A,YR,
46.344,P1Y,0,,A,PU,_Z,2,,,False,WB_WDI,WB_WDI_SP_DYN_LE00_IN,SWZ,_T,_T,_T,_Z,_Z,_Z,2001,A,YR,
51.428,P1Y,0,,A,PU,_Z,2,,,False,WB_WDI,WB_WDI_SP_DYN_LE00_IN,ETH,_T,_T,_T,_Z,_Z,_Z,2001,A,YR,
66.007072,P1Y,0,,A,PU,_Z,2,,,False,WB_WDI,WB_WDI_SP_DYN_LE00_IN,LMC,_T,_T,_T,_Z,_Z,_Z,2021,A,YR,
69.711319,P1Y,0,,A,PU,_Z,2,,,False,WB_WDI,WB_WDI_SP_DYN_LE00_IN,MEA,_T,_T,_T,_Z,_Z,_Z,2021,A,YR,
68.928021,P1Y,0,,A,PU,_Z,2,,,False,WB_WDI,WB_WDI_SP_DYN_LE00_IN,MNA,_T,_T,_T,_Z,_Z,_Z,2021,A,YR,
68.893103,P1Y,0,,A,PU,_Z,2,,,False,WB_WDI,WB_WDI_SP_DYN_LE00_IN,TMN,_T,_T,_T,_Z,_Z,_Z,2021,A,YR,
70.388557,P1Y,0,,A,PU,_Z,2,,,False,WB_WDI,WB_WDI_SP_DYN_LE00_IN,MIC,_T,_T,_T,_Z,_Z,_Z,2021,A,YR,
76.859019,P1Y,0,,A,PU,_Z,2,,,False,WB_WDI,WB_WDI_SP_DYN_LE00_IN,NAC,_T,_T,_T,_Z,_Z,_Z,2021,A,YR,
78.586721,P1Y,0,,A,PU,_Z,2,,,False,WB_WDI,WB_WDI_SP_DYN_LE00_IN,OED,_T,_T,_T,_Z,_Z,_Z,2021,A,YR,
71.769972,P1Y,0,,A,PU,_Z,2,,,False,WB_WDI,WB_WDI_SP_DYN_LE00_IN,OSS,_T,_T,_T,_Z,_Z,_Z,2021,A,YR,
67.481021,P1Y,0,,A,PU,_Z,2,,,False,WB_WDI,WB_WDI_SP_DYN_LE00_IN,PSS,_T,_T,_T,_Z,_Z,_Z,2021,A,YR,
79.79328,P1Y,0,,A,PU,_Z,2,,,False,WB_WDI,WB_WDI_SP_DYN_LE00_IN,PST,_T,_T,_T,_Z,_Z,_Z,2021,A,YR,
60.274352,P1Y,0,,A,PU,_Z,2,,,False,WB_WDI,WB_WDI_SP_DYN_LE00_IN,PRE,_T,_T,_T,_Z,_Z,_Z,2021,A,YR,
70.775683,P1Y,0,,A,PU,_Z,2,,,False,WB_WDI,WB_WDI_SP_DYN_LE00_IN,SST,_T,_T,_T,_Z,_Z,_Z,2021,A,YR,
67.82153,P1Y,0,,A,PU,_Z,2,,,False,WB_WDI,WB_WDI_SP_DYN_LE00_IN,SAS,_T,_T,_T,_Z,_Z,_Z,2021,A,YR,
58.847483,P1Y,0,,A,PU,_Z,2,,,False,WB_WDI,WB_WDI_SP_DYN_LE00_IN,AFW,_T,_T,_T,_Z,_Z,_Z,2023,A,YR,
72.444678,P1Y,0,,A,PU,_Z,2,,,False,WB_WDI,WB_WDI_SP_DYN_LE00_IN,ARB,_T,_T,_T,_Z,_Z,_Z,2023,A,YR,
73.171645,P1Y,0,,A,PU,_Z,2,,,False,WB_WDI,WB_WDI_SP_DYN_LE00_IN,CSS,_T,_T,_T,_Z,_Z,_Z,2023,A,YR,
77.758038,P1Y,0,,A,PU,_Z,2,,,False,WB_WDI,WB_WDI_SP_DYN_LE00_IN,CEB,_T,_T,_T,_Z,_Z,_Z,2023,A,YR,
71.796245,P1Y,0,,A,PU,_Z,2,,,False,WB_WDI,WB_WDI_SP_DYN_LE00_IN,EAR,_T,_T,_T,_Z,_Z,_Z,2023,A,YR,
76.657202,P1Y,0,,A,PU,_Z,2,,,False,WB_WDI,WB_WDI_SP_DYN_LE00_IN,EAS,_T,_T,_T,_Z,_Z,_Z,2023,A,YR,
75.880683,P1Y,0,,A,PU,_Z,2,,,False,WB_WDI,WB_WDI_SP_DYN_LE00_IN,EAP,_T,_T,_T,_Z,_Z,_Z,2023,A,YR,
75.908564,P1Y,0,,A,PU,_Z,2,,,False,WB_WDI,WB_WDI_SP_DYN_LE00_IN,TEA,_T,_T,_T,_Z,_Z,_Z,2023,A,YR,
82.137896,P1Y,0,,A,PU,_Z,2,,,False,WB_WDI,WB_WDI_SP_DYN_LE00_IN,EMU,_T,_T,_T,_Z,_Z,_Z,2023,A,YR,
78.391234,P1Y,0,,A,PU,_Z,2,,,False,WB_WDI,WB_WDI_SP_DYN_LE00_IN,ECS,_T,_T,_T,_Z,_Z,_Z,2023,A,YR,
74.790142,P1Y,0,,A,PU,_Z,2,,,False,WB_WDI,WB_WDI_SP_DYN_LE00_IN,ECA,_T,_T,_T,_Z,_Z,_Z,2023,A,YR,
74.697732,P1Y,0,,A,PU,_Z,2,,,False,WB_WDI,WB_WDI_SP_DYN_LE00_IN,TEC,_T,_T,_T,_Z,_Z,_Z,2023,A,YR,
81.424933,P1Y,0,,A,PU,_Z,2,,,False,WB_WDI,WB_WDI_SP_DYN_LE00_IN,EUU,_T,_T,_T,_Z,_Z,_Z,2023,A,YR,
64.718246,P1Y,0,,A,PU,_Z,2,,,False,WB_WDI,WB_WDI_SP_DYN_LE00_IN,HPC,_T,_T,_T,_Z,_Z,_Z,2023,A,YR,
80.14968,P1Y,0,,A,PU,_Z,2,,,False,WB_WDI,WB_WDI_SP_DYN_LE00_IN,HIC,_T,_T,_T,_Z,_Z,_Z,2023,A,YR,
74.517976,P1Y,0,,A,PU,_Z,2,,,False,WB_WDI,WB_WDI_SP_DYN_LE00_IN,IBD,_T,_T,_T,_Z,_Z,_Z,2023,A,YR,
66.071,P1Y,0,,A,PU,_Z,2,,,False,WB_WDI,WB_WDI_SP_DYN_LE00_IN,ZAF,_T,_T,_T,_Z,_Z,_Z,2019,A,YR,
58.129,P1Y,0,,A,PU,_Z,2,,,False,WB_WDI,WB_WDI_SP_DYN_LE00_IN,SSD,_T,_T,_T,_Z,_Z,_Z,2019,A,YR,
83.831707,P1Y,0,,A,PU,_Z,2,,,False,WB_WDI,WB_WDI_SP_DYN_LE00_IN,ESP,_T,_T,_T,_Z,_Z,_Z,2019,A,YR,
76.698,P1Y,0,,A,PU,_Z,2,,,False,WB_WDI,WB_WDI_SP_DYN_LE00_IN,LKA,_T,_T,_T,_Z,_Z,_Z,2019,A,YR,
71.54,P1Y,0,,A,PU,_Z,2,,,False,WB_WDI,WB_WDI_SP_DYN_LE00_IN,KNA,_T,_T,_T,_Z,_Z,_Z,2019,A,YR,
72.249,P1Y,0,,A,PU,_Z,2,,,False,WB_WDI,WB_WDI_SP_DYN_LE00_IN,LCA,_T,_T,_T,_Z,_Z,_Z,2019,A,YR,
80.078,P1Y,0,,A,PU,_Z,2,,,False,WB_WDI,WB_WDI_SP_DYN_LE00_IN,MAF,_T,_T,_T,_Z,_Z,_Z,2019,A,YR,
70.994,P1Y,0,,A,PU,_Z,2,,,False,WB_WDI,WB_WDI_SP_DYN_LE00_IN,VCT,_T,_T,_T,_Z,_Z,_Z,2019,A,YR,
65.803,P1Y,0,,A,PU,_Z,2,,,False,WB_WDI,WB_WDI_SP_DYN_LE00_IN,SDN,_T,_T,_T,_Z,_Z,_Z,2019,A,YR,
71.773,P1Y,0,,A,PU,_Z,2,,,False,WB_WDI,WB_WDI_SP_DYN_LE00_IN,SUR,_T,_T,_T,_Z,_Z,_Z,2019,A,YR,
83.109756,P1Y,0,,A,PU,_Z,2,,,False,WB_WDI,WB_WDI_SP_DYN_LE00_IN,SWE,_T,_T,_T,_Z,_Z,_Z,2019,A,YR,
83.904878,P1Y,0,,A,PU,_Z,2,,,False,WB_WDI,WB_WDI_SP_DYN_LE00_IN,CHE,_T,_T,_T,_Z,_Z,_Z,2019,A,YR,
70.97,P1Y,0,,A,PU,_Z,2,,,False,WB_WDI,WB_WDI_SP_DYN_LE00_IN,SYR,_T,_T,_T,_Z,_Z,_Z,2019,A,YR,
52.101,P1Y,0,,A,PU,_Z,2,,,False,WB_WDI,WB_WDI_SP_DYN_LE00_IN,SOM,_T,_T,_T,_Z,_Z,_Z,2009,A,YR,
57.413,P1Y,0,,A,PU,_Z,2,,,False,WB_WDI,WB_WDI_SP_DYN_LE00_IN,ZAF,_T,_T,_T,_Z,_Z,_Z,2009,A,YR,
56.848,P1Y,0,,A,PU,_Z,2,,,False,WB_WDI,WB_WDI_SP_DYN_LE00_IN,SSD,_T,_T,_T,_Z,_Z,_Z,2009,A,YR,
81.47561,P1Y,0,,A,PU,_Z,2,,,False,WB_WDI,WB_WDI_SP_DYN_LE00_IN,ESP,_T,_T,_T,_Z,_Z,_Z,2009,A,YR,
70.298,P1Y,0,,A,PU,_Z,2,,,False,WB_WDI,WB_WDI_SP_DYN_LE00_IN,LKA,_T,_T,_T,_Z,_Z,_Z,2009,A,YR,
71.488,P1Y,0,,A,PU,_Z,2,,,False,WB_WDI,WB_WDI_SP_DYN_LE00_IN,KNA,_T,_T,_T,_Z,_Z,_Z,2009,A,YR,
72.946,P1Y,0,,A,PU,_Z,2,,,False,WB_WDI,WB_WDI_SP_DYN_LE00_IN,LCA,_T,_T,_T,_Z,_Z,_Z,2009,A,YR,
78.513,P1Y,0,,A,PU,_Z,2,,,False,WB_WDI,WB_WDI_SP_DYN_LE00_IN,MAF,_T,_T,_T,_Z,_Z,_Z,2009,A,YR,
70.712,P1Y,0,,A,PU,_Z,2,,,False,WB_WDI,WB_WDI_SP_DYN_LE00_IN,VCT,_T,_T,_T,_Z,_Z,_Z,2009,A,YR,
62.676,P1Y,0,,A,PU,_Z,2,,,False,WB_WDI,WB_WDI_SP_DYN_LE00_IN,SDN,_T,_T,_T,_Z,_Z,_Z,2009,A,YR,
69.323,P1Y,0,,A,PU,_Z,2,,,False,WB_WDI,WB_WDI_SP_DYN_LE00_IN,SUR,_T,_T,_T,_Z,_Z,_Z,2009,A,YR,
81.35122,P1Y,0,,A,PU,_Z,2,,,False,WB_WDI,WB_WDI_SP_DYN_LE00_IN,SWE,_T,_T,_T,_Z,_Z,_Z,2009,A,YR,
82.043902,P1Y,0,,A,PU,_Z,2,,,False,WB_WDI,WB_WDI_SP_DYN_LE00_IN,CHE,_T,_T,_T,_Z,_Z,_Z,2009,A,YR,
75.573,P1Y,0,,A,PU,_Z,2,,,False,WB_WDI,WB_WDI_SP_DYN_LE00_IN,BIH,_T,_T,_T,_Z,_Z,_Z,2001,A,YR,
52.21,P1Y,0,,A,PU,_Z,2,,,False,WB_WDI,WB_WDI_SP_DYN_LE00_IN,BWA,_T,_T,_T,_Z,_Z,_Z,2001,A,YR,
69.98,P1Y,0,,A,PU,_Z,2,,,False,WB_WDI,WB_WDI_SP_DYN_LE00_IN,BRA,_T,_T,_T,_Z,_Z,_Z,2001,A,YR,
74.831,P1Y,0,,A,PU,_Z,2,,,False,WB_WDI,WB_WDI_SP_DYN_LE00_IN,VGB,_T,_T,_T,_Z,_Z,_Z,2001,A,YR,
74.209,P1Y,0,,A,PU,_Z,2,,,False,WB_WDI,WB_WDI_SP_DYN_LE00_IN,BRN,_T,_T,_T,_Z,_Z,_Z,2001,A,YR,
71.768293,P1Y,0,,A,PU,_Z,2,,,False,WB_WDI,WB_WDI_SP_DYN_LE00_IN,BGR,_T,_T,_T,_Z,_Z,_Z,2001,A,YR,
51.188,P1Y,0,,A,PU,_Z,2,,,False,WB_WDI,WB_WDI_SP_DYN_LE00_IN,BFA,_T,_T,_T,_Z,_Z,_Z,2001,A,YR,
48.509,P1Y,0,,A,PU,_Z,2,,,False,WB_WDI,WB_WDI_SP_DYN_LE00_IN,BDI,_T,_T,_T,_Z,_Z,_Z,2001,A,YR,
68.707,P1Y,0,,A,PU,_Z,2,,,False,WB_WDI,WB_WDI_SP_DYN_LE00_IN,CPV,_T,_T,_T,_Z,_Z,_Z,2001,A,YR,
60.457,P1Y,0,,A,PU,_Z,2,,,False,WB_WDI,WB_WDI_SP_DYN_LE00_IN,KHM,_T,_T,_T,_Z,_Z,_Z,2001,A,YR,
53.598,P1Y,0,,A,PU,_Z,2,,,False,WB_WDI,WB_WDI_SP_DYN_LE00_IN,CMR,_T,_T,_T,_Z,_Z,_Z,2001,A,YR,
79.398049,P1Y,0,,A,PU,_Z,2,,,False,WB_WDI,WB_WDI_SP_DYN_LE00_IN,CAN,_T,_T,_T,_Z,_Z,_Z,2001,A,YR,
74.529,P1Y,0,,A,PU,_Z,2,,,False,WB_WDI,WB_WDI_SP_DYN_LE00_IN,CYM,_T,_T,_T,_Z,_Z,_Z,2001,A,YR,
46.734,P1Y,0,,A,PU,_Z,2,,,False,WB_WDI,WB_WDI_SP_DYN_LE00_IN,CAF,_T,_T,_T,_Z,_Z,_Z,2001,A,YR,
71.999993,P1Y,0,,A,PU,_Z,2,,,False,WB_WDI,WB_WDI_SP_DYN_LE00_IN,IBT,_T,_T,_T,_Z,_Z,_Z,2023,A,YR,
62.462164,P1Y,0,,A,PU,_Z,2,,,False,WB_WDI,WB_WDI_SP_DYN_LE00_IN,IDB,_T,_T,_T,_Z,_Z,_Z,2023,A,YR,
67.057596,P1Y,0,,A,PU,_Z,2,,,False,WB_WDI,WB_WDI_SP_DYN_LE00_IN,IDX,_T,_T,_T,_Z,_Z,_Z,2023,A,YR,
65.455066,P1Y,0,,A,PU,_Z,2,,,False,WB_WDI,WB_WDI_SP_DYN_LE00_IN,IDA,_T,_T,_T,_Z,_Z,_Z,2023,A,YR,
77.124054,P1Y,0,,A,PU,_Z,2,,,False,WB_WDI,WB_WDI_SP_DYN_LE00_IN,LTE,_T,_T,_T,_Z,_Z,_Z,2023,A,YR,
75.643527,P1Y,0,,A,PU,_Z,2,,,False,WB_WDI,WB_WDI_SP_DYN_LE00_IN,LCN,_T,_T,_T,_Z,_Z,_Z,2023,A,YR,
75.361966,P1Y,0,,A,PU,_Z,2,,,False,WB_WDI,WB_WDI_SP_DYN_LE00_IN,LAC,_T,_T,_T,_Z,_Z,_Z,2023,A,YR,
75.569926,P1Y,0,,A,PU,_Z,2,,,False,WB_WDI,WB_WDI_SP_DYN_LE00_IN,TLA,_T,_T,_T,_Z,_Z,_Z,2023,A,YR,
66.519626,P1Y,0,,A,PU,_Z,2,,,False,WB_WDI,WB_WDI_SP_DYN_LE00_IN,LDC,_T,_T,_T,_Z,_Z,_Z,2023,A,YR,
71.88724,P1Y,0,,A,PU,_Z,2,,,False,WB_WDI,WB_WDI_SP_DYN_LE00_IN,LMY,_T,_T,_T,_Z,_Z,_Z,2023,A,YR,
65.035683,P1Y,0,,A,PU,_Z,2,,,False,WB_WDI,WB_WDI_SP_DYN_LE00_IN,LIC,_T,_T,_T,_Z,_Z,_Z,2023,A,YR,
69.328245,P1Y,0,,A,PU,_Z,2,,,False,WB_WDI,WB_WDI_SP_DYN_LE00_IN,LMC,_T,_T,_T,_Z,_Z,_Z,2023,A,YR,
72.083836,P1Y,0,,A,PU,_Z,2,,,False,WB_WDI,WB_WDI_SP_DYN_LE00_IN,MEA,_T,_T,_T,_Z,_Z,_Z,2023,A,YR,
71.275885,P1Y,0,,A,PU,_Z,2,,,False,WB_WDI,WB_WDI_SP_DYN_LE00_IN,MNA,_T,_T,_T,_Z,_Z,_Z,2023,A,YR,
71.319456,P1Y,0,,A,PU,_Z,2,,,False,WB_WDI,WB_WDI_SP_DYN_LE00_IN,TMN,_T,_T,_T,_Z,_Z,_Z,2023,A,YR,
72.727744,P1Y,0,,A,PU,_Z,2,,,False,WB_WDI,WB_WDI_SP_DYN_LE00_IN,MIC,_T,_T,_T,_Z,_Z,_Z,2023,A,YR,
71.288,P1Y,0,,A,PU,_Z,2,,,True,WB_WDI,WB_WDI_SP_DYN_LE00_IN,IDN,_T,_T,_T,_Z,_Z,_Z,2024,A,YR,
77.854,P1Y,0,,A,PU,_Z,2,,,True,WB_WDI,WB_WDI_SP_DYN_LE00_IN,IRN,_T,_T,_T,_Z,_Z,_Z,2024,A,YR,
72.424,P1Y,0,,A,PU,_Z,2,,,True,WB_WDI,WB_WDI_SP_DYN_LE00_IN,IRQ,_T,_T,_T,_Z,_Z,_Z,2024,A,YR,
83.009756,P1Y,0,,A,PU,_Z,2,,,True,WB_WDI,WB_WDI_SP_DYN_LE00_IN,IRL,_T,_T,_T,_Z,_Z,_Z,2024,A,YR,
81.091,P1Y,0,,A,PU,_Z,2,,,True,WB_WDI,WB_WDI_SP_DYN_LE00_IN,IMN,_T,_T,_T,_Z,_Z,_Z,2024,A,YR,
83.197561,P1Y,0,,A,PU,_Z,2,,,True,WB_WDI,WB_WDI_SP_DYN_LE00_IN,ISR,_T,_T,_T,_Z,_Z,_Z,2024,A,YR,
83.95122,P1Y,0,,A,PU,_Z,2,,,True,WB_WDI,WB_WDI_SP_DYN_LE00_IN,ITA,_T,_T,_T,_Z,_Z,_Z,2024,A,YR,
71.606,P1Y,0,,A,PU,_Z,2,,,True,WB_WDI,WB_WDI_SP_DYN_LE00_IN,JAM,_T,_T,_T,_Z,_Z,_Z,2024,A,YR,
84.036341,P1Y,0,,A,PU,_Z,2,,,True,WB_WDI,WB_WDI_SP_DYN_LE00_IN,JPN,_T,_T,_T,_Z,_Z,_Z,2024,A,YR,
77.981,P1Y,0,,A,PU,_Z,2,,,True,WB_WDI,WB_WDI_SP_DYN_LE00_IN,JOR,_T,_T,_T,_Z,_Z,_Z,2024,A,YR,
74.531,P1Y,0,,A,PU,_Z,2,,,True,WB_WDI,WB_WDI_SP_DYN_LE00_IN,KAZ,_T,_T,_T,_Z,_Z,_Z,2024,A,YR,
63.834,P1Y,0,,A,PU,_Z,2,,,True,WB_WDI,WB_WDI_SP_DYN_LE00_IN,KEN,_T,_T,_T,_Z,_Z,_Z,2024,A,YR,
66.6,P1Y,0,,A,PU,_Z,2,,,True,WB_WDI,WB_WDI_SP_DYN_LE00_IN,KIR,_T,_T,_T,_Z,_Z,_Z,2024,A,YR,
73.743,P1Y,0,,A,PU,_Z,2,,,True,WB_WDI,WB_WDI_SP_DYN_LE00_IN,PRK,_T,_T,_T,_Z,_Z,_Z,2024,A,YR,
83.629268,P1Y,0,,A,PU,_Z,2,,,True,WB_WDI,WB_WDI_SP_DYN_LE00_IN,KOR,_T,_T,_T,_Z,_Z,_Z,2024,A,YR,
78.222,P1Y,0,,A,PU,_Z,2,,,True,WB_WDI,WB_WDI_SP_DYN_LE00_IN,XKX,_T,_T,_T,_Z,_Z,_Z,2024,A,YR,
84.580488,P1Y,0,,A,PU,_Z,2,,,True,WB_WDI,WB_WDI_SP_DYN_LE00_IN,KWT,_T,_T,_T,_Z,_Z,_Z,2024,A,YR,
72.4,P1Y,0,,A,PU,_Z,2,,,True,WB_WDI,WB_WDI_SP_DYN_LE00_IN,KGZ,_T,_T,_T,_Z,_Z,_Z,2024,A,YR,
65.989023,P1Y,0,,A,PU,_Z,2,,,False,WB_WDI,WB_WDI_SP_DYN_LE00_IN,TSA,_T,_T,_T,_Z,_Z,_Z,2007,A,YR,
55.262817,P1Y,0,,A,PU,_Z,2,,,False,WB_WDI,WB_WDI_SP_DYN_LE00_IN,SSF,_T,_T,_T,_Z,_Z,_Z,2007,A,YR,
55.26097,P1Y,0,,A,PU,_Z,2,,,False,WB_WDI,WB_WDI_SP_DYN_LE00_IN,SSA,_T,_T,_T,_Z,_Z,_Z,2007,A,YR,
55.262817,P1Y,0,,A,PU,_Z,2,,,False,WB_WDI,WB_WDI_SP_DYN_LE00_IN,TSS,_T,_T,_T,_Z,_Z,_Z,2007,A,YR,
72.782371,P1Y,0,,A,PU,_Z,2,,,False,WB_WDI,WB_WDI_SP_DYN_LE00_IN,UMC,_T,_T,_T,_Z,_Z,_Z,2007,A,YR,
69.804978,P1Y,0,,A,PU,_Z,2,,,False,WB_WDI,WB_WDI_SP_DYN_LE00_IN,WLD,_T,_T,_T,_Z,_Z,_Z,2007,A,YR,
58.956,P1Y,0,,A,PU,_Z,2,,,False,WB_WDI,WB_WDI_SP_DYN_LE00_IN,AFG,_T,_T,_T,_Z,_Z,_Z,2007,A,YR,
77.691,P1Y,0,,A,PU,_Z,2,,,False,WB_WDI,WB_WDI_SP_DYN_LE00_IN,ALB,_T,_T,_T,_Z,_Z,_Z,2007,A,YR,
73.346,P1Y,0,,A,PU,_Z,2,,,False,WB_WDI,WB_WDI_SP_DYN_LE00_IN,DZA,_T,_T,_T,_Z,_Z,_Z,2007,A,YR,
72.365,P1Y,0,,A,PU,_Z,2,,,False,WB_WDI,WB_WDI_SP_DYN_LE00_IN,ASM,_T,_T,_T,_Z,_Z,_Z,2007,A,YR,
83.632,P1Y,0,,A,PU,_Z,2,,,False,WB_WDI,WB_WDI_SP_DYN_LE00_IN,AND,_T,_T,_T,_Z,_Z,_Z,2007,A,YR,
54.2,P1Y,0,,A,PU,_Z,2,,,False,WB_WDI,WB_WDI_SP_DYN_LE00_IN,AGO,_T,_T,_T,_Z,_Z,_Z,2007,A,YR,
75.72,P1Y,0,,A,PU,_Z,2,,,False,WB_WDI,WB_WDI_SP_DYN_LE00_IN,ATG,_T,_T,_T,_Z,_Z,_Z,2007,A,YR,
68.713,P1Y,0,,A,PU,_Z,2,,,True,WB_WDI,WB_WDI_SP_DYN_LE00_IN,MRT,_T,_T,_T,_Z,_Z,_Z,2024,A,YR,
73.789024,P1Y,0,,A,PU,_Z,2,,,True,WB_WDI,WB_WDI_SP_DYN_LE00_IN,MUS,_T,_T,_T,_Z,_Z,_Z,2024,A,YR,
75.264,P1Y,0,,A,PU,_Z,2,,,True,WB_WDI,WB_WDI_SP_DYN_LE00_IN,MEX,_T,_T,_T,_Z,_Z,_Z,2024,A,YR,
67.357,P1Y,0,,A,PU,_Z,2,,,True,WB_WDI,WB_WDI_SP_DYN_LE00_IN,FSM,_T,_T,_T,_Z,_Z,_Z,2024,A,YR,
71.332,P1Y,0,,A,PU,_Z,2,,,True,WB_WDI,WB_WDI_SP_DYN_LE00_IN,MDA,_T,_T,_T,_Z,_Z,_Z,2024,A,YR,
86.497,P1Y,0,,A,PU,_Z,2,,,True,WB_WDI,WB_WDI_SP_DYN_LE00_IN,MCO,_T,_T,_T,_Z,_Z,_Z,2024,A,YR,
72.398049,P1Y,0,,A,PU,_Z,2,,,True,WB_WDI,WB_WDI_SP_DYN_LE00_IN,MNG,_T,_T,_T,_Z,_Z,_Z,2024,A,YR,
77.890244,P1Y,0,,A,PU,_Z,2,,,True,WB_WDI,WB_WDI_SP_DYN_LE00_IN,MNE,_T,_T,_T,_Z,_Z,_Z,2024,A,YR,
75.493,P1Y,0,,A,PU,_Z,2,,,True,WB_WDI,WB_WDI_SP_DYN_LE00_IN,MAR,_T,_T,_T,_Z,_Z,_Z,2024,A,YR,
63.797,P1Y,0,,A,PU,_Z,2,,,True,WB_WDI,WB_WDI_SP_DYN_LE00_IN,MOZ,_T,_T,_T,_Z,_Z,_Z,2024,A,YR,
67.095,P1Y,0,,A,PU,_Z,2,,,True,WB_WDI,WB_WDI_SP_DYN_LE00_IN,MMR,_T,_T,_T,_Z,_Z,_Z,2024,A,YR,
67.516,P1Y,0,,A,PU,_Z,2,,,True,WB_WDI,WB_WDI_SP_DYN_LE00_IN,NAM,_T,_T,_T,_Z,_Z,_Z,2024,A,YR,
62.279,P1Y,0,,A,PU,_Z,2,,,True,WB_WDI,WB_WDI_SP_DYN_LE00_IN,NRU,_T,_T,_T,_Z,_Z,_Z,2024,A,YR,
70.636,P1Y,0,,A,PU,_Z,2,,,True,WB_WDI,WB_WDI_SP_DYN_LE00_IN,NPL,_T,_T,_T,_Z,_Z,_Z,2024,A,YR,
81.965854,P1Y,0,,A,PU,_Z,2,,,True,WB_WDI,WB_WDI_SP_DYN_LE00_IN,NLD,_T,_T,_T,_Z,_Z,_Z,2024,A,YR,
78.921,P1Y,0,,A,PU,_Z,2,,,True,WB_WDI,WB_WDI_SP_DYN_LE00_IN,NCL,_T,_T,_T,_Z,_Z,_Z,2024,A,YR,
82.009756,P1Y,0,,A,PU,_Z,2,,,True,WB_WDI,WB_WDI_SP_DYN_LE00_IN,NZL,_T,_T,_T,_Z,_Z,_Z,2024,A,YR,
69.989787,P1Y,0,,A,PU,_Z,2,,,False,WB_WDI,WB_WDI_SP_DYN_LE00_IN,MEA,_T,_T,_T,_Z,_Z,_Z,2014,A,YR,
69.171556,P1Y,0,,A,PU,_Z,2,,,False,WB_WDI,WB_WDI_SP_DYN_LE00_IN,MNA,_T,_T,_T,_Z,_Z,_Z,2014,A,YR,
69.147275,P1Y,0,,A,PU,_Z,2,,,False,WB_WDI,WB_WDI_SP_DYN_LE00_IN,TMN,_T,_T,_T,_Z,_Z,_Z,2014,A,YR,
70.935242,P1Y,0,,A,PU,_Z,2,,,False,WB_WDI,WB_WDI_SP_DYN_LE00_IN,MIC,_T,_T,_T,_Z,_Z,_Z,2014,A,YR,
79.135655,P1Y,0,,A,PU,_Z,2,,,False,WB_WDI,WB_WDI_SP_DYN_LE00_IN,NAC,_T,_T,_T,_Z,_Z,_Z,2014,A,YR,
79.876651,P1Y,0,,A,PU,_Z,2,,,False,WB_WDI,WB_WDI_SP_DYN_LE00_IN,OED,_T,_T,_T,_Z,_Z,_Z,2014,A,YR,
71.094161,P1Y,0,,A,PU,_Z,2,,,False,WB_WDI,WB_WDI_SP_DYN_LE00_IN,OSS,_T,_T,_T,_Z,_Z,_Z,2014,A,YR,
68.037613,P1Y,0,,A,PU,_Z,2,,,False,WB_WDI,WB_WDI_SP_DYN_LE00_IN,PSS,_T,_T,_T,_Z,_Z,_Z,2014,A,YR,
80.538985,P1Y,0,,A,PU,_Z,2,,,False,WB_WDI,WB_WDI_SP_DYN_LE00_IN,PST,_T,_T,_T,_Z,_Z,_Z,2014,A,YR,
58.608641,P1Y,0,,A,PU,_Z,2,,,False,WB_WDI,WB_WDI_SP_DYN_LE00_IN,PRE,_T,_T,_T,_Z,_Z,_Z,2014,A,YR,
70.850032,P1Y,0,,A,PU,_Z,2,,,False,WB_WDI,WB_WDI_SP_DYN_LE00_IN,SST,_T,_T,_T,_Z,_Z,_Z,2014,A,YR,
69.120856,P1Y,0,,A,PU,_Z,2,,,False,WB_WDI,WB_WDI_SP_DYN_LE00_IN,SAS,_T,_T,_T,_Z,_Z,_Z,2014,A,YR,
69.120856,P1Y,0,,A,PU,_Z,2,,,False,WB_WDI,WB_WDI_SP_DYN_LE00_IN,TSA,_T,_T,_T,_Z,_Z,_Z,2014,A,YR,
70.709659,P1Y,0,,A,PU,_Z,2,,,False,WB_WDI,WB_WDI_SP_DYN_LE00_IN,MEA,_T,_T,_T,_Z,_Z,_Z,2017,A,YR,
69.814132,P1Y,0,,A,PU,_Z,2,,,False,WB_WDI,WB_WDI_SP_DYN_LE00_IN,MNA,_T,_T,_T,_Z,_Z,_Z,2017,A,YR,
69.777241,P1Y,0,,A,PU,_Z,2,,,False,WB_WDI,WB_WDI_SP_DYN_LE00_IN,TMN,_T,_T,_T,_Z,_Z,_Z,2017,A,YR,
71.645993,P1Y,0,,A,PU,_Z,2,,,False,WB_WDI,WB_WDI_SP_DYN_LE00_IN,MIC,_T,_T,_T,_Z,_Z,_Z,2017,A,YR,
78.868288,P1Y,0,,A,PU,_Z,2,,,False,WB_WDI,WB_WDI_SP_DYN_LE00_IN,NAC,_T,_T,_T,_Z,_Z,_Z,2017,A,YR,
79.930918,P1Y,0,,A,PU,_Z,2,,,False,WB_WDI,WB_WDI_SP_DYN_LE00_IN,OED,_T,_T,_T,_Z,_Z,_Z,2017,A,YR,
72.117874,P1Y,0,,A,PU,_Z,2,,,False,WB_WDI,WB_WDI_SP_DYN_LE00_IN,OSS,_T,_T,_T,_Z,_Z,_Z,2017,A,YR,
68.519288,P1Y,0,,A,PU,_Z,2,,,False,WB_WDI,WB_WDI_SP_DYN_LE00_IN,PSS,_T,_T,_T,_Z,_Z,_Z,2017,A,YR,
80.664821,P1Y,0,,A,PU,_Z,2,,,False,WB_WDI,WB_WDI_SP_DYN_LE00_IN,PST,_T,_T,_T,_Z,_Z,_Z,2017,A,YR,
59.539841,P1Y,0,,A,PU,_Z,2,,,False,WB_WDI,WB_WDI_SP_DYN_LE00_IN,PRE,_T,_T,_T,_Z,_Z,_Z,2017,A,YR,
71.651875,P1Y,0,,A,PU,_Z,2,,,False,WB_WDI,WB_WDI_SP_DYN_LE00_IN,SST,_T,_T,_T,_Z,_Z,_Z,2017,A,YR,
70.290472,P1Y,0,,A,PU,_Z,2,,,False,WB_WDI,WB_WDI_SP_DYN_LE00_IN,SAS,_T,_T,_T,_Z,_Z,_Z,2017,A,YR,
70.290472,P1Y,0,,A,PU,_Z,2,,,False,WB_WDI,WB_WDI_SP_DYN_LE00_IN,TSA,_T,_T,_T,_Z,_Z,_Z,2017,A,YR,
68.356811,P1Y,0,,A,PU,_Z,2,,,False,WB_WDI,WB_WDI_SP_DYN_LE00_IN,PSS,_T,_T,_T,_Z,_Z,_Z,2020,A,YR,
80.065703,P1Y,0,,A,PU,_Z,2,,,False,WB_WDI,WB_WDI_SP_DYN_LE00_IN,PST,_T,_T,_T,_Z,_Z,_Z,2020,A,YR,
60.50079,P1Y,0,,A,PU,_Z,2,,,False,WB_WDI,WB_WDI_SP_DYN_LE00_IN,PRE,_T,_T,_T,_Z,_Z,_Z,2020,A,YR,
71.825555,P1Y,0,,A,PU,_Z,2,,,False,WB_WDI,WB_WDI_SP_DYN_LE00_IN,SST,_T,_T,_T,_Z,_Z,_Z,2020,A,YR,
70.362221,P1Y,0,,A,PU,_Z,2,,,False,WB_WDI,WB_WDI_SP_DYN_LE00_IN,SAS,_T,_T,_T,_Z,_Z,_Z,2020,A,YR,
70.362221,P1Y,0,,A,PU,_Z,2,,,False,WB_WDI,WB_WDI_SP_DYN_LE00_IN,TSA,_T,_T,_T,_Z,_Z,_Z,2020,A,YR,
61.167674,P1Y,0,,A,PU,_Z,2,,,False,WB_WDI,WB_WDI_SP_DYN_LE00_IN,SSF,_T,_T,_T,_Z,_Z,_Z,2020,A,YR,
61.166319,P1Y,0,,A,PU,_Z,2,,,False,WB_WDI,WB_WDI_SP_DYN_LE00_IN,SSA,_T,_T,_T,_Z,_Z,_Z,2020,A,YR,
61.167674,P1Y,0,,A,PU,_Z,2,,,False,WB_WDI,WB_WDI_SP_DYN_LE00_IN,TSS,_T,_T,_T,_Z,_Z,_Z,2020,A,YR,
75.059332,P1Y,0,,A,PU,_Z,2,,,False,WB_WDI,WB_WDI_SP_DYN_LE00_IN,UMC,_T,_T,_T,_Z,_Z,_Z,2020,A,YR,
72.183204,P1Y,0,,A,PU,_Z,2,,,False,WB_WDI,WB_WDI_SP_DYN_LE00_IN,WLD,_T,_T,_T,_Z,_Z,_Z,2020,A,YR,
61.454,P1Y,0,,A,PU,_Z,2,,,False,WB_WDI,WB_WDI_SP_DYN_LE00_IN,AFG,_T,_T,_T,_Z,_Z,_Z,2020,A,YR,
77.824,P1Y,0,,A,PU,_Z,2,,,False,WB_WDI,WB_WDI_SP_DYN_LE00_IN,ALB,_T,_T,_T,_Z,_Z,_Z,2020,A,YR,
54.971254,P1Y,0,,A,PU,_Z,2,,,False,WB_WDI,WB_WDI_SP_DYN_LE00_IN,PRE,_T,_T,_T,_Z,_Z,_Z,2006,A,YR,
68.277368,P1Y,0,,A,PU,_Z,2,,,False,WB_WDI,WB_WDI_SP_DYN_LE00_IN,SST,_T,_T,_T,_Z,_Z,_Z,2006,A,YR,
65.569102,P1Y,0,,A,PU,_Z,2,,,False,WB_WDI,WB_WDI_SP_DYN_LE00_IN,SAS,_T,_T,_T,_Z,_Z,_Z,2006,A,YR,
65.569102,P1Y,0,,A,PU,_Z,2,,,False,WB_WDI,WB_WDI_SP_DYN_LE00_IN,TSA,_T,_T,_T,_Z,_Z,_Z,2006,A,YR,
54.589355,P1Y,0,,A,PU,_Z,2,,,False,WB_WDI,WB_WDI_SP_DYN_LE00_IN,SSF,_T,_T,_T,_Z,_Z,_Z,2006,A,YR,
54.587492,P1Y,0,,A,PU,_Z,2,,,False,WB_WDI,WB_WDI_SP_DYN_LE00_IN,SSA,_T,_T,_T,_Z,_Z,_Z,2006,A,YR,
54.589355,P1Y,0,,A,PU,_Z,2,,,False,WB_WDI,WB_WDI_SP_DYN_LE00_IN,TSS,_T,_T,_T,_Z,_Z,_Z,2006,A,YR,
72.452588,P1Y,0,,A,PU,_Z,2,,,False,WB_WDI,WB_WDI_SP_DYN_LE00_IN,UMC,_T,_T,_T,_Z,_Z,_Z,2006,A,YR,
69.469002,P1Y,0,,A,PU,_Z,2,,,False,WB_WDI,WB_WDI_SP_DYN_LE00_IN,WLD,_T,_T,_T,_Z,_Z,_Z,2006,A,YR,
58.553,P1Y,0,,A,PU,_Z,2,,,False,WB_WDI,WB_WDI_SP_DYN_LE00_IN,AFG,_T,_T,_T,_Z,_Z,_Z,2006,A,YR,
76.994,P1Y,0,,A,PU,_Z,2,,,False,WB_WDI,WB_WDI_SP_DYN_LE00_IN,ALB,_T,_T,_T,_Z,_Z,_Z,2006,A,YR,
73.116,P1Y,0,,A,PU,_Z,2,,,False,WB_WDI,WB_WDI_SP_DYN_LE00_IN,DZA,_T,_T,_T,_Z,_Z,_Z,2006,A,YR,
72.397,P1Y,0,,A,PU,_Z,2,,,False,WB_WDI,WB_WDI_SP_DYN_LE00_IN,ASM,_T,_T,_T,_Z,_Z,_Z,2006,A,YR,
83.374,P1Y,0,,A,PU,_Z,2,,,False,WB_WDI,WB_WDI_SP_DYN_LE00_IN,AND,_T,_T,_T,_Z,_Z,_Z,2006,A,YR,
76.885033,P1Y,0,,A,PU,_Z,2,,,False,WB_WDI,WB_WDI_SP_DYN_LE00_IN,NAC,_T,_T,_T,_Z,_Z,_Z,2000,A,YR,
76.819517,P1Y,0,,A,PU,_Z,2,,,False,WB_WDI,WB_WDI_SP_DYN_LE00_IN,OED,_T,_T,_T,_Z,_Z,_Z,2000,A,YR,
66.438537,P1Y,0,,A,PU,_Z,2,,,False,WB_WDI,WB_WDI_SP_DYN_LE00_IN,OSS,_T,_T,_T,_Z,_Z,_Z,2000,A,YR,
66.891483,P1Y,0,,A,PU,_Z,2,,,False,WB_WDI,WB_WDI_SP_DYN_LE00_IN,PSS,_T,_T,_T,_Z,_Z,_Z,2000,A,YR,
77.351376,P1Y,0,,A,PU,_Z,2,,,False,WB_WDI,WB_WDI_SP_DYN_LE00_IN,PST,_T,_T,_T,_Z,_Z,_Z,2000,A,YR,
51.749842,P1Y,0,,A,PU,_Z,2,,,False,WB_WDI,WB_WDI_SP_DYN_LE00_IN,PRE,_T,_T,_T,_Z,_Z,_Z,2000,A,YR,
66.988102,P1Y,0,,A,PU,_Z,2,,,False,WB_WDI,WB_WDI_SP_DYN_LE00_IN,SST,_T,_T,_T,_Z,_Z,_Z,2000,A,YR,
62.803631,P1Y,0,,A,PU,_Z,2,,,False,WB_WDI,WB_WDI_SP_DYN_LE00_IN,SAS,_T,_T,_T,_Z,_Z,_Z,2000,A,YR,
62.803631,P1Y,0,,A,PU,_Z,2,,,False,WB_WDI,WB_WDI_SP_DYN_LE00_IN,TSA,_T,_T,_T,_Z,_Z,_Z,2000,A,YR,
51.64378,P1Y,0,,A,PU,_Z,2,,,False,WB_WDI,WB_WDI_SP_DYN_LE00_IN,SSF,_T,_T,_T,_Z,_Z,_Z,2000,A,YR,
51.641261,P1Y,0,,A,PU,_Z,2,,,False,WB_WDI,WB_WDI_SP_DYN_LE00_IN,SSA,_T,_T,_T,_Z,_Z,_Z,2000,A,YR,
51.64378,P1Y,0,,A,PU,_Z,2,,,False,WB_WDI,WB_WDI_SP_DYN_LE00_IN,TSS,_T,_T,_T,_Z,_Z,_Z,2000,A,YR,
70.745358,P1Y,0,,A,PU,_Z,2,,,False,WB_WDI,WB_WDI_SP_DYN_LE00_IN,UMC,_T,_T,_T,_Z,_Z,_Z,2000,A,YR,
67.650478,P1Y,0,,A,PU,_Z,2,,,False,WB_WDI,WB_WDI_SP_DYN_LE00_IN,WLD,_T,_T,_T,_Z,_Z,_Z,2000,A,YR,
72.657012,P1Y,0,,A,PU,_Z,2,,,False,WB_WDI,WB_WDI_SP_DYN_LE00_IN,OSS,_T,_T,_T,_Z,_Z,_Z,2019,A,YR,
68.642158,P1Y,0,,A,PU,_Z,2,,,False,WB_WDI,WB_WDI_SP_DYN_LE00_IN,PSS,_T,_T,_T,_Z,_Z,_Z,2019,A,YR,
80.969911,P1Y,0,,A,PU,_Z,2,,,False,WB_WDI,WB_WDI_SP_DYN_LE00_IN,PST,_T,_T,_T,_Z,_Z,_Z,2019,A,YR,
60.556416,P1Y,0,,A,PU,_Z,2,,,False,WB_WDI,WB_WDI_SP_DYN_LE00_IN,PRE,_T,_T,_T,_Z,_Z,_Z,2019,A,YR,
72.000961,P1Y,0,,A,PU,_Z,2,,,False,WB_WDI,WB_WDI_SP_DYN_LE00_IN,SST,_T,_T,_T,_Z,_Z,_Z,2019,A,YR,
70.997562,P1Y,0,,A,PU,_Z,2,,,False,WB_WDI,WB_WDI_SP_DYN_LE00_IN,SAS,_T,_T,_T,_Z,_Z,_Z,2019,A,YR,
70.997562,P1Y,0,,A,PU,_Z,2,,,False,WB_WDI,WB_WDI_SP_DYN_LE00_IN,TSA,_T,_T,_T,_Z,_Z,_Z,2019,A,YR,
61.129417,P1Y,0,,A,PU,_Z,2,,,False,WB_WDI,WB_WDI_SP_DYN_LE00_IN,SSF,_T,_T,_T,_Z,_Z,_Z,2019,A,YR,
61.128309,P1Y,0,,A,PU,_Z,2,,,False,WB_WDI,WB_WDI_SP_DYN_LE00_IN,SSA,_T,_T,_T,_Z,_Z,_Z,2019,A,YR,
61.129417,P1Y,0,,A,PU,_Z,2,,,False,WB_WDI,WB_WDI_SP_DYN_LE00_IN,TSS,_T,_T,_T,_Z,_Z,_Z,2019,A,YR,
75.744203,P1Y,0,,A,PU,_Z,2,,,False,WB_WDI,WB_WDI_SP_DYN_LE00_IN,UMC,_T,_T,_T,_Z,_Z,_Z,2019,A,YR,
72.869911,P1Y,0,,A,PU,_Z,2,,,False,WB_WDI,WB_WDI_SP_DYN_LE00_IN,WLD,_T,_T,_T,_Z,_Z,_Z,2019,A,YR,
62.941,P1Y,0,,A,PU,_Z,2,,,False,WB_WDI,WB_WDI_SP_DYN_LE00_IN,AFG,_T,_T,_T,_Z,_Z,_Z,2019,A,YR,
79.047301,P1Y,0,,A,PU,_Z,2,,,False,WB_WDI,WB_WDI_SP_DYN_LE00_IN,OED,_T,_T,_T,_Z,_Z,_Z,2010,A,YR,
69.566525,P1Y,0,,A,PU,_Z,2,,,False,WB_WDI,WB_WDI_SP_DYN_LE00_IN,OSS,_T,_T,_T,_Z,_Z,_Z,2010,A,YR,
67.905917,P1Y,0,,A,PU,_Z,2,,,False,WB_WDI,WB_WDI_SP_DYN_LE00_IN,PSS,_T,_T,_T,_Z,_Z,_Z,2010,A,YR,
79.678541,P1Y,0,,A,PU,_Z,2,,,False,WB_WDI,WB_WDI_SP_DYN_LE00_IN,PST,_T,_T,_T,_Z,_Z,_Z,2010,A,YR,
57.122051,P1Y,0,,A,PU,_Z,2,,,False,WB_WDI,WB_WDI_SP_DYN_LE00_IN,PRE,_T,_T,_T,_Z,_Z,_Z,2010,A,YR,
69.693312,P1Y,0,,A,PU,_Z,2,,,False,WB_WDI,WB_WDI_SP_DYN_LE00_IN,SST,_T,_T,_T,_Z,_Z,_Z,2010,A,YR,
67.352507,P1Y,0,,A,PU,_Z,2,,,False,WB_WDI,WB_WDI_SP_DYN_LE00_IN,SAS,_T,_T,_T,_Z,_Z,_Z,2010,A,YR,
67.352507,P1Y,0,,A,PU,_Z,2,,,False,WB_WDI,WB_WDI_SP_DYN_LE00_IN,TSA,_T,_T,_T,_Z,_Z,_Z,2010,A,YR,
57.107098,P1Y,0,,A,PU,_Z,2,,,False,WB_WDI,WB_WDI_SP_DYN_LE00_IN,SSF,_T,_T,_T,_Z,_Z,_Z,2010,A,YR,
57.105482,P1Y,0,,A,PU,_Z,2,,,False,WB_WDI,WB_WDI_SP_DYN_LE00_IN,SSA,_T,_T,_T,_Z,_Z,_Z,2010,A,YR,
57.107098,P1Y,0,,A,PU,_Z,2,,,False,WB_WDI,WB_WDI_SP_DYN_LE00_IN,TSS,_T,_T,_T,_Z,_Z,_Z,2010,A,YR,
73.65771,P1Y,0,,A,PU,_Z,2,,,False,WB_WDI,WB_WDI_SP_DYN_LE00_IN,UMC,_T,_T,_T,_Z,_Z,_Z,2010,A,YR,
70.682631,P1Y,0,,A,PU,_Z,2,,,False,WB_WDI,WB_WDI_SP_DYN_LE00_IN,WLD,_T,_T,_T,_Z,_Z,_Z,2010,A,YR,
79.761947,P1Y,0,,A,PU,_Z,2,,,False,WB_WDI,WB_WDI_SP_DYN_LE00_IN,OED,_T,_T,_T,_Z,_Z,_Z,2015,A,YR,
71.475794,P1Y,0,,A,PU,_Z,2,,,False,WB_WDI,WB_WDI_SP_DYN_LE00_IN,OSS,_T,_T,_T,_Z,_Z,_Z,2015,A,YR,
68.11661,P1Y,0,,A,PU,_Z,2,,,False,WB_WDI,WB_WDI_SP_DYN_LE00_IN,PSS,_T,_T,_T,_Z,_Z,_Z,2015,A,YR,
80.440059,P1Y,0,,A,PU,_Z,2,,,False,WB_WDI,WB_WDI_SP_DYN_LE00_IN,PST,_T,_T,_T,_Z,_Z,_Z,2015,A,YR,
58.936155,P1Y,0,,A,PU,_Z,2,,,False,WB_WDI,WB_WDI_SP_DYN_LE00_IN,PRE,_T,_T,_T,_Z,_Z,_Z,2015,A,YR,
71.121877,P1Y,0,,A,PU,_Z,2,,,False,WB_WDI,WB_WDI_SP_DYN_LE00_IN,SST,_T,_T,_T,_Z,_Z,_Z,2015,A,YR,
69.511033,P1Y,0,,A,PU,_Z,2,,,False,WB_WDI,WB_WDI_SP_DYN_LE00_IN,SAS,_T,_T,_T,_Z,_Z,_Z,2015,A,YR,
69.511033,P1Y,0,,A,PU,_Z,2,,,False,WB_WDI,WB_WDI_SP_DYN_LE00_IN,TSA,_T,_T,_T,_Z,_Z,_Z,2015,A,YR,
59.398894,P1Y,0,,A,PU,_Z,2,,,False,WB_WDI,WB_WDI_SP_DYN_LE00_IN,SSF,_T,_T,_T,_Z,_Z,_Z,2015,A,YR,
59.397535,P1Y,0,,A,PU,_Z,2,,,False,WB_WDI,WB_WDI_SP_DYN_LE00_IN,SSA,_T,_T,_T,_Z,_Z,_Z,2015,A,YR,
59.398894,P1Y,0,,A,PU,_Z,2,,,False,WB_WDI,WB_WDI_SP_DYN_LE00_IN,TSS,_T,_T,_T,_Z,_Z,_Z,2015,A,YR,
74.934843,P1Y,0,,A,PU,_Z,2,,,False,WB_WDI,WB_WDI_SP_DYN_LE00_IN,UMC,_T,_T,_T,_Z,_Z,_Z,2015,A,YR,
71.965638,P1Y,0,,A,PU,_Z,2,,,False,WB_WDI,WB_WDI_SP_DYN_LE00_IN,WLD,_T,_T,_T,_Z,_Z,_Z,2015,A,YR,
