OBS_VALUE,TIME_FORMAT,UNIT_MULT,COMMENT_OBS,OBS_STATUS,OBS_CONF,AGG_METHOD,DECIMALS,COMMENT_TS,DATA_SOURCE,LATEST_DATA,DATABASE_ID,INDICATOR,REF_AREA,SEX,AGE,URBANISATION,COMP_BREAKDOWN_1,COMP_BREAKDOWN_2,COMP_BREAKDOWN_3,TIME_PERIOD,FREQ,UNIT_MEASURE,UNIT_TYPE
31159379,P1Y,0,,A,PU,_Z,2,,,False,WB_WDI,WB_WDI_SP_POP_TOTL,YEM,_T,_T,_T,_Z,_Z,_Z,2015,A,PS,
16399089,P1Y,0,,A,PU,_Z,2,,,False,WB_WDI,WB_WDI_SP_POP_TOTL,ZMB,_T,_T,_T,_Z,_Z,_Z,2015,A,PS,
14399013,P1Y,0,,A,PU,_Z,2,,,False,WB_WDI,WB_WDI_SP_POP_TOTL,ZWE,_T,_T,_T,_Z,_Z,_Z,2015,A,PS,
623369401,P1Y,0,,A,PU,_Z,2,,,False,WB_WDI,WB_WDI_SP_POP_TOTL,AFE,_T,_T,_T,_Z,_Z,_Z,2016,A,PS,
428797338,P1Y,0,,A,PU,_Z,2,,,False,WB_WDI,WB_WDI_SP_POP_TOTL,AFW,_T,_T,_T,_Z,_Z,_Z,2016,A,PS,
419808341,P1Y,0,,A,PU,_Z,2,,,False,WB_WDI,WB_WDI_SP_POP_TOTL,ARB,_T,_T,_T,_Z,_Z,_Z,2016,A,PS,
4341333,P1Y,0,,A,PU,_Z,2,,,False,WB_WDI,WB_WDI_SP_POP_TOTL,CSS,_T,_T,_T,_Z,_Z,_Z,2016,A,PS,
102647939,P1Y,0,,A,PU,_Z,2,,,False,WB_WDI,WB_WDI_SP_POP_TOTL,CEB,_T,_T,_T,_Z,_Z,_Z,2016,A,PS,
3233033717,P1Y,0,,A,PU,_Z,2,,,False,WB_WDI,WB_WDI_SP_POP_TOTL,EAR,_T,_T,_T,_Z,_Z,_Z,2016,A,PS,
2317076058,P1Y,0,,A,PU,_Z,2,,,False,WB_WDI,WB_WDI_SP_POP_TOTL,EAS,_T,_T,_T,_Z,_Z,_Z,2016,A,PS,
2071486140,P1Y,0,,A,PU,_Z,2,,,False,WB_WDI,WB_WDI_SP_POP_TOTL,EAP,_T,_T,_T,_Z,_Z,_Z,2016,A,PS,
2045816761,P1Y,0,,A,PU,_Z,2,,,False,WB_WDI,WB_WDI_SP_POP_TOTL,TEA,_T,_T,_T,_Z,_Z,_Z,2016,A,PS,
351027116,P1Y,0,,A,PU,_Z,2,,,False,WB_WDI,WB_WDI_SP_POP_TOTL,EMU,_T,_T,_T,_Z,_Z,_Z,2016,A,PS,
22790085,P1Y,0,,A,PU,_Z,2,,,False,WB_WDI,WB_WDI_SP_POP_TOTL,YEM,_T,_T,_T,_Z,_Z,_Z,2005,A,PS,
11718819,P1Y,0,,A,PU,_Z,2,,,False,WB_WDI,WB_WDI_SP_POP_TOTL,ZMB,_T,_T,_T,_Z,_Z,_Z,2005,A,PS,
12483432,P1Y,0,,A,PU,_Z,2,,,False,WB_WDI,WB_WDI_SP_POP_TOTL,ZWE,_T,_T,_T,_Z,_Z,_Z,2005,A,PS,
475606210,P1Y,0,,A,PU,_Z,2,,,False,WB_WDI,WB_WDI_SP_POP_TOTL,AFE,_T,_T,_T,_Z,_Z,_Z,2006,A,PS,
325222154,P1Y,0,,A,PU,_Z,2,,,False,WB_WDI,WB_WDI_SP_POP_TOTL,AFW,_T,_T,_T,_Z,_Z,_Z,2006,A,PS,
330526310,P1Y,0,,A,PU,_Z,2,,,False,WB_WDI,WB_WDI_SP_POP_TOTL,ARB,_T,_T,_T,_Z,_Z,_Z,2006,A,PS,
4072929,P1Y,0,,A,PU,_Z,2,,,False,WB_WDI,WB_WDI_SP_POP_TOTL,CSS,_T,_T,_T,_Z,_Z,_Z,2006,A,PS,
105772481,P1Y,0,,A,PU,_Z,2,,,False,WB_WDI,WB_WDI_SP_POP_TOTL,CEB,_T,_T,_T,_Z,_Z,_Z,2006,A,PS,
2784726644,P1Y,0,,A,PU,_Z,2,,,False,WB_WDI,WB_WDI_SP_POP_TOTL,EAR,_T,_T,_T,_Z,_Z,_Z,2006,A,PS,
2150688938,P1Y,0,,A,PU,_Z,2,,,False,WB_WDI,WB_WDI_SP_POP_TOTL,EAS,_T,_T,_T,_Z,_Z,_Z,2006,A,PS,
1914002124,P1Y,0,,A,PU,_Z,2,,,False,WB_WDI,WB_WDI_SP_POP_TOTL,EAP,_T,_T,_T,_Z,_Z,_Z,2006,A,PS,
1889507244,P1Y,0,,A,PU,_Z,2,,,False,WB_WDI,WB_WDI_SP_POP_TOTL,TEA,_T,_T,_T,_Z,_Z,_Z,2006,A,PS,
343100724,P1Y,0,,A,PU,_Z,2,,,False,WB_WDI,WB_WDI_SP_POP_TOTL,EMU,_T,_T,_T,_Z,_Z,_Z,2006,A,PS,
107001,P1Y,0,,A,PU,_Z,2,,,False,WB_WDI,WB_WDI_SP_POP_TOTL,VIR,_T,_T,_T,_Z,_Z,_Z,2018,A,PS,
4569087,P1Y,0,,A,PU,_Z,2,,,False,WB_WDI,WB_WDI_SP_POP_TOTL,PSE,_T,_T,_T,_Z,_Z,_Z,2018,A,PS,
34085182,P1Y,0,,A,PU,_Z,2,,,False,WB_WDI,WB_WDI_SP_POP_TOTL,YEM,_T,_T,_T,_Z,_Z,_Z,2018,A,PS,
17973569,P1Y,0,,A,PU,_Z,2,,,False,WB_WDI,WB_WDI_SP_POP_TOTL,ZMB,_T,_T,_T,_Z,_Z,_Z,2018,A,PS,
15034452,P1Y,0,,A,PU,_Z,2,,,False,WB_WDI,WB_WDI_SP_POP_TOTL,ZWE,_T,_T,_T,_Z,_Z,_Z,2018,A,PS,
675950189,P1Y,0,,A,PU,_Z,2,,,False,WB_WDI,WB_WDI_SP_POP_TOTL,AFE,_T,_T,_T,_Z,_Z,_Z,2019,A,PS,
462522286,P1Y,0,,A,PU,_Z,2,,,False,WB_WDI,WB_WDI_SP_POP_TOTL,AFW,_T,_T,_T,_Z,_Z,_Z,2019,A,PS,
444281315,P1Y,0,,A,PU,_Z,2,,,False,WB_WDI,WB_WDI_SP_POP_TOTL,ARB,_T,_T,_T,_Z,_Z,_Z,2019,A,PS,
4443134,P1Y,0,,A,PU,_Z,2,,,False,WB_WDI,WB_WDI_SP_POP_TOTL,CSS,_T,_T,_T,_Z,_Z,_Z,2019,A,PS,
101864274,P1Y,0,,A,PU,_Z,2,,,False,WB_WDI,WB_WDI_SP_POP_TOTL,CEB,_T,_T,_T,_Z,_Z,_Z,2019,A,PS,
3355014793,P1Y,0,,A,PU,_Z,2,,,False,WB_WDI,WB_WDI_SP_POP_TOTL,EAR,_T,_T,_T,_Z,_Z,_Z,2019,A,PS,
2359762190,P1Y,0,,A,PU,_Z,2,,,False,WB_WDI,WB_WDI_SP_POP_TOTL,EAS,_T,_T,_T,_Z,_Z,_Z,2019,A,PS,
2112289891,P1Y,0,,A,PU,_Z,2,,,False,WB_WDI,WB_WDI_SP_POP_TOTL,EAP,_T,_T,_T,_Z,_Z,_Z,2019,A,PS,
29261903,P1Y,0,,A,PU,_Z,2,,,False,WB_WDI,WB_WDI_SP_POP_TOTL,UZB,_T,_T,_T,_Z,_Z,_Z,2012,A,PS,
248883,P1Y,0,,A,PU,_Z,2,,,False,WB_WDI,WB_WDI_SP_POP_TOTL,VUT,_T,_T,_T,_Z,_Z,_Z,2012,A,PS,
29553826,P1Y,0,,A,PU,_Z,2,,,False,WB_WDI,WB_WDI_SP_POP_TOTL,VEN,_T,_T,_T,_Z,_Z,_Z,2012,A,PS,
89510356,P1Y,0,,A,PU,_Z,2,,,False,WB_WDI,WB_WDI_SP_POP_TOTL,VNM,_T,_T,_T,_Z,_Z,_Z,2012,A,PS,
108188,P1Y,0,,A,PU,_Z,2,,,False,WB_WDI,WB_WDI_SP_POP_TOTL,VIR,_T,_T,_T,_Z,_Z,_Z,2012,A,PS,
3979998,P1Y,0,,A,PU,_Z,2,,,False,WB_WDI,WB_WDI_SP_POP_TOTL,PSE,_T,_T,_T,_Z,_Z,_Z,2012,A,PS,
28433647,P1Y,0,,A,PU,_Z,2,,,False,WB_WDI,WB_WDI_SP_POP_TOTL,YEM,_T,_T,_T,_Z,_Z,_Z,2012,A,PS,
14913629,P1Y,0,,A,PU,_Z,2,,,False,WB_WDI,WB_WDI_SP_POP_TOTL,ZMB,_T,_T,_T,_Z,_Z,_Z,2012,A,PS,
13817887,P1Y,0,,A,PU,_Z,2,,,False,WB_WDI,WB_WDI_SP_POP_TOTL,ZWE,_T,_T,_T,_Z,_Z,_Z,2012,A,PS,
575202699,P1Y,0,,A,PU,_Z,2,,,False,WB_WDI,WB_WDI_SP_POP_TOTL,AFE,_T,_T,_T,_Z,_Z,_Z,2013,A,PS,
395543613,P1Y,0,,A,PU,_Z,2,,,False,WB_WDI,WB_WDI_SP_POP_TOTL,AFW,_T,_T,_T,_Z,_Z,_Z,2013,A,PS,
390954281,P1Y,0,,A,PU,_Z,2,,,False,WB_WDI,WB_WDI_SP_POP_TOTL,ARB,_T,_T,_T,_Z,_Z,_Z,2013,A,PS,
406156661,P1Y,0,,A,PU,_Z,2,,,False,WB_WDI,WB_WDI_SP_POP_TOTL,AFE,_T,_T,_T,_Z,_Z,_Z,2000,A,PS,
274612131,P1Y,0,,A,PU,_Z,2,,,False,WB_WDI,WB_WDI_SP_POP_TOTL,AFW,_T,_T,_T,_Z,_Z,_Z,2000,A,PS,
286548096,P1Y,0,,A,PU,_Z,2,,,False,WB_WDI,WB_WDI_SP_POP_TOTL,ARB,_T,_T,_T,_Z,_Z,_Z,2000,A,PS,
3956229,P1Y,0,,A,PU,_Z,2,,,False,WB_WDI,WB_WDI_SP_POP_TOTL,CSS,_T,_T,_T,_Z,_Z,_Z,2000,A,PS,
26029350,P1Y,0,,A,PU,_Z,2,,,False,WB_WDI,WB_WDI_SP_POP_TOTL,UZB,_T,_T,_T,_Z,_Z,_Z,2004,A,PS,
205711,P1Y,0,,A,PU,_Z,2,,,False,WB_WDI,WB_WDI_SP_POP_TOTL,VUT,_T,_T,_T,_Z,_Z,_Z,2004,A,PS,
26340838,P1Y,0,,A,PU,_Z,2,,,False,WB_WDI,WB_WDI_SP_POP_TOTL,VEN,_T,_T,_T,_Z,_Z,_Z,2004,A,PS,
80338971,P1Y,0,,A,PU,_Z,2,,,False,WB_WDI,WB_WDI_SP_POP_TOTL,VNM,_T,_T,_T,_Z,_Z,_Z,2004,A,PS,
108466,P1Y,0,,A,PU,_Z,2,,,False,WB_WDI,WB_WDI_SP_POP_TOTL,VIR,_T,_T,_T,_Z,_Z,_Z,2004,A,PS,
3236626,P1Y,0,,A,PU,_Z,2,,,False,WB_WDI,WB_WDI_SP_POP_TOTL,PSE,_T,_T,_T,_Z,_Z,_Z,2004,A,PS,
22095167,P1Y,0,,A,PU,_Z,2,,,False,WB_WDI,WB_WDI_SP_POP_TOTL,YEM,_T,_T,_T,_Z,_Z,_Z,2004,A,PS,
11338198,P1Y,0,,A,PU,_Z,2,,,False,WB_WDI,WB_WDI_SP_POP_TOTL,ZMB,_T,_T,_T,_Z,_Z,_Z,2004,A,PS,
12365896,P1Y,0,,A,PU,_Z,2,,,False,WB_WDI,WB_WDI_SP_POP_TOTL,ZWE,_T,_T,_T,_Z,_Z,_Z,2004,A,PS,
463076637,P1Y,0,,A,PU,_Z,2,,,False,WB_WDI,WB_WDI_SP_POP_TOTL,AFE,_T,_T,_T,_Z,_Z,_Z,2005,A,PS,
316156999,P1Y,0,,A,PU,_Z,2,,,False,WB_WDI,WB_WDI_SP_POP_TOTL,AFW,_T,_T,_T,_Z,_Z,_Z,2005,A,PS,
322628451,P1Y,0,,A,PU,_Z,2,,,False,WB_WDI,WB_WDI_SP_POP_TOTL,ARB,_T,_T,_T,_Z,_Z,_Z,2005,A,PS,
4049468,P1Y,0,,A,PU,_Z,2,,,False,WB_WDI,WB_WDI_SP_POP_TOTL,CSS,_T,_T,_T,_Z,_Z,_Z,2005,A,PS,
106041911,P1Y,0,,A,PU,_Z,2,,,False,WB_WDI,WB_WDI_SP_POP_TOTL,CEB,_T,_T,_T,_Z,_Z,_Z,2005,A,PS,
19603607,P1Y,0,,A,PU,_Z,2,,,False,WB_WDI,WB_WDI_SP_POP_TOTL,ZMB,_T,_T,_T,_Z,_Z,_Z,2021,A,PS,
15797210,P1Y,0,,A,PU,_Z,2,,,False,WB_WDI,WB_WDI_SP_POP_TOTL,ZWE,_T,_T,_T,_Z,_Z,_Z,2021,A,PS,
731821393,P1Y,0,,A,PU,_Z,2,,,False,WB_WDI,WB_WDI_SP_POP_TOTL,AFE,_T,_T,_T,_Z,_Z,_Z,2022,A,PS,
496366058,P1Y,0,,A,PU,_Z,2,,,False,WB_WDI,WB_WDI_SP_POP_TOTL,AFW,_T,_T,_T,_Z,_Z,_Z,2022,A,PS,
471352066,P1Y,0,,A,PU,_Z,2,,,False,WB_WDI,WB_WDI_SP_POP_TOTL,ARB,_T,_T,_T,_Z,_Z,_Z,2022,A,PS,
4497310,P1Y,0,,A,PU,_Z,2,,,False,WB_WDI,WB_WDI_SP_POP_TOTL,CSS,_T,_T,_T,_Z,_Z,_Z,2022,A,PS,
100071871,P1Y,0,,A,PU,_Z,2,,,False,WB_WDI,WB_WDI_SP_POP_TOTL,CEB,_T,_T,_T,_Z,_Z,_Z,2022,A,PS,
3470644834,P1Y,0,,A,PU,_Z,2,,,False,WB_WDI,WB_WDI_SP_POP_TOTL,EAR,_T,_T,_T,_Z,_Z,_Z,2022,A,PS,
2379617118,P1Y,0,,A,PU,_Z,2,,,False,WB_WDI,WB_WDI_SP_POP_TOTL,EAS,_T,_T,_T,_Z,_Z,_Z,2022,A,PS,
2133560408,P1Y,0,,A,PU,_Z,2,,,False,WB_WDI,WB_WDI_SP_POP_TOTL,EAP,_T,_T,_T,_Z,_Z,_Z,2022,A,PS,
2107261123,P1Y,0,,A,PU,_Z,2,,,False,WB_WDI,WB_WDI_SP_POP_TOTL,TEA,_T,_T,_T,_Z,_Z,_Z,2022,A,PS,
354666175,P1Y,0,,A,PU,_Z,2,,,False,WB_WDI,WB_WDI_SP_POP_TOTL,EMU,_T,_T,_T,_Z,_Z,_Z,2022,A,PS,
924267385,P1Y,0,,A,PU,_Z,2,,,False,WB_WDI,WB_WDI_SP_POP_TOTL,ECS,_T,_T,_T,_Z,_Z,_Z,2022,A,PS,
250514347,P1Y,0,,A,PU,_Z,2,,,False,WB_WDI,WB_WDI_SP_POP_TOTL,ECA,_T,_T,_T,_Z,_Z,_Z,2022,A,PS,
970656363,P1Y,0,,A,PU,_Z,2,,,False,WB_WDI,WB_WDI_SP_POP_TOTL,SSA,_T,_T,_T,_Z,_Z,_Z,2013,A,PS,
970746312,P1Y,0,,A,PU,_Z,2,,,False,WB_WDI,WB_WDI_SP_POP_TOTL,TSS,_T,_T,_T,_Z,_Z,_Z,2013,A,PS,
2863821883,P1Y,0,,A,PU,_Z,2,,,False,WB_WDI,WB_WDI_SP_POP_TOTL,UMC,_T,_T,_T,_Z,_Z,_Z,2013,A,PS,
7265404737,P1Y,0,,A,PU,_Z,2,,,False,WB_WDI,WB_WDI_SP_POP_TOTL,WLD,_T,_T,_T,_Z,_Z,_Z,2013,A,PS,
31622704,P1Y,0,,A,PU,_Z,2,,,False,WB_WDI,WB_WDI_SP_POP_TOTL,AFG,_T,_T,_T,_Z,_Z,_Z,2013,A,PS,
2816902,P1Y,0,,A,PU,_Z,2,,,False,WB_WDI,WB_WDI_SP_POP_TOTL,ALB,_T,_T,_T,_Z,_Z,_Z,2013,A,PS,
38414171,P1Y,0,,A,PU,_Z,2,,,False,WB_WDI,WB_WDI_SP_POP_TOTL,DZA,_T,_T,_T,_Z,_Z,_Z,2013,A,PS,
54006,P1Y,0,,A,PU,_Z,2,,,False,WB_WDI,WB_WDI_SP_POP_TOTL,ASM,_T,_T,_T,_Z,_Z,_Z,2013,A,PS,
75194,P1Y,0,,A,PU,_Z,2,,,False,WB_WDI,WB_WDI_SP_POP_TOTL,AND,_T,_T,_T,_Z,_Z,_Z,2013,A,PS,
26165620,P1Y,0,,A,PU,_Z,2,,,False,WB_WDI,WB_WDI_SP_POP_TOTL,AGO,_T,_T,_T,_Z,_Z,_Z,2013,A,PS,
88064,P1Y,0,,A,PU,_Z,2,,,False,WB_WDI,WB_WDI_SP_POP_TOTL,ATG,_T,_T,_T,_Z,_Z,_Z,2013,A,PS,
42582455,P1Y,0,,A,PU,_Z,2,,,False,WB_WDI,WB_WDI_SP_POP_TOTL,ARG,_T,_T,_T,_Z,_Z,_Z,2013,A,PS,
1831893,P1Y,0,,A,PU,_Z,2,,,False,WB_WDI,WB_WDI_SP_POP_TOTL,GNB,_T,_T,_T,_Z,_Z,_Z,2016,A,PS,
763548,P1Y,0,,A,PU,_Z,2,,,False,WB_WDI,WB_WDI_SP_POP_TOTL,GUY,_T,_T,_T,_Z,_Z,_Z,2016,A,PS,
10671457,P1Y,0,,A,PU,_Z,2,,,False,WB_WDI,WB_WDI_SP_POP_TOTL,HTI,_T,_T,_T,_Z,_Z,_Z,2016,A,PS,
9412380,P1Y,0,,A,PU,_Z,2,,,False,WB_WDI,WB_WDI_SP_POP_TOTL,HND,_T,_T,_T,_Z,_Z,_Z,2016,A,PS,
7336600,P1Y,0,,A,PU,_Z,2,,,False,WB_WDI,WB_WDI_SP_POP_TOTL,HKG,_T,_T,_T,_Z,_Z,_Z,2016,A,PS,
9759755,P1Y,0,,A,PU,_Z,2,,,False,WB_WDI,WB_WDI_SP_POP_TOTL,HUN,_T,_T,_T,_Z,_Z,_Z,2016,A,PS,
335439,P1Y,0,,A,PU,_Z,2,,,False,WB_WDI,WB_WDI_SP_POP_TOTL,ISL,_T,_T,_T,_Z,_Z,_Z,2016,A,PS,
1343944296,P1Y,0,,A,PU,_Z,2,,,False,WB_WDI,WB_WDI_SP_POP_TOTL,IND,_T,_T,_T,_Z,_Z,_Z,2016,A,PS,
264627418,P1Y,0,,A,PU,_Z,2,,,False,WB_WDI,WB_WDI_SP_POP_TOTL,IDN,_T,_T,_T,_Z,_Z,_Z,2016,A,PS,
83812228,P1Y,0,,A,PU,_Z,2,,,False,WB_WDI,WB_WDI_SP_POP_TOTL,IRN,_T,_T,_T,_Z,_Z,_Z,2016,A,PS,
38469627,P1Y,0,,A,PU,_Z,2,,,False,WB_WDI,WB_WDI_SP_POP_TOTL,IRQ,_T,_T,_T,_Z,_Z,_Z,2016,A,PS,
434193248,P1Y,0,,A,PU,_Z,2,,,False,WB_WDI,WB_WDI_SP_POP_TOTL,EUU,_T,_T,_T,_Z,_Z,_Z,2004,A,PS,
539388313,P1Y,0,,A,PU,_Z,2,,,False,WB_WDI,WB_WDI_SP_POP_TOTL,HPC,_T,_T,_T,_Z,_Z,_Z,2004,A,PS,
1282168195,P1Y,0,,A,PU,_Z,2,,,False,WB_WDI,WB_WDI_SP_POP_TOTL,HIC,_T,_T,_T,_Z,_Z,_Z,2004,A,PS,
4168676771,P1Y,0,,A,PU,_Z,2,,,False,WB_WDI,WB_WDI_SP_POP_TOTL,IBD,_T,_T,_T,_Z,_Z,_Z,2004,A,PS,
5416713041,P1Y,0,,A,PU,_Z,2,,,False,WB_WDI,WB_WDI_SP_POP_TOTL,IBT,_T,_T,_T,_Z,_Z,_Z,2004,A,PS,
436147454,P1Y,0,,A,PU,_Z,2,,,False,WB_WDI,WB_WDI_SP_POP_TOTL,IDB,_T,_T,_T,_Z,_Z,_Z,2004,A,PS,
811888816,P1Y,0,,A,PU,_Z,2,,,False,WB_WDI,WB_WDI_SP_POP_TOTL,IDX,_T,_T,_T,_Z,_Z,_Z,2004,A,PS,
1248036270,P1Y,0,,A,PU,_Z,2,,,False,WB_WDI,WB_WDI_SP_POP_TOTL,IDA,_T,_T,_T,_Z,_Z,_Z,2004,A,PS,
2099412663,P1Y,0,,A,PU,_Z,2,,,False,WB_WDI,WB_WDI_SP_POP_TOTL,LTE,_T,_T,_T,_Z,_Z,_Z,2004,A,PS,
548455563,P1Y,0,,A,PU,_Z,2,,,False,WB_WDI,WB_WDI_SP_POP_TOTL,LCN,_T,_T,_T,_Z,_Z,_Z,2004,A,PS,
514373324,P1Y,0,,A,PU,_Z,2,,,False,WB_WDI,WB_WDI_SP_POP_TOTL,LAC,_T,_T,_T,_Z,_Z,_Z,2004,A,PS,
532556401,P1Y,0,,A,PU,_Z,2,,,False,WB_WDI,WB_WDI_SP_POP_TOTL,TLA,_T,_T,_T,_Z,_Z,_Z,2004,A,PS,
742302769,P1Y,0,,A,PU,_Z,2,,,False,WB_WDI,WB_WDI_SP_POP_TOTL,LDC,_T,_T,_T,_Z,_Z,_Z,2004,A,PS,
5210186432,P1Y,0,,A,PU,_Z,2,,,False,WB_WDI,WB_WDI_SP_POP_TOTL,LMY,_T,_T,_T,_Z,_Z,_Z,2004,A,PS,
511447,P1Y,0,,A,PU,_Z,2,,,False,WB_WDI,WB_WDI_SP_POP_TOTL,CPV,_T,_T,_T,_Z,_Z,_Z,2011,A,PS,
14722584,P1Y,0,,A,PU,_Z,2,,,False,WB_WDI,WB_WDI_SP_POP_TOTL,KHM,_T,_T,_T,_Z,_Z,_Z,2011,A,PS,
20232304,P1Y,0,,A,PU,_Z,2,,,False,WB_WDI,WB_WDI_SP_POP_TOTL,CMR,_T,_T,_T,_Z,_Z,_Z,2011,A,PS,
34339221,P1Y,0,,A,PU,_Z,2,,,False,WB_WDI,WB_WDI_SP_POP_TOTL,CAN,_T,_T,_T,_Z,_Z,_Z,2011,A,PS,
55606,P1Y,0,,A,PU,_Z,2,,,False,WB_WDI,WB_WDI_SP_POP_TOTL,CYM,_T,_T,_T,_Z,_Z,_Z,2011,A,PS,
4565021,P1Y,0,,A,PU,_Z,2,,,False,WB_WDI,WB_WDI_SP_POP_TOTL,CAF,_T,_T,_T,_Z,_Z,_Z,2011,A,PS,
12754997,P1Y,0,,A,PU,_Z,2,,,False,WB_WDI,WB_WDI_SP_POP_TOTL,TCD,_T,_T,_T,_Z,_Z,_Z,2011,A,PS,
159706,P1Y,0,,A,PU,_Z,2,,,False,WB_WDI,WB_WDI_SP_POP_TOTL,CHI,_T,_T,_T,_Z,_Z,_Z,2011,A,PS,
17351816,P1Y,0,,A,PU,_Z,2,,,False,WB_WDI,WB_WDI_SP_POP_TOTL,CHL,_T,_T,_T,_Z,_Z,_Z,2011,A,PS,
1345035000,P1Y,0,,A,PU,_Z,2,,,False,WB_WDI,WB_WDI_SP_POP_TOTL,CHN,_T,_T,_T,_Z,_Z,_Z,2011,A,PS,
45259614,P1Y,0,,A,PU,_Z,2,,,False,WB_WDI,WB_WDI_SP_POP_TOTL,COL,_T,_T,_T,_Z,_Z,_Z,2011,A,PS,
668056,P1Y,0,,A,PU,_Z,2,,,False,WB_WDI,WB_WDI_SP_POP_TOTL,COM,_T,_T,_T,_Z,_Z,_Z,2011,A,PS,
1371860000,P1Y,0,,A,PU,_Z,2,,,False,WB_WDI,WB_WDI_SP_POP_TOTL,CHN,_T,_T,_T,_Z,_Z,_Z,2014,A,PS,
46565429,P1Y,0,,A,PU,_Z,2,,,False,WB_WDI,WB_WDI_SP_POP_TOTL,COL,_T,_T,_T,_Z,_Z,_Z,2014,A,PS,
711503,P1Y,0,,A,PU,_Z,2,,,False,WB_WDI,WB_WDI_SP_POP_TOTL,COM,_T,_T,_T,_Z,_Z,_Z,2014,A,PS,
78403242,P1Y,0,,A,PU,_Z,2,,,False,WB_WDI,WB_WDI_SP_POP_TOTL,COD,_T,_T,_T,_Z,_Z,_Z,2014,A,PS,
4975880,P1Y,0,,A,PU,_Z,2,,,False,WB_WDI,WB_WDI_SP_POP_TOTL,COG,_T,_T,_T,_Z,_Z,_Z,2014,A,PS,
4767119,P1Y,0,,A,PU,_Z,2,,,False,WB_WDI,WB_WDI_SP_POP_TOTL,CRI,_T,_T,_T,_Z,_Z,_Z,2014,A,PS,
24527395,P1Y,0,,A,PU,_Z,2,,,False,WB_WDI,WB_WDI_SP_POP_TOTL,CIV,_T,_T,_T,_Z,_Z,_Z,2014,A,PS,
4201598,P1Y,0,,A,PU,_Z,2,,,False,WB_WDI,WB_WDI_SP_POP_TOTL,HRV,_T,_T,_T,_Z,_Z,_Z,2014,A,PS,
11285775,P1Y,0,,A,PU,_Z,2,,,False,WB_WDI,WB_WDI_SP_POP_TOTL,CUB,_T,_T,_T,_Z,_Z,_Z,2014,A,PS,
155909,P1Y,0,,A,PU,_Z,2,,,False,WB_WDI,WB_WDI_SP_POP_TOTL,CUW,_T,_T,_T,_Z,_Z,_Z,2014,A,PS,
1201801,P1Y,0,,A,PU,_Z,2,,,False,WB_WDI,WB_WDI_SP_POP_TOTL,CYP,_T,_T,_T,_Z,_Z,_Z,2014,A,PS,
1359657400,P1Y,0,,A,PU,_Z,2,,,False,WB_WDI,WB_WDI_SP_POP_TOTL,IND,_T,_T,_T,_Z,_Z,_Z,2017,A,PS,
267346658,P1Y,0,,A,PU,_Z,2,,,False,WB_WDI,WB_WDI_SP_POP_TOTL,IDN,_T,_T,_T,_Z,_Z,_Z,2017,A,PS,
85026754,P1Y,0,,A,PU,_Z,2,,,False,WB_WDI,WB_WDI_SP_POP_TOTL,IRN,_T,_T,_T,_Z,_Z,_Z,2017,A,PS,
39337353,P1Y,0,,A,PU,_Z,2,,,False,WB_WDI,WB_WDI_SP_POP_TOTL,IRQ,_T,_T,_T,_Z,_Z,_Z,2017,A,PS,
4827445,P1Y,0,,A,PU,_Z,2,,,False,WB_WDI,WB_WDI_SP_POP_TOTL,IRL,_T,_T,_T,_Z,_Z,_Z,2017,A,PS,
83609,P1Y,0,,A,PU,_Z,2,,,False,WB_WDI,WB_WDI_SP_POP_TOTL,IMN,_T,_T,_T,_Z,_Z,_Z,2017,A,PS,
8713300,P1Y,0,,A,PU,_Z,2,,,False,WB_WDI,WB_WDI_SP_POP_TOTL,ISR,_T,_T,_T,_Z,_Z,_Z,2017,A,PS,
60002252,P1Y,0,,A,PU,_Z,2,,,False,WB_WDI,WB_WDI_SP_POP_TOTL,ITA,_T,_T,_T,_Z,_Z,_Z,2017,A,PS,
2815764,P1Y,0,,A,PU,_Z,2,,,False,WB_WDI,WB_WDI_SP_POP_TOTL,JAM,_T,_T,_T,_Z,_Z,_Z,2017,A,PS,
126972000,P1Y,0,,A,PU,_Z,2,,,False,WB_WDI,WB_WDI_SP_POP_TOTL,JPN,_T,_T,_T,_Z,_Z,_Z,2017,A,PS,
10234226,P1Y,0,,A,PU,_Z,2,,,False,WB_WDI,WB_WDI_SP_POP_TOTL,JOR,_T,_T,_T,_Z,_Z,_Z,2017,A,PS,
2086281644,P1Y,0,,A,PU,_Z,2,,,False,WB_WDI,WB_WDI_SP_POP_TOTL,TEA,_T,_T,_T,_Z,_Z,_Z,2019,A,PS,
353113327,P1Y,0,,A,PU,_Z,2,,,False,WB_WDI,WB_WDI_SP_POP_TOTL,EMU,_T,_T,_T,_Z,_Z,_Z,2019,A,PS,
921929161,P1Y,0,,A,PU,_Z,2,,,False,WB_WDI,WB_WDI_SP_POP_TOTL,ECS,_T,_T,_T,_Z,_Z,_Z,2019,A,PS,
248576676,P1Y,0,,A,PU,_Z,2,,,False,WB_WDI,WB_WDI_SP_POP_TOTL,ECA,_T,_T,_T,_Z,_Z,_Z,2019,A,PS,
461933206,P1Y,0,,A,PU,_Z,2,,,False,WB_WDI,WB_WDI_SP_POP_TOTL,TEC,_T,_T,_T,_Z,_Z,_Z,2019,A,PS,
446910453,P1Y,0,,A,PU,_Z,2,,,False,WB_WDI,WB_WDI_SP_POP_TOTL,EUU,_T,_T,_T,_Z,_Z,_Z,2019,A,PS,
823805910,P1Y,0,,A,PU,_Z,2,,,False,WB_WDI,WB_WDI_SP_POP_TOTL,HPC,_T,_T,_T,_Z,_Z,_Z,2019,A,PS,
1389767299,P1Y,0,,A,PU,_Z,2,,,False,WB_WDI,WB_WDI_SP_POP_TOTL,HIC,_T,_T,_T,_Z,_Z,_Z,2019,A,PS,
4845075024,P1Y,0,,A,PU,_Z,2,,,False,WB_WDI,WB_WDI_SP_POP_TOTL,IBD,_T,_T,_T,_Z,_Z,_Z,2019,A,PS,
6593373309,P1Y,0,,A,PU,_Z,2,,,False,WB_WDI,WB_WDI_SP_POP_TOTL,IBT,_T,_T,_T,_Z,_Z,_Z,2019,A,PS,
614017319,P1Y,0,,A,PU,_Z,2,,,False,WB_WDI,WB_WDI_SP_POP_TOTL,IDB,_T,_T,_T,_Z,_Z,_Z,2019,A,PS,
1134280966,P1Y,0,,A,PU,_Z,2,,,False,WB_WDI,WB_WDI_SP_POP_TOTL,IDX,_T,_T,_T,_Z,_Z,_Z,2019,A,PS,
1748298285,P1Y,0,,A,PU,_Z,2,,,False,WB_WDI,WB_WDI_SP_POP_TOTL,IDA,_T,_T,_T,_Z,_Z,_Z,2019,A,PS,
2308878047,P1Y,0,,A,PU,_Z,2,,,False,WB_WDI,WB_WDI_SP_POP_TOTL,LTE,_T,_T,_T,_Z,_Z,_Z,2019,A,PS,
9765210,P1Y,0,,A,PU,_Z,2,,,False,WB_WDI,WB_WDI_SP_POP_TOTL,HND,_T,_T,_T,_Z,_Z,_Z,2018,A,PS,
7452600,P1Y,0,,A,PU,_Z,2,,,False,WB_WDI,WB_WDI_SP_POP_TOTL,HKG,_T,_T,_T,_Z,_Z,_Z,2018,A,PS,
9706964,P1Y,0,,A,PU,_Z,2,,,False,WB_WDI,WB_WDI_SP_POP_TOTL,HUN,_T,_T,_T,_Z,_Z,_Z,2018,A,PS,
352721,P1Y,0,,A,PU,_Z,2,,,False,WB_WDI,WB_WDI_SP_POP_TOTL,ISL,_T,_T,_T,_Z,_Z,_Z,2018,A,PS,
1374659064,P1Y,0,,A,PU,_Z,2,,,False,WB_WDI,WB_WDI_SP_POP_TOTL,IND,_T,_T,_T,_Z,_Z,_Z,2018,A,PS,
269951846,P1Y,0,,A,PU,_Z,2,,,False,WB_WDI,WB_WDI_SP_POP_TOTL,IDN,_T,_T,_T,_Z,_Z,_Z,2018,A,PS,
86117998,P1Y,0,,A,PU,_Z,2,,,False,WB_WDI,WB_WDI_SP_POP_TOTL,IRN,_T,_T,_T,_Z,_Z,_Z,2018,A,PS,
40265624,P1Y,0,,A,PU,_Z,2,,,False,WB_WDI,WB_WDI_SP_POP_TOTL,IRQ,_T,_T,_T,_Z,_Z,_Z,2018,A,PS,
4898022,P1Y,0,,A,PU,_Z,2,,,False,WB_WDI,WB_WDI_SP_POP_TOTL,IRL,_T,_T,_T,_Z,_Z,_Z,2018,A,PS,
83805,P1Y,0,,A,PU,_Z,2,,,False,WB_WDI,WB_WDI_SP_POP_TOTL,IMN,_T,_T,_T,_Z,_Z,_Z,2018,A,PS,
8882800,P1Y,0,,A,PU,_Z,2,,,False,WB_WDI,WB_WDI_SP_POP_TOTL,ISR,_T,_T,_T,_Z,_Z,_Z,2018,A,PS,
2689469,P1Y,0,,A,PU,_Z,2,,,False,WB_WDI,WB_WDI_SP_POP_TOTL,ALB,_T,_T,_T,_Z,_Z,_Z,2016,A,PS,
40850721,P1Y,0,,A,PU,_Z,2,,,False,WB_WDI,WB_WDI_SP_POP_TOTL,DZA,_T,_T,_T,_Z,_Z,_Z,2016,A,PS,
52245,P1Y,0,,A,PU,_Z,2,,,False,WB_WDI,WB_WDI_SP_POP_TOTL,ASM,_T,_T,_T,_Z,_Z,_Z,2016,A,PS,
72181,P1Y,0,,A,PU,_Z,2,,,False,WB_WDI,WB_WDI_SP_POP_TOTL,AND,_T,_T,_T,_Z,_Z,_Z,2016,A,PS,
29183070,P1Y,0,,A,PU,_Z,2,,,False,WB_WDI,WB_WDI_SP_POP_TOTL,AGO,_T,_T,_T,_Z,_Z,_Z,2016,A,PS,
89969,P1Y,0,,A,PU,_Z,2,,,False,WB_WDI,WB_WDI_SP_POP_TOTL,ATG,_T,_T,_T,_Z,_Z,_Z,2016,A,PS,
43900313,P1Y,0,,A,PU,_Z,2,,,False,WB_WDI,WB_WDI_SP_POP_TOTL,ARG,_T,_T,_T,_Z,_Z,_Z,2016,A,PS,
2992300,P1Y,0,,A,PU,_Z,2,,,False,WB_WDI,WB_WDI_SP_POP_TOTL,ARM,_T,_T,_T,_Z,_Z,_Z,2016,A,PS,
108727,P1Y,0,,A,PU,_Z,2,,,False,WB_WDI,WB_WDI_SP_POP_TOTL,ABW,_T,_T,_T,_Z,_Z,_Z,2016,A,PS,
24190907,P1Y,0,,A,PU,_Z,2,,,False,WB_WDI,WB_WDI_SP_POP_TOTL,AUS,_T,_T,_T,_Z,_Z,_Z,2016,A,PS,
8736668,P1Y,0,,A,PU,_Z,2,,,False,WB_WDI,WB_WDI_SP_POP_TOTL,AUT,_T,_T,_T,_Z,_Z,_Z,2016,A,PS,
9757812,P1Y,0,,A,PU,_Z,2,,,False,WB_WDI,WB_WDI_SP_POP_TOTL,AZE,_T,_T,_T,_Z,_Z,_Z,2016,A,PS,
4630607878,P1Y,0,,A,PU,_Z,2,,,False,WB_WDI,WB_WDI_SP_POP_TOTL,IBD,_T,_T,_T,_Z,_Z,_Z,2014,A,PS,
6201072972,P1Y,0,,A,PU,_Z,2,,,False,WB_WDI,WB_WDI_SP_POP_TOTL,IBT,_T,_T,_T,_Z,_Z,_Z,2014,A,PS,
555868551,P1Y,0,,A,PU,_Z,2,,,False,WB_WDI,WB_WDI_SP_POP_TOTL,IDB,_T,_T,_T,_Z,_Z,_Z,2014,A,PS,
1014596543,P1Y,0,,A,PU,_Z,2,,,False,WB_WDI,WB_WDI_SP_POP_TOTL,IDX,_T,_T,_T,_Z,_Z,_Z,2014,A,PS,
1570465094,P1Y,0,,A,PU,_Z,2,,,False,WB_WDI,WB_WDI_SP_POP_TOTL,IDA,_T,_T,_T,_Z,_Z,_Z,2014,A,PS,
2241122152,P1Y,0,,A,PU,_Z,2,,,False,WB_WDI,WB_WDI_SP_POP_TOTL,LTE,_T,_T,_T,_Z,_Z,_Z,2014,A,PS,
612849401,P1Y,0,,A,PU,_Z,2,,,False,WB_WDI,WB_WDI_SP_POP_TOTL,LCN,_T,_T,_T,_Z,_Z,_Z,2014,A,PS,
575915671,P1Y,0,,A,PU,_Z,2,,,False,WB_WDI,WB_WDI_SP_POP_TOTL,LAC,_T,_T,_T,_Z,_Z,_Z,2014,A,PS,
597023419,P1Y,0,,A,PU,_Z,2,,,False,WB_WDI,WB_WDI_SP_POP_TOTL,TLA,_T,_T,_T,_Z,_Z,_Z,2014,A,PS,
939749332,P1Y,0,,A,PU,_Z,2,,,False,WB_WDI,WB_WDI_SP_POP_TOTL,LDC,_T,_T,_T,_Z,_Z,_Z,2014,A,PS,
5996036961,P1Y,0,,A,PU,_Z,2,,,False,WB_WDI,WB_WDI_SP_POP_TOTL,LMY,_T,_T,_T,_Z,_Z,_Z,2014,A,PS,
570113927,P1Y,0,,A,PU,_Z,2,,,False,WB_WDI,WB_WDI_SP_POP_TOTL,LIC,_T,_T,_T,_Z,_Z,_Z,2014,A,PS,
2535128764,P1Y,0,,A,PU,_Z,2,,,False,WB_WDI,WB_WDI_SP_POP_TOTL,LMC,_T,_T,_T,_Z,_Z,_Z,2014,A,PS,
4762722,P1Y,0,,A,PU,_Z,2,,,False,WB_WDI,WB_WDI_SP_POP_TOTL,IRL,_T,_T,_T,_Z,_Z,_Z,2016,A,PS,
83466,P1Y,0,,A,PU,_Z,2,,,False,WB_WDI,WB_WDI_SP_POP_TOTL,IMN,_T,_T,_T,_Z,_Z,_Z,2016,A,PS,
8546000,P1Y,0,,A,PU,_Z,2,,,False,WB_WDI,WB_WDI_SP_POP_TOTL,ISR,_T,_T,_T,_Z,_Z,_Z,2016,A,PS,
60115223,P1Y,0,,A,PU,_Z,2,,,False,WB_WDI,WB_WDI_SP_POP_TOTL,ITA,_T,_T,_T,_Z,_Z,_Z,2016,A,PS,
2809915,P1Y,0,,A,PU,_Z,2,,,False,WB_WDI,WB_WDI_SP_POP_TOTL,JAM,_T,_T,_T,_Z,_Z,_Z,2016,A,PS,
127076000,P1Y,0,,A,PU,_Z,2,,,False,WB_WDI,WB_WDI_SP_POP_TOTL,JPN,_T,_T,_T,_Z,_Z,_Z,2016,A,PS,
10006367,P1Y,0,,A,PU,_Z,2,,,False,WB_WDI,WB_WDI_SP_POP_TOTL,JOR,_T,_T,_T,_Z,_Z,_Z,2016,A,PS,
18363600,P1Y,0,,A,PU,_Z,2,,,False,WB_WDI,WB_WDI_SP_POP_TOTL,KAZ,_T,_T,_T,_Z,_Z,_Z,2016,A,PS,
48139687,P1Y,0,,A,PU,_Z,2,,,False,WB_WDI,WB_WDI_SP_POP_TOTL,KEN,_T,_T,_T,_Z,_Z,_Z,2016,A,PS,
118478,P1Y,0,,A,PU,_Z,2,,,False,WB_WDI,WB_WDI_SP_POP_TOTL,KIR,_T,_T,_T,_Z,_Z,_Z,2016,A,PS,
25698326,P1Y,0,,A,PU,_Z,2,,,False,WB_WDI,WB_WDI_SP_POP_TOTL,PRK,_T,_T,_T,_Z,_Z,_Z,2016,A,PS,
51217803,P1Y,0,,A,PU,_Z,2,,,False,WB_WDI,WB_WDI_SP_POP_TOTL,KOR,_T,_T,_T,_Z,_Z,_Z,2016,A,PS,
2620475154,P1Y,0,,A,PU,_Z,2,,,False,WB_WDI,WB_WDI_SP_POP_TOTL,UMC,_T,_T,_T,_Z,_Z,_Z,2003,A,PS,
6409352386,P1Y,0,,A,PU,_Z,2,,,False,WB_WDI,WB_WDI_SP_POP_TOTL,WLD,_T,_T,_T,_Z,_Z,_Z,2003,A,PS,
22733049,P1Y,0,,A,PU,_Z,2,,,False,WB_WDI,WB_WDI_SP_POP_TOTL,AFG,_T,_T,_T,_Z,_Z,_Z,2003,A,PS,
3039616,P1Y,0,,A,PU,_Z,2,,,False,WB_WDI,WB_WDI_SP_POP_TOTL,ALB,_T,_T,_T,_Z,_Z,_Z,2003,A,PS,
32175818,P1Y,0,,A,PU,_Z,2,,,False,WB_WDI,WB_WDI_SP_POP_TOTL,DZA,_T,_T,_T,_Z,_Z,_Z,2003,A,PS,
56971,P1Y,0,,A,PU,_Z,2,,,False,WB_WDI,WB_WDI_SP_POP_TOTL,ASM,_T,_T,_T,_Z,_Z,_Z,2003,A,PS,
69486,P1Y,0,,A,PU,_Z,2,,,False,WB_WDI,WB_WDI_SP_POP_TOTL,AND,_T,_T,_T,_Z,_Z,_Z,2003,A,PS,
17943712,P1Y,0,,A,PU,_Z,2,,,False,WB_WDI,WB_WDI_SP_POP_TOTL,AGO,_T,_T,_T,_Z,_Z,_Z,2003,A,PS,
77884,P1Y,0,,A,PU,_Z,2,,,False,WB_WDI,WB_WDI_SP_POP_TOTL,ATG,_T,_T,_T,_Z,_Z,_Z,2003,A,PS,
38424282,P1Y,0,,A,PU,_Z,2,,,False,WB_WDI,WB_WDI_SP_POP_TOTL,ARG,_T,_T,_T,_Z,_Z,_Z,2003,A,PS,
3182500,P1Y,0,,A,PU,_Z,2,,,False,WB_WDI,WB_WDI_SP_POP_TOTL,ARM,_T,_T,_T,_Z,_Z,_Z,2003,A,PS,
93128,P1Y,0,,A,PU,_Z,2,,,False,WB_WDI,WB_WDI_SP_POP_TOTL,ABW,_T,_T,_T,_Z,_Z,_Z,2003,A,PS,
19720737,P1Y,0,,A,PU,_Z,2,,,False,WB_WDI,WB_WDI_SP_POP_TOTL,AUS,_T,_T,_T,_Z,_Z,_Z,2003,A,PS,
8121423,P1Y,0,,A,PU,_Z,2,,,False,WB_WDI,WB_WDI_SP_POP_TOTL,AUT,_T,_T,_T,_Z,_Z,_Z,2003,A,PS,
8234100,P1Y,0,,A,PU,_Z,2,,,False,WB_WDI,WB_WDI_SP_POP_TOTL,AZE,_T,_T,_T,_Z,_Z,_Z,2003,A,PS,
10886035,P1Y,0,,A,PU,_Z,2,,,False,WB_WDI,WB_WDI_SP_POP_TOTL,TUN,_T,_T,_T,_Z,_Z,_Z,2011,A,PS,
74223629,P1Y,0,,A,PU,_Z,2,,,False,WB_WDI,WB_WDI_SP_POP_TOTL,TUR,_T,_T,_T,_Z,_Z,_Z,2011,A,PS,
5683417,P1Y,0,,A,PU,_Z,2,,,False,WB_WDI,WB_WDI_SP_POP_TOTL,TKM,_T,_T,_T,_Z,_Z,_Z,2011,A,PS,
30846,P1Y,0,,A,PU,_Z,2,,,False,WB_WDI,WB_WDI_SP_POP_TOTL,TCA,_T,_T,_T,_Z,_Z,_Z,2011,A,PS,
10780,P1Y,0,,A,PU,_Z,2,,,False,WB_WDI,WB_WDI_SP_POP_TOTL,TUV,_T,_T,_T,_Z,_Z,_Z,2011,A,PS,
33354543,P1Y,0,,A,PU,_Z,2,,,False,WB_WDI,WB_WDI_SP_POP_TOTL,UGA,_T,_T,_T,_Z,_Z,_Z,2011,A,PS,
46307853,P1Y,0,,A,PU,_Z,2,,,False,WB_WDI,WB_WDI_SP_POP_TOTL,UKR,_T,_T,_T,_Z,_Z,_Z,2011,A,PS,
7104538,P1Y,0,,A,PU,_Z,2,,,False,WB_WDI,WB_WDI_SP_POP_TOTL,ARE,_T,_T,_T,_Z,_Z,_Z,2011,A,PS,
63258810,P1Y,0,,A,PU,_Z,2,,,False,WB_WDI,WB_WDI_SP_POP_TOTL,GBR,_T,_T,_T,_Z,_Z,_Z,2011,A,PS,
311839461,P1Y,0,,A,PU,_Z,2,,,False,WB_WDI,WB_WDI_SP_POP_TOTL,USA,_T,_T,_T,_Z,_Z,_Z,2011,A,PS,
3326825,P1Y,0,,A,PU,_Z,2,,,False,WB_WDI,WB_WDI_SP_POP_TOTL,URY,_T,_T,_T,_Z,_Z,_Z,2011,A,PS,
28823196,P1Y,0,,A,PU,_Z,2,,,False,WB_WDI,WB_WDI_SP_POP_TOTL,UZB,_T,_T,_T,_Z,_Z,_Z,2011,A,PS,
15623251,P1Y,0,,A,PU,_Z,2,,,False,WB_WDI,WB_WDI_SP_POP_TOTL,KHM,_T,_T,_T,_Z,_Z,_Z,2015,A,PS,
22763414,P1Y,0,,A,PU,_Z,2,,,False,WB_WDI,WB_WDI_SP_POP_TOTL,CMR,_T,_T,_T,_Z,_Z,_Z,2015,A,PS,
35704498,P1Y,0,,A,PU,_Z,2,,,False,WB_WDI,WB_WDI_SP_POP_TOTL,CAN,_T,_T,_T,_Z,_Z,_Z,2015,A,PS,
61642,P1Y,0,,A,PU,_Z,2,,,False,WB_WDI,WB_WDI_SP_POP_TOTL,CYM,_T,_T,_T,_Z,_Z,_Z,2015,A,PS,
4629320,P1Y,0,,A,PU,_Z,2,,,False,WB_WDI,WB_WDI_SP_POP_TOTL,CAF,_T,_T,_T,_Z,_Z,_Z,2015,A,PS,
14647621,P1Y,0,,A,PU,_Z,2,,,False,WB_WDI,WB_WDI_SP_POP_TOTL,TCD,_T,_T,_T,_Z,_Z,_Z,2015,A,PS,
163454,P1Y,0,,A,PU,_Z,2,,,False,WB_WDI,WB_WDI_SP_POP_TOTL,CHI,_T,_T,_T,_Z,_Z,_Z,2015,A,PS,
18047625,P1Y,0,,A,PU,_Z,2,,,False,WB_WDI,WB_WDI_SP_POP_TOTL,CHL,_T,_T,_T,_Z,_Z,_Z,2015,A,PS,
1379860000,P1Y,0,,A,PU,_Z,2,,,False,WB_WDI,WB_WDI_SP_POP_TOTL,CHN,_T,_T,_T,_Z,_Z,_Z,2015,A,PS,
46969940,P1Y,0,,A,PU,_Z,2,,,False,WB_WDI,WB_WDI_SP_POP_TOTL,COL,_T,_T,_T,_Z,_Z,_Z,2015,A,PS,
726682,P1Y,0,,A,PU,_Z,2,,,False,WB_WDI,WB_WDI_SP_POP_TOTL,COM,_T,_T,_T,_Z,_Z,_Z,2015,A,PS,
81035531,P1Y,0,,A,PU,_Z,2,,,False,WB_WDI,WB_WDI_SP_POP_TOTL,COD,_T,_T,_T,_Z,_Z,_Z,2015,A,PS,
10796493,P1Y,0,,A,PU,_Z,2,,,False,WB_WDI,WB_WDI_SP_POP_TOTL,BEL,_T,_T,_T,_Z,_Z,_Z,2009,A,PS,
312614,P1Y,0,,A,PU,_Z,2,,,False,WB_WDI,WB_WDI_SP_POP_TOTL,BLZ,_T,_T,_T,_Z,_Z,_Z,2009,A,PS,
9509423,P1Y,0,,A,PU,_Z,2,,,False,WB_WDI,WB_WDI_SP_POP_TOTL,BEN,_T,_T,_T,_Z,_Z,_Z,2009,A,PS,
63565,P1Y,0,,A,PU,_Z,2,,,False,WB_WDI,WB_WDI_SP_POP_TOTL,BMU,_T,_T,_T,_Z,_Z,_Z,2009,A,PS,
693988,P1Y,0,,A,PU,_Z,2,,,False,WB_WDI,WB_WDI_SP_POP_TOTL,BTN,_T,_T,_T,_Z,_Z,_Z,2009,A,PS,
10016275,P1Y,0,,A,PU,_Z,2,,,False,WB_WDI,WB_WDI_SP_POP_TOTL,BOL,_T,_T,_T,_Z,_Z,_Z,2009,A,PS,
3879794,P1Y,0,,A,PU,_Z,2,,,False,WB_WDI,WB_WDI_SP_POP_TOTL,BIH,_T,_T,_T,_Z,_Z,_Z,2009,A,PS,
1990673,P1Y,0,,A,PU,_Z,2,,,False,WB_WDI,WB_WDI_SP_POP_TOTL,BWA,_T,_T,_T,_Z,_Z,_Z,2009,A,PS,
192079951,P1Y,0,,A,PU,_Z,2,,,False,WB_WDI,WB_WDI_SP_POP_TOTL,BRA,_T,_T,_T,_Z,_Z,_Z,2009,A,PS,
27218,P1Y,0,,A,PU,_Z,2,,,False,WB_WDI,WB_WDI_SP_POP_TOTL,VGB,_T,_T,_T,_Z,_Z,_Z,2009,A,PS,
384952,P1Y,0,,A,PU,_Z,2,,,False,WB_WDI,WB_WDI_SP_POP_TOTL,BRN,_T,_T,_T,_Z,_Z,_Z,2009,A,PS,
7444443,P1Y,0,,A,PU,_Z,2,,,False,WB_WDI,WB_WDI_SP_POP_TOTL,BGR,_T,_T,_T,_Z,_Z,_Z,2009,A,PS,
5026628,P1Y,0,,A,PU,_Z,2,,,False,WB_WDI,WB_WDI_SP_POP_TOTL,CAF,_T,_T,_T,_Z,_Z,_Z,2020,A,PS,
17224679,P1Y,0,,A,PU,_Z,2,,,False,WB_WDI,WB_WDI_SP_POP_TOTL,TCD,_T,_T,_T,_Z,_Z,_Z,2020,A,PS,
166235,P1Y,0,,A,PU,_Z,2,,,False,WB_WDI,WB_WDI_SP_POP_TOTL,CHI,_T,_T,_T,_Z,_Z,_Z,2020,A,PS,
19370624,P1Y,0,,A,PU,_Z,2,,,False,WB_WDI,WB_WDI_SP_POP_TOTL,CHL,_T,_T,_T,_Z,_Z,_Z,2020,A,PS,
1411100000,P1Y,0,,A,PU,_Z,2,,,False,WB_WDI,WB_WDI_SP_POP_TOTL,CHN,_T,_T,_T,_Z,_Z,_Z,2020,A,PS,
50629997,P1Y,0,,A,PU,_Z,2,,,False,WB_WDI,WB_WDI_SP_POP_TOTL,COL,_T,_T,_T,_Z,_Z,_Z,2020,A,PS,
802163,P1Y,0,,A,PU,_Z,2,,,False,WB_WDI,WB_WDI_SP_POP_TOTL,COM,_T,_T,_T,_Z,_Z,_Z,2020,A,PS,
95989998,P1Y,0,,A,PU,_Z,2,,,False,WB_WDI,WB_WDI_SP_POP_TOTL,COD,_T,_T,_T,_Z,_Z,_Z,2020,A,PS,
5752791,P1Y,0,,A,PU,_Z,2,,,False,WB_WDI,WB_WDI_SP_POP_TOTL,COG,_T,_T,_T,_Z,_Z,_Z,2020,A,PS,
5034320,P1Y,0,,A,PU,_Z,2,,,False,WB_WDI,WB_WDI_SP_POP_TOTL,CRI,_T,_T,_T,_Z,_Z,_Z,2020,A,PS,
28915449,P1Y,0,,A,PU,_Z,2,,,False,WB_WDI,WB_WDI_SP_POP_TOTL,CIV,_T,_T,_T,_Z,_Z,_Z,2020,A,PS,
3914206,P1Y,0,,A,PU,_Z,2,,,False,WB_WDI,WB_WDI_SP_POP_TOTL,HRV,_T,_T,_T,_Z,_Z,_Z,2020,A,PS,
652500,P1Y,0,,A,PU,_Z,2,,,False,WB_WDI,WB_WDI_SP_POP_TOTL,MAC,_T,_T,_T,_Z,_Z,_Z,2016,A,PS,
26099952,P1Y,0,,A,PU,_Z,2,,,False,WB_WDI,WB_WDI_SP_POP_TOTL,MDG,_T,_T,_T,_Z,_Z,_Z,2016,A,PS,
17557739,P1Y,0,,A,PU,_Z,2,,,False,WB_WDI,WB_WDI_SP_POP_TOTL,MWI,_T,_T,_T,_Z,_Z,_Z,2016,A,PS,
31789685,P1Y,0,,A,PU,_Z,2,,,False,WB_WDI,WB_WDI_SP_POP_TOTL,MYS,_T,_T,_T,_Z,_Z,_Z,2016,A,PS,
443308,P1Y,0,,A,PU,_Z,2,,,False,WB_WDI,WB_WDI_SP_POP_TOTL,MDV,_T,_T,_T,_Z,_Z,_Z,2016,A,PS,
19191289,P1Y,0,,A,PU,_Z,2,,,False,WB_WDI,WB_WDI_SP_POP_TOTL,MLI,_T,_T,_T,_Z,_Z,_Z,2016,A,PS,
454505,P1Y,0,,A,PU,_Z,2,,,False,WB_WDI,WB_WDI_SP_POP_TOTL,MLT,_T,_T,_T,_Z,_Z,_Z,2016,A,PS,
47709,P1Y,0,,A,PU,_Z,2,,,False,WB_WDI,WB_WDI_SP_POP_TOTL,MHL,_T,_T,_T,_Z,_Z,_Z,2016,A,PS,
4086657,P1Y,0,,A,PU,_Z,2,,,False,WB_WDI,WB_WDI_SP_POP_TOTL,MRT,_T,_T,_T,_Z,_Z,_Z,2016,A,PS,
1263747,P1Y,0,,A,PU,_Z,2,,,False,WB_WDI,WB_WDI_SP_POP_TOTL,MUS,_T,_T,_T,_Z,_Z,_Z,2016,A,PS,
44986791,P1Y,0,,A,PU,_Z,2,,,False,WB_WDI,WB_WDI_SP_POP_TOTL,KEN,_T,_T,_T,_Z,_Z,_Z,2013,A,PS,
113838,P1Y,0,,A,PU,_Z,2,,,False,WB_WDI,WB_WDI_SP_POP_TOTL,KIR,_T,_T,_T,_Z,_Z,_Z,2013,A,PS,
25329451,P1Y,0,,A,PU,_Z,2,,,False,WB_WDI,WB_WDI_SP_POP_TOTL,PRK,_T,_T,_T,_Z,_Z,_Z,2013,A,PS,
50428893,P1Y,0,,A,PU,_Z,2,,,False,WB_WDI,WB_WDI_SP_POP_TOTL,KOR,_T,_T,_T,_Z,_Z,_Z,2013,A,PS,
1818119,P1Y,0,,A,PU,_Z,2,,,False,WB_WDI,WB_WDI_SP_POP_TOTL,XKX,_T,_T,_T,_Z,_Z,_Z,2013,A,PS,
3507844,P1Y,0,,A,PU,_Z,2,,,False,WB_WDI,WB_WDI_SP_POP_TOTL,KWT,_T,_T,_T,_Z,_Z,_Z,2013,A,PS,
5777150,P1Y,0,,A,PU,_Z,2,,,False,WB_WDI,WB_WDI_SP_POP_TOTL,KGZ,_T,_T,_T,_Z,_Z,_Z,2013,A,PS,
6611385,P1Y,0,,A,PU,_Z,2,,,False,WB_WDI,WB_WDI_SP_POP_TOTL,LAO,_T,_T,_T,_Z,_Z,_Z,2013,A,PS,
2012647,P1Y,0,,A,PU,_Z,2,,,False,WB_WDI,WB_WDI_SP_POP_TOTL,LVA,_T,_T,_T,_Z,_Z,_Z,2013,A,PS,
5743436,P1Y,0,,A,PU,_Z,2,,,False,WB_WDI,WB_WDI_SP_POP_TOTL,LBN,_T,_T,_T,_Z,_Z,_Z,2013,A,PS,
2056504,P1Y,0,,A,PU,_Z,2,,,False,WB_WDI,WB_WDI_SP_POP_TOTL,LSO,_T,_T,_T,_Z,_Z,_Z,2013,A,PS,
4470239,P1Y,0,,A,PU,_Z,2,,,False,WB_WDI,WB_WDI_SP_POP_TOTL,LBR,_T,_T,_T,_Z,_Z,_Z,2013,A,PS,
10182345,P1Y,0,,A,PU,_Z,2,,,False,WB_WDI,WB_WDI_SP_POP_TOTL,BOL,_T,_T,_T,_Z,_Z,_Z,2010,A,PS,
3811472,P1Y,0,,A,PU,_Z,2,,,False,WB_WDI,WB_WDI_SP_POP_TOTL,BIH,_T,_T,_T,_Z,_Z,_Z,2010,A,PS,
2033111,P1Y,0,,A,PU,_Z,2,,,False,WB_WDI,WB_WDI_SP_POP_TOTL,BWA,_T,_T,_T,_Z,_Z,_Z,2010,A,PS,
193701929,P1Y,0,,A,PU,_Z,2,,,False,WB_WDI,WB_WDI_SP_POP_TOTL,BRA,_T,_T,_T,_Z,_Z,_Z,2010,A,PS,
27675,P1Y,0,,A,PU,_Z,2,,,False,WB_WDI,WB_WDI_SP_POP_TOTL,VGB,_T,_T,_T,_Z,_Z,_Z,2010,A,PS,
392332,P1Y,0,,A,PU,_Z,2,,,False,WB_WDI,WB_WDI_SP_POP_TOTL,BRN,_T,_T,_T,_Z,_Z,_Z,2010,A,PS,
7395599,P1Y,0,,A,PU,_Z,2,,,False,WB_WDI,WB_WDI_SP_POP_TOTL,BGR,_T,_T,_T,_Z,_Z,_Z,2010,A,PS,
16176498,P1Y,0,,A,PU,_Z,2,,,False,WB_WDI,WB_WDI_SP_POP_TOTL,BFA,_T,_T,_T,_Z,_Z,_Z,2010,A,PS,
9376444,P1Y,0,,A,PU,_Z,2,,,False,WB_WDI,WB_WDI_SP_POP_TOTL,BDI,_T,_T,_T,_Z,_Z,_Z,2010,A,PS,
509784,P1Y,0,,A,PU,_Z,2,,,False,WB_WDI,WB_WDI_SP_POP_TOTL,CPV,_T,_T,_T,_Z,_Z,_Z,2010,A,PS,
14500726,P1Y,0,,A,PU,_Z,2,,,False,WB_WDI,WB_WDI_SP_POP_TOTL,KHM,_T,_T,_T,_Z,_Z,_Z,2010,A,PS,
37618495,P1Y,0,,A,PU,_Z,2,,,False,WB_WDI,WB_WDI_SP_POP_TOTL,CAN,_T,_T,_T,_Z,_Z,_Z,2019,A,PS,
67327,P1Y,0,,A,PU,_Z,2,,,False,WB_WDI,WB_WDI_SP_POP_TOTL,CYM,_T,_T,_T,_Z,_Z,_Z,2019,A,PS,
4944703,P1Y,0,,A,PU,_Z,2,,,False,WB_WDI,WB_WDI_SP_POP_TOTL,CAF,_T,_T,_T,_Z,_Z,_Z,2019,A,PS,
16685223,P1Y,0,,A,PU,_Z,2,,,False,WB_WDI,WB_WDI_SP_POP_TOTL,TCD,_T,_T,_T,_Z,_Z,_Z,2019,A,PS,
165639,P1Y,0,,A,PU,_Z,2,,,False,WB_WDI,WB_WDI_SP_POP_TOTL,CHI,_T,_T,_T,_Z,_Z,_Z,2019,A,PS,
19197744,P1Y,0,,A,PU,_Z,2,,,False,WB_WDI,WB_WDI_SP_POP_TOTL,CHL,_T,_T,_T,_Z,_Z,_Z,2019,A,PS,
1407745000,P1Y,0,,A,PU,_Z,2,,,False,WB_WDI,WB_WDI_SP_POP_TOTL,CHN,_T,_T,_T,_Z,_Z,_Z,2019,A,PS,
49907985,P1Y,0,,A,PU,_Z,2,,,False,WB_WDI,WB_WDI_SP_POP_TOTL,COL,_T,_T,_T,_Z,_Z,_Z,2019,A,PS,
786578,P1Y,0,,A,PU,_Z,2,,,False,WB_WDI,WB_WDI_SP_POP_TOTL,COM,_T,_T,_T,_Z,_Z,_Z,2019,A,PS,
92947442,P1Y,0,,A,PU,_Z,2,,,False,WB_WDI,WB_WDI_SP_POP_TOTL,COD,_T,_T,_T,_Z,_Z,_Z,2019,A,PS,
5616661,P1Y,0,,A,PU,_Z,2,,,False,WB_WDI,WB_WDI_SP_POP_TOTL,COG,_T,_T,_T,_Z,_Z,_Z,2019,A,PS,
4999553,P1Y,0,,A,PU,_Z,2,,,False,WB_WDI,WB_WDI_SP_POP_TOTL,CRI,_T,_T,_T,_Z,_Z,_Z,2019,A,PS,
3473003,P1Y,0,,A,PU,_Z,2,,,False,WB_WDI,WB_WDI_SP_POP_TOTL,BIH,_T,_T,_T,_Z,_Z,_Z,2016,A,PS,
2234776,P1Y,0,,A,PU,_Z,2,,,False,WB_WDI,WB_WDI_SP_POP_TOTL,BWA,_T,_T,_T,_Z,_Z,_Z,2016,A,PS,
203218114,P1Y,0,,A,PU,_Z,2,,,False,WB_WDI,WB_WDI_SP_POP_TOTL,BRA,_T,_T,_T,_Z,_Z,_Z,2016,A,PS,
33878,P1Y,0,,A,PU,_Z,2,,,False,WB_WDI,WB_WDI_SP_POP_TOTL,VGB,_T,_T,_T,_Z,_Z,_Z,2016,A,PS,
427564,P1Y,0,,A,PU,_Z,2,,,False,WB_WDI,WB_WDI_SP_POP_TOTL,BRN,_T,_T,_T,_Z,_Z,_Z,2016,A,PS,
6894139,P1Y,0,,A,PU,_Z,2,,,False,WB_WDI,WB_WDI_SP_POP_TOTL,BGR,_T,_T,_T,_Z,_Z,_Z,2016,A,PS,
19334856,P1Y,0,,A,PU,_Z,2,,,False,WB_WDI,WB_WDI_SP_POP_TOTL,BFA,_T,_T,_T,_Z,_Z,_Z,2016,A,PS,
11239451,P1Y,0,,A,PU,_Z,2,,,False,WB_WDI,WB_WDI_SP_POP_TOTL,BDI,_T,_T,_T,_Z,_Z,_Z,2016,A,PS,
512554,P1Y,0,,A,PU,_Z,2,,,False,WB_WDI,WB_WDI_SP_POP_TOTL,CPV,_T,_T,_T,_Z,_Z,_Z,2016,A,PS,
15852803,P1Y,0,,A,PU,_Z,2,,,False,WB_WDI,WB_WDI_SP_POP_TOTL,KHM,_T,_T,_T,_Z,_Z,_Z,2016,A,PS,
23454161,P1Y,0,,A,PU,_Z,2,,,False,WB_WDI,WB_WDI_SP_POP_TOTL,CMR,_T,_T,_T,_Z,_Z,_Z,2016,A,PS,
211073978,P1Y,0,,A,PU,_Z,2,,,False,WB_WDI,WB_WDI_SP_POP_TOTL,PAK,_T,_T,_T,_Z,_Z,_Z,2013,A,PS,
17648,P1Y,0,,A,PU,_Z,2,,,False,WB_WDI,WB_WDI_SP_POP_TOTL,PLW,_T,_T,_T,_Z,_Z,_Z,2013,A,PS,
3825329,P1Y,0,,A,PU,_Z,2,,,False,WB_WDI,WB_WDI_SP_POP_TOTL,PAN,_T,_T,_T,_Z,_Z,_Z,2013,A,PS,
8302698,P1Y,0,,A,PU,_Z,2,,,False,WB_WDI,WB_WDI_SP_POP_TOTL,PNG,_T,_T,_T,_Z,_Z,_Z,2013,A,PS,
5982445,P1Y,0,,A,PU,_Z,2,,,False,WB_WDI,WB_WDI_SP_POP_TOTL,PRY,_T,_T,_T,_Z,_Z,_Z,2013,A,PS,
29817919,P1Y,0,,A,PU,_Z,2,,,False,WB_WDI,WB_WDI_SP_POP_TOTL,PER,_T,_T,_T,_Z,_Z,_Z,2013,A,PS,
102076336,P1Y,0,,A,PU,_Z,2,,,False,WB_WDI,WB_WDI_SP_POP_TOTL,PHL,_T,_T,_T,_Z,_Z,_Z,2013,A,PS,
38040196,P1Y,0,,A,PU,_Z,2,,,False,WB_WDI,WB_WDI_SP_POP_TOTL,POL,_T,_T,_T,_Z,_Z,_Z,2013,A,PS,
10457295,P1Y,0,,A,PU,_Z,2,,,False,WB_WDI,WB_WDI_SP_POP_TOTL,PRT,_T,_T,_T,_Z,_Z,_Z,2013,A,PS,
3631427,P1Y,0,,A,PU,_Z,2,,,False,WB_WDI,WB_WDI_SP_POP_TOTL,PRI,_T,_T,_T,_Z,_Z,_Z,2013,A,PS,
1916426,P1Y,0,,A,PU,_Z,2,,,False,WB_WDI,WB_WDI_SP_POP_TOTL,QAT,_T,_T,_T,_Z,_Z,_Z,2013,A,PS,
37785849,P1Y,0,,A,PU,_Z,2,,,False,WB_WDI,WB_WDI_SP_POP_TOTL,SDN,_T,_T,_T,_Z,_Z,_Z,2013,A,PS,
569020,P1Y,0,,A,PU,_Z,2,,,False,WB_WDI,WB_WDI_SP_POP_TOTL,SUR,_T,_T,_T,_Z,_Z,_Z,2013,A,PS,
9600379,P1Y,0,,A,PU,_Z,2,,,False,WB_WDI,WB_WDI_SP_POP_TOTL,SWE,_T,_T,_T,_Z,_Z,_Z,2013,A,PS,
8089346,P1Y,0,,A,PU,_Z,2,,,False,WB_WDI,WB_WDI_SP_POP_TOTL,CHE,_T,_T,_T,_Z,_Z,_Z,2013,A,PS,
21666917,P1Y,0,,A,PU,_Z,2,,,False,WB_WDI,WB_WDI_SP_POP_TOTL,SYR,_T,_T,_T,_Z,_Z,_Z,2013,A,PS,
8216724,P1Y,0,,A,PU,_Z,2,,,False,WB_WDI,WB_WDI_SP_POP_TOTL,TJK,_T,_T,_T,_Z,_Z,_Z,2013,A,PS,
48824128,P1Y,0,,A,PU,_Z,2,,,False,WB_WDI,WB_WDI_SP_POP_TOTL,TZA,_T,_T,_T,_Z,_Z,_Z,2013,A,PS,
69845114,P1Y,0,,A,PU,_Z,2,,,False,WB_WDI,WB_WDI_SP_POP_TOTL,THA,_T,_T,_T,_Z,_Z,_Z,2013,A,PS,
1158695,P1Y,0,,A,PU,_Z,2,,,False,WB_WDI,WB_WDI_SP_POP_TOTL,TLS,_T,_T,_T,_Z,_Z,_Z,2013,A,PS,
6798848,P1Y,0,,A,PU,_Z,2,,,False,WB_WDI,WB_WDI_SP_POP_TOTL,TGO,_T,_T,_T,_Z,_Z,_Z,2013,A,PS,
107078,P1Y,0,,A,PU,_Z,2,,,False,WB_WDI,WB_WDI_SP_POP_TOTL,TON,_T,_T,_T,_Z,_Z,_Z,2013,A,PS,
43024071,P1Y,0,,A,PU,_Z,2,,,False,WB_WDI,WB_WDI_SP_POP_TOTL,ARG,_T,_T,_T,_Z,_Z,_Z,2014,A,PS,
3013800,P1Y,0,,A,PU,_Z,2,,,False,WB_WDI,WB_WDI_SP_POP_TOTL,ARM,_T,_T,_T,_Z,_Z,_Z,2014,A,PS,
106807,P1Y,0,,A,PU,_Z,2,,,False,WB_WDI,WB_WDI_SP_POP_TOTL,ABW,_T,_T,_T,_Z,_Z,_Z,2014,A,PS,
23475686,P1Y,0,,A,PU,_Z,2,,,False,WB_WDI,WB_WDI_SP_POP_TOTL,AUS,_T,_T,_T,_Z,_Z,_Z,2014,A,PS,
8546356,P1Y,0,,A,PU,_Z,2,,,False,WB_WDI,WB_WDI_SP_POP_TOTL,AUT,_T,_T,_T,_Z,_Z,_Z,2014,A,PS,
9535079,P1Y,0,,A,PU,_Z,2,,,False,WB_WDI,WB_WDI_SP_POP_TOTL,AZE,_T,_T,_T,_Z,_Z,_Z,2014,A,PS,
382298,P1Y,0,,A,PU,_Z,2,,,False,WB_WDI,WB_WDI_SP_POP_TOTL,BHS,_T,_T,_T,_Z,_Z,_Z,2014,A,PS,
1314562,P1Y,0,,A,PU,_Z,2,,,False,WB_WDI,WB_WDI_SP_POP_TOTL,BHR,_T,_T,_T,_Z,_Z,_Z,2014,A,PS,
157964929,P1Y,0,,A,PU,_Z,2,,,False,WB_WDI,WB_WDI_SP_POP_TOTL,BGD,_T,_T,_T,_Z,_Z,_Z,2014,A,PS,
278348,P1Y,0,,A,PU,_Z,2,,,False,WB_WDI,WB_WDI_SP_POP_TOTL,BRB,_T,_T,_T,_Z,_Z,_Z,2014,A,PS,
9448515,P1Y,0,,A,PU,_Z,2,,,False,WB_WDI,WB_WDI_SP_POP_TOTL,BLR,_T,_T,_T,_Z,_Z,_Z,2014,A,PS,
41259892,P1Y,0,,A,PU,_Z,2,,,False,WB_WDI,WB_WDI_SP_POP_TOTL,SDN,_T,_T,_T,_Z,_Z,_Z,2016,A,PS,
587757,P1Y,0,,A,PU,_Z,2,,,False,WB_WDI,WB_WDI_SP_POP_TOTL,SUR,_T,_T,_T,_Z,_Z,_Z,2016,A,PS,
9923085,P1Y,0,,A,PU,_Z,2,,,False,WB_WDI,WB_WDI_SP_POP_TOTL,SWE,_T,_T,_T,_Z,_Z,_Z,2016,A,PS,
8373338,P1Y,0,,A,PU,_Z,2,,,False,WB_WDI,WB_WDI_SP_POP_TOTL,CHE,_T,_T,_T,_Z,_Z,_Z,2016,A,PS,
19193834,P1Y,0,,A,PU,_Z,2,,,False,WB_WDI,WB_WDI_SP_POP_TOTL,SYR,_T,_T,_T,_Z,_Z,_Z,2016,A,PS,
8865631,P1Y,0,,A,PU,_Z,2,,,False,WB_WDI,WB_WDI_SP_POP_TOTL,TJK,_T,_T,_T,_Z,_Z,_Z,2016,A,PS,
53824013,P1Y,0,,A,PU,_Z,2,,,False,WB_WDI,WB_WDI_SP_POP_TOTL,TZA,_T,_T,_T,_Z,_Z,_Z,2016,A,PS,
70859841,P1Y,0,,A,PU,_Z,2,,,False,WB_WDI,WB_WDI_SP_POP_TOTL,THA,_T,_T,_T,_Z,_Z,_Z,2016,A,PS,
1228312,P1Y,0,,A,PU,_Z,2,,,False,WB_WDI,WB_WDI_SP_POP_TOTL,TLS,_T,_T,_T,_Z,_Z,_Z,2016,A,PS,
7200884,P1Y,0,,A,PU,_Z,2,,,False,WB_WDI,WB_WDI_SP_POP_TOTL,TGO,_T,_T,_T,_Z,_Z,_Z,2016,A,PS,
105524,P1Y,0,,A,PU,_Z,2,,,False,WB_WDI,WB_WDI_SP_POP_TOTL,TON,_T,_T,_T,_Z,_Z,_Z,2016,A,PS,
9223225,P1Y,0,,A,PU,_Z,2,,,False,WB_WDI,WB_WDI_SP_POP_TOTL,ARE,_T,_T,_T,_Z,_Z,_Z,2017,A,PS,
65964000,P1Y,0,,A,PU,_Z,2,,,False,WB_WDI,WB_WDI_SP_POP_TOTL,GBR,_T,_T,_T,_Z,_Z,_Z,2017,A,PS,
326608609,P1Y,0,,A,PU,_Z,2,,,False,WB_WDI,WB_WDI_SP_POP_TOTL,USA,_T,_T,_T,_Z,_Z,_Z,2017,A,PS,
3388438,P1Y,0,,A,PU,_Z,2,,,False,WB_WDI,WB_WDI_SP_POP_TOTL,URY,_T,_T,_T,_Z,_Z,_Z,2017,A,PS,
31819178,P1Y,0,,A,PU,_Z,2,,,False,WB_WDI,WB_WDI_SP_POP_TOTL,UZB,_T,_T,_T,_Z,_Z,_Z,2017,A,PS,
278507,P1Y,0,,A,PU,_Z,2,,,False,WB_WDI,WB_WDI_SP_POP_TOTL,VUT,_T,_T,_T,_Z,_Z,_Z,2017,A,PS,
30565323,P1Y,0,,A,PU,_Z,2,,,False,WB_WDI,WB_WDI_SP_POP_TOTL,VEN,_T,_T,_T,_Z,_Z,_Z,2017,A,PS,
95176977,P1Y,0,,A,PU,_Z,2,,,False,WB_WDI,WB_WDI_SP_POP_TOTL,VNM,_T,_T,_T,_Z,_Z,_Z,2017,A,PS,
107281,P1Y,0,,A,PU,_Z,2,,,False,WB_WDI,WB_WDI_SP_POP_TOTL,VIR,_T,_T,_T,_Z,_Z,_Z,2017,A,PS,
4454805,P1Y,0,,A,PU,_Z,2,,,False,WB_WDI,WB_WDI_SP_POP_TOTL,PSE,_T,_T,_T,_Z,_Z,_Z,2017,A,PS,
33090921,P1Y,0,,A,PU,_Z,2,,,False,WB_WDI,WB_WDI_SP_POP_TOTL,YEM,_T,_T,_T,_Z,_Z,_Z,2017,A,PS,
17441320,P1Y,0,,A,PU,_Z,2,,,False,WB_WDI,WB_WDI_SP_POP_TOTL,ZMB,_T,_T,_T,_Z,_Z,_Z,2017,A,PS,
1353895,P1Y,0,,A,PU,_Z,2,,,False,WB_WDI,WB_WDI_SP_POP_TOTL,TTO,_T,_T,_T,_Z,_Z,_Z,2016,A,PS,
11528674,P1Y,0,,A,PU,_Z,2,,,False,WB_WDI,WB_WDI_SP_POP_TOTL,TUN,_T,_T,_T,_Z,_Z,_Z,2016,A,PS,
79277962,P1Y,0,,A,PU,_Z,2,,,False,WB_WDI,WB_WDI_SP_POP_TOTL,TUR,_T,_T,_T,_Z,_Z,_Z,2016,A,PS,
6360041,P1Y,0,,A,PU,_Z,2,,,False,WB_WDI,WB_WDI_SP_POP_TOTL,TKM,_T,_T,_T,_Z,_Z,_Z,2016,A,PS,
38315,P1Y,0,,A,PU,_Z,2,,,False,WB_WDI,WB_WDI_SP_POP_TOTL,TCA,_T,_T,_T,_Z,_Z,_Z,2016,A,PS,
10930,P1Y,0,,A,PU,_Z,2,,,False,WB_WDI,WB_WDI_SP_POP_TOTL,TUV,_T,_T,_T,_Z,_Z,_Z,2016,A,PS,
38799152,P1Y,0,,A,PU,_Z,2,,,False,WB_WDI,WB_WDI_SP_POP_TOTL,UGA,_T,_T,_T,_Z,_Z,_Z,2016,A,PS,
45616832,P1Y,0,,A,PU,_Z,2,,,False,WB_WDI,WB_WDI_SP_POP_TOTL,UKR,_T,_T,_T,_Z,_Z,_Z,2016,A,PS,
8935095,P1Y,0,,A,PU,_Z,2,,,False,WB_WDI,WB_WDI_SP_POP_TOTL,ARE,_T,_T,_T,_Z,_Z,_Z,2016,A,PS,
65606000,P1Y,0,,A,PU,_Z,2,,,False,WB_WDI,WB_WDI_SP_POP_TOTL,GBR,_T,_T,_T,_Z,_Z,_Z,2016,A,PS,
324353340,P1Y,0,,A,PU,_Z,2,,,False,WB_WDI,WB_WDI_SP_POP_TOTL,USA,_T,_T,_T,_Z,_Z,_Z,2016,A,PS,
38109,P1Y,0,,A,PU,_Z,2,,,False,WB_WDI,WB_WDI_SP_POP_TOTL,MCO,_T,_T,_T,_Z,_Z,_Z,2019,A,PS,
3267673,P1Y,0,,A,PU,_Z,2,,,False,WB_WDI,WB_WDI_SP_POP_TOTL,MNG,_T,_T,_T,_Z,_Z,_Z,2019,A,PS,
626753,P1Y,0,,A,PU,_Z,2,,,False,WB_WDI,WB_WDI_SP_POP_TOTL,MNE,_T,_T,_T,_Z,_Z,_Z,2019,A,PS,
36210898,P1Y,0,,A,PU,_Z,2,,,False,WB_WDI,WB_WDI_SP_POP_TOTL,MAR,_T,_T,_T,_Z,_Z,_Z,2019,A,PS,
29884380,P1Y,0,,A,PU,_Z,2,,,False,WB_WDI,WB_WDI_SP_POP_TOTL,MOZ,_T,_T,_T,_Z,_Z,_Z,2019,A,PS,
52640713,P1Y,0,,A,PU,_Z,2,,,False,WB_WDI,WB_WDI_SP_POP_TOTL,MMR,_T,_T,_T,_Z,_Z,_Z,2019,A,PS,
2650494,P1Y,0,,A,PU,_Z,2,,,False,WB_WDI,WB_WDI_SP_POP_TOTL,NAM,_T,_T,_T,_Z,_Z,_Z,2019,A,PS,
11587,P1Y,0,,A,PU,_Z,2,,,False,WB_WDI,WB_WDI_SP_POP_TOTL,NRU,_T,_T,_T,_Z,_Z,_Z,2019,A,PS,
28414064,P1Y,0,,A,PU,_Z,2,,,False,WB_WDI,WB_WDI_SP_POP_TOTL,NPL,_T,_T,_T,_Z,_Z,_Z,2019,A,PS,
17344874,P1Y,0,,A,PU,_Z,2,,,False,WB_WDI,WB_WDI_SP_POP_TOTL,NLD,_T,_T,_T,_Z,_Z,_Z,2019,A,PS,
283606,P1Y,0,,A,PU,_Z,2,,,False,WB_WDI,WB_WDI_SP_POP_TOTL,NCL,_T,_T,_T,_Z,_Z,_Z,2019,A,PS,
4970300,P1Y,0,,A,PU,_Z,2,,,False,WB_WDI,WB_WDI_SP_POP_TOTL,NZL,_T,_T,_T,_Z,_Z,_Z,2019,A,PS,
6446596,P1Y,0,,A,PU,_Z,2,,,False,WB_WDI,WB_WDI_SP_POP_TOTL,BGR,_T,_T,_T,_Z,_Z,_Z,2023,A,PS,
23025776,P1Y,0,,A,PU,_Z,2,,,False,WB_WDI,WB_WDI_SP_POP_TOTL,BFA,_T,_T,_T,_Z,_Z,_Z,2023,A,PS,
13689450,P1Y,0,,A,PU,_Z,2,,,False,WB_WDI,WB_WDI_SP_POP_TOTL,BDI,_T,_T,_T,_Z,_Z,_Z,2023,A,PS,
522331,P1Y,0,,A,PU,_Z,2,,,False,WB_WDI,WB_WDI_SP_POP_TOTL,CPV,_T,_T,_T,_Z,_Z,_Z,2023,A,PS,
17423880,P1Y,0,,A,PU,_Z,2,,,False,WB_WDI,WB_WDI_SP_POP_TOTL,KHM,_T,_T,_T,_Z,_Z,_Z,2023,A,PS,
28372687,P1Y,0,,A,PU,_Z,2,,,False,WB_WDI,WB_WDI_SP_POP_TOTL,CMR,_T,_T,_T,_Z,_Z,_Z,2023,A,PS,
40049088,P1Y,0,,A,PU,_Z,2,,,False,WB_WDI,WB_WDI_SP_POP_TOTL,CAN,_T,_T,_T,_Z,_Z,_Z,2023,A,PS,
73038,P1Y,0,,A,PU,_Z,2,,,False,WB_WDI,WB_WDI_SP_POP_TOTL,CYM,_T,_T,_T,_Z,_Z,_Z,2023,A,PS,
5152421,P1Y,0,,A,PU,_Z,2,,,False,WB_WDI,WB_WDI_SP_POP_TOTL,CAF,_T,_T,_T,_Z,_Z,_Z,2023,A,PS,
19319064,P1Y,0,,A,PU,_Z,2,,,False,WB_WDI,WB_WDI_SP_POP_TOTL,TCD,_T,_T,_T,_Z,_Z,_Z,2023,A,PS,
167691,P1Y,0,,A,PU,_Z,2,,,False,WB_WDI,WB_WDI_SP_POP_TOTL,CHI,_T,_T,_T,_Z,_Z,_Z,2023,A,PS,
19658835,P1Y,0,,A,PU,_Z,2,,,False,WB_WDI,WB_WDI_SP_POP_TOTL,CHL,_T,_T,_T,_Z,_Z,_Z,2023,A,PS,
1410710000,P1Y,0,,A,PU,_Z,2,,,False,WB_WDI,WB_WDI_SP_POP_TOTL,CHN,_T,_T,_T,_Z,_Z,_Z,2023,A,PS,
52321152,P1Y,0,,A,PU,_Z,2,,,False,WB_WDI,WB_WDI_SP_POP_TOTL,COL,_T,_T,_T,_Z,_Z,_Z,2023,A,PS,
11375158,P1Y,0,,A,PU,_Z,2,,,False,WB_WDI,WB_WDI_SP_POP_TOTL,BEL,_T,_T,_T,_Z,_Z,_Z,2017,A,PS,
373202,P1Y,0,,A,PU,_Z,2,,,False,WB_WDI,WB_WDI_SP_POP_TOTL,BLZ,_T,_T,_T,_Z,_Z,_Z,2017,A,PS,
12039780,P1Y,0,,A,PU,_Z,2,,,False,WB_WDI,WB_WDI_SP_POP_TOTL,BEN,_T,_T,_T,_Z,_Z,_Z,2017,A,PS,
63578,P1Y,0,,A,PU,_Z,2,,,False,WB_WDI,WB_WDI_SP_POP_TOTL,BMU,_T,_T,_T,_Z,_Z,_Z,2017,A,PS,
754335,P1Y,0,,A,PU,_Z,2,,,False,WB_WDI,WB_WDI_SP_POP_TOTL,BTN,_T,_T,_T,_Z,_Z,_Z,2017,A,PS,
11344587,P1Y,0,,A,PU,_Z,2,,,False,WB_WDI,WB_WDI_SP_POP_TOTL,BOL,_T,_T,_T,_Z,_Z,_Z,2017,A,PS,
3428682,P1Y,0,,A,PU,_Z,2,,,False,WB_WDI,WB_WDI_SP_POP_TOTL,BIH,_T,_T,_T,_Z,_Z,_Z,2017,A,PS,
2266747,P1Y,0,,A,PU,_Z,2,,,False,WB_WDI,WB_WDI_SP_POP_TOTL,BWA,_T,_T,_T,_Z,_Z,_Z,2017,A,PS,
204703445,P1Y,0,,A,PU,_Z,2,,,False,WB_WDI,WB_WDI_SP_POP_TOTL,BRA,_T,_T,_T,_Z,_Z,_Z,2017,A,PS,
32699,P1Y,0,,A,PU,_Z,2,,,False,WB_WDI,WB_WDI_SP_POP_TOTL,VGB,_T,_T,_T,_Z,_Z,_Z,2017,A,PS,
432772,P1Y,0,,A,PU,_Z,2,,,False,WB_WDI,WB_WDI_SP_POP_TOTL,BRN,_T,_T,_T,_Z,_Z,_Z,2017,A,PS,
6803468,P1Y,0,,A,PU,_Z,2,,,False,WB_WDI,WB_WDI_SP_POP_TOTL,BGR,_T,_T,_T,_Z,_Z,_Z,2017,A,PS,
48131078,P1Y,0,,A,PU,_Z,2,,,False,WB_WDI,WB_WDI_SP_POP_TOTL,COL,_T,_T,_T,_Z,_Z,_Z,2017,A,PS,
756669,P1Y,0,,A,PU,_Z,2,,,False,WB_WDI,WB_WDI_SP_POP_TOTL,COM,_T,_T,_T,_Z,_Z,_Z,2017,A,PS,
87083398,P1Y,0,,A,PU,_Z,2,,,False,WB_WDI,WB_WDI_SP_POP_TOTL,COD,_T,_T,_T,_Z,_Z,_Z,2017,A,PS,
5351011,P1Y,0,,A,PU,_Z,2,,,False,WB_WDI,WB_WDI_SP_POP_TOTL,COG,_T,_T,_T,_Z,_Z,_Z,2017,A,PS,
4913177,P1Y,0,,A,PU,_Z,2,,,False,WB_WDI,WB_WDI_SP_POP_TOTL,CRI,_T,_T,_T,_Z,_Z,_Z,2017,A,PS,
26733372,P1Y,0,,A,PU,_Z,2,,,False,WB_WDI,WB_WDI_SP_POP_TOTL,CIV,_T,_T,_T,_Z,_Z,_Z,2017,A,PS,
4041407,P1Y,0,,A,PU,_Z,2,,,False,WB_WDI,WB_WDI_SP_POP_TOTL,HRV,_T,_T,_T,_Z,_Z,_Z,2017,A,PS,
11247829,P1Y,0,,A,PU,_Z,2,,,False,WB_WDI,WB_WDI_SP_POP_TOTL,CUB,_T,_T,_T,_Z,_Z,_Z,2017,A,PS,
160175,P1Y,0,,A,PU,_Z,2,,,False,WB_WDI,WB_WDI_SP_POP_TOTL,CUW,_T,_T,_T,_Z,_Z,_Z,2017,A,PS,
1254275,P1Y,0,,A,PU,_Z,2,,,False,WB_WDI,WB_WDI_SP_POP_TOTL,CYP,_T,_T,_T,_Z,_Z,_Z,2017,A,PS,
10594438,P1Y,0,,A,PU,_Z,2,,,False,WB_WDI,WB_WDI_SP_POP_TOTL,CZE,_T,_T,_T,_Z,_Z,_Z,2017,A,PS,
19577845,P1Y,0,,A,PU,_Z,2,,,False,WB_WDI,WB_WDI_SP_POP_TOTL,SYR,_T,_T,_T,_Z,_Z,_Z,2018,A,PS,
9307333,P1Y,0,,A,PU,_Z,2,,,False,WB_WDI,WB_WDI_SP_POP_TOTL,TJK,_T,_T,_T,_Z,_Z,_Z,2018,A,PS,
57437145,P1Y,0,,A,PU,_Z,2,,,False,WB_WDI,WB_WDI_SP_POP_TOTL,TZA,_T,_T,_T,_Z,_Z,_Z,2018,A,PS,
71376079,P1Y,0,,A,PU,_Z,2,,,False,WB_WDI,WB_WDI_SP_POP_TOTL,THA,_T,_T,_T,_Z,_Z,_Z,2018,A,PS,
1275959,P1Y,0,,A,PU,_Z,2,,,False,WB_WDI,WB_WDI_SP_POP_TOTL,TLS,_T,_T,_T,_Z,_Z,_Z,2018,A,PS,
7458206,P1Y,0,,A,PU,_Z,2,,,False,WB_WDI,WB_WDI_SP_POP_TOTL,TGO,_T,_T,_T,_Z,_Z,_Z,2018,A,PS,
105567,P1Y,0,,A,PU,_Z,2,,,False,WB_WDI,WB_WDI_SP_POP_TOTL,TON,_T,_T,_T,_Z,_Z,_Z,2018,A,PS,
1359193,P1Y,0,,A,PU,_Z,2,,,False,WB_WDI,WB_WDI_SP_POP_TOTL,TTO,_T,_T,_T,_Z,_Z,_Z,2018,A,PS,
11765514,P1Y,0,,A,PU,_Z,2,,,False,WB_WDI,WB_WDI_SP_POP_TOTL,TUN,_T,_T,_T,_Z,_Z,_Z,2018,A,PS,
81407204,P1Y,0,,A,PU,_Z,2,,,False,WB_WDI,WB_WDI_SP_POP_TOTL,TUR,_T,_T,_T,_Z,_Z,_Z,2018,A,PS,
6655524,P1Y,0,,A,PU,_Z,2,,,False,WB_WDI,WB_WDI_SP_POP_TOTL,TKM,_T,_T,_T,_Z,_Z,_Z,2018,A,PS,
41559,P1Y,0,,A,PU,_Z,2,,,False,WB_WDI,WB_WDI_SP_POP_TOTL,TCA,_T,_T,_T,_Z,_Z,_Z,2018,A,PS,
122251351,P1Y,0,,A,PU,_Z,2,,,False,WB_WDI,WB_WDI_SP_POP_TOTL,MEX,_T,_T,_T,_Z,_Z,_Z,2016,A,PS,
109075,P1Y,0,,A,PU,_Z,2,,,False,WB_WDI,WB_WDI_SP_POP_TOTL,FSM,_T,_T,_T,_Z,_Z,_Z,2016,A,PS,
2803186,P1Y,0,,A,PU,_Z,2,,,False,WB_WDI,WB_WDI_SP_POP_TOTL,MDA,_T,_T,_T,_Z,_Z,_Z,2016,A,PS,
37276,P1Y,0,,A,PU,_Z,2,,,False,WB_WDI,WB_WDI_SP_POP_TOTL,MCO,_T,_T,_T,_Z,_Z,_Z,2016,A,PS,
3088856,P1Y,0,,A,PU,_Z,2,,,False,WB_WDI,WB_WDI_SP_POP_TOTL,MNG,_T,_T,_T,_Z,_Z,_Z,2016,A,PS,
625353,P1Y,0,,A,PU,_Z,2,,,False,WB_WDI,WB_WDI_SP_POP_TOTL,MNE,_T,_T,_T,_Z,_Z,_Z,2016,A,PS,
35023457,P1Y,0,,A,PU,_Z,2,,,False,WB_WDI,WB_WDI_SP_POP_TOTL,MAR,_T,_T,_T,_Z,_Z,_Z,2016,A,PS,
27337105,P1Y,0,,A,PU,_Z,2,,,False,WB_WDI,WB_WDI_SP_POP_TOTL,MOZ,_T,_T,_T,_Z,_Z,_Z,2016,A,PS,
51495696,P1Y,0,,A,PU,_Z,2,,,False,WB_WDI,WB_WDI_SP_POP_TOTL,MMR,_T,_T,_T,_Z,_Z,_Z,2016,A,PS,
2439213,P1Y,0,,A,PU,_Z,2,,,False,WB_WDI,WB_WDI_SP_POP_TOTL,NAM,_T,_T,_T,_Z,_Z,_Z,2016,A,PS,
11150,P1Y,0,,A,PU,_Z,2,,,False,WB_WDI,WB_WDI_SP_POP_TOTL,NRU,_T,_T,_T,_Z,_Z,_Z,2016,A,PS,
102591,P1Y,0,,A,PU,_Z,2,,,False,WB_WDI,WB_WDI_SP_POP_TOTL,ABW,_T,_T,_T,_Z,_Z,_Z,2011,A,PS,
22340024,P1Y,0,,A,PU,_Z,2,,,False,WB_WDI,WB_WDI_SP_POP_TOTL,AUS,_T,_T,_T,_Z,_Z,_Z,2011,A,PS,
8391643,P1Y,0,,A,PU,_Z,2,,,False,WB_WDI,WB_WDI_SP_POP_TOTL,AUT,_T,_T,_T,_Z,_Z,_Z,2011,A,PS,
9173082,P1Y,0,,A,PU,_Z,2,,,False,WB_WDI,WB_WDI_SP_POP_TOTL,AZE,_T,_T,_T,_Z,_Z,_Z,2011,A,PS,
371729,P1Y,0,,A,PU,_Z,2,,,False,WB_WDI,WB_WDI_SP_POP_TOTL,BHS,_T,_T,_T,_Z,_Z,_Z,2011,A,PS,
1195020,P1Y,0,,A,PU,_Z,2,,,False,WB_WDI,WB_WDI_SP_POP_TOTL,BHR,_T,_T,_T,_Z,_Z,_Z,2011,A,PS,
153591076,P1Y,0,,A,PU,_Z,2,,,False,WB_WDI,WB_WDI_SP_POP_TOTL,BGD,_T,_T,_T,_Z,_Z,_Z,2011,A,PS,
276139,P1Y,0,,A,PU,_Z,2,,,False,WB_WDI,WB_WDI_SP_POP_TOTL,BRB,_T,_T,_T,_Z,_Z,_Z,2011,A,PS,
9461643,P1Y,0,,A,PU,_Z,2,,,False,WB_WDI,WB_WDI_SP_POP_TOTL,BLR,_T,_T,_T,_Z,_Z,_Z,2011,A,PS,
11038264,P1Y,0,,A,PU,_Z,2,,,False,WB_WDI,WB_WDI_SP_POP_TOTL,BEL,_T,_T,_T,_Z,_Z,_Z,2011,A,PS,
327298,P1Y,0,,A,PU,_Z,2,,,False,WB_WDI,WB_WDI_SP_POP_TOTL,BLZ,_T,_T,_T,_Z,_Z,_Z,2011,A,PS,
298744790,P1Y,0,,A,PU,_Z,2,,,False,WB_WDI,WB_WDI_SP_POP_TOTL,AFW,_T,_T,_T,_Z,_Z,_Z,2003,A,PS,
307815105,P1Y,0,,A,PU,_Z,2,,,False,WB_WDI,WB_WDI_SP_POP_TOTL,ARB,_T,_T,_T,_Z,_Z,_Z,2003,A,PS,
4050990,P1Y,0,,A,PU,_Z,2,,,False,WB_WDI,WB_WDI_SP_POP_TOTL,CSS,_T,_T,_T,_Z,_Z,_Z,2003,A,PS,
106624167,P1Y,0,,A,PU,_Z,2,,,False,WB_WDI,WB_WDI_SP_POP_TOTL,CEB,_T,_T,_T,_Z,_Z,_Z,2003,A,PS,
2647109296,P1Y,0,,A,PU,_Z,2,,,False,WB_WDI,WB_WDI_SP_POP_TOTL,EAR,_T,_T,_T,_Z,_Z,_Z,2003,A,PS,
2102761941,P1Y,0,,A,PU,_Z,2,,,False,WB_WDI,WB_WDI_SP_POP_TOTL,EAS,_T,_T,_T,_Z,_Z,_Z,2003,A,PS,
1868409996,P1Y,0,,A,PU,_Z,2,,,False,WB_WDI,WB_WDI_SP_POP_TOTL,EAP,_T,_T,_T,_Z,_Z,_Z,2003,A,PS,
1844349334,P1Y,0,,A,PU,_Z,2,,,False,WB_WDI,WB_WDI_SP_POP_TOTL,TEA,_T,_T,_T,_Z,_Z,_Z,2003,A,PS,
338061667,P1Y,0,,A,PU,_Z,2,,,False,WB_WDI,WB_WDI_SP_POP_TOTL,EMU,_T,_T,_T,_Z,_Z,_Z,2003,A,PS,
870529446,P1Y,0,,A,PU,_Z,2,,,False,WB_WDI,WB_WDI_SP_POP_TOTL,ECS,_T,_T,_T,_Z,_Z,_Z,2003,A,PS,
221399692,P1Y,0,,A,PU,_Z,2,,,False,WB_WDI,WB_WDI_SP_POP_TOTL,ECA,_T,_T,_T,_Z,_Z,_Z,2003,A,PS,
437905932,P1Y,0,,A,PU,_Z,2,,,False,WB_WDI,WB_WDI_SP_POP_TOTL,TEC,_T,_T,_T,_Z,_Z,_Z,2003,A,PS,
432512916,P1Y,0,,A,PU,_Z,2,,,False,WB_WDI,WB_WDI_SP_POP_TOTL,EUU,_T,_T,_T,_Z,_Z,_Z,2003,A,PS,
524375932,P1Y,0,,A,PU,_Z,2,,,False,WB_WDI,WB_WDI_SP_POP_TOTL,HPC,_T,_T,_T,_Z,_Z,_Z,2003,A,PS,
1275200577,P1Y,0,,A,PU,_Z,2,,,False,WB_WDI,WB_WDI_SP_POP_TOTL,HIC,_T,_T,_T,_Z,_Z,_Z,2003,A,PS,
471363220,P1Y,0,,A,PU,_Z,2,,,False,WB_WDI,WB_WDI_SP_POP_TOTL,LIC,_T,_T,_T,_Z,_Z,_Z,2007,A,PS,
2252804798,P1Y,0,,A,PU,_Z,2,,,False,WB_WDI,WB_WDI_SP_POP_TOTL,LMC,_T,_T,_T,_Z,_Z,_Z,2007,A,PS,
583743828,P1Y,0,,A,PU,_Z,2,,,False,WB_WDI,WB_WDI_SP_POP_TOTL,MEA,_T,_T,_T,_Z,_Z,_Z,2007,A,PS,
540838105,P1Y,0,,A,PU,_Z,2,,,False,WB_WDI,WB_WDI_SP_POP_TOTL,MNA,_T,_T,_T,_Z,_Z,_Z,2007,A,PS,
537343609,P1Y,0,,A,PU,_Z,2,,,False,WB_WDI,WB_WDI_SP_POP_TOTL,TMN,_T,_T,_T,_Z,_Z,_Z,2007,A,PS,
4967108168,P1Y,0,,A,PU,_Z,2,,,False,WB_WDI,WB_WDI_SP_POP_TOTL,MIC,_T,_T,_T,_Z,_Z,_Z,2007,A,PS,
334183103,P1Y,0,,A,PU,_Z,2,,,False,WB_WDI,WB_WDI_SP_POP_TOTL,NAC,_T,_T,_T,_Z,_Z,_Z,2007,A,PS,
1264728255,P1Y,0,,A,PU,_Z,2,,,False,WB_WDI,WB_WDI_SP_POP_TOTL,OED,_T,_T,_T,_Z,_Z,_Z,2007,A,PS,
10730365,P1Y,0,,A,PU,_Z,2,,,False,WB_WDI,WB_WDI_SP_POP_TOTL,OSS,_T,_T,_T,_Z,_Z,_Z,2007,A,PS,
2218230,P1Y,0,,A,PU,_Z,2,,,False,WB_WDI,WB_WDI_SP_POP_TOTL,PSS,_T,_T,_T,_Z,_Z,_Z,2007,A,PS,
1059147302,P1Y,0,,A,PU,_Z,2,,,False,WB_WDI,WB_WDI_SP_POP_TOTL,PST,_T,_T,_T,_Z,_Z,_Z,2007,A,PS,
688282695,P1Y,0,,A,PU,_Z,2,,,False,WB_WDI,WB_WDI_SP_POP_TOTL,PRE,_T,_T,_T,_Z,_Z,_Z,2007,A,PS,
17047450,P1Y,0,,A,PU,_Z,2,,,False,WB_WDI,WB_WDI_SP_POP_TOTL,SST,_T,_T,_T,_Z,_Z,_Z,2007,A,PS,
42570728,P1Y,0,,A,PU,_Z,2,,,False,WB_WDI,WB_WDI_SP_POP_TOTL,TZA,_T,_T,_T,_Z,_Z,_Z,2008,A,PS,
67619830,P1Y,0,,A,PU,_Z,2,,,False,WB_WDI,WB_WDI_SP_POP_TOTL,THA,_T,_T,_T,_Z,_Z,_Z,2008,A,PS,
1032429,P1Y,0,,A,PU,_Z,2,,,False,WB_WDI,WB_WDI_SP_POP_TOTL,TLS,_T,_T,_T,_Z,_Z,_Z,2008,A,PS,
5936138,P1Y,0,,A,PU,_Z,2,,,False,WB_WDI,WB_WDI_SP_POP_TOTL,TGO,_T,_T,_T,_Z,_Z,_Z,2008,A,PS,
107020,P1Y,0,,A,PU,_Z,2,,,False,WB_WDI,WB_WDI_SP_POP_TOTL,TON,_T,_T,_T,_Z,_Z,_Z,2008,A,PS,
1308587,P1Y,0,,A,PU,_Z,2,,,False,WB_WDI,WB_WDI_SP_POP_TOTL,TTO,_T,_T,_T,_Z,_Z,_Z,2008,A,PS,
10542635,P1Y,0,,A,PU,_Z,2,,,False,WB_WDI,WB_WDI_SP_POP_TOTL,TUN,_T,_T,_T,_Z,_Z,_Z,2008,A,PS,
71051678,P1Y,0,,A,PU,_Z,2,,,False,WB_WDI,WB_WDI_SP_POP_TOTL,TUR,_T,_T,_T,_Z,_Z,_Z,2008,A,PS,
5345029,P1Y,0,,A,PU,_Z,2,,,False,WB_WDI,WB_WDI_SP_POP_TOTL,TKM,_T,_T,_T,_Z,_Z,_Z,2008,A,PS,
27427,P1Y,0,,A,PU,_Z,2,,,False,WB_WDI,WB_WDI_SP_POP_TOTL,TCA,_T,_T,_T,_Z,_Z,_Z,2008,A,PS,
10321,P1Y,0,,A,PU,_Z,2,,,False,WB_WDI,WB_WDI_SP_POP_TOTL,TUV,_T,_T,_T,_Z,_Z,_Z,2008,A,PS,
30539553,P1Y,0,,A,PU,_Z,2,,,False,WB_WDI,WB_WDI_SP_POP_TOTL,UGA,_T,_T,_T,_Z,_Z,_Z,2008,A,PS,
46819175,P1Y,0,,A,PU,_Z,2,,,False,WB_WDI,WB_WDI_SP_POP_TOTL,UKR,_T,_T,_T,_Z,_Z,_Z,2008,A,PS,
31045366,P1Y,0,,A,PU,_Z,2,,,False,WB_WDI,WB_WDI_SP_POP_TOTL,IRQ,_T,_T,_T,_Z,_Z,_Z,2010,A,PS,
4560155,P1Y,0,,A,PU,_Z,2,,,False,WB_WDI,WB_WDI_SP_POP_TOTL,IRL,_T,_T,_T,_Z,_Z,_Z,2010,A,PS,
83873,P1Y,0,,A,PU,_Z,2,,,False,WB_WDI,WB_WDI_SP_POP_TOTL,IMN,_T,_T,_T,_Z,_Z,_Z,2010,A,PS,
7623600,P1Y,0,,A,PU,_Z,2,,,False,WB_WDI,WB_WDI_SP_POP_TOTL,ISR,_T,_T,_T,_Z,_Z,_Z,2010,A,PS,
59819407,P1Y,0,,A,PU,_Z,2,,,False,WB_WDI,WB_WDI_SP_POP_TOTL,ITA,_T,_T,_T,_Z,_Z,_Z,2010,A,PS,
2748568,P1Y,0,,A,PU,_Z,2,,,False,WB_WDI,WB_WDI_SP_POP_TOTL,JAM,_T,_T,_T,_Z,_Z,_Z,2010,A,PS,
128070000,P1Y,0,,A,PU,_Z,2,,,False,WB_WDI,WB_WDI_SP_POP_TOTL,JPN,_T,_T,_T,_Z,_Z,_Z,2010,A,PS,
7297043,P1Y,0,,A,PU,_Z,2,,,False,WB_WDI,WB_WDI_SP_POP_TOTL,JOR,_T,_T,_T,_Z,_Z,_Z,2010,A,PS,
16836810,P1Y,0,,A,PU,_Z,2,,,False,WB_WDI,WB_WDI_SP_POP_TOTL,KAZ,_T,_T,_T,_Z,_Z,_Z,2010,A,PS,
41598567,P1Y,0,,A,PU,_Z,2,,,False,WB_WDI,WB_WDI_SP_POP_TOTL,KEN,_T,_T,_T,_Z,_Z,_Z,2010,A,PS,
108704,P1Y,0,,A,PU,_Z,2,,,False,WB_WDI,WB_WDI_SP_POP_TOTL,KIR,_T,_T,_T,_Z,_Z,_Z,2010,A,PS,
24987258,P1Y,0,,A,PU,_Z,2,,,False,WB_WDI,WB_WDI_SP_POP_TOTL,PRK,_T,_T,_T,_Z,_Z,_Z,2010,A,PS,
150960,P1Y,0,,A,PU,_Z,2,,,False,WB_WDI,WB_WDI_SP_POP_TOTL,CHI,_T,_T,_T,_Z,_Z,_Z,2003,A,PS,
16024752,P1Y,0,,A,PU,_Z,2,,,False,WB_WDI,WB_WDI_SP_POP_TOTL,CHL,_T,_T,_T,_Z,_Z,_Z,2003,A,PS,
1288400000,P1Y,0,,A,PU,_Z,2,,,False,WB_WDI,WB_WDI_SP_POP_TOTL,CHN,_T,_T,_T,_Z,_Z,_Z,2003,A,PS,
40937429,P1Y,0,,A,PU,_Z,2,,,False,WB_WDI,WB_WDI_SP_POP_TOTL,COL,_T,_T,_T,_Z,_Z,_Z,2003,A,PS,
569798,P1Y,0,,A,PU,_Z,2,,,False,WB_WDI,WB_WDI_SP_POP_TOTL,COM,_T,_T,_T,_Z,_Z,_Z,2003,A,PS,
55343867,P1Y,0,,A,PU,_Z,2,,,False,WB_WDI,WB_WDI_SP_POP_TOTL,COD,_T,_T,_T,_Z,_Z,_Z,2003,A,PS,
3445753,P1Y,0,,A,PU,_Z,2,,,False,WB_WDI,WB_WDI_SP_POP_TOTL,COG,_T,_T,_T,_Z,_Z,_Z,2003,A,PS,
4138784,P1Y,0,,A,PU,_Z,2,,,False,WB_WDI,WB_WDI_SP_POP_TOTL,CRI,_T,_T,_T,_Z,_Z,_Z,2003,A,PS,
19125542,P1Y,0,,A,PU,_Z,2,,,False,WB_WDI,WB_WDI_SP_POP_TOTL,CIV,_T,_T,_T,_Z,_Z,_Z,2003,A,PS,
4303399,P1Y,0,,A,PU,_Z,2,,,False,WB_WDI,WB_WDI_SP_POP_TOTL,HRV,_T,_T,_T,_Z,_Z,_Z,2003,A,PS,
11209383,P1Y,0,,A,PU,_Z,2,,,False,WB_WDI,WB_WDI_SP_POP_TOTL,CUB,_T,_T,_T,_Z,_Z,_Z,2003,A,PS,
131897,P1Y,0,,A,PU,_Z,2,,,False,WB_WDI,WB_WDI_SP_POP_TOTL,CUW,_T,_T,_T,_Z,_Z,_Z,2003,A,PS,
999590,P1Y,0,,A,PU,_Z,2,,,False,WB_WDI,WB_WDI_SP_POP_TOTL,CYP,_T,_T,_T,_Z,_Z,_Z,2003,A,PS,
4765773411,P1Y,0,,A,PU,_Z,2,,,False,WB_WDI,WB_WDI_SP_POP_TOTL,IBD,_T,_T,_T,_Z,_Z,_Z,2017,A,PS,
6439279067,P1Y,0,,A,PU,_Z,2,,,False,WB_WDI,WB_WDI_SP_POP_TOTL,IBT,_T,_T,_T,_Z,_Z,_Z,2017,A,PS,
590024074,P1Y,0,,A,PU,_Z,2,,,False,WB_WDI,WB_WDI_SP_POP_TOTL,IDB,_T,_T,_T,_Z,_Z,_Z,2017,A,PS,
1083481582,P1Y,0,,A,PU,_Z,2,,,False,WB_WDI,WB_WDI_SP_POP_TOTL,IDX,_T,_T,_T,_Z,_Z,_Z,2017,A,PS,
1673505656,P1Y,0,,A,PU,_Z,2,,,False,WB_WDI,WB_WDI_SP_POP_TOTL,IDA,_T,_T,_T,_Z,_Z,_Z,2017,A,PS,
2285870134,P1Y,0,,A,PU,_Z,2,,,False,WB_WDI,WB_WDI_SP_POP_TOTL,LTE,_T,_T,_T,_Z,_Z,_Z,2017,A,PS,
630414986,P1Y,0,,A,PU,_Z,2,,,False,WB_WDI,WB_WDI_SP_POP_TOTL,LCN,_T,_T,_T,_Z,_Z,_Z,2017,A,PS,
592522502,P1Y,0,,A,PU,_Z,2,,,False,WB_WDI,WB_WDI_SP_POP_TOTL,LAC,_T,_T,_T,_Z,_Z,_Z,2017,A,PS,
614776664,P1Y,0,,A,PU,_Z,2,,,False,WB_WDI,WB_WDI_SP_POP_TOTL,TLA,_T,_T,_T,_Z,_Z,_Z,2017,A,PS,
1008260714,P1Y,0,,A,PU,_Z,2,,,False,WB_WDI,WB_WDI_SP_POP_TOTL,LDC,_T,_T,_T,_Z,_Z,_Z,2017,A,PS,
6233470764,P1Y,0,,A,PU,_Z,2,,,False,WB_WDI,WB_WDI_SP_POP_TOTL,LMY,_T,_T,_T,_Z,_Z,_Z,2017,A,PS,
616499860,P1Y,0,,A,PU,_Z,2,,,False,WB_WDI,WB_WDI_SP_POP_TOTL,LIC,_T,_T,_T,_Z,_Z,_Z,2017,A,PS,
506953,P1Y,0,,A,PU,_Z,2,,,False,WB_WDI,WB_WDI_SP_POP_TOTL,LUX,_T,_T,_T,_Z,_Z,_Z,2010,A,PS,
537000,P1Y,0,,A,PU,_Z,2,,,False,WB_WDI,WB_WDI_SP_POP_TOTL,MAC,_T,_T,_T,_Z,_Z,_Z,2010,A,PS,
22183340,P1Y,0,,A,PU,_Z,2,,,False,WB_WDI,WB_WDI_SP_POP_TOTL,MDG,_T,_T,_T,_Z,_Z,_Z,2010,A,PS,
14826463,P1Y,0,,A,PU,_Z,2,,,False,WB_WDI,WB_WDI_SP_POP_TOTL,MWI,_T,_T,_T,_Z,_Z,_Z,2010,A,PS,
28655776,P1Y,0,,A,PU,_Z,2,,,False,WB_WDI,WB_WDI_SP_POP_TOTL,MYS,_T,_T,_T,_Z,_Z,_Z,2010,A,PS,
360792,P1Y,0,,A,PU,_Z,2,,,False,WB_WDI,WB_WDI_SP_POP_TOTL,MDV,_T,_T,_T,_Z,_Z,_Z,2010,A,PS,
15945198,P1Y,0,,A,PU,_Z,2,,,False,WB_WDI,WB_WDI_SP_POP_TOTL,MLI,_T,_T,_T,_Z,_Z,_Z,2010,A,PS,
414508,P1Y,0,,A,PU,_Z,2,,,False,WB_WDI,WB_WDI_SP_POP_TOTL,MLT,_T,_T,_T,_Z,_Z,_Z,2010,A,PS,
52044,P1Y,0,,A,PU,_Z,2,,,False,WB_WDI,WB_WDI_SP_POP_TOTL,MHL,_T,_T,_T,_Z,_Z,_Z,2010,A,PS,
3390965,P1Y,0,,A,PU,_Z,2,,,False,WB_WDI,WB_WDI_SP_POP_TOTL,MRT,_T,_T,_T,_Z,_Z,_Z,2010,A,PS,
1250400,P1Y,0,,A,PU,_Z,2,,,False,WB_WDI,WB_WDI_SP_POP_TOTL,MUS,_T,_T,_T,_Z,_Z,_Z,2010,A,PS,
2738846905,P1Y,0,,A,PU,_Z,2,,,False,WB_WDI,WB_WDI_SP_POP_TOTL,EAR,_T,_T,_T,_Z,_Z,_Z,2005,A,PS,
2134573057,P1Y,0,,A,PU,_Z,2,,,False,WB_WDI,WB_WDI_SP_POP_TOTL,EAS,_T,_T,_T,_Z,_Z,_Z,2005,A,PS,
1898853723,P1Y,0,,A,PU,_Z,2,,,False,WB_WDI,WB_WDI_SP_POP_TOTL,EAP,_T,_T,_T,_Z,_Z,_Z,2005,A,PS,
1874487158,P1Y,0,,A,PU,_Z,2,,,False,WB_WDI,WB_WDI_SP_POP_TOTL,TEA,_T,_T,_T,_Z,_Z,_Z,2005,A,PS,
341556724,P1Y,0,,A,PU,_Z,2,,,False,WB_WDI,WB_WDI_SP_POP_TOTL,EMU,_T,_T,_T,_Z,_Z,_Z,2005,A,PS,
875563919,P1Y,0,,A,PU,_Z,2,,,False,WB_WDI,WB_WDI_SP_POP_TOTL,ECS,_T,_T,_T,_Z,_Z,_Z,2005,A,PS,
223360135,P1Y,0,,A,PU,_Z,2,,,False,WB_WDI,WB_WDI_SP_POP_TOTL,ECA,_T,_T,_T,_Z,_Z,_Z,2005,A,PS,
438333196,P1Y,0,,A,PU,_Z,2,,,False,WB_WDI,WB_WDI_SP_POP_TOTL,TEC,_T,_T,_T,_Z,_Z,_Z,2005,A,PS,
435789139,P1Y,0,,A,PU,_Z,2,,,False,WB_WDI,WB_WDI_SP_POP_TOTL,EUU,_T,_T,_T,_Z,_Z,_Z,2005,A,PS,
554927452,P1Y,0,,A,PU,_Z,2,,,False,WB_WDI,WB_WDI_SP_POP_TOTL,HPC,_T,_T,_T,_Z,_Z,_Z,2005,A,PS,
1289125857,P1Y,0,,A,PU,_Z,2,,,False,WB_WDI,WB_WDI_SP_POP_TOTL,HIC,_T,_T,_T,_Z,_Z,_Z,2005,A,PS,
4214082145,P1Y,0,,A,PU,_Z,2,,,False,WB_WDI,WB_WDI_SP_POP_TOTL,IBD,_T,_T,_T,_Z,_Z,_Z,2005,A,PS,
5492049553,P1Y,0,,A,PU,_Z,2,,,False,WB_WDI,WB_WDI_SP_POP_TOTL,IBT,_T,_T,_T,_Z,_Z,_Z,2005,A,PS,
10581,P1Y,0,,A,PU,_Z,2,,,False,WB_WDI,WB_WDI_SP_POP_TOTL,TUV,_T,_T,_T,_Z,_Z,_Z,2019,A,PS,
42999637,P1Y,0,,A,PU,_Z,2,,,False,WB_WDI,WB_WDI_SP_POP_TOTL,UGA,_T,_T,_T,_Z,_Z,_Z,2019,A,PS,
44957458,P1Y,0,,A,PU,_Z,2,,,False,WB_WDI,WB_WDI_SP_POP_TOTL,UKR,_T,_T,_T,_Z,_Z,_Z,2019,A,PS,
9445785,P1Y,0,,A,PU,_Z,2,,,False,WB_WDI,WB_WDI_SP_POP_TOTL,ARE,_T,_T,_T,_Z,_Z,_Z,2019,A,PS,
66628000,P1Y,0,,A,PU,_Z,2,,,False,WB_WDI,WB_WDI_SP_POP_TOTL,GBR,_T,_T,_T,_Z,_Z,_Z,2019,A,PS,
330226227,P1Y,0,,A,PU,_Z,2,,,False,WB_WDI,WB_WDI_SP_POP_TOTL,USA,_T,_T,_T,_Z,_Z,_Z,2019,A,PS,
3397206,P1Y,0,,A,PU,_Z,2,,,False,WB_WDI,WB_WDI_SP_POP_TOTL,URY,_T,_T,_T,_Z,_Z,_Z,2019,A,PS,
32964701,P1Y,0,,A,PU,_Z,2,,,False,WB_WDI,WB_WDI_SP_POP_TOTL,UZB,_T,_T,_T,_Z,_Z,_Z,2019,A,PS,
291985,P1Y,0,,A,PU,_Z,2,,,False,WB_WDI,WB_WDI_SP_POP_TOTL,VUT,_T,_T,_T,_Z,_Z,_Z,2019,A,PS,
28938098,P1Y,0,,A,PU,_Z,2,,,False,WB_WDI,WB_WDI_SP_POP_TOTL,VEN,_T,_T,_T,_Z,_Z,_Z,2019,A,PS,
97173776,P1Y,0,,A,PU,_Z,2,,,False,WB_WDI,WB_WDI_SP_POP_TOTL,VNM,_T,_T,_T,_Z,_Z,_Z,2019,A,PS,
106669,P1Y,0,,A,PU,_Z,2,,,False,WB_WDI,WB_WDI_SP_POP_TOTL,VIR,_T,_T,_T,_Z,_Z,_Z,2019,A,PS,
485037568,P1Y,0,,A,PU,_Z,2,,,False,WB_WDI,WB_WDI_SP_POP_TOTL,LIC,_T,_T,_T,_Z,_Z,_Z,2008,A,PS,
2292423648,P1Y,0,,A,PU,_Z,2,,,False,WB_WDI,WB_WDI_SP_POP_TOTL,LMC,_T,_T,_T,_Z,_Z,_Z,2008,A,PS,
597799097,P1Y,0,,A,PU,_Z,2,,,False,WB_WDI,WB_WDI_SP_POP_TOTL,MEA,_T,_T,_T,_Z,_Z,_Z,2008,A,PS,
552681993,P1Y,0,,A,PU,_Z,2,,,False,WB_WDI,WB_WDI_SP_POP_TOTL,MNA,_T,_T,_T,_Z,_Z,_Z,2008,A,PS,
549090016,P1Y,0,,A,PU,_Z,2,,,False,WB_WDI,WB_WDI_SP_POP_TOTL,TMN,_T,_T,_T,_Z,_Z,_Z,2008,A,PS,
5030372259,P1Y,0,,A,PU,_Z,2,,,False,WB_WDI,WB_WDI_SP_POP_TOTL,MIC,_T,_T,_T,_Z,_Z,_Z,2008,A,PS,
337404564,P1Y,0,,A,PU,_Z,2,,,False,WB_WDI,WB_WDI_SP_POP_TOTL,NAC,_T,_T,_T,_Z,_Z,_Z,2008,A,PS,
1274711058,P1Y,0,,A,PU,_Z,2,,,False,WB_WDI,WB_WDI_SP_POP_TOTL,OED,_T,_T,_T,_Z,_Z,_Z,2008,A,PS,
10862640,P1Y,0,,A,PU,_Z,2,,,False,WB_WDI,WB_WDI_SP_POP_TOTL,OSS,_T,_T,_T,_Z,_Z,_Z,2008,A,PS,
2240739,P1Y,0,,A,PU,_Z,2,,,False,WB_WDI,WB_WDI_SP_POP_TOTL,PSS,_T,_T,_T,_Z,_Z,_Z,2008,A,PS,
1065603711,P1Y,0,,A,PU,_Z,2,,,False,WB_WDI,WB_WDI_SP_POP_TOTL,PST,_T,_T,_T,_Z,_Z,_Z,2008,A,PS,
708363596,P1Y,0,,A,PU,_Z,2,,,False,WB_WDI,WB_WDI_SP_POP_TOTL,PRE,_T,_T,_T,_Z,_Z,_Z,2008,A,PS,
17228345,P1Y,0,,A,PU,_Z,2,,,False,WB_WDI,WB_WDI_SP_POP_TOTL,SST,_T,_T,_T,_Z,_Z,_Z,2008,A,PS,
142849468,P1Y,0,,A,PU,_Z,2,,,False,WB_WDI,WB_WDI_SP_POP_TOTL,RUS,_T,_T,_T,_Z,_Z,_Z,2010,A,PS,
10317553,P1Y,0,,A,PU,_Z,2,,,False,WB_WDI,WB_WDI_SP_POP_TOTL,RWA,_T,_T,_T,_Z,_Z,_Z,2010,A,PS,
193023,P1Y,0,,A,PU,_Z,2,,,False,WB_WDI,WB_WDI_SP_POP_TOTL,WSM,_T,_T,_T,_Z,_Z,_Z,2010,A,PS,
33270,P1Y,0,,A,PU,_Z,2,,,False,WB_WDI,WB_WDI_SP_POP_TOTL,SMR,_T,_T,_T,_Z,_Z,_Z,2010,A,PS,
181802,P1Y,0,,A,PU,_Z,2,,,False,WB_WDI,WB_WDI_SP_POP_TOTL,STP,_T,_T,_T,_Z,_Z,_Z,2010,A,PS,
23978487,P1Y,0,,A,PU,_Z,2,,,False,WB_WDI,WB_WDI_SP_POP_TOTL,SAU,_T,_T,_T,_Z,_Z,_Z,2010,A,PS,
12635413,P1Y,0,,A,PU,_Z,2,,,False,WB_WDI,WB_WDI_SP_POP_TOTL,SEN,_T,_T,_T,_Z,_Z,_Z,2010,A,PS,
7291436,P1Y,0,,A,PU,_Z,2,,,False,WB_WDI,WB_WDI_SP_POP_TOTL,SRB,_T,_T,_T,_Z,_Z,_Z,2010,A,PS,
89770,P1Y,0,,A,PU,_Z,2,,,False,WB_WDI,WB_WDI_SP_POP_TOTL,SYC,_T,_T,_T,_Z,_Z,_Z,2010,A,PS,
6222714,P1Y,0,,A,PU,_Z,2,,,False,WB_WDI,WB_WDI_SP_POP_TOTL,SLE,_T,_T,_T,_Z,_Z,_Z,2010,A,PS,
5076732,P1Y,0,,A,PU,_Z,2,,,False,WB_WDI,WB_WDI_SP_POP_TOTL,SGP,_T,_T,_T,_Z,_Z,_Z,2010,A,PS,
33794,P1Y,0,,A,PU,_Z,2,,,False,WB_WDI,WB_WDI_SP_POP_TOTL,SXM,_T,_T,_T,_Z,_Z,_Z,2010,A,PS,
5391428,P1Y,0,,A,PU,_Z,2,,,False,WB_WDI,WB_WDI_SP_POP_TOTL,SVK,_T,_T,_T,_Z,_Z,_Z,2010,A,PS,
66567687,P1Y,0,,A,PU,_Z,2,,,False,WB_WDI,WB_WDI_SP_POP_TOTL,THA,_T,_T,_T,_Z,_Z,_Z,2006,A,PS,
976597,P1Y,0,,A,PU,_Z,2,,,False,WB_WDI,WB_WDI_SP_POP_TOTL,TLS,_T,_T,_T,_Z,_Z,_Z,2006,A,PS,
5569664,P1Y,0,,A,PU,_Z,2,,,False,WB_WDI,WB_WDI_SP_POP_TOTL,TGO,_T,_T,_T,_Z,_Z,_Z,2006,A,PS,
106253,P1Y,0,,A,PU,_Z,2,,,False,WB_WDI,WB_WDI_SP_POP_TOTL,TON,_T,_T,_T,_Z,_Z,_Z,2006,A,PS,
1297944,P1Y,0,,A,PU,_Z,2,,,False,WB_WDI,WB_WDI_SP_POP_TOTL,TTO,_T,_T,_T,_Z,_Z,_Z,2006,A,PS,
10346410,P1Y,0,,A,PU,_Z,2,,,False,WB_WDI,WB_WDI_SP_POP_TOTL,TUN,_T,_T,_T,_Z,_Z,_Z,2006,A,PS,
70045349,P1Y,0,,A,PU,_Z,2,,,False,WB_WDI,WB_WDI_SP_POP_TOTL,TUR,_T,_T,_T,_Z,_Z,_Z,2006,A,PS,
5147105,P1Y,0,,A,PU,_Z,2,,,False,WB_WDI,WB_WDI_SP_POP_TOTL,TKM,_T,_T,_T,_Z,_Z,_Z,2006,A,PS,
25123,P1Y,0,,A,PU,_Z,2,,,False,WB_WDI,WB_WDI_SP_POP_TOTL,TCA,_T,_T,_T,_Z,_Z,_Z,2006,A,PS,
10056,P1Y,0,,A,PU,_Z,2,,,False,WB_WDI,WB_WDI_SP_POP_TOTL,TUV,_T,_T,_T,_Z,_Z,_Z,2006,A,PS,
28794003,P1Y,0,,A,PU,_Z,2,,,False,WB_WDI,WB_WDI_SP_POP_TOTL,UGA,_T,_T,_T,_Z,_Z,_Z,2006,A,PS,
47278694,P1Y,0,,A,PU,_Z,2,,,False,WB_WDI,WB_WDI_SP_POP_TOTL,UKR,_T,_T,_T,_Z,_Z,_Z,2006,A,PS,
3345533,P1Y,0,,A,PU,_Z,2,,,False,WB_WDI,WB_WDI_SP_POP_TOTL,BIH,_T,_T,_T,_Z,_Z,_Z,2019,A,PS,
2332083,P1Y,0,,A,PU,_Z,2,,,False,WB_WDI,WB_WDI_SP_POP_TOTL,BWA,_T,_T,_T,_Z,_Z,_Z,2019,A,PS,
207455459,P1Y,0,,A,PU,_Z,2,,,False,WB_WDI,WB_WDI_SP_POP_TOTL,BRA,_T,_T,_T,_Z,_Z,_Z,2019,A,PS,
36395,P1Y,0,,A,PU,_Z,2,,,False,WB_WDI,WB_WDI_SP_POP_TOTL,VGB,_T,_T,_T,_Z,_Z,_Z,2019,A,PS,
442680,P1Y,0,,A,PU,_Z,2,,,False,WB_WDI,WB_WDI_SP_POP_TOTL,BRN,_T,_T,_T,_Z,_Z,_Z,2019,A,PS,
6616726,P1Y,0,,A,PU,_Z,2,,,False,WB_WDI,WB_WDI_SP_POP_TOTL,BGR,_T,_T,_T,_Z,_Z,_Z,2019,A,PS,
20961952,P1Y,0,,A,PU,_Z,2,,,False,WB_WDI,WB_WDI_SP_POP_TOTL,BFA,_T,_T,_T,_Z,_Z,_Z,2019,A,PS,
12255336,P1Y,0,,A,PU,_Z,2,,,False,WB_WDI,WB_WDI_SP_POP_TOTL,BDI,_T,_T,_T,_Z,_Z,_Z,2019,A,PS,
514104,P1Y,0,,A,PU,_Z,2,,,False,WB_WDI,WB_WDI_SP_POP_TOTL,CPV,_T,_T,_T,_Z,_Z,_Z,2019,A,PS,
16481304,P1Y,0,,A,PU,_Z,2,,,False,WB_WDI,WB_WDI_SP_POP_TOTL,KHM,_T,_T,_T,_Z,_Z,_Z,2019,A,PS,
25506095,P1Y,0,,A,PU,_Z,2,,,False,WB_WDI,WB_WDI_SP_POP_TOTL,CMR,_T,_T,_T,_Z,_Z,_Z,2019,A,PS,
916352,P1Y,0,,A,PU,_Z,2,,,False,WB_WDI,WB_WDI_SP_POP_TOTL,FJI,_T,_T,_T,_Z,_Z,_Z,2013,A,PS,
5438972,P1Y,0,,A,PU,_Z,2,,,False,WB_WDI,WB_WDI_SP_POP_TOTL,FIN,_T,_T,_T,_Z,_Z,_Z,2013,A,PS,
65997932,P1Y,0,,A,PU,_Z,2,,,False,WB_WDI,WB_WDI_SP_POP_TOTL,FRA,_T,_T,_T,_Z,_Z,_Z,2013,A,PS,
274728,P1Y,0,,A,PU,_Z,2,,,False,WB_WDI,WB_WDI_SP_POP_TOTL,PYF,_T,_T,_T,_Z,_Z,_Z,2013,A,PS,
1913059,P1Y,0,,A,PU,_Z,2,,,False,WB_WDI,WB_WDI_SP_POP_TOTL,GAB,_T,_T,_T,_Z,_Z,_Z,2013,A,PS,
2103820,P1Y,0,,A,PU,_Z,2,,,False,WB_WDI,WB_WDI_SP_POP_TOTL,GMB,_T,_T,_T,_Z,_Z,_Z,2013,A,PS,
3717668,P1Y,0,,A,PU,_Z,2,,,False,WB_WDI,WB_WDI_SP_POP_TOTL,GEO,_T,_T,_T,_Z,_Z,_Z,2013,A,PS,
80645605,P1Y,0,,A,PU,_Z,2,,,False,WB_WDI,WB_WDI_SP_POP_TOTL,DEU,_T,_T,_T,_Z,_Z,_Z,2013,A,PS,
27386193,P1Y,0,,A,PU,_Z,2,,,False,WB_WDI,WB_WDI_SP_POP_TOTL,GHA,_T,_T,_T,_Z,_Z,_Z,2013,A,PS,
32407,P1Y,0,,A,PU,_Z,2,,,False,WB_WDI,WB_WDI_SP_POP_TOTL,GIB,_T,_T,_T,_Z,_Z,_Z,2013,A,PS,
10965211,P1Y,0,,A,PU,_Z,2,,,False,WB_WDI,WB_WDI_SP_POP_TOTL,GRC,_T,_T,_T,_Z,_Z,_Z,2013,A,PS,
56483,P1Y,0,,A,PU,_Z,2,,,False,WB_WDI,WB_WDI_SP_POP_TOTL,GRL,_T,_T,_T,_Z,_Z,_Z,2013,A,PS,
10093623,P1Y,0,,A,PU,_Z,2,,,False,WB_WDI,WB_WDI_SP_POP_TOTL,BEN,_T,_T,_T,_Z,_Z,_Z,2011,A,PS,
63733,P1Y,0,,A,PU,_Z,2,,,False,WB_WDI,WB_WDI_SP_POP_TOTL,BMU,_T,_T,_T,_Z,_Z,_Z,2011,A,PS,
709377,P1Y,0,,A,PU,_Z,2,,,False,WB_WDI,WB_WDI_SP_POP_TOTL,BTN,_T,_T,_T,_Z,_Z,_Z,2011,A,PS,
10348929,P1Y,0,,A,PU,_Z,2,,,False,WB_WDI,WB_WDI_SP_POP_TOTL,BOL,_T,_T,_T,_Z,_Z,_Z,2011,A,PS,
3741798,P1Y,0,,A,PU,_Z,2,,,False,WB_WDI,WB_WDI_SP_POP_TOTL,BIH,_T,_T,_T,_Z,_Z,_Z,2011,A,PS,
2073535,P1Y,0,,A,PU,_Z,2,,,False,WB_WDI,WB_WDI_SP_POP_TOTL,BWA,_T,_T,_T,_Z,_Z,_Z,2011,A,PS,
195284734,P1Y,0,,A,PU,_Z,2,,,False,WB_WDI,WB_WDI_SP_POP_TOTL,BRA,_T,_T,_T,_Z,_Z,_Z,2011,A,PS,
28710,P1Y,0,,A,PU,_Z,2,,,False,WB_WDI,WB_WDI_SP_POP_TOTL,VGB,_T,_T,_T,_Z,_Z,_Z,2011,A,PS,
399389,P1Y,0,,A,PU,_Z,2,,,False,WB_WDI,WB_WDI_SP_POP_TOTL,BRN,_T,_T,_T,_Z,_Z,_Z,2011,A,PS,
7348328,P1Y,0,,A,PU,_Z,2,,,False,WB_WDI,WB_WDI_SP_POP_TOTL,BGR,_T,_T,_T,_Z,_Z,_Z,2011,A,PS,
16661908,P1Y,0,,A,PU,_Z,2,,,False,WB_WDI,WB_WDI_SP_POP_TOTL,BFA,_T,_T,_T,_Z,_Z,_Z,2011,A,PS,
9717978,P1Y,0,,A,PU,_Z,2,,,False,WB_WDI,WB_WDI_SP_POP_TOTL,BDI,_T,_T,_T,_Z,_Z,_Z,2011,A,PS,
2365894,P1Y,0,,A,PU,_Z,2,,,False,WB_WDI,WB_WDI_SP_POP_TOTL,BWA,_T,_T,_T,_Z,_Z,_Z,2020,A,PS,
208660842,P1Y,0,,A,PU,_Z,2,,,False,WB_WDI,WB_WDI_SP_POP_TOTL,BRA,_T,_T,_T,_Z,_Z,_Z,2020,A,PS,
37135,P1Y,0,,A,PU,_Z,2,,,False,WB_WDI,WB_WDI_SP_POP_TOTL,VGB,_T,_T,_T,_Z,_Z,_Z,2020,A,PS,
447404,P1Y,0,,A,PU,_Z,2,,,False,WB_WDI,WB_WDI_SP_POP_TOTL,BRN,_T,_T,_T,_Z,_Z,_Z,2020,A,PS,
6550696,P1Y,0,,A,PU,_Z,2,,,False,WB_WDI,WB_WDI_SP_POP_TOTL,BGR,_T,_T,_T,_Z,_Z,_Z,2020,A,PS,
21478690,P1Y,0,,A,PU,_Z,2,,,False,WB_WDI,WB_WDI_SP_POP_TOTL,BFA,_T,_T,_T,_Z,_Z,_Z,2020,A,PS,
12617036,P1Y,0,,A,PU,_Z,2,,,False,WB_WDI,WB_WDI_SP_POP_TOTL,BDI,_T,_T,_T,_Z,_Z,_Z,2020,A,PS,
514679,P1Y,0,,A,PU,_Z,2,,,False,WB_WDI,WB_WDI_SP_POP_TOTL,CPV,_T,_T,_T,_Z,_Z,_Z,2020,A,PS,
16725474,P1Y,0,,A,PU,_Z,2,,,False,WB_WDI,WB_WDI_SP_POP_TOTL,KHM,_T,_T,_T,_Z,_Z,_Z,2020,A,PS,
26210558,P1Y,0,,A,PU,_Z,2,,,False,WB_WDI,WB_WDI_SP_POP_TOTL,CMR,_T,_T,_T,_Z,_Z,_Z,2020,A,PS,
38028638,P1Y,0,,A,PU,_Z,2,,,False,WB_WDI,WB_WDI_SP_POP_TOTL,CAN,_T,_T,_T,_Z,_Z,_Z,2020,A,PS,
68684,P1Y,0,,A,PU,_Z,2,,,False,WB_WDI,WB_WDI_SP_POP_TOTL,CYM,_T,_T,_T,_Z,_Z,_Z,2020,A,PS,
20353534,P1Y,0,,A,PU,_Z,2,,,False,WB_WDI,WB_WDI_SP_POP_TOTL,SYR,_T,_T,_T,_Z,_Z,_Z,2019,A,PS,
9529966,P1Y,0,,A,PU,_Z,2,,,False,WB_WDI,WB_WDI_SP_POP_TOTL,TJK,_T,_T,_T,_Z,_Z,_Z,2019,A,PS,
59174891,P1Y,0,,A,PU,_Z,2,,,False,WB_WDI,WB_WDI_SP_POP_TOTL,TZA,_T,_T,_T,_Z,_Z,_Z,2019,A,PS,
71522271,P1Y,0,,A,PU,_Z,2,,,False,WB_WDI,WB_WDI_SP_POP_TOTL,THA,_T,_T,_T,_Z,_Z,_Z,2019,A,PS,
1300945,P1Y,0,,A,PU,_Z,2,,,False,WB_WDI,WB_WDI_SP_POP_TOTL,TLS,_T,_T,_T,_Z,_Z,_Z,2019,A,PS,
7619925,P1Y,0,,A,PU,_Z,2,,,False,WB_WDI,WB_WDI_SP_POP_TOTL,TGO,_T,_T,_T,_Z,_Z,_Z,2019,A,PS,
105669,P1Y,0,,A,PU,_Z,2,,,False,WB_WDI,WB_WDI_SP_POP_TOTL,TON,_T,_T,_T,_Z,_Z,_Z,2019,A,PS,
1363985,P1Y,0,,A,PU,_Z,2,,,False,WB_WDI,WB_WDI_SP_POP_TOTL,TTO,_T,_T,_T,_Z,_Z,_Z,2019,A,PS,
11875081,P1Y,0,,A,PU,_Z,2,,,False,WB_WDI,WB_WDI_SP_POP_TOTL,TUN,_T,_T,_T,_Z,_Z,_Z,2019,A,PS,
82579440,P1Y,0,,A,PU,_Z,2,,,False,WB_WDI,WB_WDI_SP_POP_TOTL,TUR,_T,_T,_T,_Z,_Z,_Z,2019,A,PS,
6803944,P1Y,0,,A,PU,_Z,2,,,False,WB_WDI,WB_WDI_SP_POP_TOTL,TKM,_T,_T,_T,_Z,_Z,_Z,2019,A,PS,
43166,P1Y,0,,A,PU,_Z,2,,,False,WB_WDI,WB_WDI_SP_POP_TOTL,TCA,_T,_T,_T,_Z,_Z,_Z,2019,A,PS,
7601022,P1Y,0,,A,PU,_Z,2,,,False,WB_WDI,WB_WDI_SP_POP_TOTL,BGR,_T,_T,_T,_Z,_Z,_Z,2006,A,PS,
14373707,P1Y,0,,A,PU,_Z,2,,,False,WB_WDI,WB_WDI_SP_POP_TOTL,BFA,_T,_T,_T,_Z,_Z,_Z,2006,A,PS,
7865547,P1Y,0,,A,PU,_Z,2,,,False,WB_WDI,WB_WDI_SP_POP_TOTL,BDI,_T,_T,_T,_Z,_Z,_Z,2006,A,PS,
490728,P1Y,0,,A,PU,_Z,2,,,False,WB_WDI,WB_WDI_SP_POP_TOTL,CPV,_T,_T,_T,_Z,_Z,_Z,2006,A,PS,
13639028,P1Y,0,,A,PU,_Z,2,,,False,WB_WDI,WB_WDI_SP_POP_TOTL,KHM,_T,_T,_T,_Z,_Z,_Z,2006,A,PS,
17550407,P1Y,0,,A,PU,_Z,2,,,False,WB_WDI,WB_WDI_SP_POP_TOTL,CMR,_T,_T,_T,_Z,_Z,_Z,2006,A,PS,
32571193,P1Y,0,,A,PU,_Z,2,,,False,WB_WDI,WB_WDI_SP_POP_TOTL,CAN,_T,_T,_T,_Z,_Z,_Z,2006,A,PS,
48232,P1Y,0,,A,PU,_Z,2,,,False,WB_WDI,WB_WDI_SP_POP_TOTL,CYM,_T,_T,_T,_Z,_Z,_Z,2006,A,PS,
4377579,P1Y,0,,A,PU,_Z,2,,,False,WB_WDI,WB_WDI_SP_POP_TOTL,CAF,_T,_T,_T,_Z,_Z,_Z,2006,A,PS,
10706424,P1Y,0,,A,PU,_Z,2,,,False,WB_WDI,WB_WDI_SP_POP_TOTL,TCD,_T,_T,_T,_Z,_Z,_Z,2006,A,PS,
154214,P1Y,0,,A,PU,_Z,2,,,False,WB_WDI,WB_WDI_SP_POP_TOTL,CHI,_T,_T,_T,_Z,_Z,_Z,2006,A,PS,
16509195,P1Y,0,,A,PU,_Z,2,,,False,WB_WDI,WB_WDI_SP_POP_TOTL,CHL,_T,_T,_T,_Z,_Z,_Z,2006,A,PS,
2456844,P1Y,0,,A,PU,_Z,2,,,False,WB_WDI,WB_WDI_SP_POP_TOTL,GMB,_T,_T,_T,_Z,_Z,_Z,2019,A,PS,
3720161,P1Y,0,,A,PU,_Z,2,,,False,WB_WDI,WB_WDI_SP_POP_TOTL,GEO,_T,_T,_T,_Z,_Z,_Z,2019,A,PS,
83092962,P1Y,0,,A,PU,_Z,2,,,False,WB_WDI,WB_WDI_SP_POP_TOTL,DEU,_T,_T,_T,_Z,_Z,_Z,2019,A,PS,
31258945,P1Y,0,,A,PU,_Z,2,,,False,WB_WDI,WB_WDI_SP_POP_TOTL,GHA,_T,_T,_T,_Z,_Z,_Z,2019,A,PS,
35494,P1Y,0,,A,PU,_Z,2,,,False,WB_WDI,WB_WDI_SP_POP_TOTL,GIB,_T,_T,_T,_Z,_Z,_Z,2019,A,PS,
10721582,P1Y,0,,A,PU,_Z,2,,,False,WB_WDI,WB_WDI_SP_POP_TOTL,GRC,_T,_T,_T,_Z,_Z,_Z,2019,A,PS,
56225,P1Y,0,,A,PU,_Z,2,,,False,WB_WDI,WB_WDI_SP_POP_TOTL,GRL,_T,_T,_T,_Z,_Z,_Z,2019,A,PS,
115981,P1Y,0,,A,PU,_Z,2,,,False,WB_WDI,WB_WDI_SP_POP_TOTL,GRD,_T,_T,_T,_Z,_Z,_Z,2019,A,PS,
161808,P1Y,0,,A,PU,_Z,2,,,False,WB_WDI,WB_WDI_SP_POP_TOTL,GUM,_T,_T,_T,_Z,_Z,_Z,2019,A,PS,
17103803,P1Y,0,,A,PU,_Z,2,,,False,WB_WDI,WB_WDI_SP_POP_TOTL,GTM,_T,_T,_T,_Z,_Z,_Z,2019,A,PS,
13034346,P1Y,0,,A,PU,_Z,2,,,False,WB_WDI,WB_WDI_SP_POP_TOTL,GIN,_T,_T,_T,_Z,_Z,_Z,2019,A,PS,
1967696,P1Y,0,,A,PU,_Z,2,,,False,WB_WDI,WB_WDI_SP_POP_TOTL,GNB,_T,_T,_T,_Z,_Z,_Z,2019,A,PS,
807665,P1Y,0,,A,PU,_Z,2,,,False,WB_WDI,WB_WDI_SP_POP_TOTL,GUY,_T,_T,_T,_Z,_Z,_Z,2019,A,PS,
10087065,P1Y,0,,A,PU,_Z,2,,,False,WB_WDI,WB_WDI_SP_POP_TOTL,HUN,_T,_T,_T,_Z,_Z,_Z,2005,A,PS,
296734,P1Y,0,,A,PU,_Z,2,,,False,WB_WDI,WB_WDI_SP_POP_TOTL,ISL,_T,_T,_T,_Z,_Z,_Z,2005,A,PS,
1154676322,P1Y,0,,A,PU,_Z,2,,,False,WB_WDI,WB_WDI_SP_POP_TOTL,IND,_T,_T,_T,_Z,_Z,_Z,2005,A,PS,
230871650,P1Y,0,,A,PU,_Z,2,,,False,WB_WDI,WB_WDI_SP_POP_TOTL,IDN,_T,_T,_T,_Z,_Z,_Z,2005,A,PS,
71828455,P1Y,0,,A,PU,_Z,2,,,False,WB_WDI,WB_WDI_SP_POP_TOTL,IRN,_T,_T,_T,_Z,_Z,_Z,2005,A,PS,
28407448,P1Y,0,,A,PU,_Z,2,,,False,WB_WDI,WB_WDI_SP_POP_TOTL,IRQ,_T,_T,_T,_Z,_Z,_Z,2005,A,PS,
4159914,P1Y,0,,A,PU,_Z,2,,,False,WB_WDI,WB_WDI_SP_POP_TOTL,IRL,_T,_T,_T,_Z,_Z,_Z,2005,A,PS,
79516,P1Y,0,,A,PU,_Z,2,,,False,WB_WDI,WB_WDI_SP_POP_TOTL,IMN,_T,_T,_T,_Z,_Z,_Z,2005,A,PS,
6930100,P1Y,0,,A,PU,_Z,2,,,False,WB_WDI,WB_WDI_SP_POP_TOTL,ISR,_T,_T,_T,_Z,_Z,_Z,2005,A,PS,
58166682,P1Y,0,,A,PU,_Z,2,,,False,WB_WDI,WB_WDI_SP_POP_TOTL,ITA,_T,_T,_T,_Z,_Z,_Z,2005,A,PS,
2687066,P1Y,0,,A,PU,_Z,2,,,False,WB_WDI,WB_WDI_SP_POP_TOTL,JAM,_T,_T,_T,_Z,_Z,_Z,2005,A,PS,
10358076,P1Y,0,,A,PU,_Z,2,,,False,WB_WDI,WB_WDI_SP_POP_TOTL,PRT,_T,_T,_T,_Z,_Z,_Z,2015,A,PS,
3535167,P1Y,0,,A,PU,_Z,2,,,False,WB_WDI,WB_WDI_SP_POP_TOTL,PRI,_T,_T,_T,_Z,_Z,_Z,2015,A,PS,
2344557,P1Y,0,,A,PU,_Z,2,,,False,WB_WDI,WB_WDI_SP_POP_TOTL,QAT,_T,_T,_T,_Z,_Z,_Z,2015,A,PS,
19815616,P1Y,0,,A,PU,_Z,2,,,False,WB_WDI,WB_WDI_SP_POP_TOTL,ROU,_T,_T,_T,_Z,_Z,_Z,2015,A,PS,
144640716,P1Y,0,,A,PU,_Z,2,,,False,WB_WDI,WB_WDI_SP_POP_TOTL,RUS,_T,_T,_T,_Z,_Z,_Z,2015,A,PS,
11640022,P1Y,0,,A,PU,_Z,2,,,False,WB_WDI,WB_WDI_SP_POP_TOTL,RWA,_T,_T,_T,_Z,_Z,_Z,2015,A,PS,
201782,P1Y,0,,A,PU,_Z,2,,,False,WB_WDI,WB_WDI_SP_POP_TOTL,WSM,_T,_T,_T,_Z,_Z,_Z,2015,A,PS,
32897,P1Y,0,,A,PU,_Z,2,,,False,WB_WDI,WB_WDI_SP_POP_TOTL,SMR,_T,_T,_T,_Z,_Z,_Z,2015,A,PS,
200291,P1Y,0,,A,PU,_Z,2,,,False,WB_WDI,WB_WDI_SP_POP_TOTL,STP,_T,_T,_T,_Z,_Z,_Z,2015,A,PS,
29816382,P1Y,0,,A,PU,_Z,2,,,False,WB_WDI,WB_WDI_SP_POP_TOTL,SAU,_T,_T,_T,_Z,_Z,_Z,2015,A,PS,
14593331,P1Y,0,,A,PU,_Z,2,,,False,WB_WDI,WB_WDI_SP_POP_TOTL,SEN,_T,_T,_T,_Z,_Z,_Z,2015,A,PS,
5200598,P1Y,0,,A,PU,_Z,2,,,False,WB_WDI,WB_WDI_SP_POP_TOTL,FIN,_T,_T,_T,_Z,_Z,_Z,2002,A,PS,
61812142,P1Y,0,,A,PU,_Z,2,,,False,WB_WDI,WB_WDI_SP_POP_TOTL,FRA,_T,_T,_T,_Z,_Z,_Z,2002,A,PS,
247775,P1Y,0,,A,PU,_Z,2,,,False,WB_WDI,WB_WDI_SP_POP_TOTL,PYF,_T,_T,_T,_Z,_Z,_Z,2002,A,PS,
1345135,P1Y,0,,A,PU,_Z,2,,,False,WB_WDI,WB_WDI_SP_POP_TOTL,GAB,_T,_T,_T,_Z,_Z,_Z,2002,A,PS,
1535691,P1Y,0,,A,PU,_Z,2,,,False,WB_WDI,WB_WDI_SP_POP_TOTL,GMB,_T,_T,_T,_Z,_Z,_Z,2002,A,PS,
3978515,P1Y,0,,A,PU,_Z,2,,,False,WB_WDI,WB_WDI_SP_POP_TOTL,GEO,_T,_T,_T,_Z,_Z,_Z,2002,A,PS,
82488495,P1Y,0,,A,PU,_Z,2,,,False,WB_WDI,WB_WDI_SP_POP_TOTL,DEU,_T,_T,_T,_Z,_Z,_Z,2002,A,PS,
20729388,P1Y,0,,A,PU,_Z,2,,,False,WB_WDI,WB_WDI_SP_POP_TOTL,GHA,_T,_T,_T,_Z,_Z,_Z,2002,A,PS,
27831,P1Y,0,,A,PU,_Z,2,,,False,WB_WDI,WB_WDI_SP_POP_TOTL,GIB,_T,_T,_T,_Z,_Z,_Z,2002,A,PS,
10902022,P1Y,0,,A,PU,_Z,2,,,False,WB_WDI,WB_WDI_SP_POP_TOTL,GRC,_T,_T,_T,_Z,_Z,_Z,2002,A,PS,
56595,P1Y,0,,A,PU,_Z,2,,,False,WB_WDI,WB_WDI_SP_POP_TOTL,GRL,_T,_T,_T,_Z,_Z,_Z,2002,A,PS,
108404,P1Y,0,,A,PU,_Z,2,,,False,WB_WDI,WB_WDI_SP_POP_TOTL,GRD,_T,_T,_T,_Z,_Z,_Z,2002,A,PS,
162315,P1Y,0,,A,PU,_Z,2,,,False,WB_WDI,WB_WDI_SP_POP_TOTL,GUM,_T,_T,_T,_Z,_Z,_Z,2002,A,PS,
12246915,P1Y,0,,A,PU,_Z,2,,,False,WB_WDI,WB_WDI_SP_POP_TOTL,GTM,_T,_T,_T,_Z,_Z,_Z,2002,A,PS,
8674066,P1Y,0,,A,PU,_Z,2,,,False,WB_WDI,WB_WDI_SP_POP_TOTL,GIN,_T,_T,_T,_Z,_Z,_Z,2002,A,PS,
6570000,P1Y,0,,A,PU,_Z,2,,,False,WB_WDI,WB_WDI_SP_POP_TOTL,ISR,_T,_T,_T,_Z,_Z,_Z,2002,A,PS,
57089824,P1Y,0,,A,PU,_Z,2,,,False,WB_WDI,WB_WDI_SP_POP_TOTL,ITA,_T,_T,_T,_Z,_Z,_Z,2002,A,PS,
2640572,P1Y,0,,A,PU,_Z,2,,,False,WB_WDI,WB_WDI_SP_POP_TOTL,JAM,_T,_T,_T,_Z,_Z,_Z,2002,A,PS,
127445000,P1Y,0,,A,PU,_Z,2,,,False,WB_WDI,WB_WDI_SP_POP_TOTL,JPN,_T,_T,_T,_Z,_Z,_Z,2002,A,PS,
5616066,P1Y,0,,A,PU,_Z,2,,,False,WB_WDI,WB_WDI_SP_POP_TOTL,JOR,_T,_T,_T,_Z,_Z,_Z,2002,A,PS,
15656677,P1Y,0,,A,PU,_Z,2,,,False,WB_WDI,WB_WDI_SP_POP_TOTL,KAZ,_T,_T,_T,_Z,_Z,_Z,2002,A,PS,
32629808,P1Y,0,,A,PU,_Z,2,,,False,WB_WDI,WB_WDI_SP_POP_TOTL,KEN,_T,_T,_T,_Z,_Z,_Z,2002,A,PS,
92264,P1Y,0,,A,PU,_Z,2,,,False,WB_WDI,WB_WDI_SP_POP_TOTL,KIR,_T,_T,_T,_Z,_Z,_Z,2002,A,PS,
23943973,P1Y,0,,A,PU,_Z,2,,,False,WB_WDI,WB_WDI_SP_POP_TOTL,PRK,_T,_T,_T,_Z,_Z,_Z,2002,A,PS,
47644736,P1Y,0,,A,PU,_Z,2,,,False,WB_WDI,WB_WDI_SP_POP_TOTL,KOR,_T,_T,_T,_Z,_Z,_Z,2002,A,PS,
1829462,P1Y,0,,A,PU,_Z,2,,,False,WB_WDI,WB_WDI_SP_POP_TOTL,XKX,_T,_T,_T,_Z,_Z,_Z,2002,A,PS,
2059974,P1Y,0,,A,PU,_Z,2,,,False,WB_WDI,WB_WDI_SP_POP_TOTL,KWT,_T,_T,_T,_Z,_Z,_Z,2002,A,PS,
4990704,P1Y,0,,A,PU,_Z,2,,,False,WB_WDI,WB_WDI_SP_POP_TOTL,KGZ,_T,_T,_T,_Z,_Z,_Z,2002,A,PS,
5610889,P1Y,0,,A,PU,_Z,2,,,False,WB_WDI,WB_WDI_SP_POP_TOTL,LAO,_T,_T,_T,_Z,_Z,_Z,2002,A,PS,
923660463,P1Y,0,,A,PU,_Z,2,,,False,WB_WDI,WB_WDI_SP_POP_TOTL,ECS,_T,_T,_T,_Z,_Z,_Z,2020,A,PS,
250351240,P1Y,0,,A,PU,_Z,2,,,False,WB_WDI,WB_WDI_SP_POP_TOTL,ECA,_T,_T,_T,_Z,_Z,_Z,2020,A,PS,
462842288,P1Y,0,,A,PU,_Z,2,,,False,WB_WDI,WB_WDI_SP_POP_TOTL,TEC,_T,_T,_T,_Z,_Z,_Z,2020,A,PS,
446870959,P1Y,0,,A,PU,_Z,2,,,False,WB_WDI,WB_WDI_SP_POP_TOTL,EUU,_T,_T,_T,_Z,_Z,_Z,2020,A,PS,
846861642,P1Y,0,,A,PU,_Z,2,,,False,WB_WDI,WB_WDI_SP_POP_TOTL,HPC,_T,_T,_T,_Z,_Z,_Z,2020,A,PS,
1393469256,P1Y,0,,A,PU,_Z,2,,,False,WB_WDI,WB_WDI_SP_POP_TOTL,HIC,_T,_T,_T,_Z,_Z,_Z,2020,A,PS,
4878296727,P1Y,0,,A,PU,_Z,2,,,False,WB_WDI,WB_WDI_SP_POP_TOTL,IBD,_T,_T,_T,_Z,_Z,_Z,2020,A,PS,
6665588686,P1Y,0,,A,PU,_Z,2,,,False,WB_WDI,WB_WDI_SP_POP_TOTL,IBT,_T,_T,_T,_Z,_Z,_Z,2020,A,PS,
626440308,P1Y,0,,A,PU,_Z,2,,,False,WB_WDI,WB_WDI_SP_POP_TOTL,IDB,_T,_T,_T,_Z,_Z,_Z,2020,A,PS,
1160851651,P1Y,0,,A,PU,_Z,2,,,False,WB_WDI,WB_WDI_SP_POP_TOTL,IDX,_T,_T,_T,_Z,_Z,_Z,2020,A,PS,
1787291959,P1Y,0,,A,PU,_Z,2,,,False,WB_WDI,WB_WDI_SP_POP_TOTL,IDA,_T,_T,_T,_Z,_Z,_Z,2020,A,PS,
2316152452,P1Y,0,,A,PU,_Z,2,,,False,WB_WDI,WB_WDI_SP_POP_TOTL,LTE,_T,_T,_T,_Z,_Z,_Z,2020,A,PS,
645498187,P1Y,0,,A,PU,_Z,2,,,False,WB_WDI,WB_WDI_SP_POP_TOTL,LCN,_T,_T,_T,_Z,_Z,_Z,2020,A,PS,
282336,P1Y,0,,A,PU,_Z,2,,,False,WB_WDI,WB_WDI_SP_POP_TOTL,BRB,_T,_T,_T,_Z,_Z,_Z,2023,A,PS,
9178298,P1Y,0,,A,PU,_Z,2,,,False,WB_WDI,WB_WDI_SP_POP_TOTL,BLR,_T,_T,_T,_Z,_Z,_Z,2023,A,PS,
11779946,P1Y,0,,A,PU,_Z,2,,,False,WB_WDI,WB_WDI_SP_POP_TOTL,BEL,_T,_T,_T,_Z,_Z,_Z,2023,A,PS,
411106,P1Y,0,,A,PU,_Z,2,,,False,WB_WDI,WB_WDI_SP_POP_TOTL,BLZ,_T,_T,_T,_Z,_Z,_Z,2023,A,PS,
14111034,P1Y,0,,A,PU,_Z,2,,,False,WB_WDI,WB_WDI_SP_POP_TOTL,BEN,_T,_T,_T,_Z,_Z,_Z,2023,A,PS,
64698,P1Y,0,,A,PU,_Z,2,,,False,WB_WDI,WB_WDI_SP_POP_TOTL,BMU,_T,_T,_T,_Z,_Z,_Z,2023,A,PS,
786385,P1Y,0,,A,PU,_Z,2,,,False,WB_WDI,WB_WDI_SP_POP_TOTL,BTN,_T,_T,_T,_Z,_Z,_Z,2023,A,PS,
12244159,P1Y,0,,A,PU,_Z,2,,,False,WB_WDI,WB_WDI_SP_POP_TOTL,BOL,_T,_T,_T,_Z,_Z,_Z,2023,A,PS,
3185073,P1Y,0,,A,PU,_Z,2,,,False,WB_WDI,WB_WDI_SP_POP_TOTL,BIH,_T,_T,_T,_Z,_Z,_Z,2023,A,PS,
2480244,P1Y,0,,A,PU,_Z,2,,,False,WB_WDI,WB_WDI_SP_POP_TOTL,BWA,_T,_T,_T,_Z,_Z,_Z,2023,A,PS,
211140729,P1Y,0,,A,PU,_Z,2,,,False,WB_WDI,WB_WDI_SP_POP_TOTL,BRA,_T,_T,_T,_Z,_Z,_Z,2023,A,PS,
38985,P1Y,0,,A,PU,_Z,2,,,False,WB_WDI,WB_WDI_SP_POP_TOTL,VGB,_T,_T,_T,_Z,_Z,_Z,2023,A,PS,
458949,P1Y,0,,A,PU,_Z,2,,,False,WB_WDI,WB_WDI_SP_POP_TOTL,BRN,_T,_T,_T,_Z,_Z,_Z,2023,A,PS,
66740000,P1Y,0,,A,PU,_Z,2,,,False,WB_WDI,WB_WDI_SP_POP_TOTL,GBR,_T,_T,_T,_Z,_Z,_Z,2020,A,PS,
331578104,P1Y,0,,A,PU,_Z,2,,,False,WB_WDI,WB_WDI_SP_POP_TOTL,USA,_T,_T,_T,_Z,_Z,_Z,2020,A,PS,
3398968,P1Y,0,,A,PU,_Z,2,,,False,WB_WDI,WB_WDI_SP_POP_TOTL,URY,_T,_T,_T,_Z,_Z,_Z,2020,A,PS,
33586372,P1Y,0,,A,PU,_Z,2,,,False,WB_WDI,WB_WDI_SP_POP_TOTL,UZB,_T,_T,_T,_Z,_Z,_Z,2020,A,PS,
298858,P1Y,0,,A,PU,_Z,2,,,False,WB_WDI,WB_WDI_SP_POP_TOTL,VUT,_T,_T,_T,_Z,_Z,_Z,2020,A,PS,
28444077,P1Y,0,,A,PU,_Z,2,,,False,WB_WDI,WB_WDI_SP_POP_TOTL,VEN,_T,_T,_T,_Z,_Z,_Z,2020,A,PS,
98079191,P1Y,0,,A,PU,_Z,2,,,False,WB_WDI,WB_WDI_SP_POP_TOTL,VNM,_T,_T,_T,_Z,_Z,_Z,2020,A,PS,
106290,P1Y,0,,A,PU,_Z,2,,,False,WB_WDI,WB_WDI_SP_POP_TOTL,VIR,_T,_T,_T,_Z,_Z,_Z,2020,A,PS,
4803269,P1Y,0,,A,PU,_Z,2,,,False,WB_WDI,WB_WDI_SP_POP_TOTL,PSE,_T,_T,_T,_Z,_Z,_Z,2020,A,PS,
36134863,P1Y,0,,A,PU,_Z,2,,,False,WB_WDI,WB_WDI_SP_POP_TOTL,YEM,_T,_T,_T,_Z,_Z,_Z,2020,A,PS,
19059395,P1Y,0,,A,PU,_Z,2,,,False,WB_WDI,WB_WDI_SP_POP_TOTL,ZMB,_T,_T,_T,_Z,_Z,_Z,2020,A,PS,
15526888,P1Y,0,,A,PU,_Z,2,,,False,WB_WDI,WB_WDI_SP_POP_TOTL,ZWE,_T,_T,_T,_Z,_Z,_Z,2020,A,PS,
164905,P1Y,0,,A,PU,_Z,2,,,False,WB_WDI,WB_WDI_SP_POP_TOTL,GUM,_T,_T,_T,_Z,_Z,_Z,2015,A,PS,
15971743,P1Y,0,,A,PU,_Z,2,,,False,WB_WDI,WB_WDI_SP_POP_TOTL,GTM,_T,_T,_T,_Z,_Z,_Z,2015,A,PS,
11767070,P1Y,0,,A,PU,_Z,2,,,False,WB_WDI,WB_WDI_SP_POP_TOTL,GIN,_T,_T,_T,_Z,_Z,_Z,2015,A,PS,
1786457,P1Y,0,,A,PU,_Z,2,,,False,WB_WDI,WB_WDI_SP_POP_TOTL,GNB,_T,_T,_T,_Z,_Z,_Z,2015,A,PS,
758781,P1Y,0,,A,PU,_Z,2,,,False,WB_WDI,WB_WDI_SP_POP_TOTL,GUY,_T,_T,_T,_Z,_Z,_Z,2015,A,PS,
10523242,P1Y,0,,A,PU,_Z,2,,,False,WB_WDI,WB_WDI_SP_POP_TOTL,HTI,_T,_T,_T,_Z,_Z,_Z,2015,A,PS,
9237305,P1Y,0,,A,PU,_Z,2,,,False,WB_WDI,WB_WDI_SP_POP_TOTL,HND,_T,_T,_T,_Z,_Z,_Z,2015,A,PS,
7291300,P1Y,0,,A,PU,_Z,2,,,False,WB_WDI,WB_WDI_SP_POP_TOTL,HKG,_T,_T,_T,_Z,_Z,_Z,2015,A,PS,
9797755,P1Y,0,,A,PU,_Z,2,,,False,WB_WDI,WB_WDI_SP_POP_TOTL,HUN,_T,_T,_T,_Z,_Z,_Z,2015,A,PS,
330815,P1Y,0,,A,PU,_Z,2,,,False,WB_WDI,WB_WDI_SP_POP_TOTL,ISL,_T,_T,_T,_Z,_Z,_Z,2015,A,PS,
1328024498,P1Y,0,,A,PU,_Z,2,,,False,WB_WDI,WB_WDI_SP_POP_TOTL,IND,_T,_T,_T,_Z,_Z,_Z,2015,A,PS,
1262645000,P1Y,0,,A,PU,_Z,2,,,False,WB_WDI,WB_WDI_SP_POP_TOTL,CHN,_T,_T,_T,_Z,_Z,_Z,2000,A,PS,
39089934,P1Y,0,,A,PU,_Z,2,,,False,WB_WDI,WB_WDI_SP_POP_TOTL,COL,_T,_T,_T,_Z,_Z,_Z,2000,A,PS,
536080,P1Y,0,,A,PU,_Z,2,,,False,WB_WDI,WB_WDI_SP_POP_TOTL,COM,_T,_T,_T,_Z,_Z,_Z,2000,A,PS,
50507442,P1Y,0,,A,PU,_Z,2,,,False,WB_WDI,WB_WDI_SP_POP_TOTL,COD,_T,_T,_T,_Z,_Z,_Z,2000,A,PS,
3151345,P1Y,0,,A,PU,_Z,2,,,False,WB_WDI,WB_WDI_SP_POP_TOTL,COG,_T,_T,_T,_Z,_Z,_Z,2000,A,PS,
3937739,P1Y,0,,A,PU,_Z,2,,,False,WB_WDI,WB_WDI_SP_POP_TOTL,CRI,_T,_T,_T,_Z,_Z,_Z,2000,A,PS,
17699004,P1Y,0,,A,PU,_Z,2,,,False,WB_WDI,WB_WDI_SP_POP_TOTL,CIV,_T,_T,_T,_Z,_Z,_Z,2000,A,PS,
4468302,P1Y,0,,A,PU,_Z,2,,,False,WB_WDI,WB_WDI_SP_POP_TOTL,HRV,_T,_T,_T,_Z,_Z,_Z,2000,A,PS,
11109109,P1Y,0,,A,PU,_Z,2,,,False,WB_WDI,WB_WDI_SP_POP_TOTL,CUB,_T,_T,_T,_Z,_Z,_Z,2000,A,PS,
133860,P1Y,0,,A,PU,_Z,2,,,False,WB_WDI,WB_WDI_SP_POP_TOTL,CUW,_T,_T,_T,_Z,_Z,_Z,2000,A,PS,
947667,P1Y,0,,A,PU,_Z,2,,,False,WB_WDI,WB_WDI_SP_POP_TOTL,CYP,_T,_T,_T,_Z,_Z,_Z,2000,A,PS,
10255063,P1Y,0,,A,PU,_Z,2,,,False,WB_WDI,WB_WDI_SP_POP_TOTL,CZE,_T,_T,_T,_Z,_Z,_Z,2000,A,PS,
10751,P1Y,0,,A,PU,_Z,2,,,False,WB_WDI,WB_WDI_SP_POP_TOTL,TUV,_T,_T,_T,_Z,_Z,_Z,2018,A,PS,
41565831,P1Y,0,,A,PU,_Z,2,,,False,WB_WDI,WB_WDI_SP_POP_TOTL,UGA,_T,_T,_T,_Z,_Z,_Z,2018,A,PS,
45208907,P1Y,0,,A,PU,_Z,2,,,False,WB_WDI,WB_WDI_SP_POP_TOTL,UKR,_T,_T,_T,_Z,_Z,_Z,2018,A,PS,
9346701,P1Y,0,,A,PU,_Z,2,,,False,WB_WDI,WB_WDI_SP_POP_TOTL,ARE,_T,_T,_T,_Z,_Z,_Z,2018,A,PS,
66287000,P1Y,0,,A,PU,_Z,2,,,False,WB_WDI,WB_WDI_SP_POP_TOTL,GBR,_T,_T,_T,_Z,_Z,_Z,2018,A,PS,
328529577,P1Y,0,,A,PU,_Z,2,,,False,WB_WDI,WB_WDI_SP_POP_TOTL,USA,_T,_T,_T,_Z,_Z,_Z,2018,A,PS,
3394534,P1Y,0,,A,PU,_Z,2,,,False,WB_WDI,WB_WDI_SP_POP_TOTL,URY,_T,_T,_T,_Z,_Z,_Z,2018,A,PS,
32373490,P1Y,0,,A,PU,_Z,2,,,False,WB_WDI,WB_WDI_SP_POP_TOTL,UZB,_T,_T,_T,_Z,_Z,_Z,2018,A,PS,
285259,P1Y,0,,A,PU,_Z,2,,,False,WB_WDI,WB_WDI_SP_POP_TOTL,VUT,_T,_T,_T,_Z,_Z,_Z,2018,A,PS,
29807592,P1Y,0,,A,PU,_Z,2,,,False,WB_WDI,WB_WDI_SP_POP_TOTL,VEN,_T,_T,_T,_Z,_Z,_Z,2018,A,PS,
96237319,P1Y,0,,A,PU,_Z,2,,,False,WB_WDI,WB_WDI_SP_POP_TOTL,VNM,_T,_T,_T,_Z,_Z,_Z,2018,A,PS,
104394131,P1Y,0,,A,PU,_Z,2,,,False,WB_WDI,WB_WDI_SP_POP_TOTL,MEX,_T,_T,_T,_Z,_Z,_Z,2004,A,PS,
111925,P1Y,0,,A,PU,_Z,2,,,False,WB_WDI,WB_WDI_SP_POP_TOTL,FSM,_T,_T,_T,_Z,_Z,_Z,2004,A,PS,
2896023,P1Y,0,,A,PU,_Z,2,,,False,WB_WDI,WB_WDI_SP_POP_TOTL,MDA,_T,_T,_T,_Z,_Z,_Z,2004,A,PS,
32307,P1Y,0,,A,PU,_Z,2,,,False,WB_WDI,WB_WDI_SP_POP_TOTL,MCO,_T,_T,_T,_Z,_Z,_Z,2004,A,PS,
2508412,P1Y,0,,A,PU,_Z,2,,,False,WB_WDI,WB_WDI_SP_POP_TOTL,MNG,_T,_T,_T,_Z,_Z,_Z,2004,A,PS,
613353,P1Y,0,,A,PU,_Z,2,,,False,WB_WDI,WB_WDI_SP_POP_TOTL,MNE,_T,_T,_T,_Z,_Z,_Z,2004,A,PS,
29953018,P1Y,0,,A,PU,_Z,2,,,False,WB_WDI,WB_WDI_SP_POP_TOTL,MAR,_T,_T,_T,_Z,_Z,_Z,2004,A,PS,
19840313,P1Y,0,,A,PU,_Z,2,,,False,WB_WDI,WB_WDI_SP_POP_TOTL,MOZ,_T,_T,_T,_Z,_Z,_Z,2004,A,PS,
47068772,P1Y,0,,A,PU,_Z,2,,,False,WB_WDI,WB_WDI_SP_POP_TOTL,MMR,_T,_T,_T,_Z,_Z,_Z,2004,A,PS,
1942082,P1Y,0,,A,PU,_Z,2,,,False,WB_WDI,WB_WDI_SP_POP_TOTL,NAM,_T,_T,_T,_Z,_Z,_Z,2004,A,PS,
10060,P1Y,0,,A,PU,_Z,2,,,False,WB_WDI,WB_WDI_SP_POP_TOTL,NRU,_T,_T,_T,_Z,_Z,_Z,2004,A,PS,
26016656,P1Y,0,,A,PU,_Z,2,,,False,WB_WDI,WB_WDI_SP_POP_TOTL,NPL,_T,_T,_T,_Z,_Z,_Z,2004,A,PS,
16281779,P1Y,0,,A,PU,_Z,2,,,False,WB_WDI,WB_WDI_SP_POP_TOTL,NLD,_T,_T,_T,_Z,_Z,_Z,2004,A,PS,
240852,P1Y,0,,A,PU,_Z,2,,,False,WB_WDI,WB_WDI_SP_POP_TOTL,NCL,_T,_T,_T,_Z,_Z,_Z,2004,A,PS,
71160187,P1Y,0,,A,PU,_Z,2,,,False,WB_WDI,WB_WDI_SP_POP_TOTL,THA,_T,_T,_T,_Z,_Z,_Z,2017,A,PS,
1251703,P1Y,0,,A,PU,_Z,2,,,False,WB_WDI,WB_WDI_SP_POP_TOTL,TLS,_T,_T,_T,_Z,_Z,_Z,2017,A,PS,
7324386,P1Y,0,,A,PU,_Z,2,,,False,WB_WDI,WB_WDI_SP_POP_TOTL,TGO,_T,_T,_T,_Z,_Z,_Z,2017,A,PS,
105356,P1Y,0,,A,PU,_Z,2,,,False,WB_WDI,WB_WDI_SP_POP_TOTL,TON,_T,_T,_T,_Z,_Z,_Z,2017,A,PS,
1356633,P1Y,0,,A,PU,_Z,2,,,False,WB_WDI,WB_WDI_SP_POP_TOTL,TTO,_T,_T,_T,_Z,_Z,_Z,2017,A,PS,
11650498,P1Y,0,,A,PU,_Z,2,,,False,WB_WDI,WB_WDI_SP_POP_TOTL,TUN,_T,_T,_T,_Z,_Z,_Z,2017,A,PS,
80312698,P1Y,0,,A,PU,_Z,2,,,False,WB_WDI,WB_WDI_SP_POP_TOTL,TUR,_T,_T,_T,_Z,_Z,_Z,2017,A,PS,
6507061,P1Y,0,,A,PU,_Z,2,,,False,WB_WDI,WB_WDI_SP_POP_TOTL,TKM,_T,_T,_T,_Z,_Z,_Z,2017,A,PS,
39913,P1Y,0,,A,PU,_Z,2,,,False,WB_WDI,WB_WDI_SP_POP_TOTL,TCA,_T,_T,_T,_Z,_Z,_Z,2017,A,PS,
10869,P1Y,0,,A,PU,_Z,2,,,False,WB_WDI,WB_WDI_SP_POP_TOTL,TUV,_T,_T,_T,_Z,_Z,_Z,2017,A,PS,
40177388,P1Y,0,,A,PU,_Z,2,,,False,WB_WDI,WB_WDI_SP_POP_TOTL,UGA,_T,_T,_T,_Z,_Z,_Z,2017,A,PS,
45436041,P1Y,0,,A,PU,_Z,2,,,False,WB_WDI,WB_WDI_SP_POP_TOTL,UKR,_T,_T,_T,_Z,_Z,_Z,2017,A,PS,
45954106,P1Y,0,,A,PU,_Z,2,,,False,WB_WDI,WB_WDI_SP_POP_TOTL,ESP,_T,_T,_T,_Z,_Z,_Z,2008,A,PS,
20629378,P1Y,0,,A,PU,_Z,2,,,False,WB_WDI,WB_WDI_SP_POP_TOTL,LKA,_T,_T,_T,_Z,_Z,_Z,2008,A,PS,
46835,P1Y,0,,A,PU,_Z,2,,,False,WB_WDI,WB_WDI_SP_POP_TOTL,KNA,_T,_T,_T,_Z,_Z,_Z,2008,A,PS,
168808,P1Y,0,,A,PU,_Z,2,,,False,WB_WDI,WB_WDI_SP_POP_TOTL,LCA,_T,_T,_T,_Z,_Z,_Z,2008,A,PS,
35958,P1Y,0,,A,PU,_Z,2,,,False,WB_WDI,WB_WDI_SP_POP_TOTL,MAF,_T,_T,_T,_Z,_Z,_Z,2008,A,PS,
111028,P1Y,0,,A,PU,_Z,2,,,False,WB_WDI,WB_WDI_SP_POP_TOTL,VCT,_T,_T,_T,_Z,_Z,_Z,2008,A,PS,
33623980,P1Y,0,,A,PU,_Z,2,,,False,WB_WDI,WB_WDI_SP_POP_TOTL,SDN,_T,_T,_T,_Z,_Z,_Z,2008,A,PS,
537245,P1Y,0,,A,PU,_Z,2,,,False,WB_WDI,WB_WDI_SP_POP_TOTL,SUR,_T,_T,_T,_Z,_Z,_Z,2008,A,PS,
9219637,P1Y,0,,A,PU,_Z,2,,,False,WB_WDI,WB_WDI_SP_POP_TOTL,SWE,_T,_T,_T,_Z,_Z,_Z,2008,A,PS,
7647675,P1Y,0,,A,PU,_Z,2,,,False,WB_WDI,WB_WDI_SP_POP_TOTL,CHE,_T,_T,_T,_Z,_Z,_Z,2008,A,PS,
21636564,P1Y,0,,A,PU,_Z,2,,,False,WB_WDI,WB_WDI_SP_POP_TOTL,SYR,_T,_T,_T,_Z,_Z,_Z,2008,A,PS,
7338403,P1Y,0,,A,PU,_Z,2,,,False,WB_WDI,WB_WDI_SP_POP_TOTL,TJK,_T,_T,_T,_Z,_Z,_Z,2008,A,PS,
472637,P1Y,0,,A,PU,_Z,2,,,False,WB_WDI,WB_WDI_SP_POP_TOTL,LUX,_T,_T,_T,_Z,_Z,_Z,2006,A,PS,
498900,P1Y,0,,A,PU,_Z,2,,,False,WB_WDI,WB_WDI_SP_POP_TOTL,MAC,_T,_T,_T,_Z,_Z,_Z,2006,A,PS,
19730909,P1Y,0,,A,PU,_Z,2,,,False,WB_WDI,WB_WDI_SP_POP_TOTL,MDG,_T,_T,_T,_Z,_Z,_Z,2006,A,PS,
13198701,P1Y,0,,A,PU,_Z,2,,,False,WB_WDI,WB_WDI_SP_POP_TOTL,MWI,_T,_T,_T,_Z,_Z,_Z,2006,A,PS,
26417909,P1Y,0,,A,PU,_Z,2,,,False,WB_WDI,WB_WDI_SP_POP_TOTL,MYS,_T,_T,_T,_Z,_Z,_Z,2006,A,PS,
313851,P1Y,0,,A,PU,_Z,2,,,False,WB_WDI,WB_WDI_SP_POP_TOTL,MDV,_T,_T,_T,_Z,_Z,_Z,2006,A,PS,
13990139,P1Y,0,,A,PU,_Z,2,,,False,WB_WDI,WB_WDI_SP_POP_TOTL,MLI,_T,_T,_T,_Z,_Z,_Z,2006,A,PS,
405308,P1Y,0,,A,PU,_Z,2,,,False,WB_WDI,WB_WDI_SP_POP_TOTL,MLT,_T,_T,_T,_Z,_Z,_Z,2006,A,PS,
51992,P1Y,0,,A,PU,_Z,2,,,False,WB_WDI,WB_WDI_SP_POP_TOTL,MHL,_T,_T,_T,_Z,_Z,_Z,2006,A,PS,
3013660,P1Y,0,,A,PU,_Z,2,,,False,WB_WDI,WB_WDI_SP_POP_TOTL,MRT,_T,_T,_T,_Z,_Z,_Z,2006,A,PS,
1233996,P1Y,0,,A,PU,_Z,2,,,False,WB_WDI,WB_WDI_SP_POP_TOTL,MUS,_T,_T,_T,_Z,_Z,_Z,2006,A,PS,
107253666,P1Y,0,,A,PU,_Z,2,,,False,WB_WDI,WB_WDI_SP_POP_TOTL,MEX,_T,_T,_T,_Z,_Z,_Z,2006,A,PS,
1857048,P1Y,0,,A,PU,_Z,2,,,False,WB_WDI,WB_WDI_SP_POP_TOTL,NAM,_T,_T,_T,_Z,_Z,_Z,2001,A,PS,
10130,P1Y,0,,A,PU,_Z,2,,,False,WB_WDI,WB_WDI_SP_POP_TOTL,NRU,_T,_T,_T,_Z,_Z,_Z,2001,A,PS,
24946748,P1Y,0,,A,PU,_Z,2,,,False,WB_WDI,WB_WDI_SP_POP_TOTL,NPL,_T,_T,_T,_Z,_Z,_Z,2001,A,PS,
16046180,P1Y,0,,A,PU,_Z,2,,,False,WB_WDI,WB_WDI_SP_POP_TOTL,NLD,_T,_T,_T,_Z,_Z,_Z,2001,A,PS,
227707,P1Y,0,,A,PU,_Z,2,,,False,WB_WDI,WB_WDI_SP_POP_TOTL,NCL,_T,_T,_T,_Z,_Z,_Z,2001,A,PS,
3880500,P1Y,0,,A,PU,_Z,2,,,False,WB_WDI,WB_WDI_SP_POP_TOTL,NZL,_T,_T,_T,_Z,_Z,_Z,2001,A,PS,
5087825,P1Y,0,,A,PU,_Z,2,,,False,WB_WDI,WB_WDI_SP_POP_TOTL,NIC,_T,_T,_T,_Z,_Z,_Z,2001,A,PS,
11920647,P1Y,0,,A,PU,_Z,2,,,False,WB_WDI,WB_WDI_SP_POP_TOTL,NER,_T,_T,_T,_Z,_Z,_Z,2001,A,PS,
129862595,P1Y,0,,A,PU,_Z,2,,,False,WB_WDI,WB_WDI_SP_POP_TOTL,NGA,_T,_T,_T,_Z,_Z,_Z,2001,A,PS,
2034882,P1Y,0,,A,PU,_Z,2,,,False,WB_WDI,WB_WDI_SP_POP_TOTL,MKD,_T,_T,_T,_Z,_Z,_Z,2001,A,PS,
67984,P1Y,0,,A,PU,_Z,2,,,False,WB_WDI,WB_WDI_SP_POP_TOTL,MNP,_T,_T,_T,_Z,_Z,_Z,2001,A,PS,
4513751,P1Y,0,,A,PU,_Z,2,,,False,WB_WDI,WB_WDI_SP_POP_TOTL,NOR,_T,_T,_T,_Z,_Z,_Z,2001,A,PS,
2310217,P1Y,0,,A,PU,_Z,2,,,False,WB_WDI,WB_WDI_SP_POP_TOTL,OMN,_T,_T,_T,_Z,_Z,_Z,2001,A,PS,
159270907,P1Y,0,,A,PU,_Z,2,,,False,WB_WDI,WB_WDI_SP_POP_TOTL,PAK,_T,_T,_T,_Z,_Z,_Z,2001,A,PS,
107553158,P1Y,0,,A,PU,_Z,2,,,False,WB_WDI,WB_WDI_SP_POP_TOTL,EGY,_T,_T,_T,_Z,_Z,_Z,2019,A,PS,
6222318,P1Y,0,,A,PU,_Z,2,,,False,WB_WDI,WB_WDI_SP_POP_TOTL,SLV,_T,_T,_T,_Z,_Z,_Z,2019,A,PS,
1670177,P1Y,0,,A,PU,_Z,2,,,False,WB_WDI,WB_WDI_SP_POP_TOTL,GNQ,_T,_T,_T,_Z,_Z,_Z,2019,A,PS,
3240194,P1Y,0,,A,PU,_Z,2,,,False,WB_WDI,WB_WDI_SP_POP_TOTL,ERI,_T,_T,_T,_Z,_Z,_Z,2019,A,PS,
1326898,P1Y,0,,A,PU,_Z,2,,,False,WB_WDI,WB_WDI_SP_POP_TOTL,EST,_T,_T,_T,_Z,_Z,_Z,2019,A,PS,
1179874,P1Y,0,,A,PU,_Z,2,,,False,WB_WDI,WB_WDI_SP_POP_TOTL,SWZ,_T,_T,_T,_Z,_Z,_Z,2019,A,PS,
115737383,P1Y,0,,A,PU,_Z,2,,,False,WB_WDI,WB_WDI_SP_POP_TOTL,ETH,_T,_T,_T,_Z,_Z,_Z,2019,A,PS,
51790,P1Y,0,,A,PU,_Z,2,,,False,WB_WDI,WB_WDI_SP_POP_TOTL,FRO,_T,_T,_T,_Z,_Z,_Z,2019,A,PS,
914899,P1Y,0,,A,PU,_Z,2,,,False,WB_WDI,WB_WDI_SP_POP_TOTL,FJI,_T,_T,_T,_Z,_Z,_Z,2019,A,PS,
5521606,P1Y,0,,A,PU,_Z,2,,,False,WB_WDI,WB_WDI_SP_POP_TOTL,FIN,_T,_T,_T,_Z,_Z,_Z,2019,A,PS,
67382061,P1Y,0,,A,PU,_Z,2,,,False,WB_WDI,WB_WDI_SP_POP_TOTL,FRA,_T,_T,_T,_Z,_Z,_Z,2019,A,PS,
279034,P1Y,0,,A,PU,_Z,2,,,False,WB_WDI,WB_WDI_SP_POP_TOTL,PYF,_T,_T,_T,_Z,_Z,_Z,2019,A,PS,
2267706,P1Y,0,,A,PU,_Z,2,,,False,WB_WDI,WB_WDI_SP_POP_TOTL,GAB,_T,_T,_T,_Z,_Z,_Z,2019,A,PS,
17598650,P1Y,0,,A,PU,_Z,2,,,False,WB_WDI,WB_WDI_SP_POP_TOTL,GTM,_T,_T,_T,_Z,_Z,_Z,2021,A,PS,
13710513,P1Y,0,,A,PU,_Z,2,,,False,WB_WDI,WB_WDI_SP_POP_TOTL,GIN,_T,_T,_T,_Z,_Z,_Z,2021,A,PS,
2058841,P1Y,0,,A,PU,_Z,2,,,False,WB_WDI,WB_WDI_SP_POP_TOTL,GNB,_T,_T,_T,_Z,_Z,_Z,2021,A,PS,
815482,P1Y,0,,A,PU,_Z,2,,,False,WB_WDI,WB_WDI_SP_POP_TOTL,GUY,_T,_T,_T,_Z,_Z,_Z,2021,A,PS,
11374586,P1Y,0,,A,PU,_Z,2,,,False,WB_WDI,WB_WDI_SP_POP_TOTL,HTI,_T,_T,_T,_Z,_Z,_Z,2021,A,PS,
10289877,P1Y,0,,A,PU,_Z,2,,,False,WB_WDI,WB_WDI_SP_POP_TOTL,HND,_T,_T,_T,_Z,_Z,_Z,2021,A,PS,
7413100,P1Y,0,,A,PU,_Z,2,,,False,WB_WDI,WB_WDI_SP_POP_TOTL,HKG,_T,_T,_T,_Z,_Z,_Z,2021,A,PS,
9630932,P1Y,0,,A,PU,_Z,2,,,False,WB_WDI,WB_WDI_SP_POP_TOTL,HUN,_T,_T,_T,_Z,_Z,_Z,2021,A,PS,
372520,P1Y,0,,A,PU,_Z,2,,,False,WB_WDI,WB_WDI_SP_POP_TOTL,ISL,_T,_T,_T,_Z,_Z,_Z,2021,A,PS,
1414203896,P1Y,0,,A,PU,_Z,2,,,False,WB_WDI,WB_WDI_SP_POP_TOTL,IND,_T,_T,_T,_Z,_Z,_Z,2021,A,PS,
276758053,P1Y,0,,A,PU,_Z,2,,,False,WB_WDI,WB_WDI_SP_POP_TOTL,IDN,_T,_T,_T,_Z,_Z,_Z,2021,A,PS,
88455488,P1Y,0,,A,PU,_Z,2,,,False,WB_WDI,WB_WDI_SP_POP_TOTL,IRN,_T,_T,_T,_Z,_Z,_Z,2021,A,PS,
1900449,P1Y,0,,A,PU,_Z,2,,,False,WB_WDI,WB_WDI_SP_POP_TOTL,LVA,_T,_T,_T,_Z,_Z,_Z,2020,A,PS,
5702398,P1Y,0,,A,PU,_Z,2,,,False,WB_WDI,WB_WDI_SP_POP_TOTL,LBN,_T,_T,_T,_Z,_Z,_Z,2020,A,PS,
2235727,P1Y,0,,A,PU,_Z,2,,,False,WB_WDI,WB_WDI_SP_POP_TOTL,LSO,_T,_T,_T,_Z,_Z,_Z,2020,A,PS,
5149463,P1Y,0,,A,PU,_Z,2,,,False,WB_WDI,WB_WDI_SP_POP_TOTL,LBR,_T,_T,_T,_Z,_Z,_Z,2020,A,PS,
7045399,P1Y,0,,A,PU,_Z,2,,,False,WB_WDI,WB_WDI_SP_POP_TOTL,LBY,_T,_T,_T,_Z,_Z,_Z,2020,A,PS,
38901,P1Y,0,,A,PU,_Z,2,,,False,WB_WDI,WB_WDI_SP_POP_TOTL,LIE,_T,_T,_T,_Z,_Z,_Z,2020,A,PS,
2810369,P1Y,0,,A,PU,_Z,2,,,False,WB_WDI,WB_WDI_SP_POP_TOTL,LTU,_T,_T,_T,_Z,_Z,_Z,2020,A,PS,
630419,P1Y,0,,A,PU,_Z,2,,,False,WB_WDI,WB_WDI_SP_POP_TOTL,LUX,_T,_T,_T,_Z,_Z,_Z,2020,A,PS,
685400,P1Y,0,,A,PU,_Z,2,,,False,WB_WDI,WB_WDI_SP_POP_TOTL,MAC,_T,_T,_T,_Z,_Z,_Z,2020,A,PS,
28953556,P1Y,0,,A,PU,_Z,2,,,False,WB_WDI,WB_WDI_SP_POP_TOTL,MDG,_T,_T,_T,_Z,_Z,_Z,2020,A,PS,
19533888,P1Y,0,,A,PU,_Z,2,,,False,WB_WDI,WB_WDI_SP_POP_TOTL,MWI,_T,_T,_T,_Z,_Z,_Z,2020,A,PS,
33889558,P1Y,0,,A,PU,_Z,2,,,False,WB_WDI,WB_WDI_SP_POP_TOTL,MYS,_T,_T,_T,_Z,_Z,_Z,2020,A,PS,
9378126,P1Y,0,,A,PU,_Z,2,,,False,WB_WDI,WB_WDI_SP_POP_TOTL,SWE,_T,_T,_T,_Z,_Z,_Z,2010,A,PS,
7824909,P1Y,0,,A,PU,_Z,2,,,False,WB_WDI,WB_WDI_SP_POP_TOTL,CHE,_T,_T,_T,_Z,_Z,_Z,2010,A,PS,
22482421,P1Y,0,,A,PU,_Z,2,,,False,WB_WDI,WB_WDI_SP_POP_TOTL,SYR,_T,_T,_T,_Z,_Z,_Z,2010,A,PS,
7652141,P1Y,0,,A,PU,_Z,2,,,False,WB_WDI,WB_WDI_SP_POP_TOTL,TJK,_T,_T,_T,_Z,_Z,_Z,2010,A,PS,
44758488,P1Y,0,,A,PU,_Z,2,,,False,WB_WDI,WB_WDI_SP_POP_TOTL,TZA,_T,_T,_T,_Z,_Z,_Z,2010,A,PS,
68579447,P1Y,0,,A,PU,_Z,2,,,False,WB_WDI,WB_WDI_SP_POP_TOTL,THA,_T,_T,_T,_Z,_Z,_Z,2010,A,PS,
1084679,P1Y,0,,A,PU,_Z,2,,,False,WB_WDI,WB_WDI_SP_POP_TOTL,TLS,_T,_T,_T,_Z,_Z,_Z,2010,A,PS,
6325788,P1Y,0,,A,PU,_Z,2,,,False,WB_WDI,WB_WDI_SP_POP_TOTL,TGO,_T,_T,_T,_Z,_Z,_Z,2010,A,PS,
107400,P1Y,0,,A,PU,_Z,2,,,False,WB_WDI,WB_WDI_SP_POP_TOTL,TON,_T,_T,_T,_Z,_Z,_Z,2010,A,PS,
1317714,P1Y,0,,A,PU,_Z,2,,,False,WB_WDI,WB_WDI_SP_POP_TOTL,TTO,_T,_T,_T,_Z,_Z,_Z,2010,A,PS,
6684182,P1Y,0,,A,PU,_Z,2,,,False,WB_WDI,WB_WDI_SP_POP_TOTL,PRY,_T,_T,_T,_Z,_Z,_Z,2021,A,PS,
33155882,P1Y,0,,A,PU,_Z,2,,,False,WB_WDI,WB_WDI_SP_POP_TOTL,PER,_T,_T,_T,_Z,_Z,_Z,2021,A,PS,
113100950,P1Y,0,,A,PU,_Z,2,,,False,WB_WDI,WB_WDI_SP_POP_TOTL,PHL,_T,_T,_T,_Z,_Z,_Z,2021,A,PS,
36981559,P1Y,0,,A,PU,_Z,2,,,False,WB_WDI,WB_WDI_SP_POP_TOTL,POL,_T,_T,_T,_Z,_Z,_Z,2021,A,PS,
10361831,P1Y,0,,A,PU,_Z,2,,,False,WB_WDI,WB_WDI_SP_POP_TOTL,PRT,_T,_T,_T,_Z,_Z,_Z,2021,A,PS,
3262731,P1Y,0,,A,PU,_Z,2,,,False,WB_WDI,WB_WDI_SP_POP_TOTL,PRI,_T,_T,_T,_Z,_Z,_Z,2021,A,PS,
2504910,P1Y,0,,A,PU,_Z,2,,,False,WB_WDI,WB_WDI_SP_POP_TOTL,QAT,_T,_T,_T,_Z,_Z,_Z,2021,A,PS,
19122059,P1Y,0,,A,PU,_Z,2,,,False,WB_WDI,WB_WDI_SP_POP_TOTL,ROU,_T,_T,_T,_Z,_Z,_Z,2021,A,PS,
144746762,P1Y,0,,A,PU,_Z,2,,,False,WB_WDI,WB_WDI_SP_POP_TOTL,RUS,_T,_T,_T,_Z,_Z,_Z,2021,A,PS,
13355260,P1Y,0,,A,PU,_Z,2,,,False,WB_WDI,WB_WDI_SP_POP_TOTL,RWA,_T,_T,_T,_Z,_Z,_Z,2021,A,PS,
213779,P1Y,0,,A,PU,_Z,2,,,False,WB_WDI,WB_WDI_SP_POP_TOTL,WSM,_T,_T,_T,_Z,_Z,_Z,2021,A,PS,
34252,P1Y,0,,A,PU,_Z,2,,,False,WB_WDI,WB_WDI_SP_POP_TOTL,SMR,_T,_T,_T,_Z,_Z,_Z,2021,A,PS,
7339001,P1Y,0,,A,PU,_Z,2,,,False,WB_WDI,WB_WDI_SP_POP_TOTL,CHE,_T,_T,_T,_Z,_Z,_Z,2003,A,PS,
17889296,P1Y,0,,A,PU,_Z,2,,,False,WB_WDI,WB_WDI_SP_POP_TOTL,SYR,_T,_T,_T,_Z,_Z,_Z,2003,A,PS,
6658575,P1Y,0,,A,PU,_Z,2,,,False,WB_WDI,WB_WDI_SP_POP_TOTL,TJK,_T,_T,_T,_Z,_Z,_Z,2003,A,PS,
37089555,P1Y,0,,A,PU,_Z,2,,,False,WB_WDI,WB_WDI_SP_POP_TOTL,TZA,_T,_T,_T,_Z,_Z,_Z,2003,A,PS,
64868166,P1Y,0,,A,PU,_Z,2,,,False,WB_WDI,WB_WDI_SP_POP_TOTL,THA,_T,_T,_T,_Z,_Z,_Z,2003,A,PS,
916878,P1Y,0,,A,PU,_Z,2,,,False,WB_WDI,WB_WDI_SP_POP_TOTL,TLS,_T,_T,_T,_Z,_Z,_Z,2003,A,PS,
5154112,P1Y,0,,A,PU,_Z,2,,,False,WB_WDI,WB_WDI_SP_POP_TOTL,TGO,_T,_T,_T,_Z,_Z,_Z,2003,A,PS,
104464,P1Y,0,,A,PU,_Z,2,,,False,WB_WDI,WB_WDI_SP_POP_TOTL,TON,_T,_T,_T,_Z,_Z,_Z,2003,A,PS,
1338709,P1Y,0,,A,PU,_Z,2,,,False,WB_WDI,WB_WDI_SP_POP_TOTL,TTO,_T,_T,_T,_Z,_Z,_Z,2003,A,PS,
10071632,P1Y,0,,A,PU,_Z,2,,,False,WB_WDI,WB_WDI_SP_POP_TOTL,TUN,_T,_T,_T,_Z,_Z,_Z,2003,A,PS,
67831730,P1Y,0,,A,PU,_Z,2,,,False,WB_WDI,WB_WDI_SP_POP_TOTL,TUR,_T,_T,_T,_Z,_Z,_Z,2003,A,PS,
4863865,P1Y,0,,A,PU,_Z,2,,,False,WB_WDI,WB_WDI_SP_POP_TOTL,TKM,_T,_T,_T,_Z,_Z,_Z,2003,A,PS,
21727,P1Y,0,,A,PU,_Z,2,,,False,WB_WDI,WB_WDI_SP_POP_TOTL,TCA,_T,_T,_T,_Z,_Z,_Z,2003,A,PS,
9695,P1Y,0,,A,PU,_Z,2,,,False,WB_WDI,WB_WDI_SP_POP_TOTL,TUV,_T,_T,_T,_Z,_Z,_Z,2003,A,PS,
12200431,P1Y,0,,A,PU,_Z,2,,,False,WB_WDI,WB_WDI_SP_POP_TOTL,TUN,_T,_T,_T,_Z,_Z,_Z,2023,A,PS,
85325965,P1Y,0,,A,PU,_Z,2,,,False,WB_WDI,WB_WDI_SP_POP_TOTL,TUR,_T,_T,_T,_Z,_Z,_Z,2023,A,PS,
7364438,P1Y,0,,A,PU,_Z,2,,,False,WB_WDI,WB_WDI_SP_POP_TOTL,TKM,_T,_T,_T,_Z,_Z,_Z,2023,A,PS,
46198,P1Y,0,,A,PU,_Z,2,,,False,WB_WDI,WB_WDI_SP_POP_TOTL,TCA,_T,_T,_T,_Z,_Z,_Z,2023,A,PS,
9816,P1Y,0,,A,PU,_Z,2,,,False,WB_WDI,WB_WDI_SP_POP_TOTL,TUV,_T,_T,_T,_Z,_Z,_Z,2023,A,PS,
48656601,P1Y,0,,A,PU,_Z,2,,,False,WB_WDI,WB_WDI_SP_POP_TOTL,UGA,_T,_T,_T,_Z,_Z,_Z,2023,A,PS,
37732836,P1Y,0,,A,PU,_Z,2,,,False,WB_WDI,WB_WDI_SP_POP_TOTL,UKR,_T,_T,_T,_Z,_Z,_Z,2023,A,PS,
10483751,P1Y,0,,A,PU,_Z,2,,,False,WB_WDI,WB_WDI_SP_POP_TOTL,ARE,_T,_T,_T,_Z,_Z,_Z,2023,A,PS,
68526000,P1Y,0,,A,PU,_Z,2,,,False,WB_WDI,WB_WDI_SP_POP_TOTL,GBR,_T,_T,_T,_Z,_Z,_Z,2023,A,PS,
336755052,P1Y,0,,A,PU,_Z,2,,,False,WB_WDI,WB_WDI_SP_POP_TOTL,USA,_T,_T,_T,_Z,_Z,_Z,2023,A,PS,
3388081,P1Y,0,,A,PU,_Z,2,,,False,WB_WDI,WB_WDI_SP_POP_TOTL,URY,_T,_T,_T,_Z,_Z,_Z,2023,A,PS,
35652307,P1Y,0,,A,PU,_Z,2,,,False,WB_WDI,WB_WDI_SP_POP_TOTL,UZB,_T,_T,_T,_Z,_Z,_Z,2023,A,PS,
320409,P1Y,0,,A,PU,_Z,2,,,False,WB_WDI,WB_WDI_SP_POP_TOTL,VUT,_T,_T,_T,_Z,_Z,_Z,2023,A,PS,
28300854,P1Y,0,,A,PU,_Z,2,,,False,WB_WDI,WB_WDI_SP_POP_TOTL,VEN,_T,_T,_T,_Z,_Z,_Z,2023,A,PS,
18528081,P1Y,0,,A,PU,_Z,2,,,False,WB_WDI,WB_WDI_SP_POP_TOTL,MWI,_T,_T,_T,_Z,_Z,_Z,2018,A,PS,
32910967,P1Y,0,,A,PU,_Z,2,,,False,WB_WDI,WB_WDI_SP_POP_TOTL,MYS,_T,_T,_T,_Z,_Z,_Z,2018,A,PS,
473099,P1Y,0,,A,PU,_Z,2,,,False,WB_WDI,WB_WDI_SP_POP_TOTL,MDV,_T,_T,_T,_Z,_Z,_Z,2018,A,PS,
20442030,P1Y,0,,A,PU,_Z,2,,,False,WB_WDI,WB_WDI_SP_POP_TOTL,MLI,_T,_T,_T,_Z,_Z,_Z,2018,A,PS,
483903,P1Y,0,,A,PU,_Z,2,,,False,WB_WDI,WB_WDI_SP_POP_TOTL,MLT,_T,_T,_T,_Z,_Z,_Z,2018,A,PS,
45285,P1Y,0,,A,PU,_Z,2,,,False,WB_WDI,WB_WDI_SP_POP_TOTL,MHL,_T,_T,_T,_Z,_Z,_Z,2018,A,PS,
4337685,P1Y,0,,A,PU,_Z,2,,,False,WB_WDI,WB_WDI_SP_POP_TOTL,MRT,_T,_T,_T,_Z,_Z,_Z,2018,A,PS,
1265577,P1Y,0,,A,PU,_Z,2,,,False,WB_WDI,WB_WDI_SP_POP_TOTL,MUS,_T,_T,_T,_Z,_Z,_Z,2018,A,PS,
124573711,P1Y,0,,A,PU,_Z,2,,,False,WB_WDI,WB_WDI_SP_POP_TOTL,MEX,_T,_T,_T,_Z,_Z,_Z,2018,A,PS,
109909,P1Y,0,,A,PU,_Z,2,,,False,WB_WDI,WB_WDI_SP_POP_TOTL,FSM,_T,_T,_T,_Z,_Z,_Z,2018,A,PS,
2707203,P1Y,0,,A,PU,_Z,2,,,False,WB_WDI,WB_WDI_SP_POP_TOTL,MDA,_T,_T,_T,_Z,_Z,_Z,2018,A,PS,
38154,P1Y,0,,A,PU,_Z,2,,,False,WB_WDI,WB_WDI_SP_POP_TOTL,MCO,_T,_T,_T,_Z,_Z,_Z,2018,A,PS,
67102394,P1Y,0,,A,PU,_Z,2,,,False,WB_WDI,WB_WDI_SP_POP_TOTL,THA,_T,_T,_T,_Z,_Z,_Z,2007,A,PS,
1004889,P1Y,0,,A,PU,_Z,2,,,False,WB_WDI,WB_WDI_SP_POP_TOTL,TLS,_T,_T,_T,_Z,_Z,_Z,2007,A,PS,
5748443,P1Y,0,,A,PU,_Z,2,,,False,WB_WDI,WB_WDI_SP_POP_TOTL,TGO,_T,_T,_T,_Z,_Z,_Z,2007,A,PS,
106726,P1Y,0,,A,PU,_Z,2,,,False,WB_WDI,WB_WDI_SP_POP_TOTL,TON,_T,_T,_T,_Z,_Z,_Z,2007,A,PS,
1303188,P1Y,0,,A,PU,_Z,2,,,False,WB_WDI,WB_WDI_SP_POP_TOTL,TTO,_T,_T,_T,_Z,_Z,_Z,2007,A,PS,
10441702,P1Y,0,,A,PU,_Z,2,,,False,WB_WDI,WB_WDI_SP_POP_TOTL,TUN,_T,_T,_T,_Z,_Z,_Z,2007,A,PS,
70158112,P1Y,0,,A,PU,_Z,2,,,False,WB_WDI,WB_WDI_SP_POP_TOTL,TUR,_T,_T,_T,_Z,_Z,_Z,2007,A,PS,
5244046,P1Y,0,,A,PU,_Z,2,,,False,WB_WDI,WB_WDI_SP_POP_TOTL,TKM,_T,_T,_T,_Z,_Z,_Z,2007,A,PS,
26270,P1Y,0,,A,PU,_Z,2,,,False,WB_WDI,WB_WDI_SP_POP_TOTL,TCA,_T,_T,_T,_Z,_Z,_Z,2007,A,PS,
10182,P1Y,0,,A,PU,_Z,2,,,False,WB_WDI,WB_WDI_SP_POP_TOTL,TUV,_T,_T,_T,_Z,_Z,_Z,2007,A,PS,
29653430,P1Y,0,,A,PU,_Z,2,,,False,WB_WDI,WB_WDI_SP_POP_TOTL,UGA,_T,_T,_T,_Z,_Z,_Z,2007,A,PS,
47062798,P1Y,0,,A,PU,_Z,2,,,False,WB_WDI,WB_WDI_SP_POP_TOTL,UKR,_T,_T,_T,_Z,_Z,_Z,2007,A,PS,
681630,P1Y,0,,A,PU,_Z,2,,,False,WB_WDI,WB_WDI_SP_POP_TOTL,COM,_T,_T,_T,_Z,_Z,_Z,2012,A,PS,
73254618,P1Y,0,,A,PU,_Z,2,,,False,WB_WDI,WB_WDI_SP_POP_TOTL,COD,_T,_T,_T,_Z,_Z,_Z,2012,A,PS,
4740450,P1Y,0,,A,PU,_Z,2,,,False,WB_WDI,WB_WDI_SP_POP_TOTL,COG,_T,_T,_T,_Z,_Z,_Z,2012,A,PS,
4663934,P1Y,0,,A,PU,_Z,2,,,False,WB_WDI,WB_WDI_SP_POP_TOTL,CRI,_T,_T,_T,_Z,_Z,_Z,2012,A,PS,
23467078,P1Y,0,,A,PU,_Z,2,,,False,WB_WDI,WB_WDI_SP_POP_TOTL,CIV,_T,_T,_T,_Z,_Z,_Z,2012,A,PS,
4260368,P1Y,0,,A,PU,_Z,2,,,False,WB_WDI,WB_WDI_SP_POP_TOTL,HRV,_T,_T,_T,_Z,_Z,_Z,2012,A,PS,
11303175,P1Y,0,,A,PU,_Z,2,,,False,WB_WDI,WB_WDI_SP_POP_TOTL,CUB,_T,_T,_T,_Z,_Z,_Z,2012,A,PS,
152088,P1Y,0,,A,PU,_Z,2,,,False,WB_WDI,WB_WDI_SP_POP_TOTL,CUW,_T,_T,_T,_Z,_Z,_Z,2012,A,PS,
1165397,P1Y,0,,A,PU,_Z,2,,,False,WB_WDI,WB_WDI_SP_POP_TOTL,CYP,_T,_T,_T,_Z,_Z,_Z,2012,A,PS,
10510785,P1Y,0,,A,PU,_Z,2,,,False,WB_WDI,WB_WDI_SP_POP_TOTL,CZE,_T,_T,_T,_Z,_Z,_Z,2012,A,PS,
5591572,P1Y,0,,A,PU,_Z,2,,,False,WB_WDI,WB_WDI_SP_POP_TOTL,DNK,_T,_T,_T,_Z,_Z,_Z,2012,A,PS,
966747,P1Y,0,,A,PU,_Z,2,,,False,WB_WDI,WB_WDI_SP_POP_TOTL,DJI,_T,_T,_T,_Z,_Z,_Z,2012,A,PS,
10074977,P1Y,0,,A,PU,_Z,2,,,False,WB_WDI,WB_WDI_SP_POP_TOTL,ARE,_T,_T,_T,_Z,_Z,_Z,2022,A,PS,
67636000,P1Y,0,,A,PU,_Z,2,,,False,WB_WDI,WB_WDI_SP_POP_TOTL,GBR,_T,_T,_T,_Z,_Z,_Z,2022,A,PS,
333996304,P1Y,0,,A,PU,_Z,2,,,False,WB_WDI,WB_WDI_SP_POP_TOTL,USA,_T,_T,_T,_Z,_Z,_Z,2022,A,PS,
3390913,P1Y,0,,A,PU,_Z,2,,,False,WB_WDI,WB_WDI_SP_POP_TOTL,URY,_T,_T,_T,_Z,_Z,_Z,2022,A,PS,
34938955,P1Y,0,,A,PU,_Z,2,,,False,WB_WDI,WB_WDI_SP_POP_TOTL,UZB,_T,_T,_T,_Z,_Z,_Z,2022,A,PS,
313046,P1Y,0,,A,PU,_Z,2,,,False,WB_WDI,WB_WDI_SP_POP_TOTL,VUT,_T,_T,_T,_Z,_Z,_Z,2022,A,PS,
28213017,P1Y,0,,A,PU,_Z,2,,,False,WB_WDI,WB_WDI_SP_POP_TOTL,VEN,_T,_T,_T,_Z,_Z,_Z,2022,A,PS,
99680655,P1Y,0,,A,PU,_Z,2,,,False,WB_WDI,WB_WDI_SP_POP_TOTL,VNM,_T,_T,_T,_Z,_Z,_Z,2022,A,PS,
105413,P1Y,0,,A,PU,_Z,2,,,False,WB_WDI,WB_WDI_SP_POP_TOTL,VIR,_T,_T,_T,_Z,_Z,_Z,2022,A,PS,
5043612,P1Y,0,,A,PU,_Z,2,,,False,WB_WDI,WB_WDI_SP_POP_TOTL,PSE,_T,_T,_T,_Z,_Z,_Z,2022,A,PS,
38222876,P1Y,0,,A,PU,_Z,2,,,False,WB_WDI,WB_WDI_SP_POP_TOTL,YEM,_T,_T,_T,_Z,_Z,_Z,2022,A,PS,
20152938,P1Y,0,,A,PU,_Z,2,,,False,WB_WDI,WB_WDI_SP_POP_TOTL,ZMB,_T,_T,_T,_Z,_Z,_Z,2022,A,PS,
16069056,P1Y,0,,A,PU,_Z,2,,,False,WB_WDI,WB_WDI_SP_POP_TOTL,ZWE,_T,_T,_T,_Z,_Z,_Z,2022,A,PS,
744682,P1Y,0,,A,PU,_Z,2,,,False,WB_WDI,WB_WDI_SP_POP_TOTL,QAT,_T,_T,_T,_Z,_Z,_Z,2003,A,PS,
21574326,P1Y,0,,A,PU,_Z,2,,,False,WB_WDI,WB_WDI_SP_POP_TOTL,ROU,_T,_T,_T,_Z,_Z,_Z,2003,A,PS,
144648618,P1Y,0,,A,PU,_Z,2,,,False,WB_WDI,WB_WDI_SP_POP_TOTL,RUS,_T,_T,_T,_Z,_Z,_Z,2003,A,PS,
8586875,P1Y,0,,A,PU,_Z,2,,,False,WB_WDI,WB_WDI_SP_POP_TOTL,RWA,_T,_T,_T,_Z,_Z,_Z,2003,A,PS,
185430,P1Y,0,,A,PU,_Z,2,,,False,WB_WDI,WB_WDI_SP_POP_TOTL,WSM,_T,_T,_T,_Z,_Z,_Z,2003,A,PS,
27843,P1Y,0,,A,PU,_Z,2,,,False,WB_WDI,WB_WDI_SP_POP_TOTL,SMR,_T,_T,_T,_Z,_Z,_Z,2003,A,PS,
153814,P1Y,0,,A,PU,_Z,2,,,False,WB_WDI,WB_WDI_SP_POP_TOTL,STP,_T,_T,_T,_Z,_Z,_Z,2003,A,PS,
18786767,P1Y,0,,A,PU,_Z,2,,,False,WB_WDI,WB_WDI_SP_POP_TOTL,SAU,_T,_T,_T,_Z,_Z,_Z,2003,A,PS,
10721176,P1Y,0,,A,PU,_Z,2,,,False,WB_WDI,WB_WDI_SP_POP_TOTL,SEN,_T,_T,_T,_Z,_Z,_Z,2003,A,PS,
7480591,P1Y,0,,A,PU,_Z,2,,,False,WB_WDI,WB_WDI_SP_POP_TOTL,SRB,_T,_T,_T,_Z,_Z,_Z,2003,A,PS,
82781,P1Y,0,,A,PU,_Z,2,,,False,WB_WDI,WB_WDI_SP_POP_TOTL,SYC,_T,_T,_T,_Z,_Z,_Z,2003,A,PS,
5177687,P1Y,0,,A,PU,_Z,2,,,False,WB_WDI,WB_WDI_SP_POP_TOTL,SLE,_T,_T,_T,_Z,_Z,_Z,2003,A,PS,
4114826,P1Y,0,,A,PU,_Z,2,,,False,WB_WDI,WB_WDI_SP_POP_TOTL,SGP,_T,_T,_T,_Z,_Z,_Z,2003,A,PS,
31327,P1Y,0,,A,PU,_Z,2,,,False,WB_WDI,WB_WDI_SP_POP_TOTL,SXM,_T,_T,_T,_Z,_Z,_Z,2003,A,PS,
5373374,P1Y,0,,A,PU,_Z,2,,,False,WB_WDI,WB_WDI_SP_POP_TOTL,SVK,_T,_T,_T,_Z,_Z,_Z,2003,A,PS,
11439213,P1Y,0,,A,PU,_Z,2,,,False,WB_WDI,WB_WDI_SP_POP_TOTL,JOR,_T,_T,_T,_Z,_Z,_Z,2023,A,PS,
20330104,P1Y,0,,A,PU,_Z,2,,,False,WB_WDI,WB_WDI_SP_POP_TOTL,KAZ,_T,_T,_T,_Z,_Z,_Z,2023,A,PS,
55339003,P1Y,0,,A,PU,_Z,2,,,False,WB_WDI,WB_WDI_SP_POP_TOTL,KEN,_T,_T,_T,_Z,_Z,_Z,2023,A,PS,
132530,P1Y,0,,A,PU,_Z,2,,,False,WB_WDI,WB_WDI_SP_POP_TOTL,KIR,_T,_T,_T,_Z,_Z,_Z,2023,A,PS,
26418204,P1Y,0,,A,PU,_Z,2,,,False,WB_WDI,WB_WDI_SP_POP_TOTL,PRK,_T,_T,_T,_Z,_Z,_Z,2023,A,PS,
51712619,P1Y,0,,A,PU,_Z,2,,,False,WB_WDI,WB_WDI_SP_POP_TOTL,KOR,_T,_T,_T,_Z,_Z,_Z,2023,A,PS,
1682668,P1Y,0,,A,PU,_Z,2,,,False,WB_WDI,WB_WDI_SP_POP_TOTL,XKX,_T,_T,_T,_Z,_Z,_Z,2023,A,PS,
4853420,P1Y,0,,A,PU,_Z,2,,,False,WB_WDI,WB_WDI_SP_POP_TOTL,KWT,_T,_T,_T,_Z,_Z,_Z,2023,A,PS,
7099750,P1Y,0,,A,PU,_Z,2,,,False,WB_WDI,WB_WDI_SP_POP_TOTL,KGZ,_T,_T,_T,_Z,_Z,_Z,2023,A,PS,
7664993,P1Y,0,,A,PU,_Z,2,,,False,WB_WDI,WB_WDI_SP_POP_TOTL,LAO,_T,_T,_T,_Z,_Z,_Z,2023,A,PS,
1883710,P1Y,0,,A,PU,_Z,2,,,False,WB_WDI,WB_WDI_SP_POP_TOTL,LVA,_T,_T,_T,_Z,_Z,_Z,2023,A,PS,
5773493,P1Y,0,,A,PU,_Z,2,,,False,WB_WDI,WB_WDI_SP_POP_TOTL,LBN,_T,_T,_T,_Z,_Z,_Z,2023,A,PS,
2311472,P1Y,0,,A,PU,_Z,2,,,False,WB_WDI,WB_WDI_SP_POP_TOTL,LSO,_T,_T,_T,_Z,_Z,_Z,2023,A,PS,
5493031,P1Y,0,,A,PU,_Z,2,,,False,WB_WDI,WB_WDI_SP_POP_TOTL,LBR,_T,_T,_T,_Z,_Z,_Z,2023,A,PS,
47088526,P1Y,0,,A,PU,_Z,2,,,False,WB_WDI,WB_WDI_SP_POP_TOTL,KEN,_T,_T,_T,_Z,_Z,_Z,2015,A,PS,
116815,P1Y,0,,A,PU,_Z,2,,,False,WB_WDI,WB_WDI_SP_POP_TOTL,KIR,_T,_T,_T,_Z,_Z,_Z,2015,A,PS,
25575350,P1Y,0,,A,PU,_Z,2,,,False,WB_WDI,WB_WDI_SP_POP_TOTL,PRK,_T,_T,_T,_Z,_Z,_Z,2015,A,PS,
51014947,P1Y,0,,A,PU,_Z,2,,,False,WB_WDI,WB_WDI_SP_POP_TOTL,KOR,_T,_T,_T,_Z,_Z,_Z,2015,A,PS,
1788274,P1Y,0,,A,PU,_Z,2,,,False,WB_WDI,WB_WDI_SP_POP_TOTL,XKX,_T,_T,_T,_Z,_Z,_Z,2015,A,PS,
3834574,P1Y,0,,A,PU,_Z,2,,,False,WB_WDI,WB_WDI_SP_POP_TOTL,KWT,_T,_T,_T,_Z,_Z,_Z,2015,A,PS,
6040036,P1Y,0,,A,PU,_Z,2,,,False,WB_WDI,WB_WDI_SP_POP_TOTL,KGZ,_T,_T,_T,_Z,_Z,_Z,2015,A,PS,
6801645,P1Y,0,,A,PU,_Z,2,,,False,WB_WDI,WB_WDI_SP_POP_TOTL,LAO,_T,_T,_T,_Z,_Z,_Z,2015,A,PS,
1977527,P1Y,0,,A,PU,_Z,2,,,False,WB_WDI,WB_WDI_SP_POP_TOTL,LVA,_T,_T,_T,_Z,_Z,_Z,2015,A,PS,
6472469,P1Y,0,,A,PU,_Z,2,,,False,WB_WDI,WB_WDI_SP_POP_TOTL,LBN,_T,_T,_T,_Z,_Z,_Z,2015,A,PS,
2104611,P1Y,0,,A,PU,_Z,2,,,False,WB_WDI,WB_WDI_SP_POP_TOTL,LSO,_T,_T,_T,_Z,_Z,_Z,2015,A,PS,
4659431,P1Y,0,,A,PU,_Z,2,,,False,WB_WDI,WB_WDI_SP_POP_TOTL,LBR,_T,_T,_T,_Z,_Z,_Z,2015,A,PS,
395346,P1Y,0,,A,PU,_Z,2,,,False,WB_WDI,WB_WDI_SP_POP_TOTL,BLZ,_T,_T,_T,_Z,_Z,_Z,2021,A,PS,
13413417,P1Y,0,,A,PU,_Z,2,,,False,WB_WDI,WB_WDI_SP_POP_TOTL,BEN,_T,_T,_T,_Z,_Z,_Z,2021,A,PS,
64648,P1Y,0,,A,PU,_Z,2,,,False,WB_WDI,WB_WDI_SP_POP_TOTL,BMU,_T,_T,_T,_Z,_Z,_Z,2021,A,PS,
775442,P1Y,0,,A,PU,_Z,2,,,False,WB_WDI,WB_WDI_SP_POP_TOTL,BTN,_T,_T,_T,_Z,_Z,_Z,2021,A,PS,
11937360,P1Y,0,,A,PU,_Z,2,,,False,WB_WDI,WB_WDI_SP_POP_TOTL,BOL,_T,_T,_T,_Z,_Z,_Z,2021,A,PS,
3244907,P1Y,0,,A,PU,_Z,2,,,False,WB_WDI,WB_WDI_SP_POP_TOTL,BIH,_T,_T,_T,_Z,_Z,_Z,2021,A,PS,
2401441,P1Y,0,,A,PU,_Z,2,,,False,WB_WDI,WB_WDI_SP_POP_TOTL,BWA,_T,_T,_T,_Z,_Z,_Z,2021,A,PS,
209550294,P1Y,0,,A,PU,_Z,2,,,False,WB_WDI,WB_WDI_SP_POP_TOTL,BRA,_T,_T,_T,_Z,_Z,_Z,2021,A,PS,
37809,P1Y,0,,A,PU,_Z,2,,,False,WB_WDI,WB_WDI_SP_POP_TOTL,VGB,_T,_T,_T,_Z,_Z,_Z,2021,A,PS,
451721,P1Y,0,,A,PU,_Z,2,,,False,WB_WDI,WB_WDI_SP_POP_TOTL,BRN,_T,_T,_T,_Z,_Z,_Z,2021,A,PS,
6507301,P1Y,0,,A,PU,_Z,2,,,False,WB_WDI,WB_WDI_SP_POP_TOTL,BGR,_T,_T,_T,_Z,_Z,_Z,2021,A,PS,
21995243,P1Y,0,,A,PU,_Z,2,,,False,WB_WDI,WB_WDI_SP_POP_TOTL,BFA,_T,_T,_T,_Z,_Z,_Z,2021,A,PS,
64749,P1Y,0,,A,PU,_Z,2,,,False,WB_WDI,WB_WDI_SP_POP_TOTL,BMU,_T,_T,_T,_Z,_Z,_Z,2022,A,PS,
780914,P1Y,0,,A,PU,_Z,2,,,False,WB_WDI,WB_WDI_SP_POP_TOTL,BTN,_T,_T,_T,_Z,_Z,_Z,2022,A,PS,
12077154,P1Y,0,,A,PU,_Z,2,,,False,WB_WDI,WB_WDI_SP_POP_TOTL,BOL,_T,_T,_T,_Z,_Z,_Z,2022,A,PS,
3204802,P1Y,0,,A,PU,_Z,2,,,False,WB_WDI,WB_WDI_SP_POP_TOTL,BIH,_T,_T,_T,_Z,_Z,_Z,2022,A,PS,
2439892,P1Y,0,,A,PU,_Z,2,,,False,WB_WDI,WB_WDI_SP_POP_TOTL,BWA,_T,_T,_T,_Z,_Z,_Z,2022,A,PS,
210306415,P1Y,0,,A,PU,_Z,2,,,False,WB_WDI,WB_WDI_SP_POP_TOTL,BRA,_T,_T,_T,_Z,_Z,_Z,2022,A,PS,
38319,P1Y,0,,A,PU,_Z,2,,,False,WB_WDI,WB_WDI_SP_POP_TOTL,VGB,_T,_T,_T,_Z,_Z,_Z,2022,A,PS,
455370,P1Y,0,,A,PU,_Z,2,,,False,WB_WDI,WB_WDI_SP_POP_TOTL,BRN,_T,_T,_T,_Z,_Z,_Z,2022,A,PS,
6465097,P1Y,0,,A,PU,_Z,2,,,False,WB_WDI,WB_WDI_SP_POP_TOTL,BGR,_T,_T,_T,_Z,_Z,_Z,2022,A,PS,
22509038,P1Y,0,,A,PU,_Z,2,,,False,WB_WDI,WB_WDI_SP_POP_TOTL,BFA,_T,_T,_T,_Z,_Z,_Z,2022,A,PS,
13321097,P1Y,0,,A,PU,_Z,2,,,False,WB_WDI,WB_WDI_SP_POP_TOTL,BDI,_T,_T,_T,_Z,_Z,_Z,2022,A,PS,
519741,P1Y,0,,A,PU,_Z,2,,,False,WB_WDI,WB_WDI_SP_POP_TOTL,CPV,_T,_T,_T,_Z,_Z,_Z,2022,A,PS,
713090928,P1Y,0,,A,PU,_Z,2,,,False,WB_WDI,WB_WDI_SP_POP_TOTL,AFE,_T,_T,_T,_Z,_Z,_Z,2021,A,PS,
484978794,P1Y,0,,A,PU,_Z,2,,,False,WB_WDI,WB_WDI_SP_POP_TOTL,AFW,_T,_T,_T,_Z,_Z,_Z,2021,A,PS,
460646603,P1Y,0,,A,PU,_Z,2,,,False,WB_WDI,WB_WDI_SP_POP_TOTL,ARB,_T,_T,_T,_Z,_Z,_Z,2021,A,PS,
4479167,P1Y,0,,A,PU,_Z,2,,,False,WB_WDI,WB_WDI_SP_POP_TOTL,CSS,_T,_T,_T,_Z,_Z,_Z,2021,A,PS,
100205732,P1Y,0,,A,PU,_Z,2,,,False,WB_WDI,WB_WDI_SP_POP_TOTL,CEB,_T,_T,_T,_Z,_Z,_Z,2021,A,PS,
3432026092,P1Y,0,,A,PU,_Z,2,,,False,WB_WDI,WB_WDI_SP_POP_TOTL,EAR,_T,_T,_T,_Z,_Z,_Z,2021,A,PS,
2375117716,P1Y,0,,A,PU,_Z,2,,,False,WB_WDI,WB_WDI_SP_POP_TOTL,EAS,_T,_T,_T,_Z,_Z,_Z,2021,A,PS,
2128553744,P1Y,0,,A,PU,_Z,2,,,False,WB_WDI,WB_WDI_SP_POP_TOTL,EAP,_T,_T,_T,_Z,_Z,_Z,2021,A,PS,
2102350702,P1Y,0,,A,PU,_Z,2,,,False,WB_WDI,WB_WDI_SP_POP_TOTL,TEA,_T,_T,_T,_Z,_Z,_Z,2021,A,PS,
353715415,P1Y,0,,A,PU,_Z,2,,,False,WB_WDI,WB_WDI_SP_POP_TOTL,EMU,_T,_T,_T,_Z,_Z,_Z,2021,A,PS,
924375980,P1Y,0,,A,PU,_Z,2,,,False,WB_WDI,WB_WDI_SP_POP_TOTL,ECS,_T,_T,_T,_Z,_Z,_Z,2021,A,PS,
251867727,P1Y,0,,A,PU,_Z,2,,,False,WB_WDI,WB_WDI_SP_POP_TOTL,ECA,_T,_T,_T,_Z,_Z,_Z,2021,A,PS,
463104389,P1Y,0,,A,PU,_Z,2,,,False,WB_WDI,WB_WDI_SP_POP_TOTL,TEC,_T,_T,_T,_Z,_Z,_Z,2021,A,PS,
446228281,P1Y,0,,A,PU,_Z,2,,,False,WB_WDI,WB_WDI_SP_POP_TOTL,EUU,_T,_T,_T,_Z,_Z,_Z,2021,A,PS,
540700,P1Y,0,,A,PU,_Z,2,,,False,WB_WDI,WB_WDI_SP_POP_TOTL,MAC,_T,_T,_T,_Z,_Z,_Z,2008,A,PS,
20923840,P1Y,0,,A,PU,_Z,2,,,False,WB_WDI,WB_WDI_SP_POP_TOTL,MDG,_T,_T,_T,_Z,_Z,_Z,2008,A,PS,
13976417,P1Y,0,,A,PU,_Z,2,,,False,WB_WDI,WB_WDI_SP_POP_TOTL,MWI,_T,_T,_T,_Z,_Z,_Z,2008,A,PS,
27570059,P1Y,0,,A,PU,_Z,2,,,False,WB_WDI,WB_WDI_SP_POP_TOTL,MYS,_T,_T,_T,_Z,_Z,_Z,2008,A,PS,
336170,P1Y,0,,A,PU,_Z,2,,,False,WB_WDI,WB_WDI_SP_POP_TOTL,MDV,_T,_T,_T,_Z,_Z,_Z,2008,A,PS,
14940782,P1Y,0,,A,PU,_Z,2,,,False,WB_WDI,WB_WDI_SP_POP_TOTL,MLI,_T,_T,_T,_Z,_Z,_Z,2008,A,PS,
409379,P1Y,0,,A,PU,_Z,2,,,False,WB_WDI,WB_WDI_SP_POP_TOTL,MLT,_T,_T,_T,_Z,_Z,_Z,2008,A,PS,
52030,P1Y,0,,A,PU,_Z,2,,,False,WB_WDI,WB_WDI_SP_POP_TOTL,MHL,_T,_T,_T,_Z,_Z,_Z,2008,A,PS,
3183269,P1Y,0,,A,PU,_Z,2,,,False,WB_WDI,WB_WDI_SP_POP_TOTL,MRT,_T,_T,_T,_Z,_Z,_Z,2008,A,PS,
1244121,P1Y,0,,A,PU,_Z,2,,,False,WB_WDI,WB_WDI_SP_POP_TOTL,MUS,_T,_T,_T,_Z,_Z,_Z,2008,A,PS,
110374288,P1Y,0,,A,PU,_Z,2,,,False,WB_WDI,WB_WDI_SP_POP_TOTL,MEX,_T,_T,_T,_Z,_Z,_Z,2008,A,PS,
108936,P1Y,0,,A,PU,_Z,2,,,False,WB_WDI,WB_WDI_SP_POP_TOTL,FSM,_T,_T,_T,_Z,_Z,_Z,2008,A,PS,
19503,P1Y,0,,A,PU,_Z,2,,,False,WB_WDI,WB_WDI_SP_POP_TOTL,PLW,_T,_T,_T,_Z,_Z,_Z,2002,A,PS,
3129344,P1Y,0,,A,PU,_Z,2,,,False,WB_WDI,WB_WDI_SP_POP_TOTL,PAN,_T,_T,_T,_Z,_Z,_Z,2002,A,PS,
5924003,P1Y,0,,A,PU,_Z,2,,,False,WB_WDI,WB_WDI_SP_POP_TOTL,PNG,_T,_T,_T,_Z,_Z,_Z,2002,A,PS,
5261328,P1Y,0,,A,PU,_Z,2,,,False,WB_WDI,WB_WDI_SP_POP_TOTL,PRY,_T,_T,_T,_Z,_Z,_Z,2002,A,PS,
27288217,P1Y,0,,A,PU,_Z,2,,,False,WB_WDI,WB_WDI_SP_POP_TOTL,PER,_T,_T,_T,_Z,_Z,_Z,2002,A,PS,
83068889,P1Y,0,,A,PU,_Z,2,,,False,WB_WDI,WB_WDI_SP_POP_TOTL,PHL,_T,_T,_T,_Z,_Z,_Z,2002,A,PS,
38230364,P1Y,0,,A,PU,_Z,2,,,False,WB_WDI,WB_WDI_SP_POP_TOTL,POL,_T,_T,_T,_Z,_Z,_Z,2002,A,PS,
10419631,P1Y,0,,A,PU,_Z,2,,,False,WB_WDI,WB_WDI_SP_POP_TOTL,PRT,_T,_T,_T,_Z,_Z,_Z,2002,A,PS,
3823701,P1Y,0,,A,PU,_Z,2,,,False,WB_WDI,WB_WDI_SP_POP_TOTL,PRI,_T,_T,_T,_Z,_Z,_Z,2002,A,PS,
711205,P1Y,0,,A,PU,_Z,2,,,False,WB_WDI,WB_WDI_SP_POP_TOTL,QAT,_T,_T,_T,_Z,_Z,_Z,2002,A,PS,
21730496,P1Y,0,,A,PU,_Z,2,,,False,WB_WDI,WB_WDI_SP_POP_TOTL,ROU,_T,_T,_T,_Z,_Z,_Z,2002,A,PS,
145306497,P1Y,0,,A,PU,_Z,2,,,False,WB_WDI,WB_WDI_SP_POP_TOTL,RUS,_T,_T,_T,_Z,_Z,_Z,2002,A,PS,
4087500,P1Y,0,,A,PU,_Z,2,,,False,WB_WDI,WB_WDI_SP_POP_TOTL,NZL,_T,_T,_T,_Z,_Z,_Z,2004,A,PS,
5272912,P1Y,0,,A,PU,_Z,2,,,False,WB_WDI,WB_WDI_SP_POP_TOTL,NIC,_T,_T,_T,_Z,_Z,_Z,2004,A,PS,
13265836,P1Y,0,,A,PU,_Z,2,,,False,WB_WDI,WB_WDI_SP_POP_TOTL,NER,_T,_T,_T,_Z,_Z,_Z,2004,A,PS,
141057045,P1Y,0,,A,PU,_Z,2,,,False,WB_WDI,WB_WDI_SP_POP_TOTL,NGA,_T,_T,_T,_Z,_Z,_Z,2004,A,PS,
2016186,P1Y,0,,A,PU,_Z,2,,,False,WB_WDI,WB_WDI_SP_POP_TOTL,MKD,_T,_T,_T,_Z,_Z,_Z,2004,A,PS,
63938,P1Y,0,,A,PU,_Z,2,,,False,WB_WDI,WB_WDI_SP_POP_TOTL,MNP,_T,_T,_T,_Z,_Z,_Z,2004,A,PS,
4591910,P1Y,0,,A,PU,_Z,2,,,False,WB_WDI,WB_WDI_SP_POP_TOTL,NOR,_T,_T,_T,_Z,_Z,_Z,2004,A,PS,
2404821,P1Y,0,,A,PU,_Z,2,,,False,WB_WDI,WB_WDI_SP_POP_TOTL,OMN,_T,_T,_T,_Z,_Z,_Z,2004,A,PS,
171286000,P1Y,0,,A,PU,_Z,2,,,False,WB_WDI,WB_WDI_SP_POP_TOTL,PAK,_T,_T,_T,_Z,_Z,_Z,2004,A,PS,
19820,P1Y,0,,A,PU,_Z,2,,,False,WB_WDI,WB_WDI_SP_POP_TOTL,PLW,_T,_T,_T,_Z,_Z,_Z,2004,A,PS,
3251155,P1Y,0,,A,PU,_Z,2,,,False,WB_WDI,WB_WDI_SP_POP_TOTL,PAN,_T,_T,_T,_Z,_Z,_Z,2004,A,PS,
6328041,P1Y,0,,A,PU,_Z,2,,,False,WB_WDI,WB_WDI_SP_POP_TOTL,PNG,_T,_T,_T,_Z,_Z,_Z,2004,A,PS,
5388175,P1Y,0,,A,PU,_Z,2,,,False,WB_WDI,WB_WDI_SP_POP_TOTL,PRY,_T,_T,_T,_Z,_Z,_Z,2004,A,PS,
6280319,P1Y,0,,A,PU,_Z,2,,,False,WB_WDI,WB_WDI_SP_POP_TOTL,SLV,_T,_T,_T,_Z,_Z,_Z,2022,A,PS,
1803545,P1Y,0,,A,PU,_Z,2,,,False,WB_WDI,WB_WDI_SP_POP_TOTL,GNQ,_T,_T,_T,_Z,_Z,_Z,2022,A,PS,
3409447,P1Y,0,,A,PU,_Z,2,,,False,WB_WDI,WB_WDI_SP_POP_TOTL,ERI,_T,_T,_T,_Z,_Z,_Z,2022,A,PS,
1348840,P1Y,0,,A,PU,_Z,2,,,False,WB_WDI,WB_WDI_SP_POP_TOTL,EST,_T,_T,_T,_Z,_Z,_Z,2022,A,PS,
1218917,P1Y,0,,A,PU,_Z,2,,,False,WB_WDI,WB_WDI_SP_POP_TOTL,SWZ,_T,_T,_T,_Z,_Z,_Z,2022,A,PS,
125384287,P1Y,0,,A,PU,_Z,2,,,False,WB_WDI,WB_WDI_SP_POP_TOTL,ETH,_T,_T,_T,_Z,_Z,_Z,2022,A,PS,
53903,P1Y,0,,A,PU,_Z,2,,,False,WB_WDI,WB_WDI_SP_POP_TOTL,FRO,_T,_T,_T,_Z,_Z,_Z,2022,A,PS,
919422,P1Y,0,,A,PU,_Z,2,,,False,WB_WDI,WB_WDI_SP_POP_TOTL,FJI,_T,_T,_T,_Z,_Z,_Z,2022,A,PS,
5556106,P1Y,0,,A,PU,_Z,2,,,False,WB_WDI,WB_WDI_SP_POP_TOTL,FIN,_T,_T,_T,_Z,_Z,_Z,2022,A,PS,
68184457,P1Y,0,,A,PU,_Z,2,,,False,WB_WDI,WB_WDI_SP_POP_TOTL,FRA,_T,_T,_T,_Z,_Z,_Z,2022,A,PS,
280378,P1Y,0,,A,PU,_Z,2,,,False,WB_WDI,WB_WDI_SP_POP_TOTL,PYF,_T,_T,_T,_Z,_Z,_Z,2022,A,PS,
2430747,P1Y,0,,A,PU,_Z,2,,,False,WB_WDI,WB_WDI_SP_POP_TOTL,GAB,_T,_T,_T,_Z,_Z,_Z,2022,A,PS,
2636470,P1Y,0,,A,PU,_Z,2,,,False,WB_WDI,WB_WDI_SP_POP_TOTL,GMB,_T,_T,_T,_Z,_Z,_Z,2022,A,PS,
3712502,P1Y,0,,A,PU,_Z,2,,,False,WB_WDI,WB_WDI_SP_POP_TOTL,GEO,_T,_T,_T,_Z,_Z,_Z,2022,A,PS,
5479531,P1Y,0,,A,PU,_Z,2,,,False,WB_WDI,WB_WDI_SP_POP_TOTL,FIN,_T,_T,_T,_Z,_Z,_Z,2015,A,PS,
66548272,P1Y,0,,A,PU,_Z,2,,,False,WB_WDI,WB_WDI_SP_POP_TOTL,FRA,_T,_T,_T,_Z,_Z,_Z,2015,A,PS,
277866,P1Y,0,,A,PU,_Z,2,,,False,WB_WDI,WB_WDI_SP_POP_TOTL,PYF,_T,_T,_T,_Z,_Z,_Z,2015,A,PS,
2040989,P1Y,0,,A,PU,_Z,2,,,False,WB_WDI,WB_WDI_SP_POP_TOTL,GAB,_T,_T,_T,_Z,_Z,_Z,2015,A,PS,
2224529,P1Y,0,,A,PU,_Z,2,,,False,WB_WDI,WB_WDI_SP_POP_TOTL,GMB,_T,_T,_T,_Z,_Z,_Z,2015,A,PS,
3725276,P1Y,0,,A,PU,_Z,2,,,False,WB_WDI,WB_WDI_SP_POP_TOTL,GEO,_T,_T,_T,_Z,_Z,_Z,2015,A,PS,
81686611,P1Y,0,,A,PU,_Z,2,,,False,WB_WDI,WB_WDI_SP_POP_TOTL,DEU,_T,_T,_T,_Z,_Z,_Z,2015,A,PS,
28696068,P1Y,0,,A,PU,_Z,2,,,False,WB_WDI,WB_WDI_SP_POP_TOTL,GHA,_T,_T,_T,_Z,_Z,_Z,2015,A,PS,
33193,P1Y,0,,A,PU,_Z,2,,,False,WB_WDI,WB_WDI_SP_POP_TOTL,GIB,_T,_T,_T,_Z,_Z,_Z,2015,A,PS,
10820883,P1Y,0,,A,PU,_Z,2,,,False,WB_WDI,WB_WDI_SP_POP_TOTL,GRC,_T,_T,_T,_Z,_Z,_Z,2015,A,PS,
56114,P1Y,0,,A,PU,_Z,2,,,False,WB_WDI,WB_WDI_SP_POP_TOTL,GRL,_T,_T,_T,_Z,_Z,_Z,2015,A,PS,
114676,P1Y,0,,A,PU,_Z,2,,,False,WB_WDI,WB_WDI_SP_POP_TOTL,GRD,_T,_T,_T,_Z,_Z,_Z,2015,A,PS,
12288050,P1Y,0,,A,PU,_Z,2,,,False,WB_WDI,WB_WDI_SP_POP_TOTL,MLI,_T,_T,_T,_Z,_Z,_Z,2002,A,PS,
395969,P1Y,0,,A,PU,_Z,2,,,False,WB_WDI,WB_WDI_SP_POP_TOTL,MLT,_T,_T,_T,_Z,_Z,_Z,2002,A,PS,
51425,P1Y,0,,A,PU,_Z,2,,,False,WB_WDI,WB_WDI_SP_POP_TOTL,MHL,_T,_T,_T,_Z,_Z,_Z,2002,A,PS,
2738655,P1Y,0,,A,PU,_Z,2,,,False,WB_WDI,WB_WDI_SP_POP_TOTL,MRT,_T,_T,_T,_Z,_Z,_Z,2002,A,PS,
1204621,P1Y,0,,A,PU,_Z,2,,,False,WB_WDI,WB_WDI_SP_POP_TOTL,MUS,_T,_T,_T,_Z,_Z,_Z,2002,A,PS,
101548624,P1Y,0,,A,PU,_Z,2,,,False,WB_WDI,WB_WDI_SP_POP_TOTL,MEX,_T,_T,_T,_Z,_Z,_Z,2002,A,PS,
112448,P1Y,0,,A,PU,_Z,2,,,False,WB_WDI,WB_WDI_SP_POP_TOTL,FSM,_T,_T,_T,_Z,_Z,_Z,2002,A,PS,
2911385,P1Y,0,,A,PU,_Z,2,,,False,WB_WDI,WB_WDI_SP_POP_TOTL,MDA,_T,_T,_T,_Z,_Z,_Z,2002,A,PS,
32422,P1Y,0,,A,PU,_Z,2,,,False,WB_WDI,WB_WDI_SP_POP_TOTL,MCO,_T,_T,_T,_Z,_Z,_Z,2002,A,PS,
2449027,P1Y,0,,A,PU,_Z,2,,,False,WB_WDI,WB_WDI_SP_POP_TOTL,MNG,_T,_T,_T,_Z,_Z,_Z,2002,A,PS,
609828,P1Y,0,,A,PU,_Z,2,,,False,WB_WDI,WB_WDI_SP_POP_TOTL,MNE,_T,_T,_T,_Z,_Z,_Z,2002,A,PS,
29198142,P1Y,0,,A,PU,_Z,2,,,False,WB_WDI,WB_WDI_SP_POP_TOTL,MAR,_T,_T,_T,_Z,_Z,_Z,2002,A,PS,
18958338,P1Y,0,,A,PU,_Z,2,,,False,WB_WDI,WB_WDI_SP_POP_TOTL,MOZ,_T,_T,_T,_Z,_Z,_Z,2002,A,PS,
46232653,P1Y,0,,A,PU,_Z,2,,,False,WB_WDI,WB_WDI_SP_POP_TOTL,MMR,_T,_T,_T,_Z,_Z,_Z,2002,A,PS,
2109881,P1Y,0,,A,PU,_Z,2,,,False,WB_WDI,WB_WDI_SP_POP_TOTL,KWT,_T,_T,_T,_Z,_Z,_Z,2003,A,PS,
5043308,P1Y,0,,A,PU,_Z,2,,,False,WB_WDI,WB_WDI_SP_POP_TOTL,KGZ,_T,_T,_T,_Z,_Z,_Z,2003,A,PS,
5697945,P1Y,0,,A,PU,_Z,2,,,False,WB_WDI,WB_WDI_SP_POP_TOTL,LAO,_T,_T,_T,_Z,_Z,_Z,2003,A,PS,
2287955,P1Y,0,,A,PU,_Z,2,,,False,WB_WDI,WB_WDI_SP_POP_TOTL,LVA,_T,_T,_T,_Z,_Z,_Z,2003,A,PS,
4525508,P1Y,0,,A,PU,_Z,2,,,False,WB_WDI,WB_WDI_SP_POP_TOTL,LBN,_T,_T,_T,_Z,_Z,_Z,2003,A,PS,
1985059,P1Y,0,,A,PU,_Z,2,,,False,WB_WDI,WB_WDI_SP_POP_TOTL,LSO,_T,_T,_T,_Z,_Z,_Z,2003,A,PS,
3119532,P1Y,0,,A,PU,_Z,2,,,False,WB_WDI,WB_WDI_SP_POP_TOTL,LBR,_T,_T,_T,_Z,_Z,_Z,2003,A,PS,
5619398,P1Y,0,,A,PU,_Z,2,,,False,WB_WDI,WB_WDI_SP_POP_TOTL,LBY,_T,_T,_T,_Z,_Z,_Z,2003,A,PS,
34079,P1Y,0,,A,PU,_Z,2,,,False,WB_WDI,WB_WDI_SP_POP_TOTL,LIE,_T,_T,_T,_Z,_Z,_Z,2003,A,PS,
3415213,P1Y,0,,A,PU,_Z,2,,,False,WB_WDI,WB_WDI_SP_POP_TOTL,LTU,_T,_T,_T,_Z,_Z,_Z,2003,A,PS,
451630,P1Y,0,,A,PU,_Z,2,,,False,WB_WDI,WB_WDI_SP_POP_TOTL,LUX,_T,_T,_T,_Z,_Z,_Z,2003,A,PS,
443600,P1Y,0,,A,PU,_Z,2,,,False,WB_WDI,WB_WDI_SP_POP_TOTL,MAC,_T,_T,_T,_Z,_Z,_Z,2003,A,PS,
18071854,P1Y,0,,A,PU,_Z,2,,,False,WB_WDI,WB_WDI_SP_POP_TOTL,MDG,_T,_T,_T,_Z,_Z,_Z,2003,A,PS,
127773000,P1Y,0,,A,PU,_Z,2,,,False,WB_WDI,WB_WDI_SP_POP_TOTL,JPN,_T,_T,_T,_Z,_Z,_Z,2005,A,PS,
6029587,P1Y,0,,A,PU,_Z,2,,,False,WB_WDI,WB_WDI_SP_POP_TOTL,JOR,_T,_T,_T,_Z,_Z,_Z,2005,A,PS,
15968117,P1Y,0,,A,PU,_Z,2,,,False,WB_WDI,WB_WDI_SP_POP_TOTL,KAZ,_T,_T,_T,_Z,_Z,_Z,2005,A,PS,
35796484,P1Y,0,,A,PU,_Z,2,,,False,WB_WDI,WB_WDI_SP_POP_TOTL,KEN,_T,_T,_T,_Z,_Z,_Z,2005,A,PS,
98035,P1Y,0,,A,PU,_Z,2,,,False,WB_WDI,WB_WDI_SP_POP_TOTL,KIR,_T,_T,_T,_Z,_Z,_Z,2005,A,PS,
24396433,P1Y,0,,A,PU,_Z,2,,,False,WB_WDI,WB_WDI_SP_POP_TOTL,PRK,_T,_T,_T,_Z,_Z,_Z,2005,A,PS,
48184561,P1Y,0,,A,PU,_Z,2,,,False,WB_WDI,WB_WDI_SP_POP_TOTL,KOR,_T,_T,_T,_Z,_Z,_Z,2005,A,PS,
1818354,P1Y,0,,A,PU,_Z,2,,,False,WB_WDI,WB_WDI_SP_POP_TOTL,XKX,_T,_T,_T,_Z,_Z,_Z,2005,A,PS,
2236788,P1Y,0,,A,PU,_Z,2,,,False,WB_WDI,WB_WDI_SP_POP_TOTL,KWT,_T,_T,_T,_Z,_Z,_Z,2005,A,PS,
5162640,P1Y,0,,A,PU,_Z,2,,,False,WB_WDI,WB_WDI_SP_POP_TOTL,KGZ,_T,_T,_T,_Z,_Z,_Z,2005,A,PS,
5869523,P1Y,0,,A,PU,_Z,2,,,False,WB_WDI,WB_WDI_SP_POP_TOTL,LAO,_T,_T,_T,_Z,_Z,_Z,2005,A,PS,
2238799,P1Y,0,,A,PU,_Z,2,,,False,WB_WDI,WB_WDI_SP_POP_TOTL,LVA,_T,_T,_T,_Z,_Z,_Z,2005,A,PS,
4671102,P1Y,0,,A,PU,_Z,2,,,False,WB_WDI,WB_WDI_SP_POP_TOTL,LBN,_T,_T,_T,_Z,_Z,_Z,2005,A,PS,
7095383,P1Y,0,,A,PU,_Z,2,,,False,WB_WDI,WB_WDI_SP_POP_TOTL,SRB,_T,_T,_T,_Z,_Z,_Z,2015,A,PS,
93419,P1Y,0,,A,PU,_Z,2,,,False,WB_WDI,WB_WDI_SP_POP_TOTL,SYC,_T,_T,_T,_Z,_Z,_Z,2015,A,PS,
7037655,P1Y,0,,A,PU,_Z,2,,,False,WB_WDI,WB_WDI_SP_POP_TOTL,SLE,_T,_T,_T,_Z,_Z,_Z,2015,A,PS,
5535002,P1Y,0,,A,PU,_Z,2,,,False,WB_WDI,WB_WDI_SP_POP_TOTL,SGP,_T,_T,_T,_Z,_Z,_Z,2015,A,PS,
37471,P1Y,0,,A,PU,_Z,2,,,False,WB_WDI,WB_WDI_SP_POP_TOTL,SXM,_T,_T,_T,_Z,_Z,_Z,2015,A,PS,
5423801,P1Y,0,,A,PU,_Z,2,,,False,WB_WDI,WB_WDI_SP_POP_TOTL,SVK,_T,_T,_T,_Z,_Z,_Z,2015,A,PS,
2063531,P1Y,0,,A,PU,_Z,2,,,False,WB_WDI,WB_WDI_SP_POP_TOTL,SVN,_T,_T,_T,_Z,_Z,_Z,2015,A,PS,
639415,P1Y,0,,A,PU,_Z,2,,,False,WB_WDI,WB_WDI_SP_POP_TOTL,SLB,_T,_T,_T,_Z,_Z,_Z,2015,A,PS,
13806963,P1Y,0,,A,PU,_Z,2,,,False,WB_WDI,WB_WDI_SP_POP_TOTL,SOM,_T,_T,_T,_Z,_Z,_Z,2015,A,PS,
56723537,P1Y,0,,A,PU,_Z,2,,,False,WB_WDI,WB_WDI_SP_POP_TOTL,ZAF,_T,_T,_T,_Z,_Z,_Z,2015,A,PS,
11107561,P1Y,0,,A,PU,_Z,2,,,False,WB_WDI,WB_WDI_SP_POP_TOTL,SSD,_T,_T,_T,_Z,_Z,_Z,2015,A,PS,
46422303,P1Y,0,,A,PU,_Z,2,,,False,WB_WDI,WB_WDI_SP_POP_TOTL,ESP,_T,_T,_T,_Z,_Z,_Z,2015,A,PS,
37515748,P1Y,0,,A,PU,_Z,2,,,False,WB_WDI,WB_WDI_SP_POP_TOTL,POL,_T,_T,_T,_Z,_Z,_Z,2020,A,PS,
10297081,P1Y,0,,A,PU,_Z,2,,,False,WB_WDI,WB_WDI_SP_POP_TOTL,PRT,_T,_T,_T,_Z,_Z,_Z,2020,A,PS,
3281591,P1Y,0,,A,PU,_Z,2,,,False,WB_WDI,WB_WDI_SP_POP_TOTL,PRI,_T,_T,_T,_Z,_Z,_Z,2020,A,PS,
2794148,P1Y,0,,A,PU,_Z,2,,,False,WB_WDI,WB_WDI_SP_POP_TOTL,QAT,_T,_T,_T,_Z,_Z,_Z,2020,A,PS,
19265250,P1Y,0,,A,PU,_Z,2,,,False,WB_WDI,WB_WDI_SP_POP_TOTL,ROU,_T,_T,_T,_Z,_Z,_Z,2020,A,PS,
145245148,P1Y,0,,A,PU,_Z,2,,,False,WB_WDI,WB_WDI_SP_POP_TOTL,RUS,_T,_T,_T,_Z,_Z,_Z,2020,A,PS,
13065837,P1Y,0,,A,PU,_Z,2,,,False,WB_WDI,WB_WDI_SP_POP_TOTL,RWA,_T,_T,_T,_Z,_Z,_Z,2020,A,PS,
211944,P1Y,0,,A,PU,_Z,2,,,False,WB_WDI,WB_WDI_SP_POP_TOTL,WSM,_T,_T,_T,_Z,_Z,_Z,2020,A,PS,
34770,P1Y,0,,A,PU,_Z,2,,,False,WB_WDI,WB_WDI_SP_POP_TOTL,SMR,_T,_T,_T,_Z,_Z,_Z,2020,A,PS,
217435,P1Y,0,,A,PU,_Z,2,,,False,WB_WDI,WB_WDI_SP_POP_TOTL,STP,_T,_T,_T,_Z,_Z,_Z,2020,A,PS,
31552510,P1Y,0,,A,PU,_Z,2,,,False,WB_WDI,WB_WDI_SP_POP_TOTL,SAU,_T,_T,_T,_Z,_Z,_Z,2020,A,PS,
16789219,P1Y,0,,A,PU,_Z,2,,,False,WB_WDI,WB_WDI_SP_POP_TOTL,SEN,_T,_T,_T,_Z,_Z,_Z,2020,A,PS,
1262523,P1Y,0,,A,PU,_Z,2,,,False,WB_WDI,WB_WDI_SP_POP_TOTL,MUS,_T,_T,_T,_Z,_Z,_Z,2022,A,PS,
128613117,P1Y,0,,A,PU,_Z,2,,,False,WB_WDI,WB_WDI_SP_POP_TOTL,MEX,_T,_T,_T,_Z,_Z,_Z,2022,A,PS,
112114,P1Y,0,,A,PU,_Z,2,,,False,WB_WDI,WB_WDI_SP_POP_TOTL,FSM,_T,_T,_T,_Z,_Z,_Z,2022,A,PS,
2528654,P1Y,0,,A,PU,_Z,2,,,False,WB_WDI,WB_WDI_SP_POP_TOTL,MDA,_T,_T,_T,_Z,_Z,_Z,2022,A,PS,
38931,P1Y,0,,A,PU,_Z,2,,,False,WB_WDI,WB_WDI_SP_POP_TOTL,MCO,_T,_T,_T,_Z,_Z,_Z,2022,A,PS,
3433748,P1Y,0,,A,PU,_Z,2,,,False,WB_WDI,WB_WDI_SP_POP_TOTL,MNG,_T,_T,_T,_Z,_Z,_Z,2022,A,PS,
623591,P1Y,0,,A,PU,_Z,2,,,False,WB_WDI,WB_WDI_SP_POP_TOTL,MNE,_T,_T,_T,_Z,_Z,_Z,2022,A,PS,
37329064,P1Y,0,,A,PU,_Z,2,,,False,WB_WDI,WB_WDI_SP_POP_TOTL,MAR,_T,_T,_T,_Z,_Z,_Z,2022,A,PS,
32656246,P1Y,0,,A,PU,_Z,2,,,False,WB_WDI,WB_WDI_SP_POP_TOTL,MOZ,_T,_T,_T,_Z,_Z,_Z,2022,A,PS,
53756787,P1Y,0,,A,PU,_Z,2,,,False,WB_WDI,WB_WDI_SP_POP_TOTL,MMR,_T,_T,_T,_Z,_Z,_Z,2022,A,PS,
2889662,P1Y,0,,A,PU,_Z,2,,,False,WB_WDI,WB_WDI_SP_POP_TOTL,NAM,_T,_T,_T,_Z,_Z,_Z,2022,A,PS,
11801,P1Y,0,,A,PU,_Z,2,,,False,WB_WDI,WB_WDI_SP_POP_TOTL,NRU,_T,_T,_T,_Z,_Z,_Z,2022,A,PS,
29715436,P1Y,0,,A,PU,_Z,2,,,False,WB_WDI,WB_WDI_SP_POP_TOTL,NPL,_T,_T,_T,_Z,_Z,_Z,2022,A,PS,
4898362,P1Y,0,,A,PU,_Z,2,,,False,WB_WDI,WB_WDI_SP_POP_TOTL,KGZ,_T,_T,_T,_Z,_Z,_Z,2000,A,PS,
5431212,P1Y,0,,A,PU,_Z,2,,,False,WB_WDI,WB_WDI_SP_POP_TOTL,LAO,_T,_T,_T,_Z,_Z,_Z,2000,A,PS,
2367550,P1Y,0,,A,PU,_Z,2,,,False,WB_WDI,WB_WDI_SP_POP_TOTL,LVA,_T,_T,_T,_Z,_Z,_Z,2000,A,PS,
4329340,P1Y,0,,A,PU,_Z,2,,,False,WB_WDI,WB_WDI_SP_POP_TOTL,LBN,_T,_T,_T,_Z,_Z,_Z,2000,A,PS,
2003913,P1Y,0,,A,PU,_Z,2,,,False,WB_WDI,WB_WDI_SP_POP_TOTL,LSO,_T,_T,_T,_Z,_Z,_Z,2000,A,PS,
2928117,P1Y,0,,A,PU,_Z,2,,,False,WB_WDI,WB_WDI_SP_POP_TOTL,LBR,_T,_T,_T,_Z,_Z,_Z,2000,A,PS,
5305021,P1Y,0,,A,PU,_Z,2,,,False,WB_WDI,WB_WDI_SP_POP_TOTL,LBY,_T,_T,_T,_Z,_Z,_Z,2000,A,PS,
32645,P1Y,0,,A,PU,_Z,2,,,False,WB_WDI,WB_WDI_SP_POP_TOTL,LIE,_T,_T,_T,_Z,_Z,_Z,2000,A,PS,
3499536,P1Y,0,,A,PU,_Z,2,,,False,WB_WDI,WB_WDI_SP_POP_TOTL,LTU,_T,_T,_T,_Z,_Z,_Z,2000,A,PS,
436300,P1Y,0,,A,PU,_Z,2,,,False,WB_WDI,WB_WDI_SP_POP_TOTL,LUX,_T,_T,_T,_Z,_Z,_Z,2000,A,PS,
430600,P1Y,0,,A,PU,_Z,2,,,False,WB_WDI,WB_WDI_SP_POP_TOTL,MAC,_T,_T,_T,_Z,_Z,_Z,2000,A,PS,
16516338,P1Y,0,,A,PU,_Z,2,,,False,WB_WDI,WB_WDI_SP_POP_TOTL,MDG,_T,_T,_T,_Z,_Z,_Z,2000,A,PS,
11315942,P1Y,0,,A,PU,_Z,2,,,False,WB_WDI,WB_WDI_SP_POP_TOTL,MWI,_T,_T,_T,_Z,_Z,_Z,2000,A,PS,
5398384,P1Y,0,,A,PU,_Z,2,,,False,WB_WDI,WB_WDI_SP_POP_TOTL,SVK,_T,_T,_T,_Z,_Z,_Z,2011,A,PS,
2052843,P1Y,0,,A,PU,_Z,2,,,False,WB_WDI,WB_WDI_SP_POP_TOTL,SVN,_T,_T,_T,_Z,_Z,_Z,2011,A,PS,
552945,P1Y,0,,A,PU,_Z,2,,,False,WB_WDI,WB_WDI_SP_POP_TOTL,SLB,_T,_T,_T,_Z,_Z,_Z,2011,A,PS,
12348830,P1Y,0,,A,PU,_Z,2,,,False,WB_WDI,WB_WDI_SP_POP_TOTL,SOM,_T,_T,_T,_Z,_Z,_Z,2011,A,PS,
52995205,P1Y,0,,A,PU,_Z,2,,,False,WB_WDI,WB_WDI_SP_POP_TOTL,ZAF,_T,_T,_T,_Z,_Z,_Z,2011,A,PS,
10288109,P1Y,0,,A,PU,_Z,2,,,False,WB_WDI,WB_WDI_SP_POP_TOTL,SSD,_T,_T,_T,_Z,_Z,_Z,2011,A,PS,
46742697,P1Y,0,,A,PU,_Z,2,,,False,WB_WDI,WB_WDI_SP_POP_TOTL,ESP,_T,_T,_T,_Z,_Z,_Z,2011,A,PS,
21009048,P1Y,0,,A,PU,_Z,2,,,False,WB_WDI,WB_WDI_SP_POP_TOTL,LKA,_T,_T,_T,_Z,_Z,_Z,2011,A,PS,
46886,P1Y,0,,A,PU,_Z,2,,,False,WB_WDI,WB_WDI_SP_POP_TOTL,KNA,_T,_T,_T,_Z,_Z,_Z,2011,A,PS,
171801,P1Y,0,,A,PU,_Z,2,,,False,WB_WDI,WB_WDI_SP_POP_TOTL,LCA,_T,_T,_T,_Z,_Z,_Z,2011,A,PS,
37069,P1Y,0,,A,PU,_Z,2,,,False,WB_WDI,WB_WDI_SP_POP_TOTL,MAF,_T,_T,_T,_Z,_Z,_Z,2011,A,PS,
109349,P1Y,0,,A,PU,_Z,2,,,False,WB_WDI,WB_WDI_SP_POP_TOTL,VCT,_T,_T,_T,_Z,_Z,_Z,2011,A,PS,
36140806,P1Y,0,,A,PU,_Z,2,,,False,WB_WDI,WB_WDI_SP_POP_TOTL,SDN,_T,_T,_T,_Z,_Z,_Z,2011,A,PS,
9605074,P1Y,0,,A,PU,_Z,2,,,False,WB_WDI,WB_WDI_SP_POP_TOTL,HUN,_T,_T,_T,_Z,_Z,_Z,2022,A,PS,
382003,P1Y,0,,A,PU,_Z,2,,,False,WB_WDI,WB_WDI_SP_POP_TOTL,ISL,_T,_T,_T,_Z,_Z,_Z,2022,A,PS,
1425423212,P1Y,0,,A,PU,_Z,2,,,False,WB_WDI,WB_WDI_SP_POP_TOTL,IND,_T,_T,_T,_Z,_Z,_Z,2022,A,PS,
278830529,P1Y,0,,A,PU,_Z,2,,,False,WB_WDI,WB_WDI_SP_POP_TOTL,IDN,_T,_T,_T,_Z,_Z,_Z,2022,A,PS,
89524246,P1Y,0,,A,PU,_Z,2,,,False,WB_WDI,WB_WDI_SP_POP_TOTL,IRN,_T,_T,_T,_Z,_Z,_Z,2022,A,PS,
44070551,P1Y,0,,A,PU,_Z,2,,,False,WB_WDI,WB_WDI_SP_POP_TOTL,IRQ,_T,_T,_T,_Z,_Z,_Z,2022,A,PS,
5212836,P1Y,0,,A,PU,_Z,2,,,False,WB_WDI,WB_WDI_SP_POP_TOTL,IRL,_T,_T,_T,_Z,_Z,_Z,2022,A,PS,
84132,P1Y,0,,A,PU,_Z,2,,,False,WB_WDI,WB_WDI_SP_POP_TOTL,IMN,_T,_T,_T,_Z,_Z,_Z,2022,A,PS,
9557500,P1Y,0,,A,PU,_Z,2,,,False,WB_WDI,WB_WDI_SP_POP_TOTL,ISR,_T,_T,_T,_Z,_Z,_Z,2022,A,PS,
59013667,P1Y,0,,A,PU,_Z,2,,,False,WB_WDI,WB_WDI_SP_POP_TOTL,ITA,_T,_T,_T,_Z,_Z,_Z,2022,A,PS,
2839144,P1Y,0,,A,PU,_Z,2,,,False,WB_WDI,WB_WDI_SP_POP_TOTL,JAM,_T,_T,_T,_Z,_Z,_Z,2022,A,PS,
125124989,P1Y,0,,A,PU,_Z,2,,,False,WB_WDI,WB_WDI_SP_POP_TOTL,JPN,_T,_T,_T,_Z,_Z,_Z,2022,A,PS,
640962372,P1Y,0,,A,PU,_Z,2,,,False,WB_WDI,WB_WDI_SP_POP_TOTL,LCN,_T,_T,_T,_Z,_Z,_Z,2019,A,PS,
602249777,P1Y,0,,A,PU,_Z,2,,,False,WB_WDI,WB_WDI_SP_POP_TOTL,LAC,_T,_T,_T,_Z,_Z,_Z,2019,A,PS,
625467307,P1Y,0,,A,PU,_Z,2,,,False,WB_WDI,WB_WDI_SP_POP_TOTL,TLA,_T,_T,_T,_Z,_Z,_Z,2019,A,PS,
1057170371,P1Y,0,,A,PU,_Z,2,,,False,WB_WDI,WB_WDI_SP_POP_TOTL,LDC,_T,_T,_T,_Z,_Z,_Z,2019,A,PS,
6387395177,P1Y,0,,A,PU,_Z,2,,,False,WB_WDI,WB_WDI_SP_POP_TOTL,LMY,_T,_T,_T,_Z,_Z,_Z,2019,A,PS,
652255298,P1Y,0,,A,PU,_Z,2,,,False,WB_WDI,WB_WDI_SP_POP_TOTL,LIC,_T,_T,_T,_Z,_Z,_Z,2019,A,PS,
2724611683,P1Y,0,,A,PU,_Z,2,,,False,WB_WDI,WB_WDI_SP_POP_TOTL,LMC,_T,_T,_T,_Z,_Z,_Z,2019,A,PS,
742714463,P1Y,0,,A,PU,_Z,2,,,False,WB_WDI,WB_WDI_SP_POP_TOTL,MEA,_T,_T,_T,_Z,_Z,_Z,2019,A,PS,
680490997,P1Y,0,,A,PU,_Z,2,,,False,WB_WDI,WB_WDI_SP_POP_TOTL,MNA,_T,_T,_T,_Z,_Z,_Z,2019,A,PS,
675805691,P1Y,0,,A,PU,_Z,2,,,False,WB_WDI,WB_WDI_SP_POP_TOTL,TMN,_T,_T,_T,_Z,_Z,_Z,2019,A,PS,
5735139879,P1Y,0,,A,PU,_Z,2,,,False,WB_WDI,WB_WDI_SP_POP_TOTL,MIC,_T,_T,_T,_Z,_Z,_Z,2019,A,PS,
367908829,P1Y,0,,A,PU,_Z,2,,,False,WB_WDI,WB_WDI_SP_POP_TOTL,NAC,_T,_T,_T,_Z,_Z,_Z,2019,A,PS,
70540795,P1Y,0,,A,PU,_Z,2,,,False,WB_WDI,WB_WDI_SP_POP_TOTL,THA,_T,_T,_T,_Z,_Z,_Z,2015,A,PS,
1205131,P1Y,0,,A,PU,_Z,2,,,False,WB_WDI,WB_WDI_SP_POP_TOTL,TLS,_T,_T,_T,_Z,_Z,_Z,2015,A,PS,
7071502,P1Y,0,,A,PU,_Z,2,,,False,WB_WDI,WB_WDI_SP_POP_TOTL,TGO,_T,_T,_T,_Z,_Z,_Z,2015,A,PS,
106095,P1Y,0,,A,PU,_Z,2,,,False,WB_WDI,WB_WDI_SP_POP_TOTL,TON,_T,_T,_T,_Z,_Z,_Z,2015,A,PS,
1349667,P1Y,0,,A,PU,_Z,2,,,False,WB_WDI,WB_WDI_SP_POP_TOTL,TTO,_T,_T,_T,_Z,_Z,_Z,2015,A,PS,
11402264,P1Y,0,,A,PU,_Z,2,,,False,WB_WDI,WB_WDI_SP_POP_TOTL,TUN,_T,_T,_T,_Z,_Z,_Z,2015,A,PS,
78218479,P1Y,0,,A,PU,_Z,2,,,False,WB_WDI,WB_WDI_SP_POP_TOTL,TUR,_T,_T,_T,_Z,_Z,_Z,2015,A,PS,
6215770,P1Y,0,,A,PU,_Z,2,,,False,WB_WDI,WB_WDI_SP_POP_TOTL,TKM,_T,_T,_T,_Z,_Z,_Z,2015,A,PS,
36605,P1Y,0,,A,PU,_Z,2,,,False,WB_WDI,WB_WDI_SP_POP_TOTL,TCA,_T,_T,_T,_Z,_Z,_Z,2015,A,PS,
10963,P1Y,0,,A,PU,_Z,2,,,False,WB_WDI,WB_WDI_SP_POP_TOTL,TUV,_T,_T,_T,_Z,_Z,_Z,2015,A,PS,
37531446,P1Y,0,,A,PU,_Z,2,,,False,WB_WDI,WB_WDI_SP_POP_TOTL,UGA,_T,_T,_T,_Z,_Z,_Z,2015,A,PS,
5097581,P1Y,0,,A,PU,_Z,2,,,False,WB_WDI,WB_WDI_SP_POP_TOTL,COG,_T,_T,_T,_Z,_Z,_Z,2015,A,PS,
4818038,P1Y,0,,A,PU,_Z,2,,,False,WB_WDI,WB_WDI_SP_POP_TOTL,CRI,_T,_T,_T,_Z,_Z,_Z,2015,A,PS,
25246342,P1Y,0,,A,PU,_Z,2,,,False,WB_WDI,WB_WDI_SP_POP_TOTL,CIV,_T,_T,_T,_Z,_Z,_Z,2015,A,PS,
4151725,P1Y,0,,A,PU,_Z,2,,,False,WB_WDI,WB_WDI_SP_POP_TOTL,HRV,_T,_T,_T,_Z,_Z,_Z,2015,A,PS,
11275065,P1Y,0,,A,PU,_Z,2,,,False,WB_WDI,WB_WDI_SP_POP_TOTL,CUB,_T,_T,_T,_Z,_Z,_Z,2015,A,PS,
157980,P1Y,0,,A,PU,_Z,2,,,False,WB_WDI,WB_WDI_SP_POP_TOTL,CUW,_T,_T,_T,_Z,_Z,_Z,2015,A,PS,
1219502,P1Y,0,,A,PU,_Z,2,,,False,WB_WDI,WB_WDI_SP_POP_TOTL,CYP,_T,_T,_T,_Z,_Z,_Z,2015,A,PS,
10546059,P1Y,0,,A,PU,_Z,2,,,False,WB_WDI,WB_WDI_SP_POP_TOTL,CZE,_T,_T,_T,_Z,_Z,_Z,2015,A,PS,
5683483,P1Y,0,,A,PU,_Z,2,,,False,WB_WDI,WB_WDI_SP_POP_TOTL,DNK,_T,_T,_T,_Z,_Z,_Z,2015,A,PS,
1020313,P1Y,0,,A,PU,_Z,2,,,False,WB_WDI,WB_WDI_SP_POP_TOTL,DJI,_T,_T,_T,_Z,_Z,_Z,2015,A,PS,
70410,P1Y,0,,A,PU,_Z,2,,,False,WB_WDI,WB_WDI_SP_POP_TOTL,DMA,_T,_T,_T,_Z,_Z,_Z,2015,A,PS,
143518814,P1Y,0,,A,PU,_Z,2,,,False,WB_WDI,WB_WDI_SP_POP_TOTL,RUS,_T,_T,_T,_Z,_Z,_Z,2005,A,PS,
9054528,P1Y,0,,A,PU,_Z,2,,,False,WB_WDI,WB_WDI_SP_POP_TOTL,RWA,_T,_T,_T,_Z,_Z,_Z,2005,A,PS,
186978,P1Y,0,,A,PU,_Z,2,,,False,WB_WDI,WB_WDI_SP_POP_TOTL,WSM,_T,_T,_T,_Z,_Z,_Z,2005,A,PS,
29836,P1Y,0,,A,PU,_Z,2,,,False,WB_WDI,WB_WDI_SP_POP_TOTL,SMR,_T,_T,_T,_Z,_Z,_Z,2005,A,PS,
161639,P1Y,0,,A,PU,_Z,2,,,False,WB_WDI,WB_WDI_SP_POP_TOTL,STP,_T,_T,_T,_Z,_Z,_Z,2005,A,PS,
20559890,P1Y,0,,A,PU,_Z,2,,,False,WB_WDI,WB_WDI_SP_POP_TOTL,SAU,_T,_T,_T,_Z,_Z,_Z,2005,A,PS,
11235472,P1Y,0,,A,PU,_Z,2,,,False,WB_WDI,WB_WDI_SP_POP_TOTL,SEN,_T,_T,_T,_Z,_Z,_Z,2005,A,PS,
7440769,P1Y,0,,A,PU,_Z,2,,,False,WB_WDI,WB_WDI_SP_POP_TOTL,SRB,_T,_T,_T,_Z,_Z,_Z,2005,A,PS,
82858,P1Y,0,,A,PU,_Z,2,,,False,WB_WDI,WB_WDI_SP_POP_TOTL,SYC,_T,_T,_T,_Z,_Z,_Z,2005,A,PS,
5501712,P1Y,0,,A,PU,_Z,2,,,False,WB_WDI,WB_WDI_SP_POP_TOTL,SLE,_T,_T,_T,_Z,_Z,_Z,2005,A,PS,
4265762,P1Y,0,,A,PU,_Z,2,,,False,WB_WDI,WB_WDI_SP_POP_TOTL,SGP,_T,_T,_T,_Z,_Z,_Z,2005,A,PS,
32057,P1Y,0,,A,PU,_Z,2,,,False,WB_WDI,WB_WDI_SP_POP_TOTL,SXM,_T,_T,_T,_Z,_Z,_Z,2005,A,PS,
5372807,P1Y,0,,A,PU,_Z,2,,,False,WB_WDI,WB_WDI_SP_POP_TOTL,SVK,_T,_T,_T,_Z,_Z,_Z,2005,A,PS,
2000474,P1Y,0,,A,PU,_Z,2,,,False,WB_WDI,WB_WDI_SP_POP_TOTL,SVN,_T,_T,_T,_Z,_Z,_Z,2005,A,PS,
64711821,P1Y,0,,A,PU,_Z,2,,,False,WB_WDI,WB_WDI_SP_POP_TOTL,TZA,_T,_T,_T,_Z,_Z,_Z,2022,A,PS,
71735329,P1Y,0,,A,PU,_Z,2,,,False,WB_WDI,WB_WDI_SP_POP_TOTL,THA,_T,_T,_T,_Z,_Z,_Z,2022,A,PS,
1369295,P1Y,0,,A,PU,_Z,2,,,False,WB_WDI,WB_WDI_SP_POP_TOTL,TLS,_T,_T,_T,_Z,_Z,_Z,2022,A,PS,
8068616,P1Y,0,,A,PU,_Z,2,,,False,WB_WDI,WB_WDI_SP_POP_TOTL,TGO,_T,_T,_T,_Z,_Z,_Z,2022,A,PS,
105042,P1Y,0,,A,PU,_Z,2,,,False,WB_WDI,WB_WDI_SP_POP_TOTL,TON,_T,_T,_T,_Z,_Z,_Z,2022,A,PS,
1365805,P1Y,0,,A,PU,_Z,2,,,False,WB_WDI,WB_WDI_SP_POP_TOTL,TTO,_T,_T,_T,_Z,_Z,_Z,2022,A,PS,
12119334,P1Y,0,,A,PU,_Z,2,,,False,WB_WDI,WB_WDI_SP_POP_TOTL,TUN,_T,_T,_T,_Z,_Z,_Z,2022,A,PS,
84979913,P1Y,0,,A,PU,_Z,2,,,False,WB_WDI,WB_WDI_SP_POP_TOTL,TUR,_T,_T,_T,_Z,_Z,_Z,2022,A,PS,
7230193,P1Y,0,,A,PU,_Z,2,,,False,WB_WDI,WB_WDI_SP_POP_TOTL,TKM,_T,_T,_T,_Z,_Z,_Z,2022,A,PS,
45847,P1Y,0,,A,PU,_Z,2,,,False,WB_WDI,WB_WDI_SP_POP_TOTL,TCA,_T,_T,_T,_Z,_Z,_Z,2022,A,PS,
9992,P1Y,0,,A,PU,_Z,2,,,False,WB_WDI,WB_WDI_SP_POP_TOTL,TUV,_T,_T,_T,_Z,_Z,_Z,2022,A,PS,
47312719,P1Y,0,,A,PU,_Z,2,,,False,WB_WDI,WB_WDI_SP_POP_TOTL,UGA,_T,_T,_T,_Z,_Z,_Z,2022,A,PS,
41048766,P1Y,0,,A,PU,_Z,2,,,False,WB_WDI,WB_WDI_SP_POP_TOTL,UKR,_T,_T,_T,_Z,_Z,_Z,2022,A,PS,
8287094,P1Y,0,,A,PU,_Z,2,,,False,WB_WDI,WB_WDI_SP_POP_TOTL,RWA,_T,_T,_T,_Z,_Z,_Z,2001,A,PS,
183166,P1Y,0,,A,PU,_Z,2,,,False,WB_WDI,WB_WDI_SP_POP_TOTL,WSM,_T,_T,_T,_Z,_Z,_Z,2001,A,PS,
27143,P1Y,0,,A,PU,_Z,2,,,False,WB_WDI,WB_WDI_SP_POP_TOTL,SMR,_T,_T,_T,_Z,_Z,_Z,2001,A,PS,
146375,P1Y,0,,A,PU,_Z,2,,,False,WB_WDI,WB_WDI_SP_POP_TOTL,STP,_T,_T,_T,_Z,_Z,_Z,2001,A,PS,
17041397,P1Y,0,,A,PU,_Z,2,,,False,WB_WDI,WB_WDI_SP_POP_TOTL,SAU,_T,_T,_T,_Z,_Z,_Z,2001,A,PS,
10212942,P1Y,0,,A,PU,_Z,2,,,False,WB_WDI,WB_WDI_SP_POP_TOTL,SEN,_T,_T,_T,_Z,_Z,_Z,2001,A,PS,
7503433,P1Y,0,,A,PU,_Z,2,,,False,WB_WDI,WB_WDI_SP_POP_TOTL,SRB,_T,_T,_T,_Z,_Z,_Z,2001,A,PS,
81202,P1Y,0,,A,PU,_Z,2,,,False,WB_WDI,WB_WDI_SP_POP_TOTL,SYC,_T,_T,_T,_Z,_Z,_Z,2001,A,PS,
4692716,P1Y,0,,A,PU,_Z,2,,,False,WB_WDI,WB_WDI_SP_POP_TOTL,SLE,_T,_T,_T,_Z,_Z,_Z,2001,A,PS,
4138012,P1Y,0,,A,PU,_Z,2,,,False,WB_WDI,WB_WDI_SP_POP_TOTL,SGP,_T,_T,_T,_Z,_Z,_Z,2001,A,PS,
30726,P1Y,0,,A,PU,_Z,2,,,False,WB_WDI,WB_WDI_SP_POP_TOTL,SXM,_T,_T,_T,_Z,_Z,_Z,2001,A,PS,
5378867,P1Y,0,,A,PU,_Z,2,,,False,WB_WDI,WB_WDI_SP_POP_TOTL,SVK,_T,_T,_T,_Z,_Z,_Z,2001,A,PS,
1992060,P1Y,0,,A,PU,_Z,2,,,False,WB_WDI,WB_WDI_SP_POP_TOTL,SVN,_T,_T,_T,_Z,_Z,_Z,2001,A,PS,
449125,P1Y,0,,A,PU,_Z,2,,,False,WB_WDI,WB_WDI_SP_POP_TOTL,SLB,_T,_T,_T,_Z,_Z,_Z,2001,A,PS,
9198493,P1Y,0,,A,PU,_Z,2,,,False,WB_WDI,WB_WDI_SP_POP_TOTL,SOM,_T,_T,_T,_Z,_Z,_Z,2001,A,PS,
47566800,P1Y,0,,A,PU,_Z,2,,,False,WB_WDI,WB_WDI_SP_POP_TOTL,ZAF,_T,_T,_T,_Z,_Z,_Z,2001,A,PS,
48683638,P1Y,0,,A,PU,_Z,2,,,False,WB_WDI,WB_WDI_SP_POP_TOTL,KOR,_T,_T,_T,_Z,_Z,_Z,2007,A,PS,
1807094,P1Y,0,,A,PU,_Z,2,,,False,WB_WDI,WB_WDI_SP_POP_TOTL,XKX,_T,_T,_T,_Z,_Z,_Z,2007,A,PS,
2507887,P1Y,0,,A,PU,_Z,2,,,False,WB_WDI,WB_WDI_SP_POP_TOTL,KWT,_T,_T,_T,_Z,_Z,_Z,2007,A,PS,
5268385,P1Y,0,,A,PU,_Z,2,,,False,WB_WDI,WB_WDI_SP_POP_TOTL,KGZ,_T,_T,_T,_Z,_Z,_Z,2007,A,PS,
6056236,P1Y,0,,A,PU,_Z,2,,,False,WB_WDI,WB_WDI_SP_POP_TOTL,LAO,_T,_T,_T,_Z,_Z,_Z,2007,A,PS,
2200325,P1Y,0,,A,PU,_Z,2,,,False,WB_WDI,WB_WDI_SP_POP_TOTL,LVA,_T,_T,_T,_Z,_Z,_Z,2007,A,PS,
4844118,P1Y,0,,A,PU,_Z,2,,,False,WB_WDI,WB_WDI_SP_POP_TOTL,LBN,_T,_T,_T,_Z,_Z,_Z,2007,A,PS,
1953268,P1Y,0,,A,PU,_Z,2,,,False,WB_WDI,WB_WDI_SP_POP_TOTL,LSO,_T,_T,_T,_Z,_Z,_Z,2007,A,PS,
3669050,P1Y,0,,A,PU,_Z,2,,,False,WB_WDI,WB_WDI_SP_POP_TOTL,LBR,_T,_T,_T,_Z,_Z,_Z,2007,A,PS,
6104380,P1Y,0,,A,PU,_Z,2,,,False,WB_WDI,WB_WDI_SP_POP_TOTL,LBY,_T,_T,_T,_Z,_Z,_Z,2007,A,PS,
35262,P1Y,0,,A,PU,_Z,2,,,False,WB_WDI,WB_WDI_SP_POP_TOTL,LIE,_T,_T,_T,_Z,_Z,_Z,2007,A,PS,
3231294,P1Y,0,,A,PU,_Z,2,,,False,WB_WDI,WB_WDI_SP_POP_TOTL,LTU,_T,_T,_T,_Z,_Z,_Z,2007,A,PS,
479993,P1Y,0,,A,PU,_Z,2,,,False,WB_WDI,WB_WDI_SP_POP_TOTL,LUX,_T,_T,_T,_Z,_Z,_Z,2007,A,PS,
83177813,P1Y,0,,A,PU,_Z,2,,,False,WB_WDI,WB_WDI_SP_POP_TOTL,DEU,_T,_T,_T,_Z,_Z,_Z,2022,A,PS,
33149152,P1Y,0,,A,PU,_Z,2,,,False,WB_WDI,WB_WDI_SP_POP_TOTL,GHA,_T,_T,_T,_Z,_Z,_Z,2022,A,PS,
37609,P1Y,0,,A,PU,_Z,2,,,False,WB_WDI,WB_WDI_SP_POP_TOTL,GIB,_T,_T,_T,_Z,_Z,_Z,2022,A,PS,
10437805,P1Y,0,,A,PU,_Z,2,,,False,WB_WDI,WB_WDI_SP_POP_TOTL,GRC,_T,_T,_T,_Z,_Z,_Z,2022,A,PS,
56661,P1Y,0,,A,PU,_Z,2,,,False,WB_WDI,WB_WDI_SP_POP_TOTL,GRL,_T,_T,_T,_Z,_Z,_Z,2022,A,PS,
116913,P1Y,0,,A,PU,_Z,2,,,False,WB_WDI,WB_WDI_SP_POP_TOTL,GRD,_T,_T,_T,_Z,_Z,_Z,2022,A,PS,
165180,P1Y,0,,A,PU,_Z,2,,,False,WB_WDI,WB_WDI_SP_POP_TOTL,GUM,_T,_T,_T,_Z,_Z,_Z,2022,A,PS,
17847877,P1Y,0,,A,PU,_Z,2,,,False,WB_WDI,WB_WDI_SP_POP_TOTL,GTM,_T,_T,_T,_Z,_Z,_Z,2022,A,PS,
14055137,P1Y,0,,A,PU,_Z,2,,,False,WB_WDI,WB_WDI_SP_POP_TOTL,GIN,_T,_T,_T,_Z,_Z,_Z,2022,A,PS,
2105529,P1Y,0,,A,PU,_Z,2,,,False,WB_WDI,WB_WDI_SP_POP_TOTL,GNB,_T,_T,_T,_Z,_Z,_Z,2022,A,PS,
821637,P1Y,0,,A,PU,_Z,2,,,False,WB_WDI,WB_WDI_SP_POP_TOTL,GUY,_T,_T,_T,_Z,_Z,_Z,2022,A,PS,
11503606,P1Y,0,,A,PU,_Z,2,,,False,WB_WDI,WB_WDI_SP_POP_TOTL,HTI,_T,_T,_T,_Z,_Z,_Z,2022,A,PS,
10463872,P1Y,0,,A,PU,_Z,2,,,False,WB_WDI,WB_WDI_SP_POP_TOTL,HND,_T,_T,_T,_Z,_Z,_Z,2022,A,PS,
7346100,P1Y,0,,A,PU,_Z,2,,,False,WB_WDI,WB_WDI_SP_POP_TOTL,HKG,_T,_T,_T,_Z,_Z,_Z,2022,A,PS,
62378410,P1Y,0,,A,PU,_Z,2,,,False,WB_WDI,WB_WDI_SP_POP_TOTL,ZAF,_T,_T,_T,_Z,_Z,_Z,2022,A,PS,
11021177,P1Y,0,,A,PU,_Z,2,,,False,WB_WDI,WB_WDI_SP_POP_TOTL,SSD,_T,_T,_T,_Z,_Z,_Z,2022,A,PS,
47786102,P1Y,0,,A,PU,_Z,2,,,False,WB_WDI,WB_WDI_SP_POP_TOTL,ESP,_T,_T,_T,_Z,_Z,_Z,2022,A,PS,
22181000,P1Y,0,,A,PU,_Z,2,,,False,WB_WDI,WB_WDI_SP_POP_TOTL,LKA,_T,_T,_T,_Z,_Z,_Z,2022,A,PS,
46709,P1Y,0,,A,PU,_Z,2,,,False,WB_WDI,WB_WDI_SP_POP_TOTL,KNA,_T,_T,_T,_Z,_Z,_Z,2022,A,PS,
178781,P1Y,0,,A,PU,_Z,2,,,False,WB_WDI,WB_WDI_SP_POP_TOTL,LCA,_T,_T,_T,_Z,_Z,_Z,2022,A,PS,
28870,P1Y,0,,A,PU,_Z,2,,,False,WB_WDI,WB_WDI_SP_POP_TOTL,MAF,_T,_T,_T,_Z,_Z,_Z,2022,A,PS,
102046,P1Y,0,,A,PU,_Z,2,,,False,WB_WDI,WB_WDI_SP_POP_TOTL,VCT,_T,_T,_T,_Z,_Z,_Z,2022,A,PS,
49383346,P1Y,0,,A,PU,_Z,2,,,False,WB_WDI,WB_WDI_SP_POP_TOTL,SDN,_T,_T,_T,_Z,_Z,_Z,2022,A,PS,
623164,P1Y,0,,A,PU,_Z,2,,,False,WB_WDI,WB_WDI_SP_POP_TOTL,SUR,_T,_T,_T,_Z,_Z,_Z,2022,A,PS,
10486941,P1Y,0,,A,PU,_Z,2,,,False,WB_WDI,WB_WDI_SP_POP_TOTL,SWE,_T,_T,_T,_Z,_Z,_Z,2022,A,PS,
8777088,P1Y,0,,A,PU,_Z,2,,,False,WB_WDI,WB_WDI_SP_POP_TOTL,CHE,_T,_T,_T,_Z,_Z,_Z,2022,A,PS,
22462173,P1Y,0,,A,PU,_Z,2,,,False,WB_WDI,WB_WDI_SP_POP_TOTL,SYR,_T,_T,_T,_Z,_Z,_Z,2022,A,PS,
10182222,P1Y,0,,A,PU,_Z,2,,,False,WB_WDI,WB_WDI_SP_POP_TOTL,TJK,_T,_T,_T,_Z,_Z,_Z,2022,A,PS,
168126,P1Y,0,,A,PU,_Z,2,,,False,WB_WDI,WB_WDI_SP_POP_TOTL,CHI,_T,_T,_T,_Z,_Z,_Z,2024,A,PS,
19764771,P1Y,0,,A,PU,_Z,2,,,False,WB_WDI,WB_WDI_SP_POP_TOTL,CHL,_T,_T,_T,_Z,_Z,_Z,2024,A,PS,
1408975000,P1Y,0,,A,PU,_Z,2,,,False,WB_WDI,WB_WDI_SP_POP_TOTL,CHN,_T,_T,_T,_Z,_Z,_Z,2024,A,PS,
52886363,P1Y,0,,A,PU,_Z,2,,,False,WB_WDI,WB_WDI_SP_POP_TOTL,COL,_T,_T,_T,_Z,_Z,_Z,2024,A,PS,
866628,P1Y,0,,A,PU,_Z,2,,,False,WB_WDI,WB_WDI_SP_POP_TOTL,COM,_T,_T,_T,_Z,_Z,_Z,2024,A,PS,
109276265,P1Y,0,,A,PU,_Z,2,,,False,WB_WDI,WB_WDI_SP_POP_TOTL,COD,_T,_T,_T,_Z,_Z,_Z,2024,A,PS,
6332961,P1Y,0,,A,PU,_Z,2,,,False,WB_WDI,WB_WDI_SP_POP_TOTL,COG,_T,_T,_T,_Z,_Z,_Z,2024,A,PS,
5129910,P1Y,0,,A,PU,_Z,2,,,False,WB_WDI,WB_WDI_SP_POP_TOTL,CRI,_T,_T,_T,_Z,_Z,_Z,2024,A,PS,
31934230,P1Y,0,,A,PU,_Z,2,,,False,WB_WDI,WB_WDI_SP_POP_TOTL,CIV,_T,_T,_T,_Z,_Z,_Z,2024,A,PS,
3866200,P1Y,0,,A,PU,_Z,2,,,False,WB_WDI,WB_WDI_SP_POP_TOTL,HRV,_T,_T,_T,_Z,_Z,_Z,2024,A,PS,
10979783,P1Y,0,,A,PU,_Z,2,,,False,WB_WDI,WB_WDI_SP_POP_TOTL,CUB,_T,_T,_T,_Z,_Z,_Z,2024,A,PS,
155967,P1Y,0,,A,PU,_Z,2,,,False,WB_WDI,WB_WDI_SP_POP_TOTL,CUW,_T,_T,_T,_Z,_Z,_Z,2024,A,PS,
1358282,P1Y,0,,A,PU,_Z,2,,,False,WB_WDI,WB_WDI_SP_POP_TOTL,CYP,_T,_T,_T,_Z,_Z,_Z,2024,A,PS,
10905028,P1Y,0,,A,PU,_Z,2,,,False,WB_WDI,WB_WDI_SP_POP_TOTL,CZE,_T,_T,_T,_Z,_Z,_Z,2024,A,PS,
5976992,P1Y,0,,A,PU,_Z,2,,,False,WB_WDI,WB_WDI_SP_POP_TOTL,DNK,_T,_T,_T,_Z,_Z,_Z,2024,A,PS,
1168722,P1Y,0,,A,PU,_Z,2,,,False,WB_WDI,WB_WDI_SP_POP_TOTL,DJI,_T,_T,_T,_Z,_Z,_Z,2024,A,PS,
66205,P1Y,0,,A,PU,_Z,2,,,False,WB_WDI,WB_WDI_SP_POP_TOTL,DMA,_T,_T,_T,_Z,_Z,_Z,2024,A,PS,
8406558,P1Y,0,,A,PU,_Z,2,,,False,WB_WDI,WB_WDI_SP_POP_TOTL,TGO,_T,_T,_T,_Z,_Z,_Z,2024,A,PS,
104175,P1Y,0,,A,PU,_Z,2,,,False,WB_WDI,WB_WDI_SP_POP_TOTL,TON,_T,_T,_T,_Z,_Z,_Z,2024,A,PS,
1368333,P1Y,0,,A,PU,_Z,2,,,False,WB_WDI,WB_WDI_SP_POP_TOTL,TTO,_T,_T,_T,_Z,_Z,_Z,2024,A,PS,
12277109,P1Y,0,,A,PU,_Z,2,,,False,WB_WDI,WB_WDI_SP_POP_TOTL,TUN,_T,_T,_T,_Z,_Z,_Z,2024,A,PS,
85518661,P1Y,0,,A,PU,_Z,2,,,False,WB_WDI,WB_WDI_SP_POP_TOTL,TUR,_T,_T,_T,_Z,_Z,_Z,2024,A,PS,
7494498,P1Y,0,,A,PU,_Z,2,,,False,WB_WDI,WB_WDI_SP_POP_TOTL,TKM,_T,_T,_T,_Z,_Z,_Z,2024,A,PS,
46535,P1Y,0,,A,PU,_Z,2,,,False,WB_WDI,WB_WDI_SP_POP_TOTL,TCA,_T,_T,_T,_Z,_Z,_Z,2024,A,PS,
9646,P1Y,0,,A,PU,_Z,2,,,False,WB_WDI,WB_WDI_SP_POP_TOTL,TUV,_T,_T,_T,_Z,_Z,_Z,2024,A,PS,
50015092,P1Y,0,,A,PU,_Z,2,,,False,WB_WDI,WB_WDI_SP_POP_TOTL,UGA,_T,_T,_T,_Z,_Z,_Z,2024,A,PS,
37860221,P1Y,0,,A,PU,_Z,2,,,False,WB_WDI,WB_WDI_SP_POP_TOTL,UKR,_T,_T,_T,_Z,_Z,_Z,2024,A,PS,
10986400,P1Y,0,,A,PU,_Z,2,,,False,WB_WDI,WB_WDI_SP_POP_TOTL,ARE,_T,_T,_T,_Z,_Z,_Z,2024,A,PS,
69281000,P1Y,0,,A,PU,_Z,2,,,False,WB_WDI,WB_WDI_SP_POP_TOTL,GBR,_T,_T,_T,_Z,_Z,_Z,2024,A,PS,
340003797,P1Y,0,,A,PU,_Z,2,,,False,WB_WDI,WB_WDI_SP_POP_TOTL,USA,_T,_T,_T,_Z,_Z,_Z,2024,A,PS,
3386588,P1Y,0,,A,PU,_Z,2,,,False,WB_WDI,WB_WDI_SP_POP_TOTL,URY,_T,_T,_T,_Z,_Z,_Z,2024,A,PS,
36361859,P1Y,0,,A,PU,_Z,2,,,False,WB_WDI,WB_WDI_SP_POP_TOTL,UZB,_T,_T,_T,_Z,_Z,_Z,2024,A,PS,
327777,P1Y,0,,A,PU,_Z,2,,,False,WB_WDI,WB_WDI_SP_POP_TOTL,VUT,_T,_T,_T,_Z,_Z,_Z,2024,A,PS,
28405543,P1Y,0,,A,PU,_Z,2,,,False,WB_WDI,WB_WDI_SP_POP_TOTL,VEN,_T,_T,_T,_Z,_Z,_Z,2024,A,PS,
1406047164,P1Y,0,,A,PU,_Z,2,,,False,WB_WDI,WB_WDI_SP_POP_TOTL,SAS,_T,_T,_T,_Z,_Z,_Z,2008,A,PS,
1406047164,P1Y,0,,A,PU,_Z,2,,,False,WB_WDI,WB_WDI_SP_POP_TOTL,TSA,_T,_T,_T,_Z,_Z,_Z,2008,A,PS,
846224198,P1Y,0,,A,PU,_Z,2,,,False,WB_WDI,WB_WDI_SP_POP_TOTL,SSF,_T,_T,_T,_Z,_Z,_Z,2008,A,PS,
846137242,P1Y,0,,A,PU,_Z,2,,,False,WB_WDI,WB_WDI_SP_POP_TOTL,SSA,_T,_T,_T,_Z,_Z,_Z,2008,A,PS,
846224198,P1Y,0,,A,PU,_Z,2,,,False,WB_WDI,WB_WDI_SP_POP_TOTL,TSS,_T,_T,_T,_Z,_Z,_Z,2008,A,PS,
2737948611,P1Y,0,,A,PU,_Z,2,,,False,WB_WDI,WB_WDI_SP_POP_TOTL,UMC,_T,_T,_T,_Z,_Z,_Z,2008,A,PS,
6830080867,P1Y,0,,A,PU,_Z,2,,,False,WB_WDI,WB_WDI_SP_POP_TOTL,WLD,_T,_T,_T,_Z,_Z,_Z,2008,A,PS,
26482622,P1Y,0,,A,PU,_Z,2,,,False,WB_WDI,WB_WDI_SP_POP_TOTL,AFG,_T,_T,_T,_Z,_Z,_Z,2008,A,PS,
2947314,P1Y,0,,A,PU,_Z,2,,,False,WB_WDI,WB_WDI_SP_POP_TOTL,ALB,_T,_T,_T,_Z,_Z,_Z,2008,A,PS,
34816961,P1Y,0,,A,PU,_Z,2,,,False,WB_WDI,WB_WDI_SP_POP_TOTL,DZA,_T,_T,_T,_Z,_Z,_Z,2008,A,PS,
55828,P1Y,0,,A,PU,_Z,2,,,False,WB_WDI,WB_WDI_SP_POP_TOTL,ASM,_T,_T,_T,_Z,_Z,_Z,2008,A,PS,
83495,P1Y,0,,A,PU,_Z,2,,,False,WB_WDI,WB_WDI_SP_POP_TOTL,AND,_T,_T,_T,_Z,_Z,_Z,2008,A,PS,
21578655,P1Y,0,,A,PU,_Z,2,,,False,WB_WDI,WB_WDI_SP_POP_TOTL,AGO,_T,_T,_T,_Z,_Z,_Z,2008,A,PS,
82912,P1Y,0,,A,PU,_Z,2,,,False,WB_WDI,WB_WDI_SP_POP_TOTL,ATG,_T,_T,_T,_Z,_Z,_Z,2008,A,PS,
2014775934,P1Y,0,,A,PU,_Z,2,,,False,WB_WDI,WB_WDI_SP_POP_TOTL,LMC,_T,_T,_T,_Z,_Z,_Z,2001,A,PS,
506478256,P1Y,0,,A,PU,_Z,2,,,False,WB_WDI,WB_WDI_SP_POP_TOTL,MEA,_T,_T,_T,_Z,_Z,_Z,2001,A,PS,
473223662,P1Y,0,,A,PU,_Z,2,,,False,WB_WDI,WB_WDI_SP_POP_TOTL,MNA,_T,_T,_T,_Z,_Z,_Z,2001,A,PS,
470225878,P1Y,0,,A,PU,_Z,2,,,False,WB_WDI,WB_WDI_SP_POP_TOTL,TMN,_T,_T,_T,_Z,_Z,_Z,2001,A,PS,
4587166020,P1Y,0,,A,PU,_Z,2,,,False,WB_WDI,WB_WDI_SP_POP_TOTL,MIC,_T,_T,_T,_Z,_Z,_Z,2001,A,PS,
316051677,P1Y,0,,A,PU,_Z,2,,,False,WB_WDI,WB_WDI_SP_POP_TOTL,NAC,_T,_T,_T,_Z,_Z,_Z,2001,A,PS,
1211109104,P1Y,0,,A,PU,_Z,2,,,False,WB_WDI,WB_WDI_SP_POP_TOTL,OED,_T,_T,_T,_Z,_Z,_Z,2001,A,PS,
9961679,P1Y,0,,A,PU,_Z,2,,,False,WB_WDI,WB_WDI_SP_POP_TOTL,OSS,_T,_T,_T,_Z,_Z,_Z,2001,A,PS,
2069097,P1Y,0,,A,PU,_Z,2,,,False,WB_WDI,WB_WDI_SP_POP_TOTL,PSS,_T,_T,_T,_Z,_Z,_Z,2001,A,PS,
1026105872,P1Y,0,,A,PU,_Z,2,,,False,WB_WDI,WB_WDI_SP_POP_TOTL,PST,_T,_T,_T,_Z,_Z,_Z,2001,A,PS,
578214152,P1Y,0,,A,PU,_Z,2,,,False,WB_WDI,WB_WDI_SP_POP_TOTL,PRE,_T,_T,_T,_Z,_Z,_Z,2001,A,PS,
16017863,P1Y,0,,A,PU,_Z,2,,,False,WB_WDI,WB_WDI_SP_POP_TOTL,SST,_T,_T,_T,_Z,_Z,_Z,2001,A,PS,
1260149056,P1Y,0,,A,PU,_Z,2,,,False,WB_WDI,WB_WDI_SP_POP_TOTL,SAS,_T,_T,_T,_Z,_Z,_Z,2001,A,PS,
1260149056,P1Y,0,,A,PU,_Z,2,,,False,WB_WDI,WB_WDI_SP_POP_TOTL,TSA,_T,_T,_T,_Z,_Z,_Z,2001,A,PS,
699215347,P1Y,0,,A,PU,_Z,2,,,False,WB_WDI,WB_WDI_SP_POP_TOTL,SSF,_T,_T,_T,_Z,_Z,_Z,2001,A,PS,
7769819,P1Y,0,,A,PU,_Z,2,,,False,WB_WDI,WB_WDI_SP_POP_TOTL,LAO,_T,_T,_T,_Z,_Z,_Z,2024,A,PS,
1866124,P1Y,0,,A,PU,_Z,2,,,False,WB_WDI,WB_WDI_SP_POP_TOTL,LVA,_T,_T,_T,_Z,_Z,_Z,2024,A,PS,
5805962,P1Y,0,,A,PU,_Z,2,,,False,WB_WDI,WB_WDI_SP_POP_TOTL,LBN,_T,_T,_T,_Z,_Z,_Z,2024,A,PS,
2337423,P1Y,0,,A,PU,_Z,2,,,False,WB_WDI,WB_WDI_SP_POP_TOTL,LSO,_T,_T,_T,_Z,_Z,_Z,2024,A,PS,
5612817,P1Y,0,,A,PU,_Z,2,,,False,WB_WDI,WB_WDI_SP_POP_TOTL,LBR,_T,_T,_T,_Z,_Z,_Z,2024,A,PS,
7381023,P1Y,0,,A,PU,_Z,2,,,False,WB_WDI,WB_WDI_SP_POP_TOTL,LBY,_T,_T,_T,_Z,_Z,_Z,2024,A,PS,
40450,P1Y,0,,A,PU,_Z,2,,,False,WB_WDI,WB_WDI_SP_POP_TOTL,LIE,_T,_T,_T,_Z,_Z,_Z,2024,A,PS,
2888278,P1Y,0,,A,PU,_Z,2,,,False,WB_WDI,WB_WDI_SP_POP_TOTL,LTU,_T,_T,_T,_Z,_Z,_Z,2024,A,PS,
677012,P1Y,0,,A,PU,_Z,2,,,False,WB_WDI,WB_WDI_SP_POP_TOTL,LUX,_T,_T,_T,_Z,_Z,_Z,2024,A,PS,
687000,P1Y,0,,A,PU,_Z,2,,,False,WB_WDI,WB_WDI_SP_POP_TOTL,MAC,_T,_T,_T,_Z,_Z,_Z,2024,A,PS,
31964956,P1Y,0,,A,PU,_Z,2,,,False,WB_WDI,WB_WDI_SP_POP_TOTL,MDG,_T,_T,_T,_Z,_Z,_Z,2024,A,PS,
21655286,P1Y,0,,A,PU,_Z,2,,,False,WB_WDI,WB_WDI_SP_POP_TOTL,MWI,_T,_T,_T,_Z,_Z,_Z,2024,A,PS,
35557673,P1Y,0,,A,PU,_Z,2,,,False,WB_WDI,WB_WDI_SP_POP_TOTL,MYS,_T,_T,_T,_Z,_Z,_Z,2024,A,PS,
527799,P1Y,0,,A,PU,_Z,2,,,False,WB_WDI,WB_WDI_SP_POP_TOTL,MDV,_T,_T,_T,_Z,_Z,_Z,2024,A,PS,
24478595,P1Y,0,,A,PU,_Z,2,,,False,WB_WDI,WB_WDI_SP_POP_TOTL,MLI,_T,_T,_T,_Z,_Z,_Z,2024,A,PS,
568847,P1Y,0,,A,PU,_Z,2,,,False,WB_WDI,WB_WDI_SP_POP_TOTL,MLT,_T,_T,_T,_Z,_Z,_Z,2024,A,PS,
37548,P1Y,0,,A,PU,_Z,2,,,False,WB_WDI,WB_WDI_SP_POP_TOTL,MHL,_T,_T,_T,_Z,_Z,_Z,2024,A,PS,
667464006,P1Y,0,,A,PU,_Z,2,,,False,WB_WDI,WB_WDI_SP_POP_TOTL,MEA,_T,_T,_T,_Z,_Z,_Z,2013,A,PS,
613151287,P1Y,0,,A,PU,_Z,2,,,False,WB_WDI,WB_WDI_SP_POP_TOTL,MNA,_T,_T,_T,_Z,_Z,_Z,2013,A,PS,
609074579,P1Y,0,,A,PU,_Z,2,,,False,WB_WDI,WB_WDI_SP_POP_TOTL,TMN,_T,_T,_T,_Z,_Z,_Z,2013,A,PS,
5359014668,P1Y,0,,A,PU,_Z,2,,,False,WB_WDI,WB_WDI_SP_POP_TOTL,MIC,_T,_T,_T,_Z,_Z,_Z,2013,A,PS,
351870848,P1Y,0,,A,PU,_Z,2,,,False,WB_WDI,WB_WDI_SP_POP_TOTL,NAC,_T,_T,_T,_Z,_Z,_Z,2013,A,PS,
1315426979,P1Y,0,,A,PU,_Z,2,,,False,WB_WDI,WB_WDI_SP_POP_TOTL,OED,_T,_T,_T,_Z,_Z,_Z,2013,A,PS,
11466589,P1Y,0,,A,PU,_Z,2,,,False,WB_WDI,WB_WDI_SP_POP_TOTL,OSS,_T,_T,_T,_Z,_Z,_Z,2013,A,PS,
2382931,P1Y,0,,A,PU,_Z,2,,,False,WB_WDI,WB_WDI_SP_POP_TOTL,PSS,_T,_T,_T,_Z,_Z,_Z,2013,A,PS,
1088423167,P1Y,0,,A,PU,_Z,2,,,False,WB_WDI,WB_WDI_SP_POP_TOTL,PST,_T,_T,_T,_Z,_Z,_Z,2013,A,PS,
821651825,P1Y,0,,A,PU,_Z,2,,,False,WB_WDI,WB_WDI_SP_POP_TOTL,PRE,_T,_T,_T,_Z,_Z,_Z,2013,A,PS,
18107202,P1Y,0,,A,PU,_Z,2,,,False,WB_WDI,WB_WDI_SP_POP_TOTL,SST,_T,_T,_T,_Z,_Z,_Z,2013,A,PS,
1501661991,P1Y,0,,A,PU,_Z,2,,,False,WB_WDI,WB_WDI_SP_POP_TOTL,SAS,_T,_T,_T,_Z,_Z,_Z,2013,A,PS,
1501661991,P1Y,0,,A,PU,_Z,2,,,False,WB_WDI,WB_WDI_SP_POP_TOTL,TSA,_T,_T,_T,_Z,_Z,_Z,2013,A,PS,
970746312,P1Y,0,,A,PU,_Z,2,,,False,WB_WDI,WB_WDI_SP_POP_TOTL,SSF,_T,_T,_T,_Z,_Z,_Z,2013,A,PS,
11427557,P1Y,0,,A,PU,_Z,2,,,False,WB_WDI,WB_WDI_SP_POP_TOTL,DOM,_T,_T,_T,_Z,_Z,_Z,2024,A,PS,
18135478,P1Y,0,,A,PU,_Z,2,,,False,WB_WDI,WB_WDI_SP_POP_TOTL,ECU,_T,_T,_T,_Z,_Z,_Z,2024,A,PS,
116538258,P1Y,0,,A,PU,_Z,2,,,False,WB_WDI,WB_WDI_SP_POP_TOTL,EGY,_T,_T,_T,_Z,_Z,_Z,2024,A,PS,
6338193,P1Y,0,,A,PU,_Z,2,,,False,WB_WDI,WB_WDI_SP_POP_TOTL,SLV,_T,_T,_T,_Z,_Z,_Z,2024,A,PS,
1892516,P1Y,0,,A,PU,_Z,2,,,False,WB_WDI,WB_WDI_SP_POP_TOTL,GNQ,_T,_T,_T,_Z,_Z,_Z,2024,A,PS,
3535603,P1Y,0,,A,PU,_Z,2,,,False,WB_WDI,WB_WDI_SP_POP_TOTL,ERI,_T,_T,_T,_Z,_Z,_Z,2024,A,PS,
1372341,P1Y,0,,A,PU,_Z,2,,,False,WB_WDI,WB_WDI_SP_POP_TOTL,EST,_T,_T,_T,_Z,_Z,_Z,2024,A,PS,
1242822,P1Y,0,,A,PU,_Z,2,,,False,WB_WDI,WB_WDI_SP_POP_TOTL,SWZ,_T,_T,_T,_Z,_Z,_Z,2024,A,PS,
132059767,P1Y,0,,A,PU,_Z,2,,,False,WB_WDI,WB_WDI_SP_POP_TOTL,ETH,_T,_T,_T,_Z,_Z,_Z,2024,A,PS,
54640,P1Y,0,,A,PU,_Z,2,,,False,WB_WDI,WB_WDI_SP_POP_TOTL,FRO,_T,_T,_T,_Z,_Z,_Z,2024,A,PS,
928784,P1Y,0,,A,PU,_Z,2,,,False,WB_WDI,WB_WDI_SP_POP_TOTL,FJI,_T,_T,_T,_Z,_Z,_Z,2024,A,PS,
5619911,P1Y,0,,A,PU,_Z,2,,,False,WB_WDI,WB_WDI_SP_POP_TOTL,FIN,_T,_T,_T,_Z,_Z,_Z,2024,A,PS,
68551653,P1Y,0,,A,PU,_Z,2,,,False,WB_WDI,WB_WDI_SP_POP_TOTL,FRA,_T,_T,_T,_Z,_Z,_Z,2024,A,PS,
281807,P1Y,0,,A,PU,_Z,2,,,False,WB_WDI,WB_WDI_SP_POP_TOTL,PYF,_T,_T,_T,_Z,_Z,_Z,2024,A,PS,
2538952,P1Y,0,,A,PU,_Z,2,,,False,WB_WDI,WB_WDI_SP_POP_TOTL,GAB,_T,_T,_T,_Z,_Z,_Z,2024,A,PS,
2759988,P1Y,0,,A,PU,_Z,2,,,False,WB_WDI,WB_WDI_SP_POP_TOTL,GMB,_T,_T,_T,_Z,_Z,_Z,2024,A,PS,
3812518,P1Y,0,,A,PU,_Z,2,,,False,WB_WDI,WB_WDI_SP_POP_TOTL,GEO,_T,_T,_T,_Z,_Z,_Z,2024,A,PS,
319046534,P1Y,0,,A,PU,_Z,2,,,False,WB_WDI,WB_WDI_SP_POP_TOTL,NAC,_T,_T,_T,_Z,_Z,_Z,2002,A,PS,
1220101353,P1Y,0,,A,PU,_Z,2,,,False,WB_WDI,WB_WDI_SP_POP_TOTL,OED,_T,_T,_T,_Z,_Z,_Z,2002,A,PS,
10136134,P1Y,0,,A,PU,_Z,2,,,False,WB_WDI,WB_WDI_SP_POP_TOTL,OSS,_T,_T,_T,_Z,_Z,_Z,2002,A,PS,
2095273,P1Y,0,,A,PU,_Z,2,,,False,WB_WDI,WB_WDI_SP_POP_TOTL,PSS,_T,_T,_T,_Z,_Z,_Z,2002,A,PS,
1031302538,P1Y,0,,A,PU,_Z,2,,,False,WB_WDI,WB_WDI_SP_POP_TOTL,PST,_T,_T,_T,_Z,_Z,_Z,2002,A,PS,
595728391,P1Y,0,,A,PU,_Z,2,,,False,WB_WDI,WB_WDI_SP_POP_TOTL,PRE,_T,_T,_T,_Z,_Z,_Z,2002,A,PS,
16250203,P1Y,0,,A,PU,_Z,2,,,False,WB_WDI,WB_WDI_SP_POP_TOTL,SST,_T,_T,_T,_Z,_Z,_Z,2002,A,PS,
1282584796,P1Y,0,,A,PU,_Z,2,,,False,WB_WDI,WB_WDI_SP_POP_TOTL,SAS,_T,_T,_T,_Z,_Z,_Z,2002,A,PS,
1282584796,P1Y,0,,A,PU,_Z,2,,,False,WB_WDI,WB_WDI_SP_POP_TOTL,TSA,_T,_T,_T,_Z,_Z,_Z,2002,A,PS,
718276009,P1Y,0,,A,PU,_Z,2,,,False,WB_WDI,WB_WDI_SP_POP_TOTL,SSF,_T,_T,_T,_Z,_Z,_Z,2002,A,PS,
718192286,P1Y,0,,A,PU,_Z,2,,,False,WB_WDI,WB_WDI_SP_POP_TOTL,SSA,_T,_T,_T,_Z,_Z,_Z,2002,A,PS,
718276009,P1Y,0,,A,PU,_Z,2,,,False,WB_WDI,WB_WDI_SP_POP_TOTL,TSS,_T,_T,_T,_Z,_Z,_Z,2002,A,PS,
2596717081,P1Y,0,,A,PU,_Z,2,,,False,WB_WDI,WB_WDI_SP_POP_TOTL,UMC,_T,_T,_T,_Z,_Z,_Z,2002,A,PS,
6327171255,P1Y,0,,A,PU,_Z,2,,,False,WB_WDI,WB_WDI_SP_POP_TOTL,WLD,_T,_T,_T,_Z,_Z,_Z,2002,A,PS,
21378117,P1Y,0,,A,PU,_Z,2,,,False,WB_WDI,WB_WDI_SP_POP_TOTL,AFG,_T,_T,_T,_Z,_Z,_Z,2002,A,PS,
5975818672,P1Y,0,,A,PU,_Z,2,,,False,WB_WDI,WB_WDI_SP_POP_TOTL,MIC,_T,_T,_T,_Z,_Z,_Z,2024,A,PS,
381330762,P1Y,0,,A,PU,_Z,2,,,False,WB_WDI,WB_WDI_SP_POP_TOTL,NAC,_T,_T,_T,_Z,_Z,_Z,2024,A,PS,
1396826761,P1Y,0,,A,PU,_Z,2,,,False,WB_WDI,WB_WDI_SP_POP_TOTL,OED,_T,_T,_T,_Z,_Z,_Z,2024,A,PS,
12931878,P1Y,0,,A,PU,_Z,2,,,False,WB_WDI,WB_WDI_SP_POP_TOTL,OSS,_T,_T,_T,_Z,_Z,_Z,2024,A,PS,
2722467,P1Y,0,,A,PU,_Z,2,,,False,WB_WDI,WB_WDI_SP_POP_TOTL,PSS,_T,_T,_T,_Z,_Z,_Z,2024,A,PS,
1128299339,P1Y,0,,A,PU,_Z,2,,,False,WB_WDI,WB_WDI_SP_POP_TOTL,PST,_T,_T,_T,_Z,_Z,_Z,2024,A,PS,
1104843110,P1Y,0,,A,PU,_Z,2,,,False,WB_WDI,WB_WDI_SP_POP_TOTL,PRE,_T,_T,_T,_Z,_Z,_Z,2024,A,PS,
20193405,P1Y,0,,A,PU,_Z,2,,,False,WB_WDI,WB_WDI_SP_POP_TOTL,SST,_T,_T,_T,_Z,_Z,_Z,2024,A,PS,
1677384532,P1Y,0,,A,PU,_Z,2,,,False,WB_WDI,WB_WDI_SP_POP_TOTL,SAS,_T,_T,_T,_Z,_Z,_Z,2024,A,PS,
1677384532,P1Y,0,,A,PU,_Z,2,,,False,WB_WDI,WB_WDI_SP_POP_TOTL,TSA,_T,_T,_T,_Z,_Z,_Z,2024,A,PS,
1289936286,P1Y,0,,A,PU,_Z,2,,,False,WB_WDI,WB_WDI_SP_POP_TOTL,SSF,_T,_T,_T,_Z,_Z,_Z,2024,A,PS,
1289814932,P1Y,0,,A,PU,_Z,2,,,False,WB_WDI,WB_WDI_SP_POP_TOTL,SSA,_T,_T,_T,_Z,_Z,_Z,2024,A,PS,
1289936286,P1Y,0,,A,PU,_Z,2,,,False,WB_WDI,WB_WDI_SP_POP_TOTL,TSS,_T,_T,_T,_Z,_Z,_Z,2024,A,PS,
3068439051,P1Y,0,,A,PU,_Z,2,,,False,WB_WDI,WB_WDI_SP_POP_TOTL,UMC,_T,_T,_T,_Z,_Z,_Z,2024,A,PS,
8140897523,P1Y,0,,A,PU,_Z,2,,,False,WB_WDI,WB_WDI_SP_POP_TOTL,WLD,_T,_T,_T,_Z,_Z,_Z,2024,A,PS,
42647492,P1Y,0,,A,PU,_Z,2,,,False,WB_WDI,WB_WDI_SP_POP_TOTL,AFG,_T,_T,_T,_Z,_Z,_Z,2024,A,PS,
2377128,P1Y,0,,A,PU,_Z,2,,,False,WB_WDI,WB_WDI_SP_POP_TOTL,ALB,_T,_T,_T,_Z,_Z,_Z,2024,A,PS,
46814308,P1Y,0,,A,PU,_Z,2,,,False,WB_WDI,WB_WDI_SP_POP_TOTL,DZA,_T,_T,_T,_Z,_Z,_Z,2024,A,PS,
46765,P1Y,0,,A,PU,_Z,2,,,False,WB_WDI,WB_WDI_SP_POP_TOTL,ASM,_T,_T,_T,_Z,_Z,_Z,2024,A,PS,
81938,P1Y,0,,A,PU,_Z,2,,,False,WB_WDI,WB_WDI_SP_POP_TOTL,AND,_T,_T,_T,_Z,_Z,_Z,2024,A,PS,
37885849,P1Y,0,,A,PU,_Z,2,,,False,WB_WDI,WB_WDI_SP_POP_TOTL,AGO,_T,_T,_T,_Z,_Z,_Z,2024,A,PS,
10983595,P1Y,0,,A,PU,_Z,2,,,False,WB_WDI,WB_WDI_SP_POP_TOTL,ZMB,_T,_T,_T,_Z,_Z,_Z,2003,A,PS,
12232323,P1Y,0,,A,PU,_Z,2,,,False,WB_WDI,WB_WDI_SP_POP_TOTL,ZWE,_T,_T,_T,_Z,_Z,_Z,2003,A,PS,
450928044,P1Y,0,,A,PU,_Z,2,,,False,WB_WDI,WB_WDI_SP_POP_TOTL,AFE,_T,_T,_T,_Z,_Z,_Z,2004,A,PS,
307309912,P1Y,0,,A,PU,_Z,2,,,False,WB_WDI,WB_WDI_SP_POP_TOTL,AFW,_T,_T,_T,_Z,_Z,_Z,2004,A,PS,
315060277,P1Y,0,,A,PU,_Z,2,,,False,WB_WDI,WB_WDI_SP_POP_TOTL,ARB,_T,_T,_T,_Z,_Z,_Z,2004,A,PS,
4080569,P1Y,0,,A,PU,_Z,2,,,False,WB_WDI,WB_WDI_SP_POP_TOTL,CSS,_T,_T,_T,_Z,_Z,_Z,2004,A,PS,
106331716,P1Y,0,,A,PU,_Z,2,,,False,WB_WDI,WB_WDI_SP_POP_TOTL,CEB,_T,_T,_T,_Z,_Z,_Z,2004,A,PS,
2693184997,P1Y,0,,A,PU,_Z,2,,,False,WB_WDI,WB_WDI_SP_POP_TOTL,EAR,_T,_T,_T,_Z,_Z,_Z,2004,A,PS,
2118747885,P1Y,0,,A,PU,_Z,2,,,False,WB_WDI,WB_WDI_SP_POP_TOTL,EAS,_T,_T,_T,_Z,_Z,_Z,2004,A,PS,
1883675167,P1Y,0,,A,PU,_Z,2,,,False,WB_WDI,WB_WDI_SP_POP_TOTL,EAP,_T,_T,_T,_Z,_Z,_Z,2004,A,PS,
1859450104,P1Y,0,,A,PU,_Z,2,,,False,WB_WDI,WB_WDI_SP_POP_TOTL,TEA,_T,_T,_T,_Z,_Z,_Z,2004,A,PS,
339856977,P1Y,0,,A,PU,_Z,2,,,False,WB_WDI,WB_WDI_SP_POP_TOTL,EMU,_T,_T,_T,_Z,_Z,_Z,2004,A,PS,
873069464,P1Y,0,,A,PU,_Z,2,,,False,WB_WDI,WB_WDI_SP_POP_TOTL,ECS,_T,_T,_T,_Z,_Z,_Z,2004,A,PS,
222413290,P1Y,0,,A,PU,_Z,2,,,False,WB_WDI,WB_WDI_SP_POP_TOTL,ECA,_T,_T,_T,_Z,_Z,_Z,2004,A,PS,
438136036,P1Y,0,,A,PU,_Z,2,,,False,WB_WDI,WB_WDI_SP_POP_TOTL,TEC,_T,_T,_T,_Z,_Z,_Z,2004,A,PS,
3689099,P1Y,0,,A,PU,_Z,2,,,False,WB_WDI,WB_WDI_SP_POP_TOTL,PSE,_T,_T,_T,_Z,_Z,_Z,2009,A,PS,
25927724,P1Y,0,,A,PU,_Z,2,,,False,WB_WDI,WB_WDI_SP_POP_TOTL,YEM,_T,_T,_T,_Z,_Z,_Z,2009,A,PS,
13490389,P1Y,0,,A,PU,_Z,2,,,False,WB_WDI,WB_WDI_SP_POP_TOTL,ZMB,_T,_T,_T,_Z,_Z,_Z,2009,A,PS,
13142790,P1Y,0,,A,PU,_Z,2,,,False,WB_WDI,WB_WDI_SP_POP_TOTL,ZWE,_T,_T,_T,_Z,_Z,_Z,2009,A,PS,
530308387,P1Y,0,,A,PU,_Z,2,,,False,WB_WDI,WB_WDI_SP_POP_TOTL,AFE,_T,_T,_T,_Z,_Z,_Z,2010,A,PS,
363951468,P1Y,0,,A,PU,_Z,2,,,False,WB_WDI,WB_WDI_SP_POP_TOTL,AFW,_T,_T,_T,_Z,_Z,_Z,2010,A,PS,
363568534,P1Y,0,,A,PU,_Z,2,,,False,WB_WDI,WB_WDI_SP_POP_TOTL,ARB,_T,_T,_T,_Z,_Z,_Z,2010,A,PS,
4173335,P1Y,0,,A,PU,_Z,2,,,False,WB_WDI,WB_WDI_SP_POP_TOTL,CSS,_T,_T,_T,_Z,_Z,_Z,2010,A,PS,
104421447,P1Y,0,,A,PU,_Z,2,,,False,WB_WDI,WB_WDI_SP_POP_TOTL,CEB,_T,_T,_T,_Z,_Z,_Z,2010,A,PS,
2967104472,P1Y,0,,A,PU,_Z,2,,,False,WB_WDI,WB_WDI_SP_POP_TOTL,EAR,_T,_T,_T,_Z,_Z,_Z,2010,A,PS,
2214613815,P1Y,0,,A,PU,_Z,2,,,False,WB_WDI,WB_WDI_SP_POP_TOTL,EAS,_T,_T,_T,_Z,_Z,_Z,2010,A,PS,
1973602166,P1Y,0,,A,PU,_Z,2,,,False,WB_WDI,WB_WDI_SP_POP_TOTL,EAP,_T,_T,_T,_Z,_Z,_Z,2010,A,PS,
1948643347,P1Y,0,,A,PU,_Z,2,,,False,WB_WDI,WB_WDI_SP_POP_TOTL,TEA,_T,_T,_T,_Z,_Z,_Z,2010,A,PS,
238248,P1Y,0,,A,PU,_Z,2,,,False,WB_WDI,WB_WDI_SP_POP_TOTL,VUT,_T,_T,_T,_Z,_Z,_Z,2010,A,PS,
28813101,P1Y,0,,A,PU,_Z,2,,,False,WB_WDI,WB_WDI_SP_POP_TOTL,VEN,_T,_T,_T,_Z,_Z,_Z,2010,A,PS,
87455152,P1Y,0,,A,PU,_Z,2,,,False,WB_WDI,WB_WDI_SP_POP_TOTL,VNM,_T,_T,_T,_Z,_Z,_Z,2010,A,PS,
108357,P1Y,0,,A,PU,_Z,2,,,False,WB_WDI,WB_WDI_SP_POP_TOTL,VIR,_T,_T,_T,_Z,_Z,_Z,2010,A,PS,
3786161,P1Y,0,,A,PU,_Z,2,,,False,WB_WDI,WB_WDI_SP_POP_TOTL,PSE,_T,_T,_T,_Z,_Z,_Z,2010,A,PS,
26754387,P1Y,0,,A,PU,_Z,2,,,False,WB_WDI,WB_WDI_SP_POP_TOTL,YEM,_T,_T,_T,_Z,_Z,_Z,2010,A,PS,
13965594,P1Y,0,,A,PU,_Z,2,,,False,WB_WDI,WB_WDI_SP_POP_TOTL,ZMB,_T,_T,_T,_Z,_Z,_Z,2010,A,PS,
13356548,P1Y,0,,A,PU,_Z,2,,,False,WB_WDI,WB_WDI_SP_POP_TOTL,ZWE,_T,_T,_T,_Z,_Z,_Z,2010,A,PS,
544737983,P1Y,0,,A,PU,_Z,2,,,False,WB_WDI,WB_WDI_SP_POP_TOTL,AFE,_T,_T,_T,_Z,_Z,_Z,2011,A,PS,
374374251,P1Y,0,,A,PU,_Z,2,,,False,WB_WDI,WB_WDI_SP_POP_TOTL,AFW,_T,_T,_T,_Z,_Z,_Z,2011,A,PS,
372054934,P1Y,0,,A,PU,_Z,2,,,False,WB_WDI,WB_WDI_SP_POP_TOTL,ARB,_T,_T,_T,_Z,_Z,_Z,2011,A,PS,
4201107,P1Y,0,,A,PU,_Z,2,,,False,WB_WDI,WB_WDI_SP_POP_TOTL,CSS,_T,_T,_T,_Z,_Z,_Z,2011,A,PS,
944434989,P1Y,0,,A,PU,_Z,2,,,False,WB_WDI,WB_WDI_SP_POP_TOTL,SSA,_T,_T,_T,_Z,_Z,_Z,2012,A,PS,
944523292,P1Y,0,,A,PU,_Z,2,,,False,WB_WDI,WB_WDI_SP_POP_TOTL,TSS,_T,_T,_T,_Z,_Z,_Z,2012,A,PS,
2836944313,P1Y,0,,A,PU,_Z,2,,,False,WB_WDI,WB_WDI_SP_POP_TOTL,UMC,_T,_T,_T,_Z,_Z,_Z,2012,A,PS,
7176482165,P1Y,0,,A,PU,_Z,2,,,False,WB_WDI,WB_WDI_SP_POP_TOTL,WLD,_T,_T,_T,_Z,_Z,_Z,2012,A,PS,
30560034,P1Y,0,,A,PU,_Z,2,,,False,WB_WDI,WB_WDI_SP_POP_TOTL,AFG,_T,_T,_T,_Z,_Z,_Z,2012,A,PS,
2860708,P1Y,0,,A,PU,_Z,2,,,False,WB_WDI,WB_WDI_SP_POP_TOTL,ALB,_T,_T,_T,_Z,_Z,_Z,2012,A,PS,
37646166,P1Y,0,,A,PU,_Z,2,,,False,WB_WDI,WB_WDI_SP_POP_TOTL,DZA,_T,_T,_T,_Z,_Z,_Z,2012,A,PS,
54489,P1Y,0,,A,PU,_Z,2,,,False,WB_WDI,WB_WDI_SP_POP_TOTL,ASM,_T,_T,_T,_Z,_Z,_Z,2012,A,PS,
76834,P1Y,0,,A,PU,_Z,2,,,False,WB_WDI,WB_WDI_SP_POP_TOTL,AND,_T,_T,_T,_Z,_Z,_Z,2012,A,PS,
25177394,P1Y,0,,A,PU,_Z,2,,,False,WB_WDI,WB_WDI_SP_POP_TOTL,AGO,_T,_T,_T,_Z,_Z,_Z,2012,A,PS,
87260,P1Y,0,,A,PU,_Z,2,,,False,WB_WDI,WB_WDI_SP_POP_TOTL,ATG,_T,_T,_T,_Z,_Z,_Z,2012,A,PS,
42161721,P1Y,0,,A,PU,_Z,2,,,False,WB_WDI,WB_WDI_SP_POP_TOTL,ARG,_T,_T,_T,_Z,_Z,_Z,2012,A,PS,
3024100,P1Y,0,,A,PU,_Z,2,,,False,WB_WDI,WB_WDI_SP_POP_TOTL,ARM,_T,_T,_T,_Z,_Z,_Z,2012,A,PS,
3379283,P1Y,0,,A,PU,_Z,2,,,False,WB_WDI,WB_WDI_SP_POP_TOTL,URY,_T,_T,_T,_Z,_Z,_Z,2016,A,PS,
31284568,P1Y,0,,A,PU,_Z,2,,,False,WB_WDI,WB_WDI_SP_POP_TOTL,UZB,_T,_T,_T,_Z,_Z,_Z,2016,A,PS,
272087,P1Y,0,,A,PU,_Z,2,,,False,WB_WDI,WB_WDI_SP_POP_TOTL,VUT,_T,_T,_T,_Z,_Z,_Z,2016,A,PS,
30765720,P1Y,0,,A,PU,_Z,2,,,False,WB_WDI,WB_WDI_SP_POP_TOTL,VEN,_T,_T,_T,_Z,_Z,_Z,2016,A,PS,
94000117,P1Y,0,,A,PU,_Z,2,,,False,WB_WDI,WB_WDI_SP_POP_TOTL,VNM,_T,_T,_T,_Z,_Z,_Z,2016,A,PS,
107516,P1Y,0,,A,PU,_Z,2,,,False,WB_WDI,WB_WDI_SP_POP_TOTL,VIR,_T,_T,_T,_Z,_Z,_Z,2016,A,PS,
4367088,P1Y,0,,A,PU,_Z,2,,,False,WB_WDI,WB_WDI_SP_POP_TOTL,PSE,_T,_T,_T,_Z,_Z,_Z,2016,A,PS,
32109010,P1Y,0,,A,PU,_Z,2,,,False,WB_WDI,WB_WDI_SP_POP_TOTL,YEM,_T,_T,_T,_Z,_Z,_Z,2016,A,PS,
16914423,P1Y,0,,A,PU,_Z,2,,,False,WB_WDI,WB_WDI_SP_POP_TOTL,ZMB,_T,_T,_T,_Z,_Z,_Z,2016,A,PS,
14600294,P1Y,0,,A,PU,_Z,2,,,False,WB_WDI,WB_WDI_SP_POP_TOTL,ZWE,_T,_T,_T,_Z,_Z,_Z,2016,A,PS,
640058741,P1Y,0,,A,PU,_Z,2,,,False,WB_WDI,WB_WDI_SP_POP_TOTL,AFE,_T,_T,_T,_Z,_Z,_Z,2017,A,PS,
440150152,P1Y,0,,A,PU,_Z,2,,,False,WB_WDI,WB_WDI_SP_POP_TOTL,AFW,_T,_T,_T,_Z,_Z,_Z,2017,A,PS,
428315886,P1Y,0,,A,PU,_Z,2,,,False,WB_WDI,WB_WDI_SP_POP_TOTL,ARB,_T,_T,_T,_Z,_Z,_Z,2017,A,PS,
348398403,P1Y,0,,A,PU,_Z,2,,,False,WB_WDI,WB_WDI_SP_POP_TOTL,EMU,_T,_T,_T,_Z,_Z,_Z,2010,A,PS,
890990370,P1Y,0,,A,PU,_Z,2,,,False,WB_WDI,WB_WDI_SP_POP_TOTL,ECS,_T,_T,_T,_Z,_Z,_Z,2010,A,PS,
230106440,P1Y,0,,A,PU,_Z,2,,,False,WB_WDI,WB_WDI_SP_POP_TOTL,ECA,_T,_T,_T,_Z,_Z,_Z,2010,A,PS,
442936599,P1Y,0,,A,PU,_Z,2,,,False,WB_WDI,WB_WDI_SP_POP_TOTL,TEC,_T,_T,_T,_Z,_Z,_Z,2010,A,PS,
442088310,P1Y,0,,A,PU,_Z,2,,,False,WB_WDI,WB_WDI_SP_POP_TOTL,EUU,_T,_T,_T,_Z,_Z,_Z,2010,A,PS,
638389596,P1Y,0,,A,PU,_Z,2,,,False,WB_WDI,WB_WDI_SP_POP_TOTL,HPC,_T,_T,_T,_Z,_Z,_Z,2010,A,PS,
1328657753,P1Y,0,,A,PU,_Z,2,,,False,WB_WDI,WB_WDI_SP_POP_TOTL,HIC,_T,_T,_T,_Z,_Z,_Z,2010,A,PS,
4436714947,P1Y,0,,A,PU,_Z,2,,,False,WB_WDI,WB_WDI_SP_POP_TOTL,IBD,_T,_T,_T,_Z,_Z,_Z,2010,A,PS,
5876238780,P1Y,0,,A,PU,_Z,2,,,False,WB_WDI,WB_WDI_SP_POP_TOTL,IBT,_T,_T,_T,_Z,_Z,_Z,2010,A,PS,
508422508,P1Y,0,,A,PU,_Z,2,,,False,WB_WDI,WB_WDI_SP_POP_TOTL,IDB,_T,_T,_T,_Z,_Z,_Z,2010,A,PS,
931101325,P1Y,0,,A,PU,_Z,2,,,False,WB_WDI,WB_WDI_SP_POP_TOTL,IDX,_T,_T,_T,_Z,_Z,_Z,2010,A,PS,
1439523833,P1Y,0,,A,PU,_Z,2,,,False,WB_WDI,WB_WDI_SP_POP_TOTL,IDA,_T,_T,_T,_Z,_Z,_Z,2010,A,PS,
28166393,P1Y,0,,A,PU,_Z,2,,,False,WB_WDI,WB_WDI_SP_POP_TOTL,MOZ,_T,_T,_T,_Z,_Z,_Z,2017,A,PS,
51894938,P1Y,0,,A,PU,_Z,2,,,False,WB_WDI,WB_WDI_SP_POP_TOTL,MMR,_T,_T,_T,_Z,_Z,_Z,2017,A,PS,
2506853,P1Y,0,,A,PU,_Z,2,,,False,WB_WDI,WB_WDI_SP_POP_TOTL,NAM,_T,_T,_T,_Z,_Z,_Z,2017,A,PS,
11324,P1Y,0,,A,PU,_Z,2,,,False,WB_WDI,WB_WDI_SP_POP_TOTL,NRU,_T,_T,_T,_Z,_Z,_Z,2017,A,PS,
28011258,P1Y,0,,A,PU,_Z,2,,,False,WB_WDI,WB_WDI_SP_POP_TOTL,NPL,_T,_T,_T,_Z,_Z,_Z,2017,A,PS,
17131296,P1Y,0,,A,PU,_Z,2,,,False,WB_WDI,WB_WDI_SP_POP_TOTL,NLD,_T,_T,_T,_Z,_Z,_Z,2017,A,PS,
283546,P1Y,0,,A,PU,_Z,2,,,False,WB_WDI,WB_WDI_SP_POP_TOTL,NCL,_T,_T,_T,_Z,_Z,_Z,2017,A,PS,
4813600,P1Y,0,,A,PU,_Z,2,,,False,WB_WDI,WB_WDI_SP_POP_TOTL,NZL,_T,_T,_T,_Z,_Z,_Z,2017,A,PS,
6316231,P1Y,0,,A,PU,_Z,2,,,False,WB_WDI,WB_WDI_SP_POP_TOTL,NIC,_T,_T,_T,_Z,_Z,_Z,2017,A,PS,
21435446,P1Y,0,,A,PU,_Z,2,,,False,WB_WDI,WB_WDI_SP_POP_TOTL,NER,_T,_T,_T,_Z,_Z,_Z,2017,A,PS,
200254579,P1Y,0,,A,PU,_Z,2,,,False,WB_WDI,WB_WDI_SP_POP_TOTL,NGA,_T,_T,_T,_Z,_Z,_Z,2017,A,PS,
1898657,P1Y,0,,A,PU,_Z,2,,,False,WB_WDI,WB_WDI_SP_POP_TOTL,MKD,_T,_T,_T,_Z,_Z,_Z,2017,A,PS,
8791710,P1Y,0,,A,PU,_Z,2,,,False,WB_WDI,WB_WDI_SP_POP_TOTL,JOR,_T,_T,_T,_Z,_Z,_Z,2014,A,PS,
17816285,P1Y,0,,A,PU,_Z,2,,,False,WB_WDI,WB_WDI_SP_POP_TOTL,KAZ,_T,_T,_T,_Z,_Z,_Z,2014,A,PS,
46051440,P1Y,0,,A,PU,_Z,2,,,False,WB_WDI,WB_WDI_SP_POP_TOTL,KEN,_T,_T,_T,_Z,_Z,_Z,2014,A,PS,
115326,P1Y,0,,A,PU,_Z,2,,,False,WB_WDI,WB_WDI_SP_POP_TOTL,KIR,_T,_T,_T,_Z,_Z,_Z,2014,A,PS,
25451262,P1Y,0,,A,PU,_Z,2,,,False,WB_WDI,WB_WDI_SP_POP_TOTL,PRK,_T,_T,_T,_Z,_Z,_Z,2014,A,PS,
50746659,P1Y,0,,A,PU,_Z,2,,,False,WB_WDI,WB_WDI_SP_POP_TOTL,KOR,_T,_T,_T,_Z,_Z,_Z,2014,A,PS,
1812788,P1Y,0,,A,PU,_Z,2,,,False,WB_WDI,WB_WDI_SP_POP_TOTL,XKX,_T,_T,_T,_Z,_Z,_Z,2014,A,PS,
3665876,P1Y,0,,A,PU,_Z,2,,,False,WB_WDI,WB_WDI_SP_POP_TOTL,KWT,_T,_T,_T,_Z,_Z,_Z,2014,A,PS,
5905848,P1Y,0,,A,PU,_Z,2,,,False,WB_WDI,WB_WDI_SP_POP_TOTL,KGZ,_T,_T,_T,_Z,_Z,_Z,2014,A,PS,
6703172,P1Y,0,,A,PU,_Z,2,,,False,WB_WDI,WB_WDI_SP_POP_TOTL,LAO,_T,_T,_T,_Z,_Z,_Z,2014,A,PS,
1993782,P1Y,0,,A,PU,_Z,2,,,False,WB_WDI,WB_WDI_SP_POP_TOTL,LVA,_T,_T,_T,_Z,_Z,_Z,2014,A,PS,
18651931,P1Y,0,,A,PU,_Z,2,,,False,WB_WDI,WB_WDI_SP_POP_TOTL,KAZ,_T,_T,_T,_Z,_Z,_Z,2017,A,PS,
49197766,P1Y,0,,A,PU,_Z,2,,,False,WB_WDI,WB_WDI_SP_POP_TOTL,KEN,_T,_T,_T,_Z,_Z,_Z,2017,A,PS,
120275,P1Y,0,,A,PU,_Z,2,,,False,WB_WDI,WB_WDI_SP_POP_TOTL,KIR,_T,_T,_T,_Z,_Z,_Z,2017,A,PS,
25817709,P1Y,0,,A,PU,_Z,2,,,False,WB_WDI,WB_WDI_SP_POP_TOTL,PRK,_T,_T,_T,_Z,_Z,_Z,2017,A,PS,
51361911,P1Y,0,,A,PU,_Z,2,,,False,WB_WDI,WB_WDI_SP_POP_TOTL,KOR,_T,_T,_T,_Z,_Z,_Z,2017,A,PS,
1791019,P1Y,0,,A,PU,_Z,2,,,False,WB_WDI,WB_WDI_SP_POP_TOTL,XKX,_T,_T,_T,_Z,_Z,_Z,2017,A,PS,
4154812,P1Y,0,,A,PU,_Z,2,,,False,WB_WDI,WB_WDI_SP_POP_TOTL,KWT,_T,_T,_T,_Z,_Z,_Z,2017,A,PS,
6306696,P1Y,0,,A,PU,_Z,2,,,False,WB_WDI,WB_WDI_SP_POP_TOTL,KGZ,_T,_T,_T,_Z,_Z,_Z,2017,A,PS,
7018147,P1Y,0,,A,PU,_Z,2,,,False,WB_WDI,WB_WDI_SP_POP_TOTL,LAO,_T,_T,_T,_Z,_Z,_Z,2017,A,PS,
1942248,P1Y,0,,A,PU,_Z,2,,,False,WB_WDI,WB_WDI_SP_POP_TOTL,LVA,_T,_T,_T,_Z,_Z,_Z,2017,A,PS,
6160128,P1Y,0,,A,PU,_Z,2,,,False,WB_WDI,WB_WDI_SP_POP_TOTL,LBN,_T,_T,_T,_Z,_Z,_Z,2017,A,PS,
9833038,P1Y,0,,A,PU,_Z,2,,,False,WB_WDI,WB_WDI_SP_POP_TOTL,HUN,_T,_T,_T,_Z,_Z,_Z,2014,A,PS,
327386,P1Y,0,,A,PU,_Z,2,,,False,WB_WDI,WB_WDI_SP_POP_TOTL,ISL,_T,_T,_T,_Z,_Z,_Z,2014,A,PS,
1312277191,P1Y,0,,A,PU,_Z,2,,,False,WB_WDI,WB_WDI_SP_POP_TOTL,IND,_T,_T,_T,_Z,_Z,_Z,2014,A,PS,
258877399,P1Y,0,,A,PU,_Z,2,,,False,WB_WDI,WB_WDI_SP_POP_TOTL,IDN,_T,_T,_T,_Z,_Z,_Z,2014,A,PS,
81502045,P1Y,0,,A,PU,_Z,2,,,False,WB_WDI,WB_WDI_SP_POP_TOTL,IRN,_T,_T,_T,_Z,_Z,_Z,2014,A,PS,
36550059,P1Y,0,,A,PU,_Z,2,,,False,WB_WDI,WB_WDI_SP_POP_TOTL,IRQ,_T,_T,_T,_Z,_Z,_Z,2014,A,PS,
4657740,P1Y,0,,A,PU,_Z,2,,,False,WB_WDI,WB_WDI_SP_POP_TOTL,IRL,_T,_T,_T,_Z,_Z,_Z,2014,A,PS,
83892,P1Y,0,,A,PU,_Z,2,,,False,WB_WDI,WB_WDI_SP_POP_TOTL,IMN,_T,_T,_T,_Z,_Z,_Z,2014,A,PS,
8215700,P1Y,0,,A,PU,_Z,2,,,False,WB_WDI,WB_WDI_SP_POP_TOTL,ISR,_T,_T,_T,_Z,_Z,_Z,2014,A,PS,
60320707,P1Y,0,,A,PU,_Z,2,,,False,WB_WDI,WB_WDI_SP_POP_TOTL,ITA,_T,_T,_T,_Z,_Z,_Z,2014,A,PS,
2793749,P1Y,0,,A,PU,_Z,2,,,False,WB_WDI,WB_WDI_SP_POP_TOTL,JAM,_T,_T,_T,_Z,_Z,_Z,2014,A,PS,
127276000,P1Y,0,,A,PU,_Z,2,,,False,WB_WDI,WB_WDI_SP_POP_TOTL,JPN,_T,_T,_T,_Z,_Z,_Z,2014,A,PS,
65941,P1Y,0,,A,PU,_Z,2,,,False,WB_WDI,WB_WDI_SP_POP_TOTL,CYM,_T,_T,_T,_Z,_Z,_Z,2018,A,PS,
4878657,P1Y,0,,A,PU,_Z,2,,,False,WB_WDI,WB_WDI_SP_POP_TOTL,CAF,_T,_T,_T,_Z,_Z,_Z,2018,A,PS,
16156531,P1Y,0,,A,PU,_Z,2,,,False,WB_WDI,WB_WDI_SP_POP_TOTL,TCD,_T,_T,_T,_Z,_Z,_Z,2018,A,PS,
164949,P1Y,0,,A,PU,_Z,2,,,False,WB_WDI,WB_WDI_SP_POP_TOTL,CHI,_T,_T,_T,_Z,_Z,_Z,2018,A,PS,
18893191,P1Y,0,,A,PU,_Z,2,,,False,WB_WDI,WB_WDI_SP_POP_TOTL,CHL,_T,_T,_T,_Z,_Z,_Z,2018,A,PS,
1402760000,P1Y,0,,A,PU,_Z,2,,,False,WB_WDI,WB_WDI_SP_POP_TOTL,CHN,_T,_T,_T,_Z,_Z,_Z,2018,A,PS,
49024465,P1Y,0,,A,PU,_Z,2,,,False,WB_WDI,WB_WDI_SP_POP_TOTL,COL,_T,_T,_T,_Z,_Z,_Z,2018,A,PS,
771590,P1Y,0,,A,PU,_Z,2,,,False,WB_WDI,WB_WDI_SP_POP_TOTL,COM,_T,_T,_T,_Z,_Z,_Z,2018,A,PS,
90047644,P1Y,0,,A,PU,_Z,2,,,False,WB_WDI,WB_WDI_SP_POP_TOTL,COD,_T,_T,_T,_Z,_Z,_Z,2018,A,PS,
5483118,P1Y,0,,A,PU,_Z,2,,,False,WB_WDI,WB_WDI_SP_POP_TOTL,COG,_T,_T,_T,_Z,_Z,_Z,2018,A,PS,
4957818,P1Y,0,,A,PU,_Z,2,,,False,WB_WDI,WB_WDI_SP_POP_TOTL,CRI,_T,_T,_T,_Z,_Z,_Z,2018,A,PS,
27464173,P1Y,0,,A,PU,_Z,2,,,False,WB_WDI,WB_WDI_SP_POP_TOTL,CIV,_T,_T,_T,_Z,_Z,_Z,2018,A,PS,
10397657,P1Y,0,,A,PU,_Z,2,,,False,WB_WDI,WB_WDI_SP_POP_TOTL,BEN,_T,_T,_T,_Z,_Z,_Z,2012,A,PS,
63646,P1Y,0,,A,PU,_Z,2,,,False,WB_WDI,WB_WDI_SP_POP_TOTL,BMU,_T,_T,_T,_Z,_Z,_Z,2012,A,PS,
717279,P1Y,0,,A,PU,_Z,2,,,False,WB_WDI,WB_WDI_SP_POP_TOTL,BTN,_T,_T,_T,_Z,_Z,_Z,2012,A,PS,
10515807,P1Y,0,,A,PU,_Z,2,,,False,WB_WDI,WB_WDI_SP_POP_TOTL,BOL,_T,_T,_T,_Z,_Z,_Z,2012,A,PS,
3670113,P1Y,0,,A,PU,_Z,2,,,False,WB_WDI,WB_WDI_SP_POP_TOTL,BIH,_T,_T,_T,_Z,_Z,_Z,2012,A,PS,
2108617,P1Y,0,,A,PU,_Z,2,,,False,WB_WDI,WB_WDI_SP_POP_TOTL,BWA,_T,_T,_T,_Z,_Z,_Z,2012,A,PS,
196876111,P1Y,0,,A,PU,_Z,2,,,False,WB_WDI,WB_WDI_SP_POP_TOTL,BRA,_T,_T,_T,_Z,_Z,_Z,2012,A,PS,
30345,P1Y,0,,A,PU,_Z,2,,,False,WB_WDI,WB_WDI_SP_POP_TOTL,VGB,_T,_T,_T,_Z,_Z,_Z,2012,A,PS,
405557,P1Y,0,,A,PU,_Z,2,,,False,WB_WDI,WB_WDI_SP_POP_TOTL,BRN,_T,_T,_T,_Z,_Z,_Z,2012,A,PS,
7305888,P1Y,0,,A,PU,_Z,2,,,False,WB_WDI,WB_WDI_SP_POP_TOTL,BGR,_T,_T,_T,_Z,_Z,_Z,2012,A,PS,
17172287,P1Y,0,,A,PU,_Z,2,,,False,WB_WDI,WB_WDI_SP_POP_TOTL,BFA,_T,_T,_T,_Z,_Z,_Z,2012,A,PS,
10071028,P1Y,0,,A,PU,_Z,2,,,False,WB_WDI,WB_WDI_SP_POP_TOTL,BDI,_T,_T,_T,_Z,_Z,_Z,2012,A,PS,
878166933,P1Y,0,,A,PU,_Z,2,,,False,WB_WDI,WB_WDI_SP_POP_TOTL,ECS,_T,_T,_T,_Z,_Z,_Z,2006,A,PS,
224417513,P1Y,0,,A,PU,_Z,2,,,False,WB_WDI,WB_WDI_SP_POP_TOTL,ECA,_T,_T,_T,_Z,_Z,_Z,2006,A,PS,
438714358,P1Y,0,,A,PU,_Z,2,,,False,WB_WDI,WB_WDI_SP_POP_TOTL,TEC,_T,_T,_T,_Z,_Z,_Z,2006,A,PS,
437263803,P1Y,0,,A,PU,_Z,2,,,False,WB_WDI,WB_WDI_SP_POP_TOTL,EUU,_T,_T,_T,_Z,_Z,_Z,2006,A,PS,
571013586,P1Y,0,,A,PU,_Z,2,,,False,WB_WDI,WB_WDI_SP_POP_TOTL,HPC,_T,_T,_T,_Z,_Z,_Z,2006,A,PS,
1296891494,P1Y,0,,A,PU,_Z,2,,,False,WB_WDI,WB_WDI_SP_POP_TOTL,HIC,_T,_T,_T,_Z,_Z,_Z,2006,A,PS,
4258827055,P1Y,0,,A,PU,_Z,2,,,False,WB_WDI,WB_WDI_SP_POP_TOTL,IBD,_T,_T,_T,_Z,_Z,_Z,2006,A,PS,
5567795358,P1Y,0,,A,PU,_Z,2,,,False,WB_WDI,WB_WDI_SP_POP_TOTL,IBT,_T,_T,_T,_Z,_Z,_Z,2006,A,PS,
458394453,P1Y,0,,A,PU,_Z,2,,,False,WB_WDI,WB_WDI_SP_POP_TOTL,IDB,_T,_T,_T,_Z,_Z,_Z,2006,A,PS,
850573850,P1Y,0,,A,PU,_Z,2,,,False,WB_WDI,WB_WDI_SP_POP_TOTL,IDX,_T,_T,_T,_Z,_Z,_Z,2006,A,PS,
1308968303,P1Y,0,,A,PU,_Z,2,,,False,WB_WDI,WB_WDI_SP_POP_TOTL,IDA,_T,_T,_T,_Z,_Z,_Z,2006,A,PS,
2126122277,P1Y,0,,A,PU,_Z,2,,,False,WB_WDI,WB_WDI_SP_POP_TOTL,LTE,_T,_T,_T,_Z,_Z,_Z,2006,A,PS,
561751999,P1Y,0,,A,PU,_Z,2,,,False,WB_WDI,WB_WDI_SP_POP_TOTL,LCN,_T,_T,_T,_Z,_Z,_Z,2006,A,PS,
527135313,P1Y,0,,A,PU,_Z,2,,,False,WB_WDI,WB_WDI_SP_POP_TOTL,LAC,_T,_T,_T,_Z,_Z,_Z,2006,A,PS,
34204780,P1Y,0,,A,PU,_Z,2,,,False,WB_WDI,WB_WDI_SP_POP_TOTL,MAR,_T,_T,_T,_Z,_Z,_Z,2014,A,PS,
25788475,P1Y,0,,A,PU,_Z,2,,,False,WB_WDI,WB_WDI_SP_POP_TOTL,MOZ,_T,_T,_T,_Z,_Z,_Z,2014,A,PS,
50681634,P1Y,0,,A,PU,_Z,2,,,False,WB_WDI,WB_WDI_SP_POP_TOTL,MMR,_T,_T,_T,_Z,_Z,_Z,2014,A,PS,
2312139,P1Y,0,,A,PU,_Z,2,,,False,WB_WDI,WB_WDI_SP_POP_TOTL,NAM,_T,_T,_T,_Z,_Z,_Z,2014,A,PS,
10742,P1Y,0,,A,PU,_Z,2,,,False,WB_WDI,WB_WDI_SP_POP_TOTL,NRU,_T,_T,_T,_Z,_Z,_Z,2014,A,PS,
27672370,P1Y,0,,A,PU,_Z,2,,,False,WB_WDI,WB_WDI_SP_POP_TOTL,NPL,_T,_T,_T,_Z,_Z,_Z,2014,A,PS,
16865008,P1Y,0,,A,PU,_Z,2,,,False,WB_WDI,WB_WDI_SP_POP_TOTL,NLD,_T,_T,_T,_Z,_Z,_Z,2014,A,PS,
281224,P1Y,0,,A,PU,_Z,2,,,False,WB_WDI,WB_WDI_SP_POP_TOTL,NCL,_T,_T,_T,_Z,_Z,_Z,2014,A,PS,
4516500,P1Y,0,,A,PU,_Z,2,,,False,WB_WDI,WB_WDI_SP_POP_TOTL,NZL,_T,_T,_T,_Z,_Z,_Z,2014,A,PS,
6066492,P1Y,0,,A,PU,_Z,2,,,False,WB_WDI,WB_WDI_SP_POP_TOTL,NIC,_T,_T,_T,_Z,_Z,_Z,2014,A,PS,
19215909,P1Y,0,,A,PU,_Z,2,,,False,WB_WDI,WB_WDI_SP_POP_TOTL,NER,_T,_T,_T,_Z,_Z,_Z,2014,A,PS,
2668324624,P1Y,0,,A,PU,_Z,2,,,False,WB_WDI,WB_WDI_SP_POP_TOTL,UMC,_T,_T,_T,_Z,_Z,_Z,2005,A,PS,
6575410029,P1Y,0,,A,PU,_Z,2,,,False,WB_WDI,WB_WDI_SP_POP_TOTL,WLD,_T,_T,_T,_Z,_Z,_Z,2005,A,PS,
24404567,P1Y,0,,A,PU,_Z,2,,,False,WB_WDI,WB_WDI_SP_POP_TOTL,AFG,_T,_T,_T,_Z,_Z,_Z,2005,A,PS,
3011487,P1Y,0,,A,PU,_Z,2,,,False,WB_WDI,WB_WDI_SP_POP_TOTL,ALB,_T,_T,_T,_Z,_Z,_Z,2005,A,PS,
33109249,P1Y,0,,A,PU,_Z,2,,,False,WB_WDI,WB_WDI_SP_POP_TOTL,DZA,_T,_T,_T,_Z,_Z,_Z,2005,A,PS,
56617,P1Y,0,,A,PU,_Z,2,,,False,WB_WDI,WB_WDI_SP_POP_TOTL,ASM,_T,_T,_T,_Z,_Z,_Z,2005,A,PS,
77421,P1Y,0,,A,PU,_Z,2,,,False,WB_WDI,WB_WDI_SP_POP_TOTL,AND,_T,_T,_T,_Z,_Z,_Z,2005,A,PS,
19291161,P1Y,0,,A,PU,_Z,2,,,False,WB_WDI,WB_WDI_SP_POP_TOTL,AGO,_T,_T,_T,_Z,_Z,_Z,2005,A,PS,
79611,P1Y,0,,A,PU,_Z,2,,,False,WB_WDI,WB_WDI_SP_POP_TOTL,ATG,_T,_T,_T,_Z,_Z,_Z,2005,A,PS,
39216789,P1Y,0,,A,PU,_Z,2,,,False,WB_WDI,WB_WDI_SP_POP_TOTL,ARG,_T,_T,_T,_Z,_Z,_Z,2005,A,PS,
3146400,P1Y,0,,A,PU,_Z,2,,,False,WB_WDI,WB_WDI_SP_POP_TOTL,ARM,_T,_T,_T,_Z,_Z,_Z,2005,A,PS,
97635,P1Y,0,,A,PU,_Z,2,,,False,WB_WDI,WB_WDI_SP_POP_TOTL,ABW,_T,_T,_T,_Z,_Z,_Z,2005,A,PS,
20176844,P1Y,0,,A,PU,_Z,2,,,False,WB_WDI,WB_WDI_SP_POP_TOTL,AUS,_T,_T,_T,_Z,_Z,_Z,2005,A,PS,
8227829,P1Y,0,,A,PU,_Z,2,,,False,WB_WDI,WB_WDI_SP_POP_TOTL,AUT,_T,_T,_T,_Z,_Z,_Z,2005,A,PS,
394129957,P1Y,0,,A,PU,_Z,2,,,False,WB_WDI,WB_WDI_SP_POP_TOTL,IDB,_T,_T,_T,_Z,_Z,_Z,2000,A,PS,
738908980,P1Y,0,,A,PU,_Z,2,,,False,WB_WDI,WB_WDI_SP_POP_TOTL,IDX,_T,_T,_T,_Z,_Z,_Z,2000,A,PS,
1133038937,P1Y,0,,A,PU,_Z,2,,,False,WB_WDI,WB_WDI_SP_POP_TOTL,IDA,_T,_T,_T,_Z,_Z,_Z,2000,A,PS,
2043581322,P1Y,0,,A,PU,_Z,2,,,False,WB_WDI,WB_WDI_SP_POP_TOTL,LTE,_T,_T,_T,_Z,_Z,_Z,2000,A,PS,
520272118,P1Y,0,,A,PU,_Z,2,,,False,WB_WDI,WB_WDI_SP_POP_TOTL,LCN,_T,_T,_T,_Z,_Z,_Z,2000,A,PS,
487480396,P1Y,0,,A,PU,_Z,2,,,False,WB_WDI,WB_WDI_SP_POP_TOTL,LAC,_T,_T,_T,_Z,_Z,_Z,2000,A,PS,
504556065,P1Y,0,,A,PU,_Z,2,,,False,WB_WDI,WB_WDI_SP_POP_TOTL,TLA,_T,_T,_T,_Z,_Z,_Z,2000,A,PS,
673273787,P1Y,0,,A,PU,_Z,2,,,False,WB_WDI,WB_WDI_SP_POP_TOTL,LDC,_T,_T,_T,_Z,_Z,_Z,2000,A,PS,
4905832166,P1Y,0,,A,PU,_Z,2,,,False,WB_WDI,WB_WDI_SP_POP_TOTL,LMY,_T,_T,_T,_Z,_Z,_Z,2000,A,PS,
384939694,P1Y,0,,A,PU,_Z,2,,,False,WB_WDI,WB_WDI_SP_POP_TOTL,LIC,_T,_T,_T,_Z,_Z,_Z,2000,A,PS,
1974298738,P1Y,0,,A,PU,_Z,2,,,False,WB_WDI,WB_WDI_SP_POP_TOTL,LMC,_T,_T,_T,_Z,_Z,_Z,2000,A,PS,
494850317,P1Y,0,,A,PU,_Z,2,,,False,WB_WDI,WB_WDI_SP_POP_TOTL,MEA,_T,_T,_T,_Z,_Z,_Z,2000,A,PS,
462980522,P1Y,0,,A,PU,_Z,2,,,False,WB_WDI,WB_WDI_SP_POP_TOTL,MNA,_T,_T,_T,_Z,_Z,_Z,2000,A,PS,
460058369,P1Y,0,,A,PU,_Z,2,,,False,WB_WDI,WB_WDI_SP_POP_TOTL,TMN,_T,_T,_T,_Z,_Z,_Z,2000,A,PS,
1335194,P1Y,0,,A,PU,_Z,2,,,False,WB_WDI,WB_WDI_SP_POP_TOTL,TTO,_T,_T,_T,_Z,_Z,_Z,2012,A,PS,
11009647,P1Y,0,,A,PU,_Z,2,,,False,WB_WDI,WB_WDI_SP_POP_TOTL,TUN,_T,_T,_T,_Z,_Z,_Z,2012,A,PS,
75175827,P1Y,0,,A,PU,_Z,2,,,False,WB_WDI,WB_WDI_SP_POP_TOTL,TUR,_T,_T,_T,_Z,_Z,_Z,2012,A,PS,
5808546,P1Y,0,,A,PU,_Z,2,,,False,WB_WDI,WB_WDI_SP_POP_TOTL,TKM,_T,_T,_T,_Z,_Z,_Z,2012,A,PS,
32127,P1Y,0,,A,PU,_Z,2,,,False,WB_WDI,WB_WDI_SP_POP_TOTL,TCA,_T,_T,_T,_Z,_Z,_Z,2012,A,PS,
10934,P1Y,0,,A,PU,_Z,2,,,False,WB_WDI,WB_WDI_SP_POP_TOTL,TUV,_T,_T,_T,_Z,_Z,_Z,2012,A,PS,
34337438,P1Y,0,,A,PU,_Z,2,,,False,WB_WDI,WB_WDI_SP_POP_TOTL,UGA,_T,_T,_T,_Z,_Z,_Z,2012,A,PS,
46210056,P1Y,0,,A,PU,_Z,2,,,False,WB_WDI,WB_WDI_SP_POP_TOTL,UKR,_T,_T,_T,_Z,_Z,_Z,2012,A,PS,
7391448,P1Y,0,,A,PU,_Z,2,,,False,WB_WDI,WB_WDI_SP_POP_TOTL,ARE,_T,_T,_T,_Z,_Z,_Z,2012,A,PS,
63711000,P1Y,0,,A,PU,_Z,2,,,False,WB_WDI,WB_WDI_SP_POP_TOTL,GBR,_T,_T,_T,_Z,_Z,_Z,2012,A,PS,
314339099,P1Y,0,,A,PU,_Z,2,,,False,WB_WDI,WB_WDI_SP_POP_TOTL,USA,_T,_T,_T,_Z,_Z,_Z,2012,A,PS,
3335401,P1Y,0,,A,PU,_Z,2,,,False,WB_WDI,WB_WDI_SP_POP_TOTL,URY,_T,_T,_T,_Z,_Z,_Z,2012,A,PS,
520984443,P1Y,0,,A,PU,_Z,2,,,False,WB_WDI,WB_WDI_SP_POP_TOTL,IDB,_T,_T,_T,_Z,_Z,_Z,2011,A,PS,
952166031,P1Y,0,,A,PU,_Z,2,,,False,WB_WDI,WB_WDI_SP_POP_TOTL,IDX,_T,_T,_T,_Z,_Z,_Z,2011,A,PS,
1473150474,P1Y,0,,A,PU,_Z,2,,,False,WB_WDI,WB_WDI_SP_POP_TOTL,IDA,_T,_T,_T,_Z,_Z,_Z,2011,A,PS,
2193171336,P1Y,0,,A,PU,_Z,2,,,False,WB_WDI,WB_WDI_SP_POP_TOTL,LTE,_T,_T,_T,_Z,_Z,_Z,2011,A,PS,
594086829,P1Y,0,,A,PU,_Z,2,,,False,WB_WDI,WB_WDI_SP_POP_TOTL,LCN,_T,_T,_T,_Z,_Z,_Z,2011,A,PS,
558007918,P1Y,0,,A,PU,_Z,2,,,False,WB_WDI,WB_WDI_SP_POP_TOTL,LAC,_T,_T,_T,_Z,_Z,_Z,2011,A,PS,
578171855,P1Y,0,,A,PU,_Z,2,,,False,WB_WDI,WB_WDI_SP_POP_TOTL,TLA,_T,_T,_T,_Z,_Z,_Z,2011,A,PS,
875269186,P1Y,0,,A,PU,_Z,2,,,False,WB_WDI,WB_WDI_SP_POP_TOTL,LDC,_T,_T,_T,_Z,_Z,_Z,2011,A,PS,
5752146479,P1Y,0,,A,PU,_Z,2,,,False,WB_WDI,WB_WDI_SP_POP_TOTL,LMY,_T,_T,_T,_Z,_Z,_Z,2011,A,PS,
527892250,P1Y,0,,A,PU,_Z,2,,,False,WB_WDI,WB_WDI_SP_POP_TOTL,LIC,_T,_T,_T,_Z,_Z,_Z,2011,A,PS,
2414186781,P1Y,0,,A,PU,_Z,2,,,False,WB_WDI,WB_WDI_SP_POP_TOTL,LMC,_T,_T,_T,_Z,_Z,_Z,2011,A,PS,
639053870,P1Y,0,,A,PU,_Z,2,,,False,WB_WDI,WB_WDI_SP_POP_TOTL,MEA,_T,_T,_T,_Z,_Z,_Z,2011,A,PS,
984824,P1Y,0,,A,PU,_Z,2,,,False,WB_WDI,WB_WDI_SP_POP_TOTL,DJI,_T,_T,_T,_Z,_Z,_Z,2013,A,PS,
69715,P1Y,0,,A,PU,_Z,2,,,False,WB_WDI,WB_WDI_SP_POP_TOTL,DMA,_T,_T,_T,_Z,_Z,_Z,2013,A,PS,
10193833,P1Y,0,,A,PU,_Z,2,,,False,WB_WDI,WB_WDI_SP_POP_TOTL,DOM,_T,_T,_T,_Z,_Z,_Z,2013,A,PS,
15807128,P1Y,0,,A,PU,_Z,2,,,False,WB_WDI,WB_WDI_SP_POP_TOTL,ECU,_T,_T,_T,_Z,_Z,_Z,2013,A,PS,
95333553,P1Y,0,,A,PU,_Z,2,,,False,WB_WDI,WB_WDI_SP_POP_TOTL,EGY,_T,_T,_T,_Z,_Z,_Z,2013,A,PS,
6138839,P1Y,0,,A,PU,_Z,2,,,False,WB_WDI,WB_WDI_SP_POP_TOTL,SLV,_T,_T,_T,_Z,_Z,_Z,2013,A,PS,
1346218,P1Y,0,,A,PU,_Z,2,,,False,WB_WDI,WB_WDI_SP_POP_TOTL,GNQ,_T,_T,_T,_Z,_Z,_Z,2013,A,PS,
3074360,P1Y,0,,A,PU,_Z,2,,,False,WB_WDI,WB_WDI_SP_POP_TOTL,ERI,_T,_T,_T,_Z,_Z,_Z,2013,A,PS,
1317997,P1Y,0,,A,PU,_Z,2,,,False,WB_WDI,WB_WDI_SP_POP_TOTL,EST,_T,_T,_T,_Z,_Z,_Z,2013,A,PS,
1129990,P1Y,0,,A,PU,_Z,2,,,False,WB_WDI,WB_WDI_SP_POP_TOTL,SWZ,_T,_T,_T,_Z,_Z,_Z,2013,A,PS,
98438751,P1Y,0,,A,PU,_Z,2,,,False,WB_WDI,WB_WDI_SP_POP_TOTL,ETH,_T,_T,_T,_Z,_Z,_Z,2013,A,PS,
48245,P1Y,0,,A,PU,_Z,2,,,False,WB_WDI,WB_WDI_SP_POP_TOTL,FRO,_T,_T,_T,_Z,_Z,_Z,2013,A,PS,
438796003,P1Y,0,,A,PU,_Z,2,,,False,WB_WDI,WB_WDI_SP_POP_TOTL,EUU,_T,_T,_T,_Z,_Z,_Z,2007,A,PS,
586992483,P1Y,0,,A,PU,_Z,2,,,False,WB_WDI,WB_WDI_SP_POP_TOTL,HPC,_T,_T,_T,_Z,_Z,_Z,2007,A,PS,
1305578110,P1Y,0,,A,PU,_Z,2,,,False,WB_WDI,WB_WDI_SP_POP_TOTL,HIC,_T,_T,_T,_Z,_Z,_Z,2007,A,PS,
4302067550,P1Y,0,,A,PU,_Z,2,,,False,WB_WDI,WB_WDI_SP_POP_TOTL,IBD,_T,_T,_T,_Z,_Z,_Z,2007,A,PS,
5643066022,P1Y,0,,A,PU,_Z,2,,,False,WB_WDI,WB_WDI_SP_POP_TOTL,IBT,_T,_T,_T,_Z,_Z,_Z,2007,A,PS,
470476526,P1Y,0,,A,PU,_Z,2,,,False,WB_WDI,WB_WDI_SP_POP_TOTL,IDB,_T,_T,_T,_Z,_Z,_Z,2007,A,PS,
870521946,P1Y,0,,A,PU,_Z,2,,,False,WB_WDI,WB_WDI_SP_POP_TOTL,IDX,_T,_T,_T,_Z,_Z,_Z,2007,A,PS,
1340998472,P1Y,0,,A,PU,_Z,2,,,False,WB_WDI,WB_WDI_SP_POP_TOTL,IDA,_T,_T,_T,_Z,_Z,_Z,2007,A,PS,
2139958608,P1Y,0,,A,PU,_Z,2,,,False,WB_WDI,WB_WDI_SP_POP_TOTL,LTE,_T,_T,_T,_Z,_Z,_Z,2007,A,PS,
568345245,P1Y,0,,A,PU,_Z,2,,,False,WB_WDI,WB_WDI_SP_POP_TOTL,LCN,_T,_T,_T,_Z,_Z,_Z,2007,A,PS,
533442703,P1Y,0,,A,PU,_Z,2,,,False,WB_WDI,WB_WDI_SP_POP_TOTL,LAC,_T,_T,_T,_Z,_Z,_Z,2007,A,PS,
552399650,P1Y,0,,A,PU,_Z,2,,,False,WB_WDI,WB_WDI_SP_POP_TOTL,TLA,_T,_T,_T,_Z,_Z,_Z,2007,A,PS,
797076099,P1Y,0,,A,PU,_Z,2,,,False,WB_WDI,WB_WDI_SP_POP_TOTL,LDC,_T,_T,_T,_Z,_Z,_Z,2007,A,PS,
5438471388,P1Y,0,,A,PU,_Z,2,,,False,WB_WDI,WB_WDI_SP_POP_TOTL,LMY,_T,_T,_T,_Z,_Z,_Z,2007,A,PS,
113487,P1Y,0,,A,PU,_Z,2,,,False,WB_WDI,WB_WDI_SP_POP_TOTL,GRD,_T,_T,_T,_Z,_Z,_Z,2013,A,PS,
165966,P1Y,0,,A,PU,_Z,2,,,False,WB_WDI,WB_WDI_SP_POP_TOTL,GUM,_T,_T,_T,_Z,_Z,_Z,2013,A,PS,
15387337,P1Y,0,,A,PU,_Z,2,,,False,WB_WDI,WB_WDI_SP_POP_TOTL,GTM,_T,_T,_T,_Z,_Z,_Z,2013,A,PS,
11191873,P1Y,0,,A,PU,_Z,2,,,False,WB_WDI,WB_WDI_SP_POP_TOTL,GIN,_T,_T,_T,_Z,_Z,_Z,2013,A,PS,
1695973,P1Y,0,,A,PU,_Z,2,,,False,WB_WDI,WB_WDI_SP_POP_TOTL,GNB,_T,_T,_T,_Z,_Z,_Z,2013,A,PS,
750021,P1Y,0,,A,PU,_Z,2,,,False,WB_WDI,WB_WDI_SP_POP_TOTL,GUY,_T,_T,_T,_Z,_Z,_Z,2013,A,PS,
10222362,P1Y,0,,A,PU,_Z,2,,,False,WB_WDI,WB_WDI_SP_POP_TOTL,HTI,_T,_T,_T,_Z,_Z,_Z,2013,A,PS,
8889278,P1Y,0,,A,PU,_Z,2,,,False,WB_WDI,WB_WDI_SP_POP_TOTL,HND,_T,_T,_T,_Z,_Z,_Z,2013,A,PS,
7178900,P1Y,0,,A,PU,_Z,2,,,False,WB_WDI,WB_WDI_SP_POP_TOTL,HKG,_T,_T,_T,_Z,_Z,_Z,2013,A,PS,
9872734,P1Y,0,,A,PU,_Z,2,,,False,WB_WDI,WB_WDI_SP_POP_TOTL,HUN,_T,_T,_T,_Z,_Z,_Z,2013,A,PS,
323764,P1Y,0,,A,PU,_Z,2,,,False,WB_WDI,WB_WDI_SP_POP_TOTL,ISL,_T,_T,_T,_Z,_Z,_Z,2013,A,PS,
1295829511,P1Y,0,,A,PU,_Z,2,,,False,WB_WDI,WB_WDI_SP_POP_TOTL,IND,_T,_T,_T,_Z,_Z,_Z,2013,A,PS,
143018195,P1Y,0,,A,PU,_Z,2,,,False,WB_WDI,WB_WDI_SP_POP_TOTL,RUS,_T,_T,_T,_Z,_Z,_Z,2011,A,PS,
10573733,P1Y,0,,A,PU,_Z,2,,,False,WB_WDI,WB_WDI_SP_POP_TOTL,RWA,_T,_T,_T,_Z,_Z,_Z,2011,A,PS,
194713,P1Y,0,,A,PU,_Z,2,,,False,WB_WDI,WB_WDI_SP_POP_TOTL,WSM,_T,_T,_T,_Z,_Z,_Z,2011,A,PS,
32620,P1Y,0,,A,PU,_Z,2,,,False,WB_WDI,WB_WDI_SP_POP_TOTL,SMR,_T,_T,_T,_Z,_Z,_Z,2011,A,PS,
185649,P1Y,0,,A,PU,_Z,2,,,False,WB_WDI,WB_WDI_SP_POP_TOTL,STP,_T,_T,_T,_Z,_Z,_Z,2011,A,PS,
25091867,P1Y,0,,A,PU,_Z,2,,,False,WB_WDI,WB_WDI_SP_POP_TOTL,SAU,_T,_T,_T,_Z,_Z,_Z,2011,A,PS,
12958897,P1Y,0,,A,PU,_Z,2,,,False,WB_WDI,WB_WDI_SP_POP_TOTL,SEN,_T,_T,_T,_Z,_Z,_Z,2011,A,PS,
7236519,P1Y,0,,A,PU,_Z,2,,,False,WB_WDI,WB_WDI_SP_POP_TOTL,SRB,_T,_T,_T,_Z,_Z,_Z,2011,A,PS,
87441,P1Y,0,,A,PU,_Z,2,,,False,WB_WDI,WB_WDI_SP_POP_TOTL,SYC,_T,_T,_T,_Z,_Z,_Z,2011,A,PS,
6387251,P1Y,0,,A,PU,_Z,2,,,False,WB_WDI,WB_WDI_SP_POP_TOTL,SLE,_T,_T,_T,_Z,_Z,_Z,2011,A,PS,
5183688,P1Y,0,,A,PU,_Z,2,,,False,WB_WDI,WB_WDI_SP_POP_TOTL,SGP,_T,_T,_T,_Z,_Z,_Z,2011,A,PS,
34267,P1Y,0,,A,PU,_Z,2,,,False,WB_WDI,WB_WDI_SP_POP_TOTL,SXM,_T,_T,_T,_Z,_Z,_Z,2011,A,PS,
108447824,P1Y,0,,A,PU,_Z,2,,,False,WB_WDI,WB_WDI_SP_POP_TOTL,CEB,_T,_T,_T,_Z,_Z,_Z,2000,A,PS,
2509431470,P1Y,0,,A,PU,_Z,2,,,False,WB_WDI,WB_WDI_SP_POP_TOTL,EAR,_T,_T,_T,_Z,_Z,_Z,2000,A,PS,
2050149617,P1Y,0,,A,PU,_Z,2,,,False,WB_WDI,WB_WDI_SP_POP_TOTL,EAS,_T,_T,_T,_Z,_Z,_Z,2000,A,PS,
1819011507,P1Y,0,,A,PU,_Z,2,,,False,WB_WDI,WB_WDI_SP_POP_TOTL,EAP,_T,_T,_T,_Z,_Z,_Z,2000,A,PS,
1795374943,P1Y,0,,A,PU,_Z,2,,,False,WB_WDI,WB_WDI_SP_POP_TOTL,TEA,_T,_T,_T,_Z,_Z,_Z,2000,A,PS,
333959803,P1Y,0,,A,PU,_Z,2,,,False,WB_WDI,WB_WDI_SP_POP_TOTL,EMU,_T,_T,_T,_Z,_Z,_Z,2000,A,PS,
865392479,P1Y,0,,A,PU,_Z,2,,,False,WB_WDI,WB_WDI_SP_POP_TOTL,ECS,_T,_T,_T,_Z,_Z,_Z,2000,A,PS,
218486598,P1Y,0,,A,PU,_Z,2,,,False,WB_WDI,WB_WDI_SP_POP_TOTL,ECA,_T,_T,_T,_Z,_Z,_Z,2000,A,PS,
438423541,P1Y,0,,A,PU,_Z,2,,,False,WB_WDI,WB_WDI_SP_POP_TOTL,TEC,_T,_T,_T,_Z,_Z,_Z,2000,A,PS,
429339162,P1Y,0,,A,PU,_Z,2,,,False,WB_WDI,WB_WDI_SP_POP_TOTL,EUU,_T,_T,_T,_Z,_Z,_Z,2000,A,PS,
481628012,P1Y,0,,A,PU,_Z,2,,,False,WB_WDI,WB_WDI_SP_POP_TOTL,HPC,_T,_T,_T,_Z,_Z,_Z,2000,A,PS,
1255696330,P1Y,0,,A,PU,_Z,2,,,False,WB_WDI,WB_WDI_SP_POP_TOTL,HIC,_T,_T,_T,_Z,_Z,_Z,2000,A,PS,
3983328255,P1Y,0,,A,PU,_Z,2,,,False,WB_WDI,WB_WDI_SP_POP_TOTL,IBD,_T,_T,_T,_Z,_Z,_Z,2000,A,PS,
5116367192,P1Y,0,,A,PU,_Z,2,,,False,WB_WDI,WB_WDI_SP_POP_TOTL,IBT,_T,_T,_T,_Z,_Z,_Z,2000,A,PS,
3734318,P1Y,0,,A,PU,_Z,2,,,False,WB_WDI,WB_WDI_SP_POP_TOTL,MRT,_T,_T,_T,_Z,_Z,_Z,2013,A,PS,
1258927,P1Y,0,,A,PU,_Z,2,,,False,WB_WDI,WB_WDI_SP_POP_TOTL,MUS,_T,_T,_T,_Z,_Z,_Z,2013,A,PS,
118343573,P1Y,0,,A,PU,_Z,2,,,False,WB_WDI,WB_WDI_SP_POP_TOTL,MEX,_T,_T,_T,_Z,_Z,_Z,2013,A,PS,
108121,P1Y,0,,A,PU,_Z,2,,,False,WB_WDI,WB_WDI_SP_POP_TOTL,FSM,_T,_T,_T,_Z,_Z,_Z,2013,A,PS,
2859558,P1Y,0,,A,PU,_Z,2,,,False,WB_WDI,WB_WDI_SP_POP_TOTL,MDA,_T,_T,_T,_Z,_Z,_Z,2013,A,PS,
35447,P1Y,0,,A,PU,_Z,2,,,False,WB_WDI,WB_WDI_SP_POP_TOTL,MCO,_T,_T,_T,_Z,_Z,_Z,2013,A,PS,
2899011,P1Y,0,,A,PU,_Z,2,,,False,WB_WDI,WB_WDI_SP_POP_TOTL,MNG,_T,_T,_T,_Z,_Z,_Z,2013,A,PS,
622587,P1Y,0,,A,PU,_Z,2,,,False,WB_WDI,WB_WDI_SP_POP_TOTL,MNE,_T,_T,_T,_Z,_Z,_Z,2013,A,PS,
33787571,P1Y,0,,A,PU,_Z,2,,,False,WB_WDI,WB_WDI_SP_POP_TOTL,MAR,_T,_T,_T,_Z,_Z,_Z,2013,A,PS,
25051611,P1Y,0,,A,PU,_Z,2,,,False,WB_WDI,WB_WDI_SP_POP_TOTL,MOZ,_T,_T,_T,_Z,_Z,_Z,2013,A,PS,
50262658,P1Y,0,,A,PU,_Z,2,,,False,WB_WDI,WB_WDI_SP_POP_TOTL,MMR,_T,_T,_T,_Z,_Z,_Z,2013,A,PS,
255852467,P1Y,0,,A,PU,_Z,2,,,False,WB_WDI,WB_WDI_SP_POP_TOTL,IDN,_T,_T,_T,_Z,_Z,_Z,2013,A,PS,
80414686,P1Y,0,,A,PU,_Z,2,,,False,WB_WDI,WB_WDI_SP_POP_TOTL,IRN,_T,_T,_T,_Z,_Z,_Z,2013,A,PS,
35281989,P1Y,0,,A,PU,_Z,2,,,False,WB_WDI,WB_WDI_SP_POP_TOTL,IRQ,_T,_T,_T,_Z,_Z,_Z,2013,A,PS,
4623816,P1Y,0,,A,PU,_Z,2,,,False,WB_WDI,WB_WDI_SP_POP_TOTL,IRL,_T,_T,_T,_Z,_Z,_Z,2013,A,PS,
84141,P1Y,0,,A,PU,_Z,2,,,False,WB_WDI,WB_WDI_SP_POP_TOTL,IMN,_T,_T,_T,_Z,_Z,_Z,2013,A,PS,
8059500,P1Y,0,,A,PU,_Z,2,,,False,WB_WDI,WB_WDI_SP_POP_TOTL,ISR,_T,_T,_T,_Z,_Z,_Z,2013,A,PS,
60311613,P1Y,0,,A,PU,_Z,2,,,False,WB_WDI,WB_WDI_SP_POP_TOTL,ITA,_T,_T,_T,_Z,_Z,_Z,2013,A,PS,
2783687,P1Y,0,,A,PU,_Z,2,,,False,WB_WDI,WB_WDI_SP_POP_TOTL,JAM,_T,_T,_T,_Z,_Z,_Z,2013,A,PS,
127445000,P1Y,0,,A,PU,_Z,2,,,False,WB_WDI,WB_WDI_SP_POP_TOTL,JPN,_T,_T,_T,_Z,_Z,_Z,2013,A,PS,
7991809,P1Y,0,,A,PU,_Z,2,,,False,WB_WDI,WB_WDI_SP_POP_TOTL,JOR,_T,_T,_T,_Z,_Z,_Z,2013,A,PS,
17556502,P1Y,0,,A,PU,_Z,2,,,False,WB_WDI,WB_WDI_SP_POP_TOTL,KAZ,_T,_T,_T,_Z,_Z,_Z,2013,A,PS,
488580707,P1Y,0,,A,PU,_Z,2,,,False,WB_WDI,WB_WDI_SP_POP_TOTL,AFE,_T,_T,_T,_Z,_Z,_Z,2007,A,PS,
334544275,P1Y,0,,A,PU,_Z,2,,,False,WB_WDI,WB_WDI_SP_POP_TOTL,AFW,_T,_T,_T,_Z,_Z,_Z,2007,A,PS,
338947976,P1Y,0,,A,PU,_Z,2,,,False,WB_WDI,WB_WDI_SP_POP_TOTL,ARB,_T,_T,_T,_Z,_Z,_Z,2007,A,PS,
4098855,P1Y,0,,A,PU,_Z,2,,,False,WB_WDI,WB_WDI_SP_POP_TOTL,CSS,_T,_T,_T,_Z,_Z,_Z,2007,A,PS,
105378748,P1Y,0,,A,PU,_Z,2,,,False,WB_WDI,WB_WDI_SP_POP_TOTL,CEB,_T,_T,_T,_Z,_Z,_Z,2007,A,PS,
2830531957,P1Y,0,,A,PU,_Z,2,,,False,WB_WDI,WB_WDI_SP_POP_TOTL,EAR,_T,_T,_T,_Z,_Z,_Z,2007,A,PS,
2167046538,P1Y,0,,A,PU,_Z,2,,,False,WB_WDI,WB_WDI_SP_POP_TOTL,EAS,_T,_T,_T,_Z,_Z,_Z,2007,A,PS,
1929185103,P1Y,0,,A,PU,_Z,2,,,False,WB_WDI,WB_WDI_SP_POP_TOTL,EAP,_T,_T,_T,_Z,_Z,_Z,2007,A,PS,
1904568042,P1Y,0,,A,PU,_Z,2,,,False,WB_WDI,WB_WDI_SP_POP_TOTL,TEA,_T,_T,_T,_Z,_Z,_Z,2007,A,PS,
344828323,P1Y,0,,A,PU,_Z,2,,,False,WB_WDI,WB_WDI_SP_POP_TOTL,EMU,_T,_T,_T,_Z,_Z,_Z,2007,A,PS,
880656346,P1Y,0,,A,PU,_Z,2,,,False,WB_WDI,WB_WDI_SP_POP_TOTL,ECS,_T,_T,_T,_Z,_Z,_Z,2007,A,PS,
225016072,P1Y,0,,A,PU,_Z,2,,,False,WB_WDI,WB_WDI_SP_POP_TOTL,ECA,_T,_T,_T,_Z,_Z,_Z,2007,A,PS,
438680283,P1Y,0,,A,PU,_Z,2,,,False,WB_WDI,WB_WDI_SP_POP_TOTL,TEC,_T,_T,_T,_Z,_Z,_Z,2007,A,PS,
350164707,P1Y,0,,A,PU,_Z,2,,,False,WB_WDI,WB_WDI_SP_POP_TOTL,EMU,_T,_T,_T,_Z,_Z,_Z,2015,A,PS,
907526485,P1Y,0,,A,PU,_Z,2,,,False,WB_WDI,WB_WDI_SP_POP_TOTL,ECS,_T,_T,_T,_Z,_Z,_Z,2015,A,PS,
240083379,P1Y,0,,A,PU,_Z,2,,,False,WB_WDI,WB_WDI_SP_POP_TOTL,ECA,_T,_T,_T,_Z,_Z,_Z,2015,A,PS,
453662073,P1Y,0,,A,PU,_Z,2,,,False,WB_WDI,WB_WDI_SP_POP_TOTL,TEC,_T,_T,_T,_Z,_Z,_Z,2015,A,PS,
443793218,P1Y,0,,A,PU,_Z,2,,,False,WB_WDI,WB_WDI_SP_POP_TOTL,EUU,_T,_T,_T,_Z,_Z,_Z,2015,A,PS,
734837721,P1Y,0,,A,PU,_Z,2,,,False,WB_WDI,WB_WDI_SP_POP_TOTL,HPC,_T,_T,_T,_Z,_Z,_Z,2015,A,PS,
1366012613,P1Y,0,,A,PU,_Z,2,,,False,WB_WDI,WB_WDI_SP_POP_TOTL,HIC,_T,_T,_T,_Z,_Z,_Z,2015,A,PS,
4676773551,P1Y,0,,A,PU,_Z,2,,,False,WB_WDI,WB_WDI_SP_POP_TOTL,IBD,_T,_T,_T,_Z,_Z,_Z,2015,A,PS,
6280370137,P1Y,0,,A,PU,_Z,2,,,False,WB_WDI,WB_WDI_SP_POP_TOTL,IBT,_T,_T,_T,_Z,_Z,_Z,2015,A,PS,
567234056,P1Y,0,,A,PU,_Z,2,,,False,WB_WDI,WB_WDI_SP_POP_TOTL,IDB,_T,_T,_T,_Z,_Z,_Z,2015,A,PS,
1036362530,P1Y,0,,A,PU,_Z,2,,,False,WB_WDI,WB_WDI_SP_POP_TOTL,IDX,_T,_T,_T,_Z,_Z,_Z,2015,A,PS,
1603596586,P1Y,0,,A,PU,_Z,2,,,False,WB_WDI,WB_WDI_SP_POP_TOTL,IDA,_T,_T,_T,_Z,_Z,_Z,2015,A,PS,
2256126712,P1Y,0,,A,PU,_Z,2,,,False,WB_WDI,WB_WDI_SP_POP_TOTL,LTE,_T,_T,_T,_Z,_Z,_Z,2015,A,PS,
106959751,P1Y,0,,A,PU,_Z,2,,,False,WB_WDI,WB_WDI_SP_POP_TOTL,CEB,_T,_T,_T,_Z,_Z,_Z,2002,A,PS,
2601917557,P1Y,0,,A,PU,_Z,2,,,False,WB_WDI,WB_WDI_SP_POP_TOTL,EAR,_T,_T,_T,_Z,_Z,_Z,2002,A,PS,
2086144389,P1Y,0,,A,PU,_Z,2,,,False,WB_WDI,WB_WDI_SP_POP_TOTL,EAS,_T,_T,_T,_Z,_Z,_Z,2002,A,PS,
1852659155,P1Y,0,,A,PU,_Z,2,,,False,WB_WDI,WB_WDI_SP_POP_TOTL,EAP,_T,_T,_T,_Z,_Z,_Z,2002,A,PS,
1828744767,P1Y,0,,A,PU,_Z,2,,,False,WB_WDI,WB_WDI_SP_POP_TOTL,TEA,_T,_T,_T,_Z,_Z,_Z,2002,A,PS,
336306839,P1Y,0,,A,PU,_Z,2,,,False,WB_WDI,WB_WDI_SP_POP_TOTL,EMU,_T,_T,_T,_Z,_Z,_Z,2002,A,PS,
868234843,P1Y,0,,A,PU,_Z,2,,,False,WB_WDI,WB_WDI_SP_POP_TOTL,ECS,_T,_T,_T,_Z,_Z,_Z,2002,A,PS,
220400259,P1Y,0,,A,PU,_Z,2,,,False,WB_WDI,WB_WDI_SP_POP_TOTL,ECA,_T,_T,_T,_Z,_Z,_Z,2002,A,PS,
437806951,P1Y,0,,A,PU,_Z,2,,,False,WB_WDI,WB_WDI_SP_POP_TOTL,TEC,_T,_T,_T,_Z,_Z,_Z,2002,A,PS,
430924112,P1Y,0,,A,PU,_Z,2,,,False,WB_WDI,WB_WDI_SP_POP_TOTL,EUU,_T,_T,_T,_Z,_Z,_Z,2002,A,PS,
509293837,P1Y,0,,A,PU,_Z,2,,,False,WB_WDI,WB_WDI_SP_POP_TOTL,HPC,_T,_T,_T,_Z,_Z,_Z,2002,A,PS,
1268559564,P1Y,0,,A,PU,_Z,2,,,False,WB_WDI,WB_WDI_SP_POP_TOTL,HIC,_T,_T,_T,_Z,_Z,_Z,2002,A,PS,
4077229003,P1Y,0,,A,PU,_Z,2,,,False,WB_WDI,WB_WDI_SP_POP_TOTL,IBD,_T,_T,_T,_Z,_Z,_Z,2002,A,PS,
5266759631,P1Y,0,,A,PU,_Z,2,,,False,WB_WDI,WB_WDI_SP_POP_TOTL,IBT,_T,_T,_T,_Z,_Z,_Z,2002,A,PS,
50351512,P1Y,0,,A,PU,_Z,2,,,False,WB_WDI,WB_WDI_SP_POP_TOTL,TZA,_T,_T,_T,_Z,_Z,_Z,2014,A,PS,
70216367,P1Y,0,,A,PU,_Z,2,,,False,WB_WDI,WB_WDI_SP_POP_TOTL,THA,_T,_T,_T,_Z,_Z,_Z,2014,A,PS,
1181903,P1Y,0,,A,PU,_Z,2,,,False,WB_WDI,WB_WDI_SP_POP_TOTL,TLS,_T,_T,_T,_Z,_Z,_Z,2014,A,PS,
6937644,P1Y,0,,A,PU,_Z,2,,,False,WB_WDI,WB_WDI_SP_POP_TOTL,TGO,_T,_T,_T,_Z,_Z,_Z,2014,A,PS,
106609,P1Y,0,,A,PU,_Z,2,,,False,WB_WDI,WB_WDI_SP_POP_TOTL,TON,_T,_T,_T,_Z,_Z,_Z,2014,A,PS,
1345343,P1Y,0,,A,PU,_Z,2,,,False,WB_WDI,WB_WDI_SP_POP_TOTL,TTO,_T,_T,_T,_Z,_Z,_Z,2014,A,PS,
11274288,P1Y,0,,A,PU,_Z,2,,,False,WB_WDI,WB_WDI_SP_POP_TOTL,TUN,_T,_T,_T,_Z,_Z,_Z,2014,A,PS,
77181884,P1Y,0,,A,PU,_Z,2,,,False,WB_WDI,WB_WDI_SP_POP_TOTL,TUR,_T,_T,_T,_Z,_Z,_Z,2014,A,PS,
6075283,P1Y,0,,A,PU,_Z,2,,,False,WB_WDI,WB_WDI_SP_POP_TOTL,TKM,_T,_T,_T,_Z,_Z,_Z,2014,A,PS,
35050,P1Y,0,,A,PU,_Z,2,,,False,WB_WDI,WB_WDI_SP_POP_TOTL,TCA,_T,_T,_T,_Z,_Z,_Z,2014,A,PS,
10984,P1Y,0,,A,PU,_Z,2,,,False,WB_WDI,WB_WDI_SP_POP_TOTL,TUV,_T,_T,_T,_Z,_Z,_Z,2014,A,PS,
10754679,P1Y,0,,A,PU,_Z,2,,,False,WB_WDI,WB_WDI_SP_POP_TOTL,GRC,_T,_T,_T,_Z,_Z,_Z,2017,A,PS,
56172,P1Y,0,,A,PU,_Z,2,,,False,WB_WDI,WB_WDI_SP_POP_TOTL,GRL,_T,_T,_T,_Z,_Z,_Z,2017,A,PS,
115438,P1Y,0,,A,PU,_Z,2,,,False,WB_WDI,WB_WDI_SP_POP_TOTL,GRD,_T,_T,_T,_Z,_Z,_Z,2017,A,PS,
163490,P1Y,0,,A,PU,_Z,2,,,False,WB_WDI,WB_WDI_SP_POP_TOTL,GUM,_T,_T,_T,_Z,_Z,_Z,2017,A,PS,
16567357,P1Y,0,,A,PU,_Z,2,,,False,WB_WDI,WB_WDI_SP_POP_TOTL,GTM,_T,_T,_T,_Z,_Z,_Z,2017,A,PS,
12385659,P1Y,0,,A,PU,_Z,2,,,False,WB_WDI,WB_WDI_SP_POP_TOTL,GIN,_T,_T,_T,_Z,_Z,_Z,2017,A,PS,
1877072,P1Y,0,,A,PU,_Z,2,,,False,WB_WDI,WB_WDI_SP_POP_TOTL,GNB,_T,_T,_T,_Z,_Z,_Z,2017,A,PS,
768479,P1Y,0,,A,PU,_Z,2,,,False,WB_WDI,WB_WDI_SP_POP_TOTL,GUY,_T,_T,_T,_Z,_Z,_Z,2017,A,PS,
10817754,P1Y,0,,A,PU,_Z,2,,,False,WB_WDI,WB_WDI_SP_POP_TOTL,HTI,_T,_T,_T,_Z,_Z,_Z,2017,A,PS,
9588137,P1Y,0,,A,PU,_Z,2,,,False,WB_WDI,WB_WDI_SP_POP_TOTL,HND,_T,_T,_T,_Z,_Z,_Z,2017,A,PS,
7393200,P1Y,0,,A,PU,_Z,2,,,False,WB_WDI,WB_WDI_SP_POP_TOTL,HKG,_T,_T,_T,_Z,_Z,_Z,2017,A,PS,
9726756,P1Y,0,,A,PU,_Z,2,,,False,WB_WDI,WB_WDI_SP_POP_TOTL,HUN,_T,_T,_T,_Z,_Z,_Z,2017,A,PS,
343400,P1Y,0,,A,PU,_Z,2,,,False,WB_WDI,WB_WDI_SP_POP_TOTL,ISL,_T,_T,_T,_Z,_Z,_Z,2017,A,PS,
1340557,P1Y,0,,A,PU,_Z,2,,,False,WB_WDI,WB_WDI_SP_POP_TOTL,TTO,_T,_T,_T,_Z,_Z,_Z,2013,A,PS,
11141361,P1Y,0,,A,PU,_Z,2,,,False,WB_WDI,WB_WDI_SP_POP_TOTL,TUN,_T,_T,_T,_Z,_Z,_Z,2013,A,PS,
76147624,P1Y,0,,A,PU,_Z,2,,,False,WB_WDI,WB_WDI_SP_POP_TOTL,TUR,_T,_T,_T,_Z,_Z,_Z,2013,A,PS,
5939341,P1Y,0,,A,PU,_Z,2,,,False,WB_WDI,WB_WDI_SP_POP_TOTL,TKM,_T,_T,_T,_Z,_Z,_Z,2013,A,PS,
33653,P1Y,0,,A,PU,_Z,2,,,False,WB_WDI,WB_WDI_SP_POP_TOTL,TCA,_T,_T,_T,_Z,_Z,_Z,2013,A,PS,
11001,P1Y,0,,A,PU,_Z,2,,,False,WB_WDI,WB_WDI_SP_POP_TOTL,TUV,_T,_T,_T,_Z,_Z,_Z,2013,A,PS,
35337042,P1Y,0,,A,PU,_Z,2,,,False,WB_WDI,WB_WDI_SP_POP_TOTL,UGA,_T,_T,_T,_Z,_Z,_Z,2013,A,PS,
46126770,P1Y,0,,A,PU,_Z,2,,,False,WB_WDI,WB_WDI_SP_POP_TOTL,UKR,_T,_T,_T,_Z,_Z,_Z,2013,A,PS,
7693031,P1Y,0,,A,PU,_Z,2,,,False,WB_WDI,WB_WDI_SP_POP_TOTL,ARE,_T,_T,_T,_Z,_Z,_Z,2013,A,PS,
64138000,P1Y,0,,A,PU,_Z,2,,,False,WB_WDI,WB_WDI_SP_POP_TOTL,GBR,_T,_T,_T,_Z,_Z,_Z,2013,A,PS,
316726282,P1Y,0,,A,PU,_Z,2,,,False,WB_WDI,WB_WDI_SP_POP_TOTL,USA,_T,_T,_T,_Z,_Z,_Z,2013,A,PS,
3345337,P1Y,0,,A,PU,_Z,2,,,False,WB_WDI,WB_WDI_SP_POP_TOTL,URY,_T,_T,_T,_Z,_Z,_Z,2013,A,PS,
33831764,P1Y,0,,A,PU,_Z,2,,,False,WB_WDI,WB_WDI_SP_POP_TOTL,AFG,_T,_T,_T,_Z,_Z,_Z,2015,A,PS,
2731293,P1Y,0,,A,PU,_Z,2,,,False,WB_WDI,WB_WDI_SP_POP_TOTL,ALB,_T,_T,_T,_Z,_Z,_Z,2015,A,PS,
40019529,P1Y,0,,A,PU,_Z,2,,,False,WB_WDI,WB_WDI_SP_POP_TOTL,DZA,_T,_T,_T,_Z,_Z,_Z,2015,A,PS,
52878,P1Y,0,,A,PU,_Z,2,,,False,WB_WDI,WB_WDI_SP_POP_TOTL,ASM,_T,_T,_T,_Z,_Z,_Z,2015,A,PS,
72174,P1Y,0,,A,PU,_Z,2,,,False,WB_WDI,WB_WDI_SP_POP_TOTL,AND,_T,_T,_T,_Z,_Z,_Z,2015,A,PS,
28157798,P1Y,0,,A,PU,_Z,2,,,False,WB_WDI,WB_WDI_SP_POP_TOTL,AGO,_T,_T,_T,_Z,_Z,_Z,2015,A,PS,
89409,P1Y,0,,A,PU,_Z,2,,,False,WB_WDI,WB_WDI_SP_POP_TOTL,ATG,_T,_T,_T,_Z,_Z,_Z,2015,A,PS,
43477012,P1Y,0,,A,PU,_Z,2,,,False,WB_WDI,WB_WDI_SP_POP_TOTL,ARG,_T,_T,_T,_Z,_Z,_Z,2015,A,PS,
3004600,P1Y,0,,A,PU,_Z,2,,,False,WB_WDI,WB_WDI_SP_POP_TOTL,ARM,_T,_T,_T,_Z,_Z,_Z,2015,A,PS,
107906,P1Y,0,,A,PU,_Z,2,,,False,WB_WDI,WB_WDI_SP_POP_TOTL,ABW,_T,_T,_T,_Z,_Z,_Z,2015,A,PS,
23815995,P1Y,0,,A,PU,_Z,2,,,False,WB_WDI,WB_WDI_SP_POP_TOTL,AUS,_T,_T,_T,_Z,_Z,_Z,2015,A,PS,
8642699,P1Y,0,,A,PU,_Z,2,,,False,WB_WDI,WB_WDI_SP_POP_TOTL,AUT,_T,_T,_T,_Z,_Z,_Z,2015,A,PS,
69053,P1Y,0,,A,PU,_Z,2,,,False,WB_WDI,WB_WDI_SP_POP_TOTL,DMA,_T,_T,_T,_Z,_Z,_Z,2011,A,PS,
9945621,P1Y,0,,A,PU,_Z,2,,,False,WB_WDI,WB_WDI_SP_POP_TOTL,DOM,_T,_T,_T,_Z,_Z,_Z,2011,A,PS,
15326227,P1Y,0,,A,PU,_Z,2,,,False,WB_WDI,WB_WDI_SP_POP_TOTL,ECU,_T,_T,_T,_Z,_Z,_Z,2011,A,PS,
91093059,P1Y,0,,A,PU,_Z,2,,,False,WB_WDI,WB_WDI_SP_POP_TOTL,EGY,_T,_T,_T,_Z,_Z,_Z,2011,A,PS,
6090127,P1Y,0,,A,PU,_Z,2,,,False,WB_WDI,WB_WDI_SP_POP_TOTL,SLV,_T,_T,_T,_Z,_Z,_Z,2011,A,PS,
1241835,P1Y,0,,A,PU,_Z,2,,,False,WB_WDI,WB_WDI_SP_POP_TOTL,GNQ,_T,_T,_T,_Z,_Z,_Z,2011,A,PS,
2998485,P1Y,0,,A,PU,_Z,2,,,False,WB_WDI,WB_WDI_SP_POP_TOTL,ERI,_T,_T,_T,_Z,_Z,_Z,2011,A,PS,
1327439,P1Y,0,,A,PU,_Z,2,,,False,WB_WDI,WB_WDI_SP_POP_TOTL,EST,_T,_T,_T,_Z,_Z,_Z,2011,A,PS,
1117833,P1Y,0,,A,PU,_Z,2,,,False,WB_WDI,WB_WDI_SP_POP_TOTL,SWZ,_T,_T,_T,_Z,_Z,_Z,2011,A,PS,
93149970,P1Y,0,,A,PU,_Z,2,,,False,WB_WDI,WB_WDI_SP_POP_TOTL,ETH,_T,_T,_T,_Z,_Z,_Z,2011,A,PS,
48542,P1Y,0,,A,PU,_Z,2,,,False,WB_WDI,WB_WDI_SP_POP_TOTL,FRO,_T,_T,_T,_Z,_Z,_Z,2011,A,PS,
620274430,P1Y,0,,A,PU,_Z,2,,,False,WB_WDI,WB_WDI_SP_POP_TOTL,TLA,_T,_T,_T,_Z,_Z,_Z,2018,A,PS,
1032309742,P1Y,0,,A,PU,_Z,2,,,False,WB_WDI,WB_WDI_SP_POP_TOTL,LDC,_T,_T,_T,_Z,_Z,_Z,2018,A,PS,
6311329885,P1Y,0,,A,PU,_Z,2,,,False,WB_WDI,WB_WDI_SP_POP_TOTL,LMY,_T,_T,_T,_Z,_Z,_Z,2018,A,PS,
633927417,P1Y,0,,A,PU,_Z,2,,,False,WB_WDI,WB_WDI_SP_POP_TOTL,LIC,_T,_T,_T,_Z,_Z,_Z,2018,A,PS,
2687882795,P1Y,0,,A,PU,_Z,2,,,False,WB_WDI,WB_WDI_SP_POP_TOTL,LMC,_T,_T,_T,_Z,_Z,_Z,2018,A,PS,
730362334,P1Y,0,,A,PU,_Z,2,,,False,WB_WDI,WB_WDI_SP_POP_TOTL,MEA,_T,_T,_T,_Z,_Z,_Z,2018,A,PS,
668447432,P1Y,0,,A,PU,_Z,2,,,False,WB_WDI,WB_WDI_SP_POP_TOTL,MNA,_T,_T,_T,_Z,_Z,_Z,2018,A,PS,
663878345,P1Y,0,,A,PU,_Z,2,,,False,WB_WDI,WB_WDI_SP_POP_TOTL,TMN,_T,_T,_T,_Z,_Z,_Z,2018,A,PS,
5677402468,P1Y,0,,A,PU,_Z,2,,,False,WB_WDI,WB_WDI_SP_POP_TOTL,MIC,_T,_T,_T,_Z,_Z,_Z,2018,A,PS,
365666028,P1Y,0,,A,PU,_Z,2,,,False,WB_WDI,WB_WDI_SP_POP_TOTL,NAC,_T,_T,_T,_Z,_Z,_Z,2018,A,PS,
1356197538,P1Y,0,,A,PU,_Z,2,,,False,WB_WDI,WB_WDI_SP_POP_TOTL,OED,_T,_T,_T,_Z,_Z,_Z,2018,A,PS,
12135267,P1Y,0,,A,PU,_Z,2,,,False,WB_WDI,WB_WDI_SP_POP_TOTL,OSS,_T,_T,_T,_Z,_Z,_Z,2018,A,PS,
2542009,P1Y,0,,A,PU,_Z,2,,,False,WB_WDI,WB_WDI_SP_POP_TOTL,PSS,_T,_T,_T,_Z,_Z,_Z,2018,A,PS,
249470032,P1Y,0,,A,PU,_Z,2,,,False,WB_WDI,WB_WDI_SP_POP_TOTL,IDN,_T,_T,_T,_Z,_Z,_Z,2011,A,PS,
78383598,P1Y,0,,A,PU,_Z,2,,,False,WB_WDI,WB_WDI_SP_POP_TOTL,IRN,_T,_T,_T,_Z,_Z,_Z,2011,A,PS,
32161424,P1Y,0,,A,PU,_Z,2,,,False,WB_WDI,WB_WDI_SP_POP_TOTL,IRQ,_T,_T,_T,_Z,_Z,_Z,2011,A,PS,
4580084,P1Y,0,,A,PU,_Z,2,,,False,WB_WDI,WB_WDI_SP_POP_TOTL,IRL,_T,_T,_T,_Z,_Z,_Z,2011,A,PS,
84382,P1Y,0,,A,PU,_Z,2,,,False,WB_WDI,WB_WDI_SP_POP_TOTL,IMN,_T,_T,_T,_Z,_Z,_Z,2011,A,PS,
7765800,P1Y,0,,A,PU,_Z,2,,,False,WB_WDI,WB_WDI_SP_POP_TOTL,ISR,_T,_T,_T,_Z,_Z,_Z,2011,A,PS,
60026841,P1Y,0,,A,PU,_Z,2,,,False,WB_WDI,WB_WDI_SP_POP_TOTL,ITA,_T,_T,_T,_Z,_Z,_Z,2011,A,PS,
2760494,P1Y,0,,A,PU,_Z,2,,,False,WB_WDI,WB_WDI_SP_POP_TOTL,JAM,_T,_T,_T,_Z,_Z,_Z,2011,A,PS,
127833000,P1Y,0,,A,PU,_Z,2,,,False,WB_WDI,WB_WDI_SP_POP_TOTL,JPN,_T,_T,_T,_Z,_Z,_Z,2011,A,PS,
7480424,P1Y,0,,A,PU,_Z,2,,,False,WB_WDI,WB_WDI_SP_POP_TOTL,JOR,_T,_T,_T,_Z,_Z,_Z,2011,A,PS,
17066002,P1Y,0,,A,PU,_Z,2,,,False,WB_WDI,WB_WDI_SP_POP_TOTL,KAZ,_T,_T,_T,_Z,_Z,_Z,2011,A,PS,
42758461,P1Y,0,,A,PU,_Z,2,,,False,WB_WDI,WB_WDI_SP_POP_TOTL,KEN,_T,_T,_T,_Z,_Z,_Z,2011,A,PS,
5593414145,P1Y,0,,A,PU,_Z,2,,,False,WB_WDI,WB_WDI_SP_POP_TOTL,LMY,_T,_T,_T,_Z,_Z,_Z,2009,A,PS,
499033157,P1Y,0,,A,PU,_Z,2,,,False,WB_WDI,WB_WDI_SP_POP_TOTL,LIC,_T,_T,_T,_Z,_Z,_Z,2009,A,PS,
2332514413,P1Y,0,,A,PU,_Z,2,,,False,WB_WDI,WB_WDI_SP_POP_TOTL,LMC,_T,_T,_T,_Z,_Z,_Z,2009,A,PS,
612128501,P1Y,0,,A,PU,_Z,2,,,False,WB_WDI,WB_WDI_SP_POP_TOTL,MEA,_T,_T,_T,_Z,_Z,_Z,2009,A,PS,
565038251,P1Y,0,,A,PU,_Z,2,,,False,WB_WDI,WB_WDI_SP_POP_TOTL,MNA,_T,_T,_T,_Z,_Z,_Z,2009,A,PS,
561349152,P1Y,0,,A,PU,_Z,2,,,False,WB_WDI,WB_WDI_SP_POP_TOTL,TMN,_T,_T,_T,_Z,_Z,_Z,2009,A,PS,
5094380988,P1Y,0,,A,PU,_Z,2,,,False,WB_WDI,WB_WDI_SP_POP_TOTL,MIC,_T,_T,_T,_Z,_Z,_Z,2009,A,PS,
340465163,P1Y,0,,A,PU,_Z,2,,,False,WB_WDI,WB_WDI_SP_POP_TOTL,NAC,_T,_T,_T,_Z,_Z,_Z,2009,A,PS,
1283973216,P1Y,0,,A,PU,_Z,2,,,False,WB_WDI,WB_WDI_SP_POP_TOTL,OED,_T,_T,_T,_Z,_Z,_Z,2009,A,PS,
10989567,P1Y,0,,A,PU,_Z,2,,,False,WB_WDI,WB_WDI_SP_POP_TOTL,OSS,_T,_T,_T,_Z,_Z,_Z,2009,A,PS,
2262456,P1Y,0,,A,PU,_Z,2,,,False,WB_WDI,WB_WDI_SP_POP_TOTL,PSS,_T,_T,_T,_Z,_Z,_Z,2009,A,PS,
1071118156,P1Y,0,,A,PU,_Z,2,,,False,WB_WDI,WB_WDI_SP_POP_TOTL,PST,_T,_T,_T,_Z,_Z,_Z,2009,A,PS,
729873044,P1Y,0,,A,PU,_Z,2,,,False,WB_WDI,WB_WDI_SP_POP_TOTL,PRE,_T,_T,_T,_Z,_Z,_Z,2009,A,PS,
17398922,P1Y,0,,A,PU,_Z,2,,,False,WB_WDI,WB_WDI_SP_POP_TOTL,SST,_T,_T,_T,_Z,_Z,_Z,2009,A,PS,
9604924,P1Y,0,,A,PU,_Z,2,,,False,WB_WDI,WB_WDI_SP_POP_TOTL,BLR,_T,_T,_T,_Z,_Z,_Z,2006,A,PS,
10547958,P1Y,0,,A,PU,_Z,2,,,False,WB_WDI,WB_WDI_SP_POP_TOTL,BEL,_T,_T,_T,_Z,_Z,_Z,2006,A,PS,
287878,P1Y,0,,A,PU,_Z,2,,,False,WB_WDI,WB_WDI_SP_POP_TOTL,BLZ,_T,_T,_T,_Z,_Z,_Z,2006,A,PS,
8693242,P1Y,0,,A,PU,_Z,2,,,False,WB_WDI,WB_WDI_SP_POP_TOTL,BEN,_T,_T,_T,_Z,_Z,_Z,2006,A,PS,
62834,P1Y,0,,A,PU,_Z,2,,,False,WB_WDI,WB_WDI_SP_POP_TOTL,BMU,_T,_T,_T,_Z,_Z,_Z,2006,A,PS,
670799,P1Y,0,,A,PU,_Z,2,,,False,WB_WDI,WB_WDI_SP_POP_TOTL,BTN,_T,_T,_T,_Z,_Z,_Z,2006,A,PS,
9521689,P1Y,0,,A,PU,_Z,2,,,False,WB_WDI,WB_WDI_SP_POP_TOTL,BOL,_T,_T,_T,_Z,_Z,_Z,2006,A,PS,
4063272,P1Y,0,,A,PU,_Z,2,,,False,WB_WDI,WB_WDI_SP_POP_TOTL,BIH,_T,_T,_T,_Z,_Z,_Z,2006,A,PS,
1874516,P1Y,0,,A,PU,_Z,2,,,False,WB_WDI,WB_WDI_SP_POP_TOTL,BWA,_T,_T,_T,_Z,_Z,_Z,2006,A,PS,
186653106,P1Y,0,,A,PU,_Z,2,,,False,WB_WDI,WB_WDI_SP_POP_TOTL,BRA,_T,_T,_T,_Z,_Z,_Z,2006,A,PS,
24493,P1Y,0,,A,PU,_Z,2,,,False,WB_WDI,WB_WDI_SP_POP_TOTL,VGB,_T,_T,_T,_Z,_Z,_Z,2006,A,PS,
364663,P1Y,0,,A,PU,_Z,2,,,False,WB_WDI,WB_WDI_SP_POP_TOTL,BRN,_T,_T,_T,_Z,_Z,_Z,2006,A,PS,
341627,P1Y,0,,A,PU,_Z,2,,,False,WB_WDI,WB_WDI_SP_POP_TOTL,BLZ,_T,_T,_T,_Z,_Z,_Z,2013,A,PS,
10708834,P1Y,0,,A,PU,_Z,2,,,False,WB_WDI,WB_WDI_SP_POP_TOTL,BEN,_T,_T,_T,_Z,_Z,_Z,2013,A,PS,
63574,P1Y,0,,A,PU,_Z,2,,,False,WB_WDI,WB_WDI_SP_POP_TOTL,BMU,_T,_T,_T,_Z,_Z,_Z,2013,A,PS,
725273,P1Y,0,,A,PU,_Z,2,,,False,WB_WDI,WB_WDI_SP_POP_TOTL,BTN,_T,_T,_T,_Z,_Z,_Z,2013,A,PS,
10682608,P1Y,0,,A,PU,_Z,2,,,False,WB_WDI,WB_WDI_SP_POP_TOTL,BOL,_T,_T,_T,_Z,_Z,_Z,2013,A,PS,
3610859,P1Y,0,,A,PU,_Z,2,,,False,WB_WDI,WB_WDI_SP_POP_TOTL,BIH,_T,_T,_T,_Z,_Z,_Z,2013,A,PS,
2140682,P1Y,0,,A,PU,_Z,2,,,False,WB_WDI,WB_WDI_SP_POP_TOTL,BWA,_T,_T,_T,_Z,_Z,_Z,2013,A,PS,
198478299,P1Y,0,,A,PU,_Z,2,,,False,WB_WDI,WB_WDI_SP_POP_TOTL,BRA,_T,_T,_T,_Z,_Z,_Z,2013,A,PS,
31703,P1Y,0,,A,PU,_Z,2,,,False,WB_WDI,WB_WDI_SP_POP_TOTL,VGB,_T,_T,_T,_Z,_Z,_Z,2013,A,PS,
411202,P1Y,0,,A,PU,_Z,2,,,False,WB_WDI,WB_WDI_SP_POP_TOTL,BRN,_T,_T,_T,_Z,_Z,_Z,2013,A,PS,
7160005,P1Y,0,,A,PU,_Z,2,,,False,WB_WDI,WB_WDI_SP_POP_TOTL,BGR,_T,_T,_T,_Z,_Z,_Z,2013,A,PS,
17695409,P1Y,0,,A,PU,_Z,2,,,False,WB_WDI,WB_WDI_SP_POP_TOTL,BFA,_T,_T,_T,_Z,_Z,_Z,2013,A,PS,
17201724,P1Y,0,,A,PU,_Z,2,,,False,WB_WDI,WB_WDI_SP_POP_TOTL,KHM,_T,_T,_T,_Z,_Z,_Z,2022,A,PS,
27632771,P1Y,0,,A,PU,_Z,2,,,False,WB_WDI,WB_WDI_SP_POP_TOTL,CMR,_T,_T,_T,_Z,_Z,_Z,2022,A,PS,
38950132,P1Y,0,,A,PU,_Z,2,,,False,WB_WDI,WB_WDI_SP_POP_TOTL,CAN,_T,_T,_T,_Z,_Z,_Z,2022,A,PS,
71591,P1Y,0,,A,PU,_Z,2,,,False,WB_WDI,WB_WDI_SP_POP_TOTL,CYM,_T,_T,_T,_Z,_Z,_Z,2022,A,PS,
5098039,P1Y,0,,A,PU,_Z,2,,,False,WB_WDI,WB_WDI_SP_POP_TOTL,CAF,_T,_T,_T,_Z,_Z,_Z,2022,A,PS,
18455316,P1Y,0,,A,PU,_Z,2,,,False,WB_WDI,WB_WDI_SP_POP_TOTL,TCD,_T,_T,_T,_Z,_Z,_Z,2022,A,PS,
167215,P1Y,0,,A,PU,_Z,2,,,False,WB_WDI,WB_WDI_SP_POP_TOTL,CHI,_T,_T,_T,_Z,_Z,_Z,2022,A,PS,
19553036,P1Y,0,,A,PU,_Z,2,,,False,WB_WDI,WB_WDI_SP_POP_TOTL,CHL,_T,_T,_T,_Z,_Z,_Z,2022,A,PS,
1412175000,P1Y,0,,A,PU,_Z,2,,,False,WB_WDI,WB_WDI_SP_POP_TOTL,CHN,_T,_T,_T,_Z,_Z,_Z,2022,A,PS,
51737944,P1Y,0,,A,PU,_Z,2,,,False,WB_WDI,WB_WDI_SP_POP_TOTL,COL,_T,_T,_T,_Z,_Z,_Z,2022,A,PS,
834188,P1Y,0,,A,PU,_Z,2,,,False,WB_WDI,WB_WDI_SP_POP_TOTL,COM,_T,_T,_T,_Z,_Z,_Z,2022,A,PS,
102396968,P1Y,0,,A,PU,_Z,2,,,False,WB_WDI,WB_WDI_SP_POP_TOTL,COD,_T,_T,_T,_Z,_Z,_Z,2022,A,PS,
6035104,P1Y,0,,A,PU,_Z,2,,,False,WB_WDI,WB_WDI_SP_POP_TOTL,COG,_T,_T,_T,_Z,_Z,_Z,2022,A,PS,
1289307,P1Y,0,,A,PU,_Z,2,,,False,WB_WDI,WB_WDI_SP_POP_TOTL,GNB,_T,_T,_T,_Z,_Z,_Z,2002,A,PS,
763652,P1Y,0,,A,PU,_Z,2,,,False,WB_WDI,WB_WDI_SP_POP_TOTL,GUY,_T,_T,_T,_Z,_Z,_Z,2002,A,PS,
8607641,P1Y,0,,A,PU,_Z,2,,,False,WB_WDI,WB_WDI_SP_POP_TOTL,HTI,_T,_T,_T,_Z,_Z,_Z,2002,A,PS,
6938859,P1Y,0,,A,PU,_Z,2,,,False,WB_WDI,WB_WDI_SP_POP_TOTL,HND,_T,_T,_T,_Z,_Z,_Z,2002,A,PS,
6744100,P1Y,0,,A,PU,_Z,2,,,False,WB_WDI,WB_WDI_SP_POP_TOTL,HKG,_T,_T,_T,_Z,_Z,_Z,2002,A,PS,
10158608,P1Y,0,,A,PU,_Z,2,,,False,WB_WDI,WB_WDI_SP_POP_TOTL,HUN,_T,_T,_T,_Z,_Z,_Z,2002,A,PS,
287523,P1Y,0,,A,PU,_Z,2,,,False,WB_WDI,WB_WDI_SP_POP_TOTL,ISL,_T,_T,_T,_Z,_Z,_Z,2002,A,PS,
1097600380,P1Y,0,,A,PU,_Z,2,,,False,WB_WDI,WB_WDI_SP_POP_TOTL,IND,_T,_T,_T,_Z,_Z,_Z,2002,A,PS,
222088495,P1Y,0,,A,PU,_Z,2,,,False,WB_WDI,WB_WDI_SP_POP_TOTL,IDN,_T,_T,_T,_Z,_Z,_Z,2002,A,PS,
68011317,P1Y,0,,A,PU,_Z,2,,,False,WB_WDI,WB_WDI_SP_POP_TOTL,IRN,_T,_T,_T,_Z,_Z,_Z,2002,A,PS,
26006559,P1Y,0,,A,PU,_Z,2,,,False,WB_WDI,WB_WDI_SP_POP_TOTL,IRQ,_T,_T,_T,_Z,_Z,_Z,2002,A,PS,
3931947,P1Y,0,,A,PU,_Z,2,,,False,WB_WDI,WB_WDI_SP_POP_TOTL,IRL,_T,_T,_T,_Z,_Z,_Z,2002,A,PS,
77275,P1Y,0,,A,PU,_Z,2,,,False,WB_WDI,WB_WDI_SP_POP_TOTL,IMN,_T,_T,_T,_Z,_Z,_Z,2002,A,PS,
1252404,P1Y,0,,A,PU,_Z,2,,,False,WB_WDI,WB_WDI_SP_POP_TOTL,MUS,_T,_T,_T,_Z,_Z,_Z,2011,A,PS,
115243504,P1Y,0,,A,PU,_Z,2,,,False,WB_WDI,WB_WDI_SP_POP_TOTL,MEX,_T,_T,_T,_Z,_Z,_Z,2011,A,PS,
107698,P1Y,0,,A,PU,_Z,2,,,False,WB_WDI,WB_WDI_SP_POP_TOTL,FSM,_T,_T,_T,_Z,_Z,_Z,2011,A,PS,
2860699,P1Y,0,,A,PU,_Z,2,,,False,WB_WDI,WB_WDI_SP_POP_TOTL,MDA,_T,_T,_T,_Z,_Z,_Z,2011,A,PS,
33946,P1Y,0,,A,PU,_Z,2,,,False,WB_WDI,WB_WDI_SP_POP_TOTL,MCO,_T,_T,_T,_Z,_Z,_Z,2011,A,PS,
2786317,P1Y,0,,A,PU,_Z,2,,,False,WB_WDI,WB_WDI_SP_POP_TOTL,MNG,_T,_T,_T,_Z,_Z,_Z,2011,A,PS,
620345,P1Y,0,,A,PU,_Z,2,,,False,WB_WDI,WB_WDI_SP_POP_TOTL,MNE,_T,_T,_T,_Z,_Z,_Z,2011,A,PS,
32912588,P1Y,0,,A,PU,_Z,2,,,False,WB_WDI,WB_WDI_SP_POP_TOTL,MAR,_T,_T,_T,_Z,_Z,_Z,2011,A,PS,
23649039,P1Y,0,,A,PU,_Z,2,,,False,WB_WDI,WB_WDI_SP_POP_TOTL,MOZ,_T,_T,_T,_Z,_Z,_Z,2011,A,PS,
49419820,P1Y,0,,A,PU,_Z,2,,,False,WB_WDI,WB_WDI_SP_POP_TOTL,MMR,_T,_T,_T,_Z,_Z,_Z,2011,A,PS,
2146325,P1Y,0,,A,PU,_Z,2,,,False,WB_WDI,WB_WDI_SP_POP_TOTL,NAM,_T,_T,_T,_Z,_Z,_Z,2011,A,PS,
10098,P1Y,0,,A,PU,_Z,2,,,False,WB_WDI,WB_WDI_SP_POP_TOTL,NRU,_T,_T,_T,_Z,_Z,_Z,2011,A,PS,
6219807,P1Y,0,,A,PU,_Z,2,,,False,WB_WDI,WB_WDI_SP_POP_TOTL,SLV,_T,_T,_T,_Z,_Z,_Z,2018,A,PS,
1616422,P1Y,0,,A,PU,_Z,2,,,False,WB_WDI,WB_WDI_SP_POP_TOTL,GNQ,_T,_T,_T,_Z,_Z,_Z,2018,A,PS,
3192760,P1Y,0,,A,PU,_Z,2,,,False,WB_WDI,WB_WDI_SP_POP_TOTL,ERI,_T,_T,_T,_Z,_Z,_Z,2018,A,PS,
1321977,P1Y,0,,A,PU,_Z,2,,,False,WB_WDI,WB_WDI_SP_POP_TOTL,EST,_T,_T,_T,_Z,_Z,_Z,2018,A,PS,
1168929,P1Y,0,,A,PU,_Z,2,,,False,WB_WDI,WB_WDI_SP_POP_TOTL,SWZ,_T,_T,_T,_Z,_Z,_Z,2018,A,PS,
112664152,P1Y,0,,A,PU,_Z,2,,,False,WB_WDI,WB_WDI_SP_POP_TOTL,ETH,_T,_T,_T,_Z,_Z,_Z,2018,A,PS,
50997,P1Y,0,,A,PU,_Z,2,,,False,WB_WDI,WB_WDI_SP_POP_TOTL,FRO,_T,_T,_T,_Z,_Z,_Z,2018,A,PS,
917180,P1Y,0,,A,PU,_Z,2,,,False,WB_WDI,WB_WDI_SP_POP_TOTL,FJI,_T,_T,_T,_Z,_Z,_Z,2018,A,PS,
5515525,P1Y,0,,A,PU,_Z,2,,,False,WB_WDI,WB_WDI_SP_POP_TOTL,FIN,_T,_T,_T,_Z,_Z,_Z,2018,A,PS,
67158348,P1Y,0,,A,PU,_Z,2,,,False,WB_WDI,WB_WDI_SP_POP_TOTL,FRA,_T,_T,_T,_Z,_Z,_Z,2018,A,PS,
279815,P1Y,0,,A,PU,_Z,2,,,False,WB_WDI,WB_WDI_SP_POP_TOTL,PYF,_T,_T,_T,_Z,_Z,_Z,2018,A,PS,
2212318,P1Y,0,,A,PU,_Z,2,,,False,WB_WDI,WB_WDI_SP_POP_TOTL,GAB,_T,_T,_T,_Z,_Z,_Z,2018,A,PS,
2399632,P1Y,0,,A,PU,_Z,2,,,False,WB_WDI,WB_WDI_SP_POP_TOTL,GMB,_T,_T,_T,_Z,_Z,_Z,2018,A,PS,
103767130,P1Y,0,,A,PU,_Z,2,,,False,WB_WDI,WB_WDI_SP_POP_TOTL,PHL,_T,_T,_T,_Z,_Z,_Z,2014,A,PS,
38011735,P1Y,0,,A,PU,_Z,2,,,False,WB_WDI,WB_WDI_SP_POP_TOTL,POL,_T,_T,_T,_Z,_Z,_Z,2014,A,PS,
10401062,P1Y,0,,A,PU,_Z,2,,,False,WB_WDI,WB_WDI_SP_POP_TOTL,PRT,_T,_T,_T,_Z,_Z,_Z,2014,A,PS,
3585017,P1Y,0,,A,PU,_Z,2,,,False,WB_WDI,WB_WDI_SP_POP_TOTL,PRI,_T,_T,_T,_Z,_Z,_Z,2014,A,PS,
2151745,P1Y,0,,A,PU,_Z,2,,,False,WB_WDI,WB_WDI_SP_POP_TOTL,QAT,_T,_T,_T,_Z,_Z,_Z,2014,A,PS,
19908979,P1Y,0,,A,PU,_Z,2,,,False,WB_WDI,WB_WDI_SP_POP_TOTL,ROU,_T,_T,_T,_Z,_Z,_Z,2014,A,PS,
144237223,P1Y,0,,A,PU,_Z,2,,,False,WB_WDI,WB_WDI_SP_POP_TOTL,RUS,_T,_T,_T,_Z,_Z,_Z,2014,A,PS,
11364757,P1Y,0,,A,PU,_Z,2,,,False,WB_WDI,WB_WDI_SP_POP_TOTL,RWA,_T,_T,_T,_Z,_Z,_Z,2014,A,PS,
200037,P1Y,0,,A,PU,_Z,2,,,False,WB_WDI,WB_WDI_SP_POP_TOTL,WSM,_T,_T,_T,_Z,_Z,_Z,2014,A,PS,
32655,P1Y,0,,A,PU,_Z,2,,,False,WB_WDI,WB_WDI_SP_POP_TOTL,SMR,_T,_T,_T,_Z,_Z,_Z,2014,A,PS,
196767,P1Y,0,,A,PU,_Z,2,,,False,WB_WDI,WB_WDI_SP_POP_TOTL,STP,_T,_T,_T,_Z,_Z,_Z,2014,A,PS,
10625700,P1Y,0,,A,PU,_Z,2,,,False,WB_WDI,WB_WDI_SP_POP_TOTL,BEL,_T,_T,_T,_Z,_Z,_Z,2007,A,PS,
296100,P1Y,0,,A,PU,_Z,2,,,False,WB_WDI,WB_WDI_SP_POP_TOTL,BLZ,_T,_T,_T,_Z,_Z,_Z,2007,A,PS,
8953969,P1Y,0,,A,PU,_Z,2,,,False,WB_WDI,WB_WDI_SP_POP_TOTL,BEN,_T,_T,_T,_Z,_Z,_Z,2007,A,PS,
63010,P1Y,0,,A,PU,_Z,2,,,False,WB_WDI,WB_WDI_SP_POP_TOTL,BMU,_T,_T,_T,_Z,_Z,_Z,2007,A,PS,
678641,P1Y,0,,A,PU,_Z,2,,,False,WB_WDI,WB_WDI_SP_POP_TOTL,BTN,_T,_T,_T,_Z,_Z,_Z,2007,A,PS,
9685960,P1Y,0,,A,PU,_Z,2,,,False,WB_WDI,WB_WDI_SP_POP_TOTL,BOL,_T,_T,_T,_Z,_Z,_Z,2007,A,PS,
4013424,P1Y,0,,A,PU,_Z,2,,,False,WB_WDI,WB_WDI_SP_POP_TOTL,BIH,_T,_T,_T,_Z,_Z,_Z,2007,A,PS,
1911201,P1Y,0,,A,PU,_Z,2,,,False,WB_WDI,WB_WDI_SP_POP_TOTL,BWA,_T,_T,_T,_Z,_Z,_Z,2007,A,PS,
188552320,P1Y,0,,A,PU,_Z,2,,,False,WB_WDI,WB_WDI_SP_POP_TOTL,BRA,_T,_T,_T,_Z,_Z,_Z,2007,A,PS,
25366,P1Y,0,,A,PU,_Z,2,,,False,WB_WDI,WB_WDI_SP_POP_TOTL,VGB,_T,_T,_T,_Z,_Z,_Z,2007,A,PS,
370873,P1Y,0,,A,PU,_Z,2,,,False,WB_WDI,WB_WDI_SP_POP_TOTL,BRN,_T,_T,_T,_Z,_Z,_Z,2007,A,PS,
7545338,P1Y,0,,A,PU,_Z,2,,,False,WB_WDI,WB_WDI_SP_POP_TOTL,BGR,_T,_T,_T,_Z,_Z,_Z,2007,A,PS,
48335,P1Y,0,,A,PU,_Z,2,,,False,WB_WDI,WB_WDI_SP_POP_TOTL,FRO,_T,_T,_T,_Z,_Z,_Z,2006,A,PS,
890365,P1Y,0,,A,PU,_Z,2,,,False,WB_WDI,WB_WDI_SP_POP_TOTL,FJI,_T,_T,_T,_Z,_Z,_Z,2006,A,PS,
5266268,P1Y,0,,A,PU,_Z,2,,,False,WB_WDI,WB_WDI_SP_POP_TOTL,FIN,_T,_T,_T,_Z,_Z,_Z,2006,A,PS,
63622342,P1Y,0,,A,PU,_Z,2,,,False,WB_WDI,WB_WDI_SP_POP_TOTL,FRA,_T,_T,_T,_Z,_Z,_Z,2006,A,PS,
263223,P1Y,0,,A,PU,_Z,2,,,False,WB_WDI,WB_WDI_SP_POP_TOTL,PYF,_T,_T,_T,_Z,_Z,_Z,2006,A,PS,
1508337,P1Y,0,,A,PU,_Z,2,,,False,WB_WDI,WB_WDI_SP_POP_TOTL,GAB,_T,_T,_T,_Z,_Z,_Z,2006,A,PS,
1715275,P1Y,0,,A,PU,_Z,2,,,False,WB_WDI,WB_WDI_SP_POP_TOTL,GMB,_T,_T,_T,_Z,_Z,_Z,2006,A,PS,
3880347,P1Y,0,,A,PU,_Z,2,,,False,WB_WDI,WB_WDI_SP_POP_TOTL,GEO,_T,_T,_T,_Z,_Z,_Z,2006,A,PS,
82376451,P1Y,0,,A,PU,_Z,2,,,False,WB_WDI,WB_WDI_SP_POP_TOTL,DEU,_T,_T,_T,_Z,_Z,_Z,2006,A,PS,
23040702,P1Y,0,,A,PU,_Z,2,,,False,WB_WDI,WB_WDI_SP_POP_TOTL,GHA,_T,_T,_T,_Z,_Z,_Z,2006,A,PS,
29594,P1Y,0,,A,PU,_Z,2,,,False,WB_WDI,WB_WDI_SP_POP_TOTL,GIB,_T,_T,_T,_Z,_Z,_Z,2006,A,PS,
11020362,P1Y,0,,A,PU,_Z,2,,,False,WB_WDI,WB_WDI_SP_POP_TOTL,GRC,_T,_T,_T,_Z,_Z,_Z,2006,A,PS,
56775,P1Y,0,,A,PU,_Z,2,,,False,WB_WDI,WB_WDI_SP_POP_TOTL,GRL,_T,_T,_T,_Z,_Z,_Z,2006,A,PS,
110135,P1Y,0,,A,PU,_Z,2,,,False,WB_WDI,WB_WDI_SP_POP_TOTL,GRD,_T,_T,_T,_Z,_Z,_Z,2006,A,PS,
388055,P1Y,0,,A,PU,_Z,2,,,False,WB_WDI,WB_WDI_SP_POP_TOTL,BHS,_T,_T,_T,_Z,_Z,_Z,2016,A,PS,
1423726,P1Y,0,,A,PU,_Z,2,,,False,WB_WDI,WB_WDI_SP_POP_TOTL,BHR,_T,_T,_T,_Z,_Z,_Z,2016,A,PS,
160811932,P1Y,0,,A,PU,_Z,2,,,False,WB_WDI,WB_WDI_SP_POP_TOTL,BGD,_T,_T,_T,_Z,_Z,_Z,2016,A,PS,
279598,P1Y,0,,A,PU,_Z,2,,,False,WB_WDI,WB_WDI_SP_POP_TOTL,BRB,_T,_T,_T,_Z,_Z,_Z,2016,A,PS,
9469379,P1Y,0,,A,PU,_Z,2,,,False,WB_WDI,WB_WDI_SP_POP_TOTL,BLR,_T,_T,_T,_Z,_Z,_Z,2016,A,PS,
11331422,P1Y,0,,A,PU,_Z,2,,,False,WB_WDI,WB_WDI_SP_POP_TOTL,BEL,_T,_T,_T,_Z,_Z,_Z,2016,A,PS,
364705,P1Y,0,,A,PU,_Z,2,,,False,WB_WDI,WB_WDI_SP_POP_TOTL,BLZ,_T,_T,_T,_Z,_Z,_Z,2016,A,PS,
11697842,P1Y,0,,A,PU,_Z,2,,,False,WB_WDI,WB_WDI_SP_POP_TOTL,BEN,_T,_T,_T,_Z,_Z,_Z,2016,A,PS,
63449,P1Y,0,,A,PU,_Z,2,,,False,WB_WDI,WB_WDI_SP_POP_TOTL,BMU,_T,_T,_T,_Z,_Z,_Z,2016,A,PS,
747866,P1Y,0,,A,PU,_Z,2,,,False,WB_WDI,WB_WDI_SP_POP_TOTL,BTN,_T,_T,_T,_Z,_Z,_Z,2016,A,PS,
11180020,P1Y,0,,A,PU,_Z,2,,,False,WB_WDI,WB_WDI_SP_POP_TOTL,BOL,_T,_T,_T,_Z,_Z,_Z,2016,A,PS,
36584208,P1Y,0,,A,PU,_Z,2,,,False,WB_WDI,WB_WDI_SP_POP_TOTL,MAR,_T,_T,_T,_Z,_Z,_Z,2020,A,PS,
30783688,P1Y,0,,A,PU,_Z,2,,,False,WB_WDI,WB_WDI_SP_POP_TOTL,MOZ,_T,_T,_T,_Z,_Z,_Z,2020,A,PS,
53016522,P1Y,0,,A,PU,_Z,2,,,False,WB_WDI,WB_WDI_SP_POP_TOTL,MMR,_T,_T,_T,_Z,_Z,_Z,2020,A,PS,
2728762,P1Y,0,,A,PU,_Z,2,,,False,WB_WDI,WB_WDI_SP_POP_TOTL,NAM,_T,_T,_T,_Z,_Z,_Z,2020,A,PS,
11643,P1Y,0,,A,PU,_Z,2,,,False,WB_WDI,WB_WDI_SP_POP_TOTL,NRU,_T,_T,_T,_Z,_Z,_Z,2020,A,PS,
28966574,P1Y,0,,A,PU,_Z,2,,,False,WB_WDI,WB_WDI_SP_POP_TOTL,NPL,_T,_T,_T,_Z,_Z,_Z,2020,A,PS,
17441500,P1Y,0,,A,PU,_Z,2,,,False,WB_WDI,WB_WDI_SP_POP_TOTL,NLD,_T,_T,_T,_Z,_Z,_Z,2020,A,PS,
284176,P1Y,0,,A,PU,_Z,2,,,False,WB_WDI,WB_WDI_SP_POP_TOTL,NCL,_T,_T,_T,_Z,_Z,_Z,2020,A,PS,
5072400,P1Y,0,,A,PU,_Z,2,,,False,WB_WDI,WB_WDI_SP_POP_TOTL,NZL,_T,_T,_T,_Z,_Z,_Z,2020,A,PS,
6565267,P1Y,0,,A,PU,_Z,2,,,False,WB_WDI,WB_WDI_SP_POP_TOTL,NIC,_T,_T,_T,_Z,_Z,_Z,2020,A,PS,
23717613,P1Y,0,,A,PU,_Z,2,,,False,WB_WDI,WB_WDI_SP_POP_TOTL,NER,_T,_T,_T,_Z,_Z,_Z,2020,A,PS,
213996181,P1Y,0,,A,PU,_Z,2,,,False,WB_WDI,WB_WDI_SP_POP_TOTL,NGA,_T,_T,_T,_Z,_Z,_Z,2020,A,PS,
5313399,P1Y,0,,A,PU,_Z,2,,,False,WB_WDI,WB_WDI_SP_POP_TOTL,FIN,_T,_T,_T,_Z,_Z,_Z,2008,A,PS,
64375116,P1Y,0,,A,PU,_Z,2,,,False,WB_WDI,WB_WDI_SP_POP_TOTL,FRA,_T,_T,_T,_Z,_Z,_Z,2008,A,PS,
268379,P1Y,0,,A,PU,_Z,2,,,False,WB_WDI,WB_WDI_SP_POP_TOTL,PYF,_T,_T,_T,_Z,_Z,_Z,2008,A,PS,
1607175,P1Y,0,,A,PU,_Z,2,,,False,WB_WDI,WB_WDI_SP_POP_TOTL,GAB,_T,_T,_T,_Z,_Z,_Z,2008,A,PS,
1817852,P1Y,0,,A,PU,_Z,2,,,False,WB_WDI,WB_WDI_SP_POP_TOTL,GMB,_T,_T,_T,_Z,_Z,_Z,2008,A,PS,
3848449,P1Y,0,,A,PU,_Z,2,,,False,WB_WDI,WB_WDI_SP_POP_TOTL,GEO,_T,_T,_T,_Z,_Z,_Z,2008,A,PS,
82110097,P1Y,0,,A,PU,_Z,2,,,False,WB_WDI,WB_WDI_SP_POP_TOTL,DEU,_T,_T,_T,_Z,_Z,_Z,2008,A,PS,
24249946,P1Y,0,,A,PU,_Z,2,,,False,WB_WDI,WB_WDI_SP_POP_TOTL,GHA,_T,_T,_T,_Z,_Z,_Z,2008,A,PS,
30413,P1Y,0,,A,PU,_Z,2,,,False,WB_WDI,WB_WDI_SP_POP_TOTL,GIB,_T,_T,_T,_Z,_Z,_Z,2008,A,PS,
11077841,P1Y,0,,A,PU,_Z,2,,,False,WB_WDI,WB_WDI_SP_POP_TOTL,GRC,_T,_T,_T,_Z,_Z,_Z,2008,A,PS,
56328,P1Y,0,,A,PU,_Z,2,,,False,WB_WDI,WB_WDI_SP_POP_TOTL,GRL,_T,_T,_T,_Z,_Z,_Z,2008,A,PS,
110896,P1Y,0,,A,PU,_Z,2,,,False,WB_WDI,WB_WDI_SP_POP_TOTL,GRD,_T,_T,_T,_Z,_Z,_Z,2008,A,PS,
165693,P1Y,0,,A,PU,_Z,2,,,False,WB_WDI,WB_WDI_SP_POP_TOTL,GUM,_T,_T,_T,_Z,_Z,_Z,2008,A,PS,
6483657,P1Y,0,,A,PU,_Z,2,,,False,WB_WDI,WB_WDI_SP_POP_TOTL,NIC,_T,_T,_T,_Z,_Z,_Z,2019,A,PS,
22947757,P1Y,0,,A,PU,_Z,2,,,False,WB_WDI,WB_WDI_SP_POP_TOTL,NER,_T,_T,_T,_Z,_Z,_Z,2019,A,PS,
209485641,P1Y,0,,A,PU,_Z,2,,,False,WB_WDI,WB_WDI_SP_POP_TOTL,NGA,_T,_T,_T,_Z,_Z,_Z,2019,A,PS,
1876262,P1Y,0,,A,PU,_Z,2,,,False,WB_WDI,WB_WDI_SP_POP_TOTL,MKD,_T,_T,_T,_Z,_Z,_Z,2019,A,PS,
48129,P1Y,0,,A,PU,_Z,2,,,False,WB_WDI,WB_WDI_SP_POP_TOTL,MNP,_T,_T,_T,_Z,_Z,_Z,2019,A,PS,
5347896,P1Y,0,,A,PU,_Z,2,,,False,WB_WDI,WB_WDI_SP_POP_TOTL,NOR,_T,_T,_T,_Z,_Z,_Z,2019,A,PS,
4591241,P1Y,0,,A,PU,_Z,2,,,False,WB_WDI,WB_WDI_SP_POP_TOTL,OMN,_T,_T,_T,_Z,_Z,_Z,2019,A,PS,
230800899,P1Y,0,,A,PU,_Z,2,,,False,WB_WDI,WB_WDI_SP_POP_TOTL,PAK,_T,_T,_T,_Z,_Z,_Z,2019,A,PS,
17798,P1Y,0,,A,PU,_Z,2,,,False,WB_WDI,WB_WDI_SP_POP_TOTL,PLW,_T,_T,_T,_Z,_Z,_Z,2019,A,PS,
4234700,P1Y,0,,A,PU,_Z,2,,,False,WB_WDI,WB_WDI_SP_POP_TOTL,PAN,_T,_T,_T,_Z,_Z,_Z,2019,A,PS,
9609010,P1Y,0,,A,PU,_Z,2,,,False,WB_WDI,WB_WDI_SP_POP_TOTL,PNG,_T,_T,_T,_Z,_Z,_Z,2019,A,PS,
6515058,P1Y,0,,A,PU,_Z,2,,,False,WB_WDI,WB_WDI_SP_POP_TOTL,PRY,_T,_T,_T,_Z,_Z,_Z,2019,A,PS,
69118,P1Y,0,,A,PU,_Z,2,,,False,WB_WDI,WB_WDI_SP_POP_TOTL,DMA,_T,_T,_T,_Z,_Z,_Z,2012,A,PS,
10070411,P1Y,0,,A,PU,_Z,2,,,False,WB_WDI,WB_WDI_SP_POP_TOTL,DOM,_T,_T,_T,_Z,_Z,_Z,2012,A,PS,
15572194,P1Y,0,,A,PU,_Z,2,,,False,WB_WDI,WB_WDI_SP_POP_TOTL,ECU,_T,_T,_T,_Z,_Z,_Z,2012,A,PS,
93161001,P1Y,0,,A,PU,_Z,2,,,False,WB_WDI,WB_WDI_SP_POP_TOTL,EGY,_T,_T,_T,_Z,_Z,_Z,2012,A,PS,
6113975,P1Y,0,,A,PU,_Z,2,,,False,WB_WDI,WB_WDI_SP_POP_TOTL,SLV,_T,_T,_T,_Z,_Z,_Z,2012,A,PS,
1293483,P1Y,0,,A,PU,_Z,2,,,False,WB_WDI,WB_WDI_SP_POP_TOTL,GNQ,_T,_T,_T,_Z,_Z,_Z,2012,A,PS,
3036988,P1Y,0,,A,PU,_Z,2,,,False,WB_WDI,WB_WDI_SP_POP_TOTL,ERI,_T,_T,_T,_Z,_Z,_Z,2012,A,PS,
1322696,P1Y,0,,A,PU,_Z,2,,,False,WB_WDI,WB_WDI_SP_POP_TOTL,EST,_T,_T,_T,_Z,_Z,_Z,2012,A,PS,
1123863,P1Y,0,,A,PU,_Z,2,,,False,WB_WDI,WB_WDI_SP_POP_TOTL,SWZ,_T,_T,_T,_Z,_Z,_Z,2012,A,PS,
95798767,P1Y,0,,A,PU,_Z,2,,,False,WB_WDI,WB_WDI_SP_POP_TOTL,ETH,_T,_T,_T,_Z,_Z,_Z,2012,A,PS,
48290,P1Y,0,,A,PU,_Z,2,,,False,WB_WDI,WB_WDI_SP_POP_TOTL,FRO,_T,_T,_T,_Z,_Z,_Z,2012,A,PS,
20015279,P1Y,0,,A,PU,_Z,2,,,False,WB_WDI,WB_WDI_SP_POP_TOTL,AGO,_T,_T,_T,_Z,_Z,_Z,2006,A,PS,
80604,P1Y,0,,A,PU,_Z,2,,,False,WB_WDI,WB_WDI_SP_POP_TOTL,ATG,_T,_T,_T,_Z,_Z,_Z,2006,A,PS,
39622115,P1Y,0,,A,PU,_Z,2,,,False,WB_WDI,WB_WDI_SP_POP_TOTL,ARG,_T,_T,_T,_Z,_Z,_Z,2006,A,PS,
3127100,P1Y,0,,A,PU,_Z,2,,,False,WB_WDI,WB_WDI_SP_POP_TOTL,ARM,_T,_T,_T,_Z,_Z,_Z,2006,A,PS,
99405,P1Y,0,,A,PU,_Z,2,,,False,WB_WDI,WB_WDI_SP_POP_TOTL,ABW,_T,_T,_T,_Z,_Z,_Z,2006,A,PS,
20450966,P1Y,0,,A,PU,_Z,2,,,False,WB_WDI,WB_WDI_SP_POP_TOTL,AUS,_T,_T,_T,_Z,_Z,_Z,2006,A,PS,
8268641,P1Y,0,,A,PU,_Z,2,,,False,WB_WDI,WB_WDI_SP_POP_TOTL,AUT,_T,_T,_T,_Z,_Z,_Z,2006,A,PS,
8484550,P1Y,0,,A,PU,_Z,2,,,False,WB_WDI,WB_WDI_SP_POP_TOTL,AZE,_T,_T,_T,_Z,_Z,_Z,2006,A,PS,
348375,P1Y,0,,A,PU,_Z,2,,,False,WB_WDI,WB_WDI_SP_POP_TOTL,BHS,_T,_T,_T,_Z,_Z,_Z,2006,A,PS,
960424,P1Y,0,,A,PU,_Z,2,,,False,WB_WDI,WB_WDI_SP_POP_TOTL,BHR,_T,_T,_T,_Z,_Z,_Z,2006,A,PS,
146405973,P1Y,0,,A,PU,_Z,2,,,False,WB_WDI,WB_WDI_SP_POP_TOTL,BGD,_T,_T,_T,_Z,_Z,_Z,2006,A,PS,
270002,P1Y,0,,A,PU,_Z,2,,,False,WB_WDI,WB_WDI_SP_POP_TOTL,BRB,_T,_T,_T,_Z,_Z,_Z,2006,A,PS,
21453000,P1Y,0,,A,PU,_Z,2,,,False,WB_WDI,WB_WDI_SP_POP_TOTL,LKA,_T,_T,_T,_Z,_Z,_Z,2017,A,PS,
47050,P1Y,0,,A,PU,_Z,2,,,False,WB_WDI,WB_WDI_SP_POP_TOTL,KNA,_T,_T,_T,_Z,_Z,_Z,2017,A,PS,
176342,P1Y,0,,A,PU,_Z,2,,,False,WB_WDI,WB_WDI_SP_POP_TOTL,LCA,_T,_T,_T,_Z,_Z,_Z,2017,A,PS,
36837,P1Y,0,,A,PU,_Z,2,,,False,WB_WDI,WB_WDI_SP_POP_TOTL,MAF,_T,_T,_T,_Z,_Z,_Z,2017,A,PS,
105663,P1Y,0,,A,PU,_Z,2,,,False,WB_WDI,WB_WDI_SP_POP_TOTL,VCT,_T,_T,_T,_Z,_Z,_Z,2017,A,PS,
42714306,P1Y,0,,A,PU,_Z,2,,,False,WB_WDI,WB_WDI_SP_POP_TOTL,SDN,_T,_T,_T,_Z,_Z,_Z,2017,A,PS,
593713,P1Y,0,,A,PU,_Z,2,,,False,WB_WDI,WB_WDI_SP_POP_TOTL,SUR,_T,_T,_T,_Z,_Z,_Z,2017,A,PS,
10057698,P1Y,0,,A,PU,_Z,2,,,False,WB_WDI,WB_WDI_SP_POP_TOTL,SWE,_T,_T,_T,_Z,_Z,_Z,2017,A,PS,
8451840,P1Y,0,,A,PU,_Z,2,,,False,WB_WDI,WB_WDI_SP_POP_TOTL,CHE,_T,_T,_T,_Z,_Z,_Z,2017,A,PS,
19224668,P1Y,0,,A,PU,_Z,2,,,False,WB_WDI,WB_WDI_SP_POP_TOTL,SYR,_T,_T,_T,_Z,_Z,_Z,2017,A,PS,
9085946,P1Y,0,,A,PU,_Z,2,,,False,WB_WDI,WB_WDI_SP_POP_TOTL,TJK,_T,_T,_T,_Z,_Z,_Z,2017,A,PS,
55652890,P1Y,0,,A,PU,_Z,2,,,False,WB_WDI,WB_WDI_SP_POP_TOTL,TZA,_T,_T,_T,_Z,_Z,_Z,2017,A,PS,
210187,P1Y,0,,A,PU,_Z,2,,,False,WB_WDI,WB_WDI_SP_POP_TOTL,STP,_T,_T,_T,_Z,_Z,_Z,2018,A,PS,
30196281,P1Y,0,,A,PU,_Z,2,,,False,WB_WDI,WB_WDI_SP_POP_TOTL,SAU,_T,_T,_T,_Z,_Z,_Z,2018,A,PS,
15914498,P1Y,0,,A,PU,_Z,2,,,False,WB_WDI,WB_WDI_SP_POP_TOTL,SEN,_T,_T,_T,_Z,_Z,_Z,2018,A,PS,
6982604,P1Y,0,,A,PU,_Z,2,,,False,WB_WDI,WB_WDI_SP_POP_TOTL,SRB,_T,_T,_T,_Z,_Z,_Z,2018,A,PS,
96762,P1Y,0,,A,PU,_Z,2,,,False,WB_WDI,WB_WDI_SP_POP_TOTL,SYC,_T,_T,_T,_Z,_Z,_Z,2018,A,PS,
7554563,P1Y,0,,A,PU,_Z,2,,,False,WB_WDI,WB_WDI_SP_POP_TOTL,SLE,_T,_T,_T,_Z,_Z,_Z,2018,A,PS,
5638676,P1Y,0,,A,PU,_Z,2,,,False,WB_WDI,WB_WDI_SP_POP_TOTL,SGP,_T,_T,_T,_Z,_Z,_Z,2018,A,PS,
39712,P1Y,0,,A,PU,_Z,2,,,False,WB_WDI,WB_WDI_SP_POP_TOTL,SXM,_T,_T,_T,_Z,_Z,_Z,2018,A,PS,
5446771,P1Y,0,,A,PU,_Z,2,,,False,WB_WDI,WB_WDI_SP_POP_TOTL,SVK,_T,_T,_T,_Z,_Z,_Z,2018,A,PS,
2073894,P1Y,0,,A,PU,_Z,2,,,False,WB_WDI,WB_WDI_SP_POP_TOTL,SVN,_T,_T,_T,_Z,_Z,_Z,2018,A,PS,
709101,P1Y,0,,A,PU,_Z,2,,,False,WB_WDI,WB_WDI_SP_POP_TOTL,SLB,_T,_T,_T,_Z,_Z,_Z,2018,A,PS,
252698525,P1Y,0,,A,PU,_Z,2,,,False,WB_WDI,WB_WDI_SP_POP_TOTL,IDN,_T,_T,_T,_Z,_Z,_Z,2012,A,PS,
79370580,P1Y,0,,A,PU,_Z,2,,,False,WB_WDI,WB_WDI_SP_POP_TOTL,IRN,_T,_T,_T,_Z,_Z,_Z,2012,A,PS,
33654842,P1Y,0,,A,PU,_Z,2,,,False,WB_WDI,WB_WDI_SP_POP_TOTL,IRQ,_T,_T,_T,_Z,_Z,_Z,2012,A,PS,
4599533,P1Y,0,,A,PU,_Z,2,,,False,WB_WDI,WB_WDI_SP_POP_TOTL,IRL,_T,_T,_T,_Z,_Z,_Z,2012,A,PS,
84335,P1Y,0,,A,PU,_Z,2,,,False,WB_WDI,WB_WDI_SP_POP_TOTL,IMN,_T,_T,_T,_Z,_Z,_Z,2012,A,PS,
7910500,P1Y,0,,A,PU,_Z,2,,,False,WB_WDI,WB_WDI_SP_POP_TOTL,ISR,_T,_T,_T,_Z,_Z,_Z,2012,A,PS,
60191247,P1Y,0,,A,PU,_Z,2,,,False,WB_WDI,WB_WDI_SP_POP_TOTL,ITA,_T,_T,_T,_Z,_Z,_Z,2012,A,PS,
2772430,P1Y,0,,A,PU,_Z,2,,,False,WB_WDI,WB_WDI_SP_POP_TOTL,JAM,_T,_T,_T,_Z,_Z,_Z,2012,A,PS,
127629000,P1Y,0,,A,PU,_Z,2,,,False,WB_WDI,WB_WDI_SP_POP_TOTL,JPN,_T,_T,_T,_Z,_Z,_Z,2012,A,PS,
7587127,P1Y,0,,A,PU,_Z,2,,,False,WB_WDI,WB_WDI_SP_POP_TOTL,JOR,_T,_T,_T,_Z,_Z,_Z,2012,A,PS,
17306106,P1Y,0,,A,PU,_Z,2,,,False,WB_WDI,WB_WDI_SP_POP_TOTL,KAZ,_T,_T,_T,_Z,_Z,_Z,2012,A,PS,
25989405,P1Y,0,,A,PU,_Z,2,,,False,WB_WDI,WB_WDI_SP_POP_TOTL,CIV,_T,_T,_T,_Z,_Z,_Z,2016,A,PS,
4106867,P1Y,0,,A,PU,_Z,2,,,False,WB_WDI,WB_WDI_SP_POP_TOTL,HRV,_T,_T,_T,_Z,_Z,_Z,2016,A,PS,
11265612,P1Y,0,,A,PU,_Z,2,,,False,WB_WDI,WB_WDI_SP_POP_TOTL,CUB,_T,_T,_T,_Z,_Z,_Z,2016,A,PS,
159664,P1Y,0,,A,PU,_Z,2,,,False,WB_WDI,WB_WDI_SP_POP_TOTL,CUW,_T,_T,_T,_Z,_Z,_Z,2016,A,PS,
1237112,P1Y,0,,A,PU,_Z,2,,,False,WB_WDI,WB_WDI_SP_POP_TOTL,CYP,_T,_T,_T,_Z,_Z,_Z,2016,A,PS,
10566332,P1Y,0,,A,PU,_Z,2,,,False,WB_WDI,WB_WDI_SP_POP_TOTL,CZE,_T,_T,_T,_Z,_Z,_Z,2016,A,PS,
5728010,P1Y,0,,A,PU,_Z,2,,,False,WB_WDI,WB_WDI_SP_POP_TOTL,DNK,_T,_T,_T,_Z,_Z,_Z,2016,A,PS,
1037653,P1Y,0,,A,PU,_Z,2,,,False,WB_WDI,WB_WDI_SP_POP_TOTL,DJI,_T,_T,_T,_Z,_Z,_Z,2016,A,PS,
69606,P1Y,0,,A,PU,_Z,2,,,False,WB_WDI,WB_WDI_SP_POP_TOTL,DMA,_T,_T,_T,_Z,_Z,_Z,2016,A,PS,
10551430,P1Y,0,,A,PU,_Z,2,,,False,WB_WDI,WB_WDI_SP_POP_TOTL,DOM,_T,_T,_T,_Z,_Z,_Z,2016,A,PS,
16505139,P1Y,0,,A,PU,_Z,2,,,False,WB_WDI,WB_WDI_SP_POP_TOTL,ECU,_T,_T,_T,_Z,_Z,_Z,2016,A,PS,
59370479,P1Y,0,,A,PU,_Z,2,,,False,WB_WDI,WB_WDI_SP_POP_TOTL,GBR,_T,_T,_T,_Z,_Z,_Z,2002,A,PS,
287625193,P1Y,0,,A,PU,_Z,2,,,False,WB_WDI,WB_WDI_SP_POP_TOTL,USA,_T,_T,_T,_Z,_Z,_Z,2002,A,PS,
3278867,P1Y,0,,A,PU,_Z,2,,,False,WB_WDI,WB_WDI_SP_POP_TOTL,URY,_T,_T,_T,_Z,_Z,_Z,2002,A,PS,
25399980,P1Y,0,,A,PU,_Z,2,,,False,WB_WDI,WB_WDI_SP_POP_TOTL,UZB,_T,_T,_T,_Z,_Z,_Z,2002,A,PS,
195863,P1Y,0,,A,PU,_Z,2,,,False,WB_WDI,WB_WDI_SP_POP_TOTL,VUT,_T,_T,_T,_Z,_Z,_Z,2002,A,PS,
25435671,P1Y,0,,A,PU,_Z,2,,,False,WB_WDI,WB_WDI_SP_POP_TOTL,VEN,_T,_T,_T,_Z,_Z,_Z,2002,A,PS,
78772224,P1Y,0,,A,PU,_Z,2,,,False,WB_WDI,WB_WDI_SP_POP_TOTL,VNM,_T,_T,_T,_Z,_Z,_Z,2002,A,PS,
108509,P1Y,0,,A,PU,_Z,2,,,False,WB_WDI,WB_WDI_SP_POP_TOTL,VIR,_T,_T,_T,_Z,_Z,_Z,2002,A,PS,
3075373,P1Y,0,,A,PU,_Z,2,,,False,WB_WDI,WB_WDI_SP_POP_TOTL,PSE,_T,_T,_T,_Z,_Z,_Z,2002,A,PS,
20835086,P1Y,0,,A,PU,_Z,2,,,False,WB_WDI,WB_WDI_SP_POP_TOTL,YEM,_T,_T,_T,_Z,_Z,_Z,2002,A,PS,
10647949,P1Y,0,,A,PU,_Z,2,,,False,WB_WDI,WB_WDI_SP_POP_TOTL,ZMB,_T,_T,_T,_Z,_Z,_Z,2002,A,PS,
12087653,P1Y,0,,A,PU,_Z,2,,,False,WB_WDI,WB_WDI_SP_POP_TOTL,ZWE,_T,_T,_T,_Z,_Z,_Z,2002,A,PS,
439173286,P1Y,0,,A,PU,_Z,2,,,False,WB_WDI,WB_WDI_SP_POP_TOTL,AFE,_T,_T,_T,_Z,_Z,_Z,2003,A,PS,
104174038,P1Y,0,,A,PU,_Z,2,,,False,WB_WDI,WB_WDI_SP_POP_TOTL,CEB,_T,_T,_T,_Z,_Z,_Z,2011,A,PS,
3013476947,P1Y,0,,A,PU,_Z,2,,,False,WB_WDI,WB_WDI_SP_POP_TOTL,EAR,_T,_T,_T,_Z,_Z,_Z,2011,A,PS,
2230826576,P1Y,0,,A,PU,_Z,2,,,False,WB_WDI,WB_WDI_SP_POP_TOTL,EAS,_T,_T,_T,_Z,_Z,_Z,2011,A,PS,
1989106668,P1Y,0,,A,PU,_Z,2,,,False,WB_WDI,WB_WDI_SP_POP_TOTL,EAP,_T,_T,_T,_Z,_Z,_Z,2011,A,PS,
1964036970,P1Y,0,,A,PU,_Z,2,,,False,WB_WDI,WB_WDI_SP_POP_TOTL,TEA,_T,_T,_T,_Z,_Z,_Z,2011,A,PS,
347715695,P1Y,0,,A,PU,_Z,2,,,False,WB_WDI,WB_WDI_SP_POP_TOTL,EMU,_T,_T,_T,_Z,_Z,_Z,2011,A,PS,
893009594,P1Y,0,,A,PU,_Z,2,,,False,WB_WDI,WB_WDI_SP_POP_TOTL,ECS,_T,_T,_T,_Z,_Z,_Z,2011,A,PS,
231988438,P1Y,0,,A,PU,_Z,2,,,False,WB_WDI,WB_WDI_SP_POP_TOTL,ECA,_T,_T,_T,_Z,_Z,_Z,2011,A,PS,
444846366,P1Y,0,,A,PU,_Z,2,,,False,WB_WDI,WB_WDI_SP_POP_TOTL,TEC,_T,_T,_T,_Z,_Z,_Z,2011,A,PS,
441414078,P1Y,0,,A,PU,_Z,2,,,False,WB_WDI,WB_WDI_SP_POP_TOTL,EUU,_T,_T,_T,_Z,_Z,_Z,2011,A,PS,
656367599,P1Y,0,,A,PU,_Z,2,,,False,WB_WDI,WB_WDI_SP_POP_TOTL,HPC,_T,_T,_T,_Z,_Z,_Z,2011,A,PS,
1334557662,P1Y,0,,A,PU,_Z,2,,,False,WB_WDI,WB_WDI_SP_POP_TOTL,HIC,_T,_T,_T,_Z,_Z,_Z,2011,A,PS,
4483152627,P1Y,0,,A,PU,_Z,2,,,False,WB_WDI,WB_WDI_SP_POP_TOTL,IBD,_T,_T,_T,_Z,_Z,_Z,2011,A,PS,
5956303101,P1Y,0,,A,PU,_Z,2,,,False,WB_WDI,WB_WDI_SP_POP_TOTL,IBT,_T,_T,_T,_Z,_Z,_Z,2011,A,PS,
10049,P1Y,0,,A,PU,_Z,2,,,False,WB_WDI,WB_WDI_SP_POP_TOTL,NRU,_T,_T,_T,_Z,_Z,_Z,2005,A,PS,
26309458,P1Y,0,,A,PU,_Z,2,,,False,WB_WDI,WB_WDI_SP_POP_TOTL,NPL,_T,_T,_T,_Z,_Z,_Z,2005,A,PS,
16319868,P1Y,0,,A,PU,_Z,2,,,False,WB_WDI,WB_WDI_SP_POP_TOTL,NLD,_T,_T,_T,_Z,_Z,_Z,2005,A,PS,
244381,P1Y,0,,A,PU,_Z,2,,,False,WB_WDI,WB_WDI_SP_POP_TOTL,NCL,_T,_T,_T,_Z,_Z,_Z,2005,A,PS,
4133900,P1Y,0,,A,PU,_Z,2,,,False,WB_WDI,WB_WDI_SP_POP_TOTL,NZL,_T,_T,_T,_Z,_Z,_Z,2005,A,PS,
5342105,P1Y,0,,A,PU,_Z,2,,,False,WB_WDI,WB_WDI_SP_POP_TOTL,NIC,_T,_T,_T,_Z,_Z,_Z,2005,A,PS,
13756192,P1Y,0,,A,PU,_Z,2,,,False,WB_WDI,WB_WDI_SP_POP_TOTL,NER,_T,_T,_T,_Z,_Z,_Z,2005,A,PS,
145017253,P1Y,0,,A,PU,_Z,2,,,False,WB_WDI,WB_WDI_SP_POP_TOTL,NGA,_T,_T,_T,_Z,_Z,_Z,2005,A,PS,
2005330,P1Y,0,,A,PU,_Z,2,,,False,WB_WDI,WB_WDI_SP_POP_TOTL,MKD,_T,_T,_T,_Z,_Z,_Z,2005,A,PS,
62354,P1Y,0,,A,PU,_Z,2,,,False,WB_WDI,WB_WDI_SP_POP_TOTL,MNP,_T,_T,_T,_Z,_Z,_Z,2005,A,PS,
4623291,P1Y,0,,A,PU,_Z,2,,,False,WB_WDI,WB_WDI_SP_POP_TOTL,NOR,_T,_T,_T,_Z,_Z,_Z,2005,A,PS,
2459802,P1Y,0,,A,PU,_Z,2,,,False,WB_WDI,WB_WDI_SP_POP_TOTL,OMN,_T,_T,_T,_Z,_Z,_Z,2005,A,PS,
175453212,P1Y,0,,A,PU,_Z,2,,,False,WB_WDI,WB_WDI_SP_POP_TOTL,PAK,_T,_T,_T,_Z,_Z,_Z,2005,A,PS,
104110,P1Y,0,,A,PU,_Z,2,,,False,WB_WDI,WB_WDI_SP_POP_TOTL,ABW,_T,_T,_T,_Z,_Z,_Z,2012,A,PS,
22733465,P1Y,0,,A,PU,_Z,2,,,False,WB_WDI,WB_WDI_SP_POP_TOTL,AUS,_T,_T,_T,_Z,_Z,_Z,2012,A,PS,
8429991,P1Y,0,,A,PU,_Z,2,,,False,WB_WDI,WB_WDI_SP_POP_TOTL,AUT,_T,_T,_T,_Z,_Z,_Z,2012,A,PS,
9295784,P1Y,0,,A,PU,_Z,2,,,False,WB_WDI,WB_WDI_SP_POP_TOTL,AZE,_T,_T,_T,_Z,_Z,_Z,2012,A,PS,
375469,P1Y,0,,A,PU,_Z,2,,,False,WB_WDI,WB_WDI_SP_POP_TOTL,BHS,_T,_T,_T,_Z,_Z,_Z,2012,A,PS,
1208964,P1Y,0,,A,PU,_Z,2,,,False,WB_WDI,WB_WDI_SP_POP_TOTL,BHR,_T,_T,_T,_Z,_Z,_Z,2012,A,PS,
155070101,P1Y,0,,A,PU,_Z,2,,,False,WB_WDI,WB_WDI_SP_POP_TOTL,BGD,_T,_T,_T,_Z,_Z,_Z,2012,A,PS,
276938,P1Y,0,,A,PU,_Z,2,,,False,WB_WDI,WB_WDI_SP_POP_TOTL,BRB,_T,_T,_T,_Z,_Z,_Z,2012,A,PS,
9446836,P1Y,0,,A,PU,_Z,2,,,False,WB_WDI,WB_WDI_SP_POP_TOTL,BLR,_T,_T,_T,_Z,_Z,_Z,2012,A,PS,
11106932,P1Y,0,,A,PU,_Z,2,,,False,WB_WDI,WB_WDI_SP_POP_TOTL,BEL,_T,_T,_T,_Z,_Z,_Z,2012,A,PS,
334414,P1Y,0,,A,PU,_Z,2,,,False,WB_WDI,WB_WDI_SP_POP_TOTL,BLZ,_T,_T,_T,_Z,_Z,_Z,2012,A,PS,
340099,P1Y,0,,A,PU,_Z,2,,,False,WB_WDI,WB_WDI_SP_POP_TOTL,BRN,_T,_T,_T,_Z,_Z,_Z,2002,A,PS,
7837161,P1Y,0,,A,PU,_Z,2,,,False,WB_WDI,WB_WDI_SP_POP_TOTL,BGR,_T,_T,_T,_Z,_Z,_Z,2002,A,PS,
12680897,P1Y,0,,A,PU,_Z,2,,,False,WB_WDI,WB_WDI_SP_POP_TOTL,BFA,_T,_T,_T,_Z,_Z,_Z,2002,A,PS,
6824132,P1Y,0,,A,PU,_Z,2,,,False,WB_WDI,WB_WDI_SP_POP_TOTL,BDI,_T,_T,_T,_Z,_Z,_Z,2002,A,PS,
467046,P1Y,0,,A,PU,_Z,2,,,False,WB_WDI,WB_WDI_SP_POP_TOTL,CPV,_T,_T,_T,_Z,_Z,_Z,2002,A,PS,
12855241,P1Y,0,,A,PU,_Z,2,,,False,WB_WDI,WB_WDI_SP_POP_TOTL,KHM,_T,_T,_T,_Z,_Z,_Z,2002,A,PS,
15725528,P1Y,0,,A,PU,_Z,2,,,False,WB_WDI,WB_WDI_SP_POP_TOTL,CMR,_T,_T,_T,_Z,_Z,_Z,2002,A,PS,
31359199,P1Y,0,,A,PU,_Z,2,,,False,WB_WDI,WB_WDI_SP_POP_TOTL,CAN,_T,_T,_T,_Z,_Z,_Z,2002,A,PS,
42514,P1Y,0,,A,PU,_Z,2,,,False,WB_WDI,WB_WDI_SP_POP_TOTL,CYM,_T,_T,_T,_Z,_Z,_Z,2002,A,PS,
4006077,P1Y,0,,A,PU,_Z,2,,,False,WB_WDI,WB_WDI_SP_POP_TOTL,CAF,_T,_T,_T,_Z,_Z,_Z,2002,A,PS,
9116192,P1Y,0,,A,PU,_Z,2,,,False,WB_WDI,WB_WDI_SP_POP_TOTL,TCD,_T,_T,_T,_Z,_Z,_Z,2002,A,PS,
149881,P1Y,0,,A,PU,_Z,2,,,False,WB_WDI,WB_WDI_SP_POP_TOTL,CHI,_T,_T,_T,_Z,_Z,_Z,2002,A,PS,
15857925,P1Y,0,,A,PU,_Z,2,,,False,WB_WDI,WB_WDI_SP_POP_TOTL,CHL,_T,_T,_T,_Z,_Z,_Z,2002,A,PS,
1280400000,P1Y,0,,A,PU,_Z,2,,,False,WB_WDI,WB_WDI_SP_POP_TOTL,CHN,_T,_T,_T,_Z,_Z,_Z,2002,A,PS,
42505035,P1Y,0,,A,PU,_Z,2,,,False,WB_WDI,WB_WDI_SP_POP_TOTL,DZA,_T,_T,_T,_Z,_Z,_Z,2018,A,PS,
50908,P1Y,0,,A,PU,_Z,2,,,False,WB_WDI,WB_WDI_SP_POP_TOTL,ASM,_T,_T,_T,_Z,_Z,_Z,2018,A,PS,
75162,P1Y,0,,A,PU,_Z,2,,,False,WB_WDI,WB_WDI_SP_POP_TOTL,AND,_T,_T,_T,_Z,_Z,_Z,2018,A,PS,
31297155,P1Y,0,,A,PU,_Z,2,,,False,WB_WDI,WB_WDI_SP_POP_TOTL,AGO,_T,_T,_T,_Z,_Z,_Z,2018,A,PS,
90926,P1Y,0,,A,PU,_Z,2,,,False,WB_WDI,WB_WDI_SP_POP_TOTL,ATG,_T,_T,_T,_Z,_Z,_Z,2018,A,PS,
44654882,P1Y,0,,A,PU,_Z,2,,,False,WB_WDI,WB_WDI_SP_POP_TOTL,ARG,_T,_T,_T,_Z,_Z,_Z,2018,A,PS,
2969000,P1Y,0,,A,PU,_Z,2,,,False,WB_WDI,WB_WDI_SP_POP_TOTL,ARM,_T,_T,_T,_Z,_Z,_Z,2018,A,PS,
108908,P1Y,0,,A,PU,_Z,2,,,False,WB_WDI,WB_WDI_SP_POP_TOTL,ABW,_T,_T,_T,_Z,_Z,_Z,2018,A,PS,
24963258,P1Y,0,,A,PU,_Z,2,,,False,WB_WDI,WB_WDI_SP_POP_TOTL,AUS,_T,_T,_T,_Z,_Z,_Z,2018,A,PS,
8840521,P1Y,0,,A,PU,_Z,2,,,False,WB_WDI,WB_WDI_SP_POP_TOTL,AUT,_T,_T,_T,_Z,_Z,_Z,2018,A,PS,
9939771,P1Y,0,,A,PU,_Z,2,,,False,WB_WDI,WB_WDI_SP_POP_TOTL,AZE,_T,_T,_T,_Z,_Z,_Z,2018,A,PS,
392717,P1Y,0,,A,PU,_Z,2,,,False,WB_WDI,WB_WDI_SP_POP_TOTL,BHS,_T,_T,_T,_Z,_Z,_Z,2018,A,PS,
213392,P1Y,0,,A,PU,_Z,2,,,False,WB_WDI,WB_WDI_SP_POP_TOTL,STP,_T,_T,_T,_Z,_Z,_Z,2019,A,PS,
30063799,P1Y,0,,A,PU,_Z,2,,,False,WB_WDI,WB_WDI_SP_POP_TOTL,SAU,_T,_T,_T,_Z,_Z,_Z,2019,A,PS,
16352922,P1Y,0,,A,PU,_Z,2,,,False,WB_WDI,WB_WDI_SP_POP_TOTL,SEN,_T,_T,_T,_Z,_Z,_Z,2019,A,PS,
6945235,P1Y,0,,A,PU,_Z,2,,,False,WB_WDI,WB_WDI_SP_POP_TOTL,SRB,_T,_T,_T,_Z,_Z,_Z,2019,A,PS,
97625,P1Y,0,,A,PU,_Z,2,,,False,WB_WDI,WB_WDI_SP_POP_TOTL,SYC,_T,_T,_T,_Z,_Z,_Z,2019,A,PS,
7731991,P1Y,0,,A,PU,_Z,2,,,False,WB_WDI,WB_WDI_SP_POP_TOTL,SLE,_T,_T,_T,_Z,_Z,_Z,2019,A,PS,
5703569,P1Y,0,,A,PU,_Z,2,,,False,WB_WDI,WB_WDI_SP_POP_TOTL,SGP,_T,_T,_T,_Z,_Z,_Z,2019,A,PS,
40385,P1Y,0,,A,PU,_Z,2,,,False,WB_WDI,WB_WDI_SP_POP_TOTL,SXM,_T,_T,_T,_Z,_Z,_Z,2019,A,PS,
5454147,P1Y,0,,A,PU,_Z,2,,,False,WB_WDI,WB_WDI_SP_POP_TOTL,SVK,_T,_T,_T,_Z,_Z,_Z,2019,A,PS,
2088385,P1Y,0,,A,PU,_Z,2,,,False,WB_WDI,WB_WDI_SP_POP_TOTL,SVN,_T,_T,_T,_Z,_Z,_Z,2019,A,PS,
728147,P1Y,0,,A,PU,_Z,2,,,False,WB_WDI,WB_WDI_SP_POP_TOTL,SLB,_T,_T,_T,_Z,_Z,_Z,2019,A,PS,
16030971,P1Y,0,,A,PU,_Z,2,,,False,WB_WDI,WB_WDI_SP_POP_TOTL,SOM,_T,_T,_T,_Z,_Z,_Z,2019,A,PS,
15452487,P1Y,0,,A,PU,_Z,2,,,False,WB_WDI,WB_WDI_SP_POP_TOTL,SOM,_T,_T,_T,_Z,_Z,_Z,2018,A,PS,
58613001,P1Y,0,,A,PU,_Z,2,,,False,WB_WDI,WB_WDI_SP_POP_TOTL,ZAF,_T,_T,_T,_Z,_Z,_Z,2018,A,PS,
10122977,P1Y,0,,A,PU,_Z,2,,,False,WB_WDI,WB_WDI_SP_POP_TOTL,SSD,_T,_T,_T,_Z,_Z,_Z,2018,A,PS,
46782011,P1Y,0,,A,PU,_Z,2,,,False,WB_WDI,WB_WDI_SP_POP_TOTL,ESP,_T,_T,_T,_Z,_Z,_Z,2018,A,PS,
21670000,P1Y,0,,A,PU,_Z,2,,,False,WB_WDI,WB_WDI_SP_POP_TOTL,LKA,_T,_T,_T,_Z,_Z,_Z,2018,A,PS,
47008,P1Y,0,,A,PU,_Z,2,,,False,WB_WDI,WB_WDI_SP_POP_TOTL,KNA,_T,_T,_T,_Z,_Z,_Z,2018,A,PS,
177017,P1Y,0,,A,PU,_Z,2,,,False,WB_WDI,WB_WDI_SP_POP_TOTL,LCA,_T,_T,_T,_Z,_Z,_Z,2018,A,PS,
36012,P1Y,0,,A,PU,_Z,2,,,False,WB_WDI,WB_WDI_SP_POP_TOTL,MAF,_T,_T,_T,_Z,_Z,_Z,2018,A,PS,
104926,P1Y,0,,A,PU,_Z,2,,,False,WB_WDI,WB_WDI_SP_POP_TOTL,VCT,_T,_T,_T,_Z,_Z,_Z,2018,A,PS,
44230596,P1Y,0,,A,PU,_Z,2,,,False,WB_WDI,WB_WDI_SP_POP_TOTL,SDN,_T,_T,_T,_Z,_Z,_Z,2018,A,PS,
599513,P1Y,0,,A,PU,_Z,2,,,False,WB_WDI,WB_WDI_SP_POP_TOTL,SUR,_T,_T,_T,_Z,_Z,_Z,2018,A,PS,
10175214,P1Y,0,,A,PU,_Z,2,,,False,WB_WDI,WB_WDI_SP_POP_TOTL,SWE,_T,_T,_T,_Z,_Z,_Z,2018,A,PS,
8514329,P1Y,0,,A,PU,_Z,2,,,False,WB_WDI,WB_WDI_SP_POP_TOTL,CHE,_T,_T,_T,_Z,_Z,_Z,2018,A,PS,
23287877,P1Y,0,,A,PU,_Z,2,,,False,WB_WDI,WB_WDI_SP_POP_TOTL,SAU,_T,_T,_T,_Z,_Z,_Z,2008,A,PS,
12048959,P1Y,0,,A,PU,_Z,2,,,False,WB_WDI,WB_WDI_SP_POP_TOTL,SEN,_T,_T,_T,_Z,_Z,_Z,2008,A,PS,
7350222,P1Y,0,,A,PU,_Z,2,,,False,WB_WDI,WB_WDI_SP_POP_TOTL,SRB,_T,_T,_T,_Z,_Z,_Z,2008,A,PS,
86956,P1Y,0,,A,PU,_Z,2,,,False,WB_WDI,WB_WDI_SP_POP_TOTL,SYC,_T,_T,_T,_Z,_Z,_Z,2008,A,PS,
5894722,P1Y,0,,A,PU,_Z,2,,,False,WB_WDI,WB_WDI_SP_POP_TOTL,SLE,_T,_T,_T,_Z,_Z,_Z,2008,A,PS,
4839396,P1Y,0,,A,PU,_Z,2,,,False,WB_WDI,WB_WDI_SP_POP_TOTL,SGP,_T,_T,_T,_Z,_Z,_Z,2008,A,PS,
33145,P1Y,0,,A,PU,_Z,2,,,False,WB_WDI,WB_WDI_SP_POP_TOTL,SXM,_T,_T,_T,_Z,_Z,_Z,2008,A,PS,
5379233,P1Y,0,,A,PU,_Z,2,,,False,WB_WDI,WB_WDI_SP_POP_TOTL,SVK,_T,_T,_T,_Z,_Z,_Z,2008,A,PS,
2021316,P1Y,0,,A,PU,_Z,2,,,False,WB_WDI,WB_WDI_SP_POP_TOTL,SVN,_T,_T,_T,_Z,_Z,_Z,2008,A,PS,
508790,P1Y,0,,A,PU,_Z,2,,,False,WB_WDI,WB_WDI_SP_POP_TOTL,SLB,_T,_T,_T,_Z,_Z,_Z,2008,A,PS,
11663084,P1Y,0,,A,PU,_Z,2,,,False,WB_WDI,WB_WDI_SP_POP_TOTL,SOM,_T,_T,_T,_Z,_Z,_Z,2008,A,PS,
51114599,P1Y,0,,A,PU,_Z,2,,,False,WB_WDI,WB_WDI_SP_POP_TOTL,ZAF,_T,_T,_T,_Z,_Z,_Z,2008,A,PS,
8817647,P1Y,0,,A,PU,_Z,2,,,False,WB_WDI,WB_WDI_SP_POP_TOTL,SSD,_T,_T,_T,_Z,_Z,_Z,2008,A,PS,
71641484,P1Y,0,,A,PU,_Z,2,,,False,WB_WDI,WB_WDI_SP_POP_TOTL,THA,_T,_T,_T,_Z,_Z,_Z,2020,A,PS,
1326053,P1Y,0,,A,PU,_Z,2,,,False,WB_WDI,WB_WDI_SP_POP_TOTL,TLS,_T,_T,_T,_Z,_Z,_Z,2020,A,PS,
7788054,P1Y,0,,A,PU,_Z,2,,,False,WB_WDI,WB_WDI_SP_POP_TOTL,TGO,_T,_T,_T,_Z,_Z,_Z,2020,A,PS,
105704,P1Y,0,,A,PU,_Z,2,,,False,WB_WDI,WB_WDI_SP_POP_TOTL,TON,_T,_T,_T,_Z,_Z,_Z,2020,A,PS,
1366725,P1Y,0,,A,PU,_Z,2,,,False,WB_WDI,WB_WDI_SP_POP_TOTL,TTO,_T,_T,_T,_Z,_Z,_Z,2020,A,PS,
11974057,P1Y,0,,A,PU,_Z,2,,,False,WB_WDI,WB_WDI_SP_POP_TOTL,TUN,_T,_T,_T,_Z,_Z,_Z,2020,A,PS,
83384680,P1Y,0,,A,PU,_Z,2,,,False,WB_WDI,WB_WDI_SP_POP_TOTL,TUR,_T,_T,_T,_Z,_Z,_Z,2020,A,PS,
6949912,P1Y,0,,A,PU,_Z,2,,,False,WB_WDI,WB_WDI_SP_POP_TOTL,TKM,_T,_T,_T,_Z,_Z,_Z,2020,A,PS,
44386,P1Y,0,,A,PU,_Z,2,,,False,WB_WDI,WB_WDI_SP_POP_TOTL,TCA,_T,_T,_T,_Z,_Z,_Z,2020,A,PS,
10399,P1Y,0,,A,PU,_Z,2,,,False,WB_WDI,WB_WDI_SP_POP_TOTL,TUV,_T,_T,_T,_Z,_Z,_Z,2020,A,PS,
44457152,P1Y,0,,A,PU,_Z,2,,,False,WB_WDI,WB_WDI_SP_POP_TOTL,UGA,_T,_T,_T,_Z,_Z,_Z,2020,A,PS,
44680014,P1Y,0,,A,PU,_Z,2,,,False,WB_WDI,WB_WDI_SP_POP_TOTL,UKR,_T,_T,_T,_Z,_Z,_Z,2020,A,PS,
9401038,P1Y,0,,A,PU,_Z,2,,,False,WB_WDI,WB_WDI_SP_POP_TOTL,ARE,_T,_T,_T,_Z,_Z,_Z,2020,A,PS,
11969422,P1Y,0,,A,PU,_Z,2,,,False,WB_WDI,WB_WDI_SP_POP_TOTL,GTM,_T,_T,_T,_Z,_Z,_Z,2001,A,PS,
8539960,P1Y,0,,A,PU,_Z,2,,,False,WB_WDI,WB_WDI_SP_POP_TOTL,GIN,_T,_T,_T,_Z,_Z,_Z,2001,A,PS,
1261273,P1Y,0,,A,PU,_Z,2,,,False,WB_WDI,WB_WDI_SP_POP_TOTL,GNB,_T,_T,_T,_Z,_Z,_Z,2001,A,PS,
764477,P1Y,0,,A,PU,_Z,2,,,False,WB_WDI,WB_WDI_SP_POP_TOTL,GUY,_T,_T,_T,_Z,_Z,_Z,2001,A,PS,
8455918,P1Y,0,,A,PU,_Z,2,,,False,WB_WDI,WB_WDI_SP_POP_TOTL,HTI,_T,_T,_T,_Z,_Z,_Z,2001,A,PS,
6757993,P1Y,0,,A,PU,_Z,2,,,False,WB_WDI,WB_WDI_SP_POP_TOTL,HND,_T,_T,_T,_Z,_Z,_Z,2001,A,PS,
6714300,P1Y,0,,A,PU,_Z,2,,,False,WB_WDI,WB_WDI_SP_POP_TOTL,HKG,_T,_T,_T,_Z,_Z,_Z,2001,A,PS,
10187576,P1Y,0,,A,PU,_Z,2,,,False,WB_WDI,WB_WDI_SP_POP_TOTL,HUN,_T,_T,_T,_Z,_Z,_Z,2001,A,PS,
284968,P1Y,0,,A,PU,_Z,2,,,False,WB_WDI,WB_WDI_SP_POP_TOTL,ISL,_T,_T,_T,_Z,_Z,_Z,2001,A,PS,
1077898575,P1Y,0,,A,PU,_Z,2,,,False,WB_WDI,WB_WDI_SP_POP_TOTL,IND,_T,_T,_T,_Z,_Z,_Z,2001,A,PS,
219097902,P1Y,0,,A,PU,_Z,2,,,False,WB_WDI,WB_WDI_SP_POP_TOTL,IDN,_T,_T,_T,_Z,_Z,_Z,2001,A,PS,
67452005,P1Y,0,,A,PU,_Z,2,,,False,WB_WDI,WB_WDI_SP_POP_TOTL,IRN,_T,_T,_T,_Z,_Z,_Z,2001,A,PS,
25197840,P1Y,0,,A,PU,_Z,2,,,False,WB_WDI,WB_WDI_SP_POP_TOTL,IRQ,_T,_T,_T,_Z,_Z,_Z,2001,A,PS,
8428832,P1Y,0,,A,PU,_Z,2,,,False,WB_WDI,WB_WDI_SP_POP_TOTL,GIN,_T,_T,_T,_Z,_Z,_Z,2000,A,PS,
1234741,P1Y,0,,A,PU,_Z,2,,,False,WB_WDI,WB_WDI_SP_POP_TOTL,GNB,_T,_T,_T,_Z,_Z,_Z,2000,A,PS,
764832,P1Y,0,,A,PU,_Z,2,,,False,WB_WDI,WB_WDI_SP_POP_TOTL,GUY,_T,_T,_T,_Z,_Z,_Z,2000,A,PS,
8303151,P1Y,0,,A,PU,_Z,2,,,False,WB_WDI,WB_WDI_SP_POP_TOTL,HTI,_T,_T,_T,_Z,_Z,_Z,2000,A,PS,
6577773,P1Y,0,,A,PU,_Z,2,,,False,WB_WDI,WB_WDI_SP_POP_TOTL,HND,_T,_T,_T,_Z,_Z,_Z,2000,A,PS,
6665000,P1Y,0,,A,PU,_Z,2,,,False,WB_WDI,WB_WDI_SP_POP_TOTL,HKG,_T,_T,_T,_Z,_Z,_Z,2000,A,PS,
10210971,P1Y,0,,A,PU,_Z,2,,,False,WB_WDI,WB_WDI_SP_POP_TOTL,HUN,_T,_T,_T,_Z,_Z,_Z,2000,A,PS,
281205,P1Y,0,,A,PU,_Z,2,,,False,WB_WDI,WB_WDI_SP_POP_TOTL,ISL,_T,_T,_T,_Z,_Z,_Z,2000,A,PS,
1057922733,P1Y,0,,A,PU,_Z,2,,,False,WB_WDI,WB_WDI_SP_POP_TOTL,IND,_T,_T,_T,_Z,_Z,_Z,2000,A,PS,
216077790,P1Y,0,,A,PU,_Z,2,,,False,WB_WDI,WB_WDI_SP_POP_TOTL,IDN,_T,_T,_T,_Z,_Z,_Z,2000,A,PS,
66418659,P1Y,0,,A,PU,_Z,2,,,False,WB_WDI,WB_WDI_SP_POP_TOTL,IRN,_T,_T,_T,_Z,_Z,_Z,2000,A,PS,
24424056,P1Y,0,,A,PU,_Z,2,,,False,WB_WDI,WB_WDI_SP_POP_TOTL,IRQ,_T,_T,_T,_Z,_Z,_Z,2000,A,PS,
7536100,P1Y,0,,A,PU,_Z,2,,,False,WB_WDI,WB_WDI_SP_POP_TOTL,HKG,_T,_T,_T,_Z,_Z,_Z,2023,A,PS,
9592186,P1Y,0,,A,PU,_Z,2,,,False,WB_WDI,WB_WDI_SP_POP_TOTL,HUN,_T,_T,_T,_Z,_Z,_Z,2023,A,PS,
385663,P1Y,0,,A,PU,_Z,2,,,False,WB_WDI,WB_WDI_SP_POP_TOTL,ISL,_T,_T,_T,_Z,_Z,_Z,2023,A,PS,
1438069596,P1Y,0,,A,PU,_Z,2,,,False,WB_WDI,WB_WDI_SP_POP_TOTL,IND,_T,_T,_T,_Z,_Z,_Z,2023,A,PS,
281190067,P1Y,0,,A,PU,_Z,2,,,False,WB_WDI,WB_WDI_SP_POP_TOTL,IDN,_T,_T,_T,_Z,_Z,_Z,2023,A,PS,
90608707,P1Y,0,,A,PU,_Z,2,,,False,WB_WDI,WB_WDI_SP_POP_TOTL,IRN,_T,_T,_T,_Z,_Z,_Z,2023,A,PS,
45074049,P1Y,0,,A,PU,_Z,2,,,False,WB_WDI,WB_WDI_SP_POP_TOTL,IRQ,_T,_T,_T,_Z,_Z,_Z,2023,A,PS,
5311538,P1Y,0,,A,PU,_Z,2,,,False,WB_WDI,WB_WDI_SP_POP_TOTL,IRL,_T,_T,_T,_Z,_Z,_Z,2023,A,PS,
84165,P1Y,0,,A,PU,_Z,2,,,False,WB_WDI,WB_WDI_SP_POP_TOTL,IMN,_T,_T,_T,_Z,_Z,_Z,2023,A,PS,
9849000,P1Y,0,,A,PU,_Z,2,,,False,WB_WDI,WB_WDI_SP_POP_TOTL,ISR,_T,_T,_T,_Z,_Z,_Z,2023,A,PS,
58984216,P1Y,0,,A,PU,_Z,2,,,False,WB_WDI,WB_WDI_SP_POP_TOTL,ITA,_T,_T,_T,_Z,_Z,_Z,2023,A,PS,
2839786,P1Y,0,,A,PU,_Z,2,,,False,WB_WDI,WB_WDI_SP_POP_TOTL,JAM,_T,_T,_T,_Z,_Z,_Z,2023,A,PS,
124516650,P1Y,0,,A,PU,_Z,2,,,False,WB_WDI,WB_WDI_SP_POP_TOTL,JPN,_T,_T,_T,_Z,_Z,_Z,2023,A,PS,
3726549,P1Y,0,,A,PU,_Z,2,,,False,WB_WDI,WB_WDI_SP_POP_TOTL,GEO,_T,_T,_T,_Z,_Z,_Z,2018,A,PS,
82905782,P1Y,0,,A,PU,_Z,2,,,False,WB_WDI,WB_WDI_SP_POP_TOTL,DEU,_T,_T,_T,_Z,_Z,_Z,2018,A,PS,
30637585,P1Y,0,,A,PU,_Z,2,,,False,WB_WDI,WB_WDI_SP_POP_TOTL,GHA,_T,_T,_T,_Z,_Z,_Z,2018,A,PS,
34854,P1Y,0,,A,PU,_Z,2,,,False,WB_WDI,WB_WDI_SP_POP_TOTL,GIB,_T,_T,_T,_Z,_Z,_Z,2018,A,PS,
10732882,P1Y,0,,A,PU,_Z,2,,,False,WB_WDI,WB_WDI_SP_POP_TOTL,GRC,_T,_T,_T,_Z,_Z,_Z,2018,A,PS,
56023,P1Y,0,,A,PU,_Z,2,,,False,WB_WDI,WB_WDI_SP_POP_TOTL,GRL,_T,_T,_T,_Z,_Z,_Z,2018,A,PS,
115691,P1Y,0,,A,PU,_Z,2,,,False,WB_WDI,WB_WDI_SP_POP_TOTL,GRD,_T,_T,_T,_Z,_Z,_Z,2018,A,PS,
162679,P1Y,0,,A,PU,_Z,2,,,False,WB_WDI,WB_WDI_SP_POP_TOTL,GUM,_T,_T,_T,_Z,_Z,_Z,2018,A,PS,
16845685,P1Y,0,,A,PU,_Z,2,,,False,WB_WDI,WB_WDI_SP_POP_TOTL,GTM,_T,_T,_T,_Z,_Z,_Z,2018,A,PS,
12704774,P1Y,0,,A,PU,_Z,2,,,False,WB_WDI,WB_WDI_SP_POP_TOTL,GIN,_T,_T,_T,_Z,_Z,_Z,2018,A,PS,
1922168,P1Y,0,,A,PU,_Z,2,,,False,WB_WDI,WB_WDI_SP_POP_TOTL,GNB,_T,_T,_T,_Z,_Z,_Z,2018,A,PS,
791556,P1Y,0,,A,PU,_Z,2,,,False,WB_WDI,WB_WDI_SP_POP_TOTL,GUY,_T,_T,_T,_Z,_Z,_Z,2018,A,PS,
10962362,P1Y,0,,A,PU,_Z,2,,,False,WB_WDI,WB_WDI_SP_POP_TOTL,HTI,_T,_T,_T,_Z,_Z,_Z,2018,A,PS,
467106,P1Y,0,,A,PU,_Z,2,,,False,WB_WDI,WB_WDI_SP_POP_TOTL,MLT,_T,_T,_T,_Z,_Z,_Z,2017,A,PS,
46529,P1Y,0,,A,PU,_Z,2,,,False,WB_WDI,WB_WDI_SP_POP_TOTL,MHL,_T,_T,_T,_Z,_Z,_Z,2017,A,PS,
4210600,P1Y,0,,A,PU,_Z,2,,,False,WB_WDI,WB_WDI_SP_POP_TOTL,MRT,_T,_T,_T,_Z,_Z,_Z,2017,A,PS,
1264887,P1Y,0,,A,PU,_Z,2,,,False,WB_WDI,WB_WDI_SP_POP_TOTL,MUS,_T,_T,_T,_Z,_Z,_Z,2017,A,PS,
123400057,P1Y,0,,A,PU,_Z,2,,,False,WB_WDI,WB_WDI_SP_POP_TOTL,MEX,_T,_T,_T,_Z,_Z,_Z,2017,A,PS,
109481,P1Y,0,,A,PU,_Z,2,,,False,WB_WDI,WB_WDI_SP_POP_TOTL,FSM,_T,_T,_T,_Z,_Z,_Z,2017,A,PS,
2755189,P1Y,0,,A,PU,_Z,2,,,False,WB_WDI,WB_WDI_SP_POP_TOTL,MDA,_T,_T,_T,_Z,_Z,_Z,2017,A,PS,
37678,P1Y,0,,A,PU,_Z,2,,,False,WB_WDI,WB_WDI_SP_POP_TOTL,MCO,_T,_T,_T,_Z,_Z,_Z,2017,A,PS,
3148917,P1Y,0,,A,PU,_Z,2,,,False,WB_WDI,WB_WDI_SP_POP_TOTL,MNG,_T,_T,_T,_Z,_Z,_Z,2017,A,PS,
625982,P1Y,0,,A,PU,_Z,2,,,False,WB_WDI,WB_WDI_SP_POP_TOTL,MNE,_T,_T,_T,_Z,_Z,_Z,2017,A,PS,
35446392,P1Y,0,,A,PU,_Z,2,,,False,WB_WDI,WB_WDI_SP_POP_TOTL,MAR,_T,_T,_T,_Z,_Z,_Z,2017,A,PS,
166331,P1Y,0,,A,PU,_Z,2,,,False,WB_WDI,WB_WDI_SP_POP_TOTL,GUM,_T,_T,_T,_Z,_Z,_Z,2012,A,PS,
15089647,P1Y,0,,A,PU,_Z,2,,,False,WB_WDI,WB_WDI_SP_POP_TOTL,GTM,_T,_T,_T,_Z,_Z,_Z,2012,A,PS,
10921581,P1Y,0,,A,PU,_Z,2,,,False,WB_WDI,WB_WDI_SP_POP_TOTL,GIN,_T,_T,_T,_Z,_Z,_Z,2012,A,PS,
1651417,P1Y,0,,A,PU,_Z,2,,,False,WB_WDI,WB_WDI_SP_POP_TOTL,GNB,_T,_T,_T,_Z,_Z,_Z,2012,A,PS,
746288,P1Y,0,,A,PU,_Z,2,,,False,WB_WDI,WB_WDI_SP_POP_TOTL,GUY,_T,_T,_T,_Z,_Z,_Z,2012,A,PS,
10069771,P1Y,0,,A,PU,_Z,2,,,False,WB_WDI,WB_WDI_SP_POP_TOTL,HTI,_T,_T,_T,_Z,_Z,_Z,2012,A,PS,
8715076,P1Y,0,,A,PU,_Z,2,,,False,WB_WDI,WB_WDI_SP_POP_TOTL,HND,_T,_T,_T,_Z,_Z,_Z,2012,A,PS,
7150100,P1Y,0,,A,PU,_Z,2,,,False,WB_WDI,WB_WDI_SP_POP_TOTL,HKG,_T,_T,_T,_Z,_Z,_Z,2012,A,PS,
9920362,P1Y,0,,A,PU,_Z,2,,,False,WB_WDI,WB_WDI_SP_POP_TOTL,HUN,_T,_T,_T,_Z,_Z,_Z,2012,A,PS,
320716,P1Y,0,,A,PU,_Z,2,,,False,WB_WDI,WB_WDI_SP_POP_TOTL,ISL,_T,_T,_T,_Z,_Z,_Z,2012,A,PS,
1278674502,P1Y,0,,A,PU,_Z,2,,,False,WB_WDI,WB_WDI_SP_POP_TOTL,IND,_T,_T,_T,_Z,_Z,_Z,2012,A,PS,
126261000,P1Y,0,,A,PU,_Z,2,,,False,WB_WDI,WB_WDI_SP_POP_TOTL,JPN,_T,_T,_T,_Z,_Z,_Z,2020,A,PS,
10865228,P1Y,0,,A,PU,_Z,2,,,False,WB_WDI,WB_WDI_SP_POP_TOTL,JOR,_T,_T,_T,_Z,_Z,_Z,2020,A,PS,
19482117,P1Y,0,,A,PU,_Z,2,,,False,WB_WDI,WB_WDI_SP_POP_TOTL,KAZ,_T,_T,_T,_Z,_Z,_Z,2020,A,PS,
52217334,P1Y,0,,A,PU,_Z,2,,,False,WB_WDI,WB_WDI_SP_POP_TOTL,KEN,_T,_T,_T,_Z,_Z,_Z,2020,A,PS,
126099,P1Y,0,,A,PU,_Z,2,,,False,WB_WDI,WB_WDI_SP_POP_TOTL,KIR,_T,_T,_T,_Z,_Z,_Z,2020,A,PS,
26136312,P1Y,0,,A,PU,_Z,2,,,False,WB_WDI,WB_WDI_SP_POP_TOTL,PRK,_T,_T,_T,_Z,_Z,_Z,2020,A,PS,
51836239,P1Y,0,,A,PU,_Z,2,,,False,WB_WDI,WB_WDI_SP_POP_TOTL,KOR,_T,_T,_T,_Z,_Z,_Z,2020,A,PS,
1790151,P1Y,0,,A,PU,_Z,2,,,False,WB_WDI,WB_WDI_SP_POP_TOTL,XKX,_T,_T,_T,_Z,_Z,_Z,2020,A,PS,
4400267,P1Y,0,,A,PU,_Z,2,,,False,WB_WDI,WB_WDI_SP_POP_TOTL,KWT,_T,_T,_T,_Z,_Z,_Z,2020,A,PS,
6726596,P1Y,0,,A,PU,_Z,2,,,False,WB_WDI,WB_WDI_SP_POP_TOTL,KGZ,_T,_T,_T,_Z,_Z,_Z,2020,A,PS,
7346533,P1Y,0,,A,PU,_Z,2,,,False,WB_WDI,WB_WDI_SP_POP_TOTL,LAO,_T,_T,_T,_Z,_Z,_Z,2020,A,PS,
21459144,P1Y,0,,A,PU,_Z,2,,,False,WB_WDI,WB_WDI_SP_POP_TOTL,SAU,_T,_T,_T,_Z,_Z,_Z,2006,A,PS,
11500094,P1Y,0,,A,PU,_Z,2,,,False,WB_WDI,WB_WDI_SP_POP_TOTL,SEN,_T,_T,_T,_Z,_Z,_Z,2006,A,PS,
7411569,P1Y,0,,A,PU,_Z,2,,,False,WB_WDI,WB_WDI_SP_POP_TOTL,SRB,_T,_T,_T,_Z,_Z,_Z,2006,A,PS,
84600,P1Y,0,,A,PU,_Z,2,,,False,WB_WDI,WB_WDI_SP_POP_TOTL,SYC,_T,_T,_T,_Z,_Z,_Z,2006,A,PS,
5624466,P1Y,0,,A,PU,_Z,2,,,False,WB_WDI,WB_WDI_SP_POP_TOTL,SLE,_T,_T,_T,_Z,_Z,_Z,2006,A,PS,
4401365,P1Y,0,,A,PU,_Z,2,,,False,WB_WDI,WB_WDI_SP_POP_TOTL,SGP,_T,_T,_T,_Z,_Z,_Z,2006,A,PS,
32428,P1Y,0,,A,PU,_Z,2,,,False,WB_WDI,WB_WDI_SP_POP_TOTL,SXM,_T,_T,_T,_Z,_Z,_Z,2006,A,PS,
5373054,P1Y,0,,A,PU,_Z,2,,,False,WB_WDI,WB_WDI_SP_POP_TOTL,SVK,_T,_T,_T,_Z,_Z,_Z,2006,A,PS,
2006868,P1Y,0,,A,PU,_Z,2,,,False,WB_WDI,WB_WDI_SP_POP_TOTL,SVN,_T,_T,_T,_Z,_Z,_Z,2006,A,PS,
491594,P1Y,0,,A,PU,_Z,2,,,False,WB_WDI,WB_WDI_SP_POP_TOTL,SLB,_T,_T,_T,_Z,_Z,_Z,2006,A,PS,
10975502,P1Y,0,,A,PU,_Z,2,,,False,WB_WDI,WB_WDI_SP_POP_TOTL,SOM,_T,_T,_T,_Z,_Z,_Z,2006,A,PS,
49998277,P1Y,0,,A,PU,_Z,2,,,False,WB_WDI,WB_WDI_SP_POP_TOTL,ZAF,_T,_T,_T,_Z,_Z,_Z,2006,A,PS,
7976526,P1Y,0,,A,PU,_Z,2,,,False,WB_WDI,WB_WDI_SP_POP_TOTL,SSD,_T,_T,_T,_Z,_Z,_Z,2006,A,PS,
897832,P1Y,0,,A,PU,_Z,2,,,False,WB_WDI,WB_WDI_SP_POP_TOTL,FJI,_T,_T,_T,_Z,_Z,_Z,2007,A,PS,
5288720,P1Y,0,,A,PU,_Z,2,,,False,WB_WDI,WB_WDI_SP_POP_TOTL,FIN,_T,_T,_T,_Z,_Z,_Z,2007,A,PS,
64016890,P1Y,0,,A,PU,_Z,2,,,False,WB_WDI,WB_WDI_SP_POP_TOTL,FRA,_T,_T,_T,_Z,_Z,_Z,2007,A,PS,
266438,P1Y,0,,A,PU,_Z,2,,,False,WB_WDI,WB_WDI_SP_POP_TOTL,PYF,_T,_T,_T,_Z,_Z,_Z,2007,A,PS,
1556237,P1Y,0,,A,PU,_Z,2,,,False,WB_WDI,WB_WDI_SP_POP_TOTL,GAB,_T,_T,_T,_Z,_Z,_Z,2007,A,PS,
1765774,P1Y,0,,A,PU,_Z,2,,,False,WB_WDI,WB_WDI_SP_POP_TOTL,GMB,_T,_T,_T,_Z,_Z,_Z,2007,A,PS,
3860158,P1Y,0,,A,PU,_Z,2,,,False,WB_WDI,WB_WDI_SP_POP_TOTL,GEO,_T,_T,_T,_Z,_Z,_Z,2007,A,PS,
82266372,P1Y,0,,A,PU,_Z,2,,,False,WB_WDI,WB_WDI_SP_POP_TOTL,DEU,_T,_T,_T,_Z,_Z,_Z,2007,A,PS,
23642279,P1Y,0,,A,PU,_Z,2,,,False,WB_WDI,WB_WDI_SP_POP_TOTL,GHA,_T,_T,_T,_Z,_Z,_Z,2007,A,PS,
30006,P1Y,0,,A,PU,_Z,2,,,False,WB_WDI,WB_WDI_SP_POP_TOTL,GIB,_T,_T,_T,_Z,_Z,_Z,2007,A,PS,
11048473,P1Y,0,,A,PU,_Z,2,,,False,WB_WDI,WB_WDI_SP_POP_TOTL,GRC,_T,_T,_T,_Z,_Z,_Z,2007,A,PS,
56555,P1Y,0,,A,PU,_Z,2,,,False,WB_WDI,WB_WDI_SP_POP_TOTL,GRL,_T,_T,_T,_Z,_Z,_Z,2007,A,PS,
110522,P1Y,0,,A,PU,_Z,2,,,False,WB_WDI,WB_WDI_SP_POP_TOTL,GRD,_T,_T,_T,_Z,_Z,_Z,2007,A,PS,
165267,P1Y,0,,A,PU,_Z,2,,,False,WB_WDI,WB_WDI_SP_POP_TOTL,GUM,_T,_T,_T,_Z,_Z,_Z,2007,A,PS,
3058869436,P1Y,0,,A,PU,_Z,2,,,False,WB_WDI,WB_WDI_SP_POP_TOTL,EAR,_T,_T,_T,_Z,_Z,_Z,2012,A,PS,
2249081393,P1Y,0,,A,PU,_Z,2,,,False,WB_WDI,WB_WDI_SP_POP_TOTL,EAS,_T,_T,_T,_Z,_Z,_Z,2012,A,PS,
2006566431,P1Y,0,,A,PU,_Z,2,,,False,WB_WDI,WB_WDI_SP_POP_TOTL,EAP,_T,_T,_T,_Z,_Z,_Z,2012,A,PS,
1981382735,P1Y,0,,A,PU,_Z,2,,,False,WB_WDI,WB_WDI_SP_POP_TOTL,TEA,_T,_T,_T,_Z,_Z,_Z,2012,A,PS,
348406547,P1Y,0,,A,PU,_Z,2,,,False,WB_WDI,WB_WDI_SP_POP_TOTL,EMU,_T,_T,_T,_Z,_Z,_Z,2012,A,PS,
896514509,P1Y,0,,A,PU,_Z,2,,,False,WB_WDI,WB_WDI_SP_POP_TOTL,ECS,_T,_T,_T,_Z,_Z,_Z,2012,A,PS,
233875199,P1Y,0,,A,PU,_Z,2,,,False,WB_WDI,WB_WDI_SP_POP_TOTL,ECA,_T,_T,_T,_Z,_Z,_Z,2012,A,PS,
446941101,P1Y,0,,A,PU,_Z,2,,,False,WB_WDI,WB_WDI_SP_POP_TOTL,TEC,_T,_T,_T,_Z,_Z,_Z,2012,A,PS,
442069839,P1Y,0,,A,PU,_Z,2,,,False,WB_WDI,WB_WDI_SP_POP_TOTL,EUU,_T,_T,_T,_Z,_Z,_Z,2012,A,PS,
674950539,P1Y,0,,A,PU,_Z,2,,,False,WB_WDI,WB_WDI_SP_POP_TOTL,HPC,_T,_T,_T,_Z,_Z,_Z,2012,A,PS,
1342428399,P1Y,0,,A,PU,_Z,2,,,False,WB_WDI,WB_WDI_SP_POP_TOTL,HIC,_T,_T,_T,_Z,_Z,_Z,2012,A,PS,
4532100585,P1Y,0,,A,PU,_Z,2,,,False,WB_WDI,WB_WDI_SP_POP_TOTL,IBD,_T,_T,_T,_Z,_Z,_Z,2012,A,PS,
6038511525,P1Y,0,,A,PU,_Z,2,,,False,WB_WDI,WB_WDI_SP_POP_TOTL,IBT,_T,_T,_T,_Z,_Z,_Z,2012,A,PS,
2411658,P1Y,0,,A,PU,_Z,2,,,False,WB_WDI,WB_WDI_SP_POP_TOTL,ALB,_T,_T,_T,_Z,_Z,_Z,2023,A,PS,
46164219,P1Y,0,,A,PU,_Z,2,,,False,WB_WDI,WB_WDI_SP_POP_TOTL,DZA,_T,_T,_T,_Z,_Z,_Z,2023,A,PS,
47521,P1Y,0,,A,PU,_Z,2,,,False,WB_WDI,WB_WDI_SP_POP_TOTL,ASM,_T,_T,_T,_Z,_Z,_Z,2023,A,PS,
80856,P1Y,0,,A,PU,_Z,2,,,False,WB_WDI,WB_WDI_SP_POP_TOTL,AND,_T,_T,_T,_Z,_Z,_Z,2023,A,PS,
36749906,P1Y,0,,A,PU,_Z,2,,,False,WB_WDI,WB_WDI_SP_POP_TOTL,AGO,_T,_T,_T,_Z,_Z,_Z,2023,A,PS,
93316,P1Y,0,,A,PU,_Z,2,,,False,WB_WDI,WB_WDI_SP_POP_TOTL,ATG,_T,_T,_T,_Z,_Z,_Z,2023,A,PS,
45538401,P1Y,0,,A,PU,_Z,2,,,False,WB_WDI,WB_WDI_SP_POP_TOTL,ARG,_T,_T,_T,_Z,_Z,_Z,2023,A,PS,
2964300,P1Y,0,,A,PU,_Z,2,,,False,WB_WDI,WB_WDI_SP_POP_TOTL,ARM,_T,_T,_T,_Z,_Z,_Z,2023,A,PS,
107359,P1Y,0,,A,PU,_Z,2,,,False,WB_WDI,WB_WDI_SP_POP_TOTL,ABW,_T,_T,_T,_Z,_Z,_Z,2023,A,PS,
26659922,P1Y,0,,A,PU,_Z,2,,,False,WB_WDI,WB_WDI_SP_POP_TOTL,AUS,_T,_T,_T,_Z,_Z,_Z,2023,A,PS,
9131761,P1Y,0,,A,PU,_Z,2,,,False,WB_WDI,WB_WDI_SP_POP_TOTL,AUT,_T,_T,_T,_Z,_Z,_Z,2023,A,PS,
10153958,P1Y,0,,A,PU,_Z,2,,,False,WB_WDI,WB_WDI_SP_POP_TOTL,AZE,_T,_T,_T,_Z,_Z,_Z,2023,A,PS,
399440,P1Y,0,,A,PU,_Z,2,,,False,WB_WDI,WB_WDI_SP_POP_TOTL,BHS,_T,_T,_T,_Z,_Z,_Z,2023,A,PS,
1577059,P1Y,0,,A,PU,_Z,2,,,False,WB_WDI,WB_WDI_SP_POP_TOTL,BHR,_T,_T,_T,_Z,_Z,_Z,2023,A,PS,
171466990,P1Y,0,,A,PU,_Z,2,,,False,WB_WDI,WB_WDI_SP_POP_TOTL,BGD,_T,_T,_T,_Z,_Z,_Z,2023,A,PS,
95138,P1Y,0,,A,PU,_Z,2,,,False,WB_WDI,WB_WDI_SP_POP_TOTL,ABW,_T,_T,_T,_Z,_Z,_Z,2004,A,PS,
19932722,P1Y,0,,A,PU,_Z,2,,,False,WB_WDI,WB_WDI_SP_POP_TOTL,AUS,_T,_T,_T,_Z,_Z,_Z,2004,A,PS,
8171966,P1Y,0,,A,PU,_Z,2,,,False,WB_WDI,WB_WDI_SP_POP_TOTL,AUT,_T,_T,_T,_Z,_Z,_Z,2004,A,PS,
8306500,P1Y,0,,A,PU,_Z,2,,,False,WB_WDI,WB_WDI_SP_POP_TOTL,AZE,_T,_T,_T,_Z,_Z,_Z,2004,A,PS,
339782,P1Y,0,,A,PU,_Z,2,,,False,WB_WDI,WB_WDI_SP_POP_TOTL,BHS,_T,_T,_T,_Z,_Z,_Z,2004,A,PS,
823741,P1Y,0,,A,PU,_Z,2,,,False,WB_WDI,WB_WDI_SP_POP_TOTL,BHR,_T,_T,_T,_Z,_Z,_Z,2004,A,PS,
142902856,P1Y,0,,A,PU,_Z,2,,,False,WB_WDI,WB_WDI_SP_POP_TOTL,BGD,_T,_T,_T,_Z,_Z,_Z,2004,A,PS,
267298,P1Y,0,,A,PU,_Z,2,,,False,WB_WDI,WB_WDI_SP_POP_TOTL,BRB,_T,_T,_T,_Z,_Z,_Z,2004,A,PS,
9730146,P1Y,0,,A,PU,_Z,2,,,False,WB_WDI,WB_WDI_SP_POP_TOTL,BLR,_T,_T,_T,_Z,_Z,_Z,2004,A,PS,
10421137,P1Y,0,,A,PU,_Z,2,,,False,WB_WDI,WB_WDI_SP_POP_TOTL,BEL,_T,_T,_T,_Z,_Z,_Z,2004,A,PS,
271688,P1Y,0,,A,PU,_Z,2,,,False,WB_WDI,WB_WDI_SP_POP_TOTL,BLZ,_T,_T,_T,_Z,_Z,_Z,2004,A,PS,
8159094,P1Y,0,,A,PU,_Z,2,,,False,WB_WDI,WB_WDI_SP_POP_TOTL,BEN,_T,_T,_T,_Z,_Z,_Z,2004,A,PS,
62555,P1Y,0,,A,PU,_Z,2,,,False,WB_WDI,WB_WDI_SP_POP_TOTL,BMU,_T,_T,_T,_Z,_Z,_Z,2004,A,PS,
6302664,P1Y,0,,A,PU,_Z,2,,,False,WB_WDI,WB_WDI_SP_POP_TOTL,ARE,_T,_T,_T,_Z,_Z,_Z,2008,A,PS,
61806995,P1Y,0,,A,PU,_Z,2,,,False,WB_WDI,WB_WDI_SP_POP_TOTL,GBR,_T,_T,_T,_Z,_Z,_Z,2008,A,PS,
304093966,P1Y,0,,A,PU,_Z,2,,,False,WB_WDI,WB_WDI_SP_POP_TOTL,USA,_T,_T,_T,_Z,_Z,_Z,2008,A,PS,
3302177,P1Y,0,,A,PU,_Z,2,,,False,WB_WDI,WB_WDI_SP_POP_TOTL,URY,_T,_T,_T,_Z,_Z,_Z,2008,A,PS,
27494774,P1Y,0,,A,PU,_Z,2,,,False,WB_WDI,WB_WDI_SP_POP_TOTL,UZB,_T,_T,_T,_Z,_Z,_Z,2008,A,PS,
226896,P1Y,0,,A,PU,_Z,2,,,False,WB_WDI,WB_WDI_SP_POP_TOTL,VUT,_T,_T,_T,_Z,_Z,_Z,2008,A,PS,
28053696,P1Y,0,,A,PU,_Z,2,,,False,WB_WDI,WB_WDI_SP_POP_TOTL,VEN,_T,_T,_T,_Z,_Z,_Z,2008,A,PS,
85175788,P1Y,0,,A,PU,_Z,2,,,False,WB_WDI,WB_WDI_SP_POP_TOTL,VNM,_T,_T,_T,_Z,_Z,_Z,2008,A,PS,
108397,P1Y,0,,A,PU,_Z,2,,,False,WB_WDI,WB_WDI_SP_POP_TOTL,VIR,_T,_T,_T,_Z,_Z,_Z,2008,A,PS,
3591977,P1Y,0,,A,PU,_Z,2,,,False,WB_WDI,WB_WDI_SP_POP_TOTL,PSE,_T,_T,_T,_Z,_Z,_Z,2008,A,PS,
25111941,P1Y,0,,A,PU,_Z,2,,,False,WB_WDI,WB_WDI_SP_POP_TOTL,YEM,_T,_T,_T,_Z,_Z,_Z,2008,A,PS,
13021324,P1Y,0,,A,PU,_Z,2,,,False,WB_WDI,WB_WDI_SP_POP_TOTL,ZMB,_T,_T,_T,_Z,_Z,_Z,2008,A,PS,
68367,P1Y,0,,A,PU,_Z,2,,,False,WB_WDI,WB_WDI_SP_POP_TOTL,DMA,_T,_T,_T,_Z,_Z,_Z,2002,A,PS,
8852235,P1Y,0,,A,PU,_Z,2,,,False,WB_WDI,WB_WDI_SP_POP_TOTL,DOM,_T,_T,_T,_Z,_Z,_Z,2002,A,PS,
13138472,P1Y,0,,A,PU,_Z,2,,,False,WB_WDI,WB_WDI_SP_POP_TOTL,ECU,_T,_T,_T,_Z,_Z,_Z,2002,A,PS,
76239137,P1Y,0,,A,PU,_Z,2,,,False,WB_WDI,WB_WDI_SP_POP_TOTL,EGY,_T,_T,_T,_Z,_Z,_Z,2002,A,PS,
5986631,P1Y,0,,A,PU,_Z,2,,,False,WB_WDI,WB_WDI_SP_POP_TOTL,SLV,_T,_T,_T,_Z,_Z,_Z,2002,A,PS,
797957,P1Y,0,,A,PU,_Z,2,,,False,WB_WDI,WB_WDI_SP_POP_TOTL,GNQ,_T,_T,_T,_Z,_Z,_Z,2002,A,PS,
2392978,P1Y,0,,A,PU,_Z,2,,,False,WB_WDI,WB_WDI_SP_POP_TOTL,ERI,_T,_T,_T,_Z,_Z,_Z,2002,A,PS,
1379350,P1Y,0,,A,PU,_Z,2,,,False,WB_WDI,WB_WDI_SP_POP_TOTL,EST,_T,_T,_T,_Z,_Z,_Z,2002,A,PS,
1059441,P1Y,0,,A,PU,_Z,2,,,False,WB_WDI,WB_WDI_SP_POP_TOTL,SWZ,_T,_T,_T,_Z,_Z,_Z,2002,A,PS,
71635517,P1Y,0,,A,PU,_Z,2,,,False,WB_WDI,WB_WDI_SP_POP_TOTL,ETH,_T,_T,_T,_Z,_Z,_Z,2002,A,PS,
47335,P1Y,0,,A,PU,_Z,2,,,False,WB_WDI,WB_WDI_SP_POP_TOTL,FRO,_T,_T,_T,_Z,_Z,_Z,2002,A,PS,
858049,P1Y,0,,A,PU,_Z,2,,,False,WB_WDI,WB_WDI_SP_POP_TOTL,FJI,_T,_T,_T,_Z,_Z,_Z,2002,A,PS,
869987833,P1Y,0,,A,PU,_Z,2,,,False,WB_WDI,WB_WDI_SP_POP_TOTL,HPC,_T,_T,_T,_Z,_Z,_Z,2021,A,PS,
1391809845,P1Y,0,,A,PU,_Z,2,,,False,WB_WDI,WB_WDI_SP_POP_TOTL,HIC,_T,_T,_T,_Z,_Z,_Z,2021,A,PS,
4905212516,P1Y,0,,A,PU,_Z,2,,,False,WB_WDI,WB_WDI_SP_POP_TOTL,IBD,_T,_T,_T,_Z,_Z,_Z,2021,A,PS,
6731708832,P1Y,0,,A,PU,_Z,2,,,False,WB_WDI,WB_WDI_SP_POP_TOTL,IBT,_T,_T,_T,_Z,_Z,_Z,2021,A,PS,
639196319,P1Y,0,,A,PU,_Z,2,,,False,WB_WDI,WB_WDI_SP_POP_TOTL,IDB,_T,_T,_T,_Z,_Z,_Z,2021,A,PS,
1187299997,P1Y,0,,A,PU,_Z,2,,,False,WB_WDI,WB_WDI_SP_POP_TOTL,IDX,_T,_T,_T,_Z,_Z,_Z,2021,A,PS,
1826496316,P1Y,0,,A,PU,_Z,2,,,False,WB_WDI,WB_WDI_SP_POP_TOTL,IDA,_T,_T,_T,_Z,_Z,_Z,2021,A,PS,
2320127658,P1Y,0,,A,PU,_Z,2,,,False,WB_WDI,WB_WDI_SP_POP_TOTL,LTE,_T,_T,_T,_Z,_Z,_Z,2021,A,PS,
649236092,P1Y,0,,A,PU,_Z,2,,,False,WB_WDI,WB_WDI_SP_POP_TOTL,LCN,_T,_T,_T,_Z,_Z,_Z,2021,A,PS,
610122057,P1Y,0,,A,PU,_Z,2,,,False,WB_WDI,WB_WDI_SP_POP_TOTL,LAC,_T,_T,_T,_Z,_Z,_Z,2021,A,PS,
633862610,P1Y,0,,A,PU,_Z,2,,,False,WB_WDI,WB_WDI_SP_POP_TOTL,TLA,_T,_T,_T,_Z,_Z,_Z,2021,A,PS,
1108233065,P1Y,0,,A,PU,_Z,2,,,False,WB_WDI,WB_WDI_SP_POP_TOTL,LDC,_T,_T,_T,_Z,_Z,_Z,2021,A,PS,
6527758150,P1Y,0,,A,PU,_Z,2,,,False,WB_WDI,WB_WDI_SP_POP_TOTL,LMY,_T,_T,_T,_Z,_Z,_Z,2021,A,PS,
10765980,P1Y,0,,A,PU,_Z,2,,,False,WB_WDI,WB_WDI_SP_POP_TOTL,TUN,_T,_T,_T,_Z,_Z,_Z,2010,A,PS,
73142150,P1Y,0,,A,PU,_Z,2,,,False,WB_WDI,WB_WDI_SP_POP_TOTL,TUR,_T,_T,_T,_Z,_Z,_Z,2010,A,PS,
5564356,P1Y,0,,A,PU,_Z,2,,,False,WB_WDI,WB_WDI_SP_POP_TOTL,TKM,_T,_T,_T,_Z,_Z,_Z,2010,A,PS,
29739,P1Y,0,,A,PU,_Z,2,,,False,WB_WDI,WB_WDI_SP_POP_TOTL,TCA,_T,_T,_T,_Z,_Z,_Z,2010,A,PS,
10614,P1Y,0,,A,PU,_Z,2,,,False,WB_WDI,WB_WDI_SP_POP_TOTL,TUV,_T,_T,_T,_Z,_Z,_Z,2010,A,PS,
32390802,P1Y,0,,A,PU,_Z,2,,,False,WB_WDI,WB_WDI_SP_POP_TOTL,UGA,_T,_T,_T,_Z,_Z,_Z,2010,A,PS,
46456003,P1Y,0,,A,PU,_Z,2,,,False,WB_WDI,WB_WDI_SP_POP_TOTL,UKR,_T,_T,_T,_Z,_Z,_Z,2010,A,PS,
6869838,P1Y,0,,A,PU,_Z,2,,,False,WB_WDI,WB_WDI_SP_POP_TOTL,ARE,_T,_T,_T,_Z,_Z,_Z,2010,A,PS,
62766365,P1Y,0,,A,PU,_Z,2,,,False,WB_WDI,WB_WDI_SP_POP_TOTL,GBR,_T,_T,_T,_Z,_Z,_Z,2010,A,PS,
309378227,P1Y,0,,A,PU,_Z,2,,,False,WB_WDI,WB_WDI_SP_POP_TOTL,USA,_T,_T,_T,_Z,_Z,_Z,2010,A,PS,
3318580,P1Y,0,,A,PU,_Z,2,,,False,WB_WDI,WB_WDI_SP_POP_TOTL,URY,_T,_T,_T,_Z,_Z,_Z,2010,A,PS,
28385506,P1Y,0,,A,PU,_Z,2,,,False,WB_WDI,WB_WDI_SP_POP_TOTL,UZB,_T,_T,_T,_Z,_Z,_Z,2010,A,PS,
15850159,P1Y,0,,A,PU,_Z,2,,,False,WB_WDI,WB_WDI_SP_POP_TOTL,KAZ,_T,_T,_T,_Z,_Z,_Z,2004,A,PS,
34713455,P1Y,0,,A,PU,_Z,2,,,False,WB_WDI,WB_WDI_SP_POP_TOTL,KEN,_T,_T,_T,_Z,_Z,_Z,2004,A,PS,
96085,P1Y,0,,A,PU,_Z,2,,,False,WB_WDI,WB_WDI_SP_POP_TOTL,KIR,_T,_T,_T,_Z,_Z,_Z,2004,A,PS,
24254943,P1Y,0,,A,PU,_Z,2,,,False,WB_WDI,WB_WDI_SP_POP_TOTL,PRK,_T,_T,_T,_Z,_Z,_Z,2004,A,PS,
48082519,P1Y,0,,A,PU,_Z,2,,,False,WB_WDI,WB_WDI_SP_POP_TOTL,KOR,_T,_T,_T,_Z,_Z,_Z,2004,A,PS,
1822773,P1Y,0,,A,PU,_Z,2,,,False,WB_WDI,WB_WDI_SP_POP_TOTL,XKX,_T,_T,_T,_Z,_Z,_Z,2004,A,PS,
2157320,P1Y,0,,A,PU,_Z,2,,,False,WB_WDI,WB_WDI_SP_POP_TOTL,KWT,_T,_T,_T,_Z,_Z,_Z,2004,A,PS,
5104713,P1Y,0,,A,PU,_Z,2,,,False,WB_WDI,WB_WDI_SP_POP_TOTL,KGZ,_T,_T,_T,_Z,_Z,_Z,2004,A,PS,
5781626,P1Y,0,,A,PU,_Z,2,,,False,WB_WDI,WB_WDI_SP_POP_TOTL,LAO,_T,_T,_T,_Z,_Z,_Z,2004,A,PS,
2263122,P1Y,0,,A,PU,_Z,2,,,False,WB_WDI,WB_WDI_SP_POP_TOTL,LVA,_T,_T,_T,_Z,_Z,_Z,2004,A,PS,
4599279,P1Y,0,,A,PU,_Z,2,,,False,WB_WDI,WB_WDI_SP_POP_TOTL,LBN,_T,_T,_T,_Z,_Z,_Z,2004,A,PS,
1971129,P1Y,0,,A,PU,_Z,2,,,False,WB_WDI,WB_WDI_SP_POP_TOTL,LSO,_T,_T,_T,_Z,_Z,_Z,2004,A,PS,
3156892,P1Y,0,,A,PU,_Z,2,,,False,WB_WDI,WB_WDI_SP_POP_TOTL,LBR,_T,_T,_T,_Z,_Z,_Z,2004,A,PS,
5736693,P1Y,0,,A,PU,_Z,2,,,False,WB_WDI,WB_WDI_SP_POP_TOTL,LBY,_T,_T,_T,_Z,_Z,_Z,2004,A,PS,
6400080,P1Y,0,,A,PU,_Z,2,,,False,WB_WDI,WB_WDI_SP_POP_TOTL,NIC,_T,_T,_T,_Z,_Z,_Z,2018,A,PS,
22188069,P1Y,0,,A,PU,_Z,2,,,False,WB_WDI,WB_WDI_SP_POP_TOTL,NER,_T,_T,_T,_Z,_Z,_Z,2018,A,PS,
204938755,P1Y,0,,A,PU,_Z,2,,,False,WB_WDI,WB_WDI_SP_POP_TOTL,NGA,_T,_T,_T,_Z,_Z,_Z,2018,A,PS,
1889051,P1Y,0,,A,PU,_Z,2,,,False,WB_WDI,WB_WDI_SP_POP_TOTL,MKD,_T,_T,_T,_Z,_Z,_Z,2018,A,PS,
49077,P1Y,0,,A,PU,_Z,2,,,False,WB_WDI,WB_WDI_SP_POP_TOTL,MNP,_T,_T,_T,_Z,_Z,_Z,2018,A,PS,
5311916,P1Y,0,,A,PU,_Z,2,,,False,WB_WDI,WB_WDI_SP_POP_TOTL,NOR,_T,_T,_T,_Z,_Z,_Z,2018,A,PS,
4597877,P1Y,0,,A,PU,_Z,2,,,False,WB_WDI,WB_WDI_SP_POP_TOTL,OMN,_T,_T,_T,_Z,_Z,_Z,2018,A,PS,
226928892,P1Y,0,,A,PU,_Z,2,,,False,WB_WDI,WB_WDI_SP_POP_TOTL,PAK,_T,_T,_T,_Z,_Z,_Z,2018,A,PS,
17814,P1Y,0,,A,PU,_Z,2,,,False,WB_WDI,WB_WDI_SP_POP_TOTL,PLW,_T,_T,_T,_Z,_Z,_Z,2018,A,PS,
4167860,P1Y,0,,A,PU,_Z,2,,,False,WB_WDI,WB_WDI_SP_POP_TOTL,PAN,_T,_T,_T,_Z,_Z,_Z,2018,A,PS,
9394513,P1Y,0,,A,PU,_Z,2,,,False,WB_WDI,WB_WDI_SP_POP_TOTL,PNG,_T,_T,_T,_Z,_Z,_Z,2018,A,PS,
6427382,P1Y,0,,A,PU,_Z,2,,,False,WB_WDI,WB_WDI_SP_POP_TOTL,PRY,_T,_T,_T,_Z,_Z,_Z,2018,A,PS,
616927,P1Y,0,,A,PU,_Z,2,,,False,WB_WDI,WB_WDI_SP_POP_TOTL,COM,_T,_T,_T,_Z,_Z,_Z,2007,A,PS,
62477752,P1Y,0,,A,PU,_Z,2,,,False,WB_WDI,WB_WDI_SP_POP_TOTL,COD,_T,_T,_T,_Z,_Z,_Z,2007,A,PS,
3980430,P1Y,0,,A,PU,_Z,2,,,False,WB_WDI,WB_WDI_SP_POP_TOTL,COG,_T,_T,_T,_Z,_Z,_Z,2007,A,PS,
4380248,P1Y,0,,A,PU,_Z,2,,,False,WB_WDI,WB_WDI_SP_POP_TOTL,CRI,_T,_T,_T,_Z,_Z,_Z,2007,A,PS,
21030558,P1Y,0,,A,PU,_Z,2,,,False,WB_WDI,WB_WDI_SP_POP_TOTL,CIV,_T,_T,_T,_Z,_Z,_Z,2007,A,PS,
4310217,P1Y,0,,A,PU,_Z,2,,,False,WB_WDI,WB_WDI_SP_POP_TOTL,HRV,_T,_T,_T,_Z,_Z,_Z,2007,A,PS,
11287272,P1Y,0,,A,PU,_Z,2,,,False,WB_WDI,WB_WDI_SP_POP_TOTL,CUB,_T,_T,_T,_Z,_Z,_Z,2007,A,PS,
144056,P1Y,0,,A,PU,_Z,2,,,False,WB_WDI,WB_WDI_SP_POP_TOTL,CUW,_T,_T,_T,_Z,_Z,_Z,2007,A,PS,
1072714,P1Y,0,,A,PU,_Z,2,,,False,WB_WDI,WB_WDI_SP_POP_TOTL,CYP,_T,_T,_T,_Z,_Z,_Z,2007,A,PS,
10298828,P1Y,0,,A,PU,_Z,2,,,False,WB_WDI,WB_WDI_SP_POP_TOTL,CZE,_T,_T,_T,_Z,_Z,_Z,2007,A,PS,
5461438,P1Y,0,,A,PU,_Z,2,,,False,WB_WDI,WB_WDI_SP_POP_TOTL,DNK,_T,_T,_T,_Z,_Z,_Z,2007,A,PS,
874528,P1Y,0,,A,PU,_Z,2,,,False,WB_WDI,WB_WDI_SP_POP_TOTL,DJI,_T,_T,_T,_Z,_Z,_Z,2007,A,PS,
447132945,P1Y,0,,A,PU,_Z,2,,,False,WB_WDI,WB_WDI_SP_POP_TOTL,IDB,_T,_T,_T,_Z,_Z,_Z,2005,A,PS,
830834463,P1Y,0,,A,PU,_Z,2,,,False,WB_WDI,WB_WDI_SP_POP_TOTL,IDX,_T,_T,_T,_Z,_Z,_Z,2005,A,PS,
1277967408,P1Y,0,,A,PU,_Z,2,,,False,WB_WDI,WB_WDI_SP_POP_TOTL,IDA,_T,_T,_T,_Z,_Z,_Z,2005,A,PS,
2112603351,P1Y,0,,A,PU,_Z,2,,,False,WB_WDI,WB_WDI_SP_POP_TOTL,LTE,_T,_T,_T,_Z,_Z,_Z,2005,A,PS,
555120780,P1Y,0,,A,PU,_Z,2,,,False,WB_WDI,WB_WDI_SP_POP_TOTL,LCN,_T,_T,_T,_Z,_Z,_Z,2005,A,PS,
520792375,P1Y,0,,A,PU,_Z,2,,,False,WB_WDI,WB_WDI_SP_POP_TOTL,LAC,_T,_T,_T,_Z,_Z,_Z,2005,A,PS,
539188798,P1Y,0,,A,PU,_Z,2,,,False,WB_WDI,WB_WDI_SP_POP_TOTL,TLA,_T,_T,_T,_Z,_Z,_Z,2005,A,PS,
760310134,P1Y,0,,A,PU,_Z,2,,,False,WB_WDI,WB_WDI_SP_POP_TOTL,LDC,_T,_T,_T,_Z,_Z,_Z,2005,A,PS,
5286284172,P1Y,0,,A,PU,_Z,2,,,False,WB_WDI,WB_WDI_SP_POP_TOTL,LMY,_T,_T,_T,_Z,_Z,_Z,2005,A,PS,
444311036,P1Y,0,,A,PU,_Z,2,,,False,WB_WDI,WB_WDI_SP_POP_TOTL,LIC,_T,_T,_T,_Z,_Z,_Z,2005,A,PS,
2173648512,P1Y,0,,A,PU,_Z,2,,,False,WB_WDI,WB_WDI_SP_POP_TOTL,LMC,_T,_T,_T,_Z,_Z,_Z,2005,A,PS,
556210211,P1Y,0,,A,PU,_Z,2,,,False,WB_WDI,WB_WDI_SP_POP_TOTL,MEA,_T,_T,_T,_Z,_Z,_Z,2005,A,PS,
517240777,P1Y,0,,A,PU,_Z,2,,,False,WB_WDI,WB_WDI_SP_POP_TOTL,MNA,_T,_T,_T,_Z,_Z,_Z,2005,A,PS,
513920381,P1Y,0,,A,PU,_Z,2,,,False,WB_WDI,WB_WDI_SP_POP_TOTL,TMN,_T,_T,_T,_Z,_Z,_Z,2005,A,PS,
4223800,P1Y,0,,A,PU,_Z,2,,,False,WB_WDI,WB_WDI_SP_POP_TOTL,NZL,_T,_T,_T,_Z,_Z,_Z,2007,A,PS,
5497243,P1Y,0,,A,PU,_Z,2,,,False,WB_WDI,WB_WDI_SP_POP_TOTL,NIC,_T,_T,_T,_Z,_Z,_Z,2007,A,PS,
14803610,P1Y,0,,A,PU,_Z,2,,,False,WB_WDI,WB_WDI_SP_POP_TOTL,NER,_T,_T,_T,_Z,_Z,_Z,2007,A,PS,
153267261,P1Y,0,,A,PU,_Z,2,,,False,WB_WDI,WB_WDI_SP_POP_TOTL,NGA,_T,_T,_T,_Z,_Z,_Z,2007,A,PS,
1982933,P1Y,0,,A,PU,_Z,2,,,False,WB_WDI,WB_WDI_SP_POP_TOTL,MKD,_T,_T,_T,_Z,_Z,_Z,2007,A,PS,
58941,P1Y,0,,A,PU,_Z,2,,,False,WB_WDI,WB_WDI_SP_POP_TOTL,MNP,_T,_T,_T,_Z,_Z,_Z,2007,A,PS,
4709153,P1Y,0,,A,PU,_Z,2,,,False,WB_WDI,WB_WDI_SP_POP_TOTL,NOR,_T,_T,_T,_Z,_Z,_Z,2007,A,PS,
2570174,P1Y,0,,A,PU,_Z,2,,,False,WB_WDI,WB_WDI_SP_POP_TOTL,OMN,_T,_T,_T,_Z,_Z,_Z,2007,A,PS,
184493231,P1Y,0,,A,PU,_Z,2,,,False,WB_WDI,WB_WDI_SP_POP_TOTL,PAK,_T,_T,_T,_Z,_Z,_Z,2007,A,PS,
19302,P1Y,0,,A,PU,_Z,2,,,False,WB_WDI,WB_WDI_SP_POP_TOTL,PLW,_T,_T,_T,_Z,_Z,_Z,2007,A,PS,
3437490,P1Y,0,,A,PU,_Z,2,,,False,WB_WDI,WB_WDI_SP_POP_TOTL,PAN,_T,_T,_T,_Z,_Z,_Z,2007,A,PS,
6963345,P1Y,0,,A,PU,_Z,2,,,False,WB_WDI,WB_WDI_SP_POP_TOTL,PNG,_T,_T,_T,_Z,_Z,_Z,2007,A,PS,
3628535,P1Y,0,,A,PU,_Z,2,,,False,WB_WDI,WB_WDI_SP_POP_TOTL,PAN,_T,_T,_T,_Z,_Z,_Z,2010,A,PS,
7633523,P1Y,0,,A,PU,_Z,2,,,False,WB_WDI,WB_WDI_SP_POP_TOTL,PNG,_T,_T,_T,_Z,_Z,_Z,2010,A,PS,
5737971,P1Y,0,,A,PU,_Z,2,,,False,WB_WDI,WB_WDI_SP_POP_TOTL,PRY,_T,_T,_T,_Z,_Z,_Z,2010,A,PS,
29086019,P1Y,0,,A,PU,_Z,2,,,False,WB_WDI,WB_WDI_SP_POP_TOTL,PER,_T,_T,_T,_Z,_Z,_Z,2010,A,PS,
96337125,P1Y,0,,A,PU,_Z,2,,,False,WB_WDI,WB_WDI_SP_POP_TOTL,PHL,_T,_T,_T,_Z,_Z,_Z,2010,A,PS,
38042794,P1Y,0,,A,PU,_Z,2,,,False,WB_WDI,WB_WDI_SP_POP_TOTL,POL,_T,_T,_T,_Z,_Z,_Z,2010,A,PS,
10573100,P1Y,0,,A,PU,_Z,2,,,False,WB_WDI,WB_WDI_SP_POP_TOTL,PRT,_T,_T,_T,_Z,_Z,_Z,2010,A,PS,
3724465,P1Y,0,,A,PU,_Z,2,,,False,WB_WDI,WB_WDI_SP_POP_TOTL,PRI,_T,_T,_T,_Z,_Z,_Z,2010,A,PS,
1616832,P1Y,0,,A,PU,_Z,2,,,False,WB_WDI,WB_WDI_SP_POP_TOTL,QAT,_T,_T,_T,_Z,_Z,_Z,2010,A,PS,
20246871,P1Y,0,,A,PU,_Z,2,,,False,WB_WDI,WB_WDI_SP_POP_TOTL,ROU,_T,_T,_T,_Z,_Z,_Z,2010,A,PS,
221961,P1Y,0,,A,PU,_Z,2,,,False,WB_WDI,WB_WDI_SP_POP_TOTL,STP,_T,_T,_T,_Z,_Z,_Z,2021,A,PS,
30784383,P1Y,0,,A,PU,_Z,2,,,False,WB_WDI,WB_WDI_SP_POP_TOTL,SAU,_T,_T,_T,_Z,_Z,_Z,2021,A,PS,
17220867,P1Y,0,,A,PU,_Z,2,,,False,WB_WDI,WB_WDI_SP_POP_TOTL,SEN,_T,_T,_T,_Z,_Z,_Z,2021,A,PS,
6834326,P1Y,0,,A,PU,_Z,2,,,False,WB_WDI,WB_WDI_SP_POP_TOTL,SRB,_T,_T,_T,_Z,_Z,_Z,2021,A,PS,
99258,P1Y,0,,A,PU,_Z,2,,,False,WB_WDI,WB_WDI_SP_POP_TOTL,SYC,_T,_T,_T,_Z,_Z,_Z,2021,A,PS,
8094602,P1Y,0,,A,PU,_Z,2,,,False,WB_WDI,WB_WDI_SP_POP_TOTL,SLE,_T,_T,_T,_Z,_Z,_Z,2021,A,PS,
5453566,P1Y,0,,A,PU,_Z,2,,,False,WB_WDI,WB_WDI_SP_POP_TOTL,SGP,_T,_T,_T,_Z,_Z,_Z,2021,A,PS,
41571,P1Y,0,,A,PU,_Z,2,,,False,WB_WDI,WB_WDI_SP_POP_TOTL,SXM,_T,_T,_T,_Z,_Z,_Z,2021,A,PS,
5447247,P1Y,0,,A,PU,_Z,2,,,False,WB_WDI,WB_WDI_SP_POP_TOTL,SVK,_T,_T,_T,_Z,_Z,_Z,2021,A,PS,
2108079,P1Y,0,,A,PU,_Z,2,,,False,WB_WDI,WB_WDI_SP_POP_TOTL,SVN,_T,_T,_T,_Z,_Z,_Z,2021,A,PS,
762591,P1Y,0,,A,PU,_Z,2,,,False,WB_WDI,WB_WDI_SP_POP_TOTL,SLB,_T,_T,_T,_Z,_Z,_Z,2021,A,PS,
17271431,P1Y,0,,A,PU,_Z,2,,,False,WB_WDI,WB_WDI_SP_POP_TOTL,SOM,_T,_T,_T,_Z,_Z,_Z,2021,A,PS,
21868298,P1Y,0,,A,PU,_Z,2,,,False,WB_WDI,WB_WDI_SP_POP_TOTL,GHA,_T,_T,_T,_Z,_Z,_Z,2004,A,PS,
28715,P1Y,0,,A,PU,_Z,2,,,False,WB_WDI,WB_WDI_SP_POP_TOTL,GIB,_T,_T,_T,_Z,_Z,_Z,2004,A,PS,
10955141,P1Y,0,,A,PU,_Z,2,,,False,WB_WDI,WB_WDI_SP_POP_TOTL,GRC,_T,_T,_T,_Z,_Z,_Z,2004,A,PS,
56898,P1Y,0,,A,PU,_Z,2,,,False,WB_WDI,WB_WDI_SP_POP_TOTL,GRL,_T,_T,_T,_Z,_Z,_Z,2004,A,PS,
109323,P1Y,0,,A,PU,_Z,2,,,False,WB_WDI,WB_WDI_SP_POP_TOTL,GRD,_T,_T,_T,_Z,_Z,_Z,2004,A,PS,
163810,P1Y,0,,A,PU,_Z,2,,,False,WB_WDI,WB_WDI_SP_POP_TOTL,GUM,_T,_T,_T,_Z,_Z,_Z,2004,A,PS,
12807402,P1Y,0,,A,PU,_Z,2,,,False,WB_WDI,WB_WDI_SP_POP_TOTL,GTM,_T,_T,_T,_Z,_Z,_Z,2004,A,PS,
9062726,P1Y,0,,A,PU,_Z,2,,,False,WB_WDI,WB_WDI_SP_POP_TOTL,GIN,_T,_T,_T,_Z,_Z,_Z,2004,A,PS,
1349563,P1Y,0,,A,PU,_Z,2,,,False,WB_WDI,WB_WDI_SP_POP_TOTL,GNB,_T,_T,_T,_Z,_Z,_Z,2004,A,PS,
762418,P1Y,0,,A,PU,_Z,2,,,False,WB_WDI,WB_WDI_SP_POP_TOTL,GUY,_T,_T,_T,_Z,_Z,_Z,2004,A,PS,
8910263,P1Y,0,,A,PU,_Z,2,,,False,WB_WDI,WB_WDI_SP_POP_TOTL,HTI,_T,_T,_T,_Z,_Z,_Z,2004,A,PS,
7298994,P1Y,0,,A,PU,_Z,2,,,False,WB_WDI,WB_WDI_SP_POP_TOTL,HND,_T,_T,_T,_Z,_Z,_Z,2004,A,PS,
6783500,P1Y,0,,A,PU,_Z,2,,,False,WB_WDI,WB_WDI_SP_POP_TOTL,HKG,_T,_T,_T,_Z,_Z,_Z,2004,A,PS,
10107146,P1Y,0,,A,PU,_Z,2,,,False,WB_WDI,WB_WDI_SP_POP_TOTL,HUN,_T,_T,_T,_Z,_Z,_Z,2004,A,PS,
682500,P1Y,0,,A,PU,_Z,2,,,False,WB_WDI,WB_WDI_SP_POP_TOTL,MAC,_T,_T,_T,_Z,_Z,_Z,2021,A,PS,
29691083,P1Y,0,,A,PU,_Z,2,,,False,WB_WDI,WB_WDI_SP_POP_TOTL,MDG,_T,_T,_T,_Z,_Z,_Z,2021,A,PS,
20047258,P1Y,0,,A,PU,_Z,2,,,False,WB_WDI,WB_WDI_SP_POP_TOTL,MWI,_T,_T,_T,_Z,_Z,_Z,2021,A,PS,
34282399,P1Y,0,,A,PU,_Z,2,,,False,WB_WDI,WB_WDI_SP_POP_TOTL,MYS,_T,_T,_T,_Z,_Z,_Z,2021,A,PS,
516154,P1Y,0,,A,PU,_Z,2,,,False,WB_WDI,WB_WDI_SP_POP_TOTL,MDV,_T,_T,_T,_Z,_Z,_Z,2021,A,PS,
22388630,P1Y,0,,A,PU,_Z,2,,,False,WB_WDI,WB_WDI_SP_POP_TOTL,MLI,_T,_T,_T,_Z,_Z,_Z,2021,A,PS,
518150,P1Y,0,,A,PU,_Z,2,,,False,WB_WDI,WB_WDI_SP_POP_TOTL,MLT,_T,_T,_T,_Z,_Z,_Z,2021,A,PS,
41367,P1Y,0,,A,PU,_Z,2,,,False,WB_WDI,WB_WDI_SP_POP_TOTL,MHL,_T,_T,_T,_Z,_Z,_Z,2021,A,PS,
4734874,P1Y,0,,A,PU,_Z,2,,,False,WB_WDI,WB_WDI_SP_POP_TOTL,MRT,_T,_T,_T,_Z,_Z,_Z,2021,A,PS,
1266334,P1Y,0,,A,PU,_Z,2,,,False,WB_WDI,WB_WDI_SP_POP_TOTL,MUS,_T,_T,_T,_Z,_Z,_Z,2021,A,PS,
127648148,P1Y,0,,A,PU,_Z,2,,,False,WB_WDI,WB_WDI_SP_POP_TOTL,MEX,_T,_T,_T,_Z,_Z,_Z,2021,A,PS,
740618,P1Y,0,,A,PU,_Z,2,,,False,WB_WDI,WB_WDI_SP_POP_TOTL,BTN,_T,_T,_T,_Z,_Z,_Z,2015,A,PS,
11014705,P1Y,0,,A,PU,_Z,2,,,False,WB_WDI,WB_WDI_SP_POP_TOTL,BOL,_T,_T,_T,_Z,_Z,_Z,2015,A,PS,
3518541,P1Y,0,,A,PU,_Z,2,,,False,WB_WDI,WB_WDI_SP_POP_TOTL,BIH,_T,_T,_T,_Z,_Z,_Z,2015,A,PS,
2203273,P1Y,0,,A,PU,_Z,2,,,False,WB_WDI,WB_WDI_SP_POP_TOTL,BWA,_T,_T,_T,_Z,_Z,_Z,2015,A,PS,
201675532,P1Y,0,,A,PU,_Z,2,,,False,WB_WDI,WB_WDI_SP_POP_TOTL,BRA,_T,_T,_T,_Z,_Z,_Z,2015,A,PS,
34498,P1Y,0,,A,PU,_Z,2,,,False,WB_WDI,WB_WDI_SP_POP_TOTL,VGB,_T,_T,_T,_Z,_Z,_Z,2015,A,PS,
422212,P1Y,0,,A,PU,_Z,2,,,False,WB_WDI,WB_WDI_SP_POP_TOTL,BRN,_T,_T,_T,_Z,_Z,_Z,2015,A,PS,
6984225,P1Y,0,,A,PU,_Z,2,,,False,WB_WDI,WB_WDI_SP_POP_TOTL,BGR,_T,_T,_T,_Z,_Z,_Z,2015,A,PS,
18777487,P1Y,0,,A,PU,_Z,2,,,False,WB_WDI,WB_WDI_SP_POP_TOTL,BFA,_T,_T,_T,_Z,_Z,_Z,2015,A,PS,
11047580,P1Y,0,,A,PU,_Z,2,,,False,WB_WDI,WB_WDI_SP_POP_TOTL,BDI,_T,_T,_T,_Z,_Z,_Z,2015,A,PS,
512394,P1Y,0,,A,PU,_Z,2,,,False,WB_WDI,WB_WDI_SP_POP_TOTL,CPV,_T,_T,_T,_Z,_Z,_Z,2015,A,PS,
6590211,P1Y,0,,A,PU,_Z,2,,,False,WB_WDI,WB_WDI_SP_POP_TOTL,KGZ,_T,_T,_T,_Z,_Z,_Z,2019,A,PS,
7237636,P1Y,0,,A,PU,_Z,2,,,False,WB_WDI,WB_WDI_SP_POP_TOTL,LAO,_T,_T,_T,_Z,_Z,_Z,2019,A,PS,
1913822,P1Y,0,,A,PU,_Z,2,,,False,WB_WDI,WB_WDI_SP_POP_TOTL,LVA,_T,_T,_T,_Z,_Z,_Z,2019,A,PS,
5794594,P1Y,0,,A,PU,_Z,2,,,False,WB_WDI,WB_WDI_SP_POP_TOTL,LBN,_T,_T,_T,_Z,_Z,_Z,2019,A,PS,
2209405,P1Y,0,,A,PU,_Z,2,,,False,WB_WDI,WB_WDI_SP_POP_TOTL,LSO,_T,_T,_T,_Z,_Z,_Z,2019,A,PS,
5043721,P1Y,0,,A,PU,_Z,2,,,False,WB_WDI,WB_WDI_SP_POP_TOTL,LBR,_T,_T,_T,_Z,_Z,_Z,2019,A,PS,
6951033,P1Y,0,,A,PU,_Z,2,,,False,WB_WDI,WB_WDI_SP_POP_TOTL,LBY,_T,_T,_T,_Z,_Z,_Z,2019,A,PS,
38563,P1Y,0,,A,PU,_Z,2,,,False,WB_WDI,WB_WDI_SP_POP_TOTL,LIE,_T,_T,_T,_Z,_Z,_Z,2019,A,PS,
2811089,P1Y,0,,A,PU,_Z,2,,,False,WB_WDI,WB_WDI_SP_POP_TOTL,LTU,_T,_T,_T,_Z,_Z,_Z,2019,A,PS,
620001,P1Y,0,,A,PU,_Z,2,,,False,WB_WDI,WB_WDI_SP_POP_TOTL,LUX,_T,_T,_T,_Z,_Z,_Z,2019,A,PS,
672000,P1Y,0,,A,PU,_Z,2,,,False,WB_WDI,WB_WDI_SP_POP_TOTL,MAC,_T,_T,_T,_Z,_Z,_Z,2019,A,PS,
28219554,P1Y,0,,A,PU,_Z,2,,,False,WB_WDI,WB_WDI_SP_POP_TOTL,MDG,_T,_T,_T,_Z,_Z,_Z,2019,A,PS,
3866243,P1Y,0,,A,PU,_Z,2,,,False,WB_WDI,WB_WDI_SP_POP_TOTL,IRL,_T,_T,_T,_Z,_Z,_Z,2001,A,PS,
76476,P1Y,0,,A,PU,_Z,2,,,False,WB_WDI,WB_WDI_SP_POP_TOTL,IMN,_T,_T,_T,_Z,_Z,_Z,2001,A,PS,
6439000,P1Y,0,,A,PU,_Z,2,,,False,WB_WDI,WB_WDI_SP_POP_TOTL,ISR,_T,_T,_T,_Z,_Z,_Z,2001,A,PS,
56976981,P1Y,0,,A,PU,_Z,2,,,False,WB_WDI,WB_WDI_SP_POP_TOTL,ITA,_T,_T,_T,_Z,_Z,_Z,2001,A,PS,
2624403,P1Y,0,,A,PU,_Z,2,,,False,WB_WDI,WB_WDI_SP_POP_TOTL,JAM,_T,_T,_T,_Z,_Z,_Z,2001,A,PS,
127149000,P1Y,0,,A,PU,_Z,2,,,False,WB_WDI,WB_WDI_SP_POP_TOTL,JPN,_T,_T,_T,_Z,_Z,_Z,2001,A,PS,
5498894,P1Y,0,,A,PU,_Z,2,,,False,WB_WDI,WB_WDI_SP_POP_TOTL,JOR,_T,_T,_T,_Z,_Z,_Z,2001,A,PS,
15575550,P1Y,0,,A,PU,_Z,2,,,False,WB_WDI,WB_WDI_SP_POP_TOTL,KAZ,_T,_T,_T,_Z,_Z,_Z,2001,A,PS,
31619170,P1Y,0,,A,PU,_Z,2,,,False,WB_WDI,WB_WDI_SP_POP_TOTL,KEN,_T,_T,_T,_Z,_Z,_Z,2001,A,PS,
90335,P1Y,0,,A,PU,_Z,2,,,False,WB_WDI,WB_WDI_SP_POP_TOTL,KIR,_T,_T,_T,_Z,_Z,_Z,2001,A,PS,
23815358,P1Y,0,,A,PU,_Z,2,,,False,WB_WDI,WB_WDI_SP_POP_TOTL,PRK,_T,_T,_T,_Z,_Z,_Z,2001,A,PS,
47370164,P1Y,0,,A,PU,_Z,2,,,False,WB_WDI,WB_WDI_SP_POP_TOTL,KOR,_T,_T,_T,_Z,_Z,_Z,2001,A,PS,
1820009,P1Y,0,,A,PU,_Z,2,,,False,WB_WDI,WB_WDI_SP_POP_TOTL,XKX,_T,_T,_T,_Z,_Z,_Z,2001,A,PS,
2008121,P1Y,0,,A,PU,_Z,2,,,False,WB_WDI,WB_WDI_SP_POP_TOTL,KWT,_T,_T,_T,_Z,_Z,_Z,2001,A,PS,
4945073,P1Y,0,,A,PU,_Z,2,,,False,WB_WDI,WB_WDI_SP_POP_TOTL,KGZ,_T,_T,_T,_Z,_Z,_Z,2001,A,PS,
46635,P1Y,0,,A,PU,_Z,2,,,False,WB_WDI,WB_WDI_SP_POP_TOTL,FRO,_T,_T,_T,_Z,_Z,_Z,2001,A,PS,
849596,P1Y,0,,A,PU,_Z,2,,,False,WB_WDI,WB_WDI_SP_POP_TOTL,FJI,_T,_T,_T,_Z,_Z,_Z,2001,A,PS,
5188008,P1Y,0,,A,PU,_Z,2,,,False,WB_WDI,WB_WDI_SP_POP_TOTL,FIN,_T,_T,_T,_Z,_Z,_Z,2001,A,PS,
61364377,P1Y,0,,A,PU,_Z,2,,,False,WB_WDI,WB_WDI_SP_POP_TOTL,FRA,_T,_T,_T,_Z,_Z,_Z,2001,A,PS,
244097,P1Y,0,,A,PU,_Z,2,,,False,WB_WDI,WB_WDI_SP_POP_TOTL,PYF,_T,_T,_T,_Z,_Z,_Z,2001,A,PS,
1309589,P1Y,0,,A,PU,_Z,2,,,False,WB_WDI,WB_WDI_SP_POP_TOTL,GAB,_T,_T,_T,_Z,_Z,_Z,2001,A,PS,
1495011,P1Y,0,,A,PU,_Z,2,,,False,WB_WDI,WB_WDI_SP_POP_TOTL,GMB,_T,_T,_T,_Z,_Z,_Z,2001,A,PS,
4014373,P1Y,0,,A,PU,_Z,2,,,False,WB_WDI,WB_WDI_SP_POP_TOTL,GEO,_T,_T,_T,_Z,_Z,_Z,2001,A,PS,
82349925,P1Y,0,,A,PU,_Z,2,,,False,WB_WDI,WB_WDI_SP_POP_TOTL,DEU,_T,_T,_T,_Z,_Z,_Z,2001,A,PS,
20167069,P1Y,0,,A,PU,_Z,2,,,False,WB_WDI,WB_WDI_SP_POP_TOTL,GHA,_T,_T,_T,_Z,_Z,_Z,2001,A,PS,
27657,P1Y,0,,A,PU,_Z,2,,,False,WB_WDI,WB_WDI_SP_POP_TOTL,GIB,_T,_T,_T,_Z,_Z,_Z,2001,A,PS,
10862132,P1Y,0,,A,PU,_Z,2,,,False,WB_WDI,WB_WDI_SP_POP_TOTL,GRC,_T,_T,_T,_Z,_Z,_Z,2001,A,PS,
56379,P1Y,0,,A,PU,_Z,2,,,False,WB_WDI,WB_WDI_SP_POP_TOTL,GRL,_T,_T,_T,_Z,_Z,_Z,2001,A,PS,
107987,P1Y,0,,A,PU,_Z,2,,,False,WB_WDI,WB_WDI_SP_POP_TOTL,GRD,_T,_T,_T,_Z,_Z,_Z,2001,A,PS,
161329,P1Y,0,,A,PU,_Z,2,,,False,WB_WDI,WB_WDI_SP_POP_TOTL,GUM,_T,_T,_T,_Z,_Z,_Z,2001,A,PS,
6531819,P1Y,0,,A,PU,_Z,2,,,False,WB_WDI,WB_WDI_SP_POP_TOTL,LBY,_T,_T,_T,_Z,_Z,_Z,2015,A,PS,
37494,P1Y,0,,A,PU,_Z,2,,,False,WB_WDI,WB_WDI_SP_POP_TOTL,LIE,_T,_T,_T,_Z,_Z,_Z,2015,A,PS,
2911109,P1Y,0,,A,PU,_Z,2,,,False,WB_WDI,WB_WDI_SP_POP_TOTL,LTU,_T,_T,_T,_Z,_Z,_Z,2015,A,PS,
569604,P1Y,0,,A,PU,_Z,2,,,False,WB_WDI,WB_WDI_SP_POP_TOTL,LUX,_T,_T,_T,_Z,_Z,_Z,2015,A,PS,
642900,P1Y,0,,A,PU,_Z,2,,,False,WB_WDI,WB_WDI_SP_POP_TOTL,MAC,_T,_T,_T,_Z,_Z,_Z,2015,A,PS,
25426702,P1Y,0,,A,PU,_Z,2,,,False,WB_WDI,WB_WDI_SP_POP_TOTL,MDG,_T,_T,_T,_Z,_Z,_Z,2015,A,PS,
17085587,P1Y,0,,A,PU,_Z,2,,,False,WB_WDI,WB_WDI_SP_POP_TOTL,MWI,_T,_T,_T,_Z,_Z,_Z,2015,A,PS,
31232798,P1Y,0,,A,PU,_Z,2,,,False,WB_WDI,WB_WDI_SP_POP_TOTL,MYS,_T,_T,_T,_Z,_Z,_Z,2015,A,PS,
428154,P1Y,0,,A,PU,_Z,2,,,False,WB_WDI,WB_WDI_SP_POP_TOTL,MDV,_T,_T,_T,_Z,_Z,_Z,2015,A,PS,
18593022,P1Y,0,,A,PU,_Z,2,,,False,WB_WDI,WB_WDI_SP_POP_TOTL,MLI,_T,_T,_T,_Z,_Z,_Z,2015,A,PS,
444220,P1Y,0,,A,PU,_Z,2,,,False,WB_WDI,WB_WDI_SP_POP_TOTL,MLT,_T,_T,_T,_Z,_Z,_Z,2015,A,PS,
67202,P1Y,0,,A,PU,_Z,2,,,False,WB_WDI,WB_WDI_SP_POP_TOTL,DMA,_T,_T,_T,_Z,_Z,_Z,2021,A,PS,
11123476,P1Y,0,,A,PU,_Z,2,,,False,WB_WDI,WB_WDI_SP_POP_TOTL,DOM,_T,_T,_T,_Z,_Z,_Z,2021,A,PS,
17682454,P1Y,0,,A,PU,_Z,2,,,False,WB_WDI,WB_WDI_SP_POP_TOTL,ECU,_T,_T,_T,_Z,_Z,_Z,2021,A,PS,
110957008,P1Y,0,,A,PU,_Z,2,,,False,WB_WDI,WB_WDI_SP_POP_TOTL,EGY,_T,_T,_T,_Z,_Z,_Z,2021,A,PS,
6255782,P1Y,0,,A,PU,_Z,2,,,False,WB_WDI,WB_WDI_SP_POP_TOTL,SLV,_T,_T,_T,_Z,_Z,_Z,2021,A,PS,
1758786,P1Y,0,,A,PU,_Z,2,,,False,WB_WDI,WB_WDI_SP_POP_TOTL,GNQ,_T,_T,_T,_Z,_Z,_Z,2021,A,PS,
3350183,P1Y,0,,A,PU,_Z,2,,,False,WB_WDI,WB_WDI_SP_POP_TOTL,ERI,_T,_T,_T,_Z,_Z,_Z,2021,A,PS,
1330932,P1Y,0,,A,PU,_Z,2,,,False,WB_WDI,WB_WDI_SP_POP_TOTL,EST,_T,_T,_T,_Z,_Z,_Z,2021,A,PS,
1206593,P1Y,0,,A,PU,_Z,2,,,False,WB_WDI,WB_WDI_SP_POP_TOTL,SWZ,_T,_T,_T,_Z,_Z,_Z,2021,A,PS,
122138588,P1Y,0,,A,PU,_Z,2,,,False,WB_WDI,WB_WDI_SP_POP_TOTL,ETH,_T,_T,_T,_Z,_Z,_Z,2021,A,PS,
53291,P1Y,0,,A,PU,_Z,2,,,False,WB_WDI,WB_WDI_SP_POP_TOTL,FRO,_T,_T,_T,_Z,_Z,_Z,2021,A,PS,
916711,P1Y,0,,A,PU,_Z,2,,,False,WB_WDI,WB_WDI_SP_POP_TOTL,FJI,_T,_T,_T,_Z,_Z,_Z,2021,A,PS,
63651141,P1Y,0,,A,PU,_Z,2,,,False,WB_WDI,WB_WDI_SP_POP_TOTL,THA,_T,_T,_T,_Z,_Z,_Z,2001,A,PS,
812249,P1Y,0,,A,PU,_Z,2,,,False,WB_WDI,WB_WDI_SP_POP_TOTL,TLS,_T,_T,_T,_Z,_Z,_Z,2001,A,PS,
4904144,P1Y,0,,A,PU,_Z,2,,,False,WB_WDI,WB_WDI_SP_POP_TOTL,TGO,_T,_T,_T,_Z,_Z,_Z,2001,A,PS,
103288,P1Y,0,,A,PU,_Z,2,,,False,WB_WDI,WB_WDI_SP_POP_TOTL,TON,_T,_T,_T,_Z,_Z,_Z,2001,A,PS,
1325567,P1Y,0,,A,PU,_Z,2,,,False,WB_WDI,WB_WDI_SP_POP_TOTL,TTO,_T,_T,_T,_Z,_Z,_Z,2001,A,PS,
9869677,P1Y,0,,A,PU,_Z,2,,,False,WB_WDI,WB_WDI_SP_POP_TOTL,TUN,_T,_T,_T,_Z,_Z,_Z,2001,A,PS,
66245128,P1Y,0,,A,PU,_Z,2,,,False,WB_WDI,WB_WDI_SP_POP_TOTL,TUR,_T,_T,_T,_Z,_Z,_Z,2001,A,PS,
4675409,P1Y,0,,A,PU,_Z,2,,,False,WB_WDI,WB_WDI_SP_POP_TOTL,TKM,_T,_T,_T,_Z,_Z,_Z,2001,A,PS,
19576,P1Y,0,,A,PU,_Z,2,,,False,WB_WDI,WB_WDI_SP_POP_TOTL,TCA,_T,_T,_T,_Z,_Z,_Z,2001,A,PS,
9586,P1Y,0,,A,PU,_Z,2,,,False,WB_WDI,WB_WDI_SP_POP_TOTL,TUV,_T,_T,_T,_Z,_Z,_Z,2001,A,PS,
24745676,P1Y,0,,A,PU,_Z,2,,,False,WB_WDI,WB_WDI_SP_POP_TOTL,UGA,_T,_T,_T,_Z,_Z,_Z,2001,A,PS,
49106855,P1Y,0,,A,PU,_Z,2,,,False,WB_WDI,WB_WDI_SP_POP_TOTL,UKR,_T,_T,_T,_Z,_Z,_Z,2001,A,PS,
3723590,P1Y,0,,A,PU,_Z,2,,,False,WB_WDI,WB_WDI_SP_POP_TOTL,ARE,_T,_T,_T,_Z,_Z,_Z,2001,A,PS,
59119673,P1Y,0,,A,PU,_Z,2,,,False,WB_WDI,WB_WDI_SP_POP_TOTL,GBR,_T,_T,_T,_Z,_Z,_Z,2001,A,PS,
16637888,P1Y,0,,A,PU,_Z,2,,,False,WB_WDI,WB_WDI_SP_POP_TOTL,SYR,_T,_T,_T,_Z,_Z,_Z,2000,A,PS,
6284735,P1Y,0,,A,PU,_Z,2,,,False,WB_WDI,WB_WDI_SP_POP_TOTL,TJK,_T,_T,_T,_Z,_Z,_Z,2000,A,PS,
34260139,P1Y,0,,A,PU,_Z,2,,,False,WB_WDI,WB_WDI_SP_POP_TOTL,TZA,_T,_T,_T,_Z,_Z,_Z,2000,A,PS,
63007815,P1Y,0,,A,PU,_Z,2,,,False,WB_WDI,WB_WDI_SP_POP_TOTL,THA,_T,_T,_T,_Z,_Z,_Z,2000,A,PS,
745088,P1Y,0,,A,PU,_Z,2,,,False,WB_WDI,WB_WDI_SP_POP_TOTL,TLS,_T,_T,_T,_Z,_Z,_Z,2000,A,PS,
4783722,P1Y,0,,A,PU,_Z,2,,,False,WB_WDI,WB_WDI_SP_POP_TOTL,TGO,_T,_T,_T,_Z,_Z,_Z,2000,A,PS,
102677,P1Y,0,,A,PU,_Z,2,,,False,WB_WDI,WB_WDI_SP_POP_TOTL,TON,_T,_T,_T,_Z,_Z,_Z,2000,A,PS,
1319774,P1Y,0,,A,PU,_Z,2,,,False,WB_WDI,WB_WDI_SP_POP_TOTL,TTO,_T,_T,_T,_Z,_Z,_Z,2000,A,PS,
9764935,P1Y,0,,A,PU,_Z,2,,,False,WB_WDI,WB_WDI_SP_POP_TOTL,TUN,_T,_T,_T,_Z,_Z,_Z,2000,A,PS,
65425961,P1Y,0,,A,PU,_Z,2,,,False,WB_WDI,WB_WDI_SP_POP_TOTL,TUR,_T,_T,_T,_Z,_Z,_Z,2000,A,PS,
4582677,P1Y,0,,A,PU,_Z,2,,,False,WB_WDI,WB_WDI_SP_POP_TOTL,TKM,_T,_T,_T,_Z,_Z,_Z,2000,A,PS,
18730,P1Y,0,,A,PU,_Z,2,,,False,WB_WDI,WB_WDI_SP_POP_TOTL,TCA,_T,_T,_T,_Z,_Z,_Z,2000,A,PS,
9544,P1Y,0,,A,PU,_Z,2,,,False,WB_WDI,WB_WDI_SP_POP_TOTL,TUV,_T,_T,_T,_Z,_Z,_Z,2000,A,PS,
10203169,P1Y,0,,A,PU,_Z,2,,,False,WB_WDI,WB_WDI_SP_POP_TOTL,PNG,_T,_T,_T,_Z,_Z,_Z,2022,A,PS,
6760464,P1Y,0,,A,PU,_Z,2,,,False,WB_WDI,WB_WDI_SP_POP_TOTL,PRY,_T,_T,_T,_Z,_Z,_Z,2022,A,PS,
33475438,P1Y,0,,A,PU,_Z,2,,,False,WB_WDI,WB_WDI_SP_POP_TOTL,PER,_T,_T,_T,_Z,_Z,_Z,2022,A,PS,
113964338,P1Y,0,,A,PU,_Z,2,,,False,WB_WDI,WB_WDI_SP_POP_TOTL,PHL,_T,_T,_T,_Z,_Z,_Z,2022,A,PS,
36821749,P1Y,0,,A,PU,_Z,2,,,False,WB_WDI,WB_WDI_SP_POP_TOTL,POL,_T,_T,_T,_Z,_Z,_Z,2022,A,PS,
10434332,P1Y,0,,A,PU,_Z,2,,,False,WB_WDI,WB_WDI_SP_POP_TOTL,PRT,_T,_T,_T,_Z,_Z,_Z,2022,A,PS,
3220148,P1Y,0,,A,PU,_Z,2,,,False,WB_WDI,WB_WDI_SP_POP_TOTL,PRI,_T,_T,_T,_Z,_Z,_Z,2022,A,PS,
2657333,P1Y,0,,A,PU,_Z,2,,,False,WB_WDI,WB_WDI_SP_POP_TOTL,QAT,_T,_T,_T,_Z,_Z,_Z,2022,A,PS,
19048502,P1Y,0,,A,PU,_Z,2,,,False,WB_WDI,WB_WDI_SP_POP_TOTL,ROU,_T,_T,_T,_Z,_Z,_Z,2022,A,PS,
144236933,P1Y,0,,A,PU,_Z,2,,,False,WB_WDI,WB_WDI_SP_POP_TOTL,RUS,_T,_T,_T,_Z,_Z,_Z,2022,A,PS,
13651030,P1Y,0,,A,PU,_Z,2,,,False,WB_WDI,WB_WDI_SP_POP_TOTL,RWA,_T,_T,_T,_Z,_Z,_Z,2022,A,PS,
215261,P1Y,0,,A,PU,_Z,2,,,False,WB_WDI,WB_WDI_SP_POP_TOTL,WSM,_T,_T,_T,_Z,_Z,_Z,2022,A,PS,
82469422,P1Y,0,,A,PU,_Z,2,,,False,WB_WDI,WB_WDI_SP_POP_TOTL,DEU,_T,_T,_T,_Z,_Z,_Z,2005,A,PS,
22449438,P1Y,0,,A,PU,_Z,2,,,False,WB_WDI,WB_WDI_SP_POP_TOTL,GHA,_T,_T,_T,_Z,_Z,_Z,2005,A,PS,
29163,P1Y,0,,A,PU,_Z,2,,,False,WB_WDI,WB_WDI_SP_POP_TOTL,GIB,_T,_T,_T,_Z,_Z,_Z,2005,A,PS,
10987314,P1Y,0,,A,PU,_Z,2,,,False,WB_WDI,WB_WDI_SP_POP_TOTL,GRC,_T,_T,_T,_Z,_Z,_Z,2005,A,PS,
56935,P1Y,0,,A,PU,_Z,2,,,False,WB_WDI,WB_WDI_SP_POP_TOTL,GRL,_T,_T,_T,_Z,_Z,_Z,2005,A,PS,
109734,P1Y,0,,A,PU,_Z,2,,,False,WB_WDI,WB_WDI_SP_POP_TOTL,GRD,_T,_T,_T,_Z,_Z,_Z,2005,A,PS,
164365,P1Y,0,,A,PU,_Z,2,,,False,WB_WDI,WB_WDI_SP_POP_TOTL,GUM,_T,_T,_T,_Z,_Z,_Z,2005,A,PS,
13087629,P1Y,0,,A,PU,_Z,2,,,False,WB_WDI,WB_WDI_SP_POP_TOTL,GTM,_T,_T,_T,_Z,_Z,_Z,2005,A,PS,
9245844,P1Y,0,,A,PU,_Z,2,,,False,WB_WDI,WB_WDI_SP_POP_TOTL,GIN,_T,_T,_T,_Z,_Z,_Z,2005,A,PS,
1381585,P1Y,0,,A,PU,_Z,2,,,False,WB_WDI,WB_WDI_SP_POP_TOTL,GNB,_T,_T,_T,_Z,_Z,_Z,2005,A,PS,
760914,P1Y,0,,A,PU,_Z,2,,,False,WB_WDI,WB_WDI_SP_POP_TOTL,GUY,_T,_T,_T,_Z,_Z,_Z,2005,A,PS,
9061273,P1Y,0,,A,PU,_Z,2,,,False,WB_WDI,WB_WDI_SP_POP_TOTL,HTI,_T,_T,_T,_Z,_Z,_Z,2005,A,PS,
7478355,P1Y,0,,A,PU,_Z,2,,,False,WB_WDI,WB_WDI_SP_POP_TOTL,HND,_T,_T,_T,_Z,_Z,_Z,2005,A,PS,
6813200,P1Y,0,,A,PU,_Z,2,,,False,WB_WDI,WB_WDI_SP_POP_TOTL,HKG,_T,_T,_T,_Z,_Z,_Z,2005,A,PS,
4490967,P1Y,0,,A,PU,_Z,2,,,False,WB_WDI,WB_WDI_SP_POP_TOTL,NOR,_T,_T,_T,_Z,_Z,_Z,2000,A,PS,
2282131,P1Y,0,,A,PU,_Z,2,,,False,WB_WDI,WB_WDI_SP_POP_TOTL,OMN,_T,_T,_T,_Z,_Z,_Z,2000,A,PS,
154879127,P1Y,0,,A,PU,_Z,2,,,False,WB_WDI,WB_WDI_SP_POP_TOTL,PAK,_T,_T,_T,_Z,_Z,_Z,2000,A,PS,
19178,P1Y,0,,A,PU,_Z,2,,,False,WB_WDI,WB_WDI_SP_POP_TOTL,PLW,_T,_T,_T,_Z,_Z,_Z,2000,A,PS,
3010369,P1Y,0,,A,PU,_Z,2,,,False,WB_WDI,WB_WDI_SP_POP_TOTL,PAN,_T,_T,_T,_Z,_Z,_Z,2000,A,PS,
5537064,P1Y,0,,A,PU,_Z,2,,,False,WB_WDI,WB_WDI_SP_POP_TOTL,PNG,_T,_T,_T,_Z,_Z,_Z,2000,A,PS,
5100868,P1Y,0,,A,PU,_Z,2,,,False,WB_WDI,WB_WDI_SP_POP_TOTL,PRY,_T,_T,_T,_Z,_Z,_Z,2000,A,PS,
26598331,P1Y,0,,A,PU,_Z,2,,,False,WB_WDI,WB_WDI_SP_POP_TOTL,PER,_T,_T,_T,_Z,_Z,_Z,2000,A,PS,
79625397,P1Y,0,,A,PU,_Z,2,,,False,WB_WDI,WB_WDI_SP_POP_TOTL,PHL,_T,_T,_T,_Z,_Z,_Z,2000,A,PS,
38258629,P1Y,0,,A,PU,_Z,2,,,False,WB_WDI,WB_WDI_SP_POP_TOTL,POL,_T,_T,_T,_Z,_Z,_Z,2000,A,PS,
10289898,P1Y,0,,A,PU,_Z,2,,,False,WB_WDI,WB_WDI_SP_POP_TOTL,PRT,_T,_T,_T,_Z,_Z,_Z,2000,A,PS,
3810605,P1Y,0,,A,PU,_Z,2,,,False,WB_WDI,WB_WDI_SP_POP_TOTL,PRI,_T,_T,_T,_Z,_Z,_Z,2000,A,PS,
644989,P1Y,0,,A,PU,_Z,2,,,False,WB_WDI,WB_WDI_SP_POP_TOTL,QAT,_T,_T,_T,_Z,_Z,_Z,2000,A,PS,
502118,P1Y,0,,A,PU,_Z,2,,,False,WB_WDI,WB_WDI_SP_POP_TOTL,MDV,_T,_T,_T,_Z,_Z,_Z,2020,A,PS,
21713836,P1Y,0,,A,PU,_Z,2,,,False,WB_WDI,WB_WDI_SP_POP_TOTL,MLI,_T,_T,_T,_Z,_Z,_Z,2020,A,PS,
515490,P1Y,0,,A,PU,_Z,2,,,False,WB_WDI,WB_WDI_SP_POP_TOTL,MLT,_T,_T,_T,_Z,_Z,_Z,2020,A,PS,
42706,P1Y,0,,A,PU,_Z,2,,,False,WB_WDI,WB_WDI_SP_POP_TOTL,MHL,_T,_T,_T,_Z,_Z,_Z,2020,A,PS,
4600131,P1Y,0,,A,PU,_Z,2,,,False,WB_WDI,WB_WDI_SP_POP_TOTL,MRT,_T,_T,_T,_Z,_Z,_Z,2020,A,PS,
1266014,P1Y,0,,A,PU,_Z,2,,,False,WB_WDI,WB_WDI_SP_POP_TOTL,MUS,_T,_T,_T,_Z,_Z,_Z,2020,A,PS,
126799054,P1Y,0,,A,PU,_Z,2,,,False,WB_WDI,WB_WDI_SP_POP_TOTL,MEX,_T,_T,_T,_Z,_Z,_Z,2020,A,PS,
110916,P1Y,0,,A,PU,_Z,2,,,False,WB_WDI,WB_WDI_SP_POP_TOTL,FSM,_T,_T,_T,_Z,_Z,_Z,2020,A,PS,
2635130,P1Y,0,,A,PU,_Z,2,,,False,WB_WDI,WB_WDI_SP_POP_TOTL,MDA,_T,_T,_T,_Z,_Z,_Z,2020,A,PS,
38050,P1Y,0,,A,PU,_Z,2,,,False,WB_WDI,WB_WDI_SP_POP_TOTL,MCO,_T,_T,_T,_Z,_Z,_Z,2020,A,PS,
3327204,P1Y,0,,A,PU,_Z,2,,,False,WB_WDI,WB_WDI_SP_POP_TOTL,MNG,_T,_T,_T,_Z,_Z,_Z,2020,A,PS,
626590,P1Y,0,,A,PU,_Z,2,,,False,WB_WDI,WB_WDI_SP_POP_TOTL,MNE,_T,_T,_T,_Z,_Z,_Z,2020,A,PS,
4304600,P1Y,0,,A,PU,_Z,2,,,False,WB_WDI,WB_WDI_SP_POP_TOTL,HRV,_T,_T,_T,_Z,_Z,_Z,2004,A,PS,
11238756,P1Y,0,,A,PU,_Z,2,,,False,WB_WDI,WB_WDI_SP_POP_TOTL,CUB,_T,_T,_T,_Z,_Z,_Z,2004,A,PS,
134192,P1Y,0,,A,PU,_Z,2,,,False,WB_WDI,WB_WDI_SP_POP_TOTL,CUW,_T,_T,_T,_Z,_Z,_Z,2004,A,PS,
1017875,P1Y,0,,A,PU,_Z,2,,,False,WB_WDI,WB_WDI_SP_POP_TOTL,CYP,_T,_T,_T,_Z,_Z,_Z,2004,A,PS,
10197101,P1Y,0,,A,PU,_Z,2,,,False,WB_WDI,WB_WDI_SP_POP_TOTL,CZE,_T,_T,_T,_Z,_Z,_Z,2004,A,PS,
5404523,P1Y,0,,A,PU,_Z,2,,,False,WB_WDI,WB_WDI_SP_POP_TOTL,DNK,_T,_T,_T,_Z,_Z,_Z,2004,A,PS,
826124,P1Y,0,,A,PU,_Z,2,,,False,WB_WDI,WB_WDI_SP_POP_TOTL,DJI,_T,_T,_T,_Z,_Z,_Z,2004,A,PS,
68649,P1Y,0,,A,PU,_Z,2,,,False,WB_WDI,WB_WDI_SP_POP_TOTL,DMA,_T,_T,_T,_Z,_Z,_Z,2004,A,PS,
9104892,P1Y,0,,A,PU,_Z,2,,,False,WB_WDI,WB_WDI_SP_POP_TOTL,DOM,_T,_T,_T,_Z,_Z,_Z,2004,A,PS,
13608701,P1Y,0,,A,PU,_Z,2,,,False,WB_WDI,WB_WDI_SP_POP_TOTL,ECU,_T,_T,_T,_Z,_Z,_Z,2004,A,PS,
79477443,P1Y,0,,A,PU,_Z,2,,,False,WB_WDI,WB_WDI_SP_POP_TOTL,EGY,_T,_T,_T,_Z,_Z,_Z,2004,A,PS,
6004671,P1Y,0,,A,PU,_Z,2,,,False,WB_WDI,WB_WDI_SP_POP_TOTL,SLV,_T,_T,_T,_Z,_Z,_Z,2004,A,PS,
48019415,P1Y,0,,A,PU,_Z,2,,,False,WB_WDI,WB_WDI_SP_POP_TOTL,ZAF,_T,_T,_T,_Z,_Z,_Z,2002,A,PS,
6596806,P1Y,0,,A,PU,_Z,2,,,False,WB_WDI,WB_WDI_SP_POP_TOTL,SSD,_T,_T,_T,_Z,_Z,_Z,2002,A,PS,
41431558,P1Y,0,,A,PU,_Z,2,,,False,WB_WDI,WB_WDI_SP_POP_TOTL,ESP,_T,_T,_T,_Z,_Z,_Z,2002,A,PS,
19805752,P1Y,0,,A,PU,_Z,2,,,False,WB_WDI,WB_WDI_SP_POP_TOTL,LKA,_T,_T,_T,_Z,_Z,_Z,2002,A,PS,
46020,P1Y,0,,A,PU,_Z,2,,,False,WB_WDI,WB_WDI_SP_POP_TOTL,KNA,_T,_T,_T,_Z,_Z,_Z,2002,A,PS,
161641,P1Y,0,,A,PU,_Z,2,,,False,WB_WDI,WB_WDI_SP_POP_TOTL,LCA,_T,_T,_T,_Z,_Z,_Z,2002,A,PS,
31604,P1Y,0,,A,PU,_Z,2,,,False,WB_WDI,WB_WDI_SP_POP_TOTL,MAF,_T,_T,_T,_Z,_Z,_Z,2002,A,PS,
113347,P1Y,0,,A,PU,_Z,2,,,False,WB_WDI,WB_WDI_SP_POP_TOTL,VCT,_T,_T,_T,_Z,_Z,_Z,2002,A,PS,
29228727,P1Y,0,,A,PU,_Z,2,,,False,WB_WDI,WB_WDI_SP_POP_TOTL,SDN,_T,_T,_T,_Z,_Z,_Z,2002,A,PS,
496551,P1Y,0,,A,PU,_Z,2,,,False,WB_WDI,WB_WDI_SP_POP_TOTL,SUR,_T,_T,_T,_Z,_Z,_Z,2002,A,PS,
8924958,P1Y,0,,A,PU,_Z,2,,,False,WB_WDI,WB_WDI_SP_POP_TOTL,SWE,_T,_T,_T,_Z,_Z,_Z,2002,A,PS,
7284753,P1Y,0,,A,PU,_Z,2,,,False,WB_WDI,WB_WDI_SP_POP_TOTL,CHE,_T,_T,_T,_Z,_Z,_Z,2002,A,PS,
17468332,P1Y,0,,A,PU,_Z,2,,,False,WB_WDI,WB_WDI_SP_POP_TOTL,SYR,_T,_T,_T,_Z,_Z,_Z,2002,A,PS,
6531669,P1Y,0,,A,PU,_Z,2,,,False,WB_WDI,WB_WDI_SP_POP_TOTL,TJK,_T,_T,_T,_Z,_Z,_Z,2002,A,PS,
520900,P1Y,0,,A,PU,_Z,2,,,False,WB_WDI,WB_WDI_SP_POP_TOTL,MAC,_T,_T,_T,_Z,_Z,_Z,2007,A,PS,
20318583,P1Y,0,,A,PU,_Z,2,,,False,WB_WDI,WB_WDI_SP_POP_TOTL,MDG,_T,_T,_T,_Z,_Z,_Z,2007,A,PS,
13576343,P1Y,0,,A,PU,_Z,2,,,False,WB_WDI,WB_WDI_SP_POP_TOTL,MWI,_T,_T,_T,_Z,_Z,_Z,2007,A,PS,
26998389,P1Y,0,,A,PU,_Z,2,,,False,WB_WDI,WB_WDI_SP_POP_TOTL,MYS,_T,_T,_T,_Z,_Z,_Z,2007,A,PS,
324479,P1Y,0,,A,PU,_Z,2,,,False,WB_WDI,WB_WDI_SP_POP_TOTL,MDV,_T,_T,_T,_Z,_Z,_Z,2007,A,PS,
14457775,P1Y,0,,A,PU,_Z,2,,,False,WB_WDI,WB_WDI_SP_POP_TOTL,MLI,_T,_T,_T,_Z,_Z,_Z,2007,A,PS,
406724,P1Y,0,,A,PU,_Z,2,,,False,WB_WDI,WB_WDI_SP_POP_TOTL,MLT,_T,_T,_T,_Z,_Z,_Z,2007,A,PS,
52035,P1Y,0,,A,PU,_Z,2,,,False,WB_WDI,WB_WDI_SP_POP_TOTL,MHL,_T,_T,_T,_Z,_Z,_Z,2007,A,PS,
3093059,P1Y,0,,A,PU,_Z,2,,,False,WB_WDI,WB_WDI_SP_POP_TOTL,MRT,_T,_T,_T,_Z,_Z,_Z,2007,A,PS,
1239630,P1Y,0,,A,PU,_Z,2,,,False,WB_WDI,WB_WDI_SP_POP_TOTL,MUS,_T,_T,_T,_Z,_Z,_Z,2007,A,PS,
108774360,P1Y,0,,A,PU,_Z,2,,,False,WB_WDI,WB_WDI_SP_POP_TOTL,MEX,_T,_T,_T,_Z,_Z,_Z,2007,A,PS,
109880,P1Y,0,,A,PU,_Z,2,,,False,WB_WDI,WB_WDI_SP_POP_TOTL,FSM,_T,_T,_T,_Z,_Z,_Z,2007,A,PS,
11256263,P1Y,0,,A,PU,_Z,2,,,False,WB_WDI,WB_WDI_SP_POP_TOTL,JOR,_T,_T,_T,_Z,_Z,_Z,2022,A,PS,
20034609,P1Y,0,,A,PU,_Z,2,,,False,WB_WDI,WB_WDI_SP_POP_TOTL,KAZ,_T,_T,_T,_Z,_Z,_Z,2022,A,PS,
54252461,P1Y,0,,A,PU,_Z,2,,,False,WB_WDI,WB_WDI_SP_POP_TOTL,KEN,_T,_T,_T,_Z,_Z,_Z,2022,A,PS,
130469,P1Y,0,,A,PU,_Z,2,,,False,WB_WDI,WB_WDI_SP_POP_TOTL,KIR,_T,_T,_T,_Z,_Z,_Z,2022,A,PS,
26328845,P1Y,0,,A,PU,_Z,2,,,False,WB_WDI,WB_WDI_SP_POP_TOTL,PRK,_T,_T,_T,_Z,_Z,_Z,2022,A,PS,
51672569,P1Y,0,,A,PU,_Z,2,,,False,WB_WDI,WB_WDI_SP_POP_TOTL,KOR,_T,_T,_T,_Z,_Z,_Z,2022,A,PS,
1768096,P1Y,0,,A,PU,_Z,2,,,False,WB_WDI,WB_WDI_SP_POP_TOTL,XKX,_T,_T,_T,_Z,_Z,_Z,2022,A,PS,
4589643,P1Y,0,,A,PU,_Z,2,,,False,WB_WDI,WB_WDI_SP_POP_TOTL,KWT,_T,_T,_T,_Z,_Z,_Z,2022,A,PS,
6975220,P1Y,0,,A,PU,_Z,2,,,False,WB_WDI,WB_WDI_SP_POP_TOTL,KGZ,_T,_T,_T,_Z,_Z,_Z,2022,A,PS,
7559007,P1Y,0,,A,PU,_Z,2,,,False,WB_WDI,WB_WDI_SP_POP_TOTL,LAO,_T,_T,_T,_Z,_Z,_Z,2022,A,PS,
1879383,P1Y,0,,A,PU,_Z,2,,,False,WB_WDI,WB_WDI_SP_POP_TOTL,LVA,_T,_T,_T,_Z,_Z,_Z,2022,A,PS,
5744489,P1Y,0,,A,PU,_Z,2,,,False,WB_WDI,WB_WDI_SP_POP_TOTL,LBN,_T,_T,_T,_Z,_Z,_Z,2022,A,PS,
2286110,P1Y,0,,A,PU,_Z,2,,,False,WB_WDI,WB_WDI_SP_POP_TOTL,LSO,_T,_T,_T,_Z,_Z,_Z,2022,A,PS,
840909,P1Y,0,,A,PU,_Z,2,,,False,WB_WDI,WB_WDI_SP_POP_TOTL,FJI,_T,_T,_T,_Z,_Z,_Z,2000,A,PS,
5176209,P1Y,0,,A,PU,_Z,2,,,False,WB_WDI,WB_WDI_SP_POP_TOTL,FIN,_T,_T,_T,_Z,_Z,_Z,2000,A,PS,
60918661,P1Y,0,,A,PU,_Z,2,,,False,WB_WDI,WB_WDI_SP_POP_TOTL,FRA,_T,_T,_T,_Z,_Z,_Z,2000,A,PS,
240337,P1Y,0,,A,PU,_Z,2,,,False,WB_WDI,WB_WDI_SP_POP_TOTL,PYF,_T,_T,_T,_Z,_Z,_Z,2000,A,PS,
1275572,P1Y,0,,A,PU,_Z,2,,,False,WB_WDI,WB_WDI_SP_POP_TOTL,GAB,_T,_T,_T,_Z,_Z,_Z,2000,A,PS,
1455084,P1Y,0,,A,PU,_Z,2,,,False,WB_WDI,WB_WDI_SP_POP_TOTL,GMB,_T,_T,_T,_Z,_Z,_Z,2000,A,PS,
4077131,P1Y,0,,A,PU,_Z,2,,,False,WB_WDI,WB_WDI_SP_POP_TOTL,GEO,_T,_T,_T,_Z,_Z,_Z,2000,A,PS,
82211508,P1Y,0,,A,PU,_Z,2,,,False,WB_WDI,WB_WDI_SP_POP_TOTL,DEU,_T,_T,_T,_Z,_Z,_Z,2000,A,PS,
19637087,P1Y,0,,A,PU,_Z,2,,,False,WB_WDI,WB_WDI_SP_POP_TOTL,GHA,_T,_T,_T,_Z,_Z,_Z,2000,A,PS,
27709,P1Y,0,,A,PU,_Z,2,,,False,WB_WDI,WB_WDI_SP_POP_TOTL,GIB,_T,_T,_T,_Z,_Z,_Z,2000,A,PS,
10805808,P1Y,0,,A,PU,_Z,2,,,False,WB_WDI,WB_WDI_SP_POP_TOTL,GRC,_T,_T,_T,_Z,_Z,_Z,2000,A,PS,
56185,P1Y,0,,A,PU,_Z,2,,,False,WB_WDI,WB_WDI_SP_POP_TOTL,GRL,_T,_T,_T,_Z,_Z,_Z,2000,A,PS,
107451,P1Y,0,,A,PU,_Z,2,,,False,WB_WDI,WB_WDI_SP_POP_TOTL,GRD,_T,_T,_T,_Z,_Z,_Z,2000,A,PS,
160065,P1Y,0,,A,PU,_Z,2,,,False,WB_WDI,WB_WDI_SP_POP_TOTL,GUM,_T,_T,_T,_Z,_Z,_Z,2000,A,PS,
11697592,P1Y,0,,A,PU,_Z,2,,,False,WB_WDI,WB_WDI_SP_POP_TOTL,GTM,_T,_T,_T,_Z,_Z,_Z,2000,A,PS,
483080,P1Y,0,,A,PU,_Z,2,,,False,WB_WDI,WB_WDI_SP_POP_TOTL,SLB,_T,_T,_T,_Z,_Z,_Z,2005,A,PS,
10644228,P1Y,0,,A,PU,_Z,2,,,False,WB_WDI,WB_WDI_SP_POP_TOTL,SOM,_T,_T,_T,_Z,_Z,_Z,2005,A,PS,
49490033,P1Y,0,,A,PU,_Z,2,,,False,WB_WDI,WB_WDI_SP_POP_TOTL,ZAF,_T,_T,_T,_Z,_Z,_Z,2005,A,PS,
7590143,P1Y,0,,A,PU,_Z,2,,,False,WB_WDI,WB_WDI_SP_POP_TOTL,SSD,_T,_T,_T,_Z,_Z,_Z,2005,A,PS,
43653155,P1Y,0,,A,PU,_Z,2,,,False,WB_WDI,WB_WDI_SP_POP_TOTL,ESP,_T,_T,_T,_Z,_Z,_Z,2005,A,PS,
20216524,P1Y,0,,A,PU,_Z,2,,,False,WB_WDI,WB_WDI_SP_POP_TOTL,LKA,_T,_T,_T,_Z,_Z,_Z,2005,A,PS,
46437,P1Y,0,,A,PU,_Z,2,,,False,WB_WDI,WB_WDI_SP_POP_TOTL,KNA,_T,_T,_T,_Z,_Z,_Z,2005,A,PS,
165450,P1Y,0,,A,PU,_Z,2,,,False,WB_WDI,WB_WDI_SP_POP_TOTL,LCA,_T,_T,_T,_Z,_Z,_Z,2005,A,PS,
33928,P1Y,0,,A,PU,_Z,2,,,False,WB_WDI,WB_WDI_SP_POP_TOTL,MAF,_T,_T,_T,_Z,_Z,_Z,2005,A,PS,
112450,P1Y,0,,A,PU,_Z,2,,,False,WB_WDI,WB_WDI_SP_POP_TOTL,VCT,_T,_T,_T,_Z,_Z,_Z,2005,A,PS,
31262444,P1Y,0,,A,PU,_Z,2,,,False,WB_WDI,WB_WDI_SP_POP_TOTL,SDN,_T,_T,_T,_Z,_Z,_Z,2005,A,PS,
519313,P1Y,0,,A,PU,_Z,2,,,False,WB_WDI,WB_WDI_SP_POP_TOTL,SUR,_T,_T,_T,_Z,_Z,_Z,2005,A,PS,
9029572,P1Y,0,,A,PU,_Z,2,,,False,WB_WDI,WB_WDI_SP_POP_TOTL,SWE,_T,_T,_T,_Z,_Z,_Z,2005,A,PS,
7437115,P1Y,0,,A,PU,_Z,2,,,False,WB_WDI,WB_WDI_SP_POP_TOTL,CHE,_T,_T,_T,_Z,_Z,_Z,2005,A,PS,
31897584,P1Y,0,,A,PU,_Z,2,,,False,WB_WDI,WB_WDI_SP_POP_TOTL,PER,_T,_T,_T,_Z,_Z,_Z,2018,A,PS,
109465287,P1Y,0,,A,PU,_Z,2,,,False,WB_WDI,WB_WDI_SP_POP_TOTL,PHL,_T,_T,_T,_Z,_Z,_Z,2018,A,PS,
37974750,P1Y,0,,A,PU,_Z,2,,,False,WB_WDI,WB_WDI_SP_POP_TOTL,POL,_T,_T,_T,_Z,_Z,_Z,2018,A,PS,
10283822,P1Y,0,,A,PU,_Z,2,,,False,WB_WDI,WB_WDI_SP_POP_TOTL,PRT,_T,_T,_T,_Z,_Z,_Z,2018,A,PS,
3290690,P1Y,0,,A,PU,_Z,2,,,False,WB_WDI,WB_WDI_SP_POP_TOTL,PRI,_T,_T,_T,_Z,_Z,_Z,2018,A,PS,
2580734,P1Y,0,,A,PU,_Z,2,,,False,WB_WDI,WB_WDI_SP_POP_TOTL,QAT,_T,_T,_T,_Z,_Z,_Z,2018,A,PS,
19473970,P1Y,0,,A,PU,_Z,2,,,False,WB_WDI,WB_WDI_SP_POP_TOTL,ROU,_T,_T,_T,_Z,_Z,_Z,2018,A,PS,
145398106,P1Y,0,,A,PU,_Z,2,,,False,WB_WDI,WB_WDI_SP_POP_TOTL,RUS,_T,_T,_T,_Z,_Z,_Z,2018,A,PS,
12487996,P1Y,0,,A,PU,_Z,2,,,False,WB_WDI,WB_WDI_SP_POP_TOTL,RWA,_T,_T,_T,_Z,_Z,_Z,2018,A,PS,
207582,P1Y,0,,A,PU,_Z,2,,,False,WB_WDI,WB_WDI_SP_POP_TOTL,WSM,_T,_T,_T,_Z,_Z,_Z,2018,A,PS,
34522,P1Y,0,,A,PU,_Z,2,,,False,WB_WDI,WB_WDI_SP_POP_TOTL,SMR,_T,_T,_T,_Z,_Z,_Z,2018,A,PS,
394675,P1Y,0,,A,PU,_Z,2,,,False,WB_WDI,WB_WDI_SP_POP_TOTL,BHS,_T,_T,_T,_Z,_Z,_Z,2019,A,PS,
1483756,P1Y,0,,A,PU,_Z,2,,,False,WB_WDI,WB_WDI_SP_POP_TOTL,BHR,_T,_T,_T,_Z,_Z,_Z,2019,A,PS,
164913055,P1Y,0,,A,PU,_Z,2,,,False,WB_WDI,WB_WDI_SP_POP_TOTL,BGD,_T,_T,_T,_Z,_Z,_Z,2019,A,PS,
281207,P1Y,0,,A,PU,_Z,2,,,False,WB_WDI,WB_WDI_SP_POP_TOTL,BRB,_T,_T,_T,_Z,_Z,_Z,2019,A,PS,
9419758,P1Y,0,,A,PU,_Z,2,,,False,WB_WDI,WB_WDI_SP_POP_TOTL,BLR,_T,_T,_T,_Z,_Z,_Z,2019,A,PS,
11488980,P1Y,0,,A,PU,_Z,2,,,False,WB_WDI,WB_WDI_SP_POP_TOTL,BEL,_T,_T,_T,_Z,_Z,_Z,2019,A,PS,
385829,P1Y,0,,A,PU,_Z,2,,,False,WB_WDI,WB_WDI_SP_POP_TOTL,BLZ,_T,_T,_T,_Z,_Z,_Z,2019,A,PS,
12726755,P1Y,0,,A,PU,_Z,2,,,False,WB_WDI,WB_WDI_SP_POP_TOTL,BEN,_T,_T,_T,_Z,_Z,_Z,2019,A,PS,
64107,P1Y,0,,A,PU,_Z,2,,,False,WB_WDI,WB_WDI_SP_POP_TOTL,BMU,_T,_T,_T,_Z,_Z,_Z,2019,A,PS,
764824,P1Y,0,,A,PU,_Z,2,,,False,WB_WDI,WB_WDI_SP_POP_TOTL,BTN,_T,_T,_T,_Z,_Z,_Z,2019,A,PS,
11671386,P1Y,0,,A,PU,_Z,2,,,False,WB_WDI,WB_WDI_SP_POP_TOTL,BOL,_T,_T,_T,_Z,_Z,_Z,2019,A,PS,
997426231,P1Y,0,,A,PU,_Z,2,,,False,WB_WDI,WB_WDI_SP_POP_TOTL,SSF,_T,_T,_T,_Z,_Z,_Z,2014,A,PS,
997334872,P1Y,0,,A,PU,_Z,2,,,False,WB_WDI,WB_WDI_SP_POP_TOTL,SSA,_T,_T,_T,_Z,_Z,_Z,2014,A,PS,
997426231,P1Y,0,,A,PU,_Z,2,,,False,WB_WDI,WB_WDI_SP_POP_TOTL,TSS,_T,_T,_T,_Z,_Z,_Z,2014,A,PS,
2890794270,P1Y,0,,A,PU,_Z,2,,,False,WB_WDI,WB_WDI_SP_POP_TOTL,UMC,_T,_T,_T,_Z,_Z,_Z,2014,A,PS,
7353532223,P1Y,0,,A,PU,_Z,2,,,False,WB_WDI,WB_WDI_SP_POP_TOTL,WLD,_T,_T,_T,_Z,_Z,_Z,2014,A,PS,
32792523,P1Y,0,,A,PU,_Z,2,,,False,WB_WDI,WB_WDI_SP_POP_TOTL,AFG,_T,_T,_T,_Z,_Z,_Z,2014,A,PS,
2773767,P1Y,0,,A,PU,_Z,2,,,False,WB_WDI,WB_WDI_SP_POP_TOTL,ALB,_T,_T,_T,_Z,_Z,_Z,2014,A,PS,
39205031,P1Y,0,,A,PU,_Z,2,,,False,WB_WDI,WB_WDI_SP_POP_TOTL,DZA,_T,_T,_T,_Z,_Z,_Z,2014,A,PS,
53466,P1Y,0,,A,PU,_Z,2,,,False,WB_WDI,WB_WDI_SP_POP_TOTL,ASM,_T,_T,_T,_Z,_Z,_Z,2014,A,PS,
73737,P1Y,0,,A,PU,_Z,2,,,False,WB_WDI,WB_WDI_SP_POP_TOTL,AND,_T,_T,_T,_Z,_Z,_Z,2014,A,PS,
27160769,P1Y,0,,A,PU,_Z,2,,,False,WB_WDI,WB_WDI_SP_POP_TOTL,AGO,_T,_T,_T,_Z,_Z,_Z,2014,A,PS,
88765,P1Y,0,,A,PU,_Z,2,,,False,WB_WDI,WB_WDI_SP_POP_TOTL,ATG,_T,_T,_T,_Z,_Z,_Z,2014,A,PS,
45226803,P1Y,0,,A,PU,_Z,2,,,False,WB_WDI,WB_WDI_SP_POP_TOTL,ESP,_T,_T,_T,_Z,_Z,_Z,2007,A,PS,
20492545,P1Y,0,,A,PU,_Z,2,,,False,WB_WDI,WB_WDI_SP_POP_TOTL,LKA,_T,_T,_T,_Z,_Z,_Z,2007,A,PS,
46706,P1Y,0,,A,PU,_Z,2,,,False,WB_WDI,WB_WDI_SP_POP_TOTL,KNA,_T,_T,_T,_Z,_Z,_Z,2007,A,PS,
167758,P1Y,0,,A,PU,_Z,2,,,False,WB_WDI,WB_WDI_SP_POP_TOTL,LCA,_T,_T,_T,_Z,_Z,_Z,2007,A,PS,
35337,P1Y,0,,A,PU,_Z,2,,,False,WB_WDI,WB_WDI_SP_POP_TOTL,MAF,_T,_T,_T,_Z,_Z,_Z,2007,A,PS,
111531,P1Y,0,,A,PU,_Z,2,,,False,WB_WDI,WB_WDI_SP_POP_TOTL,VCT,_T,_T,_T,_Z,_Z,_Z,2007,A,PS,
32764135,P1Y,0,,A,PU,_Z,2,,,False,WB_WDI,WB_WDI_SP_POP_TOTL,SDN,_T,_T,_T,_Z,_Z,_Z,2007,A,PS,
531016,P1Y,0,,A,PU,_Z,2,,,False,WB_WDI,WB_WDI_SP_POP_TOTL,SUR,_T,_T,_T,_Z,_Z,_Z,2007,A,PS,
9148092,P1Y,0,,A,PU,_Z,2,,,False,WB_WDI,WB_WDI_SP_POP_TOTL,SWE,_T,_T,_T,_Z,_Z,_Z,2007,A,PS,
7551117,P1Y,0,,A,PU,_Z,2,,,False,WB_WDI,WB_WDI_SP_POP_TOTL,CHE,_T,_T,_T,_Z,_Z,_Z,2007,A,PS,
20884125,P1Y,0,,A,PU,_Z,2,,,False,WB_WDI,WB_WDI_SP_POP_TOTL,SYR,_T,_T,_T,_Z,_Z,_Z,2007,A,PS,
7194477,P1Y,0,,A,PU,_Z,2,,,False,WB_WDI,WB_WDI_SP_POP_TOTL,TJK,_T,_T,_T,_Z,_Z,_Z,2007,A,PS,
41435512,P1Y,0,,A,PU,_Z,2,,,False,WB_WDI,WB_WDI_SP_POP_TOTL,TZA,_T,_T,_T,_Z,_Z,_Z,2007,A,PS,
818174,P1Y,0,,A,PU,_Z,2,,,False,WB_WDI,WB_WDI_SP_POP_TOTL,COM,_T,_T,_T,_Z,_Z,_Z,2021,A,PS,
99148932,P1Y,0,,A,PU,_Z,2,,,False,WB_WDI,WB_WDI_SP_POP_TOTL,COD,_T,_T,_T,_Z,_Z,_Z,2021,A,PS,
5892183,P1Y,0,,A,PU,_Z,2,,,False,WB_WDI,WB_WDI_SP_POP_TOTL,COG,_T,_T,_T,_Z,_Z,_Z,2021,A,PS,
5059988,P1Y,0,,A,PU,_Z,2,,,False,WB_WDI,WB_WDI_SP_POP_TOTL,CRI,_T,_T,_T,_Z,_Z,_Z,2021,A,PS,
29639736,P1Y,0,,A,PU,_Z,2,,,False,WB_WDI,WB_WDI_SP_POP_TOTL,CIV,_T,_T,_T,_Z,_Z,_Z,2021,A,PS,
3878981,P1Y,0,,A,PU,_Z,2,,,False,WB_WDI,WB_WDI_SP_POP_TOTL,HRV,_T,_T,_T,_Z,_Z,_Z,2021,A,PS,
11122168,P1Y,0,,A,PU,_Z,2,,,False,WB_WDI,WB_WDI_SP_POP_TOTL,CUB,_T,_T,_T,_Z,_Z,_Z,2021,A,PS,
153948,P1Y,0,,A,PU,_Z,2,,,False,WB_WDI,WB_WDI_SP_POP_TOTL,CUW,_T,_T,_T,_Z,_Z,_Z,2021,A,PS,
1317309,P1Y,0,,A,PU,_Z,2,,,False,WB_WDI,WB_WDI_SP_POP_TOTL,CYP,_T,_T,_T,_Z,_Z,_Z,2021,A,PS,
10505772,P1Y,0,,A,PU,_Z,2,,,False,WB_WDI,WB_WDI_SP_POP_TOTL,CZE,_T,_T,_T,_Z,_Z,_Z,2021,A,PS,
5856733,P1Y,0,,A,PU,_Z,2,,,False,WB_WDI,WB_WDI_SP_POP_TOTL,DNK,_T,_T,_T,_Z,_Z,_Z,2021,A,PS,
1121248,P1Y,0,,A,PU,_Z,2,,,False,WB_WDI,WB_WDI_SP_POP_TOTL,DJI,_T,_T,_T,_Z,_Z,_Z,2021,A,PS,
19352,P1Y,0,,A,PU,_Z,2,,,False,WB_WDI,WB_WDI_SP_POP_TOTL,PLW,_T,_T,_T,_Z,_Z,_Z,2001,A,PS,
3069537,P1Y,0,,A,PU,_Z,2,,,False,WB_WDI,WB_WDI_SP_POP_TOTL,PAN,_T,_T,_T,_Z,_Z,_Z,2001,A,PS,
5728435,P1Y,0,,A,PU,_Z,2,,,False,WB_WDI,WB_WDI_SP_POP_TOTL,PNG,_T,_T,_T,_Z,_Z,_Z,2001,A,PS,
5187689,P1Y,0,,A,PU,_Z,2,,,False,WB_WDI,WB_WDI_SP_POP_TOTL,PRY,_T,_T,_T,_Z,_Z,_Z,2001,A,PS,
26964601,P1Y,0,,A,PU,_Z,2,,,False,WB_WDI,WB_WDI_SP_POP_TOTL,PER,_T,_T,_T,_Z,_Z,_Z,2001,A,PS,
81401488,P1Y,0,,A,PU,_Z,2,,,False,WB_WDI,WB_WDI_SP_POP_TOTL,PHL,_T,_T,_T,_Z,_Z,_Z,2001,A,PS,
38248076,P1Y,0,,A,PU,_Z,2,,,False,WB_WDI,WB_WDI_SP_POP_TOTL,POL,_T,_T,_T,_Z,_Z,_Z,2001,A,PS,
10362722,P1Y,0,,A,PU,_Z,2,,,False,WB_WDI,WB_WDI_SP_POP_TOTL,PRT,_T,_T,_T,_Z,_Z,_Z,2001,A,PS,
3818774,P1Y,0,,A,PU,_Z,2,,,False,WB_WDI,WB_WDI_SP_POP_TOTL,PRI,_T,_T,_T,_Z,_Z,_Z,2001,A,PS,
677925,P1Y,0,,A,PU,_Z,2,,,False,WB_WDI,WB_WDI_SP_POP_TOTL,QAT,_T,_T,_T,_Z,_Z,_Z,2001,A,PS,
22131970,P1Y,0,,A,PU,_Z,2,,,False,WB_WDI,WB_WDI_SP_POP_TOTL,ROU,_T,_T,_T,_Z,_Z,_Z,2001,A,PS,
145976482,P1Y,0,,A,PU,_Z,2,,,False,WB_WDI,WB_WDI_SP_POP_TOTL,RUS,_T,_T,_T,_Z,_Z,_Z,2001,A,PS,
1648009565,P1Y,0,,A,PU,_Z,2,,,False,WB_WDI,WB_WDI_SP_POP_TOTL,TSA,_T,_T,_T,_Z,_Z,_Z,2022,A,PS,
1228187451,P1Y,0,,A,PU,_Z,2,,,False,WB_WDI,WB_WDI_SP_POP_TOTL,SSF,_T,_T,_T,_Z,_Z,_Z,2022,A,PS,
1228067573,P1Y,0,,A,PU,_Z,2,,,False,WB_WDI,WB_WDI_SP_POP_TOTL,SSA,_T,_T,_T,_Z,_Z,_Z,2022,A,PS,
1228187451,P1Y,0,,A,PU,_Z,2,,,False,WB_WDI,WB_WDI_SP_POP_TOTL,TSS,_T,_T,_T,_Z,_Z,_Z,2022,A,PS,
3050300704,P1Y,0,,A,PU,_Z,2,,,False,WB_WDI,WB_WDI_SP_POP_TOTL,UMC,_T,_T,_T,_Z,_Z,_Z,2022,A,PS,
7988550201,P1Y,0,,A,PU,_Z,2,,,False,WB_WDI,WB_WDI_SP_POP_TOTL,WLD,_T,_T,_T,_Z,_Z,_Z,2022,A,PS,
40578842,P1Y,0,,A,PU,_Z,2,,,False,WB_WDI,WB_WDI_SP_POP_TOTL,AFG,_T,_T,_T,_Z,_Z,_Z,2022,A,PS,
2451636,P1Y,0,,A,PU,_Z,2,,,False,WB_WDI,WB_WDI_SP_POP_TOTL,ALB,_T,_T,_T,_Z,_Z,_Z,2022,A,PS,
45477389,P1Y,0,,A,PU,_Z,2,,,False,WB_WDI,WB_WDI_SP_POP_TOTL,DZA,_T,_T,_T,_Z,_Z,_Z,2022,A,PS,
48342,P1Y,0,,A,PU,_Z,2,,,False,WB_WDI,WB_WDI_SP_POP_TOTL,ASM,_T,_T,_T,_Z,_Z,_Z,2022,A,PS,
79705,P1Y,0,,A,PU,_Z,2,,,False,WB_WDI,WB_WDI_SP_POP_TOTL,AND,_T,_T,_T,_Z,_Z,_Z,2022,A,PS,
35635029,P1Y,0,,A,PU,_Z,2,,,False,WB_WDI,WB_WDI_SP_POP_TOTL,AGO,_T,_T,_T,_Z,_Z,_Z,2022,A,PS,
92840,P1Y,0,,A,PU,_Z,2,,,False,WB_WDI,WB_WDI_SP_POP_TOTL,ATG,_T,_T,_T,_Z,_Z,_Z,2022,A,PS,
45407904,P1Y,0,,A,PU,_Z,2,,,False,WB_WDI,WB_WDI_SP_POP_TOTL,ARG,_T,_T,_T,_Z,_Z,_Z,2022,A,PS,
48800,P1Y,0,,A,PU,_Z,2,,,False,WB_WDI,WB_WDI_SP_POP_TOTL,MHL,_T,_T,_T,_Z,_Z,_Z,2015,A,PS,
3965959,P1Y,0,,A,PU,_Z,2,,,False,WB_WDI,WB_WDI_SP_POP_TOTL,MRT,_T,_T,_T,_Z,_Z,_Z,2015,A,PS,
1262879,P1Y,0,,A,PU,_Z,2,,,False,WB_WDI,WB_WDI_SP_POP_TOTL,MUS,_T,_T,_T,_Z,_Z,_Z,2015,A,PS,
121072306,P1Y,0,,A,PU,_Z,2,,,False,WB_WDI,WB_WDI_SP_POP_TOTL,MEX,_T,_T,_T,_Z,_Z,_Z,2015,A,PS,
108716,P1Y,0,,A,PU,_Z,2,,,False,WB_WDI,WB_WDI_SP_POP_TOTL,FSM,_T,_T,_T,_Z,_Z,_Z,2015,A,PS,
2835978,P1Y,0,,A,PU,_Z,2,,,False,WB_WDI,WB_WDI_SP_POP_TOTL,MDA,_T,_T,_T,_Z,_Z,_Z,2015,A,PS,
36757,P1Y,0,,A,PU,_Z,2,,,False,WB_WDI,WB_WDI_SP_POP_TOTL,MCO,_T,_T,_T,_Z,_Z,_Z,2015,A,PS,
3026864,P1Y,0,,A,PU,_Z,2,,,False,WB_WDI,WB_WDI_SP_POP_TOTL,MNG,_T,_T,_T,_Z,_Z,_Z,2015,A,PS,
624651,P1Y,0,,A,PU,_Z,2,,,False,WB_WDI,WB_WDI_SP_POP_TOTL,MNE,_T,_T,_T,_Z,_Z,_Z,2015,A,PS,
34607588,P1Y,0,,A,PU,_Z,2,,,False,WB_WDI,WB_WDI_SP_POP_TOTL,MAR,_T,_T,_T,_Z,_Z,_Z,2015,A,PS,
26547572,P1Y,0,,A,PU,_Z,2,,,False,WB_WDI,WB_WDI_SP_POP_TOTL,MOZ,_T,_T,_T,_Z,_Z,_Z,2015,A,PS,
8391850,P1Y,0,,A,PU,_Z,2,,,False,WB_WDI,WB_WDI_SP_POP_TOTL,AZE,_T,_T,_T,_Z,_Z,_Z,2005,A,PS,
343894,P1Y,0,,A,PU,_Z,2,,,False,WB_WDI,WB_WDI_SP_POP_TOTL,BHS,_T,_T,_T,_Z,_Z,_Z,2005,A,PS,
888822,P1Y,0,,A,PU,_Z,2,,,False,WB_WDI,WB_WDI_SP_POP_TOTL,BHR,_T,_T,_T,_Z,_Z,_Z,2005,A,PS,
144715786,P1Y,0,,A,PU,_Z,2,,,False,WB_WDI,WB_WDI_SP_POP_TOTL,BGD,_T,_T,_T,_Z,_Z,_Z,2005,A,PS,
268706,P1Y,0,,A,PU,_Z,2,,,False,WB_WDI,WB_WDI_SP_POP_TOTL,BRB,_T,_T,_T,_Z,_Z,_Z,2005,A,PS,
9663915,P1Y,0,,A,PU,_Z,2,,,False,WB_WDI,WB_WDI_SP_POP_TOTL,BLR,_T,_T,_T,_Z,_Z,_Z,2005,A,PS,
10478617,P1Y,0,,A,PU,_Z,2,,,False,WB_WDI,WB_WDI_SP_POP_TOTL,BEL,_T,_T,_T,_Z,_Z,_Z,2005,A,PS,
279731,P1Y,0,,A,PU,_Z,2,,,False,WB_WDI,WB_WDI_SP_POP_TOTL,BLZ,_T,_T,_T,_Z,_Z,_Z,2005,A,PS,
8426144,P1Y,0,,A,PU,_Z,2,,,False,WB_WDI,WB_WDI_SP_POP_TOTL,BEN,_T,_T,_T,_Z,_Z,_Z,2005,A,PS,
62711,P1Y,0,,A,PU,_Z,2,,,False,WB_WDI,WB_WDI_SP_POP_TOTL,BMU,_T,_T,_T,_Z,_Z,_Z,2005,A,PS,
661865,P1Y,0,,A,PU,_Z,2,,,False,WB_WDI,WB_WDI_SP_POP_TOTL,BTN,_T,_T,_T,_Z,_Z,_Z,2005,A,PS,
9360754,P1Y,0,,A,PU,_Z,2,,,False,WB_WDI,WB_WDI_SP_POP_TOTL,BOL,_T,_T,_T,_Z,_Z,_Z,2005,A,PS,
450228188,P1Y,0,,A,PU,_Z,2,,,False,WB_WDI,WB_WDI_SP_POP_TOTL,EUU,_T,_T,_T,_Z,_Z,_Z,2024,A,PS,
940304348,P1Y,0,,A,PU,_Z,2,,,False,WB_WDI,WB_WDI_SP_POP_TOTL,HPC,_T,_T,_T,_Z,_Z,_Z,2024,A,PS,
1417926222,P1Y,0,,A,PU,_Z,2,,,False,WB_WDI,WB_WDI_SP_POP_TOTL,HIC,_T,_T,_T,_Z,_Z,_Z,2024,A,PS,
4979670326,P1Y,0,,A,PU,_Z,2,,,False,WB_WDI,WB_WDI_SP_POP_TOTL,IBD,_T,_T,_T,_Z,_Z,_Z,2024,A,PS,
6925362193,P1Y,0,,A,PU,_Z,2,,,False,WB_WDI,WB_WDI_SP_POP_TOTL,IBT,_T,_T,_T,_Z,_Z,_Z,2024,A,PS,
676957651,P1Y,0,,A,PU,_Z,2,,,False,WB_WDI,WB_WDI_SP_POP_TOTL,IDB,_T,_T,_T,_Z,_Z,_Z,2024,A,PS,
1268734216,P1Y,0,,A,PU,_Z,2,,,False,WB_WDI,WB_WDI_SP_POP_TOTL,IDX,_T,_T,_T,_Z,_Z,_Z,2024,A,PS,
1945691867,P1Y,0,,A,PU,_Z,2,,,False,WB_WDI,WB_WDI_SP_POP_TOTL,IDA,_T,_T,_T,_Z,_Z,_Z,2024,A,PS,
2328876323,P1Y,0,,A,PU,_Z,2,,,False,WB_WDI,WB_WDI_SP_POP_TOTL,LTE,_T,_T,_T,_Z,_Z,_Z,2024,A,PS,
662185614,P1Y,0,,A,PU,_Z,2,,,False,WB_WDI,WB_WDI_SP_POP_TOTL,LCN,_T,_T,_T,_Z,_Z,_Z,2024,A,PS,
622564181,P1Y,0,,A,PU,_Z,2,,,False,WB_WDI,WB_WDI_SP_POP_TOTL,LAC,_T,_T,_T,_Z,_Z,_Z,2024,A,PS,
647003746,P1Y,0,,A,PU,_Z,2,,,False,WB_WDI,WB_WDI_SP_POP_TOTL,TLA,_T,_T,_T,_Z,_Z,_Z,2024,A,PS,
1186668913,P1Y,0,,A,PU,_Z,2,,,False,WB_WDI,WB_WDI_SP_POP_TOTL,LDC,_T,_T,_T,_Z,_Z,_Z,2024,A,PS,
6722971301,P1Y,0,,A,PU,_Z,2,,,False,WB_WDI,WB_WDI_SP_POP_TOTL,LMY,_T,_T,_T,_Z,_Z,_Z,2024,A,PS,
747152629,P1Y,0,,A,PU,_Z,2,,,False,WB_WDI,WB_WDI_SP_POP_TOTL,LIC,_T,_T,_T,_Z,_Z,_Z,2024,A,PS,
2907379621,P1Y,0,,A,PU,_Z,2,,,False,WB_WDI,WB_WDI_SP_POP_TOTL,LMC,_T,_T,_T,_Z,_Z,_Z,2024,A,PS,
813173936,P1Y,0,,A,PU,_Z,2,,,False,WB_WDI,WB_WDI_SP_POP_TOTL,MEA,_T,_T,_T,_Z,_Z,_Z,2024,A,PS,
741690916,P1Y,0,,A,PU,_Z,2,,,False,WB_WDI,WB_WDI_SP_POP_TOTL,MNA,_T,_T,_T,_Z,_Z,_Z,2024,A,PS,
736401764,P1Y,0,,A,PU,_Z,2,,,False,WB_WDI,WB_WDI_SP_POP_TOTL,TMN,_T,_T,_T,_Z,_Z,_Z,2024,A,PS,
100987686,P1Y,0,,A,PU,_Z,2,,,False,WB_WDI,WB_WDI_SP_POP_TOTL,VNM,_T,_T,_T,_Z,_Z,_Z,2024,A,PS,
104377,P1Y,0,,A,PU,_Z,2,,,False,WB_WDI,WB_WDI_SP_POP_TOTL,VIR,_T,_T,_T,_Z,_Z,_Z,2024,A,PS,
5289152,P1Y,0,,A,PU,_Z,2,,,False,WB_WDI,WB_WDI_SP_POP_TOTL,PSE,_T,_T,_T,_Z,_Z,_Z,2024,A,PS,
40583164,P1Y,0,,A,PU,_Z,2,,,False,WB_WDI,WB_WDI_SP_POP_TOTL,YEM,_T,_T,_T,_Z,_Z,_Z,2024,A,PS,
21314956,P1Y,0,,A,PU,_Z,2,,,False,WB_WDI,WB_WDI_SP_POP_TOTL,ZMB,_T,_T,_T,_Z,_Z,_Z,2024,A,PS,
16634373,P1Y,0,,A,PU,_Z,2,,,False,WB_WDI,WB_WDI_SP_POP_TOTL,ZWE,_T,_T,_T,_Z,_Z,_Z,2024,A,PS,
6916140,P1Y,0,,A,PU,_Z,2,,,False,WB_WDI,WB_WDI_SP_POP_TOTL,NIC,_T,_T,_T,_Z,_Z,_Z,2024,A,PS,
27032412,P1Y,0,,A,PU,_Z,2,,,False,WB_WDI,WB_WDI_SP_POP_TOTL,NER,_T,_T,_T,_Z,_Z,_Z,2024,A,PS,
232679478,P1Y,0,,A,PU,_Z,2,,,False,WB_WDI,WB_WDI_SP_POP_TOTL,NGA,_T,_T,_T,_Z,_Z,_Z,2024,A,PS,
1824359,P1Y,0,,A,PU,_Z,2,,,False,WB_WDI,WB_WDI_SP_POP_TOTL,MKD,_T,_T,_T,_Z,_Z,_Z,2024,A,PS,
44278,P1Y,0,,A,PU,_Z,2,,,False,WB_WDI,WB_WDI_SP_POP_TOTL,MNP,_T,_T,_T,_Z,_Z,_Z,2024,A,PS,
5572279,P1Y,0,,A,PU,_Z,2,,,False,WB_WDI,WB_WDI_SP_POP_TOTL,NOR,_T,_T,_T,_Z,_Z,_Z,2024,A,PS,
5281538,P1Y,0,,A,PU,_Z,2,,,False,WB_WDI,WB_WDI_SP_POP_TOTL,OMN,_T,_T,_T,_Z,_Z,_Z,2024,A,PS,
251269164,P1Y,0,,A,PU,_Z,2,,,False,WB_WDI,WB_WDI_SP_POP_TOTL,PAK,_T,_T,_T,_Z,_Z,_Z,2024,A,PS,
17695,P1Y,0,,A,PU,_Z,2,,,False,WB_WDI,WB_WDI_SP_POP_TOTL,PLW,_T,_T,_T,_Z,_Z,_Z,2024,A,PS,
4515577,P1Y,0,,A,PU,_Z,2,,,False,WB_WDI,WB_WDI_SP_POP_TOTL,PAN,_T,_T,_T,_Z,_Z,_Z,2024,A,PS,
10576502,P1Y,0,,A,PU,_Z,2,,,False,WB_WDI,WB_WDI_SP_POP_TOTL,PNG,_T,_T,_T,_Z,_Z,_Z,2024,A,PS,
6929153,P1Y,0,,A,PU,_Z,2,,,False,WB_WDI,WB_WDI_SP_POP_TOTL,PRY,_T,_T,_T,_Z,_Z,_Z,2024,A,PS,
34217848,P1Y,0,,A,PU,_Z,2,,,False,WB_WDI,WB_WDI_SP_POP_TOTL,PER,_T,_T,_T,_Z,_Z,_Z,2024,A,PS,
115843670,P1Y,0,,A,PU,_Z,2,,,False,WB_WDI,WB_WDI_SP_POP_TOTL,PHL,_T,_T,_T,_Z,_Z,_Z,2024,A,PS,
36559233,P1Y,0,,A,PU,_Z,2,,,False,WB_WDI,WB_WDI_SP_POP_TOTL,POL,_T,_T,_T,_Z,_Z,_Z,2024,A,PS,
10694681,P1Y,0,,A,PU,_Z,2,,,False,WB_WDI,WB_WDI_SP_POP_TOTL,PRT,_T,_T,_T,_Z,_Z,_Z,2024,A,PS,
791524,P1Y,0,,A,PU,_Z,2,,,False,WB_WDI,WB_WDI_SP_POP_TOTL,BTN,_T,_T,_T,_Z,_Z,_Z,2024,A,PS,
12413315,P1Y,0,,A,PU,_Z,2,,,False,WB_WDI,WB_WDI_SP_POP_TOTL,BOL,_T,_T,_T,_Z,_Z,_Z,2024,A,PS,
3164253,P1Y,0,,A,PU,_Z,2,,,False,WB_WDI,WB_WDI_SP_POP_TOTL,BIH,_T,_T,_T,_Z,_Z,_Z,2024,A,PS,
2521139,P1Y,0,,A,PU,_Z,2,,,False,WB_WDI,WB_WDI_SP_POP_TOTL,BWA,_T,_T,_T,_Z,_Z,_Z,2024,A,PS,
211998573,P1Y,0,,A,PU,_Z,2,,,False,WB_WDI,WB_WDI_SP_POP_TOTL,BRA,_T,_T,_T,_Z,_Z,_Z,2024,A,PS,
39471,P1Y,0,,A,PU,_Z,2,,,False,WB_WDI,WB_WDI_SP_POP_TOTL,VGB,_T,_T,_T,_Z,_Z,_Z,2024,A,PS,
462721,P1Y,0,,A,PU,_Z,2,,,False,WB_WDI,WB_WDI_SP_POP_TOTL,BRN,_T,_T,_T,_Z,_Z,_Z,2024,A,PS,
6441421,P1Y,0,,A,PU,_Z,2,,,False,WB_WDI,WB_WDI_SP_POP_TOTL,BGR,_T,_T,_T,_Z,_Z,_Z,2024,A,PS,
23548781,P1Y,0,,A,PU,_Z,2,,,False,WB_WDI,WB_WDI_SP_POP_TOTL,BFA,_T,_T,_T,_Z,_Z,_Z,2024,A,PS,
14047786,P1Y,0,,A,PU,_Z,2,,,False,WB_WDI,WB_WDI_SP_POP_TOTL,BDI,_T,_T,_T,_Z,_Z,_Z,2024,A,PS,
524877,P1Y,0,,A,PU,_Z,2,,,False,WB_WDI,WB_WDI_SP_POP_TOTL,CPV,_T,_T,_T,_Z,_Z,_Z,2024,A,PS,
17638801,P1Y,0,,A,PU,_Z,2,,,False,WB_WDI,WB_WDI_SP_POP_TOTL,KHM,_T,_T,_T,_Z,_Z,_Z,2024,A,PS,
29123744,P1Y,0,,A,PU,_Z,2,,,False,WB_WDI,WB_WDI_SP_POP_TOTL,CMR,_T,_T,_T,_Z,_Z,_Z,2024,A,PS,
41262329,P1Y,0,,A,PU,_Z,2,,,False,WB_WDI,WB_WDI_SP_POP_TOTL,CAN,_T,_T,_T,_Z,_Z,_Z,2024,A,PS,
74457,P1Y,0,,A,PU,_Z,2,,,False,WB_WDI,WB_WDI_SP_POP_TOTL,CYM,_T,_T,_T,_Z,_Z,_Z,2024,A,PS,
5330690,P1Y,0,,A,PU,_Z,2,,,False,WB_WDI,WB_WDI_SP_POP_TOTL,CAF,_T,_T,_T,_Z,_Z,_Z,2024,A,PS,
20299123,P1Y,0,,A,PU,_Z,2,,,False,WB_WDI,WB_WDI_SP_POP_TOTL,TCD,_T,_T,_T,_Z,_Z,_Z,2024,A,PS,
707776045,P1Y,0,,A,PU,_Z,2,,,False,WB_WDI,WB_WDI_SP_POP_TOTL,LIC,_T,_T,_T,_Z,_Z,_Z,2022,A,PS,
2832445640,P1Y,0,,A,PU,_Z,2,,,False,WB_WDI,WB_WDI_SP_POP_TOTL,LMC,_T,_T,_T,_Z,_Z,_Z,2022,A,PS,
782349366,P1Y,0,,A,PU,_Z,2,,,False,WB_WDI,WB_WDI_SP_POP_TOTL,MEA,_T,_T,_T,_Z,_Z,_Z,2022,A,PS,
716508657,P1Y,0,,A,PU,_Z,2,,,False,WB_WDI,WB_WDI_SP_POP_TOTL,MNA,_T,_T,_T,_Z,_Z,_Z,2022,A,PS,
711465045,P1Y,0,,A,PU,_Z,2,,,False,WB_WDI,WB_WDI_SP_POP_TOTL,TMN,_T,_T,_T,_Z,_Z,_Z,2022,A,PS,
5882746344,P1Y,0,,A,PU,_Z,2,,,False,WB_WDI,WB_WDI_SP_POP_TOTL,MIC,_T,_T,_T,_Z,_Z,_Z,2022,A,PS,
373011185,P1Y,0,,A,PU,_Z,2,,,False,WB_WDI,WB_WDI_SP_POP_TOTL,NAC,_T,_T,_T,_Z,_Z,_Z,2022,A,PS,
1378591781,P1Y,0,,A,PU,_Z,2,,,False,WB_WDI,WB_WDI_SP_POP_TOTL,OED,_T,_T,_T,_Z,_Z,_Z,2022,A,PS,
12699005,P1Y,0,,A,PU,_Z,2,,,False,WB_WDI,WB_WDI_SP_POP_TOTL,OSS,_T,_T,_T,_Z,_Z,_Z,2022,A,PS,
2656049,P1Y,0,,A,PU,_Z,2,,,False,WB_WDI,WB_WDI_SP_POP_TOTL,PSS,_T,_T,_T,_Z,_Z,_Z,2022,A,PS,
1117420833,P1Y,0,,A,PU,_Z,2,,,False,WB_WDI,WB_WDI_SP_POP_TOTL,PST,_T,_T,_T,_Z,_Z,_Z,2022,A,PS,
1050180429,P1Y,0,,A,PU,_Z,2,,,False,WB_WDI,WB_WDI_SP_POP_TOTL,PRE,_T,_T,_T,_Z,_Z,_Z,2022,A,PS,
19852364,P1Y,0,,A,PU,_Z,2,,,False,WB_WDI,WB_WDI_SP_POP_TOTL,SST,_T,_T,_T,_Z,_Z,_Z,2022,A,PS,
1648009565,P1Y,0,,A,PU,_Z,2,,,False,WB_WDI,WB_WDI_SP_POP_TOTL,SAS,_T,_T,_T,_Z,_Z,_Z,2022,A,PS,
819198,P1Y,0,,A,PU,_Z,2,,,False,WB_WDI,WB_WDI_SP_POP_TOTL,SLB,_T,_T,_T,_Z,_Z,_Z,2024,A,PS,
19009151,P1Y,0,,A,PU,_Z,2,,,False,WB_WDI,WB_WDI_SP_POP_TOTL,SOM,_T,_T,_T,_Z,_Z,_Z,2024,A,PS,
64007187,P1Y,0,,A,PU,_Z,2,,,False,WB_WDI,WB_WDI_SP_POP_TOTL,ZAF,_T,_T,_T,_Z,_Z,_Z,2024,A,PS,
11943408,P1Y,0,,A,PU,_Z,2,,,False,WB_WDI,WB_WDI_SP_POP_TOTL,SSD,_T,_T,_T,_Z,_Z,_Z,2024,A,PS,
48848840,P1Y,0,,A,PU,_Z,2,,,False,WB_WDI,WB_WDI_SP_POP_TOTL,ESP,_T,_T,_T,_Z,_Z,_Z,2024,A,PS,
21916000,P1Y,0,,A,PU,_Z,2,,,False,WB_WDI,WB_WDI_SP_POP_TOTL,LKA,_T,_T,_T,_Z,_Z,_Z,2024,A,PS,
46843,P1Y,0,,A,PU,_Z,2,,,False,WB_WDI,WB_WDI_SP_POP_TOTL,KNA,_T,_T,_T,_Z,_Z,_Z,2024,A,PS,
179744,P1Y,0,,A,PU,_Z,2,,,False,WB_WDI,WB_WDI_SP_POP_TOTL,LCA,_T,_T,_T,_Z,_Z,_Z,2024,A,PS,
26129,P1Y,0,,A,PU,_Z,2,,,False,WB_WDI,WB_WDI_SP_POP_TOTL,MAF,_T,_T,_T,_Z,_Z,_Z,2024,A,PS,
100616,P1Y,0,,A,PU,_Z,2,,,False,WB_WDI,WB_WDI_SP_POP_TOTL,VCT,_T,_T,_T,_Z,_Z,_Z,2024,A,PS,
50448963,P1Y,0,,A,PU,_Z,2,,,False,WB_WDI,WB_WDI_SP_POP_TOTL,SDN,_T,_T,_T,_Z,_Z,_Z,2024,A,PS,
634431,P1Y,0,,A,PU,_Z,2,,,False,WB_WDI,WB_WDI_SP_POP_TOTL,SUR,_T,_T,_T,_Z,_Z,_Z,2024,A,PS,
10569709,P1Y,0,,A,PU,_Z,2,,,False,WB_WDI,WB_WDI_SP_POP_TOTL,SWE,_T,_T,_T,_Z,_Z,_Z,2024,A,PS,
9005582,P1Y,0,,A,PU,_Z,2,,,False,WB_WDI,WB_WDI_SP_POP_TOTL,CHE,_T,_T,_T,_Z,_Z,_Z,2024,A,PS,
24672760,P1Y,0,,A,PU,_Z,2,,,False,WB_WDI,WB_WDI_SP_POP_TOTL,SYR,_T,_T,_T,_Z,_Z,_Z,2024,A,PS,
10590927,P1Y,0,,A,PU,_Z,2,,,False,WB_WDI,WB_WDI_SP_POP_TOTL,TJK,_T,_T,_T,_Z,_Z,_Z,2024,A,PS,
68560157,P1Y,0,,A,PU,_Z,2,,,False,WB_WDI,WB_WDI_SP_POP_TOTL,TZA,_T,_T,_T,_Z,_Z,_Z,2024,A,PS,
71668011,P1Y,0,,A,PU,_Z,2,,,False,WB_WDI,WB_WDI_SP_POP_TOTL,THA,_T,_T,_T,_Z,_Z,_Z,2024,A,PS,
1400638,P1Y,0,,A,PU,_Z,2,,,False,WB_WDI,WB_WDI_SP_POP_TOTL,TLS,_T,_T,_T,_Z,_Z,_Z,2024,A,PS,
589646039,P1Y,0,,A,PU,_Z,2,,,False,WB_WDI,WB_WDI_SP_POP_TOTL,MNA,_T,_T,_T,_Z,_Z,_Z,2011,A,PS,
585763053,P1Y,0,,A,PU,_Z,2,,,False,WB_WDI,WB_WDI_SP_POP_TOTL,TMN,_T,_T,_T,_Z,_Z,_Z,2011,A,PS,
5224254229,P1Y,0,,A,PU,_Z,2,,,False,WB_WDI,WB_WDI_SP_POP_TOTL,MIC,_T,_T,_T,_Z,_Z,_Z,2011,A,PS,
346242415,P1Y,0,,A,PU,_Z,2,,,False,WB_WDI,WB_WDI_SP_POP_TOTL,NAC,_T,_T,_T,_Z,_Z,_Z,2011,A,PS,
1299644689,P1Y,0,,A,PU,_Z,2,,,False,WB_WDI,WB_WDI_SP_POP_TOTL,OED,_T,_T,_T,_Z,_Z,_Z,2011,A,PS,
11226214,P1Y,0,,A,PU,_Z,2,,,False,WB_WDI,WB_WDI_SP_POP_TOTL,OSS,_T,_T,_T,_Z,_Z,_Z,2011,A,PS,
2320899,P1Y,0,,A,PU,_Z,2,,,False,WB_WDI,WB_WDI_SP_POP_TOTL,PSS,_T,_T,_T,_Z,_Z,_Z,2011,A,PS,
1079468050,P1Y,0,,A,PU,_Z,2,,,False,WB_WDI,WB_WDI_SP_POP_TOTL,PST,_T,_T,_T,_Z,_Z,_Z,2011,A,PS,
774151525,P1Y,0,,A,PU,_Z,2,,,False,WB_WDI,WB_WDI_SP_POP_TOTL,PRE,_T,_T,_T,_Z,_Z,_Z,2011,A,PS,
17748220,P1Y,0,,A,PU,_Z,2,,,False,WB_WDI,WB_WDI_SP_POP_TOTL,SST,_T,_T,_T,_Z,_Z,_Z,2011,A,PS,
1464372623,P1Y,0,,A,PU,_Z,2,,,False,WB_WDI,WB_WDI_SP_POP_TOTL,SAS,_T,_T,_T,_Z,_Z,_Z,2011,A,PS,
1464372623,P1Y,0,,A,PU,_Z,2,,,False,WB_WDI,WB_WDI_SP_POP_TOTL,TSA,_T,_T,_T,_Z,_Z,_Z,2011,A,PS,
919112234,P1Y,0,,A,PU,_Z,2,,,False,WB_WDI,WB_WDI_SP_POP_TOTL,SSF,_T,_T,_T,_Z,_Z,_Z,2011,A,PS,
919024793,P1Y,0,,A,PU,_Z,2,,,False,WB_WDI,WB_WDI_SP_POP_TOTL,SSA,_T,_T,_T,_Z,_Z,_Z,2011,A,PS,
601566988,P1Y,0,,A,PU,_Z,2,,,False,WB_WDI,WB_WDI_SP_POP_TOTL,MNA,_T,_T,_T,_Z,_Z,_Z,2012,A,PS,
597586990,P1Y,0,,A,PU,_Z,2,,,False,WB_WDI,WB_WDI_SP_POP_TOTL,TMN,_T,_T,_T,_Z,_Z,_Z,2012,A,PS,
5291702846,P1Y,0,,A,PU,_Z,2,,,False,WB_WDI,WB_WDI_SP_POP_TOTL,MIC,_T,_T,_T,_Z,_Z,_Z,2012,A,PS,
349116140,P1Y,0,,A,PU,_Z,2,,,False,WB_WDI,WB_WDI_SP_POP_TOTL,NAC,_T,_T,_T,_Z,_Z,_Z,2012,A,PS,
1307733583,P1Y,0,,A,PU,_Z,2,,,False,WB_WDI,WB_WDI_SP_POP_TOTL,OED,_T,_T,_T,_Z,_Z,_Z,2012,A,PS,
11346082,P1Y,0,,A,PU,_Z,2,,,False,WB_WDI,WB_WDI_SP_POP_TOTL,OSS,_T,_T,_T,_Z,_Z,_Z,2012,A,PS,
2351924,P1Y,0,,A,PU,_Z,2,,,False,WB_WDI,WB_WDI_SP_POP_TOTL,PSS,_T,_T,_T,_Z,_Z,_Z,2012,A,PS,
1084193277,P1Y,0,,A,PU,_Z,2,,,False,WB_WDI,WB_WDI_SP_POP_TOTL,PST,_T,_T,_T,_Z,_Z,_Z,2012,A,PS,
797555707,P1Y,0,,A,PU,_Z,2,,,False,WB_WDI,WB_WDI_SP_POP_TOTL,PRE,_T,_T,_T,_Z,_Z,_Z,2012,A,PS,
17926451,P1Y,0,,A,PU,_Z,2,,,False,WB_WDI,WB_WDI_SP_POP_TOTL,SST,_T,_T,_T,_Z,_Z,_Z,2012,A,PS,
1483553073,P1Y,0,,A,PU,_Z,2,,,False,WB_WDI,WB_WDI_SP_POP_TOTL,SAS,_T,_T,_T,_Z,_Z,_Z,2012,A,PS,
1483553073,P1Y,0,,A,PU,_Z,2,,,False,WB_WDI,WB_WDI_SP_POP_TOTL,TSA,_T,_T,_T,_Z,_Z,_Z,2012,A,PS,
944523292,P1Y,0,,A,PU,_Z,2,,,False,WB_WDI,WB_WDI_SP_POP_TOTL,SSF,_T,_T,_T,_Z,_Z,_Z,2012,A,PS,
1111104033,P1Y,0,,A,PU,_Z,2,,,False,WB_WDI,WB_WDI_SP_POP_TOTL,PST,_T,_T,_T,_Z,_Z,_Z,2018,A,PS,
945516605,P1Y,0,,A,PU,_Z,2,,,False,WB_WDI,WB_WDI_SP_POP_TOTL,PRE,_T,_T,_T,_Z,_Z,_Z,2018,A,PS,
19084934,P1Y,0,,A,PU,_Z,2,,,False,WB_WDI,WB_WDI_SP_POP_TOTL,SST,_T,_T,_T,_Z,_Z,_Z,2018,A,PS,
1589164714,P1Y,0,,A,PU,_Z,2,,,False,WB_WDI,WB_WDI_SP_POP_TOTL,SAS,_T,_T,_T,_Z,_Z,_Z,2018,A,PS,
1589164714,P1Y,0,,A,PU,_Z,2,,,False,WB_WDI,WB_WDI_SP_POP_TOTL,TSA,_T,_T,_T,_Z,_Z,_Z,2018,A,PS,
1109196428,P1Y,0,,A,PU,_Z,2,,,False,WB_WDI,WB_WDI_SP_POP_TOTL,SSF,_T,_T,_T,_Z,_Z,_Z,2018,A,PS,
1109099666,P1Y,0,,A,PU,_Z,2,,,False,WB_WDI,WB_WDI_SP_POP_TOTL,SSA,_T,_T,_T,_Z,_Z,_Z,2018,A,PS,
1109196428,P1Y,0,,A,PU,_Z,2,,,False,WB_WDI,WB_WDI_SP_POP_TOTL,TSS,_T,_T,_T,_Z,_Z,_Z,2018,A,PS,
2989519673,P1Y,0,,A,PU,_Z,2,,,False,WB_WDI,WB_WDI_SP_POP_TOTL,UMC,_T,_T,_T,_Z,_Z,_Z,2018,A,PS,
7696159728,P1Y,0,,A,PU,_Z,2,,,False,WB_WDI,WB_WDI_SP_POP_TOTL,WLD,_T,_T,_T,_Z,_Z,_Z,2018,A,PS,
36743039,P1Y,0,,A,PU,_Z,2,,,False,WB_WDI,WB_WDI_SP_POP_TOTL,AFG,_T,_T,_T,_Z,_Z,_Z,2018,A,PS,
2607733,P1Y,0,,A,PU,_Z,2,,,False,WB_WDI,WB_WDI_SP_POP_TOTL,ALB,_T,_T,_T,_Z,_Z,_Z,2018,A,PS,
494288606,P1Y,0,,A,PU,_Z,2,,,False,WB_WDI,WB_WDI_SP_POP_TOTL,MNA,_T,_T,_T,_Z,_Z,_Z,2003,A,PS,
491133637,P1Y,0,,A,PU,_Z,2,,,False,WB_WDI,WB_WDI_SP_POP_TOTL,TMN,_T,_T,_T,_Z,_Z,_Z,2003,A,PS,
4714626871,P1Y,0,,A,PU,_Z,2,,,False,WB_WDI,WB_WDI_SP_POP_TOTL,MIC,_T,_T,_T,_Z,_Z,_Z,2003,A,PS,
321812780,P1Y,0,,A,PU,_Z,2,,,False,WB_WDI,WB_WDI_SP_POP_TOTL,NAC,_T,_T,_T,_Z,_Z,_Z,2003,A,PS,
1229012217,P1Y,0,,A,PU,_Z,2,,,False,WB_WDI,WB_WDI_SP_POP_TOTL,OED,_T,_T,_T,_Z,_Z,_Z,2003,A,PS,
10269557,P1Y,0,,A,PU,_Z,2,,,False,WB_WDI,WB_WDI_SP_POP_TOTL,OSS,_T,_T,_T,_Z,_Z,_Z,2003,A,PS,
2120592,P1Y,0,,A,PU,_Z,2,,,False,WB_WDI,WB_WDI_SP_POP_TOTL,PSS,_T,_T,_T,_Z,_Z,_Z,2003,A,PS,
1036498631,P1Y,0,,A,PU,_Z,2,,,False,WB_WDI,WB_WDI_SP_POP_TOTL,PST,_T,_T,_T,_Z,_Z,_Z,2003,A,PS,
613871091,P1Y,0,,A,PU,_Z,2,,,False,WB_WDI,WB_WDI_SP_POP_TOTL,PRE,_T,_T,_T,_Z,_Z,_Z,2003,A,PS,
16441139,P1Y,0,,A,PU,_Z,2,,,False,WB_WDI,WB_WDI_SP_POP_TOTL,SST,_T,_T,_T,_Z,_Z,_Z,2003,A,PS,
1304347790,P1Y,0,,A,PU,_Z,2,,,False,WB_WDI,WB_WDI_SP_POP_TOTL,SAS,_T,_T,_T,_Z,_Z,_Z,2003,A,PS,
1304347790,P1Y,0,,A,PU,_Z,2,,,False,WB_WDI,WB_WDI_SP_POP_TOTL,TSA,_T,_T,_T,_Z,_Z,_Z,2003,A,PS,
737918076,P1Y,0,,A,PU,_Z,2,,,False,WB_WDI,WB_WDI_SP_POP_TOTL,SSF,_T,_T,_T,_Z,_Z,_Z,2003,A,PS,
737835295,P1Y,0,,A,PU,_Z,2,,,False,WB_WDI,WB_WDI_SP_POP_TOTL,SSA,_T,_T,_T,_Z,_Z,_Z,2003,A,PS,
737918076,P1Y,0,,A,PU,_Z,2,,,False,WB_WDI,WB_WDI_SP_POP_TOTL,TSS,_T,_T,_T,_Z,_Z,_Z,2003,A,PS,
4841973136,P1Y,0,,A,PU,_Z,2,,,False,WB_WDI,WB_WDI_SP_POP_TOTL,MIC,_T,_T,_T,_Z,_Z,_Z,2005,A,PS,
327822042,P1Y,0,,A,PU,_Z,2,,,False,WB_WDI,WB_WDI_SP_POP_TOTL,NAC,_T,_T,_T,_Z,_Z,_Z,2005,A,PS,
1246656490,P1Y,0,,A,PU,_Z,2,,,False,WB_WDI,WB_WDI_SP_POP_TOTL,OED,_T,_T,_T,_Z,_Z,_Z,2005,A,PS,
10479844,P1Y,0,,A,PU,_Z,2,,,False,WB_WDI,WB_WDI_SP_POP_TOTL,OSS,_T,_T,_T,_Z,_Z,_Z,2005,A,PS,
2170029,P1Y,0,,A,PU,_Z,2,,,False,WB_WDI,WB_WDI_SP_POP_TOTL,PSS,_T,_T,_T,_Z,_Z,_Z,2005,A,PS,
1047140108,P1Y,0,,A,PU,_Z,2,,,False,WB_WDI,WB_WDI_SP_POP_TOTL,PST,_T,_T,_T,_Z,_Z,_Z,2005,A,PS,
650889143,P1Y,0,,A,PU,_Z,2,,,False,WB_WDI,WB_WDI_SP_POP_TOTL,PRE,_T,_T,_T,_Z,_Z,_Z,2005,A,PS,
16699341,P1Y,0,,A,PU,_Z,2,,,False,WB_WDI,WB_WDI_SP_POP_TOTL,SST,_T,_T,_T,_Z,_Z,_Z,2005,A,PS,
1346886384,P1Y,0,,A,PU,_Z,2,,,False,WB_WDI,WB_WDI_SP_POP_TOTL,SAS,_T,_T,_T,_Z,_Z,_Z,2005,A,PS,
1346886384,P1Y,0,,A,PU,_Z,2,,,False,WB_WDI,WB_WDI_SP_POP_TOTL,TSA,_T,_T,_T,_Z,_Z,_Z,2005,A,PS,
779233636,P1Y,0,,A,PU,_Z,2,,,False,WB_WDI,WB_WDI_SP_POP_TOTL,SSF,_T,_T,_T,_Z,_Z,_Z,2005,A,PS,
779150778,P1Y,0,,A,PU,_Z,2,,,False,WB_WDI,WB_WDI_SP_POP_TOTL,SSA,_T,_T,_T,_Z,_Z,_Z,2005,A,PS,
779233636,P1Y,0,,A,PU,_Z,2,,,False,WB_WDI,WB_WDI_SP_POP_TOTL,TSS,_T,_T,_T,_Z,_Z,_Z,2005,A,PS,
11892055,P1Y,0,,A,PU,_Z,2,,,False,WB_WDI,WB_WDI_SP_POP_TOTL,ZWE,_T,_T,_T,_Z,_Z,_Z,2000,A,PS,
416807868,P1Y,0,,A,PU,_Z,2,,,False,WB_WDI,WB_WDI_SP_POP_TOTL,AFE,_T,_T,_T,_Z,_Z,_Z,2001,A,PS,
282407479,P1Y,0,,A,PU,_Z,2,,,False,WB_WDI,WB_WDI_SP_POP_TOTL,AFW,_T,_T,_T,_Z,_Z,_Z,2001,A,PS,
293580252,P1Y,0,,A,PU,_Z,2,,,False,WB_WDI,WB_WDI_SP_POP_TOTL,ARB,_T,_T,_T,_Z,_Z,_Z,2001,A,PS,
3987087,P1Y,0,,A,PU,_Z,2,,,False,WB_WDI,WB_WDI_SP_POP_TOTL,CSS,_T,_T,_T,_Z,_Z,_Z,2001,A,PS,
107660041,P1Y,0,,A,PU,_Z,2,,,False,WB_WDI,WB_WDI_SP_POP_TOTL,CEB,_T,_T,_T,_Z,_Z,_Z,2001,A,PS,
2556335424,P1Y,0,,A,PU,_Z,2,,,False,WB_WDI,WB_WDI_SP_POP_TOTL,EAR,_T,_T,_T,_Z,_Z,_Z,2001,A,PS,
2068682053,P1Y,0,,A,PU,_Z,2,,,False,WB_WDI,WB_WDI_SP_POP_TOTL,EAS,_T,_T,_T,_Z,_Z,_Z,2001,A,PS,
1836260943,P1Y,0,,A,PU,_Z,2,,,False,WB_WDI,WB_WDI_SP_POP_TOTL,EAP,_T,_T,_T,_Z,_Z,_Z,2001,A,PS,
1812475067,P1Y,0,,A,PU,_Z,2,,,False,WB_WDI,WB_WDI_SP_POP_TOTL,TEA,_T,_T,_T,_Z,_Z,_Z,2001,A,PS,
334870337,P1Y,0,,A,PU,_Z,2,,,False,WB_WDI,WB_WDI_SP_POP_TOTL,EMU,_T,_T,_T,_Z,_Z,_Z,2001,A,PS,
866590696,P1Y,0,,A,PU,_Z,2,,,False,WB_WDI,WB_WDI_SP_POP_TOTL,ECS,_T,_T,_T,_Z,_Z,_Z,2001,A,PS,
219435056,P1Y,0,,A,PU,_Z,2,,,False,WB_WDI,WB_WDI_SP_POP_TOTL,ECA,_T,_T,_T,_Z,_Z,_Z,2001,A,PS,
438100368,P1Y,0,,A,PU,_Z,2,,,False,WB_WDI,WB_WDI_SP_POP_TOTL,TEC,_T,_T,_T,_Z,_Z,_Z,2001,A,PS,
30226309,P1Y,0,,A,PU,_Z,2,,,False,WB_WDI,WB_WDI_SP_POP_TOTL,YEM,_T,_T,_T,_Z,_Z,_Z,2014,A,PS,
15895315,P1Y,0,,A,PU,_Z,2,,,False,WB_WDI,WB_WDI_SP_POP_TOTL,ZMB,_T,_T,_T,_Z,_Z,_Z,2014,A,PS,
14207359,P1Y,0,,A,PU,_Z,2,,,False,WB_WDI,WB_WDI_SP_POP_TOTL,ZWE,_T,_T,_T,_Z,_Z,_Z,2014,A,PS,
607123269,P1Y,0,,A,PU,_Z,2,,,False,WB_WDI,WB_WDI_SP_POP_TOTL,AFE,_T,_T,_T,_Z,_Z,_Z,2015,A,PS,
417536152,P1Y,0,,A,PU,_Z,2,,,False,WB_WDI,WB_WDI_SP_POP_TOTL,AFW,_T,_T,_T,_Z,_Z,_Z,2015,A,PS,
410190679,P1Y,0,,A,PU,_Z,2,,,False,WB_WDI,WB_WDI_SP_POP_TOTL,ARB,_T,_T,_T,_Z,_Z,_Z,2015,A,PS,
4314191,P1Y,0,,A,PU,_Z,2,,,False,WB_WDI,WB_WDI_SP_POP_TOTL,CSS,_T,_T,_T,_Z,_Z,_Z,2015,A,PS,
102973167,P1Y,0,,A,PU,_Z,2,,,False,WB_WDI,WB_WDI_SP_POP_TOTL,CEB,_T,_T,_T,_Z,_Z,_Z,2015,A,PS,
3190318707,P1Y,0,,A,PU,_Z,2,,,False,WB_WDI,WB_WDI_SP_POP_TOTL,EAR,_T,_T,_T,_Z,_Z,_Z,2015,A,PS,
2300844269,P1Y,0,,A,PU,_Z,2,,,False,WB_WDI,WB_WDI_SP_POP_TOTL,EAS,_T,_T,_T,_Z,_Z,_Z,2015,A,PS,
2056050896,P1Y,0,,A,PU,_Z,2,,,False,WB_WDI,WB_WDI_SP_POP_TOTL,EAP,_T,_T,_T,_Z,_Z,_Z,2015,A,PS,
2030504270,P1Y,0,,A,PU,_Z,2,,,False,WB_WDI,WB_WDI_SP_POP_TOTL,TEA,_T,_T,_T,_Z,_Z,_Z,2015,A,PS,
919112234,P1Y,0,,A,PU,_Z,2,,,False,WB_WDI,WB_WDI_SP_POP_TOTL,TSS,_T,_T,_T,_Z,_Z,_Z,2011,A,PS,
2810067448,P1Y,0,,A,PU,_Z,2,,,False,WB_WDI,WB_WDI_SP_POP_TOTL,UMC,_T,_T,_T,_Z,_Z,_Z,2011,A,PS,
7086704141,P1Y,0,,A,PU,_Z,2,,,False,WB_WDI,WB_WDI_SP_POP_TOTL,WLD,_T,_T,_T,_Z,_Z,_Z,2011,A,PS,
29347708,P1Y,0,,A,PU,_Z,2,,,False,WB_WDI,WB_WDI_SP_POP_TOTL,AFG,_T,_T,_T,_Z,_Z,_Z,2011,A,PS,
2905195,P1Y,0,,A,PU,_Z,2,,,False,WB_WDI,WB_WDI_SP_POP_TOTL,ALB,_T,_T,_T,_Z,_Z,_Z,2011,A,PS,
36903376,P1Y,0,,A,PU,_Z,2,,,False,WB_WDI,WB_WDI_SP_POP_TOTL,DZA,_T,_T,_T,_Z,_Z,_Z,2011,A,PS,
54895,P1Y,0,,A,PU,_Z,2,,,False,WB_WDI,WB_WDI_SP_POP_TOTL,ASM,_T,_T,_T,_Z,_Z,_Z,2011,A,PS,
77783,P1Y,0,,A,PU,_Z,2,,,False,WB_WDI,WB_WDI_SP_POP_TOTL,AND,_T,_T,_T,_Z,_Z,_Z,2011,A,PS,
24218352,P1Y,0,,A,PU,_Z,2,,,False,WB_WDI,WB_WDI_SP_POP_TOTL,AGO,_T,_T,_T,_Z,_Z,_Z,2011,A,PS,
86332,P1Y,0,,A,PU,_Z,2,,,False,WB_WDI,WB_WDI_SP_POP_TOTL,ATG,_T,_T,_T,_Z,_Z,_Z,2011,A,PS,
41730660,P1Y,0,,A,PU,_Z,2,,,False,WB_WDI,WB_WDI_SP_POP_TOTL,ARG,_T,_T,_T,_Z,_Z,_Z,2011,A,PS,
3027900,P1Y,0,,A,PU,_Z,2,,,False,WB_WDI,WB_WDI_SP_POP_TOTL,ARM,_T,_T,_T,_Z,_Z,_Z,2011,A,PS,
243474,P1Y,0,,A,PU,_Z,2,,,False,WB_WDI,WB_WDI_SP_POP_TOTL,VUT,_T,_T,_T,_Z,_Z,_Z,2011,A,PS,
29185212,P1Y,0,,A,PU,_Z,2,,,False,WB_WDI,WB_WDI_SP_POP_TOTL,VEN,_T,_T,_T,_Z,_Z,_Z,2011,A,PS,
88468314,P1Y,0,,A,PU,_Z,2,,,False,WB_WDI,WB_WDI_SP_POP_TOTL,VNM,_T,_T,_T,_Z,_Z,_Z,2011,A,PS,
108290,P1Y,0,,A,PU,_Z,2,,,False,WB_WDI,WB_WDI_SP_POP_TOTL,VIR,_T,_T,_T,_Z,_Z,_Z,2011,A,PS,
3882986,P1Y,0,,A,PU,_Z,2,,,False,WB_WDI,WB_WDI_SP_POP_TOTL,PSE,_T,_T,_T,_Z,_Z,_Z,2011,A,PS,
27582897,P1Y,0,,A,PU,_Z,2,,,False,WB_WDI,WB_WDI_SP_POP_TOTL,YEM,_T,_T,_T,_Z,_Z,_Z,2011,A,PS,
14437796,P1Y,0,,A,PU,_Z,2,,,False,WB_WDI,WB_WDI_SP_POP_TOTL,ZMB,_T,_T,_T,_Z,_Z,_Z,2011,A,PS,
13595424,P1Y,0,,A,PU,_Z,2,,,False,WB_WDI,WB_WDI_SP_POP_TOTL,ZWE,_T,_T,_T,_Z,_Z,_Z,2011,A,PS,
559609961,P1Y,0,,A,PU,_Z,2,,,False,WB_WDI,WB_WDI_SP_POP_TOTL,AFE,_T,_T,_T,_Z,_Z,_Z,2012,A,PS,
384913331,P1Y,0,,A,PU,_Z,2,,,False,WB_WDI,WB_WDI_SP_POP_TOTL,AFW,_T,_T,_T,_Z,_Z,_Z,2012,A,PS,
381030177,P1Y,0,,A,PU,_Z,2,,,False,WB_WDI,WB_WDI_SP_POP_TOTL,ARB,_T,_T,_T,_Z,_Z,_Z,2012,A,PS,
4228445,P1Y,0,,A,PU,_Z,2,,,False,WB_WDI,WB_WDI_SP_POP_TOTL,CSS,_T,_T,_T,_Z,_Z,_Z,2012,A,PS,
103929494,P1Y,0,,A,PU,_Z,2,,,False,WB_WDI,WB_WDI_SP_POP_TOTL,CEB,_T,_T,_T,_Z,_Z,_Z,2012,A,PS,
4685306,P1Y,0,,A,PU,_Z,2,,,False,WB_WDI,WB_WDI_SP_POP_TOTL,PSE,_T,_T,_T,_Z,_Z,_Z,2019,A,PS,
35111408,P1Y,0,,A,PU,_Z,2,,,False,WB_WDI,WB_WDI_SP_POP_TOTL,YEM,_T,_T,_T,_Z,_Z,_Z,2019,A,PS,
18513839,P1Y,0,,A,PU,_Z,2,,,False,WB_WDI,WB_WDI_SP_POP_TOTL,ZMB,_T,_T,_T,_Z,_Z,_Z,2019,A,PS,
15271368,P1Y,0,,A,PU,_Z,2,,,False,WB_WDI,WB_WDI_SP_POP_TOTL,ZWE,_T,_T,_T,_Z,_Z,_Z,2019,A,PS,
694446100,P1Y,0,,A,PU,_Z,2,,,False,WB_WDI,WB_WDI_SP_POP_TOTL,AFE,_T,_T,_T,_Z,_Z,_Z,2020,A,PS,
473687685,P1Y,0,,A,PU,_Z,2,,,False,WB_WDI,WB_WDI_SP_POP_TOTL,AFW,_T,_T,_T,_Z,_Z,_Z,2020,A,PS,
453723239,P1Y,0,,A,PU,_Z,2,,,False,WB_WDI,WB_WDI_SP_POP_TOTL,ARB,_T,_T,_T,_Z,_Z,_Z,2020,A,PS,
4459302,P1Y,0,,A,PU,_Z,2,,,False,WB_WDI,WB_WDI_SP_POP_TOTL,CSS,_T,_T,_T,_Z,_Z,_Z,2020,A,PS,
101215763,P1Y,0,,A,PU,_Z,2,,,False,WB_WDI,WB_WDI_SP_POP_TOTL,CEB,_T,_T,_T,_Z,_Z,_Z,2020,A,PS,
3396051187,P1Y,0,,A,PU,_Z,2,,,False,WB_WDI,WB_WDI_SP_POP_TOTL,EAR,_T,_T,_T,_Z,_Z,_Z,2020,A,PS,
2369420882,P1Y,0,,A,PU,_Z,2,,,False,WB_WDI,WB_WDI_SP_POP_TOTL,EAS,_T,_T,_T,_Z,_Z,_Z,2020,A,PS,
2121866294,P1Y,0,,A,PU,_Z,2,,,False,WB_WDI,WB_WDI_SP_POP_TOTL,EAP,_T,_T,_T,_Z,_Z,_Z,2020,A,PS,
2095759417,P1Y,0,,A,PU,_Z,2,,,False,WB_WDI,WB_WDI_SP_POP_TOTL,TEA,_T,_T,_T,_Z,_Z,_Z,2020,A,PS,
353536838,P1Y,0,,A,PU,_Z,2,,,False,WB_WDI,WB_WDI_SP_POP_TOTL,EMU,_T,_T,_T,_Z,_Z,_Z,2020,A,PS,
36110803,P1Y,0,,A,PU,_Z,2,,,False,WB_WDI,WB_WDI_SP_POP_TOTL,CAN,_T,_T,_T,_Z,_Z,_Z,2016,A,PS,
63100,P1Y,0,,A,PU,_Z,2,,,False,WB_WDI,WB_WDI_SP_POP_TOTL,CYM,_T,_T,_T,_Z,_Z,_Z,2016,A,PS,
4713663,P1Y,0,,A,PU,_Z,2,,,False,WB_WDI,WB_WDI_SP_POP_TOTL,CAF,_T,_T,_T,_Z,_Z,_Z,2016,A,PS,
15114655,P1Y,0,,A,PU,_Z,2,,,False,WB_WDI,WB_WDI_SP_POP_TOTL,TCD,_T,_T,_T,_Z,_Z,_Z,2016,A,PS,
163883,P1Y,0,,A,PU,_Z,2,,,False,WB_WDI,WB_WDI_SP_POP_TOTL,CHI,_T,_T,_T,_Z,_Z,_Z,2016,A,PS,
18267221,P1Y,0,,A,PU,_Z,2,,,False,WB_WDI,WB_WDI_SP_POP_TOTL,CHL,_T,_T,_T,_Z,_Z,_Z,2016,A,PS,
1387790000,P1Y,0,,A,PU,_Z,2,,,False,WB_WDI,WB_WDI_SP_POP_TOTL,CHN,_T,_T,_T,_Z,_Z,_Z,2016,A,PS,
47437512,P1Y,0,,A,PU,_Z,2,,,False,WB_WDI,WB_WDI_SP_POP_TOTL,COL,_T,_T,_T,_Z,_Z,_Z,2016,A,PS,
741741,P1Y,0,,A,PU,_Z,2,,,False,WB_WDI,WB_WDI_SP_POP_TOTL,COM,_T,_T,_T,_Z,_Z,_Z,2016,A,PS,
83956415,P1Y,0,,A,PU,_Z,2,,,False,WB_WDI,WB_WDI_SP_POP_TOTL,COD,_T,_T,_T,_Z,_Z,_Z,2016,A,PS,
5222536,P1Y,0,,A,PU,_Z,2,,,False,WB_WDI,WB_WDI_SP_POP_TOTL,COG,_T,_T,_T,_Z,_Z,_Z,2016,A,PS,
4866998,P1Y,0,,A,PU,_Z,2,,,False,WB_WDI,WB_WDI_SP_POP_TOTL,CRI,_T,_T,_T,_Z,_Z,_Z,2016,A,PS,
429909307,P1Y,0,,A,PU,_Z,2,,,False,WB_WDI,WB_WDI_SP_POP_TOTL,EUU,_T,_T,_T,_Z,_Z,_Z,2001,A,PS,
494824112,P1Y,0,,A,PU,_Z,2,,,False,WB_WDI,WB_WDI_SP_POP_TOTL,HPC,_T,_T,_T,_Z,_Z,_Z,2001,A,PS,
1262093741,P1Y,0,,A,PU,_Z,2,,,False,WB_WDI,WB_WDI_SP_POP_TOTL,HIC,_T,_T,_T,_Z,_Z,_Z,2001,A,PS,
4031080605,P1Y,0,,A,PU,_Z,2,,,False,WB_WDI,WB_WDI_SP_POP_TOTL,IBD,_T,_T,_T,_Z,_Z,_Z,2001,A,PS,
5191975532,P1Y,0,,A,PU,_Z,2,,,False,WB_WDI,WB_WDI_SP_POP_TOTL,IBT,_T,_T,_T,_Z,_Z,_Z,2001,A,PS,
404662385,P1Y,0,,A,PU,_Z,2,,,False,WB_WDI,WB_WDI_SP_POP_TOTL,IDB,_T,_T,_T,_Z,_Z,_Z,2001,A,PS,
756232542,P1Y,0,,A,PU,_Z,2,,,False,WB_WDI,WB_WDI_SP_POP_TOTL,IDX,_T,_T,_T,_Z,_Z,_Z,2001,A,PS,
1160894927,P1Y,0,,A,PU,_Z,2,,,False,WB_WDI,WB_WDI_SP_POP_TOTL,IDA,_T,_T,_T,_Z,_Z,_Z,2001,A,PS,
2058600486,P1Y,0,,A,PU,_Z,2,,,False,WB_WDI,WB_WDI_SP_POP_TOTL,LTE,_T,_T,_T,_Z,_Z,_Z,2001,A,PS,
527572583,P1Y,0,,A,PU,_Z,2,,,False,WB_WDI,WB_WDI_SP_POP_TOTL,LCN,_T,_T,_T,_Z,_Z,_Z,2001,A,PS,
494443065,P1Y,0,,A,PU,_Z,2,,,False,WB_WDI,WB_WDI_SP_POP_TOTL,LAC,_T,_T,_T,_Z,_Z,_Z,2001,A,PS,
511809816,P1Y,0,,A,PU,_Z,2,,,False,WB_WDI,WB_WDI_SP_POP_TOTL,TLA,_T,_T,_T,_Z,_Z,_Z,2001,A,PS,
689505567,P1Y,0,,A,PU,_Z,2,,,False,WB_WDI,WB_WDI_SP_POP_TOTL,LDC,_T,_T,_T,_Z,_Z,_Z,2001,A,PS,
4982645927,P1Y,0,,A,PU,_Z,2,,,False,WB_WDI,WB_WDI_SP_POP_TOTL,LMY,_T,_T,_T,_Z,_Z,_Z,2001,A,PS,
395479907,P1Y,0,,A,PU,_Z,2,,,False,WB_WDI,WB_WDI_SP_POP_TOTL,LIC,_T,_T,_T,_Z,_Z,_Z,2001,A,PS,
2252508,P1Y,0,,A,PU,_Z,2,,,False,WB_WDI,WB_WDI_SP_POP_TOTL,NAM,_T,_T,_T,_Z,_Z,_Z,2013,A,PS,
10517,P1Y,0,,A,PU,_Z,2,,,False,WB_WDI,WB_WDI_SP_POP_TOTL,NRU,_T,_T,_T,_Z,_Z,_Z,2013,A,PS,
27589996,P1Y,0,,A,PU,_Z,2,,,False,WB_WDI,WB_WDI_SP_POP_TOTL,NPL,_T,_T,_T,_Z,_Z,_Z,2013,A,PS,
16804432,P1Y,0,,A,PU,_Z,2,,,False,WB_WDI,WB_WDI_SP_POP_TOTL,NLD,_T,_T,_T,_Z,_Z,_Z,2013,A,PS,
276822,P1Y,0,,A,PU,_Z,2,,,False,WB_WDI,WB_WDI_SP_POP_TOTL,NCL,_T,_T,_T,_Z,_Z,_Z,2013,A,PS,
4442100,P1Y,0,,A,PU,_Z,2,,,False,WB_WDI,WB_WDI_SP_POP_TOTL,NZL,_T,_T,_T,_Z,_Z,_Z,2013,A,PS,
5983845,P1Y,0,,A,PU,_Z,2,,,False,WB_WDI,WB_WDI_SP_POP_TOTL,NIC,_T,_T,_T,_Z,_Z,_Z,2013,A,PS,
18519898,P1Y,0,,A,PU,_Z,2,,,False,WB_WDI,WB_WDI_SP_POP_TOTL,NER,_T,_T,_T,_Z,_Z,_Z,2013,A,PS,
181049443,P1Y,0,,A,PU,_Z,2,,,False,WB_WDI,WB_WDI_SP_POP_TOTL,NGA,_T,_T,_T,_Z,_Z,_Z,2013,A,PS,
1922716,P1Y,0,,A,PU,_Z,2,,,False,WB_WDI,WB_WDI_SP_POP_TOTL,MKD,_T,_T,_T,_Z,_Z,_Z,2013,A,PS,
52758,P1Y,0,,A,PU,_Z,2,,,False,WB_WDI,WB_WDI_SP_POP_TOTL,MNP,_T,_T,_T,_Z,_Z,_Z,2013,A,PS,
5079623,P1Y,0,,A,PU,_Z,2,,,False,WB_WDI,WB_WDI_SP_POP_TOTL,NOR,_T,_T,_T,_Z,_Z,_Z,2013,A,PS,
3833913,P1Y,0,,A,PU,_Z,2,,,False,WB_WDI,WB_WDI_SP_POP_TOTL,OMN,_T,_T,_T,_Z,_Z,_Z,2013,A,PS,
699134145,P1Y,0,,A,PU,_Z,2,,,False,WB_WDI,WB_WDI_SP_POP_TOTL,SSA,_T,_T,_T,_Z,_Z,_Z,2001,A,PS,
699215347,P1Y,0,,A,PU,_Z,2,,,False,WB_WDI,WB_WDI_SP_POP_TOTL,TSS,_T,_T,_T,_Z,_Z,_Z,2001,A,PS,
2572390086,P1Y,0,,A,PU,_Z,2,,,False,WB_WDI,WB_WDI_SP_POP_TOTL,UMC,_T,_T,_T,_Z,_Z,_Z,2001,A,PS,
6244739668,P1Y,0,,A,PU,_Z,2,,,False,WB_WDI,WB_WDI_SP_POP_TOTL,WLD,_T,_T,_T,_Z,_Z,_Z,2001,A,PS,
20284307,P1Y,0,,A,PU,_Z,2,,,False,WB_WDI,WB_WDI_SP_POP_TOTL,AFG,_T,_T,_T,_Z,_Z,_Z,2001,A,PS,
3060173,P1Y,0,,A,PU,_Z,2,,,False,WB_WDI,WB_WDI_SP_POP_TOTL,ALB,_T,_T,_T,_Z,_Z,_Z,2001,A,PS,
31331221,P1Y,0,,A,PU,_Z,2,,,False,WB_WDI,WB_WDI_SP_POP_TOTL,DZA,_T,_T,_T,_Z,_Z,_Z,2001,A,PS,
57053,P1Y,0,,A,PU,_Z,2,,,False,WB_WDI,WB_WDI_SP_POP_TOTL,ASM,_T,_T,_T,_Z,_Z,_Z,2001,A,PS,
65852,P1Y,0,,A,PU,_Z,2,,,False,WB_WDI,WB_WDI_SP_POP_TOTL,AND,_T,_T,_T,_Z,_Z,_Z,2001,A,PS,
16747208,P1Y,0,,A,PU,_Z,2,,,False,WB_WDI,WB_WDI_SP_POP_TOTL,AGO,_T,_T,_T,_Z,_Z,_Z,2001,A,PS,
76069,P1Y,0,,A,PU,_Z,2,,,False,WB_WDI,WB_WDI_SP_POP_TOTL,ATG,_T,_T,_T,_Z,_Z,_Z,2001,A,PS,
37624825,P1Y,0,,A,PU,_Z,2,,,False,WB_WDI,WB_WDI_SP_POP_TOTL,ARG,_T,_T,_T,_Z,_Z,_Z,2001,A,PS,
3211800,P1Y,0,,A,PU,_Z,2,,,False,WB_WDI,WB_WDI_SP_POP_TOTL,ARM,_T,_T,_T,_Z,_Z,_Z,2001,A,PS,
91439,P1Y,0,,A,PU,_Z,2,,,False,WB_WDI,WB_WDI_SP_POP_TOTL,ABW,_T,_T,_T,_Z,_Z,_Z,2001,A,PS,
19274701,P1Y,0,,A,PU,_Z,2,,,False,WB_WDI,WB_WDI_SP_POP_TOTL,AUS,_T,_T,_T,_Z,_Z,_Z,2001,A,PS,
284968955,P1Y,0,,A,PU,_Z,2,,,False,WB_WDI,WB_WDI_SP_POP_TOTL,USA,_T,_T,_T,_Z,_Z,_Z,2001,A,PS,
3274251,P1Y,0,,A,PU,_Z,2,,,False,WB_WDI,WB_WDI_SP_POP_TOTL,URY,_T,_T,_T,_Z,_Z,_Z,2001,A,PS,
25090283,P1Y,0,,A,PU,_Z,2,,,False,WB_WDI,WB_WDI_SP_POP_TOTL,UZB,_T,_T,_T,_Z,_Z,_Z,2001,A,PS,
191031,P1Y,0,,A,PU,_Z,2,,,False,WB_WDI,WB_WDI_SP_POP_TOTL,VUT,_T,_T,_T,_Z,_Z,_Z,2001,A,PS,
24979922,P1Y,0,,A,PU,_Z,2,,,False,WB_WDI,WB_WDI_SP_POP_TOTL,VEN,_T,_T,_T,_Z,_Z,_Z,2001,A,PS,
77969361,P1Y,0,,A,PU,_Z,2,,,False,WB_WDI,WB_WDI_SP_POP_TOTL,VNM,_T,_T,_T,_Z,_Z,_Z,2001,A,PS,
108549,P1Y,0,,A,PU,_Z,2,,,False,WB_WDI,WB_WDI_SP_POP_TOTL,VIR,_T,_T,_T,_Z,_Z,_Z,2001,A,PS,
2997784,P1Y,0,,A,PU,_Z,2,,,False,WB_WDI,WB_WDI_SP_POP_TOTL,PSE,_T,_T,_T,_Z,_Z,_Z,2001,A,PS,
20226147,P1Y,0,,A,PU,_Z,2,,,False,WB_WDI,WB_WDI_SP_POP_TOTL,YEM,_T,_T,_T,_Z,_Z,_Z,2001,A,PS,
10325185,P1Y,0,,A,PU,_Z,2,,,False,WB_WDI,WB_WDI_SP_POP_TOTL,ZMB,_T,_T,_T,_Z,_Z,_Z,2001,A,PS,
11971901,P1Y,0,,A,PU,_Z,2,,,False,WB_WDI,WB_WDI_SP_POP_TOTL,ZWE,_T,_T,_T,_Z,_Z,_Z,2001,A,PS,
427820358,P1Y,0,,A,PU,_Z,2,,,False,WB_WDI,WB_WDI_SP_POP_TOTL,AFE,_T,_T,_T,_Z,_Z,_Z,2002,A,PS,
290455651,P1Y,0,,A,PU,_Z,2,,,False,WB_WDI,WB_WDI_SP_POP_TOTL,AFW,_T,_T,_T,_Z,_Z,_Z,2002,A,PS,
300691509,P1Y,0,,A,PU,_Z,2,,,False,WB_WDI,WB_WDI_SP_POP_TOTL,ARB,_T,_T,_T,_Z,_Z,_Z,2002,A,PS,
4018796,P1Y,0,,A,PU,_Z,2,,,False,WB_WDI,WB_WDI_SP_POP_TOTL,CSS,_T,_T,_T,_Z,_Z,_Z,2002,A,PS,
19894407,P1Y,0,,A,PU,_Z,2,,,False,WB_WDI,WB_WDI_SP_POP_TOTL,BFA,_T,_T,_T,_Z,_Z,_Z,2017,A,PS,
11506762,P1Y,0,,A,PU,_Z,2,,,False,WB_WDI,WB_WDI_SP_POP_TOTL,BDI,_T,_T,_T,_Z,_Z,_Z,2017,A,PS,
512893,P1Y,0,,A,PU,_Z,2,,,False,WB_WDI,WB_WDI_SP_POP_TOTL,CPV,_T,_T,_T,_Z,_Z,_Z,2017,A,PS,
16073372,P1Y,0,,A,PU,_Z,2,,,False,WB_WDI,WB_WDI_SP_POP_TOTL,KHM,_T,_T,_T,_Z,_Z,_Z,2017,A,PS,
24128601,P1Y,0,,A,PU,_Z,2,,,False,WB_WDI,WB_WDI_SP_POP_TOTL,CMR,_T,_T,_T,_Z,_Z,_Z,2017,A,PS,
36545075,P1Y,0,,A,PU,_Z,2,,,False,WB_WDI,WB_WDI_SP_POP_TOTL,CAN,_T,_T,_T,_Z,_Z,_Z,2017,A,PS,
64535,P1Y,0,,A,PU,_Z,2,,,False,WB_WDI,WB_WDI_SP_POP_TOTL,CYM,_T,_T,_T,_Z,_Z,_Z,2017,A,PS,
4793511,P1Y,0,,A,PU,_Z,2,,,False,WB_WDI,WB_WDI_SP_POP_TOTL,CAF,_T,_T,_T,_Z,_Z,_Z,2017,A,PS,
15622759,P1Y,0,,A,PU,_Z,2,,,False,WB_WDI,WB_WDI_SP_POP_TOTL,TCD,_T,_T,_T,_Z,_Z,_Z,2017,A,PS,
164319,P1Y,0,,A,PU,_Z,2,,,False,WB_WDI,WB_WDI_SP_POP_TOTL,CHI,_T,_T,_T,_Z,_Z,_Z,2017,A,PS,
18558868,P1Y,0,,A,PU,_Z,2,,,False,WB_WDI,WB_WDI_SP_POP_TOTL,CHL,_T,_T,_T,_Z,_Z,_Z,2017,A,PS,
1396215000,P1Y,0,,A,PU,_Z,2,,,False,WB_WDI,WB_WDI_SP_POP_TOTL,CHN,_T,_T,_T,_Z,_Z,_Z,2017,A,PS,
18229461,P1Y,0,,A,PU,_Z,2,,,False,WB_WDI,WB_WDI_SP_POP_TOTL,BFA,_T,_T,_T,_Z,_Z,_Z,2014,A,PS,
10799785,P1Y,0,,A,PU,_Z,2,,,False,WB_WDI,WB_WDI_SP_POP_TOTL,BDI,_T,_T,_T,_Z,_Z,_Z,2014,A,PS,
512326,P1Y,0,,A,PU,_Z,2,,,False,WB_WDI,WB_WDI_SP_POP_TOTL,CPV,_T,_T,_T,_Z,_Z,_Z,2014,A,PS,
15396772,P1Y,0,,A,PU,_Z,2,,,False,WB_WDI,WB_WDI_SP_POP_TOTL,KHM,_T,_T,_T,_Z,_Z,_Z,2014,A,PS,
22059893,P1Y,0,,A,PU,_Z,2,,,False,WB_WDI,WB_WDI_SP_POP_TOTL,CMR,_T,_T,_T,_Z,_Z,_Z,2014,A,PS,
35434066,P1Y,0,,A,PU,_Z,2,,,False,WB_WDI,WB_WDI_SP_POP_TOTL,CAN,_T,_T,_T,_Z,_Z,_Z,2014,A,PS,
60160,P1Y,0,,A,PU,_Z,2,,,False,WB_WDI,WB_WDI_SP_POP_TOTL,CYM,_T,_T,_T,_Z,_Z,_Z,2014,A,PS,
4623182,P1Y,0,,A,PU,_Z,2,,,False,WB_WDI,WB_WDI_SP_POP_TOTL,CAF,_T,_T,_T,_Z,_Z,_Z,2014,A,PS,
14188678,P1Y,0,,A,PU,_Z,2,,,False,WB_WDI,WB_WDI_SP_POP_TOTL,TCD,_T,_T,_T,_Z,_Z,_Z,2014,A,PS,
162726,P1Y,0,,A,PU,_Z,2,,,False,WB_WDI,WB_WDI_SP_POP_TOTL,CHI,_T,_T,_T,_Z,_Z,_Z,2014,A,PS,
17864195,P1Y,0,,A,PU,_Z,2,,,False,WB_WDI,WB_WDI_SP_POP_TOTL,CHL,_T,_T,_T,_Z,_Z,_Z,2014,A,PS,
185896915,P1Y,0,,A,PU,_Z,2,,,False,WB_WDI,WB_WDI_SP_POP_TOTL,NGA,_T,_T,_T,_Z,_Z,_Z,2014,A,PS,
1917557,P1Y,0,,A,PU,_Z,2,,,False,WB_WDI,WB_WDI_SP_POP_TOTL,MKD,_T,_T,_T,_Z,_Z,_Z,2014,A,PS,
52178,P1Y,0,,A,PU,_Z,2,,,False,WB_WDI,WB_WDI_SP_POP_TOTL,MNP,_T,_T,_T,_Z,_Z,_Z,2014,A,PS,
5137232,P1Y,0,,A,PU,_Z,2,,,False,WB_WDI,WB_WDI_SP_POP_TOTL,NOR,_T,_T,_T,_Z,_Z,_Z,2014,A,PS,
4002439,P1Y,0,,A,PU,_Z,2,,,False,WB_WDI,WB_WDI_SP_POP_TOTL,OMN,_T,_T,_T,_Z,_Z,_Z,2014,A,PS,
214264647,P1Y,0,,A,PU,_Z,2,,,False,WB_WDI,WB_WDI_SP_POP_TOTL,PAK,_T,_T,_T,_Z,_Z,_Z,2014,A,PS,
17715,P1Y,0,,A,PU,_Z,2,,,False,WB_WDI,WB_WDI_SP_POP_TOTL,PLW,_T,_T,_T,_Z,_Z,_Z,2014,A,PS,
3892101,P1Y,0,,A,PU,_Z,2,,,False,WB_WDI,WB_WDI_SP_POP_TOTL,PAN,_T,_T,_T,_Z,_Z,_Z,2014,A,PS,
8523441,P1Y,0,,A,PU,_Z,2,,,False,WB_WDI,WB_WDI_SP_POP_TOTL,PNG,_T,_T,_T,_Z,_Z,_Z,2014,A,PS,
6069811,P1Y,0,,A,PU,_Z,2,,,False,WB_WDI,WB_WDI_SP_POP_TOTL,PRY,_T,_T,_T,_Z,_Z,_Z,2014,A,PS,
30115826,P1Y,0,,A,PU,_Z,2,,,False,WB_WDI,WB_WDI_SP_POP_TOTL,PER,_T,_T,_T,_Z,_Z,_Z,2014,A,PS,
441388573,P1Y,0,,A,PU,_Z,2,,,False,WB_WDI,WB_WDI_SP_POP_TOTL,EUU,_T,_T,_T,_Z,_Z,_Z,2009,A,PS,
620916734,P1Y,0,,A,PU,_Z,2,,,False,WB_WDI,WB_WDI_SP_POP_TOTL,HPC,_T,_T,_T,_Z,_Z,_Z,2009,A,PS,
1322754051,P1Y,0,,A,PU,_Z,2,,,False,WB_WDI,WB_WDI_SP_POP_TOTL,HIC,_T,_T,_T,_Z,_Z,_Z,2009,A,PS,
4391389527,P1Y,0,,A,PU,_Z,2,,,False,WB_WDI,WB_WDI_SP_POP_TOTL,IBD,_T,_T,_T,_Z,_Z,_Z,2009,A,PS,
5797573486,P1Y,0,,A,PU,_Z,2,,,False,WB_WDI,WB_WDI_SP_POP_TOTL,IBT,_T,_T,_T,_Z,_Z,_Z,2009,A,PS,
495610570,P1Y,0,,A,PU,_Z,2,,,False,WB_WDI,WB_WDI_SP_POP_TOTL,IDB,_T,_T,_T,_Z,_Z,_Z,2009,A,PS,
910573389,P1Y,0,,A,PU,_Z,2,,,False,WB_WDI,WB_WDI_SP_POP_TOTL,IDX,_T,_T,_T,_Z,_Z,_Z,2009,A,PS,
1406183959,P1Y,0,,A,PU,_Z,2,,,False,WB_WDI,WB_WDI_SP_POP_TOTL,IDA,_T,_T,_T,_Z,_Z,_Z,2009,A,PS,
2167303374,P1Y,0,,A,PU,_Z,2,,,False,WB_WDI,WB_WDI_SP_POP_TOTL,LTE,_T,_T,_T,_Z,_Z,_Z,2009,A,PS,
581388129,P1Y,0,,A,PU,_Z,2,,,False,WB_WDI,WB_WDI_SP_POP_TOTL,LCN,_T,_T,_T,_Z,_Z,_Z,2009,A,PS,
545898245,P1Y,0,,A,PU,_Z,2,,,False,WB_WDI,WB_WDI_SP_POP_TOTL,LAC,_T,_T,_T,_Z,_Z,_Z,2009,A,PS,
565454932,P1Y,0,,A,PU,_Z,2,,,False,WB_WDI,WB_WDI_SP_POP_TOTL,TLA,_T,_T,_T,_Z,_Z,_Z,2009,A,PS,
835266189,P1Y,0,,A,PU,_Z,2,,,False,WB_WDI,WB_WDI_SP_POP_TOTL,LDC,_T,_T,_T,_Z,_Z,_Z,2009,A,PS,
28309273,P1Y,0,,A,PU,_Z,2,,,False,WB_WDI,WB_WDI_SP_POP_TOTL,SAU,_T,_T,_T,_Z,_Z,_Z,2014,A,PS,
14152102,P1Y,0,,A,PU,_Z,2,,,False,WB_WDI,WB_WDI_SP_POP_TOTL,SEN,_T,_T,_T,_Z,_Z,_Z,2014,A,PS,
7131787,P1Y,0,,A,PU,_Z,2,,,False,WB_WDI,WB_WDI_SP_POP_TOTL,SRB,_T,_T,_T,_Z,_Z,_Z,2014,A,PS,
91359,P1Y,0,,A,PU,_Z,2,,,False,WB_WDI,WB_WDI_SP_POP_TOTL,SYC,_T,_T,_T,_Z,_Z,_Z,2014,A,PS,
6876385,P1Y,0,,A,PU,_Z,2,,,False,WB_WDI,WB_WDI_SP_POP_TOTL,SLE,_T,_T,_T,_Z,_Z,_Z,2014,A,PS,
5469724,P1Y,0,,A,PU,_Z,2,,,False,WB_WDI,WB_WDI_SP_POP_TOTL,SGP,_T,_T,_T,_Z,_Z,_Z,2014,A,PS,
36672,P1Y,0,,A,PU,_Z,2,,,False,WB_WDI,WB_WDI_SP_POP_TOTL,SXM,_T,_T,_T,_Z,_Z,_Z,2014,A,PS,
5418649,P1Y,0,,A,PU,_Z,2,,,False,WB_WDI,WB_WDI_SP_POP_TOTL,SVK,_T,_T,_T,_Z,_Z,_Z,2014,A,PS,
2061980,P1Y,0,,A,PU,_Z,2,,,False,WB_WDI,WB_WDI_SP_POP_TOTL,SVN,_T,_T,_T,_Z,_Z,_Z,2014,A,PS,
616908,P1Y,0,,A,PU,_Z,2,,,False,WB_WDI,WB_WDI_SP_POP_TOTL,SLB,_T,_T,_T,_Z,_Z,_Z,2014,A,PS,
13339491,P1Y,0,,A,PU,_Z,2,,,False,WB_WDI,WB_WDI_SP_POP_TOTL,SOM,_T,_T,_T,_Z,_Z,_Z,2014,A,PS,
55594838,P1Y,0,,A,PU,_Z,2,,,False,WB_WDI,WB_WDI_SP_POP_TOTL,ZAF,_T,_T,_T,_Z,_Z,_Z,2014,A,PS,
49959,P1Y,0,,A,PU,_Z,2,,,False,WB_WDI,WB_WDI_SP_POP_TOTL,MNP,_T,_T,_T,_Z,_Z,_Z,2017,A,PS,
5276968,P1Y,0,,A,PU,_Z,2,,,False,WB_WDI,WB_WDI_SP_POP_TOTL,NOR,_T,_T,_T,_Z,_Z,_Z,2017,A,PS,
4537396,P1Y,0,,A,PU,_Z,2,,,False,WB_WDI,WB_WDI_SP_POP_TOTL,OMN,_T,_T,_T,_Z,_Z,_Z,2017,A,PS,
223273967,P1Y,0,,A,PU,_Z,2,,,False,WB_WDI,WB_WDI_SP_POP_TOTL,PAK,_T,_T,_T,_Z,_Z,_Z,2017,A,PS,
17812,P1Y,0,,A,PU,_Z,2,,,False,WB_WDI,WB_WDI_SP_POP_TOTL,PLW,_T,_T,_T,_Z,_Z,_Z,2017,A,PS,
4098707,P1Y,0,,A,PU,_Z,2,,,False,WB_WDI,WB_WDI_SP_POP_TOTL,PAN,_T,_T,_T,_Z,_Z,_Z,2017,A,PS,
9178714,P1Y,0,,A,PU,_Z,2,,,False,WB_WDI,WB_WDI_SP_POP_TOTL,PNG,_T,_T,_T,_Z,_Z,_Z,2017,A,PS,
6338660,P1Y,0,,A,PU,_Z,2,,,False,WB_WDI,WB_WDI_SP_POP_TOTL,PRY,_T,_T,_T,_Z,_Z,_Z,2017,A,PS,
31324637,P1Y,0,,A,PU,_Z,2,,,False,WB_WDI,WB_WDI_SP_POP_TOTL,PER,_T,_T,_T,_Z,_Z,_Z,2017,A,PS,
108119693,P1Y,0,,A,PU,_Z,2,,,False,WB_WDI,WB_WDI_SP_POP_TOTL,PHL,_T,_T,_T,_Z,_Z,_Z,2017,A,PS,
37974826,P1Y,0,,A,PU,_Z,2,,,False,WB_WDI,WB_WDI_SP_POP_TOTL,POL,_T,_T,_T,_Z,_Z,_Z,2017,A,PS,
532980174,P1Y,0,,A,PU,_Z,2,,,False,WB_WDI,WB_WDI_SP_POP_TOTL,IDB,_T,_T,_T,_Z,_Z,_Z,2012,A,PS,
973430766,P1Y,0,,A,PU,_Z,2,,,False,WB_WDI,WB_WDI_SP_POP_TOTL,IDX,_T,_T,_T,_Z,_Z,_Z,2012,A,PS,
1506410940,P1Y,0,,A,PU,_Z,2,,,False,WB_WDI,WB_WDI_SP_POP_TOTL,IDA,_T,_T,_T,_Z,_Z,_Z,2012,A,PS,
2209319631,P1Y,0,,A,PU,_Z,2,,,False,WB_WDI,WB_WDI_SP_POP_TOTL,LTE,_T,_T,_T,_Z,_Z,_Z,2012,A,PS,
600420316,P1Y,0,,A,PU,_Z,2,,,False,WB_WDI,WB_WDI_SP_POP_TOTL,LCN,_T,_T,_T,_Z,_Z,_Z,2012,A,PS,
564057086,P1Y,0,,A,PU,_Z,2,,,False,WB_WDI,WB_WDI_SP_POP_TOTL,LAC,_T,_T,_T,_Z,_Z,_Z,2012,A,PS,
584524334,P1Y,0,,A,PU,_Z,2,,,False,WB_WDI,WB_WDI_SP_POP_TOTL,TLA,_T,_T,_T,_Z,_Z,_Z,2012,A,PS,
896237933,P1Y,0,,A,PU,_Z,2,,,False,WB_WDI,WB_WDI_SP_POP_TOTL,LDC,_T,_T,_T,_Z,_Z,_Z,2012,A,PS,
5834053766,P1Y,0,,A,PU,_Z,2,,,False,WB_WDI,WB_WDI_SP_POP_TOTL,LMY,_T,_T,_T,_Z,_Z,_Z,2012,A,PS,
542350920,P1Y,0,,A,PU,_Z,2,,,False,WB_WDI,WB_WDI_SP_POP_TOTL,LIC,_T,_T,_T,_Z,_Z,_Z,2012,A,PS,
2454758533,P1Y,0,,A,PU,_Z,2,,,False,WB_WDI,WB_WDI_SP_POP_TOTL,LMC,_T,_T,_T,_Z,_Z,_Z,2012,A,PS,
653273442,P1Y,0,,A,PU,_Z,2,,,False,WB_WDI,WB_WDI_SP_POP_TOTL,MEA,_T,_T,_T,_Z,_Z,_Z,2012,A,PS,
2157110,P1Y,0,,A,PU,_Z,2,,,False,WB_WDI,WB_WDI_SP_POP_TOTL,LSO,_T,_T,_T,_Z,_Z,_Z,2017,A,PS,
4848925,P1Y,0,,A,PU,_Z,2,,,False,WB_WDI,WB_WDI_SP_POP_TOTL,LBR,_T,_T,_T,_Z,_Z,_Z,2017,A,PS,
6738770,P1Y,0,,A,PU,_Z,2,,,False,WB_WDI,WB_WDI_SP_POP_TOTL,LBY,_T,_T,_T,_Z,_Z,_Z,2017,A,PS,
37962,P1Y,0,,A,PU,_Z,2,,,False,WB_WDI,WB_WDI_SP_POP_TOTL,LIE,_T,_T,_T,_Z,_Z,_Z,2017,A,PS,
2842639,P1Y,0,,A,PU,_Z,2,,,False,WB_WDI,WB_WDI_SP_POP_TOTL,LTU,_T,_T,_T,_Z,_Z,_Z,2017,A,PS,
596336,P1Y,0,,A,PU,_Z,2,,,False,WB_WDI,WB_WDI_SP_POP_TOTL,LUX,_T,_T,_T,_Z,_Z,_Z,2017,A,PS,
648400,P1Y,0,,A,PU,_Z,2,,,False,WB_WDI,WB_WDI_SP_POP_TOTL,MAC,_T,_T,_T,_Z,_Z,_Z,2017,A,PS,
26788375,P1Y,0,,A,PU,_Z,2,,,False,WB_WDI,WB_WDI_SP_POP_TOTL,MDG,_T,_T,_T,_Z,_Z,_Z,2017,A,PS,
18039715,P1Y,0,,A,PU,_Z,2,,,False,WB_WDI,WB_WDI_SP_POP_TOTL,MWI,_T,_T,_T,_Z,_Z,_Z,2017,A,PS,
32355644,P1Y,0,,A,PU,_Z,2,,,False,WB_WDI,WB_WDI_SP_POP_TOTL,MYS,_T,_T,_T,_Z,_Z,_Z,2017,A,PS,
458287,P1Y,0,,A,PU,_Z,2,,,False,WB_WDI,WB_WDI_SP_POP_TOTL,MDV,_T,_T,_T,_Z,_Z,_Z,2017,A,PS,
19813011,P1Y,0,,A,PU,_Z,2,,,False,WB_WDI,WB_WDI_SP_POP_TOTL,MLI,_T,_T,_T,_Z,_Z,_Z,2017,A,PS,
59877221,P1Y,0,,A,PU,_Z,2,,,False,WB_WDI,WB_WDI_SP_POP_TOTL,ITA,_T,_T,_T,_Z,_Z,_Z,2018,A,PS,
2820097,P1Y,0,,A,PU,_Z,2,,,False,WB_WDI,WB_WDI_SP_POP_TOTL,JAM,_T,_T,_T,_Z,_Z,_Z,2018,A,PS,
126811000,P1Y,0,,A,PU,_Z,2,,,False,WB_WDI,WB_WDI_SP_POP_TOTL,JPN,_T,_T,_T,_Z,_Z,_Z,2018,A,PS,
10462306,P1Y,0,,A,PU,_Z,2,,,False,WB_WDI,WB_WDI_SP_POP_TOTL,JOR,_T,_T,_T,_Z,_Z,_Z,2018,A,PS,
18932727,P1Y,0,,A,PU,_Z,2,,,False,WB_WDI,WB_WDI_SP_POP_TOTL,KAZ,_T,_T,_T,_Z,_Z,_Z,2018,A,PS,
50207107,P1Y,0,,A,PU,_Z,2,,,False,WB_WDI,WB_WDI_SP_POP_TOTL,KEN,_T,_T,_T,_Z,_Z,_Z,2018,A,PS,
122084,P1Y,0,,A,PU,_Z,2,,,False,WB_WDI,WB_WDI_SP_POP_TOTL,KIR,_T,_T,_T,_Z,_Z,_Z,2018,A,PS,
25931147,P1Y,0,,A,PU,_Z,2,,,False,WB_WDI,WB_WDI_SP_POP_TOTL,PRK,_T,_T,_T,_Z,_Z,_Z,2018,A,PS,
51585058,P1Y,0,,A,PU,_Z,2,,,False,WB_WDI,WB_WDI_SP_POP_TOTL,KOR,_T,_T,_T,_Z,_Z,_Z,2018,A,PS,
1797086,P1Y,0,,A,PU,_Z,2,,,False,WB_WDI,WB_WDI_SP_POP_TOTL,XKX,_T,_T,_T,_Z,_Z,_Z,2018,A,PS,
4323515,P1Y,0,,A,PU,_Z,2,,,False,WB_WDI,WB_WDI_SP_POP_TOTL,KWT,_T,_T,_T,_Z,_Z,_Z,2018,A,PS,
6444079,P1Y,0,,A,PU,_Z,2,,,False,WB_WDI,WB_WDI_SP_POP_TOTL,KGZ,_T,_T,_T,_Z,_Z,_Z,2018,A,PS,
10439341,P1Y,0,,A,PU,_Z,2,,,False,WB_WDI,WB_WDI_SP_POP_TOTL,BDI,_T,_T,_T,_Z,_Z,_Z,2013,A,PS,
512225,P1Y,0,,A,PU,_Z,2,,,False,WB_WDI,WB_WDI_SP_POP_TOTL,CPV,_T,_T,_T,_Z,_Z,_Z,2013,A,PS,
15170208,P1Y,0,,A,PU,_Z,2,,,False,WB_WDI,WB_WDI_SP_POP_TOTL,KHM,_T,_T,_T,_Z,_Z,_Z,2013,A,PS,
21402376,P1Y,0,,A,PU,_Z,2,,,False,WB_WDI,WB_WDI_SP_POP_TOTL,CMR,_T,_T,_T,_Z,_Z,_Z,2013,A,PS,
35080992,P1Y,0,,A,PU,_Z,2,,,False,WB_WDI,WB_WDI_SP_POP_TOTL,CAN,_T,_T,_T,_Z,_Z,_Z,2013,A,PS,
58655,P1Y,0,,A,PU,_Z,2,,,False,WB_WDI,WB_WDI_SP_POP_TOTL,CYM,_T,_T,_T,_Z,_Z,_Z,2013,A,PS,
4642419,P1Y,0,,A,PU,_Z,2,,,False,WB_WDI,WB_WDI_SP_POP_TOTL,CAF,_T,_T,_T,_Z,_Z,_Z,2013,A,PS,
13691079,P1Y,0,,A,PU,_Z,2,,,False,WB_WDI,WB_WDI_SP_POP_TOTL,TCD,_T,_T,_T,_Z,_Z,_Z,2013,A,PS,
161777,P1Y,0,,A,PU,_Z,2,,,False,WB_WDI,WB_WDI_SP_POP_TOTL,CHI,_T,_T,_T,_Z,_Z,_Z,2013,A,PS,
17687006,P1Y,0,,A,PU,_Z,2,,,False,WB_WDI,WB_WDI_SP_POP_TOTL,CHL,_T,_T,_T,_Z,_Z,_Z,2013,A,PS,
1363240000,P1Y,0,,A,PU,_Z,2,,,False,WB_WDI,WB_WDI_SP_POP_TOTL,CHN,_T,_T,_T,_Z,_Z,_Z,2013,A,PS,
46151584,P1Y,0,,A,PU,_Z,2,,,False,WB_WDI,WB_WDI_SP_POP_TOTL,COL,_T,_T,_T,_Z,_Z,_Z,2013,A,PS,
4122775918,P1Y,0,,A,PU,_Z,2,,,False,WB_WDI,WB_WDI_SP_POP_TOTL,IBD,_T,_T,_T,_Z,_Z,_Z,2003,A,PS,
5341441991,P1Y,0,,A,PU,_Z,2,,,False,WB_WDI,WB_WDI_SP_POP_TOTL,IBT,_T,_T,_T,_Z,_Z,_Z,2003,A,PS,
425311302,P1Y,0,,A,PU,_Z,2,,,False,WB_WDI,WB_WDI_SP_POP_TOTL,IDB,_T,_T,_T,_Z,_Z,_Z,2003,A,PS,
793354771,P1Y,0,,A,PU,_Z,2,,,False,WB_WDI,WB_WDI_SP_POP_TOTL,IDX,_T,_T,_T,_Z,_Z,_Z,2003,A,PS,
1218666073,P1Y,0,,A,PU,_Z,2,,,False,WB_WDI,WB_WDI_SP_POP_TOTL,IDA,_T,_T,_T,_Z,_Z,_Z,2003,A,PS,
2086139068,P1Y,0,,A,PU,_Z,2,,,False,WB_WDI,WB_WDI_SP_POP_TOTL,LTE,_T,_T,_T,_Z,_Z,_Z,2003,A,PS,
541643365,P1Y,0,,A,PU,_Z,2,,,False,WB_WDI,WB_WDI_SP_POP_TOTL,LCN,_T,_T,_T,_Z,_Z,_Z,2003,A,PS,
507870430,P1Y,0,,A,PU,_Z,2,,,False,WB_WDI,WB_WDI_SP_POP_TOTL,LAC,_T,_T,_T,_Z,_Z,_Z,2003,A,PS,
525787222,P1Y,0,,A,PU,_Z,2,,,False,WB_WDI,WB_WDI_SP_POP_TOTL,TLA,_T,_T,_T,_Z,_Z,_Z,2003,A,PS,
724713713,P1Y,0,,A,PU,_Z,2,,,False,WB_WDI,WB_WDI_SP_POP_TOTL,LDC,_T,_T,_T,_Z,_Z,_Z,2003,A,PS,
5134151809,P1Y,0,,A,PU,_Z,2,,,False,WB_WDI,WB_WDI_SP_POP_TOTL,LMY,_T,_T,_T,_Z,_Z,_Z,2003,A,PS,
419524938,P1Y,0,,A,PU,_Z,2,,,False,WB_WDI,WB_WDI_SP_POP_TOTL,LIC,_T,_T,_T,_Z,_Z,_Z,2003,A,PS,
2094151717,P1Y,0,,A,PU,_Z,2,,,False,WB_WDI,WB_WDI_SP_POP_TOTL,LMC,_T,_T,_T,_Z,_Z,_Z,2003,A,PS,
530338988,P1Y,0,,A,PU,_Z,2,,,False,WB_WDI,WB_WDI_SP_POP_TOTL,MEA,_T,_T,_T,_Z,_Z,_Z,2003,A,PS,
233951652,P1Y,0,,A,PU,_Z,2,,,False,WB_WDI,WB_WDI_SP_POP_TOTL,IDN,_T,_T,_T,_Z,_Z,_Z,2006,A,PS,
73392747,P1Y,0,,A,PU,_Z,2,,,False,WB_WDI,WB_WDI_SP_POP_TOTL,IRN,_T,_T,_T,_Z,_Z,_Z,2006,A,PS,
28616515,P1Y,0,,A,PU,_Z,2,,,False,WB_WDI,WB_WDI_SP_POP_TOTL,IRQ,_T,_T,_T,_Z,_Z,_Z,2006,A,PS,
4273591,P1Y,0,,A,PU,_Z,2,,,False,WB_WDI,WB_WDI_SP_POP_TOTL,IRL,_T,_T,_T,_Z,_Z,_Z,2006,A,PS,
80294,P1Y,0,,A,PU,_Z,2,,,False,WB_WDI,WB_WDI_SP_POP_TOTL,IMN,_T,_T,_T,_Z,_Z,_Z,2006,A,PS,
7053700,P1Y,0,,A,PU,_Z,2,,,False,WB_WDI,WB_WDI_SP_POP_TOTL,ISR,_T,_T,_T,_Z,_Z,_Z,2006,A,PS,
58399861,P1Y,0,,A,PU,_Z,2,,,False,WB_WDI,WB_WDI_SP_POP_TOTL,ITA,_T,_T,_T,_Z,_Z,_Z,2006,A,PS,
2700968,P1Y,0,,A,PU,_Z,2,,,False,WB_WDI,WB_WDI_SP_POP_TOTL,JAM,_T,_T,_T,_Z,_Z,_Z,2006,A,PS,
127854000,P1Y,0,,A,PU,_Z,2,,,False,WB_WDI,WB_WDI_SP_POP_TOTL,JPN,_T,_T,_T,_Z,_Z,_Z,2006,A,PS,
6427371,P1Y,0,,A,PU,_Z,2,,,False,WB_WDI,WB_WDI_SP_POP_TOTL,JOR,_T,_T,_T,_Z,_Z,_Z,2006,A,PS,
16103716,P1Y,0,,A,PU,_Z,2,,,False,WB_WDI,WB_WDI_SP_POP_TOTL,KAZ,_T,_T,_T,_Z,_Z,_Z,2006,A,PS,
36904008,P1Y,0,,A,PU,_Z,2,,,False,WB_WDI,WB_WDI_SP_POP_TOTL,KEN,_T,_T,_T,_Z,_Z,_Z,2006,A,PS,
100017,P1Y,0,,A,PU,_Z,2,,,False,WB_WDI,WB_WDI_SP_POP_TOTL,KIR,_T,_T,_T,_Z,_Z,_Z,2006,A,PS,
246400484,P1Y,0,,A,PU,_Z,2,,,False,WB_WDI,WB_WDI_SP_POP_TOTL,ECA,_T,_T,_T,_Z,_Z,_Z,2018,A,PS,
459946883,P1Y,0,,A,PU,_Z,2,,,False,WB_WDI,WB_WDI_SP_POP_TOTL,TEC,_T,_T,_T,_Z,_Z,_Z,2018,A,PS,
446058453,P1Y,0,,A,PU,_Z,2,,,False,WB_WDI,WB_WDI_SP_POP_TOTL,EUU,_T,_T,_T,_Z,_Z,_Z,2018,A,PS,
801220102,P1Y,0,,A,PU,_Z,2,,,False,WB_WDI,WB_WDI_SP_POP_TOTL,HPC,_T,_T,_T,_Z,_Z,_Z,2018,A,PS,
1384829843,P1Y,0,,A,PU,_Z,2,,,False,WB_WDI,WB_WDI_SP_POP_TOTL,HIC,_T,_T,_T,_Z,_Z,_Z,2018,A,PS,
4806981820,P1Y,0,,A,PU,_Z,2,,,False,WB_WDI,WB_WDI_SP_POP_TOTL,IBD,_T,_T,_T,_Z,_Z,_Z,2018,A,PS,
6517257782,P1Y,0,,A,PU,_Z,2,,,False,WB_WDI,WB_WDI_SP_POP_TOTL,IBT,_T,_T,_T,_Z,_Z,_Z,2018,A,PS,
601951913,P1Y,0,,A,PU,_Z,2,,,False,WB_WDI,WB_WDI_SP_POP_TOTL,IDB,_T,_T,_T,_Z,_Z,_Z,2018,A,PS,
1108324049,P1Y,0,,A,PU,_Z,2,,,False,WB_WDI,WB_WDI_SP_POP_TOTL,IDX,_T,_T,_T,_Z,_Z,_Z,2018,A,PS,
1710275962,P1Y,0,,A,PU,_Z,2,,,False,WB_WDI,WB_WDI_SP_POP_TOTL,IDA,_T,_T,_T,_Z,_Z,_Z,2018,A,PS,
2298394042,P1Y,0,,A,PU,_Z,2,,,False,WB_WDI,WB_WDI_SP_POP_TOTL,LTE,_T,_T,_T,_Z,_Z,_Z,2018,A,PS,
635778081,P1Y,0,,A,PU,_Z,2,,,False,WB_WDI,WB_WDI_SP_POP_TOTL,LCN,_T,_T,_T,_Z,_Z,_Z,2018,A,PS,
597518751,P1Y,0,,A,PU,_Z,2,,,False,WB_WDI,WB_WDI_SP_POP_TOTL,LAC,_T,_T,_T,_Z,_Z,_Z,2018,A,PS,
1136299,P1Y,0,,A,PU,_Z,2,,,False,WB_WDI,WB_WDI_SP_POP_TOTL,SWZ,_T,_T,_T,_Z,_Z,_Z,2014,A,PS,
101115610,P1Y,0,,A,PU,_Z,2,,,False,WB_WDI,WB_WDI_SP_POP_TOTL,ETH,_T,_T,_T,_Z,_Z,_Z,2014,A,PS,
48427,P1Y,0,,A,PU,_Z,2,,,False,WB_WDI,WB_WDI_SP_POP_TOTL,FRO,_T,_T,_T,_Z,_Z,_Z,2014,A,PS,
917585,P1Y,0,,A,PU,_Z,2,,,False,WB_WDI,WB_WDI_SP_POP_TOTL,FJI,_T,_T,_T,_Z,_Z,_Z,2014,A,PS,
5461512,P1Y,0,,A,PU,_Z,2,,,False,WB_WDI,WB_WDI_SP_POP_TOTL,FIN,_T,_T,_T,_Z,_Z,_Z,2014,A,PS,
66312067,P1Y,0,,A,PU,_Z,2,,,False,WB_WDI,WB_WDI_SP_POP_TOTL,FRA,_T,_T,_T,_Z,_Z,_Z,2014,A,PS,
276387,P1Y,0,,A,PU,_Z,2,,,False,WB_WDI,WB_WDI_SP_POP_TOTL,PYF,_T,_T,_T,_Z,_Z,_Z,2014,A,PS,
1978399,P1Y,0,,A,PU,_Z,2,,,False,WB_WDI,WB_WDI_SP_POP_TOTL,GAB,_T,_T,_T,_Z,_Z,_Z,2014,A,PS,
2164528,P1Y,0,,A,PU,_Z,2,,,False,WB_WDI,WB_WDI_SP_POP_TOTL,GMB,_T,_T,_T,_Z,_Z,_Z,2014,A,PS,
3719414,P1Y,0,,A,PU,_Z,2,,,False,WB_WDI,WB_WDI_SP_POP_TOTL,GEO,_T,_T,_T,_Z,_Z,_Z,2014,A,PS,
80982500,P1Y,0,,A,PU,_Z,2,,,False,WB_WDI,WB_WDI_SP_POP_TOTL,DEU,_T,_T,_T,_Z,_Z,_Z,2014,A,PS,
27955462,P1Y,0,,A,PU,_Z,2,,,False,WB_WDI,WB_WDI_SP_POP_TOTL,NPL,_T,_T,_T,_Z,_Z,_Z,2016,A,PS,
17030314,P1Y,0,,A,PU,_Z,2,,,False,WB_WDI,WB_WDI_SP_POP_TOTL,NLD,_T,_T,_T,_Z,_Z,_Z,2016,A,PS,
283423,P1Y,0,,A,PU,_Z,2,,,False,WB_WDI,WB_WDI_SP_POP_TOTL,NCL,_T,_T,_T,_Z,_Z,_Z,2016,A,PS,
4714100,P1Y,0,,A,PU,_Z,2,,,False,WB_WDI,WB_WDI_SP_POP_TOTL,NZL,_T,_T,_T,_Z,_Z,_Z,2016,A,PS,
6232666,P1Y,0,,A,PU,_Z,2,,,False,WB_WDI,WB_WDI_SP_POP_TOTL,NIC,_T,_T,_T,_Z,_Z,_Z,2016,A,PS,
20685753,P1Y,0,,A,PU,_Z,2,,,False,WB_WDI,WB_WDI_SP_POP_TOTL,NER,_T,_T,_T,_Z,_Z,_Z,2016,A,PS,
195443700,P1Y,0,,A,PU,_Z,2,,,False,WB_WDI,WB_WDI_SP_POP_TOTL,NGA,_T,_T,_T,_Z,_Z,_Z,2016,A,PS,
1906313,P1Y,0,,A,PU,_Z,2,,,False,WB_WDI,WB_WDI_SP_POP_TOTL,MKD,_T,_T,_T,_Z,_Z,_Z,2016,A,PS,
50773,P1Y,0,,A,PU,_Z,2,,,False,WB_WDI,WB_WDI_SP_POP_TOTL,MNP,_T,_T,_T,_Z,_Z,_Z,2016,A,PS,
5234519,P1Y,0,,A,PU,_Z,2,,,False,WB_WDI,WB_WDI_SP_POP_TOTL,NOR,_T,_T,_T,_Z,_Z,_Z,2016,A,PS,
4390877,P1Y,0,,A,PU,_Z,2,,,False,WB_WDI,WB_WDI_SP_POP_TOTL,OMN,_T,_T,_T,_Z,_Z,_Z,2016,A,PS,
220138869,P1Y,0,,A,PU,_Z,2,,,False,WB_WDI,WB_WDI_SP_POP_TOTL,PAK,_T,_T,_T,_Z,_Z,_Z,2016,A,PS,
101644589,P1Y,0,,A,PU,_Z,2,,,False,WB_WDI,WB_WDI_SP_POP_TOTL,EGY,_T,_T,_T,_Z,_Z,_Z,2016,A,PS,
6200800,P1Y,0,,A,PU,_Z,2,,,False,WB_WDI,WB_WDI_SP_POP_TOTL,SLV,_T,_T,_T,_Z,_Z,_Z,2016,A,PS,
1508186,P1Y,0,,A,PU,_Z,2,,,False,WB_WDI,WB_WDI_SP_POP_TOTL,GNQ,_T,_T,_T,_Z,_Z,_Z,2016,A,PS,
3124698,P1Y,0,,A,PU,_Z,2,,,False,WB_WDI,WB_WDI_SP_POP_TOTL,ERI,_T,_T,_T,_Z,_Z,_Z,2016,A,PS,
1315790,P1Y,0,,A,PU,_Z,2,,,False,WB_WDI,WB_WDI_SP_POP_TOTL,EST,_T,_T,_T,_Z,_Z,_Z,2016,A,PS,
1149507,P1Y,0,,A,PU,_Z,2,,,False,WB_WDI,WB_WDI_SP_POP_TOTL,SWZ,_T,_T,_T,_Z,_Z,_Z,2016,A,PS,
106718162,P1Y,0,,A,PU,_Z,2,,,False,WB_WDI,WB_WDI_SP_POP_TOTL,ETH,_T,_T,_T,_Z,_Z,_Z,2016,A,PS,
49463,P1Y,0,,A,PU,_Z,2,,,False,WB_WDI,WB_WDI_SP_POP_TOTL,FRO,_T,_T,_T,_Z,_Z,_Z,2016,A,PS,
919166,P1Y,0,,A,PU,_Z,2,,,False,WB_WDI,WB_WDI_SP_POP_TOTL,FJI,_T,_T,_T,_Z,_Z,_Z,2016,A,PS,
5495303,P1Y,0,,A,PU,_Z,2,,,False,WB_WDI,WB_WDI_SP_POP_TOTL,FIN,_T,_T,_T,_Z,_Z,_Z,2016,A,PS,
66724104,P1Y,0,,A,PU,_Z,2,,,False,WB_WDI,WB_WDI_SP_POP_TOTL,FRA,_T,_T,_T,_Z,_Z,_Z,2016,A,PS,
279178,P1Y,0,,A,PU,_Z,2,,,False,WB_WDI,WB_WDI_SP_POP_TOTL,PYF,_T,_T,_T,_Z,_Z,_Z,2016,A,PS,
145015460,P1Y,0,,A,PU,_Z,2,,,False,WB_WDI,WB_WDI_SP_POP_TOTL,RUS,_T,_T,_T,_Z,_Z,_Z,2016,A,PS,
11919183,P1Y,0,,A,PU,_Z,2,,,False,WB_WDI,WB_WDI_SP_POP_TOTL,RWA,_T,_T,_T,_Z,_Z,_Z,2016,A,PS,
203499,P1Y,0,,A,PU,_Z,2,,,False,WB_WDI,WB_WDI_SP_POP_TOTL,WSM,_T,_T,_T,_Z,_Z,_Z,2016,A,PS,
33101,P1Y,0,,A,PU,_Z,2,,,False,WB_WDI,WB_WDI_SP_POP_TOTL,SMR,_T,_T,_T,_Z,_Z,_Z,2016,A,PS,
203689,P1Y,0,,A,PU,_Z,2,,,False,WB_WDI,WB_WDI_SP_POP_TOTL,STP,_T,_T,_T,_Z,_Z,_Z,2016,A,PS,
30954198,P1Y,0,,A,PU,_Z,2,,,False,WB_WDI,WB_WDI_SP_POP_TOTL,SAU,_T,_T,_T,_Z,_Z,_Z,2016,A,PS,
15034521,P1Y,0,,A,PU,_Z,2,,,False,WB_WDI,WB_WDI_SP_POP_TOTL,SEN,_T,_T,_T,_Z,_Z,_Z,2016,A,PS,
7058322,P1Y,0,,A,PU,_Z,2,,,False,WB_WDI,WB_WDI_SP_POP_TOTL,SRB,_T,_T,_T,_Z,_Z,_Z,2016,A,PS,
94677,P1Y,0,,A,PU,_Z,2,,,False,WB_WDI,WB_WDI_SP_POP_TOTL,SYC,_T,_T,_T,_Z,_Z,_Z,2016,A,PS,
7205328,P1Y,0,,A,PU,_Z,2,,,False,WB_WDI,WB_WDI_SP_POP_TOTL,SLE,_T,_T,_T,_Z,_Z,_Z,2016,A,PS,
5607283,P1Y,0,,A,PU,_Z,2,,,False,WB_WDI,WB_WDI_SP_POP_TOTL,SGP,_T,_T,_T,_Z,_Z,_Z,2016,A,PS,
38249,P1Y,0,,A,PU,_Z,2,,,False,WB_WDI,WB_WDI_SP_POP_TOTL,SXM,_T,_T,_T,_Z,_Z,_Z,2016,A,PS,
74602648,P1Y,0,,A,PU,_Z,2,,,False,WB_WDI,WB_WDI_SP_POP_TOTL,IRN,_T,_T,_T,_Z,_Z,_Z,2007,A,PS,
28391607,P1Y,0,,A,PU,_Z,2,,,False,WB_WDI,WB_WDI_SP_POP_TOTL,IRQ,_T,_T,_T,_Z,_Z,_Z,2007,A,PS,
4398942,P1Y,0,,A,PU,_Z,2,,,False,WB_WDI,WB_WDI_SP_POP_TOTL,IRL,_T,_T,_T,_Z,_Z,_Z,2007,A,PS,
81147,P1Y,0,,A,PU,_Z,2,,,False,WB_WDI,WB_WDI_SP_POP_TOTL,IMN,_T,_T,_T,_Z,_Z,_Z,2007,A,PS,
7180100,P1Y,0,,A,PU,_Z,2,,,False,WB_WDI,WB_WDI_SP_POP_TOTL,ISR,_T,_T,_T,_Z,_Z,_Z,2007,A,PS,
58756247,P1Y,0,,A,PU,_Z,2,,,False,WB_WDI,WB_WDI_SP_POP_TOTL,ITA,_T,_T,_T,_Z,_Z,_Z,2007,A,PS,
2713800,P1Y,0,,A,PU,_Z,2,,,False,WB_WDI,WB_WDI_SP_POP_TOTL,JAM,_T,_T,_T,_Z,_Z,_Z,2007,A,PS,
128001000,P1Y,0,,A,PU,_Z,2,,,False,WB_WDI,WB_WDI_SP_POP_TOTL,JPN,_T,_T,_T,_Z,_Z,_Z,2007,A,PS,
6827227,P1Y,0,,A,PU,_Z,2,,,False,WB_WDI,WB_WDI_SP_POP_TOTL,JOR,_T,_T,_T,_Z,_Z,_Z,2007,A,PS,
16257214,P1Y,0,,A,PU,_Z,2,,,False,WB_WDI,WB_WDI_SP_POP_TOTL,KAZ,_T,_T,_T,_Z,_Z,_Z,2007,A,PS,
38036349,P1Y,0,,A,PU,_Z,2,,,False,WB_WDI,WB_WDI_SP_POP_TOTL,KEN,_T,_T,_T,_Z,_Z,_Z,2007,A,PS,
102068,P1Y,0,,A,PU,_Z,2,,,False,WB_WDI,WB_WDI_SP_POP_TOTL,KIR,_T,_T,_T,_Z,_Z,_Z,2007,A,PS,
24646383,P1Y,0,,A,PU,_Z,2,,,False,WB_WDI,WB_WDI_SP_POP_TOTL,PRK,_T,_T,_T,_Z,_Z,_Z,2007,A,PS,
6346990,P1Y,0,,A,PU,_Z,2,,,False,WB_WDI,WB_WDI_SP_POP_TOTL,LBN,_T,_T,_T,_Z,_Z,_Z,2014,A,PS,
2080089,P1Y,0,,A,PU,_Z,2,,,False,WB_WDI,WB_WDI_SP_POP_TOTL,LSO,_T,_T,_T,_Z,_Z,_Z,2014,A,PS,
4564293,P1Y,0,,A,PU,_Z,2,,,False,WB_WDI,WB_WDI_SP_POP_TOTL,LBR,_T,_T,_T,_Z,_Z,_Z,2014,A,PS,
6427252,P1Y,0,,A,PU,_Z,2,,,False,WB_WDI,WB_WDI_SP_POP_TOTL,LBY,_T,_T,_T,_Z,_Z,_Z,2014,A,PS,
37248,P1Y,0,,A,PU,_Z,2,,,False,WB_WDI,WB_WDI_SP_POP_TOTL,LIE,_T,_T,_T,_Z,_Z,_Z,2014,A,PS,
2937253,P1Y,0,,A,PU,_Z,2,,,False,WB_WDI,WB_WDI_SP_POP_TOTL,LTU,_T,_T,_T,_Z,_Z,_Z,2014,A,PS,
556319,P1Y,0,,A,PU,_Z,2,,,False,WB_WDI,WB_WDI_SP_POP_TOTL,LUX,_T,_T,_T,_Z,_Z,_Z,2014,A,PS,
621700,P1Y,0,,A,PU,_Z,2,,,False,WB_WDI,WB_WDI_SP_POP_TOTL,MAC,_T,_T,_T,_Z,_Z,_Z,2014,A,PS,
24764348,P1Y,0,,A,PU,_Z,2,,,False,WB_WDI,WB_WDI_SP_POP_TOTL,MDG,_T,_T,_T,_Z,_Z,_Z,2014,A,PS,
16621538,P1Y,0,,A,PU,_Z,2,,,False,WB_WDI,WB_WDI_SP_POP_TOTL,MWI,_T,_T,_T,_Z,_Z,_Z,2014,A,PS,
30696137,P1Y,0,,A,PU,_Z,2,,,False,WB_WDI,WB_WDI_SP_POP_TOTL,MYS,_T,_T,_T,_Z,_Z,_Z,2014,A,PS,
40854831,P1Y,0,,A,PU,_Z,2,,,False,WB_WDI,WB_WDI_SP_POP_TOTL,ARG,_T,_T,_T,_Z,_Z,_Z,2009,A,PS,
3066000,P1Y,0,,A,PU,_Z,2,,,False,WB_WDI,WB_WDI_SP_POP_TOTL,ARM,_T,_T,_T,_Z,_Z,_Z,2009,A,PS,
101604,P1Y,0,,A,PU,_Z,2,,,False,WB_WDI,WB_WDI_SP_POP_TOTL,ABW,_T,_T,_T,_Z,_Z,_Z,2009,A,PS,
21691653,P1Y,0,,A,PU,_Z,2,,,False,WB_WDI,WB_WDI_SP_POP_TOTL,AUS,_T,_T,_T,_Z,_Z,_Z,2009,A,PS,
8343323,P1Y,0,,A,PU,_Z,2,,,False,WB_WDI,WB_WDI_SP_POP_TOTL,AUT,_T,_T,_T,_Z,_Z,_Z,2009,A,PS,
8947243,P1Y,0,,A,PU,_Z,2,,,False,WB_WDI,WB_WDI_SP_POP_TOTL,AZE,_T,_T,_T,_Z,_Z,_Z,2009,A,PS,
362810,P1Y,0,,A,PU,_Z,2,,,False,WB_WDI,WB_WDI_SP_POP_TOTL,BHS,_T,_T,_T,_Z,_Z,_Z,2009,A,PS,
1178415,P1Y,0,,A,PU,_Z,2,,,False,WB_WDI,WB_WDI_SP_POP_TOTL,BHR,_T,_T,_T,_Z,_Z,_Z,2009,A,PS,
150873714,P1Y,0,,A,PU,_Z,2,,,False,WB_WDI,WB_WDI_SP_POP_TOTL,BGD,_T,_T,_T,_Z,_Z,_Z,2009,A,PS,
274123,P1Y,0,,A,PU,_Z,2,,,False,WB_WDI,WB_WDI_SP_POP_TOTL,BRB,_T,_T,_T,_Z,_Z,_Z,2009,A,PS,
9504583,P1Y,0,,A,PU,_Z,2,,,False,WB_WDI,WB_WDI_SP_POP_TOTL,BLR,_T,_T,_T,_Z,_Z,_Z,2009,A,PS,
4581958556,P1Y,0,,A,PU,_Z,2,,,False,WB_WDI,WB_WDI_SP_POP_TOTL,IBD,_T,_T,_T,_Z,_Z,_Z,2013,A,PS,
6119970296,P1Y,0,,A,PU,_Z,2,,,False,WB_WDI,WB_WDI_SP_POP_TOTL,IBT,_T,_T,_T,_Z,_Z,_Z,2013,A,PS,
544442648,P1Y,0,,A,PU,_Z,2,,,False,WB_WDI,WB_WDI_SP_POP_TOTL,IDB,_T,_T,_T,_Z,_Z,_Z,2013,A,PS,
993569092,P1Y,0,,A,PU,_Z,2,,,False,WB_WDI,WB_WDI_SP_POP_TOTL,IDX,_T,_T,_T,_Z,_Z,_Z,2013,A,PS,
1538011740,P1Y,0,,A,PU,_Z,2,,,False,WB_WDI,WB_WDI_SP_POP_TOTL,IDA,_T,_T,_T,_Z,_Z,_Z,2013,A,PS,
2225005187,P1Y,0,,A,PU,_Z,2,,,False,WB_WDI,WB_WDI_SP_POP_TOTL,LTE,_T,_T,_T,_Z,_Z,_Z,2013,A,PS,
606683307,P1Y,0,,A,PU,_Z,2,,,False,WB_WDI,WB_WDI_SP_POP_TOTL,LCN,_T,_T,_T,_Z,_Z,_Z,2013,A,PS,
570030910,P1Y,0,,A,PU,_Z,2,,,False,WB_WDI,WB_WDI_SP_POP_TOTL,LAC,_T,_T,_T,_Z,_Z,_Z,2013,A,PS,
590809938,P1Y,0,,A,PU,_Z,2,,,False,WB_WDI,WB_WDI_SP_POP_TOTL,TLA,_T,_T,_T,_Z,_Z,_Z,2013,A,PS,
917783039,P1Y,0,,A,PU,_Z,2,,,False,WB_WDI,WB_WDI_SP_POP_TOTL,LDC,_T,_T,_T,_Z,_Z,_Z,2013,A,PS,
5915255859,P1Y,0,,A,PU,_Z,2,,,False,WB_WDI,WB_WDI_SP_POP_TOTL,LMY,_T,_T,_T,_Z,_Z,_Z,2013,A,PS,
556241191,P1Y,0,,A,PU,_Z,2,,,False,WB_WDI,WB_WDI_SP_POP_TOTL,LIC,_T,_T,_T,_Z,_Z,_Z,2013,A,PS,
2495192785,P1Y,0,,A,PU,_Z,2,,,False,WB_WDI,WB_WDI_SP_POP_TOTL,LMC,_T,_T,_T,_Z,_Z,_Z,2013,A,PS,
16530388,P1Y,0,,A,PU,_Z,2,,,False,WB_WDI,WB_WDI_SP_POP_TOTL,NLD,_T,_T,_T,_Z,_Z,_Z,2009,A,PS,
257250,P1Y,0,,A,PU,_Z,2,,,False,WB_WDI,WB_WDI_SP_POP_TOTL,NCL,_T,_T,_T,_Z,_Z,_Z,2009,A,PS,
4302600,P1Y,0,,A,PU,_Z,2,,,False,WB_WDI,WB_WDI_SP_POP_TOTL,NZL,_T,_T,_T,_Z,_Z,_Z,2009,A,PS,
5656601,P1Y,0,,A,PU,_Z,2,,,False,WB_WDI,WB_WDI_SP_POP_TOTL,NIC,_T,_T,_T,_Z,_Z,_Z,2009,A,PS,
15943675,P1Y,0,,A,PU,_Z,2,,,False,WB_WDI,WB_WDI_SP_POP_TOTL,NER,_T,_T,_T,_Z,_Z,_Z,2009,A,PS,
162049464,P1Y,0,,A,PU,_Z,2,,,False,WB_WDI,WB_WDI_SP_POP_TOTL,NGA,_T,_T,_T,_Z,_Z,_Z,2009,A,PS,
1958782,P1Y,0,,A,PU,_Z,2,,,False,WB_WDI,WB_WDI_SP_POP_TOTL,MKD,_T,_T,_T,_Z,_Z,_Z,2009,A,PS,
55325,P1Y,0,,A,PU,_Z,2,,,False,WB_WDI,WB_WDI_SP_POP_TOTL,MNP,_T,_T,_T,_Z,_Z,_Z,2009,A,PS,
4828726,P1Y,0,,A,PU,_Z,2,,,False,WB_WDI,WB_WDI_SP_POP_TOTL,NOR,_T,_T,_T,_Z,_Z,_Z,2009,A,PS,
2684659,P1Y,0,,A,PU,_Z,2,,,False,WB_WDI,WB_WDI_SP_POP_TOTL,OMN,_T,_T,_T,_Z,_Z,_Z,2009,A,PS,
194376534,P1Y,0,,A,PU,_Z,2,,,False,WB_WDI,WB_WDI_SP_POP_TOTL,PAK,_T,_T,_T,_Z,_Z,_Z,2009,A,PS,
18709,P1Y,0,,A,PU,_Z,2,,,False,WB_WDI,WB_WDI_SP_POP_TOTL,PLW,_T,_T,_T,_Z,_Z,_Z,2009,A,PS,
10396086,P1Y,0,,A,PU,_Z,2,,,False,WB_WDI,WB_WDI_SP_POP_TOTL,GIN,_T,_T,_T,_Z,_Z,_Z,2010,A,PS,
1566347,P1Y,0,,A,PU,_Z,2,,,False,WB_WDI,WB_WDI_SP_POP_TOTL,GNB,_T,_T,_T,_Z,_Z,_Z,2010,A,PS,
749256,P1Y,0,,A,PU,_Z,2,,,False,WB_WDI,WB_WDI_SP_POP_TOTL,GUY,_T,_T,_T,_Z,_Z,_Z,2010,A,PS,
9803294,P1Y,0,,A,PU,_Z,2,,,False,WB_WDI,WB_WDI_SP_POP_TOTL,HTI,_T,_T,_T,_Z,_Z,_Z,2010,A,PS,
8365878,P1Y,0,,A,PU,_Z,2,,,False,WB_WDI,WB_WDI_SP_POP_TOTL,HND,_T,_T,_T,_Z,_Z,_Z,2010,A,PS,
7024200,P1Y,0,,A,PU,_Z,2,,,False,WB_WDI,WB_WDI_SP_POP_TOTL,HKG,_T,_T,_T,_Z,_Z,_Z,2010,A,PS,
10000023,P1Y,0,,A,PU,_Z,2,,,False,WB_WDI,WB_WDI_SP_POP_TOTL,HUN,_T,_T,_T,_Z,_Z,_Z,2010,A,PS,
318041,P1Y,0,,A,PU,_Z,2,,,False,WB_WDI,WB_WDI_SP_POP_TOTL,ISL,_T,_T,_T,_Z,_Z,_Z,2010,A,PS,
1243481564,P1Y,0,,A,PU,_Z,2,,,False,WB_WDI,WB_WDI_SP_POP_TOTL,IND,_T,_T,_T,_Z,_Z,_Z,2010,A,PS,
246305322,P1Y,0,,A,PU,_Z,2,,,False,WB_WDI,WB_WDI_SP_POP_TOTL,IDN,_T,_T,_T,_Z,_Z,_Z,2010,A,PS,
77420842,P1Y,0,,A,PU,_Z,2,,,False,WB_WDI,WB_WDI_SP_POP_TOTL,IRN,_T,_T,_T,_Z,_Z,_Z,2010,A,PS,
292074,P1Y,0,,A,PU,_Z,2,,,False,WB_WDI,WB_WDI_SP_POP_TOTL,ISL,_T,_T,_T,_Z,_Z,_Z,2004,A,PS,
1135991513,P1Y,0,,A,PU,_Z,2,,,False,WB_WDI,WB_WDI_SP_POP_TOTL,IND,_T,_T,_T,_Z,_Z,_Z,2004,A,PS,
227926649,P1Y,0,,A,PU,_Z,2,,,False,WB_WDI,WB_WDI_SP_POP_TOTL,IDN,_T,_T,_T,_Z,_Z,_Z,2004,A,PS,
70256316,P1Y,0,,A,PU,_Z,2,,,False,WB_WDI,WB_WDI_SP_POP_TOTL,IRN,_T,_T,_T,_Z,_Z,_Z,2004,A,PS,
27577878,P1Y,0,,A,PU,_Z,2,,,False,WB_WDI,WB_WDI_SP_POP_TOTL,IRQ,_T,_T,_T,_Z,_Z,_Z,2004,A,PS,
4070262,P1Y,0,,A,PU,_Z,2,,,False,WB_WDI,WB_WDI_SP_POP_TOTL,IRL,_T,_T,_T,_Z,_Z,_Z,2004,A,PS,
78792,P1Y,0,,A,PU,_Z,2,,,False,WB_WDI,WB_WDI_SP_POP_TOTL,IMN,_T,_T,_T,_Z,_Z,_Z,2004,A,PS,
6809000,P1Y,0,,A,PU,_Z,2,,,False,WB_WDI,WB_WDI_SP_POP_TOTL,ISR,_T,_T,_T,_Z,_Z,_Z,2004,A,PS,
57828179,P1Y,0,,A,PU,_Z,2,,,False,WB_WDI,WB_WDI_SP_POP_TOTL,ITA,_T,_T,_T,_Z,_Z,_Z,2004,A,PS,
2672225,P1Y,0,,A,PU,_Z,2,,,False,WB_WDI,WB_WDI_SP_POP_TOTL,JAM,_T,_T,_T,_Z,_Z,_Z,2004,A,PS,
127761000,P1Y,0,,A,PU,_Z,2,,,False,WB_WDI,WB_WDI_SP_POP_TOTL,JPN,_T,_T,_T,_Z,_Z,_Z,2004,A,PS,
5882061,P1Y,0,,A,PU,_Z,2,,,False,WB_WDI,WB_WDI_SP_POP_TOTL,JOR,_T,_T,_T,_Z,_Z,_Z,2004,A,PS,
166543,P1Y,0,,A,PU,_Z,2,,,False,WB_WDI,WB_WDI_SP_POP_TOTL,GUM,_T,_T,_T,_Z,_Z,_Z,2011,A,PS,
14792126,P1Y,0,,A,PU,_Z,2,,,False,WB_WDI,WB_WDI_SP_POP_TOTL,GTM,_T,_T,_T,_Z,_Z,_Z,2011,A,PS,
10656810,P1Y,0,,A,PU,_Z,2,,,False,WB_WDI,WB_WDI_SP_POP_TOTL,GIN,_T,_T,_T,_Z,_Z,_Z,2011,A,PS,
1608076,P1Y,0,,A,PU,_Z,2,,,False,WB_WDI,WB_WDI_SP_POP_TOTL,GNB,_T,_T,_T,_Z,_Z,_Z,2011,A,PS,
746153,P1Y,0,,A,PU,_Z,2,,,False,WB_WDI,WB_WDI_SP_POP_TOTL,GUY,_T,_T,_T,_Z,_Z,_Z,2011,A,PS,
9914904,P1Y,0,,A,PU,_Z,2,,,False,WB_WDI,WB_WDI_SP_POP_TOTL,HTI,_T,_T,_T,_Z,_Z,_Z,2011,A,PS,
8540583,P1Y,0,,A,PU,_Z,2,,,False,WB_WDI,WB_WDI_SP_POP_TOTL,HND,_T,_T,_T,_Z,_Z,_Z,2011,A,PS,
7071600,P1Y,0,,A,PU,_Z,2,,,False,WB_WDI,WB_WDI_SP_POP_TOTL,HKG,_T,_T,_T,_Z,_Z,_Z,2011,A,PS,
9971727,P1Y,0,,A,PU,_Z,2,,,False,WB_WDI,WB_WDI_SP_POP_TOTL,HUN,_T,_T,_T,_Z,_Z,_Z,2011,A,PS,
319014,P1Y,0,,A,PU,_Z,2,,,False,WB_WDI,WB_WDI_SP_POP_TOTL,ISL,_T,_T,_T,_Z,_Z,_Z,2011,A,PS,
1261224954,P1Y,0,,A,PU,_Z,2,,,False,WB_WDI,WB_WDI_SP_POP_TOTL,IND,_T,_T,_T,_Z,_Z,_Z,2011,A,PS,
5281320,P1Y,0,,A,PU,_Z,2,,,False,WB_WDI,WB_WDI_SP_POP_TOTL,TGO,_T,_T,_T,_Z,_Z,_Z,2004,A,PS,
105071,P1Y,0,,A,PU,_Z,2,,,False,WB_WDI,WB_WDI_SP_POP_TOTL,TON,_T,_T,_T,_Z,_Z,_Z,2004,A,PS,
1345380,P1Y,0,,A,PU,_Z,2,,,False,WB_WDI,WB_WDI_SP_POP_TOTL,TTO,_T,_T,_T,_Z,_Z,_Z,2004,A,PS,
10166163,P1Y,0,,A,PU,_Z,2,,,False,WB_WDI,WB_WDI_SP_POP_TOTL,TUN,_T,_T,_T,_Z,_Z,_Z,2004,A,PS,
68592617,P1Y,0,,A,PU,_Z,2,,,False,WB_WDI,WB_WDI_SP_POP_TOTL,TUR,_T,_T,_T,_Z,_Z,_Z,2004,A,PS,
4958093,P1Y,0,,A,PU,_Z,2,,,False,WB_WDI,WB_WDI_SP_POP_TOTL,TKM,_T,_T,_T,_Z,_Z,_Z,2004,A,PS,
22856,P1Y,0,,A,PU,_Z,2,,,False,WB_WDI,WB_WDI_SP_POP_TOTL,TCA,_T,_T,_T,_Z,_Z,_Z,2004,A,PS,
9816,P1Y,0,,A,PU,_Z,2,,,False,WB_WDI,WB_WDI_SP_POP_TOTL,TUV,_T,_T,_T,_Z,_Z,_Z,2004,A,PS,
27154515,P1Y,0,,A,PU,_Z,2,,,False,WB_WDI,WB_WDI_SP_POP_TOTL,UGA,_T,_T,_T,_Z,_Z,_Z,2004,A,PS,
47979507,P1Y,0,,A,PU,_Z,2,,,False,WB_WDI,WB_WDI_SP_POP_TOTL,UKR,_T,_T,_T,_Z,_Z,_Z,2004,A,PS,
4428967,P1Y,0,,A,PU,_Z,2,,,False,WB_WDI,WB_WDI_SP_POP_TOTL,ARE,_T,_T,_T,_Z,_Z,_Z,2004,A,PS,
59987905,P1Y,0,,A,PU,_Z,2,,,False,WB_WDI,WB_WDI_SP_POP_TOTL,GBR,_T,_T,_T,_Z,_Z,_Z,2004,A,PS,
292805298,P1Y,0,,A,PU,_Z,2,,,False,WB_WDI,WB_WDI_SP_POP_TOTL,USA,_T,_T,_T,_Z,_Z,_Z,2004,A,PS,
3283148,P1Y,0,,A,PU,_Z,2,,,False,WB_WDI,WB_WDI_SP_POP_TOTL,URY,_T,_T,_T,_Z,_Z,_Z,2004,A,PS,
16610487,P1Y,0,,A,PU,_Z,2,,,False,WB_WDI,WB_WDI_SP_POP_TOTL,CMR,_T,_T,_T,_Z,_Z,_Z,2004,A,PS,
31938807,P1Y,0,,A,PU,_Z,2,,,False,WB_WDI,WB_WDI_SP_POP_TOTL,CAN,_T,_T,_T,_Z,_Z,_Z,2004,A,PS,
45352,P1Y,0,,A,PU,_Z,2,,,False,WB_WDI,WB_WDI_SP_POP_TOTL,CYM,_T,_T,_T,_Z,_Z,_Z,2004,A,PS,
4192826,P1Y,0,,A,PU,_Z,2,,,False,WB_WDI,WB_WDI_SP_POP_TOTL,CAF,_T,_T,_T,_Z,_Z,_Z,2004,A,PS,
9920036,P1Y,0,,A,PU,_Z,2,,,False,WB_WDI,WB_WDI_SP_POP_TOTL,TCD,_T,_T,_T,_Z,_Z,_Z,2004,A,PS,
152039,P1Y,0,,A,PU,_Z,2,,,False,WB_WDI,WB_WDI_SP_POP_TOTL,CHI,_T,_T,_T,_Z,_Z,_Z,2004,A,PS,
16187322,P1Y,0,,A,PU,_Z,2,,,False,WB_WDI,WB_WDI_SP_POP_TOTL,CHL,_T,_T,_T,_Z,_Z,_Z,2004,A,PS,
1296075000,P1Y,0,,A,PU,_Z,2,,,False,WB_WDI,WB_WDI_SP_POP_TOTL,CHN,_T,_T,_T,_Z,_Z,_Z,2004,A,PS,
41543171,P1Y,0,,A,PU,_Z,2,,,False,WB_WDI,WB_WDI_SP_POP_TOTL,COL,_T,_T,_T,_Z,_Z,_Z,2004,A,PS,
580704,P1Y,0,,A,PU,_Z,2,,,False,WB_WDI,WB_WDI_SP_POP_TOTL,COM,_T,_T,_T,_Z,_Z,_Z,2004,A,PS,
56997741,P1Y,0,,A,PU,_Z,2,,,False,WB_WDI,WB_WDI_SP_POP_TOTL,COD,_T,_T,_T,_Z,_Z,_Z,2004,A,PS,
3565554,P1Y,0,,A,PU,_Z,2,,,False,WB_WDI,WB_WDI_SP_POP_TOTL,COG,_T,_T,_T,_Z,_Z,_Z,2004,A,PS,
4200078,P1Y,0,,A,PU,_Z,2,,,False,WB_WDI,WB_WDI_SP_POP_TOTL,CRI,_T,_T,_T,_Z,_Z,_Z,2004,A,PS,
19595000,P1Y,0,,A,PU,_Z,2,,,False,WB_WDI,WB_WDI_SP_POP_TOTL,CIV,_T,_T,_T,_Z,_Z,_Z,2004,A,PS,
11105163,P1Y,0,,A,PU,_Z,2,,,False,WB_WDI,WB_WDI_SP_POP_TOTL,HTI,_T,_T,_T,_Z,_Z,_Z,2019,A,PS,
9943633,P1Y,0,,A,PU,_Z,2,,,False,WB_WDI,WB_WDI_SP_POP_TOTL,HND,_T,_T,_T,_Z,_Z,_Z,2019,A,PS,
7507900,P1Y,0,,A,PU,_Z,2,,,False,WB_WDI,WB_WDI_SP_POP_TOTL,HKG,_T,_T,_T,_Z,_Z,_Z,2019,A,PS,
9694824,P1Y,0,,A,PU,_Z,2,,,False,WB_WDI,WB_WDI_SP_POP_TOTL,HUN,_T,_T,_T,_Z,_Z,_Z,2019,A,PS,
360563,P1Y,0,,A,PU,_Z,2,,,False,WB_WDI,WB_WDI_SP_POP_TOTL,ISL,_T,_T,_T,_Z,_Z,_Z,2019,A,PS,
1389030312,P1Y,0,,A,PU,_Z,2,,,False,WB_WDI,WB_WDI_SP_POP_TOTL,IND,_T,_T,_T,_Z,_Z,_Z,2019,A,PS,
272489381,P1Y,0,,A,PU,_Z,2,,,False,WB_WDI,WB_WDI_SP_POP_TOTL,IDN,_T,_T,_T,_Z,_Z,_Z,2019,A,PS,
87051648,P1Y,0,,A,PU,_Z,2,,,False,WB_WDI,WB_WDI_SP_POP_TOTL,IRN,_T,_T,_T,_Z,_Z,_Z,2019,A,PS,
41192171,P1Y,0,,A,PU,_Z,2,,,False,WB_WDI,WB_WDI_SP_POP_TOTL,IRQ,_T,_T,_T,_Z,_Z,_Z,2019,A,PS,
4976456,P1Y,0,,A,PU,_Z,2,,,False,WB_WDI,WB_WDI_SP_POP_TOTL,IRL,_T,_T,_T,_Z,_Z,_Z,2019,A,PS,
83957,P1Y,0,,A,PU,_Z,2,,,False,WB_WDI,WB_WDI_SP_POP_TOTL,IMN,_T,_T,_T,_Z,_Z,_Z,2019,A,PS,
9054000,P1Y,0,,A,PU,_Z,2,,,False,WB_WDI,WB_WDI_SP_POP_TOTL,ISR,_T,_T,_T,_Z,_Z,_Z,2019,A,PS,
2299141,P1Y,0,,A,PU,_Z,2,,,False,WB_WDI,WB_WDI_SP_POP_TOTL,BWA,_T,_T,_T,_Z,_Z,_Z,2018,A,PS,
206107261,P1Y,0,,A,PU,_Z,2,,,False,WB_WDI,WB_WDI_SP_POP_TOTL,BRA,_T,_T,_T,_Z,_Z,_Z,2018,A,PS,
34657,P1Y,0,,A,PU,_Z,2,,,False,WB_WDI,WB_WDI_SP_POP_TOTL,VGB,_T,_T,_T,_Z,_Z,_Z,2018,A,PS,
437810,P1Y,0,,A,PU,_Z,2,,,False,WB_WDI,WB_WDI_SP_POP_TOTL,BRN,_T,_T,_T,_Z,_Z,_Z,2018,A,PS,
6710798,P1Y,0,,A,PU,_Z,2,,,False,WB_WDI,WB_WDI_SP_POP_TOTL,BGR,_T,_T,_T,_Z,_Z,_Z,2018,A,PS,
20438288,P1Y,0,,A,PU,_Z,2,,,False,WB_WDI,WB_WDI_SP_POP_TOTL,BFA,_T,_T,_T,_Z,_Z,_Z,2018,A,PS,
11859446,P1Y,0,,A,PU,_Z,2,,,False,WB_WDI,WB_WDI_SP_POP_TOTL,BDI,_T,_T,_T,_Z,_Z,_Z,2018,A,PS,
513415,P1Y,0,,A,PU,_Z,2,,,False,WB_WDI,WB_WDI_SP_POP_TOTL,CPV,_T,_T,_T,_Z,_Z,_Z,2018,A,PS,
16274522,P1Y,0,,A,PU,_Z,2,,,False,WB_WDI,WB_WDI_SP_POP_TOTL,KHM,_T,_T,_T,_Z,_Z,_Z,2018,A,PS,
24806383,P1Y,0,,A,PU,_Z,2,,,False,WB_WDI,WB_WDI_SP_POP_TOTL,CMR,_T,_T,_T,_Z,_Z,_Z,2018,A,PS,
37072620,P1Y,0,,A,PU,_Z,2,,,False,WB_WDI,WB_WDI_SP_POP_TOTL,CAN,_T,_T,_T,_Z,_Z,_Z,2018,A,PS,
106467,P1Y,0,,A,PU,_Z,2,,,False,WB_WDI,WB_WDI_SP_POP_TOTL,KIR,_T,_T,_T,_Z,_Z,_Z,2009,A,PS,
24878332,P1Y,0,,A,PU,_Z,2,,,False,WB_WDI,WB_WDI_SP_POP_TOTL,PRK,_T,_T,_T,_Z,_Z,_Z,2009,A,PS,
49307835,P1Y,0,,A,PU,_Z,2,,,False,WB_WDI,WB_WDI_SP_POP_TOTL,KOR,_T,_T,_T,_Z,_Z,_Z,2009,A,PS,
1794681,P1Y,0,,A,PU,_Z,2,,,False,WB_WDI,WB_WDI_SP_POP_TOTL,XKX,_T,_T,_T,_Z,_Z,_Z,2009,A,PS,
2795484,P1Y,0,,A,PU,_Z,2,,,False,WB_WDI,WB_WDI_SP_POP_TOTL,KWT,_T,_T,_T,_Z,_Z,_Z,2009,A,PS,
5389643,P1Y,0,,A,PU,_Z,2,,,False,WB_WDI,WB_WDI_SP_POP_TOTL,KGZ,_T,_T,_T,_Z,_Z,_Z,2009,A,PS,
6241642,P1Y,0,,A,PU,_Z,2,,,False,WB_WDI,WB_WDI_SP_POP_TOTL,LAO,_T,_T,_T,_Z,_Z,_Z,2009,A,PS,
2141669,P1Y,0,,A,PU,_Z,2,,,False,WB_WDI,WB_WDI_SP_POP_TOTL,LVA,_T,_T,_T,_Z,_Z,_Z,2009,A,PS,
4992287,P1Y,0,,A,PU,_Z,2,,,False,WB_WDI,WB_WDI_SP_POP_TOTL,LBN,_T,_T,_T,_Z,_Z,_Z,2009,A,PS,
1980883,P1Y,0,,A,PU,_Z,2,,,False,WB_WDI,WB_WDI_SP_POP_TOTL,LSO,_T,_T,_T,_Z,_Z,_Z,2009,A,PS,
3943028,P1Y,0,,A,PU,_Z,2,,,False,WB_WDI,WB_WDI_SP_POP_TOTL,LBR,_T,_T,_T,_Z,_Z,_Z,2009,A,PS,
6366686,P1Y,0,,A,PU,_Z,2,,,False,WB_WDI,WB_WDI_SP_POP_TOTL,LBY,_T,_T,_T,_Z,_Z,_Z,2009,A,PS,
35742,P1Y,0,,A,PU,_Z,2,,,False,WB_WDI,WB_WDI_SP_POP_TOTL,LIE,_T,_T,_T,_Z,_Z,_Z,2009,A,PS,
3619034,P1Y,0,,A,PU,_Z,2,,,False,WB_WDI,WB_WDI_SP_POP_TOTL,MRT,_T,_T,_T,_Z,_Z,_Z,2012,A,PS,
1255882,P1Y,0,,A,PU,_Z,2,,,False,WB_WDI,WB_WDI_SP_POP_TOTL,MUS,_T,_T,_T,_Z,_Z,_Z,2012,A,PS,
116818208,P1Y,0,,A,PU,_Z,2,,,False,WB_WDI,WB_WDI_SP_POP_TOTL,MEX,_T,_T,_T,_Z,_Z,_Z,2012,A,PS,
107890,P1Y,0,,A,PU,_Z,2,,,False,WB_WDI,WB_WDI_SP_POP_TOTL,FSM,_T,_T,_T,_Z,_Z,_Z,2012,A,PS,
2860324,P1Y,0,,A,PU,_Z,2,,,False,WB_WDI,WB_WDI_SP_POP_TOTL,MDA,_T,_T,_T,_Z,_Z,_Z,2012,A,PS,
34711,P1Y,0,,A,PU,_Z,2,,,False,WB_WDI,WB_WDI_SP_POP_TOTL,MCO,_T,_T,_T,_Z,_Z,_Z,2012,A,PS,
2839705,P1Y,0,,A,PU,_Z,2,,,False,WB_WDI,WB_WDI_SP_POP_TOTL,MNG,_T,_T,_T,_Z,_Z,_Z,2012,A,PS,
621418,P1Y,0,,A,PU,_Z,2,,,False,WB_WDI,WB_WDI_SP_POP_TOTL,MNE,_T,_T,_T,_Z,_Z,_Z,2012,A,PS,
33355241,P1Y,0,,A,PU,_Z,2,,,False,WB_WDI,WB_WDI_SP_POP_TOTL,MAR,_T,_T,_T,_Z,_Z,_Z,2012,A,PS,
24337846,P1Y,0,,A,PU,_Z,2,,,False,WB_WDI,WB_WDI_SP_POP_TOTL,MOZ,_T,_T,_T,_Z,_Z,_Z,2012,A,PS,
49837446,P1Y,0,,A,PU,_Z,2,,,False,WB_WDI,WB_WDI_SP_POP_TOTL,MMR,_T,_T,_T,_Z,_Z,_Z,2012,A,PS,
36395539,P1Y,0,,A,PU,_Z,2,,,False,WB_WDI,WB_WDI_SP_POP_TOTL,UGA,_T,_T,_T,_Z,_Z,_Z,2014,A,PS,
45972380,P1Y,0,,A,PU,_Z,2,,,False,WB_WDI,WB_WDI_SP_POP_TOTL,UKR,_T,_T,_T,_Z,_Z,_Z,2014,A,PS,
8059440,P1Y,0,,A,PU,_Z,2,,,False,WB_WDI,WB_WDI_SP_POP_TOTL,ARE,_T,_T,_T,_Z,_Z,_Z,2014,A,PS,
64619000,P1Y,0,,A,PU,_Z,2,,,False,WB_WDI,WB_WDI_SP_POP_TOTL,GBR,_T,_T,_T,_Z,_Z,_Z,2014,A,PS,
319257560,P1Y,0,,A,PU,_Z,2,,,False,WB_WDI,WB_WDI_SP_POP_TOTL,USA,_T,_T,_T,_Z,_Z,_Z,2014,A,PS,
3356334,P1Y,0,,A,PU,_Z,2,,,False,WB_WDI,WB_WDI_SP_POP_TOTL,URY,_T,_T,_T,_Z,_Z,_Z,2014,A,PS,
30222994,P1Y,0,,A,PU,_Z,2,,,False,WB_WDI,WB_WDI_SP_POP_TOTL,UZB,_T,_T,_T,_Z,_Z,_Z,2014,A,PS,
260240,P1Y,0,,A,PU,_Z,2,,,False,WB_WDI,WB_WDI_SP_POP_TOTL,VUT,_T,_T,_T,_Z,_Z,_Z,2014,A,PS,
30254079,P1Y,0,,A,PU,_Z,2,,,False,WB_WDI,WB_WDI_SP_POP_TOTL,VEN,_T,_T,_T,_Z,_Z,_Z,2014,A,PS,
91679578,P1Y,0,,A,PU,_Z,2,,,False,WB_WDI,WB_WDI_SP_POP_TOTL,VNM,_T,_T,_T,_Z,_Z,_Z,2014,A,PS,
107882,P1Y,0,,A,PU,_Z,2,,,False,WB_WDI,WB_WDI_SP_POP_TOTL,VIR,_T,_T,_T,_Z,_Z,_Z,2014,A,PS,
4173398,P1Y,0,,A,PU,_Z,2,,,False,WB_WDI,WB_WDI_SP_POP_TOTL,PSE,_T,_T,_T,_Z,_Z,_Z,2014,A,PS,
13935174,P1Y,0,,A,PU,_Z,2,,,False,WB_WDI,WB_WDI_SP_POP_TOTL,GTM,_T,_T,_T,_Z,_Z,_Z,2008,A,PS,
9898870,P1Y,0,,A,PU,_Z,2,,,False,WB_WDI,WB_WDI_SP_POP_TOTL,GIN,_T,_T,_T,_Z,_Z,_Z,2008,A,PS,
1488054,P1Y,0,,A,PU,_Z,2,,,False,WB_WDI,WB_WDI_SP_POP_TOTL,GNB,_T,_T,_T,_Z,_Z,_Z,2008,A,PS,
754606,P1Y,0,,A,PU,_Z,2,,,False,WB_WDI,WB_WDI_SP_POP_TOTL,GUY,_T,_T,_T,_Z,_Z,_Z,2008,A,PS,
9530774,P1Y,0,,A,PU,_Z,2,,,False,WB_WDI,WB_WDI_SP_POP_TOTL,HTI,_T,_T,_T,_Z,_Z,_Z,2008,A,PS,
8012587,P1Y,0,,A,PU,_Z,2,,,False,WB_WDI,WB_WDI_SP_POP_TOTL,HND,_T,_T,_T,_Z,_Z,_Z,2008,A,PS,
6957800,P1Y,0,,A,PU,_Z,2,,,False,WB_WDI,WB_WDI_SP_POP_TOTL,HKG,_T,_T,_T,_Z,_Z,_Z,2008,A,PS,
10038188,P1Y,0,,A,PU,_Z,2,,,False,WB_WDI,WB_WDI_SP_POP_TOTL,HUN,_T,_T,_T,_Z,_Z,_Z,2008,A,PS,
317414,P1Y,0,,A,PU,_Z,2,,,False,WB_WDI,WB_WDI_SP_POP_TOTL,ISL,_T,_T,_T,_Z,_Z,_Z,2008,A,PS,
1207930964,P1Y,0,,A,PU,_Z,2,,,False,WB_WDI,WB_WDI_SP_POP_TOTL,IND,_T,_T,_T,_Z,_Z,_Z,2008,A,PS,
240157903,P1Y,0,,A,PU,_Z,2,,,False,WB_WDI,WB_WDI_SP_POP_TOTL,IDN,_T,_T,_T,_Z,_Z,_Z,2008,A,PS,
75514204,P1Y,0,,A,PU,_Z,2,,,False,WB_WDI,WB_WDI_SP_POP_TOTL,IRN,_T,_T,_T,_Z,_Z,_Z,2008,A,PS,
110647,P1Y,0,,A,PU,_Z,2,,,False,WB_WDI,WB_WDI_SP_POP_TOTL,KIR,_T,_T,_T,_Z,_Z,_Z,2011,A,PS,
25097874,P1Y,0,,A,PU,_Z,2,,,False,WB_WDI,WB_WDI_SP_POP_TOTL,PRK,_T,_T,_T,_Z,_Z,_Z,2011,A,PS,
49936638,P1Y,0,,A,PU,_Z,2,,,False,WB_WDI,WB_WDI_SP_POP_TOTL,KOR,_T,_T,_T,_Z,_Z,_Z,2011,A,PS,
1791949,P1Y,0,,A,PU,_Z,2,,,False,WB_WDI,WB_WDI_SP_POP_TOTL,XKX,_T,_T,_T,_Z,_Z,_Z,2011,A,PS,
3132814,P1Y,0,,A,PU,_Z,2,,,False,WB_WDI,WB_WDI_SP_POP_TOTL,KWT,_T,_T,_T,_Z,_Z,_Z,2011,A,PS,
5546587,P1Y,0,,A,PU,_Z,2,,,False,WB_WDI,WB_WDI_SP_POP_TOTL,KGZ,_T,_T,_T,_Z,_Z,_Z,2011,A,PS,
6426590,P1Y,0,,A,PU,_Z,2,,,False,WB_WDI,WB_WDI_SP_POP_TOTL,LAO,_T,_T,_T,_Z,_Z,_Z,2011,A,PS,
2059709,P1Y,0,,A,PU,_Z,2,,,False,WB_WDI,WB_WDI_SP_POP_TOTL,LVA,_T,_T,_T,_Z,_Z,_Z,2011,A,PS,
5096020,P1Y,0,,A,PU,_Z,2,,,False,WB_WDI,WB_WDI_SP_POP_TOTL,LBN,_T,_T,_T,_Z,_Z,_Z,2011,A,PS,
2014009,P1Y,0,,A,PU,_Z,2,,,False,WB_WDI,WB_WDI_SP_POP_TOTL,LSO,_T,_T,_T,_Z,_Z,_Z,2011,A,PS,
4221178,P1Y,0,,A,PU,_Z,2,,,False,WB_WDI,WB_WDI_SP_POP_TOTL,LBR,_T,_T,_T,_Z,_Z,_Z,2011,A,PS,
6343203,P1Y,0,,A,PU,_Z,2,,,False,WB_WDI,WB_WDI_SP_POP_TOTL,LBY,_T,_T,_T,_Z,_Z,_Z,2011,A,PS,
36312,P1Y,0,,A,PU,_Z,2,,,False,WB_WDI,WB_WDI_SP_POP_TOTL,LIE,_T,_T,_T,_Z,_Z,_Z,2011,A,PS,
12525842,P1Y,0,,A,PU,_Z,2,,,False,WB_WDI,WB_WDI_SP_POP_TOTL,GTM,_T,_T,_T,_Z,_Z,_Z,2003,A,PS,
8870781,P1Y,0,,A,PU,_Z,2,,,False,WB_WDI,WB_WDI_SP_POP_TOTL,GIN,_T,_T,_T,_Z,_Z,_Z,2003,A,PS,
1318806,P1Y,0,,A,PU,_Z,2,,,False,WB_WDI,WB_WDI_SP_POP_TOTL,GNB,_T,_T,_T,_Z,_Z,_Z,2003,A,PS,
763101,P1Y,0,,A,PU,_Z,2,,,False,WB_WDI,WB_WDI_SP_POP_TOTL,GUY,_T,_T,_T,_Z,_Z,_Z,2003,A,PS,
8759912,P1Y,0,,A,PU,_Z,2,,,False,WB_WDI,WB_WDI_SP_POP_TOTL,HTI,_T,_T,_T,_Z,_Z,_Z,2003,A,PS,
7119213,P1Y,0,,A,PU,_Z,2,,,False,WB_WDI,WB_WDI_SP_POP_TOTL,HND,_T,_T,_T,_Z,_Z,_Z,2003,A,PS,
6730800,P1Y,0,,A,PU,_Z,2,,,False,WB_WDI,WB_WDI_SP_POP_TOTL,HKG,_T,_T,_T,_Z,_Z,_Z,2003,A,PS,
10129552,P1Y,0,,A,PU,_Z,2,,,False,WB_WDI,WB_WDI_SP_POP_TOTL,HUN,_T,_T,_T,_Z,_Z,_Z,2003,A,PS,
289521,P1Y,0,,A,PU,_Z,2,,,False,WB_WDI,WB_WDI_SP_POP_TOTL,ISL,_T,_T,_T,_Z,_Z,_Z,2003,A,PS,
1116803006,P1Y,0,,A,PU,_Z,2,,,False,WB_WDI,WB_WDI_SP_POP_TOTL,IND,_T,_T,_T,_Z,_Z,_Z,2003,A,PS,
225048008,P1Y,0,,A,PU,_Z,2,,,False,WB_WDI,WB_WDI_SP_POP_TOTL,IDN,_T,_T,_T,_Z,_Z,_Z,2003,A,PS,
68769340,P1Y,0,,A,PU,_Z,2,,,False,WB_WDI,WB_WDI_SP_POP_TOTL,IRN,_T,_T,_T,_Z,_Z,_Z,2003,A,PS,
5200000,P1Y,0,,A,PU,_Z,2,,,False,WB_WDI,WB_WDI_SP_POP_TOTL,NZL,_T,_T,_T,_Z,_Z,_Z,2023,A,PS,
6823613,P1Y,0,,A,PU,_Z,2,,,False,WB_WDI,WB_WDI_SP_POP_TOTL,NIC,_T,_T,_T,_Z,_Z,_Z,2023,A,PS,
26159867,P1Y,0,,A,PU,_Z,2,,,False,WB_WDI,WB_WDI_SP_POP_TOTL,NER,_T,_T,_T,_Z,_Z,_Z,2023,A,PS,
227882945,P1Y,0,,A,PU,_Z,2,,,False,WB_WDI,WB_WDI_SP_POP_TOTL,NGA,_T,_T,_T,_Z,_Z,_Z,2023,A,PS,
1827816,P1Y,0,,A,PU,_Z,2,,,False,WB_WDI,WB_WDI_SP_POP_TOTL,MKD,_T,_T,_T,_Z,_Z,_Z,2023,A,PS,
45143,P1Y,0,,A,PU,_Z,2,,,False,WB_WDI,WB_WDI_SP_POP_TOTL,MNP,_T,_T,_T,_Z,_Z,_Z,2023,A,PS,
5519601,P1Y,0,,A,PU,_Z,2,,,False,WB_WDI,WB_WDI_SP_POP_TOTL,NOR,_T,_T,_T,_Z,_Z,_Z,2023,A,PS,
5049269,P1Y,0,,A,PU,_Z,2,,,False,WB_WDI,WB_WDI_SP_POP_TOTL,OMN,_T,_T,_T,_Z,_Z,_Z,2023,A,PS,
247504495,P1Y,0,,A,PU,_Z,2,,,False,WB_WDI,WB_WDI_SP_POP_TOTL,PAK,_T,_T,_T,_Z,_Z,_Z,2023,A,PS,
17727,P1Y,0,,A,PU,_Z,2,,,False,WB_WDI,WB_WDI_SP_POP_TOTL,PLW,_T,_T,_T,_Z,_Z,_Z,2023,A,PS,
4458759,P1Y,0,,A,PU,_Z,2,,,False,WB_WDI,WB_WDI_SP_POP_TOTL,PAN,_T,_T,_T,_Z,_Z,_Z,2023,A,PS,
10389635,P1Y,0,,A,PU,_Z,2,,,False,WB_WDI,WB_WDI_SP_POP_TOTL,PNG,_T,_T,_T,_Z,_Z,_Z,2023,A,PS,
6844146,P1Y,0,,A,PU,_Z,2,,,False,WB_WDI,WB_WDI_SP_POP_TOTL,PRY,_T,_T,_T,_Z,_Z,_Z,2023,A,PS,
33845617,P1Y,0,,A,PU,_Z,2,,,False,WB_WDI,WB_WDI_SP_POP_TOTL,PER,_T,_T,_T,_Z,_Z,_Z,2023,A,PS,
65026211,P1Y,0,,A,PU,_Z,2,,,False,WB_WDI,WB_WDI_SP_POP_TOTL,FRA,_T,_T,_T,_Z,_Z,_Z,2010,A,PS,
270580,P1Y,0,,A,PU,_Z,2,,,False,WB_WDI,WB_WDI_SP_POP_TOTL,PYF,_T,_T,_T,_Z,_Z,_Z,2010,A,PS,
1719879,P1Y,0,,A,PU,_Z,2,,,False,WB_WDI,WB_WDI_SP_POP_TOTL,GAB,_T,_T,_T,_Z,_Z,_Z,2010,A,PS,
1926630,P1Y,0,,A,PU,_Z,2,,,False,WB_WDI,WB_WDI_SP_POP_TOTL,GMB,_T,_T,_T,_Z,_Z,_Z,2010,A,PS,
3786695,P1Y,0,,A,PU,_Z,2,,,False,WB_WDI,WB_WDI_SP_POP_TOTL,GEO,_T,_T,_T,_Z,_Z,_Z,2010,A,PS,
81776930,P1Y,0,,A,PU,_Z,2,,,False,WB_WDI,WB_WDI_SP_POP_TOTL,DEU,_T,_T,_T,_Z,_Z,_Z,2010,A,PS,
25474995,P1Y,0,,A,PU,_Z,2,,,False,WB_WDI,WB_WDI_SP_POP_TOTL,GHA,_T,_T,_T,_Z,_Z,_Z,2010,A,PS,
31248,P1Y,0,,A,PU,_Z,2,,,False,WB_WDI,WB_WDI_SP_POP_TOTL,GIB,_T,_T,_T,_Z,_Z,_Z,2010,A,PS,
11121341,P1Y,0,,A,PU,_Z,2,,,False,WB_WDI,WB_WDI_SP_POP_TOTL,GRC,_T,_T,_T,_Z,_Z,_Z,2010,A,PS,
56534,P1Y,0,,A,PU,_Z,2,,,False,WB_WDI,WB_WDI_SP_POP_TOTL,GRL,_T,_T,_T,_Z,_Z,_Z,2010,A,PS,
111586,P1Y,0,,A,PU,_Z,2,,,False,WB_WDI,WB_WDI_SP_POP_TOTL,GRD,_T,_T,_T,_Z,_Z,_Z,2010,A,PS,
166522,P1Y,0,,A,PU,_Z,2,,,False,WB_WDI,WB_WDI_SP_POP_TOTL,GUM,_T,_T,_T,_Z,_Z,_Z,2010,A,PS,
14500112,P1Y,0,,A,PU,_Z,2,,,False,WB_WDI,WB_WDI_SP_POP_TOTL,GTM,_T,_T,_T,_Z,_Z,_Z,2010,A,PS,
109666481,P1Y,0,,A,PU,_Z,2,,,False,WB_WDI,WB_WDI_SP_POP_TOTL,ETH,_T,_T,_T,_Z,_Z,_Z,2017,A,PS,
50179,P1Y,0,,A,PU,_Z,2,,,False,WB_WDI,WB_WDI_SP_POP_TOTL,FRO,_T,_T,_T,_Z,_Z,_Z,2017,A,PS,
918759,P1Y,0,,A,PU,_Z,2,,,False,WB_WDI,WB_WDI_SP_POP_TOTL,FJI,_T,_T,_T,_Z,_Z,_Z,2017,A,PS,
5508214,P1Y,0,,A,PU,_Z,2,,,False,WB_WDI,WB_WDI_SP_POP_TOTL,FIN,_T,_T,_T,_Z,_Z,_Z,2017,A,PS,
66918020,P1Y,0,,A,PU,_Z,2,,,False,WB_WDI,WB_WDI_SP_POP_TOTL,FRA,_T,_T,_T,_Z,_Z,_Z,2017,A,PS,
280087,P1Y,0,,A,PU,_Z,2,,,False,WB_WDI,WB_WDI_SP_POP_TOTL,PYF,_T,_T,_T,_Z,_Z,_Z,2017,A,PS,
2156900,P1Y,0,,A,PU,_Z,2,,,False,WB_WDI,WB_WDI_SP_POP_TOTL,GAB,_T,_T,_T,_Z,_Z,_Z,2017,A,PS,
2342189,P1Y,0,,A,PU,_Z,2,,,False,WB_WDI,WB_WDI_SP_POP_TOTL,GMB,_T,_T,_T,_Z,_Z,_Z,2017,A,PS,
3728004,P1Y,0,,A,PU,_Z,2,,,False,WB_WDI,WB_WDI_SP_POP_TOTL,GEO,_T,_T,_T,_Z,_Z,_Z,2017,A,PS,
82657002,P1Y,0,,A,PU,_Z,2,,,False,WB_WDI,WB_WDI_SP_POP_TOTL,DEU,_T,_T,_T,_Z,_Z,_Z,2017,A,PS,
30008354,P1Y,0,,A,PU,_Z,2,,,False,WB_WDI,WB_WDI_SP_POP_TOTL,GHA,_T,_T,_T,_Z,_Z,_Z,2017,A,PS,
34245,P1Y,0,,A,PU,_Z,2,,,False,WB_WDI,WB_WDI_SP_POP_TOTL,GIB,_T,_T,_T,_Z,_Z,_Z,2017,A,PS,
16615394,P1Y,0,,A,PU,_Z,2,,,False,WB_WDI,WB_WDI_SP_POP_TOTL,NLD,_T,_T,_T,_Z,_Z,_Z,2010,A,PS,
261582,P1Y,0,,A,PU,_Z,2,,,False,WB_WDI,WB_WDI_SP_POP_TOTL,NCL,_T,_T,_T,_Z,_Z,_Z,2010,A,PS,
4350700,P1Y,0,,A,PU,_Z,2,,,False,WB_WDI,WB_WDI_SP_POP_TOTL,NZL,_T,_T,_T,_Z,_Z,_Z,2010,A,PS,
5737450,P1Y,0,,A,PU,_Z,2,,,False,WB_WDI,WB_WDI_SP_POP_TOTL,NIC,_T,_T,_T,_Z,_Z,_Z,2010,A,PS,
16548835,P1Y,0,,A,PU,_Z,2,,,False,WB_WDI,WB_WDI_SP_POP_TOTL,NER,_T,_T,_T,_Z,_Z,_Z,2010,A,PS,
166642886,P1Y,0,,A,PU,_Z,2,,,False,WB_WDI,WB_WDI_SP_POP_TOTL,NGA,_T,_T,_T,_Z,_Z,_Z,2010,A,PS,
1946298,P1Y,0,,A,PU,_Z,2,,,False,WB_WDI,WB_WDI_SP_POP_TOTL,MKD,_T,_T,_T,_Z,_Z,_Z,2010,A,PS,
54091,P1Y,0,,A,PU,_Z,2,,,False,WB_WDI,WB_WDI_SP_POP_TOTL,MNP,_T,_T,_T,_Z,_Z,_Z,2010,A,PS,
4889252,P1Y,0,,A,PU,_Z,2,,,False,WB_WDI,WB_WDI_SP_POP_TOTL,NOR,_T,_T,_T,_Z,_Z,_Z,2010,A,PS,
2757446,P1Y,0,,A,PU,_Z,2,,,False,WB_WDI,WB_WDI_SP_POP_TOTL,OMN,_T,_T,_T,_Z,_Z,_Z,2010,A,PS,
199239047,P1Y,0,,A,PU,_Z,2,,,False,WB_WDI,WB_WDI_SP_POP_TOTL,PAK,_T,_T,_T,_Z,_Z,_Z,2010,A,PS,
18396,P1Y,0,,A,PU,_Z,2,,,False,WB_WDI,WB_WDI_SP_POP_TOTL,PLW,_T,_T,_T,_Z,_Z,_Z,2010,A,PS,
48790,P1Y,0,,A,PU,_Z,2,,,False,WB_WDI,WB_WDI_SP_POP_TOTL,FRO,_T,_T,_T,_Z,_Z,_Z,2009,A,PS,
907239,P1Y,0,,A,PU,_Z,2,,,False,WB_WDI,WB_WDI_SP_POP_TOTL,FJI,_T,_T,_T,_Z,_Z,_Z,2009,A,PS,
5338871,P1Y,0,,A,PU,_Z,2,,,False,WB_WDI,WB_WDI_SP_POP_TOTL,FIN,_T,_T,_T,_Z,_Z,_Z,2009,A,PS,
64706436,P1Y,0,,A,PU,_Z,2,,,False,WB_WDI,WB_WDI_SP_POP_TOTL,FRA,_T,_T,_T,_Z,_Z,_Z,2009,A,PS,
269481,P1Y,0,,A,PU,_Z,2,,,False,WB_WDI,WB_WDI_SP_POP_TOTL,PYF,_T,_T,_T,_Z,_Z,_Z,2009,A,PS,
1661556,P1Y,0,,A,PU,_Z,2,,,False,WB_WDI,WB_WDI_SP_POP_TOTL,GAB,_T,_T,_T,_Z,_Z,_Z,2009,A,PS,
1871422,P1Y,0,,A,PU,_Z,2,,,False,WB_WDI,WB_WDI_SP_POP_TOTL,GMB,_T,_T,_T,_Z,_Z,_Z,2009,A,PS,
3814419,P1Y,0,,A,PU,_Z,2,,,False,WB_WDI,WB_WDI_SP_POP_TOTL,GEO,_T,_T,_T,_Z,_Z,_Z,2009,A,PS,
81902307,P1Y,0,,A,PU,_Z,2,,,False,WB_WDI,WB_WDI_SP_POP_TOTL,DEU,_T,_T,_T,_Z,_Z,_Z,2009,A,PS,
24862664,P1Y,0,,A,PU,_Z,2,,,False,WB_WDI,WB_WDI_SP_POP_TOTL,GHA,_T,_T,_T,_Z,_Z,_Z,2009,A,PS,
30823,P1Y,0,,A,PU,_Z,2,,,False,WB_WDI,WB_WDI_SP_POP_TOTL,GIB,_T,_T,_T,_Z,_Z,_Z,2009,A,PS,
11107017,P1Y,0,,A,PU,_Z,2,,,False,WB_WDI,WB_WDI_SP_POP_TOTL,GRC,_T,_T,_T,_Z,_Z,_Z,2009,A,PS,
56323,P1Y,0,,A,PU,_Z,2,,,False,WB_WDI,WB_WDI_SP_POP_TOTL,GRL,_T,_T,_T,_Z,_Z,_Z,2009,A,PS,
696192,P1Y,0,,A,PU,_Z,2,,,False,WB_WDI,WB_WDI_SP_POP_TOTL,COM,_T,_T,_T,_Z,_Z,_Z,2013,A,PS,
75789395,P1Y,0,,A,PU,_Z,2,,,False,WB_WDI,WB_WDI_SP_POP_TOTL,COD,_T,_T,_T,_Z,_Z,_Z,2013,A,PS,
4857099,P1Y,0,,A,PU,_Z,2,,,False,WB_WDI,WB_WDI_SP_POP_TOTL,COG,_T,_T,_T,_Z,_Z,_Z,2013,A,PS,
4716147,P1Y,0,,A,PU,_Z,2,,,False,WB_WDI,WB_WDI_SP_POP_TOTL,CRI,_T,_T,_T,_Z,_Z,_Z,2013,A,PS,
23939775,P1Y,0,,A,PU,_Z,2,,,False,WB_WDI,WB_WDI_SP_POP_TOTL,CIV,_T,_T,_T,_Z,_Z,_Z,2013,A,PS,
4233922,P1Y,0,,A,PU,_Z,2,,,False,WB_WDI,WB_WDI_SP_POP_TOTL,HRV,_T,_T,_T,_Z,_Z,_Z,2013,A,PS,
11298167,P1Y,0,,A,PU,_Z,2,,,False,WB_WDI,WB_WDI_SP_POP_TOTL,CUB,_T,_T,_T,_Z,_Z,_Z,2013,A,PS,
153822,P1Y,0,,A,PU,_Z,2,,,False,WB_WDI,WB_WDI_SP_POP_TOTL,CUW,_T,_T,_T,_Z,_Z,_Z,2013,A,PS,
1183895,P1Y,0,,A,PU,_Z,2,,,False,WB_WDI,WB_WDI_SP_POP_TOTL,CYP,_T,_T,_T,_Z,_Z,_Z,2013,A,PS,
10514272,P1Y,0,,A,PU,_Z,2,,,False,WB_WDI,WB_WDI_SP_POP_TOTL,CZE,_T,_T,_T,_Z,_Z,_Z,2013,A,PS,
5614932,P1Y,0,,A,PU,_Z,2,,,False,WB_WDI,WB_WDI_SP_POP_TOTL,DNK,_T,_T,_T,_Z,_Z,_Z,2013,A,PS,
59729081,P1Y,0,,A,PU,_Z,2,,,False,WB_WDI,WB_WDI_SP_POP_TOTL,ITA,_T,_T,_T,_Z,_Z,_Z,2019,A,PS,
2823271,P1Y,0,,A,PU,_Z,2,,,False,WB_WDI,WB_WDI_SP_POP_TOTL,JAM,_T,_T,_T,_Z,_Z,_Z,2019,A,PS,
126633000,P1Y,0,,A,PU,_Z,2,,,False,WB_WDI,WB_WDI_SP_POP_TOTL,JPN,_T,_T,_T,_Z,_Z,_Z,2019,A,PS,
10671891,P1Y,0,,A,PU,_Z,2,,,False,WB_WDI,WB_WDI_SP_POP_TOTL,JOR,_T,_T,_T,_Z,_Z,_Z,2019,A,PS,
19209555,P1Y,0,,A,PU,_Z,2,,,False,WB_WDI,WB_WDI_SP_POP_TOTL,KAZ,_T,_T,_T,_Z,_Z,_Z,2019,A,PS,
51202827,P1Y,0,,A,PU,_Z,2,,,False,WB_WDI,WB_WDI_SP_POP_TOTL,KEN,_T,_T,_T,_Z,_Z,_Z,2019,A,PS,
123921,P1Y,0,,A,PU,_Z,2,,,False,WB_WDI,WB_WDI_SP_POP_TOTL,KIR,_T,_T,_T,_Z,_Z,_Z,2019,A,PS,
26037632,P1Y,0,,A,PU,_Z,2,,,False,WB_WDI,WB_WDI_SP_POP_TOTL,PRK,_T,_T,_T,_Z,_Z,_Z,2019,A,PS,
51764822,P1Y,0,,A,PU,_Z,2,,,False,WB_WDI,WB_WDI_SP_POP_TOTL,KOR,_T,_T,_T,_Z,_Z,_Z,2019,A,PS,
1788891,P1Y,0,,A,PU,_Z,2,,,False,WB_WDI,WB_WDI_SP_POP_TOTL,XKX,_T,_T,_T,_Z,_Z,_Z,2019,A,PS,
4442316,P1Y,0,,A,PU,_Z,2,,,False,WB_WDI,WB_WDI_SP_POP_TOTL,KWT,_T,_T,_T,_Z,_Z,_Z,2019,A,PS,
15710066,P1Y,0,,A,PU,_Z,2,,,False,WB_WDI,WB_WDI_SP_POP_TOTL,BFA,_T,_T,_T,_Z,_Z,_Z,2009,A,PS,
8947646,P1Y,0,,A,PU,_Z,2,,,False,WB_WDI,WB_WDI_SP_POP_TOTL,BDI,_T,_T,_T,_Z,_Z,_Z,2009,A,PS,
506141,P1Y,0,,A,PU,_Z,2,,,False,WB_WDI,WB_WDI_SP_POP_TOTL,CPV,_T,_T,_T,_Z,_Z,_Z,2009,A,PS,
14276810,P1Y,0,,A,PU,_Z,2,,,False,WB_WDI,WB_WDI_SP_POP_TOTL,KHM,_T,_T,_T,_Z,_Z,_Z,2009,A,PS,
19113974,P1Y,0,,A,PU,_Z,2,,,False,WB_WDI,WB_WDI_SP_POP_TOTL,CMR,_T,_T,_T,_Z,_Z,_Z,2009,A,PS,
33630069,P1Y,0,,A,PU,_Z,2,,,False,WB_WDI,WB_WDI_SP_POP_TOTL,CAN,_T,_T,_T,_Z,_Z,_Z,2009,A,PS,
52618,P1Y,0,,A,PU,_Z,2,,,False,WB_WDI,WB_WDI_SP_POP_TOTL,CYM,_T,_T,_T,_Z,_Z,_Z,2009,A,PS,
4529047,P1Y,0,,A,PU,_Z,2,,,False,WB_WDI,WB_WDI_SP_POP_TOTL,CAF,_T,_T,_T,_Z,_Z,_Z,2009,A,PS,
11893754,P1Y,0,,A,PU,_Z,2,,,False,WB_WDI,WB_WDI_SP_POP_TOTL,TCD,_T,_T,_T,_Z,_Z,_Z,2009,A,PS,
157511,P1Y,0,,A,PU,_Z,2,,,False,WB_WDI,WB_WDI_SP_POP_TOTL,CHI,_T,_T,_T,_Z,_Z,_Z,2009,A,PS,
17009731,P1Y,0,,A,PU,_Z,2,,,False,WB_WDI,WB_WDI_SP_POP_TOTL,CHL,_T,_T,_T,_Z,_Z,_Z,2009,A,PS,
1331260000,P1Y,0,,A,PU,_Z,2,,,False,WB_WDI,WB_WDI_SP_POP_TOTL,CHN,_T,_T,_T,_Z,_Z,_Z,2009,A,PS,
899917,P1Y,0,,A,PU,_Z,2,,,False,WB_WDI,WB_WDI_SP_POP_TOTL,GNQ,_T,_T,_T,_Z,_Z,_Z,2004,A,PS,
2598284,P1Y,0,,A,PU,_Z,2,,,False,WB_WDI,WB_WDI_SP_POP_TOTL,ERI,_T,_T,_T,_Z,_Z,_Z,2004,A,PS,
1362550,P1Y,0,,A,PU,_Z,2,,,False,WB_WDI,WB_WDI_SP_POP_TOTL,EST,_T,_T,_T,_Z,_Z,_Z,2004,A,PS,
1073159,P1Y,0,,A,PU,_Z,2,,,False,WB_WDI,WB_WDI_SP_POP_TOTL,SWZ,_T,_T,_T,_Z,_Z,_Z,2004,A,PS,
76077206,P1Y,0,,A,PU,_Z,2,,,False,WB_WDI,WB_WDI_SP_POP_TOTL,ETH,_T,_T,_T,_Z,_Z,_Z,2004,A,PS,
48384,P1Y,0,,A,PU,_Z,2,,,False,WB_WDI,WB_WDI_SP_POP_TOTL,FRO,_T,_T,_T,_Z,_Z,_Z,2004,A,PS,
874366,P1Y,0,,A,PU,_Z,2,,,False,WB_WDI,WB_WDI_SP_POP_TOTL,FJI,_T,_T,_T,_Z,_Z,_Z,2004,A,PS,
5228172,P1Y,0,,A,PU,_Z,2,,,False,WB_WDI,WB_WDI_SP_POP_TOTL,FIN,_T,_T,_T,_Z,_Z,_Z,2004,A,PS,
62707588,P1Y,0,,A,PU,_Z,2,,,False,WB_WDI,WB_WDI_SP_POP_TOTL,FRA,_T,_T,_T,_Z,_Z,_Z,2004,A,PS,
255654,P1Y,0,,A,PU,_Z,2,,,False,WB_WDI,WB_WDI_SP_POP_TOTL,PYF,_T,_T,_T,_Z,_Z,_Z,2004,A,PS,
1421609,P1Y,0,,A,PU,_Z,2,,,False,WB_WDI,WB_WDI_SP_POP_TOTL,GAB,_T,_T,_T,_Z,_Z,_Z,2004,A,PS,
1621312,P1Y,0,,A,PU,_Z,2,,,False,WB_WDI,WB_WDI_SP_POP_TOTL,GMB,_T,_T,_T,_Z,_Z,_Z,2004,A,PS,
3927340,P1Y,0,,A,PU,_Z,2,,,False,WB_WDI,WB_WDI_SP_POP_TOTL,GEO,_T,_T,_T,_Z,_Z,_Z,2004,A,PS,
82516260,P1Y,0,,A,PU,_Z,2,,,False,WB_WDI,WB_WDI_SP_POP_TOTL,DEU,_T,_T,_T,_Z,_Z,_Z,2004,A,PS,
11235073,P1Y,0,,A,PU,_Z,2,,,False,WB_WDI,WB_WDI_SP_POP_TOTL,SSD,_T,_T,_T,_Z,_Z,_Z,2014,A,PS,
46460733,P1Y,0,,A,PU,_Z,2,,,False,WB_WDI,WB_WDI_SP_POP_TOTL,ESP,_T,_T,_T,_Z,_Z,_Z,2014,A,PS,
20778000,P1Y,0,,A,PU,_Z,2,,,False,WB_WDI,WB_WDI_SP_POP_TOTL,LKA,_T,_T,_T,_Z,_Z,_Z,2014,A,PS,
47089,P1Y,0,,A,PU,_Z,2,,,False,WB_WDI,WB_WDI_SP_POP_TOTL,KNA,_T,_T,_T,_Z,_Z,_Z,2014,A,PS,
174138,P1Y,0,,A,PU,_Z,2,,,False,WB_WDI,WB_WDI_SP_POP_TOTL,LCA,_T,_T,_T,_Z,_Z,_Z,2014,A,PS,
37450,P1Y,0,,A,PU,_Z,2,,,False,WB_WDI,WB_WDI_SP_POP_TOTL,MAF,_T,_T,_T,_Z,_Z,_Z,2014,A,PS,
107535,P1Y,0,,A,PU,_Z,2,,,False,WB_WDI,WB_WDI_SP_POP_TOTL,VCT,_T,_T,_T,_Z,_Z,_Z,2014,A,PS,
38823318,P1Y,0,,A,PU,_Z,2,,,False,WB_WDI,WB_WDI_SP_POP_TOTL,SDN,_T,_T,_T,_Z,_Z,_Z,2014,A,PS,
575373,P1Y,0,,A,PU,_Z,2,,,False,WB_WDI,WB_WDI_SP_POP_TOTL,SUR,_T,_T,_T,_Z,_Z,_Z,2014,A,PS,
9696110,P1Y,0,,A,PU,_Z,2,,,False,WB_WDI,WB_WDI_SP_POP_TOTL,SWE,_T,_T,_T,_Z,_Z,_Z,2014,A,PS,
8188649,P1Y,0,,A,PU,_Z,2,,,False,WB_WDI,WB_WDI_SP_POP_TOTL,CHE,_T,_T,_T,_Z,_Z,_Z,2014,A,PS,
20273659,P1Y,0,,A,PU,_Z,2,,,False,WB_WDI,WB_WDI_SP_POP_TOTL,SYR,_T,_T,_T,_Z,_Z,_Z,2014,A,PS,
8425552,P1Y,0,,A,PU,_Z,2,,,False,WB_WDI,WB_WDI_SP_POP_TOTL,TJK,_T,_T,_T,_Z,_Z,_Z,2014,A,PS,
5505148,P1Y,0,,A,PU,_Z,2,,,False,WB_WDI,WB_WDI_SP_POP_TOTL,PRY,_T,_T,_T,_Z,_Z,_Z,2006,A,PS,
28324491,P1Y,0,,A,PU,_Z,2,,,False,WB_WDI,WB_WDI_SP_POP_TOTL,PER,_T,_T,_T,_Z,_Z,_Z,2006,A,PS,
89508986,P1Y,0,,A,PU,_Z,2,,,False,WB_WDI,WB_WDI_SP_POP_TOTL,PHL,_T,_T,_T,_Z,_Z,_Z,2006,A,PS,
38141267,P1Y,0,,A,PU,_Z,2,,,False,WB_WDI,WB_WDI_SP_POP_TOTL,POL,_T,_T,_T,_Z,_Z,_Z,2006,A,PS,
10522288,P1Y,0,,A,PU,_Z,2,,,False,WB_WDI,WB_WDI_SP_POP_TOTL,PRT,_T,_T,_T,_Z,_Z,_Z,2006,A,PS,
3805214,P1Y,0,,A,PU,_Z,2,,,False,WB_WDI,WB_WDI_SP_POP_TOTL,PRI,_T,_T,_T,_Z,_Z,_Z,2006,A,PS,
972831,P1Y,0,,A,PU,_Z,2,,,False,WB_WDI,WB_WDI_SP_POP_TOTL,QAT,_T,_T,_T,_Z,_Z,_Z,2006,A,PS,
21193760,P1Y,0,,A,PU,_Z,2,,,False,WB_WDI,WB_WDI_SP_POP_TOTL,ROU,_T,_T,_T,_Z,_Z,_Z,2006,A,PS,
143049637,P1Y,0,,A,PU,_Z,2,,,False,WB_WDI,WB_WDI_SP_POP_TOTL,RUS,_T,_T,_T,_Z,_Z,_Z,2006,A,PS,
9299246,P1Y,0,,A,PU,_Z,2,,,False,WB_WDI,WB_WDI_SP_POP_TOTL,RWA,_T,_T,_T,_Z,_Z,_Z,2006,A,PS,
187709,P1Y,0,,A,PU,_Z,2,,,False,WB_WDI,WB_WDI_SP_POP_TOTL,WSM,_T,_T,_T,_Z,_Z,_Z,2006,A,PS,
30184,P1Y,0,,A,PU,_Z,2,,,False,WB_WDI,WB_WDI_SP_POP_TOTL,SMR,_T,_T,_T,_Z,_Z,_Z,2006,A,PS,
165638,P1Y,0,,A,PU,_Z,2,,,False,WB_WDI,WB_WDI_SP_POP_TOTL,STP,_T,_T,_T,_Z,_Z,_Z,2006,A,PS,
20058035,P1Y,0,,A,PU,_Z,2,,,False,WB_WDI,WB_WDI_SP_POP_TOTL,ROU,_T,_T,_T,_Z,_Z,_Z,2012,A,PS,
143378447,P1Y,0,,A,PU,_Z,2,,,False,WB_WDI,WB_WDI_SP_POP_TOTL,RUS,_T,_T,_T,_Z,_Z,_Z,2012,A,PS,
10829901,P1Y,0,,A,PU,_Z,2,,,False,WB_WDI,WB_WDI_SP_POP_TOTL,RWA,_T,_T,_T,_Z,_Z,_Z,2012,A,PS,
196498,P1Y,0,,A,PU,_Z,2,,,False,WB_WDI,WB_WDI_SP_POP_TOTL,WSM,_T,_T,_T,_Z,_Z,_Z,2012,A,PS,
33469,P1Y,0,,A,PU,_Z,2,,,False,WB_WDI,WB_WDI_SP_POP_TOTL,SMR,_T,_T,_T,_Z,_Z,_Z,2012,A,PS,
189439,P1Y,0,,A,PU,_Z,2,,,False,WB_WDI,WB_WDI_SP_POP_TOTL,STP,_T,_T,_T,_Z,_Z,_Z,2012,A,PS,
26168861,P1Y,0,,A,PU,_Z,2,,,False,WB_WDI,WB_WDI_SP_POP_TOTL,SAU,_T,_T,_T,_Z,_Z,_Z,2012,A,PS,
13310495,P1Y,0,,A,PU,_Z,2,,,False,WB_WDI,WB_WDI_SP_POP_TOTL,SEN,_T,_T,_T,_Z,_Z,_Z,2012,A,PS,
7201497,P1Y,0,,A,PU,_Z,2,,,False,WB_WDI,WB_WDI_SP_POP_TOTL,SRB,_T,_T,_T,_Z,_Z,_Z,2012,A,PS,
88303,P1Y,0,,A,PU,_Z,2,,,False,WB_WDI,WB_WDI_SP_POP_TOTL,SYC,_T,_T,_T,_Z,_Z,_Z,2012,A,PS,
6551080,P1Y,0,,A,PU,_Z,2,,,False,WB_WDI,WB_WDI_SP_POP_TOTL,SLE,_T,_T,_T,_Z,_Z,_Z,2012,A,PS,
2874299,P1Y,0,,A,PU,_Z,2,,,False,WB_WDI,WB_WDI_SP_POP_TOTL,MDA,_T,_T,_T,_Z,_Z,_Z,2007,A,PS,
31837,P1Y,0,,A,PU,_Z,2,,,False,WB_WDI,WB_WDI_SP_POP_TOTL,MCO,_T,_T,_T,_Z,_Z,_Z,2007,A,PS,
2601850,P1Y,0,,A,PU,_Z,2,,,False,WB_WDI,WB_WDI_SP_POP_TOTL,MNG,_T,_T,_T,_Z,_Z,_Z,2007,A,PS,
615875,P1Y,0,,A,PU,_Z,2,,,False,WB_WDI,WB_WDI_SP_POP_TOTL,MNE,_T,_T,_T,_Z,_Z,_Z,2007,A,PS,
31186468,P1Y,0,,A,PU,_Z,2,,,False,WB_WDI,WB_WDI_SP_POP_TOTL,MAR,_T,_T,_T,_Z,_Z,_Z,2007,A,PS,
21287635,P1Y,0,,A,PU,_Z,2,,,False,WB_WDI,WB_WDI_SP_POP_TOTL,MOZ,_T,_T,_T,_Z,_Z,_Z,2007,A,PS,
48125043,P1Y,0,,A,PU,_Z,2,,,False,WB_WDI,WB_WDI_SP_POP_TOTL,MMR,_T,_T,_T,_Z,_Z,_Z,2007,A,PS,
2018600,P1Y,0,,A,PU,_Z,2,,,False,WB_WDI,WB_WDI_SP_POP_TOTL,NAM,_T,_T,_T,_Z,_Z,_Z,2007,A,PS,
10020,P1Y,0,,A,PU,_Z,2,,,False,WB_WDI,WB_WDI_SP_POP_TOTL,NRU,_T,_T,_T,_Z,_Z,_Z,2007,A,PS,
26788492,P1Y,0,,A,PU,_Z,2,,,False,WB_WDI,WB_WDI_SP_POP_TOTL,NPL,_T,_T,_T,_Z,_Z,_Z,2007,A,PS,
16381696,P1Y,0,,A,PU,_Z,2,,,False,WB_WDI,WB_WDI_SP_POP_TOTL,NLD,_T,_T,_T,_Z,_Z,_Z,2007,A,PS,
250725,P1Y,0,,A,PU,_Z,2,,,False,WB_WDI,WB_WDI_SP_POP_TOTL,NCL,_T,_T,_T,_Z,_Z,_Z,2007,A,PS,
1777568,P1Y,0,,A,PU,_Z,2,,,False,WB_WDI,WB_WDI_SP_POP_TOTL,XKX,_T,_T,_T,_Z,_Z,_Z,2016,A,PS,
4004096,P1Y,0,,A,PU,_Z,2,,,False,WB_WDI,WB_WDI_SP_POP_TOTL,KWT,_T,_T,_T,_Z,_Z,_Z,2016,A,PS,
6175338,P1Y,0,,A,PU,_Z,2,,,False,WB_WDI,WB_WDI_SP_POP_TOTL,KGZ,_T,_T,_T,_Z,_Z,_Z,2016,A,PS,
6908802,P1Y,0,,A,PU,_Z,2,,,False,WB_WDI,WB_WDI_SP_POP_TOTL,LAO,_T,_T,_T,_Z,_Z,_Z,2016,A,PS,
1959537,P1Y,0,,A,PU,_Z,2,,,False,WB_WDI,WB_WDI_SP_POP_TOTL,LVA,_T,_T,_T,_Z,_Z,_Z,2016,A,PS,
6323060,P1Y,0,,A,PU,_Z,2,,,False,WB_WDI,WB_WDI_SP_POP_TOTL,LBN,_T,_T,_T,_Z,_Z,_Z,2016,A,PS,
2130422,P1Y,0,,A,PU,_Z,2,,,False,WB_WDI,WB_WDI_SP_POP_TOTL,LSO,_T,_T,_T,_Z,_Z,_Z,2016,A,PS,
4755608,P1Y,0,,A,PU,_Z,2,,,False,WB_WDI,WB_WDI_SP_POP_TOTL,LBR,_T,_T,_T,_Z,_Z,_Z,2016,A,PS,
6632126,P1Y,0,,A,PU,_Z,2,,,False,WB_WDI,WB_WDI_SP_POP_TOTL,LBY,_T,_T,_T,_Z,_Z,_Z,2016,A,PS,
37716,P1Y,0,,A,PU,_Z,2,,,False,WB_WDI,WB_WDI_SP_POP_TOTL,LIE,_T,_T,_T,_Z,_Z,_Z,2016,A,PS,
2877325,P1Y,0,,A,PU,_Z,2,,,False,WB_WDI,WB_WDI_SP_POP_TOTL,LTU,_T,_T,_T,_Z,_Z,_Z,2016,A,PS,
582014,P1Y,0,,A,PU,_Z,2,,,False,WB_WDI,WB_WDI_SP_POP_TOTL,LUX,_T,_T,_T,_Z,_Z,_Z,2016,A,PS,
11209057,P1Y,0,,A,PU,_Z,2,,,False,WB_WDI,WB_WDI_SP_POP_TOTL,BEL,_T,_T,_T,_Z,_Z,_Z,2014,A,PS,
348923,P1Y,0,,A,PU,_Z,2,,,False,WB_WDI,WB_WDI_SP_POP_TOTL,BLZ,_T,_T,_T,_Z,_Z,_Z,2014,A,PS,
11030004,P1Y,0,,A,PU,_Z,2,,,False,WB_WDI,WB_WDI_SP_POP_TOTL,BEN,_T,_T,_T,_Z,_Z,_Z,2014,A,PS,
63529,P1Y,0,,A,PU,_Z,2,,,False,WB_WDI,WB_WDI_SP_POP_TOTL,BMU,_T,_T,_T,_Z,_Z,_Z,2014,A,PS,
733139,P1Y,0,,A,PU,_Z,2,,,False,WB_WDI,WB_WDI_SP_POP_TOTL,BTN,_T,_T,_T,_Z,_Z,_Z,2014,A,PS,
10848888,P1Y,0,,A,PU,_Z,2,,,False,WB_WDI,WB_WDI_SP_POP_TOTL,BOL,_T,_T,_T,_Z,_Z,_Z,2014,A,PS,
3564829,P1Y,0,,A,PU,_Z,2,,,False,WB_WDI,WB_WDI_SP_POP_TOTL,BIH,_T,_T,_T,_Z,_Z,_Z,2014,A,PS,
2172044,P1Y,0,,A,PU,_Z,2,,,False,WB_WDI,WB_WDI_SP_POP_TOTL,BWA,_T,_T,_T,_Z,_Z,_Z,2014,A,PS,
200085127,P1Y,0,,A,PU,_Z,2,,,False,WB_WDI,WB_WDI_SP_POP_TOTL,BRA,_T,_T,_T,_Z,_Z,_Z,2014,A,PS,
32962,P1Y,0,,A,PU,_Z,2,,,False,WB_WDI,WB_WDI_SP_POP_TOTL,VGB,_T,_T,_T,_Z,_Z,_Z,2014,A,PS,
416750,P1Y,0,,A,PU,_Z,2,,,False,WB_WDI,WB_WDI_SP_POP_TOTL,BRN,_T,_T,_T,_Z,_Z,_Z,2014,A,PS,
7073572,P1Y,0,,A,PU,_Z,2,,,False,WB_WDI,WB_WDI_SP_POP_TOTL,BGR,_T,_T,_T,_Z,_Z,_Z,2014,A,PS,
2194654,P1Y,0,,A,PU,_Z,2,,,False,WB_WDI,WB_WDI_SP_POP_TOTL,NAM,_T,_T,_T,_Z,_Z,_Z,2012,A,PS,
10267,P1Y,0,,A,PU,_Z,2,,,False,WB_WDI,WB_WDI_SP_POP_TOTL,NRU,_T,_T,_T,_Z,_Z,_Z,2012,A,PS,
27534915,P1Y,0,,A,PU,_Z,2,,,False,WB_WDI,WB_WDI_SP_POP_TOTL,NPL,_T,_T,_T,_Z,_Z,_Z,2012,A,PS,
16754962,P1Y,0,,A,PU,_Z,2,,,False,WB_WDI,WB_WDI_SP_POP_TOTL,NLD,_T,_T,_T,_Z,_Z,_Z,2012,A,PS,
271633,P1Y,0,,A,PU,_Z,2,,,False,WB_WDI,WB_WDI_SP_POP_TOTL,NCL,_T,_T,_T,_Z,_Z,_Z,2012,A,PS,
4408100,P1Y,0,,A,PU,_Z,2,,,False,WB_WDI,WB_WDI_SP_POP_TOTL,NZL,_T,_T,_T,_Z,_Z,_Z,2012,A,PS,
5901287,P1Y,0,,A,PU,_Z,2,,,False,WB_WDI,WB_WDI_SP_POP_TOTL,NIC,_T,_T,_T,_Z,_Z,_Z,2012,A,PS,
17836769,P1Y,0,,A,PU,_Z,2,,,False,WB_WDI,WB_WDI_SP_POP_TOTL,NER,_T,_T,_T,_Z,_Z,_Z,2012,A,PS,
176200625,P1Y,0,,A,PU,_Z,2,,,False,WB_WDI,WB_WDI_SP_POP_TOTL,NGA,_T,_T,_T,_Z,_Z,_Z,2012,A,PS,
1929821,P1Y,0,,A,PU,_Z,2,,,False,WB_WDI,WB_WDI_SP_POP_TOTL,MKD,_T,_T,_T,_Z,_Z,_Z,2012,A,PS,
53234,P1Y,0,,A,PU,_Z,2,,,False,WB_WDI,WB_WDI_SP_POP_TOTL,MNP,_T,_T,_T,_Z,_Z,_Z,2012,A,PS,
5018573,P1Y,0,,A,PU,_Z,2,,,False,WB_WDI,WB_WDI_SP_POP_TOTL,NOR,_T,_T,_T,_Z,_Z,_Z,2012,A,PS,
3547106,P1Y,0,,A,PU,_Z,2,,,False,WB_WDI,WB_WDI_SP_POP_TOTL,OMN,_T,_T,_T,_Z,_Z,_Z,2012,A,PS,
2868833,P1Y,0,,A,PU,_Z,2,,,False,WB_WDI,WB_WDI_SP_POP_TOTL,MDA,_T,_T,_T,_Z,_Z,_Z,2008,A,PS,
31836,P1Y,0,,A,PU,_Z,2,,,False,WB_WDI,WB_WDI_SP_POP_TOTL,MCO,_T,_T,_T,_Z,_Z,_Z,2008,A,PS,
2643201,P1Y,0,,A,PU,_Z,2,,,False,WB_WDI,WB_WDI_SP_POP_TOTL,MNG,_T,_T,_T,_Z,_Z,_Z,2008,A,PS,
616969,P1Y,0,,A,PU,_Z,2,,,False,WB_WDI,WB_WDI_SP_POP_TOTL,MNE,_T,_T,_T,_Z,_Z,_Z,2008,A,PS,
31606767,P1Y,0,,A,PU,_Z,2,,,False,WB_WDI,WB_WDI_SP_POP_TOTL,MAR,_T,_T,_T,_Z,_Z,_Z,2008,A,PS,
21819036,P1Y,0,,A,PU,_Z,2,,,False,WB_WDI,WB_WDI_SP_POP_TOTL,MOZ,_T,_T,_T,_Z,_Z,_Z,2008,A,PS,
48390793,P1Y,0,,A,PU,_Z,2,,,False,WB_WDI,WB_WDI_SP_POP_TOTL,MMR,_T,_T,_T,_Z,_Z,_Z,2008,A,PS,
2047056,P1Y,0,,A,PU,_Z,2,,,False,WB_WDI,WB_WDI_SP_POP_TOTL,NAM,_T,_T,_T,_Z,_Z,_Z,2008,A,PS,
10009,P1Y,0,,A,PU,_Z,2,,,False,WB_WDI,WB_WDI_SP_POP_TOTL,NRU,_T,_T,_T,_Z,_Z,_Z,2008,A,PS,
26990037,P1Y,0,,A,PU,_Z,2,,,False,WB_WDI,WB_WDI_SP_POP_TOTL,NPL,_T,_T,_T,_Z,_Z,_Z,2008,A,PS,
16445593,P1Y,0,,A,PU,_Z,2,,,False,WB_WDI,WB_WDI_SP_POP_TOTL,NLD,_T,_T,_T,_Z,_Z,_Z,2008,A,PS,
253825,P1Y,0,,A,PU,_Z,2,,,False,WB_WDI,WB_WDI_SP_POP_TOTL,NCL,_T,_T,_T,_Z,_Z,_Z,2008,A,PS,
4259800,P1Y,0,,A,PU,_Z,2,,,False,WB_WDI,WB_WDI_SP_POP_TOTL,NZL,_T,_T,_T,_Z,_Z,_Z,2008,A,PS,
110729,P1Y,0,,A,PU,_Z,2,,,False,WB_WDI,WB_WDI_SP_POP_TOTL,FSM,_T,_T,_T,_Z,_Z,_Z,2006,A,PS,
2880967,P1Y,0,,A,PU,_Z,2,,,False,WB_WDI,WB_WDI_SP_POP_TOTL,MDA,_T,_T,_T,_Z,_Z,_Z,2006,A,PS,
32057,P1Y,0,,A,PU,_Z,2,,,False,WB_WDI,WB_WDI_SP_POP_TOTL,MCO,_T,_T,_T,_Z,_Z,_Z,2006,A,PS,
2567168,P1Y,0,,A,PU,_Z,2,,,False,WB_WDI,WB_WDI_SP_POP_TOTL,MNG,_T,_T,_T,_Z,_Z,_Z,2006,A,PS,
615025,P1Y,0,,A,PU,_Z,2,,,False,WB_WDI,WB_WDI_SP_POP_TOTL,MNE,_T,_T,_T,_Z,_Z,_Z,2006,A,PS,
30771178,P1Y,0,,A,PU,_Z,2,,,False,WB_WDI,WB_WDI_SP_POP_TOTL,MAR,_T,_T,_T,_Z,_Z,_Z,2006,A,PS,
20787087,P1Y,0,,A,PU,_Z,2,,,False,WB_WDI,WB_WDI_SP_POP_TOTL,MOZ,_T,_T,_T,_Z,_Z,_Z,2006,A,PS,
47785135,P1Y,0,,A,PU,_Z,2,,,False,WB_WDI,WB_WDI_SP_POP_TOTL,MMR,_T,_T,_T,_Z,_Z,_Z,2006,A,PS,
1991888,P1Y,0,,A,PU,_Z,2,,,False,WB_WDI,WB_WDI_SP_POP_TOTL,NAM,_T,_T,_T,_Z,_Z,_Z,2006,A,PS,
10034,P1Y,0,,A,PU,_Z,2,,,False,WB_WDI,WB_WDI_SP_POP_TOTL,NRU,_T,_T,_T,_Z,_Z,_Z,2006,A,PS,
26565425,P1Y,0,,A,PU,_Z,2,,,False,WB_WDI,WB_WDI_SP_POP_TOTL,NPL,_T,_T,_T,_Z,_Z,_Z,2006,A,PS,
16346101,P1Y,0,,A,PU,_Z,2,,,False,WB_WDI,WB_WDI_SP_POP_TOTL,NLD,_T,_T,_T,_Z,_Z,_Z,2006,A,PS,
247547,P1Y,0,,A,PU,_Z,2,,,False,WB_WDI,WB_WDI_SP_POP_TOTL,NCL,_T,_T,_T,_Z,_Z,_Z,2006,A,PS,
587206002,P1Y,0,,A,PU,_Z,2,,,False,WB_WDI,WB_WDI_SP_POP_TOTL,LAC,_T,_T,_T,_Z,_Z,_Z,2016,A,PS,
609017063,P1Y,0,,A,PU,_Z,2,,,False,WB_WDI,WB_WDI_SP_POP_TOTL,TLA,_T,_T,_T,_Z,_Z,_Z,2016,A,PS,
984757534,P1Y,0,,A,PU,_Z,2,,,False,WB_WDI,WB_WDI_SP_POP_TOTL,LDC,_T,_T,_T,_Z,_Z,_Z,2016,A,PS,
6153938165,P1Y,0,,A,PU,_Z,2,,,False,WB_WDI,WB_WDI_SP_POP_TOTL,LMY,_T,_T,_T,_Z,_Z,_Z,2016,A,PS,
600009187,P1Y,0,,A,PU,_Z,2,,,False,WB_WDI,WB_WDI_SP_POP_TOTL,LIC,_T,_T,_T,_Z,_Z,_Z,2016,A,PS,
2612496538,P1Y,0,,A,PU,_Z,2,,,False,WB_WDI,WB_WDI_SP_POP_TOTL,LMC,_T,_T,_T,_Z,_Z,_Z,2016,A,PS,
707023525,P1Y,0,,A,PU,_Z,2,,,False,WB_WDI,WB_WDI_SP_POP_TOTL,MEA,_T,_T,_T,_Z,_Z,_Z,2016,A,PS,
645837915,P1Y,0,,A,PU,_Z,2,,,False,WB_WDI,WB_WDI_SP_POP_TOTL,MNA,_T,_T,_T,_Z,_Z,_Z,2016,A,PS,
641470827,P1Y,0,,A,PU,_Z,2,,,False,WB_WDI,WB_WDI_SP_POP_TOTL,TMN,_T,_T,_T,_Z,_Z,_Z,2016,A,PS,
5553928978,P1Y,0,,A,PU,_Z,2,,,False,WB_WDI,WB_WDI_SP_POP_TOTL,MIC,_T,_T,_T,_Z,_Z,_Z,2016,A,PS,
360527592,P1Y,0,,A,PU,_Z,2,,,False,WB_WDI,WB_WDI_SP_POP_TOTL,NAC,_T,_T,_T,_Z,_Z,_Z,2016,A,PS,
1340141055,P1Y,0,,A,PU,_Z,2,,,False,WB_WDI,WB_WDI_SP_POP_TOTL,OED,_T,_T,_T,_Z,_Z,_Z,2016,A,PS,
3022000,P1Y,0,,A,PU,_Z,2,,,False,WB_WDI,WB_WDI_SP_POP_TOTL,ARM,_T,_T,_T,_Z,_Z,_Z,2013,A,PS,
105675,P1Y,0,,A,PU,_Z,2,,,False,WB_WDI,WB_WDI_SP_POP_TOTL,ABW,_T,_T,_T,_Z,_Z,_Z,2013,A,PS,
23128129,P1Y,0,,A,PU,_Z,2,,,False,WB_WDI,WB_WDI_SP_POP_TOTL,AUS,_T,_T,_T,_Z,_Z,_Z,2013,A,PS,
8479823,P1Y,0,,A,PU,_Z,2,,,False,WB_WDI,WB_WDI_SP_POP_TOTL,AUT,_T,_T,_T,_Z,_Z,_Z,2013,A,PS,
9416801,P1Y,0,,A,PU,_Z,2,,,False,WB_WDI,WB_WDI_SP_POP_TOTL,AZE,_T,_T,_T,_Z,_Z,_Z,2013,A,PS,
378953,P1Y,0,,A,PU,_Z,2,,,False,WB_WDI,WB_WDI_SP_POP_TOTL,BHS,_T,_T,_T,_Z,_Z,_Z,2013,A,PS,
1253191,P1Y,0,,A,PU,_Z,2,,,False,WB_WDI,WB_WDI_SP_POP_TOTL,BHR,_T,_T,_T,_Z,_Z,_Z,2013,A,PS,
156532141,P1Y,0,,A,PU,_Z,2,,,False,WB_WDI,WB_WDI_SP_POP_TOTL,BGD,_T,_T,_T,_Z,_Z,_Z,2013,A,PS,
277665,P1Y,0,,A,PU,_Z,2,,,False,WB_WDI,WB_WDI_SP_POP_TOTL,BRB,_T,_T,_T,_Z,_Z,_Z,2013,A,PS,
9443211,P1Y,0,,A,PU,_Z,2,,,False,WB_WDI,WB_WDI_SP_POP_TOTL,BLR,_T,_T,_T,_Z,_Z,_Z,2013,A,PS,
11159407,P1Y,0,,A,PU,_Z,2,,,False,WB_WDI,WB_WDI_SP_POP_TOTL,BEL,_T,_T,_T,_Z,_Z,_Z,2013,A,PS,
8804124,P1Y,0,,A,PU,_Z,2,,,False,WB_WDI,WB_WDI_SP_POP_TOTL,TCD,_T,_T,_T,_Z,_Z,_Z,2001,A,PS,
148850,P1Y,0,,A,PU,_Z,2,,,False,WB_WDI,WB_WDI_SP_POP_TOTL,CHI,_T,_T,_T,_Z,_Z,_Z,2001,A,PS,
15683849,P1Y,0,,A,PU,_Z,2,,,False,WB_WDI,WB_WDI_SP_POP_TOTL,CHL,_T,_T,_T,_Z,_Z,_Z,2001,A,PS,
1271850000,P1Y,0,,A,PU,_Z,2,,,False,WB_WDI,WB_WDI_SP_POP_TOTL,CHN,_T,_T,_T,_Z,_Z,_Z,2001,A,PS,
39709262,P1Y,0,,A,PU,_Z,2,,,False,WB_WDI,WB_WDI_SP_POP_TOTL,COL,_T,_T,_T,_Z,_Z,_Z,2001,A,PS,
547220,P1Y,0,,A,PU,_Z,2,,,False,WB_WDI,WB_WDI_SP_POP_TOTL,COM,_T,_T,_T,_Z,_Z,_Z,2001,A,PS,
52132646,P1Y,0,,A,PU,_Z,2,,,False,WB_WDI,WB_WDI_SP_POP_TOTL,COD,_T,_T,_T,_Z,_Z,_Z,2001,A,PS,
3272537,P1Y,0,,A,PU,_Z,2,,,False,WB_WDI,WB_WDI_SP_POP_TOTL,COG,_T,_T,_T,_Z,_Z,_Z,2001,A,PS,
4008947,P1Y,0,,A,PU,_Z,2,,,False,WB_WDI,WB_WDI_SP_POP_TOTL,CRI,_T,_T,_T,_Z,_Z,_Z,2001,A,PS,
18178913,P1Y,0,,A,PU,_Z,2,,,False,WB_WDI,WB_WDI_SP_POP_TOTL,CIV,_T,_T,_T,_Z,_Z,_Z,2001,A,PS,
4299642,P1Y,0,,A,PU,_Z,2,,,False,WB_WDI,WB_WDI_SP_POP_TOTL,HRV,_T,_T,_T,_Z,_Z,_Z,2001,A,PS,
11144132,P1Y,0,,A,PU,_Z,2,,,False,WB_WDI,WB_WDI_SP_POP_TOTL,CUB,_T,_T,_T,_Z,_Z,_Z,2001,A,PS,
129047,P1Y,0,,A,PU,_Z,2,,,False,WB_WDI,WB_WDI_SP_POP_TOTL,CUW,_T,_T,_T,_Z,_Z,_Z,2001,A,PS,
964127,P1Y,0,,A,PU,_Z,2,,,False,WB_WDI,WB_WDI_SP_POP_TOTL,CYP,_T,_T,_T,_Z,_Z,_Z,2001,A,PS,
111999721,P1Y,0,,A,PU,_Z,2,,,False,WB_WDI,WB_WDI_SP_POP_TOTL,MEX,_T,_T,_T,_Z,_Z,_Z,2009,A,PS,
107957,P1Y,0,,A,PU,_Z,2,,,False,WB_WDI,WB_WDI_SP_POP_TOTL,FSM,_T,_T,_T,_Z,_Z,_Z,2009,A,PS,
2865213,P1Y,0,,A,PU,_Z,2,,,False,WB_WDI,WB_WDI_SP_POP_TOTL,MDA,_T,_T,_T,_Z,_Z,_Z,2009,A,PS,
32364,P1Y,0,,A,PU,_Z,2,,,False,WB_WDI,WB_WDI_SP_POP_TOTL,MCO,_T,_T,_T,_Z,_Z,_Z,2009,A,PS,
2691115,P1Y,0,,A,PU,_Z,2,,,False,WB_WDI,WB_WDI_SP_POP_TOTL,MNG,_T,_T,_T,_Z,_Z,_Z,2009,A,PS,
618294,P1Y,0,,A,PU,_Z,2,,,False,WB_WDI,WB_WDI_SP_POP_TOTL,MNE,_T,_T,_T,_Z,_Z,_Z,2009,A,PS,
32030778,P1Y,0,,A,PU,_Z,2,,,False,WB_WDI,WB_WDI_SP_POP_TOTL,MAR,_T,_T,_T,_Z,_Z,_Z,2009,A,PS,
22391745,P1Y,0,,A,PU,_Z,2,,,False,WB_WDI,WB_WDI_SP_POP_TOTL,MOZ,_T,_T,_T,_Z,_Z,_Z,2009,A,PS,
48660459,P1Y,0,,A,PU,_Z,2,,,False,WB_WDI,WB_WDI_SP_POP_TOTL,MMR,_T,_T,_T,_Z,_Z,_Z,2009,A,PS,
2077394,P1Y,0,,A,PU,_Z,2,,,False,WB_WDI,WB_WDI_SP_POP_TOTL,NAM,_T,_T,_T,_Z,_Z,_Z,2009,A,PS,
10016,P1Y,0,,A,PU,_Z,2,,,False,WB_WDI,WB_WDI_SP_POP_TOTL,NRU,_T,_T,_T,_Z,_Z,_Z,2009,A,PS,
27173035,P1Y,0,,A,PU,_Z,2,,,False,WB_WDI,WB_WDI_SP_POP_TOTL,NPL,_T,_T,_T,_Z,_Z,_Z,2009,A,PS,
6304628,P1Y,0,,A,PU,_Z,2,,,False,WB_WDI,WB_WDI_SP_POP_TOTL,LBY,_T,_T,_T,_Z,_Z,_Z,2013,A,PS,
36984,P1Y,0,,A,PU,_Z,2,,,False,WB_WDI,WB_WDI_SP_POP_TOTL,LIE,_T,_T,_T,_Z,_Z,_Z,2013,A,PS,
2961250,P1Y,0,,A,PU,_Z,2,,,False,WB_WDI,WB_WDI_SP_POP_TOTL,LTU,_T,_T,_T,_Z,_Z,_Z,2013,A,PS,
543360,P1Y,0,,A,PU,_Z,2,,,False,WB_WDI,WB_WDI_SP_POP_TOTL,LUX,_T,_T,_T,_Z,_Z,_Z,2013,A,PS,
591900,P1Y,0,,A,PU,_Z,2,,,False,WB_WDI,WB_WDI_SP_POP_TOTL,MAC,_T,_T,_T,_Z,_Z,_Z,2013,A,PS,
24109290,P1Y,0,,A,PU,_Z,2,,,False,WB_WDI,WB_WDI_SP_POP_TOTL,MDG,_T,_T,_T,_Z,_Z,_Z,2013,A,PS,
16161816,P1Y,0,,A,PU,_Z,2,,,False,WB_WDI,WB_WDI_SP_POP_TOTL,MWI,_T,_T,_T,_Z,_Z,_Z,2013,A,PS,
30174265,P1Y,0,,A,PU,_Z,2,,,False,WB_WDI,WB_WDI_SP_POP_TOTL,MYS,_T,_T,_T,_Z,_Z,_Z,2013,A,PS,
400070,P1Y,0,,A,PU,_Z,2,,,False,WB_WDI,WB_WDI_SP_POP_TOTL,MDV,_T,_T,_T,_Z,_Z,_Z,2013,A,PS,
17459615,P1Y,0,,A,PU,_Z,2,,,False,WB_WDI,WB_WDI_SP_POP_TOTL,MLI,_T,_T,_T,_Z,_Z,_Z,2013,A,PS,
424810,P1Y,0,,A,PU,_Z,2,,,False,WB_WDI,WB_WDI_SP_POP_TOTL,MLT,_T,_T,_T,_Z,_Z,_Z,2013,A,PS,
50681,P1Y,0,,A,PU,_Z,2,,,False,WB_WDI,WB_WDI_SP_POP_TOTL,MHL,_T,_T,_T,_Z,_Z,_Z,2013,A,PS,
46315,P1Y,0,,A,PU,_Z,2,,,False,WB_WDI,WB_WDI_SP_POP_TOTL,KNA,_T,_T,_T,_Z,_Z,_Z,2004,A,PS,
164239,P1Y,0,,A,PU,_Z,2,,,False,WB_WDI,WB_WDI_SP_POP_TOTL,LCA,_T,_T,_T,_Z,_Z,_Z,2004,A,PS,
33171,P1Y,0,,A,PU,_Z,2,,,False,WB_WDI,WB_WDI_SP_POP_TOTL,MAF,_T,_T,_T,_Z,_Z,_Z,2004,A,PS,
112835,P1Y,0,,A,PU,_Z,2,,,False,WB_WDI,WB_WDI_SP_POP_TOTL,VCT,_T,_T,_T,_Z,_Z,_Z,2004,A,PS,
30556637,P1Y,0,,A,PU,_Z,2,,,False,WB_WDI,WB_WDI_SP_POP_TOTL,SDN,_T,_T,_T,_Z,_Z,_Z,2004,A,PS,
513923,P1Y,0,,A,PU,_Z,2,,,False,WB_WDI,WB_WDI_SP_POP_TOTL,SUR,_T,_T,_T,_Z,_Z,_Z,2004,A,PS,
8993531,P1Y,0,,A,PU,_Z,2,,,False,WB_WDI,WB_WDI_SP_POP_TOTL,SWE,_T,_T,_T,_Z,_Z,_Z,2004,A,PS,
7389625,P1Y,0,,A,PU,_Z,2,,,False,WB_WDI,WB_WDI_SP_POP_TOTL,CHE,_T,_T,_T,_Z,_Z,_Z,2004,A,PS,
18336875,P1Y,0,,A,PU,_Z,2,,,False,WB_WDI,WB_WDI_SP_POP_TOTL,SYR,_T,_T,_T,_Z,_Z,_Z,2004,A,PS,
6790547,P1Y,0,,A,PU,_Z,2,,,False,WB_WDI,WB_WDI_SP_POP_TOTL,TJK,_T,_T,_T,_Z,_Z,_Z,2004,A,PS,
38109668,P1Y,0,,A,PU,_Z,2,,,False,WB_WDI,WB_WDI_SP_POP_TOTL,TZA,_T,_T,_T,_Z,_Z,_Z,2004,A,PS,
65452047,P1Y,0,,A,PU,_Z,2,,,False,WB_WDI,WB_WDI_SP_POP_TOTL,THA,_T,_T,_T,_Z,_Z,_Z,2004,A,PS,
929074,P1Y,0,,A,PU,_Z,2,,,False,WB_WDI,WB_WDI_SP_POP_TOTL,TLS,_T,_T,_T,_Z,_Z,_Z,2004,A,PS,
13652040,P1Y,0,,A,PU,_Z,2,,,False,WB_WDI,WB_WDI_SP_POP_TOTL,GTM,_T,_T,_T,_Z,_Z,_Z,2007,A,PS,
9662281,P1Y,0,,A,PU,_Z,2,,,False,WB_WDI,WB_WDI_SP_POP_TOTL,GIN,_T,_T,_T,_Z,_Z,_Z,2007,A,PS,
1450986,P1Y,0,,A,PU,_Z,2,,,False,WB_WDI,WB_WDI_SP_POP_TOTL,GNB,_T,_T,_T,_Z,_Z,_Z,2007,A,PS,
756861,P1Y,0,,A,PU,_Z,2,,,False,WB_WDI,WB_WDI_SP_POP_TOTL,GUY,_T,_T,_T,_Z,_Z,_Z,2007,A,PS,
9373296,P1Y,0,,A,PU,_Z,2,,,False,WB_WDI,WB_WDI_SP_POP_TOTL,HTI,_T,_T,_T,_Z,_Z,_Z,2007,A,PS,
7834798,P1Y,0,,A,PU,_Z,2,,,False,WB_WDI,WB_WDI_SP_POP_TOTL,HND,_T,_T,_T,_Z,_Z,_Z,2007,A,PS,
6916300,P1Y,0,,A,PU,_Z,2,,,False,WB_WDI,WB_WDI_SP_POP_TOTL,HKG,_T,_T,_T,_Z,_Z,_Z,2007,A,PS,
10055780,P1Y,0,,A,PU,_Z,2,,,False,WB_WDI,WB_WDI_SP_POP_TOTL,HUN,_T,_T,_T,_Z,_Z,_Z,2007,A,PS,
311566,P1Y,0,,A,PU,_Z,2,,,False,WB_WDI,WB_WDI_SP_POP_TOTL,ISL,_T,_T,_T,_Z,_Z,_Z,2007,A,PS,
1190676021,P1Y,0,,A,PU,_Z,2,,,False,WB_WDI,WB_WDI_SP_POP_TOTL,IND,_T,_T,_T,_Z,_Z,_Z,2007,A,PS,
237062337,P1Y,0,,A,PU,_Z,2,,,False,WB_WDI,WB_WDI_SP_POP_TOTL,IDN,_T,_T,_T,_Z,_Z,_Z,2007,A,PS,
4286546,P1Y,0,,A,PU,_Z,2,,,False,WB_WDI,WB_WDI_SP_POP_TOTL,CSS,_T,_T,_T,_Z,_Z,_Z,2014,A,PS,
103280478,P1Y,0,,A,PU,_Z,2,,,False,WB_WDI,WB_WDI_SP_POP_TOTL,CEB,_T,_T,_T,_Z,_Z,_Z,2014,A,PS,
3146800078,P1Y,0,,A,PU,_Z,2,,,False,WB_WDI,WB_WDI_SP_POP_TOTL,EAR,_T,_T,_T,_Z,_Z,_Z,2014,A,PS,
2284385542,P1Y,0,,A,PU,_Z,2,,,False,WB_WDI,WB_WDI_SP_POP_TOTL,EAS,_T,_T,_T,_Z,_Z,_Z,2014,A,PS,
2040383789,P1Y,0,,A,PU,_Z,2,,,False,WB_WDI,WB_WDI_SP_POP_TOTL,EAP,_T,_T,_T,_Z,_Z,_Z,2014,A,PS,
2014960984,P1Y,0,,A,PU,_Z,2,,,False,WB_WDI,WB_WDI_SP_POP_TOTL,TEA,_T,_T,_T,_Z,_Z,_Z,2014,A,PS,
349302135,P1Y,0,,A,PU,_Z,2,,,False,WB_WDI,WB_WDI_SP_POP_TOTL,EMU,_T,_T,_T,_Z,_Z,_Z,2014,A,PS,
903560070,P1Y,0,,A,PU,_Z,2,,,False,WB_WDI,WB_WDI_SP_POP_TOTL,ECS,_T,_T,_T,_Z,_Z,_Z,2014,A,PS,
237999321,P1Y,0,,A,PU,_Z,2,,,False,WB_WDI,WB_WDI_SP_POP_TOTL,ECA,_T,_T,_T,_Z,_Z,_Z,2014,A,PS,
451432428,P1Y,0,,A,PU,_Z,2,,,False,WB_WDI,WB_WDI_SP_POP_TOTL,TEC,_T,_T,_T,_Z,_Z,_Z,2014,A,PS,
442920819,P1Y,0,,A,PU,_Z,2,,,False,WB_WDI,WB_WDI_SP_POP_TOTL,EUU,_T,_T,_T,_Z,_Z,_Z,2014,A,PS,
714234635,P1Y,0,,A,PU,_Z,2,,,False,WB_WDI,WB_WDI_SP_POP_TOTL,HPC,_T,_T,_T,_Z,_Z,_Z,2014,A,PS,
1357495262,P1Y,0,,A,PU,_Z,2,,,False,WB_WDI,WB_WDI_SP_POP_TOTL,HIC,_T,_T,_T,_Z,_Z,_Z,2014,A,PS,
12959149,P1Y,0,,A,PU,_Z,2,,,False,WB_WDI,WB_WDI_SP_POP_TOTL,ZWE,_T,_T,_T,_Z,_Z,_Z,2008,A,PS,
516003448,P1Y,0,,A,PU,_Z,2,,,False,WB_WDI,WB_WDI_SP_POP_TOTL,AFE,_T,_T,_T,_Z,_Z,_Z,2009,A,PS,
353922925,P1Y,0,,A,PU,_Z,2,,,False,WB_WDI,WB_WDI_SP_POP_TOTL,AFW,_T,_T,_T,_Z,_Z,_Z,2009,A,PS,
356386673,P1Y,0,,A,PU,_Z,2,,,False,WB_WDI,WB_WDI_SP_POP_TOTL,ARB,_T,_T,_T,_Z,_Z,_Z,2009,A,PS,
4146899,P1Y,0,,A,PU,_Z,2,,,False,WB_WDI,WB_WDI_SP_POP_TOTL,CSS,_T,_T,_T,_Z,_Z,_Z,2009,A,PS,
104800475,P1Y,0,,A,PU,_Z,2,,,False,WB_WDI,WB_WDI_SP_POP_TOTL,CEB,_T,_T,_T,_Z,_Z,_Z,2009,A,PS,
2921563644,P1Y,0,,A,PU,_Z,2,,,False,WB_WDI,WB_WDI_SP_POP_TOTL,EAR,_T,_T,_T,_Z,_Z,_Z,2009,A,PS,
2199148703,P1Y,0,,A,PU,_Z,2,,,False,WB_WDI,WB_WDI_SP_POP_TOTL,EAS,_T,_T,_T,_Z,_Z,_Z,2009,A,PS,
1959017463,P1Y,0,,A,PU,_Z,2,,,False,WB_WDI,WB_WDI_SP_POP_TOTL,EAP,_T,_T,_T,_Z,_Z,_Z,2009,A,PS,
1934167856,P1Y,0,,A,PU,_Z,2,,,False,WB_WDI,WB_WDI_SP_POP_TOTL,TEA,_T,_T,_T,_Z,_Z,_Z,2009,A,PS,
347581287,P1Y,0,,A,PU,_Z,2,,,False,WB_WDI,WB_WDI_SP_POP_TOTL,EMU,_T,_T,_T,_Z,_Z,_Z,2009,A,PS,
887741127,P1Y,0,,A,PU,_Z,2,,,False,WB_WDI,WB_WDI_SP_POP_TOTL,ECS,_T,_T,_T,_Z,_Z,_Z,2009,A,PS,
228250911,P1Y,0,,A,PU,_Z,2,,,False,WB_WDI,WB_WDI_SP_POP_TOTL,ECA,_T,_T,_T,_Z,_Z,_Z,2009,A,PS,
441304973,P1Y,0,,A,PU,_Z,2,,,False,WB_WDI,WB_WDI_SP_POP_TOTL,TEC,_T,_T,_T,_Z,_Z,_Z,2009,A,PS,
556269,P1Y,0,,A,PU,_Z,2,,,False,WB_WDI,WB_WDI_SP_POP_TOTL,SUR,_T,_T,_T,_Z,_Z,_Z,2011,A,PS,
9449213,P1Y,0,,A,PU,_Z,2,,,False,WB_WDI,WB_WDI_SP_POP_TOTL,SWE,_T,_T,_T,_Z,_Z,_Z,2011,A,PS,
7912398,P1Y,0,,A,PU,_Z,2,,,False,WB_WDI,WB_WDI_SP_POP_TOTL,CHE,_T,_T,_T,_Z,_Z,_Z,2011,A,PS,
22878098,P1Y,0,,A,PU,_Z,2,,,False,WB_WDI,WB_WDI_SP_POP_TOTL,SYR,_T,_T,_T,_Z,_Z,_Z,2011,A,PS,
7824785,P1Y,0,,A,PU,_Z,2,,,False,WB_WDI,WB_WDI_SP_POP_TOTL,TJK,_T,_T,_T,_Z,_Z,_Z,2011,A,PS,
46029367,P1Y,0,,A,PU,_Z,2,,,False,WB_WDI,WB_WDI_SP_POP_TOTL,TZA,_T,_T,_T,_Z,_Z,_Z,2011,A,PS,
69007208,P1Y,0,,A,PU,_Z,2,,,False,WB_WDI,WB_WDI_SP_POP_TOTL,THA,_T,_T,_T,_Z,_Z,_Z,2011,A,PS,
1110207,P1Y,0,,A,PU,_Z,2,,,False,WB_WDI,WB_WDI_SP_POP_TOTL,TLS,_T,_T,_T,_Z,_Z,_Z,2011,A,PS,
6500582,P1Y,0,,A,PU,_Z,2,,,False,WB_WDI,WB_WDI_SP_POP_TOTL,TGO,_T,_T,_T,_Z,_Z,_Z,2011,A,PS,
107570,P1Y,0,,A,PU,_Z,2,,,False,WB_WDI,WB_WDI_SP_POP_TOTL,TON,_T,_T,_T,_Z,_Z,_Z,2011,A,PS,
1328019,P1Y,0,,A,PU,_Z,2,,,False,WB_WDI,WB_WDI_SP_POP_TOTL,TTO,_T,_T,_T,_Z,_Z,_Z,2011,A,PS,
5541017,P1Y,0,,A,PU,_Z,2,,,False,WB_WDI,WB_WDI_SP_POP_TOTL,FIN,_T,_T,_T,_Z,_Z,_Z,2021,A,PS,
67842811,P1Y,0,,A,PU,_Z,2,,,False,WB_WDI,WB_WDI_SP_POP_TOTL,FRA,_T,_T,_T,_Z,_Z,_Z,2021,A,PS,
279792,P1Y,0,,A,PU,_Z,2,,,False,WB_WDI,WB_WDI_SP_POP_TOTL,PYF,_T,_T,_T,_Z,_Z,_Z,2021,A,PS,
2376722,P1Y,0,,A,PU,_Z,2,,,False,WB_WDI,WB_WDI_SP_POP_TOTL,GAB,_T,_T,_T,_Z,_Z,_Z,2021,A,PS,
2576010,P1Y,0,,A,PU,_Z,2,,,False,WB_WDI,WB_WDI_SP_POP_TOTL,GMB,_T,_T,_T,_Z,_Z,_Z,2021,A,PS,
3708610,P1Y,0,,A,PU,_Z,2,,,False,WB_WDI,WB_WDI_SP_POP_TOTL,GEO,_T,_T,_T,_Z,_Z,_Z,2021,A,PS,
83196078,P1Y,0,,A,PU,_Z,2,,,False,WB_WDI,WB_WDI_SP_POP_TOTL,DEU,_T,_T,_T,_Z,_Z,_Z,2021,A,PS,
32518665,P1Y,0,,A,PU,_Z,2,,,False,WB_WDI,WB_WDI_SP_POP_TOTL,GHA,_T,_T,_T,_Z,_Z,_Z,2021,A,PS,
36858,P1Y,0,,A,PU,_Z,2,,,False,WB_WDI,WB_WDI_SP_POP_TOTL,GIB,_T,_T,_T,_Z,_Z,_Z,2021,A,PS,
10570130,P1Y,0,,A,PU,_Z,2,,,False,WB_WDI,WB_WDI_SP_POP_TOTL,GRC,_T,_T,_T,_Z,_Z,_Z,2021,A,PS,
56653,P1Y,0,,A,PU,_Z,2,,,False,WB_WDI,WB_WDI_SP_POP_TOTL,GRL,_T,_T,_T,_Z,_Z,_Z,2021,A,PS,
116688,P1Y,0,,A,PU,_Z,2,,,False,WB_WDI,WB_WDI_SP_POP_TOTL,GRD,_T,_T,_T,_Z,_Z,_Z,2021,A,PS,
163730,P1Y,0,,A,PU,_Z,2,,,False,WB_WDI,WB_WDI_SP_POP_TOTL,GUM,_T,_T,_T,_Z,_Z,_Z,2021,A,PS,
15076695,P1Y,0,,A,PU,_Z,2,,,False,WB_WDI,WB_WDI_SP_POP_TOTL,ECU,_T,_T,_T,_Z,_Z,_Z,2010,A,PS,
89196072,P1Y,0,,A,PU,_Z,2,,,False,WB_WDI,WB_WDI_SP_POP_TOTL,EGY,_T,_T,_T,_Z,_Z,_Z,2010,A,PS,
6068249,P1Y,0,,A,PU,_Z,2,,,False,WB_WDI,WB_WDI_SP_POP_TOTL,SLV,_T,_T,_T,_Z,_Z,_Z,2010,A,PS,
1189085,P1Y,0,,A,PU,_Z,2,,,False,WB_WDI,WB_WDI_SP_POP_TOTL,GNQ,_T,_T,_T,_Z,_Z,_Z,2010,A,PS,
2945186,P1Y,0,,A,PU,_Z,2,,,False,WB_WDI,WB_WDI_SP_POP_TOTL,ERI,_T,_T,_T,_Z,_Z,_Z,2010,A,PS,
1331475,P1Y,0,,A,PU,_Z,2,,,False,WB_WDI,WB_WDI_SP_POP_TOTL,EST,_T,_T,_T,_Z,_Z,_Z,2010,A,PS,
1111650,P1Y,0,,A,PU,_Z,2,,,False,WB_WDI,WB_WDI_SP_POP_TOTL,SWZ,_T,_T,_T,_Z,_Z,_Z,2010,A,PS,
90538514,P1Y,0,,A,PU,_Z,2,,,False,WB_WDI,WB_WDI_SP_POP_TOTL,ETH,_T,_T,_T,_Z,_Z,_Z,2010,A,PS,
48656,P1Y,0,,A,PU,_Z,2,,,False,WB_WDI,WB_WDI_SP_POP_TOTL,FRO,_T,_T,_T,_Z,_Z,_Z,2010,A,PS,
910419,P1Y,0,,A,PU,_Z,2,,,False,WB_WDI,WB_WDI_SP_POP_TOTL,FJI,_T,_T,_T,_Z,_Z,_Z,2010,A,PS,
5363352,P1Y,0,,A,PU,_Z,2,,,False,WB_WDI,WB_WDI_SP_POP_TOTL,FIN,_T,_T,_T,_Z,_Z,_Z,2010,A,PS,
18078,P1Y,0,,A,PU,_Z,2,,,False,WB_WDI,WB_WDI_SP_POP_TOTL,PLW,_T,_T,_T,_Z,_Z,_Z,2011,A,PS,
3693505,P1Y,0,,A,PU,_Z,2,,,False,WB_WDI,WB_WDI_SP_POP_TOTL,PAN,_T,_T,_T,_Z,_Z,_Z,2011,A,PS,
7859346,P1Y,0,,A,PU,_Z,2,,,False,WB_WDI,WB_WDI_SP_POP_TOTL,PNG,_T,_T,_T,_Z,_Z,_Z,2011,A,PS,
5814626,P1Y,0,,A,PU,_Z,2,,,False,WB_WDI,WB_WDI_SP_POP_TOTL,PRY,_T,_T,_T,_Z,_Z,_Z,2011,A,PS,
29304086,P1Y,0,,A,PU,_Z,2,,,False,WB_WDI,WB_WDI_SP_POP_TOTL,PER,_T,_T,_T,_Z,_Z,_Z,2011,A,PS,
98248614,P1Y,0,,A,PU,_Z,2,,,False,WB_WDI,WB_WDI_SP_POP_TOTL,PHL,_T,_T,_T,_Z,_Z,_Z,2011,A,PS,
38063255,P1Y,0,,A,PU,_Z,2,,,False,WB_WDI,WB_WDI_SP_POP_TOTL,POL,_T,_T,_T,_Z,_Z,_Z,2011,A,PS,
10557560,P1Y,0,,A,PU,_Z,2,,,False,WB_WDI,WB_WDI_SP_POP_TOTL,PRT,_T,_T,_T,_Z,_Z,_Z,2011,A,PS,
3693464,P1Y,0,,A,PU,_Z,2,,,False,WB_WDI,WB_WDI_SP_POP_TOTL,PRI,_T,_T,_T,_Z,_Z,_Z,2011,A,PS,
1624761,P1Y,0,,A,PU,_Z,2,,,False,WB_WDI,WB_WDI_SP_POP_TOTL,QAT,_T,_T,_T,_Z,_Z,_Z,2011,A,PS,
20147528,P1Y,0,,A,PU,_Z,2,,,False,WB_WDI,WB_WDI_SP_POP_TOTL,ROU,_T,_T,_T,_Z,_Z,_Z,2011,A,PS,
22368313,P1Y,0,,A,PU,_Z,2,,,False,WB_WDI,WB_WDI_SP_POP_TOTL,SAU,_T,_T,_T,_Z,_Z,_Z,2007,A,PS,
11770344,P1Y,0,,A,PU,_Z,2,,,False,WB_WDI,WB_WDI_SP_POP_TOTL,SEN,_T,_T,_T,_Z,_Z,_Z,2007,A,PS,
7381579,P1Y,0,,A,PU,_Z,2,,,False,WB_WDI,WB_WDI_SP_POP_TOTL,SRB,_T,_T,_T,_Z,_Z,_Z,2007,A,PS,
85033,P1Y,0,,A,PU,_Z,2,,,False,WB_WDI,WB_WDI_SP_POP_TOTL,SYC,_T,_T,_T,_Z,_Z,_Z,2007,A,PS,
5749352,P1Y,0,,A,PU,_Z,2,,,False,WB_WDI,WB_WDI_SP_POP_TOTL,SLE,_T,_T,_T,_Z,_Z,_Z,2007,A,PS,
4588599,P1Y,0,,A,PU,_Z,2,,,False,WB_WDI,WB_WDI_SP_POP_TOTL,SGP,_T,_T,_T,_Z,_Z,_Z,2007,A,PS,
32791,P1Y,0,,A,PU,_Z,2,,,False,WB_WDI,WB_WDI_SP_POP_TOTL,SXM,_T,_T,_T,_Z,_Z,_Z,2007,A,PS,
5374622,P1Y,0,,A,PU,_Z,2,,,False,WB_WDI,WB_WDI_SP_POP_TOTL,SVK,_T,_T,_T,_Z,_Z,_Z,2007,A,PS,
2018122,P1Y,0,,A,PU,_Z,2,,,False,WB_WDI,WB_WDI_SP_POP_TOTL,SVN,_T,_T,_T,_Z,_Z,_Z,2007,A,PS,
500156,P1Y,0,,A,PU,_Z,2,,,False,WB_WDI,WB_WDI_SP_POP_TOTL,SLB,_T,_T,_T,_Z,_Z,_Z,2007,A,PS,
11322582,P1Y,0,,A,PU,_Z,2,,,False,WB_WDI,WB_WDI_SP_POP_TOTL,SOM,_T,_T,_T,_Z,_Z,_Z,2007,A,PS,
50528584,P1Y,0,,A,PU,_Z,2,,,False,WB_WDI,WB_WDI_SP_POP_TOTL,ZAF,_T,_T,_T,_Z,_Z,_Z,2007,A,PS,
8388788,P1Y,0,,A,PU,_Z,2,,,False,WB_WDI,WB_WDI_SP_POP_TOTL,SSD,_T,_T,_T,_Z,_Z,_Z,2007,A,PS,
5764980,P1Y,0,,A,PU,_Z,2,,,False,WB_WDI,WB_WDI_SP_POP_TOTL,DNK,_T,_T,_T,_Z,_Z,_Z,2017,A,PS,
1054841,P1Y,0,,A,PU,_Z,2,,,False,WB_WDI,WB_WDI_SP_POP_TOTL,DJI,_T,_T,_T,_Z,_Z,_Z,2017,A,PS,
68496,P1Y,0,,A,PU,_Z,2,,,False,WB_WDI,WB_WDI_SP_POP_TOTL,DMA,_T,_T,_T,_Z,_Z,_Z,2017,A,PS,
10666843,P1Y,0,,A,PU,_Z,2,,,False,WB_WDI,WB_WDI_SP_POP_TOTL,DOM,_T,_T,_T,_Z,_Z,_Z,2017,A,PS,
16759519,P1Y,0,,A,PU,_Z,2,,,False,WB_WDI,WB_WDI_SP_POP_TOTL,ECU,_T,_T,_T,_Z,_Z,_Z,2017,A,PS,
103696057,P1Y,0,,A,PU,_Z,2,,,False,WB_WDI,WB_WDI_SP_POP_TOTL,EGY,_T,_T,_T,_Z,_Z,_Z,2017,A,PS,
6213533,P1Y,0,,A,PU,_Z,2,,,False,WB_WDI,WB_WDI_SP_POP_TOTL,SLV,_T,_T,_T,_Z,_Z,_Z,2017,A,PS,
1562396,P1Y,0,,A,PU,_Z,2,,,False,WB_WDI,WB_WDI_SP_POP_TOTL,GNQ,_T,_T,_T,_Z,_Z,_Z,2017,A,PS,
3150347,P1Y,0,,A,PU,_Z,2,,,False,WB_WDI,WB_WDI_SP_POP_TOTL,ERI,_T,_T,_T,_Z,_Z,_Z,2017,A,PS,
1317384,P1Y,0,,A,PU,_Z,2,,,False,WB_WDI,WB_WDI_SP_POP_TOTL,EST,_T,_T,_T,_Z,_Z,_Z,2017,A,PS,
1158195,P1Y,0,,A,PU,_Z,2,,,False,WB_WDI,WB_WDI_SP_POP_TOTL,SWZ,_T,_T,_T,_Z,_Z,_Z,2017,A,PS,
10300300,P1Y,0,,A,PU,_Z,2,,,False,WB_WDI,WB_WDI_SP_POP_TOTL,PRT,_T,_T,_T,_Z,_Z,_Z,2017,A,PS,
3410837,P1Y,0,,A,PU,_Z,2,,,False,WB_WDI,WB_WDI_SP_POP_TOTL,PRI,_T,_T,_T,_Z,_Z,_Z,2017,A,PS,
2545820,P1Y,0,,A,PU,_Z,2,,,False,WB_WDI,WB_WDI_SP_POP_TOTL,QAT,_T,_T,_T,_Z,_Z,_Z,2017,A,PS,
19588715,P1Y,0,,A,PU,_Z,2,,,False,WB_WDI,WB_WDI_SP_POP_TOTL,ROU,_T,_T,_T,_Z,_Z,_Z,2017,A,PS,
145293260,P1Y,0,,A,PU,_Z,2,,,False,WB_WDI,WB_WDI_SP_POP_TOTL,RUS,_T,_T,_T,_Z,_Z,_Z,2017,A,PS,
12202060,P1Y,0,,A,PU,_Z,2,,,False,WB_WDI,WB_WDI_SP_POP_TOTL,RWA,_T,_T,_T,_Z,_Z,_Z,2017,A,PS,
205415,P1Y,0,,A,PU,_Z,2,,,False,WB_WDI,WB_WDI_SP_POP_TOTL,WSM,_T,_T,_T,_Z,_Z,_Z,2017,A,PS,
33825,P1Y,0,,A,PU,_Z,2,,,False,WB_WDI,WB_WDI_SP_POP_TOTL,SMR,_T,_T,_T,_Z,_Z,_Z,2017,A,PS,
206970,P1Y,0,,A,PU,_Z,2,,,False,WB_WDI,WB_WDI_SP_POP_TOTL,STP,_T,_T,_T,_Z,_Z,_Z,2017,A,PS,
30977355,P1Y,0,,A,PU,_Z,2,,,False,WB_WDI,WB_WDI_SP_POP_TOTL,SAU,_T,_T,_T,_Z,_Z,_Z,2017,A,PS,
15475002,P1Y,0,,A,PU,_Z,2,,,False,WB_WDI,WB_WDI_SP_POP_TOTL,SEN,_T,_T,_T,_Z,_Z,_Z,2017,A,PS,
629307,P1Y,0,,A,PU,_Z,2,,,False,WB_WDI,WB_WDI_SP_POP_TOTL,COM,_T,_T,_T,_Z,_Z,_Z,2008,A,PS,
64390664,P1Y,0,,A,PU,_Z,2,,,False,WB_WDI,WB_WDI_SP_POP_TOTL,COD,_T,_T,_T,_Z,_Z,_Z,2008,A,PS,
4113517,P1Y,0,,A,PU,_Z,2,,,False,WB_WDI,WB_WDI_SP_POP_TOTL,COG,_T,_T,_T,_Z,_Z,_Z,2008,A,PS,
4440056,P1Y,0,,A,PU,_Z,2,,,False,WB_WDI,WB_WDI_SP_POP_TOTL,CRI,_T,_T,_T,_Z,_Z,_Z,2008,A,PS,
21514439,P1Y,0,,A,PU,_Z,2,,,False,WB_WDI,WB_WDI_SP_POP_TOTL,CIV,_T,_T,_T,_Z,_Z,_Z,2008,A,PS,
4309705,P1Y,0,,A,PU,_Z,2,,,False,WB_WDI,WB_WDI_SP_POP_TOTL,HRV,_T,_T,_T,_Z,_Z,_Z,2008,A,PS,
11291762,P1Y,0,,A,PU,_Z,2,,,False,WB_WDI,WB_WDI_SP_POP_TOTL,CUB,_T,_T,_T,_Z,_Z,_Z,2008,A,PS,
145880,P1Y,0,,A,PU,_Z,2,,,False,WB_WDI,WB_WDI_SP_POP_TOTL,CUW,_T,_T,_T,_Z,_Z,_Z,2008,A,PS,
1091026,P1Y,0,,A,PU,_Z,2,,,False,WB_WDI,WB_WDI_SP_POP_TOTL,CYP,_T,_T,_T,_Z,_Z,_Z,2008,A,PS,
10384603,P1Y,0,,A,PU,_Z,2,,,False,WB_WDI,WB_WDI_SP_POP_TOTL,CZE,_T,_T,_T,_Z,_Z,_Z,2008,A,PS,
5493621,P1Y,0,,A,PU,_Z,2,,,False,WB_WDI,WB_WDI_SP_POP_TOTL,DNK,_T,_T,_T,_Z,_Z,_Z,2008,A,PS,
892734,P1Y,0,,A,PU,_Z,2,,,False,WB_WDI,WB_WDI_SP_POP_TOTL,DJI,_T,_T,_T,_Z,_Z,_Z,2008,A,PS,
45784896,P1Y,0,,A,PU,_Z,2,,,False,WB_WDI,WB_WDI_SP_POP_TOTL,UKR,_T,_T,_T,_Z,_Z,_Z,2015,A,PS,
8505237,P1Y,0,,A,PU,_Z,2,,,False,WB_WDI,WB_WDI_SP_POP_TOTL,ARE,_T,_T,_T,_Z,_Z,_Z,2015,A,PS,
65087000,P1Y,0,,A,PU,_Z,2,,,False,WB_WDI,WB_WDI_SP_POP_TOTL,GBR,_T,_T,_T,_Z,_Z,_Z,2015,A,PS,
321815121,P1Y,0,,A,PU,_Z,2,,,False,WB_WDI,WB_WDI_SP_POP_TOTL,USA,_T,_T,_T,_Z,_Z,_Z,2015,A,PS,
3368017,P1Y,0,,A,PU,_Z,2,,,False,WB_WDI,WB_WDI_SP_POP_TOTL,URY,_T,_T,_T,_Z,_Z,_Z,2015,A,PS,
30749346,P1Y,0,,A,PU,_Z,2,,,False,WB_WDI,WB_WDI_SP_POP_TOTL,UZB,_T,_T,_T,_Z,_Z,_Z,2015,A,PS,
266101,P1Y,0,,A,PU,_Z,2,,,False,WB_WDI,WB_WDI_SP_POP_TOTL,VUT,_T,_T,_T,_Z,_Z,_Z,2015,A,PS,
30573972,P1Y,0,,A,PU,_Z,2,,,False,WB_WDI,WB_WDI_SP_POP_TOTL,VEN,_T,_T,_T,_Z,_Z,_Z,2015,A,PS,
92823254,P1Y,0,,A,PU,_Z,2,,,False,WB_WDI,WB_WDI_SP_POP_TOTL,VNM,_T,_T,_T,_Z,_Z,_Z,2015,A,PS,
107712,P1Y,0,,A,PU,_Z,2,,,False,WB_WDI,WB_WDI_SP_POP_TOTL,VIR,_T,_T,_T,_Z,_Z,_Z,2015,A,PS,
4270092,P1Y,0,,A,PU,_Z,2,,,False,WB_WDI,WB_WDI_SP_POP_TOTL,PSE,_T,_T,_T,_Z,_Z,_Z,2015,A,PS,
413617,P1Y,0,,A,PU,_Z,2,,,False,WB_WDI,WB_WDI_SP_POP_TOTL,MDV,_T,_T,_T,_Z,_Z,_Z,2014,A,PS,
18020267,P1Y,0,,A,PU,_Z,2,,,False,WB_WDI,WB_WDI_SP_POP_TOTL,MLI,_T,_T,_T,_Z,_Z,_Z,2014,A,PS,
433481,P1Y,0,,A,PU,_Z,2,,,False,WB_WDI,WB_WDI_SP_POP_TOTL,MLT,_T,_T,_T,_Z,_Z,_Z,2014,A,PS,
49796,P1Y,0,,A,PU,_Z,2,,,False,WB_WDI,WB_WDI_SP_POP_TOTL,MHL,_T,_T,_T,_Z,_Z,_Z,2014,A,PS,
3848514,P1Y,0,,A,PU,_Z,2,,,False,WB_WDI,WB_WDI_SP_POP_TOTL,MRT,_T,_T,_T,_Z,_Z,_Z,2014,A,PS,
1261208,P1Y,0,,A,PU,_Z,2,,,False,WB_WDI,WB_WDI_SP_POP_TOTL,MUS,_T,_T,_T,_Z,_Z,_Z,2014,A,PS,
119784261,P1Y,0,,A,PU,_Z,2,,,False,WB_WDI,WB_WDI_SP_POP_TOTL,MEX,_T,_T,_T,_Z,_Z,_Z,2014,A,PS,
108396,P1Y,0,,A,PU,_Z,2,,,False,WB_WDI,WB_WDI_SP_POP_TOTL,FSM,_T,_T,_T,_Z,_Z,_Z,2014,A,PS,
2857815,P1Y,0,,A,PU,_Z,2,,,False,WB_WDI,WB_WDI_SP_POP_TOTL,MDA,_T,_T,_T,_Z,_Z,_Z,2014,A,PS,
36128,P1Y,0,,A,PU,_Z,2,,,False,WB_WDI,WB_WDI_SP_POP_TOTL,MCO,_T,_T,_T,_Z,_Z,_Z,2014,A,PS,
2963113,P1Y,0,,A,PU,_Z,2,,,False,WB_WDI,WB_WDI_SP_POP_TOTL,MNG,_T,_T,_T,_Z,_Z,_Z,2014,A,PS,
623744,P1Y,0,,A,PU,_Z,2,,,False,WB_WDI,WB_WDI_SP_POP_TOTL,MNE,_T,_T,_T,_Z,_Z,_Z,2014,A,PS,
4096493,P1Y,0,,A,PU,_Z,2,,,False,WB_WDI,WB_WDI_SP_POP_TOTL,BIH,_T,_T,_T,_Z,_Z,_Z,2005,A,PS,
1839877,P1Y,0,,A,PU,_Z,2,,,False,WB_WDI,WB_WDI_SP_POP_TOTL,BWA,_T,_T,_T,_Z,_Z,_Z,2005,A,PS,
184688101,P1Y,0,,A,PU,_Z,2,,,False,WB_WDI,WB_WDI_SP_POP_TOTL,BRA,_T,_T,_T,_Z,_Z,_Z,2005,A,PS,
23665,P1Y,0,,A,PU,_Z,2,,,False,WB_WDI,WB_WDI_SP_POP_TOTL,VGB,_T,_T,_T,_Z,_Z,_Z,2005,A,PS,
358916,P1Y,0,,A,PU,_Z,2,,,False,WB_WDI,WB_WDI_SP_POP_TOTL,BRN,_T,_T,_T,_Z,_Z,_Z,2005,A,PS,
7658972,P1Y,0,,A,PU,_Z,2,,,False,WB_WDI,WB_WDI_SP_POP_TOTL,BGR,_T,_T,_T,_Z,_Z,_Z,2005,A,PS,
13932123,P1Y,0,,A,PU,_Z,2,,,False,WB_WDI,WB_WDI_SP_POP_TOTL,BFA,_T,_T,_T,_Z,_Z,_Z,2005,A,PS,
7587299,P1Y,0,,A,PU,_Z,2,,,False,WB_WDI,WB_WDI_SP_POP_TOTL,BDI,_T,_T,_T,_Z,_Z,_Z,2005,A,PS,
485115,P1Y,0,,A,PU,_Z,2,,,False,WB_WDI,WB_WDI_SP_POP_TOTL,CPV,_T,_T,_T,_Z,_Z,_Z,2005,A,PS,
13439202,P1Y,0,,A,PU,_Z,2,,,False,WB_WDI,WB_WDI_SP_POP_TOTL,KHM,_T,_T,_T,_Z,_Z,_Z,2005,A,PS,
17074594,P1Y,0,,A,PU,_Z,2,,,False,WB_WDI,WB_WDI_SP_POP_TOTL,CMR,_T,_T,_T,_Z,_Z,_Z,2005,A,PS,
29571415,P1Y,0,,A,PU,_Z,2,,,False,WB_WDI,WB_WDI_SP_POP_TOTL,MAR,_T,_T,_T,_Z,_Z,_Z,2003,A,PS,
19392475,P1Y,0,,A,PU,_Z,2,,,False,WB_WDI,WB_WDI_SP_POP_TOTL,MOZ,_T,_T,_T,_Z,_Z,_Z,2003,A,PS,
46667192,P1Y,0,,A,PU,_Z,2,,,False,WB_WDI,WB_WDI_SP_POP_TOTL,MMR,_T,_T,_T,_Z,_Z,_Z,2003,A,PS,
1917464,P1Y,0,,A,PU,_Z,2,,,False,WB_WDI,WB_WDI_SP_POP_TOTL,NAM,_T,_T,_T,_Z,_Z,_Z,2003,A,PS,
10059,P1Y,0,,A,PU,_Z,2,,,False,WB_WDI,WB_WDI_SP_POP_TOTL,NRU,_T,_T,_T,_Z,_Z,_Z,2003,A,PS,
25688758,P1Y,0,,A,PU,_Z,2,,,False,WB_WDI,WB_WDI_SP_POP_TOTL,NPL,_T,_T,_T,_Z,_Z,_Z,2003,A,PS,
16225302,P1Y,0,,A,PU,_Z,2,,,False,WB_WDI,WB_WDI_SP_POP_TOTL,NLD,_T,_T,_T,_Z,_Z,_Z,2003,A,PS,
236678,P1Y,0,,A,PU,_Z,2,,,False,WB_WDI,WB_WDI_SP_POP_TOTL,NCL,_T,_T,_T,_Z,_Z,_Z,2003,A,PS,
4027200,P1Y,0,,A,PU,_Z,2,,,False,WB_WDI,WB_WDI_SP_POP_TOTL,NZL,_T,_T,_T,_Z,_Z,_Z,2003,A,PS,
5210963,P1Y,0,,A,PU,_Z,2,,,False,WB_WDI,WB_WDI_SP_POP_TOTL,NIC,_T,_T,_T,_Z,_Z,_Z,2003,A,PS,
12796984,P1Y,0,,A,PU,_Z,2,,,False,WB_WDI,WB_WDI_SP_POP_TOTL,NER,_T,_T,_T,_Z,_Z,_Z,2003,A,PS,
137202644,P1Y,0,,A,PU,_Z,2,,,False,WB_WDI,WB_WDI_SP_POP_TOTL,NGA,_T,_T,_T,_Z,_Z,_Z,2003,A,PS,
2022725,P1Y,0,,A,PU,_Z,2,,,False,WB_WDI,WB_WDI_SP_POP_TOTL,MKD,_T,_T,_T,_Z,_Z,_Z,2003,A,PS,
65421,P1Y,0,,A,PU,_Z,2,,,False,WB_WDI,WB_WDI_SP_POP_TOTL,MNP,_T,_T,_T,_Z,_Z,_Z,2003,A,PS,
51089056,P1Y,0,,A,PU,_Z,2,,,False,WB_WDI,WB_WDI_SP_POP_TOTL,MMR,_T,_T,_T,_Z,_Z,_Z,2015,A,PS,
2374300,P1Y,0,,A,PU,_Z,2,,,False,WB_WDI,WB_WDI_SP_POP_TOTL,NAM,_T,_T,_T,_Z,_Z,_Z,2015,A,PS,
10954,P1Y,0,,A,PU,_Z,2,,,False,WB_WDI,WB_WDI_SP_POP_TOTL,NRU,_T,_T,_T,_Z,_Z,_Z,2015,A,PS,
27823629,P1Y,0,,A,PU,_Z,2,,,False,WB_WDI,WB_WDI_SP_POP_TOTL,NPL,_T,_T,_T,_Z,_Z,_Z,2015,A,PS,
16939923,P1Y,0,,A,PU,_Z,2,,,False,WB_WDI,WB_WDI_SP_POP_TOTL,NLD,_T,_T,_T,_Z,_Z,_Z,2015,A,PS,
283168,P1Y,0,,A,PU,_Z,2,,,False,WB_WDI,WB_WDI_SP_POP_TOTL,NCL,_T,_T,_T,_Z,_Z,_Z,2015,A,PS,
4609400,P1Y,0,,A,PU,_Z,2,,,False,WB_WDI,WB_WDI_SP_POP_TOTL,NZL,_T,_T,_T,_Z,_Z,_Z,2015,A,PS,
6149417,P1Y,0,,A,PU,_Z,2,,,False,WB_WDI,WB_WDI_SP_POP_TOTL,NIC,_T,_T,_T,_Z,_Z,_Z,2015,A,PS,
19939498,P1Y,0,,A,PU,_Z,2,,,False,WB_WDI,WB_WDI_SP_POP_TOTL,NER,_T,_T,_T,_Z,_Z,_Z,2015,A,PS,
190671878,P1Y,0,,A,PU,_Z,2,,,False,WB_WDI,WB_WDI_SP_POP_TOTL,NGA,_T,_T,_T,_Z,_Z,_Z,2015,A,PS,
1912430,P1Y,0,,A,PU,_Z,2,,,False,WB_WDI,WB_WDI_SP_POP_TOTL,MKD,_T,_T,_T,_Z,_Z,_Z,2015,A,PS,
51514,P1Y,0,,A,PU,_Z,2,,,False,WB_WDI,WB_WDI_SP_POP_TOTL,MNP,_T,_T,_T,_Z,_Z,_Z,2015,A,PS,
3028115,P1Y,0,,A,PU,_Z,2,,,False,WB_WDI,WB_WDI_SP_POP_TOTL,LTU,_T,_T,_T,_Z,_Z,_Z,2011,A,PS,
518347,P1Y,0,,A,PU,_Z,2,,,False,WB_WDI,WB_WDI_SP_POP_TOTL,LUX,_T,_T,_T,_Z,_Z,_Z,2011,A,PS,
549600,P1Y,0,,A,PU,_Z,2,,,False,WB_WDI,WB_WDI_SP_POP_TOTL,MAC,_T,_T,_T,_Z,_Z,_Z,2011,A,PS,
22822300,P1Y,0,,A,PU,_Z,2,,,False,WB_WDI,WB_WDI_SP_POP_TOTL,MDG,_T,_T,_T,_Z,_Z,_Z,2011,A,PS,
15265022,P1Y,0,,A,PU,_Z,2,,,False,WB_WDI,WB_WDI_SP_POP_TOTL,MWI,_T,_T,_T,_Z,_Z,_Z,2011,A,PS,
29162039,P1Y,0,,A,PU,_Z,2,,,False,WB_WDI,WB_WDI_SP_POP_TOTL,MYS,_T,_T,_T,_Z,_Z,_Z,2011,A,PS,
373674,P1Y,0,,A,PU,_Z,2,,,False,WB_WDI,WB_WDI_SP_POP_TOTL,MDV,_T,_T,_T,_Z,_Z,_Z,2011,A,PS,
16469049,P1Y,0,,A,PU,_Z,2,,,False,WB_WDI,WB_WDI_SP_POP_TOTL,MLI,_T,_T,_T,_Z,_Z,_Z,2011,A,PS,
416268,P1Y,0,,A,PU,_Z,2,,,False,WB_WDI,WB_WDI_SP_POP_TOTL,MLT,_T,_T,_T,_Z,_Z,_Z,2011,A,PS,
51907,P1Y,0,,A,PU,_Z,2,,,False,WB_WDI,WB_WDI_SP_POP_TOTL,MHL,_T,_T,_T,_Z,_Z,_Z,2011,A,PS,
3502811,P1Y,0,,A,PU,_Z,2,,,False,WB_WDI,WB_WDI_SP_POP_TOTL,MRT,_T,_T,_T,_Z,_Z,_Z,2011,A,PS,
111624,P1Y,0,,A,PU,_Z,2,,,False,WB_WDI,WB_WDI_SP_POP_TOTL,FSM,_T,_T,_T,_Z,_Z,_Z,2021,A,PS,
2595809,P1Y,0,,A,PU,_Z,2,,,False,WB_WDI,WB_WDI_SP_POP_TOTL,MDA,_T,_T,_T,_Z,_Z,_Z,2021,A,PS,
38527,P1Y,0,,A,PU,_Z,2,,,False,WB_WDI,WB_WDI_SP_POP_TOTL,MCO,_T,_T,_T,_Z,_Z,_Z,2021,A,PS,
3383741,P1Y,0,,A,PU,_Z,2,,,False,WB_WDI,WB_WDI_SP_POP_TOTL,MNG,_T,_T,_T,_Z,_Z,_Z,2021,A,PS,
625053,P1Y,0,,A,PU,_Z,2,,,False,WB_WDI,WB_WDI_SP_POP_TOTL,MNE,_T,_T,_T,_Z,_Z,_Z,2021,A,PS,
36954442,P1Y,0,,A,PU,_Z,2,,,False,WB_WDI,WB_WDI_SP_POP_TOTL,MAR,_T,_T,_T,_Z,_Z,_Z,2021,A,PS,
31707800,P1Y,0,,A,PU,_Z,2,,,False,WB_WDI,WB_WDI_SP_POP_TOTL,MOZ,_T,_T,_T,_Z,_Z,_Z,2021,A,PS,
53387102,P1Y,0,,A,PU,_Z,2,,,False,WB_WDI,WB_WDI_SP_POP_TOTL,MMR,_T,_T,_T,_Z,_Z,_Z,2021,A,PS,
2810548,P1Y,0,,A,PU,_Z,2,,,False,WB_WDI,WB_WDI_SP_POP_TOTL,NAM,_T,_T,_T,_Z,_Z,_Z,2021,A,PS,
11709,P1Y,0,,A,PU,_Z,2,,,False,WB_WDI,WB_WDI_SP_POP_TOTL,NRU,_T,_T,_T,_Z,_Z,_Z,2021,A,PS,
29475010,P1Y,0,,A,PU,_Z,2,,,False,WB_WDI,WB_WDI_SP_POP_TOTL,NPL,_T,_T,_T,_Z,_Z,_Z,2021,A,PS,
17533044,P1Y,0,,A,PU,_Z,2,,,False,WB_WDI,WB_WDI_SP_POP_TOTL,NLD,_T,_T,_T,_Z,_Z,_Z,2021,A,PS,
285214,P1Y,0,,A,PU,_Z,2,,,False,WB_WDI,WB_WDI_SP_POP_TOTL,NCL,_T,_T,_T,_Z,_Z,_Z,2021,A,PS,
7305659,P1Y,0,,A,PU,_Z,2,,,False,WB_WDI,WB_WDI_SP_POP_TOTL,LBY,_T,_T,_T,_Z,_Z,_Z,2023,A,PS,
39846,P1Y,0,,A,PU,_Z,2,,,False,WB_WDI,WB_WDI_SP_POP_TOTL,LIE,_T,_T,_T,_Z,_Z,_Z,2023,A,PS,
2871585,P1Y,0,,A,PU,_Z,2,,,False,WB_WDI,WB_WDI_SP_POP_TOTL,LTU,_T,_T,_T,_Z,_Z,_Z,2023,A,PS,
666430,P1Y,0,,A,PU,_Z,2,,,False,WB_WDI,WB_WDI_SP_POP_TOTL,LUX,_T,_T,_T,_Z,_Z,_Z,2023,A,PS,
678800,P1Y,0,,A,PU,_Z,2,,,False,WB_WDI,WB_WDI_SP_POP_TOTL,MAC,_T,_T,_T,_Z,_Z,_Z,2023,A,PS,
31195932,P1Y,0,,A,PU,_Z,2,,,False,WB_WDI,WB_WDI_SP_POP_TOTL,MDG,_T,_T,_T,_Z,_Z,_Z,2023,A,PS,
21104482,P1Y,0,,A,PU,_Z,2,,,False,WB_WDI,WB_WDI_SP_POP_TOTL,MWI,_T,_T,_T,_Z,_Z,_Z,2023,A,PS,
35126298,P1Y,0,,A,PU,_Z,2,,,False,WB_WDI,WB_WDI_SP_POP_TOTL,MYS,_T,_T,_T,_Z,_Z,_Z,2023,A,PS,
525994,P1Y,0,,A,PU,_Z,2,,,False,WB_WDI,WB_WDI_SP_POP_TOTL,MDV,_T,_T,_T,_Z,_Z,_Z,2023,A,PS,
23769127,P1Y,0,,A,PU,_Z,2,,,False,WB_WDI,WB_WDI_SP_POP_TOTL,MLI,_T,_T,_T,_Z,_Z,_Z,2023,A,PS,
552747,P1Y,0,,A,PU,_Z,2,,,False,WB_WDI,WB_WDI_SP_POP_TOTL,MLT,_T,_T,_T,_Z,_Z,_Z,2023,A,PS,
38827,P1Y,0,,A,PU,_Z,2,,,False,WB_WDI,WB_WDI_SP_POP_TOTL,MHL,_T,_T,_T,_Z,_Z,_Z,2023,A,PS,
5022441,P1Y,0,,A,PU,_Z,2,,,False,WB_WDI,WB_WDI_SP_POP_TOTL,MRT,_T,_T,_T,_Z,_Z,_Z,2023,A,PS,
1248647,P1Y,0,,A,PU,_Z,2,,,False,WB_WDI,WB_WDI_SP_POP_TOTL,MUS,_T,_T,_T,_Z,_Z,_Z,2023,A,PS,
68854,P1Y,0,,A,PU,_Z,2,,,False,WB_WDI,WB_WDI_SP_POP_TOTL,DMA,_T,_T,_T,_Z,_Z,_Z,2008,A,PS,
9573130,P1Y,0,,A,PU,_Z,2,,,False,WB_WDI,WB_WDI_SP_POP_TOTL,DOM,_T,_T,_T,_Z,_Z,_Z,2008,A,PS,
14575202,P1Y,0,,A,PU,_Z,2,,,False,WB_WDI,WB_WDI_SP_POP_TOTL,ECU,_T,_T,_T,_Z,_Z,_Z,2008,A,PS,
85864789,P1Y,0,,A,PU,_Z,2,,,False,WB_WDI,WB_WDI_SP_POP_TOTL,EGY,_T,_T,_T,_Z,_Z,_Z,2008,A,PS,
6029297,P1Y,0,,A,PU,_Z,2,,,False,WB_WDI,WB_WDI_SP_POP_TOTL,SLV,_T,_T,_T,_Z,_Z,_Z,2008,A,PS,
1084530,P1Y,0,,A,PU,_Z,2,,,False,WB_WDI,WB_WDI_SP_POP_TOTL,GNQ,_T,_T,_T,_Z,_Z,_Z,2008,A,PS,
2816327,P1Y,0,,A,PU,_Z,2,,,False,WB_WDI,WB_WDI_SP_POP_TOTL,ERI,_T,_T,_T,_Z,_Z,_Z,2008,A,PS,
1337090,P1Y,0,,A,PU,_Z,2,,,False,WB_WDI,WB_WDI_SP_POP_TOTL,EST,_T,_T,_T,_Z,_Z,_Z,2008,A,PS,
1098091,P1Y,0,,A,PU,_Z,2,,,False,WB_WDI,WB_WDI_SP_POP_TOTL,SWZ,_T,_T,_T,_Z,_Z,_Z,2008,A,PS,
85543668,P1Y,0,,A,PU,_Z,2,,,False,WB_WDI,WB_WDI_SP_POP_TOTL,ETH,_T,_T,_T,_Z,_Z,_Z,2008,A,PS,
48547,P1Y,0,,A,PU,_Z,2,,,False,WB_WDI,WB_WDI_SP_POP_TOTL,FRO,_T,_T,_T,_Z,_Z,_Z,2008,A,PS,
903399,P1Y,0,,A,PU,_Z,2,,,False,WB_WDI,WB_WDI_SP_POP_TOTL,FJI,_T,_T,_T,_Z,_Z,_Z,2008,A,PS,
6899126,P1Y,0,,A,PU,_Z,2,,,False,WB_WDI,WB_WDI_SP_POP_TOTL,SRB,_T,_T,_T,_Z,_Z,_Z,2020,A,PS,
98462,P1Y,0,,A,PU,_Z,2,,,False,WB_WDI,WB_WDI_SP_POP_TOTL,SYC,_T,_T,_T,_Z,_Z,_Z,2020,A,PS,
7912558,P1Y,0,,A,PU,_Z,2,,,False,WB_WDI,WB_WDI_SP_POP_TOTL,SLE,_T,_T,_T,_Z,_Z,_Z,2020,A,PS,
5685807,P1Y,0,,A,PU,_Z,2,,,False,WB_WDI,WB_WDI_SP_POP_TOTL,SGP,_T,_T,_T,_Z,_Z,_Z,2020,A,PS,
41008,P1Y,0,,A,PU,_Z,2,,,False,WB_WDI,WB_WDI_SP_POP_TOTL,SXM,_T,_T,_T,_Z,_Z,_Z,2020,A,PS,
5458827,P1Y,0,,A,PU,_Z,2,,,False,WB_WDI,WB_WDI_SP_POP_TOTL,SVK,_T,_T,_T,_Z,_Z,_Z,2020,A,PS,
2102419,P1Y,0,,A,PU,_Z,2,,,False,WB_WDI,WB_WDI_SP_POP_TOTL,SVN,_T,_T,_T,_Z,_Z,_Z,2020,A,PS,
744498,P1Y,0,,A,PU,_Z,2,,,False,WB_WDI,WB_WDI_SP_POP_TOTL,SLB,_T,_T,_T,_Z,_Z,_Z,2020,A,PS,
16651191,P1Y,0,,A,PU,_Z,2,,,False,WB_WDI,WB_WDI_SP_POP_TOTL,SOM,_T,_T,_T,_Z,_Z,_Z,2020,A,PS,
60562381,P1Y,0,,A,PU,_Z,2,,,False,WB_WDI,WB_WDI_SP_POP_TOTL,ZAF,_T,_T,_T,_Z,_Z,_Z,2020,A,PS,
10698467,P1Y,0,,A,PU,_Z,2,,,False,WB_WDI,WB_WDI_SP_POP_TOTL,SSD,_T,_T,_T,_Z,_Z,_Z,2020,A,PS,
47359424,P1Y,0,,A,PU,_Z,2,,,False,WB_WDI,WB_WDI_SP_POP_TOTL,ESP,_T,_T,_T,_Z,_Z,_Z,2020,A,PS,
44271541,P1Y,0,,A,PU,_Z,2,,,False,WB_WDI,WB_WDI_SP_POP_TOTL,COL,_T,_T,_T,_Z,_Z,_Z,2009,A,PS,
641947,P1Y,0,,A,PU,_Z,2,,,False,WB_WDI,WB_WDI_SP_POP_TOTL,COM,_T,_T,_T,_Z,_Z,_Z,2009,A,PS,
66412044,P1Y,0,,A,PU,_Z,2,,,False,WB_WDI,WB_WDI_SP_POP_TOTL,COD,_T,_T,_T,_Z,_Z,_Z,2009,A,PS,
4281219,P1Y,0,,A,PU,_Z,2,,,False,WB_WDI,WB_WDI_SP_POP_TOTL,COG,_T,_T,_T,_Z,_Z,_Z,2009,A,PS,
4499791,P1Y,0,,A,PU,_Z,2,,,False,WB_WDI,WB_WDI_SP_POP_TOTL,CRI,_T,_T,_T,_Z,_Z,_Z,2009,A,PS,
21997940,P1Y,0,,A,PU,_Z,2,,,False,WB_WDI,WB_WDI_SP_POP_TOTL,CIV,_T,_T,_T,_Z,_Z,_Z,2009,A,PS,
4305181,P1Y,0,,A,PU,_Z,2,,,False,WB_WDI,WB_WDI_SP_POP_TOTL,HRV,_T,_T,_T,_Z,_Z,_Z,2009,A,PS,
11294719,P1Y,0,,A,PU,_Z,2,,,False,WB_WDI,WB_WDI_SP_POP_TOTL,CUB,_T,_T,_T,_Z,_Z,_Z,2009,A,PS,
146833,P1Y,0,,A,PU,_Z,2,,,False,WB_WDI,WB_WDI_SP_POP_TOTL,CUW,_T,_T,_T,_Z,_Z,_Z,2009,A,PS,
1109371,P1Y,0,,A,PU,_Z,2,,,False,WB_WDI,WB_WDI_SP_POP_TOTL,CYP,_T,_T,_T,_Z,_Z,_Z,2009,A,PS,
10443936,P1Y,0,,A,PU,_Z,2,,,False,WB_WDI,WB_WDI_SP_POP_TOTL,CZE,_T,_T,_T,_Z,_Z,_Z,2009,A,PS,
113623895,P1Y,0,,A,PU,_Z,2,,,False,WB_WDI,WB_WDI_SP_POP_TOTL,MEX,_T,_T,_T,_Z,_Z,_Z,2010,A,PS,
107540,P1Y,0,,A,PU,_Z,2,,,False,WB_WDI,WB_WDI_SP_POP_TOTL,FSM,_T,_T,_T,_Z,_Z,_Z,2010,A,PS,
2862354,P1Y,0,,A,PU,_Z,2,,,False,WB_WDI,WB_WDI_SP_POP_TOTL,MDA,_T,_T,_T,_Z,_Z,_Z,2010,A,PS,
33163,P1Y,0,,A,PU,_Z,2,,,False,WB_WDI,WB_WDI_SP_POP_TOTL,MCO,_T,_T,_T,_Z,_Z,_Z,2010,A,PS,
2738622,P1Y,0,,A,PU,_Z,2,,,False,WB_WDI,WB_WDI_SP_POP_TOTL,MNG,_T,_T,_T,_Z,_Z,_Z,2010,A,PS,
619428,P1Y,0,,A,PU,_Z,2,,,False,WB_WDI,WB_WDI_SP_POP_TOTL,MNE,_T,_T,_T,_Z,_Z,_Z,2010,A,PS,
32467016,P1Y,0,,A,PU,_Z,2,,,False,WB_WDI,WB_WDI_SP_POP_TOTL,MAR,_T,_T,_T,_Z,_Z,_Z,2010,A,PS,
22999235,P1Y,0,,A,PU,_Z,2,,,False,WB_WDI,WB_WDI_SP_POP_TOTL,MOZ,_T,_T,_T,_Z,_Z,_Z,2010,A,PS,
49024382,P1Y,0,,A,PU,_Z,2,,,False,WB_WDI,WB_WDI_SP_POP_TOTL,MMR,_T,_T,_T,_Z,_Z,_Z,2010,A,PS,
2109811,P1Y,0,,A,PU,_Z,2,,,False,WB_WDI,WB_WDI_SP_POP_TOTL,NAM,_T,_T,_T,_Z,_Z,_Z,2010,A,PS,
10043,P1Y,0,,A,PU,_Z,2,,,False,WB_WDI,WB_WDI_SP_POP_TOTL,NRU,_T,_T,_T,_Z,_Z,_Z,2010,A,PS,
27341952,P1Y,0,,A,PU,_Z,2,,,False,WB_WDI,WB_WDI_SP_POP_TOTL,NPL,_T,_T,_T,_Z,_Z,_Z,2010,A,PS,
5188607,P1Y,0,,A,PU,_Z,2,,,False,WB_WDI,WB_WDI_SP_POP_TOTL,NOR,_T,_T,_T,_Z,_Z,_Z,2015,A,PS,
4184895,P1Y,0,,A,PU,_Z,2,,,False,WB_WDI,WB_WDI_SP_POP_TOTL,OMN,_T,_T,_T,_Z,_Z,_Z,2015,A,PS,
217290883,P1Y,0,,A,PU,_Z,2,,,False,WB_WDI,WB_WDI_SP_POP_TOTL,PAK,_T,_T,_T,_Z,_Z,_Z,2015,A,PS,
17770,P1Y,0,,A,PU,_Z,2,,,False,WB_WDI,WB_WDI_SP_POP_TOTL,PLW,_T,_T,_T,_Z,_Z,_Z,2015,A,PS,
3960035,P1Y,0,,A,PU,_Z,2,,,False,WB_WDI,WB_WDI_SP_POP_TOTL,PAN,_T,_T,_T,_Z,_Z,_Z,2015,A,PS,
8743246,P1Y,0,,A,PU,_Z,2,,,False,WB_WDI,WB_WDI_SP_POP_TOTL,PNG,_T,_T,_T,_Z,_Z,_Z,2015,A,PS,
6159103,P1Y,0,,A,PU,_Z,2,,,False,WB_WDI,WB_WDI_SP_POP_TOTL,PRY,_T,_T,_T,_Z,_Z,_Z,2015,A,PS,
30457600,P1Y,0,,A,PU,_Z,2,,,False,WB_WDI,WB_WDI_SP_POP_TOTL,PER,_T,_T,_T,_Z,_Z,_Z,2015,A,PS,
105312992,P1Y,0,,A,PU,_Z,2,,,False,WB_WDI,WB_WDI_SP_POP_TOTL,PHL,_T,_T,_T,_Z,_Z,_Z,2015,A,PS,
37986412,P1Y,0,,A,PU,_Z,2,,,False,WB_WDI,WB_WDI_SP_POP_TOTL,POL,_T,_T,_T,_Z,_Z,_Z,2015,A,PS,
40016763,P1Y,0,,A,PU,_Z,2,,,False,WB_WDI,WB_WDI_SP_POP_TOTL,ARG,_T,_T,_T,_Z,_Z,_Z,2007,A,PS,
3107400,P1Y,0,,A,PU,_Z,2,,,False,WB_WDI,WB_WDI_SP_POP_TOTL,ARM,_T,_T,_T,_Z,_Z,_Z,2007,A,PS,
100150,P1Y,0,,A,PU,_Z,2,,,False,WB_WDI,WB_WDI_SP_POP_TOTL,ABW,_T,_T,_T,_Z,_Z,_Z,2007,A,PS,
20827622,P1Y,0,,A,PU,_Z,2,,,False,WB_WDI,WB_WDI_SP_POP_TOTL,AUS,_T,_T,_T,_Z,_Z,_Z,2007,A,PS,
8295487,P1Y,0,,A,PU,_Z,2,,,False,WB_WDI,WB_WDI_SP_POP_TOTL,AUT,_T,_T,_T,_Z,_Z,_Z,2007,A,PS,
8581300,P1Y,0,,A,PU,_Z,2,,,False,WB_WDI,WB_WDI_SP_POP_TOTL,AZE,_T,_T,_T,_Z,_Z,_Z,2007,A,PS,
353334,P1Y,0,,A,PU,_Z,2,,,False,WB_WDI,WB_WDI_SP_POP_TOTL,BHS,_T,_T,_T,_Z,_Z,_Z,2007,A,PS,
1039295,P1Y,0,,A,PU,_Z,2,,,False,WB_WDI,WB_WDI_SP_POP_TOTL,BHR,_T,_T,_T,_Z,_Z,_Z,2007,A,PS,
147989278,P1Y,0,,A,PU,_Z,2,,,False,WB_WDI,WB_WDI_SP_POP_TOTL,BGD,_T,_T,_T,_Z,_Z,_Z,2007,A,PS,
271288,P1Y,0,,A,PU,_Z,2,,,False,WB_WDI,WB_WDI_SP_POP_TOTL,BRB,_T,_T,_T,_Z,_Z,_Z,2007,A,PS,
9560953,P1Y,0,,A,PU,_Z,2,,,False,WB_WDI,WB_WDI_SP_POP_TOTL,BLR,_T,_T,_T,_Z,_Z,_Z,2007,A,PS,
3162916,P1Y,0,,A,PU,_Z,2,,,False,WB_WDI,WB_WDI_SP_POP_TOTL,LTU,_T,_T,_T,_Z,_Z,_Z,2009,A,PS,
497783,P1Y,0,,A,PU,_Z,2,,,False,WB_WDI,WB_WDI_SP_POP_TOTL,LUX,_T,_T,_T,_Z,_Z,_Z,2009,A,PS,
535000,P1Y,0,,A,PU,_Z,2,,,False,WB_WDI,WB_WDI_SP_POP_TOTL,MAC,_T,_T,_T,_Z,_Z,_Z,2009,A,PS,
21547280,P1Y,0,,A,PU,_Z,2,,,False,WB_WDI,WB_WDI_SP_POP_TOTL,MDG,_T,_T,_T,_Z,_Z,_Z,2009,A,PS,
14395788,P1Y,0,,A,PU,_Z,2,,,False,WB_WDI,WB_WDI_SP_POP_TOTL,MWI,_T,_T,_T,_Z,_Z,_Z,2009,A,PS,
28124778,P1Y,0,,A,PU,_Z,2,,,False,WB_WDI,WB_WDI_SP_POP_TOTL,MYS,_T,_T,_T,_Z,_Z,_Z,2009,A,PS,
348275,P1Y,0,,A,PU,_Z,2,,,False,WB_WDI,WB_WDI_SP_POP_TOTL,MDV,_T,_T,_T,_Z,_Z,_Z,2009,A,PS,
15435539,P1Y,0,,A,PU,_Z,2,,,False,WB_WDI,WB_WDI_SP_POP_TOTL,MLI,_T,_T,_T,_Z,_Z,_Z,2009,A,PS,
412477,P1Y,0,,A,PU,_Z,2,,,False,WB_WDI,WB_WDI_SP_POP_TOTL,MLT,_T,_T,_T,_Z,_Z,_Z,2009,A,PS,
52019,P1Y,0,,A,PU,_Z,2,,,False,WB_WDI,WB_WDI_SP_POP_TOTL,MHL,_T,_T,_T,_Z,_Z,_Z,2009,A,PS,
3284448,P1Y,0,,A,PU,_Z,2,,,False,WB_WDI,WB_WDI_SP_POP_TOTL,MRT,_T,_T,_T,_Z,_Z,_Z,2009,A,PS,
1247429,P1Y,0,,A,PU,_Z,2,,,False,WB_WDI,WB_WDI_SP_POP_TOTL,MUS,_T,_T,_T,_Z,_Z,_Z,2009,A,PS,
4257682,P1Y,0,,A,PU,_Z,2,,,False,WB_WDI,WB_WDI_SP_POP_TOTL,CSS,_T,_T,_T,_Z,_Z,_Z,2013,A,PS,
103570062,P1Y,0,,A,PU,_Z,2,,,False,WB_WDI,WB_WDI_SP_POP_TOTL,CEB,_T,_T,_T,_Z,_Z,_Z,2013,A,PS,
3103677284,P1Y,0,,A,PU,_Z,2,,,False,WB_WDI,WB_WDI_SP_POP_TOTL,EAR,_T,_T,_T,_Z,_Z,_Z,2013,A,PS,
2267072102,P1Y,0,,A,PU,_Z,2,,,False,WB_WDI,WB_WDI_SP_POP_TOTL,EAS,_T,_T,_T,_Z,_Z,_Z,2013,A,PS,
2023850158,P1Y,0,,A,PU,_Z,2,,,False,WB_WDI,WB_WDI_SP_POP_TOTL,EAP,_T,_T,_T,_Z,_Z,_Z,2013,A,PS,
1998548872,P1Y,0,,A,PU,_Z,2,,,False,WB_WDI,WB_WDI_SP_POP_TOTL,TEA,_T,_T,_T,_Z,_Z,_Z,2013,A,PS,
348799535,P1Y,0,,A,PU,_Z,2,,,False,WB_WDI,WB_WDI_SP_POP_TOTL,EMU,_T,_T,_T,_Z,_Z,_Z,2013,A,PS,
899906171,P1Y,0,,A,PU,_Z,2,,,False,WB_WDI,WB_WDI_SP_POP_TOTL,ECS,_T,_T,_T,_Z,_Z,_Z,2013,A,PS,
235905150,P1Y,0,,A,PU,_Z,2,,,False,WB_WDI,WB_WDI_SP_POP_TOTL,ECA,_T,_T,_T,_Z,_Z,_Z,2013,A,PS,
449128604,P1Y,0,,A,PU,_Z,2,,,False,WB_WDI,WB_WDI_SP_POP_TOTL,TEC,_T,_T,_T,_Z,_Z,_Z,2013,A,PS,
442425741,P1Y,0,,A,PU,_Z,2,,,False,WB_WDI,WB_WDI_SP_POP_TOTL,EUU,_T,_T,_T,_Z,_Z,_Z,2013,A,PS,
694136340,P1Y,0,,A,PU,_Z,2,,,False,WB_WDI,WB_WDI_SP_POP_TOTL,HPC,_T,_T,_T,_Z,_Z,_Z,2013,A,PS,
1350148878,P1Y,0,,A,PU,_Z,2,,,False,WB_WDI,WB_WDI_SP_POP_TOTL,HIC,_T,_T,_T,_Z,_Z,_Z,2013,A,PS,
947367,P1Y,0,,A,PU,_Z,2,,,False,WB_WDI,WB_WDI_SP_POP_TOTL,GNQ,_T,_T,_T,_Z,_Z,_Z,2005,A,PS,
2661215,P1Y,0,,A,PU,_Z,2,,,False,WB_WDI,WB_WDI_SP_POP_TOTL,ERI,_T,_T,_T,_Z,_Z,_Z,2005,A,PS,
1354775,P1Y,0,,A,PU,_Z,2,,,False,WB_WDI,WB_WDI_SP_POP_TOTL,EST,_T,_T,_T,_Z,_Z,_Z,2005,A,PS,
1079022,P1Y,0,,A,PU,_Z,2,,,False,WB_WDI,WB_WDI_SP_POP_TOTL,SWZ,_T,_T,_T,_Z,_Z,_Z,2005,A,PS,
78367470,P1Y,0,,A,PU,_Z,2,,,False,WB_WDI,WB_WDI_SP_POP_TOTL,ETH,_T,_T,_T,_Z,_Z,_Z,2005,A,PS,
48359,P1Y,0,,A,PU,_Z,2,,,False,WB_WDI,WB_WDI_SP_POP_TOTL,FRO,_T,_T,_T,_Z,_Z,_Z,2005,A,PS,
882379,P1Y,0,,A,PU,_Z,2,,,False,WB_WDI,WB_WDI_SP_POP_TOTL,FJI,_T,_T,_T,_Z,_Z,_Z,2005,A,PS,
5246096,P1Y,0,,A,PU,_Z,2,,,False,WB_WDI,WB_WDI_SP_POP_TOTL,FIN,_T,_T,_T,_Z,_Z,_Z,2005,A,PS,
63180854,P1Y,0,,A,PU,_Z,2,,,False,WB_WDI,WB_WDI_SP_POP_TOTL,FRA,_T,_T,_T,_Z,_Z,_Z,2005,A,PS,
259507,P1Y,0,,A,PU,_Z,2,,,False,WB_WDI,WB_WDI_SP_POP_TOTL,PYF,_T,_T,_T,_Z,_Z,_Z,2005,A,PS,
1463495,P1Y,0,,A,PU,_Z,2,,,False,WB_WDI,WB_WDI_SP_POP_TOTL,GAB,_T,_T,_T,_Z,_Z,_Z,2005,A,PS,
1667037,P1Y,0,,A,PU,_Z,2,,,False,WB_WDI,WB_WDI_SP_POP_TOTL,GMB,_T,_T,_T,_Z,_Z,_Z,2005,A,PS,
3902469,P1Y,0,,A,PU,_Z,2,,,False,WB_WDI,WB_WDI_SP_POP_TOTL,GEO,_T,_T,_T,_Z,_Z,_Z,2005,A,PS,
9966908,P1Y,0,,A,PU,_Z,2,,,False,WB_WDI,WB_WDI_SP_POP_TOTL,TJK,_T,_T,_T,_Z,_Z,_Z,2021,A,PS,
62830412,P1Y,0,,A,PU,_Z,2,,,False,WB_WDI,WB_WDI_SP_POP_TOTL,TZA,_T,_T,_T,_Z,_Z,_Z,2021,A,PS,
71727332,P1Y,0,,A,PU,_Z,2,,,False,WB_WDI,WB_WDI_SP_POP_TOTL,THA,_T,_T,_T,_Z,_Z,_Z,2021,A,PS,
1350139,P1Y,0,,A,PU,_Z,2,,,False,WB_WDI,WB_WDI_SP_POP_TOTL,TLS,_T,_T,_T,_Z,_Z,_Z,2021,A,PS,
7936176,P1Y,0,,A,PU,_Z,2,,,False,WB_WDI,WB_WDI_SP_POP_TOTL,TGO,_T,_T,_T,_Z,_Z,_Z,2021,A,PS,
105490,P1Y,0,,A,PU,_Z,2,,,False,WB_WDI,WB_WDI_SP_POP_TOTL,TON,_T,_T,_T,_Z,_Z,_Z,2021,A,PS,
1367558,P1Y,0,,A,PU,_Z,2,,,False,WB_WDI,WB_WDI_SP_POP_TOTL,TTO,_T,_T,_T,_Z,_Z,_Z,2021,A,PS,
12048622,P1Y,0,,A,PU,_Z,2,,,False,WB_WDI,WB_WDI_SP_POP_TOTL,TUN,_T,_T,_T,_Z,_Z,_Z,2021,A,PS,
84147318,P1Y,0,,A,PU,_Z,2,,,False,WB_WDI,WB_WDI_SP_POP_TOTL,TUR,_T,_T,_T,_Z,_Z,_Z,2021,A,PS,
7092043,P1Y,0,,A,PU,_Z,2,,,False,WB_WDI,WB_WDI_SP_POP_TOTL,TKM,_T,_T,_T,_Z,_Z,_Z,2021,A,PS,
45243,P1Y,0,,A,PU,_Z,2,,,False,WB_WDI,WB_WDI_SP_POP_TOTL,TCA,_T,_T,_T,_Z,_Z,_Z,2021,A,PS,
10194,P1Y,0,,A,PU,_Z,2,,,False,WB_WDI,WB_WDI_SP_POP_TOTL,TUV,_T,_T,_T,_Z,_Z,_Z,2021,A,PS,
45910930,P1Y,0,,A,PU,_Z,2,,,False,WB_WDI,WB_WDI_SP_POP_TOTL,UGA,_T,_T,_T,_Z,_Z,_Z,2021,A,PS,
9054332,P1Y,0,,A,PU,_Z,2,,,False,WB_WDI,WB_WDI_SP_POP_TOTL,AZE,_T,_T,_T,_Z,_Z,_Z,2010,A,PS,
367478,P1Y,0,,A,PU,_Z,2,,,False,WB_WDI,WB_WDI_SP_POP_TOTL,BHS,_T,_T,_T,_Z,_Z,_Z,2010,A,PS,
1228543,P1Y,0,,A,PU,_Z,2,,,False,WB_WDI,WB_WDI_SP_POP_TOTL,BHR,_T,_T,_T,_Z,_Z,_Z,2010,A,PS,
152201981,P1Y,0,,A,PU,_Z,2,,,False,WB_WDI,WB_WDI_SP_POP_TOTL,BGD,_T,_T,_T,_Z,_Z,_Z,2010,A,PS,
275243,P1Y,0,,A,PU,_Z,2,,,False,WB_WDI,WB_WDI_SP_POP_TOTL,BRB,_T,_T,_T,_Z,_Z,_Z,2010,A,PS,
9483836,P1Y,0,,A,PU,_Z,2,,,False,WB_WDI,WB_WDI_SP_POP_TOTL,BLR,_T,_T,_T,_Z,_Z,_Z,2010,A,PS,
10895586,P1Y,0,,A,PU,_Z,2,,,False,WB_WDI,WB_WDI_SP_POP_TOTL,BEL,_T,_T,_T,_Z,_Z,_Z,2010,A,PS,
320245,P1Y,0,,A,PU,_Z,2,,,False,WB_WDI,WB_WDI_SP_POP_TOTL,BLZ,_T,_T,_T,_Z,_Z,_Z,2010,A,PS,
9797484,P1Y,0,,A,PU,_Z,2,,,False,WB_WDI,WB_WDI_SP_POP_TOTL,BEN,_T,_T,_T,_Z,_Z,_Z,2010,A,PS,
63725,P1Y,0,,A,PU,_Z,2,,,False,WB_WDI,WB_WDI_SP_POP_TOTL,BMU,_T,_T,_T,_Z,_Z,_Z,2010,A,PS,
701632,P1Y,0,,A,PU,_Z,2,,,False,WB_WDI,WB_WDI_SP_POP_TOTL,BTN,_T,_T,_T,_Z,_Z,_Z,2010,A,PS,
83160871,P1Y,0,,A,PU,_Z,2,,,False,WB_WDI,WB_WDI_SP_POP_TOTL,DEU,_T,_T,_T,_Z,_Z,_Z,2020,A,PS,
31887809,P1Y,0,,A,PU,_Z,2,,,False,WB_WDI,WB_WDI_SP_POP_TOTL,GHA,_T,_T,_T,_Z,_Z,_Z,2020,A,PS,
36173,P1Y,0,,A,PU,_Z,2,,,False,WB_WDI,WB_WDI_SP_POP_TOTL,GIB,_T,_T,_T,_Z,_Z,_Z,2020,A,PS,
10698599,P1Y,0,,A,PU,_Z,2,,,False,WB_WDI,WB_WDI_SP_POP_TOTL,GRC,_T,_T,_T,_Z,_Z,_Z,2020,A,PS,
56367,P1Y,0,,A,PU,_Z,2,,,False,WB_WDI,WB_WDI_SP_POP_TOTL,GRL,_T,_T,_T,_Z,_Z,_Z,2020,A,PS,
116341,P1Y,0,,A,PU,_Z,2,,,False,WB_WDI,WB_WDI_SP_POP_TOTL,GRD,_T,_T,_T,_Z,_Z,_Z,2020,A,PS,
162158,P1Y,0,,A,PU,_Z,2,,,False,WB_WDI,WB_WDI_SP_POP_TOTL,GUM,_T,_T,_T,_Z,_Z,_Z,2020,A,PS,
17357325,P1Y,0,,A,PU,_Z,2,,,False,WB_WDI,WB_WDI_SP_POP_TOTL,GTM,_T,_T,_T,_Z,_Z,_Z,2020,A,PS,
13371183,P1Y,0,,A,PU,_Z,2,,,False,WB_WDI,WB_WDI_SP_POP_TOTL,GIN,_T,_T,_T,_Z,_Z,_Z,2020,A,PS,
2013255,P1Y,0,,A,PU,_Z,2,,,False,WB_WDI,WB_WDI_SP_POP_TOTL,GNB,_T,_T,_T,_Z,_Z,_Z,2020,A,PS,
807481,P1Y,0,,A,PU,_Z,2,,,False,WB_WDI,WB_WDI_SP_POP_TOTL,GUY,_T,_T,_T,_Z,_Z,_Z,2020,A,PS,
11243848,P1Y,0,,A,PU,_Z,2,,,False,WB_WDI,WB_WDI_SP_POP_TOTL,HTI,_T,_T,_T,_Z,_Z,_Z,2020,A,PS,
10119640,P1Y,0,,A,PU,_Z,2,,,False,WB_WDI,WB_WDI_SP_POP_TOTL,HND,_T,_T,_T,_Z,_Z,_Z,2020,A,PS,
850387,P1Y,0,,A,PU,_Z,2,,,False,WB_WDI,WB_WDI_SP_POP_TOTL,COM,_T,_T,_T,_Z,_Z,_Z,2023,A,PS,
105789731,P1Y,0,,A,PU,_Z,2,,,False,WB_WDI,WB_WDI_SP_POP_TOTL,COD,_T,_T,_T,_Z,_Z,_Z,2023,A,PS,
6182885,P1Y,0,,A,PU,_Z,2,,,False,WB_WDI,WB_WDI_SP_POP_TOTL,COG,_T,_T,_T,_Z,_Z,_Z,2023,A,PS,
5105525,P1Y,0,,A,PU,_Z,2,,,False,WB_WDI,WB_WDI_SP_POP_TOTL,CRI,_T,_T,_T,_Z,_Z,_Z,2023,A,PS,
31165654,P1Y,0,,A,PU,_Z,2,,,False,WB_WDI,WB_WDI_SP_POP_TOTL,CIV,_T,_T,_T,_Z,_Z,_Z,2023,A,PS,
3859686,P1Y,0,,A,PU,_Z,2,,,False,WB_WDI,WB_WDI_SP_POP_TOTL,HRV,_T,_T,_T,_Z,_Z,_Z,2023,A,PS,
11019931,P1Y,0,,A,PU,_Z,2,,,False,WB_WDI,WB_WDI_SP_POP_TOTL,CUB,_T,_T,_T,_Z,_Z,_Z,2023,A,PS,
154654,P1Y,0,,A,PU,_Z,2,,,False,WB_WDI,WB_WDI_SP_POP_TOTL,CUW,_T,_T,_T,_Z,_Z,_Z,2023,A,PS,
1344976,P1Y,0,,A,PU,_Z,2,,,False,WB_WDI,WB_WDI_SP_POP_TOTL,CYP,_T,_T,_T,_Z,_Z,_Z,2023,A,PS,
10864042,P1Y,0,,A,PU,_Z,2,,,False,WB_WDI,WB_WDI_SP_POP_TOTL,CZE,_T,_T,_T,_Z,_Z,_Z,2023,A,PS,
5946952,P1Y,0,,A,PU,_Z,2,,,False,WB_WDI,WB_WDI_SP_POP_TOTL,DNK,_T,_T,_T,_Z,_Z,_Z,2023,A,PS,
1152944,P1Y,0,,A,PU,_Z,2,,,False,WB_WDI,WB_WDI_SP_POP_TOTL,DJI,_T,_T,_T,_Z,_Z,_Z,2023,A,PS,
66510,P1Y,0,,A,PU,_Z,2,,,False,WB_WDI,WB_WDI_SP_POP_TOTL,DMA,_T,_T,_T,_Z,_Z,_Z,2023,A,PS,
11331265,P1Y,0,,A,PU,_Z,2,,,False,WB_WDI,WB_WDI_SP_POP_TOTL,DOM,_T,_T,_T,_Z,_Z,_Z,2023,A,PS,
5576593,P1Y,0,,A,PU,_Z,2,,,False,WB_WDI,WB_WDI_SP_POP_TOTL,NIC,_T,_T,_T,_Z,_Z,_Z,2008,A,PS,
15361915,P1Y,0,,A,PU,_Z,2,,,False,WB_WDI,WB_WDI_SP_POP_TOTL,NER,_T,_T,_T,_Z,_Z,_Z,2008,A,PS,
157595014,P1Y,0,,A,PU,_Z,2,,,False,WB_WDI,WB_WDI_SP_POP_TOTL,NGA,_T,_T,_T,_Z,_Z,_Z,2008,A,PS,
1971493,P1Y,0,,A,PU,_Z,2,,,False,WB_WDI,WB_WDI_SP_POP_TOTL,MKD,_T,_T,_T,_Z,_Z,_Z,2008,A,PS,
57150,P1Y,0,,A,PU,_Z,2,,,False,WB_WDI,WB_WDI_SP_POP_TOTL,MNP,_T,_T,_T,_Z,_Z,_Z,2008,A,PS,
4768212,P1Y,0,,A,PU,_Z,2,,,False,WB_WDI,WB_WDI_SP_POP_TOTL,NOR,_T,_T,_T,_Z,_Z,_Z,2008,A,PS,
2626529,P1Y,0,,A,PU,_Z,2,,,False,WB_WDI,WB_WDI_SP_POP_TOTL,OMN,_T,_T,_T,_Z,_Z,_Z,2008,A,PS,
189499113,P1Y,0,,A,PU,_Z,2,,,False,WB_WDI,WB_WDI_SP_POP_TOTL,PAK,_T,_T,_T,_Z,_Z,_Z,2008,A,PS,
19009,P1Y,0,,A,PU,_Z,2,,,False,WB_WDI,WB_WDI_SP_POP_TOTL,PLW,_T,_T,_T,_Z,_Z,_Z,2008,A,PS,
3500648,P1Y,0,,A,PU,_Z,2,,,False,WB_WDI,WB_WDI_SP_POP_TOTL,PAN,_T,_T,_T,_Z,_Z,_Z,2008,A,PS,
7183002,P1Y,0,,A,PU,_Z,2,,,False,WB_WDI,WB_WDI_SP_POP_TOTL,PNG,_T,_T,_T,_Z,_Z,_Z,2008,A,PS,
5613574,P1Y,0,,A,PU,_Z,2,,,False,WB_WDI,WB_WDI_SP_POP_TOTL,PRY,_T,_T,_T,_Z,_Z,_Z,2008,A,PS,
606535582,P1Y,0,,A,PU,_Z,2,,,False,WB_WDI,WB_WDI_SP_POP_TOTL,LAC,_T,_T,_T,_Z,_Z,_Z,2020,A,PS,
630051021,P1Y,0,,A,PU,_Z,2,,,False,WB_WDI,WB_WDI_SP_POP_TOTL,TLA,_T,_T,_T,_Z,_Z,_Z,2020,A,PS,
1082754466,P1Y,0,,A,PU,_Z,2,,,False,WB_WDI,WB_WDI_SP_POP_TOTL,LDC,_T,_T,_T,_Z,_Z,_Z,2020,A,PS,
6460393883,P1Y,0,,A,PU,_Z,2,,,False,WB_WDI,WB_WDI_SP_POP_TOTL,LMY,_T,_T,_T,_Z,_Z,_Z,2020,A,PS,
670891024,P1Y,0,,A,PU,_Z,2,,,False,WB_WDI,WB_WDI_SP_POP_TOTL,LIC,_T,_T,_T,_Z,_Z,_Z,2020,A,PS,
2761575388,P1Y,0,,A,PU,_Z,2,,,False,WB_WDI,WB_WDI_SP_POP_TOTL,LMC,_T,_T,_T,_Z,_Z,_Z,2020,A,PS,
756405281,P1Y,0,,A,PU,_Z,2,,,False,WB_WDI,WB_WDI_SP_POP_TOTL,MEA,_T,_T,_T,_Z,_Z,_Z,2020,A,PS,
692532027,P1Y,0,,A,PU,_Z,2,,,False,WB_WDI,WB_WDI_SP_POP_TOTL,MNA,_T,_T,_T,_Z,_Z,_Z,2020,A,PS,
687728758,P1Y,0,,A,PU,_Z,2,,,False,WB_WDI,WB_WDI_SP_POP_TOTL,TMN,_T,_T,_T,_Z,_Z,_Z,2020,A,PS,
5789502859,P1Y,0,,A,PU,_Z,2,,,False,WB_WDI,WB_WDI_SP_POP_TOTL,MIC,_T,_T,_T,_Z,_Z,_Z,2020,A,PS,
369671124,P1Y,0,,A,PU,_Z,2,,,False,WB_WDI,WB_WDI_SP_POP_TOTL,NAC,_T,_T,_T,_Z,_Z,_Z,2020,A,PS,
1369306579,P1Y,0,,A,PU,_Z,2,,,False,WB_WDI,WB_WDI_SP_POP_TOTL,OED,_T,_T,_T,_Z,_Z,_Z,2020,A,PS,
12417333,P1Y,0,,A,PU,_Z,2,,,False,WB_WDI,WB_WDI_SP_POP_TOTL,OSS,_T,_T,_T,_Z,_Z,_Z,2020,A,PS,
6179328,P1Y,0,,A,PU,_Z,2,,,False,WB_WDI,WB_WDI_SP_POP_TOTL,LBY,_T,_T,_T,_Z,_Z,_Z,2012,A,PS,
36657,P1Y,0,,A,PU,_Z,2,,,False,WB_WDI,WB_WDI_SP_POP_TOTL,LIE,_T,_T,_T,_Z,_Z,_Z,2012,A,PS,
2989139,P1Y,0,,A,PU,_Z,2,,,False,WB_WDI,WB_WDI_SP_POP_TOTL,LTU,_T,_T,_T,_Z,_Z,_Z,2012,A,PS,
530946,P1Y,0,,A,PU,_Z,2,,,False,WB_WDI,WB_WDI_SP_POP_TOTL,LUX,_T,_T,_T,_Z,_Z,_Z,2012,A,PS,
567900,P1Y,0,,A,PU,_Z,2,,,False,WB_WDI,WB_WDI_SP_POP_TOTL,MAC,_T,_T,_T,_Z,_Z,_Z,2012,A,PS,
23462438,P1Y,0,,A,PU,_Z,2,,,False,WB_WDI,WB_WDI_SP_POP_TOTL,MDG,_T,_T,_T,_Z,_Z,_Z,2012,A,PS,
15709577,P1Y,0,,A,PU,_Z,2,,,False,WB_WDI,WB_WDI_SP_POP_TOTL,MWI,_T,_T,_T,_Z,_Z,_Z,2012,A,PS,
29662831,P1Y,0,,A,PU,_Z,2,,,False,WB_WDI,WB_WDI_SP_POP_TOTL,MYS,_T,_T,_T,_Z,_Z,_Z,2012,A,PS,
386818,P1Y,0,,A,PU,_Z,2,,,False,WB_WDI,WB_WDI_SP_POP_TOTL,MDV,_T,_T,_T,_Z,_Z,_Z,2012,A,PS,
16957033,P1Y,0,,A,PU,_Z,2,,,False,WB_WDI,WB_WDI_SP_POP_TOTL,MLI,_T,_T,_T,_Z,_Z,_Z,2012,A,PS,
420028,P1Y,0,,A,PU,_Z,2,,,False,WB_WDI,WB_WDI_SP_POP_TOTL,MLT,_T,_T,_T,_Z,_Z,_Z,2012,A,PS,
51419,P1Y,0,,A,PU,_Z,2,,,False,WB_WDI,WB_WDI_SP_POP_TOTL,MHL,_T,_T,_T,_Z,_Z,_Z,2012,A,PS,
32242732,P1Y,0,,A,PU,_Z,2,,,False,WB_WDI,WB_WDI_SP_POP_TOTL,CAN,_T,_T,_T,_Z,_Z,_Z,2005,A,PS,
46788,P1Y,0,,A,PU,_Z,2,,,False,WB_WDI,WB_WDI_SP_POP_TOTL,CYM,_T,_T,_T,_Z,_Z,_Z,2005,A,PS,
4288810,P1Y,0,,A,PU,_Z,2,,,False,WB_WDI,WB_WDI_SP_POP_TOTL,CAF,_T,_T,_T,_Z,_Z,_Z,2005,A,PS,
10328092,P1Y,0,,A,PU,_Z,2,,,False,WB_WDI,WB_WDI_SP_POP_TOTL,TCD,_T,_T,_T,_Z,_Z,_Z,2005,A,PS,
153126,P1Y,0,,A,PU,_Z,2,,,False,WB_WDI,WB_WDI_SP_POP_TOTL,CHI,_T,_T,_T,_Z,_Z,_Z,2005,A,PS,
16348778,P1Y,0,,A,PU,_Z,2,,,False,WB_WDI,WB_WDI_SP_POP_TOTL,CHL,_T,_T,_T,_Z,_Z,_Z,2005,A,PS,
1303720000,P1Y,0,,A,PU,_Z,2,,,False,WB_WDI,WB_WDI_SP_POP_TOTL,CHN,_T,_T,_T,_Z,_Z,_Z,2005,A,PS,
42128977,P1Y,0,,A,PU,_Z,2,,,False,WB_WDI,WB_WDI_SP_POP_TOTL,COL,_T,_T,_T,_Z,_Z,_Z,2005,A,PS,
592677,P1Y,0,,A,PU,_Z,2,,,False,WB_WDI,WB_WDI_SP_POP_TOTL,COM,_T,_T,_T,_Z,_Z,_Z,2005,A,PS,
58775724,P1Y,0,,A,PU,_Z,2,,,False,WB_WDI,WB_WDI_SP_POP_TOTL,COD,_T,_T,_T,_Z,_Z,_Z,2005,A,PS,
3696393,P1Y,0,,A,PU,_Z,2,,,False,WB_WDI,WB_WDI_SP_POP_TOTL,COG,_T,_T,_T,_Z,_Z,_Z,2005,A,PS,
4261240,P1Y,0,,A,PU,_Z,2,,,False,WB_WDI,WB_WDI_SP_POP_TOTL,CRI,_T,_T,_T,_Z,_Z,_Z,2005,A,PS,
20068458,P1Y,0,,A,PU,_Z,2,,,False,WB_WDI,WB_WDI_SP_POP_TOTL,CIV,_T,_T,_T,_Z,_Z,_Z,2005,A,PS,
17980083,P1Y,0,,A,PU,_Z,2,,,False,WB_WDI,WB_WDI_SP_POP_TOTL,ECU,_T,_T,_T,_Z,_Z,_Z,2023,A,PS,
114535772,P1Y,0,,A,PU,_Z,2,,,False,WB_WDI,WB_WDI_SP_POP_TOTL,EGY,_T,_T,_T,_Z,_Z,_Z,2023,A,PS,
6309624,P1Y,0,,A,PU,_Z,2,,,False,WB_WDI,WB_WDI_SP_POP_TOTL,SLV,_T,_T,_T,_Z,_Z,_Z,2023,A,PS,
1847549,P1Y,0,,A,PU,_Z,2,,,False,WB_WDI,WB_WDI_SP_POP_TOTL,GNQ,_T,_T,_T,_Z,_Z,_Z,2023,A,PS,
3470390,P1Y,0,,A,PU,_Z,2,,,False,WB_WDI,WB_WDI_SP_POP_TOTL,ERI,_T,_T,_T,_Z,_Z,_Z,2023,A,PS,
1370286,P1Y,0,,A,PU,_Z,2,,,False,WB_WDI,WB_WDI_SP_POP_TOTL,EST,_T,_T,_T,_Z,_Z,_Z,2023,A,PS,
1230506,P1Y,0,,A,PU,_Z,2,,,False,WB_WDI,WB_WDI_SP_POP_TOTL,SWZ,_T,_T,_T,_Z,_Z,_Z,2023,A,PS,
128691692,P1Y,0,,A,PU,_Z,2,,,False,WB_WDI,WB_WDI_SP_POP_TOTL,ETH,_T,_T,_T,_Z,_Z,_Z,2023,A,PS,
54398,P1Y,0,,A,PU,_Z,2,,,False,WB_WDI,WB_WDI_SP_POP_TOTL,FRO,_T,_T,_T,_Z,_Z,_Z,2023,A,PS,
924145,P1Y,0,,A,PU,_Z,2,,,False,WB_WDI,WB_WDI_SP_POP_TOTL,FJI,_T,_T,_T,_Z,_Z,_Z,2023,A,PS,
5583911,P1Y,0,,A,PU,_Z,2,,,False,WB_WDI,WB_WDI_SP_POP_TOTL,FIN,_T,_T,_T,_Z,_Z,_Z,2023,A,PS,
68372286,P1Y,0,,A,PU,_Z,2,,,False,WB_WDI,WB_WDI_SP_POP_TOTL,FRA,_T,_T,_T,_Z,_Z,_Z,2023,A,PS,
281118,P1Y,0,,A,PU,_Z,2,,,False,WB_WDI,WB_WDI_SP_POP_TOTL,PYF,_T,_T,_T,_Z,_Z,_Z,2023,A,PS,
2484789,P1Y,0,,A,PU,_Z,2,,,False,WB_WDI,WB_WDI_SP_POP_TOTL,GAB,_T,_T,_T,_Z,_Z,_Z,2023,A,PS,
28719041,P1Y,0,,A,PU,_Z,2,,,False,WB_WDI,WB_WDI_SP_POP_TOTL,PER,_T,_T,_T,_Z,_Z,_Z,2008,A,PS,
92699095,P1Y,0,,A,PU,_Z,2,,,False,WB_WDI,WB_WDI_SP_POP_TOTL,PHL,_T,_T,_T,_Z,_Z,_Z,2008,A,PS,
38125759,P1Y,0,,A,PU,_Z,2,,,False,WB_WDI,WB_WDI_SP_POP_TOTL,POL,_T,_T,_T,_Z,_Z,_Z,2008,A,PS,
10558177,P1Y,0,,A,PU,_Z,2,,,False,WB_WDI,WB_WDI_SP_POP_TOTL,PRT,_T,_T,_T,_Z,_Z,_Z,2008,A,PS,
3760866,P1Y,0,,A,PU,_Z,2,,,False,WB_WDI,WB_WDI_SP_POP_TOTL,PRI,_T,_T,_T,_Z,_Z,_Z,2008,A,PS,
1426938,P1Y,0,,A,PU,_Z,2,,,False,WB_WDI,WB_WDI_SP_POP_TOTL,QAT,_T,_T,_T,_Z,_Z,_Z,2008,A,PS,
20537875,P1Y,0,,A,PU,_Z,2,,,False,WB_WDI,WB_WDI_SP_POP_TOTL,ROU,_T,_T,_T,_Z,_Z,_Z,2008,A,PS,
142742366,P1Y,0,,A,PU,_Z,2,,,False,WB_WDI,WB_WDI_SP_POP_TOTL,RUS,_T,_T,_T,_Z,_Z,_Z,2008,A,PS,
9804269,P1Y,0,,A,PU,_Z,2,,,False,WB_WDI,WB_WDI_SP_POP_TOTL,RWA,_T,_T,_T,_Z,_Z,_Z,2008,A,PS,
190107,P1Y,0,,A,PU,_Z,2,,,False,WB_WDI,WB_WDI_SP_POP_TOTL,WSM,_T,_T,_T,_Z,_Z,_Z,2008,A,PS,
31662,P1Y,0,,A,PU,_Z,2,,,False,WB_WDI,WB_WDI_SP_POP_TOTL,SMR,_T,_T,_T,_Z,_Z,_Z,2008,A,PS,
173793,P1Y,0,,A,PU,_Z,2,,,False,WB_WDI,WB_WDI_SP_POP_TOTL,STP,_T,_T,_T,_Z,_Z,_Z,2008,A,PS,
335618,P1Y,0,,A,PU,_Z,2,,,False,WB_WDI,WB_WDI_SP_POP_TOTL,BHS,_T,_T,_T,_Z,_Z,_Z,2003,A,PS,
764517,P1Y,0,,A,PU,_Z,2,,,False,WB_WDI,WB_WDI_SP_POP_TOTL,BHR,_T,_T,_T,_Z,_Z,_Z,2003,A,PS,
140970351,P1Y,0,,A,PU,_Z,2,,,False,WB_WDI,WB_WDI_SP_POP_TOTL,BGD,_T,_T,_T,_Z,_Z,_Z,2003,A,PS,
265776,P1Y,0,,A,PU,_Z,2,,,False,WB_WDI,WB_WDI_SP_POP_TOTL,BRB,_T,_T,_T,_Z,_Z,_Z,2003,A,PS,
9796749,P1Y,0,,A,PU,_Z,2,,,False,WB_WDI,WB_WDI_SP_POP_TOTL,BLR,_T,_T,_T,_Z,_Z,_Z,2003,A,PS,
10376133,P1Y,0,,A,PU,_Z,2,,,False,WB_WDI,WB_WDI_SP_POP_TOTL,BEL,_T,_T,_T,_Z,_Z,_Z,2003,A,PS,
263780,P1Y,0,,A,PU,_Z,2,,,False,WB_WDI,WB_WDI_SP_POP_TOTL,BLZ,_T,_T,_T,_Z,_Z,_Z,2003,A,PS,
7913070,P1Y,0,,A,PU,_Z,2,,,False,WB_WDI,WB_WDI_SP_POP_TOTL,BEN,_T,_T,_T,_Z,_Z,_Z,2003,A,PS,
62386,P1Y,0,,A,PU,_Z,2,,,False,WB_WDI,WB_WDI_SP_POP_TOTL,BMU,_T,_T,_T,_Z,_Z,_Z,2003,A,PS,
637663,P1Y,0,,A,PU,_Z,2,,,False,WB_WDI,WB_WDI_SP_POP_TOTL,BTN,_T,_T,_T,_Z,_Z,_Z,2003,A,PS,
9050700,P1Y,0,,A,PU,_Z,2,,,False,WB_WDI,WB_WDI_SP_POP_TOTL,BOL,_T,_T,_T,_Z,_Z,_Z,2003,A,PS,
4178523,P1Y,0,,A,PU,_Z,2,,,False,WB_WDI,WB_WDI_SP_POP_TOTL,BIH,_T,_T,_T,_Z,_Z,_Z,2003,A,PS,
637582,P1Y,0,,A,PU,_Z,2,,,False,WB_WDI,WB_WDI_SP_POP_TOTL,BHR,_T,_T,_T,_Z,_Z,_Z,2000,A,PS,
134544304,P1Y,0,,A,PU,_Z,2,,,False,WB_WDI,WB_WDI_SP_POP_TOTL,BGD,_T,_T,_T,_Z,_Z,_Z,2000,A,PS,
262063,P1Y,0,,A,PU,_Z,2,,,False,WB_WDI,WB_WDI_SP_POP_TOTL,BRB,_T,_T,_T,_Z,_Z,_Z,2000,A,PS,
9979610,P1Y,0,,A,PU,_Z,2,,,False,WB_WDI,WB_WDI_SP_POP_TOTL,BLR,_T,_T,_T,_Z,_Z,_Z,2000,A,PS,
10251250,P1Y,0,,A,PU,_Z,2,,,False,WB_WDI,WB_WDI_SP_POP_TOTL,BEL,_T,_T,_T,_Z,_Z,_Z,2000,A,PS,
240799,P1Y,0,,A,PU,_Z,2,,,False,WB_WDI,WB_WDI_SP_POP_TOTL,BLZ,_T,_T,_T,_Z,_Z,_Z,2000,A,PS,
7221619,P1Y,0,,A,PU,_Z,2,,,False,WB_WDI,WB_WDI_SP_POP_TOTL,BEN,_T,_T,_T,_Z,_Z,_Z,2000,A,PS,
61550,P1Y,0,,A,PU,_Z,2,,,False,WB_WDI,WB_WDI_SP_POP_TOTL,BMU,_T,_T,_T,_Z,_Z,_Z,2000,A,PS,
596863,P1Y,0,,A,PU,_Z,2,,,False,WB_WDI,WB_WDI_SP_POP_TOTL,BTN,_T,_T,_T,_Z,_Z,_Z,2000,A,PS,
8606326,P1Y,0,,A,PU,_Z,2,,,False,WB_WDI,WB_WDI_SP_POP_TOTL,BOL,_T,_T,_T,_Z,_Z,_Z,2000,A,PS,
4159771,P1Y,0,,A,PU,_Z,2,,,False,WB_WDI,WB_WDI_SP_POP_TOTL,BIH,_T,_T,_T,_Z,_Z,_Z,2000,A,PS,
1677382,P1Y,0,,A,PU,_Z,2,,,False,WB_WDI,WB_WDI_SP_POP_TOTL,BWA,_T,_T,_T,_Z,_Z,_Z,2000,A,PS,
61502603,P1Y,0,,A,PU,_Z,2,,,False,WB_WDI,WB_WDI_SP_POP_TOTL,ZAF,_T,_T,_T,_Z,_Z,_Z,2021,A,PS,
10865780,P1Y,0,,A,PU,_Z,2,,,False,WB_WDI,WB_WDI_SP_POP_TOTL,SSD,_T,_T,_T,_Z,_Z,_Z,2021,A,PS,
47443821,P1Y,0,,A,PU,_Z,2,,,False,WB_WDI,WB_WDI_SP_POP_TOTL,ESP,_T,_T,_T,_Z,_Z,_Z,2021,A,PS,
22156000,P1Y,0,,A,PU,_Z,2,,,False,WB_WDI,WB_WDI_SP_POP_TOTL,LKA,_T,_T,_T,_Z,_Z,_Z,2021,A,PS,
46763,P1Y,0,,A,PU,_Z,2,,,False,WB_WDI,WB_WDI_SP_POP_TOTL,KNA,_T,_T,_T,_Z,_Z,_Z,2021,A,PS,
178522,P1Y,0,,A,PU,_Z,2,,,False,WB_WDI,WB_WDI_SP_POP_TOTL,LCA,_T,_T,_T,_Z,_Z,_Z,2021,A,PS,
29961,P1Y,0,,A,PU,_Z,2,,,False,WB_WDI,WB_WDI_SP_POP_TOTL,MAF,_T,_T,_T,_Z,_Z,_Z,2021,A,PS,
102841,P1Y,0,,A,PU,_Z,2,,,False,WB_WDI,WB_WDI_SP_POP_TOTL,VCT,_T,_T,_T,_Z,_Z,_Z,2021,A,PS,
48066924,P1Y,0,,A,PU,_Z,2,,,False,WB_WDI,WB_WDI_SP_POP_TOTL,SDN,_T,_T,_T,_Z,_Z,_Z,2021,A,PS,
617896,P1Y,0,,A,PU,_Z,2,,,False,WB_WDI,WB_WDI_SP_POP_TOTL,SUR,_T,_T,_T,_Z,_Z,_Z,2021,A,PS,
10415811,P1Y,0,,A,PU,_Z,2,,,False,WB_WDI,WB_WDI_SP_POP_TOTL,SWE,_T,_T,_T,_Z,_Z,_Z,2021,A,PS,
8704546,P1Y,0,,A,PU,_Z,2,,,False,WB_WDI,WB_WDI_SP_POP_TOTL,CHE,_T,_T,_T,_Z,_Z,_Z,2021,A,PS,
21628839,P1Y,0,,A,PU,_Z,2,,,False,WB_WDI,WB_WDI_SP_POP_TOTL,SYR,_T,_T,_T,_Z,_Z,_Z,2021,A,PS,
24524507,P1Y,0,,A,PU,_Z,2,,,False,WB_WDI,WB_WDI_SP_POP_TOTL,PRK,_T,_T,_T,_Z,_Z,_Z,2006,A,PS,
48438292,P1Y,0,,A,PU,_Z,2,,,False,WB_WDI,WB_WDI_SP_POP_TOTL,KOR,_T,_T,_T,_Z,_Z,_Z,2006,A,PS,
1813079,P1Y,0,,A,PU,_Z,2,,,False,WB_WDI,WB_WDI_SP_POP_TOTL,XKX,_T,_T,_T,_Z,_Z,_Z,2006,A,PS,
2364733,P1Y,0,,A,PU,_Z,2,,,False,WB_WDI,WB_WDI_SP_POP_TOTL,KWT,_T,_T,_T,_Z,_Z,_Z,2006,A,PS,
5218373,P1Y,0,,A,PU,_Z,2,,,False,WB_WDI,WB_WDI_SP_POP_TOTL,KGZ,_T,_T,_T,_Z,_Z,_Z,2006,A,PS,
5963200,P1Y,0,,A,PU,_Z,2,,,False,WB_WDI,WB_WDI_SP_POP_TOTL,LAO,_T,_T,_T,_Z,_Z,_Z,2006,A,PS,
2218357,P1Y,0,,A,PU,_Z,2,,,False,WB_WDI,WB_WDI_SP_POP_TOTL,LVA,_T,_T,_T,_Z,_Z,_Z,2006,A,PS,
4751136,P1Y,0,,A,PU,_Z,2,,,False,WB_WDI,WB_WDI_SP_POP_TOTL,LBN,_T,_T,_T,_Z,_Z,_Z,2006,A,PS,
1945063,P1Y,0,,A,PU,_Z,2,,,False,WB_WDI,WB_WDI_SP_POP_TOTL,LSO,_T,_T,_T,_Z,_Z,_Z,2006,A,PS,
3490787,P1Y,0,,A,PU,_Z,2,,,False,WB_WDI,WB_WDI_SP_POP_TOTL,LBR,_T,_T,_T,_Z,_Z,_Z,2006,A,PS,
5980211,P1Y,0,,A,PU,_Z,2,,,False,WB_WDI,WB_WDI_SP_POP_TOTL,LBY,_T,_T,_T,_Z,_Z,_Z,2006,A,PS,
35037,P1Y,0,,A,PU,_Z,2,,,False,WB_WDI,WB_WDI_SP_POP_TOTL,LIE,_T,_T,_T,_Z,_Z,_Z,2006,A,PS,
3269909,P1Y,0,,A,PU,_Z,2,,,False,WB_WDI,WB_WDI_SP_POP_TOTL,LTU,_T,_T,_T,_Z,_Z,_Z,2006,A,PS,
27852190,P1Y,0,,A,PU,_Z,2,,,False,WB_WDI,WB_WDI_SP_POP_TOTL,PER,_T,_T,_T,_Z,_Z,_Z,2004,A,PS,
86394504,P1Y,0,,A,PU,_Z,2,,,False,WB_WDI,WB_WDI_SP_POP_TOTL,PHL,_T,_T,_T,_Z,_Z,_Z,2004,A,PS,
38182222,P1Y,0,,A,PU,_Z,2,,,False,WB_WDI,WB_WDI_SP_POP_TOTL,POL,_T,_T,_T,_Z,_Z,_Z,2004,A,PS,
10483861,P1Y,0,,A,PU,_Z,2,,,False,WB_WDI,WB_WDI_SP_POP_TOTL,PRT,_T,_T,_T,_Z,_Z,_Z,2004,A,PS,
3826878,P1Y,0,,A,PU,_Z,2,,,False,WB_WDI,WB_WDI_SP_POP_TOTL,PRI,_T,_T,_T,_Z,_Z,_Z,2004,A,PS,
773332,P1Y,0,,A,PU,_Z,2,,,False,WB_WDI,WB_WDI_SP_POP_TOTL,QAT,_T,_T,_T,_Z,_Z,_Z,2004,A,PS,
21451748,P1Y,0,,A,PU,_Z,2,,,False,WB_WDI,WB_WDI_SP_POP_TOTL,ROU,_T,_T,_T,_Z,_Z,_Z,2004,A,PS,
144067316,P1Y,0,,A,PU,_Z,2,,,False,WB_WDI,WB_WDI_SP_POP_TOTL,RUS,_T,_T,_T,_Z,_Z,_Z,2004,A,PS,
8816844,P1Y,0,,A,PU,_Z,2,,,False,WB_WDI,WB_WDI_SP_POP_TOTL,RWA,_T,_T,_T,_Z,_Z,_Z,2004,A,PS,
186249,P1Y,0,,A,PU,_Z,2,,,False,WB_WDI,WB_WDI_SP_POP_TOTL,WSM,_T,_T,_T,_Z,_Z,_Z,2004,A,PS,
29457,P1Y,0,,A,PU,_Z,2,,,False,WB_WDI,WB_WDI_SP_POP_TOTL,SMR,_T,_T,_T,_Z,_Z,_Z,2004,A,PS,
157705,P1Y,0,,A,PU,_Z,2,,,False,WB_WDI,WB_WDI_SP_POP_TOTL,STP,_T,_T,_T,_Z,_Z,_Z,2004,A,PS,
19669480,P1Y,0,,A,PU,_Z,2,,,False,WB_WDI,WB_WDI_SP_POP_TOTL,SAU,_T,_T,_T,_Z,_Z,_Z,2004,A,PS,
11176354,P1Y,0,,A,PU,_Z,2,,,False,WB_WDI,WB_WDI_SP_POP_TOTL,CUB,_T,_T,_T,_Z,_Z,_Z,2020,A,PS,
155482,P1Y,0,,A,PU,_Z,2,,,False,WB_WDI,WB_WDI_SP_POP_TOTL,CUW,_T,_T,_T,_Z,_Z,_Z,2020,A,PS,
1302247,P1Y,0,,A,PU,_Z,2,,,False,WB_WDI,WB_WDI_SP_POP_TOTL,CYP,_T,_T,_T,_Z,_Z,_Z,2020,A,PS,
10697858,P1Y,0,,A,PU,_Z,2,,,False,WB_WDI,WB_WDI_SP_POP_TOTL,CZE,_T,_T,_T,_Z,_Z,_Z,2020,A,PS,
5831404,P1Y,0,,A,PU,_Z,2,,,False,WB_WDI,WB_WDI_SP_POP_TOTL,DNK,_T,_T,_T,_Z,_Z,_Z,2020,A,PS,
1105188,P1Y,0,,A,PU,_Z,2,,,False,WB_WDI,WB_WDI_SP_POP_TOTL,DJI,_T,_T,_T,_Z,_Z,_Z,2020,A,PS,
67573,P1Y,0,,A,PU,_Z,2,,,False,WB_WDI,WB_WDI_SP_POP_TOTL,DMA,_T,_T,_T,_Z,_Z,_Z,2020,A,PS,
11008300,P1Y,0,,A,PU,_Z,2,,,False,WB_WDI,WB_WDI_SP_POP_TOTL,DOM,_T,_T,_T,_Z,_Z,_Z,2020,A,PS,
17546065,P1Y,0,,A,PU,_Z,2,,,False,WB_WDI,WB_WDI_SP_POP_TOTL,ECU,_T,_T,_T,_Z,_Z,_Z,2020,A,PS,
109315124,P1Y,0,,A,PU,_Z,2,,,False,WB_WDI,WB_WDI_SP_POP_TOTL,EGY,_T,_T,_T,_Z,_Z,_Z,2020,A,PS,
6234673,P1Y,0,,A,PU,_Z,2,,,False,WB_WDI,WB_WDI_SP_POP_TOTL,SLV,_T,_T,_T,_Z,_Z,_Z,2020,A,PS,
5624635,P1Y,0,,A,PU,_Z,2,,,False,WB_WDI,WB_WDI_SP_POP_TOTL,ARE,_T,_T,_T,_Z,_Z,_Z,2007,A,PS,
61322463,P1Y,0,,A,PU,_Z,2,,,False,WB_WDI,WB_WDI_SP_POP_TOTL,GBR,_T,_T,_T,_Z,_Z,_Z,2007,A,PS,
301231207,P1Y,0,,A,PU,_Z,2,,,False,WB_WDI,WB_WDI_SP_POP_TOTL,USA,_T,_T,_T,_Z,_Z,_Z,2007,A,PS,
3295153,P1Y,0,,A,PU,_Z,2,,,False,WB_WDI,WB_WDI_SP_POP_TOTL,URY,_T,_T,_T,_Z,_Z,_Z,2007,A,PS,
27076008,P1Y,0,,A,PU,_Z,2,,,False,WB_WDI,WB_WDI_SP_POP_TOTL,UZB,_T,_T,_T,_Z,_Z,_Z,2007,A,PS,
221276,P1Y,0,,A,PU,_Z,2,,,False,WB_WDI,WB_WDI_SP_POP_TOTL,VUT,_T,_T,_T,_Z,_Z,_Z,2007,A,PS,
27649363,P1Y,0,,A,PU,_Z,2,,,False,WB_WDI,WB_WDI_SP_POP_TOTL,VEN,_T,_T,_T,_Z,_Z,_Z,2007,A,PS,
83633375,P1Y,0,,A,PU,_Z,2,,,False,WB_WDI,WB_WDI_SP_POP_TOTL,VNM,_T,_T,_T,_Z,_Z,_Z,2007,A,PS,
108337,P1Y,0,,A,PU,_Z,2,,,False,WB_WDI,WB_WDI_SP_POP_TOTL,VIR,_T,_T,_T,_Z,_Z,_Z,2007,A,PS,
3494496,P1Y,0,,A,PU,_Z,2,,,False,WB_WDI,WB_WDI_SP_POP_TOTL,PSE,_T,_T,_T,_Z,_Z,_Z,2007,A,PS,
24318082,P1Y,0,,A,PU,_Z,2,,,False,WB_WDI,WB_WDI_SP_POP_TOTL,YEM,_T,_T,_T,_Z,_Z,_Z,2007,A,PS,
12565085,P1Y,0,,A,PU,_Z,2,,,False,WB_WDI,WB_WDI_SP_POP_TOTL,ZMB,_T,_T,_T,_Z,_Z,_Z,2007,A,PS,
1775736,P1Y,0,,A,PU,_Z,2,,,False,WB_WDI,WB_WDI_SP_POP_TOTL,BWA,_T,_T,_T,_Z,_Z,_Z,2003,A,PS,
180622688,P1Y,0,,A,PU,_Z,2,,,False,WB_WDI,WB_WDI_SP_POP_TOTL,BRA,_T,_T,_T,_Z,_Z,_Z,2003,A,PS,
22134,P1Y,0,,A,PU,_Z,2,,,False,WB_WDI,WB_WDI_SP_POP_TOTL,VGB,_T,_T,_T,_Z,_Z,_Z,2003,A,PS,
346637,P1Y,0,,A,PU,_Z,2,,,False,WB_WDI,WB_WDI_SP_POP_TOTL,BRN,_T,_T,_T,_Z,_Z,_Z,2003,A,PS,
7775327,P1Y,0,,A,PU,_Z,2,,,False,WB_WDI,WB_WDI_SP_POP_TOTL,BGR,_T,_T,_T,_Z,_Z,_Z,2003,A,PS,
13082532,P1Y,0,,A,PU,_Z,2,,,False,WB_WDI,WB_WDI_SP_POP_TOTL,BFA,_T,_T,_T,_Z,_Z,_Z,2003,A,PS,
7043154,P1Y,0,,A,PU,_Z,2,,,False,WB_WDI,WB_WDI_SP_POP_TOTL,BDI,_T,_T,_T,_Z,_Z,_Z,2003,A,PS,
473383,P1Y,0,,A,PU,_Z,2,,,False,WB_WDI,WB_WDI_SP_POP_TOTL,CPV,_T,_T,_T,_Z,_Z,_Z,2003,A,PS,
13050968,P1Y,0,,A,PU,_Z,2,,,False,WB_WDI,WB_WDI_SP_POP_TOTL,KHM,_T,_T,_T,_Z,_Z,_Z,2003,A,PS,
16160340,P1Y,0,,A,PU,_Z,2,,,False,WB_WDI,WB_WDI_SP_POP_TOTL,CMR,_T,_T,_T,_Z,_Z,_Z,2003,A,PS,
31642461,P1Y,0,,A,PU,_Z,2,,,False,WB_WDI,WB_WDI_SP_POP_TOTL,CAN,_T,_T,_T,_Z,_Z,_Z,2003,A,PS,
43934,P1Y,0,,A,PU,_Z,2,,,False,WB_WDI,WB_WDI_SP_POP_TOTL,CYM,_T,_T,_T,_Z,_Z,_Z,2003,A,PS,
4103086,P1Y,0,,A,PU,_Z,2,,,False,WB_WDI,WB_WDI_SP_POP_TOTL,CAF,_T,_T,_T,_Z,_Z,_Z,2003,A,PS,
9487833,P1Y,0,,A,PU,_Z,2,,,False,WB_WDI,WB_WDI_SP_POP_TOTL,TCD,_T,_T,_T,_Z,_Z,_Z,2003,A,PS,
70849311,P1Y,0,,A,PU,_Z,2,,,False,WB_WDI,WB_WDI_SP_POP_TOTL,COD,_T,_T,_T,_Z,_Z,_Z,2011,A,PS,
4609724,P1Y,0,,A,PU,_Z,2,,,False,WB_WDI,WB_WDI_SP_POP_TOTL,COG,_T,_T,_T,_Z,_Z,_Z,2011,A,PS,
4609833,P1Y,0,,A,PU,_Z,2,,,False,WB_WDI,WB_WDI_SP_POP_TOTL,CRI,_T,_T,_T,_Z,_Z,_Z,2011,A,PS,
22982000,P1Y,0,,A,PU,_Z,2,,,False,WB_WDI,WB_WDI_SP_POP_TOTL,CIV,_T,_T,_T,_Z,_Z,_Z,2011,A,PS,
4280622,P1Y,0,,A,PU,_Z,2,,,False,WB_WDI,WB_WDI_SP_POP_TOTL,HRV,_T,_T,_T,_Z,_Z,_Z,2011,A,PS,
11301571,P1Y,0,,A,PU,_Z,2,,,False,WB_WDI,WB_WDI_SP_POP_TOTL,CUB,_T,_T,_T,_Z,_Z,_Z,2011,A,PS,
150831,P1Y,0,,A,PU,_Z,2,,,False,WB_WDI,WB_WDI_SP_POP_TOTL,CUW,_T,_T,_T,_Z,_Z,_Z,2011,A,PS,
1146493,P1Y,0,,A,PU,_Z,2,,,False,WB_WDI,WB_WDI_SP_POP_TOTL,CYP,_T,_T,_T,_Z,_Z,_Z,2011,A,PS,
10496088,P1Y,0,,A,PU,_Z,2,,,False,WB_WDI,WB_WDI_SP_POP_TOTL,CZE,_T,_T,_T,_Z,_Z,_Z,2011,A,PS,
5570572,P1Y,0,,A,PU,_Z,2,,,False,WB_WDI,WB_WDI_SP_POP_TOTL,DNK,_T,_T,_T,_Z,_Z,_Z,2011,A,PS,
948558,P1Y,0,,A,PU,_Z,2,,,False,WB_WDI,WB_WDI_SP_POP_TOTL,DJI,_T,_T,_T,_Z,_Z,_Z,2011,A,PS,
28193009,P1Y,0,,A,PU,_Z,2,,,False,WB_WDI,WB_WDI_SP_POP_TOTL,CIV,_T,_T,_T,_Z,_Z,_Z,2019,A,PS,
3949390,P1Y,0,,A,PU,_Z,2,,,False,WB_WDI,WB_WDI_SP_POP_TOTL,HRV,_T,_T,_T,_Z,_Z,_Z,2019,A,PS,
11202846,P1Y,0,,A,PU,_Z,2,,,False,WB_WDI,WB_WDI_SP_POP_TOTL,CUB,_T,_T,_T,_Z,_Z,_Z,2019,A,PS,
157441,P1Y,0,,A,PU,_Z,2,,,False,WB_WDI,WB_WDI_SP_POP_TOTL,CUW,_T,_T,_T,_Z,_Z,_Z,2019,A,PS,
1286671,P1Y,0,,A,PU,_Z,2,,,False,WB_WDI,WB_WDI_SP_POP_TOTL,CYP,_T,_T,_T,_Z,_Z,_Z,2019,A,PS,
10671870,P1Y,0,,A,PU,_Z,2,,,False,WB_WDI,WB_WDI_SP_POP_TOTL,CZE,_T,_T,_T,_Z,_Z,_Z,2019,A,PS,
5814422,P1Y,0,,A,PU,_Z,2,,,False,WB_WDI,WB_WDI_SP_POP_TOTL,DNK,_T,_T,_T,_Z,_Z,_Z,2019,A,PS,
1088709,P1Y,0,,A,PU,_Z,2,,,False,WB_WDI,WB_WDI_SP_POP_TOTL,DJI,_T,_T,_T,_Z,_Z,_Z,2019,A,PS,
67880,P1Y,0,,A,PU,_Z,2,,,False,WB_WDI,WB_WDI_SP_POP_TOTL,DMA,_T,_T,_T,_Z,_Z,_Z,2019,A,PS,
10894043,P1Y,0,,A,PU,_Z,2,,,False,WB_WDI,WB_WDI_SP_POP_TOTL,DOM,_T,_T,_T,_Z,_Z,_Z,2019,A,PS,
17340021,P1Y,0,,A,PU,_Z,2,,,False,WB_WDI,WB_WDI_SP_POP_TOTL,ECU,_T,_T,_T,_Z,_Z,_Z,2019,A,PS,
5009100,P1Y,0,,A,PU,_Z,2,,,False,WB_WDI,WB_WDI_SP_POP_TOTL,ARE,_T,_T,_T,_Z,_Z,_Z,2006,A,PS,
60846820,P1Y,0,,A,PU,_Z,2,,,False,WB_WDI,WB_WDI_SP_POP_TOTL,GBR,_T,_T,_T,_Z,_Z,_Z,2006,A,PS,
298379912,P1Y,0,,A,PU,_Z,2,,,False,WB_WDI,WB_WDI_SP_POP_TOTL,USA,_T,_T,_T,_Z,_Z,_Z,2006,A,PS,
3289506,P1Y,0,,A,PU,_Z,2,,,False,WB_WDI,WB_WDI_SP_POP_TOTL,URY,_T,_T,_T,_Z,_Z,_Z,2006,A,PS,
26699043,P1Y,0,,A,PU,_Z,2,,,False,WB_WDI,WB_WDI_SP_POP_TOTL,UZB,_T,_T,_T,_Z,_Z,_Z,2006,A,PS,
215923,P1Y,0,,A,PU,_Z,2,,,False,WB_WDI,WB_WDI_SP_POP_TOTL,VUT,_T,_T,_T,_Z,_Z,_Z,2006,A,PS,
27224686,P1Y,0,,A,PU,_Z,2,,,False,WB_WDI,WB_WDI_SP_POP_TOTL,VEN,_T,_T,_T,_Z,_Z,_Z,2006,A,PS,
82167897,P1Y,0,,A,PU,_Z,2,,,False,WB_WDI,WB_WDI_SP_POP_TOTL,VNM,_T,_T,_T,_Z,_Z,_Z,2006,A,PS,
108369,P1Y,0,,A,PU,_Z,2,,,False,WB_WDI,WB_WDI_SP_POP_TOTL,VIR,_T,_T,_T,_Z,_Z,_Z,2006,A,PS,
3406334,P1Y,0,,A,PU,_Z,2,,,False,WB_WDI,WB_WDI_SP_POP_TOTL,PSE,_T,_T,_T,_Z,_Z,_Z,2006,A,PS,
23543083,P1Y,0,,A,PU,_Z,2,,,False,WB_WDI,WB_WDI_SP_POP_TOTL,YEM,_T,_T,_T,_Z,_Z,_Z,2006,A,PS,
12129553,P1Y,0,,A,PU,_Z,2,,,False,WB_WDI,WB_WDI_SP_POP_TOTL,ZMB,_T,_T,_T,_Z,_Z,_Z,2006,A,PS,
12636445,P1Y,0,,A,PU,_Z,2,,,False,WB_WDI,WB_WDI_SP_POP_TOTL,ZWE,_T,_T,_T,_Z,_Z,_Z,2006,A,PS,
2048583,P1Y,0,,A,PU,_Z,2,,,False,WB_WDI,WB_WDI_SP_POP_TOTL,SVN,_T,_T,_T,_Z,_Z,_Z,2010,A,PS,
532968,P1Y,0,,A,PU,_Z,2,,,False,WB_WDI,WB_WDI_SP_POP_TOTL,SLB,_T,_T,_T,_Z,_Z,_Z,2010,A,PS,
12261756,P1Y,0,,A,PU,_Z,2,,,False,WB_WDI,WB_WDI_SP_POP_TOTL,SOM,_T,_T,_T,_Z,_Z,_Z,2010,A,PS,
52344051,P1Y,0,,A,PU,_Z,2,,,False,WB_WDI,WB_WDI_SP_POP_TOTL,ZAF,_T,_T,_T,_Z,_Z,_Z,2010,A,PS,
9745953,P1Y,0,,A,PU,_Z,2,,,False,WB_WDI,WB_WDI_SP_POP_TOTL,SSD,_T,_T,_T,_Z,_Z,_Z,2010,A,PS,
46576897,P1Y,0,,A,PU,_Z,2,,,False,WB_WDI,WB_WDI_SP_POP_TOTL,ESP,_T,_T,_T,_Z,_Z,_Z,2010,A,PS,
20879089,P1Y,0,,A,PU,_Z,2,,,False,WB_WDI,WB_WDI_SP_POP_TOTL,LKA,_T,_T,_T,_Z,_Z,_Z,2010,A,PS,
46846,P1Y,0,,A,PU,_Z,2,,,False,WB_WDI,WB_WDI_SP_POP_TOTL,KNA,_T,_T,_T,_Z,_Z,_Z,2010,A,PS,
170906,P1Y,0,,A,PU,_Z,2,,,False,WB_WDI,WB_WDI_SP_POP_TOTL,LCA,_T,_T,_T,_Z,_Z,_Z,2010,A,PS,
36856,P1Y,0,,A,PU,_Z,2,,,False,WB_WDI,WB_WDI_SP_POP_TOTL,MAF,_T,_T,_T,_Z,_Z,_Z,2010,A,PS,
109959,P1Y,0,,A,PU,_Z,2,,,False,WB_WDI,WB_WDI_SP_POP_TOTL,VCT,_T,_T,_T,_Z,_Z,_Z,2010,A,PS,
35414399,P1Y,0,,A,PU,_Z,2,,,False,WB_WDI,WB_WDI_SP_POP_TOTL,SDN,_T,_T,_T,_Z,_Z,_Z,2010,A,PS,
549923,P1Y,0,,A,PU,_Z,2,,,False,WB_WDI,WB_WDI_SP_POP_TOTL,SUR,_T,_T,_T,_Z,_Z,_Z,2010,A,PS,
45312281,P1Y,0,,A,PU,_Z,2,,,False,WB_WDI,WB_WDI_SP_POP_TOTL,ARG,_T,_T,_T,_Z,_Z,_Z,2021,A,PS,
2962300,P1Y,0,,A,PU,_Z,2,,,False,WB_WDI,WB_WDI_SP_POP_TOTL,ARM,_T,_T,_T,_Z,_Z,_Z,2021,A,PS,
107700,P1Y,0,,A,PU,_Z,2,,,False,WB_WDI,WB_WDI_SP_POP_TOTL,ABW,_T,_T,_T,_Z,_Z,_Z,2021,A,PS,
25685412,P1Y,0,,A,PU,_Z,2,,,False,WB_WDI,WB_WDI_SP_POP_TOTL,AUS,_T,_T,_T,_Z,_Z,_Z,2021,A,PS,
8955797,P1Y,0,,A,PU,_Z,2,,,False,WB_WDI,WB_WDI_SP_POP_TOTL,AUT,_T,_T,_T,_Z,_Z,_Z,2021,A,PS,
10137750,P1Y,0,,A,PU,_Z,2,,,False,WB_WDI,WB_WDI_SP_POP_TOTL,AZE,_T,_T,_T,_Z,_Z,_Z,2021,A,PS,
396373,P1Y,0,,A,PU,_Z,2,,,False,WB_WDI,WB_WDI_SP_POP_TOTL,BHS,_T,_T,_T,_Z,_Z,_Z,2021,A,PS,
1504365,P1Y,0,,A,PU,_Z,2,,,False,WB_WDI,WB_WDI_SP_POP_TOTL,BHR,_T,_T,_T,_Z,_Z,_Z,2021,A,PS,
167658854,P1Y,0,,A,PU,_Z,2,,,False,WB_WDI,WB_WDI_SP_POP_TOTL,BGD,_T,_T,_T,_Z,_Z,_Z,2021,A,PS,
282147,P1Y,0,,A,PU,_Z,2,,,False,WB_WDI,WB_WDI_SP_POP_TOTL,BRB,_T,_T,_T,_Z,_Z,_Z,2021,A,PS,
9302585,P1Y,0,,A,PU,_Z,2,,,False,WB_WDI,WB_WDI_SP_POP_TOTL,BLR,_T,_T,_T,_Z,_Z,_Z,2021,A,PS,
11586195,P1Y,0,,A,PU,_Z,2,,,False,WB_WDI,WB_WDI_SP_POP_TOTL,BEL,_T,_T,_T,_Z,_Z,_Z,2021,A,PS,
9649341,P1Y,0,,A,PU,_Z,2,,,False,WB_WDI,WB_WDI_SP_POP_TOTL,AZE,_T,_T,_T,_Z,_Z,_Z,2015,A,PS,
385346,P1Y,0,,A,PU,_Z,2,,,False,WB_WDI,WB_WDI_SP_POP_TOTL,BHS,_T,_T,_T,_Z,_Z,_Z,2015,A,PS,
1370322,P1Y,0,,A,PU,_Z,2,,,False,WB_WDI,WB_WDI_SP_POP_TOTL,BHR,_T,_T,_T,_Z,_Z,_Z,2015,A,PS,
159383179,P1Y,0,,A,PU,_Z,2,,,False,WB_WDI,WB_WDI_SP_POP_TOTL,BGD,_T,_T,_T,_Z,_Z,_Z,2015,A,PS,
278990,P1Y,0,,A,PU,_Z,2,,,False,WB_WDI,WB_WDI_SP_POP_TOTL,BRB,_T,_T,_T,_Z,_Z,_Z,2015,A,PS,
9461076,P1Y,0,,A,PU,_Z,2,,,False,WB_WDI,WB_WDI_SP_POP_TOTL,BLR,_T,_T,_T,_Z,_Z,_Z,2015,A,PS,
11274196,P1Y,0,,A,PU,_Z,2,,,False,WB_WDI,WB_WDI_SP_POP_TOTL,BEL,_T,_T,_T,_Z,_Z,_Z,2015,A,PS,
356333,P1Y,0,,A,PU,_Z,2,,,False,WB_WDI,WB_WDI_SP_POP_TOTL,BLZ,_T,_T,_T,_Z,_Z,_Z,2015,A,PS,
11360681,P1Y,0,,A,PU,_Z,2,,,False,WB_WDI,WB_WDI_SP_POP_TOTL,BEN,_T,_T,_T,_Z,_Z,_Z,2015,A,PS,
63464,P1Y,0,,A,PU,_Z,2,,,False,WB_WDI,WB_WDI_SP_POP_TOTL,BMU,_T,_T,_T,_Z,_Z,_Z,2015,A,PS,
174018282,P1Y,0,,A,PU,_Z,2,,,False,WB_WDI,WB_WDI_SP_POP_TOTL,BRA,_T,_T,_T,_Z,_Z,_Z,2000,A,PS,
20241,P1Y,0,,A,PU,_Z,2,,,False,WB_WDI,WB_WDI_SP_POP_TOTL,VGB,_T,_T,_T,_Z,_Z,_Z,2000,A,PS,
326424,P1Y,0,,A,PU,_Z,2,,,False,WB_WDI,WB_WDI_SP_POP_TOTL,BRN,_T,_T,_T,_Z,_Z,_Z,2000,A,PS,
8170172,P1Y,0,,A,PU,_Z,2,,,False,WB_WDI,WB_WDI_SP_POP_TOTL,BGR,_T,_T,_T,_Z,_Z,_Z,2000,A,PS,
11925546,P1Y,0,,A,PU,_Z,2,,,False,WB_WDI,WB_WDI_SP_POP_TOTL,BFA,_T,_T,_T,_Z,_Z,_Z,2000,A,PS,
6470194,P1Y,0,,A,PU,_Z,2,,,False,WB_WDI,WB_WDI_SP_POP_TOTL,BDI,_T,_T,_T,_Z,_Z,_Z,2000,A,PS,
453317,P1Y,0,,A,PU,_Z,2,,,False,WB_WDI,WB_WDI_SP_POP_TOTL,CPV,_T,_T,_T,_Z,_Z,_Z,2000,A,PS,
12462336,P1Y,0,,A,PU,_Z,2,,,False,WB_WDI,WB_WDI_SP_POP_TOTL,KHM,_T,_T,_T,_Z,_Z,_Z,2000,A,PS,
14912631,P1Y,0,,A,PU,_Z,2,,,False,WB_WDI,WB_WDI_SP_POP_TOTL,CMR,_T,_T,_T,_Z,_Z,_Z,2000,A,PS,
30685730,P1Y,0,,A,PU,_Z,2,,,False,WB_WDI,WB_WDI_SP_POP_TOTL,CAN,_T,_T,_T,_Z,_Z,_Z,2000,A,PS,
39674,P1Y,0,,A,PU,_Z,2,,,False,WB_WDI,WB_WDI_SP_POP_TOTL,CYM,_T,_T,_T,_Z,_Z,_Z,2000,A,PS,
3833416,P1Y,0,,A,PU,_Z,2,,,False,WB_WDI,WB_WDI_SP_POP_TOTL,CAF,_T,_T,_T,_Z,_Z,_Z,2000,A,PS,
8512093,P1Y,0,,A,PU,_Z,2,,,False,WB_WDI,WB_WDI_SP_POP_TOTL,TCD,_T,_T,_T,_Z,_Z,_Z,2000,A,PS,
148110,P1Y,0,,A,PU,_Z,2,,,False,WB_WDI,WB_WDI_SP_POP_TOTL,CHI,_T,_T,_T,_Z,_Z,_Z,2000,A,PS,
15503635,P1Y,0,,A,PU,_Z,2,,,False,WB_WDI,WB_WDI_SP_POP_TOTL,CHL,_T,_T,_T,_Z,_Z,_Z,2000,A,PS,
51906,P1Y,0,,A,PU,_Z,2,,,False,WB_WDI,WB_WDI_SP_POP_TOTL,MHL,_T,_T,_T,_Z,_Z,_Z,2005,A,PS,
2939059,P1Y,0,,A,PU,_Z,2,,,False,WB_WDI,WB_WDI_SP_POP_TOTL,MRT,_T,_T,_T,_Z,_Z,_Z,2005,A,PS,
1228254,P1Y,0,,A,PU,_Z,2,,,False,WB_WDI,WB_WDI_SP_POP_TOTL,MUS,_T,_T,_T,_Z,_Z,_Z,2005,A,PS,
105811504,P1Y,0,,A,PU,_Z,2,,,False,WB_WDI,WB_WDI_SP_POP_TOTL,MEX,_T,_T,_T,_Z,_Z,_Z,2005,A,PS,
111412,P1Y,0,,A,PU,_Z,2,,,False,WB_WDI,WB_WDI_SP_POP_TOTL,FSM,_T,_T,_T,_Z,_Z,_Z,2005,A,PS,
2888985,P1Y,0,,A,PU,_Z,2,,,False,WB_WDI,WB_WDI_SP_POP_TOTL,MDA,_T,_T,_T,_Z,_Z,_Z,2005,A,PS,
32210,P1Y,0,,A,PU,_Z,2,,,False,WB_WDI,WB_WDI_SP_POP_TOTL,MCO,_T,_T,_T,_Z,_Z,_Z,2005,A,PS,
2536407,P1Y,0,,A,PU,_Z,2,,,False,WB_WDI,WB_WDI_SP_POP_TOTL,MNG,_T,_T,_T,_Z,_Z,_Z,2005,A,PS,
614261,P1Y,0,,A,PU,_Z,2,,,False,WB_WDI,WB_WDI_SP_POP_TOTL,MNE,_T,_T,_T,_Z,_Z,_Z,2005,A,PS,
30358144,P1Y,0,,A,PU,_Z,2,,,False,WB_WDI,WB_WDI_SP_POP_TOTL,MAR,_T,_T,_T,_Z,_Z,_Z,2005,A,PS,
20304569,P1Y,0,,A,PU,_Z,2,,,False,WB_WDI,WB_WDI_SP_POP_TOTL,MOZ,_T,_T,_T,_Z,_Z,_Z,2005,A,PS,
47438365,P1Y,0,,A,PU,_Z,2,,,False,WB_WDI,WB_WDI_SP_POP_TOTL,MMR,_T,_T,_T,_Z,_Z,_Z,2005,A,PS,
1966582,P1Y,0,,A,PU,_Z,2,,,False,WB_WDI,WB_WDI_SP_POP_TOTL,NAM,_T,_T,_T,_Z,_Z,_Z,2005,A,PS,
34447,P1Y,0,,A,PU,_Z,2,,,False,WB_WDI,WB_WDI_SP_POP_TOTL,LIE,_T,_T,_T,_Z,_Z,_Z,2004,A,PS,
3377075,P1Y,0,,A,PU,_Z,2,,,False,WB_WDI,WB_WDI_SP_POP_TOTL,LTU,_T,_T,_T,_Z,_Z,_Z,2004,A,PS,
458095,P1Y,0,,A,PU,_Z,2,,,False,WB_WDI,WB_WDI_SP_POP_TOTL,LUX,_T,_T,_T,_Z,_Z,_Z,2004,A,PS,
454700,P1Y,0,,A,PU,_Z,2,,,False,WB_WDI,WB_WDI_SP_POP_TOTL,MAC,_T,_T,_T,_Z,_Z,_Z,2004,A,PS,
18606608,P1Y,0,,A,PU,_Z,2,,,False,WB_WDI,WB_WDI_SP_POP_TOTL,MDG,_T,_T,_T,_Z,_Z,_Z,2004,A,PS,
12500737,P1Y,0,,A,PU,_Z,2,,,False,WB_WDI,WB_WDI_SP_POP_TOTL,MWI,_T,_T,_T,_Z,_Z,_Z,2004,A,PS,
25256772,P1Y,0,,A,PU,_Z,2,,,False,WB_WDI,WB_WDI_SP_POP_TOTL,MYS,_T,_T,_T,_Z,_Z,_Z,2004,A,PS,
301413,P1Y,0,,A,PU,_Z,2,,,False,WB_WDI,WB_WDI_SP_POP_TOTL,MDV,_T,_T,_T,_Z,_Z,_Z,2004,A,PS,
13102409,P1Y,0,,A,PU,_Z,2,,,False,WB_WDI,WB_WDI_SP_POP_TOTL,MLI,_T,_T,_T,_Z,_Z,_Z,2004,A,PS,
401268,P1Y,0,,A,PU,_Z,2,,,False,WB_WDI,WB_WDI_SP_POP_TOTL,MLT,_T,_T,_T,_Z,_Z,_Z,2004,A,PS,
51791,P1Y,0,,A,PU,_Z,2,,,False,WB_WDI,WB_WDI_SP_POP_TOTL,MHL,_T,_T,_T,_Z,_Z,_Z,2004,A,PS,
2868664,P1Y,0,,A,PU,_Z,2,,,False,WB_WDI,WB_WDI_SP_POP_TOTL,MRT,_T,_T,_T,_Z,_Z,_Z,2004,A,PS,
1221003,P1Y,0,,A,PU,_Z,2,,,False,WB_WDI,WB_WDI_SP_POP_TOTL,MUS,_T,_T,_T,_Z,_Z,_Z,2004,A,PS,
22442971,P1Y,0,,A,PU,_Z,2,,,False,WB_WDI,WB_WDI_SP_POP_TOTL,ROU,_T,_T,_T,_Z,_Z,_Z,2000,A,PS,
146596869,P1Y,0,,A,PU,_Z,2,,,False,WB_WDI,WB_WDI_SP_POP_TOTL,RUS,_T,_T,_T,_Z,_Z,_Z,2000,A,PS,
8213931,P1Y,0,,A,PU,_Z,2,,,False,WB_WDI,WB_WDI_SP_POP_TOTL,RWA,_T,_T,_T,_Z,_Z,_Z,2000,A,PS,
181685,P1Y,0,,A,PU,_Z,2,,,False,WB_WDI,WB_WDI_SP_POP_TOTL,WSM,_T,_T,_T,_Z,_Z,_Z,2000,A,PS,
26799,P1Y,0,,A,PU,_Z,2,,,False,WB_WDI,WB_WDI_SP_POP_TOTL,SMR,_T,_T,_T,_Z,_Z,_Z,2000,A,PS,
144018,P1Y,0,,A,PU,_Z,2,,,False,WB_WDI,WB_WDI_SP_POP_TOTL,STP,_T,_T,_T,_Z,_Z,_Z,2000,A,PS,
16177722,P1Y,0,,A,PU,_Z,2,,,False,WB_WDI,WB_WDI_SP_POP_TOTL,SAU,_T,_T,_T,_Z,_Z,_Z,2000,A,PS,
9968260,P1Y,0,,A,PU,_Z,2,,,False,WB_WDI,WB_WDI_SP_POP_TOTL,SEN,_T,_T,_T,_Z,_Z,_Z,2000,A,PS,
7516346,P1Y,0,,A,PU,_Z,2,,,False,WB_WDI,WB_WDI_SP_POP_TOTL,SRB,_T,_T,_T,_Z,_Z,_Z,2000,A,PS,
81131,P1Y,0,,A,PU,_Z,2,,,False,WB_WDI,WB_WDI_SP_POP_TOTL,SYC,_T,_T,_T,_Z,_Z,_Z,2000,A,PS,
4423611,P1Y,0,,A,PU,_Z,2,,,False,WB_WDI,WB_WDI_SP_POP_TOTL,SLE,_T,_T,_T,_Z,_Z,_Z,2000,A,PS,
4027887,P1Y,0,,A,PU,_Z,2,,,False,WB_WDI,WB_WDI_SP_POP_TOTL,SGP,_T,_T,_T,_Z,_Z,_Z,2000,A,PS,
30773,P1Y,0,,A,PU,_Z,2,,,False,WB_WDI,WB_WDI_SP_POP_TOTL,SXM,_T,_T,_T,_Z,_Z,_Z,2000,A,PS,
5388720,P1Y,0,,A,PU,_Z,2,,,False,WB_WDI,WB_WDI_SP_POP_TOTL,SVK,_T,_T,_T,_Z,_Z,_Z,2000,A,PS,
4564855,P1Y,0,,A,PU,_Z,2,,,False,WB_WDI,WB_WDI_SP_POP_TOTL,NOR,_T,_T,_T,_Z,_Z,_Z,2003,A,PS,
2363796,P1Y,0,,A,PU,_Z,2,,,False,WB_WDI,WB_WDI_SP_POP_TOTL,OMN,_T,_T,_T,_Z,_Z,_Z,2003,A,PS,
167110248,P1Y,0,,A,PU,_Z,2,,,False,WB_WDI,WB_WDI_SP_POP_TOTL,PAK,_T,_T,_T,_Z,_Z,_Z,2003,A,PS,
19659,P1Y,0,,A,PU,_Z,2,,,False,WB_WDI,WB_WDI_SP_POP_TOTL,PLW,_T,_T,_T,_Z,_Z,_Z,2003,A,PS,
3189807,P1Y,0,,A,PU,_Z,2,,,False,WB_WDI,WB_WDI_SP_POP_TOTL,PAN,_T,_T,_T,_Z,_Z,_Z,2003,A,PS,
6123997,P1Y,0,,A,PU,_Z,2,,,False,WB_WDI,WB_WDI_SP_POP_TOTL,PNG,_T,_T,_T,_Z,_Z,_Z,2003,A,PS,
5326436,P1Y,0,,A,PU,_Z,2,,,False,WB_WDI,WB_WDI_SP_POP_TOTL,PRY,_T,_T,_T,_Z,_Z,_Z,2003,A,PS,
27580490,P1Y,0,,A,PU,_Z,2,,,False,WB_WDI,WB_WDI_SP_POP_TOTL,PER,_T,_T,_T,_Z,_Z,_Z,2003,A,PS,
84731835,P1Y,0,,A,PU,_Z,2,,,False,WB_WDI,WB_WDI_SP_POP_TOTL,PHL,_T,_T,_T,_Z,_Z,_Z,2003,A,PS,
38204570,P1Y,0,,A,PU,_Z,2,,,False,WB_WDI,WB_WDI_SP_POP_TOTL,POL,_T,_T,_T,_Z,_Z,_Z,2003,A,PS,
10458821,P1Y,0,,A,PU,_Z,2,,,False,WB_WDI,WB_WDI_SP_POP_TOTL,PRT,_T,_T,_T,_Z,_Z,_Z,2003,A,PS,
3826095,P1Y,0,,A,PU,_Z,2,,,False,WB_WDI,WB_WDI_SP_POP_TOTL,PRI,_T,_T,_T,_Z,_Z,_Z,2003,A,PS,
8042293,P1Y,0,,A,PU,_Z,2,,,False,WB_WDI,WB_WDI_SP_POP_TOTL,AUT,_T,_T,_T,_Z,_Z,_Z,2001,A,PS,
8111200,P1Y,0,,A,PU,_Z,2,,,False,WB_WDI,WB_WDI_SP_POP_TOTL,AZE,_T,_T,_T,_Z,_Z,_Z,2001,A,PS,
327836,P1Y,0,,A,PU,_Z,2,,,False,WB_WDI,WB_WDI_SP_POP_TOTL,BHS,_T,_T,_T,_Z,_Z,_Z,2001,A,PS,
661316,P1Y,0,,A,PU,_Z,2,,,False,WB_WDI,WB_WDI_SP_POP_TOTL,BHR,_T,_T,_T,_Z,_Z,_Z,2001,A,PS,
136805810,P1Y,0,,A,PU,_Z,2,,,False,WB_WDI,WB_WDI_SP_POP_TOTL,BGD,_T,_T,_T,_Z,_Z,_Z,2001,A,PS,
262425,P1Y,0,,A,PU,_Z,2,,,False,WB_WDI,WB_WDI_SP_POP_TOTL,BRB,_T,_T,_T,_Z,_Z,_Z,2001,A,PS,
9928549,P1Y,0,,A,PU,_Z,2,,,False,WB_WDI,WB_WDI_SP_POP_TOTL,BLR,_T,_T,_T,_Z,_Z,_Z,2001,A,PS,
10286570,P1Y,0,,A,PU,_Z,2,,,False,WB_WDI,WB_WDI_SP_POP_TOTL,BEL,_T,_T,_T,_Z,_Z,_Z,2001,A,PS,
248379,P1Y,0,,A,PU,_Z,2,,,False,WB_WDI,WB_WDI_SP_POP_TOTL,BLZ,_T,_T,_T,_Z,_Z,_Z,2001,A,PS,
7445596,P1Y,0,,A,PU,_Z,2,,,False,WB_WDI,WB_WDI_SP_POP_TOTL,BEN,_T,_T,_T,_Z,_Z,_Z,2001,A,PS,
61867,P1Y,0,,A,PU,_Z,2,,,False,WB_WDI,WB_WDI_SP_POP_TOTL,BMU,_T,_T,_T,_Z,_Z,_Z,2001,A,PS,
610794,P1Y,0,,A,PU,_Z,2,,,False,WB_WDI,WB_WDI_SP_POP_TOTL,BTN,_T,_T,_T,_Z,_Z,_Z,2001,A,PS,
8752736,P1Y,0,,A,PU,_Z,2,,,False,WB_WDI,WB_WDI_SP_POP_TOTL,BOL,_T,_T,_T,_Z,_Z,_Z,2001,A,PS,
2969200,P1Y,0,,A,PU,_Z,2,,,False,WB_WDI,WB_WDI_SP_POP_TOTL,ARM,_T,_T,_T,_Z,_Z,_Z,2022,A,PS,
107310,P1Y,0,,A,PU,_Z,2,,,False,WB_WDI,WB_WDI_SP_POP_TOTL,ABW,_T,_T,_T,_Z,_Z,_Z,2022,A,PS,
26018721,P1Y,0,,A,PU,_Z,2,,,False,WB_WDI,WB_WDI_SP_POP_TOTL,AUS,_T,_T,_T,_Z,_Z,_Z,2022,A,PS,
9041851,P1Y,0,,A,PU,_Z,2,,,False,WB_WDI,WB_WDI_SP_POP_TOTL,AUT,_T,_T,_T,_Z,_Z,_Z,2022,A,PS,
10141756,P1Y,0,,A,PU,_Z,2,,,False,WB_WDI,WB_WDI_SP_POP_TOTL,AZE,_T,_T,_T,_Z,_Z,_Z,2022,A,PS,
397538,P1Y,0,,A,PU,_Z,2,,,False,WB_WDI,WB_WDI_SP_POP_TOTL,BHS,_T,_T,_T,_Z,_Z,_Z,2022,A,PS,
1524693,P1Y,0,,A,PU,_Z,2,,,False,WB_WDI,WB_WDI_SP_POP_TOTL,BHR,_T,_T,_T,_Z,_Z,_Z,2022,A,PS,
169384897,P1Y,0,,A,PU,_Z,2,,,False,WB_WDI,WB_WDI_SP_POP_TOTL,BGD,_T,_T,_T,_Z,_Z,_Z,2022,A,PS,
282318,P1Y,0,,A,PU,_Z,2,,,False,WB_WDI,WB_WDI_SP_POP_TOTL,BRB,_T,_T,_T,_Z,_Z,_Z,2022,A,PS,
9228071,P1Y,0,,A,PU,_Z,2,,,False,WB_WDI,WB_WDI_SP_POP_TOTL,BLR,_T,_T,_T,_Z,_Z,_Z,2022,A,PS,
11680210,P1Y,0,,A,PU,_Z,2,,,False,WB_WDI,WB_WDI_SP_POP_TOTL,BEL,_T,_T,_T,_Z,_Z,_Z,2022,A,PS,
402733,P1Y,0,,A,PU,_Z,2,,,False,WB_WDI,WB_WDI_SP_POP_TOTL,BLZ,_T,_T,_T,_Z,_Z,_Z,2022,A,PS,
13759501,P1Y,0,,A,PU,_Z,2,,,False,WB_WDI,WB_WDI_SP_POP_TOTL,BEN,_T,_T,_T,_Z,_Z,_Z,2022,A,PS,
4310145,P1Y,0,,A,PU,_Z,2,,,False,WB_WDI,WB_WDI_SP_POP_TOTL,HRV,_T,_T,_T,_Z,_Z,_Z,2005,A,PS,
11262554,P1Y,0,,A,PU,_Z,2,,,False,WB_WDI,WB_WDI_SP_POP_TOTL,CUB,_T,_T,_T,_Z,_Z,_Z,2005,A,PS,
137658,P1Y,0,,A,PU,_Z,2,,,False,WB_WDI,WB_WDI_SP_POP_TOTL,CUW,_T,_T,_T,_Z,_Z,_Z,2005,A,PS,
1036151,P1Y,0,,A,PU,_Z,2,,,False,WB_WDI,WB_WDI_SP_POP_TOTL,CYP,_T,_T,_T,_Z,_Z,_Z,2005,A,PS,
10211216,P1Y,0,,A,PU,_Z,2,,,False,WB_WDI,WB_WDI_SP_POP_TOTL,CZE,_T,_T,_T,_Z,_Z,_Z,2005,A,PS,
5419432,P1Y,0,,A,PU,_Z,2,,,False,WB_WDI,WB_WDI_SP_POP_TOTL,DNK,_T,_T,_T,_Z,_Z,_Z,2005,A,PS,
839167,P1Y,0,,A,PU,_Z,2,,,False,WB_WDI,WB_WDI_SP_POP_TOTL,DJI,_T,_T,_T,_Z,_Z,_Z,2005,A,PS,
68734,P1Y,0,,A,PU,_Z,2,,,False,WB_WDI,WB_WDI_SP_POP_TOTL,DMA,_T,_T,_T,_Z,_Z,_Z,2005,A,PS,
9225034,P1Y,0,,A,PU,_Z,2,,,False,WB_WDI,WB_WDI_SP_POP_TOTL,DOM,_T,_T,_T,_Z,_Z,_Z,2005,A,PS,
13846163,P1Y,0,,A,PU,_Z,2,,,False,WB_WDI,WB_WDI_SP_POP_TOTL,ECU,_T,_T,_T,_Z,_Z,_Z,2005,A,PS,
81101004,P1Y,0,,A,PU,_Z,2,,,False,WB_WDI,WB_WDI_SP_POP_TOTL,EGY,_T,_T,_T,_Z,_Z,_Z,2005,A,PS,
6005578,P1Y,0,,A,PU,_Z,2,,,False,WB_WDI,WB_WDI_SP_POP_TOTL,SLV,_T,_T,_T,_Z,_Z,_Z,2005,A,PS,
17700982,P1Y,0,,A,PU,_Z,2,,,False,WB_WDI,WB_WDI_SP_POP_TOTL,NLD,_T,_T,_T,_Z,_Z,_Z,2022,A,PS,
287123,P1Y,0,,A,PU,_Z,2,,,False,WB_WDI,WB_WDI_SP_POP_TOTL,NCL,_T,_T,_T,_Z,_Z,_Z,2022,A,PS,
5081700,P1Y,0,,A,PU,_Z,2,,,False,WB_WDI,WB_WDI_SP_POP_TOTL,NZL,_T,_T,_T,_Z,_Z,_Z,2022,A,PS,
6730654,P1Y,0,,A,PU,_Z,2,,,False,WB_WDI,WB_WDI_SP_POP_TOTL,NIC,_T,_T,_T,_Z,_Z,_Z,2022,A,PS,
25311973,P1Y,0,,A,PU,_Z,2,,,False,WB_WDI,WB_WDI_SP_POP_TOTL,NER,_T,_T,_T,_Z,_Z,_Z,2022,A,PS,
223150896,P1Y,0,,A,PU,_Z,2,,,False,WB_WDI,WB_WDI_SP_POP_TOTL,NGA,_T,_T,_T,_Z,_Z,_Z,2022,A,PS,
1831712,P1Y,0,,A,PU,_Z,2,,,False,WB_WDI,WB_WDI_SP_POP_TOTL,MKD,_T,_T,_T,_Z,_Z,_Z,2022,A,PS,
46078,P1Y,0,,A,PU,_Z,2,,,False,WB_WDI,WB_WDI_SP_POP_TOTL,MNP,_T,_T,_T,_Z,_Z,_Z,2022,A,PS,
5457127,P1Y,0,,A,PU,_Z,2,,,False,WB_WDI,WB_WDI_SP_POP_TOTL,NOR,_T,_T,_T,_Z,_Z,_Z,2022,A,PS,
4730226,P1Y,0,,A,PU,_Z,2,,,False,WB_WDI,WB_WDI_SP_POP_TOTL,OMN,_T,_T,_T,_Z,_Z,_Z,2022,A,PS,
243700667,P1Y,0,,A,PU,_Z,2,,,False,WB_WDI,WB_WDI_SP_POP_TOTL,PAK,_T,_T,_T,_Z,_Z,_Z,2022,A,PS,
17759,P1Y,0,,A,PU,_Z,2,,,False,WB_WDI,WB_WDI_SP_POP_TOTL,PLW,_T,_T,_T,_Z,_Z,_Z,2022,A,PS,
4400773,P1Y,0,,A,PU,_Z,2,,,False,WB_WDI,WB_WDI_SP_POP_TOTL,PAN,_T,_T,_T,_Z,_Z,_Z,2022,A,PS,
1634785356,P1Y,0,,A,PU,_Z,2,,,False,WB_WDI,WB_WDI_SP_POP_TOTL,TSA,_T,_T,_T,_Z,_Z,_Z,2021,A,PS,
1198069722,P1Y,0,,A,PU,_Z,2,,,False,WB_WDI,WB_WDI_SP_POP_TOTL,SSF,_T,_T,_T,_Z,_Z,_Z,2021,A,PS,
1197970464,P1Y,0,,A,PU,_Z,2,,,False,WB_WDI,WB_WDI_SP_POP_TOTL,SSA,_T,_T,_T,_Z,_Z,_Z,2021,A,PS,
1198069722,P1Y,0,,A,PU,_Z,2,,,False,WB_WDI,WB_WDI_SP_POP_TOTL,TSS,_T,_T,_T,_Z,_Z,_Z,2021,A,PS,
3041374322,P1Y,0,,A,PU,_Z,2,,,False,WB_WDI,WB_WDI_SP_POP_TOTL,UMC,_T,_T,_T,_Z,_Z,_Z,2021,A,PS,
7919567995,P1Y,0,,A,PU,_Z,2,,,False,WB_WDI,WB_WDI_SP_POP_TOTL,WLD,_T,_T,_T,_Z,_Z,_Z,2021,A,PS,
40000412,P1Y,0,,A,PU,_Z,2,,,False,WB_WDI,WB_WDI_SP_POP_TOTL,AFG,_T,_T,_T,_Z,_Z,_Z,2021,A,PS,
2489762,P1Y,0,,A,PU,_Z,2,,,False,WB_WDI,WB_WDI_SP_POP_TOTL,ALB,_T,_T,_T,_Z,_Z,_Z,2021,A,PS,
44761099,P1Y,0,,A,PU,_Z,2,,,False,WB_WDI,WB_WDI_SP_POP_TOTL,DZA,_T,_T,_T,_Z,_Z,_Z,2021,A,PS,
49225,P1Y,0,,A,PU,_Z,2,,,False,WB_WDI,WB_WDI_SP_POP_TOTL,ASM,_T,_T,_T,_Z,_Z,_Z,2021,A,PS,
78364,P1Y,0,,A,PU,_Z,2,,,False,WB_WDI,WB_WDI_SP_POP_TOTL,AND,_T,_T,_T,_Z,_Z,_Z,2021,A,PS,
34532429,P1Y,0,,A,PU,_Z,2,,,False,WB_WDI,WB_WDI_SP_POP_TOTL,AGO,_T,_T,_T,_Z,_Z,_Z,2021,A,PS,
92349,P1Y,0,,A,PU,_Z,2,,,False,WB_WDI,WB_WDI_SP_POP_TOTL,ATG,_T,_T,_T,_Z,_Z,_Z,2021,A,PS,
51769539,P1Y,0,,A,PU,_Z,2,,,False,WB_WDI,WB_WDI_SP_POP_TOTL,KOR,_T,_T,_T,_Z,_Z,_Z,2021,A,PS,
1786079,P1Y,0,,A,PU,_Z,2,,,False,WB_WDI,WB_WDI_SP_POP_TOTL,XKX,_T,_T,_T,_Z,_Z,_Z,2021,A,PS,
4360865,P1Y,0,,A,PU,_Z,2,,,False,WB_WDI,WB_WDI_SP_POP_TOTL,KWT,_T,_T,_T,_Z,_Z,_Z,2021,A,PS,
6851224,P1Y,0,,A,PU,_Z,2,,,False,WB_WDI,WB_WDI_SP_POP_TOTL,KGZ,_T,_T,_T,_Z,_Z,_Z,2021,A,PS,
7453194,P1Y,0,,A,PU,_Z,2,,,False,WB_WDI,WB_WDI_SP_POP_TOTL,LAO,_T,_T,_T,_Z,_Z,_Z,2021,A,PS,
1884490,P1Y,0,,A,PU,_Z,2,,,False,WB_WDI,WB_WDI_SP_POP_TOTL,LVA,_T,_T,_T,_Z,_Z,_Z,2021,A,PS,
5718122,P1Y,0,,A,PU,_Z,2,,,False,WB_WDI,WB_WDI_SP_POP_TOTL,LBN,_T,_T,_T,_Z,_Z,_Z,2021,A,PS,
2261542,P1Y,0,,A,PU,_Z,2,,,False,WB_WDI,WB_WDI_SP_POP_TOTL,LSO,_T,_T,_T,_Z,_Z,_Z,2021,A,PS,
5259323,P1Y,0,,A,PU,_Z,2,,,False,WB_WDI,WB_WDI_SP_POP_TOTL,LBR,_T,_T,_T,_Z,_Z,_Z,2021,A,PS,
7135175,P1Y,0,,A,PU,_Z,2,,,False,WB_WDI,WB_WDI_SP_POP_TOTL,LBY,_T,_T,_T,_Z,_Z,_Z,2021,A,PS,
39182,P1Y,0,,A,PU,_Z,2,,,False,WB_WDI,WB_WDI_SP_POP_TOTL,LIE,_T,_T,_T,_Z,_Z,_Z,2021,A,PS,
2808380,P1Y,0,,A,PU,_Z,2,,,False,WB_WDI,WB_WDI_SP_POP_TOTL,LTU,_T,_T,_T,_Z,_Z,_Z,2021,A,PS,
640064,P1Y,0,,A,PU,_Z,2,,,False,WB_WDI,WB_WDI_SP_POP_TOTL,LUX,_T,_T,_T,_Z,_Z,_Z,2021,A,PS,
5521482,P1Y,0,,A,PU,_Z,2,,,False,WB_WDI,WB_WDI_SP_POP_TOTL,LAO,_T,_T,_T,_Z,_Z,_Z,2001,A,PS,
2337170,P1Y,0,,A,PU,_Z,2,,,False,WB_WDI,WB_WDI_SP_POP_TOTL,LVA,_T,_T,_T,_Z,_Z,_Z,2001,A,PS,
4401918,P1Y,0,,A,PU,_Z,2,,,False,WB_WDI,WB_WDI_SP_POP_TOTL,LBN,_T,_T,_T,_Z,_Z,_Z,2001,A,PS,
2000853,P1Y,0,,A,PU,_Z,2,,,False,WB_WDI,WB_WDI_SP_POP_TOTL,LSO,_T,_T,_T,_Z,_Z,_Z,2001,A,PS,
3015338,P1Y,0,,A,PU,_Z,2,,,False,WB_WDI,WB_WDI_SP_POP_TOTL,LBR,_T,_T,_T,_Z,_Z,_Z,2001,A,PS,
5403639,P1Y,0,,A,PU,_Z,2,,,False,WB_WDI,WB_WDI_SP_POP_TOTL,LBY,_T,_T,_T,_Z,_Z,_Z,2001,A,PS,
33194,P1Y,0,,A,PU,_Z,2,,,False,WB_WDI,WB_WDI_SP_POP_TOTL,LIE,_T,_T,_T,_Z,_Z,_Z,2001,A,PS,
3470818,P1Y,0,,A,PU,_Z,2,,,False,WB_WDI,WB_WDI_SP_POP_TOTL,LTU,_T,_T,_T,_Z,_Z,_Z,2001,A,PS,
441525,P1Y,0,,A,PU,_Z,2,,,False,WB_WDI,WB_WDI_SP_POP_TOTL,LUX,_T,_T,_T,_Z,_Z,_Z,2001,A,PS,
433900,P1Y,0,,A,PU,_Z,2,,,False,WB_WDI,WB_WDI_SP_POP_TOTL,MAC,_T,_T,_T,_Z,_Z,_Z,2001,A,PS,
17032939,P1Y,0,,A,PU,_Z,2,,,False,WB_WDI,WB_WDI_SP_POP_TOTL,MDG,_T,_T,_T,_Z,_Z,_Z,2001,A,PS,
11593058,P1Y,0,,A,PU,_Z,2,,,False,WB_WDI,WB_WDI_SP_POP_TOTL,MWI,_T,_T,_T,_Z,_Z,_Z,2001,A,PS,
23526538,P1Y,0,,A,PU,_Z,2,,,False,WB_WDI,WB_WDI_SP_POP_TOTL,MYS,_T,_T,_T,_Z,_Z,_Z,2001,A,PS,
286767,P1Y,0,,A,PU,_Z,2,,,False,WB_WDI,WB_WDI_SP_POP_TOTL,MDV,_T,_T,_T,_Z,_Z,_Z,2001,A,PS,
6308391,P1Y,0,,A,PU,_Z,2,,,False,WB_WDI,WB_WDI_SP_POP_TOTL,SSD,_T,_T,_T,_Z,_Z,_Z,2001,A,PS,
40850412,P1Y,0,,A,PU,_Z,2,,,False,WB_WDI,WB_WDI_SP_POP_TOTL,ESP,_T,_T,_T,_Z,_Z,_Z,2001,A,PS,
19600362,P1Y,0,,A,PU,_Z,2,,,False,WB_WDI,WB_WDI_SP_POP_TOTL,LKA,_T,_T,_T,_Z,_Z,_Z,2001,A,PS,
45761,P1Y,0,,A,PU,_Z,2,,,False,WB_WDI,WB_WDI_SP_POP_TOTL,KNA,_T,_T,_T,_Z,_Z,_Z,2001,A,PS,
160237,P1Y,0,,A,PU,_Z,2,,,False,WB_WDI,WB_WDI_SP_POP_TOTL,LCA,_T,_T,_T,_Z,_Z,_Z,2001,A,PS,
30803,P1Y,0,,A,PU,_Z,2,,,False,WB_WDI,WB_WDI_SP_POP_TOTL,MAF,_T,_T,_T,_Z,_Z,_Z,2001,A,PS,
113501,P1Y,0,,A,PU,_Z,2,,,False,WB_WDI,WB_WDI_SP_POP_TOTL,VCT,_T,_T,_T,_Z,_Z,_Z,2001,A,PS,
28516770,P1Y,0,,A,PU,_Z,2,,,False,WB_WDI,WB_WDI_SP_POP_TOTL,SDN,_T,_T,_T,_Z,_Z,_Z,2001,A,PS,
486560,P1Y,0,,A,PU,_Z,2,,,False,WB_WDI,WB_WDI_SP_POP_TOTL,SUR,_T,_T,_T,_Z,_Z,_Z,2001,A,PS,
8895960,P1Y,0,,A,PU,_Z,2,,,False,WB_WDI,WB_WDI_SP_POP_TOTL,SWE,_T,_T,_T,_Z,_Z,_Z,2001,A,PS,
7229854,P1Y,0,,A,PU,_Z,2,,,False,WB_WDI,WB_WDI_SP_POP_TOTL,CHE,_T,_T,_T,_Z,_Z,_Z,2001,A,PS,
17051338,P1Y,0,,A,PU,_Z,2,,,False,WB_WDI,WB_WDI_SP_POP_TOTL,SYR,_T,_T,_T,_Z,_Z,_Z,2001,A,PS,
6407377,P1Y,0,,A,PU,_Z,2,,,False,WB_WDI,WB_WDI_SP_POP_TOTL,TJK,_T,_T,_T,_Z,_Z,_Z,2001,A,PS,
35198299,P1Y,0,,A,PU,_Z,2,,,False,WB_WDI,WB_WDI_SP_POP_TOTL,TZA,_T,_T,_T,_Z,_Z,_Z,2001,A,PS,
1080208893,P1Y,0,,A,PU,_Z,2,,,False,WB_WDI,WB_WDI_SP_POP_TOTL,SSF,_T,_T,_T,_Z,_Z,_Z,2017,A,PS,
1080113050,P1Y,0,,A,PU,_Z,2,,,False,WB_WDI,WB_WDI_SP_POP_TOTL,SSA,_T,_T,_T,_Z,_Z,_Z,2017,A,PS,
1080208893,P1Y,0,,A,PU,_Z,2,,,False,WB_WDI,WB_WDI_SP_POP_TOTL,TSS,_T,_T,_T,_Z,_Z,_Z,2017,A,PS,
2966243458,P1Y,0,,A,PU,_Z,2,,,False,WB_WDI,WB_WDI_SP_POP_TOTL,UMC,_T,_T,_T,_Z,_Z,_Z,2017,A,PS,
7613788655,P1Y,0,,A,PU,_Z,2,,,False,WB_WDI,WB_WDI_SP_POP_TOTL,WLD,_T,_T,_T,_Z,_Z,_Z,2017,A,PS,
35688935,P1Y,0,,A,PU,_Z,2,,,False,WB_WDI,WB_WDI_SP_POP_TOTL,AFG,_T,_T,_T,_Z,_Z,_Z,2017,A,PS,
2648285,P1Y,0,,A,PU,_Z,2,,,False,WB_WDI,WB_WDI_SP_POP_TOTL,ALB,_T,_T,_T,_Z,_Z,_Z,2017,A,PS,
41689299,P1Y,0,,A,PU,_Z,2,,,False,WB_WDI,WB_WDI_SP_POP_TOTL,DZA,_T,_T,_T,_Z,_Z,_Z,2017,A,PS,
51586,P1Y,0,,A,PU,_Z,2,,,False,WB_WDI,WB_WDI_SP_POP_TOTL,ASM,_T,_T,_T,_Z,_Z,_Z,2017,A,PS,
73763,P1Y,0,,A,PU,_Z,2,,,False,WB_WDI,WB_WDI_SP_POP_TOTL,AND,_T,_T,_T,_Z,_Z,_Z,2017,A,PS,
30234839,P1Y,0,,A,PU,_Z,2,,,False,WB_WDI,WB_WDI_SP_POP_TOTL,AGO,_T,_T,_T,_Z,_Z,_Z,2017,A,PS,
90468,P1Y,0,,A,PU,_Z,2,,,False,WB_WDI,WB_WDI_SP_POP_TOTL,ATG,_T,_T,_T,_Z,_Z,_Z,2017,A,PS,
1995733,P1Y,0,,A,PU,_Z,2,,,False,WB_WDI,WB_WDI_SP_POP_TOTL,SVN,_T,_T,_T,_Z,_Z,_Z,2003,A,PS,
466154,P1Y,0,,A,PU,_Z,2,,,False,WB_WDI,WB_WDI_SP_POP_TOTL,SLB,_T,_T,_T,_Z,_Z,_Z,2003,A,PS,
9909157,P1Y,0,,A,PU,_Z,2,,,False,WB_WDI,WB_WDI_SP_POP_TOTL,SOM,_T,_T,_T,_Z,_Z,_Z,2003,A,PS,
48500348,P1Y,0,,A,PU,_Z,2,,,False,WB_WDI,WB_WDI_SP_POP_TOTL,ZAF,_T,_T,_T,_Z,_Z,_Z,2003,A,PS,
6903127,P1Y,0,,A,PU,_Z,2,,,False,WB_WDI,WB_WDI_SP_POP_TOTL,SSD,_T,_T,_T,_Z,_Z,_Z,2003,A,PS,
42187645,P1Y,0,,A,PU,_Z,2,,,False,WB_WDI,WB_WDI_SP_POP_TOTL,ESP,_T,_T,_T,_Z,_Z,_Z,2003,A,PS,
19951521,P1Y,0,,A,PU,_Z,2,,,False,WB_WDI,WB_WDI_SP_POP_TOTL,LKA,_T,_T,_T,_Z,_Z,_Z,2003,A,PS,
46176,P1Y,0,,A,PU,_Z,2,,,False,WB_WDI,WB_WDI_SP_POP_TOTL,KNA,_T,_T,_T,_Z,_Z,_Z,2003,A,PS,
162976,P1Y,0,,A,PU,_Z,2,,,False,WB_WDI,WB_WDI_SP_POP_TOTL,LCA,_T,_T,_T,_Z,_Z,_Z,2003,A,PS,
32395,P1Y,0,,A,PU,_Z,2,,,False,WB_WDI,WB_WDI_SP_POP_TOTL,MAF,_T,_T,_T,_Z,_Z,_Z,2003,A,PS,
113141,P1Y,0,,A,PU,_Z,2,,,False,WB_WDI,WB_WDI_SP_POP_TOTL,VCT,_T,_T,_T,_Z,_Z,_Z,2003,A,PS,
29896035,P1Y,0,,A,PU,_Z,2,,,False,WB_WDI,WB_WDI_SP_POP_TOTL,SDN,_T,_T,_T,_Z,_Z,_Z,2003,A,PS,
506414,P1Y,0,,A,PU,_Z,2,,,False,WB_WDI,WB_WDI_SP_POP_TOTL,SUR,_T,_T,_T,_Z,_Z,_Z,2003,A,PS,
8958229,P1Y,0,,A,PU,_Z,2,,,False,WB_WDI,WB_WDI_SP_POP_TOTL,SWE,_T,_T,_T,_Z,_Z,_Z,2003,A,PS,
8400180,P1Y,0,,A,PU,_Z,2,,,False,WB_WDI,WB_WDI_SP_POP_TOTL,RWA,_T,_T,_T,_Z,_Z,_Z,2002,A,PS,
184471,P1Y,0,,A,PU,_Z,2,,,False,WB_WDI,WB_WDI_SP_POP_TOTL,WSM,_T,_T,_T,_Z,_Z,_Z,2002,A,PS,
27491,P1Y,0,,A,PU,_Z,2,,,False,WB_WDI,WB_WDI_SP_POP_TOTL,SMR,_T,_T,_T,_Z,_Z,_Z,2002,A,PS,
149922,P1Y,0,,A,PU,_Z,2,,,False,WB_WDI,WB_WDI_SP_POP_TOTL,STP,_T,_T,_T,_Z,_Z,_Z,2002,A,PS,
17910910,P1Y,0,,A,PU,_Z,2,,,False,WB_WDI,WB_WDI_SP_POP_TOTL,SAU,_T,_T,_T,_Z,_Z,_Z,2002,A,PS,
10466214,P1Y,0,,A,PU,_Z,2,,,False,WB_WDI,WB_WDI_SP_POP_TOTL,SEN,_T,_T,_T,_Z,_Z,_Z,2002,A,PS,
7500031,P1Y,0,,A,PU,_Z,2,,,False,WB_WDI,WB_WDI_SP_POP_TOTL,SRB,_T,_T,_T,_Z,_Z,_Z,2002,A,PS,
83723,P1Y,0,,A,PU,_Z,2,,,False,WB_WDI,WB_WDI_SP_POP_TOTL,SYC,_T,_T,_T,_Z,_Z,_Z,2002,A,PS,
4971435,P1Y,0,,A,PU,_Z,2,,,False,WB_WDI,WB_WDI_SP_POP_TOTL,SLE,_T,_T,_T,_Z,_Z,_Z,2002,A,PS,
4175950,P1Y,0,,A,PU,_Z,2,,,False,WB_WDI,WB_WDI_SP_POP_TOTL,SGP,_T,_T,_T,_Z,_Z,_Z,2002,A,PS,
30960,P1Y,0,,A,PU,_Z,2,,,False,WB_WDI,WB_WDI_SP_POP_TOTL,SXM,_T,_T,_T,_Z,_Z,_Z,2002,A,PS,
5376912,P1Y,0,,A,PU,_Z,2,,,False,WB_WDI,WB_WDI_SP_POP_TOTL,SVK,_T,_T,_T,_Z,_Z,_Z,2002,A,PS,
1994530,P1Y,0,,A,PU,_Z,2,,,False,WB_WDI,WB_WDI_SP_POP_TOTL,SVN,_T,_T,_T,_Z,_Z,_Z,2002,A,PS,
457671,P1Y,0,,A,PU,_Z,2,,,False,WB_WDI,WB_WDI_SP_POP_TOTL,SLB,_T,_T,_T,_Z,_Z,_Z,2002,A,PS,
9550063,P1Y,0,,A,PU,_Z,2,,,False,WB_WDI,WB_WDI_SP_POP_TOTL,SOM,_T,_T,_T,_Z,_Z,_Z,2002,A,PS,
22967816,P1Y,0,,A,PU,_Z,2,,,False,WB_WDI,WB_WDI_SP_POP_TOTL,MYS,_T,_T,_T,_Z,_Z,_Z,2000,A,PS,
282019,P1Y,0,,A,PU,_Z,2,,,False,WB_WDI,WB_WDI_SP_POP_TOTL,MDV,_T,_T,_T,_Z,_Z,_Z,2000,A,PS,
11559290,P1Y,0,,A,PU,_Z,2,,,False,WB_WDI,WB_WDI_SP_POP_TOTL,MLI,_T,_T,_T,_Z,_Z,_Z,2000,A,PS,
390087,P1Y,0,,A,PU,_Z,2,,,False,WB_WDI,WB_WDI_SP_POP_TOTL,MLT,_T,_T,_T,_Z,_Z,_Z,2000,A,PS,
50706,P1Y,0,,A,PU,_Z,2,,,False,WB_WDI,WB_WDI_SP_POP_TOTL,MHL,_T,_T,_T,_Z,_Z,_Z,2000,A,PS,
2613441,P1Y,0,,A,PU,_Z,2,,,False,WB_WDI,WB_WDI_SP_POP_TOTL,MRT,_T,_T,_T,_Z,_Z,_Z,2000,A,PS,
1186873,P1Y,0,,A,PU,_Z,2,,,False,WB_WDI,WB_WDI_SP_POP_TOTL,MUS,_T,_T,_T,_Z,_Z,_Z,2000,A,PS,
98625552,P1Y,0,,A,PU,_Z,2,,,False,WB_WDI,WB_WDI_SP_POP_TOTL,MEX,_T,_T,_T,_Z,_Z,_Z,2000,A,PS,
112044,P1Y,0,,A,PU,_Z,2,,,False,WB_WDI,WB_WDI_SP_POP_TOTL,FSM,_T,_T,_T,_Z,_Z,_Z,2000,A,PS,
2924668,P1Y,0,,A,PU,_Z,2,,,False,WB_WDI,WB_WDI_SP_POP_TOTL,MDA,_T,_T,_T,_Z,_Z,_Z,2000,A,PS,
32455,P1Y,0,,A,PU,_Z,2,,,False,WB_WDI,WB_WDI_SP_POP_TOTL,MCO,_T,_T,_T,_Z,_Z,_Z,2000,A,PS,
2388299,P1Y,0,,A,PU,_Z,2,,,False,WB_WDI,WB_WDI_SP_POP_TOTL,MNG,_T,_T,_T,_Z,_Z,_Z,2000,A,PS,
604950,P1Y,0,,A,PU,_Z,2,,,False,WB_WDI,WB_WDI_SP_POP_TOTL,MNE,_T,_T,_T,_Z,_Z,_Z,2000,A,PS,
28423435,P1Y,0,,A,PU,_Z,2,,,False,WB_WDI,WB_WDI_SP_POP_TOTL,MAR,_T,_T,_T,_Z,_Z,_Z,2000,A,PS,
5437272,P1Y,0,,A,PU,_Z,2,,,False,WB_WDI,WB_WDI_SP_POP_TOTL,DNK,_T,_T,_T,_Z,_Z,_Z,2006,A,PS,
855764,P1Y,0,,A,PU,_Z,2,,,False,WB_WDI,WB_WDI_SP_POP_TOTL,DJI,_T,_T,_T,_Z,_Z,_Z,2006,A,PS,
68806,P1Y,0,,A,PU,_Z,2,,,False,WB_WDI,WB_WDI_SP_POP_TOTL,DMA,_T,_T,_T,_Z,_Z,_Z,2006,A,PS,
9341183,P1Y,0,,A,PU,_Z,2,,,False,WB_WDI,WB_WDI_SP_POP_TOTL,DOM,_T,_T,_T,_Z,_Z,_Z,2006,A,PS,
14086131,P1Y,0,,A,PU,_Z,2,,,False,WB_WDI,WB_WDI_SP_POP_TOTL,ECU,_T,_T,_T,_Z,_Z,_Z,2006,A,PS,
82700403,P1Y,0,,A,PU,_Z,2,,,False,WB_WDI,WB_WDI_SP_POP_TOTL,EGY,_T,_T,_T,_Z,_Z,_Z,2006,A,PS,
6002319,P1Y,0,,A,PU,_Z,2,,,False,WB_WDI,WB_WDI_SP_POP_TOTL,SLV,_T,_T,_T,_Z,_Z,_Z,2006,A,PS,
990343,P1Y,0,,A,PU,_Z,2,,,False,WB_WDI,WB_WDI_SP_POP_TOTL,GNQ,_T,_T,_T,_Z,_Z,_Z,2006,A,PS,
2703502,P1Y,0,,A,PU,_Z,2,,,False,WB_WDI,WB_WDI_SP_POP_TOTL,ERI,_T,_T,_T,_Z,_Z,_Z,2006,A,PS,
1346810,P1Y,0,,A,PU,_Z,2,,,False,WB_WDI,WB_WDI_SP_POP_TOTL,EST,_T,_T,_T,_Z,_Z,_Z,2006,A,PS,
1084436,P1Y,0,,A,PU,_Z,2,,,False,WB_WDI,WB_WDI_SP_POP_TOTL,SWZ,_T,_T,_T,_Z,_Z,_Z,2006,A,PS,
80703490,P1Y,0,,A,PU,_Z,2,,,False,WB_WDI,WB_WDI_SP_POP_TOTL,ETH,_T,_T,_T,_Z,_Z,_Z,2006,A,PS,
1953076,P1Y,0,,A,PU,_Z,2,,,False,WB_WDI,WB_WDI_SP_POP_TOTL,LSO,_T,_T,_T,_Z,_Z,_Z,2005,A,PS,
3301015,P1Y,0,,A,PU,_Z,2,,,False,WB_WDI,WB_WDI_SP_POP_TOTL,LBR,_T,_T,_T,_Z,_Z,_Z,2005,A,PS,
5858798,P1Y,0,,A,PU,_Z,2,,,False,WB_WDI,WB_WDI_SP_POP_TOTL,LBY,_T,_T,_T,_Z,_Z,_Z,2005,A,PS,
34753,P1Y,0,,A,PU,_Z,2,,,False,WB_WDI,WB_WDI_SP_POP_TOTL,LIE,_T,_T,_T,_Z,_Z,_Z,2005,A,PS,
3322528,P1Y,0,,A,PU,_Z,2,,,False,WB_WDI,WB_WDI_SP_POP_TOTL,LTU,_T,_T,_T,_Z,_Z,_Z,2005,A,PS,
465158,P1Y,0,,A,PU,_Z,2,,,False,WB_WDI,WB_WDI_SP_POP_TOTL,LUX,_T,_T,_T,_Z,_Z,_Z,2005,A,PS,
473500,P1Y,0,,A,PU,_Z,2,,,False,WB_WDI,WB_WDI_SP_POP_TOTL,MAC,_T,_T,_T,_Z,_Z,_Z,2005,A,PS,
19159707,P1Y,0,,A,PU,_Z,2,,,False,WB_WDI,WB_WDI_SP_POP_TOTL,MDG,_T,_T,_T,_Z,_Z,_Z,2005,A,PS,
12840031,P1Y,0,,A,PU,_Z,2,,,False,WB_WDI,WB_WDI_SP_POP_TOTL,MWI,_T,_T,_T,_Z,_Z,_Z,2005,A,PS,
25836071,P1Y,0,,A,PU,_Z,2,,,False,WB_WDI,WB_WDI_SP_POP_TOTL,MYS,_T,_T,_T,_Z,_Z,_Z,2005,A,PS,
306429,P1Y,0,,A,PU,_Z,2,,,False,WB_WDI,WB_WDI_SP_POP_TOTL,MDV,_T,_T,_T,_Z,_Z,_Z,2005,A,PS,
13538647,P1Y,0,,A,PU,_Z,2,,,False,WB_WDI,WB_WDI_SP_POP_TOTL,MLI,_T,_T,_T,_Z,_Z,_Z,2005,A,PS,
403834,P1Y,0,,A,PU,_Z,2,,,False,WB_WDI,WB_WDI_SP_POP_TOTL,MLT,_T,_T,_T,_Z,_Z,_Z,2005,A,PS,
20970000,P1Y,0,,A,PU,_Z,2,,,False,WB_WDI,WB_WDI_SP_POP_TOTL,LKA,_T,_T,_T,_Z,_Z,_Z,2015,A,PS,
47087,P1Y,0,,A,PU,_Z,2,,,False,WB_WDI,WB_WDI_SP_POP_TOTL,KNA,_T,_T,_T,_Z,_Z,_Z,2015,A,PS,
174905,P1Y,0,,A,PU,_Z,2,,,False,WB_WDI,WB_WDI_SP_POP_TOTL,LCA,_T,_T,_T,_Z,_Z,_Z,2015,A,PS,
37369,P1Y,0,,A,PU,_Z,2,,,False,WB_WDI,WB_WDI_SP_POP_TOTL,MAF,_T,_T,_T,_Z,_Z,_Z,2015,A,PS,
106960,P1Y,0,,A,PU,_Z,2,,,False,WB_WDI,WB_WDI_SP_POP_TOTL,VCT,_T,_T,_T,_Z,_Z,_Z,2015,A,PS,
40024431,P1Y,0,,A,PU,_Z,2,,,False,WB_WDI,WB_WDI_SP_POP_TOTL,SDN,_T,_T,_T,_Z,_Z,_Z,2015,A,PS,
581627,P1Y,0,,A,PU,_Z,2,,,False,WB_WDI,WB_WDI_SP_POP_TOTL,SUR,_T,_T,_T,_Z,_Z,_Z,2015,A,PS,
9799186,P1Y,0,,A,PU,_Z,2,,,False,WB_WDI,WB_WDI_SP_POP_TOTL,SWE,_T,_T,_T,_Z,_Z,_Z,2015,A,PS,
8282396,P1Y,0,,A,PU,_Z,2,,,False,WB_WDI,WB_WDI_SP_POP_TOTL,CHE,_T,_T,_T,_Z,_Z,_Z,2015,A,PS,
19424618,P1Y,0,,A,PU,_Z,2,,,False,WB_WDI,WB_WDI_SP_POP_TOTL,SYR,_T,_T,_T,_Z,_Z,_Z,2015,A,PS,
8643840,P1Y,0,,A,PU,_Z,2,,,False,WB_WDI,WB_WDI_SP_POP_TOTL,TJK,_T,_T,_T,_Z,_Z,_Z,2015,A,PS,
52020962,P1Y,0,,A,PU,_Z,2,,,False,WB_WDI,WB_WDI_SP_POP_TOTL,TZA,_T,_T,_T,_Z,_Z,_Z,2015,A,PS,
11912158,P1Y,0,,A,PU,_Z,2,,,False,WB_WDI,WB_WDI_SP_POP_TOTL,MLI,_T,_T,_T,_Z,_Z,_Z,2001,A,PS,
393028,P1Y,0,,A,PU,_Z,2,,,False,WB_WDI,WB_WDI_SP_POP_TOTL,MLT,_T,_T,_T,_Z,_Z,_Z,2001,A,PS,
51123,P1Y,0,,A,PU,_Z,2,,,False,WB_WDI,WB_WDI_SP_POP_TOTL,MHL,_T,_T,_T,_Z,_Z,_Z,2001,A,PS,
2678760,P1Y,0,,A,PU,_Z,2,,,False,WB_WDI,WB_WDI_SP_POP_TOTL,MRT,_T,_T,_T,_Z,_Z,_Z,2001,A,PS,
1196287,P1Y,0,,A,PU,_Z,2,,,False,WB_WDI,WB_WDI_SP_POP_TOTL,MUS,_T,_T,_T,_Z,_Z,_Z,2001,A,PS,
100099099,P1Y,0,,A,PU,_Z,2,,,False,WB_WDI,WB_WDI_SP_POP_TOTL,MEX,_T,_T,_T,_Z,_Z,_Z,2001,A,PS,
112365,P1Y,0,,A,PU,_Z,2,,,False,WB_WDI,WB_WDI_SP_POP_TOTL,FSM,_T,_T,_T,_Z,_Z,_Z,2001,A,PS,
2918135,P1Y,0,,A,PU,_Z,2,,,False,WB_WDI,WB_WDI_SP_POP_TOTL,MDA,_T,_T,_T,_Z,_Z,_Z,2001,A,PS,
32447,P1Y,0,,A,PU,_Z,2,,,False,WB_WDI,WB_WDI_SP_POP_TOTL,MCO,_T,_T,_T,_Z,_Z,_Z,2001,A,PS,
2417751,P1Y,0,,A,PU,_Z,2,,,False,WB_WDI,WB_WDI_SP_POP_TOTL,MNG,_T,_T,_T,_Z,_Z,_Z,2001,A,PS,
607389,P1Y,0,,A,PU,_Z,2,,,False,WB_WDI,WB_WDI_SP_POP_TOTL,MNE,_T,_T,_T,_Z,_Z,_Z,2001,A,PS,
28814643,P1Y,0,,A,PU,_Z,2,,,False,WB_WDI,WB_WDI_SP_POP_TOTL,MAR,_T,_T,_T,_Z,_Z,_Z,2001,A,PS,
18537729,P1Y,0,,A,PU,_Z,2,,,False,WB_WDI,WB_WDI_SP_POP_TOTL,MOZ,_T,_T,_T,_Z,_Z,_Z,2001,A,PS,
45771139,P1Y,0,,A,PU,_Z,2,,,False,WB_WDI,WB_WDI_SP_POP_TOTL,MMR,_T,_T,_T,_Z,_Z,_Z,2001,A,PS,
5081765,P1Y,0,,A,PU,_Z,2,,,False,WB_WDI,WB_WDI_SP_POP_TOTL,CRI,_T,_T,_T,_Z,_Z,_Z,2022,A,PS,
30395002,P1Y,0,,A,PU,_Z,2,,,False,WB_WDI,WB_WDI_SP_POP_TOTL,CIV,_T,_T,_T,_Z,_Z,_Z,2022,A,PS,
3855641,P1Y,0,,A,PU,_Z,2,,,False,WB_WDI,WB_WDI_SP_POP_TOTL,HRV,_T,_T,_T,_Z,_Z,_Z,2022,A,PS,
11059820,P1Y,0,,A,PU,_Z,2,,,False,WB_WDI,WB_WDI_SP_POP_TOTL,CUB,_T,_T,_T,_Z,_Z,_Z,2022,A,PS,
153321,P1Y,0,,A,PU,_Z,2,,,False,WB_WDI,WB_WDI_SP_POP_TOTL,CUW,_T,_T,_T,_Z,_Z,_Z,2022,A,PS,
1331370,P1Y,0,,A,PU,_Z,2,,,False,WB_WDI,WB_WDI_SP_POP_TOTL,CYP,_T,_T,_T,_Z,_Z,_Z,2022,A,PS,
10672118,P1Y,0,,A,PU,_Z,2,,,False,WB_WDI,WB_WDI_SP_POP_TOTL,CZE,_T,_T,_T,_Z,_Z,_Z,2022,A,PS,
5903037,P1Y,0,,A,PU,_Z,2,,,False,WB_WDI,WB_WDI_SP_POP_TOTL,DNK,_T,_T,_T,_Z,_Z,_Z,2022,A,PS,
1137096,P1Y,0,,A,PU,_Z,2,,,False,WB_WDI,WB_WDI_SP_POP_TOTL,DJI,_T,_T,_T,_Z,_Z,_Z,2022,A,PS,
66826,P1Y,0,,A,PU,_Z,2,,,False,WB_WDI,WB_WDI_SP_POP_TOTL,DMA,_T,_T,_T,_Z,_Z,_Z,2022,A,PS,
11230734,P1Y,0,,A,PU,_Z,2,,,False,WB_WDI,WB_WDI_SP_POP_TOTL,DOM,_T,_T,_T,_Z,_Z,_Z,2022,A,PS,
17823897,P1Y,0,,A,PU,_Z,2,,,False,WB_WDI,WB_WDI_SP_POP_TOTL,ECU,_T,_T,_T,_Z,_Z,_Z,2022,A,PS,
112618250,P1Y,0,,A,PU,_Z,2,,,False,WB_WDI,WB_WDI_SP_POP_TOTL,EGY,_T,_T,_T,_Z,_Z,_Z,2022,A,PS,
618868462,P1Y,0,,A,PU,_Z,2,,,False,WB_WDI,WB_WDI_SP_POP_TOTL,LCN,_T,_T,_T,_Z,_Z,_Z,2015,A,PS,
581649117,P1Y,0,,A,PU,_Z,2,,,False,WB_WDI,WB_WDI_SP_POP_TOTL,LAC,_T,_T,_T,_Z,_Z,_Z,2015,A,PS,
603091701,P1Y,0,,A,PU,_Z,2,,,False,WB_WDI,WB_WDI_SP_POP_TOTL,TLA,_T,_T,_T,_Z,_Z,_Z,2015,A,PS,
961916563,P1Y,0,,A,PU,_Z,2,,,False,WB_WDI,WB_WDI_SP_POP_TOTL,LDC,_T,_T,_T,_Z,_Z,_Z,2015,A,PS,
6075072158,P1Y,0,,A,PU,_Z,2,,,False,WB_WDI,WB_WDI_SP_POP_TOTL,LMY,_T,_T,_T,_Z,_Z,_Z,2015,A,PS,
584512207,P1Y,0,,A,PU,_Z,2,,,False,WB_WDI,WB_WDI_SP_POP_TOTL,LIC,_T,_T,_T,_Z,_Z,_Z,2015,A,PS,
2573897309,P1Y,0,,A,PU,_Z,2,,,False,WB_WDI,WB_WDI_SP_POP_TOTL,LMC,_T,_T,_T,_Z,_Z,_Z,2015,A,PS,
694232973,P1Y,0,,A,PU,_Z,2,,,False,WB_WDI,WB_WDI_SP_POP_TOTL,MEA,_T,_T,_T,_Z,_Z,_Z,2015,A,PS,
635352686,P1Y,0,,A,PU,_Z,2,,,False,WB_WDI,WB_WDI_SP_POP_TOTL,MNA,_T,_T,_T,_Z,_Z,_Z,2015,A,PS,
631082594,P1Y,0,,A,PU,_Z,2,,,False,WB_WDI,WB_WDI_SP_POP_TOTL,TMN,_T,_T,_T,_Z,_Z,_Z,2015,A,PS,
5490559951,P1Y,0,,A,PU,_Z,2,,,False,WB_WDI,WB_WDI_SP_POP_TOTL,MIC,_T,_T,_T,_Z,_Z,_Z,2015,A,PS,
357583083,P1Y,0,,A,PU,_Z,2,,,False,WB_WDI,WB_WDI_SP_POP_TOTL,NAC,_T,_T,_T,_Z,_Z,_Z,2015,A,PS,
431686343,P1Y,0,,A,PU,_Z,2,,,False,WB_WDI,WB_WDI_SP_POP_TOTL,LIC,_T,_T,_T,_Z,_Z,_Z,2004,A,PS,
2134083088,P1Y,0,,A,PU,_Z,2,,,False,WB_WDI,WB_WDI_SP_POP_TOTL,LMC,_T,_T,_T,_Z,_Z,_Z,2004,A,PS,
543086512,P1Y,0,,A,PU,_Z,2,,,False,WB_WDI,WB_WDI_SP_POP_TOTL,MEA,_T,_T,_T,_Z,_Z,_Z,2004,A,PS,
505618583,P1Y,0,,A,PU,_Z,2,,,False,WB_WDI,WB_WDI_SP_POP_TOTL,MNA,_T,_T,_T,_Z,_Z,_Z,2004,A,PS,
502381957,P1Y,0,,A,PU,_Z,2,,,False,WB_WDI,WB_WDI_SP_POP_TOTL,TMN,_T,_T,_T,_Z,_Z,_Z,2004,A,PS,
4778500089,P1Y,0,,A,PU,_Z,2,,,False,WB_WDI,WB_WDI_SP_POP_TOTL,MIC,_T,_T,_T,_Z,_Z,_Z,2004,A,PS,
324806660,P1Y,0,,A,PU,_Z,2,,,False,WB_WDI,WB_WDI_SP_POP_TOTL,NAC,_T,_T,_T,_Z,_Z,_Z,2004,A,PS,
1237896576,P1Y,0,,A,PU,_Z,2,,,False,WB_WDI,WB_WDI_SP_POP_TOTL,OED,_T,_T,_T,_Z,_Z,_Z,2004,A,PS,
10371059,P1Y,0,,A,PU,_Z,2,,,False,WB_WDI,WB_WDI_SP_POP_TOTL,OSS,_T,_T,_T,_Z,_Z,_Z,2004,A,PS,
2145505,P1Y,0,,A,PU,_Z,2,,,False,WB_WDI,WB_WDI_SP_POP_TOTL,PSS,_T,_T,_T,_Z,_Z,_Z,2004,A,PS,
1041890752,P1Y,0,,A,PU,_Z,2,,,False,WB_WDI,WB_WDI_SP_POP_TOTL,PST,_T,_T,_T,_Z,_Z,_Z,2004,A,PS,
632030219,P1Y,0,,A,PU,_Z,2,,,False,WB_WDI,WB_WDI_SP_POP_TOTL,PRE,_T,_T,_T,_Z,_Z,_Z,2004,A,PS,
16597133,P1Y,0,,A,PU,_Z,2,,,False,WB_WDI,WB_WDI_SP_POP_TOTL,SST,_T,_T,_T,_Z,_Z,_Z,2004,A,PS,
1325950587,P1Y,0,,A,PU,_Z,2,,,False,WB_WDI,WB_WDI_SP_POP_TOTL,SAS,_T,_T,_T,_Z,_Z,_Z,2004,A,PS,
1325950587,P1Y,0,,A,PU,_Z,2,,,False,WB_WDI,WB_WDI_SP_POP_TOTL,TSA,_T,_T,_T,_Z,_Z,_Z,2004,A,PS,
93772,P1Y,0,,A,PU,_Z,2,,,False,WB_WDI,WB_WDI_SP_POP_TOTL,ATG,_T,_T,_T,_Z,_Z,_Z,2024,A,PS,
45696159,P1Y,0,,A,PU,_Z,2,,,False,WB_WDI,WB_WDI_SP_POP_TOTL,ARG,_T,_T,_T,_Z,_Z,_Z,2024,A,PS,
3033500,P1Y,0,,A,PU,_Z,2,,,False,WB_WDI,WB_WDI_SP_POP_TOTL,ARM,_T,_T,_T,_Z,_Z,_Z,2024,A,PS,
107995,P1Y,0,,A,PU,_Z,2,,,False,WB_WDI,WB_WDI_SP_POP_TOTL,ABW,_T,_T,_T,_Z,_Z,_Z,2024,A,PS,
27194286,P1Y,0,,A,PU,_Z,2,,,False,WB_WDI,WB_WDI_SP_POP_TOTL,AUS,_T,_T,_T,_Z,_Z,_Z,2024,A,PS,
9177982,P1Y,0,,A,PU,_Z,2,,,False,WB_WDI,WB_WDI_SP_POP_TOTL,AUT,_T,_T,_T,_Z,_Z,_Z,2024,A,PS,
10202830,P1Y,0,,A,PU,_Z,2,,,False,WB_WDI,WB_WDI_SP_POP_TOTL,AZE,_T,_T,_T,_Z,_Z,_Z,2024,A,PS,
401283,P1Y,0,,A,PU,_Z,2,,,False,WB_WDI,WB_WDI_SP_POP_TOTL,BHS,_T,_T,_T,_Z,_Z,_Z,2024,A,PS,
1588670,P1Y,0,,A,PU,_Z,2,,,False,WB_WDI,WB_WDI_SP_POP_TOTL,BHR,_T,_T,_T,_Z,_Z,_Z,2024,A,PS,
173562364,P1Y,0,,A,PU,_Z,2,,,False,WB_WDI,WB_WDI_SP_POP_TOTL,BGD,_T,_T,_T,_Z,_Z,_Z,2024,A,PS,
282467,P1Y,0,,A,PU,_Z,2,,,False,WB_WDI,WB_WDI_SP_POP_TOTL,BRB,_T,_T,_T,_Z,_Z,_Z,2024,A,PS,
9132629,P1Y,0,,A,PU,_Z,2,,,False,WB_WDI,WB_WDI_SP_POP_TOTL,BLR,_T,_T,_T,_Z,_Z,_Z,2024,A,PS,
11858610,P1Y,0,,A,PU,_Z,2,,,False,WB_WDI,WB_WDI_SP_POP_TOTL,BEL,_T,_T,_T,_Z,_Z,_Z,2024,A,PS,
417072,P1Y,0,,A,PU,_Z,2,,,False,WB_WDI,WB_WDI_SP_POP_TOTL,BLZ,_T,_T,_T,_Z,_Z,_Z,2024,A,PS,
14462724,P1Y,0,,A,PU,_Z,2,,,False,WB_WDI,WB_WDI_SP_POP_TOTL,BEN,_T,_T,_T,_Z,_Z,_Z,2024,A,PS,
64636,P1Y,0,,A,PU,_Z,2,,,False,WB_WDI,WB_WDI_SP_POP_TOTL,BMU,_T,_T,_T,_Z,_Z,_Z,2024,A,PS,
1425370200,P1Y,0,,A,PU,_Z,2,,,False,WB_WDI,WB_WDI_SP_POP_TOTL,SAS,_T,_T,_T,_Z,_Z,_Z,2009,A,PS,
1425370200,P1Y,0,,A,PU,_Z,2,,,False,WB_WDI,WB_WDI_SP_POP_TOTL,TSA,_T,_T,_T,_Z,_Z,_Z,2009,A,PS,
869926373,P1Y,0,,A,PU,_Z,2,,,False,WB_WDI,WB_WDI_SP_POP_TOTL,SSF,_T,_T,_T,_Z,_Z,_Z,2009,A,PS,
869839075,P1Y,0,,A,PU,_Z,2,,,False,WB_WDI,WB_WDI_SP_POP_TOTL,SSA,_T,_T,_T,_Z,_Z,_Z,2009,A,PS,
869926373,P1Y,0,,A,PU,_Z,2,,,False,WB_WDI,WB_WDI_SP_POP_TOTL,TSS,_T,_T,_T,_Z,_Z,_Z,2009,A,PS,
2761866575,P1Y,0,,A,PU,_Z,2,,,False,WB_WDI,WB_WDI_SP_POP_TOTL,UMC,_T,_T,_T,_Z,_Z,_Z,2009,A,PS,
6916168196,P1Y,0,,A,PU,_Z,2,,,False,WB_WDI,WB_WDI_SP_POP_TOTL,WLD,_T,_T,_T,_Z,_Z,_Z,2009,A,PS,
27466101,P1Y,0,,A,PU,_Z,2,,,False,WB_WDI,WB_WDI_SP_POP_TOTL,AFG,_T,_T,_T,_Z,_Z,_Z,2009,A,PS,
2927519,P1Y,0,,A,PU,_Z,2,,,False,WB_WDI,WB_WDI_SP_POP_TOTL,ALB,_T,_T,_T,_Z,_Z,_Z,2009,A,PS,
35490445,P1Y,0,,A,PU,_Z,2,,,False,WB_WDI,WB_WDI_SP_POP_TOTL,DZA,_T,_T,_T,_Z,_Z,_Z,2009,A,PS,
55528,P1Y,0,,A,PU,_Z,2,,,False,WB_WDI,WB_WDI_SP_POP_TOTL,ASM,_T,_T,_T,_Z,_Z,_Z,2009,A,PS,
83888,P1Y,0,,A,PU,_Z,2,,,False,WB_WDI,WB_WDI_SP_POP_TOTL,AND,_T,_T,_T,_Z,_Z,_Z,2009,A,PS,
22414773,P1Y,0,,A,PU,_Z,2,,,False,WB_WDI,WB_WDI_SP_POP_TOTL,AGO,_T,_T,_T,_Z,_Z,_Z,2009,A,PS,
84173,P1Y,0,,A,PU,_Z,2,,,False,WB_WDI,WB_WDI_SP_POP_TOTL,ATG,_T,_T,_T,_Z,_Z,_Z,2009,A,PS,
83516593,P1Y,0,,A,PU,_Z,2,,,False,WB_WDI,WB_WDI_SP_POP_TOTL,DEU,_T,_T,_T,_Z,_Z,_Z,2024,A,PS,
34427414,P1Y,0,,A,PU,_Z,2,,,False,WB_WDI,WB_WDI_SP_POP_TOTL,GHA,_T,_T,_T,_Z,_Z,_Z,2024,A,PS,
39329,P1Y,0,,A,PU,_Z,2,,,False,WB_WDI,WB_WDI_SP_POP_TOTL,GIB,_T,_T,_T,_Z,_Z,_Z,2024,A,PS,
10405134,P1Y,0,,A,PU,_Z,2,,,False,WB_WDI,WB_WDI_SP_POP_TOTL,GRC,_T,_T,_T,_Z,_Z,_Z,2024,A,PS,
56836,P1Y,0,,A,PU,_Z,2,,,False,WB_WDI,WB_WDI_SP_POP_TOTL,GRL,_T,_T,_T,_Z,_Z,_Z,2024,A,PS,
117207,P1Y,0,,A,PU,_Z,2,,,False,WB_WDI,WB_WDI_SP_POP_TOTL,GRD,_T,_T,_T,_Z,_Z,_Z,2024,A,PS,
167777,P1Y,0,,A,PU,_Z,2,,,False,WB_WDI,WB_WDI_SP_POP_TOTL,GUM,_T,_T,_T,_Z,_Z,_Z,2024,A,PS,
18406359,P1Y,0,,A,PU,_Z,2,,,False,WB_WDI,WB_WDI_SP_POP_TOTL,GTM,_T,_T,_T,_Z,_Z,_Z,2024,A,PS,
14754785,P1Y,0,,A,PU,_Z,2,,,False,WB_WDI,WB_WDI_SP_POP_TOTL,GIN,_T,_T,_T,_Z,_Z,_Z,2024,A,PS,
2201352,P1Y,0,,A,PU,_Z,2,,,False,WB_WDI,WB_WDI_SP_POP_TOTL,GNB,_T,_T,_T,_Z,_Z,_Z,2024,A,PS,
831087,P1Y,0,,A,PU,_Z,2,,,False,WB_WDI,WB_WDI_SP_POP_TOTL,GUY,_T,_T,_T,_Z,_Z,_Z,2024,A,PS,
11772557,P1Y,0,,A,PU,_Z,2,,,False,WB_WDI,WB_WDI_SP_POP_TOTL,HTI,_T,_T,_T,_Z,_Z,_Z,2024,A,PS,
10825703,P1Y,0,,A,PU,_Z,2,,,False,WB_WDI,WB_WDI_SP_POP_TOTL,HND,_T,_T,_T,_Z,_Z,_Z,2024,A,PS,
7524100,P1Y,0,,A,PU,_Z,2,,,False,WB_WDI,WB_WDI_SP_POP_TOTL,HKG,_T,_T,_T,_Z,_Z,_Z,2024,A,PS,
9562065,P1Y,0,,A,PU,_Z,2,,,False,WB_WDI,WB_WDI_SP_POP_TOTL,HUN,_T,_T,_T,_Z,_Z,_Z,2024,A,PS,
386506,P1Y,0,,A,PU,_Z,2,,,False,WB_WDI,WB_WDI_SP_POP_TOTL,ISL,_T,_T,_T,_Z,_Z,_Z,2024,A,PS,
1450935791,P1Y,0,,A,PU,_Z,2,,,False,WB_WDI,WB_WDI_SP_POP_TOTL,IND,_T,_T,_T,_Z,_Z,_Z,2024,A,PS,
3202521,P1Y,0,,A,PU,_Z,2,,,False,WB_WDI,WB_WDI_SP_POP_TOTL,PRI,_T,_T,_T,_Z,_Z,_Z,2024,A,PS,
2857822,P1Y,0,,A,PU,_Z,2,,,False,WB_WDI,WB_WDI_SP_POP_TOTL,QAT,_T,_T,_T,_Z,_Z,_Z,2024,A,PS,
19051804,P1Y,0,,A,PU,_Z,2,,,False,WB_WDI,WB_WDI_SP_POP_TOTL,ROU,_T,_T,_T,_Z,_Z,_Z,2024,A,PS,
143669648,P1Y,0,,A,PU,_Z,2,,,False,WB_WDI,WB_WDI_SP_POP_TOTL,RUS,_T,_T,_T,_Z,_Z,_Z,2024,A,PS,
14256567,P1Y,0,,A,PU,_Z,2,,,False,WB_WDI,WB_WDI_SP_POP_TOTL,RWA,_T,_T,_T,_Z,_Z,_Z,2024,A,PS,
218019,P1Y,0,,A,PU,_Z,2,,,False,WB_WDI,WB_WDI_SP_POP_TOTL,WSM,_T,_T,_T,_Z,_Z,_Z,2024,A,PS,
33977,P1Y,0,,A,PU,_Z,2,,,False,WB_WDI,WB_WDI_SP_POP_TOTL,SMR,_T,_T,_T,_Z,_Z,_Z,2024,A,PS,
235536,P1Y,0,,A,PU,_Z,2,,,False,WB_WDI,WB_WDI_SP_POP_TOTL,STP,_T,_T,_T,_Z,_Z,_Z,2024,A,PS,
35300280,P1Y,0,,A,PU,_Z,2,,,False,WB_WDI,WB_WDI_SP_POP_TOTL,SAU,_T,_T,_T,_Z,_Z,_Z,2024,A,PS,
18501984,P1Y,0,,A,PU,_Z,2,,,False,WB_WDI,WB_WDI_SP_POP_TOTL,SEN,_T,_T,_T,_Z,_Z,_Z,2024,A,PS,
6586476,P1Y,0,,A,PU,_Z,2,,,False,WB_WDI,WB_WDI_SP_POP_TOTL,SRB,_T,_T,_T,_Z,_Z,_Z,2024,A,PS,
121354,P1Y,0,,A,PU,_Z,2,,,False,WB_WDI,WB_WDI_SP_POP_TOTL,SYC,_T,_T,_T,_Z,_Z,_Z,2024,A,PS,
8642022,P1Y,0,,A,PU,_Z,2,,,False,WB_WDI,WB_WDI_SP_POP_TOTL,SLE,_T,_T,_T,_Z,_Z,_Z,2024,A,PS,
6036860,P1Y,0,,A,PU,_Z,2,,,False,WB_WDI,WB_WDI_SP_POP_TOTL,SGP,_T,_T,_T,_Z,_Z,_Z,2024,A,PS,
43350,P1Y,0,,A,PU,_Z,2,,,False,WB_WDI,WB_WDI_SP_POP_TOTL,SXM,_T,_T,_T,_Z,_Z,_Z,2024,A,PS,
5422069,P1Y,0,,A,PU,_Z,2,,,False,WB_WDI,WB_WDI_SP_POP_TOTL,SVK,_T,_T,_T,_Z,_Z,_Z,2024,A,PS,
2127400,P1Y,0,,A,PU,_Z,2,,,False,WB_WDI,WB_WDI_SP_POP_TOTL,SVN,_T,_T,_T,_Z,_Z,_Z,2024,A,PS,
11851918,P1Y,0,,A,PU,_Z,2,,,False,WB_WDI,WB_WDI_SP_POP_TOTL,OSS,_T,_T,_T,_Z,_Z,_Z,2016,A,PS,
2477794,P1Y,0,,A,PU,_Z,2,,,False,WB_WDI,WB_WDI_SP_POP_TOTL,PSS,_T,_T,_T,_Z,_Z,_Z,2016,A,PS,
1102965925,P1Y,0,,A,PU,_Z,2,,,False,WB_WDI,WB_WDI_SP_POP_TOTL,PST,_T,_T,_T,_Z,_Z,_Z,2016,A,PS,
894582467,P1Y,0,,A,PU,_Z,2,,,False,WB_WDI,WB_WDI_SP_POP_TOTL,PRE,_T,_T,_T,_Z,_Z,_Z,2016,A,PS,
18671045,P1Y,0,,A,PU,_Z,2,,,False,WB_WDI,WB_WDI_SP_POP_TOTL,SST,_T,_T,_T,_Z,_Z,_Z,2016,A,PS,
1555111864,P1Y,0,,A,PU,_Z,2,,,False,WB_WDI,WB_WDI_SP_POP_TOTL,SAS,_T,_T,_T,_Z,_Z,_Z,2016,A,PS,
1555111864,P1Y,0,,A,PU,_Z,2,,,False,WB_WDI,WB_WDI_SP_POP_TOTL,TSA,_T,_T,_T,_Z,_Z,_Z,2016,A,PS,
1052166739,P1Y,0,,A,PU,_Z,2,,,False,WB_WDI,WB_WDI_SP_POP_TOTL,SSF,_T,_T,_T,_Z,_Z,_Z,2016,A,PS,
1052072062,P1Y,0,,A,PU,_Z,2,,,False,WB_WDI,WB_WDI_SP_POP_TOTL,SSA,_T,_T,_T,_Z,_Z,_Z,2016,A,PS,
1052166739,P1Y,0,,A,PU,_Z,2,,,False,WB_WDI,WB_WDI_SP_POP_TOTL,TSS,_T,_T,_T,_Z,_Z,_Z,2016,A,PS,
2941432440,P1Y,0,,A,PU,_Z,2,,,False,WB_WDI,WB_WDI_SP_POP_TOTL,UMC,_T,_T,_T,_Z,_Z,_Z,2016,A,PS,
7528221579,P1Y,0,,A,PU,_Z,2,,,False,WB_WDI,WB_WDI_SP_POP_TOTL,WLD,_T,_T,_T,_Z,_Z,_Z,2016,A,PS,
34700612,P1Y,0,,A,PU,_Z,2,,,False,WB_WDI,WB_WDI_SP_POP_TOTL,AFG,_T,_T,_T,_Z,_Z,_Z,2016,A,PS,
5927622764,P1Y,0,,A,PU,_Z,2,,,False,WB_WDI,WB_WDI_SP_POP_TOTL,MIC,_T,_T,_T,_Z,_Z,_Z,2023,A,PS,
376868838,P1Y,0,,A,PU,_Z,2,,,False,WB_WDI,WB_WDI_SP_POP_TOTL,NAC,_T,_T,_T,_Z,_Z,_Z,2023,A,PS,
1387846131,P1Y,0,,A,PU,_Z,2,,,False,WB_WDI,WB_WDI_SP_POP_TOTL,OED,_T,_T,_T,_Z,_Z,_Z,2023,A,PS,
12822134,P1Y,0,,A,PU,_Z,2,,,False,WB_WDI,WB_WDI_SP_POP_TOTL,OSS,_T,_T,_T,_Z,_Z,_Z,2023,A,PS,
2689224,P1Y,0,,A,PU,_Z,2,,,False,WB_WDI,WB_WDI_SP_POP_TOTL,PSS,_T,_T,_T,_Z,_Z,_Z,2023,A,PS,
1121263972,P1Y,0,,A,PU,_Z,2,,,False,WB_WDI,WB_WDI_SP_POP_TOTL,PST,_T,_T,_T,_Z,_Z,_Z,2023,A,PS,
1077143557,P1Y,0,,A,PU,_Z,2,,,False,WB_WDI,WB_WDI_SP_POP_TOTL,PRE,_T,_T,_T,_Z,_Z,_Z,2023,A,PS,
20031262,P1Y,0,,A,PU,_Z,2,,,False,WB_WDI,WB_WDI_SP_POP_TOTL,SST,_T,_T,_T,_Z,_Z,_Z,2023,A,PS,
1662580579,P1Y,0,,A,PU,_Z,2,,,False,WB_WDI,WB_WDI_SP_POP_TOTL,SAS,_T,_T,_T,_Z,_Z,_Z,2023,A,PS,
1662580579,P1Y,0,,A,PU,_Z,2,,,False,WB_WDI,WB_WDI_SP_POP_TOTL,TSA,_T,_T,_T,_Z,_Z,_Z,2023,A,PS,
1258809472,P1Y,0,,A,PU,_Z,2,,,False,WB_WDI,WB_WDI_SP_POP_TOTL,SSF,_T,_T,_T,_Z,_Z,_Z,2023,A,PS,
1258689699,P1Y,0,,A,PU,_Z,2,,,False,WB_WDI,WB_WDI_SP_POP_TOTL,SSA,_T,_T,_T,_Z,_Z,_Z,2023,A,PS,
1258809472,P1Y,0,,A,PU,_Z,2,,,False,WB_WDI,WB_WDI_SP_POP_TOTL,TSS,_T,_T,_T,_Z,_Z,_Z,2023,A,PS,
3057927413,P1Y,0,,A,PU,_Z,2,,,False,WB_WDI,WB_WDI_SP_POP_TOTL,UMC,_T,_T,_T,_Z,_Z,_Z,2023,A,PS,
8062923417,P1Y,0,,A,PU,_Z,2,,,False,WB_WDI,WB_WDI_SP_POP_TOTL,WLD,_T,_T,_T,_Z,_Z,_Z,2023,A,PS,
41454761,P1Y,0,,A,PU,_Z,2,,,False,WB_WDI,WB_WDI_SP_POP_TOTL,AFG,_T,_T,_T,_Z,_Z,_Z,2023,A,PS,
14812482,P1Y,0,,A,PU,_Z,2,,,False,WB_WDI,WB_WDI_SP_POP_TOTL,ZWE,_T,_T,_T,_Z,_Z,_Z,2017,A,PS,
657801085,P1Y,0,,A,PU,_Z,2,,,False,WB_WDI,WB_WDI_SP_POP_TOTL,AFE,_T,_T,_T,_Z,_Z,_Z,2018,A,PS,
451395343,P1Y,0,,A,PU,_Z,2,,,False,WB_WDI,WB_WDI_SP_POP_TOTL,AFW,_T,_T,_T,_Z,_Z,_Z,2018,A,PS,
435998060,P1Y,0,,A,PU,_Z,2,,,False,WB_WDI,WB_WDI_SP_POP_TOTL,ARB,_T,_T,_T,_Z,_Z,_Z,2018,A,PS,
4407658,P1Y,0,,A,PU,_Z,2,,,False,WB_WDI,WB_WDI_SP_POP_TOTL,CSS,_T,_T,_T,_Z,_Z,_Z,2018,A,PS,
102074201,P1Y,0,,A,PU,_Z,2,,,False,WB_WDI,WB_WDI_SP_POP_TOTL,CEB,_T,_T,_T,_Z,_Z,_Z,2018,A,PS,
3314245247,P1Y,0,,A,PU,_Z,2,,,False,WB_WDI,WB_WDI_SP_POP_TOTL,EAR,_T,_T,_T,_Z,_Z,_Z,2018,A,PS,
2347576325,P1Y,0,,A,PU,_Z,2,,,False,WB_WDI,WB_WDI_SP_POP_TOTL,EAS,_T,_T,_T,_Z,_Z,_Z,2018,A,PS,
2100698838,P1Y,0,,A,PU,_Z,2,,,False,WB_WDI,WB_WDI_SP_POP_TOTL,EAP,_T,_T,_T,_Z,_Z,_Z,2018,A,PS,
2074796982,P1Y,0,,A,PU,_Z,2,,,False,WB_WDI,WB_WDI_SP_POP_TOTL,TEA,_T,_T,_T,_Z,_Z,_Z,2018,A,PS,
352303991,P1Y,0,,A,PU,_Z,2,,,False,WB_WDI,WB_WDI_SP_POP_TOTL,EMU,_T,_T,_T,_Z,_Z,_Z,2018,A,PS,
918415818,P1Y,0,,A,PU,_Z,2,,,False,WB_WDI,WB_WDI_SP_POP_TOTL,ECS,_T,_T,_T,_Z,_Z,_Z,2018,A,PS,
29724065,P1Y,0,,A,PU,_Z,2,,,False,WB_WDI,WB_WDI_SP_POP_TOTL,UZB,_T,_T,_T,_Z,_Z,_Z,2013,A,PS,
254482,P1Y,0,,A,PU,_Z,2,,,False,WB_WDI,WB_WDI_SP_POP_TOTL,VUT,_T,_T,_T,_Z,_Z,_Z,2013,A,PS,
29912198,P1Y,0,,A,PU,_Z,2,,,False,WB_WDI,WB_WDI_SP_POP_TOTL,VEN,_T,_T,_T,_Z,_Z,_Z,2013,A,PS,
90573104,P1Y,0,,A,PU,_Z,2,,,False,WB_WDI,WB_WDI_SP_POP_TOTL,VNM,_T,_T,_T,_Z,_Z,_Z,2013,A,PS,
108041,P1Y,0,,A,PU,_Z,2,,,False,WB_WDI,WB_WDI_SP_POP_TOTL,VIR,_T,_T,_T,_Z,_Z,_Z,2013,A,PS,
4076708,P1Y,0,,A,PU,_Z,2,,,False,WB_WDI,WB_WDI_SP_POP_TOTL,PSE,_T,_T,_T,_Z,_Z,_Z,2013,A,PS,
29312952,P1Y,0,,A,PU,_Z,2,,,False,WB_WDI,WB_WDI_SP_POP_TOTL,YEM,_T,_T,_T,_Z,_Z,_Z,2013,A,PS,
15398997,P1Y,0,,A,PU,_Z,2,,,False,WB_WDI,WB_WDI_SP_POP_TOTL,ZMB,_T,_T,_T,_Z,_Z,_Z,2013,A,PS,
14013808,P1Y,0,,A,PU,_Z,2,,,False,WB_WDI,WB_WDI_SP_POP_TOTL,ZWE,_T,_T,_T,_Z,_Z,_Z,2013,A,PS,
590968990,P1Y,0,,A,PU,_Z,2,,,False,WB_WDI,WB_WDI_SP_POP_TOTL,AFE,_T,_T,_T,_Z,_Z,_Z,2014,A,PS,
406457241,P1Y,0,,A,PU,_Z,2,,,False,WB_WDI,WB_WDI_SP_POP_TOTL,AFW,_T,_T,_T,_Z,_Z,_Z,2014,A,PS,
400231008,P1Y,0,,A,PU,_Z,2,,,False,WB_WDI,WB_WDI_SP_POP_TOTL,ARB,_T,_T,_T,_Z,_Z,_Z,2014,A,PS,
100352192,P1Y,0,,A,PU,_Z,2,,,False,WB_WDI,WB_WDI_SP_POP_TOTL,VNM,_T,_T,_T,_Z,_Z,_Z,2023,A,PS,
104917,P1Y,0,,A,PU,_Z,2,,,False,WB_WDI,WB_WDI_SP_POP_TOTL,VIR,_T,_T,_T,_Z,_Z,_Z,2023,A,PS,
5165775,P1Y,0,,A,PU,_Z,2,,,False,WB_WDI,WB_WDI_SP_POP_TOTL,PSE,_T,_T,_T,_Z,_Z,_Z,2023,A,PS,
39390799,P1Y,0,,A,PU,_Z,2,,,False,WB_WDI,WB_WDI_SP_POP_TOTL,YEM,_T,_T,_T,_Z,_Z,_Z,2023,A,PS,
20723965,P1Y,0,,A,PU,_Z,2,,,False,WB_WDI,WB_WDI_SP_POP_TOTL,ZMB,_T,_T,_T,_Z,_Z,_Z,2023,A,PS,
16340822,P1Y,0,,A,PU,_Z,2,,,False,WB_WDI,WB_WDI_SP_POP_TOTL,ZWE,_T,_T,_T,_Z,_Z,_Z,2023,A,PS,
769280888,P1Y,0,,A,PU,_Z,2,,,False,WB_WDI,WB_WDI_SP_POP_TOTL,AFE,_T,_T,_T,_Z,_Z,_Z,2024,A,PS,
520655398,P1Y,0,,A,PU,_Z,2,,,False,WB_WDI,WB_WDI_SP_POP_TOTL,AFW,_T,_T,_T,_Z,_Z,_Z,2024,A,PS,
492612632,P1Y,0,,A,PU,_Z,2,,,False,WB_WDI,WB_WDI_SP_POP_TOTL,ARB,_T,_T,_T,_Z,_Z,_Z,2024,A,PS,
4539060,P1Y,0,,A,PU,_Z,2,,,False,WB_WDI,WB_WDI_SP_POP_TOTL,CSS,_T,_T,_T,_Z,_Z,_Z,2024,A,PS,
100061963,P1Y,0,,A,PU,_Z,2,,,False,WB_WDI,WB_WDI_SP_POP_TOTL,CEB,_T,_T,_T,_Z,_Z,_Z,2024,A,PS,
3552306404,P1Y,0,,A,PU,_Z,2,,,False,WB_WDI,WB_WDI_SP_POP_TOTL,EAR,_T,_T,_T,_Z,_Z,_Z,2024,A,PS,
2388319468,P1Y,0,,A,PU,_Z,2,,,False,WB_WDI,WB_WDI_SP_POP_TOTL,EAS,_T,_T,_T,_Z,_Z,_Z,2024,A,PS,
2141122258,P1Y,0,,A,PU,_Z,2,,,False,WB_WDI,WB_WDI_SP_POP_TOTL,EAP,_T,_T,_T,_Z,_Z,_Z,2024,A,PS,
2114653077,P1Y,0,,A,PU,_Z,2,,,False,WB_WDI,WB_WDI_SP_POP_TOTL,TEA,_T,_T,_T,_Z,_Z,_Z,2024,A,PS,
357603357,P1Y,0,,A,PU,_Z,2,,,False,WB_WDI,WB_WDI_SP_POP_TOTL,EMU,_T,_T,_T,_Z,_Z,_Z,2024,A,PS,
928566925,P1Y,0,,A,PU,_Z,2,,,False,WB_WDI,WB_WDI_SP_POP_TOTL,ECS,_T,_T,_T,_Z,_Z,_Z,2024,A,PS,
250394482,P1Y,0,,A,PU,_Z,2,,,False,WB_WDI,WB_WDI_SP_POP_TOTL,ECA,_T,_T,_T,_Z,_Z,_Z,2024,A,PS,
459982788,P1Y,0,,A,PU,_Z,2,,,False,WB_WDI,WB_WDI_SP_POP_TOTL,TEC,_T,_T,_T,_Z,_Z,_Z,2024,A,PS,
511955,P1Y,0,,A,PU,_Z,2,,,False,WB_WDI,WB_WDI_SP_POP_TOTL,CPV,_T,_T,_T,_Z,_Z,_Z,2012,A,PS,
14945085,P1Y,0,,A,PU,_Z,2,,,False,WB_WDI,WB_WDI_SP_POP_TOTL,KHM,_T,_T,_T,_Z,_Z,_Z,2012,A,PS,
20809529,P1Y,0,,A,PU,_Z,2,,,False,WB_WDI,WB_WDI_SP_POP_TOTL,CMR,_T,_T,_T,_Z,_Z,_Z,2012,A,PS,
34713395,P1Y,0,,A,PU,_Z,2,,,False,WB_WDI,WB_WDI_SP_POP_TOTL,CAN,_T,_T,_T,_Z,_Z,_Z,2012,A,PS,
57136,P1Y,0,,A,PU,_Z,2,,,False,WB_WDI,WB_WDI_SP_POP_TOTL,CYM,_T,_T,_T,_Z,_Z,_Z,2012,A,PS,
4610848,P1Y,0,,A,PU,_Z,2,,,False,WB_WDI,WB_WDI_SP_POP_TOTL,CAF,_T,_T,_T,_Z,_Z,_Z,2012,A,PS,
13210998,P1Y,0,,A,PU,_Z,2,,,False,WB_WDI,WB_WDI_SP_POP_TOTL,TCD,_T,_T,_T,_Z,_Z,_Z,2012,A,PS,
160767,P1Y,0,,A,PU,_Z,2,,,False,WB_WDI,WB_WDI_SP_POP_TOTL,CHI,_T,_T,_T,_Z,_Z,_Z,2012,A,PS,
17519119,P1Y,0,,A,PU,_Z,2,,,False,WB_WDI,WB_WDI_SP_POP_TOTL,CHL,_T,_T,_T,_Z,_Z,_Z,2012,A,PS,
1354190000,P1Y,0,,A,PU,_Z,2,,,False,WB_WDI,WB_WDI_SP_POP_TOTL,CHN,_T,_T,_T,_Z,_Z,_Z,2012,A,PS,
45715810,P1Y,0,,A,PU,_Z,2,,,False,WB_WDI,WB_WDI_SP_POP_TOTL,COL,_T,_T,_T,_Z,_Z,_Z,2012,A,PS,
911578015,P1Y,0,,A,PU,_Z,2,,,False,WB_WDI,WB_WDI_SP_POP_TOTL,ECS,_T,_T,_T,_Z,_Z,_Z,2016,A,PS,
242224182,P1Y,0,,A,PU,_Z,2,,,False,WB_WDI,WB_WDI_SP_POP_TOTL,ECA,_T,_T,_T,_Z,_Z,_Z,2016,A,PS,
455913002,P1Y,0,,A,PU,_Z,2,,,False,WB_WDI,WB_WDI_SP_POP_TOTL,TEC,_T,_T,_T,_Z,_Z,_Z,2016,A,PS,
444676652,P1Y,0,,A,PU,_Z,2,,,False,WB_WDI,WB_WDI_SP_POP_TOTL,EUU,_T,_T,_T,_Z,_Z,_Z,2016,A,PS,
756237630,P1Y,0,,A,PU,_Z,2,,,False,WB_WDI,WB_WDI_SP_POP_TOTL,HPC,_T,_T,_T,_Z,_Z,_Z,2016,A,PS,
1374283414,P1Y,0,,A,PU,_Z,2,,,False,WB_WDI,WB_WDI_SP_POP_TOTL,HIC,_T,_T,_T,_Z,_Z,_Z,2016,A,PS,
4721566970,P1Y,0,,A,PU,_Z,2,,,False,WB_WDI,WB_WDI_SP_POP_TOTL,IBD,_T,_T,_T,_Z,_Z,_Z,2016,A,PS,
6359496256,P1Y,0,,A,PU,_Z,2,,,False,WB_WDI,WB_WDI_SP_POP_TOTL,IBT,_T,_T,_T,_Z,_Z,_Z,2016,A,PS,
578463670,P1Y,0,,A,PU,_Z,2,,,False,WB_WDI,WB_WDI_SP_POP_TOTL,IDB,_T,_T,_T,_Z,_Z,_Z,2016,A,PS,
1059465616,P1Y,0,,A,PU,_Z,2,,,False,WB_WDI,WB_WDI_SP_POP_TOTL,IDX,_T,_T,_T,_Z,_Z,_Z,2016,A,PS,
1637929286,P1Y,0,,A,PU,_Z,2,,,False,WB_WDI,WB_WDI_SP_POP_TOTL,IDA,_T,_T,_T,_Z,_Z,_Z,2016,A,PS,
2270841806,P1Y,0,,A,PU,_Z,2,,,False,WB_WDI,WB_WDI_SP_POP_TOTL,LTE,_T,_T,_T,_Z,_Z,_Z,2016,A,PS,
624737786,P1Y,0,,A,PU,_Z,2,,,False,WB_WDI,WB_WDI_SP_POP_TOTL,LCN,_T,_T,_T,_Z,_Z,_Z,2016,A,PS,
3208189,P1Y,0,,A,PU,_Z,2,,,False,WB_WDI,WB_WDI_SP_POP_TOTL,MNG,_T,_T,_T,_Z,_Z,_Z,2018,A,PS,
626438,P1Y,0,,A,PU,_Z,2,,,False,WB_WDI,WB_WDI_SP_POP_TOTL,MNE,_T,_T,_T,_Z,_Z,_Z,2018,A,PS,
35839760,P1Y,0,,A,PU,_Z,2,,,False,WB_WDI,WB_WDI_SP_POP_TOTL,MAR,_T,_T,_T,_Z,_Z,_Z,2018,A,PS,
29018644,P1Y,0,,A,PU,_Z,2,,,False,WB_WDI,WB_WDI_SP_POP_TOTL,MOZ,_T,_T,_T,_Z,_Z,_Z,2018,A,PS,
52272247,P1Y,0,,A,PU,_Z,2,,,False,WB_WDI,WB_WDI_SP_POP_TOTL,MMR,_T,_T,_T,_Z,_Z,_Z,2018,A,PS,
2577327,P1Y,0,,A,PU,_Z,2,,,False,WB_WDI,WB_WDI_SP_POP_TOTL,NAM,_T,_T,_T,_Z,_Z,_Z,2018,A,PS,
11477,P1Y,0,,A,PU,_Z,2,,,False,WB_WDI,WB_WDI_SP_POP_TOTL,NRU,_T,_T,_T,_Z,_Z,_Z,2018,A,PS,
28079689,P1Y,0,,A,PU,_Z,2,,,False,WB_WDI,WB_WDI_SP_POP_TOTL,NPL,_T,_T,_T,_Z,_Z,_Z,2018,A,PS,
17231624,P1Y,0,,A,PU,_Z,2,,,False,WB_WDI,WB_WDI_SP_POP_TOTL,NLD,_T,_T,_T,_Z,_Z,_Z,2018,A,PS,
283541,P1Y,0,,A,PU,_Z,2,,,False,WB_WDI,WB_WDI_SP_POP_TOTL,NCL,_T,_T,_T,_Z,_Z,_Z,2018,A,PS,
4900600,P1Y,0,,A,PU,_Z,2,,,False,WB_WDI,WB_WDI_SP_POP_TOTL,NZL,_T,_T,_T,_Z,_Z,_Z,2018,A,PS,
27464494,P1Y,0,,A,PU,_Z,2,,,False,WB_WDI,WB_WDI_SP_POP_TOTL,NPL,_T,_T,_T,_Z,_Z,_Z,2011,A,PS,
16693074,P1Y,0,,A,PU,_Z,2,,,False,WB_WDI,WB_WDI_SP_POP_TOTL,NLD,_T,_T,_T,_Z,_Z,_Z,2011,A,PS,
266543,P1Y,0,,A,PU,_Z,2,,,False,WB_WDI,WB_WDI_SP_POP_TOTL,NCL,_T,_T,_T,_Z,_Z,_Z,2011,A,PS,
4384000,P1Y,0,,A,PU,_Z,2,,,False,WB_WDI,WB_WDI_SP_POP_TOTL,NZL,_T,_T,_T,_Z,_Z,_Z,2011,A,PS,
5819051,P1Y,0,,A,PU,_Z,2,,,False,WB_WDI,WB_WDI_SP_POP_TOTL,NIC,_T,_T,_T,_Z,_Z,_Z,2011,A,PS,
17176283,P1Y,0,,A,PU,_Z,2,,,False,WB_WDI,WB_WDI_SP_POP_TOTL,NER,_T,_T,_T,_Z,_Z,_Z,2011,A,PS,
171379598,P1Y,0,,A,PU,_Z,2,,,False,WB_WDI,WB_WDI_SP_POP_TOTL,NGA,_T,_T,_T,_Z,_Z,_Z,2011,A,PS,
1937398,P1Y,0,,A,PU,_Z,2,,,False,WB_WDI,WB_WDI_SP_POP_TOTL,MKD,_T,_T,_T,_Z,_Z,_Z,2011,A,PS,
53608,P1Y,0,,A,PU,_Z,2,,,False,WB_WDI,WB_WDI_SP_POP_TOTL,MNP,_T,_T,_T,_Z,_Z,_Z,2011,A,PS,
4953088,P1Y,0,,A,PU,_Z,2,,,False,WB_WDI,WB_WDI_SP_POP_TOTL,NOR,_T,_T,_T,_Z,_Z,_Z,2011,A,PS,
3076763,P1Y,0,,A,PU,_Z,2,,,False,WB_WDI,WB_WDI_SP_POP_TOTL,OMN,_T,_T,_T,_Z,_Z,_Z,2011,A,PS,
203746065,P1Y,0,,A,PU,_Z,2,,,False,WB_WDI,WB_WDI_SP_POP_TOTL,PAK,_T,_T,_T,_Z,_Z,_Z,2011,A,PS,
243220028,P1Y,0,,A,PU,_Z,2,,,False,WB_WDI,WB_WDI_SP_POP_TOTL,IDN,_T,_T,_T,_Z,_Z,_Z,2009,A,PS,
76457825,P1Y,0,,A,PU,_Z,2,,,False,WB_WDI,WB_WDI_SP_POP_TOTL,IRN,_T,_T,_T,_Z,_Z,_Z,2009,A,PS,
30058206,P1Y,0,,A,PU,_Z,2,,,False,WB_WDI,WB_WDI_SP_POP_TOTL,IRQ,_T,_T,_T,_Z,_Z,_Z,2009,A,PS,
4535375,P1Y,0,,A,PU,_Z,2,,,False,WB_WDI,WB_WDI_SP_POP_TOTL,IRL,_T,_T,_T,_Z,_Z,_Z,2009,A,PS,
82939,P1Y,0,,A,PU,_Z,2,,,False,WB_WDI,WB_WDI_SP_POP_TOTL,IMN,_T,_T,_T,_Z,_Z,_Z,2009,A,PS,
7485600,P1Y,0,,A,PU,_Z,2,,,False,WB_WDI,WB_WDI_SP_POP_TOTL,ISR,_T,_T,_T,_Z,_Z,_Z,2009,A,PS,
59555454,P1Y,0,,A,PU,_Z,2,,,False,WB_WDI,WB_WDI_SP_POP_TOTL,ITA,_T,_T,_T,_Z,_Z,_Z,2009,A,PS,
2736995,P1Y,0,,A,PU,_Z,2,,,False,WB_WDI,WB_WDI_SP_POP_TOTL,JAM,_T,_T,_T,_Z,_Z,_Z,2009,A,PS,
128047000,P1Y,0,,A,PU,_Z,2,,,False,WB_WDI,WB_WDI_SP_POP_TOTL,JPN,_T,_T,_T,_Z,_Z,_Z,2009,A,PS,
7141753,P1Y,0,,A,PU,_Z,2,,,False,WB_WDI,WB_WDI_SP_POP_TOTL,JOR,_T,_T,_T,_Z,_Z,_Z,2009,A,PS,
16619846,P1Y,0,,A,PU,_Z,2,,,False,WB_WDI,WB_WDI_SP_POP_TOTL,KAZ,_T,_T,_T,_Z,_Z,_Z,2009,A,PS,
40408891,P1Y,0,,A,PU,_Z,2,,,False,WB_WDI,WB_WDI_SP_POP_TOTL,KEN,_T,_T,_T,_Z,_Z,_Z,2009,A,PS,
37856121,P1Y,0,,A,PU,_Z,2,,,False,WB_WDI,WB_WDI_SP_POP_TOTL,AFG,_T,_T,_T,_Z,_Z,_Z,2019,A,PS,
2567801,P1Y,0,,A,PU,_Z,2,,,False,WB_WDI,WB_WDI_SP_POP_TOTL,ALB,_T,_T,_T,_Z,_Z,_Z,2019,A,PS,
43294546,P1Y,0,,A,PU,_Z,2,,,False,WB_WDI,WB_WDI_SP_POP_TOTL,DZA,_T,_T,_T,_Z,_Z,_Z,2019,A,PS,
50209,P1Y,0,,A,PU,_Z,2,,,False,WB_WDI,WB_WDI_SP_POP_TOTL,ASM,_T,_T,_T,_Z,_Z,_Z,2019,A,PS,
76474,P1Y,0,,A,PU,_Z,2,,,False,WB_WDI,WB_WDI_SP_POP_TOTL,AND,_T,_T,_T,_Z,_Z,_Z,2019,A,PS,
32375632,P1Y,0,,A,PU,_Z,2,,,False,WB_WDI,WB_WDI_SP_POP_TOTL,AGO,_T,_T,_T,_Z,_Z,_Z,2019,A,PS,
91364,P1Y,0,,A,PU,_Z,2,,,False,WB_WDI,WB_WDI_SP_POP_TOTL,ATG,_T,_T,_T,_Z,_Z,_Z,2019,A,PS,
44973465,P1Y,0,,A,PU,_Z,2,,,False,WB_WDI,WB_WDI_SP_POP_TOTL,ARG,_T,_T,_T,_Z,_Z,_Z,2019,A,PS,
2962500,P1Y,0,,A,PU,_Z,2,,,False,WB_WDI,WB_WDI_SP_POP_TOTL,ARM,_T,_T,_T,_Z,_Z,_Z,2019,A,PS,
109203,P1Y,0,,A,PU,_Z,2,,,False,WB_WDI,WB_WDI_SP_POP_TOTL,ABW,_T,_T,_T,_Z,_Z,_Z,2019,A,PS,
25334826,P1Y,0,,A,PU,_Z,2,,,False,WB_WDI,WB_WDI_SP_POP_TOTL,AUS,_T,_T,_T,_Z,_Z,_Z,2019,A,PS,
8879920,P1Y,0,,A,PU,_Z,2,,,False,WB_WDI,WB_WDI_SP_POP_TOTL,AUT,_T,_T,_T,_Z,_Z,_Z,2019,A,PS,
10024283,P1Y,0,,A,PU,_Z,2,,,False,WB_WDI,WB_WDI_SP_POP_TOTL,AZE,_T,_T,_T,_Z,_Z,_Z,2019,A,PS,
2100306,P1Y,0,,A,PU,_Z,2,,,False,WB_WDI,WB_WDI_SP_POP_TOTL,GAB,_T,_T,_T,_Z,_Z,_Z,2016,A,PS,
2283769,P1Y,0,,A,PU,_Z,2,,,False,WB_WDI,WB_WDI_SP_POP_TOTL,GMB,_T,_T,_T,_Z,_Z,_Z,2016,A,PS,
3727505,P1Y,0,,A,PU,_Z,2,,,False,WB_WDI,WB_WDI_SP_POP_TOTL,GEO,_T,_T,_T,_Z,_Z,_Z,2016,A,PS,
82348669,P1Y,0,,A,PU,_Z,2,,,False,WB_WDI,WB_WDI_SP_POP_TOTL,DEU,_T,_T,_T,_Z,_Z,_Z,2016,A,PS,
29356742,P1Y,0,,A,PU,_Z,2,,,False,WB_WDI,WB_WDI_SP_POP_TOTL,GHA,_T,_T,_T,_Z,_Z,_Z,2016,A,PS,
33658,P1Y,0,,A,PU,_Z,2,,,False,WB_WDI,WB_WDI_SP_POP_TOTL,GIB,_T,_T,_T,_Z,_Z,_Z,2016,A,PS,
10775971,P1Y,0,,A,PU,_Z,2,,,False,WB_WDI,WB_WDI_SP_POP_TOTL,GRC,_T,_T,_T,_Z,_Z,_Z,2016,A,PS,
56186,P1Y,0,,A,PU,_Z,2,,,False,WB_WDI,WB_WDI_SP_POP_TOTL,GRL,_T,_T,_T,_Z,_Z,_Z,2016,A,PS,
115130,P1Y,0,,A,PU,_Z,2,,,False,WB_WDI,WB_WDI_SP_POP_TOTL,GRD,_T,_T,_T,_Z,_Z,_Z,2016,A,PS,
164233,P1Y,0,,A,PU,_Z,2,,,False,WB_WDI,WB_WDI_SP_POP_TOTL,GUM,_T,_T,_T,_Z,_Z,_Z,2016,A,PS,
16268760,P1Y,0,,A,PU,_Z,2,,,False,WB_WDI,WB_WDI_SP_POP_TOTL,GTM,_T,_T,_T,_Z,_Z,_Z,2016,A,PS,
12073030,P1Y,0,,A,PU,_Z,2,,,False,WB_WDI,WB_WDI_SP_POP_TOTL,GIN,_T,_T,_T,_Z,_Z,_Z,2016,A,PS,
19668066,P1Y,0,,A,PU,_Z,2,,,False,WB_WDI,WB_WDI_SP_POP_TOTL,CMR,_T,_T,_T,_Z,_Z,_Z,2010,A,PS,
34005902,P1Y,0,,A,PU,_Z,2,,,False,WB_WDI,WB_WDI_SP_POP_TOTL,CAN,_T,_T,_T,_Z,_Z,_Z,2010,A,PS,
54099,P1Y,0,,A,PU,_Z,2,,,False,WB_WDI,WB_WDI_SP_POP_TOTL,CYM,_T,_T,_T,_Z,_Z,_Z,2010,A,PS,
4492995,P1Y,0,,A,PU,_Z,2,,,False,WB_WDI,WB_WDI_SP_POP_TOTL,CAF,_T,_T,_T,_Z,_Z,_Z,2010,A,PS,
12312575,P1Y,0,,A,PU,_Z,2,,,False,WB_WDI,WB_WDI_SP_POP_TOTL,TCD,_T,_T,_T,_Z,_Z,_Z,2010,A,PS,
158621,P1Y,0,,A,PU,_Z,2,,,False,WB_WDI,WB_WDI_SP_POP_TOTL,CHI,_T,_T,_T,_Z,_Z,_Z,2010,A,PS,
17181464,P1Y,0,,A,PU,_Z,2,,,False,WB_WDI,WB_WDI_SP_POP_TOTL,CHL,_T,_T,_T,_Z,_Z,_Z,2010,A,PS,
1337705000,P1Y,0,,A,PU,_Z,2,,,False,WB_WDI,WB_WDI_SP_POP_TOTL,CHN,_T,_T,_T,_Z,_Z,_Z,2010,A,PS,
44777319,P1Y,0,,A,PU,_Z,2,,,False,WB_WDI,WB_WDI_SP_POP_TOTL,COL,_T,_T,_T,_Z,_Z,_Z,2010,A,PS,
654836,P1Y,0,,A,PU,_Z,2,,,False,WB_WDI,WB_WDI_SP_POP_TOTL,COM,_T,_T,_T,_Z,_Z,_Z,2010,A,PS,
68563038,P1Y,0,,A,PU,_Z,2,,,False,WB_WDI,WB_WDI_SP_POP_TOTL,COD,_T,_T,_T,_Z,_Z,_Z,2010,A,PS,
4462290,P1Y,0,,A,PU,_Z,2,,,False,WB_WDI,WB_WDI_SP_POP_TOTL,COG,_T,_T,_T,_Z,_Z,_Z,2010,A,PS,
28041592,P1Y,0,,A,PU,_Z,2,,,False,WB_WDI,WB_WDI_SP_POP_TOTL,GHA,_T,_T,_T,_Z,_Z,_Z,2014,A,PS,
32813,P1Y,0,,A,PU,_Z,2,,,False,WB_WDI,WB_WDI_SP_POP_TOTL,GIB,_T,_T,_T,_Z,_Z,_Z,2014,A,PS,
10892413,P1Y,0,,A,PU,_Z,2,,,False,WB_WDI,WB_WDI_SP_POP_TOTL,GRC,_T,_T,_T,_Z,_Z,_Z,2014,A,PS,
56295,P1Y,0,,A,PU,_Z,2,,,False,WB_WDI,WB_WDI_SP_POP_TOTL,GRL,_T,_T,_T,_Z,_Z,_Z,2014,A,PS,
114132,P1Y,0,,A,PU,_Z,2,,,False,WB_WDI,WB_WDI_SP_POP_TOTL,GRD,_T,_T,_T,_Z,_Z,_Z,2014,A,PS,
165486,P1Y,0,,A,PU,_Z,2,,,False,WB_WDI,WB_WDI_SP_POP_TOTL,GUM,_T,_T,_T,_Z,_Z,_Z,2014,A,PS,
15681725,P1Y,0,,A,PU,_Z,2,,,False,WB_WDI,WB_WDI_SP_POP_TOTL,GTM,_T,_T,_T,_Z,_Z,_Z,2014,A,PS,
11472924,P1Y,0,,A,PU,_Z,2,,,False,WB_WDI,WB_WDI_SP_POP_TOTL,GIN,_T,_T,_T,_Z,_Z,_Z,2014,A,PS,
1741122,P1Y,0,,A,PU,_Z,2,,,False,WB_WDI,WB_WDI_SP_POP_TOTL,GNB,_T,_T,_T,_Z,_Z,_Z,2014,A,PS,
754229,P1Y,0,,A,PU,_Z,2,,,False,WB_WDI,WB_WDI_SP_POP_TOTL,GUY,_T,_T,_T,_Z,_Z,_Z,2014,A,PS,
10373235,P1Y,0,,A,PU,_Z,2,,,False,WB_WDI,WB_WDI_SP_POP_TOTL,HTI,_T,_T,_T,_Z,_Z,_Z,2014,A,PS,
9063122,P1Y,0,,A,PU,_Z,2,,,False,WB_WDI,WB_WDI_SP_POP_TOTL,HND,_T,_T,_T,_Z,_Z,_Z,2014,A,PS,
7229500,P1Y,0,,A,PU,_Z,2,,,False,WB_WDI,WB_WDI_SP_POP_TOTL,HKG,_T,_T,_T,_Z,_Z,_Z,2014,A,PS,
19983693,P1Y,0,,A,PU,_Z,2,,,False,WB_WDI,WB_WDI_SP_POP_TOTL,ROU,_T,_T,_T,_Z,_Z,_Z,2013,A,PS,
143805638,P1Y,0,,A,PU,_Z,2,,,False,WB_WDI,WB_WDI_SP_POP_TOTL,RUS,_T,_T,_T,_Z,_Z,_Z,2013,A,PS,
11093340,P1Y,0,,A,PU,_Z,2,,,False,WB_WDI,WB_WDI_SP_POP_TOTL,RWA,_T,_T,_T,_Z,_Z,_Z,2013,A,PS,
198268,P1Y,0,,A,PU,_Z,2,,,False,WB_WDI,WB_WDI_SP_POP_TOTL,WSM,_T,_T,_T,_Z,_Z,_Z,2013,A,PS,
33041,P1Y,0,,A,PU,_Z,2,,,False,WB_WDI,WB_WDI_SP_POP_TOTL,SMR,_T,_T,_T,_Z,_Z,_Z,2013,A,PS,
193148,P1Y,0,,A,PU,_Z,2,,,False,WB_WDI,WB_WDI_SP_POP_TOTL,STP,_T,_T,_T,_Z,_Z,_Z,2013,A,PS,
27624004,P1Y,0,,A,PU,_Z,2,,,False,WB_WDI,WB_WDI_SP_POP_TOTL,SAU,_T,_T,_T,_Z,_Z,_Z,2013,A,PS,
13710849,P1Y,0,,A,PU,_Z,2,,,False,WB_WDI,WB_WDI_SP_POP_TOTL,SEN,_T,_T,_T,_Z,_Z,_Z,2013,A,PS,
7166553,P1Y,0,,A,PU,_Z,2,,,False,WB_WDI,WB_WDI_SP_POP_TOTL,SRB,_T,_T,_T,_Z,_Z,_Z,2013,A,PS,
89949,P1Y,0,,A,PU,_Z,2,,,False,WB_WDI,WB_WDI_SP_POP_TOTL,SYC,_T,_T,_T,_Z,_Z,_Z,2013,A,PS,
6714051,P1Y,0,,A,PU,_Z,2,,,False,WB_WDI,WB_WDI_SP_POP_TOTL,SLE,_T,_T,_T,_Z,_Z,_Z,2013,A,PS,
5399162,P1Y,0,,A,PU,_Z,2,,,False,WB_WDI,WB_WDI_SP_POP_TOTL,SGP,_T,_T,_T,_Z,_Z,_Z,2013,A,PS,
43888303,P1Y,0,,A,PU,_Z,2,,,False,WB_WDI,WB_WDI_SP_POP_TOTL,KEN,_T,_T,_T,_Z,_Z,_Z,2012,A,PS,
112284,P1Y,0,,A,PU,_Z,2,,,False,WB_WDI,WB_WDI_SP_POP_TOTL,KIR,_T,_T,_T,_Z,_Z,_Z,2012,A,PS,
25211728,P1Y,0,,A,PU,_Z,2,,,False,WB_WDI,WB_WDI_SP_POP_TOTL,PRK,_T,_T,_T,_Z,_Z,_Z,2012,A,PS,
50199853,P1Y,0,,A,PU,_Z,2,,,False,WB_WDI,WB_WDI_SP_POP_TOTL,KOR,_T,_T,_T,_Z,_Z,_Z,2012,A,PS,
1807126,P1Y,0,,A,PU,_Z,2,,,False,WB_WDI,WB_WDI_SP_POP_TOTL,XKX,_T,_T,_T,_Z,_Z,_Z,2012,A,PS,
3337109,P1Y,0,,A,PU,_Z,2,,,False,WB_WDI,WB_WDI_SP_POP_TOTL,KWT,_T,_T,_T,_Z,_Z,_Z,2012,A,PS,
5652076,P1Y,0,,A,PU,_Z,2,,,False,WB_WDI,WB_WDI_SP_POP_TOTL,KGZ,_T,_T,_T,_Z,_Z,_Z,2012,A,PS,
6518978,P1Y,0,,A,PU,_Z,2,,,False,WB_WDI,WB_WDI_SP_POP_TOTL,LAO,_T,_T,_T,_Z,_Z,_Z,2012,A,PS,
2034319,P1Y,0,,A,PU,_Z,2,,,False,WB_WDI,WB_WDI_SP_POP_TOTL,LVA,_T,_T,_T,_Z,_Z,_Z,2012,A,PS,
5235742,P1Y,0,,A,PU,_Z,2,,,False,WB_WDI,WB_WDI_SP_POP_TOTL,LBN,_T,_T,_T,_Z,_Z,_Z,2012,A,PS,
2034354,P1Y,0,,A,PU,_Z,2,,,False,WB_WDI,WB_WDI_SP_POP_TOTL,LSO,_T,_T,_T,_Z,_Z,_Z,2012,A,PS,
4373043,P1Y,0,,A,PU,_Z,2,,,False,WB_WDI,WB_WDI_SP_POP_TOTL,LBR,_T,_T,_T,_Z,_Z,_Z,2012,A,PS,
414935066,P1Y,0,,A,PU,_Z,2,,,False,WB_WDI,WB_WDI_SP_POP_TOTL,IDB,_T,_T,_T,_Z,_Z,_Z,2002,A,PS,
774595562,P1Y,0,,A,PU,_Z,2,,,False,WB_WDI,WB_WDI_SP_POP_TOTL,IDX,_T,_T,_T,_Z,_Z,_Z,2002,A,PS,
1189530628,P1Y,0,,A,PU,_Z,2,,,False,WB_WDI,WB_WDI_SP_POP_TOTL,IDA,_T,_T,_T,_Z,_Z,_Z,2002,A,PS,
2072599555,P1Y,0,,A,PU,_Z,2,,,False,WB_WDI,WB_WDI_SP_POP_TOTL,LTE,_T,_T,_T,_Z,_Z,_Z,2002,A,PS,
534691591,P1Y,0,,A,PU,_Z,2,,,False,WB_WDI,WB_WDI_SP_POP_TOTL,LCN,_T,_T,_T,_Z,_Z,_Z,2002,A,PS,
501234679,P1Y,0,,A,PU,_Z,2,,,False,WB_WDI,WB_WDI_SP_POP_TOTL,LAC,_T,_T,_T,_Z,_Z,_Z,2002,A,PS,
518881965,P1Y,0,,A,PU,_Z,2,,,False,WB_WDI,WB_WDI_SP_POP_TOTL,TLA,_T,_T,_T,_Z,_Z,_Z,2002,A,PS,
706880665,P1Y,0,,A,PU,_Z,2,,,False,WB_WDI,WB_WDI_SP_POP_TOTL,LDC,_T,_T,_T,_Z,_Z,_Z,2002,A,PS,
5058611691,P1Y,0,,A,PU,_Z,2,,,False,WB_WDI,WB_WDI_SP_POP_TOTL,LMY,_T,_T,_T,_Z,_Z,_Z,2002,A,PS,
407257571,P1Y,0,,A,PU,_Z,2,,,False,WB_WDI,WB_WDI_SP_POP_TOTL,LIC,_T,_T,_T,_Z,_Z,_Z,2002,A,PS,
2054637039,P1Y,0,,A,PU,_Z,2,,,False,WB_WDI,WB_WDI_SP_POP_TOTL,LMC,_T,_T,_T,_Z,_Z,_Z,2002,A,PS,
518193093,P1Y,0,,A,PU,_Z,2,,,False,WB_WDI,WB_WDI_SP_POP_TOTL,MEA,_T,_T,_T,_Z,_Z,_Z,2002,A,PS,
483540516,P1Y,0,,A,PU,_Z,2,,,False,WB_WDI,WB_WDI_SP_POP_TOTL,MNA,_T,_T,_T,_Z,_Z,_Z,2002,A,PS,
480465143,P1Y,0,,A,PU,_Z,2,,,False,WB_WDI,WB_WDI_SP_POP_TOTL,TMN,_T,_T,_T,_Z,_Z,_Z,2002,A,PS,
4651354120,P1Y,0,,A,PU,_Z,2,,,False,WB_WDI,WB_WDI_SP_POP_TOTL,MIC,_T,_T,_T,_Z,_Z,_Z,2002,A,PS,
17797,P1Y,0,,A,PU,_Z,2,,,False,WB_WDI,WB_WDI_SP_POP_TOTL,PLW,_T,_T,_T,_Z,_Z,_Z,2016,A,PS,
4029086,P1Y,0,,A,PU,_Z,2,,,False,WB_WDI,WB_WDI_SP_POP_TOTL,PAN,_T,_T,_T,_Z,_Z,_Z,2016,A,PS,
8961718,P1Y,0,,A,PU,_Z,2,,,False,WB_WDI,WB_WDI_SP_POP_TOTL,PNG,_T,_T,_T,_Z,_Z,_Z,2016,A,PS,
6249126,P1Y,0,,A,PU,_Z,2,,,False,WB_WDI,WB_WDI_SP_POP_TOTL,PRY,_T,_T,_T,_Z,_Z,_Z,2016,A,PS,
30866494,P1Y,0,,A,PU,_Z,2,,,False,WB_WDI,WB_WDI_SP_POP_TOTL,PER,_T,_T,_T,_Z,_Z,_Z,2016,A,PS,
106735719,P1Y,0,,A,PU,_Z,2,,,False,WB_WDI,WB_WDI_SP_POP_TOTL,PHL,_T,_T,_T,_Z,_Z,_Z,2016,A,PS,
37970087,P1Y,0,,A,PU,_Z,2,,,False,WB_WDI,WB_WDI_SP_POP_TOTL,POL,_T,_T,_T,_Z,_Z,_Z,2016,A,PS,
10325452,P1Y,0,,A,PU,_Z,2,,,False,WB_WDI,WB_WDI_SP_POP_TOTL,PRT,_T,_T,_T,_Z,_Z,_Z,2016,A,PS,
3480432,P1Y,0,,A,PU,_Z,2,,,False,WB_WDI,WB_WDI_SP_POP_TOTL,PRI,_T,_T,_T,_Z,_Z,_Z,2016,A,PS,
2477113,P1Y,0,,A,PU,_Z,2,,,False,WB_WDI,WB_WDI_SP_POP_TOTL,QAT,_T,_T,_T,_Z,_Z,_Z,2016,A,PS,
19702267,P1Y,0,,A,PU,_Z,2,,,False,WB_WDI,WB_WDI_SP_POP_TOTL,ROU,_T,_T,_T,_Z,_Z,_Z,2016,A,PS,
12804058,P1Y,0,,A,PU,_Z,2,,,False,WB_WDI,WB_WDI_SP_POP_TOTL,ZWE,_T,_T,_T,_Z,_Z,_Z,2007,A,PS,
502070763,P1Y,0,,A,PU,_Z,2,,,False,WB_WDI,WB_WDI_SP_POP_TOTL,AFE,_T,_T,_T,_Z,_Z,_Z,2008,A,PS,
344153435,P1Y,0,,A,PU,_Z,2,,,False,WB_WDI,WB_WDI_SP_POP_TOTL,AFW,_T,_T,_T,_Z,_Z,_Z,2008,A,PS,
347684619,P1Y,0,,A,PU,_Z,2,,,False,WB_WDI,WB_WDI_SP_POP_TOTL,ARB,_T,_T,_T,_Z,_Z,_Z,2008,A,PS,
4124966,P1Y,0,,A,PU,_Z,2,,,False,WB_WDI,WB_WDI_SP_POP_TOTL,CSS,_T,_T,_T,_Z,_Z,_Z,2008,A,PS,
105001883,P1Y,0,,A,PU,_Z,2,,,False,WB_WDI,WB_WDI_SP_POP_TOTL,CEB,_T,_T,_T,_Z,_Z,_Z,2008,A,PS,
2875943965,P1Y,0,,A,PU,_Z,2,,,False,WB_WDI,WB_WDI_SP_POP_TOTL,EAR,_T,_T,_T,_Z,_Z,_Z,2008,A,PS,
2183472438,P1Y,0,,A,PU,_Z,2,,,False,WB_WDI,WB_WDI_SP_POP_TOTL,EAS,_T,_T,_T,_Z,_Z,_Z,2008,A,PS,
1944305887,P1Y,0,,A,PU,_Z,2,,,False,WB_WDI,WB_WDI_SP_POP_TOTL,EAP,_T,_T,_T,_Z,_Z,_Z,2008,A,PS,
1919570287,P1Y,0,,A,PU,_Z,2,,,False,WB_WDI,WB_WDI_SP_POP_TOTL,TEA,_T,_T,_T,_Z,_Z,_Z,2008,A,PS,
346471036,P1Y,0,,A,PU,_Z,2,,,False,WB_WDI,WB_WDI_SP_POP_TOTL,EMU,_T,_T,_T,_Z,_Z,_Z,2008,A,PS,
884224673,P1Y,0,,A,PU,_Z,2,,,False,WB_WDI,WB_WDI_SP_POP_TOTL,ECS,_T,_T,_T,_Z,_Z,_Z,2008,A,PS,
226524480,P1Y,0,,A,PU,_Z,2,,,False,WB_WDI,WB_WDI_SP_POP_TOTL,ECA,_T,_T,_T,_Z,_Z,_Z,2008,A,PS,
439732746,P1Y,0,,A,PU,_Z,2,,,False,WB_WDI,WB_WDI_SP_POP_TOTL,TEC,_T,_T,_T,_Z,_Z,_Z,2008,A,PS,
440270719,P1Y,0,,A,PU,_Z,2,,,False,WB_WDI,WB_WDI_SP_POP_TOTL,EUU,_T,_T,_T,_Z,_Z,_Z,2008,A,PS,
603575028,P1Y,0,,A,PU,_Z,2,,,False,WB_WDI,WB_WDI_SP_POP_TOTL,HPC,_T,_T,_T,_Z,_Z,_Z,2008,A,PS,
1314671040,P1Y,0,,A,PU,_Z,2,,,False,WB_WDI,WB_WDI_SP_POP_TOTL,HIC,_T,_T,_T,_Z,_Z,_Z,2008,A,PS,
4346234014,P1Y,0,,A,PU,_Z,2,,,False,WB_WDI,WB_WDI_SP_POP_TOTL,IBD,_T,_T,_T,_Z,_Z,_Z,2008,A,PS,
5719633233,P1Y,0,,A,PU,_Z,2,,,False,WB_WDI,WB_WDI_SP_POP_TOTL,IBT,_T,_T,_T,_Z,_Z,_Z,2008,A,PS,
482975881,P1Y,0,,A,PU,_Z,2,,,False,WB_WDI,WB_WDI_SP_POP_TOTL,IDB,_T,_T,_T,_Z,_Z,_Z,2008,A,PS,
890423338,P1Y,0,,A,PU,_Z,2,,,False,WB_WDI,WB_WDI_SP_POP_TOTL,IDX,_T,_T,_T,_Z,_Z,_Z,2008,A,PS,
1373399219,P1Y,0,,A,PU,_Z,2,,,False,WB_WDI,WB_WDI_SP_POP_TOTL,IDA,_T,_T,_T,_Z,_Z,_Z,2008,A,PS,
2153941306,P1Y,0,,A,PU,_Z,2,,,False,WB_WDI,WB_WDI_SP_POP_TOTL,LTE,_T,_T,_T,_Z,_Z,_Z,2008,A,PS,
574908733,P1Y,0,,A,PU,_Z,2,,,False,WB_WDI,WB_WDI_SP_POP_TOTL,LCN,_T,_T,_T,_Z,_Z,_Z,2008,A,PS,
539713061,P1Y,0,,A,PU,_Z,2,,,False,WB_WDI,WB_WDI_SP_POP_TOTL,LAC,_T,_T,_T,_Z,_Z,_Z,2008,A,PS,
558968822,P1Y,0,,A,PU,_Z,2,,,False,WB_WDI,WB_WDI_SP_POP_TOTL,TLA,_T,_T,_T,_Z,_Z,_Z,2008,A,PS,
815835455,P1Y,0,,A,PU,_Z,2,,,False,WB_WDI,WB_WDI_SP_POP_TOTL,LDC,_T,_T,_T,_Z,_Z,_Z,2008,A,PS,
5515409827,P1Y,0,,A,PU,_Z,2,,,False,WB_WDI,WB_WDI_SP_POP_TOTL,LMY,_T,_T,_T,_Z,_Z,_Z,2008,A,PS,
545805913,P1Y,0,,A,PU,_Z,2,,,False,WB_WDI,WB_WDI_SP_POP_TOTL,TLA,_T,_T,_T,_Z,_Z,_Z,2006,A,PS,
778789026,P1Y,0,,A,PU,_Z,2,,,False,WB_WDI,WB_WDI_SP_POP_TOTL,LDC,_T,_T,_T,_Z,_Z,_Z,2006,A,PS,
5362644527,P1Y,0,,A,PU,_Z,2,,,False,WB_WDI,WB_WDI_SP_POP_TOTL,LMY,_T,_T,_T,_Z,_Z,_Z,2006,A,PS,
457733823,P1Y,0,,A,PU,_Z,2,,,False,WB_WDI,WB_WDI_SP_POP_TOTL,LIC,_T,_T,_T,_Z,_Z,_Z,2006,A,PS,
2213010272,P1Y,0,,A,PU,_Z,2,,,False,WB_WDI,WB_WDI_SP_POP_TOTL,LMC,_T,_T,_T,_Z,_Z,_Z,2006,A,PS,
569898499,P1Y,0,,A,PU,_Z,2,,,False,WB_WDI,WB_WDI_SP_POP_TOTL,MEA,_T,_T,_T,_Z,_Z,_Z,2006,A,PS,
529158464,P1Y,0,,A,PU,_Z,2,,,False,WB_WDI,WB_WDI_SP_POP_TOTL,MNA,_T,_T,_T,_Z,_Z,_Z,2006,A,PS,
525752130,P1Y,0,,A,PU,_Z,2,,,False,WB_WDI,WB_WDI_SP_POP_TOTL,TMN,_T,_T,_T,_Z,_Z,_Z,2006,A,PS,
4904910704,P1Y,0,,A,PU,_Z,2,,,False,WB_WDI,WB_WDI_SP_POP_TOTL,MIC,_T,_T,_T,_Z,_Z,_Z,2006,A,PS,
331013939,P1Y,0,,A,PU,_Z,2,,,False,WB_WDI,WB_WDI_SP_POP_TOTL,NAC,_T,_T,_T,_Z,_Z,_Z,2006,A,PS,
1255746646,P1Y,0,,A,PU,_Z,2,,,False,WB_WDI,WB_WDI_SP_POP_TOTL,OED,_T,_T,_T,_Z,_Z,_Z,2006,A,PS,
10601352,P1Y,0,,A,PU,_Z,2,,,False,WB_WDI,WB_WDI_SP_POP_TOTL,OSS,_T,_T,_T,_Z,_Z,_Z,2006,A,PS,
2194265,P1Y,0,,A,PU,_Z,2,,,False,WB_WDI,WB_WDI_SP_POP_TOTL,PSS,_T,_T,_T,_Z,_Z,_Z,2006,A,PS,
1052866351,P1Y,0,,A,PU,_Z,2,,,False,WB_WDI,WB_WDI_SP_POP_TOTL,PST,_T,_T,_T,_Z,_Z,_Z,2006,A,PS,
10060432,P1Y,0,,A,PU,_Z,2,,,False,WB_WDI,WB_WDI_SP_POP_TOTL,RWA,_T,_T,_T,_Z,_Z,_Z,2009,A,PS,
191513,P1Y,0,,A,PU,_Z,2,,,False,WB_WDI,WB_WDI_SP_POP_TOTL,WSM,_T,_T,_T,_Z,_Z,_Z,2009,A,PS,
33066,P1Y,0,,A,PU,_Z,2,,,False,WB_WDI,WB_WDI_SP_POP_TOTL,SMR,_T,_T,_T,_Z,_Z,_Z,2009,A,PS,
177853,P1Y,0,,A,PU,_Z,2,,,False,WB_WDI,WB_WDI_SP_POP_TOTL,STP,_T,_T,_T,_Z,_Z,_Z,2009,A,PS,
24217654,P1Y,0,,A,PU,_Z,2,,,False,WB_WDI,WB_WDI_SP_POP_TOTL,SAU,_T,_T,_T,_Z,_Z,_Z,2009,A,PS,
12337389,P1Y,0,,A,PU,_Z,2,,,False,WB_WDI,WB_WDI_SP_POP_TOTL,SEN,_T,_T,_T,_Z,_Z,_Z,2009,A,PS,
7320807,P1Y,0,,A,PU,_Z,2,,,False,WB_WDI,WB_WDI_SP_POP_TOTL,SRB,_T,_T,_T,_Z,_Z,_Z,2009,A,PS,
87298,P1Y,0,,A,PU,_Z,2,,,False,WB_WDI,WB_WDI_SP_POP_TOTL,SYC,_T,_T,_T,_Z,_Z,_Z,2009,A,PS,
6055646,P1Y,0,,A,PU,_Z,2,,,False,WB_WDI,WB_WDI_SP_POP_TOTL,SLE,_T,_T,_T,_Z,_Z,_Z,2009,A,PS,
4987573,P1Y,0,,A,PU,_Z,2,,,False,WB_WDI,WB_WDI_SP_POP_TOTL,SGP,_T,_T,_T,_Z,_Z,_Z,2009,A,PS,
33491,P1Y,0,,A,PU,_Z,2,,,False,WB_WDI,WB_WDI_SP_POP_TOTL,SXM,_T,_T,_T,_Z,_Z,_Z,2009,A,PS,
5386406,P1Y,0,,A,PU,_Z,2,,,False,WB_WDI,WB_WDI_SP_POP_TOTL,SVK,_T,_T,_T,_Z,_Z,_Z,2009,A,PS,
2039669,P1Y,0,,A,PU,_Z,2,,,False,WB_WDI,WB_WDI_SP_POP_TOTL,SVN,_T,_T,_T,_Z,_Z,_Z,2009,A,PS,
261799249,P1Y,0,,A,PU,_Z,2,,,False,WB_WDI,WB_WDI_SP_POP_TOTL,IDN,_T,_T,_T,_Z,_Z,_Z,2015,A,PS,
82619362,P1Y,0,,A,PU,_Z,2,,,False,WB_WDI,WB_WDI_SP_POP_TOTL,IRN,_T,_T,_T,_Z,_Z,_Z,2015,A,PS,
37560535,P1Y,0,,A,PU,_Z,2,,,False,WB_WDI,WB_WDI_SP_POP_TOTL,IRQ,_T,_T,_T,_Z,_Z,_Z,2015,A,PS,
4701957,P1Y,0,,A,PU,_Z,2,,,False,WB_WDI,WB_WDI_SP_POP_TOTL,IRL,_T,_T,_T,_Z,_Z,_Z,2015,A,PS,
83593,P1Y,0,,A,PU,_Z,2,,,False,WB_WDI,WB_WDI_SP_POP_TOTL,IMN,_T,_T,_T,_Z,_Z,_Z,2015,A,PS,
8380100,P1Y,0,,A,PU,_Z,2,,,False,WB_WDI,WB_WDI_SP_POP_TOTL,ISR,_T,_T,_T,_Z,_Z,_Z,2015,A,PS,
60229605,P1Y,0,,A,PU,_Z,2,,,False,WB_WDI,WB_WDI_SP_POP_TOTL,ITA,_T,_T,_T,_Z,_Z,_Z,2015,A,PS,
2802534,P1Y,0,,A,PU,_Z,2,,,False,WB_WDI,WB_WDI_SP_POP_TOTL,JAM,_T,_T,_T,_Z,_Z,_Z,2015,A,PS,
127141000,P1Y,0,,A,PU,_Z,2,,,False,WB_WDI,WB_WDI_SP_POP_TOTL,JPN,_T,_T,_T,_Z,_Z,_Z,2015,A,PS,
9544729,P1Y,0,,A,PU,_Z,2,,,False,WB_WDI,WB_WDI_SP_POP_TOTL,JOR,_T,_T,_T,_Z,_Z,_Z,2015,A,PS,
18084169,P1Y,0,,A,PU,_Z,2,,,False,WB_WDI,WB_WDI_SP_POP_TOTL,KAZ,_T,_T,_T,_Z,_Z,_Z,2015,A,PS,
207667125,P1Y,0,,A,PU,_Z,2,,,False,WB_WDI,WB_WDI_SP_POP_TOTL,PAK,_T,_T,_T,_Z,_Z,_Z,2012,A,PS,
17765,P1Y,0,,A,PU,_Z,2,,,False,WB_WDI,WB_WDI_SP_POP_TOTL,PLW,_T,_T,_T,_Z,_Z,_Z,2012,A,PS,
3759256,P1Y,0,,A,PU,_Z,2,,,False,WB_WDI,WB_WDI_SP_POP_TOTL,PAN,_T,_T,_T,_Z,_Z,_Z,2012,A,PS,
8081390,P1Y,0,,A,PU,_Z,2,,,False,WB_WDI,WB_WDI_SP_POP_TOTL,PNG,_T,_T,_T,_Z,_Z,_Z,2012,A,PS,
5897008,P1Y,0,,A,PU,_Z,2,,,False,WB_WDI,WB_WDI_SP_POP_TOTL,PRY,_T,_T,_T,_Z,_Z,_Z,2012,A,PS,
29550366,P1Y,0,,A,PU,_Z,2,,,False,WB_WDI,WB_WDI_SP_POP_TOTL,PER,_T,_T,_T,_Z,_Z,_Z,2012,A,PS,
100175512,P1Y,0,,A,PU,_Z,2,,,False,WB_WDI,WB_WDI_SP_POP_TOTL,PHL,_T,_T,_T,_Z,_Z,_Z,2012,A,PS,
38063164,P1Y,0,,A,PU,_Z,2,,,False,WB_WDI,WB_WDI_SP_POP_TOTL,POL,_T,_T,_T,_Z,_Z,_Z,2012,A,PS,
10514844,P1Y,0,,A,PU,_Z,2,,,False,WB_WDI,WB_WDI_SP_POP_TOTL,PRT,_T,_T,_T,_Z,_Z,_Z,2012,A,PS,
3661045,P1Y,0,,A,PU,_Z,2,,,False,WB_WDI,WB_WDI_SP_POP_TOTL,PRI,_T,_T,_T,_Z,_Z,_Z,2012,A,PS,
1722438,P1Y,0,,A,PU,_Z,2,,,False,WB_WDI,WB_WDI_SP_POP_TOTL,QAT,_T,_T,_T,_Z,_Z,_Z,2012,A,PS,
28284089,P1Y,0,,A,PU,_Z,2,,,False,WB_WDI,WB_WDI_SP_POP_TOTL,AFG,_T,_T,_T,_Z,_Z,_Z,2010,A,PS,
2913021,P1Y,0,,A,PU,_Z,2,,,False,WB_WDI,WB_WDI_SP_POP_TOTL,ALB,_T,_T,_T,_Z,_Z,_Z,2010,A,PS,
36188236,P1Y,0,,A,PU,_Z,2,,,False,WB_WDI,WB_WDI_SP_POP_TOTL,DZA,_T,_T,_T,_Z,_Z,_Z,2010,A,PS,
55228,P1Y,0,,A,PU,_Z,2,,,False,WB_WDI,WB_WDI_SP_POP_TOTL,ASM,_T,_T,_T,_Z,_Z,_Z,2010,A,PS,
80706,P1Y,0,,A,PU,_Z,2,,,False,WB_WDI,WB_WDI_SP_POP_TOTL,AND,_T,_T,_T,_Z,_Z,_Z,2010,A,PS,
23294825,P1Y,0,,A,PU,_Z,2,,,False,WB_WDI,WB_WDI_SP_POP_TOTL,AGO,_T,_T,_T,_Z,_Z,_Z,2010,A,PS,
85320,P1Y,0,,A,PU,_Z,2,,,False,WB_WDI,WB_WDI_SP_POP_TOTL,ATG,_T,_T,_T,_Z,_Z,_Z,2010,A,PS,
41288694,P1Y,0,,A,PU,_Z,2,,,False,WB_WDI,WB_WDI_SP_POP_TOTL,ARG,_T,_T,_T,_Z,_Z,_Z,2010,A,PS,
3044800,P1Y,0,,A,PU,_Z,2,,,False,WB_WDI,WB_WDI_SP_POP_TOTL,ARM,_T,_T,_T,_Z,_Z,_Z,2010,A,PS,
101838,P1Y,0,,A,PU,_Z,2,,,False,WB_WDI,WB_WDI_SP_POP_TOTL,ABW,_T,_T,_T,_Z,_Z,_Z,2010,A,PS,
22031750,P1Y,0,,A,PU,_Z,2,,,False,WB_WDI,WB_WDI_SP_POP_TOTL,AUS,_T,_T,_T,_Z,_Z,_Z,2010,A,PS,
8363404,P1Y,0,,A,PU,_Z,2,,,False,WB_WDI,WB_WDI_SP_POP_TOTL,AUT,_T,_T,_T,_Z,_Z,_Z,2010,A,PS,
111254,P1Y,0,,A,PU,_Z,2,,,False,WB_WDI,WB_WDI_SP_POP_TOTL,GRD,_T,_T,_T,_Z,_Z,_Z,2009,A,PS,
166173,P1Y,0,,A,PU,_Z,2,,,False,WB_WDI,WB_WDI_SP_POP_TOTL,GUM,_T,_T,_T,_Z,_Z,_Z,2009,A,PS,
14215611,P1Y,0,,A,PU,_Z,2,,,False,WB_WDI,WB_WDI_SP_POP_TOTL,GTM,_T,_T,_T,_Z,_Z,_Z,2009,A,PS,
10143534,P1Y,0,,A,PU,_Z,2,,,False,WB_WDI,WB_WDI_SP_POP_TOTL,GIN,_T,_T,_T,_Z,_Z,_Z,2009,A,PS,
1526377,P1Y,0,,A,PU,_Z,2,,,False,WB_WDI,WB_WDI_SP_POP_TOTL,GNB,_T,_T,_T,_Z,_Z,_Z,2009,A,PS,
752094,P1Y,0,,A,PU,_Z,2,,,False,WB_WDI,WB_WDI_SP_POP_TOTL,GUY,_T,_T,_T,_Z,_Z,_Z,2009,A,PS,
9689581,P1Y,0,,A,PU,_Z,2,,,False,WB_WDI,WB_WDI_SP_POP_TOTL,HTI,_T,_T,_T,_Z,_Z,_Z,2009,A,PS,
8189899,P1Y,0,,A,PU,_Z,2,,,False,WB_WDI,WB_WDI_SP_POP_TOTL,HND,_T,_T,_T,_Z,_Z,_Z,2009,A,PS,
6972800,P1Y,0,,A,PU,_Z,2,,,False,WB_WDI,WB_WDI_SP_POP_TOTL,HKG,_T,_T,_T,_Z,_Z,_Z,2009,A,PS,
10022650,P1Y,0,,A,PU,_Z,2,,,False,WB_WDI,WB_WDI_SP_POP_TOTL,HUN,_T,_T,_T,_Z,_Z,_Z,2009,A,PS,
318499,P1Y,0,,A,PU,_Z,2,,,False,WB_WDI,WB_WDI_SP_POP_TOTL,ISL,_T,_T,_T,_Z,_Z,_Z,2009,A,PS,
1225524753,P1Y,0,,A,PU,_Z,2,,,False,WB_WDI,WB_WDI_SP_POP_TOTL,IND,_T,_T,_T,_Z,_Z,_Z,2009,A,PS,
1889970,P1Y,0,,A,PU,_Z,2,,,False,WB_WDI,WB_WDI_SP_POP_TOTL,NAM,_T,_T,_T,_Z,_Z,_Z,2002,A,PS,
10082,P1Y,0,,A,PU,_Z,2,,,False,WB_WDI,WB_WDI_SP_POP_TOTL,NRU,_T,_T,_T,_Z,_Z,_Z,2002,A,PS,
25328981,P1Y,0,,A,PU,_Z,2,,,False,WB_WDI,WB_WDI_SP_POP_TOTL,NPL,_T,_T,_T,_Z,_Z,_Z,2002,A,PS,
16148929,P1Y,0,,A,PU,_Z,2,,,False,WB_WDI,WB_WDI_SP_POP_TOTL,NLD,_T,_T,_T,_Z,_Z,_Z,2002,A,PS,
232236,P1Y,0,,A,PU,_Z,2,,,False,WB_WDI,WB_WDI_SP_POP_TOTL,NCL,_T,_T,_T,_Z,_Z,_Z,2002,A,PS,
3948500,P1Y,0,,A,PU,_Z,2,,,False,WB_WDI,WB_WDI_SP_POP_TOTL,NZL,_T,_T,_T,_Z,_Z,_Z,2002,A,PS,
5149909,P1Y,0,,A,PU,_Z,2,,,False,WB_WDI,WB_WDI_SP_POP_TOTL,NIC,_T,_T,_T,_Z,_Z,_Z,2002,A,PS,
12349144,P1Y,0,,A,PU,_Z,2,,,False,WB_WDI,WB_WDI_SP_POP_TOTL,NER,_T,_T,_T,_Z,_Z,_Z,2002,A,PS,
133471989,P1Y,0,,A,PU,_Z,2,,,False,WB_WDI,WB_WDI_SP_POP_TOTL,NGA,_T,_T,_T,_Z,_Z,_Z,2002,A,PS,
2020157,P1Y,0,,A,PU,_Z,2,,,False,WB_WDI,WB_WDI_SP_POP_TOTL,MKD,_T,_T,_T,_Z,_Z,_Z,2002,A,PS,
66778,P1Y,0,,A,PU,_Z,2,,,False,WB_WDI,WB_WDI_SP_POP_TOTL,MNP,_T,_T,_T,_Z,_Z,_Z,2002,A,PS,
4538159,P1Y,0,,A,PU,_Z,2,,,False,WB_WDI,WB_WDI_SP_POP_TOTL,NOR,_T,_T,_T,_Z,_Z,_Z,2002,A,PS,
2337140,P1Y,0,,A,PU,_Z,2,,,False,WB_WDI,WB_WDI_SP_POP_TOTL,OMN,_T,_T,_T,_Z,_Z,_Z,2002,A,PS,
163222549,P1Y,0,,A,PU,_Z,2,,,False,WB_WDI,WB_WDI_SP_POP_TOTL,PAK,_T,_T,_T,_Z,_Z,_Z,2002,A,PS,
14816307,P1Y,0,,A,PU,_Z,2,,,False,WB_WDI,WB_WDI_SP_POP_TOTL,BFA,_T,_T,_T,_Z,_Z,_Z,2007,A,PS,
8161874,P1Y,0,,A,PU,_Z,2,,,False,WB_WDI,WB_WDI_SP_POP_TOTL,BDI,_T,_T,_T,_Z,_Z,_Z,2007,A,PS,
496190,P1Y,0,,A,PU,_Z,2,,,False,WB_WDI,WB_WDI_SP_POP_TOTL,CPV,_T,_T,_T,_Z,_Z,_Z,2007,A,PS,
13841770,P1Y,0,,A,PU,_Z,2,,,False,WB_WDI,WB_WDI_SP_POP_TOTL,KHM,_T,_T,_T,_Z,_Z,_Z,2007,A,PS,
18049896,P1Y,0,,A,PU,_Z,2,,,False,WB_WDI,WB_WDI_SP_POP_TOTL,CMR,_T,_T,_T,_Z,_Z,_Z,2007,A,PS,
32888886,P1Y,0,,A,PU,_Z,2,,,False,WB_WDI,WB_WDI_SP_POP_TOTL,CAN,_T,_T,_T,_Z,_Z,_Z,2007,A,PS,
49687,P1Y,0,,A,PU,_Z,2,,,False,WB_WDI,WB_WDI_SP_POP_TOTL,CYM,_T,_T,_T,_Z,_Z,_Z,2007,A,PS,
4462770,P1Y,0,,A,PU,_Z,2,,,False,WB_WDI,WB_WDI_SP_POP_TOTL,CAF,_T,_T,_T,_Z,_Z,_Z,2007,A,PS,
11081660,P1Y,0,,A,PU,_Z,2,,,False,WB_WDI,WB_WDI_SP_POP_TOTL,TCD,_T,_T,_T,_Z,_Z,_Z,2007,A,PS,
155309,P1Y,0,,A,PU,_Z,2,,,False,WB_WDI,WB_WDI_SP_POP_TOTL,CHI,_T,_T,_T,_Z,_Z,_Z,2007,A,PS,
16671581,P1Y,0,,A,PU,_Z,2,,,False,WB_WDI,WB_WDI_SP_POP_TOTL,CHL,_T,_T,_T,_Z,_Z,_Z,2007,A,PS,
1317885000,P1Y,0,,A,PU,_Z,2,,,False,WB_WDI,WB_WDI_SP_POP_TOTL,CHN,_T,_T,_T,_Z,_Z,_Z,2007,A,PS,
43235374,P1Y,0,,A,PU,_Z,2,,,False,WB_WDI,WB_WDI_SP_POP_TOTL,COL,_T,_T,_T,_Z,_Z,_Z,2007,A,PS,
1503091,P1Y,0,,A,PU,_Z,2,,,False,WB_WDI,WB_WDI_SP_POP_TOTL,BHR,_T,_T,_T,_Z,_Z,_Z,2018,A,PS,
163523103,P1Y,0,,A,PU,_Z,2,,,False,WB_WDI,WB_WDI_SP_POP_TOTL,BGD,_T,_T,_T,_Z,_Z,_Z,2018,A,PS,
280711,P1Y,0,,A,PU,_Z,2,,,False,WB_WDI,WB_WDI_SP_POP_TOTL,BRB,_T,_T,_T,_Z,_Z,_Z,2018,A,PS,
9438785,P1Y,0,,A,PU,_Z,2,,,False,WB_WDI,WB_WDI_SP_POP_TOTL,BLR,_T,_T,_T,_Z,_Z,_Z,2018,A,PS,
11427054,P1Y,0,,A,PU,_Z,2,,,False,WB_WDI,WB_WDI_SP_POP_TOTL,BEL,_T,_T,_T,_Z,_Z,_Z,2018,A,PS,
380226,P1Y,0,,A,PU,_Z,2,,,False,WB_WDI,WB_WDI_SP_POP_TOTL,BLZ,_T,_T,_T,_Z,_Z,_Z,2018,A,PS,
12383347,P1Y,0,,A,PU,_Z,2,,,False,WB_WDI,WB_WDI_SP_POP_TOTL,BEN,_T,_T,_T,_Z,_Z,_Z,2018,A,PS,
63831,P1Y,0,,A,PU,_Z,2,,,False,WB_WDI,WB_WDI_SP_POP_TOTL,BMU,_T,_T,_T,_Z,_Z,_Z,2018,A,PS,
759759,P1Y,0,,A,PU,_Z,2,,,False,WB_WDI,WB_WDI_SP_POP_TOTL,BTN,_T,_T,_T,_Z,_Z,_Z,2018,A,PS,
11508368,P1Y,0,,A,PU,_Z,2,,,False,WB_WDI,WB_WDI_SP_POP_TOTL,BOL,_T,_T,_T,_Z,_Z,_Z,2018,A,PS,
3387000,P1Y,0,,A,PU,_Z,2,,,False,WB_WDI,WB_WDI_SP_POP_TOTL,BIH,_T,_T,_T,_Z,_Z,_Z,2018,A,PS,
3564381,P1Y,0,,A,PU,_Z,2,,,False,WB_WDI,WB_WDI_SP_POP_TOTL,PAN,_T,_T,_T,_Z,_Z,_Z,2009,A,PS,
7406438,P1Y,0,,A,PU,_Z,2,,,False,WB_WDI,WB_WDI_SP_POP_TOTL,PNG,_T,_T,_T,_Z,_Z,_Z,2009,A,PS,
5671236,P1Y,0,,A,PU,_Z,2,,,False,WB_WDI,WB_WDI_SP_POP_TOTL,PRY,_T,_T,_T,_Z,_Z,_Z,2009,A,PS,
28896811,P1Y,0,,A,PU,_Z,2,,,False,WB_WDI,WB_WDI_SP_POP_TOTL,PER,_T,_T,_T,_Z,_Z,_Z,2009,A,PS,
94384250,P1Y,0,,A,PU,_Z,2,,,False,WB_WDI,WB_WDI_SP_POP_TOTL,PHL,_T,_T,_T,_Z,_Z,_Z,2009,A,PS,
38151603,P1Y,0,,A,PU,_Z,2,,,False,WB_WDI,WB_WDI_SP_POP_TOTL,POL,_T,_T,_T,_Z,_Z,_Z,2009,A,PS,
10568247,P1Y,0,,A,PU,_Z,2,,,False,WB_WDI,WB_WDI_SP_POP_TOTL,PRT,_T,_T,_T,_Z,_Z,_Z,2009,A,PS,
3740410,P1Y,0,,A,PU,_Z,2,,,False,WB_WDI,WB_WDI_SP_POP_TOTL,PRI,_T,_T,_T,_Z,_Z,_Z,2009,A,PS,
1608903,P1Y,0,,A,PU,_Z,2,,,False,WB_WDI,WB_WDI_SP_POP_TOTL,QAT,_T,_T,_T,_Z,_Z,_Z,2009,A,PS,
20367487,P1Y,0,,A,PU,_Z,2,,,False,WB_WDI,WB_WDI_SP_POP_TOTL,ROU,_T,_T,_T,_Z,_Z,_Z,2009,A,PS,
142785348,P1Y,0,,A,PU,_Z,2,,,False,WB_WDI,WB_WDI_SP_POP_TOTL,RUS,_T,_T,_T,_Z,_Z,_Z,2009,A,PS,
10709973,P1Y,0,,A,PU,_Z,2,,,False,WB_WDI,WB_WDI_SP_POP_TOTL,BEL,_T,_T,_T,_Z,_Z,_Z,2008,A,PS,
304361,P1Y,0,,A,PU,_Z,2,,,False,WB_WDI,WB_WDI_SP_POP_TOTL,BLZ,_T,_T,_T,_Z,_Z,_Z,2008,A,PS,
9228466,P1Y,0,,A,PU,_Z,2,,,False,WB_WDI,WB_WDI_SP_POP_TOTL,BEN,_T,_T,_T,_Z,_Z,_Z,2008,A,PS,
63300,P1Y,0,,A,PU,_Z,2,,,False,WB_WDI,WB_WDI_SP_POP_TOTL,BMU,_T,_T,_T,_Z,_Z,_Z,2008,A,PS,
686351,P1Y,0,,A,PU,_Z,2,,,False,WB_WDI,WB_WDI_SP_POP_TOTL,BTN,_T,_T,_T,_Z,_Z,_Z,2008,A,PS,
9850858,P1Y,0,,A,PU,_Z,2,,,False,WB_WDI,WB_WDI_SP_POP_TOTL,BOL,_T,_T,_T,_Z,_Z,_Z,2008,A,PS,
3947544,P1Y,0,,A,PU,_Z,2,,,False,WB_WDI,WB_WDI_SP_POP_TOTL,BIH,_T,_T,_T,_Z,_Z,_Z,2008,A,PS,
1949970,P1Y,0,,A,PU,_Z,2,,,False,WB_WDI,WB_WDI_SP_POP_TOTL,BWA,_T,_T,_T,_Z,_Z,_Z,2008,A,PS,
190367302,P1Y,0,,A,PU,_Z,2,,,False,WB_WDI,WB_WDI_SP_POP_TOTL,BRA,_T,_T,_T,_Z,_Z,_Z,2008,A,PS,
26288,P1Y,0,,A,PU,_Z,2,,,False,WB_WDI,WB_WDI_SP_POP_TOTL,VGB,_T,_T,_T,_Z,_Z,_Z,2008,A,PS,
377793,P1Y,0,,A,PU,_Z,2,,,False,WB_WDI,WB_WDI_SP_POP_TOTL,BRN,_T,_T,_T,_Z,_Z,_Z,2008,A,PS,
7492561,P1Y,0,,A,PU,_Z,2,,,False,WB_WDI,WB_WDI_SP_POP_TOTL,BGR,_T,_T,_T,_Z,_Z,_Z,2008,A,PS,
12965481,P1Y,0,,A,PU,_Z,2,,,False,WB_WDI,WB_WDI_SP_POP_TOTL,BDI,_T,_T,_T,_Z,_Z,_Z,2021,A,PS,
516649,P1Y,0,,A,PU,_Z,2,,,False,WB_WDI,WB_WDI_SP_POP_TOTL,CPV,_T,_T,_T,_Z,_Z,_Z,2021,A,PS,
16974305,P1Y,0,,A,PU,_Z,2,,,False,WB_WDI,WB_WDI_SP_POP_TOTL,KHM,_T,_T,_T,_Z,_Z,_Z,2021,A,PS,
26915758,P1Y,0,,A,PU,_Z,2,,,False,WB_WDI,WB_WDI_SP_POP_TOTL,CMR,_T,_T,_T,_Z,_Z,_Z,2021,A,PS,
38239864,P1Y,0,,A,PU,_Z,2,,,False,WB_WDI,WB_WDI_SP_POP_TOTL,CAN,_T,_T,_T,_Z,_Z,_Z,2021,A,PS,
70108,P1Y,0,,A,PU,_Z,2,,,False,WB_WDI,WB_WDI_SP_POP_TOTL,CYM,_T,_T,_T,_Z,_Z,_Z,2021,A,PS,
5112100,P1Y,0,,A,PU,_Z,2,,,False,WB_WDI,WB_WDI_SP_POP_TOTL,CAF,_T,_T,_T,_Z,_Z,_Z,2021,A,PS,
17828273,P1Y,0,,A,PU,_Z,2,,,False,WB_WDI,WB_WDI_SP_POP_TOTL,TCD,_T,_T,_T,_Z,_Z,_Z,2021,A,PS,
166741,P1Y,0,,A,PU,_Z,2,,,False,WB_WDI,WB_WDI_SP_POP_TOTL,CHI,_T,_T,_T,_Z,_Z,_Z,2021,A,PS,
19456334,P1Y,0,,A,PU,_Z,2,,,False,WB_WDI,WB_WDI_SP_POP_TOTL,CHL,_T,_T,_T,_Z,_Z,_Z,2021,A,PS,
1412360000,P1Y,0,,A,PU,_Z,2,,,False,WB_WDI,WB_WDI_SP_POP_TOTL,CHN,_T,_T,_T,_Z,_Z,_Z,2021,A,PS,
51188173,P1Y,0,,A,PU,_Z,2,,,False,WB_WDI,WB_WDI_SP_POP_TOTL,COL,_T,_T,_T,_Z,_Z,_Z,2021,A,PS,
44288894,P1Y,0,,A,PU,_Z,2,,,False,WB_WDI,WB_WDI_SP_POP_TOTL,ARG,_T,_T,_T,_Z,_Z,_Z,2017,A,PS,
2979400,P1Y,0,,A,PU,_Z,2,,,False,WB_WDI,WB_WDI_SP_POP_TOTL,ARM,_T,_T,_T,_Z,_Z,_Z,2017,A,PS,
108735,P1Y,0,,A,PU,_Z,2,,,False,WB_WDI,WB_WDI_SP_POP_TOTL,ABW,_T,_T,_T,_Z,_Z,_Z,2017,A,PS,
24592588,P1Y,0,,A,PU,_Z,2,,,False,WB_WDI,WB_WDI_SP_POP_TOTL,AUS,_T,_T,_T,_Z,_Z,_Z,2017,A,PS,
8797566,P1Y,0,,A,PU,_Z,2,,,False,WB_WDI,WB_WDI_SP_POP_TOTL,AUT,_T,_T,_T,_Z,_Z,_Z,2017,A,PS,
9854033,P1Y,0,,A,PU,_Z,2,,,False,WB_WDI,WB_WDI_SP_POP_TOTL,AZE,_T,_T,_T,_Z,_Z,_Z,2017,A,PS,
390485,P1Y,0,,A,PU,_Z,2,,,False,WB_WDI,WB_WDI_SP_POP_TOTL,BHS,_T,_T,_T,_Z,_Z,_Z,2017,A,PS,
1501116,P1Y,0,,A,PU,_Z,2,,,False,WB_WDI,WB_WDI_SP_POP_TOTL,BHR,_T,_T,_T,_Z,_Z,_Z,2017,A,PS,
162186147,P1Y,0,,A,PU,_Z,2,,,False,WB_WDI,WB_WDI_SP_POP_TOTL,BGD,_T,_T,_T,_Z,_Z,_Z,2017,A,PS,
280171,P1Y,0,,A,PU,_Z,2,,,False,WB_WDI,WB_WDI_SP_POP_TOTL,BRB,_T,_T,_T,_Z,_Z,_Z,2017,A,PS,
9458989,P1Y,0,,A,PU,_Z,2,,,False,WB_WDI,WB_WDI_SP_POP_TOTL,BLR,_T,_T,_T,_Z,_Z,_Z,2017,A,PS,
1716468,P1Y,0,,A,PU,_Z,2,,,False,WB_WDI,WB_WDI_SP_POP_TOTL,GNQ,_T,_T,_T,_Z,_Z,_Z,2020,A,PS,
3291271,P1Y,0,,A,PU,_Z,2,,,False,WB_WDI,WB_WDI_SP_POP_TOTL,ERI,_T,_T,_T,_Z,_Z,_Z,2020,A,PS,
1329522,P1Y,0,,A,PU,_Z,2,,,False,WB_WDI,WB_WDI_SP_POP_TOTL,EST,_T,_T,_T,_Z,_Z,_Z,2020,A,PS,
1192729,P1Y,0,,A,PU,_Z,2,,,False,WB_WDI,WB_WDI_SP_POP_TOTL,SWZ,_T,_T,_T,_Z,_Z,_Z,2020,A,PS,
118917671,P1Y,0,,A,PU,_Z,2,,,False,WB_WDI,WB_WDI_SP_POP_TOTL,ETH,_T,_T,_T,_Z,_Z,_Z,2020,A,PS,
52561,P1Y,0,,A,PU,_Z,2,,,False,WB_WDI,WB_WDI_SP_POP_TOTL,FRO,_T,_T,_T,_Z,_Z,_Z,2020,A,PS,
914963,P1Y,0,,A,PU,_Z,2,,,False,WB_WDI,WB_WDI_SP_POP_TOTL,FJI,_T,_T,_T,_Z,_Z,_Z,2020,A,PS,
5529543,P1Y,0,,A,PU,_Z,2,,,False,WB_WDI,WB_WDI_SP_POP_TOTL,FIN,_T,_T,_T,_Z,_Z,_Z,2020,A,PS,
67601110,P1Y,0,,A,PU,_Z,2,,,False,WB_WDI,WB_WDI_SP_POP_TOTL,FRA,_T,_T,_T,_Z,_Z,_Z,2020,A,PS,
279209,P1Y,0,,A,PU,_Z,2,,,False,WB_WDI,WB_WDI_SP_POP_TOTL,PYF,_T,_T,_T,_Z,_Z,_Z,2020,A,PS,
2322539,P1Y,0,,A,PU,_Z,2,,,False,WB_WDI,WB_WDI_SP_POP_TOTL,GAB,_T,_T,_T,_Z,_Z,_Z,2020,A,PS,
2515733,P1Y,0,,A,PU,_Z,2,,,False,WB_WDI,WB_WDI_SP_POP_TOTL,GMB,_T,_T,_T,_Z,_Z,_Z,2020,A,PS,
3722716,P1Y,0,,A,PU,_Z,2,,,False,WB_WDI,WB_WDI_SP_POP_TOTL,GEO,_T,_T,_T,_Z,_Z,_Z,2020,A,PS,
129739759,P1Y,0,,A,PU,_Z,2,,,False,WB_WDI,WB_WDI_SP_POP_TOTL,MEX,_T,_T,_T,_Z,_Z,_Z,2023,A,PS,
112630,P1Y,0,,A,PU,_Z,2,,,False,WB_WDI,WB_WDI_SP_POP_TOTL,FSM,_T,_T,_T,_Z,_Z,_Z,2023,A,PS,
2457783,P1Y,0,,A,PU,_Z,2,,,False,WB_WDI,WB_WDI_SP_POP_TOTL,MDA,_T,_T,_T,_Z,_Z,_Z,2023,A,PS,
38956,P1Y,0,,A,PU,_Z,2,,,False,WB_WDI,WB_WDI_SP_POP_TOTL,MCO,_T,_T,_T,_Z,_Z,_Z,2023,A,PS,
3481145,P1Y,0,,A,PU,_Z,2,,,False,WB_WDI,WB_WDI_SP_POP_TOTL,MNG,_T,_T,_T,_Z,_Z,_Z,2023,A,PS,
623529,P1Y,0,,A,PU,_Z,2,,,False,WB_WDI,WB_WDI_SP_POP_TOTL,MNE,_T,_T,_T,_Z,_Z,_Z,2023,A,PS,
37712505,P1Y,0,,A,PU,_Z,2,,,False,WB_WDI,WB_WDI_SP_POP_TOTL,MAR,_T,_T,_T,_Z,_Z,_Z,2023,A,PS,
33635160,P1Y,0,,A,PU,_Z,2,,,False,WB_WDI,WB_WDI_SP_POP_TOTL,MOZ,_T,_T,_T,_Z,_Z,_Z,2023,A,PS,
54133798,P1Y,0,,A,PU,_Z,2,,,False,WB_WDI,WB_WDI_SP_POP_TOTL,MMR,_T,_T,_T,_Z,_Z,_Z,2023,A,PS,
2963095,P1Y,0,,A,PU,_Z,2,,,False,WB_WDI,WB_WDI_SP_POP_TOTL,NAM,_T,_T,_T,_Z,_Z,_Z,2023,A,PS,
11875,P1Y,0,,A,PU,_Z,2,,,False,WB_WDI,WB_WDI_SP_POP_TOTL,NRU,_T,_T,_T,_Z,_Z,_Z,2023,A,PS,
29694614,P1Y,0,,A,PU,_Z,2,,,False,WB_WDI,WB_WDI_SP_POP_TOTL,NPL,_T,_T,_T,_Z,_Z,_Z,2023,A,PS,
17877117,P1Y,0,,A,PU,_Z,2,,,False,WB_WDI,WB_WDI_SP_POP_TOTL,NLD,_T,_T,_T,_Z,_Z,_Z,2023,A,PS,
289870,P1Y,0,,A,PU,_Z,2,,,False,WB_WDI,WB_WDI_SP_POP_TOTL,NCL,_T,_T,_T,_Z,_Z,_Z,2023,A,PS,
650544,P1Y,0,,A,PU,_Z,2,,,False,WB_WDI,WB_WDI_SP_POP_TOTL,BTN,_T,_T,_T,_Z,_Z,_Z,2004,A,PS,
9204287,P1Y,0,,A,PU,_Z,2,,,False,WB_WDI,WB_WDI_SP_POP_TOTL,BOL,_T,_T,_T,_Z,_Z,_Z,2004,A,PS,
4140987,P1Y,0,,A,PU,_Z,2,,,False,WB_WDI,WB_WDI_SP_POP_TOTL,BIH,_T,_T,_T,_Z,_Z,_Z,2004,A,PS,
1807146,P1Y,0,,A,PU,_Z,2,,,False,WB_WDI,WB_WDI_SP_POP_TOTL,BWA,_T,_T,_T,_Z,_Z,_Z,2004,A,PS,
182675143,P1Y,0,,A,PU,_Z,2,,,False,WB_WDI,WB_WDI_SP_POP_TOTL,BRA,_T,_T,_T,_Z,_Z,_Z,2004,A,PS,
22881,P1Y,0,,A,PU,_Z,2,,,False,WB_WDI,WB_WDI_SP_POP_TOTL,VGB,_T,_T,_T,_Z,_Z,_Z,2004,A,PS,
352911,P1Y,0,,A,PU,_Z,2,,,False,WB_WDI,WB_WDI_SP_POP_TOTL,BRN,_T,_T,_T,_Z,_Z,_Z,2004,A,PS,
7716860,P1Y,0,,A,PU,_Z,2,,,False,WB_WDI,WB_WDI_SP_POP_TOTL,BGR,_T,_T,_T,_Z,_Z,_Z,2004,A,PS,
13500533,P1Y,0,,A,PU,_Z,2,,,False,WB_WDI,WB_WDI_SP_POP_TOTL,BFA,_T,_T,_T,_Z,_Z,_Z,2004,A,PS,
7310656,P1Y,0,,A,PU,_Z,2,,,False,WB_WDI,WB_WDI_SP_POP_TOTL,BDI,_T,_T,_T,_Z,_Z,_Z,2004,A,PS,
479370,P1Y,0,,A,PU,_Z,2,,,False,WB_WDI,WB_WDI_SP_POP_TOTL,CPV,_T,_T,_T,_Z,_Z,_Z,2004,A,PS,
13244731,P1Y,0,,A,PU,_Z,2,,,False,WB_WDI,WB_WDI_SP_POP_TOTL,KHM,_T,_T,_T,_Z,_Z,_Z,2004,A,PS,
1311020000,P1Y,0,,A,PU,_Z,2,,,False,WB_WDI,WB_WDI_SP_POP_TOTL,CHN,_T,_T,_T,_Z,_Z,_Z,2006,A,PS,
42691084,P1Y,0,,A,PU,_Z,2,,,False,WB_WDI,WB_WDI_SP_POP_TOTL,COL,_T,_T,_T,_Z,_Z,_Z,2006,A,PS,
604753,P1Y,0,,A,PU,_Z,2,,,False,WB_WDI,WB_WDI_SP_POP_TOTL,COM,_T,_T,_T,_Z,_Z,_Z,2006,A,PS,
60615908,P1Y,0,,A,PU,_Z,2,,,False,WB_WDI,WB_WDI_SP_POP_TOTL,COD,_T,_T,_T,_Z,_Z,_Z,2006,A,PS,
3837409,P1Y,0,,A,PU,_Z,2,,,False,WB_WDI,WB_WDI_SP_POP_TOTL,COG,_T,_T,_T,_Z,_Z,_Z,2006,A,PS,
4321340,P1Y,0,,A,PU,_Z,2,,,False,WB_WDI,WB_WDI_SP_POP_TOTL,CRI,_T,_T,_T,_Z,_Z,_Z,2006,A,PS,
20546802,P1Y,0,,A,PU,_Z,2,,,False,WB_WDI,WB_WDI_SP_POP_TOTL,CIV,_T,_T,_T,_Z,_Z,_Z,2006,A,PS,
4311159,P1Y,0,,A,PU,_Z,2,,,False,WB_WDI,WB_WDI_SP_POP_TOTL,HRV,_T,_T,_T,_Z,_Z,_Z,2006,A,PS,
11278550,P1Y,0,,A,PU,_Z,2,,,False,WB_WDI,WB_WDI_SP_POP_TOTL,CUB,_T,_T,_T,_Z,_Z,_Z,2006,A,PS,
141239,P1Y,0,,A,PU,_Z,2,,,False,WB_WDI,WB_WDI_SP_POP_TOTL,CUW,_T,_T,_T,_Z,_Z,_Z,2006,A,PS,
1054418,P1Y,0,,A,PU,_Z,2,,,False,WB_WDI,WB_WDI_SP_POP_TOTL,CYP,_T,_T,_T,_Z,_Z,_Z,2006,A,PS,
10238905,P1Y,0,,A,PU,_Z,2,,,False,WB_WDI,WB_WDI_SP_POP_TOTL,CZE,_T,_T,_T,_Z,_Z,_Z,2006,A,PS,
36923178,P1Y,0,,A,PU,_Z,2,,,False,WB_WDI,WB_WDI_SP_POP_TOTL,SDN,_T,_T,_T,_Z,_Z,_Z,2012,A,PS,
562633,P1Y,0,,A,PU,_Z,2,,,False,WB_WDI,WB_WDI_SP_POP_TOTL,SUR,_T,_T,_T,_Z,_Z,_Z,2012,A,PS,
9519374,P1Y,0,,A,PU,_Z,2,,,False,WB_WDI,WB_WDI_SP_POP_TOTL,SWE,_T,_T,_T,_Z,_Z,_Z,2012,A,PS,
7996861,P1Y,0,,A,PU,_Z,2,,,False,WB_WDI,WB_WDI_SP_POP_TOTL,CHE,_T,_T,_T,_Z,_Z,_Z,2012,A,PS,
22759763,P1Y,0,,A,PU,_Z,2,,,False,WB_WDI,WB_WDI_SP_POP_TOTL,SYR,_T,_T,_T,_Z,_Z,_Z,2012,A,PS,
8014084,P1Y,0,,A,PU,_Z,2,,,False,WB_WDI,WB_WDI_SP_POP_TOTL,TJK,_T,_T,_T,_Z,_Z,_Z,2012,A,PS,
47374260,P1Y,0,,A,PU,_Z,2,,,False,WB_WDI,WB_WDI_SP_POP_TOTL,TZA,_T,_T,_T,_Z,_Z,_Z,2012,A,PS,
69436098,P1Y,0,,A,PU,_Z,2,,,False,WB_WDI,WB_WDI_SP_POP_TOTL,THA,_T,_T,_T,_Z,_Z,_Z,2012,A,PS,
1134885,P1Y,0,,A,PU,_Z,2,,,False,WB_WDI,WB_WDI_SP_POP_TOTL,TLS,_T,_T,_T,_Z,_Z,_Z,2012,A,PS,
6653718,P1Y,0,,A,PU,_Z,2,,,False,WB_WDI,WB_WDI_SP_POP_TOTL,TGO,_T,_T,_T,_Z,_Z,_Z,2012,A,PS,
107460,P1Y,0,,A,PU,_Z,2,,,False,WB_WDI,WB_WDI_SP_POP_TOTL,TON,_T,_T,_T,_Z,_Z,_Z,2012,A,PS,
28971036,P1Y,0,,A,PU,_Z,2,,,False,WB_WDI,WB_WDI_SP_POP_TOTL,IRQ,_T,_T,_T,_Z,_Z,_Z,2008,A,PS,
4489544,P1Y,0,,A,PU,_Z,2,,,False,WB_WDI,WB_WDI_SP_POP_TOTL,IRL,_T,_T,_T,_Z,_Z,_Z,2008,A,PS,
82029,P1Y,0,,A,PU,_Z,2,,,False,WB_WDI,WB_WDI_SP_POP_TOTL,IMN,_T,_T,_T,_Z,_Z,_Z,2008,A,PS,
7308800,P1Y,0,,A,PU,_Z,2,,,False,WB_WDI,WB_WDI_SP_POP_TOTL,ISR,_T,_T,_T,_Z,_Z,_Z,2008,A,PS,
59211181,P1Y,0,,A,PU,_Z,2,,,False,WB_WDI,WB_WDI_SP_POP_TOTL,ITA,_T,_T,_T,_Z,_Z,_Z,2008,A,PS,
2725635,P1Y,0,,A,PU,_Z,2,,,False,WB_WDI,WB_WDI_SP_POP_TOTL,JAM,_T,_T,_T,_Z,_Z,_Z,2008,A,PS,
128063000,P1Y,0,,A,PU,_Z,2,,,False,WB_WDI,WB_WDI_SP_POP_TOTL,JPN,_T,_T,_T,_Z,_Z,_Z,2008,A,PS,
6989866,P1Y,0,,A,PU,_Z,2,,,False,WB_WDI,WB_WDI_SP_POP_TOTL,JOR,_T,_T,_T,_Z,_Z,_Z,2008,A,PS,
16426525,P1Y,0,,A,PU,_Z,2,,,False,WB_WDI,WB_WDI_SP_POP_TOTL,KAZ,_T,_T,_T,_Z,_Z,_Z,2008,A,PS,
39206351,P1Y,0,,A,PU,_Z,2,,,False,WB_WDI,WB_WDI_SP_POP_TOTL,KEN,_T,_T,_T,_Z,_Z,_Z,2008,A,PS,
104222,P1Y,0,,A,PU,_Z,2,,,False,WB_WDI,WB_WDI_SP_POP_TOTL,KIR,_T,_T,_T,_Z,_Z,_Z,2008,A,PS,
24764618,P1Y,0,,A,PU,_Z,2,,,False,WB_WDI,WB_WDI_SP_POP_TOTL,PRK,_T,_T,_T,_Z,_Z,_Z,2008,A,PS,
164839,P1Y,0,,A,PU,_Z,2,,,False,WB_WDI,WB_WDI_SP_POP_TOTL,GUM,_T,_T,_T,_Z,_Z,_Z,2006,A,PS,
13367459,P1Y,0,,A,PU,_Z,2,,,False,WB_WDI,WB_WDI_SP_POP_TOTL,GTM,_T,_T,_T,_Z,_Z,_Z,2006,A,PS,
9441171,P1Y,0,,A,PU,_Z,2,,,False,WB_WDI,WB_WDI_SP_POP_TOTL,GIN,_T,_T,_T,_Z,_Z,_Z,2006,A,PS,
1415303,P1Y,0,,A,PU,_Z,2,,,False,WB_WDI,WB_WDI_SP_POP_TOTL,GNB,_T,_T,_T,_Z,_Z,_Z,2006,A,PS,
758966,P1Y,0,,A,PU,_Z,2,,,False,WB_WDI,WB_WDI_SP_POP_TOTL,GUY,_T,_T,_T,_Z,_Z,_Z,2006,A,PS,
9216562,P1Y,0,,A,PU,_Z,2,,,False,WB_WDI,WB_WDI_SP_POP_TOTL,HTI,_T,_T,_T,_Z,_Z,_Z,2006,A,PS,
7656832,P1Y,0,,A,PU,_Z,2,,,False,WB_WDI,WB_WDI_SP_POP_TOTL,HND,_T,_T,_T,_Z,_Z,_Z,2006,A,PS,
6857100,P1Y,0,,A,PU,_Z,2,,,False,WB_WDI,WB_WDI_SP_POP_TOTL,HKG,_T,_T,_T,_Z,_Z,_Z,2006,A,PS,
10071370,P1Y,0,,A,PU,_Z,2,,,False,WB_WDI,WB_WDI_SP_POP_TOTL,HUN,_T,_T,_T,_Z,_Z,_Z,2006,A,PS,
303782,P1Y,0,,A,PU,_Z,2,,,False,WB_WDI,WB_WDI_SP_POP_TOTL,ISL,_T,_T,_T,_Z,_Z,_Z,2006,A,PS,
1172878890,P1Y,0,,A,PU,_Z,2,,,False,WB_WDI,WB_WDI_SP_POP_TOTL,IND,_T,_T,_T,_Z,_Z,_Z,2006,A,PS,
44042091,P1Y,0,,A,PU,_Z,2,,,False,WB_WDI,WB_WDI_SP_POP_TOTL,DZA,_T,_T,_T,_Z,_Z,_Z,2020,A,PS,
49761,P1Y,0,,A,PU,_Z,2,,,False,WB_WDI,WB_WDI_SP_POP_TOTL,ASM,_T,_T,_T,_Z,_Z,_Z,2020,A,PS,
77380,P1Y,0,,A,PU,_Z,2,,,False,WB_WDI,WB_WDI_SP_POP_TOTL,AND,_T,_T,_T,_Z,_Z,_Z,2020,A,PS,
33451132,P1Y,0,,A,PU,_Z,2,,,False,WB_WDI,WB_WDI_SP_POP_TOTL,AGO,_T,_T,_T,_Z,_Z,_Z,2020,A,PS,
91846,P1Y,0,,A,PU,_Z,2,,,False,WB_WDI,WB_WDI_SP_POP_TOTL,ATG,_T,_T,_T,_Z,_Z,_Z,2020,A,PS,
45191965,P1Y,0,,A,PU,_Z,2,,,False,WB_WDI,WB_WDI_SP_POP_TOTL,ARG,_T,_T,_T,_Z,_Z,_Z,2020,A,PS,
2961500,P1Y,0,,A,PU,_Z,2,,,False,WB_WDI,WB_WDI_SP_POP_TOTL,ARM,_T,_T,_T,_Z,_Z,_Z,2020,A,PS,
108587,P1Y,0,,A,PU,_Z,2,,,False,WB_WDI,WB_WDI_SP_POP_TOTL,ABW,_T,_T,_T,_Z,_Z,_Z,2020,A,PS,
25649248,P1Y,0,,A,PU,_Z,2,,,False,WB_WDI,WB_WDI_SP_POP_TOTL,AUS,_T,_T,_T,_Z,_Z,_Z,2020,A,PS,
8916864,P1Y,0,,A,PU,_Z,2,,,False,WB_WDI,WB_WDI_SP_POP_TOTL,AUT,_T,_T,_T,_Z,_Z,_Z,2020,A,PS,
10093121,P1Y,0,,A,PU,_Z,2,,,False,WB_WDI,WB_WDI_SP_POP_TOTL,AZE,_T,_T,_T,_Z,_Z,_Z,2020,A,PS,
395863,P1Y,0,,A,PU,_Z,2,,,False,WB_WDI,WB_WDI_SP_POP_TOTL,BHS,_T,_T,_T,_Z,_Z,_Z,2020,A,PS,
7020858,P1Y,0,,A,PU,_Z,2,,,False,WB_WDI,WB_WDI_SP_POP_TOTL,SRB,_T,_T,_T,_Z,_Z,_Z,2017,A,PS,
95843,P1Y,0,,A,PU,_Z,2,,,False,WB_WDI,WB_WDI_SP_POP_TOTL,SYC,_T,_T,_T,_Z,_Z,_Z,2017,A,PS,
7379299,P1Y,0,,A,PU,_Z,2,,,False,WB_WDI,WB_WDI_SP_POP_TOTL,SLE,_T,_T,_T,_Z,_Z,_Z,2017,A,PS,
5612253,P1Y,0,,A,PU,_Z,2,,,False,WB_WDI,WB_WDI_SP_POP_TOTL,SGP,_T,_T,_T,_Z,_Z,_Z,2017,A,PS,
38996,P1Y,0,,A,PU,_Z,2,,,False,WB_WDI,WB_WDI_SP_POP_TOTL,SXM,_T,_T,_T,_Z,_Z,_Z,2017,A,PS,
5439232,P1Y,0,,A,PU,_Z,2,,,False,WB_WDI,WB_WDI_SP_POP_TOTL,SVK,_T,_T,_T,_Z,_Z,_Z,2017,A,PS,
2066388,P1Y,0,,A,PU,_Z,2,,,False,WB_WDI,WB_WDI_SP_POP_TOTL,SVN,_T,_T,_T,_Z,_Z,_Z,2017,A,PS,
685672,P1Y,0,,A,PU,_Z,2,,,False,WB_WDI,WB_WDI_SP_POP_TOTL,SLB,_T,_T,_T,_Z,_Z,_Z,2017,A,PS,
14916629,P1Y,0,,A,PU,_Z,2,,,False,WB_WDI,WB_WDI_SP_POP_TOTL,SOM,_T,_T,_T,_Z,_Z,_Z,2017,A,PS,
57635162,P1Y,0,,A,PU,_Z,2,,,False,WB_WDI,WB_WDI_SP_POP_TOTL,ZAF,_T,_T,_T,_Z,_Z,_Z,2017,A,PS,
10259154,P1Y,0,,A,PU,_Z,2,,,False,WB_WDI,WB_WDI_SP_POP_TOTL,SSD,_T,_T,_T,_Z,_Z,_Z,2017,A,PS,
46571232,P1Y,0,,A,PU,_Z,2,,,False,WB_WDI,WB_WDI_SP_POP_TOTL,ESP,_T,_T,_T,_Z,_Z,_Z,2017,A,PS,
26802659,P1Y,0,,A,PU,_Z,2,,,False,WB_WDI,WB_WDI_SP_POP_TOTL,IRQ,_T,_T,_T,_Z,_Z,_Z,2003,A,PS,
3996521,P1Y,0,,A,PU,_Z,2,,,False,WB_WDI,WB_WDI_SP_POP_TOTL,IRL,_T,_T,_T,_Z,_Z,_Z,2003,A,PS,
78049,P1Y,0,,A,PU,_Z,2,,,False,WB_WDI,WB_WDI_SP_POP_TOTL,IMN,_T,_T,_T,_Z,_Z,_Z,2003,A,PS,
6689700,P1Y,0,,A,PU,_Z,2,,,False,WB_WDI,WB_WDI_SP_POP_TOTL,ISR,_T,_T,_T,_Z,_Z,_Z,2003,A,PS,
57399184,P1Y,0,,A,PU,_Z,2,,,False,WB_WDI,WB_WDI_SP_POP_TOTL,ITA,_T,_T,_T,_Z,_Z,_Z,2003,A,PS,
2656623,P1Y,0,,A,PU,_Z,2,,,False,WB_WDI,WB_WDI_SP_POP_TOTL,JAM,_T,_T,_T,_Z,_Z,_Z,2003,A,PS,
127718000,P1Y,0,,A,PU,_Z,2,,,False,WB_WDI,WB_WDI_SP_POP_TOTL,JPN,_T,_T,_T,_Z,_Z,_Z,2003,A,PS,
5741828,P1Y,0,,A,PU,_Z,2,,,False,WB_WDI,WB_WDI_SP_POP_TOTL,JOR,_T,_T,_T,_Z,_Z,_Z,2003,A,PS,
15747380,P1Y,0,,A,PU,_Z,2,,,False,WB_WDI,WB_WDI_SP_POP_TOTL,KAZ,_T,_T,_T,_Z,_Z,_Z,2003,A,PS,
33652223,P1Y,0,,A,PU,_Z,2,,,False,WB_WDI,WB_WDI_SP_POP_TOTL,KEN,_T,_T,_T,_Z,_Z,_Z,2003,A,PS,
94175,P1Y,0,,A,PU,_Z,2,,,False,WB_WDI,WB_WDI_SP_POP_TOTL,KIR,_T,_T,_T,_Z,_Z,_Z,2003,A,PS,
24090380,P1Y,0,,A,PU,_Z,2,,,False,WB_WDI,WB_WDI_SP_POP_TOTL,PRK,_T,_T,_T,_Z,_Z,_Z,2003,A,PS,
47892330,P1Y,0,,A,PU,_Z,2,,,False,WB_WDI,WB_WDI_SP_POP_TOTL,KOR,_T,_T,_T,_Z,_Z,_Z,2003,A,PS,
1826434,P1Y,0,,A,PU,_Z,2,,,False,WB_WDI,WB_WDI_SP_POP_TOTL,XKX,_T,_T,_T,_Z,_Z,_Z,2003,A,PS,
18129653,P1Y,0,,A,PU,_Z,2,,,False,WB_WDI,WB_WDI_SP_POP_TOTL,MOZ,_T,_T,_T,_Z,_Z,_Z,2000,A,PS,
45290841,P1Y,0,,A,PU,_Z,2,,,False,WB_WDI,WB_WDI_SP_POP_TOTL,MMR,_T,_T,_T,_Z,_Z,_Z,2000,A,PS,
1818647,P1Y,0,,A,PU,_Z,2,,,False,WB_WDI,WB_WDI_SP_POP_TOTL,NAM,_T,_T,_T,_Z,_Z,_Z,2000,A,PS,
10168,P1Y,0,,A,PU,_Z,2,,,False,WB_WDI,WB_WDI_SP_POP_TOTL,NRU,_T,_T,_T,_Z,_Z,_Z,2000,A,PS,
24546509,P1Y,0,,A,PU,_Z,2,,,False,WB_WDI,WB_WDI_SP_POP_TOTL,NPL,_T,_T,_T,_Z,_Z,_Z,2000,A,PS,
15925513,P1Y,0,,A,PU,_Z,2,,,False,WB_WDI,WB_WDI_SP_POP_TOTL,NLD,_T,_T,_T,_Z,_Z,_Z,2000,A,PS,
223098,P1Y,0,,A,PU,_Z,2,,,False,WB_WDI,WB_WDI_SP_POP_TOTL,NCL,_T,_T,_T,_Z,_Z,_Z,2000,A,PS,
3857700,P1Y,0,,A,PU,_Z,2,,,False,WB_WDI,WB_WDI_SP_POP_TOTL,NZL,_T,_T,_T,_Z,_Z,_Z,2000,A,PS,
5022633,P1Y,0,,A,PU,_Z,2,,,False,WB_WDI,WB_WDI_SP_POP_TOTL,NIC,_T,_T,_T,_Z,_Z,_Z,2000,A,PS,
11509630,P1Y,0,,A,PU,_Z,2,,,False,WB_WDI,WB_WDI_SP_POP_TOTL,NER,_T,_T,_T,_Z,_Z,_Z,2000,A,PS,
126382494,P1Y,0,,A,PU,_Z,2,,,False,WB_WDI,WB_WDI_SP_POP_TOTL,NGA,_T,_T,_T,_Z,_Z,_Z,2000,A,PS,
2026350,P1Y,0,,A,PU,_Z,2,,,False,WB_WDI,WB_WDI_SP_POP_TOTL,MKD,_T,_T,_T,_Z,_Z,_Z,2000,A,PS,
68356,P1Y,0,,A,PU,_Z,2,,,False,WB_WDI,WB_WDI_SP_POP_TOTL,MNP,_T,_T,_T,_Z,_Z,_Z,2000,A,PS,
28588,P1Y,0,,A,PU,_Z,2,,,False,WB_WDI,WB_WDI_SP_POP_TOTL,TCA,_T,_T,_T,_Z,_Z,_Z,2009,A,PS,
10461,P1Y,0,,A,PU,_Z,2,,,False,WB_WDI,WB_WDI_SP_POP_TOTL,TUV,_T,_T,_T,_Z,_Z,_Z,2009,A,PS,
31451151,P1Y,0,,A,PU,_Z,2,,,False,WB_WDI,WB_WDI_SP_POP_TOTL,UGA,_T,_T,_T,_Z,_Z,_Z,2009,A,PS,
46623731,P1Y,0,,A,PU,_Z,2,,,False,WB_WDI,WB_WDI_SP_POP_TOTL,UKR,_T,_T,_T,_Z,_Z,_Z,2009,A,PS,
6707058,P1Y,0,,A,PU,_Z,2,,,False,WB_WDI,WB_WDI_SP_POP_TOTL,ARE,_T,_T,_T,_Z,_Z,_Z,2009,A,PS,
62276270,P1Y,0,,A,PU,_Z,2,,,False,WB_WDI,WB_WDI_SP_POP_TOTL,GBR,_T,_T,_T,_Z,_Z,_Z,2009,A,PS,
306771529,P1Y,0,,A,PU,_Z,2,,,False,WB_WDI,WB_WDI_SP_POP_TOTL,USA,_T,_T,_T,_Z,_Z,_Z,2009,A,PS,
3310091,P1Y,0,,A,PU,_Z,2,,,False,WB_WDI,WB_WDI_SP_POP_TOTL,URY,_T,_T,_T,_Z,_Z,_Z,2009,A,PS,
27939328,P1Y,0,,A,PU,_Z,2,,,False,WB_WDI,WB_WDI_SP_POP_TOTL,UZB,_T,_T,_T,_Z,_Z,_Z,2009,A,PS,
232731,P1Y,0,,A,PU,_Z,2,,,False,WB_WDI,WB_WDI_SP_POP_TOTL,VUT,_T,_T,_T,_Z,_Z,_Z,2009,A,PS,
28438298,P1Y,0,,A,PU,_Z,2,,,False,WB_WDI,WB_WDI_SP_POP_TOTL,VEN,_T,_T,_T,_Z,_Z,_Z,2009,A,PS,
86460018,P1Y,0,,A,PU,_Z,2,,,False,WB_WDI,WB_WDI_SP_POP_TOTL,VNM,_T,_T,_T,_Z,_Z,_Z,2009,A,PS,
108404,P1Y,0,,A,PU,_Z,2,,,False,WB_WDI,WB_WDI_SP_POP_TOTL,VIR,_T,_T,_T,_Z,_Z,_Z,2009,A,PS,
4555962,P1Y,0,,A,PU,_Z,2,,,False,WB_WDI,WB_WDI_SP_POP_TOTL,CRI,_T,_T,_T,_Z,_Z,_Z,2010,A,PS,
22488065,P1Y,0,,A,PU,_Z,2,,,False,WB_WDI,WB_WDI_SP_POP_TOTL,CIV,_T,_T,_T,_Z,_Z,_Z,2010,A,PS,
4295427,P1Y,0,,A,PU,_Z,2,,,False,WB_WDI,WB_WDI_SP_POP_TOTL,HRV,_T,_T,_T,_Z,_Z,_Z,2010,A,PS,
11297409,P1Y,0,,A,PU,_Z,2,,,False,WB_WDI,WB_WDI_SP_POP_TOTL,CUB,_T,_T,_T,_Z,_Z,_Z,2010,A,PS,
148703,P1Y,0,,A,PU,_Z,2,,,False,WB_WDI,WB_WDI_SP_POP_TOTL,CUW,_T,_T,_T,_Z,_Z,_Z,2010,A,PS,
1127816,P1Y,0,,A,PU,_Z,2,,,False,WB_WDI,WB_WDI_SP_POP_TOTL,CYP,_T,_T,_T,_Z,_Z,_Z,2010,A,PS,
10474410,P1Y,0,,A,PU,_Z,2,,,False,WB_WDI,WB_WDI_SP_POP_TOTL,CZE,_T,_T,_T,_Z,_Z,_Z,2010,A,PS,
5547683,P1Y,0,,A,PU,_Z,2,,,False,WB_WDI,WB_WDI_SP_POP_TOTL,DNK,_T,_T,_T,_Z,_Z,_Z,2010,A,PS,
930251,P1Y,0,,A,PU,_Z,2,,,False,WB_WDI,WB_WDI_SP_POP_TOTL,DJI,_T,_T,_T,_Z,_Z,_Z,2010,A,PS,
68859,P1Y,0,,A,PU,_Z,2,,,False,WB_WDI,WB_WDI_SP_POP_TOTL,DMA,_T,_T,_T,_Z,_Z,_Z,2010,A,PS,
9820175,P1Y,0,,A,PU,_Z,2,,,False,WB_WDI,WB_WDI_SP_POP_TOTL,DOM,_T,_T,_T,_Z,_Z,_Z,2010,A,PS,
68847,P1Y,0,,A,PU,_Z,2,,,False,WB_WDI,WB_WDI_SP_POP_TOTL,DMA,_T,_T,_T,_Z,_Z,_Z,2007,A,PS,
9455658,P1Y,0,,A,PU,_Z,2,,,False,WB_WDI,WB_WDI_SP_POP_TOTL,DOM,_T,_T,_T,_Z,_Z,_Z,2007,A,PS,
14328773,P1Y,0,,A,PU,_Z,2,,,False,WB_WDI,WB_WDI_SP_POP_TOTL,ECU,_T,_T,_T,_Z,_Z,_Z,2007,A,PS,
84276225,P1Y,0,,A,PU,_Z,2,,,False,WB_WDI,WB_WDI_SP_POP_TOTL,EGY,_T,_T,_T,_Z,_Z,_Z,2007,A,PS,
6009824,P1Y,0,,A,PU,_Z,2,,,False,WB_WDI,WB_WDI_SP_POP_TOTL,SLV,_T,_T,_T,_Z,_Z,_Z,2007,A,PS,
1036044,P1Y,0,,A,PU,_Z,2,,,False,WB_WDI,WB_WDI_SP_POP_TOTL,GNQ,_T,_T,_T,_Z,_Z,_Z,2007,A,PS,
2743222,P1Y,0,,A,PU,_Z,2,,,False,WB_WDI,WB_WDI_SP_POP_TOTL,ERI,_T,_T,_T,_Z,_Z,_Z,2007,A,PS,
1340680,P1Y,0,,A,PU,_Z,2,,,False,WB_WDI,WB_WDI_SP_POP_TOTL,EST,_T,_T,_T,_Z,_Z,_Z,2007,A,PS,
1090705,P1Y,0,,A,PU,_Z,2,,,False,WB_WDI,WB_WDI_SP_POP_TOTL,SWZ,_T,_T,_T,_Z,_Z,_Z,2007,A,PS,
83103217,P1Y,0,,A,PU,_Z,2,,,False,WB_WDI,WB_WDI_SP_POP_TOTL,ETH,_T,_T,_T,_Z,_Z,_Z,2007,A,PS,
48378,P1Y,0,,A,PU,_Z,2,,,False,WB_WDI,WB_WDI_SP_POP_TOTL,FRO,_T,_T,_T,_Z,_Z,_Z,2007,A,PS,
15258093,P1Y,0,,A,PU,_Z,2,,,False,WB_WDI,WB_WDI_SP_POP_TOTL,BFA,_T,_T,_T,_Z,_Z,_Z,2008,A,PS,
8505637,P1Y,0,,A,PU,_Z,2,,,False,WB_WDI,WB_WDI_SP_POP_TOTL,BDI,_T,_T,_T,_Z,_Z,_Z,2008,A,PS,
501355,P1Y,0,,A,PU,_Z,2,,,False,WB_WDI,WB_WDI_SP_POP_TOTL,CPV,_T,_T,_T,_Z,_Z,_Z,2008,A,PS,
14053479,P1Y,0,,A,PU,_Z,2,,,False,WB_WDI,WB_WDI_SP_POP_TOTL,KHM,_T,_T,_T,_Z,_Z,_Z,2008,A,PS,
18574056,P1Y,0,,A,PU,_Z,2,,,False,WB_WDI,WB_WDI_SP_POP_TOTL,CMR,_T,_T,_T,_Z,_Z,_Z,2008,A,PS,
33247298,P1Y,0,,A,PU,_Z,2,,,False,WB_WDI,WB_WDI_SP_POP_TOTL,CAN,_T,_T,_T,_Z,_Z,_Z,2008,A,PS,
51151,P1Y,0,,A,PU,_Z,2,,,False,WB_WDI,WB_WDI_SP_POP_TOTL,CYM,_T,_T,_T,_Z,_Z,_Z,2008,A,PS,
4558984,P1Y,0,,A,PU,_Z,2,,,False,WB_WDI,WB_WDI_SP_POP_TOTL,CAF,_T,_T,_T,_Z,_Z,_Z,2008,A,PS,
11476296,P1Y,0,,A,PU,_Z,2,,,False,WB_WDI,WB_WDI_SP_POP_TOTL,TCD,_T,_T,_T,_Z,_Z,_Z,2008,A,PS,
156408,P1Y,0,,A,PU,_Z,2,,,False,WB_WDI,WB_WDI_SP_POP_TOTL,CHI,_T,_T,_T,_Z,_Z,_Z,2008,A,PS,
16838988,P1Y,0,,A,PU,_Z,2,,,False,WB_WDI,WB_WDI_SP_POP_TOTL,CHL,_T,_T,_T,_Z,_Z,_Z,2008,A,PS,
1324655000,P1Y,0,,A,PU,_Z,2,,,False,WB_WDI,WB_WDI_SP_POP_TOTL,CHN,_T,_T,_T,_Z,_Z,_Z,2008,A,PS,
43758808,P1Y,0,,A,PU,_Z,2,,,False,WB_WDI,WB_WDI_SP_POP_TOTL,COL,_T,_T,_T,_Z,_Z,_Z,2008,A,PS,
32449303,P1Y,0,,A,PU,_Z,2,,,False,WB_WDI,WB_WDI_SP_POP_TOTL,PER,_T,_T,_T,_Z,_Z,_Z,2019,A,PS,
110804683,P1Y,0,,A,PU,_Z,2,,,False,WB_WDI,WB_WDI_SP_POP_TOTL,PHL,_T,_T,_T,_Z,_Z,_Z,2019,A,PS,
37965475,P1Y,0,,A,PU,_Z,2,,,False,WB_WDI,WB_WDI_SP_POP_TOTL,POL,_T,_T,_T,_Z,_Z,_Z,2019,A,PS,
10286263,P1Y,0,,A,PU,_Z,2,,,False,WB_WDI,WB_WDI_SP_POP_TOTL,PRT,_T,_T,_T,_Z,_Z,_Z,2019,A,PS,
3302691,P1Y,0,,A,PU,_Z,2,,,False,WB_WDI,WB_WDI_SP_POP_TOTL,PRI,_T,_T,_T,_Z,_Z,_Z,2019,A,PS,
2638657,P1Y,0,,A,PU,_Z,2,,,False,WB_WDI,WB_WDI_SP_POP_TOTL,QAT,_T,_T,_T,_Z,_Z,_Z,2019,A,PS,
19371648,P1Y,0,,A,PU,_Z,2,,,False,WB_WDI,WB_WDI_SP_POP_TOTL,ROU,_T,_T,_T,_Z,_Z,_Z,2019,A,PS,
145453291,P1Y,0,,A,PU,_Z,2,,,False,WB_WDI,WB_WDI_SP_POP_TOTL,RUS,_T,_T,_T,_Z,_Z,_Z,2019,A,PS,
12776103,P1Y,0,,A,PU,_Z,2,,,False,WB_WDI,WB_WDI_SP_POP_TOTL,RWA,_T,_T,_T,_Z,_Z,_Z,2019,A,PS,
209780,P1Y,0,,A,PU,_Z,2,,,False,WB_WDI,WB_WDI_SP_POP_TOTL,WSM,_T,_T,_T,_Z,_Z,_Z,2019,A,PS,
34663,P1Y,0,,A,PU,_Z,2,,,False,WB_WDI,WB_WDI_SP_POP_TOTL,SMR,_T,_T,_T,_Z,_Z,_Z,2019,A,PS,
1472204,P1Y,0,,A,PU,_Z,2,,,False,WB_WDI,WB_WDI_SP_POP_TOTL,BHR,_T,_T,_T,_Z,_Z,_Z,2020,A,PS,
166298024,P1Y,0,,A,PU,_Z,2,,,False,WB_WDI,WB_WDI_SP_POP_TOTL,BGD,_T,_T,_T,_Z,_Z,_Z,2020,A,PS,
281698,P1Y,0,,A,PU,_Z,2,,,False,WB_WDI,WB_WDI_SP_POP_TOTL,BRB,_T,_T,_T,_Z,_Z,_Z,2020,A,PS,
9379952,P1Y,0,,A,PU,_Z,2,,,False,WB_WDI,WB_WDI_SP_POP_TOTL,BLR,_T,_T,_T,_Z,_Z,_Z,2020,A,PS,
11538604,P1Y,0,,A,PU,_Z,2,,,False,WB_WDI,WB_WDI_SP_POP_TOTL,BEL,_T,_T,_T,_Z,_Z,_Z,2020,A,PS,
390812,P1Y,0,,A,PU,_Z,2,,,False,WB_WDI,WB_WDI_SP_POP_TOTL,BLZ,_T,_T,_T,_Z,_Z,_Z,2020,A,PS,
13070169,P1Y,0,,A,PU,_Z,2,,,False,WB_WDI,WB_WDI_SP_POP_TOTL,BEN,_T,_T,_T,_Z,_Z,_Z,2020,A,PS,
64382,P1Y,0,,A,PU,_Z,2,,,False,WB_WDI,WB_WDI_SP_POP_TOTL,BMU,_T,_T,_T,_Z,_Z,_Z,2020,A,PS,
770006,P1Y,0,,A,PU,_Z,2,,,False,WB_WDI,WB_WDI_SP_POP_TOTL,BTN,_T,_T,_T,_Z,_Z,_Z,2020,A,PS,
11816299,P1Y,0,,A,PU,_Z,2,,,False,WB_WDI,WB_WDI_SP_POP_TOTL,BOL,_T,_T,_T,_Z,_Z,_Z,2020,A,PS,
3299349,P1Y,0,,A,PU,_Z,2,,,False,WB_WDI,WB_WDI_SP_POP_TOTL,BIH,_T,_T,_T,_Z,_Z,_Z,2020,A,PS,
6623183,P1Y,0,,A,PU,_Z,2,,,False,WB_WDI,WB_WDI_SP_POP_TOTL,SRB,_T,_T,_T,_Z,_Z,_Z,2023,A,PS,
119773,P1Y,0,,A,PU,_Z,2,,,False,WB_WDI,WB_WDI_SP_POP_TOTL,SYC,_T,_T,_T,_Z,_Z,_Z,2023,A,PS,
8460512,P1Y,0,,A,PU,_Z,2,,,False,WB_WDI,WB_WDI_SP_POP_TOTL,SLE,_T,_T,_T,_Z,_Z,_Z,2023,A,PS,
5917648,P1Y,0,,A,PU,_Z,2,,,False,WB_WDI,WB_WDI_SP_POP_TOTL,SGP,_T,_T,_T,_Z,_Z,_Z,2023,A,PS,
42749,P1Y,0,,A,PU,_Z,2,,,False,WB_WDI,WB_WDI_SP_POP_TOTL,SXM,_T,_T,_T,_Z,_Z,_Z,2023,A,PS,
5426740,P1Y,0,,A,PU,_Z,2,,,False,WB_WDI,WB_WDI_SP_POP_TOTL,SVK,_T,_T,_T,_Z,_Z,_Z,2023,A,PS,
2120461,P1Y,0,,A,PU,_Z,2,,,False,WB_WDI,WB_WDI_SP_POP_TOTL,SVN,_T,_T,_T,_Z,_Z,_Z,2023,A,PS,
800005,P1Y,0,,A,PU,_Z,2,,,False,WB_WDI,WB_WDI_SP_POP_TOTL,SLB,_T,_T,_T,_Z,_Z,_Z,2023,A,PS,
18358615,P1Y,0,,A,PU,_Z,2,,,False,WB_WDI,WB_WDI_SP_POP_TOTL,SOM,_T,_T,_T,_Z,_Z,_Z,2023,A,PS,
63212384,P1Y,0,,A,PU,_Z,2,,,False,WB_WDI,WB_WDI_SP_POP_TOTL,ZAF,_T,_T,_T,_Z,_Z,_Z,2023,A,PS,
11483374,P1Y,0,,A,PU,_Z,2,,,False,WB_WDI,WB_WDI_SP_POP_TOTL,SSD,_T,_T,_T,_Z,_Z,_Z,2023,A,PS,
48352528,P1Y,0,,A,PU,_Z,2,,,False,WB_WDI,WB_WDI_SP_POP_TOTL,ESP,_T,_T,_T,_Z,_Z,_Z,2023,A,PS,
22037000,P1Y,0,,A,PU,_Z,2,,,False,WB_WDI,WB_WDI_SP_POP_TOTL,LKA,_T,_T,_T,_Z,_Z,_Z,2023,A,PS,
46758,P1Y,0,,A,PU,_Z,2,,,False,WB_WDI,WB_WDI_SP_POP_TOTL,KNA,_T,_T,_T,_Z,_Z,_Z,2023,A,PS,
49054708,P1Y,0,,A,PU,_Z,2,,,False,WB_WDI,WB_WDI_SP_POP_TOTL,KOR,_T,_T,_T,_Z,_Z,_Z,2008,A,PS,
1800858,P1Y,0,,A,PU,_Z,2,,,False,WB_WDI,WB_WDI_SP_POP_TOTL,XKX,_T,_T,_T,_Z,_Z,_Z,2008,A,PS,
2651421,P1Y,0,,A,PU,_Z,2,,,False,WB_WDI,WB_WDI_SP_POP_TOTL,KWT,_T,_T,_T,_Z,_Z,_Z,2008,A,PS,
5318729,P1Y,0,,A,PU,_Z,2,,,False,WB_WDI,WB_WDI_SP_POP_TOTL,KGZ,_T,_T,_T,_Z,_Z,_Z,2008,A,PS,
6148969,P1Y,0,,A,PU,_Z,2,,,False,WB_WDI,WB_WDI_SP_POP_TOTL,LAO,_T,_T,_T,_Z,_Z,_Z,2008,A,PS,
2177322,P1Y,0,,A,PU,_Z,2,,,False,WB_WDI,WB_WDI_SP_POP_TOTL,LVA,_T,_T,_T,_Z,_Z,_Z,2008,A,PS,
4925354,P1Y,0,,A,PU,_Z,2,,,False,WB_WDI,WB_WDI_SP_POP_TOTL,LBN,_T,_T,_T,_Z,_Z,_Z,2008,A,PS,
1966541,P1Y,0,,A,PU,_Z,2,,,False,WB_WDI,WB_WDI_SP_POP_TOTL,LSO,_T,_T,_T,_Z,_Z,_Z,2008,A,PS,
3821003,P1Y,0,,A,PU,_Z,2,,,False,WB_WDI,WB_WDI_SP_POP_TOTL,LBR,_T,_T,_T,_Z,_Z,_Z,2008,A,PS,
6235430,P1Y,0,,A,PU,_Z,2,,,False,WB_WDI,WB_WDI_SP_POP_TOTL,LBY,_T,_T,_T,_Z,_Z,_Z,2008,A,PS,
35473,P1Y,0,,A,PU,_Z,2,,,False,WB_WDI,WB_WDI_SP_POP_TOTL,LIE,_T,_T,_T,_Z,_Z,_Z,2008,A,PS,
3198231,P1Y,0,,A,PU,_Z,2,,,False,WB_WDI,WB_WDI_SP_POP_TOTL,LTU,_T,_T,_T,_Z,_Z,_Z,2008,A,PS,
488650,P1Y,0,,A,PU,_Z,2,,,False,WB_WDI,WB_WDI_SP_POP_TOTL,LUX,_T,_T,_T,_Z,_Z,_Z,2008,A,PS,
26352124,P1Y,0,,A,PU,_Z,2,,,False,WB_WDI,WB_WDI_SP_POP_TOTL,UGA,_T,_T,_T,_Z,_Z,_Z,2003,A,PS,
48315136,P1Y,0,,A,PU,_Z,2,,,False,WB_WDI,WB_WDI_SP_POP_TOTL,UKR,_T,_T,_T,_Z,_Z,_Z,2003,A,PS,
4192457,P1Y,0,,A,PU,_Z,2,,,False,WB_WDI,WB_WDI_SP_POP_TOTL,ARE,_T,_T,_T,_Z,_Z,_Z,2003,A,PS,
59647577,P1Y,0,,A,PU,_Z,2,,,False,WB_WDI,WB_WDI_SP_POP_TOTL,GBR,_T,_T,_T,_Z,_Z,_Z,2003,A,PS,
290107933,P1Y,0,,A,PU,_Z,2,,,False,WB_WDI,WB_WDI_SP_POP_TOTL,USA,_T,_T,_T,_Z,_Z,_Z,2003,A,PS,
3281186,P1Y,0,,A,PU,_Z,2,,,False,WB_WDI,WB_WDI_SP_POP_TOTL,URY,_T,_T,_T,_Z,_Z,_Z,2003,A,PS,
25711259,P1Y,0,,A,PU,_Z,2,,,False,WB_WDI,WB_WDI_SP_POP_TOTL,UZB,_T,_T,_T,_Z,_Z,_Z,2003,A,PS,
200746,P1Y,0,,A,PU,_Z,2,,,False,WB_WDI,WB_WDI_SP_POP_TOTL,VUT,_T,_T,_T,_Z,_Z,_Z,2003,A,PS,
25892703,P1Y,0,,A,PU,_Z,2,,,False,WB_WDI,WB_WDI_SP_POP_TOTL,VEN,_T,_T,_T,_Z,_Z,_Z,2003,A,PS,
79563777,P1Y,0,,A,PU,_Z,2,,,False,WB_WDI,WB_WDI_SP_POP_TOTL,VNM,_T,_T,_T,_Z,_Z,_Z,2003,A,PS,
108505,P1Y,0,,A,PU,_Z,2,,,False,WB_WDI,WB_WDI_SP_POP_TOTL,VIR,_T,_T,_T,_Z,_Z,_Z,2003,A,PS,
3154969,P1Y,0,,A,PU,_Z,2,,,False,WB_WDI,WB_WDI_SP_POP_TOTL,PSE,_T,_T,_T,_Z,_Z,_Z,2003,A,PS,
21456379,P1Y,0,,A,PU,_Z,2,,,False,WB_WDI,WB_WDI_SP_POP_TOTL,YEM,_T,_T,_T,_Z,_Z,_Z,2003,A,PS,
43071211,P1Y,0,,A,PU,_Z,2,,,False,WB_WDI,WB_WDI_SP_POP_TOTL,IRQ,_T,_T,_T,_Z,_Z,_Z,2021,A,PS,
5110585,P1Y,0,,A,PU,_Z,2,,,False,WB_WDI,WB_WDI_SP_POP_TOTL,IRL,_T,_T,_T,_Z,_Z,_Z,2021,A,PS,
84106,P1Y,0,,A,PU,_Z,2,,,False,WB_WDI,WB_WDI_SP_POP_TOTL,IMN,_T,_T,_T,_Z,_Z,_Z,2021,A,PS,
9371400,P1Y,0,,A,PU,_Z,2,,,False,WB_WDI,WB_WDI_SP_POP_TOTL,ISR,_T,_T,_T,_Z,_Z,_Z,2021,A,PS,
59133173,P1Y,0,,A,PU,_Z,2,,,False,WB_WDI,WB_WDI_SP_POP_TOTL,ITA,_T,_T,_T,_Z,_Z,_Z,2021,A,PS,
2837682,P1Y,0,,A,PU,_Z,2,,,False,WB_WDI,WB_WDI_SP_POP_TOTL,JAM,_T,_T,_T,_Z,_Z,_Z,2021,A,PS,
125681593,P1Y,0,,A,PU,_Z,2,,,False,WB_WDI,WB_WDI_SP_POP_TOTL,JPN,_T,_T,_T,_Z,_Z,_Z,2021,A,PS,
11066356,P1Y,0,,A,PU,_Z,2,,,False,WB_WDI,WB_WDI_SP_POP_TOTL,JOR,_T,_T,_T,_Z,_Z,_Z,2021,A,PS,
19743603,P1Y,0,,A,PU,_Z,2,,,False,WB_WDI,WB_WDI_SP_POP_TOTL,KAZ,_T,_T,_T,_Z,_Z,_Z,2021,A,PS,
53219166,P1Y,0,,A,PU,_Z,2,,,False,WB_WDI,WB_WDI_SP_POP_TOTL,KEN,_T,_T,_T,_Z,_Z,_Z,2021,A,PS,
128377,P1Y,0,,A,PU,_Z,2,,,False,WB_WDI,WB_WDI_SP_POP_TOTL,KIR,_T,_T,_T,_Z,_Z,_Z,2021,A,PS,
26232534,P1Y,0,,A,PU,_Z,2,,,False,WB_WDI,WB_WDI_SP_POP_TOTL,PRK,_T,_T,_T,_Z,_Z,_Z,2021,A,PS,
40424148,P1Y,0,,A,PU,_Z,2,,,False,WB_WDI,WB_WDI_SP_POP_TOTL,ARG,_T,_T,_T,_Z,_Z,_Z,2008,A,PS,
3087100,P1Y,0,,A,PU,_Z,2,,,False,WB_WDI,WB_WDI_SP_POP_TOTL,ARM,_T,_T,_T,_Z,_Z,_Z,2008,A,PS,
100917,P1Y,0,,A,PU,_Z,2,,,False,WB_WDI,WB_WDI_SP_POP_TOTL,ABW,_T,_T,_T,_Z,_Z,_Z,2008,A,PS,
21249199,P1Y,0,,A,PU,_Z,2,,,False,WB_WDI,WB_WDI_SP_POP_TOTL,AUS,_T,_T,_T,_Z,_Z,_Z,2008,A,PS,
8321496,P1Y,0,,A,PU,_Z,2,,,False,WB_WDI,WB_WDI_SP_POP_TOTL,AUT,_T,_T,_T,_Z,_Z,_Z,2008,A,PS,
8763400,P1Y,0,,A,PU,_Z,2,,,False,WB_WDI,WB_WDI_SP_POP_TOTL,AZE,_T,_T,_T,_Z,_Z,_Z,2008,A,PS,
358120,P1Y,0,,A,PU,_Z,2,,,False,WB_WDI,WB_WDI_SP_POP_TOTL,BHS,_T,_T,_T,_Z,_Z,_Z,2008,A,PS,
1103496,P1Y,0,,A,PU,_Z,2,,,False,WB_WDI,WB_WDI_SP_POP_TOTL,BHR,_T,_T,_T,_Z,_Z,_Z,2008,A,PS,
149474264,P1Y,0,,A,PU,_Z,2,,,False,WB_WDI,WB_WDI_SP_POP_TOTL,BGD,_T,_T,_T,_Z,_Z,_Z,2008,A,PS,
272714,P1Y,0,,A,PU,_Z,2,,,False,WB_WDI,WB_WDI_SP_POP_TOTL,BRB,_T,_T,_T,_Z,_Z,_Z,2008,A,PS,
9527985,P1Y,0,,A,PU,_Z,2,,,False,WB_WDI,WB_WDI_SP_POP_TOTL,BLR,_T,_T,_T,_Z,_Z,_Z,2008,A,PS,
4366140,P1Y,0,,A,PU,_Z,2,,,False,WB_WDI,WB_WDI_SP_POP_TOTL,CSS,_T,_T,_T,_Z,_Z,_Z,2017,A,PS,
102337501,P1Y,0,,A,PU,_Z,2,,,False,WB_WDI,WB_WDI_SP_POP_TOTL,CEB,_T,_T,_T,_Z,_Z,_Z,2017,A,PS,
3274060446,P1Y,0,,A,PU,_Z,2,,,False,WB_WDI,WB_WDI_SP_POP_TOTL,EAR,_T,_T,_T,_Z,_Z,_Z,2017,A,PS,
2333475520,P1Y,0,,A,PU,_Z,2,,,False,WB_WDI,WB_WDI_SP_POP_TOTL,EAS,_T,_T,_T,_Z,_Z,_Z,2017,A,PS,
2087238522,P1Y,0,,A,PU,_Z,2,,,False,WB_WDI,WB_WDI_SP_POP_TOTL,EAP,_T,_T,_T,_Z,_Z,_Z,2017,A,PS,
2061449949,P1Y,0,,A,PU,_Z,2,,,False,WB_WDI,WB_WDI_SP_POP_TOTL,TEA,_T,_T,_T,_Z,_Z,_Z,2017,A,PS,
351613647,P1Y,0,,A,PU,_Z,2,,,False,WB_WDI,WB_WDI_SP_POP_TOTL,EMU,_T,_T,_T,_Z,_Z,_Z,2017,A,PS,
915063823,P1Y,0,,A,PU,_Z,2,,,False,WB_WDI,WB_WDI_SP_POP_TOTL,ECS,_T,_T,_T,_Z,_Z,_Z,2017,A,PS,
244308649,P1Y,0,,A,PU,_Z,2,,,False,WB_WDI,WB_WDI_SP_POP_TOTL,ECA,_T,_T,_T,_Z,_Z,_Z,2017,A,PS,
458010325,P1Y,0,,A,PU,_Z,2,,,False,WB_WDI,WB_WDI_SP_POP_TOTL,TEC,_T,_T,_T,_Z,_Z,_Z,2017,A,PS,
445321060,P1Y,0,,A,PU,_Z,2,,,False,WB_WDI,WB_WDI_SP_POP_TOTL,EUU,_T,_T,_T,_Z,_Z,_Z,2017,A,PS,
778657210,P1Y,0,,A,PU,_Z,2,,,False,WB_WDI,WB_WDI_SP_POP_TOTL,HPC,_T,_T,_T,_Z,_Z,_Z,2017,A,PS,
1380317891,P1Y,0,,A,PU,_Z,2,,,False,WB_WDI,WB_WDI_SP_POP_TOTL,HIC,_T,_T,_T,_Z,_Z,_Z,2017,A,PS,
2179525352,P1Y,0,,A,PU,_Z,2,,,False,WB_WDI,WB_WDI_SP_POP_TOTL,LTE,_T,_T,_T,_Z,_Z,_Z,2010,A,PS,
587752505,P1Y,0,,A,PU,_Z,2,,,False,WB_WDI,WB_WDI_SP_POP_TOTL,LCN,_T,_T,_T,_Z,_Z,_Z,2010,A,PS,
551960581,P1Y,0,,A,PU,_Z,2,,,False,WB_WDI,WB_WDI_SP_POP_TOTL,LAC,_T,_T,_T,_Z,_Z,_Z,2010,A,PS,
571822092,P1Y,0,,A,PU,_Z,2,,,False,WB_WDI,WB_WDI_SP_POP_TOTL,TLA,_T,_T,_T,_Z,_Z,_Z,2010,A,PS,
854941316,P1Y,0,,A,PU,_Z,2,,,False,WB_WDI,WB_WDI_SP_POP_TOTL,LDC,_T,_T,_T,_Z,_Z,_Z,2010,A,PS,
5672202320,P1Y,0,,A,PU,_Z,2,,,False,WB_WDI,WB_WDI_SP_POP_TOTL,LMY,_T,_T,_T,_Z,_Z,_Z,2010,A,PS,
513321520,P1Y,0,,A,PU,_Z,2,,,False,WB_WDI,WB_WDI_SP_POP_TOTL,LIC,_T,_T,_T,_Z,_Z,_Z,2010,A,PS,
2373327552,P1Y,0,,A,PU,_Z,2,,,False,WB_WDI,WB_WDI_SP_POP_TOTL,LMC,_T,_T,_T,_Z,_Z,_Z,2010,A,PS,
624828664,P1Y,0,,A,PU,_Z,2,,,False,WB_WDI,WB_WDI_SP_POP_TOTL,MEA,_T,_T,_T,_Z,_Z,_Z,2010,A,PS,
577396038,P1Y,0,,A,PU,_Z,2,,,False,WB_WDI,WB_WDI_SP_POP_TOTL,MNA,_T,_T,_T,_Z,_Z,_Z,2010,A,PS,
573609877,P1Y,0,,A,PU,_Z,2,,,False,WB_WDI,WB_WDI_SP_POP_TOTL,TMN,_T,_T,_T,_Z,_Z,_Z,2010,A,PS,
5158880800,P1Y,0,,A,PU,_Z,2,,,False,WB_WDI,WB_WDI_SP_POP_TOTL,MIC,_T,_T,_T,_Z,_Z,_Z,2010,A,PS,
343447854,P1Y,0,,A,PU,_Z,2,,,False,WB_WDI,WB_WDI_SP_POP_TOTL,NAC,_T,_T,_T,_Z,_Z,_Z,2010,A,PS,
7128045,P1Y,0,,A,PU,_Z,2,,,False,WB_WDI,WB_WDI_SP_POP_TOTL,LAO,_T,_T,_T,_Z,_Z,_Z,2018,A,PS,
1927174,P1Y,0,,A,PU,_Z,2,,,False,WB_WDI,WB_WDI_SP_POP_TOTL,LVA,_T,_T,_T,_Z,_Z,_Z,2018,A,PS,
5984119,P1Y,0,,A,PU,_Z,2,,,False,WB_WDI,WB_WDI_SP_POP_TOTL,LBN,_T,_T,_T,_Z,_Z,_Z,2018,A,PS,
2183603,P1Y,0,,A,PU,_Z,2,,,False,WB_WDI,WB_WDI_SP_POP_TOTL,LSO,_T,_T,_T,_Z,_Z,_Z,2018,A,PS,
4944726,P1Y,0,,A,PU,_Z,2,,,False,WB_WDI,WB_WDI_SP_POP_TOTL,LBR,_T,_T,_T,_Z,_Z,_Z,2018,A,PS,
6849055,P1Y,0,,A,PU,_Z,2,,,False,WB_WDI,WB_WDI_SP_POP_TOTL,LBY,_T,_T,_T,_Z,_Z,_Z,2018,A,PS,
38246,P1Y,0,,A,PU,_Z,2,,,False,WB_WDI,WB_WDI_SP_POP_TOTL,LIE,_T,_T,_T,_Z,_Z,_Z,2018,A,PS,
2819200,P1Y,0,,A,PU,_Z,2,,,False,WB_WDI,WB_WDI_SP_POP_TOTL,LTU,_T,_T,_T,_Z,_Z,_Z,2018,A,PS,
607950,P1Y,0,,A,PU,_Z,2,,,False,WB_WDI,WB_WDI_SP_POP_TOTL,LUX,_T,_T,_T,_Z,_Z,_Z,2018,A,PS,
658900,P1Y,0,,A,PU,_Z,2,,,False,WB_WDI,WB_WDI_SP_POP_TOTL,MAC,_T,_T,_T,_Z,_Z,_Z,2018,A,PS,
27494926,P1Y,0,,A,PU,_Z,2,,,False,WB_WDI,WB_WDI_SP_POP_TOTL,MDG,_T,_T,_T,_Z,_Z,_Z,2018,A,PS,
3805174,P1Y,0,,A,PU,_Z,2,,,False,WB_WDI,WB_WDI_SP_POP_TOTL,IRL,_T,_T,_T,_Z,_Z,_Z,2000,A,PS,
75659,P1Y,0,,A,PU,_Z,2,,,False,WB_WDI,WB_WDI_SP_POP_TOTL,IMN,_T,_T,_T,_Z,_Z,_Z,2000,A,PS,
6289000,P1Y,0,,A,PU,_Z,2,,,False,WB_WDI,WB_WDI_SP_POP_TOTL,ISR,_T,_T,_T,_Z,_Z,_Z,2000,A,PS,
56942108,P1Y,0,,A,PU,_Z,2,,,False,WB_WDI,WB_WDI_SP_POP_TOTL,ITA,_T,_T,_T,_Z,_Z,_Z,2000,A,PS,
2607826,P1Y,0,,A,PU,_Z,2,,,False,WB_WDI,WB_WDI_SP_POP_TOTL,JAM,_T,_T,_T,_Z,_Z,_Z,2000,A,PS,
126843000,P1Y,0,,A,PU,_Z,2,,,False,WB_WDI,WB_WDI_SP_POP_TOTL,JPN,_T,_T,_T,_Z,_Z,_Z,2000,A,PS,
5386945,P1Y,0,,A,PU,_Z,2,,,False,WB_WDI,WB_WDI_SP_POP_TOTL,JOR,_T,_T,_T,_Z,_Z,_Z,2000,A,PS,
15501103,P1Y,0,,A,PU,_Z,2,,,False,WB_WDI,WB_WDI_SP_POP_TOTL,KAZ,_T,_T,_T,_Z,_Z,_Z,2000,A,PS,
30642890,P1Y,0,,A,PU,_Z,2,,,False,WB_WDI,WB_WDI_SP_POP_TOTL,KEN,_T,_T,_T,_Z,_Z,_Z,2000,A,PS,
88613,P1Y,0,,A,PU,_Z,2,,,False,WB_WDI,WB_WDI_SP_POP_TOTL,KIR,_T,_T,_T,_Z,_Z,_Z,2000,A,PS,
23665910,P1Y,0,,A,PU,_Z,2,,,False,WB_WDI,WB_WDI_SP_POP_TOTL,PRK,_T,_T,_T,_Z,_Z,_Z,2000,A,PS,
47008111,P1Y,0,,A,PU,_Z,2,,,False,WB_WDI,WB_WDI_SP_POP_TOTL,KOR,_T,_T,_T,_Z,_Z,_Z,2000,A,PS,
1802493,P1Y,0,,A,PU,_Z,2,,,False,WB_WDI,WB_WDI_SP_POP_TOTL,XKX,_T,_T,_T,_Z,_Z,_Z,2000,A,PS,
1954709,P1Y,0,,A,PU,_Z,2,,,False,WB_WDI,WB_WDI_SP_POP_TOTL,KWT,_T,_T,_T,_Z,_Z,_Z,2000,A,PS,
912989,P1Y,0,,A,PU,_Z,2,,,False,WB_WDI,WB_WDI_SP_POP_TOTL,FJI,_T,_T,_T,_Z,_Z,_Z,2011,A,PS,
5388272,P1Y,0,,A,PU,_Z,2,,,False,WB_WDI,WB_WDI_SP_POP_TOTL,FIN,_T,_T,_T,_Z,_Z,_Z,2011,A,PS,
65340830,P1Y,0,,A,PU,_Z,2,,,False,WB_WDI,WB_WDI_SP_POP_TOTL,FRA,_T,_T,_T,_Z,_Z,_Z,2011,A,PS,
271727,P1Y,0,,A,PU,_Z,2,,,False,WB_WDI,WB_WDI_SP_POP_TOTL,PYF,_T,_T,_T,_Z,_Z,_Z,2011,A,PS,
1781985,P1Y,0,,A,PU,_Z,2,,,False,WB_WDI,WB_WDI_SP_POP_TOTL,GAB,_T,_T,_T,_Z,_Z,_Z,2011,A,PS,
1983784,P1Y,0,,A,PU,_Z,2,,,False,WB_WDI,WB_WDI_SP_POP_TOTL,GMB,_T,_T,_T,_Z,_Z,_Z,2011,A,PS,
3756441,P1Y,0,,A,PU,_Z,2,,,False,WB_WDI,WB_WDI_SP_POP_TOTL,GEO,_T,_T,_T,_Z,_Z,_Z,2011,A,PS,
80274983,P1Y,0,,A,PU,_Z,2,,,False,WB_WDI,WB_WDI_SP_POP_TOTL,DEU,_T,_T,_T,_Z,_Z,_Z,2011,A,PS,
26095088,P1Y,0,,A,PU,_Z,2,,,False,WB_WDI,WB_WDI_SP_POP_TOTL,GHA,_T,_T,_T,_Z,_Z,_Z,2011,A,PS,
31660,P1Y,0,,A,PU,_Z,2,,,False,WB_WDI,WB_WDI_SP_POP_TOTL,GIB,_T,_T,_T,_Z,_Z,_Z,2011,A,PS,
11104899,P1Y,0,,A,PU,_Z,2,,,False,WB_WDI,WB_WDI_SP_POP_TOTL,GRC,_T,_T,_T,_Z,_Z,_Z,2011,A,PS,
56890,P1Y,0,,A,PU,_Z,2,,,False,WB_WDI,WB_WDI_SP_POP_TOTL,GRL,_T,_T,_T,_Z,_Z,_Z,2011,A,PS,
112079,P1Y,0,,A,PU,_Z,2,,,False,WB_WDI,WB_WDI_SP_POP_TOTL,GRD,_T,_T,_T,_Z,_Z,_Z,2011,A,PS,
10525347,P1Y,0,,A,PU,_Z,2,,,False,WB_WDI,WB_WDI_SP_POP_TOTL,CZE,_T,_T,_T,_Z,_Z,_Z,2014,A,PS,
5643475,P1Y,0,,A,PU,_Z,2,,,False,WB_WDI,WB_WDI_SP_POP_TOTL,DNK,_T,_T,_T,_Z,_Z,_Z,2014,A,PS,
1002717,P1Y,0,,A,PU,_Z,2,,,False,WB_WDI,WB_WDI_SP_POP_TOTL,DJI,_T,_T,_T,_Z,_Z,_Z,2014,A,PS,
70373,P1Y,0,,A,PU,_Z,2,,,False,WB_WDI,WB_WDI_SP_POP_TOTL,DMA,_T,_T,_T,_Z,_Z,_Z,2014,A,PS,
10315528,P1Y,0,,A,PU,_Z,2,,,False,WB_WDI,WB_WDI_SP_POP_TOTL,DOM,_T,_T,_T,_Z,_Z,_Z,2014,A,PS,
16035124,P1Y,0,,A,PU,_Z,2,,,False,WB_WDI,WB_WDI_SP_POP_TOTL,ECU,_T,_T,_T,_Z,_Z,_Z,2014,A,PS,
97528654,P1Y,0,,A,PU,_Z,2,,,False,WB_WDI,WB_WDI_SP_POP_TOTL,EGY,_T,_T,_T,_Z,_Z,_Z,2014,A,PS,
6162955,P1Y,0,,A,PU,_Z,2,,,False,WB_WDI,WB_WDI_SP_POP_TOTL,SLV,_T,_T,_T,_Z,_Z,_Z,2014,A,PS,
1399828,P1Y,0,,A,PU,_Z,2,,,False,WB_WDI,WB_WDI_SP_POP_TOTL,GNQ,_T,_T,_T,_Z,_Z,_Z,2014,A,PS,
3095173,P1Y,0,,A,PU,_Z,2,,,False,WB_WDI,WB_WDI_SP_POP_TOTL,ERI,_T,_T,_T,_Z,_Z,_Z,2014,A,PS,
1314545,P1Y,0,,A,PU,_Z,2,,,False,WB_WDI,WB_WDI_SP_POP_TOTL,EST,_T,_T,_T,_Z,_Z,_Z,2014,A,PS,
6161528496,P1Y,0,,A,PU,_Z,2,,,False,WB_WDI,WB_WDI_SP_POP_TOTL,WLD,_T,_T,_T,_Z,_Z,_Z,2000,A,PS,
20130327,P1Y,0,,A,PU,_Z,2,,,False,WB_WDI,WB_WDI_SP_POP_TOTL,AFG,_T,_T,_T,_Z,_Z,_Z,2000,A,PS,
3089027,P1Y,0,,A,PU,_Z,2,,,False,WB_WDI,WB_WDI_SP_POP_TOTL,ALB,_T,_T,_T,_Z,_Z,_Z,2000,A,PS,
30903893,P1Y,0,,A,PU,_Z,2,,,False,WB_WDI,WB_WDI_SP_POP_TOTL,DZA,_T,_T,_T,_Z,_Z,_Z,2000,A,PS,
56855,P1Y,0,,A,PU,_Z,2,,,False,WB_WDI,WB_WDI_SP_POP_TOTL,ASM,_T,_T,_T,_Z,_Z,_Z,2000,A,PS,
65685,P1Y,0,,A,PU,_Z,2,,,False,WB_WDI,WB_WDI_SP_POP_TOTL,AND,_T,_T,_T,_Z,_Z,_Z,2000,A,PS,
16194869,P1Y,0,,A,PU,_Z,2,,,False,WB_WDI,WB_WDI_SP_POP_TOTL,AGO,_T,_T,_T,_Z,_Z,_Z,2000,A,PS,
74912,P1Y,0,,A,PU,_Z,2,,,False,WB_WDI,WB_WDI_SP_POP_TOTL,ATG,_T,_T,_T,_Z,_Z,_Z,2000,A,PS,
37213984,P1Y,0,,A,PU,_Z,2,,,False,WB_WDI,WB_WDI_SP_POP_TOTL,ARG,_T,_T,_T,_Z,_Z,_Z,2000,A,PS,
3221100,P1Y,0,,A,PU,_Z,2,,,False,WB_WDI,WB_WDI_SP_POP_TOTL,ARM,_T,_T,_T,_Z,_Z,_Z,2000,A,PS,
90588,P1Y,0,,A,PU,_Z,2,,,False,WB_WDI,WB_WDI_SP_POP_TOTL,ABW,_T,_T,_T,_Z,_Z,_Z,2000,A,PS,
19028802,P1Y,0,,A,PU,_Z,2,,,False,WB_WDI,WB_WDI_SP_POP_TOTL,AUS,_T,_T,_T,_Z,_Z,_Z,2000,A,PS,
8011566,P1Y,0,,A,PU,_Z,2,,,False,WB_WDI,WB_WDI_SP_POP_TOTL,AUT,_T,_T,_T,_Z,_Z,_Z,2000,A,PS,
8048600,P1Y,0,,A,PU,_Z,2,,,False,WB_WDI,WB_WDI_SP_POP_TOTL,AZE,_T,_T,_T,_Z,_Z,_Z,2000,A,PS,
323835,P1Y,0,,A,PU,_Z,2,,,False,WB_WDI,WB_WDI_SP_POP_TOTL,BHS,_T,_T,_T,_Z,_Z,_Z,2000,A,PS,
48032,P1Y,0,,A,PU,_Z,2,,,False,WB_WDI,WB_WDI_SP_POP_TOTL,FRO,_T,_T,_T,_Z,_Z,_Z,2003,A,PS,
866286,P1Y,0,,A,PU,_Z,2,,,False,WB_WDI,WB_WDI_SP_POP_TOTL,FJI,_T,_T,_T,_Z,_Z,_Z,2003,A,PS,
5213014,P1Y,0,,A,PU,_Z,2,,,False,WB_WDI,WB_WDI_SP_POP_TOTL,FIN,_T,_T,_T,_Z,_Z,_Z,2003,A,PS,
62249855,P1Y,0,,A,PU,_Z,2,,,False,WB_WDI,WB_WDI_SP_POP_TOTL,FRA,_T,_T,_T,_Z,_Z,_Z,2003,A,PS,
251637,P1Y,0,,A,PU,_Z,2,,,False,WB_WDI,WB_WDI_SP_POP_TOTL,PYF,_T,_T,_T,_Z,_Z,_Z,2003,A,PS,
1382350,P1Y,0,,A,PU,_Z,2,,,False,WB_WDI,WB_WDI_SP_POP_TOTL,GAB,_T,_T,_T,_Z,_Z,_Z,2003,A,PS,
1577611,P1Y,0,,A,PU,_Z,2,,,False,WB_WDI,WB_WDI_SP_POP_TOTL,GMB,_T,_T,_T,_Z,_Z,_Z,2003,A,PS,
3951736,P1Y,0,,A,PU,_Z,2,,,False,WB_WDI,WB_WDI_SP_POP_TOTL,GEO,_T,_T,_T,_Z,_Z,_Z,2003,A,PS,
82534176,P1Y,0,,A,PU,_Z,2,,,False,WB_WDI,WB_WDI_SP_POP_TOTL,DEU,_T,_T,_T,_Z,_Z,_Z,2003,A,PS,
21296705,P1Y,0,,A,PU,_Z,2,,,False,WB_WDI,WB_WDI_SP_POP_TOTL,GHA,_T,_T,_T,_Z,_Z,_Z,2003,A,PS,
28274,P1Y,0,,A,PU,_Z,2,,,False,WB_WDI,WB_WDI_SP_POP_TOTL,GIB,_T,_T,_T,_Z,_Z,_Z,2003,A,PS,
10928070,P1Y,0,,A,PU,_Z,2,,,False,WB_WDI,WB_WDI_SP_POP_TOTL,GRC,_T,_T,_T,_Z,_Z,_Z,2003,A,PS,
56751,P1Y,0,,A,PU,_Z,2,,,False,WB_WDI,WB_WDI_SP_POP_TOTL,GRL,_T,_T,_T,_Z,_Z,_Z,2003,A,PS,
108884,P1Y,0,,A,PU,_Z,2,,,False,WB_WDI,WB_WDI_SP_POP_TOTL,GRD,_T,_T,_T,_Z,_Z,_Z,2003,A,PS,
163137,P1Y,0,,A,PU,_Z,2,,,False,WB_WDI,WB_WDI_SP_POP_TOTL,GUM,_T,_T,_T,_Z,_Z,_Z,2003,A,PS,
21976969,P1Y,0,,A,PU,_Z,2,,,False,WB_WDI,WB_WDI_SP_POP_TOTL,SYR,_T,_T,_T,_Z,_Z,_Z,2009,A,PS,
7490230,P1Y,0,,A,PU,_Z,2,,,False,WB_WDI,WB_WDI_SP_POP_TOTL,TJK,_T,_T,_T,_Z,_Z,_Z,2009,A,PS,
43633982,P1Y,0,,A,PU,_Z,2,,,False,WB_WDI,WB_WDI_SP_POP_TOTL,TZA,_T,_T,_T,_Z,_Z,_Z,2009,A,PS,
68121080,P1Y,0,,A,PU,_Z,2,,,False,WB_WDI,WB_WDI_SP_POP_TOTL,THA,_T,_T,_T,_Z,_Z,_Z,2009,A,PS,
1058782,P1Y,0,,A,PU,_Z,2,,,False,WB_WDI,WB_WDI_SP_POP_TOTL,TLS,_T,_T,_T,_Z,_Z,_Z,2009,A,PS,
6130946,P1Y,0,,A,PU,_Z,2,,,False,WB_WDI,WB_WDI_SP_POP_TOTL,TGO,_T,_T,_T,_Z,_Z,_Z,2009,A,PS,
107203,P1Y,0,,A,PU,_Z,2,,,False,WB_WDI,WB_WDI_SP_POP_TOTL,TON,_T,_T,_T,_Z,_Z,_Z,2009,A,PS,
1310106,P1Y,0,,A,PU,_Z,2,,,False,WB_WDI,WB_WDI_SP_POP_TOTL,TTO,_T,_T,_T,_Z,_Z,_Z,2009,A,PS,
10650681,P1Y,0,,A,PU,_Z,2,,,False,WB_WDI,WB_WDI_SP_POP_TOTL,TUN,_T,_T,_T,_Z,_Z,_Z,2009,A,PS,
72039206,P1Y,0,,A,PU,_Z,2,,,False,WB_WDI,WB_WDI_SP_POP_TOTL,TUR,_T,_T,_T,_Z,_Z,_Z,2009,A,PS,
5451592,P1Y,0,,A,PU,_Z,2,,,False,WB_WDI,WB_WDI_SP_POP_TOTL,TKM,_T,_T,_T,_Z,_Z,_Z,2009,A,PS,
33755,P1Y,0,,A,PU,_Z,2,,,False,WB_WDI,WB_WDI_SP_POP_TOTL,SMR,_T,_T,_T,_Z,_Z,_Z,2022,A,PS,
226305,P1Y,0,,A,PU,_Z,2,,,False,WB_WDI,WB_WDI_SP_POP_TOTL,STP,_T,_T,_T,_Z,_Z,_Z,2022,A,PS,
32175224,P1Y,0,,A,PU,_Z,2,,,False,WB_WDI,WB_WDI_SP_POP_TOTL,SAU,_T,_T,_T,_Z,_Z,_Z,2022,A,PS,
17651103,P1Y,0,,A,PU,_Z,2,,,False,WB_WDI,WB_WDI_SP_POP_TOTL,SEN,_T,_T,_T,_Z,_Z,_Z,2022,A,PS,
6664449,P1Y,0,,A,PU,_Z,2,,,False,WB_WDI,WB_WDI_SP_POP_TOTL,SRB,_T,_T,_T,_Z,_Z,_Z,2022,A,PS,
119878,P1Y,0,,A,PU,_Z,2,,,False,WB_WDI,WB_WDI_SP_POP_TOTL,SYC,_T,_T,_T,_Z,_Z,_Z,2022,A,PS,
8276807,P1Y,0,,A,PU,_Z,2,,,False,WB_WDI,WB_WDI_SP_POP_TOTL,SLE,_T,_T,_T,_Z,_Z,_Z,2022,A,PS,
5637022,P1Y,0,,A,PU,_Z,2,,,False,WB_WDI,WB_WDI_SP_POP_TOTL,SGP,_T,_T,_T,_Z,_Z,_Z,2022,A,PS,
42139,P1Y,0,,A,PU,_Z,2,,,False,WB_WDI,WB_WDI_SP_POP_TOTL,SXM,_T,_T,_T,_Z,_Z,_Z,2022,A,PS,
5431752,P1Y,0,,A,PU,_Z,2,,,False,WB_WDI,WB_WDI_SP_POP_TOTL,SVK,_T,_T,_T,_Z,_Z,_Z,2022,A,PS,
2112076,P1Y,0,,A,PU,_Z,2,,,False,WB_WDI,WB_WDI_SP_POP_TOTL,SVN,_T,_T,_T,_Z,_Z,_Z,2022,A,PS,
781066,P1Y,0,,A,PU,_Z,2,,,False,WB_WDI,WB_WDI_SP_POP_TOTL,SLB,_T,_T,_T,_Z,_Z,_Z,2022,A,PS,
17801897,P1Y,0,,A,PU,_Z,2,,,False,WB_WDI,WB_WDI_SP_POP_TOTL,SOM,_T,_T,_T,_Z,_Z,_Z,2022,A,PS,
914918,P1Y,0,,A,PU,_Z,2,,,False,WB_WDI,WB_WDI_SP_POP_TOTL,FJI,_T,_T,_T,_Z,_Z,_Z,2012,A,PS,
5413971,P1Y,0,,A,PU,_Z,2,,,False,WB_WDI,WB_WDI_SP_POP_TOTL,FIN,_T,_T,_T,_Z,_Z,_Z,2012,A,PS,
65657659,P1Y,0,,A,PU,_Z,2,,,False,WB_WDI,WB_WDI_SP_POP_TOTL,FRA,_T,_T,_T,_Z,_Z,_Z,2012,A,PS,
273084,P1Y,0,,A,PU,_Z,2,,,False,WB_WDI,WB_WDI_SP_POP_TOTL,PYF,_T,_T,_T,_Z,_Z,_Z,2012,A,PS,
1846889,P1Y,0,,A,PU,_Z,2,,,False,WB_WDI,WB_WDI_SP_POP_TOTL,GAB,_T,_T,_T,_Z,_Z,_Z,2012,A,PS,
2043094,P1Y,0,,A,PU,_Z,2,,,False,WB_WDI,WB_WDI_SP_POP_TOTL,GMB,_T,_T,_T,_Z,_Z,_Z,2012,A,PS,
3728874,P1Y,0,,A,PU,_Z,2,,,False,WB_WDI,WB_WDI_SP_POP_TOTL,GEO,_T,_T,_T,_Z,_Z,_Z,2012,A,PS,
80425823,P1Y,0,,A,PU,_Z,2,,,False,WB_WDI,WB_WDI_SP_POP_TOTL,DEU,_T,_T,_T,_Z,_Z,_Z,2012,A,PS,
26734268,P1Y,0,,A,PU,_Z,2,,,False,WB_WDI,WB_WDI_SP_POP_TOTL,GHA,_T,_T,_T,_Z,_Z,_Z,2012,A,PS,
32029,P1Y,0,,A,PU,_Z,2,,,False,WB_WDI,WB_WDI_SP_POP_TOTL,GIB,_T,_T,_T,_Z,_Z,_Z,2012,A,PS,
11045011,P1Y,0,,A,PU,_Z,2,,,False,WB_WDI,WB_WDI_SP_POP_TOTL,GRC,_T,_T,_T,_Z,_Z,_Z,2012,A,PS,
56810,P1Y,0,,A,PU,_Z,2,,,False,WB_WDI,WB_WDI_SP_POP_TOTL,GRL,_T,_T,_T,_Z,_Z,_Z,2012,A,PS,
112775,P1Y,0,,A,PU,_Z,2,,,False,WB_WDI,WB_WDI_SP_POP_TOTL,GRD,_T,_T,_T,_Z,_Z,_Z,2012,A,PS,
1856124,P1Y,0,,A,PU,_Z,2,,,False,WB_WDI,WB_WDI_SP_POP_TOTL,MKD,_T,_T,_T,_Z,_Z,_Z,2020,A,PS,
47528,P1Y,0,,A,PU,_Z,2,,,False,WB_WDI,WB_WDI_SP_POP_TOTL,MNP,_T,_T,_T,_Z,_Z,_Z,2020,A,PS,
5379475,P1Y,0,,A,PU,_Z,2,,,False,WB_WDI,WB_WDI_SP_POP_TOTL,NOR,_T,_T,_T,_Z,_Z,_Z,2020,A,PS,
4522497,P1Y,0,,A,PU,_Z,2,,,False,WB_WDI,WB_WDI_SP_POP_TOTL,OMN,_T,_T,_T,_Z,_Z,_Z,2020,A,PS,
235001746,P1Y,0,,A,PU,_Z,2,,,False,WB_WDI,WB_WDI_SP_POP_TOTL,PAK,_T,_T,_T,_Z,_Z,_Z,2020,A,PS,
17792,P1Y,0,,A,PU,_Z,2,,,False,WB_WDI,WB_WDI_SP_POP_TOTL,PLW,_T,_T,_T,_Z,_Z,_Z,2020,A,PS,
4293261,P1Y,0,,A,PU,_Z,2,,,False,WB_WDI,WB_WDI_SP_POP_TOTL,PAN,_T,_T,_T,_Z,_Z,_Z,2020,A,PS,
9815746,P1Y,0,,A,PU,_Z,2,,,False,WB_WDI,WB_WDI_SP_POP_TOTL,PNG,_T,_T,_T,_Z,_Z,_Z,2020,A,PS,
6603739,P1Y,0,,A,PU,_Z,2,,,False,WB_WDI,WB_WDI_SP_POP_TOTL,PRY,_T,_T,_T,_Z,_Z,_Z,2020,A,PS,
32838579,P1Y,0,,A,PU,_Z,2,,,False,WB_WDI,WB_WDI_SP_POP_TOTL,PER,_T,_T,_T,_Z,_Z,_Z,2020,A,PS,
112081264,P1Y,0,,A,PU,_Z,2,,,False,WB_WDI,WB_WDI_SP_POP_TOTL,PHL,_T,_T,_T,_Z,_Z,_Z,2020,A,PS,
35854,P1Y,0,,A,PU,_Z,2,,,False,WB_WDI,WB_WDI_SP_POP_TOTL,SXM,_T,_T,_T,_Z,_Z,_Z,2013,A,PS,
5413393,P1Y,0,,A,PU,_Z,2,,,False,WB_WDI,WB_WDI_SP_POP_TOTL,SVK,_T,_T,_T,_Z,_Z,_Z,2013,A,PS,
2059953,P1Y,0,,A,PU,_Z,2,,,False,WB_WDI,WB_WDI_SP_POP_TOTL,SVN,_T,_T,_T,_Z,_Z,_Z,2013,A,PS,
594945,P1Y,0,,A,PU,_Z,2,,,False,WB_WDI,WB_WDI_SP_POP_TOTL,SLB,_T,_T,_T,_Z,_Z,_Z,2013,A,PS,
12869594,P1Y,0,,A,PU,_Z,2,,,False,WB_WDI,WB_WDI_SP_POP_TOTL,SOM,_T,_T,_T,_Z,_Z,_Z,2013,A,PS,
54678791,P1Y,0,,A,PU,_Z,2,,,False,WB_WDI,WB_WDI_SP_POP_TOTL,ZAF,_T,_T,_T,_Z,_Z,_Z,2013,A,PS,
11166275,P1Y,0,,A,PU,_Z,2,,,False,WB_WDI,WB_WDI_SP_POP_TOTL,SSD,_T,_T,_T,_Z,_Z,_Z,2013,A,PS,
46604197,P1Y,0,,A,PU,_Z,2,,,False,WB_WDI,WB_WDI_SP_POP_TOTL,ESP,_T,_T,_T,_Z,_Z,_Z,2013,A,PS,
20585000,P1Y,0,,A,PU,_Z,2,,,False,WB_WDI,WB_WDI_SP_POP_TOTL,LKA,_T,_T,_T,_Z,_Z,_Z,2013,A,PS,
47069,P1Y,0,,A,PU,_Z,2,,,False,WB_WDI,WB_WDI_SP_POP_TOTL,KNA,_T,_T,_T,_Z,_Z,_Z,2013,A,PS,
173369,P1Y,0,,A,PU,_Z,2,,,False,WB_WDI,WB_WDI_SP_POP_TOTL,LCA,_T,_T,_T,_Z,_Z,_Z,2013,A,PS,
37419,P1Y,0,,A,PU,_Z,2,,,False,WB_WDI,WB_WDI_SP_POP_TOTL,MAF,_T,_T,_T,_Z,_Z,_Z,2013,A,PS,
108135,P1Y,0,,A,PU,_Z,2,,,False,WB_WDI,WB_WDI_SP_POP_TOTL,VCT,_T,_T,_T,_Z,_Z,_Z,2013,A,PS,
5430798,P1Y,0,,A,PU,_Z,2,,,False,WB_WDI,WB_WDI_SP_POP_TOTL,SVK,_T,_T,_T,_Z,_Z,_Z,2016,A,PS,
2065042,P1Y,0,,A,PU,_Z,2,,,False,WB_WDI,WB_WDI_SP_POP_TOTL,SVN,_T,_T,_T,_Z,_Z,_Z,2016,A,PS,
662379,P1Y,0,,A,PU,_Z,2,,,False,WB_WDI,WB_WDI_SP_POP_TOTL,SLB,_T,_T,_T,_Z,_Z,_Z,2016,A,PS,
14348740,P1Y,0,,A,PU,_Z,2,,,False,WB_WDI,WB_WDI_SP_POP_TOTL,SOM,_T,_T,_T,_Z,_Z,_Z,2016,A,PS,
57259551,P1Y,0,,A,PU,_Z,2,,,False,WB_WDI,WB_WDI_SP_POP_TOTL,ZAF,_T,_T,_T,_Z,_Z,_Z,2016,A,PS,
10830102,P1Y,0,,A,PU,_Z,2,,,False,WB_WDI,WB_WDI_SP_POP_TOTL,SSD,_T,_T,_T,_Z,_Z,_Z,2016,A,PS,
46458139,P1Y,0,,A,PU,_Z,2,,,False,WB_WDI,WB_WDI_SP_POP_TOTL,ESP,_T,_T,_T,_Z,_Z,_Z,2016,A,PS,
21209000,P1Y,0,,A,PU,_Z,2,,,False,WB_WDI,WB_WDI_SP_POP_TOTL,LKA,_T,_T,_T,_Z,_Z,_Z,2016,A,PS,
47075,P1Y,0,,A,PU,_Z,2,,,False,WB_WDI,WB_WDI_SP_POP_TOTL,KNA,_T,_T,_T,_Z,_Z,_Z,2016,A,PS,
175646,P1Y,0,,A,PU,_Z,2,,,False,WB_WDI,WB_WDI_SP_POP_TOTL,LCA,_T,_T,_T,_Z,_Z,_Z,2016,A,PS,
37175,P1Y,0,,A,PU,_Z,2,,,False,WB_WDI,WB_WDI_SP_POP_TOTL,MAF,_T,_T,_T,_Z,_Z,_Z,2016,A,PS,
106349,P1Y,0,,A,PU,_Z,2,,,False,WB_WDI,WB_WDI_SP_POP_TOTL,VCT,_T,_T,_T,_Z,_Z,_Z,2016,A,PS,
10434829,P1Y,0,,A,PU,_Z,2,,,False,WB_WDI,WB_WDI_SP_POP_TOTL,DOM,_T,_T,_T,_Z,_Z,_Z,2015,A,PS,
16266225,P1Y,0,,A,PU,_Z,2,,,False,WB_WDI,WB_WDI_SP_POP_TOTL,ECU,_T,_T,_T,_Z,_Z,_Z,2015,A,PS,
99597342,P1Y,0,,A,PU,_Z,2,,,False,WB_WDI,WB_WDI_SP_POP_TOTL,EGY,_T,_T,_T,_Z,_Z,_Z,2015,A,PS,
6183676,P1Y,0,,A,PU,_Z,2,,,False,WB_WDI,WB_WDI_SP_POP_TOTL,SLV,_T,_T,_T,_Z,_Z,_Z,2015,A,PS,
1453923,P1Y,0,,A,PU,_Z,2,,,False,WB_WDI,WB_WDI_SP_POP_TOTL,GNQ,_T,_T,_T,_Z,_Z,_Z,2015,A,PS,
3105546,P1Y,0,,A,PU,_Z,2,,,False,WB_WDI,WB_WDI_SP_POP_TOTL,ERI,_T,_T,_T,_Z,_Z,_Z,2015,A,PS,
1315407,P1Y,0,,A,PU,_Z,2,,,False,WB_WDI,WB_WDI_SP_POP_TOTL,EST,_T,_T,_T,_Z,_Z,_Z,2015,A,PS,
1142813,P1Y,0,,A,PU,_Z,2,,,False,WB_WDI,WB_WDI_SP_POP_TOTL,SWZ,_T,_T,_T,_Z,_Z,_Z,2015,A,PS,
103867135,P1Y,0,,A,PU,_Z,2,,,False,WB_WDI,WB_WDI_SP_POP_TOTL,ETH,_T,_T,_T,_Z,_Z,_Z,2015,A,PS,
48898,P1Y,0,,A,PU,_Z,2,,,False,WB_WDI,WB_WDI_SP_POP_TOTL,FRO,_T,_T,_T,_Z,_Z,_Z,2015,A,PS,
918578,P1Y,0,,A,PU,_Z,2,,,False,WB_WDI,WB_WDI_SP_POP_TOTL,FJI,_T,_T,_T,_Z,_Z,_Z,2015,A,PS,
5523095,P1Y,0,,A,PU,_Z,2,,,False,WB_WDI,WB_WDI_SP_POP_TOTL,DNK,_T,_T,_T,_Z,_Z,_Z,2009,A,PS,
911527,P1Y,0,,A,PU,_Z,2,,,False,WB_WDI,WB_WDI_SP_POP_TOTL,DJI,_T,_T,_T,_Z,_Z,_Z,2009,A,PS,
68864,P1Y,0,,A,PU,_Z,2,,,False,WB_WDI,WB_WDI_SP_POP_TOTL,DMA,_T,_T,_T,_Z,_Z,_Z,2009,A,PS,
9695265,P1Y,0,,A,PU,_Z,2,,,False,WB_WDI,WB_WDI_SP_POP_TOTL,DOM,_T,_T,_T,_Z,_Z,_Z,2009,A,PS,
14825954,P1Y,0,,A,PU,_Z,2,,,False,WB_WDI,WB_WDI_SP_POP_TOTL,ECU,_T,_T,_T,_Z,_Z,_Z,2009,A,PS,
87501636,P1Y,0,,A,PU,_Z,2,,,False,WB_WDI,WB_WDI_SP_POP_TOTL,EGY,_T,_T,_T,_Z,_Z,_Z,2009,A,PS,
6048279,P1Y,0,,A,PU,_Z,2,,,False,WB_WDI,WB_WDI_SP_POP_TOTL,SLV,_T,_T,_T,_Z,_Z,_Z,2009,A,PS,
1135673,P1Y,0,,A,PU,_Z,2,,,False,WB_WDI,WB_WDI_SP_POP_TOTL,GNQ,_T,_T,_T,_Z,_Z,_Z,2009,A,PS,
2887885,P1Y,0,,A,PU,_Z,2,,,False,WB_WDI,WB_WDI_SP_POP_TOTL,ERI,_T,_T,_T,_Z,_Z,_Z,2009,A,PS,
1334515,P1Y,0,,A,PU,_Z,2,,,False,WB_WDI,WB_WDI_SP_POP_TOTL,EST,_T,_T,_T,_Z,_Z,_Z,2009,A,PS,
1105153,P1Y,0,,A,PU,_Z,2,,,False,WB_WDI,WB_WDI_SP_POP_TOTL,SWZ,_T,_T,_T,_Z,_Z,_Z,2009,A,PS,
88007636,P1Y,0,,A,PU,_Z,2,,,False,WB_WDI,WB_WDI_SP_POP_TOTL,ETH,_T,_T,_T,_Z,_Z,_Z,2009,A,PS,
138933658,P1Y,0,,A,PU,_Z,2,,,False,WB_WDI,WB_WDI_SP_POP_TOTL,BGD,_T,_T,_T,_Z,_Z,_Z,2002,A,PS,
264148,P1Y,0,,A,PU,_Z,2,,,False,WB_WDI,WB_WDI_SP_POP_TOTL,BRB,_T,_T,_T,_Z,_Z,_Z,2002,A,PS,
9865548,P1Y,0,,A,PU,_Z,2,,,False,WB_WDI,WB_WDI_SP_POP_TOTL,BLR,_T,_T,_T,_Z,_Z,_Z,2002,A,PS,
10332785,P1Y,0,,A,PU,_Z,2,,,False,WB_WDI,WB_WDI_SP_POP_TOTL,BEL,_T,_T,_T,_Z,_Z,_Z,2002,A,PS,
256009,P1Y,0,,A,PU,_Z,2,,,False,WB_WDI,WB_WDI_SP_POP_TOTL,BLZ,_T,_T,_T,_Z,_Z,_Z,2002,A,PS,
7675426,P1Y,0,,A,PU,_Z,2,,,False,WB_WDI,WB_WDI_SP_POP_TOTL,BEN,_T,_T,_T,_Z,_Z,_Z,2002,A,PS,
62142,P1Y,0,,A,PU,_Z,2,,,False,WB_WDI,WB_WDI_SP_POP_TOTL,BMU,_T,_T,_T,_Z,_Z,_Z,2002,A,PS,
624409,P1Y,0,,A,PU,_Z,2,,,False,WB_WDI,WB_WDI_SP_POP_TOTL,BTN,_T,_T,_T,_Z,_Z,_Z,2002,A,PS,
8900355,P1Y,0,,A,PU,_Z,2,,,False,WB_WDI,WB_WDI_SP_POP_TOTL,BOL,_T,_T,_T,_Z,_Z,_Z,2002,A,PS,
4188002,P1Y,0,,A,PU,_Z,2,,,False,WB_WDI,WB_WDI_SP_POP_TOTL,BIH,_T,_T,_T,_Z,_Z,_Z,2002,A,PS,
1744763,P1Y,0,,A,PU,_Z,2,,,False,WB_WDI,WB_WDI_SP_POP_TOTL,BWA,_T,_T,_T,_Z,_Z,_Z,2002,A,PS,
178503484,P1Y,0,,A,PU,_Z,2,,,False,WB_WDI,WB_WDI_SP_POP_TOTL,BRA,_T,_T,_T,_Z,_Z,_Z,2002,A,PS,
21430,P1Y,0,,A,PU,_Z,2,,,False,WB_WDI,WB_WDI_SP_POP_TOTL,VGB,_T,_T,_T,_Z,_Z,_Z,2002,A,PS,
18814091,P1Y,0,,A,PU,_Z,2,,,False,WB_WDI,WB_WDI_SP_POP_TOTL,SYR,_T,_T,_T,_Z,_Z,_Z,2005,A,PS,
6924720,P1Y,0,,A,PU,_Z,2,,,False,WB_WDI,WB_WDI_SP_POP_TOTL,TJK,_T,_T,_T,_Z,_Z,_Z,2005,A,PS,
39182076,P1Y,0,,A,PU,_Z,2,,,False,WB_WDI,WB_WDI_SP_POP_TOTL,TZA,_T,_T,_T,_Z,_Z,_Z,2005,A,PS,
66017420,P1Y,0,,A,PU,_Z,2,,,False,WB_WDI,WB_WDI_SP_POP_TOTL,THA,_T,_T,_T,_Z,_Z,_Z,2005,A,PS,
948311,P1Y,0,,A,PU,_Z,2,,,False,WB_WDI,WB_WDI_SP_POP_TOTL,TLS,_T,_T,_T,_Z,_Z,_Z,2005,A,PS,
5413154,P1Y,0,,A,PU,_Z,2,,,False,WB_WDI,WB_WDI_SP_POP_TOTL,TGO,_T,_T,_T,_Z,_Z,_Z,2005,A,PS,
105671,P1Y,0,,A,PU,_Z,2,,,False,WB_WDI,WB_WDI_SP_POP_TOTL,TON,_T,_T,_T,_Z,_Z,_Z,2005,A,PS,
1294494,P1Y,0,,A,PU,_Z,2,,,False,WB_WDI,WB_WDI_SP_POP_TOTL,TTO,_T,_T,_T,_Z,_Z,_Z,2005,A,PS,
10255472,P1Y,0,,A,PU,_Z,2,,,False,WB_WDI,WB_WDI_SP_POP_TOTL,TUN,_T,_T,_T,_Z,_Z,_Z,2005,A,PS,
69329557,P1Y,0,,A,PU,_Z,2,,,False,WB_WDI,WB_WDI_SP_POP_TOTL,TUR,_T,_T,_T,_Z,_Z,_Z,2005,A,PS,
5052257,P1Y,0,,A,PU,_Z,2,,,False,WB_WDI,WB_WDI_SP_POP_TOTL,TKM,_T,_T,_T,_Z,_Z,_Z,2005,A,PS,
23988,P1Y,0,,A,PU,_Z,2,,,False,WB_WDI,WB_WDI_SP_POP_TOTL,TCA,_T,_T,_T,_Z,_Z,_Z,2005,A,PS,
7481000,P1Y,0,,A,PU,_Z,2,,,False,WB_WDI,WB_WDI_SP_POP_TOTL,HKG,_T,_T,_T,_Z,_Z,_Z,2020,A,PS,
9670419,P1Y,0,,A,PU,_Z,2,,,False,WB_WDI,WB_WDI_SP_POP_TOTL,HUN,_T,_T,_T,_Z,_Z,_Z,2020,A,PS,
366463,P1Y,0,,A,PU,_Z,2,,,False,WB_WDI,WB_WDI_SP_POP_TOTL,ISL,_T,_T,_T,_Z,_Z,_Z,2020,A,PS,
1402617695,P1Y,0,,A,PU,_Z,2,,,False,WB_WDI,WB_WDI_SP_POP_TOTL,IND,_T,_T,_T,_Z,_Z,_Z,2020,A,PS,
274814866,P1Y,0,,A,PU,_Z,2,,,False,WB_WDI,WB_WDI_SP_POP_TOTL,IDN,_T,_T,_T,_Z,_Z,_Z,2020,A,PS,
87723443,P1Y,0,,A,PU,_Z,2,,,False,WB_WDI,WB_WDI_SP_POP_TOTL,IRN,_T,_T,_T,_Z,_Z,_Z,2020,A,PS,
42116605,P1Y,0,,A,PU,_Z,2,,,False,WB_WDI,WB_WDI_SP_POP_TOTL,IRQ,_T,_T,_T,_Z,_Z,_Z,2020,A,PS,
5039747,P1Y,0,,A,PU,_Z,2,,,False,WB_WDI,WB_WDI_SP_POP_TOTL,IRL,_T,_T,_T,_Z,_Z,_Z,2020,A,PS,
84064,P1Y,0,,A,PU,_Z,2,,,False,WB_WDI,WB_WDI_SP_POP_TOTL,IMN,_T,_T,_T,_Z,_Z,_Z,2020,A,PS,
9215100,P1Y,0,,A,PU,_Z,2,,,False,WB_WDI,WB_WDI_SP_POP_TOTL,ISR,_T,_T,_T,_Z,_Z,_Z,2020,A,PS,
59438851,P1Y,0,,A,PU,_Z,2,,,False,WB_WDI,WB_WDI_SP_POP_TOTL,ITA,_T,_T,_T,_Z,_Z,_Z,2020,A,PS,
2830739,P1Y,0,,A,PU,_Z,2,,,False,WB_WDI,WB_WDI_SP_POP_TOTL,JAM,_T,_T,_T,_Z,_Z,_Z,2020,A,PS,
179285,P1Y,0,,A,PU,_Z,2,,,False,WB_WDI,WB_WDI_SP_POP_TOTL,LCA,_T,_T,_T,_Z,_Z,_Z,2023,A,PS,
27515,P1Y,0,,A,PU,_Z,2,,,False,WB_WDI,WB_WDI_SP_POP_TOTL,MAF,_T,_T,_T,_Z,_Z,_Z,2023,A,PS,
101323,P1Y,0,,A,PU,_Z,2,,,False,WB_WDI,WB_WDI_SP_POP_TOTL,VCT,_T,_T,_T,_Z,_Z,_Z,2023,A,PS,
50042791,P1Y,0,,A,PU,_Z,2,,,False,WB_WDI,WB_WDI_SP_POP_TOTL,SDN,_T,_T,_T,_Z,_Z,_Z,2023,A,PS,
628886,P1Y,0,,A,PU,_Z,2,,,False,WB_WDI,WB_WDI_SP_POP_TOTL,SUR,_T,_T,_T,_Z,_Z,_Z,2023,A,PS,
10536632,P1Y,0,,A,PU,_Z,2,,,False,WB_WDI,WB_WDI_SP_POP_TOTL,SWE,_T,_T,_T,_Z,_Z,_Z,2023,A,PS,
8888822,P1Y,0,,A,PU,_Z,2,,,False,WB_WDI,WB_WDI_SP_POP_TOTL,CHE,_T,_T,_T,_Z,_Z,_Z,2023,A,PS,
23594623,P1Y,0,,A,PU,_Z,2,,,False,WB_WDI,WB_WDI_SP_POP_TOTL,SYR,_T,_T,_T,_Z,_Z,_Z,2023,A,PS,
10389799,P1Y,0,,A,PU,_Z,2,,,False,WB_WDI,WB_WDI_SP_POP_TOTL,TJK,_T,_T,_T,_Z,_Z,_Z,2023,A,PS,
66617606,P1Y,0,,A,PU,_Z,2,,,False,WB_WDI,WB_WDI_SP_POP_TOTL,TZA,_T,_T,_T,_Z,_Z,_Z,2023,A,PS,
71702435,P1Y,0,,A,PU,_Z,2,,,False,WB_WDI,WB_WDI_SP_POP_TOTL,THA,_T,_T,_T,_Z,_Z,_Z,2023,A,PS,
1384286,P1Y,0,,A,PU,_Z,2,,,False,WB_WDI,WB_WDI_SP_POP_TOTL,TLS,_T,_T,_T,_Z,_Z,_Z,2023,A,PS,
8223850,P1Y,0,,A,PU,_Z,2,,,False,WB_WDI,WB_WDI_SP_POP_TOTL,TGO,_T,_T,_T,_Z,_Z,_Z,2023,A,PS,
104597,P1Y,0,,A,PU,_Z,2,,,False,WB_WDI,WB_WDI_SP_POP_TOTL,TON,_T,_T,_T,_Z,_Z,_Z,2023,A,PS,
1367510,P1Y,0,,A,PU,_Z,2,,,False,WB_WDI,WB_WDI_SP_POP_TOTL,TTO,_T,_T,_T,_Z,_Z,_Z,2023,A,PS,
4184600,P1Y,0,,A,PU,_Z,2,,,False,WB_WDI,WB_WDI_SP_POP_TOTL,NZL,_T,_T,_T,_Z,_Z,_Z,2006,A,PS,
5418855,P1Y,0,,A,PU,_Z,2,,,False,WB_WDI,WB_WDI_SP_POP_TOTL,NIC,_T,_T,_T,_Z,_Z,_Z,2006,A,PS,
14268581,P1Y,0,,A,PU,_Z,2,,,False,WB_WDI,WB_WDI_SP_POP_TOTL,NER,_T,_T,_T,_Z,_Z,_Z,2006,A,PS,
149077334,P1Y,0,,A,PU,_Z,2,,,False,WB_WDI,WB_WDI_SP_POP_TOTL,NGA,_T,_T,_T,_Z,_Z,_Z,2006,A,PS,
1994287,P1Y,0,,A,PU,_Z,2,,,False,WB_WDI,WB_WDI_SP_POP_TOTL,MKD,_T,_T,_T,_Z,_Z,_Z,2006,A,PS,
60682,P1Y,0,,A,PU,_Z,2,,,False,WB_WDI,WB_WDI_SP_POP_TOTL,MNP,_T,_T,_T,_Z,_Z,_Z,2006,A,PS,
4660677,P1Y,0,,A,PU,_Z,2,,,False,WB_WDI,WB_WDI_SP_POP_TOTL,NOR,_T,_T,_T,_Z,_Z,_Z,2006,A,PS,
2514795,P1Y,0,,A,PU,_Z,2,,,False,WB_WDI,WB_WDI_SP_POP_TOTL,OMN,_T,_T,_T,_Z,_Z,_Z,2006,A,PS,
179682690,P1Y,0,,A,PU,_Z,2,,,False,WB_WDI,WB_WDI_SP_POP_TOTL,PAK,_T,_T,_T,_Z,_Z,_Z,2006,A,PS,
19593,P1Y,0,,A,PU,_Z,2,,,False,WB_WDI,WB_WDI_SP_POP_TOTL,PLW,_T,_T,_T,_Z,_Z,_Z,2006,A,PS,
3375024,P1Y,0,,A,PU,_Z,2,,,False,WB_WDI,WB_WDI_SP_POP_TOTL,PAN,_T,_T,_T,_Z,_Z,_Z,2006,A,PS,
6747720,P1Y,0,,A,PU,_Z,2,,,False,WB_WDI,WB_WDI_SP_POP_TOTL,PNG,_T,_T,_T,_Z,_Z,_Z,2006,A,PS,
9940,P1Y,0,,A,PU,_Z,2,,,False,WB_WDI,WB_WDI_SP_POP_TOTL,TUV,_T,_T,_T,_Z,_Z,_Z,2005,A,PS,
27963289,P1Y,0,,A,PU,_Z,2,,,False,WB_WDI,WB_WDI_SP_POP_TOTL,UGA,_T,_T,_T,_Z,_Z,_Z,2005,A,PS,
47585556,P1Y,0,,A,PU,_Z,2,,,False,WB_WDI,WB_WDI_SP_POP_TOTL,UKR,_T,_T,_T,_Z,_Z,_Z,2005,A,PS,
4664790,P1Y,0,,A,PU,_Z,2,,,False,WB_WDI,WB_WDI_SP_POP_TOTL,ARE,_T,_T,_T,_Z,_Z,_Z,2005,A,PS,
60401206,P1Y,0,,A,PU,_Z,2,,,False,WB_WDI,WB_WDI_SP_POP_TOTL,GBR,_T,_T,_T,_Z,_Z,_Z,2005,A,PS,
295516599,P1Y,0,,A,PU,_Z,2,,,False,WB_WDI,WB_WDI_SP_POP_TOTL,USA,_T,_T,_T,_Z,_Z,_Z,2005,A,PS,
3285771,P1Y,0,,A,PU,_Z,2,,,False,WB_WDI,WB_WDI_SP_POP_TOTL,URY,_T,_T,_T,_Z,_Z,_Z,2005,A,PS,
26356975,P1Y,0,,A,PU,_Z,2,,,False,WB_WDI,WB_WDI_SP_POP_TOTL,UZB,_T,_T,_T,_Z,_Z,_Z,2005,A,PS,
210760,P1Y,0,,A,PU,_Z,2,,,False,WB_WDI,WB_WDI_SP_POP_TOTL,VUT,_T,_T,_T,_Z,_Z,_Z,2005,A,PS,
26785804,P1Y,0,,A,PU,_Z,2,,,False,WB_WDI,WB_WDI_SP_POP_TOTL,VEN,_T,_T,_T,_Z,_Z,_Z,2005,A,PS,
81088313,P1Y,0,,A,PU,_Z,2,,,False,WB_WDI,WB_WDI_SP_POP_TOTL,VNM,_T,_T,_T,_Z,_Z,_Z,2005,A,PS,
108453,P1Y,0,,A,PU,_Z,2,,,False,WB_WDI,WB_WDI_SP_POP_TOTL,VIR,_T,_T,_T,_Z,_Z,_Z,2005,A,PS,
3320396,P1Y,0,,A,PU,_Z,2,,,False,WB_WDI,WB_WDI_SP_POP_TOTL,PSE,_T,_T,_T,_Z,_Z,_Z,2005,A,PS,
3051010,P1Y,0,,A,PU,_Z,2,,,False,WB_WDI,WB_WDI_SP_POP_TOTL,ALB,_T,_T,_T,_Z,_Z,_Z,2002,A,PS,
31750835,P1Y,0,,A,PU,_Z,2,,,False,WB_WDI,WB_WDI_SP_POP_TOTL,DZA,_T,_T,_T,_Z,_Z,_Z,2002,A,PS,
57062,P1Y,0,,A,PU,_Z,2,,,False,WB_WDI,WB_WDI_SP_POP_TOTL,ASM,_T,_T,_T,_Z,_Z,_Z,2002,A,PS,
66506,P1Y,0,,A,PU,_Z,2,,,False,WB_WDI,WB_WDI_SP_POP_TOTL,AND,_T,_T,_T,_Z,_Z,_Z,2002,A,PS,
17327699,P1Y,0,,A,PU,_Z,2,,,False,WB_WDI,WB_WDI_SP_POP_TOTL,AGO,_T,_T,_T,_Z,_Z,_Z,2002,A,PS,
77032,P1Y,0,,A,PU,_Z,2,,,False,WB_WDI,WB_WDI_SP_POP_TOTL,ATG,_T,_T,_T,_Z,_Z,_Z,2002,A,PS,
38029349,P1Y,0,,A,PU,_Z,2,,,False,WB_WDI,WB_WDI_SP_POP_TOTL,ARG,_T,_T,_T,_Z,_Z,_Z,2002,A,PS,
3199800,P1Y,0,,A,PU,_Z,2,,,False,WB_WDI,WB_WDI_SP_POP_TOTL,ARM,_T,_T,_T,_Z,_Z,_Z,2002,A,PS,
92074,P1Y,0,,A,PU,_Z,2,,,False,WB_WDI,WB_WDI_SP_POP_TOTL,ABW,_T,_T,_T,_Z,_Z,_Z,2002,A,PS,
19495210,P1Y,0,,A,PU,_Z,2,,,False,WB_WDI,WB_WDI_SP_POP_TOTL,AUS,_T,_T,_T,_Z,_Z,_Z,2002,A,PS,
8081957,P1Y,0,,A,PU,_Z,2,,,False,WB_WDI,WB_WDI_SP_POP_TOTL,AUT,_T,_T,_T,_Z,_Z,_Z,2002,A,PS,
8171950,P1Y,0,,A,PU,_Z,2,,,False,WB_WDI,WB_WDI_SP_POP_TOTL,AZE,_T,_T,_T,_Z,_Z,_Z,2002,A,PS,
331614,P1Y,0,,A,PU,_Z,2,,,False,WB_WDI,WB_WDI_SP_POP_TOTL,BHS,_T,_T,_T,_Z,_Z,_Z,2002,A,PS,
710553,P1Y,0,,A,PU,_Z,2,,,False,WB_WDI,WB_WDI_SP_POP_TOTL,BHR,_T,_T,_T,_Z,_Z,_Z,2002,A,PS,
36121304,P1Y,0,,A,PU,_Z,2,,,False,WB_WDI,WB_WDI_SP_POP_TOTL,TZA,_T,_T,_T,_Z,_Z,_Z,2002,A,PS,
64266437,P1Y,0,,A,PU,_Z,2,,,False,WB_WDI,WB_WDI_SP_POP_TOTL,THA,_T,_T,_T,_Z,_Z,_Z,2002,A,PS,
879159,P1Y,0,,A,PU,_Z,2,,,False,WB_WDI,WB_WDI_SP_POP_TOTL,TLS,_T,_T,_T,_Z,_Z,_Z,2002,A,PS,
5027130,P1Y,0,,A,PU,_Z,2,,,False,WB_WDI,WB_WDI_SP_POP_TOTL,TGO,_T,_T,_T,_Z,_Z,_Z,2002,A,PS,
103874,P1Y,0,,A,PU,_Z,2,,,False,WB_WDI,WB_WDI_SP_POP_TOTL,TON,_T,_T,_T,_Z,_Z,_Z,2002,A,PS,
1332011,P1Y,0,,A,PU,_Z,2,,,False,WB_WDI,WB_WDI_SP_POP_TOTL,TTO,_T,_T,_T,_Z,_Z,_Z,2002,A,PS,
9971515,P1Y,0,,A,PU,_Z,2,,,False,WB_WDI,WB_WDI_SP_POP_TOTL,TUN,_T,_T,_T,_Z,_Z,_Z,2002,A,PS,
67048795,P1Y,0,,A,PU,_Z,2,,,False,WB_WDI,WB_WDI_SP_POP_TOTL,TUR,_T,_T,_T,_Z,_Z,_Z,2002,A,PS,
4769465,P1Y,0,,A,PU,_Z,2,,,False,WB_WDI,WB_WDI_SP_POP_TOTL,TKM,_T,_T,_T,_Z,_Z,_Z,2002,A,PS,
20597,P1Y,0,,A,PU,_Z,2,,,False,WB_WDI,WB_WDI_SP_POP_TOTL,TCA,_T,_T,_T,_Z,_Z,_Z,2002,A,PS,
9623,P1Y,0,,A,PU,_Z,2,,,False,WB_WDI,WB_WDI_SP_POP_TOTL,TUV,_T,_T,_T,_Z,_Z,_Z,2002,A,PS,
25532870,P1Y,0,,A,PU,_Z,2,,,False,WB_WDI,WB_WDI_SP_POP_TOTL,UGA,_T,_T,_T,_Z,_Z,_Z,2002,A,PS,
48677281,P1Y,0,,A,PU,_Z,2,,,False,WB_WDI,WB_WDI_SP_POP_TOTL,UKR,_T,_T,_T,_Z,_Z,_Z,2002,A,PS,
3956826,P1Y,0,,A,PU,_Z,2,,,False,WB_WDI,WB_WDI_SP_POP_TOTL,ARE,_T,_T,_T,_Z,_Z,_Z,2002,A,PS,
44298640,P1Y,0,,A,PU,_Z,2,,,False,WB_WDI,WB_WDI_SP_POP_TOTL,UKR,_T,_T,_T,_Z,_Z,_Z,2021,A,PS,
9575152,P1Y,0,,A,PU,_Z,2,,,False,WB_WDI,WB_WDI_SP_POP_TOTL,ARE,_T,_T,_T,_Z,_Z,_Z,2021,A,PS,
66978000,P1Y,0,,A,PU,_Z,2,,,False,WB_WDI,WB_WDI_SP_POP_TOTL,GBR,_T,_T,_T,_Z,_Z,_Z,2021,A,PS,
332100166,P1Y,0,,A,PU,_Z,2,,,False,WB_WDI,WB_WDI_SP_POP_TOTL,USA,_T,_T,_T,_Z,_Z,_Z,2021,A,PS,
3396695,P1Y,0,,A,PU,_Z,2,,,False,WB_WDI,WB_WDI_SP_POP_TOTL,URY,_T,_T,_T,_Z,_Z,_Z,2021,A,PS,
34243696,P1Y,0,,A,PU,_Z,2,,,False,WB_WDI,WB_WDI_SP_POP_TOTL,UZB,_T,_T,_T,_Z,_Z,_Z,2021,A,PS,
305868,P1Y,0,,A,PU,_Z,2,,,False,WB_WDI,WB_WDI_SP_POP_TOTL,VUT,_T,_T,_T,_Z,_Z,_Z,2021,A,PS,
28237826,P1Y,0,,A,PU,_Z,2,,,False,WB_WDI,WB_WDI_SP_POP_TOTL,VEN,_T,_T,_T,_Z,_Z,_Z,2021,A,PS,
98935098,P1Y,0,,A,PU,_Z,2,,,False,WB_WDI,WB_WDI_SP_POP_TOTL,VNM,_T,_T,_T,_Z,_Z,_Z,2021,A,PS,
105870,P1Y,0,,A,PU,_Z,2,,,False,WB_WDI,WB_WDI_SP_POP_TOTL,VIR,_T,_T,_T,_Z,_Z,_Z,2021,A,PS,
4922749,P1Y,0,,A,PU,_Z,2,,,False,WB_WDI,WB_WDI_SP_POP_TOTL,PSE,_T,_T,_T,_Z,_Z,_Z,2021,A,PS,
37140230,P1Y,0,,A,PU,_Z,2,,,False,WB_WDI,WB_WDI_SP_POP_TOTL,YEM,_T,_T,_T,_Z,_Z,_Z,2021,A,PS,
114891199,P1Y,0,,A,PU,_Z,2,,,False,WB_WDI,WB_WDI_SP_POP_TOTL,PHL,_T,_T,_T,_Z,_Z,_Z,2023,A,PS,
36687353,P1Y,0,,A,PU,_Z,2,,,False,WB_WDI,WB_WDI_SP_POP_TOTL,POL,_T,_T,_T,_Z,_Z,_Z,2023,A,PS,
10578174,P1Y,0,,A,PU,_Z,2,,,False,WB_WDI,WB_WDI_SP_POP_TOTL,PRT,_T,_T,_T,_Z,_Z,_Z,2023,A,PS,
3203794,P1Y,0,,A,PU,_Z,2,,,False,WB_WDI,WB_WDI_SP_POP_TOTL,PRI,_T,_T,_T,_Z,_Z,_Z,2023,A,PS,
2656032,P1Y,0,,A,PU,_Z,2,,,False,WB_WDI,WB_WDI_SP_POP_TOTL,QAT,_T,_T,_T,_Z,_Z,_Z,2023,A,PS,
19061062,P1Y,0,,A,PU,_Z,2,,,False,WB_WDI,WB_WDI_SP_POP_TOTL,ROU,_T,_T,_T,_Z,_Z,_Z,2023,A,PS,
143826130,P1Y,0,,A,PU,_Z,2,,,False,WB_WDI,WB_WDI_SP_POP_TOTL,RUS,_T,_T,_T,_Z,_Z,_Z,2023,A,PS,
13954471,P1Y,0,,A,PU,_Z,2,,,False,WB_WDI,WB_WDI_SP_POP_TOTL,RWA,_T,_T,_T,_Z,_Z,_Z,2023,A,PS,
216663,P1Y,0,,A,PU,_Z,2,,,False,WB_WDI,WB_WDI_SP_POP_TOTL,WSM,_T,_T,_T,_Z,_Z,_Z,2023,A,PS,
33860,P1Y,0,,A,PU,_Z,2,,,False,WB_WDI,WB_WDI_SP_POP_TOTL,SMR,_T,_T,_T,_Z,_Z,_Z,2023,A,PS,
230871,P1Y,0,,A,PU,_Z,2,,,False,WB_WDI,WB_WDI_SP_POP_TOTL,STP,_T,_T,_T,_Z,_Z,_Z,2023,A,PS,
33702731,P1Y,0,,A,PU,_Z,2,,,False,WB_WDI,WB_WDI_SP_POP_TOTL,SAU,_T,_T,_T,_Z,_Z,_Z,2023,A,PS,
18077573,P1Y,0,,A,PU,_Z,2,,,False,WB_WDI,WB_WDI_SP_POP_TOTL,SEN,_T,_T,_T,_Z,_Z,_Z,2023,A,PS,
2310173,P1Y,0,,A,PU,_Z,2,,,False,WB_WDI,WB_WDI_SP_POP_TOTL,LVA,_T,_T,_T,_Z,_Z,_Z,2002,A,PS,
4463504,P1Y,0,,A,PU,_Z,2,,,False,WB_WDI,WB_WDI_SP_POP_TOTL,LBN,_T,_T,_T,_Z,_Z,_Z,2002,A,PS,
1994679,P1Y,0,,A,PU,_Z,2,,,False,WB_WDI,WB_WDI_SP_POP_TOTL,LSO,_T,_T,_T,_Z,_Z,_Z,2002,A,PS,
3094782,P1Y,0,,A,PU,_Z,2,,,False,WB_WDI,WB_WDI_SP_POP_TOTL,LBR,_T,_T,_T,_Z,_Z,_Z,2002,A,PS,
5508410,P1Y,0,,A,PU,_Z,2,,,False,WB_WDI,WB_WDI_SP_POP_TOTL,LBY,_T,_T,_T,_Z,_Z,_Z,2002,A,PS,
33694,P1Y,0,,A,PU,_Z,2,,,False,WB_WDI,WB_WDI_SP_POP_TOTL,LIE,_T,_T,_T,_Z,_Z,_Z,2002,A,PS,
3443067,P1Y,0,,A,PU,_Z,2,,,False,WB_WDI,WB_WDI_SP_POP_TOTL,LTU,_T,_T,_T,_Z,_Z,_Z,2002,A,PS,
446175,P1Y,0,,A,PU,_Z,2,,,False,WB_WDI,WB_WDI_SP_POP_TOTL,LUX,_T,_T,_T,_Z,_Z,_Z,2002,A,PS,
438400,P1Y,0,,A,PU,_Z,2,,,False,WB_WDI,WB_WDI_SP_POP_TOTL,MAC,_T,_T,_T,_Z,_Z,_Z,2002,A,PS,
17549913,P1Y,0,,A,PU,_Z,2,,,False,WB_WDI,WB_WDI_SP_POP_TOTL,MDG,_T,_T,_T,_Z,_Z,_Z,2002,A,PS,
11880440,P1Y,0,,A,PU,_Z,2,,,False,WB_WDI,WB_WDI_SP_POP_TOTL,MWI,_T,_T,_T,_Z,_Z,_Z,2002,A,PS,
24102477,P1Y,0,,A,PU,_Z,2,,,False,WB_WDI,WB_WDI_SP_POP_TOTL,MYS,_T,_T,_T,_Z,_Z,_Z,2002,A,PS,
291616,P1Y,0,,A,PU,_Z,2,,,False,WB_WDI,WB_WDI_SP_POP_TOTL,MDV,_T,_T,_T,_Z,_Z,_Z,2002,A,PS,
21919000,P1Y,0,,A,PU,_Z,2,,,False,WB_WDI,WB_WDI_SP_POP_TOTL,LKA,_T,_T,_T,_Z,_Z,_Z,2020,A,PS,
46870,P1Y,0,,A,PU,_Z,2,,,False,WB_WDI,WB_WDI_SP_POP_TOTL,KNA,_T,_T,_T,_Z,_Z,_Z,2020,A,PS,
178250,P1Y,0,,A,PU,_Z,2,,,False,WB_WDI,WB_WDI_SP_POP_TOTL,LCA,_T,_T,_T,_Z,_Z,_Z,2020,A,PS,
31786,P1Y,0,,A,PU,_Z,2,,,False,WB_WDI,WB_WDI_SP_POP_TOTL,MAF,_T,_T,_T,_Z,_Z,_Z,2020,A,PS,
103526,P1Y,0,,A,PU,_Z,2,,,False,WB_WDI,WB_WDI_SP_POP_TOTL,VCT,_T,_T,_T,_Z,_Z,_Z,2020,A,PS,
46789231,P1Y,0,,A,PU,_Z,2,,,False,WB_WDI,WB_WDI_SP_POP_TOTL,SDN,_T,_T,_T,_Z,_Z,_Z,2020,A,PS,
612317,P1Y,0,,A,PU,_Z,2,,,False,WB_WDI,WB_WDI_SP_POP_TOTL,SUR,_T,_T,_T,_Z,_Z,_Z,2020,A,PS,
10353442,P1Y,0,,A,PU,_Z,2,,,False,WB_WDI,WB_WDI_SP_POP_TOTL,SWE,_T,_T,_T,_Z,_Z,_Z,2020,A,PS,
8638167,P1Y,0,,A,PU,_Z,2,,,False,WB_WDI,WB_WDI_SP_POP_TOTL,CHE,_T,_T,_T,_Z,_Z,_Z,2020,A,PS,
21049429,P1Y,0,,A,PU,_Z,2,,,False,WB_WDI,WB_WDI_SP_POP_TOTL,SYR,_T,_T,_T,_Z,_Z,_Z,2020,A,PS,
9749310,P1Y,0,,A,PU,_Z,2,,,False,WB_WDI,WB_WDI_SP_POP_TOTL,TJK,_T,_T,_T,_Z,_Z,_Z,2020,A,PS,
60972798,P1Y,0,,A,PU,_Z,2,,,False,WB_WDI,WB_WDI_SP_POP_TOTL,TZA,_T,_T,_T,_Z,_Z,_Z,2020,A,PS,
5084600,P1Y,0,,A,PU,_Z,2,,,False,WB_WDI,WB_WDI_SP_POP_TOTL,NZL,_T,_T,_T,_Z,_Z,_Z,2021,A,PS,
6644741,P1Y,0,,A,PU,_Z,2,,,False,WB_WDI,WB_WDI_SP_POP_TOTL,NIC,_T,_T,_T,_Z,_Z,_Z,2021,A,PS,
24502140,P1Y,0,,A,PU,_Z,2,,,False,WB_WDI,WB_WDI_SP_POP_TOTL,NER,_T,_T,_T,_Z,_Z,_Z,2021,A,PS,
218529286,P1Y,0,,A,PU,_Z,2,,,False,WB_WDI,WB_WDI_SP_POP_TOTL,NGA,_T,_T,_T,_Z,_Z,_Z,2021,A,PS,
1837114,P1Y,0,,A,PU,_Z,2,,,False,WB_WDI,WB_WDI_SP_POP_TOTL,MKD,_T,_T,_T,_Z,_Z,_Z,2021,A,PS,
46979,P1Y,0,,A,PU,_Z,2,,,False,WB_WDI,WB_WDI_SP_POP_TOTL,MNP,_T,_T,_T,_Z,_Z,_Z,2021,A,PS,
5408320,P1Y,0,,A,PU,_Z,2,,,False,WB_WDI,WB_WDI_SP_POP_TOTL,NOR,_T,_T,_T,_Z,_Z,_Z,2021,A,PS,
4500424,P1Y,0,,A,PU,_Z,2,,,False,WB_WDI,WB_WDI_SP_POP_TOTL,OMN,_T,_T,_T,_Z,_Z,_Z,2021,A,PS,
239477801,P1Y,0,,A,PU,_Z,2,,,False,WB_WDI,WB_WDI_SP_POP_TOTL,PAK,_T,_T,_T,_Z,_Z,_Z,2021,A,PS,
17783,P1Y,0,,A,PU,_Z,2,,,False,WB_WDI,WB_WDI_SP_POP_TOTL,PLW,_T,_T,_T,_Z,_Z,_Z,2021,A,PS,
4345405,P1Y,0,,A,PU,_Z,2,,,False,WB_WDI,WB_WDI_SP_POP_TOTL,PAN,_T,_T,_T,_Z,_Z,_Z,2021,A,PS,
10012896,P1Y,0,,A,PU,_Z,2,,,False,WB_WDI,WB_WDI_SP_POP_TOTL,PNG,_T,_T,_T,_Z,_Z,_Z,2021,A,PS,
49554112,P1Y,0,,A,PU,_Z,2,,,False,WB_WDI,WB_WDI_SP_POP_TOTL,KOR,_T,_T,_T,_Z,_Z,_Z,2010,A,PS,
1788743,P1Y,0,,A,PU,_Z,2,,,False,WB_WDI,WB_WDI_SP_POP_TOTL,XKX,_T,_T,_T,_Z,_Z,_Z,2010,A,PS,
2943372,P1Y,0,,A,PU,_Z,2,,,False,WB_WDI,WB_WDI_SP_POP_TOTL,KWT,_T,_T,_T,_Z,_Z,_Z,2010,A,PS,
5467059,P1Y,0,,A,PU,_Z,2,,,False,WB_WDI,WB_WDI_SP_POP_TOTL,KGZ,_T,_T,_T,_Z,_Z,_Z,2010,A,PS,
6334194,P1Y,0,,A,PU,_Z,2,,,False,WB_WDI,WB_WDI_SP_POP_TOTL,LAO,_T,_T,_T,_Z,_Z,_Z,2010,A,PS,
2097555,P1Y,0,,A,PU,_Z,2,,,False,WB_WDI,WB_WDI_SP_POP_TOTL,LVA,_T,_T,_T,_Z,_Z,_Z,2010,A,PS,
5041288,P1Y,0,,A,PU,_Z,2,,,False,WB_WDI,WB_WDI_SP_POP_TOTL,LBN,_T,_T,_T,_Z,_Z,_Z,2010,A,PS,
1996251,P1Y,0,,A,PU,_Z,2,,,False,WB_WDI,WB_WDI_SP_POP_TOTL,LSO,_T,_T,_T,_Z,_Z,_Z,2010,A,PS,
4058890,P1Y,0,,A,PU,_Z,2,,,False,WB_WDI,WB_WDI_SP_POP_TOTL,LBR,_T,_T,_T,_Z,_Z,_Z,2010,A,PS,
6497839,P1Y,0,,A,PU,_Z,2,,,False,WB_WDI,WB_WDI_SP_POP_TOTL,LBY,_T,_T,_T,_Z,_Z,_Z,2010,A,PS,
36022,P1Y,0,,A,PU,_Z,2,,,False,WB_WDI,WB_WDI_SP_POP_TOTL,LIE,_T,_T,_T,_Z,_Z,_Z,2010,A,PS,
3097282,P1Y,0,,A,PU,_Z,2,,,False,WB_WDI,WB_WDI_SP_POP_TOTL,LTU,_T,_T,_T,_Z,_Z,_Z,2010,A,PS,
40324680,P1Y,0,,A,PU,_Z,2,,,False,WB_WDI,WB_WDI_SP_POP_TOTL,COL,_T,_T,_T,_Z,_Z,_Z,2002,A,PS,
558923,P1Y,0,,A,PU,_Z,2,,,False,WB_WDI,WB_WDI_SP_POP_TOTL,COM,_T,_T,_T,_Z,_Z,_Z,2002,A,PS,
53750524,P1Y,0,,A,PU,_Z,2,,,False,WB_WDI,WB_WDI_SP_POP_TOTL,COD,_T,_T,_T,_Z,_Z,_Z,2002,A,PS,
3350771,P1Y,0,,A,PU,_Z,2,,,False,WB_WDI,WB_WDI_SP_POP_TOTL,COG,_T,_T,_T,_Z,_Z,_Z,2002,A,PS,
4075705,P1Y,0,,A,PU,_Z,2,,,False,WB_WDI,WB_WDI_SP_POP_TOTL,CRI,_T,_T,_T,_Z,_Z,_Z,2002,A,PS,
18654771,P1Y,0,,A,PU,_Z,2,,,False,WB_WDI,WB_WDI_SP_POP_TOTL,CIV,_T,_T,_T,_Z,_Z,_Z,2002,A,PS,
4302174,P1Y,0,,A,PU,_Z,2,,,False,WB_WDI,WB_WDI_SP_POP_TOTL,HRV,_T,_T,_T,_Z,_Z,_Z,2002,A,PS,
11177418,P1Y,0,,A,PU,_Z,2,,,False,WB_WDI,WB_WDI_SP_POP_TOTL,CUB,_T,_T,_T,_Z,_Z,_Z,2002,A,PS,
129205,P1Y,0,,A,PU,_Z,2,,,False,WB_WDI,WB_WDI_SP_POP_TOTL,CUW,_T,_T,_T,_Z,_Z,_Z,2002,A,PS,
981440,P1Y,0,,A,PU,_Z,2,,,False,WB_WDI,WB_WDI_SP_POP_TOTL,CYP,_T,_T,_T,_Z,_Z,_Z,2002,A,PS,
10196916,P1Y,0,,A,PU,_Z,2,,,False,WB_WDI,WB_WDI_SP_POP_TOTL,CZE,_T,_T,_T,_Z,_Z,_Z,2002,A,PS,
5375931,P1Y,0,,A,PU,_Z,2,,,False,WB_WDI,WB_WDI_SP_POP_TOTL,DNK,_T,_T,_T,_Z,_Z,_Z,2002,A,PS,
795574,P1Y,0,,A,PU,_Z,2,,,False,WB_WDI,WB_WDI_SP_POP_TOTL,DJI,_T,_T,_T,_Z,_Z,_Z,2002,A,PS,
5312437,P1Y,0,,A,PU,_Z,2,,,False,WB_WDI,WB_WDI_SP_POP_TOTL,SGP,_T,_T,_T,_Z,_Z,_Z,2012,A,PS,
35023,P1Y,0,,A,PU,_Z,2,,,False,WB_WDI,WB_WDI_SP_POP_TOTL,SXM,_T,_T,_T,_Z,_Z,_Z,2012,A,PS,
5407579,P1Y,0,,A,PU,_Z,2,,,False,WB_WDI,WB_WDI_SP_POP_TOTL,SVK,_T,_T,_T,_Z,_Z,_Z,2012,A,PS,
2057159,P1Y,0,,A,PU,_Z,2,,,False,WB_WDI,WB_WDI_SP_POP_TOTL,SVN,_T,_T,_T,_Z,_Z,_Z,2012,A,PS,
573606,P1Y,0,,A,PU,_Z,2,,,False,WB_WDI,WB_WDI_SP_POP_TOTL,SLB,_T,_T,_T,_Z,_Z,_Z,2012,A,PS,
12461160,P1Y,0,,A,PU,_Z,2,,,False,WB_WDI,WB_WDI_SP_POP_TOTL,SOM,_T,_T,_T,_Z,_Z,_Z,2012,A,PS,
53782567,P1Y,0,,A,PU,_Z,2,,,False,WB_WDI,WB_WDI_SP_POP_TOTL,ZAF,_T,_T,_T,_Z,_Z,_Z,2012,A,PS,
10756240,P1Y,0,,A,PU,_Z,2,,,False,WB_WDI,WB_WDI_SP_POP_TOTL,SSD,_T,_T,_T,_Z,_Z,_Z,2012,A,PS,
46773055,P1Y,0,,A,PU,_Z,2,,,False,WB_WDI,WB_WDI_SP_POP_TOTL,ESP,_T,_T,_T,_Z,_Z,_Z,2012,A,PS,
21169458,P1Y,0,,A,PU,_Z,2,,,False,WB_WDI,WB_WDI_SP_POP_TOTL,LKA,_T,_T,_T,_Z,_Z,_Z,2012,A,PS,
47033,P1Y,0,,A,PU,_Z,2,,,False,WB_WDI,WB_WDI_SP_POP_TOTL,KNA,_T,_T,_T,_Z,_Z,_Z,2012,A,PS,
172587,P1Y,0,,A,PU,_Z,2,,,False,WB_WDI,WB_WDI_SP_POP_TOTL,LCA,_T,_T,_T,_Z,_Z,_Z,2012,A,PS,
37276,P1Y,0,,A,PU,_Z,2,,,False,WB_WDI,WB_WDI_SP_POP_TOTL,MAF,_T,_T,_T,_Z,_Z,_Z,2012,A,PS,
108736,P1Y,0,,A,PU,_Z,2,,,False,WB_WDI,WB_WDI_SP_POP_TOTL,VCT,_T,_T,_T,_Z,_Z,_Z,2012,A,PS,
460942269,P1Y,0,,A,PU,_Z,2,,,False,WB_WDI,WB_WDI_SP_POP_TOTL,TEC,_T,_T,_T,_Z,_Z,_Z,2022,A,PS,
447203596,P1Y,0,,A,PU,_Z,2,,,False,WB_WDI,WB_WDI_SP_POP_TOTL,EUU,_T,_T,_T,_Z,_Z,_Z,2022,A,PS,
892885172,P1Y,0,,A,PU,_Z,2,,,False,WB_WDI,WB_WDI_SP_POP_TOTL,HPC,_T,_T,_T,_Z,_Z,_Z,2022,A,PS,
1398027812,P1Y,0,,A,PU,_Z,2,,,False,WB_WDI,WB_WDI_SP_POP_TOTL,HIC,_T,_T,_T,_Z,_Z,_Z,2022,A,PS,
4928196300,P1Y,0,,A,PU,_Z,2,,,False,WB_WDI,WB_WDI_SP_POP_TOTL,IBD,_T,_T,_T,_Z,_Z,_Z,2022,A,PS,
6793703268,P1Y,0,,A,PU,_Z,2,,,False,WB_WDI,WB_WDI_SP_POP_TOTL,IBT,_T,_T,_T,_Z,_Z,_Z,2022,A,PS,
651895919,P1Y,0,,A,PU,_Z,2,,,False,WB_WDI,WB_WDI_SP_POP_TOTL,IDB,_T,_T,_T,_Z,_Z,_Z,2022,A,PS,
1213611049,P1Y,0,,A,PU,_Z,2,,,False,WB_WDI,WB_WDI_SP_POP_TOTL,IDX,_T,_T,_T,_Z,_Z,_Z,2022,A,PS,
1865506968,P1Y,0,,A,PU,_Z,2,,,False,WB_WDI,WB_WDI_SP_POP_TOTL,IDA,_T,_T,_T,_Z,_Z,_Z,2022,A,PS,
2323799602,P1Y,0,,A,PU,_Z,2,,,False,WB_WDI,WB_WDI_SP_POP_TOTL,LTE,_T,_T,_T,_Z,_Z,_Z,2022,A,PS,
653108131,P1Y,0,,A,PU,_Z,2,,,False,WB_WDI,WB_WDI_SP_POP_TOTL,LCN,_T,_T,_T,_Z,_Z,_Z,2022,A,PS,
613861839,P1Y,0,,A,PU,_Z,2,,,False,WB_WDI,WB_WDI_SP_POP_TOTL,LAC,_T,_T,_T,_Z,_Z,_Z,2022,A,PS,
637837815,P1Y,0,,A,PU,_Z,2,,,False,WB_WDI,WB_WDI_SP_POP_TOTL,TLA,_T,_T,_T,_Z,_Z,_Z,2022,A,PS,
1133564482,P1Y,0,,A,PU,_Z,2,,,False,WB_WDI,WB_WDI_SP_POP_TOTL,LDC,_T,_T,_T,_Z,_Z,_Z,2022,A,PS,
6590522389,P1Y,0,,A,PU,_Z,2,,,False,WB_WDI,WB_WDI_SP_POP_TOTL,LMY,_T,_T,_T,_Z,_Z,_Z,2022,A,PS,
2697845,P1Y,0,,A,PU,_Z,2,,,False,WB_WDI,WB_WDI_SP_POP_TOTL,GMB,_T,_T,_T,_Z,_Z,_Z,2023,A,PS,
3715483,P1Y,0,,A,PU,_Z,2,,,False,WB_WDI,WB_WDI_SP_POP_TOTL,GEO,_T,_T,_T,_Z,_Z,_Z,2023,A,PS,
83287273,P1Y,0,,A,PU,_Z,2,,,False,WB_WDI,WB_WDI_SP_POP_TOTL,DEU,_T,_T,_T,_Z,_Z,_Z,2023,A,PS,
33787914,P1Y,0,,A,PU,_Z,2,,,False,WB_WDI,WB_WDI_SP_POP_TOTL,GHA,_T,_T,_T,_Z,_Z,_Z,2023,A,PS,
38471,P1Y,0,,A,PU,_Z,2,,,False,WB_WDI,WB_WDI_SP_POP_TOTL,GIB,_T,_T,_T,_Z,_Z,_Z,2023,A,PS,
10407351,P1Y,0,,A,PU,_Z,2,,,False,WB_WDI,WB_WDI_SP_POP_TOTL,GRC,_T,_T,_T,_Z,_Z,_Z,2023,A,PS,
56865,P1Y,0,,A,PU,_Z,2,,,False,WB_WDI,WB_WDI_SP_POP_TOTL,GRL,_T,_T,_T,_Z,_Z,_Z,2023,A,PS,
117081,P1Y,0,,A,PU,_Z,2,,,False,WB_WDI,WB_WDI_SP_POP_TOTL,GRD,_T,_T,_T,_Z,_Z,_Z,2023,A,PS,
166506,P1Y,0,,A,PU,_Z,2,,,False,WB_WDI,WB_WDI_SP_POP_TOTL,GUM,_T,_T,_T,_Z,_Z,_Z,2023,A,PS,
18124838,P1Y,0,,A,PU,_Z,2,,,False,WB_WDI,WB_WDI_SP_POP_TOTL,GTM,_T,_T,_T,_Z,_Z,_Z,2023,A,PS,
14405468,P1Y,0,,A,PU,_Z,2,,,False,WB_WDI,WB_WDI_SP_POP_TOTL,GIN,_T,_T,_T,_Z,_Z,_Z,2023,A,PS,
2153339,P1Y,0,,A,PU,_Z,2,,,False,WB_WDI,WB_WDI_SP_POP_TOTL,GNB,_T,_T,_T,_Z,_Z,_Z,2023,A,PS,
826353,P1Y,0,,A,PU,_Z,2,,,False,WB_WDI,WB_WDI_SP_POP_TOTL,GUY,_T,_T,_T,_Z,_Z,_Z,2023,A,PS,
11637398,P1Y,0,,A,PU,_Z,2,,,False,WB_WDI,WB_WDI_SP_POP_TOTL,HTI,_T,_T,_T,_Z,_Z,_Z,2023,A,PS,
10644851,P1Y,0,,A,PU,_Z,2,,,False,WB_WDI,WB_WDI_SP_POP_TOTL,HND,_T,_T,_T,_Z,_Z,_Z,2023,A,PS,
44397319,P1Y,0,,A,PU,_Z,2,,,False,WB_WDI,WB_WDI_SP_POP_TOTL,ESP,_T,_T,_T,_Z,_Z,_Z,2006,A,PS,
20352411,P1Y,0,,A,PU,_Z,2,,,False,WB_WDI,WB_WDI_SP_POP_TOTL,LKA,_T,_T,_T,_Z,_Z,_Z,2006,A,PS,
46569,P1Y,0,,A,PU,_Z,2,,,False,WB_WDI,WB_WDI_SP_POP_TOTL,KNA,_T,_T,_T,_Z,_Z,_Z,2006,A,PS,
166639,P1Y,0,,A,PU,_Z,2,,,False,WB_WDI,WB_WDI_SP_POP_TOTL,LCA,_T,_T,_T,_Z,_Z,_Z,2006,A,PS,
34658,P1Y,0,,A,PU,_Z,2,,,False,WB_WDI,WB_WDI_SP_POP_TOTL,MAF,_T,_T,_T,_Z,_Z,_Z,2006,A,PS,
112014,P1Y,0,,A,PU,_Z,2,,,False,WB_WDI,WB_WDI_SP_POP_TOTL,VCT,_T,_T,_T,_Z,_Z,_Z,2006,A,PS,
31992435,P1Y,0,,A,PU,_Z,2,,,False,WB_WDI,WB_WDI_SP_POP_TOTL,SDN,_T,_T,_T,_Z,_Z,_Z,2006,A,PS,
524997,P1Y,0,,A,PU,_Z,2,,,False,WB_WDI,WB_WDI_SP_POP_TOTL,SUR,_T,_T,_T,_Z,_Z,_Z,2006,A,PS,
9080505,P1Y,0,,A,PU,_Z,2,,,False,WB_WDI,WB_WDI_SP_POP_TOTL,SWE,_T,_T,_T,_Z,_Z,_Z,2006,A,PS,
7483934,P1Y,0,,A,PU,_Z,2,,,False,WB_WDI,WB_WDI_SP_POP_TOTL,CHE,_T,_T,_T,_Z,_Z,_Z,2006,A,PS,
19637022,P1Y,0,,A,PU,_Z,2,,,False,WB_WDI,WB_WDI_SP_POP_TOTL,SYR,_T,_T,_T,_Z,_Z,_Z,2006,A,PS,
7057566,P1Y,0,,A,PU,_Z,2,,,False,WB_WDI,WB_WDI_SP_POP_TOTL,TJK,_T,_T,_T,_Z,_Z,_Z,2006,A,PS,
40294902,P1Y,0,,A,PU,_Z,2,,,False,WB_WDI,WB_WDI_SP_POP_TOTL,TZA,_T,_T,_T,_Z,_Z,_Z,2006,A,PS,
24000150,P1Y,0,,A,PU,_Z,2,,,False,WB_WDI,WB_WDI_SP_POP_TOTL,UGA,_T,_T,_T,_Z,_Z,_Z,2000,A,PS,
49556660,P1Y,0,,A,PU,_Z,2,,,False,WB_WDI,WB_WDI_SP_POP_TOTL,UKR,_T,_T,_T,_Z,_Z,_Z,2000,A,PS,
3493575,P1Y,0,,A,PU,_Z,2,,,False,WB_WDI,WB_WDI_SP_POP_TOTL,ARE,_T,_T,_T,_Z,_Z,_Z,2000,A,PS,
58892514,P1Y,0,,A,PU,_Z,2,,,False,WB_WDI,WB_WDI_SP_POP_TOTL,GBR,_T,_T,_T,_Z,_Z,_Z,2000,A,PS,
282162411,P1Y,0,,A,PU,_Z,2,,,False,WB_WDI,WB_WDI_SP_POP_TOTL,USA,_T,_T,_T,_Z,_Z,_Z,2000,A,PS,
3266206,P1Y,0,,A,PU,_Z,2,,,False,WB_WDI,WB_WDI_SP_POP_TOTL,URY,_T,_T,_T,_Z,_Z,_Z,2000,A,PS,
24787054,P1Y,0,,A,PU,_Z,2,,,False,WB_WDI,WB_WDI_SP_POP_TOTL,UZB,_T,_T,_T,_Z,_Z,_Z,2000,A,PS,
186281,P1Y,0,,A,PU,_Z,2,,,False,WB_WDI,WB_WDI_SP_POP_TOTL,VUT,_T,_T,_T,_Z,_Z,_Z,2000,A,PS,
24526708,P1Y,0,,A,PU,_Z,2,,,False,WB_WDI,WB_WDI_SP_POP_TOTL,VEN,_T,_T,_T,_Z,_Z,_Z,2000,A,PS,
77154011,P1Y,0,,A,PU,_Z,2,,,False,WB_WDI,WB_WDI_SP_POP_TOTL,VNM,_T,_T,_T,_Z,_Z,_Z,2000,A,PS,
108642,P1Y,0,,A,PU,_Z,2,,,False,WB_WDI,WB_WDI_SP_POP_TOTL,VIR,_T,_T,_T,_Z,_Z,_Z,2000,A,PS,
2922153,P1Y,0,,A,PU,_Z,2,,,False,WB_WDI,WB_WDI_SP_POP_TOTL,PSE,_T,_T,_T,_Z,_Z,_Z,2000,A,PS,
19624141,P1Y,0,,A,PU,_Z,2,,,False,WB_WDI,WB_WDI_SP_POP_TOTL,YEM,_T,_T,_T,_Z,_Z,_Z,2000,A,PS,
10017631,P1Y,0,,A,PU,_Z,2,,,False,WB_WDI,WB_WDI_SP_POP_TOTL,ZMB,_T,_T,_T,_Z,_Z,_Z,2000,A,PS,
5373294,P1Y,0,,A,PU,_Z,2,,,False,WB_WDI,WB_WDI_SP_POP_TOTL,LBR,_T,_T,_T,_Z,_Z,_Z,2022,A,PS,
7223805,P1Y,0,,A,PU,_Z,2,,,False,WB_WDI,WB_WDI_SP_POP_TOTL,LBY,_T,_T,_T,_Z,_Z,_Z,2022,A,PS,
39493,P1Y,0,,A,PU,_Z,2,,,False,WB_WDI,WB_WDI_SP_POP_TOTL,LIE,_T,_T,_T,_Z,_Z,_Z,2022,A,PS,
2831639,P1Y,0,,A,PU,_Z,2,,,False,WB_WDI,WB_WDI_SP_POP_TOTL,LTU,_T,_T,_T,_Z,_Z,_Z,2022,A,PS,
653103,P1Y,0,,A,PU,_Z,2,,,False,WB_WDI,WB_WDI_SP_POP_TOTL,LUX,_T,_T,_T,_Z,_Z,_Z,2022,A,PS,
677300,P1Y,0,,A,PU,_Z,2,,,False,WB_WDI,WB_WDI_SP_POP_TOTL,MAC,_T,_T,_T,_Z,_Z,_Z,2022,A,PS,
30437261,P1Y,0,,A,PU,_Z,2,,,False,WB_WDI,WB_WDI_SP_POP_TOTL,MDG,_T,_T,_T,_Z,_Z,_Z,2022,A,PS,
20568728,P1Y,0,,A,PU,_Z,2,,,False,WB_WDI,WB_WDI_SP_POP_TOTL,MWI,_T,_T,_T,_Z,_Z,_Z,2022,A,PS,
34695493,P1Y,0,,A,PU,_Z,2,,,False,WB_WDI,WB_WDI_SP_POP_TOTL,MYS,_T,_T,_T,_Z,_Z,_Z,2022,A,PS,
524106,P1Y,0,,A,PU,_Z,2,,,False,WB_WDI,WB_WDI_SP_POP_TOTL,MDV,_T,_T,_T,_Z,_Z,_Z,2022,A,PS,
23072640,P1Y,0,,A,PU,_Z,2,,,False,WB_WDI,WB_WDI_SP_POP_TOTL,MLI,_T,_T,_T,_Z,_Z,_Z,2022,A,PS,
531113,P1Y,0,,A,PU,_Z,2,,,False,WB_WDI,WB_WDI_SP_POP_TOTL,MLT,_T,_T,_T,_Z,_Z,_Z,2022,A,PS,
40077,P1Y,0,,A,PU,_Z,2,,,False,WB_WDI,WB_WDI_SP_POP_TOTL,MHL,_T,_T,_T,_Z,_Z,_Z,2022,A,PS,
4875637,P1Y,0,,A,PU,_Z,2,,,False,WB_WDI,WB_WDI_SP_POP_TOTL,MRT,_T,_T,_T,_Z,_Z,_Z,2022,A,PS,
10975704,P1Y,0,,A,PU,_Z,2,,,False,WB_WDI,WB_WDI_SP_POP_TOTL,SEN,_T,_T,_T,_Z,_Z,_Z,2004,A,PS,
7463157,P1Y,0,,A,PU,_Z,2,,,False,WB_WDI,WB_WDI_SP_POP_TOTL,SRB,_T,_T,_T,_Z,_Z,_Z,2004,A,PS,
82475,P1Y,0,,A,PU,_Z,2,,,False,WB_WDI,WB_WDI_SP_POP_TOTL,SYC,_T,_T,_T,_Z,_Z,_Z,2004,A,PS,
5355717,P1Y,0,,A,PU,_Z,2,,,False,WB_WDI,WB_WDI_SP_POP_TOTL,SLE,_T,_T,_T,_Z,_Z,_Z,2004,A,PS,
4166664,P1Y,0,,A,PU,_Z,2,,,False,WB_WDI,WB_WDI_SP_POP_TOTL,SGP,_T,_T,_T,_Z,_Z,_Z,2004,A,PS,
31690,P1Y,0,,A,PU,_Z,2,,,False,WB_WDI,WB_WDI_SP_POP_TOTL,SXM,_T,_T,_T,_Z,_Z,_Z,2004,A,PS,
5372280,P1Y,0,,A,PU,_Z,2,,,False,WB_WDI,WB_WDI_SP_POP_TOTL,SVK,_T,_T,_T,_Z,_Z,_Z,2004,A,PS,
1997012,P1Y,0,,A,PU,_Z,2,,,False,WB_WDI,WB_WDI_SP_POP_TOTL,SVN,_T,_T,_T,_Z,_Z,_Z,2004,A,PS,
474611,P1Y,0,,A,PU,_Z,2,,,False,WB_WDI,WB_WDI_SP_POP_TOTL,SLB,_T,_T,_T,_Z,_Z,_Z,2004,A,PS,
10280998,P1Y,0,,A,PU,_Z,2,,,False,WB_WDI,WB_WDI_SP_POP_TOTL,SOM,_T,_T,_T,_Z,_Z,_Z,2004,A,PS,
48991421,P1Y,0,,A,PU,_Z,2,,,False,WB_WDI,WB_WDI_SP_POP_TOTL,ZAF,_T,_T,_T,_Z,_Z,_Z,2004,A,PS,
7233041,P1Y,0,,A,PU,_Z,2,,,False,WB_WDI,WB_WDI_SP_POP_TOTL,SSD,_T,_T,_T,_Z,_Z,_Z,2004,A,PS,
42921895,P1Y,0,,A,PU,_Z,2,,,False,WB_WDI,WB_WDI_SP_POP_TOTL,ESP,_T,_T,_T,_Z,_Z,_Z,2004,A,PS,
20087605,P1Y,0,,A,PU,_Z,2,,,False,WB_WDI,WB_WDI_SP_POP_TOTL,LKA,_T,_T,_T,_Z,_Z,_Z,2004,A,PS,
5559386,P1Y,0,,A,PU,_Z,2,,,False,WB_WDI,WB_WDI_SP_POP_TOTL,PRY,_T,_T,_T,_Z,_Z,_Z,2007,A,PS,
28530699,P1Y,0,,A,PU,_Z,2,,,False,WB_WDI,WB_WDI_SP_POP_TOTL,PER,_T,_T,_T,_Z,_Z,_Z,2007,A,PS,
91075184,P1Y,0,,A,PU,_Z,2,,,False,WB_WDI,WB_WDI_SP_POP_TOTL,PHL,_T,_T,_T,_Z,_Z,_Z,2007,A,PS,
38120560,P1Y,0,,A,PU,_Z,2,,,False,WB_WDI,WB_WDI_SP_POP_TOTL,POL,_T,_T,_T,_Z,_Z,_Z,2007,A,PS,
10542964,P1Y,0,,A,PU,_Z,2,,,False,WB_WDI,WB_WDI_SP_POP_TOTL,PRT,_T,_T,_T,_Z,_Z,_Z,2007,A,PS,
3782995,P1Y,0,,A,PU,_Z,2,,,False,WB_WDI,WB_WDI_SP_POP_TOTL,PRI,_T,_T,_T,_Z,_Z,_Z,2007,A,PS,
1208595,P1Y,0,,A,PU,_Z,2,,,False,WB_WDI,WB_WDI_SP_POP_TOTL,QAT,_T,_T,_T,_Z,_Z,_Z,2007,A,PS,
20882982,P1Y,0,,A,PU,_Z,2,,,False,WB_WDI,WB_WDI_SP_POP_TOTL,ROU,_T,_T,_T,_Z,_Z,_Z,2007,A,PS,
142805114,P1Y,0,,A,PU,_Z,2,,,False,WB_WDI,WB_WDI_SP_POP_TOTL,RUS,_T,_T,_T,_Z,_Z,_Z,2007,A,PS,
9549933,P1Y,0,,A,PU,_Z,2,,,False,WB_WDI,WB_WDI_SP_POP_TOTL,RWA,_T,_T,_T,_Z,_Z,_Z,2007,A,PS,
188753,P1Y,0,,A,PU,_Z,2,,,False,WB_WDI,WB_WDI_SP_POP_TOTL,WSM,_T,_T,_T,_Z,_Z,_Z,2007,A,PS,
31211,P1Y,0,,A,PU,_Z,2,,,False,WB_WDI,WB_WDI_SP_POP_TOTL,SMR,_T,_T,_T,_Z,_Z,_Z,2007,A,PS,
169700,P1Y,0,,A,PU,_Z,2,,,False,WB_WDI,WB_WDI_SP_POP_TOTL,STP,_T,_T,_T,_Z,_Z,_Z,2007,A,PS,
3988775,P1Y,0,,A,PU,_Z,2,,,False,WB_WDI,WB_WDI_SP_POP_TOTL,HRV,_T,_T,_T,_Z,_Z,_Z,2018,A,PS,
11227118,P1Y,0,,A,PU,_Z,2,,,False,WB_WDI,WB_WDI_SP_POP_TOTL,CUB,_T,_T,_T,_Z,_Z,_Z,2018,A,PS,
159336,P1Y,0,,A,PU,_Z,2,,,False,WB_WDI,WB_WDI_SP_POP_TOTL,CUW,_T,_T,_T,_Z,_Z,_Z,2018,A,PS,
1270737,P1Y,0,,A,PU,_Z,2,,,False,WB_WDI,WB_WDI_SP_POP_TOTL,CYP,_T,_T,_T,_Z,_Z,_Z,2018,A,PS,
10629928,P1Y,0,,A,PU,_Z,2,,,False,WB_WDI,WB_WDI_SP_POP_TOTL,CZE,_T,_T,_T,_Z,_Z,_Z,2018,A,PS,
5793636,P1Y,0,,A,PU,_Z,2,,,False,WB_WDI,WB_WDI_SP_POP_TOTL,DNK,_T,_T,_T,_Z,_Z,_Z,2018,A,PS,
1071882,P1Y,0,,A,PU,_Z,2,,,False,WB_WDI,WB_WDI_SP_POP_TOTL,DJI,_T,_T,_T,_Z,_Z,_Z,2018,A,PS,
68174,P1Y,0,,A,PU,_Z,2,,,False,WB_WDI,WB_WDI_SP_POP_TOTL,DMA,_T,_T,_T,_Z,_Z,_Z,2018,A,PS,
10782053,P1Y,0,,A,PU,_Z,2,,,False,WB_WDI,WB_WDI_SP_POP_TOTL,DOM,_T,_T,_T,_Z,_Z,_Z,2018,A,PS,
17049547,P1Y,0,,A,PU,_Z,2,,,False,WB_WDI,WB_WDI_SP_POP_TOTL,ECU,_T,_T,_T,_Z,_Z,_Z,2018,A,PS,
105682094,P1Y,0,,A,PU,_Z,2,,,False,WB_WDI,WB_WDI_SP_POP_TOTL,EGY,_T,_T,_T,_Z,_Z,_Z,2018,A,PS,
19819,P1Y,0,,A,PU,_Z,2,,,False,WB_WDI,WB_WDI_SP_POP_TOTL,PLW,_T,_T,_T,_Z,_Z,_Z,2005,A,PS,
3313026,P1Y,0,,A,PU,_Z,2,,,False,WB_WDI,WB_WDI_SP_POP_TOTL,PAN,_T,_T,_T,_Z,_Z,_Z,2005,A,PS,
6535905,P1Y,0,,A,PU,_Z,2,,,False,WB_WDI,WB_WDI_SP_POP_TOTL,PNG,_T,_T,_T,_Z,_Z,_Z,2005,A,PS,
5448097,P1Y,0,,A,PU,_Z,2,,,False,WB_WDI,WB_WDI_SP_POP_TOTL,PRY,_T,_T,_T,_Z,_Z,_Z,2005,A,PS,
28101180,P1Y,0,,A,PU,_Z,2,,,False,WB_WDI,WB_WDI_SP_POP_TOTL,PER,_T,_T,_T,_Z,_Z,_Z,2005,A,PS,
88015962,P1Y,0,,A,PU,_Z,2,,,False,WB_WDI,WB_WDI_SP_POP_TOTL,PHL,_T,_T,_T,_Z,_Z,_Z,2005,A,PS,
38165445,P1Y,0,,A,PU,_Z,2,,,False,WB_WDI,WB_WDI_SP_POP_TOTL,POL,_T,_T,_T,_Z,_Z,_Z,2005,A,PS,
10503330,P1Y,0,,A,PU,_Z,2,,,False,WB_WDI,WB_WDI_SP_POP_TOTL,PRT,_T,_T,_T,_Z,_Z,_Z,2005,A,PS,
3821362,P1Y,0,,A,PU,_Z,2,,,False,WB_WDI,WB_WDI_SP_POP_TOTL,PRI,_T,_T,_T,_Z,_Z,_Z,2005,A,PS,
825408,P1Y,0,,A,PU,_Z,2,,,False,WB_WDI,WB_WDI_SP_POP_TOTL,QAT,_T,_T,_T,_Z,_Z,_Z,2005,A,PS,
21319685,P1Y,0,,A,PU,_Z,2,,,False,WB_WDI,WB_WDI_SP_POP_TOTL,ROU,_T,_T,_T,_Z,_Z,_Z,2005,A,PS,
5339616,P1Y,0,,A,PU,_Z,2,,,False,WB_WDI,WB_WDI_SP_POP_TOTL,DNK,_T,_T,_T,_Z,_Z,_Z,2000,A,PS,
747318,P1Y,0,,A,PU,_Z,2,,,False,WB_WDI,WB_WDI_SP_POP_TOTL,DJI,_T,_T,_T,_Z,_Z,_Z,2000,A,PS,
68511,P1Y,0,,A,PU,_Z,2,,,False,WB_WDI,WB_WDI_SP_POP_TOTL,DMA,_T,_T,_T,_Z,_Z,_Z,2000,A,PS,
8584190,P1Y,0,,A,PU,_Z,2,,,False,WB_WDI,WB_WDI_SP_POP_TOTL,DOM,_T,_T,_T,_Z,_Z,_Z,2000,A,PS,
12689206,P1Y,0,,A,PU,_Z,2,,,False,WB_WDI,WB_WDI_SP_POP_TOTL,ECU,_T,_T,_T,_Z,_Z,_Z,2000,A,PS,
73083284,P1Y,0,,A,PU,_Z,2,,,False,WB_WDI,WB_WDI_SP_POP_TOTL,EGY,_T,_T,_T,_Z,_Z,_Z,2000,A,PS,
5943366,P1Y,0,,A,PU,_Z,2,,,False,WB_WDI,WB_WDI_SP_POP_TOTL,SLV,_T,_T,_T,_Z,_Z,_Z,2000,A,PS,
703279,P1Y,0,,A,PU,_Z,2,,,False,WB_WDI,WB_WDI_SP_POP_TOTL,GNQ,_T,_T,_T,_Z,_Z,_Z,2000,A,PS,
2247031,P1Y,0,,A,PU,_Z,2,,,False,WB_WDI,WB_WDI_SP_POP_TOTL,ERI,_T,_T,_T,_Z,_Z,_Z,2000,A,PS,
1396985,P1Y,0,,A,PU,_Z,2,,,False,WB_WDI,WB_WDI_SP_POP_TOTL,EST,_T,_T,_T,_Z,_Z,_Z,2000,A,PS,
1041414,P1Y,0,,A,PU,_Z,2,,,False,WB_WDI,WB_WDI_SP_POP_TOTL,SWZ,_T,_T,_T,_Z,_Z,_Z,2000,A,PS,
67411494,P1Y,0,,A,PU,_Z,2,,,False,WB_WDI,WB_WDI_SP_POP_TOTL,ETH,_T,_T,_T,_Z,_Z,_Z,2000,A,PS,
45754,P1Y,0,,A,PU,_Z,2,,,False,WB_WDI,WB_WDI_SP_POP_TOTL,FRO,_T,_T,_T,_Z,_Z,_Z,2000,A,PS,
19025752,P1Y,0,,A,PU,_Z,2,,,False,WB_WDI,WB_WDI_SP_POP_TOTL,MWI,_T,_T,_T,_Z,_Z,_Z,2019,A,PS,
33440596,P1Y,0,,A,PU,_Z,2,,,False,WB_WDI,WB_WDI_SP_POP_TOTL,MYS,_T,_T,_T,_Z,_Z,_Z,2019,A,PS,
487731,P1Y,0,,A,PU,_Z,2,,,False,WB_WDI,WB_WDI_SP_POP_TOTL,MDV,_T,_T,_T,_Z,_Z,_Z,2019,A,PS,
21068405,P1Y,0,,A,PU,_Z,2,,,False,WB_WDI,WB_WDI_SP_POP_TOTL,MLI,_T,_T,_T,_Z,_Z,_Z,2019,A,PS,
503912,P1Y,0,,A,PU,_Z,2,,,False,WB_WDI,WB_WDI_SP_POP_TOTL,MLT,_T,_T,_T,_Z,_Z,_Z,2019,A,PS,
44007,P1Y,0,,A,PU,_Z,2,,,False,WB_WDI,WB_WDI_SP_POP_TOTL,MHL,_T,_T,_T,_Z,_Z,_Z,2019,A,PS,
4467708,P1Y,0,,A,PU,_Z,2,,,False,WB_WDI,WB_WDI_SP_POP_TOTL,MRT,_T,_T,_T,_Z,_Z,_Z,2019,A,PS,
1265985,P1Y,0,,A,PU,_Z,2,,,False,WB_WDI,WB_WDI_SP_POP_TOTL,MUS,_T,_T,_T,_Z,_Z,_Z,2019,A,PS,
125762982,P1Y,0,,A,PU,_Z,2,,,False,WB_WDI,WB_WDI_SP_POP_TOTL,MEX,_T,_T,_T,_Z,_Z,_Z,2019,A,PS,
110282,P1Y,0,,A,PU,_Z,2,,,False,WB_WDI,WB_WDI_SP_POP_TOTL,FSM,_T,_T,_T,_Z,_Z,_Z,2019,A,PS,
2664224,P1Y,0,,A,PU,_Z,2,,,False,WB_WDI,WB_WDI_SP_POP_TOTL,MDA,_T,_T,_T,_Z,_Z,_Z,2019,A,PS,
12181574,P1Y,0,,A,PU,_Z,2,,,False,WB_WDI,WB_WDI_SP_POP_TOTL,MWI,_T,_T,_T,_Z,_Z,_Z,2003,A,PS,
24679602,P1Y,0,,A,PU,_Z,2,,,False,WB_WDI,WB_WDI_SP_POP_TOTL,MYS,_T,_T,_T,_Z,_Z,_Z,2003,A,PS,
296491,P1Y,0,,A,PU,_Z,2,,,False,WB_WDI,WB_WDI_SP_POP_TOTL,MDV,_T,_T,_T,_Z,_Z,_Z,2003,A,PS,
12684955,P1Y,0,,A,PU,_Z,2,,,False,WB_WDI,WB_WDI_SP_POP_TOTL,MLI,_T,_T,_T,_Z,_Z,_Z,2003,A,PS,
398582,P1Y,0,,A,PU,_Z,2,,,False,WB_WDI,WB_WDI_SP_POP_TOTL,MLT,_T,_T,_T,_Z,_Z,_Z,2003,A,PS,
51639,P1Y,0,,A,PU,_Z,2,,,False,WB_WDI,WB_WDI_SP_POP_TOTL,MHL,_T,_T,_T,_Z,_Z,_Z,2003,A,PS,
2802046,P1Y,0,,A,PU,_Z,2,,,False,WB_WDI,WB_WDI_SP_POP_TOTL,MRT,_T,_T,_T,_Z,_Z,_Z,2003,A,PS,
1213370,P1Y,0,,A,PU,_Z,2,,,False,WB_WDI,WB_WDI_SP_POP_TOTL,MUS,_T,_T,_T,_Z,_Z,_Z,2003,A,PS,
102978515,P1Y,0,,A,PU,_Z,2,,,False,WB_WDI,WB_WDI_SP_POP_TOTL,MEX,_T,_T,_T,_Z,_Z,_Z,2003,A,PS,
112285,P1Y,0,,A,PU,_Z,2,,,False,WB_WDI,WB_WDI_SP_POP_TOTL,FSM,_T,_T,_T,_Z,_Z,_Z,2003,A,PS,
2903198,P1Y,0,,A,PU,_Z,2,,,False,WB_WDI,WB_WDI_SP_POP_TOTL,MDA,_T,_T,_T,_Z,_Z,_Z,2003,A,PS,
32374,P1Y,0,,A,PU,_Z,2,,,False,WB_WDI,WB_WDI_SP_POP_TOTL,MCO,_T,_T,_T,_Z,_Z,_Z,2003,A,PS,
2480374,P1Y,0,,A,PU,_Z,2,,,False,WB_WDI,WB_WDI_SP_POP_TOTL,MNG,_T,_T,_T,_Z,_Z,_Z,2003,A,PS,
612267,P1Y,0,,A,PU,_Z,2,,,False,WB_WDI,WB_WDI_SP_POP_TOTL,MNE,_T,_T,_T,_Z,_Z,_Z,2003,A,PS,
758237956,P1Y,0,,A,PU,_Z,2,,,False,WB_WDI,WB_WDI_SP_POP_TOTL,SSF,_T,_T,_T,_Z,_Z,_Z,2004,A,PS,
758155481,P1Y,0,,A,PU,_Z,2,,,False,WB_WDI,WB_WDI_SP_POP_TOTL,SSA,_T,_T,_T,_Z,_Z,_Z,2004,A,PS,
758237956,P1Y,0,,A,PU,_Z,2,,,False,WB_WDI,WB_WDI_SP_POP_TOTL,TSS,_T,_T,_T,_Z,_Z,_Z,2004,A,PS,
2644417001,P1Y,0,,A,PU,_Z,2,,,False,WB_WDI,WB_WDI_SP_POP_TOTL,UMC,_T,_T,_T,_Z,_Z,_Z,2004,A,PS,
6492354627,P1Y,0,,A,PU,_Z,2,,,False,WB_WDI,WB_WDI_SP_POP_TOTL,WLD,_T,_T,_T,_Z,_Z,_Z,2004,A,PS,
23560654,P1Y,0,,A,PU,_Z,2,,,False,WB_WDI,WB_WDI_SP_POP_TOTL,AFG,_T,_T,_T,_Z,_Z,_Z,2004,A,PS,
3026939,P1Y,0,,A,PU,_Z,2,,,False,WB_WDI,WB_WDI_SP_POP_TOTL,ALB,_T,_T,_T,_Z,_Z,_Z,2004,A,PS,
32628286,P1Y,0,,A,PU,_Z,2,,,False,WB_WDI,WB_WDI_SP_POP_TOTL,DZA,_T,_T,_T,_Z,_Z,_Z,2004,A,PS,
56818,P1Y,0,,A,PU,_Z,2,,,False,WB_WDI,WB_WDI_SP_POP_TOTL,ASM,_T,_T,_T,_Z,_Z,_Z,2004,A,PS,
74325,P1Y,0,,A,PU,_Z,2,,,False,WB_WDI,WB_WDI_SP_POP_TOTL,AND,_T,_T,_T,_Z,_Z,_Z,2004,A,PS,
18600423,P1Y,0,,A,PU,_Z,2,,,False,WB_WDI,WB_WDI_SP_POP_TOTL,AGO,_T,_T,_T,_Z,_Z,_Z,2004,A,PS,
78719,P1Y,0,,A,PU,_Z,2,,,False,WB_WDI,WB_WDI_SP_POP_TOTL,ATG,_T,_T,_T,_Z,_Z,_Z,2004,A,PS,
38815916,P1Y,0,,A,PU,_Z,2,,,False,WB_WDI,WB_WDI_SP_POP_TOTL,ARG,_T,_T,_T,_Z,_Z,_Z,2004,A,PS,
3164900,P1Y,0,,A,PU,_Z,2,,,False,WB_WDI,WB_WDI_SP_POP_TOTL,ARM,_T,_T,_T,_Z,_Z,_Z,2004,A,PS,
10193998,P1Y,0,,A,PU,_Z,2,,,False,WB_WDI,WB_WDI_SP_POP_TOTL,CZE,_T,_T,_T,_Z,_Z,_Z,2003,A,PS,
5390574,P1Y,0,,A,PU,_Z,2,,,False,WB_WDI,WB_WDI_SP_POP_TOTL,DNK,_T,_T,_T,_Z,_Z,_Z,2003,A,PS,
813519,P1Y,0,,A,PU,_Z,2,,,False,WB_WDI,WB_WDI_SP_POP_TOTL,DJI,_T,_T,_T,_Z,_Z,_Z,2003,A,PS,
68531,P1Y,0,,A,PU,_Z,2,,,False,WB_WDI,WB_WDI_SP_POP_TOTL,DMA,_T,_T,_T,_Z,_Z,_Z,2003,A,PS,
8980620,P1Y,0,,A,PU,_Z,2,,,False,WB_WDI,WB_WDI_SP_POP_TOTL,DOM,_T,_T,_T,_Z,_Z,_Z,2003,A,PS,
13372306,P1Y,0,,A,PU,_Z,2,,,False,WB_WDI,WB_WDI_SP_POP_TOTL,ECU,_T,_T,_T,_Z,_Z,_Z,2003,A,PS,
77853548,P1Y,0,,A,PU,_Z,2,,,False,WB_WDI,WB_WDI_SP_POP_TOTL,EGY,_T,_T,_T,_Z,_Z,_Z,2003,A,PS,
5998599,P1Y,0,,A,PU,_Z,2,,,False,WB_WDI,WB_WDI_SP_POP_TOTL,SLV,_T,_T,_T,_Z,_Z,_Z,2003,A,PS,
847862,P1Y,0,,A,PU,_Z,2,,,False,WB_WDI,WB_WDI_SP_POP_TOTL,GNQ,_T,_T,_T,_Z,_Z,_Z,2003,A,PS,
2493903,P1Y,0,,A,PU,_Z,2,,,False,WB_WDI,WB_WDI_SP_POP_TOTL,ERI,_T,_T,_T,_Z,_Z,_Z,2003,A,PS,
1370720,P1Y,0,,A,PU,_Z,2,,,False,WB_WDI,WB_WDI_SP_POP_TOTL,EST,_T,_T,_T,_Z,_Z,_Z,2003,A,PS,
1066700,P1Y,0,,A,PU,_Z,2,,,False,WB_WDI,WB_WDI_SP_POP_TOTL,SWZ,_T,_T,_T,_Z,_Z,_Z,2003,A,PS,
73832663,P1Y,0,,A,PU,_Z,2,,,False,WB_WDI,WB_WDI_SP_POP_TOTL,ETH,_T,_T,_T,_Z,_Z,_Z,2003,A,PS,
1988925,P1Y,0,,A,PU,_Z,2,,,False,WB_WDI,WB_WDI_SP_POP_TOTL,SVN,_T,_T,_T,_Z,_Z,_Z,2000,A,PS,
440469,P1Y,0,,A,PU,_Z,2,,,False,WB_WDI,WB_WDI_SP_POP_TOTL,SLB,_T,_T,_T,_Z,_Z,_Z,2000,A,PS,
8838713,P1Y,0,,A,PU,_Z,2,,,False,WB_WDI,WB_WDI_SP_POP_TOTL,SOM,_T,_T,_T,_Z,_Z,_Z,2000,A,PS,
47159719,P1Y,0,,A,PU,_Z,2,,,False,WB_WDI,WB_WDI_SP_POP_TOTL,ZAF,_T,_T,_T,_Z,_Z,_Z,2000,A,PS,
6032267,P1Y,0,,A,PU,_Z,2,,,False,WB_WDI,WB_WDI_SP_POP_TOTL,SSD,_T,_T,_T,_Z,_Z,_Z,2000,A,PS,
40567864,P1Y,0,,A,PU,_Z,2,,,False,WB_WDI,WB_WDI_SP_POP_TOTL,ESP,_T,_T,_T,_Z,_Z,_Z,2000,A,PS,
19293054,P1Y,0,,A,PU,_Z,2,,,False,WB_WDI,WB_WDI_SP_POP_TOTL,LKA,_T,_T,_T,_Z,_Z,_Z,2000,A,PS,
45248,P1Y,0,,A,PU,_Z,2,,,False,WB_WDI,WB_WDI_SP_POP_TOTL,KNA,_T,_T,_T,_Z,_Z,_Z,2000,A,PS,
158616,P1Y,0,,A,PU,_Z,2,,,False,WB_WDI,WB_WDI_SP_POP_TOTL,LCA,_T,_T,_T,_Z,_Z,_Z,2000,A,PS,
29996,P1Y,0,,A,PU,_Z,2,,,False,WB_WDI,WB_WDI_SP_POP_TOTL,MAF,_T,_T,_T,_Z,_Z,_Z,2000,A,PS,
113545,P1Y,0,,A,PU,_Z,2,,,False,WB_WDI,WB_WDI_SP_POP_TOTL,VCT,_T,_T,_T,_Z,_Z,_Z,2000,A,PS,
27816745,P1Y,0,,A,PU,_Z,2,,,False,WB_WDI,WB_WDI_SP_POP_TOTL,SDN,_T,_T,_T,_Z,_Z,_Z,2000,A,PS,
476643,P1Y,0,,A,PU,_Z,2,,,False,WB_WDI,WB_WDI_SP_POP_TOTL,SUR,_T,_T,_T,_Z,_Z,_Z,2000,A,PS,
8872109,P1Y,0,,A,PU,_Z,2,,,False,WB_WDI,WB_WDI_SP_POP_TOTL,SWE,_T,_T,_T,_Z,_Z,_Z,2000,A,PS,
7184250,P1Y,0,,A,PU,_Z,2,,,False,WB_WDI,WB_WDI_SP_POP_TOTL,CHE,_T,_T,_T,_Z,_Z,_Z,2000,A,PS,
10216605,P1Y,0,,A,PU,_Z,2,,,False,WB_WDI,WB_WDI_SP_POP_TOTL,CZE,_T,_T,_T,_Z,_Z,_Z,2001,A,PS,
5358783,P1Y,0,,A,PU,_Z,2,,,False,WB_WDI,WB_WDI_SP_POP_TOTL,DNK,_T,_T,_T,_Z,_Z,_Z,2001,A,PS,
771313,P1Y,0,,A,PU,_Z,2,,,False,WB_WDI,WB_WDI_SP_POP_TOTL,DJI,_T,_T,_T,_Z,_Z,_Z,2001,A,PS,
68288,P1Y,0,,A,PU,_Z,2,,,False,WB_WDI,WB_WDI_SP_POP_TOTL,DMA,_T,_T,_T,_Z,_Z,_Z,2001,A,PS,
8720283,P1Y,0,,A,PU,_Z,2,,,False,WB_WDI,WB_WDI_SP_POP_TOTL,DOM,_T,_T,_T,_Z,_Z,_Z,2001,A,PS,
12910740,P1Y,0,,A,PU,_Z,2,,,False,WB_WDI,WB_WDI_SP_POP_TOTL,ECU,_T,_T,_T,_Z,_Z,_Z,2001,A,PS,
74652029,P1Y,0,,A,PU,_Z,2,,,False,WB_WDI,WB_WDI_SP_POP_TOTL,EGY,_T,_T,_T,_Z,_Z,_Z,2001,A,PS,
5968060,P1Y,0,,A,PU,_Z,2,,,False,WB_WDI,WB_WDI_SP_POP_TOTL,SLV,_T,_T,_T,_Z,_Z,_Z,2001,A,PS,
749836,P1Y,0,,A,PU,_Z,2,,,False,WB_WDI,WB_WDI_SP_POP_TOTL,GNQ,_T,_T,_T,_Z,_Z,_Z,2001,A,PS,
2312079,P1Y,0,,A,PU,_Z,2,,,False,WB_WDI,WB_WDI_SP_POP_TOTL,ERI,_T,_T,_T,_Z,_Z,_Z,2001,A,PS,
1388115,P1Y,0,,A,PU,_Z,2,,,False,WB_WDI,WB_WDI_SP_POP_TOTL,EST,_T,_T,_T,_Z,_Z,_Z,2001,A,PS,
1051064,P1Y,0,,A,PU,_Z,2,,,False,WB_WDI,WB_WDI_SP_POP_TOTL,SWZ,_T,_T,_T,_Z,_Z,_Z,2001,A,PS,
69487762,P1Y,0,,A,PU,_Z,2,,,False,WB_WDI,WB_WDI_SP_POP_TOTL,ETH,_T,_T,_T,_Z,_Z,_Z,2001,A,PS,
689336827,P1Y,0,,A,PU,_Z,2,,,False,WB_WDI,WB_WDI_SP_POP_TOTL,LIC,_T,_T,_T,_Z,_Z,_Z,2021,A,PS,
2797047001,P1Y,0,,A,PU,_Z,2,,,False,WB_WDI,WB_WDI_SP_POP_TOTL,LMC,_T,_T,_T,_Z,_Z,_Z,2021,A,PS,
767578451,P1Y,0,,A,PU,_Z,2,,,False,WB_WDI,WB_WDI_SP_POP_TOTL,MEA,_T,_T,_T,_Z,_Z,_Z,2021,A,PS,
704458802,P1Y,0,,A,PU,_Z,2,,,False,WB_WDI,WB_WDI_SP_POP_TOTL,MNA,_T,_T,_T,_Z,_Z,_Z,2021,A,PS,
699536053,P1Y,0,,A,PU,_Z,2,,,False,WB_WDI,WB_WDI_SP_POP_TOTL,TMN,_T,_T,_T,_Z,_Z,_Z,2021,A,PS,
5838421323,P1Y,0,,A,PU,_Z,2,,,False,WB_WDI,WB_WDI_SP_POP_TOTL,MIC,_T,_T,_T,_Z,_Z,_Z,2021,A,PS,
370404678,P1Y,0,,A,PU,_Z,2,,,False,WB_WDI,WB_WDI_SP_POP_TOTL,NAC,_T,_T,_T,_Z,_Z,_Z,2021,A,PS,
1371780402,P1Y,0,,A,PU,_Z,2,,,False,WB_WDI,WB_WDI_SP_POP_TOTL,OED,_T,_T,_T,_Z,_Z,_Z,2021,A,PS,
12541889,P1Y,0,,A,PU,_Z,2,,,False,WB_WDI,WB_WDI_SP_POP_TOTL,OSS,_T,_T,_T,_Z,_Z,_Z,2021,A,PS,
2625493,P1Y,0,,A,PU,_Z,2,,,False,WB_WDI,WB_WDI_SP_POP_TOTL,PSS,_T,_T,_T,_Z,_Z,_Z,2021,A,PS,
1116578102,P1Y,0,,A,PU,_Z,2,,,False,WB_WDI,WB_WDI_SP_POP_TOTL,PST,_T,_T,_T,_Z,_Z,_Z,2021,A,PS,
1024018110,P1Y,0,,A,PU,_Z,2,,,False,WB_WDI,WB_WDI_SP_POP_TOTL,PRE,_T,_T,_T,_Z,_Z,_Z,2021,A,PS,
19646549,P1Y,0,,A,PU,_Z,2,,,False,WB_WDI,WB_WDI_SP_POP_TOTL,SST,_T,_T,_T,_Z,_Z,_Z,2021,A,PS,
1634785356,P1Y,0,,A,PU,_Z,2,,,False,WB_WDI,WB_WDI_SP_POP_TOTL,SAS,_T,_T,_T,_Z,_Z,_Z,2021,A,PS,
750491370,P1Y,0,,A,PU,_Z,2,,,False,WB_WDI,WB_WDI_SP_POP_TOTL,AFE,_T,_T,_T,_Z,_Z,_Z,2023,A,PS,
508318102,P1Y,0,,A,PU,_Z,2,,,False,WB_WDI,WB_WDI_SP_POP_TOTL,AFW,_T,_T,_T,_Z,_Z,_Z,2023,A,PS,
482105978,P1Y,0,,A,PU,_Z,2,,,False,WB_WDI,WB_WDI_SP_POP_TOTL,ARB,_T,_T,_T,_Z,_Z,_Z,2023,A,PS,
4519904,P1Y,0,,A,PU,_Z,2,,,False,WB_WDI,WB_WDI_SP_POP_TOTL,CSS,_T,_T,_T,_Z,_Z,_Z,2023,A,PS,
100183707,P1Y,0,,A,PU,_Z,2,,,False,WB_WDI,WB_WDI_SP_POP_TOTL,CEB,_T,_T,_T,_Z,_Z,_Z,2023,A,PS,
3511607650,P1Y,0,,A,PU,_Z,2,,,False,WB_WDI,WB_WDI_SP_POP_TOTL,EAR,_T,_T,_T,_Z,_Z,_Z,2023,A,PS,
2384441485,P1Y,0,,A,PU,_Z,2,,,False,WB_WDI,WB_WDI_SP_POP_TOTL,EAS,_T,_T,_T,_Z,_Z,_Z,2023,A,PS,
2137527754,P1Y,0,,A,PU,_Z,2,,,False,WB_WDI,WB_WDI_SP_POP_TOTL,EAP,_T,_T,_T,_Z,_Z,_Z,2023,A,PS,
2111139152,P1Y,0,,A,PU,_Z,2,,,False,WB_WDI,WB_WDI_SP_POP_TOTL,TEA,_T,_T,_T,_Z,_Z,_Z,2023,A,PS,
356209318,P1Y,0,,A,PU,_Z,2,,,False,WB_WDI,WB_WDI_SP_POP_TOTL,EMU,_T,_T,_T,_Z,_Z,_Z,2023,A,PS,
924805070,P1Y,0,,A,PU,_Z,2,,,False,WB_WDI,WB_WDI_SP_POP_TOTL,ECS,_T,_T,_T,_Z,_Z,_Z,2023,A,PS,
248718948,P1Y,0,,A,PU,_Z,2,,,False,WB_WDI,WB_WDI_SP_POP_TOTL,ECA,_T,_T,_T,_Z,_Z,_Z,2023,A,PS,
458599775,P1Y,0,,A,PU,_Z,2,,,False,WB_WDI,WB_WDI_SP_POP_TOTL,TEC,_T,_T,_T,_Z,_Z,_Z,2023,A,PS,
448897545,P1Y,0,,A,PU,_Z,2,,,False,WB_WDI,WB_WDI_SP_POP_TOTL,EUU,_T,_T,_T,_Z,_Z,_Z,2023,A,PS,
916223767,P1Y,0,,A,PU,_Z,2,,,False,WB_WDI,WB_WDI_SP_POP_TOTL,HPC,_T,_T,_T,_Z,_Z,_Z,2023,A,PS,
1408138595,P1Y,0,,A,PU,_Z,2,,,False,WB_WDI,WB_WDI_SP_POP_TOTL,HIC,_T,_T,_T,_Z,_Z,_Z,2023,A,PS,
4952209753,P1Y,0,,A,PU,_Z,2,,,False,WB_WDI,WB_WDI_SP_POP_TOTL,IBD,_T,_T,_T,_Z,_Z,_Z,2023,A,PS,
59587885,P1Y,0,,A,PU,_Z,2,,,False,WB_WDI,WB_WDI_SP_POP_TOTL,ZAF,_T,_T,_T,_Z,_Z,_Z,2019,A,PS,
10423384,P1Y,0,,A,PU,_Z,2,,,False,WB_WDI,WB_WDI_SP_POP_TOTL,SSD,_T,_T,_T,_Z,_Z,_Z,2019,A,PS,
47118501,P1Y,0,,A,PU,_Z,2,,,False,WB_WDI,WB_WDI_SP_POP_TOTL,ESP,_T,_T,_T,_Z,_Z,_Z,2019,A,PS,
21803000,P1Y,0,,A,PU,_Z,2,,,False,WB_WDI,WB_WDI_SP_POP_TOTL,LKA,_T,_T,_T,_Z,_Z,_Z,2019,A,PS,
46952,P1Y,0,,A,PU,_Z,2,,,False,WB_WDI,WB_WDI_SP_POP_TOTL,KNA,_T,_T,_T,_Z,_Z,_Z,2019,A,PS,
177661,P1Y,0,,A,PU,_Z,2,,,False,WB_WDI,WB_WDI_SP_POP_TOTL,LCA,_T,_T,_T,_Z,_Z,_Z,2019,A,PS,
34267,P1Y,0,,A,PU,_Z,2,,,False,WB_WDI,WB_WDI_SP_POP_TOTL,MAF,_T,_T,_T,_Z,_Z,_Z,2019,A,PS,
104167,P1Y,0,,A,PU,_Z,2,,,False,WB_WDI,WB_WDI_SP_POP_TOTL,VCT,_T,_T,_T,_Z,_Z,_Z,2019,A,PS,
45548175,P1Y,0,,A,PU,_Z,2,,,False,WB_WDI,WB_WDI_SP_POP_TOTL,SDN,_T,_T,_T,_Z,_Z,_Z,2019,A,PS,
605768,P1Y,0,,A,PU,_Z,2,,,False,WB_WDI,WB_WDI_SP_POP_TOTL,SUR,_T,_T,_T,_Z,_Z,_Z,2019,A,PS,
10278887,P1Y,0,,A,PU,_Z,2,,,False,WB_WDI,WB_WDI_SP_POP_TOTL,SWE,_T,_T,_T,_Z,_Z,_Z,2019,A,PS,
8575280,P1Y,0,,A,PU,_Z,2,,,False,WB_WDI,WB_WDI_SP_POP_TOTL,CHE,_T,_T,_T,_Z,_Z,_Z,2019,A,PS,
518141,P1Y,0,,A,PU,_Z,2,,,False,WB_WDI,WB_WDI_SP_POP_TOTL,SLB,_T,_T,_T,_Z,_Z,_Z,2009,A,PS,
11961201,P1Y,0,,A,PU,_Z,2,,,False,WB_WDI,WB_WDI_SP_POP_TOTL,SOM,_T,_T,_T,_Z,_Z,_Z,2009,A,PS,
51728516,P1Y,0,,A,PU,_Z,2,,,False,WB_WDI,WB_WDI_SP_POP_TOTL,ZAF,_T,_T,_T,_Z,_Z,_Z,2009,A,PS,
9243556,P1Y,0,,A,PU,_Z,2,,,False,WB_WDI,WB_WDI_SP_POP_TOTL,SSD,_T,_T,_T,_Z,_Z,_Z,2009,A,PS,
46362946,P1Y,0,,A,PU,_Z,2,,,False,WB_WDI,WB_WDI_SP_POP_TOTL,ESP,_T,_T,_T,_Z,_Z,_Z,2009,A,PS,
20756435,P1Y,0,,A,PU,_Z,2,,,False,WB_WDI,WB_WDI_SP_POP_TOTL,LKA,_T,_T,_T,_Z,_Z,_Z,2009,A,PS,
46916,P1Y,0,,A,PU,_Z,2,,,False,WB_WDI,WB_WDI_SP_POP_TOTL,KNA,_T,_T,_T,_Z,_Z,_Z,2009,A,PS,
169869,P1Y,0,,A,PU,_Z,2,,,False,WB_WDI,WB_WDI_SP_POP_TOTL,LCA,_T,_T,_T,_Z,_Z,_Z,2009,A,PS,
36502,P1Y,0,,A,PU,_Z,2,,,False,WB_WDI,WB_WDI_SP_POP_TOTL,MAF,_T,_T,_T,_Z,_Z,_Z,2009,A,PS,
110508,P1Y,0,,A,PU,_Z,2,,,False,WB_WDI,WB_WDI_SP_POP_TOTL,VCT,_T,_T,_T,_Z,_Z,_Z,2009,A,PS,
34569113,P1Y,0,,A,PU,_Z,2,,,False,WB_WDI,WB_WDI_SP_POP_TOTL,SDN,_T,_T,_T,_Z,_Z,_Z,2009,A,PS,
543568,P1Y,0,,A,PU,_Z,2,,,False,WB_WDI,WB_WDI_SP_POP_TOTL,SUR,_T,_T,_T,_Z,_Z,_Z,2009,A,PS,
9298515,P1Y,0,,A,PU,_Z,2,,,False,WB_WDI,WB_WDI_SP_POP_TOTL,SWE,_T,_T,_T,_Z,_Z,_Z,2009,A,PS,
7743831,P1Y,0,,A,PU,_Z,2,,,False,WB_WDI,WB_WDI_SP_POP_TOTL,CHE,_T,_T,_T,_Z,_Z,_Z,2009,A,PS,
4179438,P1Y,0,,A,PU,_Z,2,,,False,WB_WDI,WB_WDI_SP_POP_TOTL,BIH,_T,_T,_T,_Z,_Z,_Z,2001,A,PS,
1712254,P1Y,0,,A,PU,_Z,2,,,False,WB_WDI,WB_WDI_SP_POP_TOTL,BWA,_T,_T,_T,_Z,_Z,_Z,2001,A,PS,
176301203,P1Y,0,,A,PU,_Z,2,,,False,WB_WDI,WB_WDI_SP_POP_TOTL,BRA,_T,_T,_T,_Z,_Z,_Z,2001,A,PS,
20796,P1Y,0,,A,PU,_Z,2,,,False,WB_WDI,WB_WDI_SP_POP_TOTL,VGB,_T,_T,_T,_Z,_Z,_Z,2001,A,PS,
333345,P1Y,0,,A,PU,_Z,2,,,False,WB_WDI,WB_WDI_SP_POP_TOTL,BRN,_T,_T,_T,_Z,_Z,_Z,2001,A,PS,
8009142,P1Y,0,,A,PU,_Z,2,,,False,WB_WDI,WB_WDI_SP_POP_TOTL,BGR,_T,_T,_T,_Z,_Z,_Z,2001,A,PS,
12295001,P1Y,0,,A,PU,_Z,2,,,False,WB_WDI,WB_WDI_SP_POP_TOTL,BFA,_T,_T,_T,_Z,_Z,_Z,2001,A,PS,
6634365,P1Y,0,,A,PU,_Z,2,,,False,WB_WDI,WB_WDI_SP_POP_TOTL,BDI,_T,_T,_T,_Z,_Z,_Z,2001,A,PS,
460293,P1Y,0,,A,PU,_Z,2,,,False,WB_WDI,WB_WDI_SP_POP_TOTL,CPV,_T,_T,_T,_Z,_Z,_Z,2001,A,PS,
12658484,P1Y,0,,A,PU,_Z,2,,,False,WB_WDI,WB_WDI_SP_POP_TOTL,KHM,_T,_T,_T,_Z,_Z,_Z,2001,A,PS,
15309490,P1Y,0,,A,PU,_Z,2,,,False,WB_WDI,WB_WDI_SP_POP_TOTL,CMR,_T,_T,_T,_Z,_Z,_Z,2001,A,PS,
31020855,P1Y,0,,A,PU,_Z,2,,,False,WB_WDI,WB_WDI_SP_POP_TOTL,CAN,_T,_T,_T,_Z,_Z,_Z,2001,A,PS,
41089,P1Y,0,,A,PU,_Z,2,,,False,WB_WDI,WB_WDI_SP_POP_TOTL,CYM,_T,_T,_T,_Z,_Z,_Z,2001,A,PS,
3919487,P1Y,0,,A,PU,_Z,2,,,False,WB_WDI,WB_WDI_SP_POP_TOTL,CAF,_T,_T,_T,_Z,_Z,_Z,2001,A,PS,
6857438587,P1Y,0,,A,PU,_Z,2,,,False,WB_WDI,WB_WDI_SP_POP_TOTL,IBT,_T,_T,_T,_Z,_Z,_Z,2023,A,PS,
664395892,P1Y,0,,A,PU,_Z,2,,,False,WB_WDI,WB_WDI_SP_POP_TOTL,IDB,_T,_T,_T,_Z,_Z,_Z,2023,A,PS,
1240832942,P1Y,0,,A,PU,_Z,2,,,False,WB_WDI,WB_WDI_SP_POP_TOTL,IDX,_T,_T,_T,_Z,_Z,_Z,2023,A,PS,
1905228834,P1Y,0,,A,PU,_Z,2,,,False,WB_WDI,WB_WDI_SP_POP_TOTL,IDA,_T,_T,_T,_Z,_Z,_Z,2023,A,PS,
2326294294,P1Y,0,,A,PU,_Z,2,,,False,WB_WDI,WB_WDI_SP_POP_TOTL,LTE,_T,_T,_T,_Z,_Z,_Z,2023,A,PS,
657616519,P1Y,0,,A,PU,_Z,2,,,False,WB_WDI,WB_WDI_SP_POP_TOTL,LCN,_T,_T,_T,_Z,_Z,_Z,2023,A,PS,
618190397,P1Y,0,,A,PU,_Z,2,,,False,WB_WDI,WB_WDI_SP_POP_TOTL,LAC,_T,_T,_T,_Z,_Z,_Z,2023,A,PS,
642397939,P1Y,0,,A,PU,_Z,2,,,False,WB_WDI,WB_WDI_SP_POP_TOTL,TLA,_T,_T,_T,_Z,_Z,_Z,2023,A,PS,
1159744187,P1Y,0,,A,PU,_Z,2,,,False,WB_WDI,WB_WDI_SP_POP_TOTL,LDC,_T,_T,_T,_Z,_Z,_Z,2023,A,PS,
6654784822,P1Y,0,,A,PU,_Z,2,,,False,WB_WDI,WB_WDI_SP_POP_TOTL,LMY,_T,_T,_T,_Z,_Z,_Z,2023,A,PS,
727162058,P1Y,0,,A,PU,_Z,2,,,False,WB_WDI,WB_WDI_SP_POP_TOTL,LIC,_T,_T,_T,_Z,_Z,_Z,2023,A,PS,
2869695351,P1Y,0,,A,PU,_Z,2,,,False,WB_WDI,WB_WDI_SP_POP_TOTL,LMC,_T,_T,_T,_Z,_Z,_Z,2023,A,PS,
797801454,P1Y,0,,A,PU,_Z,2,,,False,WB_WDI,WB_WDI_SP_POP_TOTL,MEA,_T,_T,_T,_Z,_Z,_Z,2023,A,PS,
729077445,P1Y,0,,A,PU,_Z,2,,,False,WB_WDI,WB_WDI_SP_POP_TOTL,MNA,_T,_T,_T,_Z,_Z,_Z,2023,A,PS,
723911670,P1Y,0,,A,PU,_Z,2,,,False,WB_WDI,WB_WDI_SP_POP_TOTL,TMN,_T,_T,_T,_Z,_Z,_Z,2023,A,PS,
283487931,P1Y,0,,A,PU,_Z,2,,,False,WB_WDI,WB_WDI_SP_POP_TOTL,IDN,_T,_T,_T,_Z,_Z,_Z,2024,A,PS,
91567738,P1Y,0,,A,PU,_Z,2,,,False,WB_WDI,WB_WDI_SP_POP_TOTL,IRN,_T,_T,_T,_Z,_Z,_Z,2024,A,PS,
46042015,P1Y,0,,A,PU,_Z,2,,,False,WB_WDI,WB_WDI_SP_POP_TOTL,IRQ,_T,_T,_T,_Z,_Z,_Z,2024,A,PS,
5395790,P1Y,0,,A,PU,_Z,2,,,False,WB_WDI,WB_WDI_SP_POP_TOTL,IRL,_T,_T,_T,_Z,_Z,_Z,2024,A,PS,
84160,P1Y,0,,A,PU,_Z,2,,,False,WB_WDI,WB_WDI_SP_POP_TOTL,IMN,_T,_T,_T,_Z,_Z,_Z,2024,A,PS,
10002200,P1Y,0,,A,PU,_Z,2,,,False,WB_WDI,WB_WDI_SP_POP_TOTL,ISR,_T,_T,_T,_Z,_Z,_Z,2024,A,PS,
58952704,P1Y,0,,A,PU,_Z,2,,,False,WB_WDI,WB_WDI_SP_POP_TOTL,ITA,_T,_T,_T,_Z,_Z,_Z,2024,A,PS,
2839175,P1Y,0,,A,PU,_Z,2,,,False,WB_WDI,WB_WDI_SP_POP_TOTL,JAM,_T,_T,_T,_Z,_Z,_Z,2024,A,PS,
123975371,P1Y,0,,A,PU,_Z,2,,,False,WB_WDI,WB_WDI_SP_POP_TOTL,JPN,_T,_T,_T,_Z,_Z,_Z,2024,A,PS,
11552876,P1Y,0,,A,PU,_Z,2,,,False,WB_WDI,WB_WDI_SP_POP_TOTL,JOR,_T,_T,_T,_Z,_Z,_Z,2024,A,PS,
20592571,P1Y,0,,A,PU,_Z,2,,,False,WB_WDI,WB_WDI_SP_POP_TOTL,KAZ,_T,_T,_T,_Z,_Z,_Z,2024,A,PS,
56432944,P1Y,0,,A,PU,_Z,2,,,False,WB_WDI,WB_WDI_SP_POP_TOTL,KEN,_T,_T,_T,_Z,_Z,_Z,2024,A,PS,
134518,P1Y,0,,A,PU,_Z,2,,,False,WB_WDI,WB_WDI_SP_POP_TOTL,KIR,_T,_T,_T,_Z,_Z,_Z,2024,A,PS,
26498823,P1Y,0,,A,PU,_Z,2,,,False,WB_WDI,WB_WDI_SP_POP_TOTL,PRK,_T,_T,_T,_Z,_Z,_Z,2024,A,PS,
51751065,P1Y,0,,A,PU,_Z,2,,,False,WB_WDI,WB_WDI_SP_POP_TOTL,KOR,_T,_T,_T,_Z,_Z,_Z,2024,A,PS,
1594353,P1Y,0,,A,PU,_Z,2,,,False,WB_WDI,WB_WDI_SP_POP_TOTL,XKX,_T,_T,_T,_Z,_Z,_Z,2024,A,PS,
4897263,P1Y,0,,A,PU,_Z,2,,,False,WB_WDI,WB_WDI_SP_POP_TOTL,KWT,_T,_T,_T,_Z,_Z,_Z,2024,A,PS,
7221868,P1Y,0,,A,PU,_Z,2,,,False,WB_WDI,WB_WDI_SP_POP_TOTL,KGZ,_T,_T,_T,_Z,_Z,_Z,2024,A,PS,
1386949456,P1Y,0,,A,PU,_Z,2,,,False,WB_WDI,WB_WDI_SP_POP_TOTL,SAS,_T,_T,_T,_Z,_Z,_Z,2007,A,PS,
1386949456,P1Y,0,,A,PU,_Z,2,,,False,WB_WDI,WB_WDI_SP_POP_TOTL,TSA,_T,_T,_T,_Z,_Z,_Z,2007,A,PS,
823124982,P1Y,0,,A,PU,_Z,2,,,False,WB_WDI,WB_WDI_SP_POP_TOTL,SSF,_T,_T,_T,_Z,_Z,_Z,2007,A,PS,
823039949,P1Y,0,,A,PU,_Z,2,,,False,WB_WDI,WB_WDI_SP_POP_TOTL,SSA,_T,_T,_T,_Z,_Z,_Z,2007,A,PS,
823124982,P1Y,0,,A,PU,_Z,2,,,False,WB_WDI,WB_WDI_SP_POP_TOTL,TSS,_T,_T,_T,_Z,_Z,_Z,2007,A,PS,
2714303370,P1Y,0,,A,PU,_Z,2,,,False,WB_WDI,WB_WDI_SP_POP_TOTL,UMC,_T,_T,_T,_Z,_Z,_Z,2007,A,PS,
6744049498,P1Y,0,,A,PU,_Z,2,,,False,WB_WDI,WB_WDI_SP_POP_TOTL,WLD,_T,_T,_T,_Z,_Z,_Z,2007,A,PS,
25909852,P1Y,0,,A,PU,_Z,2,,,False,WB_WDI,WB_WDI_SP_POP_TOTL,AFG,_T,_T,_T,_Z,_Z,_Z,2007,A,PS,
2970017,P1Y,0,,A,PU,_Z,2,,,False,WB_WDI,WB_WDI_SP_POP_TOTL,ALB,_T,_T,_T,_Z,_Z,_Z,2007,A,PS,
34189416,P1Y,0,,A,PU,_Z,2,,,False,WB_WDI,WB_WDI_SP_POP_TOTL,DZA,_T,_T,_T,_Z,_Z,_Z,2007,A,PS,
56113,P1Y,0,,A,PU,_Z,2,,,False,WB_WDI,WB_WDI_SP_POP_TOTL,ASM,_T,_T,_T,_Z,_Z,_Z,2007,A,PS,
81877,P1Y,0,,A,PU,_Z,2,,,False,WB_WDI,WB_WDI_SP_POP_TOTL,AND,_T,_T,_T,_Z,_Z,_Z,2007,A,PS,
20778561,P1Y,0,,A,PU,_Z,2,,,False,WB_WDI,WB_WDI_SP_POP_TOTL,AGO,_T,_T,_T,_Z,_Z,_Z,2007,A,PS,
81704,P1Y,0,,A,PU,_Z,2,,,False,WB_WDI,WB_WDI_SP_POP_TOTL,ATG,_T,_T,_T,_Z,_Z,_Z,2007,A,PS,
5169395,P1Y,0,,A,PU,_Z,2,,,False,WB_WDI,WB_WDI_SP_POP_TOTL,MRT,_T,_T,_T,_Z,_Z,_Z,2024,A,PS,
1245779,P1Y,0,,A,PU,_Z,2,,,False,WB_WDI,WB_WDI_SP_POP_TOTL,MUS,_T,_T,_T,_Z,_Z,_Z,2024,A,PS,
130861007,P1Y,0,,A,PU,_Z,2,,,False,WB_WDI,WB_WDI_SP_POP_TOTL,MEX,_T,_T,_T,_Z,_Z,_Z,2024,A,PS,
113160,P1Y,0,,A,PU,_Z,2,,,False,WB_WDI,WB_WDI_SP_POP_TOTL,FSM,_T,_T,_T,_Z,_Z,_Z,2024,A,PS,
2402306,P1Y,0,,A,PU,_Z,2,,,False,WB_WDI,WB_WDI_SP_POP_TOTL,MDA,_T,_T,_T,_Z,_Z,_Z,2024,A,PS,
38631,P1Y,0,,A,PU,_Z,2,,,False,WB_WDI,WB_WDI_SP_POP_TOTL,MCO,_T,_T,_T,_Z,_Z,_Z,2024,A,PS,
3524788,P1Y,0,,A,PU,_Z,2,,,False,WB_WDI,WB_WDI_SP_POP_TOTL,MNG,_T,_T,_T,_Z,_Z,_Z,2024,A,PS,
623525,P1Y,0,,A,PU,_Z,2,,,False,WB_WDI,WB_WDI_SP_POP_TOTL,MNE,_T,_T,_T,_Z,_Z,_Z,2024,A,PS,
38081173,P1Y,0,,A,PU,_Z,2,,,False,WB_WDI,WB_WDI_SP_POP_TOTL,MAR,_T,_T,_T,_Z,_Z,_Z,2024,A,PS,
34631766,P1Y,0,,A,PU,_Z,2,,,False,WB_WDI,WB_WDI_SP_POP_TOTL,MOZ,_T,_T,_T,_Z,_Z,_Z,2024,A,PS,
54500091,P1Y,0,,A,PU,_Z,2,,,False,WB_WDI,WB_WDI_SP_POP_TOTL,MMR,_T,_T,_T,_Z,_Z,_Z,2024,A,PS,
3030131,P1Y,0,,A,PU,_Z,2,,,False,WB_WDI,WB_WDI_SP_POP_TOTL,NAM,_T,_T,_T,_Z,_Z,_Z,2024,A,PS,
11947,P1Y,0,,A,PU,_Z,2,,,False,WB_WDI,WB_WDI_SP_POP_TOTL,NRU,_T,_T,_T,_Z,_Z,_Z,2024,A,PS,
29651054,P1Y,0,,A,PU,_Z,2,,,False,WB_WDI,WB_WDI_SP_POP_TOTL,NPL,_T,_T,_T,_Z,_Z,_Z,2024,A,PS,
17993485,P1Y,0,,A,PU,_Z,2,,,False,WB_WDI,WB_WDI_SP_POP_TOTL,NLD,_T,_T,_T,_Z,_Z,_Z,2024,A,PS,
292639,P1Y,0,,A,PU,_Z,2,,,False,WB_WDI,WB_WDI_SP_POP_TOTL,NCL,_T,_T,_T,_Z,_Z,_Z,2024,A,PS,
5290000,P1Y,0,,A,PU,_Z,2,,,False,WB_WDI,WB_WDI_SP_POP_TOTL,NZL,_T,_T,_T,_Z,_Z,_Z,2024,A,PS,
680716578,P1Y,0,,A,PU,_Z,2,,,False,WB_WDI,WB_WDI_SP_POP_TOTL,MEA,_T,_T,_T,_Z,_Z,_Z,2014,A,PS,
624564062,P1Y,0,,A,PU,_Z,2,,,False,WB_WDI,WB_WDI_SP_POP_TOTL,MNA,_T,_T,_T,_Z,_Z,_Z,2014,A,PS,
620390664,P1Y,0,,A,PU,_Z,2,,,False,WB_WDI,WB_WDI_SP_POP_TOTL,TMN,_T,_T,_T,_Z,_Z,_Z,2014,A,PS,
5425923034,P1Y,0,,A,PU,_Z,2,,,False,WB_WDI,WB_WDI_SP_POP_TOTL,MIC,_T,_T,_T,_Z,_Z,_Z,2014,A,PS,
354755155,P1Y,0,,A,PU,_Z,2,,,False,WB_WDI,WB_WDI_SP_POP_TOTL,NAC,_T,_T,_T,_Z,_Z,_Z,2014,A,PS,
1323458714,P1Y,0,,A,PU,_Z,2,,,False,WB_WDI,WB_WDI_SP_POP_TOTL,OED,_T,_T,_T,_Z,_Z,_Z,2014,A,PS,
11591200,P1Y,0,,A,PU,_Z,2,,,False,WB_WDI,WB_WDI_SP_POP_TOTL,OSS,_T,_T,_T,_Z,_Z,_Z,2014,A,PS,
2414338,P1Y,0,,A,PU,_Z,2,,,False,WB_WDI,WB_WDI_SP_POP_TOTL,PSS,_T,_T,_T,_Z,_Z,_Z,2014,A,PS,
1093024476,P1Y,0,,A,PU,_Z,2,,,False,WB_WDI,WB_WDI_SP_POP_TOTL,PST,_T,_T,_T,_Z,_Z,_Z,2014,A,PS,
845885930,P1Y,0,,A,PU,_Z,2,,,False,WB_WDI,WB_WDI_SP_POP_TOTL,PRE,_T,_T,_T,_Z,_Z,_Z,2014,A,PS,
18292084,P1Y,0,,A,PU,_Z,2,,,False,WB_WDI,WB_WDI_SP_POP_TOTL,SST,_T,_T,_T,_Z,_Z,_Z,2014,A,PS,
1519839246,P1Y,0,,A,PU,_Z,2,,,False,WB_WDI,WB_WDI_SP_POP_TOTL,SAS,_T,_T,_T,_Z,_Z,_Z,2014,A,PS,
1519839246,P1Y,0,,A,PU,_Z,2,,,False,WB_WDI,WB_WDI_SP_POP_TOTL,TSA,_T,_T,_T,_Z,_Z,_Z,2014,A,PS,
2650727446,P1Y,0,,A,PU,_Z,2,,,False,WB_WDI,WB_WDI_SP_POP_TOTL,LMC,_T,_T,_T,_Z,_Z,_Z,2017,A,PS,
718887744,P1Y,0,,A,PU,_Z,2,,,False,WB_WDI,WB_WDI_SP_POP_TOTL,MEA,_T,_T,_T,_Z,_Z,_Z,2017,A,PS,
656767614,P1Y,0,,A,PU,_Z,2,,,False,WB_WDI,WB_WDI_SP_POP_TOTL,MNA,_T,_T,_T,_Z,_Z,_Z,2017,A,PS,
652312809,P1Y,0,,A,PU,_Z,2,,,False,WB_WDI,WB_WDI_SP_POP_TOTL,TMN,_T,_T,_T,_Z,_Z,_Z,2017,A,PS,
5616970904,P1Y,0,,A,PU,_Z,2,,,False,WB_WDI,WB_WDI_SP_POP_TOTL,MIC,_T,_T,_T,_Z,_Z,_Z,2017,A,PS,
363217262,P1Y,0,,A,PU,_Z,2,,,False,WB_WDI,WB_WDI_SP_POP_TOTL,NAC,_T,_T,_T,_Z,_Z,_Z,2017,A,PS,
1348125258,P1Y,0,,A,PU,_Z,2,,,False,WB_WDI,WB_WDI_SP_POP_TOTL,OED,_T,_T,_T,_Z,_Z,_Z,2017,A,PS,
11989367,P1Y,0,,A,PU,_Z,2,,,False,WB_WDI,WB_WDI_SP_POP_TOTL,OSS,_T,_T,_T,_Z,_Z,_Z,2017,A,PS,
2509999,P1Y,0,,A,PU,_Z,2,,,False,WB_WDI,WB_WDI_SP_POP_TOTL,PSS,_T,_T,_T,_Z,_Z,_Z,2017,A,PS,
1107159559,P1Y,0,,A,PU,_Z,2,,,False,WB_WDI,WB_WDI_SP_POP_TOTL,PST,_T,_T,_T,_Z,_Z,_Z,2017,A,PS,
919835947,P1Y,0,,A,PU,_Z,2,,,False,WB_WDI,WB_WDI_SP_POP_TOTL,PRE,_T,_T,_T,_Z,_Z,_Z,2017,A,PS,
18865506,P1Y,0,,A,PU,_Z,2,,,False,WB_WDI,WB_WDI_SP_POP_TOTL,SST,_T,_T,_T,_Z,_Z,_Z,2017,A,PS,
1572520427,P1Y,0,,A,PU,_Z,2,,,False,WB_WDI,WB_WDI_SP_POP_TOTL,SAS,_T,_T,_T,_Z,_Z,_Z,2017,A,PS,
1572520427,P1Y,0,,A,PU,_Z,2,,,False,WB_WDI,WB_WDI_SP_POP_TOTL,TSA,_T,_T,_T,_Z,_Z,_Z,2017,A,PS,
2595522,P1Y,0,,A,PU,_Z,2,,,False,WB_WDI,WB_WDI_SP_POP_TOTL,PSS,_T,_T,_T,_Z,_Z,_Z,2020,A,PS,
1117003860,P1Y,0,,A,PU,_Z,2,,,False,WB_WDI,WB_WDI_SP_POP_TOTL,PST,_T,_T,_T,_Z,_Z,_Z,2020,A,PS,
997742595,P1Y,0,,A,PU,_Z,2,,,False,WB_WDI,WB_WDI_SP_POP_TOTL,PRE,_T,_T,_T,_Z,_Z,_Z,2020,A,PS,
19472157,P1Y,0,,A,PU,_Z,2,,,False,WB_WDI,WB_WDI_SP_POP_TOTL,SST,_T,_T,_T,_Z,_Z,_Z,2020,A,PS,
1621073417,P1Y,0,,A,PU,_Z,2,,,False,WB_WDI,WB_WDI_SP_POP_TOTL,SAS,_T,_T,_T,_Z,_Z,_Z,2020,A,PS,
1621073417,P1Y,0,,A,PU,_Z,2,,,False,WB_WDI,WB_WDI_SP_POP_TOTL,TSA,_T,_T,_T,_Z,_Z,_Z,2020,A,PS,
1168133785,P1Y,0,,A,PU,_Z,2,,,False,WB_WDI,WB_WDI_SP_POP_TOTL,SSF,_T,_T,_T,_Z,_Z,_Z,2020,A,PS,
1168035323,P1Y,0,,A,PU,_Z,2,,,False,WB_WDI,WB_WDI_SP_POP_TOTL,SSA,_T,_T,_T,_Z,_Z,_Z,2020,A,PS,
1168133785,P1Y,0,,A,PU,_Z,2,,,False,WB_WDI,WB_WDI_SP_POP_TOTL,TSS,_T,_T,_T,_Z,_Z,_Z,2020,A,PS,
3027927471,P1Y,0,,A,PU,_Z,2,,,False,WB_WDI,WB_WDI_SP_POP_TOTL,UMC,_T,_T,_T,_Z,_Z,_Z,2020,A,PS,
7853863139,P1Y,0,,A,PU,_Z,2,,,False,WB_WDI,WB_WDI_SP_POP_TOTL,WLD,_T,_T,_T,_Z,_Z,_Z,2020,A,PS,
39068979,P1Y,0,,A,PU,_Z,2,,,False,WB_WDI,WB_WDI_SP_POP_TOTL,AFG,_T,_T,_T,_Z,_Z,_Z,2020,A,PS,
2528480,P1Y,0,,A,PU,_Z,2,,,False,WB_WDI,WB_WDI_SP_POP_TOTL,ALB,_T,_T,_T,_Z,_Z,_Z,2020,A,PS,
669788208,P1Y,0,,A,PU,_Z,2,,,False,WB_WDI,WB_WDI_SP_POP_TOTL,PRE,_T,_T,_T,_Z,_Z,_Z,2006,A,PS,
16868546,P1Y,0,,A,PU,_Z,2,,,False,WB_WDI,WB_WDI_SP_POP_TOTL,SST,_T,_T,_T,_Z,_Z,_Z,2006,A,PS,
1367187349,P1Y,0,,A,PU,_Z,2,,,False,WB_WDI,WB_WDI_SP_POP_TOTL,SAS,_T,_T,_T,_Z,_Z,_Z,2006,A,PS,
1367187349,P1Y,0,,A,PU,_Z,2,,,False,WB_WDI,WB_WDI_SP_POP_TOTL,TSA,_T,_T,_T,_Z,_Z,_Z,2006,A,PS,
800828364,P1Y,0,,A,PU,_Z,2,,,False,WB_WDI,WB_WDI_SP_POP_TOTL,SSF,_T,_T,_T,_Z,_Z,_Z,2006,A,PS,
800743764,P1Y,0,,A,PU,_Z,2,,,False,WB_WDI,WB_WDI_SP_POP_TOTL,SSA,_T,_T,_T,_Z,_Z,_Z,2006,A,PS,
800828364,P1Y,0,,A,PU,_Z,2,,,False,WB_WDI,WB_WDI_SP_POP_TOTL,TSS,_T,_T,_T,_Z,_Z,_Z,2006,A,PS,
2691900432,P1Y,0,,A,PU,_Z,2,,,False,WB_WDI,WB_WDI_SP_POP_TOTL,UMC,_T,_T,_T,_Z,_Z,_Z,2006,A,PS,
6659536021,P1Y,0,,A,PU,_Z,2,,,False,WB_WDI,WB_WDI_SP_POP_TOTL,WLD,_T,_T,_T,_Z,_Z,_Z,2006,A,PS,
25424094,P1Y,0,,A,PU,_Z,2,,,False,WB_WDI,WB_WDI_SP_POP_TOTL,AFG,_T,_T,_T,_Z,_Z,_Z,2006,A,PS,
2992547,P1Y,0,,A,PU,_Z,2,,,False,WB_WDI,WB_WDI_SP_POP_TOTL,ALB,_T,_T,_T,_Z,_Z,_Z,2006,A,PS,
33623506,P1Y,0,,A,PU,_Z,2,,,False,WB_WDI,WB_WDI_SP_POP_TOTL,DZA,_T,_T,_T,_Z,_Z,_Z,2006,A,PS,
56374,P1Y,0,,A,PU,_Z,2,,,False,WB_WDI,WB_WDI_SP_POP_TOTL,ASM,_T,_T,_T,_Z,_Z,_Z,2006,A,PS,
79585,P1Y,0,,A,PU,_Z,2,,,False,WB_WDI,WB_WDI_SP_POP_TOTL,AND,_T,_T,_T,_Z,_Z,_Z,2006,A,PS,
4520892472,P1Y,0,,A,PU,_Z,2,,,False,WB_WDI,WB_WDI_SP_POP_TOTL,MIC,_T,_T,_T,_Z,_Z,_Z,2000,A,PS,
312909691,P1Y,0,,A,PU,_Z,2,,,False,WB_WDI,WB_WDI_SP_POP_TOTL,NAC,_T,_T,_T,_Z,_Z,_Z,2000,A,PS,
1202226474,P1Y,0,,A,PU,_Z,2,,,False,WB_WDI,WB_WDI_SP_POP_TOTL,OED,_T,_T,_T,_Z,_Z,_Z,2000,A,PS,
9788238,P1Y,0,,A,PU,_Z,2,,,False,WB_WDI,WB_WDI_SP_POP_TOTL,OSS,_T,_T,_T,_Z,_Z,_Z,2000,A,PS,
2042274,P1Y,0,,A,PU,_Z,2,,,False,WB_WDI,WB_WDI_SP_POP_TOTL,PSS,_T,_T,_T,_Z,_Z,_Z,2000,A,PS,
1021150563,P1Y,0,,A,PU,_Z,2,,,False,WB_WDI,WB_WDI_SP_POP_TOTL,PST,_T,_T,_T,_Z,_Z,_Z,2000,A,PS,
562071710,P1Y,0,,A,PU,_Z,2,,,False,WB_WDI,WB_WDI_SP_POP_TOTL,PRE,_T,_T,_T,_Z,_Z,_Z,2000,A,PS,
15786741,P1Y,0,,A,PU,_Z,2,,,False,WB_WDI,WB_WDI_SP_POP_TOTL,SST,_T,_T,_T,_Z,_Z,_Z,2000,A,PS,
1237185482,P1Y,0,,A,PU,_Z,2,,,False,WB_WDI,WB_WDI_SP_POP_TOTL,SAS,_T,_T,_T,_Z,_Z,_Z,2000,A,PS,
1237185482,P1Y,0,,A,PU,_Z,2,,,False,WB_WDI,WB_WDI_SP_POP_TOTL,TSA,_T,_T,_T,_Z,_Z,_Z,2000,A,PS,
680768792,P1Y,0,,A,PU,_Z,2,,,False,WB_WDI,WB_WDI_SP_POP_TOTL,SSF,_T,_T,_T,_Z,_Z,_Z,2000,A,PS,
680687661,P1Y,0,,A,PU,_Z,2,,,False,WB_WDI,WB_WDI_SP_POP_TOTL,SSA,_T,_T,_T,_Z,_Z,_Z,2000,A,PS,
680768792,P1Y,0,,A,PU,_Z,2,,,False,WB_WDI,WB_WDI_SP_POP_TOTL,TSS,_T,_T,_T,_Z,_Z,_Z,2000,A,PS,
2546593734,P1Y,0,,A,PU,_Z,2,,,False,WB_WDI,WB_WDI_SP_POP_TOTL,UMC,_T,_T,_T,_Z,_Z,_Z,2000,A,PS,
1364143219,P1Y,0,,A,PU,_Z,2,,,False,WB_WDI,WB_WDI_SP_POP_TOTL,OED,_T,_T,_T,_Z,_Z,_Z,2019,A,PS,
12281907,P1Y,0,,A,PU,_Z,2,,,False,WB_WDI,WB_WDI_SP_POP_TOTL,OSS,_T,_T,_T,_Z,_Z,_Z,2019,A,PS,
2568656,P1Y,0,,A,PU,_Z,2,,,False,WB_WDI,WB_WDI_SP_POP_TOTL,PSS,_T,_T,_T,_Z,_Z,_Z,2019,A,PS,
1114895817,P1Y,0,,A,PU,_Z,2,,,False,WB_WDI,WB_WDI_SP_POP_TOTL,PST,_T,_T,_T,_Z,_Z,_Z,2019,A,PS,
971459360,P1Y,0,,A,PU,_Z,2,,,False,WB_WDI,WB_WDI_SP_POP_TOTL,PRE,_T,_T,_T,_Z,_Z,_Z,2019,A,PS,
19293697,P1Y,0,,A,PU,_Z,2,,,False,WB_WDI,WB_WDI_SP_POP_TOTL,SST,_T,_T,_T,_Z,_Z,_Z,2019,A,PS,
1605412986,P1Y,0,,A,PU,_Z,2,,,False,WB_WDI,WB_WDI_SP_POP_TOTL,SAS,_T,_T,_T,_Z,_Z,_Z,2019,A,PS,
1605412986,P1Y,0,,A,PU,_Z,2,,,False,WB_WDI,WB_WDI_SP_POP_TOTL,TSA,_T,_T,_T,_Z,_Z,_Z,2019,A,PS,
1138472475,P1Y,0,,A,PU,_Z,2,,,False,WB_WDI,WB_WDI_SP_POP_TOTL,SSF,_T,_T,_T,_Z,_Z,_Z,2019,A,PS,
1138374850,P1Y,0,,A,PU,_Z,2,,,False,WB_WDI,WB_WDI_SP_POP_TOTL,SSA,_T,_T,_T,_Z,_Z,_Z,2019,A,PS,
1138472475,P1Y,0,,A,PU,_Z,2,,,False,WB_WDI,WB_WDI_SP_POP_TOTL,TSS,_T,_T,_T,_Z,_Z,_Z,2019,A,PS,
3010528196,P1Y,0,,A,PU,_Z,2,,,False,WB_WDI,WB_WDI_SP_POP_TOTL,UMC,_T,_T,_T,_Z,_Z,_Z,2019,A,PS,
7777162476,P1Y,0,,A,PU,_Z,2,,,False,WB_WDI,WB_WDI_SP_POP_TOTL,WLD,_T,_T,_T,_Z,_Z,_Z,2019,A,PS,
1292701737,P1Y,0,,A,PU,_Z,2,,,False,WB_WDI,WB_WDI_SP_POP_TOTL,OED,_T,_T,_T,_Z,_Z,_Z,2010,A,PS,
11112466,P1Y,0,,A,PU,_Z,2,,,False,WB_WDI,WB_WDI_SP_POP_TOTL,OSS,_T,_T,_T,_Z,_Z,_Z,2010,A,PS,
2289399,P1Y,0,,A,PU,_Z,2,,,False,WB_WDI,WB_WDI_SP_POP_TOTL,PSS,_T,_T,_T,_Z,_Z,_Z,2010,A,PS,
1076208648,P1Y,0,,A,PU,_Z,2,,,False,WB_WDI,WB_WDI_SP_POP_TOTL,PST,_T,_T,_T,_Z,_Z,_Z,2010,A,PS,
751639870,P1Y,0,,A,PU,_Z,2,,,False,WB_WDI,WB_WDI_SP_POP_TOTL,PRE,_T,_T,_T,_Z,_Z,_Z,2010,A,PS,
17575200,P1Y,0,,A,PU,_Z,2,,,False,WB_WDI,WB_WDI_SP_POP_TOTL,SST,_T,_T,_T,_Z,_Z,_Z,2010,A,PS,
1444967010,P1Y,0,,A,PU,_Z,2,,,False,WB_WDI,WB_WDI_SP_POP_TOTL,SAS,_T,_T,_T,_Z,_Z,_Z,2010,A,PS,
1444967010,P1Y,0,,A,PU,_Z,2,,,False,WB_WDI,WB_WDI_SP_POP_TOTL,TSA,_T,_T,_T,_Z,_Z,_Z,2010,A,PS,
894259855,P1Y,0,,A,PU,_Z,2,,,False,WB_WDI,WB_WDI_SP_POP_TOTL,SSF,_T,_T,_T,_Z,_Z,_Z,2010,A,PS,
894170085,P1Y,0,,A,PU,_Z,2,,,False,WB_WDI,WB_WDI_SP_POP_TOTL,SSA,_T,_T,_T,_Z,_Z,_Z,2010,A,PS,
894259855,P1Y,0,,A,PU,_Z,2,,,False,WB_WDI,WB_WDI_SP_POP_TOTL,TSS,_T,_T,_T,_Z,_Z,_Z,2010,A,PS,
2785553248,P1Y,0,,A,PU,_Z,2,,,False,WB_WDI,WB_WDI_SP_POP_TOTL,UMC,_T,_T,_T,_Z,_Z,_Z,2010,A,PS,
7000860073,P1Y,0,,A,PU,_Z,2,,,False,WB_WDI,WB_WDI_SP_POP_TOTL,WLD,_T,_T,_T,_Z,_Z,_Z,2010,A,PS,
1331674197,P1Y,0,,A,PU,_Z,2,,,False,WB_WDI,WB_WDI_SP_POP_TOTL,OED,_T,_T,_T,_Z,_Z,_Z,2015,A,PS,
11722398,P1Y,0,,A,PU,_Z,2,,,False,WB_WDI,WB_WDI_SP_POP_TOTL,OSS,_T,_T,_T,_Z,_Z,_Z,2015,A,PS,
2445989,P1Y,0,,A,PU,_Z,2,,,False,WB_WDI,WB_WDI_SP_POP_TOTL,PSS,_T,_T,_T,_Z,_Z,_Z,2015,A,PS,
1097889139,P1Y,0,,A,PU,_Z,2,,,False,WB_WDI,WB_WDI_SP_POP_TOTL,PST,_T,_T,_T,_Z,_Z,_Z,2015,A,PS,
869996107,P1Y,0,,A,PU,_Z,2,,,False,WB_WDI,WB_WDI_SP_POP_TOTL,PRE,_T,_T,_T,_Z,_Z,_Z,2015,A,PS,
18482578,P1Y,0,,A,PU,_Z,2,,,False,WB_WDI,WB_WDI_SP_POP_TOTL,SST,_T,_T,_T,_Z,_Z,_Z,2015,A,PS,
1537370078,P1Y,0,,A,PU,_Z,2,,,False,WB_WDI,WB_WDI_SP_POP_TOTL,SAS,_T,_T,_T,_Z,_Z,_Z,2015,A,PS,
1537370078,P1Y,0,,A,PU,_Z,2,,,False,WB_WDI,WB_WDI_SP_POP_TOTL,TSA,_T,_T,_T,_Z,_Z,_Z,2015,A,PS,
1024659421,P1Y,0,,A,PU,_Z,2,,,False,WB_WDI,WB_WDI_SP_POP_TOTL,SSF,_T,_T,_T,_Z,_Z,_Z,2015,A,PS,
1024566002,P1Y,0,,A,PU,_Z,2,,,False,WB_WDI,WB_WDI_SP_POP_TOTL,SSA,_T,_T,_T,_Z,_Z,_Z,2015,A,PS,
1024659421,P1Y,0,,A,PU,_Z,2,,,False,WB_WDI,WB_WDI_SP_POP_TOTL,TSS,_T,_T,_T,_Z,_Z,_Z,2015,A,PS,
2916662642,P1Y,0,,A,PU,_Z,2,,,False,WB_WDI,WB_WDI_SP_POP_TOTL,UMC,_T,_T,_T,_Z,_Z,_Z,2015,A,PS,
7441084771,P1Y,0,,A,PU,_Z,2,,,False,WB_WDI,WB_WDI_SP_POP_TOTL,WLD,_T,_T,_T,_Z,_Z,_Z,2015,A,PS,
